environment_id,family,dimension,map_index,seed_index,seed,algorithm,success,budget_limit,expansion_attempts,added_nodes,total_nodes,collision_checks,collision_rejections,rewire_attempts,rewire_successes,first_solution_attempt,first_solution_time_s,first_solution_nodes,first_solution_cost_mm,first_solution_efficiency,fixed_budget_time_s,fixed_budget_cost_mm,fixed_budget_efficiency,path_valid,pareto_start_index,gamma_a_final,gamma_b_final,p_a_final,p_b_final,feedback_updates,pid_improvement_ema_final
evaluation-2d-00,uniform_clutter,2,0,0,20000000,SC-RRT,1,5000,5000,3215,3217,15367,1302,8788,3106,497.0,0.04243326798314229,184.0,2627.616127963768,0.7265857021067895,1.1811865799827501,2035.1718536324838,0.9380968520157433,1,,1.289592960566407,1.289592960566407,0.9466974734271422,0.9466974734271422,99,0.12697741526405762
evaluation-2d-00,uniform_clutter,2,0,0,20000000,SC-RRT-no-ADCS,1,5000,5000,3541,3543,15778,1230,8425,2823,497.0,0.03067562700016424,184.0,2627.616127963768,0.7265857021067895,1.1907854919554666,2050.8170053746508,0.9309403541126288,1,,4.0,4.0,0.0,0.0,0,0.0
evaluation-2d-00,uniform_clutter,2,0,0,20000000,SC-RRT-no-SSFOR,1,5000,5000,3078,3080,14368,1165,8530,2921,497.0,0.0323008350096643,184.0,2627.616127963768,0.7265857021067895,1.1669854950159788,2199.6288652659036,0.867959290474616,1,,1.5,1.5,0.8,0.8,0,0.0
evaluation-2d-00,uniform_clutter,2,0,1,20000001,SC-RRT-no-ADCS,1,5000,5000,3649,3651,15897,1079,8496,2900,324.0,0.020714326994493604,144.0,2090.033038607674,0.9134727891552998,1.1853755899937823,1992.9124950858989,0.9579890305827944,1,,4.0,4.0,0.0,0.0,0,0.0
evaluation-2d-00,uniform_clutter,2,0,1,20000001,SC-RRT-no-SSFOR,1,5000,5000,3050,3052,14198,1011,8815,2983,324.0,0.021633277996443212,144.0,2090.033038607674,0.9134727891552998,1.0702123699593358,1972.5055055096027,0.9679001168163704,1,,1.5,1.5,0.8,0.8,0,0.0
evaluation-2d-00,uniform_clutter,2,0,1,20000001,SC-RRT,1,5000,5000,3313,3315,15606,1104,9103,3425,324.0,0.020970612997189164,144.0,2090.033038607674,0.9134727891552998,1.1498610129929148,1978.648051522551,0.9648953525284983,1,,1.2900223391382892,1.2900223391382892,0.9463931691181464,0.9463931691181464,99,0.029155298989306893
evaluation-2d-00,uniform_clutter,2,0,2,20000002,SC-RRT-no-SSFOR,1,5000,5000,3107,3109,14314,978,8798,3153,119.0,0.010110179951880127,93.0,2068.28327938495,0.9230787330889305,1.0248681399971247,1956.3440664178027,0.9758959796369205,1,,1.5,1.5,0.8,0.8,0,0.0
evaluation-2d-00,uniform_clutter,2,0,2,20000002,SC-RRT,1,5000,5000,3309,3311,16585,1182,9848,3437,119.0,0.009588196990080178,93.0,2068.28327938495,0.9230787330889305,1.2993345700087957,1950.7908440641386,0.9786740157269815,1,,1.2855643856278547,1.2855643856278547,0.9495516685216646,0.9495516685216646,99,0.03252544408772917
evaluation-2d-00,uniform_clutter,2,0,2,20000002,SC-RRT-no-ADCS,1,5000,5000,3518,3520,15204,1135,8060,2691,119.0,0.009540992963593453,93.0,2068.28327938495,0.9230787330889305,1.0940401909756474,1993.1798125939931,0.9578605488277521,1,,4.0,4.0,0.0,0.0,0,0.0
evaluation-2d-00,uniform_clutter,2,0,3,20000003,SC-RRT,1,5000,5000,3293,3295,15345,1108,8832,2927,287.0,0.019490071979817003,126.0,2162.184475477498,0.8829904806258736,1.196147585986182,2004.5925672766036,0.9524071576287746,1,,1.291705260641283,1.291705260641283,0.9452003033215763,0.9452003033215763,99,0.03460439321433941
evaluation-2d-00,uniform_clutter,2,0,3,20000003,SC-RRT-no-ADCS,1,5000,5000,3568,3570,16076,1134,8766,3197,287.0,0.018701774009969085,126.0,2162.184475477498,0.8829904806258736,1.161808667005971,2017.3592291017474,0.9463799414910187,1,,4.0,4.0,0.0,0.0,0,0.0
evaluation-2d-00,uniform_clutter,2,0,3,20000003,SC-RRT-no-SSFOR,1,5000,5000,2970,2972,14520,1252,8773,3036,287.0,0.01979810296325013,126.0,2162.184475477498,0.8829904806258736,1.155796797014773,1991.4758770927972,0.9586801081370645,1,,1.5,1.5,0.8,0.8,0,0.0
evaluation-2d-00,uniform_clutter,2,0,4,20000004,SC-RRT-no-ADCS,1,5000,5000,3576,3578,15674,1161,8359,2847,416.0,0.028929765976499766,164.0,2143.4104097263235,0.8907245670452112,1.1429542179685086,1997.0831753939813,0.9559883798164975,1,,4.0,4.0,0.0,0.0,0,0.0
evaluation-2d-00,uniform_clutter,2,0,4,20000004,SC-RRT-no-SSFOR,1,5000,5000,3030,3032,14103,1129,8491,3145,416.0,0.027320371009409428,164.0,2143.4104097263235,0.8907245670452112,1.158494253992103,1969.055087235724,0.9695961893498418,1,,1.5,1.5,0.8,0.8,0,0.0
evaluation-2d-00,uniform_clutter,2,0,4,20000004,SC-RRT,1,5000,5000,3318,3320,16417,1179,9757,2762,416.0,0.02994586998829618,164.0,2143.4104097263235,0.8907245670452112,1.201208682032302,1946.9168236944815,0.9806214040416943,1,,1.2863880924262423,1.2863880924262423,0.9489682185617883,0.9489682185617883,99,0.04330207111860224
evaluation-2d-00,uniform_clutter,2,0,5,20000005,SC-RRT-no-SSFOR,1,5000,5000,3201,3203,15473,1061,9566,3426,254.0,0.01843969098990783,140.0,2084.1828846894764,0.916036842653628,1.200725018978119,1982.9203636732789,0.9628164318545728,1,,1.5,1.5,0.8,0.8,0,0.0
evaluation-2d-00,uniform_clutter,2,0,5,20000005,SC-RRT,1,5000,5000,3376,3378,16499,1231,9558,3297,254.0,0.021000897977501154,140.0,2084.1828846894764,0.916036842653628,1.5906222769990563,1971.4675951866004,0.9684096831543267,1,,1.3142035761384452,1.3142035761384452,0.929235170030608,0.929235170030608,99,0.019111360843297075
evaluation-2d-00,uniform_clutter,2,0,5,20000005,SC-RRT-no-ADCS,1,5000,5000,3522,3524,15287,1206,8044,2682,254.0,0.01801345101557672,140.0,2084.1828846894764,0.916036842653628,1.1350136239780113,1987.2858256117383,0.9607014172790068,1,,4.0,4.0,0.0,0.0,0,0.0
evaluation-2d-00,uniform_clutter,2,0,6,20000006,SC-RRT,1,5000,5000,3373,3375,17388,1178,10571,3726,246.0,0.018094602972269058,137.0,2221.1935412088474,0.8595326223416959,1.3589199620182626,1967.6026211764142,0.970311936290362,1,,1.2888818542949874,1.2888818542949874,0.947201401792542,0.947201401792542,99,0.05604098992173732
evaluation-2d-00,uniform_clutter,2,0,6,20000006,SC-RRT-no-ADCS,1,5000,5000,3505,3507,15645,1201,8458,2851,246.0,0.018176842015236616,137.0,2221.1935412088474,0.8595326223416959,1.1388359789852984,1989.9521582207076,0.959414175520057,1,,4.0,4.0,0.0,0.0,0,0.0
evaluation-2d-00,uniform_clutter,2,0,6,20000006,SC-RRT-no-SSFOR,1,5000,5000,3138,3140,15083,1005,9391,3558,246.0,0.02048879599897191,137.0,2221.1935412088474,0.8595326223416959,1.1031692430260591,1983.691769409392,0.9624420177798612,1,,1.5,1.5,0.8,0.8,0,0.0
evaluation-2d-00,uniform_clutter,2,0,7,20000007,SC-RRT-no-ADCS,1,5000,5000,3709,3711,16218,952,8814,3065,130.0,0.010995257995091379,98.0,2031.4534639994306,0.9398139524421877,1.2103824699879624,1993.095190789793,0.9579012171752492,1,,4.0,4.0,0.0,0.0,0,0.0
evaluation-2d-00,uniform_clutter,2,0,7,20000007,SC-RRT-no-SSFOR,1,5000,5000,3104,3106,13821,928,8404,2856,130.0,0.01138467900454998,98.0,2031.4534639994306,0.9398139524421877,1.0094753380399197,1952.4830006464242,0.9778258292500308,1,,1.5,1.5,0.8,0.8,0,0.0
evaluation-2d-00,uniform_clutter,2,0,7,20000007,SC-RRT,1,5000,5000,3475,3477,16908,996,10068,3627,130.0,0.011265225009992719,98.0,2031.4534639994306,0.9398139524421877,1.2695369059802033,1960.9027346919775,0.9736272357759639,1,,1.3407632504557077,1.3407632504557077,0.9103786817243421,0.9103786817243421,99,0.018538903682159064
evaluation-2d-00,uniform_clutter,2,0,8,20000008,SC-RRT-no-SSFOR,1,5000,5000,3077,3079,14520,923,9172,3461,177.0,0.01299229299183935,103.0,2047.172148973989,0.9325978326544418,1.0677010019426234,1966.3162700798378,0.9709467079404068,1,,1.5,1.5,0.8,0.8,0,0.0
evaluation-2d-00,uniform_clutter,2,0,8,20000008,SC-RRT,1,5000,5000,3334,3336,15255,1075,8704,3036,177.0,0.013069982000160962,103.0,2047.172148973989,0.9325978326544418,1.1725715639768168,1979.025046852279,0.9647115443234642,1,,1.3459309258252652,1.3459309258252652,0.9067131308492538,0.9067131308492538,99,0.014446088215358418
evaluation-2d-00,uniform_clutter,2,0,8,20000008,SC-RRT-no-ADCS,1,5000,5000,3615,3617,15687,1047,8384,2893,177.0,0.01382434502011165,103.0,2047.172148973989,0.9325978326544418,1.1218859410146251,1988.011166702801,0.9603508980133881,1,,4.0,4.0,0.0,0.0,0,0.0
evaluation-2d-00,uniform_clutter,2,0,9,20000009,SC-RRT,1,5000,5000,3417,3419,16314,1005,9639,3437,251.0,0.01743306702701375,131.0,2247.383994543495,0.849515843237767,1.2946870760060847,1978.9630021568871,0.9647417900803801,1,,1.2883106726931737,1.2883106726931737,0.9476061362630164,0.9476061362630164,99,0.08581104671493021
evaluation-2d-00,uniform_clutter,2,0,9,20000009,SC-RRT-no-ADCS,1,5000,5000,3659,3661,16494,1016,9149,3409,251.0,0.018973268975969404,131.0,2247.383994543495,0.849515843237767,1.331572742026765,2080.5206533947453,0.9176492942228152,1,,4.0,4.0,0.0,0.0,0,0.0
evaluation-2d-00,uniform_clutter,2,0,9,20000009,SC-RRT-no-SSFOR,1,5000,5000,3174,3176,14619,1034,8744,2852,251.0,0.016542889003176242,131.0,2247.383994543495,0.849515843237767,1.0903023990103975,2000.9651150889958,0.9541337301718847,1,,1.5,1.5,0.8,0.8,0,0.0
evaluation-2d-00,uniform_clutter,2,0,10,20000010,SC-RRT-no-ADCS,1,5000,5000,3647,3649,15995,1096,8534,2785,141.0,0.010759260971099138,98.0,2060.2512147663774,0.9266774340527065,1.176854205026757,2004.753948599414,0.9523304895034621,1,,4.0,4.0,0.0,0.0,0,0.0
evaluation-2d-00,uniform_clutter,2,0,10,20000010,SC-RRT-no-SSFOR,1,5000,5000,3110,3112,14331,949,8869,3129,141.0,0.011009042034856975,98.0,2060.2512147663774,0.9266774340527065,1.0475796909886412,1954.4648432719732,0.9768343062172982,1,,1.5,1.5,0.8,0.8,0,0.0
evaluation-2d-00,uniform_clutter,2,0,10,20000010,SC-RRT,1,5000,5000,3432,3434,16030,1064,9220,3026,141.0,0.010512524051591754,98.0,2060.2512147663774,0.9266774340527065,1.2208095410023816,1991.4383895567853,0.9586981546682884,1,,1.334188988598917,1.334188988598917,0.9150442917464634,0.9150442917464634,99,0.01653159591892696
evaluation-2d-00,uniform_clutter,2,0,11,20000011,SC-RRT-no-SSFOR,1,5000,5000,3027,3029,14285,1027,8784,3416,249.0,0.016753820003941655,115.0,2177.18586528185,0.8769064413141053,1.0687067339895293,1971.68547404055,0.9683026701470813,1,,1.5,1.5,0.8,0.8,0,0.0
evaluation-2d-00,uniform_clutter,2,0,11,20000011,SC-RRT,1,5000,5000,3303,3305,15670,1164,9037,3170,249.0,0.016275216010399163,115.0,2177.18586528185,0.8769064413141053,1.2256460770149715,1984.2614692437835,0.9621656917680732,1,,1.2861447515858269,1.2861447515858269,0.9491405898609611,0.9491405898609611,99,0.03549670066110978
evaluation-2d-00,uniform_clutter,2,0,11,20000011,SC-RRT-no-ADCS,1,5000,5000,3582,3584,16172,1133,8861,2847,249.0,0.01665934902848676,115.0,2177.18586528185,0.8769064413141053,1.2204991320031695,1991.9599209721782,0.9584471500169024,1,,4.0,4.0,0.0,0.0,0,0.0
evaluation-2d-00,uniform_clutter,2,0,12,20000012,SC-RRT,1,5000,5000,3001,3003,14364,1363,8235,2809,560.0,0.033545073005370796,168.0,2200.969273632081,0.8674306961373885,1.105384110007435,1992.4971775412544,0.9581887145052926,1,,1.286992220089093,1.286992220089093,0.948540255777644,0.948540255777644,99,0.06639181009532508
evaluation-2d-00,uniform_clutter,2,0,12,20000012,SC-RRT-no-ADCS,1,5000,5000,3361,3363,14774,1370,7654,2377,560.0,0.03494889399735257,168.0,2200.969273632081,0.8674306961373885,1.1363432449870743,2038.9388983302288,0.9363636697338951,1,,4.0,4.0,0.0,0.0,0,0.0
evaluation-2d-00,uniform_clutter,2,0,12,20000012,SC-RRT-no-SSFOR,1,5000,5000,2937,2939,13857,1319,8181,3010,560.0,0.03809253702638671,168.0,2200.969273632081,0.8674306961373885,1.1450987849966623,1970.9546252163364,0.9686617260375142,1,,1.5,1.5,0.8,0.8,0,0.0
evaluation-2d-00,uniform_clutter,2,0,13,20000013,SC-RRT-no-ADCS,1,5000,5000,3669,3671,16397,1030,8989,3115,225.0,0.017023589985910803,107.0,2215.0220846303696,0.8619274374062382,1.4152605390409008,2045.2871465552353,0.9334573448130348,1,,4.0,4.0,0.0,0.0,0,0.0
evaluation-2d-00,uniform_clutter,2,0,13,20000013,SC-RRT-no-SSFOR,1,5000,5000,3056,3058,14303,986,8819,3436,225.0,0.015123915974982083,107.0,2215.0220846303696,0.8619274374062382,1.0628164669615217,1989.4059945402023,0.9596775693062772,1,,1.5,1.5,0.8,0.8,0,0.0
evaluation-2d-00,uniform_clutter,2,0,13,20000013,SC-RRT,1,5000,5000,3360,3362,16264,1024,9731,3742,225.0,0.014815492031630129,107.0,2215.0220846303696,0.8619274374062382,1.2305415350128897,2008.578901248599,0.9505169590384842,1,,1.2853356376417504,1.2853356376417504,0.9497136828897104,0.9497136828897104,99,0.029624273408894803
evaluation-2d-00,uniform_clutter,2,0,14,20000014,SC-RRT-no-SSFOR,1,5000,5000,2910,2912,13564,1436,7809,2864,788.0,0.042805381992366165,192.0,2402.1027037315753,0.7947987845140122,1.0265305879875086,1999.9042461441725,0.9546398598255916,1,,1.5,1.5,0.8,0.8,0,0.0
evaluation-2d-00,uniform_clutter,2,0,14,20000014,SC-RRT,1,5000,5000,2954,2956,14591,1554,8324,2353,788.0,0.049923589976970106,192.0,2402.1027037315753,0.7947987845140122,1.1327927579986863,2027.0618946409077,0.9418500314426212,1,,1.2870678021548867,1.2870678021548867,0.9484867109217114,0.9484867109217114,99,0.08155933823110399
evaluation-2d-00,uniform_clutter,2,0,14,20000014,SC-RRT-no-ADCS,1,5000,5000,3122,3124,13814,1629,6937,2233,788.0,0.04656410403549671,192.0,2402.1027037315753,0.7947987845140122,1.0519531690515578,2113.415930535707,0.9033661011156184,1,,4.0,4.0,0.0,0.0,0,0.0
evaluation-2d-00,uniform_clutter,2,0,15,20000015,SC-RRT,1,5000,5000,3277,3279,15727,1127,9221,3160,184.0,0.014331933984067291,117.0,2095.9138418891994,0.9109097287523938,1.376659222994931,1970.640383181535,0.9688161906645573,1,,1.2854352501339152,1.2854352501339152,0.9496431314698989,0.9496431314698989,99,0.03118779510180656
evaluation-2d-00,uniform_clutter,2,0,15,20000015,SC-RRT-no-ADCS,1,5000,5000,3501,3503,15910,1173,8725,3025,184.0,0.01408957300009206,117.0,2095.9138418891994,0.9109097287523938,1.3077941700466909,1996.6039798872796,0.9562178220798014,1,,4.0,4.0,0.0,0.0,0,0.0
evaluation-2d-00,uniform_clutter,2,0,15,20000015,SC-RRT-no-SSFOR,1,5000,5000,3195,3197,15293,924,9656,3419,184.0,0.014459263999015093,117.0,2095.9138418891994,0.9109097287523938,1.251139926025644,1976.7920053599346,0.9658013104196326,1,,1.5,1.5,0.8,0.8,0,0.0
evaluation-2d-00,uniform_clutter,2,0,16,20000016,SC-RRT-no-ADCS,1,5000,5000,3492,3494,15034,1207,7825,2449,120.0,0.010684252018108964,97.0,2077.3350996243485,0.9190564919203085,1.1315679629915394,1993.4865704895328,0.9577131531590134,1,,4.0,4.0,0.0,0.0,0,0.0
evaluation-2d-00,uniform_clutter,2,0,16,20000016,SC-RRT-no-SSFOR,1,5000,5000,3068,3070,14453,952,9099,3612,120.0,0.010403216001577675,97.0,2077.3350996243485,0.9190564919203085,1.1305091290269047,1988.3226197731062,0.9602004675788187,1,,1.5,1.5,0.8,0.8,0,0.0
evaluation-2d-00,uniform_clutter,2,0,16,20000016,SC-RRT,1,5000,5000,3319,3321,16096,1182,9363,3458,120.0,0.010349643009249121,97.0,2077.3350996243485,0.9190564919203085,1.2856940919882618,1988.1293009738956,0.9602938341427051,1,,1.3441287599730156,1.3441287599730156,0.9079912353978872,0.9079912353978872,99,0.013522333505639729
evaluation-2d-00,uniform_clutter,2,0,17,20000017,SC-RRT-no-SSFOR,1,5000,5000,3062,3064,14339,1067,8967,3196,243.0,0.017804800008889288,131.0,2105.5841257735783,0.9067262076276599,1.0943375559872948,1978.7199112061624,0.9648603111492925,1,,1.5,1.5,0.8,0.8,0,0.0
evaluation-2d-00,uniform_clutter,2,0,17,20000017,SC-RRT,1,5000,5000,3321,3323,15969,1109,9476,2880,243.0,0.017772009945474565,131.0,2105.5841257735783,0.9067262076276599,1.2866241289884783,1964.7894092403906,0.9717012419879603,1,,1.2859984255414618,1.2859984255414618,0.9492442373750999,0.9492442373750999,99,0.0411371524995894
evaluation-2d-00,uniform_clutter,2,0,17,20000017,SC-RRT-no-ADCS,1,5000,5000,3576,3578,16189,1133,8949,2573,243.0,0.01854603097308427,131.0,2105.5841257735783,0.9067262076276599,1.238293269998394,1982.4397796847563,0.9630498382691219,1,,4.0,4.0,0.0,0.0,0,0.0
evaluation-2d-00,uniform_clutter,2,0,18,20000018,SC-RRT,1,5000,5000,3304,3306,15558,1161,8886,2951,277.0,0.019055352022405714,106.0,2125.5483220265814,0.8982097887021373,1.392535504011903,1959.0470820087126,0.974549477006999,1,,1.2874907622732568,1.2874907622732568,0.9481870610038428,0.9481870610038428,99,0.0502340046073022
evaluation-2d-00,uniform_clutter,2,0,18,20000018,SC-RRT-no-ADCS,1,5000,5000,3647,3649,15901,1083,8421,2617,277.0,0.01809322601184249,106.0,2125.5483220265814,0.8982097887021373,1.2015651949914172,2000.794314828684,0.9542151809678401,1,,4.0,4.0,0.0,0.0,0,0.0
evaluation-2d-00,uniform_clutter,2,0,18,20000018,SC-RRT-no-SSFOR,1,5000,5000,2922,2924,13167,1130,7803,2771,277.0,0.016448158014100045,106.0,2125.5483220265814,0.8982097887021373,1.0692911730147898,1954.3485772335762,0.9768924190106233,1,,1.5,1.5,0.8,0.8,0,0.0
evaluation-2d-00,uniform_clutter,2,0,19,20000019,SC-RRT-no-ADCS,1,5000,5000,3645,3647,15805,1033,8437,2892,204.0,0.014493916998617351,104.0,2170.8471721956867,0.8794669351470948,1.3102187759941444,2089.040469682912,0.9139068088486899,1,,4.0,4.0,0.0,0.0,0,0.0
evaluation-2d-00,uniform_clutter,2,0,19,20000019,SC-RRT-no-SSFOR,1,5000,5000,3113,3115,14024,954,8466,3036,204.0,0.014733486983459443,104.0,2170.8471721956867,0.8794669351470948,1.097049210977275,1976.0327834330385,0.9661723860101001,1,,1.5,1.5,0.8,0.8,0,0.0
evaluation-2d-00,uniform_clutter,2,0,19,20000019,SC-RRT,1,5000,5000,3358,3360,15206,1014,8686,3103,204.0,0.014341551985125989,104.0,2170.8471721956867,0.8794669351470948,1.3590855989605188,1965.724410091547,0.9712390502973732,1,,1.289334448536435,1.289334448536435,0.9468806746741005,0.9468806746741005,99,0.07890998447332517
evaluation-2d-00,uniform_clutter,2,0,20,20000020,SC-RRT-no-SSFOR,1,5000,5000,3101,3103,14579,1032,8877,3226,232.0,0.018241614976432174,142.0,2302.5026939422487,0.8291796201701054,1.138522063032724,1981.1393856942311,0.9636819715916456,1,,1.5,1.5,0.8,0.8,0,0.0
evaluation-2d-00,uniform_clutter,2,0,20,20000020,SC-RRT,1,5000,5000,3419,3421,16287,1035,9559,3493,232.0,0.017822910973336548,142.0,2302.5026939422487,0.8291796201701054,1.4140162509866059,1963.360809902158,0.9724082805232425,1,,1.289015244364317,1.289015244364317,0.9471068781028136,0.9471068781028136,99,0.07359718889356708
evaluation-2d-00,uniform_clutter,2,0,20,20000020,SC-RRT-no-ADCS,1,5000,5000,3664,3666,16410,1045,9005,3289,232.0,0.019574009987991303,142.0,2302.5026939422487,0.8291796201701054,1.3746866000001319,2031.7330308566095,0.9396846338609436,1,,4.0,4.0,0.0,0.0,0,0.0
evaluation-2d-00,uniform_clutter,2,0,21,20000021,SC-RRT,1,5000,5000,3409,3411,16277,1081,9473,3045,217.0,0.018176953017245978,115.0,2094.171724335508,0.9116675041582247,1.4780718780239113,1975.2307732929678,0.9665646845005417,1,,1.2865108451447222,1.2865108451447222,0.9488812638872257,0.9488812638872257,99,0.03278280756414717
evaluation-2d-00,uniform_clutter,2,0,21,20000021,SC-RRT-no-ADCS,1,5000,5000,3546,3548,15519,1139,8257,2608,217.0,0.016778863966464996,115.0,2094.171724335508,0.9116675041582247,1.279419214988593,2011.0745972693771,0.9493373899685077,1,,4.0,4.0,0.0,0.0,0,0.0
evaluation-2d-00,uniform_clutter,2,0,21,20000021,SC-RRT-no-SSFOR,1,5000,5000,3038,3040,13623,957,8291,2568,217.0,0.016404736961703748,115.0,2094.171724335508,0.9116675041582247,1.1188577229622751,1989.7660031024286,0.9595039347475461,1,,1.5,1.5,0.8,0.8,0,0.0
evaluation-2d-00,uniform_clutter,2,0,22,20000022,SC-RRT-no-ADCS,1,5000,5000,3218,3220,14693,1392,7891,2310,126.0,0.010533627006225288,93.0,2067.0559865282826,0.9236268014250787,0.9745772129972465,1980.3016863632974,0.9640896245004899,1,,4.0,4.0,0.0,0.0,0,0.0
evaluation-2d-00,uniform_clutter,2,0,22,20000022,SC-RRT-no-SSFOR,1,5000,5000,3188,3190,15127,911,9510,3439,126.0,0.01012644701404497,93.0,2067.0559865282826,0.9236268014250787,1.1119650389882736,1954.3771093303833,0.9768781572855262,1,,1.5,1.5,0.8,0.8,0,0.0
evaluation-2d-00,uniform_clutter,2,0,22,20000022,SC-RRT,1,5000,5000,3082,3084,15437,1338,9076,2767,126.0,0.009802312997635454,93.0,2067.0559865282826,0.9236268014250787,1.0764640669804066,1986.4531146786007,0.961104138374077,1,,1.3380280830013604,1.3380280830013604,0.9123194935927236,0.9123194935927236,99,0.01801249248741437
evaluation-2d-00,uniform_clutter,2,0,23,20000023,SC-RRT-no-SSFOR,1,5000,5000,3088,3090,13593,1084,7986,2553,327.0,0.022140632034279406,157.0,2198.944701487777,0.8682293410616223,1.0227475630235858,1982.861635829251,0.9628449482836648,1,,1.5,1.5,0.8,0.8,0,0.0
evaluation-2d-00,uniform_clutter,2,0,23,20000023,SC-RRT,1,5000,5000,3174,3176,14093,1153,7914,2492,327.0,0.02188560296781361,157.0,2198.944701487777,0.8682293410616223,1.0741636459715664,2029.139752674162,0.9408855682254501,1,,1.2885268334355966,1.2885268334355966,0.947452970366787,0.947452970366787,99,0.05602687780613293
evaluation-2d-00,uniform_clutter,2,0,23,20000023,SC-RRT-no-ADCS,1,5000,5000,3471,3473,14780,1199,7705,2358,327.0,0.021570855053141713,157.0,2198.944701487777,0.8682293410616223,1.0537419290049002,2069.844414147496,0.922382521195446,1,,4.0,4.0,0.0,0.0,0,0.0
evaluation-2d-00,uniform_clutter,2,0,24,20000024,SC-RRT,1,5000,5000,3408,3410,16463,1049,9727,3404,230.0,0.015331408008933067,117.0,2190.0094524270107,0.871771720933843,1.362776900001336,1980.2844600786693,0.9640980110139497,1,,1.281122912150884,1.281122912150884,0.95,0.95,99,0.04285098770340589
evaluation-2d-00,uniform_clutter,2,0,24,20000024,SC-RRT-no-ADCS,1,5000,5000,3616,3618,16530,1090,9158,3264,230.0,0.015684579964727163,117.0,2190.0094524270107,0.871771720933843,1.2805982870049775,2018.7962985099657,0.9457062659629468,1,,4.0,4.0,0.0,0.0,0,0.0
evaluation-2d-00,uniform_clutter,2,0,24,20000024,SC-RRT-no-SSFOR,1,5000,5000,3073,3075,14321,1006,8757,3336,230.0,0.016058095963671803,117.0,2190.0094524270107,0.871771720933843,1.1330216790083796,1949.34043046159,0.9794022015700953,1,,1.5,1.5,0.8,0.8,0,0.0
evaluation-2d-00,uniform_clutter,2,0,25,20000025,SC-RRT-no-ADCS,1,5000,5000,3636,3638,16231,1091,8837,2980,261.0,0.019982460013125092,149.0,2234.893381724294,0.8542637088712824,1.2949158279807307,1987.3062094323607,0.9606915633544991,1,,4.0,4.0,0.0,0.0,0,0.0
evaluation-2d-00,uniform_clutter,2,0,25,20000025,SC-RRT-no-SSFOR,1,5000,5000,3098,3100,14738,1057,9217,3667,261.0,0.02203251200262457,149.0,2234.893381724294,0.8542637088712824,1.1067282669828273,2008.575055521924,0.9505187789497762,1,,1.5,1.5,0.8,0.8,0,0.0
evaluation-2d-00,uniform_clutter,2,0,25,20000025,SC-RRT,1,5000,5000,3385,3387,15814,988,9303,2975,261.0,0.019653090974316,149.0,2234.893381724294,0.8542637088712824,1.3315060699824244,1989.7857027998425,0.9594944352636794,1,,1.2903643388449535,1.2903643388449535,0.9461507785521962,0.9461507785521962,99,0.06289939636142938
evaluation-2d-00,uniform_clutter,2,0,26,20000026,SC-RRT-no-SSFOR,1,5000,5000,3101,3103,14162,948,8726,3144,210.0,0.016237300995271653,124.0,2132.468027347365,0.8952951625626807,1.1375576819991693,1984.967013371976,0.9618236959819457,1,,1.5,1.5,0.8,0.8,0,0.0
evaluation-2d-00,uniform_clutter,2,0,26,20000026,SC-RRT,1,5000,5000,3196,3198,15216,1134,8963,3333,210.0,0.016594137996435165,124.0,2132.468027347365,0.8952951625626807,1.2890200249967165,1988.083604929183,0.9603159064689762,1,,1.2877867945008392,1.2877867945008392,0.94797732341975,0.94797732341975,99,0.046741778227397245
evaluation-2d-00,uniform_clutter,2,0,26,20000026,SC-RRT-no-ADCS,1,5000,5000,3604,3606,15914,1105,8568,3049,210.0,0.015993406996130943,124.0,2132.468027347365,0.8952951625626807,1.2590464589884505,2029.40003780499,0.940764892893501,1,,4.0,4.0,0.0,0.0,0,0.0
evaluation-2d-00,uniform_clutter,2,0,27,20000027,SC-RRT,1,5000,5000,3144,3146,14954,1328,8538,2853,470.0,0.030435031047090888,186.0,2520.8798306296226,0.7573499878916615,1.17908091499703,1984.627857801889,0.9619880632524401,1,,1.2888384532858925,1.2888384532858925,0.9472321565077566,0.9472321565077566,99,0.06838675017663758
evaluation-2d-00,uniform_clutter,2,0,27,20000027,SC-RRT-no-ADCS,1,5000,5000,3385,3387,14794,1364,7696,2653,470.0,0.030492206977214664,186.0,2520.8798306296226,0.7573499878916615,1.1751777139725164,2021.6671801769148,0.9443633096109353,1,,4.0,4.0,0.0,0.0,0,0.0
evaluation-2d-00,uniform_clutter,2,0,27,20000027,SC-RRT-no-SSFOR,1,5000,5000,2947,2949,13744,1199,8286,2966,470.0,0.03446580801391974,186.0,2520.8798306296226,0.7573499878916615,1.1635488959727809,1987.117519203582,0.9607827875066306,1,,1.5,1.5,0.8,0.8,0,0.0
evaluation-2d-00,uniform_clutter,2,0,28,20000028,SC-RRT-no-ADCS,1,5000,5000,3632,3634,15902,1056,8529,2869,198.0,0.03422842698637396,125.0,2111.7230117424288,0.9040903085241114,1.283154212986119,1983.3312270927888,0.9626169764907141,1,,4.0,4.0,0.0,0.0,0,0.0
evaluation-2d-00,uniform_clutter,2,0,28,20000028,SC-RRT-no-SSFOR,1,5000,5000,3175,3177,14571,951,8935,3184,198.0,0.01586324902018532,125.0,2111.7230117424288,0.9040903085241114,1.1466762670315802,1964.8533865613751,0.971669602557413,1,,1.5,1.5,0.8,0.8,0,0.0
evaluation-2d-00,uniform_clutter,2,0,28,20000028,SC-RRT,1,5000,5000,3339,3341,16702,1111,10023,3599,198.0,0.01589864701963961,125.0,2111.7230117424288,0.9040903085241114,1.3169211969943717,1975.3510298438814,0.9665058414223054,1,,1.2854952424619093,1.2854952424619093,0.9496006408580381,0.9496006408580381,99,0.036730512949135735
evaluation-2d-00,uniform_clutter,2,0,29,20000029,SC-RRT-no-SSFOR,1,5000,5000,2954,2956,13478,1015,8216,3106,192.0,0.015495516010560095,101.0,2114.7798630024918,0.9027834729299334,1.1426455859909765,1993.9738514483986,0.9574791102786362,1,,1.5,1.5,0.8,0.8,0,0.0
evaluation-2d-00,uniform_clutter,2,0,29,20000029,SC-RRT,1,5000,5000,3352,3354,15920,1014,9394,2728,192.0,0.015457612054888159,101.0,2114.7798630024918,0.9027834729299334,1.3212490030564368,2030.64816140518,0.9401866583734264,1,,1.3230643445539627,1.3230643445539627,0.922942930263369,0.922942930263369,99,0.020114556876209264
evaluation-2d-00,uniform_clutter,2,0,29,20000029,SC-RRT-no-ADCS,1,5000,5000,3676,3678,16022,1000,8638,2860,192.0,0.0136636319803074,101.0,2114.7798630024918,0.9027834729299334,1.2370692839613184,2036.802310997517,0.9373459068144222,1,,4.0,4.0,0.0,0.0,0,0.0
evaluation-2d-00,uniform_clutter,2,0,30,20000030,SC-RRT,1,5000,5000,3343,3345,15599,1060,9061,3215,277.0,0.019388440996408463,142.0,2391.739472342377,0.7982425892456811,1.260949374991469,1976.787697277204,0.9658034152242874,1,,1.2849416712725685,1.2849416712725685,0.9499927023977536,0.9499927023977536,99,0.0768194429138115
evaluation-2d-00,uniform_clutter,2,0,30,20000030,SC-RRT-no-ADCS,1,5000,5000,3654,3656,16572,1043,9203,3646,277.0,0.019555104023311287,142.0,2391.739472342377,0.7982425892456811,1.2594412250327878,2036.5662107740807,0.9374545738328894,1,,4.0,4.0,0.0,0.0,0,0.0
evaluation-2d-00,uniform_clutter,2,0,30,20000030,SC-RRT-no-SSFOR,1,5000,5000,3080,3082,14131,1012,8495,3018,277.0,0.019872849981766194,142.0,2391.739472342377,0.7982425892456811,1.1138095749774948,1972.9092026980272,0.9677020648455549,1,,1.5,1.5,0.8,0.8,0,0.0
evaluation-2d-00,uniform_clutter,2,0,31,20000031,SC-RRT-no-ADCS,1,5000,5000,3176,3178,13630,1532,6730,2249,647.0,0.03833483095513657,182.0,2480.8430249429057,0.7695723953544447,1.014530882006511,2043.779590185126,0.9341458924299874,1,,4.0,4.0,0.0,0.0,0,0.0
evaluation-2d-00,uniform_clutter,2,0,31,20000031,SC-RRT-no-SSFOR,1,5000,5000,3007,3009,13460,1246,7685,2581,647.0,0.039770260045770556,182.0,2480.8430249429057,0.7695723953544447,1.0689334100461565,2017.2112126869085,0.9464493837810148,1,,1.5,1.5,0.8,0.8,0,0.0
evaluation-2d-00,uniform_clutter,2,0,31,20000031,SC-RRT,1,5000,5000,2870,2872,13569,1574,7418,2275,647.0,0.039166328962892294,182.0,2480.8430249429057,0.7695723953544447,1.0869582889718004,2030.1981892398587,0.9403950408991899,1,,1.286276533403026,1.286276533403026,0.9490472425483708,0.9490472425483708,99,0.10282828090391477
evaluation-2d-00,uniform_clutter,2,0,32,20000032,SC-RRT-no-SSFOR,1,5000,5000,3089,3091,14847,1032,9257,3521,325.0,0.023446749022696167,176.0,2271.167291927723,0.8406198504132191,1.1947028810391203,1975.2819998152868,0.9665396178278397,1,,1.5,1.5,0.8,0.8,0,0.0
evaluation-2d-00,uniform_clutter,2,0,32,20000032,SC-RRT,1,5000,5000,3245,3247,15333,1060,9124,3154,325.0,0.02430089598055929,176.0,2271.167291927723,0.8406198504132191,1.2976149749592878,1969.8211055720158,0.9692191355870713,1,,1.2872538899369155,1.2872538899369155,0.9483548776161008,0.9483548776161008,99,0.061100750371685435
evaluation-2d-00,uniform_clutter,2,0,32,20000032,SC-RRT-no-ADCS,1,5000,5000,3598,3600,16111,1152,8766,2994,325.0,0.025291926984209567,176.0,2271.167291927723,0.8406198504132191,1.2403555699856952,2011.4385952627579,0.9491655940679002,1,,4.0,4.0,0.0,0.0,0,0.0
evaluation-2d-00,uniform_clutter,2,0,33,20000033,SC-RRT,1,5000,5000,3427,3429,16750,1147,9815,3035,215.0,0.01729422004427761,132.0,2070.8213587890446,0.921947371800393,1.3840549560263753,1967.9656507858688,0.9701329433475026,1,,1.327410833811972,1.327410833811972,0.9198565076135093,0.9198565076135093,99,0.022461782111723144
evaluation-2d-00,uniform_clutter,2,0,33,20000033,SC-RRT-no-ADCS,1,5000,5000,3606,3608,15901,1133,8519,2842,215.0,0.01832121197367087,132.0,2070.8213587890446,0.921947371800393,1.2367541799903847,1984.6638424616879,0.9619706210980329,1,,4.0,4.0,0.0,0.0,0,0.0
evaluation-2d-00,uniform_clutter,2,0,33,20000033,SC-RRT-no-SSFOR,1,5000,5000,3162,3164,14223,939,8594,2975,215.0,0.01646058598998934,132.0,2070.8213587890446,0.921947371800393,1.1214957559714094,1972.2535016640504,0.9680237898388001,1,,1.5,1.5,0.8,0.8,0,0.0
evaluation-2d-00,uniform_clutter,2,0,34,20000034,SC-RRT-no-ADCS,1,5000,5000,3661,3663,16050,1063,8624,2953,212.0,0.01609875401481986,120.0,2270.6714584191645,0.8408034117506591,1.2849560750182718,2041.6458963673383,0.9351221544346454,1,,4.0,4.0,0.0,0.0,0,0.0
evaluation-2d-00,uniform_clutter,2,0,34,20000034,SC-RRT-no-SSFOR,1,5000,5000,3104,3106,14208,1038,8583,3032,212.0,0.0156317200162448,120.0,2270.6714584191645,0.8408034117506591,1.1170794040081091,1971.014493200932,0.9686323037143943,1,,1.5,1.5,0.8,0.8,0,0.0
evaluation-2d-00,uniform_clutter,2,0,34,20000034,SC-RRT,1,5000,5000,3410,3412,15716,992,9118,3010,212.0,0.01575657003559172,120.0,2270.6714584191645,0.8408034117506591,1.320121580036357,2000.5629903269448,0.9543255165845422,1,,1.287712494585326,1.287712494585326,0.9480299654326744,0.9480299654326744,99,0.0746000694590886
evaluation-2d-00,uniform_clutter,2,0,35,20000035,SC-RRT-no-SSFOR,1,5000,5000,3190,3192,14560,1006,8809,2736,179.0,0.012852839019615203,103.0,2090.8845428776417,0.9131007810580021,1.198984423012007,1962.803701089338,0.9726842822560893,1,,1.5,1.5,0.8,0.8,0,0.0
evaluation-2d-00,uniform_clutter,2,0,35,20000035,SC-RRT,1,5000,5000,3486,3488,16510,1016,9610,3280,179.0,0.012669506948441267,103.0,2090.8845428776417,0.9131007810580021,1.3750905869528651,1958.2863071212578,0.9749280798527591,1,,1.2866074967324206,1.2866074967324206,0.9488127974254589,0.9488127974254589,99,0.03704818388128661
evaluation-2d-00,uniform_clutter,2,0,35,20000035,SC-RRT-no-ADCS,1,5000,5000,3748,3750,16488,974,8967,3280,179.0,0.014468175009824336,103.0,2090.8845428776417,0.9131007810580021,1.3234751399722882,1990.731357684929,0.9590386476977592,1,,4.0,4.0,0.0,0.0,0,0.0
evaluation-2d-00,uniform_clutter,2,0,36,20000036,SC-RRT,1,5000,5000,3306,3308,15286,1084,8853,2845,268.0,0.019788190023973584,134.0,2140.571696737272,0.8919057988637916,1.2897228380315937,1967.7884582957402,0.9702203004367582,1,,1.267118952010124,1.267118952010124,0.95,0.95,99,0.052055847844748475
evaluation-2d-00,uniform_clutter,2,0,36,20000036,SC-RRT-no-ADCS,1,5000,5000,3571,3573,15629,1144,8364,2782,268.0,0.020695118000730872,134.0,2140.571696737272,0.8919057988637916,1.2021861520479433,2045.8861465122013,0.9331840447027985,1,,4.0,4.0,0.0,0.0,0,0.0
evaluation-2d-00,uniform_clutter,2,0,36,20000036,SC-RRT-no-SSFOR,1,5000,5000,2923,2925,13679,1083,8517,2941,268.0,0.018843418976757675,134.0,2140.571696737272,0.8919057988637916,1.0622713649645448,1948.3693572610196,0.9798903385996476,1,,1.5,1.5,0.8,0.8,0,0.0
evaluation-2d-00,uniform_clutter,2,0,37,20000037,SC-RRT-no-ADCS,1,5000,5000,3595,3597,15766,1139,8425,2844,336.0,0.02288896101526916,152.0,2216.2753339480355,0.8614400385906396,1.224846844037529,2086.5564070318815,0.9149948224594088,1,,4.0,4.0,0.0,0.0,0,0.0
evaluation-2d-00,uniform_clutter,2,0,37,20000037,SC-RRT-no-SSFOR,1,5000,5000,3096,3098,14181,1076,8428,3012,336.0,0.024023692996706814,152.0,2216.2753339480355,0.8614400385906396,1.1513291749870405,2022.154256551637,0.9441358407836805,1,,1.5,1.5,0.8,0.8,0,0.0
evaluation-2d-00,uniform_clutter,2,0,37,20000037,SC-RRT,1,5000,5000,3239,3241,15461,1188,9017,3126,336.0,0.023040725965984166,152.0,2216.2753339480355,0.8614400385906396,1.2535190449561924,2044.9548477360715,0.9336090287359168,1,,1.2886445252854575,1.2886445252854575,0.9473695750315241,0.9473695750315241,99,0.0638610522266705
evaluation-2d-00,uniform_clutter,2,0,38,20000038,SC-RRT-no-SSFOR,1,5000,5000,3089,3091,14387,946,8917,3310,153.0,0.012995550991035998,109.0,2174.830724536694,0.8778560499739096,1.1213579429895617,1981.1623383888689,0.9636708068841437,1,,1.5,1.5,0.8,0.8,0,0.0
evaluation-2d-00,uniform_clutter,2,0,38,20000038,SC-RRT,1,5000,5000,3309,3311,15648,992,9346,3013,153.0,0.012833815009798855,109.0,2174.830724536694,0.8778560499739096,1.3361901280004531,1993.4192280968678,0.9577455069631262,1,,1.2851831807655645,1.2851831807655645,0.9498216597128207,0.9498216597128207,99,0.02821916567315698
evaluation-2d-00,uniform_clutter,2,0,38,20000038,SC-RRT-no-ADCS,1,5000,5000,3560,3562,16351,1138,9083,3291,153.0,0.012807571969460696,109.0,2174.830724536694,0.8778560499739096,1.2339390449924394,1999.9615402367067,0.9546125116874573,1,,4.0,4.0,0.0,0.0,0,0.0
evaluation-2d-00,uniform_clutter,2,0,39,20000039,SC-RRT,1,5000,5000,3418,3420,16802,1134,9906,3398,415.0,0.027638381987344474,173.0,2122.6650230399823,0.8994298622160493,1.3990487700211816,1992.71336935491,0.9580847594863727,1,,1.2972356791054278,1.2972356791054278,0.9412786184207933,0.9412786184207933,99,0.03237937553758323
evaluation-2d-00,uniform_clutter,2,0,39,20000039,SC-RRT-no-ADCS,1,5000,5000,3501,3503,15661,1256,8355,2800,415.0,0.028828997048549354,173.0,2122.6650230399823,0.8994298622160493,1.1852192230289802,1998.5893811214555,0.9552679140786727,1,,4.0,4.0,0.0,0.0,0,0.0
evaluation-2d-00,uniform_clutter,2,0,39,20000039,SC-RRT-no-SSFOR,1,5000,5000,3058,3060,14527,1147,8877,3256,415.0,0.02785528398817405,173.0,2122.6650230399823,0.8994298622160493,1.139269992010668,1948.7642424800615,0.9796917798399166,1,,1.5,1.5,0.8,0.8,0,0.0
evaluation-2d-00,uniform_clutter,2,0,40,20000040,SC-RRT-no-ADCS,1,5000,5000,3712,3714,16142,987,8642,2696,160.0,0.01240069605410099,101.0,2021.2995722694297,0.944535058234897,1.2488256690558046,1969.5562698717192,0.9693494613017719,1,,4.0,4.0,0.0,0.0,0,0.0
evaluation-2d-00,uniform_clutter,2,0,40,20000040,SC-RRT-no-SSFOR,1,5000,5000,3060,3062,14128,921,8779,3163,160.0,0.012031310005113482,101.0,2021.2995722694297,0.944535058234897,1.0614844259689562,1951.5175876629132,0.978309558301277,1,,1.5,1.5,0.8,0.8,0,0.0
evaluation-2d-00,uniform_clutter,2,0,40,20000040,SC-RRT,1,5000,5000,3438,3440,15912,1012,9148,3082,160.0,0.012284586031455547,101.0,2021.2995722694297,0.944535058234897,1.26641144300811,1949.8649261757764,0.9791387513944998,1,,1.315677481139217,1.315677481139217,0.928188557505274,0.928188557505274,99,0.02288735943224633
evaluation-2d-00,uniform_clutter,2,0,41,20000041,SC-RRT-no-SSFOR,1,5000,5000,3217,3219,14686,936,8896,3332,241.0,0.023376319964881986,133.0,2233.080937361133,0.854957058323106,1.180995589995291,1982.8066394859948,0.9628716543427549,1,,1.5,1.5,0.8,0.8,0,0.0
evaluation-2d-00,uniform_clutter,2,0,41,20000041,SC-RRT,1,5000,5000,3364,3366,15748,1056,9112,3073,241.0,0.018118608044460416,133.0,2233.080937361133,0.854957058323106,1.3236721529974602,2012.6900151545965,0.9485754362710602,1,,1.2816367016274488,1.2816367016274488,0.95,0.95,99,0.04816693571337982
evaluation-2d-00,uniform_clutter,2,0,41,20000041,SC-RRT-no-ADCS,1,5000,5000,3614,3616,15887,1052,8574,2971,241.0,0.02013370400527492,133.0,2233.080937361133,0.854957058323106,1.2521561980247498,2049.933139812934,0.9313417457985487,1,,4.0,4.0,0.0,0.0,0,0.0
evaluation-2d-00,uniform_clutter,2,0,42,20000042,SC-RRT,1,5000,5000,3492,3494,17149,1026,10209,3666,191.0,0.015443115960806608,124.0,2166.9024889602724,0.8810679386499524,1.3796500529861078,1964.6239373565527,0.9717830842336858,1,,1.28495942688622,1.28495942688622,0.949980127674258,0.949980127674258,99,0.03873608662208127
evaluation-2d-00,uniform_clutter,2,0,42,20000042,SC-RRT-no-ADCS,1,5000,5000,3615,3617,16385,1097,9001,3180,191.0,0.015345348045229912,124.0,2166.9024889602724,0.8810679386499524,1.2257092130021192,1988.8554841469886,0.9599432057390136,1,,4.0,4.0,0.0,0.0,0,0.0
evaluation-2d-00,uniform_clutter,2,0,42,20000042,SC-RRT-no-SSFOR,1,5000,5000,3147,3149,14401,882,8854,2754,191.0,0.01590304001001641,124.0,2166.9024889602724,0.8810679386499524,1.2406640489934944,1963.9808679933406,0.9721012767066078,1,,1.5,1.5,0.8,0.8,0,0.0
evaluation-2d-00,uniform_clutter,2,0,43,20000043,SC-RRT-no-ADCS,1,5000,5000,3701,3703,16580,981,9129,2936,119.0,0.01021645002765581,95.0,2074.6375054395144,0.9202515158421445,1.2184169630054384,1989.6591762719759,0.959555451492413,1,,4.0,4.0,0.0,0.0,0,0.0
evaluation-2d-00,uniform_clutter,2,0,43,20000043,SC-RRT-no-SSFOR,1,5000,5000,3025,3027,14220,1034,8884,3370,119.0,0.01066194602753967,95.0,2074.6375054395144,0.9202515158421445,1.0926853360142559,1969.5484812897398,0.969353294595452,1,,1.5,1.5,0.8,0.8,0,0.0
evaluation-2d-00,uniform_clutter,2,0,43,20000043,SC-RRT,1,5000,5000,3347,3349,15985,1020,9435,3095,119.0,0.010160503967199475,95.0,2074.6375054395144,0.9202515158421445,1.221407888981048,1980.2782754507878,0.9641010219985741,1,,1.3249977505410326,1.3249977505410326,0.9215699918575453,0.9215699918575453,99,0.017757136121918694
evaluation-2d-00,uniform_clutter,2,0,44,20000044,SC-RRT-no-SSFOR,1,5000,5000,3133,3135,14567,978,9022,3303,222.0,0.015416545036714524,120.0,2180.2628910008234,0.8756688549275305,1.084912307036575,1965.1983875237263,0.9714990208237326,1,,1.5,1.5,0.8,0.8,0,0.0
evaluation-2d-00,uniform_clutter,2,0,44,20000044,SC-RRT,1,5000,5000,3455,3457,17217,1084,10271,3464,222.0,0.015891653019934893,120.0,2180.2628910008234,0.8756688549275305,1.286098023003433,2012.9659700974241,0.9484453972718062,1,,1.3409574581532964,1.3409574581532964,0.9102408933072427,0.9102408933072427,99,0.007882350358889343
evaluation-2d-00,uniform_clutter,2,0,44,20000044,SC-RRT-no-ADCS,1,5000,5000,3668,3670,16253,1031,8846,3099,222.0,0.01591232599457726,120.0,2180.2628910008234,0.8756688549275305,1.1883965869783424,1998.6405590743818,0.9552434531238918,1,,4.0,4.0,0.0,0.0,0,0.0
evaluation-2d-00,uniform_clutter,2,0,45,20000045,SC-RRT,1,5000,5000,3491,3493,17045,1026,10100,3624,275.0,0.017990852997172624,117.0,2237.2876768389124,0.8533494950015507,1.4870632610400207,1963.8993436676537,0.9721416300482077,1,,1.2907454066949633,1.2907454066949633,0.945880685838252,0.945880685838252,99,0.06699952569487527
evaluation-2d-00,uniform_clutter,2,0,45,20000045,SC-RRT-no-ADCS,1,5000,5000,3684,3686,16328,992,8922,3185,275.0,0.018860894022509456,117.0,2237.2876768389124,0.8533494950015507,1.2535692990059033,2043.4060519199038,0.934316655962666,1,,4.0,4.0,0.0,0.0,0,0.0
evaluation-2d-00,uniform_clutter,2,0,45,20000045,SC-RRT-no-SSFOR,1,5000,5000,3223,3225,14646,997,8665,3071,275.0,0.018217635981272906,117.0,2237.2876768389124,0.8533494950015507,1.1585786520154215,1970.901385257041,0.9686878924968059,1,,1.5,1.5,0.8,0.8,0,0.0
evaluation-2d-00,uniform_clutter,2,0,46,20000046,SC-RRT-no-ADCS,1,5000,5000,3584,3586,15467,1084,8210,2543,200.0,0.014505069004371762,124.0,2169.708355247144,0.8799285418183354,1.0959442150196992,2016.5774180369222,0.9467468454854642,1,,4.0,4.0,0.0,0.0,0,0.0
evaluation-2d-00,uniform_clutter,2,0,46,20000046,SC-RRT-no-SSFOR,1,5000,5000,3080,3082,14103,1010,8545,2823,200.0,0.013798789004795253,124.0,2169.708355247144,0.8799285418183354,1.017607023997698,1950.1870730622613,0.9789770097315817,1,,1.5,1.5,0.8,0.8,0,0.0
evaluation-2d-00,uniform_clutter,2,0,46,20000046,SC-RRT,1,5000,5000,3311,3313,16203,1029,9775,3244,200.0,0.014222277037333697,124.0,2169.708355247144,0.8799285418183354,1.2148183790268376,1944.5049597606198,0.981837716391688,1,,1.2894388962925731,1.2894388962925731,0.9468066558369334,0.9468066558369334,99,0.06356638278802422
evaluation-2d-00,uniform_clutter,2,0,47,20000047,SC-RRT-no-SSFOR,1,5000,5000,3067,3069,14308,1102,8694,2962,166.0,0.012483946979045868,112.0,2172.5580793149893,0.8787743477981717,1.1405080489930697,1971.1119532950695,0.9685844104451425,1,,1.5,1.5,0.8,0.8,0,0.0
evaluation-2d-00,uniform_clutter,2,0,47,20000047,SC-RRT,1,5000,5000,3232,3234,16121,1219,9553,3364,166.0,0.013819057028740644,112.0,2172.5580793149893,0.8787743477981717,1.1762411130475812,1990.0425348379936,0.9593706042866579,1,,1.3142614726597492,1.3142614726597492,0.9291940586880424,0.9291940586880424,99,0.0173512619604638
evaluation-2d-00,uniform_clutter,2,0,47,20000047,SC-RRT-no-ADCS,1,5000,5000,3482,3484,15382,1200,8160,2722,166.0,0.0124158879625611,112.0,2172.5580793149893,0.8787743477981717,1.114365735964384,1999.2407305461456,0.9549566893238178,1,,4.0,4.0,0.0,0.0,0,0.0
evaluation-2d-00,uniform_clutter,2,0,48,20000048,SC-RRT,1,5000,5000,3087,3089,14521,1229,8401,2694,522.0,0.03121630899840966,183.0,2263.5812916506284,0.8434370421092662,1.1263127800193615,1999.7152844628606,0.9547300678438838,1,,1.2904960464844444,1.2904960464844444,0.9460574285212113,0.9460574285212113,99,0.06747930105799575
evaluation-2d-00,uniform_clutter,2,0,48,20000048,SC-RRT-no-ADCS,1,5000,5000,3488,3490,15358,1236,8127,2564,522.0,0.033264782978221774,183.0,2263.5812916506284,0.8434370421092662,1.126263237965759,2038.9652315058765,0.9363515766248002,1,,4.0,4.0,0.0,0.0,0,0.0
evaluation-2d-00,uniform_clutter,2,0,48,20000048,SC-RRT-no-SSFOR,1,5000,5000,2940,2942,13626,1242,8120,3087,522.0,0.030746251984965056,183.0,2263.5812916506284,0.8434370421092662,0.9636221769615076,2003.972326198717,0.9527019331774745,1,,1.5,1.5,0.8,0.8,0,0.0
evaluation-2d-00,uniform_clutter,2,0,49,20000049,SC-RRT-no-ADCS,1,5000,5000,3670,3672,17317,1038,9928,3046,234.0,0.015946496976539493,129.0,2248.5357738500775,0.8490806912689906,1.20438250398729,2011.2704707064634,0.94924493597973,1,,4.0,4.0,0.0,0.0,0,0.0
evaluation-2d-00,uniform_clutter,2,0,49,20000049,SC-RRT-no-SSFOR,1,5000,5000,3165,3167,14526,1038,8730,3145,234.0,0.016714094032067806,129.0,2248.5357738500775,0.8490806912689906,1.0850064430269413,1968.8601510510189,0.969692188744088,1,,1.5,1.5,0.8,0.8,0,0.0
evaluation-2d-00,uniform_clutter,2,0,49,20000049,SC-RRT,1,5000,5000,3445,3447,17082,1132,10105,3058,234.0,0.016933676961343735,129.0,2248.5357738500775,0.8490806912689906,1.3120962500106543,2004.6573204241033,0.9523763935871954,1,,1.2840840655051486,1.2840840655051486,0.95,0.95,99,0.05431414769879108
evaluation-2d-01,central_cluster,2,1,0,20010000,SC-RRT-no-SSFOR,1,5000,5000,2944,2946,12805,1389,7168,2467,760.0,0.05083672102773562,286.0,2473.9665965029126,0.7717114337365835,0.9493290260434151,2117.0091240277256,0.9018328204326975,1,,1.5,1.5,0.8,0.8,0,0.0
evaluation-2d-01,central_cluster,2,1,0,20010000,SC-RRT,1,5000,5000,2930,2932,13355,1510,7370,2376,760.0,0.04970034694997594,286.0,2473.9665965029126,0.7717114337365835,1.0130493079777807,2133.606724188303,0.8948173473393973,1,,1.292177381975313,1.292177381975313,0.9448656148562713,0.9448656148562713,99,0.10591718805770566
evaluation-2d-01,central_cluster,2,1,0,20010000,SC-RRT-no-ADCS,1,5000,5000,3395,3397,14177,1403,7040,2177,760.0,0.05302814597962424,286.0,2473.9665965029126,0.7717114337365835,1.002975362003781,2196.1712198804735,0.8693258029797812,1,,4.0,4.0,0.0,0.0,0,0.0
evaluation-2d-01,central_cluster,2,1,1,20010001,SC-RRT,1,5000,5000,3149,3151,14922,1142,8822,2916,335.0,0.02228043001377955,153.0,2154.9976488523876,0.8859352167833633,1.133478322008159,2062.7292725118855,0.925564171045465,1,,1.2906777494769892,1.2906777494769892,0.945928640799938,0.945928640799938,99,0.027754691259594972
evaluation-2d-01,central_cluster,2,1,1,20010001,SC-RRT-no-ADCS,1,5000,5000,3634,3636,16089,1091,8698,2808,335.0,0.02195659396238625,153.0,2154.9976488523876,0.8859352167833633,1.1464657859760337,2100.9418610863027,0.9087297200202021,1,,4.0,4.0,0.0,0.0,0,0.0
evaluation-2d-01,central_cluster,2,1,1,20010001,SC-RRT-no-SSFOR,1,5000,5000,2949,2951,13758,1186,8381,3010,335.0,0.023588281008414924,153.0,2154.9976488523876,0.8859352167833633,0.9609928280115128,1999.1358982142347,0.9550067661278536,1,,1.5,1.5,0.8,0.8,0,0.0
evaluation-2d-01,central_cluster,2,1,2,20010002,SC-RRT-no-ADCS,1,5000,5000,3519,3521,15248,1266,7921,2563,545.0,0.03517051303060725,224.0,2561.4636013243457,0.7453505520111925,1.1108099450357258,2070.356607709352,0.9221543294012567,1,,4.0,4.0,0.0,0.0,0,0.0
evaluation-2d-01,central_cluster,2,1,2,20010002,SC-RRT-no-SSFOR,1,5000,5000,2979,2981,13681,1339,7979,2935,545.0,0.03466723999008536,224.0,2561.4636013243457,0.7453505520111925,1.016742644016631,2071.922029949837,0.9214576039089181,1,,1.5,1.5,0.8,0.8,0,0.0
evaluation-2d-01,central_cluster,2,1,2,20010002,SC-RRT,1,5000,5000,3238,3240,14815,1185,8426,2466,545.0,0.03624339704401791,224.0,2561.4636013243457,0.7453505520111925,1.189934207010083,2191.67774869279,0.8711081318147249,1,,1.2870361953108964,1.2870361953108964,0.948509102335978,0.948509102335978,99,0.08130653957956344
evaluation-2d-01,central_cluster,2,1,3,20010003,SC-RRT-no-SSFOR,1,5000,5000,3032,3034,13543,1363,7790,2905,741.0,0.04960418300470337,294.0,2604.066258592972,0.7331565788326945,1.0288644609972835,2176.9865114170634,0.8769867425411526,1,,1.5,1.5,0.8,0.8,0,0.0
evaluation-2d-01,central_cluster,2,1,3,20010003,SC-RRT,1,5000,5000,3122,3124,14074,1131,8241,2091,741.0,0.0499342359835282,294.0,2604.066258592972,0.7331565788326945,1.2382357339956798,2251.8626160420936,0.847826281942233,1,,1.2866012454353886,1.2866012454353886,0.9488172257754416,0.9488172257754416,99,0.058919093866999304
evaluation-2d-01,central_cluster,2,1,3,20010003,SC-RRT-no-ADCS,1,5000,5000,3441,3443,14855,1300,7839,2769,741.0,0.0483203959884122,294.0,2604.066258592972,0.7331565788326945,1.1008737839874811,2217.111004053403,0.8611153459223425,1,,4.0,4.0,0.0,0.0,0,0.0
evaluation-2d-01,central_cluster,2,1,4,20010004,SC-RRT,1,5000,5000,2992,2994,14359,1327,8376,3045,355.0,0.022443014022428542,138.0,2250.015859310646,0.8485221565454255,1.0720263380208053,2059.1932388950154,0.9271535439909314,1,,1.2860096919204462,1.2860096919204462,0.9492362571122166,0.9492362571122166,99,0.03297542846330963
evaluation-2d-01,central_cluster,2,1,4,20010004,SC-RRT-no-ADCS,1,5000,5000,3452,3454,15744,1292,8549,3140,355.0,0.02144921396393329,138.0,2250.015859310646,0.8485221565454255,1.122171034978237,2081.965367936207,0.9170125202880788,1,,4.0,4.0,0.0,0.0,0,0.0
evaluation-2d-01,central_cluster,2,1,4,20010004,SC-RRT-no-SSFOR,1,5000,5000,2878,2880,13022,1371,7787,2815,355.0,0.022134130005724728,138.0,2250.015859310646,0.8485221565454255,0.8890043260180391,2055.7276804378835,0.9287165451783033,1,,1.5,1.5,0.8,0.8,0,0.0
evaluation-2d-01,central_cluster,2,1,5,20010005,SC-RRT-no-ADCS,1,5000,5000,3181,3183,14024,1633,7188,2541,912.0,0.06190283998148516,347.0,2474.876651555306,0.7714276620630253,0.9704837430035695,2183.656444402809,0.874308004859165,1,,4.0,4.0,0.0,0.0,0,0.0
evaluation-2d-01,central_cluster,2,1,5,20010005,SC-RRT-no-SSFOR,1,5000,5000,2866,2868,13181,1521,7582,2752,912.0,0.06150746700586751,347.0,2474.876651555306,0.7714276620630253,0.9717223910265602,2003.0137167201553,0.9531578806808613,1,,1.5,1.5,0.8,0.8,0,0.0
evaluation-2d-01,central_cluster,2,1,5,20010005,SC-RRT,1,5000,5000,2745,2747,12337,1585,6837,2290,912.0,0.0609856600058265,347.0,2474.876651555306,0.7714276620630253,0.9127633610041812,2101.3608941608804,0.908548509924593,1,,1.2933705887477385,1.2933705887477385,0.9440196605300498,0.9440196605300498,99,0.11548862266811036
evaluation-2d-01,central_cluster,2,1,6,20010006,SC-RRT-no-SSFOR,1,5000,5000,3036,3038,13866,1258,8220,3177,719.0,0.05636731901904568,291.0,2537.8588899701035,0.7522830826997512,1.049619585974142,2015.8677821335948,0.9470801240659708,1,,1.5,1.5,0.8,0.8,0,0.0
evaluation-2d-01,central_cluster,2,1,6,20010006,SC-RRT,1,5000,5000,3278,3280,15830,1174,9389,2549,719.0,0.05241434299387038,291.0,2537.8588899701035,0.7522830826997512,1.325221119041089,2108.296609875799,0.9055596353286124,1,,1.2862956476488805,1.2862956476488805,0.9490337028683339,0.9490337028683339,99,0.05270119955238988
evaluation-2d-01,central_cluster,2,1,6,20010006,SC-RRT-no-ADCS,1,5000,5000,3563,3565,15137,1179,7880,2594,719.0,0.045482762972824275,291.0,2537.8588899701035,0.7522830826997512,1.0648176329559647,2112.3474946046767,0.9038230282091823,1,,4.0,4.0,0.0,0.0,0,0.0
evaluation-2d-01,central_cluster,2,1,7,20010007,SC-RRT,1,5000,5000,3092,3094,14368,1317,8254,2531,929.0,0.06299619597848505,356.0,2457.6937543304352,0.776821077011611,1.0905616609961726,2249.810587012761,0.8485995755485567,1,,1.3308415801660745,1.3308415801660745,0.9174206311718006,0.9174206311718006,99,0.04311062656510392
evaluation-2d-01,central_cluster,2,1,7,20010007,SC-RRT-no-ADCS,1,5000,5000,3470,3472,14948,1278,7847,2781,929.0,0.06293531402479857,356.0,2457.6937543304352,0.776821077011611,1.0510592909995466,2179.2380549638547,0.8760806580331787,1,,4.0,4.0,0.0,0.0,0,0.0
evaluation-2d-01,central_cluster,2,1,7,20010007,SC-RRT-no-SSFOR,1,5000,5000,2961,2963,13183,1429,7567,2653,929.0,0.05756351898889989,356.0,2457.6937543304352,0.776821077011611,1.0308675820124336,2023.311981375457,0.9435956129246085,1,,1.5,1.5,0.8,0.8,0,0.0
evaluation-2d-01,central_cluster,2,1,8,20010008,SC-RRT-no-ADCS,1,5000,5000,3812,3814,16205,923,8648,2742,392.0,0.029776646988466382,231.0,2368.706818315578,0.8060044807745899,1.204067520040553,2174.1551864422668,0.878128811185657,1,,4.0,4.0,0.0,0.0,0,0.0
evaluation-2d-01,central_cluster,2,1,8,20010008,SC-RRT-no-SSFOR,1,5000,5000,3139,3141,13828,992,8309,3126,392.0,0.030257384991273284,231.0,2368.706818315578,0.8060044807745899,1.0284613409894519,2092.7055118775825,0.9123062458466734,1,,1.5,1.5,0.8,0.8,0,0.0
evaluation-2d-01,central_cluster,2,1,8,20010008,SC-RRT,1,5000,5000,3582,3584,17440,1042,10303,2871,392.0,0.028313121001701802,231.0,2368.706818315578,0.8060044807745899,1.3622346629854292,2157.134320375972,0.8850576856386585,1,,1.2859887891310686,1.2859887891310686,0.9492510630789999,0.9492510630789999,99,0.034535781936800194
evaluation-2d-01,central_cluster,2,1,9,20010009,SC-RRT-no-SSFOR,1,5000,5000,2995,2997,13699,1199,8204,3325,458.0,0.030199883971363306,193.0,2432.6976606764806,0.7848029535543576,1.022185701993294,2019.4531381345255,0.945398669150251,1,,1.5,1.5,0.8,0.8,0,0.0
evaluation-2d-01,central_cluster,2,1,9,20010009,SC-RRT,1,5000,5000,2912,2914,13043,1450,7256,2544,458.0,0.029303640010766685,193.0,2432.6976606764806,0.7848029535543576,0.9958052150323056,2197.8957065112772,0.8686437229699745,1,,1.2869017760614119,1.2869017760614119,0.9486043285645769,0.9486043285645769,99,0.06998993437714734
evaluation-2d-01,central_cluster,2,1,9,20010009,SC-RRT-no-ADCS,1,5000,5000,3407,3409,14954,1377,7859,2738,458.0,0.030011267052032053,193.0,2432.6976606764806,0.7848029535543576,1.0232287550461479,2194.298521740423,0.8700677188122027,1,,4.0,4.0,0.0,0.0,0,0.0
evaluation-2d-01,central_cluster,2,1,10,20010010,SC-RRT,1,5000,5000,3097,3099,14888,1209,8951,2693,730.0,0.05060682300245389,316.0,2606.0624757210862,0.7325949884127064,1.258257722016424,2181.500437391097,0.8751720955357302,1,,1.2905587038590665,1.2905587038590665,0.9460130184767684,0.9460130184767684,99,0.07966334093507117
evaluation-2d-01,central_cluster,2,1,10,20010010,SC-RRT-no-ADCS,1,5000,5000,3365,3367,15061,1395,8066,2940,730.0,0.04971011698944494,316.0,2606.0624757210862,0.7325949884127064,1.093743095989339,2135.8063533338745,0.8938957907974858,1,,4.0,4.0,0.0,0.0,0,0.0
evaluation-2d-01,central_cluster,2,1,10,20010010,SC-RRT-no-SSFOR,1,5000,5000,3041,3043,13679,1283,7944,3066,730.0,0.05308337899623439,316.0,2606.0624757210862,0.7325949884127064,1.0590064900461584,2108.526068440848,0.9054610885676313,1,,1.5,1.5,0.8,0.8,0,0.0
evaluation-2d-01,central_cluster,2,1,11,20010011,SC-RRT-no-ADCS,1,5000,5000,3513,3515,15432,1206,8237,2862,569.0,0.03583564201835543,218.0,2343.242060774469,0.8147635880915646,1.1306740480358712,2149.263783522342,0.888298739243066,1,,4.0,4.0,0.0,0.0,0,0.0
evaluation-2d-01,central_cluster,2,1,11,20010011,SC-RRT-no-SSFOR,1,5000,5000,2974,2976,13552,1296,8022,2993,569.0,0.03677832102403045,218.0,2343.242060774469,0.8147635880915646,1.0623709360370412,2024.806497708969,0.9428991419001714,1,,1.5,1.5,0.8,0.8,0,0.0
evaluation-2d-01,central_cluster,2,1,11,20010011,SC-RRT,1,5000,5000,3197,3199,15065,1310,8536,2750,569.0,0.03724146500462666,218.0,2343.242060774469,0.8147635880915646,1.2393175220349804,2015.0521205014168,0.9474634873109904,1,,1.296452193325369,1.296452193325369,0.9418343421881143,0.9418343421881143,99,0.12265607470230601
evaluation-2d-01,central_cluster,2,1,12,20010012,SC-RRT-no-SSFOR,1,5000,5000,3021,3023,14213,1258,8645,3303,284.0,0.02132542699109763,152.0,2417.81329887721,0.7896342989304723,1.1080465349950828,2048.4830849990126,0.9320010124489744,1,,1.5,1.5,0.8,0.8,0,0.0
evaluation-2d-01,central_cluster,2,1,12,20010012,SC-RRT,1,5000,5000,3345,3347,16544,1081,9960,3349,284.0,0.02131163200829178,152.0,2417.81329887721,0.7896342989304723,1.2880858610151336,2007.2873193515982,0.9511285658001326,1,,1.2878306278083425,1.2878306278083425,0.9479462669510424,0.9479462669510424,99,0.10095127523748161
evaluation-2d-01,central_cluster,2,1,12,20010012,SC-RRT-no-ADCS,1,5000,5000,3781,3783,17636,974,10046,3213,284.0,0.022109967016149312,152.0,2417.81329887721,0.7896342989304723,1.364593670994509,2089.4963841652857,0.9137074003439173,1,,4.0,4.0,0.0,0.0,0,0.0
evaluation-2d-01,central_cluster,2,1,13,20010013,SC-RRT,1,5000,5000,3152,3154,14964,1298,8604,2605,730.0,0.05039801500970498,250.0,2389.0855729499503,0.7991293115743386,1.1962482670205645,2030.4543044337302,0.9402764223921446,1,,1.2930951868519753,1.2930951868519753,0.9442149244548751,0.9442149244548751,99,0.10619067976778747
evaluation-2d-01,central_cluster,2,1,13,20010013,SC-RRT-no-ADCS,1,5000,5000,3519,3521,15264,1245,7986,2842,730.0,0.046534345019608736,250.0,2389.0855729499503,0.7991293115743386,1.172703090007417,2131.1348455130296,0.8958552356381175,1,,4.0,4.0,0.0,0.0,0,0.0
evaluation-2d-01,central_cluster,2,1,13,20010013,SC-RRT-no-SSFOR,1,5000,5000,2854,2856,12997,1313,7563,2744,730.0,0.04940525401616469,250.0,2389.0855729499503,0.7991293115743386,1.0105169449816458,2029.3950014677328,0.9407672275840255,1,,1.5,1.5,0.8,0.8,0,0.0
evaluation-2d-01,central_cluster,2,1,14,20010014,SC-RRT-no-ADCS,1,5000,5000,3621,3623,16240,1141,8843,2765,347.0,0.02385961404070258,174.0,2242.4982702770967,0.8513666808615943,1.2468103499850258,2027.1397471126254,0.9418138596133038,1,,4.0,4.0,0.0,0.0,0,0.0
evaluation-2d-01,central_cluster,2,1,14,20010014,SC-RRT-no-SSFOR,1,5000,5000,3022,3024,13714,1128,8283,2943,347.0,0.025321691995486617,174.0,2242.4982702770967,0.8513666808615943,1.065466612984892,2081.837470788412,0.9170688567156255,1,,1.5,1.5,0.8,0.8,0,0.0
evaluation-2d-01,central_cluster,2,1,14,20010014,SC-RRT,1,5000,5000,3305,3307,15782,1213,9137,2688,347.0,0.02399809000780806,174.0,2242.4982702770967,0.8513666808615943,1.3030987480306067,2065.8701002579173,0.9241569975601671,1,,1.288991245524847,1.288991245524847,0.9471238844355934,0.9471238844355934,99,0.05310720697895264
evaluation-2d-01,central_cluster,2,1,15,20010015,SC-RRT-no-SSFOR,1,5000,5000,3045,3047,13691,1168,8274,3063,517.0,0.03798767499392852,260.0,2692.142862553306,0.7091705034527584,1.0790882270084694,1990.685243461569,0.9590608638278862,1,,1.5,1.5,0.8,0.8,0,0.0
evaluation-2d-01,central_cluster,2,1,15,20010015,SC-RRT,1,5000,5000,3493,3495,15900,952,9243,2715,517.0,0.038515352993272245,260.0,2692.142862553306,0.7091705034527584,1.3839580839849077,2099.215713625949,0.9094769521832329,1,,1.285071648081272,1.285071648081272,0.949900650570532,0.949900650570532,99,0.04460030610651542
evaluation-2d-01,central_cluster,2,1,15,20010015,SC-RRT-no-ADCS,1,5000,5000,3740,3742,16698,1034,9185,3228,517.0,0.03808112099068239,260.0,2692.142862553306,0.7091705034527584,1.2807753800298087,2032.4798930385714,0.9393393340533512,1,,4.0,4.0,0.0,0.0,0,0.0
evaluation-2d-01,central_cluster,2,1,16,20010016,SC-RRT,1,5000,5000,3333,3335,15036,1177,8388,2647,429.0,0.03143571299733594,213.0,2331.6388882519846,0.8188181792743151,1.2037014149827883,2110.9553512604243,0.9044190859194281,1,,1.2818912778058502,1.2818912778058502,0.95,0.95,99,0.039030079887076824
evaluation-2d-01,central_cluster,2,1,16,20010016,SC-RRT-no-ADCS,1,5000,5000,3760,3762,16228,964,8761,2883,429.0,0.03272280900273472,213.0,2331.6388882519846,0.8188181792743151,1.3654001930262893,2132.3773876675555,0.8953332183342994,1,,4.0,4.0,0.0,0.0,0,0.0
evaluation-2d-01,central_cluster,2,1,16,20010016,SC-RRT-no-SSFOR,1,5000,5000,3071,3073,13938,1139,8417,3112,429.0,0.038097229960840195,213.0,2331.6388882519846,0.8188181792743151,1.111847524996847,2017.7010936240588,0.946219593792519,1,,1.5,1.5,0.8,0.8,0,0.0
evaluation-2d-01,central_cluster,2,1,17,20010017,SC-RRT-no-ADCS,1,5000,5000,3455,3457,15801,1320,8571,2914,583.0,0.03817848302423954,193.0,2429.793511098985,0.7857409695444287,1.2833973999950103,2081.2271917683083,0.9173377691560632,1,,4.0,4.0,0.0,0.0,0,0.0
evaluation-2d-01,central_cluster,2,1,17,20010017,SC-RRT-no-SSFOR,1,5000,5000,2782,2784,13011,1461,7829,2924,583.0,0.03949964896310121,193.0,2429.793511098985,0.7857409695444287,0.999079996952787,2007.2780629329973,0.9511329518611925,1,,1.5,1.5,0.8,0.8,0,0.0
evaluation-2d-01,central_cluster,2,1,17,20010017,SC-RRT,1,5000,5000,3189,3191,15585,1383,8954,2809,583.0,0.036961627018172294,193.0,2429.793511098985,0.7857409695444287,1.35001952201128,2094.148350860754,0.9116776795774512,1,,1.2859772835802887,1.2859772835802887,0.9492592127275081,0.9492592127275081,99,0.087519976001748
evaluation-2d-01,central_cluster,2,1,18,20010018,SC-RRT-no-SSFOR,1,5000,5000,3113,3115,14030,1143,8308,3070,370.0,0.027629495016299188,184.0,2318.0340617791717,0.8236239236874328,1.1259584070066921,2092.654935366355,0.9123282949988323,1,,1.5,1.5,0.8,0.8,0,0.0
evaluation-2d-01,central_cluster,2,1,18,20010018,SC-RRT,1,5000,5000,3469,3471,16775,1126,9844,2784,370.0,0.027950201008934528,184.0,2318.0340617791717,0.8236239236874328,1.5772610469721258,2114.997724477483,0.902690479099853,1,,1.29235461535884,1.29235461535884,0.9447399684554875,0.9447399684554875,99,0.03510943914008383
evaluation-2d-01,central_cluster,2,1,18,20010018,SC-RRT-no-ADCS,1,5000,5000,3617,3619,15641,1147,8271,2872,370.0,0.026680500013753772,184.0,2318.0340617791717,0.8236239236874328,1.2284981459961273,2063.511110049691,0.9252134868116622,1,,4.0,4.0,0.0,0.0,0,0.0
evaluation-2d-01,central_cluster,2,1,19,20010019,SC-RRT,1,5000,5000,3332,3334,15859,1094,9440,3554,315.0,0.02383881399873644,173.0,2216.242075208191,0.861452966063886,1.3062070859596133,1989.9903992265495,0.959395738766239,1,,1.2901198822614393,1.2901198822614393,0.9463240370374172,0.9463240370374172,99,0.06259883532460996
evaluation-2d-01,central_cluster,2,1,19,20010019,SC-RRT-no-ADCS,1,5000,5000,3728,3730,16606,1026,9175,3354,315.0,0.023909781011752784,173.0,2216.242075208191,0.861452966063886,1.2965568610234186,2057.2757548590844,0.9280176975275979,1,,4.0,4.0,0.0,0.0,0,0.0
evaluation-2d-01,central_cluster,2,1,19,20010019,SC-RRT-no-SSFOR,1,5000,5000,3078,3080,13954,1094,8495,3132,315.0,0.023860466957557946,173.0,2216.242075208191,0.861452966063886,1.0753979519940913,2023.8775595225693,0.943331922536882,1,,1.5,1.5,0.8,0.8,0,0.0
evaluation-2d-01,central_cluster,2,1,20,20010020,SC-RRT-no-ADCS,1,5000,5000,3522,3524,15381,1284,8150,3002,603.0,0.03893305896781385,242.0,2632.8748556481264,0.7251344685479552,1.19307028996991,2226.0542442246606,0.8576557890073575,1,,4.0,4.0,0.0,0.0,0,0.0
evaluation-2d-01,central_cluster,2,1,20,20010020,SC-RRT-no-SSFOR,1,5000,5000,3091,3093,13741,1296,7935,2955,603.0,0.041355622990522534,242.0,2632.8748556481264,0.7251344685479552,1.1133362789987586,2140.7068511045036,0.8918494880411241,1,,1.5,1.5,0.8,0.8,0,0.0
evaluation-2d-01,central_cluster,2,1,20,20010020,SC-RRT,1,5000,5000,3131,3133,15114,1404,8745,3060,603.0,0.03897470096126199,242.0,2632.8748556481264,0.7251344685479552,1.2486565400031395,2240.73941934544,0.8520349544979158,1,,1.2897605331052349,1.2897605331052349,0.946578715397572,0.946578715397572,99,0.07906468929690703
evaluation-2d-01,central_cluster,2,1,21,20010021,SC-RRT-no-SSFOR,1,5000,5000,3096,3098,13860,1210,8114,2866,457.0,0.03115270903799683,192.0,2478.2599306085503,0.770374521906936,1.0810987140284851,2062.8080570783204,0.9255288210904978,1,,1.5,1.5,0.8,0.8,0,0.0
evaluation-2d-01,central_cluster,2,1,21,20010021,SC-RRT,1,5000,5000,3097,3099,14388,1378,8097,2797,457.0,0.030102424963843077,192.0,2478.2599306085503,0.770374521906936,1.1407403989578597,2007.9374113021988,0.9508206274046763,1,,1.2858265245470613,1.2858265245470613,0.9493659975385453,0.9493659975385453,99,0.15282332047086983
evaluation-2d-01,central_cluster,2,1,21,20010021,SC-RRT-no-ADCS,1,5000,5000,3532,3534,15402,1256,8103,2871,457.0,0.0315625190269202,192.0,2478.2599306085503,0.770374521906936,1.1925656059756875,2035.430110534342,0.9379778255822684,1,,4.0,4.0,0.0,0.0,0,0.0
evaluation-2d-01,central_cluster,2,1,22,20010022,SC-RRT,1,5000,5000,3136,3138,14089,1185,8039,2523,630.0,0.04220589803298935,246.0,2628.6309144900642,0.7263052027119781,1.1307140860008076,2160.713030134345,0.8835917970490381,1,,1.285804563344715,1.285804563344715,0.9493815527734769,0.9493815527734769,99,0.10317741514112856
evaluation-2d-01,central_cluster,2,1,22,20010022,SC-RRT-no-ADCS,1,5000,5000,3555,3557,15629,1182,8422,2637,630.0,0.04149004502687603,246.0,2628.6309144900642,0.7263052027119781,1.1881501890020445,2125.270022072861,0.8983274075176435,1,,4.0,4.0,0.0,0.0,0,0.0
evaluation-2d-01,central_cluster,2,1,22,20010022,SC-RRT-no-SSFOR,1,5000,5000,2928,2930,13066,1413,7482,2797,630.0,0.04371073597576469,246.0,2628.6309144900642,0.7263052027119781,1.036307119007688,2192.886455598332,0.8706279818225946,1,,1.5,1.5,0.8,0.8,0,0.0
evaluation-2d-01,central_cluster,2,1,23,20010023,SC-RRT-no-ADCS,1,5000,5000,3476,3478,15075,1279,7939,2670,549.0,0.03732203901745379,256.0,2454.3767361974433,0.7778709279006517,1.1506739699980244,2188.6492470184044,0.8723135110866048,1,,4.0,4.0,0.0,0.0,0,0.0
evaluation-2d-01,central_cluster,2,1,23,20010023,SC-RRT-no-SSFOR,1,5000,5000,3109,3111,14077,1098,8506,2745,549.0,0.0387801899923943,256.0,2454.3767361974433,0.7778709279006517,1.1595622099703178,2207.822032754051,0.8647383171650591,1,,1.5,1.5,0.8,0.8,0,0.0
evaluation-2d-01,central_cluster,2,1,23,20010023,SC-RRT,1,5000,5000,2990,2992,13979,1357,8064,2428,549.0,0.037870439991820604,256.0,2454.3767361974433,0.7778709279006517,1.1596358559909277,2153.868221215823,0.8863997761784949,1,,1.290056251690753,1.290056251690753,0.9463691342568664,0.9463691342568664,99,0.08547566338809943
evaluation-2d-01,central_cluster,2,1,24,20010024,SC-RRT-no-SSFOR,1,5000,5000,2931,2933,13102,1361,7616,2610,740.0,0.050736829987727106,269.0,2411.373239280397,0.7917431769183186,1.054753759992309,2106.0131128329117,0.9065415108624496,1,,1.5,1.5,0.8,0.8,0,0.0
evaluation-2d-01,central_cluster,2,1,24,20010024,SC-RRT,1,5000,5000,2971,2973,13960,1471,7866,2593,740.0,0.04873232200043276,269.0,2411.373239280397,0.7917431769183186,1.1278656359645538,2048.852196678052,0.9318331074829015,1,,1.2920746109719219,1.2920746109719219,0.9449384712464336,0.9449384712464336,99,0.07805002655943663
evaluation-2d-01,central_cluster,2,1,24,20010024,SC-RRT-no-ADCS,1,5000,5000,3444,3446,15488,1345,8298,3139,740.0,0.04911051003728062,269.0,2411.373239280397,0.7917431769183186,1.169176827010233,2134.699795421636,0.8943591568699168,1,,4.0,4.0,0.0,0.0,0,0.0
evaluation-2d-01,central_cluster,2,1,25,20010025,SC-RRT,1,5000,5000,3291,3293,15234,1178,8709,2863,507.0,0.037405883020255715,230.0,2392.268359095146,0.7980661124180113,1.2535954280174337,2085.6908867009492,0.9153745271541869,1,,1.293602116002234,1.293602116002234,0.9438554994623573,0.9438554994623573,99,0.0887979437092114
evaluation-2d-01,central_cluster,2,1,25,20010025,SC-RRT-no-ADCS,1,5000,5000,3620,3622,16164,1130,8812,2935,507.0,0.03698200802318752,230.0,2392.268359095146,0.7980661124180113,1.1919396670418791,2149.2929994510278,0.8882866643548939,1,,4.0,4.0,0.0,0.0,0,0.0
evaluation-2d-01,central_cluster,2,1,25,20010025,SC-RRT-no-SSFOR,1,5000,5000,3182,3184,14369,1248,8583,2748,507.0,0.035262366000097245,230.0,2392.268359095146,0.7980661124180113,1.1508706170134246,2147.138114470288,0.8891781559542044,1,,1.5,1.5,0.8,0.8,0,0.0
evaluation-2d-01,central_cluster,2,1,26,20010026,SC-RRT-no-ADCS,1,5000,5000,3596,3598,16013,1144,8693,2746,407.0,0.029640052001923323,197.0,2256.998062827246,0.8458971855793792,1.2113799959770404,2099.379175932619,0.9094061382958839,1,,4.0,4.0,0.0,0.0,0,0.0
evaluation-2d-01,central_cluster,2,1,26,20010026,SC-RRT-no-SSFOR,1,5000,5000,2897,2899,13056,1299,7765,2868,407.0,0.03184051800053567,197.0,2256.998062827246,0.8458971855793792,1.0142089679720812,2074.436605640872,0.9203406380374095,1,,1.5,1.5,0.8,0.8,0,0.0
evaluation-2d-01,central_cluster,2,1,26,20010026,SC-RRT,1,5000,5000,3272,3274,14812,1162,8369,2428,407.0,0.03045289998408407,197.0,2256.998062827246,0.8458971855793792,1.3063414720236324,2045.8480229378315,0.9332014342209495,1,,1.2887291468217077,1.2887291468217077,0.9473096121660699,0.9473096121660699,99,0.059568035779316804
evaluation-2d-01,central_cluster,2,1,27,20010027,SC-RRT-no-SSFOR,1,5000,5000,2972,2974,13663,1382,7876,2665,941.0,0.064901863981504,331.0,2283.6502271190916,0.8360248371363723,1.0721133850165643,2101.4803597182213,0.9084968604986978,1,,1.5,1.5,0.8,0.8,0,0.0
evaluation-2d-01,central_cluster,2,1,27,20010027,SC-RRT,1,5000,5000,2979,2981,14234,1533,8023,2547,941.0,0.0643392339698039,331.0,2283.6502271190916,0.8360248371363723,1.1631180709809996,2089.340496139101,0.9137755730727822,1,,1.2857658269029617,1.2857658269029617,0.949408989872224,0.949408989872224,99,0.09607942703902675
evaluation-2d-01,central_cluster,2,1,27,20010027,SC-RRT-no-ADCS,1,5000,5000,3323,3325,14606,1483,7539,2484,941.0,0.06254246999742463,331.0,2283.6502271190916,0.8360248371363723,1.0793286690022796,2169.434860993286,0.8800394718141238,1,,4.0,4.0,0.0,0.0,0,0.0
evaluation-2d-01,central_cluster,2,1,28,20010028,SC-RRT,1,5000,5000,3339,3341,15595,1138,8949,2829,284.0,0.020614390028640628,149.0,2217.1558388904996,0.861097932637458,1.211516808019951,2015.1990032393842,0.9473944291033807,1,,1.3064177633983851,1.3064177633983851,0.9347629421130594,0.9347629421130594,99,0.023966030678817443
evaluation-2d-01,central_cluster,2,1,28,20010028,SC-RRT-no-ADCS,1,5000,5000,3793,3795,17169,978,9499,3156,284.0,0.020320916024502367,149.0,2217.1558388904996,0.861097932637458,1.3020756090409122,2018.5385645925405,0.9458270169780305,1,,4.0,4.0,0.0,0.0,0,0.0
evaluation-2d-01,central_cluster,2,1,28,20010028,SC-RRT-no-SSFOR,1,5000,5000,3024,3026,13752,1085,8353,3008,284.0,0.02068994502769783,149.0,2217.1558388904996,0.861097932637458,1.0705725870211609,1999.991006530926,0.9545984471776455,1,,1.5,1.5,0.8,0.8,0,0.0
evaluation-2d-01,central_cluster,2,1,29,20010029,SC-RRT-no-ADCS,1,5000,5000,3292,3294,14356,1476,7427,2585,1101.0,0.07488315098453313,394.0,2433.2839602740532,0.7846138553383849,1.033339878951665,2086.8451512976317,0.914868220105606,1,,4.0,4.0,0.0,0.0,0,0.0
evaluation-2d-01,central_cluster,2,1,29,20010029,SC-RRT-no-SSFOR,1,5000,5000,2974,2976,13487,1479,7716,2661,1101.0,0.07441440899856389,394.0,2433.2839602740532,0.7846138553383849,0.9827117879758589,2163.922884108476,0.8822811215799186,1,,1.5,1.5,0.8,0.8,0,0.0
evaluation-2d-01,central_cluster,2,1,29,20010029,SC-RRT,1,5000,5000,2880,2882,13907,1558,7952,2545,1101.0,0.07129267900018021,394.0,2433.2839602740532,0.7846138553383849,1.0489483880228363,2118.8781059161183,0.9010373479592972,1,,1.294533865011309,1.294533865011309,0.9431948118293689,0.9431948118293689,99,0.09816240888040478
evaluation-2d-01,central_cluster,2,1,30,20010030,SC-RRT-no-SSFOR,1,5000,5000,2838,2840,12885,1334,7515,2363,468.0,0.030853532953187823,208.0,2310.540174860837,0.8262952230720975,0.9632439439883456,2040.9234976382481,0.9354531472703345,1,,1.5,1.5,0.8,0.8,0,0.0
evaluation-2d-01,central_cluster,2,1,30,20010030,SC-RRT,1,5000,5000,3058,3060,14536,1385,8277,2391,468.0,0.03125047602225095,208.0,2310.540174860837,0.8262952230720975,1.0812773249926977,2106.770829237772,0.9062154662044666,1,,1.2858899149470884,1.2858899149470884,0.9493210974950057,0.9493210974950057,99,0.051340639194058624
evaluation-2d-01,central_cluster,2,1,30,20010030,SC-RRT-no-ADCS,1,5000,5000,3563,3565,15937,1169,8686,3242,468.0,0.031140747014433146,208.0,2310.540174860837,0.8262952230720975,1.137557320005726,2127.781291484603,0.8972671753644345,1,,4.0,4.0,0.0,0.0,0,0.0
evaluation-2d-01,central_cluster,2,1,31,20010031,SC-RRT,1,5000,5000,3340,3342,17027,1112,10406,3145,277.0,0.018578017014078796,150.0,2215.8549009433,0.8616034869390264,1.2602399660390802,1987.0606252989598,0.9608102968254603,1,,1.2858207099616676,1.2858207099616676,0.9493701160449517,0.9493701160449517,99,0.07106323791292485
evaluation-2d-01,central_cluster,2,1,31,20010031,SC-RRT-no-ADCS,1,5000,5000,3693,3695,17630,1012,10231,2956,277.0,0.018704455986153334,150.0,2215.8549009433,0.8616034869390264,1.2001197619829327,2058.192878395267,0.9276041760926873,1,,4.0,4.0,0.0,0.0,0,0.0
evaluation-2d-01,central_cluster,2,1,31,20010031,SC-RRT-no-SSFOR,1,5000,5000,3180,3182,14754,1025,9165,3160,277.0,0.019144187041092664,150.0,2215.8549009433,0.8616034869390264,1.0948767190566286,2071.7694487669382,0.9215254671990535,1,,1.5,1.5,0.8,0.8,0,0.0
evaluation-2d-01,central_cluster,2,1,32,20010032,SC-RRT-no-ADCS,1,5000,5000,3223,3225,14040,1594,7087,2201,716.0,0.04331851901952177,258.0,2357.5149486315845,0.8098308391689577,0.9749672039761208,2098.073297480027,0.9099721689879869,1,,4.0,4.0,0.0,0.0,0,0.0
evaluation-2d-01,central_cluster,2,1,32,20010032,SC-RRT-no-SSFOR,1,5000,5000,2926,2928,12908,1417,7338,2435,716.0,0.04506790795130655,258.0,2357.5149486315845,0.8098308391689577,0.9556179759674706,2059.882583542503,0.9268432698335325,1,,1.5,1.5,0.8,0.8,0,0.0
evaluation-2d-01,central_cluster,2,1,32,20010032,SC-RRT,1,5000,5000,2753,2755,13267,1682,7519,2295,716.0,0.04426303500076756,258.0,2357.5149486315845,0.8098308391689577,1.0032795910374261,2005.0691033945877,0.9521808031311325,1,,1.290327896736041,1.290327896736041,0.9461766072326385,0.9461766072326385,99,0.11711470687144497
evaluation-2d-01,central_cluster,2,1,33,20010033,SC-RRT-no-SSFOR,1,5000,5000,3075,3077,14419,1175,8590,2990,481.0,0.03200285497587174,211.0,2407.7236215543635,0.7929432980231993,1.1912812429945916,2054.645971011776,0.9292054865605535,1,,1.5,1.5,0.8,0.8,0,0.0
evaluation-2d-01,central_cluster,2,1,33,20010033,SC-RRT,1,5000,5000,3117,3119,13905,1181,7893,2577,481.0,0.03338927403092384,211.0,2407.7236215543635,0.7929432980231993,1.0939060850068927,2079.90033379824,0.9179229784136755,1,,1.2889679465051747,1.2889679465051747,0.9471403948004317,0.9471403948004317,99,0.06026602845150346
evaluation-2d-01,central_cluster,2,1,33,20010033,SC-RRT-no-ADCS,1,5000,5000,3658,3660,15789,1100,8376,2925,481.0,0.03284759703092277,211.0,2407.7236215543635,0.7929432980231993,1.2446029669954441,2098.8626681842075,0.9096299334607622,1,,4.0,4.0,0.0,0.0,0,0.0
evaluation-2d-01,central_cluster,2,1,34,20010034,SC-RRT,1,5000,5000,3402,3404,15561,1055,8880,3049,129.0,0.011256032041274011,102.0,2071.042809991868,0.921848790373954,1.2807573390309699,1989.9753069309202,0.9594030149791972,1,,1.3359982604053537,1.3359982604053537,0.9137600725398498,0.9137600725398498,99,0.01891809821530474
evaluation-2d-01,central_cluster,2,1,34,20010034,SC-RRT-no-ADCS,1,5000,5000,3780,3782,16248,926,8714,2941,129.0,0.011050692002754658,102.0,2071.042809991868,0.921848790373954,1.2579664000077173,2016.3403878773743,0.9468581399658932,1,,4.0,4.0,0.0,0.0,0,0.0
evaluation-2d-01,central_cluster,2,1,34,20010034,SC-RRT-no-SSFOR,1,5000,5000,2921,2923,13032,1067,7925,2823,129.0,0.011083862977102399,102.0,2071.042809991868,0.921848790373954,0.9235201900009997,1997.5084909968307,0.9557848278536841,1,,1.5,1.5,0.8,0.8,0,0.0
evaluation-2d-01,central_cluster,2,1,35,20010035,SC-RRT-no-ADCS,1,5000,5000,3647,3649,15975,1087,8600,3125,481.0,0.03089906001696363,207.0,2427.7533198205324,0.7864012762815671,1.1417217130074278,2125.3987571732087,0.8982729959543726,1,,4.0,4.0,0.0,0.0,0,0.0
evaluation-2d-01,central_cluster,2,1,35,20010035,SC-RRT-no-SSFOR,1,5000,5000,2969,2971,13758,1174,8381,3173,481.0,0.030925681989174336,207.0,2427.7533198205324,0.7864012762815671,0.9843267030082643,2068.518280699282,0.9229738634740319,1,,1.5,1.5,0.8,0.8,0,0.0
evaluation-2d-01,central_cluster,2,1,35,20010035,SC-RRT,1,5000,5000,3320,3322,15822,1154,9224,3084,481.0,0.030945185979362577,207.0,2427.7533198205324,0.7864012762815671,1.2060737879946828,2092.071314762578,0.9125828052474136,1,,1.2878121248943415,1.2878121248943415,0.9479593765300472,0.9479593765300472,99,0.08013133975744391
evaluation-2d-01,central_cluster,2,1,36,20010036,SC-RRT-no-SSFOR,1,5000,5000,3052,3054,14055,1213,8459,3126,552.0,0.03462464996846393,229.0,2662.409757125457,0.7170903367124771,1.034080001001712,2070.063213630843,0.9222850281248204,1,,1.5,1.5,0.8,0.8,0,0.0
evaluation-2d-01,central_cluster,2,1,36,20010036,SC-RRT,1,5000,5000,3245,3247,14669,1072,8531,2671,552.0,0.0344272080110386,229.0,2662.409757125457,0.7170903367124771,1.160744158027228,2311.9076944730423,0.8258064600796458,1,,1.290876746103701,1.290876746103701,0.9457875921884309,0.9457875921884309,99,0.07277193419004474
evaluation-2d-01,central_cluster,2,1,36,20010036,SC-RRT-no-ADCS,1,5000,5000,3635,3637,16060,1134,8677,3023,552.0,0.03631613001925871,229.0,2662.409757125457,0.7170903367124771,1.132510062016081,2226.641328916263,0.8574296562315704,1,,4.0,4.0,0.0,0.0,0,0.0
evaluation-2d-01,central_cluster,2,1,37,20010037,SC-RRT,1,5000,5000,3051,3053,14396,1422,8155,2498,647.0,0.040309973002877086,252.0,2574.6807352859705,0.7415242919396856,1.1232877990114503,2212.7389444325995,0.8628167882195615,1,,1.2870084766668086,1.2870084766668086,0.9485287391258037,0.9485287391258037,99,0.11068952328798692
evaluation-2d-01,central_cluster,2,1,37,20010037,SC-RRT-no-ADCS,1,5000,5000,3439,3441,15296,1342,8135,3033,647.0,0.04274346597958356,252.0,2574.6807352859705,0.7415242919396856,1.0967534080264159,2115.2617327474413,0.9025778132542958,1,,4.0,4.0,0.0,0.0,0,0.0
evaluation-2d-01,central_cluster,2,1,37,20010037,SC-RRT-no-SSFOR,1,5000,5000,2904,2906,13286,1316,7804,2831,647.0,0.04195769299985841,252.0,2574.6807352859705,0.7415242919396856,0.9894298840081319,2061.848003113976,0.925959773135683,1,,1.5,1.5,0.8,0.8,0,0.0
evaluation-2d-01,central_cluster,2,1,38,20010038,SC-RRT-no-ADCS,1,5000,5000,3665,3667,16041,1030,8694,3001,293.0,0.02074166398961097,147.0,2138.914851672289,0.8925966864510753,1.1786672449670732,2042.2653826969129,0.9348385010974922,1,,4.0,4.0,0.0,0.0,0,0.0
evaluation-2d-01,central_cluster,2,1,38,20010038,SC-RRT-no-SSFOR,1,5000,5000,3056,3058,14179,1084,8790,3231,293.0,0.021204376011155546,147.0,2138.914851672289,0.8925966864510753,1.081342849007342,1995.1607196670684,0.9569095313395423,1,,1.5,1.5,0.8,0.8,0,0.0
evaluation-2d-01,central_cluster,2,1,38,20010038,SC-RRT,1,5000,5000,3225,3227,14975,1110,8715,3148,293.0,0.021315945021342486,147.0,2138.914851672289,0.8925966864510753,1.153760768007487,2027.626768906905,0.9415876424993753,1,,1.2958479224217607,1.2958479224217607,0.9422629186466444,0.9422629186466444,99,0.023642513045979956
evaluation-2d-01,central_cluster,2,1,39,20010039,SC-RRT-no-SSFOR,1,5000,5000,3069,3071,13569,1300,7789,2894,576.0,0.039620701980311424,236.0,2680.52992846143,0.7122428624773885,1.117544936016202,2089.516481098566,0.9136986123219856,1,,1.5,1.5,0.8,0.8,0,0.0
evaluation-2d-01,central_cluster,2,1,39,20010039,SC-RRT,1,5000,5000,3194,3196,14288,1149,8128,2650,576.0,0.039680524030700326,236.0,2680.52992846143,0.7122428624773885,1.1582395390141755,2150.712517151157,0.8877003755632562,1,,1.289202423265058,1.289202423265058,0.946974235325954,0.946974235325954,99,0.05624626600480827
evaluation-2d-01,central_cluster,2,1,39,20010039,SC-RRT-no-ADCS,1,5000,5000,3637,3639,15432,1120,8072,2536,576.0,0.04002100101206452,236.0,2680.52992846143,0.7122428624773885,1.2027504720026627,2108.552910827081,0.9054495618299652,1,,4.0,4.0,0.0,0.0,0,0.0
evaluation-2d-01,central_cluster,2,1,40,20010040,SC-RRT,1,5000,5000,3137,3139,14275,1203,8171,2369,472.0,0.03150365804322064,194.0,2530.2384893370727,0.7545487578540034,1.2355810510343872,2246.446081438451,0.8498705243711797,1,,1.2877855425919384,1.2877855425919384,0.9479782104106427,0.9479782104106427,99,0.054388283889640884
evaluation-2d-01,central_cluster,2,1,40,20010040,SC-RRT-no-ADCS,1,5000,5000,3464,3466,15047,1293,7901,2849,472.0,0.030456790002062917,194.0,2530.2384893370727,0.7545487578540034,1.1364571320009418,2102.9772104230124,0.9078502133742317,1,,4.0,4.0,0.0,0.0,0,0.0
evaluation-2d-01,central_cluster,2,1,40,20010040,SC-RRT-no-SSFOR,1,5000,5000,2809,2811,12669,1409,7224,2474,472.0,0.02978873299434781,194.0,2530.2384893370727,0.7545487578540034,0.9783434449927881,2108.8449169149194,0.9053241866626572,1,,1.5,1.5,0.8,0.8,0,0.0
evaluation-2d-01,central_cluster,2,1,41,20010041,SC-RRT-no-ADCS,1,5000,5000,3529,3531,15349,1249,8037,2633,443.0,0.027465047023724765,188.0,2204.6575502712444,0.8659795300040073,1.050783870043233,2026.003582257607,0.9423420204796679,1,,4.0,4.0,0.0,0.0,0,0.0
evaluation-2d-01,central_cluster,2,1,41,20010041,SC-RRT-no-SSFOR,1,5000,5000,3130,3132,13898,979,8243,2607,443.0,0.027248473023064435,188.0,2204.6575502712444,0.8659795300040073,1.0654971239855513,1993.9248671192213,0.9575026324647987,1,,1.5,1.5,0.8,0.8,0,0.0
evaluation-2d-01,central_cluster,2,1,41,20010041,SC-RRT,1,5000,5000,3099,3101,13866,1262,7751,2317,443.0,0.028434214007575065,188.0,2204.6575502712444,0.8659795300040073,1.0763347040046938,2006.64520022167,0.9514329234648827,1,,1.286521392189288,1.286521392189288,0.9488737925747623,0.9488737925747623,99,0.03806760564677091
evaluation-2d-01,central_cluster,2,1,42,20010042,SC-RRT-no-SSFOR,1,5000,5000,3105,3107,14699,1022,9233,2900,277.0,0.02000979398144409,145.0,2424.9901746594433,0.7872973380074819,1.10562338802265,2077.54395454175,0.9189640994261389,1,,1.5,1.5,0.8,0.8,0,0.0
evaluation-2d-01,central_cluster,2,1,42,20010042,SC-RRT,1,5000,5000,3388,3390,15988,1102,9256,3450,277.0,0.018704111978877336,145.0,2424.9901746594433,0.7872973380074819,1.2073775149765424,2166.7701498211727,0.8811217513593894,1,,1.2869180858265743,1.2869180858265743,0.9485927743861828,0.9485927743861828,99,0.042315305627011225
evaluation-2d-01,central_cluster,2,1,42,20010042,SC-RRT-no-ADCS,1,5000,5000,3742,3744,16252,1004,8712,3049,277.0,0.018835951981600374,145.0,2424.9901746594433,0.7872973380074819,1.19835742196301,2176.7253641580764,0.877091956863434,1,,4.0,4.0,0.0,0.0,0,0.0
evaluation-2d-01,central_cluster,2,1,43,20010043,SC-RRT,1,5000,5000,3416,3418,16514,1162,9646,3255,471.0,0.03305632300907746,248.0,2478.378097236253,0.7703377912081684,1.2791684159892611,2021.1555051151688,0.9446023843152482,1,,1.2929510060051115,1.2929510060051115,0.9443171482140955,0.9443171482140955,99,0.08337514333833586
evaluation-2d-01,central_cluster,2,1,43,20010043,SC-RRT-no-ADCS,1,5000,5000,3730,3732,16210,983,8803,3317,471.0,0.033544544014148414,248.0,2478.378097236253,0.7703377912081684,1.212542113964446,2081.281990366856,0.9173136163385319,1,,4.0,4.0,0.0,0.0,0,0.0
evaluation-2d-01,central_cluster,2,1,43,20010043,SC-RRT-no-SSFOR,1,5000,5000,3138,3140,13937,1038,8332,2764,471.0,0.03342131100362167,248.0,2478.378097236253,0.7703377912081684,1.0868996639619581,2184.5511393071743,0.8739499272189953,1,,1.5,1.5,0.8,0.8,0,0.0
evaluation-2d-01,central_cluster,2,1,44,20010044,SC-RRT-no-ADCS,1,5000,5000,3595,3597,16285,1191,8948,2896,367.0,0.025831295002717525,205.0,2355.104398661302,0.8106597356316377,1.1467088679783046,2072.8492746241227,0.9210454096088961,1,,4.0,4.0,0.0,0.0,0,0.0
evaluation-2d-01,central_cluster,2,1,44,20010044,SC-RRT-no-SSFOR,1,5000,5000,3082,3084,14154,1105,8631,3099,367.0,0.02543112594867125,205.0,2355.104398661302,0.8106597356316377,1.0290705609950237,2038.7246272877856,0.9364620820535063,1,,1.5,1.5,0.8,0.8,0,0.0
evaluation-2d-01,central_cluster,2,1,44,20010044,SC-RRT,1,5000,5000,3199,3201,14903,1294,8511,2721,367.0,0.026277800963725895,205.0,2355.104398661302,0.8106597356316377,1.1189559460035525,2113.4075938520386,0.9033696645917049,1,,1.2866385008691814,1.2866385008691814,0.948790834375812,0.948790834375812,99,0.03908055229479468
evaluation-2d-01,central_cluster,2,1,45,20010045,SC-RRT-no-SSFOR,1,5000,5000,3031,3033,13684,1045,8369,2591,176.0,0.012629659031517804,106.0,2132.229438965334,0.8953953426935675,1.0029100950341672,2010.7476154374206,0.9494917684079168,1,,1.5,1.5,0.8,0.8,0,0.0
evaluation-2d-01,central_cluster,2,1,45,20010045,SC-RRT,1,5000,5000,3165,3167,14349,1149,8236,2705,176.0,0.012457061966415495,106.0,2132.229438965334,0.8953953426935675,1.077171812998131,2001.454536327847,0.9539004131997654,1,,1.2866482342156282,1.2866482342156282,0.9487839393405738,0.9487839393405738,99,0.02657646631265571
evaluation-2d-01,central_cluster,2,1,45,20010045,SC-RRT-no-ADCS,1,5000,5000,3637,3639,16184,1078,8882,2626,176.0,0.013136252004187554,106.0,2132.229438965334,0.8953953426935675,1.1593773619970307,2004.5569344038795,0.9524240875560054,1,,4.0,4.0,0.0,0.0,0,0.0
evaluation-2d-01,central_cluster,2,1,46,20010046,SC-RRT,1,5000,5000,2736,2738,12793,1660,7094,2017,1292.0,0.08859829901484773,434.0,2710.2198360793227,0.7044403866387318,0.9595779739902355,2202.8279928133015,0.8666987687792151,1,,1.2765028110725856,1.2765028110725856,0.95,0.95,99,0.1777235406687975
evaluation-2d-01,central_cluster,2,1,46,20010046,SC-RRT-no-ADCS,1,5000,5000,3239,3241,13564,1537,6691,1984,1292.0,0.08570109301945195,434.0,2710.2198360793227,0.7044403866387318,0.9495753609808162,2270.2259987832363,0.8409683926740942,1,,4.0,4.0,0.0,0.0,0,0.0
evaluation-2d-01,central_cluster,2,1,46,20010046,SC-RRT-no-SSFOR,1,5000,5000,2807,2809,12694,1620,7086,2511,1292.0,0.08948246703948826,434.0,2710.2198360793227,0.7044403866387318,0.919436531024985,2195.003128588436,0.8697884227761626,1,,1.5,1.5,0.8,0.8,0,0.0
evaluation-2d-01,central_cluster,2,1,47,20010047,SC-RRT-no-ADCS,1,5000,5000,3497,3499,15278,1282,8070,2423,519.0,0.034505980962421745,236.0,2427.4161929314496,0.7865104940649104,1.0729909889632836,2207.3730543249308,0.8649142044490324,1,,4.0,4.0,0.0,0.0,0,0.0
evaluation-2d-01,central_cluster,2,1,47,20010047,SC-RRT-no-SSFOR,1,5000,5000,3130,3132,13454,1108,7830,2512,519.0,0.03459625301184133,236.0,2427.4161929314496,0.7865104940649104,1.0481309940223582,2101.4862390650696,0.908494318788905,1,,1.5,1.5,0.8,0.8,0,0.0
evaluation-2d-01,central_cluster,2,1,47,20010047,SC-RRT,1,5000,5000,3077,3079,14450,1356,8286,2865,519.0,0.03303699300158769,236.0,2427.4161929314496,0.7865104940649104,1.0564940640470013,2092.3977881871874,0.9124404164361891,1,,1.2915202979930402,1.2915202979930402,0.9453314186190842,0.9453314186190842,99,0.09850392140165182
evaluation-2d-01,central_cluster,2,1,48,20010048,SC-RRT-no-SSFOR,1,5000,5000,2677,2679,12038,1782,6542,2139,1234.0,0.07921776501461864,354.0,2434.362605667432,0.7842661996035032,0.9094870749977417,2063.500034050894,0.9252184529678521,1,,1.5,1.5,0.8,0.8,0,0.0
evaluation-2d-01,central_cluster,2,1,48,20010048,SC-RRT,1,5000,5000,2672,2674,13006,1775,7250,2001,1234.0,0.07811031199526042,354.0,2434.362605667432,0.7842661996035032,0.9190130640054122,2071.310692656857,0.921729567646259,1,,1.2885016245578331,1.2885016245578331,0.9474708329621703,0.9474708329621703,99,0.12014295841256235
evaluation-2d-01,central_cluster,2,1,48,20010048,SC-RRT-no-ADCS,1,5000,5000,3100,3102,13322,1710,6505,2090,1234.0,0.08116689696907997,354.0,2434.362605667432,0.7842661996035032,0.9256590449949726,2203.3159710032955,0.8665068171472092,1,,4.0,4.0,0.0,0.0,0,0.0
evaluation-2d-01,central_cluster,2,1,49,20010049,SC-RRT,1,5000,5000,3302,3304,16159,1181,9472,3226,269.0,0.018009339983109385,132.0,2314.0649128020905,0.8250366265187656,1.1923587269848213,2012.91461647893,0.948469594077123,1,,1.2813999224671326,1.2813999224671326,0.95,0.95,99,0.05146161678735629
evaluation-2d-01,central_cluster,2,1,49,20010049,SC-RRT-no-ADCS,1,5000,5000,3694,3696,16492,1029,9007,3310,269.0,0.018342230992857367,132.0,2314.0649128020905,0.8250366265187656,1.252371505019255,2046.7291949041874,0.9327996659045322,1,,4.0,4.0,0.0,0.0,0,0.0
evaluation-2d-01,central_cluster,2,1,49,20010049,SC-RRT-no-SSFOR,1,5000,5000,3018,3020,13785,1193,8230,2958,269.0,0.017687087995000184,132.0,2314.0649128020905,0.8250366265187656,1.007473651028704,2013.4480540927761,0.948218309045934,1,,1.5,1.5,0.8,0.8,0,0.0
evaluation-2d-02,slab_clutter,2,2,0,20020000,SC-RRT-no-ADCS,1,5000,5000,3548,3550,15572,1251,8356,3133,418.0,0.02963647700380534,216.0,2205.921267269627,0.8654834320387014,1.1188295799656771,2029.4065374167992,0.94076187989118,1,,4.0,4.0,0.0,0.0,0,0.0
evaluation-2d-02,slab_clutter,2,2,0,20020000,SC-RRT-no-SSFOR,1,5000,5000,2848,2850,13364,1359,8171,3159,418.0,0.02866341604385525,216.0,2205.921267269627,0.8654834320387014,0.9767113060224801,2018.5383675445096,0.9458271093088747,1,,1.5,1.5,0.8,0.8,0,0.0
evaluation-2d-02,slab_clutter,2,2,0,20020000,SC-RRT,1,5000,5000,3169,3171,15013,1369,8601,2787,418.0,0.028852961026132107,216.0,2205.921267269627,0.8654834320387014,1.1636180840432644,2005.884478693946,0.9517937495816171,1,,1.2861060832933502,1.2861060832933502,0.9491679800966758,0.9491679800966758,99,0.04408141030488074
evaluation-2d-02,slab_clutter,2,2,1,20020001,SC-RRT-no-SSFOR,1,5000,5000,2974,2976,13577,1459,7877,3042,918.0,0.06027414201525971,349.0,2690.9930333842067,0.7094735235351662,0.9743632989702746,2041.3420534862648,0.9352613423816502,1,,1.5,1.5,0.8,0.8,0,0.0
evaluation-2d-02,slab_clutter,2,2,1,20020001,SC-RRT,1,5000,5000,2986,2988,14850,1585,8734,3076,918.0,0.0638607099535875,349.0,2690.9930333842067,0.7094735235351662,1.1014164579682983,2032.3096228307768,0.9394180334315376,1,,1.2583739960299685,1.2583739960299685,0.95,0.95,99,0.18858387752623143
evaluation-2d-02,slab_clutter,2,2,1,20020001,SC-RRT-no-ADCS,1,5000,5000,3221,3223,13991,1556,7199,2535,918.0,0.06420967599842697,349.0,2690.9930333842067,0.7094735235351662,1.0910578530165367,2311.9315827671644,0.8257979273411541,1,,4.0,4.0,0.0,0.0,0,0.0
evaluation-2d-02,slab_clutter,2,2,2,20020002,SC-RRT,1,5000,5000,2609,2611,12588,1953,7522,3033,1470.0,0.11103427200578153,534.0,2523.684635001626,0.7565082747363354,0.956850940012373,2065.84022614593,0.9241703617929328,1,,1.1866786058541958,1.1866786058541958,0.95,0.95,99,0.252497863717955
evaluation-2d-02,slab_clutter,2,2,2,20020002,SC-RRT-no-ADCS,1,5000,5000,2555,2557,11518,2326,5524,1975,1470.0,0.10972278699046001,534.0,2523.684635001626,0.7565082747363354,0.8004867900162935,2238.211748894782,0.8529971796218236,1,,4.0,4.0,0.0,0.0,0,0.0
evaluation-2d-02,slab_clutter,2,2,2,20020002,SC-RRT-no-SSFOR,1,5000,5000,2593,2595,11890,1865,6597,2578,1470.0,0.1042571029975079,534.0,2523.684635001626,0.7565082747363354,0.8550951280049048,2009.739573632766,0.9499680128966494,1,,1.5,1.5,0.8,0.8,0,0.0
evaluation-2d-02,slab_clutter,2,2,3,20020003,SC-RRT-no-ADCS,1,5000,5000,3729,3731,16311,1066,8735,2975,315.0,0.020515997020993382,152.0,2105.8521576008143,0.9066107999617627,1.1325632460066117,1992.5236856158583,0.9581759669840901,1,,4.0,4.0,0.0,0.0,0,0.0
evaluation-2d-02,slab_clutter,2,2,3,20020003,SC-RRT-no-SSFOR,1,5000,5000,3151,3153,14483,1124,8918,3418,315.0,0.02006539999274537,152.0,2105.8521576008143,0.9066107999617627,1.0466067050001584,1998.8663121424531,0.955135567399375,1,,1.5,1.5,0.8,0.8,0,0.0
evaluation-2d-02,slab_clutter,2,2,3,20020003,SC-RRT,1,5000,5000,3617,3619,17205,1058,9926,2996,315.0,0.020861970959231257,152.0,2105.8521576008143,0.9066107999617627,1.3861386959906667,1989.972269390454,0.9594044794345197,1,,1.2955848989986631,1.2955848989986631,0.9424494582628133,0.9424494582628133,99,0.024027893124353328
evaluation-2d-02,slab_clutter,2,2,4,20020004,SC-RRT-no-SSFOR,1,5000,5000,2707,2709,12546,1858,6886,2607,1260.0,0.08787690900499001,472.0,2622.8564434437444,0.7279042335603249,0.9213460590108298,2051.110337105803,0.9308072192243045,1,,1.5,1.5,0.8,0.8,0,0.0
evaluation-2d-02,slab_clutter,2,2,4,20020004,SC-RRT,1,5000,5000,2785,2787,13788,1583,8306,3370,1260.0,0.09094657702371478,472.0,2622.8564434437444,0.7279042335603249,1.0842246150132269,1996.1897224507652,0.9564162603040189,1,,1.1939164865243517,1.1939164865243517,0.95,0.95,99,0.2445376509406909
evaluation-2d-02,slab_clutter,2,2,4,20020004,SC-RRT-no-ADCS,1,5000,5000,3064,3066,13604,1763,6945,2565,1260.0,0.08990739099681377,472.0,2622.8564434437444,0.7279042335603249,0.9572922849911265,2050.7511629387304,0.9309702433462516,1,,4.0,4.0,0.0,0.0,0,0.0
evaluation-2d-02,slab_clutter,2,2,5,20020005,SC-RRT,1,5000,5000,3116,3118,15730,1528,9518,3726,603.0,0.03815313702216372,244.0,2319.4376010275364,0.8231255319642515,1.126646023010835,1992.7240003036334,0.9580796482165986,1,,1.2894620592133936,1.2894620592133936,0.9467902408621972,0.9467902408621972,99,0.11751437802693256
evaluation-2d-02,slab_clutter,2,2,5,20020005,SC-RRT-no-ADCS,1,5000,5000,3160,3162,14165,1641,7465,2830,603.0,0.03816278598969802,244.0,2319.4376010275364,0.8231255319642515,1.0029270030208863,2110.9719607115644,0.9044119698113522,1,,4.0,4.0,0.0,0.0,0,0.0
evaluation-2d-02,slab_clutter,2,2,5,20020005,SC-RRT-no-SSFOR,1,5000,5000,2998,3000,13714,1448,7907,2932,603.0,0.04137894097948447,244.0,2319.4376010275364,0.8231255319642515,1.0784824849688448,2068.8444691517093,0.9228283409755326,1,,1.5,1.5,0.8,0.8,0,0.0
evaluation-2d-02,slab_clutter,2,2,6,20020006,SC-RRT-no-ADCS,1,5000,5000,3465,3467,15306,1335,8164,2836,555.0,0.03652424900792539,259.0,2448.41111959221,0.7797662304040096,1.1036773700034246,2104.571987617155,0.9071622735819578,1,,4.0,4.0,0.0,0.0,0,0.0
evaluation-2d-02,slab_clutter,2,2,6,20020006,SC-RRT-no-SSFOR,1,5000,5000,3154,3156,14280,1083,8590,3435,555.0,0.03833362302975729,259.0,2448.41111959221,0.7797662304040096,1.0263799300300889,1994.3967555843653,0.9572760805280589,1,,1.5,1.5,0.8,0.8,0,0.0
evaluation-2d-02,slab_clutter,2,2,6,20020006,SC-RRT,1,5000,5000,3001,3003,13726,1339,7916,2842,555.0,0.03638646099716425,259.0,2448.41111959221,0.7797662304040096,0.9925884149852209,2071.6913794319103,0.921560193838914,1,,1.2932788732954927,1.2932788732954927,0.9440846888172542,0.9440846888172542,99,0.10479519227205131
evaluation-2d-02,slab_clutter,2,2,7,20020007,SC-RRT-no-SSFOR,1,5000,5000,2650,2652,12559,1834,7273,2793,1268.0,0.08395983895752579,427.0,2131.595388962699,0.8956616809594193,0.917568628967274,2038.3329544367043,0.936642026538439,1,,1.5,1.5,0.8,0.8,0,0.0
evaluation-2d-02,slab_clutter,2,2,7,20020007,SC-RRT,1,5000,5000,2632,2634,13116,1787,7614,2402,1268.0,0.08057523099705577,427.0,2131.595388962699,0.8956616809594193,0.941248823015485,2034.6604607847075,0.9383326338721703,1,,1.2861419293444478,1.2861419293444478,0.9491425889682346,0.9491425889682346,99,0.10581486001661065
evaluation-2d-02,slab_clutter,2,2,7,20020007,SC-RRT-no-ADCS,1,5000,5000,3006,3008,13350,1811,6730,2212,1268.0,0.08278910600347444,427.0,2131.595388962699,0.8956616809594193,0.9410461719962768,2074.4996264580386,0.9203126791897236,1,,4.0,4.0,0.0,0.0,0,0.0
evaluation-2d-02,slab_clutter,2,2,8,20020008,SC-RRT,1,5000,5000,2608,2610,12392,1796,7013,2419,1244.0,0.08760740997968242,456.0,2623.774434835048,0.7276495585352045,0.9399543139734305,2087.073041624579,0.9147683244078342,1,,1.305298035247955,1.305298035247955,0.9355577496490111,0.9355577496490111,99,0.12323886633996364
evaluation-2d-02,slab_clutter,2,2,8,20020008,SC-RRT-no-ADCS,1,5000,5000,3019,3021,13281,1805,6736,2609,1244.0,0.0910110260010697,456.0,2623.774434835048,0.7276495585352045,1.0184005480259657,2058.4608732524466,0.9274834095763443,1,,4.0,4.0,0.0,0.0,0,0.0
evaluation-2d-02,slab_clutter,2,2,8,20020008,SC-RRT-no-SSFOR,1,5000,5000,2896,2898,13279,1621,7644,2931,1244.0,0.09183136699721217,456.0,2623.774434835048,0.7276495585352045,1.0314152190112509,2204.6512332409466,0.8659820113120917,1,,1.5,1.5,0.8,0.8,0,0.0
evaluation-2d-02,slab_clutter,2,2,9,20020009,SC-RRT-no-ADCS,1,5000,5000,3631,3633,15551,1126,8155,2718,388.0,0.027716141019482166,202.0,2170.9717895712474,0.8794164522887377,1.1741831109975465,2044.369570780319,0.9338763091034253,1,,4.0,4.0,0.0,0.0,0,0.0
evaluation-2d-02,slab_clutter,2,2,9,20020009,SC-RRT-no-SSFOR,1,5000,5000,3038,3040,14555,1358,8762,3312,388.0,0.02625849097967148,202.0,2170.9717895712474,0.8794164522887377,1.1153087999555282,2000.450863815776,0.9543790071214154,1,,1.5,1.5,0.8,0.8,0,0.0
evaluation-2d-02,slab_clutter,2,2,9,20020009,SC-RRT,1,5000,5000,3278,3280,14886,1248,8273,2789,388.0,0.027579699992202222,202.0,2170.9717895712474,0.8794164522887377,1.2007292750058696,2052.6759321012,0.9300972839143478,1,,1.3174704396030275,1.3174704396030275,0.926915347355477,0.926915347355477,99,0.025910230922292665
evaluation-2d-02,slab_clutter,2,2,10,20020010,SC-RRT-no-SSFOR,1,5000,5000,3155,3157,14089,1107,8528,3099,422.0,0.02997883001808077,213.0,2123.7545932593093,0.8989684190740994,1.0880809919908643,2014.9062197428725,0.9475320938000354,1,,1.5,1.5,0.8,0.8,0,0.0
evaluation-2d-02,slab_clutter,2,2,10,20020010,SC-RRT,1,5000,5000,3384,3386,15464,1110,8816,2993,422.0,0.03226646297844127,213.0,2123.7545932593093,0.8989684190740994,1.2695778550114483,2015.3829719525093,0.9473079487984613,1,,1.2855384908869096,1.2855384908869096,0.9495700091651704,0.9495700091651704,99,0.04387358283373822
evaluation-2d-02,slab_clutter,2,2,10,20020010,SC-RRT-no-ADCS,1,5000,5000,3787,3789,16481,977,8933,3397,422.0,0.031244882033206522,213.0,2123.7545932593093,0.8989684190740994,1.2481231690035202,2032.0137054391894,0.9395548386771514,1,,4.0,4.0,0.0,0.0,0,0.0
evaluation-2d-02,slab_clutter,2,2,11,20020011,SC-RRT,1,5000,5000,2812,2814,13284,1746,7678,2546,973.0,0.07251422398258,421.0,2331.6756690380967,0.8188052629083228,1.0164656319539063,2223.2257773372876,0.8587469291986505,1,,1.3153045654085123,1.3153045654085123,0.9284533663046961,0.9284533663046961,99,0.051417646918986135
evaluation-2d-02,slab_clutter,2,2,11,20020011,SC-RRT-no-ADCS,1,5000,5000,2812,2814,12742,2076,6430,2232,973.0,0.07121987297432497,421.0,2331.6756690380967,0.8188052629083228,0.9188191639841534,2227.2868802567964,0.8571811409330249,1,,4.0,4.0,0.0,0.0,0,0.0
evaluation-2d-02,slab_clutter,2,2,11,20020011,SC-RRT-no-SSFOR,1,5000,5000,2747,2749,12677,1815,7205,2694,973.0,0.08055029797833413,421.0,2331.6756690380967,0.8188052629083228,0.9527633030083962,2058.6406945034114,0.927402394357222,1,,1.5,1.5,0.8,0.8,0,0.0
evaluation-2d-02,slab_clutter,2,2,12,20020012,SC-RRT-no-ADCS,1,5000,5000,2776,2778,12205,2068,5930,2087,1944.0,0.14583088201470673,677.0,2721.3952505676248,0.7015476009247325,0.8671674220240675,2345.7672001822584,0.8138865225224995,1,,4.0,4.0,0.0,0.0,0,0.0
evaluation-2d-02,slab_clutter,2,2,12,20020012,SC-RRT-no-SSFOR,1,5000,5000,2610,2612,11974,1978,6601,2549,1944.0,0.14232452801661566,677.0,2721.3952505676248,0.7015476009247325,0.8339603139902465,2017.5098878231927,0.9463092700197921,1,,1.5,1.5,0.8,0.8,0,0.0
evaluation-2d-02,slab_clutter,2,2,12,20020012,SC-RRT,1,5000,5000,2577,2579,13065,1927,8050,2973,1944.0,0.1399088500184007,677.0,2721.3952505676248,0.7015476009247325,0.9934648839989677,2260.9419474576807,0.8444216408786912,1,,1.0627755037611406,1.0627755037611406,0.95,0.95,99,0.3730978213679272
evaluation-2d-02,slab_clutter,2,2,13,20020013,SC-RRT-no-SSFOR,1,5000,5000,2962,2964,13643,1405,7967,3042,771.0,0.060229290975257754,339.0,2207.8776324462256,0.8647165409653553,1.1248477720073424,2021.0722285984323,0.9446413058318341,1,,1.5,1.5,0.8,0.8,0,0.0
evaluation-2d-02,slab_clutter,2,2,13,20020013,SC-RRT,1,5000,5000,3252,3254,16454,1328,9848,3382,771.0,0.06011864001629874,339.0,2207.8776324462256,0.8647165409653553,1.3125587480026297,2041.5297687753564,0.9351753466465174,1,,1.2849854651432646,1.2849854651432646,0.9499616870275976,0.9499616870275976,99,0.04948790308910234
evaluation-2d-02,slab_clutter,2,2,13,20020013,SC-RRT-no-ADCS,1,5000,5000,3471,3473,15034,1332,7857,2834,771.0,0.060075524961575866,339.0,2207.8776324462256,0.8647165409653553,1.1626777870114893,2051.344466776714,0.9307009817827396,1,,4.0,4.0,0.0,0.0,0,0.0
evaluation-2d-02,slab_clutter,2,2,14,20020014,SC-RRT,1,5000,5000,3190,3192,15041,1331,8637,2576,561.0,0.042111376009415835,274.0,2408.4546044525423,0.7927026341597372,1.1545674889930524,2019.0111494916798,0.945605629609499,1,,1.2890616628879528,1.2890616628879528,0.9470739843175311,0.9470739843175311,99,0.0643612664684796
evaluation-2d-02,slab_clutter,2,2,14,20020014,SC-RRT-no-ADCS,1,5000,5000,3498,3500,15638,1280,8446,3122,561.0,0.0422267290414311,274.0,2408.4546044525423,0.7927026341597372,1.2162360430229455,2041.154736715995,0.9353471713150777,1,,4.0,4.0,0.0,0.0,0,0.0
evaluation-2d-02,slab_clutter,2,2,14,20020014,SC-RRT-no-SSFOR,1,5000,5000,2971,2973,13425,1298,7813,2862,561.0,0.04268415202386677,274.0,2408.4546044525423,0.7927026341597372,1.0715793630224653,2005.0119093387946,0.9522079646066957,1,,1.5,1.5,0.8,0.8,0,0.0
evaluation-2d-02,slab_clutter,2,2,15,20020015,SC-RRT-no-ADCS,1,5000,5000,3155,3157,13735,1683,6952,2444,1314.0,0.09537098801229149,494.0,2273.9993498270396,0.8395729353875546,0.9740708490135148,2124.0772778617315,0.8988318500001196,1,,4.0,4.0,0.0,0.0,0,0.0
evaluation-2d-02,slab_clutter,2,2,15,20020015,SC-RRT-no-SSFOR,1,5000,5000,2865,2867,13276,1706,7628,3049,1314.0,0.09480764297768474,494.0,2273.9993498270396,0.8395729353875546,0.9235358469886705,2103.5551812784106,0.9076007732981798,1,,1.5,1.5,0.8,0.8,0,0.0
evaluation-2d-02,slab_clutter,2,2,15,20020015,SC-RRT,1,5000,5000,2868,2870,13767,1677,7901,2526,1314.0,0.09324893302982673,494.0,2273.9993498270396,0.8395729353875546,1.0542380930273794,2125.9067921685623,0.8980583326779735,1,,1.293049602017417,1.293049602017417,0.9442472441466171,0.9442472441466171,99,0.11078362752062276
evaluation-2d-02,slab_clutter,2,2,16,20020016,SC-RRT-no-SSFOR,1,5000,5000,3076,3078,14330,1171,8672,3411,316.0,0.022263071034103632,172.0,2332.217243471782,0.8186151245334354,1.066749076009728,2018.2050244456423,0.9459833297799323,1,,1.5,1.5,0.8,0.8,0,0.0
evaluation-2d-02,slab_clutter,2,2,16,20020016,SC-RRT,1,5000,5000,3290,3292,15039,1253,8748,3061,316.0,0.022000274970196187,172.0,2332.217243471782,0.8186151245334354,1.2040311290184036,2089.027889233963,0.9139123125367986,1,,1.2898197542531051,1.2898197542531051,0.9465367449544769,0.9465367449544769,99,0.06780566030040379
evaluation-2d-02,slab_clutter,2,2,16,20020016,SC-RRT-no-ADCS,1,5000,5000,3057,3059,14366,1725,7810,3036,316.0,0.028754892002325505,172.0,2332.217243471782,0.8186151245334354,1.0548934490070678,2181.9127032977012,0.8750067343749214,1,,4.0,4.0,0.0,0.0,0,0.0
evaluation-2d-02,slab_clutter,2,2,17,20020017,SC-RRT,1,5000,5000,2617,2619,12165,1779,6661,2340,1339.0,0.09450143296271563,501.0,2613.233040449246,0.7305847889002146,1.0122550619998947,2121.3492080680066,0.8999877539928698,1,,1.2196778886519817,1.2196778886519817,0.95,0.95,99,0.22405094421129046
evaluation-2d-02,slab_clutter,2,2,17,20020017,SC-RRT-no-ADCS,1,5000,5000,3152,3154,14046,1680,7237,2681,1339.0,0.0962290870375,501.0,2613.233040449246,0.7305847889002146,1.032750393031165,2258.7756236290716,0.8452315003011555,1,,4.0,4.0,0.0,0.0,0,0.0
evaluation-2d-02,slab_clutter,2,2,17,20020017,SC-RRT-no-SSFOR,1,5000,5000,2637,2639,12089,1857,6697,2443,1339.0,0.09878019796451554,501.0,2613.233040449246,0.7305847889002146,0.9527695369906723,2137.049524747498,0.8933757908250899,1,,1.5,1.5,0.8,0.8,0,0.0
evaluation-2d-02,slab_clutter,2,2,18,20020018,SC-RRT-no-ADCS,1,5000,5000,3633,3635,15825,1157,8385,3048,359.0,0.025055030011571944,164.0,2212.280189850753,0.8629957082120226,1.1522645009681582,2028.204849911684,0.9413192702338778,1,,4.0,4.0,0.0,0.0,0,0.0
evaluation-2d-02,slab_clutter,2,2,18,20020018,SC-RRT-no-SSFOR,1,5000,5000,3084,3086,13674,1091,8152,3018,359.0,0.025910947006195784,164.0,2212.280189850753,0.8629957082120226,1.0421882259543054,2005.117712538365,0.9521577198511475,1,,1.5,1.5,0.8,0.8,0,0.0
evaluation-2d-02,slab_clutter,2,2,18,20020018,SC-RRT,1,5000,5000,3238,3240,14741,1276,8185,2395,359.0,0.024555834010243416,164.0,2212.280189850753,0.8629957082120226,1.184483374003321,2049.060418195408,0.9317384164226284,1,,1.2876734173999185,1.2876734173999185,0.948057651669014,0.948057651669014,99,0.0339420637727926
evaluation-2d-02,slab_clutter,2,2,19,20020019,SC-RRT-no-SSFOR,1,5000,5000,2995,2997,13879,1438,8186,3125,1059.0,0.0741722880047746,385.0,2534.527305151329,0.7532719435783258,1.0563603109912947,2221.7828961244027,0.859304620867321,1,,1.5,1.5,0.8,0.8,0,0.0
evaluation-2d-02,slab_clutter,2,2,19,20020019,SC-RRT,1,5000,5000,3103,3105,16042,1502,9831,3061,1059.0,0.07458865398075432,385.0,2534.527305151329,0.7532719435783258,1.3400169640081003,2210.9874168155256,0.8635003051955279,1,,1.288790561623081,1.288790561623081,0.9472660931650666,0.9472660931650666,99,0.09608466808179539
evaluation-2d-02,slab_clutter,2,2,19,20020019,SC-RRT-no-ADCS,1,5000,5000,2829,2831,13417,2018,7042,2770,1059.0,0.0782105129910633,385.0,2534.527305151329,0.7532719435783258,0.9881520239869133,2235.675851970564,0.8539647228022282,1,,4.0,4.0,0.0,0.0,0,0.0
evaluation-2d-02,slab_clutter,2,2,20,20020020,SC-RRT,1,5000,5000,2647,2649,12313,1656,6994,2209,1237.0,0.09697479096939787,464.0,2195.731793891637,0.869499778850449,0.9533261610195041,2032.1510318539106,0.9394913464979743,1,,1.3034524341542624,1.3034524341542624,0.9368676699308554,0.9368676699308554,99,0.08211152499101976
evaluation-2d-02,slab_clutter,2,2,20,20020020,SC-RRT-no-ADCS,1,5000,5000,3089,3091,14364,1762,7653,2526,1237.0,0.09086633200058714,464.0,2195.731793891637,0.869499778850449,0.9552896779496223,2054.8518988815904,0.9291123658317207,1,,4.0,4.0,0.0,0.0,0,0.0
evaluation-2d-02,slab_clutter,2,2,20,20020020,SC-RRT-no-SSFOR,1,5000,5000,2667,2669,12266,1749,6975,2699,1237.0,0.09016248100670055,464.0,2195.731793891637,0.869499778850449,0.9071870699990541,1997.0429807138757,0.9560076210884593,1,,1.5,1.5,0.8,0.8,0,0.0
evaluation-2d-02,slab_clutter,2,2,21,20020021,SC-RRT-no-ADCS,1,5000,5000,3563,3565,15640,1266,8258,3054,546.0,0.040921690000686795,265.0,2663.580244586981,0.7167752175229548,1.201875230006408,2100.358470431102,0.9089821266613667,1,,4.0,4.0,0.0,0.0,0,0.0
evaluation-2d-02,slab_clutter,2,2,21,20020021,SC-RRT-no-SSFOR,1,5000,5000,3024,3026,13616,1292,7868,3064,546.0,0.03976290003629401,265.0,2663.580244586981,0.7167752175229548,1.1243608200456947,2038.1112812471472,0.936743899496705,1,,1.5,1.5,0.8,0.8,0,0.0
evaluation-2d-02,slab_clutter,2,2,21,20020021,SC-RRT,1,5000,5000,3194,3196,14653,1307,8256,2731,546.0,0.03681848803535104,265.0,2663.580244586981,0.7167752175229548,1.1337781170150265,2309.82896515602,0.8265496441528605,1,,1.287913027774606,1.287913027774606,0.9478878849777553,0.9478878849777553,99,0.05482268040426123
evaluation-2d-02,slab_clutter,2,2,22,20020022,SC-RRT-no-SSFOR,1,5000,5000,3042,3044,13673,1403,7890,2877,1004.0,0.08075411198660731,387.0,2733.181353251501,0.6985223673256925,1.0858766870223917,2246.7243389608598,0.8497652676370184,1,,1.5,1.5,0.8,0.8,0,0.0
evaluation-2d-02,slab_clutter,2,2,22,20020022,SC-RRT,1,5000,5000,2858,2860,13357,1600,7553,2581,1004.0,0.0696444510249421,387.0,2733.181353251501,0.6985223673256925,1.0387528790161014,2106.917354214747,0.9061524437038193,1,,1.2861882718969828,1.2861882718969828,0.9491097625639731,0.9491097625639731,99,0.15494427503602629
evaluation-2d-02,slab_clutter,2,2,22,20020022,SC-RRT-no-ADCS,1,5000,5000,3130,3132,13834,1694,7090,2606,1004.0,0.06934170401655138,387.0,2733.181353251501,0.6985223673256925,0.9963437229744159,2240.0125930304625,0.8523114178660846,1,,4.0,4.0,0.0,0.0,0,0.0
evaluation-2d-02,slab_clutter,2,2,23,20020023,SC-RRT,1,5000,5000,3112,3114,14049,1294,7869,2699,640.0,0.041317772993352264,258.0,2172.5446214900517,0.8787797913647688,1.070233014994301,2053.2982595884923,0.9298153837554533,1,,1.2879597010661539,1.2879597010661539,0.9478548157424781,0.9478548157424781,99,0.04151525300836736
evaluation-2d-02,slab_clutter,2,2,23,20020023,SC-RRT-no-ADCS,1,5000,5000,3581,3583,15819,1192,8525,2906,640.0,0.042103660001885146,258.0,2172.5446214900517,0.8787797913647688,1.1143971279961988,2040.513300351823,0.9356411981605305,1,,4.0,4.0,0.0,0.0,0,0.0
evaluation-2d-02,slab_clutter,2,2,23,20020023,SC-RRT-no-SSFOR,1,5000,5000,3224,3226,15113,1218,9064,3414,640.0,0.04127845400944352,258.0,2172.5446214900517,0.8787797913647688,1.1568820730317384,1999.9670613637463,0.9546098763755801,1,,1.5,1.5,0.8,0.8,0,0.0
evaluation-2d-02,slab_clutter,2,2,24,20020024,SC-RRT-no-ADCS,1,5000,5000,3484,3486,15383,1305,8179,3119,481.0,0.0347726289764978,209.0,2257.6277100454204,0.8456612667840031,1.1755986539646983,2096.7960527231603,0.9105264704806024,1,,4.0,4.0,0.0,0.0,0,0.0
evaluation-2d-02,slab_clutter,2,2,24,20020024,SC-RRT-no-SSFOR,1,5000,5000,3145,3147,14433,1205,8643,3009,481.0,0.031813078036066145,209.0,2257.6277100454204,0.8456612667840031,1.153292342030909,2032.7932377544894,0.9391945396830667,1,,1.5,1.5,0.8,0.8,0,0.0
evaluation-2d-02,slab_clutter,2,2,24,20020024,SC-RRT,1,5000,5000,3186,3188,15796,1360,9308,2992,481.0,0.0320906660053879,209.0,2257.6277100454204,0.8456612667840031,1.3172519389772788,2044.411393633254,0.9338572046454593,1,,1.2852235638258953,1.2852235638258953,0.9497930588586739,0.9497930588586739,99,0.06294820938120926
evaluation-2d-02,slab_clutter,2,2,25,20020025,SC-RRT-no-SSFOR,1,5000,5000,2826,2828,12654,1462,7229,2596,926.0,0.06981495500076562,351.0,2338.525625440643,0.8164068370402973,0.9668781810323708,2016.5034334231416,0.9467815812059942,1,,1.5,1.5,0.8,0.8,0,0.0
evaluation-2d-02,slab_clutter,2,2,25,20020025,SC-RRT,1,5000,5000,2825,2827,13253,1522,7676,2621,926.0,0.06344801402883604,351.0,2338.525625440643,0.8164068370402973,1.0073444610461593,2072.5005242210786,0.9212003986928886,1,,1.2870400302785308,1.2870400302785308,0.948506385513797,0.948506385513797,99,0.11186077227851944
evaluation-2d-02,slab_clutter,2,2,25,20020025,SC-RRT-no-ADCS,1,5000,5000,3347,3349,13910,1489,6885,2248,926.0,0.06604621600126848,351.0,2338.525625440643,0.8164068370402973,1.038723237987142,2146.507305264382,0.8894394649956835,1,,4.0,4.0,0.0,0.0,0,0.0
evaluation-2d-02,slab_clutter,2,2,26,20020026,SC-RRT,1,5000,5000,2763,2765,13273,1551,7803,2804,1088.0,0.07485528098186478,423.0,2731.4225242768143,0.6989721627594636,1.0455923109548166,2054.1662744175883,0.9294224781024529,1,,1.1818990290730684,1.1818990290730684,0.95,0.95,99,0.2530146338227711
evaluation-2d-02,slab_clutter,2,2,26,20020026,SC-RRT-no-ADCS,1,5000,5000,3381,3383,14824,1460,7756,2773,1088.0,0.0759369470179081,423.0,2731.4225242768143,0.6989721627594636,1.1680265130125917,2231.7452650255163,0.8554687397003842,1,,4.0,4.0,0.0,0.0,0,0.0
evaluation-2d-02,slab_clutter,2,2,26,20020026,SC-RRT-no-SSFOR,1,5000,5000,2984,2986,13669,1523,7821,3085,1088.0,0.07639001100324094,423.0,2731.4225242768143,0.6989721627594636,1.057853642036207,2004.0530690334094,0.9526635490369094,1,,1.5,1.5,0.8,0.8,0,0.0
evaluation-2d-02,slab_clutter,2,2,27,20020027,SC-RRT-no-ADCS,1,5000,5000,3064,3066,13835,1737,7187,2606,1281.0,0.09204372594831511,454.0,2230.908754749407,0.8557895096064264,0.9332122119958512,2047.2699423294184,0.9325532846105148,1,,4.0,4.0,0.0,0.0,0,0.0
evaluation-2d-02,slab_clutter,2,2,27,20020027,SC-RRT-no-SSFOR,1,5000,5000,2787,2789,13105,1679,7698,3095,1281.0,0.0907611990114674,454.0,2230.908754749407,0.8557895096064264,0.9298353769700043,2007.1473547768376,0.9511948909281497,1,,1.5,1.5,0.8,0.8,0,0.0
evaluation-2d-02,slab_clutter,2,2,27,20020027,SC-RRT,1,5000,5000,2592,2594,12583,1709,7325,2507,1281.0,0.09366422198945656,454.0,2230.908754749407,0.8557895096064264,0.9303488949663006,2037.878011006944,0.9368511259711378,1,,1.2998265940447014,1.2998265940447014,0.9394405883802615,0.9394405883802615,99,0.10741177655959576
evaluation-2d-02,slab_clutter,2,2,28,20020028,SC-RRT-no-SSFOR,1,5000,5000,2735,2737,12374,1552,7057,2765,1060.0,0.0731802560039796,396.0,2343.347227533027,0.8147270224283355,0.9186598800006323,2029.7199805949876,0.9406166010367711,1,,1.5,1.5,0.8,0.8,0,0.0
evaluation-2d-02,slab_clutter,2,2,28,20020028,SC-RRT,1,5000,5000,2828,2830,13366,1706,7661,2698,1060.0,0.0753112300299108,396.0,2343.347227533027,0.8147270224283355,1.0581020140089095,2023.4094957473862,0.9435501381288526,1,,1.2925181038073443,1.2925181038073443,0.9446240638645149,0.9446240638645149,99,0.1384062304483508
evaluation-2d-02,slab_clutter,2,2,28,20020028,SC-RRT-no-ADCS,1,5000,5000,3061,3063,14087,1802,7380,2917,1060.0,0.07453571603400633,396.0,2343.347227533027,0.8147270224283355,1.0060202570166439,2106.8071944466733,0.9061998241870931,1,,4.0,4.0,0.0,0.0,0,0.0
evaluation-2d-02,slab_clutter,2,2,29,20020029,SC-RRT,1,5000,5000,3128,3130,14067,1181,8161,3026,479.0,0.03372473700437695,231.0,2562.260709384485,0.7451186767260347,1.1635679739993066,2072.784897868555,0.9210740155270799,1,,1.292198022329165,1.292198022329165,0.9448509823913971,0.9448509823913971,99,0.08299672541744547
evaluation-2d-02,slab_clutter,2,2,29,20020029,SC-RRT-no-ADCS,1,5000,5000,3566,3568,15588,1213,8362,3268,479.0,0.03351791301975027,231.0,2562.260709384485,0.7451186767260347,1.194602646981366,2072.5453068014695,0.921180493829639,1,,4.0,4.0,0.0,0.0,0,0.0
evaluation-2d-02,slab_clutter,2,2,29,20020029,SC-RRT-no-SSFOR,1,5000,5000,3520,3522,16330,919,10038,3642,479.0,0.033245236962102354,231.0,2562.260709384485,0.7451186767260347,1.298200569988694,2131.7211995709895,0.895608820509879,1,,1.5,1.5,0.8,0.8,0,0.0
evaluation-2d-02,slab_clutter,2,2,30,20020030,SC-RRT-no-ADCS,1,5000,5000,3138,3140,13895,1691,7150,2442,1254.0,0.09423495701048523,521.0,2241.3186075670887,0.8518147766934697,0.9395676919957623,2103.958801324503,0.9074266606369806,1,,4.0,4.0,0.0,0.0,0,0.0
evaluation-2d-02,slab_clutter,2,2,30,20020030,SC-RRT-no-SSFOR,1,5000,5000,2627,2629,11994,1848,6774,2434,1254.0,0.09259879594901577,521.0,2241.3186075670887,0.8518147766934697,0.8372384859831072,2078.2500530399084,0.9186518756061431,1,,1.5,1.5,0.8,0.8,0,0.0
evaluation-2d-02,slab_clutter,2,2,30,20020030,SC-RRT,1,5000,5000,2713,2715,12593,1653,7124,2516,1254.0,0.09003791800932959,521.0,2241.3186075670887,0.8518147766934697,0.9195715920068324,2041.4691952072376,0.9352030947544467,1,,1.2871595200613037,1.2871595200613037,0.9484217341048385,0.9484217341048385,99,0.13305114541722335
evaluation-2d-02,slab_clutter,2,2,31,20020031,SC-RRT-no-SSFOR,1,5000,5000,2962,2964,13308,1428,7840,2728,837.0,0.05762795399641618,352.0,2473.0154340674453,0.7720082466543999,1.0322377450065687,2114.8448167103315,0.9027557455366608,1,,1.5,1.5,0.8,0.8,0,0.0
evaluation-2d-02,slab_clutter,2,2,31,20020031,SC-RRT,1,5000,5000,3126,3128,14092,1212,8100,2666,837.0,0.056431033997796476,352.0,2473.0154340674453,0.7720082466543999,1.2048676109989174,2087.8024527336943,0.9144487337409988,1,,1.2938270657709094,1.2938270657709094,0.9436959978209858,0.9436959978209858,99,0.09094770417781324
evaluation-2d-02,slab_clutter,2,2,31,20020031,SC-RRT-no-ADCS,1,5000,5000,3516,3518,15124,1274,7910,2864,837.0,0.05816408700775355,352.0,2473.0154340674453,0.7720082466543999,1.1080271810060367,2014.2978344322382,0.9478182801809015,1,,4.0,4.0,0.0,0.0,0,0.0
evaluation-2d-02,slab_clutter,2,2,32,20020032,SC-RRT,1,5000,5000,3325,3327,15836,1273,9014,3154,368.0,0.026253719988744706,169.0,2281.964392493607,0.8366424627324797,1.2605929540004581,1995.0585759133203,0.9569585235509532,1,,1.2869532551485123,1.2869532551485123,0.9485678596097087,0.9485678596097087,99,0.03730692834361856
evaluation-2d-02,slab_clutter,2,2,32,20020032,SC-RRT-no-ADCS,1,5000,5000,3650,3652,16165,1145,8684,3268,368.0,0.024056860012933612,169.0,2281.964392493607,0.8366424627324797,1.1815949389711022,1991.069721503144,0.9588756679813051,1,,4.0,4.0,0.0,0.0,0,0.0
evaluation-2d-02,slab_clutter,2,2,32,20020032,SC-RRT-no-SSFOR,1,5000,5000,3203,3205,14490,1061,8496,3261,368.0,0.025755403039511293,169.0,2281.964392493607,0.8366424627324797,1.0992350450251251,1990.8554481263236,0.9589788706158925,1,,1.5,1.5,0.8,0.8,0,0.0
evaluation-2d-02,slab_clutter,2,2,33,20020033,SC-RRT-no-ADCS,1,5000,5000,3136,3138,13546,1701,6726,2375,1267.0,0.0797072360292077,418.0,2657.471257397242,0.71842293830623,0.9665802500094287,2262.141618445184,0.843973822698113,1,,4.0,4.0,0.0,0.0,0,0.0
evaluation-2d-02,slab_clutter,2,2,33,20020033,SC-RRT-no-SSFOR,1,5000,5000,2809,2811,12571,1591,7036,2693,1267.0,0.08786029100883752,418.0,2657.471257397242,0.71842293830623,0.9173039779998362,2047.9097909142608,0.932261917821755,1,,1.5,1.5,0.8,0.8,0,0.0
evaluation-2d-02,slab_clutter,2,2,33,20020033,SC-RRT,1,5000,5000,2763,2765,12889,1607,7244,2484,1267.0,0.08049109898274764,418.0,2657.471257397242,0.71842293830623,0.9602909659733996,2088.8638570418802,0.9139840793202064,1,,1.2454749704126398,1.2454749704126398,0.95,0.95,99,0.20303525603269257
evaluation-2d-02,slab_clutter,2,2,34,20020034,SC-RRT-no-SSFOR,1,5000,5000,3172,3174,14925,1301,8952,3231,1006.0,0.07301379303680733,419.0,2559.4283182621275,0.745943262243825,1.1392975579947233,2226.467922653732,0.8574964362963347,1,,1.5,1.5,0.8,0.8,0,0.0
evaluation-2d-02,slab_clutter,2,2,34,20020034,SC-RRT,1,5000,5000,2746,2748,12122,1559,6746,2506,1006.0,0.07043297198833898,419.0,2559.4283182621275,0.745943262243825,0.8829725820105523,2256.5502010980554,0.8460650723722662,1,,1.2925792054870573,1.2925792054870573,0.9445807454406301,0.9445807454406301,99,0.10758539494459157
evaluation-2d-02,slab_clutter,2,2,34,20020034,SC-RRT-no-ADCS,1,5000,5000,3267,3269,14011,1545,7146,2613,1006.0,0.07516844698693603,419.0,2559.4283182621275,0.745943262243825,0.9907935200026259,2204.0081403027903,0.8662346904677906,1,,4.0,4.0,0.0,0.0,0,0.0
evaluation-2d-02,slab_clutter,2,2,35,20020035,SC-RRT,1,5000,5000,2978,2980,14474,1444,8473,2808,681.0,0.04380197497084737,289.0,2214.53567389134,0.8621167550888393,1.1136384279816411,1999.8560293963042,0.9546628762971524,1,,1.3051522586270794,1.3051522586270794,0.9356612209403622,0.9356612209403622,99,0.03401989897415663
evaluation-2d-02,slab_clutter,2,2,35,20020035,SC-RRT-no-ADCS,1,5000,5000,3417,3419,15037,1370,7943,3113,681.0,0.046985271968878806,289.0,2214.53567389134,0.8621167550888393,1.048703996988479,1992.0179342012323,0.9584192373093431,1,,4.0,4.0,0.0,0.0,0,0.0
evaluation-2d-02,slab_clutter,2,2,35,20020035,SC-RRT-no-SSFOR,1,5000,5000,2862,2864,13173,1473,7840,3149,681.0,0.04489180399104953,289.0,2214.53567389134,0.8621167550888393,0.9564873109920882,2000.4487043297245,0.9543800373743528,1,,1.5,1.5,0.8,0.8,0,0.0
evaluation-2d-02,slab_clutter,2,2,36,20020036,SC-RRT-no-ADCS,1,5000,5000,3786,3788,17658,963,10114,3904,241.0,0.016971524979453534,137.0,2299.1642420289068,0.8303836125769368,1.3500743719632737,2073.3219724041555,0.9208354199757246,1,,4.0,4.0,0.0,0.0,0,0.0
evaluation-2d-02,slab_clutter,2,2,36,20020036,SC-RRT-no-SSFOR,1,5000,5000,3189,3191,14713,1058,8929,3309,241.0,0.01799471100093797,137.0,2299.1642420289068,0.8303836125769368,1.2134909820160829,2024.6496905741365,0.942972168514882,1,,1.5,1.5,0.8,0.8,0,0.0
evaluation-2d-02,slab_clutter,2,2,36,20020036,SC-RRT,1,5000,5000,3559,3561,16616,908,9814,3593,241.0,0.01828561699949205,137.0,2299.1642420289068,0.8303836125769368,1.3536975180031732,2064.3318854710355,0.9248456232453355,1,,1.285574012773335,1.285574012773335,0.9495448498196426,0.9495448498196426,99,0.0318322238844029
evaluation-2d-02,slab_clutter,2,2,37,20020037,SC-RRT-no-SSFOR,1,5000,5000,2410,2412,11455,2203,6208,2410,2043.0,0.1467030569911003,698.0,2684.4194930187737,0.7112108648327142,0.7498494699830189,2039.6497612503329,0.9360373263463233,1,,1.5,1.5,0.8,0.8,0,0.0
evaluation-2d-02,slab_clutter,2,2,37,20020037,SC-RRT,1,5000,5000,2420,2422,13264,2103,8313,2369,2043.0,0.1452912320382893,698.0,2684.4194930187737,0.7112108648327142,0.9124754010117613,1987.7264634129035,0.9604884496660692,1,,1.0124435917492385,1.0124435917492385,0.95,0.95,99,0.4239551318163419
evaluation-2d-02,slab_clutter,2,2,37,20020037,SC-RRT-no-ADCS,1,5000,5000,2656,2658,11941,2194,5782,1870,2043.0,0.14999859896488488,698.0,2684.4194930187737,0.7112108648327142,0.7856622259714641,2088.8567600349206,0.9139871846319234,1,,4.0,4.0,0.0,0.0,0,0.0
evaluation-2d-02,slab_clutter,2,2,38,20020038,SC-RRT,1,5000,5000,3069,3071,14956,1368,8835,3451,940.0,0.07021259097382426,380.0,2766.6688400476396,0.6900675214785749,1.1476947760093026,2070.726142636312,0.921989764794791,1,,1.2928514675641336,1.2928514675641336,0.9443877196230369,0.9443877196230369,99,0.09787134987062261
evaluation-2d-02,slab_clutter,2,2,38,20020038,SC-RRT-no-ADCS,1,5000,5000,3354,3356,15027,1412,8083,2989,940.0,0.0682231429964304,380.0,2766.6688400476396,0.6900675214785749,1.1523661109968089,2096.856868535201,0.9105000621894511,1,,4.0,4.0,0.0,0.0,0,0.0
evaluation-2d-02,slab_clutter,2,2,38,20020038,SC-RRT-no-SSFOR,1,5000,5000,3166,3168,14475,1260,8554,3339,940.0,0.07146524998825043,380.0,2766.6688400476396,0.6900675214785749,1.1755715159815736,2045.1686782563759,0.93351141619838,1,,1.5,1.5,0.8,0.8,0,0.0
evaluation-2d-02,slab_clutter,2,2,39,20020039,SC-RRT-no-ADCS,1,5000,5000,3728,3730,16590,1013,9145,3363,344.0,0.02392121299635619,173.0,2123.0340922302753,0.8992735049290004,1.1957801730022766,2017.6292426450855,0.9462532901737474,1,,4.0,4.0,0.0,0.0,0,0.0
evaluation-2d-02,slab_clutter,2,2,39,20020039,SC-RRT-no-SSFOR,1,5000,5000,3040,3042,14006,1192,8519,3284,344.0,0.023057307000271976,173.0,2123.0340922302753,0.8992735049290004,1.0263867410249077,2009.9773951818618,0.9498556121975371,1,,1.5,1.5,0.8,0.8,0,0.0
evaluation-2d-02,slab_clutter,2,2,39,20020039,SC-RRT,1,5000,5000,3490,3492,16853,1009,10057,3327,344.0,0.02388793305726722,173.0,2123.0340922302753,0.8992735049290004,1.3709439060185105,2005.2874579436823,0.9520771207343267,1,,1.2852746352605462,1.2852746352605462,0.9497568878268479,0.9497568878268479,99,0.03180990363859378
evaluation-2d-02,slab_clutter,2,2,40,20020040,SC-RRT-no-SSFOR,1,5000,5000,3217,3219,15172,1246,9190,3566,821.0,0.05895541200879961,331.0,2520.280385367718,0.7575301225562333,1.2131962819839828,2080.0984959330262,0.9178355317964468,1,,1.5,1.5,0.8,0.8,0,0.0
evaluation-2d-02,slab_clutter,2,2,40,20020040,SC-RRT,1,5000,5000,3179,3181,15413,1316,9032,3259,821.0,0.05577744799666107,331.0,2520.280385367718,0.7575301225562333,1.2507339929579757,2028.7145311428803,0.9410827792159271,1,,1.297291610916763,1.297291610916763,0.9412389444899373,0.9412389444899373,99,0.1462969475985144
evaluation-2d-02,slab_clutter,2,2,40,20020040,SC-RRT-no-ADCS,1,5000,5000,3452,3454,15186,1345,8008,3193,821.0,0.06055351096438244,331.0,2520.280385367718,0.7575301225562333,1.1841643319930881,2110.046599208001,0.9048085999239475,1,,4.0,4.0,0.0,0.0,0,0.0
evaluation-2d-02,slab_clutter,2,2,41,20020041,SC-RRT,1,5000,5000,3189,3191,15573,1337,9205,2980,757.0,0.05382654495770112,300.0,2620.3856628102794,0.7285905797378448,1.3754157740040682,2259.4710462378007,0.8449713539735899,1,,1.2887014817488893,1.2887014817488893,0.9473292157287472,0.9473292157287472,99,0.1016680850873227
evaluation-2d-02,slab_clutter,2,2,41,20020041,SC-RRT-no-ADCS,1,5000,5000,3360,3362,14919,1460,7828,2976,757.0,0.05397201998857781,300.0,2620.3856628102794,0.7285905797378448,1.1435358800226822,2238.4907550233293,0.8528908618091572,1,,4.0,4.0,0.0,0.0,0,0.0
evaluation-2d-02,slab_clutter,2,2,41,20020041,SC-RRT-no-SSFOR,1,5000,5000,2961,2963,13956,1514,8215,3368,757.0,0.0606667620013468,300.0,2620.3856628102794,0.7285905797378448,1.1262517099967226,2058.0641489086083,0.927662196640528,1,,1.5,1.5,0.8,0.8,0,0.0
evaluation-2d-02,slab_clutter,2,2,42,20020042,SC-RRT-no-ADCS,1,5000,5000,3300,3302,14637,1501,7738,2972,995.0,0.07655599497957155,424.0,2777.3337596392553,0.6874176726428661,1.1795669610146433,2058.89008124972,0.9272900610822435,1,,4.0,4.0,0.0,0.0,0,0.0
evaluation-2d-02,slab_clutter,2,2,42,20020042,SC-RRT-no-SSFOR,1,5000,5000,2886,2888,13496,1551,7895,3260,995.0,0.07900695397984236,424.0,2777.3337596392553,0.6874176726428661,1.092107862001285,2081.607227372753,0.9171702923098086,1,,1.5,1.5,0.8,0.8,0,0.0
evaluation-2d-02,slab_clutter,2,2,42,20020042,SC-RRT,1,5000,5000,2820,2822,13284,1564,7711,2786,995.0,0.07909638801356778,424.0,2777.3337596392553,0.6874176726428661,1.0896953049814329,2042.7386263003782,0.934621925988361,1,,1.2351422545393904,1.2351422545393904,0.95,0.95,99,0.2086884482488262
evaluation-2d-02,slab_clutter,2,2,43,20020043,SC-RRT-no-SSFOR,1,5000,5000,3285,3287,14966,1018,9036,3215,443.0,0.034539553977083415,211.0,2164.058793782679,0.8822257115604986,1.2650580569752492,2028.6211568922522,0.9411260957804762,1,,1.5,1.5,0.8,0.8,0,0.0
evaluation-2d-02,slab_clutter,2,2,43,20020043,SC-RRT,1,5000,5000,3320,3322,15867,1194,9286,3094,443.0,0.03297382401069626,211.0,2164.058793782679,0.8822257115604986,1.3880718399886973,2035.8106506587924,0.9378024958194718,1,,1.2838105029067743,1.2838105029067743,0.95,0.95,99,0.04360189881081278
evaluation-2d-02,slab_clutter,2,2,43,20020043,SC-RRT-no-ADCS,1,5000,5000,3636,3638,16176,1168,8760,3052,443.0,0.033284112985711545,211.0,2164.058793782679,0.8822257115604986,1.2641385960159823,2050.836440727228,0.9309315317835287,1,,4.0,4.0,0.0,0.0,0,0.0
evaluation-2d-02,slab_clutter,2,2,44,20020044,SC-RRT,1,5000,5000,3023,3025,15485,1694,9285,3212,595.0,0.046648348041344434,262.0,2444.426983929556,0.7810371599378063,1.2488388459896669,1995.477098750812,0.956757815160519,1,,1.2890347369684731,1.2890347369684731,0.9470930649889534,0.9470930649889534,99,0.10823483833873734
evaluation-2d-02,slab_clutter,2,2,44,20020044,SC-RRT-no-ADCS,1,5000,5000,2941,2943,14257,1869,7820,2638,595.0,0.044445523992180824,262.0,2444.426983929556,0.7810371599378063,1.0056044590310194,2101.064367563056,0.9086767348389582,1,,4.0,4.0,0.0,0.0,0,0.0
evaluation-2d-02,slab_clutter,2,2,44,20020044,SC-RRT-no-SSFOR,1,5000,5000,3308,3310,15852,1084,9847,3767,595.0,0.04296870395774022,262.0,2444.426983929556,0.7810371599378063,1.3244820169638842,2140.2730260368307,0.8920302624842893,1,,1.5,1.5,0.8,0.8,0,0.0
evaluation-2d-02,slab_clutter,2,2,45,20020045,SC-RRT-no-ADCS,1,5000,5000,3762,3764,16253,1018,8628,3107,411.0,0.030809802992735058,173.0,2165.6262989836086,0.8815871464526063,1.3017831330071203,2027.91664266325,0.9414530504056386,1,,4.0,4.0,0.0,0.0,0,0.0
evaluation-2d-02,slab_clutter,2,2,45,20020045,SC-RRT-no-SSFOR,1,5000,5000,3126,3128,13932,1147,8322,3165,411.0,0.029398259008303285,173.0,2165.6262989836086,0.8815871464526063,1.1186163190286607,2029.2589963452124,0.9408302797435976,1,,1.5,1.5,0.8,0.8,0,0.0
evaluation-2d-02,slab_clutter,2,2,45,20020045,SC-RRT,1,5000,5000,3466,3468,15210,1044,8408,2582,411.0,0.030293075018562376,173.0,2165.6262989836086,0.8815871464526063,1.2616074199904688,2033.350537187062,0.9389371258360845,1,,1.306234893680412,1.306234893680412,0.9348927507904792,0.9348927507904792,99,0.02359494688513999
evaluation-2d-02,slab_clutter,2,2,46,20020046,SC-RRT-no-SSFOR,1,5000,5000,3361,3363,16224,1045,10225,3949,480.0,0.03271673200652003,194.0,2274.8580682630136,0.8392560115460103,1.3091807889868505,2063.4135395814887,0.9252572364097741,1,,1.5,1.5,0.8,0.8,0,0.0
evaluation-2d-02,slab_clutter,2,2,46,20020046,SC-RRT,1,5000,5000,3385,3387,16218,1111,9488,3520,480.0,0.03170545899774879,194.0,2274.8580682630136,0.8392560115460103,1.4366192679735832,2032.7336589112333,0.9392220672069119,1,,1.289095635765419,1.289095635765419,0.9470499098187397,0.9470499098187397,99,0.05396405968067796
evaluation-2d-02,slab_clutter,2,2,46,20020046,SC-RRT-no-ADCS,1,5000,5000,3641,3643,15613,1097,8218,3038,480.0,0.03411997901275754,194.0,2274.8580682630136,0.8392560115460103,1.2089899569982663,2040.063806514752,0.9358473510028779,1,,4.0,4.0,0.0,0.0,0,0.0
evaluation-2d-02,slab_clutter,2,2,47,20020047,SC-RRT,1,5000,5000,3287,3289,15012,1098,8648,3013,235.0,0.016687499010004103,138.0,2252.4561627182716,0.8476028705036655,1.2391703390167095,2026.635089625801,0.9420483830447206,1,,1.2807723343510784,1.2807723343510784,0.95,0.95,99,0.07001485256552446
evaluation-2d-02,slab_clutter,2,2,47,20020047,SC-RRT-no-ADCS,1,5000,5000,3699,3701,16038,1060,8565,2929,235.0,0.017670269997324795,138.0,2252.4561627182716,0.8476028705036655,1.2488304909784347,2101.114640926368,0.9086549929336218,1,,4.0,4.0,0.0,0.0,0,0.0
evaluation-2d-02,slab_clutter,2,2,47,20020047,SC-RRT-no-SSFOR,1,5000,5000,3160,3162,14252,1113,8627,3272,235.0,0.016059404995758086,138.0,2252.4561627182716,0.8476028705036655,1.346744517039042,1997.6479003088077,0.9557181267572454,1,,1.5,1.5,0.8,0.8,0,0.0
evaluation-2d-02,slab_clutter,2,2,48,20020048,SC-RRT-no-ADCS,1,5000,5000,2983,2985,13167,1867,6638,2552,1335.0,0.09354245400754735,498.0,2567.526331352352,0.7435905470142081,1.0105212989728898,2308.822197744099,0.8269100630915215,1,,4.0,4.0,0.0,0.0,0,0.0
evaluation-2d-02,slab_clutter,2,2,48,20020048,SC-RRT-no-SSFOR,1,5000,5000,2913,2915,13457,1691,7533,2994,1335.0,0.10348031995818019,498.0,2567.526331352352,0.7435905470142081,1.1197439219686203,2042.252017868954,0.9348446188320456,1,,1.5,1.5,0.8,0.8,0,0.0
evaluation-2d-02,slab_clutter,2,2,48,20020048,SC-RRT,1,5000,5000,2855,2857,13870,1764,8015,3060,1335.0,0.10225319699384272,498.0,2567.526331352352,0.7435905470142081,1.1909470559912734,2266.653307004329,0.8422939243968077,1,,1.2848721763253763,1.2848721763253763,0.95,0.95,99,0.172067914830938
evaluation-2d-02,slab_clutter,2,2,49,20020049,SC-RRT-no-SSFOR,1,5000,5000,3181,3183,15072,1134,9247,3497,407.0,0.030677664966788143,211.0,2196.401832569613,0.8692345275318233,1.2077975539723411,1993.4023509580143,0.9577536157144275,1,,1.5,1.5,0.8,0.8,0,0.0
evaluation-2d-02,slab_clutter,2,2,49,20020049,SC-RRT,1,5000,5000,2899,2901,13870,1545,7978,2643,407.0,0.03045136498985812,211.0,2196.401832569613,0.8692345275318233,1.1781978249782696,2013.4970494868494,0.9481952355928435,1,,1.3034055338998967,1.3034055338998967,0.9369009553000721,0.9369009553000721,99,0.02252896365055699
evaluation-2d-02,slab_clutter,2,2,49,20020049,SC-RRT-no-ADCS,1,5000,5000,3413,3415,15175,1420,8105,3177,407.0,0.031261000025551766,211.0,2196.401832569613,0.8692345275318233,1.1648396559758112,2006.598083820565,0.9514552638107685,1,,4.0,4.0,0.0,0.0,0,0.0
evaluation-2d-03,uniform_clutter,2,3,0,20030000,SC-RRT,1,5000,5000,3320,3322,15550,968,9282,3507,162.0,0.011966275982558727,95.0,2016.959286244661,0.9465675991697188,1.2041966409888119,1944.0674377234038,0.9820586838486577,1,,1.2946809231066796,1.2946809231066796,0.9430905290040207,0.9430905290040207,99,0.025275913432064936
evaluation-2d-03,uniform_clutter,2,3,0,20030000,SC-RRT-no-ADCS,1,5000,5000,3735,3737,16488,954,9067,3363,162.0,0.011605655017774552,95.0,2016.959286244661,0.9465675991697188,1.2052190100075677,1968.699636346009,0.9697712510107503,1,,4.0,4.0,0.0,0.0,0,0.0
evaluation-2d-03,uniform_clutter,2,3,0,20030000,SC-RRT-no-SSFOR,1,5000,5000,3041,3043,14283,949,8919,3421,162.0,0.011559742037206888,95.0,2016.959286244661,0.9465675991697188,1.007419262023177,1953.190581294647,0.9774715931397732,1,,1.5,1.5,0.8,0.8,0,0.0
evaluation-2d-03,uniform_clutter,2,3,1,20030001,SC-RRT-no-ADCS,1,5000,5000,3613,3615,16620,1085,9346,3300,178.0,0.013351362955290824,113.0,2105.3161084650965,0.9068416384253064,1.1550907409982756,2001.0391399312211,0.9540984337114465,1,,4.0,4.0,0.0,0.0,0,0.0
evaluation-2d-03,uniform_clutter,2,3,1,20030001,SC-RRT-no-SSFOR,1,5000,5000,3173,3175,15186,866,9660,3740,178.0,0.013001763029024005,113.0,2105.3161084650965,0.9068416384253064,1.0904897630098276,1944.084184403485,0.9820502242239504,1,,1.5,1.5,0.8,0.8,0,0.0
evaluation-2d-03,uniform_clutter,2,3,1,20030001,SC-RRT,1,5000,5000,3220,3222,14925,1076,8776,2683,178.0,0.013845605019014329,113.0,2105.3161084650965,0.9068416384253064,1.2502009769668803,1979.302482095983,0.9645763224537276,1,,1.289206976925524,1.289206976925524,0.9469710083699332,0.9469710083699332,99,0.02313219973338842
evaluation-2d-03,uniform_clutter,2,3,2,20030002,SC-RRT-no-SSFOR,1,5000,5000,3183,3185,15123,914,9429,3805,174.0,0.014513272035401314,113.0,2249.67541810888,0.8486505625814138,1.2510416430304758,1955.2438191898138,0.9764451320422947,1,,1.5,1.5,0.8,0.8,0,0.0
evaluation-2d-03,uniform_clutter,2,3,2,20030002,SC-RRT,1,5000,5000,3420,3422,16365,1032,9664,3519,174.0,0.014336379012092948,113.0,2249.67541810888,0.8486505625814138,1.3565380820073187,1993.9168557599326,0.9575064796149877,1,,1.290852274092192,1.290852274092192,0.9458049381214042,0.9458049381214042,99,0.06719095541721973
evaluation-2d-03,uniform_clutter,2,3,2,20030002,SC-RRT-no-ADCS,1,5000,5000,3770,3772,16991,943,9473,3458,174.0,0.015175453037954867,113.0,2249.67541810888,0.8486505625814138,1.3045411130296998,2057.018890856774,0.9281335809261712,1,,4.0,4.0,0.0,0.0,0,0.0
evaluation-2d-03,uniform_clutter,2,3,3,20030003,SC-RRT,1,5000,5000,3304,3306,17022,1150,10405,2771,270.0,0.020040777046233416,132.0,2077.325648065353,0.9190606735066965,1.4244311570073478,1958.723276150412,0.9747105844149218,1,,1.287217586803034,1.287217586803034,0.9483805967376697,0.9483805967376697,99,0.04001255205985242
evaluation-2d-03,uniform_clutter,2,3,3,20030003,SC-RRT-no-ADCS,1,5000,5000,3665,3667,16932,1053,9489,3497,270.0,0.020192819996736944,132.0,2077.325648065353,0.9190606735066965,1.472875503997784,1974.5569995077135,0.9668945032630951,1,,4.0,4.0,0.0,0.0,0,0.0
evaluation-2d-03,uniform_clutter,2,3,3,20030003,SC-RRT-no-SSFOR,1,5000,5000,3121,3123,14771,940,9267,3540,270.0,0.02052360901143402,132.0,2077.325648065353,0.9190606735066965,1.1811453819973394,1952.251410600634,0.9779418259538064,1,,1.5,1.5,0.8,0.8,0,0.0
evaluation-2d-03,uniform_clutter,2,3,4,20030004,SC-RRT-no-ADCS,1,5000,5000,3440,3442,15277,1313,8061,2916,533.0,0.03262714797165245,197.0,2389.5038743237806,0.7989894177275484,1.0538675299612805,2147.1443631883058,0.8891755682271474,1,,4.0,4.0,0.0,0.0,0,0.0
evaluation-2d-03,uniform_clutter,2,3,4,20030004,SC-RRT-no-SSFOR,1,5000,5000,3090,3092,13802,1183,8135,2877,533.0,0.032763365015853196,197.0,2389.5038743237806,0.7989894177275484,0.9966401249985211,1988.066360223693,0.9603242363543943,1,,1.5,1.5,0.8,0.8,0,0.0
evaluation-2d-03,uniform_clutter,2,3,4,20030004,SC-RRT,1,5000,5000,3056,3058,13882,1347,7670,2466,533.0,0.032736887980718166,197.0,2389.5038743237806,0.7989894177275484,0.9919104329892434,2076.541155117214,0.9194078838740427,1,,1.2911347277827603,1.2911347277827603,0.9456047296514337,0.9456047296514337,99,0.07149244341271184
evaluation-2d-03,uniform_clutter,2,3,5,20030005,SC-RRT-no-SSFOR,1,5000,5000,3101,3103,13865,1095,8138,2747,354.0,0.022588107967749238,146.0,2277.1843622193164,0.8383986561997143,1.1148773179738782,1969.5750832984204,0.9693402020533215,1,,1.5,1.5,0.8,0.8,0,0.0
evaluation-2d-03,uniform_clutter,2,3,5,20030005,SC-RRT,1,5000,5000,3310,3312,15943,1047,9564,2676,354.0,0.022917623980902135,146.0,2277.1843622193164,0.8383986561997143,1.2570819910033606,1998.5434305685803,0.9552898776187813,1,,1.2877771927862436,1.2877771927862436,0.94798412633354,0.94798412633354,99,0.08019263611404667
evaluation-2d-03,uniform_clutter,2,3,5,20030005,SC-RRT-no-ADCS,1,5000,5000,3639,3641,16656,1088,9283,3249,354.0,0.023722980986349285,146.0,2277.1843622193164,0.8383986561997143,1.1787490380229428,2048.4599921110425,0.9320115191686816,1,,4.0,4.0,0.0,0.0,0,0.0
evaluation-2d-03,uniform_clutter,2,3,6,20030006,SC-RRT,1,5000,5000,3237,3239,15888,1109,9515,3113,160.0,0.012043829017784446,99.0,2091.509338910594,0.9128280107026051,1.2577274329960346,1966.0626400357073,0.9710719639985651,1,,1.2862191829854221,1.2862191829854221,0.949087866796296,0.949087866796296,99,0.031344581007020506
evaluation-2d-03,uniform_clutter,2,3,6,20030006,SC-RRT-no-ADCS,1,5000,5000,3557,3559,15552,1090,8368,2770,160.0,0.012097903992980719,99.0,2091.509338910594,0.9128280107026051,1.1870153010240756,2014.72484382584,0.9476173955239693,1,,4.0,4.0,0.0,0.0,0,0.0
evaluation-2d-03,uniform_clutter,2,3,6,20030006,SC-RRT-no-SSFOR,1,5000,5000,3134,3136,14615,904,9065,3446,160.0,0.012589944992214441,99.0,2091.509338910594,0.9128280107026051,1.1106400799471885,1963.7982484772858,0.9721916753332723,1,,1.5,1.5,0.8,0.8,0,0.0
evaluation-2d-03,uniform_clutter,2,3,7,20030007,SC-RRT-no-ADCS,1,5000,5000,3485,3487,15622,1222,8449,3117,317.0,0.020110029028728604,147.0,2353.025196298421,0.8113760584489493,1.138419616036117,2004.0230446049927,0.9526778219159615,1,,4.0,4.0,0.0,0.0,0,0.0
evaluation-2d-03,uniform_clutter,2,3,7,20030007,SC-RRT-no-SSFOR,1,5000,5000,3139,3141,14595,1034,8918,3208,317.0,0.02085645601619035,147.0,2353.025196298421,0.8113760584489493,1.0532562040025368,1965.830575205613,0.9711865983181127,1,,1.5,1.5,0.8,0.8,0,0.0
evaluation-2d-03,uniform_clutter,2,3,7,20030007,SC-RRT,1,5000,5000,3098,3100,14792,1183,8837,3250,317.0,0.020908627018798143,147.0,2353.025196298421,0.8113760584489493,1.1897235459764488,1991.2432331739342,0.9587921140907207,1,,1.2857162853769117,1.2857162853769117,0.9494440799984194,0.9494440799984194,99,0.03784068939701242
evaluation-2d-03,uniform_clutter,2,3,8,20030008,SC-RRT-no-SSFOR,1,5000,5000,3060,3062,14347,1016,8869,3289,192.0,0.015262910979799926,106.0,2076.5907051825216,0.9193859456458804,1.1536662169964984,1974.1712917129503,0.9670834122742776,1,,1.5,1.5,0.8,0.8,0,0.0
evaluation-2d-03,uniform_clutter,2,3,8,20030008,SC-RRT,1,5000,5000,3122,3124,14259,1081,8370,2813,192.0,0.015129567007534206,106.0,2076.5907051825216,0.9193859456458804,1.2136358510470018,1989.6777463573167,0.9595464957574171,1,,1.3231685188892655,1.3231685188892655,0.9228689535847727,0.9228689535847727,99,0.02262394658417551
evaluation-2d-03,uniform_clutter,2,3,8,20030008,SC-RRT-no-ADCS,1,5000,5000,3548,3550,15465,1122,8291,2737,192.0,0.015140725008677691,106.0,2076.5907051825216,0.9193859456458804,1.28484896896407,1997.7199007361335,0.9556836814310993,1,,4.0,4.0,0.0,0.0,0,0.0
evaluation-2d-03,uniform_clutter,2,3,9,20030009,SC-RRT,1,5000,5000,3220,3222,15172,1255,8686,2744,517.0,0.036986996012274176,198.0,2485.2352083458513,0.7682123216314868,1.2676931430469267,1966.8655817677407,0.9706755392444133,1,,1.2906576942840084,1.2906576942840084,0.9459428556992693,0.9459428556992693,99,0.11609371340028535
evaluation-2d-03,uniform_clutter,2,3,9,20030009,SC-RRT-no-ADCS,1,5000,5000,3558,3560,16026,1195,8715,2976,517.0,0.03773362596984953,198.0,2485.2352083458513,0.7682123216314868,1.2938305689604022,2028.8166133727264,0.9410354275588385,1,,4.0,4.0,0.0,0.0,0,0.0
evaluation-2d-03,uniform_clutter,2,3,9,20030009,SC-RRT-no-SSFOR,1,5000,5000,3059,3061,14164,1127,8517,3287,517.0,0.03496521897614002,198.0,2485.2352083458513,0.7682123216314868,1.0182882929802872,1961.5524218269325,0.9733047600254885,1,,1.5,1.5,0.8,0.8,0,0.0
evaluation-2d-03,uniform_clutter,2,3,10,20030010,SC-RRT-no-ADCS,1,5000,5000,3761,3763,16248,932,8784,2842,196.0,0.013509167998563498,117.0,2094.6147828163635,0.9114746658269233,1.1833950470318086,1980.8742191176907,0.9638109733459289,1,,4.0,4.0,0.0,0.0,0,0.0
evaluation-2d-03,uniform_clutter,2,3,10,20030010,SC-RRT-no-SSFOR,1,5000,5000,3146,3148,15151,1001,9594,3798,196.0,0.013613185961730778,117.0,2094.6147828163635,0.9114746658269233,1.0314452750026248,1990.0854675776009,0.9593499074829217,1,,1.5,1.5,0.8,0.8,0,0.0
evaluation-2d-03,uniform_clutter,2,3,10,20030010,SC-RRT,1,5000,5000,3503,3505,16617,903,9904,3224,196.0,0.013557885948102921,117.0,2094.6147828163635,0.9114746658269233,1.3125379919656552,1957.2691335340223,0.9754347404214515,1,,1.2849547877617464,1.2849547877617464,0.9499834131572705,0.9499834131572705,99,0.028842660845888567
evaluation-2d-03,uniform_clutter,2,3,11,20030011,SC-RRT-no-SSFOR,1,5000,5000,3073,3075,14093,1003,8669,3258,205.0,0.014950599987059832,110.0,2200.6703079470226,0.8675485384199761,1.168920125986915,1971.6653402197464,0.9683125580484643,1,,1.5,1.5,0.8,0.8,0,0.0
evaluation-2d-03,uniform_clutter,2,3,11,20030011,SC-RRT,1,5000,5000,3520,3522,16927,939,10078,3790,205.0,0.015203075017780066,110.0,2200.6703079470226,0.8675485384199761,1.2765515930368565,1977.9208847639716,0.9652500885704054,1,,1.2860814828779226,1.2860814828779226,0.9491854054322704,0.9491854054322704,99,0.04630964938822951
evaluation-2d-03,uniform_clutter,2,3,11,20030011,SC-RRT-no-ADCS,1,5000,5000,3745,3747,16538,936,9068,3186,205.0,0.01503386499825865,110.0,2200.6703079470226,0.8675485384199761,1.2147202219930477,2020.618953051283,0.9448532125865017,1,,4.0,4.0,0.0,0.0,0,0.0
evaluation-2d-03,uniform_clutter,2,3,12,20030012,SC-RRT,1,5000,5000,3445,3447,16848,990,10176,3564,218.0,0.01536919001955539,123.0,2116.006427001113,0.9022601655843997,1.2291029000189155,1953.0478467802614,0.9775430296554748,1,,1.285542067491932,1.285542067491932,0.9495674759432348,0.9495674759432348,99,0.03678018460202931
evaluation-2d-03,uniform_clutter,2,3,12,20030012,SC-RRT-no-ADCS,1,5000,5000,3705,3707,17093,1013,9641,3371,218.0,0.015635129995644093,123.0,2116.006427001113,0.9022601655843997,1.211415546014905,1984.741763826548,0.9619328539360184,1,,4.0,4.0,0.0,0.0,0,0.0
evaluation-2d-03,uniform_clutter,2,3,12,20030012,SC-RRT-no-SSFOR,1,5000,5000,3158,3160,14633,960,9044,3301,218.0,0.015781302005052567,123.0,2116.006427001113,0.9022601655843997,1.0858241289970465,1979.9446300142672,0.9642634850803484,1,,1.5,1.5,0.8,0.8,0,0.0
evaluation-2d-03,uniform_clutter,2,3,13,20030013,SC-RRT-no-ADCS,1,5000,5000,3658,3660,16772,1065,9361,3363,267.0,0.020207992987707257,155.0,2366.299957696629,0.8068243009487664,1.2136789379874244,2063.437459951086,0.9252465103783353,1,,4.0,4.0,0.0,0.0,0,0.0
evaluation-2d-03,uniform_clutter,2,3,13,20030013,SC-RRT-no-SSFOR,1,5000,5000,3169,3171,14694,1006,9003,3449,267.0,0.020346094970591366,155.0,2366.299957696629,0.8068243009487664,1.181594164983835,1967.5844637132022,0.9703208906217324,1,,1.5,1.5,0.8,0.8,0,0.0
evaluation-2d-03,uniform_clutter,2,3,13,20030013,SC-RRT,1,5000,5000,3214,3216,15435,1167,9090,3088,267.0,0.01915958902100101,155.0,2366.299957696629,0.8068243009487664,1.1982035110122524,1971.5455540742512,0.9683713902822534,1,,1.2886267025480644,1.2886267025480644,0.9473822041429204,0.9473822041429204,99,0.10037080999719156
evaluation-2d-03,uniform_clutter,2,3,14,20030014,SC-RRT-no-SSFOR,1,5000,5000,3087,3089,14627,956,9082,3256,152.0,0.011878333985805511,85.0,2042.5205398319229,0.9347217185687561,1.0807320890016854,1951.2082297220452,0.9784646662112774,1,,1.5,1.5,0.8,0.8,0,0.0
evaluation-2d-03,uniform_clutter,2,3,14,20030014,SC-RRT,1,5000,5000,3490,3492,16496,1054,9499,3407,152.0,0.010886666015721858,85.0,2042.5205398319229,0.9347217185687561,1.2269036040524952,1955.4710869174933,0.9763316481519689,1,,1.2869220890733124,1.2869220890733124,0.9485899383983305,0.9485899383983305,99,0.02317650055509551
evaluation-2d-03,uniform_clutter,2,3,14,20030014,SC-RRT-no-ADCS,1,5000,5000,3709,3711,16154,1016,8629,2869,152.0,0.01106460700975731,85.0,2042.5205398319229,0.9347217185687561,1.1972038529929705,1967.4584814472694,0.9703830231778373,1,,4.0,4.0,0.0,0.0,0,0.0
evaluation-2d-03,uniform_clutter,2,3,15,20030015,SC-RRT,1,5000,5000,3174,3176,14817,1075,8789,2687,323.0,0.023289699980523437,146.0,2225.5394059429464,0.8578541921592118,1.261236531950999,2034.377920934006,0.9384629520198234,1,,1.2958876990189827,1.2958876990189827,0.9422347081124387,0.9422347081124387,99,0.028450647312499855
evaluation-2d-03,uniform_clutter,2,3,15,20030015,SC-RRT-no-ADCS,1,5000,5000,3546,3548,15694,1159,8453,2809,323.0,0.021878101979382336,146.0,2225.5394059429464,0.8578541921592118,1.1577973219682463,2020.0620522599843,0.9451136944371269,1,,4.0,4.0,0.0,0.0,0,0.0
evaluation-2d-03,uniform_clutter,2,3,15,20030015,SC-RRT-no-SSFOR,1,5000,5000,2949,2951,13492,1056,8230,2964,323.0,0.022522328014019877,146.0,2225.5394059429464,0.8578541921592118,1.0420727159944363,2011.3395931545133,0.949212313873549,1,,1.5,1.5,0.8,0.8,0,0.0
evaluation-2d-03,uniform_clutter,2,3,16,20030016,SC-RRT-no-ADCS,1,5000,5000,3628,3630,16165,1028,8880,2870,183.0,0.013715964974835515,121.0,2059.8700003990502,0.9268489316480258,1.1691292229807004,1962.529822942802,0.9728200238714648,1,,4.0,4.0,0.0,0.0,0,0.0
evaluation-2d-03,uniform_clutter,2,3,16,20030016,SC-RRT-no-SSFOR,1,5000,5000,3146,3148,14795,919,9270,3544,183.0,0.013146814017090946,121.0,2059.8700003990502,0.9268489316480258,1.0585742050316185,1952.5696757544702,0.9777824232909745,1,,1.5,1.5,0.8,0.8,0,0.0
evaluation-2d-03,uniform_clutter,2,3,16,20030016,SC-RRT,1,5000,5000,3181,3183,15307,1074,9148,3260,183.0,0.013162613031454384,121.0,2059.8700003990502,0.9268489316480258,1.0537500589853153,1948.8349392016794,0.979656240146104,1,,1.318833947742728,1.318833947742728,0.9259470784286783,0.9259470784286783,99,0.01683781228216978
evaluation-2d-03,uniform_clutter,2,3,17,20030017,SC-RRT-no-SSFOR,1,5000,5000,3226,3228,15193,886,9459,3659,158.0,0.011065268015954643,96.0,2165.3730534953243,0.8816902501496844,1.0964970199856907,1975.397313813895,0.9664831959893744,1,,1.5,1.5,0.8,0.8,0,0.0
evaluation-2d-03,uniform_clutter,2,3,17,20030017,SC-RRT,1,5000,5000,3443,3445,16780,1005,9988,3555,158.0,0.011065792001318187,96.0,2165.3730534953243,0.8816902501496844,1.3153925610240549,1981.3883605689796,0.9635608784213469,1,,1.284725335561326,1.284725335561326,0.95,0.95,99,0.052494692491669714
evaluation-2d-03,uniform_clutter,2,3,17,20030017,SC-RRT-no-ADCS,1,5000,5000,3740,3742,17427,974,9865,3475,158.0,0.010866513010114431,96.0,2165.3730534953243,0.8816902501496844,1.266173146024812,2027.8409970911418,0.9414881699020455,1,,4.0,4.0,0.0,0.0,0,0.0
evaluation-2d-03,uniform_clutter,2,3,18,20030018,SC-RRT,1,5000,5000,3234,3236,14991,980,8924,3229,284.0,0.0201269059907645,172.0,2231.4857891657925,0.8555682131040591,1.0648088709567674,2031.5433107297836,0.9397723883710103,1,,1.2902175546383663,1.2902175546383663,0.9462548124567534,0.9462548124567534,99,0.07263287779994688
evaluation-2d-03,uniform_clutter,2,3,18,20030018,SC-RRT-no-ADCS,1,5000,5000,3605,3607,15645,1091,8335,2757,284.0,0.019636980956420302,172.0,2231.4857891657925,0.8555682131040591,1.0758977949735709,2125.962659712868,0.8980347328685127,1,,4.0,4.0,0.0,0.0,0,0.0
evaluation-2d-03,uniform_clutter,2,3,18,20030018,SC-RRT-no-SSFOR,1,5000,5000,3252,3254,14883,863,9164,3419,284.0,0.019282380992081016,172.0,2231.4857891657925,0.8555682131040591,1.0621684289653786,1998.6541658956655,0.9552369498342428,1,,1.5,1.5,0.8,0.8,0,0.0
evaluation-2d-03,uniform_clutter,2,3,19,20030019,SC-RRT-no-ADCS,1,5000,5000,3586,3588,15591,1106,8330,2536,298.0,0.019219193956814706,137.0,2071.6820059468637,0.9215643635091006,1.1111175789847039,1968.814514809444,0.9697146657761527,1,,4.0,4.0,0.0,0.0,0,0.0
evaluation-2d-03,uniform_clutter,2,3,19,20030019,SC-RRT-no-SSFOR,1,5000,5000,3005,3007,14263,1087,8851,3263,298.0,0.019621203013230115,137.0,2071.6820059468637,0.9215643635091006,0.9754560370347463,1956.843018348334,0.9756471476261399,1,,1.5,1.5,0.8,0.8,0,0.0
evaluation-2d-03,uniform_clutter,2,3,19,20030019,SC-RRT,1,5000,5000,3231,3233,15342,1126,9012,3061,298.0,0.018751194002106786,137.0,2071.6820059468637,0.9215643635091006,1.159413355984725,1952.035550649507,0.9780499686946931,1,,1.2857856854744534,1.2857856854744534,0.9493949240266862,0.9493949240266862,99,0.036230557076932006
evaluation-2d-03,uniform_clutter,2,3,20,20030020,SC-RRT-no-SSFOR,1,5000,5000,3060,3062,13893,1096,8364,2681,197.0,0.013551959011238068,107.0,2208.9433854363056,0.8642993395806655,1.0323338439920917,1955.6042348527722,0.9762651743016969,1,,1.5,1.5,0.8,0.8,0,0.0
evaluation-2d-03,uniform_clutter,2,3,20,20030020,SC-RRT,1,5000,5000,3518,3520,16173,893,9372,3025,197.0,0.01391497504664585,107.0,2208.9433854363056,0.8642993395806655,1.3176037950324826,1995.8600300265218,0.9565742489358375,1,,1.2818239400866243,1.2818239400866243,0.95,0.95,99,0.030502274344131625
evaluation-2d-03,uniform_clutter,2,3,20,20030020,SC-RRT-no-ADCS,1,5000,5000,3694,3696,16358,970,8950,3131,197.0,0.013330159010365605,107.0,2208.9433854363056,0.8642993395806655,1.1491735400049947,2019.8577472266022,0.9452092910132506,1,,4.0,4.0,0.0,0.0,0,0.0
evaluation-2d-03,uniform_clutter,2,3,21,20030021,SC-RRT,1,5000,5000,3368,3370,16329,1098,9614,3222,295.0,0.018600884010083973,138.0,2154.2739498912943,0.8862328346401891,1.2530143070034683,1952.9996148919608,0.9775671713633665,1,,1.2859982763474722,1.2859982763474722,0.9492443430529076,0.9492443430529076,99,0.043955537095467435
evaluation-2d-03,uniform_clutter,2,3,21,20030021,SC-RRT-no-ADCS,1,5000,5000,3641,3643,15967,1085,8521,2838,295.0,0.018740439030807465,138.0,2154.2739498912943,0.8862328346401891,1.1547868290217593,1981.3871591387788,0.9635614626843135,1,,4.0,4.0,0.0,0.0,0,0.0
evaluation-2d-03,uniform_clutter,2,3,21,20030021,SC-RRT-no-SSFOR,1,5000,5000,3101,3103,14450,1010,8912,3139,295.0,0.01845045998925343,138.0,2154.2739498912943,0.8862328346401891,1.0258399110171013,1954.2253973524093,0.9769539950664097,1,,1.5,1.5,0.8,0.8,0,0.0
evaluation-2d-03,uniform_clutter,2,3,22,20030022,SC-RRT-no-ADCS,1,5000,5000,3695,3697,16845,1041,9385,3389,225.0,0.01482417801162228,118.0,2044.5012758887958,0.9338161495515361,1.1934500659699552,1984.9536205962522,0.9618301855487107,1,,4.0,4.0,0.0,0.0,0,0.0
evaluation-2d-03,uniform_clutter,2,3,22,20030022,SC-RRT-no-SSFOR,1,5000,5000,3160,3162,15456,868,9999,4081,225.0,0.014682924025692046,118.0,2044.5012758887958,0.9338161495515361,1.0531096020131372,1963.9874159481305,0.9720980357106832,1,,1.5,1.5,0.8,0.8,0,0.0
evaluation-2d-03,uniform_clutter,2,3,22,20030022,SC-RRT,1,5000,5000,3297,3299,15293,1066,8884,2940,225.0,0.014879300026223063,118.0,2044.5012758887958,0.9338161495515361,1.110033449018374,1959.939163364182,0.974105903331514,1,,1.306794990646934,1.306794990646934,0.9344951657599894,0.9344951657599894,99,0.025891118871034867
evaluation-2d-03,uniform_clutter,2,3,23,20030023,SC-RRT-no-SSFOR,1,5000,5000,3143,3145,15171,938,9633,3713,168.0,0.011906810977961868,106.0,2129.923752878527,0.8963646264911918,1.0439535320037976,1956.2087159751222,0.9759635020601545,1,,1.5,1.5,0.8,0.8,0,0.0
evaluation-2d-03,uniform_clutter,2,3,23,20030023,SC-RRT,1,5000,5000,3371,3373,16137,994,9594,3116,168.0,0.011549404007382691,106.0,2129.923752878527,0.8963646264911918,1.180895171011798,1991.5939597217375,0.9586232675009856,1,,1.3091530366681368,1.3091530366681368,0.932821170403405,0.932821170403405,99,0.02660119338503792
evaluation-2d-03,uniform_clutter,2,3,23,20030023,SC-RRT-no-ADCS,1,5000,5000,3636,3638,17047,1040,9694,3293,168.0,0.01184407202526927,106.0,2129.923752878527,0.8963646264911918,1.1492353670182638,2007.3470126071936,0.9511002817215822,1,,4.0,4.0,0.0,0.0,0,0.0
evaluation-2d-03,uniform_clutter,2,3,24,20030024,SC-RRT,1,5000,5000,3410,3412,16153,998,9562,3500,190.0,0.015542777953669429,108.0,2094.0932373676133,0.9117016736101157,1.1528196779545397,1961.4790243912823,0.9733411805390926,1,,1.2852483762106839,1.2852483762106839,0.9497754856741957,0.9497754856741957,99,0.03137773843802726
evaluation-2d-03,uniform_clutter,2,3,24,20030024,SC-RRT-no-ADCS,1,5000,5000,3679,3681,16282,1049,8854,3072,190.0,0.012839704984799027,108.0,2094.0932373676133,0.9117016736101157,1.1842544520040974,1986.1828705832304,0.9612349081648544,1,,4.0,4.0,0.0,0.0,0,0.0
evaluation-2d-03,uniform_clutter,2,3,24,20030024,SC-RRT-no-SSFOR,1,5000,5000,3150,3152,14954,979,9284,3423,190.0,0.013798050000332296,108.0,2094.0932373676133,0.9117016736101157,1.0329504639958031,1962.3617294235353,0.9729033544516397,1,,1.5,1.5,0.8,0.8,0,0.0
evaluation-2d-03,uniform_clutter,2,3,25,20030025,SC-RRT-no-ADCS,1,5000,5000,3575,3577,15180,1124,7861,2417,147.0,0.011735191976185888,97.0,2000.1137917278586,0.9545398452326896,1.0526935280067846,1968.9283893620718,0.9696585815506733,1,,4.0,4.0,0.0,0.0,0,0.0
evaluation-2d-03,uniform_clutter,2,3,25,20030025,SC-RRT-no-SSFOR,1,5000,5000,3046,3048,14516,1007,9266,3582,147.0,0.010741212987340987,97.0,2000.1137917278586,0.9545398452326896,0.9774782680324279,1962.9076690420934,0.9726327627704311,1,,1.5,1.5,0.8,0.8,0,0.0
evaluation-2d-03,uniform_clutter,2,3,25,20030025,SC-RRT,1,5000,5000,3330,3332,15824,1057,9284,3400,147.0,0.011010995018295944,97.0,2000.1137917278586,0.9545398452326896,1.1506555089727044,1951.1414581883205,0.978498151013819,1,,1.3709548179627404,1.3709548179627404,0.8889994396511995,0.8889994396511995,99,0.01628383247964073
evaluation-2d-03,uniform_clutter,2,3,26,20030026,SC-RRT-no-SSFOR,1,5000,5000,3245,3247,15195,917,9440,3399,235.0,0.01795501698506996,136.0,2315.1655233501374,0.8246444109279091,1.108399874996394,1969.2520704433907,0.9694992011732715,1,,1.5,1.5,0.8,0.8,0,0.0
evaluation-2d-03,uniform_clutter,2,3,26,20030026,SC-RRT,1,5000,5000,3360,3362,16125,1052,9578,3345,235.0,0.017211936006788164,136.0,2315.1655233501374,0.8246444109279091,1.2487436160445213,1998.3963688335798,0.9553601772795602,1,,1.2862850998679605,1.2862850998679605,0.9490411744511159,0.9490411744511159,99,0.06187613946492562
evaluation-2d-03,uniform_clutter,2,3,26,20030026,SC-RRT-no-ADCS,1,5000,5000,3605,3607,16008,1042,8797,3077,235.0,0.016814320988487452,136.0,2315.1655233501374,0.8246444109279091,1.1829363579745404,2028.7242524240137,0.9410782697167895,1,,4.0,4.0,0.0,0.0,0,0.0
evaluation-2d-03,uniform_clutter,2,3,27,20030027,SC-RRT,1,5000,5000,3280,3282,15923,1104,9463,3423,352.0,0.022608236002270132,165.0,2209.6020317561674,0.8640417060470733,1.1809481939999387,2064.0569789556157,0.9249688010888639,1,,1.2922713664848666,1.2922713664848666,0.9447989865785442,0.9447989865785442,99,0.029162129361113055
evaluation-2d-03,uniform_clutter,2,3,27,20030027,SC-RRT-no-ADCS,1,5000,5000,3572,3574,15573,1103,8341,2819,352.0,0.022395807958673686,165.0,2209.6020317561674,0.8640417060470733,1.1359134869999252,2033.831387242235,0.938715136947726,1,,4.0,4.0,0.0,0.0,0,0.0
evaluation-2d-03,uniform_clutter,2,3,27,20030027,SC-RRT-no-SSFOR,1,5000,5000,3129,3131,14678,1064,8861,3165,352.0,0.02311192301567644,165.0,2209.6020317561674,0.8640417060470733,1.0857481440179981,2003.240684389833,0.9530498876550113,1,,1.5,1.5,0.8,0.8,0,0.0
evaluation-2d-03,uniform_clutter,2,3,28,20030028,SC-RRT-no-ADCS,1,5000,5000,3653,3655,16011,1021,8674,3044,134.0,0.009822454012464732,89.0,2026.1988743566403,0.9422511942762206,1.1292609590454958,1975.987919570048,0.9661943224931737,1,,4.0,4.0,0.0,0.0,0,0.0
evaluation-2d-03,uniform_clutter,2,3,28,20030028,SC-RRT-no-SSFOR,1,5000,5000,3186,3188,15026,911,9449,3602,134.0,0.010098965954966843,89.0,2026.1988743566403,0.9422511942762206,1.0979644249891862,1952.4523361405907,0.977841186626644,1,,1.5,1.5,0.8,0.8,0,0.0
evaluation-2d-03,uniform_clutter,2,3,28,20030028,SC-RRT,1,5000,5000,3342,3344,15957,1045,9435,3281,134.0,0.010848150996025652,89.0,2026.1988743566403,0.9422511942762206,1.2504697240074165,1961.2988459330256,0.973430598382595,1,,1.330713140968766,1.330713140968766,0.9175118186409182,0.9175118186409182,99,0.020658827568229732
evaluation-2d-03,uniform_clutter,2,3,29,20030029,SC-RRT-no-SSFOR,1,5000,5000,3182,3184,14841,992,9124,3055,276.0,0.018077002954669297,140.0,2196.5564253580787,0.8691733511432312,1.372194169962313,1981.4800698742201,0.9635162817079806,1,,1.5,1.5,0.8,0.8,0,0.0
evaluation-2d-03,uniform_clutter,2,3,29,20030029,SC-RRT,1,5000,5000,3202,3204,14282,1147,7972,2590,276.0,0.020459223014768213,140.0,2196.5564253580787,0.8691733511432312,1.2089233809965663,1949.7431375482906,0.9791999122532581,1,,1.2871272192256704,1.2871272192256704,0.9484446174724618,0.9484446174724618,99,0.08053486484226308
evaluation-2d-03,uniform_clutter,2,3,29,20030029,SC-RRT-no-ADCS,1,5000,5000,3528,3530,15360,1133,8184,2704,276.0,0.020222534018103033,140.0,2196.5564253580787,0.8691733511432312,1.2167482060031034,2032.8636648847223,0.9391620019495713,1,,4.0,4.0,0.0,0.0,0,0.0
evaluation-2d-03,uniform_clutter,2,3,30,20030030,SC-RRT,1,5000,5000,3320,3322,17442,1153,10794,3755,279.0,0.020393181999679655,146.0,2375.477767760579,0.8037070837347877,1.3945735070155933,1963.4794636961956,0.9723495175292969,1,,1.2909053334589107,1.2909053334589107,0.9457673292017991,0.9457673292017991,99,0.08484126178323396
evaluation-2d-03,uniform_clutter,2,3,30,20030030,SC-RRT-no-ADCS,1,5000,5000,3583,3585,15991,1116,8731,2841,279.0,0.02082656999118626,146.0,2375.477767760579,0.8037070837347877,1.2222260159906,2049.5290598275305,0.931525366790524,1,,4.0,4.0,0.0,0.0,0,0.0
evaluation-2d-03,uniform_clutter,2,3,30,20030030,SC-RRT-no-SSFOR,1,5000,5000,3147,3149,15080,986,9459,3753,279.0,0.020806411979719996,146.0,2375.477767760579,0.8037070837347877,1.1735503990203142,1975.136986280404,0.9666105806661436,1,,1.5,1.5,0.8,0.8,0,0.0
evaluation-2d-03,uniform_clutter,2,3,31,20030031,SC-RRT-no-ADCS,1,5000,5000,3601,3603,15914,1120,8497,2784,212.0,0.015943931008223444,119.0,2061.8233854062055,0.9259708288872395,1.232315113011282,1978.3975117910984,0.9650175446668637,1,,4.0,4.0,0.0,0.0,0,0.0
evaluation-2d-03,uniform_clutter,2,3,31,20030031,SC-RRT-no-SSFOR,1,5000,5000,3142,3144,15535,963,10045,4151,212.0,0.015293771983124316,119.0,2061.8233854062055,0.9259708288872395,1.120297304005362,1960.0342355819764,0.9740586539483578,1,,1.5,1.5,0.8,0.8,0,0.0
evaluation-2d-03,uniform_clutter,2,3,31,20030031,SC-RRT,1,5000,5000,3359,3361,17093,1068,10432,3455,212.0,0.015027309011202306,119.0,2061.8233854062055,0.9259708288872395,1.3880921460222453,1960.348899576026,0.9739023036239046,1,,1.2991436749905827,1.2991436749905827,0.9399251036956577,0.9399251036956577,99,0.02493877384071025
evaluation-2d-03,uniform_clutter,2,3,32,20030032,SC-RRT-no-SSFOR,1,5000,5000,2941,2943,13641,1123,8274,2655,281.0,0.018338057037908584,115.0,2184.478738585252,0.8739788927587083,1.0193399300333112,1952.5795331607198,0.9777774870523187,1,,1.5,1.5,0.8,0.8,0,0.0
evaluation-2d-03,uniform_clutter,2,3,32,20030032,SC-RRT,1,5000,5000,3249,3251,16424,1080,10077,3667,281.0,0.01814716903027147,115.0,2184.478738585252,0.8739788927587083,1.1783759029931389,1979.2452971671642,0.9646041912724227,1,,1.2870291190740055,1.2870291190740055,0.948514115380115,0.948514115380115,99,0.047498275110174265
evaluation-2d-03,uniform_clutter,2,3,32,20030032,SC-RRT-no-ADCS,1,5000,5000,3657,3659,15916,1032,8530,2871,281.0,0.01772885996615514,115.0,2184.478738585252,0.8739788927587083,1.1480331699713133,2020.2643587091038,0.9450190520727693,1,,4.0,4.0,0.0,0.0,0,0.0
evaluation-2d-03,uniform_clutter,2,3,33,20030033,SC-RRT,1,5000,5000,3380,3382,16358,1083,9649,3198,180.0,0.012764409009832889,106.0,2055.7708899825634,0.9286970248031247,1.2157897400320508,1981.07010665814,0.9637156720436719,1,,1.3138301183949328,1.3138301183949328,0.9295003545701832,0.9295003545701832,99,0.021222892919630747
evaluation-2d-03,uniform_clutter,2,3,33,20030033,SC-RRT-no-ADCS,1,5000,5000,3654,3656,16341,1062,8924,2953,180.0,0.012689555005636066,106.0,2055.7708899825634,0.9286970248031247,1.2450678560417145,2004.2429686135313,0.9525732853259758,1,,4.0,4.0,0.0,0.0,0,0.0
evaluation-2d-03,uniform_clutter,2,3,33,20030033,SC-RRT-no-SSFOR,1,5000,5000,3234,3236,15548,896,9926,3980,180.0,0.013572578958701342,106.0,2055.7708899825634,0.9286970248031247,1.1065880209789611,1968.504019828855,0.9698676202701716,1,,1.5,1.5,0.8,0.8,0,0.0
evaluation-2d-03,uniform_clutter,2,3,34,20030034,SC-RRT-no-ADCS,1,5000,5000,3584,3586,15634,1195,8249,2877,588.0,0.03474215097958222,218.0,2547.2477920412844,0.7495102420615761,1.0724550649756566,2044.362345280616,0.9338796097526522,1,,4.0,4.0,0.0,0.0,0,0.0
evaluation-2d-03,uniform_clutter,2,3,34,20030034,SC-RRT-no-SSFOR,1,5000,5000,3058,3060,13910,1230,8203,3118,588.0,0.03476729796966538,218.0,2547.2477920412844,0.7495102420615761,1.0017268660012633,2033.0778954244486,0.9390630400834171,1,,1.5,1.5,0.8,0.8,0,0.0
evaluation-2d-03,uniform_clutter,2,3,34,20030034,SC-RRT,1,5000,5000,3119,3121,15515,1231,9354,3146,588.0,0.03492748498683795,218.0,2547.2477920412844,0.7495102420615761,1.2032963439705782,1957.0160972155331,0.9755608612111547,1,,1.293766407907445,1.293766407907445,0.9437390079607877,0.9437390079607877,99,0.09711245394065529
evaluation-2d-03,uniform_clutter,2,3,35,20030035,SC-RRT-no-SSFOR,1,5000,5000,3180,3182,14977,1022,9229,3185,310.0,0.02025494904955849,146.0,2342.363905072895,0.8150690441689776,1.0674527049995959,1967.963321344591,0.9701340916756745,1,,1.5,1.5,0.8,0.8,0,0.0
evaluation-2d-03,uniform_clutter,2,3,35,20030035,SC-RRT,1,5000,5000,3260,3262,16988,1157,10481,3556,310.0,0.021407091000583023,146.0,2342.363905072895,0.8150690441689776,1.2086729279835708,1968.6619347307878,0.9697898229869302,1,,1.2921226297797557,1.2921226297797557,0.9449044298818331,0.9449044298818331,99,0.0769069327300813
evaluation-2d-03,uniform_clutter,2,3,35,20030035,SC-RRT-no-ADCS,1,5000,5000,3544,3546,16157,1155,8890,3073,310.0,0.019935832999181002,146.0,2342.363905072895,0.8150690441689776,1.098300026031211,2061.757100064788,0.9260005987823127,1,,4.0,4.0,0.0,0.0,0,0.0
evaluation-2d-03,uniform_clutter,2,3,36,20030036,SC-RRT,1,5000,5000,3472,3474,16400,874,9833,3250,130.0,0.010429986985400319,95.0,2063.710043252368,0.9251243000178618,1.1760402880026959,1973.3077646237557,0.9675066117056997,1,,1.324457350683438,1.324457350683438,0.9219537326982412,0.9219537326982412,99,0.01344342756248772
evaluation-2d-03,uniform_clutter,2,3,36,20030036,SC-RRT-no-ADCS,1,5000,5000,3792,3794,16967,898,9449,3108,130.0,0.01070698001421988,95.0,2063.710043252368,0.9251243000178618,1.2189607140026055,1973.3068267951282,0.9675070715203546,1,,4.0,4.0,0.0,0.0,0,0.0
evaluation-2d-03,uniform_clutter,2,3,36,20030036,SC-RRT-no-SSFOR,1,5000,5000,3116,3118,14338,925,9021,3309,130.0,0.011614490009378642,95.0,2063.710043252368,0.9251243000178618,1.0427835209993646,1973.8492722744788,0.9672411850392754,1,,1.5,1.5,0.8,0.8,0,0.0
evaluation-2d-03,uniform_clutter,2,3,37,20030037,SC-RRT-no-ADCS,1,5000,5000,3730,3732,16120,1026,8606,2963,263.0,0.018013329012319446,133.0,2166.2932693143775,0.8813157185351586,1.1894459250033833,1974.0549575573725,0.9671404040169388,1,,4.0,4.0,0.0,0.0,0,0.0
evaluation-2d-03,uniform_clutter,2,3,37,20030037,SC-RRT-no-SSFOR,1,5000,5000,3093,3095,13933,992,8539,3022,263.0,0.01727321499492973,133.0,2166.2932693143775,0.8813157185351586,0.9891576450318098,1959.7566657749421,0.9741966145826233,1,,1.5,1.5,0.8,0.8,0,0.0
evaluation-2d-03,uniform_clutter,2,3,37,20030037,SC-RRT,1,5000,5000,3327,3329,15559,1099,9081,3149,263.0,0.018028774997219443,133.0,2166.2932693143775,0.8813157185351586,1.1882063390221447,1959.373851329419,0.9743869491308714,1,,1.289468293964103,1.289468293964103,0.9467858224436575,0.9467858224436575,99,0.06008135317115678
evaluation-2d-03,uniform_clutter,2,3,38,20030038,SC-RRT-no-SSFOR,1,5000,5000,3132,3134,14524,1016,8845,3343,283.0,0.018904640979599208,145.0,2197.675561866739,0.8687307363885799,1.0907089479733258,1957.911298772623,0.9751148126069408,1,,1.5,1.5,0.8,0.8,0,0.0
evaluation-2d-03,uniform_clutter,2,3,38,20030038,SC-RRT,1,5000,5000,3199,3201,15468,1066,9315,3286,283.0,0.01995412999531254,145.0,2197.675561866739,0.8687307363885799,1.143824009981472,1950.0093786543841,0.9790662189128163,1,,1.285582576145498,1.285582576145498,0.9495387845571698,0.9495387845571698,99,0.04079709990099349
evaluation-2d-03,uniform_clutter,2,3,38,20030038,SC-RRT-no-ADCS,1,5000,5000,3566,3568,15895,1126,8615,2881,283.0,0.019268246018327773,145.0,2197.675561866739,0.8687307363885799,1.1712363160331734,1982.1230557267638,0.963203724252961,1,,4.0,4.0,0.0,0.0,0,0.0
evaluation-2d-03,uniform_clutter,2,3,39,20030039,SC-RRT,1,5000,5000,3244,3246,16781,1261,10161,3562,389.0,0.02510854898719117,163.0,2255.54560584758,0.8464419004670273,1.2609325990197249,1969.7140011023469,0.9692718375029088,1,,1.288368090431582,1.288368090431582,0.947565451994613,0.947565451994613,99,0.08002667806483675
evaluation-2d-03,uniform_clutter,2,3,39,20030039,SC-RRT-no-ADCS,1,5000,5000,3512,3514,16054,1238,8742,2784,389.0,0.0252286049653776,163.0,2255.54560584758,0.8464419004670273,1.1309825159842148,2002.58489877755,0.9533619824902883,1,,4.0,4.0,0.0,0.0,0,0.0
evaluation-2d-03,uniform_clutter,2,3,39,20030039,SC-RRT-no-SSFOR,1,5000,5000,2924,2926,13711,1189,8286,2782,389.0,0.02466643397929147,163.0,2255.54560584758,0.8464419004670273,1.001018862996716,1970.9791528114422,0.9686496716519684,1,,1.5,1.5,0.8,0.8,0,0.0
evaluation-2d-03,uniform_clutter,2,3,40,20030040,SC-RRT-no-ADCS,1,5000,5000,3640,3642,16661,1022,9310,3017,147.0,0.010664872010238469,93.0,2081.2965259750904,0.9173072098937084,1.2012013960047625,1957.1986916869673,0.9754698474471657,1,,4.0,4.0,0.0,0.0,0,0.0
evaluation-2d-03,uniform_clutter,2,3,40,20030040,SC-RRT-no-SSFOR,1,5000,5000,3088,3090,14811,991,9269,3421,147.0,0.010506054968573153,93.0,2081.2965259750904,0.9173072098937084,1.0558903259807266,1972.8882593308977,0.9677123375710983,1,,1.5,1.5,0.8,0.8,0,0.0
evaluation-2d-03,uniform_clutter,2,3,40,20030040,SC-RRT,1,5000,5000,3320,3322,16046,1014,9592,3330,147.0,0.01064765197224915,93.0,2081.2965259750904,0.9173072098937084,1.3447412649984471,1949.945881036037,0.9790981010146274,1,,1.2847953664458585,1.2847953664458585,0.95,0.95,99,0.02811760130543201
evaluation-2d-03,uniform_clutter,2,3,41,20030041,SC-RRT-no-SSFOR,1,5000,5000,3113,3115,14547,946,8953,3006,169.0,0.013752274971920997,110.0,2217.00747508841,0.8611555579565845,1.1422515760059468,1950.1664072892363,0.978987383880477,1,,1.5,1.5,0.8,0.8,0,0.0
evaluation-2d-03,uniform_clutter,2,3,41,20030041,SC-RRT,1,5000,5000,3364,3366,15396,966,8958,2407,169.0,0.013383701036218554,110.0,2217.00747508841,0.8611555579565845,1.2808868149877526,2007.3826577172263,0.9510833930262138,1,,1.2807903510163199,1.2807903510163199,0.95,0.95,99,0.041358271461857436
evaluation-2d-03,uniform_clutter,2,3,41,20030041,SC-RRT-no-ADCS,1,5000,5000,3578,3580,15525,1088,8272,2536,169.0,0.013877377030439675,110.0,2217.00747508841,0.8611555579565845,1.2004237730288878,2004.9985995196505,0.952214285666371,1,,4.0,4.0,0.0,0.0,0,0.0
evaluation-2d-03,uniform_clutter,2,3,42,20030042,SC-RRT,1,5000,5000,3475,3477,16383,1144,9329,2787,358.0,0.02517874102341011,179.0,2396.494759267815,0.7966586623318883,1.4720959269907326,1974.8362549401766,0.9667577777285201,1,,1.2418148725031508,1.2418148725031508,0.95,0.95,99,0.08758860495042683
evaluation-2d-03,uniform_clutter,2,3,42,20030042,SC-RRT-no-ADCS,1,5000,5000,3622,3624,15870,1106,8495,3017,358.0,0.026738895976450294,179.0,2396.494759267815,0.7966586623318883,1.1591595920035616,2145.600725525428,0.8898152794649826,1,,4.0,4.0,0.0,0.0,0,0.0
evaluation-2d-03,uniform_clutter,2,3,42,20030042,SC-RRT-no-SSFOR,1,5000,5000,3134,3136,14928,1084,9188,3579,358.0,0.025277192005887628,179.0,2396.494759267815,0.7966586623318883,1.1026277689961717,1972.6848788868422,0.9678121070614207,1,,1.5,1.5,0.8,0.8,0,0.0
evaluation-2d-03,uniform_clutter,2,3,43,20030043,SC-RRT-no-ADCS,1,5000,5000,3373,3375,14902,1384,7748,2504,575.0,0.03252556303050369,173.0,2304.681364973929,0.8283957766219346,1.0400607220362872,2079.0084126599163,0.9183167790846178,1,,4.0,4.0,0.0,0.0,0,0.0
evaluation-2d-03,uniform_clutter,2,3,43,20030043,SC-RRT-no-SSFOR,1,5000,5000,2971,2973,14170,1252,8518,3243,575.0,0.03300439298618585,173.0,2304.681364973929,0.8283957766219346,1.0456322010140866,1973.2066141910566,0.9675562079880705,1,,1.5,1.5,0.8,0.8,0,0.0
evaluation-2d-03,uniform_clutter,2,3,43,20030043,SC-RRT,1,5000,5000,3081,3083,15552,1400,9113,2753,575.0,0.032488850003574044,173.0,2304.681364973929,0.8283957766219346,1.1934716010000557,2053.869781843195,0.9295566476908405,1,,1.2874386103769213,1.2874386103769213,0.9482240094779205,0.9482240094779205,99,0.05145378826313768
evaluation-2d-03,uniform_clutter,2,3,44,20030044,SC-RRT-no-SSFOR,1,5000,5000,3039,3041,13958,1051,8425,2918,256.0,0.016128695977386087,111.0,2142.1317506553273,0.8912562491170833,1.025794640998356,1949.4488580573243,0.9793477275963184,1,,1.5,1.5,0.8,0.8,0,0.0
evaluation-2d-03,uniform_clutter,2,3,44,20030044,SC-RRT,1,5000,5000,3064,3066,14678,1255,8584,3190,256.0,0.01639073999831453,111.0,2142.1317506553273,0.8912562491170833,1.0849002479808405,1972.5669221523367,0.967869980867618,1,,1.2860284742138104,1.2860284742138104,0.9492229531058181,0.9492229531058181,99,0.04308205092398518
evaluation-2d-03,uniform_clutter,2,3,44,20030044,SC-RRT-no-ADCS,1,5000,5000,3375,3377,14877,1288,7899,2798,256.0,0.016883408010471612,111.0,2142.1317506553273,0.8912562491170833,1.0757603269885294,1988.4598835163335,0.9601341847679251,1,,4.0,4.0,0.0,0.0,0,0.0
evaluation-2d-03,uniform_clutter,2,3,45,20030045,SC-RRT,1,5000,5000,3196,3198,14479,1063,8415,2848,271.0,0.01867268403293565,140.0,2123.095633106502,0.899247438237233,1.1128128090058453,2050.320346355089,0.931165860299682,1,,1.3027133049599717,1.3027133049599717,0.9373922205627854,0.9373922205627854,99,0.019272933754642223
evaluation-2d-03,uniform_clutter,2,3,45,20030045,SC-RRT-no-ADCS,1,5000,5000,3561,3563,16033,1157,8745,3361,271.0,0.019361827988177538,140.0,2123.095633106502,0.899247438237233,1.1518535389914177,2005.0494306195294,0.9521901455635278,1,,4.0,4.0,0.0,0.0,0,0.0
evaluation-2d-03,uniform_clutter,2,3,45,20030045,SC-RRT-no-SSFOR,1,5000,5000,3216,3218,15071,907,9448,3493,271.0,0.018252826004754752,140.0,2123.095633106502,0.899247438237233,1.058844354993198,1977.8998825237559,0.9652603380347021,1,,1.5,1.5,0.8,0.8,0,0.0
evaluation-2d-03,uniform_clutter,2,3,46,20030046,SC-RRT-no-ADCS,1,5000,5000,3440,3442,15348,1291,8167,3030,433.0,0.026964100019540638,168.0,2313.334145593137,0.8252972502224334,1.0600741000380367,2062.4897266419302,0.9256716697988835,1,,4.0,4.0,0.0,0.0,0,0.0
evaluation-2d-03,uniform_clutter,2,3,46,20030046,SC-RRT-no-SSFOR,1,5000,5000,3029,3031,13985,1107,8495,3226,433.0,0.027185515966266394,168.0,2313.334145593137,0.8252972502224334,1.038003674999345,1984.6960249361418,0.9619550224398252,1,,1.5,1.5,0.8,0.8,0,0.0
evaluation-2d-03,uniform_clutter,2,3,46,20030046,SC-RRT,1,5000,5000,3179,3181,15335,1257,8942,3202,433.0,0.026218012964818627,168.0,2313.334145593137,0.8252972502224334,1.139728716982063,1969.330690394786,0.9694604966629291,1,,1.2905836435740476,1.2905836435740476,0.9459953417040197,0.9459953417040197,99,0.09152395640980428
evaluation-2d-03,uniform_clutter,2,3,47,20030047,SC-RRT-no-SSFOR,1,5000,5000,3145,3147,15300,932,9676,3833,178.0,0.012311684025917202,104.0,2103.2685606857885,0.9077244555879118,1.100801823020447,1959.6380041011307,0.974255604967922,1,,1.5,1.5,0.8,0.8,0,0.0
evaluation-2d-03,uniform_clutter,2,3,47,20030047,SC-RRT,1,5000,5000,3455,3457,16354,977,9600,3312,178.0,0.012253648019395769,104.0,2103.2685606857885,0.9077244555879118,1.2211703499779105,1980.1051412308989,0.9641853199860203,1,,1.328071602216368,1.328071602216368,0.9193873291756955,0.9193873291756955,99,0.023084363582196378
evaluation-2d-03,uniform_clutter,2,3,47,20030047,SC-RRT-no-ADCS,1,5000,5000,3743,3745,17295,952,9771,3470,178.0,0.01313178101554513,104.0,2103.2685606857885,0.9077244555879118,1.1847534810076468,1998.8916817089464,0.9551234449939896,1,,4.0,4.0,0.0,0.0,0,0.0
evaluation-2d-03,uniform_clutter,2,3,48,20030048,SC-RRT,1,5000,5000,3386,3388,16445,1085,9730,3477,254.0,0.017095073009841144,132.0,2327.444987098642,0.820293635203659,1.252579664986115,2056.185889369392,0.9285095861586735,1,,1.282204941936051,1.282204941936051,0.95,0.95,99,0.056914190827131485
evaluation-2d-03,uniform_clutter,2,3,48,20030048,SC-RRT-no-ADCS,1,5000,5000,3651,3653,16459,1049,9079,3398,254.0,0.01776023901766166,132.0,2327.444987098642,0.820293635203659,1.1643185230204836,2080.2983422034167,0.9177473588627189,1,,4.0,4.0,0.0,0.0,0,0.0
evaluation-2d-03,uniform_clutter,2,3,48,20030048,SC-RRT-no-SSFOR,1,5000,5000,3190,3192,14847,945,9133,3586,254.0,0.018287802988197654,132.0,2327.444987098642,0.820293635203659,1.1421156369615346,2046.911206591539,0.9327167212019943,1,,1.5,1.5,0.8,0.8,0,0.0
evaluation-2d-03,uniform_clutter,2,3,49,20030049,SC-RRT-no-ADCS,1,5000,5000,3556,3558,16456,1157,9162,3080,185.0,0.014102678978815675,100.0,2071.1452771085787,0.9218031831494696,1.148391338007059,1997.8885754067148,0.955602996435885,1,,4.0,4.0,0.0,0.0,0,0.0
evaluation-2d-03,uniform_clutter,2,3,49,20030049,SC-RRT-no-SSFOR,1,5000,5000,3170,3172,14929,927,9207,3281,185.0,0.012547291000373662,100.0,2071.1452771085787,0.9218031831494696,1.113794411008712,1952.3673312440553,0.9778837612423769,1,,1.5,1.5,0.8,0.8,0,0.0
evaluation-2d-03,uniform_clutter,2,3,49,20030049,SC-RRT,1,5000,5000,3285,3287,16071,1174,9503,3342,185.0,0.012671417964156717,100.0,2071.1452771085787,0.9218031831494696,1.2893623059499077,1986.73087999663,0.9609697661753346,1,,1.2855408652405709,1.2855408652405709,0.9495683274686489,0.9495683274686489,99,0.03607063889627261
evaluation-2d-04,central_cluster,2,4,0,20040000,SC-RRT-no-SSFOR,1,5000,5000,2975,2977,12836,1112,7631,2800,432.0,0.0343620459898375,225.0,2436.573946117002,0.783554429877336,0.985281610977836,2051.549694943703,0.9306078784779663,1,,1.5,1.5,0.8,0.8,0,0.0
evaluation-2d-04,central_cluster,2,4,0,20040000,SC-RRT,1,5000,5000,3591,3593,15398,801,8690,2625,432.0,0.03011847799643874,225.0,2436.573946117002,0.783554429877336,1.4798917080042884,2123.2853490833677,0.8991670902961224,1,,1.2860084170796968,1.2860084170796968,0.9492371601150351,0.9492371601150351,99,0.045692513147018936
evaluation-2d-04,central_cluster,2,4,0,20040000,SC-RRT-no-ADCS,1,5000,5000,3806,3808,16543,935,9017,2998,432.0,0.03181622899137437,225.0,2436.573946117002,0.783554429877336,1.178974170004949,2127.5834278180573,0.8973506205402464,1,,4.0,4.0,0.0,0.0,0,0.0
evaluation-2d-04,central_cluster,2,4,1,20040001,SC-RRT,1,5000,5000,3205,3207,14555,1232,8235,2651,453.0,0.030778719985391945,205.0,2581.3577495068616,0.7396062438723987,1.1082392829703167,1959.5073481406732,0.9743205663480969,1,,1.2938400910638195,1.2938400910638195,0.9436867620513028,0.9436867620513028,99,0.1352178195951182
evaluation-2d-04,central_cluster,2,4,1,20040001,SC-RRT-no-ADCS,1,5000,5000,3608,3610,15427,1191,8062,2634,453.0,0.03261730802478269,205.0,2581.3577495068616,0.7396062438723987,1.121787881013006,1984.5980728413663,0.9620025008238957,1,,4.0,4.0,0.0,0.0,0,0.0
evaluation-2d-04,central_cluster,2,4,1,20040001,SC-RRT-no-SSFOR,1,5000,5000,3223,3225,15732,1161,9798,3475,453.0,0.03121843299595639,205.0,2581.3577495068616,0.7396062438723987,1.1582326050265692,1986.1903562283642,0.9612312854187313,1,,1.5,1.5,0.8,0.8,0,0.0
evaluation-2d-04,central_cluster,2,4,2,20040002,SC-RRT-no-ADCS,1,5000,5000,3696,3698,17347,1095,9856,3437,254.0,0.017421311989892274,134.0,2201.9450625524623,0.8670462954196393,1.1906579750357196,2071.288457730937,0.921739462254892,1,,4.0,4.0,0.0,0.0,0,0.0
evaluation-2d-04,central_cluster,2,4,2,20040002,SC-RRT-no-SSFOR,1,5000,5000,3026,3028,13778,1213,8381,3097,254.0,0.018071634985972196,134.0,2201.9450625524623,0.8670462954196393,0.9893166269757785,2031.0527118139516,0.9399993895276921,1,,1.5,1.5,0.8,0.8,0,0.0
evaluation-2d-04,central_cluster,2,4,2,20040002,SC-RRT,1,5000,5000,3373,3375,16202,1178,9447,3278,254.0,0.018189591995906085,134.0,2201.9450625524623,0.8670462954196393,1.231998509960249,2029.3533563058252,0.9407865334399467,1,,1.2821668892045721,1.2821668892045721,0.95,0.95,99,0.04613593306321655
evaluation-2d-04,central_cluster,2,4,3,20040003,SC-RRT-no-SSFOR,1,5000,5000,3069,3071,14073,1310,8305,2814,657.0,0.047983770025894046,280.0,2599.4567041263417,0.7344566678771988,1.0811540060094558,2131.903248910521,0.8955323419012292,1,,1.5,1.5,0.8,0.8,0,0.0
evaluation-2d-04,central_cluster,2,4,3,20040003,SC-RRT,1,5000,5000,3447,3449,16991,1092,10239,2806,657.0,0.04634007200365886,280.0,2599.4567041263417,0.7344566678771988,1.40478882601019,2149.095877677315,0.8883681407769846,1,,1.2882227981403485,1.2882227981403485,0.9476684005653373,0.9476684005653373,99,0.07507588305049633
evaluation-2d-04,central_cluster,2,4,3,20040003,SC-RRT-no-ADCS,1,5000,5000,3528,3530,15724,1218,8532,2973,657.0,0.04753286897903308,280.0,2599.4567041263417,0.7344566678771988,1.1682129899854772,2129.1725105860605,0.8966808934979952,1,,4.0,4.0,0.0,0.0,0,0.0
evaluation-2d-04,central_cluster,2,4,4,20040004,SC-RRT,1,5000,5000,3458,3460,15666,1007,9053,2814,423.0,0.029971097013913095,206.0,2488.8334023546613,0.7671016900518185,1.4431424660142511,2137.220939658263,0.8933041379937787,1,,1.3006046838095684,1.3006046838095684,0.9388885158554067,0.9388885158554067,99,0.05392837451175573
evaluation-2d-04,central_cluster,2,4,4,20040004,SC-RRT-no-ADCS,1,5000,5000,3696,3698,16156,1105,8681,2862,423.0,0.031106766022276133,206.0,2488.8334023546613,0.7671016900518185,1.2258604699745774,2113.692379620037,0.9032479501803753,1,,4.0,4.0,0.0,0.0,0,0.0
evaluation-2d-04,central_cluster,2,4,4,20040004,SC-RRT-no-SSFOR,1,5000,5000,3124,3126,14242,1108,8623,3117,423.0,0.028135203989222646,206.0,2488.8334023546613,0.7671016900518185,1.0421745729981922,2067.6294654314047,0.9233706237618025,1,,1.5,1.5,0.8,0.8,0,0.0
evaluation-2d-04,central_cluster,2,4,5,20040005,SC-RRT-no-ADCS,1,5000,5000,3753,3755,16370,944,8852,3104,157.0,0.01148699299665168,97.0,2123.953911190434,0.8988840572974656,1.1750022200285457,2016.0759785125194,0.9469823208807319,1,,4.0,4.0,0.0,0.0,0,0.0
evaluation-2d-04,central_cluster,2,4,5,20040005,SC-RRT-no-SSFOR,1,5000,5000,2999,3001,13291,1144,8068,2878,157.0,0.01153523602988571,97.0,2123.953911190434,0.8988840572974656,0.9576097380486317,2000.1116466137541,0.9545408689739837,1,,1.5,1.5,0.8,0.8,0,0.0
evaluation-2d-04,central_cluster,2,4,5,20040005,SC-RRT,1,5000,5000,3420,3422,16517,1090,9631,3003,157.0,0.011393298977054656,97.0,2123.953911190434,0.8988840572974656,1.3366188629879616,1994.5330778689934,0.9572106526523494,1,,1.286226484542587,1.286226484542587,0.9490826947475205,0.9490826947475205,99,0.03179348691140692
evaluation-2d-04,central_cluster,2,4,6,20040006,SC-RRT-no-SSFOR,1,5000,5000,3043,3045,13791,1175,8372,3164,515.0,0.037846020015422255,241.0,2511.969283118482,0.7600364869245209,1.001144847017713,2089.148035603273,0.9138597536734018,1,,1.5,1.5,0.8,0.8,0,0.0
evaluation-2d-04,central_cluster,2,4,6,20040006,SC-RRT,1,5000,5000,3035,3037,13744,1321,7766,2671,515.0,0.03451059898361564,241.0,2511.969283118482,0.7600364869245209,0.9829043209902011,2159.2751289383937,0.8841801971489986,1,,1.3199286611266539,1.3199286611266539,0.9251696830382877,0.9251696830382877,99,0.027662795527955194
evaluation-2d-04,central_cluster,2,4,6,20040006,SC-RRT-no-ADCS,1,5000,5000,3578,3580,15960,1194,8709,3018,515.0,0.037286755978129804,241.0,2511.969283118482,0.7600364869245209,1.1863357260008343,2111.350691954018,0.9042497376107415,1,,4.0,4.0,0.0,0.0,0,0.0
evaluation-2d-04,central_cluster,2,4,7,20040007,SC-RRT,1,5000,5000,3275,3277,15407,1218,8779,3098,456.0,0.031097101978957653,219.0,2307.842939547947,0.8272609355200072,1.1551890569971874,2015.2276120460774,0.9473809795932994,1,,1.2876810209432548,1.2876810209432548,0.9480522645608765,0.9480522645608765,99,0.06584939775508553
evaluation-2d-04,central_cluster,2,4,7,20040007,SC-RRT-no-ADCS,1,5000,5000,3702,3704,15989,1016,8538,2962,456.0,0.031075114966370165,219.0,2307.842939547947,0.8272609355200072,1.1760242149466649,2052.4772207223377,0.9301873316439385,1,,4.0,4.0,0.0,0.0,0,0.0
evaluation-2d-04,central_cluster,2,4,7,20040007,SC-RRT-no-SSFOR,1,5000,5000,3103,3105,14123,1137,8274,2737,456.0,0.03104715299559757,219.0,2307.842939547947,0.8272609355200072,1.033693112025503,1956.6498695824573,0.9757434576739541,1,,1.5,1.5,0.8,0.8,0,0.0
evaluation-2d-04,central_cluster,2,4,8,20040008,SC-RRT-no-ADCS,1,5000,5000,3649,3651,16037,1116,8634,2991,477.0,0.031361944042146206,209.0,2121.8944258315296,0.8997565034158116,1.1728034359985031,2026.7015936249418,0.9420174707559783,1,,4.0,4.0,0.0,0.0,0,0.0
evaluation-2d-04,central_cluster,2,4,8,20040008,SC-RRT-no-SSFOR,1,5000,5000,3154,3156,14410,1118,8793,3054,477.0,0.03344073303742334,209.0,2121.8944258315296,0.8997565034158116,1.0982511980109848,2018.5865145790015,0.9458045495770394,1,,1.5,1.5,0.8,0.8,0,0.0
evaluation-2d-04,central_cluster,2,4,8,20040008,SC-RRT,1,5000,5000,3370,3372,15738,1208,8929,2995,477.0,0.0326281949528493,209.0,2121.8944258315296,0.8997565034158116,1.2445188269484788,2020.6516809386972,0.9448379090832526,1,,1.3158712938430037,1.3158712938430037,0.9280509296421819,0.9280509296421819,99,0.026053781381149776
evaluation-2d-04,central_cluster,2,4,9,20040009,SC-RRT-no-SSFOR,1,5000,5000,3051,3053,13590,1106,8165,3138,410.0,0.026563385035842657,184.0,2421.3683517004492,0.7884749579149809,1.0241983290179633,2013.9274035824574,0.9479926167187234,1,,1.5,1.5,0.8,0.8,0,0.0
evaluation-2d-04,central_cluster,2,4,9,20040009,SC-RRT,1,5000,5000,3099,3101,14019,1216,8058,2649,410.0,0.026097010006196797,184.0,2421.3683517004492,0.7884749579149809,1.0525715529802255,2007.4481335884773,0.9510523720435299,1,,1.2942142613423195,1.2942142613423195,0.943421445372405,0.943421445372405,99,0.10391482951075846
evaluation-2d-04,central_cluster,2,4,9,20040009,SC-RRT-no-ADCS,1,5000,5000,3602,3604,16425,1138,9149,3355,410.0,0.027114101976621896,184.0,2421.3683517004492,0.7884749579149809,1.179831702960655,2068.630169648548,0.9229239412707791,1,,4.0,4.0,0.0,0.0,0,0.0
evaluation-2d-04,central_cluster,2,4,10,20040010,SC-RRT,1,5000,5000,2987,2989,13873,1402,7908,2711,894.0,0.058008068008348346,326.0,2354.7256542825717,0.8107901256910381,1.0835042769904248,2110.2640066315325,0.9047153831008958,1,,1.2859576488589897,1.2859576488589897,0.9492731204233824,0.9492731204233824,99,0.06774321774294187
evaluation-2d-04,central_cluster,2,4,10,20040010,SC-RRT-no-ADCS,1,5000,5000,3464,3466,15432,1343,8277,3176,894.0,0.05861210299190134,326.0,2354.7256542825717,0.8107901256910381,1.0823118970147334,2158.577442223483,0.8844659783144417,1,,4.0,4.0,0.0,0.0,0,0.0
evaluation-2d-04,central_cluster,2,4,10,20040010,SC-RRT-no-SSFOR,1,5000,5000,3037,3039,13807,1181,8354,2789,894.0,0.05632047401741147,326.0,2354.7256542825717,0.8107901256910381,1.0610408200300299,2144.7707828511234,0.8901596032867081,1,,1.5,1.5,0.8,0.8,0,0.0
evaluation-2d-04,central_cluster,2,4,11,20040011,SC-RRT-no-ADCS,1,5000,5000,3679,3681,16894,1100,9381,3497,592.0,0.040863975998945534,263.0,2329.0081400156987,0.8197430813577188,1.1838756009819917,2112.6861746742234,0.9036781383293122,1,,4.0,4.0,0.0,0.0,0,0.0
evaluation-2d-04,central_cluster,2,4,11,20040011,SC-RRT-no-SSFOR,1,5000,5000,3164,3166,14476,1162,8608,3077,592.0,0.03834524902049452,263.0,2329.0081400156987,0.8197430813577188,1.0418556820368394,2100.156375590922,0.9090695966230082,1,,1.5,1.5,0.8,0.8,0,0.0
evaluation-2d-04,central_cluster,2,4,11,20040011,SC-RRT,1,5000,5000,3349,3351,15643,1123,9020,3109,592.0,0.03842551895650104,263.0,2329.0081400156987,0.8197430813577188,1.1787931969738565,2024.56444208113,0.9430118743175929,1,,1.2853715693468095,1.2853715693468095,0.9496882340694485,0.9496882340694485,99,0.09534681650307272
evaluation-2d-04,central_cluster,2,4,12,20040012,SC-RRT-no-SSFOR,1,5000,5000,3123,3125,13793,908,8585,3025,235.0,0.016144520021043718,134.0,2074.69442092811,0.9202262704064182,1.0079902589786798,1974.8983585040735,0.9667273766179194,1,,1.5,1.5,0.8,0.8,0,0.0
evaluation-2d-04,central_cluster,2,4,12,20040012,SC-RRT,1,5000,5000,3409,3411,15569,1053,8917,2799,235.0,0.016037625027820468,134.0,2074.69442092811,0.9202262704064182,1.209494240989443,1968.9229199559,0.9696612751333304,1,,1.3384295868968252,1.3384295868968252,0.9120345690126815,0.9120345690126815,99,0.0169629197363851
evaluation-2d-04,central_cluster,2,4,12,20040012,SC-RRT-no-ADCS,1,5000,5000,3644,3646,16090,1082,8779,3143,235.0,0.017278933024499565,134.0,2074.69442092811,0.9202262704064182,1.149939131049905,1964.8925351002326,0.9716502430023671,1,,4.0,4.0,0.0,0.0,0,0.0
evaluation-2d-04,central_cluster,2,4,13,20040013,SC-RRT,1,5000,5000,3081,3083,14249,1255,8208,2521,724.0,0.04631439701188356,262.0,2605.1074694426097,0.7328635503901761,1.1656984380097128,2197.4186592637216,0.8688323006428738,1,,1.290232893903381,1.290232893903381,0.9462439407841606,0.9462439407841606,99,0.052580857100861064
evaluation-2d-04,central_cluster,2,4,13,20040013,SC-RRT-no-ADCS,1,5000,5000,3462,3464,15625,1314,8398,2624,724.0,0.04513042303733528,262.0,2605.1074694426097,0.7328635503901761,1.0727495310129598,2099.068956449377,0.9095405385981764,1,,4.0,4.0,0.0,0.0,0,0.0
evaluation-2d-04,central_cluster,2,4,13,20040013,SC-RRT-no-SSFOR,1,5000,5000,3149,3151,14376,1213,8431,3114,724.0,0.04480065096868202,262.0,2605.1074694426097,0.7328635503901761,1.0774909509927966,2196.2930114406104,0.8692775960487111,1,,1.5,1.5,0.8,0.8,0,0.0
evaluation-2d-04,central_cluster,2,4,14,20040014,SC-RRT-no-ADCS,1,5000,5000,3615,3617,15512,1174,8121,2808,448.0,0.029607087024487555,201.0,2396.218466121626,0.7967505201200518,1.1280599189922214,2216.9385702258924,0.8611823236081565,1,,4.0,4.0,0.0,0.0,0,0.0
evaluation-2d-04,central_cluster,2,4,14,20040014,SC-RRT-no-SSFOR,1,5000,5000,3117,3119,13939,1122,8259,3061,448.0,0.029265485994983464,201.0,2396.218466121626,0.7967505201200518,1.0383669029688463,2030.3038299949883,0.9403461102707918,1,,1.5,1.5,0.8,0.8,0,0.0
evaluation-2d-04,central_cluster,2,4,14,20040014,SC-RRT,1,5000,5000,3201,3203,14488,1336,7952,2732,448.0,0.029553654021583498,201.0,2396.218466121626,0.7967505201200518,1.1647826390108094,2062.108318334021,0.9258428823691052,1,,1.267112509908823,1.267112509908823,0.95,0.95,99,0.07546879078137318
evaluation-2d-04,central_cluster,2,4,15,20040015,SC-RRT-no-SSFOR,1,5000,5000,3088,3090,14412,1202,8791,3322,552.0,0.03747779002878815,217.0,2263.393632980467,0.843506971736787,1.1318610970047303,2007.0072261241298,0.9512613030749488,1,,1.5,1.5,0.8,0.8,0,0.0
evaluation-2d-04,central_cluster,2,4,15,20040015,SC-RRT,1,5000,5000,3088,3090,15113,1480,8670,2702,552.0,0.0368399050203152,217.0,2263.393632980467,0.843506971736787,1.1615140560315922,2047.1496552256945,0.9326080798881281,1,,1.2877476249304851,1.2877476249304851,0.9480050754056119,0.9480050754056119,99,0.06966399261662942
evaluation-2d-04,central_cluster,2,4,15,20040015,SC-RRT-no-ADCS,1,5000,5000,3560,3562,15999,1238,8671,2935,552.0,0.03709258500020951,217.0,2263.393632980467,0.843506971736787,1.2352510819910094,2064.594253153276,0.9247280942915322,1,,4.0,4.0,0.0,0.0,0,0.0
evaluation-2d-04,central_cluster,2,4,16,20040016,SC-RRT,1,5000,5000,3296,3298,15820,1213,9178,3438,310.0,0.022444470028858632,160.0,2326.10913470132,0.8207647185259106,1.3129429260152392,2017.9142877975582,0.9461196249754749,1,,1.2869766442406518,1.2869766442406518,0.9485512901545581,0.9485512901545581,99,0.045424548415245306
evaluation-2d-04,central_cluster,2,4,16,20040016,SC-RRT-no-ADCS,1,5000,5000,3671,3673,16511,1047,9160,3184,310.0,0.02274246298475191,160.0,2326.10913470132,0.8207647185259106,1.2566517540253699,2020.2695514593217,0.9450166230662611,1,,4.0,4.0,0.0,0.0,0,0.0
evaluation-2d-04,central_cluster,2,4,16,20040016,SC-RRT-no-SSFOR,1,5000,5000,3139,3141,14344,995,8735,3154,310.0,0.02257344196550548,160.0,2326.10913470132,0.8207647185259106,1.1200785340042785,2017.7784212987463,0.9461833316538425,1,,1.5,1.5,0.8,0.8,0,0.0
evaluation-2d-04,central_cluster,2,4,17,20040017,SC-RRT-no-ADCS,1,5000,5000,3734,3736,17164,1002,9715,3676,437.0,0.03139990399358794,204.0,2402.8970350461786,0.7945360460137185,1.2830836999928579,2122.4433344889194,0.8995238073874926,1,,4.0,4.0,0.0,0.0,0,0.0
evaluation-2d-04,central_cluster,2,4,17,20040017,SC-RRT-no-SSFOR,1,5000,5000,3104,3106,14416,1195,8743,3505,437.0,0.031715768040157855,204.0,2402.8970350461786,0.7945360460137185,1.1671530799940228,2049.9656760158605,0.9313269639295693,1,,1.5,1.5,0.8,0.8,0,0.0
evaluation-2d-04,central_cluster,2,4,17,20040017,SC-RRT,1,5000,5000,3525,3527,16163,999,9302,3118,437.0,0.03170957899419591,204.0,2402.8970350461786,0.7945360460137185,1.4009014510083944,2090.22379515773,0.913389424437018,1,,1.287738985204542,1.287738985204542,0.9480111967066929,0.9480111967066929,99,0.06441652409394094
evaluation-2d-04,central_cluster,2,4,18,20040018,SC-RRT-no-SSFOR,1,5000,5000,2995,2997,13794,1163,8459,3045,264.0,0.018793102994095534,120.0,2173.8160736262043,0.8782657982737735,1.0718723839963786,1961.629611809074,0.9732664605541752,1,,1.5,1.5,0.8,0.8,0,0.0
evaluation-2d-04,central_cluster,2,4,18,20040018,SC-RRT,1,5000,5000,3392,3394,16225,1080,9478,3055,264.0,0.019287939008791,120.0,2173.8160736262043,0.8782657982737735,1.3114230030332692,2013.4846290375137,0.9482010846620214,1,,1.2911147982478646,1.2911147982478646,0.9456188563168845,0.9456188563168845,99,0.023971914629045105
evaluation-2d-04,central_cluster,2,4,18,20040018,SC-RRT-no-ADCS,1,5000,5000,3709,3711,16902,1026,9374,2829,264.0,0.018946239026263356,120.0,2173.8160736262043,0.8782657982737735,1.2855424750014208,2046.3611872880163,0.9329674160473453,1,,4.0,4.0,0.0,0.0,0,0.0
evaluation-2d-04,central_cluster,2,4,19,20040019,SC-RRT,1,5000,5000,2895,2897,14442,1555,8382,2693,956.0,0.06845261197304353,325.0,2430.2536441144434,0.7855922009734768,1.1473852929775603,2044.9014954167721,0.9336333869786554,1,,1.2798947880410658,1.2798947880410658,0.95,0.95,99,0.17292381438789275
evaluation-2d-04,central_cluster,2,4,19,20040019,SC-RRT-no-ADCS,1,5000,5000,3368,3370,14743,1404,7680,2562,956.0,0.06586329499259591,325.0,2430.2536441144434,0.7855922009734768,1.1341017599916086,2020.480768046853,0.9449178331201052,1,,4.0,4.0,0.0,0.0,0,0.0
evaluation-2d-04,central_cluster,2,4,19,20040019,SC-RRT-no-SSFOR,1,5000,5000,3067,3069,13642,1237,7927,2858,956.0,0.06604249397059903,325.0,2430.2536441144434,0.7855922009734768,1.0702289569890127,2195.600313056351,0.8695518477796275,1,,1.5,1.5,0.8,0.8,0,0.0
evaluation-2d-04,central_cluster,2,4,20,20040020,SC-RRT-no-ADCS,1,5000,5000,3744,3746,16677,971,9290,3235,189.0,0.015017747005913407,132.0,2284.092925974053,0.8358628002796794,1.2642681970028207,2098.5451405034073,0.9097675681856883,1,,4.0,4.0,0.0,0.0,0,0.0
evaluation-2d-04,central_cluster,2,4,20,20040020,SC-RRT-no-SSFOR,1,5000,5000,3072,3074,14751,1031,9424,3512,189.0,0.015627426968421787,132.0,2284.092925974053,0.8358628002796794,1.1301021099789068,2016.3768178530677,0.9468410330349274,1,,1.5,1.5,0.8,0.8,0,0.0
evaluation-2d-04,central_cluster,2,4,20,20040020,SC-RRT,1,5000,5000,3354,3356,15316,1051,8908,3185,189.0,0.015233216981869191,132.0,2284.092925974053,0.8358628002796794,1.2039010520093143,2006.8986623500227,0.9513127618352546,1,,1.2643991792533649,1.2643991792533649,0.95,0.95,99,0.07071803951762365
evaluation-2d-04,central_cluster,2,4,21,20040021,SC-RRT-no-SSFOR,1,5000,5000,3205,3207,14390,957,8876,3170,225.0,0.016553758992813528,122.0,2117.7513264306394,0.9015167575985027,1.1254471550346352,2037.0718967056016,0.9372218586350636,1,,1.5,1.5,0.8,0.8,0,0.0
evaluation-2d-04,central_cluster,2,4,21,20040021,SC-RRT,1,5000,5000,3245,3247,15314,1258,8673,2916,225.0,0.01751513103954494,122.0,2117.7513264306394,0.9015167575985027,1.2134435790358111,2048.3744807528446,0.9320504268838523,1,,1.3474017890198786,1.3474017890198786,0.9056701724688698,0.9056701724688698,99,0.016385850887485988
evaluation-2d-04,central_cluster,2,4,21,20040021,SC-RRT-no-ADCS,1,5000,5000,3657,3659,15543,1033,8189,2845,225.0,0.016789190005511045,122.0,2117.7513264306394,0.9015167575985027,1.2176842079497874,2050.1053868851814,0.9312634957290635,1,,4.0,4.0,0.0,0.0,0,0.0
evaluation-2d-04,central_cluster,2,4,22,20040022,SC-RRT,1,5000,5000,3117,3119,14461,1211,8360,2879,403.0,0.028231607982888818,182.0,2392.4731269754643,0.7979978072385921,1.1629799110232852,2035.809868779518,0.937802855994725,1,,1.2899936763482223,1.2899936763482223,0.9464134832282239,0.9464134832282239,99,0.06264821850107828
evaluation-2d-04,central_cluster,2,4,22,20040022,SC-RRT-no-ADCS,1,5000,5000,3639,3641,15821,1098,8472,2829,403.0,0.028185221017338336,182.0,2392.4731269754643,0.7979978072385921,1.188739315024577,2106.581326439082,0.9062969870861465,1,,4.0,4.0,0.0,0.0,0,0.0
evaluation-2d-04,central_cluster,2,4,22,20040022,SC-RRT-no-SSFOR,1,5000,5000,3167,3169,14077,965,8497,3217,403.0,0.02875251299701631,182.0,2392.4731269754643,0.7979978072385921,1.1550983969937079,2049.947334411864,0.9313352968413844,1,,1.5,1.5,0.8,0.8,0,0.0
evaluation-2d-04,central_cluster,2,4,23,20040023,SC-RRT-no-ADCS,1,5000,5000,3749,3751,16356,1025,8858,3082,593.0,0.04462573101045564,262.0,2325.4505800742118,0.8209971545139225,1.248481451999396,2041.440801030258,0.9352161023920774,1,,4.0,4.0,0.0,0.0,0,0.0
evaluation-2d-04,central_cluster,2,4,23,20040023,SC-RRT-no-SSFOR,1,5000,5000,3150,3152,13228,997,7740,2569,593.0,0.04165713000111282,262.0,2325.4505800742118,0.8209971545139225,1.1409378689713776,2058.728588711585,0.9273628003575286,1,,1.5,1.5,0.8,0.8,0,0.0
evaluation-2d-04,central_cluster,2,4,23,20040023,SC-RRT,1,5000,5000,3434,3436,16244,1156,9372,3058,593.0,0.04267308197449893,262.0,2325.4505800742118,0.8209971545139225,1.3437298609642312,2042.8591601554751,0.9345667809318663,1,,1.2859084761142208,1.2859084761142208,0.949307950356299,0.949307950356299,99,0.04420160407630636
evaluation-2d-04,central_cluster,2,4,24,20040024,SC-RRT-no-SSFOR,1,5000,5000,2959,2961,13171,1255,7721,2922,509.0,0.03538526897318661,216.0,2326.95624824694,0.820465924377394,1.0374114189762622,2037.5102267501532,0.9370202338806665,1,,1.5,1.5,0.8,0.8,0,0.0
evaluation-2d-04,central_cluster,2,4,24,20040024,SC-RRT,1,5000,5000,3313,3315,16058,1189,9481,2842,509.0,0.03545556700555608,216.0,2326.95624824694,0.820465924377394,1.3519485399592668,2081.6695272338584,0.9171428433890875,1,,1.286594220142304,1.286594220142304,0.9488222024108125,0.9488222024108125,99,0.04810153037155921
evaluation-2d-04,central_cluster,2,4,24,20040024,SC-RRT-no-ADCS,1,5000,5000,3561,3563,15327,1203,8076,2694,509.0,0.034518473024945706,216.0,2326.95624824694,0.820465924377394,1.1644259530003183,2109.5264687288523,0.9050316919484339,1,,4.0,4.0,0.0,0.0,0,0.0
evaluation-2d-04,central_cluster,2,4,25,20040025,SC-RRT,1,5000,5000,2869,2871,13428,1455,7855,2349,611.0,0.04234804498264566,224.0,2258.910742181545,0.8451809421030412,1.0360253179678693,1990.0512797127324,0.9593663885280751,1,,1.2862044880095698,1.2862044880095698,0.9490982759466872,0.9490982759466872,99,0.0720593022197098
evaluation-2d-04,central_cluster,2,4,25,20040025,SC-RRT-no-ADCS,1,5000,5000,3355,3357,14706,1362,7779,2390,611.0,0.040708273998461664,224.0,2258.910742181545,0.8451809421030412,1.0606040940037929,2033.917376768511,0.9386754501488146,1,,4.0,4.0,0.0,0.0,0,0.0
evaluation-2d-04,central_cluster,2,4,25,20040025,SC-RRT-no-SSFOR,1,5000,5000,2820,2822,13035,1453,7750,2792,611.0,0.041558566968888044,224.0,2258.910742181545,0.8451809421030412,0.9639297929825261,2055.1941596688184,0.9289576365433677,1,,1.5,1.5,0.8,0.8,0,0.0
evaluation-2d-04,central_cluster,2,4,26,20040026,SC-RRT-no-ADCS,1,5000,5000,3461,3463,15055,1254,7994,2607,286.0,0.020168159971944988,136.0,2127.361014916263,0.8974444374119678,1.114580795983784,2006.4386453384989,0.9515308697025152,1,,4.0,4.0,0.0,0.0,0,0.0
evaluation-2d-04,central_cluster,2,4,26,20040026,SC-RRT-no-SSFOR,1,5000,5000,2971,2973,13752,1283,8467,3249,286.0,0.01991165999788791,136.0,2127.361014916263,0.8974444374119678,1.015344012004789,1970.221840473498,0.9690220004590184,1,,1.5,1.5,0.8,0.8,0,0.0
evaluation-2d-04,central_cluster,2,4,26,20040026,SC-RRT,1,5000,5000,3030,3032,15003,1437,8822,2866,286.0,0.019738940987735987,136.0,2127.361014916263,0.8974444374119678,1.1236808139947243,1958.759288672744,0.9746926639961692,1,,1.2851020087992011,1.2851020087992011,0.9498791483167506,0.9498791483167506,99,0.0348791636546899
evaluation-2d-04,central_cluster,2,4,27,20040027,SC-RRT-no-SSFOR,1,5000,5000,3017,3019,13798,1268,8153,2908,671.0,0.047303358966019005,286.0,2284.9724844018533,0.8355410501599342,1.090066451986786,2021.6840302810886,0.9443554386380698,1,,1.5,1.5,0.8,0.8,0,0.0
evaluation-2d-04,central_cluster,2,4,27,20040027,SC-RRT,1,5000,5000,3262,3264,15509,1220,9102,2756,671.0,0.0482609590399079,286.0,2284.9724844018533,0.8355410501599342,1.378062583040446,2049.3441960281784,0.9316093962663102,1,,1.2868106355731725,1.2868106355731725,0.9486688938812187,0.9486688938812187,99,0.0702657177526217
evaluation-2d-04,central_cluster,2,4,27,20040027,SC-RRT-no-ADCS,1,5000,5000,3477,3479,15577,1273,8471,3249,671.0,0.05277072999160737,286.0,2284.9724844018533,0.8355410501599342,1.1388255989877507,2053.2288016279267,0.9298468381555702,1,,4.0,4.0,0.0,0.0,0,0.0
evaluation-2d-04,central_cluster,2,4,28,20040028,SC-RRT,1,5000,5000,2879,2881,13179,1510,7436,2426,832.0,0.05710841598920524,302.0,2705.7907490611806,0.7055934794167299,1.0417457449948415,2104.363081859362,0.9072523300098801,1,,1.2910550926062898,1.2910550926062898,0.9456611772910494,0.9456611772910494,99,0.11008248389190405
evaluation-2d-04,central_cluster,2,4,28,20040028,SC-RRT-no-ADCS,1,5000,5000,3266,3268,14285,1494,7418,2665,832.0,0.05681460996856913,302.0,2705.7907490611806,0.7055934794167299,1.036978221964091,2188.065159008476,0.8725463688059587,1,,4.0,4.0,0.0,0.0,0,0.0
evaluation-2d-04,central_cluster,2,4,28,20040028,SC-RRT-no-SSFOR,1,5000,5000,2882,2884,13144,1415,7806,3042,832.0,0.05817436199868098,302.0,2705.7907490611806,0.7055934794167299,0.9954900200245902,2039.2875392715287,0.9362035870065071,1,,1.5,1.5,0.8,0.8,0,0.0
evaluation-2d-04,central_cluster,2,4,29,20040029,SC-RRT-no-ADCS,1,5000,5000,3781,3783,16779,967,9289,3270,222.0,0.017945311032235622,141.0,2427.4101110727584,0.7865124646613343,1.2820459100184962,2080.9540705629042,0.917458167967752,1,,4.0,4.0,0.0,0.0,0,0.0
evaluation-2d-04,central_cluster,2,4,29,20040029,SC-RRT-no-SSFOR,1,5000,5000,3111,3113,14059,987,8632,3177,222.0,0.01805448898812756,141.0,2427.4101110727584,0.7865124646613343,1.0985956079675816,2035.095401708645,0.9381320932673444,1,,1.5,1.5,0.8,0.8,0,0.0
evaluation-2d-04,central_cluster,2,4,29,20040029,SC-RRT,1,5000,5000,3390,3392,16032,1009,9570,3491,222.0,0.017794810002669692,141.0,2427.4101110727584,0.7865124646613343,1.245681803964544,2035.2883755056405,0.9380431452272043,1,,1.2854078295960307,1.2854078295960307,0.9496625524136055,0.9496625524136055,99,0.07140752156844889
evaluation-2d-04,central_cluster,2,4,30,20040030,SC-RRT-no-SSFOR,1,5000,5000,3070,3072,13225,1076,7762,2643,251.0,0.01721715898020193,130.0,2201.6249083969246,0.8671723788743928,1.0330660339677706,2032.8728197084258,0.9391577725346894,1,,1.5,1.5,0.8,0.8,0,0.0
evaluation-2d-04,central_cluster,2,4,30,20040030,SC-RRT,1,5000,5000,3626,3628,17007,929,9948,3149,251.0,0.01791755302110687,130.0,2201.6249083969246,0.8671723788743928,1.4001414729864337,2024.2849710892724,0.9431420657025081,1,,1.2851108417951762,1.2851108417951762,0.9498728925391984,0.9498728925391984,99,0.03946062649432909
evaluation-2d-04,central_cluster,2,4,30,20040030,SC-RRT-no-ADCS,1,5000,5000,3789,3791,16806,959,9220,2985,251.0,0.017742233991157264,130.0,2201.6249083969246,0.8671723788743928,1.3058915989822708,2070.532460099674,0.9220760099128178,1,,4.0,4.0,0.0,0.0,0,0.0
evaluation-2d-04,central_cluster,2,4,31,20040031,SC-RRT,1,5000,5000,3059,3061,14319,1300,8239,2768,400.0,0.028820485982578248,164.0,2223.7518128153424,0.8585437899144795,1.2191224209964275,1979.703117476678,0.9643811197494715,1,,1.2821540807468057,1.2821540807468057,0.95,0.95,99,0.06479691937661047
evaluation-2d-04,central_cluster,2,4,31,20040031,SC-RRT-no-ADCS,1,5000,5000,3531,3533,15202,1213,7957,2504,400.0,0.027386450034100562,164.0,2223.7518128153424,0.8585437899144795,1.2127596859936602,1984.1943275396725,0.9621982497908868,1,,4.0,4.0,0.0,0.0,0,0.0
evaluation-2d-04,central_cluster,2,4,31,20040031,SC-RRT-no-SSFOR,1,5000,5000,3195,3197,14872,1061,9073,3479,400.0,0.044951051007956266,164.0,2223.7518128153424,0.8585437899144795,1.206743524002377,2074.0322672900065,0.9205200610009224,1,,1.5,1.5,0.8,0.8,0,0.0
evaluation-2d-04,central_cluster,2,4,32,20040032,SC-RRT-no-ADCS,1,5000,5000,3574,3576,15930,1179,8672,2989,364.0,0.025260409980546683,167.0,2326.6999270924957,0.8205563110965707,1.1368127869791351,2175.1149591201747,0.8777413355549434,1,,4.0,4.0,0.0,0.0,0,0.0
evaluation-2d-04,central_cluster,2,4,32,20040032,SC-RRT-no-SSFOR,1,5000,5000,3219,3221,14549,1135,8676,3229,364.0,0.024469011987093836,167.0,2326.6999270924957,0.8205563110965707,1.1190742469625548,2139.916253984469,0.8921789839433288,1,,1.5,1.5,0.8,0.8,0,0.0
evaluation-2d-04,central_cluster,2,4,32,20040032,SC-RRT,1,5000,5000,3289,3291,15006,1046,8797,2593,364.0,0.025345020985696465,167.0,2326.6999270924957,0.8205563110965707,1.3917377619654872,2159.5636716354697,0.8840620604428956,1,,1.2871829781097393,1.2871829781097393,0.9484051152987201,0.9484051152987201,99,0.047690849655478484
evaluation-2d-04,central_cluster,2,4,33,20040033,SC-RRT-no-SSFOR,1,5000,5000,3097,3099,13747,1103,8147,2935,376.0,0.026920365053229034,200.0,2277.548518140018,0.8382646051214906,1.102916329051368,2049.4066971300426,0.9315809848173503,1,,1.5,1.5,0.8,0.8,0,0.0
evaluation-2d-04,central_cluster,2,4,33,20040033,SC-RRT,1,5000,5000,3316,3318,15199,1192,8545,2789,376.0,0.028569594956934452,200.0,2277.548518140018,0.8382646051214906,1.2153459209948778,2022.4361569014372,0.9440042409688396,1,,1.2877940707087139,1.2877940707087139,0.9479721681452391,0.9479721681452391,99,0.04468436242659307
evaluation-2d-04,central_cluster,2,4,33,20040033,SC-RRT-no-ADCS,1,5000,5000,3759,3761,15720,952,8299,2590,376.0,0.0249769669608213,200.0,2277.548518140018,0.8382646051214906,1.091693767986726,2066.7709786219007,0.9237541696452034,1,,4.0,4.0,0.0,0.0,0,0.0
evaluation-2d-04,central_cluster,2,4,34,20040034,SC-RRT,1,5000,5000,3301,3303,14450,1027,8204,2586,675.0,0.04462379403412342,282.0,2674.4772816590125,0.7138547492238874,1.1952247390290722,2083.4838999869717,0.9163441623981912,1,,1.2856656856785413,1.2856656856785413,0.9494799193522092,0.9494799193522092,99,0.059487286441183854
evaluation-2d-04,central_cluster,2,4,34,20040034,SC-RRT-no-ADCS,1,5000,5000,3594,3596,15832,1162,8512,3023,675.0,0.044753191992640495,282.0,2674.4772816590125,0.7138547492238874,1.180191632010974,2119.9640947117573,0.90057577577193,1,,4.0,4.0,0.0,0.0,0,0.0
evaluation-2d-04,central_cluster,2,4,34,20040034,SC-RRT-no-SSFOR,1,5000,5000,3101,3103,13769,1193,8074,2592,675.0,0.051286591042298824,282.0,2674.4772816590125,0.7138547492238874,1.1439566950430162,2014.2245172803052,0.947852780474318,1,,1.5,1.5,0.8,0.8,0,0.0
evaluation-2d-04,central_cluster,2,4,35,20040035,SC-RRT-no-ADCS,1,5000,5000,3445,3447,14807,1327,7648,2584,568.0,0.03346408501965925,197.0,2155.3885784309405,0.8857745319377683,1.0254220650531352,2049.888190246047,0.9313621680870894,1,,4.0,4.0,0.0,0.0,0,0.0
evaluation-2d-04,central_cluster,2,4,35,20040035,SC-RRT-no-SSFOR,1,5000,5000,2971,2973,13394,1181,7941,2913,568.0,0.03351419698446989,197.0,2155.3885784309405,0.8857745319377683,0.9477024669758976,2029.0993981050801,0.9409042804835567,1,,1.5,1.5,0.8,0.8,0,0.0
evaluation-2d-04,central_cluster,2,4,35,20040035,SC-RRT,1,5000,5000,3076,3078,14607,1453,8271,2819,568.0,0.03476178500568494,197.0,2155.3885784309405,0.8857745319377683,1.144175520981662,2044.9933443640061,0.9335914537156779,1,,1.2876541161163204,1.2876541161163204,0.9480713265962072,0.9480713265962072,99,0.04523291124793592
evaluation-2d-04,central_cluster,2,4,36,20040036,SC-RRT-no-SSFOR,1,5000,5000,3181,3183,14287,1053,8612,3086,565.0,0.039779796032235026,254.0,2554.788206183873,0.7472980752699898,1.0793630270054564,2100.297871208307,0.9090083532319715,1,,1.5,1.5,0.8,0.8,0,0.0
evaluation-2d-04,central_cluster,2,4,36,20040036,SC-RRT,1,5000,5000,3106,3108,13893,1195,7954,2605,565.0,0.03945815103361383,254.0,2554.788206183873,0.7472980752699898,1.0381958950310946,2004.7610236714208,0.952327128600737,1,,1.2872988414557167,1.2872988414557167,0.9483230313188252,0.9483230313188252,99,0.07597967478359009
evaluation-2d-04,central_cluster,2,4,36,20040036,SC-RRT-no-ADCS,1,5000,5000,3578,3580,15037,1164,7840,2773,565.0,0.03796445904299617,254.0,2554.788206183873,0.7472980752699898,1.0821244230028242,2083.459049519566,0.9163550920974071,1,,4.0,4.0,0.0,0.0,0,0.0
evaluation-2d-04,central_cluster,2,4,37,20040037,SC-RRT,1,5000,5000,3425,3427,16124,971,9637,3355,247.0,0.01694926602067426,131.0,2316.5552533016744,0.8241496966163895,1.230645813047886,2058.865235408472,0.9273012513735032,1,,1.2788323236290315,1.2788323236290315,0.95,0.95,99,0.051411519623532236
evaluation-2d-04,central_cluster,2,4,37,20040037,SC-RRT-no-ADCS,1,5000,5000,3736,3738,18100,1030,10601,3907,247.0,0.018259562028106302,131.0,2316.5552533016744,0.8241496966163895,1.2486621140269563,2056.9333279966363,0.9281721887714974,1,,4.0,4.0,0.0,0.0,0,0.0
evaluation-2d-04,central_cluster,2,4,37,20040037,SC-RRT-no-SSFOR,1,5000,5000,3020,3022,14157,1125,8761,3378,247.0,0.017267561983317137,131.0,2316.5552533016744,0.8241496966163895,1.0436872090213,1979.4416894776289,0.9645084870913827,1,,1.5,1.5,0.8,0.8,0,0.0
evaluation-2d-04,central_cluster,2,4,38,20040038,SC-RRT-no-ADCS,1,5000,5000,3543,3545,15510,1274,8130,2793,864.0,0.05912302900105715,325.0,2455.4578138831307,0.7775284504621294,1.1146211479790509,2123.3754496398305,0.8991289362074507,1,,4.0,4.0,0.0,0.0,0,0.0
evaluation-2d-04,central_cluster,2,4,38,20040038,SC-RRT-no-SSFOR,1,5000,5000,3068,3070,13299,1218,7616,2665,864.0,0.056238766002934426,325.0,2455.4578138831307,0.7775284504621294,0.9965753590222448,2024.3084289605122,0.9431311364859809,1,,1.5,1.5,0.8,0.8,0,0.0
evaluation-2d-04,central_cluster,2,4,38,20040038,SC-RRT,1,5000,5000,3401,3403,16200,1156,9409,2555,864.0,0.060019705968443304,325.0,2455.4578138831307,0.7775284504621294,1.6047088080085814,2168.7515306069345,0.880316754713429,1,,1.2863349588874295,1.2863349588874295,0.9490058564170767,0.9490058564170767,99,0.08219379017987734
evaluation-2d-04,central_cluster,2,4,39,20040039,SC-RRT-no-SSFOR,1,5000,5000,3002,3004,13398,1080,8097,2658,180.0,0.014312331972178072,112.0,2012.9548270239866,0.9484506475618631,0.9818044159910642,1986.3218690297551,0.9611676430548722,1,,1.5,1.5,0.8,0.8,0,0.0
evaluation-2d-04,central_cluster,2,4,39,20040039,SC-RRT,1,5000,5000,3270,3272,14994,1135,8565,2996,180.0,0.01425602799281478,112.0,2012.9548270239866,0.9484506475618631,1.1403959810268134,1978.0829016612818,0.9651710287775387,1,,1.3768157073398732,1.3768157073398732,0.8848624874905239,0.8848624874905239,99,0.0101584496332634
evaluation-2d-04,central_cluster,2,4,39,20040039,SC-RRT-no-ADCS,1,5000,5000,3740,3742,16265,1004,8748,3155,180.0,0.014467603992670774,112.0,2012.9548270239866,0.9484506475618631,1.2019075499847531,1992.0236978772398,0.9584164642409458,1,,4.0,4.0,0.0,0.0,0,0.0
evaluation-2d-04,central_cluster,2,4,40,20040040,SC-RRT,1,5000,5000,3075,3077,14195,1317,8067,2596,629.0,0.04360560100758448,223.0,2306.1507195264026,0.8278679676217149,1.075235262978822,2084.255637766848,0.9160048674495881,1,,1.2874205397944145,1.2874205397944145,0.9482368120242198,0.9482368120242198,99,0.045862031511709395
evaluation-2d-04,central_cluster,2,4,40,20040040,SC-RRT-no-ADCS,1,5000,5000,3564,3566,15127,1219,7815,2559,629.0,0.04287232697242871,223.0,2306.1507195264026,0.8278679676217149,1.1460581409628503,2107.749985961225,0.9057944831787087,1,,4.0,4.0,0.0,0.0,0,0.0
evaluation-2d-04,central_cluster,2,4,40,20040040,SC-RRT-no-SSFOR,1,5000,5000,2965,2967,13016,1223,7618,2646,629.0,0.043961003015283495,223.0,2306.1507195264026,0.8278679676217149,1.013392182008829,2138.8230527785745,0.8926349969547156,1,,1.5,1.5,0.8,0.8,0,0.0
evaluation-2d-04,central_cluster,2,4,41,20040041,SC-RRT-no-ADCS,1,5000,5000,3461,3463,15246,1288,8150,2893,309.0,0.023535829037427902,141.0,2214.8233465565345,0.8620047789237738,1.2145855640410446,2091.97592813289,0.9126244157635448,1,,4.0,4.0,0.0,0.0,0,0.0
evaluation-2d-04,central_cluster,2,4,41,20040041,SC-RRT-no-SSFOR,1,5000,5000,3115,3117,13875,1095,8369,2938,309.0,0.022620799019932747,141.0,2214.8233465565345,0.8620047789237738,1.1119096060283482,2033.7199208713655,0.9387665870852411,1,,1.5,1.5,0.8,0.8,0,0.0
evaluation-2d-04,central_cluster,2,4,41,20040041,SC-RRT,1,5000,5000,3085,3087,16294,1401,10086,3774,309.0,0.021108338027261198,141.0,2214.8233465565345,0.8620047789237738,1.2799801590153947,1955.2645437548874,0.9764347823426878,1,,1.272870327782381,1.272870327782381,0.95,0.95,99,0.064096772505851
evaluation-2d-04,central_cluster,2,4,42,20040042,SC-RRT-no-SSFOR,1,5000,5000,3074,3076,13948,1061,8500,2658,547.0,0.035797403019387275,228.0,2483.2800772332102,0.7688171490228495,1.0515798850101419,2176.9882386688914,0.8769860467280438,1,,1.5,1.5,0.8,0.8,0,0.0
evaluation-2d-04,central_cluster,2,4,42,20040042,SC-RRT,1,5000,5000,3005,3007,14764,1408,8704,2864,547.0,0.03632508899318054,228.0,2483.2800772332102,0.7688171490228495,1.0864003379829228,2142.2506907960615,0.8912067655789729,1,,1.287646528977513,1.287646528977513,0.948076702061023,0.948076702061023,99,0.05371751224443415
evaluation-2d-04,central_cluster,2,4,42,20040042,SC-RRT-no-ADCS,1,5000,5000,3477,3479,15312,1283,8162,2665,547.0,0.03626268601510674,228.0,2483.2800772332102,0.7688171490228495,1.1038565029739402,2181.7806472725106,0.8750596956620705,1,,4.0,4.0,0.0,0.0,0,0.0
evaluation-2d-04,central_cluster,2,4,43,20040043,SC-RRT,1,5000,5000,3346,3348,16307,1136,9597,2899,289.0,0.019172862987034023,132.0,2128.2046737500173,0.8970886742014246,1.2525329469935969,2018.5221820060988,0.9458346934321229,1,,1.3373219282452018,1.3373219282452018,0.9128206325621551,0.9128206325621551,99,0.01910405717552676
evaluation-2d-04,central_cluster,2,4,43,20040043,SC-RRT-no-ADCS,1,5000,5000,3602,3604,16132,1111,8774,2550,289.0,0.019948974018916488,132.0,2128.2046737500173,0.8970886742014246,1.182444684964139,2034.0549514993033,0.9386119621775283,1,,4.0,4.0,0.0,0.0,0,0.0
evaluation-2d-04,central_cluster,2,4,43,20040043,SC-RRT-no-SSFOR,1,5000,5000,3070,3072,14154,1014,8698,3086,289.0,0.023314321995712817,132.0,2128.2046737500173,0.8970886742014246,1.25300387799507,1992.932333290428,0.9579794944926784,1,,1.5,1.5,0.8,0.8,0,0.0
evaluation-2d-04,central_cluster,2,4,44,20040044,SC-RRT-no-ADCS,1,5000,5000,3645,3647,15797,1122,8381,2956,624.0,0.0434081950224936,286.0,2462.2291426101015,0.7753901845137903,1.2057569220196456,2100.4227326884843,0.9089543164294213,1,,4.0,4.0,0.0,0.0,0,0.0
evaluation-2d-04,central_cluster,2,4,44,20040044,SC-RRT-no-SSFOR,1,5000,5000,2929,2931,13076,1284,7606,2693,624.0,0.043330608983524144,286.0,2462.2291426101015,0.7753901845137903,1.030761321017053,2046.9521054075979,0.9326980851970215,1,,1.5,1.5,0.8,0.8,0,0.0
evaluation-2d-04,central_cluster,2,4,44,20040044,SC-RRT,1,5000,5000,3274,3276,15281,1107,8961,2934,624.0,0.04365726199466735,286.0,2462.2291426101015,0.7753901845137903,1.2385086279828101,2078.749531275431,0.9184311435694145,1,,1.2881344386103826,1.2881344386103826,0.9477310077259392,0.9477310077259392,99,0.05324100184288259
evaluation-2d-04,central_cluster,2,4,45,20040045,SC-RRT-no-SSFOR,1,5000,5000,2939,2941,13549,1096,8418,3008,230.0,0.016765093023423105,124.0,2097.1067407170353,0.9103915752761804,1.017623273015488,1954.8886428724782,0.976622538662024,1,,1.5,1.5,0.8,0.8,0,0.0
evaluation-2d-04,central_cluster,2,4,45,20040045,SC-RRT,1,5000,5000,3030,3032,14007,1242,8086,2609,230.0,0.016929392993915826,124.0,2097.1067407170353,0.9103915752761804,1.0898864080081694,1972.3438673307971,0.9679794384877783,1,,1.289585966522477,1.289585966522477,0.9467024300217071,0.9467024300217071,99,0.025719081930876953
evaluation-2d-04,central_cluster,2,4,45,20040045,SC-RRT-no-ADCS,1,5000,5000,3547,3549,15535,1141,8354,2680,230.0,0.016946575022302568,124.0,2097.1067407170353,0.9103915752761804,1.2264128420501947,1978.1884080004843,0.9651195515463817,1,,4.0,4.0,0.0,0.0,0,0.0
evaluation-2d-04,central_cluster,2,4,46,20040046,SC-RRT,1,5000,5000,3329,3331,15035,1169,8465,2940,576.0,0.03902095899684355,229.0,2319.194818928652,0.8232116998629829,1.1588462350191548,2044.3420690704518,0.9338888721650056,1,,1.283633518020629,1.283633518020629,0.95,0.95,99,0.09612392062816588
evaluation-2d-04,central_cluster,2,4,46,20040046,SC-RRT-no-ADCS,1,5000,5000,3682,3684,15808,1078,8413,2970,576.0,0.03845095500582829,229.0,2319.194818928652,0.8232116998629829,1.1498165769735351,2186.934728623216,0.8729973895497133,1,,4.0,4.0,0.0,0.0,0,0.0
evaluation-2d-04,central_cluster,2,4,46,20040046,SC-RRT-no-SSFOR,1,5000,5000,2991,2993,13580,1217,8069,2733,576.0,0.0383265019627288,229.0,2319.194818928652,0.8232116998629829,1.0509071029955521,2056.1688297908195,0.9285172897976018,1,,1.5,1.5,0.8,0.8,0,0.0
evaluation-2d-04,central_cluster,2,4,47,20040047,SC-RRT-no-ADCS,1,5000,5000,3736,3738,16736,1057,9229,3390,462.0,0.036499834968708456,217.0,2378.606694557949,0.8026498510963328,1.377133476024028,2072.2540231564635,0.9213099783469582,1,,4.0,4.0,0.0,0.0,0,0.0
evaluation-2d-04,central_cluster,2,4,47,20040047,SC-RRT-no-SSFOR,1,5000,5000,3004,3006,13903,1148,8531,3284,462.0,0.03593129699584097,217.0,2378.606694557949,0.8026498510963328,1.0647241109982133,2047.3958781544363,0.9324959230281634,1,,1.5,1.5,0.8,0.8,0,0.0
evaluation-2d-04,central_cluster,2,4,47,20040047,SC-RRT,1,5000,5000,3635,3637,17037,940,10011,3020,462.0,0.03311170998495072,217.0,2378.606694557949,0.8026498510963328,1.6549860950326547,2063.1153763780258,0.9253909553790542,1,,1.2889490817400766,1.2889490817400766,0.947153762884432,0.947153762884432,99,0.03464612550354187
evaluation-2d-04,central_cluster,2,4,48,20040048,SC-RRT-no-SSFOR,1,5000,5000,2656,2658,11985,1731,6634,2397,1333.0,0.08930860698455945,443.0,2757.5695496797625,0.6923445718442144,0.9309746929793619,2019.6943884838167,0.9452857422834673,1,,1.5,1.5,0.8,0.8,0,0.0
evaluation-2d-04,central_cluster,2,4,48,20040048,SC-RRT,1,5000,5000,2633,2635,12238,1707,6755,2062,1333.0,0.0895880030002445,443.0,2757.5695496797625,0.6923445718442144,0.9258023630245589,2199.197290507072,0.8681296204959738,1,,1.2967759718008205,1.2967759718008205,0.9416046926264752,0.9416046926264752,99,0.12869660887796866
evaluation-2d-04,central_cluster,2,4,48,20040048,SC-RRT-no-ADCS,1,5000,5000,3324,3326,14240,1503,7215,2327,1333.0,0.09362955304095522,443.0,2757.5695496797625,0.6923445718442144,1.1784459050395526,2068.504374037752,0.9229800686748918,1,,4.0,4.0,0.0,0.0,0,0.0
evaluation-2d-04,central_cluster,2,4,49,20040049,SC-RRT,1,5000,5000,3210,3212,15620,1246,9124,2840,349.0,0.022324545949231833,142.0,2342.7858128319936,0.8149222599635874,1.1722960299812257,2082.2534717557423,0.9168856410136579,1,,1.285576355684194,1.285576355684194,0.9495431903842835,0.9495431903842835,99,0.03277474257871732
evaluation-2d-04,central_cluster,2,4,49,20040049,SC-RRT-no-ADCS,1,5000,5000,3570,3572,16195,1157,8830,2784,349.0,0.021437815972603858,142.0,2342.7858128319936,0.8149222599635874,1.150822019961197,2052.7334720485937,0.9300712124591315,1,,4.0,4.0,0.0,0.0,0,0.0
evaluation-2d-04,central_cluster,2,4,49,20040049,SC-RRT-no-SSFOR,1,5000,5000,2990,2992,13350,1177,7929,2820,349.0,0.02380368998274207,142.0,2342.7858128319936,0.8149222599635874,1.0753324499819428,2026.072869936023,0.9423097942493868,1,,1.5,1.5,0.8,0.8,0,0.0
evaluation-2d-05,slab_clutter,2,5,0,20050000,SC-RRT-no-ADCS,1,5000,5000,3637,3639,16437,1140,9029,3446,435.0,0.03147194202756509,197.0,2281.3152370647404,0.8368805319777463,1.3039403639850207,2001.239002080732,0.9540031486587326,1,,4.0,4.0,0.0,0.0,0,0.0
evaluation-2d-05,slab_clutter,2,5,0,20050000,SC-RRT-no-SSFOR,1,5000,5000,3053,3055,13699,1176,8391,3125,435.0,0.03137228899868205,197.0,2281.3152370647404,0.8368805319777463,1.0638148039579391,1986.020451156769,0.9613135192498449,1,,1.5,1.5,0.8,0.8,0,0.0
evaluation-2d-05,slab_clutter,2,5,0,20050000,SC-RRT,1,5000,5000,3296,3298,15540,1127,9118,3218,435.0,0.028112575004342943,197.0,2281.3152370647404,0.8368805319777463,1.2107055180240422,1986.3157905048276,0.9611705844207445,1,,1.2857143746693642,1.2857143746693642,0.9494454333420099,0.9494454333420099,99,0.052849823766923654
evaluation-2d-05,slab_clutter,2,5,1,20050001,SC-RRT-no-SSFOR,1,5000,5000,3036,3038,13963,1236,8553,3293,380.0,0.028873517992906272,188.0,2405.660544119823,0.793623320576265,1.0718179699615575,2001.368394838872,0.9539414703095603,1,,1.5,1.5,0.8,0.8,0,0.0
evaluation-2d-05,slab_clutter,2,5,1,20050001,SC-RRT,1,5000,5000,3061,3063,15343,1340,9226,2935,380.0,0.024982851988170296,188.0,2405.660544119823,0.793623320576265,1.1906014059786685,1960.081403946042,0.9740352137212742,1,,1.2860803085631214,1.2860803085631214,0.9491862372389486,0.9491862372389486,99,0.051369538139845114
evaluation-2d-05,slab_clutter,2,5,1,20050001,SC-RRT-no-ADCS,1,5000,5000,3469,3471,16120,1292,8994,3297,380.0,0.02590168302413076,188.0,2405.660544119823,0.793623320576265,1.1026476180413738,2008.4642493683673,0.9505712186831755,1,,4.0,4.0,0.0,0.0,0,0.0
evaluation-2d-05,slab_clutter,2,5,2,20050002,SC-RRT,1,5000,5000,3644,3646,16833,859,9753,3406,218.0,0.015618947974871844,135.0,2089.9535687350526,0.91350752369069,1.2905821329914033,2034.4120659421303,0.9384472011178024,1,,1.3736839631738047,1.3736839631738047,0.8870723844221876,0.8870723844221876,99,0.007558344718903883
evaluation-2d-05,slab_clutter,2,5,2,20050002,SC-RRT-no-ADCS,1,5000,5000,3861,3863,17201,891,9449,3294,218.0,0.015421353979036212,135.0,2089.9535687350526,0.91350752369069,1.208289168018382,2037.6865960734876,0.9369391313083089,1,,4.0,4.0,0.0,0.0,0,0.0
evaluation-2d-05,slab_clutter,2,5,2,20050002,SC-RRT-no-SSFOR,1,5000,5000,3103,3105,13783,1038,8257,3106,218.0,0.015476795029826462,135.0,2089.9535687350526,0.91350752369069,0.9689221660373732,1985.5135790940478,0.9615589282823261,1,,1.5,1.5,0.8,0.8,0,0.0
evaluation-2d-05,slab_clutter,2,5,3,20050003,SC-RRT-no-ADCS,1,5000,5000,3763,3765,17016,979,9457,3481,142.0,0.012026679003611207,111.0,2068.1281298864697,0.9231479817976672,1.2064394620247185,1989.8998465091468,0.9594393971902356,1,,4.0,4.0,0.0,0.0,0,0.0
evaluation-2d-05,slab_clutter,2,5,3,20050003,SC-RRT-no-SSFOR,1,5000,5000,3082,3084,13614,854,8375,3155,142.0,0.012009878002572805,111.0,2068.1281298864697,0.9231479817976672,1.0404963160399348,1979.2342808242136,0.9646095602227716,1,,1.5,1.5,0.8,0.8,0,0.0
evaluation-2d-05,slab_clutter,2,5,3,20050003,SC-RRT,1,5000,5000,3454,3456,16720,1055,9875,3398,142.0,0.012522739009000361,111.0,2068.1281298864697,0.9231479817976672,1.3489553540130146,1953.488797980134,0.9773223737846557,1,,1.2857411506372227,1.2857411506372227,0.9494264680361808,0.9494264680361808,99,0.03177225872484848
evaluation-2d-05,slab_clutter,2,5,4,20050004,SC-RRT-no-SSFOR,1,5000,5000,3220,3222,14237,1018,8650,3178,508.0,0.0433544089901261,263.0,2300.577209733664,0.8298736078606567,1.4706896200077608,1975.9588492161524,0.9662085371671776,1,,1.5,1.5,0.8,0.8,0,0.0
evaluation-2d-05,slab_clutter,2,5,4,20050004,SC-RRT,1,5000,5000,3344,3346,16644,1012,10311,3438,508.0,0.03948827099520713,263.0,2300.577209733664,0.8298736078606567,1.3880876019829884,2016.6808813054297,0.9466982738329082,1,,1.2868456162511506,1.2868456162511506,0.9486441131358702,0.9486441131358702,99,0.05130905836401849
evaluation-2d-05,slab_clutter,2,5,4,20050004,SC-RRT-no-ADCS,1,5000,5000,3751,3753,16620,993,9184,3380,508.0,0.04005055798916146,263.0,2300.577209733664,0.8298736078606567,1.3370604229858145,2036.078122497067,0.9376793002727373,1,,4.0,4.0,0.0,0.0,0,0.0
evaluation-2d-05,slab_clutter,2,5,5,20050005,SC-RRT,1,5000,5000,3458,3460,16022,1054,9207,3461,229.0,0.01876499899663031,142.0,2065.5516531461744,0.9242994752978803,1.3503507190034725,1960.372326037468,0.9738906654853424,1,,1.2855814043493952,1.2855814043493952,0.9495396145170039,0.9495396145170039,99,0.037040197698741936
evaluation-2d-05,slab_clutter,2,5,5,20050005,SC-RRT-no-ADCS,1,5000,5000,3761,3763,16801,955,9321,3587,229.0,0.018656892993021756,142.0,2065.5516531461744,0.9242994752978803,1.5068257190287113,2003.5046208906522,0.9529243353354254,1,,4.0,4.0,0.0,0.0,0,0.0
evaluation-2d-05,slab_clutter,2,5,5,20050005,SC-RRT-no-SSFOR,1,5000,5000,3134,3136,13902,927,8599,3124,229.0,0.016855298017617315,142.0,2065.5516531461744,0.9242994752978803,1.0593610560172237,1975.1082456867377,0.9666246462050796,1,,1.5,1.5,0.8,0.8,0,0.0
evaluation-2d-05,slab_clutter,2,5,6,20050006,SC-RRT-no-ADCS,1,5000,5000,3462,3464,14959,1323,7788,2750,710.0,0.04720832599559799,288.0,2404.9119485165274,0.7938703578654358,1.10833871999057,2088.536398026441,0.9141273817433886,1,,4.0,4.0,0.0,0.0,0,0.0
evaluation-2d-05,slab_clutter,2,5,6,20050006,SC-RRT-no-SSFOR,1,5000,5000,2934,2936,13378,1306,7987,3198,710.0,0.04706103203352541,288.0,2404.9119485165274,0.7938703578654358,0.966492998006288,1961.4710716606535,0.9733451269241964,1,,1.5,1.5,0.8,0.8,0,0.0
evaluation-2d-05,slab_clutter,2,5,6,20050006,SC-RRT,1,5000,5000,3122,3124,14428,1301,8224,2926,710.0,0.04554647300392389,288.0,2404.9119485165274,0.7938703578654358,1.0737498989910819,1954.4384404529108,0.9768475024269649,1,,1.2925987062000235,1.2925987062000235,0.9445669202187676,0.9445669202187676,99,0.09824689237400903
evaluation-2d-05,slab_clutter,2,5,7,20050007,SC-RRT-no-SSFOR,1,5000,5000,3163,3165,14295,1005,8789,3180,336.0,0.02418797300197184,181.0,2155.618397696069,0.8856800959039057,1.0965844300226308,1961.234984091868,0.9734622952831481,1,,1.5,1.5,0.8,0.8,0,0.0
evaluation-2d-05,slab_clutter,2,5,7,20050007,SC-RRT,1,5000,5000,3454,3456,16307,939,9748,3530,336.0,0.024789588002022356,181.0,2155.618397696069,0.8856800959039057,1.243632564030122,1955.1332695866035,0.9765003434304814,1,,1.2900709957866492,1.2900709957866492,0.9463586846322725,0.9463586846322725,99,0.0845083684547009
evaluation-2d-05,slab_clutter,2,5,7,20050007,SC-RRT-no-ADCS,1,5000,5000,3838,3840,16790,938,9115,3242,336.0,0.02426586003275588,181.0,2155.618397696069,0.8856800959039057,1.2745533930137753,2005.1025995501027,0.9521648965155473,1,,4.0,4.0,0.0,0.0,0,0.0
evaluation-2d-05,slab_clutter,2,5,8,20050008,SC-RRT,1,5000,5000,3058,3060,14051,1211,8235,2688,308.0,0.021590285003185272,154.0,2159.5933430898926,0.8840499139861484,1.0213673259713687,1987.7918226407735,0.9604568685001075,1,,1.287674961061395,1.287674961061395,0.9480565579858029,0.9480565579858029,99,0.03301676336942085
evaluation-2d-05,slab_clutter,2,5,8,20050008,SC-RRT-no-ADCS,1,5000,5000,3495,3497,15438,1237,8343,2773,308.0,0.02196753100724891,154.0,2159.5933430898926,0.8840499139861484,1.0974517579888925,1992.6721853151275,0.9581045609374796,1,,4.0,4.0,0.0,0.0,0,0.0
evaluation-2d-05,slab_clutter,2,5,8,20050008,SC-RRT-no-SSFOR,1,5000,5000,3033,3035,13396,1054,8078,2955,308.0,0.021692404989153147,154.0,2159.5933430898926,0.8840499139861484,0.9918465889641084,1977.1244636645981,0.9656389085717951,1,,1.5,1.5,0.8,0.8,0,0.0
evaluation-2d-05,slab_clutter,2,5,9,20050009,SC-RRT-no-ADCS,1,5000,5000,3852,3854,17173,867,9547,3154,195.0,0.014026960008777678,111.0,2035.4355889999968,0.9379753009731232,1.1914498379919678,1964.385029319019,0.9719012722600134,1,,4.0,4.0,0.0,0.0,0,0.0
evaluation-2d-05,slab_clutter,2,5,9,20050009,SC-RRT-no-SSFOR,1,5000,5000,3036,3038,13620,937,8384,3003,195.0,0.013434747001156211,111.0,2035.4355889999968,0.9379753009731232,0.9842579599935561,1955.2177953597734,0.976458128467665,1,,1.5,1.5,0.8,0.8,0,0.0
evaluation-2d-05,slab_clutter,2,5,9,20050009,SC-RRT,1,5000,5000,3643,3645,17395,848,10379,3340,195.0,0.013161218026652932,111.0,2035.4355889999968,0.9379753009731232,1.4512271750136279,1941.9745890418178,0.9831170397269119,1,,1.3306181371127832,1.3306181371127832,0.9175792684925334,0.9175792684925334,99,0.01745370612093913
evaluation-2d-05,slab_clutter,2,5,10,20050010,SC-RRT-no-SSFOR,1,5000,5000,3187,3189,14404,925,8789,3476,314.0,0.022161696979310364,152.0,2422.3546462039644,0.7881539196564543,1.1614169689710252,2035.788722516576,0.9378125971950575,1,,1.5,1.5,0.8,0.8,0,0.0
evaluation-2d-05,slab_clutter,2,5,10,20050010,SC-RRT,1,5000,5000,3474,3476,16482,1058,9584,3580,314.0,0.02286126697435975,152.0,2422.3546462039644,0.7881539196564543,1.3043092369916849,2031.159361265747,0.9399500332725933,1,,1.2964643333070218,1.2964643333070218,0.9418257316819613,0.9418257316819613,99,0.12145331136491497
evaluation-2d-05,slab_clutter,2,5,10,20050010,SC-RRT-no-ADCS,1,5000,5000,3720,3722,16406,1023,8879,3248,314.0,0.020936874963808805,152.0,2422.3546462039644,0.7881539196564543,1.1964403339661658,2129.617922142591,0.8964933518604407,1,,4.0,4.0,0.0,0.0,0,0.0
evaluation-2d-05,slab_clutter,2,5,11,20050011,SC-RRT,1,5000,5000,3504,3506,16837,895,10191,3400,257.0,0.01869659504154697,156.0,2095.175655019254,0.9112306668082841,1.2599947870476171,1958.1659822350703,0.9749879869859202,1,,1.3005184996795827,1.3005184996795827,0.9389496673055324,0.9389496673055324,99,0.028251033236592286
evaluation-2d-05,slab_clutter,2,5,11,20050011,SC-RRT-no-ADCS,1,5000,5000,3809,3811,17885,927,10319,3869,257.0,0.018866537022404373,156.0,2095.175655019254,0.9112306668082841,1.2618688700022176,1987.8347847724476,0.9604361106007246,1,,4.0,4.0,0.0,0.0,0,0.0
evaluation-2d-05,slab_clutter,2,5,11,20050011,SC-RRT-no-SSFOR,1,5000,5000,3131,3133,14141,886,8769,3139,257.0,0.018575855996459723,156.0,2095.175655019254,0.9112306668082841,1.2500518069718964,1968.586176707203,0.9698271438627707,1,,1.5,1.5,0.8,0.8,0,0.0
evaluation-2d-05,slab_clutter,2,5,12,20050012,SC-RRT-no-ADCS,1,5000,5000,3481,3483,15206,1297,8008,2753,845.0,0.05279574799351394,281.0,2161.508219601174,0.883266735648106,1.0750720200012438,2014.4219629994875,0.9477598756721677,1,,4.0,4.0,0.0,0.0,0,0.0
evaluation-2d-05,slab_clutter,2,5,12,20050012,SC-RRT-no-SSFOR,1,5000,5000,2982,2984,13956,1337,8470,3142,845.0,0.057232828985434026,281.0,2161.508219601174,0.883266735648106,1.0419400469982065,1957.9825470173053,0.9750793295435867,1,,1.5,1.5,0.8,0.8,0,0.0
evaluation-2d-05,slab_clutter,2,5,12,20050012,SC-RRT,1,5000,5000,3165,3167,15551,1316,9167,3306,845.0,0.05372593499487266,281.0,2161.508219601174,0.883266735648106,1.230889317987021,1959.8181814743414,0.9741660360388252,1,,1.286161033331115,1.286161033331115,0.9491290568282617,0.9491290568282617,99,0.08895179132323337
evaluation-2d-05,slab_clutter,2,5,13,20050013,SC-RRT-no-SSFOR,1,5000,5000,2967,2969,13320,1219,7802,2866,674.0,0.0460678530507721,238.0,2354.2135828188048,0.8109664828786359,1.061474406043999,1999.35942780749,0.9548999957938059,1,,1.5,1.5,0.8,0.8,0,0.0
evaluation-2d-05,slab_clutter,2,5,13,20050013,SC-RRT,1,5000,5000,2926,2928,13387,1330,7774,2243,674.0,0.04291430703597143,238.0,2354.2135828188048,0.8109664828786359,1.0731426249840297,2051.4819987356836,0.9306385873140978,1,,1.2866573231944152,1.2866573231944152,0.9487775007619642,0.9487775007619642,99,0.047431659392436855
evaluation-2d-05,slab_clutter,2,5,13,20050013,SC-RRT-no-ADCS,1,5000,5000,3324,3326,14321,1400,7384,2536,674.0,0.04410511098103598,238.0,2354.2135828188048,0.8109664828786359,1.0353407060028985,2021.943045574941,0.9442344646561492,1,,4.0,4.0,0.0,0.0,0,0.0
evaluation-2d-05,slab_clutter,2,5,14,20050014,SC-RRT,1,5000,5000,3263,3265,14951,1139,8570,2963,354.0,0.023047623981256038,172.0,2190.243751552426,0.871678464029614,1.1174924800288863,1974.0825868250345,0.9671268679160342,1,,1.3360532512852257,1.3360532512852257,0.9137210424310435,0.9137210424310435,99,0.014538701244062873
evaluation-2d-05,slab_clutter,2,5,14,20050014,SC-RRT-no-ADCS,1,5000,5000,3610,3612,15887,1109,8568,3065,354.0,0.023923952016048133,172.0,2190.243751552426,0.871678464029614,1.127095960022416,1970.0276518741505,0.9691175184203157,1,,4.0,4.0,0.0,0.0,0,0.0
evaluation-2d-05,slab_clutter,2,5,14,20050014,SC-RRT-no-SSFOR,1,5000,5000,3090,3092,13886,953,8440,3044,354.0,0.024379565962590277,172.0,2190.243751552426,0.871678464029614,1.037775423959829,1959.1317546370947,0.9745073574989509,1,,1.5,1.5,0.8,0.8,0,0.0
evaluation-2d-05,slab_clutter,2,5,15,20050015,SC-RRT-no-ADCS,1,5000,5000,3718,3720,16150,1018,8608,2806,310.0,0.020659960980992764,143.0,2191.1850244816596,0.8713040148927224,1.3903989989776164,2028.8996617433222,0.9409969084243512,1,,4.0,4.0,0.0,0.0,0,0.0
evaluation-2d-05,slab_clutter,2,5,15,20050015,SC-RRT-no-SSFOR,1,5000,5000,3091,3093,13726,1037,8163,3057,310.0,0.020556247036438435,143.0,2191.1850244816596,0.8713040148927224,1.1716957660391927,1979.7975390886618,0.9643351259455114,1,,1.5,1.5,0.8,0.8,0,0.0
evaluation-2d-05,slab_clutter,2,5,15,20050015,SC-RRT,1,5000,5000,3589,3591,17006,991,9872,3027,310.0,0.02022072597173974,143.0,2191.1850244816596,0.8713040148927224,1.4170856989803724,2021.8235807303383,0.9442902572706303,1,,1.308230420813786,1.308230420813786,0.9334761673496462,0.9334761673496462,99,0.020824300621973258
evaluation-2d-05,slab_clutter,2,5,16,20050016,SC-RRT-no-SSFOR,1,5000,5000,2977,2979,13571,1099,8248,3130,399.0,0.026779367995914072,161.0,2131.066167735663,0.8958841063261127,0.9626937509747222,1953.931723223599,0.9771008303472841,1,,1.5,1.5,0.8,0.8,0,0.0
evaluation-2d-05,slab_clutter,2,5,16,20050016,SC-RRT,1,5000,5000,3429,3431,16859,1031,10117,3539,399.0,0.024296514980960637,161.0,2131.066167735663,0.8958841063261127,1.2933791520190425,1955.8568864452332,0.9761390633614431,1,,1.2968848424747232,1.2968848424747232,0.9415274711302966,0.9415274711302966,99,0.027683911852193262
evaluation-2d-05,slab_clutter,2,5,16,20050016,SC-RRT-no-ADCS,1,5000,5000,3736,3738,16222,1017,8654,2901,399.0,0.02556681103305891,161.0,2131.066167735663,0.8958841063261127,1.1550564300268888,1971.2094618158906,0.96853649811772,1,,4.0,4.0,0.0,0.0,0,0.0
evaluation-2d-05,slab_clutter,2,5,17,20050017,SC-RRT,1,5000,5000,3188,3190,14604,1103,8594,3159,512.0,0.03677763295127079,243.0,2262.7761153161796,0.8437371670492932,1.1410907609970309,1956.0523833180087,0.976041503533338,1,,1.2896413883315718,1.2896413883315718,0.9466631531261962,0.9466631531261962,99,0.05912993908063327
evaluation-2d-05,slab_clutter,2,5,17,20050017,SC-RRT-no-ADCS,1,5000,5000,3635,3637,16026,1118,8735,3211,512.0,0.03517900197766721,243.0,2262.7761153161796,0.8437371670492932,1.1510170309920795,1994.4925267614592,0.9572301142204364,1,,4.0,4.0,0.0,0.0,0,0.0
evaluation-2d-05,slab_clutter,2,5,17,20050017,SC-RRT-no-SSFOR,1,5000,5000,3031,3033,13407,1110,7928,2908,512.0,0.036362415994517505,243.0,2262.7761153161796,0.8437371670492932,0.9797526560141705,1993.5667511532379,0.9576746342199235,1,,1.5,1.5,0.8,0.8,0,0.0
evaluation-2d-05,slab_clutter,2,5,18,20050018,SC-RRT-no-ADCS,1,5000,5000,3481,3483,15471,1270,8344,2699,502.0,0.03667629900155589,259.0,2366.1359358782224,0.8068802304441811,1.0729911199887283,2151.2150395062345,0.8874930093654848,1,,4.0,4.0,0.0,0.0,0,0.0
evaluation-2d-05,slab_clutter,2,5,18,20050018,SC-RRT-no-SSFOR,1,5000,5000,3057,3059,13717,1294,8068,3013,502.0,0.035664274997543544,259.0,2366.1359358782224,0.8068802304441811,1.0052971770055592,1972.3470360045794,0.9679778833805824,1,,1.5,1.5,0.8,0.8,0,0.0
evaluation-2d-05,slab_clutter,2,5,18,20050018,SC-RRT,1,5000,5000,3263,3265,15349,1173,8978,2898,502.0,0.035464174987282604,259.0,2366.1359358782224,0.8068802304441811,1.3494509640149772,2144.9727530367245,0.890075786044724,1,,1.2854470227232393,1.2854470227232393,0.949634793359145,0.949634793359145,99,0.041982354094741256
evaluation-2d-05,slab_clutter,2,5,19,20050019,SC-RRT-no-SSFOR,1,5000,5000,3084,3086,14273,960,8861,3432,239.0,0.019804154988378286,125.0,2119.2150588961085,0.9008940839624684,1.1726570289465599,1976.073630074662,0.9661524146403104,1,,1.5,1.5,0.8,0.8,0,0.0
evaluation-2d-05,slab_clutter,2,5,19,20050019,SC-RRT,1,5000,5000,3363,3365,16788,1076,10116,3500,239.0,0.016743119980674237,125.0,2119.2150588961085,0.9008940839624684,1.3380007149535231,1943.8853312220326,0.9821506847852276,1,,1.2865742073689677,1.2865742073689677,0.9488363791967469,0.9488363791967469,99,0.051351753775072034
evaluation-2d-05,slab_clutter,2,5,19,20050019,SC-RRT-no-ADCS,1,5000,5000,3705,3707,16213,1012,8717,2960,239.0,0.01625428901752457,125.0,2119.2150588961085,0.9008940839624684,1.2131321420310996,2004.9114147006087,0.9522556932964419,1,,4.0,4.0,0.0,0.0,0,0.0
evaluation-2d-05,slab_clutter,2,5,20,20050020,SC-RRT,1,5000,5000,3250,3252,16265,1150,9970,3504,444.0,0.03157034295145422,227.0,2305.734352945336,0.8280174629678777,1.2405155339511111,1958.0465747191997,0.9750474446592119,1,,1.2871283781598086,1.2871283781598086,0.9484437964331522,0.9484437964331522,99,0.0439632330853212
evaluation-2d-05,slab_clutter,2,5,20,20050020,SC-RRT-no-ADCS,1,5000,5000,3582,3584,17123,1187,9797,3459,444.0,0.03229176701279357,227.0,2305.734352945336,0.8280174629678777,1.1754009650321677,2012.7548246281847,0.9485448927225212,1,,4.0,4.0,0.0,0.0,0,0.0
evaluation-2d-05,slab_clutter,2,5,20,20050020,SC-RRT-no-SSFOR,1,5000,5000,3269,3271,15459,1138,9606,3437,444.0,0.03125613898737356,227.0,2305.734352945336,0.8280174629678777,1.189061832963489,2016.7732734300107,0.9466549038289475,1,,1.5,1.5,0.8,0.8,0,0.0
evaluation-2d-05,slab_clutter,2,5,21,20050021,SC-RRT-no-ADCS,1,5000,5000,2868,2870,12751,1992,6374,2148,1287.0,0.09515880601247773,495.0,2131.1961815261407,0.8958294528458269,0.8706099209957756,2012.4026480260572,0.9487108909722313,1,,4.0,4.0,0.0,0.0,0,0.0
evaluation-2d-05,slab_clutter,2,5,21,20050021,SC-RRT-no-SSFOR,1,5000,5000,2928,2930,13361,1437,7790,2952,1287.0,0.09791748598217964,495.0,2131.1961815261407,0.8958294528458269,1.0334206719999202,1996.8444225269016,0.9561026826455017,1,,1.5,1.5,0.8,0.8,0,0.0
evaluation-2d-05,slab_clutter,2,5,21,20050021,SC-RRT,1,5000,5000,2793,2795,13474,1738,7869,2612,1287.0,0.10509222000837326,495.0,2131.1961815261407,0.8958294528458269,1.026995469990652,1993.9677363885257,0.9574820466561811,1,,1.2939363769443235,1.2939363769443235,0.9436184887439747,0.9436184887439747,99,0.1083742715294498
evaluation-2d-05,slab_clutter,2,5,22,20050022,SC-RRT-no-SSFOR,1,5000,5000,3035,3037,13196,1222,7767,2940,625.0,0.04253640299430117,295.0,2552.4284326910442,0.7479889679769813,0.9395752619602717,1989.8009286801794,0.9594870932490865,1,,1.5,1.5,0.8,0.8,0,0.0
evaluation-2d-05,slab_clutter,2,5,22,20050022,SC-RRT,1,5000,5000,2944,2946,13985,1545,8141,2562,625.0,0.04326751799089834,295.0,2552.4284326910442,0.7479889679769813,1.0516165330191143,2007.4136411657928,0.9510687135188188,1,,1.3201702358467604,1.3201702358467604,0.9249981318730904,0.9249981318730904,99,0.04641369287628551
evaluation-2d-05,slab_clutter,2,5,22,20050022,SC-RRT-no-ADCS,1,5000,5000,3394,3396,14708,1417,7682,2798,625.0,0.041615089983679354,295.0,2552.4284326910442,0.7479889679769813,1.057394586969167,2029.9646666605804,0.9405032218341086,1,,4.0,4.0,0.0,0.0,0,0.0
evaluation-2d-05,slab_clutter,2,5,23,20050023,SC-RRT,1,5000,5000,3539,3541,17191,912,10375,3736,252.0,0.01934922399232164,142.0,2095.5311061328994,0.9110761007632577,1.3411295189871453,1983.1393099445254,0.9627101331862986,1,,1.291240146265203,1.291240146265203,0.9455300052012315,0.9455300052012315,99,0.02540004065355445
evaluation-2d-05,slab_clutter,2,5,23,20050023,SC-RRT-no-ADCS,1,5000,5000,3749,3751,16930,982,9390,3669,252.0,0.017779143003281206,142.0,2095.5311061328994,0.9110761007632577,1.230402351997327,2000.321638900981,0.9544406619790539,1,,4.0,4.0,0.0,0.0,0,0.0
evaluation-2d-05,slab_clutter,2,5,23,20050023,SC-RRT-no-SSFOR,1,5000,5000,3287,3289,14522,870,8797,3224,252.0,0.018230130954179913,142.0,2095.5311061328994,0.9110761007632577,1.0900058299885131,1951.706290360301,0.9782149694517952,1,,1.5,1.5,0.8,0.8,0,0.0
evaluation-2d-05,slab_clutter,2,5,24,20050024,SC-RRT-no-ADCS,1,5000,5000,3555,3557,15345,1225,8022,2678,686.0,0.04669691901654005,288.0,2200.0490606087933,0.8677935157843123,1.0702439799788408,2023.4471749274273,0.9435325680158431,1,,4.0,4.0,0.0,0.0,0,0.0
evaluation-2d-05,slab_clutter,2,5,24,20050024,SC-RRT-no-SSFOR,1,5000,5000,2928,2930,13138,1306,7759,2850,686.0,0.04460508900228888,288.0,2200.0490606087933,0.8677935157843123,0.9332989979884587,1972.816878995046,0.9677473512778438,1,,1.5,1.5,0.8,0.8,0,0.0
evaluation-2d-05,slab_clutter,2,5,24,20050024,SC-RRT,1,5000,5000,3257,3259,15394,1191,8963,2856,686.0,0.04636997502529994,288.0,2200.0490606087933,0.8677935157843123,1.1505817309953272,1994.5493852827262,0.9572028265086311,1,,1.285920216862725,1.285920216862725,0.9492996341980693,0.9492996341980693,99,0.04417427125180724
evaluation-2d-05,slab_clutter,2,5,25,20050025,SC-RRT-no-SSFOR,1,5000,5000,3356,3358,14946,750,9126,3225,194.0,0.014526356011629105,124.0,2197.147501183091,0.8689395264431011,1.1860584800015204,2012.5112594135899,0.9486596908580684,1,,1.5,1.5,0.8,0.8,0,0.0
evaluation-2d-05,slab_clutter,2,5,25,20050025,SC-RRT,1,5000,5000,3552,3554,16354,831,9660,3598,194.0,0.01425587898120284,124.0,2197.147501183091,0.8689395264431011,1.281255281995982,2002.2582991044485,0.9535174907541162,1,,1.2864326495302851,1.2864326495302851,0.9489366557093473,0.9489366557093473,99,0.06640204107039883
evaluation-2d-05,slab_clutter,2,5,25,20050025,SC-RRT-no-ADCS,1,5000,5000,3840,3842,17718,882,10117,3952,194.0,0.014369802956935018,124.0,2197.147501183091,0.8689395264431011,1.3471235479810275,2019.6850316007512,0.9452901216436228,1,,4.0,4.0,0.0,0.0,0,0.0
evaluation-2d-05,slab_clutter,2,5,26,20050026,SC-RRT,1,5000,5000,3524,3526,15727,920,8939,3191,324.0,0.0244918079697527,202.0,2199.207543474444,0.8681255731723367,1.3030954860150814,1991.4326308338577,0.9587009269825302,1,,1.2885938176467635,1.2885938176467635,0.9474055061536762,0.9474055061536762,99,0.07932491132833512
evaluation-2d-05,slab_clutter,2,5,26,20050026,SC-RRT-no-ADCS,1,5000,5000,3850,3852,16466,892,8815,3120,324.0,0.024896910996176302,202.0,2199.207543474444,0.8681255731723367,1.2857820840436034,2090.620805711493,0.9132159710588603,1,,4.0,4.0,0.0,0.0,0,0.0
evaluation-2d-05,slab_clutter,2,5,26,20050026,SC-RRT-no-SSFOR,1,5000,5000,3283,3285,14379,852,8609,3042,324.0,0.025667589972727,202.0,2199.207543474444,0.8681255731723367,1.1690578879788518,1983.9306437549328,0.9623261353482642,1,,1.5,1.5,0.8,0.8,0,0.0
evaluation-2d-05,slab_clutter,2,5,27,20050027,SC-RRT-no-ADCS,1,5000,5000,3696,3698,16037,1020,8572,2992,192.0,0.014550570049323142,114.0,2077.613768970537,0.9189332193103852,1.321885886020027,1979.9814312907304,0.9642455626258561,1,,4.0,4.0,0.0,0.0,0,0.0
evaluation-2d-05,slab_clutter,2,5,27,20050027,SC-RRT-no-SSFOR,1,5000,5000,3042,3044,14110,945,8806,3400,192.0,0.019137450959533453,114.0,2077.613768970537,0.9189332193103852,1.080889314005617,1967.3414544843642,0.9704407462425338,1,,1.5,1.5,0.8,0.8,0,0.0
evaluation-2d-05,slab_clutter,2,5,27,20050027,SC-RRT,1,5000,5000,3388,3390,15719,1056,9042,3082,192.0,0.014372678007930517,114.0,2077.613768970537,0.9189332193103852,1.2848129119956866,1959.000026015476,0.9745728860896891,1,,1.3413117761983104,1.3413117761983104,0.9099895142876023,0.9099895142876023,99,0.013625834491183488
evaluation-2d-05,slab_clutter,2,5,28,20050028,SC-RRT-no-SSFOR,1,5000,5000,2765,2767,12316,1790,6609,2332,1612.0,0.1227451890008524,561.0,2471.0240488722384,0.7726304040120618,0.9780335610266775,2040.4169955849684,0.9356853590882446,1,,1.5,1.5,0.8,0.8,0,0.0
evaluation-2d-05,slab_clutter,2,5,28,20050028,SC-RRT,1,5000,5000,2667,2669,12627,1796,7176,2388,1612.0,0.11912097298773006,561.0,2471.0240488722384,0.7726304040120618,0.9806444619898684,2215.221684060858,0.8618497746482098,1,,1.2130246437108778,1.2130246437108778,0.95,0.95,99,0.23459565200425705
evaluation-2d-05,slab_clutter,2,5,28,20050028,SC-RRT-no-ADCS,1,5000,5000,2844,2846,12425,1951,6118,2110,1612.0,0.12057839101180434,561.0,2471.0240488722384,0.7726304040120618,0.9135564989992417,2127.9430771071798,0.8971989569378489,1,,4.0,4.0,0.0,0.0,0,0.0
evaluation-2d-05,slab_clutter,2,5,29,20050029,SC-RRT,1,5000,5000,3564,3566,16696,912,9790,3479,174.0,0.013862072955816984,122.0,2102.0674068775047,0.9082431433726776,1.3287275589536875,1968.9730413037964,0.9696365918445838,1,,1.2928922880605964,1.2928922880605964,0.9443587785446756,0.9443587785446756,99,0.02783174824658934
evaluation-2d-05,slab_clutter,2,5,29,20050029,SC-RRT-no-ADCS,1,5000,5000,3860,3862,17373,850,9765,3406,174.0,0.014257406000979245,122.0,2102.0674068775047,0.9082431433726776,1.3309664629632607,1988.370220342598,0.9601774808690926,1,,4.0,4.0,0.0,0.0,0,0.0
evaluation-2d-05,slab_clutter,2,5,29,20050029,SC-RRT-no-SSFOR,1,5000,5000,3230,3232,14904,838,9312,3526,174.0,0.014148794987704605,122.0,2102.0674068775047,0.9082431433726776,1.2000688779517077,1995.7636036935555,0.956620466306905,1,,1.5,1.5,0.8,0.8,0,0.0
evaluation-2d-05,slab_clutter,2,5,30,20050030,SC-RRT-no-ADCS,1,5000,5000,3708,3710,16473,1043,8991,2949,269.0,0.020356278982944787,150.0,2283.920252681356,0.8359259947724809,1.2843738689552993,2110.3680544872414,0.9046707777556631,1,,4.0,4.0,0.0,0.0,0,0.0
evaluation-2d-05,slab_clutter,2,5,30,20050030,SC-RRT-no-SSFOR,1,5000,5000,3264,3266,14420,853,8695,3312,269.0,0.020207337976898998,150.0,2283.920252681356,0.8359259947724809,1.1844295960036106,1963.4964567510806,0.9723411023428767,1,,1.5,1.5,0.8,0.8,0,0.0
evaluation-2d-05,slab_clutter,2,5,30,20050030,SC-RRT,1,5000,5000,3505,3507,16566,1068,9611,3097,269.0,0.020057455985806882,150.0,2283.920252681356,0.8359259947724809,1.4072570179705508,2025.1640510937477,0.9427326680880823,1,,1.2707440959964904,1.2707440959964904,0.95,0.95,99,0.05148733010911536
evaluation-2d-05,slab_clutter,2,5,31,20050031,SC-RRT-no-SSFOR,1,5000,5000,3073,3075,13809,1118,8327,3006,178.0,0.013274002994876355,108.0,2084.090352878714,0.9160775138978755,1.0528819589526393,1981.589717087702,0.9634629675054882,1,,1.5,1.5,0.8,0.8,0,0.0
evaluation-2d-05,slab_clutter,2,5,31,20050031,SC-RRT,1,5000,5000,3569,3571,16865,907,9934,3468,178.0,0.013462363043799996,108.0,2084.090352878714,0.9160775138978755,1.475635759998113,1965.586049751232,0.9713074171671642,1,,1.285116144934233,1.285116144934233,0.9498691367020319,0.9498691367020319,99,0.030542170007160266
evaluation-2d-05,slab_clutter,2,5,31,20050031,SC-RRT-no-ADCS,1,5000,5000,3829,3831,17447,919,9761,3279,178.0,0.013765162962954491,108.0,2084.090352878714,0.9160775138978755,1.2936243189615197,1997.8205375178131,0.9556355405054271,1,,4.0,4.0,0.0,0.0,0,0.0
evaluation-2d-05,slab_clutter,2,5,32,20050032,SC-RRT,1,5000,5000,3164,3166,14523,1154,8401,2903,495.0,0.033569855033420026,172.0,2323.9714074805975,0.8215197067649886,1.2448525439831428,2034.2026540035474,0.9385438100015127,1,,1.2892119977930814,1.2892119977930814,0.9469674503248198,0.9469674503248198,99,0.06438400685664923
evaluation-2d-05,slab_clutter,2,5,32,20050032,SC-RRT-no-ADCS,1,5000,5000,3428,3430,15558,1309,8399,2816,495.0,0.034657726995646954,172.0,2323.9714074805975,0.8215197067649886,1.2206811689538881,2059.960796016806,0.9268080795009958,1,,4.0,4.0,0.0,0.0,0,0.0
evaluation-2d-05,slab_clutter,2,5,32,20050032,SC-RRT-no-SSFOR,1,5000,5000,2966,2968,13099,1262,7610,2840,495.0,0.03286755899898708,172.0,2323.9714074805975,0.8215197067649886,1.0383045530179515,1977.2334057049627,0.9655857035871678,1,,1.5,1.5,0.8,0.8,0,0.0
evaluation-2d-05,slab_clutter,2,5,33,20050033,SC-RRT-no-ADCS,1,5000,5000,3424,3426,14960,1348,7819,2772,1005.0,0.07054124603746459,357.0,2367.356025598436,0.8064643799071417,1.1409763880074024,2036.2171160109408,0.9376152936696069,1,,4.0,4.0,0.0,0.0,0,0.0
evaluation-2d-05,slab_clutter,2,5,33,20050033,SC-RRT-no-SSFOR,1,5000,5000,2950,2952,13071,1290,7532,2608,1005.0,0.07251467899186537,357.0,2367.356025598436,0.8064643799071417,1.0691606309846975,2046.1149567600946,0.9330796898267966,1,,1.5,1.5,0.8,0.8,0,0.0
evaluation-2d-05,slab_clutter,2,5,33,20050033,SC-RRT,1,5000,5000,3221,3223,15368,1303,8837,2895,1005.0,0.07081469002878293,357.0,2367.356025598436,0.8064643799071417,1.3699840440531261,2035.1293482799708,0.9381164449410874,1,,1.2921458123210385,1.2921458123210385,0.9448879953046517,0.9448879953046517,99,0.06780171864016722
evaluation-2d-05,slab_clutter,2,5,34,20050034,SC-RRT-no-SSFOR,1,5000,5000,2969,2971,13384,1298,7940,3026,765.0,0.05862581403926015,330.0,2473.0005358840463,0.7720128974906119,1.1246482520364225,2021.7810324841396,0.9443101297957475,1,,1.5,1.5,0.8,0.8,0,0.0
evaluation-2d-05,slab_clutter,2,5,34,20050034,SC-RRT,1,5000,5000,3039,3041,14507,1253,8631,3303,765.0,0.055996671959292144,330.0,2473.0005358840463,0.7720128974906119,1.1693284919601865,2041.9681699868952,0.9349745687837685,1,,1.28764360091915,1.28764360091915,0.948078776579922,0.948078776579922,99,0.05384324890600557
evaluation-2d-05,slab_clutter,2,5,34,20050034,SC-RRT-no-ADCS,1,5000,5000,3519,3521,15362,1239,8180,3027,765.0,0.05334532301640138,330.0,2473.0005358840463,0.7720128974906119,1.1752342520048842,2072.8692774103474,0.9210365216994498,1,,4.0,4.0,0.0,0.0,0,0.0
evaluation-2d-05,slab_clutter,2,5,35,20050035,SC-RRT,1,5000,5000,3372,3374,15146,1023,8682,3032,486.0,0.035534137045033276,240.0,2344.0863434428443,0.8144701301401656,1.3006438690354116,1966.8855985132818,0.9706656608024303,1,,1.285427377933645,1.285427377933645,0.9496487070639373,0.9496487070639373,99,0.049043133024234416
evaluation-2d-05,slab_clutter,2,5,35,20050035,SC-RRT-no-ADCS,1,5000,5000,3680,3682,16033,1033,8668,3377,486.0,0.03720785997575149,240.0,2344.0863434428443,0.8144701301401656,1.2587286249618046,1997.0668073628485,0.9559962151315233,1,,4.0,4.0,0.0,0.0,0,0.0
evaluation-2d-05,slab_clutter,2,5,35,20050035,SC-RRT-no-SSFOR,1,5000,5000,3153,3155,13734,942,8243,2940,486.0,0.037157893006224185,240.0,2344.0863434428443,0.8144701301401656,1.1659766639932059,1967.056632872826,0.9705812620226227,1,,1.5,1.5,0.8,0.8,0,0.0
evaluation-2d-05,slab_clutter,2,5,36,20050036,SC-RRT-no-ADCS,1,5000,5000,3965,3967,17620,773,9804,3940,177.0,0.013826580019667745,120.0,2067.9013651593077,0.9232492136086953,1.4264400000101887,1984.7619904891944,0.9619230509009853,1,,4.0,4.0,0.0,0.0,0,0.0
evaluation-2d-05,slab_clutter,2,5,36,20050036,SC-RRT-no-SSFOR,1,5000,5000,3038,3040,14040,938,8863,3318,177.0,0.014581844967324287,120.0,2067.9013651593077,0.9232492136086953,1.0983066149638034,1959.0886259111267,0.9745288109749293,1,,1.5,1.5,0.8,0.8,0,0.0
evaluation-2d-05,slab_clutter,2,5,36,20050036,SC-RRT,1,5000,5000,3704,3706,17510,807,10374,3954,177.0,0.014244934020098299,120.0,2067.9013651593077,0.9232492136086953,1.556855055037886,1954.1006467817945,0.9770163642020782,1,,1.2860252500273774,1.2860252500273774,0.9492252368869513,0.9492252368869513,99,0.03210791550253179
evaluation-2d-05,slab_clutter,2,5,37,20050037,SC-RRT-no-SSFOR,1,5000,5000,3003,3005,13517,1072,8204,3026,358.0,0.02524527400964871,163.0,2131.751586240769,0.8955960542149429,1.06139023398282,2011.363508750237,0.949201027510912,1,,1.5,1.5,0.8,0.8,0,0.0
evaluation-2d-05,slab_clutter,2,5,37,20050037,SC-RRT,1,5000,5000,3153,3155,14572,1069,8629,3132,358.0,0.025581820984371006,163.0,2131.751586240769,0.8955960542149429,1.1985934539698064,1964.3789207417492,0.9719042945557413,1,,1.286869379037614,1.286869379037614,0.9486272792110646,0.9486272792110646,99,0.04753597975379969
evaluation-2d-05,slab_clutter,2,5,37,20050037,SC-RRT-no-ADCS,1,5000,5000,3685,3687,15888,1040,8493,2968,358.0,0.02490795700578019,163.0,2131.751586240769,0.8955960542149429,1.238479116000235,2025.69762081004,0.9424843518551541,1,,4.0,4.0,0.0,0.0,0,0.0
evaluation-2d-05,slab_clutter,2,5,38,20050038,SC-RRT,1,5000,5000,3286,3288,15586,1179,9123,3235,588.0,0.04153844399843365,249.0,2409.677234772347,0.7923004299719202,1.2877225749543868,2044.4182834513274,0.933854057488002,1,,1.2881814714635893,1.2881814714635893,0.9476976826865441,0.9476976826865441,99,0.05001171803714093
evaluation-2d-05,slab_clutter,2,5,38,20050038,SC-RRT-no-ADCS,1,5000,5000,3565,3567,15696,1200,8395,2934,588.0,0.045696746034082025,249.0,2409.677234772347,0.7923004299719202,1.1909286450245418,2033.8186596367611,0.9387210114124227,1,,4.0,4.0,0.0,0.0,0,0.0
evaluation-2d-05,slab_clutter,2,5,38,20050038,SC-RRT-no-SSFOR,1,5000,5000,3088,3090,13692,1154,8033,3054,588.0,0.04426474898355082,249.0,2409.677234772347,0.7923004299719202,1.1610970540205017,2055.2243797884034,0.9289439771049425,1,,1.5,1.5,0.8,0.8,0,0.0
evaluation-2d-05,slab_clutter,2,5,39,20050039,SC-RRT-no-ADCS,1,5000,5000,3615,3617,15656,1126,8305,2842,527.0,0.039279896998777986,220.0,2369.0870337619276,0.8058751248881028,1.283913505030796,2005.5136131633667,0.9519697581071259,1,,4.0,4.0,0.0,0.0,0,0.0
evaluation-2d-05,slab_clutter,2,5,39,20050039,SC-RRT-no-SSFOR,1,5000,5000,2971,2973,13419,1109,8076,2957,527.0,0.03688501304714009,220.0,2369.0870337619276,0.8058751248881028,1.1460781859932467,1999.026402318706,0.9550590762529084,1,,1.5,1.5,0.8,0.8,0,0.0
evaluation-2d-05,slab_clutter,2,5,39,20050039,SC-RRT,1,5000,5000,3272,3274,14760,1102,8421,2896,527.0,0.03657935402588919,220.0,2369.0870337619276,0.8058751248881028,1.2166988130193204,1995.7737270703296,0.9566156139384833,1,,1.286803404584965,1.286803404584965,0.9486740163868819,0.9486740163868819,99,0.043493609122139884
evaluation-2d-05,slab_clutter,2,5,40,20050040,SC-RRT-no-SSFOR,1,5000,5000,3151,3153,14201,1016,8492,3271,359.0,0.02710396802285686,190.0,2384.6533691161794,0.8006146024951534,1.1343187849852256,1986.8597573846566,0.9609074330021063,1,,1.5,1.5,0.8,0.8,0,0.0
evaluation-2d-05,slab_clutter,2,5,40,20050040,SC-RRT,1,5000,5000,3489,3491,16219,987,9505,3635,359.0,0.034323433006647974,190.0,2384.6533691161794,0.8006146024951534,1.366974558972288,1988.260476496993,0.9602304787385666,1,,1.2891579311436139,1.2891579311436139,0.9470057646066153,0.9470057646066153,99,0.09901176090592073
evaluation-2d-05,slab_clutter,2,5,40,20050040,SC-RRT-no-ADCS,1,5000,5000,3806,3808,16481,946,8954,3216,359.0,0.026652216038201004,190.0,2384.6533691161794,0.8006146024951534,1.2152138380333781,2023.9215660176676,0.9433114114991412,1,,4.0,4.0,0.0,0.0,0,0.0
evaluation-2d-05,slab_clutter,2,5,41,20050041,SC-RRT,1,5000,5000,2850,2852,14149,1498,8436,2981,1208.0,0.0824469500221312,453.0,2503.000577534939,0.7627598356704847,1.1130823559942655,1967.667366768858,0.9702800084237768,1,,1.293986111441387,1.293986111441387,0.9435832232705769,0.9435832232705769,99,0.13971070687871037
evaluation-2d-05,slab_clutter,2,5,41,20050041,SC-RRT-no-ADCS,1,5000,5000,3285,3287,14498,1518,7580,2835,1208.0,0.08453435497358441,453.0,2503.000577534939,0.7627598356704847,1.0845432739588432,1977.157806249754,0.9656226241369174,1,,4.0,4.0,0.0,0.0,0,0.0
evaluation-2d-05,slab_clutter,2,5,41,20050041,SC-RRT-no-SSFOR,1,5000,5000,2923,2925,13797,1678,7926,3105,1208.0,0.08585095597663894,453.0,2503.000577534939,0.7627598356704847,1.0090799240279011,1979.463081283514,0.9644980637707734,1,,1.5,1.5,0.8,0.8,0,0.0
evaluation-2d-05,slab_clutter,2,5,42,20050042,SC-RRT-no-ADCS,1,5000,5000,3667,3669,16592,1109,9202,3157,472.0,0.032242591958492994,230.0,2245.7464075079142,0.8501353059370085,1.1754258039873093,2101.6618124416727,0.9084184229362848,1,,4.0,4.0,0.0,0.0,0,0.0
evaluation-2d-05,slab_clutter,2,5,42,20050042,SC-RRT-no-SSFOR,1,5000,5000,3105,3107,13807,1113,8305,2893,472.0,0.03252813295694068,230.0,2245.7464075079142,0.8501353059370085,1.0981455399887636,1980.526227630827,0.9639803212742678,1,,1.5,1.5,0.8,0.8,0,0.0
evaluation-2d-05,slab_clutter,2,5,42,20050042,SC-RRT,1,5000,5000,3420,3422,16229,1028,9676,3164,472.0,0.031992206000722945,230.0,2245.7464075079142,0.8501353059370085,1.3613523179665208,2068.7800716748766,0.9228570669950463,1,,1.2886929320738294,1.2886929320738294,0.9473352740417476,0.9473352740417476,99,0.05559399780895684
evaluation-2d-05,slab_clutter,2,5,43,20050043,SC-RRT-no-SSFOR,1,5000,5000,3242,3244,14903,909,9252,3385,369.0,0.02656911697704345,182.0,2114.544363722006,0.902884016981861,1.1895867210114375,1986.8290729276878,0.9609222731930321,1,,1.5,1.5,0.8,0.8,0,0.0
evaluation-2d-05,slab_clutter,2,5,43,20050043,SC-RRT,1,5000,5000,3306,3308,15148,915,9077,3308,369.0,0.02452048397390172,182.0,2114.544363722006,0.902884016981861,1.2329251010087319,1967.5102695838257,0.9703574810857359,1,,1.2878968078755406,1.2878968078755406,0.9478993771447597,0.9478993771447597,99,0.05274896916878172
evaluation-2d-05,slab_clutter,2,5,43,20050043,SC-RRT-no-ADCS,1,5000,5000,3683,3685,16921,1050,9519,3355,369.0,0.025776972994208336,182.0,2114.544363722006,0.902884016981861,1.239603853027802,2025.91057481508,0.9423852824194593,1,,4.0,4.0,0.0,0.0,0,0.0
evaluation-2d-05,slab_clutter,2,5,44,20050044,SC-RRT,1,5000,5000,3533,3535,15916,983,9030,3107,373.0,0.02672178199281916,176.0,2297.7723373192143,0.8308866279725116,1.348921639029868,2020.463575875064,0.9449258734480317,1,,1.2791141510674415,1.2791141510674415,0.95,0.95,99,0.06239374854421505
evaluation-2d-05,slab_clutter,2,5,44,20050044,SC-RRT-no-ADCS,1,5000,5000,3873,3875,17001,910,9275,3326,373.0,0.027870933001395315,176.0,2297.7723373192143,0.8308866279725116,1.2680305850226432,2103.4279406564674,0.9076556759095973,1,,4.0,4.0,0.0,0.0,0,0.0
evaluation-2d-05,slab_clutter,2,5,44,20050044,SC-RRT-no-SSFOR,1,5000,5000,3130,3132,14254,989,8759,2951,373.0,0.025253505969885737,176.0,2297.7723373192143,0.8308866279725116,1.1243492359644733,2004.6456701006455,0.9523819284770786,1,,1.5,1.5,0.8,0.8,0,0.0
evaluation-2d-05,slab_clutter,2,5,45,20050045,SC-RRT-no-ADCS,1,5000,5000,3881,3883,17418,820,9766,3505,176.0,0.01253661495866254,115.0,2038.9696476960944,0.9363495485874148,1.2043358909431845,1967.3373652702232,0.9704427633546431,1,,4.0,4.0,0.0,0.0,0,0.0
evaluation-2d-05,slab_clutter,2,5,45,20050045,SC-RRT-no-SSFOR,1,5000,5000,3154,3156,14596,795,9341,3699,176.0,0.012479141994845122,115.0,2038.9696476960944,0.9363495485874148,1.0115943049895577,1963.5566209685517,0.9723113093942484,1,,1.5,1.5,0.8,0.8,0,0.0
evaluation-2d-05,slab_clutter,2,5,45,20050045,SC-RRT,1,5000,5000,3576,3578,16896,860,10034,3577,176.0,0.012483608967158943,115.0,2038.9696476960944,0.9363495485874148,1.2793570280191489,1959.4688515171217,0.9743397082967082,1,,1.3607443995619386,1.3607443995619386,0.8962183799628713,0.8962183799628713,99,0.012030406906648214
evaluation-2d-05,slab_clutter,2,5,46,20050046,SC-RRT-no-SSFOR,1,5000,5000,3101,3103,13585,968,8282,2917,235.0,0.01687762001529336,140.0,2157.000336004339,0.8851126619387962,0.987807156983763,1981.558082423118,0.9634783487492108,1,,1.5,1.5,0.8,0.8,0,0.0
evaluation-2d-05,slab_clutter,2,5,46,20050046,SC-RRT,1,5000,5000,3579,3581,16542,848,9737,3434,235.0,0.01659869699506089,140.0,2157.000336004339,0.8851126619387962,1.2751124720089138,1984.7993048421263,0.9619049666865627,1,,1.2886844678024059,1.2886844678024059,0.9473412718305244,0.9473412718305244,99,0.05219791995628894
evaluation-2d-05,slab_clutter,2,5,46,20050046,SC-RRT-no-ADCS,1,5000,5000,3848,3850,17534,919,9828,3523,235.0,0.01653081102995202,140.0,2157.000336004339,0.8851126619387962,1.2563653889810666,2033.900614355765,0.9386831862521517,1,,4.0,4.0,0.0,0.0,0,0.0
evaluation-2d-05,slab_clutter,2,5,47,20050047,SC-RRT,1,5000,5000,3207,3209,14503,1069,8565,3095,343.0,0.021902696986217052,158.0,2106.440627057298,0.9063575230557618,1.0622572100255638,1986.0333795432953,0.961307261433195,1,,1.285268460201356,1.285268460201356,0.9497612612899606,0.9497612612899606,99,0.03392661370058452
evaluation-2d-05,slab_clutter,2,5,47,20050047,SC-RRT-no-ADCS,1,5000,5000,3562,3564,15728,1157,8547,2909,343.0,0.02208197896834463,158.0,2106.440627057298,0.9063575230557618,1.114617660001386,1999.4781985936359,0.954843273883424,1,,4.0,4.0,0.0,0.0,0,0.0
evaluation-2d-05,slab_clutter,2,5,47,20050047,SC-RRT-no-SSFOR,1,5000,5000,3193,3195,14278,944,8714,3308,343.0,0.024227090005297214,158.0,2106.440627057298,0.9063575230557618,1.156509427994024,1959.674698566346,0.9742373622522134,1,,1.5,1.5,0.8,0.8,0,0.0
evaluation-2d-05,slab_clutter,2,5,48,20050048,SC-RRT-no-ADCS,1,5000,5000,3717,3719,15871,1062,8396,3032,515.0,0.04006671695969999,249.0,2443.809655247363,0.7812344570716698,1.1542463839869015,2047.3079246023442,0.9325359836012488,1,,4.0,4.0,0.0,0.0,0,0.0
evaluation-2d-05,slab_clutter,2,5,48,20050048,SC-RRT-no-SSFOR,1,5000,5000,2911,2913,12859,1297,7565,2600,515.0,0.03817511902889237,249.0,2443.809655247363,0.7812344570716698,0.9679300549905747,2047.7536819470906,0.9323329881103383,1,,1.5,1.5,0.8,0.8,0,0.0
evaluation-2d-05,slab_clutter,2,5,48,20050048,SC-RRT,1,5000,5000,3360,3362,15230,1067,8765,3008,515.0,0.03580903698457405,249.0,2443.809655247363,0.7812344570716698,1.1480274639907293,1984.0635699614318,0.9622616624329184,1,,1.2918627505650526,1.2918627505650526,0.9450886603444644,0.9450886603444644,99,0.10607399856020307
evaluation-2d-05,slab_clutter,2,5,49,20050049,SC-RRT-no-SSFOR,1,5000,5000,2767,2769,12426,1582,6967,2630,1242.0,0.08372474898351356,492.0,2733.8143782190946,0.6983606218529703,0.8651350120198913,2017.9051122792714,0.94612392703005,1,,1.5,1.5,0.8,0.8,0,0.0
evaluation-2d-05,slab_clutter,2,5,49,20050049,SC-RRT,1,5000,5000,2955,2957,14466,1403,8637,3126,1242.0,0.08397939498536289,492.0,2733.8143782190946,0.6983606218529703,1.001958091976121,2109.4924299404765,0.9050462955477635,1,,1.2976798676742676,1.2976798676742676,0.9409635374846996,0.9409635374846996,99,0.1480205707488615
evaluation-2d-05,slab_clutter,2,5,49,20050049,SC-RRT-no-ADCS,1,5000,5000,3314,3316,14897,1475,7959,3043,1242.0,0.0837222880218178,492.0,2733.8143782190946,0.6983606218529703,0.9740113420411944,2142.3282563127846,0.8911744983887906,1,,4.0,4.0,0.0,0.0,0,0.0
evaluation-2d-06,uniform_clutter,2,6,0,20060000,SC-RRT,1,5000,5000,3523,3525,16574,1003,9612,3377,227.0,0.015533811994828284,132.0,2371.307280009117,0.8051205869853939,1.5645308240200393,1980.1018052723684,0.9641869443884802,1,,1.2852988099665688,1.2852988099665688,0.9497397661395922,0.9497397661395922,99,0.03352780672524557
evaluation-2d-06,uniform_clutter,2,6,0,20060000,SC-RRT-no-ADCS,1,5000,5000,3666,3668,16122,1061,8679,2958,227.0,0.016456308017950505,132.0,2371.307280009117,0.8051205869853939,1.150731910020113,1988.2355930576232,0.9602424963470343,1,,4.0,4.0,0.0,0.0,0,0.0
evaluation-2d-06,uniform_clutter,2,6,0,20060000,SC-RRT-no-SSFOR,1,5000,5000,3242,3244,14966,934,9139,3471,227.0,0.015422257012687624,132.0,2371.307280009117,0.8051205869853939,1.1423960060346872,1966.9805190512411,0.9706188194098442,1,,1.5,1.5,0.8,0.8,0,0.0
evaluation-2d-06,uniform_clutter,2,6,1,20060001,SC-RRT-no-ADCS,1,5000,5000,3622,3624,15798,1067,8429,2827,181.0,0.01319362799404189,107.0,2080.5873627980277,0.9176198718404943,1.1974737389828078,2010.695399714913,0.9495164257472181,1,,4.0,4.0,0.0,0.0,0,0.0
evaluation-2d-06,uniform_clutter,2,6,1,20060001,SC-RRT-no-SSFOR,1,5000,5000,3122,3124,14504,881,9028,3463,181.0,0.013303685991559178,107.0,2080.5873627980277,0.9176198718404943,1.0600889580091462,1950.5331773393957,0.9788032992127242,1,,1.5,1.5,0.8,0.8,0,0.0
evaluation-2d-06,uniform_clutter,2,6,1,20060001,SC-RRT,1,5000,5000,3377,3379,15935,1055,9244,3045,181.0,0.013357037969399244,107.0,2080.5873627980277,0.9176198718404943,1.2331091609667055,1949.799353543706,0.9791716802725273,1,,1.2844786421087964,1.2844786421087964,0.95,0.95,99,0.04094315256333005
evaluation-2d-06,uniform_clutter,2,6,2,20060002,SC-RRT-no-SSFOR,1,5000,5000,3151,3153,14651,927,9119,3278,148.0,0.01070360594894737,101.0,2018.9358881977755,0.9456408796160117,1.0076699059573002,1943.743255862004,0.9822224737994003,1,,1.5,1.5,0.8,0.8,0,0.0
evaluation-2d-06,uniform_clutter,2,6,2,20060002,SC-RRT,1,5000,5000,3589,3591,17944,931,10879,3629,148.0,0.010769126995000988,101.0,2018.9358881977755,0.9456408796160117,1.387095790996682,1945.576354663828,0.9812970355170475,1,,1.285066077794757,1.285066077794757,0.9499045955820131,0.9499045955820131,99,0.02833622204290877
evaluation-2d-06,uniform_clutter,2,6,2,20060002,SC-RRT-no-ADCS,1,5000,5000,3747,3749,16803,974,9235,3224,148.0,0.011596764961723238,101.0,2018.9358881977755,0.9456408796160117,1.2093645529821515,1950.6446644150503,0.9787473567238327,1,,4.0,4.0,0.0,0.0,0,0.0
evaluation-2d-06,uniform_clutter,2,6,3,20060003,SC-RRT,1,5000,5000,3432,3434,16344,1012,9541,3200,126.0,0.00981932895956561,91.0,2087.0710291570967,0.914769206477242,1.3096653950051405,1940.6231623526996,0.9838016706391819,1,,1.285028738084717,1.285028738084717,0.9499310403787506,0.9499310403787506,99,0.02992130182569245
evaluation-2d-06,uniform_clutter,2,6,3,20060003,SC-RRT-no-ADCS,1,5000,5000,3720,3722,16564,1005,8984,2847,126.0,0.00946879101684317,91.0,2087.0710291570967,0.914769206477242,1.1666852610069327,1975.566817884403,0.966400271517109,1,,4.0,4.0,0.0,0.0,0,0.0
evaluation-2d-06,uniform_clutter,2,6,3,20060003,SC-RRT-no-SSFOR,1,5000,5000,3148,3150,14726,900,9102,3181,126.0,0.010596798034384847,91.0,2087.0710291570967,0.914769206477242,1.0658091680379584,1938.5337279104301,0.9848620540957089,1,,1.5,1.5,0.8,0.8,0,0.0
evaluation-2d-06,uniform_clutter,2,6,4,20060004,SC-RRT-no-ADCS,1,5000,5000,3461,3463,15093,1216,8005,2682,303.0,0.018868000013753772,135.0,2150.02898110294,0.887982592785464,1.0785927679971792,2026.011518411434,0.9423383292019213,1,,4.0,4.0,0.0,0.0,0,0.0
evaluation-2d-06,uniform_clutter,2,6,4,20060004,SC-RRT-no-SSFOR,1,5000,5000,3166,3168,14846,991,9157,3616,303.0,0.018897845002356917,135.0,2150.02898110294,0.887982592785464,1.0608672079979442,1951.5354084330238,0.9783006247048585,1,,1.5,1.5,0.8,0.8,0,0.0
evaluation-2d-06,uniform_clutter,2,6,4,20060004,SC-RRT,1,5000,5000,3139,3141,15047,1153,8922,3074,303.0,0.01891463401261717,135.0,2150.02898110294,0.887982592785464,1.193100931996014,1940.3861442636892,0.9839218419734442,1,,1.2854091358096416,1.2854091358096416,0.9496616272731038,0.9496616272731038,99,0.07098887146133095
evaluation-2d-06,uniform_clutter,2,6,5,20060005,SC-RRT-no-SSFOR,1,5000,5000,3118,3120,14696,1053,9023,3549,343.0,0.024383430019952357,155.0,2201.354990909845,0.8672787065636284,1.126740462030284,1963.6689710471355,0.9722556792174573,1,,1.5,1.5,0.8,0.8,0,0.0
evaluation-2d-06,uniform_clutter,2,6,5,20060005,SC-RRT,1,5000,5000,3366,3368,17493,1158,10663,3446,343.0,0.023482054006308317,155.0,2201.354990909845,0.8672787065636284,1.2703882049536332,2016.7912135991025,0.9466464829527894,1,,1.2853771842675177,1.2853771842675177,0.9496842572594446,0.9496842572594446,99,0.03854335364041668
evaluation-2d-06,uniform_clutter,2,6,5,20060005,SC-RRT-no-ADCS,1,5000,5000,3567,3569,16119,1137,8817,3129,343.0,0.02244861301733181,155.0,2201.354990909845,0.8672787065636284,1.173584390024189,1954.3493581294001,0.9768920286754935,1,,4.0,4.0,0.0,0.0,0,0.0
evaluation-2d-06,uniform_clutter,2,6,6,20060006,SC-RRT,1,5000,5000,3288,3290,16059,1146,9543,3502,197.0,0.015836290025617927,113.0,2131.483798143478,0.8957085720597928,1.237776048015803,1943.12791332699,0.9825335203665512,1,,1.2871348553024307,1.2871348553024307,0.9484392077412771,0.9484392077412771,99,0.051009611789562176
evaluation-2d-06,uniform_clutter,2,6,6,20060006,SC-RRT-no-ADCS,1,5000,5000,3568,3570,15901,1105,8716,3036,197.0,0.0136822450440377,113.0,2131.483798143478,0.8957085720597928,1.116687139030546,1991.3325055620073,0.9587491309819473,1,,4.0,4.0,0.0,0.0,0,0.0
evaluation-2d-06,uniform_clutter,2,6,6,20060006,SC-RRT-no-SSFOR,1,5000,5000,3133,3135,14729,923,9222,3568,197.0,0.01345944800414145,113.0,2131.483798143478,0.8957085720597928,1.0508026519673876,1949.4591698111371,0.979342547291534,1,,1.5,1.5,0.8,0.8,0,0.0
evaluation-2d-06,uniform_clutter,2,6,7,20060007,SC-RRT-no-ADCS,1,5000,5000,3657,3659,17027,1087,9629,3394,258.0,0.016727276029996574,133.0,2059.061982898345,0.9272126458846548,1.2304791650385596,1962.7545993166418,0.9727086156712544,1,,4.0,4.0,0.0,0.0,0,0.0
evaluation-2d-06,uniform_clutter,2,6,7,20060007,SC-RRT-no-SSFOR,1,5000,5000,3296,3298,15607,927,9663,3518,258.0,0.017154377012047917,133.0,2059.061982898345,0.9272126458846548,1.0890588070033118,1948.8234261924454,0.9796620276336656,1,,1.5,1.5,0.8,0.8,0,0.0
evaluation-2d-06,uniform_clutter,2,6,7,20060007,SC-RRT,1,5000,5000,3395,3397,16668,1034,10057,3430,258.0,0.016850685991812497,133.0,2059.061982898345,0.9272126458846548,1.2272081900155172,1932.963354706543,0.9877002088813659,1,,1.285922543141306,1.285922543141306,0.9492979864563321,0.9492979864563321,99,0.042511320654804306
evaluation-2d-06,uniform_clutter,2,6,8,20060008,SC-RRT-no-SSFOR,1,5000,5000,3203,3205,14939,880,9225,3385,130.0,0.010112350981216878,92.0,2011.1700651660167,0.9492923260301609,1.0580783489858732,1931.3312247744102,0.9885348948504065,1,,1.5,1.5,0.8,0.8,0,0.0
evaluation-2d-06,uniform_clutter,2,6,8,20060008,SC-RRT,1,5000,5000,3478,3480,16851,991,9952,3528,130.0,0.00993614603066817,92.0,2011.1700651660167,0.9492923260301609,1.3090986990137026,1939.3111518465778,0.984467246210482,1,,1.3184830970340145,1.3184830970340145,0.9261962293076221,0.9261962293076221,99,0.021348229162632477
evaluation-2d-06,uniform_clutter,2,6,8,20060008,SC-RRT-no-ADCS,1,5000,5000,3667,3669,16395,1007,8973,3094,130.0,0.01062554499367252,92.0,2011.1700651660167,0.9492923260301609,1.2006409699679352,1959.7825015372339,0.9741837717737197,1,,4.0,4.0,0.0,0.0,0,0.0
evaluation-2d-06,uniform_clutter,2,6,9,20060009,SC-RRT,1,5000,5000,3554,3556,16463,934,9493,3290,149.0,0.011454964987933636,101.0,2129.8465466282355,0.8963971194197621,1.4009442660026252,1944.3574809155373,0.9819121884442263,1,,1.289140260889673,1.289140260889673,0.947018286554632,0.947018286554632,99,0.022219890906528674
evaluation-2d-06,uniform_clutter,2,6,9,20060009,SC-RRT-no-ADCS,1,5000,5000,3710,3712,16660,957,9255,3589,149.0,0.011300809972453862,101.0,2129.8465466282355,0.8963971194197621,1.2787631980027072,1948.2897888047462,0.9799303574726138,1,,4.0,4.0,0.0,0.0,0,0.0
evaluation-2d-06,uniform_clutter,2,6,9,20060009,SC-RRT-no-SSFOR,1,5000,5000,3135,3137,15034,913,9464,2944,149.0,0.011252866010181606,101.0,2129.8465466282355,0.8963971194197621,1.2347255139611661,1944.676488561647,0.9817511140970203,1,,1.5,1.5,0.8,0.8,0,0.0
evaluation-2d-06,uniform_clutter,2,6,10,20060010,SC-RRT-no-ADCS,1,5000,5000,3536,3538,16232,1185,8936,3165,301.0,0.021534350991714746,136.0,2188.884479480324,0.8722197663245116,1.2514296370209195,1985.765014855183,0.961437176564877,1,,4.0,4.0,0.0,0.0,0,0.0
evaluation-2d-06,uniform_clutter,2,6,10,20060010,SC-RRT-no-SSFOR,1,5000,5000,3065,3067,14855,1078,9284,3746,301.0,0.020593835040926933,136.0,2188.884479480324,0.8722197663245116,1.1513177580200136,1954.6704553278546,0.9767315528813538,1,,1.5,1.5,0.8,0.8,0,0.0
evaluation-2d-06,uniform_clutter,2,6,10,20060010,SC-RRT,1,5000,5000,3330,3332,16573,1181,9847,3537,301.0,0.024200934974942356,136.0,2188.884479480324,0.8722197663245116,1.3503687009797432,1946.5278366473867,0.9808173678584425,1,,1.290453140994566,1.290453140994566,0.9460878386939704,0.9460878386939704,99,0.06734100883853648
evaluation-2d-06,uniform_clutter,2,6,11,20060011,SC-RRT-no-SSFOR,1,5000,5000,3162,3164,14922,870,9343,3654,120.0,0.010171056957915425,95.0,2066.165502224686,0.9240248698122261,1.1350220529711805,1951.2544793630273,0.9784414741366378,1,,1.5,1.5,0.8,0.8,0,0.0
evaluation-2d-06,uniform_clutter,2,6,11,20060011,SC-RRT,1,5000,5000,3426,3428,16868,1012,10080,4105,120.0,0.0119110899977386,95.0,2066.165502224686,0.9240248698122261,1.3413225760450587,1946.0738768250162,0.9810461627070828,1,,1.2892835734023729,1.2892835734023729,0.9469167279003505,0.9469167279003505,99,0.024458966627713227
evaluation-2d-06,uniform_clutter,2,6,11,20060011,SC-RRT-no-ADCS,1,5000,5000,3728,3730,16946,992,9361,3458,120.0,0.01086628099437803,95.0,2066.165502224686,0.9240248698122261,1.3017496620304883,1952.7937670982387,0.977670218622545,1,,4.0,4.0,0.0,0.0,0,0.0
evaluation-2d-06,uniform_clutter,2,6,12,20060012,SC-RRT,1,5000,5000,3038,3040,14411,1230,8505,3019,489.0,0.03543539502425119,183.0,2194.686477263409,0.869913916626614,1.148108956986107,1961.2571168077127,0.9734513097962467,1,,1.285688459279441,1.285688459279441,0.9494637890305374,0.9494637890305374,99,0.03625269045468922
evaluation-2d-06,uniform_clutter,2,6,12,20060012,SC-RRT-no-ADCS,1,5000,5000,3450,3452,15687,1270,8516,2877,489.0,0.03847567201592028,183.0,2194.686477263409,0.869913916626614,1.1664082870120183,1984.824609269012,0.9618927034096026,1,,4.0,4.0,0.0,0.0,0,0.0
evaluation-2d-06,uniform_clutter,2,6,12,20060012,SC-RRT-no-SSFOR,1,5000,5000,3132,3134,14797,1059,9112,3706,489.0,0.036262904992327094,183.0,2194.686477263409,0.869913916626614,1.1831243240158074,1951.1519653251637,0.978492881709246,1,,1.5,1.5,0.8,0.8,0,0.0
evaluation-2d-06,uniform_clutter,2,6,13,20060013,SC-RRT-no-ADCS,1,5000,5000,3459,3461,15039,1216,7961,2440,208.0,0.01571793301263824,121.0,2086.318584218587,0.915099124191883,1.157065291015897,2014.3838508687008,0.9477778072835239,1,,4.0,4.0,0.0,0.0,0,0.0
evaluation-2d-06,uniform_clutter,2,6,13,20060013,SC-RRT-no-SSFOR,1,5000,5000,3185,3187,15140,902,9532,3942,208.0,0.01680203399155289,121.0,2086.318584218587,0.915099124191883,1.1423229840002023,1934.8554269568897,0.9867343485225766,1,,1.5,1.5,0.8,0.8,0,0.0
evaluation-2d-06,uniform_clutter,2,6,13,20060013,SC-RRT,1,5000,5000,3126,3128,14318,1142,8315,2589,208.0,0.01699826098047197,121.0,2086.318584218587,0.915099124191883,1.1490968959988095,1995.9208022761102,0.9565451229459988,1,,1.3346001200089221,1.3346001200089221,0.9147524582945765,0.9147524582945765,99,0.017717787704143638
evaluation-2d-06,uniform_clutter,2,6,14,20060014,SC-RRT-no-SSFOR,1,5000,5000,3201,3203,14419,958,8716,3127,254.0,0.019403983023948967,134.0,2121.0244064978656,0.900125572980105,1.0802330219885334,1946.515848802459,0.9808234083366209,1,,1.5,1.5,0.8,0.8,0,0.0
evaluation-2d-06,uniform_clutter,2,6,14,20060014,SC-RRT,1,5000,5000,3321,3323,15809,1230,9042,2914,254.0,0.01877065800363198,134.0,2121.0244064978656,0.900125572980105,1.1528271730057895,2007.8128463463759,0.9508796164332921,1,,1.3432021278209687,1.3432021278209687,0.9086484991635229,0.9086484991635229,99,0.015246006638657755
evaluation-2d-06,uniform_clutter,2,6,14,20060014,SC-RRT-no-ADCS,1,5000,5000,3524,3526,15659,1211,8384,3013,254.0,0.017960409983061254,134.0,2121.0244064978656,0.900125572980105,1.2337615099968389,2009.9966047734924,0.9498465344018955,1,,4.0,4.0,0.0,0.0,0,0.0
evaluation-2d-06,uniform_clutter,2,6,15,20060015,SC-RRT,1,5000,5000,3504,3506,16676,1027,9700,3013,236.0,0.015732435043901205,117.0,2046.3901129208805,0.9329542285945813,1.2794716670177877,1945.4984882405636,0.9813363108445677,1,,1.3415091576756744,1.3415091576756744,0.9098494809457751,0.9098494809457751,99,0.014835837388773
evaluation-2d-06,uniform_clutter,2,6,15,20060015,SC-RRT-no-ADCS,1,5000,5000,3675,3677,16390,1051,8886,3112,236.0,0.01587607798865065,117.0,2046.3901129208805,0.9329542285945813,1.2492762409965508,1946.8773339168445,0.9806412946226349,1,,4.0,4.0,0.0,0.0,0,0.0
evaluation-2d-06,uniform_clutter,2,6,15,20060015,SC-RRT-no-SSFOR,1,5000,5000,3100,3102,14092,1001,8535,3016,236.0,0.015888829017058015,117.0,2046.3901129208805,0.9329542285945813,1.0388245829963125,1946.834435395562,0.9806629030659021,1,,1.5,1.5,0.8,0.8,0,0.0
evaluation-2d-06,uniform_clutter,2,6,16,20060016,SC-RRT-no-ADCS,1,5000,5000,3711,3713,16256,1008,8757,2802,274.0,0.01756111503345892,109.0,2094.7834682040443,0.9114012680463411,1.1559597350424156,1988.9756922550223,0.9598851894660994,1,,4.0,4.0,0.0,0.0,0,0.0
evaluation-2d-06,uniform_clutter,2,6,16,20060016,SC-RRT-no-SSFOR,1,5000,5000,3077,3079,14703,1003,9118,3475,274.0,0.018199600977823138,109.0,2094.7834682040443,0.9114012680463411,1.0424782059853896,1953.606056457274,0.9772637133741569,1,,1.5,1.5,0.8,0.8,0,0.0
evaluation-2d-06,uniform_clutter,2,6,16,20060016,SC-RRT,1,5000,5000,3460,3462,17433,1023,10584,3710,274.0,0.017694061039946973,109.0,2094.7834682040443,0.9114012680463411,1.3312381600262597,1955.442903229508,0.9763457199648029,1,,1.284937997822264,1.284937997822264,0.9499953039718674,0.9499953039718674,99,0.035052848989897654
evaluation-2d-06,uniform_clutter,2,6,17,20060017,SC-RRT-no-SSFOR,1,5000,5000,3094,3096,14474,1043,8845,3361,323.0,0.02078944502864033,163.0,2257.0988803739365,0.8458594019980997,1.0453310890006833,1958.5024993447114,0.9748204609605895,1,,1.5,1.5,0.8,0.8,0,0.0
evaluation-2d-06,uniform_clutter,2,6,17,20060017,SC-RRT,1,5000,5000,3351,3353,15232,1040,8754,2866,323.0,0.022422703041229397,163.0,2257.0988803739365,0.8458594019980997,1.2170429330435582,1949.9164711655524,0.9791128683899321,1,,1.2855312694414673,1.2855312694414673,0.9495751239342843,0.9495751239342843,99,0.08175883243508311
evaluation-2d-06,uniform_clutter,2,6,17,20060017,SC-RRT-no-ADCS,1,5000,5000,3637,3639,15441,1038,8185,2587,323.0,0.021962144994176924,163.0,2257.0988803739365,0.8458594019980997,1.1546763610094786,1963.8314671837031,0.9721752304649708,1,,4.0,4.0,0.0,0.0,0,0.0
evaluation-2d-06,uniform_clutter,2,6,18,20060018,SC-RRT,1,5000,5000,3275,3277,15086,1125,8542,2422,247.0,0.017415646987501532,113.0,2085.7194324454504,0.9153619990801956,1.2783331469981931,1941.9453302857032,0.9831318520809205,1,,1.3194650835891868,1.3194650835891868,0.9254988864785528,0.9254988864785528,99,0.01417516792196162
evaluation-2d-06,uniform_clutter,2,6,18,20060018,SC-RRT-no-ADCS,1,5000,5000,3687,3689,17188,1007,9720,3925,247.0,0.016034235013648868,113.0,2085.7194324454504,0.9153619990801956,1.2797288910369389,1943.8706096933108,0.982158122913796,1,,4.0,4.0,0.0,0.0,0,0.0
evaluation-2d-06,uniform_clutter,2,6,18,20060018,SC-RRT-no-SSFOR,1,5000,5000,3082,3084,14696,1035,9021,3305,247.0,0.015567383030429482,113.0,2085.7194324454504,0.9153619990801956,1.2757984020281583,1936.9527679211785,0.9856659082362146,1,,1.5,1.5,0.8,0.8,0,0.0
evaluation-2d-06,uniform_clutter,2,6,19,20060019,SC-RRT-no-ADCS,1,5000,5000,3646,3648,16040,1021,8668,2929,207.0,0.017924057960044593,120.0,2016.6456732577362,0.9467148019709041,1.3571173580130562,1944.2386047793607,0.9819722252765061,1,,4.0,4.0,0.0,0.0,0,0.0
evaluation-2d-06,uniform_clutter,2,6,19,20060019,SC-RRT-no-SSFOR,1,5000,5000,3184,3186,14806,913,9182,3381,207.0,0.016293497988954186,120.0,2016.6456732577362,0.9467148019709041,1.174747644981835,1955.9990970776996,0.9760680933115166,1,,1.5,1.5,0.8,0.8,0,0.0
evaluation-2d-06,uniform_clutter,2,6,19,20060019,SC-RRT,1,5000,5000,3579,3581,17318,979,10186,3297,207.0,0.015487277996726334,120.0,2016.6456732577362,0.9467148019709041,1.2792740479926579,1954.520653731183,0.9768064131525214,1,,1.3386899507617827,1.3386899507617827,0.9118498082468763,0.9118498082468763,99,0.01856511507459684
evaluation-2d-06,uniform_clutter,2,6,20,20060020,SC-RRT-no-SSFOR,1,5000,5000,3095,3097,15049,945,9622,3665,327.0,0.022104770003352314,143.0,2468.211859913051,0.7735107104099785,1.1454893039772287,1988.5821244769595,0.960075163959264,1,,1.5,1.5,0.8,0.8,0,0.0
evaluation-2d-06,uniform_clutter,2,6,20,20060020,SC-RRT,1,5000,5000,3237,3239,16064,1205,9554,3552,327.0,0.02435913699446246,143.0,2468.211859913051,0.7735107104099785,1.3192681230138987,1938.790607011538,0.9847315652856969,1,,1.2867957115874447,1.2867957115874447,0.9486794661786606,0.9486794661786606,99,0.05128486077293534
evaluation-2d-06,uniform_clutter,2,6,20,20060020,SC-RRT-no-ADCS,1,5000,5000,3540,3542,16044,1181,8767,3229,327.0,0.021573933016043156,143.0,2468.211859913051,0.7735107104099785,1.1196231369976886,1995.2052894069254,0.9568881554895959,1,,4.0,4.0,0.0,0.0,0,0.0
evaluation-2d-06,uniform_clutter,2,6,21,20060021,SC-RRT,1,5000,5000,3367,3369,16010,1022,9484,3278,341.0,0.022426108014769852,136.0,2148.540884465451,0.8885976166465537,1.2194352200021967,1979.987046154429,0.9642428282102868,1,,1.2852388966996533,1.2852388966996533,0.949782199474362,0.949782199474362,99,0.04365904821157577
evaluation-2d-06,uniform_clutter,2,6,21,20060021,SC-RRT-no-ADCS,1,5000,5000,3636,3638,16240,1105,8763,3072,341.0,0.021909560018684715,136.0,2148.540884465451,0.8885976166465537,1.1663918659905903,2009.838309763996,0.9499213443831029,1,,4.0,4.0,0.0,0.0,0,0.0
evaluation-2d-06,uniform_clutter,2,6,21,20060021,SC-RRT-no-SSFOR,1,5000,5000,3109,3111,14387,1070,8740,3033,341.0,0.023735260008834302,136.0,2148.540884465451,0.8885976166465537,1.0874028599937446,1948.2400703394978,0.9799553649828101,1,,1.5,1.5,0.8,0.8,0,0.0
evaluation-2d-06,uniform_clutter,2,6,22,20060022,SC-RRT-no-ADCS,1,5000,5000,3668,3670,16017,1005,8646,3018,149.0,0.010346264054533094,93.0,2019.191550749918,0.9455211460718598,1.2003154250560328,1955.9097607969022,0.9761126752728162,1,,4.0,4.0,0.0,0.0,0,0.0
evaluation-2d-06,uniform_clutter,2,6,22,20060022,SC-RRT-no-SSFOR,1,5000,5000,3174,3176,14879,945,9194,3263,149.0,0.01096742000663653,93.0,2019.191550749918,0.9455211460718598,1.0803048340021633,1937.8315868218806,0.9852189025026791,1,,1.5,1.5,0.8,0.8,0,0.0
evaluation-2d-06,uniform_clutter,2,6,22,20060022,SC-RRT,1,5000,5000,3483,3485,16499,987,9635,3243,149.0,0.010433065006509423,93.0,2019.191550749918,0.9455211460718598,1.2720860980334692,1949.859692625045,0.9791413794668415,1,,1.3337443752873666,1.3337443752873666,0.9153598997149084,0.9153598997149084,99,0.018984418063213063
evaluation-2d-06,uniform_clutter,2,6,23,20060023,SC-RRT-no-SSFOR,1,5000,5000,3458,3460,16509,967,9987,3048,339.0,0.020339880953542888,142.0,2035.4255366514046,0.9379799333482833,1.3639963109744713,1953.2584214755157,0.9774376437918817,1,,1.5,1.5,0.8,0.8,0,0.0
evaluation-2d-06,uniform_clutter,2,6,23,20060023,SC-RRT,1,5000,5000,3295,3297,17349,1295,10566,3885,339.0,0.020402194990310818,142.0,2035.4255366514046,0.9379799333482833,1.2618764310027473,1969.7229454446933,0.9692674361229272,1,,1.3529190514379008,1.3529190514379008,0.9017596411348586,0.9017596411348586,99,0.013377294660936097
evaluation-2d-06,uniform_clutter,2,6,23,20060023,SC-RRT-no-ADCS,1,5000,5000,3447,3449,15345,1310,8112,3009,339.0,0.02068584004882723,142.0,2035.4255366514046,0.9379799333482833,1.0790182060445659,1956.990071741743,0.9755738349272663,1,,4.0,4.0,0.0,0.0,0,0.0
evaluation-2d-06,uniform_clutter,2,6,24,20060024,SC-RRT,1,5000,5000,3494,3496,16020,1052,9133,3020,224.0,0.015680556010920554,139.0,2167.3419656794317,0.8808892825572978,1.2135096379788592,1951.0110547433098,0.9785635527600155,1,,1.2907445400471453,1.2907445400471453,0.9458813001148054,0.9458813001148054,99,0.07280675877884613
evaluation-2d-06,uniform_clutter,2,6,24,20060024,SC-RRT-no-ADCS,1,5000,5000,3603,3605,15712,1117,8474,3076,224.0,0.015739082009531558,139.0,2167.3419656794317,0.8808892825572978,1.093625561974477,2008.313542723422,0.950642550871154,1,,4.0,4.0,0.0,0.0,0,0.0
evaluation-2d-06,uniform_clutter,2,6,24,20060024,SC-RRT-no-SSFOR,1,5000,5000,3290,3292,15474,909,9599,3492,224.0,0.015804052003659308,139.0,2167.3419656794317,0.8808892825572978,1.1213909200159833,1960.8571020256963,0.9736498938302843,1,,1.5,1.5,0.8,0.8,0,0.0
evaluation-2d-06,uniform_clutter,2,6,25,20060025,SC-RRT-no-ADCS,1,5000,5000,3542,3544,15622,1175,8341,2790,183.0,0.013686923950444907,114.0,2097.3049924964766,0.9103055187653569,1.079192618955858,1975.293788706012,0.9665338493543086,1,,4.0,4.0,0.0,0.0,0,0.0
evaluation-2d-06,uniform_clutter,2,6,25,20060025,SC-RRT-no-SSFOR,1,5000,5000,3142,3144,14514,966,8803,3133,183.0,0.013029312016442418,114.0,2097.3049924964766,0.9103055187653569,1.1069673009915277,1937.1212549295878,0.9855801769482289,1,,1.5,1.5,0.8,0.8,0,0.0
evaluation-2d-06,uniform_clutter,2,6,25,20060025,SC-RRT,1,5000,5000,3307,3309,15745,1169,9103,3038,183.0,0.013300448015797883,114.0,2097.3049924964766,0.9103055187653569,1.1623910070047714,1950.98860611008,0.9785748123922958,1,,1.3156926154035238,1.3156926154035238,0.9281778105683413,0.9281778105683413,99,0.020269571770990875
evaluation-2d-06,uniform_clutter,2,6,26,20060026,SC-RRT-no-SSFOR,1,5000,5000,3130,3132,14673,886,9154,3459,155.0,0.012679517967626452,102.0,2040.3747538468983,0.9357047305178214,1.0698539779987186,1952.3383545469383,0.9778982750388708,1,,1.5,1.5,0.8,0.8,0,0.0
evaluation-2d-06,uniform_clutter,2,6,26,20060026,SC-RRT,1,5000,5000,3385,3387,15690,1115,8904,2988,155.0,0.011563765991013497,102.0,2040.3747538468983,0.9357047305178214,1.1882378379814327,1954.0290094224722,0.9770521829499108,1,,1.3307934438062636,1.3307934438062636,0.9174548062906877,0.9174548062906877,99,0.019916296593041397
evaluation-2d-06,uniform_clutter,2,6,26,20060026,SC-RRT-no-ADCS,1,5000,5000,3631,3633,15917,1083,8475,2916,155.0,0.01238101499620825,102.0,2040.3747538468983,0.9357047305178214,1.214880772982724,1961.5626300569634,0.973299694819449,1,,4.0,4.0,0.0,0.0,0,0.0
evaluation-2d-06,uniform_clutter,2,6,27,20060027,SC-RRT,1,5000,5000,3489,3491,16941,1038,9957,3659,158.0,0.012839385017286986,109.0,2084.592837390257,0.9158566963099752,1.3052237289957702,1939.4520952084779,0.9843957032609529,1,,1.2851101212781124,1.2851101212781124,0.9498734028300801,0.9498734028300801,99,0.02890323629423337
evaluation-2d-06,uniform_clutter,2,6,27,20060027,SC-RRT-no-ADCS,1,5000,5000,3734,3736,17237,974,9699,3585,158.0,0.013781925023067743,109.0,2084.592837390257,0.9158566963099752,1.3537435250473209,1952.0621873264492,0.9780366228078567,1,,4.0,4.0,0.0,0.0,0,0.0
evaluation-2d-06,uniform_clutter,2,6,27,20060027,SC-RRT-no-SSFOR,1,5000,5000,3100,3102,14699,1010,9075,3455,158.0,0.01208033598959446,109.0,2084.592837390257,0.9158566963099752,1.0582342389971018,1939.491145762561,0.9843758830118462,1,,1.5,1.5,0.8,0.8,0,0.0
evaluation-2d-06,uniform_clutter,2,6,28,20060028,SC-RRT-no-ADCS,1,5000,5000,3554,3556,15482,1158,8177,2548,208.0,0.01457913697231561,123.0,2124.24836429592,0.8987594583067865,1.1574080789578147,1994.7674964898683,0.9570981643541009,1,,4.0,4.0,0.0,0.0,0,0.0
evaluation-2d-06,uniform_clutter,2,6,28,20060028,SC-RRT-no-SSFOR,1,5000,5000,3115,3117,14669,940,9150,3414,208.0,0.015270881995093077,123.0,2124.24836429592,0.8987594583067865,1.1053625679924153,1958.430310200255,0.974856393541243,1,,1.5,1.5,0.8,0.8,0,0.0
evaluation-2d-06,uniform_clutter,2,6,28,20060028,SC-RRT,1,5000,5000,3163,3165,14504,1147,8374,2766,208.0,0.014395126956515014,123.0,2124.24836429592,0.8987594583067865,1.1724120629951358,1937.1493867022252,0.9855658641039825,1,,1.287270754057842,1.287270754057842,0.9483429301062365,0.9483429301062365,99,0.07514478359138756
evaluation-2d-06,uniform_clutter,2,6,29,20060029,SC-RRT-no-SSFOR,1,5000,5000,3005,3007,13649,1073,8157,2926,407.0,0.031382872024551034,213.0,2370.926758208027,0.8052498047837902,0.9889906659955159,1953.5690854403208,0.9772822079508698,1,,1.5,1.5,0.8,0.8,0,0.0
evaluation-2d-06,uniform_clutter,2,6,29,20060029,SC-RRT,1,5000,5000,3308,3310,15544,1062,9138,3171,407.0,0.026791497017256916,213.0,2370.926758208027,0.8052498047837902,1.1332243949873373,1939.8610271847938,0.9841881879416748,1,,1.2888060297407657,1.2888060297407657,0.9472551322795415,0.9472551322795415,99,0.06351312542773596
evaluation-2d-06,uniform_clutter,2,6,29,20060029,SC-RRT-no-ADCS,1,5000,5000,3659,3661,16059,1083,8643,2966,407.0,0.026727267948444933,213.0,2370.926758208027,0.8052498047837902,1.209585418982897,1937.119530452029,0.9855810543390511,1,,4.0,4.0,0.0,0.0,0,0.0
evaluation-2d-06,uniform_clutter,2,6,30,20060030,SC-RRT,1,5000,5000,3469,3471,16556,952,9804,3642,128.0,0.009728862962219864,96.0,2005.0604634828924,0.9521849061286265,1.1649231939809397,1938.4531080059141,0.98490301432551,1,,1.3548034727027976,1.3548034727027976,0.900424653567805,0.900424653567805,99,0.015661682891254212
evaluation-2d-06,uniform_clutter,2,6,30,20060030,SC-RRT-no-ADCS,1,5000,5000,3734,3736,16450,966,8963,3089,128.0,0.010366941045504063,96.0,2005.0604634828924,0.9521849061286265,1.1656250030500814,1943.8843726618022,0.9821511690993153,1,,4.0,4.0,0.0,0.0,0,0.0
evaluation-2d-06,uniform_clutter,2,6,30,20060030,SC-RRT-no-SSFOR,1,5000,5000,3130,3132,14637,871,9242,3625,128.0,0.011228021001443267,96.0,2005.0604634828924,0.9521849061286265,1.0643174069700763,1939.5715139636545,0.9843350943539658,1,,1.5,1.5,0.8,0.8,0,0.0
evaluation-2d-06,uniform_clutter,2,6,31,20060031,SC-RRT-no-ADCS,1,5000,5000,3552,3554,15641,1150,8319,2964,215.0,0.014655402046628296,117.0,2083.1944699903843,0.9164714752782974,1.0642207880155183,1998.5901408733528,0.9552675509393801,1,,4.0,4.0,0.0,0.0,0,0.0
evaluation-2d-06,uniform_clutter,2,6,31,20060031,SC-RRT-no-SSFOR,1,5000,5000,3264,3266,15315,866,9561,3650,215.0,0.014403443958144635,117.0,2083.1944699903843,0.9164714752782974,1.1505128699936904,1939.2226891272846,0.9845121552609707,1,,1.5,1.5,0.8,0.8,0,0.0
evaluation-2d-06,uniform_clutter,2,6,31,20060031,SC-RRT,1,5000,5000,3399,3401,17331,1088,10514,3925,215.0,0.016118465980980545,117.0,2083.1944699903843,0.9164714752782974,1.3026432630140334,1984.651870361029,0.9619764240346983,1,,1.3245350267579337,1.3245350267579337,0.9218985742545887,0.9218985742545887,99,0.016224708355537357
evaluation-2d-06,uniform_clutter,2,6,32,20060032,SC-RRT-no-SSFOR,1,5000,5000,3338,3340,15585,887,9601,3443,319.0,0.021574504964519292,163.0,2169.2262914286057,0.8801240869832571,1.16741745400941,1948.8448271861828,0.979651269598636,1,,1.5,1.5,0.8,0.8,0,0.0
evaluation-2d-06,uniform_clutter,2,6,32,20060032,SC-RRT,1,5000,5000,3351,3353,16237,1080,9720,3210,319.0,0.022664378979243338,163.0,2169.2262914286057,0.8801240869832571,1.2395093790255487,1940.9964930578064,0.9836124465098759,1,,1.2816541850704917,1.2816541850704917,0.95,0.95,99,0.0785934826567336
evaluation-2d-06,uniform_clutter,2,6,32,20060032,SC-RRT-no-ADCS,1,5000,5000,3638,3640,16662,1074,9345,3183,319.0,0.021518276014830917,163.0,2169.2262914286057,0.8801240869832571,1.1241483420017175,2058.212096624862,0.9275955147355518,1,,4.0,4.0,0.0,0.0,0,0.0
evaluation-2d-06,uniform_clutter,2,6,33,20060033,SC-RRT,1,5000,5000,3546,3548,17455,1010,10411,3621,236.0,0.0164699160377495,115.0,2176.149394997285,0.8773240998952924,1.3533637800137512,1948.7130768580926,0.9797175027335784,1,,1.2861099984893514,1.2861099984893514,0.9491652068203179,0.9491652068203179,99,0.0761335103415866
evaluation-2d-06,uniform_clutter,2,6,33,20060033,SC-RRT-no-ADCS,1,5000,5000,3720,3722,17353,1033,9814,3404,236.0,0.01525132596725598,115.0,2176.149394997285,0.8773240998952924,1.1780897059943527,2006.0908907377743,0.9516958169834177,1,,4.0,4.0,0.0,0.0,0,0.0
evaluation-2d-06,uniform_clutter,2,6,33,20060033,SC-RRT-no-SSFOR,1,5000,5000,3124,3126,14377,928,8756,3309,236.0,0.016727889014873654,115.0,2176.149394997285,0.8773240998952924,1.055126215040218,1942.775796189423,0.9827115990164055,1,,1.5,1.5,0.8,0.8,0,0.0
evaluation-2d-06,uniform_clutter,2,6,34,20060034,SC-RRT-no-ADCS,1,5000,5000,3842,3844,17086,885,9407,3055,191.0,0.013813661993481219,127.0,2007.9761004255195,0.9508023072580861,1.184812499966938,1961.6803699861894,0.9732412774345697,1,,4.0,4.0,0.0,0.0,0,0.0
evaluation-2d-06,uniform_clutter,2,6,34,20060034,SC-RRT-no-SSFOR,1,5000,5000,3224,3226,14569,846,8901,3166,191.0,0.014907955017406493,127.0,2007.9761004255195,0.9508023072580861,1.0568745770142414,1938.6048824309564,0.9848259057356801,1,,1.5,1.5,0.8,0.8,0,0.0
evaluation-2d-06,uniform_clutter,2,6,34,20060034,SC-RRT,1,5000,5000,3570,3572,16962,909,10014,3500,191.0,0.013912886031903327,127.0,2007.9761004255195,0.9508023072580861,1.315641190041788,1936.252183114063,0.9860225469872121,1,,1.3328606965510912,1.3328606965510912,0.9159872013268041,0.9159872013268041,99,0.01885698941839069
evaluation-2d-06,uniform_clutter,2,6,35,20060035,SC-RRT-no-SSFOR,1,5000,5000,3115,3117,14323,1021,8663,3078,307.0,0.01911518396809697,132.0,2295.14815706336,0.8318366303840198,1.0619823149754666,1938.5001233648218,0.9848791270076039,1,,1.5,1.5,0.8,0.8,0,0.0
evaluation-2d-06,uniform_clutter,2,6,35,20060035,SC-RRT,1,5000,5000,3327,3329,15506,1021,9108,3332,307.0,0.019105735991615802,132.0,2295.14815706336,0.8318366303840198,1.1761433510109782,1951.377884583689,0.9783795974560758,1,,1.2916074813100398,1.2916074813100398,0.9452696169715599,0.9452696169715599,99,0.09092477145213576
evaluation-2d-06,uniform_clutter,2,6,35,20060035,SC-RRT-no-ADCS,1,5000,5000,3699,3701,16118,1011,8696,3105,307.0,0.019460407027509063,132.0,2295.14815706336,0.8318366303840198,1.2318377560004592,1993.4333195986371,0.9577387366977889,1,,4.0,4.0,0.0,0.0,0,0.0
evaluation-2d-06,uniform_clutter,2,6,36,20060036,SC-RRT,1,5000,5000,3404,3406,16071,1037,9329,3335,140.0,0.011218835017643869,95.0,2046.3158753879825,0.9329880748942023,1.3099058440420777,1947.279519124537,0.980438755942966,1,,1.314517255382533,1.314517255382533,0.9290124309747616,0.9290124309747616,99,0.025558119096084547
evaluation-2d-06,uniform_clutter,2,6,36,20060036,SC-RRT-no-ADCS,1,5000,5000,3572,3574,15716,1078,8464,2895,140.0,0.010713928961195052,95.0,2046.3158753879825,0.9329880748942023,1.2091078429948539,1968.9818911281216,0.9696322336970886,1,,4.0,4.0,0.0,0.0,0,0.0
evaluation-2d-06,uniform_clutter,2,6,36,20060036,SC-RRT-no-SSFOR,1,5000,5000,3194,3196,15002,853,9479,3845,140.0,0.010642713983543217,95.0,2046.3158753879825,0.9329880748942023,1.171764085011091,1950.7143140611718,0.9787124108547495,1,,1.5,1.5,0.8,0.8,0,0.0
evaluation-2d-06,uniform_clutter,2,6,37,20060037,SC-RRT-no-ADCS,1,5000,5000,3688,3690,16851,994,9412,3439,146.0,0.011856888013426214,97.0,2061.0200526335807,0.9263317485747452,1.2107044089934789,1961.3119638883975,0.9734240877308566,1,,4.0,4.0,0.0,0.0,0,0.0
evaluation-2d-06,uniform_clutter,2,6,37,20060037,SC-RRT-no-SSFOR,1,5000,5000,3143,3145,14473,884,8996,3286,146.0,0.010721628030296415,97.0,2061.0200526335807,0.9263317485747452,1.0418393430300057,1945.2733878351678,0.9814498677372812,1,,1.5,1.5,0.8,0.8,0,0.0
evaluation-2d-06,uniform_clutter,2,6,37,20060037,SC-RRT,1,5000,5000,3346,3348,15621,942,9251,3135,146.0,0.010912175988778472,97.0,2061.0200526335807,0.9263317485747452,1.2111690869787708,1949.223790370147,0.9794608082641623,1,,1.3009645000375365,1.3009645000375365,0.9386332054946942,0.9386332054946942,99,0.016740746884921182
evaluation-2d-06,uniform_clutter,2,6,38,20060038,SC-RRT-no-SSFOR,1,5000,5000,3090,3092,14464,1063,8783,3091,223.0,0.01605961797758937,118.0,2170.0035372993275,0.8798088465697866,1.1184957890072837,1958.5502143504302,0.974796711983653,1,,1.5,1.5,0.8,0.8,0,0.0
evaluation-2d-06,uniform_clutter,2,6,38,20060038,SC-RRT,1,5000,5000,3400,3402,16251,1097,9477,3371,223.0,0.01581667404389009,118.0,2170.0035372993275,0.8798088465697866,1.2499809070141055,1951.038007429373,0.9785500343579495,1,,1.2888551895116602,1.2888551895116602,0.9472202969468475,0.9472202969468475,99,0.052564993174882405
evaluation-2d-06,uniform_clutter,2,6,38,20060038,SC-RRT-no-ADCS,1,5000,5000,3635,3637,16307,1073,8912,3241,223.0,0.015700061980169266,118.0,2170.0035372993275,0.8798088465697866,1.2878481239895336,2014.1261898882053,0.9478990535889156,1,,4.0,4.0,0.0,0.0,0,0.0
evaluation-2d-06,uniform_clutter,2,6,39,20060039,SC-RRT,1,5000,5000,3271,3273,15783,1025,9507,3372,206.0,0.015599253005348146,125.0,2313.1967122224078,0.8253462833990552,1.2869801170309074,1957.617733472078,0.9752610412950724,1,,1.2855182218682266,1.2855182218682266,0.9495843651896141,0.9495843651896141,99,0.029555075804464988
evaluation-2d-06,uniform_clutter,2,6,39,20060039,SC-RRT-no-ADCS,1,5000,5000,3583,3585,15766,1059,8548,3150,206.0,0.01490344904595986,125.0,2313.1967122224078,0.8253462833990552,1.154196622024756,1976.962082408902,0.965718223020928,1,,4.0,4.0,0.0,0.0,0,0.0
evaluation-2d-06,uniform_clutter,2,6,39,20060039,SC-RRT-no-SSFOR,1,5000,5000,3133,3135,14860,917,9312,3730,206.0,0.01691023400053382,125.0,2313.1967122224078,0.8253462833990552,1.1400939539889805,1946.1794116968802,0.980992963818814,1,,1.5,1.5,0.8,0.8,0,0.0
evaluation-2d-06,uniform_clutter,2,6,40,20060040,SC-RRT-no-ADCS,1,5000,5000,3800,3802,17458,892,9879,3532,152.0,0.01324970304267481,98.0,2125.9936896169224,0.8980216256181316,1.3221621850389056,1972.5043652611048,0.9679006763318138,1,,4.0,4.0,0.0,0.0,0,0.0
evaluation-2d-06,uniform_clutter,2,6,40,20060040,SC-RRT-no-SSFOR,1,5000,5000,3209,3211,15592,904,9887,3986,152.0,0.011882089951541275,98.0,2125.9936896169224,0.8980216256181316,1.1412847559549846,1951.574658245238,0.978280949251682,1,,1.5,1.5,0.8,0.8,0,0.0
evaluation-2d-06,uniform_clutter,2,6,40,20060040,SC-RRT,1,5000,5000,3438,3440,16790,888,10221,3499,152.0,0.012261706055141985,98.0,2125.9936896169224,0.8980216256181316,1.2956899710115977,1963.2195988968108,0.9724782241765036,1,,1.28765927252943,1.28765927252943,0.9480676732898337,0.9480676732898337,99,0.042009419773637896
evaluation-2d-06,uniform_clutter,2,6,41,20060041,SC-RRT-no-SSFOR,1,5000,5000,3195,3197,15178,957,9438,3502,291.0,0.020002762030344456,138.0,2054.2718901746275,0.9293746939415035,1.1981106150196865,1942.6069258935102,0.9827970258705524,1,,1.5,1.5,0.8,0.8,0,0.0
evaluation-2d-06,uniform_clutter,2,6,41,20060041,SC-RRT,1,5000,5000,3220,3222,15482,1188,9142,3511,291.0,0.020748475042637438,138.0,2054.2718901746275,0.9293746939415035,1.156418077996932,1942.2034658809891,0.9830011853766644,1,,1.3339032452740656,1.3339032452740656,0.9152471251920979,0.9152471251920979,99,0.017700056791931318
evaluation-2d-06,uniform_clutter,2,6,41,20060041,SC-RRT-no-ADCS,1,5000,5000,3517,3519,15342,1185,8216,3065,291.0,0.01950055599445477,138.0,2054.2718901746275,0.9293746939415035,1.0784160579787567,1943.813195937854,0.9821871325873627,1,,4.0,4.0,0.0,0.0,0,0.0
evaluation-2d-06,uniform_clutter,2,6,42,20060042,SC-RRT,1,5000,5000,3319,3321,15357,991,8976,3121,191.0,0.013644693011883646,120.0,2199.4871717951582,0.8680152054014726,1.2035360290319659,1976.4390668264105,0.9659737763984207,1,,1.284461656061661,1.284461656061661,0.95,0.95,99,0.04918396411977221
evaluation-2d-06,uniform_clutter,2,6,42,20060042,SC-RRT-no-ADCS,1,5000,5000,3709,3711,16833,1009,9322,3573,191.0,0.014327559038065374,120.0,2199.4871717951582,0.8680152054014726,1.2379785040393472,1987.8435334691915,0.9604318836260499,1,,4.0,4.0,0.0,0.0,0,0.0
evaluation-2d-06,uniform_clutter,2,6,42,20060042,SC-RRT-no-SSFOR,1,5000,5000,3285,3287,14982,899,9111,3391,191.0,0.014435966964811087,120.0,2199.4871717951582,0.8680152054014726,1.1855056509957649,1944.490114211147,0.9818452124032575,1,,1.5,1.5,0.8,0.8,0,0.0
evaluation-2d-06,uniform_clutter,2,6,43,20060043,SC-RRT-no-ADCS,1,5000,5000,3757,3759,16526,1017,8939,3148,212.0,0.01643813500413671,133.0,2136.70525974453,0.8935197311359386,1.2261992130079307,1965.2995611256688,0.9714490080637622,1,,4.0,4.0,0.0,0.0,0,0.0
evaluation-2d-06,uniform_clutter,2,6,43,20060043,SC-RRT-no-SSFOR,1,5000,5000,3122,3124,14579,918,9148,3609,212.0,0.014740345010068268,133.0,2136.70525974453,0.8935197311359386,1.1703142969636247,1933.0605199843365,0.9876505621350895,1,,1.5,1.5,0.8,0.8,0,0.0
evaluation-2d-06,uniform_clutter,2,6,43,20060043,SC-RRT,1,5000,5000,3419,3421,16303,988,9698,3439,212.0,0.017227945965714753,133.0,2136.70525974453,0.8935197311359386,1.4370381509652361,1959.1748837431828,0.974485904778444,1,,1.2858520643384572,1.2858520643384572,0.949347907505069,0.949347907505069,99,0.02810823972249905
evaluation-2d-06,uniform_clutter,2,6,44,20060044,SC-RRT-no-SSFOR,1,5000,5000,3158,3160,14809,843,9350,3484,149.0,0.012505820952355862,103.0,2112.892116938069,0.9035900573903454,1.11392374697607,1944.127386091284,0.9820284014630072,1,,1.5,1.5,0.8,0.8,0,0.0
evaluation-2d-06,uniform_clutter,2,6,44,20060044,SC-RRT,1,5000,5000,3336,3338,15278,1009,8883,2987,149.0,0.011355899041518569,103.0,2112.892116938069,0.9035900573903454,1.1522203880012967,1967.0464810613669,0.9705862711355606,1,,1.2933844873289824,1.2933844873289824,0.9440098060668041,0.9440098060668041,99,0.02188729534821876
evaluation-2d-06,uniform_clutter,2,6,44,20060044,SC-RRT-no-ADCS,1,5000,5000,3670,3672,16145,1045,8733,3062,149.0,0.011838443984743208,103.0,2112.892116938069,0.9035900573903454,1.198397957952693,1953.8608651491224,0.9771362655641118,1,,4.0,4.0,0.0,0.0,0,0.0
evaluation-2d-06,uniform_clutter,2,6,45,20060045,SC-RRT,1,5000,5000,3509,3511,16918,954,10086,3642,102.0,0.009010367037262768,92.0,2010.3558681009254,0.9496767908097711,1.377535658015404,1941.898373680233,0.983155624969929,1,,1.3384604091572643,1.3384604091572643,0.9120126965636768,0.9120126965636768,99,0.020514582883520913
evaluation-2d-06,uniform_clutter,2,6,45,20060045,SC-RRT-no-ADCS,1,5000,5000,3649,3651,16181,1031,8824,3315,102.0,0.00945377501193434,92.0,2010.3558681009254,0.9496767908097711,1.2152823599753901,1973.302113964934,0.9675093822139416,1,,4.0,4.0,0.0,0.0,0,0.0
evaluation-2d-06,uniform_clutter,2,6,45,20060045,SC-RRT-no-SSFOR,1,5000,5000,3142,3144,14821,899,9307,3665,102.0,0.009458553045988083,92.0,2010.3558681009254,0.9496767908097711,1.1826283410191536,1942.6708900715994,0.9827646663986986,1,,1.5,1.5,0.8,0.8,0,0.0
evaluation-2d-06,uniform_clutter,2,6,46,20060046,SC-RRT-no-ADCS,1,5000,5000,3691,3693,16570,1026,9120,3134,144.0,0.01270705898059532,98.0,1982.903062386092,0.962824832650311,1.2622844040160999,1949.2699931028505,0.9794375925136106,1,,4.0,4.0,0.0,0.0,0,0.0
evaluation-2d-06,uniform_clutter,2,6,46,20060046,SC-RRT-no-SSFOR,1,5000,5000,3091,3093,14366,921,9126,3601,144.0,0.013813997036777437,98.0,1982.903062386092,0.962824832650311,1.1637856130255386,1939.2602264806987,0.9844930985195349,1,,1.5,1.5,0.8,0.8,0,0.0
evaluation-2d-06,uniform_clutter,2,6,46,20060046,SC-RRT,1,5000,5000,3482,3484,16629,1001,9808,3582,144.0,0.01101838203612715,98.0,1982.903062386092,0.962824832650311,1.297757756023202,1933.8299033090532,0.987257620712551,1,,1.3526129812882612,1.3526129812882612,0.9019765046975697,0.9019765046975697,99,0.017296104462542143
evaluation-2d-06,uniform_clutter,2,6,47,20060047,SC-RRT-no-SSFOR,1,5000,5000,3208,3210,15116,901,9471,3406,178.0,0.013265306013636291,120.0,2223.310475784723,0.8587142146801721,1.095694526040461,1964.3852754928837,0.9719011504627798,1,,1.5,1.5,0.8,0.8,0,0.0
evaluation-2d-06,uniform_clutter,2,6,47,20060047,SC-RRT,1,5000,5000,3561,3563,16469,888,9668,3110,178.0,0.013287918001879007,120.0,2223.310475784723,0.8587142146801721,1.3375856629572809,1925.9765588622379,0.9912832533805722,1,,1.2911517382627915,1.2911517382627915,0.9455926720731473,0.9455926720731473,99,0.07248480439495356
evaluation-2d-06,uniform_clutter,2,6,47,20060047,SC-RRT-no-ADCS,1,5000,5000,3778,3780,16736,934,9200,3287,178.0,0.013486662996001542,120.0,2223.310475784723,0.8587142146801721,1.248231332981959,2035.821533930591,0.9377974824333349,1,,4.0,4.0,0.0,0.0,0,0.0
evaluation-2d-06,uniform_clutter,2,6,48,20060048,SC-RRT,1,5000,5000,3499,3501,16263,960,9386,3343,261.0,0.018736384983640164,140.0,2220.4066996848555,0.8598372133693576,1.3101058810134418,1934.415056247226,0.9869589791693993,1,,1.2933109653609671,1.2933109653609671,0.9440619349119259,0.9440619349119259,99,0.026256728903302908
evaluation-2d-06,uniform_clutter,2,6,48,20060048,SC-RRT-no-ADCS,1,5000,5000,3733,3735,16496,965,8975,3123,261.0,0.018526514002587646,140.0,2220.4066996848555,0.8598372133693576,1.262249421037268,1951.7690089168912,0.9781835352858469,1,,4.0,4.0,0.0,0.0,0,0.0
evaluation-2d-06,uniform_clutter,2,6,48,20060048,SC-RRT-no-SSFOR,1,5000,5000,3129,3131,14609,1022,9059,3458,261.0,0.01843508699676022,140.0,2220.4066996848555,0.8598372133693576,1.098825860011857,1935.7356879287051,0.9862856386382826,1,,1.5,1.5,0.8,0.8,0,0.0
evaluation-2d-06,uniform_clutter,2,6,49,20060049,SC-RRT-no-ADCS,1,5000,5000,3761,3763,16258,937,8673,3025,109.0,0.009228853043168783,86.0,2032.6114198467856,0.9392785510117764,1.2172600000048988,1958.2912073206644,0.9749256403064952,1,,4.0,4.0,0.0,0.0,0,0.0
evaluation-2d-06,uniform_clutter,2,6,49,20060049,SC-RRT-no-SSFOR,1,5000,5000,3123,3125,14350,911,8967,3403,109.0,0.009121911018155515,86.0,2032.6114198467856,0.9392785510117764,1.069527024985291,1943.4794891275765,0.9823557798702103,1,,1.5,1.5,0.8,0.8,0,0.0
evaluation-2d-06,uniform_clutter,2,6,49,20060049,SC-RRT,1,5000,5000,3532,3534,16395,974,9392,3377,109.0,0.008944555011112243,86.0,2032.6114198467856,0.9392785510117764,1.2942683650180697,1954.1927680987897,0.9769703073157436,1,,1.3299637108889995,1.3299637108889995,0.918043898860649,0.918043898860649,99,0.018916455476916803
evaluation-2d-07,central_cluster,2,7,0,20070000,SC-RRT-no-SSFOR,1,5000,5000,3053,3055,13542,1234,7715,2648,429.0,0.029117711004801095,189.0,2488.9937662999255,0.7670522662826227,1.0390030179987662,2048.5275606624737,0.9319807777378721,1,,1.5,1.5,0.8,0.8,0,0.0
evaluation-2d-07,central_cluster,2,7,0,20070000,SC-RRT,1,5000,5000,3042,3044,13520,1245,7551,2488,429.0,0.028685202996712178,189.0,2488.9937662999255,0.7670522662826227,1.030645550985355,2115.8991477693917,0.9023059115158534,1,,1.295186287139034,1.295186287139034,0.942732148857742,0.942732148857742,99,0.10374056154965144
evaluation-2d-07,central_cluster,2,7,0,20070000,SC-RRT-no-ADCS,1,5000,5000,3510,3512,15646,1187,8476,2975,429.0,0.028811895987018943,189.0,2488.9937662999255,0.7670522662826227,1.1261224420159124,2159.1509906975307,0.8842310322109062,1,,4.0,4.0,0.0,0.0,0,0.0
evaluation-2d-07,central_cluster,2,7,1,20070001,SC-RRT,1,5000,5000,3444,3446,16199,1113,9279,2729,345.0,0.023088108049705625,174.0,2261.5397496025976,0.8441984314178713,1.2548730290145613,2059.8739723379103,0.92684714445748,1,,1.2828813684271836,1.2828813684271836,0.95,0.95,99,0.038953930262134645
evaluation-2d-07,central_cluster,2,7,1,20070001,SC-RRT-no-ADCS,1,5000,5000,3724,3726,15951,1001,8459,2695,345.0,0.022837246011476964,174.0,2261.5397496025976,0.8441984314178713,1.1931341559975408,2090.2730093245546,0.9133679192559676,1,,4.0,4.0,0.0,0.0,0,0.0
evaluation-2d-07,central_cluster,2,7,1,20070001,SC-RRT-no-SSFOR,1,5000,5000,3058,3060,13972,1177,8387,2978,345.0,0.02279837499372661,174.0,2261.5397496025976,0.8441984314178713,1.0353837260045111,2051.9293934249545,0.9304356745029021,1,,1.5,1.5,0.8,0.8,0,0.0
evaluation-2d-07,central_cluster,2,7,2,20070002,SC-RRT-no-ADCS,1,5000,5000,3593,3595,15582,1150,8240,2822,455.0,0.029804359015543014,206.0,2109.5565953759133,0.9050187671611009,1.179848002968356,2046.0272362125434,0.933119694309558,1,,4.0,4.0,0.0,0.0,0,0.0
evaluation-2d-07,central_cluster,2,7,2,20070002,SC-RRT-no-SSFOR,1,5000,5000,3162,3164,14461,1041,8703,2732,455.0,0.0304477569879964,206.0,2109.5565953759133,0.9050187671611009,1.1554861969780177,2042.9534515118225,0.9345236465328391,1,,1.5,1.5,0.8,0.8,0,0.0
evaluation-2d-07,central_cluster,2,7,2,20070002,SC-RRT,1,5000,5000,3402,3404,17454,1094,10735,2800,455.0,0.032645095023326576,206.0,2109.5565953759133,0.9050187671611009,1.4691747130127624,2048.1367803275075,0.9321585977760671,1,,1.330502400046511,1.330502400046511,0.9176614386796358,0.9176614386796358,99,0.017579732287417167
evaluation-2d-07,central_cluster,2,7,3,20070003,SC-RRT-no-SSFOR,1,5000,5000,2951,2953,13413,1321,7905,2698,595.0,0.03713486698688939,188.0,2151.794233593017,0.887254124673324,1.060711716010701,2007.5572001620599,0.9510007032674134,1,,1.5,1.5,0.8,0.8,0,0.0
evaluation-2d-07,central_cluster,2,7,3,20070003,SC-RRT,1,5000,5000,2988,2990,13476,1333,7528,2287,595.0,0.03822375199524686,188.0,2151.794233593017,0.887254124673324,1.0705365749890916,2027.8372023087857,0.9414899317509215,1,,1.2869287120222679,1.2869287120222679,0.9485852465522747,0.9485852465522747,99,0.057667715192968684
evaluation-2d-07,central_cluster,2,7,3,20070003,SC-RRT-no-ADCS,1,5000,5000,3472,3474,15100,1276,7891,2626,595.0,0.036965107021387666,188.0,2151.794233593017,0.887254124673324,1.0980300040100701,2038.4655101302174,0.9365811193350626,1,,4.0,4.0,0.0,0.0,0,0.0
evaluation-2d-07,central_cluster,2,7,4,20070004,SC-RRT,1,5000,5000,3176,3178,14902,1194,8590,2574,212.0,0.014592208957765251,117.0,2175.8638397421637,0.8774392378476743,1.1455139439785853,2092.6162691302943,0.9123451525095664,1,,1.3465341175813055,1.3465341175813055,0.9062853994704021,0.9062853994704021,99,0.013422363249142647
evaluation-2d-07,central_cluster,2,7,4,20070004,SC-RRT-no-ADCS,1,5000,5000,3506,3508,15452,1161,8263,2296,212.0,0.01473447895841673,117.0,2175.8638397421637,0.8774392378476743,1.1204269219888374,2083.947707558977,0.9161402190077013,1,,4.0,4.0,0.0,0.0,0,0.0
evaluation-2d-07,central_cluster,2,7,4,20070004,SC-RRT-no-SSFOR,1,5000,5000,2950,2952,13439,1117,8069,2878,212.0,0.015004570013843477,117.0,2175.8638397421637,0.8774392378476743,1.0022727809846401,2039.3411355649864,0.9361789824706056,1,,1.5,1.5,0.8,0.8,0,0.0
evaluation-2d-07,central_cluster,2,7,5,20070005,SC-RRT-no-ADCS,1,5000,5000,3421,3423,14995,1320,7893,2285,482.0,0.03031719202408567,177.0,2333.304624353385,0.8182336285099339,1.0536931559909135,2094.9659268255373,0.9113218906126247,1,,4.0,4.0,0.0,0.0,0,0.0
evaluation-2d-07,central_cluster,2,7,5,20070005,SC-RRT-no-SSFOR,1,5000,5000,2913,2915,13096,1265,7801,2759,482.0,0.030978793976828456,177.0,2333.304624353385,0.8182336285099339,0.9909892259747721,2031.5402313284806,0.9397738128745828,1,,1.5,1.5,0.8,0.8,0,0.0
evaluation-2d-07,central_cluster,2,7,5,20070005,SC-RRT,1,5000,5000,3026,3028,13924,1452,7692,2340,482.0,0.03139465401181951,177.0,2333.304624353385,0.8182336285099339,1.0884316849987954,2102.349016314036,0.9081214842961619,1,,1.2883611410800488,1.2883611410800488,0.9475703760876057,0.9475703760876057,99,0.04720391478835476
evaluation-2d-07,central_cluster,2,7,6,20070006,SC-RRT-no-SSFOR,1,5000,5000,3131,3133,13973,1059,8360,2957,521.0,0.03605042095296085,224.0,2224.9720317825963,0.8580729474042335,1.0723261800012551,2059.6042519347516,0.9269685219430988,1,,1.5,1.5,0.8,0.8,0,0.0
evaluation-2d-07,central_cluster,2,7,6,20070006,SC-RRT,1,5000,5000,2946,2948,13747,1264,8074,3114,521.0,0.03592962195398286,224.0,2224.9720317825963,0.8580729474042335,1.057779953989666,2053.192141247882,0.929863440858155,1,,1.2877600214538392,1.2877600214538392,0.9479962923763388,0.9479962923763388,99,0.04487013763388474
evaluation-2d-07,central_cluster,2,7,6,20070006,SC-RRT-no-ADCS,1,5000,5000,3545,3547,15266,1213,8014,2715,521.0,0.036665119987446815,224.0,2224.9720317825963,0.8580729474042335,1.1615311750210822,2075.4549425762198,0.9198890662660408,1,,4.0,4.0,0.0,0.0,0,0.0
evaluation-2d-07,central_cluster,2,7,7,20070007,SC-RRT,1,5000,5000,2742,2744,13088,1548,7496,2342,369.0,0.025282530987169594,156.0,2426.1640830924716,0.7869164012889688,1.0233565719681792,2195.1556540844335,0.8697279874670082,1,,1.2901409360844895,1.2901409360844895,0.9463091153702585,0.9463091153702585,99,0.06292522911915968
evaluation-2d-07,central_cluster,2,7,7,20070007,SC-RRT-no-ADCS,1,5000,5000,3295,3297,16130,1438,9209,3082,369.0,0.02370441402308643,156.0,2426.1640830924716,0.7869164012889688,1.1480075640138239,2230.6254437930743,0.8558982031322986,1,,4.0,4.0,0.0,0.0,0,0.0
evaluation-2d-07,central_cluster,2,7,7,20070007,SC-RRT-no-SSFOR,1,5000,5000,2936,2938,13782,1412,8310,3231,369.0,0.02473143400857225,156.0,2426.1640830924716,0.7869164012889688,1.0277315760031343,2189.3366207411827,0.872039635712729,1,,1.5,1.5,0.8,0.8,0,0.0
evaluation-2d-07,central_cluster,2,7,8,20070008,SC-RRT-no-ADCS,1,5000,5000,3165,3167,14499,1605,7604,2526,639.0,0.03956632799236104,224.0,2451.690292030459,0.7787232814070134,1.035242007987108,2113.3171852825494,0.9034083111137057,1,,4.0,4.0,0.0,0.0,0,0.0
evaluation-2d-07,central_cluster,2,7,8,20070008,SC-RRT-no-SSFOR,1,5000,5000,2824,2826,13048,1596,7308,2683,639.0,0.042673912015743554,224.0,2451.690292030459,0.7787232814070134,0.9805361740291119,2070.261988474116,0.9221964755344046,1,,1.5,1.5,0.8,0.8,0,0.0
evaluation-2d-07,central_cluster,2,7,8,20070008,SC-RRT,1,5000,5000,2697,2699,12373,1572,6846,2220,639.0,0.03931099403416738,224.0,2451.690292030459,0.7787232814070134,0.9372380709974095,2156.860301247098,0.8851701281254907,1,,1.2871130832148494,1.2871130832148494,0.9484546320257007,0.9484546320257007,99,0.06564459365525412
evaluation-2d-07,central_cluster,2,7,9,20070009,SC-RRT-no-SSFOR,1,5000,5000,2911,2913,12947,1399,7409,2643,878.0,0.053940156009048223,264.0,2373.608147081559,0.8043401399473192,0.9430157099850476,2045.7216837256462,0.933259066661837,1,,1.5,1.5,0.8,0.8,0,0.0
evaluation-2d-07,central_cluster,2,7,9,20070009,SC-RRT,1,5000,5000,2940,2942,13425,1456,7399,2418,878.0,0.053439857030753046,264.0,2373.608147081559,0.8043401399473192,1.0534954059985466,2054.3197214844204,0.9293530550464305,1,,1.293040786151538,1.293040786151538,0.9442534945838061,0.9442534945838061,99,0.1489333056938397
evaluation-2d-07,central_cluster,2,7,9,20070009,SC-RRT-no-ADCS,1,5000,5000,3340,3342,14700,1420,7635,2545,878.0,0.05372541298856959,264.0,2373.608147081559,0.8043401399473192,1.0505951659870334,2140.909661872881,0.8917650021409631,1,,4.0,4.0,0.0,0.0,0,0.0
evaluation-2d-07,central_cluster,2,7,10,20070010,SC-RRT,1,5000,5000,3291,3293,16085,1167,9599,2804,600.0,0.039628883998375386,260.0,2726.3385272874,0.7002755857700642,1.3860156470327638,2180.8696245076208,0.875425237597465,1,,1.3337901138034656,1.3337901138034656,0.915327431931727,0.915327431931727,99,0.03639381164376121
evaluation-2d-07,central_cluster,2,7,10,20070010,SC-RRT-no-ADCS,1,5000,5000,3555,3557,15954,1206,8679,2972,600.0,0.03948350599966943,260.0,2726.3385272874,0.7002755857700642,1.1644672310212627,2135.597186866603,0.8939833414956324,1,,4.0,4.0,0.0,0.0,0,0.0
evaluation-2d-07,central_cluster,2,7,10,20070010,SC-RRT-no-SSFOR,1,5000,5000,3031,3033,13408,1221,7715,2775,600.0,0.04203428502660245,260.0,2726.3385272874,0.7002755857700642,1.0376471239724196,2042.7356306719569,0.9346232965915672,1,,1.5,1.5,0.8,0.8,0,0.0
evaluation-2d-07,central_cluster,2,7,11,20070011,SC-RRT-no-ADCS,1,5000,5000,3462,3464,15255,1259,8092,2983,522.0,0.03349789103958756,211.0,2146.621297857175,0.8893922328589073,1.0917144800187089,2082.3160455673583,0.9168580885057201,1,,4.0,4.0,0.0,0.0,0,0.0
evaluation-2d-07,central_cluster,2,7,11,20070011,SC-RRT-no-SSFOR,1,5000,5000,2952,2954,13546,1236,8199,3080,522.0,0.03536892600823194,211.0,2146.621297857175,0.8893922328589073,0.9670124410185963,2045.1016607798126,0.933542007137039,1,,1.5,1.5,0.8,0.8,0,0.0
evaluation-2d-07,central_cluster,2,7,11,20070011,SC-RRT,1,5000,5000,2944,2946,13897,1378,7971,2735,522.0,0.03627335303463042,211.0,2146.621297857175,0.8893922328589073,1.0641436890000477,2016.028687530691,0.9470045347133056,1,,1.2878060455178533,1.2878060455178533,0.9479636838476229,0.9479636838476229,99,0.04324419958096312
evaluation-2d-07,central_cluster,2,7,12,20070012,SC-RRT-no-SSFOR,1,5000,5000,3164,3166,14512,1082,8890,3141,532.0,0.03585654904600233,212.0,2143.6563697518163,0.8906223665991374,1.0888758010114543,2062.2803462541797,0.9257656519257579,1,,1.5,1.5,0.8,0.8,0,0.0
evaluation-2d-07,central_cluster,2,7,12,20070012,SC-RRT,1,5000,5000,3330,3332,15408,1112,8882,2731,532.0,0.035356233012862504,212.0,2143.6563697518163,0.8906223665991374,1.306519569014199,2070.798677760616,0.921957469698742,1,,1.3605251181252087,1.3605251181252087,0.8963735633594632,0.8963735633594632,99,0.016208297137777477
evaluation-2d-07,central_cluster,2,7,12,20070012,SC-RRT-no-ADCS,1,5000,5000,3591,3593,15508,1146,8220,2795,532.0,0.03446702903602272,212.0,2143.6563697518163,0.8906223665991374,1.1314270609873347,2073.679314783472,0.9206767389696563,1,,4.0,4.0,0.0,0.0,0,0.0
evaluation-2d-07,central_cluster,2,7,13,20070013,SC-RRT,1,5000,5000,2816,2818,13282,1555,7533,2727,1008.0,0.07182221702532843,402.0,2643.1085797629758,0.7223268555145348,0.9708247570088133,2026.5671927341061,0.9420799448687076,1,,1.2894617026232786,1.2894617026232786,0.9467904935689607,0.9467904935689607,99,0.07005375187609637
evaluation-2d-07,central_cluster,2,7,13,20070013,SC-RRT-no-ADCS,1,5000,5000,3391,3393,14923,1370,7903,2873,1008.0,0.07163697195937857,402.0,2643.1085797629758,0.7223268555145348,1.0572985599865206,2057.8492679525525,0.9277590632783402,1,,4.0,4.0,0.0,0.0,0,0.0
evaluation-2d-07,central_cluster,2,7,13,20070013,SC-RRT-no-SSFOR,1,5000,5000,2802,2804,12673,1418,7393,2590,1008.0,0.07340525498148054,402.0,2643.1085797629758,0.7223268555145348,0.9505857229814865,2057.1987420013734,0.9280524386021638,1,,1.5,1.5,0.8,0.8,0,0.0
evaluation-2d-07,central_cluster,2,7,14,20070014,SC-RRT-no-ADCS,1,5000,5000,3654,3656,15857,1119,8459,2891,594.0,0.040700631972867996,256.0,2308.576604822186,0.826998032127563,1.1556906909681857,2069.115948493046,0.9227072608444954,1,,4.0,4.0,0.0,0.0,0,0.0
evaluation-2d-07,central_cluster,2,7,14,20070014,SC-RRT-no-SSFOR,1,5000,5000,2985,2987,13174,1262,7637,2487,594.0,0.04140890599228442,256.0,2308.576604822186,0.826998032127563,1.0038192749489099,2056.628934151454,0.9283095640154415,1,,1.5,1.5,0.8,0.8,0,0.0
evaluation-2d-07,central_cluster,2,7,14,20070014,SC-RRT,1,5000,5000,3210,3212,14899,1277,8456,2895,594.0,0.04034541395958513,256.0,2308.576604822186,0.826998032127563,1.1969933749642223,2063.50969288238,0.9252141222253527,1,,1.3281153819435578,1.3281153819435578,0.9193562437521757,0.9193562437521757,99,0.025390477191592344
evaluation-2d-07,central_cluster,2,7,15,20070015,SC-RRT-no-SSFOR,1,5000,5000,2870,2872,12846,1591,7131,2571,1067.0,0.07026885799132288,362.0,2741.575909637584,0.6963835298129895,0.9390064799808897,2117.1839439470837,0.9017583543753702,1,,1.5,1.5,0.8,0.8,0,0.0
evaluation-2d-07,central_cluster,2,7,15,20070015,SC-RRT,1,5000,5000,2820,2822,13118,1547,7540,2394,1067.0,0.07139387499773875,362.0,2741.575909637584,0.6963835298129895,0.9837540259468369,2149.7818283867095,0.888084680963378,1,,1.2910648927835047,1.2910648927835047,0.9456542306824562,0.9456542306824562,99,0.11819859263835754
evaluation-2d-07,central_cluster,2,7,15,20070015,SC-RRT-no-ADCS,1,5000,5000,3252,3254,14004,1507,7144,2382,1067.0,0.06986614799825475,362.0,2741.575909637584,0.6963835298129895,0.9983534369966947,2113.7048916098524,0.9032426034410087,1,,4.0,4.0,0.0,0.0,0,0.0
evaluation-2d-07,central_cluster,2,7,16,20070016,SC-RRT,1,5000,5000,3130,3132,15017,1333,8680,2723,751.0,0.05191437300527468,301.0,2599.5463068043973,0.7344313521964643,1.1876678339904174,2018.3047475139772,0.9459365893853732,1,,1.2648244318161495,1.2648244318161495,0.95,0.95,99,0.18453248823285848
evaluation-2d-07,central_cluster,2,7,16,20070016,SC-RRT-no-ADCS,1,5000,5000,3470,3472,15124,1268,7978,2606,751.0,0.05148814304266125,301.0,2599.5463068043973,0.7344313521964643,1.1128857180010527,2193.086437663496,0.8705485914352371,1,,4.0,4.0,0.0,0.0,0,0.0
evaluation-2d-07,central_cluster,2,7,16,20070016,SC-RRT-no-SSFOR,1,5000,5000,3149,3151,14322,1286,8259,2863,751.0,0.052606910991016775,301.0,2599.5463068043973,0.7344313521964643,1.1407768150093034,2141.4063365897814,0.8915581674443378,1,,1.5,1.5,0.8,0.8,0,0.0
evaluation-2d-07,central_cluster,2,7,17,20070017,SC-RRT-no-ADCS,1,5000,5000,3126,3128,13630,1624,6882,2299,531.0,0.033095236984081566,186.0,2318.1044664351957,0.8235989088704218,0.9876897879876196,2098.8697059093165,0.9096268833784228,1,,4.0,4.0,0.0,0.0,0,0.0
evaluation-2d-07,central_cluster,2,7,17,20070017,SC-RRT-no-SSFOR,1,5000,5000,2887,2889,13099,1319,7667,2723,531.0,0.03360854397760704,186.0,2318.1044664351957,0.8235989088704218,0.9953158859862015,2052.323794990991,0.9302568697314446,1,,1.5,1.5,0.8,0.8,0,0.0
evaluation-2d-07,central_cluster,2,7,17,20070017,SC-RRT,1,5000,5000,2810,2812,12924,1587,7291,2478,531.0,0.033374620019458234,186.0,2318.1044664351957,0.8235989088704218,0.952908618026413,2036.7111761448275,0.9373878493746326,1,,1.2849774046367126,1.2849774046367126,0.9499673955955974,0.9499673955955974,99,0.054352112684998774
evaluation-2d-07,central_cluster,2,7,18,20070018,SC-RRT-no-SSFOR,1,5000,5000,2995,2997,13402,1195,7901,2779,282.0,0.020715997030492872,160.0,2428.123815502792,0.7862812831100799,1.0138595390017144,2077.404118173214,0.9190259576853742,1,,1.5,1.5,0.8,0.8,0,0.0
evaluation-2d-07,central_cluster,2,7,18,20070018,SC-RRT,1,5000,5000,3488,3490,16006,1028,9122,3151,282.0,0.01982781500555575,160.0,2428.123815502792,0.7862812831100799,1.2726749749854207,2141.7011402056714,0.8914354451061904,1,,1.2867473571145611,1.2867473571145611,0.9487137208005392,0.9487137208005392,99,0.04093172929019441
evaluation-2d-07,central_cluster,2,7,18,20070018,SC-RRT-no-ADCS,1,5000,5000,3777,3779,16857,979,9242,3264,282.0,0.02062790800118819,160.0,2428.123815502792,0.7862812831100799,1.2375509630073793,2125.278265009965,0.8983239233356234,1,,4.0,4.0,0.0,0.0,0,0.0
evaluation-2d-07,central_cluster,2,7,19,20070019,SC-RRT,1,5000,5000,2841,2843,13163,1512,7323,2297,624.0,0.04165968898450956,236.0,2446.5638260680666,0.780354997838737,1.0143466439913027,2034.9739464843865,0.9381880846690863,1,,1.2889712921849243,1.2889712921849243,0.9471380239574361,0.9471380239574361,99,0.11848972671273054
evaluation-2d-07,central_cluster,2,7,19,20070019,SC-RRT-no-ADCS,1,5000,5000,3348,3350,14212,1408,7133,2335,624.0,0.039645392971578985,236.0,2446.5638260680666,0.780354997838737,1.0212741179857403,2108.419939420945,0.9055066656825568,1,,4.0,4.0,0.0,0.0,0,0.0
evaluation-2d-07,central_cluster,2,7,19,20070019,SC-RRT-no-SSFOR,1,5000,5000,2789,2791,12101,1367,6870,2147,624.0,0.04067198699340224,236.0,2446.5638260680666,0.780354997838737,0.9275003300281242,2131.945210534401,0.8955147157487758,1,,1.5,1.5,0.8,0.8,0,0.0
evaluation-2d-07,central_cluster,2,7,20,20070020,SC-RRT-no-ADCS,1,5000,5000,3446,3448,14475,1279,7383,2317,301.0,0.020607877988368273,152.0,2151.84520934341,0.8872331062261801,1.0387333380058408,2093.4666753344386,0.9119745404586767,1,,4.0,4.0,0.0,0.0,0,0.0
evaluation-2d-07,central_cluster,2,7,20,20070020,SC-RRT-no-SSFOR,1,5000,5000,3011,3013,13455,1198,8006,3005,301.0,0.020673079998232424,152.0,2151.84520934341,0.8872331062261801,1.0040476269787177,2026.4649304834822,0.9421274853980208,1,,1.5,1.5,0.8,0.8,0,0.0
evaluation-2d-07,central_cluster,2,7,20,20070020,SC-RRT,1,5000,5000,2879,2881,13198,1415,7452,2552,301.0,0.022469094954431057,152.0,2151.84520934341,0.8872331062261801,1.0213040499947965,2078.215230042256,0.9186672687240672,1,,1.3054988725213508,1.3054988725213508,0.9354151950702576,0.9354151950702576,99,0.02073937196621432
evaluation-2d-07,central_cluster,2,7,21,20070021,SC-RRT-no-SSFOR,1,5000,5000,2975,2977,12836,1385,7024,2325,875.0,0.058121573994867504,329.0,2445.9836721056095,0.7805400873997518,0.9976021280162968,2046.5134136255615,0.9328980188902838,1,,1.5,1.5,0.8,0.8,0,0.0
evaluation-2d-07,central_cluster,2,7,21,20070021,SC-RRT,1,5000,5000,3129,3131,14216,1326,7950,2511,875.0,0.06013464601710439,329.0,2445.9836721056095,0.7805400873997518,1.1588620049878955,2167.359366729907,0.880882210172762,1,,1.2882666018889002,1.2882666018889002,0.9476373631226828,0.9476373631226828,99,0.07086897765822375
evaluation-2d-07,central_cluster,2,7,21,20070021,SC-RRT-no-ADCS,1,5000,5000,3418,3420,14845,1341,7748,2509,875.0,0.05888080695876852,329.0,2445.9836721056095,0.7805400873997518,1.1027439419995062,2190.970918734498,0.8713891603392084,1,,4.0,4.0,0.0,0.0,0,0.0
evaluation-2d-07,central_cluster,2,7,22,20070022,SC-RRT,1,5000,5000,3217,3219,15252,1159,8941,2999,323.0,0.021944897016510367,164.0,2211.6750519530797,0.8632318330478601,1.1612172499881126,2017.0558347543222,0.9465222907110143,1,,1.2989807138955192,1.2989807138955192,0.9400407163769332,0.9400407163769332,99,0.026075337819943357
evaluation-2d-07,central_cluster,2,7,22,20070022,SC-RRT-no-ADCS,1,5000,5000,3583,3585,15762,1116,8494,2798,323.0,0.023604309011716396,164.0,2211.6750519530797,0.8632318330478601,1.1076050259871408,2054.4684772565547,0.9292857643418909,1,,4.0,4.0,0.0,0.0,0,0.0
evaluation-2d-07,central_cluster,2,7,22,20070022,SC-RRT-no-SSFOR,1,5000,5000,2973,2975,13035,1219,7758,2729,323.0,0.021653872972819954,164.0,2211.6750519530797,0.8632318330478601,0.970423424965702,2005.5301738079102,0.9519618972267532,1,,1.5,1.5,0.8,0.8,0,0.0
evaluation-2d-07,central_cluster,2,7,23,20070023,SC-RRT-no-ADCS,1,5000,5000,3750,3752,16880,1017,9298,3411,374.0,0.026713447005022317,175.0,2420.546123776731,0.788742792566501,1.2692513089859858,2107.7063039937657,0.905813255663786,1,,4.0,4.0,0.0,0.0,0,0.0
evaluation-2d-07,central_cluster,2,7,23,20070023,SC-RRT-no-SSFOR,1,5000,5000,2930,2932,13727,1317,8112,2996,374.0,0.025554224965162575,175.0,2420.546123776731,0.788742792566501,1.0414855959825218,2049.485660550763,0.9315450924846275,1,,1.5,1.5,0.8,0.8,0,0.0
evaluation-2d-07,central_cluster,2,7,23,20070023,SC-RRT,1,5000,5000,3685,3687,18179,872,11037,3097,374.0,0.024490995972882956,175.0,2420.546123776731,0.788742792566501,1.7157437819987535,2097.712541909126,0.9101286620835705,1,,1.2872773858732922,1.2872773858732922,0.9483382317400482,0.9483382317400482,99,0.03846361127314128
evaluation-2d-07,central_cluster,2,7,24,20070024,SC-RRT-no-SSFOR,1,5000,5000,2847,2849,13259,1450,7792,2954,584.0,0.04007202998036519,232.0,2231.318128521532,0.8556325002695621,0.9745978499995545,2055.813285281159,0.9286778730698649,1,,1.5,1.5,0.8,0.8,0,0.0
evaluation-2d-07,central_cluster,2,7,24,20070024,SC-RRT,1,5000,5000,2991,2993,14281,1452,8138,2564,584.0,0.037360140995588154,232.0,2231.318128521532,0.8556325002695621,1.068112455017399,2029.4389631148238,0.9407468487120291,1,,1.2878689853822443,1.2878689853822443,0.9479190899516327,0.9479190899516327,99,0.08625467381561017
evaluation-2d-07,central_cluster,2,7,24,20070024,SC-RRT-no-ADCS,1,5000,5000,3436,3438,15193,1350,7999,2629,584.0,0.03597809100756422,232.0,2231.318128521532,0.8556325002695621,1.083232290984597,2144.8873205154428,0.8901112384518535,1,,4.0,4.0,0.0,0.0,0,0.0
evaluation-2d-07,central_cluster,2,7,25,20070025,SC-RRT,1,5000,5000,2963,2965,13284,1256,7605,2599,672.0,0.045791746000759304,238.0,2442.5225046815585,0.7816461488253869,1.0607584460522048,2060.0929690505136,0.9267486166333617,1,,1.2887119613566957,1.2887119613566957,0.9473217898526172,0.9473217898526172,99,0.054252212277913756
evaluation-2d-07,central_cluster,2,7,25,20070025,SC-RRT-no-ADCS,1,5000,5000,3360,3362,14748,1373,7724,2712,672.0,0.04329667700221762,238.0,2442.5225046815585,0.7816461488253869,1.0298799200099893,2090.5726137729143,0.9132370225390608,1,,4.0,4.0,0.0,0.0,0,0.0
evaluation-2d-07,central_cluster,2,7,25,20070025,SC-RRT-no-SSFOR,1,5000,5000,3012,3014,13744,1306,8040,2940,672.0,0.04308449599193409,238.0,2442.5225046815585,0.7816461488253869,1.0108326869667508,2157.3434141018624,0.8849719042058516,1,,1.5,1.5,0.8,0.8,0,0.0
evaluation-2d-07,central_cluster,2,7,26,20070026,SC-RRT-no-ADCS,1,5000,5000,3240,3242,14442,1582,7459,2349,810.0,0.046915388957131654,246.0,2673.3787336120854,0.7141480872873236,0.9832195319468156,2188.886448510708,0.8722189817122159,1,,4.0,4.0,0.0,0.0,0,0.0
evaluation-2d-07,central_cluster,2,7,26,20070026,SC-RRT-no-SSFOR,1,5000,5000,3035,3037,14273,1434,8213,2600,810.0,0.047842549975030124,246.0,2673.3787336120854,0.7141480872873236,1.0914937690249644,2181.215787364276,0.8752863060425082,1,,1.5,1.5,0.8,0.8,0,0.0
evaluation-2d-07,central_cluster,2,7,26,20070026,SC-RRT,1,5000,5000,2850,2852,13553,1687,7512,2397,810.0,0.051234161015599966,246.0,2673.3787336120854,0.7141480872873236,0.9975602920167148,2178.911302961651,0.8762120360790474,1,,1.2891060134513572,1.2891060134513572,0.9470425557656089,0.9470425557656089,99,0.060623251833870635
evaluation-2d-07,central_cluster,2,7,27,20070027,SC-RRT-no-SSFOR,1,5000,5000,3092,3094,13853,1102,8274,3007,475.0,0.029933140031062067,194.0,2314.680128314106,0.8248173412169193,0.9940184390288778,2041.4249356344965,0.9352233706356107,1,,1.5,1.5,0.8,0.8,0,0.0
evaluation-2d-07,central_cluster,2,7,27,20070027,SC-RRT,1,5000,5000,3165,3167,14922,1222,8614,3041,475.0,0.031666085007600486,194.0,2314.680128314106,0.8248173412169193,1.1648762850090861,2068.6819811893856,0.9229008260157965,1,,1.2854030128598324,1.2854030128598324,0.9496659639196658,0.9496659639196658,99,0.03618635585978358
evaluation-2d-07,central_cluster,2,7,27,20070027,SC-RRT-no-ADCS,1,5000,5000,3598,3600,15838,1127,8517,2948,475.0,0.029995024029631168,194.0,2314.680128314106,0.8248173412169193,1.1252372420276515,2052.081455165804,0.9303667280836178,1,,4.0,4.0,0.0,0.0,0,0.0
evaluation-2d-07,central_cluster,2,7,28,20070028,SC-RRT,1,5000,5000,3069,3071,14588,1289,8550,2717,643.0,0.04076828097458929,232.0,2239.4614533331714,0.852521174839638,1.0906382109969854,2034.431268845507,0.938438343157741,1,,1.2921344189373891,1.2921344189373891,0.9448960723129753,0.9448960723129753,99,0.037167567983189986
evaluation-2d-07,central_cluster,2,7,28,20070028,SC-RRT-no-ADCS,1,5000,5000,3485,3487,16352,1293,9131,3409,643.0,0.03924090799409896,232.0,2239.4614533331714,0.852521174839638,1.1807578229927458,2041.9748020810239,0.9349715320962728,1,,4.0,4.0,0.0,0.0,0,0.0
evaluation-2d-07,central_cluster,2,7,28,20070028,SC-RRT-no-SSFOR,1,5000,5000,3017,3019,14037,1246,8517,2942,643.0,0.04047634400194511,232.0,2239.4614533331714,0.852521174839638,0.9950992289814167,2005.6181506874839,0.9519201392095741,1,,1.5,1.5,0.8,0.8,0,0.0
evaluation-2d-07,central_cluster,2,7,29,20070029,SC-RRT-no-ADCS,1,5000,5000,3566,3568,15733,1188,8347,2736,298.0,0.020685018971562386,160.0,2379.3440952581636,0.8024010957509395,1.1431450569652952,2115.6933901271536,0.9023936635208448,1,,4.0,4.0,0.0,0.0,0,0.0
evaluation-2d-07,central_cluster,2,7,29,20070029,SC-RRT-no-SSFOR,1,5000,5000,3116,3118,13869,1082,8301,3025,298.0,0.020642344024963677,160.0,2379.3440952581636,0.8024010957509395,1.0909536010003649,2099.498400322922,0.909354495773861,1,,1.5,1.5,0.8,0.8,0,0.0
evaluation-2d-07,central_cluster,2,7,29,20070029,SC-RRT,1,5000,5000,3330,3332,15709,1271,8814,2792,298.0,0.02248257800238207,160.0,2379.3440952581636,0.8024010957509395,1.3051416900125332,2099.6092388815637,0.9093064908690722,1,,1.2876930057629554,1.2876930057629554,0.9480437733078597,0.9480437733078597,99,0.05296169816903095
evaluation-2d-07,central_cluster,2,7,30,20070030,SC-RRT-no-SSFOR,1,5000,5000,3068,3070,13706,1050,8235,2751,526.0,0.03425161598715931,228.0,2174.549422248031,0.8779696104722123,1.0765763269737363,2063.49257670812,0.925221796653806,1,,1.5,1.5,0.8,0.8,0,0.0
evaluation-2d-07,central_cluster,2,7,30,20070030,SC-RRT,1,5000,5000,3348,3350,16536,1212,9707,3102,526.0,0.03482390200952068,228.0,2174.549422248031,0.8779696104722123,1.2692740539787337,2075.623040314431,0.9198145675403855,1,,1.2871818131484831,1.2871818131484831,0.9484059406144622,0.9484059406144622,99,0.03606512363425309
evaluation-2d-07,central_cluster,2,7,30,20070030,SC-RRT-no-ADCS,1,5000,5000,3595,3597,15592,1159,8190,2795,526.0,0.03697074798401445,228.0,2174.549422248031,0.8779696104722123,1.0951325269998051,2101.640616293058,0.9084275848128434,1,,4.0,4.0,0.0,0.0,0,0.0
evaluation-2d-07,central_cluster,2,7,31,20070031,SC-RRT,1,5000,5000,2757,2759,13185,1599,7568,2399,985.0,0.0638388370280154,343.0,2701.914854574783,0.7066056526433876,1.01722229400184,2110.4606487676133,0.9046310862600228,1,,1.296035591023606,1.296035591023606,0.9421298184452305,0.9421298184452305,99,0.16146446227764688
evaluation-2d-07,central_cluster,2,7,31,20070031,SC-RRT-no-ADCS,1,5000,5000,3307,3309,14121,1473,7199,2449,985.0,0.07459549600025639,343.0,2701.914854574783,0.7066056526433876,1.0645234659896232,2226.939894010523,0.8573147009214506,1,,4.0,4.0,0.0,0.0,0,0.0
evaluation-2d-07,central_cluster,2,7,31,20070031,SC-RRT-no-SSFOR,1,5000,5000,2956,2958,13590,1333,8094,2760,985.0,0.06619627599138767,343.0,2701.914854574783,0.7066056526433876,1.0908744399785064,2105.2099913779857,0.9068873494914398,1,,1.5,1.5,0.8,0.8,0,0.0
evaluation-2d-07,central_cluster,2,7,32,20070032,SC-RRT-no-ADCS,1,5000,5000,3457,3459,14672,1286,7504,2430,648.0,0.04155125399120152,254.0,2219.2523141262222,0.8602844737622255,1.0915946810273454,2026.2344874653045,0.9422346332639695,1,,4.0,4.0,0.0,0.0,0,0.0
evaluation-2d-07,central_cluster,2,7,32,20070032,SC-RRT-no-SSFOR,1,5000,5000,3094,3096,14170,1222,8310,2774,648.0,0.04201241402188316,254.0,2219.2523141262222,0.8602844737622255,1.1185330910375342,2025.794216854452,0.9424394113278527,1,,1.5,1.5,0.8,0.8,0,0.0
evaluation-2d-07,central_cluster,2,7,32,20070032,SC-RRT,1,5000,5000,3213,3215,14449,1297,7908,2299,648.0,0.04272094601765275,254.0,2219.2523141262222,0.8602844737622255,1.230256245995406,2008.7662295820578,0.9504283181826002,1,,1.2850640483075115,1.2850640483075115,0.9499060329130633,0.9499060329130633,99,0.052659676643462196
evaluation-2d-07,central_cluster,2,7,33,20070033,SC-RRT-no-SSFOR,1,5000,5000,2856,2858,12779,1255,7717,2801,379.0,0.024191824020817876,174.0,2102.775639798336,0.9079372392704608,0.9320574580342509,1996.8220740726067,0.9561133833570883,1,,1.5,1.5,0.8,0.8,0,0.0
evaluation-2d-07,central_cluster,2,7,33,20070033,SC-RRT,1,5000,5000,3242,3244,14796,1116,8472,2801,379.0,0.025832495011854917,174.0,2102.775639798336,0.9079372392704608,1.2216425109654665,1995.3310945366343,0.9568278239291608,1,,1.2865998496074693,1.2865998496074693,0.9488182145640097,0.9488182145640097,99,0.03385264647941436
evaluation-2d-07,central_cluster,2,7,33,20070033,SC-RRT-no-ADCS,1,5000,5000,3586,3588,15705,1153,8354,2792,379.0,0.026922583987470716,174.0,2102.775639798336,0.9079372392704608,1.345219666021876,2009.6993934885877,0.9499870057131108,1,,4.0,4.0,0.0,0.0,0,0.0
evaluation-2d-07,central_cluster,2,7,34,20070034,SC-RRT,1,5000,5000,3378,3380,15809,1101,9148,3033,348.0,0.02714799396926537,161.0,2360.4935975032445,0.8088089335311379,1.3542886200011708,2017.6003881108402,0.9462668229318332,1,,1.2858776124691613,1.2858776124691613,0.9493298114947744,0.9493298114947744,99,0.04600754382251778
evaluation-2d-07,central_cluster,2,7,34,20070034,SC-RRT-no-ADCS,1,5000,5000,3724,3726,16767,1035,9237,3167,348.0,0.024568524968344718,161.0,2360.4935975032445,0.8088089335311379,1.2474307349766605,2070.746031252224,0.9219809094836955,1,,4.0,4.0,0.0,0.0,0,0.0
evaluation-2d-07,central_cluster,2,7,34,20070034,SC-RRT-no-SSFOR,1,5000,5000,3021,3023,13795,1214,8282,3063,348.0,0.024041263037361205,161.0,2360.4935975032445,0.8088089335311379,1.0548616080195643,2044.0083581138283,0.9340413416731038,1,,1.5,1.5,0.8,0.8,0,0.0
evaluation-2d-07,central_cluster,2,7,35,20070035,SC-RRT-no-ADCS,1,5000,5000,3167,3169,13652,1593,6817,2130,874.0,0.054193290998227894,289.0,2226.025212759523,0.8576669744171165,0.9734871570253745,2071.6018257668397,0.9216000321379128,1,,4.0,4.0,0.0,0.0,0,0.0
evaluation-2d-07,central_cluster,2,7,35,20070035,SC-RRT-no-SSFOR,1,5000,5000,2625,2627,11665,1690,6370,2037,874.0,0.05309635598678142,289.0,2226.025212759523,0.8576669744171165,0.8780900900019333,2062.429540989404,0.9256986826748944,1,,1.5,1.5,0.8,0.8,0,0.0
evaluation-2d-07,central_cluster,2,7,35,20070035,SC-RRT,1,5000,5000,2599,2601,11924,1790,6443,2070,874.0,0.05391299503389746,289.0,2226.025212759523,0.8576669744171165,0.934818065026775,2018.138529486937,0.946014498662311,1,,1.289953680436215,1.289953680436215,0.9464418293052397,0.9464418293052397,99,0.08541183913959265
evaluation-2d-07,central_cluster,2,7,36,20070036,SC-RRT-no-SSFOR,1,5000,5000,2810,2812,12916,1512,7347,2867,796.0,0.047322039026767015,224.0,2394.6715899187666,0.797265193791539,0.9865587980020791,2076.3353773634453,0.9194990029154094,1,,1.5,1.5,0.8,0.8,0,0.0
evaluation-2d-07,central_cluster,2,7,36,20070036,SC-RRT,1,5000,5000,2666,2668,11767,1544,6425,2124,796.0,0.047551328025292605,224.0,2394.6715899187666,0.797265193791539,0.911909299029503,2133.203784594576,0.8949863688557664,1,,1.288300385636185,1.288300385636185,0.947613425289219,0.947613425289219,99,0.09382836692995336
evaluation-2d-07,central_cluster,2,7,36,20070036,SC-RRT-no-ADCS,1,5000,5000,3082,3084,13420,1680,6654,2210,796.0,0.04642675700597465,224.0,2394.6715899187666,0.797265193791539,0.9280256290221587,2201.2400685085677,0.867323985473894,1,,4.0,4.0,0.0,0.0,0,0.0
evaluation-2d-07,central_cluster,2,7,37,20070037,SC-RRT,1,5000,5000,3409,3411,15590,1099,8895,2569,475.0,0.031976339989341795,218.0,2640.228993654454,0.7231146668687586,1.4043636699789204,2172.6707743842676,0.8787287663243595,1,,1.2913391309461821,1.2913391309461821,0.9454598403510691,0.9454598403510691,99,0.091673340484016
evaluation-2d-07,central_cluster,2,7,37,20070037,SC-RRT-no-ADCS,1,5000,5000,3602,3604,15587,1189,8184,2762,475.0,0.03174058999866247,218.0,2640.228993654454,0.7231146668687586,1.131602851964999,2155.2664899522697,0.8858247080368975,1,,4.0,4.0,0.0,0.0,0,0.0
evaluation-2d-07,central_cluster,2,7,37,20070037,SC-RRT-no-SSFOR,1,5000,5000,3009,3011,13393,1060,8022,2712,475.0,0.03225663799094036,218.0,2640.228993654454,0.7231146668687586,1.0433728159987368,2119.7544555259756,0.9006648407916428,1,,1.5,1.5,0.8,0.8,0,0.0
evaluation-2d-07,central_cluster,2,7,38,20070038,SC-RRT-no-ADCS,1,5000,5000,3650,3652,15949,1048,8509,2730,283.0,0.018996917991898954,134.0,2084.9339449932822,0.915706856703237,1.167693624040112,2041.7130717051825,0.9350913875519133,1,,4.0,4.0,0.0,0.0,0,0.0
evaluation-2d-07,central_cluster,2,7,38,20070038,SC-RRT-no-SSFOR,1,5000,5000,2931,2933,13474,1253,8021,2987,283.0,0.01960186701035127,134.0,2084.9339449932822,0.915706856703237,1.053679370030295,1993.3221253726736,0.9577921625922526,1,,1.5,1.5,0.8,0.8,0,0.0
evaluation-2d-07,central_cluster,2,7,38,20070038,SC-RRT,1,5000,5000,3332,3334,15293,1024,8796,2901,283.0,0.01987694698618725,134.0,2084.9339449932822,0.915706856703237,1.2093776289839298,1990.5386477289323,0.9591314950764361,1,,1.2849411427906425,1.2849411427906425,0.9499930766740116,0.9499930766740116,99,0.033122397595658104
evaluation-2d-07,central_cluster,2,7,39,20070039,SC-RRT-no-SSFOR,1,5000,5000,3073,3075,13865,1211,8153,2634,629.0,0.03869162203045562,229.0,2351.0752326442675,0.8120490074902467,1.0702239270322025,2030.5884020370258,0.9402143276739084,1,,1.5,1.5,0.8,0.8,0,0.0
evaluation-2d-07,central_cluster,2,7,39,20070039,SC-RRT,1,5000,5000,2892,2894,13714,1463,7859,2640,629.0,0.038060019025579095,229.0,2351.0752326442675,0.8120490074902467,1.0422033230424859,2007.9827013123302,0.9507991816642224,1,,1.2926276006240005,1.2926276006240005,0.9445464351732608,0.9445464351732608,99,0.1063188479645727
evaluation-2d-07,central_cluster,2,7,39,20070039,SC-RRT-no-ADCS,1,5000,5000,3338,3340,14482,1410,7455,2544,629.0,0.03953545301919803,229.0,2351.0752326442675,0.8120490074902467,1.0294886420015246,2116.3896375469435,0.9020967950951474,1,,4.0,4.0,0.0,0.0,0,0.0
evaluation-2d-07,central_cluster,2,7,40,20070040,SC-RRT,1,5000,5000,3026,3028,13369,1222,7591,2453,474.0,0.03323586203623563,223.0,2552.7231140653225,0.747902621590327,1.0624830290325917,2193.484283752741,0.8703906945425328,1,,1.2914292267389729,1.2914292267389729,0.9453959755843289,0.9453959755843289,99,0.09839359869270889
evaluation-2d-07,central_cluster,2,7,40,20070040,SC-RRT-no-ADCS,1,5000,5000,3486,3488,15275,1264,8130,2977,474.0,0.031030973012093455,223.0,2552.7231140653225,0.747902621590327,1.1546677350415848,2193.6711042193265,0.8703165691208352,1,,4.0,4.0,0.0,0.0,0,0.0
evaluation-2d-07,central_cluster,2,7,40,20070040,SC-RRT-no-SSFOR,1,5000,5000,3112,3114,14347,1134,8723,2457,474.0,0.03146492096129805,223.0,2552.7231140653225,0.747902621590327,1.176857848011423,2194.8283089134006,0.869857702058192,1,,1.5,1.5,0.8,0.8,0,0.0
evaluation-2d-07,central_cluster,2,7,41,20070041,SC-RRT-no-ADCS,1,5000,5000,2922,2924,12394,1848,5953,1883,1372.0,0.09212433401262388,479.0,2491.3174635334162,0.7663368226447911,0.863002443977166,2090.689294427022,0.9131860550933341,1,,4.0,4.0,0.0,0.0,0,0.0
evaluation-2d-07,central_cluster,2,7,41,20070041,SC-RRT-no-SSFOR,1,5000,5000,2590,2592,11496,1816,6154,1939,1372.0,0.09483486000681296,479.0,2491.3174635334162,0.7663368226447911,0.8311161890160292,1999.6596374666597,0.9547566362955656,1,,1.5,1.5,0.8,0.8,0,0.0
evaluation-2d-07,central_cluster,2,7,41,20070041,SC-RRT,1,5000,5000,2416,2418,11661,2011,6442,1985,1372.0,0.08950343896867707,479.0,2491.3174635334162,0.7663368226447911,0.8183679349604063,1970.759136399349,0.9687578121250459,1,,1.2646381134600144,1.2646381134600144,0.95,0.95,99,0.1887533778941964
evaluation-2d-07,central_cluster,2,7,42,20070042,SC-RRT-no-SSFOR,1,5000,5000,2952,2954,13444,1221,7958,2817,447.0,0.03051267401315272,196.0,2282.5439381030574,0.8364300363875309,1.001067730016075,2000.6574793771836,0.9542804447456043,1,,1.5,1.5,0.8,0.8,0,0.0
evaluation-2d-07,central_cluster,2,7,42,20070042,SC-RRT,1,5000,5000,3527,3529,17204,1049,10197,3175,447.0,0.029747778025921434,196.0,2282.5439381030574,0.8364300363875309,1.3567874309956096,2023.44181971854,0.9435350651541073,1,,1.2858824188430296,1.2858824188430296,0.9493264070816744,0.9493264070816744,99,0.04015034472242898
evaluation-2d-07,central_cluster,2,7,42,20070042,SC-RRT-no-ADCS,1,5000,5000,3682,3684,16286,1061,8834,3133,447.0,0.02945506601827219,196.0,2282.5439381030574,0.8364300363875309,1.2045395720051602,2024.9080442314296,0.9428518567263267,1,,4.0,4.0,0.0,0.0,0,0.0
evaluation-2d-07,central_cluster,2,7,43,20070043,SC-RRT,1,5000,5000,3040,3042,14128,1325,8070,2816,645.0,0.044219754985533655,270.0,2427.8006506884635,0.7863859450990263,1.071473419026006,2042.4736783815813,0.9347431643361417,1,,1.2905240219843874,1.2905240219843874,0.9460376002026161,0.9460376002026161,99,0.09947809038931965
evaluation-2d-07,central_cluster,2,7,43,20070043,SC-RRT-no-ADCS,1,5000,5000,3524,3526,15545,1234,8278,2929,645.0,0.043126227974426,270.0,2427.8006506884635,0.7863859450990263,1.075750893971417,2112.604314139199,0.9037131546243177,1,,4.0,4.0,0.0,0.0,0,0.0
evaluation-2d-07,central_cluster,2,7,43,20070043,SC-RRT-no-SSFOR,1,5000,5000,3141,3143,13945,1139,8149,2934,645.0,0.0425996640115045,270.0,2427.8006506884635,0.7863859450990263,1.038834614038933,2094.5047391547296,0.9115225540020316,1,,1.5,1.5,0.8,0.8,0,0.0
evaluation-2d-07,central_cluster,2,7,44,20070044,SC-RRT-no-ADCS,1,5000,5000,3639,3641,16087,1151,8651,2945,710.0,0.04705175996059552,300.0,2362.89344678168,0.8079874747649077,1.1587963869678788,2104.619083393312,0.9071419737036037,1,,4.0,4.0,0.0,0.0,0,0.0
evaluation-2d-07,central_cluster,2,7,44,20070044,SC-RRT-no-SSFOR,1,5000,5000,3137,3139,14291,1133,8501,2962,710.0,0.04627404600614682,300.0,2362.89344678168,0.8079874747649077,1.0744368059677072,2198.2676663583215,0.8684967433317454,1,,1.5,1.5,0.8,0.8,0,0.0
evaluation-2d-07,central_cluster,2,7,44,20070044,SC-RRT,1,5000,5000,3169,3171,14572,1158,8458,2969,710.0,0.046386310015805066,300.0,2362.89344678168,0.8079874747649077,1.1378211519913748,2020.7582487792426,0.9447880815812754,1,,1.2933502319453463,1.2933502319453463,0.9440340940145333,0.9440340940145333,99,0.11594698153009017
evaluation-2d-07,central_cluster,2,7,45,20070045,SC-RRT-no-SSFOR,1,5000,5000,3124,3126,13677,1207,7818,2613,690.0,0.046135781973134726,275.0,2486.734628800896,0.7677491144780049,1.0000732640037313,2204.23371175157,0.8661460438723455,1,,1.5,1.5,0.8,0.8,0,0.0
evaluation-2d-07,central_cluster,2,7,45,20070045,SC-RRT,1,5000,5000,3251,3253,15569,1294,8950,2297,690.0,0.04400063102366403,275.0,2486.734628800896,0.7677491144780049,1.1842529250425287,2248.021109409083,0.8492750807422487,1,,1.2930305653190044,1.2930305653190044,0.9442607411322692,0.9442607411322692,99,0.0397034323219671
evaluation-2d-07,central_cluster,2,7,45,20070045,SC-RRT-no-ADCS,1,5000,5000,3539,3541,15335,1242,8028,2671,690.0,0.043571201036684215,275.0,2486.734628800896,0.7677491144780049,1.0392890280345455,2228.369337362417,0.8567647549231971,1,,4.0,4.0,0.0,0.0,0,0.0
evaluation-2d-07,central_cluster,2,7,46,20070046,SC-RRT,1,5000,5000,2972,2974,13970,1309,8098,2668,334.0,0.02109644399024546,147.0,2148.120187533637,0.8887716433574938,1.0368931230041198,2012.432192020832,0.9486969631938362,1,,1.2846733894459,1.2846733894459,0.95,0.95,99,0.0375639952925839
evaluation-2d-07,central_cluster,2,7,46,20070046,SC-RRT-no-ADCS,1,5000,5000,3572,3574,15540,1163,8295,2764,334.0,0.021052061987575144,147.0,2148.120187533637,0.8887716433574938,1.05219069798477,2081.9476179859143,0.9170203384130461,1,,4.0,4.0,0.0,0.0,0,0.0
evaluation-2d-07,central_cluster,2,7,46,20070046,SC-RRT-no-SSFOR,1,5000,5000,2830,2832,12573,1217,7634,2598,334.0,0.021102180995512754,147.0,2148.120187533637,0.8887716433574938,0.9230188569636084,2017.6387009862601,0.9462488543020268,1,,1.5,1.5,0.8,0.8,0,0.0
evaluation-2d-07,central_cluster,2,7,47,20070047,SC-RRT-no-ADCS,1,5000,5000,3516,3518,15488,1281,8234,3105,713.0,0.050074081984348595,271.0,2902.3588729594376,0.6578057341533865,1.1121107109938748,2217.841133632169,0.8608318604304138,1,,4.0,4.0,0.0,0.0,0,0.0
evaluation-2d-07,central_cluster,2,7,47,20070047,SC-RRT-no-SSFOR,1,5000,5000,3062,3064,13819,1301,7985,2939,713.0,0.04504749004263431,271.0,2902.3588729594376,0.6578057341533865,0.9924723540316336,2076.585991940432,0.919388032382742,1,,1.5,1.5,0.8,0.8,0,0.0
evaluation-2d-07,central_cluster,2,7,47,20070047,SC-RRT,1,5000,5000,3115,3117,14073,1297,7960,2665,713.0,0.049517926992848516,271.0,2902.3588729594376,0.6578057341533865,1.0579785269801505,2218.9592795935496,0.8603980824530442,1,,1.2882958044248065,1.2882958044248065,0.9476166713619255,0.9476166713619255,99,0.09372031872245534
evaluation-2d-07,central_cluster,2,7,48,20070048,SC-RRT-no-SSFOR,1,5000,5000,2950,2952,13067,1321,7400,2499,532.0,0.034248554962687194,212.0,2329.824122454184,0.8194559798756752,0.9613301180070266,2101.0704810606708,0.9086740908567114,1,,1.5,1.5,0.8,0.8,0,0.0
evaluation-2d-07,central_cluster,2,7,48,20070048,SC-RRT,1,5000,5000,3000,3002,15028,1568,8490,2978,532.0,0.033047545002773404,212.0,2329.824122454184,0.8194559798756752,1.076115589006804,2102.3859951836666,0.9081055113463546,1,,1.2867727459129403,1.2867727459129403,0.9486957352416996,0.9486957352416996,99,0.050866949345057054
evaluation-2d-07,central_cluster,2,7,48,20070048,SC-RRT-no-ADCS,1,5000,5000,3292,3294,14582,1407,7565,2489,532.0,0.03251134301535785,212.0,2329.824122454184,0.8194559798756752,1.0242837140103802,2120.2304948430933,0.900462621326917,1,,4.0,4.0,0.0,0.0,0,0.0
evaluation-2d-07,central_cluster,2,7,49,20070049,SC-RRT,1,5000,5000,2895,2897,13390,1531,7685,2565,688.0,0.04445598501479253,281.0,2335.6946133761103,0.8173963746245311,0.9649533240008168,2253.838157202532,0.8470831426393838,1,,1.3087418904213672,1.3087418904213672,0.9331130610752935,0.9331130610752935,99,0.03351439107805431
evaluation-2d-07,central_cluster,2,7,49,20070049,SC-RRT-no-ADCS,1,5000,5000,3188,3190,13885,1570,7140,2431,688.0,0.044395036005880684,281.0,2335.6946133761103,0.8173963746245311,0.9382546730339527,2154.4859325110724,0.8861456370608567,1,,4.0,4.0,0.0,0.0,0,0.0
evaluation-2d-07,central_cluster,2,7,49,20070049,SC-RRT-no-SSFOR,1,5000,5000,3111,3113,14049,1285,8368,2875,688.0,0.04515858495142311,281.0,2335.6946133761103,0.8173963746245311,1.0409696329734288,2115.3495595763266,0.9025403392837166,1,,1.5,1.5,0.8,0.8,0,0.0
evaluation-2d-08,slab_clutter,2,8,0,20080000,SC-RRT-no-ADCS,1,5000,5000,3788,3790,17450,976,9910,3089,317.0,0.022337853035423905,179.0,2171.8675325940117,0.8790537546842936,1.1980085180257447,2037.2362101985332,0.9371462669111029,1,,4.0,4.0,0.0,0.0,0,0.0
evaluation-2d-08,slab_clutter,2,8,0,20080000,SC-RRT-no-SSFOR,1,5000,5000,3177,3179,14499,933,9019,3507,317.0,0.02179574203910306,179.0,2171.8675325940117,0.8790537546842936,1.0299121380085126,2034.0197702247542,0.9386281968108489,1,,1.5,1.5,0.8,0.8,0,0.0
evaluation-2d-08,slab_clutter,2,8,0,20080000,SC-RRT,1,5000,5000,3572,3574,16792,943,9910,3152,317.0,0.02240865398198366,179.0,2171.8675325940117,0.8790537546842936,1.3088125939830206,2028.2567893502987,0.9412951650048409,1,,1.2869627830957748,1.2869627830957748,0.948561109765223,0.948561109765223,99,0.04267544028408908
evaluation-2d-08,slab_clutter,2,8,1,20080001,SC-RRT-no-SSFOR,1,5000,5000,3076,3078,13757,1209,8095,3031,618.0,0.04939443897455931,247.0,2228.4941166050835,0.8567167824127623,1.0227181579684839,2043.9131218626544,0.9340848633839196,1,,1.5,1.5,0.8,0.8,0,0.0
evaluation-2d-08,slab_clutter,2,8,1,20080001,SC-RRT,1,5000,5000,3357,3359,15890,1171,9197,3101,618.0,0.03916360897710547,247.0,2228.4941166050835,0.8567167824127623,1.2370300029870123,2033.3640351660154,0.938930892936641,1,,1.28915938260908,1.28915938260908,0.9470047360306306,0.9470047360306306,99,0.06903267526646069
evaluation-2d-08,slab_clutter,2,8,1,20080001,SC-RRT-no-ADCS,1,5000,5000,3628,3630,15465,1117,8143,2825,618.0,0.04070253897225484,247.0,2228.4941166050835,0.8567167824127623,1.13814445695607,2091.704582479363,0.9127428056502402,1,,4.0,4.0,0.0,0.0,0,0.0
evaluation-2d-08,slab_clutter,2,8,2,20080002,SC-RRT,1,5000,5000,3411,3413,15786,1006,9211,3262,317.0,0.02277619595406577,167.0,2206.9132942364263,0.8650943896118228,1.2174072729540057,2045.838431349859,0.9332058093873923,1,,1.28731789192434,1.28731789192434,0.9483095347848269,0.9483095347848269,99,0.04213514852889292
evaluation-2d-08,slab_clutter,2,8,2,20080002,SC-RRT-no-ADCS,1,5000,5000,3769,3771,16687,973,9152,2970,317.0,0.02259512199088931,167.0,2206.9132942364263,0.8650943896118228,1.1950291529647075,2065.4685184170044,0.924336678182294,1,,4.0,4.0,0.0,0.0,0,0.0
evaluation-2d-08,slab_clutter,2,8,2,20080002,SC-RRT-no-SSFOR,1,5000,5000,3338,3340,15562,975,9593,3639,317.0,0.02161305700428784,167.0,2206.9132942364263,0.8650943896118228,1.173296084976755,2095.671651576816,0.9110149997816571,1,,1.5,1.5,0.8,0.8,0,0.0
evaluation-2d-08,slab_clutter,2,8,3,20080003,SC-RRT-no-ADCS,1,5000,5000,3660,3662,15869,1119,8403,2879,422.0,0.0277846860117279,195.0,2091.2478555108673,0.9129421479967452,1.1664352740044706,2038.7222827041555,0.9364631590092478,1,,4.0,4.0,0.0,0.0,0,0.0
evaluation-2d-08,slab_clutter,2,8,3,20080003,SC-RRT-no-SSFOR,1,5000,5000,3137,3139,14391,1099,8805,3456,422.0,0.027631391945760697,195.0,2091.2478555108673,0.9129421479967452,1.042946340981871,2038.8485895863912,0.9364051450191226,1,,1.5,1.5,0.8,0.8,0,0.0
evaluation-2d-08,slab_clutter,2,8,3,20080003,SC-RRT,1,5000,5000,3320,3322,15502,1129,8985,3014,422.0,0.028256989957299083,195.0,2091.2478555108673,0.9129421479967452,1.2157937919837423,2025.9261108508556,0.9423780556349366,1,,1.308424901008695,1.308424901008695,0.9333381016476703,0.9333381016476703,99,0.02348164542378817
evaluation-2d-08,slab_clutter,2,8,4,20080004,SC-RRT-no-SSFOR,1,5000,5000,3052,3054,14939,1245,9449,4183,564.0,0.040341158979572356,253.0,2563.87604135242,0.7446492257857363,1.1102795689948834,2091.7458871151694,0.9127247821850554,1,,1.5,1.5,0.8,0.8,0,0.0
evaluation-2d-08,slab_clutter,2,8,4,20080004,SC-RRT,1,5000,5000,3102,3104,14658,1413,8661,3218,564.0,0.03692530398257077,253.0,2563.87604135242,0.7446492257857363,1.0980746740242466,2074.0055554214096,0.9205319167121312,1,,1.2851469004250244,1.2851469004250244,0.949847354709048,0.949847354709048,99,0.04564554581602701
evaluation-2d-08,slab_clutter,2,8,4,20080004,SC-RRT-no-ADCS,1,5000,5000,3291,3293,14744,1489,7916,3134,564.0,0.03661330294562504,253.0,2563.87604135242,0.7446492257857363,1.0228806709637865,2102.2616300303953,0.908159232862027,1,,4.0,4.0,0.0,0.0,0,0.0
evaluation-2d-08,slab_clutter,2,8,5,20080005,SC-RRT,1,5000,5000,3174,3176,14464,1137,8386,2921,190.0,0.013974778994452208,128.0,2179.3966098419505,0.8760169216479291,1.0361444820300676,2039.2324066289275,0.9362288981861434,1,,1.2852054975610225,1.2852054975610225,0.9498058541122452,0.9498058541122452,99,0.02929205016700054
evaluation-2d-08,slab_clutter,2,8,5,20080005,SC-RRT-no-ADCS,1,5000,5000,3667,3669,15806,1056,8460,2708,190.0,0.013598114950582385,128.0,2179.3966098419505,0.8760169216479291,1.0913299709791318,2064.6960120724098,0.9246825188989236,1,,4.0,4.0,0.0,0.0,0,0.0
evaluation-2d-08,slab_clutter,2,8,5,20080005,SC-RRT-no-SSFOR,1,5000,5000,3326,3328,14762,908,8980,3350,190.0,0.01363206101814285,128.0,2179.3966098419505,0.8760169216479291,1.0945382440113463,2018.6756559960336,0.9457627843942403,1,,1.5,1.5,0.8,0.8,0,0.0
evaluation-2d-08,slab_clutter,2,8,6,20080006,SC-RRT-no-ADCS,1,5000,5000,3445,3447,15684,1339,8624,3378,423.0,0.028799914987757802,218.0,2272.2113972031298,0.8402335766617941,1.011212413024623,2075.5673269680874,0.9198392576320569,1,,4.0,4.0,0.0,0.0,0,0.0
evaluation-2d-08,slab_clutter,2,8,6,20080006,SC-RRT-no-SSFOR,1,5000,5000,3047,3049,13941,1057,8446,3171,423.0,0.028178298962302506,218.0,2272.2113972031298,0.8402335766617941,0.989978700003121,2025.2194686875143,0.9427068713895821,1,,1.5,1.5,0.8,0.8,0,0.0
evaluation-2d-08,slab_clutter,2,8,6,20080006,SC-RRT,1,5000,5000,2982,2984,13934,1454,7949,3064,423.0,0.028963972989004105,218.0,2272.2113972031298,0.8402335766617941,1.0043001230224036,2055.7324574733843,0.9287143870609421,1,,1.2862657155242907,1.2862657155242907,0.9490549054344737,0.9490549054344737,99,0.04568696524918223
evaluation-2d-08,slab_clutter,2,8,7,20080007,SC-RRT-no-SSFOR,1,5000,5000,3060,3062,13394,1154,7807,2875,560.0,0.035607589001301676,240.0,2527.497619803313,0.7553670057866362,0.9929478099802509,2070.111793617951,0.9222633845619392,1,,1.5,1.5,0.8,0.8,0,0.0
evaluation-2d-08,slab_clutter,2,8,7,20080007,SC-RRT,1,5000,5000,3313,3315,15514,1162,8997,3239,560.0,0.03541974502149969,240.0,2527.497619803313,0.7553670057866362,1.1128547170083039,2032.9989362747242,0.9390995121237412,1,,1.2886963642450233,1.2886963642450233,0.9473328420007819,0.9473328420007819,99,0.07232649467494079
evaluation-2d-08,slab_clutter,2,8,7,20080007,SC-RRT-no-ADCS,1,5000,5000,3639,3641,15845,1134,8474,3122,560.0,0.03541562001919374,240.0,2527.497619803313,0.7553670057866362,1.093014943995513,2136.6280702216886,0.8935520111394905,1,,4.0,4.0,0.0,0.0,0,0.0
evaluation-2d-08,slab_clutter,2,8,8,20080008,SC-RRT,1,5000,5000,3391,3393,15494,1029,8919,3230,171.0,0.012953958008438349,119.0,2135.6486806460553,0.8939617861801734,1.135164299979806,2020.3543986700815,0.9449769359575828,1,,1.354295324224867,1.354295324224867,0.9007846079427455,0.9007846079427455,99,0.014764303254382547
evaluation-2d-08,slab_clutter,2,8,8,20080008,SC-RRT-no-ADCS,1,5000,5000,3712,3714,16418,992,9034,3248,171.0,0.012904422997962683,119.0,2135.6486806460553,0.8939617861801734,1.1116171150351875,2013.3998061576538,0.9482410315947872,1,,4.0,4.0,0.0,0.0,0,0.0
evaluation-2d-08,slab_clutter,2,8,8,20080008,SC-RRT-no-SSFOR,1,5000,5000,3085,3087,14329,1044,8942,3302,171.0,0.012777154974173754,119.0,2135.6486806460553,0.8939617861801734,0.9836030439473689,2018.8429057469707,0.9456844332804982,1,,1.5,1.5,0.8,0.8,0,0.0
evaluation-2d-08,slab_clutter,2,8,9,20080009,SC-RRT-no-ADCS,1,5000,5000,3628,3630,15695,1045,8469,3124,384.0,0.024909181986004114,201.0,2412.1348582272885,0.791493188157302,1.088586911035236,2063.596895337145,0.9251750249855655,1,,4.0,4.0,0.0,0.0,0,0.0
evaluation-2d-08,slab_clutter,2,8,9,20080009,SC-RRT-no-SSFOR,1,5000,5000,3183,3185,14336,1077,8348,2977,384.0,0.025203227007295936,201.0,2412.1348582272885,0.791493188157302,1.087055362004321,2075.4951552450043,0.9198712434374755,1,,1.5,1.5,0.8,0.8,0,0.0
evaluation-2d-08,slab_clutter,2,8,9,20080009,SC-RRT,1,5000,5000,3256,3258,14261,971,8238,2830,384.0,0.02524011500645429,201.0,2412.1348582272885,0.791493188157302,1.06612466101069,2048.470648121487,0.9320066709056656,1,,1.2872495139084514,1.2872495139084514,0.948357977840707,0.948357977840707,99,0.0504523635744141
evaluation-2d-08,slab_clutter,2,8,10,20080010,SC-RRT-no-SSFOR,1,5000,5000,3290,3292,15360,971,9526,3447,217.0,0.015013588010333478,123.0,2221.722983533028,0.8593277934982015,1.1176515439874493,2019.0277913300563,0.9455978354542509,1,,1.5,1.5,0.8,0.8,0,0.0
evaluation-2d-08,slab_clutter,2,8,10,20080010,SC-RRT,1,5000,5000,3343,3345,15258,1007,8879,3332,217.0,0.015210932993795723,123.0,2221.722983533028,0.8593277934982015,1.1747278859838843,2029.81902630289,0.9405707033306666,1,,1.2855130587009997,1.2855130587009997,0.9495880221210076,0.9495880221210076,99,0.03638191300588703
evaluation-2d-08,slab_clutter,2,8,10,20080010,SC-RRT-no-ADCS,1,5000,5000,3680,3682,16249,1079,8770,3180,217.0,0.014855159970466048,123.0,2221.722983533028,0.8593277934982015,1.1477841309970245,2039.1652323964495,0.9362597394621028,1,,4.0,4.0,0.0,0.0,0,0.0
evaluation-2d-08,slab_clutter,2,8,11,20080011,SC-RRT,1,5000,5000,3165,3167,15602,1298,9298,2896,450.0,0.029627297015395015,215.0,2209.3546656966855,0.8641384467810855,1.0831961540388875,2025.1337157221392,0.9427467896967405,1,,1.290865159452672,1.290865159452672,0.9457958048945643,0.9457958048945643,99,0.041145159148515034
evaluation-2d-08,slab_clutter,2,8,11,20080011,SC-RRT-no-ADCS,1,5000,5000,3592,3594,17163,1168,9900,3059,450.0,0.0294722740072757,215.0,2209.3546656966855,0.8641384467810855,1.107657120039221,2043.3102118528172,0.9343604794459863,1,,4.0,4.0,0.0,0.0,0,0.0
evaluation-2d-08,slab_clutter,2,8,11,20080011,SC-RRT-no-SSFOR,1,5000,5000,3006,3008,14191,1413,8520,3362,450.0,0.029678207996767014,215.0,2209.3546656966855,0.8641384467810855,1.1433842459809966,2079.915671151483,0.9179162096253227,1,,1.5,1.5,0.8,0.8,0,0.0
evaluation-2d-08,slab_clutter,2,8,12,20080012,SC-RRT-no-ADCS,1,5000,5000,3599,3601,16044,1128,8768,2792,279.0,0.021049146016594023,149.0,2204.9449317611675,0.8658666625650111,1.1350117880501784,2040.5803217099083,0.9356104677143364,1,,4.0,4.0,0.0,0.0,0,0.0
evaluation-2d-08,slab_clutter,2,8,12,20080012,SC-RRT-no-SSFOR,1,5000,5000,3088,3090,14024,1034,8519,3115,279.0,0.019075296993833035,149.0,2204.9449317611675,0.8658666625650111,1.0044724310282618,2011.023389703488,0.9493615633606208,1,,1.5,1.5,0.8,0.8,0,0.0
evaluation-2d-08,slab_clutter,2,8,12,20080012,SC-RRT,1,5000,5000,3281,3283,15620,1161,9157,2859,279.0,0.019224295974709094,149.0,2204.9449317611675,0.8658666625650111,1.195236446976196,2025.3400507059257,0.9426507457541448,1,,1.3038086293366382,1.3038086293366382,0.9366148725572357,0.9366148725572357,99,0.02233506762353331
evaluation-2d-08,slab_clutter,2,8,13,20080013,SC-RRT-no-SSFOR,1,5000,5000,2872,2874,13230,1555,7628,2788,919.0,0.06047960801515728,332.0,2195.002604779714,0.869788630339817,0.94856399303535,2053.899038401506,0.9295434067146493,1,,1.5,1.5,0.8,0.8,0,0.0
evaluation-2d-08,slab_clutter,2,8,13,20080013,SC-RRT,1,5000,5000,2758,2760,13050,1563,7588,2668,919.0,0.06099813798209652,332.0,2195.002604779714,0.869788630339817,0.933848307991866,2043.827981552692,0.9341237748165439,1,,1.2884181939886847,1.2884181939886847,0.9475299500403731,0.9475299500403731,99,0.07550226031112334
evaluation-2d-08,slab_clutter,2,8,13,20080013,SC-RRT-no-ADCS,1,5000,5000,3261,3263,15255,1552,8352,2961,919.0,0.061827235971577466,332.0,2195.002604779714,0.869788630339817,1.1375491960207,2024.9108902142616,0.9428505315617427,1,,4.0,4.0,0.0,0.0,0,0.0
evaluation-2d-08,slab_clutter,2,8,14,20080014,SC-RRT,1,5000,5000,3376,3378,15710,1051,9184,2986,396.0,0.0317798710311763,200.0,2158.3259473050634,0.8845690390682351,1.2289914059801959,2049.0904244840685,0.9317247723142255,1,,1.335084797824556,1.335084797824556,0.9144084288712917,0.9144084288712917,99,0.017766292298536036
evaluation-2d-08,slab_clutter,2,8,14,20080014,SC-RRT-no-ADCS,1,5000,5000,3613,3615,15905,1136,8567,2765,396.0,0.02712664700811729,200.0,2158.3259473050634,0.8845690390682351,1.1677473229938187,2035.0709953283044,0.9381433441813078,1,,4.0,4.0,0.0,0.0,0,0.0
evaluation-2d-08,slab_clutter,2,8,14,20080014,SC-RRT-no-SSFOR,1,5000,5000,3064,3066,13627,1073,8222,3097,396.0,0.028514688019640744,200.0,2158.3259473050634,0.8845690390682351,1.049983627977781,2016.453287095875,0.9468051263182589,1,,1.5,1.5,0.8,0.8,0,0.0
evaluation-2d-08,slab_clutter,2,8,15,20080015,SC-RRT-no-ADCS,1,5000,5000,3363,3365,14571,1375,7633,2609,194.0,0.013965142017696053,128.0,2098.8915102576602,0.9096174337135253,1.070045080035925,2043.2430069303457,0.9343912117785423,1,,4.0,4.0,0.0,0.0,0,0.0
evaluation-2d-08,slab_clutter,2,8,15,20080015,SC-RRT-no-SSFOR,1,5000,5000,3195,3197,14326,865,8772,3458,194.0,0.014097397972363979,128.0,2098.8915102576602,0.9096174337135253,1.0662739590043202,2020.2489674904225,0.9450262516779281,1,,1.5,1.5,0.8,0.8,0,0.0
evaluation-2d-08,slab_clutter,2,8,15,20080015,SC-RRT,1,5000,5000,3086,3088,14498,1447,8381,3053,194.0,0.014979233033955097,128.0,2098.8915102576602,0.9096174337135253,1.106681548000779,2028.8724207990124,0.9410095428532662,1,,1.3624663834855186,1.3624663834855186,0.8949999507627187,0.8949999507627187,99,0.01595801025834593
evaluation-2d-08,slab_clutter,2,8,16,20080016,SC-RRT-no-SSFOR,1,5000,5000,3066,3068,14360,1026,8949,3560,212.0,0.014579258975572884,118.0,2126.6102275419935,0.8977612749518191,1.0240476179751568,2015.7378634105903,0.9471411654555953,1,,1.5,1.5,0.8,0.8,0,0.0
evaluation-2d-08,slab_clutter,2,8,16,20080016,SC-RRT,1,5000,5000,3349,3351,16286,1033,9763,3670,212.0,0.014553111977875233,118.0,2126.6102275419935,0.8977612749518191,1.2697408859967254,2012.0380635424647,0.9488827988881555,1,,1.2879650726548575,1.2879650726548575,0.9478510098187632,0.9478510098187632,99,0.032582368740366775
evaluation-2d-08,slab_clutter,2,8,16,20080016,SC-RRT-no-ADCS,1,5000,5000,3724,3726,16496,1013,8962,3340,212.0,0.015426596975885332,118.0,2126.6102275419935,0.8977612749518191,1.232899964961689,2060.6223886358075,0.9265105143633895,1,,4.0,4.0,0.0,0.0,0,0.0
evaluation-2d-08,slab_clutter,2,8,17,20080017,SC-RRT,1,5000,5000,3548,3550,16378,975,9505,3301,364.0,0.02823032601736486,200.0,2260.105879122573,0.8447340130564462,1.3087233870173804,2024.1108325704515,0.9432232062011984,1,,1.2858419486682477,1.2858419486682477,0.949355072521562,0.949355072521562,99,0.04160122819932339
evaluation-2d-08,slab_clutter,2,8,17,20080017,SC-RRT-no-ADCS,1,5000,5000,3836,3838,17106,932,9473,3491,364.0,0.027607718016952276,200.0,2260.105879122573,0.8447340130564462,1.3085255860351026,2054.22096388218,0.9293977341150238,1,,4.0,4.0,0.0,0.0,0,0.0
evaluation-2d-08,slab_clutter,2,8,17,20080017,SC-RRT-no-SSFOR,1,5000,5000,3124,3126,13983,1013,8457,3213,364.0,0.030256048019509763,200.0,2260.105879122573,0.8447340130564462,1.0657096350332722,2024.3203442085542,0.9431255851702222,1,,1.5,1.5,0.8,0.8,0,0.0
evaluation-2d-08,slab_clutter,2,8,18,20080018,SC-RRT-no-ADCS,1,5000,5000,3631,3633,15785,1115,8443,2927,478.0,0.033589738013688475,199.0,2329.7872414404133,0.8194689520332785,1.1855912460014224,2116.2893816779056,0.9021395305069164,1,,4.0,4.0,0.0,0.0,0,0.0
evaluation-2d-08,slab_clutter,2,8,18,20080018,SC-RRT-no-SSFOR,1,5000,5000,3031,3033,13791,1129,8409,3192,478.0,0.03304391697747633,199.0,2329.7872414404133,0.8194689520332785,1.0038335899589583,2036.3478201259034,0.937555112311627,1,,1.5,1.5,0.8,0.8,0,0.0
evaluation-2d-08,slab_clutter,2,8,18,20080018,SC-RRT,1,5000,5000,3218,3220,14618,1150,8379,2809,478.0,0.032232558995019644,199.0,2329.7872414404133,0.8194689520332785,1.0683147989911959,2076.0335335550217,0.9196326929914105,1,,1.2879460355032966,1.2879460355032966,0.9478644981702176,0.9478644981702176,99,0.08095344204788624
evaluation-2d-08,slab_clutter,2,8,19,20080019,SC-RRT-no-SSFOR,1,5000,5000,3014,3016,14321,1312,8692,3407,670.0,0.042603607987985015,263.0,2292.8333124351057,0.8326764526881473,0.9870647100033239,2022.1288876011197,0.9441476855951431,1,,1.5,1.5,0.8,0.8,0,0.0
evaluation-2d-08,slab_clutter,2,8,19,20080019,SC-RRT,1,5000,5000,3192,3194,15029,1239,8708,2820,670.0,0.04360835294937715,263.0,2292.8333124351057,0.8326764526881473,1.1375689559499733,2081.906434569842,0.9170384785318892,1,,1.3154871769520742,1.3154871769520742,0.9283236934411605,0.9283236934411605,99,0.03541181545248441
evaluation-2d-08,slab_clutter,2,8,19,20080019,SC-RRT-no-ADCS,1,5000,5000,3596,3598,15809,1196,8413,2799,670.0,0.04368424299173057,263.0,2292.8333124351057,0.8326764526881473,1.1106771099730395,2095.135817955079,0.9112479930141754,1,,4.0,4.0,0.0,0.0,0,0.0
evaluation-2d-08,slab_clutter,2,8,20,20080020,SC-RRT,1,5000,5000,2880,2882,13735,1554,7743,2489,776.0,0.05139223602600396,278.0,2095.9048346078866,0.9109136434435773,0.9988328029867262,2022.0626688178122,0.9441786046719683,1,,1.3143273007413345,1.3143273007413345,0.9291473152046051,0.9291473152046051,99,0.03883537442354893
evaluation-2d-08,slab_clutter,2,8,20,20080020,SC-RRT-no-ADCS,1,5000,5000,3331,3333,14357,1436,7341,2461,776.0,0.05058710201410577,278.0,2095.9048346078866,0.9109136434435773,1.0214309899602085,2026.4758219993516,0.9421224218308434,1,,4.0,4.0,0.0,0.0,0,0.0
evaluation-2d-08,slab_clutter,2,8,20,20080020,SC-RRT-no-SSFOR,1,5000,5000,2836,2838,13077,1453,7748,2875,776.0,0.05157673102803528,278.0,2095.9048346078866,0.9109136434435773,0.9762613690108992,2030.5995017566102,0.940209188248149,1,,1.5,1.5,0.8,0.8,0,0.0
evaluation-2d-08,slab_clutter,2,8,21,20080021,SC-RRT-no-ADCS,1,5000,5000,3833,3835,16496,905,8867,3273,277.0,0.020460879954043776,155.0,2139.5657688682727,0.8923251329701105,1.3012798649724573,2024.7484021575317,0.9429261962470424,1,,4.0,4.0,0.0,0.0,0,0.0
evaluation-2d-08,slab_clutter,2,8,21,20080021,SC-RRT-no-SSFOR,1,5000,5000,3281,3283,15118,839,9307,3601,277.0,0.02001762599684298,155.0,2139.5657688682727,0.8923251329701105,1.2071164660155773,2017.3312087843008,0.9463930865146372,1,,1.5,1.5,0.8,0.8,0,0.0
evaluation-2d-08,slab_clutter,2,8,21,20080021,SC-RRT,1,5000,5000,3517,3519,16170,946,9371,3401,277.0,0.020286332990508527,155.0,2139.5657688682727,0.8923251329701105,1.3088353209896013,2013.2519287358043,0.9483106818144357,1,,1.28493946103192,1.28493946103192,0.9499942677123854,0.9499942677123854,99,0.042025850558394764
evaluation-2d-08,slab_clutter,2,8,22,20080022,SC-RRT-no-SSFOR,1,5000,5000,3095,3097,13820,1060,8376,3122,386.0,0.027619433007203043,194.0,2302.2477584684257,0.8292714379592964,1.0932030819822103,2029.197018445463,0.9408590155855238,1,,1.5,1.5,0.8,0.8,0,0.0
evaluation-2d-08,slab_clutter,2,8,22,20080022,SC-RRT,1,5000,5000,3364,3366,15455,1099,8834,3035,386.0,0.026339716976508498,194.0,2302.2477584684257,0.8292714379592964,1.1518341670162044,2031.8962319433224,0.9396091587697443,1,,1.2895532430036927,1.2895532430036927,0.9467256207227083,0.9467256207227083,99,0.06357804452437776
evaluation-2d-08,slab_clutter,2,8,22,20080022,SC-RRT-no-ADCS,1,5000,5000,3776,3778,16640,1024,8964,3133,386.0,0.025968299014493823,194.0,2302.2477584684257,0.8292714379592964,1.2925495560048148,2059.1099093534913,0.927191064707719,1,,4.0,4.0,0.0,0.0,0,0.0
evaluation-2d-08,slab_clutter,2,8,23,20080023,SC-RRT,1,5000,5000,3185,3187,14303,1135,8144,2856,233.0,0.017948694992810488,137.0,2249.8966495802088,0.8485671150983309,1.125312871998176,2017.5758689464906,0.946278322708425,1,,1.2749977736137037,1.2749977736137037,0.95,0.95,99,0.059476701485852115
evaluation-2d-08,slab_clutter,2,8,23,20080023,SC-RRT-no-ADCS,1,5000,5000,3637,3639,15587,1043,8322,2834,233.0,0.016741895000450313,137.0,2249.8966495802088,0.8485671150983309,1.1512767910026014,2072.988056483669,0.9209837477028989,1,,4.0,4.0,0.0,0.0,0,0.0
evaluation-2d-08,slab_clutter,2,8,23,20080023,SC-RRT-no-SSFOR,1,5000,5000,3108,3110,13684,941,8204,2809,233.0,0.016811138950288296,137.0,2249.8966495802088,0.8485671150983309,1.0695975259877741,2004.9259009931895,0.9522488129151879,1,,1.5,1.5,0.8,0.8,0,0.0
evaluation-2d-08,slab_clutter,2,8,24,20080024,SC-RRT-no-ADCS,1,5000,5000,3748,3750,16358,1010,8796,3028,349.0,0.024219609971623868,173.0,2578.060457195811,0.7405521867707969,1.278087835002225,2109.44719876812,0.9050657017244189,1,,4.0,4.0,0.0,0.0,0,0.0
evaluation-2d-08,slab_clutter,2,8,24,20080024,SC-RRT-no-SSFOR,1,5000,5000,3221,3223,14877,1037,8991,2998,349.0,0.0238011340261437,173.0,2578.060457195811,0.7405521867707969,1.302792638016399,2113.9537297142406,0.9031362807840444,1,,1.5,1.5,0.8,0.8,0,0.0
evaluation-2d-08,slab_clutter,2,8,24,20080024,SC-RRT,1,5000,5000,3558,3560,15932,919,9062,2992,349.0,0.023711175948847085,173.0,2578.060457195811,0.7405521867707969,1.4120450019836426,2214.1960906414515,0.8622489748189318,1,,1.2870763719668963,1.2870763719668963,0.9484806397437783,0.9484806397437783,99,0.042839809311343686
evaluation-2d-08,slab_clutter,2,8,25,20080025,SC-RRT-no-SSFOR,1,5000,5000,3141,3143,13847,987,8191,2735,443.0,0.03148823499213904,220.0,2179.850563762362,0.8758344911077169,1.062674946966581,2022.6892701468005,0.943886111120328,1,,1.5,1.5,0.8,0.8,0,0.0
evaluation-2d-08,slab_clutter,2,8,25,20080025,SC-RRT,1,5000,5000,3585,3587,16169,843,9393,2664,443.0,0.030285336019005626,220.0,2179.850563762362,0.8758344911077169,1.3188195960246958,2033.2035108591097,0.939005022865109,1,,1.286492636877932,1.286492636877932,0.9488941622265921,0.9488941622265921,99,0.039169521640520705
evaluation-2d-08,slab_clutter,2,8,25,20080025,SC-RRT-no-ADCS,1,5000,5000,3818,3820,16874,922,9270,3456,443.0,0.034007092006504536,220.0,2179.850563762362,0.8758344911077169,1.2779071559780277,2032.407658753327,0.9393727193366161,1,,4.0,4.0,0.0,0.0,0,0.0
evaluation-2d-08,slab_clutter,2,8,26,20080026,SC-RRT,1,5000,5000,3163,3165,14513,1091,8518,2910,471.0,0.030024489969946444,199.0,2381.913441322189,0.8015355537621454,1.1686472810106352,2024.6286008929828,0.9429819910484379,1,,1.2852409516357268,1.2852409516357268,0.9497807440804911,0.9497807440804911,99,0.058818244070153014
evaluation-2d-08,slab_clutter,2,8,26,20080026,SC-RRT-no-ADCS,1,5000,5000,3621,3623,15926,1130,8570,2850,471.0,0.030469005985651165,199.0,2381.913441322189,0.8015355537621454,1.2196723229717463,2057.8722850630766,0.9277486863793197,1,,4.0,4.0,0.0,0.0,0,0.0
evaluation-2d-08,slab_clutter,2,8,26,20080026,SC-RRT-no-SSFOR,1,5000,5000,3055,3057,13657,1132,8163,3020,471.0,0.03155928599881008,199.0,2381.913441322189,0.8015355537621454,1.0495887469733134,2060.0966083730955,0.9267469794590881,1,,1.5,1.5,0.8,0.8,0,0.0
evaluation-2d-08,slab_clutter,2,8,27,20080027,SC-RRT-no-ADCS,1,5000,5000,3775,3777,16712,994,9161,3190,320.0,0.02345734601840377,187.0,2150.262787334733,0.8878860390688023,1.2752988360007294,2055.8081398912527,0.9286801974160243,1,,4.0,4.0,0.0,0.0,0,0.0
evaluation-2d-08,slab_clutter,2,8,27,20080027,SC-RRT-no-SSFOR,1,5000,5000,3395,3397,16245,903,10084,3605,320.0,0.02458835596917197,187.0,2150.262787334733,0.8878860390688023,1.3592817430035211,2039.678656687893,0.9360240658221576,1,,1.5,1.5,0.8,0.8,0,0.0
evaluation-2d-08,slab_clutter,2,8,27,20080027,SC-RRT,1,5000,5000,3491,3493,16833,1088,9857,3595,320.0,0.04690526000922546,187.0,2150.262787334733,0.8878860390688023,1.4231411600485444,2041.6939747793353,0.9351001339023013,1,,1.2861043529052565,1.2861043529052565,0.949169205793257,0.949169205793257,99,0.03740813085156407
evaluation-2d-08,slab_clutter,2,8,28,20080028,SC-RRT-no-SSFOR,1,5000,5000,3150,3152,14292,961,8641,3282,140.0,0.011436930974014103,108.0,2200.0418867124845,0.8677963454852999,1.1805818550055847,2039.2184561372487,0.9362353030190411,1,,1.5,1.5,0.8,0.8,0,0.0
evaluation-2d-08,slab_clutter,2,8,28,20080028,SC-RRT,1,5000,5000,3715,3717,17605,798,10509,3186,140.0,0.01170969003578648,108.0,2200.0418867124845,0.8677963454852999,1.50947976304451,2082.2119043720454,0.9169039448842515,1,,1.2829482006763069,1.2829482006763069,0.95,0.95,99,0.03565671063233998
evaluation-2d-08,slab_clutter,2,8,28,20080028,SC-RRT-no-ADCS,1,5000,5000,3807,3809,17315,888,9804,3205,140.0,0.01092714403057471,108.0,2200.0418867124845,0.8677963454852999,1.281847211997956,2050.741751814403,0.930974515691464,1,,4.0,4.0,0.0,0.0,0,0.0
evaluation-2d-08,slab_clutter,2,8,29,20080029,SC-RRT,1,5000,5000,3440,3442,16553,976,9917,3325,203.0,0.01508186396677047,127.0,2093.4608729338483,0.9119770681589457,1.2425964819849469,2026.4846690054562,0.9421183088153616,1,,1.2952605765838994,1.2952605765838994,0.9426794646330745,0.9426794646330745,99,0.0241761138918635
evaluation-2d-08,slab_clutter,2,8,29,20080029,SC-RRT-no-ADCS,1,5000,5000,3778,3780,17442,922,9966,3292,203.0,0.015271276992280036,127.0,2093.4608729338483,0.9119770681589457,1.194729661976453,2023.4729634540358,0.9435205429899713,1,,4.0,4.0,0.0,0.0,0,0.0
evaluation-2d-08,slab_clutter,2,8,29,20080029,SC-RRT-no-SSFOR,1,5000,5000,3109,3111,13955,995,8608,3198,203.0,0.014587983023375273,127.0,2093.4608729338483,0.9119770681589457,0.9732127580209635,2000.1668553149013,0.9545145216912918,1,,1.5,1.5,0.8,0.8,0,0.0
evaluation-2d-08,slab_clutter,2,8,30,20080030,SC-RRT-no-ADCS,1,5000,5000,3749,3751,15766,1022,8225,2698,371.0,0.024328892002813518,187.0,2279.0526094227716,0.8377113811722096,1.1085875399876386,2051.919449755218,0.9304401834250527,1,,4.0,4.0,0.0,0.0,0,0.0
evaluation-2d-08,slab_clutter,2,8,30,20080030,SC-RRT-no-SSFOR,1,5000,5000,3250,3252,14314,972,8561,3023,371.0,0.024270883994176984,187.0,2279.0526094227716,0.8377113811722096,1.1282710889936425,1999.0154342622955,0.9550643164034567,1,,1.5,1.5,0.8,0.8,0,0.0
evaluation-2d-08,slab_clutter,2,8,30,20080030,SC-RRT,1,5000,5000,3301,3303,15736,1074,9384,3467,371.0,0.02530684700468555,187.0,2279.0526094227716,0.8377113811722096,1.1320838030078448,2022.927958740977,0.943774740446967,1,,1.2855832543718,1.2855832543718,0.9495383041829245,0.9495383041829245,99,0.038282646983419905
evaluation-2d-08,slab_clutter,2,8,31,20080031,SC-RRT-no-SSFOR,1,5000,5000,3189,3191,14432,977,8712,3322,342.0,0.02202146203489974,156.0,2220.654154737465,0.8597413987813832,1.0831272850045934,2027.8948775254948,0.9414631549014679,1,,1.5,1.5,0.8,0.8,0,0.0
evaluation-2d-08,slab_clutter,2,8,31,20080031,SC-RRT,1,5000,5000,3092,3094,14609,1419,8399,2870,342.0,0.02218779199756682,156.0,2220.654154737465,0.8597413987813832,1.1251866749953479,2094.716504296093,0.9114304037267519,1,,1.3271835274394217,1.3271835274394217,0.9200179087112942,0.9200179087112942,99,0.02008077276342738
evaluation-2d-08,slab_clutter,2,8,31,20080031,SC-RRT-no-ADCS,1,5000,5000,3346,3348,14957,1424,7978,3106,342.0,0.022007154999300838,156.0,2220.654154737465,0.8597413987813832,1.0066808270057663,2076.379763602381,0.9194793470204907,1,,4.0,4.0,0.0,0.0,0,0.0
evaluation-2d-08,slab_clutter,2,8,32,20080032,SC-RRT,1,5000,5000,3369,3371,15162,1127,8546,2783,335.0,0.022675678017549217,183.0,2222.139089055338,0.8591668805103018,1.1979959200252779,1973.7381770119098,0.9672956278801097,1,,1.2871627726734391,1.2871627726734391,0.9484194298018556,0.9484194298018556,99,0.05026392268407581
evaluation-2d-08,slab_clutter,2,8,32,20080032,SC-RRT-no-ADCS,1,5000,5000,3709,3711,15876,1058,8393,3075,335.0,0.02313288499135524,183.0,2222.139089055338,0.8591668805103018,1.1457033830229193,2061.422974003523,0.9261506897324486,1,,4.0,4.0,0.0,0.0,0,0.0
evaluation-2d-08,slab_clutter,2,8,32,20080032,SC-RRT-no-SSFOR,1,5000,5000,3062,3064,13732,1093,8270,3044,335.0,0.024906560021918267,183.0,2222.139089055338,0.8591668805103018,1.0639009230071679,2003.8931262828482,0.9527395868387233,1,,1.5,1.5,0.8,0.8,0,0.0
evaluation-2d-08,slab_clutter,2,8,33,20080033,SC-RRT-no-ADCS,1,5000,5000,3615,3617,16101,1149,8772,2970,341.0,0.025025226990692317,165.0,2127.1529260899806,0.8975322299525718,1.1668710800004192,2027.979271621262,0.9414239760337311,1,,4.0,4.0,0.0,0.0,0,0.0
evaluation-2d-08,slab_clutter,2,8,33,20080033,SC-RRT-no-SSFOR,1,5000,5000,3058,3060,14081,1026,8666,3478,341.0,0.02451108500827104,165.0,2127.1529260899806,0.8975322299525718,1.0676838969811797,2020.0054106009286,0.945140195756068,1,,1.5,1.5,0.8,0.8,0,0.0
evaluation-2d-08,slab_clutter,2,8,33,20080033,SC-RRT,1,5000,5000,3241,3243,14717,1113,8507,2825,341.0,0.025297700020018965,165.0,2127.1529260899806,0.8975322299525718,1.166088143014349,2028.5602800764366,0.941154338845548,1,,1.3332749337828753,1.3332749337828753,0.9156931407329341,0.9156931407329341,99,0.015839477211156305
evaluation-2d-08,slab_clutter,2,8,34,20080034,SC-RRT-no-SSFOR,1,5000,5000,2932,2934,13152,1336,7813,2999,763.0,0.051612549053970724,347.0,2360.1281353504546,0.8089341763302964,0.9276902220444754,2033.0983021970578,0.9390536144467403,1,,1.5,1.5,0.8,0.8,0,0.0
evaluation-2d-08,slab_clutter,2,8,34,20080034,SC-RRT,1,5000,5000,2870,2872,12932,1373,7382,2542,763.0,0.05267425498459488,347.0,2360.1281353504546,0.8089341763302964,0.9661707289633341,2047.3078494244362,0.9325360178443179,1,,1.2890767150117026,1.2890767150117026,0.9470633178125818,0.9470633178125818,99,0.0660057016640013
evaluation-2d-08,slab_clutter,2,8,34,20080034,SC-RRT-no-ADCS,1,5000,5000,3399,3401,14603,1358,7616,2739,763.0,0.05301485798554495,347.0,2360.1281353504546,0.8089341763302964,1.0327554689720273,2058.5391832960286,0.9274481266597913,1,,4.0,4.0,0.0,0.0,0,0.0
evaluation-2d-08,slab_clutter,2,8,35,20080035,SC-RRT,1,5000,5000,3213,3215,15907,1243,9472,3360,374.0,0.024756831000559032,175.0,2151.815810534264,0.8872452278941361,1.2120596810127608,2002.1677045583863,0.9535606357334506,1,,1.285690974920772,1.285690974920772,0.9494620072226373,0.9494620072226373,99,0.0352573586357428
evaluation-2d-08,slab_clutter,2,8,35,20080035,SC-RRT-no-ADCS,1,5000,5000,3612,3614,16674,1125,9370,3330,374.0,0.025393610005266964,175.0,2151.815810534264,0.8872452278941361,1.2153964340104721,2029.0705819345417,0.9409176428862489,1,,4.0,4.0,0.0,0.0,0,0.0
evaluation-2d-08,slab_clutter,2,8,35,20080035,SC-RRT-no-SSFOR,1,5000,5000,3086,3088,13990,1123,8538,3071,374.0,0.02396115195006132,175.0,2151.815810534264,0.8872452278941361,0.974825452954974,1978.8651756840595,0.9647894827113246,1,,1.5,1.5,0.8,0.8,0,0.0
evaluation-2d-08,slab_clutter,2,8,36,20080036,SC-RRT-no-ADCS,1,5000,5000,3710,3712,16341,992,8947,3085,166.0,0.012682897970080376,117.0,2118.9607840466465,0.9010021910635084,1.1260000249603763,2033.9755958292228,0.9386485821750135,1,,4.0,4.0,0.0,0.0,0,0.0
evaluation-2d-08,slab_clutter,2,8,36,20080036,SC-RRT-no-SSFOR,1,5000,5000,3234,3236,15508,973,9899,4171,166.0,0.012582106981426477,117.0,2118.9607840466465,0.9010021910635084,1.1254751869710162,2018.6903889784708,0.945755881945718,1,,1.5,1.5,0.8,0.8,0,0.0
evaluation-2d-08,slab_clutter,2,8,36,20080036,SC-RRT,1,5000,5000,3365,3367,15901,1021,9411,3351,166.0,0.013337848999071866,117.0,2118.9607840466465,0.9010021910635084,1.2374289060244337,2014.065730700609,0.947927508075693,1,,1.2854767715758577,1.2854767715758577,0.9496137232266118,0.9496137232266118,99,0.029891691426242893
evaluation-2d-08,slab_clutter,2,8,37,20080037,SC-RRT-no-SSFOR,1,5000,5000,3028,3030,13446,1150,7958,2934,532.0,0.03980473900446668,269.0,2249.455955946483,0.8487333589069392,0.9848536270437762,2031.5276467897136,0.9397796344148405,1,,1.5,1.5,0.8,0.8,0,0.0
evaluation-2d-08,slab_clutter,2,8,37,20080037,SC-RRT,1,5000,5000,3153,3155,14900,1227,8749,3198,532.0,0.03787488699890673,269.0,2249.455955946483,0.8487333589069392,1.118967809015885,2008.189184652431,0.9507014198635436,1,,1.2887040083572132,1.2887040083572132,0.9473274253687978,0.9473274253687978,99,0.06875186474124016
evaluation-2d-08,slab_clutter,2,8,37,20080037,SC-RRT-no-ADCS,1,5000,5000,3606,3608,16032,1153,8720,3351,532.0,0.03928044700296596,269.0,2249.455955946483,0.8487333589069392,1.1273713540285826,2059.715127547628,0.9269186227111064,1,,4.0,4.0,0.0,0.0,0,0.0
evaluation-2d-08,slab_clutter,2,8,38,20080038,SC-RRT,1,5000,5000,3854,3856,20380,835,12832,3707,180.0,0.014213528018444777,124.0,2187.520339810379,0.8727636833626756,1.6098206660244614,2052.4723455494536,0.9301895410885949,1,,1.304190794419962,1.304190794419962,0.9363436368003434,0.9363436368003434,99,0.021073941962016892
evaluation-2d-08,slab_clutter,2,8,38,20080038,SC-RRT-no-ADCS,1,5000,5000,3944,3946,17533,831,9748,3478,180.0,0.01409743697149679,124.0,2187.520339810379,0.8727636833626756,1.2953635159647092,2050.8393905369553,0.9309301927850188,1,,4.0,4.0,0.0,0.0,0,0.0
evaluation-2d-08,slab_clutter,2,8,38,20080038,SC-RRT-no-SSFOR,1,5000,5000,3180,3182,14137,900,8595,3262,180.0,0.013565864006523043,124.0,2187.520339810379,0.8727636833626756,1.0689327900181524,2031.9563667970624,0.9395813514505229,1,,1.5,1.5,0.8,0.8,0,0.0
evaluation-2d-08,slab_clutter,2,8,39,20080039,SC-RRT-no-ADCS,1,5000,5000,3876,3878,18395,860,10680,3560,203.0,0.015318493999075145,140.0,2117.3187404318223,0.9017009450425512,1.2990925000049174,2087.0854063425113,0.9147629049591283,1,,4.0,4.0,0.0,0.0,0,0.0
evaluation-2d-08,slab_clutter,2,8,39,20080039,SC-RRT-no-SSFOR,1,5000,5000,3218,3220,14786,1037,9245,3504,203.0,0.015426265948917717,140.0,2117.3187404318223,0.9017009450425512,1.1050701539497823,2031.052047765713,0.9399996968585356,1,,1.5,1.5,0.8,0.8,0,0.0
evaluation-2d-08,slab_clutter,2,8,39,20080039,SC-RRT,1,5000,5000,3633,3635,17756,835,10798,3668,203.0,0.016112150042317808,140.0,2117.3187404318223,0.9017009450425512,1.3649897809955291,2039.2965937241715,0.9361994302737058,1,,1.2850922788620611,1.2850922788620611,0.9498860393234958,0.9498860393234958,99,0.02926985032942838
evaluation-2d-08,slab_clutter,2,8,40,20080040,SC-RRT-no-SSFOR,1,5000,5000,3051,3053,13215,1125,7832,2843,425.0,0.039206927991472185,238.0,2384.876499496817,0.8005396965446623,0.9798205789993517,2053.7383897073796,0.9296161179884761,1,,1.5,1.5,0.8,0.8,0,0.0
evaluation-2d-08,slab_clutter,2,8,40,20080040,SC-RRT,1,5000,5000,3459,3461,15676,1033,8965,3017,425.0,0.030744324962142855,238.0,2384.876499496817,0.8005396965446623,1.1970461609889753,2003.59376915217,0.9528819357486624,1,,1.285597353851438,1.285597353851438,0.9495283177897226,0.9495283177897226,99,0.0396893039045984
evaluation-2d-08,slab_clutter,2,8,40,20080040,SC-RRT-no-ADCS,1,5000,5000,3843,3845,16601,928,8981,3391,425.0,0.03214758395915851,238.0,2384.876499496817,0.8005396965446623,1.232384019996971,1991.7112000256063,0.958566838997106,1,,4.0,4.0,0.0,0.0,0,0.0
evaluation-2d-08,slab_clutter,2,8,41,20080041,SC-RRT,1,5000,5000,3564,3566,16874,901,9960,3442,166.0,0.012911486031953245,108.0,2123.7639203515027,0.8989644710075354,1.308327539009042,1999.053282645458,0.9550462340239093,1,,1.2919981285336346,1.2919981285336346,0.9449926905548622,0.9449926905548622,99,0.02907287958054222
evaluation-2d-08,slab_clutter,2,8,41,20080041,SC-RRT-no-ADCS,1,5000,5000,3855,3857,17446,848,9802,3298,166.0,0.012702185020316392,108.0,2123.7639203515027,0.8989644710075354,1.311471656023059,2044.9154143135056,0.9336270321208411,1,,4.0,4.0,0.0,0.0,0,0.0
evaluation-2d-08,slab_clutter,2,8,41,20080041,SC-RRT-no-SSFOR,1,5000,5000,3133,3135,14269,994,8809,3325,166.0,0.013263439992442727,108.0,2123.7639203515027,0.8989644710075354,1.1031946589937434,2048.2485007269515,0.9321077537838212,1,,1.5,1.5,0.8,0.8,0,0.0
evaluation-2d-08,slab_clutter,2,8,42,20080042,SC-RRT-no-ADCS,1,5000,5000,3130,3132,13893,1700,7147,2624,1563.0,0.15163031598785892,528.0,2365.671706143518,0.8070385693186516,1.0624024990247563,2068.5768272435457,0.9229477407168587,1,,4.0,4.0,0.0,0.0,0,0.0
evaluation-2d-08,slab_clutter,2,8,42,20080042,SC-RRT-no-SSFOR,1,5000,5000,2685,2687,11988,1759,6721,2453,1563.0,0.11676505795912817,528.0,2365.671706143518,0.8070385693186516,0.8665157639770769,2126.3172650155702,0.897884967881168,1,,1.5,1.5,0.8,0.8,0,0.0
evaluation-2d-08,slab_clutter,2,8,42,20080042,SC-RRT,1,5000,5000,2578,2580,12531,1723,7383,2700,1563.0,0.11657117900904268,528.0,2365.671706143518,0.8070385693186516,0.934702949016355,2027.8580915902687,0.9414802333167562,1,,1.2557397879303993,1.2557397879303993,0.95,0.95,99,0.19969643300142742
evaluation-2d-08,slab_clutter,2,8,43,20080043,SC-RRT-no-SSFOR,1,5000,5000,3232,3234,14628,858,8991,3306,324.0,0.024090647988487035,175.0,2330.663182471932,0.8191609682437117,1.1890072370297275,1996.976361508382,0.95603951353816,1,,1.5,1.5,0.8,0.8,0,0.0
evaluation-2d-08,slab_clutter,2,8,43,20080043,SC-RRT,1,5000,5000,3566,3568,16419,840,9706,3512,324.0,0.02448023098986596,175.0,2330.663182471932,0.8191609682437117,1.3234116230159998,1977.7252726512638,0.9653455591657037,1,,1.2868433505168468,1.2868433505168468,0.9486457182139619,0.9486457182139619,99,0.05476997306359979
evaluation-2d-08,slab_clutter,2,8,43,20080043,SC-RRT-no-ADCS,1,5000,5000,3876,3878,17178,885,9498,3467,324.0,0.02314549102447927,175.0,2330.663182471932,0.8191609682437117,1.2740678359987214,2040.5619405278417,0.935618895601777,1,,4.0,4.0,0.0,0.0,0,0.0
evaluation-2d-08,slab_clutter,2,8,44,20080044,SC-RRT,1,5000,5000,3157,3159,14921,1275,8723,2935,439.0,0.029741645965259522,213.0,2147.386298378782,0.8890753892977072,1.1879499679780565,2038.0186280929124,0.936786486093217,1,,1.285631723376466,1.285631723376466,0.9495039744189557,0.9495039744189557,99,0.04105349759268429
evaluation-2d-08,slab_clutter,2,8,44,20080044,SC-RRT-no-ADCS,1,5000,5000,3499,3501,15709,1231,8586,3060,439.0,0.030810078023932874,213.0,2147.386298378782,0.8890753892977072,1.1692769119981676,2071.613174404353,0.9215949834614389,1,,4.0,4.0,0.0,0.0,0,0.0
evaluation-2d-08,slab_clutter,2,8,44,20080044,SC-RRT-no-SSFOR,1,5000,5000,3192,3194,14435,998,8771,3297,439.0,0.030088033992797136,213.0,2147.386298378782,0.8890753892977072,1.0856455430039205,2021.899184557939,0.9442549479147728,1,,1.5,1.5,0.8,0.8,0,0.0
evaluation-2d-08,slab_clutter,2,8,45,20080045,SC-RRT-no-ADCS,1,5000,5000,3676,3678,16449,1115,8974,2970,372.0,0.026125347008928657,192.0,2208.43090351435,0.864499906320602,1.2808653429965489,2067.900441283614,0.9232496260886632,1,,4.0,4.0,0.0,0.0,0,0.0
evaluation-2d-08,slab_clutter,2,8,45,20080045,SC-RRT-no-SSFOR,1,5000,5000,3084,3086,14121,1114,8674,3552,372.0,0.026442068978212774,192.0,2208.43090351435,0.864499906320602,1.0839521840098314,2001.2922772167435,0.9539777527442633,1,,1.5,1.5,0.8,0.8,0,0.0
evaluation-2d-08,slab_clutter,2,8,45,20080045,SC-RRT,1,5000,5000,3426,3428,15671,1045,9025,3005,372.0,0.02616481896257028,192.0,2208.43090351435,0.864499906320602,1.30245662399102,2035.6049170928309,0.9378972772036257,1,,1.2861442581043572,1.2861442581043572,0.9491409394138289,0.9491409394138289,99,0.054241208177822645
evaluation-2d-08,slab_clutter,2,8,46,20080046,SC-RRT-no-SSFOR,1,5000,5000,3390,3392,15275,939,9192,3216,421.0,0.030376704991795123,207.0,2308.4923627283742,0.827028211151297,1.3483198520261794,2054.1285746793997,0.9294395359363797,1,,1.5,1.5,0.8,0.8,0,0.0
evaluation-2d-08,slab_clutter,2,8,46,20080046,SC-RRT,1,5000,5000,3255,3257,14864,1188,8502,2940,421.0,0.03151299501769245,207.0,2308.4923627283742,0.827028211151297,1.2118655500235036,2033.1459106628904,0.9390316254189564,1,,1.2875083105465674,1.2875083105465674,0.9481746283748523,0.9481746283748523,99,0.05246875640339724
evaluation-2d-08,slab_clutter,2,8,46,20080046,SC-RRT-no-ADCS,1,5000,5000,3656,3658,15609,1095,8299,2964,421.0,0.03311445500003174,207.0,2308.4923627283742,0.827028211151297,1.1626257940079086,2049.389120696874,0.9315889744522885,1,,4.0,4.0,0.0,0.0,0,0.0
evaluation-2d-08,slab_clutter,2,8,47,20080047,SC-RRT,1,5000,5000,3318,3320,15491,1005,9206,2798,191.0,0.014049181947484612,123.0,2105.20281635061,0.9068904403772721,1.1813110079965554,2006.006944983897,0.951735642779145,1,,1.285095318977934,1.285095318977934,0.9498838862316689,0.9498838862316689,99,0.0289174285411387
evaluation-2d-08,slab_clutter,2,8,47,20080047,SC-RRT-no-ADCS,1,5000,5000,3747,3749,18210,969,10782,2810,191.0,0.014326115022413433,123.0,2105.20281635061,0.9068904403772721,1.2520897980430163,2017.4358815226828,0.946343983811122,1,,4.0,4.0,0.0,0.0,0,0.0
evaluation-2d-08,slab_clutter,2,8,47,20080047,SC-RRT-no-SSFOR,1,5000,5000,3078,3080,13936,1029,8560,2844,191.0,0.0143739819759503,123.0,2105.20281635061,0.9068904403772721,1.0381735039991327,2012.5129354994351,0.948658900783604,1,,1.5,1.5,0.8,0.8,0,0.0
evaluation-2d-08,slab_clutter,2,8,48,20080048,SC-RRT-no-ADCS,1,5000,5000,3580,3582,17506,1124,10277,3601,254.0,0.018546130042523146,139.0,2276.34282413892,0.8387086026578063,1.3389204160193913,2092.174377948373,0.9125378502512135,1,,4.0,4.0,0.0,0.0,0,0.0
evaluation-2d-08,slab_clutter,2,8,48,20080048,SC-RRT-no-SSFOR,1,5000,5000,3068,3070,14150,1057,8600,3055,254.0,0.019494637032039464,139.0,2276.34282413892,0.8387086026578063,1.1458514390396886,2023.4710259369117,0.9435214464312293,1,,1.5,1.5,0.8,0.8,0,0.0
evaluation-2d-08,slab_clutter,2,8,48,20080048,SC-RRT,1,5000,5000,3122,3124,14575,1062,8772,3079,254.0,0.019188867008779198,139.0,2276.34282413892,0.8387086026578063,1.236485822009854,2071.9908522928213,0.9214269971756925,1,,1.2883235842643008,1.2883235842643008,0.9475969875887544,0.9475969875887544,99,0.045067682636034646
evaluation-2d-08,slab_clutter,2,8,49,20080049,SC-RRT-no-SSFOR,1,5000,5000,3292,3294,14218,831,8492,2944,236.0,0.01828311599092558,150.0,2160.5280284592354,0.8836674572397016,1.1529936050064862,2045.3489946268412,0.9334291185607645,1,,1.5,1.5,0.8,0.8,0,0.0
evaluation-2d-08,slab_clutter,2,8,49,20080049,SC-RRT,1,5000,5000,3604,3606,16589,994,9499,3434,236.0,0.019268090021796525,150.0,2160.5280284592354,0.8836674572397016,1.4133573030121624,2033.875659802777,0.9386947033865436,1,,1.2912146697500226,1.2912146697500226,0.9455480639727057,0.9455480639727057,99,0.02266655983255444
evaluation-2d-08,slab_clutter,2,8,49,20080049,SC-RRT-no-ADCS,1,5000,5000,3810,3812,16652,973,9012,3329,236.0,0.01836365897906944,150.0,2160.5280284592354,0.8836674572397016,1.3078220169991255,2041.9935787045854,0.934962934807485,1,,4.0,4.0,0.0,0.0,0,0.0
evaluation-2d-09,uniform_clutter,2,9,0,20090000,SC-RRT,1,5000,5000,3174,3176,14525,1126,8361,2843,196.0,0.01591977698262781,119.0,2141.468773126453,0.8915321732272308,1.181597070011776,2030.733909016331,0.9401469590511107,1,,1.2852858533675735,1.2852858533675735,0.9497489426328807,0.9497489426328807,99,0.02968431128430277
evaluation-2d-09,uniform_clutter,2,9,0,20090000,SC-RRT-no-ADCS,1,5000,5000,3544,3546,15621,1157,8363,3012,196.0,0.014892778999637812,119.0,2141.468773126453,0.8915321732272308,1.28402262495365,1991.4568028686338,0.958689290399646,1,,4.0,4.0,0.0,0.0,0,0.0
evaluation-2d-09,uniform_clutter,2,9,0,20090000,SC-RRT-no-SSFOR,1,5000,5000,3210,3212,14865,890,9173,3398,196.0,0.01560011797118932,119.0,2141.468773126453,0.8915321732272308,1.2619004079606384,1948.8870701864641,0.979630035218517,1,,1.5,1.5,0.8,0.8,0,0.0
evaluation-2d-09,uniform_clutter,2,9,1,20090001,SC-RRT-no-ADCS,1,5000,5000,3564,3566,15817,1125,8512,2748,277.0,0.01984313497086987,126.0,2134.9591370393264,0.8942505156568299,1.229656144976616,1967.3757899416505,0.970423809708618,1,,4.0,4.0,0.0,0.0,0,0.0
evaluation-2d-09,uniform_clutter,2,9,1,20090001,SC-RRT-no-SSFOR,1,5000,5000,3070,3072,14353,912,8997,3355,277.0,0.019230877980589867,126.0,2134.9591370393264,0.8942505156568299,1.185953275009524,1942.4646243530406,0.9828690238513634,1,,1.5,1.5,0.8,0.8,0,0.0
evaluation-2d-09,uniform_clutter,2,9,1,20090001,SC-RRT,1,5000,5000,3455,3457,16594,1088,9605,3090,277.0,0.018436475947964936,126.0,2134.9591370393264,0.8942505156568299,1.5569616879802197,1924.8680583657401,0.9918541174321452,1,,1.286730263206246,1.286730263206246,0.9487258301775355,0.9487258301775355,99,0.0480865384938195
evaluation-2d-09,uniform_clutter,2,9,2,20090002,SC-RRT-no-SSFOR,1,5000,5000,3103,3105,14113,923,8671,2956,105.0,0.009306892054155469,85.0,2008.87736815772,0.9503757369493074,1.140009351016488,1935.4915453863487,0.9864100485246915,1,,1.5,1.5,0.8,0.8,0,0.0
evaluation-2d-09,uniform_clutter,2,9,2,20090002,SC-RRT,1,5000,5000,3409,3411,16495,1040,9686,3485,105.0,0.009286535030696541,85.0,2008.87736815772,0.9503757369493074,1.3811888270429336,1932.9992586338933,0.9876818631337485,1,,1.3614447178889182,1.3614447178889182,0.895722810019161,0.895722810019161,99,0.014208581599640436
evaluation-2d-09,uniform_clutter,2,9,2,20090002,SC-RRT-no-ADCS,1,5000,5000,3685,3687,16645,1000,9179,3293,105.0,0.009132929029874504,85.0,2008.87736815772,0.9503757369493074,1.3131814540247433,1940.386672615111,0.9839215740595735,1,,4.0,4.0,0.0,0.0,0,0.0
evaluation-2d-09,uniform_clutter,2,9,3,20090003,SC-RRT,1,5000,5000,3503,3505,17315,1019,10333,3706,147.0,0.01242646505124867,99.0,1996.9694104662535,0.9560428413161922,1.4133922850014642,1941.4545410805142,0.9833803824946227,1,,1.3612211471862525,1.3612211471862525,0.8958810100912207,0.8958810100912207,99,0.014497585450684757
evaluation-2d-09,uniform_clutter,2,9,3,20090003,SC-RRT-no-ADCS,1,5000,5000,3658,3660,16137,1032,8732,3195,147.0,0.014650228957179934,99.0,1996.9694104662535,0.9560428413161922,1.3424531619530171,1950.7399178403818,0.9786995650949183,1,,4.0,4.0,0.0,0.0,0,0.0
evaluation-2d-09,uniform_clutter,2,9,3,20090003,SC-RRT-no-SSFOR,1,5000,5000,3096,3098,14486,886,9070,3376,147.0,0.012098618026357144,99.0,1996.9694104662535,0.9560428413161922,1.1651279269717634,1944.82100208956,0.9816781632615048,1,,1.5,1.5,0.8,0.8,0,0.0
evaluation-2d-09,uniform_clutter,2,9,4,20090004,SC-RRT-no-ADCS,1,5000,5000,3492,3494,15075,1245,7843,2632,625.0,0.04065191000699997,215.0,2071.0977232216715,0.9218243484106887,1.145356499007903,1959.6451319926657,0.9742520612710729,1,,4.0,4.0,0.0,0.0,0,0.0
evaluation-2d-09,uniform_clutter,2,9,4,20090004,SC-RRT-no-SSFOR,1,5000,5000,3206,3208,17351,1211,11209,2838,625.0,0.04024524800479412,215.0,2071.0977232216715,0.9218243484106887,1.4573267390369438,1933.738479453565,0.9873042965681563,1,,1.5,1.5,0.8,0.8,0,0.0
evaluation-2d-09,uniform_clutter,2,9,4,20090004,SC-RRT,1,5000,5000,3233,3235,15344,1231,8826,3063,625.0,0.041825452994089574,215.0,2071.0977232216715,0.9218243484106887,1.2607533590053208,1936.244057836906,0.9860266847437336,1,,1.2857112706118303,1.2857112706118303,0.9494476319279587,0.9494476319279587,99,0.049325683172595
evaluation-2d-09,uniform_clutter,2,9,5,20090005,SC-RRT-no-SSFOR,1,5000,5000,2838,2840,13453,1675,7792,2436,1302.0,0.08927075797691941,384.0,2227.459514025927,0.8571147072177294,1.0553249539807439,1948.851215590771,0.979648058266434,1,,1.5,1.5,0.8,0.8,0,0.0
evaluation-2d-09,uniform_clutter,2,9,5,20090005,SC-RRT,1,5000,5000,2786,2788,13863,1734,7898,2834,1302.0,0.0853484399849549,384.0,2227.459514025927,0.8571147072177294,1.0685327500104904,1947.7319688227763,0.9802110042674947,1,,1.2975178310027002,1.2975178310027002,0.9410784782667116,0.9410784782667116,99,0.13653212528399222
evaluation-2d-09,uniform_clutter,2,9,5,20090005,SC-RRT-no-ADCS,1,5000,5000,3018,3020,13504,1757,6780,2496,1302.0,0.09119217802071944,384.0,2227.459514025927,0.8571147072177294,1.0190677450154908,2024.8633936959964,0.9428726476796168,1,,4.0,4.0,0.0,0.0,0,0.0
evaluation-2d-09,uniform_clutter,2,9,6,20090006,SC-RRT,1,5000,5000,3451,3453,16052,1019,9236,2771,155.0,0.012538831040728837,103.0,2047.0354227532803,0.9326601230162415,1.3768500070436858,1941.2103182453918,0.983504101157541,1,,1.3260609852138656,1.3260609852138656,0.9208149961944427,0.9208149961944427,99,0.018349153708946853
evaluation-2d-09,uniform_clutter,2,9,6,20090006,SC-RRT-no-ADCS,1,5000,5000,3717,3719,16133,992,8629,2882,155.0,0.012044753006193787,103.0,2047.0354227532803,0.9326601230162415,1.2492181290290318,1942.8156602815427,0.982691435031468,1,,4.0,4.0,0.0,0.0,0,0.0
evaluation-2d-09,uniform_clutter,2,9,6,20090006,SC-RRT-no-SSFOR,1,5000,5000,3238,3240,14747,857,9042,3322,155.0,0.012539189017843455,103.0,2047.0354227532803,0.9326601230162415,1.168452464044094,1951.2827502635594,0.97842729811751,1,,1.5,1.5,0.8,0.8,0,0.0
evaluation-2d-09,uniform_clutter,2,9,7,20090007,SC-RRT-no-ADCS,1,5000,5000,3460,3462,15738,1210,8549,3061,418.0,0.024525756016373634,130.0,2434.260689903639,0.7842990346606032,1.2558179759653285,2046.360734943642,0.9329676222781212,1,,4.0,4.0,0.0,0.0,0,0.0
evaluation-2d-09,uniform_clutter,2,9,7,20090007,SC-RRT-no-SSFOR,1,5000,5000,3086,3088,14829,1157,8953,3659,418.0,0.02681572997244075,130.0,2434.260689903639,0.7842990346606032,1.193773286009673,1951.0576002966206,0.9785402075845546,1,,1.5,1.5,0.8,0.8,0,0.0
evaluation-2d-09,uniform_clutter,2,9,7,20090007,SC-RRT,1,5000,5000,3218,3220,16424,1153,10007,3857,418.0,0.02526328101521358,130.0,2434.260689903639,0.7842990346606032,1.3556552180089056,1980.6827156481613,0.963904159974917,1,,1.287444325015194,1.287444325015194,0.9482199607956703,0.9482199607956703,99,0.08673454873802872
evaluation-2d-09,uniform_clutter,2,9,8,20090008,SC-RRT-no-SSFOR,1,5000,5000,3077,3079,14057,1044,8514,3057,207.0,0.015375179005786777,119.0,2138.188389996811,0.8928999512557103,1.086808190040756,1967.7804189988158,0.970224264237293,1,,1.5,1.5,0.8,0.8,0,0.0
evaluation-2d-09,uniform_clutter,2,9,8,20090008,SC-RRT,1,5000,5000,3249,3251,15369,1143,8979,3247,207.0,0.016726581030525267,119.0,2138.188389996811,0.8928999512557103,1.2587349190143868,1981.8037986947165,0.9633588907545413,1,,1.2850439492724228,1.2850439492724228,0.9499202675024709,0.9499202675024709,99,0.0399736487242921
evaluation-2d-09,uniform_clutter,2,9,8,20090008,SC-RRT-no-ADCS,1,5000,5000,3451,3453,15378,1214,8249,3029,207.0,0.01688740198733285,119.0,2138.188389996811,0.8928999512557103,1.1833624730352312,2038.1952511559828,0.9367053073648676,1,,4.0,4.0,0.0,0.0,0,0.0
evaluation-2d-09,uniform_clutter,2,9,9,20090009,SC-RRT,1,5000,5000,3403,3405,16072,970,9459,3195,149.0,0.012248314043972641,99.0,2087.2423516180907,0.9146941215157024,1.3324154900037684,1969.549039247002,0.9693530199855289,1,,1.2854272620716494,1.2854272620716494,0.9496487891247378,0.9496487891247378,99,0.02505815359352769
evaluation-2d-09,uniform_clutter,2,9,9,20090009,SC-RRT-no-ADCS,1,5000,5000,3599,3601,15861,1054,8550,2898,149.0,0.012111563002690673,99.0,2087.2423516180907,0.9146941215157024,1.2949177079717629,1955.3333844369545,0.9764004053730388,1,,4.0,4.0,0.0,0.0,0,0.0
evaluation-2d-09,uniform_clutter,2,9,9,20090009,SC-RRT-no-SSFOR,1,5000,5000,3158,3160,14511,898,9029,3472,149.0,0.011936080001760274,99.0,2087.2423516180907,0.9146941215157024,1.1368821209762245,1942.0269311805773,0.9830905424380824,1,,1.5,1.5,0.8,0.8,0,0.0
evaluation-2d-09,uniform_clutter,2,9,10,20090010,SC-RRT-no-ADCS,1,5000,5000,3617,3619,15886,1096,8483,2821,142.0,0.011261853040196002,96.0,2023.1722250330897,0.943660794459776,1.225724290998187,1960.5457024442837,0.9738045416760363,1,,4.0,4.0,0.0,0.0,0,0.0
evaluation-2d-09,uniform_clutter,2,9,10,20090010,SC-RRT-no-SSFOR,1,5000,5000,3109,3111,14563,935,9152,3205,142.0,0.011292850016616285,96.0,2023.1722250330897,0.943660794459776,1.1444672440411523,1926.0025056906024,0.991269898955352,1,,1.5,1.5,0.8,0.8,0,0.0
evaluation-2d-09,uniform_clutter,2,9,10,20090010,SC-RRT,1,5000,5000,3428,3430,16695,1090,9782,3277,142.0,0.011430550017394125,96.0,2023.1722250330897,0.943660794459776,1.3043180939857848,1963.801645115329,0.9721899938074228,1,,1.3735591885944356,1.3735591885944356,0.8871604631104388,0.8871604631104388,99,0.011013113073367234
evaluation-2d-09,uniform_clutter,2,9,11,20090011,SC-RRT-no-SSFOR,1,5000,5000,3042,3044,14550,1349,8696,2545,718.0,0.044806514983065426,206.0,2294.34967726724,0.83212612624841,1.149712147016544,2027.43116922555,0.9416784836808842,1,,1.5,1.5,0.8,0.8,0,0.0
evaluation-2d-09,uniform_clutter,2,9,11,20090011,SC-RRT,1,5000,5000,3174,3176,15609,1396,8938,3577,718.0,0.043144349998328835,206.0,2294.34967726724,0.83212612624841,1.2798973550088704,2000.4566945474035,0.954376225392685,1,,1.2856054152938599,1.2856054152938599,0.9495226080137573,0.9495226080137573,99,0.07168560843021357
evaluation-2d-09,uniform_clutter,2,9,11,20090011,SC-RRT-no-ADCS,1,5000,5000,3425,3427,15185,1331,7993,2950,718.0,0.044507378013804555,206.0,2294.34967726724,0.83212612624841,1.1641324090305716,2043.580724970882,0.9342367961661417,1,,4.0,4.0,0.0,0.0,0,0.0
evaluation-2d-09,uniform_clutter,2,9,12,20090012,SC-RRT,1,5000,5000,3153,3155,14823,1059,8850,3333,237.0,0.01664141903165728,130.0,2290.991464141129,0.8333458849963087,1.2592027140199207,1969.8185267585575,0.9692204044528663,1,,1.2852546381488639,1.2852546381488639,0.949771050693057,0.949771050693057,99,0.06270403063768211
evaluation-2d-09,uniform_clutter,2,9,12,20090012,SC-RRT-no-ADCS,1,5000,5000,3473,3475,15886,1182,8766,3384,237.0,0.017578135011717677,130.0,2290.991464141129,0.8333458849963087,1.2516573729808442,2003.9696874394897,0.9527031876630253,1,,4.0,4.0,0.0,0.0,0,0.0
evaluation-2d-09,uniform_clutter,2,9,12,20090012,SC-RRT-no-SSFOR,1,5000,5000,3158,3160,15151,938,9497,3778,237.0,0.017891328025143594,130.0,2290.991464141129,0.8333458849963087,1.2315624629845843,1939.982204043377,0.9841267127216338,1,,1.5,1.5,0.8,0.8,0,0.0
evaluation-2d-09,uniform_clutter,2,9,13,20090013,SC-RRT-no-ADCS,1,5000,5000,3732,3734,16836,974,9396,3449,176.0,0.013370784989092499,128.0,2271.208256892349,0.8406046884559959,1.2064544099848717,2002.9997739330088,0.9531645155680042,1,,4.0,4.0,0.0,0.0,0,0.0
evaluation-2d-09,uniform_clutter,2,9,13,20090013,SC-RRT-no-SSFOR,1,5000,5000,3274,3276,14827,884,9064,3287,176.0,0.025805375014897436,128.0,2271.208256892349,0.8406046884559959,1.2372734990203753,1971.4493342393312,0.9684186532444286,1,,1.5,1.5,0.8,0.8,0,0.0
evaluation-2d-09,uniform_clutter,2,9,13,20090013,SC-RRT,1,5000,5000,3420,3422,15883,980,9306,3239,176.0,0.015127894002944231,128.0,2271.208256892349,0.8406046884559959,1.381805386976339,1938.5603110941568,0.9848485488316324,1,,1.2898467024173668,1.2898467024173668,0.9465176464913934,0.9465176464913934,99,0.08555373337279731
evaluation-2d-09,uniform_clutter,2,9,14,20090014,SC-RRT-no-SSFOR,1,5000,5000,3145,3147,14696,970,9130,3546,150.0,0.012798543029930443,105.0,2067.1239604602997,0.9235964294945075,1.189217904000543,1950.4847851018144,0.9788275836789055,1,,1.5,1.5,0.8,0.8,0,0.0
evaluation-2d-09,uniform_clutter,2,9,14,20090014,SC-RRT,1,5000,5000,3423,3425,16503,985,9837,3435,150.0,0.012785738974343985,105.0,2067.1239604602997,0.9235964294945075,1.3817379730171524,1948.976813207051,0.9795849269556468,1,,1.3057044700897782,1.3057044700897782,0.9352692597348335,0.9352692597348335,99,0.0189901495078944
evaluation-2d-09,uniform_clutter,2,9,14,20090014,SC-RRT-no-ADCS,1,5000,5000,3712,3714,16698,987,9253,3308,150.0,0.012214206042699516,105.0,2067.1239604602997,0.9235964294945075,1.3085206910036504,1956.0338875074256,0.9760507327593171,1,,4.0,4.0,0.0,0.0,0,0.0
evaluation-2d-09,uniform_clutter,2,9,15,20090015,SC-RRT,1,5000,5000,3259,3261,16281,1160,9810,3132,391.0,0.026048213010653853,149.0,2316.319650586514,0.8242335243843628,1.3623495469801128,2001.2372100569435,0.9540040029284454,1,,1.2715575062852744,1.2715575062852744,0.95,0.95,99,0.061852208513536955
evaluation-2d-09,uniform_clutter,2,9,15,20090015,SC-RRT-no-ADCS,1,5000,5000,3473,3475,15963,1267,8729,3220,391.0,0.02665334497578442,149.0,2316.319650586514,0.8242335243843628,1.2866984640131705,2106.864774318285,0.9061750580653337,1,,4.0,4.0,0.0,0.0,0,0.0
evaluation-2d-09,uniform_clutter,2,9,15,20090015,SC-RRT-no-SSFOR,1,5000,5000,3162,3164,15028,1112,9137,3599,391.0,0.026565848966129124,149.0,2316.319650586514,0.8242335243843628,1.2082867849967442,1944.4427728038977,0.9818691174184663,1,,1.5,1.5,0.8,0.8,0,0.0
evaluation-2d-09,uniform_clutter,2,9,16,20090016,SC-RRT-no-ADCS,1,5000,5000,3516,3518,16335,1222,8990,2930,277.0,0.020304508041590452,140.0,2186.512993245108,0.873165773586445,1.2872607070021331,1968.3660906045563,0.9699355817582174,1,,4.0,4.0,0.0,0.0,0,0.0
evaluation-2d-09,uniform_clutter,2,9,16,20090016,SC-RRT-no-SSFOR,1,5000,5000,3066,3068,13909,998,8562,3244,277.0,0.02112710603978485,140.0,2186.512993245108,0.873165773586445,1.0949016850208864,1937.7818832833268,0.9852441730793765,1,,1.5,1.5,0.8,0.8,0,0.0
evaluation-2d-09,uniform_clutter,2,9,16,20090016,SC-RRT,1,5000,5000,3321,3323,17827,1181,11058,3668,277.0,0.0192417319631204,140.0,2186.512993245108,0.873165773586445,1.303026877983939,1943.4439218224736,0.9823737581341313,1,,1.2855233394315693,1.2855233394315693,0.9495807405553653,0.9495807405553653,99,0.03190472463841741
evaluation-2d-09,uniform_clutter,2,9,17,20090017,SC-RRT-no-SSFOR,1,5000,5000,3148,3150,14609,1040,8990,3513,289.0,0.019224971008952707,147.0,2184.4008848841595,0.8740100420280337,1.0286541429813951,1940.16797781239,0.9840324812268871,1,,1.5,1.5,0.8,0.8,0,0.0
evaluation-2d-09,uniform_clutter,2,9,17,20090017,SC-RRT,1,5000,5000,3253,3255,15879,1151,9428,3464,289.0,0.019196863984689116,147.0,2184.4008848841595,0.8740100420280337,1.1759627959690988,1954.090205139255,0.9770215848697851,1,,1.2861185463834515,1.2861185463834515,0.9491591520289829,0.9491591520289829,99,0.0660908357710929
evaluation-2d-09,uniform_clutter,2,9,17,20090017,SC-RRT-no-ADCS,1,5000,5000,3597,3599,16159,1136,8773,3468,289.0,0.020262253005057573,147.0,2184.4008848841595,0.8740100420280337,1.1439856679644436,2007.0374575269755,0.951246974511445,1,,4.0,4.0,0.0,0.0,0,0.0
evaluation-2d-09,uniform_clutter,2,9,18,20090018,SC-RRT,1,5000,5000,2879,2881,14050,1670,7729,2461,914.0,0.053529525990597904,211.0,2194.9269175188806,0.869818623101038,1.072516018000897,1948.468372751786,0.9798405434250732,1,,1.2906757028646352,1.2906757028646352,0.9459300914178701,0.9459300914178701,99,0.09983815057649631
evaluation-2d-09,uniform_clutter,2,9,18,20090018,SC-RRT-no-ADCS,1,5000,5000,3067,3069,13405,1713,6531,2134,914.0,0.05163579899817705,211.0,2194.9269175188806,0.869818623101038,0.9735753749846481,2062.4005823612906,0.9257116806172562,1,,4.0,4.0,0.0,0.0,0,0.0
evaluation-2d-09,uniform_clutter,2,9,18,20090018,SC-RRT-no-SSFOR,1,5000,5000,2820,2822,13064,1607,7284,2135,914.0,0.054092824982944876,211.0,2194.9269175188806,0.869818623101038,1.030671935994178,2039.712698041022,0.9360084442467306,1,,1.5,1.5,0.8,0.8,0,0.0
evaluation-2d-09,uniform_clutter,2,9,19,20090019,SC-RRT-no-ADCS,1,5000,5000,3530,3532,15988,1171,8693,3272,346.0,0.02195935498457402,140.0,2280.1004671465944,0.8373263971095581,1.2000422530109063,2033.060578850917,0.9390710385436468,1,,4.0,4.0,0.0,0.0,0,0.0
evaluation-2d-09,uniform_clutter,2,9,19,20090019,SC-RRT-no-SSFOR,1,5000,5000,3020,3022,14058,1100,8566,3136,346.0,0.023029729025438428,140.0,2280.1004671465944,0.8373263971095581,1.0694317890447564,2028.1558882738236,0.9413419945882959,1,,1.5,1.5,0.8,0.8,0,0.0
evaluation-2d-09,uniform_clutter,2,9,19,20090019,SC-RRT,1,5000,5000,3404,3406,16158,1219,9093,3001,346.0,0.02314204297726974,140.0,2280.1004671465944,0.8373263971095581,1.3053670729859732,2024.0658810363698,0.9432441538049782,1,,1.2869839731303099,1.2869839731303099,0.9485460981624592,0.9485460981624592,99,0.05062870397528985
evaluation-2d-09,uniform_clutter,2,9,20,20090020,SC-RRT-no-SSFOR,1,5000,5000,3121,3123,14876,1105,9128,3502,457.0,0.03027488401858136,209.0,2379.5060862488954,0.8023464702346543,1.1372069420176558,1945.5800326978006,0.9812951804179135,1,,1.5,1.5,0.8,0.8,0,0.0
evaluation-2d-09,uniform_clutter,2,9,20,20090020,SC-RRT,1,5000,5000,3253,3255,15584,1120,9222,3488,457.0,0.03046551696024835,209.0,2379.5060862488954,0.8023464702346543,1.1773630579700693,1975.2838823037744,0.9665386966945689,1,,1.286724391629845,1.286724391629845,0.9487299896131938,0.9487299896131938,99,0.08118162951503108
evaluation-2d-09,uniform_clutter,2,9,20,20090020,SC-RRT-no-ADCS,1,5000,5000,3536,3538,15705,1197,8405,2952,457.0,0.03094336297363043,209.0,2379.5060862488954,0.8023464702346543,1.1986026529921219,2039.9146556755115,0.9359157766193196,1,,4.0,4.0,0.0,0.0,0,0.0
evaluation-2d-09,uniform_clutter,2,9,21,20090021,SC-RRT,1,5000,5000,3542,3544,17573,1039,10465,3306,236.0,0.017856232007034123,142.0,2148.6814131166734,0.8885395003414633,1.4744085560087115,1986.4770568646225,0.9610925545835733,1,,1.2853099786230198,1.2853099786230198,0.9497318559394402,0.9497318559394402,99,0.03378936798133737
evaluation-2d-09,uniform_clutter,2,9,21,20090021,SC-RRT-no-ADCS,1,5000,5000,3675,3677,16407,1074,8900,3128,236.0,0.01789179496699944,142.0,2148.6814131166734,0.8885395003414633,1.2426716579939239,2009.2723203598339,0.9501889265372292,1,,4.0,4.0,0.0,0.0,0,0.0
evaluation-2d-09,uniform_clutter,2,9,21,20090021,SC-RRT-no-SSFOR,1,5000,5000,3178,3180,14332,899,8792,3314,236.0,0.01802323799347505,142.0,2148.6814131166734,0.8885395003414633,1.0937324709957466,1952.5433905069663,0.9777955862522312,1,,1.5,1.5,0.8,0.8,0,0.0
evaluation-2d-09,uniform_clutter,2,9,22,20090022,SC-RRT-no-ADCS,1,5000,5000,3564,3566,15516,1237,8173,3053,424.0,0.02991913998266682,201.0,2340.5345917962186,0.8157060852232446,1.160909652011469,1984.958627702082,0.9618277593089584,1,,4.0,4.0,0.0,0.0,0,0.0
evaluation-2d-09,uniform_clutter,2,9,22,20090022,SC-RRT-no-SSFOR,1,5000,5000,3147,3149,14158,1048,8531,3146,424.0,0.028877328033559024,201.0,2340.5345917962186,0.8157060852232446,1.0639839420327917,1940.2091658637137,0.9840115915305317,1,,1.5,1.5,0.8,0.8,0,0.0
evaluation-2d-09,uniform_clutter,2,9,22,20090022,SC-RRT,1,5000,5000,3225,3227,14857,1200,8527,3085,424.0,0.029500512988306582,201.0,2340.5345917962186,0.8157060852232446,1.1688317190273665,1964.3142281951016,0.9719363031636362,1,,1.2859610251656337,1.2859610251656337,0.9492707289156221,0.9492707289156221,99,0.05085139809343799
evaluation-2d-09,uniform_clutter,2,9,23,20090023,SC-RRT-no-SSFOR,1,5000,5000,3136,3138,15071,1037,9334,3719,313.0,0.021993189002387226,157.0,2329.2640595118705,0.819653015040199,1.2028139109606855,1938.8516353232317,0.9847005693581046,1,,1.5,1.5,0.8,0.8,0,0.0
evaluation-2d-09,uniform_clutter,2,9,23,20090023,SC-RRT,1,5000,5000,3193,3195,15703,1180,9349,3055,313.0,0.02259346703067422,157.0,2329.2640595118705,0.819653015040199,1.2280476529849693,1995.4423427834502,0.9567744796577505,1,,1.2859896295047222,1.2859896295047222,0.9492504678222927,0.9492504678222927,99,0.03886175423064772
evaluation-2d-09,uniform_clutter,2,9,23,20090023,SC-RRT-no-ADCS,1,5000,5000,3503,3505,15751,1215,8470,2915,313.0,0.021915737015660852,157.0,2329.2640595118705,0.819653015040199,1.1745033400366083,1999.1354578729458,0.9550069764832393,1,,4.0,4.0,0.0,0.0,0,0.0
evaluation-2d-09,uniform_clutter,2,9,24,20090024,SC-RRT,1,5000,5000,3329,3331,15823,1157,9238,3221,180.0,0.01510579203022644,123.0,2106.317489329072,0.9064105097526463,1.3220782130374573,1930.3804568273363,0.9890217767442133,1,,1.2847133001249527,1.2847133001249527,0.95,0.95,99,0.041225051093990675
evaluation-2d-09,uniform_clutter,2,9,24,20090024,SC-RRT-no-ADCS,1,5000,5000,3566,3568,15303,1169,8044,2676,180.0,0.014421086001675576,123.0,2106.317489329072,0.9064105097526463,1.215948999975808,1965.5922191736247,0.9713043685156325,1,,4.0,4.0,0.0,0.0,0,0.0
evaluation-2d-09,uniform_clutter,2,9,24,20090024,SC-RRT-no-SSFOR,1,5000,5000,3231,3233,15134,959,9290,3089,180.0,0.015348673041444272,123.0,2106.317489329072,0.9064105097526463,1.228025600023102,1977.796625752155,0.965310732329526,1,,1.5,1.5,0.8,0.8,0,0.0
evaluation-2d-09,uniform_clutter,2,9,25,20090025,SC-RRT-no-ADCS,1,5000,5000,3524,3526,15279,1231,8025,2846,377.0,0.029139777994714677,193.0,2514.7509734130185,0.7591957730162557,1.158026980003342,2077.9716076398995,0.9187749737216475,1,,4.0,4.0,0.0,0.0,0,0.0
evaluation-2d-09,uniform_clutter,2,9,25,20090025,SC-RRT-no-SSFOR,1,5000,5000,3107,3109,14372,991,8845,3208,377.0,0.028350844979286194,193.0,2514.7509734130185,0.7591957730162557,1.1158832609653473,1943.8306116770534,0.9821783326873903,1,,1.5,1.5,0.8,0.8,0,0.0
evaluation-2d-09,uniform_clutter,2,9,25,20090025,SC-RRT,1,5000,5000,3095,3097,13901,1185,7959,2616,377.0,0.027475523995235562,193.0,2514.7509734130185,0.7591957730162557,1.0738873329828493,2012.3604632862862,0.9487307786229697,1,,1.2887125388250873,1.2887125388250873,0.9473213806567666,0.9473213806567666,99,0.07480297731535623
evaluation-2d-09,uniform_clutter,2,9,26,20090026,SC-RRT-no-SSFOR,1,5000,5000,3089,3091,13823,1097,8185,2844,569.0,0.03887166298227385,232.0,2236.48871067667,0.8536543466951085,1.1120240759919398,1967.435496413202,0.970394359908768,1,,1.5,1.5,0.8,0.8,0,0.0
evaluation-2d-09,uniform_clutter,2,9,26,20090026,SC-RRT,1,5000,5000,3411,3413,17162,1112,10357,3959,569.0,0.03820386901497841,232.0,2236.48871067667,0.8536543466951085,1.4320750850019976,1933.9343680494997,0.9872042923200236,1,,1.286844581637676,1.286844581637676,0.9486448460706935,0.9486448460706935,99,0.05399716634618545
evaluation-2d-09,uniform_clutter,2,9,26,20090026,SC-RRT-no-ADCS,1,5000,5000,3588,3590,15904,1178,8515,3088,569.0,0.03915816999506205,232.0,2236.48871067667,0.8536543466951085,1.180813593964558,1942.7003638352182,0.9827497563415382,1,,4.0,4.0,0.0,0.0,0,0.0
evaluation-2d-09,uniform_clutter,2,9,27,20090027,SC-RRT,1,5000,5000,3134,3136,14391,1263,8166,2603,403.0,0.02638101699994877,180.0,2313.6554573659964,0.8251826360426251,1.2168785330140963,1929.652095603926,0.9893950902098531,1,,1.2925025149726925,1.2925025149726925,0.9446351156163999,0.9446351156163999,99,0.09068043661273192
evaluation-2d-09,uniform_clutter,2,9,27,20090027,SC-RRT-no-ADCS,1,5000,5000,3361,3363,14889,1352,7826,2647,403.0,0.028205563023220748,180.0,2313.6554573659964,0.8251826360426251,1.1225929490174167,2023.6957435183692,0.9434166748230591,1,,4.0,4.0,0.0,0.0,0,0.0
evaluation-2d-09,uniform_clutter,2,9,27,20090027,SC-RRT-no-SSFOR,1,5000,5000,3131,3133,14704,1126,8863,3428,403.0,0.028292168979533017,180.0,2313.6554573659964,0.8251826360426251,1.1278795030084439,1977.168458383125,0.9656174217774852,1,,1.5,1.5,0.8,0.8,0,0.0
evaluation-2d-09,uniform_clutter,2,9,28,20090028,SC-RRT-no-ADCS,1,5000,5000,3358,3360,14868,1397,7774,2713,903.0,0.060152866994030774,301.0,2218.8279594859378,0.8604490046384681,1.1203842929680832,2045.6134088746269,0.9333084643075343,1,,4.0,4.0,0.0,0.0,0,0.0
evaluation-2d-09,uniform_clutter,2,9,28,20090028,SC-RRT-no-SSFOR,1,5000,5000,2887,2889,13257,1365,7763,2899,903.0,0.06099331099539995,301.0,2218.8279594859378,0.8604490046384681,1.0103456730139442,1942.4579005485841,0.982872426045625,1,,1.5,1.5,0.8,0.8,0,0.0
evaluation-2d-09,uniform_clutter,2,9,28,20090028,SC-RRT,1,5000,5000,3135,3137,14882,1367,8432,2866,903.0,0.05886292096693069,301.0,2218.8279594859378,0.8604490046384681,1.2299457089975476,1956.1855696516934,0.9759750500273943,1,,1.2921179571391777,1.2921179571391777,0.9449077424065261,0.9449077424065261,99,0.11623363904704326
evaluation-2d-09,uniform_clutter,2,9,29,20090029,SC-RRT-no-SSFOR,1,5000,5000,3035,3037,14035,1123,8405,3043,450.0,0.027350168966222554,144.0,2327.7834355537834,0.8201743684757682,1.1001576759736054,1962.3095429055654,0.972929228268833,1,,1.5,1.5,0.8,0.8,0,0.0
evaluation-2d-09,uniform_clutter,2,9,29,20090029,SC-RRT,1,5000,5000,3113,3115,15693,1362,9175,2788,450.0,0.027808626007754356,144.0,2327.7834355537834,0.8201743684757682,1.3288164749974385,2025.2398682232092,0.942697375831661,1,,1.2858050132355943,1.2858050132355943,0.9493812341139247,0.9493812341139247,99,0.03988366912471666
evaluation-2d-09,uniform_clutter,2,9,29,20090029,SC-RRT-no-ADCS,1,5000,5000,3375,3377,14629,1343,7456,2465,450.0,0.02915546001167968,144.0,2327.7834355537834,0.8201743684757682,1.1070535539765842,2035.891012152554,0.9377654785091307,1,,4.0,4.0,0.0,0.0,0,0.0
evaluation-2d-09,uniform_clutter,2,9,30,20090030,SC-RRT,1,5000,5000,3455,3457,16653,1034,9838,3320,149.0,0.012580520997289568,108.0,2054.2363639651335,0.929390766658672,1.281752687995322,1954.578952194307,0.9767772783290892,1,,1.2857343723253907,1.2857343723253907,0.9494312690933453,0.9494312690933453,99,0.027117544446892877
evaluation-2d-09,uniform_clutter,2,9,30,20090030,SC-RRT-no-ADCS,1,5000,5000,3688,3690,16345,1053,8852,3023,149.0,0.012542115990072489,108.0,2054.2363639651335,0.929390766658672,1.3056880549993366,1957.5592027576854,0.9752902014478718,1,,4.0,4.0,0.0,0.0,0,0.0
evaluation-2d-09,uniform_clutter,2,9,30,20090030,SC-RRT-no-SSFOR,1,5000,5000,3038,3040,14064,951,8904,3453,149.0,0.012981715961359441,108.0,2054.2363639651335,0.929390766658672,1.1768110679695383,1951.2593426611572,0.9784390354794653,1,,1.5,1.5,0.8,0.8,0,0.0
evaluation-2d-09,uniform_clutter,2,9,31,20090031,SC-RRT-no-ADCS,1,5000,5000,3594,3596,15005,1157,7619,2494,420.0,0.03145976003725082,195.0,2228.5449077691364,0.8566972568279331,1.1961537700262852,2092.130218417187,0.9125571115970428,1,,4.0,4.0,0.0,0.0,0,0.0
evaluation-2d-09,uniform_clutter,2,9,31,20090031,SC-RRT-no-SSFOR,1,5000,5000,2958,2960,13853,1133,8524,3299,420.0,0.030797262967098504,195.0,2228.5449077691364,0.8566972568279331,1.0564666009740904,1957.9558374985227,0.9750926311202455,1,,1.5,1.5,0.8,0.8,0,0.0
evaluation-2d-09,uniform_clutter,2,9,31,20090031,SC-RRT,1,5000,5000,3294,3296,15388,1087,8998,3271,420.0,0.02934727701358497,195.0,2228.5449077691364,0.8566972568279331,1.2388067679712549,1983.5137264089165,0.9625284079380677,1,,1.289037541587608,1.289037541587608,0.9470910775386177,0.9470910775386177,99,0.06793811841807482
evaluation-2d-09,uniform_clutter,2,9,32,20090032,SC-RRT-no-SSFOR,1,5000,5000,3207,3209,15388,1031,9479,3336,321.0,0.024655126966536045,164.0,2022.574378081498,0.9439397284438205,1.2006180879543535,1945.688424793891,0.9812405135760217,1,,1.5,1.5,0.8,0.8,0,0.0
evaluation-2d-09,uniform_clutter,2,9,32,20090032,SC-RRT,1,5000,5000,3284,3286,16312,1191,9686,2789,321.0,0.022999537002760917,164.0,2022.574378081498,0.9439397284438205,1.2589520529727452,1938.243729570183,0.9850094082992608,1,,1.3076005558285249,1.3076005558285249,0.9339233124727265,0.9339233124727265,99,0.023623479813623133
evaluation-2d-09,uniform_clutter,2,9,32,20090032,SC-RRT-no-ADCS,1,5000,5000,3566,3568,16055,1157,8706,2949,321.0,0.02255988697288558,164.0,2022.574378081498,0.9439397284438205,1.2358536099782214,1951.0406678011075,0.9785487000408872,1,,4.0,4.0,0.0,0.0,0,0.0
evaluation-2d-09,uniform_clutter,2,9,33,20090033,SC-RRT,1,5000,5000,2873,2875,15255,1665,9189,3269,893.0,0.06146789900958538,313.0,2108.256552612401,0.9055768411287273,1.171103000990115,1986.0754235944078,0.9612869111226506,1,,1.2880487301920045,1.2880487301920045,0.9477917356948248,0.9477917356948248,99,0.06542204406950028
evaluation-2d-09,uniform_clutter,2,9,33,20090033,SC-RRT-no-ADCS,1,5000,5000,3264,3266,13756,1583,6784,2212,893.0,0.07048722100444138,313.0,2108.256552612401,0.9055768411287273,1.1571615930297412,2012.272670446271,0.9487721705131884,1,,4.0,4.0,0.0,0.0,0,0.0
evaluation-2d-09,uniform_clutter,2,9,33,20090033,SC-RRT-no-SSFOR,1,5000,5000,3147,3149,14845,1351,8718,3098,893.0,0.06269028002861887,313.0,2108.256552612401,0.9055768411287273,1.25471272401046,1952.1959134021256,0.9779696269707392,1,,1.5,1.5,0.8,0.8,0,0.0
evaluation-2d-09,uniform_clutter,2,9,34,20090034,SC-RRT-no-ADCS,1,5000,5000,3658,3660,16984,1033,9603,3336,186.0,0.01555486797587946,116.0,2148.609791306666,0.8885691189383509,1.3745482199592516,1961.3639457814836,0.9733982891395424,1,,4.0,4.0,0.0,0.0,0,0.0
evaluation-2d-09,uniform_clutter,2,9,34,20090034,SC-RRT-no-SSFOR,1,5000,5000,3062,3064,14518,1107,8948,3362,186.0,0.01650855998741463,116.0,2148.609791306666,0.8885691189383509,1.1704106879769824,1950.2080431163072,0.9789664830593755,1,,1.5,1.5,0.8,0.8,0,0.0
evaluation-2d-09,uniform_clutter,2,9,34,20090034,SC-RRT,1,5000,5000,3424,3426,16698,1036,9965,3533,186.0,0.015077874006237835,116.0,2148.609791306666,0.8885691189383509,1.5141223490354605,1937.6635363735513,0.9853043489566996,1,,1.287238538240141,1.287238538240141,0.9483657536125805,0.9483657536125805,99,0.06991594685420462
evaluation-2d-09,uniform_clutter,2,9,35,20090035,SC-RRT-no-SSFOR,1,5000,5000,3062,3064,15958,1432,9935,2604,701.0,0.044140369980596006,190.0,2108.7478687456937,0.9053658512239703,1.2225023999926634,1988.9912365042485,0.9598776878269067,1,,1.5,1.5,0.8,0.8,0,0.0
evaluation-2d-09,uniform_clutter,2,9,35,20090035,SC-RRT,1,5000,5000,3160,3162,15418,1336,8878,3057,701.0,0.04193886398570612,190.0,2108.7478687456937,0.9053658512239703,1.2123246939736418,1952.5730864125053,0.9777807153490277,1,,1.2886522417185513,1.2886522417185513,0.9473641071921116,0.9473641071921116,99,0.06034995467175229
evaluation-2d-09,uniform_clutter,2,9,35,20090035,SC-RRT-no-ADCS,1,5000,5000,3339,3341,14326,1394,7222,2354,701.0,0.041078459995333105,190.0,2108.7478687456937,0.9053658512239703,1.0654214450041763,2034.2510386085269,0.9385214867628165,1,,4.0,4.0,0.0,0.0,0,0.0
evaluation-2d-09,uniform_clutter,2,9,36,20090036,SC-RRT,1,5000,5000,3500,3502,17667,1091,10613,3627,323.0,0.022123345988802612,162.0,2171.325840051549,0.8792730570361343,1.4040669900132343,1954.3481459123313,0.9768926346090853,1,,1.349856740052215,1.349856740052215,0.9039298146702271,0.9039298146702271,99,0.019660038472036973
evaluation-2d-09,uniform_clutter,2,9,36,20090036,SC-RRT-no-ADCS,1,5000,5000,3649,3651,16011,1096,8570,2946,323.0,0.024757857026997954,162.0,2171.325840051549,0.8792730570361343,1.274517921032384,1986.63823061478,0.9610145822135244,1,,4.0,4.0,0.0,0.0,0,0.0
evaluation-2d-09,uniform_clutter,2,9,36,20090036,SC-RRT-no-SSFOR,1,5000,5000,3173,3175,15343,1192,9396,3092,323.0,0.02461386297363788,162.0,2171.325840051549,0.8792730570361343,1.269764386001043,1965.697017686022,0.9712525847198645,1,,1.5,1.5,0.8,0.8,0,0.0
evaluation-2d-09,uniform_clutter,2,9,37,20090037,SC-RRT-no-ADCS,1,5000,5000,3476,3478,14886,1223,7744,2565,366.0,0.026874759991187602,166.0,2268.9620377491733,0.8414368673605517,1.1859188419766724,2002.4367956796625,0.9534324945101031,1,,4.0,4.0,0.0,0.0,0,0.0
evaluation-2d-09,uniform_clutter,2,9,37,20090037,SC-RRT-no-SSFOR,1,5000,5000,3132,3134,14781,1194,9043,3294,366.0,0.026167525036726147,166.0,2268.9620377491733,0.8414368673605517,1.2309765170211904,1966.026109964629,0.9710900071607017,1,,1.5,1.5,0.8,0.8,0,0.0
evaluation-2d-09,uniform_clutter,2,9,37,20090037,SC-RRT,1,5000,5000,3362,3364,15859,1156,9150,3185,366.0,0.027921545028220862,166.0,2268.9620377491733,0.8414368673605517,1.2824500560527667,2001.8416664720792,0.9537159412653812,1,,1.2873551851643112,1.2873551851643112,0.9482831138318957,0.9482831138318957,99,0.04754826501174172
evaluation-2d-09,uniform_clutter,2,9,38,20090038,SC-RRT-no-SSFOR,1,5000,5000,3155,3157,14446,952,8932,3191,197.0,0.014686711016111076,105.0,2021.495117282204,0.9444436906533237,1.201304888993036,1930.2449640351838,0.9890912007419584,1,,1.5,1.5,0.8,0.8,0,0.0
evaluation-2d-09,uniform_clutter,2,9,38,20090038,SC-RRT,1,5000,5000,3493,3495,16649,894,9977,3506,197.0,0.014745171996764839,105.0,2021.495117282204,0.9444436906533237,1.39091851800913,1942.6607919811393,0.9827697748800883,1,,1.3575522340587078,1.3575522340587078,0.8984779981316303,0.8984779981316303,99,0.0140956658880754
evaluation-2d-09,uniform_clutter,2,9,38,20090038,SC-RRT-no-ADCS,1,5000,5000,3697,3699,16432,983,9012,3287,197.0,0.015118353010620922,105.0,2021.495117282204,0.9444436906533237,1.3166378929745406,1944.7639952001516,0.9817069392048201,1,,4.0,4.0,0.0,0.0,0,0.0
evaluation-2d-09,uniform_clutter,2,9,39,20090039,SC-RRT,1,5000,5000,3385,3387,16799,1104,10000,3504,286.0,0.02022122999187559,128.0,2203.752012242742,0.8663353674085642,1.472052742028609,1995.01832149646,0.9569778325502291,1,,1.2849214811209708,1.2849214811209708,0.95,0.95,99,0.03596641095347428
evaluation-2d-09,uniform_clutter,2,9,39,20090039,SC-RRT-no-ADCS,1,5000,5000,3610,3612,16160,1092,8776,3018,286.0,0.019596208003349602,128.0,2203.752012242742,0.8663353674085642,1.2812264430103824,2009.7199916916077,0.94997726902079,1,,4.0,4.0,0.0,0.0,0,0.0
evaluation-2d-09,uniform_clutter,2,9,39,20090039,SC-RRT-no-SSFOR,1,5000,5000,3033,3035,13996,1087,8378,3142,286.0,0.019524733012076467,128.0,2203.752012242742,0.8663353674085642,1.0914058859925717,1988.9557379326852,0.959894819574056,1,,1.5,1.5,0.8,0.8,0,0.0
evaluation-2d-09,uniform_clutter,2,9,40,20090040,SC-RRT-no-ADCS,1,5000,5000,3632,3634,16046,1122,8559,2903,381.0,0.024856973032001406,141.0,2090.128088782934,0.9134312482807618,1.2977109409985133,1976.2919320792334,0.9660456930545902,1,,4.0,4.0,0.0,0.0,0,0.0
evaluation-2d-09,uniform_clutter,2,9,40,20090040,SC-RRT-no-SSFOR,1,5000,5000,3120,3122,14397,1077,8851,3486,381.0,0.026882102014496922,141.0,2090.128088782934,0.9134312482807618,1.174371068016626,1935.6104032381368,0.9863494771518813,1,,1.5,1.5,0.8,0.8,0,0.0
evaluation-2d-09,uniform_clutter,2,9,40,20090040,SC-RRT,1,5000,5000,3344,3346,15639,1080,9029,3030,381.0,0.02659705199766904,141.0,2090.128088782934,0.9134312482807618,1.3495885719894432,1955.502742468102,0.976315843359049,1,,1.286237901588671,1.286237901588671,0.9490746074860412,0.9490746074860412,99,0.03871512566363021
evaluation-2d-09,uniform_clutter,2,9,41,20090041,SC-RRT-no-SSFOR,1,5000,5000,3151,3153,15222,972,9542,3684,219.0,0.015286059002391994,124.0,2332.5291461103448,0.818505660427602,1.2448021509917453,1939.1301562774665,0.9845591349415825,1,,1.5,1.5,0.8,0.8,0,0.0
evaluation-2d-09,uniform_clutter,2,9,41,20090041,SC-RRT,1,5000,5000,3495,3497,16675,1053,9663,3250,219.0,0.015843873959966004,124.0,2332.5291461103448,0.818505660427602,1.3906370959593914,2010.757049660149,0.9494873135102834,1,,1.3379791172453794,1.3379791172453794,0.9123542424143581,0.9123542424143581,99,0.017569457206842592
evaluation-2d-09,uniform_clutter,2,9,41,20090041,SC-RRT-no-ADCS,1,5000,5000,3682,3684,16180,1004,8747,3164,219.0,0.01584889699006453,124.0,2332.5291461103448,0.818505660427602,1.1987508249585517,2020.0190369148534,0.9451338201839695,1,,4.0,4.0,0.0,0.0,0,0.0
evaluation-2d-09,uniform_clutter,2,9,42,20090042,SC-RRT,1,5000,5000,3472,3474,17394,999,10633,3820,297.0,0.020567425002809614,156.0,2298.0969196184556,0.8307692738740774,1.3842861650045961,1987.0509358845718,0.9608149820043583,1,,1.2856279077017556,1.2856279077017556,0.9495066770050572,0.9495066770050572,99,0.070981610349326
evaluation-2d-09,uniform_clutter,2,9,42,20090042,SC-RRT-no-ADCS,1,5000,5000,3757,3759,17995,961,10501,3568,297.0,0.021301449974998832,156.0,2298.0969196184556,0.8307692738740774,1.364212473970838,2051.338260363651,0.9307037976590106,1,,4.0,4.0,0.0,0.0,0,0.0
evaluation-2d-09,uniform_clutter,2,9,42,20090042,SC-RRT-no-SSFOR,1,5000,5000,3102,3104,14362,1036,8759,3446,297.0,0.021248992008622736,156.0,2298.0969196184556,0.8307692738740774,1.1292528109624982,1945.396862417873,0.9813875749911551,1,,1.5,1.5,0.8,0.8,0,0.0
evaluation-2d-09,uniform_clutter,2,9,43,20090043,SC-RRT-no-ADCS,1,5000,5000,3720,3722,16526,997,9017,3213,159.0,0.01342001894954592,108.0,2066.8144615612787,0.9237347351254117,1.229820710956119,1966.230350226322,0.9709891361324589,1,,4.0,4.0,0.0,0.0,0,0.0
evaluation-2d-09,uniform_clutter,2,9,43,20090043,SC-RRT-no-SSFOR,1,5000,5000,3148,3150,14838,872,9378,3815,159.0,0.013550665986258537,108.0,2066.8144615612787,0.9237347351254117,1.119468635006342,1938.7429860652996,0.9847557530451198,1,,1.5,1.5,0.8,0.8,0,0.0
evaluation-2d-09,uniform_clutter,2,9,43,20090043,SC-RRT,1,5000,5000,3441,3443,16158,991,9425,3422,159.0,0.013677105016540736,108.0,2066.8144615612787,0.9237347351254117,1.3163906940026209,1948.4418785508717,0.9798538669388549,1,,1.2795761525992435,1.2795761525992435,0.95,0.95,99,0.036650727490420476
evaluation-2d-09,uniform_clutter,2,9,44,20090044,SC-RRT-no-SSFOR,1,5000,5000,3154,3156,14817,1053,9012,3338,372.0,0.023260374960955232,143.0,2218.5661361008433,0.8605505502572485,1.152660395950079,1977.2264746540734,0.9655890883909498,1,,1.5,1.5,0.8,0.8,0,0.0
evaluation-2d-09,uniform_clutter,2,9,44,20090044,SC-RRT,1,5000,5000,3189,3191,15032,1209,8765,3159,372.0,0.02369793300749734,143.0,2218.5661361008433,0.8605505502572485,1.2088583029690199,1967.2136318482642,0.9705038020755941,1,,1.2860592074709432,1.2860592074709432,0.9492011838273394,0.9492011838273394,99,0.04324115164513031
evaluation-2d-09,uniform_clutter,2,9,44,20090044,SC-RRT-no-ADCS,1,5000,5000,3439,3441,15139,1275,8025,2740,372.0,0.022568368003703654,143.0,2218.5661361008433,0.8605505502572485,1.100410126033239,2009.3854147807947,0.950135446967974,1,,4.0,4.0,0.0,0.0,0,0.0
evaluation-2d-09,uniform_clutter,2,9,45,20090045,SC-RRT,1,5000,5000,3292,3294,15348,1031,9038,3236,200.0,0.015816316998098046,129.0,2306.62314550214,0.8276984096541952,1.1859554600086994,1998.2075470701932,0.9554504545851423,1,,1.268890100577514,1.268890100577514,0.95,0.95,99,0.0677822176526995
evaluation-2d-09,uniform_clutter,2,9,45,20090045,SC-RRT-no-ADCS,1,5000,5000,3614,3616,16410,1121,8992,3272,200.0,0.01522215799195692,129.0,2306.62314550214,0.8276984096541952,1.2315120559651405,1968.629850828663,0.9698056282139765,1,,4.0,4.0,0.0,0.0,0,0.0
evaluation-2d-09,uniform_clutter,2,9,45,20090045,SC-RRT-no-SSFOR,1,5000,5000,3164,3166,14171,973,8514,2982,200.0,0.015547504997812212,129.0,2306.62314550214,0.8276984096541952,1.1051927880034782,1937.0081643085505,0.9856377192324314,1,,1.5,1.5,0.8,0.8,0,0.0
evaluation-2d-09,uniform_clutter,2,9,46,20090046,SC-RRT-no-ADCS,1,5000,5000,3391,3393,15178,1274,8108,2817,393.0,0.025237323017790914,156.0,2054.9537760104454,0.9290663038222879,1.103053972008638,1945.2184222473675,0.9814776003395739,1,,4.0,4.0,0.0,0.0,0,0.0
evaluation-2d-09,uniform_clutter,2,9,46,20090046,SC-RRT-no-SSFOR,1,5000,5000,3025,3027,14259,1104,8771,3203,393.0,0.025828140962403268,156.0,2054.9537760104454,0.9290663038222879,1.0530793339712545,1935.9817754420972,0.9861602693897775,1,,1.5,1.5,0.8,0.8,0,0.0
evaluation-2d-09,uniform_clutter,2,9,46,20090046,SC-RRT,1,5000,5000,3165,3167,15222,1230,8913,3067,393.0,0.02547534997574985,156.0,2054.9537760104454,0.9290663038222879,1.209463765961118,1939.228299656795,0.9845093068936581,1,,1.3126783084502764,1.3126783084502764,0.9303182129471537,0.9303182129471537,99,0.019710799471934295
evaluation-2d-09,uniform_clutter,2,9,47,20090047,SC-RRT-no-SSFOR,1,5000,5000,3128,3130,14562,982,8774,3102,237.0,0.01639500499004498,119.0,2088.501211669766,0.9141427826499914,1.1337846179958433,1942.2945850179167,0.9829550697048702,1,,1.5,1.5,0.8,0.8,0,0.0
evaluation-2d-09,uniform_clutter,2,9,47,20090047,SC-RRT,1,5000,5000,3400,3402,15851,1026,9286,3031,237.0,0.01717849902343005,119.0,2088.501211669766,0.9141427826499914,1.2694700610009022,1944.6745273345934,0.9817521042045255,1,,1.285256893276098,1.285256893276098,0.9497694535113173,0.9497694535113173,99,0.0341538267738656
evaluation-2d-09,uniform_clutter,2,9,47,20090047,SC-RRT-no-ADCS,1,5000,5000,3623,3625,16044,1110,8700,3043,237.0,0.01593626500107348,119.0,2088.501211669766,0.9141427826499914,1.1978274490102194,1957.2924570895873,0.975423116912514,1,,4.0,4.0,0.0,0.0,0,0.0
evaluation-2d-09,uniform_clutter,2,9,48,20090048,SC-RRT,1,5000,5000,3421,3423,16190,991,9557,3453,219.0,0.016370836994610727,147.0,2209.432416837156,0.8641080372744405,1.3084984009619802,1950.893439737912,0.9786225481696035,1,,1.2871625176861605,1.2871625176861605,0.9484196104468421,0.9484196104468421,99,0.07515725038930524
evaluation-2d-09,uniform_clutter,2,9,48,20090048,SC-RRT-no-ADCS,1,5000,5000,3650,3652,15945,1058,8544,2887,219.0,0.017398793017491698,147.0,2209.432416837156,0.8641080372744405,1.2286383140017278,2031.359598692605,0.9398573794774904,1,,4.0,4.0,0.0,0.0,0,0.0
evaluation-2d-09,uniform_clutter,2,9,48,20090048,SC-RRT-no-SSFOR,1,5000,5000,3181,3183,14920,940,9190,3529,219.0,0.01623430399922654,147.0,2209.432416837156,0.8641080372744405,1.155920630961191,1936.2540374355438,0.9860216026881925,1,,1.5,1.5,0.8,0.8,0,0.0
evaluation-2d-09,uniform_clutter,2,9,49,20090049,SC-RRT-no-ADCS,1,5000,5000,3635,3637,16643,1044,9326,3585,202.0,0.014943428977858275,123.0,2131.8895637084615,0.8955380905766103,1.227221077948343,1946.0416803262506,0.9810623937322895,1,,4.0,4.0,0.0,0.0,0,0.0
evaluation-2d-09,uniform_clutter,2,9,49,20090049,SC-RRT-no-SSFOR,1,5000,5000,3093,3095,13918,1021,8527,3174,202.0,0.014290603983681649,123.0,2131.8895637084615,0.8955380905766103,1.0523334550089203,1955.2617808616792,0.976436162099125,1,,1.5,1.5,0.8,0.8,0,0.0
evaluation-2d-09,uniform_clutter,2,9,49,20090049,SC-RRT,1,5000,5000,3339,3341,15670,1041,9191,3023,202.0,0.015367259038612247,123.0,2131.8895637084615,0.8955380905766103,1.2997157989884727,1936.93814151835,0.9856733512961241,1,,1.2854020862708644,1.2854020862708644,0.949666620186141,0.949666620186141,99,0.03263353463514157
evaluation-3d-00,uniform_clutter,3,0,0,30000000,SC-RRT,1,5000,5000,3575,3577,10144,258,4866,888,192.0,0.01907869300339371,145.0,2637.2026692746344,0.8866472863312881,1.0140505220042542,2505.4444185397433,0.9332749802451435,1,,1.3079680619185585,1.3079680619185585,0.9336624194015528,0.9336624194015528,99,0.020660679361616526
evaluation-3d-00,uniform_clutter,3,0,0,30000000,SC-RRT-no-ADCS,1,5000,5000,3910,3912,10433,313,4243,558,192.0,0.017955666000489146,145.0,2637.2026692746344,0.8866472863312881,0.9557726320344955,2544.952194147175,0.9187868422815497,1,,4.0,4.0,0.0,0.0,0,0.0
evaluation-3d-00,uniform_clutter,3,0,0,30000000,SC-RRT-no-SSFOR,1,5000,5000,3625,3627,8971,293,3871,456,192.0,0.018404145957902074,145.0,2637.2026692746344,0.8866472863312881,0.9011310859932564,2564.4788070700097,0.9117909587599684,1,,1.5,1.5,0.8,0.8,0,0.0
evaluation-3d-00,uniform_clutter,3,0,1,30000001,SC-RRT-no-ADCS,1,5000,5000,3988,3990,10691,264,4466,649,169.0,0.01714808598626405,145.0,2565.0158496303275,0.9116000552413653,0.9916279849712737,2549.6021635587135,0.9171111570419475,1,,4.0,4.0,0.0,0.0,0,0.0
evaluation-3d-00,uniform_clutter,3,0,1,30000001,SC-RRT-no-SSFOR,1,5000,5000,3745,3747,9053,249,3904,464,169.0,0.01739337999606505,145.0,2565.0158496303275,0.9116000552413653,0.8977389800129458,2563.408360243269,0.9121717111026669,1,,1.5,1.5,0.8,0.8,0,0.0
evaluation-3d-00,uniform_clutter,3,0,1,30000001,SC-RRT,1,5000,5000,3641,3643,9414,251,4020,560,169.0,0.01753415004350245,145.0,2565.0158496303275,0.9116000552413653,0.8914285590290092,2560.4211948681673,0.9132359140381114,1,,1.4218179263169255,1.4218179263169255,0.8533252546823824,0.8533252546823824,99,0.00308548203089656
evaluation-3d-00,uniform_clutter,3,0,2,30000002,SC-RRT-no-SSFOR,1,5000,5000,3632,3634,9069,371,3844,448,222.0,0.020447378046810627,167.0,2708.769161612472,0.8632217995371976,0.8333782470435835,2664.7705615110285,0.8774746404028476,1,,1.5,1.5,0.8,0.8,0,0.0
evaluation-3d-00,uniform_clutter,3,0,2,30000002,SC-RRT,1,5000,5000,3493,3495,9700,363,4538,818,222.0,0.02020289102802053,167.0,2708.769161612472,0.8632217995371976,0.9201376240234822,2577.9649187540717,0.907021105371778,1,,1.300161336517523,1.300161336517523,0.9392030855149665,0.9392030855149665,99,0.024741403149072205
evaluation-3d-00,uniform_clutter,3,0,2,30000002,SC-RRT-no-ADCS,1,5000,5000,3889,3891,10982,382,4758,775,222.0,0.020727984025143087,167.0,2708.769161612472,0.8632217995371976,1.0127507349825464,2599.999227945751,0.8993343402126472,1,,4.0,4.0,0.0,0.0,0,0.0
evaluation-3d-00,uniform_clutter,3,0,3,30000003,SC-RRT,1,5000,5000,3601,3603,9210,300,3787,451,138.0,0.016715003992430866,116.0,2538.3757252537557,0.9211672515439899,0.8932589569594711,2537.6371036305354,0.9214353726435827,1,,1.4457713512385686,1.4457713512385686,0.836755698030015,0.836755698030015,99,0.0014002218301991363
evaluation-3d-00,uniform_clutter,3,0,3,30000003,SC-RRT-no-ADCS,1,5000,5000,3943,3945,10640,322,4322,568,138.0,0.01324629201553762,116.0,2538.3757252537557,0.9211672515439899,0.9635926290065981,2537.5811688770864,0.9214556834265519,1,,4.0,4.0,0.0,0.0,0,0.0
evaluation-3d-00,uniform_clutter,3,0,3,30000003,SC-RRT-no-SSFOR,1,5000,5000,3714,3716,9178,335,3938,423,138.0,0.013472864986397326,116.0,2538.3757252537557,0.9211672515439899,0.8790339489933103,2537.6336827668756,0.9214366147869237,1,,1.5,1.5,0.8,0.8,0,0.0
evaluation-3d-00,uniform_clutter,3,0,4,30000004,SC-RRT-no-ADCS,1,5000,5000,3884,3886,10667,332,4502,625,124.0,0.015039291989523917,113.0,2508.8497863392336,0.9320082066889499,0.9731546299881302,2497.762100916081,0.936145435692374,1,,4.0,4.0,0.0,0.0,0,0.0
evaluation-3d-00,uniform_clutter,3,0,4,30000004,SC-RRT-no-SSFOR,1,5000,5000,3660,3662,9105,312,3894,480,124.0,0.013112802989780903,113.0,2508.8497863392336,0.9320082066889499,0.8825981609988958,2501.585139777629,0.9347147746591737,1,,1.5,1.5,0.8,0.8,0,0.0
evaluation-3d-00,uniform_clutter,3,0,4,30000004,SC-RRT,1,5000,5000,3586,3588,9608,337,4152,629,124.0,0.013095313974190503,113.0,2508.8497863392336,0.9320082066889499,0.8995714159682393,2497.0730464641847,0.9364037602059478,1,,1.4372744431752877,1.4372744431752877,0.8426129117258273,0.8426129117258273,99,0.0023154954889056866
evaluation-3d-00,uniform_clutter,3,0,5,30000005,SC-RRT-no-SSFOR,1,5000,5000,3777,3779,9249,282,3837,399,144.0,0.015030076960101724,136.0,2706.2308640015267,0.8640314547150421,0.9331741450005211,2695.024922689686,0.8676241063790786,1,,1.5,1.5,0.8,0.8,0,0.0
evaluation-3d-00,uniform_clutter,3,0,5,30000005,SC-RRT,1,5000,5000,3597,3599,10619,254,5292,1326,144.0,0.01472725096391514,136.0,2706.2308640015267,0.8640314547150421,0.980233080976177,2644.251145560969,0.8842838525921971,1,,1.3945697006586224,1.3945697006586224,0.8723674288204986,0.8723674288204986,99,0.009073930877715682
evaluation-3d-00,uniform_clutter,3,0,5,30000005,SC-RRT-no-ADCS,1,5000,5000,3928,3930,10918,251,4804,867,144.0,0.015452441992238164,136.0,2706.2308640015267,0.8640314547150421,1.0239121670019813,2646.907894658621,0.8833962809724277,1,,4.0,4.0,0.0,0.0,0,0.0
evaluation-3d-00,uniform_clutter,3,0,6,30000006,SC-RRT,1,5000,5000,3571,3573,9366,314,4054,649,136.0,0.015559991996269673,128.0,2522.1635756258574,0.9270883985539118,0.900915473990608,2506.587848015932,0.932849248458944,1,,1.4444574136481216,1.4444574136481216,0.8376598902273013,0.8376598902273013,99,0.0021175905052315176
evaluation-3d-00,uniform_clutter,3,0,6,30000006,SC-RRT-no-ADCS,1,5000,5000,3941,3943,10958,293,4723,807,136.0,0.014079820015467703,128.0,2522.1635756258574,0.9270883985539118,0.9543234870070592,2515.566174462603,0.9295198090813513,1,,4.0,4.0,0.0,0.0,0,0.0
evaluation-3d-00,uniform_clutter,3,0,6,30000006,SC-RRT-no-SSFOR,1,5000,5000,3564,3566,8897,273,4153,728,136.0,0.014188569039106369,128.0,2522.1635756258574,0.9270883985539118,0.8853418070357293,2488.740833749775,0.9395388055311991,1,,1.5,1.5,0.8,0.8,0,0.0
evaluation-3d-00,uniform_clutter,3,0,7,30000007,SC-RRT-no-ADCS,1,5000,5000,3889,3891,10704,306,4567,751,184.0,0.01841193001018837,155.0,2655.752809159014,0.8804541530197737,1.0291866619954817,2618.7581161174885,0.8928921597710018,1,,4.0,4.0,0.0,0.0,0,0.0
evaluation-3d-00,uniform_clutter,3,0,7,30000007,SC-RRT-no-SSFOR,1,5000,5000,3703,3705,9187,299,3938,508,184.0,0.018702291999943554,155.0,2655.752809159014,0.8804541530197737,0.9629108900553547,2619.077333333807,0.8927833326867125,1,,1.5,1.5,0.8,0.8,0,0.0
evaluation-3d-00,uniform_clutter,3,0,7,30000007,SC-RRT,1,5000,5000,3575,3577,9401,302,4053,566,184.0,0.018154288991354406,155.0,2655.752809159014,0.8804541530197737,0.9320215539773926,2619.2890340290855,0.8927111746125912,1,,1.4000904967005883,1.4000904967005883,0.8684948803305105,0.8684948803305105,99,0.008474464853151335
evaluation-3d-00,uniform_clutter,3,0,8,30000008,SC-RRT-no-SSFOR,1,5000,5000,3616,3618,8806,285,3702,447,219.0,0.02209877804853022,166.0,2630.3050678584045,0.8889723928950202,0.8786985480110161,2617.507316593094,0.8933188363581873,1,,1.5,1.5,0.8,0.8,0,0.0
evaluation-3d-00,uniform_clutter,3,0,8,30000008,SC-RRT,1,5000,5000,3530,3532,9104,306,3905,620,219.0,0.021247218013741076,166.0,2630.3050678584045,0.8889723928950202,0.9101288910023868,2592.180330164668,0.9020470385520771,1,,1.3701571785582671,1.3701571785582671,0.8895628657356526,0.8895628657356526,99,0.012149483129555577
evaluation-3d-00,uniform_clutter,3,0,8,30000008,SC-RRT-no-ADCS,1,5000,5000,3888,3890,10530,323,4419,683,219.0,0.022135681996587664,166.0,2630.3050678584045,0.8889723928950202,0.9797667220118456,2622.289229747142,0.8916898119752622,1,,4.0,4.0,0.0,0.0,0,0.0
evaluation-3d-00,uniform_clutter,3,0,9,30000009,SC-RRT,1,5000,5000,3523,3525,9573,272,4432,881,132.0,0.013376313028857112,108.0,2497.758775175378,0.936146682160612,0.9092223870102316,2469.97378656462,0.946677492262046,1,,1.4232546433129651,1.4232546433129651,0.8523265599157874,0.8523265599157874,99,0.002481164592226133
evaluation-3d-00,uniform_clutter,3,0,9,30000009,SC-RRT-no-ADCS,1,5000,5000,3902,3904,10358,283,4254,591,132.0,0.013147825025953352,108.0,2497.758775175378,0.936146682160612,0.9822087590000592,2469.97378656462,0.946677492262046,1,,4.0,4.0,0.0,0.0,0,0.0
evaluation-3d-00,uniform_clutter,3,0,9,30000009,SC-RRT-no-SSFOR,1,5000,5000,3654,3656,9032,269,4064,546,132.0,0.012945814989507198,108.0,2497.758775175378,0.936146682160612,0.8427838369971141,2497.758775175378,0.936146682160612,1,,1.5,1.5,0.8,0.8,0,0.0
evaluation-3d-00,uniform_clutter,3,0,10,30000010,SC-RRT-no-ADCS,1,5000,5000,3856,3858,11550,400,5338,857,154.0,0.016640124027617276,126.0,2568.459336830011,0.9103778894564365,1.0888374340138398,2512.8618853365765,0.9305201387559718,1,,4.0,4.0,0.0,0.0,0,0.0
evaluation-3d-00,uniform_clutter,3,0,10,30000010,SC-RRT-no-SSFOR,1,5000,5000,3613,3615,8968,298,3878,436,154.0,0.015368445019703358,126.0,2568.459336830011,0.9103778894564365,0.8632420219946653,2495.245561363593,0.937089570030204,1,,1.5,1.5,0.8,0.8,0,0.0
evaluation-3d-00,uniform_clutter,3,0,10,30000010,SC-RRT,1,5000,5000,3500,3502,10183,394,4865,972,154.0,0.01609839900629595,126.0,2568.459336830011,0.9103778894564365,0.9772226370405406,2493.068174664893,0.93790800186693,1,,1.3436656727309977,1.3436656727309977,0.9083196974072596,0.9083196974072596,99,0.015289320827460474
evaluation-3d-00,uniform_clutter,3,0,11,30000011,SC-RRT-no-SSFOR,1,5000,5000,3733,3735,9252,334,3894,482,139.0,0.014308871002867818,121.0,2602.038869824722,0.8986293853386956,0.9002174119814299,2563.9780007502345,0.9119690533747924,1,,1.5,1.5,0.8,0.8,0,0.0
evaluation-3d-00,uniform_clutter,3,0,11,30000011,SC-RRT,1,5000,5000,3500,3502,9959,399,4626,1061,139.0,0.014173701987601817,121.0,2602.038869824722,0.8986293853386956,0.9832557199988514,2533.090549256619,0.923089224309092,1,,1.3793174726027186,1.3793174726027186,0.8830982866908788,0.8830982866908788,99,0.017831542773871088
evaluation-3d-00,uniform_clutter,3,0,11,30000011,SC-RRT-no-ADCS,1,5000,5000,3868,3870,10851,389,4594,684,139.0,0.014052671031095088,121.0,2602.038869824722,0.8986293853386956,1.013071833003778,2586.6840954837576,0.9039637249482856,1,,4.0,4.0,0.0,0.0,0,0.0
evaluation-3d-00,uniform_clutter,3,0,12,30000012,SC-RRT,1,5000,5000,3621,3623,9572,319,4100,589,157.0,0.015735591005068272,118.0,2580.4287240653116,0.9061550774144932,0.9008394699776545,2558.936514313959,0.9137657683722822,1,,1.3923340699271471,1.3923340699271471,0.8739374688593302,0.8739374688593302,98,0.008348260276196052
evaluation-3d-00,uniform_clutter,3,0,12,30000012,SC-RRT-no-ADCS,1,5000,5000,3943,3945,10848,312,4555,687,157.0,0.015705319005064666,118.0,2580.4287240653116,0.9061550774144932,0.9433436549734324,2563.1564266823343,0.9122613687860489,1,,4.0,4.0,0.0,0.0,0,0.0
evaluation-3d-00,uniform_clutter,3,0,12,30000012,SC-RRT-no-SSFOR,1,5000,5000,3667,3669,8942,279,3836,447,157.0,0.014782598009333014,118.0,2580.4287240653116,0.9061550774144932,0.8397053069784306,2564.9190459711276,0.9116344603120489,1,,1.5,1.5,0.8,0.8,0,0.0
evaluation-3d-00,uniform_clutter,3,0,13,30000013,SC-RRT-no-ADCS,1,5000,5000,3882,3884,10706,316,4561,758,159.0,0.015361017023678869,131.0,2545.5454708874604,0.9185727055202778,0.9933245370048098,2521.4575357593762,0.9273479949817113,1,,4.0,4.0,0.0,0.0,0,0.0
evaluation-3d-00,uniform_clutter,3,0,13,30000013,SC-RRT-no-SSFOR,1,5000,5000,3763,3765,9220,295,3882,368,159.0,0.015849951014388353,131.0,2545.5454708874604,0.9185727055202778,0.8908126520109363,2543.5748800764177,0.9192843538963298,1,,1.5,1.5,0.8,0.8,0,0.0
evaluation-3d-00,uniform_clutter,3,0,13,30000013,SC-RRT,1,5000,5000,3606,3608,9399,304,3992,563,159.0,0.016467464971356094,131.0,2545.5454708874604,0.9185727055202778,0.9071875989902765,2536.8088656171185,0.9217362103664691,1,,1.4204887983658043,1.4204887983658043,0.8542496774295825,0.8542496774295825,99,0.003683290468569754
evaluation-3d-00,uniform_clutter,3,0,14,30000014,SC-RRT-no-SSFOR,1,5000,5000,3672,3674,9054,306,3891,483,150.0,0.01564918499207124,126.0,2534.8645105957044,0.9224432234717274,0.8923365470254794,2532.7645820927673,0.9232080260242445,1,,1.5,1.5,0.8,0.8,0,0.0
evaluation-3d-00,uniform_clutter,3,0,14,30000014,SC-RRT,1,5000,5000,3662,3664,9576,282,4085,627,150.0,0.015624569961801171,126.0,2534.8645105957044,0.9224432234717274,0.9425871689454652,2525.2193605386924,0.9259665226545598,1,,1.4383679591804577,1.4383679591804577,0.8418578016492069,0.8418578016492069,99,0.0023285832860370187
evaluation-3d-00,uniform_clutter,3,0,14,30000014,SC-RRT-no-ADCS,1,5000,5000,3973,3975,10820,304,4478,661,150.0,0.01519777497742325,126.0,2534.8645105957044,0.9224432234717274,1.034009071008768,2527.962434891007,0.9249617628589479,1,,4.0,4.0,0.0,0.0,0,0.0
evaluation-3d-00,uniform_clutter,3,0,15,30000015,SC-RRT,1,5000,5000,3645,3647,10411,243,5038,1097,204.0,0.021597446990199387,182.0,2679.990467926688,0.8724913831603779,1.0791112460428849,2565.141046806019,0.9115555626578411,1,,1.3241728245817186,1.3241728245817186,0.9221557777746732,0.9221557777746732,99,0.014264122786345137
evaluation-3d-00,uniform_clutter,3,0,15,30000015,SC-RRT-no-ADCS,1,5000,5000,3994,3996,10994,261,4728,777,204.0,0.021397867996711284,182.0,2679.990467926688,0.8724913831603779,1.0382940419949591,2589.1971276243307,0.9030863526267768,1,,4.0,4.0,0.0,0.0,0,0.0
evaluation-3d-00,uniform_clutter,3,0,15,30000015,SC-RRT-no-SSFOR,1,5000,5000,3763,3765,9302,294,4019,539,204.0,0.023210424988064915,182.0,2679.990467926688,0.8724913831603779,0.899483788991347,2654.9440620502382,0.8807223563167254,1,,1.5,1.5,0.8,0.8,0,0.0
evaluation-3d-00,uniform_clutter,3,0,16,30000016,SC-RRT-no-ADCS,1,5000,5000,3887,3889,10628,351,4386,638,137.0,0.013277433987241238,122.0,2529.083171938354,0.9245518756213443,0.9520750840310939,2503.152554276859,0.9341294785341165,1,,4.0,4.0,0.0,0.0,0,0.0
evaluation-3d-00,uniform_clutter,3,0,16,30000016,SC-RRT-no-SSFOR,1,5000,5000,3707,3709,9334,327,4108,533,137.0,0.013111351989209652,122.0,2529.083171938354,0.9245518756213443,0.8530418599839322,2516.536146999063,0.9291615353931393,1,,1.5,1.5,0.8,0.8,0,0.0
evaluation-3d-00,uniform_clutter,3,0,16,30000016,SC-RRT,1,5000,5000,3561,3563,9378,331,3935,534,137.0,0.013380095013417304,122.0,2529.083171938354,0.9245518756213443,0.8516364500392228,2507.5758571228207,0.9324816968452158,1,,1.4193063910134591,1.4193063910134591,0.855072466201636,0.855072466201636,99,0.0038566629551788105
evaluation-3d-00,uniform_clutter,3,0,17,30000017,SC-RRT-no-SSFOR,1,5000,5000,3545,3547,8766,334,3839,504,267.0,0.023218989023007452,180.0,2622.309545189709,0.8916829039146955,0.8073819960118271,2559.0693298004326,0.9137183440045107,1,,1.5,1.5,0.8,0.8,0,0.0
evaluation-3d-00,uniform_clutter,3,0,17,30000017,SC-RRT,1,5000,5000,3539,3541,9167,299,3925,560,267.0,0.02309605001937598,180.0,2622.309545189709,0.8916829039146955,0.8385064459871501,2553.023743860988,0.9158820382460583,1,,1.3583593130776208,1.3583593130776208,0.8979065860023362,0.8979065860023362,99,0.012022387072450872
evaluation-3d-00,uniform_clutter,3,0,17,30000017,SC-RRT-no-ADCS,1,5000,5000,3887,3889,10675,315,4544,772,267.0,0.023169367050286382,180.0,2622.309545189709,0.8916829039146955,0.9758008040371351,2551.5691439765596,0.9164041647618643,1,,4.0,4.0,0.0,0.0,0,0.0
evaluation-3d-00,uniform_clutter,3,0,18,30000018,SC-RRT,1,5000,5000,3595,3597,9857,260,4480,866,191.0,0.01745016296627,152.0,2626.97313069335,0.8900999263745166,0.9574676579795778,2588.765569051392,0.9032369010820868,1,,1.3788610717676315,1.3788610717676315,0.8834200538055387,0.8834200538055387,99,0.010951295369385957
evaluation-3d-00,uniform_clutter,3,0,18,30000018,SC-RRT-no-ADCS,1,5000,5000,3920,3922,10577,293,4377,611,191.0,0.017289840034209192,152.0,2626.97313069335,0.8900999263745166,0.9262939700274728,2605.614285527771,0.8973962889309093,1,,4.0,4.0,0.0,0.0,0,0.0
evaluation-3d-00,uniform_clutter,3,0,18,30000018,SC-RRT-no-SSFOR,1,5000,5000,3636,3638,8946,370,3742,421,191.0,0.017417049035429955,152.0,2626.97313069335,0.8900999263745166,0.8341386180254631,2610.564411624157,0.895694655073933,1,,1.5,1.5,0.8,0.8,0,0.0
evaluation-3d-00,uniform_clutter,3,0,19,30000019,SC-RRT-no-ADCS,1,5000,5000,3869,3871,10685,382,4476,779,143.0,0.014141455991193652,134.0,2594.505499555354,0.9012386331879876,0.9185176700120792,2594.504276358748,0.9012390580830426,1,,4.0,4.0,0.0,0.0,0,0.0
evaluation-3d-00,uniform_clutter,3,0,19,30000019,SC-RRT-no-SSFOR,1,5000,5000,3692,3694,9086,263,3916,498,143.0,0.01418176299193874,134.0,2594.505499555354,0.9012386331879876,0.8623242120374925,2552.99419764552,0.9158926378972717,1,,1.5,1.5,0.8,0.8,0,0.0
evaluation-3d-00,uniform_clutter,3,0,19,30000019,SC-RRT,1,5000,5000,3540,3542,9135,397,3747,507,143.0,0.014223764999769628,134.0,2594.505499555354,0.9012386331879876,0.8252325730281882,2587.558029671627,0.9036584159292154,1,,1.4361601406951245,1.4361601406951245,0.8433827651705648,0.8433827651705648,99,0.003828140298194734
evaluation-3d-00,uniform_clutter,3,0,20,30000020,SC-RRT-no-SSFOR,1,5000,5000,3600,3602,9046,325,4023,606,183.0,0.016264119010884315,134.0,2547.4729293890914,0.9178776988137509,0.8193070060224272,2528.486835219397,0.9247699286577825,1,,1.5,1.5,0.8,0.8,0,0.0
evaluation-3d-00,uniform_clutter,3,0,20,30000020,SC-RRT,1,5000,5000,3536,3538,9319,321,4028,548,183.0,0.016086626041214913,134.0,2547.4729293890914,0.9178776988137509,0.8068571570329368,2524.973095648087,0.9260568337334377,1,,1.3919626437160262,1.3919626437160262,0.8741984148543267,0.8741984148543267,99,0.004889107545358239
evaluation-3d-00,uniform_clutter,3,0,20,30000020,SC-RRT-no-ADCS,1,5000,5000,3935,3937,10816,326,4583,728,183.0,0.01622623298317194,134.0,2547.4729293890914,0.9178776988137509,0.8941466009709984,2527.8080425065364,0.9250182572800869,1,,4.0,4.0,0.0,0.0,0,0.0
evaluation-3d-00,uniform_clutter,3,0,21,30000021,SC-RRT,1,5000,5000,3623,3625,9460,237,4057,628,157.0,0.015590501017868519,141.0,2666.2745979467277,0.8769796599415013,0.8165130109991878,2640.7233894989527,0.885465171973822,1,,1.4213931805240163,1.4213931805240163,0.8536206163502915,0.8536206163502915,99,0.0027377268458015783
evaluation-3d-00,uniform_clutter,3,0,21,30000021,SC-RRT-no-ADCS,1,5000,5000,3981,3983,10798,222,4523,655,157.0,0.015560390951577574,141.0,2666.2745979467277,0.8769796599415013,0.9282133189844899,2641.136353352625,0.8853267220565176,1,,4.0,4.0,0.0,0.0,0,0.0
evaluation-3d-00,uniform_clutter,3,0,21,30000021,SC-RRT-no-SSFOR,1,5000,5000,3625,3627,9044,368,3832,497,157.0,0.015098108036909252,141.0,2666.2745979467277,0.8769796599415013,0.8185535910306498,2647.5489209170814,0.8831823924930664,1,,1.5,1.5,0.8,0.8,0,0.0
evaluation-3d-00,uniform_clutter,3,0,22,30000022,SC-RRT-no-ADCS,1,5000,5000,3909,3911,10644,307,4469,676,128.0,0.012244734971318394,118.0,2517.9007809599825,0.9286579550312896,0.8558491119765677,2517.9007809599825,0.9286579550312896,1,,4.0,4.0,0.0,0.0,0,0.0
evaluation-3d-00,uniform_clutter,3,0,22,30000022,SC-RRT-no-SSFOR,1,5000,5000,3655,3657,9038,272,3958,525,128.0,0.0122573510161601,118.0,2517.9007809599825,0.9286579550312896,0.7906392720178701,2517.9007809599825,0.9286579550312896,1,,1.5,1.5,0.8,0.8,0,0.0
evaluation-3d-00,uniform_clutter,3,0,22,30000022,SC-RRT,1,5000,5000,3567,3569,9360,307,4009,550,128.0,0.012206354993395507,118.0,2517.9007809599825,0.9286579550312896,0.776939635979943,2512.629598049819,0.9306061633727608,1,,1.4342991993905314,1.4342991993905314,0.8446693274168721,0.8446693274168721,99,0.003397062431024404
evaluation-3d-00,uniform_clutter,3,0,23,30000023,SC-RRT-no-SSFOR,1,5000,5000,3602,3604,9122,380,3987,588,258.0,0.02142945199739188,183.0,2807.1384486039174,0.8329723072194328,0.7727611560258083,2619.920276907182,0.8924960850252711,1,,1.5,1.5,0.8,0.8,0,0.0
evaluation-3d-00,uniform_clutter,3,0,23,30000023,SC-RRT,1,5000,5000,3520,3522,9715,392,4400,927,258.0,0.021527072007302195,183.0,2807.1384486039174,0.8329723072194328,0.8542698540259153,2564.2316997689827,0.9118788253138919,1,,1.3021264672667776,1.3021264672667776,0.9378086708942062,0.9378086708942062,99,0.0244173921695974
evaluation-3d-00,uniform_clutter,3,0,23,30000023,SC-RRT-no-ADCS,1,5000,5000,3800,3802,10324,425,4280,680,258.0,0.02137689699884504,183.0,2807.1384486039174,0.8329723072194328,0.8688031689962372,2615.6319178219546,0.8939593427828593,1,,4.0,4.0,0.0,0.0,0,0.0
evaluation-3d-00,uniform_clutter,3,0,24,30000024,SC-RRT,1,5000,5000,3520,3522,9313,336,4027,713,174.0,0.017330602975562215,139.0,2577.571532851145,0.9071595338545428,0.8779514610068873,2546.0731738161253,0.9183823207694075,1,,1.410758020451102,1.410758020451102,0.861032086850893,0.861032086850893,99,0.006481156330789808
evaluation-3d-00,uniform_clutter,3,0,24,30000024,SC-RRT-no-ADCS,1,5000,5000,3863,3865,10946,352,4795,963,174.0,0.017238865024410188,139.0,2577.571532851145,0.9071595338545428,1.0050236910465173,2554.278569465546,0.9154320981940669,1,,4.0,4.0,0.0,0.0,0,0.0
evaluation-3d-00,uniform_clutter,3,0,24,30000024,SC-RRT-no-SSFOR,1,5000,5000,3710,3712,9122,307,3881,428,174.0,0.015801248024217784,139.0,2577.571532851145,0.9071595338545428,0.8107940820045769,2565.8882679599487,0.9112901054249968,1,,1.5,1.5,0.8,0.8,0,0.0
evaluation-3d-00,uniform_clutter,3,0,25,30000025,SC-RRT-no-ADCS,1,5000,5000,3985,3987,10786,248,4490,665,127.0,0.012819994008168578,118.0,2545.254561568539,0.9186776935887319,0.9144164510071278,2543.8481076457247,0.9191856161498574,1,,4.0,4.0,0.0,0.0,0,0.0
evaluation-3d-00,uniform_clutter,3,0,25,30000025,SC-RRT-no-SSFOR,1,5000,5000,3659,3661,8903,389,3722,438,127.0,0.013027777022216469,118.0,2545.254561568539,0.9186776935887319,0.8362043219967745,2545.185132896806,0.9187027536801147,1,,1.5,1.5,0.8,0.8,0,0.0
evaluation-3d-00,uniform_clutter,3,0,25,30000025,SC-RRT,1,5000,5000,3646,3648,9494,267,4026,577,127.0,0.013062821002677083,118.0,2545.254561568539,0.9186776935887319,0.8879445900092833,2532.4155189844014,0.9233352791787195,1,,1.436930711231011,1.436930711231011,0.8428503487308399,0.8428503487308399,99,0.004696832826017137
evaluation-3d-00,uniform_clutter,3,0,26,30000026,SC-RRT-no-SSFOR,1,5000,5000,3744,3746,9294,297,4039,544,116.0,0.012634320999495685,110.0,2549.250679053824,0.917237606105435,0.9129365409607999,2545.1970890024386,0.9186984380586583,1,,1.5,1.5,0.8,0.8,0,0.0
evaluation-3d-00,uniform_clutter,3,0,26,30000026,SC-RRT,1,5000,5000,3564,3566,9210,319,3891,545,116.0,0.013314698997419327,110.0,2549.250679053824,0.917237606105435,0.8900570669793524,2536.5825282511382,0.9218184562006414,1,,1.4366774420384691,1.4366774420384691,0.8430253213856733,0.8430253213856733,99,0.0031741639660463005
evaluation-3d-00,uniform_clutter,3,0,26,30000026,SC-RRT-no-ADCS,1,5000,5000,3887,3889,10663,316,4507,697,116.0,0.013626408006530255,110.0,2549.250679053824,0.917237606105435,0.968827930977568,2540.202717571953,0.9205047195812044,1,,4.0,4.0,0.0,0.0,0,0.0
evaluation-3d-00,uniform_clutter,3,0,27,30000027,SC-RRT,1,5000,5000,3612,3614,9548,325,4057,509,136.0,0.014189708977937698,116.0,2611.811230390351,0.8952670709929201,1.0798990579787642,2568.61389139317,0.9103231116412555,1,,1.4257081407904224,1.4257081407904224,0.8506224364140607,0.8506224364140607,99,0.008659902857849013
evaluation-3d-00,uniform_clutter,3,0,27,30000027,SC-RRT-no-ADCS,1,5000,5000,3872,3874,10922,349,4719,798,136.0,0.013539257983211428,116.0,2611.811230390351,0.8952670709929201,0.995120648003649,2552.9553919518135,0.9159065597422388,1,,4.0,4.0,0.0,0.0,0,0.0
evaluation-3d-00,uniform_clutter,3,0,27,30000027,SC-RRT-no-SSFOR,1,5000,5000,3750,3752,9339,291,4100,523,136.0,0.013347428990527987,116.0,2611.811230390351,0.8952670709929201,0.9466753529850394,2585.874459345136,0.9042467555869448,1,,1.5,1.5,0.8,0.8,0,0.0
evaluation-3d-00,uniform_clutter,3,0,28,30000028,SC-RRT-no-ADCS,1,5000,5000,3955,3957,11272,295,4953,791,144.0,0.014299877046141773,126.0,2607.558272317781,0.8967272620678834,0.9828970980015583,2593.549478248458,0.9015708432896847,1,,4.0,4.0,0.0,0.0,0,0.0
evaluation-3d-00,uniform_clutter,3,0,28,30000028,SC-RRT-no-SSFOR,1,5000,5000,3701,3703,9161,289,3914,456,144.0,0.015368314983788878,126.0,2607.558272317781,0.8967272620678834,0.8906603350187652,2592.821482071202,0.901823980704651,1,,1.5,1.5,0.8,0.8,0,0.0
evaluation-3d-00,uniform_clutter,3,0,28,30000028,SC-RRT,1,5000,5000,3600,3602,9677,299,4239,651,144.0,0.014410672010853887,126.0,2607.558272317781,0.8967272620678834,0.8824556290055625,2586.8172593185427,0.903917190823895,1,,1.423212096417156,1.423212096417156,0.8523561268498024,0.8523561268498024,99,0.005094755743211212
evaluation-3d-00,uniform_clutter,3,0,29,30000029,SC-RRT-no-SSFOR,1,5000,5000,3664,3666,8985,256,3831,464,172.0,0.01780282804975286,145.0,2621.5415114243747,0.8919441405097268,0.8684973799972795,2580.9344229504536,0.9059775286909225,1,,1.5,1.5,0.8,0.8,0,0.0
evaluation-3d-00,uniform_clutter,3,0,29,30000029,SC-RRT,1,5000,5000,3592,3594,9356,308,4022,564,172.0,0.016754302952904254,145.0,2621.5415114243747,0.8919441405097268,0.8447865209891461,2590.805194279901,0.9025258230068864,1,,1.4170347923249806,1.4170347923249806,0.8566542513154163,0.8566542513154163,98,0.00296758353118769
evaluation-3d-00,uniform_clutter,3,0,29,30000029,SC-RRT-no-ADCS,1,5000,5000,3893,3895,10462,334,4335,507,172.0,0.017174046020954847,145.0,2621.5415114243747,0.8919441405097268,0.9221817380166613,2590.8681696977537,0.9025038855955232,1,,4.0,4.0,0.0,0.0,0,0.0
evaluation-3d-00,uniform_clutter,3,0,30,30000030,SC-RRT,1,5000,5000,3575,3577,9494,264,4199,781,158.0,0.015938370022922754,143.0,2609.2883903992447,0.8961326769480655,0.8600946580409072,2564.3546704973282,0.9118350971960142,1,,1.3830118907110718,1.3830118907110718,0.8804950213652629,0.8804950213652629,98,0.008659331589852777
evaluation-3d-00,uniform_clutter,3,0,30,30000030,SC-RRT-no-ADCS,1,5000,5000,3907,3909,10951,288,4795,975,158.0,0.01622197002870962,143.0,2609.2883903992447,0.8961326769480655,0.9919534560176544,2575.5076511656707,0.9078864856641709,1,,4.0,4.0,0.0,0.0,0,0.0
evaluation-3d-00,uniform_clutter,3,0,30,30000030,SC-RRT-no-SSFOR,1,5000,5000,3663,3665,9149,326,3922,538,158.0,0.01607952400809154,143.0,2609.2883903992447,0.8961326769480655,0.8680000239983201,2569.316160146678,0.9100742938870148,1,,1.5,1.5,0.8,0.8,0,0.0
evaluation-3d-00,uniform_clutter,3,0,31,30000031,SC-RRT-no-ADCS,1,5000,5000,3889,3891,10620,288,4452,733,126.0,0.013092025008518249,117.0,2548.9060143666406,0.9173616355560305,0.9626634250162169,2533.324349826556,0.9230040323806439,1,,4.0,4.0,0.0,0.0,0,0.0
evaluation-3d-00,uniform_clutter,3,0,31,30000031,SC-RRT-no-SSFOR,1,5000,5000,3637,3639,9101,267,4053,607,126.0,0.013343275990337133,117.0,2548.9060143666406,0.9173616355560305,0.8682224059593864,2538.1279486169697,0.9212571775556512,1,,1.5,1.5,0.8,0.8,0,0.0
evaluation-3d-00,uniform_clutter,3,0,31,30000031,SC-RRT,1,5000,5000,3614,3616,9490,299,4021,532,126.0,0.012981908046640456,117.0,2548.9060143666406,0.9173616355560305,0.8932949510053732,2530.9120354782717,0.9238837847543432,1,,1.416622750625537,1.416622750625537,0.8569413182720504,0.8569413182720504,99,0.003616178679871633
evaluation-3d-00,uniform_clutter,3,0,32,30000032,SC-RRT-no-SSFOR,1,5000,5000,3688,3690,9220,333,3973,573,221.0,0.021111236012075096,175.0,2730.125671334461,0.8564692148677022,0.887488656968344,2656.7355460803483,0.8801284695677676,1,,1.5,1.5,0.8,0.8,0,0.0
evaluation-3d-00,uniform_clutter,3,0,32,30000032,SC-RRT,1,5000,5000,3589,3591,9882,270,4624,1028,221.0,0.02134309202665463,175.0,2730.125671334461,0.8564692148677022,0.94994126399979,2612.25876233803,0.8951136939149097,1,,1.3288945056962105,1.3288945056962105,0.9188030415229125,0.9188030415229125,99,0.02523132643528058
evaluation-3d-00,uniform_clutter,3,0,32,30000032,SC-RRT-no-ADCS,1,5000,5000,3943,3945,10758,287,4593,799,221.0,0.020526917011011392,175.0,2730.125671334461,0.8564692148677022,0.9487069610040635,2675.0444033235094,0.8741045895585469,1,,4.0,4.0,0.0,0.0,0,0.0
evaluation-3d-00,uniform_clutter,3,0,33,30000033,SC-RRT,1,5000,5000,3575,3577,9460,292,4103,691,143.0,0.015367911953944713,130.0,2564.505865581662,0.911781338307696,0.8774518959689885,2538.6710539701144,0.9210600903024716,1,,1.4044689814605986,1.4044689814605986,0.8654284854915354,0.8654284854915354,99,0.00788232079424831
evaluation-3d-00,uniform_clutter,3,0,33,30000033,SC-RRT-no-ADCS,1,5000,5000,3891,3893,10549,303,4347,641,143.0,0.01544260699301958,130.0,2564.505865581662,0.911781338307696,0.9985736249946058,2551.068303339609,0.9165840785826674,1,,4.0,4.0,0.0,0.0,0,0.0
evaluation-3d-00,uniform_clutter,3,0,33,30000033,SC-RRT-no-SSFOR,1,5000,5000,3709,3711,9071,325,3838,402,143.0,0.01571793999755755,130.0,2564.505865581662,0.911781338307696,0.8882237839861773,2556.7893163635977,0.9145331511098438,1,,1.5,1.5,0.8,0.8,0,0.0
evaluation-3d-00,uniform_clutter,3,0,34,30000034,SC-RRT-no-ADCS,1,5000,5000,3966,3968,11114,302,4742,841,151.0,0.014686459035146981,126.0,2500.8452874808,0.9349913015104643,1.0384609450120479,2473.360323888931,0.9453812967054722,1,,4.0,4.0,0.0,0.0,0,0.0
evaluation-3d-00,uniform_clutter,3,0,34,30000034,SC-RRT-no-SSFOR,1,5000,5000,3770,3772,9191,294,3960,510,151.0,0.014748844027053565,126.0,2500.8452874808,0.9349913015104643,0.8555371300317347,2497.2090724286254,0.9363527531733392,1,,1.5,1.5,0.8,0.8,0,0.0
evaluation-3d-00,uniform_clutter,3,0,34,30000034,SC-RRT,1,5000,5000,3593,3595,9560,310,4090,590,151.0,0.014889243990182877,126.0,2500.8452874808,0.9349913015104643,0.9042455129674636,2475.7100252294326,0.9444840334244269,1,,1.4349286595626856,1.4349286595626856,0.8442340291134565,0.8442340291134565,99,0.003262545227226915
evaluation-3d-00,uniform_clutter,3,0,35,30000035,SC-RRT-no-SSFOR,1,5000,5000,3559,3561,9126,355,4084,680,196.0,0.020294777990784496,150.0,2626.614253439125,0.8902215417267308,0.9184898430248722,2519.1916992983115,0.9281820795413381,1,,1.5,1.5,0.8,0.8,0,0.0
evaluation-3d-00,uniform_clutter,3,0,35,30000035,SC-RRT,1,5000,5000,3583,3585,9204,322,3932,544,196.0,0.019505755975842476,150.0,2626.614253439125,0.8902215417267308,0.8436332020210102,2564.9798693642115,0.9116128427150492,1,,1.4136196810650643,1.4136196810650643,0.8590349009806709,0.8590349009806709,99,0.003009691317422866
evaluation-3d-00,uniform_clutter,3,0,35,30000035,SC-RRT-no-ADCS,1,5000,5000,3865,3867,10566,355,4493,755,196.0,0.01909971603890881,150.0,2626.614253439125,0.8902215417267308,0.9478027680306695,2560.608687302231,0.9131690452403735,1,,4.0,4.0,0.0,0.0,0,0.0
evaluation-3d-00,uniform_clutter,3,0,36,30000036,SC-RRT,1,5000,5000,3561,3563,9209,293,3960,615,260.0,0.0236884219921194,187.0,2744.221380981554,0.8520699555885071,0.8398760510026477,2689.7836678735284,0.869314740120553,1,,1.3962159804065557,1.3962159804065557,0.8712119541955842,0.8712119541955842,99,0.004657354052045595
evaluation-3d-00,uniform_clutter,3,0,36,30000036,SC-RRT-no-ADCS,1,5000,5000,3917,3919,10578,323,4436,739,260.0,0.024430328980088234,187.0,2744.221380981554,0.8520699555885071,0.9823747089831159,2690.3953703838947,0.8691170881268409,1,,4.0,4.0,0.0,0.0,0,0.0
evaluation-3d-00,uniform_clutter,3,0,36,30000036,SC-RRT-no-SSFOR,1,5000,5000,3718,3720,9340,338,4031,606,260.0,0.024606412975117564,187.0,2744.221380981554,0.8520699555885071,0.9237267659627832,2624.4249575038266,0.8909641647524893,1,,1.5,1.5,0.8,0.8,0,0.0
evaluation-3d-00,uniform_clutter,3,0,37,30000037,SC-RRT-no-ADCS,1,5000,5000,3839,3841,10702,327,4650,842,135.0,0.014197447977494448,123.0,2542.7407702770574,0.9195859120012482,1.0001364430063404,2536.319286083851,0.9219141308617881,1,,4.0,4.0,0.0,0.0,0,0.0
evaluation-3d-00,uniform_clutter,3,0,37,30000037,SC-RRT-no-SSFOR,1,5000,5000,3597,3599,8855,348,3742,437,135.0,0.013663383957464248,123.0,2542.7407702770574,0.9195859120012482,0.8694969839998521,2542.7407702770574,0.9195859120012482,1,,1.5,1.5,0.8,0.8,0,0.0
evaluation-3d-00,uniform_clutter,3,0,37,30000037,SC-RRT,1,5000,5000,3532,3534,9284,313,3995,572,135.0,0.013774790975730866,123.0,2542.7407702770574,0.9195859120012482,0.8917852739687078,2538.187182410244,0.921235678133707,1,,1.4372252564608796,1.4372252564608796,0.8426468857524788,0.8426468857524788,98,0.0018623739796049304
evaluation-3d-00,uniform_clutter,3,0,38,30000038,SC-RRT-no-SSFOR,1,5000,5000,3660,3662,8860,273,3684,341,129.0,0.013792873010970652,121.0,2594.050156779342,0.9013968307849047,0.8698695190250874,2587.2035951710236,0.9037822128039429,1,,1.5,1.5,0.8,0.8,0,0.0
evaluation-3d-00,uniform_clutter,3,0,38,30000038,SC-RRT,1,5000,5000,3623,3625,9552,308,4079,554,129.0,0.014563269971404225,121.0,2594.050156779342,0.9013968307849047,0.9495312719955109,2569.283167579716,0.910085980293348,1,,1.4103343379495195,1.4103343379495195,0.8613279574375027,0.8613279574375027,99,0.008039758956324783
evaluation-3d-00,uniform_clutter,3,0,38,30000038,SC-RRT-no-ADCS,1,5000,5000,3942,3944,10817,325,4511,616,129.0,0.014519359974656254,121.0,2594.050156779342,0.9013968307849047,1.039640603994485,2584.5473568040816,0.9047110644199482,1,,4.0,4.0,0.0,0.0,0,0.0
evaluation-3d-00,uniform_clutter,3,0,39,30000039,SC-RRT,1,5000,5000,3522,3524,9750,300,4564,892,152.0,0.015385865001007915,125.0,2532.8723112459875,0.9231687597657567,0.8922001019818708,2520.0703909698236,0.9278584433977358,1,,1.4156062642865723,1.4156062642865723,0.8576496922165568,0.8576496922165568,99,0.003397573109747848
evaluation-3d-00,uniform_clutter,3,0,39,30000039,SC-RRT-no-ADCS,1,5000,5000,3921,3923,10868,294,4689,713,152.0,0.01529066200600937,125.0,2532.8723112459875,0.9231687597657567,0.9334950940101407,2522.0993767259342,0.927111997170155,1,,4.0,4.0,0.0,0.0,0,0.0
evaluation-3d-00,uniform_clutter,3,0,39,30000039,SC-RRT-no-SSFOR,1,5000,5000,3686,3688,9013,286,3869,442,152.0,0.014606048003770411,125.0,2532.8723112459875,0.9231687597657567,0.8486280110082589,2529.110755871663,0.9245417919280072,1,,1.5,1.5,0.8,0.8,0,0.0
evaluation-3d-00,uniform_clutter,3,0,40,30000040,SC-RRT-no-ADCS,1,5000,5000,3797,3799,11326,434,5197,1185,180.0,0.016603052034042776,147.0,2727.7081258111525,0.857228296565873,0.9644481200375594,2624.9161652264884,0.8907974361978257,1,,4.0,4.0,0.0,0.0,0,0.0
evaluation-3d-00,uniform_clutter,3,0,40,30000040,SC-RRT-no-SSFOR,1,5000,5000,3682,3684,9063,331,3825,427,180.0,0.016816420014947653,147.0,2727.7081258111525,0.857228296565873,0.8371290450450033,2641.8187979048316,0.8850980211331729,1,,1.5,1.5,0.8,0.8,0,0.0
evaluation-3d-00,uniform_clutter,3,0,40,30000040,SC-RRT,1,5000,5000,3419,3421,9409,485,4146,789,180.0,0.016770788992289454,147.0,2727.7081258111525,0.857228296565873,0.8229030449874699,2651.7787231878565,0.8817736449016441,1,,1.4003080585295933,1.4003080585295933,0.8683424105308811,0.8683424105308811,99,0.004053243057786244
evaluation-3d-00,uniform_clutter,3,0,41,30000041,SC-RRT-no-SSFOR,1,5000,5000,3715,3717,9112,343,3838,416,185.0,0.01649120100773871,133.0,2601.2194706326372,0.8989124587973727,0.8467223990010098,2519.374892863349,0.9281145878057346,1,,1.5,1.5,0.8,0.8,0,0.0
evaluation-3d-00,uniform_clutter,3,0,41,30000041,SC-RRT,1,5000,5000,3510,3512,9559,335,4270,751,185.0,0.016035948996432126,133.0,2601.2194706326372,0.8989124587973727,0.8492659829789773,2524.732435399893,0.9261451064804122,1,,1.4135767578979388,1.4135767578979388,0.8590648419451851,0.8590648419451851,99,0.003262699813339471
evaluation-3d-00,uniform_clutter,3,0,41,30000041,SC-RRT-no-ADCS,1,5000,5000,3930,3932,10778,259,4570,795,185.0,0.016359421017114073,133.0,2601.2194706326372,0.8989124587973727,0.9430824370356277,2515.1909543609213,0.9296584762933473,1,,4.0,4.0,0.0,0.0,0,0.0
evaluation-3d-00,uniform_clutter,3,0,42,30000042,SC-RRT,1,5000,5000,3572,3574,9753,285,4529,934,160.0,0.014753419964108616,127.0,2524.661041137306,0.9261712967078718,0.8283950269687921,2519.4162371149714,0.9280993572128349,1,,1.417264828190935,1.417264828190935,0.8564940065607238,0.8564940065607238,99,0.0035623885284514034
evaluation-3d-00,uniform_clutter,3,0,42,30000042,SC-RRT-no-ADCS,1,5000,5000,3886,3888,10895,322,4790,929,160.0,0.014797062962315977,127.0,2524.661041137306,0.9261712967078718,0.9042397759621963,2522.0819776270073,0.9271183930420966,1,,4.0,4.0,0.0,0.0,0,0.0
evaluation-3d-00,uniform_clutter,3,0,42,30000042,SC-RRT-no-SSFOR,1,5000,5000,3688,3690,9093,330,3950,504,160.0,0.01471076300367713,127.0,2524.661041137306,0.9261712967078718,0.8324869190109894,2517.616980359944,0.9287626388203346,1,,1.5,1.5,0.8,0.8,0,0.0
evaluation-3d-00,uniform_clutter,3,0,43,30000043,SC-RRT-no-ADCS,1,5000,5000,3941,3943,10978,275,4701,743,180.0,0.016610903025139123,143.0,2597.820712281639,0.9000885161795124,0.9524559350102209,2529.516116419045,0.9243936320627979,1,,4.0,4.0,0.0,0.0,0,0.0
evaluation-3d-00,uniform_clutter,3,0,43,30000043,SC-RRT-no-SSFOR,1,5000,5000,3617,3619,8958,309,3841,522,180.0,0.016698926978278905,143.0,2597.820712281639,0.9000885161795124,0.8254772329819389,2556.8034488995636,0.9145280960976347,1,,1.5,1.5,0.8,0.8,0,0.0
evaluation-3d-00,uniform_clutter,3,0,43,30000043,SC-RRT,1,5000,5000,3605,3607,9492,266,4067,544,180.0,0.016548770014196634,143.0,2597.820712281639,0.9000885161795124,0.8545657669892535,2545.443012334668,0.9186096796853196,1,,1.3929704683266806,1.3929704683266806,0.8734904324614813,0.8734904324614813,99,0.006338788363327384
evaluation-3d-00,uniform_clutter,3,0,44,30000044,SC-RRT-no-SSFOR,1,5000,5000,3663,3665,8913,312,3767,428,161.0,0.01588044996606186,146.0,2612.079380149275,0.8951751650381915,0.8365232279757038,2580.4750787388657,0.9061387995890845,1,,1.5,1.5,0.8,0.8,0,0.0
evaluation-3d-00,uniform_clutter,3,0,44,30000044,SC-RRT,1,5000,5000,3665,3667,9627,237,4129,592,161.0,0.015839631960261613,146.0,2612.079380149275,0.8951751650381915,0.8716124490019865,2574.5997839220613,0.9082066287817139,1,,1.3961828006191848,1.3961828006191848,0.8712352363498493,0.8712352363498493,98,0.0057912682570559065
evaluation-3d-00,uniform_clutter,3,0,44,30000044,SC-RRT-no-ADCS,1,5000,5000,4011,4013,10854,259,4488,631,161.0,0.015790114004630595,146.0,2612.079380149275,0.8951751650381915,0.9355246630148031,2572.166993295243,0.9090656229992252,1,,4.0,4.0,0.0,0.0,0,0.0
evaluation-3d-00,uniform_clutter,3,0,45,30000045,SC-RRT,1,5000,5000,3596,3598,9405,301,3990,602,159.0,0.014608222991228104,126.0,2562.285977159874,0.9125712785618885,0.8594670309685171,2556.1746116530107,0.9147530765536739,1,,1.416113234407201,1.416113234407201,0.8572963579873926,0.8572963579873926,98,0.004515520552503979
evaluation-3d-00,uniform_clutter,3,0,45,30000045,SC-RRT-no-ADCS,1,5000,5000,3912,3914,10651,303,4437,662,159.0,0.014617946988437325,126.0,2562.285977159874,0.9125712785618885,0.9188915530103259,2550.5604202535187,0.9167665943728425,1,,4.0,4.0,0.0,0.0,0,0.0
evaluation-3d-00,uniform_clutter,3,0,45,30000045,SC-RRT-no-SSFOR,1,5000,5000,3621,3623,8969,322,3799,445,159.0,0.014567762962542474,126.0,2562.285977159874,0.9125712785618885,0.8515990590094589,2549.1019301827264,0.9172911300766897,1,,1.5,1.5,0.8,0.8,0,0.0
evaluation-3d-00,uniform_clutter,3,0,46,30000046,SC-RRT-no-ADCS,1,5000,5000,3905,3907,10559,261,4441,617,134.0,0.013534655969124287,130.0,2711.9386980826407,0.8622129223905969,0.9041495759738609,2704.382987300453,0.8646218384002154,1,,4.0,4.0,0.0,0.0,0,0.0
evaluation-3d-00,uniform_clutter,3,0,46,30000046,SC-RRT-no-SSFOR,1,5000,5000,3570,3572,8890,277,3947,593,134.0,0.01348357298411429,130.0,2711.9386980826407,0.8622129223905969,0.8047975199879147,2669.3592184858985,0.8759662521345801,1,,1.5,1.5,0.8,0.8,0,0.0
evaluation-3d-00,uniform_clutter,3,0,46,30000046,SC-RRT,1,5000,5000,3604,3606,9350,272,4005,538,134.0,0.013642517966218293,130.0,2711.9386980826407,0.8622129223905969,0.830034799000714,2684.1729894125815,0.8711318530664833,1,,1.4353773001266692,1.4353773001266692,0.8439238504711635,0.8439238504711635,99,0.005305101291126298
evaluation-3d-00,uniform_clutter,3,0,47,30000047,SC-RRT-no-SSFOR,1,5000,5000,3741,3743,9153,309,3895,420,190.0,0.017603927000891417,151.0,2597.583931401873,0.9001705630955529,0.8284066310152411,2568.911958584103,0.9102174881488575,1,,1.5,1.5,0.8,0.8,0,0.0
evaluation-3d-00,uniform_clutter,3,0,47,30000047,SC-RRT,1,5000,5000,3663,3665,9378,277,3904,547,190.0,0.01764768798602745,151.0,2597.583931401873,0.9001705630955529,0.8541488659684546,2556.603884897536,0.9145994825521037,1,,1.4066185036139256,1.4066185036139256,0.8639247582123736,0.8639247582123736,99,0.004999889982134961
evaluation-3d-00,uniform_clutter,3,0,47,30000047,SC-RRT-no-ADCS,1,5000,5000,3987,3989,10766,286,4474,732,190.0,0.017513972998131067,151.0,2597.583931401873,0.9001705630955529,0.9236340919742361,2563.752907616926,0.9120491227024934,1,,4.0,4.0,0.0,0.0,0,0.0
evaluation-3d-00,uniform_clutter,3,0,48,30000048,SC-RRT,1,5000,5000,3619,3621,9465,227,4097,652,134.0,0.012922257010359317,117.0,2551.6162946781174,0.9163872307505205,0.8447855749982409,2533.4643306797625,0.9229530338761845,1,,1.4304516600899873,1.4304516600899873,0.8473327109761781,0.8473327109761781,98,0.002905476255876524
evaluation-3d-00,uniform_clutter,3,0,48,30000048,SC-RRT-no-ADCS,1,5000,5000,3981,3983,10918,231,4637,730,134.0,0.013063106976915151,117.0,2551.6162946781174,0.9163872307505205,0.9518872849876061,2533.0244405480667,0.9231133157610025,1,,4.0,4.0,0.0,0.0,0,0.0
evaluation-3d-00,uniform_clutter,3,0,48,30000048,SC-RRT-no-SSFOR,1,5000,5000,3615,3617,8884,313,3806,489,134.0,0.013050255016423762,117.0,2551.6162946781174,0.9163872307505205,0.8050674630212598,2531.161068455729,0.9237928867342174,1,,1.5,1.5,0.8,0.8,0,0.0
evaluation-3d-00,uniform_clutter,3,0,49,30000049,SC-RRT-no-ADCS,1,5000,5000,3930,3932,10730,275,4545,822,124.0,0.012913843034766614,125.0,2619.1937645011567,0.8927436457391397,0.9247427509981208,2556.5317030892134,0.9146253056015349,1,,4.0,4.0,0.0,0.0,0,0.0
evaluation-3d-00,uniform_clutter,3,0,49,30000049,SC-RRT-no-SSFOR,1,5000,5000,3680,3682,8969,289,3814,433,124.0,0.012872252031229436,125.0,2619.1937645011567,0.8927436457391397,0.7946905450080521,2619.1937645011567,0.8927436457391397,1,,1.5,1.5,0.8,0.8,0,0.0
evaluation-3d-00,uniform_clutter,3,0,49,30000049,SC-RRT,1,5000,5000,3580,3582,9380,327,3998,650,124.0,0.012949505005963147,125.0,2619.1937645011567,0.8927436457391397,0.8572477049892768,2559.945447143627,0.9134056324626024,1,,1.4139628133057145,1.4139628133057145,0.8587955670751555,0.8587955670751555,99,0.006019882423127652
evaluation-3d-01,central_cluster,3,1,0,30010000,SC-RRT-no-SSFOR,1,5000,5000,3607,3609,8895,427,3839,494,233.0,0.020411908975802362,157.0,2667.280188454454,0.8766490301016653,0.824473644956015,2576.4984560338744,0.9075373535512966,1,,1.5,1.5,0.8,0.8,0,0.0
evaluation-3d-01,central_cluster,3,1,0,30010000,SC-RRT,1,5000,5000,3348,3350,9535,488,4387,947,233.0,0.020235938020050526,157.0,2667.280188454454,0.8766490301016653,0.832649857038632,2529.9097404717327,0.9242498073397613,1,,1.3899399635606433,1.3899399635606433,0.8756199447532974,0.8756199447532974,99,0.003847035608822965
evaluation-3d-01,central_cluster,3,1,0,30010000,SC-RRT-no-ADCS,1,5000,5000,3806,3808,10660,403,4527,724,233.0,0.02028183196671307,157.0,2667.280188454454,0.8766490301016653,0.9143086709664203,2531.7065339877595,0.9235938521416674,1,,4.0,4.0,0.0,0.0,0,0.0
evaluation-3d-01,central_cluster,3,1,1,30010001,SC-RRT,1,5000,5000,3451,3453,8917,461,3789,536,392.0,0.03390115301590413,250.0,2793.895326510133,0.8369206133211603,0.806823521037586,2648.1264781893624,0.882989770117309,1,,1.3348680149552994,1.3348680149552994,0.9145623023495038,0.9145623023495038,99,0.025772959379451392
evaluation-3d-01,central_cluster,3,1,1,30010001,SC-RRT-no-ADCS,1,5000,5000,3797,3799,10348,428,4344,751,392.0,0.03354940301505849,250.0,2793.895326510133,0.8369206133211603,0.8766398780280724,2719.327050229545,0.8598703087297298,1,,4.0,4.0,0.0,0.0,0,0.0
evaluation-3d-01,central_cluster,3,1,1,30010001,SC-RRT-no-SSFOR,1,5000,5000,3566,3568,8961,534,3691,400,392.0,0.0342232349794358,250.0,2793.895326510133,0.8369206133211603,0.8202446150244214,2695.562119858374,0.8674511980235269,1,,1.5,1.5,0.8,0.8,0,0.0
evaluation-3d-01,central_cluster,3,1,2,30010002,SC-RRT-no-ADCS,1,5000,5000,3866,3868,11263,365,5154,983,230.0,0.022206814028322697,185.0,2842.753248346104,0.8225365995372177,1.0028156079933979,2683.0036395274137,0.871511523789751,1,,4.0,4.0,0.0,0.0,0,0.0
evaluation-3d-01,central_cluster,3,1,2,30010002,SC-RRT-no-SSFOR,1,5000,5000,3488,3490,8861,498,3774,503,230.0,0.022456405975390226,185.0,2842.753248346104,0.8225365995372177,0.8602661489858292,2660.559872704516,0.8788633603802662,1,,1.5,1.5,0.8,0.8,0,0.0
evaluation-3d-01,central_cluster,3,1,2,30010002,SC-RRT,1,5000,5000,3486,3488,9616,349,4457,794,230.0,0.022700361034367234,185.0,2842.753248346104,0.8225365995372177,0.9377214570413344,2674.7664515165425,0.8741954232647975,1,,1.3911790776326862,1.3911790776326862,0.8747490029445018,0.8747490029445018,99,0.006579897441588351
evaluation-3d-01,central_cluster,3,1,3,30010003,SC-RRT-no-SSFOR,1,5000,5000,3645,3647,9031,437,3890,485,203.0,0.019326579000335187,154.0,2610.9776032875734,0.895552909865557,0.8791930239531212,2562.0820315936726,0.9126439206021552,1,,1.5,1.5,0.8,0.8,0,0.0
evaluation-3d-01,central_cluster,3,1,3,30010003,SC-RRT,1,5000,5000,3484,3486,9934,431,4593,938,203.0,0.019886747002601624,154.0,2610.9776032875734,0.895552909865557,0.9664614970097318,2518.662114560952,0.9283772431005841,1,,1.3151715582891508,1.3151715582891508,0.9285478146442021,0.9285478146442021,99,0.023255193255447514
evaluation-3d-01,central_cluster,3,1,3,30010003,SC-RRT-no-ADCS,1,5000,5000,3964,3966,11385,291,5117,1019,203.0,0.019778774993028492,154.0,2610.9776032875734,0.895552909865557,1.0562989740283228,2540.6943150914017,0.9203266116387814,1,,4.0,4.0,0.0,0.0,0,0.0
evaluation-3d-01,central_cluster,3,1,4,30010004,SC-RRT,1,5000,5000,3319,3321,9780,606,4630,1004,442.0,0.03702660300768912,273.0,2778.495623712555,0.8415592129289192,0.8898072100128047,2639.631567755276,0.8858314238931576,1,,1.3126679940740364,1.3126679940740364,0.9303255366799403,0.9303255366799403,99,0.026899029820170332
evaluation-3d-01,central_cluster,3,1,4,30010004,SC-RRT-no-ADCS,1,5000,5000,3752,3754,10631,587,4478,855,442.0,0.0383307040319778,273.0,2778.495623712555,0.8415592129289192,0.9193684210185893,2688.536738260318,0.8697179238588411,1,,4.0,4.0,0.0,0.0,0,0.0
evaluation-3d-01,central_cluster,3,1,4,30010004,SC-RRT-no-SSFOR,1,5000,5000,3414,3416,8486,688,3553,468,442.0,0.037380690046120435,273.0,2778.495623712555,0.8415592129289192,0.7894038240192458,2718.8688830489546,0.8600152088231032,1,,1.5,1.5,0.8,0.8,0,0.0
evaluation-3d-01,central_cluster,3,1,5,30010005,SC-RRT-no-ADCS,1,5000,5000,3861,3863,10969,360,4767,842,222.0,0.019597640028223395,153.0,2631.7803119762116,0.8884740795337022,0.9483402320183814,2605.9771389329203,0.8972713364536438,1,,4.0,4.0,0.0,0.0,0,0.0
evaluation-3d-01,central_cluster,3,1,5,30010005,SC-RRT-no-SSFOR,1,5000,5000,3554,3556,9010,526,3899,575,222.0,0.019480584014672786,153.0,2631.7803119762116,0.8884740795337022,0.8354437649832107,2588.0553804752017,0.903484758424546,1,,1.5,1.5,0.8,0.8,0,0.0
evaluation-3d-01,central_cluster,3,1,5,30010005,SC-RRT,1,5000,5000,3450,3452,9427,438,4126,705,222.0,0.01967289997264743,153.0,2631.7803119762116,0.8884740795337022,0.8606655729818158,2594.048136357948,0.9013975328541594,1,,1.4017309671670088,1.4017309671670088,0.8673454859520799,0.8673454859520799,99,0.006373299943822612
evaluation-3d-01,central_cluster,3,1,6,30010006,SC-RRT-no-SSFOR,1,5000,5000,3527,3529,8723,465,3713,495,215.0,0.02169294300256297,165.0,2695.445841309571,0.8674886189076411,0.8408536550123245,2638.942342723515,0.8860627806687049,1,,1.5,1.5,0.8,0.8,0,0.0
evaluation-3d-01,central_cluster,3,1,6,30010006,SC-RRT,1,5000,5000,3389,3391,9460,504,4232,852,215.0,0.021632971009239554,165.0,2695.445841309571,0.8674886189076411,0.8671252600033768,2584.6114004099845,0.9046886467524966,1,,1.39725021220956,1.39725021220956,0.8704863567825544,0.8704863567825544,99,0.005436020112072974
evaluation-3d-01,central_cluster,3,1,6,30010006,SC-RRT-no-ADCS,1,5000,5000,3814,3816,11000,450,4832,811,215.0,0.022659540991298854,165.0,2695.445841309571,0.8674886189076411,0.9719034999725409,2590.967104947596,0.9024694237734359,1,,4.0,4.0,0.0,0.0,0,0.0
evaluation-3d-01,central_cluster,3,1,7,30010007,SC-RRT,1,5000,5000,3475,3477,9495,454,4168,740,228.0,0.022085840988438576,174.0,2800.345134343713,0.8349930019486612,0.873749326041434,2739.431231527788,0.8535598788927896,1,,1.400343939804491,1.400343939804491,0.8683172655567879,0.8683172655567879,99,0.00450560834346709
evaluation-3d-01,central_cluster,3,1,7,30010007,SC-RRT-no-ADCS,1,5000,5000,3811,3813,10951,443,4825,1042,228.0,0.02229215600527823,174.0,2800.345134343713,0.8349930019486612,0.9664344240445644,2725.7776625412357,0.8578354068827544,1,,4.0,4.0,0.0,0.0,0,0.0
evaluation-3d-01,central_cluster,3,1,7,30010007,SC-RRT-no-SSFOR,1,5000,5000,3678,3680,9144,423,3856,425,228.0,0.021772933017928153,174.0,2800.345134343713,0.8349930019486612,0.8776431939913891,2727.1658682974557,0.8573987440220288,1,,1.5,1.5,0.8,0.8,0,0.0
evaluation-3d-01,central_cluster,3,1,8,30010008,SC-RRT-no-ADCS,1,5000,5000,3889,3891,11585,341,5352,1206,195.0,0.018003330973442644,144.0,2571.2660333349204,0.9093841554719487,1.0196202659863047,2498.1772310810284,0.9359898733870665,1,,4.0,4.0,0.0,0.0,0,0.0
evaluation-3d-01,central_cluster,3,1,8,30010008,SC-RRT-no-SSFOR,1,5000,5000,3547,3549,8806,548,3654,375,195.0,0.019341120030730963,144.0,2571.2660333349204,0.9093841554719487,0.8164104950265028,2552.8830949918824,0.9159324979687012,1,,1.5,1.5,0.8,0.8,0,0.0
evaluation-3d-01,central_cluster,3,1,8,30010008,SC-RRT,1,5000,5000,3395,3397,10832,411,5651,1494,195.0,0.01799878798192367,144.0,2571.2660333349204,0.9093841554719487,0.997465780004859,2492.6324251428287,0.9380719622485054,1,,1.3929755423391006,1.3929755423391006,0.8734868685719263,0.8734868685719263,99,0.007581344258229054
evaluation-3d-01,central_cluster,3,1,9,30010009,SC-RRT-no-SSFOR,1,5000,5000,3564,3566,8938,537,3660,441,326.0,0.032560385996475816,225.0,3032.7185889719344,0.7710140329936241,0.9174270009971224,2692.4265264613846,0.8684614295830517,1,,1.5,1.5,0.8,0.8,0,0.0
evaluation-3d-01,central_cluster,3,1,9,30010009,SC-RRT,1,5000,5000,3381,3383,10347,599,5078,1393,326.0,0.03018030198290944,225.0,3032.7185889719344,0.7710140329936241,1.0361347229918465,2519.251808933184,0.9281599330112856,1,,1.2852306215837075,1.2852306215837075,0.9497880602617543,0.9497880602617543,99,0.0380466721870905
evaluation-3d-01,central_cluster,3,1,9,30010009,SC-RRT-no-ADCS,1,5000,5000,3802,3804,11095,499,4971,1080,326.0,0.03043199802050367,225.0,3032.7185889719344,0.7710140329936241,0.959542163007427,2614.422918745817,0.8943727403291322,1,,4.0,4.0,0.0,0.0,0,0.0
evaluation-3d-01,central_cluster,3,1,10,30010010,SC-RRT,1,5000,5000,3460,3462,9539,491,4229,671,279.0,0.024183055036701262,179.0,2628.6640807209706,0.8895273486510537,0.8817107370123267,2579.80116008776,0.9063755092421312,1,,1.4023184648800264,1.4023184648800264,0.8669340063836044,0.8669340063836044,99,0.00686374648429349
evaluation-3d-01,central_cluster,3,1,10,30010010,SC-RRT-no-ADCS,1,5000,5000,3884,3886,10915,450,4628,655,279.0,0.0266951959929429,179.0,2628.6640807209706,0.8895273486510537,0.9299913090071641,2587.2319617979333,0.9037723036604193,1,,4.0,4.0,0.0,0.0,0,0.0
evaluation-3d-01,central_cluster,3,1,10,30010010,SC-RRT-no-SSFOR,1,5000,5000,3608,3610,9034,490,3827,400,279.0,0.024319777032360435,179.0,2628.6640807209706,0.8895273486510537,0.838935163046699,2593.277162433811,0.9016655157767636,1,,1.5,1.5,0.8,0.8,0,0.0
evaluation-3d-01,central_cluster,3,1,11,30010011,SC-RRT-no-ADCS,1,5000,5000,3908,3910,10475,283,4376,651,196.0,0.01856465300079435,150.0,2621.7960991855266,0.8918575288689988,0.8972918099607341,2592.170657952292,0.9020504043761995,1,,4.0,4.0,0.0,0.0,0,0.0
evaluation-3d-01,central_cluster,3,1,11,30010011,SC-RRT-no-SSFOR,1,5000,5000,3584,3586,8936,493,3777,424,196.0,0.017930930014699697,150.0,2621.7960991855266,0.8918575288689988,0.8199644010164775,2584.8344777474153,0.9046105699795896,1,,1.5,1.5,0.8,0.8,0,0.0
evaluation-3d-01,central_cluster,3,1,11,30010011,SC-RRT,1,5000,5000,3532,3534,9124,343,3838,549,196.0,0.019537162967026234,150.0,2621.7960991855266,0.8918575288689988,0.8879054629942402,2547.240982664823,0.917961278941021,1,,1.3412977024940869,1.3412977024940869,0.9099994990469031,0.9099994990469031,99,0.017142051324301168
evaluation-3d-01,central_cluster,3,1,12,30010012,SC-RRT-no-SSFOR,1,5000,5000,3630,3632,8913,468,3818,455,196.0,0.019213863997720182,151.0,2564.7263697562194,0.9117029472583618,0.862422279024031,2554.597204385834,0.9153179163445225,1,,1.5,1.5,0.8,0.8,0,0.0
evaluation-3d-01,central_cluster,3,1,12,30010012,SC-RRT,1,5000,5000,3469,3471,9711,419,4433,792,196.0,0.01863833999959752,151.0,2564.7263697562194,0.9117029472583618,0.9195053330040537,2510.942334275328,0.9312314975536153,1,,1.3737432233797384,1.3737432233797384,0.8870305533442083,0.8870305533442083,99,0.009856858491292484
evaluation-3d-01,central_cluster,3,1,12,30010012,SC-RRT-no-ADCS,1,5000,5000,3878,3880,11084,387,4878,800,196.0,0.01935034099733457,151.0,2564.7263697562194,0.9117029472583618,0.9617381260031834,2530.357644647867,0.9240862038470398,1,,4.0,4.0,0.0,0.0,0,0.0
evaluation-3d-01,central_cluster,3,1,13,30010013,SC-RRT,1,5000,5000,3390,3392,10034,597,4780,1143,437.0,0.0366082499967888,252.0,2758.795470630605,0.847568663610827,0.9436007600161247,2597.1088384026616,0.9003352326412798,1,,1.2874929254956347,1.2874929254956347,0.9481855284022601,0.9481855284022601,99,0.04332159163919441
evaluation-3d-01,central_cluster,3,1,13,30010013,SC-RRT-no-ADCS,1,5000,5000,3811,3813,10664,547,4488,772,437.0,0.03735654300544411,252.0,2758.795470630605,0.847568663610827,0.9283478340366855,2693.1472082040787,0.8682290307395618,1,,4.0,4.0,0.0,0.0,0,0.0
evaluation-3d-01,central_cluster,3,1,13,30010013,SC-RRT-no-SSFOR,1,5000,5000,3520,3522,8689,547,3517,379,437.0,0.03604631102643907,252.0,2758.795470630605,0.847568663610827,0.7684191630105488,2724.9739447594916,0.858088421254377,1,,1.5,1.5,0.8,0.8,0,0.0
evaluation-3d-01,central_cluster,3,1,14,30010014,SC-RRT-no-ADCS,1,5000,5000,3846,3848,10586,449,4401,785,192.0,0.01784525701077655,151.0,2638.400409139329,0.8862447800259209,0.9048433279967867,2600.4094411237556,0.8991924707085787,1,,4.0,4.0,0.0,0.0,0,0.0
evaluation-3d-01,central_cluster,3,1,14,30010014,SC-RRT-no-SSFOR,1,5000,5000,3606,3608,8875,483,3750,456,192.0,0.017688984982669353,151.0,2638.400409139329,0.8862447800259209,0.7845340349595062,2576.1878382934656,0.9076467777159117,1,,1.5,1.5,0.8,0.8,0,0.0
evaluation-3d-01,central_cluster,3,1,14,30010014,SC-RRT,1,5000,5000,3496,3498,9072,474,3768,524,192.0,0.017710546031594276,151.0,2638.400409139329,0.8862447800259209,0.7986357860499993,2583.4828410810032,0.9050838476788898,1,,1.3674743009030104,1.3674743009030104,0.8914586360153414,0.8914586360153414,99,0.011697938844994989
evaluation-3d-01,central_cluster,3,1,15,30010015,SC-RRT-no-SSFOR,1,5000,5000,3567,3569,8941,411,3807,483,278.0,0.02523033897159621,209.0,2932.194890155415,0.797446512872836,0.8097015079692937,2800.0679080307787,0.8350756720976932,1,,1.5,1.5,0.8,0.8,0,0.0
evaluation-3d-01,central_cluster,3,1,15,30010015,SC-RRT,1,5000,5000,3442,3444,9226,469,4058,600,278.0,0.025015908002387732,209.0,2932.194890155415,0.797446512872836,0.833702712028753,2715.263379205146,0.8611571931200569,1,,1.2769802553226801,1.2769802553226801,0.95,0.95,99,0.04343503885332174
evaluation-3d-01,central_cluster,3,1,15,30010015,SC-RRT-no-ADCS,1,5000,5000,3823,3825,10716,440,4657,774,278.0,0.02528127800906077,209.0,2932.194890155415,0.797446512872836,0.9177741180174053,2793.4400420173383,0.8370570175293102,1,,4.0,4.0,0.0,0.0,0,0.0
evaluation-3d-01,central_cluster,3,1,16,30010016,SC-RRT,1,5000,5000,3467,3469,9281,405,4050,623,189.0,0.016755697026383132,140.0,2684.8144819285776,0.8709237103557115,0.831105867982842,2645.904504019139,0.883731286093714,1,,1.3754905515031637,1.3754905515031637,0.8857973838973974,0.8857973838973974,99,0.00835689708129203
evaluation-3d-01,central_cluster,3,1,16,30010016,SC-RRT-no-ADCS,1,5000,5000,3926,3928,10995,375,4680,749,189.0,0.016963366011623293,140.0,2684.8144819285776,0.8709237103557115,0.9281008079997264,2645.743605838519,0.8837850293044225,1,,4.0,4.0,0.0,0.0,0,0.0
evaluation-3d-01,central_cluster,3,1,16,30010016,SC-RRT-no-SSFOR,1,5000,5000,3571,3573,9033,446,3861,522,189.0,0.017034558986779302,140.0,2684.8144819285776,0.8709237103557115,0.819820410979446,2653.3968253331363,0.8812359191408968,1,,1.5,1.5,0.8,0.8,0,0.0
evaluation-3d-01,central_cluster,3,1,17,30010017,SC-RRT-no-ADCS,1,5000,5000,3802,3804,10728,521,4515,623,171.0,0.01572325697634369,135.0,2563.8326041687924,0.9120207717211954,0.9098801899817772,2553.3631926075545,0.9157602792222008,1,,4.0,4.0,0.0,0.0,0,0.0
evaluation-3d-01,central_cluster,3,1,17,30010017,SC-RRT-no-SSFOR,1,5000,5000,3573,3575,8954,627,3818,419,171.0,0.015632735041435808,135.0,2563.8326041687924,0.9120207717211954,0.7797066700295545,2559.11986305724,0.9137003014093225,1,,1.5,1.5,0.8,0.8,0,0.0
evaluation-3d-01,central_cluster,3,1,17,30010017,SC-RRT,1,5000,5000,3449,3451,9243,490,3932,511,171.0,0.01577205501962453,135.0,2563.8326041687924,0.9120207717211954,0.7926244670525193,2547.0871936381304,0.9180167039661173,1,,1.3917632700554083,1.3917632700554083,0.874338496774606,0.874338496774606,99,0.006929753872780937
evaluation-3d-01,central_cluster,3,1,18,30010018,SC-RRT-no-SSFOR,1,5000,5000,3586,3588,8886,541,3718,436,246.0,0.021025885012932122,167.0,2723.591213556745,0.8585240613860085,0.806185552966781,2647.984593756103,0.8830370825161056,1,,1.5,1.5,0.8,0.8,0,0.0
evaluation-3d-01,central_cluster,3,1,18,30010018,SC-RRT,1,5000,5000,3435,3437,10272,487,5010,1250,246.0,0.0209290650091134,167.0,2723.591213556745,0.8585240613860085,1.0081073769833893,2555.11234676816,0.9151333768847968,1,,1.313536056692795,1.313536056692795,0.9297091597381726,0.9297091597381726,99,0.02782456736721247
evaluation-3d-01,central_cluster,3,1,18,30010018,SC-RRT-no-ADCS,1,5000,5000,3853,3855,10827,397,4703,891,246.0,0.023226741002872586,167.0,2723.591213556745,0.8585240613860085,1.0222013220191002,2637.5897601450915,0.8865171625815526,1,,4.0,4.0,0.0,0.0,0,0.0
evaluation-3d-01,central_cluster,3,1,19,30010019,SC-RRT,1,5000,5000,3348,3350,9440,494,4357,850,234.0,0.021663722989615053,184.0,2790.992367795709,0.8377911087104547,0.8340770250069909,2628.791098067514,0.8894843686654675,1,,1.3563664190332947,1.3563664190332947,0.8993176857723014,0.8993176857723014,99,0.011787342104871094
evaluation-3d-01,central_cluster,3,1,19,30010019,SC-RRT-no-ADCS,1,5000,5000,3775,3777,10405,440,4384,656,234.0,0.021564283000770956,184.0,2790.992367795709,0.8377911087104547,0.8844236219883896,2619.3400314061655,0.8926937939259108,1,,4.0,4.0,0.0,0.0,0,0.0
evaluation-3d-01,central_cluster,3,1,19,30010019,SC-RRT-no-SSFOR,1,5000,5000,3572,3574,9076,545,3832,477,234.0,0.021528723009396344,184.0,2790.992367795709,0.8377911087104547,0.7982622419949621,2746.191831770674,0.8514585773530353,1,,1.5,1.5,0.8,0.8,0,0.0
evaluation-3d-01,central_cluster,3,1,20,30010020,SC-RRT-no-ADCS,1,5000,5000,3923,3925,10962,331,4758,760,182.0,0.017226207011844963,149.0,2666.973101336657,0.8767499713611924,0.9182226079865359,2640.761523741896,0.8854523853046425,1,,4.0,4.0,0.0,0.0,0,0.0
evaluation-3d-01,central_cluster,3,1,20,30010020,SC-RRT-no-SSFOR,1,5000,5000,3647,3649,9146,407,3898,460,182.0,0.0171527280472219,149.0,2666.973101336657,0.8767499713611924,0.817363579000812,2659.8590131769784,0.8790949364737639,1,,1.5,1.5,0.8,0.8,0,0.0
evaluation-3d-01,central_cluster,3,1,20,30010020,SC-RRT,1,5000,5000,3527,3529,9366,359,4093,630,182.0,0.017168428050354123,149.0,2666.973101336657,0.8767499713611924,0.8080039020278491,2651.8457973546083,0.8817513418580227,1,,1.4133929211331777,1.4133929211331777,0.8591930823149257,0.8591930823149257,99,0.004607096472844074
evaluation-3d-01,central_cluster,3,1,21,30010021,SC-RRT-no-SSFOR,1,5000,5000,3579,3581,8889,484,3751,448,261.0,0.022311130014713854,170.0,2580.7489666157644,0.9060426335399239,0.8794195880182087,2560.5618108192,0.9131857627252131,1,,1.5,1.5,0.8,0.8,0,0.0
evaluation-3d-01,central_cluster,3,1,21,30010021,SC-RRT,1,5000,5000,3449,3451,10357,448,5056,1130,261.0,0.024357812013477087,170.0,2580.7489666157644,0.9060426335399239,1.0412657739943825,2505.6074990668244,0.9332142369021632,1,,1.3582897389623103,1.3582897389623103,0.897955841615017,0.897955841615017,98,0.016095778646890987
evaluation-3d-01,central_cluster,3,1,21,30010021,SC-RRT-no-ADCS,1,5000,5000,3831,3833,10992,409,4864,854,261.0,0.022049409977626055,170.0,2580.7489666157644,0.9060426335399239,0.9217545939609408,2531.4801551359737,0.9236764449739043,1,,4.0,4.0,0.0,0.0,0,0.0
evaluation-3d-01,central_cluster,3,1,22,30010022,SC-RRT,1,5000,5000,3591,3593,10545,313,5151,1018,171.0,0.016477714001666754,145.0,2612.0604791994656,0.8951816425531647,0.9880361459800042,2562.1705772956025,0.9126123806659473,1,,1.37728743977601,1.37728743977601,0.8845297500195866,0.8845297500195866,99,0.011568778931421296
evaluation-3d-01,central_cluster,3,1,22,30010022,SC-RRT-no-ADCS,1,5000,5000,3940,3942,11102,309,4866,826,171.0,0.016561943979468197,145.0,2612.0604791994656,0.8951816425531647,0.9449636280187406,2571.762530576989,0.9092085923241836,1,,4.0,4.0,0.0,0.0,0,0.0
evaluation-3d-01,central_cluster,3,1,22,30010022,SC-RRT-no-SSFOR,1,5000,5000,3585,3587,8856,379,3741,428,171.0,0.016413996985647827,145.0,2612.0604791994656,0.8951816425531647,0.804725025955122,2562.2199964008987,0.9125947785523902,1,,1.5,1.5,0.8,0.8,0,0.0
evaluation-3d-01,central_cluster,3,1,23,30010023,SC-RRT-no-ADCS,1,5000,5000,3764,3766,10567,556,4461,669,325.0,0.026944919023662806,201.0,2879.3842021809232,0.8120724523135594,0.8857588149840012,2819.487749447815,0.8293239049100052,1,,4.0,4.0,0.0,0.0,0,0.0
evaluation-3d-01,central_cluster,3,1,23,30010023,SC-RRT-no-SSFOR,1,5000,5000,3649,3651,9254,524,3807,449,325.0,0.0270930549595505,201.0,2879.3842021809232,0.8120724523135594,0.8697673300048336,2786.296224383797,0.8392031578534346,1,,1.5,1.5,0.8,0.8,0,0.0
evaluation-3d-01,central_cluster,3,1,23,30010023,SC-RRT,1,5000,5000,3435,3437,9329,618,4039,743,325.0,0.026920614996924996,201.0,2879.3842021809232,0.8120724523135594,0.7990724149858579,2761.789062458096,0.8466499567265421,1,,1.2929695850734653,1.2929695850734653,0.9443039758127368,0.9443039758127368,99,0.02903714838039819
evaluation-3d-01,central_cluster,3,1,24,30010024,SC-RRT-no-SSFOR,1,5000,5000,3585,3587,8848,542,3748,439,240.0,0.02104715700261295,167.0,2589.935837491619,0.9028287714195354,0.7886566900415346,2533.7583238880115,0.9228459431876472,1,,1.5,1.5,0.8,0.8,0,0.0
evaluation-3d-01,central_cluster,3,1,24,30010024,SC-RRT,1,5000,5000,3395,3397,9734,520,4530,808,240.0,0.020930065016727895,167.0,2589.935837491619,0.9028287714195354,0.8602510560303926,2513.074389301243,0.9304414545675811,1,,1.345443579808002,1.345443579808002,0.9070587349707493,0.9070587349707493,99,0.013766476355236612
evaluation-3d-01,central_cluster,3,1,24,30010024,SC-RRT-no-ADCS,1,5000,5000,3881,3883,11188,422,4935,833,240.0,0.020975399005692452,167.0,2589.935837491619,0.9028287714195354,0.9488274240284227,2516.950863634678,0.9290084379483425,1,,4.0,4.0,0.0,0.0,0,0.0
evaluation-3d-01,central_cluster,3,1,25,30010025,SC-RRT,1,5000,5000,3402,3404,9804,480,4620,1076,260.0,0.022217368008568883,171.0,2661.863875522531,0.8784328198446946,0.9180548689910211,2502.4025132578763,0.9344094636373241,1,,1.298160699388149,1.298160699388149,0.9406224485658164,0.9406224485658164,99,0.03514641151139541
evaluation-3d-01,central_cluster,3,1,25,30010025,SC-RRT-no-ADCS,1,5000,5000,3872,3874,10813,413,4646,865,260.0,0.022235254989936948,171.0,2661.863875522531,0.8784328198446946,0.9453701860038564,2593.2837289896897,0.9016632326339948,1,,4.0,4.0,0.0,0.0,0,0.0
evaluation-3d-01,central_cluster,3,1,25,30010025,SC-RRT-no-SSFOR,1,5000,5000,3542,3544,8801,552,3661,424,260.0,0.022056020970921963,171.0,2661.863875522531,0.8784328198446946,0.7839823929825798,2604.733000354259,0.8976999139259056,1,,1.5,1.5,0.8,0.8,0,0.0
evaluation-3d-01,central_cluster,3,1,26,30010026,SC-RRT-no-ADCS,1,5000,5000,3944,3946,10975,344,4692,670,293.0,0.025164555991068482,205.0,2743.292636055797,0.8523584248670819,0.918642427015584,2716.413270571377,0.8607926546192094,1,,4.0,4.0,0.0,0.0,0,0.0
evaluation-3d-01,central_cluster,3,1,26,30010026,SC-RRT-no-SSFOR,1,5000,5000,3577,3579,8824,530,3604,361,293.0,0.025509952974971384,205.0,2743.292636055797,0.8523584248670819,0.8032716179732233,2722.3435762062,0.8589175189549534,1,,1.5,1.5,0.8,0.8,0,0.0
evaluation-3d-01,central_cluster,3,1,26,30010026,SC-RRT,1,5000,5000,3514,3516,9775,422,4396,775,293.0,0.02540874801343307,205.0,2743.292636055797,0.8523584248670819,0.8652221020311117,2634.0853360887704,0.8876965974420439,1,,1.2843007050526598,1.2843007050526598,0.95,0.95,99,0.03505172424742364
evaluation-3d-01,central_cluster,3,1,27,30010027,SC-RRT-no-SSFOR,1,5000,5000,3486,3488,8803,419,3879,653,312.0,0.026425464951898903,200.0,2804.5395278528445,0.8337442089854097,0.7997992389719002,2681.4107605172753,0.8720292409682525,1,,1.5,1.5,0.8,0.8,0,0.0
evaluation-3d-01,central_cluster,3,1,27,30010027,SC-RRT,1,5000,5000,3461,3463,10058,505,4675,1014,312.0,0.026379098009783775,200.0,2804.5395278528445,0.8337442089854097,0.8673148509697057,2642.70974940165,0.8847996230942139,1,,1.3367750156370495,1.3367750156370495,0.913208779449325,0.913208779449325,99,0.011434972850493753
evaluation-3d-01,central_cluster,3,1,27,30010027,SC-RRT-no-ADCS,1,5000,5000,3828,3830,10525,460,4328,649,312.0,0.026462841022294015,200.0,2804.5395278528445,0.8337442089854097,0.8916807369678281,2653.667050092456,0.8811461822750208,1,,4.0,4.0,0.0,0.0,0,0.0
evaluation-3d-01,central_cluster,3,1,28,30010028,SC-RRT,1,5000,5000,3401,3403,9208,514,3986,606,322.0,0.026912500034086406,199.0,2815.9055017854316,0.8303789273948999,0.8216702800127678,2527.429253069402,0.9251568910893572,1,,1.2644360281663898,1.2644360281663898,0.95,0.95,99,0.06132774461080626
evaluation-3d-01,central_cluster,3,1,28,30010028,SC-RRT-no-ADCS,1,5000,5000,3759,3761,10617,484,4519,753,322.0,0.026878862001467496,199.0,2815.9055017854316,0.8303789273948999,0.8960378959891386,2736.5189732286503,0.8544682544112621,1,,4.0,4.0,0.0,0.0,0,0.0
evaluation-3d-01,central_cluster,3,1,28,30010028,SC-RRT-no-SSFOR,1,5000,5000,3575,3577,8981,500,3708,428,322.0,0.02676182601135224,199.0,2815.9055017854316,0.8303789273948999,0.8093284679926,2780.745283952704,0.8408783802356182,1,,1.5,1.5,0.8,0.8,0,0.0
evaluation-3d-01,central_cluster,3,1,29,30010029,SC-RRT-no-ADCS,1,5000,5000,3874,3876,11047,416,4817,871,392.0,0.03149372001644224,236.0,2823.093763827247,0.828264586950173,0.9198323229793459,2782.9273097426185,0.8402190678973361,1,,4.0,4.0,0.0,0.0,0,0.0
evaluation-3d-01,central_cluster,3,1,29,30010029,SC-RRT-no-SSFOR,1,5000,5000,3546,3548,8953,573,3634,407,392.0,0.03135512501467019,236.0,2823.093763827247,0.828264586950173,0.8132284070015885,2757.849322003658,0.8478594430674565,1,,1.5,1.5,0.8,0.8,0,0.0
evaluation-3d-01,central_cluster,3,1,29,30010029,SC-RRT,1,5000,5000,3477,3479,9162,451,3900,560,392.0,0.031419167993590236,236.0,2823.093763827247,0.828264586950173,0.8064055709983222,2789.4065314205436,0.8382674106047887,1,,1.3724810395153695,1.3724810395153695,0.8879216315639054,0.8879216315639054,99,0.009948210121470024
evaluation-3d-01,central_cluster,3,1,30,30010030,SC-RRT-no-SSFOR,1,5000,5000,3519,3521,8661,515,3621,347,214.0,0.018846700026188046,152.0,2528.0168839634707,0.924941840796571,0.7803316070348956,2520.686599259481,0.9276316186648959,1,,1.5,1.5,0.8,0.8,0,0.0
evaluation-3d-01,central_cluster,3,1,30,30010030,SC-RRT,1,5000,5000,3487,3489,9020,414,3792,485,214.0,0.018940549984108657,152.0,2528.0168839634707,0.924941840796571,0.7804010020336136,2518.3995954818524,0.9284740175518479,1,,1.4112934780664022,1.4112934780664022,0.8606582253149223,0.8606582253149223,99,0.0030189506174244573
evaluation-3d-01,central_cluster,3,1,30,30010030,SC-RRT-no-ADCS,1,5000,5000,3886,3888,10552,364,4452,695,214.0,0.01877194904955104,152.0,2528.0168839634707,0.924941840796571,0.8916147740092129,2511.500547083704,0.9310245195578902,1,,4.0,4.0,0.0,0.0,0,0.0
evaluation-3d-01,central_cluster,3,1,31,30010031,SC-RRT,1,5000,5000,3330,3332,9493,692,4306,881,277.0,0.02429485396714881,196.0,2515.2674846489645,0.9296301902238113,0.7988448809483089,2503.45111874263,0.9340180731758767,1,,1.409224608630062,1.409224608630062,0.8621031298495491,0.8621031298495491,99,0.004014566769690718
evaluation-3d-01,central_cluster,3,1,31,30010031,SC-RRT-no-ADCS,1,5000,5000,3794,3796,10289,495,4210,597,277.0,0.024376183981075883,196.0,2515.2674846489645,0.9296301902238113,0.8600282099796459,2501.5811358297547,0.9347162707326696,1,,4.0,4.0,0.0,0.0,0,0.0
evaluation-3d-01,central_cluster,3,1,31,30010031,SC-RRT-no-SSFOR,1,5000,5000,3434,3436,8422,564,3457,318,277.0,0.024337409995496273,196.0,2515.2674846489645,0.9296301902238113,0.7529438559431583,2498.598110368013,0.9358322094758912,1,,1.5,1.5,0.8,0.8,0,0.0
evaluation-3d-01,central_cluster,3,1,32,30010032,SC-RRT-no-ADCS,1,5000,5000,3830,3832,11014,567,4818,1049,505.0,0.042639127001166344,319.0,2965.77589417504,0.7884171541115034,0.921499716991093,2888.955993527069,0.8093818650948845,1,,4.0,4.0,0.0,0.0,0,0.0
evaluation-3d-01,central_cluster,3,1,32,30010032,SC-RRT-no-SSFOR,1,5000,5000,3474,3476,8682,633,3509,382,505.0,0.042721760051790625,319.0,2965.77589417504,0.7884171541115034,0.7877699130331166,2698.9340658646042,0.866367437349352,1,,1.5,1.5,0.8,0.8,0,0.0
evaluation-3d-01,central_cluster,3,1,32,30010032,SC-RRT,1,5000,5000,3367,3369,9854,651,4646,1012,505.0,0.04249784903367981,319.0,2965.77589417504,0.7884171541115034,0.9231207169941626,2680.598015473746,0.8722936362409933,1,,1.2723595115734778,1.2723595115734778,0.95,0.95,99,0.06745471044751064
evaluation-3d-01,central_cluster,3,1,33,30010033,SC-RRT-no-SSFOR,1,5000,5000,3529,3531,8960,447,3912,609,213.0,0.019527755037415773,167.0,2743.1225513572285,0.8524112745385973,0.7851860160008073,2580.8690138059546,0.9060004896450702,1,,1.5,1.5,0.8,0.8,0,0.0
evaluation-3d-01,central_cluster,3,1,33,30010033,SC-RRT,1,5000,5000,3391,3393,9999,473,4844,1156,213.0,0.019762852985877544,167.0,2743.1225513572285,0.8524112745385973,0.8669372299918905,2536.5066227280163,0.9218460418223443,1,,1.3500197076079128,1.3500197076079128,0.9038143025225404,0.9038143025225404,99,0.01424771875600523
evaluation-3d-01,central_cluster,3,1,33,30010033,SC-RRT-no-ADCS,1,5000,5000,3868,3870,10817,399,4626,854,213.0,0.019436627044342458,167.0,2743.1225513572285,0.8524112745385973,0.9068143690237775,2559.5670965776703,0.9135406504265591,1,,4.0,4.0,0.0,0.0,0,0.0
evaluation-3d-01,central_cluster,3,1,34,30010034,SC-RRT,1,5000,5000,3364,3366,9977,640,4693,987,286.0,0.025048359006177634,203.0,2669.5272480868557,0.8759111156830216,0.850191027042456,2604.5728176419148,0.8977551229821124,1,,1.371515252411555,1.371515252411555,0.888603623681895,0.888603623681895,99,0.012835807167077846
evaluation-3d-01,central_cluster,3,1,34,30010034,SC-RRT-no-ADCS,1,5000,5000,3842,3844,11041,505,4812,795,286.0,0.02522437396692112,203.0,2669.5272480868557,0.8759111156830216,0.9334268620004877,2608.0775672139393,0.8965487145061499,1,,4.0,4.0,0.0,0.0,0,0.0
evaluation-3d-01,central_cluster,3,1,34,30010034,SC-RRT-no-SSFOR,1,5000,5000,3662,3664,9046,486,3806,397,286.0,0.025089137023314834,203.0,2669.5272480868557,0.8759111156830216,0.8011950830114074,2628.4952235407522,0.8895844927837403,1,,1.5,1.5,0.8,0.8,0,0.0
evaluation-3d-01,central_cluster,3,1,35,30010035,SC-RRT-no-ADCS,1,5000,5000,3872,3874,10600,390,4447,749,269.0,0.023437383002601564,188.0,2801.144366975516,0.8347547587283717,0.8770144360023551,2705.790014049142,0.864172229950257,1,,4.0,4.0,0.0,0.0,0,0.0
evaluation-3d-01,central_cluster,3,1,35,30010035,SC-RRT-no-SSFOR,1,5000,5000,3490,3492,9075,479,3983,680,269.0,0.023439774988219142,188.0,2801.144366975516,0.8347547587283717,0.8294565999531187,2684.599822955827,0.8709933488870898,1,,1.5,1.5,0.8,0.8,0,0.0
evaluation-3d-01,central_cluster,3,1,35,30010035,SC-RRT,1,5000,5000,3386,3388,10003,410,4987,1112,269.0,0.02341837401036173,188.0,2801.144366975516,0.8347547587283717,0.90329342399491,2616.629714695177,0.8936184501330482,1,,1.2862593742274049,1.2862593742274049,0.9490593973108018,0.9490593973108018,99,0.03932983314584173
evaluation-3d-01,central_cluster,3,1,36,30010036,SC-RRT-no-SSFOR,1,5000,5000,3531,3533,8734,569,3458,315,508.0,0.04119925497798249,285.0,2886.3232619612522,0.8101201348559739,0.7672467289958149,2872.6579152454474,0.8139739082083487,1,,1.5,1.5,0.8,0.8,0,0.0
evaluation-3d-01,central_cluster,3,1,36,30010036,SC-RRT,1,5000,5000,3218,3220,8610,729,3583,497,508.0,0.04133202898083255,285.0,2886.3232619612522,0.8101201348559739,0.7937974099768326,2627.4029323037626,0.8899543200889026,1,,1.2915810222965696,1.2915810222965696,0.945288373046945,0.945288373046945,99,0.08296129513663313
evaluation-3d-01,central_cluster,3,1,36,30010036,SC-RRT-no-ADCS,1,5000,5000,3809,3811,10281,573,4073,534,508.0,0.04096970404498279,285.0,2886.3232619612522,0.8101201348559739,0.8367269420414232,2849.400094934491,0.8206178536930744,1,,4.0,4.0,0.0,0.0,0,0.0
evaluation-3d-01,central_cluster,3,1,37,30010037,SC-RRT,1,5000,5000,3497,3499,9703,367,4502,857,195.0,0.01823801198042929,157.0,2746.5628784230057,0.8513435496370461,0.8543493429897353,2637.160213712738,0.8866615604389246,1,,1.3101851378740847,1.3101851378740847,0.9320884119008658,0.9320884119008658,99,0.021265470179706418
evaluation-3d-01,central_cluster,3,1,37,30010037,SC-RRT-no-ADCS,1,5000,5000,3883,3885,11070,348,4910,791,195.0,0.018072476028464735,157.0,2746.5628784230057,0.8513435496370461,0.9095327429822646,2704.3234309090035,0.8646408796717124,1,,4.0,4.0,0.0,0.0,0,0.0
evaluation-3d-01,central_cluster,3,1,37,30010037,SC-RRT-no-SSFOR,1,5000,5000,3507,3509,8802,557,3648,412,195.0,0.01824716496048495,157.0,2746.5628784230057,0.8513435496370461,0.793052295979578,2733.047464632128,0.8555535973952498,1,,1.5,1.5,0.8,0.8,0,0.0
evaluation-3d-01,central_cluster,3,1,38,30010038,SC-RRT-no-ADCS,1,5000,5000,3844,3846,10599,477,4467,689,255.0,0.022275355004239827,180.0,2597.640968396982,0.9001507978452242,0.8789884800207801,2560.3275906828712,0.9132693014468273,1,,4.0,4.0,0.0,0.0,0,0.0
evaluation-3d-01,central_cluster,3,1,38,30010038,SC-RRT-no-SSFOR,1,5000,5000,3611,3613,8948,439,3812,461,255.0,0.022185633017215878,180.0,2597.640968396982,0.9001507978452242,0.8003847249783576,2570.9006887467835,0.9095133858934867,1,,1.5,1.5,0.8,0.8,0,0.0
evaluation-3d-01,central_cluster,3,1,38,30010038,SC-RRT,1,5000,5000,3403,3405,8959,544,3808,545,255.0,0.022094920044764876,180.0,2597.640968396982,0.9001507978452242,0.7746389650274068,2562.398931812461,0.9125310509570254,1,,1.403066213302987,1.403066213302987,0.866410404142096,0.866410404142096,98,0.005461087623604443
evaluation-3d-01,central_cluster,3,1,39,30010039,SC-RRT-no-SSFOR,1,5000,5000,3472,3474,8601,626,3482,369,392.0,0.031047406955622137,226.0,2671.3198717382506,0.8753233242323963,0.752120119985193,2642.9937397374238,0.8847045511542856,1,,1.5,1.5,0.8,0.8,0,0.0
evaluation-3d-01,central_cluster,3,1,39,30010039,SC-RRT,1,5000,5000,3392,3394,9212,553,4041,699,392.0,0.03134184901136905,226.0,2671.3198717382506,0.8753233242323963,0.7775479030096903,2626.9578779085773,0.8901050945208038,1,,1.3851449244141607,1.3851449244141607,0.8789931010240082,0.8789931010240082,99,0.00655195551279898
evaluation-3d-01,central_cluster,3,1,39,30010039,SC-RRT-no-ADCS,1,5000,5000,3790,3792,10610,522,4473,669,392.0,0.03124542802106589,226.0,2671.3198717382506,0.8753233242323963,0.8730658990098163,2626.9578779085773,0.8901050945208038,1,,4.0,4.0,0.0,0.0,0,0.0
evaluation-3d-01,central_cluster,3,1,40,30010040,SC-RRT,1,5000,5000,3381,3383,9268,590,4008,763,447.0,0.0348447390133515,246.0,2635.2064141121227,0.8873189506886558,0.8101809350191616,2591.575251278882,0.9022576477623419,1,,1.3649477419222786,1.3649477419222786,0.893244862334499,0.893244862334499,99,0.012679051371908914
evaluation-3d-01,central_cluster,3,1,40,30010040,SC-RRT-no-ADCS,1,5000,5000,3794,3796,10531,560,4333,737,447.0,0.03488394699525088,246.0,2635.2064141121227,0.8873189506886558,0.897944157011807,2598.904050390828,0.8997133194918646,1,,4.0,4.0,0.0,0.0,0,0.0
evaluation-3d-01,central_cluster,3,1,40,30010040,SC-RRT-no-SSFOR,1,5000,5000,3431,3433,8727,584,3695,471,447.0,0.0350541319930926,246.0,2635.2064141121227,0.8873189506886558,0.8000023149652407,2613.0585007333284,0.8948397403126539,1,,1.5,1.5,0.8,0.8,0,0.0
evaluation-3d-01,central_cluster,3,1,41,30010041,SC-RRT-no-ADCS,1,5000,5000,3845,3847,10739,465,4545,791,300.0,0.025400387006811798,201.0,2903.3958478322966,0.8053564559458051,0.891884986020159,2732.466263065021,0.8557355755218499,1,,4.0,4.0,0.0,0.0,0,0.0
evaluation-3d-01,central_cluster,3,1,41,30010041,SC-RRT-no-SSFOR,1,5000,5000,3600,3602,9279,489,3970,587,300.0,0.025576977990567684,201.0,2903.3958478322966,0.8053564559458051,0.8863365009892732,2783.8677666478243,0.8399352218634991,1,,1.5,1.5,0.8,0.8,0,0.0
evaluation-3d-01,central_cluster,3,1,41,30010041,SC-RRT,1,5000,5000,3431,3433,9637,498,4415,910,300.0,0.027028737007640302,201.0,2903.3958478322966,0.8053564559458051,0.8963878149515949,2727.988758898244,0.8571401119564522,1,,1.3662824409210483,1.3662824409210483,0.892301149465584,0.892301149465584,98,0.009991834116194531
evaluation-3d-01,central_cluster,3,1,42,30010042,SC-RRT-no-SSFOR,1,5000,5000,3439,3441,8857,427,4067,736,195.0,0.018115560000296682,148.0,2812.0716438369886,0.8315110304328825,0.8348201049957424,2636.137101222743,0.8870056831010058,1,,1.5,1.5,0.8,0.8,0,0.0
evaluation-3d-01,central_cluster,3,1,42,30010042,SC-RRT,1,5000,5000,3496,3498,9274,380,4007,740,195.0,0.01861384097719565,148.0,2812.0716438369886,0.8315110304328825,0.8423403080087155,2693.0744149012253,0.8682524988095235,1,,1.3867130344891854,1.3867130344891854,0.8778894983144524,0.8778894983144524,99,0.0037393960884039325
evaluation-3d-01,central_cluster,3,1,42,30010042,SC-RRT-no-ADCS,1,5000,5000,3872,3874,10881,371,4695,978,195.0,0.01739179395372048,148.0,2812.0716438369886,0.8315110304328825,0.9280885779880919,2694.9016268506616,0.8676638014985917,1,,4.0,4.0,0.0,0.0,0,0.0
evaluation-3d-01,central_cluster,3,1,43,30010043,SC-RRT,1,5000,5000,3456,3458,9538,451,4304,792,271.0,0.023268675024155527,188.0,2782.8379759531217,0.8402460403456035,0.825138901011087,2696.701550839474,0.867084675903453,1,,1.3425110802180782,1.3425110802180782,0.9091387006396194,0.9091387006396194,98,0.013659213341640285
evaluation-3d-01,central_cluster,3,1,43,30010043,SC-RRT-no-ADCS,1,5000,5000,3842,3844,10513,439,4355,680,271.0,0.022909911000169814,188.0,2782.8379759531217,0.8402460403456035,0.8819077049847692,2719.6999127333315,0.859752423151713,1,,4.0,4.0,0.0,0.0,0,0.0
evaluation-3d-01,central_cluster,3,1,43,30010043,SC-RRT-no-SSFOR,1,5000,5000,3527,3529,9123,540,3997,618,271.0,0.022964475967455655,188.0,2782.8379759531217,0.8402460403456035,0.8447235039784573,2535.1265756121434,0.9223478672473682,1,,1.5,1.5,0.8,0.8,0,0.0
evaluation-3d-01,central_cluster,3,1,44,30010044,SC-RRT-no-ADCS,1,5000,5000,3871,3873,10807,393,4619,755,259.0,0.023431862995494157,198.0,2770.6975824069627,0.8439277548965418,0.9185690539889038,2693.555278005829,0.8680974952736514,1,,4.0,4.0,0.0,0.0,0,0.0
evaluation-3d-01,central_cluster,3,1,44,30010044,SC-RRT-no-SSFOR,1,5000,5000,3577,3579,9005,419,3885,510,259.0,0.0234202709980309,198.0,2770.6975824069627,0.8439277548965418,0.8230842360062525,2729.544854556945,0.8566514619879833,1,,1.5,1.5,0.8,0.8,0,0.0
evaluation-3d-01,central_cluster,3,1,44,30010044,SC-RRT,1,5000,5000,3501,3503,9634,409,4350,876,259.0,0.0234441309585236,198.0,2770.6975824069627,0.8439277548965418,0.8315938760060817,2671.032645326869,0.8754174511153672,1,,1.3545467826280209,1.3545467826280209,0.9006064804268943,0.9006064804268943,99,0.015131507371815858
evaluation-3d-01,central_cluster,3,1,45,30010045,SC-RRT-no-SSFOR,1,5000,5000,3579,3581,9006,649,3725,430,279.0,0.02370974898803979,183.0,2698.890885772613,0.8663812985342706,0.8167879810207523,2636.077855689103,0.8870256184473474,1,,1.5,1.5,0.8,0.8,0,0.0
evaluation-3d-01,central_cluster,3,1,45,30010045,SC-RRT,1,5000,5000,3431,3433,9113,539,3801,466,279.0,0.023848111042752862,183.0,2698.890885772613,0.8663812985342706,0.7883582740323618,2629.531407766647,0.8892339461364173,1,,1.4014368983374803,1.4014368983374803,0.8675514797513882,0.8675514797513882,99,0.006459276130722533
evaluation-3d-01,central_cluster,3,1,45,30010045,SC-RRT-no-ADCS,1,5000,5000,3839,3841,10660,494,4418,622,279.0,0.023634545970708132,183.0,2698.890885772613,0.8663812985342706,0.9063169439905323,2612.7838655925607,0.8949337987769921,1,,4.0,4.0,0.0,0.0,0,0.0
evaluation-3d-01,central_cluster,3,1,46,30010046,SC-RRT,1,5000,5000,3336,3338,9292,670,4025,706,314.0,0.02803094801492989,227.0,2819.3552971691365,0.8293628662431434,0.8198524200124666,2701.643112753502,0.8654986956566709,1,,1.3491621344768165,1.3491621344768165,0.9044221804830495,0.9044221804830495,99,0.020493117506319554
evaluation-3d-01,central_cluster,3,1,46,30010046,SC-RRT-no-ADCS,1,5000,5000,3758,3760,10406,566,4311,697,314.0,0.02801773202372715,227.0,2819.3552971691365,0.8293628662431434,0.8663166909827851,2749.746661460547,0.8503578249554076,1,,4.0,4.0,0.0,0.0,0,0.0
evaluation-3d-01,central_cluster,3,1,46,30010046,SC-RRT-no-SSFOR,1,5000,5000,3587,3589,9235,456,4057,661,314.0,0.028158835950307548,227.0,2819.3552971691365,0.8293628662431434,0.8011905339662917,2699.4696861188354,0.8661955354571259,1,,1.5,1.5,0.8,0.8,0,0.0
evaluation-3d-01,central_cluster,3,1,47,30010047,SC-RRT-no-ADCS,1,5000,5000,3843,3845,10462,415,4395,660,335.0,0.02783461200306192,212.0,2701.5586785824203,0.8655257458427429,0.8709953600191511,2606.4780784040436,0.8970988897208432,1,,4.0,4.0,0.0,0.0,0,0.0
evaluation-3d-01,central_cluster,3,1,47,30010047,SC-RRT-no-SSFOR,1,5000,5000,3631,3633,9048,524,3711,388,335.0,0.02771202800795436,212.0,2701.5586785824203,0.8655257458427429,0.8066326749976724,2598.188968493513,0.8999609414760018,1,,1.5,1.5,0.8,0.8,0,0.0
evaluation-3d-01,central_cluster,3,1,47,30010047,SC-RRT,1,5000,5000,3383,3385,9564,507,4453,902,335.0,0.02800386300077662,212.0,2701.5586785824203,0.8655257458427429,0.8546582469716668,2565.332140533822,0.9114876601247478,1,,1.2960695059987222,1.2960695059987222,0.9421057646452311,0.9421057646452311,99,0.028530351241644093
evaluation-3d-01,central_cluster,3,1,48,30010048,SC-RRT-no-SSFOR,1,5000,5000,3582,3584,8837,660,3497,357,355.0,0.029203823010902852,220.0,2888.305685779749,0.8095640990253175,0.7949526309967041,2796.346881901112,0.8361868855942147,1,,1.5,1.5,0.8,0.8,0,0.0
evaluation-3d-01,central_cluster,3,1,48,30010048,SC-RRT,1,5000,5000,3534,3536,9375,480,3935,562,355.0,0.029314594983588904,220.0,2888.305685779749,0.8095640990253175,0.8234144090092741,2741.4318492533957,0.8529369755643536,1,,1.3951157087732815,1.3951157087732815,0.8719841377763211,0.8719841377763211,99,0.005220897460494606
evaluation-3d-01,central_cluster,3,1,48,30010048,SC-RRT-no-ADCS,1,5000,5000,3863,3865,10869,461,4584,781,355.0,0.029409663984552026,220.0,2888.305685779749,0.8095640990253175,0.896550107980147,2737.4786583921646,0.8541687012060021,1,,4.0,4.0,0.0,0.0,0,0.0
evaluation-3d-01,central_cluster,3,1,49,30010049,SC-RRT,1,5000,5000,3552,3554,9383,362,4016,604,165.0,0.015423977980390191,134.0,2542.234249261555,0.9197691325640756,0.8418479950050823,2489.5817976300523,0.9392214356820451,1,,1.3481110718046736,1.3481110718046736,0.9051672971979546,0.9051672971979546,99,0.017494366707028246
evaluation-3d-01,central_cluster,3,1,49,30010049,SC-RRT-no-ADCS,1,5000,5000,3939,3941,10802,340,4516,713,165.0,0.015390778018627316,134.0,2542.234249261555,0.9197691325640756,0.8798689569812268,2529.600749460861,0.9243627045557857,1,,4.0,4.0,0.0,0.0,0,0.0
evaluation-3d-01,central_cluster,3,1,49,30010049,SC-RRT-no-SSFOR,1,5000,5000,3561,3563,8777,465,3706,422,165.0,0.015336351993028075,134.0,2542.234249261555,0.9197691325640756,0.767883914988488,2541.6513658711847,0.9199800655651731,1,,1.5,1.5,0.8,0.8,0,0.0
evaluation-3d-02,slab_clutter,3,2,0,30020000,SC-RRT-no-ADCS,1,5000,5000,3926,3928,11554,302,5324,858,181.0,0.01679820497520268,140.0,2672.652376606355,0.8748869140950682,0.9825741419917904,2586.9972691050043,0.9038542939888491,1,,4.0,4.0,0.0,0.0,0,0.0
evaluation-3d-02,slab_clutter,3,2,0,30020000,SC-RRT-no-SSFOR,1,5000,5000,3712,3714,9197,369,3885,457,181.0,0.016522144025657326,140.0,2672.652376606355,0.8748869140950682,0.8108373790164478,2652.19318270459,0.8816358497059105,1,,1.5,1.5,0.8,0.8,0,0.0
evaluation-3d-02,slab_clutter,3,2,0,30020000,SC-RRT,1,5000,5000,3538,3540,9698,335,4381,590,181.0,0.016664860013406724,140.0,2672.652376606355,0.8748869140950682,0.8582485929946415,2583.223489445145,0.9051747166948474,1,,1.3763213433233734,1.3763213433233734,0.8852112274750169,0.8852112274750169,98,0.010054482038350522
evaluation-3d-02,slab_clutter,3,2,1,30020001,SC-RRT-no-SSFOR,1,5000,5000,3744,3746,9138,360,3851,428,158.0,0.014925347990356386,133.0,2598.068651460496,0.900002618831313,0.8218815749860369,2592.9778666625266,0.9017695909713322,1,,1.5,1.5,0.8,0.8,0,0.0
evaluation-3d-02,slab_clutter,3,2,1,30020001,SC-RRT,1,5000,5000,3493,3495,9752,272,4676,1028,158.0,0.014995285018812865,133.0,2598.068651460496,0.900002618831313,0.8317555719986558,2549.996898037544,0.9169691900478373,1,,1.3518936767320733,1.3518936767320733,0.9024861976374466,0.9024861976374466,99,0.011964100598081282
evaluation-3d-02,slab_clutter,3,2,1,30020001,SC-RRT-no-ADCS,1,5000,5000,3913,3915,10782,276,4648,717,158.0,0.014918453001882881,133.0,2598.068651460496,0.900002618831313,0.907017930992879,2563.034637329695,0.9123047172917319,1,,4.0,4.0,0.0,0.0,0,0.0
evaluation-3d-02,slab_clutter,3,2,2,30020002,SC-RRT,1,5000,5000,3505,3507,9505,334,4209,672,196.0,0.017592437041457742,150.0,2599.1725011273065,0.8996203942615721,0.805969889042899,2562.510508580491,0.9124913175529858,1,,1.3995582747573456,1.3995582747573456,0.8688679126043477,0.8688679126043477,99,0.00479253172367005
evaluation-3d-02,slab_clutter,3,2,2,30020002,SC-RRT-no-ADCS,1,5000,5000,3971,3973,11070,309,4699,726,196.0,0.017656706040725112,150.0,2599.1725011273065,0.8996203942615721,0.8988541390281171,2571.2186858164473,0.9094009012599822,1,,4.0,4.0,0.0,0.0,0,0.0
evaluation-3d-02,slab_clutter,3,2,2,30020002,SC-RRT-no-SSFOR,1,5000,5000,3657,3659,9003,386,3840,435,196.0,0.017645588028244674,150.0,2599.1725011273065,0.8996203942615721,0.8124372599995695,2588.9415705403558,0.9031754972090575,1,,1.5,1.5,0.8,0.8,0,0.0
evaluation-3d-02,slab_clutter,3,2,3,30020003,SC-RRT-no-ADCS,1,5000,5000,3986,3988,10891,222,4614,802,124.0,0.012567444005981088,122.0,2561.575754282984,0.9128242982111197,0.9270833429764025,2541.2812371055466,0.9201140574591467,1,,4.0,4.0,0.0,0.0,0,0.0
evaluation-3d-02,slab_clutter,3,2,3,30020003,SC-RRT-no-SSFOR,1,5000,5000,3592,3594,8816,294,3881,542,124.0,0.012618457025382668,122.0,2561.575754282984,0.9128242982111197,0.7895182769862004,2518.9791719467603,0.9282603906609056,1,,1.5,1.5,0.8,0.8,0,0.0
evaluation-3d-02,slab_clutter,3,2,3,30020003,SC-RRT,1,5000,5000,3613,3615,9405,258,3987,601,124.0,0.01258754701120779,122.0,2561.575754282984,0.9128242982111197,0.8447786719771102,2530.16992527301,0.9241547640187371,1,,1.4153212466634058,1.4153212466634058,0.8578483660014368,0.8578483660014368,99,0.0063206521189213705
evaluation-3d-02,slab_clutter,3,2,4,30020004,SC-RRT-no-SSFOR,1,5000,5000,3589,3591,8835,369,3846,530,251.0,0.020959211979061365,163.0,2628.443548047195,0.8896019821141693,0.8018818399868906,2507.670271956449,0.93244658851967,1,,1.5,1.5,0.8,0.8,0,0.0
evaluation-3d-02,slab_clutter,3,2,4,30020004,SC-RRT,1,5000,5000,3491,3493,10343,331,5130,1169,251.0,0.020997678977437317,163.0,2628.443548047195,0.8896019821141693,0.881799906026572,2456.5784020663173,0.9518395945560628,1,,1.379159419406995,1.379159419406995,0.8832097117348576,0.8832097117348576,99,0.008477893651404701
evaluation-3d-02,slab_clutter,3,2,4,30020004,SC-RRT-no-ADCS,1,5000,5000,3870,3872,10788,350,4638,729,251.0,0.02091458602808416,163.0,2628.443548047195,0.8896019821141693,0.8798250370309688,2472.8653167917355,0.9455705388968068,1,,4.0,4.0,0.0,0.0,0,0.0
evaluation-3d-02,slab_clutter,3,2,5,30020005,SC-RRT,1,5000,5000,3525,3527,10013,347,4699,1055,200.0,0.01808430696837604,159.0,2733.0693280579935,0.8555467533198148,0.9222332009812817,2527.346470071635,0.9251871945169862,1,,1.340137879854871,1.340137879854871,0.9108223916584051,0.9108223916584051,99,0.015519645380458255
evaluation-3d-02,slab_clutter,3,2,5,30020005,SC-RRT-no-ADCS,1,5000,5000,3894,3896,10814,311,4643,836,200.0,0.01807656604796648,159.0,2733.0693280579935,0.8555467533198148,0.8974258330417797,2562.3999251083196,0.9125306972209419,1,,4.0,4.0,0.0,0.0,0,0.0
evaluation-3d-02,slab_clutter,3,2,5,30020005,SC-RRT-no-SSFOR,1,5000,5000,3622,3624,9005,376,3881,494,200.0,0.018113599973730743,159.0,2733.0693280579935,0.8555467533198148,0.8259667169768363,2627.0752367089412,0.8900653310360618,1,,1.5,1.5,0.8,0.8,0,0.0
evaluation-3d-02,slab_clutter,3,2,6,30020006,SC-RRT-no-ADCS,1,5000,5000,3801,3803,10394,394,4350,656,188.0,0.01684805704280734,141.0,2564.2524938245,0.9118714306992959,0.8571130760246888,2539.4479952778847,0.9207782929857219,1,,4.0,4.0,0.0,0.0,0,0.0
evaluation-3d-02,slab_clutter,3,2,6,30020006,SC-RRT-no-SSFOR,1,5000,5000,3546,3548,8704,349,3729,425,188.0,0.016887132020201534,141.0,2564.2524938245,0.9118714306992959,0.7774577070376836,2546.6582871930614,0.9181713157108466,1,,1.5,1.5,0.8,0.8,0,0.0
evaluation-3d-02,slab_clutter,3,2,6,30020006,SC-RRT,1,5000,5000,3448,3450,9221,423,3996,667,188.0,0.016891987004783005,141.0,2564.2524938245,0.9118714306992959,0.7992138260160573,2515.0913806239696,0.9296952819415581,1,,1.3975608359827179,1.3975608359827179,0.8702684746361717,0.8702684746361717,99,0.010724084311596957
evaluation-3d-02,slab_clutter,3,2,7,30020007,SC-RRT-no-SSFOR,1,5000,5000,3619,3621,8973,411,3742,385,182.0,0.01594900799682364,132.0,2568.455576496923,0.9103792222901175,0.8009872840484604,2556.0415345727506,0.9148007020194342,1,,1.5,1.5,0.8,0.8,0,0.0
evaluation-3d-02,slab_clutter,3,2,7,30020007,SC-RRT,1,5000,5000,3503,3505,9270,395,3936,589,182.0,0.015935756033286452,132.0,2568.455576496923,0.9103792222901175,0.8277748910477385,2522.425880387352,0.9269919914788187,1,,1.3996315198532203,1.3996315198532203,0.8688165716145955,0.8688165716145955,99,0.005598191460777419
evaluation-3d-02,slab_clutter,3,2,7,30020007,SC-RRT-no-ADCS,1,5000,5000,3869,3871,10694,364,4496,722,182.0,0.01594329602085054,132.0,2568.455576496923,0.9103792222901175,0.9230879769893363,2526.316277200456,0.9255644716065173,1,,4.0,4.0,0.0,0.0,0,0.0
evaluation-3d-02,slab_clutter,3,2,8,30020008,SC-RRT,1,5000,5000,3433,3435,8917,470,3741,545,347.0,0.027564265008550137,209.0,2659.84581025711,0.8790993001176858,0.7752287550247274,2636.0001366504475,0.8870517712450541,1,,1.3770098686402101,1.3770098686402101,0.8847255309575472,0.8847255309575472,98,0.00923553817045637
evaluation-3d-02,slab_clutter,3,2,8,30020008,SC-RRT-no-ADCS,1,5000,5000,3817,3819,10684,419,4647,926,347.0,0.027865534997545183,209.0,2659.84581025711,0.8790993001176858,0.8897856369731016,2625.6619015182528,0.890544433335424,1,,4.0,4.0,0.0,0.0,0,0.0
evaluation-3d-02,slab_clutter,3,2,8,30020008,SC-RRT-no-SSFOR,1,5000,5000,3624,3626,9032,473,3761,439,347.0,0.027819665032438934,209.0,2659.84581025711,0.8790993001176858,0.7899365920457058,2649.2088255804856,0.882629020271979,1,,1.5,1.5,0.8,0.8,0,0.0
evaluation-3d-02,slab_clutter,3,2,9,30020009,SC-RRT-no-ADCS,1,5000,5000,3832,3834,10515,379,4342,708,142.0,0.01319153601070866,115.0,2533.5916675944336,0.922906646767629,0.8970952479867265,2494.5440735260318,0.9373530878982818,1,,4.0,4.0,0.0,0.0,0,0.0
evaluation-3d-02,slab_clutter,3,2,9,30020009,SC-RRT-no-SSFOR,1,5000,5000,3551,3553,8881,395,3770,468,142.0,0.01329546800116077,115.0,2533.5916675944336,0.922906646767629,0.8165533539722674,2512.3679228971137,0.9307030904620178,1,,1.5,1.5,0.8,0.8,0,0.0
evaluation-3d-02,slab_clutter,3,2,9,30020009,SC-RRT,1,5000,5000,3421,3423,9432,435,4156,798,142.0,0.01310045295394957,115.0,2533.5916675944336,0.922906646767629,0.8609616839676164,2452.458685283575,0.9534385244690117,1,,1.3380312097744878,1.3380312097744878,0.9123172746651254,0.9123172746651254,99,0.019246487377695323
evaluation-3d-02,slab_clutter,3,2,10,30020010,SC-RRT-no-SSFOR,1,5000,5000,3654,3656,8945,381,3790,491,298.0,0.02570717502385378,207.0,2776.7895162638324,0.8420762814475482,0.8054437370155938,2672.7348860538373,0.8748599056415669,1,,1.5,1.5,0.8,0.8,0,0.0
evaluation-3d-02,slab_clutter,3,2,10,30020010,SC-RRT,1,5000,5000,3473,3475,9734,372,4597,965,298.0,0.0259605260216631,207.0,2776.7895162638324,0.8420762814475482,0.8785212090006098,2537.248196572695,0.9215766094056184,1,,1.2859296996470013,1.2859296996470013,0.9492929173809105,0.9492929173809105,99,0.02997830414162986
evaluation-3d-02,slab_clutter,3,2,10,30020010,SC-RRT-no-ADCS,1,5000,5000,3898,3900,10227,301,4226,642,298.0,0.025694525975268334,207.0,2776.7895162638324,0.8420762814475482,0.8556318699847907,2592.827625309144,0.9018218439951986,1,,4.0,4.0,0.0,0.0,0,0.0
evaluation-3d-02,slab_clutter,3,2,11,30020011,SC-RRT,1,5000,5000,3408,3410,9042,501,3877,569,333.0,0.02762546803569421,217.0,2836.6650275617462,0.8243019769690049,0.7722283420152962,2706.314649600495,0.8640047049086322,1,,1.386463320700616,1.386463320700616,0.8780652103850906,0.8780652103850906,99,0.005744529267151414
evaluation-3d-02,slab_clutter,3,2,11,30020011,SC-RRT-no-ADCS,1,5000,5000,3845,3847,10683,451,4519,634,333.0,0.02782385004684329,217.0,2836.6650275617462,0.8243019769690049,0.8755832720198669,2699.8178081029914,0.8660838458062297,1,,4.0,4.0,0.0,0.0,0,0.0
evaluation-3d-02,slab_clutter,3,2,11,30020011,SC-RRT-no-SSFOR,1,5000,5000,3504,3506,9055,486,4000,653,333.0,0.027681417006533593,217.0,2836.6650275617462,0.8243019769690049,0.8303518979810178,2636.752161543706,0.8867987762827992,1,,1.5,1.5,0.8,0.8,0,0.0
evaluation-3d-02,slab_clutter,3,2,12,30020012,SC-RRT-no-ADCS,1,5000,5000,3867,3869,10612,364,4447,667,303.0,0.025700419035274535,196.0,2741.6725791591425,0.8528620842592078,0.8935452500008978,2634.893954817576,0.8874241735394136,1,,4.0,4.0,0.0,0.0,0,0.0
evaluation-3d-02,slab_clutter,3,2,12,30020012,SC-RRT-no-SSFOR,1,5000,5000,3662,3664,9105,453,3761,424,303.0,0.02578426495892927,196.0,2741.6725791591425,0.8528620842592078,0.7994172349572182,2720.271902265491,0.8595716436546774,1,,1.5,1.5,0.8,0.8,0,0.0
evaluation-3d-02,slab_clutter,3,2,12,30020012,SC-RRT,1,5000,5000,3489,3491,9308,345,4119,688,303.0,0.025913567980751395,196.0,2741.6725791591425,0.8528620842592078,0.8037146879942156,2639.7178459597194,0.8858024708197032,1,,1.3377783175292897,1.3377783175292897,0.9124967423937875,0.9124967423937875,99,0.012091179072408515
evaluation-3d-02,slab_clutter,3,2,13,30020013,SC-RRT-no-SSFOR,1,5000,5000,3690,3692,9023,356,3866,436,176.0,0.01660848403116688,143.0,2519.2517809863557,0.9281599433076468,0.8076300559914671,2500.234133084187,0.9352198497240702,1,,1.5,1.5,0.8,0.8,0,0.0
evaluation-3d-02,slab_clutter,3,2,13,30020013,SC-RRT,1,5000,5000,3611,3613,9396,295,3981,565,176.0,0.016549332009162754,143.0,2519.2517809863557,0.9281599433076468,0.8127345599932596,2487.467300409746,0.9400198305452357,1,,1.4118435331496824,1.4118435331496824,0.8602742477119186,0.8602742477119186,99,0.006113751534965536
evaluation-3d-02,slab_clutter,3,2,13,30020013,SC-RRT-no-ADCS,1,5000,5000,3974,3976,10742,291,4439,679,176.0,0.016596267989370972,143.0,2519.2517809863557,0.9281599433076468,0.8826207419624552,2497.7596934822855,0.9361463379842019,1,,4.0,4.0,0.0,0.0,0,0.0
evaluation-3d-02,slab_clutter,3,2,14,30020014,SC-RRT,1,5000,5000,3553,3555,10250,290,5010,1061,186.0,0.01818778895540163,159.0,2658.030296312945,0.879699751150875,0.890837061975617,2540.1593881320478,0.9205204213336677,1,,1.354589932347574,1.354589932347574,0.9005759147768143,0.9005759147768143,99,0.015343411654389832
evaluation-3d-02,slab_clutter,3,2,14,30020014,SC-RRT-no-ADCS,1,5000,5000,3939,3941,11110,272,4960,772,186.0,0.018235026043839753,159.0,2658.030296312945,0.879699751150875,0.9224783170502633,2575.2492418313586,0.9079775861054721,1,,4.0,4.0,0.0,0.0,0,0.0
evaluation-3d-02,slab_clutter,3,2,14,30020014,SC-RRT-no-SSFOR,1,5000,5000,3724,3726,9186,314,3895,443,186.0,0.01807934994576499,159.0,2658.030296312945,0.879699751150875,0.8654475109651685,2620.7676213032614,0.8922075239372824,1,,1.5,1.5,0.8,0.8,0,0.0
evaluation-3d-02,slab_clutter,3,2,15,30020015,SC-RRT-no-ADCS,1,5000,5000,3910,3912,10594,336,4407,634,211.0,0.018717310042120516,162.0,2606.0995355386926,0.8972291957124552,0.8928711240296252,2572.749455734915,0.9088598133820417,1,,4.0,4.0,0.0,0.0,0,0.0
evaluation-3d-02,slab_clutter,3,2,15,30020015,SC-RRT-no-SSFOR,1,5000,5000,3803,3805,9474,335,4046,485,211.0,0.018811202025972307,162.0,2606.0995355386926,0.8972291957124552,0.8529664250090718,2600.5926668386073,0.8991291177716364,1,,1.5,1.5,0.8,0.8,0,0.0
evaluation-3d-02,slab_clutter,3,2,15,30020015,SC-RRT,1,5000,5000,3493,3495,9505,346,4321,751,211.0,0.018877345020882785,162.0,2606.0995355386926,0.8972291957124552,0.8907871230039746,2489.008349447305,0.9394378250025585,1,,1.2856948987163441,1.2856948987163441,0.9494592280293995,0.9494592280293995,99,0.03745150868601228
evaluation-3d-02,slab_clutter,3,2,16,30020016,SC-RRT-no-SSFOR,1,5000,5000,3573,3575,8780,367,3776,505,149.0,0.01476083998568356,140.0,2584.8044039156002,0.9046210949949829,0.7985903960070573,2539.623537699516,0.9207146474693937,1,,1.5,1.5,0.8,0.8,0,0.0
evaluation-3d-02,slab_clutter,3,2,16,30020016,SC-RRT,1,5000,5000,3538,3540,10026,292,4771,1010,149.0,0.014766311040148139,140.0,2584.8044039156002,0.9046210949949829,0.941356857016217,2516.805227615423,0.9290621954220131,1,,1.390215750058337,1.390215750058337,0.8754260747106126,0.8754260747106126,99,0.010307750082703578
evaluation-3d-02,slab_clutter,3,2,16,30020016,SC-RRT-no-ADCS,1,5000,5000,3890,3892,10650,283,4525,826,149.0,0.014936059014871716,140.0,2584.8044039156002,0.9046210949949829,0.8988184470217675,2555.6117371729624,0.9149545512749112,1,,4.0,4.0,0.0,0.0,0,0.0
evaluation-3d-02,slab_clutter,3,2,17,30020017,SC-RRT,1,5000,5000,3542,3544,10098,354,4824,957,304.0,0.025891274970490485,209.0,2600.0761032995647,0.8993077499734181,0.9306276610004716,2528.286998659862,0.9248430227491584,1,,1.3179805141463161,1.3179805141463161,0.9265531291673327,0.9265531291673327,99,0.020037616331312368
evaluation-3d-02,slab_clutter,3,2,17,30020017,SC-RRT-no-ADCS,1,5000,5000,3936,3938,11010,329,4772,731,304.0,0.025833441992290318,209.0,2600.0761032995647,0.8993077499734181,0.9102229230338708,2564.7801404412594,0.9116838333814045,1,,4.0,4.0,0.0,0.0,0,0.0
evaluation-3d-02,slab_clutter,3,2,17,30020017,SC-RRT-no-SSFOR,1,5000,5000,3449,3451,8686,374,4022,752,304.0,0.02589585998794064,209.0,2600.0761032995647,0.8993077499734181,0.7688489920110442,2565.9697388590107,0.9112611714812051,1,,1.5,1.5,0.8,0.8,0,0.0
evaluation-3d-02,slab_clutter,3,2,18,30020018,SC-RRT-no-ADCS,1,5000,5000,3921,3923,10849,308,4627,722,205.0,0.018223286024294794,155.0,2714.3259304342732,0.861454611622075,0.8919098179903813,2682.0272319948804,0.87182880260272,1,,4.0,4.0,0.0,0.0,0,0.0
evaluation-3d-02,slab_clutter,3,2,18,30020018,SC-RRT-no-SSFOR,1,5000,5000,3615,3617,8913,319,3786,444,205.0,0.018293338012881577,155.0,2714.3259304342732,0.861454611622075,0.8057760740048252,2665.828292977359,0.8771264812432701,1,,1.5,1.5,0.8,0.8,0,0.0
evaluation-3d-02,slab_clutter,3,2,18,30020018,SC-RRT,1,5000,5000,3589,3591,9337,320,3920,489,205.0,0.01813759602373466,155.0,2714.3259304342732,0.861454611622075,0.8007536680088378,2692.819585289697,0.8683346641533098,1,,1.4090462484265334,1.4090462484265334,0.8622277474536525,0.8622277474536525,99,0.003219699467819094
evaluation-3d-02,slab_clutter,3,2,19,30020019,SC-RRT-no-SSFOR,1,5000,5000,3806,3808,9394,310,4026,443,183.0,0.016911662998609245,155.0,2602.342250349018,0.898524623309783,0.8578461440047249,2562.317825608346,0.9125599357147788,1,,1.5,1.5,0.8,0.8,0,0.0
evaluation-3d-02,slab_clutter,3,2,19,30020019,SC-RRT,1,5000,5000,3624,3626,10335,280,4873,1087,183.0,0.016975005972199142,155.0,2602.342250349018,0.898524623309783,0.9177937490167096,2505.8710543638635,0.9331160859797606,1,,1.369371947978675,1.369371947978675,0.8901176174794925,0.8901176174794925,99,0.014529948545399022
evaluation-3d-02,slab_clutter,3,2,19,30020019,SC-RRT-no-ADCS,1,5000,5000,3972,3974,11147,293,4789,915,183.0,0.01689277496188879,155.0,2602.342250349018,0.898524623309783,0.9445162209449336,2541.0330733837627,0.9202039181269815,1,,4.0,4.0,0.0,0.0,0,0.0
evaluation-3d-02,slab_clutter,3,2,20,30020020,SC-RRT,1,5000,5000,3484,3486,8957,426,3812,531,359.0,0.030017154989764094,231.0,2834.153544727107,0.8250324314885098,0.7698443660046905,2673.1631158447653,0.8747197566651488,1,,1.349405748354325,1.349405748354325,0.9042494918606738,0.9042494918606738,99,0.015513731799145334
evaluation-3d-02,slab_clutter,3,2,20,30020020,SC-RRT-no-ADCS,1,5000,5000,3843,3845,10470,431,4358,659,359.0,0.030039965000469238,231.0,2834.153544727107,0.8250324314885098,0.8738363099982962,2687.6697469494707,0.8699984783740413,1,,4.0,4.0,0.0,0.0,0,0.0
evaluation-3d-02,slab_clutter,3,2,20,30020020,SC-RRT-no-SSFOR,1,5000,5000,3477,3479,8703,503,3660,475,359.0,0.03008187800878659,231.0,2834.153544727107,0.8250324314885098,0.8091127279913053,2624.422092400837,0.8909651374253302,1,,1.5,1.5,0.8,0.8,0,0.0
evaluation-3d-02,slab_clutter,3,2,21,30020021,SC-RRT-no-ADCS,1,5000,5000,3948,3950,11043,330,4774,857,285.0,0.024382123025134206,199.0,2638.525346482637,0.8862028152714475,0.9091923839878291,2581.402014223416,0.9058134212858839,1,,4.0,4.0,0.0,0.0,0,0.0
evaluation-3d-02,slab_clutter,3,2,21,30020021,SC-RRT-no-SSFOR,1,5000,5000,3574,3576,8830,417,3759,505,285.0,0.024328224011696875,199.0,2638.525346482637,0.8862028152714475,0.8063662700005807,2595.2028122128004,0.900996476735573,1,,1.5,1.5,0.8,0.8,0,0.0
evaluation-3d-02,slab_clutter,3,2,21,30020021,SC-RRT,1,5000,5000,3589,3591,9591,288,4314,753,285.0,0.024246691027656198,199.0,2638.525346482637,0.8862028152714475,0.833563280000817,2550.9667839845006,0.9166205553510615,1,,1.3511130807432845,1.3511130807432845,0.9030393763853612,0.9030393763853612,99,0.016774689428918018
evaluation-3d-02,slab_clutter,3,2,22,30020022,SC-RRT-no-SSFOR,1,5000,5000,3702,3704,9324,392,3972,523,181.0,0.01681218098383397,143.0,2647.620645315325,0.883158466963647,0.8191666909842752,2614.907586011428,0.8942069703444445,1,,1.5,1.5,0.8,0.8,0,0.0
evaluation-3d-02,slab_clutter,3,2,22,30020022,SC-RRT,1,5000,5000,3538,3540,9395,298,4137,637,181.0,0.016733644006308168,143.0,2647.620645315325,0.883158466963647,0.8410476790159009,2541.208087184559,0.9201405433935107,1,,1.378811367574208,1.378811367574208,0.8834550978987553,0.8834550978987553,99,0.00783026356548541
evaluation-3d-02,slab_clutter,3,2,22,30020022,SC-RRT-no-ADCS,1,5000,5000,3910,3912,10938,280,4774,842,181.0,0.01667357300175354,143.0,2647.620645315325,0.883158466963647,0.9392185359611176,2555.2557756747037,0.9150820095888738,1,,4.0,4.0,0.0,0.0,0,0.0
evaluation-3d-02,slab_clutter,3,2,23,30020023,SC-RRT,1,5000,5000,3462,3464,10245,327,5187,1290,210.0,0.019564258982427418,172.0,2712.801088065855,0.8619388279164614,0.9056307759601623,2598.8431269027974,0.899734411058756,1,,1.3477647876194507,1.3477647876194507,0.9054128044670855,0.9054128044670855,99,0.013574028908840196
evaluation-3d-02,slab_clutter,3,2,23,30020023,SC-RRT-no-ADCS,1,5000,5000,3905,3907,10587,329,4418,690,210.0,0.019642880011815578,172.0,2712.801088065855,0.8619388279164614,0.9197262529633008,2627.645300843736,0.8898722325525317,1,,4.0,4.0,0.0,0.0,0,0.0
evaluation-3d-02,slab_clutter,3,2,23,30020023,SC-RRT-no-SSFOR,1,5000,5000,3684,3686,9233,402,3931,501,210.0,0.01970058400183916,172.0,2712.801088065855,0.8619388279164614,0.8504326089750975,2684.3315039618474,0.8710804111812929,1,,1.5,1.5,0.8,0.8,0,0.0
evaluation-3d-02,slab_clutter,3,2,24,30020024,SC-RRT-no-ADCS,1,5000,5000,3969,3971,11112,249,4930,773,217.0,0.0193974090507254,162.0,2757.4195995471528,0.847991575385188,0.9255798550439067,2683.3344478619556,0.8714040816198237,1,,4.0,4.0,0.0,0.0,0,0.0
evaluation-3d-02,slab_clutter,3,2,24,30020024,SC-RRT-no-SSFOR,1,5000,5000,3721,3723,9214,353,3865,415,217.0,0.019660221005324274,162.0,2757.4195995471528,0.847991575385188,0.8416787440073676,2737.5171527172542,0.8541566900857674,1,,1.5,1.5,0.8,0.8,0,0.0
evaluation-3d-02,slab_clutter,3,2,24,30020024,SC-RRT,1,5000,5000,3663,3665,9584,243,4198,662,217.0,0.01943356095580384,162.0,2757.4195995471528,0.847991575385188,0.8351813069893979,2672.110489041851,0.875064335777682,1,,1.3713890375323972,1.3713890375323972,0.8886927609075685,0.8886927609075685,99,0.009792372922336793
evaluation-3d-02,slab_clutter,3,2,25,30020025,SC-RRT-no-SSFOR,1,5000,5000,3634,3636,8896,284,3813,442,143.0,0.013880566984880716,123.0,2553.1892388539122,0.9158226717529161,0.8051551039679907,2552.820373437346,0.9159550019845423,1,,1.5,1.5,0.8,0.8,0,0.0
evaluation-3d-02,slab_clutter,3,2,25,30020025,SC-RRT,1,5000,5000,3650,3652,9822,262,4324,719,143.0,0.013666633982211351,123.0,2553.1892388539122,0.9158226717529161,0.8289300730102696,2548.885279734787,0.9173690980950238,1,,1.437656872411856,1.437656872411856,0.842348788081682,0.842348788081682,98,0.0020449470321199153
evaluation-3d-02,slab_clutter,3,2,25,30020025,SC-RRT-no-ADCS,1,5000,5000,3923,3925,10969,268,4793,844,143.0,0.01379373500822112,123.0,2553.1892388539122,0.9158226717529161,0.8956896489835344,2534.518034327092,0.922569324245818,1,,4.0,4.0,0.0,0.0,0,0.0
evaluation-3d-02,slab_clutter,3,2,26,30020026,SC-RRT,1,5000,5000,3477,3479,10178,450,4816,1080,236.0,0.020618501002900302,165.0,2767.789884627554,0.8448143420152112,0.9087434170069173,2512.8009391459364,0.9305427078568057,1,,1.2860320794467968,1.2860320794467968,0.9492203994174742,0.9492203994174742,99,0.03867134663942579
evaluation-3d-02,slab_clutter,3,2,26,30020026,SC-RRT-no-ADCS,1,5000,5000,3893,3895,10859,350,4699,816,236.0,0.020686716015916318,165.0,2767.789884627554,0.8448143420152112,0.9229806030052714,2608.1687271998035,0.8965173785855522,1,,4.0,4.0,0.0,0.0,0,0.0
evaluation-3d-02,slab_clutter,3,2,26,30020026,SC-RRT-no-SSFOR,1,5000,5000,3526,3528,8758,373,3740,508,236.0,0.02050214196788147,165.0,2767.789884627554,0.8448143420152112,0.7964869489660487,2626.9459442197317,0.890109138089824,1,,1.5,1.5,0.8,0.8,0,0.0
evaluation-3d-02,slab_clutter,3,2,27,30020027,SC-RRT-no-ADCS,1,5000,5000,3965,3967,10953,309,4624,669,223.0,0.019200581999029964,152.0,2685.282018408123,0.870772073170976,0.9289785359869711,2558.6371636969097,0.9138726754204881,1,,4.0,4.0,0.0,0.0,0,0.0
evaluation-3d-02,slab_clutter,3,2,27,30020027,SC-RRT-no-SSFOR,1,5000,5000,3686,3688,9109,355,3814,404,223.0,0.019188017991837114,152.0,2685.282018408123,0.870772073170976,0.8307987029547803,2652.7664714660423,0.8814453195820694,1,,1.5,1.5,0.8,0.8,0,0.0
evaluation-3d-02,slab_clutter,3,2,27,30020027,SC-RRT,1,5000,5000,3536,3538,10155,359,4798,999,223.0,0.019246276991907507,152.0,2685.282018408123,0.870772073170976,0.9231218069908209,2506.322265463494,0.9329480978718306,1,,1.2877212564610558,1.2877212564610558,0.9480237576111499,0.9480237576111499,99,0.027433597299731615
evaluation-3d-02,slab_clutter,3,2,28,30020028,SC-RRT-no-SSFOR,1,5000,5000,3531,3533,8996,454,3870,561,299.0,0.024959318048786372,201.0,2737.924027921915,0.8540297562576018,0.8134574900032021,2634.4635221747258,0.8875691656143201,1,,1.5,1.5,0.8,0.8,0,0.0
evaluation-3d-02,slab_clutter,3,2,28,30020028,SC-RRT,1,5000,5000,3467,3469,9555,467,4261,787,299.0,0.02496586798224598,201.0,2737.924027921915,0.8540297562576018,0.867867317982018,2567.5686683646823,0.910693692062872,1,,1.3318817673864185,1.3318817673864185,0.9166821537784249,0.9166821537784249,99,0.018700473379140818
evaluation-3d-02,slab_clutter,3,2,28,30020028,SC-RRT-no-ADCS,1,5000,5000,3875,3877,10814,433,4570,786,299.0,0.02489565499126911,201.0,2737.924027921915,0.8540297562576018,0.8994470710167661,2584.6112898651295,0.9046886854463907,1,,4.0,4.0,0.0,0.0,0,0.0
evaluation-3d-02,slab_clutter,3,2,29,30020029,SC-RRT,1,5000,5000,3538,3540,9514,336,4217,735,189.0,0.017827506992034614,164.0,2717.849444132715,0.8603377921708767,0.8404869110090658,2657.299261592307,0.879941760423644,1,,1.3523432257872094,1.3523432257872094,0.902167645302105,0.902167645302105,99,0.01421333462528793
evaluation-3d-02,slab_clutter,3,2,29,30020029,SC-RRT-no-ADCS,1,5000,5000,3933,3935,10757,285,4546,791,189.0,0.01788734900765121,164.0,2717.849444132715,0.8603377921708767,0.9020713479840197,2687.253999218434,0.8701330767013653,1,,4.0,4.0,0.0,0.0,0,0.0
evaluation-3d-02,slab_clutter,3,2,29,30020029,SC-RRT-no-SSFOR,1,5000,5000,3763,3765,9296,315,4007,497,189.0,0.01783952402183786,164.0,2717.849444132715,0.8603377921708767,0.8505595030146651,2684.6868411743226,0.8709651175535953,1,,1.5,1.5,0.8,0.8,0,0.0
evaluation-3d-02,slab_clutter,3,2,30,30020030,SC-RRT-no-ADCS,1,5000,5000,3994,3996,10935,273,4605,698,231.0,0.02035294199595228,174.0,2639.2791785349555,0.8859496976428011,0.9291319780168124,2604.248797696547,0.8978668214366378,1,,4.0,4.0,0.0,0.0,0,0.0
evaluation-3d-02,slab_clutter,3,2,30,30020030,SC-RRT-no-SSFOR,1,5000,5000,3675,3677,9229,367,4022,598,231.0,0.020346124016214162,174.0,2639.2791785349555,0.8859496976428011,0.8414159989915788,2612.635339079867,0.89498467514471,1,,1.5,1.5,0.8,0.8,0,0.0
evaluation-3d-02,slab_clutter,3,2,30,30020030,SC-RRT,1,5000,5000,3482,3484,10044,352,4813,1102,231.0,0.020411472010891885,174.0,2639.2791785349555,0.8859496976428011,0.9478479160461575,2549.3672422733353,0.9171956677896633,1,,1.3160381313838188,1.3160381313838188,0.9279324566487226,0.9279324566487226,99,0.02344347694196778
evaluation-3d-02,slab_clutter,3,2,31,30020031,SC-RRT-no-SSFOR,1,5000,5000,3657,3659,8954,344,3798,460,192.0,0.016737751953769475,145.0,2622.112898400239,0.891749776161267,0.8121849419549108,2611.1027023002575,0.8955100035544679,1,,1.5,1.5,0.8,0.8,0,0.0
evaluation-3d-02,slab_clutter,3,2,31,30020031,SC-RRT,1,5000,5000,3576,3578,9228,314,3868,463,192.0,0.016751980991102755,145.0,2622.112898400239,0.891749776161267,0.7947094279807061,2608.1524705479287,0.896522966591272,1,,1.3962638423674714,1.3962638423674714,0.8711783700249494,0.8711783700249494,99,0.006781106965861623
evaluation-3d-02,slab_clutter,3,2,31,30020031,SC-RRT-no-ADCS,1,5000,5000,3923,3925,10950,319,4706,718,192.0,0.017294663994107395,145.0,2622.112898400239,0.891749776161267,0.9367128529702313,2604.1261569269204,0.897909106284363,1,,4.0,4.0,0.0,0.0,0,0.0
evaluation-3d-02,slab_clutter,3,2,32,30020032,SC-RRT,1,5000,5000,3580,3582,9282,272,4012,602,211.0,0.019070322043262422,157.0,2552.2620747086994,0.9161553640547908,0.8254900710307993,2507.7730863858437,0.9324083597961623,1,,1.4073400422404323,1.4073400422404323,0.8634202464695291,0.8634202464695291,99,0.00372381385630951
evaluation-3d-02,slab_clutter,3,2,32,30020032,SC-RRT-no-ADCS,1,5000,5000,3997,3999,11085,246,4800,792,211.0,0.018699840002227575,157.0,2552.2620747086994,0.9161553640547908,0.9406657699728385,2504.8476446363024,0.9334973307558172,1,,4.0,4.0,0.0,0.0,0,0.0
evaluation-3d-02,slab_clutter,3,2,32,30020032,SC-RRT-no-SSFOR,1,5000,5000,3634,3636,8834,451,3721,376,211.0,0.018603595031891018,157.0,2552.2620747086994,0.9161553640547908,0.787351627019234,2507.1097756216,0.932655048835365,1,,1.5,1.5,0.8,0.8,0,0.0
evaluation-3d-02,slab_clutter,3,2,33,30020033,SC-RRT-no-ADCS,1,5000,5000,3839,3841,10670,333,4569,848,160.0,0.014609258971177042,126.0,2508.8131602034014,0.9320218130665456,0.9016085990006104,2477.4512942200968,0.943820205738524,1,,4.0,4.0,0.0,0.0,0,0.0
evaluation-3d-02,slab_clutter,3,2,33,30020033,SC-RRT-no-SSFOR,1,5000,5000,3709,3711,9216,347,3972,517,160.0,0.014749278023373336,126.0,2508.8131602034014,0.9320218130665456,0.8125014699762687,2494.059046174997,0.937535377842822,1,,1.5,1.5,0.8,0.8,0,0.0
evaluation-3d-02,slab_clutter,3,2,33,30020033,SC-RRT,1,5000,5000,3481,3483,9710,339,4511,928,160.0,0.014755238022189587,126.0,2508.8131602034014,0.9320218130665456,0.826796732028015,2472.988094840162,0.9455235935412438,1,,1.4108342711541675,1.4108342711541675,0.8609788434504224,0.8609788434504224,99,0.00396376602961824
evaluation-3d-02,slab_clutter,3,2,34,30020034,SC-RRT-no-SSFOR,1,5000,5000,3682,3684,9066,384,3896,517,290.0,0.02424783998867497,191.0,2620.8329851415306,0.8921852721918916,0.8294653560151346,2549.76305247557,0.917053287735013,1,,1.5,1.5,0.8,0.8,0,0.0
evaluation-3d-02,slab_clutter,3,2,34,30020034,SC-RRT,1,5000,5000,3475,3477,9855,363,4704,987,290.0,0.024009377986658365,191.0,2620.8329851415306,0.8921852721918916,0.916086882003583,2535.461586029706,0.922225997467977,1,,1.285740798713653,1.285740798713653,0.9494267173026711,0.9494267173026711,99,0.032435845032348795
evaluation-3d-02,slab_clutter,3,2,34,30020034,SC-RRT-no-ADCS,1,5000,5000,3859,3861,10530,384,4424,773,290.0,0.024110399011988193,191.0,2620.8329851415306,0.8921852721918916,0.8948448059963994,2598.396560212971,0.8998890415812181,1,,4.0,4.0,0.0,0.0,0,0.0
evaluation-3d-02,slab_clutter,3,2,35,30020035,SC-RRT,1,5000,5000,3488,3490,9449,357,4297,835,297.0,0.025289062003139406,202.0,2578.0057261670922,0.9070067480782742,0.9111049300408922,2504.264389625745,0.9337147466955082,1,,1.3174874437135604,1.3174874437135604,0.9269032722937404,0.9269032722937404,99,0.022394308362146186
evaluation-3d-02,slab_clutter,3,2,35,30020035,SC-RRT-no-ADCS,1,5000,5000,3942,3944,10671,309,4475,677,297.0,0.025101434031967074,202.0,2578.0057261670922,0.9070067480782742,0.9061271459795535,2541.819588539852,0.9199191794572653,1,,4.0,4.0,0.0,0.0,0,0.0
evaluation-3d-02,slab_clutter,3,2,35,30020035,SC-RRT-no-SSFOR,1,5000,5000,3610,3612,9096,476,3934,520,297.0,0.025710925983730704,202.0,2578.0057261670922,0.9070067480782742,0.8074025230016559,2543.1033826402727,0.9194547914093736,1,,1.5,1.5,0.8,0.8,0,0.0
evaluation-3d-02,slab_clutter,3,2,36,30020036,SC-RRT-no-ADCS,1,5000,5000,3922,3924,10957,354,4729,943,217.0,0.018541993980761617,148.0,2628.553550760963,0.8895647530334919,0.9197200440103188,2591.1324087729495,0.9024118498542069,1,,4.0,4.0,0.0,0.0,0,0.0
evaluation-3d-02,slab_clutter,3,2,36,30020036,SC-RRT-no-SSFOR,1,5000,5000,3624,3626,8764,370,3734,391,217.0,0.018517258984502405,148.0,2628.553550760963,0.8895647530334919,0.7773988230037503,2544.8543288697015,0.918822175278114,1,,1.5,1.5,0.8,0.8,0,0.0
evaluation-3d-02,slab_clutter,3,2,36,30020036,SC-RRT,1,5000,5000,3537,3539,9302,379,3990,619,217.0,0.018613456981256604,148.0,2628.553550760963,0.8895647530334919,0.8189495539991185,2590.8157853460084,0.9025221335470996,1,,1.3770497723652393,1.3770497723652393,0.8846973846364157,0.8846973846364157,99,0.007248145589893853
evaluation-3d-02,slab_clutter,3,2,37,30020037,SC-RRT-no-SSFOR,1,5000,5000,3717,3719,9063,360,3704,410,201.0,0.01794599398272112,154.0,2789.910506957023,0.8381159841461553,0.8064031969988719,2732.9550363867047,0.855582532125906,1,,1.5,1.5,0.8,0.8,0,0.0
evaluation-3d-02,slab_clutter,3,2,37,30020037,SC-RRT,1,5000,5000,3596,3598,9233,317,3814,556,201.0,0.01808687101583928,154.0,2789.910506957023,0.8381159841461553,0.8384561919956468,2752.0376778429268,0.8496499190558835,1,,1.3780385504398769,1.3780385504398769,0.8840000287844844,0.8840000287844844,99,0.011670592699535201
evaluation-3d-02,slab_clutter,3,2,37,30020037,SC-RRT-no-ADCS,1,5000,5000,3920,3922,10655,305,4436,722,201.0,0.01809531095204875,154.0,2789.910506957023,0.8381159841461553,0.9063218749943189,2780.0772862376684,0.8410804267180672,1,,4.0,4.0,0.0,0.0,0,0.0
evaluation-3d-02,slab_clutter,3,2,38,30020038,SC-RRT,1,5000,5000,3437,3439,9705,350,4604,895,140.0,0.013388519000727683,120.0,2634.5609445522473,0.887536344548439,0.8893225209903903,2525.2107652589416,0.9259696744474365,1,,1.3558345812671795,1.3558345812671795,0.8996943347680428,0.8996943347680428,99,0.018284213053256674
evaluation-3d-02,slab_clutter,3,2,38,30020038,SC-RRT-no-ADCS,1,5000,5000,3884,3886,10366,293,4267,675,140.0,0.013443110976368189,120.0,2634.5609445522473,0.887536344548439,0.9238626679871231,2578.919172345301,0.9066854887474174,1,,4.0,4.0,0.0,0.0,0,0.0
evaluation-3d-02,slab_clutter,3,2,38,30020038,SC-RRT-no-SSFOR,1,5000,5000,3626,3628,8868,315,3743,466,140.0,0.013279284001328051,120.0,2634.5609445522473,0.887536344548439,0.7983720280462876,2619.955297002583,0.8924841553186542,1,,1.5,1.5,0.8,0.8,0,0.0
evaluation-3d-02,slab_clutter,3,2,39,30020039,SC-RRT-no-ADCS,1,5000,5000,3860,3862,10678,391,4522,735,203.0,0.018956821004394442,166.0,2679.302812406324,0.8727153121292581,0.8512134200427681,2640.696475669658,0.8854741965848306,1,,4.0,4.0,0.0,0.0,0,0.0
evaluation-3d-02,slab_clutter,3,2,39,30020039,SC-RRT-no-SSFOR,1,5000,5000,3665,3667,9196,391,3986,579,203.0,0.019120117998681962,166.0,2679.302812406324,0.8727153121292581,0.8048212349531241,2567.2023270050945,0.9108236486158904,1,,1.5,1.5,0.8,0.8,0,0.0
evaluation-3d-02,slab_clutter,3,2,39,30020039,SC-RRT,1,5000,5000,3503,3505,9416,388,4179,683,203.0,0.01910824904916808,166.0,2679.302812406324,0.8727153121292581,0.7939578810473904,2646.7787327647607,0.8834393904077829,1,,1.369812211825389,1.369812211825389,0.8898065677109971,0.8898065677109971,99,0.013598147390359796
evaluation-3d-02,slab_clutter,3,2,40,30020040,SC-RRT-no-SSFOR,1,5000,5000,3652,3654,9053,425,3746,399,299.0,0.0251256360206753,199.0,2623.9483487437287,0.8911259977116089,0.8028625040315092,2617.37178257112,0.8933650946297874,1,,1.5,1.5,0.8,0.8,0,0.0
evaluation-3d-02,slab_clutter,3,2,40,30020040,SC-RRT,1,5000,5000,3509,3511,9235,407,3982,590,299.0,0.025066182017326355,199.0,2623.9483487437287,0.8911259977116089,0.7941083410405554,2605.2774738304347,0.897512304814167,1,,1.4042916273776789,1.4042916273776789,0.8655526052807399,0.8655526052807399,99,0.004787252544884882
evaluation-3d-02,slab_clutter,3,2,40,30020040,SC-RRT-no-ADCS,1,5000,5000,3893,3895,11006,384,4847,932,299.0,0.02515575196594,199.0,2623.9483487437287,0.8911259977116089,0.9164665639982559,2600.8357455037667,0.899045083589112,1,,4.0,4.0,0.0,0.0,0,0.0
evaluation-3d-02,slab_clutter,3,2,41,30020041,SC-RRT,1,5000,5000,3571,3573,9375,324,4102,592,175.0,0.01697622798383236,156.0,2633.556947326074,0.8878747021559931,0.8640341110294685,2591.69855189005,0.9022147226623841,1,,1.3988209567561993,1.3988209567561993,0.8693848010808466,0.8693848010808466,99,0.005081911972045474
evaluation-3d-02,slab_clutter,3,2,41,30020041,SC-RRT-no-ADCS,1,5000,5000,3931,3933,11044,341,4833,841,175.0,0.03427861101226881,156.0,2633.556947326074,0.8878747021559931,1.0548551310203038,2579.853284162572,0.9063571965787167,1,,4.0,4.0,0.0,0.0,0,0.0
evaluation-3d-02,slab_clutter,3,2,41,30020041,SC-RRT-no-SSFOR,1,5000,5000,3683,3685,8945,355,3751,409,175.0,0.018317263980861753,156.0,2633.556947326074,0.8878747021559931,0.8212914189789444,2623.601974482126,0.8912436463154957,1,,1.5,1.5,0.8,0.8,0,0.0
evaluation-3d-02,slab_clutter,3,2,42,30020042,SC-RRT-no-ADCS,1,5000,5000,3927,3929,10603,287,4415,560,168.0,0.015883809013757855,143.0,2625.68506923773,0.8905365756209344,0.9662963220034726,2623.1554589269,0.8913953544997065,1,,4.0,4.0,0.0,0.0,0,0.0
evaluation-3d-02,slab_clutter,3,2,42,30020042,SC-RRT-no-SSFOR,1,5000,5000,3633,3635,9002,398,3799,402,168.0,0.017472698003984988,143.0,2625.68506923773,0.8905365756209344,0.9182488580117933,2605.732359201301,0.8973556251704612,1,,1.5,1.5,0.8,0.8,0,0.0
evaluation-3d-02,slab_clutter,3,2,42,30020042,SC-RRT,1,5000,5000,3604,3606,9408,293,4037,533,168.0,0.017154729983303696,143.0,2625.68506923773,0.8905365756209344,0.8941292189992964,2609.8756154912053,0.8959310460387202,1,,1.4036535986145267,1.4036535986145267,0.8659991859885748,0.8659991859885748,98,0.006997949061167224
evaluation-3d-02,slab_clutter,3,2,43,30020043,SC-RRT-no-SSFOR,1,5000,5000,3601,3603,8831,370,3759,412,255.0,0.023641003004740924,178.0,2582.3264946290074,0.9054891374430614,0.8618882430018857,2553.5041721133775,0.9157097199033529,1,,1.5,1.5,0.8,0.8,0,0.0
evaluation-3d-02,slab_clutter,3,2,43,30020043,SC-RRT,1,5000,5000,3585,3587,10071,336,4695,978,255.0,0.024120057001709938,178.0,2582.3264946290074,0.9054891374430614,0.9187002659891732,2552.023865908982,0.9162408790347021,1,,1.3962023041005065,1.3962023041005065,0.8712215507884397,0.8712215507884397,98,0.005847231333461426
evaluation-3d-02,slab_clutter,3,2,43,30020043,SC-RRT-no-ADCS,1,5000,5000,3948,3950,10806,353,4499,559,255.0,0.02276576095027849,178.0,2582.3264946290074,0.9054891374430614,0.959556472953409,2555.2448396676973,0.9150859259819774,1,,4.0,4.0,0.0,0.0,0,0.0
evaluation-3d-02,slab_clutter,3,2,44,30020044,SC-RRT,1,5000,5000,3603,3605,9388,272,4037,556,228.0,0.02061168401269242,175.0,2625.4697959003784,0.8906095944692057,0.8294375460245647,2604.0035555373656,0.8979513815354434,1,,1.3836007278145173,1.3836007278145173,0.8800803234526087,0.8800803234526087,99,0.0071830684884277175
evaluation-3d-02,slab_clutter,3,2,44,30020044,SC-RRT-no-ADCS,1,5000,5000,3959,3961,10864,274,4665,807,228.0,0.02057616598904133,175.0,2625.4697959003784,0.8906095944692057,0.8979391769971699,2609.3527124026496,0.8961105867764977,1,,4.0,4.0,0.0,0.0,0,0.0
evaluation-3d-02,slab_clutter,3,2,44,30020044,SC-RRT-no-SSFOR,1,5000,5000,3593,3595,8947,318,4010,628,228.0,0.020590309984982014,175.0,2625.4697959003784,0.8906095944692057,0.8321747199515812,2614.1298622902013,0.8944730037892842,1,,1.5,1.5,0.8,0.8,0,0.0
evaluation-3d-02,slab_clutter,3,2,45,30020045,SC-RRT-no-ADCS,1,5000,5000,3827,3829,10674,395,4583,819,125.0,0.013302706996910274,126.0,2672.0524000729088,0.8750833592014075,0.9531793920323253,2628.4143267687477,0.8896118722243249,1,,4.0,4.0,0.0,0.0,0,0.0
evaluation-3d-02,slab_clutter,3,2,45,30020045,SC-RRT-no-SSFOR,1,5000,5000,3626,3628,8895,324,3798,504,125.0,0.013821733999066055,126.0,2672.0524000729088,0.8750833592014075,0.8584395649959333,2648.891145697542,0.8827348734265331,1,,1.5,1.5,0.8,0.8,0,0.0
evaluation-3d-02,slab_clutter,3,2,45,30020045,SC-RRT,1,5000,5000,3540,3542,9651,399,4229,747,125.0,0.013963859004434198,126.0,2672.0524000729088,0.8750833592014075,0.9286856050021015,2626.4928364803077,0.890262694701058,1,,1.3977494682274496,1.3977494682274496,0.8701361718657523,0.8701361718657523,99,0.011698032249676468
evaluation-3d-02,slab_clutter,3,2,46,30020046,SC-RRT-no-SSFOR,1,5000,5000,3717,3719,9180,305,4020,589,134.0,0.014276993984822184,127.0,2504.5189911447756,0.9336198281927177,0.8546402070205659,2462.818619396449,0.9494278514066994,1,,1.5,1.5,0.8,0.8,0,0.0
evaluation-3d-02,slab_clutter,3,2,46,30020046,SC-RRT,1,5000,5000,3651,3653,9942,218,4489,757,134.0,0.01350182096939534,127.0,2504.5189911447756,0.9336198281927177,0.90853725298075,2447.128293073101,0.9555153266123163,1,,1.3422852814507258,1.3422852814507258,0.9092988802239488,0.9092988802239488,99,0.016903060985208
evaluation-3d-02,slab_clutter,3,2,46,30020046,SC-RRT-no-ADCS,1,5000,5000,3965,3967,10656,249,4364,564,134.0,0.013448537036310881,127.0,2504.5189911447756,0.9336198281927177,0.9170473450212739,2485.751880476189,0.9406685391987104,1,,4.0,4.0,0.0,0.0,0,0.0
evaluation-3d-02,slab_clutter,3,2,47,30020047,SC-RRT,1,5000,5000,3454,3456,9274,422,4073,690,413.0,0.033792442991398275,248.0,2938.4426859893247,0.7957509606591929,0.8161155260168016,2577.97358837951,0.9070180550948924,1,,1.306964085971747,1.306964085971747,0.9343751308147085,0.9343751308147085,99,0.02624728547840537
evaluation-3d-02,slab_clutter,3,2,47,30020047,SC-RRT-no-ADCS,1,5000,5000,3925,3927,10795,406,4469,685,413.0,0.03371893399162218,248.0,2938.4426859893247,0.7957509606591929,0.8860180939664133,2626.817918313936,0.8901525202473258,1,,4.0,4.0,0.0,0.0,0,0.0
evaluation-3d-02,slab_clutter,3,2,47,30020047,SC-RRT-no-SSFOR,1,5000,5000,3672,3674,9071,465,3784,384,413.0,0.03386053000576794,248.0,2938.4426859893247,0.7957509606591929,0.8151454189792275,2606.12878792254,0.8972191248007819,1,,1.5,1.5,0.8,0.8,0,0.0
evaluation-3d-02,slab_clutter,3,2,48,30020048,SC-RRT-no-ADCS,1,5000,5000,3953,3955,10878,328,4555,755,241.0,0.021243665018118918,170.0,2582.4935981042045,0.9054305466369773,0.9214317490113899,2502.7902424189037,0.934264706081836,1,,4.0,4.0,0.0,0.0,0,0.0
evaluation-3d-02,slab_clutter,3,2,48,30020048,SC-RRT-no-SSFOR,1,5000,5000,3663,3665,9175,340,4038,560,241.0,0.021391083020716906,170.0,2582.4935981042045,0.9054305466369773,0.8233693770016544,2534.1174814958244,0.9227151492746755,1,,1.5,1.5,0.8,0.8,0,0.0
evaluation-3d-02,slab_clutter,3,2,48,30020048,SC-RRT,1,5000,5000,3573,3575,10254,298,4921,1074,241.0,0.021298998966813087,170.0,2582.4935981042045,0.9054305466369773,0.89516106096562,2499.5488509669412,0.9354762517697678,1,,1.3771537398962388,1.3771537398962388,0.8846240517781943,0.8846240517781943,99,0.005946231786737113
evaluation-3d-02,slab_clutter,3,2,49,30020049,SC-RRT-no-SSFOR,1,5000,5000,3673,3675,9103,337,3894,448,152.0,0.014586322009563446,127.0,2550.202116293176,0.9168954002817448,0.8341997010284103,2541.7904369754892,0.9199297299270358,1,,1.5,1.5,0.8,0.8,0,0.0
evaluation-3d-02,slab_clutter,3,2,49,30020049,SC-RRT,1,5000,5000,3459,3461,9459,313,4368,884,152.0,0.014688687049783766,127.0,2550.202116293176,0.9168954002817448,0.8263376500108279,2545.1005733540974,0.918733277065143,1,,1.445218989596872,1.445218989596872,0.8371357378728662,0.8371357378728662,99,0.00135364567079233
evaluation-3d-02,slab_clutter,3,2,49,30020049,SC-RRT-no-ADCS,1,5000,5000,3875,3877,10590,345,4447,793,152.0,0.01444368896773085,127.0,2550.202116293176,0.9168954002817448,0.9088367020012811,2541.75501155717,0.9199425513419082,1,,4.0,4.0,0.0,0.0,0,0.0
evaluation-3d-03,uniform_clutter,3,3,0,30030000,SC-RRT,1,5000,5000,3559,3561,9436,352,4047,572,166.0,0.015866653993725777,137.0,2558.0185041490236,0.9140936965175928,0.8556015280191787,2533.9469991818078,0.9227772289526945,1,,1.4015413360894615,1.4015413360894615,0.8674783193306854,0.8674783193306854,99,0.006117451571163557
evaluation-3d-03,uniform_clutter,3,3,0,30030000,SC-RRT-no-ADCS,1,5000,5000,3873,3875,10647,339,4502,587,166.0,0.015875107026658952,137.0,2558.0185041490236,0.9140936965175928,0.9318410100531764,2534.406884194578,0.9226097848771723,1,,4.0,4.0,0.0,0.0,0,0.0
evaluation-3d-03,uniform_clutter,3,3,0,30030000,SC-RRT-no-SSFOR,1,5000,5000,3722,3724,9204,301,4008,444,166.0,0.0157888539833948,137.0,2558.0185041490236,0.9140936965175928,0.8417705239844508,2545.7871815319504,0.9184854913170354,1,,1.5,1.5,0.8,0.8,0,0.0
evaluation-3d-03,uniform_clutter,3,3,1,30030001,SC-RRT-no-ADCS,1,5000,5000,3892,3894,10663,330,4473,722,179.0,0.01570928597357124,127.0,2539.018252019865,0.9209341399408301,0.9373042999650352,2534.427706053928,0.9226022050787311,1,,4.0,4.0,0.0,0.0,0,0.0
evaluation-3d-03,uniform_clutter,3,3,1,30030001,SC-RRT-no-SSFOR,1,5000,5000,3532,3534,8975,376,4073,656,179.0,0.016451861010864377,127.0,2539.018252019865,0.9209341399408301,0.8523433930240571,2526.825412577884,0.925377977670593,1,,1.5,1.5,0.8,0.8,0,0.0
evaluation-3d-03,uniform_clutter,3,3,1,30030001,SC-RRT,1,5000,5000,3548,3550,9396,401,3974,576,179.0,0.016616095032077283,127.0,2539.018252019865,0.9209341399408301,0.8512028010445647,2526.5565267650327,0.9254764599357175,1,,1.4053794270103637,1.4053794270103637,0.8647914355965324,0.8647914355965324,99,0.005723149688049674
evaluation-3d-03,uniform_clutter,3,3,2,30030002,SC-RRT-no-SSFOR,1,5000,5000,3511,3513,9354,371,4427,958,175.0,0.0163003450143151,126.0,2537.354455580995,0.9215380157371728,0.9077436699881218,2521.9488015018756,0.9271673512267553,1,,1.5,1.5,0.8,0.8,0,0.0
evaluation-3d-03,uniform_clutter,3,3,2,30030002,SC-RRT,1,5000,5000,3513,3515,10248,347,4898,1197,175.0,0.016340893984306604,126.0,2537.354455580995,0.9215380157371728,0.9722888859687373,2511.269752585233,0.9311100839767801,1,,1.368233143119265,1.368233143119265,0.8909223206817047,0.8909223206817047,99,0.01190662566666997
evaluation-3d-03,uniform_clutter,3,3,2,30030002,SC-RRT-no-ADCS,1,5000,5000,3904,3906,10939,334,4681,892,175.0,0.016237791976891458,126.0,2537.354455580995,0.9215380157371728,0.9738288449589163,2533.797393321296,0.9228317135305704,1,,4.0,4.0,0.0,0.0,0,0.0
evaluation-3d-03,uniform_clutter,3,3,3,30030003,SC-RRT,1,5000,5000,3565,3567,9049,304,3733,487,162.0,0.016268500010482967,128.0,2597.316485916883,0.9002632535913498,0.8995389940100722,2578.8625699519466,0.9067053892141117,1,,1.4057481044046787,1.4057481044046787,0.8645335239405082,0.8645335239405082,99,0.006005593064548784
evaluation-3d-03,uniform_clutter,3,3,3,30030003,SC-RRT-no-ADCS,1,5000,5000,3858,3860,10298,318,4192,675,162.0,0.015986968006473035,128.0,2597.316485916883,0.9002632535913498,0.9761423420277424,2583.3858269405923,0.9051178363810677,1,,4.0,4.0,0.0,0.0,0,0.0
evaluation-3d-03,uniform_clutter,3,3,3,30030003,SC-RRT-no-SSFOR,1,5000,5000,3548,3550,8800,361,3715,457,162.0,0.016428492031991482,128.0,2597.316485916883,0.9002632535913498,0.840638903027866,2597.316485916883,0.9002632535913498,1,,1.5,1.5,0.8,0.8,0,0.0
evaluation-3d-03,uniform_clutter,3,3,4,30030004,SC-RRT-no-ADCS,1,5000,5000,3809,3811,10440,365,4375,670,233.0,0.01975887204753235,129.0,2579.34263435006,0.9065366342099713,0.958115182002075,2514.1227595705636,0.9300534674835779,1,,4.0,4.0,0.0,0.0,0,0.0
evaluation-3d-03,uniform_clutter,3,3,4,30030004,SC-RRT-no-SSFOR,1,5000,5000,3560,3562,8822,423,3688,424,233.0,0.020471384981647134,129.0,2579.34263435006,0.9065366342099713,0.9738042659591883,2557.778451798761,0.9141794859416357,1,,1.5,1.5,0.8,0.8,0,0.0
evaluation-3d-03,uniform_clutter,3,3,4,30030004,SC-RRT,1,5000,5000,3395,3397,9577,443,4379,905,233.0,0.024462006986141205,129.0,2579.34263435006,0.9065366342099713,1.0141445799963549,2492.2448772511148,0.938217833873948,1,,1.3218941079395634,1.3218941079395634,0.9237739489568232,0.9237739489568232,99,0.021102839345696452
evaluation-3d-03,uniform_clutter,3,3,5,30030005,SC-RRT-no-SSFOR,1,5000,5000,3603,3605,9032,265,4078,604,168.0,0.017220704990904778,152.0,2667.353368179171,0.8766249789446414,0.9135829759761691,2580.6174927767524,0.9060887933848731,1,,1.5,1.5,0.8,0.8,0,0.0
evaluation-3d-03,uniform_clutter,3,3,5,30030005,SC-RRT,1,5000,5000,3553,3555,9803,347,4448,862,168.0,0.017089476983528584,152.0,2667.353368179171,0.8766249789446414,0.9481775179738179,2604.1519519320714,0.8979002121912191,1,,1.4003589880717797,1.4003589880717797,0.868306720079453,0.868306720079453,99,0.003559273830265419
evaluation-3d-03,uniform_clutter,3,3,5,30030005,SC-RRT-no-ADCS,1,5000,5000,3977,3979,10819,287,4520,709,168.0,0.017261555010918528,152.0,2667.353368179171,0.8766249789446414,1.0126178959617391,2615.987027598271,0.8938379913774804,1,,4.0,4.0,0.0,0.0,0,0.0
evaluation-3d-03,uniform_clutter,3,3,6,30030006,SC-RRT,1,5000,5000,3526,3528,9658,263,4448,857,172.0,0.015792288992088288,128.0,2570.8857557385772,0.9095186688084607,0.9353976260172203,2458.7702890375285,0.9509910708792915,1,,1.3004135924861968,1.3004135924861968,0.9390241029863425,0.9390241029863425,99,0.02617646333921717
evaluation-3d-03,uniform_clutter,3,3,6,30030006,SC-RRT-no-ADCS,1,5000,5000,3897,3899,10739,272,4612,759,172.0,0.016458026017062366,128.0,2570.8857557385772,0.9095186688084607,1.0019640430109575,2506.6249113333706,0.932835455215423,1,,4.0,4.0,0.0,0.0,0,0.0
evaluation-3d-03,uniform_clutter,3,3,6,30030006,SC-RRT-no-SSFOR,1,5000,5000,3678,3680,8994,306,3817,450,172.0,0.017016633006278425,128.0,2570.8857557385772,0.9095186688084607,0.8943914570263587,2568.928974933542,0.9102114589518673,1,,1.5,1.5,0.8,0.8,0,0.0
evaluation-3d-03,uniform_clutter,3,3,7,30030007,SC-RRT-no-ADCS,1,5000,5000,3978,3980,11071,195,4895,839,116.0,0.013119753042701632,112.0,2481.605972229621,0.9422400721082832,1.0474038580432534,2466.582619570894,0.947979026392705,1,,4.0,4.0,0.0,0.0,0,0.0
evaluation-3d-03,uniform_clutter,3,3,7,30030007,SC-RRT-no-SSFOR,1,5000,5000,3604,3606,9041,290,4011,581,116.0,0.012769154971465468,112.0,2481.605972229621,0.9422400721082832,0.8917381539940834,2468.7971671888827,0.9471286751679459,1,,1.5,1.5,0.8,0.8,0,0.0
evaluation-3d-03,uniform_clutter,3,3,7,30030007,SC-RRT,1,5000,5000,3688,3690,9561,192,4113,568,116.0,0.012770203000400215,112.0,2481.605972229621,0.9422400721082832,0.9223320789751597,2466.5944067006976,0.9479744962795236,1,,1.4355165776150534,1.4355165776150534,0.8438275703480801,0.8438275703480801,99,0.002498946962148189
evaluation-3d-03,uniform_clutter,3,3,8,30030008,SC-RRT-no-SSFOR,1,5000,5000,3672,3674,9023,316,3895,532,187.0,0.017981723009143025,135.0,2632.1161612776486,0.888360713184851,0.8945743780350313,2592.7042208034845,0.9018647678574573,1,,1.5,1.5,0.8,0.8,0,0.0
evaluation-3d-03,uniform_clutter,3,3,8,30030008,SC-RRT,1,5000,5000,3524,3526,9365,355,4000,601,187.0,0.017943159968126565,135.0,2632.1161612776486,0.888360713184851,0.8920493549667299,2608.876437498458,0.8962741801831181,1,,1.4231598123090612,1.4231598123090612,0.8523924611269507,0.8523924611269507,99,0.00273069977755935
evaluation-3d-03,uniform_clutter,3,3,8,30030008,SC-RRT-no-ADCS,1,5000,5000,3852,3854,10616,342,4451,657,187.0,0.016786768042948097,135.0,2632.1161612776486,0.888360713184851,0.9653416820219718,2601.097682781071,0.8989545474193525,1,,4.0,4.0,0.0,0.0,0,0.0
evaluation-3d-03,uniform_clutter,3,3,9,30030009,SC-RRT,1,5000,5000,3526,3528,9677,348,4394,887,170.0,0.016855199995916337,139.0,2578.961729000277,0.9066705271056518,0.9020821889862418,2578.783362044795,0.9067332388727297,1,,1.426448687441717,1.426448687441717,0.8501084166488188,0.8501084166488188,99,0.0021440291512825524
evaluation-3d-03,uniform_clutter,3,3,9,30030009,SC-RRT-no-ADCS,1,5000,5000,3888,3890,10533,330,4386,663,170.0,0.017048809968400747,139.0,2578.961729000277,0.9066705271056518,0.9748594089760445,2577.966031865789,0.9070207137390693,1,,4.0,4.0,0.0,0.0,0,0.0
evaluation-3d-03,uniform_clutter,3,3,9,30030009,SC-RRT-no-SSFOR,1,5000,5000,3622,3624,9041,316,3883,486,170.0,0.01788882300024852,139.0,2578.961729000277,0.9066705271056518,0.9888995499932207,2564.7835455637623,0.9116826229887606,1,,1.5,1.5,0.8,0.8,0,0.0
evaluation-3d-03,uniform_clutter,3,3,10,30030010,SC-RRT-no-ADCS,1,5000,5000,3937,3939,10799,308,4516,750,180.0,0.0213711480027996,141.0,2658.3736751527954,0.8795861214219959,1.0001016019959934,2654.390261499098,0.8809061064356903,1,,4.0,4.0,0.0,0.0,0,0.0
evaluation-3d-03,uniform_clutter,3,3,10,30030010,SC-RRT-no-SSFOR,1,5000,5000,3745,3747,9164,300,3885,397,180.0,0.017343927989713848,141.0,2658.3736751527954,0.8795861214219959,0.8893332530278713,2641.4999107389654,0.8852048719410512,1,,1.5,1.5,0.8,0.8,0,0.0
evaluation-3d-03,uniform_clutter,3,3,10,30030010,SC-RRT,1,5000,5000,3623,3625,9364,305,3876,521,180.0,0.017132768989540637,141.0,2658.3736751527954,0.8795861214219959,0.8707355139777064,2657.3727889679985,0.8799174131402393,1,,1.4247152438110922,1.4247152438110922,0.8513118638609066,0.8513118638609066,99,0.0023058731301726296
evaluation-3d-03,uniform_clutter,3,3,11,30030011,SC-RRT-no-SSFOR,1,5000,5000,3775,3777,9277,253,3919,492,159.0,0.01613983797142282,144.0,2675.6528645301564,0.8739058123777141,0.8850740999914706,2672.386941575845,0.8749738123024808,1,,1.5,1.5,0.8,0.8,0,0.0
evaluation-3d-03,uniform_clutter,3,3,11,30030011,SC-RRT,1,5000,5000,3629,3631,9362,307,3941,570,159.0,0.016095698985736817,144.0,2675.6528645301564,0.8739058123777141,0.8801279329927638,2645.3831919012973,0.8839054384924163,1,,1.4206923583914852,1.4206923583914852,0.8541080673500829,0.8541080673500829,98,0.002514751168765594
evaluation-3d-03,uniform_clutter,3,3,11,30030011,SC-RRT-no-ADCS,1,5000,5000,3901,3903,10948,310,4795,836,159.0,0.016293045016936958,144.0,2675.6528645301564,0.8739058123777141,1.0267534680315293,2635.9621132470193,0.887064566849054,1,,4.0,4.0,0.0,0.0,0,0.0
evaluation-3d-03,uniform_clutter,3,3,12,30030012,SC-RRT,1,5000,5000,3665,3667,9783,262,4307,790,152.0,0.015222963993437588,129.0,2596.8331542349456,0.9004308137412327,0.9083120240247808,2573.793867944791,0.9084910098434273,1,,1.442165621013183,1.442165621013183,0.8392383706750124,0.8392383706750124,99,0.0015680263764281902
evaluation-3d-03,uniform_clutter,3,3,12,30030012,SC-RRT-no-ADCS,1,5000,5000,3993,3995,10490,249,4209,463,152.0,0.015484119998291135,129.0,2596.8331542349456,0.9004308137412327,0.9355671940138564,2578.9353811608617,0.9066797901564537,1,,4.0,4.0,0.0,0.0,0,0.0
evaluation-3d-03,uniform_clutter,3,3,12,30030012,SC-RRT-no-SSFOR,1,5000,5000,3631,3633,9265,311,4186,729,152.0,0.015121800999622792,129.0,2596.8331542349456,0.9004308137412327,0.9216849959921092,2548.5906007265985,0.91747516825627,1,,1.5,1.5,0.8,0.8,0,0.0
evaluation-3d-03,uniform_clutter,3,3,13,30030013,SC-RRT-no-ADCS,1,5000,5000,3963,3965,10859,306,4553,751,177.0,0.017118164978455752,141.0,2540.243895975664,0.920489797819156,1.0115843680105172,2525.1888004428693,0.925977728797109,1,,4.0,4.0,0.0,0.0,0,0.0
evaluation-3d-03,uniform_clutter,3,3,13,30030013,SC-RRT-no-SSFOR,1,5000,5000,3613,3615,9184,301,4179,717,177.0,0.016824612044729292,141.0,2540.243895975664,0.920489797819156,0.8762787140440196,2528.4176718150507,0.9247952252047954,1,,1.5,1.5,0.8,0.8,0,0.0
evaluation-3d-03,uniform_clutter,3,3,13,30030013,SC-RRT,1,5000,5000,3576,3578,9475,329,4074,717,177.0,0.017224413983058184,141.0,2540.243895975664,0.920489797819156,0.9328820389928296,2505.8674432688395,0.9331174306521869,1,,1.3780036030465919,1.3780036030465919,0.8840246733625262,0.8840246733625262,99,0.012150784864220578
evaluation-3d-03,uniform_clutter,3,3,14,30030014,SC-RRT-no-SSFOR,1,5000,5000,3728,3730,9179,308,3858,452,187.0,0.017449404986109585,143.0,2675.1851234286632,0.8740586099032771,0.8940873559913598,2660.3373715317534,0.878936865391501,1,,1.5,1.5,0.8,0.8,0,0.0
evaluation-3d-03,uniform_clutter,3,3,14,30030014,SC-RRT,1,5000,5000,3533,3535,9469,372,4096,656,187.0,0.017919416015502065,143.0,2675.1851234286632,0.8740586099032771,0.8994580049766228,2641.529942102354,0.8851948081107084,1,,1.4012545487815538,1.4012545487815538,0.8676792247204917,0.8676792247204917,99,0.005370229646919583
evaluation-3d-03,uniform_clutter,3,3,14,30030014,SC-RRT-no-ADCS,1,5000,5000,3849,3851,10675,365,4523,757,187.0,0.01838124799542129,143.0,2675.1851234286632,0.8740586099032771,1.0612868989701383,2647.227342276752,0.8832896793091267,1,,4.0,4.0,0.0,0.0,0,0.0
evaluation-3d-03,uniform_clutter,3,3,15,30030015,SC-RRT,1,5000,5000,3554,3556,9879,354,4469,877,195.0,0.021036121004726738,136.0,2602.431529604735,0.898493798441309,0.9219846760388464,2568.9951741428654,0.9101880041476286,1,,1.4076680836206603,1.4076680836206603,0.8631909165841558,0.8631909165841558,99,0.003960553965908622
evaluation-3d-03,uniform_clutter,3,3,15,30030015,SC-RRT-no-ADCS,1,5000,5000,3924,3926,10567,282,4360,542,195.0,0.017646913998760283,136.0,2602.431529604735,0.898493798441309,0.9281637109816074,2572.529814894003,0.9089374112129888,1,,4.0,4.0,0.0,0.0,0,0.0
evaluation-3d-03,uniform_clutter,3,3,15,30030015,SC-RRT-no-SSFOR,1,5000,5000,3640,3642,9098,355,3945,493,195.0,0.017560408974532038,136.0,2602.431529604735,0.898493798441309,0.8586652249796316,2582.407864477902,0.9054606061195231,1,,1.5,1.5,0.8,0.8,0,0.0
evaluation-3d-03,uniform_clutter,3,3,16,30030016,SC-RRT-no-ADCS,1,5000,5000,3879,3881,10327,323,4179,556,167.0,0.015565502981189638,122.0,2600.1073944645705,0.8992969271946147,0.9542137979879044,2583.2586034802107,0.9051624127246991,1,,4.0,4.0,0.0,0.0,0,0.0
evaluation-3d-03,uniform_clutter,3,3,16,30030016,SC-RRT-no-SSFOR,1,5000,5000,3740,3742,9133,278,3858,436,167.0,0.015435362991411239,122.0,2600.1073944645705,0.8992969271946147,0.8657875530188903,2587.2240559554816,0.9037750653390719,1,,1.5,1.5,0.8,0.8,0,0.0
evaluation-3d-03,uniform_clutter,3,3,16,30030016,SC-RRT,1,5000,5000,3537,3539,9060,336,3723,468,167.0,0.016166226007044315,122.0,2600.1073944645705,0.8992969271946147,0.8665273630176671,2585.0421364926897,0.9045379018039835,1,,1.3983153177561483,1.3983153177561483,0.8697393437446795,0.8697393437446795,99,0.005043921610964529
evaluation-3d-03,uniform_clutter,3,3,17,30030017,SC-RRT-no-SSFOR,1,5000,5000,3720,3722,9092,271,3855,438,126.0,0.012519054987933487,113.0,2588.832170405403,0.9032136640405773,0.8686132459552027,2588.2007466656787,0.9034340142395536,1,,1.5,1.5,0.8,0.8,0,0.0
evaluation-3d-03,uniform_clutter,3,3,17,30030017,SC-RRT,1,5000,5000,3583,3585,9150,286,3780,465,126.0,0.012582595983985811,113.0,2588.832170405403,0.9032136640405773,0.8387332889833488,2574.005630939199,0.9084162684464683,1,,1.4219248270814542,1.4219248270814542,0.8532509255020674,0.8532509255020674,99,0.00636749633604247
evaluation-3d-03,uniform_clutter,3,3,17,30030017,SC-RRT-no-ADCS,1,5000,5000,3903,3905,10656,276,4494,856,126.0,0.012931606033816934,113.0,2588.832170405403,0.9032136640405773,0.9388626920408569,2570.031788298203,0.9098208827083476,1,,4.0,4.0,0.0,0.0,0,0.0
evaluation-3d-03,uniform_clutter,3,3,18,30030018,SC-RRT,1,5000,5000,3574,3576,9472,316,4064,581,157.0,0.015303043008316308,130.0,2542.674352617397,0.9196099326722669,0.8820099540171213,2534.739079165268,0.9224888705262774,1,,1.421328240332443,1.421328240332443,0.853665779204021,0.853665779204021,99,0.003925509379872612
evaluation-3d-03,uniform_clutter,3,3,18,30030018,SC-RRT-no-ADCS,1,5000,5000,3892,3894,10657,312,4491,703,157.0,0.015225565002765507,130.0,2542.674352617397,0.9196099326722669,0.9534497270360589,2539.0107632909167,0.9209368562058625,1,,4.0,4.0,0.0,0.0,0,0.0
evaluation-3d-03,uniform_clutter,3,3,18,30030018,SC-RRT-no-SSFOR,1,5000,5000,3601,3603,9075,314,4014,676,157.0,0.01504625502275303,130.0,2542.674352617397,0.9196099326722669,0.8706920869881287,2529.7438343196604,0.9243104216703543,1,,1.5,1.5,0.8,0.8,0,0.0
evaluation-3d-03,uniform_clutter,3,3,19,30030019,SC-RRT-no-ADCS,1,5000,5000,3904,3906,10561,315,4383,653,164.0,0.016616288980003446,134.0,2789.9117987768163,0.8381155960712283,0.9653825720306486,2777.2355434948986,0.8419410430256433,1,,4.0,4.0,0.0,0.0,0,0.0
evaluation-3d-03,uniform_clutter,3,3,19,30030019,SC-RRT-no-SSFOR,1,5000,5000,3759,3761,9223,309,3761,344,164.0,0.016286263009533286,134.0,2789.9117987768163,0.8381155960712283,0.9018653139937669,2782.564667290139,0.8403285708702533,1,,1.5,1.5,0.8,0.8,0,0.0
evaluation-3d-03,uniform_clutter,3,3,19,30030019,SC-RRT,1,5000,5000,3629,3631,9477,317,3964,588,164.0,0.016568987048231065,134.0,2789.9117987768163,0.8381155960712283,0.8876378430286422,2762.6748317584706,0.8463785036654684,1,,1.3981363908701483,1.3981363908701483,0.8698648168369209,0.8698648168369209,99,0.01031435504112157
evaluation-3d-03,uniform_clutter,3,3,20,30030020,SC-RRT-no-SSFOR,1,5000,5000,3792,3794,9459,297,4061,522,184.0,0.01685499300947413,135.0,2578.312197854877,0.9068989365071437,0.8921528949867934,2576.4996187453294,0.9075369440018175,1,,1.5,1.5,0.8,0.8,0,0.0
evaluation-3d-03,uniform_clutter,3,3,20,30030020,SC-RRT,1,5000,5000,3574,3576,9399,286,4065,667,184.0,0.017369950015563518,135.0,2578.312197854877,0.9068989365071437,0.906874872976914,2554.6294516830467,0.9153063622113496,1,,1.3992469599386348,1.3992469599386348,0.869086141496161,0.869086141496161,98,0.005129839703689342
evaluation-3d-03,uniform_clutter,3,3,20,30030020,SC-RRT-no-ADCS,1,5000,5000,3898,3900,10883,326,4669,811,184.0,0.01711948896991089,135.0,2578.312197854877,0.9068989365071437,1.0089535029837862,2539.882717894673,0.9206206939177852,1,,4.0,4.0,0.0,0.0,0,0.0
evaluation-3d-03,uniform_clutter,3,3,21,30030021,SC-RRT,1,5000,5000,3572,3574,9423,294,4061,689,133.0,0.014971430995501578,128.0,2528.0642620990507,0.9249245065774241,0.9383966759778559,2508.2065334945733,0.9322472288437021,1,,1.4267151659499748,1.4267151659499748,0.8499234906974595,0.8499234906974595,99,0.006467207803319511
evaluation-3d-03,uniform_clutter,3,3,21,30030021,SC-RRT-no-ADCS,1,5000,5000,4008,4010,10985,243,4626,803,133.0,0.013670185988303274,128.0,2528.0642620990507,0.9249245065774241,0.9569632419734262,2510.9086921890926,0.9312439745387177,1,,4.0,4.0,0.0,0.0,0,0.0
evaluation-3d-03,uniform_clutter,3,3,21,30030021,SC-RRT-no-SSFOR,1,5000,5000,3725,3727,9133,264,4001,466,133.0,0.01432224700693041,128.0,2528.0642620990507,0.9249245065774241,0.8815025690128095,2514.472791421335,0.9299239976648348,1,,1.5,1.5,0.8,0.8,0,0.0
evaluation-3d-03,uniform_clutter,3,3,22,30030022,SC-RRT-no-ADCS,1,5000,5000,3969,3971,10739,273,4428,707,174.0,0.017119580996222794,134.0,2690.0124325739675,0.8692408116421182,0.9541438420419581,2682.5457236822594,0.8716602925255287,1,,4.0,4.0,0.0,0.0,0,0.0
evaluation-3d-03,uniform_clutter,3,3,22,30030022,SC-RRT-no-SSFOR,1,5000,5000,3714,3716,9181,333,3880,432,174.0,0.016278129012789577,134.0,2690.0124325739675,0.8692408116421182,0.8455731370486319,2670.977104361434,0.8754356547646287,1,,1.5,1.5,0.8,0.8,0,0.0
evaluation-3d-03,uniform_clutter,3,3,22,30030022,SC-RRT,1,5000,5000,3643,3645,9432,272,3961,569,174.0,0.01649074797751382,134.0,2690.0124325739675,0.8692408116421182,0.8669332349672914,2682.5457236822594,0.8716602925255287,1,,1.426365135650932,1.426365135650932,0.8501664026789579,0.8501664026789579,99,0.00218764295025694
evaluation-3d-03,uniform_clutter,3,3,23,30030023,SC-RRT-no-SSFOR,1,5000,5000,3575,3577,8974,320,3930,569,169.0,0.01577491598436609,135.0,2607.2109171850057,0.896846731810483,0.8294258720125072,2593.6391584838966,0.9015396696835852,1,,1.5,1.5,0.8,0.8,0,0.0
evaluation-3d-03,uniform_clutter,3,3,23,30030023,SC-RRT,1,5000,5000,3603,3605,9149,256,3821,475,169.0,0.01630809297785163,135.0,2607.2109171850057,0.896846731810483,0.8460334099945612,2584.6159884071294,0.9046870408238221,1,,1.4108775259144979,1.4108775259144979,0.8609486407049627,0.8609486407049627,99,0.00500277010766101
evaluation-3d-03,uniform_clutter,3,3,23,30030023,SC-RRT-no-ADCS,1,5000,5000,3867,3869,10312,303,4270,592,169.0,0.015706330013927072,135.0,2607.2109171850057,0.896846731810483,0.913348060043063,2591.8848754452993,0.9021498648994808,1,,4.0,4.0,0.0,0.0,0,0.0
evaluation-3d-03,uniform_clutter,3,3,24,30030024,SC-RRT,1,5000,5000,3603,3605,9624,326,4156,686,141.0,0.0139186320011504,121.0,2552.727747091611,0.9159882376340502,0.918943714001216,2495.7367226447163,0.9369051506923919,1,,1.3572866211337218,1.3572866211337218,0.8986660679814646,0.8986660679814646,99,0.012660160571900793
evaluation-3d-03,uniform_clutter,3,3,24,30030024,SC-RRT-no-ADCS,1,5000,5000,3948,3950,10936,311,4612,789,141.0,0.013716096000280231,121.0,2552.727747091611,0.9159882376340502,1.0008952330099419,2521.1960557987136,0.9274441727131855,1,,4.0,4.0,0.0,0.0,0,0.0
evaluation-3d-03,uniform_clutter,3,3,24,30030024,SC-RRT-no-SSFOR,1,5000,5000,3741,3743,9162,249,3917,467,141.0,0.01381260302150622,121.0,2552.727747091611,0.9159882376340502,0.8733741200412624,2550.606247012334,0.9167501228215557,1,,1.5,1.5,0.8,0.8,0,0.0
evaluation-3d-03,uniform_clutter,3,3,25,30030025,SC-RRT-no-ADCS,1,5000,5000,3908,3910,11103,306,4889,1078,172.0,0.016712546988856047,130.0,2683.461857916978,0.8713627075858839,0.9854765449999832,2600.8015623974093,0.899056900005311,1,,4.0,4.0,0.0,0.0,0,0.0
evaluation-3d-03,uniform_clutter,3,3,25,30030025,SC-RRT-no-SSFOR,1,5000,5000,3723,3725,9353,284,3960,469,172.0,0.015796603984199464,130.0,2683.461857916978,0.8713627075858839,0.89364118501544,2660.280911443048,0.8789555193814511,1,,1.5,1.5,0.8,0.8,0,0.0
evaluation-3d-03,uniform_clutter,3,3,25,30030025,SC-RRT,1,5000,5000,3515,3517,9462,316,4217,784,172.0,0.01584278600057587,130.0,2683.461857916978,0.8713627075858839,0.9001619009650312,2580.57252772917,0.9061045814804491,1,,1.3710160512424443,1.3710160512424443,0.8889561903722194,0.8889561903722194,99,0.009993000244199123
evaluation-3d-03,uniform_clutter,3,3,26,30030026,SC-RRT-no-SSFOR,1,5000,5000,3598,3600,8904,471,3650,392,400.0,0.031201714009512216,204.0,2926.723220406248,0.7989373829116022,0.8410204640240408,2759.26953791805,0.8474230437024564,1,,1.5,1.5,0.8,0.8,0,0.0
evaluation-3d-03,uniform_clutter,3,3,26,30030026,SC-RRT,1,5000,5000,3433,3435,9645,442,4435,793,400.0,0.0325918709859252,204.0,2926.723220406248,0.7989373829116022,0.8963947099982761,2722.744103738504,0.858791168441937,1,,1.323960200596141,1.323960200596141,0.9223067650259252,0.9223067650259252,99,0.020736012959235908
evaluation-3d-03,uniform_clutter,3,3,26,30030026,SC-RRT-no-ADCS,1,5000,5000,3847,3849,10694,470,4405,635,400.0,0.034012274991255254,204.0,2926.723220406248,0.7989373829116022,0.9951872890233062,2714.9261749664743,0.8612641521447112,1,,4.0,4.0,0.0,0.0,0,0.0
evaluation-3d-03,uniform_clutter,3,3,27,30030027,SC-RRT,1,5000,5000,3619,3621,9628,237,4327,802,131.0,0.013810371980071068,122.0,2519.505913279684,0.9280663235968436,0.8920134489890188,2508.4986306159717,0.9321386751739279,1,,1.4343814929474823,1.4343814929474823,0.8446124109560559,0.8446124109560559,99,0.0036340914713962795
evaluation-3d-03,uniform_clutter,3,3,27,30030027,SC-RRT-no-ADCS,1,5000,5000,3965,3967,10614,246,4390,596,131.0,0.0131981210433878,122.0,2519.505913279684,0.9280663235968436,0.9595034220255911,2513.212154039843,0.9303904513032666,1,,4.0,4.0,0.0,0.0,0,0.0
evaluation-3d-03,uniform_clutter,3,3,27,30030027,SC-RRT-no-SSFOR,1,5000,5000,3712,3714,9169,321,3903,490,131.0,0.01364128798013553,122.0,2519.505913279684,0.9280663235968436,0.8632168560288846,2510.846952001704,0.9312668732571946,1,,1.5,1.5,0.8,0.8,0,0.0
evaluation-3d-03,uniform_clutter,3,3,28,30030028,SC-RRT-no-ADCS,1,5000,5000,3862,3864,11138,347,4971,754,197.0,0.017214733990840614,129.0,2571.5426213442934,0.9092863446282825,0.9762548659928143,2527.9442085108,0.9249684317975702,1,,4.0,4.0,0.0,0.0,0,0.0
evaluation-3d-03,uniform_clutter,3,3,28,30030028,SC-RRT-no-SSFOR,1,5000,5000,3604,3606,9089,352,3893,457,197.0,0.01747280202107504,129.0,2571.5426213442934,0.9092863446282825,0.8462639750214294,2547.1435998363318,0.917996374593184,1,,1.5,1.5,0.8,0.8,0,0.0
evaluation-3d-03,uniform_clutter,3,3,28,30030028,SC-RRT,1,5000,5000,3499,3501,9865,395,4514,762,197.0,0.01731108798412606,129.0,2571.5426213442934,0.9092863446282825,0.9165837809559889,2530.087697356051,0.9241847990729656,1,,1.4018036264130567,1.4018036264130567,0.8672945915682932,0.8672945915682932,99,0.005268156058439804
evaluation-3d-03,uniform_clutter,3,3,29,30030029,SC-RRT-no-SSFOR,1,5000,5000,3539,3541,8826,363,3801,468,186.0,0.01714680198347196,137.0,2570.5854221719483,0.9096249321457389,0.8328591699828394,2559.606894805563,0.913526446175481,1,,1.5,1.5,0.8,0.8,0,0.0
evaluation-3d-03,uniform_clutter,3,3,29,30030029,SC-RRT,1,5000,5000,3550,3552,9507,285,4213,672,186.0,0.016705302987247705,137.0,2570.5854221719483,0.9096249321457389,0.8283683889894746,2557.0725428142714,0.9144318555955103,1,,1.4092135518587217,1.4092135518587217,0.8621108548195748,0.8621108548195748,99,0.004700071759316849
evaluation-3d-03,uniform_clutter,3,3,29,30030029,SC-RRT-no-ADCS,1,5000,5000,3901,3903,11094,318,4902,814,186.0,0.01779229403473437,137.0,2570.5854221719483,0.9096249321457389,1.0006052000098862,2559.7034079660925,0.9134920018237357,1,,4.0,4.0,0.0,0.0,0,0.0
evaluation-3d-03,uniform_clutter,3,3,30,30030030,SC-RRT,1,5000,5000,3491,3493,9787,387,4518,919,149.0,0.015139758994337171,122.0,2517.3243639276643,0.9288705991665263,0.9058610220090486,2504.1699183640762,0.9337499716255389,1,,1.441753396771457,1.441753396771457,0.8395224751120706,0.8395224751120706,99,0.001741096965318707
evaluation-3d-03,uniform_clutter,3,3,30,30030030,SC-RRT-no-ADCS,1,5000,5000,3842,3844,10699,337,4626,907,149.0,0.014562713040504605,122.0,2517.3243639276643,0.9288705991665263,0.9252677260083146,2503.9944088691104,0.9338154198491307,1,,4.0,4.0,0.0,0.0,0,0.0
evaluation-3d-03,uniform_clutter,3,3,30,30030030,SC-RRT-no-SSFOR,1,5000,5000,3625,3627,8913,334,3789,450,149.0,0.014904339972417802,122.0,2517.3243639276643,0.9288705991665263,0.8638222249574028,2488.958955458222,0.9394564683721369,1,,1.5,1.5,0.8,0.8,0,0.0
evaluation-3d-03,uniform_clutter,3,3,31,30030031,SC-RRT-no-ADCS,1,5000,5000,3838,3840,10737,343,4627,772,224.0,0.019183958997018635,140.0,2682.5628834218032,0.8716547167145448,1.0103498389944434,2646.00863353178,0.8836965082373758,1,,4.0,4.0,0.0,0.0,0,0.0
evaluation-3d-03,uniform_clutter,3,3,31,30030031,SC-RRT-no-SSFOR,1,5000,5000,3645,3647,9159,396,3898,483,224.0,0.019021513988263905,140.0,2682.5628834218032,0.8716547167145448,0.8701000459841453,2644.716942316625,0.8841281094413797,1,,1.5,1.5,0.8,0.8,0,0.0
evaluation-3d-03,uniform_clutter,3,3,31,30030031,SC-RRT,1,5000,5000,3519,3521,9591,379,4246,771,224.0,0.018568949948530644,140.0,2682.5628834218032,0.8716547167145448,0.8558625119621865,2641.832507520405,0.885093427975363,1,,1.3866083342146938,1.3866083342146938,0.8779631696171386,0.8779631696171386,99,0.007485240285337148
evaluation-3d-03,uniform_clutter,3,3,32,30030032,SC-RRT-no-SSFOR,1,5000,5000,3616,3618,8957,357,3753,393,132.0,0.013244282978121191,122.0,2586.962028422046,0.9038666066715498,0.8166788819944486,2570.7656554969544,0.9095611594227455,1,,1.5,1.5,0.8,0.8,0,0.0
evaluation-3d-03,uniform_clutter,3,3,32,30030032,SC-RRT,1,5000,5000,3491,3493,9705,349,4435,901,132.0,0.013136677036527544,122.0,2586.962028422046,0.9038666066715498,0.8860484409960918,2524.267326343461,0.9263157534131277,1,,1.3966186711255517,1.3966186711255517,0.8709294063693986,0.8709294063693986,99,0.012951971722518406
evaluation-3d-03,uniform_clutter,3,3,32,30030032,SC-RRT-no-ADCS,1,5000,5000,3870,3872,10602,317,4488,756,132.0,0.013001937011722475,122.0,2586.962028422046,0.9038666066715498,0.9103479739860632,2557.1629192548885,0.9143995373197863,1,,4.0,4.0,0.0,0.0,0,0.0
evaluation-3d-03,uniform_clutter,3,3,33,30030033,SC-RRT,1,5000,5000,3559,3561,9496,279,4192,733,156.0,0.01481305796187371,122.0,2517.7596751601486,0.9287100009135115,0.8376475709956139,2500.634700211671,0.9350700404261595,1,,1.4136339293845164,1.4136339293845164,0.8590249622016011,0.8590249622016011,99,0.003667481808654249
evaluation-3d-03,uniform_clutter,3,3,33,30030033,SC-RRT-no-ADCS,1,5000,5000,3895,3897,10959,313,4750,889,156.0,0.014653357036877424,122.0,2517.7596751601486,0.9287100009135115,0.9278175400104374,2499.720948319141,0.9354118473865172,1,,4.0,4.0,0.0,0.0,0,0.0
evaluation-3d-03,uniform_clutter,3,3,33,30030033,SC-RRT-no-SSFOR,1,5000,5000,3616,3618,8818,317,3784,472,156.0,0.014558805036358535,122.0,2517.7596751601486,0.9287100009135115,0.8022810600232333,2495.1287625814994,0.9371334358707704,1,,1.5,1.5,0.8,0.8,0,0.0
evaluation-3d-03,uniform_clutter,3,3,34,30030034,SC-RRT-no-ADCS,1,5000,5000,3929,3931,11113,264,4912,1148,168.0,0.015334919036831707,126.0,2715.193806718843,0.8611792588918905,0.9438924519927241,2627.833964920661,0.8898083446031495,1,,4.0,4.0,0.0,0.0,0,0.0
evaluation-3d-03,uniform_clutter,3,3,34,30030034,SC-RRT-no-SSFOR,1,5000,5000,3602,3604,9122,310,4026,629,168.0,0.015502443013247102,126.0,2715.193806718843,0.8611792588918905,0.8236370200174861,2608.830804646151,0.8962898575306938,1,,1.5,1.5,0.8,0.8,0,0.0
evaluation-3d-03,uniform_clutter,3,3,34,30030034,SC-RRT,1,5000,5000,3618,3620,9437,249,4059,733,168.0,0.015640819969121367,126.0,2715.193806718843,0.8611792588918905,0.8625081749632955,2642.8074413490167,0.8847669162852133,1,,1.397456888074629,1.397456888074629,0.8703413849001643,0.8703413849001643,99,0.0053130630809196285
evaluation-3d-03,uniform_clutter,3,3,35,30030035,SC-RRT-no-SSFOR,1,5000,5000,3644,3646,9002,328,3760,409,180.0,0.01646217395318672,144.0,2567.4424451174295,0.910738464523218,0.8159577960032038,2559.3595766807366,0.9136147228090991,1,,1.5,1.5,0.8,0.8,0,0.0
evaluation-3d-03,uniform_clutter,3,3,35,30030035,SC-RRT,1,5000,5000,3591,3593,9451,268,4079,681,180.0,0.01651577901793644,144.0,2567.4424451174295,0.910738464523218,0.8184322009910829,2528.569601012399,0.9247396588497223,1,,1.3800677258276708,1.3800677258276708,0.8825694283990546,0.8825694283990546,99,0.007940113631072932
evaluation-3d-03,uniform_clutter,3,3,35,30030035,SC-RRT-no-ADCS,1,5000,5000,3890,3892,10658,237,4593,823,180.0,0.01689369895029813,144.0,2567.4424451174295,0.910738464523218,0.9169429119792767,2535.6834707032494,0.9221452981942916,1,,4.0,4.0,0.0,0.0,0,0.0
evaluation-3d-03,uniform_clutter,3,3,36,30030036,SC-RRT,1,5000,5000,3524,3526,9711,344,4357,716,198.0,0.017193512991070747,131.0,2597.3698414973296,0.9002447602417764,0.8621185109950602,2585.2127018592773,0.9044782228310685,1,,1.4222561578425443,1.4222561578425443,0.8530205682702121,0.8530205682702121,99,0.0031673818154048647
evaluation-3d-03,uniform_clutter,3,3,36,30030036,SC-RRT-no-ADCS,1,5000,5000,3808,3810,10239,356,4171,529,198.0,0.01709995197597891,131.0,2597.3698414973296,0.9002447602417764,0.8908706809743308,2584.256837754003,0.9048127709512771,1,,4.0,4.0,0.0,0.0,0,0.0
evaluation-3d-03,uniform_clutter,3,3,36,30030036,SC-RRT-no-SSFOR,1,5000,5000,3619,3621,8975,300,3823,395,198.0,0.016874383960384876,131.0,2597.3698414973296,0.9002447602417764,0.8329350469866768,2584.6552697351835,0.9046732914821389,1,,1.5,1.5,0.8,0.8,0,0.0
evaluation-3d-03,uniform_clutter,3,3,37,30030037,SC-RRT-no-ADCS,1,5000,5000,3852,3854,10714,355,4600,896,165.0,0.014491453010123223,118.0,2577.822906604077,0.9070710731243861,0.9733388849999756,2560.9840909220684,0.9130351877258649,1,,4.0,4.0,0.0,0.0,0,0.0
evaluation-3d-03,uniform_clutter,3,3,37,30030037,SC-RRT-no-SSFOR,1,5000,5000,3641,3643,9131,376,3960,587,165.0,0.01540380297228694,118.0,2577.822906604077,0.9070710731243861,0.8624962999601848,2570.638351980865,0.9096062028391418,1,,1.5,1.5,0.8,0.8,0,0.0
evaluation-3d-03,uniform_clutter,3,3,37,30030037,SC-RRT,1,5000,5000,3442,3444,9592,448,4355,1026,165.0,0.014602668990846723,118.0,2577.822906604077,0.9070710731243861,0.904773355985526,2546.9880195642745,0.9180524495038666,1,,1.408560774790365,1.408560774790365,0.8625669806999174,0.8625669806999174,98,0.004641676315462215
evaluation-3d-03,uniform_clutter,3,3,38,30030038,SC-RRT-no-SSFOR,1,5000,5000,3609,3611,8956,401,3758,430,202.0,0.019521220005117357,144.0,2602.3075620998516,0.8985366004666991,0.8663563840091228,2581.0693188207165,0.905930179080325,1,,1.5,1.5,0.8,0.8,0,0.0
evaluation-3d-03,uniform_clutter,3,3,38,30030038,SC-RRT,1,5000,5000,3526,3528,9210,367,3901,549,202.0,0.01826698600780219,144.0,2602.3075620998516,0.8985366004666991,0.841994529007934,2527.2648528663435,0.9252170731397599,1,,1.380431696707403,1.380431696707403,0.8823128980831352,0.8823128980831352,99,0.010397981059115121
evaluation-3d-03,uniform_clutter,3,3,38,30030038,SC-RRT-no-ADCS,1,5000,5000,3885,3887,10510,316,4407,647,202.0,0.01871463196584955,144.0,2602.3075620998516,0.8985366004666991,0.943273781973403,2530.87685976249,0.9238966254713076,1,,4.0,4.0,0.0,0.0,0,0.0
evaluation-3d-03,uniform_clutter,3,3,39,30030039,SC-RRT,1,5000,5000,3558,3560,9634,348,4175,639,154.0,0.014914856001269072,123.0,2510.7708054594386,0.9312951166763751,0.9109240990364924,2497.672344895009,0.9361790768901974,1,,1.4144558479406013,1.4144558479406013,0.8584517304897542,0.8584517304897542,98,0.0040769041276950664
evaluation-3d-03,uniform_clutter,3,3,39,30030039,SC-RRT-no-ADCS,1,5000,5000,3958,3960,11068,281,4761,793,154.0,0.015061711019370705,123.0,2510.7708054594386,0.9312951166763751,1.0245138900354505,2501.0679634742846,0.9349080570245071,1,,4.0,4.0,0.0,0.0,0,0.0
evaluation-3d-03,uniform_clutter,3,3,39,30030039,SC-RRT-no-SSFOR,1,5000,5000,3696,3698,9364,310,4125,550,154.0,0.015034268028102815,123.0,2510.7708054594386,0.9312951166763751,0.87900074000936,2491.318225896498,0.9385668060837795,1,,1.5,1.5,0.8,0.8,0,0.0
evaluation-3d-03,uniform_clutter,3,3,40,30030040,SC-RRT-no-ADCS,1,5000,5000,3940,3942,10837,389,4526,798,309.0,0.02591482497518882,173.0,2819.8562470976626,0.8292155292045995,0.9949610930052586,2648.2571175667995,0.8829462119472634,1,,4.0,4.0,0.0,0.0,0,0.0
evaluation-3d-03,uniform_clutter,3,3,40,30030040,SC-RRT-no-SSFOR,1,5000,5000,3624,3626,8923,377,3717,401,309.0,0.025724639010149986,173.0,2819.8562470976626,0.8292155292045995,0.8481335280230269,2617.1884103216335,0.8934276878945173,1,,1.5,1.5,0.8,0.8,0,0.0
evaluation-3d-03,uniform_clutter,3,3,40,30030040,SC-RRT,1,5000,5000,3559,3561,9487,404,4065,710,309.0,0.0259381560026668,173.0,2819.8562470976626,0.8292155292045995,0.8858973410096951,2657.047243859018,0.8800252218405988,1,,1.3752024517901718,1.3752024517901718,0.8860006756272588,0.8860006756272588,99,0.00667504428347827
evaluation-3d-03,uniform_clutter,3,3,41,30030041,SC-RRT-no-SSFOR,1,5000,5000,3661,3663,9086,281,3864,483,156.0,0.01568764599505812,130.0,2623.5214303988873,0.8912710081664809,0.8913429990061559,2557.5111116748803,0.9142750463698603,1,,1.5,1.5,0.8,0.8,0,0.0
evaluation-3d-03,uniform_clutter,3,3,41,30030041,SC-RRT,1,5000,5000,3625,3627,9658,310,4153,601,156.0,0.015190949954558164,130.0,2623.5214303988873,0.8912710081664809,0.9505609449697658,2571.935239784186,0.9091475376394746,1,,1.3594073580214894,1.3594073580214894,0.8971646799818883,0.8971646799818883,99,0.013595569505992708
evaluation-3d-03,uniform_clutter,3,3,41,30030041,SC-RRT-no-ADCS,1,5000,5000,3918,3920,10969,319,4705,829,156.0,0.016486053995322436,130.0,2623.5214303988873,0.8912710081664809,0.9658247820334509,2615.311568118786,0.894068843927425,1,,4.0,4.0,0.0,0.0,0,0.0
evaluation-3d-03,uniform_clutter,3,3,42,30030042,SC-RRT,1,5000,5000,3599,3601,9727,229,4390,863,138.0,0.01400351501069963,118.0,2541.43665673041,0.9200577885841136,0.9030681300209835,2475.1258073021095,0.9447069653266232,1,,1.422225031079166,1.422225031079166,0.8530422077936562,0.8530422077936562,99,0.008003027813901555
evaluation-3d-03,uniform_clutter,3,3,42,30030042,SC-RRT-no-ADCS,1,5000,5000,3938,3940,10964,255,4718,835,138.0,0.013784453039988875,118.0,2541.43665673041,0.9200577885841136,0.9895340990042314,2502.0929893798484,0.934525055680497,1,,4.0,4.0,0.0,0.0,0,0.0
evaluation-3d-03,uniform_clutter,3,3,42,30030042,SC-RRT-no-SSFOR,1,5000,5000,3591,3593,8766,304,3711,404,138.0,0.014225763035938144,118.0,2541.43665673041,0.9200577885841136,0.843240890011657,2489.820783435371,0.9391312843777132,1,,1.5,1.5,0.8,0.8,0,0.0
evaluation-3d-03,uniform_clutter,3,3,43,30030043,SC-RRT-no-ADCS,1,5000,5000,3842,3844,11068,410,4907,1189,305.0,0.026007496984675527,186.0,2790.047137183203,0.8380749411204109,1.0009469410288148,2778.6167430915457,0.8415225295217861,1,,4.0,4.0,0.0,0.0,0,0.0
evaluation-3d-03,uniform_clutter,3,3,43,30030043,SC-RRT-no-SSFOR,1,5000,5000,3622,3624,9083,372,3823,491,305.0,0.02752182399854064,186.0,2790.047137183203,0.8380749411204109,0.8868324609939009,2744.2128822353284,0.8520725944239873,1,,1.5,1.5,0.8,0.8,0,0.0
evaluation-3d-03,uniform_clutter,3,3,43,30030043,SC-RRT,1,5000,5000,3495,3497,9259,475,3873,598,305.0,0.0262854759930633,186.0,2790.047137183203,0.8380749411204109,0.8732339580310509,2783.247512390529,0.840122403705895,1,,1.4094528890011588,1.4094528890011588,0.8619436453522087,0.8619436453522087,99,0.004023422580267232
evaluation-3d-03,uniform_clutter,3,3,44,30030044,SC-RRT-no-SSFOR,1,5000,5000,3680,3682,8993,319,3763,452,192.0,0.0174103929894045,142.0,2580.13582249169,0.9062579457386357,0.8628627530415542,2575.666652411708,0.9078304399478722,1,,1.5,1.5,0.8,0.8,0,0.0
evaluation-3d-03,uniform_clutter,3,3,44,30030044,SC-RRT,1,5000,5000,3515,3517,9481,386,4109,725,192.0,0.016881554969586432,142.0,2580.13582249169,0.9062579457386357,0.862099555961322,2544.897015216468,0.9188067635888566,1,,1.3768301285795532,1.3768301285795532,0.884852314894699,0.884852314894699,99,0.011594118285017496
evaluation-3d-03,uniform_clutter,3,3,44,30030044,SC-RRT-no-ADCS,1,5000,5000,3797,3799,10511,386,4453,676,192.0,0.018062137998640537,142.0,2580.13582249169,0.9062579457386357,0.9367909079883248,2557.5959301415805,0.9142447259401703,1,,4.0,4.0,0.0,0.0,0,0.0
evaluation-3d-03,uniform_clutter,3,3,45,30030045,SC-RRT,1,5000,5000,3654,3656,9509,234,4040,565,126.0,0.013073292968329042,114.0,2515.653013045455,0.9294877227075412,0.8544880669796839,2498.365029693393,0.9359195163346261,1,,1.4407931921795627,1.4407931921795627,0.8401844620642874,0.8401844620642874,99,0.0016689721992939814
evaluation-3d-03,uniform_clutter,3,3,45,30030045,SC-RRT-no-ADCS,1,5000,5000,4010,4012,11131,250,4723,808,126.0,0.013657439965754747,114.0,2515.653013045455,0.9294877227075412,1.0002058149548247,2486.5876401335,0.9403523738630211,1,,4.0,4.0,0.0,0.0,0,0.0
evaluation-3d-03,uniform_clutter,3,3,45,30030045,SC-RRT-no-SSFOR,1,5000,5000,3626,3628,9325,350,4160,629,126.0,0.012638501997571439,114.0,2515.653013045455,0.9294877227075412,0.8517892180243507,2493.5309016882475,0.9377339533409661,1,,1.5,1.5,0.8,0.8,0,0.0
evaluation-3d-03,uniform_clutter,3,3,46,30030046,SC-RRT-no-ADCS,1,5000,5000,3878,3880,10507,328,4376,654,208.0,0.018163544998969883,140.0,2571.9531795761523,0.9091411961874523,0.9049394039902836,2561.0459572966543,0.9130131318245356,1,,4.0,4.0,0.0,0.0,0,0.0
evaluation-3d-03,uniform_clutter,3,3,46,30030046,SC-RRT-no-SSFOR,1,5000,5000,3694,3696,9213,356,3946,508,208.0,0.01812873297603801,140.0,2571.9531795761523,0.9091411961874523,0.841230543970596,2568.37038243313,0.9104094200007242,1,,1.5,1.5,0.8,0.8,0,0.0
evaluation-3d-03,uniform_clutter,3,3,46,30030046,SC-RRT,1,5000,5000,3492,3494,9057,316,3896,542,208.0,0.01788275397848338,140.0,2571.9531795761523,0.9091411961874523,0.8333338329684921,2561.543271396838,0.9128358737203375,1,,1.401903901839877,1.401903901839877,0.8672243553492575,0.8672243553492575,99,0.0033582038275239345
evaluation-3d-03,uniform_clutter,3,3,47,30030047,SC-RRT-no-SSFOR,1,5000,5000,3659,3661,9039,286,3914,554,146.0,0.015068751003127545,129.0,2724.7614895113334,0.8581553281705167,0.885960356972646,2694.8495114015636,0.8676805811697718,1,,1.5,1.5,0.8,0.8,0,0.0
evaluation-3d-03,uniform_clutter,3,3,47,30030047,SC-RRT,1,5000,5000,3676,3678,9185,251,3763,437,146.0,0.014692427008412778,129.0,2724.7614895113334,0.8581553281705167,0.8642620699829422,2710.857675679483,0.8625567513911964,1,,1.427624283556832,1.427624283556832,0.8492927540254565,0.8492927540254565,99,0.004466767312880663
evaluation-3d-03,uniform_clutter,3,3,47,30030047,SC-RRT-no-ADCS,1,5000,5000,3985,3987,10706,236,4512,672,146.0,0.015161681978497654,129.0,2724.7614895113334,0.8581553281705167,0.9747184439911507,2720.93022109608,0.8593636735292877,1,,4.0,4.0,0.0,0.0,0,0.0
evaluation-3d-03,uniform_clutter,3,3,48,30030048,SC-RRT,1,5000,5000,3591,3593,9735,346,4240,691,171.0,0.016023723990656435,127.0,2684.299436281638,0.8710908174450966,0.9093599260086194,2643.757799315682,0.8844488669965261,1,,1.3952101319209216,1.3952101319209216,0.8719178603173008,0.8719178603173008,99,0.009150730667775102
evaluation-3d-03,uniform_clutter,3,3,48,30030048,SC-RRT-no-ADCS,1,5000,5000,3848,3850,10855,378,4679,830,171.0,0.01553285401314497,127.0,2684.299436281638,0.8710908174450966,0.9325715720187873,2653.282675739656,0.8812738316945987,1,,4.0,4.0,0.0,0.0,0,0.0
evaluation-3d-03,uniform_clutter,3,3,48,30030048,SC-RRT-no-SSFOR,1,5000,5000,3635,3637,9066,333,3917,519,171.0,0.015347123029641807,127.0,2684.299436281638,0.8710908174450966,0.8589185960008763,2672.1787988800425,0.8750419662030079,1,,1.5,1.5,0.8,0.8,0,0.0
evaluation-3d-03,uniform_clutter,3,3,49,30030049,SC-RRT-no-ADCS,1,5000,5000,3930,3932,11117,305,4919,866,160.0,0.01528837694786489,131.0,2595.4142842547335,0.9009230643459343,0.9483212839695625,2585.6100749474354,0.9043392168347427,1,,4.0,4.0,0.0,0.0,0,0.0
evaluation-3d-03,uniform_clutter,3,3,49,30030049,SC-RRT-no-SSFOR,1,5000,5000,3652,3654,9055,298,3953,518,160.0,0.015127771010156721,131.0,2595.4142842547335,0.9009230643459343,0.8421090469928458,2575.9946071157046,0.9077148623521778,1,,1.5,1.5,0.8,0.8,0,0.0
evaluation-3d-03,uniform_clutter,3,3,49,30030049,SC-RRT,1,5000,5000,3544,3546,9321,336,4031,547,160.0,0.015501736022997648,131.0,2595.4142842547335,0.9009230643459343,0.8511102790362202,2580.0236926298326,0.9062973324227787,1,,1.4132885727376678,1.4132885727376678,0.8592658773037524,0.8592658773037524,99,0.0043256802422941
evaluation-3d-04,central_cluster,3,4,0,30040000,SC-RRT-no-SSFOR,1,5000,5000,3561,3563,9067,362,4180,732,148.0,0.014711784024257213,129.0,2547.8116217646366,0.9177556810885724,0.8256747600389645,2531.3485593569594,0.9237244636163329,1,,1.5,1.5,0.8,0.8,0,0.0
evaluation-3d-04,central_cluster,3,4,0,30040000,SC-RRT,1,5000,5000,3474,3476,9063,411,3764,492,148.0,0.014514904003590345,129.0,2547.8116217646366,0.9177556810885724,0.820836161961779,2541.5680795343733,0.9200102130045501,1,,1.4375656282398563,1.4375656282398563,0.8424118013901346,0.8424118013901346,99,0.0016549763027047222
evaluation-3d-04,central_cluster,3,4,0,30040000,SC-RRT-no-ADCS,1,5000,5000,3831,3833,10483,369,4373,678,148.0,0.014677073049824685,129.0,2547.8116217646366,0.9177556810885724,0.908406766015105,2539.6407774576064,0.9207083974131126,1,,4.0,4.0,0.0,0.0,0,0.0
evaluation-3d-04,central_cluster,3,4,1,30040001,SC-RRT,1,5000,5000,3478,3480,9201,391,3910,606,174.0,0.016348164004739374,142.0,2751.8656093432455,0.8497030459187397,0.8708389070234261,2690.9734955080858,0.8689303681813086,1,,1.3826439428251145,1.3826439428251145,0.8807541864780398,0.8807541864780398,99,0.010009450264027556
evaluation-3d-04,central_cluster,3,4,1,30040001,SC-RRT-no-ADCS,1,5000,5000,3857,3859,10753,368,4569,805,174.0,0.01658398803556338,142.0,2751.8656093432455,0.8497030459187397,0.9711292239953764,2709.667601520246,0.8629355825438182,1,,4.0,4.0,0.0,0.0,0,0.0
evaluation-3d-04,central_cluster,3,4,1,30040001,SC-RRT-no-SSFOR,1,5000,5000,3561,3563,8685,485,3559,354,174.0,0.017167685960885137,142.0,2751.8656093432455,0.8497030459187397,0.8389014700078405,2685.655581660844,0.8706509524843722,1,,1.5,1.5,0.8,0.8,0,0.0
evaluation-3d-04,central_cluster,3,4,2,30040002,SC-RRT-no-ADCS,1,5000,5000,3865,3867,10870,385,4667,920,263.0,0.024324555997736752,171.0,2854.690116518128,0.8190971680912168,1.0117509919800796,2772.183741475882,0.8434753278558348,1,,4.0,4.0,0.0,0.0,0,0.0
evaluation-3d-04,central_cluster,3,4,2,30040002,SC-RRT-no-SSFOR,1,5000,5000,3425,3427,9040,602,3968,674,263.0,0.02430959901539609,171.0,2854.690116518128,0.8190971680912168,0.8601955529884435,2658.0793632943987,0.8796835122785635,1,,1.5,1.5,0.8,0.8,0,0.0
evaluation-3d-04,central_cluster,3,4,2,30040002,SC-RRT,1,5000,5000,3523,3525,9522,389,4143,791,263.0,0.023437828000169247,171.0,2854.690116518128,0.8190971680912168,0.8818435499561019,2773.477478502039,0.8430818740525299,1,,1.386099589609624,1.386099589609624,0.8783211724197343,0.8783211724197343,98,0.006602862499338734
evaluation-3d-04,central_cluster,3,4,3,30040003,SC-RRT-no-SSFOR,1,5000,5000,3632,3634,9128,466,3906,466,124.0,0.013614157040137798,116.0,2502.865529035918,0.9342366032419908,0.8911600190331228,2492.9255858121833,0.9379616477626176,1,,1.5,1.5,0.8,0.8,0,0.0
evaluation-3d-04,central_cluster,3,4,3,30040003,SC-RRT,1,5000,5000,3534,3536,9418,338,4081,654,124.0,0.013347856991458684,116.0,2502.865529035918,0.9342366032419908,0.8632872559828684,2501.7876612211176,0.9346391088509406,1,,1.4461827173363782,1.4461827173363782,0.8364727335231267,0.8364727335231267,99,0.0013432335931286997
evaluation-3d-04,central_cluster,3,4,3,30040003,SC-RRT-no-ADCS,1,5000,5000,3895,3897,10749,295,4572,766,124.0,0.012491307978052646,116.0,2502.865529035918,0.9342366032419908,0.928090892964974,2492.9878533490137,0.9379382202271127,1,,4.0,4.0,0.0,0.0,0,0.0
evaluation-3d-04,central_cluster,3,4,4,30040004,SC-RRT,1,5000,5000,3429,3431,9238,580,3952,597,335.0,0.030469293997157365,212.0,2852.5953864533376,0.819698651032728,0.7996139419847168,2731.1419637934073,0.8561505118431327,1,,1.3936663567514143,1.3936663567514143,0.8730017037943739,0.8730017037943739,99,0.0057150816889940375
evaluation-3d-04,central_cluster,3,4,4,30040004,SC-RRT-no-ADCS,1,5000,5000,3786,3788,10566,526,4431,684,335.0,0.02784192404942587,212.0,2852.5953864533376,0.819698651032728,0.9083440510439686,2700.342851455577,0.8659154480911849,1,,4.0,4.0,0.0,0.0,0,0.0
evaluation-3d-04,central_cluster,3,4,4,30040004,SC-RRT-no-SSFOR,1,5000,5000,3576,3578,9062,463,3825,538,335.0,0.02866754203569144,212.0,2852.5953864533376,0.819698651032728,0.8323210970265791,2807.8925816863984,0.8327485906934653,1,,1.5,1.5,0.8,0.8,0,0.0
evaluation-3d-04,central_cluster,3,4,5,30040005,SC-RRT-no-ADCS,1,5000,5000,3821,3823,10761,431,4600,827,245.0,0.02146849100245163,155.0,2642.0366635034807,0.8850250348597798,0.9287369889789261,2602.3071988562697,0.898536725889114,1,,4.0,4.0,0.0,0.0,0,0.0
evaluation-3d-04,central_cluster,3,4,5,30040005,SC-RRT-no-SSFOR,1,5000,5000,3557,3559,8937,440,3834,484,245.0,0.022102769988123327,155.0,2642.0366635034807,0.8850250348597798,0.8162505140062422,2601.418122617287,0.8988438151824099,1,,1.5,1.5,0.8,0.8,0,0.0
evaluation-3d-04,central_cluster,3,4,5,30040005,SC-RRT,1,5000,5000,3430,3432,10208,416,4993,1129,245.0,0.02126678399508819,155.0,2642.0366635034807,0.8850250348597798,0.943393110006582,2562.807363898759,0.9123856217818933,1,,1.3137331121555196,1.3137331121555196,0.9295692362361343,0.9295692362361343,99,0.021999050889978843
evaluation-3d-04,central_cluster,3,4,6,30040006,SC-RRT-no-SSFOR,1,5000,5000,3526,3528,8899,482,3781,468,222.0,0.01989065296947956,159.0,2708.040912610271,0.8634539379850563,0.8431743219844066,2667.6565130418057,0.8765253617872131,1,,1.5,1.5,0.8,0.8,0,0.0
evaluation-3d-04,central_cluster,3,4,6,30040006,SC-RRT,1,5000,5000,3397,3399,9046,461,3871,585,222.0,0.019367033033631742,159.0,2708.040912610271,0.8634539379850563,0.8058845539926551,2642.6687704965843,0.8848133433606966,1,,1.3429098180648071,1.3429098180648071,0.9088558480206643,0.9088558480206643,99,0.016609908745323303
evaluation-3d-04,central_cluster,3,4,6,30040006,SC-RRT-no-ADCS,1,5000,5000,3765,3767,10468,427,4446,784,222.0,0.019764670985750854,159.0,2708.040912610271,0.8634539379850563,0.9005703669972718,2660.141223732194,0.8790016745567288,1,,4.0,4.0,0.0,0.0,0,0.0
evaluation-3d-04,central_cluster,3,4,7,30040007,SC-RRT,1,5000,5000,3485,3487,9381,437,4125,771,255.0,0.0241552289808169,196.0,2653.306845114538,0.8812658040374691,0.8819101920234971,2590.9076953180715,0.902490117437753,1,,1.3576324600714411,1.3576324600714411,0.8984211948452145,0.8984211948452145,99,0.01236758989348088
evaluation-3d-04,central_cluster,3,4,7,30040007,SC-RRT-no-ADCS,1,5000,5000,3872,3874,10652,410,4484,803,255.0,0.024393780971877277,196.0,2653.306845114538,0.8812658040374691,0.9248988329782151,2608.038557390096,0.8965621246634964,1,,4.0,4.0,0.0,0.0,0,0.0
evaluation-3d-04,central_cluster,3,4,7,30040007,SC-RRT-no-SSFOR,1,5000,5000,3635,3637,9000,514,3776,393,255.0,0.024169437994714826,196.0,2653.306845114538,0.8812658040374691,0.82360438501928,2632.1197193066137,0.8883595123226236,1,,1.5,1.5,0.8,0.8,0,0.0
evaluation-3d-04,central_cluster,3,4,8,30040008,SC-RRT-no-ADCS,1,5000,5000,3917,3919,10913,398,4656,801,389.0,0.03404808900086209,226.0,2739.2732323004416,0.8536091115869834,1.0099015129962936,2647.713409359643,0.883127525038105,1,,4.0,4.0,0.0,0.0,0,0.0
evaluation-3d-04,central_cluster,3,4,8,30040008,SC-RRT-no-SSFOR,1,5000,5000,3522,3524,8838,554,3709,491,389.0,0.03716097300639376,226.0,2739.2732323004416,0.8536091115869834,0.8389971849974245,2636.7231701913915,0.8868085268307695,1,,1.5,1.5,0.8,0.8,0,0.0
evaluation-3d-04,central_cluster,3,4,8,30040008,SC-RRT,1,5000,5000,3457,3459,9532,475,4264,780,389.0,0.03223818400874734,226.0,2739.2732323004416,0.8536091115869834,0.913634502037894,2579.2824279836013,0.9065577948538059,1,,1.2855748060253798,1.2855748060253798,0.9495442879756736,0.9495442879756736,98,0.0492043299041416
evaluation-3d-04,central_cluster,3,4,9,30040009,SC-RRT-no-SSFOR,1,5000,5000,3421,3423,8639,540,3703,484,367.0,0.03391896898392588,229.0,2698.4412946205366,0.8665256475578799,0.83586914697662,2686.7837883024645,0.8702853576823628,1,,1.5,1.5,0.8,0.8,0,0.0
evaluation-3d-04,central_cluster,3,4,9,30040009,SC-RRT,1,5000,5000,3328,3330,8833,647,3636,490,367.0,0.03189249098068103,229.0,2698.4412946205366,0.8665256475578799,0.7835423270007595,2691.851118782736,0.8686470711186125,1,,1.3930147902757875,1.3930147902757875,0.8734593017504723,0.8734593017504723,99,0.006268128279066175
evaluation-3d-04,central_cluster,3,4,9,30040009,SC-RRT-no-ADCS,1,5000,5000,3710,3712,10180,603,4116,603,367.0,0.031048130011186004,229.0,2698.4412946205366,0.8665256475578799,0.8442954570055008,2691.793836104778,0.8686655563494525,1,,4.0,4.0,0.0,0.0,0,0.0
evaluation-3d-04,central_cluster,3,4,10,30040010,SC-RRT,1,5000,5000,3491,3493,9943,376,4685,880,170.0,0.015265041030943394,134.0,2610.478389642274,0.8957241705181892,0.9018879480427131,2547.215754738099,0.917970370538322,1,,1.3899220165190924,1.3899220165190924,0.8756325615389157,0.8756325615389157,99,0.008084580434861207
evaluation-3d-04,central_cluster,3,4,10,30040010,SC-RRT-no-ADCS,1,5000,5000,3865,3867,11112,379,4909,787,170.0,0.01690639299340546,134.0,2610.478389642274,0.8957241705181892,0.9719651450286619,2554.760006397056,0.9152595877354497,1,,4.0,4.0,0.0,0.0,0,0.0
evaluation-3d-04,central_cluster,3,4,10,30040010,SC-RRT-no-SSFOR,1,5000,5000,3538,3540,8959,426,3950,597,170.0,0.015835557016544044,134.0,2610.478389642274,0.8957241705181892,0.8257464009802788,2531.959587419857,0.9235015447465139,1,,1.5,1.5,0.8,0.8,0,0.0
evaluation-3d-04,central_cluster,3,4,11,30040011,SC-RRT-no-ADCS,1,5000,5000,3679,3681,10199,670,4220,817,552.0,0.047566966037265956,343.0,2817.058201625807,0.8300391482392876,0.8826056229881942,2725.47952260705,0.8579292454126823,1,,4.0,4.0,0.0,0.0,0,0.0
evaluation-3d-04,central_cluster,3,4,11,30040011,SC-RRT-no-SSFOR,1,5000,5000,3520,3522,8839,604,3625,446,552.0,0.04942902905168012,343.0,2817.058201625807,0.8300391482392876,0.8552978450316004,2645.1986621253964,0.8839670999754716,1,,1.5,1.5,0.8,0.8,0,0.0
evaluation-3d-04,central_cluster,3,4,11,30040011,SC-RRT,1,5000,5000,3269,3271,8862,641,3946,729,552.0,0.04838857101276517,343.0,2817.058201625807,0.8300391482392876,0.8039763770066202,2704.3371106907334,0.8646365059202071,1,,1.286240863103644,1.286240863103644,0.9490725096954595,0.9490725096954595,99,0.03489024730731791
evaluation-3d-04,central_cluster,3,4,12,30040012,SC-RRT-no-SSFOR,1,5000,5000,3328,3330,9515,543,4691,1066,329.0,0.030768625030759722,228.0,2798.227175041054,0.8356250025281377,0.9622895650099963,2658.6004844374065,0.8795110825810263,1,,1.5,1.5,0.8,0.8,0,0.0
evaluation-3d-04,central_cluster,3,4,12,30040012,SC-RRT,1,5000,5000,3500,3502,9421,492,4117,732,329.0,0.02946366200922057,228.0,2798.227175041054,0.8356250025281377,0.9039272030349821,2676.201158049904,0.8737267687014363,1,,1.3573822626140761,1.3573822626140761,0.8985983471923946,0.8985983471923946,99,0.01051915280027261
evaluation-3d-04,central_cluster,3,4,12,30040012,SC-RRT-no-ADCS,1,5000,5000,3867,3869,10923,441,4733,949,329.0,0.03133097500540316,228.0,2798.227175041054,0.8356250025281377,0.9741501469979994,2662.115787139104,0.8783496951989647,1,,4.0,4.0,0.0,0.0,0,0.0
evaluation-3d-04,central_cluster,3,4,13,30040013,SC-RRT,1,5000,5000,3538,3540,9863,376,4562,861,182.0,0.01752558397129178,144.0,2623.1013696991286,0.8914137353701223,0.9561553679523058,2571.76847884067,0.9092064894084302,1,,1.3804252687975973,1.3804252687975973,0.8823174283382814,0.8823174283382814,99,0.011954960293664125
evaluation-3d-04,central_cluster,3,4,13,30040013,SC-RRT-no-ADCS,1,5000,5000,3874,3876,10690,390,4518,711,182.0,0.0183632230036892,144.0,2623.1013696991286,0.8914137353701223,1.0102022160426714,2591.372279952556,0.902328317821164,1,,4.0,4.0,0.0,0.0,0,0.0
evaluation-3d-04,central_cluster,3,4,13,30040013,SC-RRT-no-SSFOR,1,5000,5000,3674,3676,9149,308,4114,625,182.0,0.01967477798461914,144.0,2623.1013696991286,0.8914137353701223,0.8707928010262549,2594.777683574509,0.9011440960895103,1,,1.5,1.5,0.8,0.8,0,0.0
evaluation-3d-04,central_cluster,3,4,14,30040014,SC-RRT-no-ADCS,1,5000,5000,3854,3856,10945,417,4762,845,195.0,0.01745237602153793,146.0,2706.904347047977,0.8638164820149594,0.8934402990271337,2602.9343999884168,0.8983202151496363,1,,4.0,4.0,0.0,0.0,0,0.0
evaluation-3d-04,central_cluster,3,4,14,30040014,SC-RRT-no-SSFOR,1,5000,5000,3530,3532,8651,498,3535,388,195.0,0.017601450032088906,146.0,2706.904347047977,0.8638164820149594,0.7896454370347783,2665.135960511823,0.8773543357123641,1,,1.5,1.5,0.8,0.8,0,0.0
evaluation-3d-04,central_cluster,3,4,14,30040014,SC-RRT,1,5000,5000,3437,3439,9173,428,4074,719,195.0,0.017414021014701575,146.0,2706.904347047977,0.8638164820149594,0.7783899690257385,2605.496245561547,0.8974369447667468,1,,1.3944278256257467,1.3944278256257467,0.8724670337255271,0.8724670337255271,99,0.003668535894225122
evaluation-3d-04,central_cluster,3,4,15,30040015,SC-RRT-no-SSFOR,1,5000,5000,3527,3529,8829,404,3963,608,336.0,0.027963784988969564,218.0,2630.55400224837,0.8888882677258989,0.7872917799977586,2595.7509979527376,0.9008061990777123,1,,1.5,1.5,0.8,0.8,0,0.0
evaluation-3d-04,central_cluster,3,4,15,30040015,SC-RRT,1,5000,5000,3526,3528,9999,406,4710,1060,336.0,0.02804299001581967,218.0,2630.55400224837,0.8888882677258989,0.8555615110090002,2531.5447960128427,0.923652859669216,1,,1.3113562474287008,1.3113562474287008,0.9312569225036758,0.9312569225036758,99,0.022514492889934037
evaluation-3d-04,central_cluster,3,4,15,30040015,SC-RRT-no-ADCS,1,5000,5000,3873,3875,10873,429,4733,887,336.0,0.028101112984586507,218.0,2630.55400224837,0.8888882677258989,0.9085107219871134,2560.349262711672,0.9132615710957802,1,,4.0,4.0,0.0,0.0,0,0.0
evaluation-3d-04,central_cluster,3,4,16,30040016,SC-RRT,1,5000,5000,3423,3425,8923,512,3684,479,262.0,0.02062205399852246,146.0,2648.587867243098,0.8828359516166916,0.7908294569933787,2630.0724837750117,0.8890510070132387,1,,1.4057474347109165,1.4057474347109165,0.8645339924013046,0.8645339924013046,99,0.0047621656235187606
evaluation-3d-04,central_cluster,3,4,16,30040016,SC-RRT-no-ADCS,1,5000,5000,3740,3742,10113,477,4093,578,262.0,0.020577382994815707,146.0,2648.587867243098,0.8828359516166916,0.8584587730001658,2625.893957724653,0.8904657339034753,1,,4.0,4.0,0.0,0.0,0,0.0
evaluation-3d-04,central_cluster,3,4,16,30040016,SC-RRT-no-SSFOR,1,5000,5000,3520,3522,9079,428,4169,787,262.0,0.0207970860064961,146.0,2648.587867243098,0.8828359516166916,0.8291101309587248,2615.747387662874,0.8939198797431228,1,,1.5,1.5,0.8,0.8,0,0.0
evaluation-3d-04,central_cluster,3,4,17,30040017,SC-RRT-no-ADCS,1,5000,5000,3803,3805,10617,538,4473,759,411.0,0.03357203601626679,243.0,2972.1847952926664,0.7867170957611128,0.8849041110370308,2677.1848784946396,0.8734057214355605,1,,4.0,4.0,0.0,0.0,0,0.0
evaluation-3d-04,central_cluster,3,4,17,30040017,SC-RRT-no-SSFOR,1,5000,5000,3503,3505,8896,726,3590,366,411.0,0.033942217007279396,243.0,2972.1847952926664,0.7867170957611128,0.8121054020011798,2626.2192924071314,0.890355423470666,1,,1.5,1.5,0.8,0.8,0,0.0
evaluation-3d-04,central_cluster,3,4,17,30040017,SC-RRT,1,5000,5000,3268,3270,8899,651,3872,634,411.0,0.03367822599830106,243.0,2972.1847952926664,0.7867170957611128,0.8054266790277325,2579.30438890676,0.9065500761657143,1,,1.2933817956961922,1.2933817956961922,0.9440117145071992,0.9440117145071992,99,0.09693259481398432
evaluation-3d-04,central_cluster,3,4,18,30040018,SC-RRT-no-SSFOR,1,5000,5000,3614,3616,9125,586,3879,516,239.0,0.021475335001014173,174.0,2657.027167130904,0.8800318713876305,0.8307954570045695,2587.0588529771912,0.9038327781090488,1,,1.5,1.5,0.8,0.8,0,0.0
evaluation-3d-04,central_cluster,3,4,18,30040018,SC-RRT,1,5000,5000,3460,3462,9895,412,4665,1038,239.0,0.021439324016682804,174.0,2657.027167130904,0.8800318713876305,0.8470496489899233,2504.255294894908,0.9337181376773771,1,,1.2827345017154221,1.2827345017154221,0.95,0.95,99,0.0377394555112081
evaluation-3d-04,central_cluster,3,4,18,30040018,SC-RRT-no-ADCS,1,5000,5000,3840,3842,10419,384,4314,615,239.0,0.021366691042203456,174.0,2657.027167130904,0.8800318713876305,0.877304396010004,2583.49273295431,0.9050803822250725,1,,4.0,4.0,0.0,0.0,0,0.0
evaluation-3d-04,central_cluster,3,4,19,30040019,SC-RRT,1,5000,5000,3456,3458,9385,416,4121,665,172.0,0.0158536970266141,138.0,2619.8189016551714,0.8925306206244611,0.8302598349982873,2591.1225137872925,0.9024152959870174,1,,1.4199632240220166,1.4199632240220166,0.8546153554460423,0.8546153554460423,98,0.002460801457758637
evaluation-3d-04,central_cluster,3,4,19,30040019,SC-RRT-no-ADCS,1,5000,5000,3859,3861,11013,394,4825,811,172.0,0.015979607007466257,138.0,2619.8189016551714,0.8925306206244611,0.9412402900052257,2589.984103790339,0.9028119465274018,1,,4.0,4.0,0.0,0.0,0,0.0
evaluation-3d-04,central_cluster,3,4,19,30040019,SC-RRT-no-SSFOR,1,5000,5000,3520,3522,8677,470,3623,382,172.0,0.01590344897704199,138.0,2619.8189016551714,0.8925306206244611,0.7966987160034478,2582.535092198467,0.9054159989080564,1,,1.5,1.5,0.8,0.8,0,0.0
evaluation-3d-04,central_cluster,3,4,20,30040020,SC-RRT-no-ADCS,1,5000,5000,3879,3881,10454,355,4321,647,209.0,0.01888615102507174,158.0,2719.237264484153,0.8598987005503399,0.869605855026748,2646.7900635934375,0.8834356084303163,1,,4.0,4.0,0.0,0.0,0,0.0
evaluation-3d-04,central_cluster,3,4,20,30040020,SC-RRT-no-SSFOR,1,5000,5000,3657,3659,8990,348,3851,410,209.0,0.018958032014779747,158.0,2719.237264484153,0.8598987005503399,0.8462290479801595,2699.2175867709225,0.8662764356893725,1,,1.5,1.5,0.8,0.8,0,0.0
evaluation-3d-04,central_cluster,3,4,20,30040020,SC-RRT,1,5000,5000,3503,3505,9827,446,4464,855,209.0,0.01963800098747015,158.0,2719.237264484153,0.8598987005503399,0.8559237489826046,2641.7170373723843,0.8851321156423972,1,,1.3897699891895225,1.3897699891895225,0.8757394394615025,0.8757394394615025,99,0.006619651477414239
evaluation-3d-04,central_cluster,3,4,21,30040021,SC-RRT-no-SSFOR,1,5000,5000,3626,3628,9036,522,3840,433,195.0,0.01736106298631057,145.0,2591.7861118728147,0.9021842425601858,0.8110925409710035,2555.036167107818,0.9151606620366534,1,,1.5,1.5,0.8,0.8,0,0.0
evaluation-3d-04,central_cluster,3,4,21,30040021,SC-RRT,1,5000,5000,3336,3338,9123,494,4014,657,195.0,0.019427018996793777,145.0,2591.7861118728147,0.9021842425601858,0.851978324004449,2513.2650394259967,0.9303708735597659,1,,1.4076681404162048,1.4076681404162048,0.8631908768813412,0.8631908768813412,98,0.004525436854930333
evaluation-3d-04,central_cluster,3,4,21,30040021,SC-RRT-no-ADCS,1,5000,5000,3694,3696,10566,470,4636,888,195.0,0.021457733993884176,145.0,2591.7861118728147,0.9021842425601858,0.9149009860120714,2513.162511022345,0.930408829497773,1,,4.0,4.0,0.0,0.0,0,0.0
evaluation-3d-04,central_cluster,3,4,22,30040022,SC-RRT,1,5000,5000,3362,3364,9231,600,4132,845,351.0,0.03158501395955682,232.0,2778.5365332193805,0.841546822315388,0.8587723899981938,2699.6247307097033,0.8661457881974869,1,,1.3687452431554954,1.3687452431554954,0.8905604373020769,0.8905604373020769,99,0.01300474451014456
evaluation-3d-04,central_cluster,3,4,22,30040022,SC-RRT-no-ADCS,1,5000,5000,3782,3784,10289,589,4197,722,351.0,0.03127292502904311,232.0,2778.5365332193805,0.841546822315388,0.8438807179918513,2719.890589021711,0.8596921507269201,1,,4.0,4.0,0.0,0.0,0,0.0
evaluation-3d-04,central_cluster,3,4,22,30040022,SC-RRT-no-SSFOR,1,5000,5000,3521,3523,8730,594,3591,389,351.0,0.03085165802622214,232.0,2778.5365332193805,0.841546822315388,0.8188961610430852,2688.958388782008,0.8695815450223934,1,,1.5,1.5,0.8,0.8,0,0.0
evaluation-3d-04,central_cluster,3,4,23,30040023,SC-RRT-no-ADCS,1,5000,5000,3906,3908,11245,452,5013,919,432.0,0.038449855986982584,289.0,2926.2867937261676,0.7990565365059675,0.9417918659746647,2665.9721745190177,0.8770791430483867,1,,4.0,4.0,0.0,0.0,0,0.0
evaluation-3d-04,central_cluster,3,4,23,30040023,SC-RRT-no-SSFOR,1,5000,5000,3353,3355,8757,602,3903,689,432.0,0.038493860978633165,289.0,2926.2867937261676,0.7990565365059675,0.8362203990109265,2570.6225395871347,0.909611798001869,1,,1.5,1.5,0.8,0.8,0,0.0
evaluation-3d-04,central_cluster,3,4,23,30040023,SC-RRT,1,5000,5000,3494,3496,9287,493,4066,690,432.0,0.03761607798514888,289.0,2926.2867937261676,0.7990565365059675,0.8065264070173725,2661.8192312773117,0.8784475529902656,1,,1.3794525009174647,1.3794525009174647,0.8830030972194489,0.8830030972194489,99,0.009891095449785142
evaluation-3d-04,central_cluster,3,4,24,30040024,SC-RRT-no-SSFOR,1,5000,5000,3590,3592,8775,373,3819,445,140.0,0.013465555035509169,125.0,2511.2892547885303,0.9311028531497795,0.8215411550481804,2503.349855270429,0.9340558553152725,1,,1.5,1.5,0.8,0.8,0,0.0
evaluation-3d-04,central_cluster,3,4,24,30040024,SC-RRT,1,5000,5000,3482,3484,9448,406,4140,741,140.0,0.013910334964748472,125.0,2511.2892547885303,0.9311028531497795,0.8664064820040949,2479.38431311232,0.9430843689104429,1,,1.425293743351554,1.425293743351554,0.8509101426165979,0.8509101426165979,99,0.005528222270676237
evaluation-3d-04,central_cluster,3,4,24,30040024,SC-RRT-no-ADCS,1,5000,5000,3871,3873,10747,324,4648,809,140.0,0.013822545006405562,125.0,2511.2892547885303,0.9311028531497795,0.940942878019996,2482.2772156537617,0.9419852768548054,1,,4.0,4.0,0.0,0.0,0,0.0
evaluation-3d-04,central_cluster,3,4,25,30040025,SC-RRT,1,5000,5000,3390,3392,9912,516,4691,1119,238.0,0.0233926450018771,185.0,2720.506984261702,0.859497367124955,0.9192901829956099,2567.2379878787465,0.9108109965878329,1,,1.3797038676397062,1.3797038676397062,0.8828259022444465,0.8828259022444465,99,0.008575118452772739
evaluation-3d-04,central_cluster,3,4,25,30040025,SC-RRT-no-ADCS,1,5000,5000,3798,3800,10834,441,4746,932,238.0,0.0213472829782404,185.0,2720.506984261702,0.859497367124955,0.9241024939692579,2574.9002720386447,0.9081006420363961,1,,4.0,4.0,0.0,0.0,0,0.0
evaluation-3d-04,central_cluster,3,4,25,30040025,SC-RRT-no-SSFOR,1,5000,5000,3499,3501,8810,407,3856,614,238.0,0.02220404497347772,185.0,2720.506984261702,0.859497367124955,0.8211514339782298,2639.790256603017,0.8857781728564138,1,,1.5,1.5,0.8,0.8,0,0.0
evaluation-3d-04,central_cluster,3,4,26,30040026,SC-RRT-no-ADCS,1,5000,5000,3868,3870,10644,323,4557,767,197.0,0.0177088130149059,153.0,2608.9938082004232,0.8962338595317809,0.9027142660343088,2582.382416568314,0.9054695289186763,1,,4.0,4.0,0.0,0.0,0,0.0
evaluation-3d-04,central_cluster,3,4,26,30040026,SC-RRT-no-SSFOR,1,5000,5000,3686,3688,9091,447,3876,501,197.0,0.017927671025972813,153.0,2608.9938082004232,0.8962338595317809,0.8595987560111098,2594.852500100373,0.9011181136991548,1,,1.5,1.5,0.8,0.8,0,0.0
evaluation-3d-04,central_cluster,3,4,26,30040026,SC-RRT,1,5000,5000,3480,3482,9318,389,4067,693,197.0,0.018840058997739106,153.0,2608.9938082004232,0.8962338595317809,0.839800892979838,2578.4096788303946,0.9068646497164322,1,,1.3897880503205995,1.3897880503205995,0.875726741923058,0.875726741923058,99,0.005068766723160654
evaluation-3d-04,central_cluster,3,4,27,30040027,SC-RRT-no-SSFOR,1,5000,5000,3749,3751,9271,367,3959,449,158.0,0.015149388986174017,135.0,2618.2354762415675,0.893070394712751,0.8530368310166523,2610.963764120381,0.8955576566592964,1,,1.5,1.5,0.8,0.8,0,0.0
evaluation-3d-04,central_cluster,3,4,27,30040027,SC-RRT,1,5000,5000,3441,3443,9530,465,4226,720,158.0,0.015719179005827755,135.0,2618.2354762415675,0.893070394712751,0.8657331920112483,2581.1254426737137,0.9059104805831673,1,,1.400757021363177,1.400757021363177,0.8680278062495399,0.8680278062495399,99,0.006091881737735242
evaluation-3d-04,central_cluster,3,4,27,30040027,SC-RRT-no-ADCS,1,5000,5000,3773,3775,10767,450,4693,784,158.0,0.015240103006362915,135.0,2618.2354762415675,0.893070394712751,0.9498177130008116,2563.408923108973,0.9121715108107167,1,,4.0,4.0,0.0,0.0,0,0.0
evaluation-3d-04,central_cluster,3,4,28,30040028,SC-RRT,1,5000,5000,3492,3494,9254,396,4027,704,145.0,0.014319260022602975,130.0,2563.7954304828113,0.9120339955429454,0.7999704910325818,2559.3317512126837,0.9136246557758863,1,,1.4389520973308152,1.4389520973308152,0.8414545905792158,0.8414545905792158,99,0.0029660278565646885
evaluation-3d-04,central_cluster,3,4,28,30040028,SC-RRT-no-ADCS,1,5000,5000,3870,3872,10749,384,4608,788,145.0,0.014346843003295362,130.0,2563.7954304828113,0.9120339955429454,0.8877614070079289,2563.7954304828113,0.9120339955429454,1,,4.0,4.0,0.0,0.0,0,0.0
evaluation-3d-04,central_cluster,3,4,28,30040028,SC-RRT-no-SSFOR,1,5000,5000,3585,3587,8642,374,3675,414,145.0,0.014234598958864808,130.0,2563.7954304828113,0.9120339955429454,0.8107668239972554,2562.4156699256578,0.9125250901567518,1,,1.5,1.5,0.8,0.8,0,0.0
evaluation-3d-04,central_cluster,3,4,29,30040029,SC-RRT-no-ADCS,1,5000,5000,3787,3789,10173,533,4083,514,201.0,0.018823491991497576,146.0,2628.374641987158,0.8896253041195672,0.8467190689989366,2535.4600927103797,0.92222654063484,1,,4.0,4.0,0.0,0.0,0,0.0
evaluation-3d-04,central_cluster,3,4,29,30040029,SC-RRT-no-SSFOR,1,5000,5000,3561,3563,8947,388,3922,532,201.0,0.01782678096788004,146.0,2628.374641987158,0.8896253041195672,0.8665769619983621,2590.7478783607085,0.9025457898657124,1,,1.5,1.5,0.8,0.8,0,0.0
evaluation-3d-04,central_cluster,3,4,29,30040029,SC-RRT,1,5000,5000,3378,3380,9474,573,4346,881,201.0,0.017804722010623664,146.0,2628.374641987158,0.8896253041195672,0.84982400003355,2527.74523020979,0.9250412431888636,1,,1.3845745724886318,1.3845745724886318,0.879394617257016,0.879394617257016,98,0.00727041376431566
evaluation-3d-04,central_cluster,3,4,30,30040030,SC-RRT-no-SSFOR,1,5000,5000,3572,3574,8694,479,3569,340,162.0,0.015038222016301006,121.0,2611.409029828768,0.8954049570592572,0.8146859839907847,2562.2077798646014,0.9125991297792206,1,,1.5,1.5,0.8,0.8,0,0.0
evaluation-3d-04,central_cluster,3,4,30,30040030,SC-RRT,1,5000,5000,3480,3482,9823,378,4521,921,162.0,0.015286650974303484,121.0,2611.409029828768,0.8954049570592572,0.8969714469858445,2535.40055707705,0.9222481961247455,1,,1.4005504329576273,1.4005504329576273,0.8681725644247779,0.8681725644247779,99,0.006189457591247803
evaluation-3d-04,central_cluster,3,4,30,30040030,SC-RRT-no-ADCS,1,5000,5000,3885,3887,10913,314,4728,919,162.0,0.0148612639750354,121.0,2611.409029828768,0.8954049570592572,0.9585090519976802,2541.673370566506,0.9199721007805242,1,,4.0,4.0,0.0,0.0,0,0.0
evaluation-3d-04,central_cluster,3,4,31,30040031,SC-RRT,1,5000,5000,3477,3479,9092,436,3836,530,329.0,0.027842145005706698,216.0,2798.813421883824,0.8354499703106838,0.7928975939867087,2755.6593177019663,0.8485332621479285,1,,1.3851973985520456,1.3851973985520456,0.8789561633400138,0.8789561633400138,99,0.008683234459994965
evaluation-3d-04,central_cluster,3,4,31,30040031,SC-RRT-no-ADCS,1,5000,5000,3852,3854,10604,388,4502,707,329.0,0.028269033005926758,216.0,2798.813421883824,0.8354499703106838,0.9047490959637798,2761.7984824379037,0.8466470689613603,1,,4.0,4.0,0.0,0.0,0,0.0
evaluation-3d-04,central_cluster,3,4,31,30040031,SC-RRT-no-SSFOR,1,5000,5000,3518,3520,8807,548,3723,472,329.0,0.028342419012915343,216.0,2798.813421883824,0.8354499703106838,0.7841803639894351,2756.606224520902,0.8482417870997789,1,,1.5,1.5,0.8,0.8,0,0.0
evaluation-3d-04,central_cluster,3,4,32,30040032,SC-RRT-no-ADCS,1,5000,5000,3916,3918,11013,354,4757,754,148.0,0.014904304000083357,131.0,2535.2675445484597,0.92229658177336,0.9887401529704221,2518.549275159136,0.9284188374953432,1,,4.0,4.0,0.0,0.0,0,0.0
evaluation-3d-04,central_cluster,3,4,32,30040032,SC-RRT-no-SSFOR,1,5000,5000,3536,3538,8812,427,3756,439,148.0,0.014515062037389725,131.0,2535.2675445484597,0.92229658177336,0.8435603580437601,2520.2682057032994,0.9277856162001112,1,,1.5,1.5,0.8,0.8,0,0.0
evaluation-3d-04,central_cluster,3,4,32,30040032,SC-RRT,1,5000,5000,3454,3456,9365,433,4096,699,148.0,0.015089043008629233,131.0,2535.2675445484597,0.92229658177336,0.9139839560375549,2492.5224728781454,0.9381133432742765,1,,1.3728212550113472,1.3728212550113472,0.8876814216177425,0.8876814216177425,99,0.011209131283732028
evaluation-3d-04,central_cluster,3,4,33,30040033,SC-RRT-no-SSFOR,1,5000,5000,3631,3633,8958,430,3773,479,232.0,0.023153229034505785,186.0,2686.1856356345397,0.8704791505095033,0.8337398520088755,2628.4026061139703,0.8896158392092974,1,,1.5,1.5,0.8,0.8,0,0.0
evaluation-3d-04,central_cluster,3,4,33,30040033,SC-RRT,1,5000,5000,3447,3449,9610,397,4444,904,232.0,0.022424574999604374,186.0,2686.1856356345397,0.8704791505095033,0.9507368249469437,2592.110433830551,0.902071362277013,1,,1.3371747695664697,1.3371747695664697,0.9129250703854647,0.9129250703854647,99,0.018710068621778965
evaluation-3d-04,central_cluster,3,4,33,30040033,SC-RRT-no-ADCS,1,5000,5000,3821,3823,10867,357,4862,832,232.0,0.023162609024439007,186.0,2686.1856356345397,0.8704791505095033,0.952406601049006,2637.054429620456,0.886697128414799,1,,4.0,4.0,0.0,0.0,0,0.0
evaluation-3d-04,central_cluster,3,4,34,30040034,SC-RRT,1,5000,5000,3445,3447,9258,488,3963,674,242.0,0.020962629991117865,168.0,2700.7819799742797,0.8657746562128099,0.8258014519815333,2569.8619930041805,0.909880996171525,1,,1.3705889883213551,1.3705889883213551,0.8892578379713363,0.8892578379713363,99,0.013505342850361132
evaluation-3d-04,central_cluster,3,4,34,30040034,SC-RRT-no-ADCS,1,5000,5000,3828,3830,10620,468,4418,766,242.0,0.021127576008439064,168.0,2700.7819799742797,0.8657746562128099,0.8925163219682872,2599.2237583401948,0.8996026535672902,1,,4.0,4.0,0.0,0.0,0,0.0
evaluation-3d-04,central_cluster,3,4,34,30040034,SC-RRT-no-SSFOR,1,5000,5000,3676,3678,9179,517,3759,377,242.0,0.021055189019534737,168.0,2700.7819799742797,0.8657746562128099,0.8353024420212023,2674.155034228601,0.874395298809776,1,,1.5,1.5,0.8,0.8,0,0.0
evaluation-3d-04,central_cluster,3,4,35,30040035,SC-RRT-no-ADCS,1,5000,5000,3842,3844,10792,437,4651,694,285.0,0.025492043991107494,209.0,2747.306952943256,0.8511129736387631,0.9019731369917281,2640.5227098440623,0.8855324673030637,1,,4.0,4.0,0.0,0.0,0,0.0
evaluation-3d-04,central_cluster,3,4,35,30040035,SC-RRT-no-SSFOR,1,5000,5000,3537,3539,8761,534,3672,428,285.0,0.02523398498306051,209.0,2747.306952943256,0.8511129736387631,0.781152205017861,2606.440858864015,0.8971117001431177,1,,1.5,1.5,0.8,0.8,0,0.0
evaluation-3d-04,central_cluster,3,4,35,30040035,SC-RRT,1,5000,5000,3424,3426,9717,488,4523,885,285.0,0.02529213298112154,209.0,2747.306952943256,0.8511129736387631,0.8934688820154406,2598.881961166552,0.8997209666145871,1,,1.331769426332536,1.331769426332536,0.9167619081405736,0.9167619081405736,99,0.018338676306397475
evaluation-3d-04,central_cluster,3,4,36,30040036,SC-RRT-no-SSFOR,1,5000,5000,3594,3596,8790,420,3704,366,177.0,0.018688982003368437,147.0,2646.418675535841,0.8835595863320972,0.8298479500226676,2636.889150007917,0.8867527063892555,1,,1.5,1.5,0.8,0.8,0,0.0
evaluation-3d-04,central_cluster,3,4,36,30040036,SC-RRT,1,5000,5000,3400,3402,10371,489,5131,1228,177.0,0.017543580965138972,147.0,2646.418675535841,0.8835595863320972,0.9735266389907338,2551.166705970534,0.916548724450542,1,,1.28593889406599,1.28593889406599,0.949286404808591,0.949286404808591,99,0.031037364202670076
evaluation-3d-04,central_cluster,3,4,36,30040036,SC-RRT-no-ADCS,1,5000,5000,3869,3871,11046,407,4789,908,177.0,0.01740254496689886,147.0,2646.418675535841,0.8835595863320972,0.9525939399609342,2610.756758286352,0.8956286650590829,1,,4.0,4.0,0.0,0.0,0,0.0
evaluation-3d-04,central_cluster,3,4,37,30040037,SC-RRT,1,5000,5000,3564,3566,9369,362,3987,578,294.0,0.02581471501616761,205.0,2750.240225788094,0.8502052178179972,0.8436446010018699,2666.349587041747,0.8769549955421408,1,,1.3781615070121207,1.3781615070121207,0.883913322578824,0.883913322578824,99,0.00837764344865867
evaluation-3d-04,central_cluster,3,4,37,30040037,SC-RRT-no-ADCS,1,5000,5000,3933,3935,10535,298,4363,634,294.0,0.024187269969843328,205.0,2750.240225788094,0.8502052178179972,0.8726088179973885,2671.052300503204,0.8754110092780564,1,,4.0,4.0,0.0,0.0,0,0.0
evaluation-3d-04,central_cluster,3,4,37,30040037,SC-RRT-no-SSFOR,1,5000,5000,3458,3460,8629,390,3813,595,294.0,0.028238128987140954,205.0,2750.240225788094,0.8502052178179972,0.8062641010037623,2661.3348884777456,0.8786074237937971,1,,1.5,1.5,0.8,0.8,0,0.0
evaluation-3d-04,central_cluster,3,4,38,30040038,SC-RRT-no-ADCS,1,5000,5000,3863,3865,10562,354,4429,717,269.0,0.023657848010770977,187.0,2720.1952607812236,0.8595958620803007,0.9073097440414131,2564.994532195351,0.9116076314660544,1,,4.0,4.0,0.0,0.0,0,0.0
evaluation-3d-04,central_cluster,3,4,38,30040038,SC-RRT-no-SSFOR,1,5000,5000,3571,3573,8885,530,3791,416,269.0,0.023689758963882923,187.0,2720.1952607812236,0.8595958620803007,0.8126980629749596,2556.6973329258303,0.9145660536760208,1,,1.5,1.5,0.8,0.8,0,0.0
evaluation-3d-04,central_cluster,3,4,38,30040038,SC-RRT,1,5000,5000,3461,3463,9040,376,3863,537,269.0,0.02380083897151053,187.0,2720.1952607812236,0.8595958620803007,0.8148763579665683,2547.572822234265,0.9178417079231056,1,,1.3649450948751185,1.3649450948751185,0.8932467341920067,0.8932467341920067,99,0.011829367951872897
evaluation-3d-04,central_cluster,3,4,39,30040039,SC-RRT-no-SSFOR,1,5000,5000,3515,3517,8855,602,3589,375,337.0,0.030404476972762495,208.0,2846.4976590868737,0.8214545979876463,0.8403800579835661,2825.3048455848602,0.8276163876163757,1,,1.5,1.5,0.8,0.8,0,0.0
evaluation-3d-04,central_cluster,3,4,39,30040039,SC-RRT,1,5000,5000,3405,3407,9332,621,4030,675,337.0,0.030068712949287146,208.0,2846.4976590868737,0.8214545979876463,0.8356139090028591,2783.0827256456982,0.8401721474791902,1,,1.3585195875371372,1.3585195875371372,0.897793120357991,0.897793120357991,99,0.012640837820504142
evaluation-3d-04,central_cluster,3,4,39,30040039,SC-RRT-no-ADCS,1,5000,5000,3722,3724,10588,590,4557,764,337.0,0.03096570901107043,208.0,2846.4976590868737,0.8214545979876463,0.892343471001368,2758.55812421953,0.8476415884401722,1,,4.0,4.0,0.0,0.0,0,0.0
evaluation-3d-04,central_cluster,3,4,40,30040040,SC-RRT,1,5000,5000,3426,3428,9531,500,4266,819,215.0,0.01825195795390755,144.0,2532.784988515655,0.9232005878194707,0.895845920953434,2485.6830055270857,0.9406946038648872,1,,1.338753250914396,1.338753250914396,0.9118048894312125,0.9118048894312125,99,0.017964011271796095
evaluation-3d-04,central_cluster,3,4,40,30040040,SC-RRT-no-ADCS,1,5000,5000,3862,3864,10438,373,4283,662,215.0,0.019131743989419192,144.0,2532.784988515655,0.9232005878194707,0.8956742889713496,2516.7147560765998,0.929095593599649,1,,4.0,4.0,0.0,0.0,0,0.0
evaluation-3d-04,central_cluster,3,4,40,30040040,SC-RRT-no-SSFOR,1,5000,5000,3544,3546,8573,499,3588,341,215.0,0.01828784600365907,144.0,2532.784988515655,0.9232005878194707,0.7904192410060205,2523.940560412237,0.9264356803379209,1,,1.5,1.5,0.8,0.8,0,0.0
evaluation-3d-04,central_cluster,3,4,41,30040041,SC-RRT-no-ADCS,1,5000,5000,3837,3839,10905,402,4734,943,139.0,0.014566098980139941,121.0,2547.8309644645765,0.9177487136433199,0.9760186189669184,2513.6285922601937,0.9302363115290115,1,,4.0,4.0,0.0,0.0,0,0.0
evaluation-3d-04,central_cluster,3,4,41,30040041,SC-RRT-no-SSFOR,1,5000,5000,3621,3623,8876,466,3791,464,139.0,0.013469085970427841,121.0,2547.8309644645765,0.9177487136433199,0.8196998609928414,2536.7720781524904,0.9217495770928406,1,,1.5,1.5,0.8,0.8,0,0.0
evaluation-3d-04,central_cluster,3,4,41,30040041,SC-RRT,1,5000,5000,3468,3470,9270,473,3937,679,139.0,0.014029057987499982,121.0,2547.8309644645765,0.9177487136433199,0.8589152509812266,2519.6982005618925,0.9279954994993251,1,,1.4253094586399522,1.4253094586399522,0.850899230963171,0.850899230963171,99,0.001827979980169096
evaluation-3d-04,central_cluster,3,4,42,30040042,SC-RRT-no-SSFOR,1,5000,5000,3653,3655,9074,416,3860,467,217.0,0.020680199027992785,170.0,2624.074471585892,0.8910831668602845,0.8147656900109723,2606.3203658301063,0.89715317459573,1,,1.5,1.5,0.8,0.8,0,0.0
evaluation-3d-04,central_cluster,3,4,42,30040042,SC-RRT,1,5000,5000,3402,3404,9750,448,4643,871,217.0,0.01997722196392715,170.0,2624.074471585892,0.8910831668602845,0.8993573289480992,2509.7527734689675,0.9316728782755925,1,,1.2853977397400411,1.2853977397400411,0.9496696986615017,0.9496696986615017,99,0.03326947235725208
evaluation-3d-04,central_cluster,3,4,42,30040042,SC-RRT-no-ADCS,1,5000,5000,3845,3847,11639,417,5516,1013,217.0,0.0204203010071069,170.0,2624.074471585892,0.8910831668602845,0.9512102369917557,2588.7807566532115,0.9032316020615471,1,,4.0,4.0,0.0,0.0,0,0.0
evaluation-3d-04,central_cluster,3,4,43,30040043,SC-RRT,1,5000,5000,3477,3479,9145,408,3877,625,162.0,0.015007510024588555,130.0,2560.944934126125,0.9130491480153106,0.8450352009967901,2512.8459965311245,0.9305260224645135,1,,1.3608688337232753,1.3608688337232753,0.896130321643916,0.896130321643916,99,0.011341535875474708
evaluation-3d-04,central_cluster,3,4,43,30040043,SC-RRT-no-ADCS,1,5000,5000,3838,3840,10379,370,4255,646,162.0,0.015800721012055874,130.0,2560.944934126125,0.9130491480153106,0.930695507035125,2515.130178303329,0.9296809407278261,1,,4.0,4.0,0.0,0.0,0,0.0
evaluation-3d-04,central_cluster,3,4,43,30040043,SC-RRT-no-SSFOR,1,5000,5000,3628,3630,9190,442,4008,584,162.0,0.0159811939811334,130.0,2560.944934126125,0.9130491480153106,0.8182832070160657,2539.641135535568,0.9207082675973755,1,,1.5,1.5,0.8,0.8,0,0.0
evaluation-3d-04,central_cluster,3,4,44,30040044,SC-RRT-no-ADCS,1,5000,5000,3816,3818,10742,477,4573,789,290.0,0.0250307850074023,190.0,2584.4788272519727,0.9047350535675391,0.9028871830087155,2538.5300532466667,0.9211112498855166,1,,4.0,4.0,0.0,0.0,0,0.0
evaluation-3d-04,central_cluster,3,4,44,30040044,SC-RRT-no-SSFOR,1,5000,5000,3580,3582,8935,516,3889,504,290.0,0.0252123280079104,190.0,2584.4788272519727,0.9047350535675391,0.795611932000611,2554.7913711775136,0.9152483512343581,1,,1.5,1.5,0.8,0.8,0,0.0
evaluation-3d-04,central_cluster,3,4,44,30040044,SC-RRT,1,5000,5000,3290,3292,9227,589,4167,823,290.0,0.02442043402697891,190.0,2584.4788272519727,0.9047350535675391,0.8185140889836475,2524.104492124733,0.9263755115976532,1,,1.3678278828431507,1.3678278828431507,0.8912087302919899,0.8912087302919899,99,0.011851990952241594
evaluation-3d-04,central_cluster,3,4,45,30040045,SC-RRT-no-SSFOR,1,5000,5000,3664,3666,8944,448,3800,454,144.0,0.014240323973353952,124.0,2561.647658610737,0.9127986756328939,0.8209053119644523,2561.647658610737,0.9127986756328939,1,,1.5,1.5,0.8,0.8,0,0.0
evaluation-3d-04,central_cluster,3,4,45,30040045,SC-RRT,1,5000,5000,3548,3550,9349,404,3943,627,144.0,0.01418539701262489,124.0,2561.647658610737,0.9127986756328939,0.8338285830104724,2556.6226478472427,0.9145927703436721,1,,1.437461253718043,1.437461253718043,0.8424838857703955,0.8424838857703955,99,0.0028625448595663103
evaluation-3d-04,central_cluster,3,4,45,30040045,SC-RRT-no-ADCS,1,5000,5000,3913,3915,10866,331,4656,817,144.0,0.014430715003982186,124.0,2561.647658610737,0.9127986756328939,0.9589436979731545,2560.324338019527,0.9132704616738876,1,,4.0,4.0,0.0,0.0,0,0.0
evaluation-3d-04,central_cluster,3,4,46,30040046,SC-RRT,1,5000,5000,3491,3493,9431,398,4041,603,136.0,0.01306422200286761,114.0,2553.0474895582315,0.9158735196980563,0.8279848889796995,2547.434377677858,0.91789158955665,1,,1.4375788518842518,1.4375788518842518,0.8424026689654692,0.8424026689654692,98,0.0030355375639496635
evaluation-3d-04,central_cluster,3,4,46,30040046,SC-RRT-no-ADCS,1,5000,5000,3857,3859,10997,377,4725,867,136.0,0.013232162978965789,114.0,2553.0474895582315,0.9158735196980563,0.9873712349799462,2526.8262788991865,0.9253776604051516,1,,4.0,4.0,0.0,0.0,0,0.0
evaluation-3d-04,central_cluster,3,4,46,30040046,SC-RRT-no-SSFOR,1,5000,5000,3515,3517,8588,415,3728,501,136.0,0.013287788024172187,114.0,2553.0474895582315,0.9158735196980563,0.7871349609922618,2541.4245627891073,0.9200621668863671,1,,1.5,1.5,0.8,0.8,0,0.0
evaluation-3d-04,central_cluster,3,4,47,30040047,SC-RRT-no-ADCS,1,5000,5000,3910,3912,11010,346,4797,810,157.0,0.015677295974455774,141.0,2590.6049815978336,0.9025955739403337,0.9462424789671786,2557.6205769530825,0.9142359157133407,1,,4.0,4.0,0.0,0.0,0,0.0
evaluation-3d-04,central_cluster,3,4,47,30040047,SC-RRT-no-SSFOR,1,5000,5000,3462,3464,8638,552,3649,429,157.0,0.01674132701009512,141.0,2590.6049815978336,0.9025955739403337,0.8126160230021924,2557.8051315449725,0.9141699503924354,1,,1.5,1.5,0.8,0.8,0,0.0
evaluation-3d-04,central_cluster,3,4,47,30040047,SC-RRT,1,5000,5000,3429,3431,9675,460,4408,863,157.0,0.015437617024872452,141.0,2590.6049815978336,0.9025955739403337,0.8987017360050231,2517.3561497507685,0.928858870624836,1,,1.3621910991531894,1.3621910991531894,0.8951947100621921,0.8951947100621921,99,0.01625665903086314
evaluation-3d-04,central_cluster,3,4,48,30040048,SC-RRT-no-SSFOR,1,5000,5000,3592,3594,8864,457,3674,442,195.0,0.017723024997394532,147.0,2693.9483802430823,0.867970822071578,0.8408201319980435,2659.5363911642035,0.8792015773825959,1,,1.5,1.5,0.8,0.8,0,0.0
evaluation-3d-04,central_cluster,3,4,48,30040048,SC-RRT,1,5000,5000,3434,3436,9603,370,4535,975,195.0,0.017321023042313755,147.0,2693.9483802430823,0.867970822071578,0.8940427070483565,2557.2225755694562,0.9143782056973613,1,,1.2849402392967046,1.2849402392967046,0.9499937165375076,0.9499937165375076,99,0.024884306413111016
evaluation-3d-04,central_cluster,3,4,48,30040048,SC-RRT-no-ADCS,1,5000,5000,3841,3843,10746,390,4649,831,195.0,0.018637411994859576,147.0,2693.9483802430823,0.867970822071578,0.9345996290212497,2605.1420258751614,0.8975589687600526,1,,4.0,4.0,0.0,0.0,0,0.0
evaluation-3d-04,central_cluster,3,4,49,30040049,SC-RRT,1,5000,5000,3506,3508,9107,380,3859,582,159.0,0.016237366013228893,141.0,2685.3549422303113,0.8707484263796964,0.8501255569863133,2611.3256447158146,0.8954335492203437,1,,1.337661624332635,1.337661624332635,0.9125795561354263,0.9125795561354263,99,0.021678203441156802
evaluation-3d-04,central_cluster,3,4,49,30040049,SC-RRT-no-ADCS,1,5000,5000,3916,3918,10636,322,4464,733,159.0,0.015641440986655653,141.0,2685.3549422303113,0.8707484263796964,0.9707682699663565,2618.0841415465416,0.8931220173988502,1,,4.0,4.0,0.0,0.0,0,0.0
evaluation-3d-04,central_cluster,3,4,49,30040049,SC-RRT-no-SSFOR,1,5000,5000,3589,3591,8640,447,3567,355,159.0,0.01589458202943206,141.0,2685.3549422303113,0.8707484263796964,0.8037834480055608,2652.7490476632297,0.8814511090967059,1,,1.5,1.5,0.8,0.8,0,0.0
evaluation-3d-05,slab_clutter,3,5,0,30050000,SC-RRT-no-ADCS,1,5000,5000,3998,4000,11415,232,5123,1057,148.0,0.014664585993159562,134.0,2621.927659783735,0.8918127780881842,1.0489458609954454,2580.259982265692,0.906214337426875,1,,4.0,4.0,0.0,0.0,0,0.0
evaluation-3d-05,slab_clutter,3,5,0,30050000,SC-RRT-no-SSFOR,1,5000,5000,3576,3578,8892,288,3880,532,148.0,0.015600357961375266,134.0,2621.927659783735,0.8918127780881842,0.8475699459668249,2593.9704475748163,0.9014245294907289,1,,1.5,1.5,0.8,0.8,0,0.0
evaluation-3d-05,slab_clutter,3,5,0,30050000,SC-RRT,1,5000,5000,3595,3597,10231,215,4948,1118,148.0,0.014962835004553199,134.0,2621.927659783735,0.8918127780881842,0.9889640559558757,2565.0015940009052,0.9116051216836628,1,,1.3240429998408925,1.3240429998408925,0.9222479680661887,0.9222479680661887,99,0.0209187215899167
evaluation-3d-05,slab_clutter,3,5,1,30050001,SC-RRT-no-SSFOR,1,5000,5000,3693,3695,9228,327,3963,576,157.0,0.016314270964358002,145.0,2761.0457844183247,0.8468778762792563,0.9630067200050689,2684.1067791121586,0.8711533417427716,1,,1.5,1.5,0.8,0.8,0,0.0
evaluation-3d-05,slab_clutter,3,5,1,30050001,SC-RRT,1,5000,5000,3576,3578,10140,243,4870,1035,157.0,0.017314614029601216,145.0,2761.0457844183247,0.8468778762792563,1.0101236610207707,2701.8689214867723,0.8654263615909584,1,,1.3566672930246848,1.3566672930246848,0.8991046193792358,0.8991046193792358,99,0.011470867873284597
evaluation-3d-05,slab_clutter,3,5,1,30050001,SC-RRT-no-ADCS,1,5000,5000,3907,3909,10845,270,4708,733,157.0,0.01716809195932001,145.0,2761.0457844183247,0.8468778762792563,0.9865154349827208,2723.0421212444885,0.8586971798839987,1,,4.0,4.0,0.0,0.0,0,0.0
evaluation-3d-05,slab_clutter,3,5,2,30050002,SC-RRT,1,5000,5000,3497,3499,9821,310,4646,941,188.0,0.017971823050174862,154.0,2729.4206841562427,0.8566904339045935,0.899099036003463,2628.3472046975844,0.8896345909090133,1,,1.3814530975000918,1.3814530975000918,0.8815931283646787,0.8815931283646787,99,0.003371928554427152
evaluation-3d-05,slab_clutter,3,5,2,30050002,SC-RRT-no-ADCS,1,5000,5000,3950,3952,11098,296,4851,800,188.0,0.01939665200188756,154.0,2729.4206841562427,0.8566904339045935,0.998676740040537,2621.0870433440914,0.8920987939548639,1,,4.0,4.0,0.0,0.0,0,0.0
evaluation-3d-05,slab_clutter,3,5,2,30050002,SC-RRT-no-SSFOR,1,5000,5000,3782,3784,9459,344,4037,493,188.0,0.018132854951545596,154.0,2729.4206841562427,0.8566904339045935,0.8985292639699765,2725.2777084587096,0.8579927773820893,1,,1.5,1.5,0.8,0.8,0,0.0
evaluation-3d-05,slab_clutter,3,5,3,30050003,SC-RRT-no-ADCS,1,5000,5000,3886,3888,10741,307,4570,713,171.0,0.017209708981681615,135.0,2576.5786098286812,0.9075091213201749,0.9657301949919201,2528.665047706136,0.9247047537352292,1,,4.0,4.0,0.0,0.0,0,0.0
evaluation-3d-05,slab_clutter,3,5,3,30050003,SC-RRT-no-SSFOR,1,5000,5000,3658,3660,8921,338,3760,446,171.0,0.01627903204644099,135.0,2576.5786098286812,0.9075091213201749,0.8445411210414022,2544.6826549725283,0.918884162490284,1,,1.5,1.5,0.8,0.8,0,0.0
evaluation-3d-05,slab_clutter,3,5,3,30050003,SC-RRT,1,5000,5000,3503,3505,9682,288,4501,936,171.0,0.01607870199950412,135.0,2576.5786098286812,0.9075091213201749,0.9099151319824159,2512.773103846498,0.9305530159641607,1,,1.4065636041009277,1.4065636041009277,0.8639631500490664,0.8639631500490664,99,0.007237138100993159
evaluation-3d-05,slab_clutter,3,5,4,30050004,SC-RRT-no-SSFOR,1,5000,5000,3676,3678,9071,430,3878,461,220.0,0.019611790019553155,155.0,2580.536242867469,0.9061173221964598,0.847997798002325,2568.771397299638,0.9102672945813844,1,,1.5,1.5,0.8,0.8,0,0.0
evaluation-3d-05,slab_clutter,3,5,4,30050004,SC-RRT,1,5000,5000,3558,3560,9383,336,4053,710,220.0,0.019523534981999546,155.0,2580.536242867469,0.9061173221964598,0.8626794259762391,2555.2790974085588,0.9150736577422575,1,,1.3876736163296193,1.3876736163296193,0.8772136927271164,0.8772136927271164,99,0.006084826649759628
evaluation-3d-05,slab_clutter,3,5,4,30050004,SC-RRT-no-ADCS,1,5000,5000,3961,3963,10989,321,4687,945,220.0,0.019536955980584025,155.0,2580.536242867469,0.9061173221964598,0.9362116840202361,2556.400297156695,0.9146723198313959,1,,4.0,4.0,0.0,0.0,0,0.0
evaluation-3d-05,slab_clutter,3,5,5,30050005,SC-RRT,1,5000,5000,3622,3624,9354,248,3968,525,166.0,0.0166043330100365,154.0,2593.017107700659,0.9017559441755587,0.8875893069780432,2549.0184486596595,0.9173211717818311,1,,1.3885299159740234,1.3885299159740234,0.8766114042795913,0.8766114042795913,99,0.006096565548931034
evaluation-3d-05,slab_clutter,3,5,5,30050005,SC-RRT-no-ADCS,1,5000,5000,3985,3987,10638,261,4322,531,166.0,0.016596165020018816,154.0,2593.017107700659,0.9017559441755587,0.9660982739878818,2554.7493740758828,0.9152633968503446,1,,4.0,4.0,0.0,0.0,0,0.0
evaluation-3d-05,slab_clutter,3,5,5,30050005,SC-RRT-no-SSFOR,1,5000,5000,3639,3641,9353,323,4321,786,166.0,0.016693377983756363,154.0,2593.017107700659,0.9017559441755587,0.8536265229922719,2555.1451220718636,0.9151216383052156,1,,1.5,1.5,0.8,0.8,0,0.0
evaluation-3d-05,slab_clutter,3,5,6,30050006,SC-RRT-no-ADCS,1,5000,5000,3941,3943,10414,235,4232,586,134.0,0.013011353963520378,120.0,2471.2146930741947,0.9462021235027438,0.8860419410048053,2471.2146930741947,0.9462021235027438,1,,4.0,4.0,0.0,0.0,0,0.0
evaluation-3d-05,slab_clutter,3,5,6,30050006,SC-RRT-no-SSFOR,1,5000,5000,3639,3641,8915,290,3867,460,134.0,0.013068931992165744,120.0,2471.2146930741947,0.9462021235027438,0.8045056429691613,2469.549736787915,0.9468400475543022,1,,1.5,1.5,0.8,0.8,0,0.0
evaluation-3d-05,slab_clutter,3,5,6,30050006,SC-RRT,1,5000,5000,3600,3602,9475,275,4073,700,134.0,0.013000420003663749,120.0,2471.2146930741947,0.9462021235027438,0.8339141960022971,2467.860164237975,0.9474882832107281,1,,1.4422693724360545,1.4422693724360545,0.8391668740919401,0.8391668740919401,99,0.0025173046846902825
evaluation-3d-05,slab_clutter,3,5,7,30050007,SC-RRT-no-SSFOR,1,5000,5000,3575,3577,8852,342,3867,484,209.0,0.019183149037417024,166.0,2586.1187208900737,0.9041613485606778,0.8015692600165494,2568.639822980801,0.9103139215152865,1,,1.5,1.5,0.8,0.8,0,0.0
evaluation-3d-05,slab_clutter,3,5,7,30050007,SC-RRT,1,5000,5000,3607,3609,10288,290,4877,1094,209.0,0.019154554000124335,166.0,2586.1187208900737,0.9041613485606778,0.9459098630468361,2524.7008871864928,0.9261566794249962,1,,1.3406162968705337,1.3406162968705337,0.9104829453745562,0.9104829453745562,99,0.014737854742758094
evaluation-3d-05,slab_clutter,3,5,7,30050007,SC-RRT-no-ADCS,1,5000,5000,3962,3964,11003,261,4779,836,209.0,0.019277103012427688,166.0,2586.1187208900737,0.9041613485606778,0.9578238059766591,2553.2246118129774,0.9158099837356813,1,,4.0,4.0,0.0,0.0,0,0.0
evaluation-3d-05,slab_clutter,3,5,8,30050008,SC-RRT,1,5000,5000,3632,3634,9455,246,4047,533,156.0,0.015738009999040514,136.0,2649.106987398804,0.8826629507002145,0.848557302961126,2582.895279710882,0.905289737677526,1,,1.3923605307278073,1.3923605307278073,0.8739188798708921,0.8739188798708921,99,0.009769505342392376
evaluation-3d-05,slab_clutter,3,5,8,30050008,SC-RRT-no-ADCS,1,5000,5000,4012,4014,11266,236,4901,802,156.0,0.015591124014463276,136.0,2649.106987398804,0.8826629507002145,0.9647109839715995,2608.483837586613,0.8964090773824255,1,,4.0,4.0,0.0,0.0,0,0.0
evaluation-3d-05,slab_clutter,3,5,8,30050008,SC-RRT-no-SSFOR,1,5000,5000,3628,3630,8700,269,3719,417,156.0,0.01547899201977998,136.0,2649.106987398804,0.8826629507002145,0.796614466002211,2610.1967276801033,0.8958208266149333,1,,1.5,1.5,0.8,0.8,0,0.0
evaluation-3d-05,slab_clutter,3,5,9,30050009,SC-RRT-no-ADCS,1,5000,5000,3910,3912,10665,343,4480,769,278.0,0.023885234957560897,194.0,2658.2653492265285,0.8796219650902596,0.9037424469715916,2581.349197579417,0.9058319550143102,1,,4.0,4.0,0.0,0.0,0,0.0
evaluation-3d-05,slab_clutter,3,5,9,30050009,SC-RRT-no-SSFOR,1,5000,5000,3669,3671,8981,411,3740,413,278.0,0.02383625297807157,194.0,2658.2653492265285,0.8796219650902596,0.8043303900049068,2577.4555752487904,0.9072003462144178,1,,1.5,1.5,0.8,0.8,0,0.0
evaluation-3d-05,slab_clutter,3,5,9,30050009,SC-RRT,1,5000,5000,3533,3535,9251,365,3944,568,278.0,0.02400300302542746,194.0,2658.2653492265285,0.8796219650902596,0.8035608080099337,2556.0466473256593,0.9147988721819565,1,,1.3467595054965342,1.3467595054965342,0.9061255811988838,0.9061255811988838,98,0.016374107263140106
evaluation-3d-05,slab_clutter,3,5,10,30050010,SC-RRT-no-SSFOR,1,5000,5000,3667,3669,8941,279,3889,488,126.0,0.011793345038313419,117.0,2537.854125368622,0.9213565771351621,0.8148300100001507,2524.6883654049066,0.9261612729153507,1,,1.5,1.5,0.8,0.8,0,0.0
evaluation-3d-05,slab_clutter,3,5,10,30050010,SC-RRT,1,5000,5000,3539,3541,9895,315,4566,951,126.0,0.012450475012883544,117.0,2537.854125368622,0.9213565771351621,0.8781045749783516,2470.5433622093947,0.9464592388805037,1,,1.3787390235333614,1.3787390235333614,0.8835061050356734,0.8835061050356734,99,0.015392581943143578
evaluation-3d-05,slab_clutter,3,5,10,30050010,SC-RRT-no-ADCS,1,5000,5000,3924,3926,10909,256,4761,826,126.0,0.012498272000811994,117.0,2537.854125368622,0.9213565771351621,0.9095551200443879,2507.502241495458,0.9325090727829045,1,,4.0,4.0,0.0,0.0,0,0.0
evaluation-3d-05,slab_clutter,3,5,11,30050011,SC-RRT,1,5000,5000,3574,3576,9923,308,4514,870,125.0,0.012182323029264808,110.0,2497.410418845144,0.9362772624690378,0.8821052030543797,2479.45117466496,0.9430589374416484,1,,1.4280198600946918,1.4280198600946918,0.8490183828282016,0.8490183828282016,99,0.005228965640555344
evaluation-3d-05,slab_clutter,3,5,11,30050011,SC-RRT-no-ADCS,1,5000,5000,3956,3958,10843,260,4588,875,125.0,0.012113425007555634,110.0,2497.410418845144,0.9362772624690378,0.9339402209734544,2486.8440509497086,0.9402554170314843,1,,4.0,4.0,0.0,0.0,0,0.0
evaluation-3d-05,slab_clutter,3,5,11,30050011,SC-RRT-no-SSFOR,1,5000,5000,3664,3666,9061,325,3917,526,125.0,0.012031090969685465,110.0,2497.410418845144,0.9362772624690378,0.7961423330125399,2472.058419067746,0.9458791799506842,1,,1.5,1.5,0.8,0.8,0,0.0
evaluation-3d-05,slab_clutter,3,5,12,30050012,SC-RRT-no-ADCS,1,5000,5000,3993,3995,11362,228,5136,1119,180.0,0.016971823992207646,153.0,2730.127948651656,0.8564685004498775,0.9849805789999664,2563.906273168545,0.9119945665284748,1,,4.0,4.0,0.0,0.0,0,0.0
evaluation-3d-05,slab_clutter,3,5,12,30050012,SC-RRT-no-SSFOR,1,5000,5000,3693,3695,9190,380,3859,455,180.0,0.01682648796122521,153.0,2730.127948651656,0.8564685004498775,0.8303248269949108,2657.5125803553783,0.8798711274229593,1,,1.5,1.5,0.8,0.8,0,0.0
evaluation-3d-05,slab_clutter,3,5,12,30050012,SC-RRT,1,5000,5000,3549,3551,10438,280,5248,1392,180.0,0.01700636703753844,153.0,2730.127948651656,0.8564685004498775,1.0033296900219284,2458.338383140697,0.9511581506654445,1,,1.2865973847334933,1.2865973847334933,0.948819960652105,0.948819960652105,98,0.04791617809209993
evaluation-3d-05,slab_clutter,3,5,13,30050013,SC-RRT-no-SSFOR,1,5000,5000,3465,3467,8700,277,3922,632,215.0,0.0196363219874911,166.0,2822.8617568840277,0.8283326608239738,0.7989934519864619,2706.8230024083327,0.8638424411709092,1,,1.5,1.5,0.8,0.8,0,0.0
evaluation-3d-05,slab_clutter,3,5,13,30050013,SC-RRT,1,5000,5000,3544,3546,10097,332,4882,956,215.0,0.01969689701218158,166.0,2822.8617568840277,0.8283326608239738,0.95227191405138,2719.627155042879,0.8597754239518607,1,,1.3016801064298615,1.3016801064298615,0.9381254187509409,0.9381254187509409,99,0.02401072996740996
evaluation-3d-05,slab_clutter,3,5,13,30050013,SC-RRT-no-ADCS,1,5000,5000,4004,4006,11143,324,4759,732,215.0,0.019647052977234125,166.0,2822.8617568840277,0.8283326608239738,0.9315383029752411,2762.754093408536,0.8463542216068732,1,,4.0,4.0,0.0,0.0,0,0.0
evaluation-3d-05,slab_clutter,3,5,14,30050014,SC-RRT,1,5000,5000,3571,3573,9309,306,3987,577,162.0,0.01564966101432219,144.0,2738.6724660945783,0.8537963627145304,0.830964072025381,2690.5912959364678,0.8690538000882603,1,,1.3597736105923885,1.3597736105923885,0.89690544139543,0.89690544139543,99,0.011200964450060434
evaluation-3d-05,slab_clutter,3,5,14,30050014,SC-RRT-no-ADCS,1,5000,5000,3903,3905,10696,317,4555,718,162.0,0.015738198009785265,144.0,2738.6724660945783,0.8537963627145304,0.9103588980506174,2710.0860307281696,0.8628023478611554,1,,4.0,4.0,0.0,0.0,0,0.0
evaluation-3d-05,slab_clutter,3,5,14,30050014,SC-RRT-no-SSFOR,1,5000,5000,3716,3718,9145,336,3821,404,162.0,0.015702245000284165,144.0,2738.6724660945783,0.8537963627145304,0.835126883990597,2725.876358164684,0.8578043472934063,1,,1.5,1.5,0.8,0.8,0,0.0
evaluation-3d-05,slab_clutter,3,5,15,30050015,SC-RRT-no-ADCS,1,5000,5000,3848,3850,10597,338,4520,742,176.0,0.01582804200006649,136.0,2688.2777935584954,0.8698016982548514,0.9035378600237891,2570.3845238494896,0.909696027392866,1,,4.0,4.0,0.0,0.0,0,0.0
evaluation-3d-05,slab_clutter,3,5,15,30050015,SC-RRT-no-SSFOR,1,5000,5000,3685,3687,9112,329,3828,448,176.0,0.01568991201929748,136.0,2688.2777935584954,0.8698016982548514,0.8123883100342937,2624.8541958232177,0.8908184667699787,1,,1.5,1.5,0.8,0.8,0,0.0
evaluation-3d-05,slab_clutter,3,5,15,30050015,SC-RRT,1,5000,5000,3479,3481,9348,351,4127,742,176.0,0.0158606439945288,136.0,2688.2777935584954,0.8698016982548514,0.842340242001228,2510.4733241081935,0.9314054715353798,1,,1.3435990124066006,1.3435990124066006,0.9083669799951989,0.9083669799951989,98,0.02361033149350391
evaluation-3d-05,slab_clutter,3,5,16,30050016,SC-RRT-no-SSFOR,1,5000,5000,3620,3622,8954,436,3766,403,165.0,0.015680175041779876,136.0,2600.4299980949045,0.8991853623943034,0.8031833730055951,2592.525379427955,0.9019269816112376,1,,1.5,1.5,0.8,0.8,0,0.0
evaluation-3d-05,slab_clutter,3,5,16,30050016,SC-RRT,1,5000,5000,3581,3583,9810,289,4398,753,165.0,0.015679478994570673,136.0,2600.4299980949045,0.8991853623943034,0.8432965370011516,2565.3940782852146,0.911465653565768,1,,1.425902127455362,1.425902127455362,0.8504877732118485,0.8504877732118485,99,0.0021375571922851015
evaluation-3d-05,slab_clutter,3,5,16,30050016,SC-RRT-no-ADCS,1,5000,5000,3908,3910,10893,287,4707,672,165.0,0.01572224998380989,136.0,2600.4299980949045,0.8991853623943034,0.9046031959587708,2552.287536037873,0.9161462245934374,1,,4.0,4.0,0.0,0.0,0,0.0
evaluation-3d-05,slab_clutter,3,5,17,30050017,SC-RRT,1,5000,5000,3607,3609,9641,319,4138,550,150.0,0.014293326996266842,129.0,2526.378733836313,0.9255415899845376,0.8585564870154485,2520.9952513490334,0.9275180462822099,1,,1.4407054961939374,1.4407054961939374,0.8402449366293946,0.8402449366293946,99,0.0024320122820164726
evaluation-3d-05,slab_clutter,3,5,17,30050017,SC-RRT-no-ADCS,1,5000,5000,3968,3970,10760,261,4447,605,150.0,0.014374087972100824,129.0,2526.378733836313,0.9255415899845376,0.9198236130177975,2522.5987541853633,0.9269284646789157,1,,4.0,4.0,0.0,0.0,0,0.0
evaluation-3d-05,slab_clutter,3,5,17,30050017,SC-RRT-no-SSFOR,1,5000,5000,3650,3652,8923,331,3816,474,150.0,0.014344253984745592,129.0,2526.378733836313,0.9255415899845376,0.8314084709854797,2498.857091484864,0.9357352199875282,1,,1.5,1.5,0.8,0.8,0,0.0
evaluation-3d-05,slab_clutter,3,5,18,30050018,SC-RRT-no-ADCS,1,5000,5000,3936,3938,10652,270,4476,725,194.0,0.017325218010228127,149.0,2627.9101057850216,0.8897825633649237,0.8886784600326791,2588.4675649944784,0.9033408885782087,1,,4.0,4.0,0.0,0.0,0,0.0
evaluation-3d-05,slab_clutter,3,5,18,30050018,SC-RRT-no-SSFOR,1,5000,5000,3671,3673,9016,373,3784,425,194.0,0.017373424023389816,149.0,2627.9101057850216,0.8897825633649237,0.8399800470215268,2590.4477166023844,0.9026503701394303,1,,1.5,1.5,0.8,0.8,0,0.0
evaluation-3d-05,slab_clutter,3,5,18,30050018,SC-RRT,1,5000,5000,3543,3545,9744,298,4473,864,194.0,0.017417036986444145,149.0,2627.9101057850216,0.8897825633649237,0.8730498540098779,2525.4792255428156,0.9258712431955985,1,,1.3276943439945366,1.3276943439945366,0.9196552000524028,0.9196552000524028,98,0.017903135223167787
evaluation-3d-05,slab_clutter,3,5,19,30050019,SC-RRT-no-SSFOR,1,5000,5000,3662,3664,9005,281,3911,445,151.0,0.014903541945386678,140.0,2598.1311802177165,0.899980958629673,0.8158740339567885,2577.5254143148454,0.9071757652638082,1,,1.5,1.5,0.8,0.8,0,0.0
evaluation-3d-05,slab_clutter,3,5,19,30050019,SC-RRT,1,5000,5000,3606,3608,9464,303,4066,656,151.0,0.015032473020255566,140.0,2598.1311802177165,0.899980958629673,0.8052224610000849,2594.6908274125994,0.9011742615013917,1,,1.4410154808815188,1.4410154808815188,0.8400311844543491,0.8400311844543491,99,0.0017776207361218212
evaluation-3d-05,slab_clutter,3,5,19,30050019,SC-RRT-no-ADCS,1,5000,5000,3951,3953,10971,315,4697,810,151.0,0.01499970501754433,140.0,2598.1311802177165,0.899980958629673,0.9000130940112285,2590.9309344100584,0.9024820226442647,1,,4.0,4.0,0.0,0.0,0,0.0
evaluation-3d-05,slab_clutter,3,5,20,30050020,SC-RRT,1,5000,5000,3601,3603,9921,304,4529,770,139.0,0.01345876301638782,125.0,2533.6885191394863,0.9228713681870129,0.8751183429849334,2491.8459413973465,0.9383680392804536,1,,1.4096762082118341,1.4096762082118341,0.8617876394996107,0.8617876394996107,99,0.005861345215769613
evaluation-3d-05,slab_clutter,3,5,20,30050020,SC-RRT-no-ADCS,1,5000,5000,3965,3967,11449,281,5181,967,139.0,0.013391664018854499,125.0,2533.6885191394863,0.9228713681870129,0.9646961600519717,2506.715541377194,0.9328017286450202,1,,4.0,4.0,0.0,0.0,0,0.0
evaluation-3d-05,slab_clutter,3,5,20,30050020,SC-RRT-no-SSFOR,1,5000,5000,3660,3662,8880,404,3738,378,139.0,0.013351658009923995,125.0,2533.6885191394863,0.9228713681870129,0.7956234230077825,2533.075832854916,0.9230945871772922,1,,1.5,1.5,0.8,0.8,0,0.0
evaluation-3d-05,slab_clutter,3,5,21,30050021,SC-RRT-no-ADCS,1,5000,5000,3983,3985,10706,297,4432,657,213.0,0.01951271400321275,174.0,2692.463403988351,0.8684495346359408,0.9000905380235054,2620.4155835604174,0.8923273868799567,1,,4.0,4.0,0.0,0.0,0,0.0
evaluation-3d-05,slab_clutter,3,5,21,30050021,SC-RRT-no-SSFOR,1,5000,5000,3698,3700,9284,324,4100,582,213.0,0.019400082004722208,174.0,2692.463403988351,0.8684495346359408,0.8339991479879245,2636.0515623355404,0.8870344661036446,1,,1.5,1.5,0.8,0.8,0,0.0
evaluation-3d-05,slab_clutter,3,5,21,30050021,SC-RRT,1,5000,5000,3539,3541,9646,319,4456,855,213.0,0.019515899010002613,174.0,2692.463403988351,0.8684495346359408,0.8658908369834535,2587.78850048759,0.9035779352823495,1,,1.2925231776776163,1.2925231776776163,0.9446204667241915,0.9446204667241915,99,0.026694458897416815
evaluation-3d-05,slab_clutter,3,5,22,30050022,SC-RRT-no-SSFOR,1,5000,5000,3671,3673,8923,367,3683,423,184.0,0.016510050976648927,144.0,2718.366108861316,0.8601742725513344,0.8115809020237066,2713.2996499610504,0.8617804488536864,1,,1.5,1.5,0.8,0.8,0,0.0
evaluation-3d-05,slab_clutter,3,5,22,30050022,SC-RRT,1,5000,5000,3564,3566,10036,274,4757,1019,184.0,0.016401878965552896,144.0,2718.366108861316,0.8601742725513344,0.9248871780000627,2636.0321312464307,0.8870410047362924,1,,1.2934132257547044,1.2934132257547044,0.9439894297086129,0.9439894297086129,99,0.027774950365982706
evaluation-3d-05,slab_clutter,3,5,22,30050022,SC-RRT-no-ADCS,1,5000,5000,3921,3923,10590,281,4450,705,184.0,0.01637481403304264,144.0,2718.366108861316,0.8601742725513344,0.8949571340344846,2661.1017716506785,0.8786843912277578,1,,4.0,4.0,0.0,0.0,0,0.0
evaluation-3d-05,slab_clutter,3,5,23,30050023,SC-RRT,1,5000,5000,3659,3661,10032,277,4458,844,166.0,0.015638485027011484,143.0,2671.6104531129786,0.8752281184906346,0.9467959000030532,2490.1273521132966,0.9390156644934508,1,,1.2809642402341475,1.2809642402341475,0.95,0.95,99,0.03418097940191778
evaluation-3d-05,slab_clutter,3,5,23,30050023,SC-RRT-no-ADCS,1,5000,5000,3983,3985,10774,254,4446,686,166.0,0.015915603027679026,143.0,2671.6104531129786,0.8752281184906346,0.9404954400379211,2582.7571015279227,0.905338170916149,1,,4.0,4.0,0.0,0.0,0,0.0
evaluation-3d-05,slab_clutter,3,5,23,30050023,SC-RRT-no-SSFOR,1,5000,5000,3498,3500,9167,327,4364,902,166.0,0.0158812070148997,143.0,2671.6104531129786,0.8752281184906346,0.8465076920110732,2577.4925631923275,0.9071873275637875,1,,1.5,1.5,0.8,0.8,0,0.0
evaluation-3d-05,slab_clutter,3,5,24,30050024,SC-RRT-no-ADCS,1,5000,5000,3911,3913,10839,316,4710,997,194.0,0.01784296502592042,152.0,2647.6576471095977,0.8831461245643415,0.9264475530362688,2608.637620518493,0.8963562327807071,1,,4.0,4.0,0.0,0.0,0,0.0
evaluation-3d-05,slab_clutter,3,5,24,30050024,SC-RRT-no-SSFOR,1,5000,5000,3768,3770,9275,294,3945,524,194.0,0.017888429982122034,152.0,2647.6576471095977,0.8831461245643415,0.8674088629777543,2606.3267720802105,0.8971509694280282,1,,1.5,1.5,0.8,0.8,0,0.0
evaluation-3d-05,slab_clutter,3,5,24,30050024,SC-RRT,1,5000,5000,3576,3578,9422,338,4066,685,194.0,0.017716207017656416,152.0,2647.6576471095977,0.8831461245643415,0.8437544319895096,2603.055335144272,0.8982784801570067,1,,1.4045134807617283,1.4045134807617283,0.8653973441950199,0.8653973441950199,99,0.005813753294002766
evaluation-3d-05,slab_clutter,3,5,25,30050025,SC-RRT-no-SSFOR,1,5000,5000,3676,3678,9096,355,3887,486,157.0,0.015842109045479447,148.0,2611.0027368405035,0.8955442892593262,0.8248818680294789,2602.8998010695805,0.8983321560273452,1,,1.5,1.5,0.8,0.8,0,0.0
evaluation-3d-05,slab_clutter,3,5,25,30050025,SC-RRT,1,5000,5000,3528,3530,9450,299,4189,779,157.0,0.015722954005468637,148.0,2611.0027368405035,0.8955442892593262,0.8915940229780972,2518.609561923951,0.9283966143731285,1,,1.3232454128612896,1.3232454128612896,0.9228143494058971,0.9228143494058971,99,0.028863514117922522
evaluation-3d-05,slab_clutter,3,5,25,30050025,SC-RRT-no-ADCS,1,5000,5000,3917,3919,10589,273,4437,726,157.0,0.015642917016521096,148.0,2611.0027368405035,0.8955442892593262,0.9026944820070639,2588.7131963587926,0.9032551746199322,1,,4.0,4.0,0.0,0.0,0,0.0
evaluation-3d-05,slab_clutter,3,5,26,30050026,SC-RRT,1,5000,5000,3557,3559,9720,239,4489,896,131.0,0.012750785972457379,122.0,2612.916010947798,0.8948885384837956,0.8372534739901312,2557.1640976874887,0.9143991159318021,1,,1.4316763563562012,1.4316763563562012,0.8464844493543809,0.8464844493543809,99,0.001459004917100569
evaluation-3d-05,slab_clutter,3,5,26,30050026,SC-RRT-no-ADCS,1,5000,5000,3970,3972,10874,242,4623,788,131.0,0.012813890993129462,122.0,2612.916010947798,0.8948885384837956,0.9160342919640243,2557.1640976874887,0.9143991159318021,1,,4.0,4.0,0.0,0.0,0,0.0
evaluation-3d-05,slab_clutter,3,5,26,30050026,SC-RRT-no-SSFOR,1,5000,5000,3599,3601,8764,317,3798,475,131.0,0.012833904009312391,122.0,2612.916010947798,0.8948885384837956,0.8054242479847744,2558.566843261917,0.9138977925770841,1,,1.5,1.5,0.8,0.8,0,0.0
evaluation-3d-05,slab_clutter,3,5,27,30050027,SC-RRT-no-ADCS,1,5000,5000,4026,4028,11505,226,5187,1143,186.0,0.017674422007985413,157.0,2692.469524354063,0.8684475605267794,1.011087213002611,2605.676488043252,0.8973748663533901,1,,4.0,4.0,0.0,0.0,0,0.0
evaluation-3d-05,slab_clutter,3,5,27,30050027,SC-RRT-no-SSFOR,1,5000,5000,3680,3682,9204,321,3926,474,186.0,0.017565983987879008,157.0,2692.469524354063,0.8684475605267794,0.8358184569515288,2622.0190457524923,0.8917816954860927,1,,1.5,1.5,0.8,0.8,0,0.0
evaluation-3d-05,slab_clutter,3,5,27,30050027,SC-RRT,1,5000,5000,3622,3624,9490,274,4135,714,186.0,0.01763420202769339,157.0,2692.469524354063,0.8684475605267794,0.8552711250376888,2609.1849926252894,0.8961681892341729,1,,1.3976836743097976,1.3976836743097976,0.87018231747508,0.87018231747508,99,0.00520801934977059
evaluation-3d-05,slab_clutter,3,5,28,30050028,SC-RRT-no-SSFOR,1,5000,5000,3650,3652,9018,437,3815,469,255.0,0.022747375012841076,184.0,2676.232414863407,0.8737165640889705,0.7937020690296777,2656.8579706190167,0.8800879143995775,1,,1.5,1.5,0.8,0.8,0,0.0
evaluation-3d-05,slab_clutter,3,5,28,30050028,SC-RRT,1,5000,5000,3513,3515,9469,337,4256,766,255.0,0.02275517099769786,184.0,2676.232414863407,0.8737165640889705,0.9055026169517078,2579.879092801418,0.906348129547003,1,,1.308804485710188,1.308804485710188,0.9330686223254755,0.9330686223254755,99,0.023039596492030877
evaluation-3d-05,slab_clutter,3,5,28,30050028,SC-RRT-no-ADCS,1,5000,5000,3922,3924,10761,292,4641,799,255.0,0.022678744979202747,184.0,2676.232414863407,0.8737165640889705,0.9114468839834444,2618.473860231968,0.892989090221752,1,,4.0,4.0,0.0,0.0,0,0.0
evaluation-3d-05,slab_clutter,3,5,29,30050029,SC-RRT,1,5000,5000,3627,3629,9444,284,4013,614,183.0,0.01755777798825875,162.0,2656.0849268676507,0.8803440607509223,0.8320977580151521,2613.3406762853297,0.8947431199600275,1,,1.4001035646323847,1.4001035646323847,0.8684857218729504,0.8684857218729504,98,0.006538068345294414
evaluation-3d-05,slab_clutter,3,5,29,30050029,SC-RRT-no-ADCS,1,5000,5000,3979,3981,10850,251,4629,882,183.0,0.01762728299945593,162.0,2656.0849268676507,0.8803440607509223,0.9323236020281911,2619.79364641492,0.892539224765969,1,,4.0,4.0,0.0,0.0,0,0.0
evaluation-3d-05,slab_clutter,3,5,29,30050029,SC-RRT-no-SSFOR,1,5000,5000,3725,3727,9202,301,4024,566,183.0,0.01771086797816679,162.0,2656.0849268676507,0.8803440607509223,0.8205760379787534,2593.0599984121654,0.9017410286109074,1,,1.5,1.5,0.8,0.8,0,0.0
evaluation-3d-05,slab_clutter,3,5,30,30050030,SC-RRT-no-ADCS,1,5000,5000,4008,4010,10817,183,4568,712,147.0,0.014446083048824221,138.0,2558.091441745534,0.9140676334159689,0.946057950030081,2549.4366305300123,0.9171707043888643,1,,4.0,4.0,0.0,0.0,0,0.0
evaluation-3d-05,slab_clutter,3,5,30,30050030,SC-RRT-no-SSFOR,1,5000,5000,3665,3667,9057,259,3971,522,147.0,0.014404078014194965,138.0,2558.091441745534,0.9140676334159689,0.8176780780195259,2548.920714833202,0.917356344828873,1,,1.5,1.5,0.8,0.8,0,0.0
evaluation-3d-05,slab_clutter,3,5,30,30050030,SC-RRT,1,5000,5000,3652,3654,9492,204,4063,581,147.0,0.014415704004932195,138.0,2558.091441745534,0.9140676334159689,0.8565880480455235,2549.6816085283845,0.9170825809766802,1,,1.4383189371355847,1.4383189371355847,0.8418916448914302,0.8418916448914302,99,0.0015860020663847727
evaluation-3d-05,slab_clutter,3,5,31,30050031,SC-RRT-no-SSFOR,1,5000,5000,3655,3657,9005,337,3821,435,189.0,0.017169300001114607,146.0,2663.3097713022735,0.8779559236455794,0.8171774889924563,2621.3752950621983,0.8920006969709781,1,,1.5,1.5,0.8,0.8,0,0.0
evaluation-3d-05,slab_clutter,3,5,31,30050031,SC-RRT,1,5000,5000,3513,3515,9424,367,4106,639,189.0,0.017093275964725763,146.0,2663.3097713022735,0.8779559236455794,0.8146020189742558,2631.723143528192,0.888493379696167,1,,1.4103462380244716,1.4103462380244716,0.8613196466284374,0.8613196466284374,99,0.003131735203453783
evaluation-3d-05,slab_clutter,3,5,31,30050031,SC-RRT-no-ADCS,1,5000,5000,3895,3897,11084,314,4932,946,189.0,0.017150566971395165,146.0,2663.3097713022735,0.8779559236455794,0.9511639999691397,2595.624357063477,0.9008501495429606,1,,4.0,4.0,0.0,0.0,0,0.0
evaluation-3d-05,slab_clutter,3,5,32,30050032,SC-RRT,1,5000,5000,3654,3656,9339,203,3959,552,139.0,0.013858386024367064,131.0,2609.565012272046,0.8960376841434372,0.8448100370005704,2583.5298086777266,0.9050673935961787,1,,1.4115329142016821,1.4115329142016821,0.8604910723553925,0.8604910723553925,99,0.007016940222871512
evaluation-3d-05,slab_clutter,3,5,32,30050032,SC-RRT-no-ADCS,1,5000,5000,4022,4024,10713,174,4513,701,139.0,0.013810517033562064,131.0,2609.565012272046,0.8960376841434372,0.9192525920225307,2586.2459827239904,0.904116857343623,1,,4.0,4.0,0.0,0.0,0,0.0
evaluation-3d-05,slab_clutter,3,5,32,30050032,SC-RRT-no-SSFOR,1,5000,5000,3656,3658,8927,286,3838,510,139.0,0.013870449969545007,131.0,2609.565012272046,0.8960376841434372,0.7753113659564406,2596.652441209248,0.9004934788766201,1,,1.5,1.5,0.8,0.8,0,0.0
evaluation-3d-05,slab_clutter,3,5,33,30050033,SC-RRT-no-ADCS,1,5000,5000,3944,3946,10699,287,4423,637,142.0,0.01347659103339538,126.0,2538.348487685118,0.9211771360639297,0.9216404400067404,2532.675284475657,0.923240576694015,1,,4.0,4.0,0.0,0.0,0,0.0
evaluation-3d-05,slab_clutter,3,5,33,30050033,SC-RRT-no-SSFOR,1,5000,5000,3655,3657,8755,339,3630,330,142.0,0.01353106799069792,126.0,2538.348487685118,0.9211771360639297,0.7935950640239753,2538.348487685118,0.9211771360639297,1,,1.5,1.5,0.8,0.8,0,0.0
evaluation-3d-05,slab_clutter,3,5,33,30050033,SC-RRT,1,5000,5000,3589,3591,9322,322,3866,543,142.0,0.01346050901338458,126.0,2538.348487685118,0.9211771360639297,0.8245745179592632,2537.151130218781,0.9216118670929757,1,,1.4448351971734903,1.4448351971734903,0.8373998576518875,0.8373998576518875,99,0.001370597707104478
evaluation-3d-05,slab_clutter,3,5,34,30050034,SC-RRT-no-SSFOR,1,5000,5000,3738,3740,9313,345,3863,408,200.0,0.018972490972373635,175.0,2707.943969788722,0.8634848491346073,0.843364781991113,2700.846592151279,0.8657539443421354,1,,1.5,1.5,0.8,0.8,0,0.0
evaluation-3d-05,slab_clutter,3,5,34,30050034,SC-RRT,1,5000,5000,3649,3651,9532,314,4093,558,200.0,0.019041978986933827,175.0,2707.943969788722,0.8634848491346073,0.8776134970248677,2678.9351808720653,0.8728350752618117,1,,1.4005018798304953,1.4005018798304953,0.8682065874053768,0.8682065874053768,99,0.0044631132382427115
evaluation-3d-05,slab_clutter,3,5,34,30050034,SC-RRT-no-ADCS,1,5000,5000,4015,4017,11163,253,4923,896,200.0,0.018986534036230296,175.0,2707.943969788722,0.8634848491346073,0.9903750240337104,2639.6927506644497,0.8858108920552997,1,,4.0,4.0,0.0,0.0,0,0.0
evaluation-3d-05,slab_clutter,3,5,35,30050035,SC-RRT,1,5000,5000,3465,3467,10346,301,5210,1194,163.0,0.015959658019710332,144.0,2766.122961776508,0.845323444593461,0.9048873980063945,2631.156101663997,0.8886848593814769,1,,1.3099958637160836,1.3099958637160836,0.9322227929881761,0.9322227929881761,99,0.0160865626023876
evaluation-3d-05,slab_clutter,3,5,35,30050035,SC-RRT-no-ADCS,1,5000,5000,3893,3895,11099,331,4903,988,163.0,0.015997631999198347,144.0,2766.122961776508,0.845323444593461,0.9370070520089939,2649.3319993904197,0.882587984728223,1,,4.0,4.0,0.0,0.0,0,0.0
evaluation-3d-05,slab_clutter,3,5,35,30050035,SC-RRT-no-SSFOR,1,5000,5000,3681,3683,8961,337,3752,364,163.0,0.01595177297713235,144.0,2766.122961776508,0.845323444593461,0.813874366984237,2674.881711843513,0.8741577542905488,1,,1.5,1.5,0.8,0.8,0,0.0
evaluation-3d-05,slab_clutter,3,5,36,30050036,SC-RRT-no-ADCS,1,5000,5000,3854,3856,10560,339,4512,649,175.0,0.01599974901182577,131.0,2596.063066450736,0.9006979146368731,0.8691347170388326,2553.4867412428935,0.9157159708140277,1,,4.0,4.0,0.0,0.0,0,0.0
evaluation-3d-05,slab_clutter,3,5,36,30050036,SC-RRT-no-SSFOR,1,5000,5000,3681,3683,9171,398,3827,444,175.0,0.016026919009163976,131.0,2596.063066450736,0.9006979146368731,0.8296395129873417,2568.1928516721878,0.9104723536223159,1,,1.5,1.5,0.8,0.8,0,0.0
evaluation-3d-05,slab_clutter,3,5,36,30050036,SC-RRT,1,5000,5000,3399,3401,9243,367,4234,813,175.0,0.01590827200561762,131.0,2596.063066450736,0.9006979146368731,0.8445412050350569,2498.418855974455,0.9358993527552419,1,,1.3356299748982707,1.3356299748982707,0.9140214690998816,0.9140214690998816,99,0.023575560492920745
evaluation-3d-05,slab_clutter,3,5,37,30050037,SC-RRT-no-SSFOR,1,5000,5000,3614,3616,9067,408,3923,516,144.0,0.013541673019062728,122.0,2553.5938597709837,0.9156775582267767,0.7901863430161029,2551.496781368524,0.9164301547595242,1,,1.5,1.5,0.8,0.8,0,0.0
evaluation-3d-05,slab_clutter,3,5,37,30050037,SC-RRT,1,5000,5000,3588,3590,9246,279,3891,578,144.0,0.013668403960764408,122.0,2553.5938597709837,0.9156775582267767,0.7875662869773805,2550.115521817876,0.9169265353716703,1,,1.4404522764759147,1.4404522764759147,0.8404195692564915,0.8404195692564915,99,0.0016511003222434142
evaluation-3d-05,slab_clutter,3,5,37,30050037,SC-RRT-no-ADCS,1,5000,5000,3886,3888,10346,253,4293,635,144.0,0.013587880006525666,122.0,2553.5938597709837,0.9156775582267767,0.8457090210285969,2550.115521817876,0.9169265353716703,1,,4.0,4.0,0.0,0.0,0,0.0
evaluation-3d-05,slab_clutter,3,5,38,30050038,SC-RRT,1,5000,5000,3585,3587,9746,331,4384,823,172.0,0.016783127037342638,150.0,2571.441502564767,0.909322101197241,0.9092736490420066,2532.289428724324,0.9233812548022678,1,,1.3894295966855947,1.3894295966855947,0.8759787581527168,0.8759787581527168,99,0.007590236814007503
evaluation-3d-05,slab_clutter,3,5,38,30050038,SC-RRT-no-ADCS,1,5000,5000,3900,3902,10894,316,4767,834,172.0,0.016796093026641756,150.0,2571.441502564767,0.909322101197241,0.9215040430426598,2545.1761402387856,0.9187059996557293,1,,4.0,4.0,0.0,0.0,0,0.0
evaluation-3d-05,slab_clutter,3,5,38,30050038,SC-RRT-no-SSFOR,1,5000,5000,3622,3624,8905,398,3718,369,172.0,0.016792540962342173,150.0,2571.441502564767,0.909322101197241,0.8159086700179614,2540.7401358334764,0.9203100140939552,1,,1.5,1.5,0.8,0.8,0,0.0
evaluation-3d-05,slab_clutter,3,5,39,30050039,SC-RRT-no-ADCS,1,5000,5000,3917,3919,11356,319,5116,1014,141.0,0.014324616990052164,131.0,2655.3088597112082,0.8806013589214984,0.9899394540116191,2604.4574832900144,0.8977948786724773,1,,4.0,4.0,0.0,0.0,0,0.0
evaluation-3d-05,slab_clutter,3,5,39,30050039,SC-RRT-no-SSFOR,1,5000,5000,3656,3658,9197,297,4036,593,141.0,0.014237093040719628,131.0,2655.3088597112082,0.8806013589214984,0.8414858130272478,2595.563469851467,0.9008712818537986,1,,1.5,1.5,0.8,0.8,0,0.0
evaluation-3d-05,slab_clutter,3,5,39,30050039,SC-RRT,1,5000,5000,3622,3624,9747,332,4234,685,141.0,0.014245966041926295,131.0,2655.3088597112082,0.8806013589214984,0.8629607490147464,2605.773464893527,0.8973414695177759,1,,1.4108208245214695,1.4108208245214695,0.8609882326922504,0.8609882326922504,99,0.005276349248684687
evaluation-3d-05,slab_clutter,3,5,40,30050040,SC-RRT-no-SSFOR,1,5000,5000,3588,3590,8841,345,3852,538,142.0,0.014134383003693074,134.0,2557.5496499505116,0.9142612696739747,0.7797002970473841,2542.564436615283,0.9196496877501906,1,,1.5,1.5,0.8,0.8,0,0.0
evaluation-3d-05,slab_clutter,3,5,40,30050040,SC-RRT,1,5000,5000,3618,3620,9303,267,3896,529,142.0,0.01418363198172301,134.0,2557.5496499505116,0.9142612696739747,0.8044590590288863,2556.830252819219,0.9145185088606318,1,,1.4456568892023705,1.4456568892023705,0.8368344426201515,0.8368344426201515,99,0.0013662288772613737
evaluation-3d-05,slab_clutter,3,5,40,30050040,SC-RRT-no-ADCS,1,5000,5000,3987,3989,10595,217,4380,639,142.0,0.014129452989436686,134.0,2557.5496499505116,0.9142612696739747,0.8834434559685178,2555.7456807228514,0.9149065996099591,1,,4.0,4.0,0.0,0.0,0,0.0
evaluation-3d-05,slab_clutter,3,5,41,30050041,SC-RRT,1,5000,5000,3558,3560,9733,347,4311,634,156.0,0.014536953996866941,123.0,2520.3762842917677,0.9277458309662852,0.8668423970229924,2475.2607208043873,0.9446554742961037,1,,1.3863951004530581,1.3863951004530581,0.8781132158938729,0.8781132158938729,99,0.009189441484498335
evaluation-3d-05,slab_clutter,3,5,41,30050041,SC-RRT-no-ADCS,1,5000,5000,3997,3999,11360,284,4976,823,156.0,0.014694298035465181,123.0,2520.3762842917677,0.9277458309662852,0.9524041039985605,2490.683099751447,0.9388061413558904,1,,4.0,4.0,0.0,0.0,0,0.0
evaluation-3d-05,slab_clutter,3,5,41,30050041,SC-RRT-no-SSFOR,1,5000,5000,3699,3701,9087,385,3818,393,156.0,0.014967595983762294,123.0,2520.3762842917677,0.9277458309662852,0.8156264529679902,2511.5801519717684,0.9309950106040923,1,,1.5,1.5,0.8,0.8,0,0.0
evaluation-3d-05,slab_clutter,3,5,42,30050042,SC-RRT-no-ADCS,1,5000,5000,3951,3953,10887,266,4686,803,181.0,0.017186723998747766,153.0,2598.716355807928,0.8997783020806164,0.9274915609857999,2524.38402554181,0.9262729309642658,1,,4.0,4.0,0.0,0.0,0,0.0
evaluation-3d-05,slab_clutter,3,5,42,30050042,SC-RRT-no-SSFOR,1,5000,5000,3574,3576,8720,274,3794,515,181.0,0.017098376993089914,153.0,2598.716355807928,0.8997783020806164,0.7994724580203183,2535.8209014938247,0.9220953218109904,1,,1.5,1.5,0.8,0.8,0,0.0
evaluation-3d-05,slab_clutter,3,5,42,30050042,SC-RRT,1,5000,5000,3607,3609,9584,335,4140,632,181.0,0.01707052200799808,153.0,2598.716355807928,0.8997783020806164,0.8460407989914529,2521.9697280904875,0.9271596578553729,1,,1.4227118563529317,1.4227118563529317,0.8527037950328964,0.8527037950328964,99,0.0030666116211222824
evaluation-3d-05,slab_clutter,3,5,43,30050043,SC-RRT-no-SSFOR,1,5000,5000,3682,3684,9045,348,3782,444,175.0,0.016924359020777047,150.0,2795.3830834204628,0.8364751879935011,0.8474387410096824,2717.9510440019585,0.8603056318391507,1,,1.5,1.5,0.8,0.8,0,0.0
evaluation-3d-05,slab_clutter,3,5,43,30050043,SC-RRT,1,5000,5000,3594,3596,9536,314,4134,706,175.0,0.016989850031677634,150.0,2795.3830834204628,0.8364751879935011,0.8265131990192458,2642.248868308655,0.884953956556994,1,,1.3080119390495017,1.3080119390495017,0.9336312706243681,0.9336312706243681,99,0.022618005006094795
evaluation-3d-05,slab_clutter,3,5,43,30050043,SC-RRT-no-ADCS,1,5000,5000,3941,3943,11280,304,5026,1239,175.0,0.016816637013107538,150.0,2795.3830834204628,0.8364751879935011,0.9384440740104765,2693.1424686369737,0.8682305587054239,1,,4.0,4.0,0.0,0.0,0,0.0
evaluation-3d-05,slab_clutter,3,5,44,30050044,SC-RRT,1,5000,5000,3616,3618,9520,267,4138,587,174.0,0.01628090802114457,146.0,2558.089062170712,0.9140684836961089,0.8409973609959707,2519.42308154132,0.9280968358785894,1,,1.4030441386350132,1.4030441386350132,0.866425859806553,0.866425859806553,99,0.002544592131558355
evaluation-3d-05,slab_clutter,3,5,44,30050044,SC-RRT-no-ADCS,1,5000,5000,3966,3968,10791,272,4559,634,174.0,0.016302137984894216,146.0,2558.089062170712,0.9140684836961089,0.9179068409721367,2518.2016716574794,0.9285469930924701,1,,4.0,4.0,0.0,0.0,0,0.0
evaluation-3d-05,slab_clutter,3,5,44,30050044,SC-RRT-no-SSFOR,1,5000,5000,3614,3616,8929,357,3815,491,174.0,0.01620508701307699,146.0,2558.089062170712,0.9140684836961089,0.8040352280368097,2552.393108073587,0.9161083309705327,1,,1.5,1.5,0.8,0.8,0,0.0
evaluation-3d-05,slab_clutter,3,5,45,30050045,SC-RRT-no-ADCS,1,5000,5000,4008,4010,11111,204,4825,858,144.0,0.014045267016626894,135.0,2528.949227179285,0.9246008441324145,0.9400950950221159,2508.3398168607087,0.9321976928725807,1,,4.0,4.0,0.0,0.0,0,0.0
evaluation-3d-05,slab_clutter,3,5,45,30050045,SC-RRT-no-SSFOR,1,5000,5000,3729,3731,9214,331,4007,533,144.0,0.01403116702567786,135.0,2528.949227179285,0.9246008441324145,0.8412911180057563,2509.7148617237117,0.9316869521233279,1,,1.5,1.5,0.8,0.8,0,0.0
evaluation-3d-05,slab_clutter,3,5,45,30050045,SC-RRT,1,5000,5000,3632,3634,9904,228,4507,832,144.0,0.014242665027268231,135.0,2528.949227179285,0.9246008441324145,0.8576461030170321,2500.1786254625413,0.9352406129723618,1,,1.4189898260680953,1.4189898260680953,0.8552928160167849,0.8552928160167849,99,0.006800670130495083
evaluation-3d-05,slab_clutter,3,5,46,30050046,SC-RRT-no-SSFOR,1,5000,5000,3676,3678,9071,384,3811,367,184.0,0.017033003969118,146.0,2639.197807104546,0.8859770131376737,0.815818129980471,2616.441567267841,0.893682709933273,1,,1.5,1.5,0.8,0.8,0,0.0
evaluation-3d-05,slab_clutter,3,5,46,30050046,SC-RRT,1,5000,5000,3515,3517,9569,402,4230,716,184.0,0.01688381005078554,146.0,2639.197807104546,0.8859770131376737,0.8559337890474126,2558.135097330337,0.9140520344911397,1,,1.312831590467292,1.312831590467292,0.9302093746165859,0.9302093746165859,99,0.020755841882734126
evaluation-3d-05,slab_clutter,3,5,46,30050046,SC-RRT-no-ADCS,1,5000,5000,3933,3935,11049,355,4747,720,184.0,0.01690755202434957,146.0,2639.197807104546,0.8859770131376737,0.9430017719860189,2599.463082974221,0.8995198298960313,1,,4.0,4.0,0.0,0.0,0,0.0
evaluation-3d-05,slab_clutter,3,5,47,30050047,SC-RRT,1,5000,5000,3593,3595,9462,303,4004,587,152.0,0.014809815969783813,139.0,2548.3599721215965,0.9175582004889584,0.8336076709674671,2527.6890870941847,0.9250617895043582,1,,1.4328931093552044,1.4328931093552044,0.8456421407071638,0.8456421407071638,99,0.0014951884759856887
evaluation-3d-05,slab_clutter,3,5,47,30050047,SC-RRT-no-ADCS,1,5000,5000,3954,3956,10717,255,4475,681,152.0,0.014780035999137908,139.0,2548.3599721215965,0.9175582004889584,0.892970941029489,2527.6890870941847,0.9250617895043582,1,,4.0,4.0,0.0,0.0,0,0.0
evaluation-3d-05,slab_clutter,3,5,47,30050047,SC-RRT-no-SSFOR,1,5000,5000,3677,3679,8997,354,3810,409,152.0,0.014857622038107365,139.0,2548.3599721215965,0.9175582004889584,0.8261113869957626,2547.027810635025,0.918038107183057,1,,1.5,1.5,0.8,0.8,0,0.0
evaluation-3d-05,slab_clutter,3,5,48,30050048,SC-RRT-no-ADCS,1,5000,5000,3911,3913,10644,272,4505,707,189.0,0.01727907103486359,144.0,2697.523799564131,0.8668203745211829,0.8960282659973018,2655.3713334651598,0.8805806407372153,1,,4.0,4.0,0.0,0.0,0,0.0
evaluation-3d-05,slab_clutter,3,5,48,30050048,SC-RRT-no-SSFOR,1,5000,5000,3739,3741,9279,381,3843,431,189.0,0.017187552992254496,144.0,2697.523799564131,0.8668203745211829,0.829572040005587,2677.5399995576763,0.873289881982813,1,,1.5,1.5,0.8,0.8,0,0.0
evaluation-3d-05,slab_clutter,3,5,48,30050048,SC-RRT,1,5000,5000,3548,3550,9886,231,4715,916,189.0,0.01714989001629874,144.0,2697.523799564131,0.8668203745211829,0.8406715369783342,2612.3664323961607,0.8950768013326662,1,,1.28770269396723,1.28770269396723,0.9480369091978056,0.9480369091978056,99,0.02540219738259751
evaluation-3d-05,slab_clutter,3,5,49,30050049,SC-RRT-no-SSFOR,1,5000,5000,3749,3751,9167,268,3894,447,149.0,0.014940271968953311,139.0,2639.434691822602,0.885897498226541,0.8334647439769469,2634.418581416955,0.887584306727869,1,,1.5,1.5,0.8,0.8,0,0.0
evaluation-3d-05,slab_clutter,3,5,49,30050049,SC-RRT,1,5000,5000,3671,3673,10291,226,4893,1049,149.0,0.014911509992089123,139.0,2639.434691822602,0.885897498226541,0.9180093089817092,2583.749795946396,0.9049903337724329,1,,1.3470790580274798,1.3470790580274798,0.9058989995243776,0.9058989995243776,99,0.017434137527676783
evaluation-3d-05,slab_clutter,3,5,49,30050049,SC-RRT-no-ADCS,1,5000,5000,3995,3997,11322,280,5009,989,149.0,0.014914761995896697,139.0,2639.434691822602,0.885897498226541,0.97363637102535,2610.0274510401905,0.8958789262105651,1,,4.0,4.0,0.0,0.0,0,0.0
evaluation-3d-06,uniform_clutter,3,6,0,30060000,SC-RRT,1,5000,5000,3463,3465,9179,413,3959,597,198.0,0.017968484957236797,149.0,2588.7169991626806,0.903253847745542,0.8349037820007652,2524.8726116037205,0.9260936886367462,1,,1.3367387288417953,1.3367387288417953,0.9132345329228471,0.9132345329228471,99,0.017411798266500016
evaluation-3d-06,uniform_clutter,3,6,0,30060000,SC-RRT-no-ADCS,1,5000,5000,3798,3800,10518,430,4425,675,198.0,0.01776103302836418,149.0,2588.7169991626806,0.903253847745542,0.8917622410226613,2540.712217086433,0.9203201269679406,1,,4.0,4.0,0.0,0.0,0,0.0
evaluation-3d-06,uniform_clutter,3,6,0,30060000,SC-RRT-no-SSFOR,1,5000,5000,3574,3576,8889,456,3772,508,198.0,0.01769450498977676,149.0,2588.7169991626806,0.903253847745542,0.8095785979530774,2528.313790922353,0.9248332222896121,1,,1.5,1.5,0.8,0.8,0,0.0
evaluation-3d-06,uniform_clutter,3,6,1,30060001,SC-RRT-no-ADCS,1,5000,5000,3838,3840,10965,440,4760,740,283.0,0.022774507000576705,168.0,2748.701835543683,0.850681059684847,0.907488040975295,2649.6610326038003,0.8824783855164245,1,,4.0,4.0,0.0,0.0,0,0.0
evaluation-3d-06,uniform_clutter,3,6,1,30060001,SC-RRT-no-SSFOR,1,5000,5000,3470,3472,8652,444,3763,489,283.0,0.02281659602886066,168.0,2748.701835543683,0.850681059684847,0.7574604360270314,2649.4433121685797,0.8825509039874879,1,,1.5,1.5,0.8,0.8,0,0.0
evaluation-3d-06,uniform_clutter,3,6,1,30060001,SC-RRT,1,5000,5000,3436,3438,9874,446,4637,916,283.0,0.022939364018384367,168.0,2748.701835543683,0.850681059684847,0.8933447700110264,2600.4627290375697,0.8991740447221778,1,,1.3133371062064985,1.3133371062064985,0.929850428040442,0.929850428040442,99,0.022905261850084548
evaluation-3d-06,uniform_clutter,3,6,2,30060002,SC-RRT-no-SSFOR,1,5000,5000,3585,3587,8888,374,3748,473,159.0,0.01567168498877436,147.0,2663.3755411581096,0.8779342432502929,0.7944782599806786,2656.1281037985846,0.8803297502383176,1,,1.5,1.5,0.8,0.8,0,0.0
evaluation-3d-06,uniform_clutter,3,6,2,30060002,SC-RRT,1,5000,5000,3662,3664,9576,276,4096,571,159.0,0.01559199404437095,147.0,2663.3755411581096,0.8779342432502929,0.836207363056019,2634.3467540082693,0.8876085073691268,1,,1.4040257810120373,1.4040257810120373,0.8657386696212711,0.8657386696212711,99,0.006050647419592392
evaluation-3d-06,uniform_clutter,3,6,2,30060002,SC-RRT-no-ADCS,1,5000,5000,3949,3951,10677,272,4501,741,159.0,0.01577844301937148,147.0,2663.3755411581096,0.8779342432502929,0.8975869720452465,2632.414310724952,0.8882600967072081,1,,4.0,4.0,0.0,0.0,0,0.0
evaluation-3d-06,uniform_clutter,3,6,3,30060003,SC-RRT,1,5000,5000,3490,3492,9698,403,4375,831,234.0,0.019634834956377745,152.0,2504.5457633878414,0.9336098483004208,0.8738905039499514,2468.668474587378,0.9471780493364184,1,,1.3902595252454155,1.3902595252454155,0.8753953034036998,0.8753953034036998,99,0.0057322861069353725
evaluation-3d-06,uniform_clutter,3,6,3,30060003,SC-RRT-no-ADCS,1,5000,5000,3815,3817,10657,400,4495,658,234.0,0.019432522996794432,152.0,2504.5457633878414,0.9336098483004208,0.9052485300344415,2471.4194510726456,0.9461237303134151,1,,4.0,4.0,0.0,0.0,0,0.0
evaluation-3d-06,uniform_clutter,3,6,3,30060003,SC-RRT-no-SSFOR,1,5000,5000,3626,3628,8850,343,3775,393,234.0,0.01957050000783056,152.0,2504.5457633878414,0.9336098483004208,0.818077182979323,2490.961345199066,0.9387012748008423,1,,1.5,1.5,0.8,0.8,0,0.0
evaluation-3d-06,uniform_clutter,3,6,4,30060004,SC-RRT-no-ADCS,1,5000,5000,3948,3950,11079,329,4772,715,193.0,0.01712003198917955,144.0,2635.6669564011145,0.8871639053405994,0.928435374982655,2602.4978440637274,0.898470903847837,1,,4.0,4.0,0.0,0.0,0,0.0
evaluation-3d-06,uniform_clutter,3,6,4,30060004,SC-RRT-no-SSFOR,1,5000,5000,3685,3687,8956,343,3734,339,193.0,0.01708854699973017,144.0,2635.6669564011145,0.8871639053405994,0.7947471560328268,2621.866501762088,0.8918335806367316,1,,1.5,1.5,0.8,0.8,0,0.0
evaluation-3d-06,uniform_clutter,3,6,4,30060004,SC-RRT,1,5000,5000,3575,3577,10097,288,4768,930,193.0,0.01712436502566561,144.0,2635.6669564011145,0.8871639053405994,0.8568807420087978,2597.315985854349,0.9002634269194801,1,,1.3819176713823156,1.3819176713823156,0.8812658093060134,0.8812658093060134,99,0.007934378902753588
evaluation-3d-06,uniform_clutter,3,6,5,30060005,SC-RRT-no-SSFOR,1,5000,5000,3710,3712,9133,399,3865,460,155.0,0.014776383992284536,135.0,2571.959229349604,0.909139057701659,0.8288919579936191,2564.8829998335773,0.9116472721639556,1,,1.5,1.5,0.8,0.8,0,0.0
evaluation-3d-06,uniform_clutter,3,6,5,30060005,SC-RRT,1,5000,5000,3547,3549,9798,299,4470,788,155.0,0.014593203028198332,135.0,2571.959229349604,0.909139057701659,0.8651264910004102,2522.5897545485245,0.9269317716056732,1,,1.3979411050070585,1.3979411050070585,0.8700017698012225,0.8700017698012225,99,0.0053443064454484
evaluation-3d-06,uniform_clutter,3,6,5,30060005,SC-RRT-no-ADCS,1,5000,5000,3935,3937,10795,281,4539,707,155.0,0.014566890022251755,135.0,2571.959229349604,0.909139057701659,0.9248145830351859,2530.5657196892653,0.9240102211236412,1,,4.0,4.0,0.0,0.0,0,0.0
evaluation-3d-06,uniform_clutter,3,6,6,30060006,SC-RRT,1,5000,5000,3602,3604,9638,318,4158,579,176.0,0.01529353199293837,136.0,2545.893062454076,0.9184472925049117,0.8422958219889551,2537.100828780549,0.9216301392884992,1,,1.4131788109608288,1.4131788109608288,0.8593424517978847,0.8593424517978847,99,0.003486296335261633
evaluation-3d-06,uniform_clutter,3,6,6,30060006,SC-RRT-no-ADCS,1,5000,5000,3899,3901,10888,297,4713,711,176.0,0.01578776800306514,136.0,2545.893062454076,0.9184472925049117,0.9427589029655792,2535.0977055766025,0.9223583710696271,1,,4.0,4.0,0.0,0.0,0,0.0
evaluation-3d-06,uniform_clutter,3,6,6,30060006,SC-RRT-no-SSFOR,1,5000,5000,3662,3664,8934,303,3796,416,176.0,0.015776750980876386,136.0,2545.893062454076,0.9184472925049117,0.8072030899929814,2545.609539532774,0.9185495866138035,1,,1.5,1.5,0.8,0.8,0,0.0
evaluation-3d-06,uniform_clutter,3,6,7,30060007,SC-RRT-no-ADCS,1,5000,5000,3937,3939,10653,295,4402,623,157.0,0.015200838970486075,143.0,2608.914486158635,0.8962611088341382,0.9016332699684426,2578.2975443161936,0.9069040907914804,1,,4.0,4.0,0.0,0.0,0,0.0
evaluation-3d-06,uniform_clutter,3,6,7,30060007,SC-RRT-no-SSFOR,1,5000,5000,3690,3692,9086,268,3895,460,157.0,0.015313192969188094,143.0,2608.914486158635,0.8962611088341382,0.8184721180004999,2597.883732909721,0.9000666814288264,1,,1.5,1.5,0.8,0.8,0,0.0
evaluation-3d-06,uniform_clutter,3,6,7,30060007,SC-RRT,1,5000,5000,3597,3599,9485,325,4016,545,157.0,0.015274111006874591,143.0,2608.914486158635,0.8962611088341382,0.8211728730238974,2584.2059983933245,0.9048305714295816,1,,1.4393603120604332,1.4393603120604332,0.8411728784787168,0.8411728784787168,98,0.0026763394798633307
evaluation-3d-06,uniform_clutter,3,6,8,30060008,SC-RRT-no-SSFOR,1,5000,5000,3708,3710,9162,318,3940,553,145.0,0.013757567037828267,128.0,2625.386790873073,0.890637752253028,0.8344759329920635,2623.3646069860515,0.8913242878977428,1,,1.5,1.5,0.8,0.8,0,0.0
evaluation-3d-06,uniform_clutter,3,6,8,30060008,SC-RRT,1,5000,5000,3637,3639,9260,266,3815,397,145.0,0.013775274041108787,128.0,2625.386790873073,0.890637752253028,0.8461525510065258,2597.053741680857,0.9003543333318229,1,,1.4289923377870648,1.4289923377870648,0.8483440706735905,0.8483440706735905,99,0.0035739265199717027
evaluation-3d-06,uniform_clutter,3,6,8,30060008,SC-RRT-no-ADCS,1,5000,5000,3910,3912,10564,296,4383,601,145.0,0.013611782982479781,128.0,2625.386790873073,0.890637752253028,0.9276823949767277,2596.8623567274753,0.9004206881278964,1,,4.0,4.0,0.0,0.0,0,0.0
evaluation-3d-06,uniform_clutter,3,6,9,30060009,SC-RRT,1,5000,5000,3678,3680,9656,232,4136,598,150.0,0.013991559972055256,126.0,2557.3473030274554,0.9143336094592549,0.8571975819650106,2538.349590866038,0.9211767357151976,1,,1.4112959952388795,1.4112959952388795,0.8606564679735645,0.8606564679735645,99,0.006039559980657
evaluation-3d-06,uniform_clutter,3,6,9,30060009,SC-RRT-no-ADCS,1,5000,5000,3929,3931,10586,263,4393,640,150.0,0.014026517979800701,126.0,2557.3473030274554,0.9143336094592549,0.8833464760100469,2548.805567541106,0.917397788201541,1,,4.0,4.0,0.0,0.0,0,0.0
evaluation-3d-06,uniform_clutter,3,6,9,30060009,SC-RRT-no-SSFOR,1,5000,5000,3719,3721,9229,281,4070,541,150.0,0.01402067398885265,126.0,2557.3473030274554,0.9143336094592549,0.8172805649810471,2549.0140785923404,0.917322744450773,1,,1.5,1.5,0.8,0.8,0,0.0
evaluation-3d-06,uniform_clutter,3,6,10,30060010,SC-RRT-no-ADCS,1,5000,5000,3842,3844,11779,423,5603,996,244.0,0.02129264600807801,179.0,2758.169182695204,0.8477611180954081,0.913874143967405,2560.3513190615554,0.913260837608422,1,,4.0,4.0,0.0,0.0,0,0.0
evaluation-3d-06,uniform_clutter,3,6,10,30060010,SC-RRT-no-SSFOR,1,5000,5000,3519,3521,8850,378,3965,649,244.0,0.021322347049135715,179.0,2758.169182695204,0.8477611180954081,0.807954462012276,2607.556035482167,0.8967280313059932,1,,1.5,1.5,0.8,0.8,0,0.0
evaluation-3d-06,uniform_clutter,3,6,10,30060010,SC-RRT,1,5000,5000,3449,3451,10570,389,5407,1221,244.0,0.021207877027336508,179.0,2758.169182695204,0.8477611180954081,0.8769606100395322,2521.971935616503,0.9271588462963558,1,,1.2851297523782796,1.2851297523782796,0.949859499500678,0.949859499500678,99,0.038416431756113645
evaluation-3d-06,uniform_clutter,3,6,11,30060011,SC-RRT-no-SSFOR,1,5000,5000,3702,3704,9211,281,3959,539,148.0,0.014355916006024927,127.0,2555.286932082501,0.9150708520676182,0.832640947017353,2549.4968377107607,0.9171490451102335,1,,1.5,1.5,0.8,0.8,0,0.0
evaluation-3d-06,uniform_clutter,3,6,11,30060011,SC-RRT,1,5000,5000,3500,3502,9595,257,4428,967,148.0,0.013791106990538538,127.0,2555.286932082501,0.9150708520676182,0.8542970679700375,2481.263117928035,0.9423702683214596,1,,1.3006772085982958,1.3006772085982958,0.9388370559628029,0.9388370559628029,99,0.026857891919305335
evaluation-3d-06,uniform_clutter,3,6,11,30060011,SC-RRT-no-ADCS,1,5000,5000,3938,3940,10897,315,4580,707,148.0,0.013867050991393626,127.0,2555.286932082501,0.9150708520676182,0.9031829559826292,2543.8400078975833,0.9191885428952355,1,,4.0,4.0,0.0,0.0,0,0.0
evaluation-3d-06,uniform_clutter,3,6,12,30060012,SC-RRT,1,5000,5000,3559,3561,10030,385,4655,945,201.0,0.018134824000298977,155.0,2681.2941859771327,0.8720671541552084,0.9136763750575483,2563.0938760905983,0.9122836319145935,1,,1.3513414697015436,1.3513414697015436,0.9028775199273265,0.9028775199273265,99,0.025866470300077108
evaluation-3d-06,uniform_clutter,3,6,12,30060012,SC-RRT-no-ADCS,1,5000,5000,3880,3882,10950,368,4766,842,201.0,0.018177389982156456,155.0,2681.2941859771327,0.8720671541552084,0.901053823006805,2641.7129746776873,0.8851334768885231,1,,4.0,4.0,0.0,0.0,0,0.0
evaluation-3d-06,uniform_clutter,3,6,12,30060012,SC-RRT-no-SSFOR,1,5000,5000,3699,3701,9059,279,3745,383,201.0,0.01809657400008291,155.0,2681.2941859771327,0.8720671541552084,0.8235152889974415,2661.6950002786543,0.8784885533365729,1,,1.5,1.5,0.8,0.8,0,0.0
evaluation-3d-06,uniform_clutter,3,6,13,30060013,SC-RRT-no-ADCS,1,5000,5000,3895,3897,11248,356,5020,942,139.0,0.013514041958842427,125.0,2566.2314836744617,0.9111682266753003,0.9385933229932562,2551.6595548655673,0.9163716945543602,1,,4.0,4.0,0.0,0.0,0,0.0
evaluation-3d-06,uniform_clutter,3,6,13,30060013,SC-RRT-no-SSFOR,1,5000,5000,3697,3699,9020,338,3849,402,139.0,0.013454122003167868,125.0,2566.2314836744617,0.9111682266753003,0.8323862639954314,2524.4590078252077,0.9262454185114203,1,,1.5,1.5,0.8,0.8,0,0.0
evaluation-3d-06,uniform_clutter,3,6,13,30060013,SC-RRT,1,5000,5000,3596,3598,9741,364,4293,698,139.0,0.013504053989890963,125.0,2566.2314836744617,0.9111682266753003,0.8390350969857536,2555.518700367461,0.9149878613221504,1,,1.4357475261536672,1.4357475261536672,0.8436679329822463,0.8436679329822463,99,0.002774979502807814
evaluation-3d-06,uniform_clutter,3,6,14,30060014,SC-RRT-no-SSFOR,1,5000,5000,3687,3689,9016,307,3851,440,187.0,0.016805494960863143,146.0,2574.247782916115,0.908330816378984,0.8067010439699516,2534.3224001723383,0.9226405409426116,1,,1.5,1.5,0.8,0.8,0,0.0
evaluation-3d-06,uniform_clutter,3,6,14,30060014,SC-RRT,1,5000,5000,3588,3590,9623,303,4253,728,187.0,0.016841567994561046,146.0,2574.247782916115,0.908330816378984,0.8198694890015759,2539.4081621123337,0.9207927363173326,1,,1.4257712219836192,1.4257712219836192,0.8505786450137669,0.8505786450137669,99,0.0021389138004950414
evaluation-3d-06,uniform_clutter,3,6,14,30060014,SC-RRT-no-ADCS,1,5000,5000,3907,3909,11259,322,5048,966,187.0,0.016803962003905326,146.0,2574.247782916115,0.908330816378984,0.9198704350274056,2539.4081621123337,0.9207927363173326,1,,4.0,4.0,0.0,0.0,0,0.0
evaluation-3d-06,uniform_clutter,3,6,15,30060015,SC-RRT,1,5000,5000,3608,3610,9648,320,4211,668,166.0,0.016168331960216165,142.0,2668.9532147914024,0.8760995049516956,0.8804357000044547,2626.184961477299,0.8903670626849701,1,,1.4022074665228463,1.4022074665228463,0.867011742790159,0.867011742790159,99,0.008278359064525148
evaluation-3d-06,uniform_clutter,3,6,15,30060015,SC-RRT-no-ADCS,1,5000,5000,3956,3958,11084,321,4785,868,166.0,0.016235243005212396,142.0,2668.9532147914024,0.8760995049516956,0.9427351179765537,2640.066735599473,0.8856854104057487,1,,4.0,4.0,0.0,0.0,0,0.0
evaluation-3d-06,uniform_clutter,3,6,15,30060015,SC-RRT-no-SSFOR,1,5000,5000,3656,3658,9106,329,3941,525,166.0,0.01620629901299253,142.0,2668.9532147914024,0.8760995049516956,0.8308324069948867,2604.8571249544743,0.8976571374366072,1,,1.5,1.5,0.8,0.8,0,0.0
evaluation-3d-06,uniform_clutter,3,6,16,30060016,SC-RRT-no-ADCS,1,5000,5000,3775,3777,10098,407,4128,634,170.0,0.016102568013593554,142.0,2576.6953548679703,0.907468003852476,0.8596772330347449,2565.885230818979,0.9112911840845103,1,,4.0,4.0,0.0,0.0,0,0.0
evaluation-3d-06,uniform_clutter,3,6,16,30060016,SC-RRT-no-SSFOR,1,5000,5000,3617,3619,8896,342,3723,410,170.0,0.016216540010645986,142.0,2576.6953548679703,0.907468003852476,0.799710534978658,2572.186060586799,0.9090588842101683,1,,1.5,1.5,0.8,0.8,0,0.0
evaluation-3d-06,uniform_clutter,3,6,16,30060016,SC-RRT,1,5000,5000,3441,3443,9008,400,3848,607,170.0,0.016306256991811097,142.0,2576.6953548679703,0.907468003852476,0.794983473024331,2556.7336645169876,0.9145530575472454,1,,1.3914232446030785,1.3914232446030785,0.8745774207975373,0.8745774207975373,99,0.007581306643940751
evaluation-3d-06,uniform_clutter,3,6,17,30060017,SC-RRT-no-SSFOR,1,5000,5000,3724,3726,9191,275,3918,503,127.0,0.012447263987269253,118.0,2538.449829384932,0.9211403602113137,0.8300572229782119,2521.958647468056,0.9271637314773226,1,,1.5,1.5,0.8,0.8,0,0.0
evaluation-3d-06,uniform_clutter,3,6,17,30060017,SC-RRT,1,5000,5000,3592,3594,9387,315,3921,527,127.0,0.012408857990521938,118.0,2538.449829384932,0.9211403602113137,0.8133249839884229,2515.626081158697,0.9294976736530645,1,,1.4233449154386673,1.4233449154386673,0.8522638291919977,0.8522638291919977,99,0.005517478758774759
evaluation-3d-06,uniform_clutter,3,6,17,30060017,SC-RRT-no-ADCS,1,5000,5000,3896,3898,10477,313,4280,601,127.0,0.011796317994594574,118.0,2538.449829384932,0.9211403602113137,0.8885303370188922,2516.1784590994885,0.9292936205545707,1,,4.0,4.0,0.0,0.0,0,0.0
evaluation-3d-06,uniform_clutter,3,6,18,30060018,SC-RRT,1,5000,5000,3675,3677,9651,268,4089,685,138.0,0.013659271004144102,134.0,2622.866138825383,0.8914936815132882,0.8233620449900627,2615.518508986728,0.8939981048437876,1,,1.4296721155287835,1.4296721155287835,0.8478728824432691,0.8478728824432691,99,0.0033251685106713085
evaluation-3d-06,uniform_clutter,3,6,18,30060018,SC-RRT-no-ADCS,1,5000,5000,3964,3966,10854,285,4547,772,138.0,0.013737667992245406,134.0,2622.866138825383,0.8914936815132882,0.925050581980031,2604.0104332816286,0.8979490098552521,1,,4.0,4.0,0.0,0.0,0,0.0
evaluation-3d-06,uniform_clutter,3,6,18,30060018,SC-RRT-no-SSFOR,1,5000,5000,3750,3752,9114,279,3875,470,138.0,0.013827250979375094,134.0,2622.866138825383,0.8914936815132882,0.8216068189940415,2614.5953439669047,0.8943137589583277,1,,1.5,1.5,0.8,0.8,0,0.0
evaluation-3d-06,uniform_clutter,3,6,19,30060019,SC-RRT-no-ADCS,1,5000,5000,3928,3930,10908,309,4717,796,176.0,0.016729675990063697,146.0,2639.99788916882,0.8857085074996659,0.9181268709944561,2620.671587346518,0.8922402186935324,1,,4.0,4.0,0.0,0.0,0,0.0
evaluation-3d-06,uniform_clutter,3,6,19,30060019,SC-RRT-no-SSFOR,1,5000,5000,3627,3629,9040,363,3896,545,176.0,0.016597128997091204,146.0,2639.99788916882,0.8857085074996659,0.8231002009706572,2625.8219650349774,0.8904901479818481,1,,1.5,1.5,0.8,0.8,0,0.0
evaluation-3d-06,uniform_clutter,3,6,19,30060019,SC-RRT,1,5000,5000,3521,3523,9881,368,4612,899,176.0,0.016651077021379024,146.0,2639.99788916882,0.8857085074996659,0.8675790069974028,2606.694372409484,0.8970244517222087,1,,1.3908436819298942,1.3908436819298942,0.8749847134989793,0.8749847134989793,99,0.007391902802928261
evaluation-3d-06,uniform_clutter,3,6,20,30060020,SC-RRT-no-SSFOR,1,5000,5000,3621,3623,9125,403,3932,498,218.0,0.01928628602763638,152.0,2586.1380987402067,0.9041545737085858,0.8380869430257007,2555.0595558545474,0.9151522847521036,1,,1.5,1.5,0.8,0.8,0,0.0
evaluation-3d-06,uniform_clutter,3,6,20,30060020,SC-RRT,1,5000,5000,3550,3552,9867,349,4603,933,218.0,0.01921148202382028,152.0,2586.1380987402067,0.9041545737085858,0.8721717009902932,2536.8350123106334,0.9217267102002868,1,,1.3457932151635321,1.3457932151635321,0.9068107872851345,0.9068107872851345,99,0.010875910011014548
evaluation-3d-06,uniform_clutter,3,6,20,30060020,SC-RRT-no-ADCS,1,5000,5000,3880,3882,11440,338,5298,1163,218.0,0.019278306979686022,152.0,2586.1380987402067,0.9041545737085858,0.9369020130252466,2533.4002324428902,0.9229763857577507,1,,4.0,4.0,0.0,0.0,0,0.0
evaluation-3d-06,uniform_clutter,3,6,21,30060021,SC-RRT,1,5000,5000,3553,3555,9532,354,4125,603,140.0,0.013603101018816233,124.0,2600.5748187731206,0.899135288605584,0.8226734200143255,2572.78383077312,0.908847670080131,1,,1.4389792676489688,1.4389792676489688,0.8414358384741265,0.8414358384741265,98,0.0019467826544128893
evaluation-3d-06,uniform_clutter,3,6,21,30060021,SC-RRT-no-ADCS,1,5000,5000,3828,3830,10678,350,4579,731,140.0,0.013586436049081385,124.0,2600.5748187731206,0.899135288605584,0.8865605210303329,2572.7996903811036,0.9088420676355186,1,,4.0,4.0,0.0,0.0,0,0.0
evaluation-3d-06,uniform_clutter,3,6,21,30060021,SC-RRT-no-SSFOR,1,5000,5000,3732,3734,9295,334,3965,545,140.0,0.013454856991302222,124.0,2600.5748187731206,0.899135288605584,0.8444490029942244,2561.2886635692894,0.9129266152138763,1,,1.5,1.5,0.8,0.8,0,0.0
evaluation-3d-06,uniform_clutter,3,6,22,30060022,SC-RRT-no-ADCS,1,5000,5000,3945,3947,10431,245,4237,500,148.0,0.014131503005046397,134.0,2564.378059516396,0.911826780587472,0.8850560800055973,2563.141693708009,0.9122666124771633,1,,4.0,4.0,0.0,0.0,0,0.0
evaluation-3d-06,uniform_clutter,3,6,22,30060022,SC-RRT-no-SSFOR,1,5000,5000,3620,3622,8844,340,3669,412,148.0,0.014130270981695503,134.0,2564.378059516396,0.911826780587472,0.8070707559818402,2560.9713003268594,0.9130397478173803,1,,1.5,1.5,0.8,0.8,0,0.0
evaluation-3d-06,uniform_clutter,3,6,22,30060022,SC-RRT,1,5000,5000,3584,3586,9446,293,4065,593,148.0,0.014207347994670272,134.0,2564.378059516396,0.911826780587472,0.8488251669914462,2554.5363852733635,0.9153397084879508,1,,1.4404201938008014,1.4404201938008014,0.8404416965123457,0.8404416965123457,99,0.003467806878036339
evaluation-3d-06,uniform_clutter,3,6,23,30060023,SC-RRT-no-SSFOR,1,5000,5000,3776,3778,9569,266,4320,727,152.0,0.014504081977065653,130.0,2578.4591805344867,0.9068472395724668,0.8693753540283069,2530.7125908204625,0.9239565957428268,1,,1.5,1.5,0.8,0.8,0,0.0
evaluation-3d-06,uniform_clutter,3,6,23,30060023,SC-RRT,1,5000,5000,3591,3593,9725,324,4287,753,152.0,0.014455831958912313,130.0,2578.4591805344867,0.9068472395724668,0.8827859109733254,2536.9036812612567,0.9217017608865157,1,,1.4188768597925259,1.4188768597925259,0.8553714545415054,0.8553714545415054,99,0.007801119337780153
evaluation-3d-06,uniform_clutter,3,6,23,30060023,SC-RRT-no-ADCS,1,5000,5000,3903,3905,11116,344,4858,908,152.0,0.014481421036180109,130.0,2578.4591805344867,0.9068472395724668,0.9530089310137555,2554.3222085161947,0.9154164585901181,1,,4.0,4.0,0.0,0.0,0,0.0
evaluation-3d-06,uniform_clutter,3,6,24,30060024,SC-RRT,1,5000,5000,3550,3552,9282,341,3951,571,193.0,0.017380629025865346,148.0,2626.4852695577547,0.8902652595541493,0.8138723850133829,2616.46602028865,0.8936743577354103,1,,1.4264707867838482,1.4264707867838482,0.8500930797580153,0.8500930797580153,99,0.002131665463415665
evaluation-3d-06,uniform_clutter,3,6,24,30060024,SC-RRT-no-ADCS,1,5000,5000,3904,3906,10548,325,4357,669,193.0,0.01738850900437683,148.0,2626.4852695577547,0.8902652595541493,0.8975704970071092,2607.9633767952078,0.8965879701467903,1,,4.0,4.0,0.0,0.0,0,0.0
evaluation-3d-06,uniform_clutter,3,6,24,30060024,SC-RRT-no-SSFOR,1,5000,5000,3623,3625,9059,338,3900,506,193.0,0.017472596955485642,148.0,2626.4852695577547,0.8902652595541493,0.8208652889588848,2608.257489061425,0.8964868691163633,1,,1.5,1.5,0.8,0.8,0,0.0
evaluation-3d-06,uniform_clutter,3,6,25,30060025,SC-RRT-no-ADCS,1,5000,5000,3899,3901,10620,300,4437,667,139.0,0.013636730029247701,126.0,2507.6032476040127,0.93247151137333,0.8958354290225543,2486.7415619820877,0.9402941688698196,1,,4.0,4.0,0.0,0.0,0,0.0
evaluation-3d-06,uniform_clutter,3,6,25,30060025,SC-RRT-no-SSFOR,1,5000,5000,3666,3668,8995,378,3770,375,139.0,0.013693891989532858,126.0,2507.6032476040127,0.93247151137333,0.8060154159902595,2485.6546150424138,0.94070534822799,1,,1.5,1.5,0.8,0.8,0,0.0
evaluation-3d-06,uniform_clutter,3,6,25,30060025,SC-RRT,1,5000,5000,3573,3575,9269,308,3902,489,139.0,0.013675465015694499,126.0,2507.6032476040127,0.93247151137333,0.8016155560035259,2496.5309450027385,0.9366070926933451,1,,1.441227087158008,1.441227087158008,0.8398852877668096,0.8398852877668096,99,0.0017452950343462557
evaluation-3d-06,uniform_clutter,3,6,26,30060026,SC-RRT-no-SSFOR,1,5000,5000,3647,3649,9027,353,3862,492,193.0,0.016703489003702998,132.0,2542.684859402514,0.9196061326952786,0.8132350340019912,2523.079988718298,0.9267516688623906,1,,1.5,1.5,0.8,0.8,0,0.0
evaluation-3d-06,uniform_clutter,3,6,26,30060026,SC-RRT,1,5000,5000,3442,3444,9216,485,3934,589,193.0,0.016743346001021564,132.0,2542.684859402514,0.9196061326952786,0.8049268149770796,2517.517433494947,0.9287993636540104,1,,1.4155848479703868,1.4155848479703868,0.8576646198807276,0.8576646198807276,99,0.004327070526176601
evaluation-3d-06,uniform_clutter,3,6,26,30060026,SC-RRT-no-ADCS,1,5000,5000,3759,3761,10699,508,4553,819,193.0,0.016712813987396657,132.0,2542.684859402514,0.9196061326952786,0.8677587569691241,2524.1695541813683,0.9263516336866384,1,,4.0,4.0,0.0,0.0,0,0.0
evaluation-3d-06,uniform_clutter,3,6,27,30060027,SC-RRT,1,5000,5000,3584,3586,9635,350,4172,638,144.0,0.013645944010931998,123.0,2551.070690029976,0.9165832210594324,0.839187839999795,2527.6431368470285,0.9250786062840859,1,,1.4368890686686415,1.4368890686686415,0.8428791163723757,0.8428791163723757,99,0.003025157536263045
evaluation-3d-06,uniform_clutter,3,6,27,30060027,SC-RRT-no-ADCS,1,5000,5000,3908,3910,10950,352,4700,847,144.0,0.013582076993770897,123.0,2551.070690029976,0.9165832210594324,0.9086899950052612,2531.6160187652204,0.9236268742518305,1,,4.0,4.0,0.0,0.0,0,0.0
evaluation-3d-06,uniform_clutter,3,6,27,30060027,SC-RRT-no-SSFOR,1,5000,5000,3592,3594,8804,327,3766,400,144.0,0.01368190097855404,123.0,2551.070690029976,0.9165832210594324,0.7960542439832352,2520.3432578994543,0.9277579880792833,1,,1.5,1.5,0.8,0.8,0,0.0
evaluation-3d-06,uniform_clutter,3,6,28,30060028,SC-RRT-no-ADCS,1,5000,5000,3858,3860,10717,388,4582,770,184.0,0.016334856976754963,139.0,2640.266148664914,0.8856185166788435,0.9167480939649977,2616.2413594370973,0.8937510989892306,1,,4.0,4.0,0.0,0.0,0,0.0
evaluation-3d-06,uniform_clutter,3,6,28,30060028,SC-RRT-no-SSFOR,1,5000,5000,3600,3602,8934,380,3746,445,184.0,0.016424145025666803,139.0,2640.266148664914,0.8856185166788435,0.8160278600407764,2619.359900942865,0.8926870222668908,1,,1.5,1.5,0.8,0.8,0,0.0
evaluation-3d-06,uniform_clutter,3,6,28,30060028,SC-RRT,1,5000,5000,3507,3509,9183,376,3914,574,184.0,0.016464504995383322,139.0,2640.266148664914,0.8856185166788435,0.8101409319788218,2618.233775039162,0.8930709749869489,1,,1.423227496112595,1.423227496112595,0.8523454251453809,0.8523454251453809,99,0.0022946721241494106
evaluation-3d-06,uniform_clutter,3,6,29,30060029,SC-RRT-no-SSFOR,1,5000,5000,3606,3608,8988,465,3709,428,347.0,0.028798685991205275,228.0,2737.1241767607557,0.8542793235582039,0.8204702319926582,2691.8107689294848,0.8686600920122992,1,,1.5,1.5,0.8,0.8,0,0.0
evaluation-3d-06,uniform_clutter,3,6,29,30060029,SC-RRT,1,5000,5000,3583,3585,9249,365,3856,494,347.0,0.02733044500928372,228.0,2737.1241767607557,0.8542793235582039,0.7969595220056362,2708.77428743944,0.8632201660583213,1,,1.3939993715524714,1.3939993715524714,0.8727678603753636,0.8727678603753636,99,0.005706896514609712
evaluation-3d-06,uniform_clutter,3,6,29,30060029,SC-RRT-no-ADCS,1,5000,5000,3927,3929,11048,358,4787,942,347.0,0.02897168800700456,228.0,2737.1241767607557,0.8542793235582039,0.9258960550068878,2695.543434174202,0.8674572112522195,1,,4.0,4.0,0.0,0.0,0,0.0
evaluation-3d-06,uniform_clutter,3,6,30,30060030,SC-RRT,1,5000,5000,3570,3572,9213,323,3873,495,134.0,0.013014798983931541,122.0,2576.4174525769604,0.9075658868399695,0.8614823749521747,2504.106127973713,0.9337737582672176,1,,1.3665329289120716,1.3665329289120716,0.8921240659871404,0.8921240659871404,99,0.014876973803390665
evaluation-3d-06,uniform_clutter,3,6,30,30060030,SC-RRT-no-ADCS,1,5000,5000,3881,3883,10290,334,4132,516,134.0,0.013052610971499234,122.0,2576.4174525769604,0.9075658868399695,0.8985655989963561,2528.619608164385,0.9247213707701241,1,,4.0,4.0,0.0,0.0,0,0.0
evaluation-3d-06,uniform_clutter,3,6,30,30060030,SC-RRT-no-SSFOR,1,5000,5000,3654,3656,8781,286,3726,392,134.0,0.013053511967882514,122.0,2576.4174525769604,0.9075658868399695,0.7924105589627288,2575.6118838375633,0.9078497443232998,1,,1.5,1.5,0.8,0.8,0,0.0
evaluation-3d-06,uniform_clutter,3,6,31,30060031,SC-RRT-no-ADCS,1,5000,5000,3832,3834,10413,325,4361,683,167.0,0.015271214011590928,127.0,2549.5401638645662,0.9171334593425903,0.8686461959732696,2546.9627876256964,0.9180615443532809,1,,4.0,4.0,0.0,0.0,0,0.0
evaluation-3d-06,uniform_clutter,3,6,31,30060031,SC-RRT-no-SSFOR,1,5000,5000,3582,3584,8812,361,3707,412,167.0,0.015415065980050713,127.0,2549.5401638645662,0.9171334593425903,0.7820063880062662,2548.795062328107,0.9174015693839955,1,,1.5,1.5,0.8,0.8,0,0.0
evaluation-3d-06,uniform_clutter,3,6,31,30060031,SC-RRT,1,5000,5000,3531,3533,9256,340,3932,560,167.0,0.015452024003025144,127.0,2549.5401638645662,0.9171334593425903,0.7987251309677958,2545.6880066655076,0.9185212736578771,1,,1.4226623829529883,1.4226623829529883,0.8527381830254919,0.8527381830254919,99,0.003251510938954286
evaluation-3d-06,uniform_clutter,3,6,32,30060032,SC-RRT-no-SSFOR,1,5000,5000,3652,3654,9504,374,4408,796,194.0,0.01815727597568184,161.0,2633.6022043401595,0.8878594445146395,0.8905089069739915,2534.016264140857,0.922752005702205,1,,1.5,1.5,0.8,0.8,0,0.0
evaluation-3d-06,uniform_clutter,3,6,32,30060032,SC-RRT,1,5000,5000,3575,3577,9638,317,4303,775,194.0,0.01820024603512138,161.0,2633.6022043401595,0.8878594445146395,0.8290549130178988,2558.384985928053,0.9139627550502444,1,,1.415067287310969,1.415067287310969,0.8580254084839354,0.8580254084839354,99,0.003916130089757122
evaluation-3d-06,uniform_clutter,3,6,32,30060032,SC-RRT-no-ADCS,1,5000,5000,3917,3919,10786,319,4559,685,194.0,0.018179052975028753,161.0,2633.6022043401595,0.8878594445146395,0.906183474988211,2563.022997260766,0.9123088605591958,1,,4.0,4.0,0.0,0.0,0,0.0
evaluation-3d-06,uniform_clutter,3,6,33,30060033,SC-RRT,1,5000,5000,3472,3474,9314,502,3982,703,222.0,0.01907559996470809,154.0,2550.496428659977,0.9167895959166283,0.8321260559605435,2518.993723885232,0.9282550282068579,1,,1.3665446416704228,1.3665446416704228,0.8921157858147661,0.8921157858147661,99,0.011189392172739239
evaluation-3d-06,uniform_clutter,3,6,33,30060033,SC-RRT-no-ADCS,1,5000,5000,3919,3921,10818,389,4549,862,222.0,0.019296106009278446,154.0,2550.496428659977,0.9167895959166283,0.9283686759881675,2534.1744429026608,0.9226944091266722,1,,4.0,4.0,0.0,0.0,0,0.0
evaluation-3d-06,uniform_clutter,3,6,33,30060033,SC-RRT-no-SSFOR,1,5000,5000,3560,3562,9138,335,4246,816,222.0,0.019134276022668928,154.0,2550.496428659977,0.9167895959166283,0.8372942259884439,2517.272088977734,0.9288898885648698,1,,1.5,1.5,0.8,0.8,0,0.0
evaluation-3d-06,uniform_clutter,3,6,34,30060034,SC-RRT-no-ADCS,1,5000,5000,3861,3863,10472,292,4483,734,190.0,0.01722849701764062,149.0,2586.885074885013,0.9038934945039722,0.8526632350403816,2535.3188184229234,0.9222779293976475,1,,4.0,4.0,0.0,0.0,0,0.0
evaluation-3d-06,uniform_clutter,3,6,34,30060034,SC-RRT-no-SSFOR,1,5000,5000,3644,3646,8994,321,3874,480,190.0,0.017300113977398723,149.0,2586.885074885013,0.9038934945039722,0.797574729018379,2580.5240983949693,0.9061215865693086,1,,1.5,1.5,0.8,0.8,0,0.0
evaluation-3d-06,uniform_clutter,3,6,34,30060034,SC-RRT,1,5000,5000,3524,3526,9354,294,4157,693,190.0,0.017417111026588827,149.0,2586.885074885013,0.9038934945039722,0.8116374759702012,2519.2375103568706,0.9281652010201885,1,,1.3910849912553758,1.3910849912553758,0.8748151229938554,0.8748151229938554,99,0.007643242540664404
evaluation-3d-06,uniform_clutter,3,6,35,30060035,SC-RRT-no-SSFOR,1,5000,5000,3653,3655,8971,266,3794,370,140.0,0.01367680198745802,127.0,2597.1248966449725,0.9003296657925904,0.822050112998113,2590.6581141049114,0.9025770623638892,1,,1.5,1.5,0.8,0.8,0,0.0
evaluation-3d-06,uniform_clutter,3,6,35,30060035,SC-RRT,1,5000,5000,3622,3624,9657,306,4159,592,140.0,0.013602257997263223,127.0,2597.1248966449725,0.9003296657925904,0.8313274640240707,2593.3787769020187,0.901630186474811,1,,1.4460540549806553,1.4460540549806553,0.8365612297879252,0.8365612297879252,99,0.00134409623524173
evaluation-3d-06,uniform_clutter,3,6,35,30060035,SC-RRT-no-ADCS,1,5000,5000,3957,3959,11038,268,4754,746,140.0,0.01358336303383112,127.0,2597.1248966449725,0.9003296657925904,0.921825866040308,2588.859191530864,0.9032042367801786,1,,4.0,4.0,0.0,0.0,0,0.0
evaluation-3d-06,uniform_clutter,3,6,36,30060036,SC-RRT,1,5000,5000,3647,3649,9441,250,4069,639,133.0,0.013496017025317997,132.0,2560.206262790197,0.9133125811783861,0.817078713036608,2546.542243262721,0.9182131560567048,1,,1.4355346552896064,1.4355346552896064,0.8438150740084019,0.8438150740084019,99,0.0038074930051463307
evaluation-3d-06,uniform_clutter,3,6,36,30060036,SC-RRT-no-ADCS,1,5000,5000,3956,3958,10607,261,4448,709,133.0,0.013553599012084305,132.0,2560.206262790197,0.9133125811783861,0.8875916580436751,2553.9959619925703,0.9155333935585863,1,,4.0,4.0,0.0,0.0,0,0.0
evaluation-3d-06,uniform_clutter,3,6,36,30060036,SC-RRT-no-SSFOR,1,5000,5000,3682,3684,8879,306,3704,379,133.0,0.0135508649982512,132.0,2560.206262790197,0.9133125811783861,0.7842897819937207,2560.206262790197,0.9133125811783861,1,,1.5,1.5,0.8,0.8,0,0.0
evaluation-3d-06,uniform_clutter,3,6,37,30060037,SC-RRT-no-ADCS,1,5000,5000,3899,3901,10673,311,4526,711,148.0,0.014164120017085224,132.0,2599.7954770512906,0.8994048227478523,0.9120775070041418,2586.3914377381184,0.9040660110841051,1,,4.0,4.0,0.0,0.0,0,0.0
evaluation-3d-06,uniform_clutter,3,6,37,30060037,SC-RRT-no-SSFOR,1,5000,5000,3724,3726,9350,282,4152,583,148.0,0.01423091400647536,132.0,2599.7954770512906,0.8994048227478523,0.8588302489952184,2568.0802349046025,0.9105122801215145,1,,1.5,1.5,0.8,0.8,0,0.0
evaluation-3d-06,uniform_clutter,3,6,37,30060037,SC-RRT,1,5000,5000,3584,3586,9547,343,4129,652,148.0,0.0141623750096187,132.0,2599.7954770512906,0.8994048227478523,0.8409108680207282,2586.999767164178,0.9038534212089054,1,,1.4238786077073993,1.4238786077073993,0.8518930101073943,0.8518930101073943,99,0.0029733075308778687
evaluation-3d-06,uniform_clutter,3,6,38,30060038,SC-RRT-no-SSFOR,1,5000,5000,3627,3629,9139,294,4039,643,165.0,0.015059124038089067,134.0,2503.688080614328,0.9339296729184592,0.8128601750358939,2497.110830704576,0.9363895913095001,1,,1.5,1.5,0.8,0.8,0,0.0
evaluation-3d-06,uniform_clutter,3,6,38,30060038,SC-RRT,1,5000,5000,3510,3512,9054,306,3860,544,165.0,0.015003125998191535,134.0,2503.688080614328,0.9339296729184592,0.775030214979779,2489.475105833769,0.9392616880315648,1,,1.404795920368277,1.404795920368277,0.8651996995853383,0.8651996995853383,99,0.0038368014209044254
evaluation-3d-06,uniform_clutter,3,6,38,30060038,SC-RRT-no-ADCS,1,5000,5000,3912,3914,10724,299,4550,738,165.0,0.015172237996011972,134.0,2503.688080614328,0.9339296729184592,0.872559646028094,2491.3850349628374,0.9385416374441949,1,,4.0,4.0,0.0,0.0,0,0.0
evaluation-3d-06,uniform_clutter,3,6,39,30060039,SC-RRT,1,5000,5000,3584,3586,9359,336,3939,531,189.0,0.017309884016867727,145.0,2746.8926869707484,0.8512413321820039,0.8104755940148607,2663.251162943058,0.8779752442252019,1,,1.423703208282204,1.423703208282204,0.8520148718657552,0.8520148718657552,99,0.002200689218714367
evaluation-3d-06,uniform_clutter,3,6,39,30060039,SC-RRT-no-ADCS,1,5000,5000,3811,3813,10419,358,4363,639,189.0,0.017164846998639405,145.0,2746.8926869707484,0.8512413321820039,0.8954607680207118,2646.9745477725523,0.8833740362882044,1,,4.0,4.0,0.0,0.0,0,0.0
evaluation-3d-06,uniform_clutter,3,6,39,30060039,SC-RRT-no-SSFOR,1,5000,5000,3688,3690,9176,325,3902,482,189.0,0.017050932976417243,145.0,2746.8926869707484,0.8512413321820039,0.828311514982488,2649.7205086143626,0.882458577278685,1,,1.5,1.5,0.8,0.8,0,0.0
evaluation-3d-06,uniform_clutter,3,6,40,30060040,SC-RRT-no-ADCS,1,5000,5000,3926,3928,10493,321,4320,602,196.0,0.018566876999102533,167.0,2775.416467379565,0.8424928718628243,0.8749527320032939,2678.918231069447,0.8728405977828325,1,,4.0,4.0,0.0,0.0,0,0.0
evaluation-3d-06,uniform_clutter,3,6,40,30060040,SC-RRT-no-SSFOR,1,5000,5000,3744,3746,9269,326,3904,503,196.0,0.018707227951381356,167.0,2775.416467379565,0.8424928718628243,0.8500652899965644,2727.2698068677005,0.8573660678271915,1,,1.5,1.5,0.8,0.8,0,0.0
evaluation-3d-06,uniform_clutter,3,6,40,30060040,SC-RRT,1,5000,5000,3564,3566,9897,312,4612,893,196.0,0.018564833037089556,167.0,2775.416467379565,0.8424928718628243,0.8879412480164319,2621.4494665753755,0.8919754586277283,1,,1.2948295681336144,1.2948295681336144,0.9429851191009916,0.9429851191009916,99,0.02765977907528503
evaluation-3d-06,uniform_clutter,3,6,41,30060041,SC-RRT-no-SSFOR,1,5000,5000,3777,3779,9304,295,4033,478,172.0,0.01641513401409611,145.0,2531.6947010369663,0.9235981689499306,0.8427364049712196,2513.29561861268,0.9303595537673721,1,,1.5,1.5,0.8,0.8,0,0.0
evaluation-3d-06,uniform_clutter,3,6,41,30060041,SC-RRT,1,5000,5000,3539,3541,10059,338,4756,938,172.0,0.016241914010606706,145.0,2531.6947010369663,0.9235981689499306,0.8637982470099814,2513.2399536199837,0.9303801600201458,1,,1.4180335643544262,1.4180335643544262,0.8559586026081399,0.8559586026081399,99,0.0034071396591104286
evaluation-3d-06,uniform_clutter,3,6,41,30060041,SC-RRT-no-ADCS,1,5000,5000,3948,3950,11391,347,5077,949,172.0,0.01644653402036056,145.0,2531.6947010369663,0.9235981689499306,0.9173170970170759,2518.313251056394,0.9285058517788111,1,,4.0,4.0,0.0,0.0,0,0.0
evaluation-3d-06,uniform_clutter,3,6,42,30060042,SC-RRT,1,5000,5000,3587,3589,9635,313,4245,694,140.0,0.013607846980448812,123.0,2574.5718969939003,0.9082164661814935,0.8166386949596927,2549.214016107247,0.9172507978708727,1,,1.4302626806251264,1.4302626806251264,0.847463644167188,0.847463644167188,99,0.004187374013741864
evaluation-3d-06,uniform_clutter,3,6,42,30060042,SC-RRT-no-ADCS,1,5000,5000,3909,3911,11115,312,4905,790,140.0,0.01353622501483187,123.0,2574.5718969939003,0.9082164661814935,0.909640035009943,2554.9002130804747,0.9152093605247716,1,,4.0,4.0,0.0,0.0,0,0.0
evaluation-3d-06,uniform_clutter,3,6,42,30060042,SC-RRT-no-SSFOR,1,5000,5000,3538,3540,9250,311,4382,826,140.0,0.013847458001691848,123.0,2574.5718969939003,0.9082164661814935,0.8694154469994828,2513.62472887059,0.9302377412831246,1,,1.5,1.5,0.8,0.8,0,0.0
evaluation-3d-06,uniform_clutter,3,6,43,30060043,SC-RRT-no-ADCS,1,5000,5000,3817,3819,10899,426,4707,774,150.0,0.014352280995808542,128.0,2559.9664445962644,0.9133981404927186,0.9144962779828347,2523.7083886302094,0.9265209089736092,1,,4.0,4.0,0.0,0.0,0,0.0
evaluation-3d-06,uniform_clutter,3,6,43,30060043,SC-RRT-no-SSFOR,1,5000,5000,3758,3760,9249,314,3948,463,150.0,0.014351407007779926,128.0,2559.9664445962644,0.9133981404927186,0.8412813760223798,2557.6956223775446,0.9142090910897409,1,,1.5,1.5,0.8,0.8,0,0.0
evaluation-3d-06,uniform_clutter,3,6,43,30060043,SC-RRT,1,5000,5000,3502,3504,9566,410,4189,588,150.0,0.014327251992654055,128.0,2559.9664445962644,0.9133981404927186,0.8727647570194677,2498.9314104026635,0.9357073909608463,1,,1.3975408002787613,1.3975408002787613,0.870282527725833,0.870282527725833,99,0.009928918213340573
evaluation-3d-06,uniform_clutter,3,6,44,30060044,SC-RRT-no-SSFOR,1,5000,5000,3705,3707,9225,324,3909,453,200.0,0.01803039899095893,155.0,2638.4119153687384,0.886240915073791,0.8671784469624981,2622.564970515877,0.8915960582505722,1,,1.5,1.5,0.8,0.8,0,0.0
evaluation-3d-06,uniform_clutter,3,6,44,30060044,SC-RRT,1,5000,5000,3550,3552,9494,361,4063,647,200.0,0.017927943030372262,155.0,2638.4119153687384,0.886240915073791,0.8439703260082752,2589.530270541303,0.9029701706206369,1,,1.4079803277493679,1.4079803277493679,0.8629726549172536,0.8629726549172536,99,0.0042135556814161075
evaluation-3d-06,uniform_clutter,3,6,44,30060044,SC-RRT-no-ADCS,1,5000,5000,3902,3904,10879,355,4581,724,200.0,0.017984599980991334,155.0,2638.4119153687384,0.886240915073791,0.9449889960233122,2590.1354300213575,0.9027592005869375,1,,4.0,4.0,0.0,0.0,0,0.0
evaluation-3d-06,uniform_clutter,3,6,45,30060045,SC-RRT,1,5000,5000,3429,3431,9226,406,4029,664,186.0,0.017132034001406282,142.0,2718.0159406641455,0.8602850907661085,0.8065912169986404,2625.773844244852,0.8905064673954997,1,,1.3876044554054152,1.3876044554054152,0.8772623441025338,0.8772623441025338,99,0.005804521705967008
evaluation-3d-06,uniform_clutter,3,6,45,30060045,SC-RRT-no-ADCS,1,5000,5000,3791,3793,10559,401,4466,685,186.0,0.017045165004674345,142.0,2718.0159406641455,0.8602850907661085,0.8856615399708971,2634.3905717794596,0.8875937437927236,1,,4.0,4.0,0.0,0.0,0,0.0
evaluation-3d-06,uniform_clutter,3,6,45,30060045,SC-RRT-no-SSFOR,1,5000,5000,3634,3636,8941,387,3778,466,186.0,0.017161851981654763,142.0,2718.0159406641455,0.8602850907661085,0.8226023300085217,2670.332852580252,0.8756468647564271,1,,1.5,1.5,0.8,0.8,0,0.0
evaluation-3d-06,uniform_clutter,3,6,46,30060046,SC-RRT-no-ADCS,1,5000,5000,3801,3803,10500,470,4323,727,158.0,0.01414325402583927,117.0,2510.248574175099,0.9314888630048801,0.8733748759841546,2491.7245312329096,0.9384137615970755,1,,4.0,4.0,0.0,0.0,0,0.0
evaluation-3d-06,uniform_clutter,3,6,46,30060046,SC-RRT-no-SSFOR,1,5000,5000,3571,3573,9029,349,3957,550,158.0,0.01430565700866282,117.0,2510.248574175099,0.9314888630048801,0.8239345590118319,2497.2871483744384,0.9363234787557513,1,,1.5,1.5,0.8,0.8,0,0.0
evaluation-3d-06,uniform_clutter,3,6,46,30060046,SC-RRT,1,5000,5000,3460,3462,9518,424,4278,787,158.0,0.014237432973459363,117.0,2510.248574175099,0.9314888630048801,0.8343644969863817,2475.802559856643,0.9444487327589555,1,,1.3847702242188922,1.3847702242188922,0.879256875566316,0.879256875566316,98,0.009825823017565074
evaluation-3d-06,uniform_clutter,3,6,47,30060047,SC-RRT-no-SSFOR,1,5000,5000,3622,3624,9062,373,3840,460,208.0,0.019072680035606027,154.0,2690.410337737414,0.8691122530343923,0.8185145190218464,2640.2189865194077,0.8856343364534759,1,,1.5,1.5,0.8,0.8,0,0.0
evaluation-3d-06,uniform_clutter,3,6,47,30060047,SC-RRT,1,5000,5000,3518,3520,10302,360,5038,1042,208.0,0.01905494899256155,154.0,2690.410337737414,0.8691122530343923,0.9544093819567934,2571.959021980723,0.9091391310026516,1,,1.3736006823687523,1.3736006823687523,0.8871311722821001,0.8871311722821001,99,0.006636677950961378
evaluation-3d-06,uniform_clutter,3,6,47,30060047,SC-RRT-no-ADCS,1,5000,5000,3847,3849,10998,386,4813,853,208.0,0.01899681898066774,154.0,2690.410337737414,0.8691122530343923,0.9467226910055615,2590.3523419700555,0.9026836049800265,1,,4.0,4.0,0.0,0.0,0,0.0
evaluation-3d-06,uniform_clutter,3,6,48,30060048,SC-RRT,1,5000,5000,3563,3565,9549,353,4187,607,204.0,0.018683893023990095,156.0,2535.561706144552,0.9221895821156876,0.8329626360209659,2491.5742461680547,0.9384703641941039,1,,1.366061632160571,1.366061632160571,0.8924572581388625,0.8924572581388625,99,0.010579117407531655
evaluation-3d-06,uniform_clutter,3,6,48,30060048,SC-RRT-no-ADCS,1,5000,5000,3951,3953,11088,350,4820,785,204.0,0.018544791964814067,156.0,2535.561706144552,0.9221895821156876,0.896294164005667,2488.9948361931993,0.939442925399659,1,,4.0,4.0,0.0,0.0,0,0.0
evaluation-3d-06,uniform_clutter,3,6,48,30060048,SC-RRT-no-SSFOR,1,5000,5000,3717,3719,9185,268,4035,573,204.0,0.018436273967381567,156.0,2535.561706144552,0.9221895821156876,0.8063562900060788,2519.223152293645,0.9281704910059637,1,,1.5,1.5,0.8,0.8,0,0.0
evaluation-3d-06,uniform_clutter,3,6,49,30060049,SC-RRT-no-ADCS,1,5000,5000,3862,3864,10484,426,4225,604,255.0,0.021154529007617384,158.0,2663.205987314246,0.8779901372090446,0.8989671500166878,2603.2917333960704,0.898196909789916,1,,4.0,4.0,0.0,0.0,0,0.0
evaluation-3d-06,uniform_clutter,3,6,49,30060049,SC-RRT-no-SSFOR,1,5000,5000,3709,3711,9145,398,3789,414,255.0,0.021195703011471778,158.0,2663.205987314246,0.8779901372090446,0.8317184780025855,2660.7333033752147,0.878806074720764,1,,1.5,1.5,0.8,0.8,0,0.0
evaluation-3d-06,uniform_clutter,3,6,49,30060049,SC-RRT,1,5000,5000,3485,3487,9176,449,3805,598,255.0,0.02119161596056074,158.0,2663.205987314246,0.8779901372090446,0.8205552709987387,2608.8438612656437,0.8962853718212198,1,,1.333668664609653,1.333668664609653,0.9154136436205518,0.9154136436205518,99,0.015849641999742498
evaluation-3d-07,central_cluster,3,7,0,30070000,SC-RRT-no-SSFOR,1,5000,5000,3541,3543,9055,676,3587,334,582.0,0.04584651900222525,308.0,2982.0346038191997,0.7841185300879068,0.8181236629607156,2770.5724551096355,0.8439658691854913,1,,1.5,1.5,0.8,0.8,0,0.0
evaluation-3d-07,central_cluster,3,7,0,30070000,SC-RRT,1,5000,5000,3254,3256,9281,618,4425,860,582.0,0.045707397046498954,308.0,2982.0346038191997,0.7841185300879068,0.7645169870229438,2670.4680248076297,0.8756025417628522,1,,1.2984253212527987,1.2984253212527987,0.9404347262654078,0.9404347262654078,99,0.04509918400099512
evaluation-3d-07,central_cluster,3,7,0,30070000,SC-RRT-no-ADCS,1,5000,5000,3714,3716,9974,624,3926,502,582.0,0.04571684496477246,308.0,2982.0346038191997,0.7841185300879068,0.7951327940099873,2674.4554214466316,0.8742970892194563,1,,4.0,4.0,0.0,0.0,0,0.0
evaluation-3d-07,central_cluster,3,7,1,30070001,SC-RRT,1,5000,5000,3415,3417,9817,566,4405,767,245.0,0.021278075000736862,175.0,2732.502320433302,0.8557242834645414,0.8875685759703629,2640.138356924807,0.8856613836486827,1,,1.3793477632566449,1.3793477632566449,0.883076932739514,0.883076932739514,99,0.011762163319832483
evaluation-3d-07,central_cluster,3,7,1,30070001,SC-RRT-no-ADCS,1,5000,5000,3796,3798,10627,457,4489,715,245.0,0.02134465699782595,175.0,2732.502320433302,0.8557242834645414,0.9023710759938695,2657.4633147933428,0.8798874389729137,1,,4.0,4.0,0.0,0.0,0,0.0
evaluation-3d-07,central_cluster,3,7,1,30070001,SC-RRT-no-SSFOR,1,5000,5000,3499,3501,8791,610,3613,375,245.0,0.021264163020532578,175.0,2732.502320433302,0.8557242834645414,0.7919788310537115,2669.553309565268,0.875902564612492,1,,1.5,1.5,0.8,0.8,0,0.0
evaluation-3d-07,central_cluster,3,7,2,30070002,SC-RRT-no-ADCS,1,5000,5000,3691,3693,10537,550,4473,615,264.0,0.021029305004049093,149.0,2689.638176864956,0.8693617640955228,0.857350281032268,2604.8139874351928,0.8976720032589889,1,,4.0,4.0,0.0,0.0,0,0.0
evaluation-3d-07,central_cluster,3,7,2,30070002,SC-RRT-no-SSFOR,1,5000,5000,3571,3573,8960,555,3713,400,264.0,0.02110175194684416,149.0,2689.638176864956,0.8693617640955228,0.7910703319939785,2633.996360915221,0.88772658342076,1,,1.5,1.5,0.8,0.8,0,0.0
evaluation-3d-07,central_cluster,3,7,2,30070002,SC-RRT,1,5000,5000,3319,3321,9343,590,4155,671,264.0,0.021139971970114857,149.0,2689.638176864956,0.8693617640955228,0.7869357300223783,2588.986689769618,0.90315975723539,1,,1.3584005814428017,1.3584005814428017,0.897877369955092,0.897877369955092,99,0.013587235918109855
evaluation-3d-07,central_cluster,3,7,3,30070003,SC-RRT-no-SSFOR,1,5000,5000,3456,3458,8394,519,3521,372,244.0,0.02052419597748667,156.0,2514.8690224948136,0.9297774831622693,0.7575395169551484,2507.56455462937,0.9324858998749053,1,,1.5,1.5,0.8,0.8,0,0.0
evaluation-3d-07,central_cluster,3,7,3,30070003,SC-RRT,1,5000,5000,3281,3283,9840,632,4741,1005,244.0,0.020342231960967183,156.0,2514.8690224948136,0.9297774831622693,0.8234494829666801,2506.5549425423396,0.932861494688137,1,,1.4110164988961043,1.4110164988961043,0.8608516056822623,0.8608516056822623,99,0.0030283206199153774
evaluation-3d-07,central_cluster,3,7,3,30070003,SC-RRT-no-ADCS,1,5000,5000,3722,3724,10355,575,4317,664,244.0,0.020389479002915323,156.0,2514.8690224948136,0.9297774831622693,0.8434098479920067,2506.5549425423396,0.932861494688137,1,,4.0,4.0,0.0,0.0,0,0.0
evaluation-3d-07,central_cluster,3,7,4,30070004,SC-RRT,1,5000,5000,3407,3409,8864,557,3707,483,418.0,0.03510469198226929,261.0,2994.3225127197525,0.7809007146976054,0.753813604998868,2764.136597276952,0.8459309111284494,1,,1.3351962271820972,1.3351962271820972,0.9143293366223683,0.9143293366223683,98,0.019287937298259682
evaluation-3d-07,central_cluster,3,7,4,30070004,SC-RRT-no-ADCS,1,5000,5000,3824,3826,10432,506,4294,579,418.0,0.035174845019355416,261.0,2994.3225127197525,0.7809007146976054,0.8769846190116368,2758.9199458143253,0.8475304235505169,1,,4.0,4.0,0.0,0.0,0,0.0
evaluation-3d-07,central_cluster,3,7,4,30070004,SC-RRT-no-SSFOR,1,5000,5000,3582,3584,8996,615,3753,418,418.0,0.03491437603952363,261.0,2994.3225127197525,0.7809007146976054,0.7931540670106187,2641.005235145738,0.8853706759460294,1,,1.5,1.5,0.8,0.8,0,0.0
evaluation-3d-07,central_cluster,3,7,5,30070005,SC-RRT-no-ADCS,1,5000,5000,3783,3785,10605,577,4382,833,249.0,0.021596959966700524,177.0,2761.3336452238327,0.8467895917838081,0.9245328859542497,2691.0928327222146,0.868891835237313,1,,4.0,4.0,0.0,0.0,0,0.0
evaluation-3d-07,central_cluster,3,7,5,30070005,SC-RRT-no-SSFOR,1,5000,5000,3430,3432,8513,503,3614,410,249.0,0.02159412403125316,177.0,2761.3336452238327,0.8467895917838081,0.7715739480336197,2670.3235043856084,0.8756499301967445,1,,1.5,1.5,0.8,0.8,0,0.0
evaluation-3d-07,central_cluster,3,7,5,30070005,SC-RRT,1,5000,5000,3352,3354,9183,613,3985,827,249.0,0.021619191975332797,177.0,2761.3336452238327,0.8467895917838081,0.838071572012268,2693.694495654054,0.8680526295726906,1,,1.339680422458072,1.339680422458072,0.9111469795392539,0.9111469795392539,99,0.017608570518146002
evaluation-3d-07,central_cluster,3,7,6,30070006,SC-RRT-no-SSFOR,1,5000,5000,3454,3456,9171,539,4233,868,338.0,0.02663598401704803,195.0,2697.3237095878267,0.8668846760611061,0.8431938780122437,2569.9858134661076,0.9098371586201056,1,,1.5,1.5,0.8,0.8,0,0.0
evaluation-3d-07,central_cluster,3,7,6,30070006,SC-RRT,1,5000,5000,3335,3337,9281,620,4074,793,338.0,0.026532579970080405,195.0,2697.3237095878267,0.8668846760611061,0.8538462430005893,2633.6204528467492,0.8878532924858206,1,,1.3628880708349478,1.3628880708349478,0.8947016319840206,0.8947016319840206,99,0.01527660678291857
evaluation-3d-07,central_cluster,3,7,6,30070006,SC-RRT-no-ADCS,1,5000,5000,3788,3790,10910,529,4732,953,338.0,0.028078901988919824,195.0,2697.3237095878267,0.8668846760611061,0.9991933649871498,2583.043754209564,0.9052377012225704,1,,4.0,4.0,0.0,0.0,0,0.0
evaluation-3d-07,central_cluster,3,7,7,30070007,SC-RRT,1,5000,5000,3301,3303,9215,675,4146,815,218.0,0.019456851005088538,157.0,2709.47896361459,0.8629956613867223,0.7986245310166851,2620.4730971551053,0.8923078022653642,1,,1.338015767910857,1.338015767910857,0.912328233053207,0.912328233053207,99,0.016788470448343744
evaluation-3d-07,central_cluster,3,7,7,30070007,SC-RRT-no-ADCS,1,5000,5000,3652,3654,10522,668,4532,778,218.0,0.02026708796620369,157.0,2709.47896361459,0.8629956613867223,0.8851585799711756,2626.744248724085,0.8901774854380189,1,,4.0,4.0,0.0,0.0,0,0.0
evaluation-3d-07,central_cluster,3,7,7,30070007,SC-RRT-no-SSFOR,1,5000,5000,3622,3624,9043,386,3917,522,218.0,0.019119708973448724,157.0,2709.47896361459,0.8629956613867223,0.8218034679885022,2641.9979201014376,0.8850380132502936,1,,1.5,1.5,0.8,0.8,0,0.0
evaluation-3d-07,central_cluster,3,7,8,30070008,SC-RRT-no-ADCS,1,5000,5000,3722,3724,10348,467,4342,602,151.0,0.014277671987656504,127.0,2573.3971205133403,0.9086310743021067,0.9008727230248041,2553.300320386273,0.9157828288151555,1,,4.0,4.0,0.0,0.0,0,0.0
evaluation-3d-07,central_cluster,3,7,8,30070008,SC-RRT-no-SSFOR,1,5000,5000,3659,3661,9126,448,4024,572,151.0,0.01504435099195689,127.0,2573.3971205133403,0.9086310743021067,0.8437387369922362,2531.6560385313646,0.9236122737962594,1,,1.5,1.5,0.8,0.8,0,0.0
evaluation-3d-07,central_cluster,3,7,8,30070008,SC-RRT,1,5000,5000,3393,3395,8944,470,3742,466,151.0,0.014562487020157278,127.0,2573.3971205133403,0.9086310743021067,0.8037113110185601,2545.025011214838,0.9187605543812865,1,,1.4240012290934292,1.4240012290934292,0.8518078220101348,0.8518078220101348,99,0.004014699032079984
evaluation-3d-07,central_cluster,3,7,9,30070009,SC-RRT-no-SSFOR,1,5000,5000,3540,3542,8746,614,3636,384,218.0,0.018944308976642787,152.0,2632.0833968483093,0.888371771585147,0.8222923809662461,2615.8285294138414,0.893892150775627,1,,1.5,1.5,0.8,0.8,0,0.0
evaluation-3d-07,central_cluster,3,7,9,30070009,SC-RRT,1,5000,5000,3337,3339,10057,583,4856,1125,218.0,0.020366758981253952,152.0,2632.0833968483093,0.888371771585147,0.9295417629764415,2531.7741943622527,0.9235691695668728,1,,1.326676689425712,1.326676689425712,0.9203777978809569,0.9203777978809569,99,0.02003238063078801
evaluation-3d-07,central_cluster,3,7,9,30070009,SC-RRT-no-ADCS,1,5000,5000,3834,3836,11198,472,5001,923,218.0,0.020240148005541414,152.0,2632.0833968483093,0.888371771585147,0.9940206059836783,2581.299406520073,0.9058494277385181,1,,4.0,4.0,0.0,0.0,0,0.0
evaluation-3d-07,central_cluster,3,7,10,30070010,SC-RRT,1,5000,5000,3407,3409,8869,550,3721,497,409.0,0.03535994503181428,260.0,2858.1587134403953,0.8181031302503793,0.7781541079748422,2761.2095839998274,0.8468276380639024,1,,1.308215523100499,1.308215523100499,0.9334867435018299,0.9334867435018299,99,0.02267674364896626
evaluation-3d-07,central_cluster,3,7,10,30070010,SC-RRT-no-ADCS,1,5000,5000,3793,3795,10575,522,4491,772,409.0,0.03548064699862152,260.0,2858.1587134403953,0.8181031302503793,0.9186949419672601,2779.3798272446998,0.8412914878697939,1,,4.0,4.0,0.0,0.0,0,0.0
evaluation-3d-07,central_cluster,3,7,10,30070010,SC-RRT-no-SSFOR,1,5000,5000,3631,3633,9104,542,3731,432,409.0,0.03590885299490765,260.0,2858.1587134403953,0.8181031302503793,0.8308490889612585,2793.2359086181395,0.8371181907706338,1,,1.5,1.5,0.8,0.8,0,0.0
evaluation-3d-07,central_cluster,3,7,11,30070011,SC-RRT-no-ADCS,1,5000,5000,3790,3792,10220,444,4099,497,205.0,0.018370400997810066,129.0,2586.34753619003,0.904081357009935,0.9431863040081225,2575.3734924787946,0.9079337801086874,1,,4.0,4.0,0.0,0.0,0,0.0
evaluation-3d-07,central_cluster,3,7,11,30070011,SC-RRT-no-SSFOR,1,5000,5000,3600,3602,8981,437,3811,435,205.0,0.01899000001139939,129.0,2586.34753619003,0.904081357009935,0.8993073430028744,2578.242201341129,0.9069235578417274,1,,1.5,1.5,0.8,0.8,0,0.0
evaluation-3d-07,central_cluster,3,7,11,30070011,SC-RRT,1,5000,5000,3363,3365,8734,480,3583,399,205.0,0.01876968500437215,129.0,2586.34753619003,0.904081357009935,0.7765580359846354,2577.701590161084,0.9071137633397909,1,,1.396103935908771,1.396103935908771,0.8712905764283438,0.8712905764283438,99,0.004775308558729689
evaluation-3d-07,central_cluster,3,7,12,30070012,SC-RRT-no-SSFOR,1,5000,5000,3408,3410,8586,613,3633,509,338.0,0.029797411989420652,244.0,2883.937901298141,0.810790200844985,0.8085833259974606,2671.5599759001693,0.875244655299238,1,,1.5,1.5,0.8,0.8,0,0.0
evaluation-3d-07,central_cluster,3,7,12,30070012,SC-RRT,1,5000,5000,3395,3397,9796,570,4569,1024,338.0,0.03315433399984613,244.0,2883.937901298141,0.810790200844985,0.929694294987712,2665.0143657710328,0.8773943661431199,1,,1.3581241932283492,1.3581241932283492,0.8980730433800925,0.8980730433800925,99,0.014107287667215748
evaluation-3d-07,central_cluster,3,7,12,30070012,SC-RRT-no-ADCS,1,5000,5000,3754,3756,11371,578,5255,994,338.0,0.03294705395819619,244.0,2883.937901298141,0.810790200844985,1.0213949569733813,2675.7346319789704,0.8738791067964028,1,,4.0,4.0,0.0,0.0,0,0.0
evaluation-3d-07,central_cluster,3,7,13,30070013,SC-RRT,1,5000,5000,3501,3503,9731,404,4534,917,339.0,0.029494291986338794,241.0,2793.6052287864586,0.8370075220806081,0.8307315979618579,2743.9463959415734,0.8521553459194371,1,,1.3408360569421662,1.3408360569421662,0.9103270259764014,0.9103270259764014,99,0.014604310205140216
evaluation-3d-07,central_cluster,3,7,13,30070013,SC-RRT-no-ADCS,1,5000,5000,3884,3886,10481,435,4306,639,339.0,0.03036422998411581,241.0,2793.6052287864586,0.8370075220806081,0.887354226957541,2764.7264614789615,0.8457504287665232,1,,4.0,4.0,0.0,0.0,0,0.0
evaluation-3d-07,central_cluster,3,7,13,30070013,SC-RRT-no-SSFOR,1,5000,5000,3589,3591,8843,523,3607,376,339.0,0.030509059026371688,241.0,2793.6052287864586,0.8370075220806081,0.7932815210078843,2761.2633989872393,0.8468111340177114,1,,1.5,1.5,0.8,0.8,0,0.0
evaluation-3d-07,central_cluster,3,7,14,30070014,SC-RRT-no-ADCS,1,5000,5000,3726,3728,10170,510,4126,533,129.0,0.01254984800470993,106.0,2565.826453272514,0.9113120597987845,0.8586875940090977,2558.7592844007054,0.9138290594480977,1,,4.0,4.0,0.0,0.0,0,0.0
evaluation-3d-07,central_cluster,3,7,14,30070014,SC-RRT-no-SSFOR,1,5000,5000,3523,3525,8895,491,3860,583,129.0,0.012511894979979843,106.0,2565.826453272514,0.9113120597987845,0.7733965559746139,2560.6253606784016,0.9131630991885876,1,,1.5,1.5,0.8,0.8,0,0.0
evaluation-3d-07,central_cluster,3,7,14,30070014,SC-RRT,1,5000,5000,3351,3353,9513,601,4203,777,129.0,0.012300988018978387,106.0,2565.826453272514,0.9113120597987845,0.8536224309937097,2518.198617693761,0.9285481191946002,1,,1.3689045337170707,1.3689045337170707,0.8904478797612257,0.8904478797612257,99,0.016619126097449588
evaluation-3d-07,central_cluster,3,7,15,30070015,SC-RRT-no-SSFOR,1,5000,5000,3595,3597,8890,503,3735,443,282.0,0.024155412975233048,191.0,2781.5965233378292,0.8406210500335738,0.8270064959651791,2719.268706848172,0.8598887577124387,1,,1.5,1.5,0.8,0.8,0,0.0
evaluation-3d-07,central_cluster,3,7,15,30070015,SC-RRT,1,5000,5000,3387,3389,9785,469,4713,1025,282.0,0.0243162420229055,191.0,2781.5965233378292,0.8406210500335738,0.8758826230186969,2675.7110290306355,0.8738868154477425,1,,1.3788194453948395,1.3788194453948395,0.8834494025780922,0.8834494025780922,99,0.012412349432770956
evaluation-3d-07,central_cluster,3,7,15,30070015,SC-RRT-no-ADCS,1,5000,5000,3861,3863,10870,454,4645,825,282.0,0.02420573402196169,191.0,2781.5965233378292,0.8406210500335738,0.9124739720136859,2700.979646510147,0.8657112959881756,1,,4.0,4.0,0.0,0.0,0,0.0
evaluation-3d-07,central_cluster,3,7,16,30070016,SC-RRT,1,5000,5000,3393,3395,9734,466,4565,784,246.0,0.020756659971084446,166.0,2638.045562951088,0.8863639897114765,0.8283762479550205,2560.156035183547,0.913330499424167,1,,1.4038477753691425,1.4038477753691425,0.8658632640851079,0.8658632640851079,99,0.0037257006008537636
evaluation-3d-07,central_cluster,3,7,16,30070016,SC-RRT-no-ADCS,1,5000,5000,3825,3827,11776,424,5633,923,246.0,0.020755796984303743,166.0,2638.045562951088,0.8863639897114765,0.9425550649757497,2553.5787873351924,0.9156829629909728,1,,4.0,4.0,0.0,0.0,0,0.0
evaluation-3d-07,central_cluster,3,7,16,30070016,SC-RRT-no-SSFOR,1,5000,5000,3629,3631,8770,424,3656,338,246.0,0.02095139800803736,166.0,2638.045562951088,0.8863639897114765,0.8129544130060822,2562.0287232759283,0.9126629100505033,1,,1.5,1.5,0.8,0.8,0,0.0
evaluation-3d-07,central_cluster,3,7,17,30070017,SC-RRT-no-ADCS,1,5000,5000,3764,3766,10262,530,4185,563,159.0,0.015368023014161736,139.0,2659.0804258486437,0.879352338307604,0.8423498080228455,2571.875238276123,0.9091687479308985,1,,4.0,4.0,0.0,0.0,0,0.0
evaluation-3d-07,central_cluster,3,7,17,30070017,SC-RRT-no-SSFOR,1,5000,5000,3500,3502,8673,508,3585,415,159.0,0.015325054991990328,139.0,2659.0804258486437,0.879352338307604,0.7905743039445952,2635.982559726192,0.8870576861710602,1,,1.5,1.5,0.8,0.8,0,0.0
evaluation-3d-07,central_cluster,3,7,17,30070017,SC-RRT,1,5000,5000,3331,3333,9553,548,4472,1004,159.0,0.01538889401126653,139.0,2659.0804258486437,0.879352338307604,0.8150724199949764,2538.748615906653,0.9210319507679684,1,,1.360073517280545,1.360073517280545,0.8966931750138034,0.8966931750138034,98,0.009662799509486682
evaluation-3d-07,central_cluster,3,7,18,30070018,SC-RRT-no-SSFOR,1,5000,5000,3379,3381,8516,648,3571,446,487.0,0.03817678597988561,264.0,2566.249562170286,0.9111618077551672,0.7609931099577807,2552.0566825789997,0.9162290971746873,1,,1.5,1.5,0.8,0.8,0,0.0
evaluation-3d-07,central_cluster,3,7,18,30070018,SC-RRT,1,5000,5000,3301,3303,9254,597,4214,787,487.0,0.038237038999795914,264.0,2566.249562170286,0.9111618077551672,0.8620921060210094,2498.2939472838098,0.9359461454726703,1,,1.3358156962798213,1.3358156962798213,0.9138896495626746,0.9138896495626746,98,0.020194884230995882
evaluation-3d-07,central_cluster,3,7,18,30070018,SC-RRT-no-ADCS,1,5000,5000,3767,3769,10507,586,4355,570,487.0,0.03804469498572871,264.0,2566.249562170286,0.9111618077551672,0.8452263419749215,2552.2528091488716,0.9161586900154115,1,,4.0,4.0,0.0,0.0,0,0.0
evaluation-3d-07,central_cluster,3,7,19,30070019,SC-RRT,1,5000,5000,3396,3398,8785,502,3667,425,230.0,0.020538264012429863,171.0,2613.750702028702,0.8946027593232597,0.7648816360160708,2595.345083762403,0.9009470859375116,1,,1.3732391887998348,1.3732391887998348,0.8873863628258791,0.8873863628258791,98,0.009771226584931535
evaluation-3d-07,central_cluster,3,7,19,30070019,SC-RRT-no-ADCS,1,5000,5000,3823,3825,10486,454,4385,620,230.0,0.020447907969355583,171.0,2613.750702028702,0.8946027593232597,0.874140212952625,2586.8695726626443,0.9038989112277597,1,,4.0,4.0,0.0,0.0,0,0.0
evaluation-3d-07,central_cluster,3,7,19,30070019,SC-RRT-no-SSFOR,1,5000,5000,3525,3527,8836,461,3831,532,230.0,0.020458964980207384,171.0,2613.750702028702,0.8946027593232597,0.7888921010307968,2580.3187583170293,0.9061936951321012,1,,1.5,1.5,0.8,0.8,0,0.0
evaluation-3d-07,central_cluster,3,7,20,30070020,SC-RRT-no-ADCS,1,5000,5000,3680,3682,10263,569,4269,724,179.0,0.015504632028751075,127.0,2588.835615870705,0.9032124619591007,0.8630860350094736,2515.816845798668,0.929427193447256,1,,4.0,4.0,0.0,0.0,0,0.0
evaluation-3d-07,central_cluster,3,7,20,30070020,SC-RRT-no-SSFOR,1,5000,5000,3563,3565,8972,470,3786,437,179.0,0.015575235011056066,127.0,2588.835615870705,0.9032124619591007,0.8108518410008401,2579.431396367352,0.9065054389548795,1,,1.5,1.5,0.8,0.8,0,0.0
evaluation-3d-07,central_cluster,3,7,20,30070020,SC-RRT,1,5000,5000,3323,3325,9213,593,4031,761,179.0,0.015522233967203647,127.0,2588.835615870705,0.9032124619591007,0.8183163399808109,2509.0676053987445,0.9319272964932259,1,,1.396669733779403,1.396669733779403,0.8708935807870515,0.8708935807870515,99,0.006023784657157052
evaluation-3d-07,central_cluster,3,7,21,30070021,SC-RRT-no-SSFOR,1,5000,5000,3604,3606,8940,581,3702,366,220.0,0.01932413101894781,152.0,2601.143914590559,0.8989385697200252,0.8069424809655175,2598.328763209671,0.8999125219741482,1,,1.5,1.5,0.8,0.8,0,0.0
evaluation-3d-07,central_cluster,3,7,21,30070021,SC-RRT,1,5000,5000,3347,3349,10187,572,4978,1122,220.0,0.019296924001537263,152.0,2601.143914590559,0.8989385697200252,0.9406399410218,2448.392359763833,0.9550220089902293,1,,1.2822373179623487,1.2822373179623487,0.95,0.95,99,0.05100695560067663
evaluation-3d-07,central_cluster,3,7,21,30070021,SC-RRT-no-ADCS,1,5000,5000,3840,3842,11063,477,4814,851,220.0,0.019321506028063595,152.0,2601.143914590559,0.8989385697200252,0.9238779849838465,2573.082766440626,0.9087420819550772,1,,4.0,4.0,0.0,0.0,0,0.0
evaluation-3d-07,central_cluster,3,7,22,30070022,SC-RRT,1,5000,5000,3409,3411,9265,574,4036,665,472.0,0.036137942981440574,235.0,2637.075689706306,0.8866899798687233,0.7901036639814265,2565.2285028409497,0.9115244851007966,1,,1.3295493095380582,1.3295493095380582,0.9183381226946793,0.9183381226946793,99,0.020073059901724415
evaluation-3d-07,central_cluster,3,7,22,30070022,SC-RRT-no-ADCS,1,5000,5000,3860,3862,11174,556,4851,961,472.0,0.035977321036625654,235.0,2637.075689706306,0.8866899798687233,0.9097496860194951,2573.960270733103,0.9084322772208174,1,,4.0,4.0,0.0,0.0,0,0.0
evaluation-3d-07,central_cluster,3,7,22,30070022,SC-RRT-no-SSFOR,1,5000,5000,3438,3440,8731,656,3575,387,472.0,0.03619056998286396,235.0,2637.075689706306,0.8866899798687233,0.7772934369859286,2602.541964719444,0.8984556721528413,1,,1.5,1.5,0.8,0.8,0,0.0
evaluation-3d-07,central_cluster,3,7,23,30070023,SC-RRT-no-ADCS,1,5000,5000,3713,3715,10219,528,4200,496,146.0,0.013699222006835043,117.0,2547.1981341946143,0.9179767207066165,0.8177937280270271,2537.4133381238425,0.9215166307697013,1,,4.0,4.0,0.0,0.0,0,0.0
evaluation-3d-07,central_cluster,3,7,23,30070023,SC-RRT-no-SSFOR,1,5000,5000,3546,3548,8777,467,3710,414,146.0,0.01354368799366057,117.0,2547.1981341946143,0.9179767207066165,0.8040312819648534,2533.9852695223135,0.9227632924080793,1,,1.5,1.5,0.8,0.8,0,0.0
evaluation-3d-07,central_cluster,3,7,23,30070023,SC-RRT,1,5000,5000,3376,3378,8887,534,3678,448,146.0,0.013443050964269787,117.0,2547.1981341946143,0.9179767207066165,0.7461954529862851,2537.7137545159662,0.9214075409635696,1,,1.4365722354344743,1.4365722354344743,0.8430980099955623,0.8430980099955623,98,0.0020059285267694416
evaluation-3d-07,central_cluster,3,7,24,30070024,SC-RRT-no-SSFOR,1,5000,5000,3499,3501,8811,648,3553,362,362.0,0.030304803978651762,229.0,2972.2636725924235,0.786696218030527,0.7715793050010689,2631.4974564212043,0.888569580226003,1,,1.5,1.5,0.8,0.8,0,0.0
evaluation-3d-07,central_cluster,3,7,24,30070024,SC-RRT,1,5000,5000,3346,3348,8857,592,3717,572,362.0,0.030479463981464505,229.0,2972.2636725924235,0.786696218030527,0.7594347069971263,2639.9061176466903,0.8857392975407788,1,,1.3826986732627367,1.3826986732627367,0.8807156353937949,0.8807156353937949,99,0.006582943581653234
evaluation-3d-07,central_cluster,3,7,24,30070024,SC-RRT-no-ADCS,1,5000,5000,3795,3797,10132,490,4069,554,362.0,0.03044583200244233,229.0,2972.2636725924235,0.786696218030527,0.8368282889714465,2625.857885432698,0.8904779665304225,1,,4.0,4.0,0.0,0.0,0,0.0
evaluation-3d-07,central_cluster,3,7,25,30070025,SC-RRT,1,5000,5000,3265,3267,9150,632,4058,753,351.0,0.0280734789557755,198.0,2573.5819833183095,0.9085658064807718,0.7861638100002892,2529.7595584562796,0.924304676466902,1,,1.386914362841971,1.386914362841971,0.8777478415231589,0.8777478415231589,98,0.007861789174238213
evaluation-3d-07,central_cluster,3,7,25,30070025,SC-RRT-no-ADCS,1,5000,5000,3729,3731,10298,547,4259,611,351.0,0.02788506296928972,198.0,2573.5819833183095,0.9085658064807718,0.8426357299904339,2539.33562157696,0.9208190403621753,1,,4.0,4.0,0.0,0.0,0,0.0
evaluation-3d-07,central_cluster,3,7,25,30070025,SC-RRT-no-SSFOR,1,5000,5000,3493,3495,8701,557,3637,447,351.0,0.028186039009597152,198.0,2573.5819833183095,0.9085658064807718,0.7648201680276543,2542.909564980938,0.9195248712022177,1,,1.5,1.5,0.8,0.8,0,0.0
evaluation-3d-07,central_cluster,3,7,26,30070026,SC-RRT-no-ADCS,1,5000,5000,3852,3854,10394,406,4263,653,353.0,0.029392501979600638,233.0,2836.235833632301,0.8244267146231695,0.8674821109743789,2775.8993586344077,0.8423463130768134,1,,4.0,4.0,0.0,0.0,0,0.0
evaluation-3d-07,central_cluster,3,7,26,30070026,SC-RRT-no-SSFOR,1,5000,5000,3391,3393,8866,488,4077,798,353.0,0.029316401982214302,233.0,2836.235833632301,0.8244267146231695,0.7606645659543574,2807.661177562488,0.8328172248504666,1,,1.5,1.5,0.8,0.8,0,0.0
evaluation-3d-07,central_cluster,3,7,26,30070026,SC-RRT,1,5000,5000,3417,3419,9233,468,4033,761,353.0,0.02952838799683377,233.0,2836.235833632301,0.8244267146231695,0.8416791440104134,2637.402604608478,0.8865800716705896,1,,1.2904142950245148,1.2904142950245148,0.9461153714491328,0.9461153714491328,99,0.06605787844314867
evaluation-3d-07,central_cluster,3,7,27,30070027,SC-RRT-no-SSFOR,1,5000,5000,3365,3367,8512,744,3372,341,480.0,0.03837051597656682,274.0,2935.266857121598,0.7966119279904088,0.7660180599777959,2714.779986734978,0.861310530371996,1,,1.5,1.5,0.8,0.8,0,0.0
evaluation-3d-07,central_cluster,3,7,27,30070027,SC-RRT,1,5000,5000,3260,3262,9147,740,3995,754,480.0,0.03833835298428312,274.0,2935.266857121598,0.7966119279904088,0.8017513429513201,2653.263230009691,0.8812802905384716,1,,1.3115653403858971,1.3115653403858971,0.9311084621620558,0.9311084621620558,99,0.02264780945162509
evaluation-3d-07,central_cluster,3,7,27,30070027,SC-RRT-no-ADCS,1,5000,5000,3778,3780,10469,631,4243,599,480.0,0.03831275901757181,274.0,2935.266857121598,0.7966119279904088,0.8632906040293165,2673.412004394489,0.8746383222542562,1,,4.0,4.0,0.0,0.0,0,0.0
evaluation-3d-07,central_cluster,3,7,28,30070028,SC-RRT,1,5000,5000,3459,3461,9725,473,4467,667,267.0,0.021891220996621996,168.0,2573.347137589075,0.9086487229269302,0.8258090519811958,2547.746194283808,0.9177792495438465,1,,1.3768952699925443,1.3768952699925443,0.884806365230916,0.884806365230916,99,0.010209779651713376
evaluation-3d-07,central_cluster,3,7,28,30070028,SC-RRT-no-ADCS,1,5000,5000,3813,3815,11355,430,5276,749,267.0,0.02195566997397691,168.0,2573.347137589075,0.9086487229269302,0.899941754003521,2564.117426645108,0.911919464342698,1,,4.0,4.0,0.0,0.0,0,0.0
evaluation-3d-07,central_cluster,3,7,28,30070028,SC-RRT-no-SSFOR,1,5000,5000,3494,3496,8916,592,3931,582,267.0,0.02200054400600493,168.0,2573.347137589075,0.9086487229269302,0.7844988300348632,2527.529699178868,0.9251201245934438,1,,1.5,1.5,0.8,0.8,0,0.0
evaluation-3d-07,central_cluster,3,7,29,30070029,SC-RRT-no-ADCS,1,5000,5000,3700,3702,10442,639,4328,670,423.0,0.033486191008705646,238.0,2742.3614166407874,0.8526478588960785,0.8716455519897863,2556.1726763029137,0.9147537691389096,1,,4.0,4.0,0.0,0.0,0,0.0
evaluation-3d-07,central_cluster,3,7,29,30070029,SC-RRT-no-SSFOR,1,5000,5000,3307,3309,8326,685,3483,444,423.0,0.033587299985811114,238.0,2742.3614166407874,0.8526478588960785,0.7477619459968992,2558.2677325884556,0.9140046447961582,1,,1.5,1.5,0.8,0.8,0,0.0
evaluation-3d-07,central_cluster,3,7,29,30070029,SC-RRT,1,5000,5000,3209,3211,9364,732,4294,848,423.0,0.03391356399515644,238.0,2742.3614166407874,0.8526478588960785,0.8080902569927275,2563.0360447922935,0.9123042163097927,1,,1.3505183905629037,1.3505183905629037,0.9034608485006796,0.9034608485006796,99,0.01277132347103241
evaluation-3d-07,central_cluster,3,7,30,30070030,SC-RRT-no-SSFOR,1,5000,5000,3512,3514,8976,688,3544,412,558.0,0.047145704040303826,337.0,3022.7952596730474,0.7735451426078049,0.822011653042864,2998.9224208023543,0.7797029272909255,1,,1.5,1.5,0.8,0.8,0,0.0
evaluation-3d-07,central_cluster,3,7,30,30070030,SC-RRT,1,5000,5000,3345,3347,9469,558,4463,939,558.0,0.047902210033498704,337.0,3022.7952596730474,0.7735451426078049,0.871970679028891,2893.3827291622865,0.8081435499875873,1,,1.3140592940726488,1.3140592940726488,0.9293376220219476,0.9293376220219476,99,0.029868289275880196
evaluation-3d-07,central_cluster,3,7,30,30070030,SC-RRT-no-ADCS,1,5000,5000,3774,3776,10521,579,4416,735,558.0,0.047391594969667494,337.0,3022.7952596730474,0.7735451426078049,0.8610827900120057,2912.0187591877284,0.8029716782697565,1,,4.0,4.0,0.0,0.0,0,0.0
evaluation-3d-07,central_cluster,3,7,31,30070031,SC-RRT,1,5000,5000,3478,3480,9618,435,4344,830,213.0,0.018612733052577823,148.0,2632.336467327472,0.8882863643157117,0.8462403010344133,2561.6197968406746,0.9128086037989883,1,,1.4010771876614112,1.4010771876614112,0.8678034823547702,0.8678034823547702,99,0.005181020850905433
evaluation-3d-07,central_cluster,3,7,31,30070031,SC-RRT-no-ADCS,1,5000,5000,3872,3874,10793,384,4626,778,213.0,0.01866400201106444,148.0,2632.336467327472,0.8882863643157117,0.9322249289834872,2557.259826442147,0.9143648862114883,1,,4.0,4.0,0.0,0.0,0,0.0
evaluation-3d-07,central_cluster,3,7,31,30070031,SC-RRT-no-SSFOR,1,5000,5000,3599,3601,9147,495,3880,485,213.0,0.01862572500249371,148.0,2632.336467327472,0.8882863643157117,0.8218901999644004,2612.78844560948,0.8949322300269669,1,,1.5,1.5,0.8,0.8,0,0.0
evaluation-3d-07,central_cluster,3,7,32,30070032,SC-RRT-no-ADCS,1,5000,5000,3699,3701,10845,590,4709,937,279.0,0.02072293101809919,136.0,2539.823253808915,0.9206422481215321,0.9050626229727641,2512.145060149631,0.9307856569710627,1,,4.0,4.0,0.0,0.0,0,0.0
evaluation-3d-07,central_cluster,3,7,32,30070032,SC-RRT-no-SSFOR,1,5000,5000,3468,3470,8790,503,3819,520,279.0,0.0208239330095239,136.0,2539.823253808915,0.9206422481215321,0.7777024949900806,2532.8197463080023,0.9231879187717136,1,,1.5,1.5,0.8,0.8,0,0.0
evaluation-3d-07,central_cluster,3,7,32,30070032,SC-RRT,1,5000,5000,3208,3210,9279,708,4110,860,279.0,0.020782130945008248,136.0,2539.823253808915,0.9206422481215321,0.7876242189668119,2513.4162336169884,0.9303149072340661,1,,1.39625609066344,1.39625609066344,0.8711838092701505,0.8711838092701505,99,0.005266871086399119
evaluation-3d-07,central_cluster,3,7,33,30070033,SC-RRT-no-SSFOR,1,5000,5000,3587,3589,8816,564,3570,336,349.0,0.028217090992257,208.0,2699.0009776300903,0.8663459589670641,0.7941753740306012,2588.4415073061436,0.903349982457776,1,,1.5,1.5,0.8,0.8,0,0.0
evaluation-3d-07,central_cluster,3,7,33,30070033,SC-RRT,1,5000,5000,3442,3444,10054,554,4717,1026,349.0,0.028316701005678624,208.0,2699.0009776300903,0.8663459589670641,0.9298250160063617,2645.1896693458875,0.8839701051744241,1,,1.3669209847778692,1.3669209847778692,0.8918497452271962,0.8918497452271962,99,0.01055613420688147
evaluation-3d-07,central_cluster,3,7,33,30070033,SC-RRT-no-ADCS,1,5000,5000,3824,3826,10431,531,4227,604,349.0,0.02804641396505758,208.0,2699.0009776300903,0.8663459589670641,0.87952541699633,2658.8435128310925,0.8794306919282491,1,,4.0,4.0,0.0,0.0,0,0.0
evaluation-3d-07,central_cluster,3,7,34,30070034,SC-RRT,1,5000,5000,3489,3491,9767,368,4551,898,222.0,0.01978100195992738,160.0,2744.5192328663384,0.8519774837853581,0.9305235319770873,2632.4249166139402,0.8882565179582307,1,,1.3640720733561371,1.3640720733561371,0.8938641407283191,0.8938641407283191,99,0.011109214868684488
evaluation-3d-07,central_cluster,3,7,34,30070034,SC-RRT-no-ADCS,1,5000,5000,3900,3902,10489,336,4336,633,222.0,0.01974877098109573,160.0,2744.5192328663384,0.8519774837853581,0.8861366889905185,2649.5862712219473,0.8825032857449143,1,,4.0,4.0,0.0,0.0,0,0.0
evaluation-3d-07,central_cluster,3,7,34,30070034,SC-RRT-no-SSFOR,1,5000,5000,3613,3615,9179,333,4059,634,222.0,0.019685841049067676,160.0,2744.5192328663384,0.8519774837853581,0.8450338400434703,2671.8521675042875,0.8751489392476771,1,,1.5,1.5,0.8,0.8,0,0.0
evaluation-3d-07,central_cluster,3,7,35,30070035,SC-RRT-no-ADCS,1,5000,5000,3775,3777,10773,528,4659,933,234.0,0.020802875980734825,178.0,2729.9333765320216,0.8565295440244077,0.9303718919982202,2668.7626212287296,0.876162072871591,1,,4.0,4.0,0.0,0.0,0,0.0
evaluation-3d-07,central_cluster,3,7,35,30070035,SC-RRT-no-SSFOR,1,5000,5000,3482,3484,8631,484,3708,526,234.0,0.020802706014364958,178.0,2729.9333765320216,0.8565295440244077,0.7789339510491118,2623.1185694123387,0.8914078903958315,1,,1.5,1.5,0.8,0.8,0,0.0
evaluation-3d-07,central_cluster,3,7,35,30070035,SC-RRT,1,5000,5000,3434,3436,9212,514,3959,625,234.0,0.02096537599572912,178.0,2729.9333765320216,0.8565295440244077,0.8296169720124453,2674.5427206276668,0.8742685514738141,1,,1.3815635429160251,1.3815635429160251,0.8815153097339256,0.8815153097339256,99,0.005936431368826573
evaluation-3d-07,central_cluster,3,7,36,30070036,SC-RRT-no-SSFOR,1,5000,5000,3637,3639,8868,415,3559,328,185.0,0.0169903640053235,149.0,2751.6568679803167,0.8497675045995998,0.8384209499927238,2751.6027117533827,0.849784229471117,1,,1.5,1.5,0.8,0.8,0,0.0
evaluation-3d-07,central_cluster,3,7,36,30070036,SC-RRT,1,5000,5000,3504,3506,9241,392,3875,510,185.0,0.018738913000561297,149.0,2751.6568679803167,0.8497675045995998,0.9117272539879195,2713.398136397492,0.8617491693727048,1,,1.3796743242868,1.3796743242868,0.8828467275623846,0.8828467275623846,99,0.00585127648955349
evaluation-3d-07,central_cluster,3,7,36,30070036,SC-RRT-no-ADCS,1,5000,5000,3893,3895,10738,347,4506,726,185.0,0.01889045600546524,149.0,2751.6568679803167,0.8497675045995998,1.0302707130322233,2711.6582546458603,0.8623020936402472,1,,4.0,4.0,0.0,0.0,0,0.0
evaluation-3d-07,central_cluster,3,7,37,30070037,SC-RRT,1,5000,5000,3254,3256,8862,660,3760,512,297.0,0.02654581400565803,177.0,2581.7421801966516,0.9056940728449802,0.8331419809837826,2513.3324888495295,0.9303459055225597,1,,1.3980063008459702,1.3980063008459702,0.8699560473600759,0.8699560473600759,99,0.005010265738345438
evaluation-3d-07,central_cluster,3,7,37,30070037,SC-RRT-no-ADCS,1,5000,5000,3701,3703,10246,619,4177,537,297.0,0.0238529919879511,177.0,2581.7421801966516,0.9056940728449802,0.8391167800291441,2513.969555690894,0.9301101458944981,1,,4.0,4.0,0.0,0.0,0,0.0
evaluation-3d-07,central_cluster,3,7,37,30070037,SC-RRT-no-SSFOR,1,5000,5000,3566,3568,8884,577,3691,375,297.0,0.024225422996096313,177.0,2581.7421801966516,0.9056940728449802,0.7924379110336304,2541.9503929105276,0.9198718420073776,1,,1.5,1.5,0.8,0.8,0,0.0
evaluation-3d-07,central_cluster,3,7,38,30070038,SC-RRT-no-ADCS,1,5000,5000,3874,3876,10793,469,4574,780,307.0,0.025194847956299782,184.0,2627.2409586332324,0.8900091872176125,0.8892101449891925,2603.847029528871,0.8980053604151471,1,,4.0,4.0,0.0,0.0,0,0.0
evaluation-3d-07,central_cluster,3,7,38,30070038,SC-RRT-no-SSFOR,1,5000,5000,3374,3376,9242,664,4282,842,307.0,0.0239523519994691,184.0,2627.2409586332324,0.8900091872176125,0.8445552359917201,2559.0524138287165,0.9137243839095865,1,,1.5,1.5,0.8,0.8,0,0.0
evaluation-3d-07,central_cluster,3,7,38,30070038,SC-RRT,1,5000,5000,3468,3470,9608,513,4323,847,307.0,0.0254637380130589,184.0,2627.2409586332324,0.8900091872176125,0.853754720010329,2570.7015387566466,0.9095838450965873,1,,1.3344367861734119,1.3344367861734119,0.9148683966973677,0.9148683966973677,99,0.017536254895969394
evaluation-3d-07,central_cluster,3,7,39,30070039,SC-RRT-no-SSFOR,1,5000,5000,3537,3539,8807,473,3762,458,243.0,0.01972275401931256,151.0,2553.7204521004605,0.9156321665101342,0.7758789070066996,2542.338967297804,0.9197312476012112,1,,1.5,1.5,0.8,0.8,0,0.0
evaluation-3d-07,central_cluster,3,7,39,30070039,SC-RRT,1,5000,5000,3357,3359,9046,573,3876,455,243.0,0.019558942003641278,151.0,2553.7204521004605,0.9156321665101342,0.7803847210016102,2544.5000313205605,0.9189501125706235,1,,1.4049324812391357,1.4049324812391357,0.8651041443061234,0.8651041443061234,99,0.0032251245005455197
evaluation-3d-07,central_cluster,3,7,39,30070039,SC-RRT-no-ADCS,1,5000,5000,3792,3794,10716,505,4589,672,243.0,0.01950042200041935,151.0,2553.7204521004605,0.9156321665101342,0.884298644028604,2543.7656419465775,0.9192154149973738,1,,4.0,4.0,0.0,0.0,0,0.0
evaluation-3d-07,central_cluster,3,7,40,30070040,SC-RRT,1,5000,5000,3392,3394,9554,495,4276,865,170.0,0.015410854015499353,133.0,2523.4646468565015,0.9266104017469722,0.8371996490168385,2501.1723217159583,0.934869049172025,1,,1.386115342272133,1.386115342272133,0.8783100865571422,0.8783100865571422,99,0.00958175612378281
evaluation-3d-07,central_cluster,3,7,40,30070040,SC-RRT-no-ADCS,1,5000,5000,3828,3830,10780,428,4516,830,170.0,0.015414899971801788,133.0,2523.4646468565015,0.9266104017469722,0.9124621839728206,2511.4180604527337,0.9310550987263603,1,,4.0,4.0,0.0,0.0,0,0.0
evaluation-3d-07,central_cluster,3,7,40,30070040,SC-RRT-no-SSFOR,1,5000,5000,3446,3448,8580,575,3628,451,170.0,0.01568988198414445,133.0,2523.4646468565015,0.9266104017469722,0.7819018070003949,2518.162589421241,0.9285614042719129,1,,1.5,1.5,0.8,0.8,0,0.0
evaluation-3d-07,central_cluster,3,7,41,30070041,SC-RRT-no-ADCS,1,5000,5000,3722,3724,11064,545,4959,952,299.0,0.02309443795820698,147.0,2715.9434972526865,0.8609415448381973,0.9330443399958313,2620.1429311345937,0.8924202425878537,1,,4.0,4.0,0.0,0.0,0,0.0
evaluation-3d-07,central_cluster,3,7,41,30070041,SC-RRT-no-SSFOR,1,5000,5000,3513,3515,8810,571,3555,352,299.0,0.023297510982956737,147.0,2715.9434972526865,0.8609415448381973,0.8087263100314885,2697.956668887619,0.8666812989187347,1,,1.5,1.5,0.8,0.8,0,0.0
evaluation-3d-07,central_cluster,3,7,41,30070041,SC-RRT,1,5000,5000,3284,3286,9029,590,3941,590,299.0,0.023310746008064598,147.0,2715.9434972526865,0.8609415448381973,0.7855013920343481,2597.220196210606,0.9002966300776356,1,,1.286843432288166,1.286843432288166,0.948645660286017,0.948645660286017,99,0.04304137286830082
evaluation-3d-07,central_cluster,3,7,42,30070042,SC-RRT-no-SSFOR,1,5000,5000,3568,3570,8857,544,3655,381,294.0,0.02312999195419252,152.0,2658.7443809607657,0.8794634816954557,0.8166968469740823,2638.5205226936446,0.8862044354428081,1,,1.5,1.5,0.8,0.8,0,0.0
evaluation-3d-07,central_cluster,3,7,42,30070042,SC-RRT,1,5000,5000,3285,3287,9117,610,4074,760,294.0,0.023437672003638,152.0,2658.7443809607657,0.8794634816954557,0.7840133259887807,2524.7831859936373,0.9261264900644331,1,,1.302904611564272,1.302904611564272,0.937256455466758,0.937256455466758,98,0.030129724590677174
evaluation-3d-07,central_cluster,3,7,42,30070042,SC-RRT-no-ADCS,1,5000,5000,3741,3743,10731,565,4587,887,294.0,0.02304872201057151,152.0,2658.7443809607657,0.8794634816954557,0.902583920978941,2520.741795779236,0.9276113063754537,1,,4.0,4.0,0.0,0.0,0,0.0
evaluation-3d-07,central_cluster,3,7,43,30070043,SC-RRT,1,5000,5000,3411,3413,9074,489,3922,584,200.0,0.01803608500631526,147.0,2554.4423144023017,0.9153734171386452,0.840407743002288,2516.39562958734,0.9292134204673664,1,,1.404961795723853,1.404961795723853,0.8650836327602393,0.8650836327602393,99,0.005557082824266224
evaluation-3d-07,central_cluster,3,7,43,30070043,SC-RRT-no-ADCS,1,5000,5000,3832,3834,10501,412,4399,717,200.0,0.018352728977333754,147.0,2554.4423144023017,0.9153734171386452,0.9652498929644935,2510.63402146861,0.9313458553589584,1,,4.0,4.0,0.0,0.0,0,0.0
evaluation-3d-07,central_cluster,3,7,43,30070043,SC-RRT-no-SSFOR,1,5000,5000,3565,3567,8911,485,3782,449,200.0,0.018104640010278672,147.0,2554.4423144023017,0.9153734171386452,0.8470913670025766,2536.4981431341575,0.9218491235829425,1,,1.5,1.5,0.8,0.8,0,0.0
evaluation-3d-07,central_cluster,3,7,44,30070044,SC-RRT-no-ADCS,1,5000,5000,3808,3810,11097,508,4950,864,285.0,0.02563116396777332,194.0,2785.0042484992046,0.8395924679389773,0.9418670439627022,2723.1549961245832,0.8586615868526234,1,,4.0,4.0,0.0,0.0,0,0.0
evaluation-3d-07,central_cluster,3,7,44,30070044,SC-RRT-no-SSFOR,1,5000,5000,3612,3614,8955,464,3739,393,285.0,0.025051721022464335,194.0,2785.0042484992046,0.8395924679389773,0.8201017560204491,2731.870419895628,0.8559222184144878,1,,1.5,1.5,0.8,0.8,0,0.0
evaluation-3d-07,central_cluster,3,7,44,30070044,SC-RRT,1,5000,5000,3348,3350,9505,598,4325,757,285.0,0.02490997704444453,194.0,2785.0042484992046,0.8395924679389773,0.8602776320185512,2696.1968668968548,0.8672469799689284,1,,1.3140378888985782,1.3140378888985782,0.9293528214019339,0.9293528214019339,99,0.01843692166928683
evaluation-3d-07,central_cluster,3,7,45,30070045,SC-RRT-no-SSFOR,1,5000,5000,3461,3463,8645,581,3635,502,298.0,0.025572699028998613,192.0,2775.7426504429973,0.8423938688425622,0.8249668690259568,2568.298368370596,0.9104349475179749,1,,1.5,1.5,0.8,0.8,0,0.0
evaluation-3d-07,central_cluster,3,7,45,30070045,SC-RRT,1,5000,5000,3289,3291,8753,591,3665,531,298.0,0.026591904985252768,192.0,2775.7426504429973,0.8423938688425622,0.777652678953018,2570.834385611487,0.9095368427094591,1,,1.4073856446983148,1.4073856446983148,0.863388364747466,0.863388364747466,99,0.004050864539435139
evaluation-3d-07,central_cluster,3,7,45,30070045,SC-RRT-no-ADCS,1,5000,5000,3664,3666,10112,541,4201,607,298.0,0.02584615896921605,192.0,2775.7426504429973,0.8423938688425622,0.8691690259729512,2570.834385611487,0.9095368427094591,1,,4.0,4.0,0.0,0.0,0,0.0
evaluation-3d-07,central_cluster,3,7,46,30070046,SC-RRT,1,5000,5000,3334,3336,9599,441,4531,935,216.0,0.01985385996522382,149.0,2591.2329854553336,0.9023768234438022,0.9457320210058242,2517.4883330630896,0.9288100999351825,1,,1.3114431051918,1.3114431051918,0.9311952518304433,0.9311952518304433,99,0.020583290840403886
evaluation-3d-07,central_cluster,3,7,46,30070046,SC-RRT-no-ADCS,1,5000,5000,3831,3833,10940,384,4722,812,216.0,0.02045045600971207,149.0,2591.2329854553336,0.9023768234438022,0.9858092900249176,2556.419636457839,0.914665400340093,1,,4.0,4.0,0.0,0.0,0,0.0
evaluation-3d-07,central_cluster,3,7,46,30070046,SC-RRT-no-SSFOR,1,5000,5000,3585,3587,8934,435,3826,474,216.0,0.019145599973853678,149.0,2591.2329854553336,0.9023768234438022,0.8316965510020964,2562.954552649591,0.9123332240911859,1,,1.5,1.5,0.8,0.8,0,0.0
evaluation-3d-07,central_cluster,3,7,47,30070047,SC-RRT-no-ADCS,1,5000,5000,3798,3800,10446,422,4375,681,242.0,0.021682061022147536,168.0,2748.390681454907,0.8507773680051128,0.9045887590036727,2705.2193159736203,0.8643545373238736,1,,4.0,4.0,0.0,0.0,0,0.0
evaluation-3d-07,central_cluster,3,7,47,30070047,SC-RRT-no-SSFOR,1,5000,5000,3570,3572,8863,452,3671,425,242.0,0.02171919000102207,168.0,2748.390681454907,0.8507773680051128,0.864023611007724,2644.7811812652853,0.8841066349010155,1,,1.5,1.5,0.8,0.8,0,0.0
evaluation-3d-07,central_cluster,3,7,47,30070047,SC-RRT,1,5000,5000,3410,3412,8971,492,3740,472,242.0,0.021472341963090003,168.0,2748.390681454907,0.8507773680051128,0.8241049789940007,2705.2193159736203,0.8643545373238736,1,,1.40880852416784,1.40880852416784,0.8623938541474673,0.8623938541474673,99,0.0030546670754562993
evaluation-3d-07,central_cluster,3,7,48,30070048,SC-RRT-no-SSFOR,1,5000,5000,3467,3469,8656,668,3518,334,370.0,0.02977133303647861,193.0,2742.0316539756504,0.8527504001741726,0.7951758779818192,2693.582133656596,0.868088840136363,1,,1.5,1.5,0.8,0.8,0,0.0
evaluation-3d-07,central_cluster,3,7,48,30070048,SC-RRT,1,5000,5000,3341,3343,9344,612,4165,573,370.0,0.029911547957453877,193.0,2742.0316539756504,0.8527504001741726,0.8360547999618575,2671.474592731327,0.8752726290491606,1,,1.3686373920959378,1.3686373920959378,0.8906366488266381,0.8906366488266381,99,0.011419401565344421
evaluation-3d-07,central_cluster,3,7,48,30070048,SC-RRT-no-ADCS,1,5000,5000,3725,3727,11046,561,4973,668,370.0,0.03036193799925968,193.0,2742.0316539756504,0.8527504001741726,0.8707530609681271,2685.3239041038196,0.8707584908638204,1,,4.0,4.0,0.0,0.0,0,0.0
evaluation-3d-07,central_cluster,3,7,49,30070049,SC-RRT,1,5000,5000,3337,3339,9653,511,4590,944,267.0,0.023408523004036397,183.0,2709.9363116510262,0.8628500161294921,0.8470504690194502,2552.978351172023,0.9158983228919785,1,,1.3403758681846951,1.3403758681846951,0.9106535325185714,0.9106535325185714,99,0.013224965742678087
evaluation-3d-07,central_cluster,3,7,49,30070049,SC-RRT-no-ADCS,1,5000,5000,3741,3743,10145,480,4102,519,267.0,0.02453395299380645,183.0,2709.9363116510262,0.8628500161294921,0.8727204980095848,2571.8511065239404,0.9091772786871548,1,,4.0,4.0,0.0,0.0,0,0.0
evaluation-3d-07,central_cluster,3,7,49,30070049,SC-RRT-no-SSFOR,1,5000,5000,3482,3484,9294,520,4288,816,267.0,0.02417485200567171,183.0,2709.9363116510262,0.8628500161294921,0.9073711970122531,2600.2720497780892,0.8992399816078995,1,,1.5,1.5,0.8,0.8,0,0.0
evaluation-3d-08,slab_clutter,3,8,0,30080000,SC-RRT-no-ADCS,1,5000,5000,3912,3914,11170,360,4876,889,184.0,0.01648542401380837,142.0,2610.247024720559,0.8958035649780345,0.9370031669968739,2548.7038012187654,0.9174344186640467,1,,4.0,4.0,0.0,0.0,0,0.0
evaluation-3d-08,slab_clutter,3,8,0,30080000,SC-RRT-no-SSFOR,1,5000,5000,3676,3678,9133,359,3991,557,184.0,0.01694545103237033,142.0,2610.247024720559,0.8958035649780345,0.844699984008912,2565.9052137355843,0.9112840870742086,1,,1.5,1.5,0.8,0.8,0,0.0
evaluation-3d-08,slab_clutter,3,8,0,30080000,SC-RRT,1,5000,5000,3556,3558,10239,366,4871,982,184.0,0.017294560035225004,142.0,2610.247024720559,0.8958035649780345,0.936171286040917,2543.128196580147,0.9194458200582865,1,,1.4168751998467934,1.4168751998467934,0.856765433023022,0.856765433023022,99,0.004202354535816466
evaluation-3d-08,slab_clutter,3,8,1,30080001,SC-RRT-no-SSFOR,1,5000,5000,3654,3656,8865,368,3686,395,190.0,0.01802930299891159,146.0,2673.846895486344,0.8744960656368017,0.8552159800310619,2669.086034700624,0.8760559082091388,1,,1.5,1.5,0.8,0.8,0,0.0
evaluation-3d-08,slab_clutter,3,8,1,30080001,SC-RRT,1,5000,5000,3543,3545,9284,309,4044,678,190.0,0.01785881503019482,146.0,2673.846895486344,0.8744960656368017,0.8780360129894689,2576.275435086935,0.9076159165175134,1,,1.2861127512654495,1.2861127512654495,0.9491632569274655,0.9491632569274655,99,0.030088854456211594
evaluation-3d-08,slab_clutter,3,8,1,30080001,SC-RRT-no-ADCS,1,5000,5000,3945,3947,10499,296,4316,585,190.0,0.018044398981146514,146.0,2673.846895486344,0.8744960656368017,0.9419799990137108,2641.0185979280723,0.8853661962291364,1,,4.0,4.0,0.0,0.0,0,0.0
evaluation-3d-08,slab_clutter,3,8,2,30080002,SC-RRT,1,5000,5000,3527,3529,9232,283,4051,673,249.0,0.02220005600247532,179.0,2763.0887615991046,0.8462517103014596,0.8855201439582743,2516.6738751421635,0.9291106858594853,1,,1.3523730202841115,1.3523730202841115,0.9021465334778908,0.9021465334778908,98,0.016382950073098323
evaluation-3d-08,slab_clutter,3,8,2,30080002,SC-RRT-no-ADCS,1,5000,5000,3926,3928,10843,293,4663,798,249.0,0.022637314978055656,179.0,2763.0887615991046,0.8462517103014596,1.0100928249885328,2552.0630977588335,0.9162267940284866,1,,4.0,4.0,0.0,0.0,0,0.0
evaluation-3d-08,slab_clutter,3,8,2,30080002,SC-RRT-no-SSFOR,1,5000,5000,3633,3635,8951,332,3718,400,249.0,0.027381404011975974,179.0,2763.0887615991046,0.8462517103014596,0.988052882021293,2719.4509905600503,0.8598311197130402,1,,1.5,1.5,0.8,0.8,0,0.0
evaluation-3d-08,slab_clutter,3,8,3,30080003,SC-RRT-no-ADCS,1,5000,5000,3940,3942,10656,315,4432,451,198.0,0.01845024700742215,156.0,2616.7898658056943,0.8935637594645166,0.9216995970346034,2585.7366754719487,0.9042949393875165,1,,4.0,4.0,0.0,0.0,0,0.0
evaluation-3d-08,slab_clutter,3,8,3,30080003,SC-RRT-no-SSFOR,1,5000,5000,3726,3728,9122,312,3947,499,198.0,0.019583455985412,156.0,2616.7898658056943,0.8935637594645166,0.8977255689678714,2562.5100611993844,0.9124914768621655,1,,1.5,1.5,0.8,0.8,0,0.0
evaluation-3d-08,slab_clutter,3,8,3,30080003,SC-RRT,1,5000,5000,3587,3589,9523,347,4118,517,198.0,0.01915395597461611,156.0,2616.7898658056943,0.8935637594645166,0.8709386639529839,2575.7889797606,0.9077873259770327,1,,1.404380659605316,1.404380659605316,0.8654902958792514,0.8654902958792514,99,0.006196689703231237
evaluation-3d-08,slab_clutter,3,8,4,30080004,SC-RRT-no-SSFOR,1,5000,5000,3611,3613,9029,373,3885,459,127.0,0.012440934020560235,112.0,2532.700142184807,0.9232315153585064,0.8491519670351408,2511.5871505538394,0.9309924163700088,1,,1.5,1.5,0.8,0.8,0,0.0
evaluation-3d-08,slab_clutter,3,8,4,30080004,SC-RRT,1,5000,5000,3633,3635,9408,272,3980,559,127.0,0.012578671041410416,112.0,2532.700142184807,0.9232315153585064,0.8710410839994438,2515.44926458675,0.9295630101297735,1,,1.4455724176244964,1.4455724176244964,0.8368925579816198,0.8368925579816198,99,0.0016508139162367743
evaluation-3d-08,slab_clutter,3,8,4,30080004,SC-RRT-no-ADCS,1,5000,5000,3951,3953,10678,266,4471,683,127.0,0.012517328024841845,112.0,2532.700142184807,0.9232315153585064,0.9550984519883059,2511.9595761917103,0.9308543865036822,1,,4.0,4.0,0.0,0.0,0,0.0
evaluation-3d-08,slab_clutter,3,8,5,30080005,SC-RRT,1,5000,5000,3579,3581,9631,354,4254,801,339.0,0.03060126502532512,239.0,2988.2810150332352,0.7824794851805389,0.8775356720434502,2657.647464728144,0.8798264710617555,1,,1.3897776467022216,1.3897776467022216,0.875734055983308,0.875734055983308,99,0.005606438353001302
evaluation-3d-08,slab_clutter,3,8,5,30080005,SC-RRT-no-ADCS,1,5000,5000,3936,3938,10565,320,4345,635,339.0,0.03077401197515428,239.0,2988.2810150332352,0.7824794851805389,0.9337277759914286,2650.0770027201393,0.882339867037032,1,,4.0,4.0,0.0,0.0,0,0.0
evaluation-3d-08,slab_clutter,3,8,5,30080005,SC-RRT-no-SSFOR,1,5000,5000,3678,3680,9131,365,3905,467,339.0,0.030853884003590792,239.0,2988.2810150332352,0.7824794851805389,0.8723066709935665,2679.2307163093874,0.8727387962463065,1,,1.5,1.5,0.8,0.8,0,0.0
evaluation-3d-08,slab_clutter,3,8,6,30080006,SC-RRT-no-ADCS,1,5000,5000,3913,3915,10655,315,4492,682,157.0,0.015043780964333564,129.0,2502.9409744490295,0.9342084428230296,0.9396564349881373,2499.1093180630282,0.9356407794238845,1,,4.0,4.0,0.0,0.0,0,0.0
evaluation-3d-08,slab_clutter,3,8,6,30080006,SC-RRT-no-SSFOR,1,5000,5000,3678,3680,9226,318,4125,625,157.0,0.015423464006744325,129.0,2502.9409744490295,0.9342084428230296,0.8692348530166782,2499.604620016844,0.9354553802201836,1,,1.5,1.5,0.8,0.8,0,0.0
evaluation-3d-08,slab_clutter,3,8,6,30080006,SC-RRT,1,5000,5000,3524,3526,9255,349,3988,654,157.0,0.015740029979497194,129.0,2502.9409744490295,0.9342084428230296,0.8650994399795309,2493.9834915327433,0.9375637802561955,1,,1.4181635237964023,1.4181635237964023,0.8558681051798892,0.8558681051798892,99,0.00473689101464183
evaluation-3d-08,slab_clutter,3,8,7,30080007,SC-RRT-no-SSFOR,1,5000,5000,3627,3629,8887,292,3862,511,160.0,0.016652291000355035,134.0,2549.2302600279986,0.917244953067638,0.8596896610106342,2527.6136040666433,0.9250894149548711,1,,1.5,1.5,0.8,0.8,0,0.0
evaluation-3d-08,slab_clutter,3,8,7,30080007,SC-RRT,1,5000,5000,3640,3642,9664,262,4212,704,160.0,0.016120371990837157,134.0,2549.2302600279986,0.917244953067638,0.9183625570149161,2522.642550785634,0.9269123719053143,1,,1.3946404005503452,1.3946404005503452,0.8723177947873605,0.8723177947873605,98,0.005551503070381946
evaluation-3d-08,slab_clutter,3,8,7,30080007,SC-RRT-no-ADCS,1,5000,5000,3948,3950,10781,253,4584,785,160.0,0.01613893499597907,134.0,2549.2302600279986,0.917244953067638,0.9822897609556094,2525.251854642629,0.9259546076242338,1,,4.0,4.0,0.0,0.0,0,0.0
evaluation-3d-08,slab_clutter,3,8,8,30080008,SC-RRT,1,5000,5000,3584,3586,9336,240,4041,535,153.0,0.01533069898141548,124.0,2508.0214993878744,0.9323160071748502,0.8688092549564317,2484.3591291221705,0.9411958854129893,1,,1.4194970910809255,1.4194970910809255,0.8549397398013567,0.8549397398013567,99,0.0023104117640317112
evaluation-3d-08,slab_clutter,3,8,8,30080008,SC-RRT-no-ADCS,1,5000,5000,3928,3930,10904,241,4745,775,153.0,0.015294709999579936,124.0,2508.0214993878744,0.9323160071748502,1.0138977390015498,2478.0829304828867,0.9435796362805107,1,,4.0,4.0,0.0,0.0,0,0.0
evaluation-3d-08,slab_clutter,3,8,8,30080008,SC-RRT-no-SSFOR,1,5000,5000,3692,3694,9038,299,3919,462,153.0,0.015344796003773808,124.0,2508.0214993878744,0.9323160071748502,0.8715835630428046,2489.5233394192614,0.9392434901869364,1,,1.5,1.5,0.8,0.8,0,0.0
evaluation-3d-08,slab_clutter,3,8,9,30080009,SC-RRT-no-ADCS,1,5000,5000,3945,3947,11353,311,5067,1159,157.0,0.015768438985105604,138.0,2611.9714701386492,0.8952121479695426,1.0038120719837025,2591.22561439093,0.9023793903672092,1,,4.0,4.0,0.0,0.0,0,0.0
evaluation-3d-08,slab_clutter,3,8,9,30080009,SC-RRT-no-SSFOR,1,5000,5000,3663,3665,9204,371,3876,471,157.0,0.01607381197391078,138.0,2611.9714701386492,0.8952121479695426,0.8745127329602838,2607.130214591628,0.896874493314958,1,,1.5,1.5,0.8,0.8,0,0.0
evaluation-3d-08,slab_clutter,3,8,9,30080009,SC-RRT,1,5000,5000,3577,3579,10129,358,4676,1110,157.0,0.015685205988120288,138.0,2611.9714701386492,0.8952121479695426,0.967195512028411,2563.4208167233305,0.9121672785691328,1,,1.3790076131928704,1.3790076131928704,0.8833167367735495,0.8833167367735495,99,0.012318901628199184
evaluation-3d-08,slab_clutter,3,8,10,30080010,SC-RRT-no-SSFOR,1,5000,5000,3603,3605,8951,399,3868,505,200.0,0.019004099944140762,158.0,2627.609744386686,0.8898842741823377,0.8759150309488177,2578.176123460867,0.906946802020322,1,,1.5,1.5,0.8,0.8,0,0.0
evaluation-3d-08,slab_clutter,3,8,10,30080010,SC-RRT,1,5000,5000,3507,3509,9866,386,4573,921,200.0,0.01894842297770083,158.0,2627.609744386686,0.8898842741823377,0.856870571966283,2527.8184581922433,0.925014445811977,1,,1.3988681401642793,1.3988681401642793,0.8693517200424546,0.8693517200424546,98,0.003605734499617447
evaluation-3d-08,slab_clutter,3,8,10,30080010,SC-RRT-no-ADCS,1,5000,5000,3820,3822,10562,399,4438,643,200.0,0.018884349963627756,158.0,2627.609744386686,0.8898842741823377,0.9418774169753306,2528.6722136743665,0.9247021332275762,1,,4.0,4.0,0.0,0.0,0,0.0
evaluation-3d-08,slab_clutter,3,8,11,30080011,SC-RRT,1,5000,5000,3555,3557,9821,348,4536,1087,171.0,0.016612641979008913,151.0,2672.7306673213225,0.8748612865513514,0.8732366529875435,2643.366188385411,0.8845798968345802,1,,1.4227407866109687,1.4227407866109687,0.8526836864968583,0.8526836864968583,99,0.0021703537695972005
evaluation-3d-08,slab_clutter,3,8,11,30080011,SC-RRT-no-ADCS,1,5000,5000,3943,3945,11115,354,4888,1079,171.0,0.01750691601773724,151.0,2672.7306673213225,0.8748612865513514,0.9721240199869499,2636.7111633351483,0.8868125651124914,1,,4.0,4.0,0.0,0.0,0,0.0
evaluation-3d-08,slab_clutter,3,8,11,30080011,SC-RRT-no-SSFOR,1,5000,5000,3664,3666,9129,335,3940,435,171.0,0.017761373019311577,151.0,2672.7306673213225,0.8748612865513514,0.8552354549756274,2658.3119366667356,0.8796065495420923,1,,1.5,1.5,0.8,0.8,0,0.0
evaluation-3d-08,slab_clutter,3,8,12,30080012,SC-RRT-no-ADCS,1,5000,5000,3827,3829,10657,382,4509,758,123.0,0.012470334011595696,117.0,2538.2470521906375,0.9212139488943515,0.9502468400169164,2525.5708903198642,0.925837638998857,1,,4.0,4.0,0.0,0.0,0,0.0
evaluation-3d-08,slab_clutter,3,8,12,30080012,SC-RRT-no-SSFOR,1,5000,5000,3643,3645,8943,350,3861,532,123.0,0.01353765104431659,117.0,2538.2470521906375,0.9212139488943515,0.8904938049963675,2492.857914488904,0.9379871097456373,1,,1.5,1.5,0.8,0.8,0,0.0
evaluation-3d-08,slab_clutter,3,8,12,30080012,SC-RRT,1,5000,5000,3504,3506,9477,387,4116,685,123.0,0.012554270040709525,117.0,2538.2470521906375,0.9212139488943515,0.8728570259991102,2514.107656058554,0.9300590547835815,1,,1.4324335223149531,1.4324335223149531,0.8459602410102324,0.8459602410102324,99,0.005593465343471958
evaluation-3d-08,slab_clutter,3,8,13,30080013,SC-RRT-no-SSFOR,1,5000,5000,3705,3707,9357,376,4019,516,169.0,0.017142862954642624,141.0,2667.1779936671433,0.8766826195214154,0.8896173319662921,2577.537709387543,0.9071714379587438,1,,1.5,1.5,0.8,0.8,0,0.0
evaluation-3d-08,slab_clutter,3,8,13,30080013,SC-RRT,1,5000,5000,3576,3578,10046,327,4633,914,169.0,0.01629080402199179,141.0,2667.1779936671433,0.8766826195214154,0.939392572036013,2515.0746199702903,0.9297014775035205,1,,1.3416457290795047,1.3416457290795047,0.9097525910952826,0.9097525910952826,99,0.015810604351795137
evaluation-3d-08,slab_clutter,3,8,13,30080013,SC-RRT-no-ADCS,1,5000,5000,3939,3941,11183,276,4978,798,169.0,0.01729261502623558,141.0,2667.1779936671433,0.8766826195214154,1.041228371032048,2520.304604068449,0.9277722170738372,1,,4.0,4.0,0.0,0.0,0,0.0
evaluation-3d-08,slab_clutter,3,8,14,30080014,SC-RRT,1,5000,5000,3608,3610,9920,232,4561,907,158.0,0.015724190045148134,132.0,2580.4991935728217,0.9061303316977759,0.902024720038753,2530.7405481734395,0.9239463886986077,1,,1.3761239729253019,1.3761239729253019,0.8853504699412228,0.8853504699412228,99,0.010954079300327688
evaluation-3d-08,slab_clutter,3,8,14,30080014,SC-RRT-no-ADCS,1,5000,5000,3970,3972,10743,248,4469,595,158.0,0.01623087201733142,132.0,2580.4991935728217,0.9061303316977759,0.9612551489844918,2553.8063668179175,0.9156013629692307,1,,4.0,4.0,0.0,0.0,0,0.0
evaluation-3d-08,slab_clutter,3,8,14,30080014,SC-RRT-no-SSFOR,1,5000,5000,3619,3621,8841,355,3759,459,158.0,0.01733200700255111,132.0,2580.4991935728217,0.9061303316977759,0.8428782779956236,2565.790716471937,0.9113247527191912,1,,1.5,1.5,0.8,0.8,0,0.0
evaluation-3d-08,slab_clutter,3,8,15,30080015,SC-RRT-no-ADCS,1,5000,5000,3905,3907,10708,385,4523,615,249.0,0.022009941982105374,184.0,2638.9587239512375,0.8860572804704431,0.9185267509892583,2593.049061371519,0.9017448320014523,1,,4.0,4.0,0.0,0.0,0,0.0
evaluation-3d-08,slab_clutter,3,8,15,30080015,SC-RRT-no-SSFOR,1,5000,5000,3622,3624,9519,373,4519,955,249.0,0.023042957007419318,184.0,2638.9587239512375,0.8860572804704431,0.8714959099888802,2611.598839781279,0.8953398793873771,1,,1.5,1.5,0.8,0.8,0,0.0
evaluation-3d-08,slab_clutter,3,8,15,30080015,SC-RRT,1,5000,5000,3481,3483,9706,501,4367,748,249.0,0.02236330497544259,184.0,2638.9587239512375,0.8860572804704431,0.8785626270109788,2593.049061371519,0.9017448320014523,1,,1.4116906660206399,1.4116906660206399,0.8603809520955911,0.8603809520955911,99,0.003013247632786841
evaluation-3d-08,slab_clutter,3,8,16,30080016,SC-RRT-no-SSFOR,1,5000,5000,3567,3569,8764,372,3739,446,225.0,0.02076517598470673,170.0,2568.5978033733677,0.9103288133109475,0.8323086539749056,2537.493455612479,0.9214875352865067,1,,1.5,1.5,0.8,0.8,0,0.0
evaluation-3d-08,slab_clutter,3,8,16,30080016,SC-RRT,1,5000,5000,3494,3496,9823,391,4559,968,225.0,0.02050575998146087,170.0,2568.5978033733677,0.9103288133109475,0.8910500800120644,2533.787003999078,0.9228354974303259,1,,1.397185267380831,1.397185267380831,0.8705319139810488,0.8705319139810488,99,0.006101268564630124
evaluation-3d-08,slab_clutter,3,8,16,30080016,SC-RRT-no-ADCS,1,5000,5000,3913,3915,11170,328,4992,850,225.0,0.021568032971117646,170.0,2568.5978033733677,0.9103288133109475,0.9700276079820469,2542.4811603246367,0.9196798099064075,1,,4.0,4.0,0.0,0.0,0,0.0
evaluation-3d-08,slab_clutter,3,8,17,30080017,SC-RRT,1,5000,5000,3486,3488,9873,327,4719,994,227.0,0.020742972963489592,170.0,2681.6455260238104,0.8719528988922836,0.9093859510030597,2477.9171844594757,0.9436427516152224,1,,1.285026827253287,1.285026827253287,0.9499323936671091,0.9499323936671091,99,0.027874988291317526
evaluation-3d-08,slab_clutter,3,8,17,30080017,SC-RRT-no-ADCS,1,5000,5000,3930,3932,11143,339,4889,962,227.0,0.021701861987821758,170.0,2681.6455260238104,0.8719528988922836,1.0253034819616005,2535.3772262252087,0.9222566827656296,1,,4.0,4.0,0.0,0.0,0,0.0
evaluation-3d-08,slab_clutter,3,8,17,30080017,SC-RRT-no-SSFOR,1,5000,5000,3617,3619,9004,409,3814,482,227.0,0.02125528804026544,170.0,2681.6455260238104,0.8719528988922836,0.8583388710394502,2551.9108924636316,0.9162814411441319,1,,1.5,1.5,0.8,0.8,0,0.0
evaluation-3d-08,slab_clutter,3,8,18,30080018,SC-RRT-no-ADCS,1,5000,5000,3869,3871,11044,323,4932,954,188.0,0.01871636399300769,144.0,2654.503972761444,0.8808683709693286,0.9615188059979118,2578.988480033887,0.9066611224984069,1,,4.0,4.0,0.0,0.0,0,0.0
evaluation-3d-08,slab_clutter,3,8,18,30080018,SC-RRT-no-SSFOR,1,5000,5000,3562,3564,8933,469,3771,434,188.0,0.0184033410041593,144.0,2654.503972761444,0.8808683709693286,0.8319555610069074,2613.460003560747,0.894702267121814,1,,1.5,1.5,0.8,0.8,0,0.0
evaluation-3d-08,slab_clutter,3,8,18,30080018,SC-RRT,1,5000,5000,3460,3462,9983,337,4831,1166,188.0,0.017978833988308907,144.0,2654.503972761444,0.8808683709693286,0.8982641879701987,2546.502313395128,0.9182275538954779,1,,1.326549095079737,1.326549095079737,0.9204683992877838,0.9204683992877838,99,0.017567433162536342
evaluation-3d-08,slab_clutter,3,8,19,30080019,SC-RRT-no-SSFOR,1,5000,5000,3574,3576,8793,362,3683,406,246.0,0.023361732019111514,186.0,2610.3149025524995,0.8957802707755702,0.8218305140035227,2610.3149025524995,0.8957802707755702,1,,1.5,1.5,0.8,0.8,0,0.0
evaluation-3d-08,slab_clutter,3,8,19,30080019,SC-RRT,1,5000,5000,3514,3516,10061,414,4692,1063,246.0,0.023085026012267917,186.0,2610.3149025524995,0.8957802707755702,0.9514461949584074,2539.857007645649,0.920630013098836,1,,1.3271932376810167,1.3271932376810167,0.9200110138371486,0.9200110138371486,99,0.02228718045362792
evaluation-3d-08,slab_clutter,3,8,19,30080019,SC-RRT-no-ADCS,1,5000,5000,3928,3930,10763,325,4520,705,246.0,0.02402342000277713,186.0,2610.3149025524995,0.8957802707755702,0.9287627949961461,2605.2625208797213,0.8975174561020511,1,,4.0,4.0,0.0,0.0,0,0.0
evaluation-3d-08,slab_clutter,3,8,20,30080020,SC-RRT,1,5000,5000,3622,3624,9233,313,3883,581,197.0,0.01793895597802475,146.0,2697.1096986568937,0.8669534618419098,0.875893764954526,2669.665357469824,0.8758658023094246,1,,1.4206854826362312,1.4206854826362312,0.8541128504013986,0.8541128504013986,98,0.003006043875552781
evaluation-3d-08,slab_clutter,3,8,20,30080020,SC-RRT-no-ADCS,1,5000,5000,3936,3938,10393,291,4285,634,197.0,0.019456712994724512,146.0,2697.1096986568937,0.8669534618419098,0.9142239800421521,2663.8178969614996,0.877788452763661,1,,4.0,4.0,0.0,0.0,0,0.0
evaluation-3d-08,slab_clutter,3,8,20,30080020,SC-RRT-no-SSFOR,1,5000,5000,3580,3582,8947,449,3820,483,197.0,0.017748585960362107,146.0,2697.1096986568937,0.8669534618419098,0.8340102869551629,2657.751965270431,0.8797918770347184,1,,1.5,1.5,0.8,0.8,0,0.0
evaluation-3d-08,slab_clutter,3,8,21,30080021,SC-RRT-no-ADCS,1,5000,5000,3929,3931,11059,361,4804,826,168.0,0.01683028304250911,143.0,2634.3925873889416,0.8875930646827175,0.9685568330460228,2603.0841908383845,0.8982685225654917,1,,4.0,4.0,0.0,0.0,0,0.0
evaluation-3d-08,slab_clutter,3,8,21,30080021,SC-RRT-no-SSFOR,1,5000,5000,3619,3621,8804,313,3787,460,168.0,0.017699530988465995,143.0,2634.3925873889416,0.8875930646827175,0.8227743089664727,2622.956216162587,0.8914630659138092,1,,1.5,1.5,0.8,0.8,0,0.0
evaluation-3d-08,slab_clutter,3,8,21,30080021,SC-RRT,1,5000,5000,3541,3543,9603,380,4249,730,168.0,0.016709610994439572,143.0,2634.3925873889416,0.8875930646827175,0.9266288159997202,2566.5273511255987,0.9110631878489401,1,,1.3691357710039673,1.3691357710039673,0.8902844898314521,0.8902844898314521,99,0.016375697103484257
evaluation-3d-08,slab_clutter,3,8,22,30080022,SC-RRT-no-SSFOR,1,5000,5000,3607,3609,8913,278,3882,561,177.0,0.01671713002724573,157.0,2552.72273828422,0.9159900349340804,0.8813960650004447,2544.312808609462,0.9190177333171203,1,,1.5,1.5,0.8,0.8,0,0.0
evaluation-3d-08,slab_clutter,3,8,22,30080022,SC-RRT,1,5000,5000,3652,3654,9529,299,4066,612,177.0,0.018605522986035794,157.0,2552.72273828422,0.9159900349340804,0.9066277780220844,2538.9364669393044,0.9209638053829579,1,,1.410065900508782,1.410065900508782,0.861515439043395,0.861515439043395,99,0.004762572840185912
evaluation-3d-08,slab_clutter,3,8,22,30080022,SC-RRT-no-ADCS,1,5000,5000,3971,3973,10536,269,4354,640,177.0,0.01810535101685673,157.0,2552.72273828422,0.9159900349340804,0.9205239809816703,2541.2050246364174,0.920141652306284,1,,4.0,4.0,0.0,0.0,0,0.0
evaluation-3d-08,slab_clutter,3,8,23,30080023,SC-RRT,1,5000,5000,3551,3553,10071,305,4714,997,165.0,0.015585121000185609,121.0,2507.686191829369,0.9324406689467817,1.02556233498035,2456.6574283592663,0.9518089755720028,1,,1.3653067418360294,1.3653067418360294,0.8929910043674251,0.8929910043674251,99,0.01744344321201119
evaluation-3d-08,slab_clutter,3,8,23,30080023,SC-RRT-no-ADCS,1,5000,5000,4005,4007,10907,237,4545,631,165.0,0.01651579496683553,121.0,2507.686191829369,0.9324406689467817,0.9783128539565951,2503.2073371104516,0.934109035057854,1,,4.0,4.0,0.0,0.0,0,0.0
evaluation-3d-08,slab_clutter,3,8,23,30080023,SC-RRT-no-SSFOR,1,5000,5000,3638,3640,8853,347,3771,439,165.0,0.015474240004550666,121.0,2507.686191829369,0.9324406689467817,0.8279901689966209,2494.505746293502,0.9373674900097284,1,,1.5,1.5,0.8,0.8,0,0.0
evaluation-3d-08,slab_clutter,3,8,24,30080024,SC-RRT-no-ADCS,1,5000,5000,3907,3909,10877,325,4623,737,193.0,0.018999874009750783,147.0,2658.638232936378,0.8794985949011364,1.0140205900534056,2545.686780031056,0.9185217162456485,1,,4.0,4.0,0.0,0.0,0,0.0
evaluation-3d-08,slab_clutter,3,8,24,30080024,SC-RRT-no-SSFOR,1,5000,5000,3676,3678,9113,370,3844,396,193.0,0.017880749015603215,147.0,2658.638232936378,0.8794985949011364,0.879704168997705,2573.816643602353,0.9084829706226889,1,,1.5,1.5,0.8,0.8,0,0.0
evaluation-3d-08,slab_clutter,3,8,24,30080024,SC-RRT,1,5000,5000,3536,3538,9237,321,3927,548,193.0,0.019528970995452255,147.0,2658.638232936378,0.8794985949011364,0.8842347369645722,2554.837954073696,0.9152316633192366,1,,1.4269070177191445,1.4269070177191445,0.8497903657060749,0.8497903657060749,99,0.002472023835729966
evaluation-3d-08,slab_clutter,3,8,25,30080025,SC-RRT-no-SSFOR,1,5000,5000,3656,3658,9096,407,3861,446,147.0,0.015534313977696002,138.0,2598.7133435623164,0.8997793450402981,0.8566521040047519,2590.4043747465607,0.9026654730100798,1,,1.5,1.5,0.8,0.8,0,0.0
evaluation-3d-08,slab_clutter,3,8,25,30080025,SC-RRT,1,5000,5000,3728,3730,10098,225,4468,574,147.0,0.015155483037233353,138.0,2598.7133435623164,0.8997793450402981,0.9319968770141713,2578.761804991264,0.9067408186720469,1,,1.4338623289458852,1.4338623289458852,0.8449715140029971,0.8449715140029971,99,0.0024871290664804893
evaluation-3d-08,slab_clutter,3,8,25,30080025,SC-RRT-no-ADCS,1,5000,5000,4034,4036,11815,225,5411,832,147.0,0.015532855002675205,138.0,2598.7133435623164,0.8997793450402981,1.0097788909915835,2575.235802308713,0.9079823246173082,1,,4.0,4.0,0.0,0.0,0,0.0
evaluation-3d-08,slab_clutter,3,8,26,30080026,SC-RRT,1,5000,5000,3503,3505,9461,407,4152,650,203.0,0.019090401998255402,154.0,2585.851401430409,0.9042548187125253,0.8810926949954592,2560.060167513378,0.9133647013027733,1,,1.400655610432618,1.400655610432618,0.8680988644985344,0.8680988644985344,99,0.006613686926712203
evaluation-3d-08,slab_clutter,3,8,26,30080026,SC-RRT-no-ADCS,1,5000,5000,3860,3862,10577,358,4423,683,203.0,0.019727963022887707,154.0,2585.851401430409,0.9042548187125253,0.9366949920076877,2564.1612836214244,0.9119038670280495,1,,4.0,4.0,0.0,0.0,0,0.0
evaluation-3d-08,slab_clutter,3,8,26,30080026,SC-RRT-no-SSFOR,1,5000,5000,3661,3663,8956,370,3757,421,203.0,0.01875266496790573,154.0,2585.851401430409,0.9042548187125253,0.8807942119892687,2581.0318271781525,0.9059433384726674,1,,1.5,1.5,0.8,0.8,0,0.0
evaluation-3d-08,slab_clutter,3,8,27,30080027,SC-RRT-no-ADCS,1,5000,5000,3976,3978,10937,275,4651,825,193.0,0.01903513999423012,160.0,2664.5022054694455,0.8775630154924252,0.970620603999123,2616.0150677963397,0.8938284106244382,1,,4.0,4.0,0.0,0.0,0,0.0
evaluation-3d-08,slab_clutter,3,8,27,30080027,SC-RRT-no-SSFOR,1,5000,5000,3667,3669,8960,456,3769,437,193.0,0.018492310016881675,160.0,2664.5022054694455,0.8775630154924252,0.8693399309995584,2618.772145360669,0.8928873763837698,1,,1.5,1.5,0.8,0.8,0,0.0
evaluation-3d-08,slab_clutter,3,8,27,30080027,SC-RRT,1,5000,5000,3536,3538,9823,353,4490,967,193.0,0.019717803050298244,160.0,2664.5022054694455,0.8775630154924252,1.0193684830446728,2572.73139009088,0.9088661953688786,1,,1.3772824189430886,1.3772824189430886,0.8845332912809514,0.8845332912809514,99,0.016545946680462064
evaluation-3d-08,slab_clutter,3,8,28,30080028,SC-RRT-no-SSFOR,1,5000,5000,3695,3697,9196,356,3899,451,164.0,0.015944693994242698,138.0,2593.438883470451,0.9016092899359145,0.9338763399864547,2562.0953768549666,0.912639166887013,1,,1.5,1.5,0.8,0.8,0,0.0
evaluation-3d-08,slab_clutter,3,8,28,30080028,SC-RRT,1,5000,5000,3589,3591,9501,308,4160,603,164.0,0.02123303001280874,138.0,2593.438883470451,0.9016092899359145,0.8928962259669788,2563.2337732343103,0.9122338409529993,1,,1.4178142921806236,1.4178142921806236,0.8561113034571297,0.8561113034571297,99,0.0023827725880457952
evaluation-3d-08,slab_clutter,3,8,28,30080028,SC-RRT-no-ADCS,1,5000,5000,3942,3944,11141,300,4935,818,164.0,0.015463004994671792,138.0,2593.438883470451,0.9016092899359145,0.9711731279967353,2557.662160480528,0.9142210516883416,1,,4.0,4.0,0.0,0.0,0,0.0
evaluation-3d-08,slab_clutter,3,8,29,30080029,SC-RRT,1,5000,5000,3606,3608,10048,326,4590,908,157.0,0.015593202959280461,145.0,2624.0134661838906,0.891103883555344,0.8989747730083764,2612.430775719704,0.8950547558810663,1,,1.4195392811680738,1.4195392811680738,0.8549103770374751,0.8549103770374751,99,0.004013941288822823
evaluation-3d-08,slab_clutter,3,8,29,30080029,SC-RRT-no-ADCS,1,5000,5000,3995,3997,11125,276,4803,746,157.0,0.015605068008881062,145.0,2624.0134661838906,0.891103883555344,0.9801510380348191,2609.770437748797,0.8959671534309309,1,,4.0,4.0,0.0,0.0,0,0.0
evaluation-3d-08,slab_clutter,3,8,29,30080029,SC-RRT-no-SSFOR,1,5000,5000,3710,3712,8961,308,3827,430,157.0,0.015499177970923483,145.0,2624.0134661838906,0.891103883555344,0.8168742319685407,2619.0942209458494,0.8927775761246004,1,,1.5,1.5,0.8,0.8,0,0.0
evaluation-3d-08,slab_clutter,3,8,30,30080030,SC-RRT-no-ADCS,1,5000,5000,3881,3883,10566,358,4374,732,245.0,0.02014189603505656,154.0,2615.824031202113,0.893893687926486,0.9104824890382588,2518.3504719744838,0.9284921285736261,1,,4.0,4.0,0.0,0.0,0,0.0
evaluation-3d-08,slab_clutter,3,8,30,30080030,SC-RRT-no-SSFOR,1,5000,5000,3426,3428,8671,537,3690,489,245.0,0.019973849004600197,154.0,2615.824031202113,0.893893687926486,0.79650026303716,2521.193178656527,0.927445231096485,1,,1.5,1.5,0.8,0.8,0,0.0
evaluation-3d-08,slab_clutter,3,8,30,30080030,SC-RRT,1,5000,5000,3474,3476,9052,403,3783,567,245.0,0.020056587003637105,154.0,2615.824031202113,0.893893687926486,0.8191556839738041,2516.1033226686986,0.9293213713250478,1,,1.3768006171365637,1.3768006171365637,0.8848731320031216,0.8848731320031216,99,0.006448199887042748
evaluation-3d-08,slab_clutter,3,8,31,30080031,SC-RRT-no-SSFOR,1,5000,5000,3628,3630,8921,376,3831,454,173.0,0.01569016999565065,138.0,2560.6278133068918,0.91316222453987,0.8061739270342514,2547.028617899753,0.9180378162166432,1,,1.5,1.5,0.8,0.8,0,0.0
evaluation-3d-08,slab_clutter,3,8,31,30080031,SC-RRT,1,5000,5000,3589,3591,9692,356,4296,787,173.0,0.01595885696588084,138.0,2560.6278133068918,0.91316222453987,0.8384577059769072,2527.8590563099365,0.9249995898233707,1,,1.3902714354766457,1.3902714354766457,0.8753869312985695,0.8753869312985695,99,0.005760867952993833
evaluation-3d-08,slab_clutter,3,8,31,30080031,SC-RRT-no-ADCS,1,5000,5000,3978,3980,10866,307,4524,674,173.0,0.01588776201242581,138.0,2560.6278133068918,0.91316222453987,0.9007634550216608,2536.195821108946,0.9219590107184947,1,,4.0,4.0,0.0,0.0,0,0.0
evaluation-3d-08,slab_clutter,3,8,32,30080032,SC-RRT,1,5000,5000,3508,3510,9373,371,4136,691,235.0,0.02276506496127695,183.0,2686.7051649236387,0.8703108255960949,0.8400149240042083,2559.8296061053125,0.9134469671891852,1,,1.2851912451296754,1.2851912451296754,0.9498159482307232,0.9498159482307232,99,0.03371339632519348
evaluation-3d-08,slab_clutter,3,8,32,30080032,SC-RRT-no-ADCS,1,5000,5000,3982,3984,11003,310,4693,699,235.0,0.021722234960179776,183.0,2686.7051649236387,0.8703108255960949,0.9578713359660469,2623.8913539117084,0.8911453542968094,1,,4.0,4.0,0.0,0.0,0,0.0
evaluation-3d-08,slab_clutter,3,8,32,30080032,SC-RRT-no-SSFOR,1,5000,5000,3741,3743,9084,339,3780,392,235.0,0.021490907995030284,183.0,2686.7051649236387,0.8703108255960949,0.8502580519998446,2662.991307910068,0.8780609171620135,1,,1.5,1.5,0.8,0.8,0,0.0
evaluation-3d-08,slab_clutter,3,8,33,30080033,SC-RRT-no-ADCS,1,5000,5000,3941,3943,11013,263,4753,803,144.0,0.01396469899918884,127.0,2571.7169105750845,0.9092247208869902,0.9277737690135837,2527.70639514347,0.925055455297555,1,,4.0,4.0,0.0,0.0,0,0.0
evaluation-3d-08,slab_clutter,3,8,33,30080033,SC-RRT-no-SSFOR,1,5000,5000,3639,3641,8904,297,3784,470,144.0,0.014398355036973953,127.0,2571.7169105750845,0.9092247208869902,0.8256777480128221,2559.114980824327,0.9137020445501025,1,,1.5,1.5,0.8,0.8,0,0.0
evaluation-3d-08,slab_clutter,3,8,33,30080033,SC-RRT,1,5000,5000,3520,3522,9768,362,4367,788,144.0,0.014308024023193866,127.0,2571.7169105750845,0.9092247208869902,0.9534918220015243,2490.334524590272,0.9389375471966735,1,,1.360593563827813,1.360593563827813,0.8963251243674518,0.8963251243674518,99,0.015329950687180623
evaluation-3d-08,slab_clutter,3,8,34,30080034,SC-RRT-no-SSFOR,1,5000,5000,3701,3703,9193,353,3964,518,136.0,0.01316436001798138,121.0,2548.0639379928566,0.9176648024224499,0.8697858179803006,2536.8226427808227,0.9217312045334053,1,,1.5,1.5,0.8,0.8,0,0.0
evaluation-3d-08,slab_clutter,3,8,34,30080034,SC-RRT,1,5000,5000,3593,3595,9150,269,3791,431,136.0,0.013189121964387596,121.0,2548.0639379928566,0.9176648024224499,0.8695866600028239,2525.8442318363946,0.925737446809206,1,,1.4252828154443558,1.4252828154443558,0.8509177302722364,0.8509177302722364,98,0.0029043873239119433
evaluation-3d-08,slab_clutter,3,8,34,30080034,SC-RRT-no-ADCS,1,5000,5000,3876,3878,10216,282,4145,473,136.0,0.013143916963599622,121.0,2548.0639379928566,0.9176648024224499,0.8928330049966462,2528.2101355228415,0.92487114000689,1,,4.0,4.0,0.0,0.0,0,0.0
evaluation-3d-08,slab_clutter,3,8,35,30080035,SC-RRT,1,5000,5000,3450,3452,9229,326,4155,785,173.0,0.015790809993632138,136.0,2696.370631704585,0.8671910911371199,0.831216985010542,2621.2800728388856,0.8920331003339159,1,,1.3421786222635228,1.3421786222635228,0.9093745444567571,0.9093745444567571,99,0.01717602101357366
evaluation-3d-08,slab_clutter,3,8,35,30080035,SC-RRT-no-ADCS,1,5000,5000,3830,3832,10621,357,4541,847,173.0,0.01581758598331362,136.0,2696.370631704585,0.8671910911371199,0.8866614269791171,2660.949265043959,0.8787347511412834,1,,4.0,4.0,0.0,0.0,0,0.0
evaluation-3d-08,slab_clutter,3,8,35,30080035,SC-RRT-no-SSFOR,1,5000,5000,3624,3626,8980,375,3733,434,173.0,0.015752242994494736,136.0,2696.370631704585,0.8671910911371199,0.8168768719770014,2687.6263318675738,0.8700125320595335,1,,1.5,1.5,0.8,0.8,0,0.0
evaluation-3d-08,slab_clutter,3,8,36,30080036,SC-RRT-no-ADCS,1,5000,5000,3974,3976,10775,239,4597,740,182.0,0.017466802964918315,145.0,2605.98614262534,0.8972682363776309,0.9635178199969232,2547.9433107186514,0.9177082474250464,1,,4.0,4.0,0.0,0.0,0,0.0
evaluation-3d-08,slab_clutter,3,8,36,30080036,SC-RRT-no-SSFOR,1,5000,5000,3669,3671,9011,332,3770,408,182.0,0.01648110698442906,145.0,2605.98614262534,0.8972682363776309,0.8284291030140594,2588.1731282243036,0.9034436547999499,1,,1.5,1.5,0.8,0.8,0,0.0
evaluation-3d-08,slab_clutter,3,8,36,30080036,SC-RRT,1,5000,5000,3534,3536,9202,292,4002,580,182.0,0.016560633026529104,145.0,2605.98614262534,0.8972682363776309,0.8218267430202104,2560.447752609723,0.913226441677912,1,,1.3696402809225903,1.3696402809225903,0.8899280348698142,0.8899280348698142,99,0.00504657260035626
evaluation-3d-08,slab_clutter,3,8,37,30080037,SC-RRT-no-SSFOR,1,5000,5000,3662,3664,8850,296,3734,370,152.0,0.014430943003389984,131.0,2555.2584744874675,0.9150810430976041,0.7876010289764963,2527.942160609181,0.9249691811202321,1,,1.5,1.5,0.8,0.8,0,0.0
evaluation-3d-08,slab_clutter,3,8,37,30080037,SC-RRT,1,5000,5000,3510,3512,9539,321,4351,795,152.0,0.014486887026578188,131.0,2555.2584744874675,0.9150810430976041,0.8759905319893733,2502.01792008355,0.9345530947036151,1,,1.3867306947502862,1.3867306947502862,0.8778770720546081,0.8778770720546081,99,0.01240558030115982
evaluation-3d-08,slab_clutter,3,8,37,30080037,SC-RRT-no-ADCS,1,5000,5000,3905,3907,11032,306,4838,874,152.0,0.014501715952064842,131.0,2555.2584744874675,0.9150810430976041,0.9408671829733066,2526.650702450771,0.9254419647123909,1,,4.0,4.0,0.0,0.0,0,0.0
evaluation-3d-08,slab_clutter,3,8,38,30080038,SC-RRT,1,5000,5000,3564,3566,9464,299,4221,745,176.0,0.015867427980992943,137.0,2649.027166420965,0.8826895472639342,0.8500768049852923,2583.895192553067,0.9049394096776864,1,,1.409092994139572,1.409092994139572,0.8621950861571447,0.8621950861571447,99,0.005222761218818517
evaluation-3d-08,slab_clutter,3,8,38,30080038,SC-RRT-no-ADCS,1,5000,5000,3929,3931,10814,303,4654,789,176.0,0.01575647300342098,137.0,2649.027166420965,0.8826895472639342,0.9206098340218887,2600.3926406815144,0.8991982801509419,1,,4.0,4.0,0.0,0.0,0,0.0
evaluation-3d-08,slab_clutter,3,8,38,30080038,SC-RRT-no-SSFOR,1,5000,5000,3617,3619,8995,450,3764,490,176.0,0.015836765989661217,137.0,2649.027166420965,0.8826895472639342,0.8132813689881004,2635.8791973368743,0.8870924709221967,1,,1.5,1.5,0.8,0.8,0,0.0
evaluation-3d-08,slab_clutter,3,8,39,30080039,SC-RRT-no-ADCS,1,5000,5000,3951,3953,11143,301,4834,887,214.0,0.01912655698833987,156.0,2586.6698796034325,0.9039686929730936,0.9634936730144545,2518.1996185305343,0.928547750151139,1,,4.0,4.0,0.0,0.0,0,0.0
evaluation-3d-08,slab_clutter,3,8,39,30080039,SC-RRT-no-SSFOR,1,5000,5000,3686,3688,8971,343,3776,402,214.0,0.018984934024047107,156.0,2586.6698796034325,0.9039686929730936,0.8102114400244318,2557.4128095933183,0.914310189362748,1,,1.5,1.5,0.8,0.8,0,0.0
evaluation-3d-08,slab_clutter,3,8,39,30080039,SC-RRT,1,5000,5000,3532,3534,9340,327,4023,607,214.0,0.019049551978241652,156.0,2586.6698796034325,0.9039686929730936,0.8623300699982792,2516.666307618346,0.929113479661438,1,,1.3817004579117786,1.3817004579117786,0.8814188439317148,0.8814188439317148,99,0.00785794124634676
evaluation-3d-08,slab_clutter,3,8,40,30080040,SC-RRT-no-SSFOR,1,5000,5000,3683,3685,9052,311,3815,448,224.0,0.02010926400544122,161.0,2648.6147933584334,0.8828269766072961,0.8365532680181786,2579.6942461926187,0.9064130734365301,1,,1.5,1.5,0.8,0.8,0,0.0
evaluation-3d-08,slab_clutter,3,8,40,30080040,SC-RRT,1,5000,5000,3618,3620,9866,300,4449,826,224.0,0.02014538599178195,161.0,2648.6147933584334,0.8828269766072961,0.8762125300127082,2597.6471071392493,0.90014867061488,1,,1.3937826400972722,1.3937826400972722,0.8729200468340519,0.8729200468340519,99,0.0046562212117283374
evaluation-3d-08,slab_clutter,3,8,40,30080040,SC-RRT-no-ADCS,1,5000,5000,3939,3941,11133,279,4940,847,224.0,0.020227174973115325,161.0,2648.6147933584334,0.8828269766072961,0.9418104789801873,2598.3126322715025,0.8999181088435143,1,,4.0,4.0,0.0,0.0,0,0.0
evaluation-3d-08,slab_clutter,3,8,41,30080041,SC-RRT,1,5000,5000,3565,3567,9280,288,4003,533,155.0,0.015079711971338838,136.0,2631.489792363393,0.8885721681321587,0.8984471159637906,2556.6941103475797,0.9145672064383561,1,,1.3541354488450277,1.3541354488450277,0.9008978634253585,0.9008978634253585,99,0.012928674810279964
evaluation-3d-08,slab_clutter,3,8,41,30080041,SC-RRT-no-ADCS,1,5000,5000,3947,3949,11041,252,4843,819,155.0,0.015072241018060595,136.0,2631.489792363393,0.8885721681321587,1.004043327004183,2554.204510119302,0.9154586412145862,1,,4.0,4.0,0.0,0.0,0,0.0
evaluation-3d-08,slab_clutter,3,8,41,30080041,SC-RRT-no-SSFOR,1,5000,5000,3656,3658,9186,342,3987,505,155.0,0.015244697977323085,136.0,2631.489792363393,0.8885721681321587,0.8515326689812355,2605.5323766414617,0.8974244999526809,1,,1.5,1.5,0.8,0.8,0,0.0
evaluation-3d-08,slab_clutter,3,8,42,30080042,SC-RRT-no-ADCS,1,5000,5000,3873,3875,10363,333,4315,586,247.0,0.0215418380103074,179.0,2778.9102459854375,0.8414336496099405,0.8776212310185656,2656.0961366737647,0.8803403453408895,1,,4.0,4.0,0.0,0.0,0,0.0
evaluation-3d-08,slab_clutter,3,8,42,30080042,SC-RRT-no-SSFOR,1,5000,5000,3753,3755,9209,326,3850,420,247.0,0.021554643055424094,179.0,2778.9102459854375,0.8414336496099405,0.8389479550532997,2751.6402080661683,0.8497726495504663,1,,1.5,1.5,0.8,0.8,0,0.0
evaluation-3d-08,slab_clutter,3,8,42,30080042,SC-RRT,1,5000,5000,3511,3513,9663,291,4556,865,247.0,0.02160454395925626,179.0,2778.9102459854375,0.8414336496099405,0.8704672869644128,2608.5290090111607,0.8963935544287366,1,,1.290848978679123,1.290848978679123,0.945807273929063,0.945807273929063,99,0.026830293115697772
evaluation-3d-08,slab_clutter,3,8,43,30080043,SC-RRT-no-SSFOR,1,5000,5000,3677,3679,9196,396,3893,466,238.0,0.020036350993905216,159.0,2685.6534147272296,0.8706516549736826,0.8075769540155306,2668.913921599116,0.8761124033618061,1,,1.5,1.5,0.8,0.8,0,0.0
evaluation-3d-08,slab_clutter,3,8,43,30080043,SC-RRT,1,5000,5000,3500,3502,9662,452,4288,810,238.0,0.020169270981568843,159.0,2685.6534147272296,0.8706516549736826,0.8590609229868278,2613.5310349983865,0.8946779505985196,1,,1.3507706766431256,1.3507706766431256,0.9032820429727352,0.9032820429727352,99,0.01162460997736377
evaluation-3d-08,slab_clutter,3,8,43,30080043,SC-RRT-no-ADCS,1,5000,5000,3873,3875,10882,438,4596,758,238.0,0.020237181975971907,159.0,2685.6534147272296,0.8706516549736826,0.9219354590168223,2633.04419940165,0.8880476031315188,1,,4.0,4.0,0.0,0.0,0,0.0
evaluation-3d-08,slab_clutter,3,8,44,30080044,SC-RRT,1,5000,5000,3560,3562,9884,227,4651,999,157.0,0.015339761972427368,138.0,2585.515115464186,0.9043724309452306,0.863793923985213,2553.3770124334087,0.9157553227870479,1,,1.3967874202974033,1.3967874202974033,0.870811014029433,0.870811014029433,99,0.004506339026305378
evaluation-3d-08,slab_clutter,3,8,44,30080044,SC-RRT-no-ADCS,1,5000,5000,3957,3959,11364,223,5134,973,157.0,0.015307969995774329,138.0,2585.515115464186,0.9043724309452306,0.9743476209696382,2554.274471062108,0.9154335670299734,1,,4.0,4.0,0.0,0.0,0,0.0
evaluation-3d-08,slab_clutter,3,8,44,30080044,SC-RRT-no-SSFOR,1,5000,5000,3801,3803,9377,302,3981,438,157.0,0.015381044999230653,138.0,2585.515115464186,0.9043724309452306,0.8717439009924419,2556.7443799832145,0.9145492246015362,1,,1.5,1.5,0.8,0.8,0,0.0
evaluation-3d-08,slab_clutter,3,8,45,30080045,SC-RRT-no-ADCS,1,5000,5000,3793,3795,10843,407,4774,755,233.0,0.01957807398866862,157.0,2587.92766701539,0.9035293451283617,0.9095312069985084,2549.104031862901,0.9172903737903403,1,,4.0,4.0,0.0,0.0,0,0.0
evaluation-3d-08,slab_clutter,3,8,45,30080045,SC-RRT-no-SSFOR,1,5000,5000,3545,3547,8707,441,3610,400,233.0,0.01963321299990639,157.0,2587.92766701539,0.9035293451283617,0.790890717995353,2556.7259126420913,0.9145558304298814,1,,1.5,1.5,0.8,0.8,0,0.0
evaluation-3d-08,slab_clutter,3,8,45,30080045,SC-RRT,1,5000,5000,3417,3419,9228,435,4073,648,233.0,0.019651704002171755,157.0,2587.92766701539,0.9035293451283617,0.812274347001221,2519.4960399736383,0.9280699604681457,1,,1.3233303667242067,1.3233303667242067,0.9227540217776051,0.9227540217776051,99,0.016750329834310997
evaluation-3d-08,slab_clutter,3,8,46,30080046,SC-RRT-no-SSFOR,1,5000,5000,3660,3662,8944,377,3739,404,180.0,0.017007699003443122,158.0,2728.909464231585,0.856850921903487,0.8232420120039023,2690.5390799162105,0.8690706660506129,1,,1.5,1.5,0.8,0.8,0,0.0
evaluation-3d-08,slab_clutter,3,8,46,30080046,SC-RRT,1,5000,5000,3580,3582,9418,324,4098,685,180.0,0.017061858030501753,158.0,2728.909464231585,0.856850921903487,0.8778743800357915,2648.2308010561705,0.8829549861309042,1,,1.3438143964799367,1.3438143964799367,0.9082142078449549,0.9082142078449549,99,0.020064005169563845
evaluation-3d-08,slab_clutter,3,8,46,30080046,SC-RRT-no-ADCS,1,5000,5000,3910,3912,10409,294,4306,581,180.0,0.017068452027160674,158.0,2728.909464231585,0.856850921903487,0.9493121910491027,2637.3037734866984,0.8866132956411885,1,,4.0,4.0,0.0,0.0,0,0.0
evaluation-3d-08,slab_clutter,3,8,47,30080047,SC-RRT,1,5000,5000,3508,3510,9119,407,3799,509,184.0,0.01697944599436596,145.0,2557.8007133343303,0.9141715294816046,0.8023749419953674,2520.986950452856,0.9275211003364975,1,,1.3899121006930537,1.3899121006930537,0.8756395324007293,0.8756395324007293,99,0.010467147239910808
evaluation-3d-08,slab_clutter,3,8,47,30080047,SC-RRT-no-ADCS,1,5000,5000,3896,3898,10635,336,4447,677,184.0,0.017129554005805403,145.0,2557.8007133343303,0.9141715294816046,0.8771787809673697,2543.4494399960117,0.9193296919720373,1,,4.0,4.0,0.0,0.0,0,0.0
evaluation-3d-08,slab_clutter,3,8,47,30080047,SC-RRT-no-SSFOR,1,5000,5000,3726,3728,9351,293,4089,578,184.0,0.017101687961257994,145.0,2557.8007133343303,0.9141715294816046,0.8316134049673565,2532.667176464564,0.9232435323310237,1,,1.5,1.5,0.8,0.8,0,0.0
evaluation-3d-08,slab_clutter,3,8,48,30080048,SC-RRT-no-ADCS,1,5000,5000,3965,3967,11514,269,5220,975,130.0,0.013365791004616767,123.0,2574.4314241476595,0.9082660226586288,0.9854613580391742,2547.732014036661,0.9177843577485215,1,,4.0,4.0,0.0,0.0,0,0.0
evaluation-3d-08,slab_clutter,3,8,48,30080048,SC-RRT-no-SSFOR,1,5000,5000,3748,3750,9427,279,4110,530,130.0,0.013342764985281974,123.0,2574.4314241476595,0.9082660226586288,0.863023912999779,2554.8304010703587,0.9152343690752839,1,,1.5,1.5,0.8,0.8,0,0.0
evaluation-3d-08,slab_clutter,3,8,48,30080048,SC-RRT,1,5000,5000,3572,3574,9603,325,4199,667,130.0,0.013233298959676176,123.0,2574.4314241476595,0.9082660226586288,0.8596533449599519,2555.0388318556907,0.9151597075805423,1,,1.4328843064219736,1.4328843064219736,0.8456482329948152,0.8456482329948152,99,0.0026475988779509027
evaluation-3d-08,slab_clutter,3,8,49,30080049,SC-RRT-no-SSFOR,1,5000,5000,3693,3695,9192,320,3954,518,165.0,0.015541779983323067,132.0,2635.816497936715,0.8871135726058138,0.8667487970087677,2607.3050629609666,0.8968143480542883,1,,1.5,1.5,0.8,0.8,0,0.0
evaluation-3d-08,slab_clutter,3,8,49,30080049,SC-RRT,1,5000,5000,3580,3582,9474,327,4052,496,165.0,0.0155309570254758,132.0,2635.816497936715,0.8871135726058138,0.8542201970121823,2591.146128197622,0.902407071825186,1,,1.401347286069604,1.401347286069604,0.8676142566659872,0.8676142566659872,99,0.007325536271169363
evaluation-3d-08,slab_clutter,3,8,49,30080049,SC-RRT-no-ADCS,1,5000,5000,3912,3914,10934,348,4705,696,165.0,0.01547378598479554,132.0,2635.816497936715,0.8871135726058138,0.9340850319713354,2594.170575735589,0.9013549887924996,1,,4.0,4.0,0.0,0.0,0,0.0
evaluation-3d-09,uniform_clutter,3,9,0,30090000,SC-RRT,1,5000,5000,3553,3555,9953,262,4680,881,160.0,0.015315201017074287,135.0,2580.031164124274,0.9062947078825888,0.9088451520074159,2520.253034573301,0.9277912011774927,1,,1.3497584273088823,1.3497584273088823,0.9039995003292701,0.9039995003292701,99,0.017424039016828378
evaluation-3d-09,uniform_clutter,3,9,0,30090000,SC-RRT-no-ADCS,1,5000,5000,3966,3968,10901,259,4647,623,160.0,0.015102014993317425,135.0,2580.031164124274,0.9062947078825888,0.9254578329855576,2560.911272890211,0.9130611493537005,1,,4.0,4.0,0.0,0.0,0,0.0
evaluation-3d-09,uniform_clutter,3,9,0,30090000,SC-RRT-no-SSFOR,1,5000,5000,3663,3665,8838,287,3696,372,160.0,0.0152353789890185,135.0,2580.031164124274,0.9062947078825888,0.8262962310109288,2569.811604927593,0.9098988368386122,1,,1.5,1.5,0.8,0.8,0,0.0
evaluation-3d-09,uniform_clutter,3,9,1,30090001,SC-RRT-no-ADCS,1,5000,5000,3994,3996,11423,277,5080,855,228.0,0.02123445802135393,167.0,2673.6574638705797,0.8745580246592013,1.039049604034517,2577.588450739954,0.9071535797527073,1,,4.0,4.0,0.0,0.0,0,0.0
evaluation-3d-09,uniform_clutter,3,9,1,30090001,SC-RRT-no-SSFOR,1,5000,5000,3558,3560,9014,304,4089,645,228.0,0.02042064198758453,167.0,2673.6574638705797,0.8745580246592013,0.8150195649941452,2606.6087001702454,0.8970539345108703,1,,1.5,1.5,0.8,0.8,0,0.0
evaluation-3d-09,uniform_clutter,3,9,1,30090001,SC-RRT,1,5000,5000,3608,3610,10708,255,5325,1230,228.0,0.020023998979013413,167.0,2673.6574638705797,0.8745580246592013,1.00445209199097,2579.1003528018614,0.9066217945640446,1,,1.379513259125543,1.379513259125543,0.8829602661740895,0.8829602661740895,98,0.008644332172866035
evaluation-3d-09,uniform_clutter,3,9,2,30090002,SC-RRT-no-SSFOR,1,5000,5000,3628,3630,8981,286,3952,567,125.0,0.019408083986490965,115.0,2480.903459856306,0.9425068843079515,0.8413611269788817,2464.9505155226057,0.948606706501058,1,,1.5,1.5,0.8,0.8,0,0.0
evaluation-3d-09,uniform_clutter,3,9,2,30090002,SC-RRT,1,5000,5000,3601,3603,9881,217,4592,917,125.0,0.01238331600325182,115.0,2480.903459856306,0.9425068843079515,0.8924065140308812,2446.72885693317,0.9556713174784989,1,,1.440840271931796,1.440840271931796,0.8401519972122566,0.8401519972122566,99,0.0025607165958094727
evaluation-3d-09,uniform_clutter,3,9,2,30090002,SC-RRT-no-ADCS,1,5000,5000,3968,3970,11079,250,4823,831,125.0,0.01910484896507114,115.0,2480.903459856306,0.9425068843079515,1.0239538429887034,2459.4198481943126,0.9507399039390217,1,,4.0,4.0,0.0,0.0,0,0.0
evaluation-3d-09,uniform_clutter,3,9,3,30090003,SC-RRT,1,5000,5000,3604,3606,9332,284,3949,640,161.0,0.0158077179803513,137.0,2625.2304314982425,0.8906907988581838,0.838512898015324,2558.7003227817313,0.9138501173423462,1,,1.366867322447816,1.366867322447816,0.8918876784641154,0.8918876784641154,99,0.007322214187454697
evaluation-3d-09,uniform_clutter,3,9,3,30090003,SC-RRT-no-ADCS,1,5000,5000,3902,3904,10545,291,4410,766,161.0,0.015673706016968936,137.0,2625.2304314982425,0.8906907988581838,0.9236140040447935,2558.218341013835,0.9140222915028107,1,,4.0,4.0,0.0,0.0,0,0.0
evaluation-3d-09,uniform_clutter,3,9,3,30090003,SC-RRT-no-SSFOR,1,5000,5000,3764,3766,9484,325,4093,545,161.0,0.015436621033586562,137.0,2625.2304314982425,0.8906907988581838,0.9163032800424844,2585.526578173335,0.9043684214880368,1,,1.5,1.5,0.8,0.8,0,0.0
evaluation-3d-09,uniform_clutter,3,9,4,30090004,SC-RRT-no-ADCS,1,5000,5000,3959,3961,11130,262,4886,923,134.0,0.0132521060295403,121.0,2622.3310984284353,0.8916755750710923,0.9426611190428957,2576.849786786409,0.9074136188334209,1,,4.0,4.0,0.0,0.0,0,0.0
evaluation-3d-09,uniform_clutter,3,9,4,30090004,SC-RRT-no-SSFOR,1,5000,5000,3574,3576,8641,307,3646,431,134.0,0.015080165991093963,121.0,2622.3310984284353,0.8916755750710923,0.809408186993096,2589.405363736837,0.9030137277709076,1,,1.5,1.5,0.8,0.8,0,0.0
evaluation-3d-09,uniform_clutter,3,9,4,30090004,SC-RRT,1,5000,5000,3604,3606,9908,238,4562,780,134.0,0.013329561043065041,121.0,2622.3310984284353,0.8916755750710923,0.9455621850211173,2550.3404848402497,0.916845654185053,1,,1.3556705088471652,1.3556705088471652,0.8998105373727344,0.8998105373727344,99,0.013699064149674997
evaluation-3d-09,uniform_clutter,3,9,5,30090005,SC-RRT-no-SSFOR,1,5000,5000,3696,3698,9122,298,3923,471,168.0,0.015605526976287365,130.0,2596.08053320326,0.9006918546293454,0.842851752997376,2534.889719656332,0.9224340499258465,1,,1.5,1.5,0.8,0.8,0,0.0
evaluation-3d-09,uniform_clutter,3,9,5,30090005,SC-RRT,1,5000,5000,3553,3555,9548,291,4236,775,168.0,0.01570396398892626,130.0,2596.08053320326,0.9006918546293454,0.8770329330000095,2534.380637907914,0.9226193395117566,1,,1.3852005108497762,1.3852005108497762,0.878953972542313,0.878953972542313,98,0.00645622023891745
evaluation-3d-09,uniform_clutter,3,9,5,30090005,SC-RRT-no-ADCS,1,5000,5000,3860,3862,10659,297,4558,748,168.0,0.015523698995821178,130.0,2596.08053320326,0.9006918546293454,0.9336385659989901,2533.3289419137263,0.9230023592797271,1,,4.0,4.0,0.0,0.0,0,0.0
evaluation-3d-09,uniform_clutter,3,9,6,30090006,SC-RRT,1,5000,5000,3701,3703,10050,257,4507,798,143.0,0.013871374016162008,125.0,2581.8083759931997,0.90567085146994,0.8924147780053318,2552.7570935675785,0.9159777074402962,1,,1.43152494676656,1.43152494676656,0.8465892956115126,0.8465892956115126,99,0.003341558367879625
evaluation-3d-09,uniform_clutter,3,9,6,30090006,SC-RRT-no-ADCS,1,5000,5000,4000,4002,10800,254,4500,646,143.0,0.01381925999885425,125.0,2581.8083759931997,0.90567085146994,0.9144530899939127,2556.1110180595533,0.9147758347339147,1,,4.0,4.0,0.0,0.0,0,0.0
evaluation-3d-09,uniform_clutter,3,9,6,30090006,SC-RRT-no-SSFOR,1,5000,5000,3752,3754,9268,230,4034,508,143.0,0.013864671986084431,125.0,2581.8083759931997,0.90567085146994,0.8518340169684961,2566.305386196517,0.9111419875416688,1,,1.5,1.5,0.8,0.8,0,0.0
evaluation-3d-09,uniform_clutter,3,9,7,30090007,SC-RRT-no-ADCS,1,5000,5000,3984,3986,10705,248,4385,606,153.0,0.015298226033337414,139.0,2575.8448735731504,0.9077676277043788,0.9208662700257264,2557.9418587490813,0.9141210861459828,1,,4.0,4.0,0.0,0.0,0,0.0
evaluation-3d-09,uniform_clutter,3,9,7,30090007,SC-RRT-no-SSFOR,1,5000,5000,3694,3696,9172,265,4005,519,153.0,0.015278332983143628,139.0,2575.8448735731504,0.9077676277043788,0.8486314120236784,2559.1609054991677,0.9136856479768324,1,,1.5,1.5,0.8,0.8,0,0.0
evaluation-3d-09,uniform_clutter,3,9,7,30090007,SC-RRT,1,5000,5000,3589,3591,9272,230,3948,540,153.0,0.015167306992225349,139.0,2575.8448735731504,0.9077676277043788,0.817444059997797,2556.5447518219235,0.9146206373080759,1,,1.4145694027836981,1.4145694027836981,0.8583725476995865,0.8583725476995865,99,0.003493512674108319
evaluation-3d-09,uniform_clutter,3,9,8,30090008,SC-RRT-no-SSFOR,1,5000,5000,3680,3682,9042,244,3851,483,171.0,0.01638151699444279,143.0,2676.324788507168,0.873686407665884,0.8235984100028872,2647.055695911503,0.8833469555739026,1,,1.5,1.5,0.8,0.8,0,0.0
evaluation-3d-09,uniform_clutter,3,9,8,30090008,SC-RRT,1,5000,5000,3588,3590,9336,275,4016,560,171.0,0.0164463670225814,143.0,2676.324788507168,0.873686407665884,0.8432823100010864,2656.749419681084,0.8801238735185909,1,,1.4175819591981926,1.4175819591981926,0.8562731140367658,0.8562731140367658,99,0.00233395005247275
evaluation-3d-09,uniform_clutter,3,9,8,30090008,SC-RRT-no-ADCS,1,5000,5000,3932,3934,10901,287,4706,764,171.0,0.01619316200958565,143.0,2676.324788507168,0.873686407665884,0.9410444140085019,2615.9107097547912,0.8938640686390887,1,,4.0,4.0,0.0,0.0,0,0.0
evaluation-3d-09,uniform_clutter,3,9,9,30090009,SC-RRT,1,5000,5000,3490,3492,9615,275,4539,995,153.0,0.014801957993768156,136.0,2584.068367353296,0.9048787639519502,0.9937924509868026,2532.643731044789,0.9232520790649779,1,,1.385509938018775,1.385509938018775,0.8787361707197467,0.8787361707197467,98,0.008001942446037025
evaluation-3d-09,uniform_clutter,3,9,9,30090009,SC-RRT-no-ADCS,1,5000,5000,3896,3898,10641,271,4567,771,153.0,0.014862111012917012,136.0,2584.068367353296,0.9048787639519502,0.9428787759970874,2544.7336689331137,0.9188657417333224,1,,4.0,4.0,0.0,0.0,0,0.0
evaluation-3d-09,uniform_clutter,3,9,9,30090009,SC-RRT-no-SSFOR,1,5000,5000,3672,3674,8918,271,3758,433,153.0,0.014783679973334074,136.0,2584.068367353296,0.9048787639519502,0.8273084539687261,2577.119861469004,0.9073185245195114,1,,1.5,1.5,0.8,0.8,0,0.0
evaluation-3d-09,uniform_clutter,3,9,10,30090010,SC-RRT-no-ADCS,1,5000,5000,3939,3941,10904,262,4709,895,176.0,0.01689239003462717,148.0,2820.197433232649,0.8291152111069563,1.0556923010153696,2643.0608272764507,0.8846820951250901,1,,4.0,4.0,0.0,0.0,0,0.0
evaluation-3d-09,uniform_clutter,3,9,10,30090010,SC-RRT-no-SSFOR,1,5000,5000,3649,3651,9008,287,3775,471,176.0,0.018054788990411907,148.0,2820.197433232649,0.8291152111069563,0.9317502700141631,2716.104747384882,0.8608904323256731,1,,1.5,1.5,0.8,0.8,0,0.0
evaluation-3d-09,uniform_clutter,3,9,10,30090010,SC-RRT,1,5000,5000,3539,3541,9772,214,4662,991,176.0,0.018435892998240888,148.0,2820.197433232649,0.8291152111069563,1.025135850009974,2634.8536392490505,0.8874377519065556,1,,1.3200237538251292,1.3200237538251292,0.9251021541902096,0.9251021541902096,99,0.01858882256386332
evaluation-3d-09,uniform_clutter,3,9,11,30090011,SC-RRT-no-SSFOR,1,5000,5000,3820,3822,9517,272,4125,563,142.0,0.016013280022889376,138.0,2654.843927722222,0.8807555750458559,0.951367088011466,2623.0651218006815,0.8914260537354901,1,,1.5,1.5,0.8,0.8,0,0.0
evaluation-3d-09,uniform_clutter,3,9,11,30090011,SC-RRT,1,5000,5000,3592,3594,10239,234,4948,1184,142.0,0.0160163160180673,138.0,2654.843927722222,0.8807555750458559,1.0829547340399586,2542.8560360852243,0.9195442278430334,1,,1.3711150335413131,1.3711150335413131,0.8888862800075197,0.8888862800075197,99,0.006616428139975827
evaluation-3d-09,uniform_clutter,3,9,11,30090011,SC-RRT-no-ADCS,1,5000,5000,3918,3920,10754,264,4638,817,142.0,0.01643752900417894,138.0,2654.843927722222,0.8807555750458559,1.023997220036108,2559.389232031577,0.9136041368596081,1,,4.0,4.0,0.0,0.0,0,0.0
evaluation-3d-09,uniform_clutter,3,9,12,30090012,SC-RRT,1,5000,5000,3639,3641,10819,247,5367,1380,127.0,0.014418795006349683,125.0,2641.988969221629,0.88504101169918,1.0797406639903784,2554.890962790592,0.9152126741502891,1,,1.3868137840925547,1.3868137840925547,0.8778186088411937,0.8778186088411937,99,0.012367000114071578
evaluation-3d-09,uniform_clutter,3,9,12,30090012,SC-RRT-no-ADCS,1,5000,5000,3947,3949,10930,258,4729,835,127.0,0.014878952992148697,125.0,2641.988969221629,0.88504101169918,1.0495281069888733,2585.8310244532663,0.9042619444603403,1,,4.0,4.0,0.0,0.0,0,0.0
evaluation-3d-09,uniform_clutter,3,9,12,30090012,SC-RRT-no-SSFOR,1,5000,5000,3731,3733,9271,237,4069,577,127.0,0.014294289983808994,125.0,2641.988969221629,0.88504101169918,0.9399168810341507,2602.831884337688,0.8983555965670738,1,,1.5,1.5,0.8,0.8,0,0.0
evaluation-3d-09,uniform_clutter,3,9,13,30090013,SC-RRT-no-ADCS,1,5000,5000,3949,3951,10816,273,4585,636,176.0,0.01758731104200706,148.0,2532.0894815277366,0.9234541698768045,1.0189018950331956,2513.7912427811384,0.9301761221950299,1,,4.0,4.0,0.0,0.0,0,0.0
evaluation-3d-09,uniform_clutter,3,9,13,30090013,SC-RRT-no-SSFOR,1,5000,5000,3758,3760,9303,244,4087,589,176.0,0.019429649983067065,148.0,2532.0894815277366,0.9234541698768045,0.9441091399639845,2521.894795562076,0.9271872063548291,1,,1.5,1.5,0.8,0.8,0,0.0
evaluation-3d-09,uniform_clutter,3,9,13,30090013,SC-RRT,1,5000,5000,3535,3537,9462,243,4325,729,176.0,0.018237687007058412,148.0,2532.0894815277366,0.9234541698768045,0.9270437230006792,2499.5045542824187,0.9354928304538642,1,,1.3999168504296309,1.3999168504296309,0.8686165812954518,0.8686165812954518,98,0.008090343116367292
evaluation-3d-09,uniform_clutter,3,9,14,30090014,SC-RRT-no-SSFOR,1,5000,5000,3589,3591,9310,274,4296,719,158.0,0.01692124700639397,144.0,2654.46808657054,0.8808802795737989,0.9568308179732412,2574.749584305989,0.9081537888074862,1,,1.5,1.5,0.8,0.8,0,0.0
evaluation-3d-09,uniform_clutter,3,9,14,30090014,SC-RRT,1,5000,5000,3624,3626,9529,204,4254,751,158.0,0.016556457965634763,144.0,2654.46808657054,0.8808802795737989,0.910156843950972,2586.708169674536,0.9039553118634907,1,,1.386365120283876,1.386365120283876,0.8781343127448656,0.8781343127448656,99,0.009239518382059348
evaluation-3d-09,uniform_clutter,3,9,14,30090014,SC-RRT-no-ADCS,1,5000,5000,3966,3968,10765,240,4583,748,158.0,0.017440343042835593,144.0,2654.46808657054,0.8808802795737989,0.973584623017814,2599.828849921819,0.8993932774799002,1,,4.0,4.0,0.0,0.0,0,0.0
evaluation-3d-09,uniform_clutter,3,9,15,30090015,SC-RRT,1,5000,5000,3568,3570,9414,264,4166,684,156.0,0.015816811006516218,128.0,2544.439149262308,0.9189721007460141,0.9311154570314102,2494.2971099520323,0.937445896436512,1,,1.3867726795880453,1.3867726795880453,0.8778475305732918,0.8778475305732918,99,0.009258116141536994
evaluation-3d-09,uniform_clutter,3,9,15,30090015,SC-RRT-no-ADCS,1,5000,5000,3900,3902,10546,260,4473,729,156.0,0.0156874000094831,128.0,2544.439149262308,0.9189721007460141,0.995909605990164,2511.2421485069303,0.9311203189259195,1,,4.0,4.0,0.0,0.0,0,0.0
evaluation-3d-09,uniform_clutter,3,9,15,30090015,SC-RRT-no-SSFOR,1,5000,5000,3731,3733,9232,314,4042,576,156.0,0.016020704002585262,128.0,2544.439149262308,0.9189721007460141,0.8926375380251557,2492.0342867654153,0.9382971183967881,1,,1.5,1.5,0.8,0.8,0,0.0
evaluation-3d-09,uniform_clutter,3,9,16,30090016,SC-RRT-no-ADCS,1,5000,5000,3956,3958,10520,235,4407,617,156.0,0.017533038975670934,147.0,2577.4555192640173,0.9072003659196679,0.9615820779581554,2574.9815777797826,0.9080719685125287,1,,4.0,4.0,0.0,0.0,0,0.0
evaluation-3d-09,uniform_clutter,3,9,16,30090016,SC-RRT-no-SSFOR,1,5000,5000,3794,3796,9220,207,3979,484,156.0,0.016846176993567497,147.0,2577.4555192640173,0.9072003659196679,0.9511558869853616,2571.4097585963577,0.9093333267485003,1,,1.5,1.5,0.8,0.8,0,0.0
evaluation-3d-09,uniform_clutter,3,9,16,30090016,SC-RRT,1,5000,5000,3668,3670,9312,219,3928,535,156.0,0.019714794005267322,147.0,2577.4555192640173,0.9072003659196679,0.8906134219723754,2576.5978007953636,0.9075023620280162,1,,1.4267254023274902,1.4267254023274902,0.8499163874541652,0.8499163874541652,99,0.0021290282203342407
evaluation-3d-09,uniform_clutter,3,9,17,30090017,SC-RRT-no-SSFOR,1,5000,5000,3767,3769,9217,254,3963,505,140.0,0.015284124994650483,128.0,2523.1496102993433,0.9267260968883153,0.8997239629970863,2520.9663874794082,0.9275286659239853,1,,1.5,1.5,0.8,0.8,0,0.0
evaluation-3d-09,uniform_clutter,3,9,17,30090017,SC-RRT,1,5000,5000,3580,3582,9333,290,3921,539,140.0,0.014798849995713681,128.0,2523.1496102993433,0.9267260968883153,0.8994629899971187,2509.5002509183396,0.9317666293766282,1,,1.4319880987795175,1.4319880987795175,0.8462685997223005,0.8462685997223005,99,0.003122504257305803
evaluation-3d-09,uniform_clutter,3,9,17,30090017,SC-RRT-no-ADCS,1,5000,5000,3924,3926,10829,271,4611,684,140.0,0.014979080006014556,128.0,2523.1496102993433,0.9267260968883153,0.9881493650027551,2510.1547815033264,0.9315236683602436,1,,4.0,4.0,0.0,0.0,0,0.0
evaluation-3d-09,uniform_clutter,3,9,18,30090018,SC-RRT,1,5000,5000,3579,3581,9616,285,4220,670,181.0,0.01747476903256029,143.0,2544.459267075161,0.9189648348766096,0.8839535930310376,2518.831669310255,0.9283147495355593,1,,1.4122325105526852,1.4122325105526852,0.8600027605246481,0.8600027605246481,99,0.0025801439475537902
evaluation-3d-09,uniform_clutter,3,9,18,30090018,SC-RRT-no-ADCS,1,5000,5000,3899,3901,10859,322,4629,755,181.0,0.01765024202177301,143.0,2544.459267075161,0.9189648348766096,0.969553220027592,2516.4832939519424,0.9291810503323128,1,,4.0,4.0,0.0,0.0,0,0.0
evaluation-3d-09,uniform_clutter,3,9,18,30090018,SC-RRT-no-SSFOR,1,5000,5000,3663,3665,9004,236,3862,490,181.0,0.017851839016657323,143.0,2544.459267075161,0.9189648348766096,0.8947360890451819,2534.488226051738,0.9225801746416367,1,,1.5,1.5,0.8,0.8,0,0.0
evaluation-3d-09,uniform_clutter,3,9,19,30090019,SC-RRT-no-ADCS,1,5000,5000,3989,3991,11133,274,4785,851,174.0,0.01738844602368772,138.0,2577.084288237722,0.9073310488486016,1.0026357260067016,2542.0568374278696,0.9198333238622294,1,,4.0,4.0,0.0,0.0,0,0.0
evaluation-3d-09,uniform_clutter,3,9,19,30090019,SC-RRT-no-SSFOR,1,5000,5000,3587,3589,8911,272,3964,580,174.0,0.016489464964251965,138.0,2577.084288237722,0.9073310488486016,0.8672506039729342,2540.0496224041162,0.9205602007116894,1,,1.5,1.5,0.8,0.8,0,0.0
evaluation-3d-09,uniform_clutter,3,9,19,30090019,SC-RRT,1,5000,5000,3555,3557,9451,267,4185,723,174.0,0.017214101972058415,138.0,2577.084288237722,0.9073310488486016,0.8998840569984168,2516.776903019808,0.9290726513789773,1,,1.3482299578070962,1.3482299578070962,0.9050830121447787,0.9050830121447787,99,0.015994920065960018
evaluation-3d-09,uniform_clutter,3,9,20,30090020,SC-RRT-no-SSFOR,1,5000,5000,3659,3661,9112,298,4051,615,148.0,0.015241849003359675,127.0,2516.355891752274,0.929228094436881,0.9006464839912951,2500.8611073165566,0.9349853869841515,1,,1.5,1.5,0.8,0.8,0,0.0
evaluation-3d-09,uniform_clutter,3,9,20,30090020,SC-RRT,1,5000,5000,3599,3601,9621,287,4135,645,148.0,0.015314477030187845,127.0,2516.355891752274,0.929228094436881,0.9567379759973846,2494.061815926524,0.9375343366737428,1,,1.4165237476174575,1.4165237476174575,0.8570102998491054,0.8570102998491054,99,0.007669439280446675
evaluation-3d-09,uniform_clutter,3,9,20,30090020,SC-RRT-no-ADCS,1,5000,5000,3930,3932,10983,316,4633,687,148.0,0.015270912961568683,127.0,2516.355891752274,0.929228094436881,1.0378636340028606,2510.064029475357,0.9315573478445166,1,,4.0,4.0,0.0,0.0,0,0.0
evaluation-3d-09,uniform_clutter,3,9,21,30090021,SC-RRT,1,5000,5000,3578,3580,10448,287,5104,1238,172.0,0.016768356028478593,137.0,2677.1887267965367,0.8734044659660223,1.0018733990145847,2455.0224893239692,0.9524428392759305,1,,1.285492653849273,1.285492653849273,0.9496024742961142,0.9496024742961142,99,0.050086248319086035
evaluation-3d-09,uniform_clutter,3,9,21,30090021,SC-RRT-no-ADCS,1,5000,5000,3922,3924,10862,279,4705,776,172.0,0.01632612297544256,137.0,2677.1887267965367,0.8734044659660223,0.9897815670119599,2534.054836888399,0.9227379598024708,1,,4.0,4.0,0.0,0.0,0,0.0
evaluation-3d-09,uniform_clutter,3,9,21,30090021,SC-RRT-no-SSFOR,1,5000,5000,3693,3695,8997,262,3740,409,172.0,0.01725062495097518,137.0,2677.1887267965367,0.8734044659660223,0.9346543759456836,2660.6855004547683,0.8788218636957745,1,,1.5,1.5,0.8,0.8,0,0.0
evaluation-3d-09,uniform_clutter,3,9,22,30090022,SC-RRT-no-ADCS,1,5000,5000,3896,3898,10607,287,4494,602,195.0,0.020161872962489724,154.0,2699.087847808669,0.8663180756107565,1.0238703039940447,2648.6169896227916,0.8828262445567842,1,,4.0,4.0,0.0,0.0,0,0.0
evaluation-3d-09,uniform_clutter,3,9,22,30090022,SC-RRT-no-SSFOR,1,5000,5000,3705,3707,9132,258,3908,473,195.0,0.01920414302730933,154.0,2699.087847808669,0.8663180756107565,0.92150107602356,2648.014212740273,0.8830272054311403,1,,1.5,1.5,0.8,0.8,0,0.0
evaluation-3d-09,uniform_clutter,3,9,22,30090022,SC-RRT,1,5000,5000,3591,3593,9337,263,4022,595,195.0,0.01974999299272895,154.0,2699.087847808669,0.8663180756107565,0.880437436979264,2664.97687755601,0.8774067084448243,1,,1.417007909105763,1.417007909105763,0.8566729793016756,0.8566729793016756,99,0.0034117159777303516
evaluation-3d-09,uniform_clutter,3,9,23,30090023,SC-RRT-no-SSFOR,1,5000,5000,3582,3584,8825,381,3763,446,347.0,0.029595665982924402,218.0,2606.5800600417483,0.8970637910045752,0.894430904998444,2553.738481334683,0.9156257022042109,1,,1.5,1.5,0.8,0.8,0,0.0
evaluation-3d-09,uniform_clutter,3,9,23,30090023,SC-RRT,1,5000,5000,3485,3487,9245,374,4056,674,347.0,0.030578606005292386,218.0,2606.5800600417483,0.8970637910045752,0.8823042020085268,2544.818674733294,0.9188350484197241,1,,1.3599226128437292,1.3599226128437292,0.8967999800439882,0.8967999800439882,99,0.01026339553407143
evaluation-3d-09,uniform_clutter,3,9,23,30090023,SC-RRT-no-ADCS,1,5000,5000,3902,3904,11245,388,5003,1009,347.0,0.030588056019041687,218.0,2606.5800600417483,0.8970637910045752,1.0230268689920194,2543.332039347246,0.9193721283903253,1,,4.0,4.0,0.0,0.0,0,0.0
evaluation-3d-09,uniform_clutter,3,9,24,30090024,SC-RRT,1,5000,5000,3622,3624,9602,244,4202,758,206.0,0.02035034098662436,150.0,2632.7298272968555,0.8881536441659081,0.9124748570029624,2537.6324984082385,0.9214370448379315,1,,1.399280332597001,1.399280332597001,0.8690627465216565,0.8690627465216565,98,0.003567281860934009
evaluation-3d-09,uniform_clutter,3,9,24,30090024,SC-RRT-no-ADCS,1,5000,5000,3973,3975,11275,290,4955,976,206.0,0.019220109039451927,150.0,2632.7298272968555,0.8881536441659081,1.0245335990330204,2534.3201537701075,0.9226413587642142,1,,4.0,4.0,0.0,0.0,0,0.0
evaluation-3d-09,uniform_clutter,3,9,24,30090024,SC-RRT-no-SSFOR,1,5000,5000,3713,3715,9086,341,3798,454,206.0,0.019021065963897854,150.0,2632.7298272968555,0.8881536441659081,0.8945821379893459,2586.3312726797008,0.904087042103969,1,,1.5,1.5,0.8,0.8,0,0.0
evaluation-3d-09,uniform_clutter,3,9,25,30090025,SC-RRT-no-ADCS,1,5000,5000,4002,4004,10843,239,4547,663,189.0,0.017838351021055132,143.0,2625.668899989049,0.8905420596739126,0.9802602270501666,2539.9382351047084,0.9206005712660921,1,,4.0,4.0,0.0,0.0,0,0.0
evaluation-3d-09,uniform_clutter,3,9,25,30090025,SC-RRT-no-SSFOR,1,5000,5000,3669,3671,9013,284,3812,409,189.0,0.01794967899331823,143.0,2625.668899989049,0.8905420596739126,0.8998042109888047,2581.321606367697,0.9058416372643607,1,,1.5,1.5,0.8,0.8,0,0.0
evaluation-3d-09,uniform_clutter,3,9,25,30090025,SC-RRT,1,5000,5000,3588,3590,10000,225,4771,917,189.0,0.018460525025147945,143.0,2625.668899989049,0.8905420596739126,0.937219683022704,2543.2554292574996,0.9193998224946831,1,,1.3892007481258957,1.3892007481258957,0.876139666925126,0.876139666925126,99,0.0072524204015627265
evaluation-3d-09,uniform_clutter,3,9,26,30090026,SC-RRT-no-SSFOR,1,5000,5000,3648,3650,9036,303,3910,449,159.0,0.017329627997241914,141.0,2581.8471916830513,0.9056572355444927,0.8513332460424863,2551.280678216115,0.9165077798703546,1,,1.5,1.5,0.8,0.8,0,0.0
evaluation-3d-09,uniform_clutter,3,9,26,30090026,SC-RRT,1,5000,5000,3641,3643,9548,223,4185,628,159.0,0.016091596975456923,141.0,2581.8471916830513,0.9056572355444927,0.8649983669747598,2539.313377580364,0.9208271065960557,1,,1.3909583476272607,1.3909583476272607,0.8749041257790361,0.8749041257790361,99,0.006494799835724282
evaluation-3d-09,uniform_clutter,3,9,26,30090026,SC-RRT-no-ADCS,1,5000,5000,3961,3963,10902,256,4687,736,159.0,0.016191026952583343,141.0,2581.8471916830513,0.9056572355444927,0.9518931019701995,2538.2805016326884,0.9212018091436107,1,,4.0,4.0,0.0,0.0,0,0.0
evaluation-3d-09,uniform_clutter,3,9,27,30090027,SC-RRT,1,5000,5000,3665,3667,9278,251,3903,538,162.0,0.016454994038213044,148.0,2637.9216885594024,0.886405612554381,0.8465219360077754,2613.3353755743938,0.8947449347958443,1,,1.4188926746907633,1.4188926746907633,0.8553604452027805,0.8553604452027805,99,0.002467065088367042
evaluation-3d-09,uniform_clutter,3,9,27,30090027,SC-RRT-no-ADCS,1,5000,5000,3947,3949,10660,273,4497,680,162.0,0.016492304974235594,148.0,2637.9216885594024,0.886405612554381,0.9156677699647844,2613.3353755743938,0.8947449347958443,1,,4.0,4.0,0.0,0.0,0,0.0
evaluation-3d-09,uniform_clutter,3,9,27,30090027,SC-RRT-no-SSFOR,1,5000,5000,3665,3667,9186,236,4127,683,162.0,0.01644985401071608,148.0,2637.9216885594024,0.886405612554381,0.8827564079547301,2558.0253023352248,0.9140912672299901,1,,1.5,1.5,0.8,0.8,0,0.0
evaluation-3d-09,uniform_clutter,3,9,28,30090028,SC-RRT-no-ADCS,1,5000,5000,3830,3832,10348,417,4256,586,280.0,0.025112906994763762,210.0,2686.047948661401,0.870523771321084,0.8813836729968898,2643.918865815804,0.8843949867185092,1,,4.0,4.0,0.0,0.0,0,0.0
evaluation-3d-09,uniform_clutter,3,9,28,30090028,SC-RRT-no-SSFOR,1,5000,5000,3625,3627,9231,354,4131,720,280.0,0.02526538900565356,210.0,2686.047948661401,0.870523771321084,0.8394176759757102,2640.603356921819,0.8855054221182731,1,,1.5,1.5,0.8,0.8,0,0.0
evaluation-3d-09,uniform_clutter,3,9,28,30090028,SC-RRT,1,5000,5000,3479,3481,9440,388,4268,751,280.0,0.025165174971334636,210.0,2686.047948661401,0.870523771321084,0.8498868189635687,2564.027495803084,0.9119514490563645,1,,1.2861571652464656,1.2861571652464656,0.9491317967549415,0.9491317967549415,99,0.034572953470913034
evaluation-3d-09,uniform_clutter,3,9,29,30090029,SC-RRT-no-SSFOR,1,5000,5000,3719,3721,9176,223,3998,510,178.0,0.016398548963479698,147.0,2586.824206640182,0.9039147632126782,0.8624373530037701,2571.524941055593,0.9092925963448526,1,,1.5,1.5,0.8,0.8,0,0.0
evaluation-3d-09,uniform_clutter,3,9,29,30090029,SC-RRT,1,5000,5000,3502,3504,9695,361,4498,909,178.0,0.01654076698468998,147.0,2586.824206640182,0.9039147632126782,0.8798912860220298,2522.683716703782,0.9268972462680496,1,,1.3464359611995464,1.3464359611995464,0.9063550015423065,0.9063550015423065,99,0.013034732443771478
evaluation-3d-09,uniform_clutter,3,9,29,30090029,SC-RRT-no-ADCS,1,5000,5000,3881,3883,10804,318,4730,824,178.0,0.01643703901208937,147.0,2586.824206640182,0.9039147632126782,0.921623162983451,2544.8137819256567,0.9188368150256636,1,,4.0,4.0,0.0,0.0,0,0.0
evaluation-3d-09,uniform_clutter,3,9,30,30090030,SC-RRT,1,5000,5000,3558,3560,9230,284,3981,639,147.0,0.01455214200541377,133.0,2514.5601503270213,0.9298916909638808,0.8346114209853113,2457.5306661179256,0.9514707679768913,1,,1.4427826998444373,1.4427826998444373,0.8388131848747208,0.8388131848747208,99,0.0013678509907125017
evaluation-3d-09,uniform_clutter,3,9,30,30090030,SC-RRT-no-ADCS,1,5000,5000,3942,3944,10391,255,4276,523,147.0,0.014603926974814385,133.0,2514.5601503270213,0.9298916909638808,0.9070277889841236,2451.378256735722,0.9538587461127457,1,,4.0,4.0,0.0,0.0,0,0.0
evaluation-3d-09,uniform_clutter,3,9,30,30090030,SC-RRT-no-SSFOR,1,5000,5000,3642,3644,9085,308,3964,516,147.0,0.014592527993954718,133.0,2514.5601503270213,0.9298916909638808,0.8455975739634596,2474.5198015441815,0.9449383224813266,1,,1.5,1.5,0.8,0.8,0,0.0
evaluation-3d-09,uniform_clutter,3,9,31,30090031,SC-RRT-no-ADCS,1,5000,5000,3846,3848,10573,361,4439,709,150.0,0.014414549979846925,130.0,2598.8827629299562,0.8997206890478745,0.9159366100211628,2565.648364444698,0.9113753165173407,1,,4.0,4.0,0.0,0.0,0,0.0
evaluation-3d-09,uniform_clutter,3,9,31,30090031,SC-RRT-no-SSFOR,1,5000,5000,3801,3803,9335,250,3975,450,150.0,0.01444013899890706,130.0,2598.8827629299562,0.8997206890478745,0.8640308539615944,2598.0519161967204,0.9000084161678216,1,,1.5,1.5,0.8,0.8,0,0.0
evaluation-3d-09,uniform_clutter,3,9,31,30090031,SC-RRT,1,5000,5000,3546,3548,9147,321,3840,527,150.0,0.014390805969014764,130.0,2598.8827629299562,0.8997206890478745,0.8182983609731309,2567.702044680231,0.910646387131409,1,,1.4355813627732283,1.4355813627732283,0.8437827875533809,0.8437827875533809,99,0.002960661154290077
evaluation-3d-09,uniform_clutter,3,9,32,30090032,SC-RRT-no-SSFOR,1,5000,5000,3784,3786,9197,265,3851,386,169.0,0.016395171056501567,141.0,2721.1059570555813,0.8593081736325134,0.8676761500537395,2700.5374056913593,0.8658530651307045,1,,1.5,1.5,0.8,0.8,0,0.0
evaluation-3d-09,uniform_clutter,3,9,32,30090032,SC-RRT,1,5000,5000,3646,3648,9396,237,4004,578,169.0,0.016265236015897244,141.0,2721.1059570555813,0.8593081736325134,0.8635626580216922,2582.633456971357,0.9053815143245536,1,,1.368466184420473,1.368466184420473,0.8907576338550106,0.8907576338550106,99,0.005048761362345997
evaluation-3d-09,uniform_clutter,3,9,32,30090032,SC-RRT-no-ADCS,1,5000,5000,3949,3951,10725,271,4545,780,169.0,0.016377390013076365,141.0,2721.1059570555813,0.8593081736325134,0.9447115650400519,2579.649880330883,0.9064286622950795,1,,4.0,4.0,0.0,0.0,0,0.0
evaluation-3d-09,uniform_clutter,3,9,33,30090033,SC-RRT,1,5000,5000,3607,3609,9738,273,4312,578,140.0,0.014054753992240876,127.0,2514.00342884495,0.9300976137857908,0.8645931349601597,2485.772426854378,0.9406607640173028,1,,1.4348932897863584,1.4348932897863584,0.8442584855423708,0.8442584855423708,99,0.0022388121691331586
evaluation-3d-09,uniform_clutter,3,9,33,30090033,SC-RRT-no-ADCS,1,5000,5000,3923,3925,11245,307,4988,776,140.0,0.014516009017825127,127.0,2514.00342884495,0.9300976137857908,0.9593367199995555,2487.384602374342,0.940051083369247,1,,4.0,4.0,0.0,0.0,0,0.0
evaluation-3d-09,uniform_clutter,3,9,33,30090033,SC-RRT-no-SSFOR,1,5000,5000,3749,3751,9086,284,3906,417,140.0,0.014268604048993438,127.0,2514.00342884495,0.9300976137857908,0.824666133034043,2502.9740726603386,0.9341960892677991,1,,1.5,1.5,0.8,0.8,0,0.0
evaluation-3d-09,uniform_clutter,3,9,34,30090034,SC-RRT-no-ADCS,1,5000,5000,3948,3950,11095,279,4862,838,180.0,0.01638008200097829,138.0,2537.899450708845,0.9213401222672146,0.9645784570020624,2509.7920444272127,0.9316583003001854,1,,4.0,4.0,0.0,0.0,0,0.0
evaluation-3d-09,uniform_clutter,3,9,34,30090034,SC-RRT-no-SSFOR,1,5000,5000,3652,3654,8955,320,3873,467,180.0,0.016356305044610053,138.0,2537.899450708845,0.9213401222672146,0.8021783740259707,2526.594331665865,0.9254626122256391,1,,1.5,1.5,0.8,0.8,0,0.0
evaluation-3d-09,uniform_clutter,3,9,34,30090034,SC-RRT,1,5000,5000,3590,3592,9619,285,4276,720,180.0,0.016526099992915988,138.0,2537.899450708845,0.9213401222672146,0.8721787530230358,2505.644844909766,0.9332003276394866,1,,1.3967757507941996,1.3967757507941996,0.8708192010096896,0.8708192010096896,99,0.005443301683664779
evaluation-3d-09,uniform_clutter,3,9,35,30090035,SC-RRT-no-SSFOR,1,5000,5000,3703,3705,9226,238,4074,580,139.0,0.013756525004282594,118.0,2538.3741009709443,0.921167840990649,0.8823879589908756,2503.408220214885,0.9340340785560232,1,,1.5,1.5,0.8,0.8,0,0.0
evaluation-3d-09,uniform_clutter,3,9,35,30090035,SC-RRT,1,5000,5000,3633,3635,9640,284,4171,692,139.0,0.01402541104471311,118.0,2538.3741009709443,0.921167840990649,0.9345150570152327,2502.562269748271,0.9343498135825357,1,,1.4344418397921228,1.4344418397921228,0.8445706747725191,0.8445706747725191,99,0.0019638202989560264
evaluation-3d-09,uniform_clutter,3,9,35,30090035,SC-RRT-no-ADCS,1,5000,5000,3895,3897,10756,291,4634,737,139.0,0.017913096002303064,118.0,2538.3741009709443,0.921167840990649,1.0746317019802518,2502.18501468023,0.9344906857404413,1,,4.0,4.0,0.0,0.0,0,0.0
evaluation-3d-09,uniform_clutter,3,9,36,30090036,SC-RRT,1,5000,5000,3625,3627,9481,261,4086,647,152.0,0.017135371977929026,136.0,2538.642025467876,0.9210706223091999,0.9505701729794964,2517.6803788718803,0.9287392513523552,1,,1.419402420718288,1.419402420718288,0.855005628705353,0.855005628705353,99,0.006844303020319348
evaluation-3d-09,uniform_clutter,3,9,36,30090036,SC-RRT-no-ADCS,1,5000,5000,3984,3986,10921,275,4631,805,152.0,0.017254177015274763,136.0,2538.642025467876,0.9210706223091999,1.0479673230438493,2521.2069602724728,0.9274401614238293,1,,4.0,4.0,0.0,0.0,0,0.0
evaluation-3d-09,uniform_clutter,3,9,36,30090036,SC-RRT-no-SSFOR,1,5000,5000,3577,3579,8895,292,3950,607,152.0,0.01538738701492548,136.0,2538.642025467876,0.9210706223091999,0.8474052530364133,2522.4473909859944,0.9269840863971331,1,,1.5,1.5,0.8,0.8,0,0.0
evaluation-3d-09,uniform_clutter,3,9,37,30090037,SC-RRT-no-ADCS,1,5000,5000,3915,3917,10649,309,4480,657,203.0,0.020011310989502817,168.0,2774.3570813645993,0.8428145770867678,0.9313116199919023,2666.2654247968167,0.8769826771451955,1,,4.0,4.0,0.0,0.0,0,0.0
evaluation-3d-09,uniform_clutter,3,9,37,30090037,SC-RRT-no-SSFOR,1,5000,5000,3748,3750,9185,271,3853,437,203.0,0.019459749979432672,168.0,2774.3570813645993,0.8428145770867678,0.8781543959630653,2638.264267651811,0.8862905126252426,1,,1.5,1.5,0.8,0.8,0,0.0
evaluation-3d-09,uniform_clutter,3,9,37,30090037,SC-RRT,1,5000,5000,3595,3597,9460,282,4127,738,203.0,0.0196046459604986,168.0,2774.3570813645993,0.8428145770867678,0.8468745590071194,2654.0445989746677,0.8810208355659597,1,,1.377522597527332,1.377522597527332,0.8843638947652177,0.8843638947652177,98,0.008193934369447063
evaluation-3d-09,uniform_clutter,3,9,38,30090038,SC-RRT-no-SSFOR,1,5000,5000,3736,3738,9058,240,3813,403,137.0,0.01361123996321112,124.0,2548.069369800695,0.9176628462045675,0.8484773309901357,2546.837244678116,0.9181067989735278,1,,1.5,1.5,0.8,0.8,0,0.0
evaluation-3d-09,uniform_clutter,3,9,38,30090038,SC-RRT,1,5000,5000,3583,3585,10060,265,4715,1071,137.0,0.013641654048115015,124.0,2548.069369800695,0.9176628462045675,0.8917388039990328,2504.206897126396,0.933736183260725,1,,1.4169390645978062,1.4169390645978062,0.8567209401798451,0.8567209401798451,99,0.005147904472506125
evaluation-3d-09,uniform_clutter,3,9,38,30090038,SC-RRT-no-ADCS,1,5000,5000,3957,3959,10747,245,4494,674,137.0,0.01367349800420925,124.0,2548.069369800695,0.9176628462045675,0.9902074089623056,2514.8539468157696,0.9297830568564937,1,,4.0,4.0,0.0,0.0,0,0.0
evaluation-3d-09,uniform_clutter,3,9,39,30090039,SC-RRT,1,5000,5000,3590,3592,10170,187,4927,1041,122.0,0.012514589005149901,115.0,2562.4432826706266,0.9125152568376057,0.96722187200794,2458.2597093692707,0.951188591386842,1,,1.3320082647053448,1.3320082647053448,0.9165923499852513,0.9165923499852513,99,0.01981675276778048
evaluation-3d-09,uniform_clutter,3,9,39,30090039,SC-RRT-no-ADCS,1,5000,5000,3940,3942,10651,224,4482,657,122.0,0.012693761033006012,115.0,2562.4432826706266,0.9125152568376057,0.9764403569861315,2505.3339069034864,0.9333161475102576,1,,4.0,4.0,0.0,0.0,0,0.0
evaluation-3d-09,uniform_clutter,3,9,39,30090039,SC-RRT-no-SSFOR,1,5000,5000,3669,3671,9065,269,3889,478,122.0,0.012480816047172993,115.0,2562.4432826706266,0.9125152568376057,0.9790839680354111,2536.308990980321,0.9219178729931516,1,,1.5,1.5,0.8,0.8,0,0.0
evaluation-3d-09,uniform_clutter,3,9,40,30090040,SC-RRT-no-ADCS,1,5000,5000,3980,3982,10996,236,4731,736,125.0,0.014890671009197831,124.0,2530.7286091510437,0.9239507475289411,1.0351312690181658,2521.6464510399314,0.9272785204498744,1,,4.0,4.0,0.0,0.0,0,0.0
evaluation-3d-09,uniform_clutter,3,9,40,30090040,SC-RRT-no-SSFOR,1,5000,5000,3736,3738,8949,197,3819,413,125.0,0.013600525970105082,124.0,2530.7286091510437,0.9239507475289411,0.843101039994508,2527.6702403664917,0.9250686869181773,1,,1.5,1.5,0.8,0.8,0,0.0
evaluation-3d-09,uniform_clutter,3,9,40,30090040,SC-RRT,1,5000,5000,3654,3656,9604,220,4189,675,125.0,0.013184823968913406,124.0,2530.7286091510437,0.9239507475289411,0.8807509109610692,2516.056487149872,0.9293386703200446,1,,1.4275257865892623,1.4275257865892623,0.8493610785166857,0.8493610785166857,99,0.0036075081119731575
evaluation-3d-09,uniform_clutter,3,9,41,30090041,SC-RRT-no-SSFOR,1,5000,5000,3726,3728,8959,280,3725,374,164.0,0.01570299203740433,133.0,2638.3531145327815,0.8862606666780696,0.8194391310098581,2595.7767017828955,0.9007972791388245,1,,1.5,1.5,0.8,0.8,0,0.0
evaluation-3d-09,uniform_clutter,3,9,41,30090041,SC-RRT,1,5000,5000,3577,3579,9861,329,4489,884,164.0,0.01589237101143226,133.0,2638.3531145327815,0.8862606666780696,0.90751969802659,2549.7710517357436,0.9170504107128441,1,,1.392809203221058,1.392809203221058,0.8736037047811367,0.8736037047811367,99,0.012766356756954162
evaluation-3d-09,uniform_clutter,3,9,41,30090041,SC-RRT-no-ADCS,1,5000,5000,3923,3925,11233,310,5020,987,164.0,0.015965687984135002,133.0,2638.3531145327815,0.8862606666780696,0.9727307439898141,2581.5734481749605,0.9057532691432892,1,,4.0,4.0,0.0,0.0,0,0.0
evaluation-3d-09,uniform_clutter,3,9,42,30090042,SC-RRT,1,5000,5000,3592,3594,9734,243,4363,801,119.0,0.012318708992097527,110.0,2481.6500380076336,0.9422233410860937,0.9228937379666604,2454.5423796077175,0.9526291375713317,1,,1.4322297471079437,1.4322297471079437,0.8461013034145988,0.8461013034145988,99,0.004545343554097198
evaluation-3d-09,uniform_clutter,3,9,42,30090042,SC-RRT-no-ADCS,1,5000,5000,3931,3933,10769,214,4632,811,119.0,0.013768622011411935,110.0,2481.6500380076336,0.9422233410860937,1.050715804041829,2461.6152104282382,0.9498919978688318,1,,4.0,4.0,0.0,0.0,0,0.0
evaluation-3d-09,uniform_clutter,3,9,42,30090042,SC-RRT-no-SSFOR,1,5000,5000,3715,3717,9193,212,4145,606,119.0,0.013813244993798435,110.0,2481.6500380076336,0.9422233410860937,0.958317184005864,2461.5123072770166,0.949931707960718,1,,1.5,1.5,0.8,0.8,0,0.0
evaluation-3d-09,uniform_clutter,3,9,43,30090043,SC-RRT-no-ADCS,1,5000,5000,4012,4014,11173,244,4788,746,162.0,0.01732096099294722,131.0,2595.897720870372,0.9007552845471863,1.088953061029315,2570.5218991812726,0.9096474108867687,1,,4.0,4.0,0.0,0.0,0,0.0
evaluation-3d-09,uniform_clutter,3,9,43,30090043,SC-RRT-no-SSFOR,1,5000,5000,3626,3628,8946,340,3764,432,162.0,0.017201211012434214,131.0,2595.897720870372,0.9007552845471863,0.9365221899934113,2577.728928599647,0.9071041428270932,1,,1.5,1.5,0.8,0.8,0,0.0
evaluation-3d-09,uniform_clutter,3,9,43,30090043,SC-RRT,1,5000,5000,3611,3613,9768,267,4359,762,162.0,0.01724278600886464,131.0,2595.897720870372,0.9007552845471863,0.9767024510074407,2573.131732134215,0.9087247889475796,1,,1.4109217568899104,1.4109217568899104,0.8609177568055125,0.8609177568055125,99,0.0049307709633360135
evaluation-3d-09,uniform_clutter,3,9,44,30090044,SC-RRT-no-SSFOR,1,5000,5000,3794,3796,9388,267,4028,476,161.0,0.017526093986816704,134.0,2636.9005764865947,0.8867488638246241,1.0075347850215621,2588.925277400962,0.9031811812527036,1,,1.5,1.5,0.8,0.8,0,0.0
evaluation-3d-09,uniform_clutter,3,9,44,30090044,SC-RRT,1,5000,5000,3593,3595,9245,226,3982,622,161.0,0.017601011029910296,134.0,2636.9005764865947,0.8867488638246241,0.9645723819849081,2591.2750167156614,0.9023621866202558,1,,1.4173526267307632,1.4173526267307632,0.8564328491788499,0.8564328491788499,99,0.004454722459434712
evaluation-3d-09,uniform_clutter,3,9,44,30090044,SC-RRT-no-ADCS,1,5000,5000,3912,3914,10826,242,4705,888,161.0,0.017582246975507587,134.0,2636.9005764865947,0.8867488638246241,1.0809700249810703,2561.576420429534,0.9128240608280954,1,,4.0,4.0,0.0,0.0,0,0.0
evaluation-3d-09,uniform_clutter,3,9,45,30090045,SC-RRT,1,5000,5000,3580,3582,9629,228,4430,815,166.0,0.018533527036197484,145.0,2681.0944220435163,0.8721321304438685,0.9325488150352612,2574.3209124026544,0.9083050131600109,1,,1.340798812238582,1.340798812238582,0.910353450820182,0.910353450820182,99,0.014396293401122421
evaluation-3d-09,uniform_clutter,3,9,45,30090045,SC-RRT-no-ADCS,1,5000,5000,4026,4028,10995,256,4662,606,166.0,0.017472516978159547,145.0,2681.0944220435163,0.8721321304438685,0.9872868700185791,2605.5688158276917,0.8974119493655376,1,,4.0,4.0,0.0,0.0,0,0.0
evaluation-3d-09,uniform_clutter,3,9,45,30090045,SC-RRT-no-SSFOR,1,5000,5000,3672,3674,9076,255,3949,520,166.0,0.017827391042374074,145.0,2681.0944220435163,0.8721321304438685,0.8775799690047279,2650.9169314529045,0.8820603024088103,1,,1.5,1.5,0.8,0.8,0,0.0
evaluation-3d-09,uniform_clutter,3,9,46,30090046,SC-RRT-no-ADCS,1,5000,5000,4002,4004,11050,248,4780,784,182.0,0.018439101986587048,151.0,2700.211642671843,0.8659575246865766,0.971975203952752,2649.1360307207065,0.8826532737852085,1,,4.0,4.0,0.0,0.0,0,0.0
evaluation-3d-09,uniform_clutter,3,9,46,30090046,SC-RRT-no-SSFOR,1,5000,5000,3598,3600,8783,268,3797,508,182.0,0.01717347197700292,151.0,2700.211642671843,0.8659575246865766,0.8266052089747973,2651.88470189594,0.8817384061027469,1,,1.5,1.5,0.8,0.8,0,0.0
evaluation-3d-09,uniform_clutter,3,9,46,30090046,SC-RRT,1,5000,5000,3671,3673,10349,250,4859,1026,182.0,0.01750835304846987,151.0,2700.211642671843,0.8659575246865766,0.9473694390035234,2628.6525061961706,0.8895312654321165,1,,1.4022975960371022,1.4022975960371022,0.8669486214166013,0.8669486214166013,99,0.00880880071566936
evaluation-3d-09,uniform_clutter,3,9,47,30090047,SC-RRT-no-SSFOR,1,5000,5000,3696,3698,9177,298,4091,602,134.0,0.01351193297887221,124.0,2539.628240269685,0.9207129426036315,0.8495604759664275,2505.0980176111675,0.9334040320097854,1,,1.5,1.5,0.8,0.8,0,0.0
evaluation-3d-09,uniform_clutter,3,9,47,30090047,SC-RRT,1,5000,5000,3632,3634,9750,234,4351,768,134.0,0.014025309996213764,124.0,2539.628240269685,0.9207129426036315,0.92772104695905,2500.2010407840667,0.9352322281590203,1,,1.40092996087342,1.40092996087342,0.8679066336098986,0.8679066336098986,99,0.008657420376589458
evaluation-3d-09,uniform_clutter,3,9,47,30090047,SC-RRT-no-ADCS,1,5000,5000,3932,3934,10503,261,4337,574,134.0,0.013792069046758115,124.0,2539.628240269685,0.9207129426036315,0.9192817750154063,2518.7154915606316,0.9283575687896214,1,,4.0,4.0,0.0,0.0,0,0.0
evaluation-3d-09,uniform_clutter,3,9,48,30090048,SC-RRT,1,5000,5000,3558,3560,9586,333,4194,701,167.0,0.016169495997019112,130.0,2505.3271146818247,0.9333186778345881,0.9640292430412956,2476.085673057725,0.9443407454195435,1,,1.401566534425607,1.401566534425607,0.8674606678433936,0.8674606678433936,99,0.0067306396913232175
evaluation-3d-09,uniform_clutter,3,9,48,30090048,SC-RRT-no-ADCS,1,5000,5000,3852,3854,10291,348,4179,528,167.0,0.016523798985872418,130.0,2505.3271146818247,0.9333186778345881,0.9371720019844361,2496.3212291600616,0.9366857770162627,1,,4.0,4.0,0.0,0.0,0,0.0
evaluation-3d-09,uniform_clutter,3,9,48,30090048,SC-RRT-no-SSFOR,1,5000,5000,3692,3694,8859,270,3789,409,167.0,0.01609491801355034,130.0,2505.3271146818247,0.9333186778345881,0.8350493300240487,2502.523277588597,0.9343643718155994,1,,1.5,1.5,0.8,0.8,0,0.0
evaluation-3d-09,uniform_clutter,3,9,49,30090049,SC-RRT-no-ADCS,1,5000,5000,3925,3927,10655,282,4447,652,162.0,0.01662830199347809,139.0,2556.6916156797356,0.9145680988187227,0.9734452179982327,2527.3226575304625,0.925195911669937,1,,4.0,4.0,0.0,0.0,0,0.0
evaluation-3d-09,uniform_clutter,3,9,49,30090049,SC-RRT-no-SSFOR,1,5000,5000,3808,3810,9367,270,4014,488,162.0,0.017499339999631047,139.0,2556.6916156797356,0.9145680988187227,0.9427105679642409,2536.6616776388987,0.9217896934503395,1,,1.5,1.5,0.8,0.8,0,0.0
evaluation-3d-09,uniform_clutter,3,9,49,30090049,SC-RRT,1,5000,5000,3607,3609,9586,281,4190,703,162.0,0.016207215026952326,139.0,2556.6916156797356,0.9145680988187227,0.8908920329995453,2499.46577217821,0.93550734570782,1,,1.3606396734611432,1.3606396734611432,0.8962924929163856,0.8962924929163856,99,0.01306815290182533
