ply
format ascii 1.0
comment Generated by robot_control PLYWriter
element vertex 11585
property float x
property float y
property float z
property uchar red
property uchar green
property uchar blue
end_header
0.585588 -0.00270623 0.215216 0 255 0
0.585169 0.00814159 0.210144 0 254 0
0.585074 0.0126493 0.207937 0 254 0
0.584895 0.0170912 0.2056 0 254 0
0.584659 0.0215218 0.203247 0 254 0
0.584559 0.0259859 0.20095 0 254 0
0.584415 0.0304225 0.198602 0 254 0
0.584212 0.0348261 0.196196 0 254 0
0.584038 0.0392206 0.19377 0 254 0
0.583913 0.0436112 0.191335 0 254 0
0.58385 0.0479971 0.188888 0 254 0
0.583837 0.0523223 0.186335 0 254 0
0.583933 0.0566173 0.183734 0 254 0
0.584097 0.0608761 0.181077 0 254 0
0.584301 0.0651683 0.17848 0 254 0
0.584413 0.0694287 0.175827 0 254 0
0.584725 0.0736249 0.173085 0 254 0
0.582268 0.0725274 0.172314 0 254 0
0.577828 0.0712344 0.16893 0 254 0
0.573463 0.0696038 0.165559 0 254 0
0.569214 0.0676447 0.162252 0 254 0
0.567317 0.0684514 0.158494 0 254 0
0.565154 0.0698231 0.154104 0 254 0
0.562999 0.0712997 0.149747 0 254 0
0.560369 0.0723401 0.145523 0 254 0
0.55797 0.0737903 0.141286 0 254 0
0.555536 0.0751578 0.137039 0 254 0
0.556916 0.073968 0.139794 0 254 0
0.559294 0.072572 0.144 0 254 0
0.561854 0.0714574 0.148188 0 254 0
0.564031 0.0699695 0.152473 0 254 0
0.566339 0.0687091 0.156757 0 254 0
0.566968 0.067556 0.159019 0 254 0
0.569543 0.066937 0.163121 0 254 0
0.572191 0.066274 0.167171 0 254 0
0.575059 0.0653829 0.171021 0 254 0
0.578147 0.0644734 0.174689 0 254 0
0.581258 0.0633218 0.178266 0 254 0
0.579461 0.0556016 0.181389 0 254 0
0.578684 0.0512261 0.183157 0 254 0
0.57782 0.0468664 0.184923 0 254 0
0.576905 0.0425032 0.186654 0 254 0
0.576013 0.0381302 0.188373 0 254 0
0.575112 0.0337604 0.190095 0 254 0
0.574197 0.029399 0.191831 0 254 0
0.573252 0.0250464 0.193573 0 254 0
0.572238 0.0206963 0.195282 1 253 0
0.571261 0.0163232 0.196954 1 253 0
0.57026 0.0119549 0.198624 1 253 0
0.569241 0.00761786 0.200363 1 253 0
0.568239 0.00278958 0.202144 1 253 0
0.56741 -0.00174981 0.203577 1 253 0
0.566616 -0.00631913 0.204932 1 253 0
0.565858 -0.0109173 0.206206 1 253 0
0.565155 -0.0155449 0.207404 1 253 0
0.56452 -0.0202038 0.208514 1 253 0
0.56395 -0.024899 0.209499 1 253 0
0.563428 -0.0296244 0.210361 1 253 0
0.562976 -0.0343712 0.211142 1 253 0
0.562547 -0.0391262 0.211881 1 253 0
0.562733 -0.0364547 0.211576 1 253 0
0.563212 -0.0316106 0.210808 1 253 0
0.563716 -0.0267875 0.209934 1 253 0
0.564246 -0.0219876 0.208952 1 253 0
0.56484 -0.0172107 0.207896 1 253 0
0.565516 -0.0124706 0.206731 1 253 0
0.566284 -0.00777993 0.205433 1 253 0
0.567106 -0.00312874 0.204028 1 253 0
0.5688 0.0053591 0.201216 1 253 0
0.569854 0.00988055 0.199416 1 253 0
0.570942 0.0144388 0.197735 1 253 0
0.572121 0.0190046 0.196136 1 253 0
0.573332 0.0235507 0.194504 1 253 0
0.574541 0.0280885 0.192848 1 253 0
0.575731 0.0326436 0.191226 1 253 0
0.576902 0.0372147 0.189636 1 253 0
0.578081 0.0417883 0.188058 1 253 0
0.579268 0.0463494 0.186451 1 253 0
0.580352 0.0509081 0.184769 1 253 0
0.581353 0.0554851 0.183082 1 253 0
0.581364 0.0582231 0.181475 1 253 0
0.581829 0.0622536 0.179273 1 253 0
0.582458 0.066262 0.177068 1 253 0
0.583307 0.0702044 0.174822 1 253 0
0.584204 0.0740853 0.172492 1 253 0
0.585051 0.0778316 0.169928 1 253 0
0.58584 0.0815092 0.167251 1 253 0
0.588183 0.0831052 0.16841 1 253 0
0.591561 0.0859526 0.169431 1 253 0
0.594951 0.0887038 0.170667 1 253 0
0.598203 0.0916356 0.171862 1 253 0
0.601268 0.0946475 0.173311 2 252 0
0.604171 0.0978703 0.174629 2 252 0
0.601758 0.0956489 0.172989 2 252 0
0.598557 0.0933736 0.170841 2 252 0
0.595331 0.0910043 0.168832 2 252 0
0.591942 0.0885488 0.167239 2 252 0
0.588554 0.0860164 0.16577 2 252 0
0.586366 0.0838918 0.165422 2 252 0
0.582967 0.0807876 0.164696 2 252 0
0.579471 0.077843 0.163755 2 252 0
0.575998 0.074864 0.16284 2 252 0
0.572542 0.0719285 0.161738 2 252 0
0.569118 0.068972 0.160592 2 252 0
0.567653 0.069357 0.157984 2 252 0
0.565546 0.0708652 0.153542 2 252 0
0.563111 0.0720468 0.149159 2 252 0
0.560799 0.0736769 0.14485 2 252 0
0.558136 0.0748382 0.140598 2 252 0
0.55579 0.0764224 0.136312 2 252 0
0.557156 0.0749765 0.139356 2 252 0
0.559347 0.0731293 0.143655 2 252 0
0.561693 0.0714862 0.147959 2 252 0
0.563949 0.0699839 0.15236 2 252 0
0.566339 0.0687091 0.156757 2 252 0
0.566968 0.067556 0.159019 2 252 0
0.569543 0.066937 0.163121 2 252 0
0.572191 0.066274 0.167171 2 252 0
0.575059 0.0653829 0.171021 2 252 0
0.578147 0.0644734 0.174689 2 252 0
0.581258 0.0633218 0.178266 2 252 0
0.579461 0.0556016 0.181389 2 252 0
0.578684 0.0512261 0.183157 2 252 0
0.57782 0.0468664 0.184923 2 252 0
0.576905 0.0425032 0.186654 2 252 0
0.576013 0.0381302 0.188373 2 252 0
0.575112 0.0337604 0.190095 2 252 0
0.574197 0.029399 0.191831 2 252 0
0.573252 0.0250464 0.193573 2 252 0
0.572238 0.0206963 0.195282 2 252 0
0.571261 0.0163232 0.196954 2 252 0
0.57026 0.0119549 0.198624 2 252 0
0.569241 0.00761786 0.200363 2 252 0
0.568239 0.00278958 0.202144 2 252 0
0.56741 -0.00174981 0.203577 2 252 0
0.566616 -0.00631913 0.204932 2 252 0
0.565858 -0.0109173 0.206206 2 252 0
0.565155 -0.0155449 0.207404 3 251 0
0.56452 -0.0202038 0.208514 3 251 0
0.56395 -0.024899 0.209499 3 251 0
0.563428 -0.0296244 0.210361 3 251 0
0.562976 -0.0343712 0.211142 3 251 0
0.562547 -0.0391262 0.211881 3 251 0
0.562733 -0.0364547 0.211576 3 251 0
0.563212 -0.0316106 0.210808 3 251 0
0.563716 -0.0267875 0.209934 3 251 0
0.564246 -0.0219876 0.208952 3 251 0
0.56484 -0.0172107 0.207896 3 251 0
0.565516 -0.0124706 0.206731 3 251 0
0.566284 -0.00777993 0.205433 3 251 0
0.567106 -0.00312874 0.204028 3 251 0
0.5688 0.0053591 0.201216 3 251 0
0.569854 0.00988055 0.199416 3 251 0
0.570942 0.0144388 0.197735 3 251 0
0.572121 0.0190046 0.196136 3 251 0
0.573332 0.0235507 0.194504 3 251 0
0.574541 0.0280885 0.192848 3 251 0
0.575731 0.0326436 0.191226 3 251 0
0.576902 0.0372147 0.189636 3 251 0
0.578081 0.0417883 0.188058 3 251 0
0.579268 0.0463494 0.186451 3 251 0
0.580352 0.0509081 0.184769 3 251 0
0.581353 0.0554851 0.183082 3 251 0
0.581364 0.0582231 0.181475 3 251 0
0.581829 0.0622536 0.179273 3 251 0
0.582458 0.066262 0.177068 3 251 0
0.583307 0.0702044 0.174822 3 251 0
0.584204 0.0740853 0.172492 3 251 0
0.585051 0.0778316 0.169928 3 251 0
0.58584 0.0815092 0.167251 3 251 0
0.588183 0.0831052 0.16841 3 251 0
0.591561 0.0859526 0.169431 3 251 0
0.594951 0.0887038 0.170667 3 251 0
0.598203 0.0916356 0.171862 3 251 0
0.601268 0.0946475 0.173311 3 251 0
0.604171 0.0978703 0.174629 3 251 0
0.597936 0.101889 0.181336 3 251 0
0.649893 0.0984774 0.22463 3 251 0
0.65357 0.0945753 0.216189 3 251 0
0.655589 0.0926329 0.217521 3 251 0
0.658858 0.0891843 0.219897 3 251 0
0.662029 0.0857091 0.222358 3 251 0
0.665103 0.0822014 0.224899 4 250 0
0.668135 0.0786798 0.227467 4 250 0
0.668997 0.0761829 0.228618 4 250 0
0.672341 0.07296 0.230939 4 250 0
0.675299 0.0694257 0.233331 4 250 0
0.678076 0.0658066 0.23582 4 250 0
0.680729 0.0621528 0.238392 4 250 0
0.683701 0.0629774 0.239118 4 250 0
0.688245 0.0631391 0.240567 4 250 0
0.692833 0.0636505 0.241801 4 250 0
0.69745 0.0645617 0.242646 4 250 0
0.702096 0.065492 0.243274 4 250 0
0.706776 0.0662534 0.243873 4 250 0
0.703902 0.0660419 0.243505 4 250 0
0.699284 0.0648482 0.242928 4 250 0
0.694639 0.0638451 0.242199 4 250 0
0.690049 0.062718 0.241324 4 250 0
0.685454 0.061777 0.240289 4 250 0
0.682587 0.0616779 0.239289 4 250 0
0.677429 0.0605456 0.237799 4 250 0
0.67228 0.0595939 0.236138 4 250 0
0.66719 0.0587002 0.234291 4 250 0
0.662202 0.0575089 0.232446 4 250 0
0.661193 0.0499789 0.23515 4 250 0
0.660508 0.0451645 0.236875 4 250 0
0.659611 0.0403995 0.238638 4 250 0
0.658698 0.0356481 0.24043 4 250 0
0.657684 0.0309205 0.24223 4 250 0
0.656767 0.0262014 0.244105 4 250 0
0.655948 0.0215116 0.246095 4 250 0
0.655029 0.0168649 0.24814 4 250 0
0.65392 0.0122067 0.25006 4 250 0
0.652934 0.00755152 0.252051 4 250 0
0.652158 0.00289849 0.254141 4 250 0
0.65081 -0.003038 0.256428 4 250 0
0.649712 -0.00810171 0.257528 4 250 0
0.648859 -0.0132292 0.258576 4 250 0
0.647674 -0.0183759 0.259061 4 250 0
0.646829 -0.023584 0.259601 4 250 0
0.64619 -0.0288237 0.26012 4 250 0
0.645485 -0.0340663 0.260496 4 250 0
0.644779 -0.0392732 0.261003 4 250 0
0.644849 -0.0366478 0.260648 4 250 0
0.646107 -0.0319765 0.26044 4 250 0
0.646995 -0.0272115 0.260178 4 250 0
0.647896 -0.0224473 0.259999 4 250 0
0.648148 -0.0176376 0.259393 5 249 0
0.648558 -0.0128862 0.258499 5 249 0
0.648993 -0.00817722 0.257409 5 249 0
0.649977 -0.000402799 0.254646 5 249 0
0.650612 0.00412096 0.25261 5 249 0
0.651423 0.00867617 0.250712 5 249 0
0.652238 0.0132293 0.24881 5 249 0
0.653046 0.0177552 0.246841 5 249 0
0.653856 0.0222779 0.244865 5 249 0
0.65476 0.0268368 0.243018 5 249 0
0.655562 0.0314097 0.241158 5 249 0
0.656346 0.0359886 0.239305 5 249 0
0.657091 0.0405844 0.237479 5 249 0
0.657753 0.0451878 0.23564 5 249 0
0.658414 0.0498261 0.233894 5 249 0
0.659996 0.0523211 0.233411 5 249 0
0.661923 0.0566423 0.232685 5 249 0
0.663481 0.0610717 0.231683 5 249 0
0.665115 0.0654896 0.230754 5 249 0
0.666643 0.0699351 0.229778 5 249 0
0.668527 0.0742656 0.229041 5 249 0
0.667152 0.076636 0.227668 5 249 0
0.663955 0.0803245 0.225022 5 249 0
0.661039 0.0842782 0.22242 5 249 0
0.658232 0.088369 0.219914 5 249 0
0.655589 0.0926329 0.217521 5 249 0
0.657567 0.0903014 0.218951 5 249 0
0.661223 0.0867765 0.221645 5 249 0
0.664801 0.0832094 0.224389 5 249 0
0.668406 0.0797001 0.227175 5 249 0
0.670316 0.0785967 0.228338 5 249 0
0.672787 0.0745757 0.230585 5 249 0
0.675414 0.070686 0.232888 5 249 0
0.678135 0.0669405 0.235313 5 249 0
0.681093 0.0634918 0.237886 5 249 0
0.684017 0.0639623 0.238772 5 249 0
0.688505 0.0644354 0.240061 5 249 0
0.693009 0.0649072 0.241298 5 249 0
0.697566 0.0652924 0.242358 5 249 0
0.702164 0.0657127 0.243196 5 249 0
0.706776 0.0662534 0.243873 5 249 0
0.703902 0.0660419 0.243505 5 249 0
0.699284 0.0648482 0.242928 5 249 0
0.694639 0.0638451 0.242199 5 249 0
0.690049 0.062718 0.241324 5 249 0
0.685454 0.061777 0.240289 6 248 0
0.682587 0.0616779 0.239289 6 248 0
0.677429 0.0605456 0.237799 6 248 0
0.67228 0.0595939 0.236138 6 248 0
0.66719 0.0587002 0.234291 6 248 0
0.662202 0.0575089 0.232446 6 248 0
0.661193 0.0499789 0.23515 6 248 0
0.660508 0.0451645 0.236875 6 248 0
0.659611 0.0403995 0.238638 6 248 0
0.658698 0.0356481 0.24043 6 248 0
0.657684 0.0309205 0.24223 6 248 0
0.656767 0.0262014 0.244105 6 248 0
0.655948 0.0215116 0.246095 6 248 0
0.655029 0.0168649 0.24814 6 248 0
0.65392 0.0122067 0.25006 6 248 0
0.652934 0.00755152 0.252051 6 248 0
0.652158 0.00289849 0.254141 6 248 0
0.65081 -0.003038 0.256428 6 248 0
0.649712 -0.00810171 0.257528 6 248 0
0.648859 -0.0132292 0.258576 6 248 0
0.647674 -0.0183759 0.259061 6 248 0
0.646829 -0.023584 0.259601 6 248 0
0.64619 -0.0288237 0.26012 6 248 0
0.645485 -0.0340663 0.260496 6 248 0
0.644779 -0.0392732 0.261003 6 248 0
0.644849 -0.0366478 0.260648 6 248 0
0.646107 -0.0319765 0.26044 6 248 0
0.646995 -0.0272115 0.260178 6 248 0
0.647896 -0.0224473 0.259999 6 248 0
0.648148 -0.0176376 0.259393 6 248 0
0.648558 -0.0128862 0.258499 6 248 0
0.648993 -0.00817722 0.257409 6 248 0
0.649977 -0.000402799 0.254646 6 248 0
0.650612 0.00412096 0.25261 6 248 0
0.651423 0.00867617 0.250712 6 248 0
0.652238 0.0132293 0.24881 6 248 0
0.653046 0.0177552 0.246841 6 248 0
0.653856 0.0222779 0.244865 6 248 0
0.65476 0.0268368 0.243018 6 248 0
0.655562 0.0314097 0.241158 6 248 0
0.656346 0.0359886 0.239305 6 248 0
0.657091 0.0405844 0.237479 6 248 0
0.657753 0.0451878 0.23564 6 248 0
0.658414 0.0498261 0.233894 6 248 0
0.659996 0.0523211 0.233411 6 248 0
0.661923 0.0566423 0.232685 7 247 0
0.663481 0.0610717 0.231683 7 247 0
0.665115 0.0654896 0.230754 7 247 0
0.666643 0.0699351 0.229778 7 247 0
0.668527 0.0742656 0.229041 7 247 0
0.667152 0.076636 0.227668 7 247 0
0.663955 0.0803245 0.225022 7 247 0
0.661039 0.0842782 0.22242 7 247 0
0.658232 0.088369 0.219914 7 247 0
0.655589 0.0926329 0.217521 7 247 0
0.65208 0.0965887 0.226008 7 247 0
0.59949 0.103844 0.18226 7 247 0
0.60557 0.0996054 0.175547 7 247 0
0.585588 -0.00270623 0.215216 7 247 0
0.585169 0.00814159 0.210144 7 247 0
0.585074 0.0126493 0.207937 7 247 0
0.584895 0.0170912 0.2056 7 247 0
0.584659 0.0215218 0.203247 7 247 0
0.584559 0.0259859 0.20095 7 247 0
0.584415 0.0304225 0.198602 7 247 0
0.584212 0.0348261 0.196196 7 247 0
0.584038 0.0392206 0.19377 7 247 0
0.583913 0.0436112 0.191335 7 247 0
0.58385 0.0479971 0.188888 7 247 0
0.583837 0.0523223 0.186335 7 247 0
0.583933 0.0566173 0.183734 7 247 0
0.584097 0.0608761 0.181077 7 247 0
0.584301 0.0651683 0.17848 7 247 0
0.584413 0.0694287 0.175827 7 247 0
0.584725 0.0736249 0.173085 7 247 0
0.582268 0.0725274 0.172314 7 247 0
0.577828 0.0712344 0.16893 7 247 0
0.573463 0.0696038 0.165559 7 247 0
0.569214 0.0676447 0.162252 7 247 0
0.567317 0.0684514 0.158494 7 247 0
0.565154 0.0698231 0.154104 7 247 0
0.562999 0.0712997 0.149747 7 247 0
0.560369 0.0723401 0.145523 7 247 0
0.55797 0.0737903 0.141286 7 247 0
0.555536 0.0751578 0.137039 7 247 0
0.556916 0.073968 0.139794 7 247 0
0.559294 0.072572 0.144 7 247 0
0.561854 0.0714574 0.148188 7 247 0
0.564031 0.0699695 0.152473 7 247 0
0.566339 0.0687091 0.156757 7 247 0
0.566968 0.067556 0.159019 7 247 0
0.569543 0.066937 0.163121 8 246 0
0.572191 0.066274 0.167171 8 246 0
0.575059 0.0653829 0.171021 8 246 0
0.578147 0.0644734 0.174689 8 246 0
0.581258 0.0633218 0.178266 8 246 0
0.579461 0.0556016 0.181389 8 246 0
0.578684 0.0512261 0.183157 8 246 0
0.57782 0.0468664 0.184923 8 246 0
0.576905 0.0425032 0.186654 8 246 0
0.576013 0.0381302 0.188373 8 246 0
0.575112 0.0337604 0.190095 8 246 0
0.574197 0.029399 0.191831 8 246 0
0.573252 0.0250464 0.193573 8 246 0
0.572238 0.0206963 0.195282 8 246 0
0.571261 0.0163232 0.196954 8 246 0
0.57026 0.0119549 0.198624 8 246 0
0.569241 0.00761786 0.200363 8 246 0
0.568239 0.00278958 0.202144 8 246 0
0.56741 -0.00174981 0.203577 8 246 0
0.566616 -0.00631913 0.204932 8 246 0
0.565858 -0.0109173 0.206206 8 246 0
0.565155 -0.0155449 0.207404 8 246 0
0.56452 -0.0202038 0.208514 8 246 0
0.56395 -0.024899 0.209499 8 246 0
0.563428 -0.0296244 0.210361 8 246 0
0.562976 -0.0343712 0.211142 8 246 0
0.562547 -0.0391262 0.211881 8 246 0
0.562733 -0.0364547 0.211576 8 246 0
0.563212 -0.0316106 0.210808 8 246 0
0.563716 -0.0267875 0.209934 8 246 0
0.564246 -0.0219876 0.208952 8 246 0
0.56484 -0.0172107 0.207896 8 246 0
0.565516 -0.0124706 0.206731 8 246 0
0.566284 -0.00777993 0.205433 8 246 0
0.567106 -0.00312874 0.204028 8 246 0
0.5688 0.0053591 0.201216 8 246 0
0.569854 0.00988055 0.199416 8 246 0
0.570942 0.0144388 0.197735 8 246 0
0.572121 0.0190046 0.196136 8 246 0
0.573332 0.0235507 0.194504 8 246 0
0.574541 0.0280885 0.192848 8 246 0
0.575731 0.0326436 0.191226 8 246 0
0.576902 0.0372147 0.189636 8 246 0
0.578081 0.0417883 0.188058 8 246 0
0.579268 0.0463494 0.186451 8 246 0
0.580352 0.0509081 0.184769 9 245 0
0.581353 0.0554851 0.183082 9 245 0
0.581364 0.0582231 0.181475 9 245 0
0.581829 0.0622536 0.179273 9 245 0
0.582458 0.066262 0.177068 9 245 0
0.583307 0.0702044 0.174822 9 245 0
0.584204 0.0740853 0.172492 9 245 0
0.585051 0.0778316 0.169928 9 245 0
0.58584 0.0815092 0.167251 9 245 0
0.588183 0.0831052 0.16841 9 245 0
0.591561 0.0859526 0.169431 9 245 0
0.594951 0.0887038 0.170667 9 245 0
0.598203 0.0916356 0.171862 9 245 0
0.601268 0.0946475 0.173311 9 245 0
0.604171 0.0978703 0.174629 9 245 0
0.601758 0.0956489 0.172989 9 245 0
0.598557 0.0933736 0.170841 9 245 0
0.595331 0.0910043 0.168832 9 245 0
0.591942 0.0885488 0.167239 9 245 0
0.588554 0.0860164 0.16577 9 245 0
0.586366 0.0838918 0.165422 9 245 0
0.582967 0.0807876 0.164696 9 245 0
0.579471 0.077843 0.163755 9 245 0
0.575998 0.074864 0.16284 9 245 0
0.572542 0.0719285 0.161738 9 245 0
0.569118 0.068972 0.160592 9 245 0
0.567653 0.069357 0.157984 9 245 0
0.565546 0.0708652 0.153542 9 245 0
0.563111 0.0720468 0.149159 9 245 0
0.560799 0.0736769 0.14485 9 245 0
0.558136 0.0748382 0.140598 9 245 0
0.55579 0.0764224 0.136312 9 245 0
0.557156 0.0749765 0.139356 9 245 0
0.559347 0.0731293 0.143655 9 245 0
0.561693 0.0714862 0.147959 9 245 0
0.563949 0.0699839 0.15236 9 245 0
0.566339 0.0687091 0.156757 9 245 0
0.566968 0.067556 0.159019 9 245 0
0.569543 0.066937 0.163121 9 245 0
0.572191 0.066274 0.167171 9 245 0
0.575059 0.0653829 0.171021 9 245 0
0.578147 0.0644734 0.174689 9 245 0
0.581258 0.0633218 0.178266 9 245 0
0.579461 0.0556016 0.181389 9 245 0
0.578684 0.0512261 0.183157 9 245 0
0.57782 0.0468664 0.184923 9 245 0
0.576905 0.0425032 0.186654 10 244 0
0.576013 0.0381302 0.188373 10 244 0
0.575112 0.0337604 0.190095 10 244 0
0.574197 0.029399 0.191831 10 244 0
0.573252 0.0250464 0.193573 10 244 0
0.572238 0.0206963 0.195282 10 244 0
0.571261 0.0163232 0.196954 10 244 0
0.57026 0.0119549 0.198624 10 244 0
0.569241 0.00761786 0.200363 10 244 0
0.568239 0.00278958 0.202144 10 244 0
0.56741 -0.00174981 0.203577 10 244 0
0.566616 -0.00631913 0.204932 10 244 0
0.565858 -0.0109173 0.206206 10 244 0
0.565155 -0.0155449 0.207404 10 244 0
0.56452 -0.0202038 0.208514 10 244 0
0.56395 -0.024899 0.209499 10 244 0
0.563428 -0.0296244 0.210361 10 244 0
0.562976 -0.0343712 0.211142 10 244 0
0.562547 -0.0391262 0.211881 10 244 0
0.562733 -0.0364547 0.211576 10 244 0
0.563212 -0.0316106 0.210808 10 244 0
0.563716 -0.0267875 0.209934 10 244 0
0.564246 -0.0219876 0.208952 10 244 0
0.56484 -0.0172107 0.207896 10 244 0
0.565516 -0.0124706 0.206731 10 244 0
0.566284 -0.00777993 0.205433 10 244 0
0.567106 -0.00312874 0.204028 10 244 0
0.5688 0.0053591 0.201216 10 244 0
0.569854 0.00988055 0.199416 10 244 0
0.570942 0.0144388 0.197735 10 244 0
0.572121 0.0190046 0.196136 10 244 0
0.573332 0.0235507 0.194504 10 244 0
0.574541 0.0280885 0.192848 10 244 0
0.575731 0.0326436 0.191226 10 244 0
0.576902 0.0372147 0.189636 10 244 0
0.578081 0.0417883 0.188058 10 244 0
0.579268 0.0463494 0.186451 10 244 0
0.580352 0.0509081 0.184769 10 244 0
0.581353 0.0554851 0.183082 10 244 0
0.581364 0.0582231 0.181475 10 244 0
0.581829 0.0622536 0.179273 10 244 0
0.582458 0.066262 0.177068 10 244 0
0.583307 0.0702044 0.174822 10 244 0
0.584204 0.0740853 0.172492 10 244 0
0.585051 0.0778316 0.169928 10 244 0
0.58584 0.0815092 0.167251 11 243 0
0.588183 0.0831052 0.16841 11 243 0
0.591561 0.0859526 0.169431 11 243 0
0.594951 0.0887038 0.170667 11 243 0
0.598203 0.0916356 0.171862 11 243 0
0.601268 0.0946475 0.173311 11 243 0
0.604171 0.0978703 0.174629 11 243 0
0.597936 0.101889 0.181336 11 243 0
0.649893 0.0984774 0.22463 11 243 0
0.65357 0.0945753 0.216189 11 243 0
0.655589 0.0926329 0.217521 11 243 0
0.658858 0.0891843 0.219897 11 243 0
0.662029 0.0857091 0.222358 11 243 0
0.665103 0.0822014 0.224899 11 243 0
0.668135 0.0786798 0.227467 11 243 0
0.668997 0.0761829 0.228618 11 243 0
0.672341 0.07296 0.230939 11 243 0
0.675299 0.0694257 0.233331 11 243 0
0.678076 0.0658066 0.23582 11 243 0
0.680729 0.0621528 0.238392 11 243 0
0.683701 0.0629774 0.239118 11 243 0
0.688245 0.0631391 0.240567 11 243 0
0.692833 0.0636505 0.241801 11 243 0
0.69745 0.0645617 0.242646 11 243 0
0.702096 0.065492 0.243274 11 243 0
0.706776 0.0662534 0.243873 11 243 0
0.703902 0.0660419 0.243505 11 243 0
0.699284 0.0648482 0.242928 11 243 0
0.694639 0.0638451 0.242199 11 243 0
0.690049 0.062718 0.241324 11 243 0
0.685454 0.061777 0.240289 11 243 0
0.682587 0.0616779 0.239289 11 243 0
0.677429 0.0605456 0.237799 11 243 0
0.67228 0.0595939 0.236138 11 243 0
0.66719 0.0587002 0.234291 11 243 0
0.662202 0.0575089 0.232446 11 243 0
0.661193 0.0499789 0.23515 11 243 0
0.660508 0.0451645 0.236875 11 243 0
0.659611 0.0403995 0.238638 11 243 0
0.658698 0.0356481 0.24043 11 243 0
0.657684 0.0309205 0.24223 11 243 0
0.656767 0.0262014 0.244105 11 243 0
0.655948 0.0215116 0.246095 11 243 0
0.655029 0.0168649 0.24814 11 243 0
0.65392 0.0122067 0.25006 11 243 0
0.652934 0.00755152 0.252051 11 243 0
0.652158 0.00289849 0.254141 12 242 0
0.65081 -0.003038 0.256428 12 242 0
0.649712 -0.00810171 0.257528 12 242 0
0.648859 -0.0132292 0.258576 12 242 0
0.647674 -0.0183759 0.259061 12 242 0
0.646829 -0.023584 0.259601 12 242 0
0.64619 -0.0288237 0.26012 12 242 0
0.645485 -0.0340663 0.260496 12 242 0
0.644779 -0.0392732 0.261003 12 242 0
0.644849 -0.0366478 0.260648 12 242 0
0.646107 -0.0319765 0.26044 12 242 0
0.646995 -0.0272115 0.260178 12 242 0
0.647896 -0.0224473 0.259999 12 242 0
0.648148 -0.0176376 0.259393 12 242 0
0.648558 -0.0128862 0.258499 12 242 0
0.648993 -0.00817722 0.257409 12 242 0
0.649977 -0.000402799 0.254646 12 242 0
0.650612 0.00412096 0.25261 12 242 0
0.651423 0.00867617 0.250712 12 242 0
0.652238 0.0132293 0.24881 12 242 0
0.653046 0.0177552 0.246841 12 242 0
0.653856 0.0222779 0.244865 12 242 0
0.65476 0.0268368 0.243018 12 242 0
0.655562 0.0314097 0.241158 12 242 0
0.656346 0.0359886 0.239305 12 242 0
0.657091 0.0405844 0.237479 12 242 0
0.657753 0.0451878 0.23564 12 242 0
0.658414 0.0498261 0.233894 12 242 0
0.659996 0.0523211 0.233411 12 242 0
0.661923 0.0566423 0.232685 12 242 0
0.663481 0.0610717 0.231683 12 242 0
0.665115 0.0654896 0.230754 12 242 0
0.666643 0.0699351 0.229778 12 242 0
0.668527 0.0742656 0.229041 12 242 0
0.667152 0.076636 0.227668 12 242 0
0.663955 0.0803245 0.225022 12 242 0
0.661039 0.0842782 0.22242 12 242 0
0.658232 0.088369 0.219914 12 242 0
0.655589 0.0926329 0.217521 12 242 0
0.657567 0.0903014 0.218951 12 242 0
0.661223 0.0867765 0.221645 12 242 0
0.664801 0.0832094 0.224389 12 242 0
0.668406 0.0797001 0.227175 12 242 0
0.670316 0.0785967 0.228338 12 242 0
0.672787 0.0745757 0.230585 12 242 0
0.675414 0.070686 0.232888 13 241 0
0.678135 0.0669405 0.235313 13 241 0
0.681093 0.0634918 0.237886 13 241 0
0.684017 0.0639623 0.238772 13 241 0
0.688505 0.0644354 0.240061 13 241 0
0.693009 0.0649072 0.241298 13 241 0
0.697566 0.0652924 0.242358 13 241 0
0.702164 0.0657127 0.243196 13 241 0
0.706776 0.0662534 0.243873 13 241 0
0.703902 0.0660419 0.243505 13 241 0
0.699284 0.0648482 0.242928 13 241 0
0.694639 0.0638451 0.242199 13 241 0
0.690049 0.062718 0.241324 13 241 0
0.685454 0.061777 0.240289 13 241 0
0.682587 0.0616779 0.239289 13 241 0
0.677429 0.0605456 0.237799 13 241 0
0.67228 0.0595939 0.236138 13 241 0
0.66719 0.0587002 0.234291 13 241 0
0.662202 0.0575089 0.232446 13 241 0
0.661193 0.0499789 0.23515 13 241 0
0.660508 0.0451645 0.236875 13 241 0
0.659611 0.0403995 0.238638 13 241 0
0.658698 0.0356481 0.24043 13 241 0
0.657684 0.0309205 0.24223 13 241 0
0.656767 0.0262014 0.244105 13 241 0
0.655948 0.0215116 0.246095 13 241 0
0.655029 0.0168649 0.24814 13 241 0
0.65392 0.0122067 0.25006 13 241 0
0.652934 0.00755152 0.252051 13 241 0
0.652158 0.00289849 0.254141 13 241 0
0.65081 -0.003038 0.256428 13 241 0
0.649712 -0.00810171 0.257528 13 241 0
0.648859 -0.0132292 0.258576 13 241 0
0.647674 -0.0183759 0.259061 13 241 0
0.646829 -0.023584 0.259601 13 241 0
0.64619 -0.0288237 0.26012 13 241 0
0.645485 -0.0340663 0.260496 13 241 0
0.644779 -0.0392732 0.261003 13 241 0
0.644849 -0.0366478 0.260648 13 241 0
0.646107 -0.0319765 0.26044 13 241 0
0.646995 -0.0272115 0.260178 13 241 0
0.647896 -0.0224473 0.259999 13 241 0
0.648148 -0.0176376 0.259393 13 241 0
0.648558 -0.0128862 0.258499 13 241 0
0.648993 -0.00817722 0.257409 13 241 0
0.649977 -0.000402799 0.254646 14 240 0
0.650612 0.00412096 0.25261 14 240 0
0.651423 0.00867617 0.250712 14 240 0
0.652238 0.0132293 0.24881 14 240 0
0.653046 0.0177552 0.246841 14 240 0
0.653856 0.0222779 0.244865 14 240 0
0.65476 0.0268368 0.243018 14 240 0
0.655562 0.0314097 0.241158 14 240 0
0.656346 0.0359886 0.239305 14 240 0
0.657091 0.0405844 0.237479 14 240 0
0.657753 0.0451878 0.23564 14 240 0
0.658414 0.0498261 0.233894 14 240 0
0.659996 0.0523211 0.233411 14 240 0
0.661923 0.0566423 0.232685 14 240 0
0.663481 0.0610717 0.231683 14 240 0
0.665115 0.0654896 0.230754 14 240 0
0.666643 0.0699351 0.229778 14 240 0
0.668527 0.0742656 0.229041 14 240 0
0.667152 0.076636 0.227668 14 240 0
0.663955 0.0803245 0.225022 14 240 0
0.661039 0.0842782 0.22242 14 240 0
0.658232 0.088369 0.219914 14 240 0
0.655589 0.0926329 0.217521 14 240 0
0.65208 0.0965887 0.226008 14 240 0
0.59949 0.103844 0.18226 14 240 0
0.60557 0.0996054 0.175547 14 240 0
0.585588 -0.00270623 0.215216 14 240 0
0.585169 0.00814159 0.210144 14 240 0
0.585074 0.0126493 0.207937 14 240 0
0.584895 0.0170912 0.2056 14 240 0
0.584659 0.0215218 0.203247 14 240 0
0.584559 0.0259859 0.20095 14 240 0
0.584415 0.0304225 0.198602 14 240 0
0.584212 0.0348261 0.196196 14 240 0
0.584038 0.0392206 0.19377 14 240 0
0.583913 0.0436112 0.191335 14 240 0
0.58385 0.0479971 0.188888 14 240 0
0.583837 0.0523223 0.186335 14 240 0
0.583933 0.0566173 0.183734 14 240 0
0.584097 0.0608761 0.181077 14 240 0
0.584301 0.0651683 0.17848 14 240 0
0.584413 0.0694287 0.175827 14 240 0
0.584725 0.0736249 0.173085 14 240 0
0.582268 0.0725274 0.172314 14 240 0
0.577828 0.0712344 0.16893 14 240 0
0.573463 0.0696038 0.165559 14 240 0
0.569214 0.0676447 0.162252 15 239 0
0.567317 0.0684514 0.158494 15 239 0
0.565154 0.0698231 0.154104 15 239 0
0.562999 0.0712997 0.149747 15 239 0
0.560369 0.0723401 0.145523 15 239 0
0.55797 0.0737903 0.141286 15 239 0
0.555536 0.0751578 0.137039 15 239 0
0.556916 0.073968 0.139794 15 239 0
0.559294 0.072572 0.144 15 239 0
0.561854 0.0714574 0.148188 15 239 0
0.564031 0.0699695 0.152473 15 239 0
0.566339 0.0687091 0.156757 15 239 0
0.566968 0.067556 0.159019 15 239 0
0.569543 0.066937 0.163121 15 239 0
0.572191 0.066274 0.167171 15 239 0
0.575059 0.0653829 0.171021 15 239 0
0.578147 0.0644734 0.174689 15 239 0
0.581258 0.0633218 0.178266 15 239 0
0.579461 0.0556016 0.181389 15 239 0
0.578684 0.0512261 0.183157 15 239 0
0.57782 0.0468664 0.184923 15 239 0
0.576905 0.0425032 0.186654 15 239 0
0.576013 0.0381302 0.188373 15 239 0
0.575112 0.0337604 0.190095 15 239 0
0.574197 0.029399 0.191831 15 239 0
0.573252 0.0250464 0.193573 15 239 0
0.572238 0.0206963 0.195282 15 239 0
0.571261 0.0163232 0.196954 15 239 0
0.57026 0.0119549 0.198624 15 239 0
0.569241 0.00761786 0.200363 15 239 0
0.568239 0.00278958 0.202144 15 239 0
0.56741 -0.00174981 0.203577 15 239 0
0.566616 -0.00631913 0.204932 15 239 0
0.565858 -0.0109173 0.206206 15 239 0
0.565155 -0.0155449 0.207404 15 239 0
0.56452 -0.0202038 0.208514 15 239 0
0.56395 -0.024899 0.209499 15 239 0
0.563428 -0.0296244 0.210361 15 239 0
0.562976 -0.0343712 0.211142 15 239 0
0.562547 -0.0391262 0.211881 15 239 0
0.562733 -0.0364547 0.211576 15 239 0
0.563212 -0.0316106 0.210808 15 239 0
0.563716 -0.0267875 0.209934 15 239 0
0.564246 -0.0219876 0.208952 15 239 0
0.56484 -0.0172107 0.207896 15 239 0
0.565516 -0.0124706 0.206731 16 238 0
0.566284 -0.00777993 0.205433 16 238 0
0.567106 -0.00312874 0.204028 16 238 0
0.5688 0.0053591 0.201216 16 238 0
0.569854 0.00988055 0.199416 16 238 0
0.570942 0.0144388 0.197735 16 238 0
0.572121 0.0190046 0.196136 16 238 0
0.573332 0.0235507 0.194504 16 238 0
0.574541 0.0280885 0.192848 16 238 0
0.575731 0.0326436 0.191226 16 238 0
0.576902 0.0372147 0.189636 16 238 0
0.578081 0.0417883 0.188058 16 238 0
0.579268 0.0463494 0.186451 16 238 0
0.580352 0.0509081 0.184769 16 238 0
0.581353 0.0554851 0.183082 16 238 0
0.581364 0.0582231 0.181475 16 238 0
0.581829 0.0622536 0.179273 16 238 0
0.582458 0.066262 0.177068 16 238 0
0.583307 0.0702044 0.174822 16 238 0
0.584204 0.0740853 0.172492 16 238 0
0.585051 0.0778316 0.169928 16 238 0
0.58584 0.0815092 0.167251 16 238 0
0.588183 0.0831052 0.16841 16 238 0
0.591561 0.0859526 0.169431 16 238 0
0.594951 0.0887038 0.170667 16 238 0
0.598203 0.0916356 0.171862 16 238 0
0.601268 0.0946475 0.173311 16 238 0
0.604171 0.0978703 0.174629 16 238 0
0.601758 0.0956489 0.172989 16 238 0
0.598557 0.0933736 0.170841 16 238 0
0.595331 0.0910043 0.168832 16 238 0
0.591942 0.0885488 0.167239 16 238 0
0.588554 0.0860164 0.16577 16 238 0
0.586366 0.0838918 0.165422 16 238 0
0.582967 0.0807876 0.164696 16 238 0
0.579471 0.077843 0.163755 16 238 0
0.575998 0.074864 0.16284 16 238 0
0.572542 0.0719285 0.161738 16 238 0
0.569118 0.068972 0.160592 16 238 0
0.567653 0.069357 0.157984 16 238 0
0.565546 0.0708652 0.153542 16 238 0
0.563111 0.0720468 0.149159 16 238 0
0.560799 0.0736769 0.14485 16 238 0
0.558136 0.0748382 0.140598 16 238 0
0.55579 0.0764224 0.136312 16 238 0
0.557156 0.0749765 0.139356 16 238 0
0.559347 0.0731293 0.143655 17 237 0
0.561693 0.0714862 0.147959 17 237 0
0.563949 0.0699839 0.15236 17 237 0
0.566339 0.0687091 0.156757 17 237 0
0.566968 0.067556 0.159019 17 237 0
0.569543 0.066937 0.163121 17 237 0
0.572191 0.066274 0.167171 17 237 0
0.575059 0.0653829 0.171021 17 237 0
0.578147 0.0644734 0.174689 17 237 0
0.581258 0.0633218 0.178266 17 237 0
0.579461 0.0556016 0.181389 17 237 0
0.578684 0.0512261 0.183157 17 237 0
0.57782 0.0468664 0.184923 17 237 0
0.576905 0.0425032 0.186654 17 237 0
0.576013 0.0381302 0.188373 17 237 0
0.575112 0.0337604 0.190095 17 237 0
0.574197 0.029399 0.191831 17 237 0
0.573252 0.0250464 0.193573 17 237 0
0.572238 0.0206963 0.195282 17 237 0
0.571261 0.0163232 0.196954 17 237 0
0.57026 0.0119549 0.198624 17 237 0
0.569241 0.00761786 0.200363 17 237 0
0.568239 0.00278958 0.202144 17 237 0
0.56741 -0.00174981 0.203577 17 237 0
0.566616 -0.00631913 0.204932 17 237 0
0.565858 -0.0109173 0.206206 17 237 0
0.565155 -0.0155449 0.207404 17 237 0
0.56452 -0.0202038 0.208514 17 237 0
0.56395 -0.024899 0.209499 17 237 0
0.563428 -0.0296244 0.210361 17 237 0
0.562976 -0.0343712 0.211142 17 237 0
0.562547 -0.0391262 0.211881 17 237 0
0.562733 -0.0364547 0.211576 17 237 0
0.563212 -0.0316106 0.210808 17 237 0
0.563716 -0.0267875 0.209934 17 237 0
0.564246 -0.0219876 0.208952 17 237 0
0.56484 -0.0172107 0.207896 17 237 0
0.565516 -0.0124706 0.206731 17 237 0
0.566284 -0.00777993 0.205433 17 237 0
0.567106 -0.00312874 0.204028 17 237 0
0.5688 0.0053591 0.201216 17 237 0
0.569854 0.00988055 0.199416 17 237 0
0.570942 0.0144388 0.197735 17 237 0
0.572121 0.0190046 0.196136 17 237 0
0.573332 0.0235507 0.194504 17 237 0
0.574541 0.0280885 0.192848 18 236 0
0.575731 0.0326436 0.191226 18 236 0
0.576902 0.0372147 0.189636 18 236 0
0.578081 0.0417883 0.188058 18 236 0
0.579268 0.0463494 0.186451 18 236 0
0.580352 0.0509081 0.184769 18 236 0
0.581353 0.0554851 0.183082 18 236 0
0.581364 0.0582231 0.181475 18 236 0
0.581829 0.0622536 0.179273 18 236 0
0.582458 0.066262 0.177068 18 236 0
0.583307 0.0702044 0.174822 18 236 0
0.584204 0.0740853 0.172492 18 236 0
0.585051 0.0778316 0.169928 18 236 0
0.58584 0.0815092 0.167251 18 236 0
0.588183 0.0831052 0.16841 18 236 0
0.591561 0.0859526 0.169431 18 236 0
0.594951 0.0887038 0.170667 18 236 0
0.598203 0.0916356 0.171862 18 236 0
0.601268 0.0946475 0.173311 18 236 0
0.604171 0.0978703 0.174629 18 236 0
0.597936 0.101889 0.181336 18 236 0
0.649893 0.0984774 0.22463 18 236 0
0.65357 0.0945753 0.216189 18 236 0
0.655589 0.0926329 0.217521 18 236 0
0.658858 0.0891843 0.219897 18 236 0
0.662029 0.0857091 0.222358 18 236 0
0.665103 0.0822014 0.224899 18 236 0
0.668135 0.0786798 0.227467 18 236 0
0.668997 0.0761829 0.228618 18 236 0
0.672341 0.07296 0.230939 18 236 0
0.675299 0.0694257 0.233331 18 236 0
0.678076 0.0658066 0.23582 18 236 0
0.680729 0.0621528 0.238392 18 236 0
0.683701 0.0629774 0.239118 18 236 0
0.688245 0.0631391 0.240567 18 236 0
0.692833 0.0636505 0.241801 18 236 0
0.69745 0.0645617 0.242646 18 236 0
0.702096 0.065492 0.243274 18 236 0
0.706776 0.0662534 0.243873 18 236 0
0.703902 0.0660419 0.243505 18 236 0
0.699284 0.0648482 0.242928 18 236 0
0.694639 0.0638451 0.242199 18 236 0
0.690049 0.062718 0.241324 18 236 0
0.685454 0.061777 0.240289 18 236 0
0.682587 0.0616779 0.239289 18 236 0
0.677429 0.0605456 0.237799 18 236 0
0.67228 0.0595939 0.236138 19 235 0
0.66719 0.0587002 0.234291 19 235 0
0.662202 0.0575089 0.232446 19 235 0
0.661193 0.0499789 0.23515 19 235 0
0.660508 0.0451645 0.236875 19 235 0
0.659611 0.0403995 0.238638 19 235 0
0.658698 0.0356481 0.24043 19 235 0
0.657684 0.0309205 0.24223 19 235 0
0.656767 0.0262014 0.244105 19 235 0
0.655948 0.0215116 0.246095 19 235 0
0.655029 0.0168649 0.24814 19 235 0
0.65392 0.0122067 0.25006 19 235 0
0.652934 0.00755152 0.252051 19 235 0
0.652158 0.00289849 0.254141 19 235 0
0.65081 -0.003038 0.256428 19 235 0
0.649712 -0.00810171 0.257528 19 235 0
0.648859 -0.0132292 0.258576 19 235 0
0.647674 -0.0183759 0.259061 19 235 0
0.646829 -0.023584 0.259601 19 235 0
0.64619 -0.0288237 0.26012 19 235 0
0.645485 -0.0340663 0.260496 19 235 0
0.644779 -0.0392732 0.261003 19 235 0
0.644849 -0.0366478 0.260648 19 235 0
0.646107 -0.0319765 0.26044 19 235 0
0.646995 -0.0272115 0.260178 19 235 0
0.647896 -0.0224473 0.259999 19 235 0
0.648148 -0.0176376 0.259393 19 235 0
0.648558 -0.0128862 0.258499 19 235 0
0.648993 -0.00817722 0.257409 19 235 0
0.649977 -0.000402799 0.254646 19 235 0
0.650612 0.00412096 0.25261 19 235 0
0.651423 0.00867617 0.250712 19 235 0
0.652238 0.0132293 0.24881 19 235 0
0.653046 0.0177552 0.246841 19 235 0
0.653856 0.0222779 0.244865 19 235 0
0.65476 0.0268368 0.243018 19 235 0
0.655562 0.0314097 0.241158 19 235 0
0.656346 0.0359886 0.239305 19 235 0
0.657091 0.0405844 0.237479 19 235 0
0.657753 0.0451878 0.23564 19 235 0
0.658414 0.0498261 0.233894 19 235 0
0.659996 0.0523211 0.233411 19 235 0
0.661923 0.0566423 0.232685 19 235 0
0.663481 0.0610717 0.231683 19 235 0
0.665115 0.0654896 0.230754 19 235 0
0.666643 0.0699351 0.229778 20 234 0
0.668527 0.0742656 0.229041 20 234 0
0.667152 0.076636 0.227668 20 234 0
0.663955 0.0803245 0.225022 20 234 0
0.661039 0.0842782 0.22242 20 234 0
0.658232 0.088369 0.219914 20 234 0
0.655589 0.0926329 0.217521 20 234 0
0.657567 0.0903014 0.218951 20 234 0
0.661223 0.0867765 0.221645 20 234 0
0.664801 0.0832094 0.224389 20 234 0
0.668406 0.0797001 0.227175 20 234 0
0.670316 0.0785967 0.228338 20 234 0
0.672787 0.0745757 0.230585 20 234 0
0.675414 0.070686 0.232888 20 234 0
0.678135 0.0669405 0.235313 20 234 0
0.681093 0.0634918 0.237886 20 234 0
0.684017 0.0639623 0.238772 20 234 0
0.688505 0.0644354 0.240061 20 234 0
0.693009 0.0649072 0.241298 20 234 0
0.697566 0.0652924 0.242358 20 234 0
0.702164 0.0657127 0.243196 20 234 0
0.706776 0.0662534 0.243873 20 234 0
0.703902 0.0660419 0.243505 20 234 0
0.699284 0.0648482 0.242928 20 234 0
0.694639 0.0638451 0.242199 20 234 0
0.690049 0.062718 0.241324 20 234 0
0.685454 0.061777 0.240289 20 234 0
0.682587 0.0616779 0.239289 20 234 0
0.677429 0.0605456 0.237799 20 234 0
0.67228 0.0595939 0.236138 20 234 0
0.66719 0.0587002 0.234291 20 234 0
0.662202 0.0575089 0.232446 20 234 0
0.661193 0.0499789 0.23515 20 234 0
0.660508 0.0451645 0.236875 20 234 0
0.659611 0.0403995 0.238638 20 234 0
0.658698 0.0356481 0.24043 20 234 0
0.657684 0.0309205 0.24223 20 234 0
0.656767 0.0262014 0.244105 20 234 0
0.655948 0.0215116 0.246095 20 234 0
0.655029 0.0168649 0.24814 20 234 0
0.65392 0.0122067 0.25006 20 234 0
0.652934 0.00755152 0.252051 20 234 0
0.652158 0.00289849 0.254141 20 234 0
0.65081 -0.003038 0.256428 20 234 0
0.649712 -0.00810171 0.257528 20 234 0
0.648859 -0.0132292 0.258576 21 233 0
0.647674 -0.0183759 0.259061 21 233 0
0.646829 -0.023584 0.259601 21 233 0
0.64619 -0.0288237 0.26012 21 233 0
0.645485 -0.0340663 0.260496 21 233 0
0.644779 -0.0392732 0.261003 21 233 0
0.644849 -0.0366478 0.260648 21 233 0
0.646107 -0.0319765 0.26044 21 233 0
0.646995 -0.0272115 0.260178 21 233 0
0.647896 -0.0224473 0.259999 21 233 0
0.648148 -0.0176376 0.259393 21 233 0
0.648558 -0.0128862 0.258499 21 233 0
0.648993 -0.00817722 0.257409 21 233 0
0.649977 -0.000402799 0.254646 21 233 0
0.650612 0.00412096 0.25261 21 233 0
0.651423 0.00867617 0.250712 21 233 0
0.652238 0.0132293 0.24881 21 233 0
0.653046 0.0177552 0.246841 21 233 0
0.653856 0.0222779 0.244865 21 233 0
0.65476 0.0268368 0.243018 21 233 0
0.655562 0.0314097 0.241158 21 233 0
0.656346 0.0359886 0.239305 21 233 0
0.657091 0.0405844 0.237479 21 233 0
0.657753 0.0451878 0.23564 21 233 0
0.658414 0.0498261 0.233894 21 233 0
0.659996 0.0523211 0.233411 21 233 0
0.661923 0.0566423 0.232685 21 233 0
0.663481 0.0610717 0.231683 21 233 0
0.665115 0.0654896 0.230754 21 233 0
0.666643 0.0699351 0.229778 21 233 0
0.668527 0.0742656 0.229041 21 233 0
0.667152 0.076636 0.227668 21 233 0
0.663955 0.0803245 0.225022 21 233 0
0.661039 0.0842782 0.22242 21 233 0
0.658232 0.088369 0.219914 21 233 0
0.655589 0.0926329 0.217521 21 233 0
0.65208 0.0965887 0.226008 21 233 0
0.59949 0.103844 0.18226 21 233 0
0.60557 0.0996054 0.175547 21 233 0
0.585588 -0.00270623 0.215216 21 233 0
0.585169 0.00814159 0.210144 21 233 0
0.585074 0.0126493 0.207937 21 233 0
0.584895 0.0170912 0.2056 21 233 0
0.584659 0.0215218 0.203247 21 233 0
0.584559 0.0259859 0.20095 21 233 0
0.584415 0.0304225 0.198602 21 233 0
0.584212 0.0348261 0.196196 22 232 0
0.584038 0.0392206 0.19377 22 232 0
0.583913 0.0436112 0.191335 22 232 0
0.58385 0.0479971 0.188888 22 232 0
0.583837 0.0523223 0.186335 22 232 0
0.583933 0.0566173 0.183734 22 232 0
0.584097 0.0608761 0.181077 22 232 0
0.584301 0.0651683 0.17848 22 232 0
0.584413 0.0694287 0.175827 22 232 0
0.584725 0.0736249 0.173085 22 232 0
0.582268 0.0725274 0.172314 22 232 0
0.577828 0.0712344 0.16893 22 232 0
0.573463 0.0696038 0.165559 22 232 0
0.569214 0.0676447 0.162252 22 232 0
0.567317 0.0684514 0.158494 22 232 0
0.565154 0.0698231 0.154104 22 232 0
0.562999 0.0712997 0.149747 22 232 0
0.560369 0.0723401 0.145523 22 232 0
0.55797 0.0737903 0.141286 22 232 0
0.555536 0.0751578 0.137039 22 232 0
0.556916 0.073968 0.139794 22 232 0
0.559294 0.072572 0.144 22 232 0
0.561854 0.0714574 0.148188 22 232 0
0.564031 0.0699695 0.152473 22 232 0
0.566339 0.0687091 0.156757 22 232 0
0.566968 0.067556 0.159019 22 232 0
0.569543 0.066937 0.163121 22 232 0
0.572191 0.066274 0.167171 22 232 0
0.575059 0.0653829 0.171021 22 232 0
0.578147 0.0644734 0.174689 22 232 0
0.581258 0.0633218 0.178266 22 232 0
0.579461 0.0556016 0.181389 22 232 0
0.578684 0.0512261 0.183157 22 232 0
0.57782 0.0468664 0.184923 22 232 0
0.576905 0.0425032 0.186654 22 232 0
0.576013 0.0381302 0.188373 22 232 0
0.575112 0.0337604 0.190095 22 232 0
0.574197 0.029399 0.191831 22 232 0
0.573252 0.0250464 0.193573 22 232 0
0.572238 0.0206963 0.195282 22 232 0
0.571261 0.0163232 0.196954 22 232 0
0.57026 0.0119549 0.198624 22 232 0
0.569241 0.00761786 0.200363 22 232 0
0.568239 0.00278958 0.202144 22 232 0
0.56741 -0.00174981 0.203577 22 232 0
0.566616 -0.00631913 0.204932 23 231 0
0.565858 -0.0109173 0.206206 23 231 0
0.565155 -0.0155449 0.207404 23 231 0
0.56452 -0.0202038 0.208514 23 231 0
0.56395 -0.024899 0.209499 23 231 0
0.563428 -0.0296244 0.210361 23 231 0
0.562976 -0.0343712 0.211142 23 231 0
0.562547 -0.0391262 0.211881 23 231 0
0.562733 -0.0364547 0.211576 23 231 0
0.563212 -0.0316106 0.210808 23 231 0
0.563716 -0.0267875 0.209934 23 231 0
0.564246 -0.0219876 0.208952 23 231 0
0.56484 -0.0172107 0.207896 23 231 0
0.565516 -0.0124706 0.206731 23 231 0
0.566284 -0.00777993 0.205433 23 231 0
0.567106 -0.00312874 0.204028 23 231 0
0.5688 0.0053591 0.201216 23 231 0
0.569854 0.00988055 0.199416 23 231 0
0.570942 0.0144388 0.197735 23 231 0
0.572121 0.0190046 0.196136 23 231 0
0.573332 0.0235507 0.194504 23 231 0
0.574541 0.0280885 0.192848 23 231 0
0.575731 0.0326436 0.191226 23 231 0
0.576902 0.0372147 0.189636 23 231 0
0.578081 0.0417883 0.188058 23 231 0
0.579268 0.0463494 0.186451 23 231 0
0.580352 0.0509081 0.184769 23 231 0
0.581353 0.0554851 0.183082 23 231 0
0.581364 0.0582231 0.181475 23 231 0
0.581829 0.0622536 0.179273 23 231 0
0.582458 0.066262 0.177068 23 231 0
0.583307 0.0702044 0.174822 23 231 0
0.584204 0.0740853 0.172492 23 231 0
0.585051 0.0778316 0.169928 23 231 0
0.58584 0.0815092 0.167251 23 231 0
0.588183 0.0831052 0.16841 23 231 0
0.591561 0.0859526 0.169431 23 231 0
0.594951 0.0887038 0.170667 23 231 0
0.598203 0.0916356 0.171862 23 231 0
0.601268 0.0946475 0.173311 23 231 0
0.604171 0.0978703 0.174629 23 231 0
0.601758 0.0956489 0.172989 23 231 0
0.598557 0.0933736 0.170841 23 231 0
0.595331 0.0910043 0.168832 23 231 0
0.591942 0.0885488 0.167239 23 231 0
0.588554 0.0860164 0.16577 23 231 0
0.586366 0.0838918 0.165422 24 230 0
0.582967 0.0807876 0.164696 24 230 0
0.579471 0.077843 0.163755 24 230 0
0.575998 0.074864 0.16284 24 230 0
0.572542 0.0719285 0.161738 24 230 0
0.569118 0.068972 0.160592 24 230 0
0.567653 0.069357 0.157984 24 230 0
0.565546 0.0708652 0.153542 24 230 0
0.563111 0.0720468 0.149159 24 230 0
0.560799 0.0736769 0.14485 24 230 0
0.558136 0.0748382 0.140598 24 230 0
0.55579 0.0764224 0.136312 24 230 0
0.557156 0.0749765 0.139356 24 230 0
0.559347 0.0731293 0.143655 24 230 0
0.561693 0.0714862 0.147959 24 230 0
0.563949 0.0699839 0.15236 24 230 0
0.566339 0.0687091 0.156757 24 230 0
0.566968 0.067556 0.159019 24 230 0
0.569543 0.066937 0.163121 24 230 0
0.572191 0.066274 0.167171 24 230 0
0.575059 0.0653829 0.171021 24 230 0
0.578147 0.0644734 0.174689 24 230 0
0.581258 0.0633218 0.178266 24 230 0
0.579461 0.0556016 0.181389 24 230 0
0.578684 0.0512261 0.183157 24 230 0
0.57782 0.0468664 0.184923 24 230 0
0.576905 0.0425032 0.186654 24 230 0
0.576013 0.0381302 0.188373 24 230 0
0.575112 0.0337604 0.190095 24 230 0
0.574197 0.029399 0.191831 24 230 0
0.573252 0.0250464 0.193573 24 230 0
0.572238 0.0206963 0.195282 24 230 0
0.571261 0.0163232 0.196954 24 230 0
0.57026 0.0119549 0.198624 24 230 0
0.569241 0.00761786 0.200363 24 230 0
0.568239 0.00278958 0.202144 24 230 0
0.56741 -0.00174981 0.203577 24 230 0
0.566616 -0.00631913 0.204932 24 230 0
0.565858 -0.0109173 0.206206 24 230 0
0.565155 -0.0155449 0.207404 24 230 0
0.56452 -0.0202038 0.208514 24 230 0
0.56395 -0.024899 0.209499 24 230 0
0.563428 -0.0296244 0.210361 24 230 0
0.562976 -0.0343712 0.211142 24 230 0
0.562547 -0.0391262 0.211881 24 230 0
0.562733 -0.0364547 0.211576 25 229 0
0.563212 -0.0316106 0.210808 25 229 0
0.563716 -0.0267875 0.209934 25 229 0
0.564246 -0.0219876 0.208952 25 229 0
0.56484 -0.0172107 0.207896 25 229 0
0.565516 -0.0124706 0.206731 25 229 0
0.566284 -0.00777993 0.205433 25 229 0
0.567106 -0.00312874 0.204028 25 229 0
0.5688 0.0053591 0.201216 25 229 0
0.569854 0.00988055 0.199416 25 229 0
0.570942 0.0144388 0.197735 25 229 0
0.572121 0.0190046 0.196136 25 229 0
0.573332 0.0235507 0.194504 25 229 0
0.574541 0.0280885 0.192848 25 229 0
0.575731 0.0326436 0.191226 25 229 0
0.576902 0.0372147 0.189636 25 229 0
0.578081 0.0417883 0.188058 25 229 0
0.579268 0.0463494 0.186451 25 229 0
0.580352 0.0509081 0.184769 25 229 0
0.581353 0.0554851 0.183082 25 229 0
0.581364 0.0582231 0.181475 25 229 0
0.581829 0.0622536 0.179273 25 229 0
0.582458 0.066262 0.177068 25 229 0
0.583307 0.0702044 0.174822 25 229 0
0.584204 0.0740853 0.172492 25 229 0
0.585051 0.0778316 0.169928 25 229 0
0.58584 0.0815092 0.167251 25 229 0
0.588183 0.0831052 0.16841 25 229 0
0.591561 0.0859526 0.169431 25 229 0
0.594951 0.0887038 0.170667 25 229 0
0.598203 0.0916356 0.171862 25 229 0
0.601268 0.0946475 0.173311 25 229 0
0.604171 0.0978703 0.174629 25 229 0
0.597936 0.101889 0.181336 25 229 0
0.649893 0.0984774 0.22463 25 229 0
0.65357 0.0945753 0.216189 25 229 0
0.655589 0.0926329 0.217521 25 229 0
0.658858 0.0891843 0.219897 25 229 0
0.662029 0.0857091 0.222358 25 229 0
0.665103 0.0822014 0.224899 25 229 0
0.668135 0.0786798 0.227467 25 229 0
0.668997 0.0761829 0.228618 25 229 0
0.672341 0.07296 0.230939 25 229 0
0.675299 0.0694257 0.233331 25 229 0
0.678076 0.0658066 0.23582 25 229 0
0.680729 0.0621528 0.238392 25 229 0
0.683701 0.0629774 0.239118 26 228 0
0.688245 0.0631391 0.240567 26 228 0
0.692833 0.0636505 0.241801 26 228 0
0.69745 0.0645617 0.242646 26 228 0
0.702096 0.065492 0.243274 26 228 0
0.706776 0.0662534 0.243873 26 228 0
0.703902 0.0660419 0.243505 26 228 0
0.699284 0.0648482 0.242928 26 228 0
0.694639 0.0638451 0.242199 26 228 0
0.690049 0.062718 0.241324 26 228 0
0.685454 0.061777 0.240289 26 228 0
0.682587 0.0616779 0.239289 26 228 0
0.677429 0.0605456 0.237799 26 228 0
0.67228 0.0595939 0.236138 26 228 0
0.66719 0.0587002 0.234291 26 228 0
0.662202 0.0575089 0.232446 26 228 0
0.661193 0.0499789 0.23515 26 228 0
0.660508 0.0451645 0.236875 26 228 0
0.659611 0.0403995 0.238638 26 228 0
0.658698 0.0356481 0.24043 26 228 0
0.657684 0.0309205 0.24223 26 228 0
0.656767 0.0262014 0.244105 26 228 0
0.655948 0.0215116 0.246095 26 228 0
0.655029 0.0168649 0.24814 26 228 0
0.65392 0.0122067 0.25006 26 228 0
0.652934 0.00755152 0.252051 26 228 0
0.652158 0.00289849 0.254141 26 228 0
0.65081 -0.003038 0.256428 26 228 0
0.649712 -0.00810171 0.257528 26 228 0
0.648859 -0.0132292 0.258576 26 228 0
0.647674 -0.0183759 0.259061 26 228 0
0.646829 -0.023584 0.259601 26 228 0
0.64619 -0.0288237 0.26012 26 228 0
0.645485 -0.0340663 0.260496 26 228 0
0.644779 -0.0392732 0.261003 26 228 0
0.644849 -0.0366478 0.260648 26 228 0
0.646107 -0.0319765 0.26044 26 228 0
0.646995 -0.0272115 0.260178 26 228 0
0.647896 -0.0224473 0.259999 26 228 0
0.648148 -0.0176376 0.259393 26 228 0
0.648558 -0.0128862 0.258499 26 228 0
0.648993 -0.00817722 0.257409 26 228 0
0.649977 -0.000402799 0.254646 26 228 0
0.650612 0.00412096 0.25261 26 228 0
0.651423 0.00867617 0.250712 26 228 0
0.652238 0.0132293 0.24881 27 227 0
0.653046 0.0177552 0.246841 27 227 0
0.653856 0.0222779 0.244865 27 227 0
0.65476 0.0268368 0.243018 27 227 0
0.655562 0.0314097 0.241158 27 227 0
0.656346 0.0359886 0.239305 27 227 0
0.657091 0.0405844 0.237479 27 227 0
0.657753 0.0451878 0.23564 27 227 0
0.658414 0.0498261 0.233894 27 227 0
0.659996 0.0523211 0.233411 27 227 0
0.661923 0.0566423 0.232685 27 227 0
0.663481 0.0610717 0.231683 27 227 0
0.665115 0.0654896 0.230754 27 227 0
0.666643 0.0699351 0.229778 27 227 0
0.668527 0.0742656 0.229041 27 227 0
0.667152 0.076636 0.227668 27 227 0
0.663955 0.0803245 0.225022 27 227 0
0.661039 0.0842782 0.22242 27 227 0
0.658232 0.088369 0.219914 27 227 0
0.655589 0.0926329 0.217521 27 227 0
0.657567 0.0903014 0.218951 27 227 0
0.661223 0.0867765 0.221645 27 227 0
0.664801 0.0832094 0.224389 27 227 0
0.668406 0.0797001 0.227175 27 227 0
0.670316 0.0785967 0.228338 27 227 0
0.672787 0.0745757 0.230585 27 227 0
0.675414 0.070686 0.232888 27 227 0
0.678135 0.0669405 0.235313 27 227 0
0.681093 0.0634918 0.237886 27 227 0
0.684017 0.0639623 0.238772 27 227 0
0.688505 0.0644354 0.240061 27 227 0
0.693009 0.0649072 0.241298 27 227 0
0.697566 0.0652924 0.242358 27 227 0
0.702164 0.0657127 0.243196 27 227 0
0.706776 0.0662534 0.243873 27 227 0
0.703902 0.0660419 0.243505 27 227 0
0.699284 0.0648482 0.242928 27 227 0
0.694639 0.0638451 0.242199 27 227 0
0.690049 0.062718 0.241324 27 227 0
0.685454 0.061777 0.240289 27 227 0
0.682587 0.0616779 0.239289 27 227 0
0.677429 0.0605456 0.237799 27 227 0
0.67228 0.0595939 0.236138 27 227 0
0.66719 0.0587002 0.234291 27 227 0
0.662202 0.0575089 0.232446 27 227 0
0.661193 0.0499789 0.23515 28 226 0
0.660508 0.0451645 0.236875 28 226 0
0.659611 0.0403995 0.238638 28 226 0
0.658698 0.0356481 0.24043 28 226 0
0.657684 0.0309205 0.24223 28 226 0
0.656767 0.0262014 0.244105 28 226 0
0.655948 0.0215116 0.246095 28 226 0
0.655029 0.0168649 0.24814 28 226 0
0.65392 0.0122067 0.25006 28 226 0
0.652934 0.00755152 0.252051 28 226 0
0.652158 0.00289849 0.254141 28 226 0
0.65081 -0.003038 0.256428 28 226 0
0.649712 -0.00810171 0.257528 28 226 0
0.648859 -0.0132292 0.258576 28 226 0
0.647674 -0.0183759 0.259061 28 226 0
0.646829 -0.023584 0.259601 28 226 0
0.64619 -0.0288237 0.26012 28 226 0
0.645485 -0.0340663 0.260496 28 226 0
0.644779 -0.0392732 0.261003 28 226 0
0.644849 -0.0366478 0.260648 28 226 0
0.646107 -0.0319765 0.26044 28 226 0
0.646995 -0.0272115 0.260178 28 226 0
0.647896 -0.0224473 0.259999 28 226 0
0.648148 -0.0176376 0.259393 28 226 0
0.648558 -0.0128862 0.258499 28 226 0
0.648993 -0.00817722 0.257409 28 226 0
0.649977 -0.000402799 0.254646 28 226 0
0.650612 0.00412096 0.25261 28 226 0
0.651423 0.00867617 0.250712 28 226 0
0.652238 0.0132293 0.24881 28 226 0
0.653046 0.0177552 0.246841 28 226 0
0.653856 0.0222779 0.244865 28 226 0
0.65476 0.0268368 0.243018 28 226 0
0.655562 0.0314097 0.241158 28 226 0
0.656346 0.0359886 0.239305 28 226 0
0.657091 0.0405844 0.237479 28 226 0
0.657753 0.0451878 0.23564 28 226 0
0.658414 0.0498261 0.233894 28 226 0
0.659996 0.0523211 0.233411 28 226 0
0.661923 0.0566423 0.232685 28 226 0
0.663481 0.0610717 0.231683 28 226 0
0.665115 0.0654896 0.230754 28 226 0
0.666643 0.0699351 0.229778 28 226 0
0.668527 0.0742656 0.229041 28 226 0
0.667152 0.076636 0.227668 28 226 0
0.663955 0.0803245 0.225022 28 226 0
0.661039 0.0842782 0.22242 29 225 0
0.658232 0.088369 0.219914 29 225 0
0.655589 0.0926329 0.217521 29 225 0
0.65208 0.0965887 0.226008 29 225 0
0.59949 0.103844 0.18226 29 225 0
0.60557 0.0996054 0.175547 29 225 0
0.585588 -0.00270623 0.215216 29 225 0
0.585169 0.00814159 0.210144 29 225 0
0.585074 0.0126493 0.207937 29 225 0
0.584895 0.0170912 0.2056 29 225 0
0.584659 0.0215218 0.203247 29 225 0
0.584559 0.0259859 0.20095 29 225 0
0.584415 0.0304225 0.198602 29 225 0
0.584212 0.0348261 0.196196 29 225 0
0.584038 0.0392206 0.19377 29 225 0
0.583913 0.0436112 0.191335 29 225 0
0.58385 0.0479971 0.188888 29 225 0
0.583837 0.0523223 0.186335 29 225 0
0.583933 0.0566173 0.183734 29 225 0
0.584097 0.0608761 0.181077 29 225 0
0.584301 0.0651683 0.17848 29 225 0
0.584413 0.0694287 0.175827 29 225 0
0.584725 0.0736249 0.173085 29 225 0
0.582268 0.0725274 0.172314 29 225 0
0.577828 0.0712344 0.16893 29 225 0
0.573463 0.0696038 0.165559 29 225 0
0.569214 0.0676447 0.162252 29 225 0
0.567317 0.0684514 0.158494 29 225 0
0.565154 0.0698231 0.154104 29 225 0
0.562999 0.0712997 0.149747 29 225 0
0.560369 0.0723401 0.145523 29 225 0
0.55797 0.0737903 0.141286 29 225 0
0.555536 0.0751578 0.137039 29 225 0
0.556916 0.073968 0.139794 29 225 0
0.559294 0.072572 0.144 29 225 0
0.561854 0.0714574 0.148188 29 225 0
0.564031 0.0699695 0.152473 29 225 0
0.566339 0.0687091 0.156757 29 225 0
0.566968 0.067556 0.159019 29 225 0
0.569543 0.066937 0.163121 29 225 0
0.572191 0.066274 0.167171 29 225 0
0.575059 0.0653829 0.171021 29 225 0
0.578147 0.0644734 0.174689 29 225 0
0.581258 0.0633218 0.178266 29 225 0
0.579461 0.0556016 0.181389 29 225 0
0.578684 0.0512261 0.183157 30 224 0
0.57782 0.0468664 0.184923 30 224 0
0.576905 0.0425032 0.186654 30 224 0
0.576013 0.0381302 0.188373 30 224 0
0.575112 0.0337604 0.190095 30 224 0
0.574197 0.029399 0.191831 30 224 0
0.573252 0.0250464 0.193573 30 224 0
0.572238 0.0206963 0.195282 30 224 0
0.571261 0.0163232 0.196954 30 224 0
0.57026 0.0119549 0.198624 30 224 0
0.569241 0.00761786 0.200363 30 224 0
0.568239 0.00278958 0.202144 30 224 0
0.56741 -0.00174981 0.203577 30 224 0
0.566616 -0.00631913 0.204932 30 224 0
0.565858 -0.0109173 0.206206 30 224 0
0.565155 -0.0155449 0.207404 30 224 0
0.56452 -0.0202038 0.208514 30 224 0
0.56395 -0.024899 0.209499 30 224 0
0.563428 -0.0296244 0.210361 30 224 0
0.562976 -0.0343712 0.211142 30 224 0
0.562547 -0.0391262 0.211881 30 224 0
0.562733 -0.0364547 0.211576 30 224 0
0.563212 -0.0316106 0.210808 30 224 0
0.563716 -0.0267875 0.209934 30 224 0
0.564246 -0.0219876 0.208952 30 224 0
0.56484 -0.0172107 0.207896 30 224 0
0.565516 -0.0124706 0.206731 30 224 0
0.566284 -0.00777993 0.205433 30 224 0
0.567106 -0.00312874 0.204028 30 224 0
0.5688 0.0053591 0.201216 30 224 0
0.569854 0.00988055 0.199416 30 224 0
0.570942 0.0144388 0.197735 30 224 0
0.572121 0.0190046 0.196136 30 224 0
0.573332 0.0235507 0.194504 30 224 0
0.574541 0.0280885 0.192848 30 224 0
0.575731 0.0326436 0.191226 30 224 0
0.576902 0.0372147 0.189636 30 224 0
0.578081 0.0417883 0.188058 30 224 0
0.579268 0.0463494 0.186451 30 224 0
0.580352 0.0509081 0.184769 30 224 0
0.581353 0.0554851 0.183082 30 224 0
0.581364 0.0582231 0.181475 30 224 0
0.581829 0.0622536 0.179273 30 224 0
0.582458 0.066262 0.177068 30 224 0
0.583307 0.0702044 0.174822 30 224 0
0.584204 0.0740853 0.172492 30 224 0
0.585051 0.0778316 0.169928 31 223 0
0.58584 0.0815092 0.167251 31 223 0
0.588183 0.0831052 0.16841 31 223 0
0.591561 0.0859526 0.169431 31 223 0
0.594951 0.0887038 0.170667 31 223 0
0.598203 0.0916356 0.171862 31 223 0
0.601268 0.0946475 0.173311 31 223 0
0.604171 0.0978703 0.174629 31 223 0
0.601758 0.0956489 0.172989 31 223 0
0.598557 0.0933736 0.170841 31 223 0
0.595331 0.0910043 0.168832 31 223 0
0.591942 0.0885488 0.167239 31 223 0
0.588554 0.0860164 0.16577 31 223 0
0.586366 0.0838918 0.165422 31 223 0
0.582967 0.0807876 0.164696 31 223 0
0.579471 0.077843 0.163755 31 223 0
0.575998 0.074864 0.16284 31 223 0
0.572542 0.0719285 0.161738 31 223 0
0.569118 0.068972 0.160592 31 223 0
0.567653 0.069357 0.157984 31 223 0
0.565546 0.0708652 0.153542 31 223 0
0.563111 0.0720468 0.149159 31 223 0
0.560799 0.0736769 0.14485 31 223 0
0.558136 0.0748382 0.140598 31 223 0
0.55579 0.0764224 0.136312 31 223 0
0.557156 0.0749765 0.139356 31 223 0
0.559347 0.0731293 0.143655 31 223 0
0.561693 0.0714862 0.147959 31 223 0
0.563949 0.0699839 0.15236 31 223 0
0.566339 0.0687091 0.156757 31 223 0
0.566968 0.067556 0.159019 31 223 0
0.569543 0.066937 0.163121 31 223 0
0.572191 0.066274 0.167171 31 223 0
0.575059 0.0653829 0.171021 31 223 0
0.578147 0.0644734 0.174689 31 223 0
0.581258 0.0633218 0.178266 31 223 0
0.579461 0.0556016 0.181389 31 223 0
0.578684 0.0512261 0.183157 31 223 0
0.57782 0.0468664 0.184923 31 223 0
0.576905 0.0425032 0.186654 31 223 0
0.576013 0.0381302 0.188373 31 223 0
0.575112 0.0337604 0.190095 31 223 0
0.574197 0.029399 0.191831 31 223 0
0.573252 0.0250464 0.193573 31 223 0
0.572238 0.0206963 0.195282 31 223 0
0.571261 0.0163232 0.196954 32 222 0
0.57026 0.0119549 0.198624 32 222 0
0.569241 0.00761786 0.200363 32 222 0
0.568239 0.00278958 0.202144 32 222 0
0.56741 -0.00174981 0.203577 32 222 0
0.566616 -0.00631913 0.204932 32 222 0
0.565858 -0.0109173 0.206206 32 222 0
0.565155 -0.0155449 0.207404 32 222 0
0.56452 -0.0202038 0.208514 32 222 0
0.56395 -0.024899 0.209499 32 222 0
0.563428 -0.0296244 0.210361 32 222 0
0.562976 -0.0343712 0.211142 32 222 0
0.562547 -0.0391262 0.211881 32 222 0
0.562733 -0.0364547 0.211576 32 222 0
0.563212 -0.0316106 0.210808 32 222 0
0.563716 -0.0267875 0.209934 32 222 0
0.564246 -0.0219876 0.208952 32 222 0
0.56484 -0.0172107 0.207896 32 222 0
0.565516 -0.0124706 0.206731 32 222 0
0.566284 -0.00777993 0.205433 32 222 0
0.567106 -0.00312874 0.204028 32 222 0
0.5688 0.0053591 0.201216 32 222 0
0.569854 0.00988055 0.199416 32 222 0
0.570942 0.0144388 0.197735 32 222 0
0.572121 0.0190046 0.196136 32 222 0
0.573332 0.0235507 0.194504 32 222 0
0.574541 0.0280885 0.192848 32 222 0
0.575731 0.0326436 0.191226 32 222 0
0.576902 0.0372147 0.189636 32 222 0
0.578081 0.0417883 0.188058 32 222 0
0.579268 0.0463494 0.186451 32 222 0
0.580352 0.0509081 0.184769 32 222 0
0.581353 0.0554851 0.183082 32 222 0
0.581364 0.0582231 0.181475 32 222 0
0.581829 0.0622536 0.179273 32 222 0
0.582458 0.066262 0.177068 32 222 0
0.583307 0.0702044 0.174822 32 222 0
0.584204 0.0740853 0.172492 32 222 0
0.585051 0.0778316 0.169928 32 222 0
0.58584 0.0815092 0.167251 32 222 0
0.588183 0.0831052 0.16841 32 222 0
0.591561 0.0859526 0.169431 32 222 0
0.594951 0.0887038 0.170667 32 222 0
0.598203 0.0916356 0.171862 32 222 0
0.601268 0.0946475 0.173311 32 222 0
0.604171 0.0978703 0.174629 32 222 0
0.597936 0.101889 0.181336 33 221 0
0.649893 0.0984774 0.22463 33 221 0
0.65357 0.0945753 0.216189 33 221 0
0.655589 0.0926329 0.217521 33 221 0
0.658858 0.0891843 0.219897 33 221 0
0.662029 0.0857091 0.222358 33 221 0
0.665103 0.0822014 0.224899 33 221 0
0.668135 0.0786798 0.227467 33 221 0
0.668997 0.0761829 0.228618 33 221 0
0.672341 0.07296 0.230939 33 221 0
0.675299 0.0694257 0.233331 33 221 0
0.678076 0.0658066 0.23582 33 221 0
0.680729 0.0621528 0.238392 33 221 0
0.683701 0.0629774 0.239118 33 221 0
0.688245 0.0631391 0.240567 33 221 0
0.692833 0.0636505 0.241801 33 221 0
0.69745 0.0645617 0.242646 33 221 0
0.702096 0.065492 0.243274 33 221 0
0.706776 0.0662534 0.243873 33 221 0
0.703902 0.0660419 0.243505 33 221 0
0.699284 0.0648482 0.242928 33 221 0
0.694639 0.0638451 0.242199 33 221 0
0.690049 0.062718 0.241324 33 221 0
0.685454 0.061777 0.240289 33 221 0
0.682587 0.0616779 0.239289 33 221 0
0.677429 0.0605456 0.237799 33 221 0
0.67228 0.0595939 0.236138 33 221 0
0.66719 0.0587002 0.234291 33 221 0
0.662202 0.0575089 0.232446 33 221 0
0.661193 0.0499789 0.23515 33 221 0
0.660508 0.0451645 0.236875 33 221 0
0.659611 0.0403995 0.238638 33 221 0
0.658698 0.0356481 0.24043 33 221 0
0.657684 0.0309205 0.24223 33 221 0
0.656767 0.0262014 0.244105 33 221 0
0.655948 0.0215116 0.246095 33 221 0
0.655029 0.0168649 0.24814 33 221 0
0.65392 0.0122067 0.25006 33 221 0
0.652934 0.00755152 0.252051 33 221 0
0.652158 0.00289849 0.254141 33 221 0
0.65081 -0.003038 0.256428 33 221 0
0.649712 -0.00810171 0.257528 33 221 0
0.648859 -0.0132292 0.258576 33 221 0
0.647674 -0.0183759 0.259061 33 221 0
0.646829 -0.023584 0.259601 33 221 0
0.64619 -0.0288237 0.26012 34 220 0
0.645485 -0.0340663 0.260496 34 220 0
0.644779 -0.0392732 0.261003 34 220 0
0.644849 -0.0366478 0.260648 34 220 0
0.646107 -0.0319765 0.26044 34 220 0
0.646995 -0.0272115 0.260178 34 220 0
0.647896 -0.0224473 0.259999 34 220 0
0.648148 -0.0176376 0.259393 34 220 0
0.648558 -0.0128862 0.258499 34 220 0
0.648993 -0.00817722 0.257409 34 220 0
0.649977 -0.000402799 0.254646 34 220 0
0.650612 0.00412096 0.25261 34 220 0
0.651423 0.00867617 0.250712 34 220 0
0.652238 0.0132293 0.24881 34 220 0
0.653046 0.0177552 0.246841 34 220 0
0.653856 0.0222779 0.244865 34 220 0
0.65476 0.0268368 0.243018 34 220 0
0.655562 0.0314097 0.241158 34 220 0
0.656346 0.0359886 0.239305 34 220 0
0.657091 0.0405844 0.237479 34 220 0
0.657753 0.0451878 0.23564 34 220 0
0.658414 0.0498261 0.233894 34 220 0
0.659996 0.0523211 0.233411 34 220 0
0.661923 0.0566423 0.232685 34 220 0
0.663481 0.0610717 0.231683 34 220 0
0.665115 0.0654896 0.230754 34 220 0
0.666643 0.0699351 0.229778 34 220 0
0.668527 0.0742656 0.229041 34 220 0
0.667152 0.076636 0.227668 34 220 0
0.663955 0.0803245 0.225022 34 220 0
0.661039 0.0842782 0.22242 34 220 0
0.658232 0.088369 0.219914 34 220 0
0.655589 0.0926329 0.217521 34 220 0
0.657567 0.0903014 0.218951 34 220 0
0.661223 0.0867765 0.221645 34 220 0
0.664801 0.0832094 0.224389 34 220 0
0.668406 0.0797001 0.227175 34 220 0
0.670316 0.0785967 0.228338 34 220 0
0.672787 0.0745757 0.230585 34 220 0
0.675414 0.070686 0.232888 34 220 0
0.678135 0.0669405 0.235313 34 220 0
0.681093 0.0634918 0.237886 34 220 0
0.684017 0.0639623 0.238772 34 220 0
0.688505 0.0644354 0.240061 34 220 0
0.693009 0.0649072 0.241298 34 220 0
0.697566 0.0652924 0.242358 35 219 0
0.702164 0.0657127 0.243196 35 219 0
0.706776 0.0662534 0.243873 35 219 0
0.703902 0.0660419 0.243505 35 219 0
0.699284 0.0648482 0.242928 35 219 0
0.694639 0.0638451 0.242199 35 219 0
0.690049 0.062718 0.241324 35 219 0
0.685454 0.061777 0.240289 35 219 0
0.682587 0.0616779 0.239289 35 219 0
0.677429 0.0605456 0.237799 35 219 0
0.67228 0.0595939 0.236138 35 219 0
0.66719 0.0587002 0.234291 35 219 0
0.662202 0.0575089 0.232446 35 219 0
0.661193 0.0499789 0.23515 35 219 0
0.660508 0.0451645 0.236875 35 219 0
0.659611 0.0403995 0.238638 35 219 0
0.658698 0.0356481 0.24043 35 219 0
0.657684 0.0309205 0.24223 35 219 0
0.656767 0.0262014 0.244105 35 219 0
0.655948 0.0215116 0.246095 35 219 0
0.655029 0.0168649 0.24814 35 219 0
0.65392 0.0122067 0.25006 35 219 0
0.652934 0.00755152 0.252051 35 219 0
0.652158 0.00289849 0.254141 35 219 0
0.65081 -0.003038 0.256428 35 219 0
0.649712 -0.00810171 0.257528 35 219 0
0.648859 -0.0132292 0.258576 35 219 0
0.647674 -0.0183759 0.259061 35 219 0
0.646829 -0.023584 0.259601 35 219 0
0.64619 -0.0288237 0.26012 35 219 0
0.645485 -0.0340663 0.260496 35 219 0
0.644779 -0.0392732 0.261003 35 219 0
0.644849 -0.0366478 0.260648 35 219 0
0.646107 -0.0319765 0.26044 35 219 0
0.646995 -0.0272115 0.260178 35 219 0
0.647896 -0.0224473 0.259999 35 219 0
0.648148 -0.0176376 0.259393 35 219 0
0.648558 -0.0128862 0.258499 35 219 0
0.648993 -0.00817722 0.257409 35 219 0
0.649977 -0.000402799 0.254646 35 219 0
0.650612 0.00412096 0.25261 35 219 0
0.651423 0.00867617 0.250712 35 219 0
0.652238 0.0132293 0.24881 35 219 0
0.653046 0.0177552 0.246841 35 219 0
0.653856 0.0222779 0.244865 35 219 0
0.65476 0.0268368 0.243018 35 219 0
0.655562 0.0314097 0.241158 36 218 0
0.656346 0.0359886 0.239305 36 218 0
0.657091 0.0405844 0.237479 36 218 0
0.657753 0.0451878 0.23564 36 218 0
0.658414 0.0498261 0.233894 36 218 0
0.659996 0.0523211 0.233411 36 218 0
0.661923 0.0566423 0.232685 36 218 0
0.663481 0.0610717 0.231683 36 218 0
0.665115 0.0654896 0.230754 36 218 0
0.666643 0.0699351 0.229778 36 218 0
0.668527 0.0742656 0.229041 36 218 0
0.667152 0.076636 0.227668 36 218 0
0.663955 0.0803245 0.225022 36 218 0
0.661039 0.0842782 0.22242 36 218 0
0.658232 0.088369 0.219914 36 218 0
0.655589 0.0926329 0.217521 36 218 0
0.65208 0.0965887 0.226008 36 218 0
0.59949 0.103844 0.18226 36 218 0
0.60557 0.0996054 0.175547 36 218 0
0.585588 -0.00270623 0.215216 36 218 0
0.585169 0.00814159 0.210144 36 218 0
0.585074 0.0126493 0.207937 36 218 0
0.584895 0.0170912 0.2056 36 218 0
0.584659 0.0215218 0.203247 36 218 0
0.584559 0.0259859 0.20095 36 218 0
0.584415 0.0304225 0.198602 36 218 0
0.584212 0.0348261 0.196196 36 218 0
0.584038 0.0392206 0.19377 36 218 0
0.583913 0.0436112 0.191335 36 218 0
0.58385 0.0479971 0.188888 36 218 0
0.583837 0.0523223 0.186335 36 218 0
0.583933 0.0566173 0.183734 36 218 0
0.584097 0.0608761 0.181077 36 218 0
0.584301 0.0651683 0.17848 36 218 0
0.584413 0.0694287 0.175827 36 218 0
0.584725 0.0736249 0.173085 36 218 0
0.582268 0.0725274 0.172314 36 218 0
0.577828 0.0712344 0.16893 36 218 0
0.573463 0.0696038 0.165559 36 218 0
0.569214 0.0676447 0.162252 36 218 0
0.567317 0.0684514 0.158494 36 218 0
0.565154 0.0698231 0.154104 36 218 0
0.562999 0.0712997 0.149747 36 218 0
0.560369 0.0723401 0.145523 36 218 0
0.55797 0.0737903 0.141286 36 218 0
0.555536 0.0751578 0.137039 37 217 0
0.556916 0.073968 0.139794 37 217 0
0.559294 0.072572 0.144 37 217 0
0.561854 0.0714574 0.148188 37 217 0
0.564031 0.0699695 0.152473 37 217 0
0.566339 0.0687091 0.156757 37 217 0
0.566968 0.067556 0.159019 37 217 0
0.569543 0.066937 0.163121 37 217 0
0.572191 0.066274 0.167171 37 217 0
0.575059 0.0653829 0.171021 37 217 0
0.578147 0.0644734 0.174689 37 217 0
0.581258 0.0633218 0.178266 37 217 0
0.579461 0.0556016 0.181389 37 217 0
0.578684 0.0512261 0.183157 37 217 0
0.57782 0.0468664 0.184923 37 217 0
0.576905 0.0425032 0.186654 37 217 0
0.576013 0.0381302 0.188373 37 217 0
0.575112 0.0337604 0.190095 37 217 0
0.574197 0.029399 0.191831 37 217 0
0.573252 0.0250464 0.193573 37 217 0
0.572238 0.0206963 0.195282 37 217 0
0.571261 0.0163232 0.196954 37 217 0
0.57026 0.0119549 0.198624 37 217 0
0.569241 0.00761786 0.200363 37 217 0
0.568239 0.00278958 0.202144 37 217 0
0.56741 -0.00174981 0.203577 37 217 0
0.566616 -0.00631913 0.204932 37 217 0
0.565858 -0.0109173 0.206206 37 217 0
0.565155 -0.0155449 0.207404 37 217 0
0.56452 -0.0202038 0.208514 37 217 0
0.56395 -0.024899 0.209499 37 217 0
0.563428 -0.0296244 0.210361 37 217 0
0.562976 -0.0343712 0.211142 37 217 0
0.562547 -0.0391262 0.211881 37 217 0
0.562733 -0.0364547 0.211576 37 217 0
0.563212 -0.0316106 0.210808 37 217 0
0.563716 -0.0267875 0.209934 37 217 0
0.564246 -0.0219876 0.208952 37 217 0
0.56484 -0.0172107 0.207896 37 217 0
0.565516 -0.0124706 0.206731 37 217 0
0.566284 -0.00777993 0.205433 37 217 0
0.567106 -0.00312874 0.204028 37 217 0
0.5688 0.0053591 0.201216 37 217 0
0.569854 0.00988055 0.199416 37 217 0
0.570942 0.0144388 0.197735 37 217 0
0.572121 0.0190046 0.196136 37 217 0
0.573332 0.0235507 0.194504 38 216 0
0.574541 0.0280885 0.192848 38 216 0
0.575731 0.0326436 0.191226 38 216 0
0.576902 0.0372147 0.189636 38 216 0
0.578081 0.0417883 0.188058 38 216 0
0.579268 0.0463494 0.186451 38 216 0
0.580352 0.0509081 0.184769 38 216 0
0.581353 0.0554851 0.183082 38 216 0
0.581364 0.0582231 0.181475 38 216 0
0.581829 0.0622536 0.179273 38 216 0
0.582458 0.066262 0.177068 38 216 0
0.583307 0.0702044 0.174822 38 216 0
0.584204 0.0740853 0.172492 38 216 0
0.585051 0.0778316 0.169928 38 216 0
0.58584 0.0815092 0.167251 38 216 0
0.588183 0.0831052 0.16841 38 216 0
0.591561 0.0859526 0.169431 38 216 0
0.594951 0.0887038 0.170667 38 216 0
0.598203 0.0916356 0.171862 38 216 0
0.601268 0.0946475 0.173311 38 216 0
0.604171 0.0978703 0.174629 38 216 0
0.601758 0.0956489 0.172989 38 216 0
0.598557 0.0933736 0.170841 38 216 0
0.595331 0.0910043 0.168832 38 216 0
0.591942 0.0885488 0.167239 38 216 0
0.588554 0.0860164 0.16577 38 216 0
0.586366 0.0838918 0.165422 38 216 0
0.582967 0.0807876 0.164696 38 216 0
0.579471 0.077843 0.163755 38 216 0
0.575998 0.074864 0.16284 38 216 0
0.572542 0.0719285 0.161738 38 216 0
0.569118 0.068972 0.160592 38 216 0
0.567653 0.069357 0.157984 38 216 0
0.565546 0.0708652 0.153542 38 216 0
0.563111 0.0720468 0.149159 38 216 0
0.560799 0.0736769 0.14485 38 216 0
0.558136 0.0748382 0.140598 38 216 0
0.55579 0.0764224 0.136312 38 216 0
0.557156 0.0749765 0.139356 38 216 0
0.559347 0.0731293 0.143655 38 216 0
0.561693 0.0714862 0.147959 38 216 0
0.563949 0.0699839 0.15236 38 216 0
0.566339 0.0687091 0.156757 38 216 0
0.566968 0.067556 0.159019 38 216 0
0.569543 0.066937 0.163121 38 216 0
0.572191 0.066274 0.167171 39 215 0
0.575059 0.0653829 0.171021 39 215 0
0.578147 0.0644734 0.174689 39 215 0
0.581258 0.0633218 0.178266 39 215 0
0.579461 0.0556016 0.181389 39 215 0
0.578684 0.0512261 0.183157 39 215 0
0.57782 0.0468664 0.184923 39 215 0
0.576905 0.0425032 0.186654 39 215 0
0.576013 0.0381302 0.188373 39 215 0
0.575112 0.0337604 0.190095 39 215 0
0.574197 0.029399 0.191831 39 215 0
0.573252 0.0250464 0.193573 39 215 0
0.572238 0.0206963 0.195282 39 215 0
0.571261 0.0163232 0.196954 39 215 0
0.57026 0.0119549 0.198624 39 215 0
0.569241 0.00761786 0.200363 39 215 0
0.568239 0.00278958 0.202144 39 215 0
0.56741 -0.00174981 0.203577 39 215 0
0.566616 -0.00631913 0.204932 39 215 0
0.565858 -0.0109173 0.206206 39 215 0
0.565155 -0.0155449 0.207404 39 215 0
0.56452 -0.0202038 0.208514 39 215 0
0.56395 -0.024899 0.209499 39 215 0
0.563428 -0.0296244 0.210361 39 215 0
0.562976 -0.0343712 0.211142 39 215 0
0.562547 -0.0391262 0.211881 39 215 0
0.562733 -0.0364547 0.211576 39 215 0
0.563212 -0.0316106 0.210808 39 215 0
0.563716 -0.0267875 0.209934 39 215 0
0.564246 -0.0219876 0.208952 39 215 0
0.56484 -0.0172107 0.207896 39 215 0
0.565516 -0.0124706 0.206731 39 215 0
0.566284 -0.00777993 0.205433 39 215 0
0.567106 -0.00312874 0.204028 39 215 0
0.5688 0.0053591 0.201216 39 215 0
0.569854 0.00988055 0.199416 39 215 0
0.570942 0.0144388 0.197735 39 215 0
0.572121 0.0190046 0.196136 39 215 0
0.573332 0.0235507 0.194504 39 215 0
0.574541 0.0280885 0.192848 39 215 0
0.575731 0.0326436 0.191226 39 215 0
0.576902 0.0372147 0.189636 39 215 0
0.578081 0.0417883 0.188058 39 215 0
0.579268 0.0463494 0.186451 39 215 0
0.580352 0.0509081 0.184769 39 215 0
0.581353 0.0554851 0.183082 39 215 0
0.581364 0.0582231 0.181475 40 214 0
0.581829 0.0622536 0.179273 40 214 0
0.582458 0.066262 0.177068 40 214 0
0.583307 0.0702044 0.174822 40 214 0
0.584204 0.0740853 0.172492 40 214 0
0.585051 0.0778316 0.169928 40 214 0
0.58584 0.0815092 0.167251 40 214 0
0.588183 0.0831052 0.16841 40 214 0
0.591561 0.0859526 0.169431 40 214 0
0.594951 0.0887038 0.170667 40 214 0
0.598203 0.0916356 0.171862 40 214 0
0.601268 0.0946475 0.173311 40 214 0
0.604171 0.0978703 0.174629 40 214 0
0.597936 0.101889 0.181336 40 214 0
0.649893 0.0984774 0.22463 40 214 0
0.65357 0.0945753 0.216189 40 214 0
0.655589 0.0926329 0.217521 40 214 0
0.658858 0.0891843 0.219897 40 214 0
0.662029 0.0857091 0.222358 40 214 0
0.665103 0.0822014 0.224899 40 214 0
0.668135 0.0786798 0.227467 40 214 0
0.668997 0.0761829 0.228618 40 214 0
0.672341 0.07296 0.230939 40 214 0
0.675299 0.0694257 0.233331 40 214 0
0.678076 0.0658066 0.23582 40 214 0
0.680729 0.0621528 0.238392 40 214 0
0.683701 0.0629774 0.239118 40 214 0
0.688245 0.0631391 0.240567 40 214 0
0.692833 0.0636505 0.241801 40 214 0
0.69745 0.0645617 0.242646 40 214 0
0.702096 0.065492 0.243274 40 214 0
0.706776 0.0662534 0.243873 40 214 0
0.703902 0.0660419 0.243505 40 214 0
0.699284 0.0648482 0.242928 40 214 0
0.694639 0.0638451 0.242199 40 214 0
0.690049 0.062718 0.241324 40 214 0
0.685454 0.061777 0.240289 40 214 0
0.682587 0.0616779 0.239289 40 214 0
0.677429 0.0605456 0.237799 40 214 0
0.67228 0.0595939 0.236138 40 214 0
0.66719 0.0587002 0.234291 40 214 0
0.662202 0.0575089 0.232446 40 214 0
0.661193 0.0499789 0.23515 40 214 0
0.660508 0.0451645 0.236875 40 214 0
0.659611 0.0403995 0.238638 40 214 0
0.658698 0.0356481 0.24043 41 213 0
0.657684 0.0309205 0.24223 41 213 0
0.656767 0.0262014 0.244105 41 213 0
0.655948 0.0215116 0.246095 41 213 0
0.655029 0.0168649 0.24814 41 213 0
0.65392 0.0122067 0.25006 41 213 0
0.652934 0.00755152 0.252051 41 213 0
0.652158 0.00289849 0.254141 41 213 0
0.65081 -0.003038 0.256428 41 213 0
0.649712 -0.00810171 0.257528 41 213 0
0.648859 -0.0132292 0.258576 41 213 0
0.647674 -0.0183759 0.259061 41 213 0
0.646829 -0.023584 0.259601 41 213 0
0.64619 -0.0288237 0.26012 41 213 0
0.645485 -0.0340663 0.260496 41 213 0
0.644779 -0.0392732 0.261003 41 213 0
0.644849 -0.0366478 0.260648 41 213 0
0.646107 -0.0319765 0.26044 41 213 0
0.646995 -0.0272115 0.260178 41 213 0
0.647896 -0.0224473 0.259999 41 213 0
0.648148 -0.0176376 0.259393 41 213 0
0.648558 -0.0128862 0.258499 41 213 0
0.648993 -0.00817722 0.257409 41 213 0
0.649977 -0.000402799 0.254646 41 213 0
0.650612 0.00412096 0.25261 41 213 0
0.651423 0.00867617 0.250712 41 213 0
0.652238 0.0132293 0.24881 41 213 0
0.653046 0.0177552 0.246841 41 213 0
0.653856 0.0222779 0.244865 41 213 0
0.65476 0.0268368 0.243018 41 213 0
0.655562 0.0314097 0.241158 41 213 0
0.656346 0.0359886 0.239305 41 213 0
0.657091 0.0405844 0.237479 41 213 0
0.657753 0.0451878 0.23564 41 213 0
0.658414 0.0498261 0.233894 41 213 0
0.659996 0.0523211 0.233411 41 213 0
0.661923 0.0566423 0.232685 41 213 0
0.663481 0.0610717 0.231683 41 213 0
0.665115 0.0654896 0.230754 41 213 0
0.666643 0.0699351 0.229778 41 213 0
0.668527 0.0742656 0.229041 41 213 0
0.667152 0.076636 0.227668 41 213 0
0.663955 0.0803245 0.225022 41 213 0
0.661039 0.0842782 0.22242 41 213 0
0.658232 0.088369 0.219914 41 213 0
0.655589 0.0926329 0.217521 42 212 0
0.657567 0.0903014 0.218951 42 212 0
0.661223 0.0867765 0.221645 42 212 0
0.664801 0.0832094 0.224389 42 212 0
0.668406 0.0797001 0.227175 42 212 0
0.670316 0.0785967 0.228338 42 212 0
0.672787 0.0745757 0.230585 42 212 0
0.675414 0.070686 0.232888 42 212 0
0.678135 0.0669405 0.235313 42 212 0
0.681093 0.0634918 0.237886 42 212 0
0.684017 0.0639623 0.238772 42 212 0
0.688505 0.0644354 0.240061 42 212 0
0.693009 0.0649072 0.241298 42 212 0
0.697566 0.0652924 0.242358 42 212 0
0.702164 0.0657127 0.243196 42 212 0
0.706776 0.0662534 0.243873 42 212 0
0.703902 0.0660419 0.243505 42 212 0
0.699284 0.0648482 0.242928 42 212 0
0.694639 0.0638451 0.242199 42 212 0
0.690049 0.062718 0.241324 42 212 0
0.685454 0.061777 0.240289 42 212 0
0.682587 0.0616779 0.239289 42 212 0
0.677429 0.0605456 0.237799 42 212 0
0.67228 0.0595939 0.236138 42 212 0
0.66719 0.0587002 0.234291 42 212 0
0.662202 0.0575089 0.232446 42 212 0
0.661193 0.0499789 0.23515 42 212 0
0.660508 0.0451645 0.236875 42 212 0
0.659611 0.0403995 0.238638 42 212 0
0.658698 0.0356481 0.24043 42 212 0
0.657684 0.0309205 0.24223 42 212 0
0.656767 0.0262014 0.244105 42 212 0
0.655948 0.0215116 0.246095 42 212 0
0.655029 0.0168649 0.24814 42 212 0
0.65392 0.0122067 0.25006 42 212 0
0.652934 0.00755152 0.252051 42 212 0
0.652158 0.00289849 0.254141 42 212 0
0.65081 -0.003038 0.256428 42 212 0
0.649712 -0.00810171 0.257528 42 212 0
0.648859 -0.0132292 0.258576 42 212 0
0.647674 -0.0183759 0.259061 42 212 0
0.646829 -0.023584 0.259601 42 212 0
0.64619 -0.0288237 0.26012 42 212 0
0.645485 -0.0340663 0.260496 42 212 0
0.644779 -0.0392732 0.261003 42 212 0
0.644849 -0.0366478 0.260648 42 212 0
0.646107 -0.0319765 0.26044 43 211 0
0.646995 -0.0272115 0.260178 43 211 0
0.647896 -0.0224473 0.259999 43 211 0
0.648148 -0.0176376 0.259393 43 211 0
0.648558 -0.0128862 0.258499 43 211 0
0.648993 -0.00817722 0.257409 43 211 0
0.649977 -0.000402799 0.254646 43 211 0
0.650612 0.00412096 0.25261 43 211 0
0.651423 0.00867617 0.250712 43 211 0
0.652238 0.0132293 0.24881 43 211 0
0.653046 0.0177552 0.246841 43 211 0
0.653856 0.0222779 0.244865 43 211 0
0.65476 0.0268368 0.243018 43 211 0
0.655562 0.0314097 0.241158 43 211 0
0.656346 0.0359886 0.239305 43 211 0
0.657091 0.0405844 0.237479 43 211 0
0.657753 0.0451878 0.23564 43 211 0
0.658414 0.0498261 0.233894 43 211 0
0.659996 0.0523211 0.233411 43 211 0
0.661923 0.0566423 0.232685 43 211 0
0.663481 0.0610717 0.231683 43 211 0
0.665115 0.0654896 0.230754 43 211 0
0.666643 0.0699351 0.229778 43 211 0
0.668527 0.0742656 0.229041 43 211 0
0.667152 0.076636 0.227668 43 211 0
0.663955 0.0803245 0.225022 43 211 0
0.661039 0.0842782 0.22242 43 211 0
0.658232 0.088369 0.219914 43 211 0
0.655589 0.0926329 0.217521 43 211 0
0.65208 0.0965887 0.226008 43 211 0
0.59949 0.103844 0.18226 43 211 0
0.60557 0.0996054 0.175547 43 211 0
0.585588 -0.00270623 0.215216 43 211 0
0.585169 0.00814159 0.210144 43 211 0
0.585074 0.0126493 0.207937 43 211 0
0.584895 0.0170912 0.2056 43 211 0
0.584659 0.0215218 0.203247 43 211 0
0.584559 0.0259859 0.20095 43 211 0
0.584415 0.0304225 0.198602 43 211 0
0.584212 0.0348261 0.196196 43 211 0
0.584038 0.0392206 0.19377 43 211 0
0.583913 0.0436112 0.191335 43 211 0
0.58385 0.0479971 0.188888 43 211 0
0.583837 0.0523223 0.186335 43 211 0
0.583933 0.0566173 0.183734 43 211 0
0.584097 0.0608761 0.181077 44 210 0
0.584301 0.0651683 0.17848 44 210 0
0.584413 0.0694287 0.175827 44 210 0
0.584725 0.0736249 0.173085 44 210 0
0.582268 0.0725274 0.172314 44 210 0
0.577828 0.0712344 0.16893 44 210 0
0.573463 0.0696038 0.165559 44 210 0
0.569214 0.0676447 0.162252 44 210 0
0.567317 0.0684514 0.158494 44 210 0
0.565154 0.0698231 0.154104 44 210 0
0.562999 0.0712997 0.149747 44 210 0
0.560369 0.0723401 0.145523 44 210 0
0.55797 0.0737903 0.141286 44 210 0
0.555536 0.0751578 0.137039 44 210 0
0.556916 0.073968 0.139794 44 210 0
0.559294 0.072572 0.144 44 210 0
0.561854 0.0714574 0.148188 44 210 0
0.564031 0.0699695 0.152473 44 210 0
0.566339 0.0687091 0.156757 44 210 0
0.566968 0.067556 0.159019 44 210 0
0.569543 0.066937 0.163121 44 210 0
0.572191 0.066274 0.167171 44 210 0
0.575059 0.0653829 0.171021 44 210 0
0.578147 0.0644734 0.174689 44 210 0
0.581258 0.0633218 0.178266 44 210 0
0.579461 0.0556016 0.181389 44 210 0
0.578684 0.0512261 0.183157 44 210 0
0.57782 0.0468664 0.184923 44 210 0
0.576905 0.0425032 0.186654 44 210 0
0.576013 0.0381302 0.188373 44 210 0
0.575112 0.0337604 0.190095 44 210 0
0.574197 0.029399 0.191831 44 210 0
0.573252 0.0250464 0.193573 44 210 0
0.572238 0.0206963 0.195282 44 210 0
0.571261 0.0163232 0.196954 44 210 0
0.57026 0.0119549 0.198624 44 210 0
0.569241 0.00761786 0.200363 44 210 0
0.568239 0.00278958 0.202144 44 210 0
0.56741 -0.00174981 0.203577 44 210 0
0.566616 -0.00631913 0.204932 44 210 0
0.565858 -0.0109173 0.206206 44 210 0
0.565155 -0.0155449 0.207404 44 210 0
0.56452 -0.0202038 0.208514 44 210 0
0.56395 -0.024899 0.209499 44 210 0
0.563428 -0.0296244 0.210361 44 210 0
0.562976 -0.0343712 0.211142 44 210 0
0.562547 -0.0391262 0.211881 45 209 0
0.562733 -0.0364547 0.211576 45 209 0
0.563212 -0.0316106 0.210808 45 209 0
0.563716 -0.0267875 0.209934 45 209 0
0.564246 -0.0219876 0.208952 45 209 0
0.56484 -0.0172107 0.207896 45 209 0
0.565516 -0.0124706 0.206731 45 209 0
0.566284 -0.00777993 0.205433 45 209 0
0.567106 -0.00312874 0.204028 45 209 0
0.5688 0.0053591 0.201216 45 209 0
0.569854 0.00988055 0.199416 45 209 0
0.570942 0.0144388 0.197735 45 209 0
0.572121 0.0190046 0.196136 45 209 0
0.573332 0.0235507 0.194504 45 209 0
0.574541 0.0280885 0.192848 45 209 0
0.575731 0.0326436 0.191226 45 209 0
0.576902 0.0372147 0.189636 45 209 0
0.578081 0.0417883 0.188058 45 209 0
0.579268 0.0463494 0.186451 45 209 0
0.580352 0.0509081 0.184769 45 209 0
0.581353 0.0554851 0.183082 45 209 0
0.581364 0.0582231 0.181475 45 209 0
0.581829 0.0622536 0.179273 45 209 0
0.582458 0.066262 0.177068 45 209 0
0.583307 0.0702044 0.174822 45 209 0
0.584204 0.0740853 0.172492 45 209 0
0.585051 0.0778316 0.169928 45 209 0
0.58584 0.0815092 0.167251 45 209 0
0.588183 0.0831052 0.16841 45 209 0
0.591561 0.0859526 0.169431 45 209 0
0.594951 0.0887038 0.170667 45 209 0
0.598203 0.0916356 0.171862 45 209 0
0.601268 0.0946475 0.173311 45 209 0
0.604171 0.0978703 0.174629 45 209 0
0.601758 0.0956489 0.172989 45 209 0
0.598557 0.0933736 0.170841 45 209 0
0.595331 0.0910043 0.168832 45 209 0
0.591942 0.0885488 0.167239 45 209 0
0.588554 0.0860164 0.16577 45 209 0
0.586366 0.0838918 0.165422 45 209 0
0.582967 0.0807876 0.164696 45 209 0
0.579471 0.077843 0.163755 45 209 0
0.575998 0.074864 0.16284 45 209 0
0.572542 0.0719285 0.161738 45 209 0
0.569118 0.068972 0.160592 45 209 0
0.567653 0.069357 0.157984 46 208 0
0.565546 0.0708652 0.153542 46 208 0
0.563111 0.0720468 0.149159 46 208 0
0.560799 0.0736769 0.14485 46 208 0
0.558136 0.0748382 0.140598 46 208 0
0.55579 0.0764224 0.136312 46 208 0
0.557156 0.0749765 0.139356 46 208 0
0.559347 0.0731293 0.143655 46 208 0
0.561693 0.0714862 0.147959 46 208 0
0.563949 0.0699839 0.15236 46 208 0
0.566339 0.0687091 0.156757 46 208 0
0.566968 0.067556 0.159019 46 208 0
0.569543 0.066937 0.163121 46 208 0
0.572191 0.066274 0.167171 46 208 0
0.575059 0.0653829 0.171021 46 208 0
0.578147 0.0644734 0.174689 46 208 0
0.581258 0.0633218 0.178266 46 208 0
0.579461 0.0556016 0.181389 46 208 0
0.578684 0.0512261 0.183157 46 208 0
0.57782 0.0468664 0.184923 46 208 0
0.576905 0.0425032 0.186654 46 208 0
0.576013 0.0381302 0.188373 46 208 0
0.575112 0.0337604 0.190095 46 208 0
0.574197 0.029399 0.191831 46 208 0
0.573252 0.0250464 0.193573 46 208 0
0.572238 0.0206963 0.195282 46 208 0
0.571261 0.0163232 0.196954 46 208 0
0.57026 0.0119549 0.198624 46 208 0
0.569241 0.00761786 0.200363 46 208 0
0.568239 0.00278958 0.202144 46 208 0
0.56741 -0.00174981 0.203577 46 208 0
0.566616 -0.00631913 0.204932 46 208 0
0.565858 -0.0109173 0.206206 46 208 0
0.565155 -0.0155449 0.207404 46 208 0
0.56452 -0.0202038 0.208514 46 208 0
0.56395 -0.024899 0.209499 46 208 0
0.563428 -0.0296244 0.210361 46 208 0
0.562976 -0.0343712 0.211142 46 208 0
0.562547 -0.0391262 0.211881 46 208 0
0.562733 -0.0364547 0.211576 46 208 0
0.563212 -0.0316106 0.210808 46 208 0
0.563716 -0.0267875 0.209934 46 208 0
0.564246 -0.0219876 0.208952 46 208 0
0.56484 -0.0172107 0.207896 46 208 0
0.565516 -0.0124706 0.206731 46 208 0
0.566284 -0.00777993 0.205433 46 208 0
0.567106 -0.00312874 0.204028 47 207 0
0.5688 0.0053591 0.201216 47 207 0
0.569854 0.00988055 0.199416 47 207 0
0.570942 0.0144388 0.197735 47 207 0
0.572121 0.0190046 0.196136 47 207 0
0.573332 0.0235507 0.194504 47 207 0
0.574541 0.0280885 0.192848 47 207 0
0.575731 0.0326436 0.191226 47 207 0
0.576902 0.0372147 0.189636 47 207 0
0.578081 0.0417883 0.188058 47 207 0
0.579268 0.0463494 0.186451 47 207 0
0.580352 0.0509081 0.184769 47 207 0
0.581353 0.0554851 0.183082 47 207 0
0.581364 0.0582231 0.181475 47 207 0
0.581829 0.0622536 0.179273 47 207 0
0.582458 0.066262 0.177068 47 207 0
0.583307 0.0702044 0.174822 47 207 0
0.584204 0.0740853 0.172492 47 207 0
0.585051 0.0778316 0.169928 47 207 0
0.58584 0.0815092 0.167251 47 207 0
0.588183 0.0831052 0.16841 47 207 0
0.591561 0.0859526 0.169431 47 207 0
0.594951 0.0887038 0.170667 47 207 0
0.598203 0.0916356 0.171862 47 207 0
0.601268 0.0946475 0.173311 47 207 0
0.604171 0.0978703 0.174629 47 207 0
0.597936 0.101889 0.181336 47 207 0
0.649893 0.0984774 0.22463 47 207 0
0.65357 0.0945753 0.216189 47 207 0
0.655589 0.0926329 0.217521 47 207 0
0.658858 0.0891843 0.219897 47 207 0
0.662029 0.0857091 0.222358 47 207 0
0.665103 0.0822014 0.224899 47 207 0
0.668135 0.0786798 0.227467 47 207 0
0.668997 0.0761829 0.228618 47 207 0
0.672341 0.07296 0.230939 47 207 0
0.675299 0.0694257 0.233331 47 207 0
0.678076 0.0658066 0.23582 47 207 0
0.680729 0.0621528 0.238392 47 207 0
0.683701 0.0629774 0.239118 47 207 0
0.688245 0.0631391 0.240567 47 207 0
0.692833 0.0636505 0.241801 47 207 0
0.69745 0.0645617 0.242646 47 207 0
0.702096 0.065492 0.243274 47 207 0
0.706776 0.0662534 0.243873 47 207 0
0.703902 0.0660419 0.243505 48 206 0
0.699284 0.0648482 0.242928 48 206 0
0.694639 0.0638451 0.242199 48 206 0
0.690049 0.062718 0.241324 48 206 0
0.685454 0.061777 0.240289 48 206 0
0.682587 0.0616779 0.239289 48 206 0
0.677429 0.0605456 0.237799 48 206 0
0.67228 0.0595939 0.236138 48 206 0
0.66719 0.0587002 0.234291 48 206 0
0.662202 0.0575089 0.232446 48 206 0
0.661193 0.0499789 0.23515 48 206 0
0.660508 0.0451645 0.236875 48 206 0
0.659611 0.0403995 0.238638 48 206 0
0.658698 0.0356481 0.24043 48 206 0
0.657684 0.0309205 0.24223 48 206 0
0.656767 0.0262014 0.244105 48 206 0
0.655948 0.0215116 0.246095 48 206 0
0.655029 0.0168649 0.24814 48 206 0
0.65392 0.0122067 0.25006 48 206 0
0.652934 0.00755152 0.252051 48 206 0
0.652158 0.00289849 0.254141 48 206 0
0.65081 -0.003038 0.256428 48 206 0
0.649712 -0.00810171 0.257528 48 206 0
0.648859 -0.0132292 0.258576 48 206 0
0.647674 -0.0183759 0.259061 48 206 0
0.646829 -0.023584 0.259601 48 206 0
0.64619 -0.0288237 0.26012 48 206 0
0.645485 -0.0340663 0.260496 48 206 0
0.644779 -0.0392732 0.261003 48 206 0
0.644849 -0.0366478 0.260648 48 206 0
0.646107 -0.0319765 0.26044 48 206 0
0.646995 -0.0272115 0.260178 48 206 0
0.647896 -0.0224473 0.259999 48 206 0
0.648148 -0.0176376 0.259393 48 206 0
0.648558 -0.0128862 0.258499 48 206 0
0.648993 -0.00817722 0.257409 48 206 0
0.649977 -0.000402799 0.254646 48 206 0
0.650612 0.00412096 0.25261 48 206 0
0.651423 0.00867617 0.250712 48 206 0
0.652238 0.0132293 0.24881 48 206 0
0.653046 0.0177552 0.246841 48 206 0
0.653856 0.0222779 0.244865 48 206 0
0.65476 0.0268368 0.243018 48 206 0
0.655562 0.0314097 0.241158 48 206 0
0.656346 0.0359886 0.239305 48 206 0
0.657091 0.0405844 0.237479 49 205 0
0.657753 0.0451878 0.23564 49 205 0
0.658414 0.0498261 0.233894 49 205 0
0.659996 0.0523211 0.233411 49 205 0
0.661923 0.0566423 0.232685 49 205 0
0.663481 0.0610717 0.231683 49 205 0
0.665115 0.0654896 0.230754 49 205 0
0.666643 0.0699351 0.229778 49 205 0
0.668527 0.0742656 0.229041 49 205 0
0.667152 0.076636 0.227668 49 205 0
0.663955 0.0803245 0.225022 49 205 0
0.661039 0.0842782 0.22242 49 205 0
0.658232 0.088369 0.219914 49 205 0
0.655589 0.0926329 0.217521 49 205 0
0.657567 0.0903014 0.218951 49 205 0
0.661223 0.0867765 0.221645 49 205 0
0.664801 0.0832094 0.224389 49 205 0
0.668406 0.0797001 0.227175 49 205 0
0.670316 0.0785967 0.228338 49 205 0
0.672787 0.0745757 0.230585 49 205 0
0.675414 0.070686 0.232888 49 205 0
0.678135 0.0669405 0.235313 49 205 0
0.681093 0.0634918 0.237886 49 205 0
0.684017 0.0639623 0.238772 49 205 0
0.688505 0.0644354 0.240061 49 205 0
0.693009 0.0649072 0.241298 49 205 0
0.697566 0.0652924 0.242358 49 205 0
0.702164 0.0657127 0.243196 49 205 0
0.706776 0.0662534 0.243873 49 205 0
0.703902 0.0660419 0.243505 49 205 0
0.699284 0.0648482 0.242928 49 205 0
0.694639 0.0638451 0.242199 49 205 0
0.690049 0.062718 0.241324 49 205 0
0.685454 0.061777 0.240289 49 205 0
0.682587 0.0616779 0.239289 49 205 0
0.677429 0.0605456 0.237799 49 205 0
0.67228 0.0595939 0.236138 49 205 0
0.66719 0.0587002 0.234291 49 205 0
0.662202 0.0575089 0.232446 49 205 0
0.661193 0.0499789 0.23515 49 205 0
0.660508 0.0451645 0.236875 49 205 0
0.659611 0.0403995 0.238638 49 205 0
0.658698 0.0356481 0.24043 49 205 0
0.657684 0.0309205 0.24223 49 205 0
0.656767 0.0262014 0.244105 49 205 0
0.655948 0.0215116 0.246095 49 205 0
0.655029 0.0168649 0.24814 50 204 0
0.65392 0.0122067 0.25006 50 204 0
0.652934 0.00755152 0.252051 50 204 0
0.652158 0.00289849 0.254141 50 204 0
0.65081 -0.003038 0.256428 50 204 0
0.649712 -0.00810171 0.257528 50 204 0
0.648859 -0.0132292 0.258576 50 204 0
0.647674 -0.0183759 0.259061 50 204 0
0.646829 -0.023584 0.259601 50 204 0
0.64619 -0.0288237 0.26012 50 204 0
0.645485 -0.0340663 0.260496 50 204 0
0.644779 -0.0392732 0.261003 50 204 0
0.644849 -0.0366478 0.260648 50 204 0
0.646107 -0.0319765 0.26044 50 204 0
0.646995 -0.0272115 0.260178 50 204 0
0.647896 -0.0224473 0.259999 50 204 0
0.648148 -0.0176376 0.259393 50 204 0
0.648558 -0.0128862 0.258499 50 204 0
0.648993 -0.00817722 0.257409 50 204 0
0.649977 -0.000402799 0.254646 50 204 0
0.650612 0.00412096 0.25261 50 204 0
0.651423 0.00867617 0.250712 50 204 0
0.652238 0.0132293 0.24881 50 204 0
0.653046 0.0177552 0.246841 50 204 0
0.653856 0.0222779 0.244865 50 204 0
0.65476 0.0268368 0.243018 50 204 0
0.655562 0.0314097 0.241158 50 204 0
0.656346 0.0359886 0.239305 50 204 0
0.657091 0.0405844 0.237479 50 204 0
0.657753 0.0451878 0.23564 50 204 0
0.658414 0.0498261 0.233894 50 204 0
0.659996 0.0523211 0.233411 50 204 0
0.661923 0.0566423 0.232685 50 204 0
0.663481 0.0610717 0.231683 50 204 0
0.665115 0.0654896 0.230754 50 204 0
0.666643 0.0699351 0.229778 50 204 0
0.668527 0.0742656 0.229041 50 204 0
0.667152 0.076636 0.227668 50 204 0
0.663955 0.0803245 0.225022 50 204 0
0.661039 0.0842782 0.22242 50 204 0
0.658232 0.088369 0.219914 50 204 0
0.655589 0.0926329 0.217521 50 204 0
0.65208 0.0965887 0.226008 50 204 0
0.59949 0.103844 0.18226 50 204 0
0.60557 0.0996054 0.175547 50 204 0
0.585588 -0.00270623 0.215216 51 203 0
0.585169 0.00814159 0.210144 51 203 0
0.585074 0.0126493 0.207937 51 203 0
0.584895 0.0170912 0.2056 51 203 0
0.584659 0.0215218 0.203247 51 203 0
0.584559 0.0259859 0.20095 51 203 0
0.584415 0.0304225 0.198602 51 203 0
0.584212 0.0348261 0.196196 51 203 0
0.584038 0.0392206 0.19377 51 203 0
0.583913 0.0436112 0.191335 51 203 0
0.58385 0.0479971 0.188888 51 203 0
0.583837 0.0523223 0.186335 51 203 0
0.583933 0.0566173 0.183734 51 203 0
0.584097 0.0608761 0.181077 51 203 0
0.584301 0.0651683 0.17848 51 203 0
0.584413 0.0694287 0.175827 51 203 0
0.584725 0.0736249 0.173085 51 203 0
0.582268 0.0725274 0.172314 51 203 0
0.577828 0.0712344 0.16893 51 203 0
0.573463 0.0696038 0.165559 51 203 0
0.569214 0.0676447 0.162252 51 203 0
0.567317 0.0684514 0.158494 51 203 0
0.565154 0.0698231 0.154104 51 203 0
0.562999 0.0712997 0.149747 51 203 0
0.560369 0.0723401 0.145523 51 203 0
0.55797 0.0737903 0.141286 51 203 0
0.555536 0.0751578 0.137039 51 203 0
0.556916 0.073968 0.139794 51 203 0
0.559294 0.072572 0.144 51 203 0
0.561854 0.0714574 0.148188 51 203 0
0.564031 0.0699695 0.152473 51 203 0
0.566339 0.0687091 0.156757 51 203 0
0.566968 0.067556 0.159019 51 203 0
0.569543 0.066937 0.163121 51 203 0
0.572191 0.066274 0.167171 51 203 0
0.575059 0.0653829 0.171021 51 203 0
0.578147 0.0644734 0.174689 51 203 0
0.581258 0.0633218 0.178266 51 203 0
0.579461 0.0556016 0.181389 51 203 0
0.578684 0.0512261 0.183157 51 203 0
0.57782 0.0468664 0.184923 51 203 0
0.576905 0.0425032 0.186654 51 203 0
0.576013 0.0381302 0.188373 51 203 0
0.575112 0.0337604 0.190095 51 203 0
0.574197 0.029399 0.191831 51 203 0
0.573252 0.0250464 0.193573 51 203 0
0.572238 0.0206963 0.195282 52 202 0
0.571261 0.0163232 0.196954 52 202 0
0.57026 0.0119549 0.198624 52 202 0
0.569241 0.00761786 0.200363 52 202 0
0.568239 0.00278958 0.202144 52 202 0
0.56741 -0.00174981 0.203577 52 202 0
0.566616 -0.00631913 0.204932 52 202 0
0.565858 -0.0109173 0.206206 52 202 0
0.565155 -0.0155449 0.207404 52 202 0
0.56452 -0.0202038 0.208514 52 202 0
0.56395 -0.024899 0.209499 52 202 0
0.563428 -0.0296244 0.210361 52 202 0
0.562976 -0.0343712 0.211142 52 202 0
0.562547 -0.0391262 0.211881 52 202 0
0.562733 -0.0364547 0.211576 52 202 0
0.563212 -0.0316106 0.210808 52 202 0
0.563716 -0.0267875 0.209934 52 202 0
0.564246 -0.0219876 0.208952 52 202 0
0.56484 -0.0172107 0.207896 52 202 0
0.565516 -0.0124706 0.206731 52 202 0
0.566284 -0.00777993 0.205433 52 202 0
0.567106 -0.00312874 0.204028 52 202 0
0.5688 0.0053591 0.201216 52 202 0
0.569854 0.00988055 0.199416 52 202 0
0.570942 0.0144388 0.197735 52 202 0
0.572121 0.0190046 0.196136 52 202 0
0.573332 0.0235507 0.194504 52 202 0
0.574541 0.0280885 0.192848 52 202 0
0.575731 0.0326436 0.191226 52 202 0
0.576902 0.0372147 0.189636 52 202 0
0.578081 0.0417883 0.188058 52 202 0
0.579268 0.0463494 0.186451 52 202 0
0.580352 0.0509081 0.184769 52 202 0
0.581353 0.0554851 0.183082 52 202 0
0.581364 0.0582231 0.181475 52 202 0
0.581829 0.0622536 0.179273 52 202 0
0.582458 0.066262 0.177068 52 202 0
0.583307 0.0702044 0.174822 52 202 0
0.584204 0.0740853 0.172492 52 202 0
0.585051 0.0778316 0.169928 52 202 0
0.58584 0.0815092 0.167251 52 202 0
0.588183 0.0831052 0.16841 52 202 0
0.591561 0.0859526 0.169431 52 202 0
0.594951 0.0887038 0.170667 52 202 0
0.598203 0.0916356 0.171862 52 202 0
0.601268 0.0946475 0.173311 53 201 0
0.604171 0.0978703 0.174629 53 201 0
0.601758 0.0956489 0.172989 53 201 0
0.598557 0.0933736 0.170841 53 201 0
0.595331 0.0910043 0.168832 53 201 0
0.591942 0.0885488 0.167239 53 201 0
0.588554 0.0860164 0.16577 53 201 0
0.586366 0.0838918 0.165422 53 201 0
0.582967 0.0807876 0.164696 53 201 0
0.579471 0.077843 0.163755 53 201 0
0.575998 0.074864 0.16284 53 201 0
0.572542 0.0719285 0.161738 53 201 0
0.569118 0.068972 0.160592 53 201 0
0.567653 0.069357 0.157984 53 201 0
0.565546 0.0708652 0.153542 53 201 0
0.563111 0.0720468 0.149159 53 201 0
0.560799 0.0736769 0.14485 53 201 0
0.558136 0.0748382 0.140598 53 201 0
0.55579 0.0764224 0.136312 53 201 0
0.557156 0.0749765 0.139356 53 201 0
0.559347 0.0731293 0.143655 53 201 0
0.561693 0.0714862 0.147959 53 201 0
0.563949 0.0699839 0.15236 53 201 0
0.566339 0.0687091 0.156757 53 201 0
0.566968 0.067556 0.159019 53 201 0
0.569543 0.066937 0.163121 53 201 0
0.572191 0.066274 0.167171 53 201 0
0.575059 0.0653829 0.171021 53 201 0
0.578147 0.0644734 0.174689 53 201 0
0.581258 0.0633218 0.178266 53 201 0
0.579461 0.0556016 0.181389 53 201 0
0.578684 0.0512261 0.183157 53 201 0
0.57782 0.0468664 0.184923 53 201 0
0.576905 0.0425032 0.186654 53 201 0
0.576013 0.0381302 0.188373 53 201 0
0.575112 0.0337604 0.190095 53 201 0
0.574197 0.029399 0.191831 53 201 0
0.573252 0.0250464 0.193573 53 201 0
0.572238 0.0206963 0.195282 53 201 0
0.571261 0.0163232 0.196954 53 201 0
0.57026 0.0119549 0.198624 53 201 0
0.569241 0.00761786 0.200363 53 201 0
0.568239 0.00278958 0.202144 53 201 0
0.56741 -0.00174981 0.203577 53 201 0
0.566616 -0.00631913 0.204932 53 201 0
0.565858 -0.0109173 0.206206 53 201 0
0.565155 -0.0155449 0.207404 54 200 0
0.56452 -0.0202038 0.208514 54 200 0
0.56395 -0.024899 0.209499 54 200 0
0.563428 -0.0296244 0.210361 54 200 0
0.562976 -0.0343712 0.211142 54 200 0
0.562547 -0.0391262 0.211881 54 200 0
0.562733 -0.0364547 0.211576 54 200 0
0.563212 -0.0316106 0.210808 54 200 0
0.563716 -0.0267875 0.209934 54 200 0
0.564246 -0.0219876 0.208952 54 200 0
0.56484 -0.0172107 0.207896 54 200 0
0.565516 -0.0124706 0.206731 54 200 0
0.566284 -0.00777993 0.205433 54 200 0
0.567106 -0.00312874 0.204028 54 200 0
0.5688 0.0053591 0.201216 54 200 0
0.569854 0.00988055 0.199416 54 200 0
0.570942 0.0144388 0.197735 54 200 0
0.572121 0.0190046 0.196136 54 200 0
0.573332 0.0235507 0.194504 54 200 0
0.574541 0.0280885 0.192848 54 200 0
0.575731 0.0326436 0.191226 54 200 0
0.576902 0.0372147 0.189636 54 200 0
0.578081 0.0417883 0.188058 54 200 0
0.579268 0.0463494 0.186451 54 200 0
0.580352 0.0509081 0.184769 54 200 0
0.581353 0.0554851 0.183082 54 200 0
0.581364 0.0582231 0.181475 54 200 0
0.581829 0.0622536 0.179273 54 200 0
0.582458 0.066262 0.177068 54 200 0
0.583307 0.0702044 0.174822 54 200 0
0.584204 0.0740853 0.172492 54 200 0
0.585051 0.0778316 0.169928 54 200 0
0.58584 0.0815092 0.167251 54 200 0
0.588183 0.0831052 0.16841 54 200 0
0.591561 0.0859526 0.169431 54 200 0
0.594951 0.0887038 0.170667 54 200 0
0.598203 0.0916356 0.171862 54 200 0
0.601268 0.0946475 0.173311 54 200 0
0.604171 0.0978703 0.174629 54 200 0
0.597936 0.101889 0.181336 54 200 0
0.649893 0.0984774 0.22463 54 200 0
0.65357 0.0945753 0.216189 54 200 0
0.655589 0.0926329 0.217521 54 200 0
0.658858 0.0891843 0.219897 54 200 0
0.662029 0.0857091 0.222358 54 200 0
0.665103 0.0822014 0.224899 55 199 0
0.668135 0.0786798 0.227467 55 199 0
0.668997 0.0761829 0.228618 55 199 0
0.672341 0.07296 0.230939 55 199 0
0.675299 0.0694257 0.233331 55 199 0
0.678076 0.0658066 0.23582 55 199 0
0.680729 0.0621528 0.238392 55 199 0
0.683701 0.0629774 0.239118 55 199 0
0.688245 0.0631391 0.240567 55 199 0
0.692833 0.0636505 0.241801 55 199 0
0.69745 0.0645617 0.242646 55 199 0
0.702096 0.065492 0.243274 55 199 0
0.706776 0.0662534 0.243873 55 199 0
0.703902 0.0660419 0.243505 55 199 0
0.699284 0.0648482 0.242928 55 199 0
0.694639 0.0638451 0.242199 55 199 0
0.690049 0.062718 0.241324 55 199 0
0.685454 0.061777 0.240289 55 199 0
0.682587 0.0616779 0.239289 55 199 0
0.677429 0.0605456 0.237799 55 199 0
0.67228 0.0595939 0.236138 55 199 0
0.66719 0.0587002 0.234291 55 199 0
0.662202 0.0575089 0.232446 55 199 0
0.661193 0.0499789 0.23515 55 199 0
0.660508 0.0451645 0.236875 55 199 0
0.659611 0.0403995 0.238638 55 199 0
0.658698 0.0356481 0.24043 55 199 0
0.657684 0.0309205 0.24223 55 199 0
0.656767 0.0262014 0.244105 55 199 0
0.655948 0.0215116 0.246095 55 199 0
0.655029 0.0168649 0.24814 55 199 0
0.65392 0.0122067 0.25006 55 199 0
0.652934 0.00755152 0.252051 55 199 0
0.652158 0.00289849 0.254141 55 199 0
0.65081 -0.003038 0.256428 55 199 0
0.649712 -0.00810171 0.257528 55 199 0
0.648859 -0.0132292 0.258576 55 199 0
0.647674 -0.0183759 0.259061 55 199 0
0.646829 -0.023584 0.259601 55 199 0
0.64619 -0.0288237 0.26012 55 199 0
0.645485 -0.0340663 0.260496 55 199 0
0.644779 -0.0392732 0.261003 55 199 0
0.644849 -0.0366478 0.260648 55 199 0
0.646107 -0.0319765 0.26044 55 199 0
0.646995 -0.0272115 0.260178 55 199 0
0.647896 -0.0224473 0.259999 56 198 0
0.648148 -0.0176376 0.259393 56 198 0
0.648558 -0.0128862 0.258499 56 198 0
0.648993 -0.00817722 0.257409 56 198 0
0.649977 -0.000402799 0.254646 56 198 0
0.650612 0.00412096 0.25261 56 198 0
0.651423 0.00867617 0.250712 56 198 0
0.652238 0.0132293 0.24881 56 198 0
0.653046 0.0177552 0.246841 56 198 0
0.653856 0.0222779 0.244865 56 198 0
0.65476 0.0268368 0.243018 56 198 0
0.655562 0.0314097 0.241158 56 198 0
0.656346 0.0359886 0.239305 56 198 0
0.657091 0.0405844 0.237479 56 198 0
0.657753 0.0451878 0.23564 56 198 0
0.658414 0.0498261 0.233894 56 198 0
0.659996 0.0523211 0.233411 56 198 0
0.661923 0.0566423 0.232685 56 198 0
0.663481 0.0610717 0.231683 56 198 0
0.665115 0.0654896 0.230754 56 198 0
0.666643 0.0699351 0.229778 56 198 0
0.668527 0.0742656 0.229041 56 198 0
0.667152 0.076636 0.227668 56 198 0
0.663955 0.0803245 0.225022 56 198 0
0.661039 0.0842782 0.22242 56 198 0
0.658232 0.088369 0.219914 56 198 0
0.655589 0.0926329 0.217521 56 198 0
0.657567 0.0903014 0.218951 56 198 0
0.661223 0.0867765 0.221645 56 198 0
0.664801 0.0832094 0.224389 56 198 0
0.668406 0.0797001 0.227175 56 198 0
0.670316 0.0785967 0.228338 56 198 0
0.672787 0.0745757 0.230585 56 198 0
0.675414 0.070686 0.232888 56 198 0
0.678135 0.0669405 0.235313 56 198 0
0.681093 0.0634918 0.237886 56 198 0
0.684017 0.0639623 0.238772 56 198 0
0.688505 0.0644354 0.240061 56 198 0
0.693009 0.0649072 0.241298 56 198 0
0.697566 0.0652924 0.242358 56 198 0
0.702164 0.0657127 0.243196 56 198 0
0.706776 0.0662534 0.243873 56 198 0
0.703902 0.0660419 0.243505 56 198 0
0.699284 0.0648482 0.242928 56 198 0
0.694639 0.0638451 0.242199 56 198 0
0.690049 0.062718 0.241324 56 198 0
0.685454 0.061777 0.240289 57 197 0
0.682587 0.0616779 0.239289 57 197 0
0.677429 0.0605456 0.237799 57 197 0
0.67228 0.0595939 0.236138 57 197 0
0.66719 0.0587002 0.234291 57 197 0
0.662202 0.0575089 0.232446 57 197 0
0.661193 0.0499789 0.23515 57 197 0
0.660508 0.0451645 0.236875 57 197 0
0.659611 0.0403995 0.238638 57 197 0
0.658698 0.0356481 0.24043 57 197 0
0.657684 0.0309205 0.24223 57 197 0
0.656767 0.0262014 0.244105 57 197 0
0.655948 0.0215116 0.246095 57 197 0
0.655029 0.0168649 0.24814 57 197 0
0.65392 0.0122067 0.25006 57 197 0
0.652934 0.00755152 0.252051 57 197 0
0.652158 0.00289849 0.254141 57 197 0
0.65081 -0.003038 0.256428 57 197 0
0.649712 -0.00810171 0.257528 57 197 0
0.648859 -0.0132292 0.258576 57 197 0
0.647674 -0.0183759 0.259061 57 197 0
0.646829 -0.023584 0.259601 57 197 0
0.64619 -0.0288237 0.26012 57 197 0
0.645485 -0.0340663 0.260496 57 197 0
0.644779 -0.0392732 0.261003 57 197 0
0.644849 -0.0366478 0.260648 57 197 0
0.646107 -0.0319765 0.26044 57 197 0
0.646995 -0.0272115 0.260178 57 197 0
0.647896 -0.0224473 0.259999 57 197 0
0.648148 -0.0176376 0.259393 57 197 0
0.648558 -0.0128862 0.258499 57 197 0
0.648993 -0.00817722 0.257409 57 197 0
0.649977 -0.000402799 0.254646 57 197 0
0.650612 0.00412096 0.25261 57 197 0
0.651423 0.00867617 0.250712 57 197 0
0.652238 0.0132293 0.24881 57 197 0
0.653046 0.0177552 0.246841 57 197 0
0.653856 0.0222779 0.244865 57 197 0
0.65476 0.0268368 0.243018 57 197 0
0.655562 0.0314097 0.241158 57 197 0
0.656346 0.0359886 0.239305 57 197 0
0.657091 0.0405844 0.237479 57 197 0
0.657753 0.0451878 0.23564 57 197 0
0.658414 0.0498261 0.233894 57 197 0
0.659996 0.0523211 0.233411 57 197 0
0.661923 0.0566423 0.232685 58 196 0
0.663481 0.0610717 0.231683 58 196 0
0.665115 0.0654896 0.230754 58 196 0
0.666643 0.0699351 0.229778 58 196 0
0.668527 0.0742656 0.229041 58 196 0
0.667152 0.076636 0.227668 58 196 0
0.663955 0.0803245 0.225022 58 196 0
0.661039 0.0842782 0.22242 58 196 0
0.658232 0.088369 0.219914 58 196 0
0.655589 0.0926329 0.217521 58 196 0
0.65208 0.0965887 0.226008 58 196 0
0.59949 0.103844 0.18226 58 196 0
0.60557 0.0996054 0.175547 58 196 0
0.585588 -0.00270623 0.215216 58 196 0
0.585169 0.00814159 0.210144 58 196 0
0.585074 0.0126493 0.207937 58 196 0
0.584895 0.0170912 0.2056 58 196 0
0.584659 0.0215218 0.203247 58 196 0
0.584559 0.0259859 0.20095 58 196 0
0.584415 0.0304225 0.198602 58 196 0
0.584212 0.0348261 0.196196 58 196 0
0.584038 0.0392206 0.19377 58 196 0
0.583913 0.0436112 0.191335 58 196 0
0.58385 0.0479971 0.188888 58 196 0
0.583837 0.0523223 0.186335 58 196 0
0.583933 0.0566173 0.183734 58 196 0
0.584097 0.0608761 0.181077 58 196 0
0.584301 0.0651683 0.17848 58 196 0
0.584413 0.0694287 0.175827 58 196 0
0.584725 0.0736249 0.173085 58 196 0
0.582268 0.0725274 0.172314 58 196 0
0.577828 0.0712344 0.16893 58 196 0
0.573463 0.0696038 0.165559 58 196 0
0.569214 0.0676447 0.162252 58 196 0
0.567317 0.0684514 0.158494 58 196 0
0.565154 0.0698231 0.154104 58 196 0
0.562999 0.0712997 0.149747 58 196 0
0.560369 0.0723401 0.145523 58 196 0
0.55797 0.0737903 0.141286 58 196 0
0.555536 0.0751578 0.137039 58 196 0
0.556916 0.073968 0.139794 58 196 0
0.559294 0.072572 0.144 58 196 0
0.561854 0.0714574 0.148188 58 196 0
0.564031 0.0699695 0.152473 58 196 0
0.566339 0.0687091 0.156757 58 196 0
0.566968 0.067556 0.159019 58 196 0
0.569543 0.066937 0.163121 59 195 0
0.572191 0.066274 0.167171 59 195 0
0.575059 0.0653829 0.171021 59 195 0
0.578147 0.0644734 0.174689 59 195 0
0.581258 0.0633218 0.178266 59 195 0
0.579461 0.0556016 0.181389 59 195 0
0.578684 0.0512261 0.183157 59 195 0
0.57782 0.0468664 0.184923 59 195 0
0.576905 0.0425032 0.186654 59 195 0
0.576013 0.0381302 0.188373 59 195 0
0.575112 0.0337604 0.190095 59 195 0
0.574197 0.029399 0.191831 59 195 0
0.573252 0.0250464 0.193573 59 195 0
0.572238 0.0206963 0.195282 59 195 0
0.571261 0.0163232 0.196954 59 195 0
0.57026 0.0119549 0.198624 59 195 0
0.569241 0.00761786 0.200363 59 195 0
0.568239 0.00278958 0.202144 59 195 0
0.56741 -0.00174981 0.203577 59 195 0
0.566616 -0.00631913 0.204932 59 195 0
0.565858 -0.0109173 0.206206 59 195 0
0.565155 -0.0155449 0.207404 59 195 0
0.56452 -0.0202038 0.208514 59 195 0
0.56395 -0.024899 0.209499 59 195 0
0.563428 -0.0296244 0.210361 59 195 0
0.562976 -0.0343712 0.211142 59 195 0
0.562547 -0.0391262 0.211881 59 195 0
0.562733 -0.0364547 0.211576 59 195 0
0.563212 -0.0316106 0.210808 59 195 0
0.563716 -0.0267875 0.209934 59 195 0
0.564246 -0.0219876 0.208952 59 195 0
0.56484 -0.0172107 0.207896 59 195 0
0.565516 -0.0124706 0.206731 59 195 0
0.566284 -0.00777993 0.205433 59 195 0
0.567106 -0.00312874 0.204028 59 195 0
0.5688 0.0053591 0.201216 59 195 0
0.569854 0.00988055 0.199416 59 195 0
0.570942 0.0144388 0.197735 59 195 0
0.572121 0.0190046 0.196136 59 195 0
0.573332 0.0235507 0.194504 59 195 0
0.574541 0.0280885 0.192848 59 195 0
0.575731 0.0326436 0.191226 59 195 0
0.576902 0.0372147 0.189636 59 195 0
0.578081 0.0417883 0.188058 59 195 0
0.579268 0.0463494 0.186451 59 195 0
0.580352 0.0509081 0.184769 60 194 0
0.581353 0.0554851 0.183082 60 194 0
0.581364 0.0582231 0.181475 60 194 0
0.581829 0.0622536 0.179273 60 194 0
0.582458 0.066262 0.177068 60 194 0
0.583307 0.0702044 0.174822 60 194 0
0.584204 0.0740853 0.172492 60 194 0
0.585051 0.0778316 0.169928 60 194 0
0.58584 0.0815092 0.167251 60 194 0
0.588183 0.0831052 0.16841 60 194 0
0.591561 0.0859526 0.169431 60 194 0
0.594951 0.0887038 0.170667 60 194 0
0.598203 0.0916356 0.171862 60 194 0
0.601268 0.0946475 0.173311 60 194 0
0.604171 0.0978703 0.174629 60 194 0
0.601758 0.0956489 0.172989 60 194 0
0.598557 0.0933736 0.170841 60 194 0
0.595331 0.0910043 0.168832 60 194 0
0.591942 0.0885488 0.167239 60 194 0
0.588554 0.0860164 0.16577 60 194 0
0.586366 0.0838918 0.165422 60 194 0
0.582967 0.0807876 0.164696 60 194 0
0.579471 0.077843 0.163755 60 194 0
0.575998 0.074864 0.16284 60 194 0
0.572542 0.0719285 0.161738 60 194 0
0.569118 0.068972 0.160592 60 194 0
0.567653 0.069357 0.157984 60 194 0
0.565546 0.0708652 0.153542 60 194 0
0.563111 0.0720468 0.149159 60 194 0
0.560799 0.0736769 0.14485 60 194 0
0.558136 0.0748382 0.140598 60 194 0
0.55579 0.0764224 0.136312 60 194 0
0.557156 0.0749765 0.139356 60 194 0
0.559347 0.0731293 0.143655 60 194 0
0.561693 0.0714862 0.147959 60 194 0
0.563949 0.0699839 0.15236 60 194 0
0.566339 0.0687091 0.156757 60 194 0
0.566968 0.067556 0.159019 60 194 0
0.569543 0.066937 0.163121 60 194 0
0.572191 0.066274 0.167171 60 194 0
0.575059 0.0653829 0.171021 60 194 0
0.578147 0.0644734 0.174689 60 194 0
0.581258 0.0633218 0.178266 60 194 0
0.579461 0.0556016 0.181389 60 194 0
0.578684 0.0512261 0.183157 60 194 0
0.57782 0.0468664 0.184923 60 194 0
0.576905 0.0425032 0.186654 61 193 0
0.576013 0.0381302 0.188373 61 193 0
0.575112 0.0337604 0.190095 61 193 0
0.574197 0.029399 0.191831 61 193 0
0.573252 0.0250464 0.193573 61 193 0
0.572238 0.0206963 0.195282 61 193 0
0.571261 0.0163232 0.196954 61 193 0
0.57026 0.0119549 0.198624 61 193 0
0.569241 0.00761786 0.200363 61 193 0
0.568239 0.00278958 0.202144 61 193 0
0.56741 -0.00174981 0.203577 61 193 0
0.566616 -0.00631913 0.204932 61 193 0
0.565858 -0.0109173 0.206206 61 193 0
0.565155 -0.0155449 0.207404 61 193 0
0.56452 -0.0202038 0.208514 61 193 0
0.56395 -0.024899 0.209499 61 193 0
0.563428 -0.0296244 0.210361 61 193 0
0.562976 -0.0343712 0.211142 61 193 0
0.562547 -0.0391262 0.211881 61 193 0
0.562733 -0.0364547 0.211576 61 193 0
0.563212 -0.0316106 0.210808 61 193 0
0.563716 -0.0267875 0.209934 61 193 0
0.564246 -0.0219876 0.208952 61 193 0
0.56484 -0.0172107 0.207896 61 193 0
0.565516 -0.0124706 0.206731 61 193 0
0.566284 -0.00777993 0.205433 61 193 0
0.567106 -0.00312874 0.204028 61 193 0
0.5688 0.0053591 0.201216 61 193 0
0.569854 0.00988055 0.199416 61 193 0
0.570942 0.0144388 0.197735 61 193 0
0.572121 0.0190046 0.196136 61 193 0
0.573332 0.0235507 0.194504 61 193 0
0.574541 0.0280885 0.192848 61 193 0
0.575731 0.0326436 0.191226 61 193 0
0.576902 0.0372147 0.189636 61 193 0
0.578081 0.0417883 0.188058 61 193 0
0.579268 0.0463494 0.186451 61 193 0
0.580352 0.0509081 0.184769 61 193 0
0.581353 0.0554851 0.183082 61 193 0
0.581364 0.0582231 0.181475 61 193 0
0.581829 0.0622536 0.179273 61 193 0
0.582458 0.066262 0.177068 61 193 0
0.583307 0.0702044 0.174822 61 193 0
0.584204 0.0740853 0.172492 61 193 0
0.585051 0.0778316 0.169928 61 193 0
0.58584 0.0815092 0.167251 62 192 0
0.588183 0.0831052 0.16841 62 192 0
0.591561 0.0859526 0.169431 62 192 0
0.594951 0.0887038 0.170667 62 192 0
0.598203 0.0916356 0.171862 62 192 0
0.601268 0.0946475 0.173311 62 192 0
0.604171 0.0978703 0.174629 62 192 0
0.597936 0.101889 0.181336 62 192 0
0.649893 0.0984774 0.22463 62 192 0
0.65357 0.0945753 0.216189 62 192 0
0.655589 0.0926329 0.217521 62 192 0
0.658858 0.0891843 0.219897 62 192 0
0.662029 0.0857091 0.222358 62 192 0
0.665103 0.0822014 0.224899 62 192 0
0.668135 0.0786798 0.227467 62 192 0
0.668997 0.0761829 0.228618 62 192 0
0.672341 0.07296 0.230939 62 192 0
0.675299 0.0694257 0.233331 62 192 0
0.678076 0.0658066 0.23582 62 192 0
0.680729 0.0621528 0.238392 62 192 0
0.683701 0.0629774 0.239118 62 192 0
0.688245 0.0631391 0.240567 62 192 0
0.692833 0.0636505 0.241801 62 192 0
0.69745 0.0645617 0.242646 62 192 0
0.702096 0.065492 0.243274 62 192 0
0.706776 0.0662534 0.243873 62 192 0
0.703902 0.0660419 0.243505 62 192 0
0.699284 0.0648482 0.242928 62 192 0
0.694639 0.0638451 0.242199 62 192 0
0.690049 0.062718 0.241324 62 192 0
0.685454 0.061777 0.240289 62 192 0
0.682587 0.0616779 0.239289 62 192 0
0.677429 0.0605456 0.237799 62 192 0
0.67228 0.0595939 0.236138 62 192 0
0.66719 0.0587002 0.234291 62 192 0
0.662202 0.0575089 0.232446 62 192 0
0.661193 0.0499789 0.23515 62 192 0
0.660508 0.0451645 0.236875 62 192 0
0.659611 0.0403995 0.238638 62 192 0
0.658698 0.0356481 0.24043 62 192 0
0.657684 0.0309205 0.24223 62 192 0
0.656767 0.0262014 0.244105 62 192 0
0.655948 0.0215116 0.246095 62 192 0
0.655029 0.0168649 0.24814 62 192 0
0.65392 0.0122067 0.25006 62 192 0
0.652934 0.00755152 0.252051 63 191 0
0.652158 0.00289849 0.254141 63 191 0
0.65081 -0.003038 0.256428 63 191 0
0.649712 -0.00810171 0.257528 63 191 0
0.648859 -0.0132292 0.258576 63 191 0
0.647674 -0.0183759 0.259061 63 191 0
0.646829 -0.023584 0.259601 63 191 0
0.64619 -0.0288237 0.26012 63 191 0
0.645485 -0.0340663 0.260496 63 191 0
0.644779 -0.0392732 0.261003 63 191 0
0.644849 -0.0366478 0.260648 63 191 0
0.646107 -0.0319765 0.26044 63 191 0
0.646995 -0.0272115 0.260178 63 191 0
0.647896 -0.0224473 0.259999 63 191 0
0.648148 -0.0176376 0.259393 63 191 0
0.648558 -0.0128862 0.258499 63 191 0
0.648993 -0.00817722 0.257409 63 191 0
0.649977 -0.000402799 0.254646 63 191 0
0.650612 0.00412096 0.25261 63 191 0
0.651423 0.00867617 0.250712 63 191 0
0.652238 0.0132293 0.24881 63 191 0
0.653046 0.0177552 0.246841 63 191 0
0.653856 0.0222779 0.244865 63 191 0
0.65476 0.0268368 0.243018 63 191 0
0.655562 0.0314097 0.241158 63 191 0
0.656346 0.0359886 0.239305 63 191 0
0.657091 0.0405844 0.237479 63 191 0
0.657753 0.0451878 0.23564 63 191 0
0.658414 0.0498261 0.233894 63 191 0
0.659996 0.0523211 0.233411 63 191 0
0.661923 0.0566423 0.232685 63 191 0
0.663481 0.0610717 0.231683 63 191 0
0.665115 0.0654896 0.230754 63 191 0
0.666643 0.0699351 0.229778 63 191 0
0.668527 0.0742656 0.229041 63 191 0
0.667152 0.076636 0.227668 63 191 0
0.663955 0.0803245 0.225022 63 191 0
0.661039 0.0842782 0.22242 63 191 0
0.658232 0.088369 0.219914 63 191 0
0.655589 0.0926329 0.217521 63 191 0
0.657567 0.0903014 0.218951 63 191 0
0.661223 0.0867765 0.221645 63 191 0
0.664801 0.0832094 0.224389 63 191 0
0.668406 0.0797001 0.227175 63 191 0
0.670316 0.0785967 0.228338 63 191 0
0.672787 0.0745757 0.230585 63 191 0
0.675414 0.070686 0.232888 64 190 0
0.678135 0.0669405 0.235313 64 190 0
0.681093 0.0634918 0.237886 64 190 0
0.684017 0.0639623 0.238772 64 190 0
0.688505 0.0644354 0.240061 64 190 0
0.693009 0.0649072 0.241298 64 190 0
0.697566 0.0652924 0.242358 64 190 0
0.702164 0.0657127 0.243196 64 190 0
0.706776 0.0662534 0.243873 64 190 0
0.703902 0.0660419 0.243505 64 190 0
0.699284 0.0648482 0.242928 64 190 0
0.694639 0.0638451 0.242199 64 190 0
0.690049 0.062718 0.241324 64 190 0
0.685454 0.061777 0.240289 64 190 0
0.682587 0.0616779 0.239289 64 190 0
0.677429 0.0605456 0.237799 64 190 0
0.67228 0.0595939 0.236138 64 190 0
0.66719 0.0587002 0.234291 64 190 0
0.662202 0.0575089 0.232446 64 190 0
0.661193 0.0499789 0.23515 64 190 0
0.660508 0.0451645 0.236875 64 190 0
0.659611 0.0403995 0.238638 64 190 0
0.658698 0.0356481 0.24043 64 190 0
0.657684 0.0309205 0.24223 64 190 0
0.656767 0.0262014 0.244105 64 190 0
0.655948 0.0215116 0.246095 64 190 0
0.655029 0.0168649 0.24814 64 190 0
0.65392 0.0122067 0.25006 64 190 0
0.652934 0.00755152 0.252051 64 190 0
0.652158 0.00289849 0.254141 64 190 0
0.65081 -0.003038 0.256428 64 190 0
0.649712 -0.00810171 0.257528 64 190 0
0.648859 -0.0132292 0.258576 64 190 0
0.647674 -0.0183759 0.259061 64 190 0
0.646829 -0.023584 0.259601 64 190 0
0.64619 -0.0288237 0.26012 64 190 0
0.645485 -0.0340663 0.260496 64 190 0
0.644779 -0.0392732 0.261003 64 190 0
0.644849 -0.0366478 0.260648 64 190 0
0.646107 -0.0319765 0.26044 64 190 0
0.646995 -0.0272115 0.260178 64 190 0
0.647896 -0.0224473 0.259999 64 190 0
0.648148 -0.0176376 0.259393 64 190 0
0.648558 -0.0128862 0.258499 64 190 0
0.648993 -0.00817722 0.257409 64 190 0
0.649977 -0.000402799 0.254646 65 189 0
0.650612 0.00412096 0.25261 65 189 0
0.651423 0.00867617 0.250712 65 189 0
0.652238 0.0132293 0.24881 65 189 0
0.653046 0.0177552 0.246841 65 189 0
0.653856 0.0222779 0.244865 65 189 0
0.65476 0.0268368 0.243018 65 189 0
0.655562 0.0314097 0.241158 65 189 0
0.656346 0.0359886 0.239305 65 189 0
0.657091 0.0405844 0.237479 65 189 0
0.657753 0.0451878 0.23564 65 189 0
0.658414 0.0498261 0.233894 65 189 0
0.659996 0.0523211 0.233411 65 189 0
0.661923 0.0566423 0.232685 65 189 0
0.663481 0.0610717 0.231683 65 189 0
0.665115 0.0654896 0.230754 65 189 0
0.666643 0.0699351 0.229778 65 189 0
0.668527 0.0742656 0.229041 65 189 0
0.667152 0.076636 0.227668 65 189 0
0.663955 0.0803245 0.225022 65 189 0
0.661039 0.0842782 0.22242 65 189 0
0.658232 0.088369 0.219914 65 189 0
0.655589 0.0926329 0.217521 65 189 0
0.65208 0.0965887 0.226008 65 189 0
0.59949 0.103844 0.18226 65 189 0
0.60557 0.0996054 0.175547 65 189 0
0.585588 -0.00270623 0.215216 65 189 0
0.585169 0.00814159 0.210144 65 189 0
0.585074 0.0126493 0.207937 65 189 0
0.584895 0.0170912 0.2056 65 189 0
0.584659 0.0215218 0.203247 65 189 0
0.584559 0.0259859 0.20095 65 189 0
0.584415 0.0304225 0.198602 65 189 0
0.584212 0.0348261 0.196196 65 189 0
0.584038 0.0392206 0.19377 65 189 0
0.583913 0.0436112 0.191335 65 189 0
0.58385 0.0479971 0.188888 65 189 0
0.583837 0.0523223 0.186335 65 189 0
0.583933 0.0566173 0.183734 65 189 0
0.584097 0.0608761 0.181077 65 189 0
0.584301 0.0651683 0.17848 65 189 0
0.584413 0.0694287 0.175827 65 189 0
0.584725 0.0736249 0.173085 65 189 0
0.582268 0.0725274 0.172314 65 189 0
0.577828 0.0712344 0.16893 65 189 0
0.573463 0.0696038 0.165559 65 189 0
0.569214 0.0676447 0.162252 66 188 0
0.567317 0.0684514 0.158494 66 188 0
0.565154 0.0698231 0.154104 66 188 0
0.562999 0.0712997 0.149747 66 188 0
0.560369 0.0723401 0.145523 66 188 0
0.55797 0.0737903 0.141286 66 188 0
0.555536 0.0751578 0.137039 66 188 0
0.556916 0.073968 0.139794 66 188 0
0.559294 0.072572 0.144 66 188 0
0.561854 0.0714574 0.148188 66 188 0
0.564031 0.0699695 0.152473 66 188 0
0.566339 0.0687091 0.156757 66 188 0
0.566968 0.067556 0.159019 66 188 0
0.569543 0.066937 0.163121 66 188 0
0.572191 0.066274 0.167171 66 188 0
0.575059 0.0653829 0.171021 66 188 0
0.578147 0.0644734 0.174689 66 188 0
0.581258 0.0633218 0.178266 66 188 0
0.579461 0.0556016 0.181389 66 188 0
0.578684 0.0512261 0.183157 66 188 0
0.57782 0.0468664 0.184923 66 188 0
0.576905 0.0425032 0.186654 66 188 0
0.576013 0.0381302 0.188373 66 188 0
0.575112 0.0337604 0.190095 66 188 0
0.574197 0.029399 0.191831 66 188 0
0.573252 0.0250464 0.193573 66 188 0
0.572238 0.0206963 0.195282 66 188 0
0.571261 0.0163232 0.196954 66 188 0
0.57026 0.0119549 0.198624 66 188 0
0.569241 0.00761786 0.200363 66 188 0
0.568239 0.00278958 0.202144 66 188 0
0.56741 -0.00174981 0.203577 66 188 0
0.566616 -0.00631913 0.204932 66 188 0
0.565858 -0.0109173 0.206206 66 188 0
0.565155 -0.0155449 0.207404 66 188 0
0.56452 -0.0202038 0.208514 66 188 0
0.56395 -0.024899 0.209499 66 188 0
0.563428 -0.0296244 0.210361 66 188 0
0.562976 -0.0343712 0.211142 66 188 0
0.562547 -0.0391262 0.211881 66 188 0
0.562733 -0.0364547 0.211576 66 188 0
0.563212 -0.0316106 0.210808 66 188 0
0.563716 -0.0267875 0.209934 66 188 0
0.564246 -0.0219876 0.208952 66 188 0
0.56484 -0.0172107 0.207896 66 188 0
0.565516 -0.0124706 0.206731 67 187 0
0.566284 -0.00777993 0.205433 67 187 0
0.567106 -0.00312874 0.204028 67 187 0
0.5688 0.0053591 0.201216 67 187 0
0.569854 0.00988055 0.199416 67 187 0
0.570942 0.0144388 0.197735 67 187 0
0.572121 0.0190046 0.196136 67 187 0
0.573332 0.0235507 0.194504 67 187 0
0.574541 0.0280885 0.192848 67 187 0
0.575731 0.0326436 0.191226 67 187 0
0.576902 0.0372147 0.189636 67 187 0
0.578081 0.0417883 0.188058 67 187 0
0.579268 0.0463494 0.186451 67 187 0
0.580352 0.0509081 0.184769 67 187 0
0.581353 0.0554851 0.183082 67 187 0
0.581364 0.0582231 0.181475 67 187 0
0.581829 0.0622536 0.179273 67 187 0
0.582458 0.066262 0.177068 67 187 0
0.583307 0.0702044 0.174822 67 187 0
0.584204 0.0740853 0.172492 67 187 0
0.585051 0.0778316 0.169928 67 187 0
0.58584 0.0815092 0.167251 67 187 0
0.588183 0.0831052 0.16841 67 187 0
0.591561 0.0859526 0.169431 67 187 0
0.594951 0.0887038 0.170667 67 187 0
0.598203 0.0916356 0.171862 67 187 0
0.601268 0.0946475 0.173311 67 187 0
0.604171 0.0978703 0.174629 67 187 0
0.601758 0.0956489 0.172989 67 187 0
0.598557 0.0933736 0.170841 67 187 0
0.595331 0.0910043 0.168832 67 187 0
0.591942 0.0885488 0.167239 67 187 0
0.588554 0.0860164 0.16577 67 187 0
0.586366 0.0838918 0.165422 67 187 0
0.582967 0.0807876 0.164696 67 187 0
0.579471 0.077843 0.163755 67 187 0
0.575998 0.074864 0.16284 67 187 0
0.572542 0.0719285 0.161738 67 187 0
0.569118 0.068972 0.160592 67 187 0
0.567653 0.069357 0.157984 67 187 0
0.565546 0.0708652 0.153542 67 187 0
0.563111 0.0720468 0.149159 67 187 0
0.560799 0.0736769 0.14485 67 187 0
0.558136 0.0748382 0.140598 67 187 0
0.55579 0.0764224 0.136312 67 187 0
0.557156 0.0749765 0.139356 67 187 0
0.559347 0.0731293 0.143655 68 186 0
0.561693 0.0714862 0.147959 68 186 0
0.563949 0.0699839 0.15236 68 186 0
0.566339 0.0687091 0.156757 68 186 0
0.566968 0.067556 0.159019 68 186 0
0.569543 0.066937 0.163121 68 186 0
0.572191 0.066274 0.167171 68 186 0
0.575059 0.0653829 0.171021 68 186 0
0.578147 0.0644734 0.174689 68 186 0
0.581258 0.0633218 0.178266 68 186 0
0.579461 0.0556016 0.181389 68 186 0
0.578684 0.0512261 0.183157 68 186 0
0.57782 0.0468664 0.184923 68 186 0
0.576905 0.0425032 0.186654 68 186 0
0.576013 0.0381302 0.188373 68 186 0
0.575112 0.0337604 0.190095 68 186 0
0.574197 0.029399 0.191831 68 186 0
0.573252 0.0250464 0.193573 68 186 0
0.572238 0.0206963 0.195282 68 186 0
0.571261 0.0163232 0.196954 68 186 0
0.57026 0.0119549 0.198624 68 186 0
0.569241 0.00761786 0.200363 68 186 0
0.568239 0.00278958 0.202144 68 186 0
0.56741 -0.00174981 0.203577 68 186 0
0.566616 -0.00631913 0.204932 68 186 0
0.565858 -0.0109173 0.206206 68 186 0
0.565155 -0.0155449 0.207404 68 186 0
0.56452 -0.0202038 0.208514 68 186 0
0.56395 -0.024899 0.209499 68 186 0
0.563428 -0.0296244 0.210361 68 186 0
0.562976 -0.0343712 0.211142 68 186 0
0.562547 -0.0391262 0.211881 68 186 0
0.562733 -0.0364547 0.211576 68 186 0
0.563212 -0.0316106 0.210808 68 186 0
0.563716 -0.0267875 0.209934 68 186 0
0.564246 -0.0219876 0.208952 68 186 0
0.56484 -0.0172107 0.207896 68 186 0
0.565516 -0.0124706 0.206731 68 186 0
0.566284 -0.00777993 0.205433 68 186 0
0.567106 -0.00312874 0.204028 68 186 0
0.5688 0.0053591 0.201216 68 186 0
0.569854 0.00988055 0.199416 68 186 0
0.570942 0.0144388 0.197735 68 186 0
0.572121 0.0190046 0.196136 68 186 0
0.573332 0.0235507 0.194504 68 186 0
0.574541 0.0280885 0.192848 69 185 0
0.575731 0.0326436 0.191226 69 185 0
0.576902 0.0372147 0.189636 69 185 0
0.578081 0.0417883 0.188058 69 185 0
0.579268 0.0463494 0.186451 69 185 0
0.580352 0.0509081 0.184769 69 185 0
0.581353 0.0554851 0.183082 69 185 0
0.581364 0.0582231 0.181475 69 185 0
0.581829 0.0622536 0.179273 69 185 0
0.582458 0.066262 0.177068 69 185 0
0.583307 0.0702044 0.174822 69 185 0
0.584204 0.0740853 0.172492 69 185 0
0.585051 0.0778316 0.169928 69 185 0
0.58584 0.0815092 0.167251 69 185 0
0.588183 0.0831052 0.16841 69 185 0
0.591561 0.0859526 0.169431 69 185 0
0.594951 0.0887038 0.170667 69 185 0
0.598203 0.0916356 0.171862 69 185 0
0.601268 0.0946475 0.173311 69 185 0
0.604171 0.0978703 0.174629 69 185 0
0.597936 0.101889 0.181336 69 185 0
0.649893 0.0984774 0.22463 69 185 0
0.65357 0.0945753 0.216189 69 185 0
0.655589 0.0926329 0.217521 69 185 0
0.658858 0.0891843 0.219897 69 185 0
0.662029 0.0857091 0.222358 69 185 0
0.665103 0.0822014 0.224899 69 185 0
0.668135 0.0786798 0.227467 69 185 0
0.668997 0.0761829 0.228618 69 185 0
0.672341 0.07296 0.230939 69 185 0
0.675299 0.0694257 0.233331 69 185 0
0.678076 0.0658066 0.23582 69 185 0
0.680729 0.0621528 0.238392 69 185 0
0.683701 0.0629774 0.239118 69 185 0
0.688245 0.0631391 0.240567 69 185 0
0.692833 0.0636505 0.241801 69 185 0
0.69745 0.0645617 0.242646 69 185 0
0.702096 0.065492 0.243274 69 185 0
0.706776 0.0662534 0.243873 69 185 0
0.703902 0.0660419 0.243505 69 185 0
0.699284 0.0648482 0.242928 69 185 0
0.694639 0.0638451 0.242199 69 185 0
0.690049 0.062718 0.241324 69 185 0
0.685454 0.061777 0.240289 69 185 0
0.682587 0.0616779 0.239289 69 185 0
0.677429 0.0605456 0.237799 70 184 0
0.67228 0.0595939 0.236138 70 184 0
0.66719 0.0587002 0.234291 70 184 0
0.662202 0.0575089 0.232446 70 184 0
0.661193 0.0499789 0.23515 70 184 0
0.660508 0.0451645 0.236875 70 184 0
0.659611 0.0403995 0.238638 70 184 0
0.658698 0.0356481 0.24043 70 184 0
0.657684 0.0309205 0.24223 70 184 0
0.656767 0.0262014 0.244105 70 184 0
0.655948 0.0215116 0.246095 70 184 0
0.655029 0.0168649 0.24814 70 184 0
0.65392 0.0122067 0.25006 70 184 0
0.652934 0.00755152 0.252051 70 184 0
0.652158 0.00289849 0.254141 70 184 0
0.65081 -0.003038 0.256428 70 184 0
0.649712 -0.00810171 0.257528 70 184 0
0.648859 -0.0132292 0.258576 70 184 0
0.647674 -0.0183759 0.259061 70 184 0
0.646829 -0.023584 0.259601 70 184 0
0.64619 -0.0288237 0.26012 70 184 0
0.645485 -0.0340663 0.260496 70 184 0
0.644779 -0.0392732 0.261003 70 184 0
0.644849 -0.0366478 0.260648 70 184 0
0.646107 -0.0319765 0.26044 70 184 0
0.646995 -0.0272115 0.260178 70 184 0
0.647896 -0.0224473 0.259999 70 184 0
0.648148 -0.0176376 0.259393 70 184 0
0.648558 -0.0128862 0.258499 70 184 0
0.648993 -0.00817722 0.257409 70 184 0
0.649977 -0.000402799 0.254646 70 184 0
0.650612 0.00412096 0.25261 70 184 0
0.651423 0.00867617 0.250712 70 184 0
0.652238 0.0132293 0.24881 70 184 0
0.653046 0.0177552 0.246841 70 184 0
0.653856 0.0222779 0.244865 70 184 0
0.65476 0.0268368 0.243018 70 184 0
0.655562 0.0314097 0.241158 70 184 0
0.656346 0.0359886 0.239305 70 184 0
0.657091 0.0405844 0.237479 70 184 0
0.657753 0.0451878 0.23564 70 184 0
0.658414 0.0498261 0.233894 70 184 0
0.659996 0.0523211 0.233411 70 184 0
0.661923 0.0566423 0.232685 70 184 0
0.663481 0.0610717 0.231683 70 184 0
0.665115 0.0654896 0.230754 70 184 0
0.666643 0.0699351 0.229778 71 183 0
0.668527 0.0742656 0.229041 71 183 0
0.667152 0.076636 0.227668 71 183 0
0.663955 0.0803245 0.225022 71 183 0
0.661039 0.0842782 0.22242 71 183 0
0.658232 0.088369 0.219914 71 183 0
0.655589 0.0926329 0.217521 71 183 0
0.657567 0.0903014 0.218951 71 183 0
0.661223 0.0867765 0.221645 71 183 0
0.664801 0.0832094 0.224389 71 183 0
0.668406 0.0797001 0.227175 71 183 0
0.670316 0.0785967 0.228338 71 183 0
0.672787 0.0745757 0.230585 71 183 0
0.675414 0.070686 0.232888 71 183 0
0.678135 0.0669405 0.235313 71 183 0
0.681093 0.0634918 0.237886 71 183 0
0.684017 0.0639623 0.238772 71 183 0
0.688505 0.0644354 0.240061 71 183 0
0.693009 0.0649072 0.241298 71 183 0
0.697566 0.0652924 0.242358 71 183 0
0.702164 0.0657127 0.243196 71 183 0
0.706776 0.0662534 0.243873 71 183 0
0.703902 0.0660419 0.243505 71 183 0
0.699284 0.0648482 0.242928 71 183 0
0.694639 0.0638451 0.242199 71 183 0
0.690049 0.062718 0.241324 71 183 0
0.685454 0.061777 0.240289 71 183 0
0.682587 0.0616779 0.239289 71 183 0
0.677429 0.0605456 0.237799 71 183 0
0.67228 0.0595939 0.236138 71 183 0
0.66719 0.0587002 0.234291 71 183 0
0.662202 0.0575089 0.232446 71 183 0
0.661193 0.0499789 0.23515 71 183 0
0.660508 0.0451645 0.236875 71 183 0
0.659611 0.0403995 0.238638 71 183 0
0.658698 0.0356481 0.24043 71 183 0
0.657684 0.0309205 0.24223 71 183 0
0.656767 0.0262014 0.244105 71 183 0
0.655948 0.0215116 0.246095 71 183 0
0.655029 0.0168649 0.24814 71 183 0
0.65392 0.0122067 0.25006 71 183 0
0.652934 0.00755152 0.252051 71 183 0
0.652158 0.00289849 0.254141 71 183 0
0.65081 -0.003038 0.256428 71 183 0
0.649712 -0.00810171 0.257528 71 183 0
0.648859 -0.0132292 0.258576 72 182 0
0.647674 -0.0183759 0.259061 72 182 0
0.646829 -0.023584 0.259601 72 182 0
0.64619 -0.0288237 0.26012 72 182 0
0.645485 -0.0340663 0.260496 72 182 0
0.644779 -0.0392732 0.261003 72 182 0
0.644849 -0.0366478 0.260648 72 182 0
0.646107 -0.0319765 0.26044 72 182 0
0.646995 -0.0272115 0.260178 72 182 0
0.647896 -0.0224473 0.259999 72 182 0
0.648148 -0.0176376 0.259393 72 182 0
0.648558 -0.0128862 0.258499 72 182 0
0.648993 -0.00817722 0.257409 72 182 0
0.649977 -0.000402799 0.254646 72 182 0
0.650612 0.00412096 0.25261 72 182 0
0.651423 0.00867617 0.250712 72 182 0
0.652238 0.0132293 0.24881 72 182 0
0.653046 0.0177552 0.246841 72 182 0
0.653856 0.0222779 0.244865 72 182 0
0.65476 0.0268368 0.243018 72 182 0
0.655562 0.0314097 0.241158 72 182 0
0.656346 0.0359886 0.239305 72 182 0
0.657091 0.0405844 0.237479 72 182 0
0.657753 0.0451878 0.23564 72 182 0
0.658414 0.0498261 0.233894 72 182 0
0.659996 0.0523211 0.233411 72 182 0
0.661923 0.0566423 0.232685 72 182 0
0.663481 0.0610717 0.231683 72 182 0
0.665115 0.0654896 0.230754 72 182 0
0.666643 0.0699351 0.229778 72 182 0
0.668527 0.0742656 0.229041 72 182 0
0.667152 0.076636 0.227668 72 182 0
0.663955 0.0803245 0.225022 72 182 0
0.661039 0.0842782 0.22242 72 182 0
0.658232 0.088369 0.219914 72 182 0
0.655589 0.0926329 0.217521 72 182 0
0.65208 0.0965887 0.226008 72 182 0
0.59949 0.103844 0.18226 72 182 0
0.60557 0.0996054 0.175547 72 182 0
0.585588 -0.00270623 0.215216 72 182 0
0.585169 0.00814159 0.210144 72 182 0
0.585074 0.0126493 0.207937 72 182 0
0.584895 0.0170912 0.2056 72 182 0
0.584659 0.0215218 0.203247 72 182 0
0.584559 0.0259859 0.20095 72 182 0
0.584415 0.0304225 0.198602 72 182 0
0.584212 0.0348261 0.196196 73 181 0
0.584038 0.0392206 0.19377 73 181 0
0.583913 0.0436112 0.191335 73 181 0
0.58385 0.0479971 0.188888 73 181 0
0.583837 0.0523223 0.186335 73 181 0
0.583933 0.0566173 0.183734 73 181 0
0.584097 0.0608761 0.181077 73 181 0
0.584301 0.0651683 0.17848 73 181 0
0.584413 0.0694287 0.175827 73 181 0
0.584725 0.0736249 0.173085 73 181 0
0.582268 0.0725274 0.172314 73 181 0
0.577828 0.0712344 0.16893 73 181 0
0.573463 0.0696038 0.165559 73 181 0
0.569214 0.0676447 0.162252 73 181 0
0.567317 0.0684514 0.158494 73 181 0
0.565154 0.0698231 0.154104 73 181 0
0.562999 0.0712997 0.149747 73 181 0
0.560369 0.0723401 0.145523 73 181 0
0.55797 0.0737903 0.141286 73 181 0
0.555536 0.0751578 0.137039 73 181 0
0.556916 0.073968 0.139794 73 181 0
0.559294 0.072572 0.144 73 181 0
0.561854 0.0714574 0.148188 73 181 0
0.564031 0.0699695 0.152473 73 181 0
0.566339 0.0687091 0.156757 73 181 0
0.566968 0.067556 0.159019 73 181 0
0.569543 0.066937 0.163121 73 181 0
0.572191 0.066274 0.167171 73 181 0
0.575059 0.0653829 0.171021 73 181 0
0.578147 0.0644734 0.174689 73 181 0
0.581258 0.0633218 0.178266 73 181 0
0.579461 0.0556016 0.181389 73 181 0
0.578684 0.0512261 0.183157 73 181 0
0.57782 0.0468664 0.184923 73 181 0
0.576905 0.0425032 0.186654 73 181 0
0.576013 0.0381302 0.188373 73 181 0
0.575112 0.0337604 0.190095 73 181 0
0.574197 0.029399 0.191831 73 181 0
0.573252 0.0250464 0.193573 73 181 0
0.572238 0.0206963 0.195282 73 181 0
0.571261 0.0163232 0.196954 73 181 0
0.57026 0.0119549 0.198624 73 181 0
0.569241 0.00761786 0.200363 73 181 0
0.568239 0.00278958 0.202144 73 181 0
0.56741 -0.00174981 0.203577 73 181 0
0.566616 -0.00631913 0.204932 74 180 0
0.565858 -0.0109173 0.206206 74 180 0
0.565155 -0.0155449 0.207404 74 180 0
0.56452 -0.0202038 0.208514 74 180 0
0.56395 -0.024899 0.209499 74 180 0
0.563428 -0.0296244 0.210361 74 180 0
0.562976 -0.0343712 0.211142 74 180 0
0.562547 -0.0391262 0.211881 74 180 0
0.562733 -0.0364547 0.211576 74 180 0
0.563212 -0.0316106 0.210808 74 180 0
0.563716 -0.0267875 0.209934 74 180 0
0.564246 -0.0219876 0.208952 74 180 0
0.56484 -0.0172107 0.207896 74 180 0
0.565516 -0.0124706 0.206731 74 180 0
0.566284 -0.00777993 0.205433 74 180 0
0.567106 -0.00312874 0.204028 74 180 0
0.5688 0.0053591 0.201216 74 180 0
0.569854 0.00988055 0.199416 74 180 0
0.570942 0.0144388 0.197735 74 180 0
0.572121 0.0190046 0.196136 74 180 0
0.573332 0.0235507 0.194504 74 180 0
0.574541 0.0280885 0.192848 74 180 0
0.575731 0.0326436 0.191226 74 180 0
0.576902 0.0372147 0.189636 74 180 0
0.578081 0.0417883 0.188058 74 180 0
0.579268 0.0463494 0.186451 74 180 0
0.580352 0.0509081 0.184769 74 180 0
0.581353 0.0554851 0.183082 74 180 0
0.581364 0.0582231 0.181475 74 180 0
0.581829 0.0622536 0.179273 74 180 0
0.582458 0.066262 0.177068 74 180 0
0.583307 0.0702044 0.174822 74 180 0
0.584204 0.0740853 0.172492 74 180 0
0.585051 0.0778316 0.169928 74 180 0
0.58584 0.0815092 0.167251 74 180 0
0.588183 0.0831052 0.16841 74 180 0
0.591561 0.0859526 0.169431 74 180 0
0.594951 0.0887038 0.170667 74 180 0
0.598203 0.0916356 0.171862 74 180 0
0.601268 0.0946475 0.173311 74 180 0
0.604171 0.0978703 0.174629 74 180 0
0.601758 0.0956489 0.172989 74 180 0
0.598557 0.0933736 0.170841 74 180 0
0.595331 0.0910043 0.168832 74 180 0
0.591942 0.0885488 0.167239 74 180 0
0.588554 0.0860164 0.16577 74 180 0
0.586366 0.0838918 0.165422 75 179 0
0.582967 0.0807876 0.164696 75 179 0
0.579471 0.077843 0.163755 75 179 0
0.575998 0.074864 0.16284 75 179 0
0.572542 0.0719285 0.161738 75 179 0
0.569118 0.068972 0.160592 75 179 0
0.567653 0.069357 0.157984 75 179 0
0.565546 0.0708652 0.153542 75 179 0
0.563111 0.0720468 0.149159 75 179 0
0.560799 0.0736769 0.14485 75 179 0
0.558136 0.0748382 0.140598 75 179 0
0.55579 0.0764224 0.136312 75 179 0
0.557156 0.0749765 0.139356 75 179 0
0.559347 0.0731293 0.143655 75 179 0
0.561693 0.0714862 0.147959 75 179 0
0.563949 0.0699839 0.15236 75 179 0
0.566339 0.0687091 0.156757 75 179 0
0.566968 0.067556 0.159019 75 179 0
0.569543 0.066937 0.163121 75 179 0
0.572191 0.066274 0.167171 75 179 0
0.575059 0.0653829 0.171021 75 179 0
0.578147 0.0644734 0.174689 75 179 0
0.581258 0.0633218 0.178266 75 179 0
0.579461 0.0556016 0.181389 75 179 0
0.578684 0.0512261 0.183157 75 179 0
0.57782 0.0468664 0.184923 75 179 0
0.576905 0.0425032 0.186654 75 179 0
0.576013 0.0381302 0.188373 75 179 0
0.575112 0.0337604 0.190095 75 179 0
0.574197 0.029399 0.191831 75 179 0
0.573252 0.0250464 0.193573 75 179 0
0.572238 0.0206963 0.195282 75 179 0
0.571261 0.0163232 0.196954 75 179 0
0.57026 0.0119549 0.198624 75 179 0
0.569241 0.00761786 0.200363 75 179 0
0.568239 0.00278958 0.202144 75 179 0
0.56741 -0.00174981 0.203577 75 179 0
0.566616 -0.00631913 0.204932 75 179 0
0.565858 -0.0109173 0.206206 75 179 0
0.565155 -0.0155449 0.207404 75 179 0
0.56452 -0.0202038 0.208514 75 179 0
0.56395 -0.024899 0.209499 75 179 0
0.563428 -0.0296244 0.210361 75 179 0
0.562976 -0.0343712 0.211142 75 179 0
0.562547 -0.0391262 0.211881 75 179 0
0.562733 -0.0364547 0.211576 76 178 0
0.563212 -0.0316106 0.210808 76 178 0
0.563716 -0.0267875 0.209934 76 178 0
0.564246 -0.0219876 0.208952 76 178 0
0.56484 -0.0172107 0.207896 76 178 0
0.565516 -0.0124706 0.206731 76 178 0
0.566284 -0.00777993 0.205433 76 178 0
0.567106 -0.00312874 0.204028 76 178 0
0.5688 0.0053591 0.201216 76 178 0
0.569854 0.00988055 0.199416 76 178 0
0.570942 0.0144388 0.197735 76 178 0
0.572121 0.0190046 0.196136 76 178 0
0.573332 0.0235507 0.194504 76 178 0
0.574541 0.0280885 0.192848 76 178 0
0.575731 0.0326436 0.191226 76 178 0
0.576902 0.0372147 0.189636 76 178 0
0.578081 0.0417883 0.188058 76 178 0
0.579268 0.0463494 0.186451 76 178 0
0.580352 0.0509081 0.184769 76 178 0
0.581353 0.0554851 0.183082 76 178 0
0.581364 0.0582231 0.181475 76 178 0
0.581829 0.0622536 0.179273 76 178 0
0.582458 0.066262 0.177068 76 178 0
0.583307 0.0702044 0.174822 76 178 0
0.584204 0.0740853 0.172492 76 178 0
0.585051 0.0778316 0.169928 76 178 0
0.58584 0.0815092 0.167251 76 178 0
0.588183 0.0831052 0.16841 76 178 0
0.591561 0.0859526 0.169431 76 178 0
0.594951 0.0887038 0.170667 76 178 0
0.598203 0.0916356 0.171862 76 178 0
0.601268 0.0946475 0.173311 76 178 0
0.604171 0.0978703 0.174629 76 178 0
0.597936 0.101889 0.181336 76 178 0
0.649893 0.0984774 0.22463 76 178 0
0.65357 0.0945753 0.216189 76 178 0
0.655589 0.0926329 0.217521 76 178 0
0.658858 0.0891843 0.219897 76 178 0
0.662029 0.0857091 0.222358 76 178 0
0.665103 0.0822014 0.224899 76 178 0
0.668135 0.0786798 0.227467 76 178 0
0.668997 0.0761829 0.228618 76 178 0
0.672341 0.07296 0.230939 76 178 0
0.675299 0.0694257 0.233331 76 178 0
0.678076 0.0658066 0.23582 76 178 0
0.680729 0.0621528 0.238392 77 177 0
0.683701 0.0629774 0.239118 77 177 0
0.688245 0.0631391 0.240567 77 177 0
0.692833 0.0636505 0.241801 77 177 0
0.69745 0.0645617 0.242646 77 177 0
0.702096 0.065492 0.243274 77 177 0
0.706776 0.0662534 0.243873 77 177 0
0.703902 0.0660419 0.243505 77 177 0
0.699284 0.0648482 0.242928 77 177 0
0.694639 0.0638451 0.242199 77 177 0
0.690049 0.062718 0.241324 77 177 0
0.685454 0.061777 0.240289 77 177 0
0.682587 0.0616779 0.239289 77 177 0
0.677429 0.0605456 0.237799 77 177 0
0.67228 0.0595939 0.236138 77 177 0
0.66719 0.0587002 0.234291 77 177 0
0.662202 0.0575089 0.232446 77 177 0
0.661193 0.0499789 0.23515 77 177 0
0.660508 0.0451645 0.236875 77 177 0
0.659611 0.0403995 0.238638 77 177 0
0.658698 0.0356481 0.24043 77 177 0
0.657684 0.0309205 0.24223 77 177 0
0.656767 0.0262014 0.244105 77 177 0
0.655948 0.0215116 0.246095 77 177 0
0.655029 0.0168649 0.24814 77 177 0
0.65392 0.0122067 0.25006 77 177 0
0.652934 0.00755152 0.252051 77 177 0
0.652158 0.00289849 0.254141 77 177 0
0.65081 -0.003038 0.256428 77 177 0
0.649712 -0.00810171 0.257528 77 177 0
0.648859 -0.0132292 0.258576 77 177 0
0.647674 -0.0183759 0.259061 77 177 0
0.646829 -0.023584 0.259601 77 177 0
0.64619 -0.0288237 0.26012 77 177 0
0.645485 -0.0340663 0.260496 77 177 0
0.644779 -0.0392732 0.261003 77 177 0
0.644849 -0.0366478 0.260648 77 177 0
0.646107 -0.0319765 0.26044 77 177 0
0.646995 -0.0272115 0.260178 77 177 0
0.647896 -0.0224473 0.259999 77 177 0
0.648148 -0.0176376 0.259393 77 177 0
0.648558 -0.0128862 0.258499 77 177 0
0.648993 -0.00817722 0.257409 77 177 0
0.649977 -0.000402799 0.254646 77 177 0
0.650612 0.00412096 0.25261 77 177 0
0.651423 0.00867617 0.250712 77 177 0
0.652238 0.0132293 0.24881 78 176 0
0.653046 0.0177552 0.246841 78 176 0
0.653856 0.0222779 0.244865 78 176 0
0.65476 0.0268368 0.243018 78 176 0
0.655562 0.0314097 0.241158 78 176 0
0.656346 0.0359886 0.239305 78 176 0
0.657091 0.0405844 0.237479 78 176 0
0.657753 0.0451878 0.23564 78 176 0
0.658414 0.0498261 0.233894 78 176 0
0.659996 0.0523211 0.233411 78 176 0
0.661923 0.0566423 0.232685 78 176 0
0.663481 0.0610717 0.231683 78 176 0
0.665115 0.0654896 0.230754 78 176 0
0.666643 0.0699351 0.229778 78 176 0
0.668527 0.0742656 0.229041 78 176 0
0.667152 0.076636 0.227668 78 176 0
0.663955 0.0803245 0.225022 78 176 0
0.661039 0.0842782 0.22242 78 176 0
0.658232 0.088369 0.219914 78 176 0
0.655589 0.0926329 0.217521 78 176 0
0.657567 0.0903014 0.218951 78 176 0
0.661223 0.0867765 0.221645 78 176 0
0.664801 0.0832094 0.224389 78 176 0
0.668406 0.0797001 0.227175 78 176 0
0.670316 0.0785967 0.228338 78 176 0
0.672787 0.0745757 0.230585 78 176 0
0.675414 0.070686 0.232888 78 176 0
0.678135 0.0669405 0.235313 78 176 0
0.681093 0.0634918 0.237886 78 176 0
0.684017 0.0639623 0.238772 78 176 0
0.688505 0.0644354 0.240061 78 176 0
0.693009 0.0649072 0.241298 78 176 0
0.697566 0.0652924 0.242358 78 176 0
0.702164 0.0657127 0.243196 78 176 0
0.706776 0.0662534 0.243873 78 176 0
0.703902 0.0660419 0.243505 78 176 0
0.699284 0.0648482 0.242928 78 176 0
0.694639 0.0638451 0.242199 78 176 0
0.690049 0.062718 0.241324 78 176 0
0.685454 0.061777 0.240289 78 176 0
0.682587 0.0616779 0.239289 78 176 0
0.677429 0.0605456 0.237799 78 176 0
0.67228 0.0595939 0.236138 78 176 0
0.66719 0.0587002 0.234291 78 176 0
0.662202 0.0575089 0.232446 78 176 0
0.661193 0.0499789 0.23515 79 175 0
0.660508 0.0451645 0.236875 79 175 0
0.659611 0.0403995 0.238638 79 175 0
0.658698 0.0356481 0.24043 79 175 0
0.657684 0.0309205 0.24223 79 175 0
0.656767 0.0262014 0.244105 79 175 0
0.655948 0.0215116 0.246095 79 175 0
0.655029 0.0168649 0.24814 79 175 0
0.65392 0.0122067 0.25006 79 175 0
0.652934 0.00755152 0.252051 79 175 0
0.652158 0.00289849 0.254141 79 175 0
0.65081 -0.003038 0.256428 79 175 0
0.649712 -0.00810171 0.257528 79 175 0
0.648859 -0.0132292 0.258576 79 175 0
0.647674 -0.0183759 0.259061 79 175 0
0.646829 -0.023584 0.259601 79 175 0
0.64619 -0.0288237 0.26012 79 175 0
0.645485 -0.0340663 0.260496 79 175 0
0.644779 -0.0392732 0.261003 79 175 0
0.644849 -0.0366478 0.260648 79 175 0
0.646107 -0.0319765 0.26044 79 175 0
0.646995 -0.0272115 0.260178 79 175 0
0.647896 -0.0224473 0.259999 79 175 0
0.648148 -0.0176376 0.259393 79 175 0
0.648558 -0.0128862 0.258499 79 175 0
0.648993 -0.00817722 0.257409 79 175 0
0.649977 -0.000402799 0.254646 79 175 0
0.650612 0.00412096 0.25261 79 175 0
0.651423 0.00867617 0.250712 79 175 0
0.652238 0.0132293 0.24881 79 175 0
0.653046 0.0177552 0.246841 79 175 0
0.653856 0.0222779 0.244865 79 175 0
0.65476 0.0268368 0.243018 79 175 0
0.655562 0.0314097 0.241158 79 175 0
0.656346 0.0359886 0.239305 79 175 0
0.657091 0.0405844 0.237479 79 175 0
0.657753 0.0451878 0.23564 79 175 0
0.658414 0.0498261 0.233894 79 175 0
0.659996 0.0523211 0.233411 79 175 0
0.661923 0.0566423 0.232685 79 175 0
0.663481 0.0610717 0.231683 79 175 0
0.665115 0.0654896 0.230754 79 175 0
0.666643 0.0699351 0.229778 79 175 0
0.668527 0.0742656 0.229041 79 175 0
0.667152 0.076636 0.227668 79 175 0
0.663955 0.0803245 0.225022 79 175 0
0.661039 0.0842782 0.22242 80 174 0
0.658232 0.088369 0.219914 80 174 0
0.655589 0.0926329 0.217521 80 174 0
0.65208 0.0965887 0.226008 80 174 0
0.59949 0.103844 0.18226 80 174 0
0.60557 0.0996054 0.175547 80 174 0
0.585588 -0.00270623 0.215216 80 174 0
0.585169 0.00814159 0.210144 80 174 0
0.585074 0.0126493 0.207937 80 174 0
0.584895 0.0170912 0.2056 80 174 0
0.584659 0.0215218 0.203247 80 174 0
0.584559 0.0259859 0.20095 80 174 0
0.584415 0.0304225 0.198602 80 174 0
0.584212 0.0348261 0.196196 80 174 0
0.584038 0.0392206 0.19377 80 174 0
0.583913 0.0436112 0.191335 80 174 0
0.58385 0.0479971 0.188888 80 174 0
0.583837 0.0523223 0.186335 80 174 0
0.583933 0.0566173 0.183734 80 174 0
0.584097 0.0608761 0.181077 80 174 0
0.584301 0.0651683 0.17848 80 174 0
0.584413 0.0694287 0.175827 80 174 0
0.584725 0.0736249 0.173085 80 174 0
0.582268 0.0725274 0.172314 80 174 0
0.577828 0.0712344 0.16893 80 174 0
0.573463 0.0696038 0.165559 80 174 0
0.569214 0.0676447 0.162252 80 174 0
0.567317 0.0684514 0.158494 80 174 0
0.565154 0.0698231 0.154104 80 174 0
0.562999 0.0712997 0.149747 80 174 0
0.560369 0.0723401 0.145523 80 174 0
0.55797 0.0737903 0.141286 80 174 0
0.555536 0.0751578 0.137039 80 174 0
0.556916 0.073968 0.139794 80 174 0
0.559294 0.072572 0.144 80 174 0
0.561854 0.0714574 0.148188 80 174 0
0.564031 0.0699695 0.152473 80 174 0
0.566339 0.0687091 0.156757 80 174 0
0.566968 0.067556 0.159019 80 174 0
0.569543 0.066937 0.163121 80 174 0
0.572191 0.066274 0.167171 80 174 0
0.575059 0.0653829 0.171021 80 174 0
0.578147 0.0644734 0.174689 80 174 0
0.581258 0.0633218 0.178266 80 174 0
0.579461 0.0556016 0.181389 80 174 0
0.578684 0.0512261 0.183157 81 173 0
0.57782 0.0468664 0.184923 81 173 0
0.576905 0.0425032 0.186654 81 173 0
0.576013 0.0381302 0.188373 81 173 0
0.575112 0.0337604 0.190095 81 173 0
0.574197 0.029399 0.191831 81 173 0
0.573252 0.0250464 0.193573 81 173 0
0.572238 0.0206963 0.195282 81 173 0
0.571261 0.0163232 0.196954 81 173 0
0.57026 0.0119549 0.198624 81 173 0
0.569241 0.00761786 0.200363 81 173 0
0.568239 0.00278958 0.202144 81 173 0
0.56741 -0.00174981 0.203577 81 173 0
0.566616 -0.00631913 0.204932 81 173 0
0.565858 -0.0109173 0.206206 81 173 0
0.565155 -0.0155449 0.207404 81 173 0
0.56452 -0.0202038 0.208514 81 173 0
0.56395 -0.024899 0.209499 81 173 0
0.563428 -0.0296244 0.210361 81 173 0
0.562976 -0.0343712 0.211142 81 173 0
0.562547 -0.0391262 0.211881 81 173 0
0.562733 -0.0364547 0.211576 81 173 0
0.563212 -0.0316106 0.210808 81 173 0
0.563716 -0.0267875 0.209934 81 173 0
0.564246 -0.0219876 0.208952 81 173 0
0.56484 -0.0172107 0.207896 81 173 0
0.565516 -0.0124706 0.206731 81 173 0
0.566284 -0.00777993 0.205433 81 173 0
0.567106 -0.00312874 0.204028 81 173 0
0.5688 0.0053591 0.201216 81 173 0
0.569854 0.00988055 0.199416 81 173 0
0.570942 0.0144388 0.197735 81 173 0
0.572121 0.0190046 0.196136 81 173 0
0.573332 0.0235507 0.194504 81 173 0
0.574541 0.0280885 0.192848 81 173 0
0.575731 0.0326436 0.191226 81 173 0
0.576902 0.0372147 0.189636 81 173 0
0.578081 0.0417883 0.188058 81 173 0
0.579268 0.0463494 0.186451 81 173 0
0.580352 0.0509081 0.184769 81 173 0
0.581353 0.0554851 0.183082 81 173 0
0.581364 0.0582231 0.181475 81 173 0
0.581829 0.0622536 0.179273 81 173 0
0.582458 0.066262 0.177068 81 173 0
0.583307 0.0702044 0.174822 81 173 0
0.584204 0.0740853 0.172492 81 173 0
0.585051 0.0778316 0.169928 82 172 0
0.58584 0.0815092 0.167251 82 172 0
0.588183 0.0831052 0.16841 82 172 0
0.591561 0.0859526 0.169431 82 172 0
0.594951 0.0887038 0.170667 82 172 0
0.598203 0.0916356 0.171862 82 172 0
0.601268 0.0946475 0.173311 82 172 0
0.604171 0.0978703 0.174629 82 172 0
0.601758 0.0956489 0.172989 82 172 0
0.598557 0.0933736 0.170841 82 172 0
0.595331 0.0910043 0.168832 82 172 0
0.591942 0.0885488 0.167239 82 172 0
0.588554 0.0860164 0.16577 82 172 0
0.586366 0.0838918 0.165422 82 172 0
0.582967 0.0807876 0.164696 82 172 0
0.579471 0.077843 0.163755 82 172 0
0.575998 0.074864 0.16284 82 172 0
0.572542 0.0719285 0.161738 82 172 0
0.569118 0.068972 0.160592 82 172 0
0.567653 0.069357 0.157984 82 172 0
0.565546 0.0708652 0.153542 82 172 0
0.563111 0.0720468 0.149159 82 172 0
0.560799 0.0736769 0.14485 82 172 0
0.558136 0.0748382 0.140598 82 172 0
0.55579 0.0764224 0.136312 82 172 0
0.557156 0.0749765 0.139356 82 172 0
0.559347 0.0731293 0.143655 82 172 0
0.561693 0.0714862 0.147959 82 172 0
0.563949 0.0699839 0.15236 82 172 0
0.566339 0.0687091 0.156757 82 172 0
0.566968 0.067556 0.159019 82 172 0
0.569543 0.066937 0.163121 82 172 0
0.572191 0.066274 0.167171 82 172 0
0.575059 0.0653829 0.171021 82 172 0
0.578147 0.0644734 0.174689 82 172 0
0.581258 0.0633218 0.178266 82 172 0
0.579461 0.0556016 0.181389 82 172 0
0.578684 0.0512261 0.183157 82 172 0
0.57782 0.0468664 0.184923 82 172 0
0.576905 0.0425032 0.186654 82 172 0
0.576013 0.0381302 0.188373 82 172 0
0.575112 0.0337604 0.190095 82 172 0
0.574197 0.029399 0.191831 82 172 0
0.573252 0.0250464 0.193573 82 172 0
0.572238 0.0206963 0.195282 82 172 0
0.571261 0.0163232 0.196954 83 171 0
0.57026 0.0119549 0.198624 83 171 0
0.569241 0.00761786 0.200363 83 171 0
0.568239 0.00278958 0.202144 83 171 0
0.56741 -0.00174981 0.203577 83 171 0
0.566616 -0.00631913 0.204932 83 171 0
0.565858 -0.0109173 0.206206 83 171 0
0.565155 -0.0155449 0.207404 83 171 0
0.56452 -0.0202038 0.208514 83 171 0
0.56395 -0.024899 0.209499 83 171 0
0.563428 -0.0296244 0.210361 83 171 0
0.562976 -0.0343712 0.211142 83 171 0
0.562547 -0.0391262 0.211881 83 171 0
0.562733 -0.0364547 0.211576 83 171 0
0.563212 -0.0316106 0.210808 83 171 0
0.563716 -0.0267875 0.209934 83 171 0
0.564246 -0.0219876 0.208952 83 171 0
0.56484 -0.0172107 0.207896 83 171 0
0.565516 -0.0124706 0.206731 83 171 0
0.566284 -0.00777993 0.205433 83 171 0
0.567106 -0.00312874 0.204028 83 171 0
0.5688 0.0053591 0.201216 83 171 0
0.569854 0.00988055 0.199416 83 171 0
0.570942 0.0144388 0.197735 83 171 0
0.572121 0.0190046 0.196136 83 171 0
0.573332 0.0235507 0.194504 83 171 0
0.574541 0.0280885 0.192848 83 171 0
0.575731 0.0326436 0.191226 83 171 0
0.576902 0.0372147 0.189636 83 171 0
0.578081 0.0417883 0.188058 83 171 0
0.579268 0.0463494 0.186451 83 171 0
0.580352 0.0509081 0.184769 83 171 0
0.581353 0.0554851 0.183082 83 171 0
0.581364 0.0582231 0.181475 83 171 0
0.581829 0.0622536 0.179273 83 171 0
0.582458 0.066262 0.177068 83 171 0
0.583307 0.0702044 0.174822 83 171 0
0.584204 0.0740853 0.172492 83 171 0
0.585051 0.0778316 0.169928 83 171 0
0.58584 0.0815092 0.167251 83 171 0
0.588183 0.0831052 0.16841 83 171 0
0.591561 0.0859526 0.169431 83 171 0
0.594951 0.0887038 0.170667 83 171 0
0.598203 0.0916356 0.171862 83 171 0
0.601268 0.0946475 0.173311 83 171 0
0.604171 0.0978703 0.174629 84 170 0
0.597936 0.101889 0.181336 84 170 0
0.649893 0.0984774 0.22463 84 170 0
0.65357 0.0945753 0.216189 84 170 0
0.655589 0.0926329 0.217521 84 170 0
0.658858 0.0891843 0.219897 84 170 0
0.662029 0.0857091 0.222358 84 170 0
0.665103 0.0822014 0.224899 84 170 0
0.668135 0.0786798 0.227467 84 170 0
0.668997 0.0761829 0.228618 84 170 0
0.672341 0.07296 0.230939 84 170 0
0.675299 0.0694257 0.233331 84 170 0
0.678076 0.0658066 0.23582 84 170 0
0.680729 0.0621528 0.238392 84 170 0
0.683701 0.0629774 0.239118 84 170 0
0.688245 0.0631391 0.240567 84 170 0
0.692833 0.0636505 0.241801 84 170 0
0.69745 0.0645617 0.242646 84 170 0
0.702096 0.065492 0.243274 84 170 0
0.706776 0.0662534 0.243873 84 170 0
0.703902 0.0660419 0.243505 84 170 0
0.699284 0.0648482 0.242928 84 170 0
0.694639 0.0638451 0.242199 84 170 0
0.690049 0.062718 0.241324 84 170 0
0.685454 0.061777 0.240289 84 170 0
0.682587 0.0616779 0.239289 84 170 0
0.677429 0.0605456 0.237799 84 170 0
0.67228 0.0595939 0.236138 84 170 0
0.66719 0.0587002 0.234291 84 170 0
0.662202 0.0575089 0.232446 84 170 0
0.661193 0.0499789 0.23515 84 170 0
0.660508 0.0451645 0.236875 84 170 0
0.659611 0.0403995 0.238638 84 170 0
0.658698 0.0356481 0.24043 84 170 0
0.657684 0.0309205 0.24223 84 170 0
0.656767 0.0262014 0.244105 84 170 0
0.655948 0.0215116 0.246095 84 170 0
0.655029 0.0168649 0.24814 84 170 0
0.65392 0.0122067 0.25006 84 170 0
0.652934 0.00755152 0.252051 84 170 0
0.652158 0.00289849 0.254141 84 170 0
0.65081 -0.003038 0.256428 84 170 0
0.649712 -0.00810171 0.257528 84 170 0
0.648859 -0.0132292 0.258576 84 170 0
0.647674 -0.0183759 0.259061 84 170 0
0.646829 -0.023584 0.259601 84 170 0
0.64619 -0.0288237 0.26012 85 169 0
0.645485 -0.0340663 0.260496 85 169 0
0.644779 -0.0392732 0.261003 85 169 0
0.644849 -0.0366478 0.260648 85 169 0
0.646107 -0.0319765 0.26044 85 169 0
0.646995 -0.0272115 0.260178 85 169 0
0.647896 -0.0224473 0.259999 85 169 0
0.648148 -0.0176376 0.259393 85 169 0
0.648558 -0.0128862 0.258499 85 169 0
0.648993 -0.00817722 0.257409 85 169 0
0.649977 -0.000402799 0.254646 85 169 0
0.650612 0.00412096 0.25261 85 169 0
0.651423 0.00867617 0.250712 85 169 0
0.652238 0.0132293 0.24881 85 169 0
0.653046 0.0177552 0.246841 85 169 0
0.653856 0.0222779 0.244865 85 169 0
0.65476 0.0268368 0.243018 85 169 0
0.655562 0.0314097 0.241158 85 169 0
0.656346 0.0359886 0.239305 85 169 0
0.657091 0.0405844 0.237479 85 169 0
0.657753 0.0451878 0.23564 85 169 0
0.658414 0.0498261 0.233894 85 169 0
0.659996 0.0523211 0.233411 85 169 0
0.661923 0.0566423 0.232685 85 169 0
0.663481 0.0610717 0.231683 85 169 0
0.665115 0.0654896 0.230754 85 169 0
0.666643 0.0699351 0.229778 85 169 0
0.668527 0.0742656 0.229041 85 169 0
0.667152 0.076636 0.227668 85 169 0
0.663955 0.0803245 0.225022 85 169 0
0.661039 0.0842782 0.22242 85 169 0
0.658232 0.088369 0.219914 85 169 0
0.655589 0.0926329 0.217521 85 169 0
0.657567 0.0903014 0.218951 85 169 0
0.661223 0.0867765 0.221645 85 169 0
0.664801 0.0832094 0.224389 85 169 0
0.668406 0.0797001 0.227175 85 169 0
0.670316 0.0785967 0.228338 85 169 0
0.672787 0.0745757 0.230585 85 169 0
0.675414 0.070686 0.232888 85 169 0
0.678135 0.0669405 0.235313 85 169 0
0.681093 0.0634918 0.237886 85 169 0
0.684017 0.0639623 0.238772 85 169 0
0.688505 0.0644354 0.240061 85 169 0
0.693009 0.0649072 0.241298 85 169 0
0.697566 0.0652924 0.242358 86 168 0
0.702164 0.0657127 0.243196 86 168 0
0.706776 0.0662534 0.243873 86 168 0
0.703902 0.0660419 0.243505 86 168 0
0.699284 0.0648482 0.242928 86 168 0
0.694639 0.0638451 0.242199 86 168 0
0.690049 0.062718 0.241324 86 168 0
0.685454 0.061777 0.240289 86 168 0
0.682587 0.0616779 0.239289 86 168 0
0.677429 0.0605456 0.237799 86 168 0
0.67228 0.0595939 0.236138 86 168 0
0.66719 0.0587002 0.234291 86 168 0
0.662202 0.0575089 0.232446 86 168 0
0.661193 0.0499789 0.23515 86 168 0
0.660508 0.0451645 0.236875 86 168 0
0.659611 0.0403995 0.238638 86 168 0
0.658698 0.0356481 0.24043 86 168 0
0.657684 0.0309205 0.24223 86 168 0
0.656767 0.0262014 0.244105 86 168 0
0.655948 0.0215116 0.246095 86 168 0
0.655029 0.0168649 0.24814 86 168 0
0.65392 0.0122067 0.25006 86 168 0
0.652934 0.00755152 0.252051 86 168 0
0.652158 0.00289849 0.254141 86 168 0
0.65081 -0.003038 0.256428 86 168 0
0.649712 -0.00810171 0.257528 86 168 0
0.648859 -0.0132292 0.258576 86 168 0
0.647674 -0.0183759 0.259061 86 168 0
0.646829 -0.023584 0.259601 86 168 0
0.64619 -0.0288237 0.26012 86 168 0
0.645485 -0.0340663 0.260496 86 168 0
0.644779 -0.0392732 0.261003 86 168 0
0.644849 -0.0366478 0.260648 86 168 0
0.646107 -0.0319765 0.26044 86 168 0
0.646995 -0.0272115 0.260178 86 168 0
0.647896 -0.0224473 0.259999 86 168 0
0.648148 -0.0176376 0.259393 86 168 0
0.648558 -0.0128862 0.258499 86 168 0
0.648993 -0.00817722 0.257409 86 168 0
0.649977 -0.000402799 0.254646 86 168 0
0.650612 0.00412096 0.25261 86 168 0
0.651423 0.00867617 0.250712 86 168 0
0.652238 0.0132293 0.24881 86 168 0
0.653046 0.0177552 0.246841 86 168 0
0.653856 0.0222779 0.244865 86 168 0
0.65476 0.0268368 0.243018 86 168 0
0.655562 0.0314097 0.241158 87 167 0
0.656346 0.0359886 0.239305 87 167 0
0.657091 0.0405844 0.237479 87 167 0
0.657753 0.0451878 0.23564 87 167 0
0.658414 0.0498261 0.233894 87 167 0
0.659996 0.0523211 0.233411 87 167 0
0.661923 0.0566423 0.232685 87 167 0
0.663481 0.0610717 0.231683 87 167 0
0.665115 0.0654896 0.230754 87 167 0
0.666643 0.0699351 0.229778 87 167 0
0.668527 0.0742656 0.229041 87 167 0
0.667152 0.076636 0.227668 87 167 0
0.663955 0.0803245 0.225022 87 167 0
0.661039 0.0842782 0.22242 87 167 0
0.658232 0.088369 0.219914 87 167 0
0.655589 0.0926329 0.217521 87 167 0
0.65208 0.0965887 0.226008 87 167 0
0.59949 0.103844 0.18226 87 167 0
0.60557 0.0996054 0.175547 87 167 0
0.585588 -0.00270623 0.215216 87 167 0
0.585169 0.00814159 0.210144 87 167 0
0.585074 0.0126493 0.207937 87 167 0
0.584895 0.0170912 0.2056 87 167 0
0.584659 0.0215218 0.203247 87 167 0
0.584559 0.0259859 0.20095 87 167 0
0.584415 0.0304225 0.198602 87 167 0
0.584212 0.0348261 0.196196 87 167 0
0.584038 0.0392206 0.19377 87 167 0
0.583913 0.0436112 0.191335 87 167 0
0.58385 0.0479971 0.188888 87 167 0
0.583837 0.0523223 0.186335 87 167 0
0.583933 0.0566173 0.183734 87 167 0
0.584097 0.0608761 0.181077 87 167 0
0.584301 0.0651683 0.17848 87 167 0
0.584413 0.0694287 0.175827 87 167 0
0.584725 0.0736249 0.173085 87 167 0
0.582268 0.0725274 0.172314 87 167 0
0.577828 0.0712344 0.16893 87 167 0
0.573463 0.0696038 0.165559 87 167 0
0.569214 0.0676447 0.162252 87 167 0
0.567317 0.0684514 0.158494 87 167 0
0.565154 0.0698231 0.154104 87 167 0
0.562999 0.0712997 0.149747 87 167 0
0.560369 0.0723401 0.145523 87 167 0
0.55797 0.0737903 0.141286 87 167 0
0.555536 0.0751578 0.137039 88 166 0
0.556916 0.073968 0.139794 88 166 0
0.559294 0.072572 0.144 88 166 0
0.561854 0.0714574 0.148188 88 166 0
0.564031 0.0699695 0.152473 88 166 0
0.566339 0.0687091 0.156757 88 166 0
0.566968 0.067556 0.159019 88 166 0
0.569543 0.066937 0.163121 88 166 0
0.572191 0.066274 0.167171 88 166 0
0.575059 0.0653829 0.171021 88 166 0
0.578147 0.0644734 0.174689 88 166 0
0.581258 0.0633218 0.178266 88 166 0
0.579461 0.0556016 0.181389 88 166 0
0.578684 0.0512261 0.183157 88 166 0
0.57782 0.0468664 0.184923 88 166 0
0.576905 0.0425032 0.186654 88 166 0
0.576013 0.0381302 0.188373 88 166 0
0.575112 0.0337604 0.190095 88 166 0
0.574197 0.029399 0.191831 88 166 0
0.573252 0.0250464 0.193573 88 166 0
0.572238 0.0206963 0.195282 88 166 0
0.571261 0.0163232 0.196954 88 166 0
0.57026 0.0119549 0.198624 88 166 0
0.569241 0.00761786 0.200363 88 166 0
0.568239 0.00278958 0.202144 88 166 0
0.56741 -0.00174981 0.203577 88 166 0
0.566616 -0.00631913 0.204932 88 166 0
0.565858 -0.0109173 0.206206 88 166 0
0.565155 -0.0155449 0.207404 88 166 0
0.56452 -0.0202038 0.208514 88 166 0
0.56395 -0.024899 0.209499 88 166 0
0.563428 -0.0296244 0.210361 88 166 0
0.562976 -0.0343712 0.211142 88 166 0
0.562547 -0.0391262 0.211881 88 166 0
0.562733 -0.0364547 0.211576 88 166 0
0.563212 -0.0316106 0.210808 88 166 0
0.563716 -0.0267875 0.209934 88 166 0
0.564246 -0.0219876 0.208952 88 166 0
0.56484 -0.0172107 0.207896 88 166 0
0.565516 -0.0124706 0.206731 88 166 0
0.566284 -0.00777993 0.205433 88 166 0
0.567106 -0.00312874 0.204028 88 166 0
0.5688 0.0053591 0.201216 88 166 0
0.569854 0.00988055 0.199416 88 166 0
0.570942 0.0144388 0.197735 88 166 0
0.572121 0.0190046 0.196136 88 166 0
0.573332 0.0235507 0.194504 89 165 0
0.574541 0.0280885 0.192848 89 165 0
0.575731 0.0326436 0.191226 89 165 0
0.576902 0.0372147 0.189636 89 165 0
0.578081 0.0417883 0.188058 89 165 0
0.579268 0.0463494 0.186451 89 165 0
0.580352 0.0509081 0.184769 89 165 0
0.581353 0.0554851 0.183082 89 165 0
0.581364 0.0582231 0.181475 89 165 0
0.581829 0.0622536 0.179273 89 165 0
0.582458 0.066262 0.177068 89 165 0
0.583307 0.0702044 0.174822 89 165 0
0.584204 0.0740853 0.172492 89 165 0
0.585051 0.0778316 0.169928 89 165 0
0.58584 0.0815092 0.167251 89 165 0
0.588183 0.0831052 0.16841 89 165 0
0.591561 0.0859526 0.169431 89 165 0
0.594951 0.0887038 0.170667 89 165 0
0.598203 0.0916356 0.171862 89 165 0
0.601268 0.0946475 0.173311 89 165 0
0.604171 0.0978703 0.174629 89 165 0
0.601758 0.0956489 0.172989 89 165 0
0.598557 0.0933736 0.170841 89 165 0
0.595331 0.0910043 0.168832 89 165 0
0.591942 0.0885488 0.167239 89 165 0
0.588554 0.0860164 0.16577 89 165 0
0.586366 0.0838918 0.165422 89 165 0
0.582967 0.0807876 0.164696 89 165 0
0.579471 0.077843 0.163755 89 165 0
0.575998 0.074864 0.16284 89 165 0
0.572542 0.0719285 0.161738 89 165 0
0.569118 0.068972 0.160592 89 165 0
0.567653 0.069357 0.157984 89 165 0
0.565546 0.0708652 0.153542 89 165 0
0.563111 0.0720468 0.149159 89 165 0
0.560799 0.0736769 0.14485 89 165 0
0.558136 0.0748382 0.140598 89 165 0
0.55579 0.0764224 0.136312 89 165 0
0.557156 0.0749765 0.139356 89 165 0
0.559347 0.0731293 0.143655 89 165 0
0.561693 0.0714862 0.147959 89 165 0
0.563949 0.0699839 0.15236 89 165 0
0.566339 0.0687091 0.156757 89 165 0
0.566968 0.067556 0.159019 89 165 0
0.569543 0.066937 0.163121 89 165 0
0.572191 0.066274 0.167171 90 164 0
0.575059 0.0653829 0.171021 90 164 0
0.578147 0.0644734 0.174689 90 164 0
0.581258 0.0633218 0.178266 90 164 0
0.579461 0.0556016 0.181389 90 164 0
0.578684 0.0512261 0.183157 90 164 0
0.57782 0.0468664 0.184923 90 164 0
0.576905 0.0425032 0.186654 90 164 0
0.576013 0.0381302 0.188373 90 164 0
0.575112 0.0337604 0.190095 90 164 0
0.574197 0.029399 0.191831 90 164 0
0.573252 0.0250464 0.193573 90 164 0
0.572238 0.0206963 0.195282 90 164 0
0.571261 0.0163232 0.196954 90 164 0
0.57026 0.0119549 0.198624 90 164 0
0.569241 0.00761786 0.200363 90 164 0
0.568239 0.00278958 0.202144 90 164 0
0.56741 -0.00174981 0.203577 90 164 0
0.566616 -0.00631913 0.204932 90 164 0
0.565858 -0.0109173 0.206206 90 164 0
0.565155 -0.0155449 0.207404 90 164 0
0.56452 -0.0202038 0.208514 90 164 0
0.56395 -0.024899 0.209499 90 164 0
0.563428 -0.0296244 0.210361 90 164 0
0.562976 -0.0343712 0.211142 90 164 0
0.562547 -0.0391262 0.211881 90 164 0
0.562733 -0.0364547 0.211576 90 164 0
0.563212 -0.0316106 0.210808 90 164 0
0.563716 -0.0267875 0.209934 90 164 0
0.564246 -0.0219876 0.208952 90 164 0
0.56484 -0.0172107 0.207896 90 164 0
0.565516 -0.0124706 0.206731 90 164 0
0.566284 -0.00777993 0.205433 90 164 0
0.567106 -0.00312874 0.204028 90 164 0
0.5688 0.0053591 0.201216 90 164 0
0.569854 0.00988055 0.199416 90 164 0
0.570942 0.0144388 0.197735 90 164 0
0.572121 0.0190046 0.196136 90 164 0
0.573332 0.0235507 0.194504 90 164 0
0.574541 0.0280885 0.192848 90 164 0
0.575731 0.0326436 0.191226 90 164 0
0.576902 0.0372147 0.189636 90 164 0
0.578081 0.0417883 0.188058 90 164 0
0.579268 0.0463494 0.186451 90 164 0
0.580352 0.0509081 0.184769 90 164 0
0.581353 0.0554851 0.183082 91 163 0
0.581364 0.0582231 0.181475 91 163 0
0.581829 0.0622536 0.179273 91 163 0
0.582458 0.066262 0.177068 91 163 0
0.583307 0.0702044 0.174822 91 163 0
0.584204 0.0740853 0.172492 91 163 0
0.585051 0.0778316 0.169928 91 163 0
0.58584 0.0815092 0.167251 91 163 0
0.588183 0.0831052 0.16841 91 163 0
0.591561 0.0859526 0.169431 91 163 0
0.594951 0.0887038 0.170667 91 163 0
0.598203 0.0916356 0.171862 91 163 0
0.601268 0.0946475 0.173311 91 163 0
0.604171 0.0978703 0.174629 91 163 0
0.597936 0.101889 0.181336 91 163 0
0.649893 0.0984774 0.22463 91 163 0
0.65357 0.0945753 0.216189 91 163 0
0.655589 0.0926329 0.217521 91 163 0
0.658858 0.0891843 0.219897 91 163 0
0.662029 0.0857091 0.222358 91 163 0
0.665103 0.0822014 0.224899 91 163 0
0.668135 0.0786798 0.227467 91 163 0
0.668997 0.0761829 0.228618 91 163 0
0.672341 0.07296 0.230939 91 163 0
0.675299 0.0694257 0.233331 91 163 0
0.678076 0.0658066 0.23582 91 163 0
0.680729 0.0621528 0.238392 91 163 0
0.683701 0.0629774 0.239118 91 163 0
0.688245 0.0631391 0.240567 91 163 0
0.692833 0.0636505 0.241801 91 163 0
0.69745 0.0645617 0.242646 91 163 0
0.702096 0.065492 0.243274 91 163 0
0.706776 0.0662534 0.243873 91 163 0
0.703902 0.0660419 0.243505 91 163 0
0.699284 0.0648482 0.242928 91 163 0
0.694639 0.0638451 0.242199 91 163 0
0.690049 0.062718 0.241324 91 163 0
0.685454 0.061777 0.240289 91 163 0
0.682587 0.0616779 0.239289 91 163 0
0.677429 0.0605456 0.237799 91 163 0
0.67228 0.0595939 0.236138 91 163 0
0.66719 0.0587002 0.234291 91 163 0
0.662202 0.0575089 0.232446 91 163 0
0.661193 0.0499789 0.23515 91 163 0
0.660508 0.0451645 0.236875 91 163 0
0.659611 0.0403995 0.238638 91 163 0
0.658698 0.0356481 0.24043 92 162 0
0.657684 0.0309205 0.24223 92 162 0
0.656767 0.0262014 0.244105 92 162 0
0.655948 0.0215116 0.246095 92 162 0
0.655029 0.0168649 0.24814 92 162 0
0.65392 0.0122067 0.25006 92 162 0
0.652934 0.00755152 0.252051 92 162 0
0.652158 0.00289849 0.254141 92 162 0
0.65081 -0.003038 0.256428 92 162 0
0.649712 -0.00810171 0.257528 92 162 0
0.648859 -0.0132292 0.258576 92 162 0
0.647674 -0.0183759 0.259061 92 162 0
0.646829 -0.023584 0.259601 92 162 0
0.64619 -0.0288237 0.26012 92 162 0
0.645485 -0.0340663 0.260496 92 162 0
0.644779 -0.0392732 0.261003 92 162 0
0.644849 -0.0366478 0.260648 92 162 0
0.646107 -0.0319765 0.26044 92 162 0
0.646995 -0.0272115 0.260178 92 162 0
0.647896 -0.0224473 0.259999 92 162 0
0.648148 -0.0176376 0.259393 92 162 0
0.648558 -0.0128862 0.258499 92 162 0
0.648993 -0.00817722 0.257409 92 162 0
0.649977 -0.000402799 0.254646 92 162 0
0.650612 0.00412096 0.25261 92 162 0
0.651423 0.00867617 0.250712 92 162 0
0.652238 0.0132293 0.24881 92 162 0
0.653046 0.0177552 0.246841 92 162 0
0.653856 0.0222779 0.244865 92 162 0
0.65476 0.0268368 0.243018 92 162 0
0.655562 0.0314097 0.241158 92 162 0
0.656346 0.0359886 0.239305 92 162 0
0.657091 0.0405844 0.237479 92 162 0
0.657753 0.0451878 0.23564 92 162 0
0.658414 0.0498261 0.233894 92 162 0
0.659996 0.0523211 0.233411 92 162 0
0.661923 0.0566423 0.232685 92 162 0
0.663481 0.0610717 0.231683 92 162 0
0.665115 0.0654896 0.230754 92 162 0
0.666643 0.0699351 0.229778 92 162 0
0.668527 0.0742656 0.229041 92 162 0
0.667152 0.076636 0.227668 92 162 0
0.663955 0.0803245 0.225022 92 162 0
0.661039 0.0842782 0.22242 92 162 0
0.658232 0.088369 0.219914 92 162 0
0.655589 0.0926329 0.217521 93 161 0
0.657567 0.0903014 0.218951 93 161 0
0.661223 0.0867765 0.221645 93 161 0
0.664801 0.0832094 0.224389 93 161 0
0.668406 0.0797001 0.227175 93 161 0
0.670316 0.0785967 0.228338 93 161 0
0.672787 0.0745757 0.230585 93 161 0
0.675414 0.070686 0.232888 93 161 0
0.678135 0.0669405 0.235313 93 161 0
0.681093 0.0634918 0.237886 93 161 0
0.684017 0.0639623 0.238772 93 161 0
0.688505 0.0644354 0.240061 93 161 0
0.693009 0.0649072 0.241298 93 161 0
0.697566 0.0652924 0.242358 93 161 0
0.702164 0.0657127 0.243196 93 161 0
0.706776 0.0662534 0.243873 93 161 0
0.703902 0.0660419 0.243505 93 161 0
0.699284 0.0648482 0.242928 93 161 0
0.694639 0.0638451 0.242199 93 161 0
0.690049 0.062718 0.241324 93 161 0
0.685454 0.061777 0.240289 93 161 0
0.682587 0.0616779 0.239289 93 161 0
0.677429 0.0605456 0.237799 93 161 0
0.67228 0.0595939 0.236138 93 161 0
0.66719 0.0587002 0.234291 93 161 0
0.662202 0.0575089 0.232446 93 161 0
0.661193 0.0499789 0.23515 93 161 0
0.660508 0.0451645 0.236875 93 161 0
0.659611 0.0403995 0.238638 93 161 0
0.658698 0.0356481 0.24043 93 161 0
0.657684 0.0309205 0.24223 93 161 0
0.656767 0.0262014 0.244105 93 161 0
0.655948 0.0215116 0.246095 93 161 0
0.655029 0.0168649 0.24814 93 161 0
0.65392 0.0122067 0.25006 93 161 0
0.652934 0.00755152 0.252051 93 161 0
0.652158 0.00289849 0.254141 93 161 0
0.65081 -0.003038 0.256428 93 161 0
0.649712 -0.00810171 0.257528 93 161 0
0.648859 -0.0132292 0.258576 93 161 0
0.647674 -0.0183759 0.259061 93 161 0
0.646829 -0.023584 0.259601 93 161 0
0.64619 -0.0288237 0.26012 93 161 0
0.645485 -0.0340663 0.260496 93 161 0
0.644779 -0.0392732 0.261003 93 161 0
0.644849 -0.0366478 0.260648 93 161 0
0.646107 -0.0319765 0.26044 94 160 0
0.646995 -0.0272115 0.260178 94 160 0
0.647896 -0.0224473 0.259999 94 160 0
0.648148 -0.0176376 0.259393 94 160 0
0.648558 -0.0128862 0.258499 94 160 0
0.648993 -0.00817722 0.257409 94 160 0
0.649977 -0.000402799 0.254646 94 160 0
0.650612 0.00412096 0.25261 94 160 0
0.651423 0.00867617 0.250712 94 160 0
0.652238 0.0132293 0.24881 94 160 0
0.653046 0.0177552 0.246841 94 160 0
0.653856 0.0222779 0.244865 94 160 0
0.65476 0.0268368 0.243018 94 160 0
0.655562 0.0314097 0.241158 94 160 0
0.656346 0.0359886 0.239305 94 160 0
0.657091 0.0405844 0.237479 94 160 0
0.657753 0.0451878 0.23564 94 160 0
0.658414 0.0498261 0.233894 94 160 0
0.659996 0.0523211 0.233411 94 160 0
0.661923 0.0566423 0.232685 94 160 0
0.663481 0.0610717 0.231683 94 160 0
0.665115 0.0654896 0.230754 94 160 0
0.666643 0.0699351 0.229778 94 160 0
0.668527 0.0742656 0.229041 94 160 0
0.667152 0.076636 0.227668 94 160 0
0.663955 0.0803245 0.225022 94 160 0
0.661039 0.0842782 0.22242 94 160 0
0.658232 0.088369 0.219914 94 160 0
0.655589 0.0926329 0.217521 94 160 0
0.65208 0.0965887 0.226008 94 160 0
0.59949 0.103844 0.18226 94 160 0
0.60557 0.0996054 0.175547 94 160 0
0.585588 -0.00270623 0.215216 94 160 0
0.585169 0.00814159 0.210144 94 160 0
0.585074 0.0126493 0.207937 94 160 0
0.584895 0.0170912 0.2056 94 160 0
0.584659 0.0215218 0.203247 94 160 0
0.584559 0.0259859 0.20095 94 160 0
0.584415 0.0304225 0.198602 94 160 0
0.584212 0.0348261 0.196196 94 160 0
0.584038 0.0392206 0.19377 94 160 0
0.583913 0.0436112 0.191335 94 160 0
0.58385 0.0479971 0.188888 94 160 0
0.583837 0.0523223 0.186335 94 160 0
0.583933 0.0566173 0.183734 94 160 0
0.584097 0.0608761 0.181077 95 159 0
0.584301 0.0651683 0.17848 95 159 0
0.584413 0.0694287 0.175827 95 159 0
0.584725 0.0736249 0.173085 95 159 0
0.582268 0.0725274 0.172314 95 159 0
0.577828 0.0712344 0.16893 95 159 0
0.573463 0.0696038 0.165559 95 159 0
0.569214 0.0676447 0.162252 95 159 0
0.567317 0.0684514 0.158494 95 159 0
0.565154 0.0698231 0.154104 95 159 0
0.562999 0.0712997 0.149747 95 159 0
0.560369 0.0723401 0.145523 95 159 0
0.55797 0.0737903 0.141286 95 159 0
0.555536 0.0751578 0.137039 95 159 0
0.556916 0.073968 0.139794 95 159 0
0.559294 0.072572 0.144 95 159 0
0.561854 0.0714574 0.148188 95 159 0
0.564031 0.0699695 0.152473 95 159 0
0.566339 0.0687091 0.156757 95 159 0
0.566968 0.067556 0.159019 95 159 0
0.569543 0.066937 0.163121 95 159 0
0.572191 0.066274 0.167171 95 159 0
0.575059 0.0653829 0.171021 95 159 0
0.578147 0.0644734 0.174689 95 159 0
0.581258 0.0633218 0.178266 95 159 0
0.579461 0.0556016 0.181389 95 159 0
0.578684 0.0512261 0.183157 95 159 0
0.57782 0.0468664 0.184923 95 159 0
0.576905 0.0425032 0.186654 95 159 0
0.576013 0.0381302 0.188373 95 159 0
0.575112 0.0337604 0.190095 95 159 0
0.574197 0.029399 0.191831 95 159 0
0.573252 0.0250464 0.193573 95 159 0
0.572238 0.0206963 0.195282 95 159 0
0.571261 0.0163232 0.196954 95 159 0
0.57026 0.0119549 0.198624 95 159 0
0.569241 0.00761786 0.200363 95 159 0
0.568239 0.00278958 0.202144 95 159 0
0.56741 -0.00174981 0.203577 95 159 0
0.566616 -0.00631913 0.204932 95 159 0
0.565858 -0.0109173 0.206206 95 159 0
0.565155 -0.0155449 0.207404 95 159 0
0.56452 -0.0202038 0.208514 95 159 0
0.56395 -0.024899 0.209499 95 159 0
0.563428 -0.0296244 0.210361 95 159 0
0.562976 -0.0343712 0.211142 95 159 0
0.562547 -0.0391262 0.211881 96 158 0
0.562733 -0.0364547 0.211576 96 158 0
0.563212 -0.0316106 0.210808 96 158 0
0.563716 -0.0267875 0.209934 96 158 0
0.564246 -0.0219876 0.208952 96 158 0
0.56484 -0.0172107 0.207896 96 158 0
0.565516 -0.0124706 0.206731 96 158 0
0.566284 -0.00777993 0.205433 96 158 0
0.567106 -0.00312874 0.204028 96 158 0
0.5688 0.0053591 0.201216 96 158 0
0.569854 0.00988055 0.199416 96 158 0
0.570942 0.0144388 0.197735 96 158 0
0.572121 0.0190046 0.196136 96 158 0
0.573332 0.0235507 0.194504 96 158 0
0.574541 0.0280885 0.192848 96 158 0
0.575731 0.0326436 0.191226 96 158 0
0.576902 0.0372147 0.189636 96 158 0
0.578081 0.0417883 0.188058 96 158 0
0.579268 0.0463494 0.186451 96 158 0
0.580352 0.0509081 0.184769 96 158 0
0.581353 0.0554851 0.183082 96 158 0
0.581364 0.0582231 0.181475 96 158 0
0.581829 0.0622536 0.179273 96 158 0
0.582458 0.066262 0.177068 96 158 0
0.583307 0.0702044 0.174822 96 158 0
0.584204 0.0740853 0.172492 96 158 0
0.585051 0.0778316 0.169928 96 158 0
0.58584 0.0815092 0.167251 96 158 0
0.588183 0.0831052 0.16841 96 158 0
0.591561 0.0859526 0.169431 96 158 0
0.594951 0.0887038 0.170667 96 158 0
0.598203 0.0916356 0.171862 96 158 0
0.601268 0.0946475 0.173311 96 158 0
0.604171 0.0978703 0.174629 96 158 0
0.601758 0.0956489 0.172989 96 158 0
0.598557 0.0933736 0.170841 96 158 0
0.595331 0.0910043 0.168832 96 158 0
0.591942 0.0885488 0.167239 96 158 0
0.588554 0.0860164 0.16577 96 158 0
0.586366 0.0838918 0.165422 96 158 0
0.582967 0.0807876 0.164696 96 158 0
0.579471 0.077843 0.163755 96 158 0
0.575998 0.074864 0.16284 96 158 0
0.572542 0.0719285 0.161738 96 158 0
0.569118 0.068972 0.160592 96 158 0
0.567653 0.069357 0.157984 97 157 0
0.565546 0.0708652 0.153542 97 157 0
0.563111 0.0720468 0.149159 97 157 0
0.560799 0.0736769 0.14485 97 157 0
0.558136 0.0748382 0.140598 97 157 0
0.55579 0.0764224 0.136312 97 157 0
0.557156 0.0749765 0.139356 97 157 0
0.559347 0.0731293 0.143655 97 157 0
0.561693 0.0714862 0.147959 97 157 0
0.563949 0.0699839 0.15236 97 157 0
0.566339 0.0687091 0.156757 97 157 0
0.566968 0.067556 0.159019 97 157 0
0.569543 0.066937 0.163121 97 157 0
0.572191 0.066274 0.167171 97 157 0
0.575059 0.0653829 0.171021 97 157 0
0.578147 0.0644734 0.174689 97 157 0
0.581258 0.0633218 0.178266 97 157 0
0.579461 0.0556016 0.181389 97 157 0
0.578684 0.0512261 0.183157 97 157 0
0.57782 0.0468664 0.184923 97 157 0
0.576905 0.0425032 0.186654 97 157 0
0.576013 0.0381302 0.188373 97 157 0
0.575112 0.0337604 0.190095 97 157 0
0.574197 0.029399 0.191831 97 157 0
0.573252 0.0250464 0.193573 97 157 0
0.572238 0.0206963 0.195282 97 157 0
0.571261 0.0163232 0.196954 97 157 0
0.57026 0.0119549 0.198624 97 157 0
0.569241 0.00761786 0.200363 97 157 0
0.568239 0.00278958 0.202144 97 157 0
0.56741 -0.00174981 0.203577 97 157 0
0.566616 -0.00631913 0.204932 97 157 0
0.565858 -0.0109173 0.206206 97 157 0
0.565155 -0.0155449 0.207404 97 157 0
0.56452 -0.0202038 0.208514 97 157 0
0.56395 -0.024899 0.209499 97 157 0
0.563428 -0.0296244 0.210361 97 157 0
0.562976 -0.0343712 0.211142 97 157 0
0.562547 -0.0391262 0.211881 97 157 0
0.562733 -0.0364547 0.211576 97 157 0
0.563212 -0.0316106 0.210808 97 157 0
0.563716 -0.0267875 0.209934 97 157 0
0.564246 -0.0219876 0.208952 97 157 0
0.56484 -0.0172107 0.207896 97 157 0
0.565516 -0.0124706 0.206731 97 157 0
0.566284 -0.00777993 0.205433 98 156 0
0.567106 -0.00312874 0.204028 98 156 0
0.5688 0.0053591 0.201216 98 156 0
0.569854 0.00988055 0.199416 98 156 0
0.570942 0.0144388 0.197735 98 156 0
0.572121 0.0190046 0.196136 98 156 0
0.573332 0.0235507 0.194504 98 156 0
0.574541 0.0280885 0.192848 98 156 0
0.575731 0.0326436 0.191226 98 156 0
0.576902 0.0372147 0.189636 98 156 0
0.578081 0.0417883 0.188058 98 156 0
0.579268 0.0463494 0.186451 98 156 0
0.580352 0.0509081 0.184769 98 156 0
0.581353 0.0554851 0.183082 98 156 0
0.581364 0.0582231 0.181475 98 156 0
0.581829 0.0622536 0.179273 98 156 0
0.582458 0.066262 0.177068 98 156 0
0.583307 0.0702044 0.174822 98 156 0
0.584204 0.0740853 0.172492 98 156 0
0.585051 0.0778316 0.169928 98 156 0
0.58584 0.0815092 0.167251 98 156 0
0.588183 0.0831052 0.16841 98 156 0
0.591561 0.0859526 0.169431 98 156 0
0.594951 0.0887038 0.170667 98 156 0
0.598203 0.0916356 0.171862 98 156 0
0.601268 0.0946475 0.173311 98 156 0
0.604171 0.0978703 0.174629 98 156 0
0.597936 0.101889 0.181336 98 156 0
0.649893 0.0984774 0.22463 98 156 0
0.65357 0.0945753 0.216189 98 156 0
0.655589 0.0926329 0.217521 98 156 0
0.658858 0.0891843 0.219897 98 156 0
0.662029 0.0857091 0.222358 98 156 0
0.665103 0.0822014 0.224899 98 156 0
0.668135 0.0786798 0.227467 98 156 0
0.668997 0.0761829 0.228618 98 156 0
0.672341 0.07296 0.230939 98 156 0
0.675299 0.0694257 0.233331 98 156 0
0.678076 0.0658066 0.23582 98 156 0
0.680729 0.0621528 0.238392 98 156 0
0.683701 0.0629774 0.239118 98 156 0
0.688245 0.0631391 0.240567 98 156 0
0.692833 0.0636505 0.241801 98 156 0
0.69745 0.0645617 0.242646 98 156 0
0.702096 0.065492 0.243274 98 156 0
0.706776 0.0662534 0.243873 98 156 0
0.703902 0.0660419 0.243505 99 155 0
0.699284 0.0648482 0.242928 99 155 0
0.694639 0.0638451 0.242199 99 155 0
0.690049 0.062718 0.241324 99 155 0
0.685454 0.061777 0.240289 99 155 0
0.682587 0.0616779 0.239289 99 155 0
0.677429 0.0605456 0.237799 99 155 0
0.67228 0.0595939 0.236138 99 155 0
0.66719 0.0587002 0.234291 99 155 0
0.662202 0.0575089 0.232446 99 155 0
0.661193 0.0499789 0.23515 99 155 0
0.660508 0.0451645 0.236875 99 155 0
0.659611 0.0403995 0.238638 99 155 0
0.658698 0.0356481 0.24043 99 155 0
0.657684 0.0309205 0.24223 99 155 0
0.656767 0.0262014 0.244105 99 155 0
0.655948 0.0215116 0.246095 99 155 0
0.655029 0.0168649 0.24814 99 155 0
0.65392 0.0122067 0.25006 99 155 0
0.652934 0.00755152 0.252051 99 155 0
0.652158 0.00289849 0.254141 99 155 0
0.65081 -0.003038 0.256428 99 155 0
0.649712 -0.00810171 0.257528 99 155 0
0.648859 -0.0132292 0.258576 99 155 0
0.647674 -0.0183759 0.259061 99 155 0
0.646829 -0.023584 0.259601 99 155 0
0.64619 -0.0288237 0.26012 99 155 0
0.645485 -0.0340663 0.260496 99 155 0
0.644779 -0.0392732 0.261003 99 155 0
0.644849 -0.0366478 0.260648 99 155 0
0.646107 -0.0319765 0.26044 99 155 0
0.646995 -0.0272115 0.260178 99 155 0
0.647896 -0.0224473 0.259999 99 155 0
0.648148 -0.0176376 0.259393 99 155 0
0.648558 -0.0128862 0.258499 99 155 0
0.648993 -0.00817722 0.257409 99 155 0
0.649977 -0.000402799 0.254646 99 155 0
0.650612 0.00412096 0.25261 99 155 0
0.651423 0.00867617 0.250712 99 155 0
0.652238 0.0132293 0.24881 99 155 0
0.653046 0.0177552 0.246841 99 155 0
0.653856 0.0222779 0.244865 99 155 0
0.65476 0.0268368 0.243018 99 155 0
0.655562 0.0314097 0.241158 99 155 0
0.656346 0.0359886 0.239305 99 155 0
0.657091 0.0405844 0.237479 100 154 0
0.657753 0.0451878 0.23564 100 154 0
0.658414 0.0498261 0.233894 100 154 0
0.659996 0.0523211 0.233411 100 154 0
0.661923 0.0566423 0.232685 100 154 0
0.663481 0.0610717 0.231683 100 154 0
0.665115 0.0654896 0.230754 100 154 0
0.666643 0.0699351 0.229778 100 154 0
0.668527 0.0742656 0.229041 100 154 0
0.667152 0.076636 0.227668 100 154 0
0.663955 0.0803245 0.225022 100 154 0
0.661039 0.0842782 0.22242 100 154 0
0.658232 0.088369 0.219914 100 154 0
0.655589 0.0926329 0.217521 100 154 0
0.657567 0.0903014 0.218951 100 154 0
0.661223 0.0867765 0.221645 100 154 0
0.664801 0.0832094 0.224389 100 154 0
0.668406 0.0797001 0.227175 100 154 0
0.670316 0.0785967 0.228338 100 154 0
0.672787 0.0745757 0.230585 100 154 0
0.675414 0.070686 0.232888 100 154 0
0.678135 0.0669405 0.235313 100 154 0
0.681093 0.0634918 0.237886 100 154 0
0.684017 0.0639623 0.238772 100 154 0
0.688505 0.0644354 0.240061 100 154 0
0.693009 0.0649072 0.241298 100 154 0
0.697566 0.0652924 0.242358 100 154 0
0.702164 0.0657127 0.243196 100 154 0
0.706776 0.0662534 0.243873 100 154 0
0.703902 0.0660419 0.243505 100 154 0
0.699284 0.0648482 0.242928 100 154 0
0.694639 0.0638451 0.242199 100 154 0
0.690049 0.062718 0.241324 100 154 0
0.685454 0.061777 0.240289 100 154 0
0.682587 0.0616779 0.239289 100 154 0
0.677429 0.0605456 0.237799 100 154 0
0.67228 0.0595939 0.236138 100 154 0
0.66719 0.0587002 0.234291 100 154 0
0.662202 0.0575089 0.232446 100 154 0
0.661193 0.0499789 0.23515 100 154 0
0.660508 0.0451645 0.236875 100 154 0
0.659611 0.0403995 0.238638 100 154 0
0.658698 0.0356481 0.24043 100 154 0
0.657684 0.0309205 0.24223 100 154 0
0.656767 0.0262014 0.244105 100 154 0
0.655948 0.0215116 0.246095 100 154 0
0.655029 0.0168649 0.24814 101 153 0
0.65392 0.0122067 0.25006 101 153 0
0.652934 0.00755152 0.252051 101 153 0
0.652158 0.00289849 0.254141 101 153 0
0.65081 -0.003038 0.256428 101 153 0
0.649712 -0.00810171 0.257528 101 153 0
0.648859 -0.0132292 0.258576 101 153 0
0.647674 -0.0183759 0.259061 101 153 0
0.646829 -0.023584 0.259601 101 153 0
0.64619 -0.0288237 0.26012 101 153 0
0.645485 -0.0340663 0.260496 101 153 0
0.644779 -0.0392732 0.261003 101 153 0
0.644849 -0.0366478 0.260648 101 153 0
0.646107 -0.0319765 0.26044 101 153 0
0.646995 -0.0272115 0.260178 101 153 0
0.647896 -0.0224473 0.259999 101 153 0
0.648148 -0.0176376 0.259393 101 153 0
0.648558 -0.0128862 0.258499 101 153 0
0.648993 -0.00817722 0.257409 101 153 0
0.649977 -0.000402799 0.254646 101 153 0
0.650612 0.00412096 0.25261 101 153 0
0.651423 0.00867617 0.250712 101 153 0
0.652238 0.0132293 0.24881 101 153 0
0.653046 0.0177552 0.246841 101 153 0
0.653856 0.0222779 0.244865 101 153 0
0.65476 0.0268368 0.243018 101 153 0
0.655562 0.0314097 0.241158 101 153 0
0.656346 0.0359886 0.239305 101 153 0
0.657091 0.0405844 0.237479 101 153 0
0.657753 0.0451878 0.23564 101 153 0
0.658414 0.0498261 0.233894 101 153 0
0.659996 0.0523211 0.233411 101 153 0
0.661923 0.0566423 0.232685 101 153 0
0.663481 0.0610717 0.231683 101 153 0
0.665115 0.0654896 0.230754 101 153 0
0.666643 0.0699351 0.229778 101 153 0
0.668527 0.0742656 0.229041 101 153 0
0.667152 0.076636 0.227668 101 153 0
0.663955 0.0803245 0.225022 101 153 0
0.661039 0.0842782 0.22242 101 153 0
0.658232 0.088369 0.219914 101 153 0
0.655589 0.0926329 0.217521 101 153 0
0.65208 0.0965887 0.226008 101 153 0
0.59949 0.103844 0.18226 101 153 0
0.60557 0.0996054 0.175547 101 153 0
0.585588 -0.00270623 0.215216 102 152 0
0.585169 0.00814159 0.210144 102 152 0
0.585074 0.0126493 0.207937 102 152 0
0.584895 0.0170912 0.2056 102 152 0
0.584659 0.0215218 0.203247 102 152 0
0.584559 0.0259859 0.20095 102 152 0
0.584415 0.0304225 0.198602 102 152 0
0.584212 0.0348261 0.196196 102 152 0
0.584038 0.0392206 0.19377 102 152 0
0.583913 0.0436112 0.191335 102 152 0
0.58385 0.0479971 0.188888 102 152 0
0.583837 0.0523223 0.186335 102 152 0
0.583933 0.0566173 0.183734 102 152 0
0.584097 0.0608761 0.181077 102 152 0
0.584301 0.0651683 0.17848 102 152 0
0.584413 0.0694287 0.175827 102 152 0
0.584725 0.0736249 0.173085 102 152 0
0.582268 0.0725274 0.172314 102 152 0
0.577828 0.0712344 0.16893 102 152 0
0.573463 0.0696038 0.165559 102 152 0
0.569214 0.0676447 0.162252 102 152 0
0.567317 0.0684514 0.158494 102 152 0
0.565154 0.0698231 0.154104 102 152 0
0.562999 0.0712997 0.149747 102 152 0
0.560369 0.0723401 0.145523 102 152 0
0.55797 0.0737903 0.141286 102 152 0
0.555536 0.0751578 0.137039 102 152 0
0.556916 0.073968 0.139794 102 152 0
0.559294 0.072572 0.144 102 152 0
0.561854 0.0714574 0.148188 102 152 0
0.564031 0.0699695 0.152473 102 152 0
0.566339 0.0687091 0.156757 102 152 0
0.566968 0.067556 0.159019 102 152 0
0.569543 0.066937 0.163121 102 152 0
0.572191 0.066274 0.167171 102 152 0
0.575059 0.0653829 0.171021 102 152 0
0.578147 0.0644734 0.174689 102 152 0
0.581258 0.0633218 0.178266 102 152 0
0.579461 0.0556016 0.181389 102 152 0
0.578684 0.0512261 0.183157 102 152 0
0.57782 0.0468664 0.184923 102 152 0
0.576905 0.0425032 0.186654 102 152 0
0.576013 0.0381302 0.188373 102 152 0
0.575112 0.0337604 0.190095 102 152 0
0.574197 0.029399 0.191831 102 152 0
0.573252 0.0250464 0.193573 102 152 0
0.572238 0.0206963 0.195282 103 151 0
0.571261 0.0163232 0.196954 103 151 0
0.57026 0.0119549 0.198624 103 151 0
0.569241 0.00761786 0.200363 103 151 0
0.568239 0.00278958 0.202144 103 151 0
0.56741 -0.00174981 0.203577 103 151 0
0.566616 -0.00631913 0.204932 103 151 0
0.565858 -0.0109173 0.206206 103 151 0
0.565155 -0.0155449 0.207404 103 151 0
0.56452 -0.0202038 0.208514 103 151 0
0.56395 -0.024899 0.209499 103 151 0
0.563428 -0.0296244 0.210361 103 151 0
0.562976 -0.0343712 0.211142 103 151 0
0.562547 -0.0391262 0.211881 103 151 0
0.562733 -0.0364547 0.211576 103 151 0
0.563212 -0.0316106 0.210808 103 151 0
0.563716 -0.0267875 0.209934 103 151 0
0.564246 -0.0219876 0.208952 103 151 0
0.56484 -0.0172107 0.207896 103 151 0
0.565516 -0.0124706 0.206731 103 151 0
0.566284 -0.00777993 0.205433 103 151 0
0.567106 -0.00312874 0.204028 103 151 0
0.5688 0.0053591 0.201216 103 151 0
0.569854 0.00988055 0.199416 103 151 0
0.570942 0.0144388 0.197735 103 151 0
0.572121 0.0190046 0.196136 103 151 0
0.573332 0.0235507 0.194504 103 151 0
0.574541 0.0280885 0.192848 103 151 0
0.575731 0.0326436 0.191226 103 151 0
0.576902 0.0372147 0.189636 103 151 0
0.578081 0.0417883 0.188058 103 151 0
0.579268 0.0463494 0.186451 103 151 0
0.580352 0.0509081 0.184769 103 151 0
0.581353 0.0554851 0.183082 103 151 0
0.581364 0.0582231 0.181475 103 151 0
0.581829 0.0622536 0.179273 103 151 0
0.582458 0.066262 0.177068 103 151 0
0.583307 0.0702044 0.174822 103 151 0
0.584204 0.0740853 0.172492 103 151 0
0.585051 0.0778316 0.169928 103 151 0
0.58584 0.0815092 0.167251 103 151 0
0.588183 0.0831052 0.16841 103 151 0
0.591561 0.0859526 0.169431 103 151 0
0.594951 0.0887038 0.170667 103 151 0
0.598203 0.0916356 0.171862 103 151 0
0.601268 0.0946475 0.173311 104 150 0
0.604171 0.0978703 0.174629 104 150 0
0.601758 0.0956489 0.172989 104 150 0
0.598557 0.0933736 0.170841 104 150 0
0.595331 0.0910043 0.168832 104 150 0
0.591942 0.0885488 0.167239 104 150 0
0.588554 0.0860164 0.16577 104 150 0
0.586366 0.0838918 0.165422 104 150 0
0.582967 0.0807876 0.164696 104 150 0
0.579471 0.077843 0.163755 104 150 0
0.575998 0.074864 0.16284 104 150 0
0.572542 0.0719285 0.161738 104 150 0
0.569118 0.068972 0.160592 104 150 0
0.567653 0.069357 0.157984 104 150 0
0.565546 0.0708652 0.153542 104 150 0
0.563111 0.0720468 0.149159 104 150 0
0.560799 0.0736769 0.14485 104 150 0
0.558136 0.0748382 0.140598 104 150 0
0.55579 0.0764224 0.136312 104 150 0
0.557156 0.0749765 0.139356 104 150 0
0.559347 0.0731293 0.143655 104 150 0
0.561693 0.0714862 0.147959 104 150 0
0.563949 0.0699839 0.15236 104 150 0
0.566339 0.0687091 0.156757 104 150 0
0.566968 0.067556 0.159019 104 150 0
0.569543 0.066937 0.163121 104 150 0
0.572191 0.066274 0.167171 104 150 0
0.575059 0.0653829 0.171021 104 150 0
0.578147 0.0644734 0.174689 104 150 0
0.581258 0.0633218 0.178266 104 150 0
0.579461 0.0556016 0.181389 104 150 0
0.578684 0.0512261 0.183157 104 150 0
0.57782 0.0468664 0.184923 104 150 0
0.576905 0.0425032 0.186654 104 150 0
0.576013 0.0381302 0.188373 104 150 0
0.575112 0.0337604 0.190095 104 150 0
0.574197 0.029399 0.191831 104 150 0
0.573252 0.0250464 0.193573 104 150 0
0.572238 0.0206963 0.195282 104 150 0
0.571261 0.0163232 0.196954 104 150 0
0.57026 0.0119549 0.198624 104 150 0
0.569241 0.00761786 0.200363 104 150 0
0.568239 0.00278958 0.202144 104 150 0
0.56741 -0.00174981 0.203577 104 150 0
0.566616 -0.00631913 0.204932 104 150 0
0.565858 -0.0109173 0.206206 105 149 0
0.565155 -0.0155449 0.207404 105 149 0
0.56452 -0.0202038 0.208514 105 149 0
0.56395 -0.024899 0.209499 105 149 0
0.563428 -0.0296244 0.210361 105 149 0
0.562976 -0.0343712 0.211142 105 149 0
0.562547 -0.0391262 0.211881 105 149 0
0.562733 -0.0364547 0.211576 105 149 0
0.563212 -0.0316106 0.210808 105 149 0
0.563716 -0.0267875 0.209934 105 149 0
0.564246 -0.0219876 0.208952 105 149 0
0.56484 -0.0172107 0.207896 105 149 0
0.565516 -0.0124706 0.206731 105 149 0
0.566284 -0.00777993 0.205433 105 149 0
0.567106 -0.00312874 0.204028 105 149 0
0.5688 0.0053591 0.201216 105 149 0
0.569854 0.00988055 0.199416 105 149 0
0.570942 0.0144388 0.197735 105 149 0
0.572121 0.0190046 0.196136 105 149 0
0.573332 0.0235507 0.194504 105 149 0
0.574541 0.0280885 0.192848 105 149 0
0.575731 0.0326436 0.191226 105 149 0
0.576902 0.0372147 0.189636 105 149 0
0.578081 0.0417883 0.188058 105 149 0
0.579268 0.0463494 0.186451 105 149 0
0.580352 0.0509081 0.184769 105 149 0
0.581353 0.0554851 0.183082 105 149 0
0.581364 0.0582231 0.181475 105 149 0
0.581829 0.0622536 0.179273 105 149 0
0.582458 0.066262 0.177068 105 149 0
0.583307 0.0702044 0.174822 105 149 0
0.584204 0.0740853 0.172492 105 149 0
0.585051 0.0778316 0.169928 105 149 0
0.58584 0.0815092 0.167251 105 149 0
0.588183 0.0831052 0.16841 105 149 0
0.591561 0.0859526 0.169431 105 149 0
0.594951 0.0887038 0.170667 105 149 0
0.598203 0.0916356 0.171862 105 149 0
0.601268 0.0946475 0.173311 105 149 0
0.604171 0.0978703 0.174629 105 149 0
0.597936 0.101889 0.181336 105 149 0
0.649893 0.0984774 0.22463 105 149 0
0.65357 0.0945753 0.216189 105 149 0
0.655589 0.0926329 0.217521 105 149 0
0.658858 0.0891843 0.219897 105 149 0
0.662029 0.0857091 0.222358 105 149 0
0.665103 0.0822014 0.224899 106 148 0
0.668135 0.0786798 0.227467 106 148 0
0.668997 0.0761829 0.228618 106 148 0
0.672341 0.07296 0.230939 106 148 0
0.675299 0.0694257 0.233331 106 148 0
0.678076 0.0658066 0.23582 106 148 0
0.680729 0.0621528 0.238392 106 148 0
0.683701 0.0629774 0.239118 106 148 0
0.688245 0.0631391 0.240567 106 148 0
0.692833 0.0636505 0.241801 106 148 0
0.69745 0.0645617 0.242646 106 148 0
0.702096 0.065492 0.243274 106 148 0
0.706776 0.0662534 0.243873 106 148 0
0.703902 0.0660419 0.243505 106 148 0
0.699284 0.0648482 0.242928 106 148 0
0.694639 0.0638451 0.242199 106 148 0
0.690049 0.062718 0.241324 106 148 0
0.685454 0.061777 0.240289 106 148 0
0.682587 0.0616779 0.239289 106 148 0
0.677429 0.0605456 0.237799 106 148 0
0.67228 0.0595939 0.236138 106 148 0
0.66719 0.0587002 0.234291 106 148 0
0.662202 0.0575089 0.232446 106 148 0
0.661193 0.0499789 0.23515 106 148 0
0.660508 0.0451645 0.236875 106 148 0
0.659611 0.0403995 0.238638 106 148 0
0.658698 0.0356481 0.24043 106 148 0
0.657684 0.0309205 0.24223 106 148 0
0.656767 0.0262014 0.244105 106 148 0
0.655948 0.0215116 0.246095 106 148 0
0.655029 0.0168649 0.24814 106 148 0
0.65392 0.0122067 0.25006 106 148 0
0.652934 0.00755152 0.252051 106 148 0
0.652158 0.00289849 0.254141 106 148 0
0.65081 -0.003038 0.256428 106 148 0
0.649712 -0.00810171 0.257528 106 148 0
0.648859 -0.0132292 0.258576 106 148 0
0.647674 -0.0183759 0.259061 106 148 0
0.646829 -0.023584 0.259601 106 148 0
0.64619 -0.0288237 0.26012 106 148 0
0.645485 -0.0340663 0.260496 106 148 0
0.644779 -0.0392732 0.261003 106 148 0
0.644849 -0.0366478 0.260648 106 148 0
0.646107 -0.0319765 0.26044 106 148 0
0.646995 -0.0272115 0.260178 106 148 0
0.647896 -0.0224473 0.259999 107 147 0
0.648148 -0.0176376 0.259393 107 147 0
0.648558 -0.0128862 0.258499 107 147 0
0.648993 -0.00817722 0.257409 107 147 0
0.649977 -0.000402799 0.254646 107 147 0
0.650612 0.00412096 0.25261 107 147 0
0.651423 0.00867617 0.250712 107 147 0
0.652238 0.0132293 0.24881 107 147 0
0.653046 0.0177552 0.246841 107 147 0
0.653856 0.0222779 0.244865 107 147 0
0.65476 0.0268368 0.243018 107 147 0
0.655562 0.0314097 0.241158 107 147 0
0.656346 0.0359886 0.239305 107 147 0
0.657091 0.0405844 0.237479 107 147 0
0.657753 0.0451878 0.23564 107 147 0
0.658414 0.0498261 0.233894 107 147 0
0.659996 0.0523211 0.233411 107 147 0
0.661923 0.0566423 0.232685 107 147 0
0.663481 0.0610717 0.231683 107 147 0
0.665115 0.0654896 0.230754 107 147 0
0.666643 0.0699351 0.229778 107 147 0
0.668527 0.0742656 0.229041 107 147 0
0.667152 0.076636 0.227668 107 147 0
0.663955 0.0803245 0.225022 107 147 0
0.661039 0.0842782 0.22242 107 147 0
0.658232 0.088369 0.219914 107 147 0
0.655589 0.0926329 0.217521 107 147 0
0.657567 0.0903014 0.218951 107 147 0
0.661223 0.0867765 0.221645 107 147 0
0.664801 0.0832094 0.224389 107 147 0
0.668406 0.0797001 0.227175 107 147 0
0.670316 0.0785967 0.228338 107 147 0
0.672787 0.0745757 0.230585 107 147 0
0.675414 0.070686 0.232888 107 147 0
0.678135 0.0669405 0.235313 107 147 0
0.681093 0.0634918 0.237886 107 147 0
0.684017 0.0639623 0.238772 107 147 0
0.688505 0.0644354 0.240061 107 147 0
0.693009 0.0649072 0.241298 107 147 0
0.697566 0.0652924 0.242358 107 147 0
0.702164 0.0657127 0.243196 107 147 0
0.706776 0.0662534 0.243873 107 147 0
0.703902 0.0660419 0.243505 107 147 0
0.699284 0.0648482 0.242928 107 147 0
0.694639 0.0638451 0.242199 107 147 0
0.690049 0.062718 0.241324 107 147 0
0.685454 0.061777 0.240289 108 146 0
0.682587 0.0616779 0.239289 108 146 0
0.677429 0.0605456 0.237799 108 146 0
0.67228 0.0595939 0.236138 108 146 0
0.66719 0.0587002 0.234291 108 146 0
0.662202 0.0575089 0.232446 108 146 0
0.661193 0.0499789 0.23515 108 146 0
0.660508 0.0451645 0.236875 108 146 0
0.659611 0.0403995 0.238638 108 146 0
0.658698 0.0356481 0.24043 108 146 0
0.657684 0.0309205 0.24223 108 146 0
0.656767 0.0262014 0.244105 108 146 0
0.655948 0.0215116 0.246095 108 146 0
0.655029 0.0168649 0.24814 108 146 0
0.65392 0.0122067 0.25006 108 146 0
0.652934 0.00755152 0.252051 108 146 0
0.652158 0.00289849 0.254141 108 146 0
0.65081 -0.003038 0.256428 108 146 0
0.649712 -0.00810171 0.257528 108 146 0
0.648859 -0.0132292 0.258576 108 146 0
0.647674 -0.0183759 0.259061 108 146 0
0.646829 -0.023584 0.259601 108 146 0
0.64619 -0.0288237 0.26012 108 146 0
0.645485 -0.0340663 0.260496 108 146 0
0.644779 -0.0392732 0.261003 108 146 0
0.644849 -0.0366478 0.260648 108 146 0
0.646107 -0.0319765 0.26044 108 146 0
0.646995 -0.0272115 0.260178 108 146 0
0.647896 -0.0224473 0.259999 108 146 0
0.648148 -0.0176376 0.259393 108 146 0
0.648558 -0.0128862 0.258499 108 146 0
0.648993 -0.00817722 0.257409 108 146 0
0.649977 -0.000402799 0.254646 108 146 0
0.650612 0.00412096 0.25261 108 146 0
0.651423 0.00867617 0.250712 108 146 0
0.652238 0.0132293 0.24881 108 146 0
0.653046 0.0177552 0.246841 108 146 0
0.653856 0.0222779 0.244865 108 146 0
0.65476 0.0268368 0.243018 108 146 0
0.655562 0.0314097 0.241158 108 146 0
0.656346 0.0359886 0.239305 108 146 0
0.657091 0.0405844 0.237479 108 146 0
0.657753 0.0451878 0.23564 108 146 0
0.658414 0.0498261 0.233894 108 146 0
0.659996 0.0523211 0.233411 108 146 0
0.661923 0.0566423 0.232685 109 145 0
0.663481 0.0610717 0.231683 109 145 0
0.665115 0.0654896 0.230754 109 145 0
0.666643 0.0699351 0.229778 109 145 0
0.668527 0.0742656 0.229041 109 145 0
0.667152 0.076636 0.227668 109 145 0
0.663955 0.0803245 0.225022 109 145 0
0.661039 0.0842782 0.22242 109 145 0
0.658232 0.088369 0.219914 109 145 0
0.655589 0.0926329 0.217521 109 145 0
0.65208 0.0965887 0.226008 109 145 0
0.59949 0.103844 0.18226 109 145 0
0.60557 0.0996054 0.175547 109 145 0
0.585588 -0.00270623 0.215216 109 145 0
0.585169 0.00814159 0.210144 109 145 0
0.585074 0.0126493 0.207937 109 145 0
0.584895 0.0170912 0.2056 109 145 0
0.584659 0.0215218 0.203247 109 145 0
0.584559 0.0259859 0.20095 109 145 0
0.584415 0.0304225 0.198602 109 145 0
0.584212 0.0348261 0.196196 109 145 0
0.584038 0.0392206 0.19377 109 145 0
0.583913 0.0436112 0.191335 109 145 0
0.58385 0.0479971 0.188888 109 145 0
0.583837 0.0523223 0.186335 109 145 0
0.583933 0.0566173 0.183734 109 145 0
0.584097 0.0608761 0.181077 109 145 0
0.584301 0.0651683 0.17848 109 145 0
0.584413 0.0694287 0.175827 109 145 0
0.584725 0.0736249 0.173085 109 145 0
0.582268 0.0725274 0.172314 109 145 0
0.577828 0.0712344 0.16893 109 145 0
0.573463 0.0696038 0.165559 109 145 0
0.569214 0.0676447 0.162252 109 145 0
0.567317 0.0684514 0.158494 109 145 0
0.565154 0.0698231 0.154104 109 145 0
0.562999 0.0712997 0.149747 109 145 0
0.560369 0.0723401 0.145523 109 145 0
0.55797 0.0737903 0.141286 109 145 0
0.555536 0.0751578 0.137039 109 145 0
0.556916 0.073968 0.139794 109 145 0
0.559294 0.072572 0.144 109 145 0
0.561854 0.0714574 0.148188 109 145 0
0.564031 0.0699695 0.152473 109 145 0
0.566339 0.0687091 0.156757 109 145 0
0.566968 0.067556 0.159019 109 145 0
0.569543 0.066937 0.163121 110 144 0
0.572191 0.066274 0.167171 110 144 0
0.575059 0.0653829 0.171021 110 144 0
0.578147 0.0644734 0.174689 110 144 0
0.581258 0.0633218 0.178266 110 144 0
0.579461 0.0556016 0.181389 110 144 0
0.578684 0.0512261 0.183157 110 144 0
0.57782 0.0468664 0.184923 110 144 0
0.576905 0.0425032 0.186654 110 144 0
0.576013 0.0381302 0.188373 110 144 0
0.575112 0.0337604 0.190095 110 144 0
0.574197 0.029399 0.191831 110 144 0
0.573252 0.0250464 0.193573 110 144 0
0.572238 0.0206963 0.195282 110 144 0
0.571261 0.0163232 0.196954 110 144 0
0.57026 0.0119549 0.198624 110 144 0
0.569241 0.00761786 0.200363 110 144 0
0.568239 0.00278958 0.202144 110 144 0
0.56741 -0.00174981 0.203577 110 144 0
0.566616 -0.00631913 0.204932 110 144 0
0.565858 -0.0109173 0.206206 110 144 0
0.565155 -0.0155449 0.207404 110 144 0
0.56452 -0.0202038 0.208514 110 144 0
0.56395 -0.024899 0.209499 110 144 0
0.563428 -0.0296244 0.210361 110 144 0
0.562976 -0.0343712 0.211142 110 144 0
0.562547 -0.0391262 0.211881 110 144 0
0.562733 -0.0364547 0.211576 110 144 0
0.563212 -0.0316106 0.210808 110 144 0
0.563716 -0.0267875 0.209934 110 144 0
0.564246 -0.0219876 0.208952 110 144 0
0.56484 -0.0172107 0.207896 110 144 0
0.565516 -0.0124706 0.206731 110 144 0
0.566284 -0.00777993 0.205433 110 144 0
0.567106 -0.00312874 0.204028 110 144 0
0.5688 0.0053591 0.201216 110 144 0
0.569854 0.00988055 0.199416 110 144 0
0.570942 0.0144388 0.197735 110 144 0
0.572121 0.0190046 0.196136 110 144 0
0.573332 0.0235507 0.194504 110 144 0
0.574541 0.0280885 0.192848 110 144 0
0.575731 0.0326436 0.191226 110 144 0
0.576902 0.0372147 0.189636 110 144 0
0.578081 0.0417883 0.188058 110 144 0
0.579268 0.0463494 0.186451 110 144 0
0.580352 0.0509081 0.184769 111 143 0
0.581353 0.0554851 0.183082 111 143 0
0.581364 0.0582231 0.181475 111 143 0
0.581829 0.0622536 0.179273 111 143 0
0.582458 0.066262 0.177068 111 143 0
0.583307 0.0702044 0.174822 111 143 0
0.584204 0.0740853 0.172492 111 143 0
0.585051 0.0778316 0.169928 111 143 0
0.58584 0.0815092 0.167251 111 143 0
0.588183 0.0831052 0.16841 111 143 0
0.591561 0.0859526 0.169431 111 143 0
0.594951 0.0887038 0.170667 111 143 0
0.598203 0.0916356 0.171862 111 143 0
0.601268 0.0946475 0.173311 111 143 0
0.604171 0.0978703 0.174629 111 143 0
0.601758 0.0956489 0.172989 111 143 0
0.598557 0.0933736 0.170841 111 143 0
0.595331 0.0910043 0.168832 111 143 0
0.591942 0.0885488 0.167239 111 143 0
0.588554 0.0860164 0.16577 111 143 0
0.586366 0.0838918 0.165422 111 143 0
0.582967 0.0807876 0.164696 111 143 0
0.579471 0.077843 0.163755 111 143 0
0.575998 0.074864 0.16284 111 143 0
0.572542 0.0719285 0.161738 111 143 0
0.569118 0.068972 0.160592 111 143 0
0.567653 0.069357 0.157984 111 143 0
0.565546 0.0708652 0.153542 111 143 0
0.563111 0.0720468 0.149159 111 143 0
0.560799 0.0736769 0.14485 111 143 0
0.558136 0.0748382 0.140598 111 143 0
0.55579 0.0764224 0.136312 111 143 0
0.557156 0.0749765 0.139356 111 143 0
0.559347 0.0731293 0.143655 111 143 0
0.561693 0.0714862 0.147959 111 143 0
0.563949 0.0699839 0.15236 111 143 0
0.566339 0.0687091 0.156757 111 143 0
0.566968 0.067556 0.159019 111 143 0
0.569543 0.066937 0.163121 111 143 0
0.572191 0.066274 0.167171 111 143 0
0.575059 0.0653829 0.171021 111 143 0
0.578147 0.0644734 0.174689 111 143 0
0.581258 0.0633218 0.178266 111 143 0
0.579461 0.0556016 0.181389 111 143 0
0.578684 0.0512261 0.183157 111 143 0
0.57782 0.0468664 0.184923 112 142 0
0.576905 0.0425032 0.186654 112 142 0
0.576013 0.0381302 0.188373 112 142 0
0.575112 0.0337604 0.190095 112 142 0
0.574197 0.029399 0.191831 112 142 0
0.573252 0.0250464 0.193573 112 142 0
0.572238 0.0206963 0.195282 112 142 0
0.571261 0.0163232 0.196954 112 142 0
0.57026 0.0119549 0.198624 112 142 0
0.569241 0.00761786 0.200363 112 142 0
0.568239 0.00278958 0.202144 112 142 0
0.56741 -0.00174981 0.203577 112 142 0
0.566616 -0.00631913 0.204932 112 142 0
0.565858 -0.0109173 0.206206 112 142 0
0.565155 -0.0155449 0.207404 112 142 0
0.56452 -0.0202038 0.208514 112 142 0
0.56395 -0.024899 0.209499 112 142 0
0.563428 -0.0296244 0.210361 112 142 0
0.562976 -0.0343712 0.211142 112 142 0
0.562547 -0.0391262 0.211881 112 142 0
0.562733 -0.0364547 0.211576 112 142 0
0.563212 -0.0316106 0.210808 112 142 0
0.563716 -0.0267875 0.209934 112 142 0
0.564246 -0.0219876 0.208952 112 142 0
0.56484 -0.0172107 0.207896 112 142 0
0.565516 -0.0124706 0.206731 112 142 0
0.566284 -0.00777993 0.205433 112 142 0
0.567106 -0.00312874 0.204028 112 142 0
0.5688 0.0053591 0.201216 112 142 0
0.569854 0.00988055 0.199416 112 142 0
0.570942 0.0144388 0.197735 112 142 0
0.572121 0.0190046 0.196136 112 142 0
0.573332 0.0235507 0.194504 112 142 0
0.574541 0.0280885 0.192848 112 142 0
0.575731 0.0326436 0.191226 112 142 0
0.576902 0.0372147 0.189636 112 142 0
0.578081 0.0417883 0.188058 112 142 0
0.579268 0.0463494 0.186451 112 142 0
0.580352 0.0509081 0.184769 112 142 0
0.581353 0.0554851 0.183082 112 142 0
0.581364 0.0582231 0.181475 112 142 0
0.581829 0.0622536 0.179273 112 142 0
0.582458 0.066262 0.177068 112 142 0
0.583307 0.0702044 0.174822 112 142 0
0.584204 0.0740853 0.172492 112 142 0
0.585051 0.0778316 0.169928 112 142 0
0.58584 0.0815092 0.167251 113 141 0
0.588183 0.0831052 0.16841 113 141 0
0.591561 0.0859526 0.169431 113 141 0
0.594951 0.0887038 0.170667 113 141 0
0.598203 0.0916356 0.171862 113 141 0
0.601268 0.0946475 0.173311 113 141 0
0.604171 0.0978703 0.174629 113 141 0
0.597936 0.101889 0.181336 113 141 0
0.649893 0.0984774 0.22463 113 141 0
0.65357 0.0945753 0.216189 113 141 0
0.655589 0.0926329 0.217521 113 141 0
0.658858 0.0891843 0.219897 113 141 0
0.662029 0.0857091 0.222358 113 141 0
0.665103 0.0822014 0.224899 113 141 0
0.668135 0.0786798 0.227467 113 141 0
0.668997 0.0761829 0.228618 113 141 0
0.672341 0.07296 0.230939 113 141 0
0.675299 0.0694257 0.233331 113 141 0
0.678076 0.0658066 0.23582 113 141 0
0.680729 0.0621528 0.238392 113 141 0
0.683701 0.0629774 0.239118 113 141 0
0.688245 0.0631391 0.240567 113 141 0
0.692833 0.0636505 0.241801 113 141 0
0.69745 0.0645617 0.242646 113 141 0
0.702096 0.065492 0.243274 113 141 0
0.706776 0.0662534 0.243873 113 141 0
0.703902 0.0660419 0.243505 113 141 0
0.699284 0.0648482 0.242928 113 141 0
0.694639 0.0638451 0.242199 113 141 0
0.690049 0.062718 0.241324 113 141 0
0.685454 0.061777 0.240289 113 141 0
0.682587 0.0616779 0.239289 113 141 0
0.677429 0.0605456 0.237799 113 141 0
0.67228 0.0595939 0.236138 113 141 0
0.66719 0.0587002 0.234291 113 141 0
0.662202 0.0575089 0.232446 113 141 0
0.661193 0.0499789 0.23515 113 141 0
0.660508 0.0451645 0.236875 113 141 0
0.659611 0.0403995 0.238638 113 141 0
0.658698 0.0356481 0.24043 113 141 0
0.657684 0.0309205 0.24223 113 141 0
0.656767 0.0262014 0.244105 113 141 0
0.655948 0.0215116 0.246095 113 141 0
0.655029 0.0168649 0.24814 113 141 0
0.65392 0.0122067 0.25006 113 141 0
0.652934 0.00755152 0.252051 114 140 0
0.652158 0.00289849 0.254141 114 140 0
0.65081 -0.003038 0.256428 114 140 0
0.649712 -0.00810171 0.257528 114 140 0
0.648859 -0.0132292 0.258576 114 140 0
0.647674 -0.0183759 0.259061 114 140 0
0.646829 -0.023584 0.259601 114 140 0
0.64619 -0.0288237 0.26012 114 140 0
0.645485 -0.0340663 0.260496 114 140 0
0.644779 -0.0392732 0.261003 114 140 0
0.644849 -0.0366478 0.260648 114 140 0
0.646107 -0.0319765 0.26044 114 140 0
0.646995 -0.0272115 0.260178 114 140 0
0.647896 -0.0224473 0.259999 114 140 0
0.648148 -0.0176376 0.259393 114 140 0
0.648558 -0.0128862 0.258499 114 140 0
0.648993 -0.00817722 0.257409 114 140 0
0.649977 -0.000402799 0.254646 114 140 0
0.650612 0.00412096 0.25261 114 140 0
0.651423 0.00867617 0.250712 114 140 0
0.652238 0.0132293 0.24881 114 140 0
0.653046 0.0177552 0.246841 114 140 0
0.653856 0.0222779 0.244865 114 140 0
0.65476 0.0268368 0.243018 114 140 0
0.655562 0.0314097 0.241158 114 140 0
0.656346 0.0359886 0.239305 114 140 0
0.657091 0.0405844 0.237479 114 140 0
0.657753 0.0451878 0.23564 114 140 0
0.658414 0.0498261 0.233894 114 140 0
0.659996 0.0523211 0.233411 114 140 0
0.661923 0.0566423 0.232685 114 140 0
0.663481 0.0610717 0.231683 114 140 0
0.665115 0.0654896 0.230754 114 140 0
0.666643 0.0699351 0.229778 114 140 0
0.668527 0.0742656 0.229041 114 140 0
0.667152 0.076636 0.227668 114 140 0
0.663955 0.0803245 0.225022 114 140 0
0.661039 0.0842782 0.22242 114 140 0
0.658232 0.088369 0.219914 114 140 0
0.655589 0.0926329 0.217521 114 140 0
0.657567 0.0903014 0.218951 114 140 0
0.661223 0.0867765 0.221645 114 140 0
0.664801 0.0832094 0.224389 114 140 0
0.668406 0.0797001 0.227175 114 140 0
0.670316 0.0785967 0.228338 114 140 0
0.672787 0.0745757 0.230585 114 140 0
0.675414 0.070686 0.232888 115 139 0
0.678135 0.0669405 0.235313 115 139 0
0.681093 0.0634918 0.237886 115 139 0
0.684017 0.0639623 0.238772 115 139 0
0.688505 0.0644354 0.240061 115 139 0
0.693009 0.0649072 0.241298 115 139 0
0.697566 0.0652924 0.242358 115 139 0
0.702164 0.0657127 0.243196 115 139 0
0.706776 0.0662534 0.243873 115 139 0
0.703902 0.0660419 0.243505 115 139 0
0.699284 0.0648482 0.242928 115 139 0
0.694639 0.0638451 0.242199 115 139 0
0.690049 0.062718 0.241324 115 139 0
0.685454 0.061777 0.240289 115 139 0
0.682587 0.0616779 0.239289 115 139 0
0.677429 0.0605456 0.237799 115 139 0
0.67228 0.0595939 0.236138 115 139 0
0.66719 0.0587002 0.234291 115 139 0
0.662202 0.0575089 0.232446 115 139 0
0.661193 0.0499789 0.23515 115 139 0
0.660508 0.0451645 0.236875 115 139 0
0.659611 0.0403995 0.238638 115 139 0
0.658698 0.0356481 0.24043 115 139 0
0.657684 0.0309205 0.24223 115 139 0
0.656767 0.0262014 0.244105 115 139 0
0.655948 0.0215116 0.246095 115 139 0
0.655029 0.0168649 0.24814 115 139 0
0.65392 0.0122067 0.25006 115 139 0
0.652934 0.00755152 0.252051 115 139 0
0.652158 0.00289849 0.254141 115 139 0
0.65081 -0.003038 0.256428 115 139 0
0.649712 -0.00810171 0.257528 115 139 0
0.648859 -0.0132292 0.258576 115 139 0
0.647674 -0.0183759 0.259061 115 139 0
0.646829 -0.023584 0.259601 115 139 0
0.64619 -0.0288237 0.26012 115 139 0
0.645485 -0.0340663 0.260496 115 139 0
0.644779 -0.0392732 0.261003 115 139 0
0.644849 -0.0366478 0.260648 115 139 0
0.646107 -0.0319765 0.26044 115 139 0
0.646995 -0.0272115 0.260178 115 139 0
0.647896 -0.0224473 0.259999 115 139 0
0.648148 -0.0176376 0.259393 115 139 0
0.648558 -0.0128862 0.258499 115 139 0
0.648993 -0.00817722 0.257409 115 139 0
0.649977 -0.000402799 0.254646 116 138 0
0.650612 0.00412096 0.25261 116 138 0
0.651423 0.00867617 0.250712 116 138 0
0.652238 0.0132293 0.24881 116 138 0
0.653046 0.0177552 0.246841 116 138 0
0.653856 0.0222779 0.244865 116 138 0
0.65476 0.0268368 0.243018 116 138 0
0.655562 0.0314097 0.241158 116 138 0
0.656346 0.0359886 0.239305 116 138 0
0.657091 0.0405844 0.237479 116 138 0
0.657753 0.0451878 0.23564 116 138 0
0.658414 0.0498261 0.233894 116 138 0
0.659996 0.0523211 0.233411 116 138 0
0.661923 0.0566423 0.232685 116 138 0
0.663481 0.0610717 0.231683 116 138 0
0.665115 0.0654896 0.230754 116 138 0
0.666643 0.0699351 0.229778 116 138 0
0.668527 0.0742656 0.229041 116 138 0
0.667152 0.076636 0.227668 116 138 0
0.663955 0.0803245 0.225022 116 138 0
0.661039 0.0842782 0.22242 116 138 0
0.658232 0.088369 0.219914 116 138 0
0.655589 0.0926329 0.217521 116 138 0
0.65208 0.0965887 0.226008 116 138 0
0.59949 0.103844 0.18226 116 138 0
0.60557 0.0996054 0.175547 116 138 0
0.585588 -0.00270623 0.215216 116 138 0
0.585169 0.00814159 0.210144 116 138 0
0.585074 0.0126493 0.207937 116 138 0
0.584895 0.0170912 0.2056 116 138 0
0.584659 0.0215218 0.203247 116 138 0
0.584559 0.0259859 0.20095 116 138 0
0.584415 0.0304225 0.198602 116 138 0
0.584212 0.0348261 0.196196 116 138 0
0.584038 0.0392206 0.19377 116 138 0
0.583913 0.0436112 0.191335 116 138 0
0.58385 0.0479971 0.188888 116 138 0
0.583837 0.0523223 0.186335 116 138 0
0.583933 0.0566173 0.183734 116 138 0
0.584097 0.0608761 0.181077 116 138 0
0.584301 0.0651683 0.17848 116 138 0
0.584413 0.0694287 0.175827 116 138 0
0.584725 0.0736249 0.173085 116 138 0
0.582268 0.0725274 0.172314 116 138 0
0.577828 0.0712344 0.16893 116 138 0
0.573463 0.0696038 0.165559 116 138 0
0.569214 0.0676447 0.162252 117 137 0
0.567317 0.0684514 0.158494 117 137 0
0.565154 0.0698231 0.154104 117 137 0
0.562999 0.0712997 0.149747 117 137 0
0.560369 0.0723401 0.145523 117 137 0
0.55797 0.0737903 0.141286 117 137 0
0.555536 0.0751578 0.137039 117 137 0
0.556916 0.073968 0.139794 117 137 0
0.559294 0.072572 0.144 117 137 0
0.561854 0.0714574 0.148188 117 137 0
0.564031 0.0699695 0.152473 117 137 0
0.566339 0.0687091 0.156757 117 137 0
0.566968 0.067556 0.159019 117 137 0
0.569543 0.066937 0.163121 117 137 0
0.572191 0.066274 0.167171 117 137 0
0.575059 0.0653829 0.171021 117 137 0
0.578147 0.0644734 0.174689 117 137 0
0.581258 0.0633218 0.178266 117 137 0
0.579461 0.0556016 0.181389 117 137 0
0.578684 0.0512261 0.183157 117 137 0
0.57782 0.0468664 0.184923 117 137 0
0.576905 0.0425032 0.186654 117 137 0
0.576013 0.0381302 0.188373 117 137 0
0.575112 0.0337604 0.190095 117 137 0
0.574197 0.029399 0.191831 117 137 0
0.573252 0.0250464 0.193573 117 137 0
0.572238 0.0206963 0.195282 117 137 0
0.571261 0.0163232 0.196954 117 137 0
0.57026 0.0119549 0.198624 117 137 0
0.569241 0.00761786 0.200363 117 137 0
0.568239 0.00278958 0.202144 117 137 0
0.56741 -0.00174981 0.203577 117 137 0
0.566616 -0.00631913 0.204932 117 137 0
0.565858 -0.0109173 0.206206 117 137 0
0.565155 -0.0155449 0.207404 117 137 0
0.56452 -0.0202038 0.208514 117 137 0
0.56395 -0.024899 0.209499 117 137 0
0.563428 -0.0296244 0.210361 117 137 0
0.562976 -0.0343712 0.211142 117 137 0
0.562547 -0.0391262 0.211881 117 137 0
0.562733 -0.0364547 0.211576 117 137 0
0.563212 -0.0316106 0.210808 117 137 0
0.563716 -0.0267875 0.209934 117 137 0
0.564246 -0.0219876 0.208952 117 137 0
0.56484 -0.0172107 0.207896 117 137 0
0.565516 -0.0124706 0.206731 118 136 0
0.566284 -0.00777993 0.205433 118 136 0
0.567106 -0.00312874 0.204028 118 136 0
0.5688 0.0053591 0.201216 118 136 0
0.569854 0.00988055 0.199416 118 136 0
0.570942 0.0144388 0.197735 118 136 0
0.572121 0.0190046 0.196136 118 136 0
0.573332 0.0235507 0.194504 118 136 0
0.574541 0.0280885 0.192848 118 136 0
0.575731 0.0326436 0.191226 118 136 0
0.576902 0.0372147 0.189636 118 136 0
0.578081 0.0417883 0.188058 118 136 0
0.579268 0.0463494 0.186451 118 136 0
0.580352 0.0509081 0.184769 118 136 0
0.581353 0.0554851 0.183082 118 136 0
0.581364 0.0582231 0.181475 118 136 0
0.581829 0.0622536 0.179273 118 136 0
0.582458 0.066262 0.177068 118 136 0
0.583307 0.0702044 0.174822 118 136 0
0.584204 0.0740853 0.172492 118 136 0
0.585051 0.0778316 0.169928 118 136 0
0.58584 0.0815092 0.167251 118 136 0
0.588183 0.0831052 0.16841 118 136 0
0.591561 0.0859526 0.169431 118 136 0
0.594951 0.0887038 0.170667 118 136 0
0.598203 0.0916356 0.171862 118 136 0
0.601268 0.0946475 0.173311 118 136 0
0.604171 0.0978703 0.174629 118 136 0
0.601758 0.0956489 0.172989 118 136 0
0.598557 0.0933736 0.170841 118 136 0
0.595331 0.0910043 0.168832 118 136 0
0.591942 0.0885488 0.167239 118 136 0
0.588554 0.0860164 0.16577 118 136 0
0.586366 0.0838918 0.165422 118 136 0
0.582967 0.0807876 0.164696 118 136 0
0.579471 0.077843 0.163755 118 136 0
0.575998 0.074864 0.16284 118 136 0
0.572542 0.0719285 0.161738 118 136 0
0.569118 0.068972 0.160592 118 136 0
0.567653 0.069357 0.157984 118 136 0
0.565546 0.0708652 0.153542 118 136 0
0.563111 0.0720468 0.149159 118 136 0
0.560799 0.0736769 0.14485 118 136 0
0.558136 0.0748382 0.140598 118 136 0
0.55579 0.0764224 0.136312 118 136 0
0.557156 0.0749765 0.139356 119 135 0
0.559347 0.0731293 0.143655 119 135 0
0.561693 0.0714862 0.147959 119 135 0
0.563949 0.0699839 0.15236 119 135 0
0.566339 0.0687091 0.156757 119 135 0
0.566968 0.067556 0.159019 119 135 0
0.569543 0.066937 0.163121 119 135 0
0.572191 0.066274 0.167171 119 135 0
0.575059 0.0653829 0.171021 119 135 0
0.578147 0.0644734 0.174689 119 135 0
0.581258 0.0633218 0.178266 119 135 0
0.579461 0.0556016 0.181389 119 135 0
0.578684 0.0512261 0.183157 119 135 0
0.57782 0.0468664 0.184923 119 135 0
0.576905 0.0425032 0.186654 119 135 0
0.576013 0.0381302 0.188373 119 135 0
0.575112 0.0337604 0.190095 119 135 0
0.574197 0.029399 0.191831 119 135 0
0.573252 0.0250464 0.193573 119 135 0
0.572238 0.0206963 0.195282 119 135 0
0.571261 0.0163232 0.196954 119 135 0
0.57026 0.0119549 0.198624 119 135 0
0.569241 0.00761786 0.200363 119 135 0
0.568239 0.00278958 0.202144 119 135 0
0.56741 -0.00174981 0.203577 119 135 0
0.566616 -0.00631913 0.204932 119 135 0
0.565858 -0.0109173 0.206206 119 135 0
0.565155 -0.0155449 0.207404 119 135 0
0.56452 -0.0202038 0.208514 119 135 0
0.56395 -0.024899 0.209499 119 135 0
0.563428 -0.0296244 0.210361 119 135 0
0.562976 -0.0343712 0.211142 119 135 0
0.562547 -0.0391262 0.211881 119 135 0
0.562733 -0.0364547 0.211576 119 135 0
0.563212 -0.0316106 0.210808 119 135 0
0.563716 -0.0267875 0.209934 119 135 0
0.564246 -0.0219876 0.208952 119 135 0
0.56484 -0.0172107 0.207896 119 135 0
0.565516 -0.0124706 0.206731 119 135 0
0.566284 -0.00777993 0.205433 119 135 0
0.567106 -0.00312874 0.204028 119 135 0
0.5688 0.0053591 0.201216 119 135 0
0.569854 0.00988055 0.199416 119 135 0
0.570942 0.0144388 0.197735 119 135 0
0.572121 0.0190046 0.196136 119 135 0
0.573332 0.0235507 0.194504 119 135 0
0.574541 0.0280885 0.192848 120 134 0
0.575731 0.0326436 0.191226 120 134 0
0.576902 0.0372147 0.189636 120 134 0
0.578081 0.0417883 0.188058 120 134 0
0.579268 0.0463494 0.186451 120 134 0
0.580352 0.0509081 0.184769 120 134 0
0.581353 0.0554851 0.183082 120 134 0
0.581364 0.0582231 0.181475 120 134 0
0.581829 0.0622536 0.179273 120 134 0
0.582458 0.066262 0.177068 120 134 0
0.583307 0.0702044 0.174822 120 134 0
0.584204 0.0740853 0.172492 120 134 0
0.585051 0.0778316 0.169928 120 134 0
0.58584 0.0815092 0.167251 120 134 0
0.588183 0.0831052 0.16841 120 134 0
0.591561 0.0859526 0.169431 120 134 0
0.594951 0.0887038 0.170667 120 134 0
0.598203 0.0916356 0.171862 120 134 0
0.601268 0.0946475 0.173311 120 134 0
0.604171 0.0978703 0.174629 120 134 0
0.597936 0.101889 0.181336 120 134 0
0.649893 0.0984774 0.22463 120 134 0
0.65357 0.0945753 0.216189 120 134 0
0.655589 0.0926329 0.217521 120 134 0
0.658858 0.0891843 0.219897 120 134 0
0.662029 0.0857091 0.222358 120 134 0
0.665103 0.0822014 0.224899 120 134 0
0.668135 0.0786798 0.227467 120 134 0
0.668997 0.0761829 0.228618 120 134 0
0.672341 0.07296 0.230939 120 134 0
0.675299 0.0694257 0.233331 120 134 0
0.678076 0.0658066 0.23582 120 134 0
0.680729 0.0621528 0.238392 120 134 0
0.683701 0.0629774 0.239118 120 134 0
0.688245 0.0631391 0.240567 120 134 0
0.692833 0.0636505 0.241801 120 134 0
0.69745 0.0645617 0.242646 120 134 0
0.702096 0.065492 0.243274 120 134 0
0.706776 0.0662534 0.243873 120 134 0
0.703902 0.0660419 0.243505 120 134 0
0.699284 0.0648482 0.242928 120 134 0
0.694639 0.0638451 0.242199 120 134 0
0.690049 0.062718 0.241324 120 134 0
0.685454 0.061777 0.240289 120 134 0
0.682587 0.0616779 0.239289 120 134 0
0.677429 0.0605456 0.237799 121 133 0
0.67228 0.0595939 0.236138 121 133 0
0.66719 0.0587002 0.234291 121 133 0
0.662202 0.0575089 0.232446 121 133 0
0.661193 0.0499789 0.23515 121 133 0
0.660508 0.0451645 0.236875 121 133 0
0.659611 0.0403995 0.238638 121 133 0
0.658698 0.0356481 0.24043 121 133 0
0.657684 0.0309205 0.24223 121 133 0
0.656767 0.0262014 0.244105 121 133 0
0.655948 0.0215116 0.246095 121 133 0
0.655029 0.0168649 0.24814 121 133 0
0.65392 0.0122067 0.25006 121 133 0
0.652934 0.00755152 0.252051 121 133 0
0.652158 0.00289849 0.254141 121 133 0
0.65081 -0.003038 0.256428 121 133 0
0.649712 -0.00810171 0.257528 121 133 0
0.648859 -0.0132292 0.258576 121 133 0
0.647674 -0.0183759 0.259061 121 133 0
0.646829 -0.023584 0.259601 121 133 0
0.64619 -0.0288237 0.26012 121 133 0
0.645485 -0.0340663 0.260496 121 133 0
0.644779 -0.0392732 0.261003 121 133 0
0.644849 -0.0366478 0.260648 121 133 0
0.646107 -0.0319765 0.26044 121 133 0
0.646995 -0.0272115 0.260178 121 133 0
0.647896 -0.0224473 0.259999 121 133 0
0.648148 -0.0176376 0.259393 121 133 0
0.648558 -0.0128862 0.258499 121 133 0
0.648993 -0.00817722 0.257409 121 133 0
0.649977 -0.000402799 0.254646 121 133 0
0.650612 0.00412096 0.25261 121 133 0
0.651423 0.00867617 0.250712 121 133 0
0.652238 0.0132293 0.24881 121 133 0
0.653046 0.0177552 0.246841 121 133 0
0.653856 0.0222779 0.244865 121 133 0
0.65476 0.0268368 0.243018 121 133 0
0.655562 0.0314097 0.241158 121 133 0
0.656346 0.0359886 0.239305 121 133 0
0.657091 0.0405844 0.237479 121 133 0
0.657753 0.0451878 0.23564 121 133 0
0.658414 0.0498261 0.233894 121 133 0
0.659996 0.0523211 0.233411 121 133 0
0.661923 0.0566423 0.232685 121 133 0
0.663481 0.0610717 0.231683 121 133 0
0.665115 0.0654896 0.230754 121 133 0
0.666643 0.0699351 0.229778 122 132 0
0.668527 0.0742656 0.229041 122 132 0
0.667152 0.076636 0.227668 122 132 0
0.663955 0.0803245 0.225022 122 132 0
0.661039 0.0842782 0.22242 122 132 0
0.658232 0.088369 0.219914 122 132 0
0.655589 0.0926329 0.217521 122 132 0
0.657567 0.0903014 0.218951 122 132 0
0.661223 0.0867765 0.221645 122 132 0
0.664801 0.0832094 0.224389 122 132 0
0.668406 0.0797001 0.227175 122 132 0
0.670316 0.0785967 0.228338 122 132 0
0.672787 0.0745757 0.230585 122 132 0
0.675414 0.070686 0.232888 122 132 0
0.678135 0.0669405 0.235313 122 132 0
0.681093 0.0634918 0.237886 122 132 0
0.684017 0.0639623 0.238772 122 132 0
0.688505 0.0644354 0.240061 122 132 0
0.693009 0.0649072 0.241298 122 132 0
0.697566 0.0652924 0.242358 122 132 0
0.702164 0.0657127 0.243196 122 132 0
0.706776 0.0662534 0.243873 122 132 0
0.703902 0.0660419 0.243505 122 132 0
0.699284 0.0648482 0.242928 122 132 0
0.694639 0.0638451 0.242199 122 132 0
0.690049 0.062718 0.241324 122 132 0
0.685454 0.061777 0.240289 122 132 0
0.682587 0.0616779 0.239289 122 132 0
0.677429 0.0605456 0.237799 122 132 0
0.67228 0.0595939 0.236138 122 132 0
0.66719 0.0587002 0.234291 122 132 0
0.662202 0.0575089 0.232446 122 132 0
0.661193 0.0499789 0.23515 122 132 0
0.660508 0.0451645 0.236875 122 132 0
0.659611 0.0403995 0.238638 122 132 0
0.658698 0.0356481 0.24043 122 132 0
0.657684 0.0309205 0.24223 122 132 0
0.656767 0.0262014 0.244105 122 132 0
0.655948 0.0215116 0.246095 122 132 0
0.655029 0.0168649 0.24814 122 132 0
0.65392 0.0122067 0.25006 122 132 0
0.652934 0.00755152 0.252051 122 132 0
0.652158 0.00289849 0.254141 122 132 0
0.65081 -0.003038 0.256428 122 132 0
0.649712 -0.00810171 0.257528 122 132 0
0.648859 -0.0132292 0.258576 123 131 0
0.647674 -0.0183759 0.259061 123 131 0
0.646829 -0.023584 0.259601 123 131 0
0.64619 -0.0288237 0.26012 123 131 0
0.645485 -0.0340663 0.260496 123 131 0
0.644779 -0.0392732 0.261003 123 131 0
0.644849 -0.0366478 0.260648 123 131 0
0.646107 -0.0319765 0.26044 123 131 0
0.646995 -0.0272115 0.260178 123 131 0
0.647896 -0.0224473 0.259999 123 131 0
0.648148 -0.0176376 0.259393 123 131 0
0.648558 -0.0128862 0.258499 123 131 0
0.648993 -0.00817722 0.257409 123 131 0
0.649977 -0.000402799 0.254646 123 131 0
0.650612 0.00412096 0.25261 123 131 0
0.651423 0.00867617 0.250712 123 131 0
0.652238 0.0132293 0.24881 123 131 0
0.653046 0.0177552 0.246841 123 131 0
0.653856 0.0222779 0.244865 123 131 0
0.65476 0.0268368 0.243018 123 131 0
0.655562 0.0314097 0.241158 123 131 0
0.656346 0.0359886 0.239305 123 131 0
0.657091 0.0405844 0.237479 123 131 0
0.657753 0.0451878 0.23564 123 131 0
0.658414 0.0498261 0.233894 123 131 0
0.659996 0.0523211 0.233411 123 131 0
0.661923 0.0566423 0.232685 123 131 0
0.663481 0.0610717 0.231683 123 131 0
0.665115 0.0654896 0.230754 123 131 0
0.666643 0.0699351 0.229778 123 131 0
0.668527 0.0742656 0.229041 123 131 0
0.667152 0.076636 0.227668 123 131 0
0.663955 0.0803245 0.225022 123 131 0
0.661039 0.0842782 0.22242 123 131 0
0.658232 0.088369 0.219914 123 131 0
0.655589 0.0926329 0.217521 123 131 0
0.65208 0.0965887 0.226008 123 131 0
0.59949 0.103844 0.18226 123 131 0
0.60557 0.0996054 0.175547 123 131 0
0.585588 -0.00270623 0.215216 123 131 0
0.585169 0.00814159 0.210144 123 131 0
0.585074 0.0126493 0.207937 123 131 0
0.584895 0.0170912 0.2056 123 131 0
0.584659 0.0215218 0.203247 123 131 0
0.584559 0.0259859 0.20095 123 131 0
0.584415 0.0304225 0.198602 123 131 0
0.584212 0.0348261 0.196196 124 130 0
0.584038 0.0392206 0.19377 124 130 0
0.583913 0.0436112 0.191335 124 130 0
0.58385 0.0479971 0.188888 124 130 0
0.583837 0.0523223 0.186335 124 130 0
0.583933 0.0566173 0.183734 124 130 0
0.584097 0.0608761 0.181077 124 130 0
0.584301 0.0651683 0.17848 124 130 0
0.584413 0.0694287 0.175827 124 130 0
0.584725 0.0736249 0.173085 124 130 0
0.582268 0.0725274 0.172314 124 130 0
0.577828 0.0712344 0.16893 124 130 0
0.573463 0.0696038 0.165559 124 130 0
0.569214 0.0676447 0.162252 124 130 0
0.567317 0.0684514 0.158494 124 130 0
0.565154 0.0698231 0.154104 124 130 0
0.562999 0.0712997 0.149747 124 130 0
0.560369 0.0723401 0.145523 124 130 0
0.55797 0.0737903 0.141286 124 130 0
0.555536 0.0751578 0.137039 124 130 0
0.556916 0.073968 0.139794 124 130 0
0.559294 0.072572 0.144 124 130 0
0.561854 0.0714574 0.148188 124 130 0
0.564031 0.0699695 0.152473 124 130 0
0.566339 0.0687091 0.156757 124 130 0
0.566968 0.067556 0.159019 124 130 0
0.569543 0.066937 0.163121 124 130 0
0.572191 0.066274 0.167171 124 130 0
0.575059 0.0653829 0.171021 124 130 0
0.578147 0.0644734 0.174689 124 130 0
0.581258 0.0633218 0.178266 124 130 0
0.579461 0.0556016 0.181389 124 130 0
0.578684 0.0512261 0.183157 124 130 0
0.57782 0.0468664 0.184923 124 130 0
0.576905 0.0425032 0.186654 124 130 0
0.576013 0.0381302 0.188373 124 130 0
0.575112 0.0337604 0.190095 124 130 0
0.574197 0.029399 0.191831 124 130 0
0.573252 0.0250464 0.193573 124 130 0
0.572238 0.0206963 0.195282 124 130 0
0.571261 0.0163232 0.196954 124 130 0
0.57026 0.0119549 0.198624 124 130 0
0.569241 0.00761786 0.200363 124 130 0
0.568239 0.00278958 0.202144 124 130 0
0.56741 -0.00174981 0.203577 124 130 0
0.566616 -0.00631913 0.204932 125 129 0
0.565858 -0.0109173 0.206206 125 129 0
0.565155 -0.0155449 0.207404 125 129 0
0.56452 -0.0202038 0.208514 125 129 0
0.56395 -0.024899 0.209499 125 129 0
0.563428 -0.0296244 0.210361 125 129 0
0.562976 -0.0343712 0.211142 125 129 0
0.562547 -0.0391262 0.211881 125 129 0
0.562733 -0.0364547 0.211576 125 129 0
0.563212 -0.0316106 0.210808 125 129 0
0.563716 -0.0267875 0.209934 125 129 0
0.564246 -0.0219876 0.208952 125 129 0
0.56484 -0.0172107 0.207896 125 129 0
0.565516 -0.0124706 0.206731 125 129 0
0.566284 -0.00777993 0.205433 125 129 0
0.567106 -0.00312874 0.204028 125 129 0
0.5688 0.0053591 0.201216 125 129 0
0.569854 0.00988055 0.199416 125 129 0
0.570942 0.0144388 0.197735 125 129 0
0.572121 0.0190046 0.196136 125 129 0
0.573332 0.0235507 0.194504 125 129 0
0.574541 0.0280885 0.192848 125 129 0
0.575731 0.0326436 0.191226 125 129 0
0.576902 0.0372147 0.189636 125 129 0
0.578081 0.0417883 0.188058 125 129 0
0.579268 0.0463494 0.186451 125 129 0
0.580352 0.0509081 0.184769 125 129 0
0.581353 0.0554851 0.183082 125 129 0
0.581364 0.0582231 0.181475 125 129 0
0.581829 0.0622536 0.179273 125 129 0
0.582458 0.066262 0.177068 125 129 0
0.583307 0.0702044 0.174822 125 129 0
0.584204 0.0740853 0.172492 125 129 0
0.585051 0.0778316 0.169928 125 129 0
0.58584 0.0815092 0.167251 125 129 0
0.588183 0.0831052 0.16841 125 129 0
0.591561 0.0859526 0.169431 125 129 0
0.594951 0.0887038 0.170667 125 129 0
0.598203 0.0916356 0.171862 125 129 0
0.601268 0.0946475 0.173311 125 129 0
0.604171 0.0978703 0.174629 125 129 0
0.601758 0.0956489 0.172989 125 129 0
0.598557 0.0933736 0.170841 125 129 0
0.595331 0.0910043 0.168832 125 129 0
0.591942 0.0885488 0.167239 125 129 0
0.588554 0.0860164 0.16577 126 128 0
0.586366 0.0838918 0.165422 126 128 0
0.582967 0.0807876 0.164696 126 128 0
0.579471 0.077843 0.163755 126 128 0
0.575998 0.074864 0.16284 126 128 0
0.572542 0.0719285 0.161738 126 128 0
0.569118 0.068972 0.160592 126 128 0
0.567653 0.069357 0.157984 126 128 0
0.565546 0.0708652 0.153542 126 128 0
0.563111 0.0720468 0.149159 126 128 0
0.560799 0.0736769 0.14485 126 128 0
0.558136 0.0748382 0.140598 126 128 0
0.55579 0.0764224 0.136312 126 128 0
0.557156 0.0749765 0.139356 126 128 0
0.559347 0.0731293 0.143655 126 128 0
0.561693 0.0714862 0.147959 126 128 0
0.563949 0.0699839 0.15236 126 128 0
0.566339 0.0687091 0.156757 126 128 0
0.566968 0.067556 0.159019 126 128 0
0.569543 0.066937 0.163121 126 128 0
0.572191 0.066274 0.167171 126 128 0
0.575059 0.0653829 0.171021 126 128 0
0.578147 0.0644734 0.174689 126 128 0
0.581258 0.0633218 0.178266 126 128 0
0.579461 0.0556016 0.181389 126 128 0
0.578684 0.0512261 0.183157 126 128 0
0.57782 0.0468664 0.184923 126 128 0
0.576905 0.0425032 0.186654 126 128 0
0.576013 0.0381302 0.188373 126 128 0
0.575112 0.0337604 0.190095 126 128 0
0.574197 0.029399 0.191831 126 128 0
0.573252 0.0250464 0.193573 126 128 0
0.572238 0.0206963 0.195282 126 128 0
0.571261 0.0163232 0.196954 126 128 0
0.57026 0.0119549 0.198624 126 128 0
0.569241 0.00761786 0.200363 126 128 0
0.568239 0.00278958 0.202144 126 128 0
0.56741 -0.00174981 0.203577 126 128 0
0.566616 -0.00631913 0.204932 126 128 0
0.565858 -0.0109173 0.206206 126 128 0
0.565155 -0.0155449 0.207404 126 128 0
0.56452 -0.0202038 0.208514 126 128 0
0.56395 -0.024899 0.209499 126 128 0
0.563428 -0.0296244 0.210361 126 128 0
0.562976 -0.0343712 0.211142 126 128 0
0.562547 -0.0391262 0.211881 126 128 0
0.562733 -0.0364547 0.211576 127 127 0
0.563212 -0.0316106 0.210808 127 127 0
0.563716 -0.0267875 0.209934 127 127 0
0.564246 -0.0219876 0.208952 127 127 0
0.56484 -0.0172107 0.207896 127 127 0
0.565516 -0.0124706 0.206731 127 127 0
0.566284 -0.00777993 0.205433 127 127 0
0.567106 -0.00312874 0.204028 127 127 0
0.5688 0.0053591 0.201216 127 127 0
0.569854 0.00988055 0.199416 127 127 0
0.570942 0.0144388 0.197735 127 127 0
0.572121 0.0190046 0.196136 127 127 0
0.573332 0.0235507 0.194504 127 127 0
0.574541 0.0280885 0.192848 127 127 0
0.575731 0.0326436 0.191226 127 127 0
0.576902 0.0372147 0.189636 127 127 0
0.578081 0.0417883 0.188058 127 127 0
0.579268 0.0463494 0.186451 127 127 0
0.580352 0.0509081 0.184769 127 127 0
0.581353 0.0554851 0.183082 127 127 0
0.581364 0.0582231 0.181475 127 127 0
0.581829 0.0622536 0.179273 127 127 0
0.582458 0.066262 0.177068 127 127 0
0.583307 0.0702044 0.174822 127 127 0
0.584204 0.0740853 0.172492 127 127 0
0.585051 0.0778316 0.169928 127 127 0
0.58584 0.0815092 0.167251 127 127 0
0.588183 0.0831052 0.16841 127 127 0
0.591561 0.0859526 0.169431 127 127 0
0.594951 0.0887038 0.170667 127 127 0
0.598203 0.0916356 0.171862 127 127 0
0.601268 0.0946475 0.173311 127 127 0
0.604171 0.0978703 0.174629 127 127 0
0.597936 0.101889 0.181336 127 127 0
0.649893 0.0984774 0.22463 127 127 0
0.65357 0.0945753 0.216189 127 127 0
0.655589 0.0926329 0.217521 127 127 0
0.658858 0.0891843 0.219897 127 127 0
0.662029 0.0857091 0.222358 127 127 0
0.665103 0.0822014 0.224899 127 127 0
0.668135 0.0786798 0.227467 127 127 0
0.668997 0.0761829 0.228618 127 127 0
0.672341 0.07296 0.230939 127 127 0
0.675299 0.0694257 0.233331 127 127 0
0.678076 0.0658066 0.23582 127 127 0
0.680729 0.0621528 0.238392 128 126 0
0.683701 0.0629774 0.239118 128 126 0
0.688245 0.0631391 0.240567 128 126 0
0.692833 0.0636505 0.241801 128 126 0
0.69745 0.0645617 0.242646 128 126 0
0.702096 0.065492 0.243274 128 126 0
0.706776 0.0662534 0.243873 128 126 0
0.703902 0.0660419 0.243505 128 126 0
0.699284 0.0648482 0.242928 128 126 0
0.694639 0.0638451 0.242199 128 126 0
0.690049 0.062718 0.241324 128 126 0
0.685454 0.061777 0.240289 128 126 0
0.682587 0.0616779 0.239289 128 126 0
0.677429 0.0605456 0.237799 128 126 0
0.67228 0.0595939 0.236138 128 126 0
0.66719 0.0587002 0.234291 128 126 0
0.662202 0.0575089 0.232446 128 126 0
0.661193 0.0499789 0.23515 128 126 0
0.660508 0.0451645 0.236875 128 126 0
0.659611 0.0403995 0.238638 128 126 0
0.658698 0.0356481 0.24043 128 126 0
0.657684 0.0309205 0.24223 128 126 0
0.656767 0.0262014 0.244105 128 126 0
0.655948 0.0215116 0.246095 128 126 0
0.655029 0.0168649 0.24814 128 126 0
0.65392 0.0122067 0.25006 128 126 0
0.652934 0.00755152 0.252051 128 126 0
0.652158 0.00289849 0.254141 128 126 0
0.65081 -0.003038 0.256428 128 126 0
0.649712 -0.00810171 0.257528 128 126 0
0.648859 -0.0132292 0.258576 128 126 0
0.647674 -0.0183759 0.259061 128 126 0
0.646829 -0.023584 0.259601 128 126 0
0.64619 -0.0288237 0.26012 128 126 0
0.645485 -0.0340663 0.260496 128 126 0
0.644779 -0.0392732 0.261003 128 126 0
0.644849 -0.0366478 0.260648 128 126 0
0.646107 -0.0319765 0.26044 128 126 0
0.646995 -0.0272115 0.260178 128 126 0
0.647896 -0.0224473 0.259999 128 126 0
0.648148 -0.0176376 0.259393 128 126 0
0.648558 -0.0128862 0.258499 128 126 0
0.648993 -0.00817722 0.257409 128 126 0
0.649977 -0.000402799 0.254646 128 126 0
0.650612 0.00412096 0.25261 128 126 0
0.651423 0.00867617 0.250712 128 126 0
0.652238 0.0132293 0.24881 129 125 0
0.653046 0.0177552 0.246841 129 125 0
0.653856 0.0222779 0.244865 129 125 0
0.65476 0.0268368 0.243018 129 125 0
0.655562 0.0314097 0.241158 129 125 0
0.656346 0.0359886 0.239305 129 125 0
0.657091 0.0405844 0.237479 129 125 0
0.657753 0.0451878 0.23564 129 125 0
0.658414 0.0498261 0.233894 129 125 0
0.659996 0.0523211 0.233411 129 125 0
0.661923 0.0566423 0.232685 129 125 0
0.663481 0.0610717 0.231683 129 125 0
0.665115 0.0654896 0.230754 129 125 0
0.666643 0.0699351 0.229778 129 125 0
0.668527 0.0742656 0.229041 129 125 0
0.667152 0.076636 0.227668 129 125 0
0.663955 0.0803245 0.225022 129 125 0
0.661039 0.0842782 0.22242 129 125 0
0.658232 0.088369 0.219914 129 125 0
0.655589 0.0926329 0.217521 129 125 0
0.657567 0.0903014 0.218951 129 125 0
0.661223 0.0867765 0.221645 129 125 0
0.664801 0.0832094 0.224389 129 125 0
0.668406 0.0797001 0.227175 129 125 0
0.670316 0.0785967 0.228338 129 125 0
0.672787 0.0745757 0.230585 129 125 0
0.675414 0.070686 0.232888 129 125 0
0.678135 0.0669405 0.235313 129 125 0
0.681093 0.0634918 0.237886 129 125 0
0.684017 0.0639623 0.238772 129 125 0
0.688505 0.0644354 0.240061 129 125 0
0.693009 0.0649072 0.241298 129 125 0
0.697566 0.0652924 0.242358 129 125 0
0.702164 0.0657127 0.243196 129 125 0
0.706776 0.0662534 0.243873 129 125 0
0.703902 0.0660419 0.243505 129 125 0
0.699284 0.0648482 0.242928 129 125 0
0.694639 0.0638451 0.242199 129 125 0
0.690049 0.062718 0.241324 129 125 0
0.685454 0.061777 0.240289 129 125 0
0.682587 0.0616779 0.239289 129 125 0
0.677429 0.0605456 0.237799 129 125 0
0.67228 0.0595939 0.236138 129 125 0
0.66719 0.0587002 0.234291 129 125 0
0.662202 0.0575089 0.232446 129 125 0
0.661193 0.0499789 0.23515 130 124 0
0.660508 0.0451645 0.236875 130 124 0
0.659611 0.0403995 0.238638 130 124 0
0.658698 0.0356481 0.24043 130 124 0
0.657684 0.0309205 0.24223 130 124 0
0.656767 0.0262014 0.244105 130 124 0
0.655948 0.0215116 0.246095 130 124 0
0.655029 0.0168649 0.24814 130 124 0
0.65392 0.0122067 0.25006 130 124 0
0.652934 0.00755152 0.252051 130 124 0
0.652158 0.00289849 0.254141 130 124 0
0.65081 -0.003038 0.256428 130 124 0
0.649712 -0.00810171 0.257528 130 124 0
0.648859 -0.0132292 0.258576 130 124 0
0.647674 -0.0183759 0.259061 130 124 0
0.646829 -0.023584 0.259601 130 124 0
0.64619 -0.0288237 0.26012 130 124 0
0.645485 -0.0340663 0.260496 130 124 0
0.644779 -0.0392732 0.261003 130 124 0
0.644849 -0.0366478 0.260648 130 124 0
0.646107 -0.0319765 0.26044 130 124 0
0.646995 -0.0272115 0.260178 130 124 0
0.647896 -0.0224473 0.259999 130 124 0
0.648148 -0.0176376 0.259393 130 124 0
0.648558 -0.0128862 0.258499 130 124 0
0.648993 -0.00817722 0.257409 130 124 0
0.649977 -0.000402799 0.254646 130 124 0
0.650612 0.00412096 0.25261 130 124 0
0.651423 0.00867617 0.250712 130 124 0
0.652238 0.0132293 0.24881 130 124 0
0.653046 0.0177552 0.246841 130 124 0
0.653856 0.0222779 0.244865 130 124 0
0.65476 0.0268368 0.243018 130 124 0
0.655562 0.0314097 0.241158 130 124 0
0.656346 0.0359886 0.239305 130 124 0
0.657091 0.0405844 0.237479 130 124 0
0.657753 0.0451878 0.23564 130 124 0
0.658414 0.0498261 0.233894 130 124 0
0.659996 0.0523211 0.233411 130 124 0
0.661923 0.0566423 0.232685 130 124 0
0.663481 0.0610717 0.231683 130 124 0
0.665115 0.0654896 0.230754 130 124 0
0.666643 0.0699351 0.229778 130 124 0
0.668527 0.0742656 0.229041 130 124 0
0.667152 0.076636 0.227668 130 124 0
0.663955 0.0803245 0.225022 131 123 0
0.661039 0.0842782 0.22242 131 123 0
0.658232 0.088369 0.219914 131 123 0
0.655589 0.0926329 0.217521 131 123 0
0.65208 0.0965887 0.226008 131 123 0
0.59949 0.103844 0.18226 131 123 0
0.60557 0.0996054 0.175547 131 123 0
0.585588 -0.00270623 0.215216 131 123 0
0.585169 0.00814159 0.210144 131 123 0
0.585074 0.0126493 0.207937 131 123 0
0.584895 0.0170912 0.2056 131 123 0
0.584659 0.0215218 0.203247 131 123 0
0.584559 0.0259859 0.20095 131 123 0
0.584415 0.0304225 0.198602 131 123 0
0.584212 0.0348261 0.196196 131 123 0
0.584038 0.0392206 0.19377 131 123 0
0.583913 0.0436112 0.191335 131 123 0
0.58385 0.0479971 0.188888 131 123 0
0.583837 0.0523223 0.186335 131 123 0
0.583933 0.0566173 0.183734 131 123 0
0.584097 0.0608761 0.181077 131 123 0
0.584301 0.0651683 0.17848 131 123 0
0.584413 0.0694287 0.175827 131 123 0
0.584725 0.0736249 0.173085 131 123 0
0.582268 0.0725274 0.172314 131 123 0
0.577828 0.0712344 0.16893 131 123 0
0.573463 0.0696038 0.165559 131 123 0
0.569214 0.0676447 0.162252 131 123 0
0.567317 0.0684514 0.158494 131 123 0
0.565154 0.0698231 0.154104 131 123 0
0.562999 0.0712997 0.149747 131 123 0
0.560369 0.0723401 0.145523 131 123 0
0.55797 0.0737903 0.141286 131 123 0
0.555536 0.0751578 0.137039 131 123 0
0.556916 0.073968 0.139794 131 123 0
0.559294 0.072572 0.144 131 123 0
0.561854 0.0714574 0.148188 131 123 0
0.564031 0.0699695 0.152473 131 123 0
0.566339 0.0687091 0.156757 131 123 0
0.566968 0.067556 0.159019 131 123 0
0.569543 0.066937 0.163121 131 123 0
0.572191 0.066274 0.167171 131 123 0
0.575059 0.0653829 0.171021 131 123 0
0.578147 0.0644734 0.174689 131 123 0
0.581258 0.0633218 0.178266 131 123 0
0.579461 0.0556016 0.181389 131 123 0
0.578684 0.0512261 0.183157 132 122 0
0.57782 0.0468664 0.184923 132 122 0
0.576905 0.0425032 0.186654 132 122 0
0.576013 0.0381302 0.188373 132 122 0
0.575112 0.0337604 0.190095 132 122 0
0.574197 0.029399 0.191831 132 122 0
0.573252 0.0250464 0.193573 132 122 0
0.572238 0.0206963 0.195282 132 122 0
0.571261 0.0163232 0.196954 132 122 0
0.57026 0.0119549 0.198624 132 122 0
0.569241 0.00761786 0.200363 132 122 0
0.568239 0.00278958 0.202144 132 122 0
0.56741 -0.00174981 0.203577 132 122 0
0.566616 -0.00631913 0.204932 132 122 0
0.565858 -0.0109173 0.206206 132 122 0
0.565155 -0.0155449 0.207404 132 122 0
0.56452 -0.0202038 0.208514 132 122 0
0.56395 -0.024899 0.209499 132 122 0
0.563428 -0.0296244 0.210361 132 122 0
0.562976 -0.0343712 0.211142 132 122 0
0.562547 -0.0391262 0.211881 132 122 0
0.562733 -0.0364547 0.211576 132 122 0
0.563212 -0.0316106 0.210808 132 122 0
0.563716 -0.0267875 0.209934 132 122 0
0.564246 -0.0219876 0.208952 132 122 0
0.56484 -0.0172107 0.207896 132 122 0
0.565516 -0.0124706 0.206731 132 122 0
0.566284 -0.00777993 0.205433 132 122 0
0.567106 -0.00312874 0.204028 132 122 0
0.5688 0.0053591 0.201216 132 122 0
0.569854 0.00988055 0.199416 132 122 0
0.570942 0.0144388 0.197735 132 122 0
0.572121 0.0190046 0.196136 132 122 0
0.573332 0.0235507 0.194504 132 122 0
0.574541 0.0280885 0.192848 132 122 0
0.575731 0.0326436 0.191226 132 122 0
0.576902 0.0372147 0.189636 132 122 0
0.578081 0.0417883 0.188058 132 122 0
0.579268 0.0463494 0.186451 132 122 0
0.580352 0.0509081 0.184769 132 122 0
0.581353 0.0554851 0.183082 132 122 0
0.581364 0.0582231 0.181475 132 122 0
0.581829 0.0622536 0.179273 132 122 0
0.582458 0.066262 0.177068 132 122 0
0.583307 0.0702044 0.174822 132 122 0
0.584204 0.0740853 0.172492 133 121 0
0.585051 0.0778316 0.169928 133 121 0
0.58584 0.0815092 0.167251 133 121 0
0.588183 0.0831052 0.16841 133 121 0
0.591561 0.0859526 0.169431 133 121 0
0.594951 0.0887038 0.170667 133 121 0
0.598203 0.0916356 0.171862 133 121 0
0.601268 0.0946475 0.173311 133 121 0
0.604171 0.0978703 0.174629 133 121 0
0.601758 0.0956489 0.172989 133 121 0
0.598557 0.0933736 0.170841 133 121 0
0.595331 0.0910043 0.168832 133 121 0
0.591942 0.0885488 0.167239 133 121 0
0.588554 0.0860164 0.16577 133 121 0
0.586366 0.0838918 0.165422 133 121 0
0.582967 0.0807876 0.164696 133 121 0
0.579471 0.077843 0.163755 133 121 0
0.575998 0.074864 0.16284 133 121 0
0.572542 0.0719285 0.161738 133 121 0
0.569118 0.068972 0.160592 133 121 0
0.567653 0.069357 0.157984 133 121 0
0.565546 0.0708652 0.153542 133 121 0
0.563111 0.0720468 0.149159 133 121 0
0.560799 0.0736769 0.14485 133 121 0
0.558136 0.0748382 0.140598 133 121 0
0.55579 0.0764224 0.136312 133 121 0
0.557156 0.0749765 0.139356 133 121 0
0.559347 0.0731293 0.143655 133 121 0
0.561693 0.0714862 0.147959 133 121 0
0.563949 0.0699839 0.15236 133 121 0
0.566339 0.0687091 0.156757 133 121 0
0.566968 0.067556 0.159019 133 121 0
0.569543 0.066937 0.163121 133 121 0
0.572191 0.066274 0.167171 133 121 0
0.575059 0.0653829 0.171021 133 121 0
0.578147 0.0644734 0.174689 133 121 0
0.581258 0.0633218 0.178266 133 121 0
0.579461 0.0556016 0.181389 133 121 0
0.578684 0.0512261 0.183157 133 121 0
0.57782 0.0468664 0.184923 133 121 0
0.576905 0.0425032 0.186654 133 121 0
0.576013 0.0381302 0.188373 133 121 0
0.575112 0.0337604 0.190095 133 121 0
0.574197 0.029399 0.191831 133 121 0
0.573252 0.0250464 0.193573 133 121 0
0.572238 0.0206963 0.195282 133 121 0
0.571261 0.0163232 0.196954 134 120 0
0.57026 0.0119549 0.198624 134 120 0
0.569241 0.00761786 0.200363 134 120 0
0.568239 0.00278958 0.202144 134 120 0
0.56741 -0.00174981 0.203577 134 120 0
0.566616 -0.00631913 0.204932 134 120 0
0.565858 -0.0109173 0.206206 134 120 0
0.565155 -0.0155449 0.207404 134 120 0
0.56452 -0.0202038 0.208514 134 120 0
0.56395 -0.024899 0.209499 134 120 0
0.563428 -0.0296244 0.210361 134 120 0
0.562976 -0.0343712 0.211142 134 120 0
0.562547 -0.0391262 0.211881 134 120 0
0.562733 -0.0364547 0.211576 134 120 0
0.563212 -0.0316106 0.210808 134 120 0
0.563716 -0.0267875 0.209934 134 120 0
0.564246 -0.0219876 0.208952 134 120 0
0.56484 -0.0172107 0.207896 134 120 0
0.565516 -0.0124706 0.206731 134 120 0
0.566284 -0.00777993 0.205433 134 120 0
0.567106 -0.00312874 0.204028 134 120 0
0.5688 0.0053591 0.201216 134 120 0
0.569854 0.00988055 0.199416 134 120 0
0.570942 0.0144388 0.197735 134 120 0
0.572121 0.0190046 0.196136 134 120 0
0.573332 0.0235507 0.194504 134 120 0
0.574541 0.0280885 0.192848 134 120 0
0.575731 0.0326436 0.191226 134 120 0
0.576902 0.0372147 0.189636 134 120 0
0.578081 0.0417883 0.188058 134 120 0
0.579268 0.0463494 0.186451 134 120 0
0.580352 0.0509081 0.184769 134 120 0
0.581353 0.0554851 0.183082 134 120 0
0.581364 0.0582231 0.181475 134 120 0
0.581829 0.0622536 0.179273 134 120 0
0.582458 0.066262 0.177068 134 120 0
0.583307 0.0702044 0.174822 134 120 0
0.584204 0.0740853 0.172492 134 120 0
0.585051 0.0778316 0.169928 134 120 0
0.58584 0.0815092 0.167251 134 120 0
0.588183 0.0831052 0.16841 134 120 0
0.591561 0.0859526 0.169431 134 120 0
0.594951 0.0887038 0.170667 134 120 0
0.598203 0.0916356 0.171862 134 120 0
0.601268 0.0946475 0.173311 134 120 0
0.604171 0.0978703 0.174629 135 119 0
0.597936 0.101889 0.181336 135 119 0
0.649893 0.0984774 0.22463 135 119 0
0.65357 0.0945753 0.216189 135 119 0
0.655589 0.0926329 0.217521 135 119 0
0.658858 0.0891843 0.219897 135 119 0
0.662029 0.0857091 0.222358 135 119 0
0.665103 0.0822014 0.224899 135 119 0
0.668135 0.0786798 0.227467 135 119 0
0.668997 0.0761829 0.228618 135 119 0
0.672341 0.07296 0.230939 135 119 0
0.675299 0.0694257 0.233331 135 119 0
0.678076 0.0658066 0.23582 135 119 0
0.680729 0.0621528 0.238392 135 119 0
0.683701 0.0629774 0.239118 135 119 0
0.688245 0.0631391 0.240567 135 119 0
0.692833 0.0636505 0.241801 135 119 0
0.69745 0.0645617 0.242646 135 119 0
0.702096 0.065492 0.243274 135 119 0
0.706776 0.0662534 0.243873 135 119 0
0.703902 0.0660419 0.243505 135 119 0
0.699284 0.0648482 0.242928 135 119 0
0.694639 0.0638451 0.242199 135 119 0
0.690049 0.062718 0.241324 135 119 0
0.685454 0.061777 0.240289 135 119 0
0.682587 0.0616779 0.239289 135 119 0
0.677429 0.0605456 0.237799 135 119 0
0.67228 0.0595939 0.236138 135 119 0
0.66719 0.0587002 0.234291 135 119 0
0.662202 0.0575089 0.232446 135 119 0
0.661193 0.0499789 0.23515 135 119 0
0.660508 0.0451645 0.236875 135 119 0
0.659611 0.0403995 0.238638 135 119 0
0.658698 0.0356481 0.24043 135 119 0
0.657684 0.0309205 0.24223 135 119 0
0.656767 0.0262014 0.244105 135 119 0
0.655948 0.0215116 0.246095 135 119 0
0.655029 0.0168649 0.24814 135 119 0
0.65392 0.0122067 0.25006 135 119 0
0.652934 0.00755152 0.252051 135 119 0
0.652158 0.00289849 0.254141 135 119 0
0.65081 -0.003038 0.256428 135 119 0
0.649712 -0.00810171 0.257528 135 119 0
0.648859 -0.0132292 0.258576 135 119 0
0.647674 -0.0183759 0.259061 135 119 0
0.646829 -0.023584 0.259601 135 119 0
0.64619 -0.0288237 0.26012 136 118 0
0.645485 -0.0340663 0.260496 136 118 0
0.644779 -0.0392732 0.261003 136 118 0
0.644849 -0.0366478 0.260648 136 118 0
0.646107 -0.0319765 0.26044 136 118 0
0.646995 -0.0272115 0.260178 136 118 0
0.647896 -0.0224473 0.259999 136 118 0
0.648148 -0.0176376 0.259393 136 118 0
0.648558 -0.0128862 0.258499 136 118 0
0.648993 -0.00817722 0.257409 136 118 0
0.649977 -0.000402799 0.254646 136 118 0
0.650612 0.00412096 0.25261 136 118 0
0.651423 0.00867617 0.250712 136 118 0
0.652238 0.0132293 0.24881 136 118 0
0.653046 0.0177552 0.246841 136 118 0
0.653856 0.0222779 0.244865 136 118 0
0.65476 0.0268368 0.243018 136 118 0
0.655562 0.0314097 0.241158 136 118 0
0.656346 0.0359886 0.239305 136 118 0
0.657091 0.0405844 0.237479 136 118 0
0.657753 0.0451878 0.23564 136 118 0
0.658414 0.0498261 0.233894 136 118 0
0.659996 0.0523211 0.233411 136 118 0
0.661923 0.0566423 0.232685 136 118 0
0.663481 0.0610717 0.231683 136 118 0
0.665115 0.0654896 0.230754 136 118 0
0.666643 0.0699351 0.229778 136 118 0
0.668527 0.0742656 0.229041 136 118 0
0.667152 0.076636 0.227668 136 118 0
0.663955 0.0803245 0.225022 136 118 0
0.661039 0.0842782 0.22242 136 118 0
0.658232 0.088369 0.219914 136 118 0
0.655589 0.0926329 0.217521 136 118 0
0.657567 0.0903014 0.218951 136 118 0
0.661223 0.0867765 0.221645 136 118 0
0.664801 0.0832094 0.224389 136 118 0
0.668406 0.0797001 0.227175 136 118 0
0.670316 0.0785967 0.228338 136 118 0
0.672787 0.0745757 0.230585 136 118 0
0.675414 0.070686 0.232888 136 118 0
0.678135 0.0669405 0.235313 136 118 0
0.681093 0.0634918 0.237886 136 118 0
0.684017 0.0639623 0.238772 136 118 0
0.688505 0.0644354 0.240061 136 118 0
0.693009 0.0649072 0.241298 136 118 0
0.697566 0.0652924 0.242358 137 117 0
0.702164 0.0657127 0.243196 137 117 0
0.706776 0.0662534 0.243873 137 117 0
0.703902 0.0660419 0.243505 137 117 0
0.699284 0.0648482 0.242928 137 117 0
0.694639 0.0638451 0.242199 137 117 0
0.690049 0.062718 0.241324 137 117 0
0.685454 0.061777 0.240289 137 117 0
0.682587 0.0616779 0.239289 137 117 0
0.677429 0.0605456 0.237799 137 117 0
0.67228 0.0595939 0.236138 137 117 0
0.66719 0.0587002 0.234291 137 117 0
0.662202 0.0575089 0.232446 137 117 0
0.661193 0.0499789 0.23515 137 117 0
0.660508 0.0451645 0.236875 137 117 0
0.659611 0.0403995 0.238638 137 117 0
0.658698 0.0356481 0.24043 137 117 0
0.657684 0.0309205 0.24223 137 117 0
0.656767 0.0262014 0.244105 137 117 0
0.655948 0.0215116 0.246095 137 117 0
0.655029 0.0168649 0.24814 137 117 0
0.65392 0.0122067 0.25006 137 117 0
0.652934 0.00755152 0.252051 137 117 0
0.652158 0.00289849 0.254141 137 117 0
0.65081 -0.003038 0.256428 137 117 0
0.649712 -0.00810171 0.257528 137 117 0
0.648859 -0.0132292 0.258576 137 117 0
0.647674 -0.0183759 0.259061 137 117 0
0.646829 -0.023584 0.259601 137 117 0
0.64619 -0.0288237 0.26012 137 117 0
0.645485 -0.0340663 0.260496 137 117 0
0.644779 -0.0392732 0.261003 137 117 0
0.644849 -0.0366478 0.260648 137 117 0
0.646107 -0.0319765 0.26044 137 117 0
0.646995 -0.0272115 0.260178 137 117 0
0.647896 -0.0224473 0.259999 137 117 0
0.648148 -0.0176376 0.259393 137 117 0
0.648558 -0.0128862 0.258499 137 117 0
0.648993 -0.00817722 0.257409 137 117 0
0.649977 -0.000402799 0.254646 137 117 0
0.650612 0.00412096 0.25261 137 117 0
0.651423 0.00867617 0.250712 137 117 0
0.652238 0.0132293 0.24881 137 117 0
0.653046 0.0177552 0.246841 137 117 0
0.653856 0.0222779 0.244865 137 117 0
0.65476 0.0268368 0.243018 138 116 0
0.655562 0.0314097 0.241158 138 116 0
0.656346 0.0359886 0.239305 138 116 0
0.657091 0.0405844 0.237479 138 116 0
0.657753 0.0451878 0.23564 138 116 0
0.658414 0.0498261 0.233894 138 116 0
0.659996 0.0523211 0.233411 138 116 0
0.661923 0.0566423 0.232685 138 116 0
0.663481 0.0610717 0.231683 138 116 0
0.665115 0.0654896 0.230754 138 116 0
0.666643 0.0699351 0.229778 138 116 0
0.668527 0.0742656 0.229041 138 116 0
0.667152 0.076636 0.227668 138 116 0
0.663955 0.0803245 0.225022 138 116 0
0.661039 0.0842782 0.22242 138 116 0
0.658232 0.088369 0.219914 138 116 0
0.655589 0.0926329 0.217521 138 116 0
0.65208 0.0965887 0.226008 138 116 0
0.59949 0.103844 0.18226 138 116 0
0.60557 0.0996054 0.175547 138 116 0
0.585588 -0.00270623 0.215216 138 116 0
0.585169 0.00814159 0.210144 138 116 0
0.585074 0.0126493 0.207937 138 116 0
0.584895 0.0170912 0.2056 138 116 0
0.584659 0.0215218 0.203247 138 116 0
0.584559 0.0259859 0.20095 138 116 0
0.584415 0.0304225 0.198602 138 116 0
0.584212 0.0348261 0.196196 138 116 0
0.584038 0.0392206 0.19377 138 116 0
0.583913 0.0436112 0.191335 138 116 0
0.58385 0.0479971 0.188888 138 116 0
0.583837 0.0523223 0.186335 138 116 0
0.583933 0.0566173 0.183734 138 116 0
0.584097 0.0608761 0.181077 138 116 0
0.584301 0.0651683 0.17848 138 116 0
0.584413 0.0694287 0.175827 138 116 0
0.584725 0.0736249 0.173085 138 116 0
0.582268 0.0725274 0.172314 138 116 0
0.577828 0.0712344 0.16893 138 116 0
0.573463 0.0696038 0.165559 138 116 0
0.569214 0.0676447 0.162252 138 116 0
0.567317 0.0684514 0.158494 138 116 0
0.565154 0.0698231 0.154104 138 116 0
0.562999 0.0712997 0.149747 138 116 0
0.560369 0.0723401 0.145523 138 116 0
0.55797 0.0737903 0.141286 138 116 0
0.555536 0.0751578 0.137039 139 115 0
0.556916 0.073968 0.139794 139 115 0
0.559294 0.072572 0.144 139 115 0
0.561854 0.0714574 0.148188 139 115 0
0.564031 0.0699695 0.152473 139 115 0
0.566339 0.0687091 0.156757 139 115 0
0.566968 0.067556 0.159019 139 115 0
0.569543 0.066937 0.163121 139 115 0
0.572191 0.066274 0.167171 139 115 0
0.575059 0.0653829 0.171021 139 115 0
0.578147 0.0644734 0.174689 139 115 0
0.581258 0.0633218 0.178266 139 115 0
0.579461 0.0556016 0.181389 139 115 0
0.578684 0.0512261 0.183157 139 115 0
0.57782 0.0468664 0.184923 139 115 0
0.576905 0.0425032 0.186654 139 115 0
0.576013 0.0381302 0.188373 139 115 0
0.575112 0.0337604 0.190095 139 115 0
0.574197 0.029399 0.191831 139 115 0
0.573252 0.0250464 0.193573 139 115 0
0.572238 0.0206963 0.195282 139 115 0
0.571261 0.0163232 0.196954 139 115 0
0.57026 0.0119549 0.198624 139 115 0
0.569241 0.00761786 0.200363 139 115 0
0.568239 0.00278958 0.202144 139 115 0
0.56741 -0.00174981 0.203577 139 115 0
0.566616 -0.00631913 0.204932 139 115 0
0.565858 -0.0109173 0.206206 139 115 0
0.565155 -0.0155449 0.207404 139 115 0
0.56452 -0.0202038 0.208514 139 115 0
0.56395 -0.024899 0.209499 139 115 0
0.563428 -0.0296244 0.210361 139 115 0
0.562976 -0.0343712 0.211142 139 115 0
0.562547 -0.0391262 0.211881 139 115 0
0.562733 -0.0364547 0.211576 139 115 0
0.563212 -0.0316106 0.210808 139 115 0
0.563716 -0.0267875 0.209934 139 115 0
0.564246 -0.0219876 0.208952 139 115 0
0.56484 -0.0172107 0.207896 139 115 0
0.565516 -0.0124706 0.206731 139 115 0
0.566284 -0.00777993 0.205433 139 115 0
0.567106 -0.00312874 0.204028 139 115 0
0.5688 0.0053591 0.201216 139 115 0
0.569854 0.00988055 0.199416 139 115 0
0.570942 0.0144388 0.197735 139 115 0
0.572121 0.0190046 0.196136 140 114 0
0.573332 0.0235507 0.194504 140 114 0
0.574541 0.0280885 0.192848 140 114 0
0.575731 0.0326436 0.191226 140 114 0
0.576902 0.0372147 0.189636 140 114 0
0.578081 0.0417883 0.188058 140 114 0
0.579268 0.0463494 0.186451 140 114 0
0.580352 0.0509081 0.184769 140 114 0
0.581353 0.0554851 0.183082 140 114 0
0.581364 0.0582231 0.181475 140 114 0
0.581829 0.0622536 0.179273 140 114 0
0.582458 0.066262 0.177068 140 114 0
0.583307 0.0702044 0.174822 140 114 0
0.584204 0.0740853 0.172492 140 114 0
0.585051 0.0778316 0.169928 140 114 0
0.58584 0.0815092 0.167251 140 114 0
0.588183 0.0831052 0.16841 140 114 0
0.591561 0.0859526 0.169431 140 114 0
0.594951 0.0887038 0.170667 140 114 0
0.598203 0.0916356 0.171862 140 114 0
0.601268 0.0946475 0.173311 140 114 0
0.604171 0.0978703 0.174629 140 114 0
0.601758 0.0956489 0.172989 140 114 0
0.598557 0.0933736 0.170841 140 114 0
0.595331 0.0910043 0.168832 140 114 0
0.591942 0.0885488 0.167239 140 114 0
0.588554 0.0860164 0.16577 140 114 0
0.586366 0.0838918 0.165422 140 114 0
0.582967 0.0807876 0.164696 140 114 0
0.579471 0.077843 0.163755 140 114 0
0.575998 0.074864 0.16284 140 114 0
0.572542 0.0719285 0.161738 140 114 0
0.569118 0.068972 0.160592 140 114 0
0.567653 0.069357 0.157984 140 114 0
0.565546 0.0708652 0.153542 140 114 0
0.563111 0.0720468 0.149159 140 114 0
0.560799 0.0736769 0.14485 140 114 0
0.558136 0.0748382 0.140598 140 114 0
0.55579 0.0764224 0.136312 140 114 0
0.557156 0.0749765 0.139356 140 114 0
0.559347 0.0731293 0.143655 140 114 0
0.561693 0.0714862 0.147959 140 114 0
0.563949 0.0699839 0.15236 140 114 0
0.566339 0.0687091 0.156757 140 114 0
0.566968 0.067556 0.159019 140 114 0
0.569543 0.066937 0.163121 140 114 0
0.572191 0.066274 0.167171 141 113 0
0.575059 0.0653829 0.171021 141 113 0
0.578147 0.0644734 0.174689 141 113 0
0.581258 0.0633218 0.178266 141 113 0
0.579461 0.0556016 0.181389 141 113 0
0.578684 0.0512261 0.183157 141 113 0
0.57782 0.0468664 0.184923 141 113 0
0.576905 0.0425032 0.186654 141 113 0
0.576013 0.0381302 0.188373 141 113 0
0.575112 0.0337604 0.190095 141 113 0
0.574197 0.029399 0.191831 141 113 0
0.573252 0.0250464 0.193573 141 113 0
0.572238 0.0206963 0.195282 141 113 0
0.571261 0.0163232 0.196954 141 113 0
0.57026 0.0119549 0.198624 141 113 0
0.569241 0.00761786 0.200363 141 113 0
0.568239 0.00278958 0.202144 141 113 0
0.56741 -0.00174981 0.203577 141 113 0
0.566616 -0.00631913 0.204932 141 113 0
0.565858 -0.0109173 0.206206 141 113 0
0.565155 -0.0155449 0.207404 141 113 0
0.56452 -0.0202038 0.208514 141 113 0
0.56395 -0.024899 0.209499 141 113 0
0.563428 -0.0296244 0.210361 141 113 0
0.562976 -0.0343712 0.211142 141 113 0
0.562547 -0.0391262 0.211881 141 113 0
0.562733 -0.0364547 0.211576 141 113 0
0.563212 -0.0316106 0.210808 141 113 0
0.563716 -0.0267875 0.209934 141 113 0
0.564246 -0.0219876 0.208952 141 113 0
0.56484 -0.0172107 0.207896 141 113 0
0.565516 -0.0124706 0.206731 141 113 0
0.566284 -0.00777993 0.205433 141 113 0
0.567106 -0.00312874 0.204028 141 113 0
0.5688 0.0053591 0.201216 141 113 0
0.569854 0.00988055 0.199416 141 113 0
0.570942 0.0144388 0.197735 141 113 0
0.572121 0.0190046 0.196136 141 113 0
0.573332 0.0235507 0.194504 141 113 0
0.574541 0.0280885 0.192848 141 113 0
0.575731 0.0326436 0.191226 141 113 0
0.576902 0.0372147 0.189636 141 113 0
0.578081 0.0417883 0.188058 141 113 0
0.579268 0.0463494 0.186451 141 113 0
0.580352 0.0509081 0.184769 141 113 0
0.581353 0.0554851 0.183082 142 112 0
0.581364 0.0582231 0.181475 142 112 0
0.581829 0.0622536 0.179273 142 112 0
0.582458 0.066262 0.177068 142 112 0
0.583307 0.0702044 0.174822 142 112 0
0.584204 0.0740853 0.172492 142 112 0
0.585051 0.0778316 0.169928 142 112 0
0.58584 0.0815092 0.167251 142 112 0
0.588183 0.0831052 0.16841 142 112 0
0.591561 0.0859526 0.169431 142 112 0
0.594951 0.0887038 0.170667 142 112 0
0.598203 0.0916356 0.171862 142 112 0
0.601268 0.0946475 0.173311 142 112 0
0.604171 0.0978703 0.174629 142 112 0
0.597936 0.101889 0.181336 142 112 0
0.649893 0.0984774 0.22463 142 112 0
0.65357 0.0945753 0.216189 142 112 0
0.655589 0.0926329 0.217521 142 112 0
0.658858 0.0891843 0.219897 142 112 0
0.662029 0.0857091 0.222358 142 112 0
0.665103 0.0822014 0.224899 142 112 0
0.668135 0.0786798 0.227467 142 112 0
0.668997 0.0761829 0.228618 142 112 0
0.672341 0.07296 0.230939 142 112 0
0.675299 0.0694257 0.233331 142 112 0
0.678076 0.0658066 0.23582 142 112 0
0.680729 0.0621528 0.238392 142 112 0
0.683701 0.0629774 0.239118 142 112 0
0.688245 0.0631391 0.240567 142 112 0
0.692833 0.0636505 0.241801 142 112 0
0.69745 0.0645617 0.242646 142 112 0
0.702096 0.065492 0.243274 142 112 0
0.706776 0.0662534 0.243873 142 112 0
0.703902 0.0660419 0.243505 142 112 0
0.699284 0.0648482 0.242928 142 112 0
0.694639 0.0638451 0.242199 142 112 0
0.690049 0.062718 0.241324 142 112 0
0.685454 0.061777 0.240289 142 112 0
0.682587 0.0616779 0.239289 142 112 0
0.677429 0.0605456 0.237799 142 112 0
0.67228 0.0595939 0.236138 142 112 0
0.66719 0.0587002 0.234291 142 112 0
0.662202 0.0575089 0.232446 142 112 0
0.661193 0.0499789 0.23515 142 112 0
0.660508 0.0451645 0.236875 142 112 0
0.659611 0.0403995 0.238638 142 112 0
0.658698 0.0356481 0.24043 143 111 0
0.657684 0.0309205 0.24223 143 111 0
0.656767 0.0262014 0.244105 143 111 0
0.655948 0.0215116 0.246095 143 111 0
0.655029 0.0168649 0.24814 143 111 0
0.65392 0.0122067 0.25006 143 111 0
0.652934 0.00755152 0.252051 143 111 0
0.652158 0.00289849 0.254141 143 111 0
0.65081 -0.003038 0.256428 143 111 0
0.649712 -0.00810171 0.257528 143 111 0
0.648859 -0.0132292 0.258576 143 111 0
0.647674 -0.0183759 0.259061 143 111 0
0.646829 -0.023584 0.259601 143 111 0
0.64619 -0.0288237 0.26012 143 111 0
0.645485 -0.0340663 0.260496 143 111 0
0.644779 -0.0392732 0.261003 143 111 0
0.644849 -0.0366478 0.260648 143 111 0
0.646107 -0.0319765 0.26044 143 111 0
0.646995 -0.0272115 0.260178 143 111 0
0.647896 -0.0224473 0.259999 143 111 0
0.648148 -0.0176376 0.259393 143 111 0
0.648558 -0.0128862 0.258499 143 111 0
0.648993 -0.00817722 0.257409 143 111 0
0.649977 -0.000402799 0.254646 143 111 0
0.650612 0.00412096 0.25261 143 111 0
0.651423 0.00867617 0.250712 143 111 0
0.652238 0.0132293 0.24881 143 111 0
0.653046 0.0177552 0.246841 143 111 0
0.653856 0.0222779 0.244865 143 111 0
0.65476 0.0268368 0.243018 143 111 0
0.655562 0.0314097 0.241158 143 111 0
0.656346 0.0359886 0.239305 143 111 0
0.657091 0.0405844 0.237479 143 111 0
0.657753 0.0451878 0.23564 143 111 0
0.658414 0.0498261 0.233894 143 111 0
0.659996 0.0523211 0.233411 143 111 0
0.661923 0.0566423 0.232685 143 111 0
0.663481 0.0610717 0.231683 143 111 0
0.665115 0.0654896 0.230754 143 111 0
0.666643 0.0699351 0.229778 143 111 0
0.668527 0.0742656 0.229041 143 111 0
0.667152 0.076636 0.227668 143 111 0
0.663955 0.0803245 0.225022 143 111 0
0.661039 0.0842782 0.22242 143 111 0
0.658232 0.088369 0.219914 143 111 0
0.655589 0.0926329 0.217521 144 110 0
0.657567 0.0903014 0.218951 144 110 0
0.661223 0.0867765 0.221645 144 110 0
0.664801 0.0832094 0.224389 144 110 0
0.668406 0.0797001 0.227175 144 110 0
0.670316 0.0785967 0.228338 144 110 0
0.672787 0.0745757 0.230585 144 110 0
0.675414 0.070686 0.232888 144 110 0
0.678135 0.0669405 0.235313 144 110 0
0.681093 0.0634918 0.237886 144 110 0
0.684017 0.0639623 0.238772 144 110 0
0.688505 0.0644354 0.240061 144 110 0
0.693009 0.0649072 0.241298 144 110 0
0.697566 0.0652924 0.242358 144 110 0
0.702164 0.0657127 0.243196 144 110 0
0.706776 0.0662534 0.243873 144 110 0
0.703902 0.0660419 0.243505 144 110 0
0.699284 0.0648482 0.242928 144 110 0
0.694639 0.0638451 0.242199 144 110 0
0.690049 0.062718 0.241324 144 110 0
0.685454 0.061777 0.240289 144 110 0
0.682587 0.0616779 0.239289 144 110 0
0.677429 0.0605456 0.237799 144 110 0
0.67228 0.0595939 0.236138 144 110 0
0.66719 0.0587002 0.234291 144 110 0
0.662202 0.0575089 0.232446 144 110 0
0.661193 0.0499789 0.23515 144 110 0
0.660508 0.0451645 0.236875 144 110 0
0.659611 0.0403995 0.238638 144 110 0
0.658698 0.0356481 0.24043 144 110 0
0.657684 0.0309205 0.24223 144 110 0
0.656767 0.0262014 0.244105 144 110 0
0.655948 0.0215116 0.246095 144 110 0
0.655029 0.0168649 0.24814 144 110 0
0.65392 0.0122067 0.25006 144 110 0
0.652934 0.00755152 0.252051 144 110 0
0.652158 0.00289849 0.254141 144 110 0
0.65081 -0.003038 0.256428 144 110 0
0.649712 -0.00810171 0.257528 144 110 0
0.648859 -0.0132292 0.258576 144 110 0
0.647674 -0.0183759 0.259061 144 110 0
0.646829 -0.023584 0.259601 144 110 0
0.64619 -0.0288237 0.26012 144 110 0
0.645485 -0.0340663 0.260496 144 110 0
0.644779 -0.0392732 0.261003 144 110 0
0.644849 -0.0366478 0.260648 145 109 0
0.646107 -0.0319765 0.26044 145 109 0
0.646995 -0.0272115 0.260178 145 109 0
0.647896 -0.0224473 0.259999 145 109 0
0.648148 -0.0176376 0.259393 145 109 0
0.648558 -0.0128862 0.258499 145 109 0
0.648993 -0.00817722 0.257409 145 109 0
0.649977 -0.000402799 0.254646 145 109 0
0.650612 0.00412096 0.25261 145 109 0
0.651423 0.00867617 0.250712 145 109 0
0.652238 0.0132293 0.24881 145 109 0
0.653046 0.0177552 0.246841 145 109 0
0.653856 0.0222779 0.244865 145 109 0
0.65476 0.0268368 0.243018 145 109 0
0.655562 0.0314097 0.241158 145 109 0
0.656346 0.0359886 0.239305 145 109 0
0.657091 0.0405844 0.237479 145 109 0
0.657753 0.0451878 0.23564 145 109 0
0.658414 0.0498261 0.233894 145 109 0
0.659996 0.0523211 0.233411 145 109 0
0.661923 0.0566423 0.232685 145 109 0
0.663481 0.0610717 0.231683 145 109 0
0.665115 0.0654896 0.230754 145 109 0
0.666643 0.0699351 0.229778 145 109 0
0.668527 0.0742656 0.229041 145 109 0
0.667152 0.076636 0.227668 145 109 0
0.663955 0.0803245 0.225022 145 109 0
0.661039 0.0842782 0.22242 145 109 0
0.658232 0.088369 0.219914 145 109 0
0.655589 0.0926329 0.217521 145 109 0
0.65208 0.0965887 0.226008 145 109 0
0.59949 0.103844 0.18226 145 109 0
0.60557 0.0996054 0.175547 145 109 0
0.585588 -0.00270623 0.215216 145 109 0
0.585169 0.00814159 0.210144 145 109 0
0.585074 0.0126493 0.207937 145 109 0
0.584895 0.0170912 0.2056 145 109 0
0.584659 0.0215218 0.203247 145 109 0
0.584559 0.0259859 0.20095 145 109 0
0.584415 0.0304225 0.198602 145 109 0
0.584212 0.0348261 0.196196 145 109 0
0.584038 0.0392206 0.19377 145 109 0
0.583913 0.0436112 0.191335 145 109 0
0.58385 0.0479971 0.188888 145 109 0
0.583837 0.0523223 0.186335 145 109 0
0.583933 0.0566173 0.183734 145 109 0
0.584097 0.0608761 0.181077 146 108 0
0.584301 0.0651683 0.17848 146 108 0
0.584413 0.0694287 0.175827 146 108 0
0.584725 0.0736249 0.173085 146 108 0
0.582268 0.0725274 0.172314 146 108 0
0.577828 0.0712344 0.16893 146 108 0
0.573463 0.0696038 0.165559 146 108 0
0.569214 0.0676447 0.162252 146 108 0
0.567317 0.0684514 0.158494 146 108 0
0.565154 0.0698231 0.154104 146 108 0
0.562999 0.0712997 0.149747 146 108 0
0.560369 0.0723401 0.145523 146 108 0
0.55797 0.0737903 0.141286 146 108 0
0.555536 0.0751578 0.137039 146 108 0
0.556916 0.073968 0.139794 146 108 0
0.559294 0.072572 0.144 146 108 0
0.561854 0.0714574 0.148188 146 108 0
0.564031 0.0699695 0.152473 146 108 0
0.566339 0.0687091 0.156757 146 108 0
0.566968 0.067556 0.159019 146 108 0
0.569543 0.066937 0.163121 146 108 0
0.572191 0.066274 0.167171 146 108 0
0.575059 0.0653829 0.171021 146 108 0
0.578147 0.0644734 0.174689 146 108 0
0.581258 0.0633218 0.178266 146 108 0
0.579461 0.0556016 0.181389 146 108 0
0.578684 0.0512261 0.183157 146 108 0
0.57782 0.0468664 0.184923 146 108 0
0.576905 0.0425032 0.186654 146 108 0
0.576013 0.0381302 0.188373 146 108 0
0.575112 0.0337604 0.190095 146 108 0
0.574197 0.029399 0.191831 146 108 0
0.573252 0.0250464 0.193573 146 108 0
0.572238 0.0206963 0.195282 146 108 0
0.571261 0.0163232 0.196954 146 108 0
0.57026 0.0119549 0.198624 146 108 0
0.569241 0.00761786 0.200363 146 108 0
0.568239 0.00278958 0.202144 146 108 0
0.56741 -0.00174981 0.203577 146 108 0
0.566616 -0.00631913 0.204932 146 108 0
0.565858 -0.0109173 0.206206 146 108 0
0.565155 -0.0155449 0.207404 146 108 0
0.56452 -0.0202038 0.208514 146 108 0
0.56395 -0.024899 0.209499 146 108 0
0.563428 -0.0296244 0.210361 146 108 0
0.562976 -0.0343712 0.211142 147 107 0
0.562547 -0.0391262 0.211881 147 107 0
0.562733 -0.0364547 0.211576 147 107 0
0.563212 -0.0316106 0.210808 147 107 0
0.563716 -0.0267875 0.209934 147 107 0
0.564246 -0.0219876 0.208952 147 107 0
0.56484 -0.0172107 0.207896 147 107 0
0.565516 -0.0124706 0.206731 147 107 0
0.566284 -0.00777993 0.205433 147 107 0
0.567106 -0.00312874 0.204028 147 107 0
0.5688 0.0053591 0.201216 147 107 0
0.569854 0.00988055 0.199416 147 107 0
0.570942 0.0144388 0.197735 147 107 0
0.572121 0.0190046 0.196136 147 107 0
0.573332 0.0235507 0.194504 147 107 0
0.574541 0.0280885 0.192848 147 107 0
0.575731 0.0326436 0.191226 147 107 0
0.576902 0.0372147 0.189636 147 107 0
0.578081 0.0417883 0.188058 147 107 0
0.579268 0.0463494 0.186451 147 107 0
0.580352 0.0509081 0.184769 147 107 0
0.581353 0.0554851 0.183082 147 107 0
0.581364 0.0582231 0.181475 147 107 0
0.581829 0.0622536 0.179273 147 107 0
0.582458 0.066262 0.177068 147 107 0
0.583307 0.0702044 0.174822 147 107 0
0.584204 0.0740853 0.172492 147 107 0
0.585051 0.0778316 0.169928 147 107 0
0.58584 0.0815092 0.167251 147 107 0
0.588183 0.0831052 0.16841 147 107 0
0.591561 0.0859526 0.169431 147 107 0
0.594951 0.0887038 0.170667 147 107 0
0.598203 0.0916356 0.171862 147 107 0
0.601268 0.0946475 0.173311 147 107 0
0.604171 0.0978703 0.174629 147 107 0
0.601758 0.0956489 0.172989 147 107 0
0.598557 0.0933736 0.170841 147 107 0
0.595331 0.0910043 0.168832 147 107 0
0.591942 0.0885488 0.167239 147 107 0
0.588554 0.0860164 0.16577 147 107 0
0.586366 0.0838918 0.165422 147 107 0
0.582967 0.0807876 0.164696 147 107 0
0.579471 0.077843 0.163755 147 107 0
0.575998 0.074864 0.16284 147 107 0
0.572542 0.0719285 0.161738 147 107 0
0.569118 0.068972 0.160592 147 107 0
0.567653 0.069357 0.157984 148 106 0
0.565546 0.0708652 0.153542 148 106 0
0.563111 0.0720468 0.149159 148 106 0
0.560799 0.0736769 0.14485 148 106 0
0.558136 0.0748382 0.140598 148 106 0
0.55579 0.0764224 0.136312 148 106 0
0.557156 0.0749765 0.139356 148 106 0
0.559347 0.0731293 0.143655 148 106 0
0.561693 0.0714862 0.147959 148 106 0
0.563949 0.0699839 0.15236 148 106 0
0.566339 0.0687091 0.156757 148 106 0
0.566968 0.067556 0.159019 148 106 0
0.569543 0.066937 0.163121 148 106 0
0.572191 0.066274 0.167171 148 106 0
0.575059 0.0653829 0.171021 148 106 0
0.578147 0.0644734 0.174689 148 106 0
0.581258 0.0633218 0.178266 148 106 0
0.579461 0.0556016 0.181389 148 106 0
0.578684 0.0512261 0.183157 148 106 0
0.57782 0.0468664 0.184923 148 106 0
0.576905 0.0425032 0.186654 148 106 0
0.576013 0.0381302 0.188373 148 106 0
0.575112 0.0337604 0.190095 148 106 0
0.574197 0.029399 0.191831 148 106 0
0.573252 0.0250464 0.193573 148 106 0
0.572238 0.0206963 0.195282 148 106 0
0.571261 0.0163232 0.196954 148 106 0
0.57026 0.0119549 0.198624 148 106 0
0.569241 0.00761786 0.200363 148 106 0
0.568239 0.00278958 0.202144 148 106 0
0.56741 -0.00174981 0.203577 148 106 0
0.566616 -0.00631913 0.204932 148 106 0
0.565858 -0.0109173 0.206206 148 106 0
0.565155 -0.0155449 0.207404 148 106 0
0.56452 -0.0202038 0.208514 148 106 0
0.56395 -0.024899 0.209499 148 106 0
0.563428 -0.0296244 0.210361 148 106 0
0.562976 -0.0343712 0.211142 148 106 0
0.562547 -0.0391262 0.211881 148 106 0
0.562733 -0.0364547 0.211576 148 106 0
0.563212 -0.0316106 0.210808 148 106 0
0.563716 -0.0267875 0.209934 148 106 0
0.564246 -0.0219876 0.208952 148 106 0
0.56484 -0.0172107 0.207896 148 106 0
0.565516 -0.0124706 0.206731 148 106 0
0.566284 -0.00777993 0.205433 149 105 0
0.567106 -0.00312874 0.204028 149 105 0
0.5688 0.0053591 0.201216 149 105 0
0.569854 0.00988055 0.199416 149 105 0
0.570942 0.0144388 0.197735 149 105 0
0.572121 0.0190046 0.196136 149 105 0
0.573332 0.0235507 0.194504 149 105 0
0.574541 0.0280885 0.192848 149 105 0
0.575731 0.0326436 0.191226 149 105 0
0.576902 0.0372147 0.189636 149 105 0
0.578081 0.0417883 0.188058 149 105 0
0.579268 0.0463494 0.186451 149 105 0
0.580352 0.0509081 0.184769 149 105 0
0.581353 0.0554851 0.183082 149 105 0
0.581364 0.0582231 0.181475 149 105 0
0.581829 0.0622536 0.179273 149 105 0
0.582458 0.066262 0.177068 149 105 0
0.583307 0.0702044 0.174822 149 105 0
0.584204 0.0740853 0.172492 149 105 0
0.585051 0.0778316 0.169928 149 105 0
0.58584 0.0815092 0.167251 149 105 0
0.588183 0.0831052 0.16841 149 105 0
0.591561 0.0859526 0.169431 149 105 0
0.594951 0.0887038 0.170667 149 105 0
0.598203 0.0916356 0.171862 149 105 0
0.601268 0.0946475 0.173311 149 105 0
0.604171 0.0978703 0.174629 149 105 0
0.597936 0.101889 0.181336 149 105 0
0.649893 0.0984774 0.22463 149 105 0
0.65357 0.0945753 0.216189 149 105 0
0.655589 0.0926329 0.217521 149 105 0
0.658858 0.0891843 0.219897 149 105 0
0.662029 0.0857091 0.222358 149 105 0
0.665103 0.0822014 0.224899 149 105 0
0.668135 0.0786798 0.227467 149 105 0
0.668997 0.0761829 0.228618 149 105 0
0.672341 0.07296 0.230939 149 105 0
0.675299 0.0694257 0.233331 149 105 0
0.678076 0.0658066 0.23582 149 105 0
0.680729 0.0621528 0.238392 149 105 0
0.683701 0.0629774 0.239118 149 105 0
0.688245 0.0631391 0.240567 149 105 0
0.692833 0.0636505 0.241801 149 105 0
0.69745 0.0645617 0.242646 149 105 0
0.702096 0.065492 0.243274 149 105 0
0.706776 0.0662534 0.243873 149 105 0
0.703902 0.0660419 0.243505 150 104 0
0.699284 0.0648482 0.242928 150 104 0
0.694639 0.0638451 0.242199 150 104 0
0.690049 0.062718 0.241324 150 104 0
0.685454 0.061777 0.240289 150 104 0
0.682587 0.0616779 0.239289 150 104 0
0.677429 0.0605456 0.237799 150 104 0
0.67228 0.0595939 0.236138 150 104 0
0.66719 0.0587002 0.234291 150 104 0
0.662202 0.0575089 0.232446 150 104 0
0.661193 0.0499789 0.23515 150 104 0
0.660508 0.0451645 0.236875 150 104 0
0.659611 0.0403995 0.238638 150 104 0
0.658698 0.0356481 0.24043 150 104 0
0.657684 0.0309205 0.24223 150 104 0
0.656767 0.0262014 0.244105 150 104 0
0.655948 0.0215116 0.246095 150 104 0
0.655029 0.0168649 0.24814 150 104 0
0.65392 0.0122067 0.25006 150 104 0
0.652934 0.00755152 0.252051 150 104 0
0.652158 0.00289849 0.254141 150 104 0
0.65081 -0.003038 0.256428 150 104 0
0.649712 -0.00810171 0.257528 150 104 0
0.648859 -0.0132292 0.258576 150 104 0
0.647674 -0.0183759 0.259061 150 104 0
0.646829 -0.023584 0.259601 150 104 0
0.64619 -0.0288237 0.26012 150 104 0
0.645485 -0.0340663 0.260496 150 104 0
0.644779 -0.0392732 0.261003 150 104 0
0.644849 -0.0366478 0.260648 150 104 0
0.646107 -0.0319765 0.26044 150 104 0
0.646995 -0.0272115 0.260178 150 104 0
0.647896 -0.0224473 0.259999 150 104 0
0.648148 -0.0176376 0.259393 150 104 0
0.648558 -0.0128862 0.258499 150 104 0
0.648993 -0.00817722 0.257409 150 104 0
0.649977 -0.000402799 0.254646 150 104 0
0.650612 0.00412096 0.25261 150 104 0
0.651423 0.00867617 0.250712 150 104 0
0.652238 0.0132293 0.24881 150 104 0
0.653046 0.0177552 0.246841 150 104 0
0.653856 0.0222779 0.244865 150 104 0
0.65476 0.0268368 0.243018 150 104 0
0.655562 0.0314097 0.241158 150 104 0
0.656346 0.0359886 0.239305 150 104 0
0.657091 0.0405844 0.237479 151 103 0
0.657753 0.0451878 0.23564 151 103 0
0.658414 0.0498261 0.233894 151 103 0
0.659996 0.0523211 0.233411 151 103 0
0.661923 0.0566423 0.232685 151 103 0
0.663481 0.0610717 0.231683 151 103 0
0.665115 0.0654896 0.230754 151 103 0
0.666643 0.0699351 0.229778 151 103 0
0.668527 0.0742656 0.229041 151 103 0
0.667152 0.076636 0.227668 151 103 0
0.663955 0.0803245 0.225022 151 103 0
0.661039 0.0842782 0.22242 151 103 0
0.658232 0.088369 0.219914 151 103 0
0.655589 0.0926329 0.217521 151 103 0
0.657567 0.0903014 0.218951 151 103 0
0.661223 0.0867765 0.221645 151 103 0
0.664801 0.0832094 0.224389 151 103 0
0.668406 0.0797001 0.227175 151 103 0
0.670316 0.0785967 0.228338 151 103 0
0.672787 0.0745757 0.230585 151 103 0
0.675414 0.070686 0.232888 151 103 0
0.678135 0.0669405 0.235313 151 103 0
0.681093 0.0634918 0.237886 151 103 0
0.684017 0.0639623 0.238772 151 103 0
0.688505 0.0644354 0.240061 151 103 0
0.693009 0.0649072 0.241298 151 103 0
0.697566 0.0652924 0.242358 151 103 0
0.702164 0.0657127 0.243196 151 103 0
0.706776 0.0662534 0.243873 151 103 0
0.703902 0.0660419 0.243505 151 103 0
0.699284 0.0648482 0.242928 151 103 0
0.694639 0.0638451 0.242199 151 103 0
0.690049 0.062718 0.241324 151 103 0
0.685454 0.061777 0.240289 151 103 0
0.682587 0.0616779 0.239289 151 103 0
0.677429 0.0605456 0.237799 151 103 0
0.67228 0.0595939 0.236138 151 103 0
0.66719 0.0587002 0.234291 151 103 0
0.662202 0.0575089 0.232446 151 103 0
0.661193 0.0499789 0.23515 151 103 0
0.660508 0.0451645 0.236875 151 103 0
0.659611 0.0403995 0.238638 151 103 0
0.658698 0.0356481 0.24043 151 103 0
0.657684 0.0309205 0.24223 151 103 0
0.656767 0.0262014 0.244105 151 103 0
0.655948 0.0215116 0.246095 152 102 0
0.655029 0.0168649 0.24814 152 102 0
0.65392 0.0122067 0.25006 152 102 0
0.652934 0.00755152 0.252051 152 102 0
0.652158 0.00289849 0.254141 152 102 0
0.65081 -0.003038 0.256428 152 102 0
0.649712 -0.00810171 0.257528 152 102 0
0.648859 -0.0132292 0.258576 152 102 0
0.647674 -0.0183759 0.259061 152 102 0
0.646829 -0.023584 0.259601 152 102 0
0.64619 -0.0288237 0.26012 152 102 0
0.645485 -0.0340663 0.260496 152 102 0
0.644779 -0.0392732 0.261003 152 102 0
0.644849 -0.0366478 0.260648 152 102 0
0.646107 -0.0319765 0.26044 152 102 0
0.646995 -0.0272115 0.260178 152 102 0
0.647896 -0.0224473 0.259999 152 102 0
0.648148 -0.0176376 0.259393 152 102 0
0.648558 -0.0128862 0.258499 152 102 0
0.648993 -0.00817722 0.257409 152 102 0
0.649977 -0.000402799 0.254646 152 102 0
0.650612 0.00412096 0.25261 152 102 0
0.651423 0.00867617 0.250712 152 102 0
0.652238 0.0132293 0.24881 152 102 0
0.653046 0.0177552 0.246841 152 102 0
0.653856 0.0222779 0.244865 152 102 0
0.65476 0.0268368 0.243018 152 102 0
0.655562 0.0314097 0.241158 152 102 0
0.656346 0.0359886 0.239305 152 102 0
0.657091 0.0405844 0.237479 152 102 0
0.657753 0.0451878 0.23564 152 102 0
0.658414 0.0498261 0.233894 152 102 0
0.659996 0.0523211 0.233411 152 102 0
0.661923 0.0566423 0.232685 152 102 0
0.663481 0.0610717 0.231683 152 102 0
0.665115 0.0654896 0.230754 152 102 0
0.666643 0.0699351 0.229778 152 102 0
0.668527 0.0742656 0.229041 152 102 0
0.667152 0.076636 0.227668 152 102 0
0.663955 0.0803245 0.225022 152 102 0
0.661039 0.0842782 0.22242 152 102 0
0.658232 0.088369 0.219914 152 102 0
0.655589 0.0926329 0.217521 152 102 0
0.65208 0.0965887 0.226008 152 102 0
0.59949 0.103844 0.18226 152 102 0
0.60557 0.0996054 0.175547 152 102 0
0.585588 -0.00270623 0.215216 153 101 0
0.585169 0.00814159 0.210144 153 101 0
0.585074 0.0126493 0.207937 153 101 0
0.584895 0.0170912 0.2056 153 101 0
0.584659 0.0215218 0.203247 153 101 0
0.584559 0.0259859 0.20095 153 101 0
0.584415 0.0304225 0.198602 153 101 0
0.584212 0.0348261 0.196196 153 101 0
0.584038 0.0392206 0.19377 153 101 0
0.583913 0.0436112 0.191335 153 101 0
0.58385 0.0479971 0.188888 153 101 0
0.583837 0.0523223 0.186335 153 101 0
0.583933 0.0566173 0.183734 153 101 0
0.584097 0.0608761 0.181077 153 101 0
0.584301 0.0651683 0.17848 153 101 0
0.584413 0.0694287 0.175827 153 101 0
0.584725 0.0736249 0.173085 153 101 0
0.582268 0.0725274 0.172314 153 101 0
0.577828 0.0712344 0.16893 153 101 0
0.573463 0.0696038 0.165559 153 101 0
0.569214 0.0676447 0.162252 153 101 0
0.567317 0.0684514 0.158494 153 101 0
0.565154 0.0698231 0.154104 153 101 0
0.562999 0.0712997 0.149747 153 101 0
0.560369 0.0723401 0.145523 153 101 0
0.55797 0.0737903 0.141286 153 101 0
0.555536 0.0751578 0.137039 153 101 0
0.556916 0.073968 0.139794 153 101 0
0.559294 0.072572 0.144 153 101 0
0.561854 0.0714574 0.148188 153 101 0
0.564031 0.0699695 0.152473 153 101 0
0.566339 0.0687091 0.156757 153 101 0
0.566968 0.067556 0.159019 153 101 0
0.569543 0.066937 0.163121 153 101 0
0.572191 0.066274 0.167171 153 101 0
0.575059 0.0653829 0.171021 153 101 0
0.578147 0.0644734 0.174689 153 101 0
0.581258 0.0633218 0.178266 153 101 0
0.579461 0.0556016 0.181389 153 101 0
0.578684 0.0512261 0.183157 153 101 0
0.57782 0.0468664 0.184923 153 101 0
0.576905 0.0425032 0.186654 153 101 0
0.576013 0.0381302 0.188373 153 101 0
0.575112 0.0337604 0.190095 153 101 0
0.574197 0.029399 0.191831 153 101 0
0.573252 0.0250464 0.193573 154 100 0
0.572238 0.0206963 0.195282 154 100 0
0.571261 0.0163232 0.196954 154 100 0
0.57026 0.0119549 0.198624 154 100 0
0.569241 0.00761786 0.200363 154 100 0
0.568239 0.00278958 0.202144 154 100 0
0.56741 -0.00174981 0.203577 154 100 0
0.566616 -0.00631913 0.204932 154 100 0
0.565858 -0.0109173 0.206206 154 100 0
0.565155 -0.0155449 0.207404 154 100 0
0.56452 -0.0202038 0.208514 154 100 0
0.56395 -0.024899 0.209499 154 100 0
0.563428 -0.0296244 0.210361 154 100 0
0.562976 -0.0343712 0.211142 154 100 0
0.562547 -0.0391262 0.211881 154 100 0
0.562733 -0.0364547 0.211576 154 100 0
0.563212 -0.0316106 0.210808 154 100 0
0.563716 -0.0267875 0.209934 154 100 0
0.564246 -0.0219876 0.208952 154 100 0
0.56484 -0.0172107 0.207896 154 100 0
0.565516 -0.0124706 0.206731 154 100 0
0.566284 -0.00777993 0.205433 154 100 0
0.567106 -0.00312874 0.204028 154 100 0
0.5688 0.0053591 0.201216 154 100 0
0.569854 0.00988055 0.199416 154 100 0
0.570942 0.0144388 0.197735 154 100 0
0.572121 0.0190046 0.196136 154 100 0
0.573332 0.0235507 0.194504 154 100 0
0.574541 0.0280885 0.192848 154 100 0
0.575731 0.0326436 0.191226 154 100 0
0.576902 0.0372147 0.189636 154 100 0
0.578081 0.0417883 0.188058 154 100 0
0.579268 0.0463494 0.186451 154 100 0
0.580352 0.0509081 0.184769 154 100 0
0.581353 0.0554851 0.183082 154 100 0
0.581364 0.0582231 0.181475 154 100 0
0.581829 0.0622536 0.179273 154 100 0
0.582458 0.066262 0.177068 154 100 0
0.583307 0.0702044 0.174822 154 100 0
0.584204 0.0740853 0.172492 154 100 0
0.585051 0.0778316 0.169928 154 100 0
0.58584 0.0815092 0.167251 154 100 0
0.588183 0.0831052 0.16841 154 100 0
0.591561 0.0859526 0.169431 154 100 0
0.594951 0.0887038 0.170667 154 100 0
0.598203 0.0916356 0.171862 154 100 0
0.601268 0.0946475 0.173311 155 99 0
0.604171 0.0978703 0.174629 155 99 0
0.601758 0.0956489 0.172989 155 99 0
0.598557 0.0933736 0.170841 155 99 0
0.595331 0.0910043 0.168832 155 99 0
0.591942 0.0885488 0.167239 155 99 0
0.588554 0.0860164 0.16577 155 99 0
0.586366 0.0838918 0.165422 155 99 0
0.582967 0.0807876 0.164696 155 99 0
0.579471 0.077843 0.163755 155 99 0
0.575998 0.074864 0.16284 155 99 0
0.572542 0.0719285 0.161738 155 99 0
0.569118 0.068972 0.160592 155 99 0
0.567653 0.069357 0.157984 155 99 0
0.565546 0.0708652 0.153542 155 99 0
0.563111 0.0720468 0.149159 155 99 0
0.560799 0.0736769 0.14485 155 99 0
0.558136 0.0748382 0.140598 155 99 0
0.55579 0.0764224 0.136312 155 99 0
0.557156 0.0749765 0.139356 155 99 0
0.559347 0.0731293 0.143655 155 99 0
0.561693 0.0714862 0.147959 155 99 0
0.563949 0.0699839 0.15236 155 99 0
0.566339 0.0687091 0.156757 155 99 0
0.566968 0.067556 0.159019 155 99 0
0.569543 0.066937 0.163121 155 99 0
0.572191 0.066274 0.167171 155 99 0
0.575059 0.0653829 0.171021 155 99 0
0.578147 0.0644734 0.174689 155 99 0
0.581258 0.0633218 0.178266 155 99 0
0.579461 0.0556016 0.181389 155 99 0
0.578684 0.0512261 0.183157 155 99 0
0.57782 0.0468664 0.184923 155 99 0
0.576905 0.0425032 0.186654 155 99 0
0.576013 0.0381302 0.188373 155 99 0
0.575112 0.0337604 0.190095 155 99 0
0.574197 0.029399 0.191831 155 99 0
0.573252 0.0250464 0.193573 155 99 0
0.572238 0.0206963 0.195282 155 99 0
0.571261 0.0163232 0.196954 155 99 0
0.57026 0.0119549 0.198624 155 99 0
0.569241 0.00761786 0.200363 155 99 0
0.568239 0.00278958 0.202144 155 99 0
0.56741 -0.00174981 0.203577 155 99 0
0.566616 -0.00631913 0.204932 155 99 0
0.565858 -0.0109173 0.206206 156 98 0
0.565155 -0.0155449 0.207404 156 98 0
0.56452 -0.0202038 0.208514 156 98 0
0.56395 -0.024899 0.209499 156 98 0
0.563428 -0.0296244 0.210361 156 98 0
0.562976 -0.0343712 0.211142 156 98 0
0.562547 -0.0391262 0.211881 156 98 0
0.562733 -0.0364547 0.211576 156 98 0
0.563212 -0.0316106 0.210808 156 98 0
0.563716 -0.0267875 0.209934 156 98 0
0.564246 -0.0219876 0.208952 156 98 0
0.56484 -0.0172107 0.207896 156 98 0
0.565516 -0.0124706 0.206731 156 98 0
0.566284 -0.00777993 0.205433 156 98 0
0.567106 -0.00312874 0.204028 156 98 0
0.5688 0.0053591 0.201216 156 98 0
0.569854 0.00988055 0.199416 156 98 0
0.570942 0.0144388 0.197735 156 98 0
0.572121 0.0190046 0.196136 156 98 0
0.573332 0.0235507 0.194504 156 98 0
0.574541 0.0280885 0.192848 156 98 0
0.575731 0.0326436 0.191226 156 98 0
0.576902 0.0372147 0.189636 156 98 0
0.578081 0.0417883 0.188058 156 98 0
0.579268 0.0463494 0.186451 156 98 0
0.580352 0.0509081 0.184769 156 98 0
0.581353 0.0554851 0.183082 156 98 0
0.581364 0.0582231 0.181475 156 98 0
0.581829 0.0622536 0.179273 156 98 0
0.582458 0.066262 0.177068 156 98 0
0.583307 0.0702044 0.174822 156 98 0
0.584204 0.0740853 0.172492 156 98 0
0.585051 0.0778316 0.169928 156 98 0
0.58584 0.0815092 0.167251 156 98 0
0.588183 0.0831052 0.16841 156 98 0
0.591561 0.0859526 0.169431 156 98 0
0.594951 0.0887038 0.170667 156 98 0
0.598203 0.0916356 0.171862 156 98 0
0.601268 0.0946475 0.173311 156 98 0
0.604171 0.0978703 0.174629 156 98 0
0.597936 0.101889 0.181336 156 98 0
0.649893 0.0984774 0.22463 156 98 0
0.65357 0.0945753 0.216189 156 98 0
0.655589 0.0926329 0.217521 156 98 0
0.658858 0.0891843 0.219897 156 98 0
0.662029 0.0857091 0.222358 156 98 0
0.665103 0.0822014 0.224899 157 97 0
0.668135 0.0786798 0.227467 157 97 0
0.668997 0.0761829 0.228618 157 97 0
0.672341 0.07296 0.230939 157 97 0
0.675299 0.0694257 0.233331 157 97 0
0.678076 0.0658066 0.23582 157 97 0
0.680729 0.0621528 0.238392 157 97 0
0.683701 0.0629774 0.239118 157 97 0
0.688245 0.0631391 0.240567 157 97 0
0.692833 0.0636505 0.241801 157 97 0
0.69745 0.0645617 0.242646 157 97 0
0.702096 0.065492 0.243274 157 97 0
0.706776 0.0662534 0.243873 157 97 0
0.703902 0.0660419 0.243505 157 97 0
0.699284 0.0648482 0.242928 157 97 0
0.694639 0.0638451 0.242199 157 97 0
0.690049 0.062718 0.241324 157 97 0
0.685454 0.061777 0.240289 157 97 0
0.682587 0.0616779 0.239289 157 97 0
0.677429 0.0605456 0.237799 157 97 0
0.67228 0.0595939 0.236138 157 97 0
0.66719 0.0587002 0.234291 157 97 0
0.662202 0.0575089 0.232446 157 97 0
0.661193 0.0499789 0.23515 157 97 0
0.660508 0.0451645 0.236875 157 97 0
0.659611 0.0403995 0.238638 157 97 0
0.658698 0.0356481 0.24043 157 97 0
0.657684 0.0309205 0.24223 157 97 0
0.656767 0.0262014 0.244105 157 97 0
0.655948 0.0215116 0.246095 157 97 0
0.655029 0.0168649 0.24814 157 97 0
0.65392 0.0122067 0.25006 157 97 0
0.652934 0.00755152 0.252051 157 97 0
0.652158 0.00289849 0.254141 157 97 0
0.65081 -0.003038 0.256428 157 97 0
0.649712 -0.00810171 0.257528 157 97 0
0.648859 -0.0132292 0.258576 157 97 0
0.647674 -0.0183759 0.259061 157 97 0
0.646829 -0.023584 0.259601 157 97 0
0.64619 -0.0288237 0.26012 157 97 0
0.645485 -0.0340663 0.260496 157 97 0
0.644779 -0.0392732 0.261003 157 97 0
0.644849 -0.0366478 0.260648 157 97 0
0.646107 -0.0319765 0.26044 157 97 0
0.646995 -0.0272115 0.260178 157 97 0
0.647896 -0.0224473 0.259999 158 96 0
0.648148 -0.0176376 0.259393 158 96 0
0.648558 -0.0128862 0.258499 158 96 0
0.648993 -0.00817722 0.257409 158 96 0
0.649977 -0.000402799 0.254646 158 96 0
0.650612 0.00412096 0.25261 158 96 0
0.651423 0.00867617 0.250712 158 96 0
0.652238 0.0132293 0.24881 158 96 0
0.653046 0.0177552 0.246841 158 96 0
0.653856 0.0222779 0.244865 158 96 0
0.65476 0.0268368 0.243018 158 96 0
0.655562 0.0314097 0.241158 158 96 0
0.656346 0.0359886 0.239305 158 96 0
0.657091 0.0405844 0.237479 158 96 0
0.657753 0.0451878 0.23564 158 96 0
0.658414 0.0498261 0.233894 158 96 0
0.659996 0.0523211 0.233411 158 96 0
0.661923 0.0566423 0.232685 158 96 0
0.663481 0.0610717 0.231683 158 96 0
0.665115 0.0654896 0.230754 158 96 0
0.666643 0.0699351 0.229778 158 96 0
0.668527 0.0742656 0.229041 158 96 0
0.667152 0.076636 0.227668 158 96 0
0.663955 0.0803245 0.225022 158 96 0
0.661039 0.0842782 0.22242 158 96 0
0.658232 0.088369 0.219914 158 96 0
0.655589 0.0926329 0.217521 158 96 0
0.657567 0.0903014 0.218951 158 96 0
0.661223 0.0867765 0.221645 158 96 0
0.664801 0.0832094 0.224389 158 96 0
0.668406 0.0797001 0.227175 158 96 0
0.670316 0.0785967 0.228338 158 96 0
0.672787 0.0745757 0.230585 158 96 0
0.675414 0.070686 0.232888 158 96 0
0.678135 0.0669405 0.235313 158 96 0
0.681093 0.0634918 0.237886 158 96 0
0.684017 0.0639623 0.238772 158 96 0
0.688505 0.0644354 0.240061 158 96 0
0.693009 0.0649072 0.241298 158 96 0
0.697566 0.0652924 0.242358 158 96 0
0.702164 0.0657127 0.243196 158 96 0
0.706776 0.0662534 0.243873 158 96 0
0.703902 0.0660419 0.243505 158 96 0
0.699284 0.0648482 0.242928 158 96 0
0.694639 0.0638451 0.242199 158 96 0
0.690049 0.062718 0.241324 159 95 0
0.685454 0.061777 0.240289 159 95 0
0.682587 0.0616779 0.239289 159 95 0
0.677429 0.0605456 0.237799 159 95 0
0.67228 0.0595939 0.236138 159 95 0
0.66719 0.0587002 0.234291 159 95 0
0.662202 0.0575089 0.232446 159 95 0
0.661193 0.0499789 0.23515 159 95 0
0.660508 0.0451645 0.236875 159 95 0
0.659611 0.0403995 0.238638 159 95 0
0.658698 0.0356481 0.24043 159 95 0
0.657684 0.0309205 0.24223 159 95 0
0.656767 0.0262014 0.244105 159 95 0
0.655948 0.0215116 0.246095 159 95 0
0.655029 0.0168649 0.24814 159 95 0
0.65392 0.0122067 0.25006 159 95 0
0.652934 0.00755152 0.252051 159 95 0
0.652158 0.00289849 0.254141 159 95 0
0.65081 -0.003038 0.256428 159 95 0
0.649712 -0.00810171 0.257528 159 95 0
0.648859 -0.0132292 0.258576 159 95 0
0.647674 -0.0183759 0.259061 159 95 0
0.646829 -0.023584 0.259601 159 95 0
0.64619 -0.0288237 0.26012 159 95 0
0.645485 -0.0340663 0.260496 159 95 0
0.644779 -0.0392732 0.261003 159 95 0
0.644849 -0.0366478 0.260648 159 95 0
0.646107 -0.0319765 0.26044 159 95 0
0.646995 -0.0272115 0.260178 159 95 0
0.647896 -0.0224473 0.259999 159 95 0
0.648148 -0.0176376 0.259393 159 95 0
0.648558 -0.0128862 0.258499 159 95 0
0.648993 -0.00817722 0.257409 159 95 0
0.649977 -0.000402799 0.254646 159 95 0
0.650612 0.00412096 0.25261 159 95 0
0.651423 0.00867617 0.250712 159 95 0
0.652238 0.0132293 0.24881 159 95 0
0.653046 0.0177552 0.246841 159 95 0
0.653856 0.0222779 0.244865 159 95 0
0.65476 0.0268368 0.243018 159 95 0
0.655562 0.0314097 0.241158 159 95 0
0.656346 0.0359886 0.239305 159 95 0
0.657091 0.0405844 0.237479 159 95 0
0.657753 0.0451878 0.23564 159 95 0
0.658414 0.0498261 0.233894 159 95 0
0.659996 0.0523211 0.233411 159 95 0
0.661923 0.0566423 0.232685 160 94 0
0.663481 0.0610717 0.231683 160 94 0
0.665115 0.0654896 0.230754 160 94 0
0.666643 0.0699351 0.229778 160 94 0
0.668527 0.0742656 0.229041 160 94 0
0.667152 0.076636 0.227668 160 94 0
0.663955 0.0803245 0.225022 160 94 0
0.661039 0.0842782 0.22242 160 94 0
0.658232 0.088369 0.219914 160 94 0
0.655589 0.0926329 0.217521 160 94 0
0.65208 0.0965887 0.226008 160 94 0
0.59949 0.103844 0.18226 160 94 0
0.60557 0.0996054 0.175547 160 94 0
0.585588 -0.00270623 0.215216 160 94 0
0.585169 0.00814159 0.210144 160 94 0
0.585074 0.0126493 0.207937 160 94 0
0.584895 0.0170912 0.2056 160 94 0
0.584659 0.0215218 0.203247 160 94 0
0.584559 0.0259859 0.20095 160 94 0
0.584415 0.0304225 0.198602 160 94 0
0.584212 0.0348261 0.196196 160 94 0
0.584038 0.0392206 0.19377 160 94 0
0.583913 0.0436112 0.191335 160 94 0
0.58385 0.0479971 0.188888 160 94 0
0.583837 0.0523223 0.186335 160 94 0
0.583933 0.0566173 0.183734 160 94 0
0.584097 0.0608761 0.181077 160 94 0
0.584301 0.0651683 0.17848 160 94 0
0.584413 0.0694287 0.175827 160 94 0
0.584725 0.0736249 0.173085 160 94 0
0.582268 0.0725274 0.172314 160 94 0
0.577828 0.0712344 0.16893 160 94 0
0.573463 0.0696038 0.165559 160 94 0
0.569214 0.0676447 0.162252 160 94 0
0.567317 0.0684514 0.158494 160 94 0
0.565154 0.0698231 0.154104 160 94 0
0.562999 0.0712997 0.149747 160 94 0
0.560369 0.0723401 0.145523 160 94 0
0.55797 0.0737903 0.141286 160 94 0
0.555536 0.0751578 0.137039 160 94 0
0.556916 0.073968 0.139794 160 94 0
0.559294 0.072572 0.144 160 94 0
0.561854 0.0714574 0.148188 160 94 0
0.564031 0.0699695 0.152473 160 94 0
0.566339 0.0687091 0.156757 160 94 0
0.566968 0.067556 0.159019 161 93 0
0.569543 0.066937 0.163121 161 93 0
0.572191 0.066274 0.167171 161 93 0
0.575059 0.0653829 0.171021 161 93 0
0.578147 0.0644734 0.174689 161 93 0
0.581258 0.0633218 0.178266 161 93 0
0.579461 0.0556016 0.181389 161 93 0
0.578684 0.0512261 0.183157 161 93 0
0.57782 0.0468664 0.184923 161 93 0
0.576905 0.0425032 0.186654 161 93 0
0.576013 0.0381302 0.188373 161 93 0
0.575112 0.0337604 0.190095 161 93 0
0.574197 0.029399 0.191831 161 93 0
0.573252 0.0250464 0.193573 161 93 0
0.572238 0.0206963 0.195282 161 93 0
0.571261 0.0163232 0.196954 161 93 0
0.57026 0.0119549 0.198624 161 93 0
0.569241 0.00761786 0.200363 161 93 0
0.568239 0.00278958 0.202144 161 93 0
0.56741 -0.00174981 0.203577 161 93 0
0.566616 -0.00631913 0.204932 161 93 0
0.565858 -0.0109173 0.206206 161 93 0
0.565155 -0.0155449 0.207404 161 93 0
0.56452 -0.0202038 0.208514 161 93 0
0.56395 -0.024899 0.209499 161 93 0
0.563428 -0.0296244 0.210361 161 93 0
0.562976 -0.0343712 0.211142 161 93 0
0.562547 -0.0391262 0.211881 161 93 0
0.562733 -0.0364547 0.211576 161 93 0
0.563212 -0.0316106 0.210808 161 93 0
0.563716 -0.0267875 0.209934 161 93 0
0.564246 -0.0219876 0.208952 161 93 0
0.56484 -0.0172107 0.207896 161 93 0
0.565516 -0.0124706 0.206731 161 93 0
0.566284 -0.00777993 0.205433 161 93 0
0.567106 -0.00312874 0.204028 161 93 0
0.5688 0.0053591 0.201216 161 93 0
0.569854 0.00988055 0.199416 161 93 0
0.570942 0.0144388 0.197735 161 93 0
0.572121 0.0190046 0.196136 161 93 0
0.573332 0.0235507 0.194504 161 93 0
0.574541 0.0280885 0.192848 161 93 0
0.575731 0.0326436 0.191226 161 93 0
0.576902 0.0372147 0.189636 161 93 0
0.578081 0.0417883 0.188058 161 93 0
0.579268 0.0463494 0.186451 161 93 0
0.580352 0.0509081 0.184769 162 92 0
0.581353 0.0554851 0.183082 162 92 0
0.581364 0.0582231 0.181475 162 92 0
0.581829 0.0622536 0.179273 162 92 0
0.582458 0.066262 0.177068 162 92 0
0.583307 0.0702044 0.174822 162 92 0
0.584204 0.0740853 0.172492 162 92 0
0.585051 0.0778316 0.169928 162 92 0
0.58584 0.0815092 0.167251 162 92 0
0.588183 0.0831052 0.16841 162 92 0
0.591561 0.0859526 0.169431 162 92 0
0.594951 0.0887038 0.170667 162 92 0
0.598203 0.0916356 0.171862 162 92 0
0.601268 0.0946475 0.173311 162 92 0
0.604171 0.0978703 0.174629 162 92 0
0.601758 0.0956489 0.172989 162 92 0
0.598557 0.0933736 0.170841 162 92 0
0.595331 0.0910043 0.168832 162 92 0
0.591942 0.0885488 0.167239 162 92 0
0.588554 0.0860164 0.16577 162 92 0
0.586366 0.0838918 0.165422 162 92 0
0.582967 0.0807876 0.164696 162 92 0
0.579471 0.077843 0.163755 162 92 0
0.575998 0.074864 0.16284 162 92 0
0.572542 0.0719285 0.161738 162 92 0
0.569118 0.068972 0.160592 162 92 0
0.567653 0.069357 0.157984 162 92 0
0.565546 0.0708652 0.153542 162 92 0
0.563111 0.0720468 0.149159 162 92 0
0.560799 0.0736769 0.14485 162 92 0
0.558136 0.0748382 0.140598 162 92 0
0.55579 0.0764224 0.136312 162 92 0
0.557156 0.0749765 0.139356 162 92 0
0.559347 0.0731293 0.143655 162 92 0
0.561693 0.0714862 0.147959 162 92 0
0.563949 0.0699839 0.15236 162 92 0
0.566339 0.0687091 0.156757 162 92 0
0.566968 0.067556 0.159019 162 92 0
0.569543 0.066937 0.163121 162 92 0
0.572191 0.066274 0.167171 162 92 0
0.575059 0.0653829 0.171021 162 92 0
0.578147 0.0644734 0.174689 162 92 0
0.581258 0.0633218 0.178266 162 92 0
0.579461 0.0556016 0.181389 162 92 0
0.578684 0.0512261 0.183157 162 92 0
0.57782 0.0468664 0.184923 163 91 0
0.576905 0.0425032 0.186654 163 91 0
0.576013 0.0381302 0.188373 163 91 0
0.575112 0.0337604 0.190095 163 91 0
0.574197 0.029399 0.191831 163 91 0
0.573252 0.0250464 0.193573 163 91 0
0.572238 0.0206963 0.195282 163 91 0
0.571261 0.0163232 0.196954 163 91 0
0.57026 0.0119549 0.198624 163 91 0
0.569241 0.00761786 0.200363 163 91 0
0.568239 0.00278958 0.202144 163 91 0
0.56741 -0.00174981 0.203577 163 91 0
0.566616 -0.00631913 0.204932 163 91 0
0.565858 -0.0109173 0.206206 163 91 0
0.565155 -0.0155449 0.207404 163 91 0
0.56452 -0.0202038 0.208514 163 91 0
0.56395 -0.024899 0.209499 163 91 0
0.563428 -0.0296244 0.210361 163 91 0
0.562976 -0.0343712 0.211142 163 91 0
0.562547 -0.0391262 0.211881 163 91 0
0.562733 -0.0364547 0.211576 163 91 0
0.563212 -0.0316106 0.210808 163 91 0
0.563716 -0.0267875 0.209934 163 91 0
0.564246 -0.0219876 0.208952 163 91 0
0.56484 -0.0172107 0.207896 163 91 0
0.565516 -0.0124706 0.206731 163 91 0
0.566284 -0.00777993 0.205433 163 91 0
0.567106 -0.00312874 0.204028 163 91 0
0.5688 0.0053591 0.201216 163 91 0
0.569854 0.00988055 0.199416 163 91 0
0.570942 0.0144388 0.197735 163 91 0
0.572121 0.0190046 0.196136 163 91 0
0.573332 0.0235507 0.194504 163 91 0
0.574541 0.0280885 0.192848 163 91 0
0.575731 0.0326436 0.191226 163 91 0
0.576902 0.0372147 0.189636 163 91 0
0.578081 0.0417883 0.188058 163 91 0
0.579268 0.0463494 0.186451 163 91 0
0.580352 0.0509081 0.184769 163 91 0
0.581353 0.0554851 0.183082 163 91 0
0.581364 0.0582231 0.181475 163 91 0
0.581829 0.0622536 0.179273 163 91 0
0.582458 0.066262 0.177068 163 91 0
0.583307 0.0702044 0.174822 163 91 0
0.584204 0.0740853 0.172492 163 91 0
0.585051 0.0778316 0.169928 163 91 0
0.58584 0.0815092 0.167251 164 90 0
0.588183 0.0831052 0.16841 164 90 0
0.591561 0.0859526 0.169431 164 90 0
0.594951 0.0887038 0.170667 164 90 0
0.598203 0.0916356 0.171862 164 90 0
0.601268 0.0946475 0.173311 164 90 0
0.604171 0.0978703 0.174629 164 90 0
0.597936 0.101889 0.181336 164 90 0
0.649893 0.0984774 0.22463 164 90 0
0.65357 0.0945753 0.216189 164 90 0
0.655589 0.0926329 0.217521 164 90 0
0.658858 0.0891843 0.219897 164 90 0
0.662029 0.0857091 0.222358 164 90 0
0.665103 0.0822014 0.224899 164 90 0
0.668135 0.0786798 0.227467 164 90 0
0.668997 0.0761829 0.228618 164 90 0
0.672341 0.07296 0.230939 164 90 0
0.675299 0.0694257 0.233331 164 90 0
0.678076 0.0658066 0.23582 164 90 0
0.680729 0.0621528 0.238392 164 90 0
0.683701 0.0629774 0.239118 164 90 0
0.688245 0.0631391 0.240567 164 90 0
0.692833 0.0636505 0.241801 164 90 0
0.69745 0.0645617 0.242646 164 90 0
0.702096 0.065492 0.243274 164 90 0
0.706776 0.0662534 0.243873 164 90 0
0.703902 0.0660419 0.243505 164 90 0
0.699284 0.0648482 0.242928 164 90 0
0.694639 0.0638451 0.242199 164 90 0
0.690049 0.062718 0.241324 164 90 0
0.685454 0.061777 0.240289 164 90 0
0.682587 0.0616779 0.239289 164 90 0
0.677429 0.0605456 0.237799 164 90 0
0.67228 0.0595939 0.236138 164 90 0
0.66719 0.0587002 0.234291 164 90 0
0.662202 0.0575089 0.232446 164 90 0
0.661193 0.0499789 0.23515 164 90 0
0.660508 0.0451645 0.236875 164 90 0
0.659611 0.0403995 0.238638 164 90 0
0.658698 0.0356481 0.24043 164 90 0
0.657684 0.0309205 0.24223 164 90 0
0.656767 0.0262014 0.244105 164 90 0
0.655948 0.0215116 0.246095 164 90 0
0.655029 0.0168649 0.24814 164 90 0
0.65392 0.0122067 0.25006 164 90 0
0.652934 0.00755152 0.252051 165 89 0
0.652158 0.00289849 0.254141 165 89 0
0.65081 -0.003038 0.256428 165 89 0
0.649712 -0.00810171 0.257528 165 89 0
0.648859 -0.0132292 0.258576 165 89 0
0.647674 -0.0183759 0.259061 165 89 0
0.646829 -0.023584 0.259601 165 89 0
0.64619 -0.0288237 0.26012 165 89 0
0.645485 -0.0340663 0.260496 165 89 0
0.644779 -0.0392732 0.261003 165 89 0
0.644849 -0.0366478 0.260648 165 89 0
0.646107 -0.0319765 0.26044 165 89 0
0.646995 -0.0272115 0.260178 165 89 0
0.647896 -0.0224473 0.259999 165 89 0
0.648148 -0.0176376 0.259393 165 89 0
0.648558 -0.0128862 0.258499 165 89 0
0.648993 -0.00817722 0.257409 165 89 0
0.649977 -0.000402799 0.254646 165 89 0
0.650612 0.00412096 0.25261 165 89 0
0.651423 0.00867617 0.250712 165 89 0
0.652238 0.0132293 0.24881 165 89 0
0.653046 0.0177552 0.246841 165 89 0
0.653856 0.0222779 0.244865 165 89 0
0.65476 0.0268368 0.243018 165 89 0
0.655562 0.0314097 0.241158 165 89 0
0.656346 0.0359886 0.239305 165 89 0
0.657091 0.0405844 0.237479 165 89 0
0.657753 0.0451878 0.23564 165 89 0
0.658414 0.0498261 0.233894 165 89 0
0.659996 0.0523211 0.233411 165 89 0
0.661923 0.0566423 0.232685 165 89 0
0.663481 0.0610717 0.231683 165 89 0
0.665115 0.0654896 0.230754 165 89 0
0.666643 0.0699351 0.229778 165 89 0
0.668527 0.0742656 0.229041 165 89 0
0.667152 0.076636 0.227668 165 89 0
0.663955 0.0803245 0.225022 165 89 0
0.661039 0.0842782 0.22242 165 89 0
0.658232 0.088369 0.219914 165 89 0
0.655589 0.0926329 0.217521 165 89 0
0.657567 0.0903014 0.218951 165 89 0
0.661223 0.0867765 0.221645 165 89 0
0.664801 0.0832094 0.224389 165 89 0
0.668406 0.0797001 0.227175 165 89 0
0.670316 0.0785967 0.228338 165 89 0
0.672787 0.0745757 0.230585 166 88 0
0.675414 0.070686 0.232888 166 88 0
0.678135 0.0669405 0.235313 166 88 0
0.681093 0.0634918 0.237886 166 88 0
0.684017 0.0639623 0.238772 166 88 0
0.688505 0.0644354 0.240061 166 88 0
0.693009 0.0649072 0.241298 166 88 0
0.697566 0.0652924 0.242358 166 88 0
0.702164 0.0657127 0.243196 166 88 0
0.706776 0.0662534 0.243873 166 88 0
0.703902 0.0660419 0.243505 166 88 0
0.699284 0.0648482 0.242928 166 88 0
0.694639 0.0638451 0.242199 166 88 0
0.690049 0.062718 0.241324 166 88 0
0.685454 0.061777 0.240289 166 88 0
0.682587 0.0616779 0.239289 166 88 0
0.677429 0.0605456 0.237799 166 88 0
0.67228 0.0595939 0.236138 166 88 0
0.66719 0.0587002 0.234291 166 88 0
0.662202 0.0575089 0.232446 166 88 0
0.661193 0.0499789 0.23515 166 88 0
0.660508 0.0451645 0.236875 166 88 0
0.659611 0.0403995 0.238638 166 88 0
0.658698 0.0356481 0.24043 166 88 0
0.657684 0.0309205 0.24223 166 88 0
0.656767 0.0262014 0.244105 166 88 0
0.655948 0.0215116 0.246095 166 88 0
0.655029 0.0168649 0.24814 166 88 0
0.65392 0.0122067 0.25006 166 88 0
0.652934 0.00755152 0.252051 166 88 0
0.652158 0.00289849 0.254141 166 88 0
0.65081 -0.003038 0.256428 166 88 0
0.649712 -0.00810171 0.257528 166 88 0
0.648859 -0.0132292 0.258576 166 88 0
0.647674 -0.0183759 0.259061 166 88 0
0.646829 -0.023584 0.259601 166 88 0
0.64619 -0.0288237 0.26012 166 88 0
0.645485 -0.0340663 0.260496 166 88 0
0.644779 -0.0392732 0.261003 166 88 0
0.644849 -0.0366478 0.260648 166 88 0
0.646107 -0.0319765 0.26044 166 88 0
0.646995 -0.0272115 0.260178 166 88 0
0.647896 -0.0224473 0.259999 166 88 0
0.648148 -0.0176376 0.259393 166 88 0
0.648558 -0.0128862 0.258499 166 88 0
0.648993 -0.00817722 0.257409 166 88 0
0.649977 -0.000402799 0.254646 167 87 0
0.650612 0.00412096 0.25261 167 87 0
0.651423 0.00867617 0.250712 167 87 0
0.652238 0.0132293 0.24881 167 87 0
0.653046 0.0177552 0.246841 167 87 0
0.653856 0.0222779 0.244865 167 87 0
0.65476 0.0268368 0.243018 167 87 0
0.655562 0.0314097 0.241158 167 87 0
0.656346 0.0359886 0.239305 167 87 0
0.657091 0.0405844 0.237479 167 87 0
0.657753 0.0451878 0.23564 167 87 0
0.658414 0.0498261 0.233894 167 87 0
0.659996 0.0523211 0.233411 167 87 0
0.661923 0.0566423 0.232685 167 87 0
0.663481 0.0610717 0.231683 167 87 0
0.665115 0.0654896 0.230754 167 87 0
0.666643 0.0699351 0.229778 167 87 0
0.668527 0.0742656 0.229041 167 87 0
0.667152 0.076636 0.227668 167 87 0
0.663955 0.0803245 0.225022 167 87 0
0.661039 0.0842782 0.22242 167 87 0
0.658232 0.088369 0.219914 167 87 0
0.655589 0.0926329 0.217521 167 87 0
0.65208 0.0965887 0.226008 167 87 0
0.59949 0.103844 0.18226 167 87 0
0.60557 0.0996054 0.175547 167 87 0
0.585588 -0.00270623 0.215216 167 87 0
0.585169 0.00814159 0.210144 167 87 0
0.585074 0.0126493 0.207937 167 87 0
0.584895 0.0170912 0.2056 167 87 0
0.584659 0.0215218 0.203247 167 87 0
0.584559 0.0259859 0.20095 167 87 0
0.584415 0.0304225 0.198602 167 87 0
0.584212 0.0348261 0.196196 167 87 0
0.584038 0.0392206 0.19377 167 87 0
0.583913 0.0436112 0.191335 167 87 0
0.58385 0.0479971 0.188888 167 87 0
0.583837 0.0523223 0.186335 167 87 0
0.583933 0.0566173 0.183734 167 87 0
0.584097 0.0608761 0.181077 167 87 0
0.584301 0.0651683 0.17848 167 87 0
0.584413 0.0694287 0.175827 167 87 0
0.584725 0.0736249 0.173085 167 87 0
0.582268 0.0725274 0.172314 167 87 0
0.577828 0.0712344 0.16893 167 87 0
0.573463 0.0696038 0.165559 168 86 0
0.569214 0.0676447 0.162252 168 86 0
0.567317 0.0684514 0.158494 168 86 0
0.565154 0.0698231 0.154104 168 86 0
0.562999 0.0712997 0.149747 168 86 0
0.560369 0.0723401 0.145523 168 86 0
0.55797 0.0737903 0.141286 168 86 0
0.555536 0.0751578 0.137039 168 86 0
0.556916 0.073968 0.139794 168 86 0
0.559294 0.072572 0.144 168 86 0
0.561854 0.0714574 0.148188 168 86 0
0.564031 0.0699695 0.152473 168 86 0
0.566339 0.0687091 0.156757 168 86 0
0.566968 0.067556 0.159019 168 86 0
0.569543 0.066937 0.163121 168 86 0
0.572191 0.066274 0.167171 168 86 0
0.575059 0.0653829 0.171021 168 86 0
0.578147 0.0644734 0.174689 168 86 0
0.581258 0.0633218 0.178266 168 86 0
0.579461 0.0556016 0.181389 168 86 0
0.578684 0.0512261 0.183157 168 86 0
0.57782 0.0468664 0.184923 168 86 0
0.576905 0.0425032 0.186654 168 86 0
0.576013 0.0381302 0.188373 168 86 0
0.575112 0.0337604 0.190095 168 86 0
0.574197 0.029399 0.191831 168 86 0
0.573252 0.0250464 0.193573 168 86 0
0.572238 0.0206963 0.195282 168 86 0
0.571261 0.0163232 0.196954 168 86 0
0.57026 0.0119549 0.198624 168 86 0
0.569241 0.00761786 0.200363 168 86 0
0.568239 0.00278958 0.202144 168 86 0
0.56741 -0.00174981 0.203577 168 86 0
0.566616 -0.00631913 0.204932 168 86 0
0.565858 -0.0109173 0.206206 168 86 0
0.565155 -0.0155449 0.207404 168 86 0
0.56452 -0.0202038 0.208514 168 86 0
0.56395 -0.024899 0.209499 168 86 0
0.563428 -0.0296244 0.210361 168 86 0
0.562976 -0.0343712 0.211142 168 86 0
0.562547 -0.0391262 0.211881 168 86 0
0.562733 -0.0364547 0.211576 168 86 0
0.563212 -0.0316106 0.210808 168 86 0
0.563716 -0.0267875 0.209934 168 86 0
0.564246 -0.0219876 0.208952 168 86 0
0.56484 -0.0172107 0.207896 168 86 0
0.565516 -0.0124706 0.206731 169 85 0
0.566284 -0.00777993 0.205433 169 85 0
0.567106 -0.00312874 0.204028 169 85 0
0.5688 0.0053591 0.201216 169 85 0
0.569854 0.00988055 0.199416 169 85 0
0.570942 0.0144388 0.197735 169 85 0
0.572121 0.0190046 0.196136 169 85 0
0.573332 0.0235507 0.194504 169 85 0
0.574541 0.0280885 0.192848 169 85 0
0.575731 0.0326436 0.191226 169 85 0
0.576902 0.0372147 0.189636 169 85 0
0.578081 0.0417883 0.188058 169 85 0
0.579268 0.0463494 0.186451 169 85 0
0.580352 0.0509081 0.184769 169 85 0
0.581353 0.0554851 0.183082 169 85 0
0.581364 0.0582231 0.181475 169 85 0
0.581829 0.0622536 0.179273 169 85 0
0.582458 0.066262 0.177068 169 85 0
0.583307 0.0702044 0.174822 169 85 0
0.584204 0.0740853 0.172492 169 85 0
0.585051 0.0778316 0.169928 169 85 0
0.58584 0.0815092 0.167251 169 85 0
0.588183 0.0831052 0.16841 169 85 0
0.591561 0.0859526 0.169431 169 85 0
0.594951 0.0887038 0.170667 169 85 0
0.598203 0.0916356 0.171862 169 85 0
0.601268 0.0946475 0.173311 169 85 0
0.604171 0.0978703 0.174629 169 85 0
0.601758 0.0956489 0.172989 169 85 0
0.598557 0.0933736 0.170841 169 85 0
0.595331 0.0910043 0.168832 169 85 0
0.591942 0.0885488 0.167239 169 85 0
0.588554 0.0860164 0.16577 169 85 0
0.586366 0.0838918 0.165422 169 85 0
0.582967 0.0807876 0.164696 169 85 0
0.579471 0.077843 0.163755 169 85 0
0.575998 0.074864 0.16284 169 85 0
0.572542 0.0719285 0.161738 169 85 0
0.569118 0.068972 0.160592 169 85 0
0.567653 0.069357 0.157984 169 85 0
0.565546 0.0708652 0.153542 169 85 0
0.563111 0.0720468 0.149159 169 85 0
0.560799 0.0736769 0.14485 169 85 0
0.558136 0.0748382 0.140598 169 85 0
0.55579 0.0764224 0.136312 169 85 0
0.557156 0.0749765 0.139356 170 84 0
0.559347 0.0731293 0.143655 170 84 0
0.561693 0.0714862 0.147959 170 84 0
0.563949 0.0699839 0.15236 170 84 0
0.566339 0.0687091 0.156757 170 84 0
0.566968 0.067556 0.159019 170 84 0
0.569543 0.066937 0.163121 170 84 0
0.572191 0.066274 0.167171 170 84 0
0.575059 0.0653829 0.171021 170 84 0
0.578147 0.0644734 0.174689 170 84 0
0.581258 0.0633218 0.178266 170 84 0
0.579461 0.0556016 0.181389 170 84 0
0.578684 0.0512261 0.183157 170 84 0
0.57782 0.0468664 0.184923 170 84 0
0.576905 0.0425032 0.186654 170 84 0
0.576013 0.0381302 0.188373 170 84 0
0.575112 0.0337604 0.190095 170 84 0
0.574197 0.029399 0.191831 170 84 0
0.573252 0.0250464 0.193573 170 84 0
0.572238 0.0206963 0.195282 170 84 0
0.571261 0.0163232 0.196954 170 84 0
0.57026 0.0119549 0.198624 170 84 0
0.569241 0.00761786 0.200363 170 84 0
0.568239 0.00278958 0.202144 170 84 0
0.56741 -0.00174981 0.203577 170 84 0
0.566616 -0.00631913 0.204932 170 84 0
0.565858 -0.0109173 0.206206 170 84 0
0.565155 -0.0155449 0.207404 170 84 0
0.56452 -0.0202038 0.208514 170 84 0
0.56395 -0.024899 0.209499 170 84 0
0.563428 -0.0296244 0.210361 170 84 0
0.562976 -0.0343712 0.211142 170 84 0
0.562547 -0.0391262 0.211881 170 84 0
0.562733 -0.0364547 0.211576 170 84 0
0.563212 -0.0316106 0.210808 170 84 0
0.563716 -0.0267875 0.209934 170 84 0
0.564246 -0.0219876 0.208952 170 84 0
0.56484 -0.0172107 0.207896 170 84 0
0.565516 -0.0124706 0.206731 170 84 0
0.566284 -0.00777993 0.205433 170 84 0
0.567106 -0.00312874 0.204028 170 84 0
0.5688 0.0053591 0.201216 170 84 0
0.569854 0.00988055 0.199416 170 84 0
0.570942 0.0144388 0.197735 170 84 0
0.572121 0.0190046 0.196136 170 84 0
0.573332 0.0235507 0.194504 170 84 0
0.574541 0.0280885 0.192848 171 83 0
0.575731 0.0326436 0.191226 171 83 0
0.576902 0.0372147 0.189636 171 83 0
0.578081 0.0417883 0.188058 171 83 0
0.579268 0.0463494 0.186451 171 83 0
0.580352 0.0509081 0.184769 171 83 0
0.581353 0.0554851 0.183082 171 83 0
0.581364 0.0582231 0.181475 171 83 0
0.581829 0.0622536 0.179273 171 83 0
0.582458 0.066262 0.177068 171 83 0
0.583307 0.0702044 0.174822 171 83 0
0.584204 0.0740853 0.172492 171 83 0
0.585051 0.0778316 0.169928 171 83 0
0.58584 0.0815092 0.167251 171 83 0
0.588183 0.0831052 0.16841 171 83 0
0.591561 0.0859526 0.169431 171 83 0
0.594951 0.0887038 0.170667 171 83 0
0.598203 0.0916356 0.171862 171 83 0
0.601268 0.0946475 0.173311 171 83 0
0.604171 0.0978703 0.174629 171 83 0
0.597936 0.101889 0.181336 171 83 0
0.649893 0.0984774 0.22463 171 83 0
0.65357 0.0945753 0.216189 171 83 0
0.655589 0.0926329 0.217521 171 83 0
0.658858 0.0891843 0.219897 171 83 0
0.662029 0.0857091 0.222358 171 83 0
0.665103 0.0822014 0.224899 171 83 0
0.668135 0.0786798 0.227467 171 83 0
0.668997 0.0761829 0.228618 171 83 0
0.672341 0.07296 0.230939 171 83 0
0.675299 0.0694257 0.233331 171 83 0
0.678076 0.0658066 0.23582 171 83 0
0.680729 0.0621528 0.238392 171 83 0
0.683701 0.0629774 0.239118 171 83 0
0.688245 0.0631391 0.240567 171 83 0
0.692833 0.0636505 0.241801 171 83 0
0.69745 0.0645617 0.242646 171 83 0
0.702096 0.065492 0.243274 171 83 0
0.706776 0.0662534 0.243873 171 83 0
0.703902 0.0660419 0.243505 171 83 0
0.699284 0.0648482 0.242928 171 83 0
0.694639 0.0638451 0.242199 171 83 0
0.690049 0.062718 0.241324 171 83 0
0.685454 0.061777 0.240289 171 83 0
0.682587 0.0616779 0.239289 171 83 0
0.677429 0.0605456 0.237799 172 82 0
0.67228 0.0595939 0.236138 172 82 0
0.66719 0.0587002 0.234291 172 82 0
0.662202 0.0575089 0.232446 172 82 0
0.661193 0.0499789 0.23515 172 82 0
0.660508 0.0451645 0.236875 172 82 0
0.659611 0.0403995 0.238638 172 82 0
0.658698 0.0356481 0.24043 172 82 0
0.657684 0.0309205 0.24223 172 82 0
0.656767 0.0262014 0.244105 172 82 0
0.655948 0.0215116 0.246095 172 82 0
0.655029 0.0168649 0.24814 172 82 0
0.65392 0.0122067 0.25006 172 82 0
0.652934 0.00755152 0.252051 172 82 0
0.652158 0.00289849 0.254141 172 82 0
0.65081 -0.003038 0.256428 172 82 0
0.649712 -0.00810171 0.257528 172 82 0
0.648859 -0.0132292 0.258576 172 82 0
0.647674 -0.0183759 0.259061 172 82 0
0.646829 -0.023584 0.259601 172 82 0
0.64619 -0.0288237 0.26012 172 82 0
0.645485 -0.0340663 0.260496 172 82 0
0.644779 -0.0392732 0.261003 172 82 0
0.644849 -0.0366478 0.260648 172 82 0
0.646107 -0.0319765 0.26044 172 82 0
0.646995 -0.0272115 0.260178 172 82 0
0.647896 -0.0224473 0.259999 172 82 0
0.648148 -0.0176376 0.259393 172 82 0
0.648558 -0.0128862 0.258499 172 82 0
0.648993 -0.00817722 0.257409 172 82 0
0.649977 -0.000402799 0.254646 172 82 0
0.650612 0.00412096 0.25261 172 82 0
0.651423 0.00867617 0.250712 172 82 0
0.652238 0.0132293 0.24881 172 82 0
0.653046 0.0177552 0.246841 172 82 0
0.653856 0.0222779 0.244865 172 82 0
0.65476 0.0268368 0.243018 172 82 0
0.655562 0.0314097 0.241158 172 82 0
0.656346 0.0359886 0.239305 172 82 0
0.657091 0.0405844 0.237479 172 82 0
0.657753 0.0451878 0.23564 172 82 0
0.658414 0.0498261 0.233894 172 82 0
0.659996 0.0523211 0.233411 172 82 0
0.661923 0.0566423 0.232685 172 82 0
0.663481 0.0610717 0.231683 172 82 0
0.665115 0.0654896 0.230754 173 81 0
0.666643 0.0699351 0.229778 173 81 0
0.668527 0.0742656 0.229041 173 81 0
0.667152 0.076636 0.227668 173 81 0
0.663955 0.0803245 0.225022 173 81 0
0.661039 0.0842782 0.22242 173 81 0
0.658232 0.088369 0.219914 173 81 0
0.655589 0.0926329 0.217521 173 81 0
0.657567 0.0903014 0.218951 173 81 0
0.661223 0.0867765 0.221645 173 81 0
0.664801 0.0832094 0.224389 173 81 0
0.668406 0.0797001 0.227175 173 81 0
0.670316 0.0785967 0.228338 173 81 0
0.672787 0.0745757 0.230585 173 81 0
0.675414 0.070686 0.232888 173 81 0
0.678135 0.0669405 0.235313 173 81 0
0.681093 0.0634918 0.237886 173 81 0
0.684017 0.0639623 0.238772 173 81 0
0.688505 0.0644354 0.240061 173 81 0
0.693009 0.0649072 0.241298 173 81 0
0.697566 0.0652924 0.242358 173 81 0
0.702164 0.0657127 0.243196 173 81 0
0.706776 0.0662534 0.243873 173 81 0
0.703902 0.0660419 0.243505 173 81 0
0.699284 0.0648482 0.242928 173 81 0
0.694639 0.0638451 0.242199 173 81 0
0.690049 0.062718 0.241324 173 81 0
0.685454 0.061777 0.240289 173 81 0
0.682587 0.0616779 0.239289 173 81 0
0.677429 0.0605456 0.237799 173 81 0
0.67228 0.0595939 0.236138 173 81 0
0.66719 0.0587002 0.234291 173 81 0
0.662202 0.0575089 0.232446 173 81 0
0.661193 0.0499789 0.23515 173 81 0
0.660508 0.0451645 0.236875 173 81 0
0.659611 0.0403995 0.238638 173 81 0
0.658698 0.0356481 0.24043 173 81 0
0.657684 0.0309205 0.24223 173 81 0
0.656767 0.0262014 0.244105 173 81 0
0.655948 0.0215116 0.246095 173 81 0
0.655029 0.0168649 0.24814 173 81 0
0.65392 0.0122067 0.25006 173 81 0
0.652934 0.00755152 0.252051 173 81 0
0.652158 0.00289849 0.254141 173 81 0
0.65081 -0.003038 0.256428 173 81 0
0.649712 -0.00810171 0.257528 173 81 0
0.648859 -0.0132292 0.258576 174 80 0
0.647674 -0.0183759 0.259061 174 80 0
0.646829 -0.023584 0.259601 174 80 0
0.64619 -0.0288237 0.26012 174 80 0
0.645485 -0.0340663 0.260496 174 80 0
0.644779 -0.0392732 0.261003 174 80 0
0.644849 -0.0366478 0.260648 174 80 0
0.646107 -0.0319765 0.26044 174 80 0
0.646995 -0.0272115 0.260178 174 80 0
0.647896 -0.0224473 0.259999 174 80 0
0.648148 -0.0176376 0.259393 174 80 0
0.648558 -0.0128862 0.258499 174 80 0
0.648993 -0.00817722 0.257409 174 80 0
0.649977 -0.000402799 0.254646 174 80 0
0.650612 0.00412096 0.25261 174 80 0
0.651423 0.00867617 0.250712 174 80 0
0.652238 0.0132293 0.24881 174 80 0
0.653046 0.0177552 0.246841 174 80 0
0.653856 0.0222779 0.244865 174 80 0
0.65476 0.0268368 0.243018 174 80 0
0.655562 0.0314097 0.241158 174 80 0
0.656346 0.0359886 0.239305 174 80 0
0.657091 0.0405844 0.237479 174 80 0
0.657753 0.0451878 0.23564 174 80 0
0.658414 0.0498261 0.233894 174 80 0
0.659996 0.0523211 0.233411 174 80 0
0.661923 0.0566423 0.232685 174 80 0
0.663481 0.0610717 0.231683 174 80 0
0.665115 0.0654896 0.230754 174 80 0
0.666643 0.0699351 0.229778 174 80 0
0.668527 0.0742656 0.229041 174 80 0
0.667152 0.076636 0.227668 174 80 0
0.663955 0.0803245 0.225022 174 80 0
0.661039 0.0842782 0.22242 174 80 0
0.658232 0.088369 0.219914 174 80 0
0.655589 0.0926329 0.217521 174 80 0
0.65208 0.0965887 0.226008 174 80 0
0.59949 0.103844 0.18226 174 80 0
0.60557 0.0996054 0.175547 174 80 0
0.585588 -0.00270623 0.215216 174 80 0
0.585169 0.00814159 0.210144 174 80 0
0.585074 0.0126493 0.207937 174 80 0
0.584895 0.0170912 0.2056 174 80 0
0.584659 0.0215218 0.203247 174 80 0
0.584559 0.0259859 0.20095 174 80 0
0.584415 0.0304225 0.198602 175 79 0
0.584212 0.0348261 0.196196 175 79 0
0.584038 0.0392206 0.19377 175 79 0
0.583913 0.0436112 0.191335 175 79 0
0.58385 0.0479971 0.188888 175 79 0
0.583837 0.0523223 0.186335 175 79 0
0.583933 0.0566173 0.183734 175 79 0
0.584097 0.0608761 0.181077 175 79 0
0.584301 0.0651683 0.17848 175 79 0
0.584413 0.0694287 0.175827 175 79 0
0.584725 0.0736249 0.173085 175 79 0
0.582268 0.0725274 0.172314 175 79 0
0.577828 0.0712344 0.16893 175 79 0
0.573463 0.0696038 0.165559 175 79 0
0.569214 0.0676447 0.162252 175 79 0
0.567317 0.0684514 0.158494 175 79 0
0.565154 0.0698231 0.154104 175 79 0
0.562999 0.0712997 0.149747 175 79 0
0.560369 0.0723401 0.145523 175 79 0
0.55797 0.0737903 0.141286 175 79 0
0.555536 0.0751578 0.137039 175 79 0
0.556916 0.073968 0.139794 175 79 0
0.559294 0.072572 0.144 175 79 0
0.561854 0.0714574 0.148188 175 79 0
0.564031 0.0699695 0.152473 175 79 0
0.566339 0.0687091 0.156757 175 79 0
0.566968 0.067556 0.159019 175 79 0
0.569543 0.066937 0.163121 175 79 0
0.572191 0.066274 0.167171 175 79 0
0.575059 0.0653829 0.171021 175 79 0
0.578147 0.0644734 0.174689 175 79 0
0.581258 0.0633218 0.178266 175 79 0
0.579461 0.0556016 0.181389 175 79 0
0.578684 0.0512261 0.183157 175 79 0
0.57782 0.0468664 0.184923 175 79 0
0.576905 0.0425032 0.186654 175 79 0
0.576013 0.0381302 0.188373 175 79 0
0.575112 0.0337604 0.190095 175 79 0
0.574197 0.029399 0.191831 175 79 0
0.573252 0.0250464 0.193573 175 79 0
0.572238 0.0206963 0.195282 175 79 0
0.571261 0.0163232 0.196954 175 79 0
0.57026 0.0119549 0.198624 175 79 0
0.569241 0.00761786 0.200363 175 79 0
0.568239 0.00278958 0.202144 175 79 0
0.56741 -0.00174981 0.203577 175 79 0
0.566616 -0.00631913 0.204932 176 78 0
0.565858 -0.0109173 0.206206 176 78 0
0.565155 -0.0155449 0.207404 176 78 0
0.56452 -0.0202038 0.208514 176 78 0
0.56395 -0.024899 0.209499 176 78 0
0.563428 -0.0296244 0.210361 176 78 0
0.562976 -0.0343712 0.211142 176 78 0
0.562547 -0.0391262 0.211881 176 78 0
0.562733 -0.0364547 0.211576 176 78 0
0.563212 -0.0316106 0.210808 176 78 0
0.563716 -0.0267875 0.209934 176 78 0
0.564246 -0.0219876 0.208952 176 78 0
0.56484 -0.0172107 0.207896 176 78 0
0.565516 -0.0124706 0.206731 176 78 0
0.566284 -0.00777993 0.205433 176 78 0
0.567106 -0.00312874 0.204028 176 78 0
0.5688 0.0053591 0.201216 176 78 0
0.569854 0.00988055 0.199416 176 78 0
0.570942 0.0144388 0.197735 176 78 0
0.572121 0.0190046 0.196136 176 78 0
0.573332 0.0235507 0.194504 176 78 0
0.574541 0.0280885 0.192848 176 78 0
0.575731 0.0326436 0.191226 176 78 0
0.576902 0.0372147 0.189636 176 78 0
0.578081 0.0417883 0.188058 176 78 0
0.579268 0.0463494 0.186451 176 78 0
0.580352 0.0509081 0.184769 176 78 0
0.581353 0.0554851 0.183082 176 78 0
0.581364 0.0582231 0.181475 176 78 0
0.581829 0.0622536 0.179273 176 78 0
0.582458 0.066262 0.177068 176 78 0
0.583307 0.0702044 0.174822 176 78 0
0.584204 0.0740853 0.172492 176 78 0
0.585051 0.0778316 0.169928 176 78 0
0.58584 0.0815092 0.167251 176 78 0
0.588183 0.0831052 0.16841 176 78 0
0.591561 0.0859526 0.169431 176 78 0
0.594951 0.0887038 0.170667 176 78 0
0.598203 0.0916356 0.171862 176 78 0
0.601268 0.0946475 0.173311 176 78 0
0.604171 0.0978703 0.174629 176 78 0
0.601758 0.0956489 0.172989 176 78 0
0.598557 0.0933736 0.170841 176 78 0
0.595331 0.0910043 0.168832 176 78 0
0.591942 0.0885488 0.167239 176 78 0
0.588554 0.0860164 0.16577 177 77 0
0.586366 0.0838918 0.165422 177 77 0
0.582967 0.0807876 0.164696 177 77 0
0.579471 0.077843 0.163755 177 77 0
0.575998 0.074864 0.16284 177 77 0
0.572542 0.0719285 0.161738 177 77 0
0.569118 0.068972 0.160592 177 77 0
0.567653 0.069357 0.157984 177 77 0
0.565546 0.0708652 0.153542 177 77 0
0.563111 0.0720468 0.149159 177 77 0
0.560799 0.0736769 0.14485 177 77 0
0.558136 0.0748382 0.140598 177 77 0
0.55579 0.0764224 0.136312 177 77 0
0.557156 0.0749765 0.139356 177 77 0
0.559347 0.0731293 0.143655 177 77 0
0.561693 0.0714862 0.147959 177 77 0
0.563949 0.0699839 0.15236 177 77 0
0.566339 0.0687091 0.156757 177 77 0
0.566968 0.067556 0.159019 177 77 0
0.569543 0.066937 0.163121 177 77 0
0.572191 0.066274 0.167171 177 77 0
0.575059 0.0653829 0.171021 177 77 0
0.578147 0.0644734 0.174689 177 77 0
0.581258 0.0633218 0.178266 177 77 0
0.579461 0.0556016 0.181389 177 77 0
0.578684 0.0512261 0.183157 177 77 0
0.57782 0.0468664 0.184923 177 77 0
0.576905 0.0425032 0.186654 177 77 0
0.576013 0.0381302 0.188373 177 77 0
0.575112 0.0337604 0.190095 177 77 0
0.574197 0.029399 0.191831 177 77 0
0.573252 0.0250464 0.193573 177 77 0
0.572238 0.0206963 0.195282 177 77 0
0.571261 0.0163232 0.196954 177 77 0
0.57026 0.0119549 0.198624 177 77 0
0.569241 0.00761786 0.200363 177 77 0
0.568239 0.00278958 0.202144 177 77 0
0.56741 -0.00174981 0.203577 177 77 0
0.566616 -0.00631913 0.204932 177 77 0
0.565858 -0.0109173 0.206206 177 77 0
0.565155 -0.0155449 0.207404 177 77 0
0.56452 -0.0202038 0.208514 177 77 0
0.56395 -0.024899 0.209499 177 77 0
0.563428 -0.0296244 0.210361 177 77 0
0.562976 -0.0343712 0.211142 177 77 0
0.562547 -0.0391262 0.211881 177 77 0
0.562733 -0.0364547 0.211576 178 76 0
0.563212 -0.0316106 0.210808 178 76 0
0.563716 -0.0267875 0.209934 178 76 0
0.564246 -0.0219876 0.208952 178 76 0
0.56484 -0.0172107 0.207896 178 76 0
0.565516 -0.0124706 0.206731 178 76 0
0.566284 -0.00777993 0.205433 178 76 0
0.567106 -0.00312874 0.204028 178 76 0
0.5688 0.0053591 0.201216 178 76 0
0.569854 0.00988055 0.199416 178 76 0
0.570942 0.0144388 0.197735 178 76 0
0.572121 0.0190046 0.196136 178 76 0
0.573332 0.0235507 0.194504 178 76 0
0.574541 0.0280885 0.192848 178 76 0
0.575731 0.0326436 0.191226 178 76 0
0.576902 0.0372147 0.189636 178 76 0
0.578081 0.0417883 0.188058 178 76 0
0.579268 0.0463494 0.186451 178 76 0
0.580352 0.0509081 0.184769 178 76 0
0.581353 0.0554851 0.183082 178 76 0
0.581364 0.0582231 0.181475 178 76 0
0.581829 0.0622536 0.179273 178 76 0
0.582458 0.066262 0.177068 178 76 0
0.583307 0.0702044 0.174822 178 76 0
0.584204 0.0740853 0.172492 178 76 0
0.585051 0.0778316 0.169928 178 76 0
0.58584 0.0815092 0.167251 178 76 0
0.588183 0.0831052 0.16841 178 76 0
0.591561 0.0859526 0.169431 178 76 0
0.594951 0.0887038 0.170667 178 76 0
0.598203 0.0916356 0.171862 178 76 0
0.601268 0.0946475 0.173311 178 76 0
0.604171 0.0978703 0.174629 178 76 0
0.597936 0.101889 0.181336 178 76 0
0.649893 0.0984774 0.22463 178 76 0
0.65357 0.0945753 0.216189 178 76 0
0.655589 0.0926329 0.217521 178 76 0
0.658858 0.0891843 0.219897 178 76 0
0.662029 0.0857091 0.222358 178 76 0
0.665103 0.0822014 0.224899 178 76 0
0.668135 0.0786798 0.227467 178 76 0
0.668997 0.0761829 0.228618 178 76 0
0.672341 0.07296 0.230939 178 76 0
0.675299 0.0694257 0.233331 178 76 0
0.678076 0.0658066 0.23582 178 76 0
0.680729 0.0621528 0.238392 179 75 0
0.683701 0.0629774 0.239118 179 75 0
0.688245 0.0631391 0.240567 179 75 0
0.692833 0.0636505 0.241801 179 75 0
0.69745 0.0645617 0.242646 179 75 0
0.702096 0.065492 0.243274 179 75 0
0.706776 0.0662534 0.243873 179 75 0
0.703902 0.0660419 0.243505 179 75 0
0.699284 0.0648482 0.242928 179 75 0
0.694639 0.0638451 0.242199 179 75 0
0.690049 0.062718 0.241324 179 75 0
0.685454 0.061777 0.240289 179 75 0
0.682587 0.0616779 0.239289 179 75 0
0.677429 0.0605456 0.237799 179 75 0
0.67228 0.0595939 0.236138 179 75 0
0.66719 0.0587002 0.234291 179 75 0
0.662202 0.0575089 0.232446 179 75 0
0.661193 0.0499789 0.23515 179 75 0
0.660508 0.0451645 0.236875 179 75 0
0.659611 0.0403995 0.238638 179 75 0
0.658698 0.0356481 0.24043 179 75 0
0.657684 0.0309205 0.24223 179 75 0
0.656767 0.0262014 0.244105 179 75 0
0.655948 0.0215116 0.246095 179 75 0
0.655029 0.0168649 0.24814 179 75 0
0.65392 0.0122067 0.25006 179 75 0
0.652934 0.00755152 0.252051 179 75 0
0.652158 0.00289849 0.254141 179 75 0
0.65081 -0.003038 0.256428 179 75 0
0.649712 -0.00810171 0.257528 179 75 0
0.648859 -0.0132292 0.258576 179 75 0
0.647674 -0.0183759 0.259061 179 75 0
0.646829 -0.023584 0.259601 179 75 0
0.64619 -0.0288237 0.26012 179 75 0
0.645485 -0.0340663 0.260496 179 75 0
0.644779 -0.0392732 0.261003 179 75 0
0.644849 -0.0366478 0.260648 179 75 0
0.646107 -0.0319765 0.26044 179 75 0
0.646995 -0.0272115 0.260178 179 75 0
0.647896 -0.0224473 0.259999 179 75 0
0.648148 -0.0176376 0.259393 179 75 0
0.648558 -0.0128862 0.258499 179 75 0
0.648993 -0.00817722 0.257409 179 75 0
0.649977 -0.000402799 0.254646 179 75 0
0.650612 0.00412096 0.25261 179 75 0
0.651423 0.00867617 0.250712 180 74 0
0.652238 0.0132293 0.24881 180 74 0
0.653046 0.0177552 0.246841 180 74 0
0.653856 0.0222779 0.244865 180 74 0
0.65476 0.0268368 0.243018 180 74 0
0.655562 0.0314097 0.241158 180 74 0
0.656346 0.0359886 0.239305 180 74 0
0.657091 0.0405844 0.237479 180 74 0
0.657753 0.0451878 0.23564 180 74 0
0.658414 0.0498261 0.233894 180 74 0
0.659996 0.0523211 0.233411 180 74 0
0.661923 0.0566423 0.232685 180 74 0
0.663481 0.0610717 0.231683 180 74 0
0.665115 0.0654896 0.230754 180 74 0
0.666643 0.0699351 0.229778 180 74 0
0.668527 0.0742656 0.229041 180 74 0
0.667152 0.076636 0.227668 180 74 0
0.663955 0.0803245 0.225022 180 74 0
0.661039 0.0842782 0.22242 180 74 0
0.658232 0.088369 0.219914 180 74 0
0.655589 0.0926329 0.217521 180 74 0
0.657567 0.0903014 0.218951 180 74 0
0.661223 0.0867765 0.221645 180 74 0
0.664801 0.0832094 0.224389 180 74 0
0.668406 0.0797001 0.227175 180 74 0
0.670316 0.0785967 0.228338 180 74 0
0.672787 0.0745757 0.230585 180 74 0
0.675414 0.070686 0.232888 180 74 0
0.678135 0.0669405 0.235313 180 74 0
0.681093 0.0634918 0.237886 180 74 0
0.684017 0.0639623 0.238772 180 74 0
0.688505 0.0644354 0.240061 180 74 0
0.693009 0.0649072 0.241298 180 74 0
0.697566 0.0652924 0.242358 180 74 0
0.702164 0.0657127 0.243196 180 74 0
0.706776 0.0662534 0.243873 180 74 0
0.703902 0.0660419 0.243505 180 74 0
0.699284 0.0648482 0.242928 180 74 0
0.694639 0.0638451 0.242199 180 74 0
0.690049 0.062718 0.241324 180 74 0
0.685454 0.061777 0.240289 180 74 0
0.682587 0.0616779 0.239289 180 74 0
0.677429 0.0605456 0.237799 180 74 0
0.67228 0.0595939 0.236138 180 74 0
0.66719 0.0587002 0.234291 180 74 0
0.662202 0.0575089 0.232446 180 74 0
0.661193 0.0499789 0.23515 181 73 0
0.660508 0.0451645 0.236875 181 73 0
0.659611 0.0403995 0.238638 181 73 0
0.658698 0.0356481 0.24043 181 73 0
0.657684 0.0309205 0.24223 181 73 0
0.656767 0.0262014 0.244105 181 73 0
0.655948 0.0215116 0.246095 181 73 0
0.655029 0.0168649 0.24814 181 73 0
0.65392 0.0122067 0.25006 181 73 0
0.652934 0.00755152 0.252051 181 73 0
0.652158 0.00289849 0.254141 181 73 0
0.65081 -0.003038 0.256428 181 73 0
0.649712 -0.00810171 0.257528 181 73 0
0.648859 -0.0132292 0.258576 181 73 0
0.647674 -0.0183759 0.259061 181 73 0
0.646829 -0.023584 0.259601 181 73 0
0.64619 -0.0288237 0.26012 181 73 0
0.645485 -0.0340663 0.260496 181 73 0
0.644779 -0.0392732 0.261003 181 73 0
0.644849 -0.0366478 0.260648 181 73 0
0.646107 -0.0319765 0.26044 181 73 0
0.646995 -0.0272115 0.260178 181 73 0
0.647896 -0.0224473 0.259999 181 73 0
0.648148 -0.0176376 0.259393 181 73 0
0.648558 -0.0128862 0.258499 181 73 0
0.648993 -0.00817722 0.257409 181 73 0
0.649977 -0.000402799 0.254646 181 73 0
0.650612 0.00412096 0.25261 181 73 0
0.651423 0.00867617 0.250712 181 73 0
0.652238 0.0132293 0.24881 181 73 0
0.653046 0.0177552 0.246841 181 73 0
0.653856 0.0222779 0.244865 181 73 0
0.65476 0.0268368 0.243018 181 73 0
0.655562 0.0314097 0.241158 181 73 0
0.656346 0.0359886 0.239305 181 73 0
0.657091 0.0405844 0.237479 181 73 0
0.657753 0.0451878 0.23564 181 73 0
0.658414 0.0498261 0.233894 181 73 0
0.659996 0.0523211 0.233411 181 73 0
0.661923 0.0566423 0.232685 181 73 0
0.663481 0.0610717 0.231683 181 73 0
0.665115 0.0654896 0.230754 181 73 0
0.666643 0.0699351 0.229778 181 73 0
0.668527 0.0742656 0.229041 181 73 0
0.667152 0.076636 0.227668 181 73 0
0.663955 0.0803245 0.225022 182 72 0
0.661039 0.0842782 0.22242 182 72 0
0.658232 0.088369 0.219914 182 72 0
0.655589 0.0926329 0.217521 182 72 0
0.65208 0.0965887 0.226008 182 72 0
0.59949 0.103844 0.18226 182 72 0
0.60557 0.0996054 0.175547 182 72 0
0.585588 -0.00270623 0.215216 182 72 0
0.585169 0.00814159 0.210144 182 72 0
0.585074 0.0126493 0.207937 182 72 0
0.584895 0.0170912 0.2056 182 72 0
0.584659 0.0215218 0.203247 182 72 0
0.584559 0.0259859 0.20095 182 72 0
0.584415 0.0304225 0.198602 182 72 0
0.584212 0.0348261 0.196196 182 72 0
0.584038 0.0392206 0.19377 182 72 0
0.583913 0.0436112 0.191335 182 72 0
0.58385 0.0479971 0.188888 182 72 0
0.583837 0.0523223 0.186335 182 72 0
0.583933 0.0566173 0.183734 182 72 0
0.584097 0.0608761 0.181077 182 72 0
0.584301 0.0651683 0.17848 182 72 0
0.584413 0.0694287 0.175827 182 72 0
0.584725 0.0736249 0.173085 182 72 0
0.582268 0.0725274 0.172314 182 72 0
0.577828 0.0712344 0.16893 182 72 0
0.573463 0.0696038 0.165559 182 72 0
0.569214 0.0676447 0.162252 182 72 0
0.567317 0.0684514 0.158494 182 72 0
0.565154 0.0698231 0.154104 182 72 0
0.562999 0.0712997 0.149747 182 72 0
0.560369 0.0723401 0.145523 182 72 0
0.55797 0.0737903 0.141286 182 72 0
0.555536 0.0751578 0.137039 182 72 0
0.556916 0.073968 0.139794 182 72 0
0.559294 0.072572 0.144 182 72 0
0.561854 0.0714574 0.148188 182 72 0
0.564031 0.0699695 0.152473 182 72 0
0.566339 0.0687091 0.156757 182 72 0
0.566968 0.067556 0.159019 182 72 0
0.569543 0.066937 0.163121 182 72 0
0.572191 0.066274 0.167171 182 72 0
0.575059 0.0653829 0.171021 182 72 0
0.578147 0.0644734 0.174689 182 72 0
0.581258 0.0633218 0.178266 182 72 0
0.579461 0.0556016 0.181389 182 72 0
0.578684 0.0512261 0.183157 183 71 0
0.57782 0.0468664 0.184923 183 71 0
0.576905 0.0425032 0.186654 183 71 0
0.576013 0.0381302 0.188373 183 71 0
0.575112 0.0337604 0.190095 183 71 0
0.574197 0.029399 0.191831 183 71 0
0.573252 0.0250464 0.193573 183 71 0
0.572238 0.0206963 0.195282 183 71 0
0.571261 0.0163232 0.196954 183 71 0
0.57026 0.0119549 0.198624 183 71 0
0.569241 0.00761786 0.200363 183 71 0
0.568239 0.00278958 0.202144 183 71 0
0.56741 -0.00174981 0.203577 183 71 0
0.566616 -0.00631913 0.204932 183 71 0
0.565858 -0.0109173 0.206206 183 71 0
0.565155 -0.0155449 0.207404 183 71 0
0.56452 -0.0202038 0.208514 183 71 0
0.56395 -0.024899 0.209499 183 71 0
0.563428 -0.0296244 0.210361 183 71 0
0.562976 -0.0343712 0.211142 183 71 0
0.562547 -0.0391262 0.211881 183 71 0
0.562733 -0.0364547 0.211576 183 71 0
0.563212 -0.0316106 0.210808 183 71 0
0.563716 -0.0267875 0.209934 183 71 0
0.564246 -0.0219876 0.208952 183 71 0
0.56484 -0.0172107 0.207896 183 71 0
0.565516 -0.0124706 0.206731 183 71 0
0.566284 -0.00777993 0.205433 183 71 0
0.567106 -0.00312874 0.204028 183 71 0
0.5688 0.0053591 0.201216 183 71 0
0.569854 0.00988055 0.199416 183 71 0
0.570942 0.0144388 0.197735 183 71 0
0.572121 0.0190046 0.196136 183 71 0
0.573332 0.0235507 0.194504 183 71 0
0.574541 0.0280885 0.192848 183 71 0
0.575731 0.0326436 0.191226 183 71 0
0.576902 0.0372147 0.189636 183 71 0
0.578081 0.0417883 0.188058 183 71 0
0.579268 0.0463494 0.186451 183 71 0
0.580352 0.0509081 0.184769 183 71 0
0.581353 0.0554851 0.183082 183 71 0
0.581364 0.0582231 0.181475 183 71 0
0.581829 0.0622536 0.179273 183 71 0
0.582458 0.066262 0.177068 183 71 0
0.583307 0.0702044 0.174822 183 71 0
0.584204 0.0740853 0.172492 184 70 0
0.585051 0.0778316 0.169928 184 70 0
0.58584 0.0815092 0.167251 184 70 0
0.588183 0.0831052 0.16841 184 70 0
0.591561 0.0859526 0.169431 184 70 0
0.594951 0.0887038 0.170667 184 70 0
0.598203 0.0916356 0.171862 184 70 0
0.601268 0.0946475 0.173311 184 70 0
0.604171 0.0978703 0.174629 184 70 0
0.601758 0.0956489 0.172989 184 70 0
0.598557 0.0933736 0.170841 184 70 0
0.595331 0.0910043 0.168832 184 70 0
0.591942 0.0885488 0.167239 184 70 0
0.588554 0.0860164 0.16577 184 70 0
0.586366 0.0838918 0.165422 184 70 0
0.582967 0.0807876 0.164696 184 70 0
0.579471 0.077843 0.163755 184 70 0
0.575998 0.074864 0.16284 184 70 0
0.572542 0.0719285 0.161738 184 70 0
0.569118 0.068972 0.160592 184 70 0
0.567653 0.069357 0.157984 184 70 0
0.565546 0.0708652 0.153542 184 70 0
0.563111 0.0720468 0.149159 184 70 0
0.560799 0.0736769 0.14485 184 70 0
0.558136 0.0748382 0.140598 184 70 0
0.55579 0.0764224 0.136312 184 70 0
0.557156 0.0749765 0.139356 184 70 0
0.559347 0.0731293 0.143655 184 70 0
0.561693 0.0714862 0.147959 184 70 0
0.563949 0.0699839 0.15236 184 70 0
0.566339 0.0687091 0.156757 184 70 0
0.566968 0.067556 0.159019 184 70 0
0.569543 0.066937 0.163121 184 70 0
0.572191 0.066274 0.167171 184 70 0
0.575059 0.0653829 0.171021 184 70 0
0.578147 0.0644734 0.174689 184 70 0
0.581258 0.0633218 0.178266 184 70 0
0.579461 0.0556016 0.181389 184 70 0
0.578684 0.0512261 0.183157 184 70 0
0.57782 0.0468664 0.184923 184 70 0
0.576905 0.0425032 0.186654 184 70 0
0.576013 0.0381302 0.188373 184 70 0
0.575112 0.0337604 0.190095 184 70 0
0.574197 0.029399 0.191831 184 70 0
0.573252 0.0250464 0.193573 184 70 0
0.572238 0.0206963 0.195282 184 70 0
0.571261 0.0163232 0.196954 185 69 0
0.57026 0.0119549 0.198624 185 69 0
0.569241 0.00761786 0.200363 185 69 0
0.568239 0.00278958 0.202144 185 69 0
0.56741 -0.00174981 0.203577 185 69 0
0.566616 -0.00631913 0.204932 185 69 0
0.565858 -0.0109173 0.206206 185 69 0
0.565155 -0.0155449 0.207404 185 69 0
0.56452 -0.0202038 0.208514 185 69 0
0.56395 -0.024899 0.209499 185 69 0
0.563428 -0.0296244 0.210361 185 69 0
0.562976 -0.0343712 0.211142 185 69 0
0.562547 -0.0391262 0.211881 185 69 0
0.562733 -0.0364547 0.211576 185 69 0
0.563212 -0.0316106 0.210808 185 69 0
0.563716 -0.0267875 0.209934 185 69 0
0.564246 -0.0219876 0.208952 185 69 0
0.56484 -0.0172107 0.207896 185 69 0
0.565516 -0.0124706 0.206731 185 69 0
0.566284 -0.00777993 0.205433 185 69 0
0.567106 -0.00312874 0.204028 185 69 0
0.5688 0.0053591 0.201216 185 69 0
0.569854 0.00988055 0.199416 185 69 0
0.570942 0.0144388 0.197735 185 69 0
0.572121 0.0190046 0.196136 185 69 0
0.573332 0.0235507 0.194504 185 69 0
0.574541 0.0280885 0.192848 185 69 0
0.575731 0.0326436 0.191226 185 69 0
0.576902 0.0372147 0.189636 185 69 0
0.578081 0.0417883 0.188058 185 69 0
0.579268 0.0463494 0.186451 185 69 0
0.580352 0.0509081 0.184769 185 69 0
0.581353 0.0554851 0.183082 185 69 0
0.581364 0.0582231 0.181475 185 69 0
0.581829 0.0622536 0.179273 185 69 0
0.582458 0.066262 0.177068 185 69 0
0.583307 0.0702044 0.174822 185 69 0
0.584204 0.0740853 0.172492 185 69 0
0.585051 0.0778316 0.169928 185 69 0
0.58584 0.0815092 0.167251 185 69 0
0.588183 0.0831052 0.16841 185 69 0
0.591561 0.0859526 0.169431 185 69 0
0.594951 0.0887038 0.170667 185 69 0
0.598203 0.0916356 0.171862 185 69 0
0.601268 0.0946475 0.173311 185 69 0
0.604171 0.0978703 0.174629 186 68 0
0.597936 0.101889 0.181336 186 68 0
0.649893 0.0984774 0.22463 186 68 0
0.65357 0.0945753 0.216189 186 68 0
0.655589 0.0926329 0.217521 186 68 0
0.658858 0.0891843 0.219897 186 68 0
0.662029 0.0857091 0.222358 186 68 0
0.665103 0.0822014 0.224899 186 68 0
0.668135 0.0786798 0.227467 186 68 0
0.668997 0.0761829 0.228618 186 68 0
0.672341 0.07296 0.230939 186 68 0
0.675299 0.0694257 0.233331 186 68 0
0.678076 0.0658066 0.23582 186 68 0
0.680729 0.0621528 0.238392 186 68 0
0.683701 0.0629774 0.239118 186 68 0
0.688245 0.0631391 0.240567 186 68 0
0.692833 0.0636505 0.241801 186 68 0
0.69745 0.0645617 0.242646 186 68 0
0.702096 0.065492 0.243274 186 68 0
0.706776 0.0662534 0.243873 186 68 0
0.703902 0.0660419 0.243505 186 68 0
0.699284 0.0648482 0.242928 186 68 0
0.694639 0.0638451 0.242199 186 68 0
0.690049 0.062718 0.241324 186 68 0
0.685454 0.061777 0.240289 186 68 0
0.682587 0.0616779 0.239289 186 68 0
0.677429 0.0605456 0.237799 186 68 0
0.67228 0.0595939 0.236138 186 68 0
0.66719 0.0587002 0.234291 186 68 0
0.662202 0.0575089 0.232446 186 68 0
0.661193 0.0499789 0.23515 186 68 0
0.660508 0.0451645 0.236875 186 68 0
0.659611 0.0403995 0.238638 186 68 0
0.658698 0.0356481 0.24043 186 68 0
0.657684 0.0309205 0.24223 186 68 0
0.656767 0.0262014 0.244105 186 68 0
0.655948 0.0215116 0.246095 186 68 0
0.655029 0.0168649 0.24814 186 68 0
0.65392 0.0122067 0.25006 186 68 0
0.652934 0.00755152 0.252051 186 68 0
0.652158 0.00289849 0.254141 186 68 0
0.65081 -0.003038 0.256428 186 68 0
0.649712 -0.00810171 0.257528 186 68 0
0.648859 -0.0132292 0.258576 186 68 0
0.647674 -0.0183759 0.259061 186 68 0
0.646829 -0.023584 0.259601 187 67 0
0.64619 -0.0288237 0.26012 187 67 0
0.645485 -0.0340663 0.260496 187 67 0
0.644779 -0.0392732 0.261003 187 67 0
0.644849 -0.0366478 0.260648 187 67 0
0.646107 -0.0319765 0.26044 187 67 0
0.646995 -0.0272115 0.260178 187 67 0
0.647896 -0.0224473 0.259999 187 67 0
0.648148 -0.0176376 0.259393 187 67 0
0.648558 -0.0128862 0.258499 187 67 0
0.648993 -0.00817722 0.257409 187 67 0
0.649977 -0.000402799 0.254646 187 67 0
0.650612 0.00412096 0.25261 187 67 0
0.651423 0.00867617 0.250712 187 67 0
0.652238 0.0132293 0.24881 187 67 0
0.653046 0.0177552 0.246841 187 67 0
0.653856 0.0222779 0.244865 187 67 0
0.65476 0.0268368 0.243018 187 67 0
0.655562 0.0314097 0.241158 187 67 0
0.656346 0.0359886 0.239305 187 67 0
0.657091 0.0405844 0.237479 187 67 0
0.657753 0.0451878 0.23564 187 67 0
0.658414 0.0498261 0.233894 187 67 0
0.659996 0.0523211 0.233411 187 67 0
0.661923 0.0566423 0.232685 187 67 0
0.663481 0.0610717 0.231683 187 67 0
0.665115 0.0654896 0.230754 187 67 0
0.666643 0.0699351 0.229778 187 67 0
0.668527 0.0742656 0.229041 187 67 0
0.667152 0.076636 0.227668 187 67 0
0.663955 0.0803245 0.225022 187 67 0
0.661039 0.0842782 0.22242 187 67 0
0.658232 0.088369 0.219914 187 67 0
0.655589 0.0926329 0.217521 187 67 0
0.657567 0.0903014 0.218951 187 67 0
0.661223 0.0867765 0.221645 187 67 0
0.664801 0.0832094 0.224389 187 67 0
0.668406 0.0797001 0.227175 187 67 0
0.670316 0.0785967 0.228338 187 67 0
0.672787 0.0745757 0.230585 187 67 0
0.675414 0.070686 0.232888 187 67 0
0.678135 0.0669405 0.235313 187 67 0
0.681093 0.0634918 0.237886 187 67 0
0.684017 0.0639623 0.238772 187 67 0
0.688505 0.0644354 0.240061 187 67 0
0.693009 0.0649072 0.241298 187 67 0
0.697566 0.0652924 0.242358 188 66 0
0.702164 0.0657127 0.243196 188 66 0
0.706776 0.0662534 0.243873 188 66 0
0.703902 0.0660419 0.243505 188 66 0
0.699284 0.0648482 0.242928 188 66 0
0.694639 0.0638451 0.242199 188 66 0
0.690049 0.062718 0.241324 188 66 0
0.685454 0.061777 0.240289 188 66 0
0.682587 0.0616779 0.239289 188 66 0
0.677429 0.0605456 0.237799 188 66 0
0.67228 0.0595939 0.236138 188 66 0
0.66719 0.0587002 0.234291 188 66 0
0.662202 0.0575089 0.232446 188 66 0
0.661193 0.0499789 0.23515 188 66 0
0.660508 0.0451645 0.236875 188 66 0
0.659611 0.0403995 0.238638 188 66 0
0.658698 0.0356481 0.24043 188 66 0
0.657684 0.0309205 0.24223 188 66 0
0.656767 0.0262014 0.244105 188 66 0
0.655948 0.0215116 0.246095 188 66 0
0.655029 0.0168649 0.24814 188 66 0
0.65392 0.0122067 0.25006 188 66 0
0.652934 0.00755152 0.252051 188 66 0
0.652158 0.00289849 0.254141 188 66 0
0.65081 -0.003038 0.256428 188 66 0
0.649712 -0.00810171 0.257528 188 66 0
0.648859 -0.0132292 0.258576 188 66 0
0.647674 -0.0183759 0.259061 188 66 0
0.646829 -0.023584 0.259601 188 66 0
0.64619 -0.0288237 0.26012 188 66 0
0.645485 -0.0340663 0.260496 188 66 0
0.644779 -0.0392732 0.261003 188 66 0
0.644849 -0.0366478 0.260648 188 66 0
0.646107 -0.0319765 0.26044 188 66 0
0.646995 -0.0272115 0.260178 188 66 0
0.647896 -0.0224473 0.259999 188 66 0
0.648148 -0.0176376 0.259393 188 66 0
0.648558 -0.0128862 0.258499 188 66 0
0.648993 -0.00817722 0.257409 188 66 0
0.649977 -0.000402799 0.254646 188 66 0
0.650612 0.00412096 0.25261 188 66 0
0.651423 0.00867617 0.250712 188 66 0
0.652238 0.0132293 0.24881 188 66 0
0.653046 0.0177552 0.246841 188 66 0
0.653856 0.0222779 0.244865 188 66 0
0.65476 0.0268368 0.243018 189 65 0
0.655562 0.0314097 0.241158 189 65 0
0.656346 0.0359886 0.239305 189 65 0
0.657091 0.0405844 0.237479 189 65 0
0.657753 0.0451878 0.23564 189 65 0
0.658414 0.0498261 0.233894 189 65 0
0.659996 0.0523211 0.233411 189 65 0
0.661923 0.0566423 0.232685 189 65 0
0.663481 0.0610717 0.231683 189 65 0
0.665115 0.0654896 0.230754 189 65 0
0.666643 0.0699351 0.229778 189 65 0
0.668527 0.0742656 0.229041 189 65 0
0.667152 0.076636 0.227668 189 65 0
0.663955 0.0803245 0.225022 189 65 0
0.661039 0.0842782 0.22242 189 65 0
0.658232 0.088369 0.219914 189 65 0
0.655589 0.0926329 0.217521 189 65 0
0.65208 0.0965887 0.226008 189 65 0
0.59949 0.103844 0.18226 189 65 0
0.60557 0.0996054 0.175547 189 65 0
0.585588 -0.00270623 0.215216 189 65 0
0.585169 0.00814159 0.210144 189 65 0
0.585074 0.0126493 0.207937 189 65 0
0.584895 0.0170912 0.2056 189 65 0
0.584659 0.0215218 0.203247 189 65 0
0.584559 0.0259859 0.20095 189 65 0
0.584415 0.0304225 0.198602 189 65 0
0.584212 0.0348261 0.196196 189 65 0
0.584038 0.0392206 0.19377 189 65 0
0.583913 0.0436112 0.191335 189 65 0
0.58385 0.0479971 0.188888 189 65 0
0.583837 0.0523223 0.186335 189 65 0
0.583933 0.0566173 0.183734 189 65 0
0.584097 0.0608761 0.181077 189 65 0
0.584301 0.0651683 0.17848 189 65 0
0.584413 0.0694287 0.175827 189 65 0
0.584725 0.0736249 0.173085 189 65 0
0.582268 0.0725274 0.172314 189 65 0
0.577828 0.0712344 0.16893 189 65 0
0.573463 0.0696038 0.165559 189 65 0
0.569214 0.0676447 0.162252 189 65 0
0.567317 0.0684514 0.158494 189 65 0
0.565154 0.0698231 0.154104 189 65 0
0.562999 0.0712997 0.149747 189 65 0
0.560369 0.0723401 0.145523 189 65 0
0.55797 0.0737903 0.141286 189 65 0
0.555536 0.0751578 0.137039 190 64 0
0.556916 0.073968 0.139794 190 64 0
0.559294 0.072572 0.144 190 64 0
0.561854 0.0714574 0.148188 190 64 0
0.564031 0.0699695 0.152473 190 64 0
0.566339 0.0687091 0.156757 190 64 0
0.566968 0.067556 0.159019 190 64 0
0.569543 0.066937 0.163121 190 64 0
0.572191 0.066274 0.167171 190 64 0
0.575059 0.0653829 0.171021 190 64 0
0.578147 0.0644734 0.174689 190 64 0
0.581258 0.0633218 0.178266 190 64 0
0.579461 0.0556016 0.181389 190 64 0
0.578684 0.0512261 0.183157 190 64 0
0.57782 0.0468664 0.184923 190 64 0
0.576905 0.0425032 0.186654 190 64 0
0.576013 0.0381302 0.188373 190 64 0
0.575112 0.0337604 0.190095 190 64 0
0.574197 0.029399 0.191831 190 64 0
0.573252 0.0250464 0.193573 190 64 0
0.572238 0.0206963 0.195282 190 64 0
0.571261 0.0163232 0.196954 190 64 0
0.57026 0.0119549 0.198624 190 64 0
0.569241 0.00761786 0.200363 190 64 0
0.568239 0.00278958 0.202144 190 64 0
0.56741 -0.00174981 0.203577 190 64 0
0.566616 -0.00631913 0.204932 190 64 0
0.565858 -0.0109173 0.206206 190 64 0
0.565155 -0.0155449 0.207404 190 64 0
0.56452 -0.0202038 0.208514 190 64 0
0.56395 -0.024899 0.209499 190 64 0
0.563428 -0.0296244 0.210361 190 64 0
0.562976 -0.0343712 0.211142 190 64 0
0.562547 -0.0391262 0.211881 190 64 0
0.562733 -0.0364547 0.211576 190 64 0
0.563212 -0.0316106 0.210808 190 64 0
0.563716 -0.0267875 0.209934 190 64 0
0.564246 -0.0219876 0.208952 190 64 0
0.56484 -0.0172107 0.207896 190 64 0
0.565516 -0.0124706 0.206731 190 64 0
0.566284 -0.00777993 0.205433 190 64 0
0.567106 -0.00312874 0.204028 190 64 0
0.5688 0.0053591 0.201216 190 64 0
0.569854 0.00988055 0.199416 190 64 0
0.570942 0.0144388 0.197735 190 64 0
0.572121 0.0190046 0.196136 191 63 0
0.573332 0.0235507 0.194504 191 63 0
0.574541 0.0280885 0.192848 191 63 0
0.575731 0.0326436 0.191226 191 63 0
0.576902 0.0372147 0.189636 191 63 0
0.578081 0.0417883 0.188058 191 63 0
0.579268 0.0463494 0.186451 191 63 0
0.580352 0.0509081 0.184769 191 63 0
0.581353 0.0554851 0.183082 191 63 0
0.581364 0.0582231 0.181475 191 63 0
0.581829 0.0622536 0.179273 191 63 0
0.582458 0.066262 0.177068 191 63 0
0.583307 0.0702044 0.174822 191 63 0
0.584204 0.0740853 0.172492 191 63 0
0.585051 0.0778316 0.169928 191 63 0
0.58584 0.0815092 0.167251 191 63 0
0.588183 0.0831052 0.16841 191 63 0
0.591561 0.0859526 0.169431 191 63 0
0.594951 0.0887038 0.170667 191 63 0
0.598203 0.0916356 0.171862 191 63 0
0.601268 0.0946475 0.173311 191 63 0
0.604171 0.0978703 0.174629 191 63 0
0.601758 0.0956489 0.172989 191 63 0
0.598557 0.0933736 0.170841 191 63 0
0.595331 0.0910043 0.168832 191 63 0
0.591942 0.0885488 0.167239 191 63 0
0.588554 0.0860164 0.16577 191 63 0
0.586366 0.0838918 0.165422 191 63 0
0.582967 0.0807876 0.164696 191 63 0
0.579471 0.077843 0.163755 191 63 0
0.575998 0.074864 0.16284 191 63 0
0.572542 0.0719285 0.161738 191 63 0
0.569118 0.068972 0.160592 191 63 0
0.567653 0.069357 0.157984 191 63 0
0.565546 0.0708652 0.153542 191 63 0
0.563111 0.0720468 0.149159 191 63 0
0.560799 0.0736769 0.14485 191 63 0
0.558136 0.0748382 0.140598 191 63 0
0.55579 0.0764224 0.136312 191 63 0
0.557156 0.0749765 0.139356 191 63 0
0.559347 0.0731293 0.143655 191 63 0
0.561693 0.0714862 0.147959 191 63 0
0.563949 0.0699839 0.15236 191 63 0
0.566339 0.0687091 0.156757 191 63 0
0.566968 0.067556 0.159019 191 63 0
0.569543 0.066937 0.163121 191 63 0
0.572191 0.066274 0.167171 192 62 0
0.575059 0.0653829 0.171021 192 62 0
0.578147 0.0644734 0.174689 192 62 0
0.581258 0.0633218 0.178266 192 62 0
0.579461 0.0556016 0.181389 192 62 0
0.578684 0.0512261 0.183157 192 62 0
0.57782 0.0468664 0.184923 192 62 0
0.576905 0.0425032 0.186654 192 62 0
0.576013 0.0381302 0.188373 192 62 0
0.575112 0.0337604 0.190095 192 62 0
0.574197 0.029399 0.191831 192 62 0
0.573252 0.0250464 0.193573 192 62 0
0.572238 0.0206963 0.195282 192 62 0
0.571261 0.0163232 0.196954 192 62 0
0.57026 0.0119549 0.198624 192 62 0
0.569241 0.00761786 0.200363 192 62 0
0.568239 0.00278958 0.202144 192 62 0
0.56741 -0.00174981 0.203577 192 62 0
0.566616 -0.00631913 0.204932 192 62 0
0.565858 -0.0109173 0.206206 192 62 0
0.565155 -0.0155449 0.207404 192 62 0
0.56452 -0.0202038 0.208514 192 62 0
0.56395 -0.024899 0.209499 192 62 0
0.563428 -0.0296244 0.210361 192 62 0
0.562976 -0.0343712 0.211142 192 62 0
0.562547 -0.0391262 0.211881 192 62 0
0.562733 -0.0364547 0.211576 192 62 0
0.563212 -0.0316106 0.210808 192 62 0
0.563716 -0.0267875 0.209934 192 62 0
0.564246 -0.0219876 0.208952 192 62 0
0.56484 -0.0172107 0.207896 192 62 0
0.565516 -0.0124706 0.206731 192 62 0
0.566284 -0.00777993 0.205433 192 62 0
0.567106 -0.00312874 0.204028 192 62 0
0.5688 0.0053591 0.201216 192 62 0
0.569854 0.00988055 0.199416 192 62 0
0.570942 0.0144388 0.197735 192 62 0
0.572121 0.0190046 0.196136 192 62 0
0.573332 0.0235507 0.194504 192 62 0
0.574541 0.0280885 0.192848 192 62 0
0.575731 0.0326436 0.191226 192 62 0
0.576902 0.0372147 0.189636 192 62 0
0.578081 0.0417883 0.188058 192 62 0
0.579268 0.0463494 0.186451 192 62 0
0.580352 0.0509081 0.184769 192 62 0
0.581353 0.0554851 0.183082 193 61 0
0.581364 0.0582231 0.181475 193 61 0
0.581829 0.0622536 0.179273 193 61 0
0.582458 0.066262 0.177068 193 61 0
0.583307 0.0702044 0.174822 193 61 0
0.584204 0.0740853 0.172492 193 61 0
0.585051 0.0778316 0.169928 193 61 0
0.58584 0.0815092 0.167251 193 61 0
0.588183 0.0831052 0.16841 193 61 0
0.591561 0.0859526 0.169431 193 61 0
0.594951 0.0887038 0.170667 193 61 0
0.598203 0.0916356 0.171862 193 61 0
0.601268 0.0946475 0.173311 193 61 0
0.604171 0.0978703 0.174629 193 61 0
0.597936 0.101889 0.181336 193 61 0
0.649893 0.0984774 0.22463 193 61 0
0.65357 0.0945753 0.216189 193 61 0
0.655589 0.0926329 0.217521 193 61 0
0.658858 0.0891843 0.219897 193 61 0
0.662029 0.0857091 0.222358 193 61 0
0.665103 0.0822014 0.224899 193 61 0
0.668135 0.0786798 0.227467 193 61 0
0.668997 0.0761829 0.228618 193 61 0
0.672341 0.07296 0.230939 193 61 0
0.675299 0.0694257 0.233331 193 61 0
0.678076 0.0658066 0.23582 193 61 0
0.680729 0.0621528 0.238392 193 61 0
0.683701 0.0629774 0.239118 193 61 0
0.688245 0.0631391 0.240567 193 61 0
0.692833 0.0636505 0.241801 193 61 0
0.69745 0.0645617 0.242646 193 61 0
0.702096 0.065492 0.243274 193 61 0
0.706776 0.0662534 0.243873 193 61 0
0.703902 0.0660419 0.243505 193 61 0
0.699284 0.0648482 0.242928 193 61 0
0.694639 0.0638451 0.242199 193 61 0
0.690049 0.062718 0.241324 193 61 0
0.685454 0.061777 0.240289 193 61 0
0.682587 0.0616779 0.239289 193 61 0
0.677429 0.0605456 0.237799 193 61 0
0.67228 0.0595939 0.236138 193 61 0
0.66719 0.0587002 0.234291 193 61 0
0.662202 0.0575089 0.232446 193 61 0
0.661193 0.0499789 0.23515 193 61 0
0.660508 0.0451645 0.236875 193 61 0
0.659611 0.0403995 0.238638 194 60 0
0.658698 0.0356481 0.24043 194 60 0
0.657684 0.0309205 0.24223 194 60 0
0.656767 0.0262014 0.244105 194 60 0
0.655948 0.0215116 0.246095 194 60 0
0.655029 0.0168649 0.24814 194 60 0
0.65392 0.0122067 0.25006 194 60 0
0.652934 0.00755152 0.252051 194 60 0
0.652158 0.00289849 0.254141 194 60 0
0.65081 -0.003038 0.256428 194 60 0
0.649712 -0.00810171 0.257528 194 60 0
0.648859 -0.0132292 0.258576 194 60 0
0.647674 -0.0183759 0.259061 194 60 0
0.646829 -0.023584 0.259601 194 60 0
0.64619 -0.0288237 0.26012 194 60 0
0.645485 -0.0340663 0.260496 194 60 0
0.644779 -0.0392732 0.261003 194 60 0
0.644849 -0.0366478 0.260648 194 60 0
0.646107 -0.0319765 0.26044 194 60 0
0.646995 -0.0272115 0.260178 194 60 0
0.647896 -0.0224473 0.259999 194 60 0
0.648148 -0.0176376 0.259393 194 60 0
0.648558 -0.0128862 0.258499 194 60 0
0.648993 -0.00817722 0.257409 194 60 0
0.649977 -0.000402799 0.254646 194 60 0
0.650612 0.00412096 0.25261 194 60 0
0.651423 0.00867617 0.250712 194 60 0
0.652238 0.0132293 0.24881 194 60 0
0.653046 0.0177552 0.246841 194 60 0
0.653856 0.0222779 0.244865 194 60 0
0.65476 0.0268368 0.243018 194 60 0
0.655562 0.0314097 0.241158 194 60 0
0.656346 0.0359886 0.239305 194 60 0
0.657091 0.0405844 0.237479 194 60 0
0.657753 0.0451878 0.23564 194 60 0
0.658414 0.0498261 0.233894 194 60 0
0.659996 0.0523211 0.233411 194 60 0
0.661923 0.0566423 0.232685 194 60 0
0.663481 0.0610717 0.231683 194 60 0
0.665115 0.0654896 0.230754 194 60 0
0.666643 0.0699351 0.229778 194 60 0
0.668527 0.0742656 0.229041 194 60 0
0.667152 0.076636 0.227668 194 60 0
0.663955 0.0803245 0.225022 194 60 0
0.661039 0.0842782 0.22242 194 60 0
0.658232 0.088369 0.219914 194 60 0
0.655589 0.0926329 0.217521 195 59 0
0.657567 0.0903014 0.218951 195 59 0
0.661223 0.0867765 0.221645 195 59 0
0.664801 0.0832094 0.224389 195 59 0
0.668406 0.0797001 0.227175 195 59 0
0.670316 0.0785967 0.228338 195 59 0
0.672787 0.0745757 0.230585 195 59 0
0.675414 0.070686 0.232888 195 59 0
0.678135 0.0669405 0.235313 195 59 0
0.681093 0.0634918 0.237886 195 59 0
0.684017 0.0639623 0.238772 195 59 0
0.688505 0.0644354 0.240061 195 59 0
0.693009 0.0649072 0.241298 195 59 0
0.697566 0.0652924 0.242358 195 59 0
0.702164 0.0657127 0.243196 195 59 0
0.706776 0.0662534 0.243873 195 59 0
0.703902 0.0660419 0.243505 195 59 0
0.699284 0.0648482 0.242928 195 59 0
0.694639 0.0638451 0.242199 195 59 0
0.690049 0.062718 0.241324 195 59 0
0.685454 0.061777 0.240289 195 59 0
0.682587 0.0616779 0.239289 195 59 0
0.677429 0.0605456 0.237799 195 59 0
0.67228 0.0595939 0.236138 195 59 0
0.66719 0.0587002 0.234291 195 59 0
0.662202 0.0575089 0.232446 195 59 0
0.661193 0.0499789 0.23515 195 59 0
0.660508 0.0451645 0.236875 195 59 0
0.659611 0.0403995 0.238638 195 59 0
0.658698 0.0356481 0.24043 195 59 0
0.657684 0.0309205 0.24223 195 59 0
0.656767 0.0262014 0.244105 195 59 0
0.655948 0.0215116 0.246095 195 59 0
0.655029 0.0168649 0.24814 195 59 0
0.65392 0.0122067 0.25006 195 59 0
0.652934 0.00755152 0.252051 195 59 0
0.652158 0.00289849 0.254141 195 59 0
0.65081 -0.003038 0.256428 195 59 0
0.649712 -0.00810171 0.257528 195 59 0
0.648859 -0.0132292 0.258576 195 59 0
0.647674 -0.0183759 0.259061 195 59 0
0.646829 -0.023584 0.259601 195 59 0
0.64619 -0.0288237 0.26012 195 59 0
0.645485 -0.0340663 0.260496 195 59 0
0.644779 -0.0392732 0.261003 195 59 0
0.644849 -0.0366478 0.260648 196 58 0
0.646107 -0.0319765 0.26044 196 58 0
0.646995 -0.0272115 0.260178 196 58 0
0.647896 -0.0224473 0.259999 196 58 0
0.648148 -0.0176376 0.259393 196 58 0
0.648558 -0.0128862 0.258499 196 58 0
0.648993 -0.00817722 0.257409 196 58 0
0.649977 -0.000402799 0.254646 196 58 0
0.650612 0.00412096 0.25261 196 58 0
0.651423 0.00867617 0.250712 196 58 0
0.652238 0.0132293 0.24881 196 58 0
0.653046 0.0177552 0.246841 196 58 0
0.653856 0.0222779 0.244865 196 58 0
0.65476 0.0268368 0.243018 196 58 0
0.655562 0.0314097 0.241158 196 58 0
0.656346 0.0359886 0.239305 196 58 0
0.657091 0.0405844 0.237479 196 58 0
0.657753 0.0451878 0.23564 196 58 0
0.658414 0.0498261 0.233894 196 58 0
0.659996 0.0523211 0.233411 196 58 0
0.661923 0.0566423 0.232685 196 58 0
0.663481 0.0610717 0.231683 196 58 0
0.665115 0.0654896 0.230754 196 58 0
0.666643 0.0699351 0.229778 196 58 0
0.668527 0.0742656 0.229041 196 58 0
0.667152 0.076636 0.227668 196 58 0
0.663955 0.0803245 0.225022 196 58 0
0.661039 0.0842782 0.22242 196 58 0
0.658232 0.088369 0.219914 196 58 0
0.655589 0.0926329 0.217521 196 58 0
0.65208 0.0965887 0.226008 196 58 0
0.59949 0.103844 0.18226 196 58 0
0.60557 0.0996054 0.175547 196 58 0
0.585588 -0.00270623 0.215216 196 58 0
0.585169 0.00814159 0.210144 196 58 0
0.585074 0.0126493 0.207937 196 58 0
0.584895 0.0170912 0.2056 196 58 0
0.584659 0.0215218 0.203247 196 58 0
0.584559 0.0259859 0.20095 196 58 0
0.584415 0.0304225 0.198602 196 58 0
0.584212 0.0348261 0.196196 196 58 0
0.584038 0.0392206 0.19377 196 58 0
0.583913 0.0436112 0.191335 196 58 0
0.58385 0.0479971 0.188888 196 58 0
0.583837 0.0523223 0.186335 196 58 0
0.583933 0.0566173 0.183734 196 58 0
0.584097 0.0608761 0.181077 197 57 0
0.584301 0.0651683 0.17848 197 57 0
0.584413 0.0694287 0.175827 197 57 0
0.584725 0.0736249 0.173085 197 57 0
0.582268 0.0725274 0.172314 197 57 0
0.577828 0.0712344 0.16893 197 57 0
0.573463 0.0696038 0.165559 197 57 0
0.569214 0.0676447 0.162252 197 57 0
0.567317 0.0684514 0.158494 197 57 0
0.565154 0.0698231 0.154104 197 57 0
0.562999 0.0712997 0.149747 197 57 0
0.560369 0.0723401 0.145523 197 57 0
0.55797 0.0737903 0.141286 197 57 0
0.555536 0.0751578 0.137039 197 57 0
0.556916 0.073968 0.139794 197 57 0
0.559294 0.072572 0.144 197 57 0
0.561854 0.0714574 0.148188 197 57 0
0.564031 0.0699695 0.152473 197 57 0
0.566339 0.0687091 0.156757 197 57 0
0.566968 0.067556 0.159019 197 57 0
0.569543 0.066937 0.163121 197 57 0
0.572191 0.066274 0.167171 197 57 0
0.575059 0.0653829 0.171021 197 57 0
0.578147 0.0644734 0.174689 197 57 0
0.581258 0.0633218 0.178266 197 57 0
0.579461 0.0556016 0.181389 197 57 0
0.578684 0.0512261 0.183157 197 57 0
0.57782 0.0468664 0.184923 197 57 0
0.576905 0.0425032 0.186654 197 57 0
0.576013 0.0381302 0.188373 197 57 0
0.575112 0.0337604 0.190095 197 57 0
0.574197 0.029399 0.191831 197 57 0
0.573252 0.0250464 0.193573 197 57 0
0.572238 0.0206963 0.195282 197 57 0
0.571261 0.0163232 0.196954 197 57 0
0.57026 0.0119549 0.198624 197 57 0
0.569241 0.00761786 0.200363 197 57 0
0.568239 0.00278958 0.202144 197 57 0
0.56741 -0.00174981 0.203577 197 57 0
0.566616 -0.00631913 0.204932 197 57 0
0.565858 -0.0109173 0.206206 197 57 0
0.565155 -0.0155449 0.207404 197 57 0
0.56452 -0.0202038 0.208514 197 57 0
0.56395 -0.024899 0.209499 197 57 0
0.563428 -0.0296244 0.210361 197 57 0
0.562976 -0.0343712 0.211142 198 56 0
0.562547 -0.0391262 0.211881 198 56 0
0.562733 -0.0364547 0.211576 198 56 0
0.563212 -0.0316106 0.210808 198 56 0
0.563716 -0.0267875 0.209934 198 56 0
0.564246 -0.0219876 0.208952 198 56 0
0.56484 -0.0172107 0.207896 198 56 0
0.565516 -0.0124706 0.206731 198 56 0
0.566284 -0.00777993 0.205433 198 56 0
0.567106 -0.00312874 0.204028 198 56 0
0.5688 0.0053591 0.201216 198 56 0
0.569854 0.00988055 0.199416 198 56 0
0.570942 0.0144388 0.197735 198 56 0
0.572121 0.0190046 0.196136 198 56 0
0.573332 0.0235507 0.194504 198 56 0
0.574541 0.0280885 0.192848 198 56 0
0.575731 0.0326436 0.191226 198 56 0
0.576902 0.0372147 0.189636 198 56 0
0.578081 0.0417883 0.188058 198 56 0
0.579268 0.0463494 0.186451 198 56 0
0.580352 0.0509081 0.184769 198 56 0
0.581353 0.0554851 0.183082 198 56 0
0.581364 0.0582231 0.181475 198 56 0
0.581829 0.0622536 0.179273 198 56 0
0.582458 0.066262 0.177068 198 56 0
0.583307 0.0702044 0.174822 198 56 0
0.584204 0.0740853 0.172492 198 56 0
0.585051 0.0778316 0.169928 198 56 0
0.58584 0.0815092 0.167251 198 56 0
0.588183 0.0831052 0.16841 198 56 0
0.591561 0.0859526 0.169431 198 56 0
0.594951 0.0887038 0.170667 198 56 0
0.598203 0.0916356 0.171862 198 56 0
0.601268 0.0946475 0.173311 198 56 0
0.604171 0.0978703 0.174629 198 56 0
0.601758 0.0956489 0.172989 198 56 0
0.598557 0.0933736 0.170841 198 56 0
0.595331 0.0910043 0.168832 198 56 0
0.591942 0.0885488 0.167239 198 56 0
0.588554 0.0860164 0.16577 198 56 0
0.586366 0.0838918 0.165422 198 56 0
0.582967 0.0807876 0.164696 198 56 0
0.579471 0.077843 0.163755 198 56 0
0.575998 0.074864 0.16284 198 56 0
0.572542 0.0719285 0.161738 198 56 0
0.569118 0.068972 0.160592 198 56 0
0.567653 0.069357 0.157984 199 55 0
0.565546 0.0708652 0.153542 199 55 0
0.563111 0.0720468 0.149159 199 55 0
0.560799 0.0736769 0.14485 199 55 0
0.558136 0.0748382 0.140598 199 55 0
0.55579 0.0764224 0.136312 199 55 0
0.557156 0.0749765 0.139356 199 55 0
0.559347 0.0731293 0.143655 199 55 0
0.561693 0.0714862 0.147959 199 55 0
0.563949 0.0699839 0.15236 199 55 0
0.566339 0.0687091 0.156757 199 55 0
0.566968 0.067556 0.159019 199 55 0
0.569543 0.066937 0.163121 199 55 0
0.572191 0.066274 0.167171 199 55 0
0.575059 0.0653829 0.171021 199 55 0
0.578147 0.0644734 0.174689 199 55 0
0.581258 0.0633218 0.178266 199 55 0
0.579461 0.0556016 0.181389 199 55 0
0.578684 0.0512261 0.183157 199 55 0
0.57782 0.0468664 0.184923 199 55 0
0.576905 0.0425032 0.186654 199 55 0
0.576013 0.0381302 0.188373 199 55 0
0.575112 0.0337604 0.190095 199 55 0
0.574197 0.029399 0.191831 199 55 0
0.573252 0.0250464 0.193573 199 55 0
0.572238 0.0206963 0.195282 199 55 0
0.571261 0.0163232 0.196954 199 55 0
0.57026 0.0119549 0.198624 199 55 0
0.569241 0.00761786 0.200363 199 55 0
0.568239 0.00278958 0.202144 199 55 0
0.56741 -0.00174981 0.203577 199 55 0
0.566616 -0.00631913 0.204932 199 55 0
0.565858 -0.0109173 0.206206 199 55 0
0.565155 -0.0155449 0.207404 199 55 0
0.56452 -0.0202038 0.208514 199 55 0
0.56395 -0.024899 0.209499 199 55 0
0.563428 -0.0296244 0.210361 199 55 0
0.562976 -0.0343712 0.211142 199 55 0
0.562547 -0.0391262 0.211881 199 55 0
0.562733 -0.0364547 0.211576 199 55 0
0.563212 -0.0316106 0.210808 199 55 0
0.563716 -0.0267875 0.209934 199 55 0
0.564246 -0.0219876 0.208952 199 55 0
0.56484 -0.0172107 0.207896 199 55 0
0.565516 -0.0124706 0.206731 199 55 0
0.566284 -0.00777993 0.205433 200 54 0
0.567106 -0.00312874 0.204028 200 54 0
0.5688 0.0053591 0.201216 200 54 0
0.569854 0.00988055 0.199416 200 54 0
0.570942 0.0144388 0.197735 200 54 0
0.572121 0.0190046 0.196136 200 54 0
0.573332 0.0235507 0.194504 200 54 0
0.574541 0.0280885 0.192848 200 54 0
0.575731 0.0326436 0.191226 200 54 0
0.576902 0.0372147 0.189636 200 54 0
0.578081 0.0417883 0.188058 200 54 0
0.579268 0.0463494 0.186451 200 54 0
0.580352 0.0509081 0.184769 200 54 0
0.581353 0.0554851 0.183082 200 54 0
0.581364 0.0582231 0.181475 200 54 0
0.581829 0.0622536 0.179273 200 54 0
0.582458 0.066262 0.177068 200 54 0
0.583307 0.0702044 0.174822 200 54 0
0.584204 0.0740853 0.172492 200 54 0
0.585051 0.0778316 0.169928 200 54 0
0.58584 0.0815092 0.167251 200 54 0
0.588183 0.0831052 0.16841 200 54 0
0.591561 0.0859526 0.169431 200 54 0
0.594951 0.0887038 0.170667 200 54 0
0.598203 0.0916356 0.171862 200 54 0
0.601268 0.0946475 0.173311 200 54 0
0.604171 0.0978703 0.174629 200 54 0
0.597936 0.101889 0.181336 200 54 0
0.649893 0.0984774 0.22463 200 54 0
0.65357 0.0945753 0.216189 200 54 0
0.655589 0.0926329 0.217521 200 54 0
0.658858 0.0891843 0.219897 200 54 0
0.662029 0.0857091 0.222358 200 54 0
0.665103 0.0822014 0.224899 200 54 0
0.668135 0.0786798 0.227467 200 54 0
0.668997 0.0761829 0.228618 200 54 0
0.672341 0.07296 0.230939 200 54 0
0.675299 0.0694257 0.233331 200 54 0
0.678076 0.0658066 0.23582 200 54 0
0.680729 0.0621528 0.238392 200 54 0
0.683701 0.0629774 0.239118 200 54 0
0.688245 0.0631391 0.240567 200 54 0
0.692833 0.0636505 0.241801 200 54 0
0.69745 0.0645617 0.242646 200 54 0
0.702096 0.065492 0.243274 200 54 0
0.706776 0.0662534 0.243873 201 53 0
0.703902 0.0660419 0.243505 201 53 0
0.699284 0.0648482 0.242928 201 53 0
0.694639 0.0638451 0.242199 201 53 0
0.690049 0.062718 0.241324 201 53 0
0.685454 0.061777 0.240289 201 53 0
0.682587 0.0616779 0.239289 201 53 0
0.677429 0.0605456 0.237799 201 53 0
0.67228 0.0595939 0.236138 201 53 0
0.66719 0.0587002 0.234291 201 53 0
0.662202 0.0575089 0.232446 201 53 0
0.661193 0.0499789 0.23515 201 53 0
0.660508 0.0451645 0.236875 201 53 0
0.659611 0.0403995 0.238638 201 53 0
0.658698 0.0356481 0.24043 201 53 0
0.657684 0.0309205 0.24223 201 53 0
0.656767 0.0262014 0.244105 201 53 0
0.655948 0.0215116 0.246095 201 53 0
0.655029 0.0168649 0.24814 201 53 0
0.65392 0.0122067 0.25006 201 53 0
0.652934 0.00755152 0.252051 201 53 0
0.652158 0.00289849 0.254141 201 53 0
0.65081 -0.003038 0.256428 201 53 0
0.649712 -0.00810171 0.257528 201 53 0
0.648859 -0.0132292 0.258576 201 53 0
0.647674 -0.0183759 0.259061 201 53 0
0.646829 -0.023584 0.259601 201 53 0
0.64619 -0.0288237 0.26012 201 53 0
0.645485 -0.0340663 0.260496 201 53 0
0.644779 -0.0392732 0.261003 201 53 0
0.644849 -0.0366478 0.260648 201 53 0
0.646107 -0.0319765 0.26044 201 53 0
0.646995 -0.0272115 0.260178 201 53 0
0.647896 -0.0224473 0.259999 201 53 0
0.648148 -0.0176376 0.259393 201 53 0
0.648558 -0.0128862 0.258499 201 53 0
0.648993 -0.00817722 0.257409 201 53 0
0.649977 -0.000402799 0.254646 201 53 0
0.650612 0.00412096 0.25261 201 53 0
0.651423 0.00867617 0.250712 201 53 0
0.652238 0.0132293 0.24881 201 53 0
0.653046 0.0177552 0.246841 201 53 0
0.653856 0.0222779 0.244865 201 53 0
0.65476 0.0268368 0.243018 201 53 0
0.655562 0.0314097 0.241158 201 53 0
0.656346 0.0359886 0.239305 201 53 0
0.657091 0.0405844 0.237479 202 52 0
0.657753 0.0451878 0.23564 202 52 0
0.658414 0.0498261 0.233894 202 52 0
0.659996 0.0523211 0.233411 202 52 0
0.661923 0.0566423 0.232685 202 52 0
0.663481 0.0610717 0.231683 202 52 0
0.665115 0.0654896 0.230754 202 52 0
0.666643 0.0699351 0.229778 202 52 0
0.668527 0.0742656 0.229041 202 52 0
0.667152 0.076636 0.227668 202 52 0
0.663955 0.0803245 0.225022 202 52 0
0.661039 0.0842782 0.22242 202 52 0
0.658232 0.088369 0.219914 202 52 0
0.655589 0.0926329 0.217521 202 52 0
0.657567 0.0903014 0.218951 202 52 0
0.661223 0.0867765 0.221645 202 52 0
0.664801 0.0832094 0.224389 202 52 0
0.668406 0.0797001 0.227175 202 52 0
0.670316 0.0785967 0.228338 202 52 0
0.672787 0.0745757 0.230585 202 52 0
0.675414 0.070686 0.232888 202 52 0
0.678135 0.0669405 0.235313 202 52 0
0.681093 0.0634918 0.237886 202 52 0
0.684017 0.0639623 0.238772 202 52 0
0.688505 0.0644354 0.240061 202 52 0
0.693009 0.0649072 0.241298 202 52 0
0.697566 0.0652924 0.242358 202 52 0
0.702164 0.0657127 0.243196 202 52 0
0.706776 0.0662534 0.243873 202 52 0
0.703902 0.0660419 0.243505 202 52 0
0.699284 0.0648482 0.242928 202 52 0
0.694639 0.0638451 0.242199 202 52 0
0.690049 0.062718 0.241324 202 52 0
0.685454 0.061777 0.240289 202 52 0
0.682587 0.0616779 0.239289 202 52 0
0.677429 0.0605456 0.237799 202 52 0
0.67228 0.0595939 0.236138 202 52 0
0.66719 0.0587002 0.234291 202 52 0
0.662202 0.0575089 0.232446 202 52 0
0.661193 0.0499789 0.23515 202 52 0
0.660508 0.0451645 0.236875 202 52 0
0.659611 0.0403995 0.238638 202 52 0
0.658698 0.0356481 0.24043 202 52 0
0.657684 0.0309205 0.24223 202 52 0
0.656767 0.0262014 0.244105 202 52 0
0.655948 0.0215116 0.246095 203 51 0
0.655029 0.0168649 0.24814 203 51 0
0.65392 0.0122067 0.25006 203 51 0
0.652934 0.00755152 0.252051 203 51 0
0.652158 0.00289849 0.254141 203 51 0
0.65081 -0.003038 0.256428 203 51 0
0.649712 -0.00810171 0.257528 203 51 0
0.648859 -0.0132292 0.258576 203 51 0
0.647674 -0.0183759 0.259061 203 51 0
0.646829 -0.023584 0.259601 203 51 0
0.64619 -0.0288237 0.26012 203 51 0
0.645485 -0.0340663 0.260496 203 51 0
0.644779 -0.0392732 0.261003 203 51 0
0.644849 -0.0366478 0.260648 203 51 0
0.646107 -0.0319765 0.26044 203 51 0
0.646995 -0.0272115 0.260178 203 51 0
0.647896 -0.0224473 0.259999 203 51 0
0.648148 -0.0176376 0.259393 203 51 0
0.648558 -0.0128862 0.258499 203 51 0
0.648993 -0.00817722 0.257409 203 51 0
0.649977 -0.000402799 0.254646 203 51 0
0.650612 0.00412096 0.25261 203 51 0
0.651423 0.00867617 0.250712 203 51 0
0.652238 0.0132293 0.24881 203 51 0
0.653046 0.0177552 0.246841 203 51 0
0.653856 0.0222779 0.244865 203 51 0
0.65476 0.0268368 0.243018 203 51 0
0.655562 0.0314097 0.241158 203 51 0
0.656346 0.0359886 0.239305 203 51 0
0.657091 0.0405844 0.237479 203 51 0
0.657753 0.0451878 0.23564 203 51 0
0.658414 0.0498261 0.233894 203 51 0
0.659996 0.0523211 0.233411 203 51 0
0.661923 0.0566423 0.232685 203 51 0
0.663481 0.0610717 0.231683 203 51 0
0.665115 0.0654896 0.230754 203 51 0
0.666643 0.0699351 0.229778 203 51 0
0.668527 0.0742656 0.229041 203 51 0
0.667152 0.076636 0.227668 203 51 0
0.663955 0.0803245 0.225022 203 51 0
0.661039 0.0842782 0.22242 203 51 0
0.658232 0.088369 0.219914 203 51 0
0.655589 0.0926329 0.217521 203 51 0
0.65208 0.0965887 0.226008 203 51 0
0.59949 0.103844 0.18226 203 51 0
0.60557 0.0996054 0.175547 203 51 0
0.585588 -0.00270623 0.215216 204 50 0
0.585169 0.00814159 0.210144 204 50 0
0.585074 0.0126493 0.207937 204 50 0
0.584895 0.0170912 0.2056 204 50 0
0.584659 0.0215218 0.203247 204 50 0
0.584559 0.0259859 0.20095 204 50 0
0.584415 0.0304225 0.198602 204 50 0
0.584212 0.0348261 0.196196 204 50 0
0.584038 0.0392206 0.19377 204 50 0
0.583913 0.0436112 0.191335 204 50 0
0.58385 0.0479971 0.188888 204 50 0
0.583837 0.0523223 0.186335 204 50 0
0.583933 0.0566173 0.183734 204 50 0
0.584097 0.0608761 0.181077 204 50 0
0.584301 0.0651683 0.17848 204 50 0
0.584413 0.0694287 0.175827 204 50 0
0.584725 0.0736249 0.173085 204 50 0
0.582268 0.0725274 0.172314 204 50 0
0.577828 0.0712344 0.16893 204 50 0
0.573463 0.0696038 0.165559 204 50 0
0.569214 0.0676447 0.162252 204 50 0
0.567317 0.0684514 0.158494 204 50 0
0.565154 0.0698231 0.154104 204 50 0
0.562999 0.0712997 0.149747 204 50 0
0.560369 0.0723401 0.145523 204 50 0
0.55797 0.0737903 0.141286 204 50 0
0.555536 0.0751578 0.137039 204 50 0
0.556916 0.073968 0.139794 204 50 0
0.559294 0.072572 0.144 204 50 0
0.561854 0.0714574 0.148188 204 50 0
0.564031 0.0699695 0.152473 204 50 0
0.566339 0.0687091 0.156757 204 50 0
0.566968 0.067556 0.159019 204 50 0
0.569543 0.066937 0.163121 204 50 0
0.572191 0.066274 0.167171 204 50 0
0.575059 0.0653829 0.171021 204 50 0
0.578147 0.0644734 0.174689 204 50 0
0.581258 0.0633218 0.178266 204 50 0
0.579461 0.0556016 0.181389 204 50 0
0.578684 0.0512261 0.183157 204 50 0
0.57782 0.0468664 0.184923 204 50 0
0.576905 0.0425032 0.186654 204 50 0
0.576013 0.0381302 0.188373 204 50 0
0.575112 0.0337604 0.190095 204 50 0
0.574197 0.029399 0.191831 204 50 0
0.573252 0.0250464 0.193573 205 49 0
0.572238 0.0206963 0.195282 205 49 0
0.571261 0.0163232 0.196954 205 49 0
0.57026 0.0119549 0.198624 205 49 0
0.569241 0.00761786 0.200363 205 49 0
0.568239 0.00278958 0.202144 205 49 0
0.56741 -0.00174981 0.203577 205 49 0
0.566616 -0.00631913 0.204932 205 49 0
0.565858 -0.0109173 0.206206 205 49 0
0.565155 -0.0155449 0.207404 205 49 0
0.56452 -0.0202038 0.208514 205 49 0
0.56395 -0.024899 0.209499 205 49 0
0.563428 -0.0296244 0.210361 205 49 0
0.562976 -0.0343712 0.211142 205 49 0
0.562547 -0.0391262 0.211881 205 49 0
0.562733 -0.0364547 0.211576 205 49 0
0.563212 -0.0316106 0.210808 205 49 0
0.563716 -0.0267875 0.209934 205 49 0
0.564246 -0.0219876 0.208952 205 49 0
0.56484 -0.0172107 0.207896 205 49 0
0.565516 -0.0124706 0.206731 205 49 0
0.566284 -0.00777993 0.205433 205 49 0
0.567106 -0.00312874 0.204028 205 49 0
0.5688 0.0053591 0.201216 205 49 0
0.569854 0.00988055 0.199416 205 49 0
0.570942 0.0144388 0.197735 205 49 0
0.572121 0.0190046 0.196136 205 49 0
0.573332 0.0235507 0.194504 205 49 0
0.574541 0.0280885 0.192848 205 49 0
0.575731 0.0326436 0.191226 205 49 0
0.576902 0.0372147 0.189636 205 49 0
0.578081 0.0417883 0.188058 205 49 0
0.579268 0.0463494 0.186451 205 49 0
0.580352 0.0509081 0.184769 205 49 0
0.581353 0.0554851 0.183082 205 49 0
0.581364 0.0582231 0.181475 205 49 0
0.581829 0.0622536 0.179273 205 49 0
0.582458 0.066262 0.177068 205 49 0
0.583307 0.0702044 0.174822 205 49 0
0.584204 0.0740853 0.172492 205 49 0
0.585051 0.0778316 0.169928 205 49 0
0.58584 0.0815092 0.167251 205 49 0
0.588183 0.0831052 0.16841 205 49 0
0.591561 0.0859526 0.169431 205 49 0
0.594951 0.0887038 0.170667 205 49 0
0.598203 0.0916356 0.171862 205 49 0
0.601268 0.0946475 0.173311 206 48 0
0.604171 0.0978703 0.174629 206 48 0
0.601758 0.0956489 0.172989 206 48 0
0.598557 0.0933736 0.170841 206 48 0
0.595331 0.0910043 0.168832 206 48 0
0.591942 0.0885488 0.167239 206 48 0
0.588554 0.0860164 0.16577 206 48 0
0.586366 0.0838918 0.165422 206 48 0
0.582967 0.0807876 0.164696 206 48 0
0.579471 0.077843 0.163755 206 48 0
0.575998 0.074864 0.16284 206 48 0
0.572542 0.0719285 0.161738 206 48 0
0.569118 0.068972 0.160592 206 48 0
0.567653 0.069357 0.157984 206 48 0
0.565546 0.0708652 0.153542 206 48 0
0.563111 0.0720468 0.149159 206 48 0
0.560799 0.0736769 0.14485 206 48 0
0.558136 0.0748382 0.140598 206 48 0
0.55579 0.0764224 0.136312 206 48 0
0.557156 0.0749765 0.139356 206 48 0
0.559347 0.0731293 0.143655 206 48 0
0.561693 0.0714862 0.147959 206 48 0
0.563949 0.0699839 0.15236 206 48 0
0.566339 0.0687091 0.156757 206 48 0
0.566968 0.067556 0.159019 206 48 0
0.569543 0.066937 0.163121 206 48 0
0.572191 0.066274 0.167171 206 48 0
0.575059 0.0653829 0.171021 206 48 0
0.578147 0.0644734 0.174689 206 48 0
0.581258 0.0633218 0.178266 206 48 0
0.579461 0.0556016 0.181389 206 48 0
0.578684 0.0512261 0.183157 206 48 0
0.57782 0.0468664 0.184923 206 48 0
0.576905 0.0425032 0.186654 206 48 0
0.576013 0.0381302 0.188373 206 48 0
0.575112 0.0337604 0.190095 206 48 0
0.574197 0.029399 0.191831 206 48 0
0.573252 0.0250464 0.193573 206 48 0
0.572238 0.0206963 0.195282 206 48 0
0.571261 0.0163232 0.196954 206 48 0
0.57026 0.0119549 0.198624 206 48 0
0.569241 0.00761786 0.200363 206 48 0
0.568239 0.00278958 0.202144 206 48 0
0.56741 -0.00174981 0.203577 206 48 0
0.566616 -0.00631913 0.204932 206 48 0
0.565858 -0.0109173 0.206206 207 47 0
0.565155 -0.0155449 0.207404 207 47 0
0.56452 -0.0202038 0.208514 207 47 0
0.56395 -0.024899 0.209499 207 47 0
0.563428 -0.0296244 0.210361 207 47 0
0.562976 -0.0343712 0.211142 207 47 0
0.562547 -0.0391262 0.211881 207 47 0
0.562733 -0.0364547 0.211576 207 47 0
0.563212 -0.0316106 0.210808 207 47 0
0.563716 -0.0267875 0.209934 207 47 0
0.564246 -0.0219876 0.208952 207 47 0
0.56484 -0.0172107 0.207896 207 47 0
0.565516 -0.0124706 0.206731 207 47 0
0.566284 -0.00777993 0.205433 207 47 0
0.567106 -0.00312874 0.204028 207 47 0
0.5688 0.0053591 0.201216 207 47 0
0.569854 0.00988055 0.199416 207 47 0
0.570942 0.0144388 0.197735 207 47 0
0.572121 0.0190046 0.196136 207 47 0
0.573332 0.0235507 0.194504 207 47 0
0.574541 0.0280885 0.192848 207 47 0
0.575731 0.0326436 0.191226 207 47 0
0.576902 0.0372147 0.189636 207 47 0
0.578081 0.0417883 0.188058 207 47 0
0.579268 0.0463494 0.186451 207 47 0
0.580352 0.0509081 0.184769 207 47 0
0.581353 0.0554851 0.183082 207 47 0
0.581364 0.0582231 0.181475 207 47 0
0.581829 0.0622536 0.179273 207 47 0
0.582458 0.066262 0.177068 207 47 0
0.583307 0.0702044 0.174822 207 47 0
0.584204 0.0740853 0.172492 207 47 0
0.585051 0.0778316 0.169928 207 47 0
0.58584 0.0815092 0.167251 207 47 0
0.588183 0.0831052 0.16841 207 47 0
0.591561 0.0859526 0.169431 207 47 0
0.594951 0.0887038 0.170667 207 47 0
0.598203 0.0916356 0.171862 207 47 0
0.601268 0.0946475 0.173311 207 47 0
0.604171 0.0978703 0.174629 207 47 0
0.597936 0.101889 0.181336 207 47 0
0.649893 0.0984774 0.22463 207 47 0
0.65357 0.0945753 0.216189 207 47 0
0.655589 0.0926329 0.217521 207 47 0
0.658858 0.0891843 0.219897 207 47 0
0.662029 0.0857091 0.222358 208 46 0
0.665103 0.0822014 0.224899 208 46 0
0.668135 0.0786798 0.227467 208 46 0
0.668997 0.0761829 0.228618 208 46 0
0.672341 0.07296 0.230939 208 46 0
0.675299 0.0694257 0.233331 208 46 0
0.678076 0.0658066 0.23582 208 46 0
0.680729 0.0621528 0.238392 208 46 0
0.683701 0.0629774 0.239118 208 46 0
0.688245 0.0631391 0.240567 208 46 0
0.692833 0.0636505 0.241801 208 46 0
0.69745 0.0645617 0.242646 208 46 0
0.702096 0.065492 0.243274 208 46 0
0.706776 0.0662534 0.243873 208 46 0
0.703902 0.0660419 0.243505 208 46 0
0.699284 0.0648482 0.242928 208 46 0
0.694639 0.0638451 0.242199 208 46 0
0.690049 0.062718 0.241324 208 46 0
0.685454 0.061777 0.240289 208 46 0
0.682587 0.0616779 0.239289 208 46 0
0.677429 0.0605456 0.237799 208 46 0
0.67228 0.0595939 0.236138 208 46 0
0.66719 0.0587002 0.234291 208 46 0
0.662202 0.0575089 0.232446 208 46 0
0.661193 0.0499789 0.23515 208 46 0
0.660508 0.0451645 0.236875 208 46 0
0.659611 0.0403995 0.238638 208 46 0
0.658698 0.0356481 0.24043 208 46 0
0.657684 0.0309205 0.24223 208 46 0
0.656767 0.0262014 0.244105 208 46 0
0.655948 0.0215116 0.246095 208 46 0
0.655029 0.0168649 0.24814 208 46 0
0.65392 0.0122067 0.25006 208 46 0
0.652934 0.00755152 0.252051 208 46 0
0.652158 0.00289849 0.254141 208 46 0
0.65081 -0.003038 0.256428 208 46 0
0.649712 -0.00810171 0.257528 208 46 0
0.648859 -0.0132292 0.258576 208 46 0
0.647674 -0.0183759 0.259061 208 46 0
0.646829 -0.023584 0.259601 208 46 0
0.64619 -0.0288237 0.26012 208 46 0
0.645485 -0.0340663 0.260496 208 46 0
0.644779 -0.0392732 0.261003 208 46 0
0.644849 -0.0366478 0.260648 208 46 0
0.646107 -0.0319765 0.26044 208 46 0
0.646995 -0.0272115 0.260178 208 46 0
0.647896 -0.0224473 0.259999 209 45 0
0.648148 -0.0176376 0.259393 209 45 0
0.648558 -0.0128862 0.258499 209 45 0
0.648993 -0.00817722 0.257409 209 45 0
0.649977 -0.000402799 0.254646 209 45 0
0.650612 0.00412096 0.25261 209 45 0
0.651423 0.00867617 0.250712 209 45 0
0.652238 0.0132293 0.24881 209 45 0
0.653046 0.0177552 0.246841 209 45 0
0.653856 0.0222779 0.244865 209 45 0
0.65476 0.0268368 0.243018 209 45 0
0.655562 0.0314097 0.241158 209 45 0
0.656346 0.0359886 0.239305 209 45 0
0.657091 0.0405844 0.237479 209 45 0
0.657753 0.0451878 0.23564 209 45 0
0.658414 0.0498261 0.233894 209 45 0
0.659996 0.0523211 0.233411 209 45 0
0.661923 0.0566423 0.232685 209 45 0
0.663481 0.0610717 0.231683 209 45 0
0.665115 0.0654896 0.230754 209 45 0
0.666643 0.0699351 0.229778 209 45 0
0.668527 0.0742656 0.229041 209 45 0
0.667152 0.076636 0.227668 209 45 0
0.663955 0.0803245 0.225022 209 45 0
0.661039 0.0842782 0.22242 209 45 0
0.658232 0.088369 0.219914 209 45 0
0.655589 0.0926329 0.217521 209 45 0
0.657567 0.0903014 0.218951 209 45 0
0.661223 0.0867765 0.221645 209 45 0
0.664801 0.0832094 0.224389 209 45 0
0.668406 0.0797001 0.227175 209 45 0
0.670316 0.0785967 0.228338 209 45 0
0.672787 0.0745757 0.230585 209 45 0
0.675414 0.070686 0.232888 209 45 0
0.678135 0.0669405 0.235313 209 45 0
0.681093 0.0634918 0.237886 209 45 0
0.684017 0.0639623 0.238772 209 45 0
0.688505 0.0644354 0.240061 209 45 0
0.693009 0.0649072 0.241298 209 45 0
0.697566 0.0652924 0.242358 209 45 0
0.702164 0.0657127 0.243196 209 45 0
0.706776 0.0662534 0.243873 209 45 0
0.703902 0.0660419 0.243505 209 45 0
0.699284 0.0648482 0.242928 209 45 0
0.694639 0.0638451 0.242199 209 45 0
0.690049 0.062718 0.241324 210 44 0
0.685454 0.061777 0.240289 210 44 0
0.682587 0.0616779 0.239289 210 44 0
0.677429 0.0605456 0.237799 210 44 0
0.67228 0.0595939 0.236138 210 44 0
0.66719 0.0587002 0.234291 210 44 0
0.662202 0.0575089 0.232446 210 44 0
0.661193 0.0499789 0.23515 210 44 0
0.660508 0.0451645 0.236875 210 44 0
0.659611 0.0403995 0.238638 210 44 0
0.658698 0.0356481 0.24043 210 44 0
0.657684 0.0309205 0.24223 210 44 0
0.656767 0.0262014 0.244105 210 44 0
0.655948 0.0215116 0.246095 210 44 0
0.655029 0.0168649 0.24814 210 44 0
0.65392 0.0122067 0.25006 210 44 0
0.652934 0.00755152 0.252051 210 44 0
0.652158 0.00289849 0.254141 210 44 0
0.65081 -0.003038 0.256428 210 44 0
0.649712 -0.00810171 0.257528 210 44 0
0.648859 -0.0132292 0.258576 210 44 0
0.647674 -0.0183759 0.259061 210 44 0
0.646829 -0.023584 0.259601 210 44 0
0.64619 -0.0288237 0.26012 210 44 0
0.645485 -0.0340663 0.260496 210 44 0
0.644779 -0.0392732 0.261003 210 44 0
0.644849 -0.0366478 0.260648 210 44 0
0.646107 -0.0319765 0.26044 210 44 0
0.646995 -0.0272115 0.260178 210 44 0
0.647896 -0.0224473 0.259999 210 44 0
0.648148 -0.0176376 0.259393 210 44 0
0.648558 -0.0128862 0.258499 210 44 0
0.648993 -0.00817722 0.257409 210 44 0
0.649977 -0.000402799 0.254646 210 44 0
0.650612 0.00412096 0.25261 210 44 0
0.651423 0.00867617 0.250712 210 44 0
0.652238 0.0132293 0.24881 210 44 0
0.653046 0.0177552 0.246841 210 44 0
0.653856 0.0222779 0.244865 210 44 0
0.65476 0.0268368 0.243018 210 44 0
0.655562 0.0314097 0.241158 210 44 0
0.656346 0.0359886 0.239305 210 44 0
0.657091 0.0405844 0.237479 210 44 0
0.657753 0.0451878 0.23564 210 44 0
0.658414 0.0498261 0.233894 210 44 0
0.659996 0.0523211 0.233411 210 44 0
0.661923 0.0566423 0.232685 211 43 0
0.663481 0.0610717 0.231683 211 43 0
0.665115 0.0654896 0.230754 211 43 0
0.666643 0.0699351 0.229778 211 43 0
0.668527 0.0742656 0.229041 211 43 0
0.667152 0.076636 0.227668 211 43 0
0.663955 0.0803245 0.225022 211 43 0
0.661039 0.0842782 0.22242 211 43 0
0.658232 0.088369 0.219914 211 43 0
0.655589 0.0926329 0.217521 211 43 0
0.65208 0.0965887 0.226008 211 43 0
0.59949 0.103844 0.18226 211 43 0
0.60557 0.0996054 0.175547 211 43 0
0.585588 -0.00270623 0.215216 211 43 0
0.585169 0.00814159 0.210144 211 43 0
0.585074 0.0126493 0.207937 211 43 0
0.584895 0.0170912 0.2056 211 43 0
0.584659 0.0215218 0.203247 211 43 0
0.584559 0.0259859 0.20095 211 43 0
0.584415 0.0304225 0.198602 211 43 0
0.584212 0.0348261 0.196196 211 43 0
0.584038 0.0392206 0.19377 211 43 0
0.583913 0.0436112 0.191335 211 43 0
0.58385 0.0479971 0.188888 211 43 0
0.583837 0.0523223 0.186335 211 43 0
0.583933 0.0566173 0.183734 211 43 0
0.584097 0.0608761 0.181077 211 43 0
0.584301 0.0651683 0.17848 211 43 0
0.584413 0.0694287 0.175827 211 43 0
0.584725 0.0736249 0.173085 211 43 0
0.582268 0.0725274 0.172314 211 43 0
0.577828 0.0712344 0.16893 211 43 0
0.573463 0.0696038 0.165559 211 43 0
0.569214 0.0676447 0.162252 211 43 0
0.567317 0.0684514 0.158494 211 43 0
0.565154 0.0698231 0.154104 211 43 0
0.562999 0.0712997 0.149747 211 43 0
0.560369 0.0723401 0.145523 211 43 0
0.55797 0.0737903 0.141286 211 43 0
0.555536 0.0751578 0.137039 211 43 0
0.556916 0.073968 0.139794 211 43 0
0.559294 0.072572 0.144 211 43 0
0.561854 0.0714574 0.148188 211 43 0
0.564031 0.0699695 0.152473 211 43 0
0.566339 0.0687091 0.156757 211 43 0
0.566968 0.067556 0.159019 212 42 0
0.569543 0.066937 0.163121 212 42 0
0.572191 0.066274 0.167171 212 42 0
0.575059 0.0653829 0.171021 212 42 0
0.578147 0.0644734 0.174689 212 42 0
0.581258 0.0633218 0.178266 212 42 0
0.579461 0.0556016 0.181389 212 42 0
0.578684 0.0512261 0.183157 212 42 0
0.57782 0.0468664 0.184923 212 42 0
0.576905 0.0425032 0.186654 212 42 0
0.576013 0.0381302 0.188373 212 42 0
0.575112 0.0337604 0.190095 212 42 0
0.574197 0.029399 0.191831 212 42 0
0.573252 0.0250464 0.193573 212 42 0
0.572238 0.0206963 0.195282 212 42 0
0.571261 0.0163232 0.196954 212 42 0
0.57026 0.0119549 0.198624 212 42 0
0.569241 0.00761786 0.200363 212 42 0
0.568239 0.00278958 0.202144 212 42 0
0.56741 -0.00174981 0.203577 212 42 0
0.566616 -0.00631913 0.204932 212 42 0
0.565858 -0.0109173 0.206206 212 42 0
0.565155 -0.0155449 0.207404 212 42 0
0.56452 -0.0202038 0.208514 212 42 0
0.56395 -0.024899 0.209499 212 42 0
0.563428 -0.0296244 0.210361 212 42 0
0.562976 -0.0343712 0.211142 212 42 0
0.562547 -0.0391262 0.211881 212 42 0
0.562733 -0.0364547 0.211576 212 42 0
0.563212 -0.0316106 0.210808 212 42 0
0.563716 -0.0267875 0.209934 212 42 0
0.564246 -0.0219876 0.208952 212 42 0
0.56484 -0.0172107 0.207896 212 42 0
0.565516 -0.0124706 0.206731 212 42 0
0.566284 -0.00777993 0.205433 212 42 0
0.567106 -0.00312874 0.204028 212 42 0
0.5688 0.0053591 0.201216 212 42 0
0.569854 0.00988055 0.199416 212 42 0
0.570942 0.0144388 0.197735 212 42 0
0.572121 0.0190046 0.196136 212 42 0
0.573332 0.0235507 0.194504 212 42 0
0.574541 0.0280885 0.192848 212 42 0
0.575731 0.0326436 0.191226 212 42 0
0.576902 0.0372147 0.189636 212 42 0
0.578081 0.0417883 0.188058 212 42 0
0.579268 0.0463494 0.186451 212 42 0
0.580352 0.0509081 0.184769 213 41 0
0.581353 0.0554851 0.183082 213 41 0
0.581364 0.0582231 0.181475 213 41 0
0.581829 0.0622536 0.179273 213 41 0
0.582458 0.066262 0.177068 213 41 0
0.583307 0.0702044 0.174822 213 41 0
0.584204 0.0740853 0.172492 213 41 0
0.585051 0.0778316 0.169928 213 41 0
0.58584 0.0815092 0.167251 213 41 0
0.588183 0.0831052 0.16841 213 41 0
0.591561 0.0859526 0.169431 213 41 0
0.594951 0.0887038 0.170667 213 41 0
0.598203 0.0916356 0.171862 213 41 0
0.601268 0.0946475 0.173311 213 41 0
0.604171 0.0978703 0.174629 213 41 0
0.601758 0.0956489 0.172989 213 41 0
0.598557 0.0933736 0.170841 213 41 0
0.595331 0.0910043 0.168832 213 41 0
0.591942 0.0885488 0.167239 213 41 0
0.588554 0.0860164 0.16577 213 41 0
0.586366 0.0838918 0.165422 213 41 0
0.582967 0.0807876 0.164696 213 41 0
0.579471 0.077843 0.163755 213 41 0
0.575998 0.074864 0.16284 213 41 0
0.572542 0.0719285 0.161738 213 41 0
0.569118 0.068972 0.160592 213 41 0
0.567653 0.069357 0.157984 213 41 0
0.565546 0.0708652 0.153542 213 41 0
0.563111 0.0720468 0.149159 213 41 0
0.560799 0.0736769 0.14485 213 41 0
0.558136 0.0748382 0.140598 213 41 0
0.55579 0.0764224 0.136312 213 41 0
0.557156 0.0749765 0.139356 213 41 0
0.559347 0.0731293 0.143655 213 41 0
0.561693 0.0714862 0.147959 213 41 0
0.563949 0.0699839 0.15236 213 41 0
0.566339 0.0687091 0.156757 213 41 0
0.566968 0.067556 0.159019 213 41 0
0.569543 0.066937 0.163121 213 41 0
0.572191 0.066274 0.167171 213 41 0
0.575059 0.0653829 0.171021 213 41 0
0.578147 0.0644734 0.174689 213 41 0
0.581258 0.0633218 0.178266 213 41 0
0.579461 0.0556016 0.181389 213 41 0
0.578684 0.0512261 0.183157 213 41 0
0.57782 0.0468664 0.184923 214 40 0
0.576905 0.0425032 0.186654 214 40 0
0.576013 0.0381302 0.188373 214 40 0
0.575112 0.0337604 0.190095 214 40 0
0.574197 0.029399 0.191831 214 40 0
0.573252 0.0250464 0.193573 214 40 0
0.572238 0.0206963 0.195282 214 40 0
0.571261 0.0163232 0.196954 214 40 0
0.57026 0.0119549 0.198624 214 40 0
0.569241 0.00761786 0.200363 214 40 0
0.568239 0.00278958 0.202144 214 40 0
0.56741 -0.00174981 0.203577 214 40 0
0.566616 -0.00631913 0.204932 214 40 0
0.565858 -0.0109173 0.206206 214 40 0
0.565155 -0.0155449 0.207404 214 40 0
0.56452 -0.0202038 0.208514 214 40 0
0.56395 -0.024899 0.209499 214 40 0
0.563428 -0.0296244 0.210361 214 40 0
0.562976 -0.0343712 0.211142 214 40 0
0.562547 -0.0391262 0.211881 214 40 0
0.562733 -0.0364547 0.211576 214 40 0
0.563212 -0.0316106 0.210808 214 40 0
0.563716 -0.0267875 0.209934 214 40 0
0.564246 -0.0219876 0.208952 214 40 0
0.56484 -0.0172107 0.207896 214 40 0
0.565516 -0.0124706 0.206731 214 40 0
0.566284 -0.00777993 0.205433 214 40 0
0.567106 -0.00312874 0.204028 214 40 0
0.5688 0.0053591 0.201216 214 40 0
0.569854 0.00988055 0.199416 214 40 0
0.570942 0.0144388 0.197735 214 40 0
0.572121 0.0190046 0.196136 214 40 0
0.573332 0.0235507 0.194504 214 40 0
0.574541 0.0280885 0.192848 214 40 0
0.575731 0.0326436 0.191226 214 40 0
0.576902 0.0372147 0.189636 214 40 0
0.578081 0.0417883 0.188058 214 40 0
0.579268 0.0463494 0.186451 214 40 0
0.580352 0.0509081 0.184769 214 40 0
0.581353 0.0554851 0.183082 214 40 0
0.581364 0.0582231 0.181475 214 40 0
0.581829 0.0622536 0.179273 214 40 0
0.582458 0.066262 0.177068 214 40 0
0.583307 0.0702044 0.174822 214 40 0
0.584204 0.0740853 0.172492 214 40 0
0.585051 0.0778316 0.169928 215 39 0
0.58584 0.0815092 0.167251 215 39 0
0.588183 0.0831052 0.16841 215 39 0
0.591561 0.0859526 0.169431 215 39 0
0.594951 0.0887038 0.170667 215 39 0
0.598203 0.0916356 0.171862 215 39 0
0.601268 0.0946475 0.173311 215 39 0
0.604171 0.0978703 0.174629 215 39 0
0.597936 0.101889 0.181336 215 39 0
0.649893 0.0984774 0.22463 215 39 0
0.65357 0.0945753 0.216189 215 39 0
0.655589 0.0926329 0.217521 215 39 0
0.658858 0.0891843 0.219897 215 39 0
0.662029 0.0857091 0.222358 215 39 0
0.665103 0.0822014 0.224899 215 39 0
0.668135 0.0786798 0.227467 215 39 0
0.668997 0.0761829 0.228618 215 39 0
0.672341 0.07296 0.230939 215 39 0
0.675299 0.0694257 0.233331 215 39 0
0.678076 0.0658066 0.23582 215 39 0
0.680729 0.0621528 0.238392 215 39 0
0.683701 0.0629774 0.239118 215 39 0
0.688245 0.0631391 0.240567 215 39 0
0.692833 0.0636505 0.241801 215 39 0
0.69745 0.0645617 0.242646 215 39 0
0.702096 0.065492 0.243274 215 39 0
0.706776 0.0662534 0.243873 215 39 0
0.703902 0.0660419 0.243505 215 39 0
0.699284 0.0648482 0.242928 215 39 0
0.694639 0.0638451 0.242199 215 39 0
0.690049 0.062718 0.241324 215 39 0
0.685454 0.061777 0.240289 215 39 0
0.682587 0.0616779 0.239289 215 39 0
0.677429 0.0605456 0.237799 215 39 0
0.67228 0.0595939 0.236138 215 39 0
0.66719 0.0587002 0.234291 215 39 0
0.662202 0.0575089 0.232446 215 39 0
0.661193 0.0499789 0.23515 215 39 0
0.660508 0.0451645 0.236875 215 39 0
0.659611 0.0403995 0.238638 215 39 0
0.658698 0.0356481 0.24043 215 39 0
0.657684 0.0309205 0.24223 215 39 0
0.656767 0.0262014 0.244105 215 39 0
0.655948 0.0215116 0.246095 215 39 0
0.655029 0.0168649 0.24814 215 39 0
0.65392 0.0122067 0.25006 215 39 0
0.652934 0.00755152 0.252051 216 38 0
0.652158 0.00289849 0.254141 216 38 0
0.65081 -0.003038 0.256428 216 38 0
0.649712 -0.00810171 0.257528 216 38 0
0.648859 -0.0132292 0.258576 216 38 0
0.647674 -0.0183759 0.259061 216 38 0
0.646829 -0.023584 0.259601 216 38 0
0.64619 -0.0288237 0.26012 216 38 0
0.645485 -0.0340663 0.260496 216 38 0
0.644779 -0.0392732 0.261003 216 38 0
0.644849 -0.0366478 0.260648 216 38 0
0.646107 -0.0319765 0.26044 216 38 0
0.646995 -0.0272115 0.260178 216 38 0
0.647896 -0.0224473 0.259999 216 38 0
0.648148 -0.0176376 0.259393 216 38 0
0.648558 -0.0128862 0.258499 216 38 0
0.648993 -0.00817722 0.257409 216 38 0
0.649977 -0.000402799 0.254646 216 38 0
0.650612 0.00412096 0.25261 216 38 0
0.651423 0.00867617 0.250712 216 38 0
0.652238 0.0132293 0.24881 216 38 0
0.653046 0.0177552 0.246841 216 38 0
0.653856 0.0222779 0.244865 216 38 0
0.65476 0.0268368 0.243018 216 38 0
0.655562 0.0314097 0.241158 216 38 0
0.656346 0.0359886 0.239305 216 38 0
0.657091 0.0405844 0.237479 216 38 0
0.657753 0.0451878 0.23564 216 38 0
0.658414 0.0498261 0.233894 216 38 0
0.659996 0.0523211 0.233411 216 38 0
0.661923 0.0566423 0.232685 216 38 0
0.663481 0.0610717 0.231683 216 38 0
0.665115 0.0654896 0.230754 216 38 0
0.666643 0.0699351 0.229778 216 38 0
0.668527 0.0742656 0.229041 216 38 0
0.667152 0.076636 0.227668 216 38 0
0.663955 0.0803245 0.225022 216 38 0
0.661039 0.0842782 0.22242 216 38 0
0.658232 0.088369 0.219914 216 38 0
0.655589 0.0926329 0.217521 216 38 0
0.657567 0.0903014 0.218951 216 38 0
0.661223 0.0867765 0.221645 216 38 0
0.664801 0.0832094 0.224389 216 38 0
0.668406 0.0797001 0.227175 216 38 0
0.670316 0.0785967 0.228338 216 38 0
0.672787 0.0745757 0.230585 217 37 0
0.675414 0.070686 0.232888 217 37 0
0.678135 0.0669405 0.235313 217 37 0
0.681093 0.0634918 0.237886 217 37 0
0.684017 0.0639623 0.238772 217 37 0
0.688505 0.0644354 0.240061 217 37 0
0.693009 0.0649072 0.241298 217 37 0
0.697566 0.0652924 0.242358 217 37 0
0.702164 0.0657127 0.243196 217 37 0
0.706776 0.0662534 0.243873 217 37 0
0.703902 0.0660419 0.243505 217 37 0
0.699284 0.0648482 0.242928 217 37 0
0.694639 0.0638451 0.242199 217 37 0
0.690049 0.062718 0.241324 217 37 0
0.685454 0.061777 0.240289 217 37 0
0.682587 0.0616779 0.239289 217 37 0
0.677429 0.0605456 0.237799 217 37 0
0.67228 0.0595939 0.236138 217 37 0
0.66719 0.0587002 0.234291 217 37 0
0.662202 0.0575089 0.232446 217 37 0
0.661193 0.0499789 0.23515 217 37 0
0.660508 0.0451645 0.236875 217 37 0
0.659611 0.0403995 0.238638 217 37 0
0.658698 0.0356481 0.24043 217 37 0
0.657684 0.0309205 0.24223 217 37 0
0.656767 0.0262014 0.244105 217 37 0
0.655948 0.0215116 0.246095 217 37 0
0.655029 0.0168649 0.24814 217 37 0
0.65392 0.0122067 0.25006 217 37 0
0.652934 0.00755152 0.252051 217 37 0
0.652158 0.00289849 0.254141 217 37 0
0.65081 -0.003038 0.256428 217 37 0
0.649712 -0.00810171 0.257528 217 37 0
0.648859 -0.0132292 0.258576 217 37 0
0.647674 -0.0183759 0.259061 217 37 0
0.646829 -0.023584 0.259601 217 37 0
0.64619 -0.0288237 0.26012 217 37 0
0.645485 -0.0340663 0.260496 217 37 0
0.644779 -0.0392732 0.261003 217 37 0
0.644849 -0.0366478 0.260648 217 37 0
0.646107 -0.0319765 0.26044 217 37 0
0.646995 -0.0272115 0.260178 217 37 0
0.647896 -0.0224473 0.259999 217 37 0
0.648148 -0.0176376 0.259393 217 37 0
0.648558 -0.0128862 0.258499 217 37 0
0.648993 -0.00817722 0.257409 217 37 0
0.649977 -0.000402799 0.254646 218 36 0
0.650612 0.00412096 0.25261 218 36 0
0.651423 0.00867617 0.250712 218 36 0
0.652238 0.0132293 0.24881 218 36 0
0.653046 0.0177552 0.246841 218 36 0
0.653856 0.0222779 0.244865 218 36 0
0.65476 0.0268368 0.243018 218 36 0
0.655562 0.0314097 0.241158 218 36 0
0.656346 0.0359886 0.239305 218 36 0
0.657091 0.0405844 0.237479 218 36 0
0.657753 0.0451878 0.23564 218 36 0
0.658414 0.0498261 0.233894 218 36 0
0.659996 0.0523211 0.233411 218 36 0
0.661923 0.0566423 0.232685 218 36 0
0.663481 0.0610717 0.231683 218 36 0
0.665115 0.0654896 0.230754 218 36 0
0.666643 0.0699351 0.229778 218 36 0
0.668527 0.0742656 0.229041 218 36 0
0.667152 0.076636 0.227668 218 36 0
0.663955 0.0803245 0.225022 218 36 0
0.661039 0.0842782 0.22242 218 36 0
0.658232 0.088369 0.219914 218 36 0
0.655589 0.0926329 0.217521 218 36 0
0.65208 0.0965887 0.226008 218 36 0
0.59949 0.103844 0.18226 218 36 0
0.60557 0.0996054 0.175547 218 36 0
0.585588 -0.00270623 0.215216 218 36 0
0.585169 0.00814159 0.210144 218 36 0
0.585074 0.0126493 0.207937 218 36 0
0.584895 0.0170912 0.2056 218 36 0
0.584659 0.0215218 0.203247 218 36 0
0.584559 0.0259859 0.20095 218 36 0
0.584415 0.0304225 0.198602 218 36 0
0.584212 0.0348261 0.196196 218 36 0
0.584038 0.0392206 0.19377 218 36 0
0.583913 0.0436112 0.191335 218 36 0
0.58385 0.0479971 0.188888 218 36 0
0.583837 0.0523223 0.186335 218 36 0
0.583933 0.0566173 0.183734 218 36 0
0.584097 0.0608761 0.181077 218 36 0
0.584301 0.0651683 0.17848 218 36 0
0.584413 0.0694287 0.175827 218 36 0
0.584725 0.0736249 0.173085 218 36 0
0.582268 0.0725274 0.172314 218 36 0
0.577828 0.0712344 0.16893 218 36 0
0.573463 0.0696038 0.165559 219 35 0
0.569214 0.0676447 0.162252 219 35 0
0.567317 0.0684514 0.158494 219 35 0
0.565154 0.0698231 0.154104 219 35 0
0.562999 0.0712997 0.149747 219 35 0
0.560369 0.0723401 0.145523 219 35 0
0.55797 0.0737903 0.141286 219 35 0
0.555536 0.0751578 0.137039 219 35 0
0.556916 0.073968 0.139794 219 35 0
0.559294 0.072572 0.144 219 35 0
0.561854 0.0714574 0.148188 219 35 0
0.564031 0.0699695 0.152473 219 35 0
0.566339 0.0687091 0.156757 219 35 0
0.566968 0.067556 0.159019 219 35 0
0.569543 0.066937 0.163121 219 35 0
0.572191 0.066274 0.167171 219 35 0
0.575059 0.0653829 0.171021 219 35 0
0.578147 0.0644734 0.174689 219 35 0
0.581258 0.0633218 0.178266 219 35 0
0.579461 0.0556016 0.181389 219 35 0
0.578684 0.0512261 0.183157 219 35 0
0.57782 0.0468664 0.184923 219 35 0
0.576905 0.0425032 0.186654 219 35 0
0.576013 0.0381302 0.188373 219 35 0
0.575112 0.0337604 0.190095 219 35 0
0.574197 0.029399 0.191831 219 35 0
0.573252 0.0250464 0.193573 219 35 0
0.572238 0.0206963 0.195282 219 35 0
0.571261 0.0163232 0.196954 219 35 0
0.57026 0.0119549 0.198624 219 35 0
0.569241 0.00761786 0.200363 219 35 0
0.568239 0.00278958 0.202144 219 35 0
0.56741 -0.00174981 0.203577 219 35 0
0.566616 -0.00631913 0.204932 219 35 0
0.565858 -0.0109173 0.206206 219 35 0
0.565155 -0.0155449 0.207404 219 35 0
0.56452 -0.0202038 0.208514 219 35 0
0.56395 -0.024899 0.209499 219 35 0
0.563428 -0.0296244 0.210361 219 35 0
0.562976 -0.0343712 0.211142 219 35 0
0.562547 -0.0391262 0.211881 219 35 0
0.562733 -0.0364547 0.211576 219 35 0
0.563212 -0.0316106 0.210808 219 35 0
0.563716 -0.0267875 0.209934 219 35 0
0.564246 -0.0219876 0.208952 219 35 0
0.56484 -0.0172107 0.207896 219 35 0
0.565516 -0.0124706 0.206731 220 34 0
0.566284 -0.00777993 0.205433 220 34 0
0.567106 -0.00312874 0.204028 220 34 0
0.5688 0.0053591 0.201216 220 34 0
0.569854 0.00988055 0.199416 220 34 0
0.570942 0.0144388 0.197735 220 34 0
0.572121 0.0190046 0.196136 220 34 0
0.573332 0.0235507 0.194504 220 34 0
0.574541 0.0280885 0.192848 220 34 0
0.575731 0.0326436 0.191226 220 34 0
0.576902 0.0372147 0.189636 220 34 0
0.578081 0.0417883 0.188058 220 34 0
0.579268 0.0463494 0.186451 220 34 0
0.580352 0.0509081 0.184769 220 34 0
0.581353 0.0554851 0.183082 220 34 0
0.581364 0.0582231 0.181475 220 34 0
0.581829 0.0622536 0.179273 220 34 0
0.582458 0.066262 0.177068 220 34 0
0.583307 0.0702044 0.174822 220 34 0
0.584204 0.0740853 0.172492 220 34 0
0.585051 0.0778316 0.169928 220 34 0
0.58584 0.0815092 0.167251 220 34 0
0.588183 0.0831052 0.16841 220 34 0
0.591561 0.0859526 0.169431 220 34 0
0.594951 0.0887038 0.170667 220 34 0
0.598203 0.0916356 0.171862 220 34 0
0.601268 0.0946475 0.173311 220 34 0
0.604171 0.0978703 0.174629 220 34 0
0.601758 0.0956489 0.172989 220 34 0
0.598557 0.0933736 0.170841 220 34 0
0.595331 0.0910043 0.168832 220 34 0
0.591942 0.0885488 0.167239 220 34 0
0.588554 0.0860164 0.16577 220 34 0
0.586366 0.0838918 0.165422 220 34 0
0.582967 0.0807876 0.164696 220 34 0
0.579471 0.077843 0.163755 220 34 0
0.575998 0.074864 0.16284 220 34 0
0.572542 0.0719285 0.161738 220 34 0
0.569118 0.068972 0.160592 220 34 0
0.567653 0.069357 0.157984 220 34 0
0.565546 0.0708652 0.153542 220 34 0
0.563111 0.0720468 0.149159 220 34 0
0.560799 0.0736769 0.14485 220 34 0
0.558136 0.0748382 0.140598 220 34 0
0.55579 0.0764224 0.136312 220 34 0
0.557156 0.0749765 0.139356 221 33 0
0.559347 0.0731293 0.143655 221 33 0
0.561693 0.0714862 0.147959 221 33 0
0.563949 0.0699839 0.15236 221 33 0
0.566339 0.0687091 0.156757 221 33 0
0.566968 0.067556 0.159019 221 33 0
0.569543 0.066937 0.163121 221 33 0
0.572191 0.066274 0.167171 221 33 0
0.575059 0.0653829 0.171021 221 33 0
0.578147 0.0644734 0.174689 221 33 0
0.581258 0.0633218 0.178266 221 33 0
0.579461 0.0556016 0.181389 221 33 0
0.578684 0.0512261 0.183157 221 33 0
0.57782 0.0468664 0.184923 221 33 0
0.576905 0.0425032 0.186654 221 33 0
0.576013 0.0381302 0.188373 221 33 0
0.575112 0.0337604 0.190095 221 33 0
0.574197 0.029399 0.191831 221 33 0
0.573252 0.0250464 0.193573 221 33 0
0.572238 0.0206963 0.195282 221 33 0
0.571261 0.0163232 0.196954 221 33 0
0.57026 0.0119549 0.198624 221 33 0
0.569241 0.00761786 0.200363 221 33 0
0.568239 0.00278958 0.202144 221 33 0
0.56741 -0.00174981 0.203577 221 33 0
0.566616 -0.00631913 0.204932 221 33 0
0.565858 -0.0109173 0.206206 221 33 0
0.565155 -0.0155449 0.207404 221 33 0
0.56452 -0.0202038 0.208514 221 33 0
0.56395 -0.024899 0.209499 221 33 0
0.563428 -0.0296244 0.210361 221 33 0
0.562976 -0.0343712 0.211142 221 33 0
0.562547 -0.0391262 0.211881 221 33 0
0.562733 -0.0364547 0.211576 221 33 0
0.563212 -0.0316106 0.210808 221 33 0
0.563716 -0.0267875 0.209934 221 33 0
0.564246 -0.0219876 0.208952 221 33 0
0.56484 -0.0172107 0.207896 221 33 0
0.565516 -0.0124706 0.206731 221 33 0
0.566284 -0.00777993 0.205433 221 33 0
0.567106 -0.00312874 0.204028 221 33 0
0.5688 0.0053591 0.201216 221 33 0
0.569854 0.00988055 0.199416 221 33 0
0.570942 0.0144388 0.197735 221 33 0
0.572121 0.0190046 0.196136 221 33 0
0.573332 0.0235507 0.194504 222 32 0
0.574541 0.0280885 0.192848 222 32 0
0.575731 0.0326436 0.191226 222 32 0
0.576902 0.0372147 0.189636 222 32 0
0.578081 0.0417883 0.188058 222 32 0
0.579268 0.0463494 0.186451 222 32 0
0.580352 0.0509081 0.184769 222 32 0
0.581353 0.0554851 0.183082 222 32 0
0.581364 0.0582231 0.181475 222 32 0
0.581829 0.0622536 0.179273 222 32 0
0.582458 0.066262 0.177068 222 32 0
0.583307 0.0702044 0.174822 222 32 0
0.584204 0.0740853 0.172492 222 32 0
0.585051 0.0778316 0.169928 222 32 0
0.58584 0.0815092 0.167251 222 32 0
0.588183 0.0831052 0.16841 222 32 0
0.591561 0.0859526 0.169431 222 32 0
0.594951 0.0887038 0.170667 222 32 0
0.598203 0.0916356 0.171862 222 32 0
0.601268 0.0946475 0.173311 222 32 0
0.604171 0.0978703 0.174629 222 32 0
0.597936 0.101889 0.181336 222 32 0
0.649893 0.0984774 0.22463 222 32 0
0.65357 0.0945753 0.216189 222 32 0
0.655589 0.0926329 0.217521 222 32 0
0.658858 0.0891843 0.219897 222 32 0
0.662029 0.0857091 0.222358 222 32 0
0.665103 0.0822014 0.224899 222 32 0
0.668135 0.0786798 0.227467 222 32 0
0.668997 0.0761829 0.228618 222 32 0
0.672341 0.07296 0.230939 222 32 0
0.675299 0.0694257 0.233331 222 32 0
0.678076 0.0658066 0.23582 222 32 0
0.680729 0.0621528 0.238392 222 32 0
0.683701 0.0629774 0.239118 222 32 0
0.688245 0.0631391 0.240567 222 32 0
0.692833 0.0636505 0.241801 222 32 0
0.69745 0.0645617 0.242646 222 32 0
0.702096 0.065492 0.243274 222 32 0
0.706776 0.0662534 0.243873 222 32 0
0.703902 0.0660419 0.243505 222 32 0
0.699284 0.0648482 0.242928 222 32 0
0.694639 0.0638451 0.242199 222 32 0
0.690049 0.062718 0.241324 222 32 0
0.685454 0.061777 0.240289 222 32 0
0.682587 0.0616779 0.239289 222 32 0
0.677429 0.0605456 0.237799 223 31 0
0.67228 0.0595939 0.236138 223 31 0
0.66719 0.0587002 0.234291 223 31 0
0.662202 0.0575089 0.232446 223 31 0
0.661193 0.0499789 0.23515 223 31 0
0.660508 0.0451645 0.236875 223 31 0
0.659611 0.0403995 0.238638 223 31 0
0.658698 0.0356481 0.24043 223 31 0
0.657684 0.0309205 0.24223 223 31 0
0.656767 0.0262014 0.244105 223 31 0
0.655948 0.0215116 0.246095 223 31 0
0.655029 0.0168649 0.24814 223 31 0
0.65392 0.0122067 0.25006 223 31 0
0.652934 0.00755152 0.252051 223 31 0
0.652158 0.00289849 0.254141 223 31 0
0.65081 -0.003038 0.256428 223 31 0
0.649712 -0.00810171 0.257528 223 31 0
0.648859 -0.0132292 0.258576 223 31 0
0.647674 -0.0183759 0.259061 223 31 0
0.646829 -0.023584 0.259601 223 31 0
0.64619 -0.0288237 0.26012 223 31 0
0.645485 -0.0340663 0.260496 223 31 0
0.644779 -0.0392732 0.261003 223 31 0
0.644849 -0.0366478 0.260648 223 31 0
0.646107 -0.0319765 0.26044 223 31 0
0.646995 -0.0272115 0.260178 223 31 0
0.647896 -0.0224473 0.259999 223 31 0
0.648148 -0.0176376 0.259393 223 31 0
0.648558 -0.0128862 0.258499 223 31 0
0.648993 -0.00817722 0.257409 223 31 0
0.649977 -0.000402799 0.254646 223 31 0
0.650612 0.00412096 0.25261 223 31 0
0.651423 0.00867617 0.250712 223 31 0
0.652238 0.0132293 0.24881 223 31 0
0.653046 0.0177552 0.246841 223 31 0
0.653856 0.0222779 0.244865 223 31 0
0.65476 0.0268368 0.243018 223 31 0
0.655562 0.0314097 0.241158 223 31 0
0.656346 0.0359886 0.239305 223 31 0
0.657091 0.0405844 0.237479 223 31 0
0.657753 0.0451878 0.23564 223 31 0
0.658414 0.0498261 0.233894 223 31 0
0.659996 0.0523211 0.233411 223 31 0
0.661923 0.0566423 0.232685 223 31 0
0.663481 0.0610717 0.231683 223 31 0
0.665115 0.0654896 0.230754 224 30 0
0.666643 0.0699351 0.229778 224 30 0
0.668527 0.0742656 0.229041 224 30 0
0.667152 0.076636 0.227668 224 30 0
0.663955 0.0803245 0.225022 224 30 0
0.661039 0.0842782 0.22242 224 30 0
0.658232 0.088369 0.219914 224 30 0
0.655589 0.0926329 0.217521 224 30 0
0.657567 0.0903014 0.218951 224 30 0
0.661223 0.0867765 0.221645 224 30 0
0.664801 0.0832094 0.224389 224 30 0
0.668406 0.0797001 0.227175 224 30 0
0.670316 0.0785967 0.228338 224 30 0
0.672787 0.0745757 0.230585 224 30 0
0.675414 0.070686 0.232888 224 30 0
0.678135 0.0669405 0.235313 224 30 0
0.681093 0.0634918 0.237886 224 30 0
0.684017 0.0639623 0.238772 224 30 0
0.688505 0.0644354 0.240061 224 30 0
0.693009 0.0649072 0.241298 224 30 0
0.697566 0.0652924 0.242358 224 30 0
0.702164 0.0657127 0.243196 224 30 0
0.706776 0.0662534 0.243873 224 30 0
0.703902 0.0660419 0.243505 224 30 0
0.699284 0.0648482 0.242928 224 30 0
0.694639 0.0638451 0.242199 224 30 0
0.690049 0.062718 0.241324 224 30 0
0.685454 0.061777 0.240289 224 30 0
0.682587 0.0616779 0.239289 224 30 0
0.677429 0.0605456 0.237799 224 30 0
0.67228 0.0595939 0.236138 224 30 0
0.66719 0.0587002 0.234291 224 30 0
0.662202 0.0575089 0.232446 224 30 0
0.661193 0.0499789 0.23515 224 30 0
0.660508 0.0451645 0.236875 224 30 0
0.659611 0.0403995 0.238638 224 30 0
0.658698 0.0356481 0.24043 224 30 0
0.657684 0.0309205 0.24223 224 30 0
0.656767 0.0262014 0.244105 224 30 0
0.655948 0.0215116 0.246095 224 30 0
0.655029 0.0168649 0.24814 224 30 0
0.65392 0.0122067 0.25006 224 30 0
0.652934 0.00755152 0.252051 224 30 0
0.652158 0.00289849 0.254141 224 30 0
0.65081 -0.003038 0.256428 224 30 0
0.649712 -0.00810171 0.257528 224 30 0
0.648859 -0.0132292 0.258576 225 29 0
0.647674 -0.0183759 0.259061 225 29 0
0.646829 -0.023584 0.259601 225 29 0
0.64619 -0.0288237 0.26012 225 29 0
0.645485 -0.0340663 0.260496 225 29 0
0.644779 -0.0392732 0.261003 225 29 0
0.644849 -0.0366478 0.260648 225 29 0
0.646107 -0.0319765 0.26044 225 29 0
0.646995 -0.0272115 0.260178 225 29 0
0.647896 -0.0224473 0.259999 225 29 0
0.648148 -0.0176376 0.259393 225 29 0
0.648558 -0.0128862 0.258499 225 29 0
0.648993 -0.00817722 0.257409 225 29 0
0.649977 -0.000402799 0.254646 225 29 0
0.650612 0.00412096 0.25261 225 29 0
0.651423 0.00867617 0.250712 225 29 0
0.652238 0.0132293 0.24881 225 29 0
0.653046 0.0177552 0.246841 225 29 0
0.653856 0.0222779 0.244865 225 29 0
0.65476 0.0268368 0.243018 225 29 0
0.655562 0.0314097 0.241158 225 29 0
0.656346 0.0359886 0.239305 225 29 0
0.657091 0.0405844 0.237479 225 29 0
0.657753 0.0451878 0.23564 225 29 0
0.658414 0.0498261 0.233894 225 29 0
0.659996 0.0523211 0.233411 225 29 0
0.661923 0.0566423 0.232685 225 29 0
0.663481 0.0610717 0.231683 225 29 0
0.665115 0.0654896 0.230754 225 29 0
0.666643 0.0699351 0.229778 225 29 0
0.668527 0.0742656 0.229041 225 29 0
0.667152 0.076636 0.227668 225 29 0
0.663955 0.0803245 0.225022 225 29 0
0.661039 0.0842782 0.22242 225 29 0
0.658232 0.088369 0.219914 225 29 0
0.655589 0.0926329 0.217521 225 29 0
0.65208 0.0965887 0.226008 225 29 0
0.59949 0.103844 0.18226 225 29 0
0.60557 0.0996054 0.175547 225 29 0
0.585588 -0.00270623 0.215216 225 29 0
0.585169 0.00814159 0.210144 225 29 0
0.585074 0.0126493 0.207937 225 29 0
0.584895 0.0170912 0.2056 225 29 0
0.584659 0.0215218 0.203247 225 29 0
0.584559 0.0259859 0.20095 225 29 0
0.584415 0.0304225 0.198602 226 28 0
0.584212 0.0348261 0.196196 226 28 0
0.584038 0.0392206 0.19377 226 28 0
0.583913 0.0436112 0.191335 226 28 0
0.58385 0.0479971 0.188888 226 28 0
0.583837 0.0523223 0.186335 226 28 0
0.583933 0.0566173 0.183734 226 28 0
0.584097 0.0608761 0.181077 226 28 0
0.584301 0.0651683 0.17848 226 28 0
0.584413 0.0694287 0.175827 226 28 0
0.584725 0.0736249 0.173085 226 28 0
0.582268 0.0725274 0.172314 226 28 0
0.577828 0.0712344 0.16893 226 28 0
0.573463 0.0696038 0.165559 226 28 0
0.569214 0.0676447 0.162252 226 28 0
0.567317 0.0684514 0.158494 226 28 0
0.565154 0.0698231 0.154104 226 28 0
0.562999 0.0712997 0.149747 226 28 0
0.560369 0.0723401 0.145523 226 28 0
0.55797 0.0737903 0.141286 226 28 0
0.555536 0.0751578 0.137039 226 28 0
0.556916 0.073968 0.139794 226 28 0
0.559294 0.072572 0.144 226 28 0
0.561854 0.0714574 0.148188 226 28 0
0.564031 0.0699695 0.152473 226 28 0
0.566339 0.0687091 0.156757 226 28 0
0.566968 0.067556 0.159019 226 28 0
0.569543 0.066937 0.163121 226 28 0
0.572191 0.066274 0.167171 226 28 0
0.575059 0.0653829 0.171021 226 28 0
0.578147 0.0644734 0.174689 226 28 0
0.581258 0.0633218 0.178266 226 28 0
0.579461 0.0556016 0.181389 226 28 0
0.578684 0.0512261 0.183157 226 28 0
0.57782 0.0468664 0.184923 226 28 0
0.576905 0.0425032 0.186654 226 28 0
0.576013 0.0381302 0.188373 226 28 0
0.575112 0.0337604 0.190095 226 28 0
0.574197 0.029399 0.191831 226 28 0
0.573252 0.0250464 0.193573 226 28 0
0.572238 0.0206963 0.195282 226 28 0
0.571261 0.0163232 0.196954 226 28 0
0.57026 0.0119549 0.198624 226 28 0
0.569241 0.00761786 0.200363 226 28 0
0.568239 0.00278958 0.202144 226 28 0
0.56741 -0.00174981 0.203577 226 28 0
0.566616 -0.00631913 0.204932 227 27 0
0.565858 -0.0109173 0.206206 227 27 0
0.565155 -0.0155449 0.207404 227 27 0
0.56452 -0.0202038 0.208514 227 27 0
0.56395 -0.024899 0.209499 227 27 0
0.563428 -0.0296244 0.210361 227 27 0
0.562976 -0.0343712 0.211142 227 27 0
0.562547 -0.0391262 0.211881 227 27 0
0.562733 -0.0364547 0.211576 227 27 0
0.563212 -0.0316106 0.210808 227 27 0
0.563716 -0.0267875 0.209934 227 27 0
0.564246 -0.0219876 0.208952 227 27 0
0.56484 -0.0172107 0.207896 227 27 0
0.565516 -0.0124706 0.206731 227 27 0
0.566284 -0.00777993 0.205433 227 27 0
0.567106 -0.00312874 0.204028 227 27 0
0.5688 0.0053591 0.201216 227 27 0
0.569854 0.00988055 0.199416 227 27 0
0.570942 0.0144388 0.197735 227 27 0
0.572121 0.0190046 0.196136 227 27 0
0.573332 0.0235507 0.194504 227 27 0
0.574541 0.0280885 0.192848 227 27 0
0.575731 0.0326436 0.191226 227 27 0
0.576902 0.0372147 0.189636 227 27 0
0.578081 0.0417883 0.188058 227 27 0
0.579268 0.0463494 0.186451 227 27 0
0.580352 0.0509081 0.184769 227 27 0
0.581353 0.0554851 0.183082 227 27 0
0.581364 0.0582231 0.181475 227 27 0
0.581829 0.0622536 0.179273 227 27 0
0.582458 0.066262 0.177068 227 27 0
0.583307 0.0702044 0.174822 227 27 0
0.584204 0.0740853 0.172492 227 27 0
0.585051 0.0778316 0.169928 227 27 0
0.58584 0.0815092 0.167251 227 27 0
0.588183 0.0831052 0.16841 227 27 0
0.591561 0.0859526 0.169431 227 27 0
0.594951 0.0887038 0.170667 227 27 0
0.598203 0.0916356 0.171862 227 27 0
0.601268 0.0946475 0.173311 227 27 0
0.604171 0.0978703 0.174629 227 27 0
0.601758 0.0956489 0.172989 227 27 0
0.598557 0.0933736 0.170841 227 27 0
0.595331 0.0910043 0.168832 227 27 0
0.591942 0.0885488 0.167239 227 27 0
0.588554 0.0860164 0.16577 228 26 0
0.586366 0.0838918 0.165422 228 26 0
0.582967 0.0807876 0.164696 228 26 0
0.579471 0.077843 0.163755 228 26 0
0.575998 0.074864 0.16284 228 26 0
0.572542 0.0719285 0.161738 228 26 0
0.569118 0.068972 0.160592 228 26 0
0.567653 0.069357 0.157984 228 26 0
0.565546 0.0708652 0.153542 228 26 0
0.563111 0.0720468 0.149159 228 26 0
0.560799 0.0736769 0.14485 228 26 0
0.558136 0.0748382 0.140598 228 26 0
0.55579 0.0764224 0.136312 228 26 0
0.557156 0.0749765 0.139356 228 26 0
0.559347 0.0731293 0.143655 228 26 0
0.561693 0.0714862 0.147959 228 26 0
0.563949 0.0699839 0.15236 228 26 0
0.566339 0.0687091 0.156757 228 26 0
0.566968 0.067556 0.159019 228 26 0
0.569543 0.066937 0.163121 228 26 0
0.572191 0.066274 0.167171 228 26 0
0.575059 0.0653829 0.171021 228 26 0
0.578147 0.0644734 0.174689 228 26 0
0.581258 0.0633218 0.178266 228 26 0
0.579461 0.0556016 0.181389 228 26 0
0.578684 0.0512261 0.183157 228 26 0
0.57782 0.0468664 0.184923 228 26 0
0.576905 0.0425032 0.186654 228 26 0
0.576013 0.0381302 0.188373 228 26 0
0.575112 0.0337604 0.190095 228 26 0
0.574197 0.029399 0.191831 228 26 0
0.573252 0.0250464 0.193573 228 26 0
0.572238 0.0206963 0.195282 228 26 0
0.571261 0.0163232 0.196954 228 26 0
0.57026 0.0119549 0.198624 228 26 0
0.569241 0.00761786 0.200363 228 26 0
0.568239 0.00278958 0.202144 228 26 0
0.56741 -0.00174981 0.203577 228 26 0
0.566616 -0.00631913 0.204932 228 26 0
0.565858 -0.0109173 0.206206 228 26 0
0.565155 -0.0155449 0.207404 228 26 0
0.56452 -0.0202038 0.208514 228 26 0
0.56395 -0.024899 0.209499 228 26 0
0.563428 -0.0296244 0.210361 228 26 0
0.562976 -0.0343712 0.211142 228 26 0
0.562547 -0.0391262 0.211881 229 25 0
0.562733 -0.0364547 0.211576 229 25 0
0.563212 -0.0316106 0.210808 229 25 0
0.563716 -0.0267875 0.209934 229 25 0
0.564246 -0.0219876 0.208952 229 25 0
0.56484 -0.0172107 0.207896 229 25 0
0.565516 -0.0124706 0.206731 229 25 0
0.566284 -0.00777993 0.205433 229 25 0
0.567106 -0.00312874 0.204028 229 25 0
0.5688 0.0053591 0.201216 229 25 0
0.569854 0.00988055 0.199416 229 25 0
0.570942 0.0144388 0.197735 229 25 0
0.572121 0.0190046 0.196136 229 25 0
0.573332 0.0235507 0.194504 229 25 0
0.574541 0.0280885 0.192848 229 25 0
0.575731 0.0326436 0.191226 229 25 0
0.576902 0.0372147 0.189636 229 25 0
0.578081 0.0417883 0.188058 229 25 0
0.579268 0.0463494 0.186451 229 25 0
0.580352 0.0509081 0.184769 229 25 0
0.581353 0.0554851 0.183082 229 25 0
0.581364 0.0582231 0.181475 229 25 0
0.581829 0.0622536 0.179273 229 25 0
0.582458 0.066262 0.177068 229 25 0
0.583307 0.0702044 0.174822 229 25 0
0.584204 0.0740853 0.172492 229 25 0
0.585051 0.0778316 0.169928 229 25 0
0.58584 0.0815092 0.167251 229 25 0
0.588183 0.0831052 0.16841 229 25 0
0.591561 0.0859526 0.169431 229 25 0
0.594951 0.0887038 0.170667 229 25 0
0.598203 0.0916356 0.171862 229 25 0
0.601268 0.0946475 0.173311 229 25 0
0.604171 0.0978703 0.174629 229 25 0
0.597936 0.101889 0.181336 229 25 0
0.649893 0.0984774 0.22463 229 25 0
0.65357 0.0945753 0.216189 229 25 0
0.655589 0.0926329 0.217521 229 25 0
0.658858 0.0891843 0.219897 229 25 0
0.662029 0.0857091 0.222358 229 25 0
0.665103 0.0822014 0.224899 229 25 0
0.668135 0.0786798 0.227467 229 25 0
0.668997 0.0761829 0.228618 229 25 0
0.672341 0.07296 0.230939 229 25 0
0.675299 0.0694257 0.233331 229 25 0
0.678076 0.0658066 0.23582 229 25 0
0.680729 0.0621528 0.238392 230 24 0
0.683701 0.0629774 0.239118 230 24 0
0.688245 0.0631391 0.240567 230 24 0
0.692833 0.0636505 0.241801 230 24 0
0.69745 0.0645617 0.242646 230 24 0
0.702096 0.065492 0.243274 230 24 0
0.706776 0.0662534 0.243873 230 24 0
0.703902 0.0660419 0.243505 230 24 0
0.699284 0.0648482 0.242928 230 24 0
0.694639 0.0638451 0.242199 230 24 0
0.690049 0.062718 0.241324 230 24 0
0.685454 0.061777 0.240289 230 24 0
0.682587 0.0616779 0.239289 230 24 0
0.677429 0.0605456 0.237799 230 24 0
0.67228 0.0595939 0.236138 230 24 0
0.66719 0.0587002 0.234291 230 24 0
0.662202 0.0575089 0.232446 230 24 0
0.661193 0.0499789 0.23515 230 24 0
0.660508 0.0451645 0.236875 230 24 0
0.659611 0.0403995 0.238638 230 24 0
0.658698 0.0356481 0.24043 230 24 0
0.657684 0.0309205 0.24223 230 24 0
0.656767 0.0262014 0.244105 230 24 0
0.655948 0.0215116 0.246095 230 24 0
0.655029 0.0168649 0.24814 230 24 0
0.65392 0.0122067 0.25006 230 24 0
0.652934 0.00755152 0.252051 230 24 0
0.652158 0.00289849 0.254141 230 24 0
0.65081 -0.003038 0.256428 230 24 0
0.649712 -0.00810171 0.257528 230 24 0
0.648859 -0.0132292 0.258576 230 24 0
0.647674 -0.0183759 0.259061 230 24 0
0.646829 -0.023584 0.259601 230 24 0
0.64619 -0.0288237 0.26012 230 24 0
0.645485 -0.0340663 0.260496 230 24 0
0.644779 -0.0392732 0.261003 230 24 0
0.644849 -0.0366478 0.260648 230 24 0
0.646107 -0.0319765 0.26044 230 24 0
0.646995 -0.0272115 0.260178 230 24 0
0.647896 -0.0224473 0.259999 230 24 0
0.648148 -0.0176376 0.259393 230 24 0
0.648558 -0.0128862 0.258499 230 24 0
0.648993 -0.00817722 0.257409 230 24 0
0.649977 -0.000402799 0.254646 230 24 0
0.650612 0.00412096 0.25261 230 24 0
0.651423 0.00867617 0.250712 231 23 0
0.652238 0.0132293 0.24881 231 23 0
0.653046 0.0177552 0.246841 231 23 0
0.653856 0.0222779 0.244865 231 23 0
0.65476 0.0268368 0.243018 231 23 0
0.655562 0.0314097 0.241158 231 23 0
0.656346 0.0359886 0.239305 231 23 0
0.657091 0.0405844 0.237479 231 23 0
0.657753 0.0451878 0.23564 231 23 0
0.658414 0.0498261 0.233894 231 23 0
0.659996 0.0523211 0.233411 231 23 0
0.661923 0.0566423 0.232685 231 23 0
0.663481 0.0610717 0.231683 231 23 0
0.665115 0.0654896 0.230754 231 23 0
0.666643 0.0699351 0.229778 231 23 0
0.668527 0.0742656 0.229041 231 23 0
0.667152 0.076636 0.227668 231 23 0
0.663955 0.0803245 0.225022 231 23 0
0.661039 0.0842782 0.22242 231 23 0
0.658232 0.088369 0.219914 231 23 0
0.655589 0.0926329 0.217521 231 23 0
0.657567 0.0903014 0.218951 231 23 0
0.661223 0.0867765 0.221645 231 23 0
0.664801 0.0832094 0.224389 231 23 0
0.668406 0.0797001 0.227175 231 23 0
0.670316 0.0785967 0.228338 231 23 0
0.672787 0.0745757 0.230585 231 23 0
0.675414 0.070686 0.232888 231 23 0
0.678135 0.0669405 0.235313 231 23 0
0.681093 0.0634918 0.237886 231 23 0
0.684017 0.0639623 0.238772 231 23 0
0.688505 0.0644354 0.240061 231 23 0
0.693009 0.0649072 0.241298 231 23 0
0.697566 0.0652924 0.242358 231 23 0
0.702164 0.0657127 0.243196 231 23 0
0.706776 0.0662534 0.243873 231 23 0
0.703902 0.0660419 0.243505 231 23 0
0.699284 0.0648482 0.242928 231 23 0
0.694639 0.0638451 0.242199 231 23 0
0.690049 0.062718 0.241324 231 23 0
0.685454 0.061777 0.240289 231 23 0
0.682587 0.0616779 0.239289 231 23 0
0.677429 0.0605456 0.237799 231 23 0
0.67228 0.0595939 0.236138 231 23 0
0.66719 0.0587002 0.234291 231 23 0
0.662202 0.0575089 0.232446 231 23 0
0.661193 0.0499789 0.23515 232 22 0
0.660508 0.0451645 0.236875 232 22 0
0.659611 0.0403995 0.238638 232 22 0
0.658698 0.0356481 0.24043 232 22 0
0.657684 0.0309205 0.24223 232 22 0
0.656767 0.0262014 0.244105 232 22 0
0.655948 0.0215116 0.246095 232 22 0
0.655029 0.0168649 0.24814 232 22 0
0.65392 0.0122067 0.25006 232 22 0
0.652934 0.00755152 0.252051 232 22 0
0.652158 0.00289849 0.254141 232 22 0
0.65081 -0.003038 0.256428 232 22 0
0.649712 -0.00810171 0.257528 232 22 0
0.648859 -0.0132292 0.258576 232 22 0
0.647674 -0.0183759 0.259061 232 22 0
0.646829 -0.023584 0.259601 232 22 0
0.64619 -0.0288237 0.26012 232 22 0
0.645485 -0.0340663 0.260496 232 22 0
0.644779 -0.0392732 0.261003 232 22 0
0.644849 -0.0366478 0.260648 232 22 0
0.646107 -0.0319765 0.26044 232 22 0
0.646995 -0.0272115 0.260178 232 22 0
0.647896 -0.0224473 0.259999 232 22 0
0.648148 -0.0176376 0.259393 232 22 0
0.648558 -0.0128862 0.258499 232 22 0
0.648993 -0.00817722 0.257409 232 22 0
0.649977 -0.000402799 0.254646 232 22 0
0.650612 0.00412096 0.25261 232 22 0
0.651423 0.00867617 0.250712 232 22 0
0.652238 0.0132293 0.24881 232 22 0
0.653046 0.0177552 0.246841 232 22 0
0.653856 0.0222779 0.244865 232 22 0
0.65476 0.0268368 0.243018 232 22 0
0.655562 0.0314097 0.241158 232 22 0
0.656346 0.0359886 0.239305 232 22 0
0.657091 0.0405844 0.237479 232 22 0
0.657753 0.0451878 0.23564 232 22 0
0.658414 0.0498261 0.233894 232 22 0
0.659996 0.0523211 0.233411 232 22 0
0.661923 0.0566423 0.232685 232 22 0
0.663481 0.0610717 0.231683 232 22 0
0.665115 0.0654896 0.230754 232 22 0
0.666643 0.0699351 0.229778 232 22 0
0.668527 0.0742656 0.229041 232 22 0
0.667152 0.076636 0.227668 232 22 0
0.663955 0.0803245 0.225022 233 21 0
0.661039 0.0842782 0.22242 233 21 0
0.658232 0.088369 0.219914 233 21 0
0.655589 0.0926329 0.217521 233 21 0
0.65208 0.0965887 0.226008 233 21 0
0.59949 0.103844 0.18226 233 21 0
0.60557 0.0996054 0.175547 233 21 0
0.585588 -0.00270623 0.215216 233 21 0
0.585169 0.00814159 0.210144 233 21 0
0.585074 0.0126493 0.207937 233 21 0
0.584895 0.0170912 0.2056 233 21 0
0.584659 0.0215218 0.203247 233 21 0
0.584559 0.0259859 0.20095 233 21 0
0.584415 0.0304225 0.198602 233 21 0
0.584212 0.0348261 0.196196 233 21 0
0.584038 0.0392206 0.19377 233 21 0
0.583913 0.0436112 0.191335 233 21 0
0.58385 0.0479971 0.188888 233 21 0
0.583837 0.0523223 0.186335 233 21 0
0.583933 0.0566173 0.183734 233 21 0
0.584097 0.0608761 0.181077 233 21 0
0.584301 0.0651683 0.17848 233 21 0
0.584413 0.0694287 0.175827 233 21 0
0.584725 0.0736249 0.173085 233 21 0
0.582268 0.0725274 0.172314 233 21 0
0.577828 0.0712344 0.16893 233 21 0
0.573463 0.0696038 0.165559 233 21 0
0.569214 0.0676447 0.162252 233 21 0
0.567317 0.0684514 0.158494 233 21 0
0.565154 0.0698231 0.154104 233 21 0
0.562999 0.0712997 0.149747 233 21 0
0.560369 0.0723401 0.145523 233 21 0
0.55797 0.0737903 0.141286 233 21 0
0.555536 0.0751578 0.137039 233 21 0
0.556916 0.073968 0.139794 233 21 0
0.559294 0.072572 0.144 233 21 0
0.561854 0.0714574 0.148188 233 21 0
0.564031 0.0699695 0.152473 233 21 0
0.566339 0.0687091 0.156757 233 21 0
0.566968 0.067556 0.159019 233 21 0
0.569543 0.066937 0.163121 233 21 0
0.572191 0.066274 0.167171 233 21 0
0.575059 0.0653829 0.171021 233 21 0
0.578147 0.0644734 0.174689 233 21 0
0.581258 0.0633218 0.178266 233 21 0
0.579461 0.0556016 0.181389 233 21 0
0.578684 0.0512261 0.183157 234 20 0
0.57782 0.0468664 0.184923 234 20 0
0.576905 0.0425032 0.186654 234 20 0
0.576013 0.0381302 0.188373 234 20 0
0.575112 0.0337604 0.190095 234 20 0
0.574197 0.029399 0.191831 234 20 0
0.573252 0.0250464 0.193573 234 20 0
0.572238 0.0206963 0.195282 234 20 0
0.571261 0.0163232 0.196954 234 20 0
0.57026 0.0119549 0.198624 234 20 0
0.569241 0.00761786 0.200363 234 20 0
0.568239 0.00278958 0.202144 234 20 0
0.56741 -0.00174981 0.203577 234 20 0
0.566616 -0.00631913 0.204932 234 20 0
0.565858 -0.0109173 0.206206 234 20 0
0.565155 -0.0155449 0.207404 234 20 0
0.56452 -0.0202038 0.208514 234 20 0
0.56395 -0.024899 0.209499 234 20 0
0.563428 -0.0296244 0.210361 234 20 0
0.562976 -0.0343712 0.211142 234 20 0
0.562547 -0.0391262 0.211881 234 20 0
0.562733 -0.0364547 0.211576 234 20 0
0.563212 -0.0316106 0.210808 234 20 0
0.563716 -0.0267875 0.209934 234 20 0
0.564246 -0.0219876 0.208952 234 20 0
0.56484 -0.0172107 0.207896 234 20 0
0.565516 -0.0124706 0.206731 234 20 0
0.566284 -0.00777993 0.205433 234 20 0
0.567106 -0.00312874 0.204028 234 20 0
0.5688 0.0053591 0.201216 234 20 0
0.569854 0.00988055 0.199416 234 20 0
0.570942 0.0144388 0.197735 234 20 0
0.572121 0.0190046 0.196136 234 20 0
0.573332 0.0235507 0.194504 234 20 0
0.574541 0.0280885 0.192848 234 20 0
0.575731 0.0326436 0.191226 234 20 0
0.576902 0.0372147 0.189636 234 20 0
0.578081 0.0417883 0.188058 234 20 0
0.579268 0.0463494 0.186451 234 20 0
0.580352 0.0509081 0.184769 234 20 0
0.581353 0.0554851 0.183082 234 20 0
0.581364 0.0582231 0.181475 234 20 0
0.581829 0.0622536 0.179273 234 20 0
0.582458 0.066262 0.177068 234 20 0
0.583307 0.0702044 0.174822 234 20 0
0.584204 0.0740853 0.172492 235 19 0
0.585051 0.0778316 0.169928 235 19 0
0.58584 0.0815092 0.167251 235 19 0
0.588183 0.0831052 0.16841 235 19 0
0.591561 0.0859526 0.169431 235 19 0
0.594951 0.0887038 0.170667 235 19 0
0.598203 0.0916356 0.171862 235 19 0
0.601268 0.0946475 0.173311 235 19 0
0.604171 0.0978703 0.174629 235 19 0
0.601758 0.0956489 0.172989 235 19 0
0.598557 0.0933736 0.170841 235 19 0
0.595331 0.0910043 0.168832 235 19 0
0.591942 0.0885488 0.167239 235 19 0
0.588554 0.0860164 0.16577 235 19 0
0.586366 0.0838918 0.165422 235 19 0
0.582967 0.0807876 0.164696 235 19 0
0.579471 0.077843 0.163755 235 19 0
0.575998 0.074864 0.16284 235 19 0
0.572542 0.0719285 0.161738 235 19 0
0.569118 0.068972 0.160592 235 19 0
0.567653 0.069357 0.157984 235 19 0
0.565546 0.0708652 0.153542 235 19 0
0.563111 0.0720468 0.149159 235 19 0
0.560799 0.0736769 0.14485 235 19 0
0.558136 0.0748382 0.140598 235 19 0
0.55579 0.0764224 0.136312 235 19 0
0.557156 0.0749765 0.139356 235 19 0
0.559347 0.0731293 0.143655 235 19 0
0.561693 0.0714862 0.147959 235 19 0
0.563949 0.0699839 0.15236 235 19 0
0.566339 0.0687091 0.156757 235 19 0
0.566968 0.067556 0.159019 235 19 0
0.569543 0.066937 0.163121 235 19 0
0.572191 0.066274 0.167171 235 19 0
0.575059 0.0653829 0.171021 235 19 0
0.578147 0.0644734 0.174689 235 19 0
0.581258 0.0633218 0.178266 235 19 0
0.579461 0.0556016 0.181389 235 19 0
0.578684 0.0512261 0.183157 235 19 0
0.57782 0.0468664 0.184923 235 19 0
0.576905 0.0425032 0.186654 235 19 0
0.576013 0.0381302 0.188373 235 19 0
0.575112 0.0337604 0.190095 235 19 0
0.574197 0.029399 0.191831 235 19 0
0.573252 0.0250464 0.193573 235 19 0
0.572238 0.0206963 0.195282 236 18 0
0.571261 0.0163232 0.196954 236 18 0
0.57026 0.0119549 0.198624 236 18 0
0.569241 0.00761786 0.200363 236 18 0
0.568239 0.00278958 0.202144 236 18 0
0.56741 -0.00174981 0.203577 236 18 0
0.566616 -0.00631913 0.204932 236 18 0
0.565858 -0.0109173 0.206206 236 18 0
0.565155 -0.0155449 0.207404 236 18 0
0.56452 -0.0202038 0.208514 236 18 0
0.56395 -0.024899 0.209499 236 18 0
0.563428 -0.0296244 0.210361 236 18 0
0.562976 -0.0343712 0.211142 236 18 0
0.562547 -0.0391262 0.211881 236 18 0
0.562733 -0.0364547 0.211576 236 18 0
0.563212 -0.0316106 0.210808 236 18 0
0.563716 -0.0267875 0.209934 236 18 0
0.564246 -0.0219876 0.208952 236 18 0
0.56484 -0.0172107 0.207896 236 18 0
0.565516 -0.0124706 0.206731 236 18 0
0.566284 -0.00777993 0.205433 236 18 0
0.567106 -0.00312874 0.204028 236 18 0
0.5688 0.0053591 0.201216 236 18 0
0.569854 0.00988055 0.199416 236 18 0
0.570942 0.0144388 0.197735 236 18 0
0.572121 0.0190046 0.196136 236 18 0
0.573332 0.0235507 0.194504 236 18 0
0.574541 0.0280885 0.192848 236 18 0
0.575731 0.0326436 0.191226 236 18 0
0.576902 0.0372147 0.189636 236 18 0
0.578081 0.0417883 0.188058 236 18 0
0.579268 0.0463494 0.186451 236 18 0
0.580352 0.0509081 0.184769 236 18 0
0.581353 0.0554851 0.183082 236 18 0
0.581364 0.0582231 0.181475 236 18 0
0.581829 0.0622536 0.179273 236 18 0
0.582458 0.066262 0.177068 236 18 0
0.583307 0.0702044 0.174822 236 18 0
0.584204 0.0740853 0.172492 236 18 0
0.585051 0.0778316 0.169928 236 18 0
0.58584 0.0815092 0.167251 236 18 0
0.588183 0.0831052 0.16841 236 18 0
0.591561 0.0859526 0.169431 236 18 0
0.594951 0.0887038 0.170667 236 18 0
0.598203 0.0916356 0.171862 236 18 0
0.601268 0.0946475 0.173311 236 18 0
0.604171 0.0978703 0.174629 237 17 0
0.597936 0.101889 0.181336 237 17 0
0.649893 0.0984774 0.22463 237 17 0
0.65357 0.0945753 0.216189 237 17 0
0.655589 0.0926329 0.217521 237 17 0
0.658858 0.0891843 0.219897 237 17 0
0.662029 0.0857091 0.222358 237 17 0
0.665103 0.0822014 0.224899 237 17 0
0.668135 0.0786798 0.227467 237 17 0
0.668997 0.0761829 0.228618 237 17 0
0.672341 0.07296 0.230939 237 17 0
0.675299 0.0694257 0.233331 237 17 0
0.678076 0.0658066 0.23582 237 17 0
0.680729 0.0621528 0.238392 237 17 0
0.683701 0.0629774 0.239118 237 17 0
0.688245 0.0631391 0.240567 237 17 0
0.692833 0.0636505 0.241801 237 17 0
0.69745 0.0645617 0.242646 237 17 0
0.702096 0.065492 0.243274 237 17 0
0.706776 0.0662534 0.243873 237 17 0
0.703902 0.0660419 0.243505 237 17 0
0.699284 0.0648482 0.242928 237 17 0
0.694639 0.0638451 0.242199 237 17 0
0.690049 0.062718 0.241324 237 17 0
0.685454 0.061777 0.240289 237 17 0
0.682587 0.0616779 0.239289 237 17 0
0.677429 0.0605456 0.237799 237 17 0
0.67228 0.0595939 0.236138 237 17 0
0.66719 0.0587002 0.234291 237 17 0
0.662202 0.0575089 0.232446 237 17 0
0.661193 0.0499789 0.23515 237 17 0
0.660508 0.0451645 0.236875 237 17 0
0.659611 0.0403995 0.238638 237 17 0
0.658698 0.0356481 0.24043 237 17 0
0.657684 0.0309205 0.24223 237 17 0
0.656767 0.0262014 0.244105 237 17 0
0.655948 0.0215116 0.246095 237 17 0
0.655029 0.0168649 0.24814 237 17 0
0.65392 0.0122067 0.25006 237 17 0
0.652934 0.00755152 0.252051 237 17 0
0.652158 0.00289849 0.254141 237 17 0
0.65081 -0.003038 0.256428 237 17 0
0.649712 -0.00810171 0.257528 237 17 0
0.648859 -0.0132292 0.258576 237 17 0
0.647674 -0.0183759 0.259061 237 17 0
0.646829 -0.023584 0.259601 238 16 0
0.64619 -0.0288237 0.26012 238 16 0
0.645485 -0.0340663 0.260496 238 16 0
0.644779 -0.0392732 0.261003 238 16 0
0.644849 -0.0366478 0.260648 238 16 0
0.646107 -0.0319765 0.26044 238 16 0
0.646995 -0.0272115 0.260178 238 16 0
0.647896 -0.0224473 0.259999 238 16 0
0.648148 -0.0176376 0.259393 238 16 0
0.648558 -0.0128862 0.258499 238 16 0
0.648993 -0.00817722 0.257409 238 16 0
0.649977 -0.000402799 0.254646 238 16 0
0.650612 0.00412096 0.25261 238 16 0
0.651423 0.00867617 0.250712 238 16 0
0.652238 0.0132293 0.24881 238 16 0
0.653046 0.0177552 0.246841 238 16 0
0.653856 0.0222779 0.244865 238 16 0
0.65476 0.0268368 0.243018 238 16 0
0.655562 0.0314097 0.241158 238 16 0
0.656346 0.0359886 0.239305 238 16 0
0.657091 0.0405844 0.237479 238 16 0
0.657753 0.0451878 0.23564 238 16 0
0.658414 0.0498261 0.233894 238 16 0
0.659996 0.0523211 0.233411 238 16 0
0.661923 0.0566423 0.232685 238 16 0
0.663481 0.0610717 0.231683 238 16 0
0.665115 0.0654896 0.230754 238 16 0
0.666643 0.0699351 0.229778 238 16 0
0.668527 0.0742656 0.229041 238 16 0
0.667152 0.076636 0.227668 238 16 0
0.663955 0.0803245 0.225022 238 16 0
0.661039 0.0842782 0.22242 238 16 0
0.658232 0.088369 0.219914 238 16 0
0.655589 0.0926329 0.217521 238 16 0
0.657567 0.0903014 0.218951 238 16 0
0.661223 0.0867765 0.221645 238 16 0
0.664801 0.0832094 0.224389 238 16 0
0.668406 0.0797001 0.227175 238 16 0
0.670316 0.0785967 0.228338 238 16 0
0.672787 0.0745757 0.230585 238 16 0
0.675414 0.070686 0.232888 238 16 0
0.678135 0.0669405 0.235313 238 16 0
0.681093 0.0634918 0.237886 238 16 0
0.684017 0.0639623 0.238772 238 16 0
0.688505 0.0644354 0.240061 238 16 0
0.693009 0.0649072 0.241298 238 16 0
0.697566 0.0652924 0.242358 239 15 0
0.702164 0.0657127 0.243196 239 15 0
0.706776 0.0662534 0.243873 239 15 0
0.703902 0.0660419 0.243505 239 15 0
0.699284 0.0648482 0.242928 239 15 0
0.694639 0.0638451 0.242199 239 15 0
0.690049 0.062718 0.241324 239 15 0
0.685454 0.061777 0.240289 239 15 0
0.682587 0.0616779 0.239289 239 15 0
0.677429 0.0605456 0.237799 239 15 0
0.67228 0.0595939 0.236138 239 15 0
0.66719 0.0587002 0.234291 239 15 0
0.662202 0.0575089 0.232446 239 15 0
0.661193 0.0499789 0.23515 239 15 0
0.660508 0.0451645 0.236875 239 15 0
0.659611 0.0403995 0.238638 239 15 0
0.658698 0.0356481 0.24043 239 15 0
0.657684 0.0309205 0.24223 239 15 0
0.656767 0.0262014 0.244105 239 15 0
0.655948 0.0215116 0.246095 239 15 0
0.655029 0.0168649 0.24814 239 15 0
0.65392 0.0122067 0.25006 239 15 0
0.652934 0.00755152 0.252051 239 15 0
0.652158 0.00289849 0.254141 239 15 0
0.65081 -0.003038 0.256428 239 15 0
0.649712 -0.00810171 0.257528 239 15 0
0.648859 -0.0132292 0.258576 239 15 0
0.647674 -0.0183759 0.259061 239 15 0
0.646829 -0.023584 0.259601 239 15 0
0.64619 -0.0288237 0.26012 239 15 0
0.645485 -0.0340663 0.260496 239 15 0
0.644779 -0.0392732 0.261003 239 15 0
0.644849 -0.0366478 0.260648 239 15 0
0.646107 -0.0319765 0.26044 239 15 0
0.646995 -0.0272115 0.260178 239 15 0
0.647896 -0.0224473 0.259999 239 15 0
0.648148 -0.0176376 0.259393 239 15 0
0.648558 -0.0128862 0.258499 239 15 0
0.648993 -0.00817722 0.257409 239 15 0
0.649977 -0.000402799 0.254646 239 15 0
0.650612 0.00412096 0.25261 239 15 0
0.651423 0.00867617 0.250712 239 15 0
0.652238 0.0132293 0.24881 239 15 0
0.653046 0.0177552 0.246841 239 15 0
0.653856 0.0222779 0.244865 239 15 0
0.65476 0.0268368 0.243018 240 14 0
0.655562 0.0314097 0.241158 240 14 0
0.656346 0.0359886 0.239305 240 14 0
0.657091 0.0405844 0.237479 240 14 0
0.657753 0.0451878 0.23564 240 14 0
0.658414 0.0498261 0.233894 240 14 0
0.659996 0.0523211 0.233411 240 14 0
0.661923 0.0566423 0.232685 240 14 0
0.663481 0.0610717 0.231683 240 14 0
0.665115 0.0654896 0.230754 240 14 0
0.666643 0.0699351 0.229778 240 14 0
0.668527 0.0742656 0.229041 240 14 0
0.667152 0.076636 0.227668 240 14 0
0.663955 0.0803245 0.225022 240 14 0
0.661039 0.0842782 0.22242 240 14 0
0.658232 0.088369 0.219914 240 14 0
0.655589 0.0926329 0.217521 240 14 0
0.65208 0.0965887 0.226008 240 14 0
0.59949 0.103844 0.18226 240 14 0
0.60557 0.0996054 0.175547 240 14 0
0.585588 -0.00270623 0.215216 240 14 0
0.585169 0.00814159 0.210144 240 14 0
0.585074 0.0126493 0.207937 240 14 0
0.584895 0.0170912 0.2056 240 14 0
0.584659 0.0215218 0.203247 240 14 0
0.584559 0.0259859 0.20095 240 14 0
0.584415 0.0304225 0.198602 240 14 0
0.584212 0.0348261 0.196196 240 14 0
0.584038 0.0392206 0.19377 240 14 0
0.583913 0.0436112 0.191335 240 14 0
0.58385 0.0479971 0.188888 240 14 0
0.583837 0.0523223 0.186335 240 14 0
0.583933 0.0566173 0.183734 240 14 0
0.584097 0.0608761 0.181077 240 14 0
0.584301 0.0651683 0.17848 240 14 0
0.584413 0.0694287 0.175827 240 14 0
0.584725 0.0736249 0.173085 240 14 0
0.582268 0.0725274 0.172314 240 14 0
0.577828 0.0712344 0.16893 240 14 0
0.573463 0.0696038 0.165559 240 14 0
0.569214 0.0676447 0.162252 240 14 0
0.567317 0.0684514 0.158494 240 14 0
0.565154 0.0698231 0.154104 240 14 0
0.562999 0.0712997 0.149747 240 14 0
0.560369 0.0723401 0.145523 240 14 0
0.55797 0.0737903 0.141286 240 14 0
0.555536 0.0751578 0.137039 241 13 0
0.556916 0.073968 0.139794 241 13 0
0.559294 0.072572 0.144 241 13 0
0.561854 0.0714574 0.148188 241 13 0
0.564031 0.0699695 0.152473 241 13 0
0.566339 0.0687091 0.156757 241 13 0
0.566968 0.067556 0.159019 241 13 0
0.569543 0.066937 0.163121 241 13 0
0.572191 0.066274 0.167171 241 13 0
0.575059 0.0653829 0.171021 241 13 0
0.578147 0.0644734 0.174689 241 13 0
0.581258 0.0633218 0.178266 241 13 0
0.579461 0.0556016 0.181389 241 13 0
0.578684 0.0512261 0.183157 241 13 0
0.57782 0.0468664 0.184923 241 13 0
0.576905 0.0425032 0.186654 241 13 0
0.576013 0.0381302 0.188373 241 13 0
0.575112 0.0337604 0.190095 241 13 0
0.574197 0.029399 0.191831 241 13 0
0.573252 0.0250464 0.193573 241 13 0
0.572238 0.0206963 0.195282 241 13 0
0.571261 0.0163232 0.196954 241 13 0
0.57026 0.0119549 0.198624 241 13 0
0.569241 0.00761786 0.200363 241 13 0
0.568239 0.00278958 0.202144 241 13 0
0.56741 -0.00174981 0.203577 241 13 0
0.566616 -0.00631913 0.204932 241 13 0
0.565858 -0.0109173 0.206206 241 13 0
0.565155 -0.0155449 0.207404 241 13 0
0.56452 -0.0202038 0.208514 241 13 0
0.56395 -0.024899 0.209499 241 13 0
0.563428 -0.0296244 0.210361 241 13 0
0.562976 -0.0343712 0.211142 241 13 0
0.562547 -0.0391262 0.211881 241 13 0
0.562733 -0.0364547 0.211576 241 13 0
0.563212 -0.0316106 0.210808 241 13 0
0.563716 -0.0267875 0.209934 241 13 0
0.564246 -0.0219876 0.208952 241 13 0
0.56484 -0.0172107 0.207896 241 13 0
0.565516 -0.0124706 0.206731 241 13 0
0.566284 -0.00777993 0.205433 241 13 0
0.567106 -0.00312874 0.204028 241 13 0
0.5688 0.0053591 0.201216 241 13 0
0.569854 0.00988055 0.199416 241 13 0
0.570942 0.0144388 0.197735 241 13 0
0.572121 0.0190046 0.196136 242 12 0
0.573332 0.0235507 0.194504 242 12 0
0.574541 0.0280885 0.192848 242 12 0
0.575731 0.0326436 0.191226 242 12 0
0.576902 0.0372147 0.189636 242 12 0
0.578081 0.0417883 0.188058 242 12 0
0.579268 0.0463494 0.186451 242 12 0
0.580352 0.0509081 0.184769 242 12 0
0.581353 0.0554851 0.183082 242 12 0
0.581364 0.0582231 0.181475 242 12 0
0.581829 0.0622536 0.179273 242 12 0
0.582458 0.066262 0.177068 242 12 0
0.583307 0.0702044 0.174822 242 12 0
0.584204 0.0740853 0.172492 242 12 0
0.585051 0.0778316 0.169928 242 12 0
0.58584 0.0815092 0.167251 242 12 0
0.588183 0.0831052 0.16841 242 12 0
0.591561 0.0859526 0.169431 242 12 0
0.594951 0.0887038 0.170667 242 12 0
0.598203 0.0916356 0.171862 242 12 0
0.601268 0.0946475 0.173311 242 12 0
0.604171 0.0978703 0.174629 242 12 0
0.601758 0.0956489 0.172989 242 12 0
0.598557 0.0933736 0.170841 242 12 0
0.595331 0.0910043 0.168832 242 12 0
0.591942 0.0885488 0.167239 242 12 0
0.588554 0.0860164 0.16577 242 12 0
0.586366 0.0838918 0.165422 242 12 0
0.582967 0.0807876 0.164696 242 12 0
0.579471 0.077843 0.163755 242 12 0
0.575998 0.074864 0.16284 242 12 0
0.572542 0.0719285 0.161738 242 12 0
0.569118 0.068972 0.160592 242 12 0
0.567653 0.069357 0.157984 242 12 0
0.565546 0.0708652 0.153542 242 12 0
0.563111 0.0720468 0.149159 242 12 0
0.560799 0.0736769 0.14485 242 12 0
0.558136 0.0748382 0.140598 242 12 0
0.55579 0.0764224 0.136312 242 12 0
0.557156 0.0749765 0.139356 242 12 0
0.559347 0.0731293 0.143655 242 12 0
0.561693 0.0714862 0.147959 242 12 0
0.563949 0.0699839 0.15236 242 12 0
0.566339 0.0687091 0.156757 242 12 0
0.566968 0.067556 0.159019 242 12 0
0.569543 0.066937 0.163121 243 11 0
0.572191 0.066274 0.167171 243 11 0
0.575059 0.0653829 0.171021 243 11 0
0.578147 0.0644734 0.174689 243 11 0
0.581258 0.0633218 0.178266 243 11 0
0.579461 0.0556016 0.181389 243 11 0
0.578684 0.0512261 0.183157 243 11 0
0.57782 0.0468664 0.184923 243 11 0
0.576905 0.0425032 0.186654 243 11 0
0.576013 0.0381302 0.188373 243 11 0
0.575112 0.0337604 0.190095 243 11 0
0.574197 0.029399 0.191831 243 11 0
0.573252 0.0250464 0.193573 243 11 0
0.572238 0.0206963 0.195282 243 11 0
0.571261 0.0163232 0.196954 243 11 0
0.57026 0.0119549 0.198624 243 11 0
0.569241 0.00761786 0.200363 243 11 0
0.568239 0.00278958 0.202144 243 11 0
0.56741 -0.00174981 0.203577 243 11 0
0.566616 -0.00631913 0.204932 243 11 0
0.565858 -0.0109173 0.206206 243 11 0
0.565155 -0.0155449 0.207404 243 11 0
0.56452 -0.0202038 0.208514 243 11 0
0.56395 -0.024899 0.209499 243 11 0
0.563428 -0.0296244 0.210361 243 11 0
0.562976 -0.0343712 0.211142 243 11 0
0.562547 -0.0391262 0.211881 243 11 0
0.562733 -0.0364547 0.211576 243 11 0
0.563212 -0.0316106 0.210808 243 11 0
0.563716 -0.0267875 0.209934 243 11 0
0.564246 -0.0219876 0.208952 243 11 0
0.56484 -0.0172107 0.207896 243 11 0
0.565516 -0.0124706 0.206731 243 11 0
0.566284 -0.00777993 0.205433 243 11 0
0.567106 -0.00312874 0.204028 243 11 0
0.5688 0.0053591 0.201216 243 11 0
0.569854 0.00988055 0.199416 243 11 0
0.570942 0.0144388 0.197735 243 11 0
0.572121 0.0190046 0.196136 243 11 0
0.573332 0.0235507 0.194504 243 11 0
0.574541 0.0280885 0.192848 243 11 0
0.575731 0.0326436 0.191226 243 11 0
0.576902 0.0372147 0.189636 243 11 0
0.578081 0.0417883 0.188058 243 11 0
0.579268 0.0463494 0.186451 243 11 0
0.580352 0.0509081 0.184769 243 11 0
0.581353 0.0554851 0.183082 244 10 0
0.581364 0.0582231 0.181475 244 10 0
0.581829 0.0622536 0.179273 244 10 0
0.582458 0.066262 0.177068 244 10 0
0.583307 0.0702044 0.174822 244 10 0
0.584204 0.0740853 0.172492 244 10 0
0.585051 0.0778316 0.169928 244 10 0
0.58584 0.0815092 0.167251 244 10 0
0.588183 0.0831052 0.16841 244 10 0
0.591561 0.0859526 0.169431 244 10 0
0.594951 0.0887038 0.170667 244 10 0
0.598203 0.0916356 0.171862 244 10 0
0.601268 0.0946475 0.173311 244 10 0
0.604171 0.0978703 0.174629 244 10 0
0.597936 0.101889 0.181336 244 10 0
0.649893 0.0984774 0.22463 244 10 0
0.65357 0.0945753 0.216189 244 10 0
0.655589 0.0926329 0.217521 244 10 0
0.658858 0.0891843 0.219897 244 10 0
0.662029 0.0857091 0.222358 244 10 0
0.665103 0.0822014 0.224899 244 10 0
0.668135 0.0786798 0.227467 244 10 0
0.668997 0.0761829 0.228618 244 10 0
0.672341 0.07296 0.230939 244 10 0
0.675299 0.0694257 0.233331 244 10 0
0.678076 0.0658066 0.23582 244 10 0
0.680729 0.0621528 0.238392 244 10 0
0.683701 0.0629774 0.239118 244 10 0
0.688245 0.0631391 0.240567 244 10 0
0.692833 0.0636505 0.241801 244 10 0
0.69745 0.0645617 0.242646 244 10 0
0.702096 0.065492 0.243274 244 10 0
0.706776 0.0662534 0.243873 244 10 0
0.703902 0.0660419 0.243505 244 10 0
0.699284 0.0648482 0.242928 244 10 0
0.694639 0.0638451 0.242199 244 10 0
0.690049 0.062718 0.241324 244 10 0
0.685454 0.061777 0.240289 244 10 0
0.682587 0.0616779 0.239289 244 10 0
0.677429 0.0605456 0.237799 244 10 0
0.67228 0.0595939 0.236138 244 10 0
0.66719 0.0587002 0.234291 244 10 0
0.662202 0.0575089 0.232446 244 10 0
0.661193 0.0499789 0.23515 244 10 0
0.660508 0.0451645 0.236875 244 10 0
0.659611 0.0403995 0.238638 245 9 0
0.658698 0.0356481 0.24043 245 9 0
0.657684 0.0309205 0.24223 245 9 0
0.656767 0.0262014 0.244105 245 9 0
0.655948 0.0215116 0.246095 245 9 0
0.655029 0.0168649 0.24814 245 9 0
0.65392 0.0122067 0.25006 245 9 0
0.652934 0.00755152 0.252051 245 9 0
0.652158 0.00289849 0.254141 245 9 0
0.65081 -0.003038 0.256428 245 9 0
0.649712 -0.00810171 0.257528 245 9 0
0.648859 -0.0132292 0.258576 245 9 0
0.647674 -0.0183759 0.259061 245 9 0
0.646829 -0.023584 0.259601 245 9 0
0.64619 -0.0288237 0.26012 245 9 0
0.645485 -0.0340663 0.260496 245 9 0
0.644779 -0.0392732 0.261003 245 9 0
0.644849 -0.0366478 0.260648 245 9 0
0.646107 -0.0319765 0.26044 245 9 0
0.646995 -0.0272115 0.260178 245 9 0
0.647896 -0.0224473 0.259999 245 9 0
0.648148 -0.0176376 0.259393 245 9 0
0.648558 -0.0128862 0.258499 245 9 0
0.648993 -0.00817722 0.257409 245 9 0
0.649977 -0.000402799 0.254646 245 9 0
0.650612 0.00412096 0.25261 245 9 0
0.651423 0.00867617 0.250712 245 9 0
0.652238 0.0132293 0.24881 245 9 0
0.653046 0.0177552 0.246841 245 9 0
0.653856 0.0222779 0.244865 245 9 0
0.65476 0.0268368 0.243018 245 9 0
0.655562 0.0314097 0.241158 245 9 0
0.656346 0.0359886 0.239305 245 9 0
0.657091 0.0405844 0.237479 245 9 0
0.657753 0.0451878 0.23564 245 9 0
0.658414 0.0498261 0.233894 245 9 0
0.659996 0.0523211 0.233411 245 9 0
0.661923 0.0566423 0.232685 245 9 0
0.663481 0.0610717 0.231683 245 9 0
0.665115 0.0654896 0.230754 245 9 0
0.666643 0.0699351 0.229778 245 9 0
0.668527 0.0742656 0.229041 245 9 0
0.667152 0.076636 0.227668 245 9 0
0.663955 0.0803245 0.225022 245 9 0
0.661039 0.0842782 0.22242 245 9 0
0.658232 0.088369 0.219914 245 9 0
0.655589 0.0926329 0.217521 246 8 0
0.657567 0.0903014 0.218951 246 8 0
0.661223 0.0867765 0.221645 246 8 0
0.664801 0.0832094 0.224389 246 8 0
0.668406 0.0797001 0.227175 246 8 0
0.670316 0.0785967 0.228338 246 8 0
0.672787 0.0745757 0.230585 246 8 0
0.675414 0.070686 0.232888 246 8 0
0.678135 0.0669405 0.235313 246 8 0
0.681093 0.0634918 0.237886 246 8 0
0.684017 0.0639623 0.238772 246 8 0
0.688505 0.0644354 0.240061 246 8 0
0.693009 0.0649072 0.241298 246 8 0
0.697566 0.0652924 0.242358 246 8 0
0.702164 0.0657127 0.243196 246 8 0
0.706776 0.0662534 0.243873 246 8 0
0.703902 0.0660419 0.243505 246 8 0
0.699284 0.0648482 0.242928 246 8 0
0.694639 0.0638451 0.242199 246 8 0
0.690049 0.062718 0.241324 246 8 0
0.685454 0.061777 0.240289 246 8 0
0.682587 0.0616779 0.239289 246 8 0
0.677429 0.0605456 0.237799 246 8 0
0.67228 0.0595939 0.236138 246 8 0
0.66719 0.0587002 0.234291 246 8 0
0.662202 0.0575089 0.232446 246 8 0
0.661193 0.0499789 0.23515 246 8 0
0.660508 0.0451645 0.236875 246 8 0
0.659611 0.0403995 0.238638 246 8 0
0.658698 0.0356481 0.24043 246 8 0
0.657684 0.0309205 0.24223 246 8 0
0.656767 0.0262014 0.244105 246 8 0
0.655948 0.0215116 0.246095 246 8 0
0.655029 0.0168649 0.24814 246 8 0
0.65392 0.0122067 0.25006 246 8 0
0.652934 0.00755152 0.252051 246 8 0
0.652158 0.00289849 0.254141 246 8 0
0.65081 -0.003038 0.256428 246 8 0
0.649712 -0.00810171 0.257528 246 8 0
0.648859 -0.0132292 0.258576 246 8 0
0.647674 -0.0183759 0.259061 246 8 0
0.646829 -0.023584 0.259601 246 8 0
0.64619 -0.0288237 0.26012 246 8 0
0.645485 -0.0340663 0.260496 246 8 0
0.644779 -0.0392732 0.261003 246 8 0
0.644849 -0.0366478 0.260648 247 7 0
0.646107 -0.0319765 0.26044 247 7 0
0.646995 -0.0272115 0.260178 247 7 0
0.647896 -0.0224473 0.259999 247 7 0
0.648148 -0.0176376 0.259393 247 7 0
0.648558 -0.0128862 0.258499 247 7 0
0.648993 -0.00817722 0.257409 247 7 0
0.649977 -0.000402799 0.254646 247 7 0
0.650612 0.00412096 0.25261 247 7 0
0.651423 0.00867617 0.250712 247 7 0
0.652238 0.0132293 0.24881 247 7 0
0.653046 0.0177552 0.246841 247 7 0
0.653856 0.0222779 0.244865 247 7 0
0.65476 0.0268368 0.243018 247 7 0
0.655562 0.0314097 0.241158 247 7 0
0.656346 0.0359886 0.239305 247 7 0
0.657091 0.0405844 0.237479 247 7 0
0.657753 0.0451878 0.23564 247 7 0
0.658414 0.0498261 0.233894 247 7 0
0.659996 0.0523211 0.233411 247 7 0
0.661923 0.0566423 0.232685 247 7 0
0.663481 0.0610717 0.231683 247 7 0
0.665115 0.0654896 0.230754 247 7 0
0.666643 0.0699351 0.229778 247 7 0
0.668527 0.0742656 0.229041 247 7 0
0.667152 0.076636 0.227668 247 7 0
0.663955 0.0803245 0.225022 247 7 0
0.661039 0.0842782 0.22242 247 7 0
0.658232 0.088369 0.219914 247 7 0
0.655589 0.0926329 0.217521 247 7 0
0.65208 0.0965887 0.226008 247 7 0
0.59949 0.103844 0.18226 247 7 0
0.60557 0.0996054 0.175547 247 7 0
0.585588 -0.00270623 0.215216 247 7 0
0.585169 0.00814159 0.210144 247 7 0
0.585074 0.0126493 0.207937 247 7 0
0.584895 0.0170912 0.2056 247 7 0
0.584659 0.0215218 0.203247 247 7 0
0.584559 0.0259859 0.20095 247 7 0
0.584415 0.0304225 0.198602 247 7 0
0.584212 0.0348261 0.196196 247 7 0
0.584038 0.0392206 0.19377 247 7 0
0.583913 0.0436112 0.191335 247 7 0
0.58385 0.0479971 0.188888 247 7 0
0.583837 0.0523223 0.186335 247 7 0
0.583933 0.0566173 0.183734 247 7 0
0.584097 0.0608761 0.181077 248 6 0
0.584301 0.0651683 0.17848 248 6 0
0.584413 0.0694287 0.175827 248 6 0
0.584725 0.0736249 0.173085 248 6 0
0.582268 0.0725274 0.172314 248 6 0
0.577828 0.0712344 0.16893 248 6 0
0.573463 0.0696038 0.165559 248 6 0
0.569214 0.0676447 0.162252 248 6 0
0.567317 0.0684514 0.158494 248 6 0
0.565154 0.0698231 0.154104 248 6 0
0.562999 0.0712997 0.149747 248 6 0
0.560369 0.0723401 0.145523 248 6 0
0.55797 0.0737903 0.141286 248 6 0
0.555536 0.0751578 0.137039 248 6 0
0.556916 0.073968 0.139794 248 6 0
0.559294 0.072572 0.144 248 6 0
0.561854 0.0714574 0.148188 248 6 0
0.564031 0.0699695 0.152473 248 6 0
0.566339 0.0687091 0.156757 248 6 0
0.566968 0.067556 0.159019 248 6 0
0.569543 0.066937 0.163121 248 6 0
0.572191 0.066274 0.167171 248 6 0
0.575059 0.0653829 0.171021 248 6 0
0.578147 0.0644734 0.174689 248 6 0
0.581258 0.0633218 0.178266 248 6 0
0.579461 0.0556016 0.181389 248 6 0
0.578684 0.0512261 0.183157 248 6 0
0.57782 0.0468664 0.184923 248 6 0
0.576905 0.0425032 0.186654 248 6 0
0.576013 0.0381302 0.188373 248 6 0
0.575112 0.0337604 0.190095 248 6 0
0.574197 0.029399 0.191831 248 6 0
0.573252 0.0250464 0.193573 248 6 0
0.572238 0.0206963 0.195282 248 6 0
0.571261 0.0163232 0.196954 248 6 0
0.57026 0.0119549 0.198624 248 6 0
0.569241 0.00761786 0.200363 248 6 0
0.568239 0.00278958 0.202144 248 6 0
0.56741 -0.00174981 0.203577 248 6 0
0.566616 -0.00631913 0.204932 248 6 0
0.565858 -0.0109173 0.206206 248 6 0
0.565155 -0.0155449 0.207404 248 6 0
0.56452 -0.0202038 0.208514 248 6 0
0.56395 -0.024899 0.209499 248 6 0
0.563428 -0.0296244 0.210361 248 6 0
0.562976 -0.0343712 0.211142 249 5 0
0.562547 -0.0391262 0.211881 249 5 0
0.562733 -0.0364547 0.211576 249 5 0
0.563212 -0.0316106 0.210808 249 5 0
0.563716 -0.0267875 0.209934 249 5 0
0.564246 -0.0219876 0.208952 249 5 0
0.56484 -0.0172107 0.207896 249 5 0
0.565516 -0.0124706 0.206731 249 5 0
0.566284 -0.00777993 0.205433 249 5 0
0.567106 -0.00312874 0.204028 249 5 0
0.5688 0.0053591 0.201216 249 5 0
0.569854 0.00988055 0.199416 249 5 0
0.570942 0.0144388 0.197735 249 5 0
0.572121 0.0190046 0.196136 249 5 0
0.573332 0.0235507 0.194504 249 5 0
0.574541 0.0280885 0.192848 249 5 0
0.575731 0.0326436 0.191226 249 5 0
0.576902 0.0372147 0.189636 249 5 0
0.578081 0.0417883 0.188058 249 5 0
0.579268 0.0463494 0.186451 249 5 0
0.580352 0.0509081 0.184769 249 5 0
0.581353 0.0554851 0.183082 249 5 0
0.581364 0.0582231 0.181475 249 5 0
0.581829 0.0622536 0.179273 249 5 0
0.582458 0.066262 0.177068 249 5 0
0.583307 0.0702044 0.174822 249 5 0
0.584204 0.0740853 0.172492 249 5 0
0.585051 0.0778316 0.169928 249 5 0
0.58584 0.0815092 0.167251 249 5 0
0.588183 0.0831052 0.16841 249 5 0
0.591561 0.0859526 0.169431 249 5 0
0.594951 0.0887038 0.170667 249 5 0
0.598203 0.0916356 0.171862 249 5 0
0.601268 0.0946475 0.173311 249 5 0
0.604171 0.0978703 0.174629 249 5 0
0.601758 0.0956489 0.172989 249 5 0
0.598557 0.0933736 0.170841 249 5 0
0.595331 0.0910043 0.168832 249 5 0
0.591942 0.0885488 0.167239 249 5 0
0.588554 0.0860164 0.16577 249 5 0
0.586366 0.0838918 0.165422 249 5 0
0.582967 0.0807876 0.164696 249 5 0
0.579471 0.077843 0.163755 249 5 0
0.575998 0.074864 0.16284 249 5 0
0.572542 0.0719285 0.161738 249 5 0
0.569118 0.068972 0.160592 250 4 0
0.567653 0.069357 0.157984 250 4 0
0.565546 0.0708652 0.153542 250 4 0
0.563111 0.0720468 0.149159 250 4 0
0.560799 0.0736769 0.14485 250 4 0
0.558136 0.0748382 0.140598 250 4 0
0.55579 0.0764224 0.136312 250 4 0
0.557156 0.0749765 0.139356 250 4 0
0.559347 0.0731293 0.143655 250 4 0
0.561693 0.0714862 0.147959 250 4 0
0.563949 0.0699839 0.15236 250 4 0
0.566339 0.0687091 0.156757 250 4 0
0.566968 0.067556 0.159019 250 4 0
0.569543 0.066937 0.163121 250 4 0
0.572191 0.066274 0.167171 250 4 0
0.575059 0.0653829 0.171021 250 4 0
0.578147 0.0644734 0.174689 250 4 0
0.581258 0.0633218 0.178266 250 4 0
0.579461 0.0556016 0.181389 250 4 0
0.578684 0.0512261 0.183157 250 4 0
0.57782 0.0468664 0.184923 250 4 0
0.576905 0.0425032 0.186654 250 4 0
0.576013 0.0381302 0.188373 250 4 0
0.575112 0.0337604 0.190095 250 4 0
0.574197 0.029399 0.191831 250 4 0
0.573252 0.0250464 0.193573 250 4 0
0.572238 0.0206963 0.195282 250 4 0
0.571261 0.0163232 0.196954 250 4 0
0.57026 0.0119549 0.198624 250 4 0
0.569241 0.00761786 0.200363 250 4 0
0.568239 0.00278958 0.202144 250 4 0
0.56741 -0.00174981 0.203577 250 4 0
0.566616 -0.00631913 0.204932 250 4 0
0.565858 -0.0109173 0.206206 250 4 0
0.565155 -0.0155449 0.207404 250 4 0
0.56452 -0.0202038 0.208514 250 4 0
0.56395 -0.024899 0.209499 250 4 0
0.563428 -0.0296244 0.210361 250 4 0
0.562976 -0.0343712 0.211142 250 4 0
0.562547 -0.0391262 0.211881 250 4 0
0.562733 -0.0364547 0.211576 250 4 0
0.563212 -0.0316106 0.210808 250 4 0
0.563716 -0.0267875 0.209934 250 4 0
0.564246 -0.0219876 0.208952 250 4 0
0.56484 -0.0172107 0.207896 250 4 0
0.565516 -0.0124706 0.206731 250 4 0
0.566284 -0.00777993 0.205433 251 3 0
0.567106 -0.00312874 0.204028 251 3 0
0.5688 0.0053591 0.201216 251 3 0
0.569854 0.00988055 0.199416 251 3 0
0.570942 0.0144388 0.197735 251 3 0
0.572121 0.0190046 0.196136 251 3 0
0.573332 0.0235507 0.194504 251 3 0
0.574541 0.0280885 0.192848 251 3 0
0.575731 0.0326436 0.191226 251 3 0
0.576902 0.0372147 0.189636 251 3 0
0.578081 0.0417883 0.188058 251 3 0
0.579268 0.0463494 0.186451 251 3 0
0.580352 0.0509081 0.184769 251 3 0
0.581353 0.0554851 0.183082 251 3 0
0.581364 0.0582231 0.181475 251 3 0
0.581829 0.0622536 0.179273 251 3 0
0.582458 0.066262 0.177068 251 3 0
0.583307 0.0702044 0.174822 251 3 0
0.584204 0.0740853 0.172492 251 3 0
0.585051 0.0778316 0.169928 251 3 0
0.58584 0.0815092 0.167251 251 3 0
0.588183 0.0831052 0.16841 251 3 0
0.591561 0.0859526 0.169431 251 3 0
0.594951 0.0887038 0.170667 251 3 0
0.598203 0.0916356 0.171862 251 3 0
0.601268 0.0946475 0.173311 251 3 0
0.604171 0.0978703 0.174629 251 3 0
0.597936 0.101889 0.181336 251 3 0
0.649893 0.0984774 0.22463 251 3 0
0.65357 0.0945753 0.216189 251 3 0
0.655589 0.0926329 0.217521 251 3 0
0.658858 0.0891843 0.219897 251 3 0
0.662029 0.0857091 0.222358 251 3 0
0.665103 0.0822014 0.224899 251 3 0
0.668135 0.0786798 0.227467 251 3 0
0.668997 0.0761829 0.228618 251 3 0
0.672341 0.07296 0.230939 251 3 0
0.675299 0.0694257 0.233331 251 3 0
0.678076 0.0658066 0.23582 251 3 0
0.680729 0.0621528 0.238392 251 3 0
0.683701 0.0629774 0.239118 251 3 0
0.688245 0.0631391 0.240567 251 3 0
0.692833 0.0636505 0.241801 251 3 0
0.69745 0.0645617 0.242646 251 3 0
0.702096 0.065492 0.243274 251 3 0
0.706776 0.0662534 0.243873 252 2 0
0.703902 0.0660419 0.243505 252 2 0
0.699284 0.0648482 0.242928 252 2 0
0.694639 0.0638451 0.242199 252 2 0
0.690049 0.062718 0.241324 252 2 0
0.685454 0.061777 0.240289 252 2 0
0.682587 0.0616779 0.239289 252 2 0
0.677429 0.0605456 0.237799 252 2 0
0.67228 0.0595939 0.236138 252 2 0
0.66719 0.0587002 0.234291 252 2 0
0.662202 0.0575089 0.232446 252 2 0
0.661193 0.0499789 0.23515 252 2 0
0.660508 0.0451645 0.236875 252 2 0
0.659611 0.0403995 0.238638 252 2 0
0.658698 0.0356481 0.24043 252 2 0
0.657684 0.0309205 0.24223 252 2 0
0.656767 0.0262014 0.244105 252 2 0
0.655948 0.0215116 0.246095 252 2 0
0.655029 0.0168649 0.24814 252 2 0
0.65392 0.0122067 0.25006 252 2 0
0.652934 0.00755152 0.252051 252 2 0
0.652158 0.00289849 0.254141 252 2 0
0.65081 -0.003038 0.256428 252 2 0
0.649712 -0.00810171 0.257528 252 2 0
0.648859 -0.0132292 0.258576 252 2 0
0.647674 -0.0183759 0.259061 252 2 0
0.646829 -0.023584 0.259601 252 2 0
0.64619 -0.0288237 0.26012 252 2 0
0.645485 -0.0340663 0.260496 252 2 0
0.644779 -0.0392732 0.261003 252 2 0
0.644849 -0.0366478 0.260648 252 2 0
0.646107 -0.0319765 0.26044 252 2 0
0.646995 -0.0272115 0.260178 252 2 0
0.647896 -0.0224473 0.259999 252 2 0
0.648148 -0.0176376 0.259393 252 2 0
0.648558 -0.0128862 0.258499 252 2 0
0.648993 -0.00817722 0.257409 252 2 0
0.649977 -0.000402799 0.254646 252 2 0
0.650612 0.00412096 0.25261 252 2 0
0.651423 0.00867617 0.250712 252 2 0
0.652238 0.0132293 0.24881 252 2 0
0.653046 0.0177552 0.246841 252 2 0
0.653856 0.0222779 0.244865 252 2 0
0.65476 0.0268368 0.243018 252 2 0
0.655562 0.0314097 0.241158 252 2 0
0.656346 0.0359886 0.239305 252 2 0
0.657091 0.0405844 0.237479 253 1 0
0.657753 0.0451878 0.23564 253 1 0
0.658414 0.0498261 0.233894 253 1 0
0.659996 0.0523211 0.233411 253 1 0
0.661923 0.0566423 0.232685 253 1 0
0.663481 0.0610717 0.231683 253 1 0
0.665115 0.0654896 0.230754 253 1 0
0.666643 0.0699351 0.229778 253 1 0
0.668527 0.0742656 0.229041 253 1 0
0.667152 0.076636 0.227668 253 1 0
0.663955 0.0803245 0.225022 253 1 0
0.661039 0.0842782 0.22242 253 1 0
0.658232 0.088369 0.219914 253 1 0
0.655589 0.0926329 0.217521 253 1 0
0.657567 0.0903014 0.218951 253 1 0
0.661223 0.0867765 0.221645 253 1 0
0.664801 0.0832094 0.224389 253 1 0
0.668406 0.0797001 0.227175 253 1 0
0.670316 0.0785967 0.228338 253 1 0
0.672787 0.0745757 0.230585 253 1 0
0.675414 0.070686 0.232888 253 1 0
0.678135 0.0669405 0.235313 253 1 0
0.681093 0.0634918 0.237886 253 1 0
0.684017 0.0639623 0.238772 253 1 0
0.688505 0.0644354 0.240061 253 1 0
0.693009 0.0649072 0.241298 253 1 0
0.697566 0.0652924 0.242358 253 1 0
0.702164 0.0657127 0.243196 253 1 0
0.706776 0.0662534 0.243873 253 1 0
0.703902 0.0660419 0.243505 253 1 0
0.699284 0.0648482 0.242928 253 1 0
0.694639 0.0638451 0.242199 253 1 0
0.690049 0.062718 0.241324 253 1 0
0.685454 0.061777 0.240289 253 1 0
0.682587 0.0616779 0.239289 253 1 0
0.677429 0.0605456 0.237799 253 1 0
0.67228 0.0595939 0.236138 253 1 0
0.66719 0.0587002 0.234291 253 1 0
0.662202 0.0575089 0.232446 253 1 0
0.661193 0.0499789 0.23515 253 1 0
0.660508 0.0451645 0.236875 253 1 0
0.659611 0.0403995 0.238638 253 1 0
0.658698 0.0356481 0.24043 253 1 0
0.657684 0.0309205 0.24223 253 1 0
0.656767 0.0262014 0.244105 253 1 0
0.655948 0.0215116 0.246095 254 0 0
0.655029 0.0168649 0.24814 254 0 0
0.65392 0.0122067 0.25006 254 0 0
0.652934 0.00755152 0.252051 254 0 0
0.652158 0.00289849 0.254141 254 0 0
0.65081 -0.003038 0.256428 254 0 0
0.649712 -0.00810171 0.257528 254 0 0
0.648859 -0.0132292 0.258576 254 0 0
0.647674 -0.0183759 0.259061 254 0 0
0.646829 -0.023584 0.259601 254 0 0
0.64619 -0.0288237 0.26012 254 0 0
0.645485 -0.0340663 0.260496 254 0 0
0.644779 -0.0392732 0.261003 254 0 0
0.644849 -0.0366478 0.260648 254 0 0
0.646107 -0.0319765 0.26044 254 0 0
0.646995 -0.0272115 0.260178 254 0 0
0.647896 -0.0224473 0.259999 254 0 0
0.648148 -0.0176376 0.259393 254 0 0
0.648558 -0.0128862 0.258499 254 0 0
0.648993 -0.00817722 0.257409 254 0 0
0.649977 -0.000402799 0.254646 254 0 0
0.650612 0.00412096 0.25261 254 0 0
0.651423 0.00867617 0.250712 254 0 0
0.652238 0.0132293 0.24881 254 0 0
0.653046 0.0177552 0.246841 254 0 0
0.653856 0.0222779 0.244865 254 0 0
0.65476 0.0268368 0.243018 254 0 0
0.655562 0.0314097 0.241158 254 0 0
0.656346 0.0359886 0.239305 254 0 0
0.657091 0.0405844 0.237479 254 0 0
0.657753 0.0451878 0.23564 254 0 0
0.658414 0.0498261 0.233894 254 0 0
0.659996 0.0523211 0.233411 254 0 0
0.661923 0.0566423 0.232685 254 0 0
0.663481 0.0610717 0.231683 254 0 0
0.665115 0.0654896 0.230754 254 0 0
0.666643 0.0699351 0.229778 254 0 0
0.668527 0.0742656 0.229041 254 0 0
0.667152 0.076636 0.227668 254 0 0
0.663955 0.0803245 0.225022 254 0 0
0.661039 0.0842782 0.22242 254 0 0
0.658232 0.088369 0.219914 254 0 0
0.655589 0.0926329 0.217521 254 0 0
0.65208 0.0965887 0.226008 254 0 0
0.59949 0.103844 0.18226 254 0 0
0.60557 0.0996054 0.175547 255 0 0
