ply
format ascii 1.0
comment Generated by robot_control PLYWriter
element vertex 12565
property float x
property float y
property float z
property uchar red
property uchar green
property uchar blue
end_header
0.510383 0.0892786 0.169202 0 255 0
0.508089 0.0986659 0.165274 0 254 0
0.507377 0.103324 0.163219 0 254 0
0.506934 0.107962 0.161036 0 254 0
0.506377 0.112535 0.158744 0 254 0
0.505903 0.117051 0.156324 0 254 0
0.505517 0.121528 0.153818 0 254 0
0.505171 0.125946 0.151203 0 254 0
0.504882 0.130319 0.148508 0 254 0
0.504708 0.134704 0.145822 0 254 0
0.504513 0.139075 0.143116 0 254 0
0.504265 0.143421 0.140372 0 254 0
0.504009 0.147756 0.137612 0 254 0
0.503691 0.152098 0.134869 0 254 0
0.503302 0.156489 0.132215 0 254 0
0.502915 0.160927 0.129641 0 254 0
0.502658 0.165406 0.127122 0 254 0
0.502218 0.169878 0.124622 0 254 0
0.499995 0.168907 0.123493 0 254 0
0.496123 0.167566 0.121697 0 254 0
0.492273 0.16605 0.119992 0 254 0
0.488461 0.164837 0.117992 0 254 0
0.484673 0.16352 0.11601 0 254 0
0.482418 0.164394 0.113694 0 254 0
0.479477 0.165427 0.11034 0 254 0
0.476807 0.16669 0.106837 0 254 0
0.474369 0.168044 0.103196 0 254 0
0.471955 0.169198 0.0994716 0 254 0
0.469557 0.170117 0.0956735 0 254 0
0.467122 0.170871 0.0918629 0 254 0
0.468248 0.170141 0.0940427 0 254 0
0.47045 0.168952 0.0978176 0 254 0
0.472611 0.167631 0.101573 0 254 0
0.475091 0.166564 0.105208 0 254 0
0.477705 0.165378 0.108709 0 254 0
0.480628 0.164575 0.112042 0 254 0
0.482418 0.164394 0.113694 0 254 0
0.486361 0.163267 0.117332 0 254 0
0.490406 0.162132 0.120854 0 254 0
0.494536 0.160901 0.124232 0 254 0
0.498776 0.159714 0.127486 0 254 0
0.498207 0.152171 0.130984 0 254 0
0.497709 0.147655 0.133156 0 254 0
0.497048 0.143172 0.135351 0 254 0
0.496342 0.138709 0.137573 0 254 0
0.495648 0.13428 0.139864 0 254 0
0.495086 0.129876 0.14224 0 254 0
0.49435 0.125426 0.144478 0 254 0
0.493652 0.120956 0.146688 0 254 0
0.492997 0.116425 0.148785 0 254 0
0.492527 0.111839 0.150807 1 253 0
0.492196 0.10718 0.152684 1 253 0
0.491988 0.102501 0.154531 1 253 0
0.491666 0.0976972 0.155998 1 253 0
0.490539 0.0930695 0.156587 1 253 0
0.490704 0.088157 0.157806 1 253 0
0.490594 0.0832088 0.158891 1 253 0
0.490396 0.0782288 0.159804 1 253 0
0.49026 0.0732234 0.160578 1 253 0
0.489917 0.0681889 0.16103 1 253 0
0.489613 0.0631399 0.161329 1 253 0
0.489406 0.058078 0.161416 1 253 0
0.489368 0.0530117 0.161474 1 253 0
0.489345 0.0556786 0.161509 1 253 0
0.489413 0.0610393 0.161405 1 253 0
0.489659 0.0663913 0.161237 1 253 0
0.490127 0.071716 0.160848 1 253 0
0.490664 0.0770151 0.160231 1 253 0
0.491104 0.0823002 0.159448 1 253 0
0.491447 0.0875864 0.158616 1 253 0
0.491842 0.095579 0.156696 1 253 0
0.492051 0.100545 0.155177 1 253 0
0.492651 0.105451 0.15356 1 253 0
0.493182 0.110328 0.151838 1 253 0
0.493695 0.115117 0.149877 1 253 0
0.494367 0.119844 0.147818 1 253 0
0.495247 0.124512 0.1457 1 253 0
0.49617 0.129146 0.143524 1 253 0
0.496942 0.133723 0.141179 1 253 0
0.497781 0.13831 0.138875 1 253 0
0.49854 0.142914 0.136579 1 253 0
0.499425 0.147537 0.13437 1 253 0
0.500156 0.152203 0.132193 1 253 0
0.500083 0.154792 0.130741 1 253 0
0.500631 0.159237 0.128823 1 253 0
0.501036 0.163666 0.126832 1 253 0
0.501162 0.168077 0.124764 1 253 0
0.501113 0.172469 0.122656 1 253 0
0.501161 0.17692 0.120682 1 253 0
0.503617 0.179152 0.121222 1 253 0
0.507022 0.183346 0.121236 1 253 0
0.510679 0.187333 0.121584 1 253 0
0.514485 0.191165 0.122019 1 253 0
0.5182 0.195079 0.122012 1 253 0
0.521936 0.198988 0.121711 1 253 0
0.519895 0.197883 0.121075 1 253 0
0.516554 0.194828 0.120838 1 253 0
0.513184 0.19182 0.120437 1 253 0
0.509976 0.188633 0.120088 1 253 0
0.506732 0.18549 0.119676 2 252 0
0.503504 0.182324 0.119331 2 252 0
0.500774 0.18084 0.118461 2 252 0
0.497345 0.177742 0.117789 2 252 0
0.493846 0.174768 0.116936 2 252 0
0.490645 0.171409 0.116367 2 252 0
0.487337 0.168213 0.115552 2 252 0
0.484142 0.164882 0.11487 2 252 0
0.482418 0.164394 0.113694 2 252 0
0.479824 0.166028 0.110295 2 252 0
0.477122 0.167282 0.106802 2 252 0
0.474679 0.168647 0.103158 2 252 0
0.472015 0.169302 0.0994751 2 252 0
0.469562 0.170115 0.0956802 2 252 0
0.467122 0.170871 0.0918629 2 252 0
0.468248 0.170141 0.0940427 2 252 0
0.47045 0.168952 0.0978176 2 252 0
0.472611 0.167631 0.101573 2 252 0
0.475091 0.166564 0.105208 2 252 0
0.477705 0.165378 0.108709 2 252 0
0.480628 0.164575 0.112042 2 252 0
0.482418 0.164394 0.113694 2 252 0
0.486361 0.163267 0.117332 2 252 0
0.490406 0.162132 0.120854 2 252 0
0.494536 0.160901 0.124232 2 252 0
0.498776 0.159714 0.127486 2 252 0
0.498207 0.152171 0.130984 2 252 0
0.497709 0.147655 0.133156 2 252 0
0.497048 0.143172 0.135351 2 252 0
0.496342 0.138709 0.137573 2 252 0
0.495648 0.13428 0.139864 2 252 0
0.495086 0.129876 0.14224 2 252 0
0.49435 0.125426 0.144478 2 252 0
0.493652 0.120956 0.146688 2 252 0
0.492997 0.116425 0.148785 2 252 0
0.492527 0.111839 0.150807 2 252 0
0.492196 0.10718 0.152684 2 252 0
0.491988 0.102501 0.154531 2 252 0
0.491666 0.0976972 0.155998 2 252 0
0.490539 0.0930695 0.156587 2 252 0
0.490704 0.088157 0.157806 2 252 0
0.490594 0.0832088 0.158891 2 252 0
0.490396 0.0782288 0.159804 2 252 0
0.49026 0.0732234 0.160578 2 252 0
0.489917 0.0681889 0.16103 2 252 0
0.489613 0.0631399 0.161329 2 252 0
0.489406 0.058078 0.161416 2 252 0
0.489368 0.0530117 0.161474 2 252 0
0.489345 0.0556786 0.161509 2 252 0
0.489413 0.0610393 0.161405 3 251 0
0.489659 0.0663913 0.161237 3 251 0
0.490127 0.071716 0.160848 3 251 0
0.490664 0.0770151 0.160231 3 251 0
0.491104 0.0823002 0.159448 3 251 0
0.491447 0.0875864 0.158616 3 251 0
0.491842 0.095579 0.156696 3 251 0
0.492051 0.100545 0.155177 3 251 0
0.492651 0.105451 0.15356 3 251 0
0.493182 0.110328 0.151838 3 251 0
0.493695 0.115117 0.149877 3 251 0
0.494367 0.119844 0.147818 3 251 0
0.495247 0.124512 0.1457 3 251 0
0.49617 0.129146 0.143524 3 251 0
0.496942 0.133723 0.141179 3 251 0
0.497781 0.13831 0.138875 3 251 0
0.49854 0.142914 0.136579 3 251 0
0.499425 0.147537 0.13437 3 251 0
0.500156 0.152203 0.132193 3 251 0
0.500083 0.154792 0.130741 3 251 0
0.500631 0.159237 0.128823 3 251 0
0.501036 0.163666 0.126832 3 251 0
0.501162 0.168077 0.124764 3 251 0
0.501113 0.172469 0.122656 3 251 0
0.501161 0.17692 0.120682 3 251 0
0.503617 0.179152 0.121222 3 251 0
0.507022 0.183346 0.121236 3 251 0
0.510679 0.187333 0.121584 3 251 0
0.514485 0.191165 0.122019 3 251 0
0.5182 0.195079 0.122012 3 251 0
0.521936 0.198988 0.121711 3 251 0
0.516496 0.203057 0.129048 3 251 0
0.581519 0.208926 0.158655 3 251 0
0.583704 0.203863 0.150312 3 251 0
0.585149 0.201561 0.15207 3 251 0
0.587141 0.198185 0.154938 3 251 0
0.588936 0.19479 0.157915 3 251 0
0.59098 0.191685 0.161046 3 251 0
0.593128 0.18861 0.164137 3 251 0
0.595707 0.185822 0.167138 3 251 0
0.59687 0.184068 0.168675 3 251 0
0.599954 0.181324 0.171173 3 251 0
0.602722 0.178318 0.173759 3 251 0
0.605467 0.175226 0.176265 3 251 0
0.608373 0.17215 0.178602 3 251 0
0.61154 0.169204 0.180747 3 251 0
0.615601 0.169875 0.180535 3 251 0
0.620248 0.171064 0.179923 3 251 0
0.624747 0.172677 0.179115 3 251 0
0.629247 0.174315 0.178368 3 251 0
0.633755 0.175957 0.177683 4 250 0
0.638293 0.177585 0.177181 4 250 0
0.642974 0.178752 0.177054 4 250 0
0.640641 0.178003 0.177173 4 250 0
0.636117 0.175925 0.177928 4 250 0
0.631432 0.174161 0.178528 4 250 0
0.626788 0.172376 0.179354 4 250 0
0.622064 0.170799 0.180139 4 250 0
0.617346 0.169234 0.180985 4 250 0
0.61334 0.169177 0.180799 4 250 0
0.608724 0.167501 0.180962 4 250 0
0.604017 0.166078 0.180876 4 250 0
0.599315 0.164792 0.180214 4 250 0
0.594626 0.16387 0.179081 4 250 0
0.589959 0.163024 0.177776 4 250 0
0.589171 0.155619 0.181022 4 250 0
0.588793 0.151084 0.183072 4 250 0
0.588185 0.146523 0.185006 4 250 0
0.587597 0.141976 0.186979 4 250 0
0.587125 0.137445 0.18902 4 250 0
0.58662 0.132905 0.191032 4 250 0
0.586068 0.128339 0.192973 4 250 0
0.585488 0.123739 0.194825 4 250 0
0.584906 0.119111 0.196603 4 250 0
0.58465 0.114445 0.198353 4 250 0
0.584462 0.109724 0.19996 4 250 0
0.584184 0.104991 0.201519 4 250 0
0.583942 0.100201 0.202886 4 250 0
0.582952 0.0948565 0.203653 4 250 0
0.582894 0.0896424 0.204304 4 250 0
0.583069 0.0843866 0.204919 4 250 0
0.58278 0.0791211 0.205398 4 250 0
0.582981 0.0738639 0.206004 4 250 0
0.583242 0.0685999 0.20652 4 250 0
0.582842 0.0633308 0.206848 4 250 0
0.582543 0.0580589 0.20725 4 250 0
0.582425 0.0527788 0.20757 4 250 0
0.582594 0.0579822 0.207316 4 250 0
0.582813 0.0629988 0.20687 4 250 0
0.583249 0.06802 0.206544 4 250 0
0.583464 0.0730531 0.206181 4 250 0
0.583706 0.078078 0.205733 4 250 0
0.584002 0.0831004 0.205288 4 250 0
0.584038 0.088136 0.204901 4 250 0
0.583512 0.0957341 0.203606 4 250 0
0.583291 0.100479 0.202362 4 250 0
0.583122 0.105183 0.200964 4 250 0
0.583142 0.109883 0.199551 4 250 0
0.583321 0.114513 0.197928 4 250 0
0.583486 0.11907 0.196105 5 249 0
0.583708 0.123584 0.194185 5 249 0
0.584119 0.128079 0.19225 5 249 0
0.584388 0.132541 0.190215 5 249 0
0.584863 0.136997 0.188206 5 249 0
0.585359 0.141447 0.186188 5 249 0
0.585665 0.145902 0.184146 5 249 0
0.586065 0.150378 0.18217 5 249 0
0.586479 0.15485 0.180193 5 249 0
0.587278 0.156759 0.179634 5 249 0
0.589003 0.161592 0.17815 5 249 0
0.590539 0.166461 0.176569 5 249 0
0.592525 0.1712 0.175093 5 249 0
0.594289 0.175845 0.173127 5 249 0
0.596347 0.18034 0.171111 5 249 0
0.594881 0.181195 0.170266 5 249 0
0.593186 0.184596 0.16727 5 249 0
0.591405 0.187868 0.164184 5 249 0
0.590188 0.191322 0.161015 5 249 0
0.588693 0.194672 0.157856 5 249 0
0.587084 0.198145 0.154893 5 249 0
0.585149 0.201561 0.15207 5 249 0
0.586741 0.199679 0.153689 5 249 0
0.589249 0.197 0.156372 5 249 0
0.59127 0.19407 0.159235 5 249 0
0.593028 0.191084 0.162217 5 249 0
0.594652 0.187968 0.165143 5 249 0
0.596175 0.184793 0.168057 5 249 0
0.597863 0.184305 0.168704 5 249 0
0.600572 0.181267 0.171331 5 249 0
0.603023 0.178039 0.173992 5 249 0
0.606155 0.175192 0.176371 5 249 0
0.609161 0.172161 0.178679 5 249 0
0.61255 0.169398 0.18073 5 249 0
0.615601 0.169875 0.180535 5 249 0
0.620248 0.171064 0.179923 5 249 0
0.624747 0.172677 0.179115 5 249 0
0.629247 0.174315 0.178368 5 249 0
0.633755 0.175957 0.177683 5 249 0
0.638293 0.177585 0.177181 5 249 0
0.642974 0.178752 0.177054 5 249 0
0.640641 0.178003 0.177173 5 249 0
0.636117 0.175925 0.177928 5 249 0
0.631432 0.174161 0.178528 5 249 0
0.626788 0.172376 0.179354 5 249 0
0.622064 0.170799 0.180139 5 249 0
0.617346 0.169234 0.180985 5 249 0
0.61334 0.169177 0.180799 5 249 0
0.608724 0.167501 0.180962 5 249 0
0.604017 0.166078 0.180876 6 248 0
0.599315 0.164792 0.180214 6 248 0
0.594626 0.16387 0.179081 6 248 0
0.589959 0.163024 0.177776 6 248 0
0.589171 0.155619 0.181022 6 248 0
0.588793 0.151084 0.183072 6 248 0
0.588185 0.146523 0.185006 6 248 0
0.587597 0.141976 0.186979 6 248 0
0.587125 0.137445 0.18902 6 248 0
0.58662 0.132905 0.191032 6 248 0
0.586068 0.128339 0.192973 6 248 0
0.585488 0.123739 0.194825 6 248 0
0.584906 0.119111 0.196603 6 248 0
0.58465 0.114445 0.198353 6 248 0
0.584462 0.109724 0.19996 6 248 0
0.584184 0.104991 0.201519 6 248 0
0.583942 0.100201 0.202886 6 248 0
0.582952 0.0948565 0.203653 6 248 0
0.582894 0.0896424 0.204304 6 248 0
0.583069 0.0843866 0.204919 6 248 0
0.58278 0.0791211 0.205398 6 248 0
0.582981 0.0738639 0.206004 6 248 0
0.583242 0.0685999 0.20652 6 248 0
0.582842 0.0633308 0.206848 6 248 0
0.582543 0.0580589 0.20725 6 248 0
0.582425 0.0527788 0.20757 6 248 0
0.582594 0.0579822 0.207316 6 248 0
0.582813 0.0629988 0.20687 6 248 0
0.583249 0.06802 0.206544 6 248 0
0.583464 0.0730531 0.206181 6 248 0
0.583706 0.078078 0.205733 6 248 0
0.584002 0.0831004 0.205288 6 248 0
0.584038 0.088136 0.204901 6 248 0
0.583512 0.0957341 0.203606 6 248 0
0.583291 0.100479 0.202362 6 248 0
0.583122 0.105183 0.200964 6 248 0
0.583142 0.109883 0.199551 6 248 0
0.583321 0.114513 0.197928 6 248 0
0.583486 0.11907 0.196105 6 248 0
0.583708 0.123584 0.194185 6 248 0
0.584119 0.128079 0.19225 6 248 0
0.584388 0.132541 0.190215 6 248 0
0.584863 0.136997 0.188206 6 248 0
0.585359 0.141447 0.186188 6 248 0
0.585665 0.145902 0.184146 6 248 0
0.586065 0.150378 0.18217 6 248 0
0.586479 0.15485 0.180193 6 248 0
0.587278 0.156759 0.179634 6 248 0
0.589003 0.161592 0.17815 6 248 0
0.590539 0.166461 0.176569 7 247 0
0.592525 0.1712 0.175093 7 247 0
0.594289 0.175845 0.173127 7 247 0
0.596347 0.18034 0.171111 7 247 0
0.594881 0.181195 0.170266 7 247 0
0.593186 0.184596 0.16727 7 247 0
0.591405 0.187868 0.164184 7 247 0
0.590188 0.191322 0.161015 7 247 0
0.588693 0.194672 0.157856 7 247 0
0.587084 0.198145 0.154893 7 247 0
0.585149 0.201561 0.15207 7 247 0
0.582877 0.206412 0.160514 7 247 0
0.518668 0.205435 0.128563 7 247 0
0.524048 0.201369 0.121179 7 247 0
0.510383 0.0892786 0.169202 7 247 0
0.508089 0.0986659 0.165274 7 247 0
0.507377 0.103324 0.163219 7 247 0
0.506934 0.107962 0.161036 7 247 0
0.506377 0.112535 0.158744 7 247 0
0.505903 0.117051 0.156324 7 247 0
0.505517 0.121528 0.153818 7 247 0
0.505171 0.125946 0.151203 7 247 0
0.504882 0.130319 0.148508 7 247 0
0.504708 0.134704 0.145822 7 247 0
0.504513 0.139075 0.143116 7 247 0
0.504265 0.143421 0.140372 7 247 0
0.504009 0.147756 0.137612 7 247 0
0.503691 0.152098 0.134869 7 247 0
0.503302 0.156489 0.132215 7 247 0
0.502915 0.160927 0.129641 7 247 0
0.502658 0.165406 0.127122 7 247 0
0.502218 0.169878 0.124622 7 247 0
0.499995 0.168907 0.123493 7 247 0
0.496123 0.167566 0.121697 7 247 0
0.492273 0.16605 0.119992 7 247 0
0.488461 0.164837 0.117992 7 247 0
0.484673 0.16352 0.11601 7 247 0
0.482418 0.164394 0.113694 7 247 0
0.479477 0.165427 0.11034 7 247 0
0.476807 0.16669 0.106837 7 247 0
0.474369 0.168044 0.103196 7 247 0
0.471955 0.169198 0.0994716 7 247 0
0.469557 0.170117 0.0956735 7 247 0
0.467122 0.170871 0.0918629 7 247 0
0.468248 0.170141 0.0940427 7 247 0
0.47045 0.168952 0.0978176 7 247 0
0.472611 0.167631 0.101573 7 247 0
0.475091 0.166564 0.105208 7 247 0
0.477705 0.165378 0.108709 7 247 0
0.480628 0.164575 0.112042 7 247 0
0.482418 0.164394 0.113694 8 246 0
0.486361 0.163267 0.117332 8 246 0
0.490406 0.162132 0.120854 8 246 0
0.494536 0.160901 0.124232 8 246 0
0.498776 0.159714 0.127486 8 246 0
0.498207 0.152171 0.130984 8 246 0
0.497709 0.147655 0.133156 8 246 0
0.497048 0.143172 0.135351 8 246 0
0.496342 0.138709 0.137573 8 246 0
0.495648 0.13428 0.139864 8 246 0
0.495086 0.129876 0.14224 8 246 0
0.49435 0.125426 0.144478 8 246 0
0.493652 0.120956 0.146688 8 246 0
0.492997 0.116425 0.148785 8 246 0
0.492527 0.111839 0.150807 8 246 0
0.492196 0.10718 0.152684 8 246 0
0.491988 0.102501 0.154531 8 246 0
0.491666 0.0976972 0.155998 8 246 0
0.490539 0.0930695 0.156587 8 246 0
0.490704 0.088157 0.157806 8 246 0
0.490594 0.0832088 0.158891 8 246 0
0.490396 0.0782288 0.159804 8 246 0
0.49026 0.0732234 0.160578 8 246 0
0.489917 0.0681889 0.16103 8 246 0
0.489613 0.0631399 0.161329 8 246 0
0.489406 0.058078 0.161416 8 246 0
0.489368 0.0530117 0.161474 8 246 0
0.489345 0.0556786 0.161509 8 246 0
0.489413 0.0610393 0.161405 8 246 0
0.489659 0.0663913 0.161237 8 246 0
0.490127 0.071716 0.160848 8 246 0
0.490664 0.0770151 0.160231 8 246 0
0.491104 0.0823002 0.159448 8 246 0
0.491447 0.0875864 0.158616 8 246 0
0.491842 0.095579 0.156696 8 246 0
0.492051 0.100545 0.155177 8 246 0
0.492651 0.105451 0.15356 8 246 0
0.493182 0.110328 0.151838 8 246 0
0.493695 0.115117 0.149877 8 246 0
0.494367 0.119844 0.147818 8 246 0
0.495247 0.124512 0.1457 8 246 0
0.49617 0.129146 0.143524 8 246 0
0.496942 0.133723 0.141179 8 246 0
0.497781 0.13831 0.138875 8 246 0
0.49854 0.142914 0.136579 8 246 0
0.499425 0.147537 0.13437 8 246 0
0.500156 0.152203 0.132193 8 246 0
0.500083 0.154792 0.130741 8 246 0
0.500631 0.159237 0.128823 8 246 0
0.501036 0.163666 0.126832 9 245 0
0.501162 0.168077 0.124764 9 245 0
0.501113 0.172469 0.122656 9 245 0
0.501161 0.17692 0.120682 9 245 0
0.503617 0.179152 0.121222 9 245 0
0.507022 0.183346 0.121236 9 245 0
0.510679 0.187333 0.121584 9 245 0
0.514485 0.191165 0.122019 9 245 0
0.5182 0.195079 0.122012 9 245 0
0.521936 0.198988 0.121711 9 245 0
0.519895 0.197883 0.121075 9 245 0
0.516554 0.194828 0.120838 9 245 0
0.513184 0.19182 0.120437 9 245 0
0.509976 0.188633 0.120088 9 245 0
0.506732 0.18549 0.119676 9 245 0
0.503504 0.182324 0.119331 9 245 0
0.500774 0.18084 0.118461 9 245 0
0.497345 0.177742 0.117789 9 245 0
0.493846 0.174768 0.116936 9 245 0
0.490645 0.171409 0.116367 9 245 0
0.487337 0.168213 0.115552 9 245 0
0.484142 0.164882 0.11487 9 245 0
0.482418 0.164394 0.113694 9 245 0
0.479824 0.166028 0.110295 9 245 0
0.477122 0.167282 0.106802 9 245 0
0.474679 0.168647 0.103158 9 245 0
0.472015 0.169302 0.0994751 9 245 0
0.469562 0.170115 0.0956802 9 245 0
0.467122 0.170871 0.0918629 9 245 0
0.468248 0.170141 0.0940427 9 245 0
0.47045 0.168952 0.0978176 9 245 0
0.472611 0.167631 0.101573 9 245 0
0.475091 0.166564 0.105208 9 245 0
0.477705 0.165378 0.108709 9 245 0
0.480628 0.164575 0.112042 9 245 0
0.482418 0.164394 0.113694 9 245 0
0.486361 0.163267 0.117332 9 245 0
0.490406 0.162132 0.120854 9 245 0
0.494536 0.160901 0.124232 9 245 0
0.498776 0.159714 0.127486 9 245 0
0.498207 0.152171 0.130984 9 245 0
0.497709 0.147655 0.133156 9 245 0
0.497048 0.143172 0.135351 9 245 0
0.496342 0.138709 0.137573 9 245 0
0.495648 0.13428 0.139864 9 245 0
0.495086 0.129876 0.14224 9 245 0
0.49435 0.125426 0.144478 9 245 0
0.493652 0.120956 0.146688 9 245 0
0.492997 0.116425 0.148785 9 245 0
0.492527 0.111839 0.150807 10 244 0
0.492196 0.10718 0.152684 10 244 0
0.491988 0.102501 0.154531 10 244 0
0.491666 0.0976972 0.155998 10 244 0
0.490539 0.0930695 0.156587 10 244 0
0.490704 0.088157 0.157806 10 244 0
0.490594 0.0832088 0.158891 10 244 0
0.490396 0.0782288 0.159804 10 244 0
0.49026 0.0732234 0.160578 10 244 0
0.489917 0.0681889 0.16103 10 244 0
0.489613 0.0631399 0.161329 10 244 0
0.489406 0.058078 0.161416 10 244 0
0.489368 0.0530117 0.161474 10 244 0
0.489345 0.0556786 0.161509 10 244 0
0.489413 0.0610393 0.161405 10 244 0
0.489659 0.0663913 0.161237 10 244 0
0.490127 0.071716 0.160848 10 244 0
0.490664 0.0770151 0.160231 10 244 0
0.491104 0.0823002 0.159448 10 244 0
0.491447 0.0875864 0.158616 10 244 0
0.491842 0.095579 0.156696 10 244 0
0.492051 0.100545 0.155177 10 244 0
0.492651 0.105451 0.15356 10 244 0
0.493182 0.110328 0.151838 10 244 0
0.493695 0.115117 0.149877 10 244 0
0.494367 0.119844 0.147818 10 244 0
0.495247 0.124512 0.1457 10 244 0
0.49617 0.129146 0.143524 10 244 0
0.496942 0.133723 0.141179 10 244 0
0.497781 0.13831 0.138875 10 244 0
0.49854 0.142914 0.136579 10 244 0
0.499425 0.147537 0.13437 10 244 0
0.500156 0.152203 0.132193 10 244 0
0.500083 0.154792 0.130741 10 244 0
0.500631 0.159237 0.128823 10 244 0
0.501036 0.163666 0.126832 10 244 0
0.501162 0.168077 0.124764 10 244 0
0.501113 0.172469 0.122656 10 244 0
0.501161 0.17692 0.120682 10 244 0
0.503617 0.179152 0.121222 10 244 0
0.507022 0.183346 0.121236 10 244 0
0.510679 0.187333 0.121584 10 244 0
0.514485 0.191165 0.122019 10 244 0
0.5182 0.195079 0.122012 10 244 0
0.521936 0.198988 0.121711 10 244 0
0.516496 0.203057 0.129048 10 244 0
0.581519 0.208926 0.158655 10 244 0
0.583704 0.203863 0.150312 10 244 0
0.585149 0.201561 0.15207 10 244 0
0.587141 0.198185 0.154938 11 243 0
0.588936 0.19479 0.157915 11 243 0
0.59098 0.191685 0.161046 11 243 0
0.593128 0.18861 0.164137 11 243 0
0.595707 0.185822 0.167138 11 243 0
0.59687 0.184068 0.168675 11 243 0
0.599954 0.181324 0.171173 11 243 0
0.602722 0.178318 0.173759 11 243 0
0.605467 0.175226 0.176265 11 243 0
0.608373 0.17215 0.178602 11 243 0
0.61154 0.169204 0.180747 11 243 0
0.615601 0.169875 0.180535 11 243 0
0.620248 0.171064 0.179923 11 243 0
0.624747 0.172677 0.179115 11 243 0
0.629247 0.174315 0.178368 11 243 0
0.633755 0.175957 0.177683 11 243 0
0.638293 0.177585 0.177181 11 243 0
0.642974 0.178752 0.177054 11 243 0
0.640641 0.178003 0.177173 11 243 0
0.636117 0.175925 0.177928 11 243 0
0.631432 0.174161 0.178528 11 243 0
0.626788 0.172376 0.179354 11 243 0
0.622064 0.170799 0.180139 11 243 0
0.617346 0.169234 0.180985 11 243 0
0.61334 0.169177 0.180799 11 243 0
0.608724 0.167501 0.180962 11 243 0
0.604017 0.166078 0.180876 11 243 0
0.599315 0.164792 0.180214 11 243 0
0.594626 0.16387 0.179081 11 243 0
0.589959 0.163024 0.177776 11 243 0
0.589171 0.155619 0.181022 11 243 0
0.588793 0.151084 0.183072 11 243 0
0.588185 0.146523 0.185006 11 243 0
0.587597 0.141976 0.186979 11 243 0
0.587125 0.137445 0.18902 11 243 0
0.58662 0.132905 0.191032 11 243 0
0.586068 0.128339 0.192973 11 243 0
0.585488 0.123739 0.194825 11 243 0
0.584906 0.119111 0.196603 11 243 0
0.58465 0.114445 0.198353 11 243 0
0.584462 0.109724 0.19996 11 243 0
0.584184 0.104991 0.201519 11 243 0
0.583942 0.100201 0.202886 11 243 0
0.582952 0.0948565 0.203653 11 243 0
0.582894 0.0896424 0.204304 11 243 0
0.583069 0.0843866 0.204919 11 243 0
0.58278 0.0791211 0.205398 11 243 0
0.582981 0.0738639 0.206004 11 243 0
0.583242 0.0685999 0.20652 11 243 0
0.582842 0.0633308 0.206848 11 243 0
0.582543 0.0580589 0.20725 12 242 0
0.582425 0.0527788 0.20757 12 242 0
0.582594 0.0579822 0.207316 12 242 0
0.582813 0.0629988 0.20687 12 242 0
0.583249 0.06802 0.206544 12 242 0
0.583464 0.0730531 0.206181 12 242 0
0.583706 0.078078 0.205733 12 242 0
0.584002 0.0831004 0.205288 12 242 0
0.584038 0.088136 0.204901 12 242 0
0.583512 0.0957341 0.203606 12 242 0
0.583291 0.100479 0.202362 12 242 0
0.583122 0.105183 0.200964 12 242 0
0.583142 0.109883 0.199551 12 242 0
0.583321 0.114513 0.197928 12 242 0
0.583486 0.11907 0.196105 12 242 0
0.583708 0.123584 0.194185 12 242 0
0.584119 0.128079 0.19225 12 242 0
0.584388 0.132541 0.190215 12 242 0
0.584863 0.136997 0.188206 12 242 0
0.585359 0.141447 0.186188 12 242 0
0.585665 0.145902 0.184146 12 242 0
0.586065 0.150378 0.18217 12 242 0
0.586479 0.15485 0.180193 12 242 0
0.587278 0.156759 0.179634 12 242 0
0.589003 0.161592 0.17815 12 242 0
0.590539 0.166461 0.176569 12 242 0
0.592525 0.1712 0.175093 12 242 0
0.594289 0.175845 0.173127 12 242 0
0.596347 0.18034 0.171111 12 242 0
0.594881 0.181195 0.170266 12 242 0
0.593186 0.184596 0.16727 12 242 0
0.591405 0.187868 0.164184 12 242 0
0.590188 0.191322 0.161015 12 242 0
0.588693 0.194672 0.157856 12 242 0
0.587084 0.198145 0.154893 12 242 0
0.585149 0.201561 0.15207 12 242 0
0.586741 0.199679 0.153689 12 242 0
0.589249 0.197 0.156372 12 242 0
0.59127 0.19407 0.159235 12 242 0
0.593028 0.191084 0.162217 12 242 0
0.594652 0.187968 0.165143 12 242 0
0.596175 0.184793 0.168057 12 242 0
0.597863 0.184305 0.168704 12 242 0
0.600572 0.181267 0.171331 12 242 0
0.603023 0.178039 0.173992 12 242 0
0.606155 0.175192 0.176371 12 242 0
0.609161 0.172161 0.178679 12 242 0
0.61255 0.169398 0.18073 12 242 0
0.615601 0.169875 0.180535 12 242 0
0.620248 0.171064 0.179923 13 241 0
0.624747 0.172677 0.179115 13 241 0
0.629247 0.174315 0.178368 13 241 0
0.633755 0.175957 0.177683 13 241 0
0.638293 0.177585 0.177181 13 241 0
0.642974 0.178752 0.177054 13 241 0
0.640641 0.178003 0.177173 13 241 0
0.636117 0.175925 0.177928 13 241 0
0.631432 0.174161 0.178528 13 241 0
0.626788 0.172376 0.179354 13 241 0
0.622064 0.170799 0.180139 13 241 0
0.617346 0.169234 0.180985 13 241 0
0.61334 0.169177 0.180799 13 241 0
0.608724 0.167501 0.180962 13 241 0
0.604017 0.166078 0.180876 13 241 0
0.599315 0.164792 0.180214 13 241 0
0.594626 0.16387 0.179081 13 241 0
0.589959 0.163024 0.177776 13 241 0
0.589171 0.155619 0.181022 13 241 0
0.588793 0.151084 0.183072 13 241 0
0.588185 0.146523 0.185006 13 241 0
0.587597 0.141976 0.186979 13 241 0
0.587125 0.137445 0.18902 13 241 0
0.58662 0.132905 0.191032 13 241 0
0.586068 0.128339 0.192973 13 241 0
0.585488 0.123739 0.194825 13 241 0
0.584906 0.119111 0.196603 13 241 0
0.58465 0.114445 0.198353 13 241 0
0.584462 0.109724 0.19996 13 241 0
0.584184 0.104991 0.201519 13 241 0
0.583942 0.100201 0.202886 13 241 0
0.582952 0.0948565 0.203653 13 241 0
0.582894 0.0896424 0.204304 13 241 0
0.583069 0.0843866 0.204919 13 241 0
0.58278 0.0791211 0.205398 13 241 0
0.582981 0.0738639 0.206004 13 241 0
0.583242 0.0685999 0.20652 13 241 0
0.582842 0.0633308 0.206848 13 241 0
0.582543 0.0580589 0.20725 13 241 0
0.582425 0.0527788 0.20757 13 241 0
0.582594 0.0579822 0.207316 13 241 0
0.582813 0.0629988 0.20687 13 241 0
0.583249 0.06802 0.206544 13 241 0
0.583464 0.0730531 0.206181 13 241 0
0.583706 0.078078 0.205733 13 241 0
0.584002 0.0831004 0.205288 13 241 0
0.584038 0.088136 0.204901 13 241 0
0.583512 0.0957341 0.203606 13 241 0
0.583291 0.100479 0.202362 13 241 0
0.583122 0.105183 0.200964 14 240 0
0.583142 0.109883 0.199551 14 240 0
0.583321 0.114513 0.197928 14 240 0
0.583486 0.11907 0.196105 14 240 0
0.583708 0.123584 0.194185 14 240 0
0.584119 0.128079 0.19225 14 240 0
0.584388 0.132541 0.190215 14 240 0
0.584863 0.136997 0.188206 14 240 0
0.585359 0.141447 0.186188 14 240 0
0.585665 0.145902 0.184146 14 240 0
0.586065 0.150378 0.18217 14 240 0
0.586479 0.15485 0.180193 14 240 0
0.587278 0.156759 0.179634 14 240 0
0.589003 0.161592 0.17815 14 240 0
0.590539 0.166461 0.176569 14 240 0
0.592525 0.1712 0.175093 14 240 0
0.594289 0.175845 0.173127 14 240 0
0.596347 0.18034 0.171111 14 240 0
0.594881 0.181195 0.170266 14 240 0
0.593186 0.184596 0.16727 14 240 0
0.591405 0.187868 0.164184 14 240 0
0.590188 0.191322 0.161015 14 240 0
0.588693 0.194672 0.157856 14 240 0
0.587084 0.198145 0.154893 14 240 0
0.585149 0.201561 0.15207 14 240 0
0.582877 0.206412 0.160514 14 240 0
0.518668 0.205435 0.128563 14 240 0
0.524048 0.201369 0.121179 14 240 0
0.510383 0.0892786 0.169202 14 240 0
0.508089 0.0986659 0.165274 14 240 0
0.507377 0.103324 0.163219 14 240 0
0.506934 0.107962 0.161036 14 240 0
0.506377 0.112535 0.158744 14 240 0
0.505903 0.117051 0.156324 14 240 0
0.505517 0.121528 0.153818 14 240 0
0.505171 0.125946 0.151203 14 240 0
0.504882 0.130319 0.148508 14 240 0
0.504708 0.134704 0.145822 14 240 0
0.504513 0.139075 0.143116 14 240 0
0.504265 0.143421 0.140372 14 240 0
0.504009 0.147756 0.137612 14 240 0
0.503691 0.152098 0.134869 14 240 0
0.503302 0.156489 0.132215 14 240 0
0.502915 0.160927 0.129641 14 240 0
0.502658 0.165406 0.127122 14 240 0
0.502218 0.169878 0.124622 14 240 0
0.499995 0.168907 0.123493 14 240 0
0.496123 0.167566 0.121697 14 240 0
0.492273 0.16605 0.119992 14 240 0
0.488461 0.164837 0.117992 14 240 0
0.484673 0.16352 0.11601 15 239 0
0.482418 0.164394 0.113694 15 239 0
0.479477 0.165427 0.11034 15 239 0
0.476807 0.16669 0.106837 15 239 0
0.474369 0.168044 0.103196 15 239 0
0.471955 0.169198 0.0994716 15 239 0
0.469557 0.170117 0.0956735 15 239 0
0.467122 0.170871 0.0918629 15 239 0
0.468248 0.170141 0.0940427 15 239 0
0.47045 0.168952 0.0978176 15 239 0
0.472611 0.167631 0.101573 15 239 0
0.475091 0.166564 0.105208 15 239 0
0.477705 0.165378 0.108709 15 239 0
0.480628 0.164575 0.112042 15 239 0
0.482418 0.164394 0.113694 15 239 0
0.486361 0.163267 0.117332 15 239 0
0.490406 0.162132 0.120854 15 239 0
0.494536 0.160901 0.124232 15 239 0
0.498776 0.159714 0.127486 15 239 0
0.498207 0.152171 0.130984 15 239 0
0.497709 0.147655 0.133156 15 239 0
0.497048 0.143172 0.135351 15 239 0
0.496342 0.138709 0.137573 15 239 0
0.495648 0.13428 0.139864 15 239 0
0.495086 0.129876 0.14224 15 239 0
0.49435 0.125426 0.144478 15 239 0
0.493652 0.120956 0.146688 15 239 0
0.492997 0.116425 0.148785 15 239 0
0.492527 0.111839 0.150807 15 239 0
0.492196 0.10718 0.152684 15 239 0
0.491988 0.102501 0.154531 15 239 0
0.491666 0.0976972 0.155998 15 239 0
0.490539 0.0930695 0.156587 15 239 0
0.490704 0.088157 0.157806 15 239 0
0.490594 0.0832088 0.158891 15 239 0
0.490396 0.0782288 0.159804 15 239 0
0.49026 0.0732234 0.160578 15 239 0
0.489917 0.0681889 0.16103 15 239 0
0.489613 0.0631399 0.161329 15 239 0
0.489406 0.058078 0.161416 15 239 0
0.489368 0.0530117 0.161474 15 239 0
0.489345 0.0556786 0.161509 15 239 0
0.489413 0.0610393 0.161405 15 239 0
0.489659 0.0663913 0.161237 15 239 0
0.490127 0.071716 0.160848 15 239 0
0.490664 0.0770151 0.160231 15 239 0
0.491104 0.0823002 0.159448 15 239 0
0.491447 0.0875864 0.158616 15 239 0
0.491842 0.095579 0.156696 15 239 0
0.492051 0.100545 0.155177 16 238 0
0.492651 0.105451 0.15356 16 238 0
0.493182 0.110328 0.151838 16 238 0
0.493695 0.115117 0.149877 16 238 0
0.494367 0.119844 0.147818 16 238 0
0.495247 0.124512 0.1457 16 238 0
0.49617 0.129146 0.143524 16 238 0
0.496942 0.133723 0.141179 16 238 0
0.497781 0.13831 0.138875 16 238 0
0.49854 0.142914 0.136579 16 238 0
0.499425 0.147537 0.13437 16 238 0
0.500156 0.152203 0.132193 16 238 0
0.500083 0.154792 0.130741 16 238 0
0.500631 0.159237 0.128823 16 238 0
0.501036 0.163666 0.126832 16 238 0
0.501162 0.168077 0.124764 16 238 0
0.501113 0.172469 0.122656 16 238 0
0.501161 0.17692 0.120682 16 238 0
0.503617 0.179152 0.121222 16 238 0
0.507022 0.183346 0.121236 16 238 0
0.510679 0.187333 0.121584 16 238 0
0.514485 0.191165 0.122019 16 238 0
0.5182 0.195079 0.122012 16 238 0
0.521936 0.198988 0.121711 16 238 0
0.519895 0.197883 0.121075 16 238 0
0.516554 0.194828 0.120838 16 238 0
0.513184 0.19182 0.120437 16 238 0
0.509976 0.188633 0.120088 16 238 0
0.506732 0.18549 0.119676 16 238 0
0.503504 0.182324 0.119331 16 238 0
0.500774 0.18084 0.118461 16 238 0
0.497345 0.177742 0.117789 16 238 0
0.493846 0.174768 0.116936 16 238 0
0.490645 0.171409 0.116367 16 238 0
0.487337 0.168213 0.115552 16 238 0
0.484142 0.164882 0.11487 16 238 0
0.482418 0.164394 0.113694 16 238 0
0.479824 0.166028 0.110295 16 238 0
0.477122 0.167282 0.106802 16 238 0
0.474679 0.168647 0.103158 16 238 0
0.472015 0.169302 0.0994751 16 238 0
0.469562 0.170115 0.0956802 16 238 0
0.467122 0.170871 0.0918629 16 238 0
0.468248 0.170141 0.0940427 16 238 0
0.47045 0.168952 0.0978176 16 238 0
0.472611 0.167631 0.101573 16 238 0
0.475091 0.166564 0.105208 16 238 0
0.477705 0.165378 0.108709 16 238 0
0.480628 0.164575 0.112042 16 238 0
0.482418 0.164394 0.113694 17 237 0
0.486361 0.163267 0.117332 17 237 0
0.490406 0.162132 0.120854 17 237 0
0.494536 0.160901 0.124232 17 237 0
0.498776 0.159714 0.127486 17 237 0
0.498207 0.152171 0.130984 17 237 0
0.497709 0.147655 0.133156 17 237 0
0.497048 0.143172 0.135351 17 237 0
0.496342 0.138709 0.137573 17 237 0
0.495648 0.13428 0.139864 17 237 0
0.495086 0.129876 0.14224 17 237 0
0.49435 0.125426 0.144478 17 237 0
0.493652 0.120956 0.146688 17 237 0
0.492997 0.116425 0.148785 17 237 0
0.492527 0.111839 0.150807 17 237 0
0.492196 0.10718 0.152684 17 237 0
0.491988 0.102501 0.154531 17 237 0
0.491666 0.0976972 0.155998 17 237 0
0.490539 0.0930695 0.156587 17 237 0
0.490704 0.088157 0.157806 17 237 0
0.490594 0.0832088 0.158891 17 237 0
0.490396 0.0782288 0.159804 17 237 0
0.49026 0.0732234 0.160578 17 237 0
0.489917 0.0681889 0.16103 17 237 0
0.489613 0.0631399 0.161329 17 237 0
0.489406 0.058078 0.161416 17 237 0
0.489368 0.0530117 0.161474 17 237 0
0.489345 0.0556786 0.161509 17 237 0
0.489413 0.0610393 0.161405 17 237 0
0.489659 0.0663913 0.161237 17 237 0
0.490127 0.071716 0.160848 17 237 0
0.490664 0.0770151 0.160231 17 237 0
0.491104 0.0823002 0.159448 17 237 0
0.491447 0.0875864 0.158616 17 237 0
0.491842 0.095579 0.156696 17 237 0
0.492051 0.100545 0.155177 17 237 0
0.492651 0.105451 0.15356 17 237 0
0.493182 0.110328 0.151838 17 237 0
0.493695 0.115117 0.149877 17 237 0
0.494367 0.119844 0.147818 17 237 0
0.495247 0.124512 0.1457 17 237 0
0.49617 0.129146 0.143524 17 237 0
0.496942 0.133723 0.141179 17 237 0
0.497781 0.13831 0.138875 17 237 0
0.49854 0.142914 0.136579 17 237 0
0.499425 0.147537 0.13437 17 237 0
0.500156 0.152203 0.132193 17 237 0
0.500083 0.154792 0.130741 17 237 0
0.500631 0.159237 0.128823 17 237 0
0.501036 0.163666 0.126832 18 236 0
0.501162 0.168077 0.124764 18 236 0
0.501113 0.172469 0.122656 18 236 0
0.501161 0.17692 0.120682 18 236 0
0.503617 0.179152 0.121222 18 236 0
0.507022 0.183346 0.121236 18 236 0
0.510679 0.187333 0.121584 18 236 0
0.514485 0.191165 0.122019 18 236 0
0.5182 0.195079 0.122012 18 236 0
0.521936 0.198988 0.121711 18 236 0
0.516496 0.203057 0.129048 18 236 0
0.581519 0.208926 0.158655 18 236 0
0.583704 0.203863 0.150312 18 236 0
0.585149 0.201561 0.15207 18 236 0
0.587141 0.198185 0.154938 18 236 0
0.588936 0.19479 0.157915 18 236 0
0.59098 0.191685 0.161046 18 236 0
0.593128 0.18861 0.164137 18 236 0
0.595707 0.185822 0.167138 18 236 0
0.59687 0.184068 0.168675 18 236 0
0.599954 0.181324 0.171173 18 236 0
0.602722 0.178318 0.173759 18 236 0
0.605467 0.175226 0.176265 18 236 0
0.608373 0.17215 0.178602 18 236 0
0.61154 0.169204 0.180747 18 236 0
0.615601 0.169875 0.180535 18 236 0
0.620248 0.171064 0.179923 18 236 0
0.624747 0.172677 0.179115 18 236 0
0.629247 0.174315 0.178368 18 236 0
0.633755 0.175957 0.177683 18 236 0
0.638293 0.177585 0.177181 18 236 0
0.642974 0.178752 0.177054 18 236 0
0.640641 0.178003 0.177173 18 236 0
0.636117 0.175925 0.177928 18 236 0
0.631432 0.174161 0.178528 18 236 0
0.626788 0.172376 0.179354 18 236 0
0.622064 0.170799 0.180139 18 236 0
0.617346 0.169234 0.180985 18 236 0
0.61334 0.169177 0.180799 18 236 0
0.608724 0.167501 0.180962 18 236 0
0.604017 0.166078 0.180876 18 236 0
0.599315 0.164792 0.180214 18 236 0
0.594626 0.16387 0.179081 18 236 0
0.589959 0.163024 0.177776 18 236 0
0.589171 0.155619 0.181022 18 236 0
0.588793 0.151084 0.183072 18 236 0
0.588185 0.146523 0.185006 18 236 0
0.587597 0.141976 0.186979 18 236 0
0.587125 0.137445 0.18902 18 236 0
0.58662 0.132905 0.191032 18 236 0
0.586068 0.128339 0.192973 19 235 0
0.585488 0.123739 0.194825 19 235 0
0.584906 0.119111 0.196603 19 235 0
0.58465 0.114445 0.198353 19 235 0
0.584462 0.109724 0.19996 19 235 0
0.584184 0.104991 0.201519 19 235 0
0.583942 0.100201 0.202886 19 235 0
0.582952 0.0948565 0.203653 19 235 0
0.582894 0.0896424 0.204304 19 235 0
0.583069 0.0843866 0.204919 19 235 0
0.58278 0.0791211 0.205398 19 235 0
0.582981 0.0738639 0.206004 19 235 0
0.583242 0.0685999 0.20652 19 235 0
0.582842 0.0633308 0.206848 19 235 0
0.582543 0.0580589 0.20725 19 235 0
0.582425 0.0527788 0.20757 19 235 0
0.582594 0.0579822 0.207316 19 235 0
0.582813 0.0629988 0.20687 19 235 0
0.583249 0.06802 0.206544 19 235 0
0.583464 0.0730531 0.206181 19 235 0
0.583706 0.078078 0.205733 19 235 0
0.584002 0.0831004 0.205288 19 235 0
0.584038 0.088136 0.204901 19 235 0
0.583512 0.0957341 0.203606 19 235 0
0.583291 0.100479 0.202362 19 235 0
0.583122 0.105183 0.200964 19 235 0
0.583142 0.109883 0.199551 19 235 0
0.583321 0.114513 0.197928 19 235 0
0.583486 0.11907 0.196105 19 235 0
0.583708 0.123584 0.194185 19 235 0
0.584119 0.128079 0.19225 19 235 0
0.584388 0.132541 0.190215 19 235 0
0.584863 0.136997 0.188206 19 235 0
0.585359 0.141447 0.186188 19 235 0
0.585665 0.145902 0.184146 19 235 0
0.586065 0.150378 0.18217 19 235 0
0.586479 0.15485 0.180193 19 235 0
0.587278 0.156759 0.179634 19 235 0
0.589003 0.161592 0.17815 19 235 0
0.590539 0.166461 0.176569 19 235 0
0.592525 0.1712 0.175093 19 235 0
0.594289 0.175845 0.173127 19 235 0
0.596347 0.18034 0.171111 19 235 0
0.594881 0.181195 0.170266 19 235 0
0.593186 0.184596 0.16727 19 235 0
0.591405 0.187868 0.164184 19 235 0
0.590188 0.191322 0.161015 19 235 0
0.588693 0.194672 0.157856 19 235 0
0.587084 0.198145 0.154893 19 235 0
0.585149 0.201561 0.15207 20 234 0
0.586741 0.199679 0.153689 20 234 0
0.589249 0.197 0.156372 20 234 0
0.59127 0.19407 0.159235 20 234 0
0.593028 0.191084 0.162217 20 234 0
0.594652 0.187968 0.165143 20 234 0
0.596175 0.184793 0.168057 20 234 0
0.597863 0.184305 0.168704 20 234 0
0.600572 0.181267 0.171331 20 234 0
0.603023 0.178039 0.173992 20 234 0
0.606155 0.175192 0.176371 20 234 0
0.609161 0.172161 0.178679 20 234 0
0.61255 0.169398 0.18073 20 234 0
0.615601 0.169875 0.180535 20 234 0
0.620248 0.171064 0.179923 20 234 0
0.624747 0.172677 0.179115 20 234 0
0.629247 0.174315 0.178368 20 234 0
0.633755 0.175957 0.177683 20 234 0
0.638293 0.177585 0.177181 20 234 0
0.642974 0.178752 0.177054 20 234 0
0.640641 0.178003 0.177173 20 234 0
0.636117 0.175925 0.177928 20 234 0
0.631432 0.174161 0.178528 20 234 0
0.626788 0.172376 0.179354 20 234 0
0.622064 0.170799 0.180139 20 234 0
0.617346 0.169234 0.180985 20 234 0
0.61334 0.169177 0.180799 20 234 0
0.608724 0.167501 0.180962 20 234 0
0.604017 0.166078 0.180876 20 234 0
0.599315 0.164792 0.180214 20 234 0
0.594626 0.16387 0.179081 20 234 0
0.589959 0.163024 0.177776 20 234 0
0.589171 0.155619 0.181022 20 234 0
0.588793 0.151084 0.183072 20 234 0
0.588185 0.146523 0.185006 20 234 0
0.587597 0.141976 0.186979 20 234 0
0.587125 0.137445 0.18902 20 234 0
0.58662 0.132905 0.191032 20 234 0
0.586068 0.128339 0.192973 20 234 0
0.585488 0.123739 0.194825 20 234 0
0.584906 0.119111 0.196603 20 234 0
0.58465 0.114445 0.198353 20 234 0
0.584462 0.109724 0.19996 20 234 0
0.584184 0.104991 0.201519 20 234 0
0.583942 0.100201 0.202886 20 234 0
0.582952 0.0948565 0.203653 20 234 0
0.582894 0.0896424 0.204304 20 234 0
0.583069 0.0843866 0.204919 20 234 0
0.58278 0.0791211 0.205398 20 234 0
0.582981 0.0738639 0.206004 21 233 0
0.583242 0.0685999 0.20652 21 233 0
0.582842 0.0633308 0.206848 21 233 0
0.582543 0.0580589 0.20725 21 233 0
0.582425 0.0527788 0.20757 21 233 0
0.582594 0.0579822 0.207316 21 233 0
0.582813 0.0629988 0.20687 21 233 0
0.583249 0.06802 0.206544 21 233 0
0.583464 0.0730531 0.206181 21 233 0
0.583706 0.078078 0.205733 21 233 0
0.584002 0.0831004 0.205288 21 233 0
0.584038 0.088136 0.204901 21 233 0
0.583512 0.0957341 0.203606 21 233 0
0.583291 0.100479 0.202362 21 233 0
0.583122 0.105183 0.200964 21 233 0
0.583142 0.109883 0.199551 21 233 0
0.583321 0.114513 0.197928 21 233 0
0.583486 0.11907 0.196105 21 233 0
0.583708 0.123584 0.194185 21 233 0
0.584119 0.128079 0.19225 21 233 0
0.584388 0.132541 0.190215 21 233 0
0.584863 0.136997 0.188206 21 233 0
0.585359 0.141447 0.186188 21 233 0
0.585665 0.145902 0.184146 21 233 0
0.586065 0.150378 0.18217 21 233 0
0.586479 0.15485 0.180193 21 233 0
0.587278 0.156759 0.179634 21 233 0
0.589003 0.161592 0.17815 21 233 0
0.590539 0.166461 0.176569 21 233 0
0.592525 0.1712 0.175093 21 233 0
0.594289 0.175845 0.173127 21 233 0
0.596347 0.18034 0.171111 21 233 0
0.594881 0.181195 0.170266 21 233 0
0.593186 0.184596 0.16727 21 233 0
0.591405 0.187868 0.164184 21 233 0
0.590188 0.191322 0.161015 21 233 0
0.588693 0.194672 0.157856 21 233 0
0.587084 0.198145 0.154893 21 233 0
0.585149 0.201561 0.15207 21 233 0
0.582877 0.206412 0.160514 21 233 0
0.518668 0.205435 0.128563 21 233 0
0.524048 0.201369 0.121179 21 233 0
0.510383 0.0892786 0.169202 21 233 0
0.508089 0.0986659 0.165274 21 233 0
0.507377 0.103324 0.163219 21 233 0
0.506934 0.107962 0.161036 21 233 0
0.506377 0.112535 0.158744 21 233 0
0.505903 0.117051 0.156324 21 233 0
0.505517 0.121528 0.153818 21 233 0
0.505171 0.125946 0.151203 22 232 0
0.504882 0.130319 0.148508 22 232 0
0.504708 0.134704 0.145822 22 232 0
0.504513 0.139075 0.143116 22 232 0
0.504265 0.143421 0.140372 22 232 0
0.504009 0.147756 0.137612 22 232 0
0.503691 0.152098 0.134869 22 232 0
0.503302 0.156489 0.132215 22 232 0
0.502915 0.160927 0.129641 22 232 0
0.502658 0.165406 0.127122 22 232 0
0.502218 0.169878 0.124622 22 232 0
0.499995 0.168907 0.123493 22 232 0
0.496123 0.167566 0.121697 22 232 0
0.492273 0.16605 0.119992 22 232 0
0.488461 0.164837 0.117992 22 232 0
0.484673 0.16352 0.11601 22 232 0
0.482418 0.164394 0.113694 22 232 0
0.479477 0.165427 0.11034 22 232 0
0.476807 0.16669 0.106837 22 232 0
0.474369 0.168044 0.103196 22 232 0
0.471955 0.169198 0.0994716 22 232 0
0.469557 0.170117 0.0956735 22 232 0
0.467122 0.170871 0.0918629 22 232 0
0.468248 0.170141 0.0940427 22 232 0
0.47045 0.168952 0.0978176 22 232 0
0.472611 0.167631 0.101573 22 232 0
0.475091 0.166564 0.105208 22 232 0
0.477705 0.165378 0.108709 22 232 0
0.480628 0.164575 0.112042 22 232 0
0.482418 0.164394 0.113694 22 232 0
0.486361 0.163267 0.117332 22 232 0
0.490406 0.162132 0.120854 22 232 0
0.494536 0.160901 0.124232 22 232 0
0.498776 0.159714 0.127486 22 232 0
0.498207 0.152171 0.130984 22 232 0
0.497709 0.147655 0.133156 22 232 0
0.497048 0.143172 0.135351 22 232 0
0.496342 0.138709 0.137573 22 232 0
0.495648 0.13428 0.139864 22 232 0
0.495086 0.129876 0.14224 22 232 0
0.49435 0.125426 0.144478 22 232 0
0.493652 0.120956 0.146688 22 232 0
0.492997 0.116425 0.148785 22 232 0
0.492527 0.111839 0.150807 22 232 0
0.492196 0.10718 0.152684 22 232 0
0.491988 0.102501 0.154531 22 232 0
0.491666 0.0976972 0.155998 22 232 0
0.490539 0.0930695 0.156587 22 232 0
0.490704 0.088157 0.157806 22 232 0
0.490594 0.0832088 0.158891 22 232 0
0.490396 0.0782288 0.159804 23 231 0
0.49026 0.0732234 0.160578 23 231 0
0.489917 0.0681889 0.16103 23 231 0
0.489613 0.0631399 0.161329 23 231 0
0.489406 0.058078 0.161416 23 231 0
0.489368 0.0530117 0.161474 23 231 0
0.489345 0.0556786 0.161509 23 231 0
0.489413 0.0610393 0.161405 23 231 0
0.489659 0.0663913 0.161237 23 231 0
0.490127 0.071716 0.160848 23 231 0
0.490664 0.0770151 0.160231 23 231 0
0.491104 0.0823002 0.159448 23 231 0
0.491447 0.0875864 0.158616 23 231 0
0.491842 0.095579 0.156696 23 231 0
0.492051 0.100545 0.155177 23 231 0
0.492651 0.105451 0.15356 23 231 0
0.493182 0.110328 0.151838 23 231 0
0.493695 0.115117 0.149877 23 231 0
0.494367 0.119844 0.147818 23 231 0
0.495247 0.124512 0.1457 23 231 0
0.49617 0.129146 0.143524 23 231 0
0.496942 0.133723 0.141179 23 231 0
0.497781 0.13831 0.138875 23 231 0
0.49854 0.142914 0.136579 23 231 0
0.499425 0.147537 0.13437 23 231 0
0.500156 0.152203 0.132193 23 231 0
0.500083 0.154792 0.130741 23 231 0
0.500631 0.159237 0.128823 23 231 0
0.501036 0.163666 0.126832 23 231 0
0.501162 0.168077 0.124764 23 231 0
0.501113 0.172469 0.122656 23 231 0
0.501161 0.17692 0.120682 23 231 0
0.503617 0.179152 0.121222 23 231 0
0.507022 0.183346 0.121236 23 231 0
0.510679 0.187333 0.121584 23 231 0
0.514485 0.191165 0.122019 23 231 0
0.5182 0.195079 0.122012 23 231 0
0.521936 0.198988 0.121711 23 231 0
0.519895 0.197883 0.121075 23 231 0
0.516554 0.194828 0.120838 23 231 0
0.513184 0.19182 0.120437 23 231 0
0.509976 0.188633 0.120088 23 231 0
0.506732 0.18549 0.119676 23 231 0
0.503504 0.182324 0.119331 23 231 0
0.500774 0.18084 0.118461 23 231 0
0.497345 0.177742 0.117789 23 231 0
0.493846 0.174768 0.116936 23 231 0
0.490645 0.171409 0.116367 23 231 0
0.487337 0.168213 0.115552 23 231 0
0.484142 0.164882 0.11487 24 230 0
0.482418 0.164394 0.113694 24 230 0
0.479824 0.166028 0.110295 24 230 0
0.477122 0.167282 0.106802 24 230 0
0.474679 0.168647 0.103158 24 230 0
0.472015 0.169302 0.0994751 24 230 0
0.469562 0.170115 0.0956802 24 230 0
0.467122 0.170871 0.0918629 24 230 0
0.468248 0.170141 0.0940427 24 230 0
0.47045 0.168952 0.0978176 24 230 0
0.472611 0.167631 0.101573 24 230 0
0.475091 0.166564 0.105208 24 230 0
0.477705 0.165378 0.108709 24 230 0
0.480628 0.164575 0.112042 24 230 0
0.482418 0.164394 0.113694 24 230 0
0.486361 0.163267 0.117332 24 230 0
0.490406 0.162132 0.120854 24 230 0
0.494536 0.160901 0.124232 24 230 0
0.498776 0.159714 0.127486 24 230 0
0.498207 0.152171 0.130984 24 230 0
0.497709 0.147655 0.133156 24 230 0
0.497048 0.143172 0.135351 24 230 0
0.496342 0.138709 0.137573 24 230 0
0.495648 0.13428 0.139864 24 230 0
0.495086 0.129876 0.14224 24 230 0
0.49435 0.125426 0.144478 24 230 0
0.493652 0.120956 0.146688 24 230 0
0.492997 0.116425 0.148785 24 230 0
0.492527 0.111839 0.150807 24 230 0
0.492196 0.10718 0.152684 24 230 0
0.491988 0.102501 0.154531 24 230 0
0.491666 0.0976972 0.155998 24 230 0
0.490539 0.0930695 0.156587 24 230 0
0.490704 0.088157 0.157806 24 230 0
0.490594 0.0832088 0.158891 24 230 0
0.490396 0.0782288 0.159804 24 230 0
0.49026 0.0732234 0.160578 24 230 0
0.489917 0.0681889 0.16103 24 230 0
0.489613 0.0631399 0.161329 24 230 0
0.489406 0.058078 0.161416 24 230 0
0.489368 0.0530117 0.161474 24 230 0
0.489345 0.0556786 0.161509 24 230 0
0.489413 0.0610393 0.161405 24 230 0
0.489659 0.0663913 0.161237 24 230 0
0.490127 0.071716 0.160848 24 230 0
0.490664 0.0770151 0.160231 24 230 0
0.491104 0.0823002 0.159448 24 230 0
0.491447 0.0875864 0.158616 24 230 0
0.491842 0.095579 0.156696 24 230 0
0.492051 0.100545 0.155177 25 229 0
0.492651 0.105451 0.15356 25 229 0
0.493182 0.110328 0.151838 25 229 0
0.493695 0.115117 0.149877 25 229 0
0.494367 0.119844 0.147818 25 229 0
0.495247 0.124512 0.1457 25 229 0
0.49617 0.129146 0.143524 25 229 0
0.496942 0.133723 0.141179 25 229 0
0.497781 0.13831 0.138875 25 229 0
0.49854 0.142914 0.136579 25 229 0
0.499425 0.147537 0.13437 25 229 0
0.500156 0.152203 0.132193 25 229 0
0.500083 0.154792 0.130741 25 229 0
0.500631 0.159237 0.128823 25 229 0
0.501036 0.163666 0.126832 25 229 0
0.501162 0.168077 0.124764 25 229 0
0.501113 0.172469 0.122656 25 229 0
0.501161 0.17692 0.120682 25 229 0
0.503617 0.179152 0.121222 25 229 0
0.507022 0.183346 0.121236 25 229 0
0.510679 0.187333 0.121584 25 229 0
0.514485 0.191165 0.122019 25 229 0
0.5182 0.195079 0.122012 25 229 0
0.521936 0.198988 0.121711 25 229 0
0.516496 0.203057 0.129048 25 229 0
0.581519 0.208926 0.158655 25 229 0
0.583704 0.203863 0.150312 25 229 0
0.585149 0.201561 0.15207 25 229 0
0.587141 0.198185 0.154938 25 229 0
0.588936 0.19479 0.157915 25 229 0
0.59098 0.191685 0.161046 25 229 0
0.593128 0.18861 0.164137 25 229 0
0.595707 0.185822 0.167138 25 229 0
0.59687 0.184068 0.168675 25 229 0
0.599954 0.181324 0.171173 25 229 0
0.602722 0.178318 0.173759 25 229 0
0.605467 0.175226 0.176265 25 229 0
0.608373 0.17215 0.178602 25 229 0
0.61154 0.169204 0.180747 25 229 0
0.615601 0.169875 0.180535 25 229 0
0.620248 0.171064 0.179923 25 229 0
0.624747 0.172677 0.179115 25 229 0
0.629247 0.174315 0.178368 25 229 0
0.633755 0.175957 0.177683 25 229 0
0.638293 0.177585 0.177181 25 229 0
0.642974 0.178752 0.177054 25 229 0
0.640641 0.178003 0.177173 25 229 0
0.636117 0.175925 0.177928 25 229 0
0.631432 0.174161 0.178528 25 229 0
0.626788 0.172376 0.179354 25 229 0
0.622064 0.170799 0.180139 26 228 0
0.617346 0.169234 0.180985 26 228 0
0.61334 0.169177 0.180799 26 228 0
0.608724 0.167501 0.180962 26 228 0
0.604017 0.166078 0.180876 26 228 0
0.599315 0.164792 0.180214 26 228 0
0.594626 0.16387 0.179081 26 228 0
0.589959 0.163024 0.177776 26 228 0
0.589171 0.155619 0.181022 26 228 0
0.588793 0.151084 0.183072 26 228 0
0.588185 0.146523 0.185006 26 228 0
0.587597 0.141976 0.186979 26 228 0
0.587125 0.137445 0.18902 26 228 0
0.58662 0.132905 0.191032 26 228 0
0.586068 0.128339 0.192973 26 228 0
0.585488 0.123739 0.194825 26 228 0
0.584906 0.119111 0.196603 26 228 0
0.58465 0.114445 0.198353 26 228 0
0.584462 0.109724 0.19996 26 228 0
0.584184 0.104991 0.201519 26 228 0
0.583942 0.100201 0.202886 26 228 0
0.582952 0.0948565 0.203653 26 228 0
0.582894 0.0896424 0.204304 26 228 0
0.583069 0.0843866 0.204919 26 228 0
0.58278 0.0791211 0.205398 26 228 0
0.582981 0.0738639 0.206004 26 228 0
0.583242 0.0685999 0.20652 26 228 0
0.582842 0.0633308 0.206848 26 228 0
0.582543 0.0580589 0.20725 26 228 0
0.582425 0.0527788 0.20757 26 228 0
0.582594 0.0579822 0.207316 26 228 0
0.582813 0.0629988 0.20687 26 228 0
0.583249 0.06802 0.206544 26 228 0
0.583464 0.0730531 0.206181 26 228 0
0.583706 0.078078 0.205733 26 228 0
0.584002 0.0831004 0.205288 26 228 0
0.584038 0.088136 0.204901 26 228 0
0.583512 0.0957341 0.203606 26 228 0
0.583291 0.100479 0.202362 26 228 0
0.583122 0.105183 0.200964 26 228 0
0.583142 0.109883 0.199551 26 228 0
0.583321 0.114513 0.197928 26 228 0
0.583486 0.11907 0.196105 26 228 0
0.583708 0.123584 0.194185 26 228 0
0.584119 0.128079 0.19225 26 228 0
0.584388 0.132541 0.190215 26 228 0
0.584863 0.136997 0.188206 26 228 0
0.585359 0.141447 0.186188 26 228 0
0.585665 0.145902 0.184146 26 228 0
0.586065 0.150378 0.18217 27 227 0
0.586479 0.15485 0.180193 27 227 0
0.587278 0.156759 0.179634 27 227 0
0.589003 0.161592 0.17815 27 227 0
0.590539 0.166461 0.176569 27 227 0
0.592525 0.1712 0.175093 27 227 0
0.594289 0.175845 0.173127 27 227 0
0.596347 0.18034 0.171111 27 227 0
0.594881 0.181195 0.170266 27 227 0
0.593186 0.184596 0.16727 27 227 0
0.591405 0.187868 0.164184 27 227 0
0.590188 0.191322 0.161015 27 227 0
0.588693 0.194672 0.157856 27 227 0
0.587084 0.198145 0.154893 27 227 0
0.585149 0.201561 0.15207 27 227 0
0.586741 0.199679 0.153689 27 227 0
0.589249 0.197 0.156372 27 227 0
0.59127 0.19407 0.159235 27 227 0
0.593028 0.191084 0.162217 27 227 0
0.594652 0.187968 0.165143 27 227 0
0.596175 0.184793 0.168057 27 227 0
0.597863 0.184305 0.168704 27 227 0
0.600572 0.181267 0.171331 27 227 0
0.603023 0.178039 0.173992 27 227 0
0.606155 0.175192 0.176371 27 227 0
0.609161 0.172161 0.178679 27 227 0
0.61255 0.169398 0.18073 27 227 0
0.615601 0.169875 0.180535 27 227 0
0.620248 0.171064 0.179923 27 227 0
0.624747 0.172677 0.179115 27 227 0
0.629247 0.174315 0.178368 27 227 0
0.633755 0.175957 0.177683 27 227 0
0.638293 0.177585 0.177181 27 227 0
0.642974 0.178752 0.177054 27 227 0
0.640641 0.178003 0.177173 27 227 0
0.636117 0.175925 0.177928 27 227 0
0.631432 0.174161 0.178528 27 227 0
0.626788 0.172376 0.179354 27 227 0
0.622064 0.170799 0.180139 27 227 0
0.617346 0.169234 0.180985 27 227 0
0.61334 0.169177 0.180799 27 227 0
0.608724 0.167501 0.180962 27 227 0
0.604017 0.166078 0.180876 27 227 0
0.599315 0.164792 0.180214 27 227 0
0.594626 0.16387 0.179081 27 227 0
0.589959 0.163024 0.177776 27 227 0
0.589171 0.155619 0.181022 27 227 0
0.588793 0.151084 0.183072 27 227 0
0.588185 0.146523 0.185006 27 227 0
0.587597 0.141976 0.186979 28 226 0
0.587125 0.137445 0.18902 28 226 0
0.58662 0.132905 0.191032 28 226 0
0.586068 0.128339 0.192973 28 226 0
0.585488 0.123739 0.194825 28 226 0
0.584906 0.119111 0.196603 28 226 0
0.58465 0.114445 0.198353 28 226 0
0.584462 0.109724 0.19996 28 226 0
0.584184 0.104991 0.201519 28 226 0
0.583942 0.100201 0.202886 28 226 0
0.582952 0.0948565 0.203653 28 226 0
0.582894 0.0896424 0.204304 28 226 0
0.583069 0.0843866 0.204919 28 226 0
0.58278 0.0791211 0.205398 28 226 0
0.582981 0.0738639 0.206004 28 226 0
0.583242 0.0685999 0.20652 28 226 0
0.582842 0.0633308 0.206848 28 226 0
0.582543 0.0580589 0.20725 28 226 0
0.582425 0.0527788 0.20757 28 226 0
0.582594 0.0579822 0.207316 28 226 0
0.582813 0.0629988 0.20687 28 226 0
0.583249 0.06802 0.206544 28 226 0
0.583464 0.0730531 0.206181 28 226 0
0.583706 0.078078 0.205733 28 226 0
0.584002 0.0831004 0.205288 28 226 0
0.584038 0.088136 0.204901 28 226 0
0.583512 0.0957341 0.203606 28 226 0
0.583291 0.100479 0.202362 28 226 0
0.583122 0.105183 0.200964 28 226 0
0.583142 0.109883 0.199551 28 226 0
0.583321 0.114513 0.197928 28 226 0
0.583486 0.11907 0.196105 28 226 0
0.583708 0.123584 0.194185 28 226 0
0.584119 0.128079 0.19225 28 226 0
0.584388 0.132541 0.190215 28 226 0
0.584863 0.136997 0.188206 28 226 0
0.585359 0.141447 0.186188 28 226 0
0.585665 0.145902 0.184146 28 226 0
0.586065 0.150378 0.18217 28 226 0
0.586479 0.15485 0.180193 28 226 0
0.587278 0.156759 0.179634 28 226 0
0.589003 0.161592 0.17815 28 226 0
0.590539 0.166461 0.176569 28 226 0
0.592525 0.1712 0.175093 28 226 0
0.594289 0.175845 0.173127 28 226 0
0.596347 0.18034 0.171111 28 226 0
0.594881 0.181195 0.170266 28 226 0
0.593186 0.184596 0.16727 28 226 0
0.591405 0.187868 0.164184 28 226 0
0.590188 0.191322 0.161015 29 225 0
0.588693 0.194672 0.157856 29 225 0
0.587084 0.198145 0.154893 29 225 0
0.585149 0.201561 0.15207 29 225 0
0.582877 0.206412 0.160514 29 225 0
0.518668 0.205435 0.128563 29 225 0
0.524048 0.201369 0.121179 29 225 0
0.510383 0.0892786 0.169202 29 225 0
0.508089 0.0986659 0.165274 29 225 0
0.507377 0.103324 0.163219 29 225 0
0.506934 0.107962 0.161036 29 225 0
0.506377 0.112535 0.158744 29 225 0
0.505903 0.117051 0.156324 29 225 0
0.505517 0.121528 0.153818 29 225 0
0.505171 0.125946 0.151203 29 225 0
0.504882 0.130319 0.148508 29 225 0
0.504708 0.134704 0.145822 29 225 0
0.504513 0.139075 0.143116 29 225 0
0.504265 0.143421 0.140372 29 225 0
0.504009 0.147756 0.137612 29 225 0
0.503691 0.152098 0.134869 29 225 0
0.503302 0.156489 0.132215 29 225 0
0.502915 0.160927 0.129641 29 225 0
0.502658 0.165406 0.127122 29 225 0
0.502218 0.169878 0.124622 29 225 0
0.499995 0.168907 0.123493 29 225 0
0.496123 0.167566 0.121697 29 225 0
0.492273 0.16605 0.119992 29 225 0
0.488461 0.164837 0.117992 29 225 0
0.484673 0.16352 0.11601 29 225 0
0.482418 0.164394 0.113694 29 225 0
0.479477 0.165427 0.11034 29 225 0
0.476807 0.16669 0.106837 29 225 0
0.474369 0.168044 0.103196 29 225 0
0.471955 0.169198 0.0994716 29 225 0
0.469557 0.170117 0.0956735 29 225 0
0.467122 0.170871 0.0918629 29 225 0
0.468248 0.170141 0.0940427 29 225 0
0.47045 0.168952 0.0978176 29 225 0
0.472611 0.167631 0.101573 29 225 0
0.475091 0.166564 0.105208 29 225 0
0.477705 0.165378 0.108709 29 225 0
0.480628 0.164575 0.112042 29 225 0
0.482418 0.164394 0.113694 29 225 0
0.486361 0.163267 0.117332 29 225 0
0.490406 0.162132 0.120854 29 225 0
0.494536 0.160901 0.124232 29 225 0
0.498776 0.159714 0.127486 29 225 0
0.498207 0.152171 0.130984 29 225 0
0.497709 0.147655 0.133156 29 225 0
0.497048 0.143172 0.135351 30 224 0
0.496342 0.138709 0.137573 30 224 0
0.495648 0.13428 0.139864 30 224 0
0.495086 0.129876 0.14224 30 224 0
0.49435 0.125426 0.144478 30 224 0
0.493652 0.120956 0.146688 30 224 0
0.492997 0.116425 0.148785 30 224 0
0.492527 0.111839 0.150807 30 224 0
0.492196 0.10718 0.152684 30 224 0
0.491988 0.102501 0.154531 30 224 0
0.491666 0.0976972 0.155998 30 224 0
0.490539 0.0930695 0.156587 30 224 0
0.490704 0.088157 0.157806 30 224 0
0.490594 0.0832088 0.158891 30 224 0
0.490396 0.0782288 0.159804 30 224 0
0.49026 0.0732234 0.160578 30 224 0
0.489917 0.0681889 0.16103 30 224 0
0.489613 0.0631399 0.161329 30 224 0
0.489406 0.058078 0.161416 30 224 0
0.489368 0.0530117 0.161474 30 224 0
0.489345 0.0556786 0.161509 30 224 0
0.489413 0.0610393 0.161405 30 224 0
0.489659 0.0663913 0.161237 30 224 0
0.490127 0.071716 0.160848 30 224 0
0.490664 0.0770151 0.160231 30 224 0
0.491104 0.0823002 0.159448 30 224 0
0.491447 0.0875864 0.158616 30 224 0
0.491842 0.095579 0.156696 30 224 0
0.492051 0.100545 0.155177 30 224 0
0.492651 0.105451 0.15356 30 224 0
0.493182 0.110328 0.151838 30 224 0
0.493695 0.115117 0.149877 30 224 0
0.494367 0.119844 0.147818 30 224 0
0.495247 0.124512 0.1457 30 224 0
0.49617 0.129146 0.143524 30 224 0
0.496942 0.133723 0.141179 30 224 0
0.497781 0.13831 0.138875 30 224 0
0.49854 0.142914 0.136579 30 224 0
0.499425 0.147537 0.13437 30 224 0
0.500156 0.152203 0.132193 30 224 0
0.500083 0.154792 0.130741 30 224 0
0.500631 0.159237 0.128823 30 224 0
0.501036 0.163666 0.126832 30 224 0
0.501162 0.168077 0.124764 30 224 0
0.501113 0.172469 0.122656 30 224 0
0.501161 0.17692 0.120682 30 224 0
0.503617 0.179152 0.121222 30 224 0
0.507022 0.183346 0.121236 30 224 0
0.510679 0.187333 0.121584 30 224 0
0.514485 0.191165 0.122019 31 223 0
0.5182 0.195079 0.122012 31 223 0
0.521936 0.198988 0.121711 31 223 0
0.519895 0.197883 0.121075 31 223 0
0.516554 0.194828 0.120838 31 223 0
0.513184 0.19182 0.120437 31 223 0
0.509976 0.188633 0.120088 31 223 0
0.506732 0.18549 0.119676 31 223 0
0.503504 0.182324 0.119331 31 223 0
0.500774 0.18084 0.118461 31 223 0
0.497345 0.177742 0.117789 31 223 0
0.493846 0.174768 0.116936 31 223 0
0.490645 0.171409 0.116367 31 223 0
0.487337 0.168213 0.115552 31 223 0
0.484142 0.164882 0.11487 31 223 0
0.482418 0.164394 0.113694 31 223 0
0.479824 0.166028 0.110295 31 223 0
0.477122 0.167282 0.106802 31 223 0
0.474679 0.168647 0.103158 31 223 0
0.472015 0.169302 0.0994751 31 223 0
0.469562 0.170115 0.0956802 31 223 0
0.467122 0.170871 0.0918629 31 223 0
0.468248 0.170141 0.0940427 31 223 0
0.47045 0.168952 0.0978176 31 223 0
0.472611 0.167631 0.101573 31 223 0
0.475091 0.166564 0.105208 31 223 0
0.477705 0.165378 0.108709 31 223 0
0.480628 0.164575 0.112042 31 223 0
0.482418 0.164394 0.113694 31 223 0
0.486361 0.163267 0.117332 31 223 0
0.490406 0.162132 0.120854 31 223 0
0.494536 0.160901 0.124232 31 223 0
0.498776 0.159714 0.127486 31 223 0
0.498207 0.152171 0.130984 31 223 0
0.497709 0.147655 0.133156 31 223 0
0.497048 0.143172 0.135351 31 223 0
0.496342 0.138709 0.137573 31 223 0
0.495648 0.13428 0.139864 31 223 0
0.495086 0.129876 0.14224 31 223 0
0.49435 0.125426 0.144478 31 223 0
0.493652 0.120956 0.146688 31 223 0
0.492997 0.116425 0.148785 31 223 0
0.492527 0.111839 0.150807 31 223 0
0.492196 0.10718 0.152684 31 223 0
0.491988 0.102501 0.154531 31 223 0
0.491666 0.0976972 0.155998 31 223 0
0.490539 0.0930695 0.156587 31 223 0
0.490704 0.088157 0.157806 31 223 0
0.490594 0.0832088 0.158891 31 223 0
0.490396 0.0782288 0.159804 32 222 0
0.49026 0.0732234 0.160578 32 222 0
0.489917 0.0681889 0.16103 32 222 0
0.489613 0.0631399 0.161329 32 222 0
0.489406 0.058078 0.161416 32 222 0
0.489368 0.0530117 0.161474 32 222 0
0.489345 0.0556786 0.161509 32 222 0
0.489413 0.0610393 0.161405 32 222 0
0.489659 0.0663913 0.161237 32 222 0
0.490127 0.071716 0.160848 32 222 0
0.490664 0.0770151 0.160231 32 222 0
0.491104 0.0823002 0.159448 32 222 0
0.491447 0.0875864 0.158616 32 222 0
0.491842 0.095579 0.156696 32 222 0
0.492051 0.100545 0.155177 32 222 0
0.492651 0.105451 0.15356 32 222 0
0.493182 0.110328 0.151838 32 222 0
0.493695 0.115117 0.149877 32 222 0
0.494367 0.119844 0.147818 32 222 0
0.495247 0.124512 0.1457 32 222 0
0.49617 0.129146 0.143524 32 222 0
0.496942 0.133723 0.141179 32 222 0
0.497781 0.13831 0.138875 32 222 0
0.49854 0.142914 0.136579 32 222 0
0.499425 0.147537 0.13437 32 222 0
0.500156 0.152203 0.132193 32 222 0
0.500083 0.154792 0.130741 32 222 0
0.500631 0.159237 0.128823 32 222 0
0.501036 0.163666 0.126832 32 222 0
0.501162 0.168077 0.124764 32 222 0
0.501113 0.172469 0.122656 32 222 0
0.501161 0.17692 0.120682 32 222 0
0.503617 0.179152 0.121222 32 222 0
0.507022 0.183346 0.121236 32 222 0
0.510679 0.187333 0.121584 32 222 0
0.514485 0.191165 0.122019 32 222 0
0.5182 0.195079 0.122012 32 222 0
0.521936 0.198988 0.121711 32 222 0
0.516496 0.203057 0.129048 32 222 0
0.581519 0.208926 0.158655 32 222 0
0.583704 0.203863 0.150312 32 222 0
0.585149 0.201561 0.15207 32 222 0
0.587141 0.198185 0.154938 32 222 0
0.588936 0.19479 0.157915 32 222 0
0.59098 0.191685 0.161046 32 222 0
0.593128 0.18861 0.164137 32 222 0
0.595707 0.185822 0.167138 32 222 0
0.59687 0.184068 0.168675 32 222 0
0.599954 0.181324 0.171173 32 222 0
0.602722 0.178318 0.173759 33 221 0
0.605467 0.175226 0.176265 33 221 0
0.608373 0.17215 0.178602 33 221 0
0.61154 0.169204 0.180747 33 221 0
0.615601 0.169875 0.180535 33 221 0
0.620248 0.171064 0.179923 33 221 0
0.624747 0.172677 0.179115 33 221 0
0.629247 0.174315 0.178368 33 221 0
0.633755 0.175957 0.177683 33 221 0
0.638293 0.177585 0.177181 33 221 0
0.642974 0.178752 0.177054 33 221 0
0.640641 0.178003 0.177173 33 221 0
0.636117 0.175925 0.177928 33 221 0
0.631432 0.174161 0.178528 33 221 0
0.626788 0.172376 0.179354 33 221 0
0.622064 0.170799 0.180139 33 221 0
0.617346 0.169234 0.180985 33 221 0
0.61334 0.169177 0.180799 33 221 0
0.608724 0.167501 0.180962 33 221 0
0.604017 0.166078 0.180876 33 221 0
0.599315 0.164792 0.180214 33 221 0
0.594626 0.16387 0.179081 33 221 0
0.589959 0.163024 0.177776 33 221 0
0.589171 0.155619 0.181022 33 221 0
0.588793 0.151084 0.183072 33 221 0
0.588185 0.146523 0.185006 33 221 0
0.587597 0.141976 0.186979 33 221 0
0.587125 0.137445 0.18902 33 221 0
0.58662 0.132905 0.191032 33 221 0
0.586068 0.128339 0.192973 33 221 0
0.585488 0.123739 0.194825 33 221 0
0.584906 0.119111 0.196603 33 221 0
0.58465 0.114445 0.198353 33 221 0
0.584462 0.109724 0.19996 33 221 0
0.584184 0.104991 0.201519 33 221 0
0.583942 0.100201 0.202886 33 221 0
0.582952 0.0948565 0.203653 33 221 0
0.582894 0.0896424 0.204304 33 221 0
0.583069 0.0843866 0.204919 33 221 0
0.58278 0.0791211 0.205398 33 221 0
0.582981 0.0738639 0.206004 33 221 0
0.583242 0.0685999 0.20652 33 221 0
0.582842 0.0633308 0.206848 33 221 0
0.582543 0.0580589 0.20725 33 221 0
0.582425 0.0527788 0.20757 33 221 0
0.582594 0.0579822 0.207316 33 221 0
0.582813 0.0629988 0.20687 33 221 0
0.583249 0.06802 0.206544 33 221 0
0.583464 0.0730531 0.206181 33 221 0
0.583706 0.078078 0.205733 33 221 0
0.584002 0.0831004 0.205288 34 220 0
0.584038 0.088136 0.204901 34 220 0
0.583512 0.0957341 0.203606 34 220 0
0.583291 0.100479 0.202362 34 220 0
0.583122 0.105183 0.200964 34 220 0
0.583142 0.109883 0.199551 34 220 0
0.583321 0.114513 0.197928 34 220 0
0.583486 0.11907 0.196105 34 220 0
0.583708 0.123584 0.194185 34 220 0
0.584119 0.128079 0.19225 34 220 0
0.584388 0.132541 0.190215 34 220 0
0.584863 0.136997 0.188206 34 220 0
0.585359 0.141447 0.186188 34 220 0
0.585665 0.145902 0.184146 34 220 0
0.586065 0.150378 0.18217 34 220 0
0.586479 0.15485 0.180193 34 220 0
0.587278 0.156759 0.179634 34 220 0
0.589003 0.161592 0.17815 34 220 0
0.590539 0.166461 0.176569 34 220 0
0.592525 0.1712 0.175093 34 220 0
0.594289 0.175845 0.173127 34 220 0
0.596347 0.18034 0.171111 34 220 0
0.594881 0.181195 0.170266 34 220 0
0.593186 0.184596 0.16727 34 220 0
0.591405 0.187868 0.164184 34 220 0
0.590188 0.191322 0.161015 34 220 0
0.588693 0.194672 0.157856 34 220 0
0.587084 0.198145 0.154893 34 220 0
0.585149 0.201561 0.15207 34 220 0
0.586741 0.199679 0.153689 34 220 0
0.589249 0.197 0.156372 34 220 0
0.59127 0.19407 0.159235 34 220 0
0.593028 0.191084 0.162217 34 220 0
0.594652 0.187968 0.165143 34 220 0
0.596175 0.184793 0.168057 34 220 0
0.597863 0.184305 0.168704 34 220 0
0.600572 0.181267 0.171331 34 220 0
0.603023 0.178039 0.173992 34 220 0
0.606155 0.175192 0.176371 34 220 0
0.609161 0.172161 0.178679 34 220 0
0.61255 0.169398 0.18073 34 220 0
0.615601 0.169875 0.180535 34 220 0
0.620248 0.171064 0.179923 34 220 0
0.624747 0.172677 0.179115 34 220 0
0.629247 0.174315 0.178368 34 220 0
0.633755 0.175957 0.177683 34 220 0
0.638293 0.177585 0.177181 34 220 0
0.642974 0.178752 0.177054 34 220 0
0.640641 0.178003 0.177173 34 220 0
0.636117 0.175925 0.177928 35 219 0
0.631432 0.174161 0.178528 35 219 0
0.626788 0.172376 0.179354 35 219 0
0.622064 0.170799 0.180139 35 219 0
0.617346 0.169234 0.180985 35 219 0
0.61334 0.169177 0.180799 35 219 0
0.608724 0.167501 0.180962 35 219 0
0.604017 0.166078 0.180876 35 219 0
0.599315 0.164792 0.180214 35 219 0
0.594626 0.16387 0.179081 35 219 0
0.589959 0.163024 0.177776 35 219 0
0.589171 0.155619 0.181022 35 219 0
0.588793 0.151084 0.183072 35 219 0
0.588185 0.146523 0.185006 35 219 0
0.587597 0.141976 0.186979 35 219 0
0.587125 0.137445 0.18902 35 219 0
0.58662 0.132905 0.191032 35 219 0
0.586068 0.128339 0.192973 35 219 0
0.585488 0.123739 0.194825 35 219 0
0.584906 0.119111 0.196603 35 219 0
0.58465 0.114445 0.198353 35 219 0
0.584462 0.109724 0.19996 35 219 0
0.584184 0.104991 0.201519 35 219 0
0.583942 0.100201 0.202886 35 219 0
0.582952 0.0948565 0.203653 35 219 0
0.582894 0.0896424 0.204304 35 219 0
0.583069 0.0843866 0.204919 35 219 0
0.58278 0.0791211 0.205398 35 219 0
0.582981 0.0738639 0.206004 35 219 0
0.583242 0.0685999 0.20652 35 219 0
0.582842 0.0633308 0.206848 35 219 0
0.582543 0.0580589 0.20725 35 219 0
0.582425 0.0527788 0.20757 35 219 0
0.582594 0.0579822 0.207316 35 219 0
0.582813 0.0629988 0.20687 35 219 0
0.583249 0.06802 0.206544 35 219 0
0.583464 0.0730531 0.206181 35 219 0
0.583706 0.078078 0.205733 35 219 0
0.584002 0.0831004 0.205288 35 219 0
0.584038 0.088136 0.204901 35 219 0
0.583512 0.0957341 0.203606 35 219 0
0.583291 0.100479 0.202362 35 219 0
0.583122 0.105183 0.200964 35 219 0
0.583142 0.109883 0.199551 35 219 0
0.583321 0.114513 0.197928 35 219 0
0.583486 0.11907 0.196105 35 219 0
0.583708 0.123584 0.194185 35 219 0
0.584119 0.128079 0.19225 35 219 0
0.584388 0.132541 0.190215 35 219 0
0.584863 0.136997 0.188206 36 218 0
0.585359 0.141447 0.186188 36 218 0
0.585665 0.145902 0.184146 36 218 0
0.586065 0.150378 0.18217 36 218 0
0.586479 0.15485 0.180193 36 218 0
0.587278 0.156759 0.179634 36 218 0
0.589003 0.161592 0.17815 36 218 0
0.590539 0.166461 0.176569 36 218 0
0.592525 0.1712 0.175093 36 218 0
0.594289 0.175845 0.173127 36 218 0
0.596347 0.18034 0.171111 36 218 0
0.594881 0.181195 0.170266 36 218 0
0.593186 0.184596 0.16727 36 218 0
0.591405 0.187868 0.164184 36 218 0
0.590188 0.191322 0.161015 36 218 0
0.588693 0.194672 0.157856 36 218 0
0.587084 0.198145 0.154893 36 218 0
0.585149 0.201561 0.15207 36 218 0
0.582877 0.206412 0.160514 36 218 0
0.518668 0.205435 0.128563 36 218 0
0.524048 0.201369 0.121179 36 218 0
0.510383 0.0892786 0.169202 36 218 0
0.508089 0.0986659 0.165274 36 218 0
0.507377 0.103324 0.163219 36 218 0
0.506934 0.107962 0.161036 36 218 0
0.506377 0.112535 0.158744 36 218 0
0.505903 0.117051 0.156324 36 218 0
0.505517 0.121528 0.153818 36 218 0
0.505171 0.125946 0.151203 36 218 0
0.504882 0.130319 0.148508 36 218 0
0.504708 0.134704 0.145822 36 218 0
0.504513 0.139075 0.143116 36 218 0
0.504265 0.143421 0.140372 36 218 0
0.504009 0.147756 0.137612 36 218 0
0.503691 0.152098 0.134869 36 218 0
0.503302 0.156489 0.132215 36 218 0
0.502915 0.160927 0.129641 36 218 0
0.502658 0.165406 0.127122 36 218 0
0.502218 0.169878 0.124622 36 218 0
0.499995 0.168907 0.123493 36 218 0
0.496123 0.167566 0.121697 36 218 0
0.492273 0.16605 0.119992 36 218 0
0.488461 0.164837 0.117992 36 218 0
0.484673 0.16352 0.11601 36 218 0
0.482418 0.164394 0.113694 36 218 0
0.479477 0.165427 0.11034 36 218 0
0.476807 0.16669 0.106837 36 218 0
0.474369 0.168044 0.103196 36 218 0
0.471955 0.169198 0.0994716 36 218 0
0.469557 0.170117 0.0956735 36 218 0
0.467122 0.170871 0.0918629 37 217 0
0.468248 0.170141 0.0940427 37 217 0
0.47045 0.168952 0.0978176 37 217 0
0.472611 0.167631 0.101573 37 217 0
0.475091 0.166564 0.105208 37 217 0
0.477705 0.165378 0.108709 37 217 0
0.480628 0.164575 0.112042 37 217 0
0.482418 0.164394 0.113694 37 217 0
0.486361 0.163267 0.117332 37 217 0
0.490406 0.162132 0.120854 37 217 0
0.494536 0.160901 0.124232 37 217 0
0.498776 0.159714 0.127486 37 217 0
0.498207 0.152171 0.130984 37 217 0
0.497709 0.147655 0.133156 37 217 0
0.497048 0.143172 0.135351 37 217 0
0.496342 0.138709 0.137573 37 217 0
0.495648 0.13428 0.139864 37 217 0
0.495086 0.129876 0.14224 37 217 0
0.49435 0.125426 0.144478 37 217 0
0.493652 0.120956 0.146688 37 217 0
0.492997 0.116425 0.148785 37 217 0
0.492527 0.111839 0.150807 37 217 0
0.492196 0.10718 0.152684 37 217 0
0.491988 0.102501 0.154531 37 217 0
0.491666 0.0976972 0.155998 37 217 0
0.490539 0.0930695 0.156587 37 217 0
0.490704 0.088157 0.157806 37 217 0
0.490594 0.0832088 0.158891 37 217 0
0.490396 0.0782288 0.159804 37 217 0
0.49026 0.0732234 0.160578 37 217 0
0.489917 0.0681889 0.16103 37 217 0
0.489613 0.0631399 0.161329 37 217 0
0.489406 0.058078 0.161416 37 217 0
0.489368 0.0530117 0.161474 37 217 0
0.489345 0.0556786 0.161509 37 217 0
0.489413 0.0610393 0.161405 37 217 0
0.489659 0.0663913 0.161237 37 217 0
0.490127 0.071716 0.160848 37 217 0
0.490664 0.0770151 0.160231 37 217 0
0.491104 0.0823002 0.159448 37 217 0
0.491447 0.0875864 0.158616 37 217 0
0.491842 0.095579 0.156696 37 217 0
0.492051 0.100545 0.155177 37 217 0
0.492651 0.105451 0.15356 37 217 0
0.493182 0.110328 0.151838 37 217 0
0.493695 0.115117 0.149877 37 217 0
0.494367 0.119844 0.147818 37 217 0
0.495247 0.124512 0.1457 37 217 0
0.49617 0.129146 0.143524 37 217 0
0.496942 0.133723 0.141179 38 216 0
0.497781 0.13831 0.138875 38 216 0
0.49854 0.142914 0.136579 38 216 0
0.499425 0.147537 0.13437 38 216 0
0.500156 0.152203 0.132193 38 216 0
0.500083 0.154792 0.130741 38 216 0
0.500631 0.159237 0.128823 38 216 0
0.501036 0.163666 0.126832 38 216 0
0.501162 0.168077 0.124764 38 216 0
0.501113 0.172469 0.122656 38 216 0
0.501161 0.17692 0.120682 38 216 0
0.503617 0.179152 0.121222 38 216 0
0.507022 0.183346 0.121236 38 216 0
0.510679 0.187333 0.121584 38 216 0
0.514485 0.191165 0.122019 38 216 0
0.5182 0.195079 0.122012 38 216 0
0.521936 0.198988 0.121711 38 216 0
0.519895 0.197883 0.121075 38 216 0
0.516554 0.194828 0.120838 38 216 0
0.513184 0.19182 0.120437 38 216 0
0.509976 0.188633 0.120088 38 216 0
0.506732 0.18549 0.119676 38 216 0
0.503504 0.182324 0.119331 38 216 0
0.500774 0.18084 0.118461 38 216 0
0.497345 0.177742 0.117789 38 216 0
0.493846 0.174768 0.116936 38 216 0
0.490645 0.171409 0.116367 38 216 0
0.487337 0.168213 0.115552 38 216 0
0.484142 0.164882 0.11487 38 216 0
0.482418 0.164394 0.113694 38 216 0
0.479824 0.166028 0.110295 38 216 0
0.477122 0.167282 0.106802 38 216 0
0.474679 0.168647 0.103158 38 216 0
0.472015 0.169302 0.0994751 38 216 0
0.469562 0.170115 0.0956802 38 216 0
0.467122 0.170871 0.0918629 38 216 0
0.468248 0.170141 0.0940427 38 216 0
0.47045 0.168952 0.0978176 38 216 0
0.472611 0.167631 0.101573 38 216 0
0.475091 0.166564 0.105208 38 216 0
0.477705 0.165378 0.108709 38 216 0
0.480628 0.164575 0.112042 38 216 0
0.482418 0.164394 0.113694 38 216 0
0.486361 0.163267 0.117332 38 216 0
0.490406 0.162132 0.120854 38 216 0
0.494536 0.160901 0.124232 38 216 0
0.498776 0.159714 0.127486 38 216 0
0.498207 0.152171 0.130984 38 216 0
0.497709 0.147655 0.133156 38 216 0
0.497048 0.143172 0.135351 39 215 0
0.496342 0.138709 0.137573 39 215 0
0.495648 0.13428 0.139864 39 215 0
0.495086 0.129876 0.14224 39 215 0
0.49435 0.125426 0.144478 39 215 0
0.493652 0.120956 0.146688 39 215 0
0.492997 0.116425 0.148785 39 215 0
0.492527 0.111839 0.150807 39 215 0
0.492196 0.10718 0.152684 39 215 0
0.491988 0.102501 0.154531 39 215 0
0.491666 0.0976972 0.155998 39 215 0
0.490539 0.0930695 0.156587 39 215 0
0.490704 0.088157 0.157806 39 215 0
0.490594 0.0832088 0.158891 39 215 0
0.490396 0.0782288 0.159804 39 215 0
0.49026 0.0732234 0.160578 39 215 0
0.489917 0.0681889 0.16103 39 215 0
0.489613 0.0631399 0.161329 39 215 0
0.489406 0.058078 0.161416 39 215 0
0.489368 0.0530117 0.161474 39 215 0
0.489345 0.0556786 0.161509 39 215 0
0.489413 0.0610393 0.161405 39 215 0
0.489659 0.0663913 0.161237 39 215 0
0.490127 0.071716 0.160848 39 215 0
0.490664 0.0770151 0.160231 39 215 0
0.491104 0.0823002 0.159448 39 215 0
0.491447 0.0875864 0.158616 39 215 0
0.491842 0.095579 0.156696 39 215 0
0.492051 0.100545 0.155177 39 215 0
0.492651 0.105451 0.15356 39 215 0
0.493182 0.110328 0.151838 39 215 0
0.493695 0.115117 0.149877 39 215 0
0.494367 0.119844 0.147818 39 215 0
0.495247 0.124512 0.1457 39 215 0
0.49617 0.129146 0.143524 39 215 0
0.496942 0.133723 0.141179 39 215 0
0.497781 0.13831 0.138875 39 215 0
0.49854 0.142914 0.136579 39 215 0
0.499425 0.147537 0.13437 39 215 0
0.500156 0.152203 0.132193 39 215 0
0.500083 0.154792 0.130741 39 215 0
0.500631 0.159237 0.128823 39 215 0
0.501036 0.163666 0.126832 39 215 0
0.501162 0.168077 0.124764 39 215 0
0.501113 0.172469 0.122656 39 215 0
0.501161 0.17692 0.120682 39 215 0
0.503617 0.179152 0.121222 39 215 0
0.507022 0.183346 0.121236 39 215 0
0.510679 0.187333 0.121584 39 215 0
0.514485 0.191165 0.122019 40 214 0
0.5182 0.195079 0.122012 40 214 0
0.521936 0.198988 0.121711 40 214 0
0.516496 0.203057 0.129048 40 214 0
0.581519 0.208926 0.158655 40 214 0
0.583704 0.203863 0.150312 40 214 0
0.585149 0.201561 0.15207 40 214 0
0.587141 0.198185 0.154938 40 214 0
0.588936 0.19479 0.157915 40 214 0
0.59098 0.191685 0.161046 40 214 0
0.593128 0.18861 0.164137 40 214 0
0.595707 0.185822 0.167138 40 214 0
0.59687 0.184068 0.168675 40 214 0
0.599954 0.181324 0.171173 40 214 0
0.602722 0.178318 0.173759 40 214 0
0.605467 0.175226 0.176265 40 214 0
0.608373 0.17215 0.178602 40 214 0
0.61154 0.169204 0.180747 40 214 0
0.615601 0.169875 0.180535 40 214 0
0.620248 0.171064 0.179923 40 214 0
0.624747 0.172677 0.179115 40 214 0
0.629247 0.174315 0.178368 40 214 0
0.633755 0.175957 0.177683 40 214 0
0.638293 0.177585 0.177181 40 214 0
0.642974 0.178752 0.177054 40 214 0
0.640641 0.178003 0.177173 40 214 0
0.636117 0.175925 0.177928 40 214 0
0.631432 0.174161 0.178528 40 214 0
0.626788 0.172376 0.179354 40 214 0
0.622064 0.170799 0.180139 40 214 0
0.617346 0.169234 0.180985 40 214 0
0.61334 0.169177 0.180799 40 214 0
0.608724 0.167501 0.180962 40 214 0
0.604017 0.166078 0.180876 40 214 0
0.599315 0.164792 0.180214 40 214 0
0.594626 0.16387 0.179081 40 214 0
0.589959 0.163024 0.177776 40 214 0
0.589171 0.155619 0.181022 40 214 0
0.588793 0.151084 0.183072 40 214 0
0.588185 0.146523 0.185006 40 214 0
0.587597 0.141976 0.186979 40 214 0
0.587125 0.137445 0.18902 40 214 0
0.58662 0.132905 0.191032 40 214 0
0.586068 0.128339 0.192973 40 214 0
0.585488 0.123739 0.194825 40 214 0
0.584906 0.119111 0.196603 40 214 0
0.58465 0.114445 0.198353 40 214 0
0.584462 0.109724 0.19996 40 214 0
0.584184 0.104991 0.201519 40 214 0
0.583942 0.100201 0.202886 40 214 0
0.582952 0.0948565 0.203653 41 213 0
0.582894 0.0896424 0.204304 41 213 0
0.583069 0.0843866 0.204919 41 213 0
0.58278 0.0791211 0.205398 41 213 0
0.582981 0.0738639 0.206004 41 213 0
0.583242 0.0685999 0.20652 41 213 0
0.582842 0.0633308 0.206848 41 213 0
0.582543 0.0580589 0.20725 41 213 0
0.582425 0.0527788 0.20757 41 213 0
0.582594 0.0579822 0.207316 41 213 0
0.582813 0.0629988 0.20687 41 213 0
0.583249 0.06802 0.206544 41 213 0
0.583464 0.0730531 0.206181 41 213 0
0.583706 0.078078 0.205733 41 213 0
0.584002 0.0831004 0.205288 41 213 0
0.584038 0.088136 0.204901 41 213 0
0.583512 0.0957341 0.203606 41 213 0
0.583291 0.100479 0.202362 41 213 0
0.583122 0.105183 0.200964 41 213 0
0.583142 0.109883 0.199551 41 213 0
0.583321 0.114513 0.197928 41 213 0
0.583486 0.11907 0.196105 41 213 0
0.583708 0.123584 0.194185 41 213 0
0.584119 0.128079 0.19225 41 213 0
0.584388 0.132541 0.190215 41 213 0
0.584863 0.136997 0.188206 41 213 0
0.585359 0.141447 0.186188 41 213 0
0.585665 0.145902 0.184146 41 213 0
0.586065 0.150378 0.18217 41 213 0
0.586479 0.15485 0.180193 41 213 0
0.587278 0.156759 0.179634 41 213 0
0.589003 0.161592 0.17815 41 213 0
0.590539 0.166461 0.176569 41 213 0
0.592525 0.1712 0.175093 41 213 0
0.594289 0.175845 0.173127 41 213 0
0.596347 0.18034 0.171111 41 213 0
0.594881 0.181195 0.170266 41 213 0
0.593186 0.184596 0.16727 41 213 0
0.591405 0.187868 0.164184 41 213 0
0.590188 0.191322 0.161015 41 213 0
0.588693 0.194672 0.157856 41 213 0
0.587084 0.198145 0.154893 41 213 0
0.585149 0.201561 0.15207 41 213 0
0.586741 0.199679 0.153689 41 213 0
0.589249 0.197 0.156372 41 213 0
0.59127 0.19407 0.159235 41 213 0
0.593028 0.191084 0.162217 41 213 0
0.594652 0.187968 0.165143 41 213 0
0.596175 0.184793 0.168057 41 213 0
0.597863 0.184305 0.168704 42 212 0
0.600572 0.181267 0.171331 42 212 0
0.603023 0.178039 0.173992 42 212 0
0.606155 0.175192 0.176371 42 212 0
0.609161 0.172161 0.178679 42 212 0
0.61255 0.169398 0.18073 42 212 0
0.615601 0.169875 0.180535 42 212 0
0.620248 0.171064 0.179923 42 212 0
0.624747 0.172677 0.179115 42 212 0
0.629247 0.174315 0.178368 42 212 0
0.633755 0.175957 0.177683 42 212 0
0.638293 0.177585 0.177181 42 212 0
0.642974 0.178752 0.177054 42 212 0
0.640641 0.178003 0.177173 42 212 0
0.636117 0.175925 0.177928 42 212 0
0.631432 0.174161 0.178528 42 212 0
0.626788 0.172376 0.179354 42 212 0
0.622064 0.170799 0.180139 42 212 0
0.617346 0.169234 0.180985 42 212 0
0.61334 0.169177 0.180799 42 212 0
0.608724 0.167501 0.180962 42 212 0
0.604017 0.166078 0.180876 42 212 0
0.599315 0.164792 0.180214 42 212 0
0.594626 0.16387 0.179081 42 212 0
0.589959 0.163024 0.177776 42 212 0
0.589171 0.155619 0.181022 42 212 0
0.588793 0.151084 0.183072 42 212 0
0.588185 0.146523 0.185006 42 212 0
0.587597 0.141976 0.186979 42 212 0
0.587125 0.137445 0.18902 42 212 0
0.58662 0.132905 0.191032 42 212 0
0.586068 0.128339 0.192973 42 212 0
0.585488 0.123739 0.194825 42 212 0
0.584906 0.119111 0.196603 42 212 0
0.58465 0.114445 0.198353 42 212 0
0.584462 0.109724 0.19996 42 212 0
0.584184 0.104991 0.201519 42 212 0
0.583942 0.100201 0.202886 42 212 0
0.582952 0.0948565 0.203653 42 212 0
0.582894 0.0896424 0.204304 42 212 0
0.583069 0.0843866 0.204919 42 212 0
0.58278 0.0791211 0.205398 42 212 0
0.582981 0.0738639 0.206004 42 212 0
0.583242 0.0685999 0.20652 42 212 0
0.582842 0.0633308 0.206848 42 212 0
0.582543 0.0580589 0.20725 42 212 0
0.582425 0.0527788 0.20757 42 212 0
0.582594 0.0579822 0.207316 42 212 0
0.582813 0.0629988 0.20687 42 212 0
0.583249 0.06802 0.206544 43 211 0
0.583464 0.0730531 0.206181 43 211 0
0.583706 0.078078 0.205733 43 211 0
0.584002 0.0831004 0.205288 43 211 0
0.584038 0.088136 0.204901 43 211 0
0.583512 0.0957341 0.203606 43 211 0
0.583291 0.100479 0.202362 43 211 0
0.583122 0.105183 0.200964 43 211 0
0.583142 0.109883 0.199551 43 211 0
0.583321 0.114513 0.197928 43 211 0
0.583486 0.11907 0.196105 43 211 0
0.583708 0.123584 0.194185 43 211 0
0.584119 0.128079 0.19225 43 211 0
0.584388 0.132541 0.190215 43 211 0
0.584863 0.136997 0.188206 43 211 0
0.585359 0.141447 0.186188 43 211 0
0.585665 0.145902 0.184146 43 211 0
0.586065 0.150378 0.18217 43 211 0
0.586479 0.15485 0.180193 43 211 0
0.587278 0.156759 0.179634 43 211 0
0.589003 0.161592 0.17815 43 211 0
0.590539 0.166461 0.176569 43 211 0
0.592525 0.1712 0.175093 43 211 0
0.594289 0.175845 0.173127 43 211 0
0.596347 0.18034 0.171111 43 211 0
0.594881 0.181195 0.170266 43 211 0
0.593186 0.184596 0.16727 43 211 0
0.591405 0.187868 0.164184 43 211 0
0.590188 0.191322 0.161015 43 211 0
0.588693 0.194672 0.157856 43 211 0
0.587084 0.198145 0.154893 43 211 0
0.585149 0.201561 0.15207 43 211 0
0.582877 0.206412 0.160514 43 211 0
0.518668 0.205435 0.128563 43 211 0
0.524048 0.201369 0.121179 43 211 0
0.510383 0.0892786 0.169202 43 211 0
0.508089 0.0986659 0.165274 43 211 0
0.507377 0.103324 0.163219 43 211 0
0.506934 0.107962 0.161036 43 211 0
0.506377 0.112535 0.158744 43 211 0
0.505903 0.117051 0.156324 43 211 0
0.505517 0.121528 0.153818 43 211 0
0.505171 0.125946 0.151203 43 211 0
0.504882 0.130319 0.148508 43 211 0
0.504708 0.134704 0.145822 43 211 0
0.504513 0.139075 0.143116 43 211 0
0.504265 0.143421 0.140372 43 211 0
0.504009 0.147756 0.137612 43 211 0
0.503691 0.152098 0.134869 43 211 0
0.503302 0.156489 0.132215 44 210 0
0.502915 0.160927 0.129641 44 210 0
0.502658 0.165406 0.127122 44 210 0
0.502218 0.169878 0.124622 44 210 0
0.499995 0.168907 0.123493 44 210 0
0.496123 0.167566 0.121697 44 210 0
0.492273 0.16605 0.119992 44 210 0
0.488461 0.164837 0.117992 44 210 0
0.484673 0.16352 0.11601 44 210 0
0.482418 0.164394 0.113694 44 210 0
0.479477 0.165427 0.11034 44 210 0
0.476807 0.16669 0.106837 44 210 0
0.474369 0.168044 0.103196 44 210 0
0.471955 0.169198 0.0994716 44 210 0
0.469557 0.170117 0.0956735 44 210 0
0.467122 0.170871 0.0918629 44 210 0
0.468248 0.170141 0.0940427 44 210 0
0.47045 0.168952 0.0978176 44 210 0
0.472611 0.167631 0.101573 44 210 0
0.475091 0.166564 0.105208 44 210 0
0.477705 0.165378 0.108709 44 210 0
0.480628 0.164575 0.112042 44 210 0
0.482418 0.164394 0.113694 44 210 0
0.486361 0.163267 0.117332 44 210 0
0.490406 0.162132 0.120854 44 210 0
0.494536 0.160901 0.124232 44 210 0
0.498776 0.159714 0.127486 44 210 0
0.498207 0.152171 0.130984 44 210 0
0.497709 0.147655 0.133156 44 210 0
0.497048 0.143172 0.135351 44 210 0
0.496342 0.138709 0.137573 44 210 0
0.495648 0.13428 0.139864 44 210 0
0.495086 0.129876 0.14224 44 210 0
0.49435 0.125426 0.144478 44 210 0
0.493652 0.120956 0.146688 44 210 0
0.492997 0.116425 0.148785 44 210 0
0.492527 0.111839 0.150807 44 210 0
0.492196 0.10718 0.152684 44 210 0
0.491988 0.102501 0.154531 44 210 0
0.491666 0.0976972 0.155998 44 210 0
0.490539 0.0930695 0.156587 44 210 0
0.490704 0.088157 0.157806 44 210 0
0.490594 0.0832088 0.158891 44 210 0
0.490396 0.0782288 0.159804 44 210 0
0.49026 0.0732234 0.160578 44 210 0
0.489917 0.0681889 0.16103 44 210 0
0.489613 0.0631399 0.161329 44 210 0
0.489406 0.058078 0.161416 44 210 0
0.489368 0.0530117 0.161474 44 210 0
0.489345 0.0556786 0.161509 44 210 0
0.489413 0.0610393 0.161405 45 209 0
0.489659 0.0663913 0.161237 45 209 0
0.490127 0.071716 0.160848 45 209 0
0.490664 0.0770151 0.160231 45 209 0
0.491104 0.0823002 0.159448 45 209 0
0.491447 0.0875864 0.158616 45 209 0
0.491842 0.095579 0.156696 45 209 0
0.492051 0.100545 0.155177 45 209 0
0.492651 0.105451 0.15356 45 209 0
0.493182 0.110328 0.151838 45 209 0
0.493695 0.115117 0.149877 45 209 0
0.494367 0.119844 0.147818 45 209 0
0.495247 0.124512 0.1457 45 209 0
0.49617 0.129146 0.143524 45 209 0
0.496942 0.133723 0.141179 45 209 0
0.497781 0.13831 0.138875 45 209 0
0.49854 0.142914 0.136579 45 209 0
0.499425 0.147537 0.13437 45 209 0
0.500156 0.152203 0.132193 45 209 0
0.500083 0.154792 0.130741 45 209 0
0.500631 0.159237 0.128823 45 209 0
0.501036 0.163666 0.126832 45 209 0
0.501162 0.168077 0.124764 45 209 0
0.501113 0.172469 0.122656 45 209 0
0.501161 0.17692 0.120682 45 209 0
0.503617 0.179152 0.121222 45 209 0
0.507022 0.183346 0.121236 45 209 0
0.510679 0.187333 0.121584 45 209 0
0.514485 0.191165 0.122019 45 209 0
0.5182 0.195079 0.122012 45 209 0
0.521936 0.198988 0.121711 45 209 0
0.519895 0.197883 0.121075 45 209 0
0.516554 0.194828 0.120838 45 209 0
0.513184 0.19182 0.120437 45 209 0
0.509976 0.188633 0.120088 45 209 0
0.506732 0.18549 0.119676 45 209 0
0.503504 0.182324 0.119331 45 209 0
0.500774 0.18084 0.118461 45 209 0
0.497345 0.177742 0.117789 45 209 0
0.493846 0.174768 0.116936 45 209 0
0.490645 0.171409 0.116367 45 209 0
0.487337 0.168213 0.115552 45 209 0
0.484142 0.164882 0.11487 45 209 0
0.482418 0.164394 0.113694 45 209 0
0.479824 0.166028 0.110295 45 209 0
0.477122 0.167282 0.106802 45 209 0
0.474679 0.168647 0.103158 45 209 0
0.472015 0.169302 0.0994751 45 209 0
0.469562 0.170115 0.0956802 45 209 0
0.467122 0.170871 0.0918629 46 208 0
0.468248 0.170141 0.0940427 46 208 0
0.47045 0.168952 0.0978176 46 208 0
0.472611 0.167631 0.101573 46 208 0
0.475091 0.166564 0.105208 46 208 0
0.477705 0.165378 0.108709 46 208 0
0.480628 0.164575 0.112042 46 208 0
0.482418 0.164394 0.113694 46 208 0
0.486361 0.163267 0.117332 46 208 0
0.490406 0.162132 0.120854 46 208 0
0.494536 0.160901 0.124232 46 208 0
0.498776 0.159714 0.127486 46 208 0
0.498207 0.152171 0.130984 46 208 0
0.497709 0.147655 0.133156 46 208 0
0.497048 0.143172 0.135351 46 208 0
0.496342 0.138709 0.137573 46 208 0
0.495648 0.13428 0.139864 46 208 0
0.495086 0.129876 0.14224 46 208 0
0.49435 0.125426 0.144478 46 208 0
0.493652 0.120956 0.146688 46 208 0
0.492997 0.116425 0.148785 46 208 0
0.492527 0.111839 0.150807 46 208 0
0.492196 0.10718 0.152684 46 208 0
0.491988 0.102501 0.154531 46 208 0
0.491666 0.0976972 0.155998 46 208 0
0.490539 0.0930695 0.156587 46 208 0
0.490704 0.088157 0.157806 46 208 0
0.490594 0.0832088 0.158891 46 208 0
0.490396 0.0782288 0.159804 46 208 0
0.49026 0.0732234 0.160578 46 208 0
0.489917 0.0681889 0.16103 46 208 0
0.489613 0.0631399 0.161329 46 208 0
0.489406 0.058078 0.161416 46 208 0
0.489368 0.0530117 0.161474 46 208 0
0.489345 0.0556786 0.161509 46 208 0
0.489413 0.0610393 0.161405 46 208 0
0.489659 0.0663913 0.161237 46 208 0
0.490127 0.071716 0.160848 46 208 0
0.490664 0.0770151 0.160231 46 208 0
0.491104 0.0823002 0.159448 46 208 0
0.491447 0.0875864 0.158616 46 208 0
0.491842 0.095579 0.156696 46 208 0
0.492051 0.100545 0.155177 46 208 0
0.492651 0.105451 0.15356 46 208 0
0.493182 0.110328 0.151838 46 208 0
0.493695 0.115117 0.149877 46 208 0
0.494367 0.119844 0.147818 46 208 0
0.495247 0.124512 0.1457 46 208 0
0.49617 0.129146 0.143524 46 208 0
0.496942 0.133723 0.141179 47 207 0
0.497781 0.13831 0.138875 47 207 0
0.49854 0.142914 0.136579 47 207 0
0.499425 0.147537 0.13437 47 207 0
0.500156 0.152203 0.132193 47 207 0
0.500083 0.154792 0.130741 47 207 0
0.500631 0.159237 0.128823 47 207 0
0.501036 0.163666 0.126832 47 207 0
0.501162 0.168077 0.124764 47 207 0
0.501113 0.172469 0.122656 47 207 0
0.501161 0.17692 0.120682 47 207 0
0.503617 0.179152 0.121222 47 207 0
0.507022 0.183346 0.121236 47 207 0
0.510679 0.187333 0.121584 47 207 0
0.514485 0.191165 0.122019 47 207 0
0.5182 0.195079 0.122012 47 207 0
0.521936 0.198988 0.121711 47 207 0
0.516496 0.203057 0.129048 47 207 0
0.581519 0.208926 0.158655 47 207 0
0.583704 0.203863 0.150312 47 207 0
0.585149 0.201561 0.15207 47 207 0
0.587141 0.198185 0.154938 47 207 0
0.588936 0.19479 0.157915 47 207 0
0.59098 0.191685 0.161046 47 207 0
0.593128 0.18861 0.164137 47 207 0
0.595707 0.185822 0.167138 47 207 0
0.59687 0.184068 0.168675 47 207 0
0.599954 0.181324 0.171173 47 207 0
0.602722 0.178318 0.173759 47 207 0
0.605467 0.175226 0.176265 47 207 0
0.608373 0.17215 0.178602 47 207 0
0.61154 0.169204 0.180747 47 207 0
0.615601 0.169875 0.180535 47 207 0
0.620248 0.171064 0.179923 47 207 0
0.624747 0.172677 0.179115 47 207 0
0.629247 0.174315 0.178368 47 207 0
0.633755 0.175957 0.177683 47 207 0
0.638293 0.177585 0.177181 47 207 0
0.642974 0.178752 0.177054 47 207 0
0.640641 0.178003 0.177173 47 207 0
0.636117 0.175925 0.177928 47 207 0
0.631432 0.174161 0.178528 47 207 0
0.626788 0.172376 0.179354 47 207 0
0.622064 0.170799 0.180139 47 207 0
0.617346 0.169234 0.180985 47 207 0
0.61334 0.169177 0.180799 47 207 0
0.608724 0.167501 0.180962 47 207 0
0.604017 0.166078 0.180876 47 207 0
0.599315 0.164792 0.180214 47 207 0
0.594626 0.16387 0.179081 48 206 0
0.589959 0.163024 0.177776 48 206 0
0.589171 0.155619 0.181022 48 206 0
0.588793 0.151084 0.183072 48 206 0
0.588185 0.146523 0.185006 48 206 0
0.587597 0.141976 0.186979 48 206 0
0.587125 0.137445 0.18902 48 206 0
0.58662 0.132905 0.191032 48 206 0
0.586068 0.128339 0.192973 48 206 0
0.585488 0.123739 0.194825 48 206 0
0.584906 0.119111 0.196603 48 206 0
0.58465 0.114445 0.198353 48 206 0
0.584462 0.109724 0.19996 48 206 0
0.584184 0.104991 0.201519 48 206 0
0.583942 0.100201 0.202886 48 206 0
0.582952 0.0948565 0.203653 48 206 0
0.582894 0.0896424 0.204304 48 206 0
0.583069 0.0843866 0.204919 48 206 0
0.58278 0.0791211 0.205398 48 206 0
0.582981 0.0738639 0.206004 48 206 0
0.583242 0.0685999 0.20652 48 206 0
0.582842 0.0633308 0.206848 48 206 0
0.582543 0.0580589 0.20725 48 206 0
0.582425 0.0527788 0.20757 48 206 0
0.582594 0.0579822 0.207316 48 206 0
0.582813 0.0629988 0.20687 48 206 0
0.583249 0.06802 0.206544 48 206 0
0.583464 0.0730531 0.206181 48 206 0
0.583706 0.078078 0.205733 48 206 0
0.584002 0.0831004 0.205288 48 206 0
0.584038 0.088136 0.204901 48 206 0
0.583512 0.0957341 0.203606 48 206 0
0.583291 0.100479 0.202362 48 206 0
0.583122 0.105183 0.200964 48 206 0
0.583142 0.109883 0.199551 48 206 0
0.583321 0.114513 0.197928 48 206 0
0.583486 0.11907 0.196105 48 206 0
0.583708 0.123584 0.194185 48 206 0
0.584119 0.128079 0.19225 48 206 0
0.584388 0.132541 0.190215 48 206 0
0.584863 0.136997 0.188206 48 206 0
0.585359 0.141447 0.186188 48 206 0
0.585665 0.145902 0.184146 48 206 0
0.586065 0.150378 0.18217 48 206 0
0.586479 0.15485 0.180193 48 206 0
0.587278 0.156759 0.179634 48 206 0
0.589003 0.161592 0.17815 48 206 0
0.590539 0.166461 0.176569 48 206 0
0.592525 0.1712 0.175093 48 206 0
0.594289 0.175845 0.173127 48 206 0
0.596347 0.18034 0.171111 49 205 0
0.594881 0.181195 0.170266 49 205 0
0.593186 0.184596 0.16727 49 205 0
0.591405 0.187868 0.164184 49 205 0
0.590188 0.191322 0.161015 49 205 0
0.588693 0.194672 0.157856 49 205 0
0.587084 0.198145 0.154893 49 205 0
0.585149 0.201561 0.15207 49 205 0
0.586741 0.199679 0.153689 49 205 0
0.589249 0.197 0.156372 49 205 0
0.59127 0.19407 0.159235 49 205 0
0.593028 0.191084 0.162217 49 205 0
0.594652 0.187968 0.165143 49 205 0
0.596175 0.184793 0.168057 49 205 0
0.597863 0.184305 0.168704 49 205 0
0.600572 0.181267 0.171331 49 205 0
0.603023 0.178039 0.173992 49 205 0
0.606155 0.175192 0.176371 49 205 0
0.609161 0.172161 0.178679 49 205 0
0.61255 0.169398 0.18073 49 205 0
0.615601 0.169875 0.180535 49 205 0
0.620248 0.171064 0.179923 49 205 0
0.624747 0.172677 0.179115 49 205 0
0.629247 0.174315 0.178368 49 205 0
0.633755 0.175957 0.177683 49 205 0
0.638293 0.177585 0.177181 49 205 0
0.642974 0.178752 0.177054 49 205 0
0.640641 0.178003 0.177173 49 205 0
0.636117 0.175925 0.177928 49 205 0
0.631432 0.174161 0.178528 49 205 0
0.626788 0.172376 0.179354 49 205 0
0.622064 0.170799 0.180139 49 205 0
0.617346 0.169234 0.180985 49 205 0
0.61334 0.169177 0.180799 49 205 0
0.608724 0.167501 0.180962 49 205 0
0.604017 0.166078 0.180876 49 205 0
0.599315 0.164792 0.180214 49 205 0
0.594626 0.16387 0.179081 49 205 0
0.589959 0.163024 0.177776 49 205 0
0.589171 0.155619 0.181022 49 205 0
0.588793 0.151084 0.183072 49 205 0
0.588185 0.146523 0.185006 49 205 0
0.587597 0.141976 0.186979 49 205 0
0.587125 0.137445 0.18902 49 205 0
0.58662 0.132905 0.191032 49 205 0
0.586068 0.128339 0.192973 49 205 0
0.585488 0.123739 0.194825 49 205 0
0.584906 0.119111 0.196603 49 205 0
0.58465 0.114445 0.198353 49 205 0
0.584462 0.109724 0.19996 50 204 0
0.584184 0.104991 0.201519 50 204 0
0.583942 0.100201 0.202886 50 204 0
0.582952 0.0948565 0.203653 50 204 0
0.582894 0.0896424 0.204304 50 204 0
0.583069 0.0843866 0.204919 50 204 0
0.58278 0.0791211 0.205398 50 204 0
0.582981 0.0738639 0.206004 50 204 0
0.583242 0.0685999 0.20652 50 204 0
0.582842 0.0633308 0.206848 50 204 0
0.582543 0.0580589 0.20725 50 204 0
0.582425 0.0527788 0.20757 50 204 0
0.582594 0.0579822 0.207316 50 204 0
0.582813 0.0629988 0.20687 50 204 0
0.583249 0.06802 0.206544 50 204 0
0.583464 0.0730531 0.206181 50 204 0
0.583706 0.078078 0.205733 50 204 0
0.584002 0.0831004 0.205288 50 204 0
0.584038 0.088136 0.204901 50 204 0
0.583512 0.0957341 0.203606 50 204 0
0.583291 0.100479 0.202362 50 204 0
0.583122 0.105183 0.200964 50 204 0
0.583142 0.109883 0.199551 50 204 0
0.583321 0.114513 0.197928 50 204 0
0.583486 0.11907 0.196105 50 204 0
0.583708 0.123584 0.194185 50 204 0
0.584119 0.128079 0.19225 50 204 0
0.584388 0.132541 0.190215 50 204 0
0.584863 0.136997 0.188206 50 204 0
0.585359 0.141447 0.186188 50 204 0
0.585665 0.145902 0.184146 50 204 0
0.586065 0.150378 0.18217 50 204 0
0.586479 0.15485 0.180193 50 204 0
0.587278 0.156759 0.179634 50 204 0
0.589003 0.161592 0.17815 50 204 0
0.590539 0.166461 0.176569 50 204 0
0.592525 0.1712 0.175093 50 204 0
0.594289 0.175845 0.173127 50 204 0
0.596347 0.18034 0.171111 50 204 0
0.594881 0.181195 0.170266 50 204 0
0.593186 0.184596 0.16727 50 204 0
0.591405 0.187868 0.164184 50 204 0
0.590188 0.191322 0.161015 50 204 0
0.588693 0.194672 0.157856 50 204 0
0.587084 0.198145 0.154893 50 204 0
0.585149 0.201561 0.15207 50 204 0
0.582877 0.206412 0.160514 50 204 0
0.518668 0.205435 0.128563 50 204 0
0.524048 0.201369 0.121179 50 204 0
0.510383 0.0892786 0.169202 51 203 0
0.508089 0.0986659 0.165274 51 203 0
0.507377 0.103324 0.163219 51 203 0
0.506934 0.107962 0.161036 51 203 0
0.506377 0.112535 0.158744 51 203 0
0.505903 0.117051 0.156324 51 203 0
0.505517 0.121528 0.153818 51 203 0
0.505171 0.125946 0.151203 51 203 0
0.504882 0.130319 0.148508 51 203 0
0.504708 0.134704 0.145822 51 203 0
0.504513 0.139075 0.143116 51 203 0
0.504265 0.143421 0.140372 51 203 0
0.504009 0.147756 0.137612 51 203 0
0.503691 0.152098 0.134869 51 203 0
0.503302 0.156489 0.132215 51 203 0
0.502915 0.160927 0.129641 51 203 0
0.502658 0.165406 0.127122 51 203 0
0.502218 0.169878 0.124622 51 203 0
0.499995 0.168907 0.123493 51 203 0
0.496123 0.167566 0.121697 51 203 0
0.492273 0.16605 0.119992 51 203 0
0.488461 0.164837 0.117992 51 203 0
0.484673 0.16352 0.11601 51 203 0
0.482418 0.164394 0.113694 51 203 0
0.479477 0.165427 0.11034 51 203 0
0.476807 0.16669 0.106837 51 203 0
0.474369 0.168044 0.103196 51 203 0
0.471955 0.169198 0.0994716 51 203 0
0.469557 0.170117 0.0956735 51 203 0
0.467122 0.170871 0.0918629 51 203 0
0.468248 0.170141 0.0940427 51 203 0
0.47045 0.168952 0.0978176 51 203 0
0.472611 0.167631 0.101573 51 203 0
0.475091 0.166564 0.105208 51 203 0
0.477705 0.165378 0.108709 51 203 0
0.480628 0.164575 0.112042 51 203 0
0.482418 0.164394 0.113694 51 203 0
0.486361 0.163267 0.117332 51 203 0
0.490406 0.162132 0.120854 51 203 0
0.494536 0.160901 0.124232 51 203 0
0.498776 0.159714 0.127486 51 203 0
0.498207 0.152171 0.130984 51 203 0
0.497709 0.147655 0.133156 51 203 0
0.497048 0.143172 0.135351 51 203 0
0.496342 0.138709 0.137573 51 203 0
0.495648 0.13428 0.139864 51 203 0
0.495086 0.129876 0.14224 51 203 0
0.49435 0.125426 0.144478 51 203 0
0.493652 0.120956 0.146688 51 203 0
0.492997 0.116425 0.148785 51 203 0
0.492527 0.111839 0.150807 52 202 0
0.492196 0.10718 0.152684 52 202 0
0.491988 0.102501 0.154531 52 202 0
0.491666 0.0976972 0.155998 52 202 0
0.490539 0.0930695 0.156587 52 202 0
0.490704 0.088157 0.157806 52 202 0
0.490594 0.0832088 0.158891 52 202 0
0.490396 0.0782288 0.159804 52 202 0
0.49026 0.0732234 0.160578 52 202 0
0.489917 0.0681889 0.16103 52 202 0
0.489613 0.0631399 0.161329 52 202 0
0.489406 0.058078 0.161416 52 202 0
0.489368 0.0530117 0.161474 52 202 0
0.489345 0.0556786 0.161509 52 202 0
0.489413 0.0610393 0.161405 52 202 0
0.489659 0.0663913 0.161237 52 202 0
0.490127 0.071716 0.160848 52 202 0
0.490664 0.0770151 0.160231 52 202 0
0.491104 0.0823002 0.159448 52 202 0
0.491447 0.0875864 0.158616 52 202 0
0.491842 0.095579 0.156696 52 202 0
0.492051 0.100545 0.155177 52 202 0
0.492651 0.105451 0.15356 52 202 0
0.493182 0.110328 0.151838 52 202 0
0.493695 0.115117 0.149877 52 202 0
0.494367 0.119844 0.147818 52 202 0
0.495247 0.124512 0.1457 52 202 0
0.49617 0.129146 0.143524 52 202 0
0.496942 0.133723 0.141179 52 202 0
0.497781 0.13831 0.138875 52 202 0
0.49854 0.142914 0.136579 52 202 0
0.499425 0.147537 0.13437 52 202 0
0.500156 0.152203 0.132193 52 202 0
0.500083 0.154792 0.130741 52 202 0
0.500631 0.159237 0.128823 52 202 0
0.501036 0.163666 0.126832 52 202 0
0.501162 0.168077 0.124764 52 202 0
0.501113 0.172469 0.122656 52 202 0
0.501161 0.17692 0.120682 52 202 0
0.503617 0.179152 0.121222 52 202 0
0.507022 0.183346 0.121236 52 202 0
0.510679 0.187333 0.121584 52 202 0
0.514485 0.191165 0.122019 52 202 0
0.5182 0.195079 0.122012 52 202 0
0.521936 0.198988 0.121711 52 202 0
0.519895 0.197883 0.121075 52 202 0
0.516554 0.194828 0.120838 52 202 0
0.513184 0.19182 0.120437 52 202 0
0.509976 0.188633 0.120088 52 202 0
0.506732 0.18549 0.119676 53 201 0
0.503504 0.182324 0.119331 53 201 0
0.500774 0.18084 0.118461 53 201 0
0.497345 0.177742 0.117789 53 201 0
0.493846 0.174768 0.116936 53 201 0
0.490645 0.171409 0.116367 53 201 0
0.487337 0.168213 0.115552 53 201 0
0.484142 0.164882 0.11487 53 201 0
0.482418 0.164394 0.113694 53 201 0
0.479824 0.166028 0.110295 53 201 0
0.477122 0.167282 0.106802 53 201 0
0.474679 0.168647 0.103158 53 201 0
0.472015 0.169302 0.0994751 53 201 0
0.469562 0.170115 0.0956802 53 201 0
0.467122 0.170871 0.0918629 53 201 0
0.468248 0.170141 0.0940427 53 201 0
0.47045 0.168952 0.0978176 53 201 0
0.472611 0.167631 0.101573 53 201 0
0.475091 0.166564 0.105208 53 201 0
0.477705 0.165378 0.108709 53 201 0
0.480628 0.164575 0.112042 53 201 0
0.482418 0.164394 0.113694 53 201 0
0.486361 0.163267 0.117332 53 201 0
0.490406 0.162132 0.120854 53 201 0
0.494536 0.160901 0.124232 53 201 0
0.498776 0.159714 0.127486 53 201 0
0.498207 0.152171 0.130984 53 201 0
0.497709 0.147655 0.133156 53 201 0
0.497048 0.143172 0.135351 53 201 0
0.496342 0.138709 0.137573 53 201 0
0.495648 0.13428 0.139864 53 201 0
0.495086 0.129876 0.14224 53 201 0
0.49435 0.125426 0.144478 53 201 0
0.493652 0.120956 0.146688 53 201 0
0.492997 0.116425 0.148785 53 201 0
0.492527 0.111839 0.150807 53 201 0
0.492196 0.10718 0.152684 53 201 0
0.491988 0.102501 0.154531 53 201 0
0.491666 0.0976972 0.155998 53 201 0
0.490539 0.0930695 0.156587 53 201 0
0.490704 0.088157 0.157806 53 201 0
0.490594 0.0832088 0.158891 53 201 0
0.490396 0.0782288 0.159804 53 201 0
0.49026 0.0732234 0.160578 53 201 0
0.489917 0.0681889 0.16103 53 201 0
0.489613 0.0631399 0.161329 53 201 0
0.489406 0.058078 0.161416 53 201 0
0.489368 0.0530117 0.161474 53 201 0
0.489345 0.0556786 0.161509 53 201 0
0.489413 0.0610393 0.161405 54 200 0
0.489659 0.0663913 0.161237 54 200 0
0.490127 0.071716 0.160848 54 200 0
0.490664 0.0770151 0.160231 54 200 0
0.491104 0.0823002 0.159448 54 200 0
0.491447 0.0875864 0.158616 54 200 0
0.491842 0.095579 0.156696 54 200 0
0.492051 0.100545 0.155177 54 200 0
0.492651 0.105451 0.15356 54 200 0
0.493182 0.110328 0.151838 54 200 0
0.493695 0.115117 0.149877 54 200 0
0.494367 0.119844 0.147818 54 200 0
0.495247 0.124512 0.1457 54 200 0
0.49617 0.129146 0.143524 54 200 0
0.496942 0.133723 0.141179 54 200 0
0.497781 0.13831 0.138875 54 200 0
0.49854 0.142914 0.136579 54 200 0
0.499425 0.147537 0.13437 54 200 0
0.500156 0.152203 0.132193 54 200 0
0.500083 0.154792 0.130741 54 200 0
0.500631 0.159237 0.128823 54 200 0
0.501036 0.163666 0.126832 54 200 0
0.501162 0.168077 0.124764 54 200 0
0.501113 0.172469 0.122656 54 200 0
0.501161 0.17692 0.120682 54 200 0
0.503617 0.179152 0.121222 54 200 0
0.507022 0.183346 0.121236 54 200 0
0.510679 0.187333 0.121584 54 200 0
0.514485 0.191165 0.122019 54 200 0
0.5182 0.195079 0.122012 54 200 0
0.521936 0.198988 0.121711 54 200 0
0.516496 0.203057 0.129048 54 200 0
0.581519 0.208926 0.158655 54 200 0
0.583704 0.203863 0.150312 54 200 0
0.585149 0.201561 0.15207 54 200 0
0.587141 0.198185 0.154938 54 200 0
0.588936 0.19479 0.157915 54 200 0
0.59098 0.191685 0.161046 54 200 0
0.593128 0.18861 0.164137 54 200 0
0.595707 0.185822 0.167138 54 200 0
0.59687 0.184068 0.168675 54 200 0
0.599954 0.181324 0.171173 54 200 0
0.602722 0.178318 0.173759 54 200 0
0.605467 0.175226 0.176265 54 200 0
0.608373 0.17215 0.178602 54 200 0
0.61154 0.169204 0.180747 54 200 0
0.615601 0.169875 0.180535 54 200 0
0.620248 0.171064 0.179923 54 200 0
0.624747 0.172677 0.179115 54 200 0
0.629247 0.174315 0.178368 55 199 0
0.633755 0.175957 0.177683 55 199 0
0.638293 0.177585 0.177181 55 199 0
0.642974 0.178752 0.177054 55 199 0
0.640641 0.178003 0.177173 55 199 0
0.636117 0.175925 0.177928 55 199 0
0.631432 0.174161 0.178528 55 199 0
0.626788 0.172376 0.179354 55 199 0
0.622064 0.170799 0.180139 55 199 0
0.617346 0.169234 0.180985 55 199 0
0.61334 0.169177 0.180799 55 199 0
0.608724 0.167501 0.180962 55 199 0
0.604017 0.166078 0.180876 55 199 0
0.599315 0.164792 0.180214 55 199 0
0.594626 0.16387 0.179081 55 199 0
0.589959 0.163024 0.177776 55 199 0
0.589171 0.155619 0.181022 55 199 0
0.588793 0.151084 0.183072 55 199 0
0.588185 0.146523 0.185006 55 199 0
0.587597 0.141976 0.186979 55 199 0
0.587125 0.137445 0.18902 55 199 0
0.58662 0.132905 0.191032 55 199 0
0.586068 0.128339 0.192973 55 199 0
0.585488 0.123739 0.194825 55 199 0
0.584906 0.119111 0.196603 55 199 0
0.58465 0.114445 0.198353 55 199 0
0.584462 0.109724 0.19996 55 199 0
0.584184 0.104991 0.201519 55 199 0
0.583942 0.100201 0.202886 55 199 0
0.582952 0.0948565 0.203653 55 199 0
0.582894 0.0896424 0.204304 55 199 0
0.583069 0.0843866 0.204919 55 199 0
0.58278 0.0791211 0.205398 55 199 0
0.582981 0.0738639 0.206004 55 199 0
0.583242 0.0685999 0.20652 55 199 0
0.582842 0.0633308 0.206848 55 199 0
0.582543 0.0580589 0.20725 55 199 0
0.582425 0.0527788 0.20757 55 199 0
0.582594 0.0579822 0.207316 55 199 0
0.582813 0.0629988 0.20687 55 199 0
0.583249 0.06802 0.206544 55 199 0
0.583464 0.0730531 0.206181 55 199 0
0.583706 0.078078 0.205733 55 199 0
0.584002 0.0831004 0.205288 55 199 0
0.584038 0.088136 0.204901 55 199 0
0.583512 0.0957341 0.203606 55 199 0
0.583291 0.100479 0.202362 55 199 0
0.583122 0.105183 0.200964 55 199 0
0.583142 0.109883 0.199551 55 199 0
0.583321 0.114513 0.197928 55 199 0
0.583486 0.11907 0.196105 56 198 0
0.583708 0.123584 0.194185 56 198 0
0.584119 0.128079 0.19225 56 198 0
0.584388 0.132541 0.190215 56 198 0
0.584863 0.136997 0.188206 56 198 0
0.585359 0.141447 0.186188 56 198 0
0.585665 0.145902 0.184146 56 198 0
0.586065 0.150378 0.18217 56 198 0
0.586479 0.15485 0.180193 56 198 0
0.587278 0.156759 0.179634 56 198 0
0.589003 0.161592 0.17815 56 198 0
0.590539 0.166461 0.176569 56 198 0
0.592525 0.1712 0.175093 56 198 0
0.594289 0.175845 0.173127 56 198 0
0.596347 0.18034 0.171111 56 198 0
0.594881 0.181195 0.170266 56 198 0
0.593186 0.184596 0.16727 56 198 0
0.591405 0.187868 0.164184 56 198 0
0.590188 0.191322 0.161015 56 198 0
0.588693 0.194672 0.157856 56 198 0
0.587084 0.198145 0.154893 56 198 0
0.585149 0.201561 0.15207 56 198 0
0.586741 0.199679 0.153689 56 198 0
0.589249 0.197 0.156372 56 198 0
0.59127 0.19407 0.159235 56 198 0
0.593028 0.191084 0.162217 56 198 0
0.594652 0.187968 0.165143 56 198 0
0.596175 0.184793 0.168057 56 198 0
0.597863 0.184305 0.168704 56 198 0
0.600572 0.181267 0.171331 56 198 0
0.603023 0.178039 0.173992 56 198 0
0.606155 0.175192 0.176371 56 198 0
0.609161 0.172161 0.178679 56 198 0
0.61255 0.169398 0.18073 56 198 0
0.615601 0.169875 0.180535 56 198 0
0.620248 0.171064 0.179923 56 198 0
0.624747 0.172677 0.179115 56 198 0
0.629247 0.174315 0.178368 56 198 0
0.633755 0.175957 0.177683 56 198 0
0.638293 0.177585 0.177181 56 198 0
0.642974 0.178752 0.177054 56 198 0
0.640641 0.178003 0.177173 56 198 0
0.636117 0.175925 0.177928 56 198 0
0.631432 0.174161 0.178528 56 198 0
0.626788 0.172376 0.179354 56 198 0
0.622064 0.170799 0.180139 56 198 0
0.617346 0.169234 0.180985 56 198 0
0.61334 0.169177 0.180799 56 198 0
0.608724 0.167501 0.180962 56 198 0
0.604017 0.166078 0.180876 57 197 0
0.599315 0.164792 0.180214 57 197 0
0.594626 0.16387 0.179081 57 197 0
0.589959 0.163024 0.177776 57 197 0
0.589171 0.155619 0.181022 57 197 0
0.588793 0.151084 0.183072 57 197 0
0.588185 0.146523 0.185006 57 197 0
0.587597 0.141976 0.186979 57 197 0
0.587125 0.137445 0.18902 57 197 0
0.58662 0.132905 0.191032 57 197 0
0.586068 0.128339 0.192973 57 197 0
0.585488 0.123739 0.194825 57 197 0
0.584906 0.119111 0.196603 57 197 0
0.58465 0.114445 0.198353 57 197 0
0.584462 0.109724 0.19996 57 197 0
0.584184 0.104991 0.201519 57 197 0
0.583942 0.100201 0.202886 57 197 0
0.582952 0.0948565 0.203653 57 197 0
0.582894 0.0896424 0.204304 57 197 0
0.583069 0.0843866 0.204919 57 197 0
0.58278 0.0791211 0.205398 57 197 0
0.582981 0.0738639 0.206004 57 197 0
0.583242 0.0685999 0.20652 57 197 0
0.582842 0.0633308 0.206848 57 197 0
0.582543 0.0580589 0.20725 57 197 0
0.582425 0.0527788 0.20757 57 197 0
0.582594 0.0579822 0.207316 57 197 0
0.582813 0.0629988 0.20687 57 197 0
0.583249 0.06802 0.206544 57 197 0
0.583464 0.0730531 0.206181 57 197 0
0.583706 0.078078 0.205733 57 197 0
0.584002 0.0831004 0.205288 57 197 0
0.584038 0.088136 0.204901 57 197 0
0.583512 0.0957341 0.203606 57 197 0
0.583291 0.100479 0.202362 57 197 0
0.583122 0.105183 0.200964 57 197 0
0.583142 0.109883 0.199551 57 197 0
0.583321 0.114513 0.197928 57 197 0
0.583486 0.11907 0.196105 57 197 0
0.583708 0.123584 0.194185 57 197 0
0.584119 0.128079 0.19225 57 197 0
0.584388 0.132541 0.190215 57 197 0
0.584863 0.136997 0.188206 57 197 0
0.585359 0.141447 0.186188 57 197 0
0.585665 0.145902 0.184146 57 197 0
0.586065 0.150378 0.18217 57 197 0
0.586479 0.15485 0.180193 57 197 0
0.587278 0.156759 0.179634 57 197 0
0.589003 0.161592 0.17815 57 197 0
0.590539 0.166461 0.176569 58 196 0
0.592525 0.1712 0.175093 58 196 0
0.594289 0.175845 0.173127 58 196 0
0.596347 0.18034 0.171111 58 196 0
0.594881 0.181195 0.170266 58 196 0
0.593186 0.184596 0.16727 58 196 0
0.591405 0.187868 0.164184 58 196 0
0.590188 0.191322 0.161015 58 196 0
0.588693 0.194672 0.157856 58 196 0
0.587084 0.198145 0.154893 58 196 0
0.585149 0.201561 0.15207 58 196 0
0.582877 0.206412 0.160514 58 196 0
0.518668 0.205435 0.128563 58 196 0
0.524048 0.201369 0.121179 58 196 0
0.510383 0.0892786 0.169202 58 196 0
0.508089 0.0986659 0.165274 58 196 0
0.507377 0.103324 0.163219 58 196 0
0.506934 0.107962 0.161036 58 196 0
0.506377 0.112535 0.158744 58 196 0
0.505903 0.117051 0.156324 58 196 0
0.505517 0.121528 0.153818 58 196 0
0.505171 0.125946 0.151203 58 196 0
0.504882 0.130319 0.148508 58 196 0
0.504708 0.134704 0.145822 58 196 0
0.504513 0.139075 0.143116 58 196 0
0.504265 0.143421 0.140372 58 196 0
0.504009 0.147756 0.137612 58 196 0
0.503691 0.152098 0.134869 58 196 0
0.503302 0.156489 0.132215 58 196 0
0.502915 0.160927 0.129641 58 196 0
0.502658 0.165406 0.127122 58 196 0
0.502218 0.169878 0.124622 58 196 0
0.499995 0.168907 0.123493 58 196 0
0.496123 0.167566 0.121697 58 196 0
0.492273 0.16605 0.119992 58 196 0
0.488461 0.164837 0.117992 58 196 0
0.484673 0.16352 0.11601 58 196 0
0.482418 0.164394 0.113694 58 196 0
0.479477 0.165427 0.11034 58 196 0
0.476807 0.16669 0.106837 58 196 0
0.474369 0.168044 0.103196 58 196 0
0.471955 0.169198 0.0994716 58 196 0
0.469557 0.170117 0.0956735 58 196 0
0.467122 0.170871 0.0918629 58 196 0
0.468248 0.170141 0.0940427 58 196 0
0.47045 0.168952 0.0978176 58 196 0
0.472611 0.167631 0.101573 58 196 0
0.475091 0.166564 0.105208 58 196 0
0.477705 0.165378 0.108709 58 196 0
0.480628 0.164575 0.112042 59 195 0
0.482418 0.164394 0.113694 59 195 0
0.486361 0.163267 0.117332 59 195 0
0.490406 0.162132 0.120854 59 195 0
0.494536 0.160901 0.124232 59 195 0
0.498776 0.159714 0.127486 59 195 0
0.498207 0.152171 0.130984 59 195 0
0.497709 0.147655 0.133156 59 195 0
0.497048 0.143172 0.135351 59 195 0
0.496342 0.138709 0.137573 59 195 0
0.495648 0.13428 0.139864 59 195 0
0.495086 0.129876 0.14224 59 195 0
0.49435 0.125426 0.144478 59 195 0
0.493652 0.120956 0.146688 59 195 0
0.492997 0.116425 0.148785 59 195 0
0.492527 0.111839 0.150807 59 195 0
0.492196 0.10718 0.152684 59 195 0
0.491988 0.102501 0.154531 59 195 0
0.491666 0.0976972 0.155998 59 195 0
0.490539 0.0930695 0.156587 59 195 0
0.490704 0.088157 0.157806 59 195 0
0.490594 0.0832088 0.158891 59 195 0
0.490396 0.0782288 0.159804 59 195 0
0.49026 0.0732234 0.160578 59 195 0
0.489917 0.0681889 0.16103 59 195 0
0.489613 0.0631399 0.161329 59 195 0
0.489406 0.058078 0.161416 59 195 0
0.489368 0.0530117 0.161474 59 195 0
0.489345 0.0556786 0.161509 59 195 0
0.489413 0.0610393 0.161405 59 195 0
0.489659 0.0663913 0.161237 59 195 0
0.490127 0.071716 0.160848 59 195 0
0.490664 0.0770151 0.160231 59 195 0
0.491104 0.0823002 0.159448 59 195 0
0.491447 0.0875864 0.158616 59 195 0
0.491842 0.095579 0.156696 59 195 0
0.492051 0.100545 0.155177 59 195 0
0.492651 0.105451 0.15356 59 195 0
0.493182 0.110328 0.151838 59 195 0
0.493695 0.115117 0.149877 59 195 0
0.494367 0.119844 0.147818 59 195 0
0.495247 0.124512 0.1457 59 195 0
0.49617 0.129146 0.143524 59 195 0
0.496942 0.133723 0.141179 59 195 0
0.497781 0.13831 0.138875 59 195 0
0.49854 0.142914 0.136579 59 195 0
0.499425 0.147537 0.13437 59 195 0
0.500156 0.152203 0.132193 59 195 0
0.500083 0.154792 0.130741 59 195 0
0.500631 0.159237 0.128823 59 195 0
0.501036 0.163666 0.126832 60 194 0
0.501162 0.168077 0.124764 60 194 0
0.501113 0.172469 0.122656 60 194 0
0.501161 0.17692 0.120682 60 194 0
0.503617 0.179152 0.121222 60 194 0
0.507022 0.183346 0.121236 60 194 0
0.510679 0.187333 0.121584 60 194 0
0.514485 0.191165 0.122019 60 194 0
0.5182 0.195079 0.122012 60 194 0
0.521936 0.198988 0.121711 60 194 0
0.519895 0.197883 0.121075 60 194 0
0.516554 0.194828 0.120838 60 194 0
0.513184 0.19182 0.120437 60 194 0
0.509976 0.188633 0.120088 60 194 0
0.506732 0.18549 0.119676 60 194 0
0.503504 0.182324 0.119331 60 194 0
0.500774 0.18084 0.118461 60 194 0
0.497345 0.177742 0.117789 60 194 0
0.493846 0.174768 0.116936 60 194 0
0.490645 0.171409 0.116367 60 194 0
0.487337 0.168213 0.115552 60 194 0
0.484142 0.164882 0.11487 60 194 0
0.482418 0.164394 0.113694 60 194 0
0.479824 0.166028 0.110295 60 194 0
0.477122 0.167282 0.106802 60 194 0
0.474679 0.168647 0.103158 60 194 0
0.472015 0.169302 0.0994751 60 194 0
0.469562 0.170115 0.0956802 60 194 0
0.467122 0.170871 0.0918629 60 194 0
0.468248 0.170141 0.0940427 60 194 0
0.47045 0.168952 0.0978176 60 194 0
0.472611 0.167631 0.101573 60 194 0
0.475091 0.166564 0.105208 60 194 0
0.477705 0.165378 0.108709 60 194 0
0.480628 0.164575 0.112042 60 194 0
0.482418 0.164394 0.113694 60 194 0
0.486361 0.163267 0.117332 60 194 0
0.490406 0.162132 0.120854 60 194 0
0.494536 0.160901 0.124232 60 194 0
0.498776 0.159714 0.127486 60 194 0
0.498207 0.152171 0.130984 60 194 0
0.497709 0.147655 0.133156 60 194 0
0.497048 0.143172 0.135351 60 194 0
0.496342 0.138709 0.137573 60 194 0
0.495648 0.13428 0.139864 60 194 0
0.495086 0.129876 0.14224 60 194 0
0.49435 0.125426 0.144478 60 194 0
0.493652 0.120956 0.146688 60 194 0
0.492997 0.116425 0.148785 60 194 0
0.492527 0.111839 0.150807 61 193 0
0.492196 0.10718 0.152684 61 193 0
0.491988 0.102501 0.154531 61 193 0
0.491666 0.0976972 0.155998 61 193 0
0.490539 0.0930695 0.156587 61 193 0
0.490704 0.088157 0.157806 61 193 0
0.490594 0.0832088 0.158891 61 193 0
0.490396 0.0782288 0.159804 61 193 0
0.49026 0.0732234 0.160578 61 193 0
0.489917 0.0681889 0.16103 61 193 0
0.489613 0.0631399 0.161329 61 193 0
0.489406 0.058078 0.161416 61 193 0
0.489368 0.0530117 0.161474 61 193 0
0.489345 0.0556786 0.161509 61 193 0
0.489413 0.0610393 0.161405 61 193 0
0.489659 0.0663913 0.161237 61 193 0
0.490127 0.071716 0.160848 61 193 0
0.490664 0.0770151 0.160231 61 193 0
0.491104 0.0823002 0.159448 61 193 0
0.491447 0.0875864 0.158616 61 193 0
0.491842 0.095579 0.156696 61 193 0
0.492051 0.100545 0.155177 61 193 0
0.492651 0.105451 0.15356 61 193 0
0.493182 0.110328 0.151838 61 193 0
0.493695 0.115117 0.149877 61 193 0
0.494367 0.119844 0.147818 61 193 0
0.495247 0.124512 0.1457 61 193 0
0.49617 0.129146 0.143524 61 193 0
0.496942 0.133723 0.141179 61 193 0
0.497781 0.13831 0.138875 61 193 0
0.49854 0.142914 0.136579 61 193 0
0.499425 0.147537 0.13437 61 193 0
0.500156 0.152203 0.132193 61 193 0
0.500083 0.154792 0.130741 61 193 0
0.500631 0.159237 0.128823 61 193 0
0.501036 0.163666 0.126832 61 193 0
0.501162 0.168077 0.124764 61 193 0
0.501113 0.172469 0.122656 61 193 0
0.501161 0.17692 0.120682 61 193 0
0.503617 0.179152 0.121222 61 193 0
0.507022 0.183346 0.121236 61 193 0
0.510679 0.187333 0.121584 61 193 0
0.514485 0.191165 0.122019 61 193 0
0.5182 0.195079 0.122012 61 193 0
0.521936 0.198988 0.121711 61 193 0
0.516496 0.203057 0.129048 61 193 0
0.581519 0.208926 0.158655 61 193 0
0.583704 0.203863 0.150312 61 193 0
0.585149 0.201561 0.15207 61 193 0
0.587141 0.198185 0.154938 62 192 0
0.588936 0.19479 0.157915 62 192 0
0.59098 0.191685 0.161046 62 192 0
0.593128 0.18861 0.164137 62 192 0
0.595707 0.185822 0.167138 62 192 0
0.59687 0.184068 0.168675 62 192 0
0.599954 0.181324 0.171173 62 192 0
0.602722 0.178318 0.173759 62 192 0
0.605467 0.175226 0.176265 62 192 0
0.608373 0.17215 0.178602 62 192 0
0.61154 0.169204 0.180747 62 192 0
0.615601 0.169875 0.180535 62 192 0
0.620248 0.171064 0.179923 62 192 0
0.624747 0.172677 0.179115 62 192 0
0.629247 0.174315 0.178368 62 192 0
0.633755 0.175957 0.177683 62 192 0
0.638293 0.177585 0.177181 62 192 0
0.642974 0.178752 0.177054 62 192 0
0.640641 0.178003 0.177173 62 192 0
0.636117 0.175925 0.177928 62 192 0
0.631432 0.174161 0.178528 62 192 0
0.626788 0.172376 0.179354 62 192 0
0.622064 0.170799 0.180139 62 192 0
0.617346 0.169234 0.180985 62 192 0
0.61334 0.169177 0.180799 62 192 0
0.608724 0.167501 0.180962 62 192 0
0.604017 0.166078 0.180876 62 192 0
0.599315 0.164792 0.180214 62 192 0
0.594626 0.16387 0.179081 62 192 0
0.589959 0.163024 0.177776 62 192 0
0.589171 0.155619 0.181022 62 192 0
0.588793 0.151084 0.183072 62 192 0
0.588185 0.146523 0.185006 62 192 0
0.587597 0.141976 0.186979 62 192 0
0.587125 0.137445 0.18902 62 192 0
0.58662 0.132905 0.191032 62 192 0
0.586068 0.128339 0.192973 62 192 0
0.585488 0.123739 0.194825 62 192 0
0.584906 0.119111 0.196603 62 192 0
0.58465 0.114445 0.198353 62 192 0
0.584462 0.109724 0.19996 62 192 0
0.584184 0.104991 0.201519 62 192 0
0.583942 0.100201 0.202886 62 192 0
0.582952 0.0948565 0.203653 62 192 0
0.582894 0.0896424 0.204304 62 192 0
0.583069 0.0843866 0.204919 62 192 0
0.58278 0.0791211 0.205398 62 192 0
0.582981 0.0738639 0.206004 62 192 0
0.583242 0.0685999 0.20652 62 192 0
0.582842 0.0633308 0.206848 62 192 0
0.582543 0.0580589 0.20725 63 191 0
0.582425 0.0527788 0.20757 63 191 0
0.582594 0.0579822 0.207316 63 191 0
0.582813 0.0629988 0.20687 63 191 0
0.583249 0.06802 0.206544 63 191 0
0.583464 0.0730531 0.206181 63 191 0
0.583706 0.078078 0.205733 63 191 0
0.584002 0.0831004 0.205288 63 191 0
0.584038 0.088136 0.204901 63 191 0
0.583512 0.0957341 0.203606 63 191 0
0.583291 0.100479 0.202362 63 191 0
0.583122 0.105183 0.200964 63 191 0
0.583142 0.109883 0.199551 63 191 0
0.583321 0.114513 0.197928 63 191 0
0.583486 0.11907 0.196105 63 191 0
0.583708 0.123584 0.194185 63 191 0
0.584119 0.128079 0.19225 63 191 0
0.584388 0.132541 0.190215 63 191 0
0.584863 0.136997 0.188206 63 191 0
0.585359 0.141447 0.186188 63 191 0
0.585665 0.145902 0.184146 63 191 0
0.586065 0.150378 0.18217 63 191 0
0.586479 0.15485 0.180193 63 191 0
0.587278 0.156759 0.179634 63 191 0
0.589003 0.161592 0.17815 63 191 0
0.590539 0.166461 0.176569 63 191 0
0.592525 0.1712 0.175093 63 191 0
0.594289 0.175845 0.173127 63 191 0
0.596347 0.18034 0.171111 63 191 0
0.594881 0.181195 0.170266 63 191 0
0.593186 0.184596 0.16727 63 191 0
0.591405 0.187868 0.164184 63 191 0
0.590188 0.191322 0.161015 63 191 0
0.588693 0.194672 0.157856 63 191 0
0.587084 0.198145 0.154893 63 191 0
0.585149 0.201561 0.15207 63 191 0
0.586741 0.199679 0.153689 63 191 0
0.589249 0.197 0.156372 63 191 0
0.59127 0.19407 0.159235 63 191 0
0.593028 0.191084 0.162217 63 191 0
0.594652 0.187968 0.165143 63 191 0
0.596175 0.184793 0.168057 63 191 0
0.597863 0.184305 0.168704 63 191 0
0.600572 0.181267 0.171331 63 191 0
0.603023 0.178039 0.173992 63 191 0
0.606155 0.175192 0.176371 63 191 0
0.609161 0.172161 0.178679 63 191 0
0.61255 0.169398 0.18073 63 191 0
0.615601 0.169875 0.180535 63 191 0
0.620248 0.171064 0.179923 64 190 0
0.624747 0.172677 0.179115 64 190 0
0.629247 0.174315 0.178368 64 190 0
0.633755 0.175957 0.177683 64 190 0
0.638293 0.177585 0.177181 64 190 0
0.642974 0.178752 0.177054 64 190 0
0.640641 0.178003 0.177173 64 190 0
0.636117 0.175925 0.177928 64 190 0
0.631432 0.174161 0.178528 64 190 0
0.626788 0.172376 0.179354 64 190 0
0.622064 0.170799 0.180139 64 190 0
0.617346 0.169234 0.180985 64 190 0
0.61334 0.169177 0.180799 64 190 0
0.608724 0.167501 0.180962 64 190 0
0.604017 0.166078 0.180876 64 190 0
0.599315 0.164792 0.180214 64 190 0
0.594626 0.16387 0.179081 64 190 0
0.589959 0.163024 0.177776 64 190 0
0.589171 0.155619 0.181022 64 190 0
0.588793 0.151084 0.183072 64 190 0
0.588185 0.146523 0.185006 64 190 0
0.587597 0.141976 0.186979 64 190 0
0.587125 0.137445 0.18902 64 190 0
0.58662 0.132905 0.191032 64 190 0
0.586068 0.128339 0.192973 64 190 0
0.585488 0.123739 0.194825 64 190 0
0.584906 0.119111 0.196603 64 190 0
0.58465 0.114445 0.198353 64 190 0
0.584462 0.109724 0.19996 64 190 0
0.584184 0.104991 0.201519 64 190 0
0.583942 0.100201 0.202886 64 190 0
0.582952 0.0948565 0.203653 64 190 0
0.582894 0.0896424 0.204304 64 190 0
0.583069 0.0843866 0.204919 64 190 0
0.58278 0.0791211 0.205398 64 190 0
0.582981 0.0738639 0.206004 64 190 0
0.583242 0.0685999 0.20652 64 190 0
0.582842 0.0633308 0.206848 64 190 0
0.582543 0.0580589 0.20725 64 190 0
0.582425 0.0527788 0.20757 64 190 0
0.582594 0.0579822 0.207316 64 190 0
0.582813 0.0629988 0.20687 64 190 0
0.583249 0.06802 0.206544 64 190 0
0.583464 0.0730531 0.206181 64 190 0
0.583706 0.078078 0.205733 64 190 0
0.584002 0.0831004 0.205288 64 190 0
0.584038 0.088136 0.204901 64 190 0
0.583512 0.0957341 0.203606 64 190 0
0.583291 0.100479 0.202362 64 190 0
0.583122 0.105183 0.200964 65 189 0
0.583142 0.109883 0.199551 65 189 0
0.583321 0.114513 0.197928 65 189 0
0.583486 0.11907 0.196105 65 189 0
0.583708 0.123584 0.194185 65 189 0
0.584119 0.128079 0.19225 65 189 0
0.584388 0.132541 0.190215 65 189 0
0.584863 0.136997 0.188206 65 189 0
0.585359 0.141447 0.186188 65 189 0
0.585665 0.145902 0.184146 65 189 0
0.586065 0.150378 0.18217 65 189 0
0.586479 0.15485 0.180193 65 189 0
0.587278 0.156759 0.179634 65 189 0
0.589003 0.161592 0.17815 65 189 0
0.590539 0.166461 0.176569 65 189 0
0.592525 0.1712 0.175093 65 189 0
0.594289 0.175845 0.173127 65 189 0
0.596347 0.18034 0.171111 65 189 0
0.594881 0.181195 0.170266 65 189 0
0.593186 0.184596 0.16727 65 189 0
0.591405 0.187868 0.164184 65 189 0
0.590188 0.191322 0.161015 65 189 0
0.588693 0.194672 0.157856 65 189 0
0.587084 0.198145 0.154893 65 189 0
0.585149 0.201561 0.15207 65 189 0
0.582877 0.206412 0.160514 65 189 0
0.518668 0.205435 0.128563 65 189 0
0.524048 0.201369 0.121179 65 189 0
0.510383 0.0892786 0.169202 65 189 0
0.508089 0.0986659 0.165274 65 189 0
0.507377 0.103324 0.163219 65 189 0
0.506934 0.107962 0.161036 65 189 0
0.506377 0.112535 0.158744 65 189 0
0.505903 0.117051 0.156324 65 189 0
0.505517 0.121528 0.153818 65 189 0
0.505171 0.125946 0.151203 65 189 0
0.504882 0.130319 0.148508 65 189 0
0.504708 0.134704 0.145822 65 189 0
0.504513 0.139075 0.143116 65 189 0
0.504265 0.143421 0.140372 65 189 0
0.504009 0.147756 0.137612 65 189 0
0.503691 0.152098 0.134869 65 189 0
0.503302 0.156489 0.132215 65 189 0
0.502915 0.160927 0.129641 65 189 0
0.502658 0.165406 0.127122 65 189 0
0.502218 0.169878 0.124622 65 189 0
0.499995 0.168907 0.123493 65 189 0
0.496123 0.167566 0.121697 65 189 0
0.492273 0.16605 0.119992 65 189 0
0.488461 0.164837 0.117992 66 188 0
0.484673 0.16352 0.11601 66 188 0
0.482418 0.164394 0.113694 66 188 0
0.479477 0.165427 0.11034 66 188 0
0.476807 0.16669 0.106837 66 188 0
0.474369 0.168044 0.103196 66 188 0
0.471955 0.169198 0.0994716 66 188 0
0.469557 0.170117 0.0956735 66 188 0
0.467122 0.170871 0.0918629 66 188 0
0.468248 0.170141 0.0940427 66 188 0
0.47045 0.168952 0.0978176 66 188 0
0.472611 0.167631 0.101573 66 188 0
0.475091 0.166564 0.105208 66 188 0
0.477705 0.165378 0.108709 66 188 0
0.480628 0.164575 0.112042 66 188 0
0.482418 0.164394 0.113694 66 188 0
0.486361 0.163267 0.117332 66 188 0
0.490406 0.162132 0.120854 66 188 0
0.494536 0.160901 0.124232 66 188 0
0.498776 0.159714 0.127486 66 188 0
0.498207 0.152171 0.130984 66 188 0
0.497709 0.147655 0.133156 66 188 0
0.497048 0.143172 0.135351 66 188 0
0.496342 0.138709 0.137573 66 188 0
0.495648 0.13428 0.139864 66 188 0
0.495086 0.129876 0.14224 66 188 0
0.49435 0.125426 0.144478 66 188 0
0.493652 0.120956 0.146688 66 188 0
0.492997 0.116425 0.148785 66 188 0
0.492527 0.111839 0.150807 66 188 0
0.492196 0.10718 0.152684 66 188 0
0.491988 0.102501 0.154531 66 188 0
0.491666 0.0976972 0.155998 66 188 0
0.490539 0.0930695 0.156587 66 188 0
0.490704 0.088157 0.157806 66 188 0
0.490594 0.0832088 0.158891 66 188 0
0.490396 0.0782288 0.159804 66 188 0
0.49026 0.0732234 0.160578 66 188 0
0.489917 0.0681889 0.16103 66 188 0
0.489613 0.0631399 0.161329 66 188 0
0.489406 0.058078 0.161416 66 188 0
0.489368 0.0530117 0.161474 66 188 0
0.489345 0.0556786 0.161509 66 188 0
0.489413 0.0610393 0.161405 66 188 0
0.489659 0.0663913 0.161237 66 188 0
0.490127 0.071716 0.160848 66 188 0
0.490664 0.0770151 0.160231 66 188 0
0.491104 0.0823002 0.159448 66 188 0
0.491447 0.0875864 0.158616 66 188 0
0.491842 0.095579 0.156696 66 188 0
0.492051 0.100545 0.155177 67 187 0
0.492651 0.105451 0.15356 67 187 0
0.493182 0.110328 0.151838 67 187 0
0.493695 0.115117 0.149877 67 187 0
0.494367 0.119844 0.147818 67 187 0
0.495247 0.124512 0.1457 67 187 0
0.49617 0.129146 0.143524 67 187 0
0.496942 0.133723 0.141179 67 187 0
0.497781 0.13831 0.138875 67 187 0
0.49854 0.142914 0.136579 67 187 0
0.499425 0.147537 0.13437 67 187 0
0.500156 0.152203 0.132193 67 187 0
0.500083 0.154792 0.130741 67 187 0
0.500631 0.159237 0.128823 67 187 0
0.501036 0.163666 0.126832 67 187 0
0.501162 0.168077 0.124764 67 187 0
0.501113 0.172469 0.122656 67 187 0
0.501161 0.17692 0.120682 67 187 0
0.503617 0.179152 0.121222 67 187 0
0.507022 0.183346 0.121236 67 187 0
0.510679 0.187333 0.121584 67 187 0
0.514485 0.191165 0.122019 67 187 0
0.5182 0.195079 0.122012 67 187 0
0.521936 0.198988 0.121711 67 187 0
0.519895 0.197883 0.121075 67 187 0
0.516554 0.194828 0.120838 67 187 0
0.513184 0.19182 0.120437 67 187 0
0.509976 0.188633 0.120088 67 187 0
0.506732 0.18549 0.119676 67 187 0
0.503504 0.182324 0.119331 67 187 0
0.500774 0.18084 0.118461 67 187 0
0.497345 0.177742 0.117789 67 187 0
0.493846 0.174768 0.116936 67 187 0
0.490645 0.171409 0.116367 67 187 0
0.487337 0.168213 0.115552 67 187 0
0.484142 0.164882 0.11487 67 187 0
0.482418 0.164394 0.113694 67 187 0
0.479824 0.166028 0.110295 67 187 0
0.477122 0.167282 0.106802 67 187 0
0.474679 0.168647 0.103158 67 187 0
0.472015 0.169302 0.0994751 67 187 0
0.469562 0.170115 0.0956802 67 187 0
0.467122 0.170871 0.0918629 67 187 0
0.468248 0.170141 0.0940427 67 187 0
0.47045 0.168952 0.0978176 67 187 0
0.472611 0.167631 0.101573 67 187 0
0.475091 0.166564 0.105208 67 187 0
0.477705 0.165378 0.108709 67 187 0
0.480628 0.164575 0.112042 67 187 0
0.482418 0.164394 0.113694 68 186 0
0.486361 0.163267 0.117332 68 186 0
0.490406 0.162132 0.120854 68 186 0
0.494536 0.160901 0.124232 68 186 0
0.498776 0.159714 0.127486 68 186 0
0.498207 0.152171 0.130984 68 186 0
0.497709 0.147655 0.133156 68 186 0
0.497048 0.143172 0.135351 68 186 0
0.496342 0.138709 0.137573 68 186 0
0.495648 0.13428 0.139864 68 186 0
0.495086 0.129876 0.14224 68 186 0
0.49435 0.125426 0.144478 68 186 0
0.493652 0.120956 0.146688 68 186 0
0.492997 0.116425 0.148785 68 186 0
0.492527 0.111839 0.150807 68 186 0
0.492196 0.10718 0.152684 68 186 0
0.491988 0.102501 0.154531 68 186 0
0.491666 0.0976972 0.155998 68 186 0
0.490539 0.0930695 0.156587 68 186 0
0.490704 0.088157 0.157806 68 186 0
0.490594 0.0832088 0.158891 68 186 0
0.490396 0.0782288 0.159804 68 186 0
0.49026 0.0732234 0.160578 68 186 0
0.489917 0.0681889 0.16103 68 186 0
0.489613 0.0631399 0.161329 68 186 0
0.489406 0.058078 0.161416 68 186 0
0.489368 0.0530117 0.161474 68 186 0
0.489345 0.0556786 0.161509 68 186 0
0.489413 0.0610393 0.161405 68 186 0
0.489659 0.0663913 0.161237 68 186 0
0.490127 0.071716 0.160848 68 186 0
0.490664 0.0770151 0.160231 68 186 0
0.491104 0.0823002 0.159448 68 186 0
0.491447 0.0875864 0.158616 68 186 0
0.491842 0.095579 0.156696 68 186 0
0.492051 0.100545 0.155177 68 186 0
0.492651 0.105451 0.15356 68 186 0
0.493182 0.110328 0.151838 68 186 0
0.493695 0.115117 0.149877 68 186 0
0.494367 0.119844 0.147818 68 186 0
0.495247 0.124512 0.1457 68 186 0
0.49617 0.129146 0.143524 68 186 0
0.496942 0.133723 0.141179 68 186 0
0.497781 0.13831 0.138875 68 186 0
0.49854 0.142914 0.136579 68 186 0
0.499425 0.147537 0.13437 68 186 0
0.500156 0.152203 0.132193 68 186 0
0.500083 0.154792 0.130741 68 186 0
0.500631 0.159237 0.128823 68 186 0
0.501036 0.163666 0.126832 69 185 0
0.501162 0.168077 0.124764 69 185 0
0.501113 0.172469 0.122656 69 185 0
0.501161 0.17692 0.120682 69 185 0
0.503617 0.179152 0.121222 69 185 0
0.507022 0.183346 0.121236 69 185 0
0.510679 0.187333 0.121584 69 185 0
0.514485 0.191165 0.122019 69 185 0
0.5182 0.195079 0.122012 69 185 0
0.521936 0.198988 0.121711 69 185 0
0.516496 0.203057 0.129048 69 185 0
0.581519 0.208926 0.158655 69 185 0
0.583704 0.203863 0.150312 69 185 0
0.585149 0.201561 0.15207 69 185 0
0.587141 0.198185 0.154938 69 185 0
0.588936 0.19479 0.157915 69 185 0
0.59098 0.191685 0.161046 69 185 0
0.593128 0.18861 0.164137 69 185 0
0.595707 0.185822 0.167138 69 185 0
0.59687 0.184068 0.168675 69 185 0
0.599954 0.181324 0.171173 69 185 0
0.602722 0.178318 0.173759 69 185 0
0.605467 0.175226 0.176265 69 185 0
0.608373 0.17215 0.178602 69 185 0
0.61154 0.169204 0.180747 69 185 0
0.615601 0.169875 0.180535 69 185 0
0.620248 0.171064 0.179923 69 185 0
0.624747 0.172677 0.179115 69 185 0
0.629247 0.174315 0.178368 69 185 0
0.633755 0.175957 0.177683 69 185 0
0.638293 0.177585 0.177181 69 185 0
0.642974 0.178752 0.177054 69 185 0
0.640641 0.178003 0.177173 69 185 0
0.636117 0.175925 0.177928 69 185 0
0.631432 0.174161 0.178528 69 185 0
0.626788 0.172376 0.179354 69 185 0
0.622064 0.170799 0.180139 69 185 0
0.617346 0.169234 0.180985 69 185 0
0.61334 0.169177 0.180799 69 185 0
0.608724 0.167501 0.180962 69 185 0
0.604017 0.166078 0.180876 69 185 0
0.599315 0.164792 0.180214 69 185 0
0.594626 0.16387 0.179081 69 185 0
0.589959 0.163024 0.177776 69 185 0
0.589171 0.155619 0.181022 69 185 0
0.588793 0.151084 0.183072 69 185 0
0.588185 0.146523 0.185006 69 185 0
0.587597 0.141976 0.186979 69 185 0
0.587125 0.137445 0.18902 69 185 0
0.58662 0.132905 0.191032 70 184 0
0.586068 0.128339 0.192973 70 184 0
0.585488 0.123739 0.194825 70 184 0
0.584906 0.119111 0.196603 70 184 0
0.58465 0.114445 0.198353 70 184 0
0.584462 0.109724 0.19996 70 184 0
0.584184 0.104991 0.201519 70 184 0
0.583942 0.100201 0.202886 70 184 0
0.582952 0.0948565 0.203653 70 184 0
0.582894 0.0896424 0.204304 70 184 0
0.583069 0.0843866 0.204919 70 184 0
0.58278 0.0791211 0.205398 70 184 0
0.582981 0.0738639 0.206004 70 184 0
0.583242 0.0685999 0.20652 70 184 0
0.582842 0.0633308 0.206848 70 184 0
0.582543 0.0580589 0.20725 70 184 0
0.582425 0.0527788 0.20757 70 184 0
0.582594 0.0579822 0.207316 70 184 0
0.582813 0.0629988 0.20687 70 184 0
0.583249 0.06802 0.206544 70 184 0
0.583464 0.0730531 0.206181 70 184 0
0.583706 0.078078 0.205733 70 184 0
0.584002 0.0831004 0.205288 70 184 0
0.584038 0.088136 0.204901 70 184 0
0.583512 0.0957341 0.203606 70 184 0
0.583291 0.100479 0.202362 70 184 0
0.583122 0.105183 0.200964 70 184 0
0.583142 0.109883 0.199551 70 184 0
0.583321 0.114513 0.197928 70 184 0
0.583486 0.11907 0.196105 70 184 0
0.583708 0.123584 0.194185 70 184 0
0.584119 0.128079 0.19225 70 184 0
0.584388 0.132541 0.190215 70 184 0
0.584863 0.136997 0.188206 70 184 0
0.585359 0.141447 0.186188 70 184 0
0.585665 0.145902 0.184146 70 184 0
0.586065 0.150378 0.18217 70 184 0
0.586479 0.15485 0.180193 70 184 0
0.587278 0.156759 0.179634 70 184 0
0.589003 0.161592 0.17815 70 184 0
0.590539 0.166461 0.176569 70 184 0
0.592525 0.1712 0.175093 70 184 0
0.594289 0.175845 0.173127 70 184 0
0.596347 0.18034 0.171111 70 184 0
0.594881 0.181195 0.170266 70 184 0
0.593186 0.184596 0.16727 70 184 0
0.591405 0.187868 0.164184 70 184 0
0.590188 0.191322 0.161015 70 184 0
0.588693 0.194672 0.157856 70 184 0
0.587084 0.198145 0.154893 70 184 0
0.585149 0.201561 0.15207 71 183 0
0.586741 0.199679 0.153689 71 183 0
0.589249 0.197 0.156372 71 183 0
0.59127 0.19407 0.159235 71 183 0
0.593028 0.191084 0.162217 71 183 0
0.594652 0.187968 0.165143 71 183 0
0.596175 0.184793 0.168057 71 183 0
0.597863 0.184305 0.168704 71 183 0
0.600572 0.181267 0.171331 71 183 0
0.603023 0.178039 0.173992 71 183 0
0.606155 0.175192 0.176371 71 183 0
0.609161 0.172161 0.178679 71 183 0
0.61255 0.169398 0.18073 71 183 0
0.615601 0.169875 0.180535 71 183 0
0.620248 0.171064 0.179923 71 183 0
0.624747 0.172677 0.179115 71 183 0
0.629247 0.174315 0.178368 71 183 0
0.633755 0.175957 0.177683 71 183 0
0.638293 0.177585 0.177181 71 183 0
0.642974 0.178752 0.177054 71 183 0
0.640641 0.178003 0.177173 71 183 0
0.636117 0.175925 0.177928 71 183 0
0.631432 0.174161 0.178528 71 183 0
0.626788 0.172376 0.179354 71 183 0
0.622064 0.170799 0.180139 71 183 0
0.617346 0.169234 0.180985 71 183 0
0.61334 0.169177 0.180799 71 183 0
0.608724 0.167501 0.180962 71 183 0
0.604017 0.166078 0.180876 71 183 0
0.599315 0.164792 0.180214 71 183 0
0.594626 0.16387 0.179081 71 183 0
0.589959 0.163024 0.177776 71 183 0
0.589171 0.155619 0.181022 71 183 0
0.588793 0.151084 0.183072 71 183 0
0.588185 0.146523 0.185006 71 183 0
0.587597 0.141976 0.186979 71 183 0
0.587125 0.137445 0.18902 71 183 0
0.58662 0.132905 0.191032 71 183 0
0.586068 0.128339 0.192973 71 183 0
0.585488 0.123739 0.194825 71 183 0
0.584906 0.119111 0.196603 71 183 0
0.58465 0.114445 0.198353 71 183 0
0.584462 0.109724 0.19996 71 183 0
0.584184 0.104991 0.201519 71 183 0
0.583942 0.100201 0.202886 71 183 0
0.582952 0.0948565 0.203653 71 183 0
0.582894 0.0896424 0.204304 71 183 0
0.583069 0.0843866 0.204919 71 183 0
0.58278 0.0791211 0.205398 71 183 0
0.582981 0.0738639 0.206004 72 182 0
0.583242 0.0685999 0.20652 72 182 0
0.582842 0.0633308 0.206848 72 182 0
0.582543 0.0580589 0.20725 72 182 0
0.582425 0.0527788 0.20757 72 182 0
0.582594 0.0579822 0.207316 72 182 0
0.582813 0.0629988 0.20687 72 182 0
0.583249 0.06802 0.206544 72 182 0
0.583464 0.0730531 0.206181 72 182 0
0.583706 0.078078 0.205733 72 182 0
0.584002 0.0831004 0.205288 72 182 0
0.584038 0.088136 0.204901 72 182 0
0.583512 0.0957341 0.203606 72 182 0
0.583291 0.100479 0.202362 72 182 0
0.583122 0.105183 0.200964 72 182 0
0.583142 0.109883 0.199551 72 182 0
0.583321 0.114513 0.197928 72 182 0
0.583486 0.11907 0.196105 72 182 0
0.583708 0.123584 0.194185 72 182 0
0.584119 0.128079 0.19225 72 182 0
0.584388 0.132541 0.190215 72 182 0
0.584863 0.136997 0.188206 72 182 0
0.585359 0.141447 0.186188 72 182 0
0.585665 0.145902 0.184146 72 182 0
0.586065 0.150378 0.18217 72 182 0
0.586479 0.15485 0.180193 72 182 0
0.587278 0.156759 0.179634 72 182 0
0.589003 0.161592 0.17815 72 182 0
0.590539 0.166461 0.176569 72 182 0
0.592525 0.1712 0.175093 72 182 0
0.594289 0.175845 0.173127 72 182 0
0.596347 0.18034 0.171111 72 182 0
0.594881 0.181195 0.170266 72 182 0
0.593186 0.184596 0.16727 72 182 0
0.591405 0.187868 0.164184 72 182 0
0.590188 0.191322 0.161015 72 182 0
0.588693 0.194672 0.157856 72 182 0
0.587084 0.198145 0.154893 72 182 0
0.585149 0.201561 0.15207 72 182 0
0.582877 0.206412 0.160514 72 182 0
0.518668 0.205435 0.128563 72 182 0
0.524048 0.201369 0.121179 72 182 0
0.510383 0.0892786 0.169202 72 182 0
0.508089 0.0986659 0.165274 72 182 0
0.507377 0.103324 0.163219 72 182 0
0.506934 0.107962 0.161036 72 182 0
0.506377 0.112535 0.158744 72 182 0
0.505903 0.117051 0.156324 72 182 0
0.505517 0.121528 0.153818 72 182 0
0.505171 0.125946 0.151203 73 181 0
0.504882 0.130319 0.148508 73 181 0
0.504708 0.134704 0.145822 73 181 0
0.504513 0.139075 0.143116 73 181 0
0.504265 0.143421 0.140372 73 181 0
0.504009 0.147756 0.137612 73 181 0
0.503691 0.152098 0.134869 73 181 0
0.503302 0.156489 0.132215 73 181 0
0.502915 0.160927 0.129641 73 181 0
0.502658 0.165406 0.127122 73 181 0
0.502218 0.169878 0.124622 73 181 0
0.499995 0.168907 0.123493 73 181 0
0.496123 0.167566 0.121697 73 181 0
0.492273 0.16605 0.119992 73 181 0
0.488461 0.164837 0.117992 73 181 0
0.484673 0.16352 0.11601 73 181 0
0.482418 0.164394 0.113694 73 181 0
0.479477 0.165427 0.11034 73 181 0
0.476807 0.16669 0.106837 73 181 0
0.474369 0.168044 0.103196 73 181 0
0.471955 0.169198 0.0994716 73 181 0
0.469557 0.170117 0.0956735 73 181 0
0.467122 0.170871 0.0918629 73 181 0
0.468248 0.170141 0.0940427 73 181 0
0.47045 0.168952 0.0978176 73 181 0
0.472611 0.167631 0.101573 73 181 0
0.475091 0.166564 0.105208 73 181 0
0.477705 0.165378 0.108709 73 181 0
0.480628 0.164575 0.112042 73 181 0
0.482418 0.164394 0.113694 73 181 0
0.486361 0.163267 0.117332 73 181 0
0.490406 0.162132 0.120854 73 181 0
0.494536 0.160901 0.124232 73 181 0
0.498776 0.159714 0.127486 73 181 0
0.498207 0.152171 0.130984 73 181 0
0.497709 0.147655 0.133156 73 181 0
0.497048 0.143172 0.135351 73 181 0
0.496342 0.138709 0.137573 73 181 0
0.495648 0.13428 0.139864 73 181 0
0.495086 0.129876 0.14224 73 181 0
0.49435 0.125426 0.144478 73 181 0
0.493652 0.120956 0.146688 73 181 0
0.492997 0.116425 0.148785 73 181 0
0.492527 0.111839 0.150807 73 181 0
0.492196 0.10718 0.152684 73 181 0
0.491988 0.102501 0.154531 73 181 0
0.491666 0.0976972 0.155998 73 181 0
0.490539 0.0930695 0.156587 73 181 0
0.490704 0.088157 0.157806 73 181 0
0.490594 0.0832088 0.158891 73 181 0
0.490396 0.0782288 0.159804 74 180 0
0.49026 0.0732234 0.160578 74 180 0
0.489917 0.0681889 0.16103 74 180 0
0.489613 0.0631399 0.161329 74 180 0
0.489406 0.058078 0.161416 74 180 0
0.489368 0.0530117 0.161474 74 180 0
0.489345 0.0556786 0.161509 74 180 0
0.489413 0.0610393 0.161405 74 180 0
0.489659 0.0663913 0.161237 74 180 0
0.490127 0.071716 0.160848 74 180 0
0.490664 0.0770151 0.160231 74 180 0
0.491104 0.0823002 0.159448 74 180 0
0.491447 0.0875864 0.158616 74 180 0
0.491842 0.095579 0.156696 74 180 0
0.492051 0.100545 0.155177 74 180 0
0.492651 0.105451 0.15356 74 180 0
0.493182 0.110328 0.151838 74 180 0
0.493695 0.115117 0.149877 74 180 0
0.494367 0.119844 0.147818 74 180 0
0.495247 0.124512 0.1457 74 180 0
0.49617 0.129146 0.143524 74 180 0
0.496942 0.133723 0.141179 74 180 0
0.497781 0.13831 0.138875 74 180 0
0.49854 0.142914 0.136579 74 180 0
0.499425 0.147537 0.13437 74 180 0
0.500156 0.152203 0.132193 74 180 0
0.500083 0.154792 0.130741 74 180 0
0.500631 0.159237 0.128823 74 180 0
0.501036 0.163666 0.126832 74 180 0
0.501162 0.168077 0.124764 74 180 0
0.501113 0.172469 0.122656 74 180 0
0.501161 0.17692 0.120682 74 180 0
0.503617 0.179152 0.121222 74 180 0
0.507022 0.183346 0.121236 74 180 0
0.510679 0.187333 0.121584 74 180 0
0.514485 0.191165 0.122019 74 180 0
0.5182 0.195079 0.122012 74 180 0
0.521936 0.198988 0.121711 74 180 0
0.519895 0.197883 0.121075 74 180 0
0.516554 0.194828 0.120838 74 180 0
0.513184 0.19182 0.120437 74 180 0
0.509976 0.188633 0.120088 74 180 0
0.506732 0.18549 0.119676 74 180 0
0.503504 0.182324 0.119331 74 180 0
0.500774 0.18084 0.118461 74 180 0
0.497345 0.177742 0.117789 74 180 0
0.493846 0.174768 0.116936 74 180 0
0.490645 0.171409 0.116367 74 180 0
0.487337 0.168213 0.115552 74 180 0
0.484142 0.164882 0.11487 75 179 0
0.482418 0.164394 0.113694 75 179 0
0.479824 0.166028 0.110295 75 179 0
0.477122 0.167282 0.106802 75 179 0
0.474679 0.168647 0.103158 75 179 0
0.472015 0.169302 0.0994751 75 179 0
0.469562 0.170115 0.0956802 75 179 0
0.467122 0.170871 0.0918629 75 179 0
0.468248 0.170141 0.0940427 75 179 0
0.47045 0.168952 0.0978176 75 179 0
0.472611 0.167631 0.101573 75 179 0
0.475091 0.166564 0.105208 75 179 0
0.477705 0.165378 0.108709 75 179 0
0.480628 0.164575 0.112042 75 179 0
0.482418 0.164394 0.113694 75 179 0
0.486361 0.163267 0.117332 75 179 0
0.490406 0.162132 0.120854 75 179 0
0.494536 0.160901 0.124232 75 179 0
0.498776 0.159714 0.127486 75 179 0
0.498207 0.152171 0.130984 75 179 0
0.497709 0.147655 0.133156 75 179 0
0.497048 0.143172 0.135351 75 179 0
0.496342 0.138709 0.137573 75 179 0
0.495648 0.13428 0.139864 75 179 0
0.495086 0.129876 0.14224 75 179 0
0.49435 0.125426 0.144478 75 179 0
0.493652 0.120956 0.146688 75 179 0
0.492997 0.116425 0.148785 75 179 0
0.492527 0.111839 0.150807 75 179 0
0.492196 0.10718 0.152684 75 179 0
0.491988 0.102501 0.154531 75 179 0
0.491666 0.0976972 0.155998 75 179 0
0.490539 0.0930695 0.156587 75 179 0
0.490704 0.088157 0.157806 75 179 0
0.490594 0.0832088 0.158891 75 179 0
0.490396 0.0782288 0.159804 75 179 0
0.49026 0.0732234 0.160578 75 179 0
0.489917 0.0681889 0.16103 75 179 0
0.489613 0.0631399 0.161329 75 179 0
0.489406 0.058078 0.161416 75 179 0
0.489368 0.0530117 0.161474 75 179 0
0.489345 0.0556786 0.161509 75 179 0
0.489413 0.0610393 0.161405 75 179 0
0.489659 0.0663913 0.161237 75 179 0
0.490127 0.071716 0.160848 75 179 0
0.490664 0.0770151 0.160231 75 179 0
0.491104 0.0823002 0.159448 75 179 0
0.491447 0.0875864 0.158616 75 179 0
0.491842 0.095579 0.156696 75 179 0
0.492051 0.100545 0.155177 76 178 0
0.492651 0.105451 0.15356 76 178 0
0.493182 0.110328 0.151838 76 178 0
0.493695 0.115117 0.149877 76 178 0
0.494367 0.119844 0.147818 76 178 0
0.495247 0.124512 0.1457 76 178 0
0.49617 0.129146 0.143524 76 178 0
0.496942 0.133723 0.141179 76 178 0
0.497781 0.13831 0.138875 76 178 0
0.49854 0.142914 0.136579 76 178 0
0.499425 0.147537 0.13437 76 178 0
0.500156 0.152203 0.132193 76 178 0
0.500083 0.154792 0.130741 76 178 0
0.500631 0.159237 0.128823 76 178 0
0.501036 0.163666 0.126832 76 178 0
0.501162 0.168077 0.124764 76 178 0
0.501113 0.172469 0.122656 76 178 0
0.501161 0.17692 0.120682 76 178 0
0.503617 0.179152 0.121222 76 178 0
0.507022 0.183346 0.121236 76 178 0
0.510679 0.187333 0.121584 76 178 0
0.514485 0.191165 0.122019 76 178 0
0.5182 0.195079 0.122012 76 178 0
0.521936 0.198988 0.121711 76 178 0
0.516496 0.203057 0.129048 76 178 0
0.581519 0.208926 0.158655 76 178 0
0.583704 0.203863 0.150312 76 178 0
0.585149 0.201561 0.15207 76 178 0
0.587141 0.198185 0.154938 76 178 0
0.588936 0.19479 0.157915 76 178 0
0.59098 0.191685 0.161046 76 178 0
0.593128 0.18861 0.164137 76 178 0
0.595707 0.185822 0.167138 76 178 0
0.59687 0.184068 0.168675 76 178 0
0.599954 0.181324 0.171173 76 178 0
0.602722 0.178318 0.173759 76 178 0
0.605467 0.175226 0.176265 76 178 0
0.608373 0.17215 0.178602 76 178 0
0.61154 0.169204 0.180747 76 178 0
0.615601 0.169875 0.180535 76 178 0
0.620248 0.171064 0.179923 76 178 0
0.624747 0.172677 0.179115 76 178 0
0.629247 0.174315 0.178368 76 178 0
0.633755 0.175957 0.177683 76 178 0
0.638293 0.177585 0.177181 76 178 0
0.642974 0.178752 0.177054 76 178 0
0.640641 0.178003 0.177173 76 178 0
0.636117 0.175925 0.177928 76 178 0
0.631432 0.174161 0.178528 76 178 0
0.626788 0.172376 0.179354 77 177 0
0.622064 0.170799 0.180139 77 177 0
0.617346 0.169234 0.180985 77 177 0
0.61334 0.169177 0.180799 77 177 0
0.608724 0.167501 0.180962 77 177 0
0.604017 0.166078 0.180876 77 177 0
0.599315 0.164792 0.180214 77 177 0
0.594626 0.16387 0.179081 77 177 0
0.589959 0.163024 0.177776 77 177 0
0.589171 0.155619 0.181022 77 177 0
0.588793 0.151084 0.183072 77 177 0
0.588185 0.146523 0.185006 77 177 0
0.587597 0.141976 0.186979 77 177 0
0.587125 0.137445 0.18902 77 177 0
0.58662 0.132905 0.191032 77 177 0
0.586068 0.128339 0.192973 77 177 0
0.585488 0.123739 0.194825 77 177 0
0.584906 0.119111 0.196603 77 177 0
0.58465 0.114445 0.198353 77 177 0
0.584462 0.109724 0.19996 77 177 0
0.584184 0.104991 0.201519 77 177 0
0.583942 0.100201 0.202886 77 177 0
0.582952 0.0948565 0.203653 77 177 0
0.582894 0.0896424 0.204304 77 177 0
0.583069 0.0843866 0.204919 77 177 0
0.58278 0.0791211 0.205398 77 177 0
0.582981 0.0738639 0.206004 77 177 0
0.583242 0.0685999 0.20652 77 177 0
0.582842 0.0633308 0.206848 77 177 0
0.582543 0.0580589 0.20725 77 177 0
0.582425 0.0527788 0.20757 77 177 0
0.582594 0.0579822 0.207316 77 177 0
0.582813 0.0629988 0.20687 77 177 0
0.583249 0.06802 0.206544 77 177 0
0.583464 0.0730531 0.206181 77 177 0
0.583706 0.078078 0.205733 77 177 0
0.584002 0.0831004 0.205288 77 177 0
0.584038 0.088136 0.204901 77 177 0
0.583512 0.0957341 0.203606 77 177 0
0.583291 0.100479 0.202362 77 177 0
0.583122 0.105183 0.200964 77 177 0
0.583142 0.109883 0.199551 77 177 0
0.583321 0.114513 0.197928 77 177 0
0.583486 0.11907 0.196105 77 177 0
0.583708 0.123584 0.194185 77 177 0
0.584119 0.128079 0.19225 77 177 0
0.584388 0.132541 0.190215 77 177 0
0.584863 0.136997 0.188206 77 177 0
0.585359 0.141447 0.186188 77 177 0
0.585665 0.145902 0.184146 77 177 0
0.586065 0.150378 0.18217 78 176 0
0.586479 0.15485 0.180193 78 176 0
0.587278 0.156759 0.179634 78 176 0
0.589003 0.161592 0.17815 78 176 0
0.590539 0.166461 0.176569 78 176 0
0.592525 0.1712 0.175093 78 176 0
0.594289 0.175845 0.173127 78 176 0
0.596347 0.18034 0.171111 78 176 0
0.594881 0.181195 0.170266 78 176 0
0.593186 0.184596 0.16727 78 176 0
0.591405 0.187868 0.164184 78 176 0
0.590188 0.191322 0.161015 78 176 0
0.588693 0.194672 0.157856 78 176 0
0.587084 0.198145 0.154893 78 176 0
0.585149 0.201561 0.15207 78 176 0
0.586741 0.199679 0.153689 78 176 0
0.589249 0.197 0.156372 78 176 0
0.59127 0.19407 0.159235 78 176 0
0.593028 0.191084 0.162217 78 176 0
0.594652 0.187968 0.165143 78 176 0
0.596175 0.184793 0.168057 78 176 0
0.597863 0.184305 0.168704 78 176 0
0.600572 0.181267 0.171331 78 176 0
0.603023 0.178039 0.173992 78 176 0
0.606155 0.175192 0.176371 78 176 0
0.609161 0.172161 0.178679 78 176 0
0.61255 0.169398 0.18073 78 176 0
0.615601 0.169875 0.180535 78 176 0
0.620248 0.171064 0.179923 78 176 0
0.624747 0.172677 0.179115 78 176 0
0.629247 0.174315 0.178368 78 176 0
0.633755 0.175957 0.177683 78 176 0
0.638293 0.177585 0.177181 78 176 0
0.642974 0.178752 0.177054 78 176 0
0.640641 0.178003 0.177173 78 176 0
0.636117 0.175925 0.177928 78 176 0
0.631432 0.174161 0.178528 78 176 0
0.626788 0.172376 0.179354 78 176 0
0.622064 0.170799 0.180139 78 176 0
0.617346 0.169234 0.180985 78 176 0
0.61334 0.169177 0.180799 78 176 0
0.608724 0.167501 0.180962 78 176 0
0.604017 0.166078 0.180876 78 176 0
0.599315 0.164792 0.180214 78 176 0
0.594626 0.16387 0.179081 78 176 0
0.589959 0.163024 0.177776 78 176 0
0.589171 0.155619 0.181022 78 176 0
0.588793 0.151084 0.183072 78 176 0
0.588185 0.146523 0.185006 78 176 0
0.587597 0.141976 0.186979 79 175 0
0.587125 0.137445 0.18902 79 175 0
0.58662 0.132905 0.191032 79 175 0
0.586068 0.128339 0.192973 79 175 0
0.585488 0.123739 0.194825 79 175 0
0.584906 0.119111 0.196603 79 175 0
0.58465 0.114445 0.198353 79 175 0
0.584462 0.109724 0.19996 79 175 0
0.584184 0.104991 0.201519 79 175 0
0.583942 0.100201 0.202886 79 175 0
0.582952 0.0948565 0.203653 79 175 0
0.582894 0.0896424 0.204304 79 175 0
0.583069 0.0843866 0.204919 79 175 0
0.58278 0.0791211 0.205398 79 175 0
0.582981 0.0738639 0.206004 79 175 0
0.583242 0.0685999 0.20652 79 175 0
0.582842 0.0633308 0.206848 79 175 0
0.582543 0.0580589 0.20725 79 175 0
0.582425 0.0527788 0.20757 79 175 0
0.582594 0.0579822 0.207316 79 175 0
0.582813 0.0629988 0.20687 79 175 0
0.583249 0.06802 0.206544 79 175 0
0.583464 0.0730531 0.206181 79 175 0
0.583706 0.078078 0.205733 79 175 0
0.584002 0.0831004 0.205288 79 175 0
0.584038 0.088136 0.204901 79 175 0
0.583512 0.0957341 0.203606 79 175 0
0.583291 0.100479 0.202362 79 175 0
0.583122 0.105183 0.200964 79 175 0
0.583142 0.109883 0.199551 79 175 0
0.583321 0.114513 0.197928 79 175 0
0.583486 0.11907 0.196105 79 175 0
0.583708 0.123584 0.194185 79 175 0
0.584119 0.128079 0.19225 79 175 0
0.584388 0.132541 0.190215 79 175 0
0.584863 0.136997 0.188206 79 175 0
0.585359 0.141447 0.186188 79 175 0
0.585665 0.145902 0.184146 79 175 0
0.586065 0.150378 0.18217 79 175 0
0.586479 0.15485 0.180193 79 175 0
0.587278 0.156759 0.179634 79 175 0
0.589003 0.161592 0.17815 79 175 0
0.590539 0.166461 0.176569 79 175 0
0.592525 0.1712 0.175093 79 175 0
0.594289 0.175845 0.173127 79 175 0
0.596347 0.18034 0.171111 79 175 0
0.594881 0.181195 0.170266 79 175 0
0.593186 0.184596 0.16727 79 175 0
0.591405 0.187868 0.164184 79 175 0
0.590188 0.191322 0.161015 80 174 0
0.588693 0.194672 0.157856 80 174 0
0.587084 0.198145 0.154893 80 174 0
0.585149 0.201561 0.15207 80 174 0
0.582877 0.206412 0.160514 80 174 0
0.518668 0.205435 0.128563 80 174 0
0.524048 0.201369 0.121179 80 174 0
0.510383 0.0892786 0.169202 80 174 0
0.508089 0.0986659 0.165274 80 174 0
0.507377 0.103324 0.163219 80 174 0
0.506934 0.107962 0.161036 80 174 0
0.506377 0.112535 0.158744 80 174 0
0.505903 0.117051 0.156324 80 174 0
0.505517 0.121528 0.153818 80 174 0
0.505171 0.125946 0.151203 80 174 0
0.504882 0.130319 0.148508 80 174 0
0.504708 0.134704 0.145822 80 174 0
0.504513 0.139075 0.143116 80 174 0
0.504265 0.143421 0.140372 80 174 0
0.504009 0.147756 0.137612 80 174 0
0.503691 0.152098 0.134869 80 174 0
0.503302 0.156489 0.132215 80 174 0
0.502915 0.160927 0.129641 80 174 0
0.502658 0.165406 0.127122 80 174 0
0.502218 0.169878 0.124622 80 174 0
0.499995 0.168907 0.123493 80 174 0
0.496123 0.167566 0.121697 80 174 0
0.492273 0.16605 0.119992 80 174 0
0.488461 0.164837 0.117992 80 174 0
0.484673 0.16352 0.11601 80 174 0
0.482418 0.164394 0.113694 80 174 0
0.479477 0.165427 0.11034 80 174 0
0.476807 0.16669 0.106837 80 174 0
0.474369 0.168044 0.103196 80 174 0
0.471955 0.169198 0.0994716 80 174 0
0.469557 0.170117 0.0956735 80 174 0
0.467122 0.170871 0.0918629 80 174 0
0.468248 0.170141 0.0940427 80 174 0
0.47045 0.168952 0.0978176 80 174 0
0.472611 0.167631 0.101573 80 174 0
0.475091 0.166564 0.105208 80 174 0
0.477705 0.165378 0.108709 80 174 0
0.480628 0.164575 0.112042 80 174 0
0.482418 0.164394 0.113694 80 174 0
0.486361 0.163267 0.117332 80 174 0
0.490406 0.162132 0.120854 80 174 0
0.494536 0.160901 0.124232 80 174 0
0.498776 0.159714 0.127486 80 174 0
0.498207 0.152171 0.130984 80 174 0
0.497709 0.147655 0.133156 81 173 0
0.497048 0.143172 0.135351 81 173 0
0.496342 0.138709 0.137573 81 173 0
0.495648 0.13428 0.139864 81 173 0
0.495086 0.129876 0.14224 81 173 0
0.49435 0.125426 0.144478 81 173 0
0.493652 0.120956 0.146688 81 173 0
0.492997 0.116425 0.148785 81 173 0
0.492527 0.111839 0.150807 81 173 0
0.492196 0.10718 0.152684 81 173 0
0.491988 0.102501 0.154531 81 173 0
0.491666 0.0976972 0.155998 81 173 0
0.490539 0.0930695 0.156587 81 173 0
0.490704 0.088157 0.157806 81 173 0
0.490594 0.0832088 0.158891 81 173 0
0.490396 0.0782288 0.159804 81 173 0
0.49026 0.0732234 0.160578 81 173 0
0.489917 0.0681889 0.16103 81 173 0
0.489613 0.0631399 0.161329 81 173 0
0.489406 0.058078 0.161416 81 173 0
0.489368 0.0530117 0.161474 81 173 0
0.489345 0.0556786 0.161509 81 173 0
0.489413 0.0610393 0.161405 81 173 0
0.489659 0.0663913 0.161237 81 173 0
0.490127 0.071716 0.160848 81 173 0
0.490664 0.0770151 0.160231 81 173 0
0.491104 0.0823002 0.159448 81 173 0
0.491447 0.0875864 0.158616 81 173 0
0.491842 0.095579 0.156696 81 173 0
0.492051 0.100545 0.155177 81 173 0
0.492651 0.105451 0.15356 81 173 0
0.493182 0.110328 0.151838 81 173 0
0.493695 0.115117 0.149877 81 173 0
0.494367 0.119844 0.147818 81 173 0
0.495247 0.124512 0.1457 81 173 0
0.49617 0.129146 0.143524 81 173 0
0.496942 0.133723 0.141179 81 173 0
0.497781 0.13831 0.138875 81 173 0
0.49854 0.142914 0.136579 81 173 0
0.499425 0.147537 0.13437 81 173 0
0.500156 0.152203 0.132193 81 173 0
0.500083 0.154792 0.130741 81 173 0
0.500631 0.159237 0.128823 81 173 0
0.501036 0.163666 0.126832 81 173 0
0.501162 0.168077 0.124764 81 173 0
0.501113 0.172469 0.122656 81 173 0
0.501161 0.17692 0.120682 81 173 0
0.503617 0.179152 0.121222 81 173 0
0.507022 0.183346 0.121236 81 173 0
0.510679 0.187333 0.121584 81 173 0
0.514485 0.191165 0.122019 82 172 0
0.5182 0.195079 0.122012 82 172 0
0.521936 0.198988 0.121711 82 172 0
0.519895 0.197883 0.121075 82 172 0
0.516554 0.194828 0.120838 82 172 0
0.513184 0.19182 0.120437 82 172 0
0.509976 0.188633 0.120088 82 172 0
0.506732 0.18549 0.119676 82 172 0
0.503504 0.182324 0.119331 82 172 0
0.500774 0.18084 0.118461 82 172 0
0.497345 0.177742 0.117789 82 172 0
0.493846 0.174768 0.116936 82 172 0
0.490645 0.171409 0.116367 82 172 0
0.487337 0.168213 0.115552 82 172 0
0.484142 0.164882 0.11487 82 172 0
0.482418 0.164394 0.113694 82 172 0
0.479824 0.166028 0.110295 82 172 0
0.477122 0.167282 0.106802 82 172 0
0.474679 0.168647 0.103158 82 172 0
0.472015 0.169302 0.0994751 82 172 0
0.469562 0.170115 0.0956802 82 172 0
0.467122 0.170871 0.0918629 82 172 0
0.468248 0.170141 0.0940427 82 172 0
0.47045 0.168952 0.0978176 82 172 0
0.472611 0.167631 0.101573 82 172 0
0.475091 0.166564 0.105208 82 172 0
0.477705 0.165378 0.108709 82 172 0
0.480628 0.164575 0.112042 82 172 0
0.482418 0.164394 0.113694 82 172 0
0.486361 0.163267 0.117332 82 172 0
0.490406 0.162132 0.120854 82 172 0
0.494536 0.160901 0.124232 82 172 0
0.498776 0.159714 0.127486 82 172 0
0.498207 0.152171 0.130984 82 172 0
0.497709 0.147655 0.133156 82 172 0
0.497048 0.143172 0.135351 82 172 0
0.496342 0.138709 0.137573 82 172 0
0.495648 0.13428 0.139864 82 172 0
0.495086 0.129876 0.14224 82 172 0
0.49435 0.125426 0.144478 82 172 0
0.493652 0.120956 0.146688 82 172 0
0.492997 0.116425 0.148785 82 172 0
0.492527 0.111839 0.150807 82 172 0
0.492196 0.10718 0.152684 82 172 0
0.491988 0.102501 0.154531 82 172 0
0.491666 0.0976972 0.155998 82 172 0
0.490539 0.0930695 0.156587 82 172 0
0.490704 0.088157 0.157806 82 172 0
0.490594 0.0832088 0.158891 82 172 0
0.490396 0.0782288 0.159804 83 171 0
0.49026 0.0732234 0.160578 83 171 0
0.489917 0.0681889 0.16103 83 171 0
0.489613 0.0631399 0.161329 83 171 0
0.489406 0.058078 0.161416 83 171 0
0.489368 0.0530117 0.161474 83 171 0
0.489345 0.0556786 0.161509 83 171 0
0.489413 0.0610393 0.161405 83 171 0
0.489659 0.0663913 0.161237 83 171 0
0.490127 0.071716 0.160848 83 171 0
0.490664 0.0770151 0.160231 83 171 0
0.491104 0.0823002 0.159448 83 171 0
0.491447 0.0875864 0.158616 83 171 0
0.491842 0.095579 0.156696 83 171 0
0.492051 0.100545 0.155177 83 171 0
0.492651 0.105451 0.15356 83 171 0
0.493182 0.110328 0.151838 83 171 0
0.493695 0.115117 0.149877 83 171 0
0.494367 0.119844 0.147818 83 171 0
0.495247 0.124512 0.1457 83 171 0
0.49617 0.129146 0.143524 83 171 0
0.496942 0.133723 0.141179 83 171 0
0.497781 0.13831 0.138875 83 171 0
0.49854 0.142914 0.136579 83 171 0
0.499425 0.147537 0.13437 83 171 0
0.500156 0.152203 0.132193 83 171 0
0.500083 0.154792 0.130741 83 171 0
0.500631 0.159237 0.128823 83 171 0
0.501036 0.163666 0.126832 83 171 0
0.501162 0.168077 0.124764 83 171 0
0.501113 0.172469 0.122656 83 171 0
0.501161 0.17692 0.120682 83 171 0
0.503617 0.179152 0.121222 83 171 0
0.507022 0.183346 0.121236 83 171 0
0.510679 0.187333 0.121584 83 171 0
0.514485 0.191165 0.122019 83 171 0
0.5182 0.195079 0.122012 83 171 0
0.521936 0.198988 0.121711 83 171 0
0.516496 0.203057 0.129048 83 171 0
0.581519 0.208926 0.158655 83 171 0
0.583704 0.203863 0.150312 83 171 0
0.585149 0.201561 0.15207 83 171 0
0.587141 0.198185 0.154938 83 171 0
0.588936 0.19479 0.157915 83 171 0
0.59098 0.191685 0.161046 83 171 0
0.593128 0.18861 0.164137 83 171 0
0.595707 0.185822 0.167138 83 171 0
0.59687 0.184068 0.168675 83 171 0
0.599954 0.181324 0.171173 83 171 0
0.602722 0.178318 0.173759 84 170 0
0.605467 0.175226 0.176265 84 170 0
0.608373 0.17215 0.178602 84 170 0
0.61154 0.169204 0.180747 84 170 0
0.615601 0.169875 0.180535 84 170 0
0.620248 0.171064 0.179923 84 170 0
0.624747 0.172677 0.179115 84 170 0
0.629247 0.174315 0.178368 84 170 0
0.633755 0.175957 0.177683 84 170 0
0.638293 0.177585 0.177181 84 170 0
0.642974 0.178752 0.177054 84 170 0
0.640641 0.178003 0.177173 84 170 0
0.636117 0.175925 0.177928 84 170 0
0.631432 0.174161 0.178528 84 170 0
0.626788 0.172376 0.179354 84 170 0
0.622064 0.170799 0.180139 84 170 0
0.617346 0.169234 0.180985 84 170 0
0.61334 0.169177 0.180799 84 170 0
0.608724 0.167501 0.180962 84 170 0
0.604017 0.166078 0.180876 84 170 0
0.599315 0.164792 0.180214 84 170 0
0.594626 0.16387 0.179081 84 170 0
0.589959 0.163024 0.177776 84 170 0
0.589171 0.155619 0.181022 84 170 0
0.588793 0.151084 0.183072 84 170 0
0.588185 0.146523 0.185006 84 170 0
0.587597 0.141976 0.186979 84 170 0
0.587125 0.137445 0.18902 84 170 0
0.58662 0.132905 0.191032 84 170 0
0.586068 0.128339 0.192973 84 170 0
0.585488 0.123739 0.194825 84 170 0
0.584906 0.119111 0.196603 84 170 0
0.58465 0.114445 0.198353 84 170 0
0.584462 0.109724 0.19996 84 170 0
0.584184 0.104991 0.201519 84 170 0
0.583942 0.100201 0.202886 84 170 0
0.582952 0.0948565 0.203653 84 170 0
0.582894 0.0896424 0.204304 84 170 0
0.583069 0.0843866 0.204919 84 170 0
0.58278 0.0791211 0.205398 84 170 0
0.582981 0.0738639 0.206004 84 170 0
0.583242 0.0685999 0.20652 84 170 0
0.582842 0.0633308 0.206848 84 170 0
0.582543 0.0580589 0.20725 84 170 0
0.582425 0.0527788 0.20757 84 170 0
0.582594 0.0579822 0.207316 84 170 0
0.582813 0.0629988 0.20687 84 170 0
0.583249 0.06802 0.206544 84 170 0
0.583464 0.0730531 0.206181 84 170 0
0.583706 0.078078 0.205733 85 169 0
0.584002 0.0831004 0.205288 85 169 0
0.584038 0.088136 0.204901 85 169 0
0.583512 0.0957341 0.203606 85 169 0
0.583291 0.100479 0.202362 85 169 0
0.583122 0.105183 0.200964 85 169 0
0.583142 0.109883 0.199551 85 169 0
0.583321 0.114513 0.197928 85 169 0
0.583486 0.11907 0.196105 85 169 0
0.583708 0.123584 0.194185 85 169 0
0.584119 0.128079 0.19225 85 169 0
0.584388 0.132541 0.190215 85 169 0
0.584863 0.136997 0.188206 85 169 0
0.585359 0.141447 0.186188 85 169 0
0.585665 0.145902 0.184146 85 169 0
0.586065 0.150378 0.18217 85 169 0
0.586479 0.15485 0.180193 85 169 0
0.587278 0.156759 0.179634 85 169 0
0.589003 0.161592 0.17815 85 169 0
0.590539 0.166461 0.176569 85 169 0
0.592525 0.1712 0.175093 85 169 0
0.594289 0.175845 0.173127 85 169 0
0.596347 0.18034 0.171111 85 169 0
0.594881 0.181195 0.170266 85 169 0
0.593186 0.184596 0.16727 85 169 0
0.591405 0.187868 0.164184 85 169 0
0.590188 0.191322 0.161015 85 169 0
0.588693 0.194672 0.157856 85 169 0
0.587084 0.198145 0.154893 85 169 0
0.585149 0.201561 0.15207 85 169 0
0.586741 0.199679 0.153689 85 169 0
0.589249 0.197 0.156372 85 169 0
0.59127 0.19407 0.159235 85 169 0
0.593028 0.191084 0.162217 85 169 0
0.594652 0.187968 0.165143 85 169 0
0.596175 0.184793 0.168057 85 169 0
0.597863 0.184305 0.168704 85 169 0
0.600572 0.181267 0.171331 85 169 0
0.603023 0.178039 0.173992 85 169 0
0.606155 0.175192 0.176371 85 169 0
0.609161 0.172161 0.178679 85 169 0
0.61255 0.169398 0.18073 85 169 0
0.615601 0.169875 0.180535 85 169 0
0.620248 0.171064 0.179923 85 169 0
0.624747 0.172677 0.179115 85 169 0
0.629247 0.174315 0.178368 85 169 0
0.633755 0.175957 0.177683 85 169 0
0.638293 0.177585 0.177181 85 169 0
0.642974 0.178752 0.177054 85 169 0
0.640641 0.178003 0.177173 85 169 0
0.636117 0.175925 0.177928 86 168 0
0.631432 0.174161 0.178528 86 168 0
0.626788 0.172376 0.179354 86 168 0
0.622064 0.170799 0.180139 86 168 0
0.617346 0.169234 0.180985 86 168 0
0.61334 0.169177 0.180799 86 168 0
0.608724 0.167501 0.180962 86 168 0
0.604017 0.166078 0.180876 86 168 0
0.599315 0.164792 0.180214 86 168 0
0.594626 0.16387 0.179081 86 168 0
0.589959 0.163024 0.177776 86 168 0
0.589171 0.155619 0.181022 86 168 0
0.588793 0.151084 0.183072 86 168 0
0.588185 0.146523 0.185006 86 168 0
0.587597 0.141976 0.186979 86 168 0
0.587125 0.137445 0.18902 86 168 0
0.58662 0.132905 0.191032 86 168 0
0.586068 0.128339 0.192973 86 168 0
0.585488 0.123739 0.194825 86 168 0
0.584906 0.119111 0.196603 86 168 0
0.58465 0.114445 0.198353 86 168 0
0.584462 0.109724 0.19996 86 168 0
0.584184 0.104991 0.201519 86 168 0
0.583942 0.100201 0.202886 86 168 0
0.582952 0.0948565 0.203653 86 168 0
0.582894 0.0896424 0.204304 86 168 0
0.583069 0.0843866 0.204919 86 168 0
0.58278 0.0791211 0.205398 86 168 0
0.582981 0.0738639 0.206004 86 168 0
0.583242 0.0685999 0.20652 86 168 0
0.582842 0.0633308 0.206848 86 168 0
0.582543 0.0580589 0.20725 86 168 0
0.582425 0.0527788 0.20757 86 168 0
0.582594 0.0579822 0.207316 86 168 0
0.582813 0.0629988 0.20687 86 168 0
0.583249 0.06802 0.206544 86 168 0
0.583464 0.0730531 0.206181 86 168 0
0.583706 0.078078 0.205733 86 168 0
0.584002 0.0831004 0.205288 86 168 0
0.584038 0.088136 0.204901 86 168 0
0.583512 0.0957341 0.203606 86 168 0
0.583291 0.100479 0.202362 86 168 0
0.583122 0.105183 0.200964 86 168 0
0.583142 0.109883 0.199551 86 168 0
0.583321 0.114513 0.197928 86 168 0
0.583486 0.11907 0.196105 86 168 0
0.583708 0.123584 0.194185 86 168 0
0.584119 0.128079 0.19225 86 168 0
0.584388 0.132541 0.190215 86 168 0
0.584863 0.136997 0.188206 87 167 0
0.585359 0.141447 0.186188 87 167 0
0.585665 0.145902 0.184146 87 167 0
0.586065 0.150378 0.18217 87 167 0
0.586479 0.15485 0.180193 87 167 0
0.587278 0.156759 0.179634 87 167 0
0.589003 0.161592 0.17815 87 167 0
0.590539 0.166461 0.176569 87 167 0
0.592525 0.1712 0.175093 87 167 0
0.594289 0.175845 0.173127 87 167 0
0.596347 0.18034 0.171111 87 167 0
0.594881 0.181195 0.170266 87 167 0
0.593186 0.184596 0.16727 87 167 0
0.591405 0.187868 0.164184 87 167 0
0.590188 0.191322 0.161015 87 167 0
0.588693 0.194672 0.157856 87 167 0
0.587084 0.198145 0.154893 87 167 0
0.585149 0.201561 0.15207 87 167 0
0.582877 0.206412 0.160514 87 167 0
0.518668 0.205435 0.128563 87 167 0
0.524048 0.201369 0.121179 87 167 0
0.510383 0.0892786 0.169202 87 167 0
0.508089 0.0986659 0.165274 87 167 0
0.507377 0.103324 0.163219 87 167 0
0.506934 0.107962 0.161036 87 167 0
0.506377 0.112535 0.158744 87 167 0
0.505903 0.117051 0.156324 87 167 0
0.505517 0.121528 0.153818 87 167 0
0.505171 0.125946 0.151203 87 167 0
0.504882 0.130319 0.148508 87 167 0
0.504708 0.134704 0.145822 87 167 0
0.504513 0.139075 0.143116 87 167 0
0.504265 0.143421 0.140372 87 167 0
0.504009 0.147756 0.137612 87 167 0
0.503691 0.152098 0.134869 87 167 0
0.503302 0.156489 0.132215 87 167 0
0.502915 0.160927 0.129641 87 167 0
0.502658 0.165406 0.127122 87 167 0
0.502218 0.169878 0.124622 87 167 0
0.499995 0.168907 0.123493 87 167 0
0.496123 0.167566 0.121697 87 167 0
0.492273 0.16605 0.119992 87 167 0
0.488461 0.164837 0.117992 87 167 0
0.484673 0.16352 0.11601 87 167 0
0.482418 0.164394 0.113694 87 167 0
0.479477 0.165427 0.11034 87 167 0
0.476807 0.16669 0.106837 87 167 0
0.474369 0.168044 0.103196 87 167 0
0.471955 0.169198 0.0994716 87 167 0
0.469557 0.170117 0.0956735 88 166 0
0.467122 0.170871 0.0918629 88 166 0
0.468248 0.170141 0.0940427 88 166 0
0.47045 0.168952 0.0978176 88 166 0
0.472611 0.167631 0.101573 88 166 0
0.475091 0.166564 0.105208 88 166 0
0.477705 0.165378 0.108709 88 166 0
0.480628 0.164575 0.112042 88 166 0
0.482418 0.164394 0.113694 88 166 0
0.486361 0.163267 0.117332 88 166 0
0.490406 0.162132 0.120854 88 166 0
0.494536 0.160901 0.124232 88 166 0
0.498776 0.159714 0.127486 88 166 0
0.498207 0.152171 0.130984 88 166 0
0.497709 0.147655 0.133156 88 166 0
0.497048 0.143172 0.135351 88 166 0
0.496342 0.138709 0.137573 88 166 0
0.495648 0.13428 0.139864 88 166 0
0.495086 0.129876 0.14224 88 166 0
0.49435 0.125426 0.144478 88 166 0
0.493652 0.120956 0.146688 88 166 0
0.492997 0.116425 0.148785 88 166 0
0.492527 0.111839 0.150807 88 166 0
0.492196 0.10718 0.152684 88 166 0
0.491988 0.102501 0.154531 88 166 0
0.491666 0.0976972 0.155998 88 166 0
0.490539 0.0930695 0.156587 88 166 0
0.490704 0.088157 0.157806 88 166 0
0.490594 0.0832088 0.158891 88 166 0
0.490396 0.0782288 0.159804 88 166 0
0.49026 0.0732234 0.160578 88 166 0
0.489917 0.0681889 0.16103 88 166 0
0.489613 0.0631399 0.161329 88 166 0
0.489406 0.058078 0.161416 88 166 0
0.489368 0.0530117 0.161474 88 166 0
0.489345 0.0556786 0.161509 88 166 0
0.489413 0.0610393 0.161405 88 166 0
0.489659 0.0663913 0.161237 88 166 0
0.490127 0.071716 0.160848 88 166 0
0.490664 0.0770151 0.160231 88 166 0
0.491104 0.0823002 0.159448 88 166 0
0.491447 0.0875864 0.158616 88 166 0
0.491842 0.095579 0.156696 88 166 0
0.492051 0.100545 0.155177 88 166 0
0.492651 0.105451 0.15356 88 166 0
0.493182 0.110328 0.151838 88 166 0
0.493695 0.115117 0.149877 88 166 0
0.494367 0.119844 0.147818 88 166 0
0.495247 0.124512 0.1457 88 166 0
0.49617 0.129146 0.143524 88 166 0
0.496942 0.133723 0.141179 89 165 0
0.497781 0.13831 0.138875 89 165 0
0.49854 0.142914 0.136579 89 165 0
0.499425 0.147537 0.13437 89 165 0
0.500156 0.152203 0.132193 89 165 0
0.500083 0.154792 0.130741 89 165 0
0.500631 0.159237 0.128823 89 165 0
0.501036 0.163666 0.126832 89 165 0
0.501162 0.168077 0.124764 89 165 0
0.501113 0.172469 0.122656 89 165 0
0.501161 0.17692 0.120682 89 165 0
0.503617 0.179152 0.121222 89 165 0
0.507022 0.183346 0.121236 89 165 0
0.510679 0.187333 0.121584 89 165 0
0.514485 0.191165 0.122019 89 165 0
0.5182 0.195079 0.122012 89 165 0
0.521936 0.198988 0.121711 89 165 0
0.519895 0.197883 0.121075 89 165 0
0.516554 0.194828 0.120838 89 165 0
0.513184 0.19182 0.120437 89 165 0
0.509976 0.188633 0.120088 89 165 0
0.506732 0.18549 0.119676 89 165 0
0.503504 0.182324 0.119331 89 165 0
0.500774 0.18084 0.118461 89 165 0
0.497345 0.177742 0.117789 89 165 0
0.493846 0.174768 0.116936 89 165 0
0.490645 0.171409 0.116367 89 165 0
0.487337 0.168213 0.115552 89 165 0
0.484142 0.164882 0.11487 89 165 0
0.482418 0.164394 0.113694 89 165 0
0.479824 0.166028 0.110295 89 165 0
0.477122 0.167282 0.106802 89 165 0
0.474679 0.168647 0.103158 89 165 0
0.472015 0.169302 0.0994751 89 165 0
0.469562 0.170115 0.0956802 89 165 0
0.467122 0.170871 0.0918629 89 165 0
0.468248 0.170141 0.0940427 89 165 0
0.47045 0.168952 0.0978176 89 165 0
0.472611 0.167631 0.101573 89 165 0
0.475091 0.166564 0.105208 89 165 0
0.477705 0.165378 0.108709 89 165 0
0.480628 0.164575 0.112042 89 165 0
0.482418 0.164394 0.113694 89 165 0
0.486361 0.163267 0.117332 89 165 0
0.490406 0.162132 0.120854 89 165 0
0.494536 0.160901 0.124232 89 165 0
0.498776 0.159714 0.127486 89 165 0
0.498207 0.152171 0.130984 89 165 0
0.497709 0.147655 0.133156 89 165 0
0.497048 0.143172 0.135351 90 164 0
0.496342 0.138709 0.137573 90 164 0
0.495648 0.13428 0.139864 90 164 0
0.495086 0.129876 0.14224 90 164 0
0.49435 0.125426 0.144478 90 164 0
0.493652 0.120956 0.146688 90 164 0
0.492997 0.116425 0.148785 90 164 0
0.492527 0.111839 0.150807 90 164 0
0.492196 0.10718 0.152684 90 164 0
0.491988 0.102501 0.154531 90 164 0
0.491666 0.0976972 0.155998 90 164 0
0.490539 0.0930695 0.156587 90 164 0
0.490704 0.088157 0.157806 90 164 0
0.490594 0.0832088 0.158891 90 164 0
0.490396 0.0782288 0.159804 90 164 0
0.49026 0.0732234 0.160578 90 164 0
0.489917 0.0681889 0.16103 90 164 0
0.489613 0.0631399 0.161329 90 164 0
0.489406 0.058078 0.161416 90 164 0
0.489368 0.0530117 0.161474 90 164 0
0.489345 0.0556786 0.161509 90 164 0
0.489413 0.0610393 0.161405 90 164 0
0.489659 0.0663913 0.161237 90 164 0
0.490127 0.071716 0.160848 90 164 0
0.490664 0.0770151 0.160231 90 164 0
0.491104 0.0823002 0.159448 90 164 0
0.491447 0.0875864 0.158616 90 164 0
0.491842 0.095579 0.156696 90 164 0
0.492051 0.100545 0.155177 90 164 0
0.492651 0.105451 0.15356 90 164 0
0.493182 0.110328 0.151838 90 164 0
0.493695 0.115117 0.149877 90 164 0
0.494367 0.119844 0.147818 90 164 0
0.495247 0.124512 0.1457 90 164 0
0.49617 0.129146 0.143524 90 164 0
0.496942 0.133723 0.141179 90 164 0
0.497781 0.13831 0.138875 90 164 0
0.49854 0.142914 0.136579 90 164 0
0.499425 0.147537 0.13437 90 164 0
0.500156 0.152203 0.132193 90 164 0
0.500083 0.154792 0.130741 90 164 0
0.500631 0.159237 0.128823 90 164 0
0.501036 0.163666 0.126832 90 164 0
0.501162 0.168077 0.124764 90 164 0
0.501113 0.172469 0.122656 90 164 0
0.501161 0.17692 0.120682 90 164 0
0.503617 0.179152 0.121222 90 164 0
0.507022 0.183346 0.121236 90 164 0
0.510679 0.187333 0.121584 90 164 0
0.514485 0.191165 0.122019 91 163 0
0.5182 0.195079 0.122012 91 163 0
0.521936 0.198988 0.121711 91 163 0
0.516496 0.203057 0.129048 91 163 0
0.581519 0.208926 0.158655 91 163 0
0.583704 0.203863 0.150312 91 163 0
0.585149 0.201561 0.15207 91 163 0
0.587141 0.198185 0.154938 91 163 0
0.588936 0.19479 0.157915 91 163 0
0.59098 0.191685 0.161046 91 163 0
0.593128 0.18861 0.164137 91 163 0
0.595707 0.185822 0.167138 91 163 0
0.59687 0.184068 0.168675 91 163 0
0.599954 0.181324 0.171173 91 163 0
0.602722 0.178318 0.173759 91 163 0
0.605467 0.175226 0.176265 91 163 0
0.608373 0.17215 0.178602 91 163 0
0.61154 0.169204 0.180747 91 163 0
0.615601 0.169875 0.180535 91 163 0
0.620248 0.171064 0.179923 91 163 0
0.624747 0.172677 0.179115 91 163 0
0.629247 0.174315 0.178368 91 163 0
0.633755 0.175957 0.177683 91 163 0
0.638293 0.177585 0.177181 91 163 0
0.642974 0.178752 0.177054 91 163 0
0.640641 0.178003 0.177173 91 163 0
0.636117 0.175925 0.177928 91 163 0
0.631432 0.174161 0.178528 91 163 0
0.626788 0.172376 0.179354 91 163 0
0.622064 0.170799 0.180139 91 163 0
0.617346 0.169234 0.180985 91 163 0
0.61334 0.169177 0.180799 91 163 0
0.608724 0.167501 0.180962 91 163 0
0.604017 0.166078 0.180876 91 163 0
0.599315 0.164792 0.180214 91 163 0
0.594626 0.16387 0.179081 91 163 0
0.589959 0.163024 0.177776 91 163 0
0.589171 0.155619 0.181022 91 163 0
0.588793 0.151084 0.183072 91 163 0
0.588185 0.146523 0.185006 91 163 0
0.587597 0.141976 0.186979 91 163 0
0.587125 0.137445 0.18902 91 163 0
0.58662 0.132905 0.191032 91 163 0
0.586068 0.128339 0.192973 91 163 0
0.585488 0.123739 0.194825 91 163 0
0.584906 0.119111 0.196603 91 163 0
0.58465 0.114445 0.198353 91 163 0
0.584462 0.109724 0.19996 91 163 0
0.584184 0.104991 0.201519 91 163 0
0.583942 0.100201 0.202886 92 162 0
0.582952 0.0948565 0.203653 92 162 0
0.582894 0.0896424 0.204304 92 162 0
0.583069 0.0843866 0.204919 92 162 0
0.58278 0.0791211 0.205398 92 162 0
0.582981 0.0738639 0.206004 92 162 0
0.583242 0.0685999 0.20652 92 162 0
0.582842 0.0633308 0.206848 92 162 0
0.582543 0.0580589 0.20725 92 162 0
0.582425 0.0527788 0.20757 92 162 0
0.582594 0.0579822 0.207316 92 162 0
0.582813 0.0629988 0.20687 92 162 0
0.583249 0.06802 0.206544 92 162 0
0.583464 0.0730531 0.206181 92 162 0
0.583706 0.078078 0.205733 92 162 0
0.584002 0.0831004 0.205288 92 162 0
0.584038 0.088136 0.204901 92 162 0
0.583512 0.0957341 0.203606 92 162 0
0.583291 0.100479 0.202362 92 162 0
0.583122 0.105183 0.200964 92 162 0
0.583142 0.109883 0.199551 92 162 0
0.583321 0.114513 0.197928 92 162 0
0.583486 0.11907 0.196105 92 162 0
0.583708 0.123584 0.194185 92 162 0
0.584119 0.128079 0.19225 92 162 0
0.584388 0.132541 0.190215 92 162 0
0.584863 0.136997 0.188206 92 162 0
0.585359 0.141447 0.186188 92 162 0
0.585665 0.145902 0.184146 92 162 0
0.586065 0.150378 0.18217 92 162 0
0.586479 0.15485 0.180193 92 162 0
0.587278 0.156759 0.179634 92 162 0
0.589003 0.161592 0.17815 92 162 0
0.590539 0.166461 0.176569 92 162 0
0.592525 0.1712 0.175093 92 162 0
0.594289 0.175845 0.173127 92 162 0
0.596347 0.18034 0.171111 92 162 0
0.594881 0.181195 0.170266 92 162 0
0.593186 0.184596 0.16727 92 162 0
0.591405 0.187868 0.164184 92 162 0
0.590188 0.191322 0.161015 92 162 0
0.588693 0.194672 0.157856 92 162 0
0.587084 0.198145 0.154893 92 162 0
0.585149 0.201561 0.15207 92 162 0
0.586741 0.199679 0.153689 92 162 0
0.589249 0.197 0.156372 92 162 0
0.59127 0.19407 0.159235 92 162 0
0.593028 0.191084 0.162217 92 162 0
0.594652 0.187968 0.165143 92 162 0
0.596175 0.184793 0.168057 92 162 0
0.597863 0.184305 0.168704 93 161 0
0.600572 0.181267 0.171331 93 161 0
0.603023 0.178039 0.173992 93 161 0
0.606155 0.175192 0.176371 93 161 0
0.609161 0.172161 0.178679 93 161 0
0.61255 0.169398 0.18073 93 161 0
0.615601 0.169875 0.180535 93 161 0
0.620248 0.171064 0.179923 93 161 0
0.624747 0.172677 0.179115 93 161 0
0.629247 0.174315 0.178368 93 161 0
0.633755 0.175957 0.177683 93 161 0
0.638293 0.177585 0.177181 93 161 0
0.642974 0.178752 0.177054 93 161 0
0.640641 0.178003 0.177173 93 161 0
0.636117 0.175925 0.177928 93 161 0
0.631432 0.174161 0.178528 93 161 0
0.626788 0.172376 0.179354 93 161 0
0.622064 0.170799 0.180139 93 161 0
0.617346 0.169234 0.180985 93 161 0
0.61334 0.169177 0.180799 93 161 0
0.608724 0.167501 0.180962 93 161 0
0.604017 0.166078 0.180876 93 161 0
0.599315 0.164792 0.180214 93 161 0
0.594626 0.16387 0.179081 93 161 0
0.589959 0.163024 0.177776 93 161 0
0.589171 0.155619 0.181022 93 161 0
0.588793 0.151084 0.183072 93 161 0
0.588185 0.146523 0.185006 93 161 0
0.587597 0.141976 0.186979 93 161 0
0.587125 0.137445 0.18902 93 161 0
0.58662 0.132905 0.191032 93 161 0
0.586068 0.128339 0.192973 93 161 0
0.585488 0.123739 0.194825 93 161 0
0.584906 0.119111 0.196603 93 161 0
0.58465 0.114445 0.198353 93 161 0
0.584462 0.109724 0.19996 93 161 0
0.584184 0.104991 0.201519 93 161 0
0.583942 0.100201 0.202886 93 161 0
0.582952 0.0948565 0.203653 93 161 0
0.582894 0.0896424 0.204304 93 161 0
0.583069 0.0843866 0.204919 93 161 0
0.58278 0.0791211 0.205398 93 161 0
0.582981 0.0738639 0.206004 93 161 0
0.583242 0.0685999 0.20652 93 161 0
0.582842 0.0633308 0.206848 93 161 0
0.582543 0.0580589 0.20725 93 161 0
0.582425 0.0527788 0.20757 93 161 0
0.582594 0.0579822 0.207316 93 161 0
0.582813 0.0629988 0.20687 93 161 0
0.583249 0.06802 0.206544 94 160 0
0.583464 0.0730531 0.206181 94 160 0
0.583706 0.078078 0.205733 94 160 0
0.584002 0.0831004 0.205288 94 160 0
0.584038 0.088136 0.204901 94 160 0
0.583512 0.0957341 0.203606 94 160 0
0.583291 0.100479 0.202362 94 160 0
0.583122 0.105183 0.200964 94 160 0
0.583142 0.109883 0.199551 94 160 0
0.583321 0.114513 0.197928 94 160 0
0.583486 0.11907 0.196105 94 160 0
0.583708 0.123584 0.194185 94 160 0
0.584119 0.128079 0.19225 94 160 0
0.584388 0.132541 0.190215 94 160 0
0.584863 0.136997 0.188206 94 160 0
0.585359 0.141447 0.186188 94 160 0
0.585665 0.145902 0.184146 94 160 0
0.586065 0.150378 0.18217 94 160 0
0.586479 0.15485 0.180193 94 160 0
0.587278 0.156759 0.179634 94 160 0
0.589003 0.161592 0.17815 94 160 0
0.590539 0.166461 0.176569 94 160 0
0.592525 0.1712 0.175093 94 160 0
0.594289 0.175845 0.173127 94 160 0
0.596347 0.18034 0.171111 94 160 0
0.594881 0.181195 0.170266 94 160 0
0.593186 0.184596 0.16727 94 160 0
0.591405 0.187868 0.164184 94 160 0
0.590188 0.191322 0.161015 94 160 0
0.588693 0.194672 0.157856 94 160 0
0.587084 0.198145 0.154893 94 160 0
0.585149 0.201561 0.15207 94 160 0
0.582877 0.206412 0.160514 94 160 0
0.518668 0.205435 0.128563 94 160 0
0.524048 0.201369 0.121179 94 160 0
0.510383 0.0892786 0.169202 94 160 0
0.508089 0.0986659 0.165274 94 160 0
0.507377 0.103324 0.163219 94 160 0
0.506934 0.107962 0.161036 94 160 0
0.506377 0.112535 0.158744 94 160 0
0.505903 0.117051 0.156324 94 160 0
0.505517 0.121528 0.153818 94 160 0
0.505171 0.125946 0.151203 94 160 0
0.504882 0.130319 0.148508 94 160 0
0.504708 0.134704 0.145822 94 160 0
0.504513 0.139075 0.143116 94 160 0
0.504265 0.143421 0.140372 94 160 0
0.504009 0.147756 0.137612 94 160 0
0.503691 0.152098 0.134869 94 160 0
0.503302 0.156489 0.132215 95 159 0
0.502915 0.160927 0.129641 95 159 0
0.502658 0.165406 0.127122 95 159 0
0.502218 0.169878 0.124622 95 159 0
0.499995 0.168907 0.123493 95 159 0
0.496123 0.167566 0.121697 95 159 0
0.492273 0.16605 0.119992 95 159 0
0.488461 0.164837 0.117992 95 159 0
0.484673 0.16352 0.11601 95 159 0
0.482418 0.164394 0.113694 95 159 0
0.479477 0.165427 0.11034 95 159 0
0.476807 0.16669 0.106837 95 159 0
0.474369 0.168044 0.103196 95 159 0
0.471955 0.169198 0.0994716 95 159 0
0.469557 0.170117 0.0956735 95 159 0
0.467122 0.170871 0.0918629 95 159 0
0.468248 0.170141 0.0940427 95 159 0
0.47045 0.168952 0.0978176 95 159 0
0.472611 0.167631 0.101573 95 159 0
0.475091 0.166564 0.105208 95 159 0
0.477705 0.165378 0.108709 95 159 0
0.480628 0.164575 0.112042 95 159 0
0.482418 0.164394 0.113694 95 159 0
0.486361 0.163267 0.117332 95 159 0
0.490406 0.162132 0.120854 95 159 0
0.494536 0.160901 0.124232 95 159 0
0.498776 0.159714 0.127486 95 159 0
0.498207 0.152171 0.130984 95 159 0
0.497709 0.147655 0.133156 95 159 0
0.497048 0.143172 0.135351 95 159 0
0.496342 0.138709 0.137573 95 159 0
0.495648 0.13428 0.139864 95 159 0
0.495086 0.129876 0.14224 95 159 0
0.49435 0.125426 0.144478 95 159 0
0.493652 0.120956 0.146688 95 159 0
0.492997 0.116425 0.148785 95 159 0
0.492527 0.111839 0.150807 95 159 0
0.492196 0.10718 0.152684 95 159 0
0.491988 0.102501 0.154531 95 159 0
0.491666 0.0976972 0.155998 95 159 0
0.490539 0.0930695 0.156587 95 159 0
0.490704 0.088157 0.157806 95 159 0
0.490594 0.0832088 0.158891 95 159 0
0.490396 0.0782288 0.159804 95 159 0
0.49026 0.0732234 0.160578 95 159 0
0.489917 0.0681889 0.16103 95 159 0
0.489613 0.0631399 0.161329 95 159 0
0.489406 0.058078 0.161416 95 159 0
0.489368 0.0530117 0.161474 95 159 0
0.489345 0.0556786 0.161509 96 158 0
0.489413 0.0610393 0.161405 96 158 0
0.489659 0.0663913 0.161237 96 158 0
0.490127 0.071716 0.160848 96 158 0
0.490664 0.0770151 0.160231 96 158 0
0.491104 0.0823002 0.159448 96 158 0
0.491447 0.0875864 0.158616 96 158 0
0.491842 0.095579 0.156696 96 158 0
0.492051 0.100545 0.155177 96 158 0
0.492651 0.105451 0.15356 96 158 0
0.493182 0.110328 0.151838 96 158 0
0.493695 0.115117 0.149877 96 158 0
0.494367 0.119844 0.147818 96 158 0
0.495247 0.124512 0.1457 96 158 0
0.49617 0.129146 0.143524 96 158 0
0.496942 0.133723 0.141179 96 158 0
0.497781 0.13831 0.138875 96 158 0
0.49854 0.142914 0.136579 96 158 0
0.499425 0.147537 0.13437 96 158 0
0.500156 0.152203 0.132193 96 158 0
0.500083 0.154792 0.130741 96 158 0
0.500631 0.159237 0.128823 96 158 0
0.501036 0.163666 0.126832 96 158 0
0.501162 0.168077 0.124764 96 158 0
0.501113 0.172469 0.122656 96 158 0
0.501161 0.17692 0.120682 96 158 0
0.503617 0.179152 0.121222 96 158 0
0.507022 0.183346 0.121236 96 158 0
0.510679 0.187333 0.121584 96 158 0
0.514485 0.191165 0.122019 96 158 0
0.5182 0.195079 0.122012 96 158 0
0.521936 0.198988 0.121711 96 158 0
0.519895 0.197883 0.121075 96 158 0
0.516554 0.194828 0.120838 96 158 0
0.513184 0.19182 0.120437 96 158 0
0.509976 0.188633 0.120088 96 158 0
0.506732 0.18549 0.119676 96 158 0
0.503504 0.182324 0.119331 96 158 0
0.500774 0.18084 0.118461 96 158 0
0.497345 0.177742 0.117789 96 158 0
0.493846 0.174768 0.116936 96 158 0
0.490645 0.171409 0.116367 96 158 0
0.487337 0.168213 0.115552 96 158 0
0.484142 0.164882 0.11487 96 158 0
0.482418 0.164394 0.113694 96 158 0
0.479824 0.166028 0.110295 96 158 0
0.477122 0.167282 0.106802 96 158 0
0.474679 0.168647 0.103158 96 158 0
0.472015 0.169302 0.0994751 96 158 0
0.469562 0.170115 0.0956802 96 158 0
0.467122 0.170871 0.0918629 97 157 0
0.468248 0.170141 0.0940427 97 157 0
0.47045 0.168952 0.0978176 97 157 0
0.472611 0.167631 0.101573 97 157 0
0.475091 0.166564 0.105208 97 157 0
0.477705 0.165378 0.108709 97 157 0
0.480628 0.164575 0.112042 97 157 0
0.482418 0.164394 0.113694 97 157 0
0.486361 0.163267 0.117332 97 157 0
0.490406 0.162132 0.120854 97 157 0
0.494536 0.160901 0.124232 97 157 0
0.498776 0.159714 0.127486 97 157 0
0.498207 0.152171 0.130984 97 157 0
0.497709 0.147655 0.133156 97 157 0
0.497048 0.143172 0.135351 97 157 0
0.496342 0.138709 0.137573 97 157 0
0.495648 0.13428 0.139864 97 157 0
0.495086 0.129876 0.14224 97 157 0
0.49435 0.125426 0.144478 97 157 0
0.493652 0.120956 0.146688 97 157 0
0.492997 0.116425 0.148785 97 157 0
0.492527 0.111839 0.150807 97 157 0
0.492196 0.10718 0.152684 97 157 0
0.491988 0.102501 0.154531 97 157 0
0.491666 0.0976972 0.155998 97 157 0
0.490539 0.0930695 0.156587 97 157 0
0.490704 0.088157 0.157806 97 157 0
0.490594 0.0832088 0.158891 97 157 0
0.490396 0.0782288 0.159804 97 157 0
0.49026 0.0732234 0.160578 97 157 0
0.489917 0.0681889 0.16103 97 157 0
0.489613 0.0631399 0.161329 97 157 0
0.489406 0.058078 0.161416 97 157 0
0.489368 0.0530117 0.161474 97 157 0
0.489345 0.0556786 0.161509 97 157 0
0.489413 0.0610393 0.161405 97 157 0
0.489659 0.0663913 0.161237 97 157 0
0.490127 0.071716 0.160848 97 157 0
0.490664 0.0770151 0.160231 97 157 0
0.491104 0.0823002 0.159448 97 157 0
0.491447 0.0875864 0.158616 97 157 0
0.491842 0.095579 0.156696 97 157 0
0.492051 0.100545 0.155177 97 157 0
0.492651 0.105451 0.15356 97 157 0
0.493182 0.110328 0.151838 97 157 0
0.493695 0.115117 0.149877 97 157 0
0.494367 0.119844 0.147818 97 157 0
0.495247 0.124512 0.1457 97 157 0
0.49617 0.129146 0.143524 97 157 0
0.496942 0.133723 0.141179 98 156 0
0.497781 0.13831 0.138875 98 156 0
0.49854 0.142914 0.136579 98 156 0
0.499425 0.147537 0.13437 98 156 0
0.500156 0.152203 0.132193 98 156 0
0.500083 0.154792 0.130741 98 156 0
0.500631 0.159237 0.128823 98 156 0
0.501036 0.163666 0.126832 98 156 0
0.501162 0.168077 0.124764 98 156 0
0.501113 0.172469 0.122656 98 156 0
0.501161 0.17692 0.120682 98 156 0
0.503617 0.179152 0.121222 98 156 0
0.507022 0.183346 0.121236 98 156 0
0.510679 0.187333 0.121584 98 156 0
0.514485 0.191165 0.122019 98 156 0
0.5182 0.195079 0.122012 98 156 0
0.521936 0.198988 0.121711 98 156 0
0.516496 0.203057 0.129048 98 156 0
0.581519 0.208926 0.158655 98 156 0
0.583704 0.203863 0.150312 98 156 0
0.585149 0.201561 0.15207 98 156 0
0.587141 0.198185 0.154938 98 156 0
0.588936 0.19479 0.157915 98 156 0
0.59098 0.191685 0.161046 98 156 0
0.593128 0.18861 0.164137 98 156 0
0.595707 0.185822 0.167138 98 156 0
0.59687 0.184068 0.168675 98 156 0
0.599954 0.181324 0.171173 98 156 0
0.602722 0.178318 0.173759 98 156 0
0.605467 0.175226 0.176265 98 156 0
0.608373 0.17215 0.178602 98 156 0
0.61154 0.169204 0.180747 98 156 0
0.615601 0.169875 0.180535 98 156 0
0.620248 0.171064 0.179923 98 156 0
0.624747 0.172677 0.179115 98 156 0
0.629247 0.174315 0.178368 98 156 0
0.633755 0.175957 0.177683 98 156 0
0.638293 0.177585 0.177181 98 156 0
0.642974 0.178752 0.177054 98 156 0
0.640641 0.178003 0.177173 98 156 0
0.636117 0.175925 0.177928 98 156 0
0.631432 0.174161 0.178528 98 156 0
0.626788 0.172376 0.179354 98 156 0
0.622064 0.170799 0.180139 98 156 0
0.617346 0.169234 0.180985 98 156 0
0.61334 0.169177 0.180799 98 156 0
0.608724 0.167501 0.180962 98 156 0
0.604017 0.166078 0.180876 98 156 0
0.599315 0.164792 0.180214 98 156 0
0.594626 0.16387 0.179081 99 155 0
0.589959 0.163024 0.177776 99 155 0
0.589171 0.155619 0.181022 99 155 0
0.588793 0.151084 0.183072 99 155 0
0.588185 0.146523 0.185006 99 155 0
0.587597 0.141976 0.186979 99 155 0
0.587125 0.137445 0.18902 99 155 0
0.58662 0.132905 0.191032 99 155 0
0.586068 0.128339 0.192973 99 155 0
0.585488 0.123739 0.194825 99 155 0
0.584906 0.119111 0.196603 99 155 0
0.58465 0.114445 0.198353 99 155 0
0.584462 0.109724 0.19996 99 155 0
0.584184 0.104991 0.201519 99 155 0
0.583942 0.100201 0.202886 99 155 0
0.582952 0.0948565 0.203653 99 155 0
0.582894 0.0896424 0.204304 99 155 0
0.583069 0.0843866 0.204919 99 155 0
0.58278 0.0791211 0.205398 99 155 0
0.582981 0.0738639 0.206004 99 155 0
0.583242 0.0685999 0.20652 99 155 0
0.582842 0.0633308 0.206848 99 155 0
0.582543 0.0580589 0.20725 99 155 0
0.582425 0.0527788 0.20757 99 155 0
0.582594 0.0579822 0.207316 99 155 0
0.582813 0.0629988 0.20687 99 155 0
0.583249 0.06802 0.206544 99 155 0
0.583464 0.0730531 0.206181 99 155 0
0.583706 0.078078 0.205733 99 155 0
0.584002 0.0831004 0.205288 99 155 0
0.584038 0.088136 0.204901 99 155 0
0.583512 0.0957341 0.203606 99 155 0
0.583291 0.100479 0.202362 99 155 0
0.583122 0.105183 0.200964 99 155 0
0.583142 0.109883 0.199551 99 155 0
0.583321 0.114513 0.197928 99 155 0
0.583486 0.11907 0.196105 99 155 0
0.583708 0.123584 0.194185 99 155 0
0.584119 0.128079 0.19225 99 155 0
0.584388 0.132541 0.190215 99 155 0
0.584863 0.136997 0.188206 99 155 0
0.585359 0.141447 0.186188 99 155 0
0.585665 0.145902 0.184146 99 155 0
0.586065 0.150378 0.18217 99 155 0
0.586479 0.15485 0.180193 99 155 0
0.587278 0.156759 0.179634 99 155 0
0.589003 0.161592 0.17815 99 155 0
0.590539 0.166461 0.176569 99 155 0
0.592525 0.1712 0.175093 99 155 0
0.594289 0.175845 0.173127 99 155 0
0.596347 0.18034 0.171111 100 154 0
0.594881 0.181195 0.170266 100 154 0
0.593186 0.184596 0.16727 100 154 0
0.591405 0.187868 0.164184 100 154 0
0.590188 0.191322 0.161015 100 154 0
0.588693 0.194672 0.157856 100 154 0
0.587084 0.198145 0.154893 100 154 0
0.585149 0.201561 0.15207 100 154 0
0.586741 0.199679 0.153689 100 154 0
0.589249 0.197 0.156372 100 154 0
0.59127 0.19407 0.159235 100 154 0
0.593028 0.191084 0.162217 100 154 0
0.594652 0.187968 0.165143 100 154 0
0.596175 0.184793 0.168057 100 154 0
0.597863 0.184305 0.168704 100 154 0
0.600572 0.181267 0.171331 100 154 0
0.603023 0.178039 0.173992 100 154 0
0.606155 0.175192 0.176371 100 154 0
0.609161 0.172161 0.178679 100 154 0
0.61255 0.169398 0.18073 100 154 0
0.615601 0.169875 0.180535 100 154 0
0.620248 0.171064 0.179923 100 154 0
0.624747 0.172677 0.179115 100 154 0
0.629247 0.174315 0.178368 100 154 0
0.633755 0.175957 0.177683 100 154 0
0.638293 0.177585 0.177181 100 154 0
0.642974 0.178752 0.177054 100 154 0
0.640641 0.178003 0.177173 100 154 0
0.636117 0.175925 0.177928 100 154 0
0.631432 0.174161 0.178528 100 154 0
0.626788 0.172376 0.179354 100 154 0
0.622064 0.170799 0.180139 100 154 0
0.617346 0.169234 0.180985 100 154 0
0.61334 0.169177 0.180799 100 154 0
0.608724 0.167501 0.180962 100 154 0
0.604017 0.166078 0.180876 100 154 0
0.599315 0.164792 0.180214 100 154 0
0.594626 0.16387 0.179081 100 154 0
0.589959 0.163024 0.177776 100 154 0
0.589171 0.155619 0.181022 100 154 0
0.588793 0.151084 0.183072 100 154 0
0.588185 0.146523 0.185006 100 154 0
0.587597 0.141976 0.186979 100 154 0
0.587125 0.137445 0.18902 100 154 0
0.58662 0.132905 0.191032 100 154 0
0.586068 0.128339 0.192973 100 154 0
0.585488 0.123739 0.194825 100 154 0
0.584906 0.119111 0.196603 100 154 0
0.58465 0.114445 0.198353 100 154 0
0.584462 0.109724 0.19996 101 153 0
0.584184 0.104991 0.201519 101 153 0
0.583942 0.100201 0.202886 101 153 0
0.582952 0.0948565 0.203653 101 153 0
0.582894 0.0896424 0.204304 101 153 0
0.583069 0.0843866 0.204919 101 153 0
0.58278 0.0791211 0.205398 101 153 0
0.582981 0.0738639 0.206004 101 153 0
0.583242 0.0685999 0.20652 101 153 0
0.582842 0.0633308 0.206848 101 153 0
0.582543 0.0580589 0.20725 101 153 0
0.582425 0.0527788 0.20757 101 153 0
0.582594 0.0579822 0.207316 101 153 0
0.582813 0.0629988 0.20687 101 153 0
0.583249 0.06802 0.206544 101 153 0
0.583464 0.0730531 0.206181 101 153 0
0.583706 0.078078 0.205733 101 153 0
0.584002 0.0831004 0.205288 101 153 0
0.584038 0.088136 0.204901 101 153 0
0.583512 0.0957341 0.203606 101 153 0
0.583291 0.100479 0.202362 101 153 0
0.583122 0.105183 0.200964 101 153 0
0.583142 0.109883 0.199551 101 153 0
0.583321 0.114513 0.197928 101 153 0
0.583486 0.11907 0.196105 101 153 0
0.583708 0.123584 0.194185 101 153 0
0.584119 0.128079 0.19225 101 153 0
0.584388 0.132541 0.190215 101 153 0
0.584863 0.136997 0.188206 101 153 0
0.585359 0.141447 0.186188 101 153 0
0.585665 0.145902 0.184146 101 153 0
0.586065 0.150378 0.18217 101 153 0
0.586479 0.15485 0.180193 101 153 0
0.587278 0.156759 0.179634 101 153 0
0.589003 0.161592 0.17815 101 153 0
0.590539 0.166461 0.176569 101 153 0
0.592525 0.1712 0.175093 101 153 0
0.594289 0.175845 0.173127 101 153 0
0.596347 0.18034 0.171111 101 153 0
0.594881 0.181195 0.170266 101 153 0
0.593186 0.184596 0.16727 101 153 0
0.591405 0.187868 0.164184 101 153 0
0.590188 0.191322 0.161015 101 153 0
0.588693 0.194672 0.157856 101 153 0
0.587084 0.198145 0.154893 101 153 0
0.585149 0.201561 0.15207 101 153 0
0.582877 0.206412 0.160514 101 153 0
0.518668 0.205435 0.128563 101 153 0
0.524048 0.201369 0.121179 101 153 0
0.510383 0.0892786 0.169202 102 152 0
0.508089 0.0986659 0.165274 102 152 0
0.507377 0.103324 0.163219 102 152 0
0.506934 0.107962 0.161036 102 152 0
0.506377 0.112535 0.158744 102 152 0
0.505903 0.117051 0.156324 102 152 0
0.505517 0.121528 0.153818 102 152 0
0.505171 0.125946 0.151203 102 152 0
0.504882 0.130319 0.148508 102 152 0
0.504708 0.134704 0.145822 102 152 0
0.504513 0.139075 0.143116 102 152 0
0.504265 0.143421 0.140372 102 152 0
0.504009 0.147756 0.137612 102 152 0
0.503691 0.152098 0.134869 102 152 0
0.503302 0.156489 0.132215 102 152 0
0.502915 0.160927 0.129641 102 152 0
0.502658 0.165406 0.127122 102 152 0
0.502218 0.169878 0.124622 102 152 0
0.499995 0.168907 0.123493 102 152 0
0.496123 0.167566 0.121697 102 152 0
0.492273 0.16605 0.119992 102 152 0
0.488461 0.164837 0.117992 102 152 0
0.484673 0.16352 0.11601 102 152 0
0.482418 0.164394 0.113694 102 152 0
0.479477 0.165427 0.11034 102 152 0
0.476807 0.16669 0.106837 102 152 0
0.474369 0.168044 0.103196 102 152 0
0.471955 0.169198 0.0994716 102 152 0
0.469557 0.170117 0.0956735 102 152 0
0.467122 0.170871 0.0918629 102 152 0
0.468248 0.170141 0.0940427 102 152 0
0.47045 0.168952 0.0978176 102 152 0
0.472611 0.167631 0.101573 102 152 0
0.475091 0.166564 0.105208 102 152 0
0.477705 0.165378 0.108709 102 152 0
0.480628 0.164575 0.112042 102 152 0
0.482418 0.164394 0.113694 102 152 0
0.486361 0.163267 0.117332 102 152 0
0.490406 0.162132 0.120854 102 152 0
0.494536 0.160901 0.124232 102 152 0
0.498776 0.159714 0.127486 102 152 0
0.498207 0.152171 0.130984 102 152 0
0.497709 0.147655 0.133156 102 152 0
0.497048 0.143172 0.135351 102 152 0
0.496342 0.138709 0.137573 102 152 0
0.495648 0.13428 0.139864 102 152 0
0.495086 0.129876 0.14224 102 152 0
0.49435 0.125426 0.144478 102 152 0
0.493652 0.120956 0.146688 102 152 0
0.492997 0.116425 0.148785 103 151 0
0.492527 0.111839 0.150807 103 151 0
0.492196 0.10718 0.152684 103 151 0
0.491988 0.102501 0.154531 103 151 0
0.491666 0.0976972 0.155998 103 151 0
0.490539 0.0930695 0.156587 103 151 0
0.490704 0.088157 0.157806 103 151 0
0.490594 0.0832088 0.158891 103 151 0
0.490396 0.0782288 0.159804 103 151 0
0.49026 0.0732234 0.160578 103 151 0
0.489917 0.0681889 0.16103 103 151 0
0.489613 0.0631399 0.161329 103 151 0
0.489406 0.058078 0.161416 103 151 0
0.489368 0.0530117 0.161474 103 151 0
0.489345 0.0556786 0.161509 103 151 0
0.489413 0.0610393 0.161405 103 151 0
0.489659 0.0663913 0.161237 103 151 0
0.490127 0.071716 0.160848 103 151 0
0.490664 0.0770151 0.160231 103 151 0
0.491104 0.0823002 0.159448 103 151 0
0.491447 0.0875864 0.158616 103 151 0
0.491842 0.095579 0.156696 103 151 0
0.492051 0.100545 0.155177 103 151 0
0.492651 0.105451 0.15356 103 151 0
0.493182 0.110328 0.151838 103 151 0
0.493695 0.115117 0.149877 103 151 0
0.494367 0.119844 0.147818 103 151 0
0.495247 0.124512 0.1457 103 151 0
0.49617 0.129146 0.143524 103 151 0
0.496942 0.133723 0.141179 103 151 0
0.497781 0.13831 0.138875 103 151 0
0.49854 0.142914 0.136579 103 151 0
0.499425 0.147537 0.13437 103 151 0
0.500156 0.152203 0.132193 103 151 0
0.500083 0.154792 0.130741 103 151 0
0.500631 0.159237 0.128823 103 151 0
0.501036 0.163666 0.126832 103 151 0
0.501162 0.168077 0.124764 103 151 0
0.501113 0.172469 0.122656 103 151 0
0.501161 0.17692 0.120682 103 151 0
0.503617 0.179152 0.121222 103 151 0
0.507022 0.183346 0.121236 103 151 0
0.510679 0.187333 0.121584 103 151 0
0.514485 0.191165 0.122019 103 151 0
0.5182 0.195079 0.122012 103 151 0
0.521936 0.198988 0.121711 103 151 0
0.519895 0.197883 0.121075 103 151 0
0.516554 0.194828 0.120838 103 151 0
0.513184 0.19182 0.120437 103 151 0
0.509976 0.188633 0.120088 103 151 0
0.506732 0.18549 0.119676 104 150 0
0.503504 0.182324 0.119331 104 150 0
0.500774 0.18084 0.118461 104 150 0
0.497345 0.177742 0.117789 104 150 0
0.493846 0.174768 0.116936 104 150 0
0.490645 0.171409 0.116367 104 150 0
0.487337 0.168213 0.115552 104 150 0
0.484142 0.164882 0.11487 104 150 0
0.482418 0.164394 0.113694 104 150 0
0.479824 0.166028 0.110295 104 150 0
0.477122 0.167282 0.106802 104 150 0
0.474679 0.168647 0.103158 104 150 0
0.472015 0.169302 0.0994751 104 150 0
0.469562 0.170115 0.0956802 104 150 0
0.467122 0.170871 0.0918629 104 150 0
0.468248 0.170141 0.0940427 104 150 0
0.47045 0.168952 0.0978176 104 150 0
0.472611 0.167631 0.101573 104 150 0
0.475091 0.166564 0.105208 104 150 0
0.477705 0.165378 0.108709 104 150 0
0.480628 0.164575 0.112042 104 150 0
0.482418 0.164394 0.113694 104 150 0
0.486361 0.163267 0.117332 104 150 0
0.490406 0.162132 0.120854 104 150 0
0.494536 0.160901 0.124232 104 150 0
0.498776 0.159714 0.127486 104 150 0
0.498207 0.152171 0.130984 104 150 0
0.497709 0.147655 0.133156 104 150 0
0.497048 0.143172 0.135351 104 150 0
0.496342 0.138709 0.137573 104 150 0
0.495648 0.13428 0.139864 104 150 0
0.495086 0.129876 0.14224 104 150 0
0.49435 0.125426 0.144478 104 150 0
0.493652 0.120956 0.146688 104 150 0
0.492997 0.116425 0.148785 104 150 0
0.492527 0.111839 0.150807 104 150 0
0.492196 0.10718 0.152684 104 150 0
0.491988 0.102501 0.154531 104 150 0
0.491666 0.0976972 0.155998 104 150 0
0.490539 0.0930695 0.156587 104 150 0
0.490704 0.088157 0.157806 104 150 0
0.490594 0.0832088 0.158891 104 150 0
0.490396 0.0782288 0.159804 104 150 0
0.49026 0.0732234 0.160578 104 150 0
0.489917 0.0681889 0.16103 104 150 0
0.489613 0.0631399 0.161329 104 150 0
0.489406 0.058078 0.161416 104 150 0
0.489368 0.0530117 0.161474 104 150 0
0.489345 0.0556786 0.161509 104 150 0
0.489413 0.0610393 0.161405 105 149 0
0.489659 0.0663913 0.161237 105 149 0
0.490127 0.071716 0.160848 105 149 0
0.490664 0.0770151 0.160231 105 149 0
0.491104 0.0823002 0.159448 105 149 0
0.491447 0.0875864 0.158616 105 149 0
0.491842 0.095579 0.156696 105 149 0
0.492051 0.100545 0.155177 105 149 0
0.492651 0.105451 0.15356 105 149 0
0.493182 0.110328 0.151838 105 149 0
0.493695 0.115117 0.149877 105 149 0
0.494367 0.119844 0.147818 105 149 0
0.495247 0.124512 0.1457 105 149 0
0.49617 0.129146 0.143524 105 149 0
0.496942 0.133723 0.141179 105 149 0
0.497781 0.13831 0.138875 105 149 0
0.49854 0.142914 0.136579 105 149 0
0.499425 0.147537 0.13437 105 149 0
0.500156 0.152203 0.132193 105 149 0
0.500083 0.154792 0.130741 105 149 0
0.500631 0.159237 0.128823 105 149 0
0.501036 0.163666 0.126832 105 149 0
0.501162 0.168077 0.124764 105 149 0
0.501113 0.172469 0.122656 105 149 0
0.501161 0.17692 0.120682 105 149 0
0.503617 0.179152 0.121222 105 149 0
0.507022 0.183346 0.121236 105 149 0
0.510679 0.187333 0.121584 105 149 0
0.514485 0.191165 0.122019 105 149 0
0.5182 0.195079 0.122012 105 149 0
0.521936 0.198988 0.121711 105 149 0
0.516496 0.203057 0.129048 105 149 0
0.581519 0.208926 0.158655 105 149 0
0.583704 0.203863 0.150312 105 149 0
0.585149 0.201561 0.15207 105 149 0
0.587141 0.198185 0.154938 105 149 0
0.588936 0.19479 0.157915 105 149 0
0.59098 0.191685 0.161046 105 149 0
0.593128 0.18861 0.164137 105 149 0
0.595707 0.185822 0.167138 105 149 0
0.59687 0.184068 0.168675 105 149 0
0.599954 0.181324 0.171173 105 149 0
0.602722 0.178318 0.173759 105 149 0
0.605467 0.175226 0.176265 105 149 0
0.608373 0.17215 0.178602 105 149 0
0.61154 0.169204 0.180747 105 149 0
0.615601 0.169875 0.180535 105 149 0
0.620248 0.171064 0.179923 105 149 0
0.624747 0.172677 0.179115 105 149 0
0.629247 0.174315 0.178368 106 148 0
0.633755 0.175957 0.177683 106 148 0
0.638293 0.177585 0.177181 106 148 0
0.642974 0.178752 0.177054 106 148 0
0.640641 0.178003 0.177173 106 148 0
0.636117 0.175925 0.177928 106 148 0
0.631432 0.174161 0.178528 106 148 0
0.626788 0.172376 0.179354 106 148 0
0.622064 0.170799 0.180139 106 148 0
0.617346 0.169234 0.180985 106 148 0
0.61334 0.169177 0.180799 106 148 0
0.608724 0.167501 0.180962 106 148 0
0.604017 0.166078 0.180876 106 148 0
0.599315 0.164792 0.180214 106 148 0
0.594626 0.16387 0.179081 106 148 0
0.589959 0.163024 0.177776 106 148 0
0.589171 0.155619 0.181022 106 148 0
0.588793 0.151084 0.183072 106 148 0
0.588185 0.146523 0.185006 106 148 0
0.587597 0.141976 0.186979 106 148 0
0.587125 0.137445 0.18902 106 148 0
0.58662 0.132905 0.191032 106 148 0
0.586068 0.128339 0.192973 106 148 0
0.585488 0.123739 0.194825 106 148 0
0.584906 0.119111 0.196603 106 148 0
0.58465 0.114445 0.198353 106 148 0
0.584462 0.109724 0.19996 106 148 0
0.584184 0.104991 0.201519 106 148 0
0.583942 0.100201 0.202886 106 148 0
0.582952 0.0948565 0.203653 106 148 0
0.582894 0.0896424 0.204304 106 148 0
0.583069 0.0843866 0.204919 106 148 0
0.58278 0.0791211 0.205398 106 148 0
0.582981 0.0738639 0.206004 106 148 0
0.583242 0.0685999 0.20652 106 148 0
0.582842 0.0633308 0.206848 106 148 0
0.582543 0.0580589 0.20725 106 148 0
0.582425 0.0527788 0.20757 106 148 0
0.582594 0.0579822 0.207316 106 148 0
0.582813 0.0629988 0.20687 106 148 0
0.583249 0.06802 0.206544 106 148 0
0.583464 0.0730531 0.206181 106 148 0
0.583706 0.078078 0.205733 106 148 0
0.584002 0.0831004 0.205288 106 148 0
0.584038 0.088136 0.204901 106 148 0
0.583512 0.0957341 0.203606 106 148 0
0.583291 0.100479 0.202362 106 148 0
0.583122 0.105183 0.200964 106 148 0
0.583142 0.109883 0.199551 106 148 0
0.583321 0.114513 0.197928 107 147 0
0.583486 0.11907 0.196105 107 147 0
0.583708 0.123584 0.194185 107 147 0
0.584119 0.128079 0.19225 107 147 0
0.584388 0.132541 0.190215 107 147 0
0.584863 0.136997 0.188206 107 147 0
0.585359 0.141447 0.186188 107 147 0
0.585665 0.145902 0.184146 107 147 0
0.586065 0.150378 0.18217 107 147 0
0.586479 0.15485 0.180193 107 147 0
0.587278 0.156759 0.179634 107 147 0
0.589003 0.161592 0.17815 107 147 0
0.590539 0.166461 0.176569 107 147 0
0.592525 0.1712 0.175093 107 147 0
0.594289 0.175845 0.173127 107 147 0
0.596347 0.18034 0.171111 107 147 0
0.594881 0.181195 0.170266 107 147 0
0.593186 0.184596 0.16727 107 147 0
0.591405 0.187868 0.164184 107 147 0
0.590188 0.191322 0.161015 107 147 0
0.588693 0.194672 0.157856 107 147 0
0.587084 0.198145 0.154893 107 147 0
0.585149 0.201561 0.15207 107 147 0
0.586741 0.199679 0.153689 107 147 0
0.589249 0.197 0.156372 107 147 0
0.59127 0.19407 0.159235 107 147 0
0.593028 0.191084 0.162217 107 147 0
0.594652 0.187968 0.165143 107 147 0
0.596175 0.184793 0.168057 107 147 0
0.597863 0.184305 0.168704 107 147 0
0.600572 0.181267 0.171331 107 147 0
0.603023 0.178039 0.173992 107 147 0
0.606155 0.175192 0.176371 107 147 0
0.609161 0.172161 0.178679 107 147 0
0.61255 0.169398 0.18073 107 147 0
0.615601 0.169875 0.180535 107 147 0
0.620248 0.171064 0.179923 107 147 0
0.624747 0.172677 0.179115 107 147 0
0.629247 0.174315 0.178368 107 147 0
0.633755 0.175957 0.177683 107 147 0
0.638293 0.177585 0.177181 107 147 0
0.642974 0.178752 0.177054 107 147 0
0.640641 0.178003 0.177173 107 147 0
0.636117 0.175925 0.177928 107 147 0
0.631432 0.174161 0.178528 107 147 0
0.626788 0.172376 0.179354 107 147 0
0.622064 0.170799 0.180139 107 147 0
0.617346 0.169234 0.180985 107 147 0
0.61334 0.169177 0.180799 107 147 0
0.608724 0.167501 0.180962 107 147 0
0.604017 0.166078 0.180876 108 146 0
0.599315 0.164792 0.180214 108 146 0
0.594626 0.16387 0.179081 108 146 0
0.589959 0.163024 0.177776 108 146 0
0.589171 0.155619 0.181022 108 146 0
0.588793 0.151084 0.183072 108 146 0
0.588185 0.146523 0.185006 108 146 0
0.587597 0.141976 0.186979 108 146 0
0.587125 0.137445 0.18902 108 146 0
0.58662 0.132905 0.191032 108 146 0
0.586068 0.128339 0.192973 108 146 0
0.585488 0.123739 0.194825 108 146 0
0.584906 0.119111 0.196603 108 146 0
0.58465 0.114445 0.198353 108 146 0
0.584462 0.109724 0.19996 108 146 0
0.584184 0.104991 0.201519 108 146 0
0.583942 0.100201 0.202886 108 146 0
0.582952 0.0948565 0.203653 108 146 0
0.582894 0.0896424 0.204304 108 146 0
0.583069 0.0843866 0.204919 108 146 0
0.58278 0.0791211 0.205398 108 146 0
0.582981 0.0738639 0.206004 108 146 0
0.583242 0.0685999 0.20652 108 146 0
0.582842 0.0633308 0.206848 108 146 0
0.582543 0.0580589 0.20725 108 146 0
0.582425 0.0527788 0.20757 108 146 0
0.582594 0.0579822 0.207316 108 146 0
0.582813 0.0629988 0.20687 108 146 0
0.583249 0.06802 0.206544 108 146 0
0.583464 0.0730531 0.206181 108 146 0
0.583706 0.078078 0.205733 108 146 0
0.584002 0.0831004 0.205288 108 146 0
0.584038 0.088136 0.204901 108 146 0
0.583512 0.0957341 0.203606 108 146 0
0.583291 0.100479 0.202362 108 146 0
0.583122 0.105183 0.200964 108 146 0
0.583142 0.109883 0.199551 108 146 0
0.583321 0.114513 0.197928 108 146 0
0.583486 0.11907 0.196105 108 146 0
0.583708 0.123584 0.194185 108 146 0
0.584119 0.128079 0.19225 108 146 0
0.584388 0.132541 0.190215 108 146 0
0.584863 0.136997 0.188206 108 146 0
0.585359 0.141447 0.186188 108 146 0
0.585665 0.145902 0.184146 108 146 0
0.586065 0.150378 0.18217 108 146 0
0.586479 0.15485 0.180193 108 146 0
0.587278 0.156759 0.179634 108 146 0
0.589003 0.161592 0.17815 108 146 0
0.590539 0.166461 0.176569 109 145 0
0.592525 0.1712 0.175093 109 145 0
0.594289 0.175845 0.173127 109 145 0
0.596347 0.18034 0.171111 109 145 0
0.594881 0.181195 0.170266 109 145 0
0.593186 0.184596 0.16727 109 145 0
0.591405 0.187868 0.164184 109 145 0
0.590188 0.191322 0.161015 109 145 0
0.588693 0.194672 0.157856 109 145 0
0.587084 0.198145 0.154893 109 145 0
0.585149 0.201561 0.15207 109 145 0
0.582877 0.206412 0.160514 109 145 0
0.518668 0.205435 0.128563 109 145 0
0.524048 0.201369 0.121179 109 145 0
0.510383 0.0892786 0.169202 109 145 0
0.508089 0.0986659 0.165274 109 145 0
0.507377 0.103324 0.163219 109 145 0
0.506934 0.107962 0.161036 109 145 0
0.506377 0.112535 0.158744 109 145 0
0.505903 0.117051 0.156324 109 145 0
0.505517 0.121528 0.153818 109 145 0
0.505171 0.125946 0.151203 109 145 0
0.504882 0.130319 0.148508 109 145 0
0.504708 0.134704 0.145822 109 145 0
0.504513 0.139075 0.143116 109 145 0
0.504265 0.143421 0.140372 109 145 0
0.504009 0.147756 0.137612 109 145 0
0.503691 0.152098 0.134869 109 145 0
0.503302 0.156489 0.132215 109 145 0
0.502915 0.160927 0.129641 109 145 0
0.502658 0.165406 0.127122 109 145 0
0.502218 0.169878 0.124622 109 145 0
0.499995 0.168907 0.123493 109 145 0
0.496123 0.167566 0.121697 109 145 0
0.492273 0.16605 0.119992 109 145 0
0.488461 0.164837 0.117992 109 145 0
0.484673 0.16352 0.11601 109 145 0
0.482418 0.164394 0.113694 109 145 0
0.479477 0.165427 0.11034 109 145 0
0.476807 0.16669 0.106837 109 145 0
0.474369 0.168044 0.103196 109 145 0
0.471955 0.169198 0.0994716 109 145 0
0.469557 0.170117 0.0956735 109 145 0
0.467122 0.170871 0.0918629 109 145 0
0.468248 0.170141 0.0940427 109 145 0
0.47045 0.168952 0.0978176 109 145 0
0.472611 0.167631 0.101573 109 145 0
0.475091 0.166564 0.105208 109 145 0
0.477705 0.165378 0.108709 109 145 0
0.480628 0.164575 0.112042 110 144 0
0.482418 0.164394 0.113694 110 144 0
0.486361 0.163267 0.117332 110 144 0
0.490406 0.162132 0.120854 110 144 0
0.494536 0.160901 0.124232 110 144 0
0.498776 0.159714 0.127486 110 144 0
0.498207 0.152171 0.130984 110 144 0
0.497709 0.147655 0.133156 110 144 0
0.497048 0.143172 0.135351 110 144 0
0.496342 0.138709 0.137573 110 144 0
0.495648 0.13428 0.139864 110 144 0
0.495086 0.129876 0.14224 110 144 0
0.49435 0.125426 0.144478 110 144 0
0.493652 0.120956 0.146688 110 144 0
0.492997 0.116425 0.148785 110 144 0
0.492527 0.111839 0.150807 110 144 0
0.492196 0.10718 0.152684 110 144 0
0.491988 0.102501 0.154531 110 144 0
0.491666 0.0976972 0.155998 110 144 0
0.490539 0.0930695 0.156587 110 144 0
0.490704 0.088157 0.157806 110 144 0
0.490594 0.0832088 0.158891 110 144 0
0.490396 0.0782288 0.159804 110 144 0
0.49026 0.0732234 0.160578 110 144 0
0.489917 0.0681889 0.16103 110 144 0
0.489613 0.0631399 0.161329 110 144 0
0.489406 0.058078 0.161416 110 144 0
0.489368 0.0530117 0.161474 110 144 0
0.489345 0.0556786 0.161509 110 144 0
0.489413 0.0610393 0.161405 110 144 0
0.489659 0.0663913 0.161237 110 144 0
0.490127 0.071716 0.160848 110 144 0
0.490664 0.0770151 0.160231 110 144 0
0.491104 0.0823002 0.159448 110 144 0
0.491447 0.0875864 0.158616 110 144 0
0.491842 0.095579 0.156696 110 144 0
0.492051 0.100545 0.155177 110 144 0
0.492651 0.105451 0.15356 110 144 0
0.493182 0.110328 0.151838 110 144 0
0.493695 0.115117 0.149877 110 144 0
0.494367 0.119844 0.147818 110 144 0
0.495247 0.124512 0.1457 110 144 0
0.49617 0.129146 0.143524 110 144 0
0.496942 0.133723 0.141179 110 144 0
0.497781 0.13831 0.138875 110 144 0
0.49854 0.142914 0.136579 110 144 0
0.499425 0.147537 0.13437 110 144 0
0.500156 0.152203 0.132193 110 144 0
0.500083 0.154792 0.130741 110 144 0
0.500631 0.159237 0.128823 110 144 0
0.501036 0.163666 0.126832 111 143 0
0.501162 0.168077 0.124764 111 143 0
0.501113 0.172469 0.122656 111 143 0
0.501161 0.17692 0.120682 111 143 0
0.503617 0.179152 0.121222 111 143 0
0.507022 0.183346 0.121236 111 143 0
0.510679 0.187333 0.121584 111 143 0
0.514485 0.191165 0.122019 111 143 0
0.5182 0.195079 0.122012 111 143 0
0.521936 0.198988 0.121711 111 143 0
0.519895 0.197883 0.121075 111 143 0
0.516554 0.194828 0.120838 111 143 0
0.513184 0.19182 0.120437 111 143 0
0.509976 0.188633 0.120088 111 143 0
0.506732 0.18549 0.119676 111 143 0
0.503504 0.182324 0.119331 111 143 0
0.500774 0.18084 0.118461 111 143 0
0.497345 0.177742 0.117789 111 143 0
0.493846 0.174768 0.116936 111 143 0
0.490645 0.171409 0.116367 111 143 0
0.487337 0.168213 0.115552 111 143 0
0.484142 0.164882 0.11487 111 143 0
0.482418 0.164394 0.113694 111 143 0
0.479824 0.166028 0.110295 111 143 0
0.477122 0.167282 0.106802 111 143 0
0.474679 0.168647 0.103158 111 143 0
0.472015 0.169302 0.0994751 111 143 0
0.469562 0.170115 0.0956802 111 143 0
0.467122 0.170871 0.0918629 111 143 0
0.468248 0.170141 0.0940427 111 143 0
0.47045 0.168952 0.0978176 111 143 0
0.472611 0.167631 0.101573 111 143 0
0.475091 0.166564 0.105208 111 143 0
0.477705 0.165378 0.108709 111 143 0
0.480628 0.164575 0.112042 111 143 0
0.482418 0.164394 0.113694 111 143 0
0.486361 0.163267 0.117332 111 143 0
0.490406 0.162132 0.120854 111 143 0
0.494536 0.160901 0.124232 111 143 0
0.498776 0.159714 0.127486 111 143 0
0.498207 0.152171 0.130984 111 143 0
0.497709 0.147655 0.133156 111 143 0
0.497048 0.143172 0.135351 111 143 0
0.496342 0.138709 0.137573 111 143 0
0.495648 0.13428 0.139864 111 143 0
0.495086 0.129876 0.14224 111 143 0
0.49435 0.125426 0.144478 111 143 0
0.493652 0.120956 0.146688 111 143 0
0.492997 0.116425 0.148785 111 143 0
0.492527 0.111839 0.150807 112 142 0
0.492196 0.10718 0.152684 112 142 0
0.491988 0.102501 0.154531 112 142 0
0.491666 0.0976972 0.155998 112 142 0
0.490539 0.0930695 0.156587 112 142 0
0.490704 0.088157 0.157806 112 142 0
0.490594 0.0832088 0.158891 112 142 0
0.490396 0.0782288 0.159804 112 142 0
0.49026 0.0732234 0.160578 112 142 0
0.489917 0.0681889 0.16103 112 142 0
0.489613 0.0631399 0.161329 112 142 0
0.489406 0.058078 0.161416 112 142 0
0.489368 0.0530117 0.161474 112 142 0
0.489345 0.0556786 0.161509 112 142 0
0.489413 0.0610393 0.161405 112 142 0
0.489659 0.0663913 0.161237 112 142 0
0.490127 0.071716 0.160848 112 142 0
0.490664 0.0770151 0.160231 112 142 0
0.491104 0.0823002 0.159448 112 142 0
0.491447 0.0875864 0.158616 112 142 0
0.491842 0.095579 0.156696 112 142 0
0.492051 0.100545 0.155177 112 142 0
0.492651 0.105451 0.15356 112 142 0
0.493182 0.110328 0.151838 112 142 0
0.493695 0.115117 0.149877 112 142 0
0.494367 0.119844 0.147818 112 142 0
0.495247 0.124512 0.1457 112 142 0
0.49617 0.129146 0.143524 112 142 0
0.496942 0.133723 0.141179 112 142 0
0.497781 0.13831 0.138875 112 142 0
0.49854 0.142914 0.136579 112 142 0
0.499425 0.147537 0.13437 112 142 0
0.500156 0.152203 0.132193 112 142 0
0.500083 0.154792 0.130741 112 142 0
0.500631 0.159237 0.128823 112 142 0
0.501036 0.163666 0.126832 112 142 0
0.501162 0.168077 0.124764 112 142 0
0.501113 0.172469 0.122656 112 142 0
0.501161 0.17692 0.120682 112 142 0
0.503617 0.179152 0.121222 112 142 0
0.507022 0.183346 0.121236 112 142 0
0.510679 0.187333 0.121584 112 142 0
0.514485 0.191165 0.122019 112 142 0
0.5182 0.195079 0.122012 112 142 0
0.521936 0.198988 0.121711 112 142 0
0.516496 0.203057 0.129048 112 142 0
0.581519 0.208926 0.158655 112 142 0
0.583704 0.203863 0.150312 112 142 0
0.585149 0.201561 0.15207 112 142 0
0.587141 0.198185 0.154938 113 141 0
0.588936 0.19479 0.157915 113 141 0
0.59098 0.191685 0.161046 113 141 0
0.593128 0.18861 0.164137 113 141 0
0.595707 0.185822 0.167138 113 141 0
0.59687 0.184068 0.168675 113 141 0
0.599954 0.181324 0.171173 113 141 0
0.602722 0.178318 0.173759 113 141 0
0.605467 0.175226 0.176265 113 141 0
0.608373 0.17215 0.178602 113 141 0
0.61154 0.169204 0.180747 113 141 0
0.615601 0.169875 0.180535 113 141 0
0.620248 0.171064 0.179923 113 141 0
0.624747 0.172677 0.179115 113 141 0
0.629247 0.174315 0.178368 113 141 0
0.633755 0.175957 0.177683 113 141 0
0.638293 0.177585 0.177181 113 141 0
0.642974 0.178752 0.177054 113 141 0
0.640641 0.178003 0.177173 113 141 0
0.636117 0.175925 0.177928 113 141 0
0.631432 0.174161 0.178528 113 141 0
0.626788 0.172376 0.179354 113 141 0
0.622064 0.170799 0.180139 113 141 0
0.617346 0.169234 0.180985 113 141 0
0.61334 0.169177 0.180799 113 141 0
0.608724 0.167501 0.180962 113 141 0
0.604017 0.166078 0.180876 113 141 0
0.599315 0.164792 0.180214 113 141 0
0.594626 0.16387 0.179081 113 141 0
0.589959 0.163024 0.177776 113 141 0
0.589171 0.155619 0.181022 113 141 0
0.588793 0.151084 0.183072 113 141 0
0.588185 0.146523 0.185006 113 141 0
0.587597 0.141976 0.186979 113 141 0
0.587125 0.137445 0.18902 113 141 0
0.58662 0.132905 0.191032 113 141 0
0.586068 0.128339 0.192973 113 141 0
0.585488 0.123739 0.194825 113 141 0
0.584906 0.119111 0.196603 113 141 0
0.58465 0.114445 0.198353 113 141 0
0.584462 0.109724 0.19996 113 141 0
0.584184 0.104991 0.201519 113 141 0
0.583942 0.100201 0.202886 113 141 0
0.582952 0.0948565 0.203653 113 141 0
0.582894 0.0896424 0.204304 113 141 0
0.583069 0.0843866 0.204919 113 141 0
0.58278 0.0791211 0.205398 113 141 0
0.582981 0.0738639 0.206004 113 141 0
0.583242 0.0685999 0.20652 113 141 0
0.582842 0.0633308 0.206848 114 140 0
0.582543 0.0580589 0.20725 114 140 0
0.582425 0.0527788 0.20757 114 140 0
0.582594 0.0579822 0.207316 114 140 0
0.582813 0.0629988 0.20687 114 140 0
0.583249 0.06802 0.206544 114 140 0
0.583464 0.0730531 0.206181 114 140 0
0.583706 0.078078 0.205733 114 140 0
0.584002 0.0831004 0.205288 114 140 0
0.584038 0.088136 0.204901 114 140 0
0.583512 0.0957341 0.203606 114 140 0
0.583291 0.100479 0.202362 114 140 0
0.583122 0.105183 0.200964 114 140 0
0.583142 0.109883 0.199551 114 140 0
0.583321 0.114513 0.197928 114 140 0
0.583486 0.11907 0.196105 114 140 0
0.583708 0.123584 0.194185 114 140 0
0.584119 0.128079 0.19225 114 140 0
0.584388 0.132541 0.190215 114 140 0
0.584863 0.136997 0.188206 114 140 0
0.585359 0.141447 0.186188 114 140 0
0.585665 0.145902 0.184146 114 140 0
0.586065 0.150378 0.18217 114 140 0
0.586479 0.15485 0.180193 114 140 0
0.587278 0.156759 0.179634 114 140 0
0.589003 0.161592 0.17815 114 140 0
0.590539 0.166461 0.176569 114 140 0
0.592525 0.1712 0.175093 114 140 0
0.594289 0.175845 0.173127 114 140 0
0.596347 0.18034 0.171111 114 140 0
0.594881 0.181195 0.170266 114 140 0
0.593186 0.184596 0.16727 114 140 0
0.591405 0.187868 0.164184 114 140 0
0.590188 0.191322 0.161015 114 140 0
0.588693 0.194672 0.157856 114 140 0
0.587084 0.198145 0.154893 114 140 0
0.585149 0.201561 0.15207 114 140 0
0.586741 0.199679 0.153689 114 140 0
0.589249 0.197 0.156372 114 140 0
0.59127 0.19407 0.159235 114 140 0
0.593028 0.191084 0.162217 114 140 0
0.594652 0.187968 0.165143 114 140 0
0.596175 0.184793 0.168057 114 140 0
0.597863 0.184305 0.168704 114 140 0
0.600572 0.181267 0.171331 114 140 0
0.603023 0.178039 0.173992 114 140 0
0.606155 0.175192 0.176371 114 140 0
0.609161 0.172161 0.178679 114 140 0
0.61255 0.169398 0.18073 114 140 0
0.615601 0.169875 0.180535 114 140 0
0.620248 0.171064 0.179923 115 139 0
0.624747 0.172677 0.179115 115 139 0
0.629247 0.174315 0.178368 115 139 0
0.633755 0.175957 0.177683 115 139 0
0.638293 0.177585 0.177181 115 139 0
0.642974 0.178752 0.177054 115 139 0
0.640641 0.178003 0.177173 115 139 0
0.636117 0.175925 0.177928 115 139 0
0.631432 0.174161 0.178528 115 139 0
0.626788 0.172376 0.179354 115 139 0
0.622064 0.170799 0.180139 115 139 0
0.617346 0.169234 0.180985 115 139 0
0.61334 0.169177 0.180799 115 139 0
0.608724 0.167501 0.180962 115 139 0
0.604017 0.166078 0.180876 115 139 0
0.599315 0.164792 0.180214 115 139 0
0.594626 0.16387 0.179081 115 139 0
0.589959 0.163024 0.177776 115 139 0
0.589171 0.155619 0.181022 115 139 0
0.588793 0.151084 0.183072 115 139 0
0.588185 0.146523 0.185006 115 139 0
0.587597 0.141976 0.186979 115 139 0
0.587125 0.137445 0.18902 115 139 0
0.58662 0.132905 0.191032 115 139 0
0.586068 0.128339 0.192973 115 139 0
0.585488 0.123739 0.194825 115 139 0
0.584906 0.119111 0.196603 115 139 0
0.58465 0.114445 0.198353 115 139 0
0.584462 0.109724 0.19996 115 139 0
0.584184 0.104991 0.201519 115 139 0
0.583942 0.100201 0.202886 115 139 0
0.582952 0.0948565 0.203653 115 139 0
0.582894 0.0896424 0.204304 115 139 0
0.583069 0.0843866 0.204919 115 139 0
0.58278 0.0791211 0.205398 115 139 0
0.582981 0.0738639 0.206004 115 139 0
0.583242 0.0685999 0.20652 115 139 0
0.582842 0.0633308 0.206848 115 139 0
0.582543 0.0580589 0.20725 115 139 0
0.582425 0.0527788 0.20757 115 139 0
0.582594 0.0579822 0.207316 115 139 0
0.582813 0.0629988 0.20687 115 139 0
0.583249 0.06802 0.206544 115 139 0
0.583464 0.0730531 0.206181 115 139 0
0.583706 0.078078 0.205733 115 139 0
0.584002 0.0831004 0.205288 115 139 0
0.584038 0.088136 0.204901 115 139 0
0.583512 0.0957341 0.203606 115 139 0
0.583291 0.100479 0.202362 115 139 0
0.583122 0.105183 0.200964 116 138 0
0.583142 0.109883 0.199551 116 138 0
0.583321 0.114513 0.197928 116 138 0
0.583486 0.11907 0.196105 116 138 0
0.583708 0.123584 0.194185 116 138 0
0.584119 0.128079 0.19225 116 138 0
0.584388 0.132541 0.190215 116 138 0
0.584863 0.136997 0.188206 116 138 0
0.585359 0.141447 0.186188 116 138 0
0.585665 0.145902 0.184146 116 138 0
0.586065 0.150378 0.18217 116 138 0
0.586479 0.15485 0.180193 116 138 0
0.587278 0.156759 0.179634 116 138 0
0.589003 0.161592 0.17815 116 138 0
0.590539 0.166461 0.176569 116 138 0
0.592525 0.1712 0.175093 116 138 0
0.594289 0.175845 0.173127 116 138 0
0.596347 0.18034 0.171111 116 138 0
0.594881 0.181195 0.170266 116 138 0
0.593186 0.184596 0.16727 116 138 0
0.591405 0.187868 0.164184 116 138 0
0.590188 0.191322 0.161015 116 138 0
0.588693 0.194672 0.157856 116 138 0
0.587084 0.198145 0.154893 116 138 0
0.585149 0.201561 0.15207 116 138 0
0.582877 0.206412 0.160514 116 138 0
0.518668 0.205435 0.128563 116 138 0
0.524048 0.201369 0.121179 116 138 0
0.510383 0.0892786 0.169202 116 138 0
0.508089 0.0986659 0.165274 116 138 0
0.507377 0.103324 0.163219 116 138 0
0.506934 0.107962 0.161036 116 138 0
0.506377 0.112535 0.158744 116 138 0
0.505903 0.117051 0.156324 116 138 0
0.505517 0.121528 0.153818 116 138 0
0.505171 0.125946 0.151203 116 138 0
0.504882 0.130319 0.148508 116 138 0
0.504708 0.134704 0.145822 116 138 0
0.504513 0.139075 0.143116 116 138 0
0.504265 0.143421 0.140372 116 138 0
0.504009 0.147756 0.137612 116 138 0
0.503691 0.152098 0.134869 116 138 0
0.503302 0.156489 0.132215 116 138 0
0.502915 0.160927 0.129641 116 138 0
0.502658 0.165406 0.127122 116 138 0
0.502218 0.169878 0.124622 116 138 0
0.499995 0.168907 0.123493 116 138 0
0.496123 0.167566 0.121697 116 138 0
0.492273 0.16605 0.119992 116 138 0
0.488461 0.164837 0.117992 117 137 0
0.484673 0.16352 0.11601 117 137 0
0.482418 0.164394 0.113694 117 137 0
0.479477 0.165427 0.11034 117 137 0
0.476807 0.16669 0.106837 117 137 0
0.474369 0.168044 0.103196 117 137 0
0.471955 0.169198 0.0994716 117 137 0
0.469557 0.170117 0.0956735 117 137 0
0.467122 0.170871 0.0918629 117 137 0
0.468248 0.170141 0.0940427 117 137 0
0.47045 0.168952 0.0978176 117 137 0
0.472611 0.167631 0.101573 117 137 0
0.475091 0.166564 0.105208 117 137 0
0.477705 0.165378 0.108709 117 137 0
0.480628 0.164575 0.112042 117 137 0
0.482418 0.164394 0.113694 117 137 0
0.486361 0.163267 0.117332 117 137 0
0.490406 0.162132 0.120854 117 137 0
0.494536 0.160901 0.124232 117 137 0
0.498776 0.159714 0.127486 117 137 0
0.498207 0.152171 0.130984 117 137 0
0.497709 0.147655 0.133156 117 137 0
0.497048 0.143172 0.135351 117 137 0
0.496342 0.138709 0.137573 117 137 0
0.495648 0.13428 0.139864 117 137 0
0.495086 0.129876 0.14224 117 137 0
0.49435 0.125426 0.144478 117 137 0
0.493652 0.120956 0.146688 117 137 0
0.492997 0.116425 0.148785 117 137 0
0.492527 0.111839 0.150807 117 137 0
0.492196 0.10718 0.152684 117 137 0
0.491988 0.102501 0.154531 117 137 0
0.491666 0.0976972 0.155998 117 137 0
0.490539 0.0930695 0.156587 117 137 0
0.490704 0.088157 0.157806 117 137 0
0.490594 0.0832088 0.158891 117 137 0
0.490396 0.0782288 0.159804 117 137 0
0.49026 0.0732234 0.160578 117 137 0
0.489917 0.0681889 0.16103 117 137 0
0.489613 0.0631399 0.161329 117 137 0
0.489406 0.058078 0.161416 117 137 0
0.489368 0.0530117 0.161474 117 137 0
0.489345 0.0556786 0.161509 117 137 0
0.489413 0.0610393 0.161405 117 137 0
0.489659 0.0663913 0.161237 117 137 0
0.490127 0.071716 0.160848 117 137 0
0.490664 0.0770151 0.160231 117 137 0
0.491104 0.0823002 0.159448 117 137 0
0.491447 0.0875864 0.158616 117 137 0
0.491842 0.095579 0.156696 118 136 0
0.492051 0.100545 0.155177 118 136 0
0.492651 0.105451 0.15356 118 136 0
0.493182 0.110328 0.151838 118 136 0
0.493695 0.115117 0.149877 118 136 0
0.494367 0.119844 0.147818 118 136 0
0.495247 0.124512 0.1457 118 136 0
0.49617 0.129146 0.143524 118 136 0
0.496942 0.133723 0.141179 118 136 0
0.497781 0.13831 0.138875 118 136 0
0.49854 0.142914 0.136579 118 136 0
0.499425 0.147537 0.13437 118 136 0
0.500156 0.152203 0.132193 118 136 0
0.500083 0.154792 0.130741 118 136 0
0.500631 0.159237 0.128823 118 136 0
0.501036 0.163666 0.126832 118 136 0
0.501162 0.168077 0.124764 118 136 0
0.501113 0.172469 0.122656 118 136 0
0.501161 0.17692 0.120682 118 136 0
0.503617 0.179152 0.121222 118 136 0
0.507022 0.183346 0.121236 118 136 0
0.510679 0.187333 0.121584 118 136 0
0.514485 0.191165 0.122019 118 136 0
0.5182 0.195079 0.122012 118 136 0
0.521936 0.198988 0.121711 118 136 0
0.519895 0.197883 0.121075 118 136 0
0.516554 0.194828 0.120838 118 136 0
0.513184 0.19182 0.120437 118 136 0
0.509976 0.188633 0.120088 118 136 0
0.506732 0.18549 0.119676 118 136 0
0.503504 0.182324 0.119331 118 136 0
0.500774 0.18084 0.118461 118 136 0
0.497345 0.177742 0.117789 118 136 0
0.493846 0.174768 0.116936 118 136 0
0.490645 0.171409 0.116367 118 136 0
0.487337 0.168213 0.115552 118 136 0
0.484142 0.164882 0.11487 118 136 0
0.482418 0.164394 0.113694 118 136 0
0.479824 0.166028 0.110295 118 136 0
0.477122 0.167282 0.106802 118 136 0
0.474679 0.168647 0.103158 118 136 0
0.472015 0.169302 0.0994751 118 136 0
0.469562 0.170115 0.0956802 118 136 0
0.467122 0.170871 0.0918629 118 136 0
0.468248 0.170141 0.0940427 118 136 0
0.47045 0.168952 0.0978176 118 136 0
0.472611 0.167631 0.101573 118 136 0
0.475091 0.166564 0.105208 118 136 0
0.477705 0.165378 0.108709 118 136 0
0.480628 0.164575 0.112042 118 136 0
0.482418 0.164394 0.113694 119 135 0
0.486361 0.163267 0.117332 119 135 0
0.490406 0.162132 0.120854 119 135 0
0.494536 0.160901 0.124232 119 135 0
0.498776 0.159714 0.127486 119 135 0
0.498207 0.152171 0.130984 119 135 0
0.497709 0.147655 0.133156 119 135 0
0.497048 0.143172 0.135351 119 135 0
0.496342 0.138709 0.137573 119 135 0
0.495648 0.13428 0.139864 119 135 0
0.495086 0.129876 0.14224 119 135 0
0.49435 0.125426 0.144478 119 135 0
0.493652 0.120956 0.146688 119 135 0
0.492997 0.116425 0.148785 119 135 0
0.492527 0.111839 0.150807 119 135 0
0.492196 0.10718 0.152684 119 135 0
0.491988 0.102501 0.154531 119 135 0
0.491666 0.0976972 0.155998 119 135 0
0.490539 0.0930695 0.156587 119 135 0
0.490704 0.088157 0.157806 119 135 0
0.490594 0.0832088 0.158891 119 135 0
0.490396 0.0782288 0.159804 119 135 0
0.49026 0.0732234 0.160578 119 135 0
0.489917 0.0681889 0.16103 119 135 0
0.489613 0.0631399 0.161329 119 135 0
0.489406 0.058078 0.161416 119 135 0
0.489368 0.0530117 0.161474 119 135 0
0.489345 0.0556786 0.161509 119 135 0
0.489413 0.0610393 0.161405 119 135 0
0.489659 0.0663913 0.161237 119 135 0
0.490127 0.071716 0.160848 119 135 0
0.490664 0.0770151 0.160231 119 135 0
0.491104 0.0823002 0.159448 119 135 0
0.491447 0.0875864 0.158616 119 135 0
0.491842 0.095579 0.156696 119 135 0
0.492051 0.100545 0.155177 119 135 0
0.492651 0.105451 0.15356 119 135 0
0.493182 0.110328 0.151838 119 135 0
0.493695 0.115117 0.149877 119 135 0
0.494367 0.119844 0.147818 119 135 0
0.495247 0.124512 0.1457 119 135 0
0.49617 0.129146 0.143524 119 135 0
0.496942 0.133723 0.141179 119 135 0
0.497781 0.13831 0.138875 119 135 0
0.49854 0.142914 0.136579 119 135 0
0.499425 0.147537 0.13437 119 135 0
0.500156 0.152203 0.132193 119 135 0
0.500083 0.154792 0.130741 119 135 0
0.500631 0.159237 0.128823 119 135 0
0.501036 0.163666 0.126832 120 134 0
0.501162 0.168077 0.124764 120 134 0
0.501113 0.172469 0.122656 120 134 0
0.501161 0.17692 0.120682 120 134 0
0.503617 0.179152 0.121222 120 134 0
0.507022 0.183346 0.121236 120 134 0
0.510679 0.187333 0.121584 120 134 0
0.514485 0.191165 0.122019 120 134 0
0.5182 0.195079 0.122012 120 134 0
0.521936 0.198988 0.121711 120 134 0
0.516496 0.203057 0.129048 120 134 0
0.581519 0.208926 0.158655 120 134 0
0.583704 0.203863 0.150312 120 134 0
0.585149 0.201561 0.15207 120 134 0
0.587141 0.198185 0.154938 120 134 0
0.588936 0.19479 0.157915 120 134 0
0.59098 0.191685 0.161046 120 134 0
0.593128 0.18861 0.164137 120 134 0
0.595707 0.185822 0.167138 120 134 0
0.59687 0.184068 0.168675 120 134 0
0.599954 0.181324 0.171173 120 134 0
0.602722 0.178318 0.173759 120 134 0
0.605467 0.175226 0.176265 120 134 0
0.608373 0.17215 0.178602 120 134 0
0.61154 0.169204 0.180747 120 134 0
0.615601 0.169875 0.180535 120 134 0
0.620248 0.171064 0.179923 120 134 0
0.624747 0.172677 0.179115 120 134 0
0.629247 0.174315 0.178368 120 134 0
0.633755 0.175957 0.177683 120 134 0
0.638293 0.177585 0.177181 120 134 0
0.642974 0.178752 0.177054 120 134 0
0.640641 0.178003 0.177173 120 134 0
0.636117 0.175925 0.177928 120 134 0
0.631432 0.174161 0.178528 120 134 0
0.626788 0.172376 0.179354 120 134 0
0.622064 0.170799 0.180139 120 134 0
0.617346 0.169234 0.180985 120 134 0
0.61334 0.169177 0.180799 120 134 0
0.608724 0.167501 0.180962 120 134 0
0.604017 0.166078 0.180876 120 134 0
0.599315 0.164792 0.180214 120 134 0
0.594626 0.16387 0.179081 120 134 0
0.589959 0.163024 0.177776 120 134 0
0.589171 0.155619 0.181022 120 134 0
0.588793 0.151084 0.183072 120 134 0
0.588185 0.146523 0.185006 120 134 0
0.587597 0.141976 0.186979 120 134 0
0.587125 0.137445 0.18902 120 134 0
0.58662 0.132905 0.191032 121 133 0
0.586068 0.128339 0.192973 121 133 0
0.585488 0.123739 0.194825 121 133 0
0.584906 0.119111 0.196603 121 133 0
0.58465 0.114445 0.198353 121 133 0
0.584462 0.109724 0.19996 121 133 0
0.584184 0.104991 0.201519 121 133 0
0.583942 0.100201 0.202886 121 133 0
0.582952 0.0948565 0.203653 121 133 0
0.582894 0.0896424 0.204304 121 133 0
0.583069 0.0843866 0.204919 121 133 0
0.58278 0.0791211 0.205398 121 133 0
0.582981 0.0738639 0.206004 121 133 0
0.583242 0.0685999 0.20652 121 133 0
0.582842 0.0633308 0.206848 121 133 0
0.582543 0.0580589 0.20725 121 133 0
0.582425 0.0527788 0.20757 121 133 0
0.582594 0.0579822 0.207316 121 133 0
0.582813 0.0629988 0.20687 121 133 0
0.583249 0.06802 0.206544 121 133 0
0.583464 0.0730531 0.206181 121 133 0
0.583706 0.078078 0.205733 121 133 0
0.584002 0.0831004 0.205288 121 133 0
0.584038 0.088136 0.204901 121 133 0
0.583512 0.0957341 0.203606 121 133 0
0.583291 0.100479 0.202362 121 133 0
0.583122 0.105183 0.200964 121 133 0
0.583142 0.109883 0.199551 121 133 0
0.583321 0.114513 0.197928 121 133 0
0.583486 0.11907 0.196105 121 133 0
0.583708 0.123584 0.194185 121 133 0
0.584119 0.128079 0.19225 121 133 0
0.584388 0.132541 0.190215 121 133 0
0.584863 0.136997 0.188206 121 133 0
0.585359 0.141447 0.186188 121 133 0
0.585665 0.145902 0.184146 121 133 0
0.586065 0.150378 0.18217 121 133 0
0.586479 0.15485 0.180193 121 133 0
0.587278 0.156759 0.179634 121 133 0
0.589003 0.161592 0.17815 121 133 0
0.590539 0.166461 0.176569 121 133 0
0.592525 0.1712 0.175093 121 133 0
0.594289 0.175845 0.173127 121 133 0
0.596347 0.18034 0.171111 121 133 0
0.594881 0.181195 0.170266 121 133 0
0.593186 0.184596 0.16727 121 133 0
0.591405 0.187868 0.164184 121 133 0
0.590188 0.191322 0.161015 121 133 0
0.588693 0.194672 0.157856 121 133 0
0.587084 0.198145 0.154893 121 133 0
0.585149 0.201561 0.15207 122 132 0
0.586741 0.199679 0.153689 122 132 0
0.589249 0.197 0.156372 122 132 0
0.59127 0.19407 0.159235 122 132 0
0.593028 0.191084 0.162217 122 132 0
0.594652 0.187968 0.165143 122 132 0
0.596175 0.184793 0.168057 122 132 0
0.597863 0.184305 0.168704 122 132 0
0.600572 0.181267 0.171331 122 132 0
0.603023 0.178039 0.173992 122 132 0
0.606155 0.175192 0.176371 122 132 0
0.609161 0.172161 0.178679 122 132 0
0.61255 0.169398 0.18073 122 132 0
0.615601 0.169875 0.180535 122 132 0
0.620248 0.171064 0.179923 122 132 0
0.624747 0.172677 0.179115 122 132 0
0.629247 0.174315 0.178368 122 132 0
0.633755 0.175957 0.177683 122 132 0
0.638293 0.177585 0.177181 122 132 0
0.642974 0.178752 0.177054 122 132 0
0.640641 0.178003 0.177173 122 132 0
0.636117 0.175925 0.177928 122 132 0
0.631432 0.174161 0.178528 122 132 0
0.626788 0.172376 0.179354 122 132 0
0.622064 0.170799 0.180139 122 132 0
0.617346 0.169234 0.180985 122 132 0
0.61334 0.169177 0.180799 122 132 0
0.608724 0.167501 0.180962 122 132 0
0.604017 0.166078 0.180876 122 132 0
0.599315 0.164792 0.180214 122 132 0
0.594626 0.16387 0.179081 122 132 0
0.589959 0.163024 0.177776 122 132 0
0.589171 0.155619 0.181022 122 132 0
0.588793 0.151084 0.183072 122 132 0
0.588185 0.146523 0.185006 122 132 0
0.587597 0.141976 0.186979 122 132 0
0.587125 0.137445 0.18902 122 132 0
0.58662 0.132905 0.191032 122 132 0
0.586068 0.128339 0.192973 122 132 0
0.585488 0.123739 0.194825 122 132 0
0.584906 0.119111 0.196603 122 132 0
0.58465 0.114445 0.198353 122 132 0
0.584462 0.109724 0.19996 122 132 0
0.584184 0.104991 0.201519 122 132 0
0.583942 0.100201 0.202886 122 132 0
0.582952 0.0948565 0.203653 122 132 0
0.582894 0.0896424 0.204304 122 132 0
0.583069 0.0843866 0.204919 122 132 0
0.58278 0.0791211 0.205398 122 132 0
0.582981 0.0738639 0.206004 123 131 0
0.583242 0.0685999 0.20652 123 131 0
0.582842 0.0633308 0.206848 123 131 0
0.582543 0.0580589 0.20725 123 131 0
0.582425 0.0527788 0.20757 123 131 0
0.582594 0.0579822 0.207316 123 131 0
0.582813 0.0629988 0.20687 123 131 0
0.583249 0.06802 0.206544 123 131 0
0.583464 0.0730531 0.206181 123 131 0
0.583706 0.078078 0.205733 123 131 0
0.584002 0.0831004 0.205288 123 131 0
0.584038 0.088136 0.204901 123 131 0
0.583512 0.0957341 0.203606 123 131 0
0.583291 0.100479 0.202362 123 131 0
0.583122 0.105183 0.200964 123 131 0
0.583142 0.109883 0.199551 123 131 0
0.583321 0.114513 0.197928 123 131 0
0.583486 0.11907 0.196105 123 131 0
0.583708 0.123584 0.194185 123 131 0
0.584119 0.128079 0.19225 123 131 0
0.584388 0.132541 0.190215 123 131 0
0.584863 0.136997 0.188206 123 131 0
0.585359 0.141447 0.186188 123 131 0
0.585665 0.145902 0.184146 123 131 0
0.586065 0.150378 0.18217 123 131 0
0.586479 0.15485 0.180193 123 131 0
0.587278 0.156759 0.179634 123 131 0
0.589003 0.161592 0.17815 123 131 0
0.590539 0.166461 0.176569 123 131 0
0.592525 0.1712 0.175093 123 131 0
0.594289 0.175845 0.173127 123 131 0
0.596347 0.18034 0.171111 123 131 0
0.594881 0.181195 0.170266 123 131 0
0.593186 0.184596 0.16727 123 131 0
0.591405 0.187868 0.164184 123 131 0
0.590188 0.191322 0.161015 123 131 0
0.588693 0.194672 0.157856 123 131 0
0.587084 0.198145 0.154893 123 131 0
0.585149 0.201561 0.15207 123 131 0
0.582877 0.206412 0.160514 123 131 0
0.518668 0.205435 0.128563 123 131 0
0.524048 0.201369 0.121179 123 131 0
0.510383 0.0892786 0.169202 123 131 0
0.508089 0.0986659 0.165274 123 131 0
0.507377 0.103324 0.163219 123 131 0
0.506934 0.107962 0.161036 123 131 0
0.506377 0.112535 0.158744 123 131 0
0.505903 0.117051 0.156324 123 131 0
0.505517 0.121528 0.153818 123 131 0
0.505171 0.125946 0.151203 124 130 0
0.504882 0.130319 0.148508 124 130 0
0.504708 0.134704 0.145822 124 130 0
0.504513 0.139075 0.143116 124 130 0
0.504265 0.143421 0.140372 124 130 0
0.504009 0.147756 0.137612 124 130 0
0.503691 0.152098 0.134869 124 130 0
0.503302 0.156489 0.132215 124 130 0
0.502915 0.160927 0.129641 124 130 0
0.502658 0.165406 0.127122 124 130 0
0.502218 0.169878 0.124622 124 130 0
0.499995 0.168907 0.123493 124 130 0
0.496123 0.167566 0.121697 124 130 0
0.492273 0.16605 0.119992 124 130 0
0.488461 0.164837 0.117992 124 130 0
0.484673 0.16352 0.11601 124 130 0
0.482418 0.164394 0.113694 124 130 0
0.479477 0.165427 0.11034 124 130 0
0.476807 0.16669 0.106837 124 130 0
0.474369 0.168044 0.103196 124 130 0
0.471955 0.169198 0.0994716 124 130 0
0.469557 0.170117 0.0956735 124 130 0
0.467122 0.170871 0.0918629 124 130 0
0.468248 0.170141 0.0940427 124 130 0
0.47045 0.168952 0.0978176 124 130 0
0.472611 0.167631 0.101573 124 130 0
0.475091 0.166564 0.105208 124 130 0
0.477705 0.165378 0.108709 124 130 0
0.480628 0.164575 0.112042 124 130 0
0.482418 0.164394 0.113694 124 130 0
0.486361 0.163267 0.117332 124 130 0
0.490406 0.162132 0.120854 124 130 0
0.494536 0.160901 0.124232 124 130 0
0.498776 0.159714 0.127486 124 130 0
0.498207 0.152171 0.130984 124 130 0
0.497709 0.147655 0.133156 124 130 0
0.497048 0.143172 0.135351 124 130 0
0.496342 0.138709 0.137573 124 130 0
0.495648 0.13428 0.139864 124 130 0
0.495086 0.129876 0.14224 124 130 0
0.49435 0.125426 0.144478 124 130 0
0.493652 0.120956 0.146688 124 130 0
0.492997 0.116425 0.148785 124 130 0
0.492527 0.111839 0.150807 124 130 0
0.492196 0.10718 0.152684 124 130 0
0.491988 0.102501 0.154531 124 130 0
0.491666 0.0976972 0.155998 124 130 0
0.490539 0.0930695 0.156587 124 130 0
0.490704 0.088157 0.157806 124 130 0
0.490594 0.0832088 0.158891 125 129 0
0.490396 0.0782288 0.159804 125 129 0
0.49026 0.0732234 0.160578 125 129 0
0.489917 0.0681889 0.16103 125 129 0
0.489613 0.0631399 0.161329 125 129 0
0.489406 0.058078 0.161416 125 129 0
0.489368 0.0530117 0.161474 125 129 0
0.489345 0.0556786 0.161509 125 129 0
0.489413 0.0610393 0.161405 125 129 0
0.489659 0.0663913 0.161237 125 129 0
0.490127 0.071716 0.160848 125 129 0
0.490664 0.0770151 0.160231 125 129 0
0.491104 0.0823002 0.159448 125 129 0
0.491447 0.0875864 0.158616 125 129 0
0.491842 0.095579 0.156696 125 129 0
0.492051 0.100545 0.155177 125 129 0
0.492651 0.105451 0.15356 125 129 0
0.493182 0.110328 0.151838 125 129 0
0.493695 0.115117 0.149877 125 129 0
0.494367 0.119844 0.147818 125 129 0
0.495247 0.124512 0.1457 125 129 0
0.49617 0.129146 0.143524 125 129 0
0.496942 0.133723 0.141179 125 129 0
0.497781 0.13831 0.138875 125 129 0
0.49854 0.142914 0.136579 125 129 0
0.499425 0.147537 0.13437 125 129 0
0.500156 0.152203 0.132193 125 129 0
0.500083 0.154792 0.130741 125 129 0
0.500631 0.159237 0.128823 125 129 0
0.501036 0.163666 0.126832 125 129 0
0.501162 0.168077 0.124764 125 129 0
0.501113 0.172469 0.122656 125 129 0
0.501161 0.17692 0.120682 125 129 0
0.503617 0.179152 0.121222 125 129 0
0.507022 0.183346 0.121236 125 129 0
0.510679 0.187333 0.121584 125 129 0
0.514485 0.191165 0.122019 125 129 0
0.5182 0.195079 0.122012 125 129 0
0.521936 0.198988 0.121711 125 129 0
0.519895 0.197883 0.121075 125 129 0
0.516554 0.194828 0.120838 125 129 0
0.513184 0.19182 0.120437 125 129 0
0.509976 0.188633 0.120088 125 129 0
0.506732 0.18549 0.119676 125 129 0
0.503504 0.182324 0.119331 125 129 0
0.500774 0.18084 0.118461 125 129 0
0.497345 0.177742 0.117789 125 129 0
0.493846 0.174768 0.116936 125 129 0
0.490645 0.171409 0.116367 125 129 0
0.487337 0.168213 0.115552 125 129 0
0.484142 0.164882 0.11487 126 128 0
0.482418 0.164394 0.113694 126 128 0
0.479824 0.166028 0.110295 126 128 0
0.477122 0.167282 0.106802 126 128 0
0.474679 0.168647 0.103158 126 128 0
0.472015 0.169302 0.0994751 126 128 0
0.469562 0.170115 0.0956802 126 128 0
0.467122 0.170871 0.0918629 126 128 0
0.468248 0.170141 0.0940427 126 128 0
0.47045 0.168952 0.0978176 126 128 0
0.472611 0.167631 0.101573 126 128 0
0.475091 0.166564 0.105208 126 128 0
0.477705 0.165378 0.108709 126 128 0
0.480628 0.164575 0.112042 126 128 0
0.482418 0.164394 0.113694 126 128 0
0.486361 0.163267 0.117332 126 128 0
0.490406 0.162132 0.120854 126 128 0
0.494536 0.160901 0.124232 126 128 0
0.498776 0.159714 0.127486 126 128 0
0.498207 0.152171 0.130984 126 128 0
0.497709 0.147655 0.133156 126 128 0
0.497048 0.143172 0.135351 126 128 0
0.496342 0.138709 0.137573 126 128 0
0.495648 0.13428 0.139864 126 128 0
0.495086 0.129876 0.14224 126 128 0
0.49435 0.125426 0.144478 126 128 0
0.493652 0.120956 0.146688 126 128 0
0.492997 0.116425 0.148785 126 128 0
0.492527 0.111839 0.150807 126 128 0
0.492196 0.10718 0.152684 126 128 0
0.491988 0.102501 0.154531 126 128 0
0.491666 0.0976972 0.155998 126 128 0
0.490539 0.0930695 0.156587 126 128 0
0.490704 0.088157 0.157806 126 128 0
0.490594 0.0832088 0.158891 126 128 0
0.490396 0.0782288 0.159804 126 128 0
0.49026 0.0732234 0.160578 126 128 0
0.489917 0.0681889 0.16103 126 128 0
0.489613 0.0631399 0.161329 126 128 0
0.489406 0.058078 0.161416 126 128 0
0.489368 0.0530117 0.161474 126 128 0
0.489345 0.0556786 0.161509 126 128 0
0.489413 0.0610393 0.161405 126 128 0
0.489659 0.0663913 0.161237 126 128 0
0.490127 0.071716 0.160848 126 128 0
0.490664 0.0770151 0.160231 126 128 0
0.491104 0.0823002 0.159448 126 128 0
0.491447 0.0875864 0.158616 126 128 0
0.491842 0.095579 0.156696 126 128 0
0.492051 0.100545 0.155177 127 127 0
0.492651 0.105451 0.15356 127 127 0
0.493182 0.110328 0.151838 127 127 0
0.493695 0.115117 0.149877 127 127 0
0.494367 0.119844 0.147818 127 127 0
0.495247 0.124512 0.1457 127 127 0
0.49617 0.129146 0.143524 127 127 0
0.496942 0.133723 0.141179 127 127 0
0.497781 0.13831 0.138875 127 127 0
0.49854 0.142914 0.136579 127 127 0
0.499425 0.147537 0.13437 127 127 0
0.500156 0.152203 0.132193 127 127 0
0.500083 0.154792 0.130741 127 127 0
0.500631 0.159237 0.128823 127 127 0
0.501036 0.163666 0.126832 127 127 0
0.501162 0.168077 0.124764 127 127 0
0.501113 0.172469 0.122656 127 127 0
0.501161 0.17692 0.120682 127 127 0
0.503617 0.179152 0.121222 127 127 0
0.507022 0.183346 0.121236 127 127 0
0.510679 0.187333 0.121584 127 127 0
0.514485 0.191165 0.122019 127 127 0
0.5182 0.195079 0.122012 127 127 0
0.521936 0.198988 0.121711 127 127 0
0.516496 0.203057 0.129048 127 127 0
0.581519 0.208926 0.158655 127 127 0
0.583704 0.203863 0.150312 127 127 0
0.585149 0.201561 0.15207 127 127 0
0.587141 0.198185 0.154938 127 127 0
0.588936 0.19479 0.157915 127 127 0
0.59098 0.191685 0.161046 127 127 0
0.593128 0.18861 0.164137 127 127 0
0.595707 0.185822 0.167138 127 127 0
0.59687 0.184068 0.168675 127 127 0
0.599954 0.181324 0.171173 127 127 0
0.602722 0.178318 0.173759 127 127 0
0.605467 0.175226 0.176265 127 127 0
0.608373 0.17215 0.178602 127 127 0
0.61154 0.169204 0.180747 127 127 0
0.615601 0.169875 0.180535 127 127 0
0.620248 0.171064 0.179923 127 127 0
0.624747 0.172677 0.179115 127 127 0
0.629247 0.174315 0.178368 127 127 0
0.633755 0.175957 0.177683 127 127 0
0.638293 0.177585 0.177181 127 127 0
0.642974 0.178752 0.177054 127 127 0
0.640641 0.178003 0.177173 127 127 0
0.636117 0.175925 0.177928 127 127 0
0.631432 0.174161 0.178528 127 127 0
0.626788 0.172376 0.179354 128 126 0
0.622064 0.170799 0.180139 128 126 0
0.617346 0.169234 0.180985 128 126 0
0.61334 0.169177 0.180799 128 126 0
0.608724 0.167501 0.180962 128 126 0
0.604017 0.166078 0.180876 128 126 0
0.599315 0.164792 0.180214 128 126 0
0.594626 0.16387 0.179081 128 126 0
0.589959 0.163024 0.177776 128 126 0
0.589171 0.155619 0.181022 128 126 0
0.588793 0.151084 0.183072 128 126 0
0.588185 0.146523 0.185006 128 126 0
0.587597 0.141976 0.186979 128 126 0
0.587125 0.137445 0.18902 128 126 0
0.58662 0.132905 0.191032 128 126 0
0.586068 0.128339 0.192973 128 126 0
0.585488 0.123739 0.194825 128 126 0
0.584906 0.119111 0.196603 128 126 0
0.58465 0.114445 0.198353 128 126 0
0.584462 0.109724 0.19996 128 126 0
0.584184 0.104991 0.201519 128 126 0
0.583942 0.100201 0.202886 128 126 0
0.582952 0.0948565 0.203653 128 126 0
0.582894 0.0896424 0.204304 128 126 0
0.583069 0.0843866 0.204919 128 126 0
0.58278 0.0791211 0.205398 128 126 0
0.582981 0.0738639 0.206004 128 126 0
0.583242 0.0685999 0.20652 128 126 0
0.582842 0.0633308 0.206848 128 126 0
0.582543 0.0580589 0.20725 128 126 0
0.582425 0.0527788 0.20757 128 126 0
0.582594 0.0579822 0.207316 128 126 0
0.582813 0.0629988 0.20687 128 126 0
0.583249 0.06802 0.206544 128 126 0
0.583464 0.0730531 0.206181 128 126 0
0.583706 0.078078 0.205733 128 126 0
0.584002 0.0831004 0.205288 128 126 0
0.584038 0.088136 0.204901 128 126 0
0.583512 0.0957341 0.203606 128 126 0
0.583291 0.100479 0.202362 128 126 0
0.583122 0.105183 0.200964 128 126 0
0.583142 0.109883 0.199551 128 126 0
0.583321 0.114513 0.197928 128 126 0
0.583486 0.11907 0.196105 128 126 0
0.583708 0.123584 0.194185 128 126 0
0.584119 0.128079 0.19225 128 126 0
0.584388 0.132541 0.190215 128 126 0
0.584863 0.136997 0.188206 128 126 0
0.585359 0.141447 0.186188 128 126 0
0.585665 0.145902 0.184146 129 125 0
0.586065 0.150378 0.18217 129 125 0
0.586479 0.15485 0.180193 129 125 0
0.587278 0.156759 0.179634 129 125 0
0.589003 0.161592 0.17815 129 125 0
0.590539 0.166461 0.176569 129 125 0
0.592525 0.1712 0.175093 129 125 0
0.594289 0.175845 0.173127 129 125 0
0.596347 0.18034 0.171111 129 125 0
0.594881 0.181195 0.170266 129 125 0
0.593186 0.184596 0.16727 129 125 0
0.591405 0.187868 0.164184 129 125 0
0.590188 0.191322 0.161015 129 125 0
0.588693 0.194672 0.157856 129 125 0
0.587084 0.198145 0.154893 129 125 0
0.585149 0.201561 0.15207 129 125 0
0.586741 0.199679 0.153689 129 125 0
0.589249 0.197 0.156372 129 125 0
0.59127 0.19407 0.159235 129 125 0
0.593028 0.191084 0.162217 129 125 0
0.594652 0.187968 0.165143 129 125 0
0.596175 0.184793 0.168057 129 125 0
0.597863 0.184305 0.168704 129 125 0
0.600572 0.181267 0.171331 129 125 0
0.603023 0.178039 0.173992 129 125 0
0.606155 0.175192 0.176371 129 125 0
0.609161 0.172161 0.178679 129 125 0
0.61255 0.169398 0.18073 129 125 0
0.615601 0.169875 0.180535 129 125 0
0.620248 0.171064 0.179923 129 125 0
0.624747 0.172677 0.179115 129 125 0
0.629247 0.174315 0.178368 129 125 0
0.633755 0.175957 0.177683 129 125 0
0.638293 0.177585 0.177181 129 125 0
0.642974 0.178752 0.177054 129 125 0
0.640641 0.178003 0.177173 129 125 0
0.636117 0.175925 0.177928 129 125 0
0.631432 0.174161 0.178528 129 125 0
0.626788 0.172376 0.179354 129 125 0
0.622064 0.170799 0.180139 129 125 0
0.617346 0.169234 0.180985 129 125 0
0.61334 0.169177 0.180799 129 125 0
0.608724 0.167501 0.180962 129 125 0
0.604017 0.166078 0.180876 129 125 0
0.599315 0.164792 0.180214 129 125 0
0.594626 0.16387 0.179081 129 125 0
0.589959 0.163024 0.177776 129 125 0
0.589171 0.155619 0.181022 129 125 0
0.588793 0.151084 0.183072 129 125 0
0.588185 0.146523 0.185006 129 125 0
0.587597 0.141976 0.186979 130 124 0
0.587125 0.137445 0.18902 130 124 0
0.58662 0.132905 0.191032 130 124 0
0.586068 0.128339 0.192973 130 124 0
0.585488 0.123739 0.194825 130 124 0
0.584906 0.119111 0.196603 130 124 0
0.58465 0.114445 0.198353 130 124 0
0.584462 0.109724 0.19996 130 124 0
0.584184 0.104991 0.201519 130 124 0
0.583942 0.100201 0.202886 130 124 0
0.582952 0.0948565 0.203653 130 124 0
0.582894 0.0896424 0.204304 130 124 0
0.583069 0.0843866 0.204919 130 124 0
0.58278 0.0791211 0.205398 130 124 0
0.582981 0.0738639 0.206004 130 124 0
0.583242 0.0685999 0.20652 130 124 0
0.582842 0.0633308 0.206848 130 124 0
0.582543 0.0580589 0.20725 130 124 0
0.582425 0.0527788 0.20757 130 124 0
0.582594 0.0579822 0.207316 130 124 0
0.582813 0.0629988 0.20687 130 124 0
0.583249 0.06802 0.206544 130 124 0
0.583464 0.0730531 0.206181 130 124 0
0.583706 0.078078 0.205733 130 124 0
0.584002 0.0831004 0.205288 130 124 0
0.584038 0.088136 0.204901 130 124 0
0.583512 0.0957341 0.203606 130 124 0
0.583291 0.100479 0.202362 130 124 0
0.583122 0.105183 0.200964 130 124 0
0.583142 0.109883 0.199551 130 124 0
0.583321 0.114513 0.197928 130 124 0
0.583486 0.11907 0.196105 130 124 0
0.583708 0.123584 0.194185 130 124 0
0.584119 0.128079 0.19225 130 124 0
0.584388 0.132541 0.190215 130 124 0
0.584863 0.136997 0.188206 130 124 0
0.585359 0.141447 0.186188 130 124 0
0.585665 0.145902 0.184146 130 124 0
0.586065 0.150378 0.18217 130 124 0
0.586479 0.15485 0.180193 130 124 0
0.587278 0.156759 0.179634 130 124 0
0.589003 0.161592 0.17815 130 124 0
0.590539 0.166461 0.176569 130 124 0
0.592525 0.1712 0.175093 130 124 0
0.594289 0.175845 0.173127 130 124 0
0.596347 0.18034 0.171111 130 124 0
0.594881 0.181195 0.170266 130 124 0
0.593186 0.184596 0.16727 130 124 0
0.591405 0.187868 0.164184 130 124 0
0.590188 0.191322 0.161015 131 123 0
0.588693 0.194672 0.157856 131 123 0
0.587084 0.198145 0.154893 131 123 0
0.585149 0.201561 0.15207 131 123 0
0.582877 0.206412 0.160514 131 123 0
0.518668 0.205435 0.128563 131 123 0
0.524048 0.201369 0.121179 131 123 0
0.510383 0.0892786 0.169202 131 123 0
0.508089 0.0986659 0.165274 131 123 0
0.507377 0.103324 0.163219 131 123 0
0.506934 0.107962 0.161036 131 123 0
0.506377 0.112535 0.158744 131 123 0
0.505903 0.117051 0.156324 131 123 0
0.505517 0.121528 0.153818 131 123 0
0.505171 0.125946 0.151203 131 123 0
0.504882 0.130319 0.148508 131 123 0
0.504708 0.134704 0.145822 131 123 0
0.504513 0.139075 0.143116 131 123 0
0.504265 0.143421 0.140372 131 123 0
0.504009 0.147756 0.137612 131 123 0
0.503691 0.152098 0.134869 131 123 0
0.503302 0.156489 0.132215 131 123 0
0.502915 0.160927 0.129641 131 123 0
0.502658 0.165406 0.127122 131 123 0
0.502218 0.169878 0.124622 131 123 0
0.499995 0.168907 0.123493 131 123 0
0.496123 0.167566 0.121697 131 123 0
0.492273 0.16605 0.119992 131 123 0
0.488461 0.164837 0.117992 131 123 0
0.484673 0.16352 0.11601 131 123 0
0.482418 0.164394 0.113694 131 123 0
0.479477 0.165427 0.11034 131 123 0
0.476807 0.16669 0.106837 131 123 0
0.474369 0.168044 0.103196 131 123 0
0.471955 0.169198 0.0994716 131 123 0
0.469557 0.170117 0.0956735 131 123 0
0.467122 0.170871 0.0918629 131 123 0
0.468248 0.170141 0.0940427 131 123 0
0.47045 0.168952 0.0978176 131 123 0
0.472611 0.167631 0.101573 131 123 0
0.475091 0.166564 0.105208 131 123 0
0.477705 0.165378 0.108709 131 123 0
0.480628 0.164575 0.112042 131 123 0
0.482418 0.164394 0.113694 131 123 0
0.486361 0.163267 0.117332 131 123 0
0.490406 0.162132 0.120854 131 123 0
0.494536 0.160901 0.124232 131 123 0
0.498776 0.159714 0.127486 131 123 0
0.498207 0.152171 0.130984 131 123 0
0.497709 0.147655 0.133156 132 122 0
0.497048 0.143172 0.135351 132 122 0
0.496342 0.138709 0.137573 132 122 0
0.495648 0.13428 0.139864 132 122 0
0.495086 0.129876 0.14224 132 122 0
0.49435 0.125426 0.144478 132 122 0
0.493652 0.120956 0.146688 132 122 0
0.492997 0.116425 0.148785 132 122 0
0.492527 0.111839 0.150807 132 122 0
0.492196 0.10718 0.152684 132 122 0
0.491988 0.102501 0.154531 132 122 0
0.491666 0.0976972 0.155998 132 122 0
0.490539 0.0930695 0.156587 132 122 0
0.490704 0.088157 0.157806 132 122 0
0.490594 0.0832088 0.158891 132 122 0
0.490396 0.0782288 0.159804 132 122 0
0.49026 0.0732234 0.160578 132 122 0
0.489917 0.0681889 0.16103 132 122 0
0.489613 0.0631399 0.161329 132 122 0
0.489406 0.058078 0.161416 132 122 0
0.489368 0.0530117 0.161474 132 122 0
0.489345 0.0556786 0.161509 132 122 0
0.489413 0.0610393 0.161405 132 122 0
0.489659 0.0663913 0.161237 132 122 0
0.490127 0.071716 0.160848 132 122 0
0.490664 0.0770151 0.160231 132 122 0
0.491104 0.0823002 0.159448 132 122 0
0.491447 0.0875864 0.158616 132 122 0
0.491842 0.095579 0.156696 132 122 0
0.492051 0.100545 0.155177 132 122 0
0.492651 0.105451 0.15356 132 122 0
0.493182 0.110328 0.151838 132 122 0
0.493695 0.115117 0.149877 132 122 0
0.494367 0.119844 0.147818 132 122 0
0.495247 0.124512 0.1457 132 122 0
0.49617 0.129146 0.143524 132 122 0
0.496942 0.133723 0.141179 132 122 0
0.497781 0.13831 0.138875 132 122 0
0.49854 0.142914 0.136579 132 122 0
0.499425 0.147537 0.13437 132 122 0
0.500156 0.152203 0.132193 132 122 0
0.500083 0.154792 0.130741 132 122 0
0.500631 0.159237 0.128823 132 122 0
0.501036 0.163666 0.126832 132 122 0
0.501162 0.168077 0.124764 132 122 0
0.501113 0.172469 0.122656 132 122 0
0.501161 0.17692 0.120682 132 122 0
0.503617 0.179152 0.121222 132 122 0
0.507022 0.183346 0.121236 132 122 0
0.510679 0.187333 0.121584 133 121 0
0.514485 0.191165 0.122019 133 121 0
0.5182 0.195079 0.122012 133 121 0
0.521936 0.198988 0.121711 133 121 0
0.519895 0.197883 0.121075 133 121 0
0.516554 0.194828 0.120838 133 121 0
0.513184 0.19182 0.120437 133 121 0
0.509976 0.188633 0.120088 133 121 0
0.506732 0.18549 0.119676 133 121 0
0.503504 0.182324 0.119331 133 121 0
0.500774 0.18084 0.118461 133 121 0
0.497345 0.177742 0.117789 133 121 0
0.493846 0.174768 0.116936 133 121 0
0.490645 0.171409 0.116367 133 121 0
0.487337 0.168213 0.115552 133 121 0
0.484142 0.164882 0.11487 133 121 0
0.482418 0.164394 0.113694 133 121 0
0.479824 0.166028 0.110295 133 121 0
0.477122 0.167282 0.106802 133 121 0
0.474679 0.168647 0.103158 133 121 0
0.472015 0.169302 0.0994751 133 121 0
0.469562 0.170115 0.0956802 133 121 0
0.467122 0.170871 0.0918629 133 121 0
0.468248 0.170141 0.0940427 133 121 0
0.47045 0.168952 0.0978176 133 121 0
0.472611 0.167631 0.101573 133 121 0
0.475091 0.166564 0.105208 133 121 0
0.477705 0.165378 0.108709 133 121 0
0.480628 0.164575 0.112042 133 121 0
0.482418 0.164394 0.113694 133 121 0
0.486361 0.163267 0.117332 133 121 0
0.490406 0.162132 0.120854 133 121 0
0.494536 0.160901 0.124232 133 121 0
0.498776 0.159714 0.127486 133 121 0
0.498207 0.152171 0.130984 133 121 0
0.497709 0.147655 0.133156 133 121 0
0.497048 0.143172 0.135351 133 121 0
0.496342 0.138709 0.137573 133 121 0
0.495648 0.13428 0.139864 133 121 0
0.495086 0.129876 0.14224 133 121 0
0.49435 0.125426 0.144478 133 121 0
0.493652 0.120956 0.146688 133 121 0
0.492997 0.116425 0.148785 133 121 0
0.492527 0.111839 0.150807 133 121 0
0.492196 0.10718 0.152684 133 121 0
0.491988 0.102501 0.154531 133 121 0
0.491666 0.0976972 0.155998 133 121 0
0.490539 0.0930695 0.156587 133 121 0
0.490704 0.088157 0.157806 133 121 0
0.490594 0.0832088 0.158891 133 121 0
0.490396 0.0782288 0.159804 134 120 0
0.49026 0.0732234 0.160578 134 120 0
0.489917 0.0681889 0.16103 134 120 0
0.489613 0.0631399 0.161329 134 120 0
0.489406 0.058078 0.161416 134 120 0
0.489368 0.0530117 0.161474 134 120 0
0.489345 0.0556786 0.161509 134 120 0
0.489413 0.0610393 0.161405 134 120 0
0.489659 0.0663913 0.161237 134 120 0
0.490127 0.071716 0.160848 134 120 0
0.490664 0.0770151 0.160231 134 120 0
0.491104 0.0823002 0.159448 134 120 0
0.491447 0.0875864 0.158616 134 120 0
0.491842 0.095579 0.156696 134 120 0
0.492051 0.100545 0.155177 134 120 0
0.492651 0.105451 0.15356 134 120 0
0.493182 0.110328 0.151838 134 120 0
0.493695 0.115117 0.149877 134 120 0
0.494367 0.119844 0.147818 134 120 0
0.495247 0.124512 0.1457 134 120 0
0.49617 0.129146 0.143524 134 120 0
0.496942 0.133723 0.141179 134 120 0
0.497781 0.13831 0.138875 134 120 0
0.49854 0.142914 0.136579 134 120 0
0.499425 0.147537 0.13437 134 120 0
0.500156 0.152203 0.132193 134 120 0
0.500083 0.154792 0.130741 134 120 0
0.500631 0.159237 0.128823 134 120 0
0.501036 0.163666 0.126832 134 120 0
0.501162 0.168077 0.124764 134 120 0
0.501113 0.172469 0.122656 134 120 0
0.501161 0.17692 0.120682 134 120 0
0.503617 0.179152 0.121222 134 120 0
0.507022 0.183346 0.121236 134 120 0
0.510679 0.187333 0.121584 134 120 0
0.514485 0.191165 0.122019 134 120 0
0.5182 0.195079 0.122012 134 120 0
0.521936 0.198988 0.121711 134 120 0
0.516496 0.203057 0.129048 134 120 0
0.581519 0.208926 0.158655 134 120 0
0.583704 0.203863 0.150312 134 120 0
0.585149 0.201561 0.15207 134 120 0
0.587141 0.198185 0.154938 134 120 0
0.588936 0.19479 0.157915 134 120 0
0.59098 0.191685 0.161046 134 120 0
0.593128 0.18861 0.164137 134 120 0
0.595707 0.185822 0.167138 134 120 0
0.59687 0.184068 0.168675 134 120 0
0.599954 0.181324 0.171173 134 120 0
0.602722 0.178318 0.173759 135 119 0
0.605467 0.175226 0.176265 135 119 0
0.608373 0.17215 0.178602 135 119 0
0.61154 0.169204 0.180747 135 119 0
0.615601 0.169875 0.180535 135 119 0
0.620248 0.171064 0.179923 135 119 0
0.624747 0.172677 0.179115 135 119 0
0.629247 0.174315 0.178368 135 119 0
0.633755 0.175957 0.177683 135 119 0
0.638293 0.177585 0.177181 135 119 0
0.642974 0.178752 0.177054 135 119 0
0.640641 0.178003 0.177173 135 119 0
0.636117 0.175925 0.177928 135 119 0
0.631432 0.174161 0.178528 135 119 0
0.626788 0.172376 0.179354 135 119 0
0.622064 0.170799 0.180139 135 119 0
0.617346 0.169234 0.180985 135 119 0
0.61334 0.169177 0.180799 135 119 0
0.608724 0.167501 0.180962 135 119 0
0.604017 0.166078 0.180876 135 119 0
0.599315 0.164792 0.180214 135 119 0
0.594626 0.16387 0.179081 135 119 0
0.589959 0.163024 0.177776 135 119 0
0.589171 0.155619 0.181022 135 119 0
0.588793 0.151084 0.183072 135 119 0
0.588185 0.146523 0.185006 135 119 0
0.587597 0.141976 0.186979 135 119 0
0.587125 0.137445 0.18902 135 119 0
0.58662 0.132905 0.191032 135 119 0
0.586068 0.128339 0.192973 135 119 0
0.585488 0.123739 0.194825 135 119 0
0.584906 0.119111 0.196603 135 119 0
0.58465 0.114445 0.198353 135 119 0
0.584462 0.109724 0.19996 135 119 0
0.584184 0.104991 0.201519 135 119 0
0.583942 0.100201 0.202886 135 119 0
0.582952 0.0948565 0.203653 135 119 0
0.582894 0.0896424 0.204304 135 119 0
0.583069 0.0843866 0.204919 135 119 0
0.58278 0.0791211 0.205398 135 119 0
0.582981 0.0738639 0.206004 135 119 0
0.583242 0.0685999 0.20652 135 119 0
0.582842 0.0633308 0.206848 135 119 0
0.582543 0.0580589 0.20725 135 119 0
0.582425 0.0527788 0.20757 135 119 0
0.582594 0.0579822 0.207316 135 119 0
0.582813 0.0629988 0.20687 135 119 0
0.583249 0.06802 0.206544 135 119 0
0.583464 0.0730531 0.206181 135 119 0
0.583706 0.078078 0.205733 136 118 0
0.584002 0.0831004 0.205288 136 118 0
0.584038 0.088136 0.204901 136 118 0
0.583512 0.0957341 0.203606 136 118 0
0.583291 0.100479 0.202362 136 118 0
0.583122 0.105183 0.200964 136 118 0
0.583142 0.109883 0.199551 136 118 0
0.583321 0.114513 0.197928 136 118 0
0.583486 0.11907 0.196105 136 118 0
0.583708 0.123584 0.194185 136 118 0
0.584119 0.128079 0.19225 136 118 0
0.584388 0.132541 0.190215 136 118 0
0.584863 0.136997 0.188206 136 118 0
0.585359 0.141447 0.186188 136 118 0
0.585665 0.145902 0.184146 136 118 0
0.586065 0.150378 0.18217 136 118 0
0.586479 0.15485 0.180193 136 118 0
0.587278 0.156759 0.179634 136 118 0
0.589003 0.161592 0.17815 136 118 0
0.590539 0.166461 0.176569 136 118 0
0.592525 0.1712 0.175093 136 118 0
0.594289 0.175845 0.173127 136 118 0
0.596347 0.18034 0.171111 136 118 0
0.594881 0.181195 0.170266 136 118 0
0.593186 0.184596 0.16727 136 118 0
0.591405 0.187868 0.164184 136 118 0
0.590188 0.191322 0.161015 136 118 0
0.588693 0.194672 0.157856 136 118 0
0.587084 0.198145 0.154893 136 118 0
0.585149 0.201561 0.15207 136 118 0
0.586741 0.199679 0.153689 136 118 0
0.589249 0.197 0.156372 136 118 0
0.59127 0.19407 0.159235 136 118 0
0.593028 0.191084 0.162217 136 118 0
0.594652 0.187968 0.165143 136 118 0
0.596175 0.184793 0.168057 136 118 0
0.597863 0.184305 0.168704 136 118 0
0.600572 0.181267 0.171331 136 118 0
0.603023 0.178039 0.173992 136 118 0
0.606155 0.175192 0.176371 136 118 0
0.609161 0.172161 0.178679 136 118 0
0.61255 0.169398 0.18073 136 118 0
0.615601 0.169875 0.180535 136 118 0
0.620248 0.171064 0.179923 136 118 0
0.624747 0.172677 0.179115 136 118 0
0.629247 0.174315 0.178368 136 118 0
0.633755 0.175957 0.177683 136 118 0
0.638293 0.177585 0.177181 136 118 0
0.642974 0.178752 0.177054 136 118 0
0.640641 0.178003 0.177173 136 118 0
0.636117 0.175925 0.177928 137 117 0
0.631432 0.174161 0.178528 137 117 0
0.626788 0.172376 0.179354 137 117 0
0.622064 0.170799 0.180139 137 117 0
0.617346 0.169234 0.180985 137 117 0
0.61334 0.169177 0.180799 137 117 0
0.608724 0.167501 0.180962 137 117 0
0.604017 0.166078 0.180876 137 117 0
0.599315 0.164792 0.180214 137 117 0
0.594626 0.16387 0.179081 137 117 0
0.589959 0.163024 0.177776 137 117 0
0.589171 0.155619 0.181022 137 117 0
0.588793 0.151084 0.183072 137 117 0
0.588185 0.146523 0.185006 137 117 0
0.587597 0.141976 0.186979 137 117 0
0.587125 0.137445 0.18902 137 117 0
0.58662 0.132905 0.191032 137 117 0
0.586068 0.128339 0.192973 137 117 0
0.585488 0.123739 0.194825 137 117 0
0.584906 0.119111 0.196603 137 117 0
0.58465 0.114445 0.198353 137 117 0
0.584462 0.109724 0.19996 137 117 0
0.584184 0.104991 0.201519 137 117 0
0.583942 0.100201 0.202886 137 117 0
0.582952 0.0948565 0.203653 137 117 0
0.582894 0.0896424 0.204304 137 117 0
0.583069 0.0843866 0.204919 137 117 0
0.58278 0.0791211 0.205398 137 117 0
0.582981 0.0738639 0.206004 137 117 0
0.583242 0.0685999 0.20652 137 117 0
0.582842 0.0633308 0.206848 137 117 0
0.582543 0.0580589 0.20725 137 117 0
0.582425 0.0527788 0.20757 137 117 0
0.582594 0.0579822 0.207316 137 117 0
0.582813 0.0629988 0.20687 137 117 0
0.583249 0.06802 0.206544 137 117 0
0.583464 0.0730531 0.206181 137 117 0
0.583706 0.078078 0.205733 137 117 0
0.584002 0.0831004 0.205288 137 117 0
0.584038 0.088136 0.204901 137 117 0
0.583512 0.0957341 0.203606 137 117 0
0.583291 0.100479 0.202362 137 117 0
0.583122 0.105183 0.200964 137 117 0
0.583142 0.109883 0.199551 137 117 0
0.583321 0.114513 0.197928 137 117 0
0.583486 0.11907 0.196105 137 117 0
0.583708 0.123584 0.194185 137 117 0
0.584119 0.128079 0.19225 137 117 0
0.584388 0.132541 0.190215 137 117 0
0.584863 0.136997 0.188206 138 116 0
0.585359 0.141447 0.186188 138 116 0
0.585665 0.145902 0.184146 138 116 0
0.586065 0.150378 0.18217 138 116 0
0.586479 0.15485 0.180193 138 116 0
0.587278 0.156759 0.179634 138 116 0
0.589003 0.161592 0.17815 138 116 0
0.590539 0.166461 0.176569 138 116 0
0.592525 0.1712 0.175093 138 116 0
0.594289 0.175845 0.173127 138 116 0
0.596347 0.18034 0.171111 138 116 0
0.594881 0.181195 0.170266 138 116 0
0.593186 0.184596 0.16727 138 116 0
0.591405 0.187868 0.164184 138 116 0
0.590188 0.191322 0.161015 138 116 0
0.588693 0.194672 0.157856 138 116 0
0.587084 0.198145 0.154893 138 116 0
0.585149 0.201561 0.15207 138 116 0
0.582877 0.206412 0.160514 138 116 0
0.518668 0.205435 0.128563 138 116 0
0.524048 0.201369 0.121179 138 116 0
0.510383 0.0892786 0.169202 138 116 0
0.508089 0.0986659 0.165274 138 116 0
0.507377 0.103324 0.163219 138 116 0
0.506934 0.107962 0.161036 138 116 0
0.506377 0.112535 0.158744 138 116 0
0.505903 0.117051 0.156324 138 116 0
0.505517 0.121528 0.153818 138 116 0
0.505171 0.125946 0.151203 138 116 0
0.504882 0.130319 0.148508 138 116 0
0.504708 0.134704 0.145822 138 116 0
0.504513 0.139075 0.143116 138 116 0
0.504265 0.143421 0.140372 138 116 0
0.504009 0.147756 0.137612 138 116 0
0.503691 0.152098 0.134869 138 116 0
0.503302 0.156489 0.132215 138 116 0
0.502915 0.160927 0.129641 138 116 0
0.502658 0.165406 0.127122 138 116 0
0.502218 0.169878 0.124622 138 116 0
0.499995 0.168907 0.123493 138 116 0
0.496123 0.167566 0.121697 138 116 0
0.492273 0.16605 0.119992 138 116 0
0.488461 0.164837 0.117992 138 116 0
0.484673 0.16352 0.11601 138 116 0
0.482418 0.164394 0.113694 138 116 0
0.479477 0.165427 0.11034 138 116 0
0.476807 0.16669 0.106837 138 116 0
0.474369 0.168044 0.103196 138 116 0
0.471955 0.169198 0.0994716 138 116 0
0.469557 0.170117 0.0956735 139 115 0
0.467122 0.170871 0.0918629 139 115 0
0.468248 0.170141 0.0940427 139 115 0
0.47045 0.168952 0.0978176 139 115 0
0.472611 0.167631 0.101573 139 115 0
0.475091 0.166564 0.105208 139 115 0
0.477705 0.165378 0.108709 139 115 0
0.480628 0.164575 0.112042 139 115 0
0.482418 0.164394 0.113694 139 115 0
0.486361 0.163267 0.117332 139 115 0
0.490406 0.162132 0.120854 139 115 0
0.494536 0.160901 0.124232 139 115 0
0.498776 0.159714 0.127486 139 115 0
0.498207 0.152171 0.130984 139 115 0
0.497709 0.147655 0.133156 139 115 0
0.497048 0.143172 0.135351 139 115 0
0.496342 0.138709 0.137573 139 115 0
0.495648 0.13428 0.139864 139 115 0
0.495086 0.129876 0.14224 139 115 0
0.49435 0.125426 0.144478 139 115 0
0.493652 0.120956 0.146688 139 115 0
0.492997 0.116425 0.148785 139 115 0
0.492527 0.111839 0.150807 139 115 0
0.492196 0.10718 0.152684 139 115 0
0.491988 0.102501 0.154531 139 115 0
0.491666 0.0976972 0.155998 139 115 0
0.490539 0.0930695 0.156587 139 115 0
0.490704 0.088157 0.157806 139 115 0
0.490594 0.0832088 0.158891 139 115 0
0.490396 0.0782288 0.159804 139 115 0
0.49026 0.0732234 0.160578 139 115 0
0.489917 0.0681889 0.16103 139 115 0
0.489613 0.0631399 0.161329 139 115 0
0.489406 0.058078 0.161416 139 115 0
0.489368 0.0530117 0.161474 139 115 0
0.489345 0.0556786 0.161509 139 115 0
0.489413 0.0610393 0.161405 139 115 0
0.489659 0.0663913 0.161237 139 115 0
0.490127 0.071716 0.160848 139 115 0
0.490664 0.0770151 0.160231 139 115 0
0.491104 0.0823002 0.159448 139 115 0
0.491447 0.0875864 0.158616 139 115 0
0.491842 0.095579 0.156696 139 115 0
0.492051 0.100545 0.155177 139 115 0
0.492651 0.105451 0.15356 139 115 0
0.493182 0.110328 0.151838 139 115 0
0.493695 0.115117 0.149877 139 115 0
0.494367 0.119844 0.147818 139 115 0
0.495247 0.124512 0.1457 139 115 0
0.49617 0.129146 0.143524 140 114 0
0.496942 0.133723 0.141179 140 114 0
0.497781 0.13831 0.138875 140 114 0
0.49854 0.142914 0.136579 140 114 0
0.499425 0.147537 0.13437 140 114 0
0.500156 0.152203 0.132193 140 114 0
0.500083 0.154792 0.130741 140 114 0
0.500631 0.159237 0.128823 140 114 0
0.501036 0.163666 0.126832 140 114 0
0.501162 0.168077 0.124764 140 114 0
0.501113 0.172469 0.122656 140 114 0
0.501161 0.17692 0.120682 140 114 0
0.503617 0.179152 0.121222 140 114 0
0.507022 0.183346 0.121236 140 114 0
0.510679 0.187333 0.121584 140 114 0
0.514485 0.191165 0.122019 140 114 0
0.5182 0.195079 0.122012 140 114 0
0.521936 0.198988 0.121711 140 114 0
0.519895 0.197883 0.121075 140 114 0
0.516554 0.194828 0.120838 140 114 0
0.513184 0.19182 0.120437 140 114 0
0.509976 0.188633 0.120088 140 114 0
0.506732 0.18549 0.119676 140 114 0
0.503504 0.182324 0.119331 140 114 0
0.500774 0.18084 0.118461 140 114 0
0.497345 0.177742 0.117789 140 114 0
0.493846 0.174768 0.116936 140 114 0
0.490645 0.171409 0.116367 140 114 0
0.487337 0.168213 0.115552 140 114 0
0.484142 0.164882 0.11487 140 114 0
0.482418 0.164394 0.113694 140 114 0
0.479824 0.166028 0.110295 140 114 0
0.477122 0.167282 0.106802 140 114 0
0.474679 0.168647 0.103158 140 114 0
0.472015 0.169302 0.0994751 140 114 0
0.469562 0.170115 0.0956802 140 114 0
0.467122 0.170871 0.0918629 140 114 0
0.468248 0.170141 0.0940427 140 114 0
0.47045 0.168952 0.0978176 140 114 0
0.472611 0.167631 0.101573 140 114 0
0.475091 0.166564 0.105208 140 114 0
0.477705 0.165378 0.108709 140 114 0
0.480628 0.164575 0.112042 140 114 0
0.482418 0.164394 0.113694 140 114 0
0.486361 0.163267 0.117332 140 114 0
0.490406 0.162132 0.120854 140 114 0
0.494536 0.160901 0.124232 140 114 0
0.498776 0.159714 0.127486 140 114 0
0.498207 0.152171 0.130984 140 114 0
0.497709 0.147655 0.133156 140 114 0
0.497048 0.143172 0.135351 141 113 0
0.496342 0.138709 0.137573 141 113 0
0.495648 0.13428 0.139864 141 113 0
0.495086 0.129876 0.14224 141 113 0
0.49435 0.125426 0.144478 141 113 0
0.493652 0.120956 0.146688 141 113 0
0.492997 0.116425 0.148785 141 113 0
0.492527 0.111839 0.150807 141 113 0
0.492196 0.10718 0.152684 141 113 0
0.491988 0.102501 0.154531 141 113 0
0.491666 0.0976972 0.155998 141 113 0
0.490539 0.0930695 0.156587 141 113 0
0.490704 0.088157 0.157806 141 113 0
0.490594 0.0832088 0.158891 141 113 0
0.490396 0.0782288 0.159804 141 113 0
0.49026 0.0732234 0.160578 141 113 0
0.489917 0.0681889 0.16103 141 113 0
0.489613 0.0631399 0.161329 141 113 0
0.489406 0.058078 0.161416 141 113 0
0.489368 0.0530117 0.161474 141 113 0
0.489345 0.0556786 0.161509 141 113 0
0.489413 0.0610393 0.161405 141 113 0
0.489659 0.0663913 0.161237 141 113 0
0.490127 0.071716 0.160848 141 113 0
0.490664 0.0770151 0.160231 141 113 0
0.491104 0.0823002 0.159448 141 113 0
0.491447 0.0875864 0.158616 141 113 0
0.491842 0.095579 0.156696 141 113 0
0.492051 0.100545 0.155177 141 113 0
0.492651 0.105451 0.15356 141 113 0
0.493182 0.110328 0.151838 141 113 0
0.493695 0.115117 0.149877 141 113 0
0.494367 0.119844 0.147818 141 113 0
0.495247 0.124512 0.1457 141 113 0
0.49617 0.129146 0.143524 141 113 0
0.496942 0.133723 0.141179 141 113 0
0.497781 0.13831 0.138875 141 113 0
0.49854 0.142914 0.136579 141 113 0
0.499425 0.147537 0.13437 141 113 0
0.500156 0.152203 0.132193 141 113 0
0.500083 0.154792 0.130741 141 113 0
0.500631 0.159237 0.128823 141 113 0
0.501036 0.163666 0.126832 141 113 0
0.501162 0.168077 0.124764 141 113 0
0.501113 0.172469 0.122656 141 113 0
0.501161 0.17692 0.120682 141 113 0
0.503617 0.179152 0.121222 141 113 0
0.507022 0.183346 0.121236 141 113 0
0.510679 0.187333 0.121584 141 113 0
0.514485 0.191165 0.122019 142 112 0
0.5182 0.195079 0.122012 142 112 0
0.521936 0.198988 0.121711 142 112 0
0.516496 0.203057 0.129048 142 112 0
0.581519 0.208926 0.158655 142 112 0
0.583704 0.203863 0.150312 142 112 0
0.585149 0.201561 0.15207 142 112 0
0.587141 0.198185 0.154938 142 112 0
0.588936 0.19479 0.157915 142 112 0
0.59098 0.191685 0.161046 142 112 0
0.593128 0.18861 0.164137 142 112 0
0.595707 0.185822 0.167138 142 112 0
0.59687 0.184068 0.168675 142 112 0
0.599954 0.181324 0.171173 142 112 0
0.602722 0.178318 0.173759 142 112 0
0.605467 0.175226 0.176265 142 112 0
0.608373 0.17215 0.178602 142 112 0
0.61154 0.169204 0.180747 142 112 0
0.615601 0.169875 0.180535 142 112 0
0.620248 0.171064 0.179923 142 112 0
0.624747 0.172677 0.179115 142 112 0
0.629247 0.174315 0.178368 142 112 0
0.633755 0.175957 0.177683 142 112 0
0.638293 0.177585 0.177181 142 112 0
0.642974 0.178752 0.177054 142 112 0
0.640641 0.178003 0.177173 142 112 0
0.636117 0.175925 0.177928 142 112 0
0.631432 0.174161 0.178528 142 112 0
0.626788 0.172376 0.179354 142 112 0
0.622064 0.170799 0.180139 142 112 0
0.617346 0.169234 0.180985 142 112 0
0.61334 0.169177 0.180799 142 112 0
0.608724 0.167501 0.180962 142 112 0
0.604017 0.166078 0.180876 142 112 0
0.599315 0.164792 0.180214 142 112 0
0.594626 0.16387 0.179081 142 112 0
0.589959 0.163024 0.177776 142 112 0
0.589171 0.155619 0.181022 142 112 0
0.588793 0.151084 0.183072 142 112 0
0.588185 0.146523 0.185006 142 112 0
0.587597 0.141976 0.186979 142 112 0
0.587125 0.137445 0.18902 142 112 0
0.58662 0.132905 0.191032 142 112 0
0.586068 0.128339 0.192973 142 112 0
0.585488 0.123739 0.194825 142 112 0
0.584906 0.119111 0.196603 142 112 0
0.58465 0.114445 0.198353 142 112 0
0.584462 0.109724 0.19996 142 112 0
0.584184 0.104991 0.201519 142 112 0
0.583942 0.100201 0.202886 143 111 0
0.582952 0.0948565 0.203653 143 111 0
0.582894 0.0896424 0.204304 143 111 0
0.583069 0.0843866 0.204919 143 111 0
0.58278 0.0791211 0.205398 143 111 0
0.582981 0.0738639 0.206004 143 111 0
0.583242 0.0685999 0.20652 143 111 0
0.582842 0.0633308 0.206848 143 111 0
0.582543 0.0580589 0.20725 143 111 0
0.582425 0.0527788 0.20757 143 111 0
0.582594 0.0579822 0.207316 143 111 0
0.582813 0.0629988 0.20687 143 111 0
0.583249 0.06802 0.206544 143 111 0
0.583464 0.0730531 0.206181 143 111 0
0.583706 0.078078 0.205733 143 111 0
0.584002 0.0831004 0.205288 143 111 0
0.584038 0.088136 0.204901 143 111 0
0.583512 0.0957341 0.203606 143 111 0
0.583291 0.100479 0.202362 143 111 0
0.583122 0.105183 0.200964 143 111 0
0.583142 0.109883 0.199551 143 111 0
0.583321 0.114513 0.197928 143 111 0
0.583486 0.11907 0.196105 143 111 0
0.583708 0.123584 0.194185 143 111 0
0.584119 0.128079 0.19225 143 111 0
0.584388 0.132541 0.190215 143 111 0
0.584863 0.136997 0.188206 143 111 0
0.585359 0.141447 0.186188 143 111 0
0.585665 0.145902 0.184146 143 111 0
0.586065 0.150378 0.18217 143 111 0
0.586479 0.15485 0.180193 143 111 0
0.587278 0.156759 0.179634 143 111 0
0.589003 0.161592 0.17815 143 111 0
0.590539 0.166461 0.176569 143 111 0
0.592525 0.1712 0.175093 143 111 0
0.594289 0.175845 0.173127 143 111 0
0.596347 0.18034 0.171111 143 111 0
0.594881 0.181195 0.170266 143 111 0
0.593186 0.184596 0.16727 143 111 0
0.591405 0.187868 0.164184 143 111 0
0.590188 0.191322 0.161015 143 111 0
0.588693 0.194672 0.157856 143 111 0
0.587084 0.198145 0.154893 143 111 0
0.585149 0.201561 0.15207 143 111 0
0.586741 0.199679 0.153689 143 111 0
0.589249 0.197 0.156372 143 111 0
0.59127 0.19407 0.159235 143 111 0
0.593028 0.191084 0.162217 143 111 0
0.594652 0.187968 0.165143 143 111 0
0.596175 0.184793 0.168057 144 110 0
0.597863 0.184305 0.168704 144 110 0
0.600572 0.181267 0.171331 144 110 0
0.603023 0.178039 0.173992 144 110 0
0.606155 0.175192 0.176371 144 110 0
0.609161 0.172161 0.178679 144 110 0
0.61255 0.169398 0.18073 144 110 0
0.615601 0.169875 0.180535 144 110 0
0.620248 0.171064 0.179923 144 110 0
0.624747 0.172677 0.179115 144 110 0
0.629247 0.174315 0.178368 144 110 0
0.633755 0.175957 0.177683 144 110 0
0.638293 0.177585 0.177181 144 110 0
0.642974 0.178752 0.177054 144 110 0
0.640641 0.178003 0.177173 144 110 0
0.636117 0.175925 0.177928 144 110 0
0.631432 0.174161 0.178528 144 110 0
0.626788 0.172376 0.179354 144 110 0
0.622064 0.170799 0.180139 144 110 0
0.617346 0.169234 0.180985 144 110 0
0.61334 0.169177 0.180799 144 110 0
0.608724 0.167501 0.180962 144 110 0
0.604017 0.166078 0.180876 144 110 0
0.599315 0.164792 0.180214 144 110 0
0.594626 0.16387 0.179081 144 110 0
0.589959 0.163024 0.177776 144 110 0
0.589171 0.155619 0.181022 144 110 0
0.588793 0.151084 0.183072 144 110 0
0.588185 0.146523 0.185006 144 110 0
0.587597 0.141976 0.186979 144 110 0
0.587125 0.137445 0.18902 144 110 0
0.58662 0.132905 0.191032 144 110 0
0.586068 0.128339 0.192973 144 110 0
0.585488 0.123739 0.194825 144 110 0
0.584906 0.119111 0.196603 144 110 0
0.58465 0.114445 0.198353 144 110 0
0.584462 0.109724 0.19996 144 110 0
0.584184 0.104991 0.201519 144 110 0
0.583942 0.100201 0.202886 144 110 0
0.582952 0.0948565 0.203653 144 110 0
0.582894 0.0896424 0.204304 144 110 0
0.583069 0.0843866 0.204919 144 110 0
0.58278 0.0791211 0.205398 144 110 0
0.582981 0.0738639 0.206004 144 110 0
0.583242 0.0685999 0.20652 144 110 0
0.582842 0.0633308 0.206848 144 110 0
0.582543 0.0580589 0.20725 144 110 0
0.582425 0.0527788 0.20757 144 110 0
0.582594 0.0579822 0.207316 144 110 0
0.582813 0.0629988 0.20687 144 110 0
0.583249 0.06802 0.206544 145 109 0
0.583464 0.0730531 0.206181 145 109 0
0.583706 0.078078 0.205733 145 109 0
0.584002 0.0831004 0.205288 145 109 0
0.584038 0.088136 0.204901 145 109 0
0.583512 0.0957341 0.203606 145 109 0
0.583291 0.100479 0.202362 145 109 0
0.583122 0.105183 0.200964 145 109 0
0.583142 0.109883 0.199551 145 109 0
0.583321 0.114513 0.197928 145 109 0
0.583486 0.11907 0.196105 145 109 0
0.583708 0.123584 0.194185 145 109 0
0.584119 0.128079 0.19225 145 109 0
0.584388 0.132541 0.190215 145 109 0
0.584863 0.136997 0.188206 145 109 0
0.585359 0.141447 0.186188 145 109 0
0.585665 0.145902 0.184146 145 109 0
0.586065 0.150378 0.18217 145 109 0
0.586479 0.15485 0.180193 145 109 0
0.587278 0.156759 0.179634 145 109 0
0.589003 0.161592 0.17815 145 109 0
0.590539 0.166461 0.176569 145 109 0
0.592525 0.1712 0.175093 145 109 0
0.594289 0.175845 0.173127 145 109 0
0.596347 0.18034 0.171111 145 109 0
0.594881 0.181195 0.170266 145 109 0
0.593186 0.184596 0.16727 145 109 0
0.591405 0.187868 0.164184 145 109 0
0.590188 0.191322 0.161015 145 109 0
0.588693 0.194672 0.157856 145 109 0
0.587084 0.198145 0.154893 145 109 0
0.585149 0.201561 0.15207 145 109 0
0.582877 0.206412 0.160514 145 109 0
0.518668 0.205435 0.128563 145 109 0
0.524048 0.201369 0.121179 145 109 0
0.510383 0.0892786 0.169202 145 109 0
0.508089 0.0986659 0.165274 145 109 0
0.507377 0.103324 0.163219 145 109 0
0.506934 0.107962 0.161036 145 109 0
0.506377 0.112535 0.158744 145 109 0
0.505903 0.117051 0.156324 145 109 0
0.505517 0.121528 0.153818 145 109 0
0.505171 0.125946 0.151203 145 109 0
0.504882 0.130319 0.148508 145 109 0
0.504708 0.134704 0.145822 145 109 0
0.504513 0.139075 0.143116 145 109 0
0.504265 0.143421 0.140372 145 109 0
0.504009 0.147756 0.137612 145 109 0
0.503691 0.152098 0.134869 145 109 0
0.503302 0.156489 0.132215 146 108 0
0.502915 0.160927 0.129641 146 108 0
0.502658 0.165406 0.127122 146 108 0
0.502218 0.169878 0.124622 146 108 0
0.499995 0.168907 0.123493 146 108 0
0.496123 0.167566 0.121697 146 108 0
0.492273 0.16605 0.119992 146 108 0
0.488461 0.164837 0.117992 146 108 0
0.484673 0.16352 0.11601 146 108 0
0.482418 0.164394 0.113694 146 108 0
0.479477 0.165427 0.11034 146 108 0
0.476807 0.16669 0.106837 146 108 0
0.474369 0.168044 0.103196 146 108 0
0.471955 0.169198 0.0994716 146 108 0
0.469557 0.170117 0.0956735 146 108 0
0.467122 0.170871 0.0918629 146 108 0
0.468248 0.170141 0.0940427 146 108 0
0.47045 0.168952 0.0978176 146 108 0
0.472611 0.167631 0.101573 146 108 0
0.475091 0.166564 0.105208 146 108 0
0.477705 0.165378 0.108709 146 108 0
0.480628 0.164575 0.112042 146 108 0
0.482418 0.164394 0.113694 146 108 0
0.486361 0.163267 0.117332 146 108 0
0.490406 0.162132 0.120854 146 108 0
0.494536 0.160901 0.124232 146 108 0
0.498776 0.159714 0.127486 146 108 0
0.498207 0.152171 0.130984 146 108 0
0.497709 0.147655 0.133156 146 108 0
0.497048 0.143172 0.135351 146 108 0
0.496342 0.138709 0.137573 146 108 0
0.495648 0.13428 0.139864 146 108 0
0.495086 0.129876 0.14224 146 108 0
0.49435 0.125426 0.144478 146 108 0
0.493652 0.120956 0.146688 146 108 0
0.492997 0.116425 0.148785 146 108 0
0.492527 0.111839 0.150807 146 108 0
0.492196 0.10718 0.152684 146 108 0
0.491988 0.102501 0.154531 146 108 0
0.491666 0.0976972 0.155998 146 108 0
0.490539 0.0930695 0.156587 146 108 0
0.490704 0.088157 0.157806 146 108 0
0.490594 0.0832088 0.158891 146 108 0
0.490396 0.0782288 0.159804 146 108 0
0.49026 0.0732234 0.160578 146 108 0
0.489917 0.0681889 0.16103 146 108 0
0.489613 0.0631399 0.161329 146 108 0
0.489406 0.058078 0.161416 146 108 0
0.489368 0.0530117 0.161474 146 108 0
0.489345 0.0556786 0.161509 147 107 0
0.489413 0.0610393 0.161405 147 107 0
0.489659 0.0663913 0.161237 147 107 0
0.490127 0.071716 0.160848 147 107 0
0.490664 0.0770151 0.160231 147 107 0
0.491104 0.0823002 0.159448 147 107 0
0.491447 0.0875864 0.158616 147 107 0
0.491842 0.095579 0.156696 147 107 0
0.492051 0.100545 0.155177 147 107 0
0.492651 0.105451 0.15356 147 107 0
0.493182 0.110328 0.151838 147 107 0
0.493695 0.115117 0.149877 147 107 0
0.494367 0.119844 0.147818 147 107 0
0.495247 0.124512 0.1457 147 107 0
0.49617 0.129146 0.143524 147 107 0
0.496942 0.133723 0.141179 147 107 0
0.497781 0.13831 0.138875 147 107 0
0.49854 0.142914 0.136579 147 107 0
0.499425 0.147537 0.13437 147 107 0
0.500156 0.152203 0.132193 147 107 0
0.500083 0.154792 0.130741 147 107 0
0.500631 0.159237 0.128823 147 107 0
0.501036 0.163666 0.126832 147 107 0
0.501162 0.168077 0.124764 147 107 0
0.501113 0.172469 0.122656 147 107 0
0.501161 0.17692 0.120682 147 107 0
0.503617 0.179152 0.121222 147 107 0
0.507022 0.183346 0.121236 147 107 0
0.510679 0.187333 0.121584 147 107 0
0.514485 0.191165 0.122019 147 107 0
0.5182 0.195079 0.122012 147 107 0
0.521936 0.198988 0.121711 147 107 0
0.519895 0.197883 0.121075 147 107 0
0.516554 0.194828 0.120838 147 107 0
0.513184 0.19182 0.120437 147 107 0
0.509976 0.188633 0.120088 147 107 0
0.506732 0.18549 0.119676 147 107 0
0.503504 0.182324 0.119331 147 107 0
0.500774 0.18084 0.118461 147 107 0
0.497345 0.177742 0.117789 147 107 0
0.493846 0.174768 0.116936 147 107 0
0.490645 0.171409 0.116367 147 107 0
0.487337 0.168213 0.115552 147 107 0
0.484142 0.164882 0.11487 147 107 0
0.482418 0.164394 0.113694 147 107 0
0.479824 0.166028 0.110295 147 107 0
0.477122 0.167282 0.106802 147 107 0
0.474679 0.168647 0.103158 147 107 0
0.472015 0.169302 0.0994751 147 107 0
0.469562 0.170115 0.0956802 147 107 0
0.467122 0.170871 0.0918629 148 106 0
0.468248 0.170141 0.0940427 148 106 0
0.47045 0.168952 0.0978176 148 106 0
0.472611 0.167631 0.101573 148 106 0
0.475091 0.166564 0.105208 148 106 0
0.477705 0.165378 0.108709 148 106 0
0.480628 0.164575 0.112042 148 106 0
0.482418 0.164394 0.113694 148 106 0
0.486361 0.163267 0.117332 148 106 0
0.490406 0.162132 0.120854 148 106 0
0.494536 0.160901 0.124232 148 106 0
0.498776 0.159714 0.127486 148 106 0
0.498207 0.152171 0.130984 148 106 0
0.497709 0.147655 0.133156 148 106 0
0.497048 0.143172 0.135351 148 106 0
0.496342 0.138709 0.137573 148 106 0
0.495648 0.13428 0.139864 148 106 0
0.495086 0.129876 0.14224 148 106 0
0.49435 0.125426 0.144478 148 106 0
0.493652 0.120956 0.146688 148 106 0
0.492997 0.116425 0.148785 148 106 0
0.492527 0.111839 0.150807 148 106 0
0.492196 0.10718 0.152684 148 106 0
0.491988 0.102501 0.154531 148 106 0
0.491666 0.0976972 0.155998 148 106 0
0.490539 0.0930695 0.156587 148 106 0
0.490704 0.088157 0.157806 148 106 0
0.490594 0.0832088 0.158891 148 106 0
0.490396 0.0782288 0.159804 148 106 0
0.49026 0.0732234 0.160578 148 106 0
0.489917 0.0681889 0.16103 148 106 0
0.489613 0.0631399 0.161329 148 106 0
0.489406 0.058078 0.161416 148 106 0
0.489368 0.0530117 0.161474 148 106 0
0.489345 0.0556786 0.161509 148 106 0
0.489413 0.0610393 0.161405 148 106 0
0.489659 0.0663913 0.161237 148 106 0
0.490127 0.071716 0.160848 148 106 0
0.490664 0.0770151 0.160231 148 106 0
0.491104 0.0823002 0.159448 148 106 0
0.491447 0.0875864 0.158616 148 106 0
0.491842 0.095579 0.156696 148 106 0
0.492051 0.100545 0.155177 148 106 0
0.492651 0.105451 0.15356 148 106 0
0.493182 0.110328 0.151838 148 106 0
0.493695 0.115117 0.149877 148 106 0
0.494367 0.119844 0.147818 148 106 0
0.495247 0.124512 0.1457 148 106 0
0.49617 0.129146 0.143524 148 106 0
0.496942 0.133723 0.141179 149 105 0
0.497781 0.13831 0.138875 149 105 0
0.49854 0.142914 0.136579 149 105 0
0.499425 0.147537 0.13437 149 105 0
0.500156 0.152203 0.132193 149 105 0
0.500083 0.154792 0.130741 149 105 0
0.500631 0.159237 0.128823 149 105 0
0.501036 0.163666 0.126832 149 105 0
0.501162 0.168077 0.124764 149 105 0
0.501113 0.172469 0.122656 149 105 0
0.501161 0.17692 0.120682 149 105 0
0.503617 0.179152 0.121222 149 105 0
0.507022 0.183346 0.121236 149 105 0
0.510679 0.187333 0.121584 149 105 0
0.514485 0.191165 0.122019 149 105 0
0.5182 0.195079 0.122012 149 105 0
0.521936 0.198988 0.121711 149 105 0
0.516496 0.203057 0.129048 149 105 0
0.581519 0.208926 0.158655 149 105 0
0.583704 0.203863 0.150312 149 105 0
0.585149 0.201561 0.15207 149 105 0
0.587141 0.198185 0.154938 149 105 0
0.588936 0.19479 0.157915 149 105 0
0.59098 0.191685 0.161046 149 105 0
0.593128 0.18861 0.164137 149 105 0
0.595707 0.185822 0.167138 149 105 0
0.59687 0.184068 0.168675 149 105 0
0.599954 0.181324 0.171173 149 105 0
0.602722 0.178318 0.173759 149 105 0
0.605467 0.175226 0.176265 149 105 0
0.608373 0.17215 0.178602 149 105 0
0.61154 0.169204 0.180747 149 105 0
0.615601 0.169875 0.180535 149 105 0
0.620248 0.171064 0.179923 149 105 0
0.624747 0.172677 0.179115 149 105 0
0.629247 0.174315 0.178368 149 105 0
0.633755 0.175957 0.177683 149 105 0
0.638293 0.177585 0.177181 149 105 0
0.642974 0.178752 0.177054 149 105 0
0.640641 0.178003 0.177173 149 105 0
0.636117 0.175925 0.177928 149 105 0
0.631432 0.174161 0.178528 149 105 0
0.626788 0.172376 0.179354 149 105 0
0.622064 0.170799 0.180139 149 105 0
0.617346 0.169234 0.180985 149 105 0
0.61334 0.169177 0.180799 149 105 0
0.608724 0.167501 0.180962 149 105 0
0.604017 0.166078 0.180876 149 105 0
0.599315 0.164792 0.180214 149 105 0
0.594626 0.16387 0.179081 150 104 0
0.589959 0.163024 0.177776 150 104 0
0.589171 0.155619 0.181022 150 104 0
0.588793 0.151084 0.183072 150 104 0
0.588185 0.146523 0.185006 150 104 0
0.587597 0.141976 0.186979 150 104 0
0.587125 0.137445 0.18902 150 104 0
0.58662 0.132905 0.191032 150 104 0
0.586068 0.128339 0.192973 150 104 0
0.585488 0.123739 0.194825 150 104 0
0.584906 0.119111 0.196603 150 104 0
0.58465 0.114445 0.198353 150 104 0
0.584462 0.109724 0.19996 150 104 0
0.584184 0.104991 0.201519 150 104 0
0.583942 0.100201 0.202886 150 104 0
0.582952 0.0948565 0.203653 150 104 0
0.582894 0.0896424 0.204304 150 104 0
0.583069 0.0843866 0.204919 150 104 0
0.58278 0.0791211 0.205398 150 104 0
0.582981 0.0738639 0.206004 150 104 0
0.583242 0.0685999 0.20652 150 104 0
0.582842 0.0633308 0.206848 150 104 0
0.582543 0.0580589 0.20725 150 104 0
0.582425 0.0527788 0.20757 150 104 0
0.582594 0.0579822 0.207316 150 104 0
0.582813 0.0629988 0.20687 150 104 0
0.583249 0.06802 0.206544 150 104 0
0.583464 0.0730531 0.206181 150 104 0
0.583706 0.078078 0.205733 150 104 0
0.584002 0.0831004 0.205288 150 104 0
0.584038 0.088136 0.204901 150 104 0
0.583512 0.0957341 0.203606 150 104 0
0.583291 0.100479 0.202362 150 104 0
0.583122 0.105183 0.200964 150 104 0
0.583142 0.109883 0.199551 150 104 0
0.583321 0.114513 0.197928 150 104 0
0.583486 0.11907 0.196105 150 104 0
0.583708 0.123584 0.194185 150 104 0
0.584119 0.128079 0.19225 150 104 0
0.584388 0.132541 0.190215 150 104 0
0.584863 0.136997 0.188206 150 104 0
0.585359 0.141447 0.186188 150 104 0
0.585665 0.145902 0.184146 150 104 0
0.586065 0.150378 0.18217 150 104 0
0.586479 0.15485 0.180193 150 104 0
0.587278 0.156759 0.179634 150 104 0
0.589003 0.161592 0.17815 150 104 0
0.590539 0.166461 0.176569 150 104 0
0.592525 0.1712 0.175093 150 104 0
0.594289 0.175845 0.173127 151 103 0
0.596347 0.18034 0.171111 151 103 0
0.594881 0.181195 0.170266 151 103 0
0.593186 0.184596 0.16727 151 103 0
0.591405 0.187868 0.164184 151 103 0
0.590188 0.191322 0.161015 151 103 0
0.588693 0.194672 0.157856 151 103 0
0.587084 0.198145 0.154893 151 103 0
0.585149 0.201561 0.15207 151 103 0
0.586741 0.199679 0.153689 151 103 0
0.589249 0.197 0.156372 151 103 0
0.59127 0.19407 0.159235 151 103 0
0.593028 0.191084 0.162217 151 103 0
0.594652 0.187968 0.165143 151 103 0
0.596175 0.184793 0.168057 151 103 0
0.597863 0.184305 0.168704 151 103 0
0.600572 0.181267 0.171331 151 103 0
0.603023 0.178039 0.173992 151 103 0
0.606155 0.175192 0.176371 151 103 0
0.609161 0.172161 0.178679 151 103 0
0.61255 0.169398 0.18073 151 103 0
0.615601 0.169875 0.180535 151 103 0
0.620248 0.171064 0.179923 151 103 0
0.624747 0.172677 0.179115 151 103 0
0.629247 0.174315 0.178368 151 103 0
0.633755 0.175957 0.177683 151 103 0
0.638293 0.177585 0.177181 151 103 0
0.642974 0.178752 0.177054 151 103 0
0.640641 0.178003 0.177173 151 103 0
0.636117 0.175925 0.177928 151 103 0
0.631432 0.174161 0.178528 151 103 0
0.626788 0.172376 0.179354 151 103 0
0.622064 0.170799 0.180139 151 103 0
0.617346 0.169234 0.180985 151 103 0
0.61334 0.169177 0.180799 151 103 0
0.608724 0.167501 0.180962 151 103 0
0.604017 0.166078 0.180876 151 103 0
0.599315 0.164792 0.180214 151 103 0
0.594626 0.16387 0.179081 151 103 0
0.589959 0.163024 0.177776 151 103 0
0.589171 0.155619 0.181022 151 103 0
0.588793 0.151084 0.183072 151 103 0
0.588185 0.146523 0.185006 151 103 0
0.587597 0.141976 0.186979 151 103 0
0.587125 0.137445 0.18902 151 103 0
0.58662 0.132905 0.191032 151 103 0
0.586068 0.128339 0.192973 151 103 0
0.585488 0.123739 0.194825 151 103 0
0.584906 0.119111 0.196603 151 103 0
0.58465 0.114445 0.198353 151 103 0
0.584462 0.109724 0.19996 152 102 0
0.584184 0.104991 0.201519 152 102 0
0.583942 0.100201 0.202886 152 102 0
0.582952 0.0948565 0.203653 152 102 0
0.582894 0.0896424 0.204304 152 102 0
0.583069 0.0843866 0.204919 152 102 0
0.58278 0.0791211 0.205398 152 102 0
0.582981 0.0738639 0.206004 152 102 0
0.583242 0.0685999 0.20652 152 102 0
0.582842 0.0633308 0.206848 152 102 0
0.582543 0.0580589 0.20725 152 102 0
0.582425 0.0527788 0.20757 152 102 0
0.582594 0.0579822 0.207316 152 102 0
0.582813 0.0629988 0.20687 152 102 0
0.583249 0.06802 0.206544 152 102 0
0.583464 0.0730531 0.206181 152 102 0
0.583706 0.078078 0.205733 152 102 0
0.584002 0.0831004 0.205288 152 102 0
0.584038 0.088136 0.204901 152 102 0
0.583512 0.0957341 0.203606 152 102 0
0.583291 0.100479 0.202362 152 102 0
0.583122 0.105183 0.200964 152 102 0
0.583142 0.109883 0.199551 152 102 0
0.583321 0.114513 0.197928 152 102 0
0.583486 0.11907 0.196105 152 102 0
0.583708 0.123584 0.194185 152 102 0
0.584119 0.128079 0.19225 152 102 0
0.584388 0.132541 0.190215 152 102 0
0.584863 0.136997 0.188206 152 102 0
0.585359 0.141447 0.186188 152 102 0
0.585665 0.145902 0.184146 152 102 0
0.586065 0.150378 0.18217 152 102 0
0.586479 0.15485 0.180193 152 102 0
0.587278 0.156759 0.179634 152 102 0
0.589003 0.161592 0.17815 152 102 0
0.590539 0.166461 0.176569 152 102 0
0.592525 0.1712 0.175093 152 102 0
0.594289 0.175845 0.173127 152 102 0
0.596347 0.18034 0.171111 152 102 0
0.594881 0.181195 0.170266 152 102 0
0.593186 0.184596 0.16727 152 102 0
0.591405 0.187868 0.164184 152 102 0
0.590188 0.191322 0.161015 152 102 0
0.588693 0.194672 0.157856 152 102 0
0.587084 0.198145 0.154893 152 102 0
0.585149 0.201561 0.15207 152 102 0
0.582877 0.206412 0.160514 152 102 0
0.518668 0.205435 0.128563 152 102 0
0.524048 0.201369 0.121179 152 102 0
0.510383 0.0892786 0.169202 153 101 0
0.508089 0.0986659 0.165274 153 101 0
0.507377 0.103324 0.163219 153 101 0
0.506934 0.107962 0.161036 153 101 0
0.506377 0.112535 0.158744 153 101 0
0.505903 0.117051 0.156324 153 101 0
0.505517 0.121528 0.153818 153 101 0
0.505171 0.125946 0.151203 153 101 0
0.504882 0.130319 0.148508 153 101 0
0.504708 0.134704 0.145822 153 101 0
0.504513 0.139075 0.143116 153 101 0
0.504265 0.143421 0.140372 153 101 0
0.504009 0.147756 0.137612 153 101 0
0.503691 0.152098 0.134869 153 101 0
0.503302 0.156489 0.132215 153 101 0
0.502915 0.160927 0.129641 153 101 0
0.502658 0.165406 0.127122 153 101 0
0.502218 0.169878 0.124622 153 101 0
0.499995 0.168907 0.123493 153 101 0
0.496123 0.167566 0.121697 153 101 0
0.492273 0.16605 0.119992 153 101 0
0.488461 0.164837 0.117992 153 101 0
0.484673 0.16352 0.11601 153 101 0
0.482418 0.164394 0.113694 153 101 0
0.479477 0.165427 0.11034 153 101 0
0.476807 0.16669 0.106837 153 101 0
0.474369 0.168044 0.103196 153 101 0
0.471955 0.169198 0.0994716 153 101 0
0.469557 0.170117 0.0956735 153 101 0
0.467122 0.170871 0.0918629 153 101 0
0.468248 0.170141 0.0940427 153 101 0
0.47045 0.168952 0.0978176 153 101 0
0.472611 0.167631 0.101573 153 101 0
0.475091 0.166564 0.105208 153 101 0
0.477705 0.165378 0.108709 153 101 0
0.480628 0.164575 0.112042 153 101 0
0.482418 0.164394 0.113694 153 101 0
0.486361 0.163267 0.117332 153 101 0
0.490406 0.162132 0.120854 153 101 0
0.494536 0.160901 0.124232 153 101 0
0.498776 0.159714 0.127486 153 101 0
0.498207 0.152171 0.130984 153 101 0
0.497709 0.147655 0.133156 153 101 0
0.497048 0.143172 0.135351 153 101 0
0.496342 0.138709 0.137573 153 101 0
0.495648 0.13428 0.139864 153 101 0
0.495086 0.129876 0.14224 153 101 0
0.49435 0.125426 0.144478 153 101 0
0.493652 0.120956 0.146688 153 101 0
0.492997 0.116425 0.148785 154 100 0
0.492527 0.111839 0.150807 154 100 0
0.492196 0.10718 0.152684 154 100 0
0.491988 0.102501 0.154531 154 100 0
0.491666 0.0976972 0.155998 154 100 0
0.490539 0.0930695 0.156587 154 100 0
0.490704 0.088157 0.157806 154 100 0
0.490594 0.0832088 0.158891 154 100 0
0.490396 0.0782288 0.159804 154 100 0
0.49026 0.0732234 0.160578 154 100 0
0.489917 0.0681889 0.16103 154 100 0
0.489613 0.0631399 0.161329 154 100 0
0.489406 0.058078 0.161416 154 100 0
0.489368 0.0530117 0.161474 154 100 0
0.489345 0.0556786 0.161509 154 100 0
0.489413 0.0610393 0.161405 154 100 0
0.489659 0.0663913 0.161237 154 100 0
0.490127 0.071716 0.160848 154 100 0
0.490664 0.0770151 0.160231 154 100 0
0.491104 0.0823002 0.159448 154 100 0
0.491447 0.0875864 0.158616 154 100 0
0.491842 0.095579 0.156696 154 100 0
0.492051 0.100545 0.155177 154 100 0
0.492651 0.105451 0.15356 154 100 0
0.493182 0.110328 0.151838 154 100 0
0.493695 0.115117 0.149877 154 100 0
0.494367 0.119844 0.147818 154 100 0
0.495247 0.124512 0.1457 154 100 0
0.49617 0.129146 0.143524 154 100 0
0.496942 0.133723 0.141179 154 100 0
0.497781 0.13831 0.138875 154 100 0
0.49854 0.142914 0.136579 154 100 0
0.499425 0.147537 0.13437 154 100 0
0.500156 0.152203 0.132193 154 100 0
0.500083 0.154792 0.130741 154 100 0
0.500631 0.159237 0.128823 154 100 0
0.501036 0.163666 0.126832 154 100 0
0.501162 0.168077 0.124764 154 100 0
0.501113 0.172469 0.122656 154 100 0
0.501161 0.17692 0.120682 154 100 0
0.503617 0.179152 0.121222 154 100 0
0.507022 0.183346 0.121236 154 100 0
0.510679 0.187333 0.121584 154 100 0
0.514485 0.191165 0.122019 154 100 0
0.5182 0.195079 0.122012 154 100 0
0.521936 0.198988 0.121711 154 100 0
0.519895 0.197883 0.121075 154 100 0
0.516554 0.194828 0.120838 154 100 0
0.513184 0.19182 0.120437 154 100 0
0.509976 0.188633 0.120088 155 99 0
0.506732 0.18549 0.119676 155 99 0
0.503504 0.182324 0.119331 155 99 0
0.500774 0.18084 0.118461 155 99 0
0.497345 0.177742 0.117789 155 99 0
0.493846 0.174768 0.116936 155 99 0
0.490645 0.171409 0.116367 155 99 0
0.487337 0.168213 0.115552 155 99 0
0.484142 0.164882 0.11487 155 99 0
0.482418 0.164394 0.113694 155 99 0
0.479824 0.166028 0.110295 155 99 0
0.477122 0.167282 0.106802 155 99 0
0.474679 0.168647 0.103158 155 99 0
0.472015 0.169302 0.0994751 155 99 0
0.469562 0.170115 0.0956802 155 99 0
0.467122 0.170871 0.0918629 155 99 0
0.468248 0.170141 0.0940427 155 99 0
0.47045 0.168952 0.0978176 155 99 0
0.472611 0.167631 0.101573 155 99 0
0.475091 0.166564 0.105208 155 99 0
0.477705 0.165378 0.108709 155 99 0
0.480628 0.164575 0.112042 155 99 0
0.482418 0.164394 0.113694 155 99 0
0.486361 0.163267 0.117332 155 99 0
0.490406 0.162132 0.120854 155 99 0
0.494536 0.160901 0.124232 155 99 0
0.498776 0.159714 0.127486 155 99 0
0.498207 0.152171 0.130984 155 99 0
0.497709 0.147655 0.133156 155 99 0
0.497048 0.143172 0.135351 155 99 0
0.496342 0.138709 0.137573 155 99 0
0.495648 0.13428 0.139864 155 99 0
0.495086 0.129876 0.14224 155 99 0
0.49435 0.125426 0.144478 155 99 0
0.493652 0.120956 0.146688 155 99 0
0.492997 0.116425 0.148785 155 99 0
0.492527 0.111839 0.150807 155 99 0
0.492196 0.10718 0.152684 155 99 0
0.491988 0.102501 0.154531 155 99 0
0.491666 0.0976972 0.155998 155 99 0
0.490539 0.0930695 0.156587 155 99 0
0.490704 0.088157 0.157806 155 99 0
0.490594 0.0832088 0.158891 155 99 0
0.490396 0.0782288 0.159804 155 99 0
0.49026 0.0732234 0.160578 155 99 0
0.489917 0.0681889 0.16103 155 99 0
0.489613 0.0631399 0.161329 155 99 0
0.489406 0.058078 0.161416 155 99 0
0.489368 0.0530117 0.161474 155 99 0
0.489345 0.0556786 0.161509 155 99 0
0.489413 0.0610393 0.161405 156 98 0
0.489659 0.0663913 0.161237 156 98 0
0.490127 0.071716 0.160848 156 98 0
0.490664 0.0770151 0.160231 156 98 0
0.491104 0.0823002 0.159448 156 98 0
0.491447 0.0875864 0.158616 156 98 0
0.491842 0.095579 0.156696 156 98 0
0.492051 0.100545 0.155177 156 98 0
0.492651 0.105451 0.15356 156 98 0
0.493182 0.110328 0.151838 156 98 0
0.493695 0.115117 0.149877 156 98 0
0.494367 0.119844 0.147818 156 98 0
0.495247 0.124512 0.1457 156 98 0
0.49617 0.129146 0.143524 156 98 0
0.496942 0.133723 0.141179 156 98 0
0.497781 0.13831 0.138875 156 98 0
0.49854 0.142914 0.136579 156 98 0
0.499425 0.147537 0.13437 156 98 0
0.500156 0.152203 0.132193 156 98 0
0.500083 0.154792 0.130741 156 98 0
0.500631 0.159237 0.128823 156 98 0
0.501036 0.163666 0.126832 156 98 0
0.501162 0.168077 0.124764 156 98 0
0.501113 0.172469 0.122656 156 98 0
0.501161 0.17692 0.120682 156 98 0
0.503617 0.179152 0.121222 156 98 0
0.507022 0.183346 0.121236 156 98 0
0.510679 0.187333 0.121584 156 98 0
0.514485 0.191165 0.122019 156 98 0
0.5182 0.195079 0.122012 156 98 0
0.521936 0.198988 0.121711 156 98 0
0.516496 0.203057 0.129048 156 98 0
0.581519 0.208926 0.158655 156 98 0
0.583704 0.203863 0.150312 156 98 0
0.585149 0.201561 0.15207 156 98 0
0.587141 0.198185 0.154938 156 98 0
0.588936 0.19479 0.157915 156 98 0
0.59098 0.191685 0.161046 156 98 0
0.593128 0.18861 0.164137 156 98 0
0.595707 0.185822 0.167138 156 98 0
0.59687 0.184068 0.168675 156 98 0
0.599954 0.181324 0.171173 156 98 0
0.602722 0.178318 0.173759 156 98 0
0.605467 0.175226 0.176265 156 98 0
0.608373 0.17215 0.178602 156 98 0
0.61154 0.169204 0.180747 156 98 0
0.615601 0.169875 0.180535 156 98 0
0.620248 0.171064 0.179923 156 98 0
0.624747 0.172677 0.179115 156 98 0
0.629247 0.174315 0.178368 157 97 0
0.633755 0.175957 0.177683 157 97 0
0.638293 0.177585 0.177181 157 97 0
0.642974 0.178752 0.177054 157 97 0
0.640641 0.178003 0.177173 157 97 0
0.636117 0.175925 0.177928 157 97 0
0.631432 0.174161 0.178528 157 97 0
0.626788 0.172376 0.179354 157 97 0
0.622064 0.170799 0.180139 157 97 0
0.617346 0.169234 0.180985 157 97 0
0.61334 0.169177 0.180799 157 97 0
0.608724 0.167501 0.180962 157 97 0
0.604017 0.166078 0.180876 157 97 0
0.599315 0.164792 0.180214 157 97 0
0.594626 0.16387 0.179081 157 97 0
0.589959 0.163024 0.177776 157 97 0
0.589171 0.155619 0.181022 157 97 0
0.588793 0.151084 0.183072 157 97 0
0.588185 0.146523 0.185006 157 97 0
0.587597 0.141976 0.186979 157 97 0
0.587125 0.137445 0.18902 157 97 0
0.58662 0.132905 0.191032 157 97 0
0.586068 0.128339 0.192973 157 97 0
0.585488 0.123739 0.194825 157 97 0
0.584906 0.119111 0.196603 157 97 0
0.58465 0.114445 0.198353 157 97 0
0.584462 0.109724 0.19996 157 97 0
0.584184 0.104991 0.201519 157 97 0
0.583942 0.100201 0.202886 157 97 0
0.582952 0.0948565 0.203653 157 97 0
0.582894 0.0896424 0.204304 157 97 0
0.583069 0.0843866 0.204919 157 97 0
0.58278 0.0791211 0.205398 157 97 0
0.582981 0.0738639 0.206004 157 97 0
0.583242 0.0685999 0.20652 157 97 0
0.582842 0.0633308 0.206848 157 97 0
0.582543 0.0580589 0.20725 157 97 0
0.582425 0.0527788 0.20757 157 97 0
0.582594 0.0579822 0.207316 157 97 0
0.582813 0.0629988 0.20687 157 97 0
0.583249 0.06802 0.206544 157 97 0
0.583464 0.0730531 0.206181 157 97 0
0.583706 0.078078 0.205733 157 97 0
0.584002 0.0831004 0.205288 157 97 0
0.584038 0.088136 0.204901 157 97 0
0.583512 0.0957341 0.203606 157 97 0
0.583291 0.100479 0.202362 157 97 0
0.583122 0.105183 0.200964 157 97 0
0.583142 0.109883 0.199551 157 97 0
0.583321 0.114513 0.197928 158 96 0
0.583486 0.11907 0.196105 158 96 0
0.583708 0.123584 0.194185 158 96 0
0.584119 0.128079 0.19225 158 96 0
0.584388 0.132541 0.190215 158 96 0
0.584863 0.136997 0.188206 158 96 0
0.585359 0.141447 0.186188 158 96 0
0.585665 0.145902 0.184146 158 96 0
0.586065 0.150378 0.18217 158 96 0
0.586479 0.15485 0.180193 158 96 0
0.587278 0.156759 0.179634 158 96 0
0.589003 0.161592 0.17815 158 96 0
0.590539 0.166461 0.176569 158 96 0
0.592525 0.1712 0.175093 158 96 0
0.594289 0.175845 0.173127 158 96 0
0.596347 0.18034 0.171111 158 96 0
0.594881 0.181195 0.170266 158 96 0
0.593186 0.184596 0.16727 158 96 0
0.591405 0.187868 0.164184 158 96 0
0.590188 0.191322 0.161015 158 96 0
0.588693 0.194672 0.157856 158 96 0
0.587084 0.198145 0.154893 158 96 0
0.585149 0.201561 0.15207 158 96 0
0.586741 0.199679 0.153689 158 96 0
0.589249 0.197 0.156372 158 96 0
0.59127 0.19407 0.159235 158 96 0
0.593028 0.191084 0.162217 158 96 0
0.594652 0.187968 0.165143 158 96 0
0.596175 0.184793 0.168057 158 96 0
0.597863 0.184305 0.168704 158 96 0
0.600572 0.181267 0.171331 158 96 0
0.603023 0.178039 0.173992 158 96 0
0.606155 0.175192 0.176371 158 96 0
0.609161 0.172161 0.178679 158 96 0
0.61255 0.169398 0.18073 158 96 0
0.615601 0.169875 0.180535 158 96 0
0.620248 0.171064 0.179923 158 96 0
0.624747 0.172677 0.179115 158 96 0
0.629247 0.174315 0.178368 158 96 0
0.633755 0.175957 0.177683 158 96 0
0.638293 0.177585 0.177181 158 96 0
0.642974 0.178752 0.177054 158 96 0
0.640641 0.178003 0.177173 158 96 0
0.636117 0.175925 0.177928 158 96 0
0.631432 0.174161 0.178528 158 96 0
0.626788 0.172376 0.179354 158 96 0
0.622064 0.170799 0.180139 158 96 0
0.617346 0.169234 0.180985 158 96 0
0.61334 0.169177 0.180799 158 96 0
0.608724 0.167501 0.180962 158 96 0
0.604017 0.166078 0.180876 159 95 0
0.599315 0.164792 0.180214 159 95 0
0.594626 0.16387 0.179081 159 95 0
0.589959 0.163024 0.177776 159 95 0
0.589171 0.155619 0.181022 159 95 0
0.588793 0.151084 0.183072 159 95 0
0.588185 0.146523 0.185006 159 95 0
0.587597 0.141976 0.186979 159 95 0
0.587125 0.137445 0.18902 159 95 0
0.58662 0.132905 0.191032 159 95 0
0.586068 0.128339 0.192973 159 95 0
0.585488 0.123739 0.194825 159 95 0
0.584906 0.119111 0.196603 159 95 0
0.58465 0.114445 0.198353 159 95 0
0.584462 0.109724 0.19996 159 95 0
0.584184 0.104991 0.201519 159 95 0
0.583942 0.100201 0.202886 159 95 0
0.582952 0.0948565 0.203653 159 95 0
0.582894 0.0896424 0.204304 159 95 0
0.583069 0.0843866 0.204919 159 95 0
0.58278 0.0791211 0.205398 159 95 0
0.582981 0.0738639 0.206004 159 95 0
0.583242 0.0685999 0.20652 159 95 0
0.582842 0.0633308 0.206848 159 95 0
0.582543 0.0580589 0.20725 159 95 0
0.582425 0.0527788 0.20757 159 95 0
0.582594 0.0579822 0.207316 159 95 0
0.582813 0.0629988 0.20687 159 95 0
0.583249 0.06802 0.206544 159 95 0
0.583464 0.0730531 0.206181 159 95 0
0.583706 0.078078 0.205733 159 95 0
0.584002 0.0831004 0.205288 159 95 0
0.584038 0.088136 0.204901 159 95 0
0.583512 0.0957341 0.203606 159 95 0
0.583291 0.100479 0.202362 159 95 0
0.583122 0.105183 0.200964 159 95 0
0.583142 0.109883 0.199551 159 95 0
0.583321 0.114513 0.197928 159 95 0
0.583486 0.11907 0.196105 159 95 0
0.583708 0.123584 0.194185 159 95 0
0.584119 0.128079 0.19225 159 95 0
0.584388 0.132541 0.190215 159 95 0
0.584863 0.136997 0.188206 159 95 0
0.585359 0.141447 0.186188 159 95 0
0.585665 0.145902 0.184146 159 95 0
0.586065 0.150378 0.18217 159 95 0
0.586479 0.15485 0.180193 159 95 0
0.587278 0.156759 0.179634 159 95 0
0.589003 0.161592 0.17815 159 95 0
0.590539 0.166461 0.176569 160 94 0
0.592525 0.1712 0.175093 160 94 0
0.594289 0.175845 0.173127 160 94 0
0.596347 0.18034 0.171111 160 94 0
0.594881 0.181195 0.170266 160 94 0
0.593186 0.184596 0.16727 160 94 0
0.591405 0.187868 0.164184 160 94 0
0.590188 0.191322 0.161015 160 94 0
0.588693 0.194672 0.157856 160 94 0
0.587084 0.198145 0.154893 160 94 0
0.585149 0.201561 0.15207 160 94 0
0.582877 0.206412 0.160514 160 94 0
0.518668 0.205435 0.128563 160 94 0
0.524048 0.201369 0.121179 160 94 0
0.510383 0.0892786 0.169202 160 94 0
0.508089 0.0986659 0.165274 160 94 0
0.507377 0.103324 0.163219 160 94 0
0.506934 0.107962 0.161036 160 94 0
0.506377 0.112535 0.158744 160 94 0
0.505903 0.117051 0.156324 160 94 0
0.505517 0.121528 0.153818 160 94 0
0.505171 0.125946 0.151203 160 94 0
0.504882 0.130319 0.148508 160 94 0
0.504708 0.134704 0.145822 160 94 0
0.504513 0.139075 0.143116 160 94 0
0.504265 0.143421 0.140372 160 94 0
0.504009 0.147756 0.137612 160 94 0
0.503691 0.152098 0.134869 160 94 0
0.503302 0.156489 0.132215 160 94 0
0.502915 0.160927 0.129641 160 94 0
0.502658 0.165406 0.127122 160 94 0
0.502218 0.169878 0.124622 160 94 0
0.499995 0.168907 0.123493 160 94 0
0.496123 0.167566 0.121697 160 94 0
0.492273 0.16605 0.119992 160 94 0
0.488461 0.164837 0.117992 160 94 0
0.484673 0.16352 0.11601 160 94 0
0.482418 0.164394 0.113694 160 94 0
0.479477 0.165427 0.11034 160 94 0
0.476807 0.16669 0.106837 160 94 0
0.474369 0.168044 0.103196 160 94 0
0.471955 0.169198 0.0994716 160 94 0
0.469557 0.170117 0.0956735 160 94 0
0.467122 0.170871 0.0918629 160 94 0
0.468248 0.170141 0.0940427 160 94 0
0.47045 0.168952 0.0978176 160 94 0
0.472611 0.167631 0.101573 160 94 0
0.475091 0.166564 0.105208 160 94 0
0.477705 0.165378 0.108709 160 94 0
0.480628 0.164575 0.112042 161 93 0
0.482418 0.164394 0.113694 161 93 0
0.486361 0.163267 0.117332 161 93 0
0.490406 0.162132 0.120854 161 93 0
0.494536 0.160901 0.124232 161 93 0
0.498776 0.159714 0.127486 161 93 0
0.498207 0.152171 0.130984 161 93 0
0.497709 0.147655 0.133156 161 93 0
0.497048 0.143172 0.135351 161 93 0
0.496342 0.138709 0.137573 161 93 0
0.495648 0.13428 0.139864 161 93 0
0.495086 0.129876 0.14224 161 93 0
0.49435 0.125426 0.144478 161 93 0
0.493652 0.120956 0.146688 161 93 0
0.492997 0.116425 0.148785 161 93 0
0.492527 0.111839 0.150807 161 93 0
0.492196 0.10718 0.152684 161 93 0
0.491988 0.102501 0.154531 161 93 0
0.491666 0.0976972 0.155998 161 93 0
0.490539 0.0930695 0.156587 161 93 0
0.490704 0.088157 0.157806 161 93 0
0.490594 0.0832088 0.158891 161 93 0
0.490396 0.0782288 0.159804 161 93 0
0.49026 0.0732234 0.160578 161 93 0
0.489917 0.0681889 0.16103 161 93 0
0.489613 0.0631399 0.161329 161 93 0
0.489406 0.058078 0.161416 161 93 0
0.489368 0.0530117 0.161474 161 93 0
0.489345 0.0556786 0.161509 161 93 0
0.489413 0.0610393 0.161405 161 93 0
0.489659 0.0663913 0.161237 161 93 0
0.490127 0.071716 0.160848 161 93 0
0.490664 0.0770151 0.160231 161 93 0
0.491104 0.0823002 0.159448 161 93 0
0.491447 0.0875864 0.158616 161 93 0
0.491842 0.095579 0.156696 161 93 0
0.492051 0.100545 0.155177 161 93 0
0.492651 0.105451 0.15356 161 93 0
0.493182 0.110328 0.151838 161 93 0
0.493695 0.115117 0.149877 161 93 0
0.494367 0.119844 0.147818 161 93 0
0.495247 0.124512 0.1457 161 93 0
0.49617 0.129146 0.143524 161 93 0
0.496942 0.133723 0.141179 161 93 0
0.497781 0.13831 0.138875 161 93 0
0.49854 0.142914 0.136579 161 93 0
0.499425 0.147537 0.13437 161 93 0
0.500156 0.152203 0.132193 161 93 0
0.500083 0.154792 0.130741 161 93 0
0.500631 0.159237 0.128823 162 92 0
0.501036 0.163666 0.126832 162 92 0
0.501162 0.168077 0.124764 162 92 0
0.501113 0.172469 0.122656 162 92 0
0.501161 0.17692 0.120682 162 92 0
0.503617 0.179152 0.121222 162 92 0
0.507022 0.183346 0.121236 162 92 0
0.510679 0.187333 0.121584 162 92 0
0.514485 0.191165 0.122019 162 92 0
0.5182 0.195079 0.122012 162 92 0
0.521936 0.198988 0.121711 162 92 0
0.519895 0.197883 0.121075 162 92 0
0.516554 0.194828 0.120838 162 92 0
0.513184 0.19182 0.120437 162 92 0
0.509976 0.188633 0.120088 162 92 0
0.506732 0.18549 0.119676 162 92 0
0.503504 0.182324 0.119331 162 92 0
0.500774 0.18084 0.118461 162 92 0
0.497345 0.177742 0.117789 162 92 0
0.493846 0.174768 0.116936 162 92 0
0.490645 0.171409 0.116367 162 92 0
0.487337 0.168213 0.115552 162 92 0
0.484142 0.164882 0.11487 162 92 0
0.482418 0.164394 0.113694 162 92 0
0.479824 0.166028 0.110295 162 92 0
0.477122 0.167282 0.106802 162 92 0
0.474679 0.168647 0.103158 162 92 0
0.472015 0.169302 0.0994751 162 92 0
0.469562 0.170115 0.0956802 162 92 0
0.467122 0.170871 0.0918629 162 92 0
0.468248 0.170141 0.0940427 162 92 0
0.47045 0.168952 0.0978176 162 92 0
0.472611 0.167631 0.101573 162 92 0
0.475091 0.166564 0.105208 162 92 0
0.477705 0.165378 0.108709 162 92 0
0.480628 0.164575 0.112042 162 92 0
0.482418 0.164394 0.113694 162 92 0
0.486361 0.163267 0.117332 162 92 0
0.490406 0.162132 0.120854 162 92 0
0.494536 0.160901 0.124232 162 92 0
0.498776 0.159714 0.127486 162 92 0
0.498207 0.152171 0.130984 162 92 0
0.497709 0.147655 0.133156 162 92 0
0.497048 0.143172 0.135351 162 92 0
0.496342 0.138709 0.137573 162 92 0
0.495648 0.13428 0.139864 162 92 0
0.495086 0.129876 0.14224 162 92 0
0.49435 0.125426 0.144478 162 92 0
0.493652 0.120956 0.146688 162 92 0
0.492997 0.116425 0.148785 162 92 0
0.492527 0.111839 0.150807 163 91 0
0.492196 0.10718 0.152684 163 91 0
0.491988 0.102501 0.154531 163 91 0
0.491666 0.0976972 0.155998 163 91 0
0.490539 0.0930695 0.156587 163 91 0
0.490704 0.088157 0.157806 163 91 0
0.490594 0.0832088 0.158891 163 91 0
0.490396 0.0782288 0.159804 163 91 0
0.49026 0.0732234 0.160578 163 91 0
0.489917 0.0681889 0.16103 163 91 0
0.489613 0.0631399 0.161329 163 91 0
0.489406 0.058078 0.161416 163 91 0
0.489368 0.0530117 0.161474 163 91 0
0.489345 0.0556786 0.161509 163 91 0
0.489413 0.0610393 0.161405 163 91 0
0.489659 0.0663913 0.161237 163 91 0
0.490127 0.071716 0.160848 163 91 0
0.490664 0.0770151 0.160231 163 91 0
0.491104 0.0823002 0.159448 163 91 0
0.491447 0.0875864 0.158616 163 91 0
0.491842 0.095579 0.156696 163 91 0
0.492051 0.100545 0.155177 163 91 0
0.492651 0.105451 0.15356 163 91 0
0.493182 0.110328 0.151838 163 91 0
0.493695 0.115117 0.149877 163 91 0
0.494367 0.119844 0.147818 163 91 0
0.495247 0.124512 0.1457 163 91 0
0.49617 0.129146 0.143524 163 91 0
0.496942 0.133723 0.141179 163 91 0
0.497781 0.13831 0.138875 163 91 0
0.49854 0.142914 0.136579 163 91 0
0.499425 0.147537 0.13437 163 91 0
0.500156 0.152203 0.132193 163 91 0
0.500083 0.154792 0.130741 163 91 0
0.500631 0.159237 0.128823 163 91 0
0.501036 0.163666 0.126832 163 91 0
0.501162 0.168077 0.124764 163 91 0
0.501113 0.172469 0.122656 163 91 0
0.501161 0.17692 0.120682 163 91 0
0.503617 0.179152 0.121222 163 91 0
0.507022 0.183346 0.121236 163 91 0
0.510679 0.187333 0.121584 163 91 0
0.514485 0.191165 0.122019 163 91 0
0.5182 0.195079 0.122012 163 91 0
0.521936 0.198988 0.121711 163 91 0
0.516496 0.203057 0.129048 163 91 0
0.581519 0.208926 0.158655 163 91 0
0.583704 0.203863 0.150312 163 91 0
0.585149 0.201561 0.15207 163 91 0
0.587141 0.198185 0.154938 164 90 0
0.588936 0.19479 0.157915 164 90 0
0.59098 0.191685 0.161046 164 90 0
0.593128 0.18861 0.164137 164 90 0
0.595707 0.185822 0.167138 164 90 0
0.59687 0.184068 0.168675 164 90 0
0.599954 0.181324 0.171173 164 90 0
0.602722 0.178318 0.173759 164 90 0
0.605467 0.175226 0.176265 164 90 0
0.608373 0.17215 0.178602 164 90 0
0.61154 0.169204 0.180747 164 90 0
0.615601 0.169875 0.180535 164 90 0
0.620248 0.171064 0.179923 164 90 0
0.624747 0.172677 0.179115 164 90 0
0.629247 0.174315 0.178368 164 90 0
0.633755 0.175957 0.177683 164 90 0
0.638293 0.177585 0.177181 164 90 0
0.642974 0.178752 0.177054 164 90 0
0.640641 0.178003 0.177173 164 90 0
0.636117 0.175925 0.177928 164 90 0
0.631432 0.174161 0.178528 164 90 0
0.626788 0.172376 0.179354 164 90 0
0.622064 0.170799 0.180139 164 90 0
0.617346 0.169234 0.180985 164 90 0
0.61334 0.169177 0.180799 164 90 0
0.608724 0.167501 0.180962 164 90 0
0.604017 0.166078 0.180876 164 90 0
0.599315 0.164792 0.180214 164 90 0
0.594626 0.16387 0.179081 164 90 0
0.589959 0.163024 0.177776 164 90 0
0.589171 0.155619 0.181022 164 90 0
0.588793 0.151084 0.183072 164 90 0
0.588185 0.146523 0.185006 164 90 0
0.587597 0.141976 0.186979 164 90 0
0.587125 0.137445 0.18902 164 90 0
0.58662 0.132905 0.191032 164 90 0
0.586068 0.128339 0.192973 164 90 0
0.585488 0.123739 0.194825 164 90 0
0.584906 0.119111 0.196603 164 90 0
0.58465 0.114445 0.198353 164 90 0
0.584462 0.109724 0.19996 164 90 0
0.584184 0.104991 0.201519 164 90 0
0.583942 0.100201 0.202886 164 90 0
0.582952 0.0948565 0.203653 164 90 0
0.582894 0.0896424 0.204304 164 90 0
0.583069 0.0843866 0.204919 164 90 0
0.58278 0.0791211 0.205398 164 90 0
0.582981 0.0738639 0.206004 164 90 0
0.583242 0.0685999 0.20652 164 90 0
0.582842 0.0633308 0.206848 165 89 0
0.582543 0.0580589 0.20725 165 89 0
0.582425 0.0527788 0.20757 165 89 0
0.582594 0.0579822 0.207316 165 89 0
0.582813 0.0629988 0.20687 165 89 0
0.583249 0.06802 0.206544 165 89 0
0.583464 0.0730531 0.206181 165 89 0
0.583706 0.078078 0.205733 165 89 0
0.584002 0.0831004 0.205288 165 89 0
0.584038 0.088136 0.204901 165 89 0
0.583512 0.0957341 0.203606 165 89 0
0.583291 0.100479 0.202362 165 89 0
0.583122 0.105183 0.200964 165 89 0
0.583142 0.109883 0.199551 165 89 0
0.583321 0.114513 0.197928 165 89 0
0.583486 0.11907 0.196105 165 89 0
0.583708 0.123584 0.194185 165 89 0
0.584119 0.128079 0.19225 165 89 0
0.584388 0.132541 0.190215 165 89 0
0.584863 0.136997 0.188206 165 89 0
0.585359 0.141447 0.186188 165 89 0
0.585665 0.145902 0.184146 165 89 0
0.586065 0.150378 0.18217 165 89 0
0.586479 0.15485 0.180193 165 89 0
0.587278 0.156759 0.179634 165 89 0
0.589003 0.161592 0.17815 165 89 0
0.590539 0.166461 0.176569 165 89 0
0.592525 0.1712 0.175093 165 89 0
0.594289 0.175845 0.173127 165 89 0
0.596347 0.18034 0.171111 165 89 0
0.594881 0.181195 0.170266 165 89 0
0.593186 0.184596 0.16727 165 89 0
0.591405 0.187868 0.164184 165 89 0
0.590188 0.191322 0.161015 165 89 0
0.588693 0.194672 0.157856 165 89 0
0.587084 0.198145 0.154893 165 89 0
0.585149 0.201561 0.15207 165 89 0
0.586741 0.199679 0.153689 165 89 0
0.589249 0.197 0.156372 165 89 0
0.59127 0.19407 0.159235 165 89 0
0.593028 0.191084 0.162217 165 89 0
0.594652 0.187968 0.165143 165 89 0
0.596175 0.184793 0.168057 165 89 0
0.597863 0.184305 0.168704 165 89 0
0.600572 0.181267 0.171331 165 89 0
0.603023 0.178039 0.173992 165 89 0
0.606155 0.175192 0.176371 165 89 0
0.609161 0.172161 0.178679 165 89 0
0.61255 0.169398 0.18073 165 89 0
0.615601 0.169875 0.180535 166 88 0
0.620248 0.171064 0.179923 166 88 0
0.624747 0.172677 0.179115 166 88 0
0.629247 0.174315 0.178368 166 88 0
0.633755 0.175957 0.177683 166 88 0
0.638293 0.177585 0.177181 166 88 0
0.642974 0.178752 0.177054 166 88 0
0.640641 0.178003 0.177173 166 88 0
0.636117 0.175925 0.177928 166 88 0
0.631432 0.174161 0.178528 166 88 0
0.626788 0.172376 0.179354 166 88 0
0.622064 0.170799 0.180139 166 88 0
0.617346 0.169234 0.180985 166 88 0
0.61334 0.169177 0.180799 166 88 0
0.608724 0.167501 0.180962 166 88 0
0.604017 0.166078 0.180876 166 88 0
0.599315 0.164792 0.180214 166 88 0
0.594626 0.16387 0.179081 166 88 0
0.589959 0.163024 0.177776 166 88 0
0.589171 0.155619 0.181022 166 88 0
0.588793 0.151084 0.183072 166 88 0
0.588185 0.146523 0.185006 166 88 0
0.587597 0.141976 0.186979 166 88 0
0.587125 0.137445 0.18902 166 88 0
0.58662 0.132905 0.191032 166 88 0
0.586068 0.128339 0.192973 166 88 0
0.585488 0.123739 0.194825 166 88 0
0.584906 0.119111 0.196603 166 88 0
0.58465 0.114445 0.198353 166 88 0
0.584462 0.109724 0.19996 166 88 0
0.584184 0.104991 0.201519 166 88 0
0.583942 0.100201 0.202886 166 88 0
0.582952 0.0948565 0.203653 166 88 0
0.582894 0.0896424 0.204304 166 88 0
0.583069 0.0843866 0.204919 166 88 0
0.58278 0.0791211 0.205398 166 88 0
0.582981 0.0738639 0.206004 166 88 0
0.583242 0.0685999 0.20652 166 88 0
0.582842 0.0633308 0.206848 166 88 0
0.582543 0.0580589 0.20725 166 88 0
0.582425 0.0527788 0.20757 166 88 0
0.582594 0.0579822 0.207316 166 88 0
0.582813 0.0629988 0.20687 166 88 0
0.583249 0.06802 0.206544 166 88 0
0.583464 0.0730531 0.206181 166 88 0
0.583706 0.078078 0.205733 166 88 0
0.584002 0.0831004 0.205288 166 88 0
0.584038 0.088136 0.204901 166 88 0
0.583512 0.0957341 0.203606 166 88 0
0.583291 0.100479 0.202362 166 88 0
0.583122 0.105183 0.200964 167 87 0
0.583142 0.109883 0.199551 167 87 0
0.583321 0.114513 0.197928 167 87 0
0.583486 0.11907 0.196105 167 87 0
0.583708 0.123584 0.194185 167 87 0
0.584119 0.128079 0.19225 167 87 0
0.584388 0.132541 0.190215 167 87 0
0.584863 0.136997 0.188206 167 87 0
0.585359 0.141447 0.186188 167 87 0
0.585665 0.145902 0.184146 167 87 0
0.586065 0.150378 0.18217 167 87 0
0.586479 0.15485 0.180193 167 87 0
0.587278 0.156759 0.179634 167 87 0
0.589003 0.161592 0.17815 167 87 0
0.590539 0.166461 0.176569 167 87 0
0.592525 0.1712 0.175093 167 87 0
0.594289 0.175845 0.173127 167 87 0
0.596347 0.18034 0.171111 167 87 0
0.594881 0.181195 0.170266 167 87 0
0.593186 0.184596 0.16727 167 87 0
0.591405 0.187868 0.164184 167 87 0
0.590188 0.191322 0.161015 167 87 0
0.588693 0.194672 0.157856 167 87 0
0.587084 0.198145 0.154893 167 87 0
0.585149 0.201561 0.15207 167 87 0
0.582877 0.206412 0.160514 167 87 0
0.518668 0.205435 0.128563 167 87 0
0.524048 0.201369 0.121179 167 87 0
0.510383 0.0892786 0.169202 167 87 0
0.508089 0.0986659 0.165274 167 87 0
0.507377 0.103324 0.163219 167 87 0
0.506934 0.107962 0.161036 167 87 0
0.506377 0.112535 0.158744 167 87 0
0.505903 0.117051 0.156324 167 87 0
0.505517 0.121528 0.153818 167 87 0
0.505171 0.125946 0.151203 167 87 0
0.504882 0.130319 0.148508 167 87 0
0.504708 0.134704 0.145822 167 87 0
0.504513 0.139075 0.143116 167 87 0
0.504265 0.143421 0.140372 167 87 0
0.504009 0.147756 0.137612 167 87 0
0.503691 0.152098 0.134869 167 87 0
0.503302 0.156489 0.132215 167 87 0
0.502915 0.160927 0.129641 167 87 0
0.502658 0.165406 0.127122 167 87 0
0.502218 0.169878 0.124622 167 87 0
0.499995 0.168907 0.123493 167 87 0
0.496123 0.167566 0.121697 167 87 0
0.492273 0.16605 0.119992 167 87 0
0.488461 0.164837 0.117992 168 86 0
0.484673 0.16352 0.11601 168 86 0
0.482418 0.164394 0.113694 168 86 0
0.479477 0.165427 0.11034 168 86 0
0.476807 0.16669 0.106837 168 86 0
0.474369 0.168044 0.103196 168 86 0
0.471955 0.169198 0.0994716 168 86 0
0.469557 0.170117 0.0956735 168 86 0
0.467122 0.170871 0.0918629 168 86 0
0.468248 0.170141 0.0940427 168 86 0
0.47045 0.168952 0.0978176 168 86 0
0.472611 0.167631 0.101573 168 86 0
0.475091 0.166564 0.105208 168 86 0
0.477705 0.165378 0.108709 168 86 0
0.480628 0.164575 0.112042 168 86 0
0.482418 0.164394 0.113694 168 86 0
0.486361 0.163267 0.117332 168 86 0
0.490406 0.162132 0.120854 168 86 0
0.494536 0.160901 0.124232 168 86 0
0.498776 0.159714 0.127486 168 86 0
0.498207 0.152171 0.130984 168 86 0
0.497709 0.147655 0.133156 168 86 0
0.497048 0.143172 0.135351 168 86 0
0.496342 0.138709 0.137573 168 86 0
0.495648 0.13428 0.139864 168 86 0
0.495086 0.129876 0.14224 168 86 0
0.49435 0.125426 0.144478 168 86 0
0.493652 0.120956 0.146688 168 86 0
0.492997 0.116425 0.148785 168 86 0
0.492527 0.111839 0.150807 168 86 0
0.492196 0.10718 0.152684 168 86 0
0.491988 0.102501 0.154531 168 86 0
0.491666 0.0976972 0.155998 168 86 0
0.490539 0.0930695 0.156587 168 86 0
0.490704 0.088157 0.157806 168 86 0
0.490594 0.0832088 0.158891 168 86 0
0.490396 0.0782288 0.159804 168 86 0
0.49026 0.0732234 0.160578 168 86 0
0.489917 0.0681889 0.16103 168 86 0
0.489613 0.0631399 0.161329 168 86 0
0.489406 0.058078 0.161416 168 86 0
0.489368 0.0530117 0.161474 168 86 0
0.489345 0.0556786 0.161509 168 86 0
0.489413 0.0610393 0.161405 168 86 0
0.489659 0.0663913 0.161237 168 86 0
0.490127 0.071716 0.160848 168 86 0
0.490664 0.0770151 0.160231 168 86 0
0.491104 0.0823002 0.159448 168 86 0
0.491447 0.0875864 0.158616 168 86 0
0.491842 0.095579 0.156696 169 85 0
0.492051 0.100545 0.155177 169 85 0
0.492651 0.105451 0.15356 169 85 0
0.493182 0.110328 0.151838 169 85 0
0.493695 0.115117 0.149877 169 85 0
0.494367 0.119844 0.147818 169 85 0
0.495247 0.124512 0.1457 169 85 0
0.49617 0.129146 0.143524 169 85 0
0.496942 0.133723 0.141179 169 85 0
0.497781 0.13831 0.138875 169 85 0
0.49854 0.142914 0.136579 169 85 0
0.499425 0.147537 0.13437 169 85 0
0.500156 0.152203 0.132193 169 85 0
0.500083 0.154792 0.130741 169 85 0
0.500631 0.159237 0.128823 169 85 0
0.501036 0.163666 0.126832 169 85 0
0.501162 0.168077 0.124764 169 85 0
0.501113 0.172469 0.122656 169 85 0
0.501161 0.17692 0.120682 169 85 0
0.503617 0.179152 0.121222 169 85 0
0.507022 0.183346 0.121236 169 85 0
0.510679 0.187333 0.121584 169 85 0
0.514485 0.191165 0.122019 169 85 0
0.5182 0.195079 0.122012 169 85 0
0.521936 0.198988 0.121711 169 85 0
0.519895 0.197883 0.121075 169 85 0
0.516554 0.194828 0.120838 169 85 0
0.513184 0.19182 0.120437 169 85 0
0.509976 0.188633 0.120088 169 85 0
0.506732 0.18549 0.119676 169 85 0
0.503504 0.182324 0.119331 169 85 0
0.500774 0.18084 0.118461 169 85 0
0.497345 0.177742 0.117789 169 85 0
0.493846 0.174768 0.116936 169 85 0
0.490645 0.171409 0.116367 169 85 0
0.487337 0.168213 0.115552 169 85 0
0.484142 0.164882 0.11487 169 85 0
0.482418 0.164394 0.113694 169 85 0
0.479824 0.166028 0.110295 169 85 0
0.477122 0.167282 0.106802 169 85 0
0.474679 0.168647 0.103158 169 85 0
0.472015 0.169302 0.0994751 169 85 0
0.469562 0.170115 0.0956802 169 85 0
0.467122 0.170871 0.0918629 169 85 0
0.468248 0.170141 0.0940427 169 85 0
0.47045 0.168952 0.0978176 169 85 0
0.472611 0.167631 0.101573 169 85 0
0.475091 0.166564 0.105208 169 85 0
0.477705 0.165378 0.108709 169 85 0
0.480628 0.164575 0.112042 170 84 0
0.482418 0.164394 0.113694 170 84 0
0.486361 0.163267 0.117332 170 84 0
0.490406 0.162132 0.120854 170 84 0
0.494536 0.160901 0.124232 170 84 0
0.498776 0.159714 0.127486 170 84 0
0.498207 0.152171 0.130984 170 84 0
0.497709 0.147655 0.133156 170 84 0
0.497048 0.143172 0.135351 170 84 0
0.496342 0.138709 0.137573 170 84 0
0.495648 0.13428 0.139864 170 84 0
0.495086 0.129876 0.14224 170 84 0
0.49435 0.125426 0.144478 170 84 0
0.493652 0.120956 0.146688 170 84 0
0.492997 0.116425 0.148785 170 84 0
0.492527 0.111839 0.150807 170 84 0
0.492196 0.10718 0.152684 170 84 0
0.491988 0.102501 0.154531 170 84 0
0.491666 0.0976972 0.155998 170 84 0
0.490539 0.0930695 0.156587 170 84 0
0.490704 0.088157 0.157806 170 84 0
0.490594 0.0832088 0.158891 170 84 0
0.490396 0.0782288 0.159804 170 84 0
0.49026 0.0732234 0.160578 170 84 0
0.489917 0.0681889 0.16103 170 84 0
0.489613 0.0631399 0.161329 170 84 0
0.489406 0.058078 0.161416 170 84 0
0.489368 0.0530117 0.161474 170 84 0
0.489345 0.0556786 0.161509 170 84 0
0.489413 0.0610393 0.161405 170 84 0
0.489659 0.0663913 0.161237 170 84 0
0.490127 0.071716 0.160848 170 84 0
0.490664 0.0770151 0.160231 170 84 0
0.491104 0.0823002 0.159448 170 84 0
0.491447 0.0875864 0.158616 170 84 0
0.491842 0.095579 0.156696 170 84 0
0.492051 0.100545 0.155177 170 84 0
0.492651 0.105451 0.15356 170 84 0
0.493182 0.110328 0.151838 170 84 0
0.493695 0.115117 0.149877 170 84 0
0.494367 0.119844 0.147818 170 84 0
0.495247 0.124512 0.1457 170 84 0
0.49617 0.129146 0.143524 170 84 0
0.496942 0.133723 0.141179 170 84 0
0.497781 0.13831 0.138875 170 84 0
0.49854 0.142914 0.136579 170 84 0
0.499425 0.147537 0.13437 170 84 0
0.500156 0.152203 0.132193 170 84 0
0.500083 0.154792 0.130741 170 84 0
0.500631 0.159237 0.128823 170 84 0
0.501036 0.163666 0.126832 171 83 0
0.501162 0.168077 0.124764 171 83 0
0.501113 0.172469 0.122656 171 83 0
0.501161 0.17692 0.120682 171 83 0
0.503617 0.179152 0.121222 171 83 0
0.507022 0.183346 0.121236 171 83 0
0.510679 0.187333 0.121584 171 83 0
0.514485 0.191165 0.122019 171 83 0
0.5182 0.195079 0.122012 171 83 0
0.521936 0.198988 0.121711 171 83 0
0.516496 0.203057 0.129048 171 83 0
0.581519 0.208926 0.158655 171 83 0
0.583704 0.203863 0.150312 171 83 0
0.585149 0.201561 0.15207 171 83 0
0.587141 0.198185 0.154938 171 83 0
0.588936 0.19479 0.157915 171 83 0
0.59098 0.191685 0.161046 171 83 0
0.593128 0.18861 0.164137 171 83 0
0.595707 0.185822 0.167138 171 83 0
0.59687 0.184068 0.168675 171 83 0
0.599954 0.181324 0.171173 171 83 0
0.602722 0.178318 0.173759 171 83 0
0.605467 0.175226 0.176265 171 83 0
0.608373 0.17215 0.178602 171 83 0
0.61154 0.169204 0.180747 171 83 0
0.615601 0.169875 0.180535 171 83 0
0.620248 0.171064 0.179923 171 83 0
0.624747 0.172677 0.179115 171 83 0
0.629247 0.174315 0.178368 171 83 0
0.633755 0.175957 0.177683 171 83 0
0.638293 0.177585 0.177181 171 83 0
0.642974 0.178752 0.177054 171 83 0
0.640641 0.178003 0.177173 171 83 0
0.636117 0.175925 0.177928 171 83 0
0.631432 0.174161 0.178528 171 83 0
0.626788 0.172376 0.179354 171 83 0
0.622064 0.170799 0.180139 171 83 0
0.617346 0.169234 0.180985 171 83 0
0.61334 0.169177 0.180799 171 83 0
0.608724 0.167501 0.180962 171 83 0
0.604017 0.166078 0.180876 171 83 0
0.599315 0.164792 0.180214 171 83 0
0.594626 0.16387 0.179081 171 83 0
0.589959 0.163024 0.177776 171 83 0
0.589171 0.155619 0.181022 171 83 0
0.588793 0.151084 0.183072 171 83 0
0.588185 0.146523 0.185006 171 83 0
0.587597 0.141976 0.186979 171 83 0
0.587125 0.137445 0.18902 171 83 0
0.58662 0.132905 0.191032 172 82 0
0.586068 0.128339 0.192973 172 82 0
0.585488 0.123739 0.194825 172 82 0
0.584906 0.119111 0.196603 172 82 0
0.58465 0.114445 0.198353 172 82 0
0.584462 0.109724 0.19996 172 82 0
0.584184 0.104991 0.201519 172 82 0
0.583942 0.100201 0.202886 172 82 0
0.582952 0.0948565 0.203653 172 82 0
0.582894 0.0896424 0.204304 172 82 0
0.583069 0.0843866 0.204919 172 82 0
0.58278 0.0791211 0.205398 172 82 0
0.582981 0.0738639 0.206004 172 82 0
0.583242 0.0685999 0.20652 172 82 0
0.582842 0.0633308 0.206848 172 82 0
0.582543 0.0580589 0.20725 172 82 0
0.582425 0.0527788 0.20757 172 82 0
0.582594 0.0579822 0.207316 172 82 0
0.582813 0.0629988 0.20687 172 82 0
0.583249 0.06802 0.206544 172 82 0
0.583464 0.0730531 0.206181 172 82 0
0.583706 0.078078 0.205733 172 82 0
0.584002 0.0831004 0.205288 172 82 0
0.584038 0.088136 0.204901 172 82 0
0.583512 0.0957341 0.203606 172 82 0
0.583291 0.100479 0.202362 172 82 0
0.583122 0.105183 0.200964 172 82 0
0.583142 0.109883 0.199551 172 82 0
0.583321 0.114513 0.197928 172 82 0
0.583486 0.11907 0.196105 172 82 0
0.583708 0.123584 0.194185 172 82 0
0.584119 0.128079 0.19225 172 82 0
0.584388 0.132541 0.190215 172 82 0
0.584863 0.136997 0.188206 172 82 0
0.585359 0.141447 0.186188 172 82 0
0.585665 0.145902 0.184146 172 82 0
0.586065 0.150378 0.18217 172 82 0
0.586479 0.15485 0.180193 172 82 0
0.587278 0.156759 0.179634 172 82 0
0.589003 0.161592 0.17815 172 82 0
0.590539 0.166461 0.176569 172 82 0
0.592525 0.1712 0.175093 172 82 0
0.594289 0.175845 0.173127 172 82 0
0.596347 0.18034 0.171111 172 82 0
0.594881 0.181195 0.170266 172 82 0
0.593186 0.184596 0.16727 172 82 0
0.591405 0.187868 0.164184 172 82 0
0.590188 0.191322 0.161015 172 82 0
0.588693 0.194672 0.157856 172 82 0
0.587084 0.198145 0.154893 173 81 0
0.585149 0.201561 0.15207 173 81 0
0.586741 0.199679 0.153689 173 81 0
0.589249 0.197 0.156372 173 81 0
0.59127 0.19407 0.159235 173 81 0
0.593028 0.191084 0.162217 173 81 0
0.594652 0.187968 0.165143 173 81 0
0.596175 0.184793 0.168057 173 81 0
0.597863 0.184305 0.168704 173 81 0
0.600572 0.181267 0.171331 173 81 0
0.603023 0.178039 0.173992 173 81 0
0.606155 0.175192 0.176371 173 81 0
0.609161 0.172161 0.178679 173 81 0
0.61255 0.169398 0.18073 173 81 0
0.615601 0.169875 0.180535 173 81 0
0.620248 0.171064 0.179923 173 81 0
0.624747 0.172677 0.179115 173 81 0
0.629247 0.174315 0.178368 173 81 0
0.633755 0.175957 0.177683 173 81 0
0.638293 0.177585 0.177181 173 81 0
0.642974 0.178752 0.177054 173 81 0
0.640641 0.178003 0.177173 173 81 0
0.636117 0.175925 0.177928 173 81 0
0.631432 0.174161 0.178528 173 81 0
0.626788 0.172376 0.179354 173 81 0
0.622064 0.170799 0.180139 173 81 0
0.617346 0.169234 0.180985 173 81 0
0.61334 0.169177 0.180799 173 81 0
0.608724 0.167501 0.180962 173 81 0
0.604017 0.166078 0.180876 173 81 0
0.599315 0.164792 0.180214 173 81 0
0.594626 0.16387 0.179081 173 81 0
0.589959 0.163024 0.177776 173 81 0
0.589171 0.155619 0.181022 173 81 0
0.588793 0.151084 0.183072 173 81 0
0.588185 0.146523 0.185006 173 81 0
0.587597 0.141976 0.186979 173 81 0
0.587125 0.137445 0.18902 173 81 0
0.58662 0.132905 0.191032 173 81 0
0.586068 0.128339 0.192973 173 81 0
0.585488 0.123739 0.194825 173 81 0
0.584906 0.119111 0.196603 173 81 0
0.58465 0.114445 0.198353 173 81 0
0.584462 0.109724 0.19996 173 81 0
0.584184 0.104991 0.201519 173 81 0
0.583942 0.100201 0.202886 173 81 0
0.582952 0.0948565 0.203653 173 81 0
0.582894 0.0896424 0.204304 173 81 0
0.583069 0.0843866 0.204919 173 81 0
0.58278 0.0791211 0.205398 173 81 0
0.582981 0.0738639 0.206004 174 80 0
0.583242 0.0685999 0.20652 174 80 0
0.582842 0.0633308 0.206848 174 80 0
0.582543 0.0580589 0.20725 174 80 0
0.582425 0.0527788 0.20757 174 80 0
0.582594 0.0579822 0.207316 174 80 0
0.582813 0.0629988 0.20687 174 80 0
0.583249 0.06802 0.206544 174 80 0
0.583464 0.0730531 0.206181 174 80 0
0.583706 0.078078 0.205733 174 80 0
0.584002 0.0831004 0.205288 174 80 0
0.584038 0.088136 0.204901 174 80 0
0.583512 0.0957341 0.203606 174 80 0
0.583291 0.100479 0.202362 174 80 0
0.583122 0.105183 0.200964 174 80 0
0.583142 0.109883 0.199551 174 80 0
0.583321 0.114513 0.197928 174 80 0
0.583486 0.11907 0.196105 174 80 0
0.583708 0.123584 0.194185 174 80 0
0.584119 0.128079 0.19225 174 80 0
0.584388 0.132541 0.190215 174 80 0
0.584863 0.136997 0.188206 174 80 0
0.585359 0.141447 0.186188 174 80 0
0.585665 0.145902 0.184146 174 80 0
0.586065 0.150378 0.18217 174 80 0
0.586479 0.15485 0.180193 174 80 0
0.587278 0.156759 0.179634 174 80 0
0.589003 0.161592 0.17815 174 80 0
0.590539 0.166461 0.176569 174 80 0
0.592525 0.1712 0.175093 174 80 0
0.594289 0.175845 0.173127 174 80 0
0.596347 0.18034 0.171111 174 80 0
0.594881 0.181195 0.170266 174 80 0
0.593186 0.184596 0.16727 174 80 0
0.591405 0.187868 0.164184 174 80 0
0.590188 0.191322 0.161015 174 80 0
0.588693 0.194672 0.157856 174 80 0
0.587084 0.198145 0.154893 174 80 0
0.585149 0.201561 0.15207 174 80 0
0.582877 0.206412 0.160514 174 80 0
0.518668 0.205435 0.128563 174 80 0
0.524048 0.201369 0.121179 174 80 0
0.510383 0.0892786 0.169202 174 80 0
0.508089 0.0986659 0.165274 174 80 0
0.507377 0.103324 0.163219 174 80 0
0.506934 0.107962 0.161036 174 80 0
0.506377 0.112535 0.158744 174 80 0
0.505903 0.117051 0.156324 174 80 0
0.505517 0.121528 0.153818 174 80 0
0.505171 0.125946 0.151203 175 79 0
0.504882 0.130319 0.148508 175 79 0
0.504708 0.134704 0.145822 175 79 0
0.504513 0.139075 0.143116 175 79 0
0.504265 0.143421 0.140372 175 79 0
0.504009 0.147756 0.137612 175 79 0
0.503691 0.152098 0.134869 175 79 0
0.503302 0.156489 0.132215 175 79 0
0.502915 0.160927 0.129641 175 79 0
0.502658 0.165406 0.127122 175 79 0
0.502218 0.169878 0.124622 175 79 0
0.499995 0.168907 0.123493 175 79 0
0.496123 0.167566 0.121697 175 79 0
0.492273 0.16605 0.119992 175 79 0
0.488461 0.164837 0.117992 175 79 0
0.484673 0.16352 0.11601 175 79 0
0.482418 0.164394 0.113694 175 79 0
0.479477 0.165427 0.11034 175 79 0
0.476807 0.16669 0.106837 175 79 0
0.474369 0.168044 0.103196 175 79 0
0.471955 0.169198 0.0994716 175 79 0
0.469557 0.170117 0.0956735 175 79 0
0.467122 0.170871 0.0918629 175 79 0
0.468248 0.170141 0.0940427 175 79 0
0.47045 0.168952 0.0978176 175 79 0
0.472611 0.167631 0.101573 175 79 0
0.475091 0.166564 0.105208 175 79 0
0.477705 0.165378 0.108709 175 79 0
0.480628 0.164575 0.112042 175 79 0
0.482418 0.164394 0.113694 175 79 0
0.486361 0.163267 0.117332 175 79 0
0.490406 0.162132 0.120854 175 79 0
0.494536 0.160901 0.124232 175 79 0
0.498776 0.159714 0.127486 175 79 0
0.498207 0.152171 0.130984 175 79 0
0.497709 0.147655 0.133156 175 79 0
0.497048 0.143172 0.135351 175 79 0
0.496342 0.138709 0.137573 175 79 0
0.495648 0.13428 0.139864 175 79 0
0.495086 0.129876 0.14224 175 79 0
0.49435 0.125426 0.144478 175 79 0
0.493652 0.120956 0.146688 175 79 0
0.492997 0.116425 0.148785 175 79 0
0.492527 0.111839 0.150807 175 79 0
0.492196 0.10718 0.152684 175 79 0
0.491988 0.102501 0.154531 175 79 0
0.491666 0.0976972 0.155998 175 79 0
0.490539 0.0930695 0.156587 175 79 0
0.490704 0.088157 0.157806 175 79 0
0.490594 0.0832088 0.158891 176 78 0
0.490396 0.0782288 0.159804 176 78 0
0.49026 0.0732234 0.160578 176 78 0
0.489917 0.0681889 0.16103 176 78 0
0.489613 0.0631399 0.161329 176 78 0
0.489406 0.058078 0.161416 176 78 0
0.489368 0.0530117 0.161474 176 78 0
0.489345 0.0556786 0.161509 176 78 0
0.489413 0.0610393 0.161405 176 78 0
0.489659 0.0663913 0.161237 176 78 0
0.490127 0.071716 0.160848 176 78 0
0.490664 0.0770151 0.160231 176 78 0
0.491104 0.0823002 0.159448 176 78 0
0.491447 0.0875864 0.158616 176 78 0
0.491842 0.095579 0.156696 176 78 0
0.492051 0.100545 0.155177 176 78 0
0.492651 0.105451 0.15356 176 78 0
0.493182 0.110328 0.151838 176 78 0
0.493695 0.115117 0.149877 176 78 0
0.494367 0.119844 0.147818 176 78 0
0.495247 0.124512 0.1457 176 78 0
0.49617 0.129146 0.143524 176 78 0
0.496942 0.133723 0.141179 176 78 0
0.497781 0.13831 0.138875 176 78 0
0.49854 0.142914 0.136579 176 78 0
0.499425 0.147537 0.13437 176 78 0
0.500156 0.152203 0.132193 176 78 0
0.500083 0.154792 0.130741 176 78 0
0.500631 0.159237 0.128823 176 78 0
0.501036 0.163666 0.126832 176 78 0
0.501162 0.168077 0.124764 176 78 0
0.501113 0.172469 0.122656 176 78 0
0.501161 0.17692 0.120682 176 78 0
0.503617 0.179152 0.121222 176 78 0
0.507022 0.183346 0.121236 176 78 0
0.510679 0.187333 0.121584 176 78 0
0.514485 0.191165 0.122019 176 78 0
0.5182 0.195079 0.122012 176 78 0
0.521936 0.198988 0.121711 176 78 0
0.519895 0.197883 0.121075 176 78 0
0.516554 0.194828 0.120838 176 78 0
0.513184 0.19182 0.120437 176 78 0
0.509976 0.188633 0.120088 176 78 0
0.506732 0.18549 0.119676 176 78 0
0.503504 0.182324 0.119331 176 78 0
0.500774 0.18084 0.118461 176 78 0
0.497345 0.177742 0.117789 176 78 0
0.493846 0.174768 0.116936 176 78 0
0.490645 0.171409 0.116367 176 78 0
0.487337 0.168213 0.115552 177 77 0
0.484142 0.164882 0.11487 177 77 0
0.482418 0.164394 0.113694 177 77 0
0.479824 0.166028 0.110295 177 77 0
0.477122 0.167282 0.106802 177 77 0
0.474679 0.168647 0.103158 177 77 0
0.472015 0.169302 0.0994751 177 77 0
0.469562 0.170115 0.0956802 177 77 0
0.467122 0.170871 0.0918629 177 77 0
0.468248 0.170141 0.0940427 177 77 0
0.47045 0.168952 0.0978176 177 77 0
0.472611 0.167631 0.101573 177 77 0
0.475091 0.166564 0.105208 177 77 0
0.477705 0.165378 0.108709 177 77 0
0.480628 0.164575 0.112042 177 77 0
0.482418 0.164394 0.113694 177 77 0
0.486361 0.163267 0.117332 177 77 0
0.490406 0.162132 0.120854 177 77 0
0.494536 0.160901 0.124232 177 77 0
0.498776 0.159714 0.127486 177 77 0
0.498207 0.152171 0.130984 177 77 0
0.497709 0.147655 0.133156 177 77 0
0.497048 0.143172 0.135351 177 77 0
0.496342 0.138709 0.137573 177 77 0
0.495648 0.13428 0.139864 177 77 0
0.495086 0.129876 0.14224 177 77 0
0.49435 0.125426 0.144478 177 77 0
0.493652 0.120956 0.146688 177 77 0
0.492997 0.116425 0.148785 177 77 0
0.492527 0.111839 0.150807 177 77 0
0.492196 0.10718 0.152684 177 77 0
0.491988 0.102501 0.154531 177 77 0
0.491666 0.0976972 0.155998 177 77 0
0.490539 0.0930695 0.156587 177 77 0
0.490704 0.088157 0.157806 177 77 0
0.490594 0.0832088 0.158891 177 77 0
0.490396 0.0782288 0.159804 177 77 0
0.49026 0.0732234 0.160578 177 77 0
0.489917 0.0681889 0.16103 177 77 0
0.489613 0.0631399 0.161329 177 77 0
0.489406 0.058078 0.161416 177 77 0
0.489368 0.0530117 0.161474 177 77 0
0.489345 0.0556786 0.161509 177 77 0
0.489413 0.0610393 0.161405 177 77 0
0.489659 0.0663913 0.161237 177 77 0
0.490127 0.071716 0.160848 177 77 0
0.490664 0.0770151 0.160231 177 77 0
0.491104 0.0823002 0.159448 177 77 0
0.491447 0.0875864 0.158616 177 77 0
0.491842 0.095579 0.156696 177 77 0
0.492051 0.100545 0.155177 178 76 0
0.492651 0.105451 0.15356 178 76 0
0.493182 0.110328 0.151838 178 76 0
0.493695 0.115117 0.149877 178 76 0
0.494367 0.119844 0.147818 178 76 0
0.495247 0.124512 0.1457 178 76 0
0.49617 0.129146 0.143524 178 76 0
0.496942 0.133723 0.141179 178 76 0
0.497781 0.13831 0.138875 178 76 0
0.49854 0.142914 0.136579 178 76 0
0.499425 0.147537 0.13437 178 76 0
0.500156 0.152203 0.132193 178 76 0
0.500083 0.154792 0.130741 178 76 0
0.500631 0.159237 0.128823 178 76 0
0.501036 0.163666 0.126832 178 76 0
0.501162 0.168077 0.124764 178 76 0
0.501113 0.172469 0.122656 178 76 0
0.501161 0.17692 0.120682 178 76 0
0.503617 0.179152 0.121222 178 76 0
0.507022 0.183346 0.121236 178 76 0
0.510679 0.187333 0.121584 178 76 0
0.514485 0.191165 0.122019 178 76 0
0.5182 0.195079 0.122012 178 76 0
0.521936 0.198988 0.121711 178 76 0
0.516496 0.203057 0.129048 178 76 0
0.581519 0.208926 0.158655 178 76 0
0.583704 0.203863 0.150312 178 76 0
0.585149 0.201561 0.15207 178 76 0
0.587141 0.198185 0.154938 178 76 0
0.588936 0.19479 0.157915 178 76 0
0.59098 0.191685 0.161046 178 76 0
0.593128 0.18861 0.164137 178 76 0
0.595707 0.185822 0.167138 178 76 0
0.59687 0.184068 0.168675 178 76 0
0.599954 0.181324 0.171173 178 76 0
0.602722 0.178318 0.173759 178 76 0
0.605467 0.175226 0.176265 178 76 0
0.608373 0.17215 0.178602 178 76 0
0.61154 0.169204 0.180747 178 76 0
0.615601 0.169875 0.180535 178 76 0
0.620248 0.171064 0.179923 178 76 0
0.624747 0.172677 0.179115 178 76 0
0.629247 0.174315 0.178368 178 76 0
0.633755 0.175957 0.177683 178 76 0
0.638293 0.177585 0.177181 178 76 0
0.642974 0.178752 0.177054 178 76 0
0.640641 0.178003 0.177173 178 76 0
0.636117 0.175925 0.177928 178 76 0
0.631432 0.174161 0.178528 178 76 0
0.626788 0.172376 0.179354 179 75 0
0.622064 0.170799 0.180139 179 75 0
0.617346 0.169234 0.180985 179 75 0
0.61334 0.169177 0.180799 179 75 0
0.608724 0.167501 0.180962 179 75 0
0.604017 0.166078 0.180876 179 75 0
0.599315 0.164792 0.180214 179 75 0
0.594626 0.16387 0.179081 179 75 0
0.589959 0.163024 0.177776 179 75 0
0.589171 0.155619 0.181022 179 75 0
0.588793 0.151084 0.183072 179 75 0
0.588185 0.146523 0.185006 179 75 0
0.587597 0.141976 0.186979 179 75 0
0.587125 0.137445 0.18902 179 75 0
0.58662 0.132905 0.191032 179 75 0
0.586068 0.128339 0.192973 179 75 0
0.585488 0.123739 0.194825 179 75 0
0.584906 0.119111 0.196603 179 75 0
0.58465 0.114445 0.198353 179 75 0
0.584462 0.109724 0.19996 179 75 0
0.584184 0.104991 0.201519 179 75 0
0.583942 0.100201 0.202886 179 75 0
0.582952 0.0948565 0.203653 179 75 0
0.582894 0.0896424 0.204304 179 75 0
0.583069 0.0843866 0.204919 179 75 0
0.58278 0.0791211 0.205398 179 75 0
0.582981 0.0738639 0.206004 179 75 0
0.583242 0.0685999 0.20652 179 75 0
0.582842 0.0633308 0.206848 179 75 0
0.582543 0.0580589 0.20725 179 75 0
0.582425 0.0527788 0.20757 179 75 0
0.582594 0.0579822 0.207316 179 75 0
0.582813 0.0629988 0.20687 179 75 0
0.583249 0.06802 0.206544 179 75 0
0.583464 0.0730531 0.206181 179 75 0
0.583706 0.078078 0.205733 179 75 0
0.584002 0.0831004 0.205288 179 75 0
0.584038 0.088136 0.204901 179 75 0
0.583512 0.0957341 0.203606 179 75 0
0.583291 0.100479 0.202362 179 75 0
0.583122 0.105183 0.200964 179 75 0
0.583142 0.109883 0.199551 179 75 0
0.583321 0.114513 0.197928 179 75 0
0.583486 0.11907 0.196105 179 75 0
0.583708 0.123584 0.194185 179 75 0
0.584119 0.128079 0.19225 179 75 0
0.584388 0.132541 0.190215 179 75 0
0.584863 0.136997 0.188206 179 75 0
0.585359 0.141447 0.186188 179 75 0
0.585665 0.145902 0.184146 180 74 0
0.586065 0.150378 0.18217 180 74 0
0.586479 0.15485 0.180193 180 74 0
0.587278 0.156759 0.179634 180 74 0
0.589003 0.161592 0.17815 180 74 0
0.590539 0.166461 0.176569 180 74 0
0.592525 0.1712 0.175093 180 74 0
0.594289 0.175845 0.173127 180 74 0
0.596347 0.18034 0.171111 180 74 0
0.594881 0.181195 0.170266 180 74 0
0.593186 0.184596 0.16727 180 74 0
0.591405 0.187868 0.164184 180 74 0
0.590188 0.191322 0.161015 180 74 0
0.588693 0.194672 0.157856 180 74 0
0.587084 0.198145 0.154893 180 74 0
0.585149 0.201561 0.15207 180 74 0
0.586741 0.199679 0.153689 180 74 0
0.589249 0.197 0.156372 180 74 0
0.59127 0.19407 0.159235 180 74 0
0.593028 0.191084 0.162217 180 74 0
0.594652 0.187968 0.165143 180 74 0
0.596175 0.184793 0.168057 180 74 0
0.597863 0.184305 0.168704 180 74 0
0.600572 0.181267 0.171331 180 74 0
0.603023 0.178039 0.173992 180 74 0
0.606155 0.175192 0.176371 180 74 0
0.609161 0.172161 0.178679 180 74 0
0.61255 0.169398 0.18073 180 74 0
0.615601 0.169875 0.180535 180 74 0
0.620248 0.171064 0.179923 180 74 0
0.624747 0.172677 0.179115 180 74 0
0.629247 0.174315 0.178368 180 74 0
0.633755 0.175957 0.177683 180 74 0
0.638293 0.177585 0.177181 180 74 0
0.642974 0.178752 0.177054 180 74 0
0.640641 0.178003 0.177173 180 74 0
0.636117 0.175925 0.177928 180 74 0
0.631432 0.174161 0.178528 180 74 0
0.626788 0.172376 0.179354 180 74 0
0.622064 0.170799 0.180139 180 74 0
0.617346 0.169234 0.180985 180 74 0
0.61334 0.169177 0.180799 180 74 0
0.608724 0.167501 0.180962 180 74 0
0.604017 0.166078 0.180876 180 74 0
0.599315 0.164792 0.180214 180 74 0
0.594626 0.16387 0.179081 180 74 0
0.589959 0.163024 0.177776 180 74 0
0.589171 0.155619 0.181022 180 74 0
0.588793 0.151084 0.183072 180 74 0
0.588185 0.146523 0.185006 181 73 0
0.587597 0.141976 0.186979 181 73 0
0.587125 0.137445 0.18902 181 73 0
0.58662 0.132905 0.191032 181 73 0
0.586068 0.128339 0.192973 181 73 0
0.585488 0.123739 0.194825 181 73 0
0.584906 0.119111 0.196603 181 73 0
0.58465 0.114445 0.198353 181 73 0
0.584462 0.109724 0.19996 181 73 0
0.584184 0.104991 0.201519 181 73 0
0.583942 0.100201 0.202886 181 73 0
0.582952 0.0948565 0.203653 181 73 0
0.582894 0.0896424 0.204304 181 73 0
0.583069 0.0843866 0.204919 181 73 0
0.58278 0.0791211 0.205398 181 73 0
0.582981 0.0738639 0.206004 181 73 0
0.583242 0.0685999 0.20652 181 73 0
0.582842 0.0633308 0.206848 181 73 0
0.582543 0.0580589 0.20725 181 73 0
0.582425 0.0527788 0.20757 181 73 0
0.582594 0.0579822 0.207316 181 73 0
0.582813 0.0629988 0.20687 181 73 0
0.583249 0.06802 0.206544 181 73 0
0.583464 0.0730531 0.206181 181 73 0
0.583706 0.078078 0.205733 181 73 0
0.584002 0.0831004 0.205288 181 73 0
0.584038 0.088136 0.204901 181 73 0
0.583512 0.0957341 0.203606 181 73 0
0.583291 0.100479 0.202362 181 73 0
0.583122 0.105183 0.200964 181 73 0
0.583142 0.109883 0.199551 181 73 0
0.583321 0.114513 0.197928 181 73 0
0.583486 0.11907 0.196105 181 73 0
0.583708 0.123584 0.194185 181 73 0
0.584119 0.128079 0.19225 181 73 0
0.584388 0.132541 0.190215 181 73 0
0.584863 0.136997 0.188206 181 73 0
0.585359 0.141447 0.186188 181 73 0
0.585665 0.145902 0.184146 181 73 0
0.586065 0.150378 0.18217 181 73 0
0.586479 0.15485 0.180193 181 73 0
0.587278 0.156759 0.179634 181 73 0
0.589003 0.161592 0.17815 181 73 0
0.590539 0.166461 0.176569 181 73 0
0.592525 0.1712 0.175093 181 73 0
0.594289 0.175845 0.173127 181 73 0
0.596347 0.18034 0.171111 181 73 0
0.594881 0.181195 0.170266 181 73 0
0.593186 0.184596 0.16727 181 73 0
0.591405 0.187868 0.164184 181 73 0
0.590188 0.191322 0.161015 182 72 0
0.588693 0.194672 0.157856 182 72 0
0.587084 0.198145 0.154893 182 72 0
0.585149 0.201561 0.15207 182 72 0
0.582877 0.206412 0.160514 182 72 0
0.518668 0.205435 0.128563 182 72 0
0.524048 0.201369 0.121179 182 72 0
0.510383 0.0892786 0.169202 182 72 0
0.508089 0.0986659 0.165274 182 72 0
0.507377 0.103324 0.163219 182 72 0
0.506934 0.107962 0.161036 182 72 0
0.506377 0.112535 0.158744 182 72 0
0.505903 0.117051 0.156324 182 72 0
0.505517 0.121528 0.153818 182 72 0
0.505171 0.125946 0.151203 182 72 0
0.504882 0.130319 0.148508 182 72 0
0.504708 0.134704 0.145822 182 72 0
0.504513 0.139075 0.143116 182 72 0
0.504265 0.143421 0.140372 182 72 0
0.504009 0.147756 0.137612 182 72 0
0.503691 0.152098 0.134869 182 72 0
0.503302 0.156489 0.132215 182 72 0
0.502915 0.160927 0.129641 182 72 0
0.502658 0.165406 0.127122 182 72 0
0.502218 0.169878 0.124622 182 72 0
0.499995 0.168907 0.123493 182 72 0
0.496123 0.167566 0.121697 182 72 0
0.492273 0.16605 0.119992 182 72 0
0.488461 0.164837 0.117992 182 72 0
0.484673 0.16352 0.11601 182 72 0
0.482418 0.164394 0.113694 182 72 0
0.479477 0.165427 0.11034 182 72 0
0.476807 0.16669 0.106837 182 72 0
0.474369 0.168044 0.103196 182 72 0
0.471955 0.169198 0.0994716 182 72 0
0.469557 0.170117 0.0956735 182 72 0
0.467122 0.170871 0.0918629 182 72 0
0.468248 0.170141 0.0940427 182 72 0
0.47045 0.168952 0.0978176 182 72 0
0.472611 0.167631 0.101573 182 72 0
0.475091 0.166564 0.105208 182 72 0
0.477705 0.165378 0.108709 182 72 0
0.480628 0.164575 0.112042 182 72 0
0.482418 0.164394 0.113694 182 72 0
0.486361 0.163267 0.117332 182 72 0
0.490406 0.162132 0.120854 182 72 0
0.494536 0.160901 0.124232 182 72 0
0.498776 0.159714 0.127486 182 72 0
0.498207 0.152171 0.130984 182 72 0
0.497709 0.147655 0.133156 183 71 0
0.497048 0.143172 0.135351 183 71 0
0.496342 0.138709 0.137573 183 71 0
0.495648 0.13428 0.139864 183 71 0
0.495086 0.129876 0.14224 183 71 0
0.49435 0.125426 0.144478 183 71 0
0.493652 0.120956 0.146688 183 71 0
0.492997 0.116425 0.148785 183 71 0
0.492527 0.111839 0.150807 183 71 0
0.492196 0.10718 0.152684 183 71 0
0.491988 0.102501 0.154531 183 71 0
0.491666 0.0976972 0.155998 183 71 0
0.490539 0.0930695 0.156587 183 71 0
0.490704 0.088157 0.157806 183 71 0
0.490594 0.0832088 0.158891 183 71 0
0.490396 0.0782288 0.159804 183 71 0
0.49026 0.0732234 0.160578 183 71 0
0.489917 0.0681889 0.16103 183 71 0
0.489613 0.0631399 0.161329 183 71 0
0.489406 0.058078 0.161416 183 71 0
0.489368 0.0530117 0.161474 183 71 0
0.489345 0.0556786 0.161509 183 71 0
0.489413 0.0610393 0.161405 183 71 0
0.489659 0.0663913 0.161237 183 71 0
0.490127 0.071716 0.160848 183 71 0
0.490664 0.0770151 0.160231 183 71 0
0.491104 0.0823002 0.159448 183 71 0
0.491447 0.0875864 0.158616 183 71 0
0.491842 0.095579 0.156696 183 71 0
0.492051 0.100545 0.155177 183 71 0
0.492651 0.105451 0.15356 183 71 0
0.493182 0.110328 0.151838 183 71 0
0.493695 0.115117 0.149877 183 71 0
0.494367 0.119844 0.147818 183 71 0
0.495247 0.124512 0.1457 183 71 0
0.49617 0.129146 0.143524 183 71 0
0.496942 0.133723 0.141179 183 71 0
0.497781 0.13831 0.138875 183 71 0
0.49854 0.142914 0.136579 183 71 0
0.499425 0.147537 0.13437 183 71 0
0.500156 0.152203 0.132193 183 71 0
0.500083 0.154792 0.130741 183 71 0
0.500631 0.159237 0.128823 183 71 0
0.501036 0.163666 0.126832 183 71 0
0.501162 0.168077 0.124764 183 71 0
0.501113 0.172469 0.122656 183 71 0
0.501161 0.17692 0.120682 183 71 0
0.503617 0.179152 0.121222 183 71 0
0.507022 0.183346 0.121236 183 71 0
0.510679 0.187333 0.121584 184 70 0
0.514485 0.191165 0.122019 184 70 0
0.5182 0.195079 0.122012 184 70 0
0.521936 0.198988 0.121711 184 70 0
0.519895 0.197883 0.121075 184 70 0
0.516554 0.194828 0.120838 184 70 0
0.513184 0.19182 0.120437 184 70 0
0.509976 0.188633 0.120088 184 70 0
0.506732 0.18549 0.119676 184 70 0
0.503504 0.182324 0.119331 184 70 0
0.500774 0.18084 0.118461 184 70 0
0.497345 0.177742 0.117789 184 70 0
0.493846 0.174768 0.116936 184 70 0
0.490645 0.171409 0.116367 184 70 0
0.487337 0.168213 0.115552 184 70 0
0.484142 0.164882 0.11487 184 70 0
0.482418 0.164394 0.113694 184 70 0
0.479824 0.166028 0.110295 184 70 0
0.477122 0.167282 0.106802 184 70 0
0.474679 0.168647 0.103158 184 70 0
0.472015 0.169302 0.0994751 184 70 0
0.469562 0.170115 0.0956802 184 70 0
0.467122 0.170871 0.0918629 184 70 0
0.468248 0.170141 0.0940427 184 70 0
0.47045 0.168952 0.0978176 184 70 0
0.472611 0.167631 0.101573 184 70 0
0.475091 0.166564 0.105208 184 70 0
0.477705 0.165378 0.108709 184 70 0
0.480628 0.164575 0.112042 184 70 0
0.482418 0.164394 0.113694 184 70 0
0.486361 0.163267 0.117332 184 70 0
0.490406 0.162132 0.120854 184 70 0
0.494536 0.160901 0.124232 184 70 0
0.498776 0.159714 0.127486 184 70 0
0.498207 0.152171 0.130984 184 70 0
0.497709 0.147655 0.133156 184 70 0
0.497048 0.143172 0.135351 184 70 0
0.496342 0.138709 0.137573 184 70 0
0.495648 0.13428 0.139864 184 70 0
0.495086 0.129876 0.14224 184 70 0
0.49435 0.125426 0.144478 184 70 0
0.493652 0.120956 0.146688 184 70 0
0.492997 0.116425 0.148785 184 70 0
0.492527 0.111839 0.150807 184 70 0
0.492196 0.10718 0.152684 184 70 0
0.491988 0.102501 0.154531 184 70 0
0.491666 0.0976972 0.155998 184 70 0
0.490539 0.0930695 0.156587 184 70 0
0.490704 0.088157 0.157806 184 70 0
0.490594 0.0832088 0.158891 184 70 0
0.490396 0.0782288 0.159804 185 69 0
0.49026 0.0732234 0.160578 185 69 0
0.489917 0.0681889 0.16103 185 69 0
0.489613 0.0631399 0.161329 185 69 0
0.489406 0.058078 0.161416 185 69 0
0.489368 0.0530117 0.161474 185 69 0
0.489345 0.0556786 0.161509 185 69 0
0.489413 0.0610393 0.161405 185 69 0
0.489659 0.0663913 0.161237 185 69 0
0.490127 0.071716 0.160848 185 69 0
0.490664 0.0770151 0.160231 185 69 0
0.491104 0.0823002 0.159448 185 69 0
0.491447 0.0875864 0.158616 185 69 0
0.491842 0.095579 0.156696 185 69 0
0.492051 0.100545 0.155177 185 69 0
0.492651 0.105451 0.15356 185 69 0
0.493182 0.110328 0.151838 185 69 0
0.493695 0.115117 0.149877 185 69 0
0.494367 0.119844 0.147818 185 69 0
0.495247 0.124512 0.1457 185 69 0
0.49617 0.129146 0.143524 185 69 0
0.496942 0.133723 0.141179 185 69 0
0.497781 0.13831 0.138875 185 69 0
0.49854 0.142914 0.136579 185 69 0
0.499425 0.147537 0.13437 185 69 0
0.500156 0.152203 0.132193 185 69 0
0.500083 0.154792 0.130741 185 69 0
0.500631 0.159237 0.128823 185 69 0
0.501036 0.163666 0.126832 185 69 0
0.501162 0.168077 0.124764 185 69 0
0.501113 0.172469 0.122656 185 69 0
0.501161 0.17692 0.120682 185 69 0
0.503617 0.179152 0.121222 185 69 0
0.507022 0.183346 0.121236 185 69 0
0.510679 0.187333 0.121584 185 69 0
0.514485 0.191165 0.122019 185 69 0
0.5182 0.195079 0.122012 185 69 0
0.521936 0.198988 0.121711 185 69 0
0.516496 0.203057 0.129048 185 69 0
0.581519 0.208926 0.158655 185 69 0
0.583704 0.203863 0.150312 185 69 0
0.585149 0.201561 0.15207 185 69 0
0.587141 0.198185 0.154938 185 69 0
0.588936 0.19479 0.157915 185 69 0
0.59098 0.191685 0.161046 185 69 0
0.593128 0.18861 0.164137 185 69 0
0.595707 0.185822 0.167138 185 69 0
0.59687 0.184068 0.168675 185 69 0
0.599954 0.181324 0.171173 185 69 0
0.602722 0.178318 0.173759 186 68 0
0.605467 0.175226 0.176265 186 68 0
0.608373 0.17215 0.178602 186 68 0
0.61154 0.169204 0.180747 186 68 0
0.615601 0.169875 0.180535 186 68 0
0.620248 0.171064 0.179923 186 68 0
0.624747 0.172677 0.179115 186 68 0
0.629247 0.174315 0.178368 186 68 0
0.633755 0.175957 0.177683 186 68 0
0.638293 0.177585 0.177181 186 68 0
0.642974 0.178752 0.177054 186 68 0
0.640641 0.178003 0.177173 186 68 0
0.636117 0.175925 0.177928 186 68 0
0.631432 0.174161 0.178528 186 68 0
0.626788 0.172376 0.179354 186 68 0
0.622064 0.170799 0.180139 186 68 0
0.617346 0.169234 0.180985 186 68 0
0.61334 0.169177 0.180799 186 68 0
0.608724 0.167501 0.180962 186 68 0
0.604017 0.166078 0.180876 186 68 0
0.599315 0.164792 0.180214 186 68 0
0.594626 0.16387 0.179081 186 68 0
0.589959 0.163024 0.177776 186 68 0
0.589171 0.155619 0.181022 186 68 0
0.588793 0.151084 0.183072 186 68 0
0.588185 0.146523 0.185006 186 68 0
0.587597 0.141976 0.186979 186 68 0
0.587125 0.137445 0.18902 186 68 0
0.58662 0.132905 0.191032 186 68 0
0.586068 0.128339 0.192973 186 68 0
0.585488 0.123739 0.194825 186 68 0
0.584906 0.119111 0.196603 186 68 0
0.58465 0.114445 0.198353 186 68 0
0.584462 0.109724 0.19996 186 68 0
0.584184 0.104991 0.201519 186 68 0
0.583942 0.100201 0.202886 186 68 0
0.582952 0.0948565 0.203653 186 68 0
0.582894 0.0896424 0.204304 186 68 0
0.583069 0.0843866 0.204919 186 68 0
0.58278 0.0791211 0.205398 186 68 0
0.582981 0.0738639 0.206004 186 68 0
0.583242 0.0685999 0.20652 186 68 0
0.582842 0.0633308 0.206848 186 68 0
0.582543 0.0580589 0.20725 186 68 0
0.582425 0.0527788 0.20757 186 68 0
0.582594 0.0579822 0.207316 186 68 0
0.582813 0.0629988 0.20687 186 68 0
0.583249 0.06802 0.206544 186 68 0
0.583464 0.0730531 0.206181 186 68 0
0.583706 0.078078 0.205733 187 67 0
0.584002 0.0831004 0.205288 187 67 0
0.584038 0.088136 0.204901 187 67 0
0.583512 0.0957341 0.203606 187 67 0
0.583291 0.100479 0.202362 187 67 0
0.583122 0.105183 0.200964 187 67 0
0.583142 0.109883 0.199551 187 67 0
0.583321 0.114513 0.197928 187 67 0
0.583486 0.11907 0.196105 187 67 0
0.583708 0.123584 0.194185 187 67 0
0.584119 0.128079 0.19225 187 67 0
0.584388 0.132541 0.190215 187 67 0
0.584863 0.136997 0.188206 187 67 0
0.585359 0.141447 0.186188 187 67 0
0.585665 0.145902 0.184146 187 67 0
0.586065 0.150378 0.18217 187 67 0
0.586479 0.15485 0.180193 187 67 0
0.587278 0.156759 0.179634 187 67 0
0.589003 0.161592 0.17815 187 67 0
0.590539 0.166461 0.176569 187 67 0
0.592525 0.1712 0.175093 187 67 0
0.594289 0.175845 0.173127 187 67 0
0.596347 0.18034 0.171111 187 67 0
0.594881 0.181195 0.170266 187 67 0
0.593186 0.184596 0.16727 187 67 0
0.591405 0.187868 0.164184 187 67 0
0.590188 0.191322 0.161015 187 67 0
0.588693 0.194672 0.157856 187 67 0
0.587084 0.198145 0.154893 187 67 0
0.585149 0.201561 0.15207 187 67 0
0.586741 0.199679 0.153689 187 67 0
0.589249 0.197 0.156372 187 67 0
0.59127 0.19407 0.159235 187 67 0
0.593028 0.191084 0.162217 187 67 0
0.594652 0.187968 0.165143 187 67 0
0.596175 0.184793 0.168057 187 67 0
0.597863 0.184305 0.168704 187 67 0
0.600572 0.181267 0.171331 187 67 0
0.603023 0.178039 0.173992 187 67 0
0.606155 0.175192 0.176371 187 67 0
0.609161 0.172161 0.178679 187 67 0
0.61255 0.169398 0.18073 187 67 0
0.615601 0.169875 0.180535 187 67 0
0.620248 0.171064 0.179923 187 67 0
0.624747 0.172677 0.179115 187 67 0
0.629247 0.174315 0.178368 187 67 0
0.633755 0.175957 0.177683 187 67 0
0.638293 0.177585 0.177181 187 67 0
0.642974 0.178752 0.177054 187 67 0
0.640641 0.178003 0.177173 188 66 0
0.636117 0.175925 0.177928 188 66 0
0.631432 0.174161 0.178528 188 66 0
0.626788 0.172376 0.179354 188 66 0
0.622064 0.170799 0.180139 188 66 0
0.617346 0.169234 0.180985 188 66 0
0.61334 0.169177 0.180799 188 66 0
0.608724 0.167501 0.180962 188 66 0
0.604017 0.166078 0.180876 188 66 0
0.599315 0.164792 0.180214 188 66 0
0.594626 0.16387 0.179081 188 66 0
0.589959 0.163024 0.177776 188 66 0
0.589171 0.155619 0.181022 188 66 0
0.588793 0.151084 0.183072 188 66 0
0.588185 0.146523 0.185006 188 66 0
0.587597 0.141976 0.186979 188 66 0
0.587125 0.137445 0.18902 188 66 0
0.58662 0.132905 0.191032 188 66 0
0.586068 0.128339 0.192973 188 66 0
0.585488 0.123739 0.194825 188 66 0
0.584906 0.119111 0.196603 188 66 0
0.58465 0.114445 0.198353 188 66 0
0.584462 0.109724 0.19996 188 66 0
0.584184 0.104991 0.201519 188 66 0
0.583942 0.100201 0.202886 188 66 0
0.582952 0.0948565 0.203653 188 66 0
0.582894 0.0896424 0.204304 188 66 0
0.583069 0.0843866 0.204919 188 66 0
0.58278 0.0791211 0.205398 188 66 0
0.582981 0.0738639 0.206004 188 66 0
0.583242 0.0685999 0.20652 188 66 0
0.582842 0.0633308 0.206848 188 66 0
0.582543 0.0580589 0.20725 188 66 0
0.582425 0.0527788 0.20757 188 66 0
0.582594 0.0579822 0.207316 188 66 0
0.582813 0.0629988 0.20687 188 66 0
0.583249 0.06802 0.206544 188 66 0
0.583464 0.0730531 0.206181 188 66 0
0.583706 0.078078 0.205733 188 66 0
0.584002 0.0831004 0.205288 188 66 0
0.584038 0.088136 0.204901 188 66 0
0.583512 0.0957341 0.203606 188 66 0
0.583291 0.100479 0.202362 188 66 0
0.583122 0.105183 0.200964 188 66 0
0.583142 0.109883 0.199551 188 66 0
0.583321 0.114513 0.197928 188 66 0
0.583486 0.11907 0.196105 188 66 0
0.583708 0.123584 0.194185 188 66 0
0.584119 0.128079 0.19225 188 66 0
0.584388 0.132541 0.190215 188 66 0
0.584863 0.136997 0.188206 189 65 0
0.585359 0.141447 0.186188 189 65 0
0.585665 0.145902 0.184146 189 65 0
0.586065 0.150378 0.18217 189 65 0
0.586479 0.15485 0.180193 189 65 0
0.587278 0.156759 0.179634 189 65 0
0.589003 0.161592 0.17815 189 65 0
0.590539 0.166461 0.176569 189 65 0
0.592525 0.1712 0.175093 189 65 0
0.594289 0.175845 0.173127 189 65 0
0.596347 0.18034 0.171111 189 65 0
0.594881 0.181195 0.170266 189 65 0
0.593186 0.184596 0.16727 189 65 0
0.591405 0.187868 0.164184 189 65 0
0.590188 0.191322 0.161015 189 65 0
0.588693 0.194672 0.157856 189 65 0
0.587084 0.198145 0.154893 189 65 0
0.585149 0.201561 0.15207 189 65 0
0.582877 0.206412 0.160514 189 65 0
0.518668 0.205435 0.128563 189 65 0
0.524048 0.201369 0.121179 189 65 0
0.510383 0.0892786 0.169202 189 65 0
0.508089 0.0986659 0.165274 189 65 0
0.507377 0.103324 0.163219 189 65 0
0.506934 0.107962 0.161036 189 65 0
0.506377 0.112535 0.158744 189 65 0
0.505903 0.117051 0.156324 189 65 0
0.505517 0.121528 0.153818 189 65 0
0.505171 0.125946 0.151203 189 65 0
0.504882 0.130319 0.148508 189 65 0
0.504708 0.134704 0.145822 189 65 0
0.504513 0.139075 0.143116 189 65 0
0.504265 0.143421 0.140372 189 65 0
0.504009 0.147756 0.137612 189 65 0
0.503691 0.152098 0.134869 189 65 0
0.503302 0.156489 0.132215 189 65 0
0.502915 0.160927 0.129641 189 65 0
0.502658 0.165406 0.127122 189 65 0
0.502218 0.169878 0.124622 189 65 0
0.499995 0.168907 0.123493 189 65 0
0.496123 0.167566 0.121697 189 65 0
0.492273 0.16605 0.119992 189 65 0
0.488461 0.164837 0.117992 189 65 0
0.484673 0.16352 0.11601 189 65 0
0.482418 0.164394 0.113694 189 65 0
0.479477 0.165427 0.11034 189 65 0
0.476807 0.16669 0.106837 189 65 0
0.474369 0.168044 0.103196 189 65 0
0.471955 0.169198 0.0994716 189 65 0
0.469557 0.170117 0.0956735 190 64 0
0.467122 0.170871 0.0918629 190 64 0
0.468248 0.170141 0.0940427 190 64 0
0.47045 0.168952 0.0978176 190 64 0
0.472611 0.167631 0.101573 190 64 0
0.475091 0.166564 0.105208 190 64 0
0.477705 0.165378 0.108709 190 64 0
0.480628 0.164575 0.112042 190 64 0
0.482418 0.164394 0.113694 190 64 0
0.486361 0.163267 0.117332 190 64 0
0.490406 0.162132 0.120854 190 64 0
0.494536 0.160901 0.124232 190 64 0
0.498776 0.159714 0.127486 190 64 0
0.498207 0.152171 0.130984 190 64 0
0.497709 0.147655 0.133156 190 64 0
0.497048 0.143172 0.135351 190 64 0
0.496342 0.138709 0.137573 190 64 0
0.495648 0.13428 0.139864 190 64 0
0.495086 0.129876 0.14224 190 64 0
0.49435 0.125426 0.144478 190 64 0
0.493652 0.120956 0.146688 190 64 0
0.492997 0.116425 0.148785 190 64 0
0.492527 0.111839 0.150807 190 64 0
0.492196 0.10718 0.152684 190 64 0
0.491988 0.102501 0.154531 190 64 0
0.491666 0.0976972 0.155998 190 64 0
0.490539 0.0930695 0.156587 190 64 0
0.490704 0.088157 0.157806 190 64 0
0.490594 0.0832088 0.158891 190 64 0
0.490396 0.0782288 0.159804 190 64 0
0.49026 0.0732234 0.160578 190 64 0
0.489917 0.0681889 0.16103 190 64 0
0.489613 0.0631399 0.161329 190 64 0
0.489406 0.058078 0.161416 190 64 0
0.489368 0.0530117 0.161474 190 64 0
0.489345 0.0556786 0.161509 190 64 0
0.489413 0.0610393 0.161405 190 64 0
0.489659 0.0663913 0.161237 190 64 0
0.490127 0.071716 0.160848 190 64 0
0.490664 0.0770151 0.160231 190 64 0
0.491104 0.0823002 0.159448 190 64 0
0.491447 0.0875864 0.158616 190 64 0
0.491842 0.095579 0.156696 190 64 0
0.492051 0.100545 0.155177 190 64 0
0.492651 0.105451 0.15356 190 64 0
0.493182 0.110328 0.151838 190 64 0
0.493695 0.115117 0.149877 190 64 0
0.494367 0.119844 0.147818 190 64 0
0.495247 0.124512 0.1457 190 64 0
0.49617 0.129146 0.143524 191 63 0
0.496942 0.133723 0.141179 191 63 0
0.497781 0.13831 0.138875 191 63 0
0.49854 0.142914 0.136579 191 63 0
0.499425 0.147537 0.13437 191 63 0
0.500156 0.152203 0.132193 191 63 0
0.500083 0.154792 0.130741 191 63 0
0.500631 0.159237 0.128823 191 63 0
0.501036 0.163666 0.126832 191 63 0
0.501162 0.168077 0.124764 191 63 0
0.501113 0.172469 0.122656 191 63 0
0.501161 0.17692 0.120682 191 63 0
0.503617 0.179152 0.121222 191 63 0
0.507022 0.183346 0.121236 191 63 0
0.510679 0.187333 0.121584 191 63 0
0.514485 0.191165 0.122019 191 63 0
0.5182 0.195079 0.122012 191 63 0
0.521936 0.198988 0.121711 191 63 0
0.519895 0.197883 0.121075 191 63 0
0.516554 0.194828 0.120838 191 63 0
0.513184 0.19182 0.120437 191 63 0
0.509976 0.188633 0.120088 191 63 0
0.506732 0.18549 0.119676 191 63 0
0.503504 0.182324 0.119331 191 63 0
0.500774 0.18084 0.118461 191 63 0
0.497345 0.177742 0.117789 191 63 0
0.493846 0.174768 0.116936 191 63 0
0.490645 0.171409 0.116367 191 63 0
0.487337 0.168213 0.115552 191 63 0
0.484142 0.164882 0.11487 191 63 0
0.482418 0.164394 0.113694 191 63 0
0.479824 0.166028 0.110295 191 63 0
0.477122 0.167282 0.106802 191 63 0
0.474679 0.168647 0.103158 191 63 0
0.472015 0.169302 0.0994751 191 63 0
0.469562 0.170115 0.0956802 191 63 0
0.467122 0.170871 0.0918629 191 63 0
0.468248 0.170141 0.0940427 191 63 0
0.47045 0.168952 0.0978176 191 63 0
0.472611 0.167631 0.101573 191 63 0
0.475091 0.166564 0.105208 191 63 0
0.477705 0.165378 0.108709 191 63 0
0.480628 0.164575 0.112042 191 63 0
0.482418 0.164394 0.113694 191 63 0
0.486361 0.163267 0.117332 191 63 0
0.490406 0.162132 0.120854 191 63 0
0.494536 0.160901 0.124232 191 63 0
0.498776 0.159714 0.127486 191 63 0
0.498207 0.152171 0.130984 191 63 0
0.497709 0.147655 0.133156 192 62 0
0.497048 0.143172 0.135351 192 62 0
0.496342 0.138709 0.137573 192 62 0
0.495648 0.13428 0.139864 192 62 0
0.495086 0.129876 0.14224 192 62 0
0.49435 0.125426 0.144478 192 62 0
0.493652 0.120956 0.146688 192 62 0
0.492997 0.116425 0.148785 192 62 0
0.492527 0.111839 0.150807 192 62 0
0.492196 0.10718 0.152684 192 62 0
0.491988 0.102501 0.154531 192 62 0
0.491666 0.0976972 0.155998 192 62 0
0.490539 0.0930695 0.156587 192 62 0
0.490704 0.088157 0.157806 192 62 0
0.490594 0.0832088 0.158891 192 62 0
0.490396 0.0782288 0.159804 192 62 0
0.49026 0.0732234 0.160578 192 62 0
0.489917 0.0681889 0.16103 192 62 0
0.489613 0.0631399 0.161329 192 62 0
0.489406 0.058078 0.161416 192 62 0
0.489368 0.0530117 0.161474 192 62 0
0.489345 0.0556786 0.161509 192 62 0
0.489413 0.0610393 0.161405 192 62 0
0.489659 0.0663913 0.161237 192 62 0
0.490127 0.071716 0.160848 192 62 0
0.490664 0.0770151 0.160231 192 62 0
0.491104 0.0823002 0.159448 192 62 0
0.491447 0.0875864 0.158616 192 62 0
0.491842 0.095579 0.156696 192 62 0
0.492051 0.100545 0.155177 192 62 0
0.492651 0.105451 0.15356 192 62 0
0.493182 0.110328 0.151838 192 62 0
0.493695 0.115117 0.149877 192 62 0
0.494367 0.119844 0.147818 192 62 0
0.495247 0.124512 0.1457 192 62 0
0.49617 0.129146 0.143524 192 62 0
0.496942 0.133723 0.141179 192 62 0
0.497781 0.13831 0.138875 192 62 0
0.49854 0.142914 0.136579 192 62 0
0.499425 0.147537 0.13437 192 62 0
0.500156 0.152203 0.132193 192 62 0
0.500083 0.154792 0.130741 192 62 0
0.500631 0.159237 0.128823 192 62 0
0.501036 0.163666 0.126832 192 62 0
0.501162 0.168077 0.124764 192 62 0
0.501113 0.172469 0.122656 192 62 0
0.501161 0.17692 0.120682 192 62 0
0.503617 0.179152 0.121222 192 62 0
0.507022 0.183346 0.121236 192 62 0
0.510679 0.187333 0.121584 192 62 0
0.514485 0.191165 0.122019 193 61 0
0.5182 0.195079 0.122012 193 61 0
0.521936 0.198988 0.121711 193 61 0
0.516496 0.203057 0.129048 193 61 0
0.581519 0.208926 0.158655 193 61 0
0.583704 0.203863 0.150312 193 61 0
0.585149 0.201561 0.15207 193 61 0
0.587141 0.198185 0.154938 193 61 0
0.588936 0.19479 0.157915 193 61 0
0.59098 0.191685 0.161046 193 61 0
0.593128 0.18861 0.164137 193 61 0
0.595707 0.185822 0.167138 193 61 0
0.59687 0.184068 0.168675 193 61 0
0.599954 0.181324 0.171173 193 61 0
0.602722 0.178318 0.173759 193 61 0
0.605467 0.175226 0.176265 193 61 0
0.608373 0.17215 0.178602 193 61 0
0.61154 0.169204 0.180747 193 61 0
0.615601 0.169875 0.180535 193 61 0
0.620248 0.171064 0.179923 193 61 0
0.624747 0.172677 0.179115 193 61 0
0.629247 0.174315 0.178368 193 61 0
0.633755 0.175957 0.177683 193 61 0
0.638293 0.177585 0.177181 193 61 0
0.642974 0.178752 0.177054 193 61 0
0.640641 0.178003 0.177173 193 61 0
0.636117 0.175925 0.177928 193 61 0
0.631432 0.174161 0.178528 193 61 0
0.626788 0.172376 0.179354 193 61 0
0.622064 0.170799 0.180139 193 61 0
0.617346 0.169234 0.180985 193 61 0
0.61334 0.169177 0.180799 193 61 0
0.608724 0.167501 0.180962 193 61 0
0.604017 0.166078 0.180876 193 61 0
0.599315 0.164792 0.180214 193 61 0
0.594626 0.16387 0.179081 193 61 0
0.589959 0.163024 0.177776 193 61 0
0.589171 0.155619 0.181022 193 61 0
0.588793 0.151084 0.183072 193 61 0
0.588185 0.146523 0.185006 193 61 0
0.587597 0.141976 0.186979 193 61 0
0.587125 0.137445 0.18902 193 61 0
0.58662 0.132905 0.191032 193 61 0
0.586068 0.128339 0.192973 193 61 0
0.585488 0.123739 0.194825 193 61 0
0.584906 0.119111 0.196603 193 61 0
0.58465 0.114445 0.198353 193 61 0
0.584462 0.109724 0.19996 193 61 0
0.584184 0.104991 0.201519 193 61 0
0.583942 0.100201 0.202886 194 60 0
0.582952 0.0948565 0.203653 194 60 0
0.582894 0.0896424 0.204304 194 60 0
0.583069 0.0843866 0.204919 194 60 0
0.58278 0.0791211 0.205398 194 60 0
0.582981 0.0738639 0.206004 194 60 0
0.583242 0.0685999 0.20652 194 60 0
0.582842 0.0633308 0.206848 194 60 0
0.582543 0.0580589 0.20725 194 60 0
0.582425 0.0527788 0.20757 194 60 0
0.582594 0.0579822 0.207316 194 60 0
0.582813 0.0629988 0.20687 194 60 0
0.583249 0.06802 0.206544 194 60 0
0.583464 0.0730531 0.206181 194 60 0
0.583706 0.078078 0.205733 194 60 0
0.584002 0.0831004 0.205288 194 60 0
0.584038 0.088136 0.204901 194 60 0
0.583512 0.0957341 0.203606 194 60 0
0.583291 0.100479 0.202362 194 60 0
0.583122 0.105183 0.200964 194 60 0
0.583142 0.109883 0.199551 194 60 0
0.583321 0.114513 0.197928 194 60 0
0.583486 0.11907 0.196105 194 60 0
0.583708 0.123584 0.194185 194 60 0
0.584119 0.128079 0.19225 194 60 0
0.584388 0.132541 0.190215 194 60 0
0.584863 0.136997 0.188206 194 60 0
0.585359 0.141447 0.186188 194 60 0
0.585665 0.145902 0.184146 194 60 0
0.586065 0.150378 0.18217 194 60 0
0.586479 0.15485 0.180193 194 60 0
0.587278 0.156759 0.179634 194 60 0
0.589003 0.161592 0.17815 194 60 0
0.590539 0.166461 0.176569 194 60 0
0.592525 0.1712 0.175093 194 60 0
0.594289 0.175845 0.173127 194 60 0
0.596347 0.18034 0.171111 194 60 0
0.594881 0.181195 0.170266 194 60 0
0.593186 0.184596 0.16727 194 60 0
0.591405 0.187868 0.164184 194 60 0
0.590188 0.191322 0.161015 194 60 0
0.588693 0.194672 0.157856 194 60 0
0.587084 0.198145 0.154893 194 60 0
0.585149 0.201561 0.15207 194 60 0
0.586741 0.199679 0.153689 194 60 0
0.589249 0.197 0.156372 194 60 0
0.59127 0.19407 0.159235 194 60 0
0.593028 0.191084 0.162217 194 60 0
0.594652 0.187968 0.165143 194 60 0
0.596175 0.184793 0.168057 195 59 0
0.597863 0.184305 0.168704 195 59 0
0.600572 0.181267 0.171331 195 59 0
0.603023 0.178039 0.173992 195 59 0
0.606155 0.175192 0.176371 195 59 0
0.609161 0.172161 0.178679 195 59 0
0.61255 0.169398 0.18073 195 59 0
0.615601 0.169875 0.180535 195 59 0
0.620248 0.171064 0.179923 195 59 0
0.624747 0.172677 0.179115 195 59 0
0.629247 0.174315 0.178368 195 59 0
0.633755 0.175957 0.177683 195 59 0
0.638293 0.177585 0.177181 195 59 0
0.642974 0.178752 0.177054 195 59 0
0.640641 0.178003 0.177173 195 59 0
0.636117 0.175925 0.177928 195 59 0
0.631432 0.174161 0.178528 195 59 0
0.626788 0.172376 0.179354 195 59 0
0.622064 0.170799 0.180139 195 59 0
0.617346 0.169234 0.180985 195 59 0
0.61334 0.169177 0.180799 195 59 0
0.608724 0.167501 0.180962 195 59 0
0.604017 0.166078 0.180876 195 59 0
0.599315 0.164792 0.180214 195 59 0
0.594626 0.16387 0.179081 195 59 0
0.589959 0.163024 0.177776 195 59 0
0.589171 0.155619 0.181022 195 59 0
0.588793 0.151084 0.183072 195 59 0
0.588185 0.146523 0.185006 195 59 0
0.587597 0.141976 0.186979 195 59 0
0.587125 0.137445 0.18902 195 59 0
0.58662 0.132905 0.191032 195 59 0
0.586068 0.128339 0.192973 195 59 0
0.585488 0.123739 0.194825 195 59 0
0.584906 0.119111 0.196603 195 59 0
0.58465 0.114445 0.198353 195 59 0
0.584462 0.109724 0.19996 195 59 0
0.584184 0.104991 0.201519 195 59 0
0.583942 0.100201 0.202886 195 59 0
0.582952 0.0948565 0.203653 195 59 0
0.582894 0.0896424 0.204304 195 59 0
0.583069 0.0843866 0.204919 195 59 0
0.58278 0.0791211 0.205398 195 59 0
0.582981 0.0738639 0.206004 195 59 0
0.583242 0.0685999 0.20652 195 59 0
0.582842 0.0633308 0.206848 195 59 0
0.582543 0.0580589 0.20725 195 59 0
0.582425 0.0527788 0.20757 195 59 0
0.582594 0.0579822 0.207316 195 59 0
0.582813 0.0629988 0.20687 195 59 0
0.583249 0.06802 0.206544 196 58 0
0.583464 0.0730531 0.206181 196 58 0
0.583706 0.078078 0.205733 196 58 0
0.584002 0.0831004 0.205288 196 58 0
0.584038 0.088136 0.204901 196 58 0
0.583512 0.0957341 0.203606 196 58 0
0.583291 0.100479 0.202362 196 58 0
0.583122 0.105183 0.200964 196 58 0
0.583142 0.109883 0.199551 196 58 0
0.583321 0.114513 0.197928 196 58 0
0.583486 0.11907 0.196105 196 58 0
0.583708 0.123584 0.194185 196 58 0
0.584119 0.128079 0.19225 196 58 0
0.584388 0.132541 0.190215 196 58 0
0.584863 0.136997 0.188206 196 58 0
0.585359 0.141447 0.186188 196 58 0
0.585665 0.145902 0.184146 196 58 0
0.586065 0.150378 0.18217 196 58 0
0.586479 0.15485 0.180193 196 58 0
0.587278 0.156759 0.179634 196 58 0
0.589003 0.161592 0.17815 196 58 0
0.590539 0.166461 0.176569 196 58 0
0.592525 0.1712 0.175093 196 58 0
0.594289 0.175845 0.173127 196 58 0
0.596347 0.18034 0.171111 196 58 0
0.594881 0.181195 0.170266 196 58 0
0.593186 0.184596 0.16727 196 58 0
0.591405 0.187868 0.164184 196 58 0
0.590188 0.191322 0.161015 196 58 0
0.588693 0.194672 0.157856 196 58 0
0.587084 0.198145 0.154893 196 58 0
0.585149 0.201561 0.15207 196 58 0
0.582877 0.206412 0.160514 196 58 0
0.518668 0.205435 0.128563 196 58 0
0.524048 0.201369 0.121179 196 58 0
0.510383 0.0892786 0.169202 196 58 0
0.508089 0.0986659 0.165274 196 58 0
0.507377 0.103324 0.163219 196 58 0
0.506934 0.107962 0.161036 196 58 0
0.506377 0.112535 0.158744 196 58 0
0.505903 0.117051 0.156324 196 58 0
0.505517 0.121528 0.153818 196 58 0
0.505171 0.125946 0.151203 196 58 0
0.504882 0.130319 0.148508 196 58 0
0.504708 0.134704 0.145822 196 58 0
0.504513 0.139075 0.143116 196 58 0
0.504265 0.143421 0.140372 196 58 0
0.504009 0.147756 0.137612 196 58 0
0.503691 0.152098 0.134869 196 58 0
0.503302 0.156489 0.132215 197 57 0
0.502915 0.160927 0.129641 197 57 0
0.502658 0.165406 0.127122 197 57 0
0.502218 0.169878 0.124622 197 57 0
0.499995 0.168907 0.123493 197 57 0
0.496123 0.167566 0.121697 197 57 0
0.492273 0.16605 0.119992 197 57 0
0.488461 0.164837 0.117992 197 57 0
0.484673 0.16352 0.11601 197 57 0
0.482418 0.164394 0.113694 197 57 0
0.479477 0.165427 0.11034 197 57 0
0.476807 0.16669 0.106837 197 57 0
0.474369 0.168044 0.103196 197 57 0
0.471955 0.169198 0.0994716 197 57 0
0.469557 0.170117 0.0956735 197 57 0
0.467122 0.170871 0.0918629 197 57 0
0.468248 0.170141 0.0940427 197 57 0
0.47045 0.168952 0.0978176 197 57 0
0.472611 0.167631 0.101573 197 57 0
0.475091 0.166564 0.105208 197 57 0
0.477705 0.165378 0.108709 197 57 0
0.480628 0.164575 0.112042 197 57 0
0.482418 0.164394 0.113694 197 57 0
0.486361 0.163267 0.117332 197 57 0
0.490406 0.162132 0.120854 197 57 0
0.494536 0.160901 0.124232 197 57 0
0.498776 0.159714 0.127486 197 57 0
0.498207 0.152171 0.130984 197 57 0
0.497709 0.147655 0.133156 197 57 0
0.497048 0.143172 0.135351 197 57 0
0.496342 0.138709 0.137573 197 57 0
0.495648 0.13428 0.139864 197 57 0
0.495086 0.129876 0.14224 197 57 0
0.49435 0.125426 0.144478 197 57 0
0.493652 0.120956 0.146688 197 57 0
0.492997 0.116425 0.148785 197 57 0
0.492527 0.111839 0.150807 197 57 0
0.492196 0.10718 0.152684 197 57 0
0.491988 0.102501 0.154531 197 57 0
0.491666 0.0976972 0.155998 197 57 0
0.490539 0.0930695 0.156587 197 57 0
0.490704 0.088157 0.157806 197 57 0
0.490594 0.0832088 0.158891 197 57 0
0.490396 0.0782288 0.159804 197 57 0
0.49026 0.0732234 0.160578 197 57 0
0.489917 0.0681889 0.16103 197 57 0
0.489613 0.0631399 0.161329 197 57 0
0.489406 0.058078 0.161416 197 57 0
0.489368 0.0530117 0.161474 197 57 0
0.489345 0.0556786 0.161509 198 56 0
0.489413 0.0610393 0.161405 198 56 0
0.489659 0.0663913 0.161237 198 56 0
0.490127 0.071716 0.160848 198 56 0
0.490664 0.0770151 0.160231 198 56 0
0.491104 0.0823002 0.159448 198 56 0
0.491447 0.0875864 0.158616 198 56 0
0.491842 0.095579 0.156696 198 56 0
0.492051 0.100545 0.155177 198 56 0
0.492651 0.105451 0.15356 198 56 0
0.493182 0.110328 0.151838 198 56 0
0.493695 0.115117 0.149877 198 56 0
0.494367 0.119844 0.147818 198 56 0
0.495247 0.124512 0.1457 198 56 0
0.49617 0.129146 0.143524 198 56 0
0.496942 0.133723 0.141179 198 56 0
0.497781 0.13831 0.138875 198 56 0
0.49854 0.142914 0.136579 198 56 0
0.499425 0.147537 0.13437 198 56 0
0.500156 0.152203 0.132193 198 56 0
0.500083 0.154792 0.130741 198 56 0
0.500631 0.159237 0.128823 198 56 0
0.501036 0.163666 0.126832 198 56 0
0.501162 0.168077 0.124764 198 56 0
0.501113 0.172469 0.122656 198 56 0
0.501161 0.17692 0.120682 198 56 0
0.503617 0.179152 0.121222 198 56 0
0.507022 0.183346 0.121236 198 56 0
0.510679 0.187333 0.121584 198 56 0
0.514485 0.191165 0.122019 198 56 0
0.5182 0.195079 0.122012 198 56 0
0.521936 0.198988 0.121711 198 56 0
0.519895 0.197883 0.121075 198 56 0
0.516554 0.194828 0.120838 198 56 0
0.513184 0.19182 0.120437 198 56 0
0.509976 0.188633 0.120088 198 56 0
0.506732 0.18549 0.119676 198 56 0
0.503504 0.182324 0.119331 198 56 0
0.500774 0.18084 0.118461 198 56 0
0.497345 0.177742 0.117789 198 56 0
0.493846 0.174768 0.116936 198 56 0
0.490645 0.171409 0.116367 198 56 0
0.487337 0.168213 0.115552 198 56 0
0.484142 0.164882 0.11487 198 56 0
0.482418 0.164394 0.113694 198 56 0
0.479824 0.166028 0.110295 198 56 0
0.477122 0.167282 0.106802 198 56 0
0.474679 0.168647 0.103158 198 56 0
0.472015 0.169302 0.0994751 198 56 0
0.469562 0.170115 0.0956802 199 55 0
0.467122 0.170871 0.0918629 199 55 0
0.468248 0.170141 0.0940427 199 55 0
0.47045 0.168952 0.0978176 199 55 0
0.472611 0.167631 0.101573 199 55 0
0.475091 0.166564 0.105208 199 55 0
0.477705 0.165378 0.108709 199 55 0
0.480628 0.164575 0.112042 199 55 0
0.482418 0.164394 0.113694 199 55 0
0.486361 0.163267 0.117332 199 55 0
0.490406 0.162132 0.120854 199 55 0
0.494536 0.160901 0.124232 199 55 0
0.498776 0.159714 0.127486 199 55 0
0.498207 0.152171 0.130984 199 55 0
0.497709 0.147655 0.133156 199 55 0
0.497048 0.143172 0.135351 199 55 0
0.496342 0.138709 0.137573 199 55 0
0.495648 0.13428 0.139864 199 55 0
0.495086 0.129876 0.14224 199 55 0
0.49435 0.125426 0.144478 199 55 0
0.493652 0.120956 0.146688 199 55 0
0.492997 0.116425 0.148785 199 55 0
0.492527 0.111839 0.150807 199 55 0
0.492196 0.10718 0.152684 199 55 0
0.491988 0.102501 0.154531 199 55 0
0.491666 0.0976972 0.155998 199 55 0
0.490539 0.0930695 0.156587 199 55 0
0.490704 0.088157 0.157806 199 55 0
0.490594 0.0832088 0.158891 199 55 0
0.490396 0.0782288 0.159804 199 55 0
0.49026 0.0732234 0.160578 199 55 0
0.489917 0.0681889 0.16103 199 55 0
0.489613 0.0631399 0.161329 199 55 0
0.489406 0.058078 0.161416 199 55 0
0.489368 0.0530117 0.161474 199 55 0
0.489345 0.0556786 0.161509 199 55 0
0.489413 0.0610393 0.161405 199 55 0
0.489659 0.0663913 0.161237 199 55 0
0.490127 0.071716 0.160848 199 55 0
0.490664 0.0770151 0.160231 199 55 0
0.491104 0.0823002 0.159448 199 55 0
0.491447 0.0875864 0.158616 199 55 0
0.491842 0.095579 0.156696 199 55 0
0.492051 0.100545 0.155177 199 55 0
0.492651 0.105451 0.15356 199 55 0
0.493182 0.110328 0.151838 199 55 0
0.493695 0.115117 0.149877 199 55 0
0.494367 0.119844 0.147818 199 55 0
0.495247 0.124512 0.1457 199 55 0
0.49617 0.129146 0.143524 199 55 0
0.496942 0.133723 0.141179 200 54 0
0.497781 0.13831 0.138875 200 54 0
0.49854 0.142914 0.136579 200 54 0
0.499425 0.147537 0.13437 200 54 0
0.500156 0.152203 0.132193 200 54 0
0.500083 0.154792 0.130741 200 54 0
0.500631 0.159237 0.128823 200 54 0
0.501036 0.163666 0.126832 200 54 0
0.501162 0.168077 0.124764 200 54 0
0.501113 0.172469 0.122656 200 54 0
0.501161 0.17692 0.120682 200 54 0
0.503617 0.179152 0.121222 200 54 0
0.507022 0.183346 0.121236 200 54 0
0.510679 0.187333 0.121584 200 54 0
0.514485 0.191165 0.122019 200 54 0
0.5182 0.195079 0.122012 200 54 0
0.521936 0.198988 0.121711 200 54 0
0.516496 0.203057 0.129048 200 54 0
0.581519 0.208926 0.158655 200 54 0
0.583704 0.203863 0.150312 200 54 0
0.585149 0.201561 0.15207 200 54 0
0.587141 0.198185 0.154938 200 54 0
0.588936 0.19479 0.157915 200 54 0
0.59098 0.191685 0.161046 200 54 0
0.593128 0.18861 0.164137 200 54 0
0.595707 0.185822 0.167138 200 54 0
0.59687 0.184068 0.168675 200 54 0
0.599954 0.181324 0.171173 200 54 0
0.602722 0.178318 0.173759 200 54 0
0.605467 0.175226 0.176265 200 54 0
0.608373 0.17215 0.178602 200 54 0
0.61154 0.169204 0.180747 200 54 0
0.615601 0.169875 0.180535 200 54 0
0.620248 0.171064 0.179923 200 54 0
0.624747 0.172677 0.179115 200 54 0
0.629247 0.174315 0.178368 200 54 0
0.633755 0.175957 0.177683 200 54 0
0.638293 0.177585 0.177181 200 54 0
0.642974 0.178752 0.177054 200 54 0
0.640641 0.178003 0.177173 200 54 0
0.636117 0.175925 0.177928 200 54 0
0.631432 0.174161 0.178528 200 54 0
0.626788 0.172376 0.179354 200 54 0
0.622064 0.170799 0.180139 200 54 0
0.617346 0.169234 0.180985 200 54 0
0.61334 0.169177 0.180799 200 54 0
0.608724 0.167501 0.180962 200 54 0
0.604017 0.166078 0.180876 200 54 0
0.599315 0.164792 0.180214 200 54 0
0.594626 0.16387 0.179081 201 53 0
0.589959 0.163024 0.177776 201 53 0
0.589171 0.155619 0.181022 201 53 0
0.588793 0.151084 0.183072 201 53 0
0.588185 0.146523 0.185006 201 53 0
0.587597 0.141976 0.186979 201 53 0
0.587125 0.137445 0.18902 201 53 0
0.58662 0.132905 0.191032 201 53 0
0.586068 0.128339 0.192973 201 53 0
0.585488 0.123739 0.194825 201 53 0
0.584906 0.119111 0.196603 201 53 0
0.58465 0.114445 0.198353 201 53 0
0.584462 0.109724 0.19996 201 53 0
0.584184 0.104991 0.201519 201 53 0
0.583942 0.100201 0.202886 201 53 0
0.582952 0.0948565 0.203653 201 53 0
0.582894 0.0896424 0.204304 201 53 0
0.583069 0.0843866 0.204919 201 53 0
0.58278 0.0791211 0.205398 201 53 0
0.582981 0.0738639 0.206004 201 53 0
0.583242 0.0685999 0.20652 201 53 0
0.582842 0.0633308 0.206848 201 53 0
0.582543 0.0580589 0.20725 201 53 0
0.582425 0.0527788 0.20757 201 53 0
0.582594 0.0579822 0.207316 201 53 0
0.582813 0.0629988 0.20687 201 53 0
0.583249 0.06802 0.206544 201 53 0
0.583464 0.0730531 0.206181 201 53 0
0.583706 0.078078 0.205733 201 53 0
0.584002 0.0831004 0.205288 201 53 0
0.584038 0.088136 0.204901 201 53 0
0.583512 0.0957341 0.203606 201 53 0
0.583291 0.100479 0.202362 201 53 0
0.583122 0.105183 0.200964 201 53 0
0.583142 0.109883 0.199551 201 53 0
0.583321 0.114513 0.197928 201 53 0
0.583486 0.11907 0.196105 201 53 0
0.583708 0.123584 0.194185 201 53 0
0.584119 0.128079 0.19225 201 53 0
0.584388 0.132541 0.190215 201 53 0
0.584863 0.136997 0.188206 201 53 0
0.585359 0.141447 0.186188 201 53 0
0.585665 0.145902 0.184146 201 53 0
0.586065 0.150378 0.18217 201 53 0
0.586479 0.15485 0.180193 201 53 0
0.587278 0.156759 0.179634 201 53 0
0.589003 0.161592 0.17815 201 53 0
0.590539 0.166461 0.176569 201 53 0
0.592525 0.1712 0.175093 201 53 0
0.594289 0.175845 0.173127 202 52 0
0.596347 0.18034 0.171111 202 52 0
0.594881 0.181195 0.170266 202 52 0
0.593186 0.184596 0.16727 202 52 0
0.591405 0.187868 0.164184 202 52 0
0.590188 0.191322 0.161015 202 52 0
0.588693 0.194672 0.157856 202 52 0
0.587084 0.198145 0.154893 202 52 0
0.585149 0.201561 0.15207 202 52 0
0.586741 0.199679 0.153689 202 52 0
0.589249 0.197 0.156372 202 52 0
0.59127 0.19407 0.159235 202 52 0
0.593028 0.191084 0.162217 202 52 0
0.594652 0.187968 0.165143 202 52 0
0.596175 0.184793 0.168057 202 52 0
0.597863 0.184305 0.168704 202 52 0
0.600572 0.181267 0.171331 202 52 0
0.603023 0.178039 0.173992 202 52 0
0.606155 0.175192 0.176371 202 52 0
0.609161 0.172161 0.178679 202 52 0
0.61255 0.169398 0.18073 202 52 0
0.615601 0.169875 0.180535 202 52 0
0.620248 0.171064 0.179923 202 52 0
0.624747 0.172677 0.179115 202 52 0
0.629247 0.174315 0.178368 202 52 0
0.633755 0.175957 0.177683 202 52 0
0.638293 0.177585 0.177181 202 52 0
0.642974 0.178752 0.177054 202 52 0
0.640641 0.178003 0.177173 202 52 0
0.636117 0.175925 0.177928 202 52 0
0.631432 0.174161 0.178528 202 52 0
0.626788 0.172376 0.179354 202 52 0
0.622064 0.170799 0.180139 202 52 0
0.617346 0.169234 0.180985 202 52 0
0.61334 0.169177 0.180799 202 52 0
0.608724 0.167501 0.180962 202 52 0
0.604017 0.166078 0.180876 202 52 0
0.599315 0.164792 0.180214 202 52 0
0.594626 0.16387 0.179081 202 52 0
0.589959 0.163024 0.177776 202 52 0
0.589171 0.155619 0.181022 202 52 0
0.588793 0.151084 0.183072 202 52 0
0.588185 0.146523 0.185006 202 52 0
0.587597 0.141976 0.186979 202 52 0
0.587125 0.137445 0.18902 202 52 0
0.58662 0.132905 0.191032 202 52 0
0.586068 0.128339 0.192973 202 52 0
0.585488 0.123739 0.194825 202 52 0
0.584906 0.119111 0.196603 202 52 0
0.58465 0.114445 0.198353 203 51 0
0.584462 0.109724 0.19996 203 51 0
0.584184 0.104991 0.201519 203 51 0
0.583942 0.100201 0.202886 203 51 0
0.582952 0.0948565 0.203653 203 51 0
0.582894 0.0896424 0.204304 203 51 0
0.583069 0.0843866 0.204919 203 51 0
0.58278 0.0791211 0.205398 203 51 0
0.582981 0.0738639 0.206004 203 51 0
0.583242 0.0685999 0.20652 203 51 0
0.582842 0.0633308 0.206848 203 51 0
0.582543 0.0580589 0.20725 203 51 0
0.582425 0.0527788 0.20757 203 51 0
0.582594 0.0579822 0.207316 203 51 0
0.582813 0.0629988 0.20687 203 51 0
0.583249 0.06802 0.206544 203 51 0
0.583464 0.0730531 0.206181 203 51 0
0.583706 0.078078 0.205733 203 51 0
0.584002 0.0831004 0.205288 203 51 0
0.584038 0.088136 0.204901 203 51 0
0.583512 0.0957341 0.203606 203 51 0
0.583291 0.100479 0.202362 203 51 0
0.583122 0.105183 0.200964 203 51 0
0.583142 0.109883 0.199551 203 51 0
0.583321 0.114513 0.197928 203 51 0
0.583486 0.11907 0.196105 203 51 0
0.583708 0.123584 0.194185 203 51 0
0.584119 0.128079 0.19225 203 51 0
0.584388 0.132541 0.190215 203 51 0
0.584863 0.136997 0.188206 203 51 0
0.585359 0.141447 0.186188 203 51 0
0.585665 0.145902 0.184146 203 51 0
0.586065 0.150378 0.18217 203 51 0
0.586479 0.15485 0.180193 203 51 0
0.587278 0.156759 0.179634 203 51 0
0.589003 0.161592 0.17815 203 51 0
0.590539 0.166461 0.176569 203 51 0
0.592525 0.1712 0.175093 203 51 0
0.594289 0.175845 0.173127 203 51 0
0.596347 0.18034 0.171111 203 51 0
0.594881 0.181195 0.170266 203 51 0
0.593186 0.184596 0.16727 203 51 0
0.591405 0.187868 0.164184 203 51 0
0.590188 0.191322 0.161015 203 51 0
0.588693 0.194672 0.157856 203 51 0
0.587084 0.198145 0.154893 203 51 0
0.585149 0.201561 0.15207 203 51 0
0.582877 0.206412 0.160514 203 51 0
0.518668 0.205435 0.128563 203 51 0
0.524048 0.201369 0.121179 203 51 0
0.510383 0.0892786 0.169202 204 50 0
0.508089 0.0986659 0.165274 204 50 0
0.507377 0.103324 0.163219 204 50 0
0.506934 0.107962 0.161036 204 50 0
0.506377 0.112535 0.158744 204 50 0
0.505903 0.117051 0.156324 204 50 0
0.505517 0.121528 0.153818 204 50 0
0.505171 0.125946 0.151203 204 50 0
0.504882 0.130319 0.148508 204 50 0
0.504708 0.134704 0.145822 204 50 0
0.504513 0.139075 0.143116 204 50 0
0.504265 0.143421 0.140372 204 50 0
0.504009 0.147756 0.137612 204 50 0
0.503691 0.152098 0.134869 204 50 0
0.503302 0.156489 0.132215 204 50 0
0.502915 0.160927 0.129641 204 50 0
0.502658 0.165406 0.127122 204 50 0
0.502218 0.169878 0.124622 204 50 0
0.499995 0.168907 0.123493 204 50 0
0.496123 0.167566 0.121697 204 50 0
0.492273 0.16605 0.119992 204 50 0
0.488461 0.164837 0.117992 204 50 0
0.484673 0.16352 0.11601 204 50 0
0.482418 0.164394 0.113694 204 50 0
0.479477 0.165427 0.11034 204 50 0
0.476807 0.16669 0.106837 204 50 0
0.474369 0.168044 0.103196 204 50 0
0.471955 0.169198 0.0994716 204 50 0
0.469557 0.170117 0.0956735 204 50 0
0.467122 0.170871 0.0918629 204 50 0
0.468248 0.170141 0.0940427 204 50 0
0.47045 0.168952 0.0978176 204 50 0
0.472611 0.167631 0.101573 204 50 0
0.475091 0.166564 0.105208 204 50 0
0.477705 0.165378 0.108709 204 50 0
0.480628 0.164575 0.112042 204 50 0
0.482418 0.164394 0.113694 204 50 0
0.486361 0.163267 0.117332 204 50 0
0.490406 0.162132 0.120854 204 50 0
0.494536 0.160901 0.124232 204 50 0
0.498776 0.159714 0.127486 204 50 0
0.498207 0.152171 0.130984 204 50 0
0.497709 0.147655 0.133156 204 50 0
0.497048 0.143172 0.135351 204 50 0
0.496342 0.138709 0.137573 204 50 0
0.495648 0.13428 0.139864 204 50 0
0.495086 0.129876 0.14224 204 50 0
0.49435 0.125426 0.144478 204 50 0
0.493652 0.120956 0.146688 204 50 0
0.492997 0.116425 0.148785 205 49 0
0.492527 0.111839 0.150807 205 49 0
0.492196 0.10718 0.152684 205 49 0
0.491988 0.102501 0.154531 205 49 0
0.491666 0.0976972 0.155998 205 49 0
0.490539 0.0930695 0.156587 205 49 0
0.490704 0.088157 0.157806 205 49 0
0.490594 0.0832088 0.158891 205 49 0
0.490396 0.0782288 0.159804 205 49 0
0.49026 0.0732234 0.160578 205 49 0
0.489917 0.0681889 0.16103 205 49 0
0.489613 0.0631399 0.161329 205 49 0
0.489406 0.058078 0.161416 205 49 0
0.489368 0.0530117 0.161474 205 49 0
0.489345 0.0556786 0.161509 205 49 0
0.489413 0.0610393 0.161405 205 49 0
0.489659 0.0663913 0.161237 205 49 0
0.490127 0.071716 0.160848 205 49 0
0.490664 0.0770151 0.160231 205 49 0
0.491104 0.0823002 0.159448 205 49 0
0.491447 0.0875864 0.158616 205 49 0
0.491842 0.095579 0.156696 205 49 0
0.492051 0.100545 0.155177 205 49 0
0.492651 0.105451 0.15356 205 49 0
0.493182 0.110328 0.151838 205 49 0
0.493695 0.115117 0.149877 205 49 0
0.494367 0.119844 0.147818 205 49 0
0.495247 0.124512 0.1457 205 49 0
0.49617 0.129146 0.143524 205 49 0
0.496942 0.133723 0.141179 205 49 0
0.497781 0.13831 0.138875 205 49 0
0.49854 0.142914 0.136579 205 49 0
0.499425 0.147537 0.13437 205 49 0
0.500156 0.152203 0.132193 205 49 0
0.500083 0.154792 0.130741 205 49 0
0.500631 0.159237 0.128823 205 49 0
0.501036 0.163666 0.126832 205 49 0
0.501162 0.168077 0.124764 205 49 0
0.501113 0.172469 0.122656 205 49 0
0.501161 0.17692 0.120682 205 49 0
0.503617 0.179152 0.121222 205 49 0
0.507022 0.183346 0.121236 205 49 0
0.510679 0.187333 0.121584 205 49 0
0.514485 0.191165 0.122019 205 49 0
0.5182 0.195079 0.122012 205 49 0
0.521936 0.198988 0.121711 205 49 0
0.519895 0.197883 0.121075 205 49 0
0.516554 0.194828 0.120838 205 49 0
0.513184 0.19182 0.120437 205 49 0
0.509976 0.188633 0.120088 206 48 0
0.506732 0.18549 0.119676 206 48 0
0.503504 0.182324 0.119331 206 48 0
0.500774 0.18084 0.118461 206 48 0
0.497345 0.177742 0.117789 206 48 0
0.493846 0.174768 0.116936 206 48 0
0.490645 0.171409 0.116367 206 48 0
0.487337 0.168213 0.115552 206 48 0
0.484142 0.164882 0.11487 206 48 0
0.482418 0.164394 0.113694 206 48 0
0.479824 0.166028 0.110295 206 48 0
0.477122 0.167282 0.106802 206 48 0
0.474679 0.168647 0.103158 206 48 0
0.472015 0.169302 0.0994751 206 48 0
0.469562 0.170115 0.0956802 206 48 0
0.467122 0.170871 0.0918629 206 48 0
0.468248 0.170141 0.0940427 206 48 0
0.47045 0.168952 0.0978176 206 48 0
0.472611 0.167631 0.101573 206 48 0
0.475091 0.166564 0.105208 206 48 0
0.477705 0.165378 0.108709 206 48 0
0.480628 0.164575 0.112042 206 48 0
0.482418 0.164394 0.113694 206 48 0
0.486361 0.163267 0.117332 206 48 0
0.490406 0.162132 0.120854 206 48 0
0.494536 0.160901 0.124232 206 48 0
0.498776 0.159714 0.127486 206 48 0
0.498207 0.152171 0.130984 206 48 0
0.497709 0.147655 0.133156 206 48 0
0.497048 0.143172 0.135351 206 48 0
0.496342 0.138709 0.137573 206 48 0
0.495648 0.13428 0.139864 206 48 0
0.495086 0.129876 0.14224 206 48 0
0.49435 0.125426 0.144478 206 48 0
0.493652 0.120956 0.146688 206 48 0
0.492997 0.116425 0.148785 206 48 0
0.492527 0.111839 0.150807 206 48 0
0.492196 0.10718 0.152684 206 48 0
0.491988 0.102501 0.154531 206 48 0
0.491666 0.0976972 0.155998 206 48 0
0.490539 0.0930695 0.156587 206 48 0
0.490704 0.088157 0.157806 206 48 0
0.490594 0.0832088 0.158891 206 48 0
0.490396 0.0782288 0.159804 206 48 0
0.49026 0.0732234 0.160578 206 48 0
0.489917 0.0681889 0.16103 206 48 0
0.489613 0.0631399 0.161329 206 48 0
0.489406 0.058078 0.161416 206 48 0
0.489368 0.0530117 0.161474 206 48 0
0.489345 0.0556786 0.161509 206 48 0
0.489413 0.0610393 0.161405 207 47 0
0.489659 0.0663913 0.161237 207 47 0
0.490127 0.071716 0.160848 207 47 0
0.490664 0.0770151 0.160231 207 47 0
0.491104 0.0823002 0.159448 207 47 0
0.491447 0.0875864 0.158616 207 47 0
0.491842 0.095579 0.156696 207 47 0
0.492051 0.100545 0.155177 207 47 0
0.492651 0.105451 0.15356 207 47 0
0.493182 0.110328 0.151838 207 47 0
0.493695 0.115117 0.149877 207 47 0
0.494367 0.119844 0.147818 207 47 0
0.495247 0.124512 0.1457 207 47 0
0.49617 0.129146 0.143524 207 47 0
0.496942 0.133723 0.141179 207 47 0
0.497781 0.13831 0.138875 207 47 0
0.49854 0.142914 0.136579 207 47 0
0.499425 0.147537 0.13437 207 47 0
0.500156 0.152203 0.132193 207 47 0
0.500083 0.154792 0.130741 207 47 0
0.500631 0.159237 0.128823 207 47 0
0.501036 0.163666 0.126832 207 47 0
0.501162 0.168077 0.124764 207 47 0
0.501113 0.172469 0.122656 207 47 0
0.501161 0.17692 0.120682 207 47 0
0.503617 0.179152 0.121222 207 47 0
0.507022 0.183346 0.121236 207 47 0
0.510679 0.187333 0.121584 207 47 0
0.514485 0.191165 0.122019 207 47 0
0.5182 0.195079 0.122012 207 47 0
0.521936 0.198988 0.121711 207 47 0
0.516496 0.203057 0.129048 207 47 0
0.581519 0.208926 0.158655 207 47 0
0.583704 0.203863 0.150312 207 47 0
0.585149 0.201561 0.15207 207 47 0
0.587141 0.198185 0.154938 207 47 0
0.588936 0.19479 0.157915 207 47 0
0.59098 0.191685 0.161046 207 47 0
0.593128 0.18861 0.164137 207 47 0
0.595707 0.185822 0.167138 207 47 0
0.59687 0.184068 0.168675 207 47 0
0.599954 0.181324 0.171173 207 47 0
0.602722 0.178318 0.173759 207 47 0
0.605467 0.175226 0.176265 207 47 0
0.608373 0.17215 0.178602 207 47 0
0.61154 0.169204 0.180747 207 47 0
0.615601 0.169875 0.180535 207 47 0
0.620248 0.171064 0.179923 207 47 0
0.624747 0.172677 0.179115 207 47 0
0.629247 0.174315 0.178368 208 46 0
0.633755 0.175957 0.177683 208 46 0
0.638293 0.177585 0.177181 208 46 0
0.642974 0.178752 0.177054 208 46 0
0.640641 0.178003 0.177173 208 46 0
0.636117 0.175925 0.177928 208 46 0
0.631432 0.174161 0.178528 208 46 0
0.626788 0.172376 0.179354 208 46 0
0.622064 0.170799 0.180139 208 46 0
0.617346 0.169234 0.180985 208 46 0
0.61334 0.169177 0.180799 208 46 0
0.608724 0.167501 0.180962 208 46 0
0.604017 0.166078 0.180876 208 46 0
0.599315 0.164792 0.180214 208 46 0
0.594626 0.16387 0.179081 208 46 0
0.589959 0.163024 0.177776 208 46 0
0.589171 0.155619 0.181022 208 46 0
0.588793 0.151084 0.183072 208 46 0
0.588185 0.146523 0.185006 208 46 0
0.587597 0.141976 0.186979 208 46 0
0.587125 0.137445 0.18902 208 46 0
0.58662 0.132905 0.191032 208 46 0
0.586068 0.128339 0.192973 208 46 0
0.585488 0.123739 0.194825 208 46 0
0.584906 0.119111 0.196603 208 46 0
0.58465 0.114445 0.198353 208 46 0
0.584462 0.109724 0.19996 208 46 0
0.584184 0.104991 0.201519 208 46 0
0.583942 0.100201 0.202886 208 46 0
0.582952 0.0948565 0.203653 208 46 0
0.582894 0.0896424 0.204304 208 46 0
0.583069 0.0843866 0.204919 208 46 0
0.58278 0.0791211 0.205398 208 46 0
0.582981 0.0738639 0.206004 208 46 0
0.583242 0.0685999 0.20652 208 46 0
0.582842 0.0633308 0.206848 208 46 0
0.582543 0.0580589 0.20725 208 46 0
0.582425 0.0527788 0.20757 208 46 0
0.582594 0.0579822 0.207316 208 46 0
0.582813 0.0629988 0.20687 208 46 0
0.583249 0.06802 0.206544 208 46 0
0.583464 0.0730531 0.206181 208 46 0
0.583706 0.078078 0.205733 208 46 0
0.584002 0.0831004 0.205288 208 46 0
0.584038 0.088136 0.204901 208 46 0
0.583512 0.0957341 0.203606 208 46 0
0.583291 0.100479 0.202362 208 46 0
0.583122 0.105183 0.200964 208 46 0
0.583142 0.109883 0.199551 208 46 0
0.583321 0.114513 0.197928 209 45 0
0.583486 0.11907 0.196105 209 45 0
0.583708 0.123584 0.194185 209 45 0
0.584119 0.128079 0.19225 209 45 0
0.584388 0.132541 0.190215 209 45 0
0.584863 0.136997 0.188206 209 45 0
0.585359 0.141447 0.186188 209 45 0
0.585665 0.145902 0.184146 209 45 0
0.586065 0.150378 0.18217 209 45 0
0.586479 0.15485 0.180193 209 45 0
0.587278 0.156759 0.179634 209 45 0
0.589003 0.161592 0.17815 209 45 0
0.590539 0.166461 0.176569 209 45 0
0.592525 0.1712 0.175093 209 45 0
0.594289 0.175845 0.173127 209 45 0
0.596347 0.18034 0.171111 209 45 0
0.594881 0.181195 0.170266 209 45 0
0.593186 0.184596 0.16727 209 45 0
0.591405 0.187868 0.164184 209 45 0
0.590188 0.191322 0.161015 209 45 0
0.588693 0.194672 0.157856 209 45 0
0.587084 0.198145 0.154893 209 45 0
0.585149 0.201561 0.15207 209 45 0
0.586741 0.199679 0.153689 209 45 0
0.589249 0.197 0.156372 209 45 0
0.59127 0.19407 0.159235 209 45 0
0.593028 0.191084 0.162217 209 45 0
0.594652 0.187968 0.165143 209 45 0
0.596175 0.184793 0.168057 209 45 0
0.597863 0.184305 0.168704 209 45 0
0.600572 0.181267 0.171331 209 45 0
0.603023 0.178039 0.173992 209 45 0
0.606155 0.175192 0.176371 209 45 0
0.609161 0.172161 0.178679 209 45 0
0.61255 0.169398 0.18073 209 45 0
0.615601 0.169875 0.180535 209 45 0
0.620248 0.171064 0.179923 209 45 0
0.624747 0.172677 0.179115 209 45 0
0.629247 0.174315 0.178368 209 45 0
0.633755 0.175957 0.177683 209 45 0
0.638293 0.177585 0.177181 209 45 0
0.642974 0.178752 0.177054 209 45 0
0.640641 0.178003 0.177173 209 45 0
0.636117 0.175925 0.177928 209 45 0
0.631432 0.174161 0.178528 209 45 0
0.626788 0.172376 0.179354 209 45 0
0.622064 0.170799 0.180139 209 45 0
0.617346 0.169234 0.180985 209 45 0
0.61334 0.169177 0.180799 209 45 0
0.608724 0.167501 0.180962 210 44 0
0.604017 0.166078 0.180876 210 44 0
0.599315 0.164792 0.180214 210 44 0
0.594626 0.16387 0.179081 210 44 0
0.589959 0.163024 0.177776 210 44 0
0.589171 0.155619 0.181022 210 44 0
0.588793 0.151084 0.183072 210 44 0
0.588185 0.146523 0.185006 210 44 0
0.587597 0.141976 0.186979 210 44 0
0.587125 0.137445 0.18902 210 44 0
0.58662 0.132905 0.191032 210 44 0
0.586068 0.128339 0.192973 210 44 0
0.585488 0.123739 0.194825 210 44 0
0.584906 0.119111 0.196603 210 44 0
0.58465 0.114445 0.198353 210 44 0
0.584462 0.109724 0.19996 210 44 0
0.584184 0.104991 0.201519 210 44 0
0.583942 0.100201 0.202886 210 44 0
0.582952 0.0948565 0.203653 210 44 0
0.582894 0.0896424 0.204304 210 44 0
0.583069 0.0843866 0.204919 210 44 0
0.58278 0.0791211 0.205398 210 44 0
0.582981 0.0738639 0.206004 210 44 0
0.583242 0.0685999 0.20652 210 44 0
0.582842 0.0633308 0.206848 210 44 0
0.582543 0.0580589 0.20725 210 44 0
0.582425 0.0527788 0.20757 210 44 0
0.582594 0.0579822 0.207316 210 44 0
0.582813 0.0629988 0.20687 210 44 0
0.583249 0.06802 0.206544 210 44 0
0.583464 0.0730531 0.206181 210 44 0
0.583706 0.078078 0.205733 210 44 0
0.584002 0.0831004 0.205288 210 44 0
0.584038 0.088136 0.204901 210 44 0
0.583512 0.0957341 0.203606 210 44 0
0.583291 0.100479 0.202362 210 44 0
0.583122 0.105183 0.200964 210 44 0
0.583142 0.109883 0.199551 210 44 0
0.583321 0.114513 0.197928 210 44 0
0.583486 0.11907 0.196105 210 44 0
0.583708 0.123584 0.194185 210 44 0
0.584119 0.128079 0.19225 210 44 0
0.584388 0.132541 0.190215 210 44 0
0.584863 0.136997 0.188206 210 44 0
0.585359 0.141447 0.186188 210 44 0
0.585665 0.145902 0.184146 210 44 0
0.586065 0.150378 0.18217 210 44 0
0.586479 0.15485 0.180193 210 44 0
0.587278 0.156759 0.179634 210 44 0
0.589003 0.161592 0.17815 210 44 0
0.590539 0.166461 0.176569 211 43 0
0.592525 0.1712 0.175093 211 43 0
0.594289 0.175845 0.173127 211 43 0
0.596347 0.18034 0.171111 211 43 0
0.594881 0.181195 0.170266 211 43 0
0.593186 0.184596 0.16727 211 43 0
0.591405 0.187868 0.164184 211 43 0
0.590188 0.191322 0.161015 211 43 0
0.588693 0.194672 0.157856 211 43 0
0.587084 0.198145 0.154893 211 43 0
0.585149 0.201561 0.15207 211 43 0
0.582877 0.206412 0.160514 211 43 0
0.518668 0.205435 0.128563 211 43 0
0.524048 0.201369 0.121179 211 43 0
0.510383 0.0892786 0.169202 211 43 0
0.508089 0.0986659 0.165274 211 43 0
0.507377 0.103324 0.163219 211 43 0
0.506934 0.107962 0.161036 211 43 0
0.506377 0.112535 0.158744 211 43 0
0.505903 0.117051 0.156324 211 43 0
0.505517 0.121528 0.153818 211 43 0
0.505171 0.125946 0.151203 211 43 0
0.504882 0.130319 0.148508 211 43 0
0.504708 0.134704 0.145822 211 43 0
0.504513 0.139075 0.143116 211 43 0
0.504265 0.143421 0.140372 211 43 0
0.504009 0.147756 0.137612 211 43 0
0.503691 0.152098 0.134869 211 43 0
0.503302 0.156489 0.132215 211 43 0
0.502915 0.160927 0.129641 211 43 0
0.502658 0.165406 0.127122 211 43 0
0.502218 0.169878 0.124622 211 43 0
0.499995 0.168907 0.123493 211 43 0
0.496123 0.167566 0.121697 211 43 0
0.492273 0.16605 0.119992 211 43 0
0.488461 0.164837 0.117992 211 43 0
0.484673 0.16352 0.11601 211 43 0
0.482418 0.164394 0.113694 211 43 0
0.479477 0.165427 0.11034 211 43 0
0.476807 0.16669 0.106837 211 43 0
0.474369 0.168044 0.103196 211 43 0
0.471955 0.169198 0.0994716 211 43 0
0.469557 0.170117 0.0956735 211 43 0
0.467122 0.170871 0.0918629 211 43 0
0.468248 0.170141 0.0940427 211 43 0
0.47045 0.168952 0.0978176 211 43 0
0.472611 0.167631 0.101573 211 43 0
0.475091 0.166564 0.105208 211 43 0
0.477705 0.165378 0.108709 211 43 0
0.480628 0.164575 0.112042 212 42 0
0.482418 0.164394 0.113694 212 42 0
0.486361 0.163267 0.117332 212 42 0
0.490406 0.162132 0.120854 212 42 0
0.494536 0.160901 0.124232 212 42 0
0.498776 0.159714 0.127486 212 42 0
0.498207 0.152171 0.130984 212 42 0
0.497709 0.147655 0.133156 212 42 0
0.497048 0.143172 0.135351 212 42 0
0.496342 0.138709 0.137573 212 42 0
0.495648 0.13428 0.139864 212 42 0
0.495086 0.129876 0.14224 212 42 0
0.49435 0.125426 0.144478 212 42 0
0.493652 0.120956 0.146688 212 42 0
0.492997 0.116425 0.148785 212 42 0
0.492527 0.111839 0.150807 212 42 0
0.492196 0.10718 0.152684 212 42 0
0.491988 0.102501 0.154531 212 42 0
0.491666 0.0976972 0.155998 212 42 0
0.490539 0.0930695 0.156587 212 42 0
0.490704 0.088157 0.157806 212 42 0
0.490594 0.0832088 0.158891 212 42 0
0.490396 0.0782288 0.159804 212 42 0
0.49026 0.0732234 0.160578 212 42 0
0.489917 0.0681889 0.16103 212 42 0
0.489613 0.0631399 0.161329 212 42 0
0.489406 0.058078 0.161416 212 42 0
0.489368 0.0530117 0.161474 212 42 0
0.489345 0.0556786 0.161509 212 42 0
0.489413 0.0610393 0.161405 212 42 0
0.489659 0.0663913 0.161237 212 42 0
0.490127 0.071716 0.160848 212 42 0
0.490664 0.0770151 0.160231 212 42 0
0.491104 0.0823002 0.159448 212 42 0
0.491447 0.0875864 0.158616 212 42 0
0.491842 0.095579 0.156696 212 42 0
0.492051 0.100545 0.155177 212 42 0
0.492651 0.105451 0.15356 212 42 0
0.493182 0.110328 0.151838 212 42 0
0.493695 0.115117 0.149877 212 42 0
0.494367 0.119844 0.147818 212 42 0
0.495247 0.124512 0.1457 212 42 0
0.49617 0.129146 0.143524 212 42 0
0.496942 0.133723 0.141179 212 42 0
0.497781 0.13831 0.138875 212 42 0
0.49854 0.142914 0.136579 212 42 0
0.499425 0.147537 0.13437 212 42 0
0.500156 0.152203 0.132193 212 42 0
0.500083 0.154792 0.130741 212 42 0
0.500631 0.159237 0.128823 213 41 0
0.501036 0.163666 0.126832 213 41 0
0.501162 0.168077 0.124764 213 41 0
0.501113 0.172469 0.122656 213 41 0
0.501161 0.17692 0.120682 213 41 0
0.503617 0.179152 0.121222 213 41 0
0.507022 0.183346 0.121236 213 41 0
0.510679 0.187333 0.121584 213 41 0
0.514485 0.191165 0.122019 213 41 0
0.5182 0.195079 0.122012 213 41 0
0.521936 0.198988 0.121711 213 41 0
0.519895 0.197883 0.121075 213 41 0
0.516554 0.194828 0.120838 213 41 0
0.513184 0.19182 0.120437 213 41 0
0.509976 0.188633 0.120088 213 41 0
0.506732 0.18549 0.119676 213 41 0
0.503504 0.182324 0.119331 213 41 0
0.500774 0.18084 0.118461 213 41 0
0.497345 0.177742 0.117789 213 41 0
0.493846 0.174768 0.116936 213 41 0
0.490645 0.171409 0.116367 213 41 0
0.487337 0.168213 0.115552 213 41 0
0.484142 0.164882 0.11487 213 41 0
0.482418 0.164394 0.113694 213 41 0
0.479824 0.166028 0.110295 213 41 0
0.477122 0.167282 0.106802 213 41 0
0.474679 0.168647 0.103158 213 41 0
0.472015 0.169302 0.0994751 213 41 0
0.469562 0.170115 0.0956802 213 41 0
0.467122 0.170871 0.0918629 213 41 0
0.468248 0.170141 0.0940427 213 41 0
0.47045 0.168952 0.0978176 213 41 0
0.472611 0.167631 0.101573 213 41 0
0.475091 0.166564 0.105208 213 41 0
0.477705 0.165378 0.108709 213 41 0
0.480628 0.164575 0.112042 213 41 0
0.482418 0.164394 0.113694 213 41 0
0.486361 0.163267 0.117332 213 41 0
0.490406 0.162132 0.120854 213 41 0
0.494536 0.160901 0.124232 213 41 0
0.498776 0.159714 0.127486 213 41 0
0.498207 0.152171 0.130984 213 41 0
0.497709 0.147655 0.133156 213 41 0
0.497048 0.143172 0.135351 213 41 0
0.496342 0.138709 0.137573 213 41 0
0.495648 0.13428 0.139864 213 41 0
0.495086 0.129876 0.14224 213 41 0
0.49435 0.125426 0.144478 213 41 0
0.493652 0.120956 0.146688 213 41 0
0.492997 0.116425 0.148785 214 40 0
0.492527 0.111839 0.150807 214 40 0
0.492196 0.10718 0.152684 214 40 0
0.491988 0.102501 0.154531 214 40 0
0.491666 0.0976972 0.155998 214 40 0
0.490539 0.0930695 0.156587 214 40 0
0.490704 0.088157 0.157806 214 40 0
0.490594 0.0832088 0.158891 214 40 0
0.490396 0.0782288 0.159804 214 40 0
0.49026 0.0732234 0.160578 214 40 0
0.489917 0.0681889 0.16103 214 40 0
0.489613 0.0631399 0.161329 214 40 0
0.489406 0.058078 0.161416 214 40 0
0.489368 0.0530117 0.161474 214 40 0
0.489345 0.0556786 0.161509 214 40 0
0.489413 0.0610393 0.161405 214 40 0
0.489659 0.0663913 0.161237 214 40 0
0.490127 0.071716 0.160848 214 40 0
0.490664 0.0770151 0.160231 214 40 0
0.491104 0.0823002 0.159448 214 40 0
0.491447 0.0875864 0.158616 214 40 0
0.491842 0.095579 0.156696 214 40 0
0.492051 0.100545 0.155177 214 40 0
0.492651 0.105451 0.15356 214 40 0
0.493182 0.110328 0.151838 214 40 0
0.493695 0.115117 0.149877 214 40 0
0.494367 0.119844 0.147818 214 40 0
0.495247 0.124512 0.1457 214 40 0
0.49617 0.129146 0.143524 214 40 0
0.496942 0.133723 0.141179 214 40 0
0.497781 0.13831 0.138875 214 40 0
0.49854 0.142914 0.136579 214 40 0
0.499425 0.147537 0.13437 214 40 0
0.500156 0.152203 0.132193 214 40 0
0.500083 0.154792 0.130741 214 40 0
0.500631 0.159237 0.128823 214 40 0
0.501036 0.163666 0.126832 214 40 0
0.501162 0.168077 0.124764 214 40 0
0.501113 0.172469 0.122656 214 40 0
0.501161 0.17692 0.120682 214 40 0
0.503617 0.179152 0.121222 214 40 0
0.507022 0.183346 0.121236 214 40 0
0.510679 0.187333 0.121584 214 40 0
0.514485 0.191165 0.122019 214 40 0
0.5182 0.195079 0.122012 214 40 0
0.521936 0.198988 0.121711 214 40 0
0.516496 0.203057 0.129048 214 40 0
0.581519 0.208926 0.158655 214 40 0
0.583704 0.203863 0.150312 214 40 0
0.585149 0.201561 0.15207 214 40 0
0.587141 0.198185 0.154938 215 39 0
0.588936 0.19479 0.157915 215 39 0
0.59098 0.191685 0.161046 215 39 0
0.593128 0.18861 0.164137 215 39 0
0.595707 0.185822 0.167138 215 39 0
0.59687 0.184068 0.168675 215 39 0
0.599954 0.181324 0.171173 215 39 0
0.602722 0.178318 0.173759 215 39 0
0.605467 0.175226 0.176265 215 39 0
0.608373 0.17215 0.178602 215 39 0
0.61154 0.169204 0.180747 215 39 0
0.615601 0.169875 0.180535 215 39 0
0.620248 0.171064 0.179923 215 39 0
0.624747 0.172677 0.179115 215 39 0
0.629247 0.174315 0.178368 215 39 0
0.633755 0.175957 0.177683 215 39 0
0.638293 0.177585 0.177181 215 39 0
0.642974 0.178752 0.177054 215 39 0
0.640641 0.178003 0.177173 215 39 0
0.636117 0.175925 0.177928 215 39 0
0.631432 0.174161 0.178528 215 39 0
0.626788 0.172376 0.179354 215 39 0
0.622064 0.170799 0.180139 215 39 0
0.617346 0.169234 0.180985 215 39 0
0.61334 0.169177 0.180799 215 39 0
0.608724 0.167501 0.180962 215 39 0
0.604017 0.166078 0.180876 215 39 0
0.599315 0.164792 0.180214 215 39 0
0.594626 0.16387 0.179081 215 39 0
0.589959 0.163024 0.177776 215 39 0
0.589171 0.155619 0.181022 215 39 0
0.588793 0.151084 0.183072 215 39 0
0.588185 0.146523 0.185006 215 39 0
0.587597 0.141976 0.186979 215 39 0
0.587125 0.137445 0.18902 215 39 0
0.58662 0.132905 0.191032 215 39 0
0.586068 0.128339 0.192973 215 39 0
0.585488 0.123739 0.194825 215 39 0
0.584906 0.119111 0.196603 215 39 0
0.58465 0.114445 0.198353 215 39 0
0.584462 0.109724 0.19996 215 39 0
0.584184 0.104991 0.201519 215 39 0
0.583942 0.100201 0.202886 215 39 0
0.582952 0.0948565 0.203653 215 39 0
0.582894 0.0896424 0.204304 215 39 0
0.583069 0.0843866 0.204919 215 39 0
0.58278 0.0791211 0.205398 215 39 0
0.582981 0.0738639 0.206004 215 39 0
0.583242 0.0685999 0.20652 215 39 0
0.582842 0.0633308 0.206848 216 38 0
0.582543 0.0580589 0.20725 216 38 0
0.582425 0.0527788 0.20757 216 38 0
0.582594 0.0579822 0.207316 216 38 0
0.582813 0.0629988 0.20687 216 38 0
0.583249 0.06802 0.206544 216 38 0
0.583464 0.0730531 0.206181 216 38 0
0.583706 0.078078 0.205733 216 38 0
0.584002 0.0831004 0.205288 216 38 0
0.584038 0.088136 0.204901 216 38 0
0.583512 0.0957341 0.203606 216 38 0
0.583291 0.100479 0.202362 216 38 0
0.583122 0.105183 0.200964 216 38 0
0.583142 0.109883 0.199551 216 38 0
0.583321 0.114513 0.197928 216 38 0
0.583486 0.11907 0.196105 216 38 0
0.583708 0.123584 0.194185 216 38 0
0.584119 0.128079 0.19225 216 38 0
0.584388 0.132541 0.190215 216 38 0
0.584863 0.136997 0.188206 216 38 0
0.585359 0.141447 0.186188 216 38 0
0.585665 0.145902 0.184146 216 38 0
0.586065 0.150378 0.18217 216 38 0
0.586479 0.15485 0.180193 216 38 0
0.587278 0.156759 0.179634 216 38 0
0.589003 0.161592 0.17815 216 38 0
0.590539 0.166461 0.176569 216 38 0
0.592525 0.1712 0.175093 216 38 0
0.594289 0.175845 0.173127 216 38 0
0.596347 0.18034 0.171111 216 38 0
0.594881 0.181195 0.170266 216 38 0
0.593186 0.184596 0.16727 216 38 0
0.591405 0.187868 0.164184 216 38 0
0.590188 0.191322 0.161015 216 38 0
0.588693 0.194672 0.157856 216 38 0
0.587084 0.198145 0.154893 216 38 0
0.585149 0.201561 0.15207 216 38 0
0.586741 0.199679 0.153689 216 38 0
0.589249 0.197 0.156372 216 38 0
0.59127 0.19407 0.159235 216 38 0
0.593028 0.191084 0.162217 216 38 0
0.594652 0.187968 0.165143 216 38 0
0.596175 0.184793 0.168057 216 38 0
0.597863 0.184305 0.168704 216 38 0
0.600572 0.181267 0.171331 216 38 0
0.603023 0.178039 0.173992 216 38 0
0.606155 0.175192 0.176371 216 38 0
0.609161 0.172161 0.178679 216 38 0
0.61255 0.169398 0.18073 216 38 0
0.615601 0.169875 0.180535 217 37 0
0.620248 0.171064 0.179923 217 37 0
0.624747 0.172677 0.179115 217 37 0
0.629247 0.174315 0.178368 217 37 0
0.633755 0.175957 0.177683 217 37 0
0.638293 0.177585 0.177181 217 37 0
0.642974 0.178752 0.177054 217 37 0
0.640641 0.178003 0.177173 217 37 0
0.636117 0.175925 0.177928 217 37 0
0.631432 0.174161 0.178528 217 37 0
0.626788 0.172376 0.179354 217 37 0
0.622064 0.170799 0.180139 217 37 0
0.617346 0.169234 0.180985 217 37 0
0.61334 0.169177 0.180799 217 37 0
0.608724 0.167501 0.180962 217 37 0
0.604017 0.166078 0.180876 217 37 0
0.599315 0.164792 0.180214 217 37 0
0.594626 0.16387 0.179081 217 37 0
0.589959 0.163024 0.177776 217 37 0
0.589171 0.155619 0.181022 217 37 0
0.588793 0.151084 0.183072 217 37 0
0.588185 0.146523 0.185006 217 37 0
0.587597 0.141976 0.186979 217 37 0
0.587125 0.137445 0.18902 217 37 0
0.58662 0.132905 0.191032 217 37 0
0.586068 0.128339 0.192973 217 37 0
0.585488 0.123739 0.194825 217 37 0
0.584906 0.119111 0.196603 217 37 0
0.58465 0.114445 0.198353 217 37 0
0.584462 0.109724 0.19996 217 37 0
0.584184 0.104991 0.201519 217 37 0
0.583942 0.100201 0.202886 217 37 0
0.582952 0.0948565 0.203653 217 37 0
0.582894 0.0896424 0.204304 217 37 0
0.583069 0.0843866 0.204919 217 37 0
0.58278 0.0791211 0.205398 217 37 0
0.582981 0.0738639 0.206004 217 37 0
0.583242 0.0685999 0.20652 217 37 0
0.582842 0.0633308 0.206848 217 37 0
0.582543 0.0580589 0.20725 217 37 0
0.582425 0.0527788 0.20757 217 37 0
0.582594 0.0579822 0.207316 217 37 0
0.582813 0.0629988 0.20687 217 37 0
0.583249 0.06802 0.206544 217 37 0
0.583464 0.0730531 0.206181 217 37 0
0.583706 0.078078 0.205733 217 37 0
0.584002 0.0831004 0.205288 217 37 0
0.584038 0.088136 0.204901 217 37 0
0.583512 0.0957341 0.203606 217 37 0
0.583291 0.100479 0.202362 218 36 0
0.583122 0.105183 0.200964 218 36 0
0.583142 0.109883 0.199551 218 36 0
0.583321 0.114513 0.197928 218 36 0
0.583486 0.11907 0.196105 218 36 0
0.583708 0.123584 0.194185 218 36 0
0.584119 0.128079 0.19225 218 36 0
0.584388 0.132541 0.190215 218 36 0
0.584863 0.136997 0.188206 218 36 0
0.585359 0.141447 0.186188 218 36 0
0.585665 0.145902 0.184146 218 36 0
0.586065 0.150378 0.18217 218 36 0
0.586479 0.15485 0.180193 218 36 0
0.587278 0.156759 0.179634 218 36 0
0.589003 0.161592 0.17815 218 36 0
0.590539 0.166461 0.176569 218 36 0
0.592525 0.1712 0.175093 218 36 0
0.594289 0.175845 0.173127 218 36 0
0.596347 0.18034 0.171111 218 36 0
0.594881 0.181195 0.170266 218 36 0
0.593186 0.184596 0.16727 218 36 0
0.591405 0.187868 0.164184 218 36 0
0.590188 0.191322 0.161015 218 36 0
0.588693 0.194672 0.157856 218 36 0
0.587084 0.198145 0.154893 218 36 0
0.585149 0.201561 0.15207 218 36 0
0.582877 0.206412 0.160514 218 36 0
0.518668 0.205435 0.128563 218 36 0
0.524048 0.201369 0.121179 218 36 0
0.510383 0.0892786 0.169202 218 36 0
0.508089 0.0986659 0.165274 218 36 0
0.507377 0.103324 0.163219 218 36 0
0.506934 0.107962 0.161036 218 36 0
0.506377 0.112535 0.158744 218 36 0
0.505903 0.117051 0.156324 218 36 0
0.505517 0.121528 0.153818 218 36 0
0.505171 0.125946 0.151203 218 36 0
0.504882 0.130319 0.148508 218 36 0
0.504708 0.134704 0.145822 218 36 0
0.504513 0.139075 0.143116 218 36 0
0.504265 0.143421 0.140372 218 36 0
0.504009 0.147756 0.137612 218 36 0
0.503691 0.152098 0.134869 218 36 0
0.503302 0.156489 0.132215 218 36 0
0.502915 0.160927 0.129641 218 36 0
0.502658 0.165406 0.127122 218 36 0
0.502218 0.169878 0.124622 218 36 0
0.499995 0.168907 0.123493 218 36 0
0.496123 0.167566 0.121697 218 36 0
0.492273 0.16605 0.119992 218 36 0
0.488461 0.164837 0.117992 219 35 0
0.484673 0.16352 0.11601 219 35 0
0.482418 0.164394 0.113694 219 35 0
0.479477 0.165427 0.11034 219 35 0
0.476807 0.16669 0.106837 219 35 0
0.474369 0.168044 0.103196 219 35 0
0.471955 0.169198 0.0994716 219 35 0
0.469557 0.170117 0.0956735 219 35 0
0.467122 0.170871 0.0918629 219 35 0
0.468248 0.170141 0.0940427 219 35 0
0.47045 0.168952 0.0978176 219 35 0
0.472611 0.167631 0.101573 219 35 0
0.475091 0.166564 0.105208 219 35 0
0.477705 0.165378 0.108709 219 35 0
0.480628 0.164575 0.112042 219 35 0
0.482418 0.164394 0.113694 219 35 0
0.486361 0.163267 0.117332 219 35 0
0.490406 0.162132 0.120854 219 35 0
0.494536 0.160901 0.124232 219 35 0
0.498776 0.159714 0.127486 219 35 0
0.498207 0.152171 0.130984 219 35 0
0.497709 0.147655 0.133156 219 35 0
0.497048 0.143172 0.135351 219 35 0
0.496342 0.138709 0.137573 219 35 0
0.495648 0.13428 0.139864 219 35 0
0.495086 0.129876 0.14224 219 35 0
0.49435 0.125426 0.144478 219 35 0
0.493652 0.120956 0.146688 219 35 0
0.492997 0.116425 0.148785 219 35 0
0.492527 0.111839 0.150807 219 35 0
0.492196 0.10718 0.152684 219 35 0
0.491988 0.102501 0.154531 219 35 0
0.491666 0.0976972 0.155998 219 35 0
0.490539 0.0930695 0.156587 219 35 0
0.490704 0.088157 0.157806 219 35 0
0.490594 0.0832088 0.158891 219 35 0
0.490396 0.0782288 0.159804 219 35 0
0.49026 0.0732234 0.160578 219 35 0
0.489917 0.0681889 0.16103 219 35 0
0.489613 0.0631399 0.161329 219 35 0
0.489406 0.058078 0.161416 219 35 0
0.489368 0.0530117 0.161474 219 35 0
0.489345 0.0556786 0.161509 219 35 0
0.489413 0.0610393 0.161405 219 35 0
0.489659 0.0663913 0.161237 219 35 0
0.490127 0.071716 0.160848 219 35 0
0.490664 0.0770151 0.160231 219 35 0
0.491104 0.0823002 0.159448 219 35 0
0.491447 0.0875864 0.158616 219 35 0
0.491842 0.095579 0.156696 220 34 0
0.492051 0.100545 0.155177 220 34 0
0.492651 0.105451 0.15356 220 34 0
0.493182 0.110328 0.151838 220 34 0
0.493695 0.115117 0.149877 220 34 0
0.494367 0.119844 0.147818 220 34 0
0.495247 0.124512 0.1457 220 34 0
0.49617 0.129146 0.143524 220 34 0
0.496942 0.133723 0.141179 220 34 0
0.497781 0.13831 0.138875 220 34 0
0.49854 0.142914 0.136579 220 34 0
0.499425 0.147537 0.13437 220 34 0
0.500156 0.152203 0.132193 220 34 0
0.500083 0.154792 0.130741 220 34 0
0.500631 0.159237 0.128823 220 34 0
0.501036 0.163666 0.126832 220 34 0
0.501162 0.168077 0.124764 220 34 0
0.501113 0.172469 0.122656 220 34 0
0.501161 0.17692 0.120682 220 34 0
0.503617 0.179152 0.121222 220 34 0
0.507022 0.183346 0.121236 220 34 0
0.510679 0.187333 0.121584 220 34 0
0.514485 0.191165 0.122019 220 34 0
0.5182 0.195079 0.122012 220 34 0
0.521936 0.198988 0.121711 220 34 0
0.519895 0.197883 0.121075 220 34 0
0.516554 0.194828 0.120838 220 34 0
0.513184 0.19182 0.120437 220 34 0
0.509976 0.188633 0.120088 220 34 0
0.506732 0.18549 0.119676 220 34 0
0.503504 0.182324 0.119331 220 34 0
0.500774 0.18084 0.118461 220 34 0
0.497345 0.177742 0.117789 220 34 0
0.493846 0.174768 0.116936 220 34 0
0.490645 0.171409 0.116367 220 34 0
0.487337 0.168213 0.115552 220 34 0
0.484142 0.164882 0.11487 220 34 0
0.482418 0.164394 0.113694 220 34 0
0.479824 0.166028 0.110295 220 34 0
0.477122 0.167282 0.106802 220 34 0
0.474679 0.168647 0.103158 220 34 0
0.472015 0.169302 0.0994751 220 34 0
0.469562 0.170115 0.0956802 220 34 0
0.467122 0.170871 0.0918629 220 34 0
0.468248 0.170141 0.0940427 220 34 0
0.47045 0.168952 0.0978176 220 34 0
0.472611 0.167631 0.101573 220 34 0
0.475091 0.166564 0.105208 220 34 0
0.477705 0.165378 0.108709 220 34 0
0.480628 0.164575 0.112042 221 33 0
0.482418 0.164394 0.113694 221 33 0
0.486361 0.163267 0.117332 221 33 0
0.490406 0.162132 0.120854 221 33 0
0.494536 0.160901 0.124232 221 33 0
0.498776 0.159714 0.127486 221 33 0
0.498207 0.152171 0.130984 221 33 0
0.497709 0.147655 0.133156 221 33 0
0.497048 0.143172 0.135351 221 33 0
0.496342 0.138709 0.137573 221 33 0
0.495648 0.13428 0.139864 221 33 0
0.495086 0.129876 0.14224 221 33 0
0.49435 0.125426 0.144478 221 33 0
0.493652 0.120956 0.146688 221 33 0
0.492997 0.116425 0.148785 221 33 0
0.492527 0.111839 0.150807 221 33 0
0.492196 0.10718 0.152684 221 33 0
0.491988 0.102501 0.154531 221 33 0
0.491666 0.0976972 0.155998 221 33 0
0.490539 0.0930695 0.156587 221 33 0
0.490704 0.088157 0.157806 221 33 0
0.490594 0.0832088 0.158891 221 33 0
0.490396 0.0782288 0.159804 221 33 0
0.49026 0.0732234 0.160578 221 33 0
0.489917 0.0681889 0.16103 221 33 0
0.489613 0.0631399 0.161329 221 33 0
0.489406 0.058078 0.161416 221 33 0
0.489368 0.0530117 0.161474 221 33 0
0.489345 0.0556786 0.161509 221 33 0
0.489413 0.0610393 0.161405 221 33 0
0.489659 0.0663913 0.161237 221 33 0
0.490127 0.071716 0.160848 221 33 0
0.490664 0.0770151 0.160231 221 33 0
0.491104 0.0823002 0.159448 221 33 0
0.491447 0.0875864 0.158616 221 33 0
0.491842 0.095579 0.156696 221 33 0
0.492051 0.100545 0.155177 221 33 0
0.492651 0.105451 0.15356 221 33 0
0.493182 0.110328 0.151838 221 33 0
0.493695 0.115117 0.149877 221 33 0
0.494367 0.119844 0.147818 221 33 0
0.495247 0.124512 0.1457 221 33 0
0.49617 0.129146 0.143524 221 33 0
0.496942 0.133723 0.141179 221 33 0
0.497781 0.13831 0.138875 221 33 0
0.49854 0.142914 0.136579 221 33 0
0.499425 0.147537 0.13437 221 33 0
0.500156 0.152203 0.132193 221 33 0
0.500083 0.154792 0.130741 221 33 0
0.500631 0.159237 0.128823 221 33 0
0.501036 0.163666 0.126832 222 32 0
0.501162 0.168077 0.124764 222 32 0
0.501113 0.172469 0.122656 222 32 0
0.501161 0.17692 0.120682 222 32 0
0.503617 0.179152 0.121222 222 32 0
0.507022 0.183346 0.121236 222 32 0
0.510679 0.187333 0.121584 222 32 0
0.514485 0.191165 0.122019 222 32 0
0.5182 0.195079 0.122012 222 32 0
0.521936 0.198988 0.121711 222 32 0
0.516496 0.203057 0.129048 222 32 0
0.581519 0.208926 0.158655 222 32 0
0.583704 0.203863 0.150312 222 32 0
0.585149 0.201561 0.15207 222 32 0
0.587141 0.198185 0.154938 222 32 0
0.588936 0.19479 0.157915 222 32 0
0.59098 0.191685 0.161046 222 32 0
0.593128 0.18861 0.164137 222 32 0
0.595707 0.185822 0.167138 222 32 0
0.59687 0.184068 0.168675 222 32 0
0.599954 0.181324 0.171173 222 32 0
0.602722 0.178318 0.173759 222 32 0
0.605467 0.175226 0.176265 222 32 0
0.608373 0.17215 0.178602 222 32 0
0.61154 0.169204 0.180747 222 32 0
0.615601 0.169875 0.180535 222 32 0
0.620248 0.171064 0.179923 222 32 0
0.624747 0.172677 0.179115 222 32 0
0.629247 0.174315 0.178368 222 32 0
0.633755 0.175957 0.177683 222 32 0
0.638293 0.177585 0.177181 222 32 0
0.642974 0.178752 0.177054 222 32 0
0.640641 0.178003 0.177173 222 32 0
0.636117 0.175925 0.177928 222 32 0
0.631432 0.174161 0.178528 222 32 0
0.626788 0.172376 0.179354 222 32 0
0.622064 0.170799 0.180139 222 32 0
0.617346 0.169234 0.180985 222 32 0
0.61334 0.169177 0.180799 222 32 0
0.608724 0.167501 0.180962 222 32 0
0.604017 0.166078 0.180876 222 32 0
0.599315 0.164792 0.180214 222 32 0
0.594626 0.16387 0.179081 222 32 0
0.589959 0.163024 0.177776 222 32 0
0.589171 0.155619 0.181022 222 32 0
0.588793 0.151084 0.183072 222 32 0
0.588185 0.146523 0.185006 222 32 0
0.587597 0.141976 0.186979 222 32 0
0.587125 0.137445 0.18902 222 32 0
0.58662 0.132905 0.191032 223 31 0
0.586068 0.128339 0.192973 223 31 0
0.585488 0.123739 0.194825 223 31 0
0.584906 0.119111 0.196603 223 31 0
0.58465 0.114445 0.198353 223 31 0
0.584462 0.109724 0.19996 223 31 0
0.584184 0.104991 0.201519 223 31 0
0.583942 0.100201 0.202886 223 31 0
0.582952 0.0948565 0.203653 223 31 0
0.582894 0.0896424 0.204304 223 31 0
0.583069 0.0843866 0.204919 223 31 0
0.58278 0.0791211 0.205398 223 31 0
0.582981 0.0738639 0.206004 223 31 0
0.583242 0.0685999 0.20652 223 31 0
0.582842 0.0633308 0.206848 223 31 0
0.582543 0.0580589 0.20725 223 31 0
0.582425 0.0527788 0.20757 223 31 0
0.582594 0.0579822 0.207316 223 31 0
0.582813 0.0629988 0.20687 223 31 0
0.583249 0.06802 0.206544 223 31 0
0.583464 0.0730531 0.206181 223 31 0
0.583706 0.078078 0.205733 223 31 0
0.584002 0.0831004 0.205288 223 31 0
0.584038 0.088136 0.204901 223 31 0
0.583512 0.0957341 0.203606 223 31 0
0.583291 0.100479 0.202362 223 31 0
0.583122 0.105183 0.200964 223 31 0
0.583142 0.109883 0.199551 223 31 0
0.583321 0.114513 0.197928 223 31 0
0.583486 0.11907 0.196105 223 31 0
0.583708 0.123584 0.194185 223 31 0
0.584119 0.128079 0.19225 223 31 0
0.584388 0.132541 0.190215 223 31 0
0.584863 0.136997 0.188206 223 31 0
0.585359 0.141447 0.186188 223 31 0
0.585665 0.145902 0.184146 223 31 0
0.586065 0.150378 0.18217 223 31 0
0.586479 0.15485 0.180193 223 31 0
0.587278 0.156759 0.179634 223 31 0
0.589003 0.161592 0.17815 223 31 0
0.590539 0.166461 0.176569 223 31 0
0.592525 0.1712 0.175093 223 31 0
0.594289 0.175845 0.173127 223 31 0
0.596347 0.18034 0.171111 223 31 0
0.594881 0.181195 0.170266 223 31 0
0.593186 0.184596 0.16727 223 31 0
0.591405 0.187868 0.164184 223 31 0
0.590188 0.191322 0.161015 223 31 0
0.588693 0.194672 0.157856 223 31 0
0.587084 0.198145 0.154893 224 30 0
0.585149 0.201561 0.15207 224 30 0
0.586741 0.199679 0.153689 224 30 0
0.589249 0.197 0.156372 224 30 0
0.59127 0.19407 0.159235 224 30 0
0.593028 0.191084 0.162217 224 30 0
0.594652 0.187968 0.165143 224 30 0
0.596175 0.184793 0.168057 224 30 0
0.597863 0.184305 0.168704 224 30 0
0.600572 0.181267 0.171331 224 30 0
0.603023 0.178039 0.173992 224 30 0
0.606155 0.175192 0.176371 224 30 0
0.609161 0.172161 0.178679 224 30 0
0.61255 0.169398 0.18073 224 30 0
0.615601 0.169875 0.180535 224 30 0
0.620248 0.171064 0.179923 224 30 0
0.624747 0.172677 0.179115 224 30 0
0.629247 0.174315 0.178368 224 30 0
0.633755 0.175957 0.177683 224 30 0
0.638293 0.177585 0.177181 224 30 0
0.642974 0.178752 0.177054 224 30 0
0.640641 0.178003 0.177173 224 30 0
0.636117 0.175925 0.177928 224 30 0
0.631432 0.174161 0.178528 224 30 0
0.626788 0.172376 0.179354 224 30 0
0.622064 0.170799 0.180139 224 30 0
0.617346 0.169234 0.180985 224 30 0
0.61334 0.169177 0.180799 224 30 0
0.608724 0.167501 0.180962 224 30 0
0.604017 0.166078 0.180876 224 30 0
0.599315 0.164792 0.180214 224 30 0
0.594626 0.16387 0.179081 224 30 0
0.589959 0.163024 0.177776 224 30 0
0.589171 0.155619 0.181022 224 30 0
0.588793 0.151084 0.183072 224 30 0
0.588185 0.146523 0.185006 224 30 0
0.587597 0.141976 0.186979 224 30 0
0.587125 0.137445 0.18902 224 30 0
0.58662 0.132905 0.191032 224 30 0
0.586068 0.128339 0.192973 224 30 0
0.585488 0.123739 0.194825 224 30 0
0.584906 0.119111 0.196603 224 30 0
0.58465 0.114445 0.198353 224 30 0
0.584462 0.109724 0.19996 224 30 0
0.584184 0.104991 0.201519 224 30 0
0.583942 0.100201 0.202886 224 30 0
0.582952 0.0948565 0.203653 224 30 0
0.582894 0.0896424 0.204304 224 30 0
0.583069 0.0843866 0.204919 224 30 0
0.58278 0.0791211 0.205398 225 29 0
0.582981 0.0738639 0.206004 225 29 0
0.583242 0.0685999 0.20652 225 29 0
0.582842 0.0633308 0.206848 225 29 0
0.582543 0.0580589 0.20725 225 29 0
0.582425 0.0527788 0.20757 225 29 0
0.582594 0.0579822 0.207316 225 29 0
0.582813 0.0629988 0.20687 225 29 0
0.583249 0.06802 0.206544 225 29 0
0.583464 0.0730531 0.206181 225 29 0
0.583706 0.078078 0.205733 225 29 0
0.584002 0.0831004 0.205288 225 29 0
0.584038 0.088136 0.204901 225 29 0
0.583512 0.0957341 0.203606 225 29 0
0.583291 0.100479 0.202362 225 29 0
0.583122 0.105183 0.200964 225 29 0
0.583142 0.109883 0.199551 225 29 0
0.583321 0.114513 0.197928 225 29 0
0.583486 0.11907 0.196105 225 29 0
0.583708 0.123584 0.194185 225 29 0
0.584119 0.128079 0.19225 225 29 0
0.584388 0.132541 0.190215 225 29 0
0.584863 0.136997 0.188206 225 29 0
0.585359 0.141447 0.186188 225 29 0
0.585665 0.145902 0.184146 225 29 0
0.586065 0.150378 0.18217 225 29 0
0.586479 0.15485 0.180193 225 29 0
0.587278 0.156759 0.179634 225 29 0
0.589003 0.161592 0.17815 225 29 0
0.590539 0.166461 0.176569 225 29 0
0.592525 0.1712 0.175093 225 29 0
0.594289 0.175845 0.173127 225 29 0
0.596347 0.18034 0.171111 225 29 0
0.594881 0.181195 0.170266 225 29 0
0.593186 0.184596 0.16727 225 29 0
0.591405 0.187868 0.164184 225 29 0
0.590188 0.191322 0.161015 225 29 0
0.588693 0.194672 0.157856 225 29 0
0.587084 0.198145 0.154893 225 29 0
0.585149 0.201561 0.15207 225 29 0
0.582877 0.206412 0.160514 225 29 0
0.518668 0.205435 0.128563 225 29 0
0.524048 0.201369 0.121179 225 29 0
0.510383 0.0892786 0.169202 225 29 0
0.508089 0.0986659 0.165274 225 29 0
0.507377 0.103324 0.163219 225 29 0
0.506934 0.107962 0.161036 225 29 0
0.506377 0.112535 0.158744 225 29 0
0.505903 0.117051 0.156324 225 29 0
0.505517 0.121528 0.153818 225 29 0
0.505171 0.125946 0.151203 226 28 0
0.504882 0.130319 0.148508 226 28 0
0.504708 0.134704 0.145822 226 28 0
0.504513 0.139075 0.143116 226 28 0
0.504265 0.143421 0.140372 226 28 0
0.504009 0.147756 0.137612 226 28 0
0.503691 0.152098 0.134869 226 28 0
0.503302 0.156489 0.132215 226 28 0
0.502915 0.160927 0.129641 226 28 0
0.502658 0.165406 0.127122 226 28 0
0.502218 0.169878 0.124622 226 28 0
0.499995 0.168907 0.123493 226 28 0
0.496123 0.167566 0.121697 226 28 0
0.492273 0.16605 0.119992 226 28 0
0.488461 0.164837 0.117992 226 28 0
0.484673 0.16352 0.11601 226 28 0
0.482418 0.164394 0.113694 226 28 0
0.479477 0.165427 0.11034 226 28 0
0.476807 0.16669 0.106837 226 28 0
0.474369 0.168044 0.103196 226 28 0
0.471955 0.169198 0.0994716 226 28 0
0.469557 0.170117 0.0956735 226 28 0
0.467122 0.170871 0.0918629 226 28 0
0.468248 0.170141 0.0940427 226 28 0
0.47045 0.168952 0.0978176 226 28 0
0.472611 0.167631 0.101573 226 28 0
0.475091 0.166564 0.105208 226 28 0
0.477705 0.165378 0.108709 226 28 0
0.480628 0.164575 0.112042 226 28 0
0.482418 0.164394 0.113694 226 28 0
0.486361 0.163267 0.117332 226 28 0
0.490406 0.162132 0.120854 226 28 0
0.494536 0.160901 0.124232 226 28 0
0.498776 0.159714 0.127486 226 28 0
0.498207 0.152171 0.130984 226 28 0
0.497709 0.147655 0.133156 226 28 0
0.497048 0.143172 0.135351 226 28 0
0.496342 0.138709 0.137573 226 28 0
0.495648 0.13428 0.139864 226 28 0
0.495086 0.129876 0.14224 226 28 0
0.49435 0.125426 0.144478 226 28 0
0.493652 0.120956 0.146688 226 28 0
0.492997 0.116425 0.148785 226 28 0
0.492527 0.111839 0.150807 226 28 0
0.492196 0.10718 0.152684 226 28 0
0.491988 0.102501 0.154531 226 28 0
0.491666 0.0976972 0.155998 226 28 0
0.490539 0.0930695 0.156587 226 28 0
0.490704 0.088157 0.157806 226 28 0
0.490594 0.0832088 0.158891 227 27 0
0.490396 0.0782288 0.159804 227 27 0
0.49026 0.0732234 0.160578 227 27 0
0.489917 0.0681889 0.16103 227 27 0
0.489613 0.0631399 0.161329 227 27 0
0.489406 0.058078 0.161416 227 27 0
0.489368 0.0530117 0.161474 227 27 0
0.489345 0.0556786 0.161509 227 27 0
0.489413 0.0610393 0.161405 227 27 0
0.489659 0.0663913 0.161237 227 27 0
0.490127 0.071716 0.160848 227 27 0
0.490664 0.0770151 0.160231 227 27 0
0.491104 0.0823002 0.159448 227 27 0
0.491447 0.0875864 0.158616 227 27 0
0.491842 0.095579 0.156696 227 27 0
0.492051 0.100545 0.155177 227 27 0
0.492651 0.105451 0.15356 227 27 0
0.493182 0.110328 0.151838 227 27 0
0.493695 0.115117 0.149877 227 27 0
0.494367 0.119844 0.147818 227 27 0
0.495247 0.124512 0.1457 227 27 0
0.49617 0.129146 0.143524 227 27 0
0.496942 0.133723 0.141179 227 27 0
0.497781 0.13831 0.138875 227 27 0
0.49854 0.142914 0.136579 227 27 0
0.499425 0.147537 0.13437 227 27 0
0.500156 0.152203 0.132193 227 27 0
0.500083 0.154792 0.130741 227 27 0
0.500631 0.159237 0.128823 227 27 0
0.501036 0.163666 0.126832 227 27 0
0.501162 0.168077 0.124764 227 27 0
0.501113 0.172469 0.122656 227 27 0
0.501161 0.17692 0.120682 227 27 0
0.503617 0.179152 0.121222 227 27 0
0.507022 0.183346 0.121236 227 27 0
0.510679 0.187333 0.121584 227 27 0
0.514485 0.191165 0.122019 227 27 0
0.5182 0.195079 0.122012 227 27 0
0.521936 0.198988 0.121711 227 27 0
0.519895 0.197883 0.121075 227 27 0
0.516554 0.194828 0.120838 227 27 0
0.513184 0.19182 0.120437 227 27 0
0.509976 0.188633 0.120088 227 27 0
0.506732 0.18549 0.119676 227 27 0
0.503504 0.182324 0.119331 227 27 0
0.500774 0.18084 0.118461 227 27 0
0.497345 0.177742 0.117789 227 27 0
0.493846 0.174768 0.116936 227 27 0
0.490645 0.171409 0.116367 227 27 0
0.487337 0.168213 0.115552 228 26 0
0.484142 0.164882 0.11487 228 26 0
0.482418 0.164394 0.113694 228 26 0
0.479824 0.166028 0.110295 228 26 0
0.477122 0.167282 0.106802 228 26 0
0.474679 0.168647 0.103158 228 26 0
0.472015 0.169302 0.0994751 228 26 0
0.469562 0.170115 0.0956802 228 26 0
0.467122 0.170871 0.0918629 228 26 0
0.468248 0.170141 0.0940427 228 26 0
0.47045 0.168952 0.0978176 228 26 0
0.472611 0.167631 0.101573 228 26 0
0.475091 0.166564 0.105208 228 26 0
0.477705 0.165378 0.108709 228 26 0
0.480628 0.164575 0.112042 228 26 0
0.482418 0.164394 0.113694 228 26 0
0.486361 0.163267 0.117332 228 26 0
0.490406 0.162132 0.120854 228 26 0
0.494536 0.160901 0.124232 228 26 0
0.498776 0.159714 0.127486 228 26 0
0.498207 0.152171 0.130984 228 26 0
0.497709 0.147655 0.133156 228 26 0
0.497048 0.143172 0.135351 228 26 0
0.496342 0.138709 0.137573 228 26 0
0.495648 0.13428 0.139864 228 26 0
0.495086 0.129876 0.14224 228 26 0
0.49435 0.125426 0.144478 228 26 0
0.493652 0.120956 0.146688 228 26 0
0.492997 0.116425 0.148785 228 26 0
0.492527 0.111839 0.150807 228 26 0
0.492196 0.10718 0.152684 228 26 0
0.491988 0.102501 0.154531 228 26 0
0.491666 0.0976972 0.155998 228 26 0
0.490539 0.0930695 0.156587 228 26 0
0.490704 0.088157 0.157806 228 26 0
0.490594 0.0832088 0.158891 228 26 0
0.490396 0.0782288 0.159804 228 26 0
0.49026 0.0732234 0.160578 228 26 0
0.489917 0.0681889 0.16103 228 26 0
0.489613 0.0631399 0.161329 228 26 0
0.489406 0.058078 0.161416 228 26 0
0.489368 0.0530117 0.161474 228 26 0
0.489345 0.0556786 0.161509 228 26 0
0.489413 0.0610393 0.161405 228 26 0
0.489659 0.0663913 0.161237 228 26 0
0.490127 0.071716 0.160848 228 26 0
0.490664 0.0770151 0.160231 228 26 0
0.491104 0.0823002 0.159448 228 26 0
0.491447 0.0875864 0.158616 228 26 0
0.491842 0.095579 0.156696 229 25 0
0.492051 0.100545 0.155177 229 25 0
0.492651 0.105451 0.15356 229 25 0
0.493182 0.110328 0.151838 229 25 0
0.493695 0.115117 0.149877 229 25 0
0.494367 0.119844 0.147818 229 25 0
0.495247 0.124512 0.1457 229 25 0
0.49617 0.129146 0.143524 229 25 0
0.496942 0.133723 0.141179 229 25 0
0.497781 0.13831 0.138875 229 25 0
0.49854 0.142914 0.136579 229 25 0
0.499425 0.147537 0.13437 229 25 0
0.500156 0.152203 0.132193 229 25 0
0.500083 0.154792 0.130741 229 25 0
0.500631 0.159237 0.128823 229 25 0
0.501036 0.163666 0.126832 229 25 0
0.501162 0.168077 0.124764 229 25 0
0.501113 0.172469 0.122656 229 25 0
0.501161 0.17692 0.120682 229 25 0
0.503617 0.179152 0.121222 229 25 0
0.507022 0.183346 0.121236 229 25 0
0.510679 0.187333 0.121584 229 25 0
0.514485 0.191165 0.122019 229 25 0
0.5182 0.195079 0.122012 229 25 0
0.521936 0.198988 0.121711 229 25 0
0.516496 0.203057 0.129048 229 25 0
0.581519 0.208926 0.158655 229 25 0
0.583704 0.203863 0.150312 229 25 0
0.585149 0.201561 0.15207 229 25 0
0.587141 0.198185 0.154938 229 25 0
0.588936 0.19479 0.157915 229 25 0
0.59098 0.191685 0.161046 229 25 0
0.593128 0.18861 0.164137 229 25 0
0.595707 0.185822 0.167138 229 25 0
0.59687 0.184068 0.168675 229 25 0
0.599954 0.181324 0.171173 229 25 0
0.602722 0.178318 0.173759 229 25 0
0.605467 0.175226 0.176265 229 25 0
0.608373 0.17215 0.178602 229 25 0
0.61154 0.169204 0.180747 229 25 0
0.615601 0.169875 0.180535 229 25 0
0.620248 0.171064 0.179923 229 25 0
0.624747 0.172677 0.179115 229 25 0
0.629247 0.174315 0.178368 229 25 0
0.633755 0.175957 0.177683 229 25 0
0.638293 0.177585 0.177181 229 25 0
0.642974 0.178752 0.177054 229 25 0
0.640641 0.178003 0.177173 229 25 0
0.636117 0.175925 0.177928 229 25 0
0.631432 0.174161 0.178528 229 25 0
0.626788 0.172376 0.179354 230 24 0
0.622064 0.170799 0.180139 230 24 0
0.617346 0.169234 0.180985 230 24 0
0.61334 0.169177 0.180799 230 24 0
0.608724 0.167501 0.180962 230 24 0
0.604017 0.166078 0.180876 230 24 0
0.599315 0.164792 0.180214 230 24 0
0.594626 0.16387 0.179081 230 24 0
0.589959 0.163024 0.177776 230 24 0
0.589171 0.155619 0.181022 230 24 0
0.588793 0.151084 0.183072 230 24 0
0.588185 0.146523 0.185006 230 24 0
0.587597 0.141976 0.186979 230 24 0
0.587125 0.137445 0.18902 230 24 0
0.58662 0.132905 0.191032 230 24 0
0.586068 0.128339 0.192973 230 24 0
0.585488 0.123739 0.194825 230 24 0
0.584906 0.119111 0.196603 230 24 0
0.58465 0.114445 0.198353 230 24 0
0.584462 0.109724 0.19996 230 24 0
0.584184 0.104991 0.201519 230 24 0
0.583942 0.100201 0.202886 230 24 0
0.582952 0.0948565 0.203653 230 24 0
0.582894 0.0896424 0.204304 230 24 0
0.583069 0.0843866 0.204919 230 24 0
0.58278 0.0791211 0.205398 230 24 0
0.582981 0.0738639 0.206004 230 24 0
0.583242 0.0685999 0.20652 230 24 0
0.582842 0.0633308 0.206848 230 24 0
0.582543 0.0580589 0.20725 230 24 0
0.582425 0.0527788 0.20757 230 24 0
0.582594 0.0579822 0.207316 230 24 0
0.582813 0.0629988 0.20687 230 24 0
0.583249 0.06802 0.206544 230 24 0
0.583464 0.0730531 0.206181 230 24 0
0.583706 0.078078 0.205733 230 24 0
0.584002 0.0831004 0.205288 230 24 0
0.584038 0.088136 0.204901 230 24 0
0.583512 0.0957341 0.203606 230 24 0
0.583291 0.100479 0.202362 230 24 0
0.583122 0.105183 0.200964 230 24 0
0.583142 0.109883 0.199551 230 24 0
0.583321 0.114513 0.197928 230 24 0
0.583486 0.11907 0.196105 230 24 0
0.583708 0.123584 0.194185 230 24 0
0.584119 0.128079 0.19225 230 24 0
0.584388 0.132541 0.190215 230 24 0
0.584863 0.136997 0.188206 230 24 0
0.585359 0.141447 0.186188 230 24 0
0.585665 0.145902 0.184146 231 23 0
0.586065 0.150378 0.18217 231 23 0
0.586479 0.15485 0.180193 231 23 0
0.587278 0.156759 0.179634 231 23 0
0.589003 0.161592 0.17815 231 23 0
0.590539 0.166461 0.176569 231 23 0
0.592525 0.1712 0.175093 231 23 0
0.594289 0.175845 0.173127 231 23 0
0.596347 0.18034 0.171111 231 23 0
0.594881 0.181195 0.170266 231 23 0
0.593186 0.184596 0.16727 231 23 0
0.591405 0.187868 0.164184 231 23 0
0.590188 0.191322 0.161015 231 23 0
0.588693 0.194672 0.157856 231 23 0
0.587084 0.198145 0.154893 231 23 0
0.585149 0.201561 0.15207 231 23 0
0.586741 0.199679 0.153689 231 23 0
0.589249 0.197 0.156372 231 23 0
0.59127 0.19407 0.159235 231 23 0
0.593028 0.191084 0.162217 231 23 0
0.594652 0.187968 0.165143 231 23 0
0.596175 0.184793 0.168057 231 23 0
0.597863 0.184305 0.168704 231 23 0
0.600572 0.181267 0.171331 231 23 0
0.603023 0.178039 0.173992 231 23 0
0.606155 0.175192 0.176371 231 23 0
0.609161 0.172161 0.178679 231 23 0
0.61255 0.169398 0.18073 231 23 0
0.615601 0.169875 0.180535 231 23 0
0.620248 0.171064 0.179923 231 23 0
0.624747 0.172677 0.179115 231 23 0
0.629247 0.174315 0.178368 231 23 0
0.633755 0.175957 0.177683 231 23 0
0.638293 0.177585 0.177181 231 23 0
0.642974 0.178752 0.177054 231 23 0
0.640641 0.178003 0.177173 231 23 0
0.636117 0.175925 0.177928 231 23 0
0.631432 0.174161 0.178528 231 23 0
0.626788 0.172376 0.179354 231 23 0
0.622064 0.170799 0.180139 231 23 0
0.617346 0.169234 0.180985 231 23 0
0.61334 0.169177 0.180799 231 23 0
0.608724 0.167501 0.180962 231 23 0
0.604017 0.166078 0.180876 231 23 0
0.599315 0.164792 0.180214 231 23 0
0.594626 0.16387 0.179081 231 23 0
0.589959 0.163024 0.177776 231 23 0
0.589171 0.155619 0.181022 231 23 0
0.588793 0.151084 0.183072 231 23 0
0.588185 0.146523 0.185006 232 22 0
0.587597 0.141976 0.186979 232 22 0
0.587125 0.137445 0.18902 232 22 0
0.58662 0.132905 0.191032 232 22 0
0.586068 0.128339 0.192973 232 22 0
0.585488 0.123739 0.194825 232 22 0
0.584906 0.119111 0.196603 232 22 0
0.58465 0.114445 0.198353 232 22 0
0.584462 0.109724 0.19996 232 22 0
0.584184 0.104991 0.201519 232 22 0
0.583942 0.100201 0.202886 232 22 0
0.582952 0.0948565 0.203653 232 22 0
0.582894 0.0896424 0.204304 232 22 0
0.583069 0.0843866 0.204919 232 22 0
0.58278 0.0791211 0.205398 232 22 0
0.582981 0.0738639 0.206004 232 22 0
0.583242 0.0685999 0.20652 232 22 0
0.582842 0.0633308 0.206848 232 22 0
0.582543 0.0580589 0.20725 232 22 0
0.582425 0.0527788 0.20757 232 22 0
0.582594 0.0579822 0.207316 232 22 0
0.582813 0.0629988 0.20687 232 22 0
0.583249 0.06802 0.206544 232 22 0
0.583464 0.0730531 0.206181 232 22 0
0.583706 0.078078 0.205733 232 22 0
0.584002 0.0831004 0.205288 232 22 0
0.584038 0.088136 0.204901 232 22 0
0.583512 0.0957341 0.203606 232 22 0
0.583291 0.100479 0.202362 232 22 0
0.583122 0.105183 0.200964 232 22 0
0.583142 0.109883 0.199551 232 22 0
0.583321 0.114513 0.197928 232 22 0
0.583486 0.11907 0.196105 232 22 0
0.583708 0.123584 0.194185 232 22 0
0.584119 0.128079 0.19225 232 22 0
0.584388 0.132541 0.190215 232 22 0
0.584863 0.136997 0.188206 232 22 0
0.585359 0.141447 0.186188 232 22 0
0.585665 0.145902 0.184146 232 22 0
0.586065 0.150378 0.18217 232 22 0
0.586479 0.15485 0.180193 232 22 0
0.587278 0.156759 0.179634 232 22 0
0.589003 0.161592 0.17815 232 22 0
0.590539 0.166461 0.176569 232 22 0
0.592525 0.1712 0.175093 232 22 0
0.594289 0.175845 0.173127 232 22 0
0.596347 0.18034 0.171111 232 22 0
0.594881 0.181195 0.170266 232 22 0
0.593186 0.184596 0.16727 232 22 0
0.591405 0.187868 0.164184 232 22 0
0.590188 0.191322 0.161015 233 21 0
0.588693 0.194672 0.157856 233 21 0
0.587084 0.198145 0.154893 233 21 0
0.585149 0.201561 0.15207 233 21 0
0.582877 0.206412 0.160514 233 21 0
0.518668 0.205435 0.128563 233 21 0
0.524048 0.201369 0.121179 233 21 0
0.510383 0.0892786 0.169202 233 21 0
0.508089 0.0986659 0.165274 233 21 0
0.507377 0.103324 0.163219 233 21 0
0.506934 0.107962 0.161036 233 21 0
0.506377 0.112535 0.158744 233 21 0
0.505903 0.117051 0.156324 233 21 0
0.505517 0.121528 0.153818 233 21 0
0.505171 0.125946 0.151203 233 21 0
0.504882 0.130319 0.148508 233 21 0
0.504708 0.134704 0.145822 233 21 0
0.504513 0.139075 0.143116 233 21 0
0.504265 0.143421 0.140372 233 21 0
0.504009 0.147756 0.137612 233 21 0
0.503691 0.152098 0.134869 233 21 0
0.503302 0.156489 0.132215 233 21 0
0.502915 0.160927 0.129641 233 21 0
0.502658 0.165406 0.127122 233 21 0
0.502218 0.169878 0.124622 233 21 0
0.499995 0.168907 0.123493 233 21 0
0.496123 0.167566 0.121697 233 21 0
0.492273 0.16605 0.119992 233 21 0
0.488461 0.164837 0.117992 233 21 0
0.484673 0.16352 0.11601 233 21 0
0.482418 0.164394 0.113694 233 21 0
0.479477 0.165427 0.11034 233 21 0
0.476807 0.16669 0.106837 233 21 0
0.474369 0.168044 0.103196 233 21 0
0.471955 0.169198 0.0994716 233 21 0
0.469557 0.170117 0.0956735 233 21 0
0.467122 0.170871 0.0918629 233 21 0
0.468248 0.170141 0.0940427 233 21 0
0.47045 0.168952 0.0978176 233 21 0
0.472611 0.167631 0.101573 233 21 0
0.475091 0.166564 0.105208 233 21 0
0.477705 0.165378 0.108709 233 21 0
0.480628 0.164575 0.112042 233 21 0
0.482418 0.164394 0.113694 233 21 0
0.486361 0.163267 0.117332 233 21 0
0.490406 0.162132 0.120854 233 21 0
0.494536 0.160901 0.124232 233 21 0
0.498776 0.159714 0.127486 233 21 0
0.498207 0.152171 0.130984 233 21 0
0.497709 0.147655 0.133156 234 20 0
0.497048 0.143172 0.135351 234 20 0
0.496342 0.138709 0.137573 234 20 0
0.495648 0.13428 0.139864 234 20 0
0.495086 0.129876 0.14224 234 20 0
0.49435 0.125426 0.144478 234 20 0
0.493652 0.120956 0.146688 234 20 0
0.492997 0.116425 0.148785 234 20 0
0.492527 0.111839 0.150807 234 20 0
0.492196 0.10718 0.152684 234 20 0
0.491988 0.102501 0.154531 234 20 0
0.491666 0.0976972 0.155998 234 20 0
0.490539 0.0930695 0.156587 234 20 0
0.490704 0.088157 0.157806 234 20 0
0.490594 0.0832088 0.158891 234 20 0
0.490396 0.0782288 0.159804 234 20 0
0.49026 0.0732234 0.160578 234 20 0
0.489917 0.0681889 0.16103 234 20 0
0.489613 0.0631399 0.161329 234 20 0
0.489406 0.058078 0.161416 234 20 0
0.489368 0.0530117 0.161474 234 20 0
0.489345 0.0556786 0.161509 234 20 0
0.489413 0.0610393 0.161405 234 20 0
0.489659 0.0663913 0.161237 234 20 0
0.490127 0.071716 0.160848 234 20 0
0.490664 0.0770151 0.160231 234 20 0
0.491104 0.0823002 0.159448 234 20 0
0.491447 0.0875864 0.158616 234 20 0
0.491842 0.095579 0.156696 234 20 0
0.492051 0.100545 0.155177 234 20 0
0.492651 0.105451 0.15356 234 20 0
0.493182 0.110328 0.151838 234 20 0
0.493695 0.115117 0.149877 234 20 0
0.494367 0.119844 0.147818 234 20 0
0.495247 0.124512 0.1457 234 20 0
0.49617 0.129146 0.143524 234 20 0
0.496942 0.133723 0.141179 234 20 0
0.497781 0.13831 0.138875 234 20 0
0.49854 0.142914 0.136579 234 20 0
0.499425 0.147537 0.13437 234 20 0
0.500156 0.152203 0.132193 234 20 0
0.500083 0.154792 0.130741 234 20 0
0.500631 0.159237 0.128823 234 20 0
0.501036 0.163666 0.126832 234 20 0
0.501162 0.168077 0.124764 234 20 0
0.501113 0.172469 0.122656 234 20 0
0.501161 0.17692 0.120682 234 20 0
0.503617 0.179152 0.121222 234 20 0
0.507022 0.183346 0.121236 234 20 0
0.510679 0.187333 0.121584 235 19 0
0.514485 0.191165 0.122019 235 19 0
0.5182 0.195079 0.122012 235 19 0
0.521936 0.198988 0.121711 235 19 0
0.519895 0.197883 0.121075 235 19 0
0.516554 0.194828 0.120838 235 19 0
0.513184 0.19182 0.120437 235 19 0
0.509976 0.188633 0.120088 235 19 0
0.506732 0.18549 0.119676 235 19 0
0.503504 0.182324 0.119331 235 19 0
0.500774 0.18084 0.118461 235 19 0
0.497345 0.177742 0.117789 235 19 0
0.493846 0.174768 0.116936 235 19 0
0.490645 0.171409 0.116367 235 19 0
0.487337 0.168213 0.115552 235 19 0
0.484142 0.164882 0.11487 235 19 0
0.482418 0.164394 0.113694 235 19 0
0.479824 0.166028 0.110295 235 19 0
0.477122 0.167282 0.106802 235 19 0
0.474679 0.168647 0.103158 235 19 0
0.472015 0.169302 0.0994751 235 19 0
0.469562 0.170115 0.0956802 235 19 0
0.467122 0.170871 0.0918629 235 19 0
0.468248 0.170141 0.0940427 235 19 0
0.47045 0.168952 0.0978176 235 19 0
0.472611 0.167631 0.101573 235 19 0
0.475091 0.166564 0.105208 235 19 0
0.477705 0.165378 0.108709 235 19 0
0.480628 0.164575 0.112042 235 19 0
0.482418 0.164394 0.113694 235 19 0
0.486361 0.163267 0.117332 235 19 0
0.490406 0.162132 0.120854 235 19 0
0.494536 0.160901 0.124232 235 19 0
0.498776 0.159714 0.127486 235 19 0
0.498207 0.152171 0.130984 235 19 0
0.497709 0.147655 0.133156 235 19 0
0.497048 0.143172 0.135351 235 19 0
0.496342 0.138709 0.137573 235 19 0
0.495648 0.13428 0.139864 235 19 0
0.495086 0.129876 0.14224 235 19 0
0.49435 0.125426 0.144478 235 19 0
0.493652 0.120956 0.146688 235 19 0
0.492997 0.116425 0.148785 235 19 0
0.492527 0.111839 0.150807 235 19 0
0.492196 0.10718 0.152684 235 19 0
0.491988 0.102501 0.154531 235 19 0
0.491666 0.0976972 0.155998 235 19 0
0.490539 0.0930695 0.156587 235 19 0
0.490704 0.088157 0.157806 235 19 0
0.490594 0.0832088 0.158891 236 18 0
0.490396 0.0782288 0.159804 236 18 0
0.49026 0.0732234 0.160578 236 18 0
0.489917 0.0681889 0.16103 236 18 0
0.489613 0.0631399 0.161329 236 18 0
0.489406 0.058078 0.161416 236 18 0
0.489368 0.0530117 0.161474 236 18 0
0.489345 0.0556786 0.161509 236 18 0
0.489413 0.0610393 0.161405 236 18 0
0.489659 0.0663913 0.161237 236 18 0
0.490127 0.071716 0.160848 236 18 0
0.490664 0.0770151 0.160231 236 18 0
0.491104 0.0823002 0.159448 236 18 0
0.491447 0.0875864 0.158616 236 18 0
0.491842 0.095579 0.156696 236 18 0
0.492051 0.100545 0.155177 236 18 0
0.492651 0.105451 0.15356 236 18 0
0.493182 0.110328 0.151838 236 18 0
0.493695 0.115117 0.149877 236 18 0
0.494367 0.119844 0.147818 236 18 0
0.495247 0.124512 0.1457 236 18 0
0.49617 0.129146 0.143524 236 18 0
0.496942 0.133723 0.141179 236 18 0
0.497781 0.13831 0.138875 236 18 0
0.49854 0.142914 0.136579 236 18 0
0.499425 0.147537 0.13437 236 18 0
0.500156 0.152203 0.132193 236 18 0
0.500083 0.154792 0.130741 236 18 0
0.500631 0.159237 0.128823 236 18 0
0.501036 0.163666 0.126832 236 18 0
0.501162 0.168077 0.124764 236 18 0
0.501113 0.172469 0.122656 236 18 0
0.501161 0.17692 0.120682 236 18 0
0.503617 0.179152 0.121222 236 18 0
0.507022 0.183346 0.121236 236 18 0
0.510679 0.187333 0.121584 236 18 0
0.514485 0.191165 0.122019 236 18 0
0.5182 0.195079 0.122012 236 18 0
0.521936 0.198988 0.121711 236 18 0
0.516496 0.203057 0.129048 236 18 0
0.581519 0.208926 0.158655 236 18 0
0.583704 0.203863 0.150312 236 18 0
0.585149 0.201561 0.15207 236 18 0
0.587141 0.198185 0.154938 236 18 0
0.588936 0.19479 0.157915 236 18 0
0.59098 0.191685 0.161046 236 18 0
0.593128 0.18861 0.164137 236 18 0
0.595707 0.185822 0.167138 236 18 0
0.59687 0.184068 0.168675 236 18 0
0.599954 0.181324 0.171173 236 18 0
0.602722 0.178318 0.173759 237 17 0
0.605467 0.175226 0.176265 237 17 0
0.608373 0.17215 0.178602 237 17 0
0.61154 0.169204 0.180747 237 17 0
0.615601 0.169875 0.180535 237 17 0
0.620248 0.171064 0.179923 237 17 0
0.624747 0.172677 0.179115 237 17 0
0.629247 0.174315 0.178368 237 17 0
0.633755 0.175957 0.177683 237 17 0
0.638293 0.177585 0.177181 237 17 0
0.642974 0.178752 0.177054 237 17 0
0.640641 0.178003 0.177173 237 17 0
0.636117 0.175925 0.177928 237 17 0
0.631432 0.174161 0.178528 237 17 0
0.626788 0.172376 0.179354 237 17 0
0.622064 0.170799 0.180139 237 17 0
0.617346 0.169234 0.180985 237 17 0
0.61334 0.169177 0.180799 237 17 0
0.608724 0.167501 0.180962 237 17 0
0.604017 0.166078 0.180876 237 17 0
0.599315 0.164792 0.180214 237 17 0
0.594626 0.16387 0.179081 237 17 0
0.589959 0.163024 0.177776 237 17 0
0.589171 0.155619 0.181022 237 17 0
0.588793 0.151084 0.183072 237 17 0
0.588185 0.146523 0.185006 237 17 0
0.587597 0.141976 0.186979 237 17 0
0.587125 0.137445 0.18902 237 17 0
0.58662 0.132905 0.191032 237 17 0
0.586068 0.128339 0.192973 237 17 0
0.585488 0.123739 0.194825 237 17 0
0.584906 0.119111 0.196603 237 17 0
0.58465 0.114445 0.198353 237 17 0
0.584462 0.109724 0.19996 237 17 0
0.584184 0.104991 0.201519 237 17 0
0.583942 0.100201 0.202886 237 17 0
0.582952 0.0948565 0.203653 237 17 0
0.582894 0.0896424 0.204304 237 17 0
0.583069 0.0843866 0.204919 237 17 0
0.58278 0.0791211 0.205398 237 17 0
0.582981 0.0738639 0.206004 237 17 0
0.583242 0.0685999 0.20652 237 17 0
0.582842 0.0633308 0.206848 237 17 0
0.582543 0.0580589 0.20725 237 17 0
0.582425 0.0527788 0.20757 237 17 0
0.582594 0.0579822 0.207316 237 17 0
0.582813 0.0629988 0.20687 237 17 0
0.583249 0.06802 0.206544 237 17 0
0.583464 0.0730531 0.206181 237 17 0
0.583706 0.078078 0.205733 238 16 0
0.584002 0.0831004 0.205288 238 16 0
0.584038 0.088136 0.204901 238 16 0
0.583512 0.0957341 0.203606 238 16 0
0.583291 0.100479 0.202362 238 16 0
0.583122 0.105183 0.200964 238 16 0
0.583142 0.109883 0.199551 238 16 0
0.583321 0.114513 0.197928 238 16 0
0.583486 0.11907 0.196105 238 16 0
0.583708 0.123584 0.194185 238 16 0
0.584119 0.128079 0.19225 238 16 0
0.584388 0.132541 0.190215 238 16 0
0.584863 0.136997 0.188206 238 16 0
0.585359 0.141447 0.186188 238 16 0
0.585665 0.145902 0.184146 238 16 0
0.586065 0.150378 0.18217 238 16 0
0.586479 0.15485 0.180193 238 16 0
0.587278 0.156759 0.179634 238 16 0
0.589003 0.161592 0.17815 238 16 0
0.590539 0.166461 0.176569 238 16 0
0.592525 0.1712 0.175093 238 16 0
0.594289 0.175845 0.173127 238 16 0
0.596347 0.18034 0.171111 238 16 0
0.594881 0.181195 0.170266 238 16 0
0.593186 0.184596 0.16727 238 16 0
0.591405 0.187868 0.164184 238 16 0
0.590188 0.191322 0.161015 238 16 0
0.588693 0.194672 0.157856 238 16 0
0.587084 0.198145 0.154893 238 16 0
0.585149 0.201561 0.15207 238 16 0
0.586741 0.199679 0.153689 238 16 0
0.589249 0.197 0.156372 238 16 0
0.59127 0.19407 0.159235 238 16 0
0.593028 0.191084 0.162217 238 16 0
0.594652 0.187968 0.165143 238 16 0
0.596175 0.184793 0.168057 238 16 0
0.597863 0.184305 0.168704 238 16 0
0.600572 0.181267 0.171331 238 16 0
0.603023 0.178039 0.173992 238 16 0
0.606155 0.175192 0.176371 238 16 0
0.609161 0.172161 0.178679 238 16 0
0.61255 0.169398 0.18073 238 16 0
0.615601 0.169875 0.180535 238 16 0
0.620248 0.171064 0.179923 238 16 0
0.624747 0.172677 0.179115 238 16 0
0.629247 0.174315 0.178368 238 16 0
0.633755 0.175957 0.177683 238 16 0
0.638293 0.177585 0.177181 238 16 0
0.642974 0.178752 0.177054 238 16 0
0.640641 0.178003 0.177173 239 15 0
0.636117 0.175925 0.177928 239 15 0
0.631432 0.174161 0.178528 239 15 0
0.626788 0.172376 0.179354 239 15 0
0.622064 0.170799 0.180139 239 15 0
0.617346 0.169234 0.180985 239 15 0
0.61334 0.169177 0.180799 239 15 0
0.608724 0.167501 0.180962 239 15 0
0.604017 0.166078 0.180876 239 15 0
0.599315 0.164792 0.180214 239 15 0
0.594626 0.16387 0.179081 239 15 0
0.589959 0.163024 0.177776 239 15 0
0.589171 0.155619 0.181022 239 15 0
0.588793 0.151084 0.183072 239 15 0
0.588185 0.146523 0.185006 239 15 0
0.587597 0.141976 0.186979 239 15 0
0.587125 0.137445 0.18902 239 15 0
0.58662 0.132905 0.191032 239 15 0
0.586068 0.128339 0.192973 239 15 0
0.585488 0.123739 0.194825 239 15 0
0.584906 0.119111 0.196603 239 15 0
0.58465 0.114445 0.198353 239 15 0
0.584462 0.109724 0.19996 239 15 0
0.584184 0.104991 0.201519 239 15 0
0.583942 0.100201 0.202886 239 15 0
0.582952 0.0948565 0.203653 239 15 0
0.582894 0.0896424 0.204304 239 15 0
0.583069 0.0843866 0.204919 239 15 0
0.58278 0.0791211 0.205398 239 15 0
0.582981 0.0738639 0.206004 239 15 0
0.583242 0.0685999 0.20652 239 15 0
0.582842 0.0633308 0.206848 239 15 0
0.582543 0.0580589 0.20725 239 15 0
0.582425 0.0527788 0.20757 239 15 0
0.582594 0.0579822 0.207316 239 15 0
0.582813 0.0629988 0.20687 239 15 0
0.583249 0.06802 0.206544 239 15 0
0.583464 0.0730531 0.206181 239 15 0
0.583706 0.078078 0.205733 239 15 0
0.584002 0.0831004 0.205288 239 15 0
0.584038 0.088136 0.204901 239 15 0
0.583512 0.0957341 0.203606 239 15 0
0.583291 0.100479 0.202362 239 15 0
0.583122 0.105183 0.200964 239 15 0
0.583142 0.109883 0.199551 239 15 0
0.583321 0.114513 0.197928 239 15 0
0.583486 0.11907 0.196105 239 15 0
0.583708 0.123584 0.194185 239 15 0
0.584119 0.128079 0.19225 239 15 0
0.584388 0.132541 0.190215 240 14 0
0.584863 0.136997 0.188206 240 14 0
0.585359 0.141447 0.186188 240 14 0
0.585665 0.145902 0.184146 240 14 0
0.586065 0.150378 0.18217 240 14 0
0.586479 0.15485 0.180193 240 14 0
0.587278 0.156759 0.179634 240 14 0
0.589003 0.161592 0.17815 240 14 0
0.590539 0.166461 0.176569 240 14 0
0.592525 0.1712 0.175093 240 14 0
0.594289 0.175845 0.173127 240 14 0
0.596347 0.18034 0.171111 240 14 0
0.594881 0.181195 0.170266 240 14 0
0.593186 0.184596 0.16727 240 14 0
0.591405 0.187868 0.164184 240 14 0
0.590188 0.191322 0.161015 240 14 0
0.588693 0.194672 0.157856 240 14 0
0.587084 0.198145 0.154893 240 14 0
0.585149 0.201561 0.15207 240 14 0
0.582877 0.206412 0.160514 240 14 0
0.518668 0.205435 0.128563 240 14 0
0.524048 0.201369 0.121179 240 14 0
0.510383 0.0892786 0.169202 240 14 0
0.508089 0.0986659 0.165274 240 14 0
0.507377 0.103324 0.163219 240 14 0
0.506934 0.107962 0.161036 240 14 0
0.506377 0.112535 0.158744 240 14 0
0.505903 0.117051 0.156324 240 14 0
0.505517 0.121528 0.153818 240 14 0
0.505171 0.125946 0.151203 240 14 0
0.504882 0.130319 0.148508 240 14 0
0.504708 0.134704 0.145822 240 14 0
0.504513 0.139075 0.143116 240 14 0
0.504265 0.143421 0.140372 240 14 0
0.504009 0.147756 0.137612 240 14 0
0.503691 0.152098 0.134869 240 14 0
0.503302 0.156489 0.132215 240 14 0
0.502915 0.160927 0.129641 240 14 0
0.502658 0.165406 0.127122 240 14 0
0.502218 0.169878 0.124622 240 14 0
0.499995 0.168907 0.123493 240 14 0
0.496123 0.167566 0.121697 240 14 0
0.492273 0.16605 0.119992 240 14 0
0.488461 0.164837 0.117992 240 14 0
0.484673 0.16352 0.11601 240 14 0
0.482418 0.164394 0.113694 240 14 0
0.479477 0.165427 0.11034 240 14 0
0.476807 0.16669 0.106837 240 14 0
0.474369 0.168044 0.103196 240 14 0
0.471955 0.169198 0.0994716 240 14 0
0.469557 0.170117 0.0956735 241 13 0
0.467122 0.170871 0.0918629 241 13 0
0.468248 0.170141 0.0940427 241 13 0
0.47045 0.168952 0.0978176 241 13 0
0.472611 0.167631 0.101573 241 13 0
0.475091 0.166564 0.105208 241 13 0
0.477705 0.165378 0.108709 241 13 0
0.480628 0.164575 0.112042 241 13 0
0.482418 0.164394 0.113694 241 13 0
0.486361 0.163267 0.117332 241 13 0
0.490406 0.162132 0.120854 241 13 0
0.494536 0.160901 0.124232 241 13 0
0.498776 0.159714 0.127486 241 13 0
0.498207 0.152171 0.130984 241 13 0
0.497709 0.147655 0.133156 241 13 0
0.497048 0.143172 0.135351 241 13 0
0.496342 0.138709 0.137573 241 13 0
0.495648 0.13428 0.139864 241 13 0
0.495086 0.129876 0.14224 241 13 0
0.49435 0.125426 0.144478 241 13 0
0.493652 0.120956 0.146688 241 13 0
0.492997 0.116425 0.148785 241 13 0
0.492527 0.111839 0.150807 241 13 0
0.492196 0.10718 0.152684 241 13 0
0.491988 0.102501 0.154531 241 13 0
0.491666 0.0976972 0.155998 241 13 0
0.490539 0.0930695 0.156587 241 13 0
0.490704 0.088157 0.157806 241 13 0
0.490594 0.0832088 0.158891 241 13 0
0.490396 0.0782288 0.159804 241 13 0
0.49026 0.0732234 0.160578 241 13 0
0.489917 0.0681889 0.16103 241 13 0
0.489613 0.0631399 0.161329 241 13 0
0.489406 0.058078 0.161416 241 13 0
0.489368 0.0530117 0.161474 241 13 0
0.489345 0.0556786 0.161509 241 13 0
0.489413 0.0610393 0.161405 241 13 0
0.489659 0.0663913 0.161237 241 13 0
0.490127 0.071716 0.160848 241 13 0
0.490664 0.0770151 0.160231 241 13 0
0.491104 0.0823002 0.159448 241 13 0
0.491447 0.0875864 0.158616 241 13 0
0.491842 0.095579 0.156696 241 13 0
0.492051 0.100545 0.155177 241 13 0
0.492651 0.105451 0.15356 241 13 0
0.493182 0.110328 0.151838 241 13 0
0.493695 0.115117 0.149877 241 13 0
0.494367 0.119844 0.147818 241 13 0
0.495247 0.124512 0.1457 241 13 0
0.49617 0.129146 0.143524 242 12 0
0.496942 0.133723 0.141179 242 12 0
0.497781 0.13831 0.138875 242 12 0
0.49854 0.142914 0.136579 242 12 0
0.499425 0.147537 0.13437 242 12 0
0.500156 0.152203 0.132193 242 12 0
0.500083 0.154792 0.130741 242 12 0
0.500631 0.159237 0.128823 242 12 0
0.501036 0.163666 0.126832 242 12 0
0.501162 0.168077 0.124764 242 12 0
0.501113 0.172469 0.122656 242 12 0
0.501161 0.17692 0.120682 242 12 0
0.503617 0.179152 0.121222 242 12 0
0.507022 0.183346 0.121236 242 12 0
0.510679 0.187333 0.121584 242 12 0
0.514485 0.191165 0.122019 242 12 0
0.5182 0.195079 0.122012 242 12 0
0.521936 0.198988 0.121711 242 12 0
0.519895 0.197883 0.121075 242 12 0
0.516554 0.194828 0.120838 242 12 0
0.513184 0.19182 0.120437 242 12 0
0.509976 0.188633 0.120088 242 12 0
0.506732 0.18549 0.119676 242 12 0
0.503504 0.182324 0.119331 242 12 0
0.500774 0.18084 0.118461 242 12 0
0.497345 0.177742 0.117789 242 12 0
0.493846 0.174768 0.116936 242 12 0
0.490645 0.171409 0.116367 242 12 0
0.487337 0.168213 0.115552 242 12 0
0.484142 0.164882 0.11487 242 12 0
0.482418 0.164394 0.113694 242 12 0
0.479824 0.166028 0.110295 242 12 0
0.477122 0.167282 0.106802 242 12 0
0.474679 0.168647 0.103158 242 12 0
0.472015 0.169302 0.0994751 242 12 0
0.469562 0.170115 0.0956802 242 12 0
0.467122 0.170871 0.0918629 242 12 0
0.468248 0.170141 0.0940427 242 12 0
0.47045 0.168952 0.0978176 242 12 0
0.472611 0.167631 0.101573 242 12 0
0.475091 0.166564 0.105208 242 12 0
0.477705 0.165378 0.108709 242 12 0
0.480628 0.164575 0.112042 242 12 0
0.482418 0.164394 0.113694 242 12 0
0.486361 0.163267 0.117332 242 12 0
0.490406 0.162132 0.120854 242 12 0
0.494536 0.160901 0.124232 242 12 0
0.498776 0.159714 0.127486 242 12 0
0.498207 0.152171 0.130984 242 12 0
0.497709 0.147655 0.133156 243 11 0
0.497048 0.143172 0.135351 243 11 0
0.496342 0.138709 0.137573 243 11 0
0.495648 0.13428 0.139864 243 11 0
0.495086 0.129876 0.14224 243 11 0
0.49435 0.125426 0.144478 243 11 0
0.493652 0.120956 0.146688 243 11 0
0.492997 0.116425 0.148785 243 11 0
0.492527 0.111839 0.150807 243 11 0
0.492196 0.10718 0.152684 243 11 0
0.491988 0.102501 0.154531 243 11 0
0.491666 0.0976972 0.155998 243 11 0
0.490539 0.0930695 0.156587 243 11 0
0.490704 0.088157 0.157806 243 11 0
0.490594 0.0832088 0.158891 243 11 0
0.490396 0.0782288 0.159804 243 11 0
0.49026 0.0732234 0.160578 243 11 0
0.489917 0.0681889 0.16103 243 11 0
0.489613 0.0631399 0.161329 243 11 0
0.489406 0.058078 0.161416 243 11 0
0.489368 0.0530117 0.161474 243 11 0
0.489345 0.0556786 0.161509 243 11 0
0.489413 0.0610393 0.161405 243 11 0
0.489659 0.0663913 0.161237 243 11 0
0.490127 0.071716 0.160848 243 11 0
0.490664 0.0770151 0.160231 243 11 0
0.491104 0.0823002 0.159448 243 11 0
0.491447 0.0875864 0.158616 243 11 0
0.491842 0.095579 0.156696 243 11 0
0.492051 0.100545 0.155177 243 11 0
0.492651 0.105451 0.15356 243 11 0
0.493182 0.110328 0.151838 243 11 0
0.493695 0.115117 0.149877 243 11 0
0.494367 0.119844 0.147818 243 11 0
0.495247 0.124512 0.1457 243 11 0
0.49617 0.129146 0.143524 243 11 0
0.496942 0.133723 0.141179 243 11 0
0.497781 0.13831 0.138875 243 11 0
0.49854 0.142914 0.136579 243 11 0
0.499425 0.147537 0.13437 243 11 0
0.500156 0.152203 0.132193 243 11 0
0.500083 0.154792 0.130741 243 11 0
0.500631 0.159237 0.128823 243 11 0
0.501036 0.163666 0.126832 243 11 0
0.501162 0.168077 0.124764 243 11 0
0.501113 0.172469 0.122656 243 11 0
0.501161 0.17692 0.120682 243 11 0
0.503617 0.179152 0.121222 243 11 0
0.507022 0.183346 0.121236 243 11 0
0.510679 0.187333 0.121584 243 11 0
0.514485 0.191165 0.122019 244 10 0
0.5182 0.195079 0.122012 244 10 0
0.521936 0.198988 0.121711 244 10 0
0.516496 0.203057 0.129048 244 10 0
0.581519 0.208926 0.158655 244 10 0
0.583704 0.203863 0.150312 244 10 0
0.585149 0.201561 0.15207 244 10 0
0.587141 0.198185 0.154938 244 10 0
0.588936 0.19479 0.157915 244 10 0
0.59098 0.191685 0.161046 244 10 0
0.593128 0.18861 0.164137 244 10 0
0.595707 0.185822 0.167138 244 10 0
0.59687 0.184068 0.168675 244 10 0
0.599954 0.181324 0.171173 244 10 0
0.602722 0.178318 0.173759 244 10 0
0.605467 0.175226 0.176265 244 10 0
0.608373 0.17215 0.178602 244 10 0
0.61154 0.169204 0.180747 244 10 0
0.615601 0.169875 0.180535 244 10 0
0.620248 0.171064 0.179923 244 10 0
0.624747 0.172677 0.179115 244 10 0
0.629247 0.174315 0.178368 244 10 0
0.633755 0.175957 0.177683 244 10 0
0.638293 0.177585 0.177181 244 10 0
0.642974 0.178752 0.177054 244 10 0
0.640641 0.178003 0.177173 244 10 0
0.636117 0.175925 0.177928 244 10 0
0.631432 0.174161 0.178528 244 10 0
0.626788 0.172376 0.179354 244 10 0
0.622064 0.170799 0.180139 244 10 0
0.617346 0.169234 0.180985 244 10 0
0.61334 0.169177 0.180799 244 10 0
0.608724 0.167501 0.180962 244 10 0
0.604017 0.166078 0.180876 244 10 0
0.599315 0.164792 0.180214 244 10 0
0.594626 0.16387 0.179081 244 10 0
0.589959 0.163024 0.177776 244 10 0
0.589171 0.155619 0.181022 244 10 0
0.588793 0.151084 0.183072 244 10 0
0.588185 0.146523 0.185006 244 10 0
0.587597 0.141976 0.186979 244 10 0
0.587125 0.137445 0.18902 244 10 0
0.58662 0.132905 0.191032 244 10 0
0.586068 0.128339 0.192973 244 10 0
0.585488 0.123739 0.194825 244 10 0
0.584906 0.119111 0.196603 244 10 0
0.58465 0.114445 0.198353 244 10 0
0.584462 0.109724 0.19996 244 10 0
0.584184 0.104991 0.201519 244 10 0
0.583942 0.100201 0.202886 245 9 0
0.582952 0.0948565 0.203653 245 9 0
0.582894 0.0896424 0.204304 245 9 0
0.583069 0.0843866 0.204919 245 9 0
0.58278 0.0791211 0.205398 245 9 0
0.582981 0.0738639 0.206004 245 9 0
0.583242 0.0685999 0.20652 245 9 0
0.582842 0.0633308 0.206848 245 9 0
0.582543 0.0580589 0.20725 245 9 0
0.582425 0.0527788 0.20757 245 9 0
0.582594 0.0579822 0.207316 245 9 0
0.582813 0.0629988 0.20687 245 9 0
0.583249 0.06802 0.206544 245 9 0
0.583464 0.0730531 0.206181 245 9 0
0.583706 0.078078 0.205733 245 9 0
0.584002 0.0831004 0.205288 245 9 0
0.584038 0.088136 0.204901 245 9 0
0.583512 0.0957341 0.203606 245 9 0
0.583291 0.100479 0.202362 245 9 0
0.583122 0.105183 0.200964 245 9 0
0.583142 0.109883 0.199551 245 9 0
0.583321 0.114513 0.197928 245 9 0
0.583486 0.11907 0.196105 245 9 0
0.583708 0.123584 0.194185 245 9 0
0.584119 0.128079 0.19225 245 9 0
0.584388 0.132541 0.190215 245 9 0
0.584863 0.136997 0.188206 245 9 0
0.585359 0.141447 0.186188 245 9 0
0.585665 0.145902 0.184146 245 9 0
0.586065 0.150378 0.18217 245 9 0
0.586479 0.15485 0.180193 245 9 0
0.587278 0.156759 0.179634 245 9 0
0.589003 0.161592 0.17815 245 9 0
0.590539 0.166461 0.176569 245 9 0
0.592525 0.1712 0.175093 245 9 0
0.594289 0.175845 0.173127 245 9 0
0.596347 0.18034 0.171111 245 9 0
0.594881 0.181195 0.170266 245 9 0
0.593186 0.184596 0.16727 245 9 0
0.591405 0.187868 0.164184 245 9 0
0.590188 0.191322 0.161015 245 9 0
0.588693 0.194672 0.157856 245 9 0
0.587084 0.198145 0.154893 245 9 0
0.585149 0.201561 0.15207 245 9 0
0.586741 0.199679 0.153689 245 9 0
0.589249 0.197 0.156372 245 9 0
0.59127 0.19407 0.159235 245 9 0
0.593028 0.191084 0.162217 245 9 0
0.594652 0.187968 0.165143 245 9 0
0.596175 0.184793 0.168057 246 8 0
0.597863 0.184305 0.168704 246 8 0
0.600572 0.181267 0.171331 246 8 0
0.603023 0.178039 0.173992 246 8 0
0.606155 0.175192 0.176371 246 8 0
0.609161 0.172161 0.178679 246 8 0
0.61255 0.169398 0.18073 246 8 0
0.615601 0.169875 0.180535 246 8 0
0.620248 0.171064 0.179923 246 8 0
0.624747 0.172677 0.179115 246 8 0
0.629247 0.174315 0.178368 246 8 0
0.633755 0.175957 0.177683 246 8 0
0.638293 0.177585 0.177181 246 8 0
0.642974 0.178752 0.177054 246 8 0
0.640641 0.178003 0.177173 246 8 0
0.636117 0.175925 0.177928 246 8 0
0.631432 0.174161 0.178528 246 8 0
0.626788 0.172376 0.179354 246 8 0
0.622064 0.170799 0.180139 246 8 0
0.617346 0.169234 0.180985 246 8 0
0.61334 0.169177 0.180799 246 8 0
0.608724 0.167501 0.180962 246 8 0
0.604017 0.166078 0.180876 246 8 0
0.599315 0.164792 0.180214 246 8 0
0.594626 0.16387 0.179081 246 8 0
0.589959 0.163024 0.177776 246 8 0
0.589171 0.155619 0.181022 246 8 0
0.588793 0.151084 0.183072 246 8 0
0.588185 0.146523 0.185006 246 8 0
0.587597 0.141976 0.186979 246 8 0
0.587125 0.137445 0.18902 246 8 0
0.58662 0.132905 0.191032 246 8 0
0.586068 0.128339 0.192973 246 8 0
0.585488 0.123739 0.194825 246 8 0
0.584906 0.119111 0.196603 246 8 0
0.58465 0.114445 0.198353 246 8 0
0.584462 0.109724 0.19996 246 8 0
0.584184 0.104991 0.201519 246 8 0
0.583942 0.100201 0.202886 246 8 0
0.582952 0.0948565 0.203653 246 8 0
0.582894 0.0896424 0.204304 246 8 0
0.583069 0.0843866 0.204919 246 8 0
0.58278 0.0791211 0.205398 246 8 0
0.582981 0.0738639 0.206004 246 8 0
0.583242 0.0685999 0.20652 246 8 0
0.582842 0.0633308 0.206848 246 8 0
0.582543 0.0580589 0.20725 246 8 0
0.582425 0.0527788 0.20757 246 8 0
0.582594 0.0579822 0.207316 246 8 0
0.582813 0.0629988 0.20687 247 7 0
0.583249 0.06802 0.206544 247 7 0
0.583464 0.0730531 0.206181 247 7 0
0.583706 0.078078 0.205733 247 7 0
0.584002 0.0831004 0.205288 247 7 0
0.584038 0.088136 0.204901 247 7 0
0.583512 0.0957341 0.203606 247 7 0
0.583291 0.100479 0.202362 247 7 0
0.583122 0.105183 0.200964 247 7 0
0.583142 0.109883 0.199551 247 7 0
0.583321 0.114513 0.197928 247 7 0
0.583486 0.11907 0.196105 247 7 0
0.583708 0.123584 0.194185 247 7 0
0.584119 0.128079 0.19225 247 7 0
0.584388 0.132541 0.190215 247 7 0
0.584863 0.136997 0.188206 247 7 0
0.585359 0.141447 0.186188 247 7 0
0.585665 0.145902 0.184146 247 7 0
0.586065 0.150378 0.18217 247 7 0
0.586479 0.15485 0.180193 247 7 0
0.587278 0.156759 0.179634 247 7 0
0.589003 0.161592 0.17815 247 7 0
0.590539 0.166461 0.176569 247 7 0
0.592525 0.1712 0.175093 247 7 0
0.594289 0.175845 0.173127 247 7 0
0.596347 0.18034 0.171111 247 7 0
0.594881 0.181195 0.170266 247 7 0
0.593186 0.184596 0.16727 247 7 0
0.591405 0.187868 0.164184 247 7 0
0.590188 0.191322 0.161015 247 7 0
0.588693 0.194672 0.157856 247 7 0
0.587084 0.198145 0.154893 247 7 0
0.585149 0.201561 0.15207 247 7 0
0.582877 0.206412 0.160514 247 7 0
0.518668 0.205435 0.128563 247 7 0
0.524048 0.201369 0.121179 247 7 0
0.510383 0.0892786 0.169202 247 7 0
0.508089 0.0986659 0.165274 247 7 0
0.507377 0.103324 0.163219 247 7 0
0.506934 0.107962 0.161036 247 7 0
0.506377 0.112535 0.158744 247 7 0
0.505903 0.117051 0.156324 247 7 0
0.505517 0.121528 0.153818 247 7 0
0.505171 0.125946 0.151203 247 7 0
0.504882 0.130319 0.148508 247 7 0
0.504708 0.134704 0.145822 247 7 0
0.504513 0.139075 0.143116 247 7 0
0.504265 0.143421 0.140372 247 7 0
0.504009 0.147756 0.137612 247 7 0
0.503691 0.152098 0.134869 247 7 0
0.503302 0.156489 0.132215 248 6 0
0.502915 0.160927 0.129641 248 6 0
0.502658 0.165406 0.127122 248 6 0
0.502218 0.169878 0.124622 248 6 0
0.499995 0.168907 0.123493 248 6 0
0.496123 0.167566 0.121697 248 6 0
0.492273 0.16605 0.119992 248 6 0
0.488461 0.164837 0.117992 248 6 0
0.484673 0.16352 0.11601 248 6 0
0.482418 0.164394 0.113694 248 6 0
0.479477 0.165427 0.11034 248 6 0
0.476807 0.16669 0.106837 248 6 0
0.474369 0.168044 0.103196 248 6 0
0.471955 0.169198 0.0994716 248 6 0
0.469557 0.170117 0.0956735 248 6 0
0.467122 0.170871 0.0918629 248 6 0
0.468248 0.170141 0.0940427 248 6 0
0.47045 0.168952 0.0978176 248 6 0
0.472611 0.167631 0.101573 248 6 0
0.475091 0.166564 0.105208 248 6 0
0.477705 0.165378 0.108709 248 6 0
0.480628 0.164575 0.112042 248 6 0
0.482418 0.164394 0.113694 248 6 0
0.486361 0.163267 0.117332 248 6 0
0.490406 0.162132 0.120854 248 6 0
0.494536 0.160901 0.124232 248 6 0
0.498776 0.159714 0.127486 248 6 0
0.498207 0.152171 0.130984 248 6 0
0.497709 0.147655 0.133156 248 6 0
0.497048 0.143172 0.135351 248 6 0
0.496342 0.138709 0.137573 248 6 0
0.495648 0.13428 0.139864 248 6 0
0.495086 0.129876 0.14224 248 6 0
0.49435 0.125426 0.144478 248 6 0
0.493652 0.120956 0.146688 248 6 0
0.492997 0.116425 0.148785 248 6 0
0.492527 0.111839 0.150807 248 6 0
0.492196 0.10718 0.152684 248 6 0
0.491988 0.102501 0.154531 248 6 0
0.491666 0.0976972 0.155998 248 6 0
0.490539 0.0930695 0.156587 248 6 0
0.490704 0.088157 0.157806 248 6 0
0.490594 0.0832088 0.158891 248 6 0
0.490396 0.0782288 0.159804 248 6 0
0.49026 0.0732234 0.160578 248 6 0
0.489917 0.0681889 0.16103 248 6 0
0.489613 0.0631399 0.161329 248 6 0
0.489406 0.058078 0.161416 248 6 0
0.489368 0.0530117 0.161474 248 6 0
0.489345 0.0556786 0.161509 249 5 0
0.489413 0.0610393 0.161405 249 5 0
0.489659 0.0663913 0.161237 249 5 0
0.490127 0.071716 0.160848 249 5 0
0.490664 0.0770151 0.160231 249 5 0
0.491104 0.0823002 0.159448 249 5 0
0.491447 0.0875864 0.158616 249 5 0
0.491842 0.095579 0.156696 249 5 0
0.492051 0.100545 0.155177 249 5 0
0.492651 0.105451 0.15356 249 5 0
0.493182 0.110328 0.151838 249 5 0
0.493695 0.115117 0.149877 249 5 0
0.494367 0.119844 0.147818 249 5 0
0.495247 0.124512 0.1457 249 5 0
0.49617 0.129146 0.143524 249 5 0
0.496942 0.133723 0.141179 249 5 0
0.497781 0.13831 0.138875 249 5 0
0.49854 0.142914 0.136579 249 5 0
0.499425 0.147537 0.13437 249 5 0
0.500156 0.152203 0.132193 249 5 0
0.500083 0.154792 0.130741 249 5 0
0.500631 0.159237 0.128823 249 5 0
0.501036 0.163666 0.126832 249 5 0
0.501162 0.168077 0.124764 249 5 0
0.501113 0.172469 0.122656 249 5 0
0.501161 0.17692 0.120682 249 5 0
0.503617 0.179152 0.121222 249 5 0
0.507022 0.183346 0.121236 249 5 0
0.510679 0.187333 0.121584 249 5 0
0.514485 0.191165 0.122019 249 5 0
0.5182 0.195079 0.122012 249 5 0
0.521936 0.198988 0.121711 249 5 0
0.519895 0.197883 0.121075 249 5 0
0.516554 0.194828 0.120838 249 5 0
0.513184 0.19182 0.120437 249 5 0
0.509976 0.188633 0.120088 249 5 0
0.506732 0.18549 0.119676 249 5 0
0.503504 0.182324 0.119331 249 5 0
0.500774 0.18084 0.118461 249 5 0
0.497345 0.177742 0.117789 249 5 0
0.493846 0.174768 0.116936 249 5 0
0.490645 0.171409 0.116367 249 5 0
0.487337 0.168213 0.115552 249 5 0
0.484142 0.164882 0.11487 249 5 0
0.482418 0.164394 0.113694 249 5 0
0.479824 0.166028 0.110295 249 5 0
0.477122 0.167282 0.106802 249 5 0
0.474679 0.168647 0.103158 249 5 0
0.472015 0.169302 0.0994751 249 5 0
0.469562 0.170115 0.0956802 250 4 0
0.467122 0.170871 0.0918629 250 4 0
0.468248 0.170141 0.0940427 250 4 0
0.47045 0.168952 0.0978176 250 4 0
0.472611 0.167631 0.101573 250 4 0
0.475091 0.166564 0.105208 250 4 0
0.477705 0.165378 0.108709 250 4 0
0.480628 0.164575 0.112042 250 4 0
0.482418 0.164394 0.113694 250 4 0
0.486361 0.163267 0.117332 250 4 0
0.490406 0.162132 0.120854 250 4 0
0.494536 0.160901 0.124232 250 4 0
0.498776 0.159714 0.127486 250 4 0
0.498207 0.152171 0.130984 250 4 0
0.497709 0.147655 0.133156 250 4 0
0.497048 0.143172 0.135351 250 4 0
0.496342 0.138709 0.137573 250 4 0
0.495648 0.13428 0.139864 250 4 0
0.495086 0.129876 0.14224 250 4 0
0.49435 0.125426 0.144478 250 4 0
0.493652 0.120956 0.146688 250 4 0
0.492997 0.116425 0.148785 250 4 0
0.492527 0.111839 0.150807 250 4 0
0.492196 0.10718 0.152684 250 4 0
0.491988 0.102501 0.154531 250 4 0
0.491666 0.0976972 0.155998 250 4 0
0.490539 0.0930695 0.156587 250 4 0
0.490704 0.088157 0.157806 250 4 0
0.490594 0.0832088 0.158891 250 4 0
0.490396 0.0782288 0.159804 250 4 0
0.49026 0.0732234 0.160578 250 4 0
0.489917 0.0681889 0.16103 250 4 0
0.489613 0.0631399 0.161329 250 4 0
0.489406 0.058078 0.161416 250 4 0
0.489368 0.0530117 0.161474 250 4 0
0.489345 0.0556786 0.161509 250 4 0
0.489413 0.0610393 0.161405 250 4 0
0.489659 0.0663913 0.161237 250 4 0
0.490127 0.071716 0.160848 250 4 0
0.490664 0.0770151 0.160231 250 4 0
0.491104 0.0823002 0.159448 250 4 0
0.491447 0.0875864 0.158616 250 4 0
0.491842 0.095579 0.156696 250 4 0
0.492051 0.100545 0.155177 250 4 0
0.492651 0.105451 0.15356 250 4 0
0.493182 0.110328 0.151838 250 4 0
0.493695 0.115117 0.149877 250 4 0
0.494367 0.119844 0.147818 250 4 0
0.495247 0.124512 0.1457 250 4 0
0.49617 0.129146 0.143524 251 3 0
0.496942 0.133723 0.141179 251 3 0
0.497781 0.13831 0.138875 251 3 0
0.49854 0.142914 0.136579 251 3 0
0.499425 0.147537 0.13437 251 3 0
0.500156 0.152203 0.132193 251 3 0
0.500083 0.154792 0.130741 251 3 0
0.500631 0.159237 0.128823 251 3 0
0.501036 0.163666 0.126832 251 3 0
0.501162 0.168077 0.124764 251 3 0
0.501113 0.172469 0.122656 251 3 0
0.501161 0.17692 0.120682 251 3 0
0.503617 0.179152 0.121222 251 3 0
0.507022 0.183346 0.121236 251 3 0
0.510679 0.187333 0.121584 251 3 0
0.514485 0.191165 0.122019 251 3 0
0.5182 0.195079 0.122012 251 3 0
0.521936 0.198988 0.121711 251 3 0
0.516496 0.203057 0.129048 251 3 0
0.581519 0.208926 0.158655 251 3 0
0.583704 0.203863 0.150312 251 3 0
0.585149 0.201561 0.15207 251 3 0
0.587141 0.198185 0.154938 251 3 0
0.588936 0.19479 0.157915 251 3 0
0.59098 0.191685 0.161046 251 3 0
0.593128 0.18861 0.164137 251 3 0
0.595707 0.185822 0.167138 251 3 0
0.59687 0.184068 0.168675 251 3 0
0.599954 0.181324 0.171173 251 3 0
0.602722 0.178318 0.173759 251 3 0
0.605467 0.175226 0.176265 251 3 0
0.608373 0.17215 0.178602 251 3 0
0.61154 0.169204 0.180747 251 3 0
0.615601 0.169875 0.180535 251 3 0
0.620248 0.171064 0.179923 251 3 0
0.624747 0.172677 0.179115 251 3 0
0.629247 0.174315 0.178368 251 3 0
0.633755 0.175957 0.177683 251 3 0
0.638293 0.177585 0.177181 251 3 0
0.642974 0.178752 0.177054 251 3 0
0.640641 0.178003 0.177173 251 3 0
0.636117 0.175925 0.177928 251 3 0
0.631432 0.174161 0.178528 251 3 0
0.626788 0.172376 0.179354 251 3 0
0.622064 0.170799 0.180139 251 3 0
0.617346 0.169234 0.180985 251 3 0
0.61334 0.169177 0.180799 251 3 0
0.608724 0.167501 0.180962 251 3 0
0.604017 0.166078 0.180876 251 3 0
0.599315 0.164792 0.180214 251 3 0
0.594626 0.16387 0.179081 252 2 0
0.589959 0.163024 0.177776 252 2 0
0.589171 0.155619 0.181022 252 2 0
0.588793 0.151084 0.183072 252 2 0
0.588185 0.146523 0.185006 252 2 0
0.587597 0.141976 0.186979 252 2 0
0.587125 0.137445 0.18902 252 2 0
0.58662 0.132905 0.191032 252 2 0
0.586068 0.128339 0.192973 252 2 0
0.585488 0.123739 0.194825 252 2 0
0.584906 0.119111 0.196603 252 2 0
0.58465 0.114445 0.198353 252 2 0
0.584462 0.109724 0.19996 252 2 0
0.584184 0.104991 0.201519 252 2 0
0.583942 0.100201 0.202886 252 2 0
0.582952 0.0948565 0.203653 252 2 0
0.582894 0.0896424 0.204304 252 2 0
0.583069 0.0843866 0.204919 252 2 0
0.58278 0.0791211 0.205398 252 2 0
0.582981 0.0738639 0.206004 252 2 0
0.583242 0.0685999 0.20652 252 2 0
0.582842 0.0633308 0.206848 252 2 0
0.582543 0.0580589 0.20725 252 2 0
0.582425 0.0527788 0.20757 252 2 0
0.582594 0.0579822 0.207316 252 2 0
0.582813 0.0629988 0.20687 252 2 0
0.583249 0.06802 0.206544 252 2 0
0.583464 0.0730531 0.206181 252 2 0
0.583706 0.078078 0.205733 252 2 0
0.584002 0.0831004 0.205288 252 2 0
0.584038 0.088136 0.204901 252 2 0
0.583512 0.0957341 0.203606 252 2 0
0.583291 0.100479 0.202362 252 2 0
0.583122 0.105183 0.200964 252 2 0
0.583142 0.109883 0.199551 252 2 0
0.583321 0.114513 0.197928 252 2 0
0.583486 0.11907 0.196105 252 2 0
0.583708 0.123584 0.194185 252 2 0
0.584119 0.128079 0.19225 252 2 0
0.584388 0.132541 0.190215 252 2 0
0.584863 0.136997 0.188206 252 2 0
0.585359 0.141447 0.186188 252 2 0
0.585665 0.145902 0.184146 252 2 0
0.586065 0.150378 0.18217 252 2 0
0.586479 0.15485 0.180193 252 2 0
0.587278 0.156759 0.179634 252 2 0
0.589003 0.161592 0.17815 252 2 0
0.590539 0.166461 0.176569 252 2 0
0.592525 0.1712 0.175093 252 2 0
0.594289 0.175845 0.173127 253 1 0
0.596347 0.18034 0.171111 253 1 0
0.594881 0.181195 0.170266 253 1 0
0.593186 0.184596 0.16727 253 1 0
0.591405 0.187868 0.164184 253 1 0
0.590188 0.191322 0.161015 253 1 0
0.588693 0.194672 0.157856 253 1 0
0.587084 0.198145 0.154893 253 1 0
0.585149 0.201561 0.15207 253 1 0
0.586741 0.199679 0.153689 253 1 0
0.589249 0.197 0.156372 253 1 0
0.59127 0.19407 0.159235 253 1 0
0.593028 0.191084 0.162217 253 1 0
0.594652 0.187968 0.165143 253 1 0
0.596175 0.184793 0.168057 253 1 0
0.597863 0.184305 0.168704 253 1 0
0.600572 0.181267 0.171331 253 1 0
0.603023 0.178039 0.173992 253 1 0
0.606155 0.175192 0.176371 253 1 0
0.609161 0.172161 0.178679 253 1 0
0.61255 0.169398 0.18073 253 1 0
0.615601 0.169875 0.180535 253 1 0
0.620248 0.171064 0.179923 253 1 0
0.624747 0.172677 0.179115 253 1 0
0.629247 0.174315 0.178368 253 1 0
0.633755 0.175957 0.177683 253 1 0
0.638293 0.177585 0.177181 253 1 0
0.642974 0.178752 0.177054 253 1 0
0.640641 0.178003 0.177173 253 1 0
0.636117 0.175925 0.177928 253 1 0
0.631432 0.174161 0.178528 253 1 0
0.626788 0.172376 0.179354 253 1 0
0.622064 0.170799 0.180139 253 1 0
0.617346 0.169234 0.180985 253 1 0
0.61334 0.169177 0.180799 253 1 0
0.608724 0.167501 0.180962 253 1 0
0.604017 0.166078 0.180876 253 1 0
0.599315 0.164792 0.180214 253 1 0
0.594626 0.16387 0.179081 253 1 0
0.589959 0.163024 0.177776 253 1 0
0.589171 0.155619 0.181022 253 1 0
0.588793 0.151084 0.183072 253 1 0
0.588185 0.146523 0.185006 253 1 0
0.587597 0.141976 0.186979 253 1 0
0.587125 0.137445 0.18902 253 1 0
0.58662 0.132905 0.191032 253 1 0
0.586068 0.128339 0.192973 253 1 0
0.585488 0.123739 0.194825 253 1 0
0.584906 0.119111 0.196603 253 1 0
0.58465 0.114445 0.198353 254 0 0
0.584462 0.109724 0.19996 254 0 0
0.584184 0.104991 0.201519 254 0 0
0.583942 0.100201 0.202886 254 0 0
0.582952 0.0948565 0.203653 254 0 0
0.582894 0.0896424 0.204304 254 0 0
0.583069 0.0843866 0.204919 254 0 0
0.58278 0.0791211 0.205398 254 0 0
0.582981 0.0738639 0.206004 254 0 0
0.583242 0.0685999 0.20652 254 0 0
0.582842 0.0633308 0.206848 254 0 0
0.582543 0.0580589 0.20725 254 0 0
0.582425 0.0527788 0.20757 254 0 0
0.582594 0.0579822 0.207316 254 0 0
0.582813 0.0629988 0.20687 254 0 0
0.583249 0.06802 0.206544 254 0 0
0.583464 0.0730531 0.206181 254 0 0
0.583706 0.078078 0.205733 254 0 0
0.584002 0.0831004 0.205288 254 0 0
0.584038 0.088136 0.204901 254 0 0
0.583512 0.0957341 0.203606 254 0 0
0.583291 0.100479 0.202362 254 0 0
0.583122 0.105183 0.200964 254 0 0
0.583142 0.109883 0.199551 254 0 0
0.583321 0.114513 0.197928 254 0 0
0.583486 0.11907 0.196105 254 0 0
0.583708 0.123584 0.194185 254 0 0
0.584119 0.128079 0.19225 254 0 0
0.584388 0.132541 0.190215 254 0 0
0.584863 0.136997 0.188206 254 0 0
0.585359 0.141447 0.186188 254 0 0
0.585665 0.145902 0.184146 254 0 0
0.586065 0.150378 0.18217 254 0 0
0.586479 0.15485 0.180193 254 0 0
0.587278 0.156759 0.179634 254 0 0
0.589003 0.161592 0.17815 254 0 0
0.590539 0.166461 0.176569 254 0 0
0.592525 0.1712 0.175093 254 0 0
0.594289 0.175845 0.173127 254 0 0
0.596347 0.18034 0.171111 254 0 0
0.594881 0.181195 0.170266 254 0 0
0.593186 0.184596 0.16727 254 0 0
0.591405 0.187868 0.164184 254 0 0
0.590188 0.191322 0.161015 254 0 0
0.588693 0.194672 0.157856 254 0 0
0.587084 0.198145 0.154893 254 0 0
0.585149 0.201561 0.15207 254 0 0
0.582877 0.206412 0.160514 254 0 0
0.518668 0.205435 0.128563 254 0 0
0.524048 0.201369 0.121179 255 0 0
