ply
format ascii 1.0
comment Generated by robot_control PLYWriter
element vertex 11920
property float x
property float y
property float z
property uchar red
property uchar green
property uchar blue
end_header
0.520232 0.116516 0.252417 0 255 0
0.519741 0.113621 0.25326 0 254 0
0.519113 0.109361 0.254397 0 254 0
0.518526 0.105074 0.25545 0 254 0
0.518115 0.100705 0.256213 0 254 0
0.517735 0.0963225 0.256906 0 254 0
0.517693 0.0913115 0.256942 0 254 0
0.517986 0.0861358 0.256434 0 254 0
0.517821 0.0809602 0.255862 0 254 0
0.517667 0.075788 0.255257 0 254 0
0.517426 0.070602 0.254822 0 254 0
0.517084 0.0654115 0.254535 0 254 0
0.516597 0.0602247 0.25451 0 254 0
0.516444 0.0550249 0.254791 0 254 0
0.515982 0.044556 0.255636 0 254 0
0.515793 0.0397415 0.255981 0 254 0
0.515588 0.0349298 0.256353 0 254 0
0.515378 0.0301187 0.256732 0 254 0
0.515169 0.025308 0.257115 0 254 0
0.514955 0.0204976 0.2575 0 254 0
0.51476 0.0156842 0.257855 0 254 0
0.514602 0.0108653 0.258146 0 254 0
0.514488 0.00604076 0.25835 0 254 0
0.514414 0.00121273 0.258483 0 254 0
0.514357 -0.00361634 0.258587 0 254 0
0.514301 -0.00844535 0.258692 0 254 0
0.51426 -0.0132749 0.258767 0 254 0
0.514327 -0.0181019 0.25865 0 254 0
0.514471 -0.0258255 0.258385 0 254 0
0.514489 -0.0310663 0.258343 0 254 0
0.514482 -0.0363074 0.258353 0 254 0
0.51447 -0.0415486 0.258375 0 254 0
0.514487 -0.0467894 0.258342 0 254 0
0.514522 -0.0520301 0.258278 0 254 0
0.514505 -0.0572705 0.258314 0 254 0
0.514422 -0.0625085 0.258469 0 254 0
0.514344 -0.0677467 0.258618 0 254 0
0.514261 -0.072984 0.258777 0 254 0
0.514045 -0.0783366 0.259184 0 254 0
0.514194 -0.0831272 0.258908 0 254 0
0.514115 -0.0878921 0.258302 0 254 0
0.514228 -0.092579 0.257271 0 254 0
0.514512 -0.097191 0.255959 0 254 0
0.51485 -0.101778 0.254568 0 254 0
0.51516 -0.106376 0.253205 0 254 0
0.515506 -0.111012 0.252011 0 254 0
0.515991 -0.11571 0.251132 0 254 0
0.516331 -0.120461 0.250495 1 253 0
0.516552 -0.125241 0.250058 1 253 0
0.516672 -0.135776 0.249873 1 253 0
0.516827 -0.140691 0.249615 1 253 0
0.517 -0.145601 0.249289 1 253 0
0.517067 -0.150522 0.249162 1 253 0
0.517007 -0.155442 0.2493 1 253 0
0.516759 -0.160333 0.249773 1 253 0
0.516315 -0.165165 0.250584 1 253 0
0.515766 -0.169954 0.251588 1 253 0
0.51519 -0.174727 0.252649 1 253 0
0.514676 -0.179531 0.253583 1 253 0
0.514273 -0.184385 0.254308 1 253 0
0.513812 -0.189195 0.255161 1 253 0
0.512958 -0.193784 0.256727 1 253 0
0.512335 -0.198524 0.25782 1 253 0
0.513674 -0.206321 0.255372 1 253 0
0.51466 -0.21114 0.253568 1 253 0
0.515374 -0.216167 0.252253 1 253 0
0.515872 -0.221258 0.251151 1 253 0
0.515992 -0.226456 0.250504 1 253 0
0.515865 -0.231689 0.250303 1 253 0
0.515552 -0.236922 0.250443 1 253 0
0.515143 -0.242141 0.250753 1 253 0
0.51457 -0.247329 0.251237 1 253 0
0.51397 -0.2525 0.251822 1 253 0
0.51408 -0.247082 0.251605 1 253 0
0.514742 -0.242484 0.250795 1 253 0
0.515358 -0.237833 0.250284 1 253 0
0.515875 -0.233159 0.249866 1 253 0
0.516218 -0.22846 0.249756 1 253 0
0.516297 -0.223767 0.250118 1 253 0
0.516102 -0.219119 0.250923 1 253 0
0.515553 -0.214546 0.251908 1 253 0
0.513145 -0.203768 0.256344 1 253 0
0.512986 -0.198949 0.256637 1 253 0
0.513637 -0.19426 0.255479 1 253 0
0.513953 -0.189443 0.254903 1 253 0
0.51427 -0.184606 0.25432 1 253 0
0.514672 -0.179798 0.253573 1 253 0
0.515186 -0.175038 0.252624 1 253 0
0.515757 -0.170304 0.251572 1 253 0
0.516301 -0.165554 0.250577 1 253 0
0.516743 -0.160762 0.24977 1 253 0
0.516992 -0.155912 0.249295 1 253 0
0.517062 -0.151033 0.249135 1 253 0
0.516957 -0.146156 0.249316 1 253 0
0.516773 -0.14129 0.249679 2 252 0
0.51668 -0.133638 0.249847 2 252 0
0.516546 -0.12851 0.250108 2 252 0
0.516742 -0.123414 0.250702 2 252 0
0.516701 -0.11833 0.251416 2 252 0
0.516521 -0.113294 0.252401 2 252 0
0.516238 -0.108299 0.253563 2 252 0
0.515911 -0.103326 0.254808 2 252 0
0.515586 -0.0983522 0.25605 2 252 0
0.515042 -0.0934236 0.257365 2 252 0
0.51434 -0.0885037 0.258654 2 252 0
0.514028 -0.0812696 0.259199 2 252 0
0.51422 -0.0762335 0.25885 2 252 0
0.514287 -0.0711835 0.258728 2 252 0
0.514352 -0.0661333 0.258611 2 252 0
0.514444 -0.0610849 0.258437 2 252 0
0.514519 -0.0560355 0.258295 2 252 0
0.514527 -0.0509841 0.258277 2 252 0
0.514486 -0.0459326 0.258353 2 252 0
0.51446 -0.0408808 0.258402 2 252 0
0.514437 -0.035829 0.258439 2 252 0
0.514459 -0.0255228 0.258416 2 252 0
0.51431 -0.0205187 0.258694 2 252 0
0.514278 -0.0155054 0.25875 2 252 0
0.514311 -0.0104914 0.258739 2 252 0
0.514356 -0.0054781 0.258657 2 252 0
0.514399 -0.000464802 0.258577 2 252 0
0.514469 0.00454729 0.258454 2 252 0
0.514553 0.0095564 0.258246 2 252 0
0.514714 0.0145591 0.257948 2 252 0
0.514914 0.0195557 0.25758 2 252 0
0.515135 0.0245493 0.257184 2 252 0
0.515353 0.0295426 0.256783 2 252 0
0.515578 0.0345351 0.256376 2 252 0
0.51577 0.0395328 0.25602 2 252 0
0.516027 0.0449124 0.255545 2 252 0
0.516217 0.0497212 0.255204 2 252 0
0.516704 0.054515 0.255008 2 252 0
0.517217 0.0593108 0.2549 2 252 0
0.517643 0.0641156 0.254922 2 252 0
0.517966 0.0689239 0.25511 2 252 0
0.518205 0.0737282 0.25547 2 252 0
0.51829 0.0785284 0.255908 2 252 0
0.518085 0.0833335 0.256283 2 252 0
0.517777 0.0881149 0.256846 2 252 0
0.517673 0.0903963 0.257047 2 252 0
0.517811 0.0951307 0.25678 2 252 0
0.518034 0.0998493 0.256362 3 251 0
0.518473 0.104503 0.25555 3 251 0
0.519074 0.109082 0.254466 3 251 0
0.519741 0.113621 0.25326 3 251 0
0.51921 0.11368 0.254105 3 251 0
0.574981 0.117841 0.279291 3 251 0
0.575357 0.117694 0.278376 3 251 0
0.575489 0.114408 0.278174 3 251 0
0.574801 0.10982 0.279097 3 251 0
0.574261 0.105243 0.280168 3 251 0
0.573077 0.100773 0.281186 3 251 0
0.572113 0.0962929 0.282361 3 251 0
0.571269 0.0910663 0.284078 3 251 0
0.57062 0.0859453 0.285316 3 251 0
0.570229 0.080712 0.286167 3 251 0
0.57013 0.0754128 0.28656 3 251 0
0.570185 0.0701005 0.286407 3 251 0
0.570453 0.0648261 0.285795 3 251 0
0.570791 0.0595727 0.285052 3 251 0
0.57114 0.054333 0.284223 3 251 0
0.57095 0.0432692 0.284028 3 251 0
0.570915 0.0384093 0.284061 3 251 0
0.570813 0.0335688 0.284457 3 251 0
0.570462 0.0287362 0.284823 3 251 0
0.570188 0.0239043 0.285261 3 251 0
0.569834 0.0190758 0.285676 3 251 0
0.569398 0.0142506 0.286063 3 251 0
0.568975 0.00942718 0.286481 3 251 0
0.568558 0.00460422 0.286912 3 251 0
0.56812 -0.000220021 0.287307 3 251 0
0.567695 -0.00504938 0.287647 3 251 0
0.567249 -0.0098831 0.287882 3 251 0
0.566918 -0.014721 0.288083 3 251 0
0.566602 -0.0195623 0.288108 3 251 0
0.566619 -0.0275186 0.287828 3 251 0
0.566917 -0.0325122 0.287398 3 251 0
0.567067 -0.0375259 0.287179 3 251 0
0.56718 -0.0425426 0.287009 3 251 0
0.567169 -0.0475542 0.286748 3 251 0
0.567059 -0.0525606 0.286382 3 251 0
0.56691 -0.057569 0.286068 3 251 0
0.566685 -0.06258 0.285855 3 251 0
0.566384 -0.0675869 0.285644 3 251 0
0.565928 -0.0725519 0.285076 3 251 0
0.56601 -0.0802547 0.284973 3 251 0
0.566262 -0.0853081 0.28459 3 251 0
0.5666 -0.0903462 0.284085 4 250 0
0.566957 -0.0953804 0.283558 4 250 0
0.567465 -0.100398 0.283002 4 250 0
0.568063 -0.105412 0.282487 4 250 0
0.568653 -0.110427 0.281984 4 250 0
0.569226 -0.115447 0.28151 4 250 0
0.569826 -0.120466 0.281058 4 250 0
0.570503 -0.125493 0.280916 4 250 0
0.570814 -0.135787 0.280467 4 250 0
0.571055 -0.140792 0.280118 4 250 0
0.571348 -0.145788 0.279685 4 250 0
0.571431 -0.150781 0.279141 4 250 0
0.571482 -0.15578 0.278646 4 250 0
0.571492 -0.160779 0.278151 4 250 0
0.571506 -0.165782 0.277691 4 250 0
0.571479 -0.17079 0.27729 4 250 0
0.571339 -0.175803 0.277016 4 250 0
0.571062 -0.180818 0.27709 4 250 0
0.570606 -0.185805 0.277494 4 250 0
0.569986 -0.190749 0.278127 4 250 0
0.569617 -0.195715 0.278773 4 250 0
0.569099 -0.200614 0.279755 4 250 0
0.567772 -0.208593 0.282247 4 250 0
0.56777 -0.213711 0.282284 4 250 0
0.56791 -0.218832 0.282126 4 250 0
0.567982 -0.223963 0.282036 4 250 0
0.568199 -0.229084 0.281719 4 250 0
0.568451 -0.234202 0.281367 4 250 0
0.568653 -0.239327 0.281098 4 250 0
0.568754 -0.244459 0.280966 4 250 0
0.568749 -0.249595 0.280976 4 250 0
0.568515 -0.254712 0.281338 4 250 0
0.568628 -0.249112 0.281119 4 250 0
0.568831 -0.244444 0.280818 4 250 0
0.568862 -0.239759 0.280786 4 250 0
0.56875 -0.23508 0.280951 4 250 0
0.56844 -0.230427 0.281378 4 250 0
0.568039 -0.225792 0.281939 4 250 0
0.567629 -0.221164 0.282538 4 250 0
0.567063 -0.21658 0.283329 4 250 0
0.568251 -0.205865 0.281213 4 250 0
0.56894 -0.201224 0.279988 4 250 0
0.569401 -0.196471 0.279129 4 250 0
0.569837 -0.191695 0.278382 4 250 0
0.570371 -0.186915 0.277748 4 250 0
0.570842 -0.182106 0.277312 4 250 0
0.571163 -0.17727 0.277119 4 250 0
0.571347 -0.172425 0.277224 5 249 0
0.571419 -0.167584 0.27755 5 249 0
0.571419 -0.162746 0.277943 5 249 0
0.571408 -0.157912 0.278369 5 249 0
0.571405 -0.153082 0.278841 5 249 0
0.571445 -0.148283 0.279553 5 249 0
0.571146 -0.143459 0.279989 5 249 0
0.570842 -0.135611 0.280421 5 249 0
0.570652 -0.130813 0.280711 5 249 0
0.570451 -0.126015 0.281003 5 249 0
0.570224 -0.121222 0.281335 5 249 0
0.569892 -0.116442 0.28175 5 249 0
0.569361 -0.111682 0.282194 5 249 0
0.568819 -0.106926 0.282674 5 249 0
0.568272 -0.102171 0.283151 5 249 0
0.567719 -0.0974161 0.283625 5 249 0
0.56706 -0.0926815 0.284157 5 249 0
0.566254 -0.0879599 0.284595 5 249 0
0.565983 -0.0829002 0.285001 5 249 0
0.565995 -0.0781057 0.28499 5 249 0
0.566186 -0.0733272 0.285312 5 249 0
0.566439 -0.0685502 0.285639 5 249 0
0.566723 -0.0637711 0.285903 5 249 0
0.567018 -0.0589919 0.286155 5 249 0
0.567297 -0.0542134 0.286437 5 249 0
0.567411 -0.0494297 0.286676 5 249 0
0.567306 -0.0446383 0.286827 5 249 0
0.56718 -0.0398485 0.287009 5 249 0
0.566923 -0.0350758 0.287367 5 249 0
0.566645 -0.0244146 0.288036 5 249 0
0.566643 -0.0195524 0.287993 5 249 0
0.566875 -0.0147017 0.287888 5 249 0
0.567223 -0.00985226 0.28783 5 249 0
0.567626 -0.00501104 0.287631 5 249 0
0.568051 -0.00017841 0.287303 5 249 0
0.568506 0.00464516 0.286889 5 249 0
0.568939 0.0094679 0.286444 5 249 0
0.569353 0.0142948 0.286026 5 249 0
0.569782 0.0191235 0.285643 5 249 0
0.570209 0.0239526 0.285265 5 249 0
0.570631 0.0287773 0.284844 5 249 0
0.570875 0.0335967 0.284255 5 249 0
0.570914 0.0384524 0.284044 5 249 0
0.570971 0.0432497 0.283979 5 249 0
0.570893 0.0483406 0.284043 5 249 0
0.570874 0.0534287 0.284305 5 249 0
0.570742 0.0584993 0.284781 5 249 0
0.570428 0.0635346 0.285491 6 248 0
0.570142 0.0685803 0.286139 6 248 0
0.570066 0.0736536 0.286597 6 248 0
0.570053 0.0787435 0.286379 6 248 0
0.570303 0.083795 0.285765 6 248 0
0.570759 0.0887603 0.284773 6 248 0
0.571287 0.0924738 0.283523 6 248 0
0.572171 0.0968092 0.282251 6 248 0
0.573076 0.101148 0.28101 6 248 0
0.574277 0.105494 0.280081 6 248 0
0.574826 0.109944 0.279062 6 248 0
0.575489 0.114408 0.278174 6 248 0
0.57512 0.11454 0.279093 6 248 0
0.519696 0.116566 0.25326 6 248 0
0.520232 0.116516 0.252417 6 248 0
0.517978 0.114625 0.252016 6 248 0
0.514077 0.111759 0.251018 6 248 0
0.510255 0.108823 0.249932 6 248 0
0.506432 0.106042 0.248491 6 248 0
0.50279 0.103364 0.246498 6 248 0
0.499366 0.100542 0.244325 6 248 0
0.495993 0.0977484 0.242036 6 248 0
0.496348 0.0921669 0.242184 6 248 0
0.495932 0.0868843 0.242025 6 248 0
0.495491 0.0815843 0.241898 6 248 0
0.494995 0.0762878 0.241937 6 248 0
0.494496 0.0709916 0.241993 6 248 0
0.494006 0.0656948 0.242013 6 248 0
0.493887 0.0603824 0.242269 6 248 0
0.493785 0.0550683 0.242471 6 248 0
0.493137 0.0447152 0.243126 6 248 0
0.492842 0.0395267 0.243429 6 248 0
0.49257 0.0343455 0.243855 6 248 0
0.492339 0.0291527 0.24414 6 248 0
0.492128 0.0239571 0.244389 6 248 0
0.491971 0.0187563 0.244556 6 248 0
0.491918 0.0135514 0.244628 6 248 0
0.491914 0.00834559 0.244631 6 248 0
0.49192 0.00313978 0.244622 6 248 0
0.491949 -0.00206572 0.244573 6 248 0
0.491988 -0.00727083 0.244496 6 248 0
0.492098 -0.0124707 0.244276 6 248 0
0.492164 -0.0176736 0.244117 6 248 0
0.492183 -0.0253002 0.244185 6 248 0
0.492153 -0.0305451 0.244219 6 248 0
0.492078 -0.0357882 0.244334 6 248 0
0.491981 -0.0410289 0.244528 6 248 0
0.491875 -0.0462688 0.244739 7 247 0
0.491757 -0.0515082 0.244954 7 247 0
0.491641 -0.0567467 0.245193 7 247 0
0.49155 -0.0619875 0.245375 7 247 0
0.491446 -0.0672264 0.245582 7 247 0
0.491374 -0.0724681 0.24573 7 247 0
0.491592 -0.0778373 0.245413 7 247 0
0.491805 -0.0825192 0.244455 7 247 0
0.491895 -0.087235 0.243633 7 247 0
0.49203 -0.0919498 0.242809 7 247 0
0.492156 -0.096669 0.242009 7 247 0
0.492236 -0.101402 0.241294 7 247 0
0.492343 -0.106154 0.240721 7 247 0
0.492554 -0.110915 0.240261 7 247 0
0.492767 -0.115676 0.239798 7 247 0
0.492943 -0.120444 0.239389 7 247 0
0.493086 -0.125221 0.239103 7 247 0
0.49349 -0.135586 0.238276 7 247 0
0.493585 -0.140393 0.238068 7 247 0
0.493126 -0.145144 0.23861 7 247 0
0.492689 -0.149916 0.239068 7 247 0
0.492288 -0.154693 0.239545 7 247 0
0.491881 -0.159467 0.240046 7 247 0
0.491488 -0.16424 0.240563 7 247 0
0.491106 -0.169019 0.24104 7 247 0
0.490759 -0.173807 0.241431 7 247 0
0.490468 -0.178606 0.241721 7 247 0
0.490242 -0.183415 0.241817 7 247 0
0.49015 -0.188228 0.241674 7 247 0
0.490366 -0.193026 0.24137 7 247 0
0.490701 -0.197778 0.24066 7 247 0
0.49103 -0.205845 0.238714 7 247 0
0.491056 -0.210542 0.23748 7 247 0
0.490786 -0.215255 0.236344 7 247 0
0.490516 -0.220012 0.235402 7 247 0
0.49005 -0.224776 0.234568 7 247 0
0.489498 -0.229555 0.233884 7 247 0
0.48893 -0.234359 0.233428 7 247 0
0.488462 -0.239186 0.233139 7 247 0
0.487734 -0.243981 0.232857 7 247 0
0.487046 -0.248787 0.232776 7 247 0
0.486446 -0.253604 0.232689 7 247 0
0.487147 -0.248608 0.233047 7 247 0
0.488057 -0.243601 0.233166 7 247 0
0.488763 -0.238554 0.233265 7 247 0
0.489677 -0.233549 0.233568 7 247 0
0.490336 -0.228508 0.233935 8 246 0
0.490641 -0.223446 0.234445 8 246 0
0.490973 -0.218479 0.235534 8 246 0
0.490964 -0.2135 0.236612 8 246 0
0.490253 -0.20296 0.238267 8 246 0
0.489917 -0.198249 0.239158 8 246 0
0.489788 -0.193522 0.240022 8 246 0
0.489657 -0.188753 0.240614 8 246 0
0.489556 -0.183956 0.240849 8 246 0
0.489666 -0.179153 0.240848 8 246 0
0.490011 -0.174361 0.240706 8 246 0
0.490473 -0.16958 0.240501 8 246 0
0.490931 -0.164802 0.240228 8 246 0
0.49138 -0.160028 0.239884 8 246 0
0.491854 -0.155259 0.2395 8 246 0
0.492301 -0.150511 0.238926 8 246 0
0.493055 -0.145844 0.238063 8 246 0
0.49367 -0.141091 0.237875 8 246 0
0.493408 -0.133586 0.238461 8 246 0
0.493207 -0.128447 0.238839 8 246 0
0.493117 -0.12331 0.239258 8 246 0
0.492969 -0.118179 0.239737 8 246 0
0.492741 -0.113049 0.240206 8 246 0
0.492649 -0.107927 0.24078 8 246 0
0.492591 -0.102811 0.241422 8 246 0
0.49246 -0.0977053 0.242133 8 246 0
0.492335 -0.092613 0.242929 8 246 0
0.492198 -0.0875177 0.243643 8 246 0
0.491954 -0.0825555 0.244537 8 246 0
0.491698 -0.0777182 0.245065 8 246 0
0.491515 -0.0728637 0.245466 8 246 0
0.49142 -0.0679962 0.245651 8 246 0
0.49145 -0.063125 0.245581 8 246 0
0.491587 -0.0582598 0.245324 8 246 0
0.491753 -0.053399 0.244998 8 246 0
0.491893 -0.0485352 0.244711 8 246 0
0.492002 -0.0436659 0.24452 8 246 0
0.492077 -0.0387933 0.244406 8 246 0
0.492086 -0.0339195 0.244368 8 246 0
0.492165 -0.0235676 0.244179 8 246 0
0.492128 -0.0187166 0.244233 8 246 0
0.492061 -0.0138672 0.244362 8 246 0
0.491999 -0.00901733 0.244475 8 246 0
0.491958 -0.00416657 0.244555 8 246 0
0.491935 0.000684759 0.2446 8 246 0
0.491924 0.00553633 0.244618 8 246 0
0.491922 0.010388 0.244621 8 246 0
0.491939 0.0152394 0.244599 9 245 0
0.492011 0.0200893 0.244514 9 245 0
0.492168 0.0249352 0.244342 9 245 0
0.492355 0.0297779 0.244116 9 245 0
0.492558 0.0346137 0.243799 9 245 0
0.492824 0.0394438 0.243433 9 245 0
0.493204 0.04485 0.24309 9 245 0
0.493443 0.0499565 0.24283 9 245 0
0.493731 0.0550605 0.242554 9 245 0
0.493868 0.0601721 0.242302 9 245 0
0.493986 0.0652851 0.242068 9 245 0
0.494094 0.0703981 0.241831 9 245 0
0.494241 0.0755081 0.241553 9 245 0
0.494364 0.0806192 0.241284 9 245 0
0.494444 0.0857353 0.241109 9 245 0
0.49451 0.0908529 0.240981 9 245 0
0.496059 0.09343 0.241941 9 245 0
0.499557 0.0967065 0.244409 9 245 0
0.502939 0.100253 0.246674 9 245 0
0.506344 0.103952 0.248627 9 245 0
0.50995 0.107676 0.250102 9 245 0
0.513899 0.111191 0.251172 9 245 0
0.517978 0.114625 0.252016 9 245 0
0.517439 0.11468 0.252857 9 245 0
0.574981 0.117841 0.279291 9 245 0
0.575357 0.117694 0.278376 9 245 0
0.576533 0.115085 0.278499 9 245 0
0.579269 0.111681 0.280531 9 245 0
0.581783 0.108091 0.282541 9 245 0
0.584349 0.104566 0.284601 9 245 0
0.586738 0.100898 0.286621 9 245 0
0.589271 0.0973295 0.288638 9 245 0
0.58946 0.0925501 0.290486 9 245 0
0.588983 0.088029 0.292303 9 245 0
0.588775 0.0834143 0.293951 9 245 0
0.588867 0.0787553 0.295465 9 245 0
0.589108 0.0740093 0.296646 9 245 0
0.589629 0.0692124 0.297419 9 245 0
0.590669 0.0644438 0.297792 9 245 0
0.591678 0.0596477 0.297635 9 245 0
0.592829 0.0548974 0.29734 9 245 0
0.593779 0.0442186 0.296529 9 245 0
0.593877 0.039338 0.296389 9 245 0
0.593945 0.0344561 0.29629 9 245 0
0.59395 0.0295735 0.296189 9 245 0
0.593781 0.0246971 0.296308 9 245 0
0.593455 0.019834 0.296598 9 245 0
0.593055 0.0149842 0.297005 10 244 0
0.59262 0.0101433 0.297481 10 244 0
0.592149 0.00530987 0.297996 10 244 0
0.59165 0.000478115 0.298499 10 244 0
0.591151 -0.00436005 0.298938 10 244 0
0.590619 -0.00918662 0.299436 10 244 0
0.589839 -0.0139536 0.300151 10 244 0
0.589477 -0.0187858 0.300721 10 244 0
0.58942 -0.0264595 0.300364 10 244 0
0.589445 -0.0316578 0.30016 10 244 0
0.58953 -0.0368546 0.29994 10 244 0
0.589605 -0.0420521 0.299743 10 244 0
0.589679 -0.0472522 0.299611 10 244 0
0.589782 -0.0524504 0.299441 10 244 0
0.589944 -0.0576461 0.299235 10 244 0
0.590111 -0.0628412 0.299017 10 244 0
0.590258 -0.0680371 0.298806 10 244 0
0.590472 -0.0732261 0.298511 10 244 0
0.590612 -0.0784364 0.298132 10 244 0
0.590939 -0.0833454 0.297782 10 244 0
0.591209 -0.088261 0.297479 10 244 0
0.591417 -0.0931712 0.297066 10 244 0
0.591663 -0.0980752 0.296601 10 244 0
0.591903 -0.102978 0.296118 10 244 0
0.59212 -0.10788 0.295615 10 244 0
0.592351 -0.112776 0.295072 10 244 0
0.59263 -0.117666 0.294486 10 244 0
0.593013 -0.122553 0.293946 10 244 0
0.593403 -0.127445 0.293444 10 244 0
0.593731 -0.137983 0.293007 10 244 0
0.593927 -0.143164 0.292767 10 244 0
0.593907 -0.148331 0.292336 10 244 0
0.593908 -0.153505 0.291935 10 244 0
0.593881 -0.158683 0.291573 10 244 0
0.593844 -0.163857 0.291177 10 244 0
0.593808 -0.169027 0.290713 10 244 0
0.593922 -0.174196 0.290267 10 244 0
0.593885 -0.179368 0.289835 10 244 0
0.593772 -0.184553 0.289642 10 244 0
0.593519 -0.189736 0.289606 10 244 0
0.593595 -0.194924 0.289484 10 244 0
0.593593 -0.200114 0.289479 10 244 0
0.592865 -0.208153 0.290826 10 244 0
0.592234 -0.213141 0.291962 10 244 0
0.591843 -0.218229 0.292717 10 244 0
0.59152 -0.223337 0.293343 10 244 0
0.591327 -0.228475 0.293739 10 244 0
0.59126 -0.233628 0.293899 11 243 0
0.591283 -0.238785 0.293845 11 243 0
0.591393 -0.243936 0.29362 11 243 0
0.591563 -0.249081 0.293294 11 243 0
0.591598 -0.254237 0.293155 11 243 0
0.591583 -0.248536 0.293452 11 243 0
0.591461 -0.243853 0.293615 11 243 0
0.591324 -0.239169 0.293793 11 243 0
0.59123 -0.234481 0.293916 11 243 0
0.591181 -0.229792 0.293996 11 243 0
0.59122 -0.225109 0.293875 11 243 0
0.591361 -0.220436 0.293503 11 243 0
0.591698 -0.21579 0.292994 11 243 0
0.593172 -0.20564 0.290537 11 243 0
0.593557 -0.200481 0.290238 11 243 0
0.593756 -0.195295 0.290212 11 243 0
0.59414 -0.19012 0.289975 11 243 0
0.594478 -0.184936 0.289933 11 243 0
0.594599 -0.179747 0.29012 11 243 0
0.594654 -0.174569 0.290537 11 243 0
0.594537 -0.169394 0.290983 11 243 0
0.594352 -0.164216 0.291361 11 243 0
0.594377 -0.159036 0.291751 11 243 0
0.594403 -0.153854 0.292112 11 243 0
0.594142 -0.148676 0.292446 11 243 0
0.593897 -0.143496 0.292752 11 243 0
0.593748 -0.135662 0.29299 11 243 0
0.593418 -0.130447 0.293418 11 243 0
0.593116 -0.125231 0.293838 11 243 0
0.59283 -0.120017 0.29429 11 243 0
0.592521 -0.114813 0.29484 11 243 0
0.592271 -0.10961 0.295424 11 243 0
0.592054 -0.104402 0.295977 11 243 0
0.591794 -0.0991914 0.296494 11 243 0
0.591559 -0.0939838 0.297046 11 243 0
0.591421 -0.0887656 0.297517 11 243 0
0.590857 -0.0839155 0.297763 11 243 0
0.590692 -0.0789721 0.298064 11 243 0
0.590446 -0.0740352 0.298415 11 243 0
0.590256 -0.0690934 0.298728 11 243 0
0.590102 -0.0641466 0.298977 11 243 0
0.589935 -0.0591987 0.299193 11 243 0
0.589775 -0.0542499 0.299394 11 243 0
0.58966 -0.0492983 0.29955 11 243 0
0.589594 -0.0443448 0.299666 11 243 0
0.589573 -0.0393912 0.299796 11 243 0
0.58951 -0.0344385 0.299946 12 242 0
0.589401 -0.0236681 0.300548 12 242 0
0.589552 -0.0188527 0.300369 12 242 0
0.590129 -0.0140969 0.299816 12 242 0
0.590643 -0.00931927 0.299387 12 242 0
0.591117 -0.00453492 0.298963 12 242 0
0.591608 0.000246757 0.298529 12 242 0
0.592102 0.00502289 0.298042 12 242 0
0.592579 0.00979761 0.297523 12 242 0
0.59302 0.0145797 0.297043 12 242 0
0.593456 0.0193695 0.296651 12 242 0
0.593884 0.024169 0.296401 12 242 0
0.594093 0.028987 0.296212 12 242 0
0.594147 0.0338118 0.296171 12 242 0
0.594103 0.0386367 0.296282 12 242 0
0.593852 0.0441302 0.296059 12 242 0
0.592815 0.0492431 0.296376 12 242 0
0.592091 0.0544139 0.296818 12 242 0
0.591025 0.059531 0.297198 12 242 0
0.590013 0.0646635 0.297426 12 242 0
0.589576 0.0698787 0.2974 12 242 0
0.589132 0.0750312 0.29657 12 242 0
0.589028 0.0800922 0.295226 12 242 0
0.589461 0.0850814 0.293681 12 242 0
0.589712 0.0899306 0.291724 12 242 0
0.588792 0.0916765 0.290414 12 242 0
0.587067 0.0956962 0.28837 12 242 0
0.584955 0.0995102 0.286272 12 242 0
0.582704 0.103296 0.284268 12 242 0
0.580488 0.107108 0.282275 12 242 0
0.578414 0.111033 0.280352 12 242 0
0.576533 0.115085 0.278499 12 242 0
0.576159 0.115218 0.279417 12 242 0
0.519696 0.116566 0.25326 12 242 0
0.520232 0.116516 0.252417 12 242 0
0.520232 0.116516 0.252417 12 242 0
0.519741 0.113621 0.25326 12 242 0
0.519113 0.109361 0.254397 12 242 0
0.518526 0.105074 0.25545 12 242 0
0.518115 0.100705 0.256213 12 242 0
0.517735 0.0963225 0.256906 12 242 0
0.517693 0.0913115 0.256942 12 242 0
0.517986 0.0861358 0.256434 12 242 0
0.517821 0.0809602 0.255862 12 242 0
0.517667 0.075788 0.255257 12 242 0
0.517426 0.070602 0.254822 12 242 0
0.517084 0.0654115 0.254535 12 242 0
0.516597 0.0602247 0.25451 13 241 0
0.516444 0.0550249 0.254791 13 241 0
0.515982 0.044556 0.255636 13 241 0
0.515793 0.0397415 0.255981 13 241 0
0.515588 0.0349298 0.256353 13 241 0
0.515378 0.0301187 0.256732 13 241 0
0.515169 0.025308 0.257115 13 241 0
0.514955 0.0204976 0.2575 13 241 0
0.51476 0.0156842 0.257855 13 241 0
0.514602 0.0108653 0.258146 13 241 0
0.514488 0.00604076 0.25835 13 241 0
0.514414 0.00121273 0.258483 13 241 0
0.514357 -0.00361634 0.258587 13 241 0
0.514301 -0.00844535 0.258692 13 241 0
0.51426 -0.0132749 0.258767 13 241 0
0.514327 -0.0181019 0.25865 13 241 0
0.514471 -0.0258255 0.258385 13 241 0
0.514489 -0.0310663 0.258343 13 241 0
0.514482 -0.0363074 0.258353 13 241 0
0.51447 -0.0415486 0.258375 13 241 0
0.514487 -0.0467894 0.258342 13 241 0
0.514522 -0.0520301 0.258278 13 241 0
0.514505 -0.0572705 0.258314 13 241 0
0.514422 -0.0625085 0.258469 13 241 0
0.514344 -0.0677467 0.258618 13 241 0
0.514261 -0.072984 0.258777 13 241 0
0.514045 -0.0783366 0.259184 13 241 0
0.514194 -0.0831272 0.258908 13 241 0
0.514115 -0.0878921 0.258302 13 241 0
0.514228 -0.092579 0.257271 13 241 0
0.514512 -0.097191 0.255959 13 241 0
0.51485 -0.101778 0.254568 13 241 0
0.51516 -0.106376 0.253205 13 241 0
0.515506 -0.111012 0.252011 13 241 0
0.515991 -0.11571 0.251132 13 241 0
0.516331 -0.120461 0.250495 13 241 0
0.516552 -0.125241 0.250058 13 241 0
0.516672 -0.135776 0.249873 13 241 0
0.516827 -0.140691 0.249615 13 241 0
0.517 -0.145601 0.249289 13 241 0
0.517067 -0.150522 0.249162 13 241 0
0.517007 -0.155442 0.2493 13 241 0
0.516759 -0.160333 0.249773 13 241 0
0.516315 -0.165165 0.250584 13 241 0
0.515766 -0.169954 0.251588 13 241 0
0.51519 -0.174727 0.252649 13 241 0
0.514676 -0.179531 0.253583 13 241 0
0.514273 -0.184385 0.254308 14 240 0
0.513812 -0.189195 0.255161 14 240 0
0.512958 -0.193784 0.256727 14 240 0
0.512335 -0.198524 0.25782 14 240 0
0.513674 -0.206321 0.255372 14 240 0
0.51466 -0.21114 0.253568 14 240 0
0.515374 -0.216167 0.252253 14 240 0
0.515872 -0.221258 0.251151 14 240 0
0.515992 -0.226456 0.250504 14 240 0
0.515865 -0.231689 0.250303 14 240 0
0.515552 -0.236922 0.250443 14 240 0
0.515143 -0.242141 0.250753 14 240 0
0.51457 -0.247329 0.251237 14 240 0
0.51397 -0.2525 0.251822 14 240 0
0.51408 -0.247082 0.251605 14 240 0
0.514742 -0.242484 0.250795 14 240 0
0.515358 -0.237833 0.250284 14 240 0
0.515875 -0.233159 0.249866 14 240 0
0.516218 -0.22846 0.249756 14 240 0
0.516297 -0.223767 0.250118 14 240 0
0.516102 -0.219119 0.250923 14 240 0
0.515553 -0.214546 0.251908 14 240 0
0.513145 -0.203768 0.256344 14 240 0
0.512986 -0.198949 0.256637 14 240 0
0.513637 -0.19426 0.255479 14 240 0
0.513953 -0.189443 0.254903 14 240 0
0.51427 -0.184606 0.25432 14 240 0
0.514672 -0.179798 0.253573 14 240 0
0.515186 -0.175038 0.252624 14 240 0
0.515757 -0.170304 0.251572 14 240 0
0.516301 -0.165554 0.250577 14 240 0
0.516743 -0.160762 0.24977 14 240 0
0.516992 -0.155912 0.249295 14 240 0
0.517062 -0.151033 0.249135 14 240 0
0.516957 -0.146156 0.249316 14 240 0
0.516773 -0.14129 0.249679 14 240 0
0.51668 -0.133638 0.249847 14 240 0
0.516546 -0.12851 0.250108 14 240 0
0.516742 -0.123414 0.250702 14 240 0
0.516701 -0.11833 0.251416 14 240 0
0.516521 -0.113294 0.252401 14 240 0
0.516238 -0.108299 0.253563 14 240 0
0.515911 -0.103326 0.254808 14 240 0
0.515586 -0.0983522 0.25605 14 240 0
0.515042 -0.0934236 0.257365 14 240 0
0.51434 -0.0885037 0.258654 14 240 0
0.514028 -0.0812696 0.259199 14 240 0
0.51422 -0.0762335 0.25885 15 239 0
0.514287 -0.0711835 0.258728 15 239 0
0.514352 -0.0661333 0.258611 15 239 0
0.514444 -0.0610849 0.258437 15 239 0
0.514519 -0.0560355 0.258295 15 239 0
0.514527 -0.0509841 0.258277 15 239 0
0.514486 -0.0459326 0.258353 15 239 0
0.51446 -0.0408808 0.258402 15 239 0
0.514437 -0.035829 0.258439 15 239 0
0.514459 -0.0255228 0.258416 15 239 0
0.51431 -0.0205187 0.258694 15 239 0
0.514278 -0.0155054 0.25875 15 239 0
0.514311 -0.0104914 0.258739 15 239 0
0.514356 -0.0054781 0.258657 15 239 0
0.514399 -0.000464802 0.258577 15 239 0
0.514469 0.00454729 0.258454 15 239 0
0.514553 0.0095564 0.258246 15 239 0
0.514714 0.0145591 0.257948 15 239 0
0.514914 0.0195557 0.25758 15 239 0
0.515135 0.0245493 0.257184 15 239 0
0.515353 0.0295426 0.256783 15 239 0
0.515578 0.0345351 0.256376 15 239 0
0.51577 0.0395328 0.25602 15 239 0
0.516027 0.0449124 0.255545 15 239 0
0.516217 0.0497212 0.255204 15 239 0
0.516704 0.054515 0.255008 15 239 0
0.517217 0.0593108 0.2549 15 239 0
0.517643 0.0641156 0.254922 15 239 0
0.517966 0.0689239 0.25511 15 239 0
0.518205 0.0737282 0.25547 15 239 0
0.51829 0.0785284 0.255908 15 239 0
0.518085 0.0833335 0.256283 15 239 0
0.517777 0.0881149 0.256846 15 239 0
0.517673 0.0903963 0.257047 15 239 0
0.517811 0.0951307 0.25678 15 239 0
0.518034 0.0998493 0.256362 15 239 0
0.518473 0.104503 0.25555 15 239 0
0.519074 0.109082 0.254466 15 239 0
0.519741 0.113621 0.25326 15 239 0
0.51921 0.11368 0.254105 15 239 0
0.574981 0.117841 0.279291 15 239 0
0.575357 0.117694 0.278376 15 239 0
0.575489 0.114408 0.278174 15 239 0
0.574801 0.10982 0.279097 15 239 0
0.574261 0.105243 0.280168 15 239 0
0.573077 0.100773 0.281186 15 239 0
0.572113 0.0962929 0.282361 16 238 0
0.571269 0.0910663 0.284078 16 238 0
0.57062 0.0859453 0.285316 16 238 0
0.570229 0.080712 0.286167 16 238 0
0.57013 0.0754128 0.28656 16 238 0
0.570185 0.0701005 0.286407 16 238 0
0.570453 0.0648261 0.285795 16 238 0
0.570791 0.0595727 0.285052 16 238 0
0.57114 0.054333 0.284223 16 238 0
0.57095 0.0432692 0.284028 16 238 0
0.570915 0.0384093 0.284061 16 238 0
0.570813 0.0335688 0.284457 16 238 0
0.570462 0.0287362 0.284823 16 238 0
0.570188 0.0239043 0.285261 16 238 0
0.569834 0.0190758 0.285676 16 238 0
0.569398 0.0142506 0.286063 16 238 0
0.568975 0.00942718 0.286481 16 238 0
0.568558 0.00460422 0.286912 16 238 0
0.56812 -0.000220021 0.287307 16 238 0
0.567695 -0.00504938 0.287647 16 238 0
0.567249 -0.0098831 0.287882 16 238 0
0.566918 -0.014721 0.288083 16 238 0
0.566602 -0.0195623 0.288108 16 238 0
0.566619 -0.0275186 0.287828 16 238 0
0.566917 -0.0325122 0.287398 16 238 0
0.567067 -0.0375259 0.287179 16 238 0
0.56718 -0.0425426 0.287009 16 238 0
0.567169 -0.0475542 0.286748 16 238 0
0.567059 -0.0525606 0.286382 16 238 0
0.56691 -0.057569 0.286068 16 238 0
0.566685 -0.06258 0.285855 16 238 0
0.566384 -0.0675869 0.285644 16 238 0
0.565928 -0.0725519 0.285076 16 238 0
0.56601 -0.0802547 0.284973 16 238 0
0.566262 -0.0853081 0.28459 16 238 0
0.5666 -0.0903462 0.284085 16 238 0
0.566957 -0.0953804 0.283558 16 238 0
0.567465 -0.100398 0.283002 16 238 0
0.568063 -0.105412 0.282487 16 238 0
0.568653 -0.110427 0.281984 16 238 0
0.569226 -0.115447 0.28151 16 238 0
0.569826 -0.120466 0.281058 16 238 0
0.570503 -0.125493 0.280916 16 238 0
0.570814 -0.135787 0.280467 16 238 0
0.571055 -0.140792 0.280118 16 238 0
0.571348 -0.145788 0.279685 16 238 0
0.571431 -0.150781 0.279141 16 238 0
0.571482 -0.15578 0.278646 17 237 0
0.571492 -0.160779 0.278151 17 237 0
0.571506 -0.165782 0.277691 17 237 0
0.571479 -0.17079 0.27729 17 237 0
0.571339 -0.175803 0.277016 17 237 0
0.571062 -0.180818 0.27709 17 237 0
0.570606 -0.185805 0.277494 17 237 0
0.569986 -0.190749 0.278127 17 237 0
0.569617 -0.195715 0.278773 17 237 0
0.569099 -0.200614 0.279755 17 237 0
0.567772 -0.208593 0.282247 17 237 0
0.56777 -0.213711 0.282284 17 237 0
0.56791 -0.218832 0.282126 17 237 0
0.567982 -0.223963 0.282036 17 237 0
0.568199 -0.229084 0.281719 17 237 0
0.568451 -0.234202 0.281367 17 237 0
0.568653 -0.239327 0.281098 17 237 0
0.568754 -0.244459 0.280966 17 237 0
0.568749 -0.249595 0.280976 17 237 0
0.568515 -0.254712 0.281338 17 237 0
0.568628 -0.249112 0.281119 17 237 0
0.568831 -0.244444 0.280818 17 237 0
0.568862 -0.239759 0.280786 17 237 0
0.56875 -0.23508 0.280951 17 237 0
0.56844 -0.230427 0.281378 17 237 0
0.568039 -0.225792 0.281939 17 237 0
0.567629 -0.221164 0.282538 17 237 0
0.567063 -0.21658 0.283329 17 237 0
0.568251 -0.205865 0.281213 17 237 0
0.56894 -0.201224 0.279988 17 237 0
0.569401 -0.196471 0.279129 17 237 0
0.569837 -0.191695 0.278382 17 237 0
0.570371 -0.186915 0.277748 17 237 0
0.570842 -0.182106 0.277312 17 237 0
0.571163 -0.17727 0.277119 17 237 0
0.571347 -0.172425 0.277224 17 237 0
0.571419 -0.167584 0.27755 17 237 0
0.571419 -0.162746 0.277943 17 237 0
0.571408 -0.157912 0.278369 17 237 0
0.571405 -0.153082 0.278841 17 237 0
0.571445 -0.148283 0.279553 17 237 0
0.571146 -0.143459 0.279989 17 237 0
0.570842 -0.135611 0.280421 17 237 0
0.570652 -0.130813 0.280711 17 237 0
0.570451 -0.126015 0.281003 17 237 0
0.570224 -0.121222 0.281335 17 237 0
0.569892 -0.116442 0.28175 17 237 0
0.569361 -0.111682 0.282194 18 236 0
0.568819 -0.106926 0.282674 18 236 0
0.568272 -0.102171 0.283151 18 236 0
0.567719 -0.0974161 0.283625 18 236 0
0.56706 -0.0926815 0.284157 18 236 0
0.566254 -0.0879599 0.284595 18 236 0
0.565983 -0.0829002 0.285001 18 236 0
0.565995 -0.0781057 0.28499 18 236 0
0.566186 -0.0733272 0.285312 18 236 0
0.566439 -0.0685502 0.285639 18 236 0
0.566723 -0.0637711 0.285903 18 236 0
0.567018 -0.0589919 0.286155 18 236 0
0.567297 -0.0542134 0.286437 18 236 0
0.567411 -0.0494297 0.286676 18 236 0
0.567306 -0.0446383 0.286827 18 236 0
0.56718 -0.0398485 0.287009 18 236 0
0.566923 -0.0350758 0.287367 18 236 0
0.566645 -0.0244146 0.288036 18 236 0
0.566643 -0.0195524 0.287993 18 236 0
0.566875 -0.0147017 0.287888 18 236 0
0.567223 -0.00985226 0.28783 18 236 0
0.567626 -0.00501104 0.287631 18 236 0
0.568051 -0.00017841 0.287303 18 236 0
0.568506 0.00464516 0.286889 18 236 0
0.568939 0.0094679 0.286444 18 236 0
0.569353 0.0142948 0.286026 18 236 0
0.569782 0.0191235 0.285643 18 236 0
0.570209 0.0239526 0.285265 18 236 0
0.570631 0.0287773 0.284844 18 236 0
0.570875 0.0335967 0.284255 18 236 0
0.570914 0.0384524 0.284044 18 236 0
0.570971 0.0432497 0.283979 18 236 0
0.570893 0.0483406 0.284043 18 236 0
0.570874 0.0534287 0.284305 18 236 0
0.570742 0.0584993 0.284781 18 236 0
0.570428 0.0635346 0.285491 18 236 0
0.570142 0.0685803 0.286139 18 236 0
0.570066 0.0736536 0.286597 18 236 0
0.570053 0.0787435 0.286379 18 236 0
0.570303 0.083795 0.285765 18 236 0
0.570759 0.0887603 0.284773 18 236 0
0.571287 0.0924738 0.283523 18 236 0
0.572171 0.0968092 0.282251 18 236 0
0.573076 0.101148 0.28101 18 236 0
0.574277 0.105494 0.280081 18 236 0
0.574826 0.109944 0.279062 18 236 0
0.575489 0.114408 0.278174 18 236 0
0.57512 0.11454 0.279093 19 235 0
0.519696 0.116566 0.25326 19 235 0
0.520232 0.116516 0.252417 19 235 0
0.517978 0.114625 0.252016 19 235 0
0.514077 0.111759 0.251018 19 235 0
0.510255 0.108823 0.249932 19 235 0
0.506432 0.106042 0.248491 19 235 0
0.50279 0.103364 0.246498 19 235 0
0.499366 0.100542 0.244325 19 235 0
0.495993 0.0977484 0.242036 19 235 0
0.496348 0.0921669 0.242184 19 235 0
0.495932 0.0868843 0.242025 19 235 0
0.495491 0.0815843 0.241898 19 235 0
0.494995 0.0762878 0.241937 19 235 0
0.494496 0.0709916 0.241993 19 235 0
0.494006 0.0656948 0.242013 19 235 0
0.493887 0.0603824 0.242269 19 235 0
0.493785 0.0550683 0.242471 19 235 0
0.493137 0.0447152 0.243126 19 235 0
0.492842 0.0395267 0.243429 19 235 0
0.49257 0.0343455 0.243855 19 235 0
0.492339 0.0291527 0.24414 19 235 0
0.492128 0.0239571 0.244389 19 235 0
0.491971 0.0187563 0.244556 19 235 0
0.491918 0.0135514 0.244628 19 235 0
0.491914 0.00834559 0.244631 19 235 0
0.49192 0.00313978 0.244622 19 235 0
0.491949 -0.00206572 0.244573 19 235 0
0.491988 -0.00727083 0.244496 19 235 0
0.492098 -0.0124707 0.244276 19 235 0
0.492164 -0.0176736 0.244117 19 235 0
0.492183 -0.0253002 0.244185 19 235 0
0.492153 -0.0305451 0.244219 19 235 0
0.492078 -0.0357882 0.244334 19 235 0
0.491981 -0.0410289 0.244528 19 235 0
0.491875 -0.0462688 0.244739 19 235 0
0.491757 -0.0515082 0.244954 19 235 0
0.491641 -0.0567467 0.245193 19 235 0
0.49155 -0.0619875 0.245375 19 235 0
0.491446 -0.0672264 0.245582 19 235 0
0.491374 -0.0724681 0.24573 19 235 0
0.491592 -0.0778373 0.245413 19 235 0
0.491805 -0.0825192 0.244455 19 235 0
0.491895 -0.087235 0.243633 19 235 0
0.49203 -0.0919498 0.242809 19 235 0
0.492156 -0.096669 0.242009 19 235 0
0.492236 -0.101402 0.241294 20 234 0
0.492343 -0.106154 0.240721 20 234 0
0.492554 -0.110915 0.240261 20 234 0
0.492767 -0.115676 0.239798 20 234 0
0.492943 -0.120444 0.239389 20 234 0
0.493086 -0.125221 0.239103 20 234 0
0.49349 -0.135586 0.238276 20 234 0
0.493585 -0.140393 0.238068 20 234 0
0.493126 -0.145144 0.23861 20 234 0
0.492689 -0.149916 0.239068 20 234 0
0.492288 -0.154693 0.239545 20 234 0
0.491881 -0.159467 0.240046 20 234 0
0.491488 -0.16424 0.240563 20 234 0
0.491106 -0.169019 0.24104 20 234 0
0.490759 -0.173807 0.241431 20 234 0
0.490468 -0.178606 0.241721 20 234 0
0.490242 -0.183415 0.241817 20 234 0
0.49015 -0.188228 0.241674 20 234 0
0.490366 -0.193026 0.24137 20 234 0
0.490701 -0.197778 0.24066 20 234 0
0.49103 -0.205845 0.238714 20 234 0
0.491056 -0.210542 0.23748 20 234 0
0.490786 -0.215255 0.236344 20 234 0
0.490516 -0.220012 0.235402 20 234 0
0.49005 -0.224776 0.234568 20 234 0
0.489498 -0.229555 0.233884 20 234 0
0.48893 -0.234359 0.233428 20 234 0
0.488462 -0.239186 0.233139 20 234 0
0.487734 -0.243981 0.232857 20 234 0
0.487046 -0.248787 0.232776 20 234 0
0.486446 -0.253604 0.232689 20 234 0
0.487147 -0.248608 0.233047 20 234 0
0.488057 -0.243601 0.233166 20 234 0
0.488763 -0.238554 0.233265 20 234 0
0.489677 -0.233549 0.233568 20 234 0
0.490336 -0.228508 0.233935 20 234 0
0.490641 -0.223446 0.234445 20 234 0
0.490973 -0.218479 0.235534 20 234 0
0.490964 -0.2135 0.236612 20 234 0
0.490253 -0.20296 0.238267 20 234 0
0.489917 -0.198249 0.239158 20 234 0
0.489788 -0.193522 0.240022 20 234 0
0.489657 -0.188753 0.240614 20 234 0
0.489556 -0.183956 0.240849 20 234 0
0.489666 -0.179153 0.240848 20 234 0
0.490011 -0.174361 0.240706 20 234 0
0.490473 -0.16958 0.240501 20 234 0
0.490931 -0.164802 0.240228 21 233 0
0.49138 -0.160028 0.239884 21 233 0
0.491854 -0.155259 0.2395 21 233 0
0.492301 -0.150511 0.238926 21 233 0
0.493055 -0.145844 0.238063 21 233 0
0.49367 -0.141091 0.237875 21 233 0
0.493408 -0.133586 0.238461 21 233 0
0.493207 -0.128447 0.238839 21 233 0
0.493117 -0.12331 0.239258 21 233 0
0.492969 -0.118179 0.239737 21 233 0
0.492741 -0.113049 0.240206 21 233 0
0.492649 -0.107927 0.24078 21 233 0
0.492591 -0.102811 0.241422 21 233 0
0.49246 -0.0977053 0.242133 21 233 0
0.492335 -0.092613 0.242929 21 233 0
0.492198 -0.0875177 0.243643 21 233 0
0.491954 -0.0825555 0.244537 21 233 0
0.491698 -0.0777182 0.245065 21 233 0
0.491515 -0.0728637 0.245466 21 233 0
0.49142 -0.0679962 0.245651 21 233 0
0.49145 -0.063125 0.245581 21 233 0
0.491587 -0.0582598 0.245324 21 233 0
0.491753 -0.053399 0.244998 21 233 0
0.491893 -0.0485352 0.244711 21 233 0
0.492002 -0.0436659 0.24452 21 233 0
0.492077 -0.0387933 0.244406 21 233 0
0.492086 -0.0339195 0.244368 21 233 0
0.492165 -0.0235676 0.244179 21 233 0
0.492128 -0.0187166 0.244233 21 233 0
0.492061 -0.0138672 0.244362 21 233 0
0.491999 -0.00901733 0.244475 21 233 0
0.491958 -0.00416657 0.244555 21 233 0
0.491935 0.000684759 0.2446 21 233 0
0.491924 0.00553633 0.244618 21 233 0
0.491922 0.010388 0.244621 21 233 0
0.491939 0.0152394 0.244599 21 233 0
0.492011 0.0200893 0.244514 21 233 0
0.492168 0.0249352 0.244342 21 233 0
0.492355 0.0297779 0.244116 21 233 0
0.492558 0.0346137 0.243799 21 233 0
0.492824 0.0394438 0.243433 21 233 0
0.493204 0.04485 0.24309 21 233 0
0.493443 0.0499565 0.24283 21 233 0
0.493731 0.0550605 0.242554 21 233 0
0.493868 0.0601721 0.242302 21 233 0
0.493986 0.0652851 0.242068 21 233 0
0.494094 0.0703981 0.241831 21 233 0
0.494241 0.0755081 0.241553 22 232 0
0.494364 0.0806192 0.241284 22 232 0
0.494444 0.0857353 0.241109 22 232 0
0.49451 0.0908529 0.240981 22 232 0
0.496059 0.09343 0.241941 22 232 0
0.499557 0.0967065 0.244409 22 232 0
0.502939 0.100253 0.246674 22 232 0
0.506344 0.103952 0.248627 22 232 0
0.50995 0.107676 0.250102 22 232 0
0.513899 0.111191 0.251172 22 232 0
0.517978 0.114625 0.252016 22 232 0
0.517439 0.11468 0.252857 22 232 0
0.574981 0.117841 0.279291 22 232 0
0.575357 0.117694 0.278376 22 232 0
0.576533 0.115085 0.278499 22 232 0
0.579269 0.111681 0.280531 22 232 0
0.581783 0.108091 0.282541 22 232 0
0.584349 0.104566 0.284601 22 232 0
0.586738 0.100898 0.286621 22 232 0
0.589271 0.0973295 0.288638 22 232 0
0.58946 0.0925501 0.290486 22 232 0
0.588983 0.088029 0.292303 22 232 0
0.588775 0.0834143 0.293951 22 232 0
0.588867 0.0787553 0.295465 22 232 0
0.589108 0.0740093 0.296646 22 232 0
0.589629 0.0692124 0.297419 22 232 0
0.590669 0.0644438 0.297792 22 232 0
0.591678 0.0596477 0.297635 22 232 0
0.592829 0.0548974 0.29734 22 232 0
0.593779 0.0442186 0.296529 22 232 0
0.593877 0.039338 0.296389 22 232 0
0.593945 0.0344561 0.29629 22 232 0
0.59395 0.0295735 0.296189 22 232 0
0.593781 0.0246971 0.296308 22 232 0
0.593455 0.019834 0.296598 22 232 0
0.593055 0.0149842 0.297005 22 232 0
0.59262 0.0101433 0.297481 22 232 0
0.592149 0.00530987 0.297996 22 232 0
0.59165 0.000478115 0.298499 22 232 0
0.591151 -0.00436005 0.298938 22 232 0
0.590619 -0.00918662 0.299436 22 232 0
0.589839 -0.0139536 0.300151 22 232 0
0.589477 -0.0187858 0.300721 22 232 0
0.58942 -0.0264595 0.300364 22 232 0
0.589445 -0.0316578 0.30016 22 232 0
0.58953 -0.0368546 0.29994 22 232 0
0.589605 -0.0420521 0.299743 22 232 0
0.589679 -0.0472522 0.299611 23 231 0
0.589782 -0.0524504 0.299441 23 231 0
0.589944 -0.0576461 0.299235 23 231 0
0.590111 -0.0628412 0.299017 23 231 0
0.590258 -0.0680371 0.298806 23 231 0
0.590472 -0.0732261 0.298511 23 231 0
0.590612 -0.0784364 0.298132 23 231 0
0.590939 -0.0833454 0.297782 23 231 0
0.591209 -0.088261 0.297479 23 231 0
0.591417 -0.0931712 0.297066 23 231 0
0.591663 -0.0980752 0.296601 23 231 0
0.591903 -0.102978 0.296118 23 231 0
0.59212 -0.10788 0.295615 23 231 0
0.592351 -0.112776 0.295072 23 231 0
0.59263 -0.117666 0.294486 23 231 0
0.593013 -0.122553 0.293946 23 231 0
0.593403 -0.127445 0.293444 23 231 0
0.593731 -0.137983 0.293007 23 231 0
0.593927 -0.143164 0.292767 23 231 0
0.593907 -0.148331 0.292336 23 231 0
0.593908 -0.153505 0.291935 23 231 0
0.593881 -0.158683 0.291573 23 231 0
0.593844 -0.163857 0.291177 23 231 0
0.593808 -0.169027 0.290713 23 231 0
0.593922 -0.174196 0.290267 23 231 0
0.593885 -0.179368 0.289835 23 231 0
0.593772 -0.184553 0.289642 23 231 0
0.593519 -0.189736 0.289606 23 231 0
0.593595 -0.194924 0.289484 23 231 0
0.593593 -0.200114 0.289479 23 231 0
0.592865 -0.208153 0.290826 23 231 0
0.592234 -0.213141 0.291962 23 231 0
0.591843 -0.218229 0.292717 23 231 0
0.59152 -0.223337 0.293343 23 231 0
0.591327 -0.228475 0.293739 23 231 0
0.59126 -0.233628 0.293899 23 231 0
0.591283 -0.238785 0.293845 23 231 0
0.591393 -0.243936 0.29362 23 231 0
0.591563 -0.249081 0.293294 23 231 0
0.591598 -0.254237 0.293155 23 231 0
0.591583 -0.248536 0.293452 23 231 0
0.591461 -0.243853 0.293615 23 231 0
0.591324 -0.239169 0.293793 23 231 0
0.59123 -0.234481 0.293916 23 231 0
0.591181 -0.229792 0.293996 23 231 0
0.59122 -0.225109 0.293875 23 231 0
0.591361 -0.220436 0.293503 24 230 0
0.591698 -0.21579 0.292994 24 230 0
0.593172 -0.20564 0.290537 24 230 0
0.593557 -0.200481 0.290238 24 230 0
0.593756 -0.195295 0.290212 24 230 0
0.59414 -0.19012 0.289975 24 230 0
0.594478 -0.184936 0.289933 24 230 0
0.594599 -0.179747 0.29012 24 230 0
0.594654 -0.174569 0.290537 24 230 0
0.594537 -0.169394 0.290983 24 230 0
0.594352 -0.164216 0.291361 24 230 0
0.594377 -0.159036 0.291751 24 230 0
0.594403 -0.153854 0.292112 24 230 0
0.594142 -0.148676 0.292446 24 230 0
0.593897 -0.143496 0.292752 24 230 0
0.593748 -0.135662 0.29299 24 230 0
0.593418 -0.130447 0.293418 24 230 0
0.593116 -0.125231 0.293838 24 230 0
0.59283 -0.120017 0.29429 24 230 0
0.592521 -0.114813 0.29484 24 230 0
0.592271 -0.10961 0.295424 24 230 0
0.592054 -0.104402 0.295977 24 230 0
0.591794 -0.0991914 0.296494 24 230 0
0.591559 -0.0939838 0.297046 24 230 0
0.591421 -0.0887656 0.297517 24 230 0
0.590857 -0.0839155 0.297763 24 230 0
0.590692 -0.0789721 0.298064 24 230 0
0.590446 -0.0740352 0.298415 24 230 0
0.590256 -0.0690934 0.298728 24 230 0
0.590102 -0.0641466 0.298977 24 230 0
0.589935 -0.0591987 0.299193 24 230 0
0.589775 -0.0542499 0.299394 24 230 0
0.58966 -0.0492983 0.29955 24 230 0
0.589594 -0.0443448 0.299666 24 230 0
0.589573 -0.0393912 0.299796 24 230 0
0.58951 -0.0344385 0.299946 24 230 0
0.589401 -0.0236681 0.300548 24 230 0
0.589552 -0.0188527 0.300369 24 230 0
0.590129 -0.0140969 0.299816 24 230 0
0.590643 -0.00931927 0.299387 24 230 0
0.591117 -0.00453492 0.298963 24 230 0
0.591608 0.000246757 0.298529 24 230 0
0.592102 0.00502289 0.298042 24 230 0
0.592579 0.00979761 0.297523 24 230 0
0.59302 0.0145797 0.297043 24 230 0
0.593456 0.0193695 0.296651 24 230 0
0.593884 0.024169 0.296401 24 230 0
0.594093 0.028987 0.296212 25 229 0
0.594147 0.0338118 0.296171 25 229 0
0.594103 0.0386367 0.296282 25 229 0
0.593852 0.0441302 0.296059 25 229 0
0.592815 0.0492431 0.296376 25 229 0
0.592091 0.0544139 0.296818 25 229 0
0.591025 0.059531 0.297198 25 229 0
0.590013 0.0646635 0.297426 25 229 0
0.589576 0.0698787 0.2974 25 229 0
0.589132 0.0750312 0.29657 25 229 0
0.589028 0.0800922 0.295226 25 229 0
0.589461 0.0850814 0.293681 25 229 0
0.589712 0.0899306 0.291724 25 229 0
0.588792 0.0916765 0.290414 25 229 0
0.587067 0.0956962 0.28837 25 229 0
0.584955 0.0995102 0.286272 25 229 0
0.582704 0.103296 0.284268 25 229 0
0.580488 0.107108 0.282275 25 229 0
0.578414 0.111033 0.280352 25 229 0
0.576533 0.115085 0.278499 25 229 0
0.576159 0.115218 0.279417 25 229 0
0.519696 0.116566 0.25326 25 229 0
0.520232 0.116516 0.252417 25 229 0
0.520232 0.116516 0.252417 25 229 0
0.519741 0.113621 0.25326 25 229 0
0.519113 0.109361 0.254397 25 229 0
0.518526 0.105074 0.25545 25 229 0
0.518115 0.100705 0.256213 25 229 0
0.517735 0.0963225 0.256906 25 229 0
0.517693 0.0913115 0.256942 25 229 0
0.517986 0.0861358 0.256434 25 229 0
0.517821 0.0809602 0.255862 25 229 0
0.517667 0.075788 0.255257 25 229 0
0.517426 0.070602 0.254822 25 229 0
0.517084 0.0654115 0.254535 25 229 0
0.516597 0.0602247 0.25451 25 229 0
0.516444 0.0550249 0.254791 25 229 0
0.515982 0.044556 0.255636 25 229 0
0.515793 0.0397415 0.255981 25 229 0
0.515588 0.0349298 0.256353 25 229 0
0.515378 0.0301187 0.256732 25 229 0
0.515169 0.025308 0.257115 25 229 0
0.514955 0.0204976 0.2575 25 229 0
0.51476 0.0156842 0.257855 25 229 0
0.514602 0.0108653 0.258146 25 229 0
0.514488 0.00604076 0.25835 25 229 0
0.514414 0.00121273 0.258483 25 229 0
0.514357 -0.00361634 0.258587 26 228 0
0.514301 -0.00844535 0.258692 26 228 0
0.51426 -0.0132749 0.258767 26 228 0
0.514327 -0.0181019 0.25865 26 228 0
0.514471 -0.0258255 0.258385 26 228 0
0.514489 -0.0310663 0.258343 26 228 0
0.514482 -0.0363074 0.258353 26 228 0
0.51447 -0.0415486 0.258375 26 228 0
0.514487 -0.0467894 0.258342 26 228 0
0.514522 -0.0520301 0.258278 26 228 0
0.514505 -0.0572705 0.258314 26 228 0
0.514422 -0.0625085 0.258469 26 228 0
0.514344 -0.0677467 0.258618 26 228 0
0.514261 -0.072984 0.258777 26 228 0
0.514045 -0.0783366 0.259184 26 228 0
0.514194 -0.0831272 0.258908 26 228 0
0.514115 -0.0878921 0.258302 26 228 0
0.514228 -0.092579 0.257271 26 228 0
0.514512 -0.097191 0.255959 26 228 0
0.51485 -0.101778 0.254568 26 228 0
0.51516 -0.106376 0.253205 26 228 0
0.515506 -0.111012 0.252011 26 228 0
0.515991 -0.11571 0.251132 26 228 0
0.516331 -0.120461 0.250495 26 228 0
0.516552 -0.125241 0.250058 26 228 0
0.516672 -0.135776 0.249873 26 228 0
0.516827 -0.140691 0.249615 26 228 0
0.517 -0.145601 0.249289 26 228 0
0.517067 -0.150522 0.249162 26 228 0
0.517007 -0.155442 0.2493 26 228 0
0.516759 -0.160333 0.249773 26 228 0
0.516315 -0.165165 0.250584 26 228 0
0.515766 -0.169954 0.251588 26 228 0
0.51519 -0.174727 0.252649 26 228 0
0.514676 -0.179531 0.253583 26 228 0
0.514273 -0.184385 0.254308 26 228 0
0.513812 -0.189195 0.255161 26 228 0
0.512958 -0.193784 0.256727 26 228 0
0.512335 -0.198524 0.25782 26 228 0
0.513674 -0.206321 0.255372 26 228 0
0.51466 -0.21114 0.253568 26 228 0
0.515374 -0.216167 0.252253 26 228 0
0.515872 -0.221258 0.251151 26 228 0
0.515992 -0.226456 0.250504 26 228 0
0.515865 -0.231689 0.250303 26 228 0
0.515552 -0.236922 0.250443 26 228 0
0.515143 -0.242141 0.250753 26 228 0
0.51457 -0.247329 0.251237 27 227 0
0.51397 -0.2525 0.251822 27 227 0
0.51408 -0.247082 0.251605 27 227 0
0.514742 -0.242484 0.250795 27 227 0
0.515358 -0.237833 0.250284 27 227 0
0.515875 -0.233159 0.249866 27 227 0
0.516218 -0.22846 0.249756 27 227 0
0.516297 -0.223767 0.250118 27 227 0
0.516102 -0.219119 0.250923 27 227 0
0.515553 -0.214546 0.251908 27 227 0
0.513145 -0.203768 0.256344 27 227 0
0.512986 -0.198949 0.256637 27 227 0
0.513637 -0.19426 0.255479 27 227 0
0.513953 -0.189443 0.254903 27 227 0
0.51427 -0.184606 0.25432 27 227 0
0.514672 -0.179798 0.253573 27 227 0
0.515186 -0.175038 0.252624 27 227 0
0.515757 -0.170304 0.251572 27 227 0
0.516301 -0.165554 0.250577 27 227 0
0.516743 -0.160762 0.24977 27 227 0
0.516992 -0.155912 0.249295 27 227 0
0.517062 -0.151033 0.249135 27 227 0
0.516957 -0.146156 0.249316 27 227 0
0.516773 -0.14129 0.249679 27 227 0
0.51668 -0.133638 0.249847 27 227 0
0.516546 -0.12851 0.250108 27 227 0
0.516742 -0.123414 0.250702 27 227 0
0.516701 -0.11833 0.251416 27 227 0
0.516521 -0.113294 0.252401 27 227 0
0.516238 -0.108299 0.253563 27 227 0
0.515911 -0.103326 0.254808 27 227 0
0.515586 -0.0983522 0.25605 27 227 0
0.515042 -0.0934236 0.257365 27 227 0
0.51434 -0.0885037 0.258654 27 227 0
0.514028 -0.0812696 0.259199 27 227 0
0.51422 -0.0762335 0.25885 27 227 0
0.514287 -0.0711835 0.258728 27 227 0
0.514352 -0.0661333 0.258611 27 227 0
0.514444 -0.0610849 0.258437 27 227 0
0.514519 -0.0560355 0.258295 27 227 0
0.514527 -0.0509841 0.258277 27 227 0
0.514486 -0.0459326 0.258353 27 227 0
0.51446 -0.0408808 0.258402 27 227 0
0.514437 -0.035829 0.258439 27 227 0
0.514459 -0.0255228 0.258416 27 227 0
0.51431 -0.0205187 0.258694 27 227 0
0.514278 -0.0155054 0.25875 28 226 0
0.514311 -0.0104914 0.258739 28 226 0
0.514356 -0.0054781 0.258657 28 226 0
0.514399 -0.000464802 0.258577 28 226 0
0.514469 0.00454729 0.258454 28 226 0
0.514553 0.0095564 0.258246 28 226 0
0.514714 0.0145591 0.257948 28 226 0
0.514914 0.0195557 0.25758 28 226 0
0.515135 0.0245493 0.257184 28 226 0
0.515353 0.0295426 0.256783 28 226 0
0.515578 0.0345351 0.256376 28 226 0
0.51577 0.0395328 0.25602 28 226 0
0.516027 0.0449124 0.255545 28 226 0
0.516217 0.0497212 0.255204 28 226 0
0.516704 0.054515 0.255008 28 226 0
0.517217 0.0593108 0.2549 28 226 0
0.517643 0.0641156 0.254922 28 226 0
0.517966 0.0689239 0.25511 28 226 0
0.518205 0.0737282 0.25547 28 226 0
0.51829 0.0785284 0.255908 28 226 0
0.518085 0.0833335 0.256283 28 226 0
0.517777 0.0881149 0.256846 28 226 0
0.517673 0.0903963 0.257047 28 226 0
0.517811 0.0951307 0.25678 28 226 0
0.518034 0.0998493 0.256362 28 226 0
0.518473 0.104503 0.25555 28 226 0
0.519074 0.109082 0.254466 28 226 0
0.519741 0.113621 0.25326 28 226 0
0.51921 0.11368 0.254105 28 226 0
0.574981 0.117841 0.279291 28 226 0
0.575357 0.117694 0.278376 28 226 0
0.575489 0.114408 0.278174 28 226 0
0.574801 0.10982 0.279097 28 226 0
0.574261 0.105243 0.280168 28 226 0
0.573077 0.100773 0.281186 28 226 0
0.572113 0.0962929 0.282361 28 226 0
0.571269 0.0910663 0.284078 28 226 0
0.57062 0.0859453 0.285316 28 226 0
0.570229 0.080712 0.286167 28 226 0
0.57013 0.0754128 0.28656 28 226 0
0.570185 0.0701005 0.286407 28 226 0
0.570453 0.0648261 0.285795 28 226 0
0.570791 0.0595727 0.285052 28 226 0
0.57114 0.054333 0.284223 28 226 0
0.57095 0.0432692 0.284028 28 226 0
0.570915 0.0384093 0.284061 28 226 0
0.570813 0.0335688 0.284457 28 226 0
0.570462 0.0287362 0.284823 29 225 0
0.570188 0.0239043 0.285261 29 225 0
0.569834 0.0190758 0.285676 29 225 0
0.569398 0.0142506 0.286063 29 225 0
0.568975 0.00942718 0.286481 29 225 0
0.568558 0.00460422 0.286912 29 225 0
0.56812 -0.000220021 0.287307 29 225 0
0.567695 -0.00504938 0.287647 29 225 0
0.567249 -0.0098831 0.287882 29 225 0
0.566918 -0.014721 0.288083 29 225 0
0.566602 -0.0195623 0.288108 29 225 0
0.566619 -0.0275186 0.287828 29 225 0
0.566917 -0.0325122 0.287398 29 225 0
0.567067 -0.0375259 0.287179 29 225 0
0.56718 -0.0425426 0.287009 29 225 0
0.567169 -0.0475542 0.286748 29 225 0
0.567059 -0.0525606 0.286382 29 225 0
0.56691 -0.057569 0.286068 29 225 0
0.566685 -0.06258 0.285855 29 225 0
0.566384 -0.0675869 0.285644 29 225 0
0.565928 -0.0725519 0.285076 29 225 0
0.56601 -0.0802547 0.284973 29 225 0
0.566262 -0.0853081 0.28459 29 225 0
0.5666 -0.0903462 0.284085 29 225 0
0.566957 -0.0953804 0.283558 29 225 0
0.567465 -0.100398 0.283002 29 225 0
0.568063 -0.105412 0.282487 29 225 0
0.568653 -0.110427 0.281984 29 225 0
0.569226 -0.115447 0.28151 29 225 0
0.569826 -0.120466 0.281058 29 225 0
0.570503 -0.125493 0.280916 29 225 0
0.570814 -0.135787 0.280467 29 225 0
0.571055 -0.140792 0.280118 29 225 0
0.571348 -0.145788 0.279685 29 225 0
0.571431 -0.150781 0.279141 29 225 0
0.571482 -0.15578 0.278646 29 225 0
0.571492 -0.160779 0.278151 29 225 0
0.571506 -0.165782 0.277691 29 225 0
0.571479 -0.17079 0.27729 29 225 0
0.571339 -0.175803 0.277016 29 225 0
0.571062 -0.180818 0.27709 29 225 0
0.570606 -0.185805 0.277494 29 225 0
0.569986 -0.190749 0.278127 29 225 0
0.569617 -0.195715 0.278773 29 225 0
0.569099 -0.200614 0.279755 29 225 0
0.567772 -0.208593 0.282247 29 225 0
0.56777 -0.213711 0.282284 29 225 0
0.56791 -0.218832 0.282126 30 224 0
0.567982 -0.223963 0.282036 30 224 0
0.568199 -0.229084 0.281719 30 224 0
0.568451 -0.234202 0.281367 30 224 0
0.568653 -0.239327 0.281098 30 224 0
0.568754 -0.244459 0.280966 30 224 0
0.568749 -0.249595 0.280976 30 224 0
0.568515 -0.254712 0.281338 30 224 0
0.568628 -0.249112 0.281119 30 224 0
0.568831 -0.244444 0.280818 30 224 0
0.568862 -0.239759 0.280786 30 224 0
0.56875 -0.23508 0.280951 30 224 0
0.56844 -0.230427 0.281378 30 224 0
0.568039 -0.225792 0.281939 30 224 0
0.567629 -0.221164 0.282538 30 224 0
0.567063 -0.21658 0.283329 30 224 0
0.568251 -0.205865 0.281213 30 224 0
0.56894 -0.201224 0.279988 30 224 0
0.569401 -0.196471 0.279129 30 224 0
0.569837 -0.191695 0.278382 30 224 0
0.570371 -0.186915 0.277748 30 224 0
0.570842 -0.182106 0.277312 30 224 0
0.571163 -0.17727 0.277119 30 224 0
0.571347 -0.172425 0.277224 30 224 0
0.571419 -0.167584 0.27755 30 224 0
0.571419 -0.162746 0.277943 30 224 0
0.571408 -0.157912 0.278369 30 224 0
0.571405 -0.153082 0.278841 30 224 0
0.571445 -0.148283 0.279553 30 224 0
0.571146 -0.143459 0.279989 30 224 0
0.570842 -0.135611 0.280421 30 224 0
0.570652 -0.130813 0.280711 30 224 0
0.570451 -0.126015 0.281003 30 224 0
0.570224 -0.121222 0.281335 30 224 0
0.569892 -0.116442 0.28175 30 224 0
0.569361 -0.111682 0.282194 30 224 0
0.568819 -0.106926 0.282674 30 224 0
0.568272 -0.102171 0.283151 30 224 0
0.567719 -0.0974161 0.283625 30 224 0
0.56706 -0.0926815 0.284157 30 224 0
0.566254 -0.0879599 0.284595 30 224 0
0.565983 -0.0829002 0.285001 30 224 0
0.565995 -0.0781057 0.28499 30 224 0
0.566186 -0.0733272 0.285312 30 224 0
0.566439 -0.0685502 0.285639 30 224 0
0.566723 -0.0637711 0.285903 30 224 0
0.567018 -0.0589919 0.286155 31 223 0
0.567297 -0.0542134 0.286437 31 223 0
0.567411 -0.0494297 0.286676 31 223 0
0.567306 -0.0446383 0.286827 31 223 0
0.56718 -0.0398485 0.287009 31 223 0
0.566923 -0.0350758 0.287367 31 223 0
0.566645 -0.0244146 0.288036 31 223 0
0.566643 -0.0195524 0.287993 31 223 0
0.566875 -0.0147017 0.287888 31 223 0
0.567223 -0.00985226 0.28783 31 223 0
0.567626 -0.00501104 0.287631 31 223 0
0.568051 -0.00017841 0.287303 31 223 0
0.568506 0.00464516 0.286889 31 223 0
0.568939 0.0094679 0.286444 31 223 0
0.569353 0.0142948 0.286026 31 223 0
0.569782 0.0191235 0.285643 31 223 0
0.570209 0.0239526 0.285265 31 223 0
0.570631 0.0287773 0.284844 31 223 0
0.570875 0.0335967 0.284255 31 223 0
0.570914 0.0384524 0.284044 31 223 0
0.570971 0.0432497 0.283979 31 223 0
0.570893 0.0483406 0.284043 31 223 0
0.570874 0.0534287 0.284305 31 223 0
0.570742 0.0584993 0.284781 31 223 0
0.570428 0.0635346 0.285491 31 223 0
0.570142 0.0685803 0.286139 31 223 0
0.570066 0.0736536 0.286597 31 223 0
0.570053 0.0787435 0.286379 31 223 0
0.570303 0.083795 0.285765 31 223 0
0.570759 0.0887603 0.284773 31 223 0
0.571287 0.0924738 0.283523 31 223 0
0.572171 0.0968092 0.282251 31 223 0
0.573076 0.101148 0.28101 31 223 0
0.574277 0.105494 0.280081 31 223 0
0.574826 0.109944 0.279062 31 223 0
0.575489 0.114408 0.278174 31 223 0
0.57512 0.11454 0.279093 31 223 0
0.519696 0.116566 0.25326 31 223 0
0.520232 0.116516 0.252417 31 223 0
0.517978 0.114625 0.252016 31 223 0
0.514077 0.111759 0.251018 31 223 0
0.510255 0.108823 0.249932 31 223 0
0.506432 0.106042 0.248491 31 223 0
0.50279 0.103364 0.246498 31 223 0
0.499366 0.100542 0.244325 31 223 0
0.495993 0.0977484 0.242036 31 223 0
0.496348 0.0921669 0.242184 31 223 0
0.495932 0.0868843 0.242025 32 222 0
0.495491 0.0815843 0.241898 32 222 0
0.494995 0.0762878 0.241937 32 222 0
0.494496 0.0709916 0.241993 32 222 0
0.494006 0.0656948 0.242013 32 222 0
0.493887 0.0603824 0.242269 32 222 0
0.493785 0.0550683 0.242471 32 222 0
0.493137 0.0447152 0.243126 32 222 0
0.492842 0.0395267 0.243429 32 222 0
0.49257 0.0343455 0.243855 32 222 0
0.492339 0.0291527 0.24414 32 222 0
0.492128 0.0239571 0.244389 32 222 0
0.491971 0.0187563 0.244556 32 222 0
0.491918 0.0135514 0.244628 32 222 0
0.491914 0.00834559 0.244631 32 222 0
0.49192 0.00313978 0.244622 32 222 0
0.491949 -0.00206572 0.244573 32 222 0
0.491988 -0.00727083 0.244496 32 222 0
0.492098 -0.0124707 0.244276 32 222 0
0.492164 -0.0176736 0.244117 32 222 0
0.492183 -0.0253002 0.244185 32 222 0
0.492153 -0.0305451 0.244219 32 222 0
0.492078 -0.0357882 0.244334 32 222 0
0.491981 -0.0410289 0.244528 32 222 0
0.491875 -0.0462688 0.244739 32 222 0
0.491757 -0.0515082 0.244954 32 222 0
0.491641 -0.0567467 0.245193 32 222 0
0.49155 -0.0619875 0.245375 32 222 0
0.491446 -0.0672264 0.245582 32 222 0
0.491374 -0.0724681 0.24573 32 222 0
0.491592 -0.0778373 0.245413 32 222 0
0.491805 -0.0825192 0.244455 32 222 0
0.491895 -0.087235 0.243633 32 222 0
0.49203 -0.0919498 0.242809 32 222 0
0.492156 -0.096669 0.242009 32 222 0
0.492236 -0.101402 0.241294 32 222 0
0.492343 -0.106154 0.240721 32 222 0
0.492554 -0.110915 0.240261 32 222 0
0.492767 -0.115676 0.239798 32 222 0
0.492943 -0.120444 0.239389 32 222 0
0.493086 -0.125221 0.239103 32 222 0
0.49349 -0.135586 0.238276 32 222 0
0.493585 -0.140393 0.238068 32 222 0
0.493126 -0.145144 0.23861 32 222 0
0.492689 -0.149916 0.239068 32 222 0
0.492288 -0.154693 0.239545 32 222 0
0.491881 -0.159467 0.240046 32 222 0
0.491488 -0.16424 0.240563 33 221 0
0.491106 -0.169019 0.24104 33 221 0
0.490759 -0.173807 0.241431 33 221 0
0.490468 -0.178606 0.241721 33 221 0
0.490242 -0.183415 0.241817 33 221 0
0.49015 -0.188228 0.241674 33 221 0
0.490366 -0.193026 0.24137 33 221 0
0.490701 -0.197778 0.24066 33 221 0
0.49103 -0.205845 0.238714 33 221 0
0.491056 -0.210542 0.23748 33 221 0
0.490786 -0.215255 0.236344 33 221 0
0.490516 -0.220012 0.235402 33 221 0
0.49005 -0.224776 0.234568 33 221 0
0.489498 -0.229555 0.233884 33 221 0
0.48893 -0.234359 0.233428 33 221 0
0.488462 -0.239186 0.233139 33 221 0
0.487734 -0.243981 0.232857 33 221 0
0.487046 -0.248787 0.232776 33 221 0
0.486446 -0.253604 0.232689 33 221 0
0.487147 -0.248608 0.233047 33 221 0
0.488057 -0.243601 0.233166 33 221 0
0.488763 -0.238554 0.233265 33 221 0
0.489677 -0.233549 0.233568 33 221 0
0.490336 -0.228508 0.233935 33 221 0
0.490641 -0.223446 0.234445 33 221 0
0.490973 -0.218479 0.235534 33 221 0
0.490964 -0.2135 0.236612 33 221 0
0.490253 -0.20296 0.238267 33 221 0
0.489917 -0.198249 0.239158 33 221 0
0.489788 -0.193522 0.240022 33 221 0
0.489657 -0.188753 0.240614 33 221 0
0.489556 -0.183956 0.240849 33 221 0
0.489666 -0.179153 0.240848 33 221 0
0.490011 -0.174361 0.240706 33 221 0
0.490473 -0.16958 0.240501 33 221 0
0.490931 -0.164802 0.240228 33 221 0
0.49138 -0.160028 0.239884 33 221 0
0.491854 -0.155259 0.2395 33 221 0
0.492301 -0.150511 0.238926 33 221 0
0.493055 -0.145844 0.238063 33 221 0
0.49367 -0.141091 0.237875 33 221 0
0.493408 -0.133586 0.238461 33 221 0
0.493207 -0.128447 0.238839 33 221 0
0.493117 -0.12331 0.239258 33 221 0
0.492969 -0.118179 0.239737 33 221 0
0.492741 -0.113049 0.240206 33 221 0
0.492649 -0.107927 0.24078 33 221 0
0.492591 -0.102811 0.241422 34 220 0
0.49246 -0.0977053 0.242133 34 220 0
0.492335 -0.092613 0.242929 34 220 0
0.492198 -0.0875177 0.243643 34 220 0
0.491954 -0.0825555 0.244537 34 220 0
0.491698 -0.0777182 0.245065 34 220 0
0.491515 -0.0728637 0.245466 34 220 0
0.49142 -0.0679962 0.245651 34 220 0
0.49145 -0.063125 0.245581 34 220 0
0.491587 -0.0582598 0.245324 34 220 0
0.491753 -0.053399 0.244998 34 220 0
0.491893 -0.0485352 0.244711 34 220 0
0.492002 -0.0436659 0.24452 34 220 0
0.492077 -0.0387933 0.244406 34 220 0
0.492086 -0.0339195 0.244368 34 220 0
0.492165 -0.0235676 0.244179 34 220 0
0.492128 -0.0187166 0.244233 34 220 0
0.492061 -0.0138672 0.244362 34 220 0
0.491999 -0.00901733 0.244475 34 220 0
0.491958 -0.00416657 0.244555 34 220 0
0.491935 0.000684759 0.2446 34 220 0
0.491924 0.00553633 0.244618 34 220 0
0.491922 0.010388 0.244621 34 220 0
0.491939 0.0152394 0.244599 34 220 0
0.492011 0.0200893 0.244514 34 220 0
0.492168 0.0249352 0.244342 34 220 0
0.492355 0.0297779 0.244116 34 220 0
0.492558 0.0346137 0.243799 34 220 0
0.492824 0.0394438 0.243433 34 220 0
0.493204 0.04485 0.24309 34 220 0
0.493443 0.0499565 0.24283 34 220 0
0.493731 0.0550605 0.242554 34 220 0
0.493868 0.0601721 0.242302 34 220 0
0.493986 0.0652851 0.242068 34 220 0
0.494094 0.0703981 0.241831 34 220 0
0.494241 0.0755081 0.241553 34 220 0
0.494364 0.0806192 0.241284 34 220 0
0.494444 0.0857353 0.241109 34 220 0
0.49451 0.0908529 0.240981 34 220 0
0.496059 0.09343 0.241941 34 220 0
0.499557 0.0967065 0.244409 34 220 0
0.502939 0.100253 0.246674 34 220 0
0.506344 0.103952 0.248627 34 220 0
0.50995 0.107676 0.250102 34 220 0
0.513899 0.111191 0.251172 34 220 0
0.517978 0.114625 0.252016 34 220 0
0.517439 0.11468 0.252857 35 219 0
0.574981 0.117841 0.279291 35 219 0
0.575357 0.117694 0.278376 35 219 0
0.576533 0.115085 0.278499 35 219 0
0.579269 0.111681 0.280531 35 219 0
0.581783 0.108091 0.282541 35 219 0
0.584349 0.104566 0.284601 35 219 0
0.586738 0.100898 0.286621 35 219 0
0.589271 0.0973295 0.288638 35 219 0
0.58946 0.0925501 0.290486 35 219 0
0.588983 0.088029 0.292303 35 219 0
0.588775 0.0834143 0.293951 35 219 0
0.588867 0.0787553 0.295465 35 219 0
0.589108 0.0740093 0.296646 35 219 0
0.589629 0.0692124 0.297419 35 219 0
0.590669 0.0644438 0.297792 35 219 0
0.591678 0.0596477 0.297635 35 219 0
0.592829 0.0548974 0.29734 35 219 0
0.593779 0.0442186 0.296529 35 219 0
0.593877 0.039338 0.296389 35 219 0
0.593945 0.0344561 0.29629 35 219 0
0.59395 0.0295735 0.296189 35 219 0
0.593781 0.0246971 0.296308 35 219 0
0.593455 0.019834 0.296598 35 219 0
0.593055 0.0149842 0.297005 35 219 0
0.59262 0.0101433 0.297481 35 219 0
0.592149 0.00530987 0.297996 35 219 0
0.59165 0.000478115 0.298499 35 219 0
0.591151 -0.00436005 0.298938 35 219 0
0.590619 -0.00918662 0.299436 35 219 0
0.589839 -0.0139536 0.300151 35 219 0
0.589477 -0.0187858 0.300721 35 219 0
0.58942 -0.0264595 0.300364 35 219 0
0.589445 -0.0316578 0.30016 35 219 0
0.58953 -0.0368546 0.29994 35 219 0
0.589605 -0.0420521 0.299743 35 219 0
0.589679 -0.0472522 0.299611 35 219 0
0.589782 -0.0524504 0.299441 35 219 0
0.589944 -0.0576461 0.299235 35 219 0
0.590111 -0.0628412 0.299017 35 219 0
0.590258 -0.0680371 0.298806 35 219 0
0.590472 -0.0732261 0.298511 35 219 0
0.590612 -0.0784364 0.298132 35 219 0
0.590939 -0.0833454 0.297782 35 219 0
0.591209 -0.088261 0.297479 35 219 0
0.591417 -0.0931712 0.297066 35 219 0
0.591663 -0.0980752 0.296601 35 219 0
0.591903 -0.102978 0.296118 36 218 0
0.59212 -0.10788 0.295615 36 218 0
0.592351 -0.112776 0.295072 36 218 0
0.59263 -0.117666 0.294486 36 218 0
0.593013 -0.122553 0.293946 36 218 0
0.593403 -0.127445 0.293444 36 218 0
0.593731 -0.137983 0.293007 36 218 0
0.593927 -0.143164 0.292767 36 218 0
0.593907 -0.148331 0.292336 36 218 0
0.593908 -0.153505 0.291935 36 218 0
0.593881 -0.158683 0.291573 36 218 0
0.593844 -0.163857 0.291177 36 218 0
0.593808 -0.169027 0.290713 36 218 0
0.593922 -0.174196 0.290267 36 218 0
0.593885 -0.179368 0.289835 36 218 0
0.593772 -0.184553 0.289642 36 218 0
0.593519 -0.189736 0.289606 36 218 0
0.593595 -0.194924 0.289484 36 218 0
0.593593 -0.200114 0.289479 36 218 0
0.592865 -0.208153 0.290826 36 218 0
0.592234 -0.213141 0.291962 36 218 0
0.591843 -0.218229 0.292717 36 218 0
0.59152 -0.223337 0.293343 36 218 0
0.591327 -0.228475 0.293739 36 218 0
0.59126 -0.233628 0.293899 36 218 0
0.591283 -0.238785 0.293845 36 218 0
0.591393 -0.243936 0.29362 36 218 0
0.591563 -0.249081 0.293294 36 218 0
0.591598 -0.254237 0.293155 36 218 0
0.591583 -0.248536 0.293452 36 218 0
0.591461 -0.243853 0.293615 36 218 0
0.591324 -0.239169 0.293793 36 218 0
0.59123 -0.234481 0.293916 36 218 0
0.591181 -0.229792 0.293996 36 218 0
0.59122 -0.225109 0.293875 36 218 0
0.591361 -0.220436 0.293503 36 218 0
0.591698 -0.21579 0.292994 36 218 0
0.593172 -0.20564 0.290537 36 218 0
0.593557 -0.200481 0.290238 36 218 0
0.593756 -0.195295 0.290212 36 218 0
0.59414 -0.19012 0.289975 36 218 0
0.594478 -0.184936 0.289933 36 218 0
0.594599 -0.179747 0.29012 36 218 0
0.594654 -0.174569 0.290537 36 218 0
0.594537 -0.169394 0.290983 36 218 0
0.594352 -0.164216 0.291361 36 218 0
0.594377 -0.159036 0.291751 36 218 0
0.594403 -0.153854 0.292112 37 217 0
0.594142 -0.148676 0.292446 37 217 0
0.593897 -0.143496 0.292752 37 217 0
0.593748 -0.135662 0.29299 37 217 0
0.593418 -0.130447 0.293418 37 217 0
0.593116 -0.125231 0.293838 37 217 0
0.59283 -0.120017 0.29429 37 217 0
0.592521 -0.114813 0.29484 37 217 0
0.592271 -0.10961 0.295424 37 217 0
0.592054 -0.104402 0.295977 37 217 0
0.591794 -0.0991914 0.296494 37 217 0
0.591559 -0.0939838 0.297046 37 217 0
0.591421 -0.0887656 0.297517 37 217 0
0.590857 -0.0839155 0.297763 37 217 0
0.590692 -0.0789721 0.298064 37 217 0
0.590446 -0.0740352 0.298415 37 217 0
0.590256 -0.0690934 0.298728 37 217 0
0.590102 -0.0641466 0.298977 37 217 0
0.589935 -0.0591987 0.299193 37 217 0
0.589775 -0.0542499 0.299394 37 217 0
0.58966 -0.0492983 0.29955 37 217 0
0.589594 -0.0443448 0.299666 37 217 0
0.589573 -0.0393912 0.299796 37 217 0
0.58951 -0.0344385 0.299946 37 217 0
0.589401 -0.0236681 0.300548 37 217 0
0.589552 -0.0188527 0.300369 37 217 0
0.590129 -0.0140969 0.299816 37 217 0
0.590643 -0.00931927 0.299387 37 217 0
0.591117 -0.00453492 0.298963 37 217 0
0.591608 0.000246757 0.298529 37 217 0
0.592102 0.00502289 0.298042 37 217 0
0.592579 0.00979761 0.297523 37 217 0
0.59302 0.0145797 0.297043 37 217 0
0.593456 0.0193695 0.296651 37 217 0
0.593884 0.024169 0.296401 37 217 0
0.594093 0.028987 0.296212 37 217 0
0.594147 0.0338118 0.296171 37 217 0
0.594103 0.0386367 0.296282 37 217 0
0.593852 0.0441302 0.296059 37 217 0
0.592815 0.0492431 0.296376 37 217 0
0.592091 0.0544139 0.296818 37 217 0
0.591025 0.059531 0.297198 37 217 0
0.590013 0.0646635 0.297426 37 217 0
0.589576 0.0698787 0.2974 37 217 0
0.589132 0.0750312 0.29657 37 217 0
0.589028 0.0800922 0.295226 37 217 0
0.589461 0.0850814 0.293681 37 217 0
0.589712 0.0899306 0.291724 38 216 0
0.588792 0.0916765 0.290414 38 216 0
0.587067 0.0956962 0.28837 38 216 0
0.584955 0.0995102 0.286272 38 216 0
0.582704 0.103296 0.284268 38 216 0
0.580488 0.107108 0.282275 38 216 0
0.578414 0.111033 0.280352 38 216 0
0.576533 0.115085 0.278499 38 216 0
0.576159 0.115218 0.279417 38 216 0
0.519696 0.116566 0.25326 38 216 0
0.520232 0.116516 0.252417 38 216 0
0.520232 0.116516 0.252417 38 216 0
0.519741 0.113621 0.25326 38 216 0
0.519113 0.109361 0.254397 38 216 0
0.518526 0.105074 0.25545 38 216 0
0.518115 0.100705 0.256213 38 216 0
0.517735 0.0963225 0.256906 38 216 0
0.517693 0.0913115 0.256942 38 216 0
0.517986 0.0861358 0.256434 38 216 0
0.517821 0.0809602 0.255862 38 216 0
0.517667 0.075788 0.255257 38 216 0
0.517426 0.070602 0.254822 38 216 0
0.517084 0.0654115 0.254535 38 216 0
0.516597 0.0602247 0.25451 38 216 0
0.516444 0.0550249 0.254791 38 216 0
0.515982 0.044556 0.255636 38 216 0
0.515793 0.0397415 0.255981 38 216 0
0.515588 0.0349298 0.256353 38 216 0
0.515378 0.0301187 0.256732 38 216 0
0.515169 0.025308 0.257115 38 216 0
0.514955 0.0204976 0.2575 38 216 0
0.51476 0.0156842 0.257855 38 216 0
0.514602 0.0108653 0.258146 38 216 0
0.514488 0.00604076 0.25835 38 216 0
0.514414 0.00121273 0.258483 38 216 0
0.514357 -0.00361634 0.258587 38 216 0
0.514301 -0.00844535 0.258692 38 216 0
0.51426 -0.0132749 0.258767 38 216 0
0.514327 -0.0181019 0.25865 38 216 0
0.514471 -0.0258255 0.258385 38 216 0
0.514489 -0.0310663 0.258343 38 216 0
0.514482 -0.0363074 0.258353 38 216 0
0.51447 -0.0415486 0.258375 38 216 0
0.514487 -0.0467894 0.258342 38 216 0
0.514522 -0.0520301 0.258278 38 216 0
0.514505 -0.0572705 0.258314 38 216 0
0.514422 -0.0625085 0.258469 39 215 0
0.514344 -0.0677467 0.258618 39 215 0
0.514261 -0.072984 0.258777 39 215 0
0.514045 -0.0783366 0.259184 39 215 0
0.514194 -0.0831272 0.258908 39 215 0
0.514115 -0.0878921 0.258302 39 215 0
0.514228 -0.092579 0.257271 39 215 0
0.514512 -0.097191 0.255959 39 215 0
0.51485 -0.101778 0.254568 39 215 0
0.51516 -0.106376 0.253205 39 215 0
0.515506 -0.111012 0.252011 39 215 0
0.515991 -0.11571 0.251132 39 215 0
0.516331 -0.120461 0.250495 39 215 0
0.516552 -0.125241 0.250058 39 215 0
0.516672 -0.135776 0.249873 39 215 0
0.516827 -0.140691 0.249615 39 215 0
0.517 -0.145601 0.249289 39 215 0
0.517067 -0.150522 0.249162 39 215 0
0.517007 -0.155442 0.2493 39 215 0
0.516759 -0.160333 0.249773 39 215 0
0.516315 -0.165165 0.250584 39 215 0
0.515766 -0.169954 0.251588 39 215 0
0.51519 -0.174727 0.252649 39 215 0
0.514676 -0.179531 0.253583 39 215 0
0.514273 -0.184385 0.254308 39 215 0
0.513812 -0.189195 0.255161 39 215 0
0.512958 -0.193784 0.256727 39 215 0
0.512335 -0.198524 0.25782 39 215 0
0.513674 -0.206321 0.255372 39 215 0
0.51466 -0.21114 0.253568 39 215 0
0.515374 -0.216167 0.252253 39 215 0
0.515872 -0.221258 0.251151 39 215 0
0.515992 -0.226456 0.250504 39 215 0
0.515865 -0.231689 0.250303 39 215 0
0.515552 -0.236922 0.250443 39 215 0
0.515143 -0.242141 0.250753 39 215 0
0.51457 -0.247329 0.251237 39 215 0
0.51397 -0.2525 0.251822 39 215 0
0.51408 -0.247082 0.251605 39 215 0
0.514742 -0.242484 0.250795 39 215 0
0.515358 -0.237833 0.250284 39 215 0
0.515875 -0.233159 0.249866 39 215 0
0.516218 -0.22846 0.249756 39 215 0
0.516297 -0.223767 0.250118 39 215 0
0.516102 -0.219119 0.250923 39 215 0
0.515553 -0.214546 0.251908 39 215 0
0.513145 -0.203768 0.256344 39 215 0
0.512986 -0.198949 0.256637 40 214 0
0.513637 -0.19426 0.255479 40 214 0
0.513953 -0.189443 0.254903 40 214 0
0.51427 -0.184606 0.25432 40 214 0
0.514672 -0.179798 0.253573 40 214 0
0.515186 -0.175038 0.252624 40 214 0
0.515757 -0.170304 0.251572 40 214 0
0.516301 -0.165554 0.250577 40 214 0
0.516743 -0.160762 0.24977 40 214 0
0.516992 -0.155912 0.249295 40 214 0
0.517062 -0.151033 0.249135 40 214 0
0.516957 -0.146156 0.249316 40 214 0
0.516773 -0.14129 0.249679 40 214 0
0.51668 -0.133638 0.249847 40 214 0
0.516546 -0.12851 0.250108 40 214 0
0.516742 -0.123414 0.250702 40 214 0
0.516701 -0.11833 0.251416 40 214 0
0.516521 -0.113294 0.252401 40 214 0
0.516238 -0.108299 0.253563 40 214 0
0.515911 -0.103326 0.254808 40 214 0
0.515586 -0.0983522 0.25605 40 214 0
0.515042 -0.0934236 0.257365 40 214 0
0.51434 -0.0885037 0.258654 40 214 0
0.514028 -0.0812696 0.259199 40 214 0
0.51422 -0.0762335 0.25885 40 214 0
0.514287 -0.0711835 0.258728 40 214 0
0.514352 -0.0661333 0.258611 40 214 0
0.514444 -0.0610849 0.258437 40 214 0
0.514519 -0.0560355 0.258295 40 214 0
0.514527 -0.0509841 0.258277 40 214 0
0.514486 -0.0459326 0.258353 40 214 0
0.51446 -0.0408808 0.258402 40 214 0
0.514437 -0.035829 0.258439 40 214 0
0.514459 -0.0255228 0.258416 40 214 0
0.51431 -0.0205187 0.258694 40 214 0
0.514278 -0.0155054 0.25875 40 214 0
0.514311 -0.0104914 0.258739 40 214 0
0.514356 -0.0054781 0.258657 40 214 0
0.514399 -0.000464802 0.258577 40 214 0
0.514469 0.00454729 0.258454 40 214 0
0.514553 0.0095564 0.258246 40 214 0
0.514714 0.0145591 0.257948 40 214 0
0.514914 0.0195557 0.25758 40 214 0
0.515135 0.0245493 0.257184 40 214 0
0.515353 0.0295426 0.256783 40 214 0
0.515578 0.0345351 0.256376 40 214 0
0.51577 0.0395328 0.25602 40 214 0
0.516027 0.0449124 0.255545 41 213 0
0.516217 0.0497212 0.255204 41 213 0
0.516704 0.054515 0.255008 41 213 0
0.517217 0.0593108 0.2549 41 213 0
0.517643 0.0641156 0.254922 41 213 0
0.517966 0.0689239 0.25511 41 213 0
0.518205 0.0737282 0.25547 41 213 0
0.51829 0.0785284 0.255908 41 213 0
0.518085 0.0833335 0.256283 41 213 0
0.517777 0.0881149 0.256846 41 213 0
0.517673 0.0903963 0.257047 41 213 0
0.517811 0.0951307 0.25678 41 213 0
0.518034 0.0998493 0.256362 41 213 0
0.518473 0.104503 0.25555 41 213 0
0.519074 0.109082 0.254466 41 213 0
0.519741 0.113621 0.25326 41 213 0
0.51921 0.11368 0.254105 41 213 0
0.574981 0.117841 0.279291 41 213 0
0.575357 0.117694 0.278376 41 213 0
0.575489 0.114408 0.278174 41 213 0
0.574801 0.10982 0.279097 41 213 0
0.574261 0.105243 0.280168 41 213 0
0.573077 0.100773 0.281186 41 213 0
0.572113 0.0962929 0.282361 41 213 0
0.571269 0.0910663 0.284078 41 213 0
0.57062 0.0859453 0.285316 41 213 0
0.570229 0.080712 0.286167 41 213 0
0.57013 0.0754128 0.28656 41 213 0
0.570185 0.0701005 0.286407 41 213 0
0.570453 0.0648261 0.285795 41 213 0
0.570791 0.0595727 0.285052 41 213 0
0.57114 0.054333 0.284223 41 213 0
0.57095 0.0432692 0.284028 41 213 0
0.570915 0.0384093 0.284061 41 213 0
0.570813 0.0335688 0.284457 41 213 0
0.570462 0.0287362 0.284823 41 213 0
0.570188 0.0239043 0.285261 41 213 0
0.569834 0.0190758 0.285676 41 213 0
0.569398 0.0142506 0.286063 41 213 0
0.568975 0.00942718 0.286481 41 213 0
0.568558 0.00460422 0.286912 41 213 0
0.56812 -0.000220021 0.287307 41 213 0
0.567695 -0.00504938 0.287647 41 213 0
0.567249 -0.0098831 0.287882 41 213 0
0.566918 -0.014721 0.288083 41 213 0
0.566602 -0.0195623 0.288108 41 213 0
0.566619 -0.0275186 0.287828 41 213 0
0.566917 -0.0325122 0.287398 42 212 0
0.567067 -0.0375259 0.287179 42 212 0
0.56718 -0.0425426 0.287009 42 212 0
0.567169 -0.0475542 0.286748 42 212 0
0.567059 -0.0525606 0.286382 42 212 0
0.56691 -0.057569 0.286068 42 212 0
0.566685 -0.06258 0.285855 42 212 0
0.566384 -0.0675869 0.285644 42 212 0
0.565928 -0.0725519 0.285076 42 212 0
0.56601 -0.0802547 0.284973 42 212 0
0.566262 -0.0853081 0.28459 42 212 0
0.5666 -0.0903462 0.284085 42 212 0
0.566957 -0.0953804 0.283558 42 212 0
0.567465 -0.100398 0.283002 42 212 0
0.568063 -0.105412 0.282487 42 212 0
0.568653 -0.110427 0.281984 42 212 0
0.569226 -0.115447 0.28151 42 212 0
0.569826 -0.120466 0.281058 42 212 0
0.570503 -0.125493 0.280916 42 212 0
0.570814 -0.135787 0.280467 42 212 0
0.571055 -0.140792 0.280118 42 212 0
0.571348 -0.145788 0.279685 42 212 0
0.571431 -0.150781 0.279141 42 212 0
0.571482 -0.15578 0.278646 42 212 0
0.571492 -0.160779 0.278151 42 212 0
0.571506 -0.165782 0.277691 42 212 0
0.571479 -0.17079 0.27729 42 212 0
0.571339 -0.175803 0.277016 42 212 0
0.571062 -0.180818 0.27709 42 212 0
0.570606 -0.185805 0.277494 42 212 0
0.569986 -0.190749 0.278127 42 212 0
0.569617 -0.195715 0.278773 42 212 0
0.569099 -0.200614 0.279755 42 212 0
0.567772 -0.208593 0.282247 42 212 0
0.56777 -0.213711 0.282284 42 212 0
0.56791 -0.218832 0.282126 42 212 0
0.567982 -0.223963 0.282036 42 212 0
0.568199 -0.229084 0.281719 42 212 0
0.568451 -0.234202 0.281367 42 212 0
0.568653 -0.239327 0.281098 42 212 0
0.568754 -0.244459 0.280966 42 212 0
0.568749 -0.249595 0.280976 42 212 0
0.568515 -0.254712 0.281338 42 212 0
0.568628 -0.249112 0.281119 42 212 0
0.568831 -0.244444 0.280818 42 212 0
0.568862 -0.239759 0.280786 42 212 0
0.56875 -0.23508 0.280951 43 211 0
0.56844 -0.230427 0.281378 43 211 0
0.568039 -0.225792 0.281939 43 211 0
0.567629 -0.221164 0.282538 43 211 0
0.567063 -0.21658 0.283329 43 211 0
0.568251 -0.205865 0.281213 43 211 0
0.56894 -0.201224 0.279988 43 211 0
0.569401 -0.196471 0.279129 43 211 0
0.569837 -0.191695 0.278382 43 211 0
0.570371 -0.186915 0.277748 43 211 0
0.570842 -0.182106 0.277312 43 211 0
0.571163 -0.17727 0.277119 43 211 0
0.571347 -0.172425 0.277224 43 211 0
0.571419 -0.167584 0.27755 43 211 0
0.571419 -0.162746 0.277943 43 211 0
0.571408 -0.157912 0.278369 43 211 0
0.571405 -0.153082 0.278841 43 211 0
0.571445 -0.148283 0.279553 43 211 0
0.571146 -0.143459 0.279989 43 211 0
0.570842 -0.135611 0.280421 43 211 0
0.570652 -0.130813 0.280711 43 211 0
0.570451 -0.126015 0.281003 43 211 0
0.570224 -0.121222 0.281335 43 211 0
0.569892 -0.116442 0.28175 43 211 0
0.569361 -0.111682 0.282194 43 211 0
0.568819 -0.106926 0.282674 43 211 0
0.568272 -0.102171 0.283151 43 211 0
0.567719 -0.0974161 0.283625 43 211 0
0.56706 -0.0926815 0.284157 43 211 0
0.566254 -0.0879599 0.284595 43 211 0
0.565983 -0.0829002 0.285001 43 211 0
0.565995 -0.0781057 0.28499 43 211 0
0.566186 -0.0733272 0.285312 43 211 0
0.566439 -0.0685502 0.285639 43 211 0
0.566723 -0.0637711 0.285903 43 211 0
0.567018 -0.0589919 0.286155 43 211 0
0.567297 -0.0542134 0.286437 43 211 0
0.567411 -0.0494297 0.286676 43 211 0
0.567306 -0.0446383 0.286827 43 211 0
0.56718 -0.0398485 0.287009 43 211 0
0.566923 -0.0350758 0.287367 43 211 0
0.566645 -0.0244146 0.288036 43 211 0
0.566643 -0.0195524 0.287993 43 211 0
0.566875 -0.0147017 0.287888 43 211 0
0.567223 -0.00985226 0.28783 43 211 0
0.567626 -0.00501104 0.287631 43 211 0
0.568051 -0.00017841 0.287303 43 211 0
0.568506 0.00464516 0.286889 44 210 0
0.568939 0.0094679 0.286444 44 210 0
0.569353 0.0142948 0.286026 44 210 0
0.569782 0.0191235 0.285643 44 210 0
0.570209 0.0239526 0.285265 44 210 0
0.570631 0.0287773 0.284844 44 210 0
0.570875 0.0335967 0.284255 44 210 0
0.570914 0.0384524 0.284044 44 210 0
0.570971 0.0432497 0.283979 44 210 0
0.570893 0.0483406 0.284043 44 210 0
0.570874 0.0534287 0.284305 44 210 0
0.570742 0.0584993 0.284781 44 210 0
0.570428 0.0635346 0.285491 44 210 0
0.570142 0.0685803 0.286139 44 210 0
0.570066 0.0736536 0.286597 44 210 0
0.570053 0.0787435 0.286379 44 210 0
0.570303 0.083795 0.285765 44 210 0
0.570759 0.0887603 0.284773 44 210 0
0.571287 0.0924738 0.283523 44 210 0
0.572171 0.0968092 0.282251 44 210 0
0.573076 0.101148 0.28101 44 210 0
0.574277 0.105494 0.280081 44 210 0
0.574826 0.109944 0.279062 44 210 0
0.575489 0.114408 0.278174 44 210 0
0.57512 0.11454 0.279093 44 210 0
0.519696 0.116566 0.25326 44 210 0
0.520232 0.116516 0.252417 44 210 0
0.517978 0.114625 0.252016 44 210 0
0.514077 0.111759 0.251018 44 210 0
0.510255 0.108823 0.249932 44 210 0
0.506432 0.106042 0.248491 44 210 0
0.50279 0.103364 0.246498 44 210 0
0.499366 0.100542 0.244325 44 210 0
0.495993 0.0977484 0.242036 44 210 0
0.496348 0.0921669 0.242184 44 210 0
0.495932 0.0868843 0.242025 44 210 0
0.495491 0.0815843 0.241898 44 210 0
0.494995 0.0762878 0.241937 44 210 0
0.494496 0.0709916 0.241993 44 210 0
0.494006 0.0656948 0.242013 44 210 0
0.493887 0.0603824 0.242269 44 210 0
0.493785 0.0550683 0.242471 44 210 0
0.493137 0.0447152 0.243126 44 210 0
0.492842 0.0395267 0.243429 44 210 0
0.49257 0.0343455 0.243855 44 210 0
0.492339 0.0291527 0.24414 44 210 0
0.492128 0.0239571 0.244389 44 210 0
0.491971 0.0187563 0.244556 45 209 0
0.491918 0.0135514 0.244628 45 209 0
0.491914 0.00834559 0.244631 45 209 0
0.49192 0.00313978 0.244622 45 209 0
0.491949 -0.00206572 0.244573 45 209 0
0.491988 -0.00727083 0.244496 45 209 0
0.492098 -0.0124707 0.244276 45 209 0
0.492164 -0.0176736 0.244117 45 209 0
0.492183 -0.0253002 0.244185 45 209 0
0.492153 -0.0305451 0.244219 45 209 0
0.492078 -0.0357882 0.244334 45 209 0
0.491981 -0.0410289 0.244528 45 209 0
0.491875 -0.0462688 0.244739 45 209 0
0.491757 -0.0515082 0.244954 45 209 0
0.491641 -0.0567467 0.245193 45 209 0
0.49155 -0.0619875 0.245375 45 209 0
0.491446 -0.0672264 0.245582 45 209 0
0.491374 -0.0724681 0.24573 45 209 0
0.491592 -0.0778373 0.245413 45 209 0
0.491805 -0.0825192 0.244455 45 209 0
0.491895 -0.087235 0.243633 45 209 0
0.49203 -0.0919498 0.242809 45 209 0
0.492156 -0.096669 0.242009 45 209 0
0.492236 -0.101402 0.241294 45 209 0
0.492343 -0.106154 0.240721 45 209 0
0.492554 -0.110915 0.240261 45 209 0
0.492767 -0.115676 0.239798 45 209 0
0.492943 -0.120444 0.239389 45 209 0
0.493086 -0.125221 0.239103 45 209 0
0.49349 -0.135586 0.238276 45 209 0
0.493585 -0.140393 0.238068 45 209 0
0.493126 -0.145144 0.23861 45 209 0
0.492689 -0.149916 0.239068 45 209 0
0.492288 -0.154693 0.239545 45 209 0
0.491881 -0.159467 0.240046 45 209 0
0.491488 -0.16424 0.240563 45 209 0
0.491106 -0.169019 0.24104 45 209 0
0.490759 -0.173807 0.241431 45 209 0
0.490468 -0.178606 0.241721 45 209 0
0.490242 -0.183415 0.241817 45 209 0
0.49015 -0.188228 0.241674 45 209 0
0.490366 -0.193026 0.24137 45 209 0
0.490701 -0.197778 0.24066 45 209 0
0.49103 -0.205845 0.238714 45 209 0
0.491056 -0.210542 0.23748 45 209 0
0.490786 -0.215255 0.236344 45 209 0
0.490516 -0.220012 0.235402 45 209 0
0.49005 -0.224776 0.234568 46 208 0
0.489498 -0.229555 0.233884 46 208 0
0.48893 -0.234359 0.233428 46 208 0
0.488462 -0.239186 0.233139 46 208 0
0.487734 -0.243981 0.232857 46 208 0
0.487046 -0.248787 0.232776 46 208 0
0.486446 -0.253604 0.232689 46 208 0
0.487147 -0.248608 0.233047 46 208 0
0.488057 -0.243601 0.233166 46 208 0
0.488763 -0.238554 0.233265 46 208 0
0.489677 -0.233549 0.233568 46 208 0
0.490336 -0.228508 0.233935 46 208 0
0.490641 -0.223446 0.234445 46 208 0
0.490973 -0.218479 0.235534 46 208 0
0.490964 -0.2135 0.236612 46 208 0
0.490253 -0.20296 0.238267 46 208 0
0.489917 -0.198249 0.239158 46 208 0
0.489788 -0.193522 0.240022 46 208 0
0.489657 -0.188753 0.240614 46 208 0
0.489556 -0.183956 0.240849 46 208 0
0.489666 -0.179153 0.240848 46 208 0
0.490011 -0.174361 0.240706 46 208 0
0.490473 -0.16958 0.240501 46 208 0
0.490931 -0.164802 0.240228 46 208 0
0.49138 -0.160028 0.239884 46 208 0
0.491854 -0.155259 0.2395 46 208 0
0.492301 -0.150511 0.238926 46 208 0
0.493055 -0.145844 0.238063 46 208 0
0.49367 -0.141091 0.237875 46 208 0
0.493408 -0.133586 0.238461 46 208 0
0.493207 -0.128447 0.238839 46 208 0
0.493117 -0.12331 0.239258 46 208 0
0.492969 -0.118179 0.239737 46 208 0
0.492741 -0.113049 0.240206 46 208 0
0.492649 -0.107927 0.24078 46 208 0
0.492591 -0.102811 0.241422 46 208 0
0.49246 -0.0977053 0.242133 46 208 0
0.492335 -0.092613 0.242929 46 208 0
0.492198 -0.0875177 0.243643 46 208 0
0.491954 -0.0825555 0.244537 46 208 0
0.491698 -0.0777182 0.245065 46 208 0
0.491515 -0.0728637 0.245466 46 208 0
0.49142 -0.0679962 0.245651 46 208 0
0.49145 -0.063125 0.245581 46 208 0
0.491587 -0.0582598 0.245324 46 208 0
0.491753 -0.053399 0.244998 46 208 0
0.491893 -0.0485352 0.244711 47 207 0
0.492002 -0.0436659 0.24452 47 207 0
0.492077 -0.0387933 0.244406 47 207 0
0.492086 -0.0339195 0.244368 47 207 0
0.492165 -0.0235676 0.244179 47 207 0
0.492128 -0.0187166 0.244233 47 207 0
0.492061 -0.0138672 0.244362 47 207 0
0.491999 -0.00901733 0.244475 47 207 0
0.491958 -0.00416657 0.244555 47 207 0
0.491935 0.000684759 0.2446 47 207 0
0.491924 0.00553633 0.244618 47 207 0
0.491922 0.010388 0.244621 47 207 0
0.491939 0.0152394 0.244599 47 207 0
0.492011 0.0200893 0.244514 47 207 0
0.492168 0.0249352 0.244342 47 207 0
0.492355 0.0297779 0.244116 47 207 0
0.492558 0.0346137 0.243799 47 207 0
0.492824 0.0394438 0.243433 47 207 0
0.493204 0.04485 0.24309 47 207 0
0.493443 0.0499565 0.24283 47 207 0
0.493731 0.0550605 0.242554 47 207 0
0.493868 0.0601721 0.242302 47 207 0
0.493986 0.0652851 0.242068 47 207 0
0.494094 0.0703981 0.241831 47 207 0
0.494241 0.0755081 0.241553 47 207 0
0.494364 0.0806192 0.241284 47 207 0
0.494444 0.0857353 0.241109 47 207 0
0.49451 0.0908529 0.240981 47 207 0
0.496059 0.09343 0.241941 47 207 0
0.499557 0.0967065 0.244409 47 207 0
0.502939 0.100253 0.246674 47 207 0
0.506344 0.103952 0.248627 47 207 0
0.50995 0.107676 0.250102 47 207 0
0.513899 0.111191 0.251172 47 207 0
0.517978 0.114625 0.252016 47 207 0
0.517439 0.11468 0.252857 47 207 0
0.574981 0.117841 0.279291 47 207 0
0.575357 0.117694 0.278376 47 207 0
0.576533 0.115085 0.278499 47 207 0
0.579269 0.111681 0.280531 47 207 0
0.581783 0.108091 0.282541 47 207 0
0.584349 0.104566 0.284601 47 207 0
0.586738 0.100898 0.286621 47 207 0
0.589271 0.0973295 0.288638 47 207 0
0.58946 0.0925501 0.290486 47 207 0
0.588983 0.088029 0.292303 47 207 0
0.588775 0.0834143 0.293951 47 207 0
0.588867 0.0787553 0.295465 48 206 0
0.589108 0.0740093 0.296646 48 206 0
0.589629 0.0692124 0.297419 48 206 0
0.590669 0.0644438 0.297792 48 206 0
0.591678 0.0596477 0.297635 48 206 0
0.592829 0.0548974 0.29734 48 206 0
0.593779 0.0442186 0.296529 48 206 0
0.593877 0.039338 0.296389 48 206 0
0.593945 0.0344561 0.29629 48 206 0
0.59395 0.0295735 0.296189 48 206 0
0.593781 0.0246971 0.296308 48 206 0
0.593455 0.019834 0.296598 48 206 0
0.593055 0.0149842 0.297005 48 206 0
0.59262 0.0101433 0.297481 48 206 0
0.592149 0.00530987 0.297996 48 206 0
0.59165 0.000478115 0.298499 48 206 0
0.591151 -0.00436005 0.298938 48 206 0
0.590619 -0.00918662 0.299436 48 206 0
0.589839 -0.0139536 0.300151 48 206 0
0.589477 -0.0187858 0.300721 48 206 0
0.58942 -0.0264595 0.300364 48 206 0
0.589445 -0.0316578 0.30016 48 206 0
0.58953 -0.0368546 0.29994 48 206 0
0.589605 -0.0420521 0.299743 48 206 0
0.589679 -0.0472522 0.299611 48 206 0
0.589782 -0.0524504 0.299441 48 206 0
0.589944 -0.0576461 0.299235 48 206 0
0.590111 -0.0628412 0.299017 48 206 0
0.590258 -0.0680371 0.298806 48 206 0
0.590472 -0.0732261 0.298511 48 206 0
0.590612 -0.0784364 0.298132 48 206 0
0.590939 -0.0833454 0.297782 48 206 0
0.591209 -0.088261 0.297479 48 206 0
0.591417 -0.0931712 0.297066 48 206 0
0.591663 -0.0980752 0.296601 48 206 0
0.591903 -0.102978 0.296118 48 206 0
0.59212 -0.10788 0.295615 48 206 0
0.592351 -0.112776 0.295072 48 206 0
0.59263 -0.117666 0.294486 48 206 0
0.593013 -0.122553 0.293946 48 206 0
0.593403 -0.127445 0.293444 48 206 0
0.593731 -0.137983 0.293007 48 206 0
0.593927 -0.143164 0.292767 48 206 0
0.593907 -0.148331 0.292336 48 206 0
0.593908 -0.153505 0.291935 48 206 0
0.593881 -0.158683 0.291573 48 206 0
0.593844 -0.163857 0.291177 48 206 0
0.593808 -0.169027 0.290713 49 205 0
0.593922 -0.174196 0.290267 49 205 0
0.593885 -0.179368 0.289835 49 205 0
0.593772 -0.184553 0.289642 49 205 0
0.593519 -0.189736 0.289606 49 205 0
0.593595 -0.194924 0.289484 49 205 0
0.593593 -0.200114 0.289479 49 205 0
0.592865 -0.208153 0.290826 49 205 0
0.592234 -0.213141 0.291962 49 205 0
0.591843 -0.218229 0.292717 49 205 0
0.59152 -0.223337 0.293343 49 205 0
0.591327 -0.228475 0.293739 49 205 0
0.59126 -0.233628 0.293899 49 205 0
0.591283 -0.238785 0.293845 49 205 0
0.591393 -0.243936 0.29362 49 205 0
0.591563 -0.249081 0.293294 49 205 0
0.591598 -0.254237 0.293155 49 205 0
0.591583 -0.248536 0.293452 49 205 0
0.591461 -0.243853 0.293615 49 205 0
0.591324 -0.239169 0.293793 49 205 0
0.59123 -0.234481 0.293916 49 205 0
0.591181 -0.229792 0.293996 49 205 0
0.59122 -0.225109 0.293875 49 205 0
0.591361 -0.220436 0.293503 49 205 0
0.591698 -0.21579 0.292994 49 205 0
0.593172 -0.20564 0.290537 49 205 0
0.593557 -0.200481 0.290238 49 205 0
0.593756 -0.195295 0.290212 49 205 0
0.59414 -0.19012 0.289975 49 205 0
0.594478 -0.184936 0.289933 49 205 0
0.594599 -0.179747 0.29012 49 205 0
0.594654 -0.174569 0.290537 49 205 0
0.594537 -0.169394 0.290983 49 205 0
0.594352 -0.164216 0.291361 49 205 0
0.594377 -0.159036 0.291751 49 205 0
0.594403 -0.153854 0.292112 49 205 0
0.594142 -0.148676 0.292446 49 205 0
0.593897 -0.143496 0.292752 49 205 0
0.593748 -0.135662 0.29299 49 205 0
0.593418 -0.130447 0.293418 49 205 0
0.593116 -0.125231 0.293838 49 205 0
0.59283 -0.120017 0.29429 49 205 0
0.592521 -0.114813 0.29484 49 205 0
0.592271 -0.10961 0.295424 49 205 0
0.592054 -0.104402 0.295977 49 205 0
0.591794 -0.0991914 0.296494 49 205 0
0.591559 -0.0939838 0.297046 49 205 0
0.591421 -0.0887656 0.297517 50 204 0
0.590857 -0.0839155 0.297763 50 204 0
0.590692 -0.0789721 0.298064 50 204 0
0.590446 -0.0740352 0.298415 50 204 0
0.590256 -0.0690934 0.298728 50 204 0
0.590102 -0.0641466 0.298977 50 204 0
0.589935 -0.0591987 0.299193 50 204 0
0.589775 -0.0542499 0.299394 50 204 0
0.58966 -0.0492983 0.29955 50 204 0
0.589594 -0.0443448 0.299666 50 204 0
0.589573 -0.0393912 0.299796 50 204 0
0.58951 -0.0344385 0.299946 50 204 0
0.589401 -0.0236681 0.300548 50 204 0
0.589552 -0.0188527 0.300369 50 204 0
0.590129 -0.0140969 0.299816 50 204 0
0.590643 -0.00931927 0.299387 50 204 0
0.591117 -0.00453492 0.298963 50 204 0
0.591608 0.000246757 0.298529 50 204 0
0.592102 0.00502289 0.298042 50 204 0
0.592579 0.00979761 0.297523 50 204 0
0.59302 0.0145797 0.297043 50 204 0
0.593456 0.0193695 0.296651 50 204 0
0.593884 0.024169 0.296401 50 204 0
0.594093 0.028987 0.296212 50 204 0
0.594147 0.0338118 0.296171 50 204 0
0.594103 0.0386367 0.296282 50 204 0
0.593852 0.0441302 0.296059 50 204 0
0.592815 0.0492431 0.296376 50 204 0
0.592091 0.0544139 0.296818 50 204 0
0.591025 0.059531 0.297198 50 204 0
0.590013 0.0646635 0.297426 50 204 0
0.589576 0.0698787 0.2974 50 204 0
0.589132 0.0750312 0.29657 50 204 0
0.589028 0.0800922 0.295226 50 204 0
0.589461 0.0850814 0.293681 50 204 0
0.589712 0.0899306 0.291724 50 204 0
0.588792 0.0916765 0.290414 50 204 0
0.587067 0.0956962 0.28837 50 204 0
0.584955 0.0995102 0.286272 50 204 0
0.582704 0.103296 0.284268 50 204 0
0.580488 0.107108 0.282275 50 204 0
0.578414 0.111033 0.280352 50 204 0
0.576533 0.115085 0.278499 50 204 0
0.576159 0.115218 0.279417 50 204 0
0.519696 0.116566 0.25326 50 204 0
0.520232 0.116516 0.252417 50 204 0
0.520232 0.116516 0.252417 51 203 0
0.519741 0.113621 0.25326 51 203 0
0.519113 0.109361 0.254397 51 203 0
0.518526 0.105074 0.25545 51 203 0
0.518115 0.100705 0.256213 51 203 0
0.517735 0.0963225 0.256906 51 203 0
0.517693 0.0913115 0.256942 51 203 0
0.517986 0.0861358 0.256434 51 203 0
0.517821 0.0809602 0.255862 51 203 0
0.517667 0.075788 0.255257 51 203 0
0.517426 0.070602 0.254822 51 203 0
0.517084 0.0654115 0.254535 51 203 0
0.516597 0.0602247 0.25451 51 203 0
0.516444 0.0550249 0.254791 51 203 0
0.515982 0.044556 0.255636 51 203 0
0.515793 0.0397415 0.255981 51 203 0
0.515588 0.0349298 0.256353 51 203 0
0.515378 0.0301187 0.256732 51 203 0
0.515169 0.025308 0.257115 51 203 0
0.514955 0.0204976 0.2575 51 203 0
0.51476 0.0156842 0.257855 51 203 0
0.514602 0.0108653 0.258146 51 203 0
0.514488 0.00604076 0.25835 51 203 0
0.514414 0.00121273 0.258483 51 203 0
0.514357 -0.00361634 0.258587 51 203 0
0.514301 -0.00844535 0.258692 51 203 0
0.51426 -0.0132749 0.258767 51 203 0
0.514327 -0.0181019 0.25865 51 203 0
0.514471 -0.0258255 0.258385 51 203 0
0.514489 -0.0310663 0.258343 51 203 0
0.514482 -0.0363074 0.258353 51 203 0
0.51447 -0.0415486 0.258375 51 203 0
0.514487 -0.0467894 0.258342 51 203 0
0.514522 -0.0520301 0.258278 51 203 0
0.514505 -0.0572705 0.258314 51 203 0
0.514422 -0.0625085 0.258469 51 203 0
0.514344 -0.0677467 0.258618 51 203 0
0.514261 -0.072984 0.258777 51 203 0
0.514045 -0.0783366 0.259184 51 203 0
0.514194 -0.0831272 0.258908 51 203 0
0.514115 -0.0878921 0.258302 51 203 0
0.514228 -0.092579 0.257271 51 203 0
0.514512 -0.097191 0.255959 51 203 0
0.51485 -0.101778 0.254568 51 203 0
0.51516 -0.106376 0.253205 51 203 0
0.515506 -0.111012 0.252011 51 203 0
0.515991 -0.11571 0.251132 51 203 0
0.516331 -0.120461 0.250495 52 202 0
0.516552 -0.125241 0.250058 52 202 0
0.516672 -0.135776 0.249873 52 202 0
0.516827 -0.140691 0.249615 52 202 0
0.517 -0.145601 0.249289 52 202 0
0.517067 -0.150522 0.249162 52 202 0
0.517007 -0.155442 0.2493 52 202 0
0.516759 -0.160333 0.249773 52 202 0
0.516315 -0.165165 0.250584 52 202 0
0.515766 -0.169954 0.251588 52 202 0
0.51519 -0.174727 0.252649 52 202 0
0.514676 -0.179531 0.253583 52 202 0
0.514273 -0.184385 0.254308 52 202 0
0.513812 -0.189195 0.255161 52 202 0
0.512958 -0.193784 0.256727 52 202 0
0.512335 -0.198524 0.25782 52 202 0
0.513674 -0.206321 0.255372 52 202 0
0.51466 -0.21114 0.253568 52 202 0
0.515374 -0.216167 0.252253 52 202 0
0.515872 -0.221258 0.251151 52 202 0
0.515992 -0.226456 0.250504 52 202 0
0.515865 -0.231689 0.250303 52 202 0
0.515552 -0.236922 0.250443 52 202 0
0.515143 -0.242141 0.250753 52 202 0
0.51457 -0.247329 0.251237 52 202 0
0.51397 -0.2525 0.251822 52 202 0
0.51408 -0.247082 0.251605 52 202 0
0.514742 -0.242484 0.250795 52 202 0
0.515358 -0.237833 0.250284 52 202 0
0.515875 -0.233159 0.249866 52 202 0
0.516218 -0.22846 0.249756 52 202 0
0.516297 -0.223767 0.250118 52 202 0
0.516102 -0.219119 0.250923 52 202 0
0.515553 -0.214546 0.251908 52 202 0
0.513145 -0.203768 0.256344 52 202 0
0.512986 -0.198949 0.256637 52 202 0
0.513637 -0.19426 0.255479 52 202 0
0.513953 -0.189443 0.254903 52 202 0
0.51427 -0.184606 0.25432 52 202 0
0.514672 -0.179798 0.253573 52 202 0
0.515186 -0.175038 0.252624 52 202 0
0.515757 -0.170304 0.251572 52 202 0
0.516301 -0.165554 0.250577 52 202 0
0.516743 -0.160762 0.24977 52 202 0
0.516992 -0.155912 0.249295 52 202 0
0.517062 -0.151033 0.249135 52 202 0
0.516957 -0.146156 0.249316 52 202 0
0.516773 -0.14129 0.249679 53 201 0
0.51668 -0.133638 0.249847 53 201 0
0.516546 -0.12851 0.250108 53 201 0
0.516742 -0.123414 0.250702 53 201 0
0.516701 -0.11833 0.251416 53 201 0
0.516521 -0.113294 0.252401 53 201 0
0.516238 -0.108299 0.253563 53 201 0
0.515911 -0.103326 0.254808 53 201 0
0.515586 -0.0983522 0.25605 53 201 0
0.515042 -0.0934236 0.257365 53 201 0
0.51434 -0.0885037 0.258654 53 201 0
0.514028 -0.0812696 0.259199 53 201 0
0.51422 -0.0762335 0.25885 53 201 0
0.514287 -0.0711835 0.258728 53 201 0
0.514352 -0.0661333 0.258611 53 201 0
0.514444 -0.0610849 0.258437 53 201 0
0.514519 -0.0560355 0.258295 53 201 0
0.514527 -0.0509841 0.258277 53 201 0
0.514486 -0.0459326 0.258353 53 201 0
0.51446 -0.0408808 0.258402 53 201 0
0.514437 -0.035829 0.258439 53 201 0
0.514459 -0.0255228 0.258416 53 201 0
0.51431 -0.0205187 0.258694 53 201 0
0.514278 -0.0155054 0.25875 53 201 0
0.514311 -0.0104914 0.258739 53 201 0
0.514356 -0.0054781 0.258657 53 201 0
0.514399 -0.000464802 0.258577 53 201 0
0.514469 0.00454729 0.258454 53 201 0
0.514553 0.0095564 0.258246 53 201 0
0.514714 0.0145591 0.257948 53 201 0
0.514914 0.0195557 0.25758 53 201 0
0.515135 0.0245493 0.257184 53 201 0
0.515353 0.0295426 0.256783 53 201 0
0.515578 0.0345351 0.256376 53 201 0
0.51577 0.0395328 0.25602 53 201 0
0.516027 0.0449124 0.255545 53 201 0
0.516217 0.0497212 0.255204 53 201 0
0.516704 0.054515 0.255008 53 201 0
0.517217 0.0593108 0.2549 53 201 0
0.517643 0.0641156 0.254922 53 201 0
0.517966 0.0689239 0.25511 53 201 0
0.518205 0.0737282 0.25547 53 201 0
0.51829 0.0785284 0.255908 53 201 0
0.518085 0.0833335 0.256283 53 201 0
0.517777 0.0881149 0.256846 53 201 0
0.517673 0.0903963 0.257047 53 201 0
0.517811 0.0951307 0.25678 53 201 0
0.518034 0.0998493 0.256362 54 200 0
0.518473 0.104503 0.25555 54 200 0
0.519074 0.109082 0.254466 54 200 0
0.519741 0.113621 0.25326 54 200 0
0.51921 0.11368 0.254105 54 200 0
0.574981 0.117841 0.279291 54 200 0
0.575357 0.117694 0.278376 54 200 0
0.575489 0.114408 0.278174 54 200 0
0.574801 0.10982 0.279097 54 200 0
0.574261 0.105243 0.280168 54 200 0
0.573077 0.100773 0.281186 54 200 0
0.572113 0.0962929 0.282361 54 200 0
0.571269 0.0910663 0.284078 54 200 0
0.57062 0.0859453 0.285316 54 200 0
0.570229 0.080712 0.286167 54 200 0
0.57013 0.0754128 0.28656 54 200 0
0.570185 0.0701005 0.286407 54 200 0
0.570453 0.0648261 0.285795 54 200 0
0.570791 0.0595727 0.285052 54 200 0
0.57114 0.054333 0.284223 54 200 0
0.57095 0.0432692 0.284028 54 200 0
0.570915 0.0384093 0.284061 54 200 0
0.570813 0.0335688 0.284457 54 200 0
0.570462 0.0287362 0.284823 54 200 0
0.570188 0.0239043 0.285261 54 200 0
0.569834 0.0190758 0.285676 54 200 0
0.569398 0.0142506 0.286063 54 200 0
0.568975 0.00942718 0.286481 54 200 0
0.568558 0.00460422 0.286912 54 200 0
0.56812 -0.000220021 0.287307 54 200 0
0.567695 -0.00504938 0.287647 54 200 0
0.567249 -0.0098831 0.287882 54 200 0
0.566918 -0.014721 0.288083 54 200 0
0.566602 -0.0195623 0.288108 54 200 0
0.566619 -0.0275186 0.287828 54 200 0
0.566917 -0.0325122 0.287398 54 200 0
0.567067 -0.0375259 0.287179 54 200 0
0.56718 -0.0425426 0.287009 54 200 0
0.567169 -0.0475542 0.286748 54 200 0
0.567059 -0.0525606 0.286382 54 200 0
0.56691 -0.057569 0.286068 54 200 0
0.566685 -0.06258 0.285855 54 200 0
0.566384 -0.0675869 0.285644 54 200 0
0.565928 -0.0725519 0.285076 54 200 0
0.56601 -0.0802547 0.284973 54 200 0
0.566262 -0.0853081 0.28459 54 200 0
0.5666 -0.0903462 0.284085 55 199 0
0.566957 -0.0953804 0.283558 55 199 0
0.567465 -0.100398 0.283002 55 199 0
0.568063 -0.105412 0.282487 55 199 0
0.568653 -0.110427 0.281984 55 199 0
0.569226 -0.115447 0.28151 55 199 0
0.569826 -0.120466 0.281058 55 199 0
0.570503 -0.125493 0.280916 55 199 0
0.570814 -0.135787 0.280467 55 199 0
0.571055 -0.140792 0.280118 55 199 0
0.571348 -0.145788 0.279685 55 199 0
0.571431 -0.150781 0.279141 55 199 0
0.571482 -0.15578 0.278646 55 199 0
0.571492 -0.160779 0.278151 55 199 0
0.571506 -0.165782 0.277691 55 199 0
0.571479 -0.17079 0.27729 55 199 0
0.571339 -0.175803 0.277016 55 199 0
0.571062 -0.180818 0.27709 55 199 0
0.570606 -0.185805 0.277494 55 199 0
0.569986 -0.190749 0.278127 55 199 0
0.569617 -0.195715 0.278773 55 199 0
0.569099 -0.200614 0.279755 55 199 0
0.567772 -0.208593 0.282247 55 199 0
0.56777 -0.213711 0.282284 55 199 0
0.56791 -0.218832 0.282126 55 199 0
0.567982 -0.223963 0.282036 55 199 0
0.568199 -0.229084 0.281719 55 199 0
0.568451 -0.234202 0.281367 55 199 0
0.568653 -0.239327 0.281098 55 199 0
0.568754 -0.244459 0.280966 55 199 0
0.568749 -0.249595 0.280976 55 199 0
0.568515 -0.254712 0.281338 55 199 0
0.568628 -0.249112 0.281119 55 199 0
0.568831 -0.244444 0.280818 55 199 0
0.568862 -0.239759 0.280786 55 199 0
0.56875 -0.23508 0.280951 55 199 0
0.56844 -0.230427 0.281378 55 199 0
0.568039 -0.225792 0.281939 55 199 0
0.567629 -0.221164 0.282538 55 199 0
0.567063 -0.21658 0.283329 55 199 0
0.568251 -0.205865 0.281213 55 199 0
0.56894 -0.201224 0.279988 55 199 0
0.569401 -0.196471 0.279129 55 199 0
0.569837 -0.191695 0.278382 55 199 0
0.570371 -0.186915 0.277748 55 199 0
0.570842 -0.182106 0.277312 55 199 0
0.571163 -0.17727 0.277119 55 199 0
0.571347 -0.172425 0.277224 56 198 0
0.571419 -0.167584 0.27755 56 198 0
0.571419 -0.162746 0.277943 56 198 0
0.571408 -0.157912 0.278369 56 198 0
0.571405 -0.153082 0.278841 56 198 0
0.571445 -0.148283 0.279553 56 198 0
0.571146 -0.143459 0.279989 56 198 0
0.570842 -0.135611 0.280421 56 198 0
0.570652 -0.130813 0.280711 56 198 0
0.570451 -0.126015 0.281003 56 198 0
0.570224 -0.121222 0.281335 56 198 0
0.569892 -0.116442 0.28175 56 198 0
0.569361 -0.111682 0.282194 56 198 0
0.568819 -0.106926 0.282674 56 198 0
0.568272 -0.102171 0.283151 56 198 0
0.567719 -0.0974161 0.283625 56 198 0
0.56706 -0.0926815 0.284157 56 198 0
0.566254 -0.0879599 0.284595 56 198 0
0.565983 -0.0829002 0.285001 56 198 0
0.565995 -0.0781057 0.28499 56 198 0
0.566186 -0.0733272 0.285312 56 198 0
0.566439 -0.0685502 0.285639 56 198 0
0.566723 -0.0637711 0.285903 56 198 0
0.567018 -0.0589919 0.286155 56 198 0
0.567297 -0.0542134 0.286437 56 198 0
0.567411 -0.0494297 0.286676 56 198 0
0.567306 -0.0446383 0.286827 56 198 0
0.56718 -0.0398485 0.287009 56 198 0
0.566923 -0.0350758 0.287367 56 198 0
0.566645 -0.0244146 0.288036 56 198 0
0.566643 -0.0195524 0.287993 56 198 0
0.566875 -0.0147017 0.287888 56 198 0
0.567223 -0.00985226 0.28783 56 198 0
0.567626 -0.00501104 0.287631 56 198 0
0.568051 -0.00017841 0.287303 56 198 0
0.568506 0.00464516 0.286889 56 198 0
0.568939 0.0094679 0.286444 56 198 0
0.569353 0.0142948 0.286026 56 198 0
0.569782 0.0191235 0.285643 56 198 0
0.570209 0.0239526 0.285265 56 198 0
0.570631 0.0287773 0.284844 56 198 0
0.570875 0.0335967 0.284255 56 198 0
0.570914 0.0384524 0.284044 56 198 0
0.570971 0.0432497 0.283979 56 198 0
0.570893 0.0483406 0.284043 56 198 0
0.570874 0.0534287 0.284305 56 198 0
0.570742 0.0584993 0.284781 56 198 0
0.570428 0.0635346 0.285491 57 197 0
0.570142 0.0685803 0.286139 57 197 0
0.570066 0.0736536 0.286597 57 197 0
0.570053 0.0787435 0.286379 57 197 0
0.570303 0.083795 0.285765 57 197 0
0.570759 0.0887603 0.284773 57 197 0
0.571287 0.0924738 0.283523 57 197 0
0.572171 0.0968092 0.282251 57 197 0
0.573076 0.101148 0.28101 57 197 0
0.574277 0.105494 0.280081 57 197 0
0.574826 0.109944 0.279062 57 197 0
0.575489 0.114408 0.278174 57 197 0
0.57512 0.11454 0.279093 57 197 0
0.519696 0.116566 0.25326 57 197 0
0.520232 0.116516 0.252417 57 197 0
0.517978 0.114625 0.252016 57 197 0
0.514077 0.111759 0.251018 57 197 0
0.510255 0.108823 0.249932 57 197 0
0.506432 0.106042 0.248491 57 197 0
0.50279 0.103364 0.246498 57 197 0
0.499366 0.100542 0.244325 57 197 0
0.495993 0.0977484 0.242036 57 197 0
0.496348 0.0921669 0.242184 57 197 0
0.495932 0.0868843 0.242025 57 197 0
0.495491 0.0815843 0.241898 57 197 0
0.494995 0.0762878 0.241937 57 197 0
0.494496 0.0709916 0.241993 57 197 0
0.494006 0.0656948 0.242013 57 197 0
0.493887 0.0603824 0.242269 57 197 0
0.493785 0.0550683 0.242471 57 197 0
0.493137 0.0447152 0.243126 57 197 0
0.492842 0.0395267 0.243429 57 197 0
0.49257 0.0343455 0.243855 57 197 0
0.492339 0.0291527 0.24414 57 197 0
0.492128 0.0239571 0.244389 57 197 0
0.491971 0.0187563 0.244556 57 197 0
0.491918 0.0135514 0.244628 57 197 0
0.491914 0.00834559 0.244631 57 197 0
0.49192 0.00313978 0.244622 57 197 0
0.491949 -0.00206572 0.244573 57 197 0
0.491988 -0.00727083 0.244496 57 197 0
0.492098 -0.0124707 0.244276 57 197 0
0.492164 -0.0176736 0.244117 57 197 0
0.492183 -0.0253002 0.244185 57 197 0
0.492153 -0.0305451 0.244219 57 197 0
0.492078 -0.0357882 0.244334 57 197 0
0.491981 -0.0410289 0.244528 58 196 0
0.491875 -0.0462688 0.244739 58 196 0
0.491757 -0.0515082 0.244954 58 196 0
0.491641 -0.0567467 0.245193 58 196 0
0.49155 -0.0619875 0.245375 58 196 0
0.491446 -0.0672264 0.245582 58 196 0
0.491374 -0.0724681 0.24573 58 196 0
0.491592 -0.0778373 0.245413 58 196 0
0.491805 -0.0825192 0.244455 58 196 0
0.491895 -0.087235 0.243633 58 196 0
0.49203 -0.0919498 0.242809 58 196 0
0.492156 -0.096669 0.242009 58 196 0
0.492236 -0.101402 0.241294 58 196 0
0.492343 -0.106154 0.240721 58 196 0
0.492554 -0.110915 0.240261 58 196 0
0.492767 -0.115676 0.239798 58 196 0
0.492943 -0.120444 0.239389 58 196 0
0.493086 -0.125221 0.239103 58 196 0
0.49349 -0.135586 0.238276 58 196 0
0.493585 -0.140393 0.238068 58 196 0
0.493126 -0.145144 0.23861 58 196 0
0.492689 -0.149916 0.239068 58 196 0
0.492288 -0.154693 0.239545 58 196 0
0.491881 -0.159467 0.240046 58 196 0
0.491488 -0.16424 0.240563 58 196 0
0.491106 -0.169019 0.24104 58 196 0
0.490759 -0.173807 0.241431 58 196 0
0.490468 -0.178606 0.241721 58 196 0
0.490242 -0.183415 0.241817 58 196 0
0.49015 -0.188228 0.241674 58 196 0
0.490366 -0.193026 0.24137 58 196 0
0.490701 -0.197778 0.24066 58 196 0
0.49103 -0.205845 0.238714 58 196 0
0.491056 -0.210542 0.23748 58 196 0
0.490786 -0.215255 0.236344 58 196 0
0.490516 -0.220012 0.235402 58 196 0
0.49005 -0.224776 0.234568 58 196 0
0.489498 -0.229555 0.233884 58 196 0
0.48893 -0.234359 0.233428 58 196 0
0.488462 -0.239186 0.233139 58 196 0
0.487734 -0.243981 0.232857 58 196 0
0.487046 -0.248787 0.232776 58 196 0
0.486446 -0.253604 0.232689 58 196 0
0.487147 -0.248608 0.233047 58 196 0
0.488057 -0.243601 0.233166 58 196 0
0.488763 -0.238554 0.233265 58 196 0
0.489677 -0.233549 0.233568 58 196 0
0.490336 -0.228508 0.233935 59 195 0
0.490641 -0.223446 0.234445 59 195 0
0.490973 -0.218479 0.235534 59 195 0
0.490964 -0.2135 0.236612 59 195 0
0.490253 -0.20296 0.238267 59 195 0
0.489917 -0.198249 0.239158 59 195 0
0.489788 -0.193522 0.240022 59 195 0
0.489657 -0.188753 0.240614 59 195 0
0.489556 -0.183956 0.240849 59 195 0
0.489666 -0.179153 0.240848 59 195 0
0.490011 -0.174361 0.240706 59 195 0
0.490473 -0.16958 0.240501 59 195 0
0.490931 -0.164802 0.240228 59 195 0
0.49138 -0.160028 0.239884 59 195 0
0.491854 -0.155259 0.2395 59 195 0
0.492301 -0.150511 0.238926 59 195 0
0.493055 -0.145844 0.238063 59 195 0
0.49367 -0.141091 0.237875 59 195 0
0.493408 -0.133586 0.238461 59 195 0
0.493207 -0.128447 0.238839 59 195 0
0.493117 -0.12331 0.239258 59 195 0
0.492969 -0.118179 0.239737 59 195 0
0.492741 -0.113049 0.240206 59 195 0
0.492649 -0.107927 0.24078 59 195 0
0.492591 -0.102811 0.241422 59 195 0
0.49246 -0.0977053 0.242133 59 195 0
0.492335 -0.092613 0.242929 59 195 0
0.492198 -0.0875177 0.243643 59 195 0
0.491954 -0.0825555 0.244537 59 195 0
0.491698 -0.0777182 0.245065 59 195 0
0.491515 -0.0728637 0.245466 59 195 0
0.49142 -0.0679962 0.245651 59 195 0
0.49145 -0.063125 0.245581 59 195 0
0.491587 -0.0582598 0.245324 59 195 0
0.491753 -0.053399 0.244998 59 195 0
0.491893 -0.0485352 0.244711 59 195 0
0.492002 -0.0436659 0.24452 59 195 0
0.492077 -0.0387933 0.244406 59 195 0
0.492086 -0.0339195 0.244368 59 195 0
0.492165 -0.0235676 0.244179 59 195 0
0.492128 -0.0187166 0.244233 59 195 0
0.492061 -0.0138672 0.244362 59 195 0
0.491999 -0.00901733 0.244475 59 195 0
0.491958 -0.00416657 0.244555 59 195 0
0.491935 0.000684759 0.2446 59 195 0
0.491924 0.00553633 0.244618 59 195 0
0.491922 0.010388 0.244621 59 195 0
0.491939 0.0152394 0.244599 60 194 0
0.492011 0.0200893 0.244514 60 194 0
0.492168 0.0249352 0.244342 60 194 0
0.492355 0.0297779 0.244116 60 194 0
0.492558 0.0346137 0.243799 60 194 0
0.492824 0.0394438 0.243433 60 194 0
0.493204 0.04485 0.24309 60 194 0
0.493443 0.0499565 0.24283 60 194 0
0.493731 0.0550605 0.242554 60 194 0
0.493868 0.0601721 0.242302 60 194 0
0.493986 0.0652851 0.242068 60 194 0
0.494094 0.0703981 0.241831 60 194 0
0.494241 0.0755081 0.241553 60 194 0
0.494364 0.0806192 0.241284 60 194 0
0.494444 0.0857353 0.241109 60 194 0
0.49451 0.0908529 0.240981 60 194 0
0.496059 0.09343 0.241941 60 194 0
0.499557 0.0967065 0.244409 60 194 0
0.502939 0.100253 0.246674 60 194 0
0.506344 0.103952 0.248627 60 194 0
0.50995 0.107676 0.250102 60 194 0
0.513899 0.111191 0.251172 60 194 0
0.517978 0.114625 0.252016 60 194 0
0.517439 0.11468 0.252857 60 194 0
0.574981 0.117841 0.279291 60 194 0
0.575357 0.117694 0.278376 60 194 0
0.576533 0.115085 0.278499 60 194 0
0.579269 0.111681 0.280531 60 194 0
0.581783 0.108091 0.282541 60 194 0
0.584349 0.104566 0.284601 60 194 0
0.586738 0.100898 0.286621 60 194 0
0.589271 0.0973295 0.288638 60 194 0
0.58946 0.0925501 0.290486 60 194 0
0.588983 0.088029 0.292303 60 194 0
0.588775 0.0834143 0.293951 60 194 0
0.588867 0.0787553 0.295465 60 194 0
0.589108 0.0740093 0.296646 60 194 0
0.589629 0.0692124 0.297419 60 194 0
0.590669 0.0644438 0.297792 60 194 0
0.591678 0.0596477 0.297635 60 194 0
0.592829 0.0548974 0.29734 60 194 0
0.593779 0.0442186 0.296529 60 194 0
0.593877 0.039338 0.296389 60 194 0
0.593945 0.0344561 0.29629 60 194 0
0.59395 0.0295735 0.296189 60 194 0
0.593781 0.0246971 0.296308 60 194 0
0.593455 0.019834 0.296598 60 194 0
0.593055 0.0149842 0.297005 61 193 0
0.59262 0.0101433 0.297481 61 193 0
0.592149 0.00530987 0.297996 61 193 0
0.59165 0.000478115 0.298499 61 193 0
0.591151 -0.00436005 0.298938 61 193 0
0.590619 -0.00918662 0.299436 61 193 0
0.589839 -0.0139536 0.300151 61 193 0
0.589477 -0.0187858 0.300721 61 193 0
0.58942 -0.0264595 0.300364 61 193 0
0.589445 -0.0316578 0.30016 61 193 0
0.58953 -0.0368546 0.29994 61 193 0
0.589605 -0.0420521 0.299743 61 193 0
0.589679 -0.0472522 0.299611 61 193 0
0.589782 -0.0524504 0.299441 61 193 0
0.589944 -0.0576461 0.299235 61 193 0
0.590111 -0.0628412 0.299017 61 193 0
0.590258 -0.0680371 0.298806 61 193 0
0.590472 -0.0732261 0.298511 61 193 0
0.590612 -0.0784364 0.298132 61 193 0
0.590939 -0.0833454 0.297782 61 193 0
0.591209 -0.088261 0.297479 61 193 0
0.591417 -0.0931712 0.297066 61 193 0
0.591663 -0.0980752 0.296601 61 193 0
0.591903 -0.102978 0.296118 61 193 0
0.59212 -0.10788 0.295615 61 193 0
0.592351 -0.112776 0.295072 61 193 0
0.59263 -0.117666 0.294486 61 193 0
0.593013 -0.122553 0.293946 61 193 0
0.593403 -0.127445 0.293444 61 193 0
0.593731 -0.137983 0.293007 61 193 0
0.593927 -0.143164 0.292767 61 193 0
0.593907 -0.148331 0.292336 61 193 0
0.593908 -0.153505 0.291935 61 193 0
0.593881 -0.158683 0.291573 61 193 0
0.593844 -0.163857 0.291177 61 193 0
0.593808 -0.169027 0.290713 61 193 0
0.593922 -0.174196 0.290267 61 193 0
0.593885 -0.179368 0.289835 61 193 0
0.593772 -0.184553 0.289642 61 193 0
0.593519 -0.189736 0.289606 61 193 0
0.593595 -0.194924 0.289484 61 193 0
0.593593 -0.200114 0.289479 61 193 0
0.592865 -0.208153 0.290826 61 193 0
0.592234 -0.213141 0.291962 61 193 0
0.591843 -0.218229 0.292717 61 193 0
0.59152 -0.223337 0.293343 61 193 0
0.591327 -0.228475 0.293739 62 192 0
0.59126 -0.233628 0.293899 62 192 0
0.591283 -0.238785 0.293845 62 192 0
0.591393 -0.243936 0.29362 62 192 0
0.591563 -0.249081 0.293294 62 192 0
0.591598 -0.254237 0.293155 62 192 0
0.591583 -0.248536 0.293452 62 192 0
0.591461 -0.243853 0.293615 62 192 0
0.591324 -0.239169 0.293793 62 192 0
0.59123 -0.234481 0.293916 62 192 0
0.591181 -0.229792 0.293996 62 192 0
0.59122 -0.225109 0.293875 62 192 0
0.591361 -0.220436 0.293503 62 192 0
0.591698 -0.21579 0.292994 62 192 0
0.593172 -0.20564 0.290537 62 192 0
0.593557 -0.200481 0.290238 62 192 0
0.593756 -0.195295 0.290212 62 192 0
0.59414 -0.19012 0.289975 62 192 0
0.594478 -0.184936 0.289933 62 192 0
0.594599 -0.179747 0.29012 62 192 0
0.594654 -0.174569 0.290537 62 192 0
0.594537 -0.169394 0.290983 62 192 0
0.594352 -0.164216 0.291361 62 192 0
0.594377 -0.159036 0.291751 62 192 0
0.594403 -0.153854 0.292112 62 192 0
0.594142 -0.148676 0.292446 62 192 0
0.593897 -0.143496 0.292752 62 192 0
0.593748 -0.135662 0.29299 62 192 0
0.593418 -0.130447 0.293418 62 192 0
0.593116 -0.125231 0.293838 62 192 0
0.59283 -0.120017 0.29429 62 192 0
0.592521 -0.114813 0.29484 62 192 0
0.592271 -0.10961 0.295424 62 192 0
0.592054 -0.104402 0.295977 62 192 0
0.591794 -0.0991914 0.296494 62 192 0
0.591559 -0.0939838 0.297046 62 192 0
0.591421 -0.0887656 0.297517 62 192 0
0.590857 -0.0839155 0.297763 62 192 0
0.590692 -0.0789721 0.298064 62 192 0
0.590446 -0.0740352 0.298415 62 192 0
0.590256 -0.0690934 0.298728 62 192 0
0.590102 -0.0641466 0.298977 62 192 0
0.589935 -0.0591987 0.299193 62 192 0
0.589775 -0.0542499 0.299394 62 192 0
0.58966 -0.0492983 0.29955 62 192 0
0.589594 -0.0443448 0.299666 62 192 0
0.589573 -0.0393912 0.299796 62 192 0
0.58951 -0.0344385 0.299946 63 191 0
0.589401 -0.0236681 0.300548 63 191 0
0.589552 -0.0188527 0.300369 63 191 0
0.590129 -0.0140969 0.299816 63 191 0
0.590643 -0.00931927 0.299387 63 191 0
0.591117 -0.00453492 0.298963 63 191 0
0.591608 0.000246757 0.298529 63 191 0
0.592102 0.00502289 0.298042 63 191 0
0.592579 0.00979761 0.297523 63 191 0
0.59302 0.0145797 0.297043 63 191 0
0.593456 0.0193695 0.296651 63 191 0
0.593884 0.024169 0.296401 63 191 0
0.594093 0.028987 0.296212 63 191 0
0.594147 0.0338118 0.296171 63 191 0
0.594103 0.0386367 0.296282 63 191 0
0.593852 0.0441302 0.296059 63 191 0
0.592815 0.0492431 0.296376 63 191 0
0.592091 0.0544139 0.296818 63 191 0
0.591025 0.059531 0.297198 63 191 0
0.590013 0.0646635 0.297426 63 191 0
0.589576 0.0698787 0.2974 63 191 0
0.589132 0.0750312 0.29657 63 191 0
0.589028 0.0800922 0.295226 63 191 0
0.589461 0.0850814 0.293681 63 191 0
0.589712 0.0899306 0.291724 63 191 0
0.588792 0.0916765 0.290414 63 191 0
0.587067 0.0956962 0.28837 63 191 0
0.584955 0.0995102 0.286272 63 191 0
0.582704 0.103296 0.284268 63 191 0
0.580488 0.107108 0.282275 63 191 0
0.578414 0.111033 0.280352 63 191 0
0.576533 0.115085 0.278499 63 191 0
0.576159 0.115218 0.279417 63 191 0
0.519696 0.116566 0.25326 63 191 0
0.520232 0.116516 0.252417 63 191 0
0.520232 0.116516 0.252417 63 191 0
0.519741 0.113621 0.25326 63 191 0
0.519113 0.109361 0.254397 63 191 0
0.518526 0.105074 0.25545 63 191 0
0.518115 0.100705 0.256213 63 191 0
0.517735 0.0963225 0.256906 63 191 0
0.517693 0.0913115 0.256942 63 191 0
0.517986 0.0861358 0.256434 63 191 0
0.517821 0.0809602 0.255862 63 191 0
0.517667 0.075788 0.255257 63 191 0
0.517426 0.070602 0.254822 63 191 0
0.517084 0.0654115 0.254535 63 191 0
0.516597 0.0602247 0.25451 64 190 0
0.516444 0.0550249 0.254791 64 190 0
0.515982 0.044556 0.255636 64 190 0
0.515793 0.0397415 0.255981 64 190 0
0.515588 0.0349298 0.256353 64 190 0
0.515378 0.0301187 0.256732 64 190 0
0.515169 0.025308 0.257115 64 190 0
0.514955 0.0204976 0.2575 64 190 0
0.51476 0.0156842 0.257855 64 190 0
0.514602 0.0108653 0.258146 64 190 0
0.514488 0.00604076 0.25835 64 190 0
0.514414 0.00121273 0.258483 64 190 0
0.514357 -0.00361634 0.258587 64 190 0
0.514301 -0.00844535 0.258692 64 190 0
0.51426 -0.0132749 0.258767 64 190 0
0.514327 -0.0181019 0.25865 64 190 0
0.514471 -0.0258255 0.258385 64 190 0
0.514489 -0.0310663 0.258343 64 190 0
0.514482 -0.0363074 0.258353 64 190 0
0.51447 -0.0415486 0.258375 64 190 0
0.514487 -0.0467894 0.258342 64 190 0
0.514522 -0.0520301 0.258278 64 190 0
0.514505 -0.0572705 0.258314 64 190 0
0.514422 -0.0625085 0.258469 64 190 0
0.514344 -0.0677467 0.258618 64 190 0
0.514261 -0.072984 0.258777 64 190 0
0.514045 -0.0783366 0.259184 64 190 0
0.514194 -0.0831272 0.258908 64 190 0
0.514115 -0.0878921 0.258302 64 190 0
0.514228 -0.092579 0.257271 64 190 0
0.514512 -0.097191 0.255959 64 190 0
0.51485 -0.101778 0.254568 64 190 0
0.51516 -0.106376 0.253205 64 190 0
0.515506 -0.111012 0.252011 64 190 0
0.515991 -0.11571 0.251132 64 190 0
0.516331 -0.120461 0.250495 64 190 0
0.516552 -0.125241 0.250058 64 190 0
0.516672 -0.135776 0.249873 64 190 0
0.516827 -0.140691 0.249615 64 190 0
0.517 -0.145601 0.249289 64 190 0
0.517067 -0.150522 0.249162 64 190 0
0.517007 -0.155442 0.2493 64 190 0
0.516759 -0.160333 0.249773 64 190 0
0.516315 -0.165165 0.250584 64 190 0
0.515766 -0.169954 0.251588 64 190 0
0.51519 -0.174727 0.252649 64 190 0
0.514676 -0.179531 0.253583 64 190 0
0.514273 -0.184385 0.254308 65 189 0
0.513812 -0.189195 0.255161 65 189 0
0.512958 -0.193784 0.256727 65 189 0
0.512335 -0.198524 0.25782 65 189 0
0.513674 -0.206321 0.255372 65 189 0
0.51466 -0.21114 0.253568 65 189 0
0.515374 -0.216167 0.252253 65 189 0
0.515872 -0.221258 0.251151 65 189 0
0.515992 -0.226456 0.250504 65 189 0
0.515865 -0.231689 0.250303 65 189 0
0.515552 -0.236922 0.250443 65 189 0
0.515143 -0.242141 0.250753 65 189 0
0.51457 -0.247329 0.251237 65 189 0
0.51397 -0.2525 0.251822 65 189 0
0.51408 -0.247082 0.251605 65 189 0
0.514742 -0.242484 0.250795 65 189 0
0.515358 -0.237833 0.250284 65 189 0
0.515875 -0.233159 0.249866 65 189 0
0.516218 -0.22846 0.249756 65 189 0
0.516297 -0.223767 0.250118 65 189 0
0.516102 -0.219119 0.250923 65 189 0
0.515553 -0.214546 0.251908 65 189 0
0.513145 -0.203768 0.256344 65 189 0
0.512986 -0.198949 0.256637 65 189 0
0.513637 -0.19426 0.255479 65 189 0
0.513953 -0.189443 0.254903 65 189 0
0.51427 -0.184606 0.25432 65 189 0
0.514672 -0.179798 0.253573 65 189 0
0.515186 -0.175038 0.252624 65 189 0
0.515757 -0.170304 0.251572 65 189 0
0.516301 -0.165554 0.250577 65 189 0
0.516743 -0.160762 0.24977 65 189 0
0.516992 -0.155912 0.249295 65 189 0
0.517062 -0.151033 0.249135 65 189 0
0.516957 -0.146156 0.249316 65 189 0
0.516773 -0.14129 0.249679 65 189 0
0.51668 -0.133638 0.249847 65 189 0
0.516546 -0.12851 0.250108 65 189 0
0.516742 -0.123414 0.250702 65 189 0
0.516701 -0.11833 0.251416 65 189 0
0.516521 -0.113294 0.252401 65 189 0
0.516238 -0.108299 0.253563 65 189 0
0.515911 -0.103326 0.254808 65 189 0
0.515586 -0.0983522 0.25605 65 189 0
0.515042 -0.0934236 0.257365 65 189 0
0.51434 -0.0885037 0.258654 65 189 0
0.514028 -0.0812696 0.259199 66 188 0
0.51422 -0.0762335 0.25885 66 188 0
0.514287 -0.0711835 0.258728 66 188 0
0.514352 -0.0661333 0.258611 66 188 0
0.514444 -0.0610849 0.258437 66 188 0
0.514519 -0.0560355 0.258295 66 188 0
0.514527 -0.0509841 0.258277 66 188 0
0.514486 -0.0459326 0.258353 66 188 0
0.51446 -0.0408808 0.258402 66 188 0
0.514437 -0.035829 0.258439 66 188 0
0.514459 -0.0255228 0.258416 66 188 0
0.51431 -0.0205187 0.258694 66 188 0
0.514278 -0.0155054 0.25875 66 188 0
0.514311 -0.0104914 0.258739 66 188 0
0.514356 -0.0054781 0.258657 66 188 0
0.514399 -0.000464802 0.258577 66 188 0
0.514469 0.00454729 0.258454 66 188 0
0.514553 0.0095564 0.258246 66 188 0
0.514714 0.0145591 0.257948 66 188 0
0.514914 0.0195557 0.25758 66 188 0
0.515135 0.0245493 0.257184 66 188 0
0.515353 0.0295426 0.256783 66 188 0
0.515578 0.0345351 0.256376 66 188 0
0.51577 0.0395328 0.25602 66 188 0
0.516027 0.0449124 0.255545 66 188 0
0.516217 0.0497212 0.255204 66 188 0
0.516704 0.054515 0.255008 66 188 0
0.517217 0.0593108 0.2549 66 188 0
0.517643 0.0641156 0.254922 66 188 0
0.517966 0.0689239 0.25511 66 188 0
0.518205 0.0737282 0.25547 66 188 0
0.51829 0.0785284 0.255908 66 188 0
0.518085 0.0833335 0.256283 66 188 0
0.517777 0.0881149 0.256846 66 188 0
0.517673 0.0903963 0.257047 66 188 0
0.517811 0.0951307 0.25678 66 188 0
0.518034 0.0998493 0.256362 66 188 0
0.518473 0.104503 0.25555 66 188 0
0.519074 0.109082 0.254466 66 188 0
0.519741 0.113621 0.25326 66 188 0
0.51921 0.11368 0.254105 66 188 0
0.574981 0.117841 0.279291 66 188 0
0.575357 0.117694 0.278376 66 188 0
0.575489 0.114408 0.278174 66 188 0
0.574801 0.10982 0.279097 66 188 0
0.574261 0.105243 0.280168 66 188 0
0.573077 0.100773 0.281186 66 188 0
0.572113 0.0962929 0.282361 67 187 0
0.571269 0.0910663 0.284078 67 187 0
0.57062 0.0859453 0.285316 67 187 0
0.570229 0.080712 0.286167 67 187 0
0.57013 0.0754128 0.28656 67 187 0
0.570185 0.0701005 0.286407 67 187 0
0.570453 0.0648261 0.285795 67 187 0
0.570791 0.0595727 0.285052 67 187 0
0.57114 0.054333 0.284223 67 187 0
0.57095 0.0432692 0.284028 67 187 0
0.570915 0.0384093 0.284061 67 187 0
0.570813 0.0335688 0.284457 67 187 0
0.570462 0.0287362 0.284823 67 187 0
0.570188 0.0239043 0.285261 67 187 0
0.569834 0.0190758 0.285676 67 187 0
0.569398 0.0142506 0.286063 67 187 0
0.568975 0.00942718 0.286481 67 187 0
0.568558 0.00460422 0.286912 67 187 0
0.56812 -0.000220021 0.287307 67 187 0
0.567695 -0.00504938 0.287647 67 187 0
0.567249 -0.0098831 0.287882 67 187 0
0.566918 -0.014721 0.288083 67 187 0
0.566602 -0.0195623 0.288108 67 187 0
0.566619 -0.0275186 0.287828 67 187 0
0.566917 -0.0325122 0.287398 67 187 0
0.567067 -0.0375259 0.287179 67 187 0
0.56718 -0.0425426 0.287009 67 187 0
0.567169 -0.0475542 0.286748 67 187 0
0.567059 -0.0525606 0.286382 67 187 0
0.56691 -0.057569 0.286068 67 187 0
0.566685 -0.06258 0.285855 67 187 0
0.566384 -0.0675869 0.285644 67 187 0
0.565928 -0.0725519 0.285076 67 187 0
0.56601 -0.0802547 0.284973 67 187 0
0.566262 -0.0853081 0.28459 67 187 0
0.5666 -0.0903462 0.284085 67 187 0
0.566957 -0.0953804 0.283558 67 187 0
0.567465 -0.100398 0.283002 67 187 0
0.568063 -0.105412 0.282487 67 187 0
0.568653 -0.110427 0.281984 67 187 0
0.569226 -0.115447 0.28151 67 187 0
0.569826 -0.120466 0.281058 67 187 0
0.570503 -0.125493 0.280916 67 187 0
0.570814 -0.135787 0.280467 67 187 0
0.571055 -0.140792 0.280118 67 187 0
0.571348 -0.145788 0.279685 67 187 0
0.571431 -0.150781 0.279141 67 187 0
0.571482 -0.15578 0.278646 68 186 0
0.571492 -0.160779 0.278151 68 186 0
0.571506 -0.165782 0.277691 68 186 0
0.571479 -0.17079 0.27729 68 186 0
0.571339 -0.175803 0.277016 68 186 0
0.571062 -0.180818 0.27709 68 186 0
0.570606 -0.185805 0.277494 68 186 0
0.569986 -0.190749 0.278127 68 186 0
0.569617 -0.195715 0.278773 68 186 0
0.569099 -0.200614 0.279755 68 186 0
0.567772 -0.208593 0.282247 68 186 0
0.56777 -0.213711 0.282284 68 186 0
0.56791 -0.218832 0.282126 68 186 0
0.567982 -0.223963 0.282036 68 186 0
0.568199 -0.229084 0.281719 68 186 0
0.568451 -0.234202 0.281367 68 186 0
0.568653 -0.239327 0.281098 68 186 0
0.568754 -0.244459 0.280966 68 186 0
0.568749 -0.249595 0.280976 68 186 0
0.568515 -0.254712 0.281338 68 186 0
0.568628 -0.249112 0.281119 68 186 0
0.568831 -0.244444 0.280818 68 186 0
0.568862 -0.239759 0.280786 68 186 0
0.56875 -0.23508 0.280951 68 186 0
0.56844 -0.230427 0.281378 68 186 0
0.568039 -0.225792 0.281939 68 186 0
0.567629 -0.221164 0.282538 68 186 0
0.567063 -0.21658 0.283329 68 186 0
0.568251 -0.205865 0.281213 68 186 0
0.56894 -0.201224 0.279988 68 186 0
0.569401 -0.196471 0.279129 68 186 0
0.569837 -0.191695 0.278382 68 186 0
0.570371 -0.186915 0.277748 68 186 0
0.570842 -0.182106 0.277312 68 186 0
0.571163 -0.17727 0.277119 68 186 0
0.571347 -0.172425 0.277224 68 186 0
0.571419 -0.167584 0.27755 68 186 0
0.571419 -0.162746 0.277943 68 186 0
0.571408 -0.157912 0.278369 68 186 0
0.571405 -0.153082 0.278841 68 186 0
0.571445 -0.148283 0.279553 68 186 0
0.571146 -0.143459 0.279989 68 186 0
0.570842 -0.135611 0.280421 68 186 0
0.570652 -0.130813 0.280711 68 186 0
0.570451 -0.126015 0.281003 68 186 0
0.570224 -0.121222 0.281335 68 186 0
0.569892 -0.116442 0.28175 68 186 0
0.569361 -0.111682 0.282194 69 185 0
0.568819 -0.106926 0.282674 69 185 0
0.568272 -0.102171 0.283151 69 185 0
0.567719 -0.0974161 0.283625 69 185 0
0.56706 -0.0926815 0.284157 69 185 0
0.566254 -0.0879599 0.284595 69 185 0
0.565983 -0.0829002 0.285001 69 185 0
0.565995 -0.0781057 0.28499 69 185 0
0.566186 -0.0733272 0.285312 69 185 0
0.566439 -0.0685502 0.285639 69 185 0
0.566723 -0.0637711 0.285903 69 185 0
0.567018 -0.0589919 0.286155 69 185 0
0.567297 -0.0542134 0.286437 69 185 0
0.567411 -0.0494297 0.286676 69 185 0
0.567306 -0.0446383 0.286827 69 185 0
0.56718 -0.0398485 0.287009 69 185 0
0.566923 -0.0350758 0.287367 69 185 0
0.566645 -0.0244146 0.288036 69 185 0
0.566643 -0.0195524 0.287993 69 185 0
0.566875 -0.0147017 0.287888 69 185 0
0.567223 -0.00985226 0.28783 69 185 0
0.567626 -0.00501104 0.287631 69 185 0
0.568051 -0.00017841 0.287303 69 185 0
0.568506 0.00464516 0.286889 69 185 0
0.568939 0.0094679 0.286444 69 185 0
0.569353 0.0142948 0.286026 69 185 0
0.569782 0.0191235 0.285643 69 185 0
0.570209 0.0239526 0.285265 69 185 0
0.570631 0.0287773 0.284844 69 185 0
0.570875 0.0335967 0.284255 69 185 0
0.570914 0.0384524 0.284044 69 185 0
0.570971 0.0432497 0.283979 69 185 0
0.570893 0.0483406 0.284043 69 185 0
0.570874 0.0534287 0.284305 69 185 0
0.570742 0.0584993 0.284781 69 185 0
0.570428 0.0635346 0.285491 69 185 0
0.570142 0.0685803 0.286139 69 185 0
0.570066 0.0736536 0.286597 69 185 0
0.570053 0.0787435 0.286379 69 185 0
0.570303 0.083795 0.285765 69 185 0
0.570759 0.0887603 0.284773 69 185 0
0.571287 0.0924738 0.283523 69 185 0
0.572171 0.0968092 0.282251 69 185 0
0.573076 0.101148 0.28101 69 185 0
0.574277 0.105494 0.280081 69 185 0
0.574826 0.109944 0.279062 69 185 0
0.575489 0.114408 0.278174 70 184 0
0.57512 0.11454 0.279093 70 184 0
0.519696 0.116566 0.25326 70 184 0
0.520232 0.116516 0.252417 70 184 0
0.517978 0.114625 0.252016 70 184 0
0.514077 0.111759 0.251018 70 184 0
0.510255 0.108823 0.249932 70 184 0
0.506432 0.106042 0.248491 70 184 0
0.50279 0.103364 0.246498 70 184 0
0.499366 0.100542 0.244325 70 184 0
0.495993 0.0977484 0.242036 70 184 0
0.496348 0.0921669 0.242184 70 184 0
0.495932 0.0868843 0.242025 70 184 0
0.495491 0.0815843 0.241898 70 184 0
0.494995 0.0762878 0.241937 70 184 0
0.494496 0.0709916 0.241993 70 184 0
0.494006 0.0656948 0.242013 70 184 0
0.493887 0.0603824 0.242269 70 184 0
0.493785 0.0550683 0.242471 70 184 0
0.493137 0.0447152 0.243126 70 184 0
0.492842 0.0395267 0.243429 70 184 0
0.49257 0.0343455 0.243855 70 184 0
0.492339 0.0291527 0.24414 70 184 0
0.492128 0.0239571 0.244389 70 184 0
0.491971 0.0187563 0.244556 70 184 0
0.491918 0.0135514 0.244628 70 184 0
0.491914 0.00834559 0.244631 70 184 0
0.49192 0.00313978 0.244622 70 184 0
0.491949 -0.00206572 0.244573 70 184 0
0.491988 -0.00727083 0.244496 70 184 0
0.492098 -0.0124707 0.244276 70 184 0
0.492164 -0.0176736 0.244117 70 184 0
0.492183 -0.0253002 0.244185 70 184 0
0.492153 -0.0305451 0.244219 70 184 0
0.492078 -0.0357882 0.244334 70 184 0
0.491981 -0.0410289 0.244528 70 184 0
0.491875 -0.0462688 0.244739 70 184 0
0.491757 -0.0515082 0.244954 70 184 0
0.491641 -0.0567467 0.245193 70 184 0
0.49155 -0.0619875 0.245375 70 184 0
0.491446 -0.0672264 0.245582 70 184 0
0.491374 -0.0724681 0.24573 70 184 0
0.491592 -0.0778373 0.245413 70 184 0
0.491805 -0.0825192 0.244455 70 184 0
0.491895 -0.087235 0.243633 70 184 0
0.49203 -0.0919498 0.242809 70 184 0
0.492156 -0.096669 0.242009 70 184 0
0.492236 -0.101402 0.241294 71 183 0
0.492343 -0.106154 0.240721 71 183 0
0.492554 -0.110915 0.240261 71 183 0
0.492767 -0.115676 0.239798 71 183 0
0.492943 -0.120444 0.239389 71 183 0
0.493086 -0.125221 0.239103 71 183 0
0.49349 -0.135586 0.238276 71 183 0
0.493585 -0.140393 0.238068 71 183 0
0.493126 -0.145144 0.23861 71 183 0
0.492689 -0.149916 0.239068 71 183 0
0.492288 -0.154693 0.239545 71 183 0
0.491881 -0.159467 0.240046 71 183 0
0.491488 -0.16424 0.240563 71 183 0
0.491106 -0.169019 0.24104 71 183 0
0.490759 -0.173807 0.241431 71 183 0
0.490468 -0.178606 0.241721 71 183 0
0.490242 -0.183415 0.241817 71 183 0
0.49015 -0.188228 0.241674 71 183 0
0.490366 -0.193026 0.24137 71 183 0
0.490701 -0.197778 0.24066 71 183 0
0.49103 -0.205845 0.238714 71 183 0
0.491056 -0.210542 0.23748 71 183 0
0.490786 -0.215255 0.236344 71 183 0
0.490516 -0.220012 0.235402 71 183 0
0.49005 -0.224776 0.234568 71 183 0
0.489498 -0.229555 0.233884 71 183 0
0.48893 -0.234359 0.233428 71 183 0
0.488462 -0.239186 0.233139 71 183 0
0.487734 -0.243981 0.232857 71 183 0
0.487046 -0.248787 0.232776 71 183 0
0.486446 -0.253604 0.232689 71 183 0
0.487147 -0.248608 0.233047 71 183 0
0.488057 -0.243601 0.233166 71 183 0
0.488763 -0.238554 0.233265 71 183 0
0.489677 -0.233549 0.233568 71 183 0
0.490336 -0.228508 0.233935 71 183 0
0.490641 -0.223446 0.234445 71 183 0
0.490973 -0.218479 0.235534 71 183 0
0.490964 -0.2135 0.236612 71 183 0
0.490253 -0.20296 0.238267 71 183 0
0.489917 -0.198249 0.239158 71 183 0
0.489788 -0.193522 0.240022 71 183 0
0.489657 -0.188753 0.240614 71 183 0
0.489556 -0.183956 0.240849 71 183 0
0.489666 -0.179153 0.240848 71 183 0
0.490011 -0.174361 0.240706 71 183 0
0.490473 -0.16958 0.240501 71 183 0
0.490931 -0.164802 0.240228 72 182 0
0.49138 -0.160028 0.239884 72 182 0
0.491854 -0.155259 0.2395 72 182 0
0.492301 -0.150511 0.238926 72 182 0
0.493055 -0.145844 0.238063 72 182 0
0.49367 -0.141091 0.237875 72 182 0
0.493408 -0.133586 0.238461 72 182 0
0.493207 -0.128447 0.238839 72 182 0
0.493117 -0.12331 0.239258 72 182 0
0.492969 -0.118179 0.239737 72 182 0
0.492741 -0.113049 0.240206 72 182 0
0.492649 -0.107927 0.24078 72 182 0
0.492591 -0.102811 0.241422 72 182 0
0.49246 -0.0977053 0.242133 72 182 0
0.492335 -0.092613 0.242929 72 182 0
0.492198 -0.0875177 0.243643 72 182 0
0.491954 -0.0825555 0.244537 72 182 0
0.491698 -0.0777182 0.245065 72 182 0
0.491515 -0.0728637 0.245466 72 182 0
0.49142 -0.0679962 0.245651 72 182 0
0.49145 -0.063125 0.245581 72 182 0
0.491587 -0.0582598 0.245324 72 182 0
0.491753 -0.053399 0.244998 72 182 0
0.491893 -0.0485352 0.244711 72 182 0
0.492002 -0.0436659 0.24452 72 182 0
0.492077 -0.0387933 0.244406 72 182 0
0.492086 -0.0339195 0.244368 72 182 0
0.492165 -0.0235676 0.244179 72 182 0
0.492128 -0.0187166 0.244233 72 182 0
0.492061 -0.0138672 0.244362 72 182 0
0.491999 -0.00901733 0.244475 72 182 0
0.491958 -0.00416657 0.244555 72 182 0
0.491935 0.000684759 0.2446 72 182 0
0.491924 0.00553633 0.244618 72 182 0
0.491922 0.010388 0.244621 72 182 0
0.491939 0.0152394 0.244599 72 182 0
0.492011 0.0200893 0.244514 72 182 0
0.492168 0.0249352 0.244342 72 182 0
0.492355 0.0297779 0.244116 72 182 0
0.492558 0.0346137 0.243799 72 182 0
0.492824 0.0394438 0.243433 72 182 0
0.493204 0.04485 0.24309 72 182 0
0.493443 0.0499565 0.24283 72 182 0
0.493731 0.0550605 0.242554 72 182 0
0.493868 0.0601721 0.242302 72 182 0
0.493986 0.0652851 0.242068 72 182 0
0.494094 0.0703981 0.241831 72 182 0
0.494241 0.0755081 0.241553 73 181 0
0.494364 0.0806192 0.241284 73 181 0
0.494444 0.0857353 0.241109 73 181 0
0.49451 0.0908529 0.240981 73 181 0
0.496059 0.09343 0.241941 73 181 0
0.499557 0.0967065 0.244409 73 181 0
0.502939 0.100253 0.246674 73 181 0
0.506344 0.103952 0.248627 73 181 0
0.50995 0.107676 0.250102 73 181 0
0.513899 0.111191 0.251172 73 181 0
0.517978 0.114625 0.252016 73 181 0
0.517439 0.11468 0.252857 73 181 0
0.574981 0.117841 0.279291 73 181 0
0.575357 0.117694 0.278376 73 181 0
0.576533 0.115085 0.278499 73 181 0
0.579269 0.111681 0.280531 73 181 0
0.581783 0.108091 0.282541 73 181 0
0.584349 0.104566 0.284601 73 181 0
0.586738 0.100898 0.286621 73 181 0
0.589271 0.0973295 0.288638 73 181 0
0.58946 0.0925501 0.290486 73 181 0
0.588983 0.088029 0.292303 73 181 0
0.588775 0.0834143 0.293951 73 181 0
0.588867 0.0787553 0.295465 73 181 0
0.589108 0.0740093 0.296646 73 181 0
0.589629 0.0692124 0.297419 73 181 0
0.590669 0.0644438 0.297792 73 181 0
0.591678 0.0596477 0.297635 73 181 0
0.592829 0.0548974 0.29734 73 181 0
0.593779 0.0442186 0.296529 73 181 0
0.593877 0.039338 0.296389 73 181 0
0.593945 0.0344561 0.29629 73 181 0
0.59395 0.0295735 0.296189 73 181 0
0.593781 0.0246971 0.296308 73 181 0
0.593455 0.019834 0.296598 73 181 0
0.593055 0.0149842 0.297005 73 181 0
0.59262 0.0101433 0.297481 73 181 0
0.592149 0.00530987 0.297996 73 181 0
0.59165 0.000478115 0.298499 73 181 0
0.591151 -0.00436005 0.298938 73 181 0
0.590619 -0.00918662 0.299436 73 181 0
0.589839 -0.0139536 0.300151 73 181 0
0.589477 -0.0187858 0.300721 73 181 0
0.58942 -0.0264595 0.300364 73 181 0
0.589445 -0.0316578 0.30016 73 181 0
0.58953 -0.0368546 0.29994 73 181 0
0.589605 -0.0420521 0.299743 74 180 0
0.589679 -0.0472522 0.299611 74 180 0
0.589782 -0.0524504 0.299441 74 180 0
0.589944 -0.0576461 0.299235 74 180 0
0.590111 -0.0628412 0.299017 74 180 0
0.590258 -0.0680371 0.298806 74 180 0
0.590472 -0.0732261 0.298511 74 180 0
0.590612 -0.0784364 0.298132 74 180 0
0.590939 -0.0833454 0.297782 74 180 0
0.591209 -0.088261 0.297479 74 180 0
0.591417 -0.0931712 0.297066 74 180 0
0.591663 -0.0980752 0.296601 74 180 0
0.591903 -0.102978 0.296118 74 180 0
0.59212 -0.10788 0.295615 74 180 0
0.592351 -0.112776 0.295072 74 180 0
0.59263 -0.117666 0.294486 74 180 0
0.593013 -0.122553 0.293946 74 180 0
0.593403 -0.127445 0.293444 74 180 0
0.593731 -0.137983 0.293007 74 180 0
0.593927 -0.143164 0.292767 74 180 0
0.593907 -0.148331 0.292336 74 180 0
0.593908 -0.153505 0.291935 74 180 0
0.593881 -0.158683 0.291573 74 180 0
0.593844 -0.163857 0.291177 74 180 0
0.593808 -0.169027 0.290713 74 180 0
0.593922 -0.174196 0.290267 74 180 0
0.593885 -0.179368 0.289835 74 180 0
0.593772 -0.184553 0.289642 74 180 0
0.593519 -0.189736 0.289606 74 180 0
0.593595 -0.194924 0.289484 74 180 0
0.593593 -0.200114 0.289479 74 180 0
0.592865 -0.208153 0.290826 74 180 0
0.592234 -0.213141 0.291962 74 180 0
0.591843 -0.218229 0.292717 74 180 0
0.59152 -0.223337 0.293343 74 180 0
0.591327 -0.228475 0.293739 74 180 0
0.59126 -0.233628 0.293899 74 180 0
0.591283 -0.238785 0.293845 74 180 0
0.591393 -0.243936 0.29362 74 180 0
0.591563 -0.249081 0.293294 74 180 0
0.591598 -0.254237 0.293155 74 180 0
0.591583 -0.248536 0.293452 74 180 0
0.591461 -0.243853 0.293615 74 180 0
0.591324 -0.239169 0.293793 74 180 0
0.59123 -0.234481 0.293916 74 180 0
0.591181 -0.229792 0.293996 74 180 0
0.59122 -0.225109 0.293875 74 180 0
0.591361 -0.220436 0.293503 75 179 0
0.591698 -0.21579 0.292994 75 179 0
0.593172 -0.20564 0.290537 75 179 0
0.593557 -0.200481 0.290238 75 179 0
0.593756 -0.195295 0.290212 75 179 0
0.59414 -0.19012 0.289975 75 179 0
0.594478 -0.184936 0.289933 75 179 0
0.594599 -0.179747 0.29012 75 179 0
0.594654 -0.174569 0.290537 75 179 0
0.594537 -0.169394 0.290983 75 179 0
0.594352 -0.164216 0.291361 75 179 0
0.594377 -0.159036 0.291751 75 179 0
0.594403 -0.153854 0.292112 75 179 0
0.594142 -0.148676 0.292446 75 179 0
0.593897 -0.143496 0.292752 75 179 0
0.593748 -0.135662 0.29299 75 179 0
0.593418 -0.130447 0.293418 75 179 0
0.593116 -0.125231 0.293838 75 179 0
0.59283 -0.120017 0.29429 75 179 0
0.592521 -0.114813 0.29484 75 179 0
0.592271 -0.10961 0.295424 75 179 0
0.592054 -0.104402 0.295977 75 179 0
0.591794 -0.0991914 0.296494 75 179 0
0.591559 -0.0939838 0.297046 75 179 0
0.591421 -0.0887656 0.297517 75 179 0
0.590857 -0.0839155 0.297763 75 179 0
0.590692 -0.0789721 0.298064 75 179 0
0.590446 -0.0740352 0.298415 75 179 0
0.590256 -0.0690934 0.298728 75 179 0
0.590102 -0.0641466 0.298977 75 179 0
0.589935 -0.0591987 0.299193 75 179 0
0.589775 -0.0542499 0.299394 75 179 0
0.58966 -0.0492983 0.29955 75 179 0
0.589594 -0.0443448 0.299666 75 179 0
0.589573 -0.0393912 0.299796 75 179 0
0.58951 -0.0344385 0.299946 75 179 0
0.589401 -0.0236681 0.300548 75 179 0
0.589552 -0.0188527 0.300369 75 179 0
0.590129 -0.0140969 0.299816 75 179 0
0.590643 -0.00931927 0.299387 75 179 0
0.591117 -0.00453492 0.298963 75 179 0
0.591608 0.000246757 0.298529 75 179 0
0.592102 0.00502289 0.298042 75 179 0
0.592579 0.00979761 0.297523 75 179 0
0.59302 0.0145797 0.297043 75 179 0
0.593456 0.0193695 0.296651 75 179 0
0.593884 0.024169 0.296401 75 179 0
0.594093 0.028987 0.296212 76 178 0
0.594147 0.0338118 0.296171 76 178 0
0.594103 0.0386367 0.296282 76 178 0
0.593852 0.0441302 0.296059 76 178 0
0.592815 0.0492431 0.296376 76 178 0
0.592091 0.0544139 0.296818 76 178 0
0.591025 0.059531 0.297198 76 178 0
0.590013 0.0646635 0.297426 76 178 0
0.589576 0.0698787 0.2974 76 178 0
0.589132 0.0750312 0.29657 76 178 0
0.589028 0.0800922 0.295226 76 178 0
0.589461 0.0850814 0.293681 76 178 0
0.589712 0.0899306 0.291724 76 178 0
0.588792 0.0916765 0.290414 76 178 0
0.587067 0.0956962 0.28837 76 178 0
0.584955 0.0995102 0.286272 76 178 0
0.582704 0.103296 0.284268 76 178 0
0.580488 0.107108 0.282275 76 178 0
0.578414 0.111033 0.280352 76 178 0
0.576533 0.115085 0.278499 76 178 0
0.576159 0.115218 0.279417 76 178 0
0.519696 0.116566 0.25326 76 178 0
0.520232 0.116516 0.252417 76 178 0
0.520232 0.116516 0.252417 76 178 0
0.519741 0.113621 0.25326 76 178 0
0.519113 0.109361 0.254397 76 178 0
0.518526 0.105074 0.25545 76 178 0
0.518115 0.100705 0.256213 76 178 0
0.517735 0.0963225 0.256906 76 178 0
0.517693 0.0913115 0.256942 76 178 0
0.517986 0.0861358 0.256434 76 178 0
0.517821 0.0809602 0.255862 76 178 0
0.517667 0.075788 0.255257 76 178 0
0.517426 0.070602 0.254822 76 178 0
0.517084 0.0654115 0.254535 76 178 0
0.516597 0.0602247 0.25451 76 178 0
0.516444 0.0550249 0.254791 76 178 0
0.515982 0.044556 0.255636 76 178 0
0.515793 0.0397415 0.255981 76 178 0
0.515588 0.0349298 0.256353 76 178 0
0.515378 0.0301187 0.256732 76 178 0
0.515169 0.025308 0.257115 76 178 0
0.514955 0.0204976 0.2575 76 178 0
0.51476 0.0156842 0.257855 76 178 0
0.514602 0.0108653 0.258146 76 178 0
0.514488 0.00604076 0.25835 76 178 0
0.514414 0.00121273 0.258483 76 178 0
0.514357 -0.00361634 0.258587 77 177 0
0.514301 -0.00844535 0.258692 77 177 0
0.51426 -0.0132749 0.258767 77 177 0
0.514327 -0.0181019 0.25865 77 177 0
0.514471 -0.0258255 0.258385 77 177 0
0.514489 -0.0310663 0.258343 77 177 0
0.514482 -0.0363074 0.258353 77 177 0
0.51447 -0.0415486 0.258375 77 177 0
0.514487 -0.0467894 0.258342 77 177 0
0.514522 -0.0520301 0.258278 77 177 0
0.514505 -0.0572705 0.258314 77 177 0
0.514422 -0.0625085 0.258469 77 177 0
0.514344 -0.0677467 0.258618 77 177 0
0.514261 -0.072984 0.258777 77 177 0
0.514045 -0.0783366 0.259184 77 177 0
0.514194 -0.0831272 0.258908 77 177 0
0.514115 -0.0878921 0.258302 77 177 0
0.514228 -0.092579 0.257271 77 177 0
0.514512 -0.097191 0.255959 77 177 0
0.51485 -0.101778 0.254568 77 177 0
0.51516 -0.106376 0.253205 77 177 0
0.515506 -0.111012 0.252011 77 177 0
0.515991 -0.11571 0.251132 77 177 0
0.516331 -0.120461 0.250495 77 177 0
0.516552 -0.125241 0.250058 77 177 0
0.516672 -0.135776 0.249873 77 177 0
0.516827 -0.140691 0.249615 77 177 0
0.517 -0.145601 0.249289 77 177 0
0.517067 -0.150522 0.249162 77 177 0
0.517007 -0.155442 0.2493 77 177 0
0.516759 -0.160333 0.249773 77 177 0
0.516315 -0.165165 0.250584 77 177 0
0.515766 -0.169954 0.251588 77 177 0
0.51519 -0.174727 0.252649 77 177 0
0.514676 -0.179531 0.253583 77 177 0
0.514273 -0.184385 0.254308 77 177 0
0.513812 -0.189195 0.255161 77 177 0
0.512958 -0.193784 0.256727 77 177 0
0.512335 -0.198524 0.25782 77 177 0
0.513674 -0.206321 0.255372 77 177 0
0.51466 -0.21114 0.253568 77 177 0
0.515374 -0.216167 0.252253 77 177 0
0.515872 -0.221258 0.251151 77 177 0
0.515992 -0.226456 0.250504 77 177 0
0.515865 -0.231689 0.250303 77 177 0
0.515552 -0.236922 0.250443 77 177 0
0.515143 -0.242141 0.250753 78 176 0
0.51457 -0.247329 0.251237 78 176 0
0.51397 -0.2525 0.251822 78 176 0
0.51408 -0.247082 0.251605 78 176 0
0.514742 -0.242484 0.250795 78 176 0
0.515358 -0.237833 0.250284 78 176 0
0.515875 -0.233159 0.249866 78 176 0
0.516218 -0.22846 0.249756 78 176 0
0.516297 -0.223767 0.250118 78 176 0
0.516102 -0.219119 0.250923 78 176 0
0.515553 -0.214546 0.251908 78 176 0
0.513145 -0.203768 0.256344 78 176 0
0.512986 -0.198949 0.256637 78 176 0
0.513637 -0.19426 0.255479 78 176 0
0.513953 -0.189443 0.254903 78 176 0
0.51427 -0.184606 0.25432 78 176 0
0.514672 -0.179798 0.253573 78 176 0
0.515186 -0.175038 0.252624 78 176 0
0.515757 -0.170304 0.251572 78 176 0
0.516301 -0.165554 0.250577 78 176 0
0.516743 -0.160762 0.24977 78 176 0
0.516992 -0.155912 0.249295 78 176 0
0.517062 -0.151033 0.249135 78 176 0
0.516957 -0.146156 0.249316 78 176 0
0.516773 -0.14129 0.249679 78 176 0
0.51668 -0.133638 0.249847 78 176 0
0.516546 -0.12851 0.250108 78 176 0
0.516742 -0.123414 0.250702 78 176 0
0.516701 -0.11833 0.251416 78 176 0
0.516521 -0.113294 0.252401 78 176 0
0.516238 -0.108299 0.253563 78 176 0
0.515911 -0.103326 0.254808 78 176 0
0.515586 -0.0983522 0.25605 78 176 0
0.515042 -0.0934236 0.257365 78 176 0
0.51434 -0.0885037 0.258654 78 176 0
0.514028 -0.0812696 0.259199 78 176 0
0.51422 -0.0762335 0.25885 78 176 0
0.514287 -0.0711835 0.258728 78 176 0
0.514352 -0.0661333 0.258611 78 176 0
0.514444 -0.0610849 0.258437 78 176 0
0.514519 -0.0560355 0.258295 78 176 0
0.514527 -0.0509841 0.258277 78 176 0
0.514486 -0.0459326 0.258353 78 176 0
0.51446 -0.0408808 0.258402 78 176 0
0.514437 -0.035829 0.258439 78 176 0
0.514459 -0.0255228 0.258416 78 176 0
0.51431 -0.0205187 0.258694 78 176 0
0.514278 -0.0155054 0.25875 79 175 0
0.514311 -0.0104914 0.258739 79 175 0
0.514356 -0.0054781 0.258657 79 175 0
0.514399 -0.000464802 0.258577 79 175 0
0.514469 0.00454729 0.258454 79 175 0
0.514553 0.0095564 0.258246 79 175 0
0.514714 0.0145591 0.257948 79 175 0
0.514914 0.0195557 0.25758 79 175 0
0.515135 0.0245493 0.257184 79 175 0
0.515353 0.0295426 0.256783 79 175 0
0.515578 0.0345351 0.256376 79 175 0
0.51577 0.0395328 0.25602 79 175 0
0.516027 0.0449124 0.255545 79 175 0
0.516217 0.0497212 0.255204 79 175 0
0.516704 0.054515 0.255008 79 175 0
0.517217 0.0593108 0.2549 79 175 0
0.517643 0.0641156 0.254922 79 175 0
0.517966 0.0689239 0.25511 79 175 0
0.518205 0.0737282 0.25547 79 175 0
0.51829 0.0785284 0.255908 79 175 0
0.518085 0.0833335 0.256283 79 175 0
0.517777 0.0881149 0.256846 79 175 0
0.517673 0.0903963 0.257047 79 175 0
0.517811 0.0951307 0.25678 79 175 0
0.518034 0.0998493 0.256362 79 175 0
0.518473 0.104503 0.25555 79 175 0
0.519074 0.109082 0.254466 79 175 0
0.519741 0.113621 0.25326 79 175 0
0.51921 0.11368 0.254105 79 175 0
0.574981 0.117841 0.279291 79 175 0
0.575357 0.117694 0.278376 79 175 0
0.575489 0.114408 0.278174 79 175 0
0.574801 0.10982 0.279097 79 175 0
0.574261 0.105243 0.280168 79 175 0
0.573077 0.100773 0.281186 79 175 0
0.572113 0.0962929 0.282361 79 175 0
0.571269 0.0910663 0.284078 79 175 0
0.57062 0.0859453 0.285316 79 175 0
0.570229 0.080712 0.286167 79 175 0
0.57013 0.0754128 0.28656 79 175 0
0.570185 0.0701005 0.286407 79 175 0
0.570453 0.0648261 0.285795 79 175 0
0.570791 0.0595727 0.285052 79 175 0
0.57114 0.054333 0.284223 79 175 0
0.57095 0.0432692 0.284028 79 175 0
0.570915 0.0384093 0.284061 79 175 0
0.570813 0.0335688 0.284457 79 175 0
0.570462 0.0287362 0.284823 80 174 0
0.570188 0.0239043 0.285261 80 174 0
0.569834 0.0190758 0.285676 80 174 0
0.569398 0.0142506 0.286063 80 174 0
0.568975 0.00942718 0.286481 80 174 0
0.568558 0.00460422 0.286912 80 174 0
0.56812 -0.000220021 0.287307 80 174 0
0.567695 -0.00504938 0.287647 80 174 0
0.567249 -0.0098831 0.287882 80 174 0
0.566918 -0.014721 0.288083 80 174 0
0.566602 -0.0195623 0.288108 80 174 0
0.566619 -0.0275186 0.287828 80 174 0
0.566917 -0.0325122 0.287398 80 174 0
0.567067 -0.0375259 0.287179 80 174 0
0.56718 -0.0425426 0.287009 80 174 0
0.567169 -0.0475542 0.286748 80 174 0
0.567059 -0.0525606 0.286382 80 174 0
0.56691 -0.057569 0.286068 80 174 0
0.566685 -0.06258 0.285855 80 174 0
0.566384 -0.0675869 0.285644 80 174 0
0.565928 -0.0725519 0.285076 80 174 0
0.56601 -0.0802547 0.284973 80 174 0
0.566262 -0.0853081 0.28459 80 174 0
0.5666 -0.0903462 0.284085 80 174 0
0.566957 -0.0953804 0.283558 80 174 0
0.567465 -0.100398 0.283002 80 174 0
0.568063 -0.105412 0.282487 80 174 0
0.568653 -0.110427 0.281984 80 174 0
0.569226 -0.115447 0.28151 80 174 0
0.569826 -0.120466 0.281058 80 174 0
0.570503 -0.125493 0.280916 80 174 0
0.570814 -0.135787 0.280467 80 174 0
0.571055 -0.140792 0.280118 80 174 0
0.571348 -0.145788 0.279685 80 174 0
0.571431 -0.150781 0.279141 80 174 0
0.571482 -0.15578 0.278646 80 174 0
0.571492 -0.160779 0.278151 80 174 0
0.571506 -0.165782 0.277691 80 174 0
0.571479 -0.17079 0.27729 80 174 0
0.571339 -0.175803 0.277016 80 174 0
0.571062 -0.180818 0.27709 80 174 0
0.570606 -0.185805 0.277494 80 174 0
0.569986 -0.190749 0.278127 80 174 0
0.569617 -0.195715 0.278773 80 174 0
0.569099 -0.200614 0.279755 80 174 0
0.567772 -0.208593 0.282247 80 174 0
0.56777 -0.213711 0.282284 80 174 0
0.56791 -0.218832 0.282126 81 173 0
0.567982 -0.223963 0.282036 81 173 0
0.568199 -0.229084 0.281719 81 173 0
0.568451 -0.234202 0.281367 81 173 0
0.568653 -0.239327 0.281098 81 173 0
0.568754 -0.244459 0.280966 81 173 0
0.568749 -0.249595 0.280976 81 173 0
0.568515 -0.254712 0.281338 81 173 0
0.568628 -0.249112 0.281119 81 173 0
0.568831 -0.244444 0.280818 81 173 0
0.568862 -0.239759 0.280786 81 173 0
0.56875 -0.23508 0.280951 81 173 0
0.56844 -0.230427 0.281378 81 173 0
0.568039 -0.225792 0.281939 81 173 0
0.567629 -0.221164 0.282538 81 173 0
0.567063 -0.21658 0.283329 81 173 0
0.568251 -0.205865 0.281213 81 173 0
0.56894 -0.201224 0.279988 81 173 0
0.569401 -0.196471 0.279129 81 173 0
0.569837 -0.191695 0.278382 81 173 0
0.570371 -0.186915 0.277748 81 173 0
0.570842 -0.182106 0.277312 81 173 0
0.571163 -0.17727 0.277119 81 173 0
0.571347 -0.172425 0.277224 81 173 0
0.571419 -0.167584 0.27755 81 173 0
0.571419 -0.162746 0.277943 81 173 0
0.571408 -0.157912 0.278369 81 173 0
0.571405 -0.153082 0.278841 81 173 0
0.571445 -0.148283 0.279553 81 173 0
0.571146 -0.143459 0.279989 81 173 0
0.570842 -0.135611 0.280421 81 173 0
0.570652 -0.130813 0.280711 81 173 0
0.570451 -0.126015 0.281003 81 173 0
0.570224 -0.121222 0.281335 81 173 0
0.569892 -0.116442 0.28175 81 173 0
0.569361 -0.111682 0.282194 81 173 0
0.568819 -0.106926 0.282674 81 173 0
0.568272 -0.102171 0.283151 81 173 0
0.567719 -0.0974161 0.283625 81 173 0
0.56706 -0.0926815 0.284157 81 173 0
0.566254 -0.0879599 0.284595 81 173 0
0.565983 -0.0829002 0.285001 81 173 0
0.565995 -0.0781057 0.28499 81 173 0
0.566186 -0.0733272 0.285312 81 173 0
0.566439 -0.0685502 0.285639 81 173 0
0.566723 -0.0637711 0.285903 81 173 0
0.567018 -0.0589919 0.286155 82 172 0
0.567297 -0.0542134 0.286437 82 172 0
0.567411 -0.0494297 0.286676 82 172 0
0.567306 -0.0446383 0.286827 82 172 0
0.56718 -0.0398485 0.287009 82 172 0
0.566923 -0.0350758 0.287367 82 172 0
0.566645 -0.0244146 0.288036 82 172 0
0.566643 -0.0195524 0.287993 82 172 0
0.566875 -0.0147017 0.287888 82 172 0
0.567223 -0.00985226 0.28783 82 172 0
0.567626 -0.00501104 0.287631 82 172 0
0.568051 -0.00017841 0.287303 82 172 0
0.568506 0.00464516 0.286889 82 172 0
0.568939 0.0094679 0.286444 82 172 0
0.569353 0.0142948 0.286026 82 172 0
0.569782 0.0191235 0.285643 82 172 0
0.570209 0.0239526 0.285265 82 172 0
0.570631 0.0287773 0.284844 82 172 0
0.570875 0.0335967 0.284255 82 172 0
0.570914 0.0384524 0.284044 82 172 0
0.570971 0.0432497 0.283979 82 172 0
0.570893 0.0483406 0.284043 82 172 0
0.570874 0.0534287 0.284305 82 172 0
0.570742 0.0584993 0.284781 82 172 0
0.570428 0.0635346 0.285491 82 172 0
0.570142 0.0685803 0.286139 82 172 0
0.570066 0.0736536 0.286597 82 172 0
0.570053 0.0787435 0.286379 82 172 0
0.570303 0.083795 0.285765 82 172 0
0.570759 0.0887603 0.284773 82 172 0
0.571287 0.0924738 0.283523 82 172 0
0.572171 0.0968092 0.282251 82 172 0
0.573076 0.101148 0.28101 82 172 0
0.574277 0.105494 0.280081 82 172 0
0.574826 0.109944 0.279062 82 172 0
0.575489 0.114408 0.278174 82 172 0
0.57512 0.11454 0.279093 82 172 0
0.519696 0.116566 0.25326 82 172 0
0.520232 0.116516 0.252417 82 172 0
0.517978 0.114625 0.252016 82 172 0
0.514077 0.111759 0.251018 82 172 0
0.510255 0.108823 0.249932 82 172 0
0.506432 0.106042 0.248491 82 172 0
0.50279 0.103364 0.246498 82 172 0
0.499366 0.100542 0.244325 82 172 0
0.495993 0.0977484 0.242036 82 172 0
0.496348 0.0921669 0.242184 82 172 0
0.495932 0.0868843 0.242025 83 171 0
0.495491 0.0815843 0.241898 83 171 0
0.494995 0.0762878 0.241937 83 171 0
0.494496 0.0709916 0.241993 83 171 0
0.494006 0.0656948 0.242013 83 171 0
0.493887 0.0603824 0.242269 83 171 0
0.493785 0.0550683 0.242471 83 171 0
0.493137 0.0447152 0.243126 83 171 0
0.492842 0.0395267 0.243429 83 171 0
0.49257 0.0343455 0.243855 83 171 0
0.492339 0.0291527 0.24414 83 171 0
0.492128 0.0239571 0.244389 83 171 0
0.491971 0.0187563 0.244556 83 171 0
0.491918 0.0135514 0.244628 83 171 0
0.491914 0.00834559 0.244631 83 171 0
0.49192 0.00313978 0.244622 83 171 0
0.491949 -0.00206572 0.244573 83 171 0
0.491988 -0.00727083 0.244496 83 171 0
0.492098 -0.0124707 0.244276 83 171 0
0.492164 -0.0176736 0.244117 83 171 0
0.492183 -0.0253002 0.244185 83 171 0
0.492153 -0.0305451 0.244219 83 171 0
0.492078 -0.0357882 0.244334 83 171 0
0.491981 -0.0410289 0.244528 83 171 0
0.491875 -0.0462688 0.244739 83 171 0
0.491757 -0.0515082 0.244954 83 171 0
0.491641 -0.0567467 0.245193 83 171 0
0.49155 -0.0619875 0.245375 83 171 0
0.491446 -0.0672264 0.245582 83 171 0
0.491374 -0.0724681 0.24573 83 171 0
0.491592 -0.0778373 0.245413 83 171 0
0.491805 -0.0825192 0.244455 83 171 0
0.491895 -0.087235 0.243633 83 171 0
0.49203 -0.0919498 0.242809 83 171 0
0.492156 -0.096669 0.242009 83 171 0
0.492236 -0.101402 0.241294 83 171 0
0.492343 -0.106154 0.240721 83 171 0
0.492554 -0.110915 0.240261 83 171 0
0.492767 -0.115676 0.239798 83 171 0
0.492943 -0.120444 0.239389 83 171 0
0.493086 -0.125221 0.239103 83 171 0
0.49349 -0.135586 0.238276 83 171 0
0.493585 -0.140393 0.238068 83 171 0
0.493126 -0.145144 0.23861 83 171 0
0.492689 -0.149916 0.239068 83 171 0
0.492288 -0.154693 0.239545 83 171 0
0.491881 -0.159467 0.240046 83 171 0
0.491488 -0.16424 0.240563 84 170 0
0.491106 -0.169019 0.24104 84 170 0
0.490759 -0.173807 0.241431 84 170 0
0.490468 -0.178606 0.241721 84 170 0
0.490242 -0.183415 0.241817 84 170 0
0.49015 -0.188228 0.241674 84 170 0
0.490366 -0.193026 0.24137 84 170 0
0.490701 -0.197778 0.24066 84 170 0
0.49103 -0.205845 0.238714 84 170 0
0.491056 -0.210542 0.23748 84 170 0
0.490786 -0.215255 0.236344 84 170 0
0.490516 -0.220012 0.235402 84 170 0
0.49005 -0.224776 0.234568 84 170 0
0.489498 -0.229555 0.233884 84 170 0
0.48893 -0.234359 0.233428 84 170 0
0.488462 -0.239186 0.233139 84 170 0
0.487734 -0.243981 0.232857 84 170 0
0.487046 -0.248787 0.232776 84 170 0
0.486446 -0.253604 0.232689 84 170 0
0.487147 -0.248608 0.233047 84 170 0
0.488057 -0.243601 0.233166 84 170 0
0.488763 -0.238554 0.233265 84 170 0
0.489677 -0.233549 0.233568 84 170 0
0.490336 -0.228508 0.233935 84 170 0
0.490641 -0.223446 0.234445 84 170 0
0.490973 -0.218479 0.235534 84 170 0
0.490964 -0.2135 0.236612 84 170 0
0.490253 -0.20296 0.238267 84 170 0
0.489917 -0.198249 0.239158 84 170 0
0.489788 -0.193522 0.240022 84 170 0
0.489657 -0.188753 0.240614 84 170 0
0.489556 -0.183956 0.240849 84 170 0
0.489666 -0.179153 0.240848 84 170 0
0.490011 -0.174361 0.240706 84 170 0
0.490473 -0.16958 0.240501 84 170 0
0.490931 -0.164802 0.240228 84 170 0
0.49138 -0.160028 0.239884 84 170 0
0.491854 -0.155259 0.2395 84 170 0
0.492301 -0.150511 0.238926 84 170 0
0.493055 -0.145844 0.238063 84 170 0
0.49367 -0.141091 0.237875 84 170 0
0.493408 -0.133586 0.238461 84 170 0
0.493207 -0.128447 0.238839 84 170 0
0.493117 -0.12331 0.239258 84 170 0
0.492969 -0.118179 0.239737 84 170 0
0.492741 -0.113049 0.240206 84 170 0
0.492649 -0.107927 0.24078 85 169 0
0.492591 -0.102811 0.241422 85 169 0
0.49246 -0.0977053 0.242133 85 169 0
0.492335 -0.092613 0.242929 85 169 0
0.492198 -0.0875177 0.243643 85 169 0
0.491954 -0.0825555 0.244537 85 169 0
0.491698 -0.0777182 0.245065 85 169 0
0.491515 -0.0728637 0.245466 85 169 0
0.49142 -0.0679962 0.245651 85 169 0
0.49145 -0.063125 0.245581 85 169 0
0.491587 -0.0582598 0.245324 85 169 0
0.491753 -0.053399 0.244998 85 169 0
0.491893 -0.0485352 0.244711 85 169 0
0.492002 -0.0436659 0.24452 85 169 0
0.492077 -0.0387933 0.244406 85 169 0
0.492086 -0.0339195 0.244368 85 169 0
0.492165 -0.0235676 0.244179 85 169 0
0.492128 -0.0187166 0.244233 85 169 0
0.492061 -0.0138672 0.244362 85 169 0
0.491999 -0.00901733 0.244475 85 169 0
0.491958 -0.00416657 0.244555 85 169 0
0.491935 0.000684759 0.2446 85 169 0
0.491924 0.00553633 0.244618 85 169 0
0.491922 0.010388 0.244621 85 169 0
0.491939 0.0152394 0.244599 85 169 0
0.492011 0.0200893 0.244514 85 169 0
0.492168 0.0249352 0.244342 85 169 0
0.492355 0.0297779 0.244116 85 169 0
0.492558 0.0346137 0.243799 85 169 0
0.492824 0.0394438 0.243433 85 169 0
0.493204 0.04485 0.24309 85 169 0
0.493443 0.0499565 0.24283 85 169 0
0.493731 0.0550605 0.242554 85 169 0
0.493868 0.0601721 0.242302 85 169 0
0.493986 0.0652851 0.242068 85 169 0
0.494094 0.0703981 0.241831 85 169 0
0.494241 0.0755081 0.241553 85 169 0
0.494364 0.0806192 0.241284 85 169 0
0.494444 0.0857353 0.241109 85 169 0
0.49451 0.0908529 0.240981 85 169 0
0.496059 0.09343 0.241941 85 169 0
0.499557 0.0967065 0.244409 85 169 0
0.502939 0.100253 0.246674 85 169 0
0.506344 0.103952 0.248627 85 169 0
0.50995 0.107676 0.250102 85 169 0
0.513899 0.111191 0.251172 85 169 0
0.517978 0.114625 0.252016 85 169 0
0.517439 0.11468 0.252857 86 168 0
0.574981 0.117841 0.279291 86 168 0
0.575357 0.117694 0.278376 86 168 0
0.576533 0.115085 0.278499 86 168 0
0.579269 0.111681 0.280531 86 168 0
0.581783 0.108091 0.282541 86 168 0
0.584349 0.104566 0.284601 86 168 0
0.586738 0.100898 0.286621 86 168 0
0.589271 0.0973295 0.288638 86 168 0
0.58946 0.0925501 0.290486 86 168 0
0.588983 0.088029 0.292303 86 168 0
0.588775 0.0834143 0.293951 86 168 0
0.588867 0.0787553 0.295465 86 168 0
0.589108 0.0740093 0.296646 86 168 0
0.589629 0.0692124 0.297419 86 168 0
0.590669 0.0644438 0.297792 86 168 0
0.591678 0.0596477 0.297635 86 168 0
0.592829 0.0548974 0.29734 86 168 0
0.593779 0.0442186 0.296529 86 168 0
0.593877 0.039338 0.296389 86 168 0
0.593945 0.0344561 0.29629 86 168 0
0.59395 0.0295735 0.296189 86 168 0
0.593781 0.0246971 0.296308 86 168 0
0.593455 0.019834 0.296598 86 168 0
0.593055 0.0149842 0.297005 86 168 0
0.59262 0.0101433 0.297481 86 168 0
0.592149 0.00530987 0.297996 86 168 0
0.59165 0.000478115 0.298499 86 168 0
0.591151 -0.00436005 0.298938 86 168 0
0.590619 -0.00918662 0.299436 86 168 0
0.589839 -0.0139536 0.300151 86 168 0
0.589477 -0.0187858 0.300721 86 168 0
0.58942 -0.0264595 0.300364 86 168 0
0.589445 -0.0316578 0.30016 86 168 0
0.58953 -0.0368546 0.29994 86 168 0
0.589605 -0.0420521 0.299743 86 168 0
0.589679 -0.0472522 0.299611 86 168 0
0.589782 -0.0524504 0.299441 86 168 0
0.589944 -0.0576461 0.299235 86 168 0
0.590111 -0.0628412 0.299017 86 168 0
0.590258 -0.0680371 0.298806 86 168 0
0.590472 -0.0732261 0.298511 86 168 0
0.590612 -0.0784364 0.298132 86 168 0
0.590939 -0.0833454 0.297782 86 168 0
0.591209 -0.088261 0.297479 86 168 0
0.591417 -0.0931712 0.297066 86 168 0
0.591663 -0.0980752 0.296601 86 168 0
0.591903 -0.102978 0.296118 87 167 0
0.59212 -0.10788 0.295615 87 167 0
0.592351 -0.112776 0.295072 87 167 0
0.59263 -0.117666 0.294486 87 167 0
0.593013 -0.122553 0.293946 87 167 0
0.593403 -0.127445 0.293444 87 167 0
0.593731 -0.137983 0.293007 87 167 0
0.593927 -0.143164 0.292767 87 167 0
0.593907 -0.148331 0.292336 87 167 0
0.593908 -0.153505 0.291935 87 167 0
0.593881 -0.158683 0.291573 87 167 0
0.593844 -0.163857 0.291177 87 167 0
0.593808 -0.169027 0.290713 87 167 0
0.593922 -0.174196 0.290267 87 167 0
0.593885 -0.179368 0.289835 87 167 0
0.593772 -0.184553 0.289642 87 167 0
0.593519 -0.189736 0.289606 87 167 0
0.593595 -0.194924 0.289484 87 167 0
0.593593 -0.200114 0.289479 87 167 0
0.592865 -0.208153 0.290826 87 167 0
0.592234 -0.213141 0.291962 87 167 0
0.591843 -0.218229 0.292717 87 167 0
0.59152 -0.223337 0.293343 87 167 0
0.591327 -0.228475 0.293739 87 167 0
0.59126 -0.233628 0.293899 87 167 0
0.591283 -0.238785 0.293845 87 167 0
0.591393 -0.243936 0.29362 87 167 0
0.591563 -0.249081 0.293294 87 167 0
0.591598 -0.254237 0.293155 87 167 0
0.591583 -0.248536 0.293452 87 167 0
0.591461 -0.243853 0.293615 87 167 0
0.591324 -0.239169 0.293793 87 167 0
0.59123 -0.234481 0.293916 87 167 0
0.591181 -0.229792 0.293996 87 167 0
0.59122 -0.225109 0.293875 87 167 0
0.591361 -0.220436 0.293503 87 167 0
0.591698 -0.21579 0.292994 87 167 0
0.593172 -0.20564 0.290537 87 167 0
0.593557 -0.200481 0.290238 87 167 0
0.593756 -0.195295 0.290212 87 167 0
0.59414 -0.19012 0.289975 87 167 0
0.594478 -0.184936 0.289933 87 167 0
0.594599 -0.179747 0.29012 87 167 0
0.594654 -0.174569 0.290537 87 167 0
0.594537 -0.169394 0.290983 87 167 0
0.594352 -0.164216 0.291361 87 167 0
0.594377 -0.159036 0.291751 87 167 0
0.594403 -0.153854 0.292112 88 166 0
0.594142 -0.148676 0.292446 88 166 0
0.593897 -0.143496 0.292752 88 166 0
0.593748 -0.135662 0.29299 88 166 0
0.593418 -0.130447 0.293418 88 166 0
0.593116 -0.125231 0.293838 88 166 0
0.59283 -0.120017 0.29429 88 166 0
0.592521 -0.114813 0.29484 88 166 0
0.592271 -0.10961 0.295424 88 166 0
0.592054 -0.104402 0.295977 88 166 0
0.591794 -0.0991914 0.296494 88 166 0
0.591559 -0.0939838 0.297046 88 166 0
0.591421 -0.0887656 0.297517 88 166 0
0.590857 -0.0839155 0.297763 88 166 0
0.590692 -0.0789721 0.298064 88 166 0
0.590446 -0.0740352 0.298415 88 166 0
0.590256 -0.0690934 0.298728 88 166 0
0.590102 -0.0641466 0.298977 88 166 0
0.589935 -0.0591987 0.299193 88 166 0
0.589775 -0.0542499 0.299394 88 166 0
0.58966 -0.0492983 0.29955 88 166 0
0.589594 -0.0443448 0.299666 88 166 0
0.589573 -0.0393912 0.299796 88 166 0
0.58951 -0.0344385 0.299946 88 166 0
0.589401 -0.0236681 0.300548 88 166 0
0.589552 -0.0188527 0.300369 88 166 0
0.590129 -0.0140969 0.299816 88 166 0
0.590643 -0.00931927 0.299387 88 166 0
0.591117 -0.00453492 0.298963 88 166 0
0.591608 0.000246757 0.298529 88 166 0
0.592102 0.00502289 0.298042 88 166 0
0.592579 0.00979761 0.297523 88 166 0
0.59302 0.0145797 0.297043 88 166 0
0.593456 0.0193695 0.296651 88 166 0
0.593884 0.024169 0.296401 88 166 0
0.594093 0.028987 0.296212 88 166 0
0.594147 0.0338118 0.296171 88 166 0
0.594103 0.0386367 0.296282 88 166 0
0.593852 0.0441302 0.296059 88 166 0
0.592815 0.0492431 0.296376 88 166 0
0.592091 0.0544139 0.296818 88 166 0
0.591025 0.059531 0.297198 88 166 0
0.590013 0.0646635 0.297426 88 166 0
0.589576 0.0698787 0.2974 88 166 0
0.589132 0.0750312 0.29657 88 166 0
0.589028 0.0800922 0.295226 88 166 0
0.589461 0.0850814 0.293681 89 165 0
0.589712 0.0899306 0.291724 89 165 0
0.588792 0.0916765 0.290414 89 165 0
0.587067 0.0956962 0.28837 89 165 0
0.584955 0.0995102 0.286272 89 165 0
0.582704 0.103296 0.284268 89 165 0
0.580488 0.107108 0.282275 89 165 0
0.578414 0.111033 0.280352 89 165 0
0.576533 0.115085 0.278499 89 165 0
0.576159 0.115218 0.279417 89 165 0
0.519696 0.116566 0.25326 89 165 0
0.520232 0.116516 0.252417 89 165 0
0.520232 0.116516 0.252417 89 165 0
0.519741 0.113621 0.25326 89 165 0
0.519113 0.109361 0.254397 89 165 0
0.518526 0.105074 0.25545 89 165 0
0.518115 0.100705 0.256213 89 165 0
0.517735 0.0963225 0.256906 89 165 0
0.517693 0.0913115 0.256942 89 165 0
0.517986 0.0861358 0.256434 89 165 0
0.517821 0.0809602 0.255862 89 165 0
0.517667 0.075788 0.255257 89 165 0
0.517426 0.070602 0.254822 89 165 0
0.517084 0.0654115 0.254535 89 165 0
0.516597 0.0602247 0.25451 89 165 0
0.516444 0.0550249 0.254791 89 165 0
0.515982 0.044556 0.255636 89 165 0
0.515793 0.0397415 0.255981 89 165 0
0.515588 0.0349298 0.256353 89 165 0
0.515378 0.0301187 0.256732 89 165 0
0.515169 0.025308 0.257115 89 165 0
0.514955 0.0204976 0.2575 89 165 0
0.51476 0.0156842 0.257855 89 165 0
0.514602 0.0108653 0.258146 89 165 0
0.514488 0.00604076 0.25835 89 165 0
0.514414 0.00121273 0.258483 89 165 0
0.514357 -0.00361634 0.258587 89 165 0
0.514301 -0.00844535 0.258692 89 165 0
0.51426 -0.0132749 0.258767 89 165 0
0.514327 -0.0181019 0.25865 89 165 0
0.514471 -0.0258255 0.258385 89 165 0
0.514489 -0.0310663 0.258343 89 165 0
0.514482 -0.0363074 0.258353 89 165 0
0.51447 -0.0415486 0.258375 89 165 0
0.514487 -0.0467894 0.258342 89 165 0
0.514522 -0.0520301 0.258278 89 165 0
0.514505 -0.0572705 0.258314 89 165 0
0.514422 -0.0625085 0.258469 90 164 0
0.514344 -0.0677467 0.258618 90 164 0
0.514261 -0.072984 0.258777 90 164 0
0.514045 -0.0783366 0.259184 90 164 0
0.514194 -0.0831272 0.258908 90 164 0
0.514115 -0.0878921 0.258302 90 164 0
0.514228 -0.092579 0.257271 90 164 0
0.514512 -0.097191 0.255959 90 164 0
0.51485 -0.101778 0.254568 90 164 0
0.51516 -0.106376 0.253205 90 164 0
0.515506 -0.111012 0.252011 90 164 0
0.515991 -0.11571 0.251132 90 164 0
0.516331 -0.120461 0.250495 90 164 0
0.516552 -0.125241 0.250058 90 164 0
0.516672 -0.135776 0.249873 90 164 0
0.516827 -0.140691 0.249615 90 164 0
0.517 -0.145601 0.249289 90 164 0
0.517067 -0.150522 0.249162 90 164 0
0.517007 -0.155442 0.2493 90 164 0
0.516759 -0.160333 0.249773 90 164 0
0.516315 -0.165165 0.250584 90 164 0
0.515766 -0.169954 0.251588 90 164 0
0.51519 -0.174727 0.252649 90 164 0
0.514676 -0.179531 0.253583 90 164 0
0.514273 -0.184385 0.254308 90 164 0
0.513812 -0.189195 0.255161 90 164 0
0.512958 -0.193784 0.256727 90 164 0
0.512335 -0.198524 0.25782 90 164 0
0.513674 -0.206321 0.255372 90 164 0
0.51466 -0.21114 0.253568 90 164 0
0.515374 -0.216167 0.252253 90 164 0
0.515872 -0.221258 0.251151 90 164 0
0.515992 -0.226456 0.250504 90 164 0
0.515865 -0.231689 0.250303 90 164 0
0.515552 -0.236922 0.250443 90 164 0
0.515143 -0.242141 0.250753 90 164 0
0.51457 -0.247329 0.251237 90 164 0
0.51397 -0.2525 0.251822 90 164 0
0.51408 -0.247082 0.251605 90 164 0
0.514742 -0.242484 0.250795 90 164 0
0.515358 -0.237833 0.250284 90 164 0
0.515875 -0.233159 0.249866 90 164 0
0.516218 -0.22846 0.249756 90 164 0
0.516297 -0.223767 0.250118 90 164 0
0.516102 -0.219119 0.250923 90 164 0
0.515553 -0.214546 0.251908 90 164 0
0.513145 -0.203768 0.256344 90 164 0
0.512986 -0.198949 0.256637 91 163 0
0.513637 -0.19426 0.255479 91 163 0
0.513953 -0.189443 0.254903 91 163 0
0.51427 -0.184606 0.25432 91 163 0
0.514672 -0.179798 0.253573 91 163 0
0.515186 -0.175038 0.252624 91 163 0
0.515757 -0.170304 0.251572 91 163 0
0.516301 -0.165554 0.250577 91 163 0
0.516743 -0.160762 0.24977 91 163 0
0.516992 -0.155912 0.249295 91 163 0
0.517062 -0.151033 0.249135 91 163 0
0.516957 -0.146156 0.249316 91 163 0
0.516773 -0.14129 0.249679 91 163 0
0.51668 -0.133638 0.249847 91 163 0
0.516546 -0.12851 0.250108 91 163 0
0.516742 -0.123414 0.250702 91 163 0
0.516701 -0.11833 0.251416 91 163 0
0.516521 -0.113294 0.252401 91 163 0
0.516238 -0.108299 0.253563 91 163 0
0.515911 -0.103326 0.254808 91 163 0
0.515586 -0.0983522 0.25605 91 163 0
0.515042 -0.0934236 0.257365 91 163 0
0.51434 -0.0885037 0.258654 91 163 0
0.514028 -0.0812696 0.259199 91 163 0
0.51422 -0.0762335 0.25885 91 163 0
0.514287 -0.0711835 0.258728 91 163 0
0.514352 -0.0661333 0.258611 91 163 0
0.514444 -0.0610849 0.258437 91 163 0
0.514519 -0.0560355 0.258295 91 163 0
0.514527 -0.0509841 0.258277 91 163 0
0.514486 -0.0459326 0.258353 91 163 0
0.51446 -0.0408808 0.258402 91 163 0
0.514437 -0.035829 0.258439 91 163 0
0.514459 -0.0255228 0.258416 91 163 0
0.51431 -0.0205187 0.258694 91 163 0
0.514278 -0.0155054 0.25875 91 163 0
0.514311 -0.0104914 0.258739 91 163 0
0.514356 -0.0054781 0.258657 91 163 0
0.514399 -0.000464802 0.258577 91 163 0
0.514469 0.00454729 0.258454 91 163 0
0.514553 0.0095564 0.258246 91 163 0
0.514714 0.0145591 0.257948 91 163 0
0.514914 0.0195557 0.25758 91 163 0
0.515135 0.0245493 0.257184 91 163 0
0.515353 0.0295426 0.256783 91 163 0
0.515578 0.0345351 0.256376 91 163 0
0.51577 0.0395328 0.25602 91 163 0
0.516027 0.0449124 0.255545 92 162 0
0.516217 0.0497212 0.255204 92 162 0
0.516704 0.054515 0.255008 92 162 0
0.517217 0.0593108 0.2549 92 162 0
0.517643 0.0641156 0.254922 92 162 0
0.517966 0.0689239 0.25511 92 162 0
0.518205 0.0737282 0.25547 92 162 0
0.51829 0.0785284 0.255908 92 162 0
0.518085 0.0833335 0.256283 92 162 0
0.517777 0.0881149 0.256846 92 162 0
0.517673 0.0903963 0.257047 92 162 0
0.517811 0.0951307 0.25678 92 162 0
0.518034 0.0998493 0.256362 92 162 0
0.518473 0.104503 0.25555 92 162 0
0.519074 0.109082 0.254466 92 162 0
0.519741 0.113621 0.25326 92 162 0
0.51921 0.11368 0.254105 92 162 0
0.574981 0.117841 0.279291 92 162 0
0.575357 0.117694 0.278376 92 162 0
0.575489 0.114408 0.278174 92 162 0
0.574801 0.10982 0.279097 92 162 0
0.574261 0.105243 0.280168 92 162 0
0.573077 0.100773 0.281186 92 162 0
0.572113 0.0962929 0.282361 92 162 0
0.571269 0.0910663 0.284078 92 162 0
0.57062 0.0859453 0.285316 92 162 0
0.570229 0.080712 0.286167 92 162 0
0.57013 0.0754128 0.28656 92 162 0
0.570185 0.0701005 0.286407 92 162 0
0.570453 0.0648261 0.285795 92 162 0
0.570791 0.0595727 0.285052 92 162 0
0.57114 0.054333 0.284223 92 162 0
0.57095 0.0432692 0.284028 92 162 0
0.570915 0.0384093 0.284061 92 162 0
0.570813 0.0335688 0.284457 92 162 0
0.570462 0.0287362 0.284823 92 162 0
0.570188 0.0239043 0.285261 92 162 0
0.569834 0.0190758 0.285676 92 162 0
0.569398 0.0142506 0.286063 92 162 0
0.568975 0.00942718 0.286481 92 162 0
0.568558 0.00460422 0.286912 92 162 0
0.56812 -0.000220021 0.287307 92 162 0
0.567695 -0.00504938 0.287647 92 162 0
0.567249 -0.0098831 0.287882 92 162 0
0.566918 -0.014721 0.288083 92 162 0
0.566602 -0.0195623 0.288108 92 162 0
0.566619 -0.0275186 0.287828 93 161 0
0.566917 -0.0325122 0.287398 93 161 0
0.567067 -0.0375259 0.287179 93 161 0
0.56718 -0.0425426 0.287009 93 161 0
0.567169 -0.0475542 0.286748 93 161 0
0.567059 -0.0525606 0.286382 93 161 0
0.56691 -0.057569 0.286068 93 161 0
0.566685 -0.06258 0.285855 93 161 0
0.566384 -0.0675869 0.285644 93 161 0
0.565928 -0.0725519 0.285076 93 161 0
0.56601 -0.0802547 0.284973 93 161 0
0.566262 -0.0853081 0.28459 93 161 0
0.5666 -0.0903462 0.284085 93 161 0
0.566957 -0.0953804 0.283558 93 161 0
0.567465 -0.100398 0.283002 93 161 0
0.568063 -0.105412 0.282487 93 161 0
0.568653 -0.110427 0.281984 93 161 0
0.569226 -0.115447 0.28151 93 161 0
0.569826 -0.120466 0.281058 93 161 0
0.570503 -0.125493 0.280916 93 161 0
0.570814 -0.135787 0.280467 93 161 0
0.571055 -0.140792 0.280118 93 161 0
0.571348 -0.145788 0.279685 93 161 0
0.571431 -0.150781 0.279141 93 161 0
0.571482 -0.15578 0.278646 93 161 0
0.571492 -0.160779 0.278151 93 161 0
0.571506 -0.165782 0.277691 93 161 0
0.571479 -0.17079 0.27729 93 161 0
0.571339 -0.175803 0.277016 93 161 0
0.571062 -0.180818 0.27709 93 161 0
0.570606 -0.185805 0.277494 93 161 0
0.569986 -0.190749 0.278127 93 161 0
0.569617 -0.195715 0.278773 93 161 0
0.569099 -0.200614 0.279755 93 161 0
0.567772 -0.208593 0.282247 93 161 0
0.56777 -0.213711 0.282284 93 161 0
0.56791 -0.218832 0.282126 93 161 0
0.567982 -0.223963 0.282036 93 161 0
0.568199 -0.229084 0.281719 93 161 0
0.568451 -0.234202 0.281367 93 161 0
0.568653 -0.239327 0.281098 93 161 0
0.568754 -0.244459 0.280966 93 161 0
0.568749 -0.249595 0.280976 93 161 0
0.568515 -0.254712 0.281338 93 161 0
0.568628 -0.249112 0.281119 93 161 0
0.568831 -0.244444 0.280818 93 161 0
0.568862 -0.239759 0.280786 93 161 0
0.56875 -0.23508 0.280951 94 160 0
0.56844 -0.230427 0.281378 94 160 0
0.568039 -0.225792 0.281939 94 160 0
0.567629 -0.221164 0.282538 94 160 0
0.567063 -0.21658 0.283329 94 160 0
0.568251 -0.205865 0.281213 94 160 0
0.56894 -0.201224 0.279988 94 160 0
0.569401 -0.196471 0.279129 94 160 0
0.569837 -0.191695 0.278382 94 160 0
0.570371 -0.186915 0.277748 94 160 0
0.570842 -0.182106 0.277312 94 160 0
0.571163 -0.17727 0.277119 94 160 0
0.571347 -0.172425 0.277224 94 160 0
0.571419 -0.167584 0.27755 94 160 0
0.571419 -0.162746 0.277943 94 160 0
0.571408 -0.157912 0.278369 94 160 0
0.571405 -0.153082 0.278841 94 160 0
0.571445 -0.148283 0.279553 94 160 0
0.571146 -0.143459 0.279989 94 160 0
0.570842 -0.135611 0.280421 94 160 0
0.570652 -0.130813 0.280711 94 160 0
0.570451 -0.126015 0.281003 94 160 0
0.570224 -0.121222 0.281335 94 160 0
0.569892 -0.116442 0.28175 94 160 0
0.569361 -0.111682 0.282194 94 160 0
0.568819 -0.106926 0.282674 94 160 0
0.568272 -0.102171 0.283151 94 160 0
0.567719 -0.0974161 0.283625 94 160 0
0.56706 -0.0926815 0.284157 94 160 0
0.566254 -0.0879599 0.284595 94 160 0
0.565983 -0.0829002 0.285001 94 160 0
0.565995 -0.0781057 0.28499 94 160 0
0.566186 -0.0733272 0.285312 94 160 0
0.566439 -0.0685502 0.285639 94 160 0
0.566723 -0.0637711 0.285903 94 160 0
0.567018 -0.0589919 0.286155 94 160 0
0.567297 -0.0542134 0.286437 94 160 0
0.567411 -0.0494297 0.286676 94 160 0
0.567306 -0.0446383 0.286827 94 160 0
0.56718 -0.0398485 0.287009 94 160 0
0.566923 -0.0350758 0.287367 94 160 0
0.566645 -0.0244146 0.288036 94 160 0
0.566643 -0.0195524 0.287993 94 160 0
0.566875 -0.0147017 0.287888 94 160 0
0.567223 -0.00985226 0.28783 94 160 0
0.567626 -0.00501104 0.287631 94 160 0
0.568051 -0.00017841 0.287303 94 160 0
0.568506 0.00464516 0.286889 95 159 0
0.568939 0.0094679 0.286444 95 159 0
0.569353 0.0142948 0.286026 95 159 0
0.569782 0.0191235 0.285643 95 159 0
0.570209 0.0239526 0.285265 95 159 0
0.570631 0.0287773 0.284844 95 159 0
0.570875 0.0335967 0.284255 95 159 0
0.570914 0.0384524 0.284044 95 159 0
0.570971 0.0432497 0.283979 95 159 0
0.570893 0.0483406 0.284043 95 159 0
0.570874 0.0534287 0.284305 95 159 0
0.570742 0.0584993 0.284781 95 159 0
0.570428 0.0635346 0.285491 95 159 0
0.570142 0.0685803 0.286139 95 159 0
0.570066 0.0736536 0.286597 95 159 0
0.570053 0.0787435 0.286379 95 159 0
0.570303 0.083795 0.285765 95 159 0
0.570759 0.0887603 0.284773 95 159 0
0.571287 0.0924738 0.283523 95 159 0
0.572171 0.0968092 0.282251 95 159 0
0.573076 0.101148 0.28101 95 159 0
0.574277 0.105494 0.280081 95 159 0
0.574826 0.109944 0.279062 95 159 0
0.575489 0.114408 0.278174 95 159 0
0.57512 0.11454 0.279093 95 159 0
0.519696 0.116566 0.25326 95 159 0
0.520232 0.116516 0.252417 95 159 0
0.517978 0.114625 0.252016 95 159 0
0.514077 0.111759 0.251018 95 159 0
0.510255 0.108823 0.249932 95 159 0
0.506432 0.106042 0.248491 95 159 0
0.50279 0.103364 0.246498 95 159 0
0.499366 0.100542 0.244325 95 159 0
0.495993 0.0977484 0.242036 95 159 0
0.496348 0.0921669 0.242184 95 159 0
0.495932 0.0868843 0.242025 95 159 0
0.495491 0.0815843 0.241898 95 159 0
0.494995 0.0762878 0.241937 95 159 0
0.494496 0.0709916 0.241993 95 159 0
0.494006 0.0656948 0.242013 95 159 0
0.493887 0.0603824 0.242269 95 159 0
0.493785 0.0550683 0.242471 95 159 0
0.493137 0.0447152 0.243126 95 159 0
0.492842 0.0395267 0.243429 95 159 0
0.49257 0.0343455 0.243855 95 159 0
0.492339 0.0291527 0.24414 95 159 0
0.492128 0.0239571 0.244389 95 159 0
0.491971 0.0187563 0.244556 96 158 0
0.491918 0.0135514 0.244628 96 158 0
0.491914 0.00834559 0.244631 96 158 0
0.49192 0.00313978 0.244622 96 158 0
0.491949 -0.00206572 0.244573 96 158 0
0.491988 -0.00727083 0.244496 96 158 0
0.492098 -0.0124707 0.244276 96 158 0
0.492164 -0.0176736 0.244117 96 158 0
0.492183 -0.0253002 0.244185 96 158 0
0.492153 -0.0305451 0.244219 96 158 0
0.492078 -0.0357882 0.244334 96 158 0
0.491981 -0.0410289 0.244528 96 158 0
0.491875 -0.0462688 0.244739 96 158 0
0.491757 -0.0515082 0.244954 96 158 0
0.491641 -0.0567467 0.245193 96 158 0
0.49155 -0.0619875 0.245375 96 158 0
0.491446 -0.0672264 0.245582 96 158 0
0.491374 -0.0724681 0.24573 96 158 0
0.491592 -0.0778373 0.245413 96 158 0
0.491805 -0.0825192 0.244455 96 158 0
0.491895 -0.087235 0.243633 96 158 0
0.49203 -0.0919498 0.242809 96 158 0
0.492156 -0.096669 0.242009 96 158 0
0.492236 -0.101402 0.241294 96 158 0
0.492343 -0.106154 0.240721 96 158 0
0.492554 -0.110915 0.240261 96 158 0
0.492767 -0.115676 0.239798 96 158 0
0.492943 -0.120444 0.239389 96 158 0
0.493086 -0.125221 0.239103 96 158 0
0.49349 -0.135586 0.238276 96 158 0
0.493585 -0.140393 0.238068 96 158 0
0.493126 -0.145144 0.23861 96 158 0
0.492689 -0.149916 0.239068 96 158 0
0.492288 -0.154693 0.239545 96 158 0
0.491881 -0.159467 0.240046 96 158 0
0.491488 -0.16424 0.240563 96 158 0
0.491106 -0.169019 0.24104 96 158 0
0.490759 -0.173807 0.241431 96 158 0
0.490468 -0.178606 0.241721 96 158 0
0.490242 -0.183415 0.241817 96 158 0
0.49015 -0.188228 0.241674 96 158 0
0.490366 -0.193026 0.24137 96 158 0
0.490701 -0.197778 0.24066 96 158 0
0.49103 -0.205845 0.238714 96 158 0
0.491056 -0.210542 0.23748 96 158 0
0.490786 -0.215255 0.236344 96 158 0
0.490516 -0.220012 0.235402 97 157 0
0.49005 -0.224776 0.234568 97 157 0
0.489498 -0.229555 0.233884 97 157 0
0.48893 -0.234359 0.233428 97 157 0
0.488462 -0.239186 0.233139 97 157 0
0.487734 -0.243981 0.232857 97 157 0
0.487046 -0.248787 0.232776 97 157 0
0.486446 -0.253604 0.232689 97 157 0
0.487147 -0.248608 0.233047 97 157 0
0.488057 -0.243601 0.233166 97 157 0
0.488763 -0.238554 0.233265 97 157 0
0.489677 -0.233549 0.233568 97 157 0
0.490336 -0.228508 0.233935 97 157 0
0.490641 -0.223446 0.234445 97 157 0
0.490973 -0.218479 0.235534 97 157 0
0.490964 -0.2135 0.236612 97 157 0
0.490253 -0.20296 0.238267 97 157 0
0.489917 -0.198249 0.239158 97 157 0
0.489788 -0.193522 0.240022 97 157 0
0.489657 -0.188753 0.240614 97 157 0
0.489556 -0.183956 0.240849 97 157 0
0.489666 -0.179153 0.240848 97 157 0
0.490011 -0.174361 0.240706 97 157 0
0.490473 -0.16958 0.240501 97 157 0
0.490931 -0.164802 0.240228 97 157 0
0.49138 -0.160028 0.239884 97 157 0
0.491854 -0.155259 0.2395 97 157 0
0.492301 -0.150511 0.238926 97 157 0
0.493055 -0.145844 0.238063 97 157 0
0.49367 -0.141091 0.237875 97 157 0
0.493408 -0.133586 0.238461 97 157 0
0.493207 -0.128447 0.238839 97 157 0
0.493117 -0.12331 0.239258 97 157 0
0.492969 -0.118179 0.239737 97 157 0
0.492741 -0.113049 0.240206 97 157 0
0.492649 -0.107927 0.24078 97 157 0
0.492591 -0.102811 0.241422 97 157 0
0.49246 -0.0977053 0.242133 97 157 0
0.492335 -0.092613 0.242929 97 157 0
0.492198 -0.0875177 0.243643 97 157 0
0.491954 -0.0825555 0.244537 97 157 0
0.491698 -0.0777182 0.245065 97 157 0
0.491515 -0.0728637 0.245466 97 157 0
0.49142 -0.0679962 0.245651 97 157 0
0.49145 -0.063125 0.245581 97 157 0
0.491587 -0.0582598 0.245324 97 157 0
0.491753 -0.053399 0.244998 97 157 0
0.491893 -0.0485352 0.244711 98 156 0
0.492002 -0.0436659 0.24452 98 156 0
0.492077 -0.0387933 0.244406 98 156 0
0.492086 -0.0339195 0.244368 98 156 0
0.492165 -0.0235676 0.244179 98 156 0
0.492128 -0.0187166 0.244233 98 156 0
0.492061 -0.0138672 0.244362 98 156 0
0.491999 -0.00901733 0.244475 98 156 0
0.491958 -0.00416657 0.244555 98 156 0
0.491935 0.000684759 0.2446 98 156 0
0.491924 0.00553633 0.244618 98 156 0
0.491922 0.010388 0.244621 98 156 0
0.491939 0.0152394 0.244599 98 156 0
0.492011 0.0200893 0.244514 98 156 0
0.492168 0.0249352 0.244342 98 156 0
0.492355 0.0297779 0.244116 98 156 0
0.492558 0.0346137 0.243799 98 156 0
0.492824 0.0394438 0.243433 98 156 0
0.493204 0.04485 0.24309 98 156 0
0.493443 0.0499565 0.24283 98 156 0
0.493731 0.0550605 0.242554 98 156 0
0.493868 0.0601721 0.242302 98 156 0
0.493986 0.0652851 0.242068 98 156 0
0.494094 0.0703981 0.241831 98 156 0
0.494241 0.0755081 0.241553 98 156 0
0.494364 0.0806192 0.241284 98 156 0
0.494444 0.0857353 0.241109 98 156 0
0.49451 0.0908529 0.240981 98 156 0
0.496059 0.09343 0.241941 98 156 0
0.499557 0.0967065 0.244409 98 156 0
0.502939 0.100253 0.246674 98 156 0
0.506344 0.103952 0.248627 98 156 0
0.50995 0.107676 0.250102 98 156 0
0.513899 0.111191 0.251172 98 156 0
0.517978 0.114625 0.252016 98 156 0
0.517439 0.11468 0.252857 98 156 0
0.574981 0.117841 0.279291 98 156 0
0.575357 0.117694 0.278376 98 156 0
0.576533 0.115085 0.278499 98 156 0
0.579269 0.111681 0.280531 98 156 0
0.581783 0.108091 0.282541 98 156 0
0.584349 0.104566 0.284601 98 156 0
0.586738 0.100898 0.286621 98 156 0
0.589271 0.0973295 0.288638 98 156 0
0.58946 0.0925501 0.290486 98 156 0
0.588983 0.088029 0.292303 98 156 0
0.588775 0.0834143 0.293951 98 156 0
0.588867 0.0787553 0.295465 99 155 0
0.589108 0.0740093 0.296646 99 155 0
0.589629 0.0692124 0.297419 99 155 0
0.590669 0.0644438 0.297792 99 155 0
0.591678 0.0596477 0.297635 99 155 0
0.592829 0.0548974 0.29734 99 155 0
0.593779 0.0442186 0.296529 99 155 0
0.593877 0.039338 0.296389 99 155 0
0.593945 0.0344561 0.29629 99 155 0
0.59395 0.0295735 0.296189 99 155 0
0.593781 0.0246971 0.296308 99 155 0
0.593455 0.019834 0.296598 99 155 0
0.593055 0.0149842 0.297005 99 155 0
0.59262 0.0101433 0.297481 99 155 0
0.592149 0.00530987 0.297996 99 155 0
0.59165 0.000478115 0.298499 99 155 0
0.591151 -0.00436005 0.298938 99 155 0
0.590619 -0.00918662 0.299436 99 155 0
0.589839 -0.0139536 0.300151 99 155 0
0.589477 -0.0187858 0.300721 99 155 0
0.58942 -0.0264595 0.300364 99 155 0
0.589445 -0.0316578 0.30016 99 155 0
0.58953 -0.0368546 0.29994 99 155 0
0.589605 -0.0420521 0.299743 99 155 0
0.589679 -0.0472522 0.299611 99 155 0
0.589782 -0.0524504 0.299441 99 155 0
0.589944 -0.0576461 0.299235 99 155 0
0.590111 -0.0628412 0.299017 99 155 0
0.590258 -0.0680371 0.298806 99 155 0
0.590472 -0.0732261 0.298511 99 155 0
0.590612 -0.0784364 0.298132 99 155 0
0.590939 -0.0833454 0.297782 99 155 0
0.591209 -0.088261 0.297479 99 155 0
0.591417 -0.0931712 0.297066 99 155 0
0.591663 -0.0980752 0.296601 99 155 0
0.591903 -0.102978 0.296118 99 155 0
0.59212 -0.10788 0.295615 99 155 0
0.592351 -0.112776 0.295072 99 155 0
0.59263 -0.117666 0.294486 99 155 0
0.593013 -0.122553 0.293946 99 155 0
0.593403 -0.127445 0.293444 99 155 0
0.593731 -0.137983 0.293007 99 155 0
0.593927 -0.143164 0.292767 99 155 0
0.593907 -0.148331 0.292336 99 155 0
0.593908 -0.153505 0.291935 99 155 0
0.593881 -0.158683 0.291573 99 155 0
0.593844 -0.163857 0.291177 99 155 0
0.593808 -0.169027 0.290713 100 154 0
0.593922 -0.174196 0.290267 100 154 0
0.593885 -0.179368 0.289835 100 154 0
0.593772 -0.184553 0.289642 100 154 0
0.593519 -0.189736 0.289606 100 154 0
0.593595 -0.194924 0.289484 100 154 0
0.593593 -0.200114 0.289479 100 154 0
0.592865 -0.208153 0.290826 100 154 0
0.592234 -0.213141 0.291962 100 154 0
0.591843 -0.218229 0.292717 100 154 0
0.59152 -0.223337 0.293343 100 154 0
0.591327 -0.228475 0.293739 100 154 0
0.59126 -0.233628 0.293899 100 154 0
0.591283 -0.238785 0.293845 100 154 0
0.591393 -0.243936 0.29362 100 154 0
0.591563 -0.249081 0.293294 100 154 0
0.591598 -0.254237 0.293155 100 154 0
0.591583 -0.248536 0.293452 100 154 0
0.591461 -0.243853 0.293615 100 154 0
0.591324 -0.239169 0.293793 100 154 0
0.59123 -0.234481 0.293916 100 154 0
0.591181 -0.229792 0.293996 100 154 0
0.59122 -0.225109 0.293875 100 154 0
0.591361 -0.220436 0.293503 100 154 0
0.591698 -0.21579 0.292994 100 154 0
0.593172 -0.20564 0.290537 100 154 0
0.593557 -0.200481 0.290238 100 154 0
0.593756 -0.195295 0.290212 100 154 0
0.59414 -0.19012 0.289975 100 154 0
0.594478 -0.184936 0.289933 100 154 0
0.594599 -0.179747 0.29012 100 154 0
0.594654 -0.174569 0.290537 100 154 0
0.594537 -0.169394 0.290983 100 154 0
0.594352 -0.164216 0.291361 100 154 0
0.594377 -0.159036 0.291751 100 154 0
0.594403 -0.153854 0.292112 100 154 0
0.594142 -0.148676 0.292446 100 154 0
0.593897 -0.143496 0.292752 100 154 0
0.593748 -0.135662 0.29299 100 154 0
0.593418 -0.130447 0.293418 100 154 0
0.593116 -0.125231 0.293838 100 154 0
0.59283 -0.120017 0.29429 100 154 0
0.592521 -0.114813 0.29484 100 154 0
0.592271 -0.10961 0.295424 100 154 0
0.592054 -0.104402 0.295977 100 154 0
0.591794 -0.0991914 0.296494 100 154 0
0.591559 -0.0939838 0.297046 101 153 0
0.591421 -0.0887656 0.297517 101 153 0
0.590857 -0.0839155 0.297763 101 153 0
0.590692 -0.0789721 0.298064 101 153 0
0.590446 -0.0740352 0.298415 101 153 0
0.590256 -0.0690934 0.298728 101 153 0
0.590102 -0.0641466 0.298977 101 153 0
0.589935 -0.0591987 0.299193 101 153 0
0.589775 -0.0542499 0.299394 101 153 0
0.58966 -0.0492983 0.29955 101 153 0
0.589594 -0.0443448 0.299666 101 153 0
0.589573 -0.0393912 0.299796 101 153 0
0.58951 -0.0344385 0.299946 101 153 0
0.589401 -0.0236681 0.300548 101 153 0
0.589552 -0.0188527 0.300369 101 153 0
0.590129 -0.0140969 0.299816 101 153 0
0.590643 -0.00931927 0.299387 101 153 0
0.591117 -0.00453492 0.298963 101 153 0
0.591608 0.000246757 0.298529 101 153 0
0.592102 0.00502289 0.298042 101 153 0
0.592579 0.00979761 0.297523 101 153 0
0.59302 0.0145797 0.297043 101 153 0
0.593456 0.0193695 0.296651 101 153 0
0.593884 0.024169 0.296401 101 153 0
0.594093 0.028987 0.296212 101 153 0
0.594147 0.0338118 0.296171 101 153 0
0.594103 0.0386367 0.296282 101 153 0
0.593852 0.0441302 0.296059 101 153 0
0.592815 0.0492431 0.296376 101 153 0
0.592091 0.0544139 0.296818 101 153 0
0.591025 0.059531 0.297198 101 153 0
0.590013 0.0646635 0.297426 101 153 0
0.589576 0.0698787 0.2974 101 153 0
0.589132 0.0750312 0.29657 101 153 0
0.589028 0.0800922 0.295226 101 153 0
0.589461 0.0850814 0.293681 101 153 0
0.589712 0.0899306 0.291724 101 153 0
0.588792 0.0916765 0.290414 101 153 0
0.587067 0.0956962 0.28837 101 153 0
0.584955 0.0995102 0.286272 101 153 0
0.582704 0.103296 0.284268 101 153 0
0.580488 0.107108 0.282275 101 153 0
0.578414 0.111033 0.280352 101 153 0
0.576533 0.115085 0.278499 101 153 0
0.576159 0.115218 0.279417 101 153 0
0.519696 0.116566 0.25326 101 153 0
0.520232 0.116516 0.252417 101 153 0
0.520232 0.116516 0.252417 102 152 0
0.519741 0.113621 0.25326 102 152 0
0.519113 0.109361 0.254397 102 152 0
0.518526 0.105074 0.25545 102 152 0
0.518115 0.100705 0.256213 102 152 0
0.517735 0.0963225 0.256906 102 152 0
0.517693 0.0913115 0.256942 102 152 0
0.517986 0.0861358 0.256434 102 152 0
0.517821 0.0809602 0.255862 102 152 0
0.517667 0.075788 0.255257 102 152 0
0.517426 0.070602 0.254822 102 152 0
0.517084 0.0654115 0.254535 102 152 0
0.516597 0.0602247 0.25451 102 152 0
0.516444 0.0550249 0.254791 102 152 0
0.515982 0.044556 0.255636 102 152 0
0.515793 0.0397415 0.255981 102 152 0
0.515588 0.0349298 0.256353 102 152 0
0.515378 0.0301187 0.256732 102 152 0
0.515169 0.025308 0.257115 102 152 0
0.514955 0.0204976 0.2575 102 152 0
0.51476 0.0156842 0.257855 102 152 0
0.514602 0.0108653 0.258146 102 152 0
0.514488 0.00604076 0.25835 102 152 0
0.514414 0.00121273 0.258483 102 152 0
0.514357 -0.00361634 0.258587 102 152 0
0.514301 -0.00844535 0.258692 102 152 0
0.51426 -0.0132749 0.258767 102 152 0
0.514327 -0.0181019 0.25865 102 152 0
0.514471 -0.0258255 0.258385 102 152 0
0.514489 -0.0310663 0.258343 102 152 0
0.514482 -0.0363074 0.258353 102 152 0
0.51447 -0.0415486 0.258375 102 152 0
0.514487 -0.0467894 0.258342 102 152 0
0.514522 -0.0520301 0.258278 102 152 0
0.514505 -0.0572705 0.258314 102 152 0
0.514422 -0.0625085 0.258469 102 152 0
0.514344 -0.0677467 0.258618 102 152 0
0.514261 -0.072984 0.258777 102 152 0
0.514045 -0.0783366 0.259184 102 152 0
0.514194 -0.0831272 0.258908 102 152 0
0.514115 -0.0878921 0.258302 102 152 0
0.514228 -0.092579 0.257271 102 152 0
0.514512 -0.097191 0.255959 102 152 0
0.51485 -0.101778 0.254568 102 152 0
0.51516 -0.106376 0.253205 102 152 0
0.515506 -0.111012 0.252011 102 152 0
0.515991 -0.11571 0.251132 102 152 0
0.516331 -0.120461 0.250495 103 151 0
0.516552 -0.125241 0.250058 103 151 0
0.516672 -0.135776 0.249873 103 151 0
0.516827 -0.140691 0.249615 103 151 0
0.517 -0.145601 0.249289 103 151 0
0.517067 -0.150522 0.249162 103 151 0
0.517007 -0.155442 0.2493 103 151 0
0.516759 -0.160333 0.249773 103 151 0
0.516315 -0.165165 0.250584 103 151 0
0.515766 -0.169954 0.251588 103 151 0
0.51519 -0.174727 0.252649 103 151 0
0.514676 -0.179531 0.253583 103 151 0
0.514273 -0.184385 0.254308 103 151 0
0.513812 -0.189195 0.255161 103 151 0
0.512958 -0.193784 0.256727 103 151 0
0.512335 -0.198524 0.25782 103 151 0
0.513674 -0.206321 0.255372 103 151 0
0.51466 -0.21114 0.253568 103 151 0
0.515374 -0.216167 0.252253 103 151 0
0.515872 -0.221258 0.251151 103 151 0
0.515992 -0.226456 0.250504 103 151 0
0.515865 -0.231689 0.250303 103 151 0
0.515552 -0.236922 0.250443 103 151 0
0.515143 -0.242141 0.250753 103 151 0
0.51457 -0.247329 0.251237 103 151 0
0.51397 -0.2525 0.251822 103 151 0
0.51408 -0.247082 0.251605 103 151 0
0.514742 -0.242484 0.250795 103 151 0
0.515358 -0.237833 0.250284 103 151 0
0.515875 -0.233159 0.249866 103 151 0
0.516218 -0.22846 0.249756 103 151 0
0.516297 -0.223767 0.250118 103 151 0
0.516102 -0.219119 0.250923 103 151 0
0.515553 -0.214546 0.251908 103 151 0
0.513145 -0.203768 0.256344 103 151 0
0.512986 -0.198949 0.256637 103 151 0
0.513637 -0.19426 0.255479 103 151 0
0.513953 -0.189443 0.254903 103 151 0
0.51427 -0.184606 0.25432 103 151 0
0.514672 -0.179798 0.253573 103 151 0
0.515186 -0.175038 0.252624 103 151 0
0.515757 -0.170304 0.251572 103 151 0
0.516301 -0.165554 0.250577 103 151 0
0.516743 -0.160762 0.24977 103 151 0
0.516992 -0.155912 0.249295 103 151 0
0.517062 -0.151033 0.249135 103 151 0
0.516957 -0.146156 0.249316 103 151 0
0.516773 -0.14129 0.249679 104 150 0
0.51668 -0.133638 0.249847 104 150 0
0.516546 -0.12851 0.250108 104 150 0
0.516742 -0.123414 0.250702 104 150 0
0.516701 -0.11833 0.251416 104 150 0
0.516521 -0.113294 0.252401 104 150 0
0.516238 -0.108299 0.253563 104 150 0
0.515911 -0.103326 0.254808 104 150 0
0.515586 -0.0983522 0.25605 104 150 0
0.515042 -0.0934236 0.257365 104 150 0
0.51434 -0.0885037 0.258654 104 150 0
0.514028 -0.0812696 0.259199 104 150 0
0.51422 -0.0762335 0.25885 104 150 0
0.514287 -0.0711835 0.258728 104 150 0
0.514352 -0.0661333 0.258611 104 150 0
0.514444 -0.0610849 0.258437 104 150 0
0.514519 -0.0560355 0.258295 104 150 0
0.514527 -0.0509841 0.258277 104 150 0
0.514486 -0.0459326 0.258353 104 150 0
0.51446 -0.0408808 0.258402 104 150 0
0.514437 -0.035829 0.258439 104 150 0
0.514459 -0.0255228 0.258416 104 150 0
0.51431 -0.0205187 0.258694 104 150 0
0.514278 -0.0155054 0.25875 104 150 0
0.514311 -0.0104914 0.258739 104 150 0
0.514356 -0.0054781 0.258657 104 150 0
0.514399 -0.000464802 0.258577 104 150 0
0.514469 0.00454729 0.258454 104 150 0
0.514553 0.0095564 0.258246 104 150 0
0.514714 0.0145591 0.257948 104 150 0
0.514914 0.0195557 0.25758 104 150 0
0.515135 0.0245493 0.257184 104 150 0
0.515353 0.0295426 0.256783 104 150 0
0.515578 0.0345351 0.256376 104 150 0
0.51577 0.0395328 0.25602 104 150 0
0.516027 0.0449124 0.255545 104 150 0
0.516217 0.0497212 0.255204 104 150 0
0.516704 0.054515 0.255008 104 150 0
0.517217 0.0593108 0.2549 104 150 0
0.517643 0.0641156 0.254922 104 150 0
0.517966 0.0689239 0.25511 104 150 0
0.518205 0.0737282 0.25547 104 150 0
0.51829 0.0785284 0.255908 104 150 0
0.518085 0.0833335 0.256283 104 150 0
0.517777 0.0881149 0.256846 104 150 0
0.517673 0.0903963 0.257047 104 150 0
0.517811 0.0951307 0.25678 105 149 0
0.518034 0.0998493 0.256362 105 149 0
0.518473 0.104503 0.25555 105 149 0
0.519074 0.109082 0.254466 105 149 0
0.519741 0.113621 0.25326 105 149 0
0.51921 0.11368 0.254105 105 149 0
0.574981 0.117841 0.279291 105 149 0
0.575357 0.117694 0.278376 105 149 0
0.575489 0.114408 0.278174 105 149 0
0.574801 0.10982 0.279097 105 149 0
0.574261 0.105243 0.280168 105 149 0
0.573077 0.100773 0.281186 105 149 0
0.572113 0.0962929 0.282361 105 149 0
0.571269 0.0910663 0.284078 105 149 0
0.57062 0.0859453 0.285316 105 149 0
0.570229 0.080712 0.286167 105 149 0
0.57013 0.0754128 0.28656 105 149 0
0.570185 0.0701005 0.286407 105 149 0
0.570453 0.0648261 0.285795 105 149 0
0.570791 0.0595727 0.285052 105 149 0
0.57114 0.054333 0.284223 105 149 0
0.57095 0.0432692 0.284028 105 149 0
0.570915 0.0384093 0.284061 105 149 0
0.570813 0.0335688 0.284457 105 149 0
0.570462 0.0287362 0.284823 105 149 0
0.570188 0.0239043 0.285261 105 149 0
0.569834 0.0190758 0.285676 105 149 0
0.569398 0.0142506 0.286063 105 149 0
0.568975 0.00942718 0.286481 105 149 0
0.568558 0.00460422 0.286912 105 149 0
0.56812 -0.000220021 0.287307 105 149 0
0.567695 -0.00504938 0.287647 105 149 0
0.567249 -0.0098831 0.287882 105 149 0
0.566918 -0.014721 0.288083 105 149 0
0.566602 -0.0195623 0.288108 105 149 0
0.566619 -0.0275186 0.287828 105 149 0
0.566917 -0.0325122 0.287398 105 149 0
0.567067 -0.0375259 0.287179 105 149 0
0.56718 -0.0425426 0.287009 105 149 0
0.567169 -0.0475542 0.286748 105 149 0
0.567059 -0.0525606 0.286382 105 149 0
0.56691 -0.057569 0.286068 105 149 0
0.566685 -0.06258 0.285855 105 149 0
0.566384 -0.0675869 0.285644 105 149 0
0.565928 -0.0725519 0.285076 105 149 0
0.56601 -0.0802547 0.284973 105 149 0
0.566262 -0.0853081 0.28459 105 149 0
0.5666 -0.0903462 0.284085 106 148 0
0.566957 -0.0953804 0.283558 106 148 0
0.567465 -0.100398 0.283002 106 148 0
0.568063 -0.105412 0.282487 106 148 0
0.568653 -0.110427 0.281984 106 148 0
0.569226 -0.115447 0.28151 106 148 0
0.569826 -0.120466 0.281058 106 148 0
0.570503 -0.125493 0.280916 106 148 0
0.570814 -0.135787 0.280467 106 148 0
0.571055 -0.140792 0.280118 106 148 0
0.571348 -0.145788 0.279685 106 148 0
0.571431 -0.150781 0.279141 106 148 0
0.571482 -0.15578 0.278646 106 148 0
0.571492 -0.160779 0.278151 106 148 0
0.571506 -0.165782 0.277691 106 148 0
0.571479 -0.17079 0.27729 106 148 0
0.571339 -0.175803 0.277016 106 148 0
0.571062 -0.180818 0.27709 106 148 0
0.570606 -0.185805 0.277494 106 148 0
0.569986 -0.190749 0.278127 106 148 0
0.569617 -0.195715 0.278773 106 148 0
0.569099 -0.200614 0.279755 106 148 0
0.567772 -0.208593 0.282247 106 148 0
0.56777 -0.213711 0.282284 106 148 0
0.56791 -0.218832 0.282126 106 148 0
0.567982 -0.223963 0.282036 106 148 0
0.568199 -0.229084 0.281719 106 148 0
0.568451 -0.234202 0.281367 106 148 0
0.568653 -0.239327 0.281098 106 148 0
0.568754 -0.244459 0.280966 106 148 0
0.568749 -0.249595 0.280976 106 148 0
0.568515 -0.254712 0.281338 106 148 0
0.568628 -0.249112 0.281119 106 148 0
0.568831 -0.244444 0.280818 106 148 0
0.568862 -0.239759 0.280786 106 148 0
0.56875 -0.23508 0.280951 106 148 0
0.56844 -0.230427 0.281378 106 148 0
0.568039 -0.225792 0.281939 106 148 0
0.567629 -0.221164 0.282538 106 148 0
0.567063 -0.21658 0.283329 106 148 0
0.568251 -0.205865 0.281213 106 148 0
0.56894 -0.201224 0.279988 106 148 0
0.569401 -0.196471 0.279129 106 148 0
0.569837 -0.191695 0.278382 106 148 0
0.570371 -0.186915 0.277748 106 148 0
0.570842 -0.182106 0.277312 106 148 0
0.571163 -0.17727 0.277119 106 148 0
0.571347 -0.172425 0.277224 107 147 0
0.571419 -0.167584 0.27755 107 147 0
0.571419 -0.162746 0.277943 107 147 0
0.571408 -0.157912 0.278369 107 147 0
0.571405 -0.153082 0.278841 107 147 0
0.571445 -0.148283 0.279553 107 147 0
0.571146 -0.143459 0.279989 107 147 0
0.570842 -0.135611 0.280421 107 147 0
0.570652 -0.130813 0.280711 107 147 0
0.570451 -0.126015 0.281003 107 147 0
0.570224 -0.121222 0.281335 107 147 0
0.569892 -0.116442 0.28175 107 147 0
0.569361 -0.111682 0.282194 107 147 0
0.568819 -0.106926 0.282674 107 147 0
0.568272 -0.102171 0.283151 107 147 0
0.567719 -0.0974161 0.283625 107 147 0
0.56706 -0.0926815 0.284157 107 147 0
0.566254 -0.0879599 0.284595 107 147 0
0.565983 -0.0829002 0.285001 107 147 0
0.565995 -0.0781057 0.28499 107 147 0
0.566186 -0.0733272 0.285312 107 147 0
0.566439 -0.0685502 0.285639 107 147 0
0.566723 -0.0637711 0.285903 107 147 0
0.567018 -0.0589919 0.286155 107 147 0
0.567297 -0.0542134 0.286437 107 147 0
0.567411 -0.0494297 0.286676 107 147 0
0.567306 -0.0446383 0.286827 107 147 0
0.56718 -0.0398485 0.287009 107 147 0
0.566923 -0.0350758 0.287367 107 147 0
0.566645 -0.0244146 0.288036 107 147 0
0.566643 -0.0195524 0.287993 107 147 0
0.566875 -0.0147017 0.287888 107 147 0
0.567223 -0.00985226 0.28783 107 147 0
0.567626 -0.00501104 0.287631 107 147 0
0.568051 -0.00017841 0.287303 107 147 0
0.568506 0.00464516 0.286889 107 147 0
0.568939 0.0094679 0.286444 107 147 0
0.569353 0.0142948 0.286026 107 147 0
0.569782 0.0191235 0.285643 107 147 0
0.570209 0.0239526 0.285265 107 147 0
0.570631 0.0287773 0.284844 107 147 0
0.570875 0.0335967 0.284255 107 147 0
0.570914 0.0384524 0.284044 107 147 0
0.570971 0.0432497 0.283979 107 147 0
0.570893 0.0483406 0.284043 107 147 0
0.570874 0.0534287 0.284305 107 147 0
0.570742 0.0584993 0.284781 107 147 0
0.570428 0.0635346 0.285491 108 146 0
0.570142 0.0685803 0.286139 108 146 0
0.570066 0.0736536 0.286597 108 146 0
0.570053 0.0787435 0.286379 108 146 0
0.570303 0.083795 0.285765 108 146 0
0.570759 0.0887603 0.284773 108 146 0
0.571287 0.0924738 0.283523 108 146 0
0.572171 0.0968092 0.282251 108 146 0
0.573076 0.101148 0.28101 108 146 0
0.574277 0.105494 0.280081 108 146 0
0.574826 0.109944 0.279062 108 146 0
0.575489 0.114408 0.278174 108 146 0
0.57512 0.11454 0.279093 108 146 0
0.519696 0.116566 0.25326 108 146 0
0.520232 0.116516 0.252417 108 146 0
0.517978 0.114625 0.252016 108 146 0
0.514077 0.111759 0.251018 108 146 0
0.510255 0.108823 0.249932 108 146 0
0.506432 0.106042 0.248491 108 146 0
0.50279 0.103364 0.246498 108 146 0
0.499366 0.100542 0.244325 108 146 0
0.495993 0.0977484 0.242036 108 146 0
0.496348 0.0921669 0.242184 108 146 0
0.495932 0.0868843 0.242025 108 146 0
0.495491 0.0815843 0.241898 108 146 0
0.494995 0.0762878 0.241937 108 146 0
0.494496 0.0709916 0.241993 108 146 0
0.494006 0.0656948 0.242013 108 146 0
0.493887 0.0603824 0.242269 108 146 0
0.493785 0.0550683 0.242471 108 146 0
0.493137 0.0447152 0.243126 108 146 0
0.492842 0.0395267 0.243429 108 146 0
0.49257 0.0343455 0.243855 108 146 0
0.492339 0.0291527 0.24414 108 146 0
0.492128 0.0239571 0.244389 108 146 0
0.491971 0.0187563 0.244556 108 146 0
0.491918 0.0135514 0.244628 108 146 0
0.491914 0.00834559 0.244631 108 146 0
0.49192 0.00313978 0.244622 108 146 0
0.491949 -0.00206572 0.244573 108 146 0
0.491988 -0.00727083 0.244496 108 146 0
0.492098 -0.0124707 0.244276 108 146 0
0.492164 -0.0176736 0.244117 108 146 0
0.492183 -0.0253002 0.244185 108 146 0
0.492153 -0.0305451 0.244219 108 146 0
0.492078 -0.0357882 0.244334 108 146 0
0.491981 -0.0410289 0.244528 109 145 0
0.491875 -0.0462688 0.244739 109 145 0
0.491757 -0.0515082 0.244954 109 145 0
0.491641 -0.0567467 0.245193 109 145 0
0.49155 -0.0619875 0.245375 109 145 0
0.491446 -0.0672264 0.245582 109 145 0
0.491374 -0.0724681 0.24573 109 145 0
0.491592 -0.0778373 0.245413 109 145 0
0.491805 -0.0825192 0.244455 109 145 0
0.491895 -0.087235 0.243633 109 145 0
0.49203 -0.0919498 0.242809 109 145 0
0.492156 -0.096669 0.242009 109 145 0
0.492236 -0.101402 0.241294 109 145 0
0.492343 -0.106154 0.240721 109 145 0
0.492554 -0.110915 0.240261 109 145 0
0.492767 -0.115676 0.239798 109 145 0
0.492943 -0.120444 0.239389 109 145 0
0.493086 -0.125221 0.239103 109 145 0
0.49349 -0.135586 0.238276 109 145 0
0.493585 -0.140393 0.238068 109 145 0
0.493126 -0.145144 0.23861 109 145 0
0.492689 -0.149916 0.239068 109 145 0
0.492288 -0.154693 0.239545 109 145 0
0.491881 -0.159467 0.240046 109 145 0
0.491488 -0.16424 0.240563 109 145 0
0.491106 -0.169019 0.24104 109 145 0
0.490759 -0.173807 0.241431 109 145 0
0.490468 -0.178606 0.241721 109 145 0
0.490242 -0.183415 0.241817 109 145 0
0.49015 -0.188228 0.241674 109 145 0
0.490366 -0.193026 0.24137 109 145 0
0.490701 -0.197778 0.24066 109 145 0
0.49103 -0.205845 0.238714 109 145 0
0.491056 -0.210542 0.23748 109 145 0
0.490786 -0.215255 0.236344 109 145 0
0.490516 -0.220012 0.235402 109 145 0
0.49005 -0.224776 0.234568 109 145 0
0.489498 -0.229555 0.233884 109 145 0
0.48893 -0.234359 0.233428 109 145 0
0.488462 -0.239186 0.233139 109 145 0
0.487734 -0.243981 0.232857 109 145 0
0.487046 -0.248787 0.232776 109 145 0
0.486446 -0.253604 0.232689 109 145 0
0.487147 -0.248608 0.233047 109 145 0
0.488057 -0.243601 0.233166 109 145 0
0.488763 -0.238554 0.233265 109 145 0
0.489677 -0.233549 0.233568 109 145 0
0.490336 -0.228508 0.233935 110 144 0
0.490641 -0.223446 0.234445 110 144 0
0.490973 -0.218479 0.235534 110 144 0
0.490964 -0.2135 0.236612 110 144 0
0.490253 -0.20296 0.238267 110 144 0
0.489917 -0.198249 0.239158 110 144 0
0.489788 -0.193522 0.240022 110 144 0
0.489657 -0.188753 0.240614 110 144 0
0.489556 -0.183956 0.240849 110 144 0
0.489666 -0.179153 0.240848 110 144 0
0.490011 -0.174361 0.240706 110 144 0
0.490473 -0.16958 0.240501 110 144 0
0.490931 -0.164802 0.240228 110 144 0
0.49138 -0.160028 0.239884 110 144 0
0.491854 -0.155259 0.2395 110 144 0
0.492301 -0.150511 0.238926 110 144 0
0.493055 -0.145844 0.238063 110 144 0
0.49367 -0.141091 0.237875 110 144 0
0.493408 -0.133586 0.238461 110 144 0
0.493207 -0.128447 0.238839 110 144 0
0.493117 -0.12331 0.239258 110 144 0
0.492969 -0.118179 0.239737 110 144 0
0.492741 -0.113049 0.240206 110 144 0
0.492649 -0.107927 0.24078 110 144 0
0.492591 -0.102811 0.241422 110 144 0
0.49246 -0.0977053 0.242133 110 144 0
0.492335 -0.092613 0.242929 110 144 0
0.492198 -0.0875177 0.243643 110 144 0
0.491954 -0.0825555 0.244537 110 144 0
0.491698 -0.0777182 0.245065 110 144 0
0.491515 -0.0728637 0.245466 110 144 0
0.49142 -0.0679962 0.245651 110 144 0
0.49145 -0.063125 0.245581 110 144 0
0.491587 -0.0582598 0.245324 110 144 0
0.491753 -0.053399 0.244998 110 144 0
0.491893 -0.0485352 0.244711 110 144 0
0.492002 -0.0436659 0.24452 110 144 0
0.492077 -0.0387933 0.244406 110 144 0
0.492086 -0.0339195 0.244368 110 144 0
0.492165 -0.0235676 0.244179 110 144 0
0.492128 -0.0187166 0.244233 110 144 0
0.492061 -0.0138672 0.244362 110 144 0
0.491999 -0.00901733 0.244475 110 144 0
0.491958 -0.00416657 0.244555 110 144 0
0.491935 0.000684759 0.2446 110 144 0
0.491924 0.00553633 0.244618 110 144 0
0.491922 0.010388 0.244621 110 144 0
0.491939 0.0152394 0.244599 111 143 0
0.492011 0.0200893 0.244514 111 143 0
0.492168 0.0249352 0.244342 111 143 0
0.492355 0.0297779 0.244116 111 143 0
0.492558 0.0346137 0.243799 111 143 0
0.492824 0.0394438 0.243433 111 143 0
0.493204 0.04485 0.24309 111 143 0
0.493443 0.0499565 0.24283 111 143 0
0.493731 0.0550605 0.242554 111 143 0
0.493868 0.0601721 0.242302 111 143 0
0.493986 0.0652851 0.242068 111 143 0
0.494094 0.0703981 0.241831 111 143 0
0.494241 0.0755081 0.241553 111 143 0
0.494364 0.0806192 0.241284 111 143 0
0.494444 0.0857353 0.241109 111 143 0
0.49451 0.0908529 0.240981 111 143 0
0.496059 0.09343 0.241941 111 143 0
0.499557 0.0967065 0.244409 111 143 0
0.502939 0.100253 0.246674 111 143 0
0.506344 0.103952 0.248627 111 143 0
0.50995 0.107676 0.250102 111 143 0
0.513899 0.111191 0.251172 111 143 0
0.517978 0.114625 0.252016 111 143 0
0.517439 0.11468 0.252857 111 143 0
0.574981 0.117841 0.279291 111 143 0
0.575357 0.117694 0.278376 111 143 0
0.576533 0.115085 0.278499 111 143 0
0.579269 0.111681 0.280531 111 143 0
0.581783 0.108091 0.282541 111 143 0
0.584349 0.104566 0.284601 111 143 0
0.586738 0.100898 0.286621 111 143 0
0.589271 0.0973295 0.288638 111 143 0
0.58946 0.0925501 0.290486 111 143 0
0.588983 0.088029 0.292303 111 143 0
0.588775 0.0834143 0.293951 111 143 0
0.588867 0.0787553 0.295465 111 143 0
0.589108 0.0740093 0.296646 111 143 0
0.589629 0.0692124 0.297419 111 143 0
0.590669 0.0644438 0.297792 111 143 0
0.591678 0.0596477 0.297635 111 143 0
0.592829 0.0548974 0.29734 111 143 0
0.593779 0.0442186 0.296529 111 143 0
0.593877 0.039338 0.296389 111 143 0
0.593945 0.0344561 0.29629 111 143 0
0.59395 0.0295735 0.296189 111 143 0
0.593781 0.0246971 0.296308 111 143 0
0.593455 0.019834 0.296598 111 143 0
0.593055 0.0149842 0.297005 112 142 0
0.59262 0.0101433 0.297481 112 142 0
0.592149 0.00530987 0.297996 112 142 0
0.59165 0.000478115 0.298499 112 142 0
0.591151 -0.00436005 0.298938 112 142 0
0.590619 -0.00918662 0.299436 112 142 0
0.589839 -0.0139536 0.300151 112 142 0
0.589477 -0.0187858 0.300721 112 142 0
0.58942 -0.0264595 0.300364 112 142 0
0.589445 -0.0316578 0.30016 112 142 0
0.58953 -0.0368546 0.29994 112 142 0
0.589605 -0.0420521 0.299743 112 142 0
0.589679 -0.0472522 0.299611 112 142 0
0.589782 -0.0524504 0.299441 112 142 0
0.589944 -0.0576461 0.299235 112 142 0
0.590111 -0.0628412 0.299017 112 142 0
0.590258 -0.0680371 0.298806 112 142 0
0.590472 -0.0732261 0.298511 112 142 0
0.590612 -0.0784364 0.298132 112 142 0
0.590939 -0.0833454 0.297782 112 142 0
0.591209 -0.088261 0.297479 112 142 0
0.591417 -0.0931712 0.297066 112 142 0
0.591663 -0.0980752 0.296601 112 142 0
0.591903 -0.102978 0.296118 112 142 0
0.59212 -0.10788 0.295615 112 142 0
0.592351 -0.112776 0.295072 112 142 0
0.59263 -0.117666 0.294486 112 142 0
0.593013 -0.122553 0.293946 112 142 0
0.593403 -0.127445 0.293444 112 142 0
0.593731 -0.137983 0.293007 112 142 0
0.593927 -0.143164 0.292767 112 142 0
0.593907 -0.148331 0.292336 112 142 0
0.593908 -0.153505 0.291935 112 142 0
0.593881 -0.158683 0.291573 112 142 0
0.593844 -0.163857 0.291177 112 142 0
0.593808 -0.169027 0.290713 112 142 0
0.593922 -0.174196 0.290267 112 142 0
0.593885 -0.179368 0.289835 112 142 0
0.593772 -0.184553 0.289642 112 142 0
0.593519 -0.189736 0.289606 112 142 0
0.593595 -0.194924 0.289484 112 142 0
0.593593 -0.200114 0.289479 112 142 0
0.592865 -0.208153 0.290826 112 142 0
0.592234 -0.213141 0.291962 112 142 0
0.591843 -0.218229 0.292717 112 142 0
0.59152 -0.223337 0.293343 112 142 0
0.591327 -0.228475 0.293739 113 141 0
0.59126 -0.233628 0.293899 113 141 0
0.591283 -0.238785 0.293845 113 141 0
0.591393 -0.243936 0.29362 113 141 0
0.591563 -0.249081 0.293294 113 141 0
0.591598 -0.254237 0.293155 113 141 0
0.591583 -0.248536 0.293452 113 141 0
0.591461 -0.243853 0.293615 113 141 0
0.591324 -0.239169 0.293793 113 141 0
0.59123 -0.234481 0.293916 113 141 0
0.591181 -0.229792 0.293996 113 141 0
0.59122 -0.225109 0.293875 113 141 0
0.591361 -0.220436 0.293503 113 141 0
0.591698 -0.21579 0.292994 113 141 0
0.593172 -0.20564 0.290537 113 141 0
0.593557 -0.200481 0.290238 113 141 0
0.593756 -0.195295 0.290212 113 141 0
0.59414 -0.19012 0.289975 113 141 0
0.594478 -0.184936 0.289933 113 141 0
0.594599 -0.179747 0.29012 113 141 0
0.594654 -0.174569 0.290537 113 141 0
0.594537 -0.169394 0.290983 113 141 0
0.594352 -0.164216 0.291361 113 141 0
0.594377 -0.159036 0.291751 113 141 0
0.594403 -0.153854 0.292112 113 141 0
0.594142 -0.148676 0.292446 113 141 0
0.593897 -0.143496 0.292752 113 141 0
0.593748 -0.135662 0.29299 113 141 0
0.593418 -0.130447 0.293418 113 141 0
0.593116 -0.125231 0.293838 113 141 0
0.59283 -0.120017 0.29429 113 141 0
0.592521 -0.114813 0.29484 113 141 0
0.592271 -0.10961 0.295424 113 141 0
0.592054 -0.104402 0.295977 113 141 0
0.591794 -0.0991914 0.296494 113 141 0
0.591559 -0.0939838 0.297046 113 141 0
0.591421 -0.0887656 0.297517 113 141 0
0.590857 -0.0839155 0.297763 113 141 0
0.590692 -0.0789721 0.298064 113 141 0
0.590446 -0.0740352 0.298415 113 141 0
0.590256 -0.0690934 0.298728 113 141 0
0.590102 -0.0641466 0.298977 113 141 0
0.589935 -0.0591987 0.299193 113 141 0
0.589775 -0.0542499 0.299394 113 141 0
0.58966 -0.0492983 0.29955 113 141 0
0.589594 -0.0443448 0.299666 113 141 0
0.589573 -0.0393912 0.299796 113 141 0
0.58951 -0.0344385 0.299946 114 140 0
0.589401 -0.0236681 0.300548 114 140 0
0.589552 -0.0188527 0.300369 114 140 0
0.590129 -0.0140969 0.299816 114 140 0
0.590643 -0.00931927 0.299387 114 140 0
0.591117 -0.00453492 0.298963 114 140 0
0.591608 0.000246757 0.298529 114 140 0
0.592102 0.00502289 0.298042 114 140 0
0.592579 0.00979761 0.297523 114 140 0
0.59302 0.0145797 0.297043 114 140 0
0.593456 0.0193695 0.296651 114 140 0
0.593884 0.024169 0.296401 114 140 0
0.594093 0.028987 0.296212 114 140 0
0.594147 0.0338118 0.296171 114 140 0
0.594103 0.0386367 0.296282 114 140 0
0.593852 0.0441302 0.296059 114 140 0
0.592815 0.0492431 0.296376 114 140 0
0.592091 0.0544139 0.296818 114 140 0
0.591025 0.059531 0.297198 114 140 0
0.590013 0.0646635 0.297426 114 140 0
0.589576 0.0698787 0.2974 114 140 0
0.589132 0.0750312 0.29657 114 140 0
0.589028 0.0800922 0.295226 114 140 0
0.589461 0.0850814 0.293681 114 140 0
0.589712 0.0899306 0.291724 114 140 0
0.588792 0.0916765 0.290414 114 140 0
0.587067 0.0956962 0.28837 114 140 0
0.584955 0.0995102 0.286272 114 140 0
0.582704 0.103296 0.284268 114 140 0
0.580488 0.107108 0.282275 114 140 0
0.578414 0.111033 0.280352 114 140 0
0.576533 0.115085 0.278499 114 140 0
0.576159 0.115218 0.279417 114 140 0
0.519696 0.116566 0.25326 114 140 0
0.520232 0.116516 0.252417 114 140 0
0.520232 0.116516 0.252417 114 140 0
0.519741 0.113621 0.25326 114 140 0
0.519113 0.109361 0.254397 114 140 0
0.518526 0.105074 0.25545 114 140 0
0.518115 0.100705 0.256213 114 140 0
0.517735 0.0963225 0.256906 114 140 0
0.517693 0.0913115 0.256942 114 140 0
0.517986 0.0861358 0.256434 114 140 0
0.517821 0.0809602 0.255862 114 140 0
0.517667 0.075788 0.255257 114 140 0
0.517426 0.070602 0.254822 114 140 0
0.517084 0.0654115 0.254535 114 140 0
0.516597 0.0602247 0.25451 115 139 0
0.516444 0.0550249 0.254791 115 139 0
0.515982 0.044556 0.255636 115 139 0
0.515793 0.0397415 0.255981 115 139 0
0.515588 0.0349298 0.256353 115 139 0
0.515378 0.0301187 0.256732 115 139 0
0.515169 0.025308 0.257115 115 139 0
0.514955 0.0204976 0.2575 115 139 0
0.51476 0.0156842 0.257855 115 139 0
0.514602 0.0108653 0.258146 115 139 0
0.514488 0.00604076 0.25835 115 139 0
0.514414 0.00121273 0.258483 115 139 0
0.514357 -0.00361634 0.258587 115 139 0
0.514301 -0.00844535 0.258692 115 139 0
0.51426 -0.0132749 0.258767 115 139 0
0.514327 -0.0181019 0.25865 115 139 0
0.514471 -0.0258255 0.258385 115 139 0
0.514489 -0.0310663 0.258343 115 139 0
0.514482 -0.0363074 0.258353 115 139 0
0.51447 -0.0415486 0.258375 115 139 0
0.514487 -0.0467894 0.258342 115 139 0
0.514522 -0.0520301 0.258278 115 139 0
0.514505 -0.0572705 0.258314 115 139 0
0.514422 -0.0625085 0.258469 115 139 0
0.514344 -0.0677467 0.258618 115 139 0
0.514261 -0.072984 0.258777 115 139 0
0.514045 -0.0783366 0.259184 115 139 0
0.514194 -0.0831272 0.258908 115 139 0
0.514115 -0.0878921 0.258302 115 139 0
0.514228 -0.092579 0.257271 115 139 0
0.514512 -0.097191 0.255959 115 139 0
0.51485 -0.101778 0.254568 115 139 0
0.51516 -0.106376 0.253205 115 139 0
0.515506 -0.111012 0.252011 115 139 0
0.515991 -0.11571 0.251132 115 139 0
0.516331 -0.120461 0.250495 115 139 0
0.516552 -0.125241 0.250058 115 139 0
0.516672 -0.135776 0.249873 115 139 0
0.516827 -0.140691 0.249615 115 139 0
0.517 -0.145601 0.249289 115 139 0
0.517067 -0.150522 0.249162 115 139 0
0.517007 -0.155442 0.2493 115 139 0
0.516759 -0.160333 0.249773 115 139 0
0.516315 -0.165165 0.250584 115 139 0
0.515766 -0.169954 0.251588 115 139 0
0.51519 -0.174727 0.252649 115 139 0
0.514676 -0.179531 0.253583 116 138 0
0.514273 -0.184385 0.254308 116 138 0
0.513812 -0.189195 0.255161 116 138 0
0.512958 -0.193784 0.256727 116 138 0
0.512335 -0.198524 0.25782 116 138 0
0.513674 -0.206321 0.255372 116 138 0
0.51466 -0.21114 0.253568 116 138 0
0.515374 -0.216167 0.252253 116 138 0
0.515872 -0.221258 0.251151 116 138 0
0.515992 -0.226456 0.250504 116 138 0
0.515865 -0.231689 0.250303 116 138 0
0.515552 -0.236922 0.250443 116 138 0
0.515143 -0.242141 0.250753 116 138 0
0.51457 -0.247329 0.251237 116 138 0
0.51397 -0.2525 0.251822 116 138 0
0.51408 -0.247082 0.251605 116 138 0
0.514742 -0.242484 0.250795 116 138 0
0.515358 -0.237833 0.250284 116 138 0
0.515875 -0.233159 0.249866 116 138 0
0.516218 -0.22846 0.249756 116 138 0
0.516297 -0.223767 0.250118 116 138 0
0.516102 -0.219119 0.250923 116 138 0
0.515553 -0.214546 0.251908 116 138 0
0.513145 -0.203768 0.256344 116 138 0
0.512986 -0.198949 0.256637 116 138 0
0.513637 -0.19426 0.255479 116 138 0
0.513953 -0.189443 0.254903 116 138 0
0.51427 -0.184606 0.25432 116 138 0
0.514672 -0.179798 0.253573 116 138 0
0.515186 -0.175038 0.252624 116 138 0
0.515757 -0.170304 0.251572 116 138 0
0.516301 -0.165554 0.250577 116 138 0
0.516743 -0.160762 0.24977 116 138 0
0.516992 -0.155912 0.249295 116 138 0
0.517062 -0.151033 0.249135 116 138 0
0.516957 -0.146156 0.249316 116 138 0
0.516773 -0.14129 0.249679 116 138 0
0.51668 -0.133638 0.249847 116 138 0
0.516546 -0.12851 0.250108 116 138 0
0.516742 -0.123414 0.250702 116 138 0
0.516701 -0.11833 0.251416 116 138 0
0.516521 -0.113294 0.252401 116 138 0
0.516238 -0.108299 0.253563 116 138 0
0.515911 -0.103326 0.254808 116 138 0
0.515586 -0.0983522 0.25605 116 138 0
0.515042 -0.0934236 0.257365 116 138 0
0.51434 -0.0885037 0.258654 116 138 0
0.514028 -0.0812696 0.259199 117 137 0
0.51422 -0.0762335 0.25885 117 137 0
0.514287 -0.0711835 0.258728 117 137 0
0.514352 -0.0661333 0.258611 117 137 0
0.514444 -0.0610849 0.258437 117 137 0
0.514519 -0.0560355 0.258295 117 137 0
0.514527 -0.0509841 0.258277 117 137 0
0.514486 -0.0459326 0.258353 117 137 0
0.51446 -0.0408808 0.258402 117 137 0
0.514437 -0.035829 0.258439 117 137 0
0.514459 -0.0255228 0.258416 117 137 0
0.51431 -0.0205187 0.258694 117 137 0
0.514278 -0.0155054 0.25875 117 137 0
0.514311 -0.0104914 0.258739 117 137 0
0.514356 -0.0054781 0.258657 117 137 0
0.514399 -0.000464802 0.258577 117 137 0
0.514469 0.00454729 0.258454 117 137 0
0.514553 0.0095564 0.258246 117 137 0
0.514714 0.0145591 0.257948 117 137 0
0.514914 0.0195557 0.25758 117 137 0
0.515135 0.0245493 0.257184 117 137 0
0.515353 0.0295426 0.256783 117 137 0
0.515578 0.0345351 0.256376 117 137 0
0.51577 0.0395328 0.25602 117 137 0
0.516027 0.0449124 0.255545 117 137 0
0.516217 0.0497212 0.255204 117 137 0
0.516704 0.054515 0.255008 117 137 0
0.517217 0.0593108 0.2549 117 137 0
0.517643 0.0641156 0.254922 117 137 0
0.517966 0.0689239 0.25511 117 137 0
0.518205 0.0737282 0.25547 117 137 0
0.51829 0.0785284 0.255908 117 137 0
0.518085 0.0833335 0.256283 117 137 0
0.517777 0.0881149 0.256846 117 137 0
0.517673 0.0903963 0.257047 117 137 0
0.517811 0.0951307 0.25678 117 137 0
0.518034 0.0998493 0.256362 117 137 0
0.518473 0.104503 0.25555 117 137 0
0.519074 0.109082 0.254466 117 137 0
0.519741 0.113621 0.25326 117 137 0
0.51921 0.11368 0.254105 117 137 0
0.574981 0.117841 0.279291 117 137 0
0.575357 0.117694 0.278376 117 137 0
0.575489 0.114408 0.278174 117 137 0
0.574801 0.10982 0.279097 117 137 0
0.574261 0.105243 0.280168 117 137 0
0.573077 0.100773 0.281186 117 137 0
0.572113 0.0962929 0.282361 118 136 0
0.571269 0.0910663 0.284078 118 136 0
0.57062 0.0859453 0.285316 118 136 0
0.570229 0.080712 0.286167 118 136 0
0.57013 0.0754128 0.28656 118 136 0
0.570185 0.0701005 0.286407 118 136 0
0.570453 0.0648261 0.285795 118 136 0
0.570791 0.0595727 0.285052 118 136 0
0.57114 0.054333 0.284223 118 136 0
0.57095 0.0432692 0.284028 118 136 0
0.570915 0.0384093 0.284061 118 136 0
0.570813 0.0335688 0.284457 118 136 0
0.570462 0.0287362 0.284823 118 136 0
0.570188 0.0239043 0.285261 118 136 0
0.569834 0.0190758 0.285676 118 136 0
0.569398 0.0142506 0.286063 118 136 0
0.568975 0.00942718 0.286481 118 136 0
0.568558 0.00460422 0.286912 118 136 0
0.56812 -0.000220021 0.287307 118 136 0
0.567695 -0.00504938 0.287647 118 136 0
0.567249 -0.0098831 0.287882 118 136 0
0.566918 -0.014721 0.288083 118 136 0
0.566602 -0.0195623 0.288108 118 136 0
0.566619 -0.0275186 0.287828 118 136 0
0.566917 -0.0325122 0.287398 118 136 0
0.567067 -0.0375259 0.287179 118 136 0
0.56718 -0.0425426 0.287009 118 136 0
0.567169 -0.0475542 0.286748 118 136 0
0.567059 -0.0525606 0.286382 118 136 0
0.56691 -0.057569 0.286068 118 136 0
0.566685 -0.06258 0.285855 118 136 0
0.566384 -0.0675869 0.285644 118 136 0
0.565928 -0.0725519 0.285076 118 136 0
0.56601 -0.0802547 0.284973 118 136 0
0.566262 -0.0853081 0.28459 118 136 0
0.5666 -0.0903462 0.284085 118 136 0
0.566957 -0.0953804 0.283558 118 136 0
0.567465 -0.100398 0.283002 118 136 0
0.568063 -0.105412 0.282487 118 136 0
0.568653 -0.110427 0.281984 118 136 0
0.569226 -0.115447 0.28151 118 136 0
0.569826 -0.120466 0.281058 118 136 0
0.570503 -0.125493 0.280916 118 136 0
0.570814 -0.135787 0.280467 118 136 0
0.571055 -0.140792 0.280118 118 136 0
0.571348 -0.145788 0.279685 118 136 0
0.571431 -0.150781 0.279141 118 136 0
0.571482 -0.15578 0.278646 119 135 0
0.571492 -0.160779 0.278151 119 135 0
0.571506 -0.165782 0.277691 119 135 0
0.571479 -0.17079 0.27729 119 135 0
0.571339 -0.175803 0.277016 119 135 0
0.571062 -0.180818 0.27709 119 135 0
0.570606 -0.185805 0.277494 119 135 0
0.569986 -0.190749 0.278127 119 135 0
0.569617 -0.195715 0.278773 119 135 0
0.569099 -0.200614 0.279755 119 135 0
0.567772 -0.208593 0.282247 119 135 0
0.56777 -0.213711 0.282284 119 135 0
0.56791 -0.218832 0.282126 119 135 0
0.567982 -0.223963 0.282036 119 135 0
0.568199 -0.229084 0.281719 119 135 0
0.568451 -0.234202 0.281367 119 135 0
0.568653 -0.239327 0.281098 119 135 0
0.568754 -0.244459 0.280966 119 135 0
0.568749 -0.249595 0.280976 119 135 0
0.568515 -0.254712 0.281338 119 135 0
0.568628 -0.249112 0.281119 119 135 0
0.568831 -0.244444 0.280818 119 135 0
0.568862 -0.239759 0.280786 119 135 0
0.56875 -0.23508 0.280951 119 135 0
0.56844 -0.230427 0.281378 119 135 0
0.568039 -0.225792 0.281939 119 135 0
0.567629 -0.221164 0.282538 119 135 0
0.567063 -0.21658 0.283329 119 135 0
0.568251 -0.205865 0.281213 119 135 0
0.56894 -0.201224 0.279988 119 135 0
0.569401 -0.196471 0.279129 119 135 0
0.569837 -0.191695 0.278382 119 135 0
0.570371 -0.186915 0.277748 119 135 0
0.570842 -0.182106 0.277312 119 135 0
0.571163 -0.17727 0.277119 119 135 0
0.571347 -0.172425 0.277224 119 135 0
0.571419 -0.167584 0.27755 119 135 0
0.571419 -0.162746 0.277943 119 135 0
0.571408 -0.157912 0.278369 119 135 0
0.571405 -0.153082 0.278841 119 135 0
0.571445 -0.148283 0.279553 119 135 0
0.571146 -0.143459 0.279989 119 135 0
0.570842 -0.135611 0.280421 119 135 0
0.570652 -0.130813 0.280711 119 135 0
0.570451 -0.126015 0.281003 119 135 0
0.570224 -0.121222 0.281335 119 135 0
0.569892 -0.116442 0.28175 120 134 0
0.569361 -0.111682 0.282194 120 134 0
0.568819 -0.106926 0.282674 120 134 0
0.568272 -0.102171 0.283151 120 134 0
0.567719 -0.0974161 0.283625 120 134 0
0.56706 -0.0926815 0.284157 120 134 0
0.566254 -0.0879599 0.284595 120 134 0
0.565983 -0.0829002 0.285001 120 134 0
0.565995 -0.0781057 0.28499 120 134 0
0.566186 -0.0733272 0.285312 120 134 0
0.566439 -0.0685502 0.285639 120 134 0
0.566723 -0.0637711 0.285903 120 134 0
0.567018 -0.0589919 0.286155 120 134 0
0.567297 -0.0542134 0.286437 120 134 0
0.567411 -0.0494297 0.286676 120 134 0
0.567306 -0.0446383 0.286827 120 134 0
0.56718 -0.0398485 0.287009 120 134 0
0.566923 -0.0350758 0.287367 120 134 0
0.566645 -0.0244146 0.288036 120 134 0
0.566643 -0.0195524 0.287993 120 134 0
0.566875 -0.0147017 0.287888 120 134 0
0.567223 -0.00985226 0.28783 120 134 0
0.567626 -0.00501104 0.287631 120 134 0
0.568051 -0.00017841 0.287303 120 134 0
0.568506 0.00464516 0.286889 120 134 0
0.568939 0.0094679 0.286444 120 134 0
0.569353 0.0142948 0.286026 120 134 0
0.569782 0.0191235 0.285643 120 134 0
0.570209 0.0239526 0.285265 120 134 0
0.570631 0.0287773 0.284844 120 134 0
0.570875 0.0335967 0.284255 120 134 0
0.570914 0.0384524 0.284044 120 134 0
0.570971 0.0432497 0.283979 120 134 0
0.570893 0.0483406 0.284043 120 134 0
0.570874 0.0534287 0.284305 120 134 0
0.570742 0.0584993 0.284781 120 134 0
0.570428 0.0635346 0.285491 120 134 0
0.570142 0.0685803 0.286139 120 134 0
0.570066 0.0736536 0.286597 120 134 0
0.570053 0.0787435 0.286379 120 134 0
0.570303 0.083795 0.285765 120 134 0
0.570759 0.0887603 0.284773 120 134 0
0.571287 0.0924738 0.283523 120 134 0
0.572171 0.0968092 0.282251 120 134 0
0.573076 0.101148 0.28101 120 134 0
0.574277 0.105494 0.280081 120 134 0
0.574826 0.109944 0.279062 120 134 0
0.575489 0.114408 0.278174 121 133 0
0.57512 0.11454 0.279093 121 133 0
0.519696 0.116566 0.25326 121 133 0
0.520232 0.116516 0.252417 121 133 0
0.517978 0.114625 0.252016 121 133 0
0.514077 0.111759 0.251018 121 133 0
0.510255 0.108823 0.249932 121 133 0
0.506432 0.106042 0.248491 121 133 0
0.50279 0.103364 0.246498 121 133 0
0.499366 0.100542 0.244325 121 133 0
0.495993 0.0977484 0.242036 121 133 0
0.496348 0.0921669 0.242184 121 133 0
0.495932 0.0868843 0.242025 121 133 0
0.495491 0.0815843 0.241898 121 133 0
0.494995 0.0762878 0.241937 121 133 0
0.494496 0.0709916 0.241993 121 133 0
0.494006 0.0656948 0.242013 121 133 0
0.493887 0.0603824 0.242269 121 133 0
0.493785 0.0550683 0.242471 121 133 0
0.493137 0.0447152 0.243126 121 133 0
0.492842 0.0395267 0.243429 121 133 0
0.49257 0.0343455 0.243855 121 133 0
0.492339 0.0291527 0.24414 121 133 0
0.492128 0.0239571 0.244389 121 133 0
0.491971 0.0187563 0.244556 121 133 0
0.491918 0.0135514 0.244628 121 133 0
0.491914 0.00834559 0.244631 121 133 0
0.49192 0.00313978 0.244622 121 133 0
0.491949 -0.00206572 0.244573 121 133 0
0.491988 -0.00727083 0.244496 121 133 0
0.492098 -0.0124707 0.244276 121 133 0
0.492164 -0.0176736 0.244117 121 133 0
0.492183 -0.0253002 0.244185 121 133 0
0.492153 -0.0305451 0.244219 121 133 0
0.492078 -0.0357882 0.244334 121 133 0
0.491981 -0.0410289 0.244528 121 133 0
0.491875 -0.0462688 0.244739 121 133 0
0.491757 -0.0515082 0.244954 121 133 0
0.491641 -0.0567467 0.245193 121 133 0
0.49155 -0.0619875 0.245375 121 133 0
0.491446 -0.0672264 0.245582 121 133 0
0.491374 -0.0724681 0.24573 121 133 0
0.491592 -0.0778373 0.245413 121 133 0
0.491805 -0.0825192 0.244455 121 133 0
0.491895 -0.087235 0.243633 121 133 0
0.49203 -0.0919498 0.242809 121 133 0
0.492156 -0.096669 0.242009 121 133 0
0.492236 -0.101402 0.241294 122 132 0
0.492343 -0.106154 0.240721 122 132 0
0.492554 -0.110915 0.240261 122 132 0
0.492767 -0.115676 0.239798 122 132 0
0.492943 -0.120444 0.239389 122 132 0
0.493086 -0.125221 0.239103 122 132 0
0.49349 -0.135586 0.238276 122 132 0
0.493585 -0.140393 0.238068 122 132 0
0.493126 -0.145144 0.23861 122 132 0
0.492689 -0.149916 0.239068 122 132 0
0.492288 -0.154693 0.239545 122 132 0
0.491881 -0.159467 0.240046 122 132 0
0.491488 -0.16424 0.240563 122 132 0
0.491106 -0.169019 0.24104 122 132 0
0.490759 -0.173807 0.241431 122 132 0
0.490468 -0.178606 0.241721 122 132 0
0.490242 -0.183415 0.241817 122 132 0
0.49015 -0.188228 0.241674 122 132 0
0.490366 -0.193026 0.24137 122 132 0
0.490701 -0.197778 0.24066 122 132 0
0.49103 -0.205845 0.238714 122 132 0
0.491056 -0.210542 0.23748 122 132 0
0.490786 -0.215255 0.236344 122 132 0
0.490516 -0.220012 0.235402 122 132 0
0.49005 -0.224776 0.234568 122 132 0
0.489498 -0.229555 0.233884 122 132 0
0.48893 -0.234359 0.233428 122 132 0
0.488462 -0.239186 0.233139 122 132 0
0.487734 -0.243981 0.232857 122 132 0
0.487046 -0.248787 0.232776 122 132 0
0.486446 -0.253604 0.232689 122 132 0
0.487147 -0.248608 0.233047 122 132 0
0.488057 -0.243601 0.233166 122 132 0
0.488763 -0.238554 0.233265 122 132 0
0.489677 -0.233549 0.233568 122 132 0
0.490336 -0.228508 0.233935 122 132 0
0.490641 -0.223446 0.234445 122 132 0
0.490973 -0.218479 0.235534 122 132 0
0.490964 -0.2135 0.236612 122 132 0
0.490253 -0.20296 0.238267 122 132 0
0.489917 -0.198249 0.239158 122 132 0
0.489788 -0.193522 0.240022 122 132 0
0.489657 -0.188753 0.240614 122 132 0
0.489556 -0.183956 0.240849 122 132 0
0.489666 -0.179153 0.240848 122 132 0
0.490011 -0.174361 0.240706 122 132 0
0.490473 -0.16958 0.240501 122 132 0
0.490931 -0.164802 0.240228 123 131 0
0.49138 -0.160028 0.239884 123 131 0
0.491854 -0.155259 0.2395 123 131 0
0.492301 -0.150511 0.238926 123 131 0
0.493055 -0.145844 0.238063 123 131 0
0.49367 -0.141091 0.237875 123 131 0
0.493408 -0.133586 0.238461 123 131 0
0.493207 -0.128447 0.238839 123 131 0
0.493117 -0.12331 0.239258 123 131 0
0.492969 -0.118179 0.239737 123 131 0
0.492741 -0.113049 0.240206 123 131 0
0.492649 -0.107927 0.24078 123 131 0
0.492591 -0.102811 0.241422 123 131 0
0.49246 -0.0977053 0.242133 123 131 0
0.492335 -0.092613 0.242929 123 131 0
0.492198 -0.0875177 0.243643 123 131 0
0.491954 -0.0825555 0.244537 123 131 0
0.491698 -0.0777182 0.245065 123 131 0
0.491515 -0.0728637 0.245466 123 131 0
0.49142 -0.0679962 0.245651 123 131 0
0.49145 -0.063125 0.245581 123 131 0
0.491587 -0.0582598 0.245324 123 131 0
0.491753 -0.053399 0.244998 123 131 0
0.491893 -0.0485352 0.244711 123 131 0
0.492002 -0.0436659 0.24452 123 131 0
0.492077 -0.0387933 0.244406 123 131 0
0.492086 -0.0339195 0.244368 123 131 0
0.492165 -0.0235676 0.244179 123 131 0
0.492128 -0.0187166 0.244233 123 131 0
0.492061 -0.0138672 0.244362 123 131 0
0.491999 -0.00901733 0.244475 123 131 0
0.491958 -0.00416657 0.244555 123 131 0
0.491935 0.000684759 0.2446 123 131 0
0.491924 0.00553633 0.244618 123 131 0
0.491922 0.010388 0.244621 123 131 0
0.491939 0.0152394 0.244599 123 131 0
0.492011 0.0200893 0.244514 123 131 0
0.492168 0.0249352 0.244342 123 131 0
0.492355 0.0297779 0.244116 123 131 0
0.492558 0.0346137 0.243799 123 131 0
0.492824 0.0394438 0.243433 123 131 0
0.493204 0.04485 0.24309 123 131 0
0.493443 0.0499565 0.24283 123 131 0
0.493731 0.0550605 0.242554 123 131 0
0.493868 0.0601721 0.242302 123 131 0
0.493986 0.0652851 0.242068 123 131 0
0.494094 0.0703981 0.241831 124 130 0
0.494241 0.0755081 0.241553 124 130 0
0.494364 0.0806192 0.241284 124 130 0
0.494444 0.0857353 0.241109 124 130 0
0.49451 0.0908529 0.240981 124 130 0
0.496059 0.09343 0.241941 124 130 0
0.499557 0.0967065 0.244409 124 130 0
0.502939 0.100253 0.246674 124 130 0
0.506344 0.103952 0.248627 124 130 0
0.50995 0.107676 0.250102 124 130 0
0.513899 0.111191 0.251172 124 130 0
0.517978 0.114625 0.252016 124 130 0
0.517439 0.11468 0.252857 124 130 0
0.574981 0.117841 0.279291 124 130 0
0.575357 0.117694 0.278376 124 130 0
0.576533 0.115085 0.278499 124 130 0
0.579269 0.111681 0.280531 124 130 0
0.581783 0.108091 0.282541 124 130 0
0.584349 0.104566 0.284601 124 130 0
0.586738 0.100898 0.286621 124 130 0
0.589271 0.0973295 0.288638 124 130 0
0.58946 0.0925501 0.290486 124 130 0
0.588983 0.088029 0.292303 124 130 0
0.588775 0.0834143 0.293951 124 130 0
0.588867 0.0787553 0.295465 124 130 0
0.589108 0.0740093 0.296646 124 130 0
0.589629 0.0692124 0.297419 124 130 0
0.590669 0.0644438 0.297792 124 130 0
0.591678 0.0596477 0.297635 124 130 0
0.592829 0.0548974 0.29734 124 130 0
0.593779 0.0442186 0.296529 124 130 0
0.593877 0.039338 0.296389 124 130 0
0.593945 0.0344561 0.29629 124 130 0
0.59395 0.0295735 0.296189 124 130 0
0.593781 0.0246971 0.296308 124 130 0
0.593455 0.019834 0.296598 124 130 0
0.593055 0.0149842 0.297005 124 130 0
0.59262 0.0101433 0.297481 124 130 0
0.592149 0.00530987 0.297996 124 130 0
0.59165 0.000478115 0.298499 124 130 0
0.591151 -0.00436005 0.298938 124 130 0
0.590619 -0.00918662 0.299436 124 130 0
0.589839 -0.0139536 0.300151 124 130 0
0.589477 -0.0187858 0.300721 124 130 0
0.58942 -0.0264595 0.300364 124 130 0
0.589445 -0.0316578 0.30016 124 130 0
0.58953 -0.0368546 0.29994 124 130 0
0.589605 -0.0420521 0.299743 125 129 0
0.589679 -0.0472522 0.299611 125 129 0
0.589782 -0.0524504 0.299441 125 129 0
0.589944 -0.0576461 0.299235 125 129 0
0.590111 -0.0628412 0.299017 125 129 0
0.590258 -0.0680371 0.298806 125 129 0
0.590472 -0.0732261 0.298511 125 129 0
0.590612 -0.0784364 0.298132 125 129 0
0.590939 -0.0833454 0.297782 125 129 0
0.591209 -0.088261 0.297479 125 129 0
0.591417 -0.0931712 0.297066 125 129 0
0.591663 -0.0980752 0.296601 125 129 0
0.591903 -0.102978 0.296118 125 129 0
0.59212 -0.10788 0.295615 125 129 0
0.592351 -0.112776 0.295072 125 129 0
0.59263 -0.117666 0.294486 125 129 0
0.593013 -0.122553 0.293946 125 129 0
0.593403 -0.127445 0.293444 125 129 0
0.593731 -0.137983 0.293007 125 129 0
0.593927 -0.143164 0.292767 125 129 0
0.593907 -0.148331 0.292336 125 129 0
0.593908 -0.153505 0.291935 125 129 0
0.593881 -0.158683 0.291573 125 129 0
0.593844 -0.163857 0.291177 125 129 0
0.593808 -0.169027 0.290713 125 129 0
0.593922 -0.174196 0.290267 125 129 0
0.593885 -0.179368 0.289835 125 129 0
0.593772 -0.184553 0.289642 125 129 0
0.593519 -0.189736 0.289606 125 129 0
0.593595 -0.194924 0.289484 125 129 0
0.593593 -0.200114 0.289479 125 129 0
0.592865 -0.208153 0.290826 125 129 0
0.592234 -0.213141 0.291962 125 129 0
0.591843 -0.218229 0.292717 125 129 0
0.59152 -0.223337 0.293343 125 129 0
0.591327 -0.228475 0.293739 125 129 0
0.59126 -0.233628 0.293899 125 129 0
0.591283 -0.238785 0.293845 125 129 0
0.591393 -0.243936 0.29362 125 129 0
0.591563 -0.249081 0.293294 125 129 0
0.591598 -0.254237 0.293155 125 129 0
0.591583 -0.248536 0.293452 125 129 0
0.591461 -0.243853 0.293615 125 129 0
0.591324 -0.239169 0.293793 125 129 0
0.59123 -0.234481 0.293916 125 129 0
0.591181 -0.229792 0.293996 125 129 0
0.59122 -0.225109 0.293875 125 129 0
0.591361 -0.220436 0.293503 126 128 0
0.591698 -0.21579 0.292994 126 128 0
0.593172 -0.20564 0.290537 126 128 0
0.593557 -0.200481 0.290238 126 128 0
0.593756 -0.195295 0.290212 126 128 0
0.59414 -0.19012 0.289975 126 128 0
0.594478 -0.184936 0.289933 126 128 0
0.594599 -0.179747 0.29012 126 128 0
0.594654 -0.174569 0.290537 126 128 0
0.594537 -0.169394 0.290983 126 128 0
0.594352 -0.164216 0.291361 126 128 0
0.594377 -0.159036 0.291751 126 128 0
0.594403 -0.153854 0.292112 126 128 0
0.594142 -0.148676 0.292446 126 128 0
0.593897 -0.143496 0.292752 126 128 0
0.593748 -0.135662 0.29299 126 128 0
0.593418 -0.130447 0.293418 126 128 0
0.593116 -0.125231 0.293838 126 128 0
0.59283 -0.120017 0.29429 126 128 0
0.592521 -0.114813 0.29484 126 128 0
0.592271 -0.10961 0.295424 126 128 0
0.592054 -0.104402 0.295977 126 128 0
0.591794 -0.0991914 0.296494 126 128 0
0.591559 -0.0939838 0.297046 126 128 0
0.591421 -0.0887656 0.297517 126 128 0
0.590857 -0.0839155 0.297763 126 128 0
0.590692 -0.0789721 0.298064 126 128 0
0.590446 -0.0740352 0.298415 126 128 0
0.590256 -0.0690934 0.298728 126 128 0
0.590102 -0.0641466 0.298977 126 128 0
0.589935 -0.0591987 0.299193 126 128 0
0.589775 -0.0542499 0.299394 126 128 0
0.58966 -0.0492983 0.29955 126 128 0
0.589594 -0.0443448 0.299666 126 128 0
0.589573 -0.0393912 0.299796 126 128 0
0.58951 -0.0344385 0.299946 126 128 0
0.589401 -0.0236681 0.300548 126 128 0
0.589552 -0.0188527 0.300369 126 128 0
0.590129 -0.0140969 0.299816 126 128 0
0.590643 -0.00931927 0.299387 126 128 0
0.591117 -0.00453492 0.298963 126 128 0
0.591608 0.000246757 0.298529 126 128 0
0.592102 0.00502289 0.298042 126 128 0
0.592579 0.00979761 0.297523 126 128 0
0.59302 0.0145797 0.297043 126 128 0
0.593456 0.0193695 0.296651 126 128 0
0.593884 0.024169 0.296401 126 128 0
0.594093 0.028987 0.296212 127 127 0
0.594147 0.0338118 0.296171 127 127 0
0.594103 0.0386367 0.296282 127 127 0
0.593852 0.0441302 0.296059 127 127 0
0.592815 0.0492431 0.296376 127 127 0
0.592091 0.0544139 0.296818 127 127 0
0.591025 0.059531 0.297198 127 127 0
0.590013 0.0646635 0.297426 127 127 0
0.589576 0.0698787 0.2974 127 127 0
0.589132 0.0750312 0.29657 127 127 0
0.589028 0.0800922 0.295226 127 127 0
0.589461 0.0850814 0.293681 127 127 0
0.589712 0.0899306 0.291724 127 127 0
0.588792 0.0916765 0.290414 127 127 0
0.587067 0.0956962 0.28837 127 127 0
0.584955 0.0995102 0.286272 127 127 0
0.582704 0.103296 0.284268 127 127 0
0.580488 0.107108 0.282275 127 127 0
0.578414 0.111033 0.280352 127 127 0
0.576533 0.115085 0.278499 127 127 0
0.576159 0.115218 0.279417 127 127 0
0.519696 0.116566 0.25326 127 127 0
0.520232 0.116516 0.252417 127 127 0
0.520232 0.116516 0.252417 127 127 0
0.519741 0.113621 0.25326 127 127 0
0.519113 0.109361 0.254397 127 127 0
0.518526 0.105074 0.25545 127 127 0
0.518115 0.100705 0.256213 127 127 0
0.517735 0.0963225 0.256906 127 127 0
0.517693 0.0913115 0.256942 127 127 0
0.517986 0.0861358 0.256434 127 127 0
0.517821 0.0809602 0.255862 127 127 0
0.517667 0.075788 0.255257 127 127 0
0.517426 0.070602 0.254822 127 127 0
0.517084 0.0654115 0.254535 127 127 0
0.516597 0.0602247 0.25451 127 127 0
0.516444 0.0550249 0.254791 127 127 0
0.515982 0.044556 0.255636 127 127 0
0.515793 0.0397415 0.255981 127 127 0
0.515588 0.0349298 0.256353 127 127 0
0.515378 0.0301187 0.256732 127 127 0
0.515169 0.025308 0.257115 127 127 0
0.514955 0.0204976 0.2575 127 127 0
0.51476 0.0156842 0.257855 127 127 0
0.514602 0.0108653 0.258146 127 127 0
0.514488 0.00604076 0.25835 127 127 0
0.514414 0.00121273 0.258483 128 126 0
0.514357 -0.00361634 0.258587 128 126 0
0.514301 -0.00844535 0.258692 128 126 0
0.51426 -0.0132749 0.258767 128 126 0
0.514327 -0.0181019 0.25865 128 126 0
0.514471 -0.0258255 0.258385 128 126 0
0.514489 -0.0310663 0.258343 128 126 0
0.514482 -0.0363074 0.258353 128 126 0
0.51447 -0.0415486 0.258375 128 126 0
0.514487 -0.0467894 0.258342 128 126 0
0.514522 -0.0520301 0.258278 128 126 0
0.514505 -0.0572705 0.258314 128 126 0
0.514422 -0.0625085 0.258469 128 126 0
0.514344 -0.0677467 0.258618 128 126 0
0.514261 -0.072984 0.258777 128 126 0
0.514045 -0.0783366 0.259184 128 126 0
0.514194 -0.0831272 0.258908 128 126 0
0.514115 -0.0878921 0.258302 128 126 0
0.514228 -0.092579 0.257271 128 126 0
0.514512 -0.097191 0.255959 128 126 0
0.51485 -0.101778 0.254568 128 126 0
0.51516 -0.106376 0.253205 128 126 0
0.515506 -0.111012 0.252011 128 126 0
0.515991 -0.11571 0.251132 128 126 0
0.516331 -0.120461 0.250495 128 126 0
0.516552 -0.125241 0.250058 128 126 0
0.516672 -0.135776 0.249873 128 126 0
0.516827 -0.140691 0.249615 128 126 0
0.517 -0.145601 0.249289 128 126 0
0.517067 -0.150522 0.249162 128 126 0
0.517007 -0.155442 0.2493 128 126 0
0.516759 -0.160333 0.249773 128 126 0
0.516315 -0.165165 0.250584 128 126 0
0.515766 -0.169954 0.251588 128 126 0
0.51519 -0.174727 0.252649 128 126 0
0.514676 -0.179531 0.253583 128 126 0
0.514273 -0.184385 0.254308 128 126 0
0.513812 -0.189195 0.255161 128 126 0
0.512958 -0.193784 0.256727 128 126 0
0.512335 -0.198524 0.25782 128 126 0
0.513674 -0.206321 0.255372 128 126 0
0.51466 -0.21114 0.253568 128 126 0
0.515374 -0.216167 0.252253 128 126 0
0.515872 -0.221258 0.251151 128 126 0
0.515992 -0.226456 0.250504 128 126 0
0.515865 -0.231689 0.250303 128 126 0
0.515552 -0.236922 0.250443 128 126 0
0.515143 -0.242141 0.250753 129 125 0
0.51457 -0.247329 0.251237 129 125 0
0.51397 -0.2525 0.251822 129 125 0
0.51408 -0.247082 0.251605 129 125 0
0.514742 -0.242484 0.250795 129 125 0
0.515358 -0.237833 0.250284 129 125 0
0.515875 -0.233159 0.249866 129 125 0
0.516218 -0.22846 0.249756 129 125 0
0.516297 -0.223767 0.250118 129 125 0
0.516102 -0.219119 0.250923 129 125 0
0.515553 -0.214546 0.251908 129 125 0
0.513145 -0.203768 0.256344 129 125 0
0.512986 -0.198949 0.256637 129 125 0
0.513637 -0.19426 0.255479 129 125 0
0.513953 -0.189443 0.254903 129 125 0
0.51427 -0.184606 0.25432 129 125 0
0.514672 -0.179798 0.253573 129 125 0
0.515186 -0.175038 0.252624 129 125 0
0.515757 -0.170304 0.251572 129 125 0
0.516301 -0.165554 0.250577 129 125 0
0.516743 -0.160762 0.24977 129 125 0
0.516992 -0.155912 0.249295 129 125 0
0.517062 -0.151033 0.249135 129 125 0
0.516957 -0.146156 0.249316 129 125 0
0.516773 -0.14129 0.249679 129 125 0
0.51668 -0.133638 0.249847 129 125 0
0.516546 -0.12851 0.250108 129 125 0
0.516742 -0.123414 0.250702 129 125 0
0.516701 -0.11833 0.251416 129 125 0
0.516521 -0.113294 0.252401 129 125 0
0.516238 -0.108299 0.253563 129 125 0
0.515911 -0.103326 0.254808 129 125 0
0.515586 -0.0983522 0.25605 129 125 0
0.515042 -0.0934236 0.257365 129 125 0
0.51434 -0.0885037 0.258654 129 125 0
0.514028 -0.0812696 0.259199 129 125 0
0.51422 -0.0762335 0.25885 129 125 0
0.514287 -0.0711835 0.258728 129 125 0
0.514352 -0.0661333 0.258611 129 125 0
0.514444 -0.0610849 0.258437 129 125 0
0.514519 -0.0560355 0.258295 129 125 0
0.514527 -0.0509841 0.258277 129 125 0
0.514486 -0.0459326 0.258353 129 125 0
0.51446 -0.0408808 0.258402 129 125 0
0.514437 -0.035829 0.258439 129 125 0
0.514459 -0.0255228 0.258416 129 125 0
0.51431 -0.0205187 0.258694 129 125 0
0.514278 -0.0155054 0.25875 130 124 0
0.514311 -0.0104914 0.258739 130 124 0
0.514356 -0.0054781 0.258657 130 124 0
0.514399 -0.000464802 0.258577 130 124 0
0.514469 0.00454729 0.258454 130 124 0
0.514553 0.0095564 0.258246 130 124 0
0.514714 0.0145591 0.257948 130 124 0
0.514914 0.0195557 0.25758 130 124 0
0.515135 0.0245493 0.257184 130 124 0
0.515353 0.0295426 0.256783 130 124 0
0.515578 0.0345351 0.256376 130 124 0
0.51577 0.0395328 0.25602 130 124 0
0.516027 0.0449124 0.255545 130 124 0
0.516217 0.0497212 0.255204 130 124 0
0.516704 0.054515 0.255008 130 124 0
0.517217 0.0593108 0.2549 130 124 0
0.517643 0.0641156 0.254922 130 124 0
0.517966 0.0689239 0.25511 130 124 0
0.518205 0.0737282 0.25547 130 124 0
0.51829 0.0785284 0.255908 130 124 0
0.518085 0.0833335 0.256283 130 124 0
0.517777 0.0881149 0.256846 130 124 0
0.517673 0.0903963 0.257047 130 124 0
0.517811 0.0951307 0.25678 130 124 0
0.518034 0.0998493 0.256362 130 124 0
0.518473 0.104503 0.25555 130 124 0
0.519074 0.109082 0.254466 130 124 0
0.519741 0.113621 0.25326 130 124 0
0.51921 0.11368 0.254105 130 124 0
0.574981 0.117841 0.279291 130 124 0
0.575357 0.117694 0.278376 130 124 0
0.575489 0.114408 0.278174 130 124 0
0.574801 0.10982 0.279097 130 124 0
0.574261 0.105243 0.280168 130 124 0
0.573077 0.100773 0.281186 130 124 0
0.572113 0.0962929 0.282361 130 124 0
0.571269 0.0910663 0.284078 130 124 0
0.57062 0.0859453 0.285316 130 124 0
0.570229 0.080712 0.286167 130 124 0
0.57013 0.0754128 0.28656 130 124 0
0.570185 0.0701005 0.286407 130 124 0
0.570453 0.0648261 0.285795 130 124 0
0.570791 0.0595727 0.285052 130 124 0
0.57114 0.054333 0.284223 130 124 0
0.57095 0.0432692 0.284028 130 124 0
0.570915 0.0384093 0.284061 130 124 0
0.570813 0.0335688 0.284457 130 124 0
0.570462 0.0287362 0.284823 131 123 0
0.570188 0.0239043 0.285261 131 123 0
0.569834 0.0190758 0.285676 131 123 0
0.569398 0.0142506 0.286063 131 123 0
0.568975 0.00942718 0.286481 131 123 0
0.568558 0.00460422 0.286912 131 123 0
0.56812 -0.000220021 0.287307 131 123 0
0.567695 -0.00504938 0.287647 131 123 0
0.567249 -0.0098831 0.287882 131 123 0
0.566918 -0.014721 0.288083 131 123 0
0.566602 -0.0195623 0.288108 131 123 0
0.566619 -0.0275186 0.287828 131 123 0
0.566917 -0.0325122 0.287398 131 123 0
0.567067 -0.0375259 0.287179 131 123 0
0.56718 -0.0425426 0.287009 131 123 0
0.567169 -0.0475542 0.286748 131 123 0
0.567059 -0.0525606 0.286382 131 123 0
0.56691 -0.057569 0.286068 131 123 0
0.566685 -0.06258 0.285855 131 123 0
0.566384 -0.0675869 0.285644 131 123 0
0.565928 -0.0725519 0.285076 131 123 0
0.56601 -0.0802547 0.284973 131 123 0
0.566262 -0.0853081 0.28459 131 123 0
0.5666 -0.0903462 0.284085 131 123 0
0.566957 -0.0953804 0.283558 131 123 0
0.567465 -0.100398 0.283002 131 123 0
0.568063 -0.105412 0.282487 131 123 0
0.568653 -0.110427 0.281984 131 123 0
0.569226 -0.115447 0.28151 131 123 0
0.569826 -0.120466 0.281058 131 123 0
0.570503 -0.125493 0.280916 131 123 0
0.570814 -0.135787 0.280467 131 123 0
0.571055 -0.140792 0.280118 131 123 0
0.571348 -0.145788 0.279685 131 123 0
0.571431 -0.150781 0.279141 131 123 0
0.571482 -0.15578 0.278646 131 123 0
0.571492 -0.160779 0.278151 131 123 0
0.571506 -0.165782 0.277691 131 123 0
0.571479 -0.17079 0.27729 131 123 0
0.571339 -0.175803 0.277016 131 123 0
0.571062 -0.180818 0.27709 131 123 0
0.570606 -0.185805 0.277494 131 123 0
0.569986 -0.190749 0.278127 131 123 0
0.569617 -0.195715 0.278773 131 123 0
0.569099 -0.200614 0.279755 131 123 0
0.567772 -0.208593 0.282247 131 123 0
0.56777 -0.213711 0.282284 132 122 0
0.56791 -0.218832 0.282126 132 122 0
0.567982 -0.223963 0.282036 132 122 0
0.568199 -0.229084 0.281719 132 122 0
0.568451 -0.234202 0.281367 132 122 0
0.568653 -0.239327 0.281098 132 122 0
0.568754 -0.244459 0.280966 132 122 0
0.568749 -0.249595 0.280976 132 122 0
0.568515 -0.254712 0.281338 132 122 0
0.568628 -0.249112 0.281119 132 122 0
0.568831 -0.244444 0.280818 132 122 0
0.568862 -0.239759 0.280786 132 122 0
0.56875 -0.23508 0.280951 132 122 0
0.56844 -0.230427 0.281378 132 122 0
0.568039 -0.225792 0.281939 132 122 0
0.567629 -0.221164 0.282538 132 122 0
0.567063 -0.21658 0.283329 132 122 0
0.568251 -0.205865 0.281213 132 122 0
0.56894 -0.201224 0.279988 132 122 0
0.569401 -0.196471 0.279129 132 122 0
0.569837 -0.191695 0.278382 132 122 0
0.570371 -0.186915 0.277748 132 122 0
0.570842 -0.182106 0.277312 132 122 0
0.571163 -0.17727 0.277119 132 122 0
0.571347 -0.172425 0.277224 132 122 0
0.571419 -0.167584 0.27755 132 122 0
0.571419 -0.162746 0.277943 132 122 0
0.571408 -0.157912 0.278369 132 122 0
0.571405 -0.153082 0.278841 132 122 0
0.571445 -0.148283 0.279553 132 122 0
0.571146 -0.143459 0.279989 132 122 0
0.570842 -0.135611 0.280421 132 122 0
0.570652 -0.130813 0.280711 132 122 0
0.570451 -0.126015 0.281003 132 122 0
0.570224 -0.121222 0.281335 132 122 0
0.569892 -0.116442 0.28175 132 122 0
0.569361 -0.111682 0.282194 132 122 0
0.568819 -0.106926 0.282674 132 122 0
0.568272 -0.102171 0.283151 132 122 0
0.567719 -0.0974161 0.283625 132 122 0
0.56706 -0.0926815 0.284157 132 122 0
0.566254 -0.0879599 0.284595 132 122 0
0.565983 -0.0829002 0.285001 132 122 0
0.565995 -0.0781057 0.28499 132 122 0
0.566186 -0.0733272 0.285312 132 122 0
0.566439 -0.0685502 0.285639 132 122 0
0.566723 -0.0637711 0.285903 132 122 0
0.567018 -0.0589919 0.286155 133 121 0
0.567297 -0.0542134 0.286437 133 121 0
0.567411 -0.0494297 0.286676 133 121 0
0.567306 -0.0446383 0.286827 133 121 0
0.56718 -0.0398485 0.287009 133 121 0
0.566923 -0.0350758 0.287367 133 121 0
0.566645 -0.0244146 0.288036 133 121 0
0.566643 -0.0195524 0.287993 133 121 0
0.566875 -0.0147017 0.287888 133 121 0
0.567223 -0.00985226 0.28783 133 121 0
0.567626 -0.00501104 0.287631 133 121 0
0.568051 -0.00017841 0.287303 133 121 0
0.568506 0.00464516 0.286889 133 121 0
0.568939 0.0094679 0.286444 133 121 0
0.569353 0.0142948 0.286026 133 121 0
0.569782 0.0191235 0.285643 133 121 0
0.570209 0.0239526 0.285265 133 121 0
0.570631 0.0287773 0.284844 133 121 0
0.570875 0.0335967 0.284255 133 121 0
0.570914 0.0384524 0.284044 133 121 0
0.570971 0.0432497 0.283979 133 121 0
0.570893 0.0483406 0.284043 133 121 0
0.570874 0.0534287 0.284305 133 121 0
0.570742 0.0584993 0.284781 133 121 0
0.570428 0.0635346 0.285491 133 121 0
0.570142 0.0685803 0.286139 133 121 0
0.570066 0.0736536 0.286597 133 121 0
0.570053 0.0787435 0.286379 133 121 0
0.570303 0.083795 0.285765 133 121 0
0.570759 0.0887603 0.284773 133 121 0
0.571287 0.0924738 0.283523 133 121 0
0.572171 0.0968092 0.282251 133 121 0
0.573076 0.101148 0.28101 133 121 0
0.574277 0.105494 0.280081 133 121 0
0.574826 0.109944 0.279062 133 121 0
0.575489 0.114408 0.278174 133 121 0
0.57512 0.11454 0.279093 133 121 0
0.519696 0.116566 0.25326 133 121 0
0.520232 0.116516 0.252417 133 121 0
0.517978 0.114625 0.252016 133 121 0
0.514077 0.111759 0.251018 133 121 0
0.510255 0.108823 0.249932 133 121 0
0.506432 0.106042 0.248491 133 121 0
0.50279 0.103364 0.246498 133 121 0
0.499366 0.100542 0.244325 133 121 0
0.495993 0.0977484 0.242036 133 121 0
0.496348 0.0921669 0.242184 133 121 0
0.495932 0.0868843 0.242025 134 120 0
0.495491 0.0815843 0.241898 134 120 0
0.494995 0.0762878 0.241937 134 120 0
0.494496 0.0709916 0.241993 134 120 0
0.494006 0.0656948 0.242013 134 120 0
0.493887 0.0603824 0.242269 134 120 0
0.493785 0.0550683 0.242471 134 120 0
0.493137 0.0447152 0.243126 134 120 0
0.492842 0.0395267 0.243429 134 120 0
0.49257 0.0343455 0.243855 134 120 0
0.492339 0.0291527 0.24414 134 120 0
0.492128 0.0239571 0.244389 134 120 0
0.491971 0.0187563 0.244556 134 120 0
0.491918 0.0135514 0.244628 134 120 0
0.491914 0.00834559 0.244631 134 120 0
0.49192 0.00313978 0.244622 134 120 0
0.491949 -0.00206572 0.244573 134 120 0
0.491988 -0.00727083 0.244496 134 120 0
0.492098 -0.0124707 0.244276 134 120 0
0.492164 -0.0176736 0.244117 134 120 0
0.492183 -0.0253002 0.244185 134 120 0
0.492153 -0.0305451 0.244219 134 120 0
0.492078 -0.0357882 0.244334 134 120 0
0.491981 -0.0410289 0.244528 134 120 0
0.491875 -0.0462688 0.244739 134 120 0
0.491757 -0.0515082 0.244954 134 120 0
0.491641 -0.0567467 0.245193 134 120 0
0.49155 -0.0619875 0.245375 134 120 0
0.491446 -0.0672264 0.245582 134 120 0
0.491374 -0.0724681 0.24573 134 120 0
0.491592 -0.0778373 0.245413 134 120 0
0.491805 -0.0825192 0.244455 134 120 0
0.491895 -0.087235 0.243633 134 120 0
0.49203 -0.0919498 0.242809 134 120 0
0.492156 -0.096669 0.242009 134 120 0
0.492236 -0.101402 0.241294 134 120 0
0.492343 -0.106154 0.240721 134 120 0
0.492554 -0.110915 0.240261 134 120 0
0.492767 -0.115676 0.239798 134 120 0
0.492943 -0.120444 0.239389 134 120 0
0.493086 -0.125221 0.239103 134 120 0
0.49349 -0.135586 0.238276 134 120 0
0.493585 -0.140393 0.238068 134 120 0
0.493126 -0.145144 0.23861 134 120 0
0.492689 -0.149916 0.239068 134 120 0
0.492288 -0.154693 0.239545 134 120 0
0.491881 -0.159467 0.240046 134 120 0
0.491488 -0.16424 0.240563 135 119 0
0.491106 -0.169019 0.24104 135 119 0
0.490759 -0.173807 0.241431 135 119 0
0.490468 -0.178606 0.241721 135 119 0
0.490242 -0.183415 0.241817 135 119 0
0.49015 -0.188228 0.241674 135 119 0
0.490366 -0.193026 0.24137 135 119 0
0.490701 -0.197778 0.24066 135 119 0
0.49103 -0.205845 0.238714 135 119 0
0.491056 -0.210542 0.23748 135 119 0
0.490786 -0.215255 0.236344 135 119 0
0.490516 -0.220012 0.235402 135 119 0
0.49005 -0.224776 0.234568 135 119 0
0.489498 -0.229555 0.233884 135 119 0
0.48893 -0.234359 0.233428 135 119 0
0.488462 -0.239186 0.233139 135 119 0
0.487734 -0.243981 0.232857 135 119 0
0.487046 -0.248787 0.232776 135 119 0
0.486446 -0.253604 0.232689 135 119 0
0.487147 -0.248608 0.233047 135 119 0
0.488057 -0.243601 0.233166 135 119 0
0.488763 -0.238554 0.233265 135 119 0
0.489677 -0.233549 0.233568 135 119 0
0.490336 -0.228508 0.233935 135 119 0
0.490641 -0.223446 0.234445 135 119 0
0.490973 -0.218479 0.235534 135 119 0
0.490964 -0.2135 0.236612 135 119 0
0.490253 -0.20296 0.238267 135 119 0
0.489917 -0.198249 0.239158 135 119 0
0.489788 -0.193522 0.240022 135 119 0
0.489657 -0.188753 0.240614 135 119 0
0.489556 -0.183956 0.240849 135 119 0
0.489666 -0.179153 0.240848 135 119 0
0.490011 -0.174361 0.240706 135 119 0
0.490473 -0.16958 0.240501 135 119 0
0.490931 -0.164802 0.240228 135 119 0
0.49138 -0.160028 0.239884 135 119 0
0.491854 -0.155259 0.2395 135 119 0
0.492301 -0.150511 0.238926 135 119 0
0.493055 -0.145844 0.238063 135 119 0
0.49367 -0.141091 0.237875 135 119 0
0.493408 -0.133586 0.238461 135 119 0
0.493207 -0.128447 0.238839 135 119 0
0.493117 -0.12331 0.239258 135 119 0
0.492969 -0.118179 0.239737 135 119 0
0.492741 -0.113049 0.240206 135 119 0
0.492649 -0.107927 0.24078 136 118 0
0.492591 -0.102811 0.241422 136 118 0
0.49246 -0.0977053 0.242133 136 118 0
0.492335 -0.092613 0.242929 136 118 0
0.492198 -0.0875177 0.243643 136 118 0
0.491954 -0.0825555 0.244537 136 118 0
0.491698 -0.0777182 0.245065 136 118 0
0.491515 -0.0728637 0.245466 136 118 0
0.49142 -0.0679962 0.245651 136 118 0
0.49145 -0.063125 0.245581 136 118 0
0.491587 -0.0582598 0.245324 136 118 0
0.491753 -0.053399 0.244998 136 118 0
0.491893 -0.0485352 0.244711 136 118 0
0.492002 -0.0436659 0.24452 136 118 0
0.492077 -0.0387933 0.244406 136 118 0
0.492086 -0.0339195 0.244368 136 118 0
0.492165 -0.0235676 0.244179 136 118 0
0.492128 -0.0187166 0.244233 136 118 0
0.492061 -0.0138672 0.244362 136 118 0
0.491999 -0.00901733 0.244475 136 118 0
0.491958 -0.00416657 0.244555 136 118 0
0.491935 0.000684759 0.2446 136 118 0
0.491924 0.00553633 0.244618 136 118 0
0.491922 0.010388 0.244621 136 118 0
0.491939 0.0152394 0.244599 136 118 0
0.492011 0.0200893 0.244514 136 118 0
0.492168 0.0249352 0.244342 136 118 0
0.492355 0.0297779 0.244116 136 118 0
0.492558 0.0346137 0.243799 136 118 0
0.492824 0.0394438 0.243433 136 118 0
0.493204 0.04485 0.24309 136 118 0
0.493443 0.0499565 0.24283 136 118 0
0.493731 0.0550605 0.242554 136 118 0
0.493868 0.0601721 0.242302 136 118 0
0.493986 0.0652851 0.242068 136 118 0
0.494094 0.0703981 0.241831 136 118 0
0.494241 0.0755081 0.241553 136 118 0
0.494364 0.0806192 0.241284 136 118 0
0.494444 0.0857353 0.241109 136 118 0
0.49451 0.0908529 0.240981 136 118 0
0.496059 0.09343 0.241941 136 118 0
0.499557 0.0967065 0.244409 136 118 0
0.502939 0.100253 0.246674 136 118 0
0.506344 0.103952 0.248627 136 118 0
0.50995 0.107676 0.250102 136 118 0
0.513899 0.111191 0.251172 136 118 0
0.517978 0.114625 0.252016 136 118 0
0.517439 0.11468 0.252857 137 117 0
0.574981 0.117841 0.279291 137 117 0
0.575357 0.117694 0.278376 137 117 0
0.576533 0.115085 0.278499 137 117 0
0.579269 0.111681 0.280531 137 117 0
0.581783 0.108091 0.282541 137 117 0
0.584349 0.104566 0.284601 137 117 0
0.586738 0.100898 0.286621 137 117 0
0.589271 0.0973295 0.288638 137 117 0
0.58946 0.0925501 0.290486 137 117 0
0.588983 0.088029 0.292303 137 117 0
0.588775 0.0834143 0.293951 137 117 0
0.588867 0.0787553 0.295465 137 117 0
0.589108 0.0740093 0.296646 137 117 0
0.589629 0.0692124 0.297419 137 117 0
0.590669 0.0644438 0.297792 137 117 0
0.591678 0.0596477 0.297635 137 117 0
0.592829 0.0548974 0.29734 137 117 0
0.593779 0.0442186 0.296529 137 117 0
0.593877 0.039338 0.296389 137 117 0
0.593945 0.0344561 0.29629 137 117 0
0.59395 0.0295735 0.296189 137 117 0
0.593781 0.0246971 0.296308 137 117 0
0.593455 0.019834 0.296598 137 117 0
0.593055 0.0149842 0.297005 137 117 0
0.59262 0.0101433 0.297481 137 117 0
0.592149 0.00530987 0.297996 137 117 0
0.59165 0.000478115 0.298499 137 117 0
0.591151 -0.00436005 0.298938 137 117 0
0.590619 -0.00918662 0.299436 137 117 0
0.589839 -0.0139536 0.300151 137 117 0
0.589477 -0.0187858 0.300721 137 117 0
0.58942 -0.0264595 0.300364 137 117 0
0.589445 -0.0316578 0.30016 137 117 0
0.58953 -0.0368546 0.29994 137 117 0
0.589605 -0.0420521 0.299743 137 117 0
0.589679 -0.0472522 0.299611 137 117 0
0.589782 -0.0524504 0.299441 137 117 0
0.589944 -0.0576461 0.299235 137 117 0
0.590111 -0.0628412 0.299017 137 117 0
0.590258 -0.0680371 0.298806 137 117 0
0.590472 -0.0732261 0.298511 137 117 0
0.590612 -0.0784364 0.298132 137 117 0
0.590939 -0.0833454 0.297782 137 117 0
0.591209 -0.088261 0.297479 137 117 0
0.591417 -0.0931712 0.297066 137 117 0
0.591663 -0.0980752 0.296601 137 117 0
0.591903 -0.102978 0.296118 138 116 0
0.59212 -0.10788 0.295615 138 116 0
0.592351 -0.112776 0.295072 138 116 0
0.59263 -0.117666 0.294486 138 116 0
0.593013 -0.122553 0.293946 138 116 0
0.593403 -0.127445 0.293444 138 116 0
0.593731 -0.137983 0.293007 138 116 0
0.593927 -0.143164 0.292767 138 116 0
0.593907 -0.148331 0.292336 138 116 0
0.593908 -0.153505 0.291935 138 116 0
0.593881 -0.158683 0.291573 138 116 0
0.593844 -0.163857 0.291177 138 116 0
0.593808 -0.169027 0.290713 138 116 0
0.593922 -0.174196 0.290267 138 116 0
0.593885 -0.179368 0.289835 138 116 0
0.593772 -0.184553 0.289642 138 116 0
0.593519 -0.189736 0.289606 138 116 0
0.593595 -0.194924 0.289484 138 116 0
0.593593 -0.200114 0.289479 138 116 0
0.592865 -0.208153 0.290826 138 116 0
0.592234 -0.213141 0.291962 138 116 0
0.591843 -0.218229 0.292717 138 116 0
0.59152 -0.223337 0.293343 138 116 0
0.591327 -0.228475 0.293739 138 116 0
0.59126 -0.233628 0.293899 138 116 0
0.591283 -0.238785 0.293845 138 116 0
0.591393 -0.243936 0.29362 138 116 0
0.591563 -0.249081 0.293294 138 116 0
0.591598 -0.254237 0.293155 138 116 0
0.591583 -0.248536 0.293452 138 116 0
0.591461 -0.243853 0.293615 138 116 0
0.591324 -0.239169 0.293793 138 116 0
0.59123 -0.234481 0.293916 138 116 0
0.591181 -0.229792 0.293996 138 116 0
0.59122 -0.225109 0.293875 138 116 0
0.591361 -0.220436 0.293503 138 116 0
0.591698 -0.21579 0.292994 138 116 0
0.593172 -0.20564 0.290537 138 116 0
0.593557 -0.200481 0.290238 138 116 0
0.593756 -0.195295 0.290212 138 116 0
0.59414 -0.19012 0.289975 138 116 0
0.594478 -0.184936 0.289933 138 116 0
0.594599 -0.179747 0.29012 138 116 0
0.594654 -0.174569 0.290537 138 116 0
0.594537 -0.169394 0.290983 138 116 0
0.594352 -0.164216 0.291361 138 116 0
0.594377 -0.159036 0.291751 138 116 0
0.594403 -0.153854 0.292112 139 115 0
0.594142 -0.148676 0.292446 139 115 0
0.593897 -0.143496 0.292752 139 115 0
0.593748 -0.135662 0.29299 139 115 0
0.593418 -0.130447 0.293418 139 115 0
0.593116 -0.125231 0.293838 139 115 0
0.59283 -0.120017 0.29429 139 115 0
0.592521 -0.114813 0.29484 139 115 0
0.592271 -0.10961 0.295424 139 115 0
0.592054 -0.104402 0.295977 139 115 0
0.591794 -0.0991914 0.296494 139 115 0
0.591559 -0.0939838 0.297046 139 115 0
0.591421 -0.0887656 0.297517 139 115 0
0.590857 -0.0839155 0.297763 139 115 0
0.590692 -0.0789721 0.298064 139 115 0
0.590446 -0.0740352 0.298415 139 115 0
0.590256 -0.0690934 0.298728 139 115 0
0.590102 -0.0641466 0.298977 139 115 0
0.589935 -0.0591987 0.299193 139 115 0
0.589775 -0.0542499 0.299394 139 115 0
0.58966 -0.0492983 0.29955 139 115 0
0.589594 -0.0443448 0.299666 139 115 0
0.589573 -0.0393912 0.299796 139 115 0
0.58951 -0.0344385 0.299946 139 115 0
0.589401 -0.0236681 0.300548 139 115 0
0.589552 -0.0188527 0.300369 139 115 0
0.590129 -0.0140969 0.299816 139 115 0
0.590643 -0.00931927 0.299387 139 115 0
0.591117 -0.00453492 0.298963 139 115 0
0.591608 0.000246757 0.298529 139 115 0
0.592102 0.00502289 0.298042 139 115 0
0.592579 0.00979761 0.297523 139 115 0
0.59302 0.0145797 0.297043 139 115 0
0.593456 0.0193695 0.296651 139 115 0
0.593884 0.024169 0.296401 139 115 0
0.594093 0.028987 0.296212 139 115 0
0.594147 0.0338118 0.296171 139 115 0
0.594103 0.0386367 0.296282 139 115 0
0.593852 0.0441302 0.296059 139 115 0
0.592815 0.0492431 0.296376 139 115 0
0.592091 0.0544139 0.296818 139 115 0
0.591025 0.059531 0.297198 139 115 0
0.590013 0.0646635 0.297426 139 115 0
0.589576 0.0698787 0.2974 139 115 0
0.589132 0.0750312 0.29657 139 115 0
0.589028 0.0800922 0.295226 139 115 0
0.589461 0.0850814 0.293681 140 114 0
0.589712 0.0899306 0.291724 140 114 0
0.588792 0.0916765 0.290414 140 114 0
0.587067 0.0956962 0.28837 140 114 0
0.584955 0.0995102 0.286272 140 114 0
0.582704 0.103296 0.284268 140 114 0
0.580488 0.107108 0.282275 140 114 0
0.578414 0.111033 0.280352 140 114 0
0.576533 0.115085 0.278499 140 114 0
0.576159 0.115218 0.279417 140 114 0
0.519696 0.116566 0.25326 140 114 0
0.520232 0.116516 0.252417 140 114 0
0.520232 0.116516 0.252417 140 114 0
0.519741 0.113621 0.25326 140 114 0
0.519113 0.109361 0.254397 140 114 0
0.518526 0.105074 0.25545 140 114 0
0.518115 0.100705 0.256213 140 114 0
0.517735 0.0963225 0.256906 140 114 0
0.517693 0.0913115 0.256942 140 114 0
0.517986 0.0861358 0.256434 140 114 0
0.517821 0.0809602 0.255862 140 114 0
0.517667 0.075788 0.255257 140 114 0
0.517426 0.070602 0.254822 140 114 0
0.517084 0.0654115 0.254535 140 114 0
0.516597 0.0602247 0.25451 140 114 0
0.516444 0.0550249 0.254791 140 114 0
0.515982 0.044556 0.255636 140 114 0
0.515793 0.0397415 0.255981 140 114 0
0.515588 0.0349298 0.256353 140 114 0
0.515378 0.0301187 0.256732 140 114 0
0.515169 0.025308 0.257115 140 114 0
0.514955 0.0204976 0.2575 140 114 0
0.51476 0.0156842 0.257855 140 114 0
0.514602 0.0108653 0.258146 140 114 0
0.514488 0.00604076 0.25835 140 114 0
0.514414 0.00121273 0.258483 140 114 0
0.514357 -0.00361634 0.258587 140 114 0
0.514301 -0.00844535 0.258692 140 114 0
0.51426 -0.0132749 0.258767 140 114 0
0.514327 -0.0181019 0.25865 140 114 0
0.514471 -0.0258255 0.258385 140 114 0
0.514489 -0.0310663 0.258343 140 114 0
0.514482 -0.0363074 0.258353 140 114 0
0.51447 -0.0415486 0.258375 140 114 0
0.514487 -0.0467894 0.258342 140 114 0
0.514522 -0.0520301 0.258278 140 114 0
0.514505 -0.0572705 0.258314 140 114 0
0.514422 -0.0625085 0.258469 141 113 0
0.514344 -0.0677467 0.258618 141 113 0
0.514261 -0.072984 0.258777 141 113 0
0.514045 -0.0783366 0.259184 141 113 0
0.514194 -0.0831272 0.258908 141 113 0
0.514115 -0.0878921 0.258302 141 113 0
0.514228 -0.092579 0.257271 141 113 0
0.514512 -0.097191 0.255959 141 113 0
0.51485 -0.101778 0.254568 141 113 0
0.51516 -0.106376 0.253205 141 113 0
0.515506 -0.111012 0.252011 141 113 0
0.515991 -0.11571 0.251132 141 113 0
0.516331 -0.120461 0.250495 141 113 0
0.516552 -0.125241 0.250058 141 113 0
0.516672 -0.135776 0.249873 141 113 0
0.516827 -0.140691 0.249615 141 113 0
0.517 -0.145601 0.249289 141 113 0
0.517067 -0.150522 0.249162 141 113 0
0.517007 -0.155442 0.2493 141 113 0
0.516759 -0.160333 0.249773 141 113 0
0.516315 -0.165165 0.250584 141 113 0
0.515766 -0.169954 0.251588 141 113 0
0.51519 -0.174727 0.252649 141 113 0
0.514676 -0.179531 0.253583 141 113 0
0.514273 -0.184385 0.254308 141 113 0
0.513812 -0.189195 0.255161 141 113 0
0.512958 -0.193784 0.256727 141 113 0
0.512335 -0.198524 0.25782 141 113 0
0.513674 -0.206321 0.255372 141 113 0
0.51466 -0.21114 0.253568 141 113 0
0.515374 -0.216167 0.252253 141 113 0
0.515872 -0.221258 0.251151 141 113 0
0.515992 -0.226456 0.250504 141 113 0
0.515865 -0.231689 0.250303 141 113 0
0.515552 -0.236922 0.250443 141 113 0
0.515143 -0.242141 0.250753 141 113 0
0.51457 -0.247329 0.251237 141 113 0
0.51397 -0.2525 0.251822 141 113 0
0.51408 -0.247082 0.251605 141 113 0
0.514742 -0.242484 0.250795 141 113 0
0.515358 -0.237833 0.250284 141 113 0
0.515875 -0.233159 0.249866 141 113 0
0.516218 -0.22846 0.249756 141 113 0
0.516297 -0.223767 0.250118 141 113 0
0.516102 -0.219119 0.250923 141 113 0
0.515553 -0.214546 0.251908 141 113 0
0.513145 -0.203768 0.256344 141 113 0
0.512986 -0.198949 0.256637 142 112 0
0.513637 -0.19426 0.255479 142 112 0
0.513953 -0.189443 0.254903 142 112 0
0.51427 -0.184606 0.25432 142 112 0
0.514672 -0.179798 0.253573 142 112 0
0.515186 -0.175038 0.252624 142 112 0
0.515757 -0.170304 0.251572 142 112 0
0.516301 -0.165554 0.250577 142 112 0
0.516743 -0.160762 0.24977 142 112 0
0.516992 -0.155912 0.249295 142 112 0
0.517062 -0.151033 0.249135 142 112 0
0.516957 -0.146156 0.249316 142 112 0
0.516773 -0.14129 0.249679 142 112 0
0.51668 -0.133638 0.249847 142 112 0
0.516546 -0.12851 0.250108 142 112 0
0.516742 -0.123414 0.250702 142 112 0
0.516701 -0.11833 0.251416 142 112 0
0.516521 -0.113294 0.252401 142 112 0
0.516238 -0.108299 0.253563 142 112 0
0.515911 -0.103326 0.254808 142 112 0
0.515586 -0.0983522 0.25605 142 112 0
0.515042 -0.0934236 0.257365 142 112 0
0.51434 -0.0885037 0.258654 142 112 0
0.514028 -0.0812696 0.259199 142 112 0
0.51422 -0.0762335 0.25885 142 112 0
0.514287 -0.0711835 0.258728 142 112 0
0.514352 -0.0661333 0.258611 142 112 0
0.514444 -0.0610849 0.258437 142 112 0
0.514519 -0.0560355 0.258295 142 112 0
0.514527 -0.0509841 0.258277 142 112 0
0.514486 -0.0459326 0.258353 142 112 0
0.51446 -0.0408808 0.258402 142 112 0
0.514437 -0.035829 0.258439 142 112 0
0.514459 -0.0255228 0.258416 142 112 0
0.51431 -0.0205187 0.258694 142 112 0
0.514278 -0.0155054 0.25875 142 112 0
0.514311 -0.0104914 0.258739 142 112 0
0.514356 -0.0054781 0.258657 142 112 0
0.514399 -0.000464802 0.258577 142 112 0
0.514469 0.00454729 0.258454 142 112 0
0.514553 0.0095564 0.258246 142 112 0
0.514714 0.0145591 0.257948 142 112 0
0.514914 0.0195557 0.25758 142 112 0
0.515135 0.0245493 0.257184 142 112 0
0.515353 0.0295426 0.256783 142 112 0
0.515578 0.0345351 0.256376 142 112 0
0.51577 0.0395328 0.25602 143 111 0
0.516027 0.0449124 0.255545 143 111 0
0.516217 0.0497212 0.255204 143 111 0
0.516704 0.054515 0.255008 143 111 0
0.517217 0.0593108 0.2549 143 111 0
0.517643 0.0641156 0.254922 143 111 0
0.517966 0.0689239 0.25511 143 111 0
0.518205 0.0737282 0.25547 143 111 0
0.51829 0.0785284 0.255908 143 111 0
0.518085 0.0833335 0.256283 143 111 0
0.517777 0.0881149 0.256846 143 111 0
0.517673 0.0903963 0.257047 143 111 0
0.517811 0.0951307 0.25678 143 111 0
0.518034 0.0998493 0.256362 143 111 0
0.518473 0.104503 0.25555 143 111 0
0.519074 0.109082 0.254466 143 111 0
0.519741 0.113621 0.25326 143 111 0
0.51921 0.11368 0.254105 143 111 0
0.574981 0.117841 0.279291 143 111 0
0.575357 0.117694 0.278376 143 111 0
0.575489 0.114408 0.278174 143 111 0
0.574801 0.10982 0.279097 143 111 0
0.574261 0.105243 0.280168 143 111 0
0.573077 0.100773 0.281186 143 111 0
0.572113 0.0962929 0.282361 143 111 0
0.571269 0.0910663 0.284078 143 111 0
0.57062 0.0859453 0.285316 143 111 0
0.570229 0.080712 0.286167 143 111 0
0.57013 0.0754128 0.28656 143 111 0
0.570185 0.0701005 0.286407 143 111 0
0.570453 0.0648261 0.285795 143 111 0
0.570791 0.0595727 0.285052 143 111 0
0.57114 0.054333 0.284223 143 111 0
0.57095 0.0432692 0.284028 143 111 0
0.570915 0.0384093 0.284061 143 111 0
0.570813 0.0335688 0.284457 143 111 0
0.570462 0.0287362 0.284823 143 111 0
0.570188 0.0239043 0.285261 143 111 0
0.569834 0.0190758 0.285676 143 111 0
0.569398 0.0142506 0.286063 143 111 0
0.568975 0.00942718 0.286481 143 111 0
0.568558 0.00460422 0.286912 143 111 0
0.56812 -0.000220021 0.287307 143 111 0
0.567695 -0.00504938 0.287647 143 111 0
0.567249 -0.0098831 0.287882 143 111 0
0.566918 -0.014721 0.288083 143 111 0
0.566602 -0.0195623 0.288108 143 111 0
0.566619 -0.0275186 0.287828 144 110 0
0.566917 -0.0325122 0.287398 144 110 0
0.567067 -0.0375259 0.287179 144 110 0
0.56718 -0.0425426 0.287009 144 110 0
0.567169 -0.0475542 0.286748 144 110 0
0.567059 -0.0525606 0.286382 144 110 0
0.56691 -0.057569 0.286068 144 110 0
0.566685 -0.06258 0.285855 144 110 0
0.566384 -0.0675869 0.285644 144 110 0
0.565928 -0.0725519 0.285076 144 110 0
0.56601 -0.0802547 0.284973 144 110 0
0.566262 -0.0853081 0.28459 144 110 0
0.5666 -0.0903462 0.284085 144 110 0
0.566957 -0.0953804 0.283558 144 110 0
0.567465 -0.100398 0.283002 144 110 0
0.568063 -0.105412 0.282487 144 110 0
0.568653 -0.110427 0.281984 144 110 0
0.569226 -0.115447 0.28151 144 110 0
0.569826 -0.120466 0.281058 144 110 0
0.570503 -0.125493 0.280916 144 110 0
0.570814 -0.135787 0.280467 144 110 0
0.571055 -0.140792 0.280118 144 110 0
0.571348 -0.145788 0.279685 144 110 0
0.571431 -0.150781 0.279141 144 110 0
0.571482 -0.15578 0.278646 144 110 0
0.571492 -0.160779 0.278151 144 110 0
0.571506 -0.165782 0.277691 144 110 0
0.571479 -0.17079 0.27729 144 110 0
0.571339 -0.175803 0.277016 144 110 0
0.571062 -0.180818 0.27709 144 110 0
0.570606 -0.185805 0.277494 144 110 0
0.569986 -0.190749 0.278127 144 110 0
0.569617 -0.195715 0.278773 144 110 0
0.569099 -0.200614 0.279755 144 110 0
0.567772 -0.208593 0.282247 144 110 0
0.56777 -0.213711 0.282284 144 110 0
0.56791 -0.218832 0.282126 144 110 0
0.567982 -0.223963 0.282036 144 110 0
0.568199 -0.229084 0.281719 144 110 0
0.568451 -0.234202 0.281367 144 110 0
0.568653 -0.239327 0.281098 144 110 0
0.568754 -0.244459 0.280966 144 110 0
0.568749 -0.249595 0.280976 144 110 0
0.568515 -0.254712 0.281338 144 110 0
0.568628 -0.249112 0.281119 144 110 0
0.568831 -0.244444 0.280818 144 110 0
0.568862 -0.239759 0.280786 144 110 0
0.56875 -0.23508 0.280951 145 109 0
0.56844 -0.230427 0.281378 145 109 0
0.568039 -0.225792 0.281939 145 109 0
0.567629 -0.221164 0.282538 145 109 0
0.567063 -0.21658 0.283329 145 109 0
0.568251 -0.205865 0.281213 145 109 0
0.56894 -0.201224 0.279988 145 109 0
0.569401 -0.196471 0.279129 145 109 0
0.569837 -0.191695 0.278382 145 109 0
0.570371 -0.186915 0.277748 145 109 0
0.570842 -0.182106 0.277312 145 109 0
0.571163 -0.17727 0.277119 145 109 0
0.571347 -0.172425 0.277224 145 109 0
0.571419 -0.167584 0.27755 145 109 0
0.571419 -0.162746 0.277943 145 109 0
0.571408 -0.157912 0.278369 145 109 0
0.571405 -0.153082 0.278841 145 109 0
0.571445 -0.148283 0.279553 145 109 0
0.571146 -0.143459 0.279989 145 109 0
0.570842 -0.135611 0.280421 145 109 0
0.570652 -0.130813 0.280711 145 109 0
0.570451 -0.126015 0.281003 145 109 0
0.570224 -0.121222 0.281335 145 109 0
0.569892 -0.116442 0.28175 145 109 0
0.569361 -0.111682 0.282194 145 109 0
0.568819 -0.106926 0.282674 145 109 0
0.568272 -0.102171 0.283151 145 109 0
0.567719 -0.0974161 0.283625 145 109 0
0.56706 -0.0926815 0.284157 145 109 0
0.566254 -0.0879599 0.284595 145 109 0
0.565983 -0.0829002 0.285001 145 109 0
0.565995 -0.0781057 0.28499 145 109 0
0.566186 -0.0733272 0.285312 145 109 0
0.566439 -0.0685502 0.285639 145 109 0
0.566723 -0.0637711 0.285903 145 109 0
0.567018 -0.0589919 0.286155 145 109 0
0.567297 -0.0542134 0.286437 145 109 0
0.567411 -0.0494297 0.286676 145 109 0
0.567306 -0.0446383 0.286827 145 109 0
0.56718 -0.0398485 0.287009 145 109 0
0.566923 -0.0350758 0.287367 145 109 0
0.566645 -0.0244146 0.288036 145 109 0
0.566643 -0.0195524 0.287993 145 109 0
0.566875 -0.0147017 0.287888 145 109 0
0.567223 -0.00985226 0.28783 145 109 0
0.567626 -0.00501104 0.287631 145 109 0
0.568051 -0.00017841 0.287303 145 109 0
0.568506 0.00464516 0.286889 146 108 0
0.568939 0.0094679 0.286444 146 108 0
0.569353 0.0142948 0.286026 146 108 0
0.569782 0.0191235 0.285643 146 108 0
0.570209 0.0239526 0.285265 146 108 0
0.570631 0.0287773 0.284844 146 108 0
0.570875 0.0335967 0.284255 146 108 0
0.570914 0.0384524 0.284044 146 108 0
0.570971 0.0432497 0.283979 146 108 0
0.570893 0.0483406 0.284043 146 108 0
0.570874 0.0534287 0.284305 146 108 0
0.570742 0.0584993 0.284781 146 108 0
0.570428 0.0635346 0.285491 146 108 0
0.570142 0.0685803 0.286139 146 108 0
0.570066 0.0736536 0.286597 146 108 0
0.570053 0.0787435 0.286379 146 108 0
0.570303 0.083795 0.285765 146 108 0
0.570759 0.0887603 0.284773 146 108 0
0.571287 0.0924738 0.283523 146 108 0
0.572171 0.0968092 0.282251 146 108 0
0.573076 0.101148 0.28101 146 108 0
0.574277 0.105494 0.280081 146 108 0
0.574826 0.109944 0.279062 146 108 0
0.575489 0.114408 0.278174 146 108 0
0.57512 0.11454 0.279093 146 108 0
0.519696 0.116566 0.25326 146 108 0
0.520232 0.116516 0.252417 146 108 0
0.517978 0.114625 0.252016 146 108 0
0.514077 0.111759 0.251018 146 108 0
0.510255 0.108823 0.249932 146 108 0
0.506432 0.106042 0.248491 146 108 0
0.50279 0.103364 0.246498 146 108 0
0.499366 0.100542 0.244325 146 108 0
0.495993 0.0977484 0.242036 146 108 0
0.496348 0.0921669 0.242184 146 108 0
0.495932 0.0868843 0.242025 146 108 0
0.495491 0.0815843 0.241898 146 108 0
0.494995 0.0762878 0.241937 146 108 0
0.494496 0.0709916 0.241993 146 108 0
0.494006 0.0656948 0.242013 146 108 0
0.493887 0.0603824 0.242269 146 108 0
0.493785 0.0550683 0.242471 146 108 0
0.493137 0.0447152 0.243126 146 108 0
0.492842 0.0395267 0.243429 146 108 0
0.49257 0.0343455 0.243855 146 108 0
0.492339 0.0291527 0.24414 146 108 0
0.492128 0.0239571 0.244389 147 107 0
0.491971 0.0187563 0.244556 147 107 0
0.491918 0.0135514 0.244628 147 107 0
0.491914 0.00834559 0.244631 147 107 0
0.49192 0.00313978 0.244622 147 107 0
0.491949 -0.00206572 0.244573 147 107 0
0.491988 -0.00727083 0.244496 147 107 0
0.492098 -0.0124707 0.244276 147 107 0
0.492164 -0.0176736 0.244117 147 107 0
0.492183 -0.0253002 0.244185 147 107 0
0.492153 -0.0305451 0.244219 147 107 0
0.492078 -0.0357882 0.244334 147 107 0
0.491981 -0.0410289 0.244528 147 107 0
0.491875 -0.0462688 0.244739 147 107 0
0.491757 -0.0515082 0.244954 147 107 0
0.491641 -0.0567467 0.245193 147 107 0
0.49155 -0.0619875 0.245375 147 107 0
0.491446 -0.0672264 0.245582 147 107 0
0.491374 -0.0724681 0.24573 147 107 0
0.491592 -0.0778373 0.245413 147 107 0
0.491805 -0.0825192 0.244455 147 107 0
0.491895 -0.087235 0.243633 147 107 0
0.49203 -0.0919498 0.242809 147 107 0
0.492156 -0.096669 0.242009 147 107 0
0.492236 -0.101402 0.241294 147 107 0
0.492343 -0.106154 0.240721 147 107 0
0.492554 -0.110915 0.240261 147 107 0
0.492767 -0.115676 0.239798 147 107 0
0.492943 -0.120444 0.239389 147 107 0
0.493086 -0.125221 0.239103 147 107 0
0.49349 -0.135586 0.238276 147 107 0
0.493585 -0.140393 0.238068 147 107 0
0.493126 -0.145144 0.23861 147 107 0
0.492689 -0.149916 0.239068 147 107 0
0.492288 -0.154693 0.239545 147 107 0
0.491881 -0.159467 0.240046 147 107 0
0.491488 -0.16424 0.240563 147 107 0
0.491106 -0.169019 0.24104 147 107 0
0.490759 -0.173807 0.241431 147 107 0
0.490468 -0.178606 0.241721 147 107 0
0.490242 -0.183415 0.241817 147 107 0
0.49015 -0.188228 0.241674 147 107 0
0.490366 -0.193026 0.24137 147 107 0
0.490701 -0.197778 0.24066 147 107 0
0.49103 -0.205845 0.238714 147 107 0
0.491056 -0.210542 0.23748 147 107 0
0.490786 -0.215255 0.236344 147 107 0
0.490516 -0.220012 0.235402 148 106 0
0.49005 -0.224776 0.234568 148 106 0
0.489498 -0.229555 0.233884 148 106 0
0.48893 -0.234359 0.233428 148 106 0
0.488462 -0.239186 0.233139 148 106 0
0.487734 -0.243981 0.232857 148 106 0
0.487046 -0.248787 0.232776 148 106 0
0.486446 -0.253604 0.232689 148 106 0
0.487147 -0.248608 0.233047 148 106 0
0.488057 -0.243601 0.233166 148 106 0
0.488763 -0.238554 0.233265 148 106 0
0.489677 -0.233549 0.233568 148 106 0
0.490336 -0.228508 0.233935 148 106 0
0.490641 -0.223446 0.234445 148 106 0
0.490973 -0.218479 0.235534 148 106 0
0.490964 -0.2135 0.236612 148 106 0
0.490253 -0.20296 0.238267 148 106 0
0.489917 -0.198249 0.239158 148 106 0
0.489788 -0.193522 0.240022 148 106 0
0.489657 -0.188753 0.240614 148 106 0
0.489556 -0.183956 0.240849 148 106 0
0.489666 -0.179153 0.240848 148 106 0
0.490011 -0.174361 0.240706 148 106 0
0.490473 -0.16958 0.240501 148 106 0
0.490931 -0.164802 0.240228 148 106 0
0.49138 -0.160028 0.239884 148 106 0
0.491854 -0.155259 0.2395 148 106 0
0.492301 -0.150511 0.238926 148 106 0
0.493055 -0.145844 0.238063 148 106 0
0.49367 -0.141091 0.237875 148 106 0
0.493408 -0.133586 0.238461 148 106 0
0.493207 -0.128447 0.238839 148 106 0
0.493117 -0.12331 0.239258 148 106 0
0.492969 -0.118179 0.239737 148 106 0
0.492741 -0.113049 0.240206 148 106 0
0.492649 -0.107927 0.24078 148 106 0
0.492591 -0.102811 0.241422 148 106 0
0.49246 -0.0977053 0.242133 148 106 0
0.492335 -0.092613 0.242929 148 106 0
0.492198 -0.0875177 0.243643 148 106 0
0.491954 -0.0825555 0.244537 148 106 0
0.491698 -0.0777182 0.245065 148 106 0
0.491515 -0.0728637 0.245466 148 106 0
0.49142 -0.0679962 0.245651 148 106 0
0.49145 -0.063125 0.245581 148 106 0
0.491587 -0.0582598 0.245324 148 106 0
0.491753 -0.053399 0.244998 148 106 0
0.491893 -0.0485352 0.244711 149 105 0
0.492002 -0.0436659 0.24452 149 105 0
0.492077 -0.0387933 0.244406 149 105 0
0.492086 -0.0339195 0.244368 149 105 0
0.492165 -0.0235676 0.244179 149 105 0
0.492128 -0.0187166 0.244233 149 105 0
0.492061 -0.0138672 0.244362 149 105 0
0.491999 -0.00901733 0.244475 149 105 0
0.491958 -0.00416657 0.244555 149 105 0
0.491935 0.000684759 0.2446 149 105 0
0.491924 0.00553633 0.244618 149 105 0
0.491922 0.010388 0.244621 149 105 0
0.491939 0.0152394 0.244599 149 105 0
0.492011 0.0200893 0.244514 149 105 0
0.492168 0.0249352 0.244342 149 105 0
0.492355 0.0297779 0.244116 149 105 0
0.492558 0.0346137 0.243799 149 105 0
0.492824 0.0394438 0.243433 149 105 0
0.493204 0.04485 0.24309 149 105 0
0.493443 0.0499565 0.24283 149 105 0
0.493731 0.0550605 0.242554 149 105 0
0.493868 0.0601721 0.242302 149 105 0
0.493986 0.0652851 0.242068 149 105 0
0.494094 0.0703981 0.241831 149 105 0
0.494241 0.0755081 0.241553 149 105 0
0.494364 0.0806192 0.241284 149 105 0
0.494444 0.0857353 0.241109 149 105 0
0.49451 0.0908529 0.240981 149 105 0
0.496059 0.09343 0.241941 149 105 0
0.499557 0.0967065 0.244409 149 105 0
0.502939 0.100253 0.246674 149 105 0
0.506344 0.103952 0.248627 149 105 0
0.50995 0.107676 0.250102 149 105 0
0.513899 0.111191 0.251172 149 105 0
0.517978 0.114625 0.252016 149 105 0
0.517439 0.11468 0.252857 149 105 0
0.574981 0.117841 0.279291 149 105 0
0.575357 0.117694 0.278376 149 105 0
0.576533 0.115085 0.278499 149 105 0
0.579269 0.111681 0.280531 149 105 0
0.581783 0.108091 0.282541 149 105 0
0.584349 0.104566 0.284601 149 105 0
0.586738 0.100898 0.286621 149 105 0
0.589271 0.0973295 0.288638 149 105 0
0.58946 0.0925501 0.290486 149 105 0
0.588983 0.088029 0.292303 149 105 0
0.588775 0.0834143 0.293951 149 105 0
0.588867 0.0787553 0.295465 150 104 0
0.589108 0.0740093 0.296646 150 104 0
0.589629 0.0692124 0.297419 150 104 0
0.590669 0.0644438 0.297792 150 104 0
0.591678 0.0596477 0.297635 150 104 0
0.592829 0.0548974 0.29734 150 104 0
0.593779 0.0442186 0.296529 150 104 0
0.593877 0.039338 0.296389 150 104 0
0.593945 0.0344561 0.29629 150 104 0
0.59395 0.0295735 0.296189 150 104 0
0.593781 0.0246971 0.296308 150 104 0
0.593455 0.019834 0.296598 150 104 0
0.593055 0.0149842 0.297005 150 104 0
0.59262 0.0101433 0.297481 150 104 0
0.592149 0.00530987 0.297996 150 104 0
0.59165 0.000478115 0.298499 150 104 0
0.591151 -0.00436005 0.298938 150 104 0
0.590619 -0.00918662 0.299436 150 104 0
0.589839 -0.0139536 0.300151 150 104 0
0.589477 -0.0187858 0.300721 150 104 0
0.58942 -0.0264595 0.300364 150 104 0
0.589445 -0.0316578 0.30016 150 104 0
0.58953 -0.0368546 0.29994 150 104 0
0.589605 -0.0420521 0.299743 150 104 0
0.589679 -0.0472522 0.299611 150 104 0
0.589782 -0.0524504 0.299441 150 104 0
0.589944 -0.0576461 0.299235 150 104 0
0.590111 -0.0628412 0.299017 150 104 0
0.590258 -0.0680371 0.298806 150 104 0
0.590472 -0.0732261 0.298511 150 104 0
0.590612 -0.0784364 0.298132 150 104 0
0.590939 -0.0833454 0.297782 150 104 0
0.591209 -0.088261 0.297479 150 104 0
0.591417 -0.0931712 0.297066 150 104 0
0.591663 -0.0980752 0.296601 150 104 0
0.591903 -0.102978 0.296118 150 104 0
0.59212 -0.10788 0.295615 150 104 0
0.592351 -0.112776 0.295072 150 104 0
0.59263 -0.117666 0.294486 150 104 0
0.593013 -0.122553 0.293946 150 104 0
0.593403 -0.127445 0.293444 150 104 0
0.593731 -0.137983 0.293007 150 104 0
0.593927 -0.143164 0.292767 150 104 0
0.593907 -0.148331 0.292336 150 104 0
0.593908 -0.153505 0.291935 150 104 0
0.593881 -0.158683 0.291573 150 104 0
0.593844 -0.163857 0.291177 151 103 0
0.593808 -0.169027 0.290713 151 103 0
0.593922 -0.174196 0.290267 151 103 0
0.593885 -0.179368 0.289835 151 103 0
0.593772 -0.184553 0.289642 151 103 0
0.593519 -0.189736 0.289606 151 103 0
0.593595 -0.194924 0.289484 151 103 0
0.593593 -0.200114 0.289479 151 103 0
0.592865 -0.208153 0.290826 151 103 0
0.592234 -0.213141 0.291962 151 103 0
0.591843 -0.218229 0.292717 151 103 0
0.59152 -0.223337 0.293343 151 103 0
0.591327 -0.228475 0.293739 151 103 0
0.59126 -0.233628 0.293899 151 103 0
0.591283 -0.238785 0.293845 151 103 0
0.591393 -0.243936 0.29362 151 103 0
0.591563 -0.249081 0.293294 151 103 0
0.591598 -0.254237 0.293155 151 103 0
0.591583 -0.248536 0.293452 151 103 0
0.591461 -0.243853 0.293615 151 103 0
0.591324 -0.239169 0.293793 151 103 0
0.59123 -0.234481 0.293916 151 103 0
0.591181 -0.229792 0.293996 151 103 0
0.59122 -0.225109 0.293875 151 103 0
0.591361 -0.220436 0.293503 151 103 0
0.591698 -0.21579 0.292994 151 103 0
0.593172 -0.20564 0.290537 151 103 0
0.593557 -0.200481 0.290238 151 103 0
0.593756 -0.195295 0.290212 151 103 0
0.59414 -0.19012 0.289975 151 103 0
0.594478 -0.184936 0.289933 151 103 0
0.594599 -0.179747 0.29012 151 103 0
0.594654 -0.174569 0.290537 151 103 0
0.594537 -0.169394 0.290983 151 103 0
0.594352 -0.164216 0.291361 151 103 0
0.594377 -0.159036 0.291751 151 103 0
0.594403 -0.153854 0.292112 151 103 0
0.594142 -0.148676 0.292446 151 103 0
0.593897 -0.143496 0.292752 151 103 0
0.593748 -0.135662 0.29299 151 103 0
0.593418 -0.130447 0.293418 151 103 0
0.593116 -0.125231 0.293838 151 103 0
0.59283 -0.120017 0.29429 151 103 0
0.592521 -0.114813 0.29484 151 103 0
0.592271 -0.10961 0.295424 151 103 0
0.592054 -0.104402 0.295977 151 103 0
0.591794 -0.0991914 0.296494 151 103 0
0.591559 -0.0939838 0.297046 152 102 0
0.591421 -0.0887656 0.297517 152 102 0
0.590857 -0.0839155 0.297763 152 102 0
0.590692 -0.0789721 0.298064 152 102 0
0.590446 -0.0740352 0.298415 152 102 0
0.590256 -0.0690934 0.298728 152 102 0
0.590102 -0.0641466 0.298977 152 102 0
0.589935 -0.0591987 0.299193 152 102 0
0.589775 -0.0542499 0.299394 152 102 0
0.58966 -0.0492983 0.29955 152 102 0
0.589594 -0.0443448 0.299666 152 102 0
0.589573 -0.0393912 0.299796 152 102 0
0.58951 -0.0344385 0.299946 152 102 0
0.589401 -0.0236681 0.300548 152 102 0
0.589552 -0.0188527 0.300369 152 102 0
0.590129 -0.0140969 0.299816 152 102 0
0.590643 -0.00931927 0.299387 152 102 0
0.591117 -0.00453492 0.298963 152 102 0
0.591608 0.000246757 0.298529 152 102 0
0.592102 0.00502289 0.298042 152 102 0
0.592579 0.00979761 0.297523 152 102 0
0.59302 0.0145797 0.297043 152 102 0
0.593456 0.0193695 0.296651 152 102 0
0.593884 0.024169 0.296401 152 102 0
0.594093 0.028987 0.296212 152 102 0
0.594147 0.0338118 0.296171 152 102 0
0.594103 0.0386367 0.296282 152 102 0
0.593852 0.0441302 0.296059 152 102 0
0.592815 0.0492431 0.296376 152 102 0
0.592091 0.0544139 0.296818 152 102 0
0.591025 0.059531 0.297198 152 102 0
0.590013 0.0646635 0.297426 152 102 0
0.589576 0.0698787 0.2974 152 102 0
0.589132 0.0750312 0.29657 152 102 0
0.589028 0.0800922 0.295226 152 102 0
0.589461 0.0850814 0.293681 152 102 0
0.589712 0.0899306 0.291724 152 102 0
0.588792 0.0916765 0.290414 152 102 0
0.587067 0.0956962 0.28837 152 102 0
0.584955 0.0995102 0.286272 152 102 0
0.582704 0.103296 0.284268 152 102 0
0.580488 0.107108 0.282275 152 102 0
0.578414 0.111033 0.280352 152 102 0
0.576533 0.115085 0.278499 152 102 0
0.576159 0.115218 0.279417 152 102 0
0.519696 0.116566 0.25326 152 102 0
0.520232 0.116516 0.252417 152 102 0
0.520232 0.116516 0.252417 153 101 0
0.519741 0.113621 0.25326 153 101 0
0.519113 0.109361 0.254397 153 101 0
0.518526 0.105074 0.25545 153 101 0
0.518115 0.100705 0.256213 153 101 0
0.517735 0.0963225 0.256906 153 101 0
0.517693 0.0913115 0.256942 153 101 0
0.517986 0.0861358 0.256434 153 101 0
0.517821 0.0809602 0.255862 153 101 0
0.517667 0.075788 0.255257 153 101 0
0.517426 0.070602 0.254822 153 101 0
0.517084 0.0654115 0.254535 153 101 0
0.516597 0.0602247 0.25451 153 101 0
0.516444 0.0550249 0.254791 153 101 0
0.515982 0.044556 0.255636 153 101 0
0.515793 0.0397415 0.255981 153 101 0
0.515588 0.0349298 0.256353 153 101 0
0.515378 0.0301187 0.256732 153 101 0
0.515169 0.025308 0.257115 153 101 0
0.514955 0.0204976 0.2575 153 101 0
0.51476 0.0156842 0.257855 153 101 0
0.514602 0.0108653 0.258146 153 101 0
0.514488 0.00604076 0.25835 153 101 0
0.514414 0.00121273 0.258483 153 101 0
0.514357 -0.00361634 0.258587 153 101 0
0.514301 -0.00844535 0.258692 153 101 0
0.51426 -0.0132749 0.258767 153 101 0
0.514327 -0.0181019 0.25865 153 101 0
0.514471 -0.0258255 0.258385 153 101 0
0.514489 -0.0310663 0.258343 153 101 0
0.514482 -0.0363074 0.258353 153 101 0
0.51447 -0.0415486 0.258375 153 101 0
0.514487 -0.0467894 0.258342 153 101 0
0.514522 -0.0520301 0.258278 153 101 0
0.514505 -0.0572705 0.258314 153 101 0
0.514422 -0.0625085 0.258469 153 101 0
0.514344 -0.0677467 0.258618 153 101 0
0.514261 -0.072984 0.258777 153 101 0
0.514045 -0.0783366 0.259184 153 101 0
0.514194 -0.0831272 0.258908 153 101 0
0.514115 -0.0878921 0.258302 153 101 0
0.514228 -0.092579 0.257271 153 101 0
0.514512 -0.097191 0.255959 153 101 0
0.51485 -0.101778 0.254568 153 101 0
0.51516 -0.106376 0.253205 153 101 0
0.515506 -0.111012 0.252011 153 101 0
0.515991 -0.11571 0.251132 153 101 0
0.516331 -0.120461 0.250495 154 100 0
0.516552 -0.125241 0.250058 154 100 0
0.516672 -0.135776 0.249873 154 100 0
0.516827 -0.140691 0.249615 154 100 0
0.517 -0.145601 0.249289 154 100 0
0.517067 -0.150522 0.249162 154 100 0
0.517007 -0.155442 0.2493 154 100 0
0.516759 -0.160333 0.249773 154 100 0
0.516315 -0.165165 0.250584 154 100 0
0.515766 -0.169954 0.251588 154 100 0
0.51519 -0.174727 0.252649 154 100 0
0.514676 -0.179531 0.253583 154 100 0
0.514273 -0.184385 0.254308 154 100 0
0.513812 -0.189195 0.255161 154 100 0
0.512958 -0.193784 0.256727 154 100 0
0.512335 -0.198524 0.25782 154 100 0
0.513674 -0.206321 0.255372 154 100 0
0.51466 -0.21114 0.253568 154 100 0
0.515374 -0.216167 0.252253 154 100 0
0.515872 -0.221258 0.251151 154 100 0
0.515992 -0.226456 0.250504 154 100 0
0.515865 -0.231689 0.250303 154 100 0
0.515552 -0.236922 0.250443 154 100 0
0.515143 -0.242141 0.250753 154 100 0
0.51457 -0.247329 0.251237 154 100 0
0.51397 -0.2525 0.251822 154 100 0
0.51408 -0.247082 0.251605 154 100 0
0.514742 -0.242484 0.250795 154 100 0
0.515358 -0.237833 0.250284 154 100 0
0.515875 -0.233159 0.249866 154 100 0
0.516218 -0.22846 0.249756 154 100 0
0.516297 -0.223767 0.250118 154 100 0
0.516102 -0.219119 0.250923 154 100 0
0.515553 -0.214546 0.251908 154 100 0
0.513145 -0.203768 0.256344 154 100 0
0.512986 -0.198949 0.256637 154 100 0
0.513637 -0.19426 0.255479 154 100 0
0.513953 -0.189443 0.254903 154 100 0
0.51427 -0.184606 0.25432 154 100 0
0.514672 -0.179798 0.253573 154 100 0
0.515186 -0.175038 0.252624 154 100 0
0.515757 -0.170304 0.251572 154 100 0
0.516301 -0.165554 0.250577 154 100 0
0.516743 -0.160762 0.24977 154 100 0
0.516992 -0.155912 0.249295 154 100 0
0.517062 -0.151033 0.249135 154 100 0
0.516957 -0.146156 0.249316 155 99 0
0.516773 -0.14129 0.249679 155 99 0
0.51668 -0.133638 0.249847 155 99 0
0.516546 -0.12851 0.250108 155 99 0
0.516742 -0.123414 0.250702 155 99 0
0.516701 -0.11833 0.251416 155 99 0
0.516521 -0.113294 0.252401 155 99 0
0.516238 -0.108299 0.253563 155 99 0
0.515911 -0.103326 0.254808 155 99 0
0.515586 -0.0983522 0.25605 155 99 0
0.515042 -0.0934236 0.257365 155 99 0
0.51434 -0.0885037 0.258654 155 99 0
0.514028 -0.0812696 0.259199 155 99 0
0.51422 -0.0762335 0.25885 155 99 0
0.514287 -0.0711835 0.258728 155 99 0
0.514352 -0.0661333 0.258611 155 99 0
0.514444 -0.0610849 0.258437 155 99 0
0.514519 -0.0560355 0.258295 155 99 0
0.514527 -0.0509841 0.258277 155 99 0
0.514486 -0.0459326 0.258353 155 99 0
0.51446 -0.0408808 0.258402 155 99 0
0.514437 -0.035829 0.258439 155 99 0
0.514459 -0.0255228 0.258416 155 99 0
0.51431 -0.0205187 0.258694 155 99 0
0.514278 -0.0155054 0.25875 155 99 0
0.514311 -0.0104914 0.258739 155 99 0
0.514356 -0.0054781 0.258657 155 99 0
0.514399 -0.000464802 0.258577 155 99 0
0.514469 0.00454729 0.258454 155 99 0
0.514553 0.0095564 0.258246 155 99 0
0.514714 0.0145591 0.257948 155 99 0
0.514914 0.0195557 0.25758 155 99 0
0.515135 0.0245493 0.257184 155 99 0
0.515353 0.0295426 0.256783 155 99 0
0.515578 0.0345351 0.256376 155 99 0
0.51577 0.0395328 0.25602 155 99 0
0.516027 0.0449124 0.255545 155 99 0
0.516217 0.0497212 0.255204 155 99 0
0.516704 0.054515 0.255008 155 99 0
0.517217 0.0593108 0.2549 155 99 0
0.517643 0.0641156 0.254922 155 99 0
0.517966 0.0689239 0.25511 155 99 0
0.518205 0.0737282 0.25547 155 99 0
0.51829 0.0785284 0.255908 155 99 0
0.518085 0.0833335 0.256283 155 99 0
0.517777 0.0881149 0.256846 155 99 0
0.517673 0.0903963 0.257047 155 99 0
0.517811 0.0951307 0.25678 156 98 0
0.518034 0.0998493 0.256362 156 98 0
0.518473 0.104503 0.25555 156 98 0
0.519074 0.109082 0.254466 156 98 0
0.519741 0.113621 0.25326 156 98 0
0.51921 0.11368 0.254105 156 98 0
0.574981 0.117841 0.279291 156 98 0
0.575357 0.117694 0.278376 156 98 0
0.575489 0.114408 0.278174 156 98 0
0.574801 0.10982 0.279097 156 98 0
0.574261 0.105243 0.280168 156 98 0
0.573077 0.100773 0.281186 156 98 0
0.572113 0.0962929 0.282361 156 98 0
0.571269 0.0910663 0.284078 156 98 0
0.57062 0.0859453 0.285316 156 98 0
0.570229 0.080712 0.286167 156 98 0
0.57013 0.0754128 0.28656 156 98 0
0.570185 0.0701005 0.286407 156 98 0
0.570453 0.0648261 0.285795 156 98 0
0.570791 0.0595727 0.285052 156 98 0
0.57114 0.054333 0.284223 156 98 0
0.57095 0.0432692 0.284028 156 98 0
0.570915 0.0384093 0.284061 156 98 0
0.570813 0.0335688 0.284457 156 98 0
0.570462 0.0287362 0.284823 156 98 0
0.570188 0.0239043 0.285261 156 98 0
0.569834 0.0190758 0.285676 156 98 0
0.569398 0.0142506 0.286063 156 98 0
0.568975 0.00942718 0.286481 156 98 0
0.568558 0.00460422 0.286912 156 98 0
0.56812 -0.000220021 0.287307 156 98 0
0.567695 -0.00504938 0.287647 156 98 0
0.567249 -0.0098831 0.287882 156 98 0
0.566918 -0.014721 0.288083 156 98 0
0.566602 -0.0195623 0.288108 156 98 0
0.566619 -0.0275186 0.287828 156 98 0
0.566917 -0.0325122 0.287398 156 98 0
0.567067 -0.0375259 0.287179 156 98 0
0.56718 -0.0425426 0.287009 156 98 0
0.567169 -0.0475542 0.286748 156 98 0
0.567059 -0.0525606 0.286382 156 98 0
0.56691 -0.057569 0.286068 156 98 0
0.566685 -0.06258 0.285855 156 98 0
0.566384 -0.0675869 0.285644 156 98 0
0.565928 -0.0725519 0.285076 156 98 0
0.56601 -0.0802547 0.284973 156 98 0
0.566262 -0.0853081 0.28459 156 98 0
0.5666 -0.0903462 0.284085 157 97 0
0.566957 -0.0953804 0.283558 157 97 0
0.567465 -0.100398 0.283002 157 97 0
0.568063 -0.105412 0.282487 157 97 0
0.568653 -0.110427 0.281984 157 97 0
0.569226 -0.115447 0.28151 157 97 0
0.569826 -0.120466 0.281058 157 97 0
0.570503 -0.125493 0.280916 157 97 0
0.570814 -0.135787 0.280467 157 97 0
0.571055 -0.140792 0.280118 157 97 0
0.571348 -0.145788 0.279685 157 97 0
0.571431 -0.150781 0.279141 157 97 0
0.571482 -0.15578 0.278646 157 97 0
0.571492 -0.160779 0.278151 157 97 0
0.571506 -0.165782 0.277691 157 97 0
0.571479 -0.17079 0.27729 157 97 0
0.571339 -0.175803 0.277016 157 97 0
0.571062 -0.180818 0.27709 157 97 0
0.570606 -0.185805 0.277494 157 97 0
0.569986 -0.190749 0.278127 157 97 0
0.569617 -0.195715 0.278773 157 97 0
0.569099 -0.200614 0.279755 157 97 0
0.567772 -0.208593 0.282247 157 97 0
0.56777 -0.213711 0.282284 157 97 0
0.56791 -0.218832 0.282126 157 97 0
0.567982 -0.223963 0.282036 157 97 0
0.568199 -0.229084 0.281719 157 97 0
0.568451 -0.234202 0.281367 157 97 0
0.568653 -0.239327 0.281098 157 97 0
0.568754 -0.244459 0.280966 157 97 0
0.568749 -0.249595 0.280976 157 97 0
0.568515 -0.254712 0.281338 157 97 0
0.568628 -0.249112 0.281119 157 97 0
0.568831 -0.244444 0.280818 157 97 0
0.568862 -0.239759 0.280786 157 97 0
0.56875 -0.23508 0.280951 157 97 0
0.56844 -0.230427 0.281378 157 97 0
0.568039 -0.225792 0.281939 157 97 0
0.567629 -0.221164 0.282538 157 97 0
0.567063 -0.21658 0.283329 157 97 0
0.568251 -0.205865 0.281213 157 97 0
0.56894 -0.201224 0.279988 157 97 0
0.569401 -0.196471 0.279129 157 97 0
0.569837 -0.191695 0.278382 157 97 0
0.570371 -0.186915 0.277748 157 97 0
0.570842 -0.182106 0.277312 157 97 0
0.571163 -0.17727 0.277119 157 97 0
0.571347 -0.172425 0.277224 158 96 0
0.571419 -0.167584 0.27755 158 96 0
0.571419 -0.162746 0.277943 158 96 0
0.571408 -0.157912 0.278369 158 96 0
0.571405 -0.153082 0.278841 158 96 0
0.571445 -0.148283 0.279553 158 96 0
0.571146 -0.143459 0.279989 158 96 0
0.570842 -0.135611 0.280421 158 96 0
0.570652 -0.130813 0.280711 158 96 0
0.570451 -0.126015 0.281003 158 96 0
0.570224 -0.121222 0.281335 158 96 0
0.569892 -0.116442 0.28175 158 96 0
0.569361 -0.111682 0.282194 158 96 0
0.568819 -0.106926 0.282674 158 96 0
0.568272 -0.102171 0.283151 158 96 0
0.567719 -0.0974161 0.283625 158 96 0
0.56706 -0.0926815 0.284157 158 96 0
0.566254 -0.0879599 0.284595 158 96 0
0.565983 -0.0829002 0.285001 158 96 0
0.565995 -0.0781057 0.28499 158 96 0
0.566186 -0.0733272 0.285312 158 96 0
0.566439 -0.0685502 0.285639 158 96 0
0.566723 -0.0637711 0.285903 158 96 0
0.567018 -0.0589919 0.286155 158 96 0
0.567297 -0.0542134 0.286437 158 96 0
0.567411 -0.0494297 0.286676 158 96 0
0.567306 -0.0446383 0.286827 158 96 0
0.56718 -0.0398485 0.287009 158 96 0
0.566923 -0.0350758 0.287367 158 96 0
0.566645 -0.0244146 0.288036 158 96 0
0.566643 -0.0195524 0.287993 158 96 0
0.566875 -0.0147017 0.287888 158 96 0
0.567223 -0.00985226 0.28783 158 96 0
0.567626 -0.00501104 0.287631 158 96 0
0.568051 -0.00017841 0.287303 158 96 0
0.568506 0.00464516 0.286889 158 96 0
0.568939 0.0094679 0.286444 158 96 0
0.569353 0.0142948 0.286026 158 96 0
0.569782 0.0191235 0.285643 158 96 0
0.570209 0.0239526 0.285265 158 96 0
0.570631 0.0287773 0.284844 158 96 0
0.570875 0.0335967 0.284255 158 96 0
0.570914 0.0384524 0.284044 158 96 0
0.570971 0.0432497 0.283979 158 96 0
0.570893 0.0483406 0.284043 158 96 0
0.570874 0.0534287 0.284305 158 96 0
0.570742 0.0584993 0.284781 159 95 0
0.570428 0.0635346 0.285491 159 95 0
0.570142 0.0685803 0.286139 159 95 0
0.570066 0.0736536 0.286597 159 95 0
0.570053 0.0787435 0.286379 159 95 0
0.570303 0.083795 0.285765 159 95 0
0.570759 0.0887603 0.284773 159 95 0
0.571287 0.0924738 0.283523 159 95 0
0.572171 0.0968092 0.282251 159 95 0
0.573076 0.101148 0.28101 159 95 0
0.574277 0.105494 0.280081 159 95 0
0.574826 0.109944 0.279062 159 95 0
0.575489 0.114408 0.278174 159 95 0
0.57512 0.11454 0.279093 159 95 0
0.519696 0.116566 0.25326 159 95 0
0.520232 0.116516 0.252417 159 95 0
0.517978 0.114625 0.252016 159 95 0
0.514077 0.111759 0.251018 159 95 0
0.510255 0.108823 0.249932 159 95 0
0.506432 0.106042 0.248491 159 95 0
0.50279 0.103364 0.246498 159 95 0
0.499366 0.100542 0.244325 159 95 0
0.495993 0.0977484 0.242036 159 95 0
0.496348 0.0921669 0.242184 159 95 0
0.495932 0.0868843 0.242025 159 95 0
0.495491 0.0815843 0.241898 159 95 0
0.494995 0.0762878 0.241937 159 95 0
0.494496 0.0709916 0.241993 159 95 0
0.494006 0.0656948 0.242013 159 95 0
0.493887 0.0603824 0.242269 159 95 0
0.493785 0.0550683 0.242471 159 95 0
0.493137 0.0447152 0.243126 159 95 0
0.492842 0.0395267 0.243429 159 95 0
0.49257 0.0343455 0.243855 159 95 0
0.492339 0.0291527 0.24414 159 95 0
0.492128 0.0239571 0.244389 159 95 0
0.491971 0.0187563 0.244556 159 95 0
0.491918 0.0135514 0.244628 159 95 0
0.491914 0.00834559 0.244631 159 95 0
0.49192 0.00313978 0.244622 159 95 0
0.491949 -0.00206572 0.244573 159 95 0
0.491988 -0.00727083 0.244496 159 95 0
0.492098 -0.0124707 0.244276 159 95 0
0.492164 -0.0176736 0.244117 159 95 0
0.492183 -0.0253002 0.244185 159 95 0
0.492153 -0.0305451 0.244219 159 95 0
0.492078 -0.0357882 0.244334 159 95 0
0.491981 -0.0410289 0.244528 160 94 0
0.491875 -0.0462688 0.244739 160 94 0
0.491757 -0.0515082 0.244954 160 94 0
0.491641 -0.0567467 0.245193 160 94 0
0.49155 -0.0619875 0.245375 160 94 0
0.491446 -0.0672264 0.245582 160 94 0
0.491374 -0.0724681 0.24573 160 94 0
0.491592 -0.0778373 0.245413 160 94 0
0.491805 -0.0825192 0.244455 160 94 0
0.491895 -0.087235 0.243633 160 94 0
0.49203 -0.0919498 0.242809 160 94 0
0.492156 -0.096669 0.242009 160 94 0
0.492236 -0.101402 0.241294 160 94 0
0.492343 -0.106154 0.240721 160 94 0
0.492554 -0.110915 0.240261 160 94 0
0.492767 -0.115676 0.239798 160 94 0
0.492943 -0.120444 0.239389 160 94 0
0.493086 -0.125221 0.239103 160 94 0
0.49349 -0.135586 0.238276 160 94 0
0.493585 -0.140393 0.238068 160 94 0
0.493126 -0.145144 0.23861 160 94 0
0.492689 -0.149916 0.239068 160 94 0
0.492288 -0.154693 0.239545 160 94 0
0.491881 -0.159467 0.240046 160 94 0
0.491488 -0.16424 0.240563 160 94 0
0.491106 -0.169019 0.24104 160 94 0
0.490759 -0.173807 0.241431 160 94 0
0.490468 -0.178606 0.241721 160 94 0
0.490242 -0.183415 0.241817 160 94 0
0.49015 -0.188228 0.241674 160 94 0
0.490366 -0.193026 0.24137 160 94 0
0.490701 -0.197778 0.24066 160 94 0
0.49103 -0.205845 0.238714 160 94 0
0.491056 -0.210542 0.23748 160 94 0
0.490786 -0.215255 0.236344 160 94 0
0.490516 -0.220012 0.235402 160 94 0
0.49005 -0.224776 0.234568 160 94 0
0.489498 -0.229555 0.233884 160 94 0
0.48893 -0.234359 0.233428 160 94 0
0.488462 -0.239186 0.233139 160 94 0
0.487734 -0.243981 0.232857 160 94 0
0.487046 -0.248787 0.232776 160 94 0
0.486446 -0.253604 0.232689 160 94 0
0.487147 -0.248608 0.233047 160 94 0
0.488057 -0.243601 0.233166 160 94 0
0.488763 -0.238554 0.233265 160 94 0
0.489677 -0.233549 0.233568 160 94 0
0.490336 -0.228508 0.233935 161 93 0
0.490641 -0.223446 0.234445 161 93 0
0.490973 -0.218479 0.235534 161 93 0
0.490964 -0.2135 0.236612 161 93 0
0.490253 -0.20296 0.238267 161 93 0
0.489917 -0.198249 0.239158 161 93 0
0.489788 -0.193522 0.240022 161 93 0
0.489657 -0.188753 0.240614 161 93 0
0.489556 -0.183956 0.240849 161 93 0
0.489666 -0.179153 0.240848 161 93 0
0.490011 -0.174361 0.240706 161 93 0
0.490473 -0.16958 0.240501 161 93 0
0.490931 -0.164802 0.240228 161 93 0
0.49138 -0.160028 0.239884 161 93 0
0.491854 -0.155259 0.2395 161 93 0
0.492301 -0.150511 0.238926 161 93 0
0.493055 -0.145844 0.238063 161 93 0
0.49367 -0.141091 0.237875 161 93 0
0.493408 -0.133586 0.238461 161 93 0
0.493207 -0.128447 0.238839 161 93 0
0.493117 -0.12331 0.239258 161 93 0
0.492969 -0.118179 0.239737 161 93 0
0.492741 -0.113049 0.240206 161 93 0
0.492649 -0.107927 0.24078 161 93 0
0.492591 -0.102811 0.241422 161 93 0
0.49246 -0.0977053 0.242133 161 93 0
0.492335 -0.092613 0.242929 161 93 0
0.492198 -0.0875177 0.243643 161 93 0
0.491954 -0.0825555 0.244537 161 93 0
0.491698 -0.0777182 0.245065 161 93 0
0.491515 -0.0728637 0.245466 161 93 0
0.49142 -0.0679962 0.245651 161 93 0
0.49145 -0.063125 0.245581 161 93 0
0.491587 -0.0582598 0.245324 161 93 0
0.491753 -0.053399 0.244998 161 93 0
0.491893 -0.0485352 0.244711 161 93 0
0.492002 -0.0436659 0.24452 161 93 0
0.492077 -0.0387933 0.244406 161 93 0
0.492086 -0.0339195 0.244368 161 93 0
0.492165 -0.0235676 0.244179 161 93 0
0.492128 -0.0187166 0.244233 161 93 0
0.492061 -0.0138672 0.244362 161 93 0
0.491999 -0.00901733 0.244475 161 93 0
0.491958 -0.00416657 0.244555 161 93 0
0.491935 0.000684759 0.2446 161 93 0
0.491924 0.00553633 0.244618 161 93 0
0.491922 0.010388 0.244621 161 93 0
0.491939 0.0152394 0.244599 162 92 0
0.492011 0.0200893 0.244514 162 92 0
0.492168 0.0249352 0.244342 162 92 0
0.492355 0.0297779 0.244116 162 92 0
0.492558 0.0346137 0.243799 162 92 0
0.492824 0.0394438 0.243433 162 92 0
0.493204 0.04485 0.24309 162 92 0
0.493443 0.0499565 0.24283 162 92 0
0.493731 0.0550605 0.242554 162 92 0
0.493868 0.0601721 0.242302 162 92 0
0.493986 0.0652851 0.242068 162 92 0
0.494094 0.0703981 0.241831 162 92 0
0.494241 0.0755081 0.241553 162 92 0
0.494364 0.0806192 0.241284 162 92 0
0.494444 0.0857353 0.241109 162 92 0
0.49451 0.0908529 0.240981 162 92 0
0.496059 0.09343 0.241941 162 92 0
0.499557 0.0967065 0.244409 162 92 0
0.502939 0.100253 0.246674 162 92 0
0.506344 0.103952 0.248627 162 92 0
0.50995 0.107676 0.250102 162 92 0
0.513899 0.111191 0.251172 162 92 0
0.517978 0.114625 0.252016 162 92 0
0.517439 0.11468 0.252857 162 92 0
0.574981 0.117841 0.279291 162 92 0
0.575357 0.117694 0.278376 162 92 0
0.576533 0.115085 0.278499 162 92 0
0.579269 0.111681 0.280531 162 92 0
0.581783 0.108091 0.282541 162 92 0
0.584349 0.104566 0.284601 162 92 0
0.586738 0.100898 0.286621 162 92 0
0.589271 0.0973295 0.288638 162 92 0
0.58946 0.0925501 0.290486 162 92 0
0.588983 0.088029 0.292303 162 92 0
0.588775 0.0834143 0.293951 162 92 0
0.588867 0.0787553 0.295465 162 92 0
0.589108 0.0740093 0.296646 162 92 0
0.589629 0.0692124 0.297419 162 92 0
0.590669 0.0644438 0.297792 162 92 0
0.591678 0.0596477 0.297635 162 92 0
0.592829 0.0548974 0.29734 162 92 0
0.593779 0.0442186 0.296529 162 92 0
0.593877 0.039338 0.296389 162 92 0
0.593945 0.0344561 0.29629 162 92 0
0.59395 0.0295735 0.296189 162 92 0
0.593781 0.0246971 0.296308 162 92 0
0.593455 0.019834 0.296598 163 91 0
0.593055 0.0149842 0.297005 163 91 0
0.59262 0.0101433 0.297481 163 91 0
0.592149 0.00530987 0.297996 163 91 0
0.59165 0.000478115 0.298499 163 91 0
0.591151 -0.00436005 0.298938 163 91 0
0.590619 -0.00918662 0.299436 163 91 0
0.589839 -0.0139536 0.300151 163 91 0
0.589477 -0.0187858 0.300721 163 91 0
0.58942 -0.0264595 0.300364 163 91 0
0.589445 -0.0316578 0.30016 163 91 0
0.58953 -0.0368546 0.29994 163 91 0
0.589605 -0.0420521 0.299743 163 91 0
0.589679 -0.0472522 0.299611 163 91 0
0.589782 -0.0524504 0.299441 163 91 0
0.589944 -0.0576461 0.299235 163 91 0
0.590111 -0.0628412 0.299017 163 91 0
0.590258 -0.0680371 0.298806 163 91 0
0.590472 -0.0732261 0.298511 163 91 0
0.590612 -0.0784364 0.298132 163 91 0
0.590939 -0.0833454 0.297782 163 91 0
0.591209 -0.088261 0.297479 163 91 0
0.591417 -0.0931712 0.297066 163 91 0
0.591663 -0.0980752 0.296601 163 91 0
0.591903 -0.102978 0.296118 163 91 0
0.59212 -0.10788 0.295615 163 91 0
0.592351 -0.112776 0.295072 163 91 0
0.59263 -0.117666 0.294486 163 91 0
0.593013 -0.122553 0.293946 163 91 0
0.593403 -0.127445 0.293444 163 91 0
0.593731 -0.137983 0.293007 163 91 0
0.593927 -0.143164 0.292767 163 91 0
0.593907 -0.148331 0.292336 163 91 0
0.593908 -0.153505 0.291935 163 91 0
0.593881 -0.158683 0.291573 163 91 0
0.593844 -0.163857 0.291177 163 91 0
0.593808 -0.169027 0.290713 163 91 0
0.593922 -0.174196 0.290267 163 91 0
0.593885 -0.179368 0.289835 163 91 0
0.593772 -0.184553 0.289642 163 91 0
0.593519 -0.189736 0.289606 163 91 0
0.593595 -0.194924 0.289484 163 91 0
0.593593 -0.200114 0.289479 163 91 0
0.592865 -0.208153 0.290826 163 91 0
0.592234 -0.213141 0.291962 163 91 0
0.591843 -0.218229 0.292717 163 91 0
0.59152 -0.223337 0.293343 163 91 0
0.591327 -0.228475 0.293739 164 90 0
0.59126 -0.233628 0.293899 164 90 0
0.591283 -0.238785 0.293845 164 90 0
0.591393 -0.243936 0.29362 164 90 0
0.591563 -0.249081 0.293294 164 90 0
0.591598 -0.254237 0.293155 164 90 0
0.591583 -0.248536 0.293452 164 90 0
0.591461 -0.243853 0.293615 164 90 0
0.591324 -0.239169 0.293793 164 90 0
0.59123 -0.234481 0.293916 164 90 0
0.591181 -0.229792 0.293996 164 90 0
0.59122 -0.225109 0.293875 164 90 0
0.591361 -0.220436 0.293503 164 90 0
0.591698 -0.21579 0.292994 164 90 0
0.593172 -0.20564 0.290537 164 90 0
0.593557 -0.200481 0.290238 164 90 0
0.593756 -0.195295 0.290212 164 90 0
0.59414 -0.19012 0.289975 164 90 0
0.594478 -0.184936 0.289933 164 90 0
0.594599 -0.179747 0.29012 164 90 0
0.594654 -0.174569 0.290537 164 90 0
0.594537 -0.169394 0.290983 164 90 0
0.594352 -0.164216 0.291361 164 90 0
0.594377 -0.159036 0.291751 164 90 0
0.594403 -0.153854 0.292112 164 90 0
0.594142 -0.148676 0.292446 164 90 0
0.593897 -0.143496 0.292752 164 90 0
0.593748 -0.135662 0.29299 164 90 0
0.593418 -0.130447 0.293418 164 90 0
0.593116 -0.125231 0.293838 164 90 0
0.59283 -0.120017 0.29429 164 90 0
0.592521 -0.114813 0.29484 164 90 0
0.592271 -0.10961 0.295424 164 90 0
0.592054 -0.104402 0.295977 164 90 0
0.591794 -0.0991914 0.296494 164 90 0
0.591559 -0.0939838 0.297046 164 90 0
0.591421 -0.0887656 0.297517 164 90 0
0.590857 -0.0839155 0.297763 164 90 0
0.590692 -0.0789721 0.298064 164 90 0
0.590446 -0.0740352 0.298415 164 90 0
0.590256 -0.0690934 0.298728 164 90 0
0.590102 -0.0641466 0.298977 164 90 0
0.589935 -0.0591987 0.299193 164 90 0
0.589775 -0.0542499 0.299394 164 90 0
0.58966 -0.0492983 0.29955 164 90 0
0.589594 -0.0443448 0.299666 164 90 0
0.589573 -0.0393912 0.299796 164 90 0
0.58951 -0.0344385 0.299946 165 89 0
0.589401 -0.0236681 0.300548 165 89 0
0.589552 -0.0188527 0.300369 165 89 0
0.590129 -0.0140969 0.299816 165 89 0
0.590643 -0.00931927 0.299387 165 89 0
0.591117 -0.00453492 0.298963 165 89 0
0.591608 0.000246757 0.298529 165 89 0
0.592102 0.00502289 0.298042 165 89 0
0.592579 0.00979761 0.297523 165 89 0
0.59302 0.0145797 0.297043 165 89 0
0.593456 0.0193695 0.296651 165 89 0
0.593884 0.024169 0.296401 165 89 0
0.594093 0.028987 0.296212 165 89 0
0.594147 0.0338118 0.296171 165 89 0
0.594103 0.0386367 0.296282 165 89 0
0.593852 0.0441302 0.296059 165 89 0
0.592815 0.0492431 0.296376 165 89 0
0.592091 0.0544139 0.296818 165 89 0
0.591025 0.059531 0.297198 165 89 0
0.590013 0.0646635 0.297426 165 89 0
0.589576 0.0698787 0.2974 165 89 0
0.589132 0.0750312 0.29657 165 89 0
0.589028 0.0800922 0.295226 165 89 0
0.589461 0.0850814 0.293681 165 89 0
0.589712 0.0899306 0.291724 165 89 0
0.588792 0.0916765 0.290414 165 89 0
0.587067 0.0956962 0.28837 165 89 0
0.584955 0.0995102 0.286272 165 89 0
0.582704 0.103296 0.284268 165 89 0
0.580488 0.107108 0.282275 165 89 0
0.578414 0.111033 0.280352 165 89 0
0.576533 0.115085 0.278499 165 89 0
0.576159 0.115218 0.279417 165 89 0
0.519696 0.116566 0.25326 165 89 0
0.520232 0.116516 0.252417 165 89 0
0.520232 0.116516 0.252417 165 89 0
0.519741 0.113621 0.25326 165 89 0
0.519113 0.109361 0.254397 165 89 0
0.518526 0.105074 0.25545 165 89 0
0.518115 0.100705 0.256213 165 89 0
0.517735 0.0963225 0.256906 165 89 0
0.517693 0.0913115 0.256942 165 89 0
0.517986 0.0861358 0.256434 165 89 0
0.517821 0.0809602 0.255862 165 89 0
0.517667 0.075788 0.255257 165 89 0
0.517426 0.070602 0.254822 165 89 0
0.517084 0.0654115 0.254535 165 89 0
0.516597 0.0602247 0.25451 166 88 0
0.516444 0.0550249 0.254791 166 88 0
0.515982 0.044556 0.255636 166 88 0
0.515793 0.0397415 0.255981 166 88 0
0.515588 0.0349298 0.256353 166 88 0
0.515378 0.0301187 0.256732 166 88 0
0.515169 0.025308 0.257115 166 88 0
0.514955 0.0204976 0.2575 166 88 0
0.51476 0.0156842 0.257855 166 88 0
0.514602 0.0108653 0.258146 166 88 0
0.514488 0.00604076 0.25835 166 88 0
0.514414 0.00121273 0.258483 166 88 0
0.514357 -0.00361634 0.258587 166 88 0
0.514301 -0.00844535 0.258692 166 88 0
0.51426 -0.0132749 0.258767 166 88 0
0.514327 -0.0181019 0.25865 166 88 0
0.514471 -0.0258255 0.258385 166 88 0
0.514489 -0.0310663 0.258343 166 88 0
0.514482 -0.0363074 0.258353 166 88 0
0.51447 -0.0415486 0.258375 166 88 0
0.514487 -0.0467894 0.258342 166 88 0
0.514522 -0.0520301 0.258278 166 88 0
0.514505 -0.0572705 0.258314 166 88 0
0.514422 -0.0625085 0.258469 166 88 0
0.514344 -0.0677467 0.258618 166 88 0
0.514261 -0.072984 0.258777 166 88 0
0.514045 -0.0783366 0.259184 166 88 0
0.514194 -0.0831272 0.258908 166 88 0
0.514115 -0.0878921 0.258302 166 88 0
0.514228 -0.092579 0.257271 166 88 0
0.514512 -0.097191 0.255959 166 88 0
0.51485 -0.101778 0.254568 166 88 0
0.51516 -0.106376 0.253205 166 88 0
0.515506 -0.111012 0.252011 166 88 0
0.515991 -0.11571 0.251132 166 88 0
0.516331 -0.120461 0.250495 166 88 0
0.516552 -0.125241 0.250058 166 88 0
0.516672 -0.135776 0.249873 166 88 0
0.516827 -0.140691 0.249615 166 88 0
0.517 -0.145601 0.249289 166 88 0
0.517067 -0.150522 0.249162 166 88 0
0.517007 -0.155442 0.2493 166 88 0
0.516759 -0.160333 0.249773 166 88 0
0.516315 -0.165165 0.250584 166 88 0
0.515766 -0.169954 0.251588 166 88 0
0.51519 -0.174727 0.252649 166 88 0
0.514676 -0.179531 0.253583 167 87 0
0.514273 -0.184385 0.254308 167 87 0
0.513812 -0.189195 0.255161 167 87 0
0.512958 -0.193784 0.256727 167 87 0
0.512335 -0.198524 0.25782 167 87 0
0.513674 -0.206321 0.255372 167 87 0
0.51466 -0.21114 0.253568 167 87 0
0.515374 -0.216167 0.252253 167 87 0
0.515872 -0.221258 0.251151 167 87 0
0.515992 -0.226456 0.250504 167 87 0
0.515865 -0.231689 0.250303 167 87 0
0.515552 -0.236922 0.250443 167 87 0
0.515143 -0.242141 0.250753 167 87 0
0.51457 -0.247329 0.251237 167 87 0
0.51397 -0.2525 0.251822 167 87 0
0.51408 -0.247082 0.251605 167 87 0
0.514742 -0.242484 0.250795 167 87 0
0.515358 -0.237833 0.250284 167 87 0
0.515875 -0.233159 0.249866 167 87 0
0.516218 -0.22846 0.249756 167 87 0
0.516297 -0.223767 0.250118 167 87 0
0.516102 -0.219119 0.250923 167 87 0
0.515553 -0.214546 0.251908 167 87 0
0.513145 -0.203768 0.256344 167 87 0
0.512986 -0.198949 0.256637 167 87 0
0.513637 -0.19426 0.255479 167 87 0
0.513953 -0.189443 0.254903 167 87 0
0.51427 -0.184606 0.25432 167 87 0
0.514672 -0.179798 0.253573 167 87 0
0.515186 -0.175038 0.252624 167 87 0
0.515757 -0.170304 0.251572 167 87 0
0.516301 -0.165554 0.250577 167 87 0
0.516743 -0.160762 0.24977 167 87 0
0.516992 -0.155912 0.249295 167 87 0
0.517062 -0.151033 0.249135 167 87 0
0.516957 -0.146156 0.249316 167 87 0
0.516773 -0.14129 0.249679 167 87 0
0.51668 -0.133638 0.249847 167 87 0
0.516546 -0.12851 0.250108 167 87 0
0.516742 -0.123414 0.250702 167 87 0
0.516701 -0.11833 0.251416 167 87 0
0.516521 -0.113294 0.252401 167 87 0
0.516238 -0.108299 0.253563 167 87 0
0.515911 -0.103326 0.254808 167 87 0
0.515586 -0.0983522 0.25605 167 87 0
0.515042 -0.0934236 0.257365 167 87 0
0.51434 -0.0885037 0.258654 167 87 0
0.514028 -0.0812696 0.259199 168 86 0
0.51422 -0.0762335 0.25885 168 86 0
0.514287 -0.0711835 0.258728 168 86 0
0.514352 -0.0661333 0.258611 168 86 0
0.514444 -0.0610849 0.258437 168 86 0
0.514519 -0.0560355 0.258295 168 86 0
0.514527 -0.0509841 0.258277 168 86 0
0.514486 -0.0459326 0.258353 168 86 0
0.51446 -0.0408808 0.258402 168 86 0
0.514437 -0.035829 0.258439 168 86 0
0.514459 -0.0255228 0.258416 168 86 0
0.51431 -0.0205187 0.258694 168 86 0
0.514278 -0.0155054 0.25875 168 86 0
0.514311 -0.0104914 0.258739 168 86 0
0.514356 -0.0054781 0.258657 168 86 0
0.514399 -0.000464802 0.258577 168 86 0
0.514469 0.00454729 0.258454 168 86 0
0.514553 0.0095564 0.258246 168 86 0
0.514714 0.0145591 0.257948 168 86 0
0.514914 0.0195557 0.25758 168 86 0
0.515135 0.0245493 0.257184 168 86 0
0.515353 0.0295426 0.256783 168 86 0
0.515578 0.0345351 0.256376 168 86 0
0.51577 0.0395328 0.25602 168 86 0
0.516027 0.0449124 0.255545 168 86 0
0.516217 0.0497212 0.255204 168 86 0
0.516704 0.054515 0.255008 168 86 0
0.517217 0.0593108 0.2549 168 86 0
0.517643 0.0641156 0.254922 168 86 0
0.517966 0.0689239 0.25511 168 86 0
0.518205 0.0737282 0.25547 168 86 0
0.51829 0.0785284 0.255908 168 86 0
0.518085 0.0833335 0.256283 168 86 0
0.517777 0.0881149 0.256846 168 86 0
0.517673 0.0903963 0.257047 168 86 0
0.517811 0.0951307 0.25678 168 86 0
0.518034 0.0998493 0.256362 168 86 0
0.518473 0.104503 0.25555 168 86 0
0.519074 0.109082 0.254466 168 86 0
0.519741 0.113621 0.25326 168 86 0
0.51921 0.11368 0.254105 168 86 0
0.574981 0.117841 0.279291 168 86 0
0.575357 0.117694 0.278376 168 86 0
0.575489 0.114408 0.278174 168 86 0
0.574801 0.10982 0.279097 168 86 0
0.574261 0.105243 0.280168 168 86 0
0.573077 0.100773 0.281186 168 86 0
0.572113 0.0962929 0.282361 169 85 0
0.571269 0.0910663 0.284078 169 85 0
0.57062 0.0859453 0.285316 169 85 0
0.570229 0.080712 0.286167 169 85 0
0.57013 0.0754128 0.28656 169 85 0
0.570185 0.0701005 0.286407 169 85 0
0.570453 0.0648261 0.285795 169 85 0
0.570791 0.0595727 0.285052 169 85 0
0.57114 0.054333 0.284223 169 85 0
0.57095 0.0432692 0.284028 169 85 0
0.570915 0.0384093 0.284061 169 85 0
0.570813 0.0335688 0.284457 169 85 0
0.570462 0.0287362 0.284823 169 85 0
0.570188 0.0239043 0.285261 169 85 0
0.569834 0.0190758 0.285676 169 85 0
0.569398 0.0142506 0.286063 169 85 0
0.568975 0.00942718 0.286481 169 85 0
0.568558 0.00460422 0.286912 169 85 0
0.56812 -0.000220021 0.287307 169 85 0
0.567695 -0.00504938 0.287647 169 85 0
0.567249 -0.0098831 0.287882 169 85 0
0.566918 -0.014721 0.288083 169 85 0
0.566602 -0.0195623 0.288108 169 85 0
0.566619 -0.0275186 0.287828 169 85 0
0.566917 -0.0325122 0.287398 169 85 0
0.567067 -0.0375259 0.287179 169 85 0
0.56718 -0.0425426 0.287009 169 85 0
0.567169 -0.0475542 0.286748 169 85 0
0.567059 -0.0525606 0.286382 169 85 0
0.56691 -0.057569 0.286068 169 85 0
0.566685 -0.06258 0.285855 169 85 0
0.566384 -0.0675869 0.285644 169 85 0
0.565928 -0.0725519 0.285076 169 85 0
0.56601 -0.0802547 0.284973 169 85 0
0.566262 -0.0853081 0.28459 169 85 0
0.5666 -0.0903462 0.284085 169 85 0
0.566957 -0.0953804 0.283558 169 85 0
0.567465 -0.100398 0.283002 169 85 0
0.568063 -0.105412 0.282487 169 85 0
0.568653 -0.110427 0.281984 169 85 0
0.569226 -0.115447 0.28151 169 85 0
0.569826 -0.120466 0.281058 169 85 0
0.570503 -0.125493 0.280916 169 85 0
0.570814 -0.135787 0.280467 169 85 0
0.571055 -0.140792 0.280118 169 85 0
0.571348 -0.145788 0.279685 169 85 0
0.571431 -0.150781 0.279141 170 84 0
0.571482 -0.15578 0.278646 170 84 0
0.571492 -0.160779 0.278151 170 84 0
0.571506 -0.165782 0.277691 170 84 0
0.571479 -0.17079 0.27729 170 84 0
0.571339 -0.175803 0.277016 170 84 0
0.571062 -0.180818 0.27709 170 84 0
0.570606 -0.185805 0.277494 170 84 0
0.569986 -0.190749 0.278127 170 84 0
0.569617 -0.195715 0.278773 170 84 0
0.569099 -0.200614 0.279755 170 84 0
0.567772 -0.208593 0.282247 170 84 0
0.56777 -0.213711 0.282284 170 84 0
0.56791 -0.218832 0.282126 170 84 0
0.567982 -0.223963 0.282036 170 84 0
0.568199 -0.229084 0.281719 170 84 0
0.568451 -0.234202 0.281367 170 84 0
0.568653 -0.239327 0.281098 170 84 0
0.568754 -0.244459 0.280966 170 84 0
0.568749 -0.249595 0.280976 170 84 0
0.568515 -0.254712 0.281338 170 84 0
0.568628 -0.249112 0.281119 170 84 0
0.568831 -0.244444 0.280818 170 84 0
0.568862 -0.239759 0.280786 170 84 0
0.56875 -0.23508 0.280951 170 84 0
0.56844 -0.230427 0.281378 170 84 0
0.568039 -0.225792 0.281939 170 84 0
0.567629 -0.221164 0.282538 170 84 0
0.567063 -0.21658 0.283329 170 84 0
0.568251 -0.205865 0.281213 170 84 0
0.56894 -0.201224 0.279988 170 84 0
0.569401 -0.196471 0.279129 170 84 0
0.569837 -0.191695 0.278382 170 84 0
0.570371 -0.186915 0.277748 170 84 0
0.570842 -0.182106 0.277312 170 84 0
0.571163 -0.17727 0.277119 170 84 0
0.571347 -0.172425 0.277224 170 84 0
0.571419 -0.167584 0.27755 170 84 0
0.571419 -0.162746 0.277943 170 84 0
0.571408 -0.157912 0.278369 170 84 0
0.571405 -0.153082 0.278841 170 84 0
0.571445 -0.148283 0.279553 170 84 0
0.571146 -0.143459 0.279989 170 84 0
0.570842 -0.135611 0.280421 170 84 0
0.570652 -0.130813 0.280711 170 84 0
0.570451 -0.126015 0.281003 170 84 0
0.570224 -0.121222 0.281335 170 84 0
0.569892 -0.116442 0.28175 171 83 0
0.569361 -0.111682 0.282194 171 83 0
0.568819 -0.106926 0.282674 171 83 0
0.568272 -0.102171 0.283151 171 83 0
0.567719 -0.0974161 0.283625 171 83 0
0.56706 -0.0926815 0.284157 171 83 0
0.566254 -0.0879599 0.284595 171 83 0
0.565983 -0.0829002 0.285001 171 83 0
0.565995 -0.0781057 0.28499 171 83 0
0.566186 -0.0733272 0.285312 171 83 0
0.566439 -0.0685502 0.285639 171 83 0
0.566723 -0.0637711 0.285903 171 83 0
0.567018 -0.0589919 0.286155 171 83 0
0.567297 -0.0542134 0.286437 171 83 0
0.567411 -0.0494297 0.286676 171 83 0
0.567306 -0.0446383 0.286827 171 83 0
0.56718 -0.0398485 0.287009 171 83 0
0.566923 -0.0350758 0.287367 171 83 0
0.566645 -0.0244146 0.288036 171 83 0
0.566643 -0.0195524 0.287993 171 83 0
0.566875 -0.0147017 0.287888 171 83 0
0.567223 -0.00985226 0.28783 171 83 0
0.567626 -0.00501104 0.287631 171 83 0
0.568051 -0.00017841 0.287303 171 83 0
0.568506 0.00464516 0.286889 171 83 0
0.568939 0.0094679 0.286444 171 83 0
0.569353 0.0142948 0.286026 171 83 0
0.569782 0.0191235 0.285643 171 83 0
0.570209 0.0239526 0.285265 171 83 0
0.570631 0.0287773 0.284844 171 83 0
0.570875 0.0335967 0.284255 171 83 0
0.570914 0.0384524 0.284044 171 83 0
0.570971 0.0432497 0.283979 171 83 0
0.570893 0.0483406 0.284043 171 83 0
0.570874 0.0534287 0.284305 171 83 0
0.570742 0.0584993 0.284781 171 83 0
0.570428 0.0635346 0.285491 171 83 0
0.570142 0.0685803 0.286139 171 83 0
0.570066 0.0736536 0.286597 171 83 0
0.570053 0.0787435 0.286379 171 83 0
0.570303 0.083795 0.285765 171 83 0
0.570759 0.0887603 0.284773 171 83 0
0.571287 0.0924738 0.283523 171 83 0
0.572171 0.0968092 0.282251 171 83 0
0.573076 0.101148 0.28101 171 83 0
0.574277 0.105494 0.280081 171 83 0
0.574826 0.109944 0.279062 171 83 0
0.575489 0.114408 0.278174 172 82 0
0.57512 0.11454 0.279093 172 82 0
0.519696 0.116566 0.25326 172 82 0
0.520232 0.116516 0.252417 172 82 0
0.517978 0.114625 0.252016 172 82 0
0.514077 0.111759 0.251018 172 82 0
0.510255 0.108823 0.249932 172 82 0
0.506432 0.106042 0.248491 172 82 0
0.50279 0.103364 0.246498 172 82 0
0.499366 0.100542 0.244325 172 82 0
0.495993 0.0977484 0.242036 172 82 0
0.496348 0.0921669 0.242184 172 82 0
0.495932 0.0868843 0.242025 172 82 0
0.495491 0.0815843 0.241898 172 82 0
0.494995 0.0762878 0.241937 172 82 0
0.494496 0.0709916 0.241993 172 82 0
0.494006 0.0656948 0.242013 172 82 0
0.493887 0.0603824 0.242269 172 82 0
0.493785 0.0550683 0.242471 172 82 0
0.493137 0.0447152 0.243126 172 82 0
0.492842 0.0395267 0.243429 172 82 0
0.49257 0.0343455 0.243855 172 82 0
0.492339 0.0291527 0.24414 172 82 0
0.492128 0.0239571 0.244389 172 82 0
0.491971 0.0187563 0.244556 172 82 0
0.491918 0.0135514 0.244628 172 82 0
0.491914 0.00834559 0.244631 172 82 0
0.49192 0.00313978 0.244622 172 82 0
0.491949 -0.00206572 0.244573 172 82 0
0.491988 -0.00727083 0.244496 172 82 0
0.492098 -0.0124707 0.244276 172 82 0
0.492164 -0.0176736 0.244117 172 82 0
0.492183 -0.0253002 0.244185 172 82 0
0.492153 -0.0305451 0.244219 172 82 0
0.492078 -0.0357882 0.244334 172 82 0
0.491981 -0.0410289 0.244528 172 82 0
0.491875 -0.0462688 0.244739 172 82 0
0.491757 -0.0515082 0.244954 172 82 0
0.491641 -0.0567467 0.245193 172 82 0
0.49155 -0.0619875 0.245375 172 82 0
0.491446 -0.0672264 0.245582 172 82 0
0.491374 -0.0724681 0.24573 172 82 0
0.491592 -0.0778373 0.245413 172 82 0
0.491805 -0.0825192 0.244455 172 82 0
0.491895 -0.087235 0.243633 172 82 0
0.49203 -0.0919498 0.242809 172 82 0
0.492156 -0.096669 0.242009 172 82 0
0.492236 -0.101402 0.241294 173 81 0
0.492343 -0.106154 0.240721 173 81 0
0.492554 -0.110915 0.240261 173 81 0
0.492767 -0.115676 0.239798 173 81 0
0.492943 -0.120444 0.239389 173 81 0
0.493086 -0.125221 0.239103 173 81 0
0.49349 -0.135586 0.238276 173 81 0
0.493585 -0.140393 0.238068 173 81 0
0.493126 -0.145144 0.23861 173 81 0
0.492689 -0.149916 0.239068 173 81 0
0.492288 -0.154693 0.239545 173 81 0
0.491881 -0.159467 0.240046 173 81 0
0.491488 -0.16424 0.240563 173 81 0
0.491106 -0.169019 0.24104 173 81 0
0.490759 -0.173807 0.241431 173 81 0
0.490468 -0.178606 0.241721 173 81 0
0.490242 -0.183415 0.241817 173 81 0
0.49015 -0.188228 0.241674 173 81 0
0.490366 -0.193026 0.24137 173 81 0
0.490701 -0.197778 0.24066 173 81 0
0.49103 -0.205845 0.238714 173 81 0
0.491056 -0.210542 0.23748 173 81 0
0.490786 -0.215255 0.236344 173 81 0
0.490516 -0.220012 0.235402 173 81 0
0.49005 -0.224776 0.234568 173 81 0
0.489498 -0.229555 0.233884 173 81 0
0.48893 -0.234359 0.233428 173 81 0
0.488462 -0.239186 0.233139 173 81 0
0.487734 -0.243981 0.232857 173 81 0
0.487046 -0.248787 0.232776 173 81 0
0.486446 -0.253604 0.232689 173 81 0
0.487147 -0.248608 0.233047 173 81 0
0.488057 -0.243601 0.233166 173 81 0
0.488763 -0.238554 0.233265 173 81 0
0.489677 -0.233549 0.233568 173 81 0
0.490336 -0.228508 0.233935 173 81 0
0.490641 -0.223446 0.234445 173 81 0
0.490973 -0.218479 0.235534 173 81 0
0.490964 -0.2135 0.236612 173 81 0
0.490253 -0.20296 0.238267 173 81 0
0.489917 -0.198249 0.239158 173 81 0
0.489788 -0.193522 0.240022 173 81 0
0.489657 -0.188753 0.240614 173 81 0
0.489556 -0.183956 0.240849 173 81 0
0.489666 -0.179153 0.240848 173 81 0
0.490011 -0.174361 0.240706 173 81 0
0.490473 -0.16958 0.240501 174 80 0
0.490931 -0.164802 0.240228 174 80 0
0.49138 -0.160028 0.239884 174 80 0
0.491854 -0.155259 0.2395 174 80 0
0.492301 -0.150511 0.238926 174 80 0
0.493055 -0.145844 0.238063 174 80 0
0.49367 -0.141091 0.237875 174 80 0
0.493408 -0.133586 0.238461 174 80 0
0.493207 -0.128447 0.238839 174 80 0
0.493117 -0.12331 0.239258 174 80 0
0.492969 -0.118179 0.239737 174 80 0
0.492741 -0.113049 0.240206 174 80 0
0.492649 -0.107927 0.24078 174 80 0
0.492591 -0.102811 0.241422 174 80 0
0.49246 -0.0977053 0.242133 174 80 0
0.492335 -0.092613 0.242929 174 80 0
0.492198 -0.0875177 0.243643 174 80 0
0.491954 -0.0825555 0.244537 174 80 0
0.491698 -0.0777182 0.245065 174 80 0
0.491515 -0.0728637 0.245466 174 80 0
0.49142 -0.0679962 0.245651 174 80 0
0.49145 -0.063125 0.245581 174 80 0
0.491587 -0.0582598 0.245324 174 80 0
0.491753 -0.053399 0.244998 174 80 0
0.491893 -0.0485352 0.244711 174 80 0
0.492002 -0.0436659 0.24452 174 80 0
0.492077 -0.0387933 0.244406 174 80 0
0.492086 -0.0339195 0.244368 174 80 0
0.492165 -0.0235676 0.244179 174 80 0
0.492128 -0.0187166 0.244233 174 80 0
0.492061 -0.0138672 0.244362 174 80 0
0.491999 -0.00901733 0.244475 174 80 0
0.491958 -0.00416657 0.244555 174 80 0
0.491935 0.000684759 0.2446 174 80 0
0.491924 0.00553633 0.244618 174 80 0
0.491922 0.010388 0.244621 174 80 0
0.491939 0.0152394 0.244599 174 80 0
0.492011 0.0200893 0.244514 174 80 0
0.492168 0.0249352 0.244342 174 80 0
0.492355 0.0297779 0.244116 174 80 0
0.492558 0.0346137 0.243799 174 80 0
0.492824 0.0394438 0.243433 174 80 0
0.493204 0.04485 0.24309 174 80 0
0.493443 0.0499565 0.24283 174 80 0
0.493731 0.0550605 0.242554 174 80 0
0.493868 0.0601721 0.242302 174 80 0
0.493986 0.0652851 0.242068 174 80 0
0.494094 0.0703981 0.241831 175 79 0
0.494241 0.0755081 0.241553 175 79 0
0.494364 0.0806192 0.241284 175 79 0
0.494444 0.0857353 0.241109 175 79 0
0.49451 0.0908529 0.240981 175 79 0
0.496059 0.09343 0.241941 175 79 0
0.499557 0.0967065 0.244409 175 79 0
0.502939 0.100253 0.246674 175 79 0
0.506344 0.103952 0.248627 175 79 0
0.50995 0.107676 0.250102 175 79 0
0.513899 0.111191 0.251172 175 79 0
0.517978 0.114625 0.252016 175 79 0
0.517439 0.11468 0.252857 175 79 0
0.574981 0.117841 0.279291 175 79 0
0.575357 0.117694 0.278376 175 79 0
0.576533 0.115085 0.278499 175 79 0
0.579269 0.111681 0.280531 175 79 0
0.581783 0.108091 0.282541 175 79 0
0.584349 0.104566 0.284601 175 79 0
0.586738 0.100898 0.286621 175 79 0
0.589271 0.0973295 0.288638 175 79 0
0.58946 0.0925501 0.290486 175 79 0
0.588983 0.088029 0.292303 175 79 0
0.588775 0.0834143 0.293951 175 79 0
0.588867 0.0787553 0.295465 175 79 0
0.589108 0.0740093 0.296646 175 79 0
0.589629 0.0692124 0.297419 175 79 0
0.590669 0.0644438 0.297792 175 79 0
0.591678 0.0596477 0.297635 175 79 0
0.592829 0.0548974 0.29734 175 79 0
0.593779 0.0442186 0.296529 175 79 0
0.593877 0.039338 0.296389 175 79 0
0.593945 0.0344561 0.29629 175 79 0
0.59395 0.0295735 0.296189 175 79 0
0.593781 0.0246971 0.296308 175 79 0
0.593455 0.019834 0.296598 175 79 0
0.593055 0.0149842 0.297005 175 79 0
0.59262 0.0101433 0.297481 175 79 0
0.592149 0.00530987 0.297996 175 79 0
0.59165 0.000478115 0.298499 175 79 0
0.591151 -0.00436005 0.298938 175 79 0
0.590619 -0.00918662 0.299436 175 79 0
0.589839 -0.0139536 0.300151 175 79 0
0.589477 -0.0187858 0.300721 175 79 0
0.58942 -0.0264595 0.300364 175 79 0
0.589445 -0.0316578 0.30016 175 79 0
0.58953 -0.0368546 0.29994 175 79 0
0.589605 -0.0420521 0.299743 176 78 0
0.589679 -0.0472522 0.299611 176 78 0
0.589782 -0.0524504 0.299441 176 78 0
0.589944 -0.0576461 0.299235 176 78 0
0.590111 -0.0628412 0.299017 176 78 0
0.590258 -0.0680371 0.298806 176 78 0
0.590472 -0.0732261 0.298511 176 78 0
0.590612 -0.0784364 0.298132 176 78 0
0.590939 -0.0833454 0.297782 176 78 0
0.591209 -0.088261 0.297479 176 78 0
0.591417 -0.0931712 0.297066 176 78 0
0.591663 -0.0980752 0.296601 176 78 0
0.591903 -0.102978 0.296118 176 78 0
0.59212 -0.10788 0.295615 176 78 0
0.592351 -0.112776 0.295072 176 78 0
0.59263 -0.117666 0.294486 176 78 0
0.593013 -0.122553 0.293946 176 78 0
0.593403 -0.127445 0.293444 176 78 0
0.593731 -0.137983 0.293007 176 78 0
0.593927 -0.143164 0.292767 176 78 0
0.593907 -0.148331 0.292336 176 78 0
0.593908 -0.153505 0.291935 176 78 0
0.593881 -0.158683 0.291573 176 78 0
0.593844 -0.163857 0.291177 176 78 0
0.593808 -0.169027 0.290713 176 78 0
0.593922 -0.174196 0.290267 176 78 0
0.593885 -0.179368 0.289835 176 78 0
0.593772 -0.184553 0.289642 176 78 0
0.593519 -0.189736 0.289606 176 78 0
0.593595 -0.194924 0.289484 176 78 0
0.593593 -0.200114 0.289479 176 78 0
0.592865 -0.208153 0.290826 176 78 0
0.592234 -0.213141 0.291962 176 78 0
0.591843 -0.218229 0.292717 176 78 0
0.59152 -0.223337 0.293343 176 78 0
0.591327 -0.228475 0.293739 176 78 0
0.59126 -0.233628 0.293899 176 78 0
0.591283 -0.238785 0.293845 176 78 0
0.591393 -0.243936 0.29362 176 78 0
0.591563 -0.249081 0.293294 176 78 0
0.591598 -0.254237 0.293155 176 78 0
0.591583 -0.248536 0.293452 176 78 0
0.591461 -0.243853 0.293615 176 78 0
0.591324 -0.239169 0.293793 176 78 0
0.59123 -0.234481 0.293916 176 78 0
0.591181 -0.229792 0.293996 176 78 0
0.59122 -0.225109 0.293875 176 78 0
0.591361 -0.220436 0.293503 177 77 0
0.591698 -0.21579 0.292994 177 77 0
0.593172 -0.20564 0.290537 177 77 0
0.593557 -0.200481 0.290238 177 77 0
0.593756 -0.195295 0.290212 177 77 0
0.59414 -0.19012 0.289975 177 77 0
0.594478 -0.184936 0.289933 177 77 0
0.594599 -0.179747 0.29012 177 77 0
0.594654 -0.174569 0.290537 177 77 0
0.594537 -0.169394 0.290983 177 77 0
0.594352 -0.164216 0.291361 177 77 0
0.594377 -0.159036 0.291751 177 77 0
0.594403 -0.153854 0.292112 177 77 0
0.594142 -0.148676 0.292446 177 77 0
0.593897 -0.143496 0.292752 177 77 0
0.593748 -0.135662 0.29299 177 77 0
0.593418 -0.130447 0.293418 177 77 0
0.593116 -0.125231 0.293838 177 77 0
0.59283 -0.120017 0.29429 177 77 0
0.592521 -0.114813 0.29484 177 77 0
0.592271 -0.10961 0.295424 177 77 0
0.592054 -0.104402 0.295977 177 77 0
0.591794 -0.0991914 0.296494 177 77 0
0.591559 -0.0939838 0.297046 177 77 0
0.591421 -0.0887656 0.297517 177 77 0
0.590857 -0.0839155 0.297763 177 77 0
0.590692 -0.0789721 0.298064 177 77 0
0.590446 -0.0740352 0.298415 177 77 0
0.590256 -0.0690934 0.298728 177 77 0
0.590102 -0.0641466 0.298977 177 77 0
0.589935 -0.0591987 0.299193 177 77 0
0.589775 -0.0542499 0.299394 177 77 0
0.58966 -0.0492983 0.29955 177 77 0
0.589594 -0.0443448 0.299666 177 77 0
0.589573 -0.0393912 0.299796 177 77 0
0.58951 -0.0344385 0.299946 177 77 0
0.589401 -0.0236681 0.300548 177 77 0
0.589552 -0.0188527 0.300369 177 77 0
0.590129 -0.0140969 0.299816 177 77 0
0.590643 -0.00931927 0.299387 177 77 0
0.591117 -0.00453492 0.298963 177 77 0
0.591608 0.000246757 0.298529 177 77 0
0.592102 0.00502289 0.298042 177 77 0
0.592579 0.00979761 0.297523 177 77 0
0.59302 0.0145797 0.297043 177 77 0
0.593456 0.0193695 0.296651 177 77 0
0.593884 0.024169 0.296401 178 76 0
0.594093 0.028987 0.296212 178 76 0
0.594147 0.0338118 0.296171 178 76 0
0.594103 0.0386367 0.296282 178 76 0
0.593852 0.0441302 0.296059 178 76 0
0.592815 0.0492431 0.296376 178 76 0
0.592091 0.0544139 0.296818 178 76 0
0.591025 0.059531 0.297198 178 76 0
0.590013 0.0646635 0.297426 178 76 0
0.589576 0.0698787 0.2974 178 76 0
0.589132 0.0750312 0.29657 178 76 0
0.589028 0.0800922 0.295226 178 76 0
0.589461 0.0850814 0.293681 178 76 0
0.589712 0.0899306 0.291724 178 76 0
0.588792 0.0916765 0.290414 178 76 0
0.587067 0.0956962 0.28837 178 76 0
0.584955 0.0995102 0.286272 178 76 0
0.582704 0.103296 0.284268 178 76 0
0.580488 0.107108 0.282275 178 76 0
0.578414 0.111033 0.280352 178 76 0
0.576533 0.115085 0.278499 178 76 0
0.576159 0.115218 0.279417 178 76 0
0.519696 0.116566 0.25326 178 76 0
0.520232 0.116516 0.252417 178 76 0
0.520232 0.116516 0.252417 178 76 0
0.519741 0.113621 0.25326 178 76 0
0.519113 0.109361 0.254397 178 76 0
0.518526 0.105074 0.25545 178 76 0
0.518115 0.100705 0.256213 178 76 0
0.517735 0.0963225 0.256906 178 76 0
0.517693 0.0913115 0.256942 178 76 0
0.517986 0.0861358 0.256434 178 76 0
0.517821 0.0809602 0.255862 178 76 0
0.517667 0.075788 0.255257 178 76 0
0.517426 0.070602 0.254822 178 76 0
0.517084 0.0654115 0.254535 178 76 0
0.516597 0.0602247 0.25451 178 76 0
0.516444 0.0550249 0.254791 178 76 0
0.515982 0.044556 0.255636 178 76 0
0.515793 0.0397415 0.255981 178 76 0
0.515588 0.0349298 0.256353 178 76 0
0.515378 0.0301187 0.256732 178 76 0
0.515169 0.025308 0.257115 178 76 0
0.514955 0.0204976 0.2575 178 76 0
0.51476 0.0156842 0.257855 178 76 0
0.514602 0.0108653 0.258146 178 76 0
0.514488 0.00604076 0.25835 178 76 0
0.514414 0.00121273 0.258483 179 75 0
0.514357 -0.00361634 0.258587 179 75 0
0.514301 -0.00844535 0.258692 179 75 0
0.51426 -0.0132749 0.258767 179 75 0
0.514327 -0.0181019 0.25865 179 75 0
0.514471 -0.0258255 0.258385 179 75 0
0.514489 -0.0310663 0.258343 179 75 0
0.514482 -0.0363074 0.258353 179 75 0
0.51447 -0.0415486 0.258375 179 75 0
0.514487 -0.0467894 0.258342 179 75 0
0.514522 -0.0520301 0.258278 179 75 0
0.514505 -0.0572705 0.258314 179 75 0
0.514422 -0.0625085 0.258469 179 75 0
0.514344 -0.0677467 0.258618 179 75 0
0.514261 -0.072984 0.258777 179 75 0
0.514045 -0.0783366 0.259184 179 75 0
0.514194 -0.0831272 0.258908 179 75 0
0.514115 -0.0878921 0.258302 179 75 0
0.514228 -0.092579 0.257271 179 75 0
0.514512 -0.097191 0.255959 179 75 0
0.51485 -0.101778 0.254568 179 75 0
0.51516 -0.106376 0.253205 179 75 0
0.515506 -0.111012 0.252011 179 75 0
0.515991 -0.11571 0.251132 179 75 0
0.516331 -0.120461 0.250495 179 75 0
0.516552 -0.125241 0.250058 179 75 0
0.516672 -0.135776 0.249873 179 75 0
0.516827 -0.140691 0.249615 179 75 0
0.517 -0.145601 0.249289 179 75 0
0.517067 -0.150522 0.249162 179 75 0
0.517007 -0.155442 0.2493 179 75 0
0.516759 -0.160333 0.249773 179 75 0
0.516315 -0.165165 0.250584 179 75 0
0.515766 -0.169954 0.251588 179 75 0
0.51519 -0.174727 0.252649 179 75 0
0.514676 -0.179531 0.253583 179 75 0
0.514273 -0.184385 0.254308 179 75 0
0.513812 -0.189195 0.255161 179 75 0
0.512958 -0.193784 0.256727 179 75 0
0.512335 -0.198524 0.25782 179 75 0
0.513674 -0.206321 0.255372 179 75 0
0.51466 -0.21114 0.253568 179 75 0
0.515374 -0.216167 0.252253 179 75 0
0.515872 -0.221258 0.251151 179 75 0
0.515992 -0.226456 0.250504 179 75 0
0.515865 -0.231689 0.250303 179 75 0
0.515552 -0.236922 0.250443 179 75 0
0.515143 -0.242141 0.250753 180 74 0
0.51457 -0.247329 0.251237 180 74 0
0.51397 -0.2525 0.251822 180 74 0
0.51408 -0.247082 0.251605 180 74 0
0.514742 -0.242484 0.250795 180 74 0
0.515358 -0.237833 0.250284 180 74 0
0.515875 -0.233159 0.249866 180 74 0
0.516218 -0.22846 0.249756 180 74 0
0.516297 -0.223767 0.250118 180 74 0
0.516102 -0.219119 0.250923 180 74 0
0.515553 -0.214546 0.251908 180 74 0
0.513145 -0.203768 0.256344 180 74 0
0.512986 -0.198949 0.256637 180 74 0
0.513637 -0.19426 0.255479 180 74 0
0.513953 -0.189443 0.254903 180 74 0
0.51427 -0.184606 0.25432 180 74 0
0.514672 -0.179798 0.253573 180 74 0
0.515186 -0.175038 0.252624 180 74 0
0.515757 -0.170304 0.251572 180 74 0
0.516301 -0.165554 0.250577 180 74 0
0.516743 -0.160762 0.24977 180 74 0
0.516992 -0.155912 0.249295 180 74 0
0.517062 -0.151033 0.249135 180 74 0
0.516957 -0.146156 0.249316 180 74 0
0.516773 -0.14129 0.249679 180 74 0
0.51668 -0.133638 0.249847 180 74 0
0.516546 -0.12851 0.250108 180 74 0
0.516742 -0.123414 0.250702 180 74 0
0.516701 -0.11833 0.251416 180 74 0
0.516521 -0.113294 0.252401 180 74 0
0.516238 -0.108299 0.253563 180 74 0
0.515911 -0.103326 0.254808 180 74 0
0.515586 -0.0983522 0.25605 180 74 0
0.515042 -0.0934236 0.257365 180 74 0
0.51434 -0.0885037 0.258654 180 74 0
0.514028 -0.0812696 0.259199 180 74 0
0.51422 -0.0762335 0.25885 180 74 0
0.514287 -0.0711835 0.258728 180 74 0
0.514352 -0.0661333 0.258611 180 74 0
0.514444 -0.0610849 0.258437 180 74 0
0.514519 -0.0560355 0.258295 180 74 0
0.514527 -0.0509841 0.258277 180 74 0
0.514486 -0.0459326 0.258353 180 74 0
0.51446 -0.0408808 0.258402 180 74 0
0.514437 -0.035829 0.258439 180 74 0
0.514459 -0.0255228 0.258416 180 74 0
0.51431 -0.0205187 0.258694 180 74 0
0.514278 -0.0155054 0.25875 181 73 0
0.514311 -0.0104914 0.258739 181 73 0
0.514356 -0.0054781 0.258657 181 73 0
0.514399 -0.000464802 0.258577 181 73 0
0.514469 0.00454729 0.258454 181 73 0
0.514553 0.0095564 0.258246 181 73 0
0.514714 0.0145591 0.257948 181 73 0
0.514914 0.0195557 0.25758 181 73 0
0.515135 0.0245493 0.257184 181 73 0
0.515353 0.0295426 0.256783 181 73 0
0.515578 0.0345351 0.256376 181 73 0
0.51577 0.0395328 0.25602 181 73 0
0.516027 0.0449124 0.255545 181 73 0
0.516217 0.0497212 0.255204 181 73 0
0.516704 0.054515 0.255008 181 73 0
0.517217 0.0593108 0.2549 181 73 0
0.517643 0.0641156 0.254922 181 73 0
0.517966 0.0689239 0.25511 181 73 0
0.518205 0.0737282 0.25547 181 73 0
0.51829 0.0785284 0.255908 181 73 0
0.518085 0.0833335 0.256283 181 73 0
0.517777 0.0881149 0.256846 181 73 0
0.517673 0.0903963 0.257047 181 73 0
0.517811 0.0951307 0.25678 181 73 0
0.518034 0.0998493 0.256362 181 73 0
0.518473 0.104503 0.25555 181 73 0
0.519074 0.109082 0.254466 181 73 0
0.519741 0.113621 0.25326 181 73 0
0.51921 0.11368 0.254105 181 73 0
0.574981 0.117841 0.279291 181 73 0
0.575357 0.117694 0.278376 181 73 0
0.575489 0.114408 0.278174 181 73 0
0.574801 0.10982 0.279097 181 73 0
0.574261 0.105243 0.280168 181 73 0
0.573077 0.100773 0.281186 181 73 0
0.572113 0.0962929 0.282361 181 73 0
0.571269 0.0910663 0.284078 181 73 0
0.57062 0.0859453 0.285316 181 73 0
0.570229 0.080712 0.286167 181 73 0
0.57013 0.0754128 0.28656 181 73 0
0.570185 0.0701005 0.286407 181 73 0
0.570453 0.0648261 0.285795 181 73 0
0.570791 0.0595727 0.285052 181 73 0
0.57114 0.054333 0.284223 181 73 0
0.57095 0.0432692 0.284028 181 73 0
0.570915 0.0384093 0.284061 181 73 0
0.570813 0.0335688 0.284457 182 72 0
0.570462 0.0287362 0.284823 182 72 0
0.570188 0.0239043 0.285261 182 72 0
0.569834 0.0190758 0.285676 182 72 0
0.569398 0.0142506 0.286063 182 72 0
0.568975 0.00942718 0.286481 182 72 0
0.568558 0.00460422 0.286912 182 72 0
0.56812 -0.000220021 0.287307 182 72 0
0.567695 -0.00504938 0.287647 182 72 0
0.567249 -0.0098831 0.287882 182 72 0
0.566918 -0.014721 0.288083 182 72 0
0.566602 -0.0195623 0.288108 182 72 0
0.566619 -0.0275186 0.287828 182 72 0
0.566917 -0.0325122 0.287398 182 72 0
0.567067 -0.0375259 0.287179 182 72 0
0.56718 -0.0425426 0.287009 182 72 0
0.567169 -0.0475542 0.286748 182 72 0
0.567059 -0.0525606 0.286382 182 72 0
0.56691 -0.057569 0.286068 182 72 0
0.566685 -0.06258 0.285855 182 72 0
0.566384 -0.0675869 0.285644 182 72 0
0.565928 -0.0725519 0.285076 182 72 0
0.56601 -0.0802547 0.284973 182 72 0
0.566262 -0.0853081 0.28459 182 72 0
0.5666 -0.0903462 0.284085 182 72 0
0.566957 -0.0953804 0.283558 182 72 0
0.567465 -0.100398 0.283002 182 72 0
0.568063 -0.105412 0.282487 182 72 0
0.568653 -0.110427 0.281984 182 72 0
0.569226 -0.115447 0.28151 182 72 0
0.569826 -0.120466 0.281058 182 72 0
0.570503 -0.125493 0.280916 182 72 0
0.570814 -0.135787 0.280467 182 72 0
0.571055 -0.140792 0.280118 182 72 0
0.571348 -0.145788 0.279685 182 72 0
0.571431 -0.150781 0.279141 182 72 0
0.571482 -0.15578 0.278646 182 72 0
0.571492 -0.160779 0.278151 182 72 0
0.571506 -0.165782 0.277691 182 72 0
0.571479 -0.17079 0.27729 182 72 0
0.571339 -0.175803 0.277016 182 72 0
0.571062 -0.180818 0.27709 182 72 0
0.570606 -0.185805 0.277494 182 72 0
0.569986 -0.190749 0.278127 182 72 0
0.569617 -0.195715 0.278773 182 72 0
0.569099 -0.200614 0.279755 182 72 0
0.567772 -0.208593 0.282247 182 72 0
0.56777 -0.213711 0.282284 183 71 0
0.56791 -0.218832 0.282126 183 71 0
0.567982 -0.223963 0.282036 183 71 0
0.568199 -0.229084 0.281719 183 71 0
0.568451 -0.234202 0.281367 183 71 0
0.568653 -0.239327 0.281098 183 71 0
0.568754 -0.244459 0.280966 183 71 0
0.568749 -0.249595 0.280976 183 71 0
0.568515 -0.254712 0.281338 183 71 0
0.568628 -0.249112 0.281119 183 71 0
0.568831 -0.244444 0.280818 183 71 0
0.568862 -0.239759 0.280786 183 71 0
0.56875 -0.23508 0.280951 183 71 0
0.56844 -0.230427 0.281378 183 71 0
0.568039 -0.225792 0.281939 183 71 0
0.567629 -0.221164 0.282538 183 71 0
0.567063 -0.21658 0.283329 183 71 0
0.568251 -0.205865 0.281213 183 71 0
0.56894 -0.201224 0.279988 183 71 0
0.569401 -0.196471 0.279129 183 71 0
0.569837 -0.191695 0.278382 183 71 0
0.570371 -0.186915 0.277748 183 71 0
0.570842 -0.182106 0.277312 183 71 0
0.571163 -0.17727 0.277119 183 71 0
0.571347 -0.172425 0.277224 183 71 0
0.571419 -0.167584 0.27755 183 71 0
0.571419 -0.162746 0.277943 183 71 0
0.571408 -0.157912 0.278369 183 71 0
0.571405 -0.153082 0.278841 183 71 0
0.571445 -0.148283 0.279553 183 71 0
0.571146 -0.143459 0.279989 183 71 0
0.570842 -0.135611 0.280421 183 71 0
0.570652 -0.130813 0.280711 183 71 0
0.570451 -0.126015 0.281003 183 71 0
0.570224 -0.121222 0.281335 183 71 0
0.569892 -0.116442 0.28175 183 71 0
0.569361 -0.111682 0.282194 183 71 0
0.568819 -0.106926 0.282674 183 71 0
0.568272 -0.102171 0.283151 183 71 0
0.567719 -0.0974161 0.283625 183 71 0
0.56706 -0.0926815 0.284157 183 71 0
0.566254 -0.0879599 0.284595 183 71 0
0.565983 -0.0829002 0.285001 183 71 0
0.565995 -0.0781057 0.28499 183 71 0
0.566186 -0.0733272 0.285312 183 71 0
0.566439 -0.0685502 0.285639 183 71 0
0.566723 -0.0637711 0.285903 183 71 0
0.567018 -0.0589919 0.286155 184 70 0
0.567297 -0.0542134 0.286437 184 70 0
0.567411 -0.0494297 0.286676 184 70 0
0.567306 -0.0446383 0.286827 184 70 0
0.56718 -0.0398485 0.287009 184 70 0
0.566923 -0.0350758 0.287367 184 70 0
0.566645 -0.0244146 0.288036 184 70 0
0.566643 -0.0195524 0.287993 184 70 0
0.566875 -0.0147017 0.287888 184 70 0
0.567223 -0.00985226 0.28783 184 70 0
0.567626 -0.00501104 0.287631 184 70 0
0.568051 -0.00017841 0.287303 184 70 0
0.568506 0.00464516 0.286889 184 70 0
0.568939 0.0094679 0.286444 184 70 0
0.569353 0.0142948 0.286026 184 70 0
0.569782 0.0191235 0.285643 184 70 0
0.570209 0.0239526 0.285265 184 70 0
0.570631 0.0287773 0.284844 184 70 0
0.570875 0.0335967 0.284255 184 70 0
0.570914 0.0384524 0.284044 184 70 0
0.570971 0.0432497 0.283979 184 70 0
0.570893 0.0483406 0.284043 184 70 0
0.570874 0.0534287 0.284305 184 70 0
0.570742 0.0584993 0.284781 184 70 0
0.570428 0.0635346 0.285491 184 70 0
0.570142 0.0685803 0.286139 184 70 0
0.570066 0.0736536 0.286597 184 70 0
0.570053 0.0787435 0.286379 184 70 0
0.570303 0.083795 0.285765 184 70 0
0.570759 0.0887603 0.284773 184 70 0
0.571287 0.0924738 0.283523 184 70 0
0.572171 0.0968092 0.282251 184 70 0
0.573076 0.101148 0.28101 184 70 0
0.574277 0.105494 0.280081 184 70 0
0.574826 0.109944 0.279062 184 70 0
0.575489 0.114408 0.278174 184 70 0
0.57512 0.11454 0.279093 184 70 0
0.519696 0.116566 0.25326 184 70 0
0.520232 0.116516 0.252417 184 70 0
0.517978 0.114625 0.252016 184 70 0
0.514077 0.111759 0.251018 184 70 0
0.510255 0.108823 0.249932 184 70 0
0.506432 0.106042 0.248491 184 70 0
0.50279 0.103364 0.246498 184 70 0
0.499366 0.100542 0.244325 184 70 0
0.495993 0.0977484 0.242036 184 70 0
0.496348 0.0921669 0.242184 184 70 0
0.495932 0.0868843 0.242025 185 69 0
0.495491 0.0815843 0.241898 185 69 0
0.494995 0.0762878 0.241937 185 69 0
0.494496 0.0709916 0.241993 185 69 0
0.494006 0.0656948 0.242013 185 69 0
0.493887 0.0603824 0.242269 185 69 0
0.493785 0.0550683 0.242471 185 69 0
0.493137 0.0447152 0.243126 185 69 0
0.492842 0.0395267 0.243429 185 69 0
0.49257 0.0343455 0.243855 185 69 0
0.492339 0.0291527 0.24414 185 69 0
0.492128 0.0239571 0.244389 185 69 0
0.491971 0.0187563 0.244556 185 69 0
0.491918 0.0135514 0.244628 185 69 0
0.491914 0.00834559 0.244631 185 69 0
0.49192 0.00313978 0.244622 185 69 0
0.491949 -0.00206572 0.244573 185 69 0
0.491988 -0.00727083 0.244496 185 69 0
0.492098 -0.0124707 0.244276 185 69 0
0.492164 -0.0176736 0.244117 185 69 0
0.492183 -0.0253002 0.244185 185 69 0
0.492153 -0.0305451 0.244219 185 69 0
0.492078 -0.0357882 0.244334 185 69 0
0.491981 -0.0410289 0.244528 185 69 0
0.491875 -0.0462688 0.244739 185 69 0
0.491757 -0.0515082 0.244954 185 69 0
0.491641 -0.0567467 0.245193 185 69 0
0.49155 -0.0619875 0.245375 185 69 0
0.491446 -0.0672264 0.245582 185 69 0
0.491374 -0.0724681 0.24573 185 69 0
0.491592 -0.0778373 0.245413 185 69 0
0.491805 -0.0825192 0.244455 185 69 0
0.491895 -0.087235 0.243633 185 69 0
0.49203 -0.0919498 0.242809 185 69 0
0.492156 -0.096669 0.242009 185 69 0
0.492236 -0.101402 0.241294 185 69 0
0.492343 -0.106154 0.240721 185 69 0
0.492554 -0.110915 0.240261 185 69 0
0.492767 -0.115676 0.239798 185 69 0
0.492943 -0.120444 0.239389 185 69 0
0.493086 -0.125221 0.239103 185 69 0
0.49349 -0.135586 0.238276 185 69 0
0.493585 -0.140393 0.238068 185 69 0
0.493126 -0.145144 0.23861 185 69 0
0.492689 -0.149916 0.239068 185 69 0
0.492288 -0.154693 0.239545 185 69 0
0.491881 -0.159467 0.240046 186 68 0
0.491488 -0.16424 0.240563 186 68 0
0.491106 -0.169019 0.24104 186 68 0
0.490759 -0.173807 0.241431 186 68 0
0.490468 -0.178606 0.241721 186 68 0
0.490242 -0.183415 0.241817 186 68 0
0.49015 -0.188228 0.241674 186 68 0
0.490366 -0.193026 0.24137 186 68 0
0.490701 -0.197778 0.24066 186 68 0
0.49103 -0.205845 0.238714 186 68 0
0.491056 -0.210542 0.23748 186 68 0
0.490786 -0.215255 0.236344 186 68 0
0.490516 -0.220012 0.235402 186 68 0
0.49005 -0.224776 0.234568 186 68 0
0.489498 -0.229555 0.233884 186 68 0
0.48893 -0.234359 0.233428 186 68 0
0.488462 -0.239186 0.233139 186 68 0
0.487734 -0.243981 0.232857 186 68 0
0.487046 -0.248787 0.232776 186 68 0
0.486446 -0.253604 0.232689 186 68 0
0.487147 -0.248608 0.233047 186 68 0
0.488057 -0.243601 0.233166 186 68 0
0.488763 -0.238554 0.233265 186 68 0
0.489677 -0.233549 0.233568 186 68 0
0.490336 -0.228508 0.233935 186 68 0
0.490641 -0.223446 0.234445 186 68 0
0.490973 -0.218479 0.235534 186 68 0
0.490964 -0.2135 0.236612 186 68 0
0.490253 -0.20296 0.238267 186 68 0
0.489917 -0.198249 0.239158 186 68 0
0.489788 -0.193522 0.240022 186 68 0
0.489657 -0.188753 0.240614 186 68 0
0.489556 -0.183956 0.240849 186 68 0
0.489666 -0.179153 0.240848 186 68 0
0.490011 -0.174361 0.240706 186 68 0
0.490473 -0.16958 0.240501 186 68 0
0.490931 -0.164802 0.240228 186 68 0
0.49138 -0.160028 0.239884 186 68 0
0.491854 -0.155259 0.2395 186 68 0
0.492301 -0.150511 0.238926 186 68 0
0.493055 -0.145844 0.238063 186 68 0
0.49367 -0.141091 0.237875 186 68 0
0.493408 -0.133586 0.238461 186 68 0
0.493207 -0.128447 0.238839 186 68 0
0.493117 -0.12331 0.239258 186 68 0
0.492969 -0.118179 0.239737 186 68 0
0.492741 -0.113049 0.240206 186 68 0
0.492649 -0.107927 0.24078 187 67 0
0.492591 -0.102811 0.241422 187 67 0
0.49246 -0.0977053 0.242133 187 67 0
0.492335 -0.092613 0.242929 187 67 0
0.492198 -0.0875177 0.243643 187 67 0
0.491954 -0.0825555 0.244537 187 67 0
0.491698 -0.0777182 0.245065 187 67 0
0.491515 -0.0728637 0.245466 187 67 0
0.49142 -0.0679962 0.245651 187 67 0
0.49145 -0.063125 0.245581 187 67 0
0.491587 -0.0582598 0.245324 187 67 0
0.491753 -0.053399 0.244998 187 67 0
0.491893 -0.0485352 0.244711 187 67 0
0.492002 -0.0436659 0.24452 187 67 0
0.492077 -0.0387933 0.244406 187 67 0
0.492086 -0.0339195 0.244368 187 67 0
0.492165 -0.0235676 0.244179 187 67 0
0.492128 -0.0187166 0.244233 187 67 0
0.492061 -0.0138672 0.244362 187 67 0
0.491999 -0.00901733 0.244475 187 67 0
0.491958 -0.00416657 0.244555 187 67 0
0.491935 0.000684759 0.2446 187 67 0
0.491924 0.00553633 0.244618 187 67 0
0.491922 0.010388 0.244621 187 67 0
0.491939 0.0152394 0.244599 187 67 0
0.492011 0.0200893 0.244514 187 67 0
0.492168 0.0249352 0.244342 187 67 0
0.492355 0.0297779 0.244116 187 67 0
0.492558 0.0346137 0.243799 187 67 0
0.492824 0.0394438 0.243433 187 67 0
0.493204 0.04485 0.24309 187 67 0
0.493443 0.0499565 0.24283 187 67 0
0.493731 0.0550605 0.242554 187 67 0
0.493868 0.0601721 0.242302 187 67 0
0.493986 0.0652851 0.242068 187 67 0
0.494094 0.0703981 0.241831 187 67 0
0.494241 0.0755081 0.241553 187 67 0
0.494364 0.0806192 0.241284 187 67 0
0.494444 0.0857353 0.241109 187 67 0
0.49451 0.0908529 0.240981 187 67 0
0.496059 0.09343 0.241941 187 67 0
0.499557 0.0967065 0.244409 187 67 0
0.502939 0.100253 0.246674 187 67 0
0.506344 0.103952 0.248627 187 67 0
0.50995 0.107676 0.250102 187 67 0
0.513899 0.111191 0.251172 187 67 0
0.517978 0.114625 0.252016 187 67 0
0.517439 0.11468 0.252857 188 66 0
0.574981 0.117841 0.279291 188 66 0
0.575357 0.117694 0.278376 188 66 0
0.576533 0.115085 0.278499 188 66 0
0.579269 0.111681 0.280531 188 66 0
0.581783 0.108091 0.282541 188 66 0
0.584349 0.104566 0.284601 188 66 0
0.586738 0.100898 0.286621 188 66 0
0.589271 0.0973295 0.288638 188 66 0
0.58946 0.0925501 0.290486 188 66 0
0.588983 0.088029 0.292303 188 66 0
0.588775 0.0834143 0.293951 188 66 0
0.588867 0.0787553 0.295465 188 66 0
0.589108 0.0740093 0.296646 188 66 0
0.589629 0.0692124 0.297419 188 66 0
0.590669 0.0644438 0.297792 188 66 0
0.591678 0.0596477 0.297635 188 66 0
0.592829 0.0548974 0.29734 188 66 0
0.593779 0.0442186 0.296529 188 66 0
0.593877 0.039338 0.296389 188 66 0
0.593945 0.0344561 0.29629 188 66 0
0.59395 0.0295735 0.296189 188 66 0
0.593781 0.0246971 0.296308 188 66 0
0.593455 0.019834 0.296598 188 66 0
0.593055 0.0149842 0.297005 188 66 0
0.59262 0.0101433 0.297481 188 66 0
0.592149 0.00530987 0.297996 188 66 0
0.59165 0.000478115 0.298499 188 66 0
0.591151 -0.00436005 0.298938 188 66 0
0.590619 -0.00918662 0.299436 188 66 0
0.589839 -0.0139536 0.300151 188 66 0
0.589477 -0.0187858 0.300721 188 66 0
0.58942 -0.0264595 0.300364 188 66 0
0.589445 -0.0316578 0.30016 188 66 0
0.58953 -0.0368546 0.29994 188 66 0
0.589605 -0.0420521 0.299743 188 66 0
0.589679 -0.0472522 0.299611 188 66 0
0.589782 -0.0524504 0.299441 188 66 0
0.589944 -0.0576461 0.299235 188 66 0
0.590111 -0.0628412 0.299017 188 66 0
0.590258 -0.0680371 0.298806 188 66 0
0.590472 -0.0732261 0.298511 188 66 0
0.590612 -0.0784364 0.298132 188 66 0
0.590939 -0.0833454 0.297782 188 66 0
0.591209 -0.088261 0.297479 188 66 0
0.591417 -0.0931712 0.297066 188 66 0
0.591663 -0.0980752 0.296601 188 66 0
0.591903 -0.102978 0.296118 189 65 0
0.59212 -0.10788 0.295615 189 65 0
0.592351 -0.112776 0.295072 189 65 0
0.59263 -0.117666 0.294486 189 65 0
0.593013 -0.122553 0.293946 189 65 0
0.593403 -0.127445 0.293444 189 65 0
0.593731 -0.137983 0.293007 189 65 0
0.593927 -0.143164 0.292767 189 65 0
0.593907 -0.148331 0.292336 189 65 0
0.593908 -0.153505 0.291935 189 65 0
0.593881 -0.158683 0.291573 189 65 0
0.593844 -0.163857 0.291177 189 65 0
0.593808 -0.169027 0.290713 189 65 0
0.593922 -0.174196 0.290267 189 65 0
0.593885 -0.179368 0.289835 189 65 0
0.593772 -0.184553 0.289642 189 65 0
0.593519 -0.189736 0.289606 189 65 0
0.593595 -0.194924 0.289484 189 65 0
0.593593 -0.200114 0.289479 189 65 0
0.592865 -0.208153 0.290826 189 65 0
0.592234 -0.213141 0.291962 189 65 0
0.591843 -0.218229 0.292717 189 65 0
0.59152 -0.223337 0.293343 189 65 0
0.591327 -0.228475 0.293739 189 65 0
0.59126 -0.233628 0.293899 189 65 0
0.591283 -0.238785 0.293845 189 65 0
0.591393 -0.243936 0.29362 189 65 0
0.591563 -0.249081 0.293294 189 65 0
0.591598 -0.254237 0.293155 189 65 0
0.591583 -0.248536 0.293452 189 65 0
0.591461 -0.243853 0.293615 189 65 0
0.591324 -0.239169 0.293793 189 65 0
0.59123 -0.234481 0.293916 189 65 0
0.591181 -0.229792 0.293996 189 65 0
0.59122 -0.225109 0.293875 189 65 0
0.591361 -0.220436 0.293503 189 65 0
0.591698 -0.21579 0.292994 189 65 0
0.593172 -0.20564 0.290537 189 65 0
0.593557 -0.200481 0.290238 189 65 0
0.593756 -0.195295 0.290212 189 65 0
0.59414 -0.19012 0.289975 189 65 0
0.594478 -0.184936 0.289933 189 65 0
0.594599 -0.179747 0.29012 189 65 0
0.594654 -0.174569 0.290537 189 65 0
0.594537 -0.169394 0.290983 189 65 0
0.594352 -0.164216 0.291361 189 65 0
0.594377 -0.159036 0.291751 190 64 0
0.594403 -0.153854 0.292112 190 64 0
0.594142 -0.148676 0.292446 190 64 0
0.593897 -0.143496 0.292752 190 64 0
0.593748 -0.135662 0.29299 190 64 0
0.593418 -0.130447 0.293418 190 64 0
0.593116 -0.125231 0.293838 190 64 0
0.59283 -0.120017 0.29429 190 64 0
0.592521 -0.114813 0.29484 190 64 0
0.592271 -0.10961 0.295424 190 64 0
0.592054 -0.104402 0.295977 190 64 0
0.591794 -0.0991914 0.296494 190 64 0
0.591559 -0.0939838 0.297046 190 64 0
0.591421 -0.0887656 0.297517 190 64 0
0.590857 -0.0839155 0.297763 190 64 0
0.590692 -0.0789721 0.298064 190 64 0
0.590446 -0.0740352 0.298415 190 64 0
0.590256 -0.0690934 0.298728 190 64 0
0.590102 -0.0641466 0.298977 190 64 0
0.589935 -0.0591987 0.299193 190 64 0
0.589775 -0.0542499 0.299394 190 64 0
0.58966 -0.0492983 0.29955 190 64 0
0.589594 -0.0443448 0.299666 190 64 0
0.589573 -0.0393912 0.299796 190 64 0
0.58951 -0.0344385 0.299946 190 64 0
0.589401 -0.0236681 0.300548 190 64 0
0.589552 -0.0188527 0.300369 190 64 0
0.590129 -0.0140969 0.299816 190 64 0
0.590643 -0.00931927 0.299387 190 64 0
0.591117 -0.00453492 0.298963 190 64 0
0.591608 0.000246757 0.298529 190 64 0
0.592102 0.00502289 0.298042 190 64 0
0.592579 0.00979761 0.297523 190 64 0
0.59302 0.0145797 0.297043 190 64 0
0.593456 0.0193695 0.296651 190 64 0
0.593884 0.024169 0.296401 190 64 0
0.594093 0.028987 0.296212 190 64 0
0.594147 0.0338118 0.296171 190 64 0
0.594103 0.0386367 0.296282 190 64 0
0.593852 0.0441302 0.296059 190 64 0
0.592815 0.0492431 0.296376 190 64 0
0.592091 0.0544139 0.296818 190 64 0
0.591025 0.059531 0.297198 190 64 0
0.590013 0.0646635 0.297426 190 64 0
0.589576 0.0698787 0.2974 190 64 0
0.589132 0.0750312 0.29657 190 64 0
0.589028 0.0800922 0.295226 190 64 0
0.589461 0.0850814 0.293681 191 63 0
0.589712 0.0899306 0.291724 191 63 0
0.588792 0.0916765 0.290414 191 63 0
0.587067 0.0956962 0.28837 191 63 0
0.584955 0.0995102 0.286272 191 63 0
0.582704 0.103296 0.284268 191 63 0
0.580488 0.107108 0.282275 191 63 0
0.578414 0.111033 0.280352 191 63 0
0.576533 0.115085 0.278499 191 63 0
0.576159 0.115218 0.279417 191 63 0
0.519696 0.116566 0.25326 191 63 0
0.520232 0.116516 0.252417 191 63 0
0.520232 0.116516 0.252417 191 63 0
0.519741 0.113621 0.25326 191 63 0
0.519113 0.109361 0.254397 191 63 0
0.518526 0.105074 0.25545 191 63 0
0.518115 0.100705 0.256213 191 63 0
0.517735 0.0963225 0.256906 191 63 0
0.517693 0.0913115 0.256942 191 63 0
0.517986 0.0861358 0.256434 191 63 0
0.517821 0.0809602 0.255862 191 63 0
0.517667 0.075788 0.255257 191 63 0
0.517426 0.070602 0.254822 191 63 0
0.517084 0.0654115 0.254535 191 63 0
0.516597 0.0602247 0.25451 191 63 0
0.516444 0.0550249 0.254791 191 63 0
0.515982 0.044556 0.255636 191 63 0
0.515793 0.0397415 0.255981 191 63 0
0.515588 0.0349298 0.256353 191 63 0
0.515378 0.0301187 0.256732 191 63 0
0.515169 0.025308 0.257115 191 63 0
0.514955 0.0204976 0.2575 191 63 0
0.51476 0.0156842 0.257855 191 63 0
0.514602 0.0108653 0.258146 191 63 0
0.514488 0.00604076 0.25835 191 63 0
0.514414 0.00121273 0.258483 191 63 0
0.514357 -0.00361634 0.258587 191 63 0
0.514301 -0.00844535 0.258692 191 63 0
0.51426 -0.0132749 0.258767 191 63 0
0.514327 -0.0181019 0.25865 191 63 0
0.514471 -0.0258255 0.258385 191 63 0
0.514489 -0.0310663 0.258343 191 63 0
0.514482 -0.0363074 0.258353 191 63 0
0.51447 -0.0415486 0.258375 191 63 0
0.514487 -0.0467894 0.258342 191 63 0
0.514522 -0.0520301 0.258278 191 63 0
0.514505 -0.0572705 0.258314 191 63 0
0.514422 -0.0625085 0.258469 192 62 0
0.514344 -0.0677467 0.258618 192 62 0
0.514261 -0.072984 0.258777 192 62 0
0.514045 -0.0783366 0.259184 192 62 0
0.514194 -0.0831272 0.258908 192 62 0
0.514115 -0.0878921 0.258302 192 62 0
0.514228 -0.092579 0.257271 192 62 0
0.514512 -0.097191 0.255959 192 62 0
0.51485 -0.101778 0.254568 192 62 0
0.51516 -0.106376 0.253205 192 62 0
0.515506 -0.111012 0.252011 192 62 0
0.515991 -0.11571 0.251132 192 62 0
0.516331 -0.120461 0.250495 192 62 0
0.516552 -0.125241 0.250058 192 62 0
0.516672 -0.135776 0.249873 192 62 0
0.516827 -0.140691 0.249615 192 62 0
0.517 -0.145601 0.249289 192 62 0
0.517067 -0.150522 0.249162 192 62 0
0.517007 -0.155442 0.2493 192 62 0
0.516759 -0.160333 0.249773 192 62 0
0.516315 -0.165165 0.250584 192 62 0
0.515766 -0.169954 0.251588 192 62 0
0.51519 -0.174727 0.252649 192 62 0
0.514676 -0.179531 0.253583 192 62 0
0.514273 -0.184385 0.254308 192 62 0
0.513812 -0.189195 0.255161 192 62 0
0.512958 -0.193784 0.256727 192 62 0
0.512335 -0.198524 0.25782 192 62 0
0.513674 -0.206321 0.255372 192 62 0
0.51466 -0.21114 0.253568 192 62 0
0.515374 -0.216167 0.252253 192 62 0
0.515872 -0.221258 0.251151 192 62 0
0.515992 -0.226456 0.250504 192 62 0
0.515865 -0.231689 0.250303 192 62 0
0.515552 -0.236922 0.250443 192 62 0
0.515143 -0.242141 0.250753 192 62 0
0.51457 -0.247329 0.251237 192 62 0
0.51397 -0.2525 0.251822 192 62 0
0.51408 -0.247082 0.251605 192 62 0
0.514742 -0.242484 0.250795 192 62 0
0.515358 -0.237833 0.250284 192 62 0
0.515875 -0.233159 0.249866 192 62 0
0.516218 -0.22846 0.249756 192 62 0
0.516297 -0.223767 0.250118 192 62 0
0.516102 -0.219119 0.250923 192 62 0
0.515553 -0.214546 0.251908 192 62 0
0.513145 -0.203768 0.256344 192 62 0
0.512986 -0.198949 0.256637 193 61 0
0.513637 -0.19426 0.255479 193 61 0
0.513953 -0.189443 0.254903 193 61 0
0.51427 -0.184606 0.25432 193 61 0
0.514672 -0.179798 0.253573 193 61 0
0.515186 -0.175038 0.252624 193 61 0
0.515757 -0.170304 0.251572 193 61 0
0.516301 -0.165554 0.250577 193 61 0
0.516743 -0.160762 0.24977 193 61 0
0.516992 -0.155912 0.249295 193 61 0
0.517062 -0.151033 0.249135 193 61 0
0.516957 -0.146156 0.249316 193 61 0
0.516773 -0.14129 0.249679 193 61 0
0.51668 -0.133638 0.249847 193 61 0
0.516546 -0.12851 0.250108 193 61 0
0.516742 -0.123414 0.250702 193 61 0
0.516701 -0.11833 0.251416 193 61 0
0.516521 -0.113294 0.252401 193 61 0
0.516238 -0.108299 0.253563 193 61 0
0.515911 -0.103326 0.254808 193 61 0
0.515586 -0.0983522 0.25605 193 61 0
0.515042 -0.0934236 0.257365 193 61 0
0.51434 -0.0885037 0.258654 193 61 0
0.514028 -0.0812696 0.259199 193 61 0
0.51422 -0.0762335 0.25885 193 61 0
0.514287 -0.0711835 0.258728 193 61 0
0.514352 -0.0661333 0.258611 193 61 0
0.514444 -0.0610849 0.258437 193 61 0
0.514519 -0.0560355 0.258295 193 61 0
0.514527 -0.0509841 0.258277 193 61 0
0.514486 -0.0459326 0.258353 193 61 0
0.51446 -0.0408808 0.258402 193 61 0
0.514437 -0.035829 0.258439 193 61 0
0.514459 -0.0255228 0.258416 193 61 0
0.51431 -0.0205187 0.258694 193 61 0
0.514278 -0.0155054 0.25875 193 61 0
0.514311 -0.0104914 0.258739 193 61 0
0.514356 -0.0054781 0.258657 193 61 0
0.514399 -0.000464802 0.258577 193 61 0
0.514469 0.00454729 0.258454 193 61 0
0.514553 0.0095564 0.258246 193 61 0
0.514714 0.0145591 0.257948 193 61 0
0.514914 0.0195557 0.25758 193 61 0
0.515135 0.0245493 0.257184 193 61 0
0.515353 0.0295426 0.256783 193 61 0
0.515578 0.0345351 0.256376 193 61 0
0.51577 0.0395328 0.25602 194 60 0
0.516027 0.0449124 0.255545 194 60 0
0.516217 0.0497212 0.255204 194 60 0
0.516704 0.054515 0.255008 194 60 0
0.517217 0.0593108 0.2549 194 60 0
0.517643 0.0641156 0.254922 194 60 0
0.517966 0.0689239 0.25511 194 60 0
0.518205 0.0737282 0.25547 194 60 0
0.51829 0.0785284 0.255908 194 60 0
0.518085 0.0833335 0.256283 194 60 0
0.517777 0.0881149 0.256846 194 60 0
0.517673 0.0903963 0.257047 194 60 0
0.517811 0.0951307 0.25678 194 60 0
0.518034 0.0998493 0.256362 194 60 0
0.518473 0.104503 0.25555 194 60 0
0.519074 0.109082 0.254466 194 60 0
0.519741 0.113621 0.25326 194 60 0
0.51921 0.11368 0.254105 194 60 0
0.574981 0.117841 0.279291 194 60 0
0.575357 0.117694 0.278376 194 60 0
0.575489 0.114408 0.278174 194 60 0
0.574801 0.10982 0.279097 194 60 0
0.574261 0.105243 0.280168 194 60 0
0.573077 0.100773 0.281186 194 60 0
0.572113 0.0962929 0.282361 194 60 0
0.571269 0.0910663 0.284078 194 60 0
0.57062 0.0859453 0.285316 194 60 0
0.570229 0.080712 0.286167 194 60 0
0.57013 0.0754128 0.28656 194 60 0
0.570185 0.0701005 0.286407 194 60 0
0.570453 0.0648261 0.285795 194 60 0
0.570791 0.0595727 0.285052 194 60 0
0.57114 0.054333 0.284223 194 60 0
0.57095 0.0432692 0.284028 194 60 0
0.570915 0.0384093 0.284061 194 60 0
0.570813 0.0335688 0.284457 194 60 0
0.570462 0.0287362 0.284823 194 60 0
0.570188 0.0239043 0.285261 194 60 0
0.569834 0.0190758 0.285676 194 60 0
0.569398 0.0142506 0.286063 194 60 0
0.568975 0.00942718 0.286481 194 60 0
0.568558 0.00460422 0.286912 194 60 0
0.56812 -0.000220021 0.287307 194 60 0
0.567695 -0.00504938 0.287647 194 60 0
0.567249 -0.0098831 0.287882 194 60 0
0.566918 -0.014721 0.288083 194 60 0
0.566602 -0.0195623 0.288108 194 60 0
0.566619 -0.0275186 0.287828 195 59 0
0.566917 -0.0325122 0.287398 195 59 0
0.567067 -0.0375259 0.287179 195 59 0
0.56718 -0.0425426 0.287009 195 59 0
0.567169 -0.0475542 0.286748 195 59 0
0.567059 -0.0525606 0.286382 195 59 0
0.56691 -0.057569 0.286068 195 59 0
0.566685 -0.06258 0.285855 195 59 0
0.566384 -0.0675869 0.285644 195 59 0
0.565928 -0.0725519 0.285076 195 59 0
0.56601 -0.0802547 0.284973 195 59 0
0.566262 -0.0853081 0.28459 195 59 0
0.5666 -0.0903462 0.284085 195 59 0
0.566957 -0.0953804 0.283558 195 59 0
0.567465 -0.100398 0.283002 195 59 0
0.568063 -0.105412 0.282487 195 59 0
0.568653 -0.110427 0.281984 195 59 0
0.569226 -0.115447 0.28151 195 59 0
0.569826 -0.120466 0.281058 195 59 0
0.570503 -0.125493 0.280916 195 59 0
0.570814 -0.135787 0.280467 195 59 0
0.571055 -0.140792 0.280118 195 59 0
0.571348 -0.145788 0.279685 195 59 0
0.571431 -0.150781 0.279141 195 59 0
0.571482 -0.15578 0.278646 195 59 0
0.571492 -0.160779 0.278151 195 59 0
0.571506 -0.165782 0.277691 195 59 0
0.571479 -0.17079 0.27729 195 59 0
0.571339 -0.175803 0.277016 195 59 0
0.571062 -0.180818 0.27709 195 59 0
0.570606 -0.185805 0.277494 195 59 0
0.569986 -0.190749 0.278127 195 59 0
0.569617 -0.195715 0.278773 195 59 0
0.569099 -0.200614 0.279755 195 59 0
0.567772 -0.208593 0.282247 195 59 0
0.56777 -0.213711 0.282284 195 59 0
0.56791 -0.218832 0.282126 195 59 0
0.567982 -0.223963 0.282036 195 59 0
0.568199 -0.229084 0.281719 195 59 0
0.568451 -0.234202 0.281367 195 59 0
0.568653 -0.239327 0.281098 195 59 0
0.568754 -0.244459 0.280966 195 59 0
0.568749 -0.249595 0.280976 195 59 0
0.568515 -0.254712 0.281338 195 59 0
0.568628 -0.249112 0.281119 195 59 0
0.568831 -0.244444 0.280818 195 59 0
0.568862 -0.239759 0.280786 195 59 0
0.56875 -0.23508 0.280951 196 58 0
0.56844 -0.230427 0.281378 196 58 0
0.568039 -0.225792 0.281939 196 58 0
0.567629 -0.221164 0.282538 196 58 0
0.567063 -0.21658 0.283329 196 58 0
0.568251 -0.205865 0.281213 196 58 0
0.56894 -0.201224 0.279988 196 58 0
0.569401 -0.196471 0.279129 196 58 0
0.569837 -0.191695 0.278382 196 58 0
0.570371 -0.186915 0.277748 196 58 0
0.570842 -0.182106 0.277312 196 58 0
0.571163 -0.17727 0.277119 196 58 0
0.571347 -0.172425 0.277224 196 58 0
0.571419 -0.167584 0.27755 196 58 0
0.571419 -0.162746 0.277943 196 58 0
0.571408 -0.157912 0.278369 196 58 0
0.571405 -0.153082 0.278841 196 58 0
0.571445 -0.148283 0.279553 196 58 0
0.571146 -0.143459 0.279989 196 58 0
0.570842 -0.135611 0.280421 196 58 0
0.570652 -0.130813 0.280711 196 58 0
0.570451 -0.126015 0.281003 196 58 0
0.570224 -0.121222 0.281335 196 58 0
0.569892 -0.116442 0.28175 196 58 0
0.569361 -0.111682 0.282194 196 58 0
0.568819 -0.106926 0.282674 196 58 0
0.568272 -0.102171 0.283151 196 58 0
0.567719 -0.0974161 0.283625 196 58 0
0.56706 -0.0926815 0.284157 196 58 0
0.566254 -0.0879599 0.284595 196 58 0
0.565983 -0.0829002 0.285001 196 58 0
0.565995 -0.0781057 0.28499 196 58 0
0.566186 -0.0733272 0.285312 196 58 0
0.566439 -0.0685502 0.285639 196 58 0
0.566723 -0.0637711 0.285903 196 58 0
0.567018 -0.0589919 0.286155 196 58 0
0.567297 -0.0542134 0.286437 196 58 0
0.567411 -0.0494297 0.286676 196 58 0
0.567306 -0.0446383 0.286827 196 58 0
0.56718 -0.0398485 0.287009 196 58 0
0.566923 -0.0350758 0.287367 196 58 0
0.566645 -0.0244146 0.288036 196 58 0
0.566643 -0.0195524 0.287993 196 58 0
0.566875 -0.0147017 0.287888 196 58 0
0.567223 -0.00985226 0.28783 196 58 0
0.567626 -0.00501104 0.287631 196 58 0
0.568051 -0.00017841 0.287303 196 58 0
0.568506 0.00464516 0.286889 197 57 0
0.568939 0.0094679 0.286444 197 57 0
0.569353 0.0142948 0.286026 197 57 0
0.569782 0.0191235 0.285643 197 57 0
0.570209 0.0239526 0.285265 197 57 0
0.570631 0.0287773 0.284844 197 57 0
0.570875 0.0335967 0.284255 197 57 0
0.570914 0.0384524 0.284044 197 57 0
0.570971 0.0432497 0.283979 197 57 0
0.570893 0.0483406 0.284043 197 57 0
0.570874 0.0534287 0.284305 197 57 0
0.570742 0.0584993 0.284781 197 57 0
0.570428 0.0635346 0.285491 197 57 0
0.570142 0.0685803 0.286139 197 57 0
0.570066 0.0736536 0.286597 197 57 0
0.570053 0.0787435 0.286379 197 57 0
0.570303 0.083795 0.285765 197 57 0
0.570759 0.0887603 0.284773 197 57 0
0.571287 0.0924738 0.283523 197 57 0
0.572171 0.0968092 0.282251 197 57 0
0.573076 0.101148 0.28101 197 57 0
0.574277 0.105494 0.280081 197 57 0
0.574826 0.109944 0.279062 197 57 0
0.575489 0.114408 0.278174 197 57 0
0.57512 0.11454 0.279093 197 57 0
0.519696 0.116566 0.25326 197 57 0
0.520232 0.116516 0.252417 197 57 0
0.517978 0.114625 0.252016 197 57 0
0.514077 0.111759 0.251018 197 57 0
0.510255 0.108823 0.249932 197 57 0
0.506432 0.106042 0.248491 197 57 0
0.50279 0.103364 0.246498 197 57 0
0.499366 0.100542 0.244325 197 57 0
0.495993 0.0977484 0.242036 197 57 0
0.496348 0.0921669 0.242184 197 57 0
0.495932 0.0868843 0.242025 197 57 0
0.495491 0.0815843 0.241898 197 57 0
0.494995 0.0762878 0.241937 197 57 0
0.494496 0.0709916 0.241993 197 57 0
0.494006 0.0656948 0.242013 197 57 0
0.493887 0.0603824 0.242269 197 57 0
0.493785 0.0550683 0.242471 197 57 0
0.493137 0.0447152 0.243126 197 57 0
0.492842 0.0395267 0.243429 197 57 0
0.49257 0.0343455 0.243855 197 57 0
0.492339 0.0291527 0.24414 197 57 0
0.492128 0.0239571 0.244389 198 56 0
0.491971 0.0187563 0.244556 198 56 0
0.491918 0.0135514 0.244628 198 56 0
0.491914 0.00834559 0.244631 198 56 0
0.49192 0.00313978 0.244622 198 56 0
0.491949 -0.00206572 0.244573 198 56 0
0.491988 -0.00727083 0.244496 198 56 0
0.492098 -0.0124707 0.244276 198 56 0
0.492164 -0.0176736 0.244117 198 56 0
0.492183 -0.0253002 0.244185 198 56 0
0.492153 -0.0305451 0.244219 198 56 0
0.492078 -0.0357882 0.244334 198 56 0
0.491981 -0.0410289 0.244528 198 56 0
0.491875 -0.0462688 0.244739 198 56 0
0.491757 -0.0515082 0.244954 198 56 0
0.491641 -0.0567467 0.245193 198 56 0
0.49155 -0.0619875 0.245375 198 56 0
0.491446 -0.0672264 0.245582 198 56 0
0.491374 -0.0724681 0.24573 198 56 0
0.491592 -0.0778373 0.245413 198 56 0
0.491805 -0.0825192 0.244455 198 56 0
0.491895 -0.087235 0.243633 198 56 0
0.49203 -0.0919498 0.242809 198 56 0
0.492156 -0.096669 0.242009 198 56 0
0.492236 -0.101402 0.241294 198 56 0
0.492343 -0.106154 0.240721 198 56 0
0.492554 -0.110915 0.240261 198 56 0
0.492767 -0.115676 0.239798 198 56 0
0.492943 -0.120444 0.239389 198 56 0
0.493086 -0.125221 0.239103 198 56 0
0.49349 -0.135586 0.238276 198 56 0
0.493585 -0.140393 0.238068 198 56 0
0.493126 -0.145144 0.23861 198 56 0
0.492689 -0.149916 0.239068 198 56 0
0.492288 -0.154693 0.239545 198 56 0
0.491881 -0.159467 0.240046 198 56 0
0.491488 -0.16424 0.240563 198 56 0
0.491106 -0.169019 0.24104 198 56 0
0.490759 -0.173807 0.241431 198 56 0
0.490468 -0.178606 0.241721 198 56 0
0.490242 -0.183415 0.241817 198 56 0
0.49015 -0.188228 0.241674 198 56 0
0.490366 -0.193026 0.24137 198 56 0
0.490701 -0.197778 0.24066 198 56 0
0.49103 -0.205845 0.238714 198 56 0
0.491056 -0.210542 0.23748 198 56 0
0.490786 -0.215255 0.236344 198 56 0
0.490516 -0.220012 0.235402 199 55 0
0.49005 -0.224776 0.234568 199 55 0
0.489498 -0.229555 0.233884 199 55 0
0.48893 -0.234359 0.233428 199 55 0
0.488462 -0.239186 0.233139 199 55 0
0.487734 -0.243981 0.232857 199 55 0
0.487046 -0.248787 0.232776 199 55 0
0.486446 -0.253604 0.232689 199 55 0
0.487147 -0.248608 0.233047 199 55 0
0.488057 -0.243601 0.233166 199 55 0
0.488763 -0.238554 0.233265 199 55 0
0.489677 -0.233549 0.233568 199 55 0
0.490336 -0.228508 0.233935 199 55 0
0.490641 -0.223446 0.234445 199 55 0
0.490973 -0.218479 0.235534 199 55 0
0.490964 -0.2135 0.236612 199 55 0
0.490253 -0.20296 0.238267 199 55 0
0.489917 -0.198249 0.239158 199 55 0
0.489788 -0.193522 0.240022 199 55 0
0.489657 -0.188753 0.240614 199 55 0
0.489556 -0.183956 0.240849 199 55 0
0.489666 -0.179153 0.240848 199 55 0
0.490011 -0.174361 0.240706 199 55 0
0.490473 -0.16958 0.240501 199 55 0
0.490931 -0.164802 0.240228 199 55 0
0.49138 -0.160028 0.239884 199 55 0
0.491854 -0.155259 0.2395 199 55 0
0.492301 -0.150511 0.238926 199 55 0
0.493055 -0.145844 0.238063 199 55 0
0.49367 -0.141091 0.237875 199 55 0
0.493408 -0.133586 0.238461 199 55 0
0.493207 -0.128447 0.238839 199 55 0
0.493117 -0.12331 0.239258 199 55 0
0.492969 -0.118179 0.239737 199 55 0
0.492741 -0.113049 0.240206 199 55 0
0.492649 -0.107927 0.24078 199 55 0
0.492591 -0.102811 0.241422 199 55 0
0.49246 -0.0977053 0.242133 199 55 0
0.492335 -0.092613 0.242929 199 55 0
0.492198 -0.0875177 0.243643 199 55 0
0.491954 -0.0825555 0.244537 199 55 0
0.491698 -0.0777182 0.245065 199 55 0
0.491515 -0.0728637 0.245466 199 55 0
0.49142 -0.0679962 0.245651 199 55 0
0.49145 -0.063125 0.245581 199 55 0
0.491587 -0.0582598 0.245324 199 55 0
0.491753 -0.053399 0.244998 199 55 0
0.491893 -0.0485352 0.244711 200 54 0
0.492002 -0.0436659 0.24452 200 54 0
0.492077 -0.0387933 0.244406 200 54 0
0.492086 -0.0339195 0.244368 200 54 0
0.492165 -0.0235676 0.244179 200 54 0
0.492128 -0.0187166 0.244233 200 54 0
0.492061 -0.0138672 0.244362 200 54 0
0.491999 -0.00901733 0.244475 200 54 0
0.491958 -0.00416657 0.244555 200 54 0
0.491935 0.000684759 0.2446 200 54 0
0.491924 0.00553633 0.244618 200 54 0
0.491922 0.010388 0.244621 200 54 0
0.491939 0.0152394 0.244599 200 54 0
0.492011 0.0200893 0.244514 200 54 0
0.492168 0.0249352 0.244342 200 54 0
0.492355 0.0297779 0.244116 200 54 0
0.492558 0.0346137 0.243799 200 54 0
0.492824 0.0394438 0.243433 200 54 0
0.493204 0.04485 0.24309 200 54 0
0.493443 0.0499565 0.24283 200 54 0
0.493731 0.0550605 0.242554 200 54 0
0.493868 0.0601721 0.242302 200 54 0
0.493986 0.0652851 0.242068 200 54 0
0.494094 0.0703981 0.241831 200 54 0
0.494241 0.0755081 0.241553 200 54 0
0.494364 0.0806192 0.241284 200 54 0
0.494444 0.0857353 0.241109 200 54 0
0.49451 0.0908529 0.240981 200 54 0
0.496059 0.09343 0.241941 200 54 0
0.499557 0.0967065 0.244409 200 54 0
0.502939 0.100253 0.246674 200 54 0
0.506344 0.103952 0.248627 200 54 0
0.50995 0.107676 0.250102 200 54 0
0.513899 0.111191 0.251172 200 54 0
0.517978 0.114625 0.252016 200 54 0
0.517439 0.11468 0.252857 200 54 0
0.574981 0.117841 0.279291 200 54 0
0.575357 0.117694 0.278376 200 54 0
0.576533 0.115085 0.278499 200 54 0
0.579269 0.111681 0.280531 200 54 0
0.581783 0.108091 0.282541 200 54 0
0.584349 0.104566 0.284601 200 54 0
0.586738 0.100898 0.286621 200 54 0
0.589271 0.0973295 0.288638 200 54 0
0.58946 0.0925501 0.290486 200 54 0
0.588983 0.088029 0.292303 200 54 0
0.588775 0.0834143 0.293951 201 53 0
0.588867 0.0787553 0.295465 201 53 0
0.589108 0.0740093 0.296646 201 53 0
0.589629 0.0692124 0.297419 201 53 0
0.590669 0.0644438 0.297792 201 53 0
0.591678 0.0596477 0.297635 201 53 0
0.592829 0.0548974 0.29734 201 53 0
0.593779 0.0442186 0.296529 201 53 0
0.593877 0.039338 0.296389 201 53 0
0.593945 0.0344561 0.29629 201 53 0
0.59395 0.0295735 0.296189 201 53 0
0.593781 0.0246971 0.296308 201 53 0
0.593455 0.019834 0.296598 201 53 0
0.593055 0.0149842 0.297005 201 53 0
0.59262 0.0101433 0.297481 201 53 0
0.592149 0.00530987 0.297996 201 53 0
0.59165 0.000478115 0.298499 201 53 0
0.591151 -0.00436005 0.298938 201 53 0
0.590619 -0.00918662 0.299436 201 53 0
0.589839 -0.0139536 0.300151 201 53 0
0.589477 -0.0187858 0.300721 201 53 0
0.58942 -0.0264595 0.300364 201 53 0
0.589445 -0.0316578 0.30016 201 53 0
0.58953 -0.0368546 0.29994 201 53 0
0.589605 -0.0420521 0.299743 201 53 0
0.589679 -0.0472522 0.299611 201 53 0
0.589782 -0.0524504 0.299441 201 53 0
0.589944 -0.0576461 0.299235 201 53 0
0.590111 -0.0628412 0.299017 201 53 0
0.590258 -0.0680371 0.298806 201 53 0
0.590472 -0.0732261 0.298511 201 53 0
0.590612 -0.0784364 0.298132 201 53 0
0.590939 -0.0833454 0.297782 201 53 0
0.591209 -0.088261 0.297479 201 53 0
0.591417 -0.0931712 0.297066 201 53 0
0.591663 -0.0980752 0.296601 201 53 0
0.591903 -0.102978 0.296118 201 53 0
0.59212 -0.10788 0.295615 201 53 0
0.592351 -0.112776 0.295072 201 53 0
0.59263 -0.117666 0.294486 201 53 0
0.593013 -0.122553 0.293946 201 53 0
0.593403 -0.127445 0.293444 201 53 0
0.593731 -0.137983 0.293007 201 53 0
0.593927 -0.143164 0.292767 201 53 0
0.593907 -0.148331 0.292336 201 53 0
0.593908 -0.153505 0.291935 201 53 0
0.593881 -0.158683 0.291573 201 53 0
0.593844 -0.163857 0.291177 202 52 0
0.593808 -0.169027 0.290713 202 52 0
0.593922 -0.174196 0.290267 202 52 0
0.593885 -0.179368 0.289835 202 52 0
0.593772 -0.184553 0.289642 202 52 0
0.593519 -0.189736 0.289606 202 52 0
0.593595 -0.194924 0.289484 202 52 0
0.593593 -0.200114 0.289479 202 52 0
0.592865 -0.208153 0.290826 202 52 0
0.592234 -0.213141 0.291962 202 52 0
0.591843 -0.218229 0.292717 202 52 0
0.59152 -0.223337 0.293343 202 52 0
0.591327 -0.228475 0.293739 202 52 0
0.59126 -0.233628 0.293899 202 52 0
0.591283 -0.238785 0.293845 202 52 0
0.591393 -0.243936 0.29362 202 52 0
0.591563 -0.249081 0.293294 202 52 0
0.591598 -0.254237 0.293155 202 52 0
0.591583 -0.248536 0.293452 202 52 0
0.591461 -0.243853 0.293615 202 52 0
0.591324 -0.239169 0.293793 202 52 0
0.59123 -0.234481 0.293916 202 52 0
0.591181 -0.229792 0.293996 202 52 0
0.59122 -0.225109 0.293875 202 52 0
0.591361 -0.220436 0.293503 202 52 0
0.591698 -0.21579 0.292994 202 52 0
0.593172 -0.20564 0.290537 202 52 0
0.593557 -0.200481 0.290238 202 52 0
0.593756 -0.195295 0.290212 202 52 0
0.59414 -0.19012 0.289975 202 52 0
0.594478 -0.184936 0.289933 202 52 0
0.594599 -0.179747 0.29012 202 52 0
0.594654 -0.174569 0.290537 202 52 0
0.594537 -0.169394 0.290983 202 52 0
0.594352 -0.164216 0.291361 202 52 0
0.594377 -0.159036 0.291751 202 52 0
0.594403 -0.153854 0.292112 202 52 0
0.594142 -0.148676 0.292446 202 52 0
0.593897 -0.143496 0.292752 202 52 0
0.593748 -0.135662 0.29299 202 52 0
0.593418 -0.130447 0.293418 202 52 0
0.593116 -0.125231 0.293838 202 52 0
0.59283 -0.120017 0.29429 202 52 0
0.592521 -0.114813 0.29484 202 52 0
0.592271 -0.10961 0.295424 202 52 0
0.592054 -0.104402 0.295977 202 52 0
0.591794 -0.0991914 0.296494 202 52 0
0.591559 -0.0939838 0.297046 203 51 0
0.591421 -0.0887656 0.297517 203 51 0
0.590857 -0.0839155 0.297763 203 51 0
0.590692 -0.0789721 0.298064 203 51 0
0.590446 -0.0740352 0.298415 203 51 0
0.590256 -0.0690934 0.298728 203 51 0
0.590102 -0.0641466 0.298977 203 51 0
0.589935 -0.0591987 0.299193 203 51 0
0.589775 -0.0542499 0.299394 203 51 0
0.58966 -0.0492983 0.29955 203 51 0
0.589594 -0.0443448 0.299666 203 51 0
0.589573 -0.0393912 0.299796 203 51 0
0.58951 -0.0344385 0.299946 203 51 0
0.589401 -0.0236681 0.300548 203 51 0
0.589552 -0.0188527 0.300369 203 51 0
0.590129 -0.0140969 0.299816 203 51 0
0.590643 -0.00931927 0.299387 203 51 0
0.591117 -0.00453492 0.298963 203 51 0
0.591608 0.000246757 0.298529 203 51 0
0.592102 0.00502289 0.298042 203 51 0
0.592579 0.00979761 0.297523 203 51 0
0.59302 0.0145797 0.297043 203 51 0
0.593456 0.0193695 0.296651 203 51 0
0.593884 0.024169 0.296401 203 51 0
0.594093 0.028987 0.296212 203 51 0
0.594147 0.0338118 0.296171 203 51 0
0.594103 0.0386367 0.296282 203 51 0
0.593852 0.0441302 0.296059 203 51 0
0.592815 0.0492431 0.296376 203 51 0
0.592091 0.0544139 0.296818 203 51 0
0.591025 0.059531 0.297198 203 51 0
0.590013 0.0646635 0.297426 203 51 0
0.589576 0.0698787 0.2974 203 51 0
0.589132 0.0750312 0.29657 203 51 0
0.589028 0.0800922 0.295226 203 51 0
0.589461 0.0850814 0.293681 203 51 0
0.589712 0.0899306 0.291724 203 51 0
0.588792 0.0916765 0.290414 203 51 0
0.587067 0.0956962 0.28837 203 51 0
0.584955 0.0995102 0.286272 203 51 0
0.582704 0.103296 0.284268 203 51 0
0.580488 0.107108 0.282275 203 51 0
0.578414 0.111033 0.280352 203 51 0
0.576533 0.115085 0.278499 203 51 0
0.576159 0.115218 0.279417 203 51 0
0.519696 0.116566 0.25326 203 51 0
0.520232 0.116516 0.252417 203 51 0
0.520232 0.116516 0.252417 204 50 0
0.519741 0.113621 0.25326 204 50 0
0.519113 0.109361 0.254397 204 50 0
0.518526 0.105074 0.25545 204 50 0
0.518115 0.100705 0.256213 204 50 0
0.517735 0.0963225 0.256906 204 50 0
0.517693 0.0913115 0.256942 204 50 0
0.517986 0.0861358 0.256434 204 50 0
0.517821 0.0809602 0.255862 204 50 0
0.517667 0.075788 0.255257 204 50 0
0.517426 0.070602 0.254822 204 50 0
0.517084 0.0654115 0.254535 204 50 0
0.516597 0.0602247 0.25451 204 50 0
0.516444 0.0550249 0.254791 204 50 0
0.515982 0.044556 0.255636 204 50 0
0.515793 0.0397415 0.255981 204 50 0
0.515588 0.0349298 0.256353 204 50 0
0.515378 0.0301187 0.256732 204 50 0
0.515169 0.025308 0.257115 204 50 0
0.514955 0.0204976 0.2575 204 50 0
0.51476 0.0156842 0.257855 204 50 0
0.514602 0.0108653 0.258146 204 50 0
0.514488 0.00604076 0.25835 204 50 0
0.514414 0.00121273 0.258483 204 50 0
0.514357 -0.00361634 0.258587 204 50 0
0.514301 -0.00844535 0.258692 204 50 0
0.51426 -0.0132749 0.258767 204 50 0
0.514327 -0.0181019 0.25865 204 50 0
0.514471 -0.0258255 0.258385 204 50 0
0.514489 -0.0310663 0.258343 204 50 0
0.514482 -0.0363074 0.258353 204 50 0
0.51447 -0.0415486 0.258375 204 50 0
0.514487 -0.0467894 0.258342 204 50 0
0.514522 -0.0520301 0.258278 204 50 0
0.514505 -0.0572705 0.258314 204 50 0
0.514422 -0.0625085 0.258469 204 50 0
0.514344 -0.0677467 0.258618 204 50 0
0.514261 -0.072984 0.258777 204 50 0
0.514045 -0.0783366 0.259184 204 50 0
0.514194 -0.0831272 0.258908 204 50 0
0.514115 -0.0878921 0.258302 204 50 0
0.514228 -0.092579 0.257271 204 50 0
0.514512 -0.097191 0.255959 204 50 0
0.51485 -0.101778 0.254568 204 50 0
0.51516 -0.106376 0.253205 204 50 0
0.515506 -0.111012 0.252011 204 50 0
0.515991 -0.11571 0.251132 205 49 0
0.516331 -0.120461 0.250495 205 49 0
0.516552 -0.125241 0.250058 205 49 0
0.516672 -0.135776 0.249873 205 49 0
0.516827 -0.140691 0.249615 205 49 0
0.517 -0.145601 0.249289 205 49 0
0.517067 -0.150522 0.249162 205 49 0
0.517007 -0.155442 0.2493 205 49 0
0.516759 -0.160333 0.249773 205 49 0
0.516315 -0.165165 0.250584 205 49 0
0.515766 -0.169954 0.251588 205 49 0
0.51519 -0.174727 0.252649 205 49 0
0.514676 -0.179531 0.253583 205 49 0
0.514273 -0.184385 0.254308 205 49 0
0.513812 -0.189195 0.255161 205 49 0
0.512958 -0.193784 0.256727 205 49 0
0.512335 -0.198524 0.25782 205 49 0
0.513674 -0.206321 0.255372 205 49 0
0.51466 -0.21114 0.253568 205 49 0
0.515374 -0.216167 0.252253 205 49 0
0.515872 -0.221258 0.251151 205 49 0
0.515992 -0.226456 0.250504 205 49 0
0.515865 -0.231689 0.250303 205 49 0
0.515552 -0.236922 0.250443 205 49 0
0.515143 -0.242141 0.250753 205 49 0
0.51457 -0.247329 0.251237 205 49 0
0.51397 -0.2525 0.251822 205 49 0
0.51408 -0.247082 0.251605 205 49 0
0.514742 -0.242484 0.250795 205 49 0
0.515358 -0.237833 0.250284 205 49 0
0.515875 -0.233159 0.249866 205 49 0
0.516218 -0.22846 0.249756 205 49 0
0.516297 -0.223767 0.250118 205 49 0
0.516102 -0.219119 0.250923 205 49 0
0.515553 -0.214546 0.251908 205 49 0
0.513145 -0.203768 0.256344 205 49 0
0.512986 -0.198949 0.256637 205 49 0
0.513637 -0.19426 0.255479 205 49 0
0.513953 -0.189443 0.254903 205 49 0
0.51427 -0.184606 0.25432 205 49 0
0.514672 -0.179798 0.253573 205 49 0
0.515186 -0.175038 0.252624 205 49 0
0.515757 -0.170304 0.251572 205 49 0
0.516301 -0.165554 0.250577 205 49 0
0.516743 -0.160762 0.24977 205 49 0
0.516992 -0.155912 0.249295 205 49 0
0.517062 -0.151033 0.249135 205 49 0
0.516957 -0.146156 0.249316 206 48 0
0.516773 -0.14129 0.249679 206 48 0
0.51668 -0.133638 0.249847 206 48 0
0.516546 -0.12851 0.250108 206 48 0
0.516742 -0.123414 0.250702 206 48 0
0.516701 -0.11833 0.251416 206 48 0
0.516521 -0.113294 0.252401 206 48 0
0.516238 -0.108299 0.253563 206 48 0
0.515911 -0.103326 0.254808 206 48 0
0.515586 -0.0983522 0.25605 206 48 0
0.515042 -0.0934236 0.257365 206 48 0
0.51434 -0.0885037 0.258654 206 48 0
0.514028 -0.0812696 0.259199 206 48 0
0.51422 -0.0762335 0.25885 206 48 0
0.514287 -0.0711835 0.258728 206 48 0
0.514352 -0.0661333 0.258611 206 48 0
0.514444 -0.0610849 0.258437 206 48 0
0.514519 -0.0560355 0.258295 206 48 0
0.514527 -0.0509841 0.258277 206 48 0
0.514486 -0.0459326 0.258353 206 48 0
0.51446 -0.0408808 0.258402 206 48 0
0.514437 -0.035829 0.258439 206 48 0
0.514459 -0.0255228 0.258416 206 48 0
0.51431 -0.0205187 0.258694 206 48 0
0.514278 -0.0155054 0.25875 206 48 0
0.514311 -0.0104914 0.258739 206 48 0
0.514356 -0.0054781 0.258657 206 48 0
0.514399 -0.000464802 0.258577 206 48 0
0.514469 0.00454729 0.258454 206 48 0
0.514553 0.0095564 0.258246 206 48 0
0.514714 0.0145591 0.257948 206 48 0
0.514914 0.0195557 0.25758 206 48 0
0.515135 0.0245493 0.257184 206 48 0
0.515353 0.0295426 0.256783 206 48 0
0.515578 0.0345351 0.256376 206 48 0
0.51577 0.0395328 0.25602 206 48 0
0.516027 0.0449124 0.255545 206 48 0
0.516217 0.0497212 0.255204 206 48 0
0.516704 0.054515 0.255008 206 48 0
0.517217 0.0593108 0.2549 206 48 0
0.517643 0.0641156 0.254922 206 48 0
0.517966 0.0689239 0.25511 206 48 0
0.518205 0.0737282 0.25547 206 48 0
0.51829 0.0785284 0.255908 206 48 0
0.518085 0.0833335 0.256283 206 48 0
0.517777 0.0881149 0.256846 206 48 0
0.517673 0.0903963 0.257047 206 48 0
0.517811 0.0951307 0.25678 207 47 0
0.518034 0.0998493 0.256362 207 47 0
0.518473 0.104503 0.25555 207 47 0
0.519074 0.109082 0.254466 207 47 0
0.519741 0.113621 0.25326 207 47 0
0.51921 0.11368 0.254105 207 47 0
0.574981 0.117841 0.279291 207 47 0
0.575357 0.117694 0.278376 207 47 0
0.575489 0.114408 0.278174 207 47 0
0.574801 0.10982 0.279097 207 47 0
0.574261 0.105243 0.280168 207 47 0
0.573077 0.100773 0.281186 207 47 0
0.572113 0.0962929 0.282361 207 47 0
0.571269 0.0910663 0.284078 207 47 0
0.57062 0.0859453 0.285316 207 47 0
0.570229 0.080712 0.286167 207 47 0
0.57013 0.0754128 0.28656 207 47 0
0.570185 0.0701005 0.286407 207 47 0
0.570453 0.0648261 0.285795 207 47 0
0.570791 0.0595727 0.285052 207 47 0
0.57114 0.054333 0.284223 207 47 0
0.57095 0.0432692 0.284028 207 47 0
0.570915 0.0384093 0.284061 207 47 0
0.570813 0.0335688 0.284457 207 47 0
0.570462 0.0287362 0.284823 207 47 0
0.570188 0.0239043 0.285261 207 47 0
0.569834 0.0190758 0.285676 207 47 0
0.569398 0.0142506 0.286063 207 47 0
0.568975 0.00942718 0.286481 207 47 0
0.568558 0.00460422 0.286912 207 47 0
0.56812 -0.000220021 0.287307 207 47 0
0.567695 -0.00504938 0.287647 207 47 0
0.567249 -0.0098831 0.287882 207 47 0
0.566918 -0.014721 0.288083 207 47 0
0.566602 -0.0195623 0.288108 207 47 0
0.566619 -0.0275186 0.287828 207 47 0
0.566917 -0.0325122 0.287398 207 47 0
0.567067 -0.0375259 0.287179 207 47 0
0.56718 -0.0425426 0.287009 207 47 0
0.567169 -0.0475542 0.286748 207 47 0
0.567059 -0.0525606 0.286382 207 47 0
0.56691 -0.057569 0.286068 207 47 0
0.566685 -0.06258 0.285855 207 47 0
0.566384 -0.0675869 0.285644 207 47 0
0.565928 -0.0725519 0.285076 207 47 0
0.56601 -0.0802547 0.284973 207 47 0
0.566262 -0.0853081 0.28459 207 47 0
0.5666 -0.0903462 0.284085 208 46 0
0.566957 -0.0953804 0.283558 208 46 0
0.567465 -0.100398 0.283002 208 46 0
0.568063 -0.105412 0.282487 208 46 0
0.568653 -0.110427 0.281984 208 46 0
0.569226 -0.115447 0.28151 208 46 0
0.569826 -0.120466 0.281058 208 46 0
0.570503 -0.125493 0.280916 208 46 0
0.570814 -0.135787 0.280467 208 46 0
0.571055 -0.140792 0.280118 208 46 0
0.571348 -0.145788 0.279685 208 46 0
0.571431 -0.150781 0.279141 208 46 0
0.571482 -0.15578 0.278646 208 46 0
0.571492 -0.160779 0.278151 208 46 0
0.571506 -0.165782 0.277691 208 46 0
0.571479 -0.17079 0.27729 208 46 0
0.571339 -0.175803 0.277016 208 46 0
0.571062 -0.180818 0.27709 208 46 0
0.570606 -0.185805 0.277494 208 46 0
0.569986 -0.190749 0.278127 208 46 0
0.569617 -0.195715 0.278773 208 46 0
0.569099 -0.200614 0.279755 208 46 0
0.567772 -0.208593 0.282247 208 46 0
0.56777 -0.213711 0.282284 208 46 0
0.56791 -0.218832 0.282126 208 46 0
0.567982 -0.223963 0.282036 208 46 0
0.568199 -0.229084 0.281719 208 46 0
0.568451 -0.234202 0.281367 208 46 0
0.568653 -0.239327 0.281098 208 46 0
0.568754 -0.244459 0.280966 208 46 0
0.568749 -0.249595 0.280976 208 46 0
0.568515 -0.254712 0.281338 208 46 0
0.568628 -0.249112 0.281119 208 46 0
0.568831 -0.244444 0.280818 208 46 0
0.568862 -0.239759 0.280786 208 46 0
0.56875 -0.23508 0.280951 208 46 0
0.56844 -0.230427 0.281378 208 46 0
0.568039 -0.225792 0.281939 208 46 0
0.567629 -0.221164 0.282538 208 46 0
0.567063 -0.21658 0.283329 208 46 0
0.568251 -0.205865 0.281213 208 46 0
0.56894 -0.201224 0.279988 208 46 0
0.569401 -0.196471 0.279129 208 46 0
0.569837 -0.191695 0.278382 208 46 0
0.570371 -0.186915 0.277748 208 46 0
0.570842 -0.182106 0.277312 208 46 0
0.571163 -0.17727 0.277119 209 45 0
0.571347 -0.172425 0.277224 209 45 0
0.571419 -0.167584 0.27755 209 45 0
0.571419 -0.162746 0.277943 209 45 0
0.571408 -0.157912 0.278369 209 45 0
0.571405 -0.153082 0.278841 209 45 0
0.571445 -0.148283 0.279553 209 45 0
0.571146 -0.143459 0.279989 209 45 0
0.570842 -0.135611 0.280421 209 45 0
0.570652 -0.130813 0.280711 209 45 0
0.570451 -0.126015 0.281003 209 45 0
0.570224 -0.121222 0.281335 209 45 0
0.569892 -0.116442 0.28175 209 45 0
0.569361 -0.111682 0.282194 209 45 0
0.568819 -0.106926 0.282674 209 45 0
0.568272 -0.102171 0.283151 209 45 0
0.567719 -0.0974161 0.283625 209 45 0
0.56706 -0.0926815 0.284157 209 45 0
0.566254 -0.0879599 0.284595 209 45 0
0.565983 -0.0829002 0.285001 209 45 0
0.565995 -0.0781057 0.28499 209 45 0
0.566186 -0.0733272 0.285312 209 45 0
0.566439 -0.0685502 0.285639 209 45 0
0.566723 -0.0637711 0.285903 209 45 0
0.567018 -0.0589919 0.286155 209 45 0
0.567297 -0.0542134 0.286437 209 45 0
0.567411 -0.0494297 0.286676 209 45 0
0.567306 -0.0446383 0.286827 209 45 0
0.56718 -0.0398485 0.287009 209 45 0
0.566923 -0.0350758 0.287367 209 45 0
0.566645 -0.0244146 0.288036 209 45 0
0.566643 -0.0195524 0.287993 209 45 0
0.566875 -0.0147017 0.287888 209 45 0
0.567223 -0.00985226 0.28783 209 45 0
0.567626 -0.00501104 0.287631 209 45 0
0.568051 -0.00017841 0.287303 209 45 0
0.568506 0.00464516 0.286889 209 45 0
0.568939 0.0094679 0.286444 209 45 0
0.569353 0.0142948 0.286026 209 45 0
0.569782 0.0191235 0.285643 209 45 0
0.570209 0.0239526 0.285265 209 45 0
0.570631 0.0287773 0.284844 209 45 0
0.570875 0.0335967 0.284255 209 45 0
0.570914 0.0384524 0.284044 209 45 0
0.570971 0.0432497 0.283979 209 45 0
0.570893 0.0483406 0.284043 209 45 0
0.570874 0.0534287 0.284305 209 45 0
0.570742 0.0584993 0.284781 210 44 0
0.570428 0.0635346 0.285491 210 44 0
0.570142 0.0685803 0.286139 210 44 0
0.570066 0.0736536 0.286597 210 44 0
0.570053 0.0787435 0.286379 210 44 0
0.570303 0.083795 0.285765 210 44 0
0.570759 0.0887603 0.284773 210 44 0
0.571287 0.0924738 0.283523 210 44 0
0.572171 0.0968092 0.282251 210 44 0
0.573076 0.101148 0.28101 210 44 0
0.574277 0.105494 0.280081 210 44 0
0.574826 0.109944 0.279062 210 44 0
0.575489 0.114408 0.278174 210 44 0
0.57512 0.11454 0.279093 210 44 0
0.519696 0.116566 0.25326 210 44 0
0.520232 0.116516 0.252417 210 44 0
0.517978 0.114625 0.252016 210 44 0
0.514077 0.111759 0.251018 210 44 0
0.510255 0.108823 0.249932 210 44 0
0.506432 0.106042 0.248491 210 44 0
0.50279 0.103364 0.246498 210 44 0
0.499366 0.100542 0.244325 210 44 0
0.495993 0.0977484 0.242036 210 44 0
0.496348 0.0921669 0.242184 210 44 0
0.495932 0.0868843 0.242025 210 44 0
0.495491 0.0815843 0.241898 210 44 0
0.494995 0.0762878 0.241937 210 44 0
0.494496 0.0709916 0.241993 210 44 0
0.494006 0.0656948 0.242013 210 44 0
0.493887 0.0603824 0.242269 210 44 0
0.493785 0.0550683 0.242471 210 44 0
0.493137 0.0447152 0.243126 210 44 0
0.492842 0.0395267 0.243429 210 44 0
0.49257 0.0343455 0.243855 210 44 0
0.492339 0.0291527 0.24414 210 44 0
0.492128 0.0239571 0.244389 210 44 0
0.491971 0.0187563 0.244556 210 44 0
0.491918 0.0135514 0.244628 210 44 0
0.491914 0.00834559 0.244631 210 44 0
0.49192 0.00313978 0.244622 210 44 0
0.491949 -0.00206572 0.244573 210 44 0
0.491988 -0.00727083 0.244496 210 44 0
0.492098 -0.0124707 0.244276 210 44 0
0.492164 -0.0176736 0.244117 210 44 0
0.492183 -0.0253002 0.244185 210 44 0
0.492153 -0.0305451 0.244219 210 44 0
0.492078 -0.0357882 0.244334 210 44 0
0.491981 -0.0410289 0.244528 211 43 0
0.491875 -0.0462688 0.244739 211 43 0
0.491757 -0.0515082 0.244954 211 43 0
0.491641 -0.0567467 0.245193 211 43 0
0.49155 -0.0619875 0.245375 211 43 0
0.491446 -0.0672264 0.245582 211 43 0
0.491374 -0.0724681 0.24573 211 43 0
0.491592 -0.0778373 0.245413 211 43 0
0.491805 -0.0825192 0.244455 211 43 0
0.491895 -0.087235 0.243633 211 43 0
0.49203 -0.0919498 0.242809 211 43 0
0.492156 -0.096669 0.242009 211 43 0
0.492236 -0.101402 0.241294 211 43 0
0.492343 -0.106154 0.240721 211 43 0
0.492554 -0.110915 0.240261 211 43 0
0.492767 -0.115676 0.239798 211 43 0
0.492943 -0.120444 0.239389 211 43 0
0.493086 -0.125221 0.239103 211 43 0
0.49349 -0.135586 0.238276 211 43 0
0.493585 -0.140393 0.238068 211 43 0
0.493126 -0.145144 0.23861 211 43 0
0.492689 -0.149916 0.239068 211 43 0
0.492288 -0.154693 0.239545 211 43 0
0.491881 -0.159467 0.240046 211 43 0
0.491488 -0.16424 0.240563 211 43 0
0.491106 -0.169019 0.24104 211 43 0
0.490759 -0.173807 0.241431 211 43 0
0.490468 -0.178606 0.241721 211 43 0
0.490242 -0.183415 0.241817 211 43 0
0.49015 -0.188228 0.241674 211 43 0
0.490366 -0.193026 0.24137 211 43 0
0.490701 -0.197778 0.24066 211 43 0
0.49103 -0.205845 0.238714 211 43 0
0.491056 -0.210542 0.23748 211 43 0
0.490786 -0.215255 0.236344 211 43 0
0.490516 -0.220012 0.235402 211 43 0
0.49005 -0.224776 0.234568 211 43 0
0.489498 -0.229555 0.233884 211 43 0
0.48893 -0.234359 0.233428 211 43 0
0.488462 -0.239186 0.233139 211 43 0
0.487734 -0.243981 0.232857 211 43 0
0.487046 -0.248787 0.232776 211 43 0
0.486446 -0.253604 0.232689 211 43 0
0.487147 -0.248608 0.233047 211 43 0
0.488057 -0.243601 0.233166 211 43 0
0.488763 -0.238554 0.233265 211 43 0
0.489677 -0.233549 0.233568 211 43 0
0.490336 -0.228508 0.233935 212 42 0
0.490641 -0.223446 0.234445 212 42 0
0.490973 -0.218479 0.235534 212 42 0
0.490964 -0.2135 0.236612 212 42 0
0.490253 -0.20296 0.238267 212 42 0
0.489917 -0.198249 0.239158 212 42 0
0.489788 -0.193522 0.240022 212 42 0
0.489657 -0.188753 0.240614 212 42 0
0.489556 -0.183956 0.240849 212 42 0
0.489666 -0.179153 0.240848 212 42 0
0.490011 -0.174361 0.240706 212 42 0
0.490473 -0.16958 0.240501 212 42 0
0.490931 -0.164802 0.240228 212 42 0
0.49138 -0.160028 0.239884 212 42 0
0.491854 -0.155259 0.2395 212 42 0
0.492301 -0.150511 0.238926 212 42 0
0.493055 -0.145844 0.238063 212 42 0
0.49367 -0.141091 0.237875 212 42 0
0.493408 -0.133586 0.238461 212 42 0
0.493207 -0.128447 0.238839 212 42 0
0.493117 -0.12331 0.239258 212 42 0
0.492969 -0.118179 0.239737 212 42 0
0.492741 -0.113049 0.240206 212 42 0
0.492649 -0.107927 0.24078 212 42 0
0.492591 -0.102811 0.241422 212 42 0
0.49246 -0.0977053 0.242133 212 42 0
0.492335 -0.092613 0.242929 212 42 0
0.492198 -0.0875177 0.243643 212 42 0
0.491954 -0.0825555 0.244537 212 42 0
0.491698 -0.0777182 0.245065 212 42 0
0.491515 -0.0728637 0.245466 212 42 0
0.49142 -0.0679962 0.245651 212 42 0
0.49145 -0.063125 0.245581 212 42 0
0.491587 -0.0582598 0.245324 212 42 0
0.491753 -0.053399 0.244998 212 42 0
0.491893 -0.0485352 0.244711 212 42 0
0.492002 -0.0436659 0.24452 212 42 0
0.492077 -0.0387933 0.244406 212 42 0
0.492086 -0.0339195 0.244368 212 42 0
0.492165 -0.0235676 0.244179 212 42 0
0.492128 -0.0187166 0.244233 212 42 0
0.492061 -0.0138672 0.244362 212 42 0
0.491999 -0.00901733 0.244475 212 42 0
0.491958 -0.00416657 0.244555 212 42 0
0.491935 0.000684759 0.2446 212 42 0
0.491924 0.00553633 0.244618 212 42 0
0.491922 0.010388 0.244621 213 41 0
0.491939 0.0152394 0.244599 213 41 0
0.492011 0.0200893 0.244514 213 41 0
0.492168 0.0249352 0.244342 213 41 0
0.492355 0.0297779 0.244116 213 41 0
0.492558 0.0346137 0.243799 213 41 0
0.492824 0.0394438 0.243433 213 41 0
0.493204 0.04485 0.24309 213 41 0
0.493443 0.0499565 0.24283 213 41 0
0.493731 0.0550605 0.242554 213 41 0
0.493868 0.0601721 0.242302 213 41 0
0.493986 0.0652851 0.242068 213 41 0
0.494094 0.0703981 0.241831 213 41 0
0.494241 0.0755081 0.241553 213 41 0
0.494364 0.0806192 0.241284 213 41 0
0.494444 0.0857353 0.241109 213 41 0
0.49451 0.0908529 0.240981 213 41 0
0.496059 0.09343 0.241941 213 41 0
0.499557 0.0967065 0.244409 213 41 0
0.502939 0.100253 0.246674 213 41 0
0.506344 0.103952 0.248627 213 41 0
0.50995 0.107676 0.250102 213 41 0
0.513899 0.111191 0.251172 213 41 0
0.517978 0.114625 0.252016 213 41 0
0.517439 0.11468 0.252857 213 41 0
0.574981 0.117841 0.279291 213 41 0
0.575357 0.117694 0.278376 213 41 0
0.576533 0.115085 0.278499 213 41 0
0.579269 0.111681 0.280531 213 41 0
0.581783 0.108091 0.282541 213 41 0
0.584349 0.104566 0.284601 213 41 0
0.586738 0.100898 0.286621 213 41 0
0.589271 0.0973295 0.288638 213 41 0
0.58946 0.0925501 0.290486 213 41 0
0.588983 0.088029 0.292303 213 41 0
0.588775 0.0834143 0.293951 213 41 0
0.588867 0.0787553 0.295465 213 41 0
0.589108 0.0740093 0.296646 213 41 0
0.589629 0.0692124 0.297419 213 41 0
0.590669 0.0644438 0.297792 213 41 0
0.591678 0.0596477 0.297635 213 41 0
0.592829 0.0548974 0.29734 213 41 0
0.593779 0.0442186 0.296529 213 41 0
0.593877 0.039338 0.296389 213 41 0
0.593945 0.0344561 0.29629 213 41 0
0.59395 0.0295735 0.296189 213 41 0
0.593781 0.0246971 0.296308 213 41 0
0.593455 0.019834 0.296598 214 40 0
0.593055 0.0149842 0.297005 214 40 0
0.59262 0.0101433 0.297481 214 40 0
0.592149 0.00530987 0.297996 214 40 0
0.59165 0.000478115 0.298499 214 40 0
0.591151 -0.00436005 0.298938 214 40 0
0.590619 -0.00918662 0.299436 214 40 0
0.589839 -0.0139536 0.300151 214 40 0
0.589477 -0.0187858 0.300721 214 40 0
0.58942 -0.0264595 0.300364 214 40 0
0.589445 -0.0316578 0.30016 214 40 0
0.58953 -0.0368546 0.29994 214 40 0
0.589605 -0.0420521 0.299743 214 40 0
0.589679 -0.0472522 0.299611 214 40 0
0.589782 -0.0524504 0.299441 214 40 0
0.589944 -0.0576461 0.299235 214 40 0
0.590111 -0.0628412 0.299017 214 40 0
0.590258 -0.0680371 0.298806 214 40 0
0.590472 -0.0732261 0.298511 214 40 0
0.590612 -0.0784364 0.298132 214 40 0
0.590939 -0.0833454 0.297782 214 40 0
0.591209 -0.088261 0.297479 214 40 0
0.591417 -0.0931712 0.297066 214 40 0
0.591663 -0.0980752 0.296601 214 40 0
0.591903 -0.102978 0.296118 214 40 0
0.59212 -0.10788 0.295615 214 40 0
0.592351 -0.112776 0.295072 214 40 0
0.59263 -0.117666 0.294486 214 40 0
0.593013 -0.122553 0.293946 214 40 0
0.593403 -0.127445 0.293444 214 40 0
0.593731 -0.137983 0.293007 214 40 0
0.593927 -0.143164 0.292767 214 40 0
0.593907 -0.148331 0.292336 214 40 0
0.593908 -0.153505 0.291935 214 40 0
0.593881 -0.158683 0.291573 214 40 0
0.593844 -0.163857 0.291177 214 40 0
0.593808 -0.169027 0.290713 214 40 0
0.593922 -0.174196 0.290267 214 40 0
0.593885 -0.179368 0.289835 214 40 0
0.593772 -0.184553 0.289642 214 40 0
0.593519 -0.189736 0.289606 214 40 0
0.593595 -0.194924 0.289484 214 40 0
0.593593 -0.200114 0.289479 214 40 0
0.592865 -0.208153 0.290826 214 40 0
0.592234 -0.213141 0.291962 214 40 0
0.591843 -0.218229 0.292717 214 40 0
0.59152 -0.223337 0.293343 214 40 0
0.591327 -0.228475 0.293739 215 39 0
0.59126 -0.233628 0.293899 215 39 0
0.591283 -0.238785 0.293845 215 39 0
0.591393 -0.243936 0.29362 215 39 0
0.591563 -0.249081 0.293294 215 39 0
0.591598 -0.254237 0.293155 215 39 0
0.591583 -0.248536 0.293452 215 39 0
0.591461 -0.243853 0.293615 215 39 0
0.591324 -0.239169 0.293793 215 39 0
0.59123 -0.234481 0.293916 215 39 0
0.591181 -0.229792 0.293996 215 39 0
0.59122 -0.225109 0.293875 215 39 0
0.591361 -0.220436 0.293503 215 39 0
0.591698 -0.21579 0.292994 215 39 0
0.593172 -0.20564 0.290537 215 39 0
0.593557 -0.200481 0.290238 215 39 0
0.593756 -0.195295 0.290212 215 39 0
0.59414 -0.19012 0.289975 215 39 0
0.594478 -0.184936 0.289933 215 39 0
0.594599 -0.179747 0.29012 215 39 0
0.594654 -0.174569 0.290537 215 39 0
0.594537 -0.169394 0.290983 215 39 0
0.594352 -0.164216 0.291361 215 39 0
0.594377 -0.159036 0.291751 215 39 0
0.594403 -0.153854 0.292112 215 39 0
0.594142 -0.148676 0.292446 215 39 0
0.593897 -0.143496 0.292752 215 39 0
0.593748 -0.135662 0.29299 215 39 0
0.593418 -0.130447 0.293418 215 39 0
0.593116 -0.125231 0.293838 215 39 0
0.59283 -0.120017 0.29429 215 39 0
0.592521 -0.114813 0.29484 215 39 0
0.592271 -0.10961 0.295424 215 39 0
0.592054 -0.104402 0.295977 215 39 0
0.591794 -0.0991914 0.296494 215 39 0
0.591559 -0.0939838 0.297046 215 39 0
0.591421 -0.0887656 0.297517 215 39 0
0.590857 -0.0839155 0.297763 215 39 0
0.590692 -0.0789721 0.298064 215 39 0
0.590446 -0.0740352 0.298415 215 39 0
0.590256 -0.0690934 0.298728 215 39 0
0.590102 -0.0641466 0.298977 215 39 0
0.589935 -0.0591987 0.299193 215 39 0
0.589775 -0.0542499 0.299394 215 39 0
0.58966 -0.0492983 0.29955 215 39 0
0.589594 -0.0443448 0.299666 215 39 0
0.589573 -0.0393912 0.299796 215 39 0
0.58951 -0.0344385 0.299946 216 38 0
0.589401 -0.0236681 0.300548 216 38 0
0.589552 -0.0188527 0.300369 216 38 0
0.590129 -0.0140969 0.299816 216 38 0
0.590643 -0.00931927 0.299387 216 38 0
0.591117 -0.00453492 0.298963 216 38 0
0.591608 0.000246757 0.298529 216 38 0
0.592102 0.00502289 0.298042 216 38 0
0.592579 0.00979761 0.297523 216 38 0
0.59302 0.0145797 0.297043 216 38 0
0.593456 0.0193695 0.296651 216 38 0
0.593884 0.024169 0.296401 216 38 0
0.594093 0.028987 0.296212 216 38 0
0.594147 0.0338118 0.296171 216 38 0
0.594103 0.0386367 0.296282 216 38 0
0.593852 0.0441302 0.296059 216 38 0
0.592815 0.0492431 0.296376 216 38 0
0.592091 0.0544139 0.296818 216 38 0
0.591025 0.059531 0.297198 216 38 0
0.590013 0.0646635 0.297426 216 38 0
0.589576 0.0698787 0.2974 216 38 0
0.589132 0.0750312 0.29657 216 38 0
0.589028 0.0800922 0.295226 216 38 0
0.589461 0.0850814 0.293681 216 38 0
0.589712 0.0899306 0.291724 216 38 0
0.588792 0.0916765 0.290414 216 38 0
0.587067 0.0956962 0.28837 216 38 0
0.584955 0.0995102 0.286272 216 38 0
0.582704 0.103296 0.284268 216 38 0
0.580488 0.107108 0.282275 216 38 0
0.578414 0.111033 0.280352 216 38 0
0.576533 0.115085 0.278499 216 38 0
0.576159 0.115218 0.279417 216 38 0
0.519696 0.116566 0.25326 216 38 0
0.520232 0.116516 0.252417 216 38 0
0.520232 0.116516 0.252417 216 38 0
0.519741 0.113621 0.25326 216 38 0
0.519113 0.109361 0.254397 216 38 0
0.518526 0.105074 0.25545 216 38 0
0.518115 0.100705 0.256213 216 38 0
0.517735 0.0963225 0.256906 216 38 0
0.517693 0.0913115 0.256942 216 38 0
0.517986 0.0861358 0.256434 216 38 0
0.517821 0.0809602 0.255862 216 38 0
0.517667 0.075788 0.255257 216 38 0
0.517426 0.070602 0.254822 216 38 0
0.517084 0.0654115 0.254535 217 37 0
0.516597 0.0602247 0.25451 217 37 0
0.516444 0.0550249 0.254791 217 37 0
0.515982 0.044556 0.255636 217 37 0
0.515793 0.0397415 0.255981 217 37 0
0.515588 0.0349298 0.256353 217 37 0
0.515378 0.0301187 0.256732 217 37 0
0.515169 0.025308 0.257115 217 37 0
0.514955 0.0204976 0.2575 217 37 0
0.51476 0.0156842 0.257855 217 37 0
0.514602 0.0108653 0.258146 217 37 0
0.514488 0.00604076 0.25835 217 37 0
0.514414 0.00121273 0.258483 217 37 0
0.514357 -0.00361634 0.258587 217 37 0
0.514301 -0.00844535 0.258692 217 37 0
0.51426 -0.0132749 0.258767 217 37 0
0.514327 -0.0181019 0.25865 217 37 0
0.514471 -0.0258255 0.258385 217 37 0
0.514489 -0.0310663 0.258343 217 37 0
0.514482 -0.0363074 0.258353 217 37 0
0.51447 -0.0415486 0.258375 217 37 0
0.514487 -0.0467894 0.258342 217 37 0
0.514522 -0.0520301 0.258278 217 37 0
0.514505 -0.0572705 0.258314 217 37 0
0.514422 -0.0625085 0.258469 217 37 0
0.514344 -0.0677467 0.258618 217 37 0
0.514261 -0.072984 0.258777 217 37 0
0.514045 -0.0783366 0.259184 217 37 0
0.514194 -0.0831272 0.258908 217 37 0
0.514115 -0.0878921 0.258302 217 37 0
0.514228 -0.092579 0.257271 217 37 0
0.514512 -0.097191 0.255959 217 37 0
0.51485 -0.101778 0.254568 217 37 0
0.51516 -0.106376 0.253205 217 37 0
0.515506 -0.111012 0.252011 217 37 0
0.515991 -0.11571 0.251132 217 37 0
0.516331 -0.120461 0.250495 217 37 0
0.516552 -0.125241 0.250058 217 37 0
0.516672 -0.135776 0.249873 217 37 0
0.516827 -0.140691 0.249615 217 37 0
0.517 -0.145601 0.249289 217 37 0
0.517067 -0.150522 0.249162 217 37 0
0.517007 -0.155442 0.2493 217 37 0
0.516759 -0.160333 0.249773 217 37 0
0.516315 -0.165165 0.250584 217 37 0
0.515766 -0.169954 0.251588 217 37 0
0.51519 -0.174727 0.252649 217 37 0
0.514676 -0.179531 0.253583 218 36 0
0.514273 -0.184385 0.254308 218 36 0
0.513812 -0.189195 0.255161 218 36 0
0.512958 -0.193784 0.256727 218 36 0
0.512335 -0.198524 0.25782 218 36 0
0.513674 -0.206321 0.255372 218 36 0
0.51466 -0.21114 0.253568 218 36 0
0.515374 -0.216167 0.252253 218 36 0
0.515872 -0.221258 0.251151 218 36 0
0.515992 -0.226456 0.250504 218 36 0
0.515865 -0.231689 0.250303 218 36 0
0.515552 -0.236922 0.250443 218 36 0
0.515143 -0.242141 0.250753 218 36 0
0.51457 -0.247329 0.251237 218 36 0
0.51397 -0.2525 0.251822 218 36 0
0.51408 -0.247082 0.251605 218 36 0
0.514742 -0.242484 0.250795 218 36 0
0.515358 -0.237833 0.250284 218 36 0
0.515875 -0.233159 0.249866 218 36 0
0.516218 -0.22846 0.249756 218 36 0
0.516297 -0.223767 0.250118 218 36 0
0.516102 -0.219119 0.250923 218 36 0
0.515553 -0.214546 0.251908 218 36 0
0.513145 -0.203768 0.256344 218 36 0
0.512986 -0.198949 0.256637 218 36 0
0.513637 -0.19426 0.255479 218 36 0
0.513953 -0.189443 0.254903 218 36 0
0.51427 -0.184606 0.25432 218 36 0
0.514672 -0.179798 0.253573 218 36 0
0.515186 -0.175038 0.252624 218 36 0
0.515757 -0.170304 0.251572 218 36 0
0.516301 -0.165554 0.250577 218 36 0
0.516743 -0.160762 0.24977 218 36 0
0.516992 -0.155912 0.249295 218 36 0
0.517062 -0.151033 0.249135 218 36 0
0.516957 -0.146156 0.249316 218 36 0
0.516773 -0.14129 0.249679 218 36 0
0.51668 -0.133638 0.249847 218 36 0
0.516546 -0.12851 0.250108 218 36 0
0.516742 -0.123414 0.250702 218 36 0
0.516701 -0.11833 0.251416 218 36 0
0.516521 -0.113294 0.252401 218 36 0
0.516238 -0.108299 0.253563 218 36 0
0.515911 -0.103326 0.254808 218 36 0
0.515586 -0.0983522 0.25605 218 36 0
0.515042 -0.0934236 0.257365 218 36 0
0.51434 -0.0885037 0.258654 218 36 0
0.514028 -0.0812696 0.259199 219 35 0
0.51422 -0.0762335 0.25885 219 35 0
0.514287 -0.0711835 0.258728 219 35 0
0.514352 -0.0661333 0.258611 219 35 0
0.514444 -0.0610849 0.258437 219 35 0
0.514519 -0.0560355 0.258295 219 35 0
0.514527 -0.0509841 0.258277 219 35 0
0.514486 -0.0459326 0.258353 219 35 0
0.51446 -0.0408808 0.258402 219 35 0
0.514437 -0.035829 0.258439 219 35 0
0.514459 -0.0255228 0.258416 219 35 0
0.51431 -0.0205187 0.258694 219 35 0
0.514278 -0.0155054 0.25875 219 35 0
0.514311 -0.0104914 0.258739 219 35 0
0.514356 -0.0054781 0.258657 219 35 0
0.514399 -0.000464802 0.258577 219 35 0
0.514469 0.00454729 0.258454 219 35 0
0.514553 0.0095564 0.258246 219 35 0
0.514714 0.0145591 0.257948 219 35 0
0.514914 0.0195557 0.25758 219 35 0
0.515135 0.0245493 0.257184 219 35 0
0.515353 0.0295426 0.256783 219 35 0
0.515578 0.0345351 0.256376 219 35 0
0.51577 0.0395328 0.25602 219 35 0
0.516027 0.0449124 0.255545 219 35 0
0.516217 0.0497212 0.255204 219 35 0
0.516704 0.054515 0.255008 219 35 0
0.517217 0.0593108 0.2549 219 35 0
0.517643 0.0641156 0.254922 219 35 0
0.517966 0.0689239 0.25511 219 35 0
0.518205 0.0737282 0.25547 219 35 0
0.51829 0.0785284 0.255908 219 35 0
0.518085 0.0833335 0.256283 219 35 0
0.517777 0.0881149 0.256846 219 35 0
0.517673 0.0903963 0.257047 219 35 0
0.517811 0.0951307 0.25678 219 35 0
0.518034 0.0998493 0.256362 219 35 0
0.518473 0.104503 0.25555 219 35 0
0.519074 0.109082 0.254466 219 35 0
0.519741 0.113621 0.25326 219 35 0
0.51921 0.11368 0.254105 219 35 0
0.574981 0.117841 0.279291 219 35 0
0.575357 0.117694 0.278376 219 35 0
0.575489 0.114408 0.278174 219 35 0
0.574801 0.10982 0.279097 219 35 0
0.574261 0.105243 0.280168 219 35 0
0.573077 0.100773 0.281186 219 35 0
0.572113 0.0962929 0.282361 220 34 0
0.571269 0.0910663 0.284078 220 34 0
0.57062 0.0859453 0.285316 220 34 0
0.570229 0.080712 0.286167 220 34 0
0.57013 0.0754128 0.28656 220 34 0
0.570185 0.0701005 0.286407 220 34 0
0.570453 0.0648261 0.285795 220 34 0
0.570791 0.0595727 0.285052 220 34 0
0.57114 0.054333 0.284223 220 34 0
0.57095 0.0432692 0.284028 220 34 0
0.570915 0.0384093 0.284061 220 34 0
0.570813 0.0335688 0.284457 220 34 0
0.570462 0.0287362 0.284823 220 34 0
0.570188 0.0239043 0.285261 220 34 0
0.569834 0.0190758 0.285676 220 34 0
0.569398 0.0142506 0.286063 220 34 0
0.568975 0.00942718 0.286481 220 34 0
0.568558 0.00460422 0.286912 220 34 0
0.56812 -0.000220021 0.287307 220 34 0
0.567695 -0.00504938 0.287647 220 34 0
0.567249 -0.0098831 0.287882 220 34 0
0.566918 -0.014721 0.288083 220 34 0
0.566602 -0.0195623 0.288108 220 34 0
0.566619 -0.0275186 0.287828 220 34 0
0.566917 -0.0325122 0.287398 220 34 0
0.567067 -0.0375259 0.287179 220 34 0
0.56718 -0.0425426 0.287009 220 34 0
0.567169 -0.0475542 0.286748 220 34 0
0.567059 -0.0525606 0.286382 220 34 0
0.56691 -0.057569 0.286068 220 34 0
0.566685 -0.06258 0.285855 220 34 0
0.566384 -0.0675869 0.285644 220 34 0
0.565928 -0.0725519 0.285076 220 34 0
0.56601 -0.0802547 0.284973 220 34 0
0.566262 -0.0853081 0.28459 220 34 0
0.5666 -0.0903462 0.284085 220 34 0
0.566957 -0.0953804 0.283558 220 34 0
0.567465 -0.100398 0.283002 220 34 0
0.568063 -0.105412 0.282487 220 34 0
0.568653 -0.110427 0.281984 220 34 0
0.569226 -0.115447 0.28151 220 34 0
0.569826 -0.120466 0.281058 220 34 0
0.570503 -0.125493 0.280916 220 34 0
0.570814 -0.135787 0.280467 220 34 0
0.571055 -0.140792 0.280118 220 34 0
0.571348 -0.145788 0.279685 220 34 0
0.571431 -0.150781 0.279141 221 33 0
0.571482 -0.15578 0.278646 221 33 0
0.571492 -0.160779 0.278151 221 33 0
0.571506 -0.165782 0.277691 221 33 0
0.571479 -0.17079 0.27729 221 33 0
0.571339 -0.175803 0.277016 221 33 0
0.571062 -0.180818 0.27709 221 33 0
0.570606 -0.185805 0.277494 221 33 0
0.569986 -0.190749 0.278127 221 33 0
0.569617 -0.195715 0.278773 221 33 0
0.569099 -0.200614 0.279755 221 33 0
0.567772 -0.208593 0.282247 221 33 0
0.56777 -0.213711 0.282284 221 33 0
0.56791 -0.218832 0.282126 221 33 0
0.567982 -0.223963 0.282036 221 33 0
0.568199 -0.229084 0.281719 221 33 0
0.568451 -0.234202 0.281367 221 33 0
0.568653 -0.239327 0.281098 221 33 0
0.568754 -0.244459 0.280966 221 33 0
0.568749 -0.249595 0.280976 221 33 0
0.568515 -0.254712 0.281338 221 33 0
0.568628 -0.249112 0.281119 221 33 0
0.568831 -0.244444 0.280818 221 33 0
0.568862 -0.239759 0.280786 221 33 0
0.56875 -0.23508 0.280951 221 33 0
0.56844 -0.230427 0.281378 221 33 0
0.568039 -0.225792 0.281939 221 33 0
0.567629 -0.221164 0.282538 221 33 0
0.567063 -0.21658 0.283329 221 33 0
0.568251 -0.205865 0.281213 221 33 0
0.56894 -0.201224 0.279988 221 33 0
0.569401 -0.196471 0.279129 221 33 0
0.569837 -0.191695 0.278382 221 33 0
0.570371 -0.186915 0.277748 221 33 0
0.570842 -0.182106 0.277312 221 33 0
0.571163 -0.17727 0.277119 221 33 0
0.571347 -0.172425 0.277224 221 33 0
0.571419 -0.167584 0.27755 221 33 0
0.571419 -0.162746 0.277943 221 33 0
0.571408 -0.157912 0.278369 221 33 0
0.571405 -0.153082 0.278841 221 33 0
0.571445 -0.148283 0.279553 221 33 0
0.571146 -0.143459 0.279989 221 33 0
0.570842 -0.135611 0.280421 221 33 0
0.570652 -0.130813 0.280711 221 33 0
0.570451 -0.126015 0.281003 221 33 0
0.570224 -0.121222 0.281335 221 33 0
0.569892 -0.116442 0.28175 222 32 0
0.569361 -0.111682 0.282194 222 32 0
0.568819 -0.106926 0.282674 222 32 0
0.568272 -0.102171 0.283151 222 32 0
0.567719 -0.0974161 0.283625 222 32 0
0.56706 -0.0926815 0.284157 222 32 0
0.566254 -0.0879599 0.284595 222 32 0
0.565983 -0.0829002 0.285001 222 32 0
0.565995 -0.0781057 0.28499 222 32 0
0.566186 -0.0733272 0.285312 222 32 0
0.566439 -0.0685502 0.285639 222 32 0
0.566723 -0.0637711 0.285903 222 32 0
0.567018 -0.0589919 0.286155 222 32 0
0.567297 -0.0542134 0.286437 222 32 0
0.567411 -0.0494297 0.286676 222 32 0
0.567306 -0.0446383 0.286827 222 32 0
0.56718 -0.0398485 0.287009 222 32 0
0.566923 -0.0350758 0.287367 222 32 0
0.566645 -0.0244146 0.288036 222 32 0
0.566643 -0.0195524 0.287993 222 32 0
0.566875 -0.0147017 0.287888 222 32 0
0.567223 -0.00985226 0.28783 222 32 0
0.567626 -0.00501104 0.287631 222 32 0
0.568051 -0.00017841 0.287303 222 32 0
0.568506 0.00464516 0.286889 222 32 0
0.568939 0.0094679 0.286444 222 32 0
0.569353 0.0142948 0.286026 222 32 0
0.569782 0.0191235 0.285643 222 32 0
0.570209 0.0239526 0.285265 222 32 0
0.570631 0.0287773 0.284844 222 32 0
0.570875 0.0335967 0.284255 222 32 0
0.570914 0.0384524 0.284044 222 32 0
0.570971 0.0432497 0.283979 222 32 0
0.570893 0.0483406 0.284043 222 32 0
0.570874 0.0534287 0.284305 222 32 0
0.570742 0.0584993 0.284781 222 32 0
0.570428 0.0635346 0.285491 222 32 0
0.570142 0.0685803 0.286139 222 32 0
0.570066 0.0736536 0.286597 222 32 0
0.570053 0.0787435 0.286379 222 32 0
0.570303 0.083795 0.285765 222 32 0
0.570759 0.0887603 0.284773 222 32 0
0.571287 0.0924738 0.283523 222 32 0
0.572171 0.0968092 0.282251 222 32 0
0.573076 0.101148 0.28101 222 32 0
0.574277 0.105494 0.280081 222 32 0
0.574826 0.109944 0.279062 222 32 0
0.575489 0.114408 0.278174 223 31 0
0.57512 0.11454 0.279093 223 31 0
0.519696 0.116566 0.25326 223 31 0
0.520232 0.116516 0.252417 223 31 0
0.517978 0.114625 0.252016 223 31 0
0.514077 0.111759 0.251018 223 31 0
0.510255 0.108823 0.249932 223 31 0
0.506432 0.106042 0.248491 223 31 0
0.50279 0.103364 0.246498 223 31 0
0.499366 0.100542 0.244325 223 31 0
0.495993 0.0977484 0.242036 223 31 0
0.496348 0.0921669 0.242184 223 31 0
0.495932 0.0868843 0.242025 223 31 0
0.495491 0.0815843 0.241898 223 31 0
0.494995 0.0762878 0.241937 223 31 0
0.494496 0.0709916 0.241993 223 31 0
0.494006 0.0656948 0.242013 223 31 0
0.493887 0.0603824 0.242269 223 31 0
0.493785 0.0550683 0.242471 223 31 0
0.493137 0.0447152 0.243126 223 31 0
0.492842 0.0395267 0.243429 223 31 0
0.49257 0.0343455 0.243855 223 31 0
0.492339 0.0291527 0.24414 223 31 0
0.492128 0.0239571 0.244389 223 31 0
0.491971 0.0187563 0.244556 223 31 0
0.491918 0.0135514 0.244628 223 31 0
0.491914 0.00834559 0.244631 223 31 0
0.49192 0.00313978 0.244622 223 31 0
0.491949 -0.00206572 0.244573 223 31 0
0.491988 -0.00727083 0.244496 223 31 0
0.492098 -0.0124707 0.244276 223 31 0
0.492164 -0.0176736 0.244117 223 31 0
0.492183 -0.0253002 0.244185 223 31 0
0.492153 -0.0305451 0.244219 223 31 0
0.492078 -0.0357882 0.244334 223 31 0
0.491981 -0.0410289 0.244528 223 31 0
0.491875 -0.0462688 0.244739 223 31 0
0.491757 -0.0515082 0.244954 223 31 0
0.491641 -0.0567467 0.245193 223 31 0
0.49155 -0.0619875 0.245375 223 31 0
0.491446 -0.0672264 0.245582 223 31 0
0.491374 -0.0724681 0.24573 223 31 0
0.491592 -0.0778373 0.245413 223 31 0
0.491805 -0.0825192 0.244455 223 31 0
0.491895 -0.087235 0.243633 223 31 0
0.49203 -0.0919498 0.242809 223 31 0
0.492156 -0.096669 0.242009 223 31 0
0.492236 -0.101402 0.241294 224 30 0
0.492343 -0.106154 0.240721 224 30 0
0.492554 -0.110915 0.240261 224 30 0
0.492767 -0.115676 0.239798 224 30 0
0.492943 -0.120444 0.239389 224 30 0
0.493086 -0.125221 0.239103 224 30 0
0.49349 -0.135586 0.238276 224 30 0
0.493585 -0.140393 0.238068 224 30 0
0.493126 -0.145144 0.23861 224 30 0
0.492689 -0.149916 0.239068 224 30 0
0.492288 -0.154693 0.239545 224 30 0
0.491881 -0.159467 0.240046 224 30 0
0.491488 -0.16424 0.240563 224 30 0
0.491106 -0.169019 0.24104 224 30 0
0.490759 -0.173807 0.241431 224 30 0
0.490468 -0.178606 0.241721 224 30 0
0.490242 -0.183415 0.241817 224 30 0
0.49015 -0.188228 0.241674 224 30 0
0.490366 -0.193026 0.24137 224 30 0
0.490701 -0.197778 0.24066 224 30 0
0.49103 -0.205845 0.238714 224 30 0
0.491056 -0.210542 0.23748 224 30 0
0.490786 -0.215255 0.236344 224 30 0
0.490516 -0.220012 0.235402 224 30 0
0.49005 -0.224776 0.234568 224 30 0
0.489498 -0.229555 0.233884 224 30 0
0.48893 -0.234359 0.233428 224 30 0
0.488462 -0.239186 0.233139 224 30 0
0.487734 -0.243981 0.232857 224 30 0
0.487046 -0.248787 0.232776 224 30 0
0.486446 -0.253604 0.232689 224 30 0
0.487147 -0.248608 0.233047 224 30 0
0.488057 -0.243601 0.233166 224 30 0
0.488763 -0.238554 0.233265 224 30 0
0.489677 -0.233549 0.233568 224 30 0
0.490336 -0.228508 0.233935 224 30 0
0.490641 -0.223446 0.234445 224 30 0
0.490973 -0.218479 0.235534 224 30 0
0.490964 -0.2135 0.236612 224 30 0
0.490253 -0.20296 0.238267 224 30 0
0.489917 -0.198249 0.239158 224 30 0
0.489788 -0.193522 0.240022 224 30 0
0.489657 -0.188753 0.240614 224 30 0
0.489556 -0.183956 0.240849 224 30 0
0.489666 -0.179153 0.240848 224 30 0
0.490011 -0.174361 0.240706 224 30 0
0.490473 -0.16958 0.240501 225 29 0
0.490931 -0.164802 0.240228 225 29 0
0.49138 -0.160028 0.239884 225 29 0
0.491854 -0.155259 0.2395 225 29 0
0.492301 -0.150511 0.238926 225 29 0
0.493055 -0.145844 0.238063 225 29 0
0.49367 -0.141091 0.237875 225 29 0
0.493408 -0.133586 0.238461 225 29 0
0.493207 -0.128447 0.238839 225 29 0
0.493117 -0.12331 0.239258 225 29 0
0.492969 -0.118179 0.239737 225 29 0
0.492741 -0.113049 0.240206 225 29 0
0.492649 -0.107927 0.24078 225 29 0
0.492591 -0.102811 0.241422 225 29 0
0.49246 -0.0977053 0.242133 225 29 0
0.492335 -0.092613 0.242929 225 29 0
0.492198 -0.0875177 0.243643 225 29 0
0.491954 -0.0825555 0.244537 225 29 0
0.491698 -0.0777182 0.245065 225 29 0
0.491515 -0.0728637 0.245466 225 29 0
0.49142 -0.0679962 0.245651 225 29 0
0.49145 -0.063125 0.245581 225 29 0
0.491587 -0.0582598 0.245324 225 29 0
0.491753 -0.053399 0.244998 225 29 0
0.491893 -0.0485352 0.244711 225 29 0
0.492002 -0.0436659 0.24452 225 29 0
0.492077 -0.0387933 0.244406 225 29 0
0.492086 -0.0339195 0.244368 225 29 0
0.492165 -0.0235676 0.244179 225 29 0
0.492128 -0.0187166 0.244233 225 29 0
0.492061 -0.0138672 0.244362 225 29 0
0.491999 -0.00901733 0.244475 225 29 0
0.491958 -0.00416657 0.244555 225 29 0
0.491935 0.000684759 0.2446 225 29 0
0.491924 0.00553633 0.244618 225 29 0
0.491922 0.010388 0.244621 225 29 0
0.491939 0.0152394 0.244599 225 29 0
0.492011 0.0200893 0.244514 225 29 0
0.492168 0.0249352 0.244342 225 29 0
0.492355 0.0297779 0.244116 225 29 0
0.492558 0.0346137 0.243799 225 29 0
0.492824 0.0394438 0.243433 225 29 0
0.493204 0.04485 0.24309 225 29 0
0.493443 0.0499565 0.24283 225 29 0
0.493731 0.0550605 0.242554 225 29 0
0.493868 0.0601721 0.242302 225 29 0
0.493986 0.0652851 0.242068 225 29 0
0.494094 0.0703981 0.241831 226 28 0
0.494241 0.0755081 0.241553 226 28 0
0.494364 0.0806192 0.241284 226 28 0
0.494444 0.0857353 0.241109 226 28 0
0.49451 0.0908529 0.240981 226 28 0
0.496059 0.09343 0.241941 226 28 0
0.499557 0.0967065 0.244409 226 28 0
0.502939 0.100253 0.246674 226 28 0
0.506344 0.103952 0.248627 226 28 0
0.50995 0.107676 0.250102 226 28 0
0.513899 0.111191 0.251172 226 28 0
0.517978 0.114625 0.252016 226 28 0
0.517439 0.11468 0.252857 226 28 0
0.574981 0.117841 0.279291 226 28 0
0.575357 0.117694 0.278376 226 28 0
0.576533 0.115085 0.278499 226 28 0
0.579269 0.111681 0.280531 226 28 0
0.581783 0.108091 0.282541 226 28 0
0.584349 0.104566 0.284601 226 28 0
0.586738 0.100898 0.286621 226 28 0
0.589271 0.0973295 0.288638 226 28 0
0.58946 0.0925501 0.290486 226 28 0
0.588983 0.088029 0.292303 226 28 0
0.588775 0.0834143 0.293951 226 28 0
0.588867 0.0787553 0.295465 226 28 0
0.589108 0.0740093 0.296646 226 28 0
0.589629 0.0692124 0.297419 226 28 0
0.590669 0.0644438 0.297792 226 28 0
0.591678 0.0596477 0.297635 226 28 0
0.592829 0.0548974 0.29734 226 28 0
0.593779 0.0442186 0.296529 226 28 0
0.593877 0.039338 0.296389 226 28 0
0.593945 0.0344561 0.29629 226 28 0
0.59395 0.0295735 0.296189 226 28 0
0.593781 0.0246971 0.296308 226 28 0
0.593455 0.019834 0.296598 226 28 0
0.593055 0.0149842 0.297005 226 28 0
0.59262 0.0101433 0.297481 226 28 0
0.592149 0.00530987 0.297996 226 28 0
0.59165 0.000478115 0.298499 226 28 0
0.591151 -0.00436005 0.298938 226 28 0
0.590619 -0.00918662 0.299436 226 28 0
0.589839 -0.0139536 0.300151 226 28 0
0.589477 -0.0187858 0.300721 226 28 0
0.58942 -0.0264595 0.300364 226 28 0
0.589445 -0.0316578 0.30016 226 28 0
0.58953 -0.0368546 0.29994 226 28 0
0.589605 -0.0420521 0.299743 227 27 0
0.589679 -0.0472522 0.299611 227 27 0
0.589782 -0.0524504 0.299441 227 27 0
0.589944 -0.0576461 0.299235 227 27 0
0.590111 -0.0628412 0.299017 227 27 0
0.590258 -0.0680371 0.298806 227 27 0
0.590472 -0.0732261 0.298511 227 27 0
0.590612 -0.0784364 0.298132 227 27 0
0.590939 -0.0833454 0.297782 227 27 0
0.591209 -0.088261 0.297479 227 27 0
0.591417 -0.0931712 0.297066 227 27 0
0.591663 -0.0980752 0.296601 227 27 0
0.591903 -0.102978 0.296118 227 27 0
0.59212 -0.10788 0.295615 227 27 0
0.592351 -0.112776 0.295072 227 27 0
0.59263 -0.117666 0.294486 227 27 0
0.593013 -0.122553 0.293946 227 27 0
0.593403 -0.127445 0.293444 227 27 0
0.593731 -0.137983 0.293007 227 27 0
0.593927 -0.143164 0.292767 227 27 0
0.593907 -0.148331 0.292336 227 27 0
0.593908 -0.153505 0.291935 227 27 0
0.593881 -0.158683 0.291573 227 27 0
0.593844 -0.163857 0.291177 227 27 0
0.593808 -0.169027 0.290713 227 27 0
0.593922 -0.174196 0.290267 227 27 0
0.593885 -0.179368 0.289835 227 27 0
0.593772 -0.184553 0.289642 227 27 0
0.593519 -0.189736 0.289606 227 27 0
0.593595 -0.194924 0.289484 227 27 0
0.593593 -0.200114 0.289479 227 27 0
0.592865 -0.208153 0.290826 227 27 0
0.592234 -0.213141 0.291962 227 27 0
0.591843 -0.218229 0.292717 227 27 0
0.59152 -0.223337 0.293343 227 27 0
0.591327 -0.228475 0.293739 227 27 0
0.59126 -0.233628 0.293899 227 27 0
0.591283 -0.238785 0.293845 227 27 0
0.591393 -0.243936 0.29362 227 27 0
0.591563 -0.249081 0.293294 227 27 0
0.591598 -0.254237 0.293155 227 27 0
0.591583 -0.248536 0.293452 227 27 0
0.591461 -0.243853 0.293615 227 27 0
0.591324 -0.239169 0.293793 227 27 0
0.59123 -0.234481 0.293916 227 27 0
0.591181 -0.229792 0.293996 227 27 0
0.59122 -0.225109 0.293875 228 26 0
0.591361 -0.220436 0.293503 228 26 0
0.591698 -0.21579 0.292994 228 26 0
0.593172 -0.20564 0.290537 228 26 0
0.593557 -0.200481 0.290238 228 26 0
0.593756 -0.195295 0.290212 228 26 0
0.59414 -0.19012 0.289975 228 26 0
0.594478 -0.184936 0.289933 228 26 0
0.594599 -0.179747 0.29012 228 26 0
0.594654 -0.174569 0.290537 228 26 0
0.594537 -0.169394 0.290983 228 26 0
0.594352 -0.164216 0.291361 228 26 0
0.594377 -0.159036 0.291751 228 26 0
0.594403 -0.153854 0.292112 228 26 0
0.594142 -0.148676 0.292446 228 26 0
0.593897 -0.143496 0.292752 228 26 0
0.593748 -0.135662 0.29299 228 26 0
0.593418 -0.130447 0.293418 228 26 0
0.593116 -0.125231 0.293838 228 26 0
0.59283 -0.120017 0.29429 228 26 0
0.592521 -0.114813 0.29484 228 26 0
0.592271 -0.10961 0.295424 228 26 0
0.592054 -0.104402 0.295977 228 26 0
0.591794 -0.0991914 0.296494 228 26 0
0.591559 -0.0939838 0.297046 228 26 0
0.591421 -0.0887656 0.297517 228 26 0
0.590857 -0.0839155 0.297763 228 26 0
0.590692 -0.0789721 0.298064 228 26 0
0.590446 -0.0740352 0.298415 228 26 0
0.590256 -0.0690934 0.298728 228 26 0
0.590102 -0.0641466 0.298977 228 26 0
0.589935 -0.0591987 0.299193 228 26 0
0.589775 -0.0542499 0.299394 228 26 0
0.58966 -0.0492983 0.29955 228 26 0
0.589594 -0.0443448 0.299666 228 26 0
0.589573 -0.0393912 0.299796 228 26 0
0.58951 -0.0344385 0.299946 228 26 0
0.589401 -0.0236681 0.300548 228 26 0
0.589552 -0.0188527 0.300369 228 26 0
0.590129 -0.0140969 0.299816 228 26 0
0.590643 -0.00931927 0.299387 228 26 0
0.591117 -0.00453492 0.298963 228 26 0
0.591608 0.000246757 0.298529 228 26 0
0.592102 0.00502289 0.298042 228 26 0
0.592579 0.00979761 0.297523 228 26 0
0.59302 0.0145797 0.297043 228 26 0
0.593456 0.0193695 0.296651 228 26 0
0.593884 0.024169 0.296401 229 25 0
0.594093 0.028987 0.296212 229 25 0
0.594147 0.0338118 0.296171 229 25 0
0.594103 0.0386367 0.296282 229 25 0
0.593852 0.0441302 0.296059 229 25 0
0.592815 0.0492431 0.296376 229 25 0
0.592091 0.0544139 0.296818 229 25 0
0.591025 0.059531 0.297198 229 25 0
0.590013 0.0646635 0.297426 229 25 0
0.589576 0.0698787 0.2974 229 25 0
0.589132 0.0750312 0.29657 229 25 0
0.589028 0.0800922 0.295226 229 25 0
0.589461 0.0850814 0.293681 229 25 0
0.589712 0.0899306 0.291724 229 25 0
0.588792 0.0916765 0.290414 229 25 0
0.587067 0.0956962 0.28837 229 25 0
0.584955 0.0995102 0.286272 229 25 0
0.582704 0.103296 0.284268 229 25 0
0.580488 0.107108 0.282275 229 25 0
0.578414 0.111033 0.280352 229 25 0
0.576533 0.115085 0.278499 229 25 0
0.576159 0.115218 0.279417 229 25 0
0.519696 0.116566 0.25326 229 25 0
0.520232 0.116516 0.252417 229 25 0
0.520232 0.116516 0.252417 229 25 0
0.519741 0.113621 0.25326 229 25 0
0.519113 0.109361 0.254397 229 25 0
0.518526 0.105074 0.25545 229 25 0
0.518115 0.100705 0.256213 229 25 0
0.517735 0.0963225 0.256906 229 25 0
0.517693 0.0913115 0.256942 229 25 0
0.517986 0.0861358 0.256434 229 25 0
0.517821 0.0809602 0.255862 229 25 0
0.517667 0.075788 0.255257 229 25 0
0.517426 0.070602 0.254822 229 25 0
0.517084 0.0654115 0.254535 229 25 0
0.516597 0.0602247 0.25451 229 25 0
0.516444 0.0550249 0.254791 229 25 0
0.515982 0.044556 0.255636 229 25 0
0.515793 0.0397415 0.255981 229 25 0
0.515588 0.0349298 0.256353 229 25 0
0.515378 0.0301187 0.256732 229 25 0
0.515169 0.025308 0.257115 229 25 0
0.514955 0.0204976 0.2575 229 25 0
0.51476 0.0156842 0.257855 229 25 0
0.514602 0.0108653 0.258146 229 25 0
0.514488 0.00604076 0.25835 229 25 0
0.514414 0.00121273 0.258483 230 24 0
0.514357 -0.00361634 0.258587 230 24 0
0.514301 -0.00844535 0.258692 230 24 0
0.51426 -0.0132749 0.258767 230 24 0
0.514327 -0.0181019 0.25865 230 24 0
0.514471 -0.0258255 0.258385 230 24 0
0.514489 -0.0310663 0.258343 230 24 0
0.514482 -0.0363074 0.258353 230 24 0
0.51447 -0.0415486 0.258375 230 24 0
0.514487 -0.0467894 0.258342 230 24 0
0.514522 -0.0520301 0.258278 230 24 0
0.514505 -0.0572705 0.258314 230 24 0
0.514422 -0.0625085 0.258469 230 24 0
0.514344 -0.0677467 0.258618 230 24 0
0.514261 -0.072984 0.258777 230 24 0
0.514045 -0.0783366 0.259184 230 24 0
0.514194 -0.0831272 0.258908 230 24 0
0.514115 -0.0878921 0.258302 230 24 0
0.514228 -0.092579 0.257271 230 24 0
0.514512 -0.097191 0.255959 230 24 0
0.51485 -0.101778 0.254568 230 24 0
0.51516 -0.106376 0.253205 230 24 0
0.515506 -0.111012 0.252011 230 24 0
0.515991 -0.11571 0.251132 230 24 0
0.516331 -0.120461 0.250495 230 24 0
0.516552 -0.125241 0.250058 230 24 0
0.516672 -0.135776 0.249873 230 24 0
0.516827 -0.140691 0.249615 230 24 0
0.517 -0.145601 0.249289 230 24 0
0.517067 -0.150522 0.249162 230 24 0
0.517007 -0.155442 0.2493 230 24 0
0.516759 -0.160333 0.249773 230 24 0
0.516315 -0.165165 0.250584 230 24 0
0.515766 -0.169954 0.251588 230 24 0
0.51519 -0.174727 0.252649 230 24 0
0.514676 -0.179531 0.253583 230 24 0
0.514273 -0.184385 0.254308 230 24 0
0.513812 -0.189195 0.255161 230 24 0
0.512958 -0.193784 0.256727 230 24 0
0.512335 -0.198524 0.25782 230 24 0
0.513674 -0.206321 0.255372 230 24 0
0.51466 -0.21114 0.253568 230 24 0
0.515374 -0.216167 0.252253 230 24 0
0.515872 -0.221258 0.251151 230 24 0
0.515992 -0.226456 0.250504 230 24 0
0.515865 -0.231689 0.250303 230 24 0
0.515552 -0.236922 0.250443 230 24 0
0.515143 -0.242141 0.250753 231 23 0
0.51457 -0.247329 0.251237 231 23 0
0.51397 -0.2525 0.251822 231 23 0
0.51408 -0.247082 0.251605 231 23 0
0.514742 -0.242484 0.250795 231 23 0
0.515358 -0.237833 0.250284 231 23 0
0.515875 -0.233159 0.249866 231 23 0
0.516218 -0.22846 0.249756 231 23 0
0.516297 -0.223767 0.250118 231 23 0
0.516102 -0.219119 0.250923 231 23 0
0.515553 -0.214546 0.251908 231 23 0
0.513145 -0.203768 0.256344 231 23 0
0.512986 -0.198949 0.256637 231 23 0
0.513637 -0.19426 0.255479 231 23 0
0.513953 -0.189443 0.254903 231 23 0
0.51427 -0.184606 0.25432 231 23 0
0.514672 -0.179798 0.253573 231 23 0
0.515186 -0.175038 0.252624 231 23 0
0.515757 -0.170304 0.251572 231 23 0
0.516301 -0.165554 0.250577 231 23 0
0.516743 -0.160762 0.24977 231 23 0
0.516992 -0.155912 0.249295 231 23 0
0.517062 -0.151033 0.249135 231 23 0
0.516957 -0.146156 0.249316 231 23 0
0.516773 -0.14129 0.249679 231 23 0
0.51668 -0.133638 0.249847 231 23 0
0.516546 -0.12851 0.250108 231 23 0
0.516742 -0.123414 0.250702 231 23 0
0.516701 -0.11833 0.251416 231 23 0
0.516521 -0.113294 0.252401 231 23 0
0.516238 -0.108299 0.253563 231 23 0
0.515911 -0.103326 0.254808 231 23 0
0.515586 -0.0983522 0.25605 231 23 0
0.515042 -0.0934236 0.257365 231 23 0
0.51434 -0.0885037 0.258654 231 23 0
0.514028 -0.0812696 0.259199 231 23 0
0.51422 -0.0762335 0.25885 231 23 0
0.514287 -0.0711835 0.258728 231 23 0
0.514352 -0.0661333 0.258611 231 23 0
0.514444 -0.0610849 0.258437 231 23 0
0.514519 -0.0560355 0.258295 231 23 0
0.514527 -0.0509841 0.258277 231 23 0
0.514486 -0.0459326 0.258353 231 23 0
0.51446 -0.0408808 0.258402 231 23 0
0.514437 -0.035829 0.258439 231 23 0
0.514459 -0.0255228 0.258416 231 23 0
0.51431 -0.0205187 0.258694 232 22 0
0.514278 -0.0155054 0.25875 232 22 0
0.514311 -0.0104914 0.258739 232 22 0
0.514356 -0.0054781 0.258657 232 22 0
0.514399 -0.000464802 0.258577 232 22 0
0.514469 0.00454729 0.258454 232 22 0
0.514553 0.0095564 0.258246 232 22 0
0.514714 0.0145591 0.257948 232 22 0
0.514914 0.0195557 0.25758 232 22 0
0.515135 0.0245493 0.257184 232 22 0
0.515353 0.0295426 0.256783 232 22 0
0.515578 0.0345351 0.256376 232 22 0
0.51577 0.0395328 0.25602 232 22 0
0.516027 0.0449124 0.255545 232 22 0
0.516217 0.0497212 0.255204 232 22 0
0.516704 0.054515 0.255008 232 22 0
0.517217 0.0593108 0.2549 232 22 0
0.517643 0.0641156 0.254922 232 22 0
0.517966 0.0689239 0.25511 232 22 0
0.518205 0.0737282 0.25547 232 22 0
0.51829 0.0785284 0.255908 232 22 0
0.518085 0.0833335 0.256283 232 22 0
0.517777 0.0881149 0.256846 232 22 0
0.517673 0.0903963 0.257047 232 22 0
0.517811 0.0951307 0.25678 232 22 0
0.518034 0.0998493 0.256362 232 22 0
0.518473 0.104503 0.25555 232 22 0
0.519074 0.109082 0.254466 232 22 0
0.519741 0.113621 0.25326 232 22 0
0.51921 0.11368 0.254105 232 22 0
0.574981 0.117841 0.279291 232 22 0
0.575357 0.117694 0.278376 232 22 0
0.575489 0.114408 0.278174 232 22 0
0.574801 0.10982 0.279097 232 22 0
0.574261 0.105243 0.280168 232 22 0
0.573077 0.100773 0.281186 232 22 0
0.572113 0.0962929 0.282361 232 22 0
0.571269 0.0910663 0.284078 232 22 0
0.57062 0.0859453 0.285316 232 22 0
0.570229 0.080712 0.286167 232 22 0
0.57013 0.0754128 0.28656 232 22 0
0.570185 0.0701005 0.286407 232 22 0
0.570453 0.0648261 0.285795 232 22 0
0.570791 0.0595727 0.285052 232 22 0
0.57114 0.054333 0.284223 232 22 0
0.57095 0.0432692 0.284028 232 22 0
0.570915 0.0384093 0.284061 232 22 0
0.570813 0.0335688 0.284457 233 21 0
0.570462 0.0287362 0.284823 233 21 0
0.570188 0.0239043 0.285261 233 21 0
0.569834 0.0190758 0.285676 233 21 0
0.569398 0.0142506 0.286063 233 21 0
0.568975 0.00942718 0.286481 233 21 0
0.568558 0.00460422 0.286912 233 21 0
0.56812 -0.000220021 0.287307 233 21 0
0.567695 -0.00504938 0.287647 233 21 0
0.567249 -0.0098831 0.287882 233 21 0
0.566918 -0.014721 0.288083 233 21 0
0.566602 -0.0195623 0.288108 233 21 0
0.566619 -0.0275186 0.287828 233 21 0
0.566917 -0.0325122 0.287398 233 21 0
0.567067 -0.0375259 0.287179 233 21 0
0.56718 -0.0425426 0.287009 233 21 0
0.567169 -0.0475542 0.286748 233 21 0
0.567059 -0.0525606 0.286382 233 21 0
0.56691 -0.057569 0.286068 233 21 0
0.566685 -0.06258 0.285855 233 21 0
0.566384 -0.0675869 0.285644 233 21 0
0.565928 -0.0725519 0.285076 233 21 0
0.56601 -0.0802547 0.284973 233 21 0
0.566262 -0.0853081 0.28459 233 21 0
0.5666 -0.0903462 0.284085 233 21 0
0.566957 -0.0953804 0.283558 233 21 0
0.567465 -0.100398 0.283002 233 21 0
0.568063 -0.105412 0.282487 233 21 0
0.568653 -0.110427 0.281984 233 21 0
0.569226 -0.115447 0.28151 233 21 0
0.569826 -0.120466 0.281058 233 21 0
0.570503 -0.125493 0.280916 233 21 0
0.570814 -0.135787 0.280467 233 21 0
0.571055 -0.140792 0.280118 233 21 0
0.571348 -0.145788 0.279685 233 21 0
0.571431 -0.150781 0.279141 233 21 0
0.571482 -0.15578 0.278646 233 21 0
0.571492 -0.160779 0.278151 233 21 0
0.571506 -0.165782 0.277691 233 21 0
0.571479 -0.17079 0.27729 233 21 0
0.571339 -0.175803 0.277016 233 21 0
0.571062 -0.180818 0.27709 233 21 0
0.570606 -0.185805 0.277494 233 21 0
0.569986 -0.190749 0.278127 233 21 0
0.569617 -0.195715 0.278773 233 21 0
0.569099 -0.200614 0.279755 233 21 0
0.567772 -0.208593 0.282247 233 21 0
0.56777 -0.213711 0.282284 234 20 0
0.56791 -0.218832 0.282126 234 20 0
0.567982 -0.223963 0.282036 234 20 0
0.568199 -0.229084 0.281719 234 20 0
0.568451 -0.234202 0.281367 234 20 0
0.568653 -0.239327 0.281098 234 20 0
0.568754 -0.244459 0.280966 234 20 0
0.568749 -0.249595 0.280976 234 20 0
0.568515 -0.254712 0.281338 234 20 0
0.568628 -0.249112 0.281119 234 20 0
0.568831 -0.244444 0.280818 234 20 0
0.568862 -0.239759 0.280786 234 20 0
0.56875 -0.23508 0.280951 234 20 0
0.56844 -0.230427 0.281378 234 20 0
0.568039 -0.225792 0.281939 234 20 0
0.567629 -0.221164 0.282538 234 20 0
0.567063 -0.21658 0.283329 234 20 0
0.568251 -0.205865 0.281213 234 20 0
0.56894 -0.201224 0.279988 234 20 0
0.569401 -0.196471 0.279129 234 20 0
0.569837 -0.191695 0.278382 234 20 0
0.570371 -0.186915 0.277748 234 20 0
0.570842 -0.182106 0.277312 234 20 0
0.571163 -0.17727 0.277119 234 20 0
0.571347 -0.172425 0.277224 234 20 0
0.571419 -0.167584 0.27755 234 20 0
0.571419 -0.162746 0.277943 234 20 0
0.571408 -0.157912 0.278369 234 20 0
0.571405 -0.153082 0.278841 234 20 0
0.571445 -0.148283 0.279553 234 20 0
0.571146 -0.143459 0.279989 234 20 0
0.570842 -0.135611 0.280421 234 20 0
0.570652 -0.130813 0.280711 234 20 0
0.570451 -0.126015 0.281003 234 20 0
0.570224 -0.121222 0.281335 234 20 0
0.569892 -0.116442 0.28175 234 20 0
0.569361 -0.111682 0.282194 234 20 0
0.568819 -0.106926 0.282674 234 20 0
0.568272 -0.102171 0.283151 234 20 0
0.567719 -0.0974161 0.283625 234 20 0
0.56706 -0.0926815 0.284157 234 20 0
0.566254 -0.0879599 0.284595 234 20 0
0.565983 -0.0829002 0.285001 234 20 0
0.565995 -0.0781057 0.28499 234 20 0
0.566186 -0.0733272 0.285312 234 20 0
0.566439 -0.0685502 0.285639 234 20 0
0.566723 -0.0637711 0.285903 234 20 0
0.567018 -0.0589919 0.286155 235 19 0
0.567297 -0.0542134 0.286437 235 19 0
0.567411 -0.0494297 0.286676 235 19 0
0.567306 -0.0446383 0.286827 235 19 0
0.56718 -0.0398485 0.287009 235 19 0
0.566923 -0.0350758 0.287367 235 19 0
0.566645 -0.0244146 0.288036 235 19 0
0.566643 -0.0195524 0.287993 235 19 0
0.566875 -0.0147017 0.287888 235 19 0
0.567223 -0.00985226 0.28783 235 19 0
0.567626 -0.00501104 0.287631 235 19 0
0.568051 -0.00017841 0.287303 235 19 0
0.568506 0.00464516 0.286889 235 19 0
0.568939 0.0094679 0.286444 235 19 0
0.569353 0.0142948 0.286026 235 19 0
0.569782 0.0191235 0.285643 235 19 0
0.570209 0.0239526 0.285265 235 19 0
0.570631 0.0287773 0.284844 235 19 0
0.570875 0.0335967 0.284255 235 19 0
0.570914 0.0384524 0.284044 235 19 0
0.570971 0.0432497 0.283979 235 19 0
0.570893 0.0483406 0.284043 235 19 0
0.570874 0.0534287 0.284305 235 19 0
0.570742 0.0584993 0.284781 235 19 0
0.570428 0.0635346 0.285491 235 19 0
0.570142 0.0685803 0.286139 235 19 0
0.570066 0.0736536 0.286597 235 19 0
0.570053 0.0787435 0.286379 235 19 0
0.570303 0.083795 0.285765 235 19 0
0.570759 0.0887603 0.284773 235 19 0
0.571287 0.0924738 0.283523 235 19 0
0.572171 0.0968092 0.282251 235 19 0
0.573076 0.101148 0.28101 235 19 0
0.574277 0.105494 0.280081 235 19 0
0.574826 0.109944 0.279062 235 19 0
0.575489 0.114408 0.278174 235 19 0
0.57512 0.11454 0.279093 235 19 0
0.519696 0.116566 0.25326 235 19 0
0.520232 0.116516 0.252417 235 19 0
0.517978 0.114625 0.252016 235 19 0
0.514077 0.111759 0.251018 235 19 0
0.510255 0.108823 0.249932 235 19 0
0.506432 0.106042 0.248491 235 19 0
0.50279 0.103364 0.246498 235 19 0
0.499366 0.100542 0.244325 235 19 0
0.495993 0.0977484 0.242036 235 19 0
0.496348 0.0921669 0.242184 236 18 0
0.495932 0.0868843 0.242025 236 18 0
0.495491 0.0815843 0.241898 236 18 0
0.494995 0.0762878 0.241937 236 18 0
0.494496 0.0709916 0.241993 236 18 0
0.494006 0.0656948 0.242013 236 18 0
0.493887 0.0603824 0.242269 236 18 0
0.493785 0.0550683 0.242471 236 18 0
0.493137 0.0447152 0.243126 236 18 0
0.492842 0.0395267 0.243429 236 18 0
0.49257 0.0343455 0.243855 236 18 0
0.492339 0.0291527 0.24414 236 18 0
0.492128 0.0239571 0.244389 236 18 0
0.491971 0.0187563 0.244556 236 18 0
0.491918 0.0135514 0.244628 236 18 0
0.491914 0.00834559 0.244631 236 18 0
0.49192 0.00313978 0.244622 236 18 0
0.491949 -0.00206572 0.244573 236 18 0
0.491988 -0.00727083 0.244496 236 18 0
0.492098 -0.0124707 0.244276 236 18 0
0.492164 -0.0176736 0.244117 236 18 0
0.492183 -0.0253002 0.244185 236 18 0
0.492153 -0.0305451 0.244219 236 18 0
0.492078 -0.0357882 0.244334 236 18 0
0.491981 -0.0410289 0.244528 236 18 0
0.491875 -0.0462688 0.244739 236 18 0
0.491757 -0.0515082 0.244954 236 18 0
0.491641 -0.0567467 0.245193 236 18 0
0.49155 -0.0619875 0.245375 236 18 0
0.491446 -0.0672264 0.245582 236 18 0
0.491374 -0.0724681 0.24573 236 18 0
0.491592 -0.0778373 0.245413 236 18 0
0.491805 -0.0825192 0.244455 236 18 0
0.491895 -0.087235 0.243633 236 18 0
0.49203 -0.0919498 0.242809 236 18 0
0.492156 -0.096669 0.242009 236 18 0
0.492236 -0.101402 0.241294 236 18 0
0.492343 -0.106154 0.240721 236 18 0
0.492554 -0.110915 0.240261 236 18 0
0.492767 -0.115676 0.239798 236 18 0
0.492943 -0.120444 0.239389 236 18 0
0.493086 -0.125221 0.239103 236 18 0
0.49349 -0.135586 0.238276 236 18 0
0.493585 -0.140393 0.238068 236 18 0
0.493126 -0.145144 0.23861 236 18 0
0.492689 -0.149916 0.239068 236 18 0
0.492288 -0.154693 0.239545 236 18 0
0.491881 -0.159467 0.240046 237 17 0
0.491488 -0.16424 0.240563 237 17 0
0.491106 -0.169019 0.24104 237 17 0
0.490759 -0.173807 0.241431 237 17 0
0.490468 -0.178606 0.241721 237 17 0
0.490242 -0.183415 0.241817 237 17 0
0.49015 -0.188228 0.241674 237 17 0
0.490366 -0.193026 0.24137 237 17 0
0.490701 -0.197778 0.24066 237 17 0
0.49103 -0.205845 0.238714 237 17 0
0.491056 -0.210542 0.23748 237 17 0
0.490786 -0.215255 0.236344 237 17 0
0.490516 -0.220012 0.235402 237 17 0
0.49005 -0.224776 0.234568 237 17 0
0.489498 -0.229555 0.233884 237 17 0
0.48893 -0.234359 0.233428 237 17 0
0.488462 -0.239186 0.233139 237 17 0
0.487734 -0.243981 0.232857 237 17 0
0.487046 -0.248787 0.232776 237 17 0
0.486446 -0.253604 0.232689 237 17 0
0.487147 -0.248608 0.233047 237 17 0
0.488057 -0.243601 0.233166 237 17 0
0.488763 -0.238554 0.233265 237 17 0
0.489677 -0.233549 0.233568 237 17 0
0.490336 -0.228508 0.233935 237 17 0
0.490641 -0.223446 0.234445 237 17 0
0.490973 -0.218479 0.235534 237 17 0
0.490964 -0.2135 0.236612 237 17 0
0.490253 -0.20296 0.238267 237 17 0
0.489917 -0.198249 0.239158 237 17 0
0.489788 -0.193522 0.240022 237 17 0
0.489657 -0.188753 0.240614 237 17 0
0.489556 -0.183956 0.240849 237 17 0
0.489666 -0.179153 0.240848 237 17 0
0.490011 -0.174361 0.240706 237 17 0
0.490473 -0.16958 0.240501 237 17 0
0.490931 -0.164802 0.240228 237 17 0
0.49138 -0.160028 0.239884 237 17 0
0.491854 -0.155259 0.2395 237 17 0
0.492301 -0.150511 0.238926 237 17 0
0.493055 -0.145844 0.238063 237 17 0
0.49367 -0.141091 0.237875 237 17 0
0.493408 -0.133586 0.238461 237 17 0
0.493207 -0.128447 0.238839 237 17 0
0.493117 -0.12331 0.239258 237 17 0
0.492969 -0.118179 0.239737 237 17 0
0.492741 -0.113049 0.240206 237 17 0
0.492649 -0.107927 0.24078 238 16 0
0.492591 -0.102811 0.241422 238 16 0
0.49246 -0.0977053 0.242133 238 16 0
0.492335 -0.092613 0.242929 238 16 0
0.492198 -0.0875177 0.243643 238 16 0
0.491954 -0.0825555 0.244537 238 16 0
0.491698 -0.0777182 0.245065 238 16 0
0.491515 -0.0728637 0.245466 238 16 0
0.49142 -0.0679962 0.245651 238 16 0
0.49145 -0.063125 0.245581 238 16 0
0.491587 -0.0582598 0.245324 238 16 0
0.491753 -0.053399 0.244998 238 16 0
0.491893 -0.0485352 0.244711 238 16 0
0.492002 -0.0436659 0.24452 238 16 0
0.492077 -0.0387933 0.244406 238 16 0
0.492086 -0.0339195 0.244368 238 16 0
0.492165 -0.0235676 0.244179 238 16 0
0.492128 -0.0187166 0.244233 238 16 0
0.492061 -0.0138672 0.244362 238 16 0
0.491999 -0.00901733 0.244475 238 16 0
0.491958 -0.00416657 0.244555 238 16 0
0.491935 0.000684759 0.2446 238 16 0
0.491924 0.00553633 0.244618 238 16 0
0.491922 0.010388 0.244621 238 16 0
0.491939 0.0152394 0.244599 238 16 0
0.492011 0.0200893 0.244514 238 16 0
0.492168 0.0249352 0.244342 238 16 0
0.492355 0.0297779 0.244116 238 16 0
0.492558 0.0346137 0.243799 238 16 0
0.492824 0.0394438 0.243433 238 16 0
0.493204 0.04485 0.24309 238 16 0
0.493443 0.0499565 0.24283 238 16 0
0.493731 0.0550605 0.242554 238 16 0
0.493868 0.0601721 0.242302 238 16 0
0.493986 0.0652851 0.242068 238 16 0
0.494094 0.0703981 0.241831 238 16 0
0.494241 0.0755081 0.241553 238 16 0
0.494364 0.0806192 0.241284 238 16 0
0.494444 0.0857353 0.241109 238 16 0
0.49451 0.0908529 0.240981 238 16 0
0.496059 0.09343 0.241941 238 16 0
0.499557 0.0967065 0.244409 238 16 0
0.502939 0.100253 0.246674 238 16 0
0.506344 0.103952 0.248627 238 16 0
0.50995 0.107676 0.250102 238 16 0
0.513899 0.111191 0.251172 238 16 0
0.517978 0.114625 0.252016 238 16 0
0.517439 0.11468 0.252857 239 15 0
0.574981 0.117841 0.279291 239 15 0
0.575357 0.117694 0.278376 239 15 0
0.576533 0.115085 0.278499 239 15 0
0.579269 0.111681 0.280531 239 15 0
0.581783 0.108091 0.282541 239 15 0
0.584349 0.104566 0.284601 239 15 0
0.586738 0.100898 0.286621 239 15 0
0.589271 0.0973295 0.288638 239 15 0
0.58946 0.0925501 0.290486 239 15 0
0.588983 0.088029 0.292303 239 15 0
0.588775 0.0834143 0.293951 239 15 0
0.588867 0.0787553 0.295465 239 15 0
0.589108 0.0740093 0.296646 239 15 0
0.589629 0.0692124 0.297419 239 15 0
0.590669 0.0644438 0.297792 239 15 0
0.591678 0.0596477 0.297635 239 15 0
0.592829 0.0548974 0.29734 239 15 0
0.593779 0.0442186 0.296529 239 15 0
0.593877 0.039338 0.296389 239 15 0
0.593945 0.0344561 0.29629 239 15 0
0.59395 0.0295735 0.296189 239 15 0
0.593781 0.0246971 0.296308 239 15 0
0.593455 0.019834 0.296598 239 15 0
0.593055 0.0149842 0.297005 239 15 0
0.59262 0.0101433 0.297481 239 15 0
0.592149 0.00530987 0.297996 239 15 0
0.59165 0.000478115 0.298499 239 15 0
0.591151 -0.00436005 0.298938 239 15 0
0.590619 -0.00918662 0.299436 239 15 0
0.589839 -0.0139536 0.300151 239 15 0
0.589477 -0.0187858 0.300721 239 15 0
0.58942 -0.0264595 0.300364 239 15 0
0.589445 -0.0316578 0.30016 239 15 0
0.58953 -0.0368546 0.29994 239 15 0
0.589605 -0.0420521 0.299743 239 15 0
0.589679 -0.0472522 0.299611 239 15 0
0.589782 -0.0524504 0.299441 239 15 0
0.589944 -0.0576461 0.299235 239 15 0
0.590111 -0.0628412 0.299017 239 15 0
0.590258 -0.0680371 0.298806 239 15 0
0.590472 -0.0732261 0.298511 239 15 0
0.590612 -0.0784364 0.298132 239 15 0
0.590939 -0.0833454 0.297782 239 15 0
0.591209 -0.088261 0.297479 239 15 0
0.591417 -0.0931712 0.297066 239 15 0
0.591663 -0.0980752 0.296601 240 14 0
0.591903 -0.102978 0.296118 240 14 0
0.59212 -0.10788 0.295615 240 14 0
0.592351 -0.112776 0.295072 240 14 0
0.59263 -0.117666 0.294486 240 14 0
0.593013 -0.122553 0.293946 240 14 0
0.593403 -0.127445 0.293444 240 14 0
0.593731 -0.137983 0.293007 240 14 0
0.593927 -0.143164 0.292767 240 14 0
0.593907 -0.148331 0.292336 240 14 0
0.593908 -0.153505 0.291935 240 14 0
0.593881 -0.158683 0.291573 240 14 0
0.593844 -0.163857 0.291177 240 14 0
0.593808 -0.169027 0.290713 240 14 0
0.593922 -0.174196 0.290267 240 14 0
0.593885 -0.179368 0.289835 240 14 0
0.593772 -0.184553 0.289642 240 14 0
0.593519 -0.189736 0.289606 240 14 0
0.593595 -0.194924 0.289484 240 14 0
0.593593 -0.200114 0.289479 240 14 0
0.592865 -0.208153 0.290826 240 14 0
0.592234 -0.213141 0.291962 240 14 0
0.591843 -0.218229 0.292717 240 14 0
0.59152 -0.223337 0.293343 240 14 0
0.591327 -0.228475 0.293739 240 14 0
0.59126 -0.233628 0.293899 240 14 0
0.591283 -0.238785 0.293845 240 14 0
0.591393 -0.243936 0.29362 240 14 0
0.591563 -0.249081 0.293294 240 14 0
0.591598 -0.254237 0.293155 240 14 0
0.591583 -0.248536 0.293452 240 14 0
0.591461 -0.243853 0.293615 240 14 0
0.591324 -0.239169 0.293793 240 14 0
0.59123 -0.234481 0.293916 240 14 0
0.591181 -0.229792 0.293996 240 14 0
0.59122 -0.225109 0.293875 240 14 0
0.591361 -0.220436 0.293503 240 14 0
0.591698 -0.21579 0.292994 240 14 0
0.593172 -0.20564 0.290537 240 14 0
0.593557 -0.200481 0.290238 240 14 0
0.593756 -0.195295 0.290212 240 14 0
0.59414 -0.19012 0.289975 240 14 0
0.594478 -0.184936 0.289933 240 14 0
0.594599 -0.179747 0.29012 240 14 0
0.594654 -0.174569 0.290537 240 14 0
0.594537 -0.169394 0.290983 240 14 0
0.594352 -0.164216 0.291361 240 14 0
0.594377 -0.159036 0.291751 241 13 0
0.594403 -0.153854 0.292112 241 13 0
0.594142 -0.148676 0.292446 241 13 0
0.593897 -0.143496 0.292752 241 13 0
0.593748 -0.135662 0.29299 241 13 0
0.593418 -0.130447 0.293418 241 13 0
0.593116 -0.125231 0.293838 241 13 0
0.59283 -0.120017 0.29429 241 13 0
0.592521 -0.114813 0.29484 241 13 0
0.592271 -0.10961 0.295424 241 13 0
0.592054 -0.104402 0.295977 241 13 0
0.591794 -0.0991914 0.296494 241 13 0
0.591559 -0.0939838 0.297046 241 13 0
0.591421 -0.0887656 0.297517 241 13 0
0.590857 -0.0839155 0.297763 241 13 0
0.590692 -0.0789721 0.298064 241 13 0
0.590446 -0.0740352 0.298415 241 13 0
0.590256 -0.0690934 0.298728 241 13 0
0.590102 -0.0641466 0.298977 241 13 0
0.589935 -0.0591987 0.299193 241 13 0
0.589775 -0.0542499 0.299394 241 13 0
0.58966 -0.0492983 0.29955 241 13 0
0.589594 -0.0443448 0.299666 241 13 0
0.589573 -0.0393912 0.299796 241 13 0
0.58951 -0.0344385 0.299946 241 13 0
0.589401 -0.0236681 0.300548 241 13 0
0.589552 -0.0188527 0.300369 241 13 0
0.590129 -0.0140969 0.299816 241 13 0
0.590643 -0.00931927 0.299387 241 13 0
0.591117 -0.00453492 0.298963 241 13 0
0.591608 0.000246757 0.298529 241 13 0
0.592102 0.00502289 0.298042 241 13 0
0.592579 0.00979761 0.297523 241 13 0
0.59302 0.0145797 0.297043 241 13 0
0.593456 0.0193695 0.296651 241 13 0
0.593884 0.024169 0.296401 241 13 0
0.594093 0.028987 0.296212 241 13 0
0.594147 0.0338118 0.296171 241 13 0
0.594103 0.0386367 0.296282 241 13 0
0.593852 0.0441302 0.296059 241 13 0
0.592815 0.0492431 0.296376 241 13 0
0.592091 0.0544139 0.296818 241 13 0
0.591025 0.059531 0.297198 241 13 0
0.590013 0.0646635 0.297426 241 13 0
0.589576 0.0698787 0.2974 241 13 0
0.589132 0.0750312 0.29657 241 13 0
0.589028 0.0800922 0.295226 241 13 0
0.589461 0.0850814 0.293681 242 12 0
0.589712 0.0899306 0.291724 242 12 0
0.588792 0.0916765 0.290414 242 12 0
0.587067 0.0956962 0.28837 242 12 0
0.584955 0.0995102 0.286272 242 12 0
0.582704 0.103296 0.284268 242 12 0
0.580488 0.107108 0.282275 242 12 0
0.578414 0.111033 0.280352 242 12 0
0.576533 0.115085 0.278499 242 12 0
0.576159 0.115218 0.279417 242 12 0
0.519696 0.116566 0.25326 242 12 0
0.520232 0.116516 0.252417 242 12 0
0.520232 0.116516 0.252417 242 12 0
0.519741 0.113621 0.25326 242 12 0
0.519113 0.109361 0.254397 242 12 0
0.518526 0.105074 0.25545 242 12 0
0.518115 0.100705 0.256213 242 12 0
0.517735 0.0963225 0.256906 242 12 0
0.517693 0.0913115 0.256942 242 12 0
0.517986 0.0861358 0.256434 242 12 0
0.517821 0.0809602 0.255862 242 12 0
0.517667 0.075788 0.255257 242 12 0
0.517426 0.070602 0.254822 242 12 0
0.517084 0.0654115 0.254535 242 12 0
0.516597 0.0602247 0.25451 242 12 0
0.516444 0.0550249 0.254791 242 12 0
0.515982 0.044556 0.255636 242 12 0
0.515793 0.0397415 0.255981 242 12 0
0.515588 0.0349298 0.256353 242 12 0
0.515378 0.0301187 0.256732 242 12 0
0.515169 0.025308 0.257115 242 12 0
0.514955 0.0204976 0.2575 242 12 0
0.51476 0.0156842 0.257855 242 12 0
0.514602 0.0108653 0.258146 242 12 0
0.514488 0.00604076 0.25835 242 12 0
0.514414 0.00121273 0.258483 242 12 0
0.514357 -0.00361634 0.258587 242 12 0
0.514301 -0.00844535 0.258692 242 12 0
0.51426 -0.0132749 0.258767 242 12 0
0.514327 -0.0181019 0.25865 242 12 0
0.514471 -0.0258255 0.258385 242 12 0
0.514489 -0.0310663 0.258343 242 12 0
0.514482 -0.0363074 0.258353 242 12 0
0.51447 -0.0415486 0.258375 242 12 0
0.514487 -0.0467894 0.258342 242 12 0
0.514522 -0.0520301 0.258278 242 12 0
0.514505 -0.0572705 0.258314 242 12 0
0.514422 -0.0625085 0.258469 243 11 0
0.514344 -0.0677467 0.258618 243 11 0
0.514261 -0.072984 0.258777 243 11 0
0.514045 -0.0783366 0.259184 243 11 0
0.514194 -0.0831272 0.258908 243 11 0
0.514115 -0.0878921 0.258302 243 11 0
0.514228 -0.092579 0.257271 243 11 0
0.514512 -0.097191 0.255959 243 11 0
0.51485 -0.101778 0.254568 243 11 0
0.51516 -0.106376 0.253205 243 11 0
0.515506 -0.111012 0.252011 243 11 0
0.515991 -0.11571 0.251132 243 11 0
0.516331 -0.120461 0.250495 243 11 0
0.516552 -0.125241 0.250058 243 11 0
0.516672 -0.135776 0.249873 243 11 0
0.516827 -0.140691 0.249615 243 11 0
0.517 -0.145601 0.249289 243 11 0
0.517067 -0.150522 0.249162 243 11 0
0.517007 -0.155442 0.2493 243 11 0
0.516759 -0.160333 0.249773 243 11 0
0.516315 -0.165165 0.250584 243 11 0
0.515766 -0.169954 0.251588 243 11 0
0.51519 -0.174727 0.252649 243 11 0
0.514676 -0.179531 0.253583 243 11 0
0.514273 -0.184385 0.254308 243 11 0
0.513812 -0.189195 0.255161 243 11 0
0.512958 -0.193784 0.256727 243 11 0
0.512335 -0.198524 0.25782 243 11 0
0.513674 -0.206321 0.255372 243 11 0
0.51466 -0.21114 0.253568 243 11 0
0.515374 -0.216167 0.252253 243 11 0
0.515872 -0.221258 0.251151 243 11 0
0.515992 -0.226456 0.250504 243 11 0
0.515865 -0.231689 0.250303 243 11 0
0.515552 -0.236922 0.250443 243 11 0
0.515143 -0.242141 0.250753 243 11 0
0.51457 -0.247329 0.251237 243 11 0
0.51397 -0.2525 0.251822 243 11 0
0.51408 -0.247082 0.251605 243 11 0
0.514742 -0.242484 0.250795 243 11 0
0.515358 -0.237833 0.250284 243 11 0
0.515875 -0.233159 0.249866 243 11 0
0.516218 -0.22846 0.249756 243 11 0
0.516297 -0.223767 0.250118 243 11 0
0.516102 -0.219119 0.250923 243 11 0
0.515553 -0.214546 0.251908 243 11 0
0.513145 -0.203768 0.256344 244 10 0
0.512986 -0.198949 0.256637 244 10 0
0.513637 -0.19426 0.255479 244 10 0
0.513953 -0.189443 0.254903 244 10 0
0.51427 -0.184606 0.25432 244 10 0
0.514672 -0.179798 0.253573 244 10 0
0.515186 -0.175038 0.252624 244 10 0
0.515757 -0.170304 0.251572 244 10 0
0.516301 -0.165554 0.250577 244 10 0
0.516743 -0.160762 0.24977 244 10 0
0.516992 -0.155912 0.249295 244 10 0
0.517062 -0.151033 0.249135 244 10 0
0.516957 -0.146156 0.249316 244 10 0
0.516773 -0.14129 0.249679 244 10 0
0.51668 -0.133638 0.249847 244 10 0
0.516546 -0.12851 0.250108 244 10 0
0.516742 -0.123414 0.250702 244 10 0
0.516701 -0.11833 0.251416 244 10 0
0.516521 -0.113294 0.252401 244 10 0
0.516238 -0.108299 0.253563 244 10 0
0.515911 -0.103326 0.254808 244 10 0
0.515586 -0.0983522 0.25605 244 10 0
0.515042 -0.0934236 0.257365 244 10 0
0.51434 -0.0885037 0.258654 244 10 0
0.514028 -0.0812696 0.259199 244 10 0
0.51422 -0.0762335 0.25885 244 10 0
0.514287 -0.0711835 0.258728 244 10 0
0.514352 -0.0661333 0.258611 244 10 0
0.514444 -0.0610849 0.258437 244 10 0
0.514519 -0.0560355 0.258295 244 10 0
0.514527 -0.0509841 0.258277 244 10 0
0.514486 -0.0459326 0.258353 244 10 0
0.51446 -0.0408808 0.258402 244 10 0
0.514437 -0.035829 0.258439 244 10 0
0.514459 -0.0255228 0.258416 244 10 0
0.51431 -0.0205187 0.258694 244 10 0
0.514278 -0.0155054 0.25875 244 10 0
0.514311 -0.0104914 0.258739 244 10 0
0.514356 -0.0054781 0.258657 244 10 0
0.514399 -0.000464802 0.258577 244 10 0
0.514469 0.00454729 0.258454 244 10 0
0.514553 0.0095564 0.258246 244 10 0
0.514714 0.0145591 0.257948 244 10 0
0.514914 0.0195557 0.25758 244 10 0
0.515135 0.0245493 0.257184 244 10 0
0.515353 0.0295426 0.256783 244 10 0
0.515578 0.0345351 0.256376 244 10 0
0.51577 0.0395328 0.25602 245 9 0
0.516027 0.0449124 0.255545 245 9 0
0.516217 0.0497212 0.255204 245 9 0
0.516704 0.054515 0.255008 245 9 0
0.517217 0.0593108 0.2549 245 9 0
0.517643 0.0641156 0.254922 245 9 0
0.517966 0.0689239 0.25511 245 9 0
0.518205 0.0737282 0.25547 245 9 0
0.51829 0.0785284 0.255908 245 9 0
0.518085 0.0833335 0.256283 245 9 0
0.517777 0.0881149 0.256846 245 9 0
0.517673 0.0903963 0.257047 245 9 0
0.517811 0.0951307 0.25678 245 9 0
0.518034 0.0998493 0.256362 245 9 0
0.518473 0.104503 0.25555 245 9 0
0.519074 0.109082 0.254466 245 9 0
0.519741 0.113621 0.25326 245 9 0
0.51921 0.11368 0.254105 245 9 0
0.574981 0.117841 0.279291 245 9 0
0.575357 0.117694 0.278376 245 9 0
0.575489 0.114408 0.278174 245 9 0
0.574801 0.10982 0.279097 245 9 0
0.574261 0.105243 0.280168 245 9 0
0.573077 0.100773 0.281186 245 9 0
0.572113 0.0962929 0.282361 245 9 0
0.571269 0.0910663 0.284078 245 9 0
0.57062 0.0859453 0.285316 245 9 0
0.570229 0.080712 0.286167 245 9 0
0.57013 0.0754128 0.28656 245 9 0
0.570185 0.0701005 0.286407 245 9 0
0.570453 0.0648261 0.285795 245 9 0
0.570791 0.0595727 0.285052 245 9 0
0.57114 0.054333 0.284223 245 9 0
0.57095 0.0432692 0.284028 245 9 0
0.570915 0.0384093 0.284061 245 9 0
0.570813 0.0335688 0.284457 245 9 0
0.570462 0.0287362 0.284823 245 9 0
0.570188 0.0239043 0.285261 245 9 0
0.569834 0.0190758 0.285676 245 9 0
0.569398 0.0142506 0.286063 245 9 0
0.568975 0.00942718 0.286481 245 9 0
0.568558 0.00460422 0.286912 245 9 0
0.56812 -0.000220021 0.287307 245 9 0
0.567695 -0.00504938 0.287647 245 9 0
0.567249 -0.0098831 0.287882 245 9 0
0.566918 -0.014721 0.288083 245 9 0
0.566602 -0.0195623 0.288108 245 9 0
0.566619 -0.0275186 0.287828 246 8 0
0.566917 -0.0325122 0.287398 246 8 0
0.567067 -0.0375259 0.287179 246 8 0
0.56718 -0.0425426 0.287009 246 8 0
0.567169 -0.0475542 0.286748 246 8 0
0.567059 -0.0525606 0.286382 246 8 0
0.56691 -0.057569 0.286068 246 8 0
0.566685 -0.06258 0.285855 246 8 0
0.566384 -0.0675869 0.285644 246 8 0
0.565928 -0.0725519 0.285076 246 8 0
0.56601 -0.0802547 0.284973 246 8 0
0.566262 -0.0853081 0.28459 246 8 0
0.5666 -0.0903462 0.284085 246 8 0
0.566957 -0.0953804 0.283558 246 8 0
0.567465 -0.100398 0.283002 246 8 0
0.568063 -0.105412 0.282487 246 8 0
0.568653 -0.110427 0.281984 246 8 0
0.569226 -0.115447 0.28151 246 8 0
0.569826 -0.120466 0.281058 246 8 0
0.570503 -0.125493 0.280916 246 8 0
0.570814 -0.135787 0.280467 246 8 0
0.571055 -0.140792 0.280118 246 8 0
0.571348 -0.145788 0.279685 246 8 0
0.571431 -0.150781 0.279141 246 8 0
0.571482 -0.15578 0.278646 246 8 0
0.571492 -0.160779 0.278151 246 8 0
0.571506 -0.165782 0.277691 246 8 0
0.571479 -0.17079 0.27729 246 8 0
0.571339 -0.175803 0.277016 246 8 0
0.571062 -0.180818 0.27709 246 8 0
0.570606 -0.185805 0.277494 246 8 0
0.569986 -0.190749 0.278127 246 8 0
0.569617 -0.195715 0.278773 246 8 0
0.569099 -0.200614 0.279755 246 8 0
0.567772 -0.208593 0.282247 246 8 0
0.56777 -0.213711 0.282284 246 8 0
0.56791 -0.218832 0.282126 246 8 0
0.567982 -0.223963 0.282036 246 8 0
0.568199 -0.229084 0.281719 246 8 0
0.568451 -0.234202 0.281367 246 8 0
0.568653 -0.239327 0.281098 246 8 0
0.568754 -0.244459 0.280966 246 8 0
0.568749 -0.249595 0.280976 246 8 0
0.568515 -0.254712 0.281338 246 8 0
0.568628 -0.249112 0.281119 246 8 0
0.568831 -0.244444 0.280818 246 8 0
0.568862 -0.239759 0.280786 246 8 0
0.56875 -0.23508 0.280951 247 7 0
0.56844 -0.230427 0.281378 247 7 0
0.568039 -0.225792 0.281939 247 7 0
0.567629 -0.221164 0.282538 247 7 0
0.567063 -0.21658 0.283329 247 7 0
0.568251 -0.205865 0.281213 247 7 0
0.56894 -0.201224 0.279988 247 7 0
0.569401 -0.196471 0.279129 247 7 0
0.569837 -0.191695 0.278382 247 7 0
0.570371 -0.186915 0.277748 247 7 0
0.570842 -0.182106 0.277312 247 7 0
0.571163 -0.17727 0.277119 247 7 0
0.571347 -0.172425 0.277224 247 7 0
0.571419 -0.167584 0.27755 247 7 0
0.571419 -0.162746 0.277943 247 7 0
0.571408 -0.157912 0.278369 247 7 0
0.571405 -0.153082 0.278841 247 7 0
0.571445 -0.148283 0.279553 247 7 0
0.571146 -0.143459 0.279989 247 7 0
0.570842 -0.135611 0.280421 247 7 0
0.570652 -0.130813 0.280711 247 7 0
0.570451 -0.126015 0.281003 247 7 0
0.570224 -0.121222 0.281335 247 7 0
0.569892 -0.116442 0.28175 247 7 0
0.569361 -0.111682 0.282194 247 7 0
0.568819 -0.106926 0.282674 247 7 0
0.568272 -0.102171 0.283151 247 7 0
0.567719 -0.0974161 0.283625 247 7 0
0.56706 -0.0926815 0.284157 247 7 0
0.566254 -0.0879599 0.284595 247 7 0
0.565983 -0.0829002 0.285001 247 7 0
0.565995 -0.0781057 0.28499 247 7 0
0.566186 -0.0733272 0.285312 247 7 0
0.566439 -0.0685502 0.285639 247 7 0
0.566723 -0.0637711 0.285903 247 7 0
0.567018 -0.0589919 0.286155 247 7 0
0.567297 -0.0542134 0.286437 247 7 0
0.567411 -0.0494297 0.286676 247 7 0
0.567306 -0.0446383 0.286827 247 7 0
0.56718 -0.0398485 0.287009 247 7 0
0.566923 -0.0350758 0.287367 247 7 0
0.566645 -0.0244146 0.288036 247 7 0
0.566643 -0.0195524 0.287993 247 7 0
0.566875 -0.0147017 0.287888 247 7 0
0.567223 -0.00985226 0.28783 247 7 0
0.567626 -0.00501104 0.287631 247 7 0
0.568051 -0.00017841 0.287303 248 6 0
0.568506 0.00464516 0.286889 248 6 0
0.568939 0.0094679 0.286444 248 6 0
0.569353 0.0142948 0.286026 248 6 0
0.569782 0.0191235 0.285643 248 6 0
0.570209 0.0239526 0.285265 248 6 0
0.570631 0.0287773 0.284844 248 6 0
0.570875 0.0335967 0.284255 248 6 0
0.570914 0.0384524 0.284044 248 6 0
0.570971 0.0432497 0.283979 248 6 0
0.570893 0.0483406 0.284043 248 6 0
0.570874 0.0534287 0.284305 248 6 0
0.570742 0.0584993 0.284781 248 6 0
0.570428 0.0635346 0.285491 248 6 0
0.570142 0.0685803 0.286139 248 6 0
0.570066 0.0736536 0.286597 248 6 0
0.570053 0.0787435 0.286379 248 6 0
0.570303 0.083795 0.285765 248 6 0
0.570759 0.0887603 0.284773 248 6 0
0.571287 0.0924738 0.283523 248 6 0
0.572171 0.0968092 0.282251 248 6 0
0.573076 0.101148 0.28101 248 6 0
0.574277 0.105494 0.280081 248 6 0
0.574826 0.109944 0.279062 248 6 0
0.575489 0.114408 0.278174 248 6 0
0.57512 0.11454 0.279093 248 6 0
0.519696 0.116566 0.25326 248 6 0
0.520232 0.116516 0.252417 248 6 0
0.517978 0.114625 0.252016 248 6 0
0.514077 0.111759 0.251018 248 6 0
0.510255 0.108823 0.249932 248 6 0
0.506432 0.106042 0.248491 248 6 0
0.50279 0.103364 0.246498 248 6 0
0.499366 0.100542 0.244325 248 6 0
0.495993 0.0977484 0.242036 248 6 0
0.496348 0.0921669 0.242184 248 6 0
0.495932 0.0868843 0.242025 248 6 0
0.495491 0.0815843 0.241898 248 6 0
0.494995 0.0762878 0.241937 248 6 0
0.494496 0.0709916 0.241993 248 6 0
0.494006 0.0656948 0.242013 248 6 0
0.493887 0.0603824 0.242269 248 6 0
0.493785 0.0550683 0.242471 248 6 0
0.493137 0.0447152 0.243126 248 6 0
0.492842 0.0395267 0.243429 248 6 0
0.49257 0.0343455 0.243855 248 6 0
0.492339 0.0291527 0.24414 248 6 0
0.492128 0.0239571 0.244389 249 5 0
0.491971 0.0187563 0.244556 249 5 0
0.491918 0.0135514 0.244628 249 5 0
0.491914 0.00834559 0.244631 249 5 0
0.49192 0.00313978 0.244622 249 5 0
0.491949 -0.00206572 0.244573 249 5 0
0.491988 -0.00727083 0.244496 249 5 0
0.492098 -0.0124707 0.244276 249 5 0
0.492164 -0.0176736 0.244117 249 5 0
0.492183 -0.0253002 0.244185 249 5 0
0.492153 -0.0305451 0.244219 249 5 0
0.492078 -0.0357882 0.244334 249 5 0
0.491981 -0.0410289 0.244528 249 5 0
0.491875 -0.0462688 0.244739 249 5 0
0.491757 -0.0515082 0.244954 249 5 0
0.491641 -0.0567467 0.245193 249 5 0
0.49155 -0.0619875 0.245375 249 5 0
0.491446 -0.0672264 0.245582 249 5 0
0.491374 -0.0724681 0.24573 249 5 0
0.491592 -0.0778373 0.245413 249 5 0
0.491805 -0.0825192 0.244455 249 5 0
0.491895 -0.087235 0.243633 249 5 0
0.49203 -0.0919498 0.242809 249 5 0
0.492156 -0.096669 0.242009 249 5 0
0.492236 -0.101402 0.241294 249 5 0
0.492343 -0.106154 0.240721 249 5 0
0.492554 -0.110915 0.240261 249 5 0
0.492767 -0.115676 0.239798 249 5 0
0.492943 -0.120444 0.239389 249 5 0
0.493086 -0.125221 0.239103 249 5 0
0.49349 -0.135586 0.238276 249 5 0
0.493585 -0.140393 0.238068 249 5 0
0.493126 -0.145144 0.23861 249 5 0
0.492689 -0.149916 0.239068 249 5 0
0.492288 -0.154693 0.239545 249 5 0
0.491881 -0.159467 0.240046 249 5 0
0.491488 -0.16424 0.240563 249 5 0
0.491106 -0.169019 0.24104 249 5 0
0.490759 -0.173807 0.241431 249 5 0
0.490468 -0.178606 0.241721 249 5 0
0.490242 -0.183415 0.241817 249 5 0
0.49015 -0.188228 0.241674 249 5 0
0.490366 -0.193026 0.24137 249 5 0
0.490701 -0.197778 0.24066 249 5 0
0.49103 -0.205845 0.238714 249 5 0
0.491056 -0.210542 0.23748 249 5 0
0.490786 -0.215255 0.236344 249 5 0
0.490516 -0.220012 0.235402 250 4 0
0.49005 -0.224776 0.234568 250 4 0
0.489498 -0.229555 0.233884 250 4 0
0.48893 -0.234359 0.233428 250 4 0
0.488462 -0.239186 0.233139 250 4 0
0.487734 -0.243981 0.232857 250 4 0
0.487046 -0.248787 0.232776 250 4 0
0.486446 -0.253604 0.232689 250 4 0
0.487147 -0.248608 0.233047 250 4 0
0.488057 -0.243601 0.233166 250 4 0
0.488763 -0.238554 0.233265 250 4 0
0.489677 -0.233549 0.233568 250 4 0
0.490336 -0.228508 0.233935 250 4 0
0.490641 -0.223446 0.234445 250 4 0
0.490973 -0.218479 0.235534 250 4 0
0.490964 -0.2135 0.236612 250 4 0
0.490253 -0.20296 0.238267 250 4 0
0.489917 -0.198249 0.239158 250 4 0
0.489788 -0.193522 0.240022 250 4 0
0.489657 -0.188753 0.240614 250 4 0
0.489556 -0.183956 0.240849 250 4 0
0.489666 -0.179153 0.240848 250 4 0
0.490011 -0.174361 0.240706 250 4 0
0.490473 -0.16958 0.240501 250 4 0
0.490931 -0.164802 0.240228 250 4 0
0.49138 -0.160028 0.239884 250 4 0
0.491854 -0.155259 0.2395 250 4 0
0.492301 -0.150511 0.238926 250 4 0
0.493055 -0.145844 0.238063 250 4 0
0.49367 -0.141091 0.237875 250 4 0
0.493408 -0.133586 0.238461 250 4 0
0.493207 -0.128447 0.238839 250 4 0
0.493117 -0.12331 0.239258 250 4 0
0.492969 -0.118179 0.239737 250 4 0
0.492741 -0.113049 0.240206 250 4 0
0.492649 -0.107927 0.24078 250 4 0
0.492591 -0.102811 0.241422 250 4 0
0.49246 -0.0977053 0.242133 250 4 0
0.492335 -0.092613 0.242929 250 4 0
0.492198 -0.0875177 0.243643 250 4 0
0.491954 -0.0825555 0.244537 250 4 0
0.491698 -0.0777182 0.245065 250 4 0
0.491515 -0.0728637 0.245466 250 4 0
0.49142 -0.0679962 0.245651 250 4 0
0.49145 -0.063125 0.245581 250 4 0
0.491587 -0.0582598 0.245324 250 4 0
0.491753 -0.053399 0.244998 250 4 0
0.491893 -0.0485352 0.244711 251 3 0
0.492002 -0.0436659 0.24452 251 3 0
0.492077 -0.0387933 0.244406 251 3 0
0.492086 -0.0339195 0.244368 251 3 0
0.492165 -0.0235676 0.244179 251 3 0
0.492128 -0.0187166 0.244233 251 3 0
0.492061 -0.0138672 0.244362 251 3 0
0.491999 -0.00901733 0.244475 251 3 0
0.491958 -0.00416657 0.244555 251 3 0
0.491935 0.000684759 0.2446 251 3 0
0.491924 0.00553633 0.244618 251 3 0
0.491922 0.010388 0.244621 251 3 0
0.491939 0.0152394 0.244599 251 3 0
0.492011 0.0200893 0.244514 251 3 0
0.492168 0.0249352 0.244342 251 3 0
0.492355 0.0297779 0.244116 251 3 0
0.492558 0.0346137 0.243799 251 3 0
0.492824 0.0394438 0.243433 251 3 0
0.493204 0.04485 0.24309 251 3 0
0.493443 0.0499565 0.24283 251 3 0
0.493731 0.0550605 0.242554 251 3 0
0.493868 0.0601721 0.242302 251 3 0
0.493986 0.0652851 0.242068 251 3 0
0.494094 0.0703981 0.241831 251 3 0
0.494241 0.0755081 0.241553 251 3 0
0.494364 0.0806192 0.241284 251 3 0
0.494444 0.0857353 0.241109 251 3 0
0.49451 0.0908529 0.240981 251 3 0
0.496059 0.09343 0.241941 251 3 0
0.499557 0.0967065 0.244409 251 3 0
0.502939 0.100253 0.246674 251 3 0
0.506344 0.103952 0.248627 251 3 0
0.50995 0.107676 0.250102 251 3 0
0.513899 0.111191 0.251172 251 3 0
0.517978 0.114625 0.252016 251 3 0
0.517439 0.11468 0.252857 251 3 0
0.574981 0.117841 0.279291 251 3 0
0.575357 0.117694 0.278376 251 3 0
0.576533 0.115085 0.278499 251 3 0
0.579269 0.111681 0.280531 251 3 0
0.581783 0.108091 0.282541 251 3 0
0.584349 0.104566 0.284601 251 3 0
0.586738 0.100898 0.286621 251 3 0
0.589271 0.0973295 0.288638 251 3 0
0.58946 0.0925501 0.290486 251 3 0
0.588983 0.088029 0.292303 251 3 0
0.588775 0.0834143 0.293951 252 2 0
0.588867 0.0787553 0.295465 252 2 0
0.589108 0.0740093 0.296646 252 2 0
0.589629 0.0692124 0.297419 252 2 0
0.590669 0.0644438 0.297792 252 2 0
0.591678 0.0596477 0.297635 252 2 0
0.592829 0.0548974 0.29734 252 2 0
0.593779 0.0442186 0.296529 252 2 0
0.593877 0.039338 0.296389 252 2 0
0.593945 0.0344561 0.29629 252 2 0
0.59395 0.0295735 0.296189 252 2 0
0.593781 0.0246971 0.296308 252 2 0
0.593455 0.019834 0.296598 252 2 0
0.593055 0.0149842 0.297005 252 2 0
0.59262 0.0101433 0.297481 252 2 0
0.592149 0.00530987 0.297996 252 2 0
0.59165 0.000478115 0.298499 252 2 0
0.591151 -0.00436005 0.298938 252 2 0
0.590619 -0.00918662 0.299436 252 2 0
0.589839 -0.0139536 0.300151 252 2 0
0.589477 -0.0187858 0.300721 252 2 0
0.58942 -0.0264595 0.300364 252 2 0
0.589445 -0.0316578 0.30016 252 2 0
0.58953 -0.0368546 0.29994 252 2 0
0.589605 -0.0420521 0.299743 252 2 0
0.589679 -0.0472522 0.299611 252 2 0
0.589782 -0.0524504 0.299441 252 2 0
0.589944 -0.0576461 0.299235 252 2 0
0.590111 -0.0628412 0.299017 252 2 0
0.590258 -0.0680371 0.298806 252 2 0
0.590472 -0.0732261 0.298511 252 2 0
0.590612 -0.0784364 0.298132 252 2 0
0.590939 -0.0833454 0.297782 252 2 0
0.591209 -0.088261 0.297479 252 2 0
0.591417 -0.0931712 0.297066 252 2 0
0.591663 -0.0980752 0.296601 252 2 0
0.591903 -0.102978 0.296118 252 2 0
0.59212 -0.10788 0.295615 252 2 0
0.592351 -0.112776 0.295072 252 2 0
0.59263 -0.117666 0.294486 252 2 0
0.593013 -0.122553 0.293946 252 2 0
0.593403 -0.127445 0.293444 252 2 0
0.593731 -0.137983 0.293007 252 2 0
0.593927 -0.143164 0.292767 252 2 0
0.593907 -0.148331 0.292336 252 2 0
0.593908 -0.153505 0.291935 252 2 0
0.593881 -0.158683 0.291573 252 2 0
0.593844 -0.163857 0.291177 253 1 0
0.593808 -0.169027 0.290713 253 1 0
0.593922 -0.174196 0.290267 253 1 0
0.593885 -0.179368 0.289835 253 1 0
0.593772 -0.184553 0.289642 253 1 0
0.593519 -0.189736 0.289606 253 1 0
0.593595 -0.194924 0.289484 253 1 0
0.593593 -0.200114 0.289479 253 1 0
0.592865 -0.208153 0.290826 253 1 0
0.592234 -0.213141 0.291962 253 1 0
0.591843 -0.218229 0.292717 253 1 0
0.59152 -0.223337 0.293343 253 1 0
0.591327 -0.228475 0.293739 253 1 0
0.59126 -0.233628 0.293899 253 1 0
0.591283 -0.238785 0.293845 253 1 0
0.591393 -0.243936 0.29362 253 1 0
0.591563 -0.249081 0.293294 253 1 0
0.591598 -0.254237 0.293155 253 1 0
0.591583 -0.248536 0.293452 253 1 0
0.591461 -0.243853 0.293615 253 1 0
0.591324 -0.239169 0.293793 253 1 0
0.59123 -0.234481 0.293916 253 1 0
0.591181 -0.229792 0.293996 253 1 0
0.59122 -0.225109 0.293875 253 1 0
0.591361 -0.220436 0.293503 253 1 0
0.591698 -0.21579 0.292994 253 1 0
0.593172 -0.20564 0.290537 253 1 0
0.593557 -0.200481 0.290238 253 1 0
0.593756 -0.195295 0.290212 253 1 0
0.59414 -0.19012 0.289975 253 1 0
0.594478 -0.184936 0.289933 253 1 0
0.594599 -0.179747 0.29012 253 1 0
0.594654 -0.174569 0.290537 253 1 0
0.594537 -0.169394 0.290983 253 1 0
0.594352 -0.164216 0.291361 253 1 0
0.594377 -0.159036 0.291751 253 1 0
0.594403 -0.153854 0.292112 253 1 0
0.594142 -0.148676 0.292446 253 1 0
0.593897 -0.143496 0.292752 253 1 0
0.593748 -0.135662 0.29299 253 1 0
0.593418 -0.130447 0.293418 253 1 0
0.593116 -0.125231 0.293838 253 1 0
0.59283 -0.120017 0.29429 253 1 0
0.592521 -0.114813 0.29484 253 1 0
0.592271 -0.10961 0.295424 253 1 0
0.592054 -0.104402 0.295977 253 1 0
0.591794 -0.0991914 0.296494 253 1 0
0.591559 -0.0939838 0.297046 254 0 0
0.591421 -0.0887656 0.297517 254 0 0
0.590857 -0.0839155 0.297763 254 0 0
0.590692 -0.0789721 0.298064 254 0 0
0.590446 -0.0740352 0.298415 254 0 0
0.590256 -0.0690934 0.298728 254 0 0
0.590102 -0.0641466 0.298977 254 0 0
0.589935 -0.0591987 0.299193 254 0 0
0.589775 -0.0542499 0.299394 254 0 0
0.58966 -0.0492983 0.29955 254 0 0
0.589594 -0.0443448 0.299666 254 0 0
0.589573 -0.0393912 0.299796 254 0 0
0.58951 -0.0344385 0.299946 254 0 0
0.589401 -0.0236681 0.300548 254 0 0
0.589552 -0.0188527 0.300369 254 0 0
0.590129 -0.0140969 0.299816 254 0 0
0.590643 -0.00931927 0.299387 254 0 0
0.591117 -0.00453492 0.298963 254 0 0
0.591608 0.000246757 0.298529 254 0 0
0.592102 0.00502289 0.298042 254 0 0
0.592579 0.00979761 0.297523 254 0 0
0.59302 0.0145797 0.297043 254 0 0
0.593456 0.0193695 0.296651 254 0 0
0.593884 0.024169 0.296401 254 0 0
0.594093 0.028987 0.296212 254 0 0
0.594147 0.0338118 0.296171 254 0 0
0.594103 0.0386367 0.296282 254 0 0
0.593852 0.0441302 0.296059 254 0 0
0.592815 0.0492431 0.296376 254 0 0
0.592091 0.0544139 0.296818 254 0 0
0.591025 0.059531 0.297198 254 0 0
0.590013 0.0646635 0.297426 254 0 0
0.589576 0.0698787 0.2974 254 0 0
0.589132 0.0750312 0.29657 254 0 0
0.589028 0.0800922 0.295226 254 0 0
0.589461 0.0850814 0.293681 254 0 0
0.589712 0.0899306 0.291724 254 0 0
0.588792 0.0916765 0.290414 254 0 0
0.587067 0.0956962 0.28837 254 0 0
0.584955 0.0995102 0.286272 254 0 0
0.582704 0.103296 0.284268 254 0 0
0.580488 0.107108 0.282275 254 0 0
0.578414 0.111033 0.280352 254 0 0
0.576533 0.115085 0.278499 254 0 0
0.576159 0.115218 0.279417 254 0 0
0.519696 0.116566 0.25326 254 0 0
0.520232 0.116516 0.252417 255 0 0
