ply
format ascii 1.0
comment Generated by robot_control PLYWriter
element vertex 13055
property float x
property float y
property float z
property uchar red
property uchar green
property uchar blue
end_header
0.584202 -0.0364599 0.229139 0 255 0
0.583584 -0.0234463 0.223536 0 254 0
0.583277 -0.0186979 0.221745 0 254 0
0.582962 -0.0139161 0.220036 0 254 0
0.582727 -0.00913347 0.21832 0 254 0
0.582437 -0.00437386 0.216547 0 254 0
0.58216 0.000404775 0.214823 0 254 0
0.581807 0.00516481 0.213062 0 254 0
0.581506 0.00991459 0.211264 0 254 0
0.58134 0.0146816 0.209495 0 254 0
0.581043 0.0193997 0.207615 0 254 0
0.580939 0.0241516 0.2058 0 254 0
0.58071 0.0288313 0.203817 0 254 0
0.5806 0.0335201 0.201845 0 254 0
0.580508 0.0381988 0.199849 0 254 0
0.580344 0.0428496 0.197793 0 254 0
0.580257 0.0475023 0.195737 0 254 0
0.580264 0.052119 0.193599 0 254 0
0.580206 0.0567413 0.191477 0 254 0
0.578195 0.0561862 0.189972 0 254 0
0.573964 0.0544786 0.187501 0 254 0
0.569738 0.0528764 0.18496 0 254 0
0.56553 0.0514213 0.182296 0 254 0
0.561357 0.050158 0.179499 0 254 0
0.558947 0.0502959 0.17746 0 254 0
0.555587 0.0517952 0.174022 0 254 0
0.552192 0.0532149 0.17059 0 254 0
0.548674 0.0543361 0.167165 0 254 0
0.545237 0.055502 0.163674 0 254 0
0.541725 0.0564211 0.16019 0 254 0
0.544226 0.0561373 0.16267 0 254 0
0.547204 0.0542623 0.165984 0 254 0
0.550277 0.0525564 0.169306 0 254 0
0.55347 0.0510336 0.172604 0 254 0
0.556731 0.0496639 0.1759 0 254 0
0.558703 0.0491874 0.177757 0 254 0
0.562556 0.0487979 0.181156 0 254 0
0.566329 0.0481386 0.184581 0 254 0
0.570067 0.0472425 0.188011 0 254 0
0.5739 0.0464577 0.191366 0 254 0
0.577838 0.045918 0.194636 0 254 0
0.57603 0.0358883 0.198129 0 254 0
0.575404 0.0312308 0.199692 0 254 0
0.574765 0.02651 0.201047 0 254 0
0.574084 0.0217843 0.202366 0 254 0
0.573501 0.0170597 0.203732 0 254 0
0.572906 0.0123124 0.20501 0 254 0
0.572292 0.0075422 0.206194 0 254 0
0.571677 0.00275541 0.207307 0 254 0
0.571041 -0.00204202 0.208362 0 254 0
0.570401 -0.00683637 0.209429 0 254 0
0.569756 -0.0116269 0.21051 0 254 0
0.569117 -0.0164194 0.211586 1 253 0
0.568472 -0.0212093 0.212669 1 253 0
0.567785 -0.0259795 0.213812 1 253 0
0.566698 -0.0338289 0.215628 1 253 0
0.56619 -0.0386158 0.216472 1 253 0
0.565717 -0.0434155 0.217262 1 253 0
0.56523 -0.0482104 0.218074 1 253 0
0.564767 -0.0530156 0.218836 1 253 0
0.564305 -0.0578241 0.219578 1 253 0
0.56371 -0.0626363 0.22019 1 253 0
0.56315 -0.0674602 0.220741 1 253 0
0.56262 -0.0722936 0.221234 1 253 0
0.562047 -0.0771178 0.221765 1 253 0
0.561362 -0.0819327 0.222244 1 253 0
0.562122 -0.07713 0.222219 1 253 0
0.562812 -0.0719949 0.221478 1 253 0
0.563513 -0.0668376 0.220927 1 253 0
0.563996 -0.0616874 0.220128 1 253 0
0.564471 -0.0565356 0.219335 1 253 0
0.564906 -0.0513702 0.21861 1 253 0
0.565359 -0.0462084 0.217871 1 253 0
0.565825 -0.0410521 0.217101 1 253 0
0.567101 -0.0309478 0.21496 1 253 0
0.567779 -0.0261819 0.213819 1 253 0
0.568449 -0.0214098 0.2127 1 253 0
0.569088 -0.0166214 0.211634 1 253 0
0.569728 -0.0118354 0.210557 1 253 0
0.570372 -0.00705065 0.209477 1 253 0
0.571012 -0.00226235 0.208411 1 253 0
0.571771 0.00252699 0.207439 1 253 0
0.572591 0.00730805 0.206469 1 253 0
0.573406 0.0120752 0.205428 1 253 0
0.574246 0.0168258 0.204334 1 253 0
0.575108 0.0215591 0.203181 1 253 0
0.576007 0.0262846 0.202026 1 253 0
0.57698 0.0310056 0.200914 1 253 0
0.578207 0.0356615 0.199782 1 253 0
0.578777 0.0386632 0.198625 1 253 0
0.578812 0.0432885 0.196555 1 253 0
0.579173 0.0479785 0.194653 1 253 0
0.579122 0.0525724 0.192495 1 253 0
0.579575 0.057286 0.19068 1 253 0
0.579768 0.0619749 0.188757 1 253 0
0.580038 0.0667152 0.186978 1 253 0
0.581862 0.0695492 0.187113 1 253 0
0.585594 0.0734354 0.187963 1 253 0
0.589244 0.0774145 0.188806 1 253 0
0.592893 0.081364 0.189808 1 253 0
0.596264 0.0855736 0.190773 1 253 0
0.599449 0.0899067 0.191801 1 253 0
0.597475 0.0872125 0.191069 1 253 0
0.594267 0.084224 0.189745 2 252 0
0.59119 0.0809751 0.188704 2 252 0
0.587981 0.0778484 0.187684 2 252 0
0.584896 0.074525 0.186952 2 252 0
0.581573 0.0715388 0.18596 2 252 0
0.579564 0.0700047 0.185222 2 252 0
0.57644 0.0666997 0.184207 2 252 0
0.573286 0.0634511 0.18311 2 252 0
0.570293 0.0600154 0.182126 2 252 0
0.567173 0.0567082 0.181098 2 252 0
0.564017 0.0534405 0.180055 2 252 0
0.560713 0.0503841 0.178865 2 252 0
0.558947 0.0502959 0.17746 2 252 0
0.555493 0.0515913 0.174036 2 252 0
0.552126 0.0530764 0.170602 2 252 0
0.548608 0.0541976 0.167178 2 252 0
0.545211 0.055456 0.163682 2 252 0
0.541725 0.0564211 0.16019 2 252 0
0.544226 0.0561373 0.16267 2 252 0
0.547204 0.0542623 0.165984 2 252 0
0.550277 0.0525564 0.169306 2 252 0
0.55347 0.0510336 0.172604 2 252 0
0.556731 0.0496639 0.1759 2 252 0
0.558703 0.0491874 0.177757 2 252 0
0.562556 0.0487979 0.181156 2 252 0
0.566329 0.0481386 0.184581 2 252 0
0.570067 0.0472425 0.188011 2 252 0
0.5739 0.0464577 0.191366 2 252 0
0.577838 0.045918 0.194636 2 252 0
0.57603 0.0358883 0.198129 2 252 0
0.575404 0.0312308 0.199692 2 252 0
0.574765 0.02651 0.201047 2 252 0
0.574084 0.0217843 0.202366 2 252 0
0.573501 0.0170597 0.203732 2 252 0
0.572906 0.0123124 0.20501 2 252 0
0.572292 0.0075422 0.206194 2 252 0
0.571677 0.00275541 0.207307 2 252 0
0.571041 -0.00204202 0.208362 2 252 0
0.570401 -0.00683637 0.209429 2 252 0
0.569756 -0.0116269 0.21051 2 252 0
0.569117 -0.0164194 0.211586 2 252 0
0.568472 -0.0212093 0.212669 2 252 0
0.567785 -0.0259795 0.213812 2 252 0
0.566698 -0.0338289 0.215628 2 252 0
0.56619 -0.0386158 0.216472 2 252 0
0.565717 -0.0434155 0.217262 2 252 0
0.56523 -0.0482104 0.218074 2 252 0
0.564767 -0.0530156 0.218836 2 252 0
0.564305 -0.0578241 0.219578 2 252 0
0.56371 -0.0626363 0.22019 2 252 0
0.56315 -0.0674602 0.220741 2 252 0
0.56262 -0.0722936 0.221234 3 251 0
0.562047 -0.0771178 0.221765 3 251 0
0.561362 -0.0819327 0.222244 3 251 0
0.562122 -0.07713 0.222219 3 251 0
0.562812 -0.0719949 0.221478 3 251 0
0.563513 -0.0668376 0.220927 3 251 0
0.563996 -0.0616874 0.220128 3 251 0
0.564471 -0.0565356 0.219335 3 251 0
0.564906 -0.0513702 0.21861 3 251 0
0.565359 -0.0462084 0.217871 3 251 0
0.565825 -0.0410521 0.217101 3 251 0
0.567101 -0.0309478 0.21496 3 251 0
0.567779 -0.0261819 0.213819 3 251 0
0.568449 -0.0214098 0.2127 3 251 0
0.569088 -0.0166214 0.211634 3 251 0
0.569728 -0.0118354 0.210557 3 251 0
0.570372 -0.00705065 0.209477 3 251 0
0.571012 -0.00226235 0.208411 3 251 0
0.571771 0.00252699 0.207439 3 251 0
0.572591 0.00730805 0.206469 3 251 0
0.573406 0.0120752 0.205428 3 251 0
0.574246 0.0168258 0.204334 3 251 0
0.575108 0.0215591 0.203181 3 251 0
0.576007 0.0262846 0.202026 3 251 0
0.57698 0.0310056 0.200914 3 251 0
0.578207 0.0356615 0.199782 3 251 0
0.578777 0.0386632 0.198625 3 251 0
0.578812 0.0432885 0.196555 3 251 0
0.579173 0.0479785 0.194653 3 251 0
0.579122 0.0525724 0.192495 3 251 0
0.579575 0.057286 0.19068 3 251 0
0.579768 0.0619749 0.188757 3 251 0
0.580038 0.0667152 0.186978 3 251 0
0.581862 0.0695492 0.187113 3 251 0
0.585594 0.0734354 0.187963 3 251 0
0.589244 0.0774145 0.188806 3 251 0
0.592893 0.081364 0.189808 3 251 0
0.596264 0.0855736 0.190773 3 251 0
0.599449 0.0899067 0.191801 3 251 0
0.593365 0.0943603 0.19837 3 251 0
0.646522 0.0887085 0.248126 3 251 0
0.651672 0.0860294 0.239984 3 251 0
0.653044 0.0844487 0.240932 3 251 0
0.655645 0.0805753 0.243082 3 251 0
0.658283 0.0767185 0.245215 3 251 0
0.661082 0.072963 0.247323 3 251 0
0.66402 0.0693461 0.249484 3 251 0
0.666941 0.0657893 0.251763 3 251 0
0.668637 0.0642859 0.252976 3 251 0
0.670099 0.0607509 0.255603 3 251 0
0.671681 0.0572623 0.258223 3 251 0
0.673598 0.0538862 0.260766 4 250 0
0.675729 0.0505973 0.26325 4 250 0
0.677643 0.0471163 0.265643 4 250 0
0.679649 0.0436985 0.268053 4 250 0
0.682473 0.0444685 0.269576 4 250 0
0.686593 0.0443049 0.27238 4 250 0
0.690747 0.0444921 0.275123 4 250 0
0.69496 0.044981 0.277748 4 250 0
0.699217 0.0457796 0.280202 4 250 0
0.696701 0.045026 0.278943 4 250 0
0.692107 0.044179 0.276146 4 250 0
0.687505 0.0430932 0.273432 4 250 0
0.682917 0.0417731 0.270813 4 250 0
0.68054 0.0417484 0.269335 4 250 0
0.67566 0.0412799 0.26671 4 250 0
0.67075 0.0411 0.264125 4 250 0
0.665826 0.0412622 0.261544 4 250 0
0.6609 0.0414698 0.258972 4 250 0
0.660478 0.033466 0.260736 4 250 0
0.66005 0.0285792 0.261645 4 250 0
0.659609 0.0236637 0.262377 4 250 0
0.659187 0.018756 0.263159 4 250 0
0.658945 0.0138471 0.26401 4 250 0
0.658535 0.00891712 0.264659 4 250 0
0.658187 0.00397641 0.265262 4 250 0
0.657818 -0.000963763 0.265856 4 250 0
0.657505 -0.00589787 0.266527 4 250 0
0.657203 -0.0108298 0.267219 4 250 0
0.656885 -0.0157555 0.267948 4 250 0
0.65661 -0.0206585 0.268825 4 250 0
0.656283 -0.0255593 0.269699 4 250 0
0.656014 -0.0304427 0.270681 4 250 0
0.654238 -0.0382054 0.272192 4 250 0
0.653482 -0.0432013 0.273616 4 250 0
0.65274 -0.0482438 0.274874 4 250 0
0.652059 -0.0533217 0.276016 4 250 0
0.651503 -0.0584432 0.277024 4 250 0
0.651025 -0.0635987 0.277887 4 250 0
0.650538 -0.068775 0.278615 4 250 0
0.650104 -0.073972 0.279211 4 250 0
0.649742 -0.0791916 0.279633 4 250 0
0.649357 -0.0844067 0.280086 4 250 0
0.649788 -0.0791045 0.279548 4 250 0
0.65009 -0.0738858 0.2792 4 250 0
0.650476 -0.0686792 0.278763 4 250 0
0.650976 -0.0634956 0.278194 4 250 0
0.65147 -0.0583423 0.277401 4 250 0
0.652387 -0.053255 0.276551 4 250 0
0.653435 -0.048228 0.275511 4 250 0
0.654518 -0.0432422 0.27432 4 250 0
0.655816 -0.032924 0.271463 4 250 0
0.656101 -0.0280613 0.270409 5 249 0
0.656073 -0.0231955 0.269338 5 249 0
0.6562 -0.0183278 0.268276 5 249 0
0.656328 -0.0134523 0.267247 5 249 0
0.656531 -0.00854782 0.266388 5 249 0
0.656634 -0.00364133 0.265524 5 249 0
0.65673 0.00126612 0.264661 5 249 0
0.656851 0.00617206 0.263791 5 249 0
0.656899 0.0110694 0.262864 5 249 0
0.656977 0.0159721 0.261974 5 249 0
0.657228 0.0208834 0.261161 5 249 0
0.657449 0.0257861 0.26029 5 249 0
0.65744 0.0306565 0.25924 5 249 0
0.6583 0.0336074 0.259078 5 249 0
0.659351 0.0383874 0.258671 5 249 0
0.660629 0.04311 0.258226 5 249 0
0.661694 0.0478356 0.25738 5 249 0
0.663458 0.0523678 0.256601 5 249 0
0.665112 0.0568324 0.255353 5 249 0
0.667041 0.061194 0.254144 5 249 0
0.666185 0.0632743 0.252912 5 249 0
0.664069 0.0667966 0.250797 5 249 0
0.661984 0.0703482 0.24873 5 249 0
0.659249 0.0735472 0.246819 5 249 0
0.65717 0.0771848 0.244855 5 249 0
0.654921 0.080722 0.242898 5 249 0
0.653044 0.0844487 0.240932 5 249 0
0.654215 0.0825908 0.241928 5 249 0
0.656847 0.0792572 0.243828 5 249 0
0.65944 0.0758983 0.245738 5 249 0
0.66194 0.0724836 0.247673 5 249 0
0.664379 0.0690885 0.249716 5 249 0
0.666941 0.0657893 0.251763 5 249 0
0.668637 0.0642859 0.252976 5 249 0
0.670099 0.0607509 0.255603 5 249 0
0.671681 0.0572623 0.258223 5 249 0
0.673598 0.0538862 0.260766 5 249 0
0.675729 0.0505973 0.26325 5 249 0
0.677643 0.0471163 0.265643 5 249 0
0.679649 0.0436985 0.268053 5 249 0
0.682473 0.0444685 0.269576 5 249 0
0.686593 0.0443049 0.27238 5 249 0
0.690747 0.0444921 0.275123 5 249 0
0.69496 0.044981 0.277748 5 249 0
0.699217 0.0457796 0.280202 5 249 0
0.696701 0.045026 0.278943 5 249 0
0.692107 0.044179 0.276146 5 249 0
0.687505 0.0430932 0.273432 5 249 0
0.682917 0.0417731 0.270813 5 249 0
0.68054 0.0417484 0.269335 5 249 0
0.67566 0.0412799 0.26671 5 249 0
0.67075 0.0411 0.264125 5 249 0
0.665826 0.0412622 0.261544 6 248 0
0.6609 0.0414698 0.258972 6 248 0
0.660478 0.033466 0.260736 6 248 0
0.66005 0.0285792 0.261645 6 248 0
0.659609 0.0236637 0.262377 6 248 0
0.659187 0.018756 0.263159 6 248 0
0.658945 0.0138471 0.26401 6 248 0
0.658535 0.00891712 0.264659 6 248 0
0.658187 0.00397641 0.265262 6 248 0
0.657818 -0.000963763 0.265856 6 248 0
0.657505 -0.00589787 0.266527 6 248 0
0.657203 -0.0108298 0.267219 6 248 0
0.656885 -0.0157555 0.267948 6 248 0
0.65661 -0.0206585 0.268825 6 248 0
0.656283 -0.0255593 0.269699 6 248 0
0.656014 -0.0304427 0.270681 6 248 0
0.654238 -0.0382054 0.272192 6 248 0
0.653482 -0.0432013 0.273616 6 248 0
0.65274 -0.0482438 0.274874 6 248 0
0.652059 -0.0533217 0.276016 6 248 0
0.651503 -0.0584432 0.277024 6 248 0
0.651025 -0.0635987 0.277887 6 248 0
0.650538 -0.068775 0.278615 6 248 0
0.650104 -0.073972 0.279211 6 248 0
0.649742 -0.0791916 0.279633 6 248 0
0.649357 -0.0844067 0.280086 6 248 0
0.649788 -0.0791045 0.279548 6 248 0
0.65009 -0.0738858 0.2792 6 248 0
0.650476 -0.0686792 0.278763 6 248 0
0.650976 -0.0634956 0.278194 6 248 0
0.65147 -0.0583423 0.277401 6 248 0
0.652387 -0.053255 0.276551 6 248 0
0.653435 -0.048228 0.275511 6 248 0
0.654518 -0.0432422 0.27432 6 248 0
0.655816 -0.032924 0.271463 6 248 0
0.656101 -0.0280613 0.270409 6 248 0
0.656073 -0.0231955 0.269338 6 248 0
0.6562 -0.0183278 0.268276 6 248 0
0.656328 -0.0134523 0.267247 6 248 0
0.656531 -0.00854782 0.266388 6 248 0
0.656634 -0.00364133 0.265524 6 248 0
0.65673 0.00126612 0.264661 6 248 0
0.656851 0.00617206 0.263791 6 248 0
0.656899 0.0110694 0.262864 6 248 0
0.656977 0.0159721 0.261974 6 248 0
0.657228 0.0208834 0.261161 6 248 0
0.657449 0.0257861 0.26029 6 248 0
0.65744 0.0306565 0.25924 6 248 0
0.6583 0.0336074 0.259078 6 248 0
0.659351 0.0383874 0.258671 6 248 0
0.660629 0.04311 0.258226 6 248 0
0.661694 0.0478356 0.25738 7 247 0
0.663458 0.0523678 0.256601 7 247 0
0.665112 0.0568324 0.255353 7 247 0
0.667041 0.061194 0.254144 7 247 0
0.666185 0.0632743 0.252912 7 247 0
0.664069 0.0667966 0.250797 7 247 0
0.661984 0.0703482 0.24873 7 247 0
0.659249 0.0735472 0.246819 7 247 0
0.65717 0.0771848 0.244855 7 247 0
0.654921 0.080722 0.242898 7 247 0
0.653044 0.0844487 0.240932 7 247 0
0.647979 0.0872416 0.24909 7 247 0
0.594926 0.0971966 0.198706 7 247 0
0.60108 0.0925958 0.192306 7 247 0
0.584202 -0.0364599 0.229139 7 247 0
0.583584 -0.0234463 0.223536 7 247 0
0.583277 -0.0186979 0.221745 7 247 0
0.582962 -0.0139161 0.220036 7 247 0
0.582727 -0.00913347 0.21832 7 247 0
0.582437 -0.00437386 0.216547 7 247 0
0.58216 0.000404775 0.214823 7 247 0
0.581807 0.00516481 0.213062 7 247 0
0.581506 0.00991459 0.211264 7 247 0
0.58134 0.0146816 0.209495 7 247 0
0.581043 0.0193997 0.207615 7 247 0
0.580939 0.0241516 0.2058 7 247 0
0.58071 0.0288313 0.203817 7 247 0
0.5806 0.0335201 0.201845 7 247 0
0.580508 0.0381988 0.199849 7 247 0
0.580344 0.0428496 0.197793 7 247 0
0.580257 0.0475023 0.195737 7 247 0
0.580264 0.052119 0.193599 7 247 0
0.580206 0.0567413 0.191477 7 247 0
0.578195 0.0561862 0.189972 7 247 0
0.573964 0.0544786 0.187501 7 247 0
0.569738 0.0528764 0.18496 7 247 0
0.56553 0.0514213 0.182296 7 247 0
0.561357 0.050158 0.179499 7 247 0
0.558947 0.0502959 0.17746 7 247 0
0.555587 0.0517952 0.174022 7 247 0
0.552192 0.0532149 0.17059 7 247 0
0.548674 0.0543361 0.167165 7 247 0
0.545237 0.055502 0.163674 7 247 0
0.541725 0.0564211 0.16019 7 247 0
0.544226 0.0561373 0.16267 7 247 0
0.547204 0.0542623 0.165984 7 247 0
0.550277 0.0525564 0.169306 7 247 0
0.55347 0.0510336 0.172604 7 247 0
0.556731 0.0496639 0.1759 7 247 0
0.558703 0.0491874 0.177757 7 247 0
0.562556 0.0487979 0.181156 7 247 0
0.566329 0.0481386 0.184581 8 246 0
0.570067 0.0472425 0.188011 8 246 0
0.5739 0.0464577 0.191366 8 246 0
0.577838 0.045918 0.194636 8 246 0
0.57603 0.0358883 0.198129 8 246 0
0.575404 0.0312308 0.199692 8 246 0
0.574765 0.02651 0.201047 8 246 0
0.574084 0.0217843 0.202366 8 246 0
0.573501 0.0170597 0.203732 8 246 0
0.572906 0.0123124 0.20501 8 246 0
0.572292 0.0075422 0.206194 8 246 0
0.571677 0.00275541 0.207307 8 246 0
0.571041 -0.00204202 0.208362 8 246 0
0.570401 -0.00683637 0.209429 8 246 0
0.569756 -0.0116269 0.21051 8 246 0
0.569117 -0.0164194 0.211586 8 246 0
0.568472 -0.0212093 0.212669 8 246 0
0.567785 -0.0259795 0.213812 8 246 0
0.566698 -0.0338289 0.215628 8 246 0
0.56619 -0.0386158 0.216472 8 246 0
0.565717 -0.0434155 0.217262 8 246 0
0.56523 -0.0482104 0.218074 8 246 0
0.564767 -0.0530156 0.218836 8 246 0
0.564305 -0.0578241 0.219578 8 246 0
0.56371 -0.0626363 0.22019 8 246 0
0.56315 -0.0674602 0.220741 8 246 0
0.56262 -0.0722936 0.221234 8 246 0
0.562047 -0.0771178 0.221765 8 246 0
0.561362 -0.0819327 0.222244 8 246 0
0.562122 -0.07713 0.222219 8 246 0
0.562812 -0.0719949 0.221478 8 246 0
0.563513 -0.0668376 0.220927 8 246 0
0.563996 -0.0616874 0.220128 8 246 0
0.564471 -0.0565356 0.219335 8 246 0
0.564906 -0.0513702 0.21861 8 246 0
0.565359 -0.0462084 0.217871 8 246 0
0.565825 -0.0410521 0.217101 8 246 0
0.567101 -0.0309478 0.21496 8 246 0
0.567779 -0.0261819 0.213819 8 246 0
0.568449 -0.0214098 0.2127 8 246 0
0.569088 -0.0166214 0.211634 8 246 0
0.569728 -0.0118354 0.210557 8 246 0
0.570372 -0.00705065 0.209477 8 246 0
0.571012 -0.00226235 0.208411 8 246 0
0.571771 0.00252699 0.207439 8 246 0
0.572591 0.00730805 0.206469 8 246 0
0.573406 0.0120752 0.205428 8 246 0
0.574246 0.0168258 0.204334 8 246 0
0.575108 0.0215591 0.203181 8 246 0
0.576007 0.0262846 0.202026 8 246 0
0.57698 0.0310056 0.200914 8 246 0
0.578207 0.0356615 0.199782 9 245 0
0.578777 0.0386632 0.198625 9 245 0
0.578812 0.0432885 0.196555 9 245 0
0.579173 0.0479785 0.194653 9 245 0
0.579122 0.0525724 0.192495 9 245 0
0.579575 0.057286 0.19068 9 245 0
0.579768 0.0619749 0.188757 9 245 0
0.580038 0.0667152 0.186978 9 245 0
0.581862 0.0695492 0.187113 9 245 0
0.585594 0.0734354 0.187963 9 245 0
0.589244 0.0774145 0.188806 9 245 0
0.592893 0.081364 0.189808 9 245 0
0.596264 0.0855736 0.190773 9 245 0
0.599449 0.0899067 0.191801 9 245 0
0.597475 0.0872125 0.191069 9 245 0
0.594267 0.084224 0.189745 9 245 0
0.59119 0.0809751 0.188704 9 245 0
0.587981 0.0778484 0.187684 9 245 0
0.584896 0.074525 0.186952 9 245 0
0.581573 0.0715388 0.18596 9 245 0
0.579564 0.0700047 0.185222 9 245 0
0.57644 0.0666997 0.184207 9 245 0
0.573286 0.0634511 0.18311 9 245 0
0.570293 0.0600154 0.182126 9 245 0
0.567173 0.0567082 0.181098 9 245 0
0.564017 0.0534405 0.180055 9 245 0
0.560713 0.0503841 0.178865 9 245 0
0.558947 0.0502959 0.17746 9 245 0
0.555493 0.0515913 0.174036 9 245 0
0.552126 0.0530764 0.170602 9 245 0
0.548608 0.0541976 0.167178 9 245 0
0.545211 0.055456 0.163682 9 245 0
0.541725 0.0564211 0.16019 9 245 0
0.544226 0.0561373 0.16267 9 245 0
0.547204 0.0542623 0.165984 9 245 0
0.550277 0.0525564 0.169306 9 245 0
0.55347 0.0510336 0.172604 9 245 0
0.556731 0.0496639 0.1759 9 245 0
0.558703 0.0491874 0.177757 9 245 0
0.562556 0.0487979 0.181156 9 245 0
0.566329 0.0481386 0.184581 9 245 0
0.570067 0.0472425 0.188011 9 245 0
0.5739 0.0464577 0.191366 9 245 0
0.577838 0.045918 0.194636 9 245 0
0.57603 0.0358883 0.198129 9 245 0
0.575404 0.0312308 0.199692 9 245 0
0.574765 0.02651 0.201047 9 245 0
0.574084 0.0217843 0.202366 9 245 0
0.573501 0.0170597 0.203732 9 245 0
0.572906 0.0123124 0.20501 9 245 0
0.572292 0.0075422 0.206194 9 245 0
0.571677 0.00275541 0.207307 10 244 0
0.571041 -0.00204202 0.208362 10 244 0
0.570401 -0.00683637 0.209429 10 244 0
0.569756 -0.0116269 0.21051 10 244 0
0.569117 -0.0164194 0.211586 10 244 0
0.568472 -0.0212093 0.212669 10 244 0
0.567785 -0.0259795 0.213812 10 244 0
0.566698 -0.0338289 0.215628 10 244 0
0.56619 -0.0386158 0.216472 10 244 0
0.565717 -0.0434155 0.217262 10 244 0
0.56523 -0.0482104 0.218074 10 244 0
0.564767 -0.0530156 0.218836 10 244 0
0.564305 -0.0578241 0.219578 10 244 0
0.56371 -0.0626363 0.22019 10 244 0
0.56315 -0.0674602 0.220741 10 244 0
0.56262 -0.0722936 0.221234 10 244 0
0.562047 -0.0771178 0.221765 10 244 0
0.561362 -0.0819327 0.222244 10 244 0
0.562122 -0.07713 0.222219 10 244 0
0.562812 -0.0719949 0.221478 10 244 0
0.563513 -0.0668376 0.220927 10 244 0
0.563996 -0.0616874 0.220128 10 244 0
0.564471 -0.0565356 0.219335 10 244 0
0.564906 -0.0513702 0.21861 10 244 0
0.565359 -0.0462084 0.217871 10 244 0
0.565825 -0.0410521 0.217101 10 244 0
0.567101 -0.0309478 0.21496 10 244 0
0.567779 -0.0261819 0.213819 10 244 0
0.568449 -0.0214098 0.2127 10 244 0
0.569088 -0.0166214 0.211634 10 244 0
0.569728 -0.0118354 0.210557 10 244 0
0.570372 -0.00705065 0.209477 10 244 0
0.571012 -0.00226235 0.208411 10 244 0
0.571771 0.00252699 0.207439 10 244 0
0.572591 0.00730805 0.206469 10 244 0
0.573406 0.0120752 0.205428 10 244 0
0.574246 0.0168258 0.204334 10 244 0
0.575108 0.0215591 0.203181 10 244 0
0.576007 0.0262846 0.202026 10 244 0
0.57698 0.0310056 0.200914 10 244 0
0.578207 0.0356615 0.199782 10 244 0
0.578777 0.0386632 0.198625 10 244 0
0.578812 0.0432885 0.196555 10 244 0
0.579173 0.0479785 0.194653 10 244 0
0.579122 0.0525724 0.192495 10 244 0
0.579575 0.057286 0.19068 10 244 0
0.579768 0.0619749 0.188757 10 244 0
0.580038 0.0667152 0.186978 10 244 0
0.581862 0.0695492 0.187113 10 244 0
0.585594 0.0734354 0.187963 10 244 0
0.589244 0.0774145 0.188806 10 244 0
0.592893 0.081364 0.189808 10 244 0
0.596264 0.0855736 0.190773 11 243 0
0.599449 0.0899067 0.191801 11 243 0
0.593365 0.0943603 0.19837 11 243 0
0.646522 0.0887085 0.248126 11 243 0
0.651672 0.0860294 0.239984 11 243 0
0.653044 0.0844487 0.240932 11 243 0
0.655645 0.0805753 0.243082 11 243 0
0.658283 0.0767185 0.245215 11 243 0
0.661082 0.072963 0.247323 11 243 0
0.66402 0.0693461 0.249484 11 243 0
0.666941 0.0657893 0.251763 11 243 0
0.668637 0.0642859 0.252976 11 243 0
0.670099 0.0607509 0.255603 11 243 0
0.671681 0.0572623 0.258223 11 243 0
0.673598 0.0538862 0.260766 11 243 0
0.675729 0.0505973 0.26325 11 243 0
0.677643 0.0471163 0.265643 11 243 0
0.679649 0.0436985 0.268053 11 243 0
0.682473 0.0444685 0.269576 11 243 0
0.686593 0.0443049 0.27238 11 243 0
0.690747 0.0444921 0.275123 11 243 0
0.69496 0.044981 0.277748 11 243 0
0.699217 0.0457796 0.280202 11 243 0
0.696701 0.045026 0.278943 11 243 0
0.692107 0.044179 0.276146 11 243 0
0.687505 0.0430932 0.273432 11 243 0
0.682917 0.0417731 0.270813 11 243 0
0.68054 0.0417484 0.269335 11 243 0
0.67566 0.0412799 0.26671 11 243 0
0.67075 0.0411 0.264125 11 243 0
0.665826 0.0412622 0.261544 11 243 0
0.6609 0.0414698 0.258972 11 243 0
0.660478 0.033466 0.260736 11 243 0
0.66005 0.0285792 0.261645 11 243 0
0.659609 0.0236637 0.262377 11 243 0
0.659187 0.018756 0.263159 11 243 0
0.658945 0.0138471 0.26401 11 243 0
0.658535 0.00891712 0.264659 11 243 0
0.658187 0.00397641 0.265262 11 243 0
0.657818 -0.000963763 0.265856 11 243 0
0.657505 -0.00589787 0.266527 11 243 0
0.657203 -0.0108298 0.267219 11 243 0
0.656885 -0.0157555 0.267948 11 243 0
0.65661 -0.0206585 0.268825 11 243 0
0.656283 -0.0255593 0.269699 11 243 0
0.656014 -0.0304427 0.270681 11 243 0
0.654238 -0.0382054 0.272192 11 243 0
0.653482 -0.0432013 0.273616 11 243 0
0.65274 -0.0482438 0.274874 11 243 0
0.652059 -0.0533217 0.276016 11 243 0
0.651503 -0.0584432 0.277024 11 243 0
0.651025 -0.0635987 0.277887 12 242 0
0.650538 -0.068775 0.278615 12 242 0
0.650104 -0.073972 0.279211 12 242 0
0.649742 -0.0791916 0.279633 12 242 0
0.649357 -0.0844067 0.280086 12 242 0
0.649788 -0.0791045 0.279548 12 242 0
0.65009 -0.0738858 0.2792 12 242 0
0.650476 -0.0686792 0.278763 12 242 0
0.650976 -0.0634956 0.278194 12 242 0
0.65147 -0.0583423 0.277401 12 242 0
0.652387 -0.053255 0.276551 12 242 0
0.653435 -0.048228 0.275511 12 242 0
0.654518 -0.0432422 0.27432 12 242 0
0.655816 -0.032924 0.271463 12 242 0
0.656101 -0.0280613 0.270409 12 242 0
0.656073 -0.0231955 0.269338 12 242 0
0.6562 -0.0183278 0.268276 12 242 0
0.656328 -0.0134523 0.267247 12 242 0
0.656531 -0.00854782 0.266388 12 242 0
0.656634 -0.00364133 0.265524 12 242 0
0.65673 0.00126612 0.264661 12 242 0
0.656851 0.00617206 0.263791 12 242 0
0.656899 0.0110694 0.262864 12 242 0
0.656977 0.0159721 0.261974 12 242 0
0.657228 0.0208834 0.261161 12 242 0
0.657449 0.0257861 0.26029 12 242 0
0.65744 0.0306565 0.25924 12 242 0
0.6583 0.0336074 0.259078 12 242 0
0.659351 0.0383874 0.258671 12 242 0
0.660629 0.04311 0.258226 12 242 0
0.661694 0.0478356 0.25738 12 242 0
0.663458 0.0523678 0.256601 12 242 0
0.665112 0.0568324 0.255353 12 242 0
0.667041 0.061194 0.254144 12 242 0
0.666185 0.0632743 0.252912 12 242 0
0.664069 0.0667966 0.250797 12 242 0
0.661984 0.0703482 0.24873 12 242 0
0.659249 0.0735472 0.246819 12 242 0
0.65717 0.0771848 0.244855 12 242 0
0.654921 0.080722 0.242898 12 242 0
0.653044 0.0844487 0.240932 12 242 0
0.654215 0.0825908 0.241928 12 242 0
0.656847 0.0792572 0.243828 12 242 0
0.65944 0.0758983 0.245738 12 242 0
0.66194 0.0724836 0.247673 12 242 0
0.664379 0.0690885 0.249716 12 242 0
0.666941 0.0657893 0.251763 12 242 0
0.668637 0.0642859 0.252976 12 242 0
0.670099 0.0607509 0.255603 12 242 0
0.671681 0.0572623 0.258223 12 242 0
0.673598 0.0538862 0.260766 12 242 0
0.675729 0.0505973 0.26325 13 241 0
0.677643 0.0471163 0.265643 13 241 0
0.679649 0.0436985 0.268053 13 241 0
0.682473 0.0444685 0.269576 13 241 0
0.686593 0.0443049 0.27238 13 241 0
0.690747 0.0444921 0.275123 13 241 0
0.69496 0.044981 0.277748 13 241 0
0.699217 0.0457796 0.280202 13 241 0
0.696701 0.045026 0.278943 13 241 0
0.692107 0.044179 0.276146 13 241 0
0.687505 0.0430932 0.273432 13 241 0
0.682917 0.0417731 0.270813 13 241 0
0.68054 0.0417484 0.269335 13 241 0
0.67566 0.0412799 0.26671 13 241 0
0.67075 0.0411 0.264125 13 241 0
0.665826 0.0412622 0.261544 13 241 0
0.6609 0.0414698 0.258972 13 241 0
0.660478 0.033466 0.260736 13 241 0
0.66005 0.0285792 0.261645 13 241 0
0.659609 0.0236637 0.262377 13 241 0
0.659187 0.018756 0.263159 13 241 0
0.658945 0.0138471 0.26401 13 241 0
0.658535 0.00891712 0.264659 13 241 0
0.658187 0.00397641 0.265262 13 241 0
0.657818 -0.000963763 0.265856 13 241 0
0.657505 -0.00589787 0.266527 13 241 0
0.657203 -0.0108298 0.267219 13 241 0
0.656885 -0.0157555 0.267948 13 241 0
0.65661 -0.0206585 0.268825 13 241 0
0.656283 -0.0255593 0.269699 13 241 0
0.656014 -0.0304427 0.270681 13 241 0
0.654238 -0.0382054 0.272192 13 241 0
0.653482 -0.0432013 0.273616 13 241 0
0.65274 -0.0482438 0.274874 13 241 0
0.652059 -0.0533217 0.276016 13 241 0
0.651503 -0.0584432 0.277024 13 241 0
0.651025 -0.0635987 0.277887 13 241 0
0.650538 -0.068775 0.278615 13 241 0
0.650104 -0.073972 0.279211 13 241 0
0.649742 -0.0791916 0.279633 13 241 0
0.649357 -0.0844067 0.280086 13 241 0
0.649788 -0.0791045 0.279548 13 241 0
0.65009 -0.0738858 0.2792 13 241 0
0.650476 -0.0686792 0.278763 13 241 0
0.650976 -0.0634956 0.278194 13 241 0
0.65147 -0.0583423 0.277401 13 241 0
0.652387 -0.053255 0.276551 13 241 0
0.653435 -0.048228 0.275511 13 241 0
0.654518 -0.0432422 0.27432 13 241 0
0.655816 -0.032924 0.271463 13 241 0
0.656101 -0.0280613 0.270409 13 241 0
0.656073 -0.0231955 0.269338 14 240 0
0.6562 -0.0183278 0.268276 14 240 0
0.656328 -0.0134523 0.267247 14 240 0
0.656531 -0.00854782 0.266388 14 240 0
0.656634 -0.00364133 0.265524 14 240 0
0.65673 0.00126612 0.264661 14 240 0
0.656851 0.00617206 0.263791 14 240 0
0.656899 0.0110694 0.262864 14 240 0
0.656977 0.0159721 0.261974 14 240 0
0.657228 0.0208834 0.261161 14 240 0
0.657449 0.0257861 0.26029 14 240 0
0.65744 0.0306565 0.25924 14 240 0
0.6583 0.0336074 0.259078 14 240 0
0.659351 0.0383874 0.258671 14 240 0
0.660629 0.04311 0.258226 14 240 0
0.661694 0.0478356 0.25738 14 240 0
0.663458 0.0523678 0.256601 14 240 0
0.665112 0.0568324 0.255353 14 240 0
0.667041 0.061194 0.254144 14 240 0
0.666185 0.0632743 0.252912 14 240 0
0.664069 0.0667966 0.250797 14 240 0
0.661984 0.0703482 0.24873 14 240 0
0.659249 0.0735472 0.246819 14 240 0
0.65717 0.0771848 0.244855 14 240 0
0.654921 0.080722 0.242898 14 240 0
0.653044 0.0844487 0.240932 14 240 0
0.647979 0.0872416 0.24909 14 240 0
0.594926 0.0971966 0.198706 14 240 0
0.60108 0.0925958 0.192306 14 240 0
0.584202 -0.0364599 0.229139 14 240 0
0.583584 -0.0234463 0.223536 14 240 0
0.583277 -0.0186979 0.221745 14 240 0
0.582962 -0.0139161 0.220036 14 240 0
0.582727 -0.00913347 0.21832 14 240 0
0.582437 -0.00437386 0.216547 14 240 0
0.58216 0.000404775 0.214823 14 240 0
0.581807 0.00516481 0.213062 14 240 0
0.581506 0.00991459 0.211264 14 240 0
0.58134 0.0146816 0.209495 14 240 0
0.581043 0.0193997 0.207615 14 240 0
0.580939 0.0241516 0.2058 14 240 0
0.58071 0.0288313 0.203817 14 240 0
0.5806 0.0335201 0.201845 14 240 0
0.580508 0.0381988 0.199849 14 240 0
0.580344 0.0428496 0.197793 14 240 0
0.580257 0.0475023 0.195737 14 240 0
0.580264 0.052119 0.193599 14 240 0
0.580206 0.0567413 0.191477 14 240 0
0.578195 0.0561862 0.189972 14 240 0
0.573964 0.0544786 0.187501 14 240 0
0.569738 0.0528764 0.18496 14 240 0
0.56553 0.0514213 0.182296 15 239 0
0.561357 0.050158 0.179499 15 239 0
0.558947 0.0502959 0.17746 15 239 0
0.555587 0.0517952 0.174022 15 239 0
0.552192 0.0532149 0.17059 15 239 0
0.548674 0.0543361 0.167165 15 239 0
0.545237 0.055502 0.163674 15 239 0
0.541725 0.0564211 0.16019 15 239 0
0.544226 0.0561373 0.16267 15 239 0
0.547204 0.0542623 0.165984 15 239 0
0.550277 0.0525564 0.169306 15 239 0
0.55347 0.0510336 0.172604 15 239 0
0.556731 0.0496639 0.1759 15 239 0
0.558703 0.0491874 0.177757 15 239 0
0.562556 0.0487979 0.181156 15 239 0
0.566329 0.0481386 0.184581 15 239 0
0.570067 0.0472425 0.188011 15 239 0
0.5739 0.0464577 0.191366 15 239 0
0.577838 0.045918 0.194636 15 239 0
0.57603 0.0358883 0.198129 15 239 0
0.575404 0.0312308 0.199692 15 239 0
0.574765 0.02651 0.201047 15 239 0
0.574084 0.0217843 0.202366 15 239 0
0.573501 0.0170597 0.203732 15 239 0
0.572906 0.0123124 0.20501 15 239 0
0.572292 0.0075422 0.206194 15 239 0
0.571677 0.00275541 0.207307 15 239 0
0.571041 -0.00204202 0.208362 15 239 0
0.570401 -0.00683637 0.209429 15 239 0
0.569756 -0.0116269 0.21051 15 239 0
0.569117 -0.0164194 0.211586 15 239 0
0.568472 -0.0212093 0.212669 15 239 0
0.567785 -0.0259795 0.213812 15 239 0
0.566698 -0.0338289 0.215628 15 239 0
0.56619 -0.0386158 0.216472 15 239 0
0.565717 -0.0434155 0.217262 15 239 0
0.56523 -0.0482104 0.218074 15 239 0
0.564767 -0.0530156 0.218836 15 239 0
0.564305 -0.0578241 0.219578 15 239 0
0.56371 -0.0626363 0.22019 15 239 0
0.56315 -0.0674602 0.220741 15 239 0
0.56262 -0.0722936 0.221234 15 239 0
0.562047 -0.0771178 0.221765 15 239 0
0.561362 -0.0819327 0.222244 15 239 0
0.562122 -0.07713 0.222219 15 239 0
0.562812 -0.0719949 0.221478 15 239 0
0.563513 -0.0668376 0.220927 15 239 0
0.563996 -0.0616874 0.220128 15 239 0
0.564471 -0.0565356 0.219335 15 239 0
0.564906 -0.0513702 0.21861 15 239 0
0.565359 -0.0462084 0.217871 15 239 0
0.565825 -0.0410521 0.217101 15 239 0
0.567101 -0.0309478 0.21496 16 238 0
0.567779 -0.0261819 0.213819 16 238 0
0.568449 -0.0214098 0.2127 16 238 0
0.569088 -0.0166214 0.211634 16 238 0
0.569728 -0.0118354 0.210557 16 238 0
0.570372 -0.00705065 0.209477 16 238 0
0.571012 -0.00226235 0.208411 16 238 0
0.571771 0.00252699 0.207439 16 238 0
0.572591 0.00730805 0.206469 16 238 0
0.573406 0.0120752 0.205428 16 238 0
0.574246 0.0168258 0.204334 16 238 0
0.575108 0.0215591 0.203181 16 238 0
0.576007 0.0262846 0.202026 16 238 0
0.57698 0.0310056 0.200914 16 238 0
0.578207 0.0356615 0.199782 16 238 0
0.578777 0.0386632 0.198625 16 238 0
0.578812 0.0432885 0.196555 16 238 0
0.579173 0.0479785 0.194653 16 238 0
0.579122 0.0525724 0.192495 16 238 0
0.579575 0.057286 0.19068 16 238 0
0.579768 0.0619749 0.188757 16 238 0
0.580038 0.0667152 0.186978 16 238 0
0.581862 0.0695492 0.187113 16 238 0
0.585594 0.0734354 0.187963 16 238 0
0.589244 0.0774145 0.188806 16 238 0
0.592893 0.081364 0.189808 16 238 0
0.596264 0.0855736 0.190773 16 238 0
0.599449 0.0899067 0.191801 16 238 0
0.597475 0.0872125 0.191069 16 238 0
0.594267 0.084224 0.189745 16 238 0
0.59119 0.0809751 0.188704 16 238 0
0.587981 0.0778484 0.187684 16 238 0
0.584896 0.074525 0.186952 16 238 0
0.581573 0.0715388 0.18596 16 238 0
0.579564 0.0700047 0.185222 16 238 0
0.57644 0.0666997 0.184207 16 238 0
0.573286 0.0634511 0.18311 16 238 0
0.570293 0.0600154 0.182126 16 238 0
0.567173 0.0567082 0.181098 16 238 0
0.564017 0.0534405 0.180055 16 238 0
0.560713 0.0503841 0.178865 16 238 0
0.558947 0.0502959 0.17746 16 238 0
0.555493 0.0515913 0.174036 16 238 0
0.552126 0.0530764 0.170602 16 238 0
0.548608 0.0541976 0.167178 16 238 0
0.545211 0.055456 0.163682 16 238 0
0.541725 0.0564211 0.16019 16 238 0
0.544226 0.0561373 0.16267 16 238 0
0.547204 0.0542623 0.165984 16 238 0
0.550277 0.0525564 0.169306 16 238 0
0.55347 0.0510336 0.172604 16 238 0
0.556731 0.0496639 0.1759 17 237 0
0.558703 0.0491874 0.177757 17 237 0
0.562556 0.0487979 0.181156 17 237 0
0.566329 0.0481386 0.184581 17 237 0
0.570067 0.0472425 0.188011 17 237 0
0.5739 0.0464577 0.191366 17 237 0
0.577838 0.045918 0.194636 17 237 0
0.57603 0.0358883 0.198129 17 237 0
0.575404 0.0312308 0.199692 17 237 0
0.574765 0.02651 0.201047 17 237 0
0.574084 0.0217843 0.202366 17 237 0
0.573501 0.0170597 0.203732 17 237 0
0.572906 0.0123124 0.20501 17 237 0
0.572292 0.0075422 0.206194 17 237 0
0.571677 0.00275541 0.207307 17 237 0
0.571041 -0.00204202 0.208362 17 237 0
0.570401 -0.00683637 0.209429 17 237 0
0.569756 -0.0116269 0.21051 17 237 0
0.569117 -0.0164194 0.211586 17 237 0
0.568472 -0.0212093 0.212669 17 237 0
0.567785 -0.0259795 0.213812 17 237 0
0.566698 -0.0338289 0.215628 17 237 0
0.56619 -0.0386158 0.216472 17 237 0
0.565717 -0.0434155 0.217262 17 237 0
0.56523 -0.0482104 0.218074 17 237 0
0.564767 -0.0530156 0.218836 17 237 0
0.564305 -0.0578241 0.219578 17 237 0
0.56371 -0.0626363 0.22019 17 237 0
0.56315 -0.0674602 0.220741 17 237 0
0.56262 -0.0722936 0.221234 17 237 0
0.562047 -0.0771178 0.221765 17 237 0
0.561362 -0.0819327 0.222244 17 237 0
0.562122 -0.07713 0.222219 17 237 0
0.562812 -0.0719949 0.221478 17 237 0
0.563513 -0.0668376 0.220927 17 237 0
0.563996 -0.0616874 0.220128 17 237 0
0.564471 -0.0565356 0.219335 17 237 0
0.564906 -0.0513702 0.21861 17 237 0
0.565359 -0.0462084 0.217871 17 237 0
0.565825 -0.0410521 0.217101 17 237 0
0.567101 -0.0309478 0.21496 17 237 0
0.567779 -0.0261819 0.213819 17 237 0
0.568449 -0.0214098 0.2127 17 237 0
0.569088 -0.0166214 0.211634 17 237 0
0.569728 -0.0118354 0.210557 17 237 0
0.570372 -0.00705065 0.209477 17 237 0
0.571012 -0.00226235 0.208411 17 237 0
0.571771 0.00252699 0.207439 17 237 0
0.572591 0.00730805 0.206469 17 237 0
0.573406 0.0120752 0.205428 17 237 0
0.574246 0.0168258 0.204334 17 237 0
0.575108 0.0215591 0.203181 18 236 0
0.576007 0.0262846 0.202026 18 236 0
0.57698 0.0310056 0.200914 18 236 0
0.578207 0.0356615 0.199782 18 236 0
0.578777 0.0386632 0.198625 18 236 0
0.578812 0.0432885 0.196555 18 236 0
0.579173 0.0479785 0.194653 18 236 0
0.579122 0.0525724 0.192495 18 236 0
0.579575 0.057286 0.19068 18 236 0
0.579768 0.0619749 0.188757 18 236 0
0.580038 0.0667152 0.186978 18 236 0
0.581862 0.0695492 0.187113 18 236 0
0.585594 0.0734354 0.187963 18 236 0
0.589244 0.0774145 0.188806 18 236 0
0.592893 0.081364 0.189808 18 236 0
0.596264 0.0855736 0.190773 18 236 0
0.599449 0.0899067 0.191801 18 236 0
0.593365 0.0943603 0.19837 18 236 0
0.646522 0.0887085 0.248126 18 236 0
0.651672 0.0860294 0.239984 18 236 0
0.653044 0.0844487 0.240932 18 236 0
0.655645 0.0805753 0.243082 18 236 0
0.658283 0.0767185 0.245215 18 236 0
0.661082 0.072963 0.247323 18 236 0
0.66402 0.0693461 0.249484 18 236 0
0.666941 0.0657893 0.251763 18 236 0
0.668637 0.0642859 0.252976 18 236 0
0.670099 0.0607509 0.255603 18 236 0
0.671681 0.0572623 0.258223 18 236 0
0.673598 0.0538862 0.260766 18 236 0
0.675729 0.0505973 0.26325 18 236 0
0.677643 0.0471163 0.265643 18 236 0
0.679649 0.0436985 0.268053 18 236 0
0.682473 0.0444685 0.269576 18 236 0
0.686593 0.0443049 0.27238 18 236 0
0.690747 0.0444921 0.275123 18 236 0
0.69496 0.044981 0.277748 18 236 0
0.699217 0.0457796 0.280202 18 236 0
0.696701 0.045026 0.278943 18 236 0
0.692107 0.044179 0.276146 18 236 0
0.687505 0.0430932 0.273432 18 236 0
0.682917 0.0417731 0.270813 18 236 0
0.68054 0.0417484 0.269335 18 236 0
0.67566 0.0412799 0.26671 18 236 0
0.67075 0.0411 0.264125 18 236 0
0.665826 0.0412622 0.261544 18 236 0
0.6609 0.0414698 0.258972 18 236 0
0.660478 0.033466 0.260736 18 236 0
0.66005 0.0285792 0.261645 18 236 0
0.659609 0.0236637 0.262377 18 236 0
0.659187 0.018756 0.263159 18 236 0
0.658945 0.0138471 0.26401 19 235 0
0.658535 0.00891712 0.264659 19 235 0
0.658187 0.00397641 0.265262 19 235 0
0.657818 -0.000963763 0.265856 19 235 0
0.657505 -0.00589787 0.266527 19 235 0
0.657203 -0.0108298 0.267219 19 235 0
0.656885 -0.0157555 0.267948 19 235 0
0.65661 -0.0206585 0.268825 19 235 0
0.656283 -0.0255593 0.269699 19 235 0
0.656014 -0.0304427 0.270681 19 235 0
0.654238 -0.0382054 0.272192 19 235 0
0.653482 -0.0432013 0.273616 19 235 0
0.65274 -0.0482438 0.274874 19 235 0
0.652059 -0.0533217 0.276016 19 235 0
0.651503 -0.0584432 0.277024 19 235 0
0.651025 -0.0635987 0.277887 19 235 0
0.650538 -0.068775 0.278615 19 235 0
0.650104 -0.073972 0.279211 19 235 0
0.649742 -0.0791916 0.279633 19 235 0
0.649357 -0.0844067 0.280086 19 235 0
0.649788 -0.0791045 0.279548 19 235 0
0.65009 -0.0738858 0.2792 19 235 0
0.650476 -0.0686792 0.278763 19 235 0
0.650976 -0.0634956 0.278194 19 235 0
0.65147 -0.0583423 0.277401 19 235 0
0.652387 -0.053255 0.276551 19 235 0
0.653435 -0.048228 0.275511 19 235 0
0.654518 -0.0432422 0.27432 19 235 0
0.655816 -0.032924 0.271463 19 235 0
0.656101 -0.0280613 0.270409 19 235 0
0.656073 -0.0231955 0.269338 19 235 0
0.6562 -0.0183278 0.268276 19 235 0
0.656328 -0.0134523 0.267247 19 235 0
0.656531 -0.00854782 0.266388 19 235 0
0.656634 -0.00364133 0.265524 19 235 0
0.65673 0.00126612 0.264661 19 235 0
0.656851 0.00617206 0.263791 19 235 0
0.656899 0.0110694 0.262864 19 235 0
0.656977 0.0159721 0.261974 19 235 0
0.657228 0.0208834 0.261161 19 235 0
0.657449 0.0257861 0.26029 19 235 0
0.65744 0.0306565 0.25924 19 235 0
0.6583 0.0336074 0.259078 19 235 0
0.659351 0.0383874 0.258671 19 235 0
0.660629 0.04311 0.258226 19 235 0
0.661694 0.0478356 0.25738 19 235 0
0.663458 0.0523678 0.256601 19 235 0
0.665112 0.0568324 0.255353 19 235 0
0.667041 0.061194 0.254144 19 235 0
0.666185 0.0632743 0.252912 19 235 0
0.664069 0.0667966 0.250797 19 235 0
0.661984 0.0703482 0.24873 20 234 0
0.659249 0.0735472 0.246819 20 234 0
0.65717 0.0771848 0.244855 20 234 0
0.654921 0.080722 0.242898 20 234 0
0.653044 0.0844487 0.240932 20 234 0
0.654215 0.0825908 0.241928 20 234 0
0.656847 0.0792572 0.243828 20 234 0
0.65944 0.0758983 0.245738 20 234 0
0.66194 0.0724836 0.247673 20 234 0
0.664379 0.0690885 0.249716 20 234 0
0.666941 0.0657893 0.251763 20 234 0
0.668637 0.0642859 0.252976 20 234 0
0.670099 0.0607509 0.255603 20 234 0
0.671681 0.0572623 0.258223 20 234 0
0.673598 0.0538862 0.260766 20 234 0
0.675729 0.0505973 0.26325 20 234 0
0.677643 0.0471163 0.265643 20 234 0
0.679649 0.0436985 0.268053 20 234 0
0.682473 0.0444685 0.269576 20 234 0
0.686593 0.0443049 0.27238 20 234 0
0.690747 0.0444921 0.275123 20 234 0
0.69496 0.044981 0.277748 20 234 0
0.699217 0.0457796 0.280202 20 234 0
0.696701 0.045026 0.278943 20 234 0
0.692107 0.044179 0.276146 20 234 0
0.687505 0.0430932 0.273432 20 234 0
0.682917 0.0417731 0.270813 20 234 0
0.68054 0.0417484 0.269335 20 234 0
0.67566 0.0412799 0.26671 20 234 0
0.67075 0.0411 0.264125 20 234 0
0.665826 0.0412622 0.261544 20 234 0
0.6609 0.0414698 0.258972 20 234 0
0.660478 0.033466 0.260736 20 234 0
0.66005 0.0285792 0.261645 20 234 0
0.659609 0.0236637 0.262377 20 234 0
0.659187 0.018756 0.263159 20 234 0
0.658945 0.0138471 0.26401 20 234 0
0.658535 0.00891712 0.264659 20 234 0
0.658187 0.00397641 0.265262 20 234 0
0.657818 -0.000963763 0.265856 20 234 0
0.657505 -0.00589787 0.266527 20 234 0
0.657203 -0.0108298 0.267219 20 234 0
0.656885 -0.0157555 0.267948 20 234 0
0.65661 -0.0206585 0.268825 20 234 0
0.656283 -0.0255593 0.269699 20 234 0
0.656014 -0.0304427 0.270681 20 234 0
0.654238 -0.0382054 0.272192 20 234 0
0.653482 -0.0432013 0.273616 20 234 0
0.65274 -0.0482438 0.274874 20 234 0
0.652059 -0.0533217 0.276016 20 234 0
0.651503 -0.0584432 0.277024 20 234 0
0.651025 -0.0635987 0.277887 20 234 0
0.650538 -0.068775 0.278615 21 233 0
0.650104 -0.073972 0.279211 21 233 0
0.649742 -0.0791916 0.279633 21 233 0
0.649357 -0.0844067 0.280086 21 233 0
0.649788 -0.0791045 0.279548 21 233 0
0.65009 -0.0738858 0.2792 21 233 0
0.650476 -0.0686792 0.278763 21 233 0
0.650976 -0.0634956 0.278194 21 233 0
0.65147 -0.0583423 0.277401 21 233 0
0.652387 -0.053255 0.276551 21 233 0
0.653435 -0.048228 0.275511 21 233 0
0.654518 -0.0432422 0.27432 21 233 0
0.655816 -0.032924 0.271463 21 233 0
0.656101 -0.0280613 0.270409 21 233 0
0.656073 -0.0231955 0.269338 21 233 0
0.6562 -0.0183278 0.268276 21 233 0
0.656328 -0.0134523 0.267247 21 233 0
0.656531 -0.00854782 0.266388 21 233 0
0.656634 -0.00364133 0.265524 21 233 0
0.65673 0.00126612 0.264661 21 233 0
0.656851 0.00617206 0.263791 21 233 0
0.656899 0.0110694 0.262864 21 233 0
0.656977 0.0159721 0.261974 21 233 0
0.657228 0.0208834 0.261161 21 233 0
0.657449 0.0257861 0.26029 21 233 0
0.65744 0.0306565 0.25924 21 233 0
0.6583 0.0336074 0.259078 21 233 0
0.659351 0.0383874 0.258671 21 233 0
0.660629 0.04311 0.258226 21 233 0
0.661694 0.0478356 0.25738 21 233 0
0.663458 0.0523678 0.256601 21 233 0
0.665112 0.0568324 0.255353 21 233 0
0.667041 0.061194 0.254144 21 233 0
0.666185 0.0632743 0.252912 21 233 0
0.664069 0.0667966 0.250797 21 233 0
0.661984 0.0703482 0.24873 21 233 0
0.659249 0.0735472 0.246819 21 233 0
0.65717 0.0771848 0.244855 21 233 0
0.654921 0.080722 0.242898 21 233 0
0.653044 0.0844487 0.240932 21 233 0
0.647979 0.0872416 0.24909 21 233 0
0.594926 0.0971966 0.198706 21 233 0
0.60108 0.0925958 0.192306 21 233 0
0.584202 -0.0364599 0.229139 21 233 0
0.583584 -0.0234463 0.223536 21 233 0
0.583277 -0.0186979 0.221745 21 233 0
0.582962 -0.0139161 0.220036 21 233 0
0.582727 -0.00913347 0.21832 21 233 0
0.582437 -0.00437386 0.216547 21 233 0
0.58216 0.000404775 0.214823 21 233 0
0.581807 0.00516481 0.213062 21 233 0
0.581506 0.00991459 0.211264 22 232 0
0.58134 0.0146816 0.209495 22 232 0
0.581043 0.0193997 0.207615 22 232 0
0.580939 0.0241516 0.2058 22 232 0
0.58071 0.0288313 0.203817 22 232 0
0.5806 0.0335201 0.201845 22 232 0
0.580508 0.0381988 0.199849 22 232 0
0.580344 0.0428496 0.197793 22 232 0
0.580257 0.0475023 0.195737 22 232 0
0.580264 0.052119 0.193599 22 232 0
0.580206 0.0567413 0.191477 22 232 0
0.578195 0.0561862 0.189972 22 232 0
0.573964 0.0544786 0.187501 22 232 0
0.569738 0.0528764 0.18496 22 232 0
0.56553 0.0514213 0.182296 22 232 0
0.561357 0.050158 0.179499 22 232 0
0.558947 0.0502959 0.17746 22 232 0
0.555587 0.0517952 0.174022 22 232 0
0.552192 0.0532149 0.17059 22 232 0
0.548674 0.0543361 0.167165 22 232 0
0.545237 0.055502 0.163674 22 232 0
0.541725 0.0564211 0.16019 22 232 0
0.544226 0.0561373 0.16267 22 232 0
0.547204 0.0542623 0.165984 22 232 0
0.550277 0.0525564 0.169306 22 232 0
0.55347 0.0510336 0.172604 22 232 0
0.556731 0.0496639 0.1759 22 232 0
0.558703 0.0491874 0.177757 22 232 0
0.562556 0.0487979 0.181156 22 232 0
0.566329 0.0481386 0.184581 22 232 0
0.570067 0.0472425 0.188011 22 232 0
0.5739 0.0464577 0.191366 22 232 0
0.577838 0.045918 0.194636 22 232 0
0.57603 0.0358883 0.198129 22 232 0
0.575404 0.0312308 0.199692 22 232 0
0.574765 0.02651 0.201047 22 232 0
0.574084 0.0217843 0.202366 22 232 0
0.573501 0.0170597 0.203732 22 232 0
0.572906 0.0123124 0.20501 22 232 0
0.572292 0.0075422 0.206194 22 232 0
0.571677 0.00275541 0.207307 22 232 0
0.571041 -0.00204202 0.208362 22 232 0
0.570401 -0.00683637 0.209429 22 232 0
0.569756 -0.0116269 0.21051 22 232 0
0.569117 -0.0164194 0.211586 22 232 0
0.568472 -0.0212093 0.212669 22 232 0
0.567785 -0.0259795 0.213812 22 232 0
0.566698 -0.0338289 0.215628 22 232 0
0.56619 -0.0386158 0.216472 22 232 0
0.565717 -0.0434155 0.217262 22 232 0
0.56523 -0.0482104 0.218074 22 232 0
0.564767 -0.0530156 0.218836 23 231 0
0.564305 -0.0578241 0.219578 23 231 0
0.56371 -0.0626363 0.22019 23 231 0
0.56315 -0.0674602 0.220741 23 231 0
0.56262 -0.0722936 0.221234 23 231 0
0.562047 -0.0771178 0.221765 23 231 0
0.561362 -0.0819327 0.222244 23 231 0
0.562122 -0.07713 0.222219 23 231 0
0.562812 -0.0719949 0.221478 23 231 0
0.563513 -0.0668376 0.220927 23 231 0
0.563996 -0.0616874 0.220128 23 231 0
0.564471 -0.0565356 0.219335 23 231 0
0.564906 -0.0513702 0.21861 23 231 0
0.565359 -0.0462084 0.217871 23 231 0
0.565825 -0.0410521 0.217101 23 231 0
0.567101 -0.0309478 0.21496 23 231 0
0.567779 -0.0261819 0.213819 23 231 0
0.568449 -0.0214098 0.2127 23 231 0
0.569088 -0.0166214 0.211634 23 231 0
0.569728 -0.0118354 0.210557 23 231 0
0.570372 -0.00705065 0.209477 23 231 0
0.571012 -0.00226235 0.208411 23 231 0
0.571771 0.00252699 0.207439 23 231 0
0.572591 0.00730805 0.206469 23 231 0
0.573406 0.0120752 0.205428 23 231 0
0.574246 0.0168258 0.204334 23 231 0
0.575108 0.0215591 0.203181 23 231 0
0.576007 0.0262846 0.202026 23 231 0
0.57698 0.0310056 0.200914 23 231 0
0.578207 0.0356615 0.199782 23 231 0
0.578777 0.0386632 0.198625 23 231 0
0.578812 0.0432885 0.196555 23 231 0
0.579173 0.0479785 0.194653 23 231 0
0.579122 0.0525724 0.192495 23 231 0
0.579575 0.057286 0.19068 23 231 0
0.579768 0.0619749 0.188757 23 231 0
0.580038 0.0667152 0.186978 23 231 0
0.581862 0.0695492 0.187113 23 231 0
0.585594 0.0734354 0.187963 23 231 0
0.589244 0.0774145 0.188806 23 231 0
0.592893 0.081364 0.189808 23 231 0
0.596264 0.0855736 0.190773 23 231 0
0.599449 0.0899067 0.191801 23 231 0
0.597475 0.0872125 0.191069 23 231 0
0.594267 0.084224 0.189745 23 231 0
0.59119 0.0809751 0.188704 23 231 0
0.587981 0.0778484 0.187684 23 231 0
0.584896 0.074525 0.186952 23 231 0
0.581573 0.0715388 0.18596 23 231 0
0.579564 0.0700047 0.185222 23 231 0
0.57644 0.0666997 0.184207 23 231 0
0.573286 0.0634511 0.18311 24 230 0
0.570293 0.0600154 0.182126 24 230 0
0.567173 0.0567082 0.181098 24 230 0
0.564017 0.0534405 0.180055 24 230 0
0.560713 0.0503841 0.178865 24 230 0
0.558947 0.0502959 0.17746 24 230 0
0.555493 0.0515913 0.174036 24 230 0
0.552126 0.0530764 0.170602 24 230 0
0.548608 0.0541976 0.167178 24 230 0
0.545211 0.055456 0.163682 24 230 0
0.541725 0.0564211 0.16019 24 230 0
0.544226 0.0561373 0.16267 24 230 0
0.547204 0.0542623 0.165984 24 230 0
0.550277 0.0525564 0.169306 24 230 0
0.55347 0.0510336 0.172604 24 230 0
0.556731 0.0496639 0.1759 24 230 0
0.558703 0.0491874 0.177757 24 230 0
0.562556 0.0487979 0.181156 24 230 0
0.566329 0.0481386 0.184581 24 230 0
0.570067 0.0472425 0.188011 24 230 0
0.5739 0.0464577 0.191366 24 230 0
0.577838 0.045918 0.194636 24 230 0
0.57603 0.0358883 0.198129 24 230 0
0.575404 0.0312308 0.199692 24 230 0
0.574765 0.02651 0.201047 24 230 0
0.574084 0.0217843 0.202366 24 230 0
0.573501 0.0170597 0.203732 24 230 0
0.572906 0.0123124 0.20501 24 230 0
0.572292 0.0075422 0.206194 24 230 0
0.571677 0.00275541 0.207307 24 230 0
0.571041 -0.00204202 0.208362 24 230 0
0.570401 -0.00683637 0.209429 24 230 0
0.569756 -0.0116269 0.21051 24 230 0
0.569117 -0.0164194 0.211586 24 230 0
0.568472 -0.0212093 0.212669 24 230 0
0.567785 -0.0259795 0.213812 24 230 0
0.566698 -0.0338289 0.215628 24 230 0
0.56619 -0.0386158 0.216472 24 230 0
0.565717 -0.0434155 0.217262 24 230 0
0.56523 -0.0482104 0.218074 24 230 0
0.564767 -0.0530156 0.218836 24 230 0
0.564305 -0.0578241 0.219578 24 230 0
0.56371 -0.0626363 0.22019 24 230 0
0.56315 -0.0674602 0.220741 24 230 0
0.56262 -0.0722936 0.221234 24 230 0
0.562047 -0.0771178 0.221765 24 230 0
0.561362 -0.0819327 0.222244 24 230 0
0.562122 -0.07713 0.222219 24 230 0
0.562812 -0.0719949 0.221478 24 230 0
0.563513 -0.0668376 0.220927 24 230 0
0.563996 -0.0616874 0.220128 24 230 0
0.564471 -0.0565356 0.219335 25 229 0
0.564906 -0.0513702 0.21861 25 229 0
0.565359 -0.0462084 0.217871 25 229 0
0.565825 -0.0410521 0.217101 25 229 0
0.567101 -0.0309478 0.21496 25 229 0
0.567779 -0.0261819 0.213819 25 229 0
0.568449 -0.0214098 0.2127 25 229 0
0.569088 -0.0166214 0.211634 25 229 0
0.569728 -0.0118354 0.210557 25 229 0
0.570372 -0.00705065 0.209477 25 229 0
0.571012 -0.00226235 0.208411 25 229 0
0.571771 0.00252699 0.207439 25 229 0
0.572591 0.00730805 0.206469 25 229 0
0.573406 0.0120752 0.205428 25 229 0
0.574246 0.0168258 0.204334 25 229 0
0.575108 0.0215591 0.203181 25 229 0
0.576007 0.0262846 0.202026 25 229 0
0.57698 0.0310056 0.200914 25 229 0
0.578207 0.0356615 0.199782 25 229 0
0.578777 0.0386632 0.198625 25 229 0
0.578812 0.0432885 0.196555 25 229 0
0.579173 0.0479785 0.194653 25 229 0
0.579122 0.0525724 0.192495 25 229 0
0.579575 0.057286 0.19068 25 229 0
0.579768 0.0619749 0.188757 25 229 0
0.580038 0.0667152 0.186978 25 229 0
0.581862 0.0695492 0.187113 25 229 0
0.585594 0.0734354 0.187963 25 229 0
0.589244 0.0774145 0.188806 25 229 0
0.592893 0.081364 0.189808 25 229 0
0.596264 0.0855736 0.190773 25 229 0
0.599449 0.0899067 0.191801 25 229 0
0.593365 0.0943603 0.19837 25 229 0
0.646522 0.0887085 0.248126 25 229 0
0.651672 0.0860294 0.239984 25 229 0
0.653044 0.0844487 0.240932 25 229 0
0.655645 0.0805753 0.243082 25 229 0
0.658283 0.0767185 0.245215 25 229 0
0.661082 0.072963 0.247323 25 229 0
0.66402 0.0693461 0.249484 25 229 0
0.666941 0.0657893 0.251763 25 229 0
0.668637 0.0642859 0.252976 25 229 0
0.670099 0.0607509 0.255603 25 229 0
0.671681 0.0572623 0.258223 25 229 0
0.673598 0.0538862 0.260766 25 229 0
0.675729 0.0505973 0.26325 25 229 0
0.677643 0.0471163 0.265643 25 229 0
0.679649 0.0436985 0.268053 25 229 0
0.682473 0.0444685 0.269576 25 229 0
0.686593 0.0443049 0.27238 25 229 0
0.690747 0.0444921 0.275123 25 229 0
0.69496 0.044981 0.277748 26 228 0
0.699217 0.0457796 0.280202 26 228 0
0.696701 0.045026 0.278943 26 228 0
0.692107 0.044179 0.276146 26 228 0
0.687505 0.0430932 0.273432 26 228 0
0.682917 0.0417731 0.270813 26 228 0
0.68054 0.0417484 0.269335 26 228 0
0.67566 0.0412799 0.26671 26 228 0
0.67075 0.0411 0.264125 26 228 0
0.665826 0.0412622 0.261544 26 228 0
0.6609 0.0414698 0.258972 26 228 0
0.660478 0.033466 0.260736 26 228 0
0.66005 0.0285792 0.261645 26 228 0
0.659609 0.0236637 0.262377 26 228 0
0.659187 0.018756 0.263159 26 228 0
0.658945 0.0138471 0.26401 26 228 0
0.658535 0.00891712 0.264659 26 228 0
0.658187 0.00397641 0.265262 26 228 0
0.657818 -0.000963763 0.265856 26 228 0
0.657505 -0.00589787 0.266527 26 228 0
0.657203 -0.0108298 0.267219 26 228 0
0.656885 -0.0157555 0.267948 26 228 0
0.65661 -0.0206585 0.268825 26 228 0
0.656283 -0.0255593 0.269699 26 228 0
0.656014 -0.0304427 0.270681 26 228 0
0.654238 -0.0382054 0.272192 26 228 0
0.653482 -0.0432013 0.273616 26 228 0
0.65274 -0.0482438 0.274874 26 228 0
0.652059 -0.0533217 0.276016 26 228 0
0.651503 -0.0584432 0.277024 26 228 0
0.651025 -0.0635987 0.277887 26 228 0
0.650538 -0.068775 0.278615 26 228 0
0.650104 -0.073972 0.279211 26 228 0
0.649742 -0.0791916 0.279633 26 228 0
0.649357 -0.0844067 0.280086 26 228 0
0.649788 -0.0791045 0.279548 26 228 0
0.65009 -0.0738858 0.2792 26 228 0
0.650476 -0.0686792 0.278763 26 228 0
0.650976 -0.0634956 0.278194 26 228 0
0.65147 -0.0583423 0.277401 26 228 0
0.652387 -0.053255 0.276551 26 228 0
0.653435 -0.048228 0.275511 26 228 0
0.654518 -0.0432422 0.27432 26 228 0
0.655816 -0.032924 0.271463 26 228 0
0.656101 -0.0280613 0.270409 26 228 0
0.656073 -0.0231955 0.269338 26 228 0
0.6562 -0.0183278 0.268276 26 228 0
0.656328 -0.0134523 0.267247 26 228 0
0.656531 -0.00854782 0.266388 26 228 0
0.656634 -0.00364133 0.265524 26 228 0
0.65673 0.00126612 0.264661 26 228 0
0.656851 0.00617206 0.263791 26 228 0
0.656899 0.0110694 0.262864 27 227 0
0.656977 0.0159721 0.261974 27 227 0
0.657228 0.0208834 0.261161 27 227 0
0.657449 0.0257861 0.26029 27 227 0
0.65744 0.0306565 0.25924 27 227 0
0.6583 0.0336074 0.259078 27 227 0
0.659351 0.0383874 0.258671 27 227 0
0.660629 0.04311 0.258226 27 227 0
0.661694 0.0478356 0.25738 27 227 0
0.663458 0.0523678 0.256601 27 227 0
0.665112 0.0568324 0.255353 27 227 0
0.667041 0.061194 0.254144 27 227 0
0.666185 0.0632743 0.252912 27 227 0
0.664069 0.0667966 0.250797 27 227 0
0.661984 0.0703482 0.24873 27 227 0
0.659249 0.0735472 0.246819 27 227 0
0.65717 0.0771848 0.244855 27 227 0
0.654921 0.080722 0.242898 27 227 0
0.653044 0.0844487 0.240932 27 227 0
0.654215 0.0825908 0.241928 27 227 0
0.656847 0.0792572 0.243828 27 227 0
0.65944 0.0758983 0.245738 27 227 0
0.66194 0.0724836 0.247673 27 227 0
0.664379 0.0690885 0.249716 27 227 0
0.666941 0.0657893 0.251763 27 227 0
0.668637 0.0642859 0.252976 27 227 0
0.670099 0.0607509 0.255603 27 227 0
0.671681 0.0572623 0.258223 27 227 0
0.673598 0.0538862 0.260766 27 227 0
0.675729 0.0505973 0.26325 27 227 0
0.677643 0.0471163 0.265643 27 227 0
0.679649 0.0436985 0.268053 27 227 0
0.682473 0.0444685 0.269576 27 227 0
0.686593 0.0443049 0.27238 27 227 0
0.690747 0.0444921 0.275123 27 227 0
0.69496 0.044981 0.277748 27 227 0
0.699217 0.0457796 0.280202 27 227 0
0.696701 0.045026 0.278943 27 227 0
0.692107 0.044179 0.276146 27 227 0
0.687505 0.0430932 0.273432 27 227 0
0.682917 0.0417731 0.270813 27 227 0
0.68054 0.0417484 0.269335 27 227 0
0.67566 0.0412799 0.26671 27 227 0
0.67075 0.0411 0.264125 27 227 0
0.665826 0.0412622 0.261544 27 227 0
0.6609 0.0414698 0.258972 27 227 0
0.660478 0.033466 0.260736 27 227 0
0.66005 0.0285792 0.261645 27 227 0
0.659609 0.0236637 0.262377 27 227 0
0.659187 0.018756 0.263159 27 227 0
0.658945 0.0138471 0.26401 27 227 0
0.658535 0.00891712 0.264659 28 226 0
0.658187 0.00397641 0.265262 28 226 0
0.657818 -0.000963763 0.265856 28 226 0
0.657505 -0.00589787 0.266527 28 226 0
0.657203 -0.0108298 0.267219 28 226 0
0.656885 -0.0157555 0.267948 28 226 0
0.65661 -0.0206585 0.268825 28 226 0
0.656283 -0.0255593 0.269699 28 226 0
0.656014 -0.0304427 0.270681 28 226 0
0.654238 -0.0382054 0.272192 28 226 0
0.653482 -0.0432013 0.273616 28 226 0
0.65274 -0.0482438 0.274874 28 226 0
0.652059 -0.0533217 0.276016 28 226 0
0.651503 -0.0584432 0.277024 28 226 0
0.651025 -0.0635987 0.277887 28 226 0
0.650538 -0.068775 0.278615 28 226 0
0.650104 -0.073972 0.279211 28 226 0
0.649742 -0.0791916 0.279633 28 226 0
0.649357 -0.0844067 0.280086 28 226 0
0.649788 -0.0791045 0.279548 28 226 0
0.65009 -0.0738858 0.2792 28 226 0
0.650476 -0.0686792 0.278763 28 226 0
0.650976 -0.0634956 0.278194 28 226 0
0.65147 -0.0583423 0.277401 28 226 0
0.652387 -0.053255 0.276551 28 226 0
0.653435 -0.048228 0.275511 28 226 0
0.654518 -0.0432422 0.27432 28 226 0
0.655816 -0.032924 0.271463 28 226 0
0.656101 -0.0280613 0.270409 28 226 0
0.656073 -0.0231955 0.269338 28 226 0
0.6562 -0.0183278 0.268276 28 226 0
0.656328 -0.0134523 0.267247 28 226 0
0.656531 -0.00854782 0.266388 28 226 0
0.656634 -0.00364133 0.265524 28 226 0
0.65673 0.00126612 0.264661 28 226 0
0.656851 0.00617206 0.263791 28 226 0
0.656899 0.0110694 0.262864 28 226 0
0.656977 0.0159721 0.261974 28 226 0
0.657228 0.0208834 0.261161 28 226 0
0.657449 0.0257861 0.26029 28 226 0
0.65744 0.0306565 0.25924 28 226 0
0.6583 0.0336074 0.259078 28 226 0
0.659351 0.0383874 0.258671 28 226 0
0.660629 0.04311 0.258226 28 226 0
0.661694 0.0478356 0.25738 28 226 0
0.663458 0.0523678 0.256601 28 226 0
0.665112 0.0568324 0.255353 28 226 0
0.667041 0.061194 0.254144 28 226 0
0.666185 0.0632743 0.252912 28 226 0
0.664069 0.0667966 0.250797 28 226 0
0.661984 0.0703482 0.24873 28 226 0
0.659249 0.0735472 0.246819 29 225 0
0.65717 0.0771848 0.244855 29 225 0
0.654921 0.080722 0.242898 29 225 0
0.653044 0.0844487 0.240932 29 225 0
0.647979 0.0872416 0.24909 29 225 0
0.594926 0.0971966 0.198706 29 225 0
0.60108 0.0925958 0.192306 29 225 0
0.584202 -0.0364599 0.229139 29 225 0
0.583584 -0.0234463 0.223536 29 225 0
0.583277 -0.0186979 0.221745 29 225 0
0.582962 -0.0139161 0.220036 29 225 0
0.582727 -0.00913347 0.21832 29 225 0
0.582437 -0.00437386 0.216547 29 225 0
0.58216 0.000404775 0.214823 29 225 0
0.581807 0.00516481 0.213062 29 225 0
0.581506 0.00991459 0.211264 29 225 0
0.58134 0.0146816 0.209495 29 225 0
0.581043 0.0193997 0.207615 29 225 0
0.580939 0.0241516 0.2058 29 225 0
0.58071 0.0288313 0.203817 29 225 0
0.5806 0.0335201 0.201845 29 225 0
0.580508 0.0381988 0.199849 29 225 0
0.580344 0.0428496 0.197793 29 225 0
0.580257 0.0475023 0.195737 29 225 0
0.580264 0.052119 0.193599 29 225 0
0.580206 0.0567413 0.191477 29 225 0
0.578195 0.0561862 0.189972 29 225 0
0.573964 0.0544786 0.187501 29 225 0
0.569738 0.0528764 0.18496 29 225 0
0.56553 0.0514213 0.182296 29 225 0
0.561357 0.050158 0.179499 29 225 0
0.558947 0.0502959 0.17746 29 225 0
0.555587 0.0517952 0.174022 29 225 0
0.552192 0.0532149 0.17059 29 225 0
0.548674 0.0543361 0.167165 29 225 0
0.545237 0.055502 0.163674 29 225 0
0.541725 0.0564211 0.16019 29 225 0
0.544226 0.0561373 0.16267 29 225 0
0.547204 0.0542623 0.165984 29 225 0
0.550277 0.0525564 0.169306 29 225 0
0.55347 0.0510336 0.172604 29 225 0
0.556731 0.0496639 0.1759 29 225 0
0.558703 0.0491874 0.177757 29 225 0
0.562556 0.0487979 0.181156 29 225 0
0.566329 0.0481386 0.184581 29 225 0
0.570067 0.0472425 0.188011 29 225 0
0.5739 0.0464577 0.191366 29 225 0
0.577838 0.045918 0.194636 29 225 0
0.57603 0.0358883 0.198129 29 225 0
0.575404 0.0312308 0.199692 29 225 0
0.574765 0.02651 0.201047 29 225 0
0.574084 0.0217843 0.202366 30 224 0
0.573501 0.0170597 0.203732 30 224 0
0.572906 0.0123124 0.20501 30 224 0
0.572292 0.0075422 0.206194 30 224 0
0.571677 0.00275541 0.207307 30 224 0
0.571041 -0.00204202 0.208362 30 224 0
0.570401 -0.00683637 0.209429 30 224 0
0.569756 -0.0116269 0.21051 30 224 0
0.569117 -0.0164194 0.211586 30 224 0
0.568472 -0.0212093 0.212669 30 224 0
0.567785 -0.0259795 0.213812 30 224 0
0.566698 -0.0338289 0.215628 30 224 0
0.56619 -0.0386158 0.216472 30 224 0
0.565717 -0.0434155 0.217262 30 224 0
0.56523 -0.0482104 0.218074 30 224 0
0.564767 -0.0530156 0.218836 30 224 0
0.564305 -0.0578241 0.219578 30 224 0
0.56371 -0.0626363 0.22019 30 224 0
0.56315 -0.0674602 0.220741 30 224 0
0.56262 -0.0722936 0.221234 30 224 0
0.562047 -0.0771178 0.221765 30 224 0
0.561362 -0.0819327 0.222244 30 224 0
0.562122 -0.07713 0.222219 30 224 0
0.562812 -0.0719949 0.221478 30 224 0
0.563513 -0.0668376 0.220927 30 224 0
0.563996 -0.0616874 0.220128 30 224 0
0.564471 -0.0565356 0.219335 30 224 0
0.564906 -0.0513702 0.21861 30 224 0
0.565359 -0.0462084 0.217871 30 224 0
0.565825 -0.0410521 0.217101 30 224 0
0.567101 -0.0309478 0.21496 30 224 0
0.567779 -0.0261819 0.213819 30 224 0
0.568449 -0.0214098 0.2127 30 224 0
0.569088 -0.0166214 0.211634 30 224 0
0.569728 -0.0118354 0.210557 30 224 0
0.570372 -0.00705065 0.209477 30 224 0
0.571012 -0.00226235 0.208411 30 224 0
0.571771 0.00252699 0.207439 30 224 0
0.572591 0.00730805 0.206469 30 224 0
0.573406 0.0120752 0.205428 30 224 0
0.574246 0.0168258 0.204334 30 224 0
0.575108 0.0215591 0.203181 30 224 0
0.576007 0.0262846 0.202026 30 224 0
0.57698 0.0310056 0.200914 30 224 0
0.578207 0.0356615 0.199782 30 224 0
0.578777 0.0386632 0.198625 30 224 0
0.578812 0.0432885 0.196555 30 224 0
0.579173 0.0479785 0.194653 30 224 0
0.579122 0.0525724 0.192495 30 224 0
0.579575 0.057286 0.19068 30 224 0
0.579768 0.0619749 0.188757 30 224 0
0.580038 0.0667152 0.186978 31 223 0
0.581862 0.0695492 0.187113 31 223 0
0.585594 0.0734354 0.187963 31 223 0
0.589244 0.0774145 0.188806 31 223 0
0.592893 0.081364 0.189808 31 223 0
0.596264 0.0855736 0.190773 31 223 0
0.599449 0.0899067 0.191801 31 223 0
0.597475 0.0872125 0.191069 31 223 0
0.594267 0.084224 0.189745 31 223 0
0.59119 0.0809751 0.188704 31 223 0
0.587981 0.0778484 0.187684 31 223 0
0.584896 0.074525 0.186952 31 223 0
0.581573 0.0715388 0.18596 31 223 0
0.579564 0.0700047 0.185222 31 223 0
0.57644 0.0666997 0.184207 31 223 0
0.573286 0.0634511 0.18311 31 223 0
0.570293 0.0600154 0.182126 31 223 0
0.567173 0.0567082 0.181098 31 223 0
0.564017 0.0534405 0.180055 31 223 0
0.560713 0.0503841 0.178865 31 223 0
0.558947 0.0502959 0.17746 31 223 0
0.555493 0.0515913 0.174036 31 223 0
0.552126 0.0530764 0.170602 31 223 0
0.548608 0.0541976 0.167178 31 223 0
0.545211 0.055456 0.163682 31 223 0
0.541725 0.0564211 0.16019 31 223 0
0.544226 0.0561373 0.16267 31 223 0
0.547204 0.0542623 0.165984 31 223 0
0.550277 0.0525564 0.169306 31 223 0
0.55347 0.0510336 0.172604 31 223 0
0.556731 0.0496639 0.1759 31 223 0
0.558703 0.0491874 0.177757 31 223 0
0.562556 0.0487979 0.181156 31 223 0
0.566329 0.0481386 0.184581 31 223 0
0.570067 0.0472425 0.188011 31 223 0
0.5739 0.0464577 0.191366 31 223 0
0.577838 0.045918 0.194636 31 223 0
0.57603 0.0358883 0.198129 31 223 0
0.575404 0.0312308 0.199692 31 223 0
0.574765 0.02651 0.201047 31 223 0
0.574084 0.0217843 0.202366 31 223 0
0.573501 0.0170597 0.203732 31 223 0
0.572906 0.0123124 0.20501 31 223 0
0.572292 0.0075422 0.206194 31 223 0
0.571677 0.00275541 0.207307 31 223 0
0.571041 -0.00204202 0.208362 31 223 0
0.570401 -0.00683637 0.209429 31 223 0
0.569756 -0.0116269 0.21051 31 223 0
0.569117 -0.0164194 0.211586 31 223 0
0.568472 -0.0212093 0.212669 31 223 0
0.567785 -0.0259795 0.213812 31 223 0
0.566698 -0.0338289 0.215628 31 223 0
0.56619 -0.0386158 0.216472 32 222 0
0.565717 -0.0434155 0.217262 32 222 0
0.56523 -0.0482104 0.218074 32 222 0
0.564767 -0.0530156 0.218836 32 222 0
0.564305 -0.0578241 0.219578 32 222 0
0.56371 -0.0626363 0.22019 32 222 0
0.56315 -0.0674602 0.220741 32 222 0
0.56262 -0.0722936 0.221234 32 222 0
0.562047 -0.0771178 0.221765 32 222 0
0.561362 -0.0819327 0.222244 32 222 0
0.562122 -0.07713 0.222219 32 222 0
0.562812 -0.0719949 0.221478 32 222 0
0.563513 -0.0668376 0.220927 32 222 0
0.563996 -0.0616874 0.220128 32 222 0
0.564471 -0.0565356 0.219335 32 222 0
0.564906 -0.0513702 0.21861 32 222 0
0.565359 -0.0462084 0.217871 32 222 0
0.565825 -0.0410521 0.217101 32 222 0
0.567101 -0.0309478 0.21496 32 222 0
0.567779 -0.0261819 0.213819 32 222 0
0.568449 -0.0214098 0.2127 32 222 0
0.569088 -0.0166214 0.211634 32 222 0
0.569728 -0.0118354 0.210557 32 222 0
0.570372 -0.00705065 0.209477 32 222 0
0.571012 -0.00226235 0.208411 32 222 0
0.571771 0.00252699 0.207439 32 222 0
0.572591 0.00730805 0.206469 32 222 0
0.573406 0.0120752 0.205428 32 222 0
0.574246 0.0168258 0.204334 32 222 0
0.575108 0.0215591 0.203181 32 222 0
0.576007 0.0262846 0.202026 32 222 0
0.57698 0.0310056 0.200914 32 222 0
0.578207 0.0356615 0.199782 32 222 0
0.578777 0.0386632 0.198625 32 222 0
0.578812 0.0432885 0.196555 32 222 0
0.579173 0.0479785 0.194653 32 222 0
0.579122 0.0525724 0.192495 32 222 0
0.579575 0.057286 0.19068 32 222 0
0.579768 0.0619749 0.188757 32 222 0
0.580038 0.0667152 0.186978 32 222 0
0.581862 0.0695492 0.187113 32 222 0
0.585594 0.0734354 0.187963 32 222 0
0.589244 0.0774145 0.188806 32 222 0
0.592893 0.081364 0.189808 32 222 0
0.596264 0.0855736 0.190773 32 222 0
0.599449 0.0899067 0.191801 32 222 0
0.593365 0.0943603 0.19837 32 222 0
0.646522 0.0887085 0.248126 32 222 0
0.651672 0.0860294 0.239984 32 222 0
0.653044 0.0844487 0.240932 32 222 0
0.655645 0.0805753 0.243082 32 222 0
0.658283 0.0767185 0.245215 33 221 0
0.661082 0.072963 0.247323 33 221 0
0.66402 0.0693461 0.249484 33 221 0
0.666941 0.0657893 0.251763 33 221 0
0.668637 0.0642859 0.252976 33 221 0
0.670099 0.0607509 0.255603 33 221 0
0.671681 0.0572623 0.258223 33 221 0
0.673598 0.0538862 0.260766 33 221 0
0.675729 0.0505973 0.26325 33 221 0
0.677643 0.0471163 0.265643 33 221 0
0.679649 0.0436985 0.268053 33 221 0
0.682473 0.0444685 0.269576 33 221 0
0.686593 0.0443049 0.27238 33 221 0
0.690747 0.0444921 0.275123 33 221 0
0.69496 0.044981 0.277748 33 221 0
0.699217 0.0457796 0.280202 33 221 0
0.696701 0.045026 0.278943 33 221 0
0.692107 0.044179 0.276146 33 221 0
0.687505 0.0430932 0.273432 33 221 0
0.682917 0.0417731 0.270813 33 221 0
0.68054 0.0417484 0.269335 33 221 0
0.67566 0.0412799 0.26671 33 221 0
0.67075 0.0411 0.264125 33 221 0
0.665826 0.0412622 0.261544 33 221 0
0.6609 0.0414698 0.258972 33 221 0
0.660478 0.033466 0.260736 33 221 0
0.66005 0.0285792 0.261645 33 221 0
0.659609 0.0236637 0.262377 33 221 0
0.659187 0.018756 0.263159 33 221 0
0.658945 0.0138471 0.26401 33 221 0
0.658535 0.00891712 0.264659 33 221 0
0.658187 0.00397641 0.265262 33 221 0
0.657818 -0.000963763 0.265856 33 221 0
0.657505 -0.00589787 0.266527 33 221 0
0.657203 -0.0108298 0.267219 33 221 0
0.656885 -0.0157555 0.267948 33 221 0
0.65661 -0.0206585 0.268825 33 221 0
0.656283 -0.0255593 0.269699 33 221 0
0.656014 -0.0304427 0.270681 33 221 0
0.654238 -0.0382054 0.272192 33 221 0
0.653482 -0.0432013 0.273616 33 221 0
0.65274 -0.0482438 0.274874 33 221 0
0.652059 -0.0533217 0.276016 33 221 0
0.651503 -0.0584432 0.277024 33 221 0
0.651025 -0.0635987 0.277887 33 221 0
0.650538 -0.068775 0.278615 33 221 0
0.650104 -0.073972 0.279211 33 221 0
0.649742 -0.0791916 0.279633 33 221 0
0.649357 -0.0844067 0.280086 33 221 0
0.649788 -0.0791045 0.279548 33 221 0
0.65009 -0.0738858 0.2792 33 221 0
0.650476 -0.0686792 0.278763 34 220 0
0.650976 -0.0634956 0.278194 34 220 0
0.65147 -0.0583423 0.277401 34 220 0
0.652387 -0.053255 0.276551 34 220 0
0.653435 -0.048228 0.275511 34 220 0
0.654518 -0.0432422 0.27432 34 220 0
0.655816 -0.032924 0.271463 34 220 0
0.656101 -0.0280613 0.270409 34 220 0
0.656073 -0.0231955 0.269338 34 220 0
0.6562 -0.0183278 0.268276 34 220 0
0.656328 -0.0134523 0.267247 34 220 0
0.656531 -0.00854782 0.266388 34 220 0
0.656634 -0.00364133 0.265524 34 220 0
0.65673 0.00126612 0.264661 34 220 0
0.656851 0.00617206 0.263791 34 220 0
0.656899 0.0110694 0.262864 34 220 0
0.656977 0.0159721 0.261974 34 220 0
0.657228 0.0208834 0.261161 34 220 0
0.657449 0.0257861 0.26029 34 220 0
0.65744 0.0306565 0.25924 34 220 0
0.6583 0.0336074 0.259078 34 220 0
0.659351 0.0383874 0.258671 34 220 0
0.660629 0.04311 0.258226 34 220 0
0.661694 0.0478356 0.25738 34 220 0
0.663458 0.0523678 0.256601 34 220 0
0.665112 0.0568324 0.255353 34 220 0
0.667041 0.061194 0.254144 34 220 0
0.666185 0.0632743 0.252912 34 220 0
0.664069 0.0667966 0.250797 34 220 0
0.661984 0.0703482 0.24873 34 220 0
0.659249 0.0735472 0.246819 34 220 0
0.65717 0.0771848 0.244855 34 220 0
0.654921 0.080722 0.242898 34 220 0
0.653044 0.0844487 0.240932 34 220 0
0.654215 0.0825908 0.241928 34 220 0
0.656847 0.0792572 0.243828 34 220 0
0.65944 0.0758983 0.245738 34 220 0
0.66194 0.0724836 0.247673 34 220 0
0.664379 0.0690885 0.249716 34 220 0
0.666941 0.0657893 0.251763 34 220 0
0.668637 0.0642859 0.252976 34 220 0
0.670099 0.0607509 0.255603 34 220 0
0.671681 0.0572623 0.258223 34 220 0
0.673598 0.0538862 0.260766 34 220 0
0.675729 0.0505973 0.26325 34 220 0
0.677643 0.0471163 0.265643 34 220 0
0.679649 0.0436985 0.268053 34 220 0
0.682473 0.0444685 0.269576 34 220 0
0.686593 0.0443049 0.27238 34 220 0
0.690747 0.0444921 0.275123 34 220 0
0.69496 0.044981 0.277748 34 220 0
0.699217 0.0457796 0.280202 35 219 0
0.696701 0.045026 0.278943 35 219 0
0.692107 0.044179 0.276146 35 219 0
0.687505 0.0430932 0.273432 35 219 0
0.682917 0.0417731 0.270813 35 219 0
0.68054 0.0417484 0.269335 35 219 0
0.67566 0.0412799 0.26671 35 219 0
0.67075 0.0411 0.264125 35 219 0
0.665826 0.0412622 0.261544 35 219 0
0.6609 0.0414698 0.258972 35 219 0
0.660478 0.033466 0.260736 35 219 0
0.66005 0.0285792 0.261645 35 219 0
0.659609 0.0236637 0.262377 35 219 0
0.659187 0.018756 0.263159 35 219 0
0.658945 0.0138471 0.26401 35 219 0
0.658535 0.00891712 0.264659 35 219 0
0.658187 0.00397641 0.265262 35 219 0
0.657818 -0.000963763 0.265856 35 219 0
0.657505 -0.00589787 0.266527 35 219 0
0.657203 -0.0108298 0.267219 35 219 0
0.656885 -0.0157555 0.267948 35 219 0
0.65661 -0.0206585 0.268825 35 219 0
0.656283 -0.0255593 0.269699 35 219 0
0.656014 -0.0304427 0.270681 35 219 0
0.654238 -0.0382054 0.272192 35 219 0
0.653482 -0.0432013 0.273616 35 219 0
0.65274 -0.0482438 0.274874 35 219 0
0.652059 -0.0533217 0.276016 35 219 0
0.651503 -0.0584432 0.277024 35 219 0
0.651025 -0.0635987 0.277887 35 219 0
0.650538 -0.068775 0.278615 35 219 0
0.650104 -0.073972 0.279211 35 219 0
0.649742 -0.0791916 0.279633 35 219 0
0.649357 -0.0844067 0.280086 35 219 0
0.649788 -0.0791045 0.279548 35 219 0
0.65009 -0.0738858 0.2792 35 219 0
0.650476 -0.0686792 0.278763 35 219 0
0.650976 -0.0634956 0.278194 35 219 0
0.65147 -0.0583423 0.277401 35 219 0
0.652387 -0.053255 0.276551 35 219 0
0.653435 -0.048228 0.275511 35 219 0
0.654518 -0.0432422 0.27432 35 219 0
0.655816 -0.032924 0.271463 35 219 0
0.656101 -0.0280613 0.270409 35 219 0
0.656073 -0.0231955 0.269338 35 219 0
0.6562 -0.0183278 0.268276 35 219 0
0.656328 -0.0134523 0.267247 35 219 0
0.656531 -0.00854782 0.266388 35 219 0
0.656634 -0.00364133 0.265524 35 219 0
0.65673 0.00126612 0.264661 35 219 0
0.656851 0.00617206 0.263791 35 219 0
0.656899 0.0110694 0.262864 36 218 0
0.656977 0.0159721 0.261974 36 218 0
0.657228 0.0208834 0.261161 36 218 0
0.657449 0.0257861 0.26029 36 218 0
0.65744 0.0306565 0.25924 36 218 0
0.6583 0.0336074 0.259078 36 218 0
0.659351 0.0383874 0.258671 36 218 0
0.660629 0.04311 0.258226 36 218 0
0.661694 0.0478356 0.25738 36 218 0
0.663458 0.0523678 0.256601 36 218 0
0.665112 0.0568324 0.255353 36 218 0
0.667041 0.061194 0.254144 36 218 0
0.666185 0.0632743 0.252912 36 218 0
0.664069 0.0667966 0.250797 36 218 0
0.661984 0.0703482 0.24873 36 218 0
0.659249 0.0735472 0.246819 36 218 0
0.65717 0.0771848 0.244855 36 218 0
0.654921 0.080722 0.242898 36 218 0
0.653044 0.0844487 0.240932 36 218 0
0.647979 0.0872416 0.24909 36 218 0
0.594926 0.0971966 0.198706 36 218 0
0.60108 0.0925958 0.192306 36 218 0
0.584202 -0.0364599 0.229139 36 218 0
0.583584 -0.0234463 0.223536 36 218 0
0.583277 -0.0186979 0.221745 36 218 0
0.582962 -0.0139161 0.220036 36 218 0
0.582727 -0.00913347 0.21832 36 218 0
0.582437 -0.00437386 0.216547 36 218 0
0.58216 0.000404775 0.214823 36 218 0
0.581807 0.00516481 0.213062 36 218 0
0.581506 0.00991459 0.211264 36 218 0
0.58134 0.0146816 0.209495 36 218 0
0.581043 0.0193997 0.207615 36 218 0
0.580939 0.0241516 0.2058 36 218 0
0.58071 0.0288313 0.203817 36 218 0
0.5806 0.0335201 0.201845 36 218 0
0.580508 0.0381988 0.199849 36 218 0
0.580344 0.0428496 0.197793 36 218 0
0.580257 0.0475023 0.195737 36 218 0
0.580264 0.052119 0.193599 36 218 0
0.580206 0.0567413 0.191477 36 218 0
0.578195 0.0561862 0.189972 36 218 0
0.573964 0.0544786 0.187501 36 218 0
0.569738 0.0528764 0.18496 36 218 0
0.56553 0.0514213 0.182296 36 218 0
0.561357 0.050158 0.179499 36 218 0
0.558947 0.0502959 0.17746 36 218 0
0.555587 0.0517952 0.174022 36 218 0
0.552192 0.0532149 0.17059 36 218 0
0.548674 0.0543361 0.167165 36 218 0
0.545237 0.055502 0.163674 36 218 0
0.541725 0.0564211 0.16019 36 218 0
0.544226 0.0561373 0.16267 37 217 0
0.547204 0.0542623 0.165984 37 217 0
0.550277 0.0525564 0.169306 37 217 0
0.55347 0.0510336 0.172604 37 217 0
0.556731 0.0496639 0.1759 37 217 0
0.558703 0.0491874 0.177757 37 217 0
0.562556 0.0487979 0.181156 37 217 0
0.566329 0.0481386 0.184581 37 217 0
0.570067 0.0472425 0.188011 37 217 0
0.5739 0.0464577 0.191366 37 217 0
0.577838 0.045918 0.194636 37 217 0
0.57603 0.0358883 0.198129 37 217 0
0.575404 0.0312308 0.199692 37 217 0
0.574765 0.02651 0.201047 37 217 0
0.574084 0.0217843 0.202366 37 217 0
0.573501 0.0170597 0.203732 37 217 0
0.572906 0.0123124 0.20501 37 217 0
0.572292 0.0075422 0.206194 37 217 0
0.571677 0.00275541 0.207307 37 217 0
0.571041 -0.00204202 0.208362 37 217 0
0.570401 -0.00683637 0.209429 37 217 0
0.569756 -0.0116269 0.21051 37 217 0
0.569117 -0.0164194 0.211586 37 217 0
0.568472 -0.0212093 0.212669 37 217 0
0.567785 -0.0259795 0.213812 37 217 0
0.566698 -0.0338289 0.215628 37 217 0
0.56619 -0.0386158 0.216472 37 217 0
0.565717 -0.0434155 0.217262 37 217 0
0.56523 -0.0482104 0.218074 37 217 0
0.564767 -0.0530156 0.218836 37 217 0
0.564305 -0.0578241 0.219578 37 217 0
0.56371 -0.0626363 0.22019 37 217 0
0.56315 -0.0674602 0.220741 37 217 0
0.56262 -0.0722936 0.221234 37 217 0
0.562047 -0.0771178 0.221765 37 217 0
0.561362 -0.0819327 0.222244 37 217 0
0.562122 -0.07713 0.222219 37 217 0
0.562812 -0.0719949 0.221478 37 217 0
0.563513 -0.0668376 0.220927 37 217 0
0.563996 -0.0616874 0.220128 37 217 0
0.564471 -0.0565356 0.219335 37 217 0
0.564906 -0.0513702 0.21861 37 217 0
0.565359 -0.0462084 0.217871 37 217 0
0.565825 -0.0410521 0.217101 37 217 0
0.567101 -0.0309478 0.21496 37 217 0
0.567779 -0.0261819 0.213819 37 217 0
0.568449 -0.0214098 0.2127 37 217 0
0.569088 -0.0166214 0.211634 37 217 0
0.569728 -0.0118354 0.210557 37 217 0
0.570372 -0.00705065 0.209477 37 217 0
0.571012 -0.00226235 0.208411 37 217 0
0.571771 0.00252699 0.207439 38 216 0
0.572591 0.00730805 0.206469 38 216 0
0.573406 0.0120752 0.205428 38 216 0
0.574246 0.0168258 0.204334 38 216 0
0.575108 0.0215591 0.203181 38 216 0
0.576007 0.0262846 0.202026 38 216 0
0.57698 0.0310056 0.200914 38 216 0
0.578207 0.0356615 0.199782 38 216 0
0.578777 0.0386632 0.198625 38 216 0
0.578812 0.0432885 0.196555 38 216 0
0.579173 0.0479785 0.194653 38 216 0
0.579122 0.0525724 0.192495 38 216 0
0.579575 0.057286 0.19068 38 216 0
0.579768 0.0619749 0.188757 38 216 0
0.580038 0.0667152 0.186978 38 216 0
0.581862 0.0695492 0.187113 38 216 0
0.585594 0.0734354 0.187963 38 216 0
0.589244 0.0774145 0.188806 38 216 0
0.592893 0.081364 0.189808 38 216 0
0.596264 0.0855736 0.190773 38 216 0
0.599449 0.0899067 0.191801 38 216 0
0.597475 0.0872125 0.191069 38 216 0
0.594267 0.084224 0.189745 38 216 0
0.59119 0.0809751 0.188704 38 216 0
0.587981 0.0778484 0.187684 38 216 0
0.584896 0.074525 0.186952 38 216 0
0.581573 0.0715388 0.18596 38 216 0
0.579564 0.0700047 0.185222 38 216 0
0.57644 0.0666997 0.184207 38 216 0
0.573286 0.0634511 0.18311 38 216 0
0.570293 0.0600154 0.182126 38 216 0
0.567173 0.0567082 0.181098 38 216 0
0.564017 0.0534405 0.180055 38 216 0
0.560713 0.0503841 0.178865 38 216 0
0.558947 0.0502959 0.17746 38 216 0
0.555493 0.0515913 0.174036 38 216 0
0.552126 0.0530764 0.170602 38 216 0
0.548608 0.0541976 0.167178 38 216 0
0.545211 0.055456 0.163682 38 216 0
0.541725 0.0564211 0.16019 38 216 0
0.544226 0.0561373 0.16267 38 216 0
0.547204 0.0542623 0.165984 38 216 0
0.550277 0.0525564 0.169306 38 216 0
0.55347 0.0510336 0.172604 38 216 0
0.556731 0.0496639 0.1759 38 216 0
0.558703 0.0491874 0.177757 38 216 0
0.562556 0.0487979 0.181156 38 216 0
0.566329 0.0481386 0.184581 38 216 0
0.570067 0.0472425 0.188011 38 216 0
0.5739 0.0464577 0.191366 38 216 0
0.577838 0.045918 0.194636 38 216 0
0.57603 0.0358883 0.198129 39 215 0
0.575404 0.0312308 0.199692 39 215 0
0.574765 0.02651 0.201047 39 215 0
0.574084 0.0217843 0.202366 39 215 0
0.573501 0.0170597 0.203732 39 215 0
0.572906 0.0123124 0.20501 39 215 0
0.572292 0.0075422 0.206194 39 215 0
0.571677 0.00275541 0.207307 39 215 0
0.571041 -0.00204202 0.208362 39 215 0
0.570401 -0.00683637 0.209429 39 215 0
0.569756 -0.0116269 0.21051 39 215 0
0.569117 -0.0164194 0.211586 39 215 0
0.568472 -0.0212093 0.212669 39 215 0
0.567785 -0.0259795 0.213812 39 215 0
0.566698 -0.0338289 0.215628 39 215 0
0.56619 -0.0386158 0.216472 39 215 0
0.565717 -0.0434155 0.217262 39 215 0
0.56523 -0.0482104 0.218074 39 215 0
0.564767 -0.0530156 0.218836 39 215 0
0.564305 -0.0578241 0.219578 39 215 0
0.56371 -0.0626363 0.22019 39 215 0
0.56315 -0.0674602 0.220741 39 215 0
0.56262 -0.0722936 0.221234 39 215 0
0.562047 -0.0771178 0.221765 39 215 0
0.561362 -0.0819327 0.222244 39 215 0
0.562122 -0.07713 0.222219 39 215 0
0.562812 -0.0719949 0.221478 39 215 0
0.563513 -0.0668376 0.220927 39 215 0
0.563996 -0.0616874 0.220128 39 215 0
0.564471 -0.0565356 0.219335 39 215 0
0.564906 -0.0513702 0.21861 39 215 0
0.565359 -0.0462084 0.217871 39 215 0
0.565825 -0.0410521 0.217101 39 215 0
0.567101 -0.0309478 0.21496 39 215 0
0.567779 -0.0261819 0.213819 39 215 0
0.568449 -0.0214098 0.2127 39 215 0
0.569088 -0.0166214 0.211634 39 215 0
0.569728 -0.0118354 0.210557 39 215 0
0.570372 -0.00705065 0.209477 39 215 0
0.571012 -0.00226235 0.208411 39 215 0
0.571771 0.00252699 0.207439 39 215 0
0.572591 0.00730805 0.206469 39 215 0
0.573406 0.0120752 0.205428 39 215 0
0.574246 0.0168258 0.204334 39 215 0
0.575108 0.0215591 0.203181 39 215 0
0.576007 0.0262846 0.202026 39 215 0
0.57698 0.0310056 0.200914 39 215 0
0.578207 0.0356615 0.199782 39 215 0
0.578777 0.0386632 0.198625 39 215 0
0.578812 0.0432885 0.196555 39 215 0
0.579173 0.0479785 0.194653 39 215 0
0.579122 0.0525724 0.192495 40 214 0
0.579575 0.057286 0.19068 40 214 0
0.579768 0.0619749 0.188757 40 214 0
0.580038 0.0667152 0.186978 40 214 0
0.581862 0.0695492 0.187113 40 214 0
0.585594 0.0734354 0.187963 40 214 0
0.589244 0.0774145 0.188806 40 214 0
0.592893 0.081364 0.189808 40 214 0
0.596264 0.0855736 0.190773 40 214 0
0.599449 0.0899067 0.191801 40 214 0
0.593365 0.0943603 0.19837 40 214 0
0.646522 0.0887085 0.248126 40 214 0
0.651672 0.0860294 0.239984 40 214 0
0.653044 0.0844487 0.240932 40 214 0
0.655645 0.0805753 0.243082 40 214 0
0.658283 0.0767185 0.245215 40 214 0
0.661082 0.072963 0.247323 40 214 0
0.66402 0.0693461 0.249484 40 214 0
0.666941 0.0657893 0.251763 40 214 0
0.668637 0.0642859 0.252976 40 214 0
0.670099 0.0607509 0.255603 40 214 0
0.671681 0.0572623 0.258223 40 214 0
0.673598 0.0538862 0.260766 40 214 0
0.675729 0.0505973 0.26325 40 214 0
0.677643 0.0471163 0.265643 40 214 0
0.679649 0.0436985 0.268053 40 214 0
0.682473 0.0444685 0.269576 40 214 0
0.686593 0.0443049 0.27238 40 214 0
0.690747 0.0444921 0.275123 40 214 0
0.69496 0.044981 0.277748 40 214 0
0.699217 0.0457796 0.280202 40 214 0
0.696701 0.045026 0.278943 40 214 0
0.692107 0.044179 0.276146 40 214 0
0.687505 0.0430932 0.273432 40 214 0
0.682917 0.0417731 0.270813 40 214 0
0.68054 0.0417484 0.269335 40 214 0
0.67566 0.0412799 0.26671 40 214 0
0.67075 0.0411 0.264125 40 214 0
0.665826 0.0412622 0.261544 40 214 0
0.6609 0.0414698 0.258972 40 214 0
0.660478 0.033466 0.260736 40 214 0
0.66005 0.0285792 0.261645 40 214 0
0.659609 0.0236637 0.262377 40 214 0
0.659187 0.018756 0.263159 40 214 0
0.658945 0.0138471 0.26401 40 214 0
0.658535 0.00891712 0.264659 40 214 0
0.658187 0.00397641 0.265262 40 214 0
0.657818 -0.000963763 0.265856 40 214 0
0.657505 -0.00589787 0.266527 40 214 0
0.657203 -0.0108298 0.267219 40 214 0
0.656885 -0.0157555 0.267948 40 214 0
0.65661 -0.0206585 0.268825 41 213 0
0.656283 -0.0255593 0.269699 41 213 0
0.656014 -0.0304427 0.270681 41 213 0
0.654238 -0.0382054 0.272192 41 213 0
0.653482 -0.0432013 0.273616 41 213 0
0.65274 -0.0482438 0.274874 41 213 0
0.652059 -0.0533217 0.276016 41 213 0
0.651503 -0.0584432 0.277024 41 213 0
0.651025 -0.0635987 0.277887 41 213 0
0.650538 -0.068775 0.278615 41 213 0
0.650104 -0.073972 0.279211 41 213 0
0.649742 -0.0791916 0.279633 41 213 0
0.649357 -0.0844067 0.280086 41 213 0
0.649788 -0.0791045 0.279548 41 213 0
0.65009 -0.0738858 0.2792 41 213 0
0.650476 -0.0686792 0.278763 41 213 0
0.650976 -0.0634956 0.278194 41 213 0
0.65147 -0.0583423 0.277401 41 213 0
0.652387 -0.053255 0.276551 41 213 0
0.653435 -0.048228 0.275511 41 213 0
0.654518 -0.0432422 0.27432 41 213 0
0.655816 -0.032924 0.271463 41 213 0
0.656101 -0.0280613 0.270409 41 213 0
0.656073 -0.0231955 0.269338 41 213 0
0.6562 -0.0183278 0.268276 41 213 0
0.656328 -0.0134523 0.267247 41 213 0
0.656531 -0.00854782 0.266388 41 213 0
0.656634 -0.00364133 0.265524 41 213 0
0.65673 0.00126612 0.264661 41 213 0
0.656851 0.00617206 0.263791 41 213 0
0.656899 0.0110694 0.262864 41 213 0
0.656977 0.0159721 0.261974 41 213 0
0.657228 0.0208834 0.261161 41 213 0
0.657449 0.0257861 0.26029 41 213 0
0.65744 0.0306565 0.25924 41 213 0
0.6583 0.0336074 0.259078 41 213 0
0.659351 0.0383874 0.258671 41 213 0
0.660629 0.04311 0.258226 41 213 0
0.661694 0.0478356 0.25738 41 213 0
0.663458 0.0523678 0.256601 41 213 0
0.665112 0.0568324 0.255353 41 213 0
0.667041 0.061194 0.254144 41 213 0
0.666185 0.0632743 0.252912 41 213 0
0.664069 0.0667966 0.250797 41 213 0
0.661984 0.0703482 0.24873 41 213 0
0.659249 0.0735472 0.246819 41 213 0
0.65717 0.0771848 0.244855 41 213 0
0.654921 0.080722 0.242898 41 213 0
0.653044 0.0844487 0.240932 41 213 0
0.654215 0.0825908 0.241928 41 213 0
0.656847 0.0792572 0.243828 41 213 0
0.65944 0.0758983 0.245738 41 213 0
0.66194 0.0724836 0.247673 42 212 0
0.664379 0.0690885 0.249716 42 212 0
0.666941 0.0657893 0.251763 42 212 0
0.668637 0.0642859 0.252976 42 212 0
0.670099 0.0607509 0.255603 42 212 0
0.671681 0.0572623 0.258223 42 212 0
0.673598 0.0538862 0.260766 42 212 0
0.675729 0.0505973 0.26325 42 212 0
0.677643 0.0471163 0.265643 42 212 0
0.679649 0.0436985 0.268053 42 212 0
0.682473 0.0444685 0.269576 42 212 0
0.686593 0.0443049 0.27238 42 212 0
0.690747 0.0444921 0.275123 42 212 0
0.69496 0.044981 0.277748 42 212 0
0.699217 0.0457796 0.280202 42 212 0
0.696701 0.045026 0.278943 42 212 0
0.692107 0.044179 0.276146 42 212 0
0.687505 0.0430932 0.273432 42 212 0
0.682917 0.0417731 0.270813 42 212 0
0.68054 0.0417484 0.269335 42 212 0
0.67566 0.0412799 0.26671 42 212 0
0.67075 0.0411 0.264125 42 212 0
0.665826 0.0412622 0.261544 42 212 0
0.6609 0.0414698 0.258972 42 212 0
0.660478 0.033466 0.260736 42 212 0
0.66005 0.0285792 0.261645 42 212 0
0.659609 0.0236637 0.262377 42 212 0
0.659187 0.018756 0.263159 42 212 0
0.658945 0.0138471 0.26401 42 212 0
0.658535 0.00891712 0.264659 42 212 0
0.658187 0.00397641 0.265262 42 212 0
0.657818 -0.000963763 0.265856 42 212 0
0.657505 -0.00589787 0.266527 42 212 0
0.657203 -0.0108298 0.267219 42 212 0
0.656885 -0.0157555 0.267948 42 212 0
0.65661 -0.0206585 0.268825 42 212 0
0.656283 -0.0255593 0.269699 42 212 0
0.656014 -0.0304427 0.270681 42 212 0
0.654238 -0.0382054 0.272192 42 212 0
0.653482 -0.0432013 0.273616 42 212 0
0.65274 -0.0482438 0.274874 42 212 0
0.652059 -0.0533217 0.276016 42 212 0
0.651503 -0.0584432 0.277024 42 212 0
0.651025 -0.0635987 0.277887 42 212 0
0.650538 -0.068775 0.278615 42 212 0
0.650104 -0.073972 0.279211 42 212 0
0.649742 -0.0791916 0.279633 42 212 0
0.649357 -0.0844067 0.280086 42 212 0
0.649788 -0.0791045 0.279548 42 212 0
0.65009 -0.0738858 0.2792 42 212 0
0.650476 -0.0686792 0.278763 42 212 0
0.650976 -0.0634956 0.278194 43 211 0
0.65147 -0.0583423 0.277401 43 211 0
0.652387 -0.053255 0.276551 43 211 0
0.653435 -0.048228 0.275511 43 211 0
0.654518 -0.0432422 0.27432 43 211 0
0.655816 -0.032924 0.271463 43 211 0
0.656101 -0.0280613 0.270409 43 211 0
0.656073 -0.0231955 0.269338 43 211 0
0.6562 -0.0183278 0.268276 43 211 0
0.656328 -0.0134523 0.267247 43 211 0
0.656531 -0.00854782 0.266388 43 211 0
0.656634 -0.00364133 0.265524 43 211 0
0.65673 0.00126612 0.264661 43 211 0
0.656851 0.00617206 0.263791 43 211 0
0.656899 0.0110694 0.262864 43 211 0
0.656977 0.0159721 0.261974 43 211 0
0.657228 0.0208834 0.261161 43 211 0
0.657449 0.0257861 0.26029 43 211 0
0.65744 0.0306565 0.25924 43 211 0
0.6583 0.0336074 0.259078 43 211 0
0.659351 0.0383874 0.258671 43 211 0
0.660629 0.04311 0.258226 43 211 0
0.661694 0.0478356 0.25738 43 211 0
0.663458 0.0523678 0.256601 43 211 0
0.665112 0.0568324 0.255353 43 211 0
0.667041 0.061194 0.254144 43 211 0
0.666185 0.0632743 0.252912 43 211 0
0.664069 0.0667966 0.250797 43 211 0
0.661984 0.0703482 0.24873 43 211 0
0.659249 0.0735472 0.246819 43 211 0
0.65717 0.0771848 0.244855 43 211 0
0.654921 0.080722 0.242898 43 211 0
0.653044 0.0844487 0.240932 43 211 0
0.647979 0.0872416 0.24909 43 211 0
0.594926 0.0971966 0.198706 43 211 0
0.60108 0.0925958 0.192306 43 211 0
0.584202 -0.0364599 0.229139 43 211 0
0.583584 -0.0234463 0.223536 43 211 0
0.583277 -0.0186979 0.221745 43 211 0
0.582962 -0.0139161 0.220036 43 211 0
0.582727 -0.00913347 0.21832 43 211 0
0.582437 -0.00437386 0.216547 43 211 0
0.58216 0.000404775 0.214823 43 211 0
0.581807 0.00516481 0.213062 43 211 0
0.581506 0.00991459 0.211264 43 211 0
0.58134 0.0146816 0.209495 43 211 0
0.581043 0.0193997 0.207615 43 211 0
0.580939 0.0241516 0.2058 43 211 0
0.58071 0.0288313 0.203817 43 211 0
0.5806 0.0335201 0.201845 43 211 0
0.580508 0.0381988 0.199849 43 211 0
0.580344 0.0428496 0.197793 44 210 0
0.580257 0.0475023 0.195737 44 210 0
0.580264 0.052119 0.193599 44 210 0
0.580206 0.0567413 0.191477 44 210 0
0.578195 0.0561862 0.189972 44 210 0
0.573964 0.0544786 0.187501 44 210 0
0.569738 0.0528764 0.18496 44 210 0
0.56553 0.0514213 0.182296 44 210 0
0.561357 0.050158 0.179499 44 210 0
0.558947 0.0502959 0.17746 44 210 0
0.555587 0.0517952 0.174022 44 210 0
0.552192 0.0532149 0.17059 44 210 0
0.548674 0.0543361 0.167165 44 210 0
0.545237 0.055502 0.163674 44 210 0
0.541725 0.0564211 0.16019 44 210 0
0.544226 0.0561373 0.16267 44 210 0
0.547204 0.0542623 0.165984 44 210 0
0.550277 0.0525564 0.169306 44 210 0
0.55347 0.0510336 0.172604 44 210 0
0.556731 0.0496639 0.1759 44 210 0
0.558703 0.0491874 0.177757 44 210 0
0.562556 0.0487979 0.181156 44 210 0
0.566329 0.0481386 0.184581 44 210 0
0.570067 0.0472425 0.188011 44 210 0
0.5739 0.0464577 0.191366 44 210 0
0.577838 0.045918 0.194636 44 210 0
0.57603 0.0358883 0.198129 44 210 0
0.575404 0.0312308 0.199692 44 210 0
0.574765 0.02651 0.201047 44 210 0
0.574084 0.0217843 0.202366 44 210 0
0.573501 0.0170597 0.203732 44 210 0
0.572906 0.0123124 0.20501 44 210 0
0.572292 0.0075422 0.206194 44 210 0
0.571677 0.00275541 0.207307 44 210 0
0.571041 -0.00204202 0.208362 44 210 0
0.570401 -0.00683637 0.209429 44 210 0
0.569756 -0.0116269 0.21051 44 210 0
0.569117 -0.0164194 0.211586 44 210 0
0.568472 -0.0212093 0.212669 44 210 0
0.567785 -0.0259795 0.213812 44 210 0
0.566698 -0.0338289 0.215628 44 210 0
0.56619 -0.0386158 0.216472 44 210 0
0.565717 -0.0434155 0.217262 44 210 0
0.56523 -0.0482104 0.218074 44 210 0
0.564767 -0.0530156 0.218836 44 210 0
0.564305 -0.0578241 0.219578 44 210 0
0.56371 -0.0626363 0.22019 44 210 0
0.56315 -0.0674602 0.220741 44 210 0
0.56262 -0.0722936 0.221234 44 210 0
0.562047 -0.0771178 0.221765 44 210 0
0.561362 -0.0819327 0.222244 44 210 0
0.562122 -0.07713 0.222219 45 209 0
0.562812 -0.0719949 0.221478 45 209 0
0.563513 -0.0668376 0.220927 45 209 0
0.563996 -0.0616874 0.220128 45 209 0
0.564471 -0.0565356 0.219335 45 209 0
0.564906 -0.0513702 0.21861 45 209 0
0.565359 -0.0462084 0.217871 45 209 0
0.565825 -0.0410521 0.217101 45 209 0
0.567101 -0.0309478 0.21496 45 209 0
0.567779 -0.0261819 0.213819 45 209 0
0.568449 -0.0214098 0.2127 45 209 0
0.569088 -0.0166214 0.211634 45 209 0
0.569728 -0.0118354 0.210557 45 209 0
0.570372 -0.00705065 0.209477 45 209 0
0.571012 -0.00226235 0.208411 45 209 0
0.571771 0.00252699 0.207439 45 209 0
0.572591 0.00730805 0.206469 45 209 0
0.573406 0.0120752 0.205428 45 209 0
0.574246 0.0168258 0.204334 45 209 0
0.575108 0.0215591 0.203181 45 209 0
0.576007 0.0262846 0.202026 45 209 0
0.57698 0.0310056 0.200914 45 209 0
0.578207 0.0356615 0.199782 45 209 0
0.578777 0.0386632 0.198625 45 209 0
0.578812 0.0432885 0.196555 45 209 0
0.579173 0.0479785 0.194653 45 209 0
0.579122 0.0525724 0.192495 45 209 0
0.579575 0.057286 0.19068 45 209 0
0.579768 0.0619749 0.188757 45 209 0
0.580038 0.0667152 0.186978 45 209 0
0.581862 0.0695492 0.187113 45 209 0
0.585594 0.0734354 0.187963 45 209 0
0.589244 0.0774145 0.188806 45 209 0
0.592893 0.081364 0.189808 45 209 0
0.596264 0.0855736 0.190773 45 209 0
0.599449 0.0899067 0.191801 45 209 0
0.597475 0.0872125 0.191069 45 209 0
0.594267 0.084224 0.189745 45 209 0
0.59119 0.0809751 0.188704 45 209 0
0.587981 0.0778484 0.187684 45 209 0
0.584896 0.074525 0.186952 45 209 0
0.581573 0.0715388 0.18596 45 209 0
0.579564 0.0700047 0.185222 45 209 0
0.57644 0.0666997 0.184207 45 209 0
0.573286 0.0634511 0.18311 45 209 0
0.570293 0.0600154 0.182126 45 209 0
0.567173 0.0567082 0.181098 45 209 0
0.564017 0.0534405 0.180055 45 209 0
0.560713 0.0503841 0.178865 45 209 0
0.558947 0.0502959 0.17746 45 209 0
0.555493 0.0515913 0.174036 45 209 0
0.552126 0.0530764 0.170602 46 208 0
0.548608 0.0541976 0.167178 46 208 0
0.545211 0.055456 0.163682 46 208 0
0.541725 0.0564211 0.16019 46 208 0
0.544226 0.0561373 0.16267 46 208 0
0.547204 0.0542623 0.165984 46 208 0
0.550277 0.0525564 0.169306 46 208 0
0.55347 0.0510336 0.172604 46 208 0
0.556731 0.0496639 0.1759 46 208 0
0.558703 0.0491874 0.177757 46 208 0
0.562556 0.0487979 0.181156 46 208 0
0.566329 0.0481386 0.184581 46 208 0
0.570067 0.0472425 0.188011 46 208 0
0.5739 0.0464577 0.191366 46 208 0
0.577838 0.045918 0.194636 46 208 0
0.57603 0.0358883 0.198129 46 208 0
0.575404 0.0312308 0.199692 46 208 0
0.574765 0.02651 0.201047 46 208 0
0.574084 0.0217843 0.202366 46 208 0
0.573501 0.0170597 0.203732 46 208 0
0.572906 0.0123124 0.20501 46 208 0
0.572292 0.0075422 0.206194 46 208 0
0.571677 0.00275541 0.207307 46 208 0
0.571041 -0.00204202 0.208362 46 208 0
0.570401 -0.00683637 0.209429 46 208 0
0.569756 -0.0116269 0.21051 46 208 0
0.569117 -0.0164194 0.211586 46 208 0
0.568472 -0.0212093 0.212669 46 208 0
0.567785 -0.0259795 0.213812 46 208 0
0.566698 -0.0338289 0.215628 46 208 0
0.56619 -0.0386158 0.216472 46 208 0
0.565717 -0.0434155 0.217262 46 208 0
0.56523 -0.0482104 0.218074 46 208 0
0.564767 -0.0530156 0.218836 46 208 0
0.564305 -0.0578241 0.219578 46 208 0
0.56371 -0.0626363 0.22019 46 208 0
0.56315 -0.0674602 0.220741 46 208 0
0.56262 -0.0722936 0.221234 46 208 0
0.562047 -0.0771178 0.221765 46 208 0
0.561362 -0.0819327 0.222244 46 208 0
0.562122 -0.07713 0.222219 46 208 0
0.562812 -0.0719949 0.221478 46 208 0
0.563513 -0.0668376 0.220927 46 208 0
0.563996 -0.0616874 0.220128 46 208 0
0.564471 -0.0565356 0.219335 46 208 0
0.564906 -0.0513702 0.21861 46 208 0
0.565359 -0.0462084 0.217871 46 208 0
0.565825 -0.0410521 0.217101 46 208 0
0.567101 -0.0309478 0.21496 46 208 0
0.567779 -0.0261819 0.213819 46 208 0
0.568449 -0.0214098 0.2127 46 208 0
0.569088 -0.0166214 0.211634 46 208 0
0.569728 -0.0118354 0.210557 47 207 0
0.570372 -0.00705065 0.209477 47 207 0
0.571012 -0.00226235 0.208411 47 207 0
0.571771 0.00252699 0.207439 47 207 0
0.572591 0.00730805 0.206469 47 207 0
0.573406 0.0120752 0.205428 47 207 0
0.574246 0.0168258 0.204334 47 207 0
0.575108 0.0215591 0.203181 47 207 0
0.576007 0.0262846 0.202026 47 207 0
0.57698 0.0310056 0.200914 47 207 0
0.578207 0.0356615 0.199782 47 207 0
0.578777 0.0386632 0.198625 47 207 0
0.578812 0.0432885 0.196555 47 207 0
0.579173 0.0479785 0.194653 47 207 0
0.579122 0.0525724 0.192495 47 207 0
0.579575 0.057286 0.19068 47 207 0
0.579768 0.0619749 0.188757 47 207 0
0.580038 0.0667152 0.186978 47 207 0
0.581862 0.0695492 0.187113 47 207 0
0.585594 0.0734354 0.187963 47 207 0
0.589244 0.0774145 0.188806 47 207 0
0.592893 0.081364 0.189808 47 207 0
0.596264 0.0855736 0.190773 47 207 0
0.599449 0.0899067 0.191801 47 207 0
0.593365 0.0943603 0.19837 47 207 0
0.646522 0.0887085 0.248126 47 207 0
0.651672 0.0860294 0.239984 47 207 0
0.653044 0.0844487 0.240932 47 207 0
0.655645 0.0805753 0.243082 47 207 0
0.658283 0.0767185 0.245215 47 207 0
0.661082 0.072963 0.247323 47 207 0
0.66402 0.0693461 0.249484 47 207 0
0.666941 0.0657893 0.251763 47 207 0
0.668637 0.0642859 0.252976 47 207 0
0.670099 0.0607509 0.255603 47 207 0
0.671681 0.0572623 0.258223 47 207 0
0.673598 0.0538862 0.260766 47 207 0
0.675729 0.0505973 0.26325 47 207 0
0.677643 0.0471163 0.265643 47 207 0
0.679649 0.0436985 0.268053 47 207 0
0.682473 0.0444685 0.269576 47 207 0
0.686593 0.0443049 0.27238 47 207 0
0.690747 0.0444921 0.275123 47 207 0
0.69496 0.044981 0.277748 47 207 0
0.699217 0.0457796 0.280202 47 207 0
0.696701 0.045026 0.278943 47 207 0
0.692107 0.044179 0.276146 47 207 0
0.687505 0.0430932 0.273432 47 207 0
0.682917 0.0417731 0.270813 47 207 0
0.68054 0.0417484 0.269335 47 207 0
0.67566 0.0412799 0.26671 47 207 0
0.67075 0.0411 0.264125 48 206 0
0.665826 0.0412622 0.261544 48 206 0
0.6609 0.0414698 0.258972 48 206 0
0.660478 0.033466 0.260736 48 206 0
0.66005 0.0285792 0.261645 48 206 0
0.659609 0.0236637 0.262377 48 206 0
0.659187 0.018756 0.263159 48 206 0
0.658945 0.0138471 0.26401 48 206 0
0.658535 0.00891712 0.264659 48 206 0
0.658187 0.00397641 0.265262 48 206 0
0.657818 -0.000963763 0.265856 48 206 0
0.657505 -0.00589787 0.266527 48 206 0
0.657203 -0.0108298 0.267219 48 206 0
0.656885 -0.0157555 0.267948 48 206 0
0.65661 -0.0206585 0.268825 48 206 0
0.656283 -0.0255593 0.269699 48 206 0
0.656014 -0.0304427 0.270681 48 206 0
0.654238 -0.0382054 0.272192 48 206 0
0.653482 -0.0432013 0.273616 48 206 0
0.65274 -0.0482438 0.274874 48 206 0
0.652059 -0.0533217 0.276016 48 206 0
0.651503 -0.0584432 0.277024 48 206 0
0.651025 -0.0635987 0.277887 48 206 0
0.650538 -0.068775 0.278615 48 206 0
0.650104 -0.073972 0.279211 48 206 0
0.649742 -0.0791916 0.279633 48 206 0
0.649357 -0.0844067 0.280086 48 206 0
0.649788 -0.0791045 0.279548 48 206 0
0.65009 -0.0738858 0.2792 48 206 0
0.650476 -0.0686792 0.278763 48 206 0
0.650976 -0.0634956 0.278194 48 206 0
0.65147 -0.0583423 0.277401 48 206 0
0.652387 -0.053255 0.276551 48 206 0
0.653435 -0.048228 0.275511 48 206 0
0.654518 -0.0432422 0.27432 48 206 0
0.655816 -0.032924 0.271463 48 206 0
0.656101 -0.0280613 0.270409 48 206 0
0.656073 -0.0231955 0.269338 48 206 0
0.6562 -0.0183278 0.268276 48 206 0
0.656328 -0.0134523 0.267247 48 206 0
0.656531 -0.00854782 0.266388 48 206 0
0.656634 -0.00364133 0.265524 48 206 0
0.65673 0.00126612 0.264661 48 206 0
0.656851 0.00617206 0.263791 48 206 0
0.656899 0.0110694 0.262864 48 206 0
0.656977 0.0159721 0.261974 48 206 0
0.657228 0.0208834 0.261161 48 206 0
0.657449 0.0257861 0.26029 48 206 0
0.65744 0.0306565 0.25924 48 206 0
0.6583 0.0336074 0.259078 48 206 0
0.659351 0.0383874 0.258671 48 206 0
0.660629 0.04311 0.258226 49 205 0
0.661694 0.0478356 0.25738 49 205 0
0.663458 0.0523678 0.256601 49 205 0
0.665112 0.0568324 0.255353 49 205 0
0.667041 0.061194 0.254144 49 205 0
0.666185 0.0632743 0.252912 49 205 0
0.664069 0.0667966 0.250797 49 205 0
0.661984 0.0703482 0.24873 49 205 0
0.659249 0.0735472 0.246819 49 205 0
0.65717 0.0771848 0.244855 49 205 0
0.654921 0.080722 0.242898 49 205 0
0.653044 0.0844487 0.240932 49 205 0
0.654215 0.0825908 0.241928 49 205 0
0.656847 0.0792572 0.243828 49 205 0
0.65944 0.0758983 0.245738 49 205 0
0.66194 0.0724836 0.247673 49 205 0
0.664379 0.0690885 0.249716 49 205 0
0.666941 0.0657893 0.251763 49 205 0
0.668637 0.0642859 0.252976 49 205 0
0.670099 0.0607509 0.255603 49 205 0
0.671681 0.0572623 0.258223 49 205 0
0.673598 0.0538862 0.260766 49 205 0
0.675729 0.0505973 0.26325 49 205 0
0.677643 0.0471163 0.265643 49 205 0
0.679649 0.0436985 0.268053 49 205 0
0.682473 0.0444685 0.269576 49 205 0
0.686593 0.0443049 0.27238 49 205 0
0.690747 0.0444921 0.275123 49 205 0
0.69496 0.044981 0.277748 49 205 0
0.699217 0.0457796 0.280202 49 205 0
0.696701 0.045026 0.278943 49 205 0
0.692107 0.044179 0.276146 49 205 0
0.687505 0.0430932 0.273432 49 205 0
0.682917 0.0417731 0.270813 49 205 0
0.68054 0.0417484 0.269335 49 205 0
0.67566 0.0412799 0.26671 49 205 0
0.67075 0.0411 0.264125 49 205 0
0.665826 0.0412622 0.261544 49 205 0
0.6609 0.0414698 0.258972 49 205 0
0.660478 0.033466 0.260736 49 205 0
0.66005 0.0285792 0.261645 49 205 0
0.659609 0.0236637 0.262377 49 205 0
0.659187 0.018756 0.263159 49 205 0
0.658945 0.0138471 0.26401 49 205 0
0.658535 0.00891712 0.264659 49 205 0
0.658187 0.00397641 0.265262 49 205 0
0.657818 -0.000963763 0.265856 49 205 0
0.657505 -0.00589787 0.266527 49 205 0
0.657203 -0.0108298 0.267219 49 205 0
0.656885 -0.0157555 0.267948 49 205 0
0.65661 -0.0206585 0.268825 49 205 0
0.656283 -0.0255593 0.269699 50 204 0
0.656014 -0.0304427 0.270681 50 204 0
0.654238 -0.0382054 0.272192 50 204 0
0.653482 -0.0432013 0.273616 50 204 0
0.65274 -0.0482438 0.274874 50 204 0
0.652059 -0.0533217 0.276016 50 204 0
0.651503 -0.0584432 0.277024 50 204 0
0.651025 -0.0635987 0.277887 50 204 0
0.650538 -0.068775 0.278615 50 204 0
0.650104 -0.073972 0.279211 50 204 0
0.649742 -0.0791916 0.279633 50 204 0
0.649357 -0.0844067 0.280086 50 204 0
0.649788 -0.0791045 0.279548 50 204 0
0.65009 -0.0738858 0.2792 50 204 0
0.650476 -0.0686792 0.278763 50 204 0
0.650976 -0.0634956 0.278194 50 204 0
0.65147 -0.0583423 0.277401 50 204 0
0.652387 -0.053255 0.276551 50 204 0
0.653435 -0.048228 0.275511 50 204 0
0.654518 -0.0432422 0.27432 50 204 0
0.655816 -0.032924 0.271463 50 204 0
0.656101 -0.0280613 0.270409 50 204 0
0.656073 -0.0231955 0.269338 50 204 0
0.6562 -0.0183278 0.268276 50 204 0
0.656328 -0.0134523 0.267247 50 204 0
0.656531 -0.00854782 0.266388 50 204 0
0.656634 -0.00364133 0.265524 50 204 0
0.65673 0.00126612 0.264661 50 204 0
0.656851 0.00617206 0.263791 50 204 0
0.656899 0.0110694 0.262864 50 204 0
0.656977 0.0159721 0.261974 50 204 0
0.657228 0.0208834 0.261161 50 204 0
0.657449 0.0257861 0.26029 50 204 0
0.65744 0.0306565 0.25924 50 204 0
0.6583 0.0336074 0.259078 50 204 0
0.659351 0.0383874 0.258671 50 204 0
0.660629 0.04311 0.258226 50 204 0
0.661694 0.0478356 0.25738 50 204 0
0.663458 0.0523678 0.256601 50 204 0
0.665112 0.0568324 0.255353 50 204 0
0.667041 0.061194 0.254144 50 204 0
0.666185 0.0632743 0.252912 50 204 0
0.664069 0.0667966 0.250797 50 204 0
0.661984 0.0703482 0.24873 50 204 0
0.659249 0.0735472 0.246819 50 204 0
0.65717 0.0771848 0.244855 50 204 0
0.654921 0.080722 0.242898 50 204 0
0.653044 0.0844487 0.240932 50 204 0
0.647979 0.0872416 0.24909 50 204 0
0.594926 0.0971966 0.198706 50 204 0
0.60108 0.0925958 0.192306 50 204 0
0.584202 -0.0364599 0.229139 51 203 0
0.583584 -0.0234463 0.223536 51 203 0
0.583277 -0.0186979 0.221745 51 203 0
0.582962 -0.0139161 0.220036 51 203 0
0.582727 -0.00913347 0.21832 51 203 0
0.582437 -0.00437386 0.216547 51 203 0
0.58216 0.000404775 0.214823 51 203 0
0.581807 0.00516481 0.213062 51 203 0
0.581506 0.00991459 0.211264 51 203 0
0.58134 0.0146816 0.209495 51 203 0
0.581043 0.0193997 0.207615 51 203 0
0.580939 0.0241516 0.2058 51 203 0
0.58071 0.0288313 0.203817 51 203 0
0.5806 0.0335201 0.201845 51 203 0
0.580508 0.0381988 0.199849 51 203 0
0.580344 0.0428496 0.197793 51 203 0
0.580257 0.0475023 0.195737 51 203 0
0.580264 0.052119 0.193599 51 203 0
0.580206 0.0567413 0.191477 51 203 0
0.578195 0.0561862 0.189972 51 203 0
0.573964 0.0544786 0.187501 51 203 0
0.569738 0.0528764 0.18496 51 203 0
0.56553 0.0514213 0.182296 51 203 0
0.561357 0.050158 0.179499 51 203 0
0.558947 0.0502959 0.17746 51 203 0
0.555587 0.0517952 0.174022 51 203 0
0.552192 0.0532149 0.17059 51 203 0
0.548674 0.0543361 0.167165 51 203 0
0.545237 0.055502 0.163674 51 203 0
0.541725 0.0564211 0.16019 51 203 0
0.544226 0.0561373 0.16267 51 203 0
0.547204 0.0542623 0.165984 51 203 0
0.550277 0.0525564 0.169306 51 203 0
0.55347 0.0510336 0.172604 51 203 0
0.556731 0.0496639 0.1759 51 203 0
0.558703 0.0491874 0.177757 51 203 0
0.562556 0.0487979 0.181156 51 203 0
0.566329 0.0481386 0.184581 51 203 0
0.570067 0.0472425 0.188011 51 203 0
0.5739 0.0464577 0.191366 51 203 0
0.577838 0.045918 0.194636 51 203 0
0.57603 0.0358883 0.198129 51 203 0
0.575404 0.0312308 0.199692 51 203 0
0.574765 0.02651 0.201047 51 203 0
0.574084 0.0217843 0.202366 51 203 0
0.573501 0.0170597 0.203732 51 203 0
0.572906 0.0123124 0.20501 51 203 0
0.572292 0.0075422 0.206194 51 203 0
0.571677 0.00275541 0.207307 51 203 0
0.571041 -0.00204202 0.208362 51 203 0
0.570401 -0.00683637 0.209429 51 203 0
0.569756 -0.0116269 0.21051 52 202 0
0.569117 -0.0164194 0.211586 52 202 0
0.568472 -0.0212093 0.212669 52 202 0
0.567785 -0.0259795 0.213812 52 202 0
0.566698 -0.0338289 0.215628 52 202 0
0.56619 -0.0386158 0.216472 52 202 0
0.565717 -0.0434155 0.217262 52 202 0
0.56523 -0.0482104 0.218074 52 202 0
0.564767 -0.0530156 0.218836 52 202 0
0.564305 -0.0578241 0.219578 52 202 0
0.56371 -0.0626363 0.22019 52 202 0
0.56315 -0.0674602 0.220741 52 202 0
0.56262 -0.0722936 0.221234 52 202 0
0.562047 -0.0771178 0.221765 52 202 0
0.561362 -0.0819327 0.222244 52 202 0
0.562122 -0.07713 0.222219 52 202 0
0.562812 -0.0719949 0.221478 52 202 0
0.563513 -0.0668376 0.220927 52 202 0
0.563996 -0.0616874 0.220128 52 202 0
0.564471 -0.0565356 0.219335 52 202 0
0.564906 -0.0513702 0.21861 52 202 0
0.565359 -0.0462084 0.217871 52 202 0
0.565825 -0.0410521 0.217101 52 202 0
0.567101 -0.0309478 0.21496 52 202 0
0.567779 -0.0261819 0.213819 52 202 0
0.568449 -0.0214098 0.2127 52 202 0
0.569088 -0.0166214 0.211634 52 202 0
0.569728 -0.0118354 0.210557 52 202 0
0.570372 -0.00705065 0.209477 52 202 0
0.571012 -0.00226235 0.208411 52 202 0
0.571771 0.00252699 0.207439 52 202 0
0.572591 0.00730805 0.206469 52 202 0
0.573406 0.0120752 0.205428 52 202 0
0.574246 0.0168258 0.204334 52 202 0
0.575108 0.0215591 0.203181 52 202 0
0.576007 0.0262846 0.202026 52 202 0
0.57698 0.0310056 0.200914 52 202 0
0.578207 0.0356615 0.199782 52 202 0
0.578777 0.0386632 0.198625 52 202 0
0.578812 0.0432885 0.196555 52 202 0
0.579173 0.0479785 0.194653 52 202 0
0.579122 0.0525724 0.192495 52 202 0
0.579575 0.057286 0.19068 52 202 0
0.579768 0.0619749 0.188757 52 202 0
0.580038 0.0667152 0.186978 52 202 0
0.581862 0.0695492 0.187113 52 202 0
0.585594 0.0734354 0.187963 52 202 0
0.589244 0.0774145 0.188806 52 202 0
0.592893 0.081364 0.189808 52 202 0
0.596264 0.0855736 0.190773 52 202 0
0.599449 0.0899067 0.191801 52 202 0
0.597475 0.0872125 0.191069 52 202 0
0.594267 0.084224 0.189745 53 201 0
0.59119 0.0809751 0.188704 53 201 0
0.587981 0.0778484 0.187684 53 201 0
0.584896 0.074525 0.186952 53 201 0
0.581573 0.0715388 0.18596 53 201 0
0.579564 0.0700047 0.185222 53 201 0
0.57644 0.0666997 0.184207 53 201 0
0.573286 0.0634511 0.18311 53 201 0
0.570293 0.0600154 0.182126 53 201 0
0.567173 0.0567082 0.181098 53 201 0
0.564017 0.0534405 0.180055 53 201 0
0.560713 0.0503841 0.178865 53 201 0
0.558947 0.0502959 0.17746 53 201 0
0.555493 0.0515913 0.174036 53 201 0
0.552126 0.0530764 0.170602 53 201 0
0.548608 0.0541976 0.167178 53 201 0
0.545211 0.055456 0.163682 53 201 0
0.541725 0.0564211 0.16019 53 201 0
0.544226 0.0561373 0.16267 53 201 0
0.547204 0.0542623 0.165984 53 201 0
0.550277 0.0525564 0.169306 53 201 0
0.55347 0.0510336 0.172604 53 201 0
0.556731 0.0496639 0.1759 53 201 0
0.558703 0.0491874 0.177757 53 201 0
0.562556 0.0487979 0.181156 53 201 0
0.566329 0.0481386 0.184581 53 201 0
0.570067 0.0472425 0.188011 53 201 0
0.5739 0.0464577 0.191366 53 201 0
0.577838 0.045918 0.194636 53 201 0
0.57603 0.0358883 0.198129 53 201 0
0.575404 0.0312308 0.199692 53 201 0
0.574765 0.02651 0.201047 53 201 0
0.574084 0.0217843 0.202366 53 201 0
0.573501 0.0170597 0.203732 53 201 0
0.572906 0.0123124 0.20501 53 201 0
0.572292 0.0075422 0.206194 53 201 0
0.571677 0.00275541 0.207307 53 201 0
0.571041 -0.00204202 0.208362 53 201 0
0.570401 -0.00683637 0.209429 53 201 0
0.569756 -0.0116269 0.21051 53 201 0
0.569117 -0.0164194 0.211586 53 201 0
0.568472 -0.0212093 0.212669 53 201 0
0.567785 -0.0259795 0.213812 53 201 0
0.566698 -0.0338289 0.215628 53 201 0
0.56619 -0.0386158 0.216472 53 201 0
0.565717 -0.0434155 0.217262 53 201 0
0.56523 -0.0482104 0.218074 53 201 0
0.564767 -0.0530156 0.218836 53 201 0
0.564305 -0.0578241 0.219578 53 201 0
0.56371 -0.0626363 0.22019 53 201 0
0.56315 -0.0674602 0.220741 53 201 0
0.56262 -0.0722936 0.221234 54 200 0
0.562047 -0.0771178 0.221765 54 200 0
0.561362 -0.0819327 0.222244 54 200 0
0.562122 -0.07713 0.222219 54 200 0
0.562812 -0.0719949 0.221478 54 200 0
0.563513 -0.0668376 0.220927 54 200 0
0.563996 -0.0616874 0.220128 54 200 0
0.564471 -0.0565356 0.219335 54 200 0
0.564906 -0.0513702 0.21861 54 200 0
0.565359 -0.0462084 0.217871 54 200 0
0.565825 -0.0410521 0.217101 54 200 0
0.567101 -0.0309478 0.21496 54 200 0
0.567779 -0.0261819 0.213819 54 200 0
0.568449 -0.0214098 0.2127 54 200 0
0.569088 -0.0166214 0.211634 54 200 0
0.569728 -0.0118354 0.210557 54 200 0
0.570372 -0.00705065 0.209477 54 200 0
0.571012 -0.00226235 0.208411 54 200 0
0.571771 0.00252699 0.207439 54 200 0
0.572591 0.00730805 0.206469 54 200 0
0.573406 0.0120752 0.205428 54 200 0
0.574246 0.0168258 0.204334 54 200 0
0.575108 0.0215591 0.203181 54 200 0
0.576007 0.0262846 0.202026 54 200 0
0.57698 0.0310056 0.200914 54 200 0
0.578207 0.0356615 0.199782 54 200 0
0.578777 0.0386632 0.198625 54 200 0
0.578812 0.0432885 0.196555 54 200 0
0.579173 0.0479785 0.194653 54 200 0
0.579122 0.0525724 0.192495 54 200 0
0.579575 0.057286 0.19068 54 200 0
0.579768 0.0619749 0.188757 54 200 0
0.580038 0.0667152 0.186978 54 200 0
0.581862 0.0695492 0.187113 54 200 0
0.585594 0.0734354 0.187963 54 200 0
0.589244 0.0774145 0.188806 54 200 0
0.592893 0.081364 0.189808 54 200 0
0.596264 0.0855736 0.190773 54 200 0
0.599449 0.0899067 0.191801 54 200 0
0.593365 0.0943603 0.19837 54 200 0
0.646522 0.0887085 0.248126 54 200 0
0.651672 0.0860294 0.239984 54 200 0
0.653044 0.0844487 0.240932 54 200 0
0.655645 0.0805753 0.243082 54 200 0
0.658283 0.0767185 0.245215 54 200 0
0.661082 0.072963 0.247323 54 200 0
0.66402 0.0693461 0.249484 54 200 0
0.666941 0.0657893 0.251763 54 200 0
0.668637 0.0642859 0.252976 54 200 0
0.670099 0.0607509 0.255603 54 200 0
0.671681 0.0572623 0.258223 54 200 0
0.673598 0.0538862 0.260766 55 199 0
0.675729 0.0505973 0.26325 55 199 0
0.677643 0.0471163 0.265643 55 199 0
0.679649 0.0436985 0.268053 55 199 0
0.682473 0.0444685 0.269576 55 199 0
0.686593 0.0443049 0.27238 55 199 0
0.690747 0.0444921 0.275123 55 199 0
0.69496 0.044981 0.277748 55 199 0
0.699217 0.0457796 0.280202 55 199 0
0.696701 0.045026 0.278943 55 199 0
0.692107 0.044179 0.276146 55 199 0
0.687505 0.0430932 0.273432 55 199 0
0.682917 0.0417731 0.270813 55 199 0
0.68054 0.0417484 0.269335 55 199 0
0.67566 0.0412799 0.26671 55 199 0
0.67075 0.0411 0.264125 55 199 0
0.665826 0.0412622 0.261544 55 199 0
0.6609 0.0414698 0.258972 55 199 0
0.660478 0.033466 0.260736 55 199 0
0.66005 0.0285792 0.261645 55 199 0
0.659609 0.0236637 0.262377 55 199 0
0.659187 0.018756 0.263159 55 199 0
0.658945 0.0138471 0.26401 55 199 0
0.658535 0.00891712 0.264659 55 199 0
0.658187 0.00397641 0.265262 55 199 0
0.657818 -0.000963763 0.265856 55 199 0
0.657505 -0.00589787 0.266527 55 199 0
0.657203 -0.0108298 0.267219 55 199 0
0.656885 -0.0157555 0.267948 55 199 0
0.65661 -0.0206585 0.268825 55 199 0
0.656283 -0.0255593 0.269699 55 199 0
0.656014 -0.0304427 0.270681 55 199 0
0.654238 -0.0382054 0.272192 55 199 0
0.653482 -0.0432013 0.273616 55 199 0
0.65274 -0.0482438 0.274874 55 199 0
0.652059 -0.0533217 0.276016 55 199 0
0.651503 -0.0584432 0.277024 55 199 0
0.651025 -0.0635987 0.277887 55 199 0
0.650538 -0.068775 0.278615 55 199 0
0.650104 -0.073972 0.279211 55 199 0
0.649742 -0.0791916 0.279633 55 199 0
0.649357 -0.0844067 0.280086 55 199 0
0.649788 -0.0791045 0.279548 55 199 0
0.65009 -0.0738858 0.2792 55 199 0
0.650476 -0.0686792 0.278763 55 199 0
0.650976 -0.0634956 0.278194 55 199 0
0.65147 -0.0583423 0.277401 55 199 0
0.652387 -0.053255 0.276551 55 199 0
0.653435 -0.048228 0.275511 55 199 0
0.654518 -0.0432422 0.27432 55 199 0
0.655816 -0.032924 0.271463 55 199 0
0.656101 -0.0280613 0.270409 56 198 0
0.656073 -0.0231955 0.269338 56 198 0
0.6562 -0.0183278 0.268276 56 198 0
0.656328 -0.0134523 0.267247 56 198 0
0.656531 -0.00854782 0.266388 56 198 0
0.656634 -0.00364133 0.265524 56 198 0
0.65673 0.00126612 0.264661 56 198 0
0.656851 0.00617206 0.263791 56 198 0
0.656899 0.0110694 0.262864 56 198 0
0.656977 0.0159721 0.261974 56 198 0
0.657228 0.0208834 0.261161 56 198 0
0.657449 0.0257861 0.26029 56 198 0
0.65744 0.0306565 0.25924 56 198 0
0.6583 0.0336074 0.259078 56 198 0
0.659351 0.0383874 0.258671 56 198 0
0.660629 0.04311 0.258226 56 198 0
0.661694 0.0478356 0.25738 56 198 0
0.663458 0.0523678 0.256601 56 198 0
0.665112 0.0568324 0.255353 56 198 0
0.667041 0.061194 0.254144 56 198 0
0.666185 0.0632743 0.252912 56 198 0
0.664069 0.0667966 0.250797 56 198 0
0.661984 0.0703482 0.24873 56 198 0
0.659249 0.0735472 0.246819 56 198 0
0.65717 0.0771848 0.244855 56 198 0
0.654921 0.080722 0.242898 56 198 0
0.653044 0.0844487 0.240932 56 198 0
0.654215 0.0825908 0.241928 56 198 0
0.656847 0.0792572 0.243828 56 198 0
0.65944 0.0758983 0.245738 56 198 0
0.66194 0.0724836 0.247673 56 198 0
0.664379 0.0690885 0.249716 56 198 0
0.666941 0.0657893 0.251763 56 198 0
0.668637 0.0642859 0.252976 56 198 0
0.670099 0.0607509 0.255603 56 198 0
0.671681 0.0572623 0.258223 56 198 0
0.673598 0.0538862 0.260766 56 198 0
0.675729 0.0505973 0.26325 56 198 0
0.677643 0.0471163 0.265643 56 198 0
0.679649 0.0436985 0.268053 56 198 0
0.682473 0.0444685 0.269576 56 198 0
0.686593 0.0443049 0.27238 56 198 0
0.690747 0.0444921 0.275123 56 198 0
0.69496 0.044981 0.277748 56 198 0
0.699217 0.0457796 0.280202 56 198 0
0.696701 0.045026 0.278943 56 198 0
0.692107 0.044179 0.276146 56 198 0
0.687505 0.0430932 0.273432 56 198 0
0.682917 0.0417731 0.270813 56 198 0
0.68054 0.0417484 0.269335 56 198 0
0.67566 0.0412799 0.26671 56 198 0
0.67075 0.0411 0.264125 57 197 0
0.665826 0.0412622 0.261544 57 197 0
0.6609 0.0414698 0.258972 57 197 0
0.660478 0.033466 0.260736 57 197 0
0.66005 0.0285792 0.261645 57 197 0
0.659609 0.0236637 0.262377 57 197 0
0.659187 0.018756 0.263159 57 197 0
0.658945 0.0138471 0.26401 57 197 0
0.658535 0.00891712 0.264659 57 197 0
0.658187 0.00397641 0.265262 57 197 0
0.657818 -0.000963763 0.265856 57 197 0
0.657505 -0.00589787 0.266527 57 197 0
0.657203 -0.0108298 0.267219 57 197 0
0.656885 -0.0157555 0.267948 57 197 0
0.65661 -0.0206585 0.268825 57 197 0
0.656283 -0.0255593 0.269699 57 197 0
0.656014 -0.0304427 0.270681 57 197 0
0.654238 -0.0382054 0.272192 57 197 0
0.653482 -0.0432013 0.273616 57 197 0
0.65274 -0.0482438 0.274874 57 197 0
0.652059 -0.0533217 0.276016 57 197 0
0.651503 -0.0584432 0.277024 57 197 0
0.651025 -0.0635987 0.277887 57 197 0
0.650538 -0.068775 0.278615 57 197 0
0.650104 -0.073972 0.279211 57 197 0
0.649742 -0.0791916 0.279633 57 197 0
0.649357 -0.0844067 0.280086 57 197 0
0.649788 -0.0791045 0.279548 57 197 0
0.65009 -0.0738858 0.2792 57 197 0
0.650476 -0.0686792 0.278763 57 197 0
0.650976 -0.0634956 0.278194 57 197 0
0.65147 -0.0583423 0.277401 57 197 0
0.652387 -0.053255 0.276551 57 197 0
0.653435 -0.048228 0.275511 57 197 0
0.654518 -0.0432422 0.27432 57 197 0
0.655816 -0.032924 0.271463 57 197 0
0.656101 -0.0280613 0.270409 57 197 0
0.656073 -0.0231955 0.269338 57 197 0
0.6562 -0.0183278 0.268276 57 197 0
0.656328 -0.0134523 0.267247 57 197 0
0.656531 -0.00854782 0.266388 57 197 0
0.656634 -0.00364133 0.265524 57 197 0
0.65673 0.00126612 0.264661 57 197 0
0.656851 0.00617206 0.263791 57 197 0
0.656899 0.0110694 0.262864 57 197 0
0.656977 0.0159721 0.261974 57 197 0
0.657228 0.0208834 0.261161 57 197 0
0.657449 0.0257861 0.26029 57 197 0
0.65744 0.0306565 0.25924 57 197 0
0.6583 0.0336074 0.259078 57 197 0
0.659351 0.0383874 0.258671 57 197 0
0.660629 0.04311 0.258226 57 197 0
0.661694 0.0478356 0.25738 58 196 0
0.663458 0.0523678 0.256601 58 196 0
0.665112 0.0568324 0.255353 58 196 0
0.667041 0.061194 0.254144 58 196 0
0.666185 0.0632743 0.252912 58 196 0
0.664069 0.0667966 0.250797 58 196 0
0.661984 0.0703482 0.24873 58 196 0
0.659249 0.0735472 0.246819 58 196 0
0.65717 0.0771848 0.244855 58 196 0
0.654921 0.080722 0.242898 58 196 0
0.653044 0.0844487 0.240932 58 196 0
0.647979 0.0872416 0.24909 58 196 0
0.594926 0.0971966 0.198706 58 196 0
0.60108 0.0925958 0.192306 58 196 0
0.584202 -0.0364599 0.229139 58 196 0
0.583584 -0.0234463 0.223536 58 196 0
0.583277 -0.0186979 0.221745 58 196 0
0.582962 -0.0139161 0.220036 58 196 0
0.582727 -0.00913347 0.21832 58 196 0
0.582437 -0.00437386 0.216547 58 196 0
0.58216 0.000404775 0.214823 58 196 0
0.581807 0.00516481 0.213062 58 196 0
0.581506 0.00991459 0.211264 58 196 0
0.58134 0.0146816 0.209495 58 196 0
0.581043 0.0193997 0.207615 58 196 0
0.580939 0.0241516 0.2058 58 196 0
0.58071 0.0288313 0.203817 58 196 0
0.5806 0.0335201 0.201845 58 196 0
0.580508 0.0381988 0.199849 58 196 0
0.580344 0.0428496 0.197793 58 196 0
0.580257 0.0475023 0.195737 58 196 0
0.580264 0.052119 0.193599 58 196 0
0.580206 0.0567413 0.191477 58 196 0
0.578195 0.0561862 0.189972 58 196 0
0.573964 0.0544786 0.187501 58 196 0
0.569738 0.0528764 0.18496 58 196 0
0.56553 0.0514213 0.182296 58 196 0
0.561357 0.050158 0.179499 58 196 0
0.558947 0.0502959 0.17746 58 196 0
0.555587 0.0517952 0.174022 58 196 0
0.552192 0.0532149 0.17059 58 196 0
0.548674 0.0543361 0.167165 58 196 0
0.545237 0.055502 0.163674 58 196 0
0.541725 0.0564211 0.16019 58 196 0
0.544226 0.0561373 0.16267 58 196 0
0.547204 0.0542623 0.165984 58 196 0
0.550277 0.0525564 0.169306 58 196 0
0.55347 0.0510336 0.172604 58 196 0
0.556731 0.0496639 0.1759 58 196 0
0.558703 0.0491874 0.177757 58 196 0
0.562556 0.0487979 0.181156 58 196 0
0.566329 0.0481386 0.184581 59 195 0
0.570067 0.0472425 0.188011 59 195 0
0.5739 0.0464577 0.191366 59 195 0
0.577838 0.045918 0.194636 59 195 0
0.57603 0.0358883 0.198129 59 195 0
0.575404 0.0312308 0.199692 59 195 0
0.574765 0.02651 0.201047 59 195 0
0.574084 0.0217843 0.202366 59 195 0
0.573501 0.0170597 0.203732 59 195 0
0.572906 0.0123124 0.20501 59 195 0
0.572292 0.0075422 0.206194 59 195 0
0.571677 0.00275541 0.207307 59 195 0
0.571041 -0.00204202 0.208362 59 195 0
0.570401 -0.00683637 0.209429 59 195 0
0.569756 -0.0116269 0.21051 59 195 0
0.569117 -0.0164194 0.211586 59 195 0
0.568472 -0.0212093 0.212669 59 195 0
0.567785 -0.0259795 0.213812 59 195 0
0.566698 -0.0338289 0.215628 59 195 0
0.56619 -0.0386158 0.216472 59 195 0
0.565717 -0.0434155 0.217262 59 195 0
0.56523 -0.0482104 0.218074 59 195 0
0.564767 -0.0530156 0.218836 59 195 0
0.564305 -0.0578241 0.219578 59 195 0
0.56371 -0.0626363 0.22019 59 195 0
0.56315 -0.0674602 0.220741 59 195 0
0.56262 -0.0722936 0.221234 59 195 0
0.562047 -0.0771178 0.221765 59 195 0
0.561362 -0.0819327 0.222244 59 195 0
0.562122 -0.07713 0.222219 59 195 0
0.562812 -0.0719949 0.221478 59 195 0
0.563513 -0.0668376 0.220927 59 195 0
0.563996 -0.0616874 0.220128 59 195 0
0.564471 -0.0565356 0.219335 59 195 0
0.564906 -0.0513702 0.21861 59 195 0
0.565359 -0.0462084 0.217871 59 195 0
0.565825 -0.0410521 0.217101 59 195 0
0.567101 -0.0309478 0.21496 59 195 0
0.567779 -0.0261819 0.213819 59 195 0
0.568449 -0.0214098 0.2127 59 195 0
0.569088 -0.0166214 0.211634 59 195 0
0.569728 -0.0118354 0.210557 59 195 0
0.570372 -0.00705065 0.209477 59 195 0
0.571012 -0.00226235 0.208411 59 195 0
0.571771 0.00252699 0.207439 59 195 0
0.572591 0.00730805 0.206469 59 195 0
0.573406 0.0120752 0.205428 59 195 0
0.574246 0.0168258 0.204334 59 195 0
0.575108 0.0215591 0.203181 59 195 0
0.576007 0.0262846 0.202026 59 195 0
0.57698 0.0310056 0.200914 59 195 0
0.578207 0.0356615 0.199782 60 194 0
0.578777 0.0386632 0.198625 60 194 0
0.578812 0.0432885 0.196555 60 194 0
0.579173 0.0479785 0.194653 60 194 0
0.579122 0.0525724 0.192495 60 194 0
0.579575 0.057286 0.19068 60 194 0
0.579768 0.0619749 0.188757 60 194 0
0.580038 0.0667152 0.186978 60 194 0
0.581862 0.0695492 0.187113 60 194 0
0.585594 0.0734354 0.187963 60 194 0
0.589244 0.0774145 0.188806 60 194 0
0.592893 0.081364 0.189808 60 194 0
0.596264 0.0855736 0.190773 60 194 0
0.599449 0.0899067 0.191801 60 194 0
0.597475 0.0872125 0.191069 60 194 0
0.594267 0.084224 0.189745 60 194 0
0.59119 0.0809751 0.188704 60 194 0
0.587981 0.0778484 0.187684 60 194 0
0.584896 0.074525 0.186952 60 194 0
0.581573 0.0715388 0.18596 60 194 0
0.579564 0.0700047 0.185222 60 194 0
0.57644 0.0666997 0.184207 60 194 0
0.573286 0.0634511 0.18311 60 194 0
0.570293 0.0600154 0.182126 60 194 0
0.567173 0.0567082 0.181098 60 194 0
0.564017 0.0534405 0.180055 60 194 0
0.560713 0.0503841 0.178865 60 194 0
0.558947 0.0502959 0.17746 60 194 0
0.555493 0.0515913 0.174036 60 194 0
0.552126 0.0530764 0.170602 60 194 0
0.548608 0.0541976 0.167178 60 194 0
0.545211 0.055456 0.163682 60 194 0
0.541725 0.0564211 0.16019 60 194 0
0.544226 0.0561373 0.16267 60 194 0
0.547204 0.0542623 0.165984 60 194 0
0.550277 0.0525564 0.169306 60 194 0
0.55347 0.0510336 0.172604 60 194 0
0.556731 0.0496639 0.1759 60 194 0
0.558703 0.0491874 0.177757 60 194 0
0.562556 0.0487979 0.181156 60 194 0
0.566329 0.0481386 0.184581 60 194 0
0.570067 0.0472425 0.188011 60 194 0
0.5739 0.0464577 0.191366 60 194 0
0.577838 0.045918 0.194636 60 194 0
0.57603 0.0358883 0.198129 60 194 0
0.575404 0.0312308 0.199692 60 194 0
0.574765 0.02651 0.201047 60 194 0
0.574084 0.0217843 0.202366 60 194 0
0.573501 0.0170597 0.203732 60 194 0
0.572906 0.0123124 0.20501 60 194 0
0.572292 0.0075422 0.206194 60 194 0
0.571677 0.00275541 0.207307 61 193 0
0.571041 -0.00204202 0.208362 61 193 0
0.570401 -0.00683637 0.209429 61 193 0
0.569756 -0.0116269 0.21051 61 193 0
0.569117 -0.0164194 0.211586 61 193 0
0.568472 -0.0212093 0.212669 61 193 0
0.567785 -0.0259795 0.213812 61 193 0
0.566698 -0.0338289 0.215628 61 193 0
0.56619 -0.0386158 0.216472 61 193 0
0.565717 -0.0434155 0.217262 61 193 0
0.56523 -0.0482104 0.218074 61 193 0
0.564767 -0.0530156 0.218836 61 193 0
0.564305 -0.0578241 0.219578 61 193 0
0.56371 -0.0626363 0.22019 61 193 0
0.56315 -0.0674602 0.220741 61 193 0
0.56262 -0.0722936 0.221234 61 193 0
0.562047 -0.0771178 0.221765 61 193 0
0.561362 -0.0819327 0.222244 61 193 0
0.562122 -0.07713 0.222219 61 193 0
0.562812 -0.0719949 0.221478 61 193 0
0.563513 -0.0668376 0.220927 61 193 0
0.563996 -0.0616874 0.220128 61 193 0
0.564471 -0.0565356 0.219335 61 193 0
0.564906 -0.0513702 0.21861 61 193 0
0.565359 -0.0462084 0.217871 61 193 0
0.565825 -0.0410521 0.217101 61 193 0
0.567101 -0.0309478 0.21496 61 193 0
0.567779 -0.0261819 0.213819 61 193 0
0.568449 -0.0214098 0.2127 61 193 0
0.569088 -0.0166214 0.211634 61 193 0
0.569728 -0.0118354 0.210557 61 193 0
0.570372 -0.00705065 0.209477 61 193 0
0.571012 -0.00226235 0.208411 61 193 0
0.571771 0.00252699 0.207439 61 193 0
0.572591 0.00730805 0.206469 61 193 0
0.573406 0.0120752 0.205428 61 193 0
0.574246 0.0168258 0.204334 61 193 0
0.575108 0.0215591 0.203181 61 193 0
0.576007 0.0262846 0.202026 61 193 0
0.57698 0.0310056 0.200914 61 193 0
0.578207 0.0356615 0.199782 61 193 0
0.578777 0.0386632 0.198625 61 193 0
0.578812 0.0432885 0.196555 61 193 0
0.579173 0.0479785 0.194653 61 193 0
0.579122 0.0525724 0.192495 61 193 0
0.579575 0.057286 0.19068 61 193 0
0.579768 0.0619749 0.188757 61 193 0
0.580038 0.0667152 0.186978 61 193 0
0.581862 0.0695492 0.187113 61 193 0
0.585594 0.0734354 0.187963 61 193 0
0.589244 0.0774145 0.188806 61 193 0
0.592893 0.081364 0.189808 62 192 0
0.596264 0.0855736 0.190773 62 192 0
0.599449 0.0899067 0.191801 62 192 0
0.593365 0.0943603 0.19837 62 192 0
0.646522 0.0887085 0.248126 62 192 0
0.651672 0.0860294 0.239984 62 192 0
0.653044 0.0844487 0.240932 62 192 0
0.655645 0.0805753 0.243082 62 192 0
0.658283 0.0767185 0.245215 62 192 0
0.661082 0.072963 0.247323 62 192 0
0.66402 0.0693461 0.249484 62 192 0
0.666941 0.0657893 0.251763 62 192 0
0.668637 0.0642859 0.252976 62 192 0
0.670099 0.0607509 0.255603 62 192 0
0.671681 0.0572623 0.258223 62 192 0
0.673598 0.0538862 0.260766 62 192 0
0.675729 0.0505973 0.26325 62 192 0
0.677643 0.0471163 0.265643 62 192 0
0.679649 0.0436985 0.268053 62 192 0
0.682473 0.0444685 0.269576 62 192 0
0.686593 0.0443049 0.27238 62 192 0
0.690747 0.0444921 0.275123 62 192 0
0.69496 0.044981 0.277748 62 192 0
0.699217 0.0457796 0.280202 62 192 0
0.696701 0.045026 0.278943 62 192 0
0.692107 0.044179 0.276146 62 192 0
0.687505 0.0430932 0.273432 62 192 0
0.682917 0.0417731 0.270813 62 192 0
0.68054 0.0417484 0.269335 62 192 0
0.67566 0.0412799 0.26671 62 192 0
0.67075 0.0411 0.264125 62 192 0
0.665826 0.0412622 0.261544 62 192 0
0.6609 0.0414698 0.258972 62 192 0
0.660478 0.033466 0.260736 62 192 0
0.66005 0.0285792 0.261645 62 192 0
0.659609 0.0236637 0.262377 62 192 0
0.659187 0.018756 0.263159 62 192 0
0.658945 0.0138471 0.26401 62 192 0
0.658535 0.00891712 0.264659 62 192 0
0.658187 0.00397641 0.265262 62 192 0
0.657818 -0.000963763 0.265856 62 192 0
0.657505 -0.00589787 0.266527 62 192 0
0.657203 -0.0108298 0.267219 62 192 0
0.656885 -0.0157555 0.267948 62 192 0
0.65661 -0.0206585 0.268825 62 192 0
0.656283 -0.0255593 0.269699 62 192 0
0.656014 -0.0304427 0.270681 62 192 0
0.654238 -0.0382054 0.272192 62 192 0
0.653482 -0.0432013 0.273616 62 192 0
0.65274 -0.0482438 0.274874 62 192 0
0.652059 -0.0533217 0.276016 62 192 0
0.651503 -0.0584432 0.277024 62 192 0
0.651025 -0.0635987 0.277887 63 191 0
0.650538 -0.068775 0.278615 63 191 0
0.650104 -0.073972 0.279211 63 191 0
0.649742 -0.0791916 0.279633 63 191 0
0.649357 -0.0844067 0.280086 63 191 0
0.649788 -0.0791045 0.279548 63 191 0
0.65009 -0.0738858 0.2792 63 191 0
0.650476 -0.0686792 0.278763 63 191 0
0.650976 -0.0634956 0.278194 63 191 0
0.65147 -0.0583423 0.277401 63 191 0
0.652387 -0.053255 0.276551 63 191 0
0.653435 -0.048228 0.275511 63 191 0
0.654518 -0.0432422 0.27432 63 191 0
0.655816 -0.032924 0.271463 63 191 0
0.656101 -0.0280613 0.270409 63 191 0
0.656073 -0.0231955 0.269338 63 191 0
0.6562 -0.0183278 0.268276 63 191 0
0.656328 -0.0134523 0.267247 63 191 0
0.656531 -0.00854782 0.266388 63 191 0
0.656634 -0.00364133 0.265524 63 191 0
0.65673 0.00126612 0.264661 63 191 0
0.656851 0.00617206 0.263791 63 191 0
0.656899 0.0110694 0.262864 63 191 0
0.656977 0.0159721 0.261974 63 191 0
0.657228 0.0208834 0.261161 63 191 0
0.657449 0.0257861 0.26029 63 191 0
0.65744 0.0306565 0.25924 63 191 0
0.6583 0.0336074 0.259078 63 191 0
0.659351 0.0383874 0.258671 63 191 0
0.660629 0.04311 0.258226 63 191 0
0.661694 0.0478356 0.25738 63 191 0
0.663458 0.0523678 0.256601 63 191 0
0.665112 0.0568324 0.255353 63 191 0
0.667041 0.061194 0.254144 63 191 0
0.666185 0.0632743 0.252912 63 191 0
0.664069 0.0667966 0.250797 63 191 0
0.661984 0.0703482 0.24873 63 191 0
0.659249 0.0735472 0.246819 63 191 0
0.65717 0.0771848 0.244855 63 191 0
0.654921 0.080722 0.242898 63 191 0
0.653044 0.0844487 0.240932 63 191 0
0.654215 0.0825908 0.241928 63 191 0
0.656847 0.0792572 0.243828 63 191 0
0.65944 0.0758983 0.245738 63 191 0
0.66194 0.0724836 0.247673 63 191 0
0.664379 0.0690885 0.249716 63 191 0
0.666941 0.0657893 0.251763 63 191 0
0.668637 0.0642859 0.252976 63 191 0
0.670099 0.0607509 0.255603 63 191 0
0.671681 0.0572623 0.258223 63 191 0
0.673598 0.0538862 0.260766 63 191 0
0.675729 0.0505973 0.26325 64 190 0
0.677643 0.0471163 0.265643 64 190 0
0.679649 0.0436985 0.268053 64 190 0
0.682473 0.0444685 0.269576 64 190 0
0.686593 0.0443049 0.27238 64 190 0
0.690747 0.0444921 0.275123 64 190 0
0.69496 0.044981 0.277748 64 190 0
0.699217 0.0457796 0.280202 64 190 0
0.696701 0.045026 0.278943 64 190 0
0.692107 0.044179 0.276146 64 190 0
0.687505 0.0430932 0.273432 64 190 0
0.682917 0.0417731 0.270813 64 190 0
0.68054 0.0417484 0.269335 64 190 0
0.67566 0.0412799 0.26671 64 190 0
0.67075 0.0411 0.264125 64 190 0
0.665826 0.0412622 0.261544 64 190 0
0.6609 0.0414698 0.258972 64 190 0
0.660478 0.033466 0.260736 64 190 0
0.66005 0.0285792 0.261645 64 190 0
0.659609 0.0236637 0.262377 64 190 0
0.659187 0.018756 0.263159 64 190 0
0.658945 0.0138471 0.26401 64 190 0
0.658535 0.00891712 0.264659 64 190 0
0.658187 0.00397641 0.265262 64 190 0
0.657818 -0.000963763 0.265856 64 190 0
0.657505 -0.00589787 0.266527 64 190 0
0.657203 -0.0108298 0.267219 64 190 0
0.656885 -0.0157555 0.267948 64 190 0
0.65661 -0.0206585 0.268825 64 190 0
0.656283 -0.0255593 0.269699 64 190 0
0.656014 -0.0304427 0.270681 64 190 0
0.654238 -0.0382054 0.272192 64 190 0
0.653482 -0.0432013 0.273616 64 190 0
0.65274 -0.0482438 0.274874 64 190 0
0.652059 -0.0533217 0.276016 64 190 0
0.651503 -0.0584432 0.277024 64 190 0
0.651025 -0.0635987 0.277887 64 190 0
0.650538 -0.068775 0.278615 64 190 0
0.650104 -0.073972 0.279211 64 190 0
0.649742 -0.0791916 0.279633 64 190 0
0.649357 -0.0844067 0.280086 64 190 0
0.649788 -0.0791045 0.279548 64 190 0
0.65009 -0.0738858 0.2792 64 190 0
0.650476 -0.0686792 0.278763 64 190 0
0.650976 -0.0634956 0.278194 64 190 0
0.65147 -0.0583423 0.277401 64 190 0
0.652387 -0.053255 0.276551 64 190 0
0.653435 -0.048228 0.275511 64 190 0
0.654518 -0.0432422 0.27432 64 190 0
0.655816 -0.032924 0.271463 64 190 0
0.656101 -0.0280613 0.270409 64 190 0
0.656073 -0.0231955 0.269338 65 189 0
0.6562 -0.0183278 0.268276 65 189 0
0.656328 -0.0134523 0.267247 65 189 0
0.656531 -0.00854782 0.266388 65 189 0
0.656634 -0.00364133 0.265524 65 189 0
0.65673 0.00126612 0.264661 65 189 0
0.656851 0.00617206 0.263791 65 189 0
0.656899 0.0110694 0.262864 65 189 0
0.656977 0.0159721 0.261974 65 189 0
0.657228 0.0208834 0.261161 65 189 0
0.657449 0.0257861 0.26029 65 189 0
0.65744 0.0306565 0.25924 65 189 0
0.6583 0.0336074 0.259078 65 189 0
0.659351 0.0383874 0.258671 65 189 0
0.660629 0.04311 0.258226 65 189 0
0.661694 0.0478356 0.25738 65 189 0
0.663458 0.0523678 0.256601 65 189 0
0.665112 0.0568324 0.255353 65 189 0
0.667041 0.061194 0.254144 65 189 0
0.666185 0.0632743 0.252912 65 189 0
0.664069 0.0667966 0.250797 65 189 0
0.661984 0.0703482 0.24873 65 189 0
0.659249 0.0735472 0.246819 65 189 0
0.65717 0.0771848 0.244855 65 189 0
0.654921 0.080722 0.242898 65 189 0
0.653044 0.0844487 0.240932 65 189 0
0.647979 0.0872416 0.24909 65 189 0
0.594926 0.0971966 0.198706 65 189 0
0.60108 0.0925958 0.192306 65 189 0
0.584202 -0.0364599 0.229139 65 189 0
0.583584 -0.0234463 0.223536 65 189 0
0.583277 -0.0186979 0.221745 65 189 0
0.582962 -0.0139161 0.220036 65 189 0
0.582727 -0.00913347 0.21832 65 189 0
0.582437 -0.00437386 0.216547 65 189 0
0.58216 0.000404775 0.214823 65 189 0
0.581807 0.00516481 0.213062 65 189 0
0.581506 0.00991459 0.211264 65 189 0
0.58134 0.0146816 0.209495 65 189 0
0.581043 0.0193997 0.207615 65 189 0
0.580939 0.0241516 0.2058 65 189 0
0.58071 0.0288313 0.203817 65 189 0
0.5806 0.0335201 0.201845 65 189 0
0.580508 0.0381988 0.199849 65 189 0
0.580344 0.0428496 0.197793 65 189 0
0.580257 0.0475023 0.195737 65 189 0
0.580264 0.052119 0.193599 65 189 0
0.580206 0.0567413 0.191477 65 189 0
0.578195 0.0561862 0.189972 65 189 0
0.573964 0.0544786 0.187501 65 189 0
0.569738 0.0528764 0.18496 65 189 0
0.56553 0.0514213 0.182296 66 188 0
0.561357 0.050158 0.179499 66 188 0
0.558947 0.0502959 0.17746 66 188 0
0.555587 0.0517952 0.174022 66 188 0
0.552192 0.0532149 0.17059 66 188 0
0.548674 0.0543361 0.167165 66 188 0
0.545237 0.055502 0.163674 66 188 0
0.541725 0.0564211 0.16019 66 188 0
0.544226 0.0561373 0.16267 66 188 0
0.547204 0.0542623 0.165984 66 188 0
0.550277 0.0525564 0.169306 66 188 0
0.55347 0.0510336 0.172604 66 188 0
0.556731 0.0496639 0.1759 66 188 0
0.558703 0.0491874 0.177757 66 188 0
0.562556 0.0487979 0.181156 66 188 0
0.566329 0.0481386 0.184581 66 188 0
0.570067 0.0472425 0.188011 66 188 0
0.5739 0.0464577 0.191366 66 188 0
0.577838 0.045918 0.194636 66 188 0
0.57603 0.0358883 0.198129 66 188 0
0.575404 0.0312308 0.199692 66 188 0
0.574765 0.02651 0.201047 66 188 0
0.574084 0.0217843 0.202366 66 188 0
0.573501 0.0170597 0.203732 66 188 0
0.572906 0.0123124 0.20501 66 188 0
0.572292 0.0075422 0.206194 66 188 0
0.571677 0.00275541 0.207307 66 188 0
0.571041 -0.00204202 0.208362 66 188 0
0.570401 -0.00683637 0.209429 66 188 0
0.569756 -0.0116269 0.21051 66 188 0
0.569117 -0.0164194 0.211586 66 188 0
0.568472 -0.0212093 0.212669 66 188 0
0.567785 -0.0259795 0.213812 66 188 0
0.566698 -0.0338289 0.215628 66 188 0
0.56619 -0.0386158 0.216472 66 188 0
0.565717 -0.0434155 0.217262 66 188 0
0.56523 -0.0482104 0.218074 66 188 0
0.564767 -0.0530156 0.218836 66 188 0
0.564305 -0.0578241 0.219578 66 188 0
0.56371 -0.0626363 0.22019 66 188 0
0.56315 -0.0674602 0.220741 66 188 0
0.56262 -0.0722936 0.221234 66 188 0
0.562047 -0.0771178 0.221765 66 188 0
0.561362 -0.0819327 0.222244 66 188 0
0.562122 -0.07713 0.222219 66 188 0
0.562812 -0.0719949 0.221478 66 188 0
0.563513 -0.0668376 0.220927 66 188 0
0.563996 -0.0616874 0.220128 66 188 0
0.564471 -0.0565356 0.219335 66 188 0
0.564906 -0.0513702 0.21861 66 188 0
0.565359 -0.0462084 0.217871 66 188 0
0.565825 -0.0410521 0.217101 67 187 0
0.567101 -0.0309478 0.21496 67 187 0
0.567779 -0.0261819 0.213819 67 187 0
0.568449 -0.0214098 0.2127 67 187 0
0.569088 -0.0166214 0.211634 67 187 0
0.569728 -0.0118354 0.210557 67 187 0
0.570372 -0.00705065 0.209477 67 187 0
0.571012 -0.00226235 0.208411 67 187 0
0.571771 0.00252699 0.207439 67 187 0
0.572591 0.00730805 0.206469 67 187 0
0.573406 0.0120752 0.205428 67 187 0
0.574246 0.0168258 0.204334 67 187 0
0.575108 0.0215591 0.203181 67 187 0
0.576007 0.0262846 0.202026 67 187 0
0.57698 0.0310056 0.200914 67 187 0
0.578207 0.0356615 0.199782 67 187 0
0.578777 0.0386632 0.198625 67 187 0
0.578812 0.0432885 0.196555 67 187 0
0.579173 0.0479785 0.194653 67 187 0
0.579122 0.0525724 0.192495 67 187 0
0.579575 0.057286 0.19068 67 187 0
0.579768 0.0619749 0.188757 67 187 0
0.580038 0.0667152 0.186978 67 187 0
0.581862 0.0695492 0.187113 67 187 0
0.585594 0.0734354 0.187963 67 187 0
0.589244 0.0774145 0.188806 67 187 0
0.592893 0.081364 0.189808 67 187 0
0.596264 0.0855736 0.190773 67 187 0
0.599449 0.0899067 0.191801 67 187 0
0.597475 0.0872125 0.191069 67 187 0
0.594267 0.084224 0.189745 67 187 0
0.59119 0.0809751 0.188704 67 187 0
0.587981 0.0778484 0.187684 67 187 0
0.584896 0.074525 0.186952 67 187 0
0.581573 0.0715388 0.18596 67 187 0
0.579564 0.0700047 0.185222 67 187 0
0.57644 0.0666997 0.184207 67 187 0
0.573286 0.0634511 0.18311 67 187 0
0.570293 0.0600154 0.182126 67 187 0
0.567173 0.0567082 0.181098 67 187 0
0.564017 0.0534405 0.180055 67 187 0
0.560713 0.0503841 0.178865 67 187 0
0.558947 0.0502959 0.17746 67 187 0
0.555493 0.0515913 0.174036 67 187 0
0.552126 0.0530764 0.170602 67 187 0
0.548608 0.0541976 0.167178 67 187 0
0.545211 0.055456 0.163682 67 187 0
0.541725 0.0564211 0.16019 67 187 0
0.544226 0.0561373 0.16267 67 187 0
0.547204 0.0542623 0.165984 67 187 0
0.550277 0.0525564 0.169306 67 187 0
0.55347 0.0510336 0.172604 67 187 0
0.556731 0.0496639 0.1759 68 186 0
0.558703 0.0491874 0.177757 68 186 0
0.562556 0.0487979 0.181156 68 186 0
0.566329 0.0481386 0.184581 68 186 0
0.570067 0.0472425 0.188011 68 186 0
0.5739 0.0464577 0.191366 68 186 0
0.577838 0.045918 0.194636 68 186 0
0.57603 0.0358883 0.198129 68 186 0
0.575404 0.0312308 0.199692 68 186 0
0.574765 0.02651 0.201047 68 186 0
0.574084 0.0217843 0.202366 68 186 0
0.573501 0.0170597 0.203732 68 186 0
0.572906 0.0123124 0.20501 68 186 0
0.572292 0.0075422 0.206194 68 186 0
0.571677 0.00275541 0.207307 68 186 0
0.571041 -0.00204202 0.208362 68 186 0
0.570401 -0.00683637 0.209429 68 186 0
0.569756 -0.0116269 0.21051 68 186 0
0.569117 -0.0164194 0.211586 68 186 0
0.568472 -0.0212093 0.212669 68 186 0
0.567785 -0.0259795 0.213812 68 186 0
0.566698 -0.0338289 0.215628 68 186 0
0.56619 -0.0386158 0.216472 68 186 0
0.565717 -0.0434155 0.217262 68 186 0
0.56523 -0.0482104 0.218074 68 186 0
0.564767 -0.0530156 0.218836 68 186 0
0.564305 -0.0578241 0.219578 68 186 0
0.56371 -0.0626363 0.22019 68 186 0
0.56315 -0.0674602 0.220741 68 186 0
0.56262 -0.0722936 0.221234 68 186 0
0.562047 -0.0771178 0.221765 68 186 0
0.561362 -0.0819327 0.222244 68 186 0
0.562122 -0.07713 0.222219 68 186 0
0.562812 -0.0719949 0.221478 68 186 0
0.563513 -0.0668376 0.220927 68 186 0
0.563996 -0.0616874 0.220128 68 186 0
0.564471 -0.0565356 0.219335 68 186 0
0.564906 -0.0513702 0.21861 68 186 0
0.565359 -0.0462084 0.217871 68 186 0
0.565825 -0.0410521 0.217101 68 186 0
0.567101 -0.0309478 0.21496 68 186 0
0.567779 -0.0261819 0.213819 68 186 0
0.568449 -0.0214098 0.2127 68 186 0
0.569088 -0.0166214 0.211634 68 186 0
0.569728 -0.0118354 0.210557 68 186 0
0.570372 -0.00705065 0.209477 68 186 0
0.571012 -0.00226235 0.208411 68 186 0
0.571771 0.00252699 0.207439 68 186 0
0.572591 0.00730805 0.206469 68 186 0
0.573406 0.0120752 0.205428 68 186 0
0.574246 0.0168258 0.204334 68 186 0
0.575108 0.0215591 0.203181 69 185 0
0.576007 0.0262846 0.202026 69 185 0
0.57698 0.0310056 0.200914 69 185 0
0.578207 0.0356615 0.199782 69 185 0
0.578777 0.0386632 0.198625 69 185 0
0.578812 0.0432885 0.196555 69 185 0
0.579173 0.0479785 0.194653 69 185 0
0.579122 0.0525724 0.192495 69 185 0
0.579575 0.057286 0.19068 69 185 0
0.579768 0.0619749 0.188757 69 185 0
0.580038 0.0667152 0.186978 69 185 0
0.581862 0.0695492 0.187113 69 185 0
0.585594 0.0734354 0.187963 69 185 0
0.589244 0.0774145 0.188806 69 185 0
0.592893 0.081364 0.189808 69 185 0
0.596264 0.0855736 0.190773 69 185 0
0.599449 0.0899067 0.191801 69 185 0
0.593365 0.0943603 0.19837 69 185 0
0.646522 0.0887085 0.248126 69 185 0
0.651672 0.0860294 0.239984 69 185 0
0.653044 0.0844487 0.240932 69 185 0
0.655645 0.0805753 0.243082 69 185 0
0.658283 0.0767185 0.245215 69 185 0
0.661082 0.072963 0.247323 69 185 0
0.66402 0.0693461 0.249484 69 185 0
0.666941 0.0657893 0.251763 69 185 0
0.668637 0.0642859 0.252976 69 185 0
0.670099 0.0607509 0.255603 69 185 0
0.671681 0.0572623 0.258223 69 185 0
0.673598 0.0538862 0.260766 69 185 0
0.675729 0.0505973 0.26325 69 185 0
0.677643 0.0471163 0.265643 69 185 0
0.679649 0.0436985 0.268053 69 185 0
0.682473 0.0444685 0.269576 69 185 0
0.686593 0.0443049 0.27238 69 185 0
0.690747 0.0444921 0.275123 69 185 0
0.69496 0.044981 0.277748 69 185 0
0.699217 0.0457796 0.280202 69 185 0
0.696701 0.045026 0.278943 69 185 0
0.692107 0.044179 0.276146 69 185 0
0.687505 0.0430932 0.273432 69 185 0
0.682917 0.0417731 0.270813 69 185 0
0.68054 0.0417484 0.269335 69 185 0
0.67566 0.0412799 0.26671 69 185 0
0.67075 0.0411 0.264125 69 185 0
0.665826 0.0412622 0.261544 69 185 0
0.6609 0.0414698 0.258972 69 185 0
0.660478 0.033466 0.260736 69 185 0
0.66005 0.0285792 0.261645 69 185 0
0.659609 0.0236637 0.262377 69 185 0
0.659187 0.018756 0.263159 69 185 0
0.658945 0.0138471 0.26401 70 184 0
0.658535 0.00891712 0.264659 70 184 0
0.658187 0.00397641 0.265262 70 184 0
0.657818 -0.000963763 0.265856 70 184 0
0.657505 -0.00589787 0.266527 70 184 0
0.657203 -0.0108298 0.267219 70 184 0
0.656885 -0.0157555 0.267948 70 184 0
0.65661 -0.0206585 0.268825 70 184 0
0.656283 -0.0255593 0.269699 70 184 0
0.656014 -0.0304427 0.270681 70 184 0
0.654238 -0.0382054 0.272192 70 184 0
0.653482 -0.0432013 0.273616 70 184 0
0.65274 -0.0482438 0.274874 70 184 0
0.652059 -0.0533217 0.276016 70 184 0
0.651503 -0.0584432 0.277024 70 184 0
0.651025 -0.0635987 0.277887 70 184 0
0.650538 -0.068775 0.278615 70 184 0
0.650104 -0.073972 0.279211 70 184 0
0.649742 -0.0791916 0.279633 70 184 0
0.649357 -0.0844067 0.280086 70 184 0
0.649788 -0.0791045 0.279548 70 184 0
0.65009 -0.0738858 0.2792 70 184 0
0.650476 -0.0686792 0.278763 70 184 0
0.650976 -0.0634956 0.278194 70 184 0
0.65147 -0.0583423 0.277401 70 184 0
0.652387 -0.053255 0.276551 70 184 0
0.653435 -0.048228 0.275511 70 184 0
0.654518 -0.0432422 0.27432 70 184 0
0.655816 -0.032924 0.271463 70 184 0
0.656101 -0.0280613 0.270409 70 184 0
0.656073 -0.0231955 0.269338 70 184 0
0.6562 -0.0183278 0.268276 70 184 0
0.656328 -0.0134523 0.267247 70 184 0
0.656531 -0.00854782 0.266388 70 184 0
0.656634 -0.00364133 0.265524 70 184 0
0.65673 0.00126612 0.264661 70 184 0
0.656851 0.00617206 0.263791 70 184 0
0.656899 0.0110694 0.262864 70 184 0
0.656977 0.0159721 0.261974 70 184 0
0.657228 0.0208834 0.261161 70 184 0
0.657449 0.0257861 0.26029 70 184 0
0.65744 0.0306565 0.25924 70 184 0
0.6583 0.0336074 0.259078 70 184 0
0.659351 0.0383874 0.258671 70 184 0
0.660629 0.04311 0.258226 70 184 0
0.661694 0.0478356 0.25738 70 184 0
0.663458 0.0523678 0.256601 70 184 0
0.665112 0.0568324 0.255353 70 184 0
0.667041 0.061194 0.254144 70 184 0
0.666185 0.0632743 0.252912 70 184 0
0.664069 0.0667966 0.250797 70 184 0
0.661984 0.0703482 0.24873 71 183 0
0.659249 0.0735472 0.246819 71 183 0
0.65717 0.0771848 0.244855 71 183 0
0.654921 0.080722 0.242898 71 183 0
0.653044 0.0844487 0.240932 71 183 0
0.654215 0.0825908 0.241928 71 183 0
0.656847 0.0792572 0.243828 71 183 0
0.65944 0.0758983 0.245738 71 183 0
0.66194 0.0724836 0.247673 71 183 0
0.664379 0.0690885 0.249716 71 183 0
0.666941 0.0657893 0.251763 71 183 0
0.668637 0.0642859 0.252976 71 183 0
0.670099 0.0607509 0.255603 71 183 0
0.671681 0.0572623 0.258223 71 183 0
0.673598 0.0538862 0.260766 71 183 0
0.675729 0.0505973 0.26325 71 183 0
0.677643 0.0471163 0.265643 71 183 0
0.679649 0.0436985 0.268053 71 183 0
0.682473 0.0444685 0.269576 71 183 0
0.686593 0.0443049 0.27238 71 183 0
0.690747 0.0444921 0.275123 71 183 0
0.69496 0.044981 0.277748 71 183 0
0.699217 0.0457796 0.280202 71 183 0
0.696701 0.045026 0.278943 71 183 0
0.692107 0.044179 0.276146 71 183 0
0.687505 0.0430932 0.273432 71 183 0
0.682917 0.0417731 0.270813 71 183 0
0.68054 0.0417484 0.269335 71 183 0
0.67566 0.0412799 0.26671 71 183 0
0.67075 0.0411 0.264125 71 183 0
0.665826 0.0412622 0.261544 71 183 0
0.6609 0.0414698 0.258972 71 183 0
0.660478 0.033466 0.260736 71 183 0
0.66005 0.0285792 0.261645 71 183 0
0.659609 0.0236637 0.262377 71 183 0
0.659187 0.018756 0.263159 71 183 0
0.658945 0.0138471 0.26401 71 183 0
0.658535 0.00891712 0.264659 71 183 0
0.658187 0.00397641 0.265262 71 183 0
0.657818 -0.000963763 0.265856 71 183 0
0.657505 -0.00589787 0.266527 71 183 0
0.657203 -0.0108298 0.267219 71 183 0
0.656885 -0.0157555 0.267948 71 183 0
0.65661 -0.0206585 0.268825 71 183 0
0.656283 -0.0255593 0.269699 71 183 0
0.656014 -0.0304427 0.270681 71 183 0
0.654238 -0.0382054 0.272192 71 183 0
0.653482 -0.0432013 0.273616 71 183 0
0.65274 -0.0482438 0.274874 71 183 0
0.652059 -0.0533217 0.276016 71 183 0
0.651503 -0.0584432 0.277024 71 183 0
0.651025 -0.0635987 0.277887 72 182 0
0.650538 -0.068775 0.278615 72 182 0
0.650104 -0.073972 0.279211 72 182 0
0.649742 -0.0791916 0.279633 72 182 0
0.649357 -0.0844067 0.280086 72 182 0
0.649788 -0.0791045 0.279548 72 182 0
0.65009 -0.0738858 0.2792 72 182 0
0.650476 -0.0686792 0.278763 72 182 0
0.650976 -0.0634956 0.278194 72 182 0
0.65147 -0.0583423 0.277401 72 182 0
0.652387 -0.053255 0.276551 72 182 0
0.653435 -0.048228 0.275511 72 182 0
0.654518 -0.0432422 0.27432 72 182 0
0.655816 -0.032924 0.271463 72 182 0
0.656101 -0.0280613 0.270409 72 182 0
0.656073 -0.0231955 0.269338 72 182 0
0.6562 -0.0183278 0.268276 72 182 0
0.656328 -0.0134523 0.267247 72 182 0
0.656531 -0.00854782 0.266388 72 182 0
0.656634 -0.00364133 0.265524 72 182 0
0.65673 0.00126612 0.264661 72 182 0
0.656851 0.00617206 0.263791 72 182 0
0.656899 0.0110694 0.262864 72 182 0
0.656977 0.0159721 0.261974 72 182 0
0.657228 0.0208834 0.261161 72 182 0
0.657449 0.0257861 0.26029 72 182 0
0.65744 0.0306565 0.25924 72 182 0
0.6583 0.0336074 0.259078 72 182 0
0.659351 0.0383874 0.258671 72 182 0
0.660629 0.04311 0.258226 72 182 0
0.661694 0.0478356 0.25738 72 182 0
0.663458 0.0523678 0.256601 72 182 0
0.665112 0.0568324 0.255353 72 182 0
0.667041 0.061194 0.254144 72 182 0
0.666185 0.0632743 0.252912 72 182 0
0.664069 0.0667966 0.250797 72 182 0
0.661984 0.0703482 0.24873 72 182 0
0.659249 0.0735472 0.246819 72 182 0
0.65717 0.0771848 0.244855 72 182 0
0.654921 0.080722 0.242898 72 182 0
0.653044 0.0844487 0.240932 72 182 0
0.647979 0.0872416 0.24909 72 182 0
0.594926 0.0971966 0.198706 72 182 0
0.60108 0.0925958 0.192306 72 182 0
0.584202 -0.0364599 0.229139 72 182 0
0.583584 -0.0234463 0.223536 72 182 0
0.583277 -0.0186979 0.221745 72 182 0
0.582962 -0.0139161 0.220036 72 182 0
0.582727 -0.00913347 0.21832 72 182 0
0.582437 -0.00437386 0.216547 72 182 0
0.58216 0.000404775 0.214823 72 182 0
0.581807 0.00516481 0.213062 72 182 0
0.581506 0.00991459 0.211264 73 181 0
0.58134 0.0146816 0.209495 73 181 0
0.581043 0.0193997 0.207615 73 181 0
0.580939 0.0241516 0.2058 73 181 0
0.58071 0.0288313 0.203817 73 181 0
0.5806 0.0335201 0.201845 73 181 0
0.580508 0.0381988 0.199849 73 181 0
0.580344 0.0428496 0.197793 73 181 0
0.580257 0.0475023 0.195737 73 181 0
0.580264 0.052119 0.193599 73 181 0
0.580206 0.0567413 0.191477 73 181 0
0.578195 0.0561862 0.189972 73 181 0
0.573964 0.0544786 0.187501 73 181 0
0.569738 0.0528764 0.18496 73 181 0
0.56553 0.0514213 0.182296 73 181 0
0.561357 0.050158 0.179499 73 181 0
0.558947 0.0502959 0.17746 73 181 0
0.555587 0.0517952 0.174022 73 181 0
0.552192 0.0532149 0.17059 73 181 0
0.548674 0.0543361 0.167165 73 181 0
0.545237 0.055502 0.163674 73 181 0
0.541725 0.0564211 0.16019 73 181 0
0.544226 0.0561373 0.16267 73 181 0
0.547204 0.0542623 0.165984 73 181 0
0.550277 0.0525564 0.169306 73 181 0
0.55347 0.0510336 0.172604 73 181 0
0.556731 0.0496639 0.1759 73 181 0
0.558703 0.0491874 0.177757 73 181 0
0.562556 0.0487979 0.181156 73 181 0
0.566329 0.0481386 0.184581 73 181 0
0.570067 0.0472425 0.188011 73 181 0
0.5739 0.0464577 0.191366 73 181 0
0.577838 0.045918 0.194636 73 181 0
0.57603 0.0358883 0.198129 73 181 0
0.575404 0.0312308 0.199692 73 181 0
0.574765 0.02651 0.201047 73 181 0
0.574084 0.0217843 0.202366 73 181 0
0.573501 0.0170597 0.203732 73 181 0
0.572906 0.0123124 0.20501 73 181 0
0.572292 0.0075422 0.206194 73 181 0
0.571677 0.00275541 0.207307 73 181 0
0.571041 -0.00204202 0.208362 73 181 0
0.570401 -0.00683637 0.209429 73 181 0
0.569756 -0.0116269 0.21051 73 181 0
0.569117 -0.0164194 0.211586 73 181 0
0.568472 -0.0212093 0.212669 73 181 0
0.567785 -0.0259795 0.213812 73 181 0
0.566698 -0.0338289 0.215628 73 181 0
0.56619 -0.0386158 0.216472 73 181 0
0.565717 -0.0434155 0.217262 73 181 0
0.56523 -0.0482104 0.218074 73 181 0
0.564767 -0.0530156 0.218836 74 180 0
0.564305 -0.0578241 0.219578 74 180 0
0.56371 -0.0626363 0.22019 74 180 0
0.56315 -0.0674602 0.220741 74 180 0
0.56262 -0.0722936 0.221234 74 180 0
0.562047 -0.0771178 0.221765 74 180 0
0.561362 -0.0819327 0.222244 74 180 0
0.562122 -0.07713 0.222219 74 180 0
0.562812 -0.0719949 0.221478 74 180 0
0.563513 -0.0668376 0.220927 74 180 0
0.563996 -0.0616874 0.220128 74 180 0
0.564471 -0.0565356 0.219335 74 180 0
0.564906 -0.0513702 0.21861 74 180 0
0.565359 -0.0462084 0.217871 74 180 0
0.565825 -0.0410521 0.217101 74 180 0
0.567101 -0.0309478 0.21496 74 180 0
0.567779 -0.0261819 0.213819 74 180 0
0.568449 -0.0214098 0.2127 74 180 0
0.569088 -0.0166214 0.211634 74 180 0
0.569728 -0.0118354 0.210557 74 180 0
0.570372 -0.00705065 0.209477 74 180 0
0.571012 -0.00226235 0.208411 74 180 0
0.571771 0.00252699 0.207439 74 180 0
0.572591 0.00730805 0.206469 74 180 0
0.573406 0.0120752 0.205428 74 180 0
0.574246 0.0168258 0.204334 74 180 0
0.575108 0.0215591 0.203181 74 180 0
0.576007 0.0262846 0.202026 74 180 0
0.57698 0.0310056 0.200914 74 180 0
0.578207 0.0356615 0.199782 74 180 0
0.578777 0.0386632 0.198625 74 180 0
0.578812 0.0432885 0.196555 74 180 0
0.579173 0.0479785 0.194653 74 180 0
0.579122 0.0525724 0.192495 74 180 0
0.579575 0.057286 0.19068 74 180 0
0.579768 0.0619749 0.188757 74 180 0
0.580038 0.0667152 0.186978 74 180 0
0.581862 0.0695492 0.187113 74 180 0
0.585594 0.0734354 0.187963 74 180 0
0.589244 0.0774145 0.188806 74 180 0
0.592893 0.081364 0.189808 74 180 0
0.596264 0.0855736 0.190773 74 180 0
0.599449 0.0899067 0.191801 74 180 0
0.597475 0.0872125 0.191069 74 180 0
0.594267 0.084224 0.189745 74 180 0
0.59119 0.0809751 0.188704 74 180 0
0.587981 0.0778484 0.187684 74 180 0
0.584896 0.074525 0.186952 74 180 0
0.581573 0.0715388 0.18596 74 180 0
0.579564 0.0700047 0.185222 74 180 0
0.57644 0.0666997 0.184207 74 180 0
0.573286 0.0634511 0.18311 75 179 0
0.570293 0.0600154 0.182126 75 179 0
0.567173 0.0567082 0.181098 75 179 0
0.564017 0.0534405 0.180055 75 179 0
0.560713 0.0503841 0.178865 75 179 0
0.558947 0.0502959 0.17746 75 179 0
0.555493 0.0515913 0.174036 75 179 0
0.552126 0.0530764 0.170602 75 179 0
0.548608 0.0541976 0.167178 75 179 0
0.545211 0.055456 0.163682 75 179 0
0.541725 0.0564211 0.16019 75 179 0
0.544226 0.0561373 0.16267 75 179 0
0.547204 0.0542623 0.165984 75 179 0
0.550277 0.0525564 0.169306 75 179 0
0.55347 0.0510336 0.172604 75 179 0
0.556731 0.0496639 0.1759 75 179 0
0.558703 0.0491874 0.177757 75 179 0
0.562556 0.0487979 0.181156 75 179 0
0.566329 0.0481386 0.184581 75 179 0
0.570067 0.0472425 0.188011 75 179 0
0.5739 0.0464577 0.191366 75 179 0
0.577838 0.045918 0.194636 75 179 0
0.57603 0.0358883 0.198129 75 179 0
0.575404 0.0312308 0.199692 75 179 0
0.574765 0.02651 0.201047 75 179 0
0.574084 0.0217843 0.202366 75 179 0
0.573501 0.0170597 0.203732 75 179 0
0.572906 0.0123124 0.20501 75 179 0
0.572292 0.0075422 0.206194 75 179 0
0.571677 0.00275541 0.207307 75 179 0
0.571041 -0.00204202 0.208362 75 179 0
0.570401 -0.00683637 0.209429 75 179 0
0.569756 -0.0116269 0.21051 75 179 0
0.569117 -0.0164194 0.211586 75 179 0
0.568472 -0.0212093 0.212669 75 179 0
0.567785 -0.0259795 0.213812 75 179 0
0.566698 -0.0338289 0.215628 75 179 0
0.56619 -0.0386158 0.216472 75 179 0
0.565717 -0.0434155 0.217262 75 179 0
0.56523 -0.0482104 0.218074 75 179 0
0.564767 -0.0530156 0.218836 75 179 0
0.564305 -0.0578241 0.219578 75 179 0
0.56371 -0.0626363 0.22019 75 179 0
0.56315 -0.0674602 0.220741 75 179 0
0.56262 -0.0722936 0.221234 75 179 0
0.562047 -0.0771178 0.221765 75 179 0
0.561362 -0.0819327 0.222244 75 179 0
0.562122 -0.07713 0.222219 75 179 0
0.562812 -0.0719949 0.221478 75 179 0
0.563513 -0.0668376 0.220927 75 179 0
0.563996 -0.0616874 0.220128 75 179 0
0.564471 -0.0565356 0.219335 76 178 0
0.564906 -0.0513702 0.21861 76 178 0
0.565359 -0.0462084 0.217871 76 178 0
0.565825 -0.0410521 0.217101 76 178 0
0.567101 -0.0309478 0.21496 76 178 0
0.567779 -0.0261819 0.213819 76 178 0
0.568449 -0.0214098 0.2127 76 178 0
0.569088 -0.0166214 0.211634 76 178 0
0.569728 -0.0118354 0.210557 76 178 0
0.570372 -0.00705065 0.209477 76 178 0
0.571012 -0.00226235 0.208411 76 178 0
0.571771 0.00252699 0.207439 76 178 0
0.572591 0.00730805 0.206469 76 178 0
0.573406 0.0120752 0.205428 76 178 0
0.574246 0.0168258 0.204334 76 178 0
0.575108 0.0215591 0.203181 76 178 0
0.576007 0.0262846 0.202026 76 178 0
0.57698 0.0310056 0.200914 76 178 0
0.578207 0.0356615 0.199782 76 178 0
0.578777 0.0386632 0.198625 76 178 0
0.578812 0.0432885 0.196555 76 178 0
0.579173 0.0479785 0.194653 76 178 0
0.579122 0.0525724 0.192495 76 178 0
0.579575 0.057286 0.19068 76 178 0
0.579768 0.0619749 0.188757 76 178 0
0.580038 0.0667152 0.186978 76 178 0
0.581862 0.0695492 0.187113 76 178 0
0.585594 0.0734354 0.187963 76 178 0
0.589244 0.0774145 0.188806 76 178 0
0.592893 0.081364 0.189808 76 178 0
0.596264 0.0855736 0.190773 76 178 0
0.599449 0.0899067 0.191801 76 178 0
0.593365 0.0943603 0.19837 76 178 0
0.646522 0.0887085 0.248126 76 178 0
0.651672 0.0860294 0.239984 76 178 0
0.653044 0.0844487 0.240932 76 178 0
0.655645 0.0805753 0.243082 76 178 0
0.658283 0.0767185 0.245215 76 178 0
0.661082 0.072963 0.247323 76 178 0
0.66402 0.0693461 0.249484 76 178 0
0.666941 0.0657893 0.251763 76 178 0
0.668637 0.0642859 0.252976 76 178 0
0.670099 0.0607509 0.255603 76 178 0
0.671681 0.0572623 0.258223 76 178 0
0.673598 0.0538862 0.260766 76 178 0
0.675729 0.0505973 0.26325 76 178 0
0.677643 0.0471163 0.265643 76 178 0
0.679649 0.0436985 0.268053 76 178 0
0.682473 0.0444685 0.269576 76 178 0
0.686593 0.0443049 0.27238 76 178 0
0.690747 0.0444921 0.275123 76 178 0
0.69496 0.044981 0.277748 77 177 0
0.699217 0.0457796 0.280202 77 177 0
0.696701 0.045026 0.278943 77 177 0
0.692107 0.044179 0.276146 77 177 0
0.687505 0.0430932 0.273432 77 177 0
0.682917 0.0417731 0.270813 77 177 0
0.68054 0.0417484 0.269335 77 177 0
0.67566 0.0412799 0.26671 77 177 0
0.67075 0.0411 0.264125 77 177 0
0.665826 0.0412622 0.261544 77 177 0
0.6609 0.0414698 0.258972 77 177 0
0.660478 0.033466 0.260736 77 177 0
0.66005 0.0285792 0.261645 77 177 0
0.659609 0.0236637 0.262377 77 177 0
0.659187 0.018756 0.263159 77 177 0
0.658945 0.0138471 0.26401 77 177 0
0.658535 0.00891712 0.264659 77 177 0
0.658187 0.00397641 0.265262 77 177 0
0.657818 -0.000963763 0.265856 77 177 0
0.657505 -0.00589787 0.266527 77 177 0
0.657203 -0.0108298 0.267219 77 177 0
0.656885 -0.0157555 0.267948 77 177 0
0.65661 -0.0206585 0.268825 77 177 0
0.656283 -0.0255593 0.269699 77 177 0
0.656014 -0.0304427 0.270681 77 177 0
0.654238 -0.0382054 0.272192 77 177 0
0.653482 -0.0432013 0.273616 77 177 0
0.65274 -0.0482438 0.274874 77 177 0
0.652059 -0.0533217 0.276016 77 177 0
0.651503 -0.0584432 0.277024 77 177 0
0.651025 -0.0635987 0.277887 77 177 0
0.650538 -0.068775 0.278615 77 177 0
0.650104 -0.073972 0.279211 77 177 0
0.649742 -0.0791916 0.279633 77 177 0
0.649357 -0.0844067 0.280086 77 177 0
0.649788 -0.0791045 0.279548 77 177 0
0.65009 -0.0738858 0.2792 77 177 0
0.650476 -0.0686792 0.278763 77 177 0
0.650976 -0.0634956 0.278194 77 177 0
0.65147 -0.0583423 0.277401 77 177 0
0.652387 -0.053255 0.276551 77 177 0
0.653435 -0.048228 0.275511 77 177 0
0.654518 -0.0432422 0.27432 77 177 0
0.655816 -0.032924 0.271463 77 177 0
0.656101 -0.0280613 0.270409 77 177 0
0.656073 -0.0231955 0.269338 77 177 0
0.6562 -0.0183278 0.268276 77 177 0
0.656328 -0.0134523 0.267247 77 177 0
0.656531 -0.00854782 0.266388 77 177 0
0.656634 -0.00364133 0.265524 77 177 0
0.65673 0.00126612 0.264661 77 177 0
0.656851 0.00617206 0.263791 78 176 0
0.656899 0.0110694 0.262864 78 176 0
0.656977 0.0159721 0.261974 78 176 0
0.657228 0.0208834 0.261161 78 176 0
0.657449 0.0257861 0.26029 78 176 0
0.65744 0.0306565 0.25924 78 176 0
0.6583 0.0336074 0.259078 78 176 0
0.659351 0.0383874 0.258671 78 176 0
0.660629 0.04311 0.258226 78 176 0
0.661694 0.0478356 0.25738 78 176 0
0.663458 0.0523678 0.256601 78 176 0
0.665112 0.0568324 0.255353 78 176 0
0.667041 0.061194 0.254144 78 176 0
0.666185 0.0632743 0.252912 78 176 0
0.664069 0.0667966 0.250797 78 176 0
0.661984 0.0703482 0.24873 78 176 0
0.659249 0.0735472 0.246819 78 176 0
0.65717 0.0771848 0.244855 78 176 0
0.654921 0.080722 0.242898 78 176 0
0.653044 0.0844487 0.240932 78 176 0
0.654215 0.0825908 0.241928 78 176 0
0.656847 0.0792572 0.243828 78 176 0
0.65944 0.0758983 0.245738 78 176 0
0.66194 0.0724836 0.247673 78 176 0
0.664379 0.0690885 0.249716 78 176 0
0.666941 0.0657893 0.251763 78 176 0
0.668637 0.0642859 0.252976 78 176 0
0.670099 0.0607509 0.255603 78 176 0
0.671681 0.0572623 0.258223 78 176 0
0.673598 0.0538862 0.260766 78 176 0
0.675729 0.0505973 0.26325 78 176 0
0.677643 0.0471163 0.265643 78 176 0
0.679649 0.0436985 0.268053 78 176 0
0.682473 0.0444685 0.269576 78 176 0
0.686593 0.0443049 0.27238 78 176 0
0.690747 0.0444921 0.275123 78 176 0
0.69496 0.044981 0.277748 78 176 0
0.699217 0.0457796 0.280202 78 176 0
0.696701 0.045026 0.278943 78 176 0
0.692107 0.044179 0.276146 78 176 0
0.687505 0.0430932 0.273432 78 176 0
0.682917 0.0417731 0.270813 78 176 0
0.68054 0.0417484 0.269335 78 176 0
0.67566 0.0412799 0.26671 78 176 0
0.67075 0.0411 0.264125 78 176 0
0.665826 0.0412622 0.261544 78 176 0
0.6609 0.0414698 0.258972 78 176 0
0.660478 0.033466 0.260736 78 176 0
0.66005 0.0285792 0.261645 78 176 0
0.659609 0.0236637 0.262377 78 176 0
0.659187 0.018756 0.263159 78 176 0
0.658945 0.0138471 0.26401 78 176 0
0.658535 0.00891712 0.264659 79 175 0
0.658187 0.00397641 0.265262 79 175 0
0.657818 -0.000963763 0.265856 79 175 0
0.657505 -0.00589787 0.266527 79 175 0
0.657203 -0.0108298 0.267219 79 175 0
0.656885 -0.0157555 0.267948 79 175 0
0.65661 -0.0206585 0.268825 79 175 0
0.656283 -0.0255593 0.269699 79 175 0
0.656014 -0.0304427 0.270681 79 175 0
0.654238 -0.0382054 0.272192 79 175 0
0.653482 -0.0432013 0.273616 79 175 0
0.65274 -0.0482438 0.274874 79 175 0
0.652059 -0.0533217 0.276016 79 175 0
0.651503 -0.0584432 0.277024 79 175 0
0.651025 -0.0635987 0.277887 79 175 0
0.650538 -0.068775 0.278615 79 175 0
0.650104 -0.073972 0.279211 79 175 0
0.649742 -0.0791916 0.279633 79 175 0
0.649357 -0.0844067 0.280086 79 175 0
0.649788 -0.0791045 0.279548 79 175 0
0.65009 -0.0738858 0.2792 79 175 0
0.650476 -0.0686792 0.278763 79 175 0
0.650976 -0.0634956 0.278194 79 175 0
0.65147 -0.0583423 0.277401 79 175 0
0.652387 -0.053255 0.276551 79 175 0
0.653435 -0.048228 0.275511 79 175 0
0.654518 -0.0432422 0.27432 79 175 0
0.655816 -0.032924 0.271463 79 175 0
0.656101 -0.0280613 0.270409 79 175 0
0.656073 -0.0231955 0.269338 79 175 0
0.6562 -0.0183278 0.268276 79 175 0
0.656328 -0.0134523 0.267247 79 175 0
0.656531 -0.00854782 0.266388 79 175 0
0.656634 -0.00364133 0.265524 79 175 0
0.65673 0.00126612 0.264661 79 175 0
0.656851 0.00617206 0.263791 79 175 0
0.656899 0.0110694 0.262864 79 175 0
0.656977 0.0159721 0.261974 79 175 0
0.657228 0.0208834 0.261161 79 175 0
0.657449 0.0257861 0.26029 79 175 0
0.65744 0.0306565 0.25924 79 175 0
0.6583 0.0336074 0.259078 79 175 0
0.659351 0.0383874 0.258671 79 175 0
0.660629 0.04311 0.258226 79 175 0
0.661694 0.0478356 0.25738 79 175 0
0.663458 0.0523678 0.256601 79 175 0
0.665112 0.0568324 0.255353 79 175 0
0.667041 0.061194 0.254144 79 175 0
0.666185 0.0632743 0.252912 79 175 0
0.664069 0.0667966 0.250797 79 175 0
0.661984 0.0703482 0.24873 79 175 0
0.659249 0.0735472 0.246819 80 174 0
0.65717 0.0771848 0.244855 80 174 0
0.654921 0.080722 0.242898 80 174 0
0.653044 0.0844487 0.240932 80 174 0
0.647979 0.0872416 0.24909 80 174 0
0.594926 0.0971966 0.198706 80 174 0
0.60108 0.0925958 0.192306 80 174 0
0.584202 -0.0364599 0.229139 80 174 0
0.583584 -0.0234463 0.223536 80 174 0
0.583277 -0.0186979 0.221745 80 174 0
0.582962 -0.0139161 0.220036 80 174 0
0.582727 -0.00913347 0.21832 80 174 0
0.582437 -0.00437386 0.216547 80 174 0
0.58216 0.000404775 0.214823 80 174 0
0.581807 0.00516481 0.213062 80 174 0
0.581506 0.00991459 0.211264 80 174 0
0.58134 0.0146816 0.209495 80 174 0
0.581043 0.0193997 0.207615 80 174 0
0.580939 0.0241516 0.2058 80 174 0
0.58071 0.0288313 0.203817 80 174 0
0.5806 0.0335201 0.201845 80 174 0
0.580508 0.0381988 0.199849 80 174 0
0.580344 0.0428496 0.197793 80 174 0
0.580257 0.0475023 0.195737 80 174 0
0.580264 0.052119 0.193599 80 174 0
0.580206 0.0567413 0.191477 80 174 0
0.578195 0.0561862 0.189972 80 174 0
0.573964 0.0544786 0.187501 80 174 0
0.569738 0.0528764 0.18496 80 174 0
0.56553 0.0514213 0.182296 80 174 0
0.561357 0.050158 0.179499 80 174 0
0.558947 0.0502959 0.17746 80 174 0
0.555587 0.0517952 0.174022 80 174 0
0.552192 0.0532149 0.17059 80 174 0
0.548674 0.0543361 0.167165 80 174 0
0.545237 0.055502 0.163674 80 174 0
0.541725 0.0564211 0.16019 80 174 0
0.544226 0.0561373 0.16267 80 174 0
0.547204 0.0542623 0.165984 80 174 0
0.550277 0.0525564 0.169306 80 174 0
0.55347 0.0510336 0.172604 80 174 0
0.556731 0.0496639 0.1759 80 174 0
0.558703 0.0491874 0.177757 80 174 0
0.562556 0.0487979 0.181156 80 174 0
0.566329 0.0481386 0.184581 80 174 0
0.570067 0.0472425 0.188011 80 174 0
0.5739 0.0464577 0.191366 80 174 0
0.577838 0.045918 0.194636 80 174 0
0.57603 0.0358883 0.198129 80 174 0
0.575404 0.0312308 0.199692 80 174 0
0.574765 0.02651 0.201047 80 174 0
0.574084 0.0217843 0.202366 81 173 0
0.573501 0.0170597 0.203732 81 173 0
0.572906 0.0123124 0.20501 81 173 0
0.572292 0.0075422 0.206194 81 173 0
0.571677 0.00275541 0.207307 81 173 0
0.571041 -0.00204202 0.208362 81 173 0
0.570401 -0.00683637 0.209429 81 173 0
0.569756 -0.0116269 0.21051 81 173 0
0.569117 -0.0164194 0.211586 81 173 0
0.568472 -0.0212093 0.212669 81 173 0
0.567785 -0.0259795 0.213812 81 173 0
0.566698 -0.0338289 0.215628 81 173 0
0.56619 -0.0386158 0.216472 81 173 0
0.565717 -0.0434155 0.217262 81 173 0
0.56523 -0.0482104 0.218074 81 173 0
0.564767 -0.0530156 0.218836 81 173 0
0.564305 -0.0578241 0.219578 81 173 0
0.56371 -0.0626363 0.22019 81 173 0
0.56315 -0.0674602 0.220741 81 173 0
0.56262 -0.0722936 0.221234 81 173 0
0.562047 -0.0771178 0.221765 81 173 0
0.561362 -0.0819327 0.222244 81 173 0
0.562122 -0.07713 0.222219 81 173 0
0.562812 -0.0719949 0.221478 81 173 0
0.563513 -0.0668376 0.220927 81 173 0
0.563996 -0.0616874 0.220128 81 173 0
0.564471 -0.0565356 0.219335 81 173 0
0.564906 -0.0513702 0.21861 81 173 0
0.565359 -0.0462084 0.217871 81 173 0
0.565825 -0.0410521 0.217101 81 173 0
0.567101 -0.0309478 0.21496 81 173 0
0.567779 -0.0261819 0.213819 81 173 0
0.568449 -0.0214098 0.2127 81 173 0
0.569088 -0.0166214 0.211634 81 173 0
0.569728 -0.0118354 0.210557 81 173 0
0.570372 -0.00705065 0.209477 81 173 0
0.571012 -0.00226235 0.208411 81 173 0
0.571771 0.00252699 0.207439 81 173 0
0.572591 0.00730805 0.206469 81 173 0
0.573406 0.0120752 0.205428 81 173 0
0.574246 0.0168258 0.204334 81 173 0
0.575108 0.0215591 0.203181 81 173 0
0.576007 0.0262846 0.202026 81 173 0
0.57698 0.0310056 0.200914 81 173 0
0.578207 0.0356615 0.199782 81 173 0
0.578777 0.0386632 0.198625 81 173 0
0.578812 0.0432885 0.196555 81 173 0
0.579173 0.0479785 0.194653 81 173 0
0.579122 0.0525724 0.192495 81 173 0
0.579575 0.057286 0.19068 81 173 0
0.579768 0.0619749 0.188757 81 173 0
0.580038 0.0667152 0.186978 82 172 0
0.581862 0.0695492 0.187113 82 172 0
0.585594 0.0734354 0.187963 82 172 0
0.589244 0.0774145 0.188806 82 172 0
0.592893 0.081364 0.189808 82 172 0
0.596264 0.0855736 0.190773 82 172 0
0.599449 0.0899067 0.191801 82 172 0
0.597475 0.0872125 0.191069 82 172 0
0.594267 0.084224 0.189745 82 172 0
0.59119 0.0809751 0.188704 82 172 0
0.587981 0.0778484 0.187684 82 172 0
0.584896 0.074525 0.186952 82 172 0
0.581573 0.0715388 0.18596 82 172 0
0.579564 0.0700047 0.185222 82 172 0
0.57644 0.0666997 0.184207 82 172 0
0.573286 0.0634511 0.18311 82 172 0
0.570293 0.0600154 0.182126 82 172 0
0.567173 0.0567082 0.181098 82 172 0
0.564017 0.0534405 0.180055 82 172 0
0.560713 0.0503841 0.178865 82 172 0
0.558947 0.0502959 0.17746 82 172 0
0.555493 0.0515913 0.174036 82 172 0
0.552126 0.0530764 0.170602 82 172 0
0.548608 0.0541976 0.167178 82 172 0
0.545211 0.055456 0.163682 82 172 0
0.541725 0.0564211 0.16019 82 172 0
0.544226 0.0561373 0.16267 82 172 0
0.547204 0.0542623 0.165984 82 172 0
0.550277 0.0525564 0.169306 82 172 0
0.55347 0.0510336 0.172604 82 172 0
0.556731 0.0496639 0.1759 82 172 0
0.558703 0.0491874 0.177757 82 172 0
0.562556 0.0487979 0.181156 82 172 0
0.566329 0.0481386 0.184581 82 172 0
0.570067 0.0472425 0.188011 82 172 0
0.5739 0.0464577 0.191366 82 172 0
0.577838 0.045918 0.194636 82 172 0
0.57603 0.0358883 0.198129 82 172 0
0.575404 0.0312308 0.199692 82 172 0
0.574765 0.02651 0.201047 82 172 0
0.574084 0.0217843 0.202366 82 172 0
0.573501 0.0170597 0.203732 82 172 0
0.572906 0.0123124 0.20501 82 172 0
0.572292 0.0075422 0.206194 82 172 0
0.571677 0.00275541 0.207307 82 172 0
0.571041 -0.00204202 0.208362 82 172 0
0.570401 -0.00683637 0.209429 82 172 0
0.569756 -0.0116269 0.21051 82 172 0
0.569117 -0.0164194 0.211586 82 172 0
0.568472 -0.0212093 0.212669 82 172 0
0.567785 -0.0259795 0.213812 82 172 0
0.566698 -0.0338289 0.215628 83 171 0
0.56619 -0.0386158 0.216472 83 171 0
0.565717 -0.0434155 0.217262 83 171 0
0.56523 -0.0482104 0.218074 83 171 0
0.564767 -0.0530156 0.218836 83 171 0
0.564305 -0.0578241 0.219578 83 171 0
0.56371 -0.0626363 0.22019 83 171 0
0.56315 -0.0674602 0.220741 83 171 0
0.56262 -0.0722936 0.221234 83 171 0
0.562047 -0.0771178 0.221765 83 171 0
0.561362 -0.0819327 0.222244 83 171 0
0.562122 -0.07713 0.222219 83 171 0
0.562812 -0.0719949 0.221478 83 171 0
0.563513 -0.0668376 0.220927 83 171 0
0.563996 -0.0616874 0.220128 83 171 0
0.564471 -0.0565356 0.219335 83 171 0
0.564906 -0.0513702 0.21861 83 171 0
0.565359 -0.0462084 0.217871 83 171 0
0.565825 -0.0410521 0.217101 83 171 0
0.567101 -0.0309478 0.21496 83 171 0
0.567779 -0.0261819 0.213819 83 171 0
0.568449 -0.0214098 0.2127 83 171 0
0.569088 -0.0166214 0.211634 83 171 0
0.569728 -0.0118354 0.210557 83 171 0
0.570372 -0.00705065 0.209477 83 171 0
0.571012 -0.00226235 0.208411 83 171 0
0.571771 0.00252699 0.207439 83 171 0
0.572591 0.00730805 0.206469 83 171 0
0.573406 0.0120752 0.205428 83 171 0
0.574246 0.0168258 0.204334 83 171 0
0.575108 0.0215591 0.203181 83 171 0
0.576007 0.0262846 0.202026 83 171 0
0.57698 0.0310056 0.200914 83 171 0
0.578207 0.0356615 0.199782 83 171 0
0.578777 0.0386632 0.198625 83 171 0
0.578812 0.0432885 0.196555 83 171 0
0.579173 0.0479785 0.194653 83 171 0
0.579122 0.0525724 0.192495 83 171 0
0.579575 0.057286 0.19068 83 171 0
0.579768 0.0619749 0.188757 83 171 0
0.580038 0.0667152 0.186978 83 171 0
0.581862 0.0695492 0.187113 83 171 0
0.585594 0.0734354 0.187963 83 171 0
0.589244 0.0774145 0.188806 83 171 0
0.592893 0.081364 0.189808 83 171 0
0.596264 0.0855736 0.190773 83 171 0
0.599449 0.0899067 0.191801 83 171 0
0.593365 0.0943603 0.19837 83 171 0
0.646522 0.0887085 0.248126 83 171 0
0.651672 0.0860294 0.239984 83 171 0
0.653044 0.0844487 0.240932 83 171 0
0.655645 0.0805753 0.243082 83 171 0
0.658283 0.0767185 0.245215 84 170 0
0.661082 0.072963 0.247323 84 170 0
0.66402 0.0693461 0.249484 84 170 0
0.666941 0.0657893 0.251763 84 170 0
0.668637 0.0642859 0.252976 84 170 0
0.670099 0.0607509 0.255603 84 170 0
0.671681 0.0572623 0.258223 84 170 0
0.673598 0.0538862 0.260766 84 170 0
0.675729 0.0505973 0.26325 84 170 0
0.677643 0.0471163 0.265643 84 170 0
0.679649 0.0436985 0.268053 84 170 0
0.682473 0.0444685 0.269576 84 170 0
0.686593 0.0443049 0.27238 84 170 0
0.690747 0.0444921 0.275123 84 170 0
0.69496 0.044981 0.277748 84 170 0
0.699217 0.0457796 0.280202 84 170 0
0.696701 0.045026 0.278943 84 170 0
0.692107 0.044179 0.276146 84 170 0
0.687505 0.0430932 0.273432 84 170 0
0.682917 0.0417731 0.270813 84 170 0
0.68054 0.0417484 0.269335 84 170 0
0.67566 0.0412799 0.26671 84 170 0
0.67075 0.0411 0.264125 84 170 0
0.665826 0.0412622 0.261544 84 170 0
0.6609 0.0414698 0.258972 84 170 0
0.660478 0.033466 0.260736 84 170 0
0.66005 0.0285792 0.261645 84 170 0
0.659609 0.0236637 0.262377 84 170 0
0.659187 0.018756 0.263159 84 170 0
0.658945 0.0138471 0.26401 84 170 0
0.658535 0.00891712 0.264659 84 170 0
0.658187 0.00397641 0.265262 84 170 0
0.657818 -0.000963763 0.265856 84 170 0
0.657505 -0.00589787 0.266527 84 170 0
0.657203 -0.0108298 0.267219 84 170 0
0.656885 -0.0157555 0.267948 84 170 0
0.65661 -0.0206585 0.268825 84 170 0
0.656283 -0.0255593 0.269699 84 170 0
0.656014 -0.0304427 0.270681 84 170 0
0.654238 -0.0382054 0.272192 84 170 0
0.653482 -0.0432013 0.273616 84 170 0
0.65274 -0.0482438 0.274874 84 170 0
0.652059 -0.0533217 0.276016 84 170 0
0.651503 -0.0584432 0.277024 84 170 0
0.651025 -0.0635987 0.277887 84 170 0
0.650538 -0.068775 0.278615 84 170 0
0.650104 -0.073972 0.279211 84 170 0
0.649742 -0.0791916 0.279633 84 170 0
0.649357 -0.0844067 0.280086 84 170 0
0.649788 -0.0791045 0.279548 84 170 0
0.65009 -0.0738858 0.2792 84 170 0
0.650476 -0.0686792 0.278763 85 169 0
0.650976 -0.0634956 0.278194 85 169 0
0.65147 -0.0583423 0.277401 85 169 0
0.652387 -0.053255 0.276551 85 169 0
0.653435 -0.048228 0.275511 85 169 0
0.654518 -0.0432422 0.27432 85 169 0
0.655816 -0.032924 0.271463 85 169 0
0.656101 -0.0280613 0.270409 85 169 0
0.656073 -0.0231955 0.269338 85 169 0
0.6562 -0.0183278 0.268276 85 169 0
0.656328 -0.0134523 0.267247 85 169 0
0.656531 -0.00854782 0.266388 85 169 0
0.656634 -0.00364133 0.265524 85 169 0
0.65673 0.00126612 0.264661 85 169 0
0.656851 0.00617206 0.263791 85 169 0
0.656899 0.0110694 0.262864 85 169 0
0.656977 0.0159721 0.261974 85 169 0
0.657228 0.0208834 0.261161 85 169 0
0.657449 0.0257861 0.26029 85 169 0
0.65744 0.0306565 0.25924 85 169 0
0.6583 0.0336074 0.259078 85 169 0
0.659351 0.0383874 0.258671 85 169 0
0.660629 0.04311 0.258226 85 169 0
0.661694 0.0478356 0.25738 85 169 0
0.663458 0.0523678 0.256601 85 169 0
0.665112 0.0568324 0.255353 85 169 0
0.667041 0.061194 0.254144 85 169 0
0.666185 0.0632743 0.252912 85 169 0
0.664069 0.0667966 0.250797 85 169 0
0.661984 0.0703482 0.24873 85 169 0
0.659249 0.0735472 0.246819 85 169 0
0.65717 0.0771848 0.244855 85 169 0
0.654921 0.080722 0.242898 85 169 0
0.653044 0.0844487 0.240932 85 169 0
0.654215 0.0825908 0.241928 85 169 0
0.656847 0.0792572 0.243828 85 169 0
0.65944 0.0758983 0.245738 85 169 0
0.66194 0.0724836 0.247673 85 169 0
0.664379 0.0690885 0.249716 85 169 0
0.666941 0.0657893 0.251763 85 169 0
0.668637 0.0642859 0.252976 85 169 0
0.670099 0.0607509 0.255603 85 169 0
0.671681 0.0572623 0.258223 85 169 0
0.673598 0.0538862 0.260766 85 169 0
0.675729 0.0505973 0.26325 85 169 0
0.677643 0.0471163 0.265643 85 169 0
0.679649 0.0436985 0.268053 85 169 0
0.682473 0.0444685 0.269576 85 169 0
0.686593 0.0443049 0.27238 85 169 0
0.690747 0.0444921 0.275123 85 169 0
0.69496 0.044981 0.277748 85 169 0
0.699217 0.0457796 0.280202 86 168 0
0.696701 0.045026 0.278943 86 168 0
0.692107 0.044179 0.276146 86 168 0
0.687505 0.0430932 0.273432 86 168 0
0.682917 0.0417731 0.270813 86 168 0
0.68054 0.0417484 0.269335 86 168 0
0.67566 0.0412799 0.26671 86 168 0
0.67075 0.0411 0.264125 86 168 0
0.665826 0.0412622 0.261544 86 168 0
0.6609 0.0414698 0.258972 86 168 0
0.660478 0.033466 0.260736 86 168 0
0.66005 0.0285792 0.261645 86 168 0
0.659609 0.0236637 0.262377 86 168 0
0.659187 0.018756 0.263159 86 168 0
0.658945 0.0138471 0.26401 86 168 0
0.658535 0.00891712 0.264659 86 168 0
0.658187 0.00397641 0.265262 86 168 0
0.657818 -0.000963763 0.265856 86 168 0
0.657505 -0.00589787 0.266527 86 168 0
0.657203 -0.0108298 0.267219 86 168 0
0.656885 -0.0157555 0.267948 86 168 0
0.65661 -0.0206585 0.268825 86 168 0
0.656283 -0.0255593 0.269699 86 168 0
0.656014 -0.0304427 0.270681 86 168 0
0.654238 -0.0382054 0.272192 86 168 0
0.653482 -0.0432013 0.273616 86 168 0
0.65274 -0.0482438 0.274874 86 168 0
0.652059 -0.0533217 0.276016 86 168 0
0.651503 -0.0584432 0.277024 86 168 0
0.651025 -0.0635987 0.277887 86 168 0
0.650538 -0.068775 0.278615 86 168 0
0.650104 -0.073972 0.279211 86 168 0
0.649742 -0.0791916 0.279633 86 168 0
0.649357 -0.0844067 0.280086 86 168 0
0.649788 -0.0791045 0.279548 86 168 0
0.65009 -0.0738858 0.2792 86 168 0
0.650476 -0.0686792 0.278763 86 168 0
0.650976 -0.0634956 0.278194 86 168 0
0.65147 -0.0583423 0.277401 86 168 0
0.652387 -0.053255 0.276551 86 168 0
0.653435 -0.048228 0.275511 86 168 0
0.654518 -0.0432422 0.27432 86 168 0
0.655816 -0.032924 0.271463 86 168 0
0.656101 -0.0280613 0.270409 86 168 0
0.656073 -0.0231955 0.269338 86 168 0
0.6562 -0.0183278 0.268276 86 168 0
0.656328 -0.0134523 0.267247 86 168 0
0.656531 -0.00854782 0.266388 86 168 0
0.656634 -0.00364133 0.265524 86 168 0
0.65673 0.00126612 0.264661 86 168 0
0.656851 0.00617206 0.263791 86 168 0
0.656899 0.0110694 0.262864 87 167 0
0.656977 0.0159721 0.261974 87 167 0
0.657228 0.0208834 0.261161 87 167 0
0.657449 0.0257861 0.26029 87 167 0
0.65744 0.0306565 0.25924 87 167 0
0.6583 0.0336074 0.259078 87 167 0
0.659351 0.0383874 0.258671 87 167 0
0.660629 0.04311 0.258226 87 167 0
0.661694 0.0478356 0.25738 87 167 0
0.663458 0.0523678 0.256601 87 167 0
0.665112 0.0568324 0.255353 87 167 0
0.667041 0.061194 0.254144 87 167 0
0.666185 0.0632743 0.252912 87 167 0
0.664069 0.0667966 0.250797 87 167 0
0.661984 0.0703482 0.24873 87 167 0
0.659249 0.0735472 0.246819 87 167 0
0.65717 0.0771848 0.244855 87 167 0
0.654921 0.080722 0.242898 87 167 0
0.653044 0.0844487 0.240932 87 167 0
0.647979 0.0872416 0.24909 87 167 0
0.594926 0.0971966 0.198706 87 167 0
0.60108 0.0925958 0.192306 87 167 0
0.584202 -0.0364599 0.229139 87 167 0
0.583584 -0.0234463 0.223536 87 167 0
0.583277 -0.0186979 0.221745 87 167 0
0.582962 -0.0139161 0.220036 87 167 0
0.582727 -0.00913347 0.21832 87 167 0
0.582437 -0.00437386 0.216547 87 167 0
0.58216 0.000404775 0.214823 87 167 0
0.581807 0.00516481 0.213062 87 167 0
0.581506 0.00991459 0.211264 87 167 0
0.58134 0.0146816 0.209495 87 167 0
0.581043 0.0193997 0.207615 87 167 0
0.580939 0.0241516 0.2058 87 167 0
0.58071 0.0288313 0.203817 87 167 0
0.5806 0.0335201 0.201845 87 167 0
0.580508 0.0381988 0.199849 87 167 0
0.580344 0.0428496 0.197793 87 167 0
0.580257 0.0475023 0.195737 87 167 0
0.580264 0.052119 0.193599 87 167 0
0.580206 0.0567413 0.191477 87 167 0
0.578195 0.0561862 0.189972 87 167 0
0.573964 0.0544786 0.187501 87 167 0
0.569738 0.0528764 0.18496 87 167 0
0.56553 0.0514213 0.182296 87 167 0
0.561357 0.050158 0.179499 87 167 0
0.558947 0.0502959 0.17746 87 167 0
0.555587 0.0517952 0.174022 87 167 0
0.552192 0.0532149 0.17059 87 167 0
0.548674 0.0543361 0.167165 87 167 0
0.545237 0.055502 0.163674 87 167 0
0.541725 0.0564211 0.16019 88 166 0
0.544226 0.0561373 0.16267 88 166 0
0.547204 0.0542623 0.165984 88 166 0
0.550277 0.0525564 0.169306 88 166 0
0.55347 0.0510336 0.172604 88 166 0
0.556731 0.0496639 0.1759 88 166 0
0.558703 0.0491874 0.177757 88 166 0
0.562556 0.0487979 0.181156 88 166 0
0.566329 0.0481386 0.184581 88 166 0
0.570067 0.0472425 0.188011 88 166 0
0.5739 0.0464577 0.191366 88 166 0
0.577838 0.045918 0.194636 88 166 0
0.57603 0.0358883 0.198129 88 166 0
0.575404 0.0312308 0.199692 88 166 0
0.574765 0.02651 0.201047 88 166 0
0.574084 0.0217843 0.202366 88 166 0
0.573501 0.0170597 0.203732 88 166 0
0.572906 0.0123124 0.20501 88 166 0
0.572292 0.0075422 0.206194 88 166 0
0.571677 0.00275541 0.207307 88 166 0
0.571041 -0.00204202 0.208362 88 166 0
0.570401 -0.00683637 0.209429 88 166 0
0.569756 -0.0116269 0.21051 88 166 0
0.569117 -0.0164194 0.211586 88 166 0
0.568472 -0.0212093 0.212669 88 166 0
0.567785 -0.0259795 0.213812 88 166 0
0.566698 -0.0338289 0.215628 88 166 0
0.56619 -0.0386158 0.216472 88 166 0
0.565717 -0.0434155 0.217262 88 166 0
0.56523 -0.0482104 0.218074 88 166 0
0.564767 -0.0530156 0.218836 88 166 0
0.564305 -0.0578241 0.219578 88 166 0
0.56371 -0.0626363 0.22019 88 166 0
0.56315 -0.0674602 0.220741 88 166 0
0.56262 -0.0722936 0.221234 88 166 0
0.562047 -0.0771178 0.221765 88 166 0
0.561362 -0.0819327 0.222244 88 166 0
0.562122 -0.07713 0.222219 88 166 0
0.562812 -0.0719949 0.221478 88 166 0
0.563513 -0.0668376 0.220927 88 166 0
0.563996 -0.0616874 0.220128 88 166 0
0.564471 -0.0565356 0.219335 88 166 0
0.564906 -0.0513702 0.21861 88 166 0
0.565359 -0.0462084 0.217871 88 166 0
0.565825 -0.0410521 0.217101 88 166 0
0.567101 -0.0309478 0.21496 88 166 0
0.567779 -0.0261819 0.213819 88 166 0
0.568449 -0.0214098 0.2127 88 166 0
0.569088 -0.0166214 0.211634 88 166 0
0.569728 -0.0118354 0.210557 88 166 0
0.570372 -0.00705065 0.209477 88 166 0
0.571012 -0.00226235 0.208411 88 166 0
0.571771 0.00252699 0.207439 89 165 0
0.572591 0.00730805 0.206469 89 165 0
0.573406 0.0120752 0.205428 89 165 0
0.574246 0.0168258 0.204334 89 165 0
0.575108 0.0215591 0.203181 89 165 0
0.576007 0.0262846 0.202026 89 165 0
0.57698 0.0310056 0.200914 89 165 0
0.578207 0.0356615 0.199782 89 165 0
0.578777 0.0386632 0.198625 89 165 0
0.578812 0.0432885 0.196555 89 165 0
0.579173 0.0479785 0.194653 89 165 0
0.579122 0.0525724 0.192495 89 165 0
0.579575 0.057286 0.19068 89 165 0
0.579768 0.0619749 0.188757 89 165 0
0.580038 0.0667152 0.186978 89 165 0
0.581862 0.0695492 0.187113 89 165 0
0.585594 0.0734354 0.187963 89 165 0
0.589244 0.0774145 0.188806 89 165 0
0.592893 0.081364 0.189808 89 165 0
0.596264 0.0855736 0.190773 89 165 0
0.599449 0.0899067 0.191801 89 165 0
0.597475 0.0872125 0.191069 89 165 0
0.594267 0.084224 0.189745 89 165 0
0.59119 0.0809751 0.188704 89 165 0
0.587981 0.0778484 0.187684 89 165 0
0.584896 0.074525 0.186952 89 165 0
0.581573 0.0715388 0.18596 89 165 0
0.579564 0.0700047 0.185222 89 165 0
0.57644 0.0666997 0.184207 89 165 0
0.573286 0.0634511 0.18311 89 165 0
0.570293 0.0600154 0.182126 89 165 0
0.567173 0.0567082 0.181098 89 165 0
0.564017 0.0534405 0.180055 89 165 0
0.560713 0.0503841 0.178865 89 165 0
0.558947 0.0502959 0.17746 89 165 0
0.555493 0.0515913 0.174036 89 165 0
0.552126 0.0530764 0.170602 89 165 0
0.548608 0.0541976 0.167178 89 165 0
0.545211 0.055456 0.163682 89 165 0
0.541725 0.0564211 0.16019 89 165 0
0.544226 0.0561373 0.16267 89 165 0
0.547204 0.0542623 0.165984 89 165 0
0.550277 0.0525564 0.169306 89 165 0
0.55347 0.0510336 0.172604 89 165 0
0.556731 0.0496639 0.1759 89 165 0
0.558703 0.0491874 0.177757 89 165 0
0.562556 0.0487979 0.181156 89 165 0
0.566329 0.0481386 0.184581 89 165 0
0.570067 0.0472425 0.188011 89 165 0
0.5739 0.0464577 0.191366 89 165 0
0.577838 0.045918 0.194636 89 165 0
0.57603 0.0358883 0.198129 90 164 0
0.575404 0.0312308 0.199692 90 164 0
0.574765 0.02651 0.201047 90 164 0
0.574084 0.0217843 0.202366 90 164 0
0.573501 0.0170597 0.203732 90 164 0
0.572906 0.0123124 0.20501 90 164 0
0.572292 0.0075422 0.206194 90 164 0
0.571677 0.00275541 0.207307 90 164 0
0.571041 -0.00204202 0.208362 90 164 0
0.570401 -0.00683637 0.209429 90 164 0
0.569756 -0.0116269 0.21051 90 164 0
0.569117 -0.0164194 0.211586 90 164 0
0.568472 -0.0212093 0.212669 90 164 0
0.567785 -0.0259795 0.213812 90 164 0
0.566698 -0.0338289 0.215628 90 164 0
0.56619 -0.0386158 0.216472 90 164 0
0.565717 -0.0434155 0.217262 90 164 0
0.56523 -0.0482104 0.218074 90 164 0
0.564767 -0.0530156 0.218836 90 164 0
0.564305 -0.0578241 0.219578 90 164 0
0.56371 -0.0626363 0.22019 90 164 0
0.56315 -0.0674602 0.220741 90 164 0
0.56262 -0.0722936 0.221234 90 164 0
0.562047 -0.0771178 0.221765 90 164 0
0.561362 -0.0819327 0.222244 90 164 0
0.562122 -0.07713 0.222219 90 164 0
0.562812 -0.0719949 0.221478 90 164 0
0.563513 -0.0668376 0.220927 90 164 0
0.563996 -0.0616874 0.220128 90 164 0
0.564471 -0.0565356 0.219335 90 164 0
0.564906 -0.0513702 0.21861 90 164 0
0.565359 -0.0462084 0.217871 90 164 0
0.565825 -0.0410521 0.217101 90 164 0
0.567101 -0.0309478 0.21496 90 164 0
0.567779 -0.0261819 0.213819 90 164 0
0.568449 -0.0214098 0.2127 90 164 0
0.569088 -0.0166214 0.211634 90 164 0
0.569728 -0.0118354 0.210557 90 164 0
0.570372 -0.00705065 0.209477 90 164 0
0.571012 -0.00226235 0.208411 90 164 0
0.571771 0.00252699 0.207439 90 164 0
0.572591 0.00730805 0.206469 90 164 0
0.573406 0.0120752 0.205428 90 164 0
0.574246 0.0168258 0.204334 90 164 0
0.575108 0.0215591 0.203181 90 164 0
0.576007 0.0262846 0.202026 90 164 0
0.57698 0.0310056 0.200914 90 164 0
0.578207 0.0356615 0.199782 90 164 0
0.578777 0.0386632 0.198625 90 164 0
0.578812 0.0432885 0.196555 90 164 0
0.579173 0.0479785 0.194653 90 164 0
0.579122 0.0525724 0.192495 91 163 0
0.579575 0.057286 0.19068 91 163 0
0.579768 0.0619749 0.188757 91 163 0
0.580038 0.0667152 0.186978 91 163 0
0.581862 0.0695492 0.187113 91 163 0
0.585594 0.0734354 0.187963 91 163 0
0.589244 0.0774145 0.188806 91 163 0
0.592893 0.081364 0.189808 91 163 0
0.596264 0.0855736 0.190773 91 163 0
0.599449 0.0899067 0.191801 91 163 0
0.593365 0.0943603 0.19837 91 163 0
0.646522 0.0887085 0.248126 91 163 0
0.651672 0.0860294 0.239984 91 163 0
0.653044 0.0844487 0.240932 91 163 0
0.655645 0.0805753 0.243082 91 163 0
0.658283 0.0767185 0.245215 91 163 0
0.661082 0.072963 0.247323 91 163 0
0.66402 0.0693461 0.249484 91 163 0
0.666941 0.0657893 0.251763 91 163 0
0.668637 0.0642859 0.252976 91 163 0
0.670099 0.0607509 0.255603 91 163 0
0.671681 0.0572623 0.258223 91 163 0
0.673598 0.0538862 0.260766 91 163 0
0.675729 0.0505973 0.26325 91 163 0
0.677643 0.0471163 0.265643 91 163 0
0.679649 0.0436985 0.268053 91 163 0
0.682473 0.0444685 0.269576 91 163 0
0.686593 0.0443049 0.27238 91 163 0
0.690747 0.0444921 0.275123 91 163 0
0.69496 0.044981 0.277748 91 163 0
0.699217 0.0457796 0.280202 91 163 0
0.696701 0.045026 0.278943 91 163 0
0.692107 0.044179 0.276146 91 163 0
0.687505 0.0430932 0.273432 91 163 0
0.682917 0.0417731 0.270813 91 163 0
0.68054 0.0417484 0.269335 91 163 0
0.67566 0.0412799 0.26671 91 163 0
0.67075 0.0411 0.264125 91 163 0
0.665826 0.0412622 0.261544 91 163 0
0.6609 0.0414698 0.258972 91 163 0
0.660478 0.033466 0.260736 91 163 0
0.66005 0.0285792 0.261645 91 163 0
0.659609 0.0236637 0.262377 91 163 0
0.659187 0.018756 0.263159 91 163 0
0.658945 0.0138471 0.26401 91 163 0
0.658535 0.00891712 0.264659 91 163 0
0.658187 0.00397641 0.265262 91 163 0
0.657818 -0.000963763 0.265856 91 163 0
0.657505 -0.00589787 0.266527 91 163 0
0.657203 -0.0108298 0.267219 91 163 0
0.656885 -0.0157555 0.267948 91 163 0
0.65661 -0.0206585 0.268825 92 162 0
0.656283 -0.0255593 0.269699 92 162 0
0.656014 -0.0304427 0.270681 92 162 0
0.654238 -0.0382054 0.272192 92 162 0
0.653482 -0.0432013 0.273616 92 162 0
0.65274 -0.0482438 0.274874 92 162 0
0.652059 -0.0533217 0.276016 92 162 0
0.651503 -0.0584432 0.277024 92 162 0
0.651025 -0.0635987 0.277887 92 162 0
0.650538 -0.068775 0.278615 92 162 0
0.650104 -0.073972 0.279211 92 162 0
0.649742 -0.0791916 0.279633 92 162 0
0.649357 -0.0844067 0.280086 92 162 0
0.649788 -0.0791045 0.279548 92 162 0
0.65009 -0.0738858 0.2792 92 162 0
0.650476 -0.0686792 0.278763 92 162 0
0.650976 -0.0634956 0.278194 92 162 0
0.65147 -0.0583423 0.277401 92 162 0
0.652387 -0.053255 0.276551 92 162 0
0.653435 -0.048228 0.275511 92 162 0
0.654518 -0.0432422 0.27432 92 162 0
0.655816 -0.032924 0.271463 92 162 0
0.656101 -0.0280613 0.270409 92 162 0
0.656073 -0.0231955 0.269338 92 162 0
0.6562 -0.0183278 0.268276 92 162 0
0.656328 -0.0134523 0.267247 92 162 0
0.656531 -0.00854782 0.266388 92 162 0
0.656634 -0.00364133 0.265524 92 162 0
0.65673 0.00126612 0.264661 92 162 0
0.656851 0.00617206 0.263791 92 162 0
0.656899 0.0110694 0.262864 92 162 0
0.656977 0.0159721 0.261974 92 162 0
0.657228 0.0208834 0.261161 92 162 0
0.657449 0.0257861 0.26029 92 162 0
0.65744 0.0306565 0.25924 92 162 0
0.6583 0.0336074 0.259078 92 162 0
0.659351 0.0383874 0.258671 92 162 0
0.660629 0.04311 0.258226 92 162 0
0.661694 0.0478356 0.25738 92 162 0
0.663458 0.0523678 0.256601 92 162 0
0.665112 0.0568324 0.255353 92 162 0
0.667041 0.061194 0.254144 92 162 0
0.666185 0.0632743 0.252912 92 162 0
0.664069 0.0667966 0.250797 92 162 0
0.661984 0.0703482 0.24873 92 162 0
0.659249 0.0735472 0.246819 92 162 0
0.65717 0.0771848 0.244855 92 162 0
0.654921 0.080722 0.242898 92 162 0
0.653044 0.0844487 0.240932 92 162 0
0.654215 0.0825908 0.241928 92 162 0
0.656847 0.0792572 0.243828 92 162 0
0.65944 0.0758983 0.245738 93 161 0
0.66194 0.0724836 0.247673 93 161 0
0.664379 0.0690885 0.249716 93 161 0
0.666941 0.0657893 0.251763 93 161 0
0.668637 0.0642859 0.252976 93 161 0
0.670099 0.0607509 0.255603 93 161 0
0.671681 0.0572623 0.258223 93 161 0
0.673598 0.0538862 0.260766 93 161 0
0.675729 0.0505973 0.26325 93 161 0
0.677643 0.0471163 0.265643 93 161 0
0.679649 0.0436985 0.268053 93 161 0
0.682473 0.0444685 0.269576 93 161 0
0.686593 0.0443049 0.27238 93 161 0
0.690747 0.0444921 0.275123 93 161 0
0.69496 0.044981 0.277748 93 161 0
0.699217 0.0457796 0.280202 93 161 0
0.696701 0.045026 0.278943 93 161 0
0.692107 0.044179 0.276146 93 161 0
0.687505 0.0430932 0.273432 93 161 0
0.682917 0.0417731 0.270813 93 161 0
0.68054 0.0417484 0.269335 93 161 0
0.67566 0.0412799 0.26671 93 161 0
0.67075 0.0411 0.264125 93 161 0
0.665826 0.0412622 0.261544 93 161 0
0.6609 0.0414698 0.258972 93 161 0
0.660478 0.033466 0.260736 93 161 0
0.66005 0.0285792 0.261645 93 161 0
0.659609 0.0236637 0.262377 93 161 0
0.659187 0.018756 0.263159 93 161 0
0.658945 0.0138471 0.26401 93 161 0
0.658535 0.00891712 0.264659 93 161 0
0.658187 0.00397641 0.265262 93 161 0
0.657818 -0.000963763 0.265856 93 161 0
0.657505 -0.00589787 0.266527 93 161 0
0.657203 -0.0108298 0.267219 93 161 0
0.656885 -0.0157555 0.267948 93 161 0
0.65661 -0.0206585 0.268825 93 161 0
0.656283 -0.0255593 0.269699 93 161 0
0.656014 -0.0304427 0.270681 93 161 0
0.654238 -0.0382054 0.272192 93 161 0
0.653482 -0.0432013 0.273616 93 161 0
0.65274 -0.0482438 0.274874 93 161 0
0.652059 -0.0533217 0.276016 93 161 0
0.651503 -0.0584432 0.277024 93 161 0
0.651025 -0.0635987 0.277887 93 161 0
0.650538 -0.068775 0.278615 93 161 0
0.650104 -0.073972 0.279211 93 161 0
0.649742 -0.0791916 0.279633 93 161 0
0.649357 -0.0844067 0.280086 93 161 0
0.649788 -0.0791045 0.279548 93 161 0
0.65009 -0.0738858 0.2792 93 161 0
0.650476 -0.0686792 0.278763 93 161 0
0.650976 -0.0634956 0.278194 94 160 0
0.65147 -0.0583423 0.277401 94 160 0
0.652387 -0.053255 0.276551 94 160 0
0.653435 -0.048228 0.275511 94 160 0
0.654518 -0.0432422 0.27432 94 160 0
0.655816 -0.032924 0.271463 94 160 0
0.656101 -0.0280613 0.270409 94 160 0
0.656073 -0.0231955 0.269338 94 160 0
0.6562 -0.0183278 0.268276 94 160 0
0.656328 -0.0134523 0.267247 94 160 0
0.656531 -0.00854782 0.266388 94 160 0
0.656634 -0.00364133 0.265524 94 160 0
0.65673 0.00126612 0.264661 94 160 0
0.656851 0.00617206 0.263791 94 160 0
0.656899 0.0110694 0.262864 94 160 0
0.656977 0.0159721 0.261974 94 160 0
0.657228 0.0208834 0.261161 94 160 0
0.657449 0.0257861 0.26029 94 160 0
0.65744 0.0306565 0.25924 94 160 0
0.6583 0.0336074 0.259078 94 160 0
0.659351 0.0383874 0.258671 94 160 0
0.660629 0.04311 0.258226 94 160 0
0.661694 0.0478356 0.25738 94 160 0
0.663458 0.0523678 0.256601 94 160 0
0.665112 0.0568324 0.255353 94 160 0
0.667041 0.061194 0.254144 94 160 0
0.666185 0.0632743 0.252912 94 160 0
0.664069 0.0667966 0.250797 94 160 0
0.661984 0.0703482 0.24873 94 160 0
0.659249 0.0735472 0.246819 94 160 0
0.65717 0.0771848 0.244855 94 160 0
0.654921 0.080722 0.242898 94 160 0
0.653044 0.0844487 0.240932 94 160 0
0.647979 0.0872416 0.24909 94 160 0
0.594926 0.0971966 0.198706 94 160 0
0.60108 0.0925958 0.192306 94 160 0
0.584202 -0.0364599 0.229139 94 160 0
0.583584 -0.0234463 0.223536 94 160 0
0.583277 -0.0186979 0.221745 94 160 0
0.582962 -0.0139161 0.220036 94 160 0
0.582727 -0.00913347 0.21832 94 160 0
0.582437 -0.00437386 0.216547 94 160 0
0.58216 0.000404775 0.214823 94 160 0
0.581807 0.00516481 0.213062 94 160 0
0.581506 0.00991459 0.211264 94 160 0
0.58134 0.0146816 0.209495 94 160 0
0.581043 0.0193997 0.207615 94 160 0
0.580939 0.0241516 0.2058 94 160 0
0.58071 0.0288313 0.203817 94 160 0
0.5806 0.0335201 0.201845 94 160 0
0.580508 0.0381988 0.199849 94 160 0
0.580344 0.0428496 0.197793 95 159 0
0.580257 0.0475023 0.195737 95 159 0
0.580264 0.052119 0.193599 95 159 0
0.580206 0.0567413 0.191477 95 159 0
0.578195 0.0561862 0.189972 95 159 0
0.573964 0.0544786 0.187501 95 159 0
0.569738 0.0528764 0.18496 95 159 0
0.56553 0.0514213 0.182296 95 159 0
0.561357 0.050158 0.179499 95 159 0
0.558947 0.0502959 0.17746 95 159 0
0.555587 0.0517952 0.174022 95 159 0
0.552192 0.0532149 0.17059 95 159 0
0.548674 0.0543361 0.167165 95 159 0
0.545237 0.055502 0.163674 95 159 0
0.541725 0.0564211 0.16019 95 159 0
0.544226 0.0561373 0.16267 95 159 0
0.547204 0.0542623 0.165984 95 159 0
0.550277 0.0525564 0.169306 95 159 0
0.55347 0.0510336 0.172604 95 159 0
0.556731 0.0496639 0.1759 95 159 0
0.558703 0.0491874 0.177757 95 159 0
0.562556 0.0487979 0.181156 95 159 0
0.566329 0.0481386 0.184581 95 159 0
0.570067 0.0472425 0.188011 95 159 0
0.5739 0.0464577 0.191366 95 159 0
0.577838 0.045918 0.194636 95 159 0
0.57603 0.0358883 0.198129 95 159 0
0.575404 0.0312308 0.199692 95 159 0
0.574765 0.02651 0.201047 95 159 0
0.574084 0.0217843 0.202366 95 159 0
0.573501 0.0170597 0.203732 95 159 0
0.572906 0.0123124 0.20501 95 159 0
0.572292 0.0075422 0.206194 95 159 0
0.571677 0.00275541 0.207307 95 159 0
0.571041 -0.00204202 0.208362 95 159 0
0.570401 -0.00683637 0.209429 95 159 0
0.569756 -0.0116269 0.21051 95 159 0
0.569117 -0.0164194 0.211586 95 159 0
0.568472 -0.0212093 0.212669 95 159 0
0.567785 -0.0259795 0.213812 95 159 0
0.566698 -0.0338289 0.215628 95 159 0
0.56619 -0.0386158 0.216472 95 159 0
0.565717 -0.0434155 0.217262 95 159 0
0.56523 -0.0482104 0.218074 95 159 0
0.564767 -0.0530156 0.218836 95 159 0
0.564305 -0.0578241 0.219578 95 159 0
0.56371 -0.0626363 0.22019 95 159 0
0.56315 -0.0674602 0.220741 95 159 0
0.56262 -0.0722936 0.221234 95 159 0
0.562047 -0.0771178 0.221765 95 159 0
0.561362 -0.0819327 0.222244 95 159 0
0.562122 -0.07713 0.222219 96 158 0
0.562812 -0.0719949 0.221478 96 158 0
0.563513 -0.0668376 0.220927 96 158 0
0.563996 -0.0616874 0.220128 96 158 0
0.564471 -0.0565356 0.219335 96 158 0
0.564906 -0.0513702 0.21861 96 158 0
0.565359 -0.0462084 0.217871 96 158 0
0.565825 -0.0410521 0.217101 96 158 0
0.567101 -0.0309478 0.21496 96 158 0
0.567779 -0.0261819 0.213819 96 158 0
0.568449 -0.0214098 0.2127 96 158 0
0.569088 -0.0166214 0.211634 96 158 0
0.569728 -0.0118354 0.210557 96 158 0
0.570372 -0.00705065 0.209477 96 158 0
0.571012 -0.00226235 0.208411 96 158 0
0.571771 0.00252699 0.207439 96 158 0
0.572591 0.00730805 0.206469 96 158 0
0.573406 0.0120752 0.205428 96 158 0
0.574246 0.0168258 0.204334 96 158 0
0.575108 0.0215591 0.203181 96 158 0
0.576007 0.0262846 0.202026 96 158 0
0.57698 0.0310056 0.200914 96 158 0
0.578207 0.0356615 0.199782 96 158 0
0.578777 0.0386632 0.198625 96 158 0
0.578812 0.0432885 0.196555 96 158 0
0.579173 0.0479785 0.194653 96 158 0
0.579122 0.0525724 0.192495 96 158 0
0.579575 0.057286 0.19068 96 158 0
0.579768 0.0619749 0.188757 96 158 0
0.580038 0.0667152 0.186978 96 158 0
0.581862 0.0695492 0.187113 96 158 0
0.585594 0.0734354 0.187963 96 158 0
0.589244 0.0774145 0.188806 96 158 0
0.592893 0.081364 0.189808 96 158 0
0.596264 0.0855736 0.190773 96 158 0
0.599449 0.0899067 0.191801 96 158 0
0.597475 0.0872125 0.191069 96 158 0
0.594267 0.084224 0.189745 96 158 0
0.59119 0.0809751 0.188704 96 158 0
0.587981 0.0778484 0.187684 96 158 0
0.584896 0.074525 0.186952 96 158 0
0.581573 0.0715388 0.18596 96 158 0
0.579564 0.0700047 0.185222 96 158 0
0.57644 0.0666997 0.184207 96 158 0
0.573286 0.0634511 0.18311 96 158 0
0.570293 0.0600154 0.182126 96 158 0
0.567173 0.0567082 0.181098 96 158 0
0.564017 0.0534405 0.180055 96 158 0
0.560713 0.0503841 0.178865 96 158 0
0.558947 0.0502959 0.17746 96 158 0
0.555493 0.0515913 0.174036 96 158 0
0.552126 0.0530764 0.170602 97 157 0
0.548608 0.0541976 0.167178 97 157 0
0.545211 0.055456 0.163682 97 157 0
0.541725 0.0564211 0.16019 97 157 0
0.544226 0.0561373 0.16267 97 157 0
0.547204 0.0542623 0.165984 97 157 0
0.550277 0.0525564 0.169306 97 157 0
0.55347 0.0510336 0.172604 97 157 0
0.556731 0.0496639 0.1759 97 157 0
0.558703 0.0491874 0.177757 97 157 0
0.562556 0.0487979 0.181156 97 157 0
0.566329 0.0481386 0.184581 97 157 0
0.570067 0.0472425 0.188011 97 157 0
0.5739 0.0464577 0.191366 97 157 0
0.577838 0.045918 0.194636 97 157 0
0.57603 0.0358883 0.198129 97 157 0
0.575404 0.0312308 0.199692 97 157 0
0.574765 0.02651 0.201047 97 157 0
0.574084 0.0217843 0.202366 97 157 0
0.573501 0.0170597 0.203732 97 157 0
0.572906 0.0123124 0.20501 97 157 0
0.572292 0.0075422 0.206194 97 157 0
0.571677 0.00275541 0.207307 97 157 0
0.571041 -0.00204202 0.208362 97 157 0
0.570401 -0.00683637 0.209429 97 157 0
0.569756 -0.0116269 0.21051 97 157 0
0.569117 -0.0164194 0.211586 97 157 0
0.568472 -0.0212093 0.212669 97 157 0
0.567785 -0.0259795 0.213812 97 157 0
0.566698 -0.0338289 0.215628 97 157 0
0.56619 -0.0386158 0.216472 97 157 0
0.565717 -0.0434155 0.217262 97 157 0
0.56523 -0.0482104 0.218074 97 157 0
0.564767 -0.0530156 0.218836 97 157 0
0.564305 -0.0578241 0.219578 97 157 0
0.56371 -0.0626363 0.22019 97 157 0
0.56315 -0.0674602 0.220741 97 157 0
0.56262 -0.0722936 0.221234 97 157 0
0.562047 -0.0771178 0.221765 97 157 0
0.561362 -0.0819327 0.222244 97 157 0
0.562122 -0.07713 0.222219 97 157 0
0.562812 -0.0719949 0.221478 97 157 0
0.563513 -0.0668376 0.220927 97 157 0
0.563996 -0.0616874 0.220128 97 157 0
0.564471 -0.0565356 0.219335 97 157 0
0.564906 -0.0513702 0.21861 97 157 0
0.565359 -0.0462084 0.217871 97 157 0
0.565825 -0.0410521 0.217101 97 157 0
0.567101 -0.0309478 0.21496 97 157 0
0.567779 -0.0261819 0.213819 97 157 0
0.568449 -0.0214098 0.2127 97 157 0
0.569088 -0.0166214 0.211634 98 156 0
0.569728 -0.0118354 0.210557 98 156 0
0.570372 -0.00705065 0.209477 98 156 0
0.571012 -0.00226235 0.208411 98 156 0
0.571771 0.00252699 0.207439 98 156 0
0.572591 0.00730805 0.206469 98 156 0
0.573406 0.0120752 0.205428 98 156 0
0.574246 0.0168258 0.204334 98 156 0
0.575108 0.0215591 0.203181 98 156 0
0.576007 0.0262846 0.202026 98 156 0
0.57698 0.0310056 0.200914 98 156 0
0.578207 0.0356615 0.199782 98 156 0
0.578777 0.0386632 0.198625 98 156 0
0.578812 0.0432885 0.196555 98 156 0
0.579173 0.0479785 0.194653 98 156 0
0.579122 0.0525724 0.192495 98 156 0
0.579575 0.057286 0.19068 98 156 0
0.579768 0.0619749 0.188757 98 156 0
0.580038 0.0667152 0.186978 98 156 0
0.581862 0.0695492 0.187113 98 156 0
0.585594 0.0734354 0.187963 98 156 0
0.589244 0.0774145 0.188806 98 156 0
0.592893 0.081364 0.189808 98 156 0
0.596264 0.0855736 0.190773 98 156 0
0.599449 0.0899067 0.191801 98 156 0
0.593365 0.0943603 0.19837 98 156 0
0.646522 0.0887085 0.248126 98 156 0
0.651672 0.0860294 0.239984 98 156 0
0.653044 0.0844487 0.240932 98 156 0
0.655645 0.0805753 0.243082 98 156 0
0.658283 0.0767185 0.245215 98 156 0
0.661082 0.072963 0.247323 98 156 0
0.66402 0.0693461 0.249484 98 156 0
0.666941 0.0657893 0.251763 98 156 0
0.668637 0.0642859 0.252976 98 156 0
0.670099 0.0607509 0.255603 98 156 0
0.671681 0.0572623 0.258223 98 156 0
0.673598 0.0538862 0.260766 98 156 0
0.675729 0.0505973 0.26325 98 156 0
0.677643 0.0471163 0.265643 98 156 0
0.679649 0.0436985 0.268053 98 156 0
0.682473 0.0444685 0.269576 98 156 0
0.686593 0.0443049 0.27238 98 156 0
0.690747 0.0444921 0.275123 98 156 0
0.69496 0.044981 0.277748 98 156 0
0.699217 0.0457796 0.280202 98 156 0
0.696701 0.045026 0.278943 98 156 0
0.692107 0.044179 0.276146 98 156 0
0.687505 0.0430932 0.273432 98 156 0
0.682917 0.0417731 0.270813 98 156 0
0.68054 0.0417484 0.269335 98 156 0
0.67566 0.0412799 0.26671 98 156 0
0.67075 0.0411 0.264125 99 155 0
0.665826 0.0412622 0.261544 99 155 0
0.6609 0.0414698 0.258972 99 155 0
0.660478 0.033466 0.260736 99 155 0
0.66005 0.0285792 0.261645 99 155 0
0.659609 0.0236637 0.262377 99 155 0
0.659187 0.018756 0.263159 99 155 0
0.658945 0.0138471 0.26401 99 155 0
0.658535 0.00891712 0.264659 99 155 0
0.658187 0.00397641 0.265262 99 155 0
0.657818 -0.000963763 0.265856 99 155 0
0.657505 -0.00589787 0.266527 99 155 0
0.657203 -0.0108298 0.267219 99 155 0
0.656885 -0.0157555 0.267948 99 155 0
0.65661 -0.0206585 0.268825 99 155 0
0.656283 -0.0255593 0.269699 99 155 0
0.656014 -0.0304427 0.270681 99 155 0
0.654238 -0.0382054 0.272192 99 155 0
0.653482 -0.0432013 0.273616 99 155 0
0.65274 -0.0482438 0.274874 99 155 0
0.652059 -0.0533217 0.276016 99 155 0
0.651503 -0.0584432 0.277024 99 155 0
0.651025 -0.0635987 0.277887 99 155 0
0.650538 -0.068775 0.278615 99 155 0
0.650104 -0.073972 0.279211 99 155 0
0.649742 -0.0791916 0.279633 99 155 0
0.649357 -0.0844067 0.280086 99 155 0
0.649788 -0.0791045 0.279548 99 155 0
0.65009 -0.0738858 0.2792 99 155 0
0.650476 -0.0686792 0.278763 99 155 0
0.650976 -0.0634956 0.278194 99 155 0
0.65147 -0.0583423 0.277401 99 155 0
0.652387 -0.053255 0.276551 99 155 0
0.653435 -0.048228 0.275511 99 155 0
0.654518 -0.0432422 0.27432 99 155 0
0.655816 -0.032924 0.271463 99 155 0
0.656101 -0.0280613 0.270409 99 155 0
0.656073 -0.0231955 0.269338 99 155 0
0.6562 -0.0183278 0.268276 99 155 0
0.656328 -0.0134523 0.267247 99 155 0
0.656531 -0.00854782 0.266388 99 155 0
0.656634 -0.00364133 0.265524 99 155 0
0.65673 0.00126612 0.264661 99 155 0
0.656851 0.00617206 0.263791 99 155 0
0.656899 0.0110694 0.262864 99 155 0
0.656977 0.0159721 0.261974 99 155 0
0.657228 0.0208834 0.261161 99 155 0
0.657449 0.0257861 0.26029 99 155 0
0.65744 0.0306565 0.25924 99 155 0
0.6583 0.0336074 0.259078 99 155 0
0.659351 0.0383874 0.258671 99 155 0
0.660629 0.04311 0.258226 100 154 0
0.661694 0.0478356 0.25738 100 154 0
0.663458 0.0523678 0.256601 100 154 0
0.665112 0.0568324 0.255353 100 154 0
0.667041 0.061194 0.254144 100 154 0
0.666185 0.0632743 0.252912 100 154 0
0.664069 0.0667966 0.250797 100 154 0
0.661984 0.0703482 0.24873 100 154 0
0.659249 0.0735472 0.246819 100 154 0
0.65717 0.0771848 0.244855 100 154 0
0.654921 0.080722 0.242898 100 154 0
0.653044 0.0844487 0.240932 100 154 0
0.654215 0.0825908 0.241928 100 154 0
0.656847 0.0792572 0.243828 100 154 0
0.65944 0.0758983 0.245738 100 154 0
0.66194 0.0724836 0.247673 100 154 0
0.664379 0.0690885 0.249716 100 154 0
0.666941 0.0657893 0.251763 100 154 0
0.668637 0.0642859 0.252976 100 154 0
0.670099 0.0607509 0.255603 100 154 0
0.671681 0.0572623 0.258223 100 154 0
0.673598 0.0538862 0.260766 100 154 0
0.675729 0.0505973 0.26325 100 154 0
0.677643 0.0471163 0.265643 100 154 0
0.679649 0.0436985 0.268053 100 154 0
0.682473 0.0444685 0.269576 100 154 0
0.686593 0.0443049 0.27238 100 154 0
0.690747 0.0444921 0.275123 100 154 0
0.69496 0.044981 0.277748 100 154 0
0.699217 0.0457796 0.280202 100 154 0
0.696701 0.045026 0.278943 100 154 0
0.692107 0.044179 0.276146 100 154 0
0.687505 0.0430932 0.273432 100 154 0
0.682917 0.0417731 0.270813 100 154 0
0.68054 0.0417484 0.269335 100 154 0
0.67566 0.0412799 0.26671 100 154 0
0.67075 0.0411 0.264125 100 154 0
0.665826 0.0412622 0.261544 100 154 0
0.6609 0.0414698 0.258972 100 154 0
0.660478 0.033466 0.260736 100 154 0
0.66005 0.0285792 0.261645 100 154 0
0.659609 0.0236637 0.262377 100 154 0
0.659187 0.018756 0.263159 100 154 0
0.658945 0.0138471 0.26401 100 154 0
0.658535 0.00891712 0.264659 100 154 0
0.658187 0.00397641 0.265262 100 154 0
0.657818 -0.000963763 0.265856 100 154 0
0.657505 -0.00589787 0.266527 100 154 0
0.657203 -0.0108298 0.267219 100 154 0
0.656885 -0.0157555 0.267948 100 154 0
0.65661 -0.0206585 0.268825 100 154 0
0.656283 -0.0255593 0.269699 101 153 0
0.656014 -0.0304427 0.270681 101 153 0
0.654238 -0.0382054 0.272192 101 153 0
0.653482 -0.0432013 0.273616 101 153 0
0.65274 -0.0482438 0.274874 101 153 0
0.652059 -0.0533217 0.276016 101 153 0
0.651503 -0.0584432 0.277024 101 153 0
0.651025 -0.0635987 0.277887 101 153 0
0.650538 -0.068775 0.278615 101 153 0
0.650104 -0.073972 0.279211 101 153 0
0.649742 -0.0791916 0.279633 101 153 0
0.649357 -0.0844067 0.280086 101 153 0
0.649788 -0.0791045 0.279548 101 153 0
0.65009 -0.0738858 0.2792 101 153 0
0.650476 -0.0686792 0.278763 101 153 0
0.650976 -0.0634956 0.278194 101 153 0
0.65147 -0.0583423 0.277401 101 153 0
0.652387 -0.053255 0.276551 101 153 0
0.653435 -0.048228 0.275511 101 153 0
0.654518 -0.0432422 0.27432 101 153 0
0.655816 -0.032924 0.271463 101 153 0
0.656101 -0.0280613 0.270409 101 153 0
0.656073 -0.0231955 0.269338 101 153 0
0.6562 -0.0183278 0.268276 101 153 0
0.656328 -0.0134523 0.267247 101 153 0
0.656531 -0.00854782 0.266388 101 153 0
0.656634 -0.00364133 0.265524 101 153 0
0.65673 0.00126612 0.264661 101 153 0
0.656851 0.00617206 0.263791 101 153 0
0.656899 0.0110694 0.262864 101 153 0
0.656977 0.0159721 0.261974 101 153 0
0.657228 0.0208834 0.261161 101 153 0
0.657449 0.0257861 0.26029 101 153 0
0.65744 0.0306565 0.25924 101 153 0
0.6583 0.0336074 0.259078 101 153 0
0.659351 0.0383874 0.258671 101 153 0
0.660629 0.04311 0.258226 101 153 0
0.661694 0.0478356 0.25738 101 153 0
0.663458 0.0523678 0.256601 101 153 0
0.665112 0.0568324 0.255353 101 153 0
0.667041 0.061194 0.254144 101 153 0
0.666185 0.0632743 0.252912 101 153 0
0.664069 0.0667966 0.250797 101 153 0
0.661984 0.0703482 0.24873 101 153 0
0.659249 0.0735472 0.246819 101 153 0
0.65717 0.0771848 0.244855 101 153 0
0.654921 0.080722 0.242898 101 153 0
0.653044 0.0844487 0.240932 101 153 0
0.647979 0.0872416 0.24909 101 153 0
0.594926 0.0971966 0.198706 101 153 0
0.60108 0.0925958 0.192306 101 153 0
0.584202 -0.0364599 0.229139 102 152 0
0.583584 -0.0234463 0.223536 102 152 0
0.583277 -0.0186979 0.221745 102 152 0
0.582962 -0.0139161 0.220036 102 152 0
0.582727 -0.00913347 0.21832 102 152 0
0.582437 -0.00437386 0.216547 102 152 0
0.58216 0.000404775 0.214823 102 152 0
0.581807 0.00516481 0.213062 102 152 0
0.581506 0.00991459 0.211264 102 152 0
0.58134 0.0146816 0.209495 102 152 0
0.581043 0.0193997 0.207615 102 152 0
0.580939 0.0241516 0.2058 102 152 0
0.58071 0.0288313 0.203817 102 152 0
0.5806 0.0335201 0.201845 102 152 0
0.580508 0.0381988 0.199849 102 152 0
0.580344 0.0428496 0.197793 102 152 0
0.580257 0.0475023 0.195737 102 152 0
0.580264 0.052119 0.193599 102 152 0
0.580206 0.0567413 0.191477 102 152 0
0.578195 0.0561862 0.189972 102 152 0
0.573964 0.0544786 0.187501 102 152 0
0.569738 0.0528764 0.18496 102 152 0
0.56553 0.0514213 0.182296 102 152 0
0.561357 0.050158 0.179499 102 152 0
0.558947 0.0502959 0.17746 102 152 0
0.555587 0.0517952 0.174022 102 152 0
0.552192 0.0532149 0.17059 102 152 0
0.548674 0.0543361 0.167165 102 152 0
0.545237 0.055502 0.163674 102 152 0
0.541725 0.0564211 0.16019 102 152 0
0.544226 0.0561373 0.16267 102 152 0
0.547204 0.0542623 0.165984 102 152 0
0.550277 0.0525564 0.169306 102 152 0
0.55347 0.0510336 0.172604 102 152 0
0.556731 0.0496639 0.1759 102 152 0
0.558703 0.0491874 0.177757 102 152 0
0.562556 0.0487979 0.181156 102 152 0
0.566329 0.0481386 0.184581 102 152 0
0.570067 0.0472425 0.188011 102 152 0
0.5739 0.0464577 0.191366 102 152 0
0.577838 0.045918 0.194636 102 152 0
0.57603 0.0358883 0.198129 102 152 0
0.575404 0.0312308 0.199692 102 152 0
0.574765 0.02651 0.201047 102 152 0
0.574084 0.0217843 0.202366 102 152 0
0.573501 0.0170597 0.203732 102 152 0
0.572906 0.0123124 0.20501 102 152 0
0.572292 0.0075422 0.206194 102 152 0
0.571677 0.00275541 0.207307 102 152 0
0.571041 -0.00204202 0.208362 102 152 0
0.570401 -0.00683637 0.209429 102 152 0
0.569756 -0.0116269 0.21051 103 151 0
0.569117 -0.0164194 0.211586 103 151 0
0.568472 -0.0212093 0.212669 103 151 0
0.567785 -0.0259795 0.213812 103 151 0
0.566698 -0.0338289 0.215628 103 151 0
0.56619 -0.0386158 0.216472 103 151 0
0.565717 -0.0434155 0.217262 103 151 0
0.56523 -0.0482104 0.218074 103 151 0
0.564767 -0.0530156 0.218836 103 151 0
0.564305 -0.0578241 0.219578 103 151 0
0.56371 -0.0626363 0.22019 103 151 0
0.56315 -0.0674602 0.220741 103 151 0
0.56262 -0.0722936 0.221234 103 151 0
0.562047 -0.0771178 0.221765 103 151 0
0.561362 -0.0819327 0.222244 103 151 0
0.562122 -0.07713 0.222219 103 151 0
0.562812 -0.0719949 0.221478 103 151 0
0.563513 -0.0668376 0.220927 103 151 0
0.563996 -0.0616874 0.220128 103 151 0
0.564471 -0.0565356 0.219335 103 151 0
0.564906 -0.0513702 0.21861 103 151 0
0.565359 -0.0462084 0.217871 103 151 0
0.565825 -0.0410521 0.217101 103 151 0
0.567101 -0.0309478 0.21496 103 151 0
0.567779 -0.0261819 0.213819 103 151 0
0.568449 -0.0214098 0.2127 103 151 0
0.569088 -0.0166214 0.211634 103 151 0
0.569728 -0.0118354 0.210557 103 151 0
0.570372 -0.00705065 0.209477 103 151 0
0.571012 -0.00226235 0.208411 103 151 0
0.571771 0.00252699 0.207439 103 151 0
0.572591 0.00730805 0.206469 103 151 0
0.573406 0.0120752 0.205428 103 151 0
0.574246 0.0168258 0.204334 103 151 0
0.575108 0.0215591 0.203181 103 151 0
0.576007 0.0262846 0.202026 103 151 0
0.57698 0.0310056 0.200914 103 151 0
0.578207 0.0356615 0.199782 103 151 0
0.578777 0.0386632 0.198625 103 151 0
0.578812 0.0432885 0.196555 103 151 0
0.579173 0.0479785 0.194653 103 151 0
0.579122 0.0525724 0.192495 103 151 0
0.579575 0.057286 0.19068 103 151 0
0.579768 0.0619749 0.188757 103 151 0
0.580038 0.0667152 0.186978 103 151 0
0.581862 0.0695492 0.187113 103 151 0
0.585594 0.0734354 0.187963 103 151 0
0.589244 0.0774145 0.188806 103 151 0
0.592893 0.081364 0.189808 103 151 0
0.596264 0.0855736 0.190773 103 151 0
0.599449 0.0899067 0.191801 103 151 0
0.597475 0.0872125 0.191069 104 150 0
0.594267 0.084224 0.189745 104 150 0
0.59119 0.0809751 0.188704 104 150 0
0.587981 0.0778484 0.187684 104 150 0
0.584896 0.074525 0.186952 104 150 0
0.581573 0.0715388 0.18596 104 150 0
0.579564 0.0700047 0.185222 104 150 0
0.57644 0.0666997 0.184207 104 150 0
0.573286 0.0634511 0.18311 104 150 0
0.570293 0.0600154 0.182126 104 150 0
0.567173 0.0567082 0.181098 104 150 0
0.564017 0.0534405 0.180055 104 150 0
0.560713 0.0503841 0.178865 104 150 0
0.558947 0.0502959 0.17746 104 150 0
0.555493 0.0515913 0.174036 104 150 0
0.552126 0.0530764 0.170602 104 150 0
0.548608 0.0541976 0.167178 104 150 0
0.545211 0.055456 0.163682 104 150 0
0.541725 0.0564211 0.16019 104 150 0
0.544226 0.0561373 0.16267 104 150 0
0.547204 0.0542623 0.165984 104 150 0
0.550277 0.0525564 0.169306 104 150 0
0.55347 0.0510336 0.172604 104 150 0
0.556731 0.0496639 0.1759 104 150 0
0.558703 0.0491874 0.177757 104 150 0
0.562556 0.0487979 0.181156 104 150 0
0.566329 0.0481386 0.184581 104 150 0
0.570067 0.0472425 0.188011 104 150 0
0.5739 0.0464577 0.191366 104 150 0
0.577838 0.045918 0.194636 104 150 0
0.57603 0.0358883 0.198129 104 150 0
0.575404 0.0312308 0.199692 104 150 0
0.574765 0.02651 0.201047 104 150 0
0.574084 0.0217843 0.202366 104 150 0
0.573501 0.0170597 0.203732 104 150 0
0.572906 0.0123124 0.20501 104 150 0
0.572292 0.0075422 0.206194 104 150 0
0.571677 0.00275541 0.207307 104 150 0
0.571041 -0.00204202 0.208362 104 150 0
0.570401 -0.00683637 0.209429 104 150 0
0.569756 -0.0116269 0.21051 104 150 0
0.569117 -0.0164194 0.211586 104 150 0
0.568472 -0.0212093 0.212669 104 150 0
0.567785 -0.0259795 0.213812 104 150 0
0.566698 -0.0338289 0.215628 104 150 0
0.56619 -0.0386158 0.216472 104 150 0
0.565717 -0.0434155 0.217262 104 150 0
0.56523 -0.0482104 0.218074 104 150 0
0.564767 -0.0530156 0.218836 104 150 0
0.564305 -0.0578241 0.219578 104 150 0
0.56371 -0.0626363 0.22019 104 150 0
0.56315 -0.0674602 0.220741 104 150 0
0.56262 -0.0722936 0.221234 105 149 0
0.562047 -0.0771178 0.221765 105 149 0
0.561362 -0.0819327 0.222244 105 149 0
0.562122 -0.07713 0.222219 105 149 0
0.562812 -0.0719949 0.221478 105 149 0
0.563513 -0.0668376 0.220927 105 149 0
0.563996 -0.0616874 0.220128 105 149 0
0.564471 -0.0565356 0.219335 105 149 0
0.564906 -0.0513702 0.21861 105 149 0
0.565359 -0.0462084 0.217871 105 149 0
0.565825 -0.0410521 0.217101 105 149 0
0.567101 -0.0309478 0.21496 105 149 0
0.567779 -0.0261819 0.213819 105 149 0
0.568449 -0.0214098 0.2127 105 149 0
0.569088 -0.0166214 0.211634 105 149 0
0.569728 -0.0118354 0.210557 105 149 0
0.570372 -0.00705065 0.209477 105 149 0
0.571012 -0.00226235 0.208411 105 149 0
0.571771 0.00252699 0.207439 105 149 0
0.572591 0.00730805 0.206469 105 149 0
0.573406 0.0120752 0.205428 105 149 0
0.574246 0.0168258 0.204334 105 149 0
0.575108 0.0215591 0.203181 105 149 0
0.576007 0.0262846 0.202026 105 149 0
0.57698 0.0310056 0.200914 105 149 0
0.578207 0.0356615 0.199782 105 149 0
0.578777 0.0386632 0.198625 105 149 0
0.578812 0.0432885 0.196555 105 149 0
0.579173 0.0479785 0.194653 105 149 0
0.579122 0.0525724 0.192495 105 149 0
0.579575 0.057286 0.19068 105 149 0
0.579768 0.0619749 0.188757 105 149 0
0.580038 0.0667152 0.186978 105 149 0
0.581862 0.0695492 0.187113 105 149 0
0.585594 0.0734354 0.187963 105 149 0
0.589244 0.0774145 0.188806 105 149 0
0.592893 0.081364 0.189808 105 149 0
0.596264 0.0855736 0.190773 105 149 0
0.599449 0.0899067 0.191801 105 149 0
0.593365 0.0943603 0.19837 105 149 0
0.646522 0.0887085 0.248126 105 149 0
0.651672 0.0860294 0.239984 105 149 0
0.653044 0.0844487 0.240932 105 149 0
0.655645 0.0805753 0.243082 105 149 0
0.658283 0.0767185 0.245215 105 149 0
0.661082 0.072963 0.247323 105 149 0
0.66402 0.0693461 0.249484 105 149 0
0.666941 0.0657893 0.251763 105 149 0
0.668637 0.0642859 0.252976 105 149 0
0.670099 0.0607509 0.255603 105 149 0
0.671681 0.0572623 0.258223 105 149 0
0.673598 0.0538862 0.260766 106 148 0
0.675729 0.0505973 0.26325 106 148 0
0.677643 0.0471163 0.265643 106 148 0
0.679649 0.0436985 0.268053 106 148 0
0.682473 0.0444685 0.269576 106 148 0
0.686593 0.0443049 0.27238 106 148 0
0.690747 0.0444921 0.275123 106 148 0
0.69496 0.044981 0.277748 106 148 0
0.699217 0.0457796 0.280202 106 148 0
0.696701 0.045026 0.278943 106 148 0
0.692107 0.044179 0.276146 106 148 0
0.687505 0.0430932 0.273432 106 148 0
0.682917 0.0417731 0.270813 106 148 0
0.68054 0.0417484 0.269335 106 148 0
0.67566 0.0412799 0.26671 106 148 0
0.67075 0.0411 0.264125 106 148 0
0.665826 0.0412622 0.261544 106 148 0
0.6609 0.0414698 0.258972 106 148 0
0.660478 0.033466 0.260736 106 148 0
0.66005 0.0285792 0.261645 106 148 0
0.659609 0.0236637 0.262377 106 148 0
0.659187 0.018756 0.263159 106 148 0
0.658945 0.0138471 0.26401 106 148 0
0.658535 0.00891712 0.264659 106 148 0
0.658187 0.00397641 0.265262 106 148 0
0.657818 -0.000963763 0.265856 106 148 0
0.657505 -0.00589787 0.266527 106 148 0
0.657203 -0.0108298 0.267219 106 148 0
0.656885 -0.0157555 0.267948 106 148 0
0.65661 -0.0206585 0.268825 106 148 0
0.656283 -0.0255593 0.269699 106 148 0
0.656014 -0.0304427 0.270681 106 148 0
0.654238 -0.0382054 0.272192 106 148 0
0.653482 -0.0432013 0.273616 106 148 0
0.65274 -0.0482438 0.274874 106 148 0
0.652059 -0.0533217 0.276016 106 148 0
0.651503 -0.0584432 0.277024 106 148 0
0.651025 -0.0635987 0.277887 106 148 0
0.650538 -0.068775 0.278615 106 148 0
0.650104 -0.073972 0.279211 106 148 0
0.649742 -0.0791916 0.279633 106 148 0
0.649357 -0.0844067 0.280086 106 148 0
0.649788 -0.0791045 0.279548 106 148 0
0.65009 -0.0738858 0.2792 106 148 0
0.650476 -0.0686792 0.278763 106 148 0
0.650976 -0.0634956 0.278194 106 148 0
0.65147 -0.0583423 0.277401 106 148 0
0.652387 -0.053255 0.276551 106 148 0
0.653435 -0.048228 0.275511 106 148 0
0.654518 -0.0432422 0.27432 106 148 0
0.655816 -0.032924 0.271463 106 148 0
0.656101 -0.0280613 0.270409 107 147 0
0.656073 -0.0231955 0.269338 107 147 0
0.6562 -0.0183278 0.268276 107 147 0
0.656328 -0.0134523 0.267247 107 147 0
0.656531 -0.00854782 0.266388 107 147 0
0.656634 -0.00364133 0.265524 107 147 0
0.65673 0.00126612 0.264661 107 147 0
0.656851 0.00617206 0.263791 107 147 0
0.656899 0.0110694 0.262864 107 147 0
0.656977 0.0159721 0.261974 107 147 0
0.657228 0.0208834 0.261161 107 147 0
0.657449 0.0257861 0.26029 107 147 0
0.65744 0.0306565 0.25924 107 147 0
0.6583 0.0336074 0.259078 107 147 0
0.659351 0.0383874 0.258671 107 147 0
0.660629 0.04311 0.258226 107 147 0
0.661694 0.0478356 0.25738 107 147 0
0.663458 0.0523678 0.256601 107 147 0
0.665112 0.0568324 0.255353 107 147 0
0.667041 0.061194 0.254144 107 147 0
0.666185 0.0632743 0.252912 107 147 0
0.664069 0.0667966 0.250797 107 147 0
0.661984 0.0703482 0.24873 107 147 0
0.659249 0.0735472 0.246819 107 147 0
0.65717 0.0771848 0.244855 107 147 0
0.654921 0.080722 0.242898 107 147 0
0.653044 0.0844487 0.240932 107 147 0
0.654215 0.0825908 0.241928 107 147 0
0.656847 0.0792572 0.243828 107 147 0
0.65944 0.0758983 0.245738 107 147 0
0.66194 0.0724836 0.247673 107 147 0
0.664379 0.0690885 0.249716 107 147 0
0.666941 0.0657893 0.251763 107 147 0
0.668637 0.0642859 0.252976 107 147 0
0.670099 0.0607509 0.255603 107 147 0
0.671681 0.0572623 0.258223 107 147 0
0.673598 0.0538862 0.260766 107 147 0
0.675729 0.0505973 0.26325 107 147 0
0.677643 0.0471163 0.265643 107 147 0
0.679649 0.0436985 0.268053 107 147 0
0.682473 0.0444685 0.269576 107 147 0
0.686593 0.0443049 0.27238 107 147 0
0.690747 0.0444921 0.275123 107 147 0
0.69496 0.044981 0.277748 107 147 0
0.699217 0.0457796 0.280202 107 147 0
0.696701 0.045026 0.278943 107 147 0
0.692107 0.044179 0.276146 107 147 0
0.687505 0.0430932 0.273432 107 147 0
0.682917 0.0417731 0.270813 107 147 0
0.68054 0.0417484 0.269335 107 147 0
0.67566 0.0412799 0.26671 107 147 0
0.67075 0.0411 0.264125 108 146 0
0.665826 0.0412622 0.261544 108 146 0
0.6609 0.0414698 0.258972 108 146 0
0.660478 0.033466 0.260736 108 146 0
0.66005 0.0285792 0.261645 108 146 0
0.659609 0.0236637 0.262377 108 146 0
0.659187 0.018756 0.263159 108 146 0
0.658945 0.0138471 0.26401 108 146 0
0.658535 0.00891712 0.264659 108 146 0
0.658187 0.00397641 0.265262 108 146 0
0.657818 -0.000963763 0.265856 108 146 0
0.657505 -0.00589787 0.266527 108 146 0
0.657203 -0.0108298 0.267219 108 146 0
0.656885 -0.0157555 0.267948 108 146 0
0.65661 -0.0206585 0.268825 108 146 0
0.656283 -0.0255593 0.269699 108 146 0
0.656014 -0.0304427 0.270681 108 146 0
0.654238 -0.0382054 0.272192 108 146 0
0.653482 -0.0432013 0.273616 108 146 0
0.65274 -0.0482438 0.274874 108 146 0
0.652059 -0.0533217 0.276016 108 146 0
0.651503 -0.0584432 0.277024 108 146 0
0.651025 -0.0635987 0.277887 108 146 0
0.650538 -0.068775 0.278615 108 146 0
0.650104 -0.073972 0.279211 108 146 0
0.649742 -0.0791916 0.279633 108 146 0
0.649357 -0.0844067 0.280086 108 146 0
0.649788 -0.0791045 0.279548 108 146 0
0.65009 -0.0738858 0.2792 108 146 0
0.650476 -0.0686792 0.278763 108 146 0
0.650976 -0.0634956 0.278194 108 146 0
0.65147 -0.0583423 0.277401 108 146 0
0.652387 -0.053255 0.276551 108 146 0
0.653435 -0.048228 0.275511 108 146 0
0.654518 -0.0432422 0.27432 108 146 0
0.655816 -0.032924 0.271463 108 146 0
0.656101 -0.0280613 0.270409 108 146 0
0.656073 -0.0231955 0.269338 108 146 0
0.6562 -0.0183278 0.268276 108 146 0
0.656328 -0.0134523 0.267247 108 146 0
0.656531 -0.00854782 0.266388 108 146 0
0.656634 -0.00364133 0.265524 108 146 0
0.65673 0.00126612 0.264661 108 146 0
0.656851 0.00617206 0.263791 108 146 0
0.656899 0.0110694 0.262864 108 146 0
0.656977 0.0159721 0.261974 108 146 0
0.657228 0.0208834 0.261161 108 146 0
0.657449 0.0257861 0.26029 108 146 0
0.65744 0.0306565 0.25924 108 146 0
0.6583 0.0336074 0.259078 108 146 0
0.659351 0.0383874 0.258671 108 146 0
0.660629 0.04311 0.258226 109 145 0
0.661694 0.0478356 0.25738 109 145 0
0.663458 0.0523678 0.256601 109 145 0
0.665112 0.0568324 0.255353 109 145 0
0.667041 0.061194 0.254144 109 145 0
0.666185 0.0632743 0.252912 109 145 0
0.664069 0.0667966 0.250797 109 145 0
0.661984 0.0703482 0.24873 109 145 0
0.659249 0.0735472 0.246819 109 145 0
0.65717 0.0771848 0.244855 109 145 0
0.654921 0.080722 0.242898 109 145 0
0.653044 0.0844487 0.240932 109 145 0
0.647979 0.0872416 0.24909 109 145 0
0.594926 0.0971966 0.198706 109 145 0
0.60108 0.0925958 0.192306 109 145 0
0.584202 -0.0364599 0.229139 109 145 0
0.583584 -0.0234463 0.223536 109 145 0
0.583277 -0.0186979 0.221745 109 145 0
0.582962 -0.0139161 0.220036 109 145 0
0.582727 -0.00913347 0.21832 109 145 0
0.582437 -0.00437386 0.216547 109 145 0
0.58216 0.000404775 0.214823 109 145 0
0.581807 0.00516481 0.213062 109 145 0
0.581506 0.00991459 0.211264 109 145 0
0.58134 0.0146816 0.209495 109 145 0
0.581043 0.0193997 0.207615 109 145 0
0.580939 0.0241516 0.2058 109 145 0
0.58071 0.0288313 0.203817 109 145 0
0.5806 0.0335201 0.201845 109 145 0
0.580508 0.0381988 0.199849 109 145 0
0.580344 0.0428496 0.197793 109 145 0
0.580257 0.0475023 0.195737 109 145 0
0.580264 0.052119 0.193599 109 145 0
0.580206 0.0567413 0.191477 109 145 0
0.578195 0.0561862 0.189972 109 145 0
0.573964 0.0544786 0.187501 109 145 0
0.569738 0.0528764 0.18496 109 145 0
0.56553 0.0514213 0.182296 109 145 0
0.561357 0.050158 0.179499 109 145 0
0.558947 0.0502959 0.17746 109 145 0
0.555587 0.0517952 0.174022 109 145 0
0.552192 0.0532149 0.17059 109 145 0
0.548674 0.0543361 0.167165 109 145 0
0.545237 0.055502 0.163674 109 145 0
0.541725 0.0564211 0.16019 109 145 0
0.544226 0.0561373 0.16267 109 145 0
0.547204 0.0542623 0.165984 109 145 0
0.550277 0.0525564 0.169306 109 145 0
0.55347 0.0510336 0.172604 109 145 0
0.556731 0.0496639 0.1759 109 145 0
0.558703 0.0491874 0.177757 109 145 0
0.562556 0.0487979 0.181156 109 145 0
0.566329 0.0481386 0.184581 110 144 0
0.570067 0.0472425 0.188011 110 144 0
0.5739 0.0464577 0.191366 110 144 0
0.577838 0.045918 0.194636 110 144 0
0.57603 0.0358883 0.198129 110 144 0
0.575404 0.0312308 0.199692 110 144 0
0.574765 0.02651 0.201047 110 144 0
0.574084 0.0217843 0.202366 110 144 0
0.573501 0.0170597 0.203732 110 144 0
0.572906 0.0123124 0.20501 110 144 0
0.572292 0.0075422 0.206194 110 144 0
0.571677 0.00275541 0.207307 110 144 0
0.571041 -0.00204202 0.208362 110 144 0
0.570401 -0.00683637 0.209429 110 144 0
0.569756 -0.0116269 0.21051 110 144 0
0.569117 -0.0164194 0.211586 110 144 0
0.568472 -0.0212093 0.212669 110 144 0
0.567785 -0.0259795 0.213812 110 144 0
0.566698 -0.0338289 0.215628 110 144 0
0.56619 -0.0386158 0.216472 110 144 0
0.565717 -0.0434155 0.217262 110 144 0
0.56523 -0.0482104 0.218074 110 144 0
0.564767 -0.0530156 0.218836 110 144 0
0.564305 -0.0578241 0.219578 110 144 0
0.56371 -0.0626363 0.22019 110 144 0
0.56315 -0.0674602 0.220741 110 144 0
0.56262 -0.0722936 0.221234 110 144 0
0.562047 -0.0771178 0.221765 110 144 0
0.561362 -0.0819327 0.222244 110 144 0
0.562122 -0.07713 0.222219 110 144 0
0.562812 -0.0719949 0.221478 110 144 0
0.563513 -0.0668376 0.220927 110 144 0
0.563996 -0.0616874 0.220128 110 144 0
0.564471 -0.0565356 0.219335 110 144 0
0.564906 -0.0513702 0.21861 110 144 0
0.565359 -0.0462084 0.217871 110 144 0
0.565825 -0.0410521 0.217101 110 144 0
0.567101 -0.0309478 0.21496 110 144 0
0.567779 -0.0261819 0.213819 110 144 0
0.568449 -0.0214098 0.2127 110 144 0
0.569088 -0.0166214 0.211634 110 144 0
0.569728 -0.0118354 0.210557 110 144 0
0.570372 -0.00705065 0.209477 110 144 0
0.571012 -0.00226235 0.208411 110 144 0
0.571771 0.00252699 0.207439 110 144 0
0.572591 0.00730805 0.206469 110 144 0
0.573406 0.0120752 0.205428 110 144 0
0.574246 0.0168258 0.204334 110 144 0
0.575108 0.0215591 0.203181 110 144 0
0.576007 0.0262846 0.202026 110 144 0
0.57698 0.0310056 0.200914 110 144 0
0.578207 0.0356615 0.199782 111 143 0
0.578777 0.0386632 0.198625 111 143 0
0.578812 0.0432885 0.196555 111 143 0
0.579173 0.0479785 0.194653 111 143 0
0.579122 0.0525724 0.192495 111 143 0
0.579575 0.057286 0.19068 111 143 0
0.579768 0.0619749 0.188757 111 143 0
0.580038 0.0667152 0.186978 111 143 0
0.581862 0.0695492 0.187113 111 143 0
0.585594 0.0734354 0.187963 111 143 0
0.589244 0.0774145 0.188806 111 143 0
0.592893 0.081364 0.189808 111 143 0
0.596264 0.0855736 0.190773 111 143 0
0.599449 0.0899067 0.191801 111 143 0
0.597475 0.0872125 0.191069 111 143 0
0.594267 0.084224 0.189745 111 143 0
0.59119 0.0809751 0.188704 111 143 0
0.587981 0.0778484 0.187684 111 143 0
0.584896 0.074525 0.186952 111 143 0
0.581573 0.0715388 0.18596 111 143 0
0.579564 0.0700047 0.185222 111 143 0
0.57644 0.0666997 0.184207 111 143 0
0.573286 0.0634511 0.18311 111 143 0
0.570293 0.0600154 0.182126 111 143 0
0.567173 0.0567082 0.181098 111 143 0
0.564017 0.0534405 0.180055 111 143 0
0.560713 0.0503841 0.178865 111 143 0
0.558947 0.0502959 0.17746 111 143 0
0.555493 0.0515913 0.174036 111 143 0
0.552126 0.0530764 0.170602 111 143 0
0.548608 0.0541976 0.167178 111 143 0
0.545211 0.055456 0.163682 111 143 0
0.541725 0.0564211 0.16019 111 143 0
0.544226 0.0561373 0.16267 111 143 0
0.547204 0.0542623 0.165984 111 143 0
0.550277 0.0525564 0.169306 111 143 0
0.55347 0.0510336 0.172604 111 143 0
0.556731 0.0496639 0.1759 111 143 0
0.558703 0.0491874 0.177757 111 143 0
0.562556 0.0487979 0.181156 111 143 0
0.566329 0.0481386 0.184581 111 143 0
0.570067 0.0472425 0.188011 111 143 0
0.5739 0.0464577 0.191366 111 143 0
0.577838 0.045918 0.194636 111 143 0
0.57603 0.0358883 0.198129 111 143 0
0.575404 0.0312308 0.199692 111 143 0
0.574765 0.02651 0.201047 111 143 0
0.574084 0.0217843 0.202366 111 143 0
0.573501 0.0170597 0.203732 111 143 0
0.572906 0.0123124 0.20501 111 143 0
0.572292 0.0075422 0.206194 111 143 0
0.571677 0.00275541 0.207307 112 142 0
0.571041 -0.00204202 0.208362 112 142 0
0.570401 -0.00683637 0.209429 112 142 0
0.569756 -0.0116269 0.21051 112 142 0
0.569117 -0.0164194 0.211586 112 142 0
0.568472 -0.0212093 0.212669 112 142 0
0.567785 -0.0259795 0.213812 112 142 0
0.566698 -0.0338289 0.215628 112 142 0
0.56619 -0.0386158 0.216472 112 142 0
0.565717 -0.0434155 0.217262 112 142 0
0.56523 -0.0482104 0.218074 112 142 0
0.564767 -0.0530156 0.218836 112 142 0
0.564305 -0.0578241 0.219578 112 142 0
0.56371 -0.0626363 0.22019 112 142 0
0.56315 -0.0674602 0.220741 112 142 0
0.56262 -0.0722936 0.221234 112 142 0
0.562047 -0.0771178 0.221765 112 142 0
0.561362 -0.0819327 0.222244 112 142 0
0.562122 -0.07713 0.222219 112 142 0
0.562812 -0.0719949 0.221478 112 142 0
0.563513 -0.0668376 0.220927 112 142 0
0.563996 -0.0616874 0.220128 112 142 0
0.564471 -0.0565356 0.219335 112 142 0
0.564906 -0.0513702 0.21861 112 142 0
0.565359 -0.0462084 0.217871 112 142 0
0.565825 -0.0410521 0.217101 112 142 0
0.567101 -0.0309478 0.21496 112 142 0
0.567779 -0.0261819 0.213819 112 142 0
0.568449 -0.0214098 0.2127 112 142 0
0.569088 -0.0166214 0.211634 112 142 0
0.569728 -0.0118354 0.210557 112 142 0
0.570372 -0.00705065 0.209477 112 142 0
0.571012 -0.00226235 0.208411 112 142 0
0.571771 0.00252699 0.207439 112 142 0
0.572591 0.00730805 0.206469 112 142 0
0.573406 0.0120752 0.205428 112 142 0
0.574246 0.0168258 0.204334 112 142 0
0.575108 0.0215591 0.203181 112 142 0
0.576007 0.0262846 0.202026 112 142 0
0.57698 0.0310056 0.200914 112 142 0
0.578207 0.0356615 0.199782 112 142 0
0.578777 0.0386632 0.198625 112 142 0
0.578812 0.0432885 0.196555 112 142 0
0.579173 0.0479785 0.194653 112 142 0
0.579122 0.0525724 0.192495 112 142 0
0.579575 0.057286 0.19068 112 142 0
0.579768 0.0619749 0.188757 112 142 0
0.580038 0.0667152 0.186978 112 142 0
0.581862 0.0695492 0.187113 112 142 0
0.585594 0.0734354 0.187963 112 142 0
0.589244 0.0774145 0.188806 112 142 0
0.592893 0.081364 0.189808 113 141 0
0.596264 0.0855736 0.190773 113 141 0
0.599449 0.0899067 0.191801 113 141 0
0.593365 0.0943603 0.19837 113 141 0
0.646522 0.0887085 0.248126 113 141 0
0.651672 0.0860294 0.239984 113 141 0
0.653044 0.0844487 0.240932 113 141 0
0.655645 0.0805753 0.243082 113 141 0
0.658283 0.0767185 0.245215 113 141 0
0.661082 0.072963 0.247323 113 141 0
0.66402 0.0693461 0.249484 113 141 0
0.666941 0.0657893 0.251763 113 141 0
0.668637 0.0642859 0.252976 113 141 0
0.670099 0.0607509 0.255603 113 141 0
0.671681 0.0572623 0.258223 113 141 0
0.673598 0.0538862 0.260766 113 141 0
0.675729 0.0505973 0.26325 113 141 0
0.677643 0.0471163 0.265643 113 141 0
0.679649 0.0436985 0.268053 113 141 0
0.682473 0.0444685 0.269576 113 141 0
0.686593 0.0443049 0.27238 113 141 0
0.690747 0.0444921 0.275123 113 141 0
0.69496 0.044981 0.277748 113 141 0
0.699217 0.0457796 0.280202 113 141 0
0.696701 0.045026 0.278943 113 141 0
0.692107 0.044179 0.276146 113 141 0
0.687505 0.0430932 0.273432 113 141 0
0.682917 0.0417731 0.270813 113 141 0
0.68054 0.0417484 0.269335 113 141 0
0.67566 0.0412799 0.26671 113 141 0
0.67075 0.0411 0.264125 113 141 0
0.665826 0.0412622 0.261544 113 141 0
0.6609 0.0414698 0.258972 113 141 0
0.660478 0.033466 0.260736 113 141 0
0.66005 0.0285792 0.261645 113 141 0
0.659609 0.0236637 0.262377 113 141 0
0.659187 0.018756 0.263159 113 141 0
0.658945 0.0138471 0.26401 113 141 0
0.658535 0.00891712 0.264659 113 141 0
0.658187 0.00397641 0.265262 113 141 0
0.657818 -0.000963763 0.265856 113 141 0
0.657505 -0.00589787 0.266527 113 141 0
0.657203 -0.0108298 0.267219 113 141 0
0.656885 -0.0157555 0.267948 113 141 0
0.65661 -0.0206585 0.268825 113 141 0
0.656283 -0.0255593 0.269699 113 141 0
0.656014 -0.0304427 0.270681 113 141 0
0.654238 -0.0382054 0.272192 113 141 0
0.653482 -0.0432013 0.273616 113 141 0
0.65274 -0.0482438 0.274874 113 141 0
0.652059 -0.0533217 0.276016 113 141 0
0.651503 -0.0584432 0.277024 114 140 0
0.651025 -0.0635987 0.277887 114 140 0
0.650538 -0.068775 0.278615 114 140 0
0.650104 -0.073972 0.279211 114 140 0
0.649742 -0.0791916 0.279633 114 140 0
0.649357 -0.0844067 0.280086 114 140 0
0.649788 -0.0791045 0.279548 114 140 0
0.65009 -0.0738858 0.2792 114 140 0
0.650476 -0.0686792 0.278763 114 140 0
0.650976 -0.0634956 0.278194 114 140 0
0.65147 -0.0583423 0.277401 114 140 0
0.652387 -0.053255 0.276551 114 140 0
0.653435 -0.048228 0.275511 114 140 0
0.654518 -0.0432422 0.27432 114 140 0
0.655816 -0.032924 0.271463 114 140 0
0.656101 -0.0280613 0.270409 114 140 0
0.656073 -0.0231955 0.269338 114 140 0
0.6562 -0.0183278 0.268276 114 140 0
0.656328 -0.0134523 0.267247 114 140 0
0.656531 -0.00854782 0.266388 114 140 0
0.656634 -0.00364133 0.265524 114 140 0
0.65673 0.00126612 0.264661 114 140 0
0.656851 0.00617206 0.263791 114 140 0
0.656899 0.0110694 0.262864 114 140 0
0.656977 0.0159721 0.261974 114 140 0
0.657228 0.0208834 0.261161 114 140 0
0.657449 0.0257861 0.26029 114 140 0
0.65744 0.0306565 0.25924 114 140 0
0.6583 0.0336074 0.259078 114 140 0
0.659351 0.0383874 0.258671 114 140 0
0.660629 0.04311 0.258226 114 140 0
0.661694 0.0478356 0.25738 114 140 0
0.663458 0.0523678 0.256601 114 140 0
0.665112 0.0568324 0.255353 114 140 0
0.667041 0.061194 0.254144 114 140 0
0.666185 0.0632743 0.252912 114 140 0
0.664069 0.0667966 0.250797 114 140 0
0.661984 0.0703482 0.24873 114 140 0
0.659249 0.0735472 0.246819 114 140 0
0.65717 0.0771848 0.244855 114 140 0
0.654921 0.080722 0.242898 114 140 0
0.653044 0.0844487 0.240932 114 140 0
0.654215 0.0825908 0.241928 114 140 0
0.656847 0.0792572 0.243828 114 140 0
0.65944 0.0758983 0.245738 114 140 0
0.66194 0.0724836 0.247673 114 140 0
0.664379 0.0690885 0.249716 114 140 0
0.666941 0.0657893 0.251763 114 140 0
0.668637 0.0642859 0.252976 114 140 0
0.670099 0.0607509 0.255603 114 140 0
0.671681 0.0572623 0.258223 114 140 0
0.673598 0.0538862 0.260766 114 140 0
0.675729 0.0505973 0.26325 115 139 0
0.677643 0.0471163 0.265643 115 139 0
0.679649 0.0436985 0.268053 115 139 0
0.682473 0.0444685 0.269576 115 139 0
0.686593 0.0443049 0.27238 115 139 0
0.690747 0.0444921 0.275123 115 139 0
0.69496 0.044981 0.277748 115 139 0
0.699217 0.0457796 0.280202 115 139 0
0.696701 0.045026 0.278943 115 139 0
0.692107 0.044179 0.276146 115 139 0
0.687505 0.0430932 0.273432 115 139 0
0.682917 0.0417731 0.270813 115 139 0
0.68054 0.0417484 0.269335 115 139 0
0.67566 0.0412799 0.26671 115 139 0
0.67075 0.0411 0.264125 115 139 0
0.665826 0.0412622 0.261544 115 139 0
0.6609 0.0414698 0.258972 115 139 0
0.660478 0.033466 0.260736 115 139 0
0.66005 0.0285792 0.261645 115 139 0
0.659609 0.0236637 0.262377 115 139 0
0.659187 0.018756 0.263159 115 139 0
0.658945 0.0138471 0.26401 115 139 0
0.658535 0.00891712 0.264659 115 139 0
0.658187 0.00397641 0.265262 115 139 0
0.657818 -0.000963763 0.265856 115 139 0
0.657505 -0.00589787 0.266527 115 139 0
0.657203 -0.0108298 0.267219 115 139 0
0.656885 -0.0157555 0.267948 115 139 0
0.65661 -0.0206585 0.268825 115 139 0
0.656283 -0.0255593 0.269699 115 139 0
0.656014 -0.0304427 0.270681 115 139 0
0.654238 -0.0382054 0.272192 115 139 0
0.653482 -0.0432013 0.273616 115 139 0
0.65274 -0.0482438 0.274874 115 139 0
0.652059 -0.0533217 0.276016 115 139 0
0.651503 -0.0584432 0.277024 115 139 0
0.651025 -0.0635987 0.277887 115 139 0
0.650538 -0.068775 0.278615 115 139 0
0.650104 -0.073972 0.279211 115 139 0
0.649742 -0.0791916 0.279633 115 139 0
0.649357 -0.0844067 0.280086 115 139 0
0.649788 -0.0791045 0.279548 115 139 0
0.65009 -0.0738858 0.2792 115 139 0
0.650476 -0.0686792 0.278763 115 139 0
0.650976 -0.0634956 0.278194 115 139 0
0.65147 -0.0583423 0.277401 115 139 0
0.652387 -0.053255 0.276551 115 139 0
0.653435 -0.048228 0.275511 115 139 0
0.654518 -0.0432422 0.27432 115 139 0
0.655816 -0.032924 0.271463 115 139 0
0.656101 -0.0280613 0.270409 115 139 0
0.656073 -0.0231955 0.269338 116 138 0
0.6562 -0.0183278 0.268276 116 138 0
0.656328 -0.0134523 0.267247 116 138 0
0.656531 -0.00854782 0.266388 116 138 0
0.656634 -0.00364133 0.265524 116 138 0
0.65673 0.00126612 0.264661 116 138 0
0.656851 0.00617206 0.263791 116 138 0
0.656899 0.0110694 0.262864 116 138 0
0.656977 0.0159721 0.261974 116 138 0
0.657228 0.0208834 0.261161 116 138 0
0.657449 0.0257861 0.26029 116 138 0
0.65744 0.0306565 0.25924 116 138 0
0.6583 0.0336074 0.259078 116 138 0
0.659351 0.0383874 0.258671 116 138 0
0.660629 0.04311 0.258226 116 138 0
0.661694 0.0478356 0.25738 116 138 0
0.663458 0.0523678 0.256601 116 138 0
0.665112 0.0568324 0.255353 116 138 0
0.667041 0.061194 0.254144 116 138 0
0.666185 0.0632743 0.252912 116 138 0
0.664069 0.0667966 0.250797 116 138 0
0.661984 0.0703482 0.24873 116 138 0
0.659249 0.0735472 0.246819 116 138 0
0.65717 0.0771848 0.244855 116 138 0
0.654921 0.080722 0.242898 116 138 0
0.653044 0.0844487 0.240932 116 138 0
0.647979 0.0872416 0.24909 116 138 0
0.594926 0.0971966 0.198706 116 138 0
0.60108 0.0925958 0.192306 116 138 0
0.584202 -0.0364599 0.229139 116 138 0
0.583584 -0.0234463 0.223536 116 138 0
0.583277 -0.0186979 0.221745 116 138 0
0.582962 -0.0139161 0.220036 116 138 0
0.582727 -0.00913347 0.21832 116 138 0
0.582437 -0.00437386 0.216547 116 138 0
0.58216 0.000404775 0.214823 116 138 0
0.581807 0.00516481 0.213062 116 138 0
0.581506 0.00991459 0.211264 116 138 0
0.58134 0.0146816 0.209495 116 138 0
0.581043 0.0193997 0.207615 116 138 0
0.580939 0.0241516 0.2058 116 138 0
0.58071 0.0288313 0.203817 116 138 0
0.5806 0.0335201 0.201845 116 138 0
0.580508 0.0381988 0.199849 116 138 0
0.580344 0.0428496 0.197793 116 138 0
0.580257 0.0475023 0.195737 116 138 0
0.580264 0.052119 0.193599 116 138 0
0.580206 0.0567413 0.191477 116 138 0
0.578195 0.0561862 0.189972 116 138 0
0.573964 0.0544786 0.187501 116 138 0
0.569738 0.0528764 0.18496 116 138 0
0.56553 0.0514213 0.182296 117 137 0
0.561357 0.050158 0.179499 117 137 0
0.558947 0.0502959 0.17746 117 137 0
0.555587 0.0517952 0.174022 117 137 0
0.552192 0.0532149 0.17059 117 137 0
0.548674 0.0543361 0.167165 117 137 0
0.545237 0.055502 0.163674 117 137 0
0.541725 0.0564211 0.16019 117 137 0
0.544226 0.0561373 0.16267 117 137 0
0.547204 0.0542623 0.165984 117 137 0
0.550277 0.0525564 0.169306 117 137 0
0.55347 0.0510336 0.172604 117 137 0
0.556731 0.0496639 0.1759 117 137 0
0.558703 0.0491874 0.177757 117 137 0
0.562556 0.0487979 0.181156 117 137 0
0.566329 0.0481386 0.184581 117 137 0
0.570067 0.0472425 0.188011 117 137 0
0.5739 0.0464577 0.191366 117 137 0
0.577838 0.045918 0.194636 117 137 0
0.57603 0.0358883 0.198129 117 137 0
0.575404 0.0312308 0.199692 117 137 0
0.574765 0.02651 0.201047 117 137 0
0.574084 0.0217843 0.202366 117 137 0
0.573501 0.0170597 0.203732 117 137 0
0.572906 0.0123124 0.20501 117 137 0
0.572292 0.0075422 0.206194 117 137 0
0.571677 0.00275541 0.207307 117 137 0
0.571041 -0.00204202 0.208362 117 137 0
0.570401 -0.00683637 0.209429 117 137 0
0.569756 -0.0116269 0.21051 117 137 0
0.569117 -0.0164194 0.211586 117 137 0
0.568472 -0.0212093 0.212669 117 137 0
0.567785 -0.0259795 0.213812 117 137 0
0.566698 -0.0338289 0.215628 117 137 0
0.56619 -0.0386158 0.216472 117 137 0
0.565717 -0.0434155 0.217262 117 137 0
0.56523 -0.0482104 0.218074 117 137 0
0.564767 -0.0530156 0.218836 117 137 0
0.564305 -0.0578241 0.219578 117 137 0
0.56371 -0.0626363 0.22019 117 137 0
0.56315 -0.0674602 0.220741 117 137 0
0.56262 -0.0722936 0.221234 117 137 0
0.562047 -0.0771178 0.221765 117 137 0
0.561362 -0.0819327 0.222244 117 137 0
0.562122 -0.07713 0.222219 117 137 0
0.562812 -0.0719949 0.221478 117 137 0
0.563513 -0.0668376 0.220927 117 137 0
0.563996 -0.0616874 0.220128 117 137 0
0.564471 -0.0565356 0.219335 117 137 0
0.564906 -0.0513702 0.21861 117 137 0
0.565359 -0.0462084 0.217871 117 137 0
0.565825 -0.0410521 0.217101 118 136 0
0.567101 -0.0309478 0.21496 118 136 0
0.567779 -0.0261819 0.213819 118 136 0
0.568449 -0.0214098 0.2127 118 136 0
0.569088 -0.0166214 0.211634 118 136 0
0.569728 -0.0118354 0.210557 118 136 0
0.570372 -0.00705065 0.209477 118 136 0
0.571012 -0.00226235 0.208411 118 136 0
0.571771 0.00252699 0.207439 118 136 0
0.572591 0.00730805 0.206469 118 136 0
0.573406 0.0120752 0.205428 118 136 0
0.574246 0.0168258 0.204334 118 136 0
0.575108 0.0215591 0.203181 118 136 0
0.576007 0.0262846 0.202026 118 136 0
0.57698 0.0310056 0.200914 118 136 0
0.578207 0.0356615 0.199782 118 136 0
0.578777 0.0386632 0.198625 118 136 0
0.578812 0.0432885 0.196555 118 136 0
0.579173 0.0479785 0.194653 118 136 0
0.579122 0.0525724 0.192495 118 136 0
0.579575 0.057286 0.19068 118 136 0
0.579768 0.0619749 0.188757 118 136 0
0.580038 0.0667152 0.186978 118 136 0
0.581862 0.0695492 0.187113 118 136 0
0.585594 0.0734354 0.187963 118 136 0
0.589244 0.0774145 0.188806 118 136 0
0.592893 0.081364 0.189808 118 136 0
0.596264 0.0855736 0.190773 118 136 0
0.599449 0.0899067 0.191801 118 136 0
0.597475 0.0872125 0.191069 118 136 0
0.594267 0.084224 0.189745 118 136 0
0.59119 0.0809751 0.188704 118 136 0
0.587981 0.0778484 0.187684 118 136 0
0.584896 0.074525 0.186952 118 136 0
0.581573 0.0715388 0.18596 118 136 0
0.579564 0.0700047 0.185222 118 136 0
0.57644 0.0666997 0.184207 118 136 0
0.573286 0.0634511 0.18311 118 136 0
0.570293 0.0600154 0.182126 118 136 0
0.567173 0.0567082 0.181098 118 136 0
0.564017 0.0534405 0.180055 118 136 0
0.560713 0.0503841 0.178865 118 136 0
0.558947 0.0502959 0.17746 118 136 0
0.555493 0.0515913 0.174036 118 136 0
0.552126 0.0530764 0.170602 118 136 0
0.548608 0.0541976 0.167178 118 136 0
0.545211 0.055456 0.163682 118 136 0
0.541725 0.0564211 0.16019 118 136 0
0.544226 0.0561373 0.16267 118 136 0
0.547204 0.0542623 0.165984 118 136 0
0.550277 0.0525564 0.169306 118 136 0
0.55347 0.0510336 0.172604 119 135 0
0.556731 0.0496639 0.1759 119 135 0
0.558703 0.0491874 0.177757 119 135 0
0.562556 0.0487979 0.181156 119 135 0
0.566329 0.0481386 0.184581 119 135 0
0.570067 0.0472425 0.188011 119 135 0
0.5739 0.0464577 0.191366 119 135 0
0.577838 0.045918 0.194636 119 135 0
0.57603 0.0358883 0.198129 119 135 0
0.575404 0.0312308 0.199692 119 135 0
0.574765 0.02651 0.201047 119 135 0
0.574084 0.0217843 0.202366 119 135 0
0.573501 0.0170597 0.203732 119 135 0
0.572906 0.0123124 0.20501 119 135 0
0.572292 0.0075422 0.206194 119 135 0
0.571677 0.00275541 0.207307 119 135 0
0.571041 -0.00204202 0.208362 119 135 0
0.570401 -0.00683637 0.209429 119 135 0
0.569756 -0.0116269 0.21051 119 135 0
0.569117 -0.0164194 0.211586 119 135 0
0.568472 -0.0212093 0.212669 119 135 0
0.567785 -0.0259795 0.213812 119 135 0
0.566698 -0.0338289 0.215628 119 135 0
0.56619 -0.0386158 0.216472 119 135 0
0.565717 -0.0434155 0.217262 119 135 0
0.56523 -0.0482104 0.218074 119 135 0
0.564767 -0.0530156 0.218836 119 135 0
0.564305 -0.0578241 0.219578 119 135 0
0.56371 -0.0626363 0.22019 119 135 0
0.56315 -0.0674602 0.220741 119 135 0
0.56262 -0.0722936 0.221234 119 135 0
0.562047 -0.0771178 0.221765 119 135 0
0.561362 -0.0819327 0.222244 119 135 0
0.562122 -0.07713 0.222219 119 135 0
0.562812 -0.0719949 0.221478 119 135 0
0.563513 -0.0668376 0.220927 119 135 0
0.563996 -0.0616874 0.220128 119 135 0
0.564471 -0.0565356 0.219335 119 135 0
0.564906 -0.0513702 0.21861 119 135 0
0.565359 -0.0462084 0.217871 119 135 0
0.565825 -0.0410521 0.217101 119 135 0
0.567101 -0.0309478 0.21496 119 135 0
0.567779 -0.0261819 0.213819 119 135 0
0.568449 -0.0214098 0.2127 119 135 0
0.569088 -0.0166214 0.211634 119 135 0
0.569728 -0.0118354 0.210557 119 135 0
0.570372 -0.00705065 0.209477 119 135 0
0.571012 -0.00226235 0.208411 119 135 0
0.571771 0.00252699 0.207439 119 135 0
0.572591 0.00730805 0.206469 119 135 0
0.573406 0.0120752 0.205428 119 135 0
0.574246 0.0168258 0.204334 119 135 0
0.575108 0.0215591 0.203181 120 134 0
0.576007 0.0262846 0.202026 120 134 0
0.57698 0.0310056 0.200914 120 134 0
0.578207 0.0356615 0.199782 120 134 0
0.578777 0.0386632 0.198625 120 134 0
0.578812 0.0432885 0.196555 120 134 0
0.579173 0.0479785 0.194653 120 134 0
0.579122 0.0525724 0.192495 120 134 0
0.579575 0.057286 0.19068 120 134 0
0.579768 0.0619749 0.188757 120 134 0
0.580038 0.0667152 0.186978 120 134 0
0.581862 0.0695492 0.187113 120 134 0
0.585594 0.0734354 0.187963 120 134 0
0.589244 0.0774145 0.188806 120 134 0
0.592893 0.081364 0.189808 120 134 0
0.596264 0.0855736 0.190773 120 134 0
0.599449 0.0899067 0.191801 120 134 0
0.593365 0.0943603 0.19837 120 134 0
0.646522 0.0887085 0.248126 120 134 0
0.651672 0.0860294 0.239984 120 134 0
0.653044 0.0844487 0.240932 120 134 0
0.655645 0.0805753 0.243082 120 134 0
0.658283 0.0767185 0.245215 120 134 0
0.661082 0.072963 0.247323 120 134 0
0.66402 0.0693461 0.249484 120 134 0
0.666941 0.0657893 0.251763 120 134 0
0.668637 0.0642859 0.252976 120 134 0
0.670099 0.0607509 0.255603 120 134 0
0.671681 0.0572623 0.258223 120 134 0
0.673598 0.0538862 0.260766 120 134 0
0.675729 0.0505973 0.26325 120 134 0
0.677643 0.0471163 0.265643 120 134 0
0.679649 0.0436985 0.268053 120 134 0
0.682473 0.0444685 0.269576 120 134 0
0.686593 0.0443049 0.27238 120 134 0
0.690747 0.0444921 0.275123 120 134 0
0.69496 0.044981 0.277748 120 134 0
0.699217 0.0457796 0.280202 120 134 0
0.696701 0.045026 0.278943 120 134 0
0.692107 0.044179 0.276146 120 134 0
0.687505 0.0430932 0.273432 120 134 0
0.682917 0.0417731 0.270813 120 134 0
0.68054 0.0417484 0.269335 120 134 0
0.67566 0.0412799 0.26671 120 134 0
0.67075 0.0411 0.264125 120 134 0
0.665826 0.0412622 0.261544 120 134 0
0.6609 0.0414698 0.258972 120 134 0
0.660478 0.033466 0.260736 120 134 0
0.66005 0.0285792 0.261645 120 134 0
0.659609 0.0236637 0.262377 120 134 0
0.659187 0.018756 0.263159 120 134 0
0.658945 0.0138471 0.26401 121 133 0
0.658535 0.00891712 0.264659 121 133 0
0.658187 0.00397641 0.265262 121 133 0
0.657818 -0.000963763 0.265856 121 133 0
0.657505 -0.00589787 0.266527 121 133 0
0.657203 -0.0108298 0.267219 121 133 0
0.656885 -0.0157555 0.267948 121 133 0
0.65661 -0.0206585 0.268825 121 133 0
0.656283 -0.0255593 0.269699 121 133 0
0.656014 -0.0304427 0.270681 121 133 0
0.654238 -0.0382054 0.272192 121 133 0
0.653482 -0.0432013 0.273616 121 133 0
0.65274 -0.0482438 0.274874 121 133 0
0.652059 -0.0533217 0.276016 121 133 0
0.651503 -0.0584432 0.277024 121 133 0
0.651025 -0.0635987 0.277887 121 133 0
0.650538 -0.068775 0.278615 121 133 0
0.650104 -0.073972 0.279211 121 133 0
0.649742 -0.0791916 0.279633 121 133 0
0.649357 -0.0844067 0.280086 121 133 0
0.649788 -0.0791045 0.279548 121 133 0
0.65009 -0.0738858 0.2792 121 133 0
0.650476 -0.0686792 0.278763 121 133 0
0.650976 -0.0634956 0.278194 121 133 0
0.65147 -0.0583423 0.277401 121 133 0
0.652387 -0.053255 0.276551 121 133 0
0.653435 -0.048228 0.275511 121 133 0
0.654518 -0.0432422 0.27432 121 133 0
0.655816 -0.032924 0.271463 121 133 0
0.656101 -0.0280613 0.270409 121 133 0
0.656073 -0.0231955 0.269338 121 133 0
0.6562 -0.0183278 0.268276 121 133 0
0.656328 -0.0134523 0.267247 121 133 0
0.656531 -0.00854782 0.266388 121 133 0
0.656634 -0.00364133 0.265524 121 133 0
0.65673 0.00126612 0.264661 121 133 0
0.656851 0.00617206 0.263791 121 133 0
0.656899 0.0110694 0.262864 121 133 0
0.656977 0.0159721 0.261974 121 133 0
0.657228 0.0208834 0.261161 121 133 0
0.657449 0.0257861 0.26029 121 133 0
0.65744 0.0306565 0.25924 121 133 0
0.6583 0.0336074 0.259078 121 133 0
0.659351 0.0383874 0.258671 121 133 0
0.660629 0.04311 0.258226 121 133 0
0.661694 0.0478356 0.25738 121 133 0
0.663458 0.0523678 0.256601 121 133 0
0.665112 0.0568324 0.255353 121 133 0
0.667041 0.061194 0.254144 121 133 0
0.666185 0.0632743 0.252912 121 133 0
0.664069 0.0667966 0.250797 121 133 0
0.661984 0.0703482 0.24873 122 132 0
0.659249 0.0735472 0.246819 122 132 0
0.65717 0.0771848 0.244855 122 132 0
0.654921 0.080722 0.242898 122 132 0
0.653044 0.0844487 0.240932 122 132 0
0.654215 0.0825908 0.241928 122 132 0
0.656847 0.0792572 0.243828 122 132 0
0.65944 0.0758983 0.245738 122 132 0
0.66194 0.0724836 0.247673 122 132 0
0.664379 0.0690885 0.249716 122 132 0
0.666941 0.0657893 0.251763 122 132 0
0.668637 0.0642859 0.252976 122 132 0
0.670099 0.0607509 0.255603 122 132 0
0.671681 0.0572623 0.258223 122 132 0
0.673598 0.0538862 0.260766 122 132 0
0.675729 0.0505973 0.26325 122 132 0
0.677643 0.0471163 0.265643 122 132 0
0.679649 0.0436985 0.268053 122 132 0
0.682473 0.0444685 0.269576 122 132 0
0.686593 0.0443049 0.27238 122 132 0
0.690747 0.0444921 0.275123 122 132 0
0.69496 0.044981 0.277748 122 132 0
0.699217 0.0457796 0.280202 122 132 0
0.696701 0.045026 0.278943 122 132 0
0.692107 0.044179 0.276146 122 132 0
0.687505 0.0430932 0.273432 122 132 0
0.682917 0.0417731 0.270813 122 132 0
0.68054 0.0417484 0.269335 122 132 0
0.67566 0.0412799 0.26671 122 132 0
0.67075 0.0411 0.264125 122 132 0
0.665826 0.0412622 0.261544 122 132 0
0.6609 0.0414698 0.258972 122 132 0
0.660478 0.033466 0.260736 122 132 0
0.66005 0.0285792 0.261645 122 132 0
0.659609 0.0236637 0.262377 122 132 0
0.659187 0.018756 0.263159 122 132 0
0.658945 0.0138471 0.26401 122 132 0
0.658535 0.00891712 0.264659 122 132 0
0.658187 0.00397641 0.265262 122 132 0
0.657818 -0.000963763 0.265856 122 132 0
0.657505 -0.00589787 0.266527 122 132 0
0.657203 -0.0108298 0.267219 122 132 0
0.656885 -0.0157555 0.267948 122 132 0
0.65661 -0.0206585 0.268825 122 132 0
0.656283 -0.0255593 0.269699 122 132 0
0.656014 -0.0304427 0.270681 122 132 0
0.654238 -0.0382054 0.272192 122 132 0
0.653482 -0.0432013 0.273616 122 132 0
0.65274 -0.0482438 0.274874 122 132 0
0.652059 -0.0533217 0.276016 122 132 0
0.651503 -0.0584432 0.277024 122 132 0
0.651025 -0.0635987 0.277887 123 131 0
0.650538 -0.068775 0.278615 123 131 0
0.650104 -0.073972 0.279211 123 131 0
0.649742 -0.0791916 0.279633 123 131 0
0.649357 -0.0844067 0.280086 123 131 0
0.649788 -0.0791045 0.279548 123 131 0
0.65009 -0.0738858 0.2792 123 131 0
0.650476 -0.0686792 0.278763 123 131 0
0.650976 -0.0634956 0.278194 123 131 0
0.65147 -0.0583423 0.277401 123 131 0
0.652387 -0.053255 0.276551 123 131 0
0.653435 -0.048228 0.275511 123 131 0
0.654518 -0.0432422 0.27432 123 131 0
0.655816 -0.032924 0.271463 123 131 0
0.656101 -0.0280613 0.270409 123 131 0
0.656073 -0.0231955 0.269338 123 131 0
0.6562 -0.0183278 0.268276 123 131 0
0.656328 -0.0134523 0.267247 123 131 0
0.656531 -0.00854782 0.266388 123 131 0
0.656634 -0.00364133 0.265524 123 131 0
0.65673 0.00126612 0.264661 123 131 0
0.656851 0.00617206 0.263791 123 131 0
0.656899 0.0110694 0.262864 123 131 0
0.656977 0.0159721 0.261974 123 131 0
0.657228 0.0208834 0.261161 123 131 0
0.657449 0.0257861 0.26029 123 131 0
0.65744 0.0306565 0.25924 123 131 0
0.6583 0.0336074 0.259078 123 131 0
0.659351 0.0383874 0.258671 123 131 0
0.660629 0.04311 0.258226 123 131 0
0.661694 0.0478356 0.25738 123 131 0
0.663458 0.0523678 0.256601 123 131 0
0.665112 0.0568324 0.255353 123 131 0
0.667041 0.061194 0.254144 123 131 0
0.666185 0.0632743 0.252912 123 131 0
0.664069 0.0667966 0.250797 123 131 0
0.661984 0.0703482 0.24873 123 131 0
0.659249 0.0735472 0.246819 123 131 0
0.65717 0.0771848 0.244855 123 131 0
0.654921 0.080722 0.242898 123 131 0
0.653044 0.0844487 0.240932 123 131 0
0.647979 0.0872416 0.24909 123 131 0
0.594926 0.0971966 0.198706 123 131 0
0.60108 0.0925958 0.192306 123 131 0
0.584202 -0.0364599 0.229139 123 131 0
0.583584 -0.0234463 0.223536 123 131 0
0.583277 -0.0186979 0.221745 123 131 0
0.582962 -0.0139161 0.220036 123 131 0
0.582727 -0.00913347 0.21832 123 131 0
0.582437 -0.00437386 0.216547 123 131 0
0.58216 0.000404775 0.214823 123 131 0
0.581807 0.00516481 0.213062 124 130 0
0.581506 0.00991459 0.211264 124 130 0
0.58134 0.0146816 0.209495 124 130 0
0.581043 0.0193997 0.207615 124 130 0
0.580939 0.0241516 0.2058 124 130 0
0.58071 0.0288313 0.203817 124 130 0
0.5806 0.0335201 0.201845 124 130 0
0.580508 0.0381988 0.199849 124 130 0
0.580344 0.0428496 0.197793 124 130 0
0.580257 0.0475023 0.195737 124 130 0
0.580264 0.052119 0.193599 124 130 0
0.580206 0.0567413 0.191477 124 130 0
0.578195 0.0561862 0.189972 124 130 0
0.573964 0.0544786 0.187501 124 130 0
0.569738 0.0528764 0.18496 124 130 0
0.56553 0.0514213 0.182296 124 130 0
0.561357 0.050158 0.179499 124 130 0
0.558947 0.0502959 0.17746 124 130 0
0.555587 0.0517952 0.174022 124 130 0
0.552192 0.0532149 0.17059 124 130 0
0.548674 0.0543361 0.167165 124 130 0
0.545237 0.055502 0.163674 124 130 0
0.541725 0.0564211 0.16019 124 130 0
0.544226 0.0561373 0.16267 124 130 0
0.547204 0.0542623 0.165984 124 130 0
0.550277 0.0525564 0.169306 124 130 0
0.55347 0.0510336 0.172604 124 130 0
0.556731 0.0496639 0.1759 124 130 0
0.558703 0.0491874 0.177757 124 130 0
0.562556 0.0487979 0.181156 124 130 0
0.566329 0.0481386 0.184581 124 130 0
0.570067 0.0472425 0.188011 124 130 0
0.5739 0.0464577 0.191366 124 130 0
0.577838 0.045918 0.194636 124 130 0
0.57603 0.0358883 0.198129 124 130 0
0.575404 0.0312308 0.199692 124 130 0
0.574765 0.02651 0.201047 124 130 0
0.574084 0.0217843 0.202366 124 130 0
0.573501 0.0170597 0.203732 124 130 0
0.572906 0.0123124 0.20501 124 130 0
0.572292 0.0075422 0.206194 124 130 0
0.571677 0.00275541 0.207307 124 130 0
0.571041 -0.00204202 0.208362 124 130 0
0.570401 -0.00683637 0.209429 124 130 0
0.569756 -0.0116269 0.21051 124 130 0
0.569117 -0.0164194 0.211586 124 130 0
0.568472 -0.0212093 0.212669 124 130 0
0.567785 -0.0259795 0.213812 124 130 0
0.566698 -0.0338289 0.215628 124 130 0
0.56619 -0.0386158 0.216472 124 130 0
0.565717 -0.0434155 0.217262 124 130 0
0.56523 -0.0482104 0.218074 124 130 0
0.564767 -0.0530156 0.218836 125 129 0
0.564305 -0.0578241 0.219578 125 129 0
0.56371 -0.0626363 0.22019 125 129 0
0.56315 -0.0674602 0.220741 125 129 0
0.56262 -0.0722936 0.221234 125 129 0
0.562047 -0.0771178 0.221765 125 129 0
0.561362 -0.0819327 0.222244 125 129 0
0.562122 -0.07713 0.222219 125 129 0
0.562812 -0.0719949 0.221478 125 129 0
0.563513 -0.0668376 0.220927 125 129 0
0.563996 -0.0616874 0.220128 125 129 0
0.564471 -0.0565356 0.219335 125 129 0
0.564906 -0.0513702 0.21861 125 129 0
0.565359 -0.0462084 0.217871 125 129 0
0.565825 -0.0410521 0.217101 125 129 0
0.567101 -0.0309478 0.21496 125 129 0
0.567779 -0.0261819 0.213819 125 129 0
0.568449 -0.0214098 0.2127 125 129 0
0.569088 -0.0166214 0.211634 125 129 0
0.569728 -0.0118354 0.210557 125 129 0
0.570372 -0.00705065 0.209477 125 129 0
0.571012 -0.00226235 0.208411 125 129 0
0.571771 0.00252699 0.207439 125 129 0
0.572591 0.00730805 0.206469 125 129 0
0.573406 0.0120752 0.205428 125 129 0
0.574246 0.0168258 0.204334 125 129 0
0.575108 0.0215591 0.203181 125 129 0
0.576007 0.0262846 0.202026 125 129 0
0.57698 0.0310056 0.200914 125 129 0
0.578207 0.0356615 0.199782 125 129 0
0.578777 0.0386632 0.198625 125 129 0
0.578812 0.0432885 0.196555 125 129 0
0.579173 0.0479785 0.194653 125 129 0
0.579122 0.0525724 0.192495 125 129 0
0.579575 0.057286 0.19068 125 129 0
0.579768 0.0619749 0.188757 125 129 0
0.580038 0.0667152 0.186978 125 129 0
0.581862 0.0695492 0.187113 125 129 0
0.585594 0.0734354 0.187963 125 129 0
0.589244 0.0774145 0.188806 125 129 0
0.592893 0.081364 0.189808 125 129 0
0.596264 0.0855736 0.190773 125 129 0
0.599449 0.0899067 0.191801 125 129 0
0.597475 0.0872125 0.191069 125 129 0
0.594267 0.084224 0.189745 125 129 0
0.59119 0.0809751 0.188704 125 129 0
0.587981 0.0778484 0.187684 125 129 0
0.584896 0.074525 0.186952 125 129 0
0.581573 0.0715388 0.18596 125 129 0
0.579564 0.0700047 0.185222 125 129 0
0.57644 0.0666997 0.184207 125 129 0
0.573286 0.0634511 0.18311 126 128 0
0.570293 0.0600154 0.182126 126 128 0
0.567173 0.0567082 0.181098 126 128 0
0.564017 0.0534405 0.180055 126 128 0
0.560713 0.0503841 0.178865 126 128 0
0.558947 0.0502959 0.17746 126 128 0
0.555493 0.0515913 0.174036 126 128 0
0.552126 0.0530764 0.170602 126 128 0
0.548608 0.0541976 0.167178 126 128 0
0.545211 0.055456 0.163682 126 128 0
0.541725 0.0564211 0.16019 126 128 0
0.544226 0.0561373 0.16267 126 128 0
0.547204 0.0542623 0.165984 126 128 0
0.550277 0.0525564 0.169306 126 128 0
0.55347 0.0510336 0.172604 126 128 0
0.556731 0.0496639 0.1759 126 128 0
0.558703 0.0491874 0.177757 126 128 0
0.562556 0.0487979 0.181156 126 128 0
0.566329 0.0481386 0.184581 126 128 0
0.570067 0.0472425 0.188011 126 128 0
0.5739 0.0464577 0.191366 126 128 0
0.577838 0.045918 0.194636 126 128 0
0.57603 0.0358883 0.198129 126 128 0
0.575404 0.0312308 0.199692 126 128 0
0.574765 0.02651 0.201047 126 128 0
0.574084 0.0217843 0.202366 126 128 0
0.573501 0.0170597 0.203732 126 128 0
0.572906 0.0123124 0.20501 126 128 0
0.572292 0.0075422 0.206194 126 128 0
0.571677 0.00275541 0.207307 126 128 0
0.571041 -0.00204202 0.208362 126 128 0
0.570401 -0.00683637 0.209429 126 128 0
0.569756 -0.0116269 0.21051 126 128 0
0.569117 -0.0164194 0.211586 126 128 0
0.568472 -0.0212093 0.212669 126 128 0
0.567785 -0.0259795 0.213812 126 128 0
0.566698 -0.0338289 0.215628 126 128 0
0.56619 -0.0386158 0.216472 126 128 0
0.565717 -0.0434155 0.217262 126 128 0
0.56523 -0.0482104 0.218074 126 128 0
0.564767 -0.0530156 0.218836 126 128 0
0.564305 -0.0578241 0.219578 126 128 0
0.56371 -0.0626363 0.22019 126 128 0
0.56315 -0.0674602 0.220741 126 128 0
0.56262 -0.0722936 0.221234 126 128 0
0.562047 -0.0771178 0.221765 126 128 0
0.561362 -0.0819327 0.222244 126 128 0
0.562122 -0.07713 0.222219 126 128 0
0.562812 -0.0719949 0.221478 126 128 0
0.563513 -0.0668376 0.220927 126 128 0
0.563996 -0.0616874 0.220128 126 128 0
0.564471 -0.0565356 0.219335 127 127 0
0.564906 -0.0513702 0.21861 127 127 0
0.565359 -0.0462084 0.217871 127 127 0
0.565825 -0.0410521 0.217101 127 127 0
0.567101 -0.0309478 0.21496 127 127 0
0.567779 -0.0261819 0.213819 127 127 0
0.568449 -0.0214098 0.2127 127 127 0
0.569088 -0.0166214 0.211634 127 127 0
0.569728 -0.0118354 0.210557 127 127 0
0.570372 -0.00705065 0.209477 127 127 0
0.571012 -0.00226235 0.208411 127 127 0
0.571771 0.00252699 0.207439 127 127 0
0.572591 0.00730805 0.206469 127 127 0
0.573406 0.0120752 0.205428 127 127 0
0.574246 0.0168258 0.204334 127 127 0
0.575108 0.0215591 0.203181 127 127 0
0.576007 0.0262846 0.202026 127 127 0
0.57698 0.0310056 0.200914 127 127 0
0.578207 0.0356615 0.199782 127 127 0
0.578777 0.0386632 0.198625 127 127 0
0.578812 0.0432885 0.196555 127 127 0
0.579173 0.0479785 0.194653 127 127 0
0.579122 0.0525724 0.192495 127 127 0
0.579575 0.057286 0.19068 127 127 0
0.579768 0.0619749 0.188757 127 127 0
0.580038 0.0667152 0.186978 127 127 0
0.581862 0.0695492 0.187113 127 127 0
0.585594 0.0734354 0.187963 127 127 0
0.589244 0.0774145 0.188806 127 127 0
0.592893 0.081364 0.189808 127 127 0
0.596264 0.0855736 0.190773 127 127 0
0.599449 0.0899067 0.191801 127 127 0
0.593365 0.0943603 0.19837 127 127 0
0.646522 0.0887085 0.248126 127 127 0
0.651672 0.0860294 0.239984 127 127 0
0.653044 0.0844487 0.240932 127 127 0
0.655645 0.0805753 0.243082 127 127 0
0.658283 0.0767185 0.245215 127 127 0
0.661082 0.072963 0.247323 127 127 0
0.66402 0.0693461 0.249484 127 127 0
0.666941 0.0657893 0.251763 127 127 0
0.668637 0.0642859 0.252976 127 127 0
0.670099 0.0607509 0.255603 127 127 0
0.671681 0.0572623 0.258223 127 127 0
0.673598 0.0538862 0.260766 127 127 0
0.675729 0.0505973 0.26325 127 127 0
0.677643 0.0471163 0.265643 127 127 0
0.679649 0.0436985 0.268053 127 127 0
0.682473 0.0444685 0.269576 127 127 0
0.686593 0.0443049 0.27238 127 127 0
0.690747 0.0444921 0.275123 127 127 0
0.69496 0.044981 0.277748 128 126 0
0.699217 0.0457796 0.280202 128 126 0
0.696701 0.045026 0.278943 128 126 0
0.692107 0.044179 0.276146 128 126 0
0.687505 0.0430932 0.273432 128 126 0
0.682917 0.0417731 0.270813 128 126 0
0.68054 0.0417484 0.269335 128 126 0
0.67566 0.0412799 0.26671 128 126 0
0.67075 0.0411 0.264125 128 126 0
0.665826 0.0412622 0.261544 128 126 0
0.6609 0.0414698 0.258972 128 126 0
0.660478 0.033466 0.260736 128 126 0
0.66005 0.0285792 0.261645 128 126 0
0.659609 0.0236637 0.262377 128 126 0
0.659187 0.018756 0.263159 128 126 0
0.658945 0.0138471 0.26401 128 126 0
0.658535 0.00891712 0.264659 128 126 0
0.658187 0.00397641 0.265262 128 126 0
0.657818 -0.000963763 0.265856 128 126 0
0.657505 -0.00589787 0.266527 128 126 0
0.657203 -0.0108298 0.267219 128 126 0
0.656885 -0.0157555 0.267948 128 126 0
0.65661 -0.0206585 0.268825 128 126 0
0.656283 -0.0255593 0.269699 128 126 0
0.656014 -0.0304427 0.270681 128 126 0
0.654238 -0.0382054 0.272192 128 126 0
0.653482 -0.0432013 0.273616 128 126 0
0.65274 -0.0482438 0.274874 128 126 0
0.652059 -0.0533217 0.276016 128 126 0
0.651503 -0.0584432 0.277024 128 126 0
0.651025 -0.0635987 0.277887 128 126 0
0.650538 -0.068775 0.278615 128 126 0
0.650104 -0.073972 0.279211 128 126 0
0.649742 -0.0791916 0.279633 128 126 0
0.649357 -0.0844067 0.280086 128 126 0
0.649788 -0.0791045 0.279548 128 126 0
0.65009 -0.0738858 0.2792 128 126 0
0.650476 -0.0686792 0.278763 128 126 0
0.650976 -0.0634956 0.278194 128 126 0
0.65147 -0.0583423 0.277401 128 126 0
0.652387 -0.053255 0.276551 128 126 0
0.653435 -0.048228 0.275511 128 126 0
0.654518 -0.0432422 0.27432 128 126 0
0.655816 -0.032924 0.271463 128 126 0
0.656101 -0.0280613 0.270409 128 126 0
0.656073 -0.0231955 0.269338 128 126 0
0.6562 -0.0183278 0.268276 128 126 0
0.656328 -0.0134523 0.267247 128 126 0
0.656531 -0.00854782 0.266388 128 126 0
0.656634 -0.00364133 0.265524 128 126 0
0.65673 0.00126612 0.264661 128 126 0
0.656851 0.00617206 0.263791 129 125 0
0.656899 0.0110694 0.262864 129 125 0
0.656977 0.0159721 0.261974 129 125 0
0.657228 0.0208834 0.261161 129 125 0
0.657449 0.0257861 0.26029 129 125 0
0.65744 0.0306565 0.25924 129 125 0
0.6583 0.0336074 0.259078 129 125 0
0.659351 0.0383874 0.258671 129 125 0
0.660629 0.04311 0.258226 129 125 0
0.661694 0.0478356 0.25738 129 125 0
0.663458 0.0523678 0.256601 129 125 0
0.665112 0.0568324 0.255353 129 125 0
0.667041 0.061194 0.254144 129 125 0
0.666185 0.0632743 0.252912 129 125 0
0.664069 0.0667966 0.250797 129 125 0
0.661984 0.0703482 0.24873 129 125 0
0.659249 0.0735472 0.246819 129 125 0
0.65717 0.0771848 0.244855 129 125 0
0.654921 0.080722 0.242898 129 125 0
0.653044 0.0844487 0.240932 129 125 0
0.654215 0.0825908 0.241928 129 125 0
0.656847 0.0792572 0.243828 129 125 0
0.65944 0.0758983 0.245738 129 125 0
0.66194 0.0724836 0.247673 129 125 0
0.664379 0.0690885 0.249716 129 125 0
0.666941 0.0657893 0.251763 129 125 0
0.668637 0.0642859 0.252976 129 125 0
0.670099 0.0607509 0.255603 129 125 0
0.671681 0.0572623 0.258223 129 125 0
0.673598 0.0538862 0.260766 129 125 0
0.675729 0.0505973 0.26325 129 125 0
0.677643 0.0471163 0.265643 129 125 0
0.679649 0.0436985 0.268053 129 125 0
0.682473 0.0444685 0.269576 129 125 0
0.686593 0.0443049 0.27238 129 125 0
0.690747 0.0444921 0.275123 129 125 0
0.69496 0.044981 0.277748 129 125 0
0.699217 0.0457796 0.280202 129 125 0
0.696701 0.045026 0.278943 129 125 0
0.692107 0.044179 0.276146 129 125 0
0.687505 0.0430932 0.273432 129 125 0
0.682917 0.0417731 0.270813 129 125 0
0.68054 0.0417484 0.269335 129 125 0
0.67566 0.0412799 0.26671 129 125 0
0.67075 0.0411 0.264125 129 125 0
0.665826 0.0412622 0.261544 129 125 0
0.6609 0.0414698 0.258972 129 125 0
0.660478 0.033466 0.260736 129 125 0
0.66005 0.0285792 0.261645 129 125 0
0.659609 0.0236637 0.262377 129 125 0
0.659187 0.018756 0.263159 129 125 0
0.658945 0.0138471 0.26401 130 124 0
0.658535 0.00891712 0.264659 130 124 0
0.658187 0.00397641 0.265262 130 124 0
0.657818 -0.000963763 0.265856 130 124 0
0.657505 -0.00589787 0.266527 130 124 0
0.657203 -0.0108298 0.267219 130 124 0
0.656885 -0.0157555 0.267948 130 124 0
0.65661 -0.0206585 0.268825 130 124 0
0.656283 -0.0255593 0.269699 130 124 0
0.656014 -0.0304427 0.270681 130 124 0
0.654238 -0.0382054 0.272192 130 124 0
0.653482 -0.0432013 0.273616 130 124 0
0.65274 -0.0482438 0.274874 130 124 0
0.652059 -0.0533217 0.276016 130 124 0
0.651503 -0.0584432 0.277024 130 124 0
0.651025 -0.0635987 0.277887 130 124 0
0.650538 -0.068775 0.278615 130 124 0
0.650104 -0.073972 0.279211 130 124 0
0.649742 -0.0791916 0.279633 130 124 0
0.649357 -0.0844067 0.280086 130 124 0
0.649788 -0.0791045 0.279548 130 124 0
0.65009 -0.0738858 0.2792 130 124 0
0.650476 -0.0686792 0.278763 130 124 0
0.650976 -0.0634956 0.278194 130 124 0
0.65147 -0.0583423 0.277401 130 124 0
0.652387 -0.053255 0.276551 130 124 0
0.653435 -0.048228 0.275511 130 124 0
0.654518 -0.0432422 0.27432 130 124 0
0.655816 -0.032924 0.271463 130 124 0
0.656101 -0.0280613 0.270409 130 124 0
0.656073 -0.0231955 0.269338 130 124 0
0.6562 -0.0183278 0.268276 130 124 0
0.656328 -0.0134523 0.267247 130 124 0
0.656531 -0.00854782 0.266388 130 124 0
0.656634 -0.00364133 0.265524 130 124 0
0.65673 0.00126612 0.264661 130 124 0
0.656851 0.00617206 0.263791 130 124 0
0.656899 0.0110694 0.262864 130 124 0
0.656977 0.0159721 0.261974 130 124 0
0.657228 0.0208834 0.261161 130 124 0
0.657449 0.0257861 0.26029 130 124 0
0.65744 0.0306565 0.25924 130 124 0
0.6583 0.0336074 0.259078 130 124 0
0.659351 0.0383874 0.258671 130 124 0
0.660629 0.04311 0.258226 130 124 0
0.661694 0.0478356 0.25738 130 124 0
0.663458 0.0523678 0.256601 130 124 0
0.665112 0.0568324 0.255353 130 124 0
0.667041 0.061194 0.254144 130 124 0
0.666185 0.0632743 0.252912 130 124 0
0.664069 0.0667966 0.250797 130 124 0
0.661984 0.0703482 0.24873 130 124 0
0.659249 0.0735472 0.246819 131 123 0
0.65717 0.0771848 0.244855 131 123 0
0.654921 0.080722 0.242898 131 123 0
0.653044 0.0844487 0.240932 131 123 0
0.647979 0.0872416 0.24909 131 123 0
0.594926 0.0971966 0.198706 131 123 0
0.60108 0.0925958 0.192306 131 123 0
0.584202 -0.0364599 0.229139 131 123 0
0.583584 -0.0234463 0.223536 131 123 0
0.583277 -0.0186979 0.221745 131 123 0
0.582962 -0.0139161 0.220036 131 123 0
0.582727 -0.00913347 0.21832 131 123 0
0.582437 -0.00437386 0.216547 131 123 0
0.58216 0.000404775 0.214823 131 123 0
0.581807 0.00516481 0.213062 131 123 0
0.581506 0.00991459 0.211264 131 123 0
0.58134 0.0146816 0.209495 131 123 0
0.581043 0.0193997 0.207615 131 123 0
0.580939 0.0241516 0.2058 131 123 0
0.58071 0.0288313 0.203817 131 123 0
0.5806 0.0335201 0.201845 131 123 0
0.580508 0.0381988 0.199849 131 123 0
0.580344 0.0428496 0.197793 131 123 0
0.580257 0.0475023 0.195737 131 123 0
0.580264 0.052119 0.193599 131 123 0
0.580206 0.0567413 0.191477 131 123 0
0.578195 0.0561862 0.189972 131 123 0
0.573964 0.0544786 0.187501 131 123 0
0.569738 0.0528764 0.18496 131 123 0
0.56553 0.0514213 0.182296 131 123 0
0.561357 0.050158 0.179499 131 123 0
0.558947 0.0502959 0.17746 131 123 0
0.555587 0.0517952 0.174022 131 123 0
0.552192 0.0532149 0.17059 131 123 0
0.548674 0.0543361 0.167165 131 123 0
0.545237 0.055502 0.163674 131 123 0
0.541725 0.0564211 0.16019 131 123 0
0.544226 0.0561373 0.16267 131 123 0
0.547204 0.0542623 0.165984 131 123 0
0.550277 0.0525564 0.169306 131 123 0
0.55347 0.0510336 0.172604 131 123 0
0.556731 0.0496639 0.1759 131 123 0
0.558703 0.0491874 0.177757 131 123 0
0.562556 0.0487979 0.181156 131 123 0
0.566329 0.0481386 0.184581 131 123 0
0.570067 0.0472425 0.188011 131 123 0
0.5739 0.0464577 0.191366 131 123 0
0.577838 0.045918 0.194636 131 123 0
0.57603 0.0358883 0.198129 131 123 0
0.575404 0.0312308 0.199692 131 123 0
0.574765 0.02651 0.201047 131 123 0
0.574084 0.0217843 0.202366 132 122 0
0.573501 0.0170597 0.203732 132 122 0
0.572906 0.0123124 0.20501 132 122 0
0.572292 0.0075422 0.206194 132 122 0
0.571677 0.00275541 0.207307 132 122 0
0.571041 -0.00204202 0.208362 132 122 0
0.570401 -0.00683637 0.209429 132 122 0
0.569756 -0.0116269 0.21051 132 122 0
0.569117 -0.0164194 0.211586 132 122 0
0.568472 -0.0212093 0.212669 132 122 0
0.567785 -0.0259795 0.213812 132 122 0
0.566698 -0.0338289 0.215628 132 122 0
0.56619 -0.0386158 0.216472 132 122 0
0.565717 -0.0434155 0.217262 132 122 0
0.56523 -0.0482104 0.218074 132 122 0
0.564767 -0.0530156 0.218836 132 122 0
0.564305 -0.0578241 0.219578 132 122 0
0.56371 -0.0626363 0.22019 132 122 0
0.56315 -0.0674602 0.220741 132 122 0
0.56262 -0.0722936 0.221234 132 122 0
0.562047 -0.0771178 0.221765 132 122 0
0.561362 -0.0819327 0.222244 132 122 0
0.562122 -0.07713 0.222219 132 122 0
0.562812 -0.0719949 0.221478 132 122 0
0.563513 -0.0668376 0.220927 132 122 0
0.563996 -0.0616874 0.220128 132 122 0
0.564471 -0.0565356 0.219335 132 122 0
0.564906 -0.0513702 0.21861 132 122 0
0.565359 -0.0462084 0.217871 132 122 0
0.565825 -0.0410521 0.217101 132 122 0
0.567101 -0.0309478 0.21496 132 122 0
0.567779 -0.0261819 0.213819 132 122 0
0.568449 -0.0214098 0.2127 132 122 0
0.569088 -0.0166214 0.211634 132 122 0
0.569728 -0.0118354 0.210557 132 122 0
0.570372 -0.00705065 0.209477 132 122 0
0.571012 -0.00226235 0.208411 132 122 0
0.571771 0.00252699 0.207439 132 122 0
0.572591 0.00730805 0.206469 132 122 0
0.573406 0.0120752 0.205428 132 122 0
0.574246 0.0168258 0.204334 132 122 0
0.575108 0.0215591 0.203181 132 122 0
0.576007 0.0262846 0.202026 132 122 0
0.57698 0.0310056 0.200914 132 122 0
0.578207 0.0356615 0.199782 132 122 0
0.578777 0.0386632 0.198625 132 122 0
0.578812 0.0432885 0.196555 132 122 0
0.579173 0.0479785 0.194653 132 122 0
0.579122 0.0525724 0.192495 132 122 0
0.579575 0.057286 0.19068 132 122 0
0.579768 0.0619749 0.188757 132 122 0
0.580038 0.0667152 0.186978 133 121 0
0.581862 0.0695492 0.187113 133 121 0
0.585594 0.0734354 0.187963 133 121 0
0.589244 0.0774145 0.188806 133 121 0
0.592893 0.081364 0.189808 133 121 0
0.596264 0.0855736 0.190773 133 121 0
0.599449 0.0899067 0.191801 133 121 0
0.597475 0.0872125 0.191069 133 121 0
0.594267 0.084224 0.189745 133 121 0
0.59119 0.0809751 0.188704 133 121 0
0.587981 0.0778484 0.187684 133 121 0
0.584896 0.074525 0.186952 133 121 0
0.581573 0.0715388 0.18596 133 121 0
0.579564 0.0700047 0.185222 133 121 0
0.57644 0.0666997 0.184207 133 121 0
0.573286 0.0634511 0.18311 133 121 0
0.570293 0.0600154 0.182126 133 121 0
0.567173 0.0567082 0.181098 133 121 0
0.564017 0.0534405 0.180055 133 121 0
0.560713 0.0503841 0.178865 133 121 0
0.558947 0.0502959 0.17746 133 121 0
0.555493 0.0515913 0.174036 133 121 0
0.552126 0.0530764 0.170602 133 121 0
0.548608 0.0541976 0.167178 133 121 0
0.545211 0.055456 0.163682 133 121 0
0.541725 0.0564211 0.16019 133 121 0
0.544226 0.0561373 0.16267 133 121 0
0.547204 0.0542623 0.165984 133 121 0
0.550277 0.0525564 0.169306 133 121 0
0.55347 0.0510336 0.172604 133 121 0
0.556731 0.0496639 0.1759 133 121 0
0.558703 0.0491874 0.177757 133 121 0
0.562556 0.0487979 0.181156 133 121 0
0.566329 0.0481386 0.184581 133 121 0
0.570067 0.0472425 0.188011 133 121 0
0.5739 0.0464577 0.191366 133 121 0
0.577838 0.045918 0.194636 133 121 0
0.57603 0.0358883 0.198129 133 121 0
0.575404 0.0312308 0.199692 133 121 0
0.574765 0.02651 0.201047 133 121 0
0.574084 0.0217843 0.202366 133 121 0
0.573501 0.0170597 0.203732 133 121 0
0.572906 0.0123124 0.20501 133 121 0
0.572292 0.0075422 0.206194 133 121 0
0.571677 0.00275541 0.207307 133 121 0
0.571041 -0.00204202 0.208362 133 121 0
0.570401 -0.00683637 0.209429 133 121 0
0.569756 -0.0116269 0.21051 133 121 0
0.569117 -0.0164194 0.211586 133 121 0
0.568472 -0.0212093 0.212669 133 121 0
0.567785 -0.0259795 0.213812 133 121 0
0.566698 -0.0338289 0.215628 134 120 0
0.56619 -0.0386158 0.216472 134 120 0
0.565717 -0.0434155 0.217262 134 120 0
0.56523 -0.0482104 0.218074 134 120 0
0.564767 -0.0530156 0.218836 134 120 0
0.564305 -0.0578241 0.219578 134 120 0
0.56371 -0.0626363 0.22019 134 120 0
0.56315 -0.0674602 0.220741 134 120 0
0.56262 -0.0722936 0.221234 134 120 0
0.562047 -0.0771178 0.221765 134 120 0
0.561362 -0.0819327 0.222244 134 120 0
0.562122 -0.07713 0.222219 134 120 0
0.562812 -0.0719949 0.221478 134 120 0
0.563513 -0.0668376 0.220927 134 120 0
0.563996 -0.0616874 0.220128 134 120 0
0.564471 -0.0565356 0.219335 134 120 0
0.564906 -0.0513702 0.21861 134 120 0
0.565359 -0.0462084 0.217871 134 120 0
0.565825 -0.0410521 0.217101 134 120 0
0.567101 -0.0309478 0.21496 134 120 0
0.567779 -0.0261819 0.213819 134 120 0
0.568449 -0.0214098 0.2127 134 120 0
0.569088 -0.0166214 0.211634 134 120 0
0.569728 -0.0118354 0.210557 134 120 0
0.570372 -0.00705065 0.209477 134 120 0
0.571012 -0.00226235 0.208411 134 120 0
0.571771 0.00252699 0.207439 134 120 0
0.572591 0.00730805 0.206469 134 120 0
0.573406 0.0120752 0.205428 134 120 0
0.574246 0.0168258 0.204334 134 120 0
0.575108 0.0215591 0.203181 134 120 0
0.576007 0.0262846 0.202026 134 120 0
0.57698 0.0310056 0.200914 134 120 0
0.578207 0.0356615 0.199782 134 120 0
0.578777 0.0386632 0.198625 134 120 0
0.578812 0.0432885 0.196555 134 120 0
0.579173 0.0479785 0.194653 134 120 0
0.579122 0.0525724 0.192495 134 120 0
0.579575 0.057286 0.19068 134 120 0
0.579768 0.0619749 0.188757 134 120 0
0.580038 0.0667152 0.186978 134 120 0
0.581862 0.0695492 0.187113 134 120 0
0.585594 0.0734354 0.187963 134 120 0
0.589244 0.0774145 0.188806 134 120 0
0.592893 0.081364 0.189808 134 120 0
0.596264 0.0855736 0.190773 134 120 0
0.599449 0.0899067 0.191801 134 120 0
0.593365 0.0943603 0.19837 134 120 0
0.646522 0.0887085 0.248126 134 120 0
0.651672 0.0860294 0.239984 134 120 0
0.653044 0.0844487 0.240932 134 120 0
0.655645 0.0805753 0.243082 135 119 0
0.658283 0.0767185 0.245215 135 119 0
0.661082 0.072963 0.247323 135 119 0
0.66402 0.0693461 0.249484 135 119 0
0.666941 0.0657893 0.251763 135 119 0
0.668637 0.0642859 0.252976 135 119 0
0.670099 0.0607509 0.255603 135 119 0
0.671681 0.0572623 0.258223 135 119 0
0.673598 0.0538862 0.260766 135 119 0
0.675729 0.0505973 0.26325 135 119 0
0.677643 0.0471163 0.265643 135 119 0
0.679649 0.0436985 0.268053 135 119 0
0.682473 0.0444685 0.269576 135 119 0
0.686593 0.0443049 0.27238 135 119 0
0.690747 0.0444921 0.275123 135 119 0
0.69496 0.044981 0.277748 135 119 0
0.699217 0.0457796 0.280202 135 119 0
0.696701 0.045026 0.278943 135 119 0
0.692107 0.044179 0.276146 135 119 0
0.687505 0.0430932 0.273432 135 119 0
0.682917 0.0417731 0.270813 135 119 0
0.68054 0.0417484 0.269335 135 119 0
0.67566 0.0412799 0.26671 135 119 0
0.67075 0.0411 0.264125 135 119 0
0.665826 0.0412622 0.261544 135 119 0
0.6609 0.0414698 0.258972 135 119 0
0.660478 0.033466 0.260736 135 119 0
0.66005 0.0285792 0.261645 135 119 0
0.659609 0.0236637 0.262377 135 119 0
0.659187 0.018756 0.263159 135 119 0
0.658945 0.0138471 0.26401 135 119 0
0.658535 0.00891712 0.264659 135 119 0
0.658187 0.00397641 0.265262 135 119 0
0.657818 -0.000963763 0.265856 135 119 0
0.657505 -0.00589787 0.266527 135 119 0
0.657203 -0.0108298 0.267219 135 119 0
0.656885 -0.0157555 0.267948 135 119 0
0.65661 -0.0206585 0.268825 135 119 0
0.656283 -0.0255593 0.269699 135 119 0
0.656014 -0.0304427 0.270681 135 119 0
0.654238 -0.0382054 0.272192 135 119 0
0.653482 -0.0432013 0.273616 135 119 0
0.65274 -0.0482438 0.274874 135 119 0
0.652059 -0.0533217 0.276016 135 119 0
0.651503 -0.0584432 0.277024 135 119 0
0.651025 -0.0635987 0.277887 135 119 0
0.650538 -0.068775 0.278615 135 119 0
0.650104 -0.073972 0.279211 135 119 0
0.649742 -0.0791916 0.279633 135 119 0
0.649357 -0.0844067 0.280086 135 119 0
0.649788 -0.0791045 0.279548 135 119 0
0.65009 -0.0738858 0.2792 135 119 0
0.650476 -0.0686792 0.278763 136 118 0
0.650976 -0.0634956 0.278194 136 118 0
0.65147 -0.0583423 0.277401 136 118 0
0.652387 -0.053255 0.276551 136 118 0
0.653435 -0.048228 0.275511 136 118 0
0.654518 -0.0432422 0.27432 136 118 0
0.655816 -0.032924 0.271463 136 118 0
0.656101 -0.0280613 0.270409 136 118 0
0.656073 -0.0231955 0.269338 136 118 0
0.6562 -0.0183278 0.268276 136 118 0
0.656328 -0.0134523 0.267247 136 118 0
0.656531 -0.00854782 0.266388 136 118 0
0.656634 -0.00364133 0.265524 136 118 0
0.65673 0.00126612 0.264661 136 118 0
0.656851 0.00617206 0.263791 136 118 0
0.656899 0.0110694 0.262864 136 118 0
0.656977 0.0159721 0.261974 136 118 0
0.657228 0.0208834 0.261161 136 118 0
0.657449 0.0257861 0.26029 136 118 0
0.65744 0.0306565 0.25924 136 118 0
0.6583 0.0336074 0.259078 136 118 0
0.659351 0.0383874 0.258671 136 118 0
0.660629 0.04311 0.258226 136 118 0
0.661694 0.0478356 0.25738 136 118 0
0.663458 0.0523678 0.256601 136 118 0
0.665112 0.0568324 0.255353 136 118 0
0.667041 0.061194 0.254144 136 118 0
0.666185 0.0632743 0.252912 136 118 0
0.664069 0.0667966 0.250797 136 118 0
0.661984 0.0703482 0.24873 136 118 0
0.659249 0.0735472 0.246819 136 118 0
0.65717 0.0771848 0.244855 136 118 0
0.654921 0.080722 0.242898 136 118 0
0.653044 0.0844487 0.240932 136 118 0
0.654215 0.0825908 0.241928 136 118 0
0.656847 0.0792572 0.243828 136 118 0
0.65944 0.0758983 0.245738 136 118 0
0.66194 0.0724836 0.247673 136 118 0
0.664379 0.0690885 0.249716 136 118 0
0.666941 0.0657893 0.251763 136 118 0
0.668637 0.0642859 0.252976 136 118 0
0.670099 0.0607509 0.255603 136 118 0
0.671681 0.0572623 0.258223 136 118 0
0.673598 0.0538862 0.260766 136 118 0
0.675729 0.0505973 0.26325 136 118 0
0.677643 0.0471163 0.265643 136 118 0
0.679649 0.0436985 0.268053 136 118 0
0.682473 0.0444685 0.269576 136 118 0
0.686593 0.0443049 0.27238 136 118 0
0.690747 0.0444921 0.275123 136 118 0
0.69496 0.044981 0.277748 136 118 0
0.699217 0.0457796 0.280202 137 117 0
0.696701 0.045026 0.278943 137 117 0
0.692107 0.044179 0.276146 137 117 0
0.687505 0.0430932 0.273432 137 117 0
0.682917 0.0417731 0.270813 137 117 0
0.68054 0.0417484 0.269335 137 117 0
0.67566 0.0412799 0.26671 137 117 0
0.67075 0.0411 0.264125 137 117 0
0.665826 0.0412622 0.261544 137 117 0
0.6609 0.0414698 0.258972 137 117 0
0.660478 0.033466 0.260736 137 117 0
0.66005 0.0285792 0.261645 137 117 0
0.659609 0.0236637 0.262377 137 117 0
0.659187 0.018756 0.263159 137 117 0
0.658945 0.0138471 0.26401 137 117 0
0.658535 0.00891712 0.264659 137 117 0
0.658187 0.00397641 0.265262 137 117 0
0.657818 -0.000963763 0.265856 137 117 0
0.657505 -0.00589787 0.266527 137 117 0
0.657203 -0.0108298 0.267219 137 117 0
0.656885 -0.0157555 0.267948 137 117 0
0.65661 -0.0206585 0.268825 137 117 0
0.656283 -0.0255593 0.269699 137 117 0
0.656014 -0.0304427 0.270681 137 117 0
0.654238 -0.0382054 0.272192 137 117 0
0.653482 -0.0432013 0.273616 137 117 0
0.65274 -0.0482438 0.274874 137 117 0
0.652059 -0.0533217 0.276016 137 117 0
0.651503 -0.0584432 0.277024 137 117 0
0.651025 -0.0635987 0.277887 137 117 0
0.650538 -0.068775 0.278615 137 117 0
0.650104 -0.073972 0.279211 137 117 0
0.649742 -0.0791916 0.279633 137 117 0
0.649357 -0.0844067 0.280086 137 117 0
0.649788 -0.0791045 0.279548 137 117 0
0.65009 -0.0738858 0.2792 137 117 0
0.650476 -0.0686792 0.278763 137 117 0
0.650976 -0.0634956 0.278194 137 117 0
0.65147 -0.0583423 0.277401 137 117 0
0.652387 -0.053255 0.276551 137 117 0
0.653435 -0.048228 0.275511 137 117 0
0.654518 -0.0432422 0.27432 137 117 0
0.655816 -0.032924 0.271463 137 117 0
0.656101 -0.0280613 0.270409 137 117 0
0.656073 -0.0231955 0.269338 137 117 0
0.6562 -0.0183278 0.268276 137 117 0
0.656328 -0.0134523 0.267247 137 117 0
0.656531 -0.00854782 0.266388 137 117 0
0.656634 -0.00364133 0.265524 137 117 0
0.65673 0.00126612 0.264661 137 117 0
0.656851 0.00617206 0.263791 137 117 0
0.656899 0.0110694 0.262864 138 116 0
0.656977 0.0159721 0.261974 138 116 0
0.657228 0.0208834 0.261161 138 116 0
0.657449 0.0257861 0.26029 138 116 0
0.65744 0.0306565 0.25924 138 116 0
0.6583 0.0336074 0.259078 138 116 0
0.659351 0.0383874 0.258671 138 116 0
0.660629 0.04311 0.258226 138 116 0
0.661694 0.0478356 0.25738 138 116 0
0.663458 0.0523678 0.256601 138 116 0
0.665112 0.0568324 0.255353 138 116 0
0.667041 0.061194 0.254144 138 116 0
0.666185 0.0632743 0.252912 138 116 0
0.664069 0.0667966 0.250797 138 116 0
0.661984 0.0703482 0.24873 138 116 0
0.659249 0.0735472 0.246819 138 116 0
0.65717 0.0771848 0.244855 138 116 0
0.654921 0.080722 0.242898 138 116 0
0.653044 0.0844487 0.240932 138 116 0
0.647979 0.0872416 0.24909 138 116 0
0.594926 0.0971966 0.198706 138 116 0
0.60108 0.0925958 0.192306 138 116 0
0.584202 -0.0364599 0.229139 138 116 0
0.583584 -0.0234463 0.223536 138 116 0
0.583277 -0.0186979 0.221745 138 116 0
0.582962 -0.0139161 0.220036 138 116 0
0.582727 -0.00913347 0.21832 138 116 0
0.582437 -0.00437386 0.216547 138 116 0
0.58216 0.000404775 0.214823 138 116 0
0.581807 0.00516481 0.213062 138 116 0
0.581506 0.00991459 0.211264 138 116 0
0.58134 0.0146816 0.209495 138 116 0
0.581043 0.0193997 0.207615 138 116 0
0.580939 0.0241516 0.2058 138 116 0
0.58071 0.0288313 0.203817 138 116 0
0.5806 0.0335201 0.201845 138 116 0
0.580508 0.0381988 0.199849 138 116 0
0.580344 0.0428496 0.197793 138 116 0
0.580257 0.0475023 0.195737 138 116 0
0.580264 0.052119 0.193599 138 116 0
0.580206 0.0567413 0.191477 138 116 0
0.578195 0.0561862 0.189972 138 116 0
0.573964 0.0544786 0.187501 138 116 0
0.569738 0.0528764 0.18496 138 116 0
0.56553 0.0514213 0.182296 138 116 0
0.561357 0.050158 0.179499 138 116 0
0.558947 0.0502959 0.17746 138 116 0
0.555587 0.0517952 0.174022 138 116 0
0.552192 0.0532149 0.17059 138 116 0
0.548674 0.0543361 0.167165 138 116 0
0.545237 0.055502 0.163674 138 116 0
0.541725 0.0564211 0.16019 139 115 0
0.544226 0.0561373 0.16267 139 115 0
0.547204 0.0542623 0.165984 139 115 0
0.550277 0.0525564 0.169306 139 115 0
0.55347 0.0510336 0.172604 139 115 0
0.556731 0.0496639 0.1759 139 115 0
0.558703 0.0491874 0.177757 139 115 0
0.562556 0.0487979 0.181156 139 115 0
0.566329 0.0481386 0.184581 139 115 0
0.570067 0.0472425 0.188011 139 115 0
0.5739 0.0464577 0.191366 139 115 0
0.577838 0.045918 0.194636 139 115 0
0.57603 0.0358883 0.198129 139 115 0
0.575404 0.0312308 0.199692 139 115 0
0.574765 0.02651 0.201047 139 115 0
0.574084 0.0217843 0.202366 139 115 0
0.573501 0.0170597 0.203732 139 115 0
0.572906 0.0123124 0.20501 139 115 0
0.572292 0.0075422 0.206194 139 115 0
0.571677 0.00275541 0.207307 139 115 0
0.571041 -0.00204202 0.208362 139 115 0
0.570401 -0.00683637 0.209429 139 115 0
0.569756 -0.0116269 0.21051 139 115 0
0.569117 -0.0164194 0.211586 139 115 0
0.568472 -0.0212093 0.212669 139 115 0
0.567785 -0.0259795 0.213812 139 115 0
0.566698 -0.0338289 0.215628 139 115 0
0.56619 -0.0386158 0.216472 139 115 0
0.565717 -0.0434155 0.217262 139 115 0
0.56523 -0.0482104 0.218074 139 115 0
0.564767 -0.0530156 0.218836 139 115 0
0.564305 -0.0578241 0.219578 139 115 0
0.56371 -0.0626363 0.22019 139 115 0
0.56315 -0.0674602 0.220741 139 115 0
0.56262 -0.0722936 0.221234 139 115 0
0.562047 -0.0771178 0.221765 139 115 0
0.561362 -0.0819327 0.222244 139 115 0
0.562122 -0.07713 0.222219 139 115 0
0.562812 -0.0719949 0.221478 139 115 0
0.563513 -0.0668376 0.220927 139 115 0
0.563996 -0.0616874 0.220128 139 115 0
0.564471 -0.0565356 0.219335 139 115 0
0.564906 -0.0513702 0.21861 139 115 0
0.565359 -0.0462084 0.217871 139 115 0
0.565825 -0.0410521 0.217101 139 115 0
0.567101 -0.0309478 0.21496 139 115 0
0.567779 -0.0261819 0.213819 139 115 0
0.568449 -0.0214098 0.2127 139 115 0
0.569088 -0.0166214 0.211634 139 115 0
0.569728 -0.0118354 0.210557 139 115 0
0.570372 -0.00705065 0.209477 139 115 0
0.571012 -0.00226235 0.208411 140 114 0
0.571771 0.00252699 0.207439 140 114 0
0.572591 0.00730805 0.206469 140 114 0
0.573406 0.0120752 0.205428 140 114 0
0.574246 0.0168258 0.204334 140 114 0
0.575108 0.0215591 0.203181 140 114 0
0.576007 0.0262846 0.202026 140 114 0
0.57698 0.0310056 0.200914 140 114 0
0.578207 0.0356615 0.199782 140 114 0
0.578777 0.0386632 0.198625 140 114 0
0.578812 0.0432885 0.196555 140 114 0
0.579173 0.0479785 0.194653 140 114 0
0.579122 0.0525724 0.192495 140 114 0
0.579575 0.057286 0.19068 140 114 0
0.579768 0.0619749 0.188757 140 114 0
0.580038 0.0667152 0.186978 140 114 0
0.581862 0.0695492 0.187113 140 114 0
0.585594 0.0734354 0.187963 140 114 0
0.589244 0.0774145 0.188806 140 114 0
0.592893 0.081364 0.189808 140 114 0
0.596264 0.0855736 0.190773 140 114 0
0.599449 0.0899067 0.191801 140 114 0
0.597475 0.0872125 0.191069 140 114 0
0.594267 0.084224 0.189745 140 114 0
0.59119 0.0809751 0.188704 140 114 0
0.587981 0.0778484 0.187684 140 114 0
0.584896 0.074525 0.186952 140 114 0
0.581573 0.0715388 0.18596 140 114 0
0.579564 0.0700047 0.185222 140 114 0
0.57644 0.0666997 0.184207 140 114 0
0.573286 0.0634511 0.18311 140 114 0
0.570293 0.0600154 0.182126 140 114 0
0.567173 0.0567082 0.181098 140 114 0
0.564017 0.0534405 0.180055 140 114 0
0.560713 0.0503841 0.178865 140 114 0
0.558947 0.0502959 0.17746 140 114 0
0.555493 0.0515913 0.174036 140 114 0
0.552126 0.0530764 0.170602 140 114 0
0.548608 0.0541976 0.167178 140 114 0
0.545211 0.055456 0.163682 140 114 0
0.541725 0.0564211 0.16019 140 114 0
0.544226 0.0561373 0.16267 140 114 0
0.547204 0.0542623 0.165984 140 114 0
0.550277 0.0525564 0.169306 140 114 0
0.55347 0.0510336 0.172604 140 114 0
0.556731 0.0496639 0.1759 140 114 0
0.558703 0.0491874 0.177757 140 114 0
0.562556 0.0487979 0.181156 140 114 0
0.566329 0.0481386 0.184581 140 114 0
0.570067 0.0472425 0.188011 140 114 0
0.5739 0.0464577 0.191366 140 114 0
0.577838 0.045918 0.194636 140 114 0
0.57603 0.0358883 0.198129 141 113 0
0.575404 0.0312308 0.199692 141 113 0
0.574765 0.02651 0.201047 141 113 0
0.574084 0.0217843 0.202366 141 113 0
0.573501 0.0170597 0.203732 141 113 0
0.572906 0.0123124 0.20501 141 113 0
0.572292 0.0075422 0.206194 141 113 0
0.571677 0.00275541 0.207307 141 113 0
0.571041 -0.00204202 0.208362 141 113 0
0.570401 -0.00683637 0.209429 141 113 0
0.569756 -0.0116269 0.21051 141 113 0
0.569117 -0.0164194 0.211586 141 113 0
0.568472 -0.0212093 0.212669 141 113 0
0.567785 -0.0259795 0.213812 141 113 0
0.566698 -0.0338289 0.215628 141 113 0
0.56619 -0.0386158 0.216472 141 113 0
0.565717 -0.0434155 0.217262 141 113 0
0.56523 -0.0482104 0.218074 141 113 0
0.564767 -0.0530156 0.218836 141 113 0
0.564305 -0.0578241 0.219578 141 113 0
0.56371 -0.0626363 0.22019 141 113 0
0.56315 -0.0674602 0.220741 141 113 0
0.56262 -0.0722936 0.221234 141 113 0
0.562047 -0.0771178 0.221765 141 113 0
0.561362 -0.0819327 0.222244 141 113 0
0.562122 -0.07713 0.222219 141 113 0
0.562812 -0.0719949 0.221478 141 113 0
0.563513 -0.0668376 0.220927 141 113 0
0.563996 -0.0616874 0.220128 141 113 0
0.564471 -0.0565356 0.219335 141 113 0
0.564906 -0.0513702 0.21861 141 113 0
0.565359 -0.0462084 0.217871 141 113 0
0.565825 -0.0410521 0.217101 141 113 0
0.567101 -0.0309478 0.21496 141 113 0
0.567779 -0.0261819 0.213819 141 113 0
0.568449 -0.0214098 0.2127 141 113 0
0.569088 -0.0166214 0.211634 141 113 0
0.569728 -0.0118354 0.210557 141 113 0
0.570372 -0.00705065 0.209477 141 113 0
0.571012 -0.00226235 0.208411 141 113 0
0.571771 0.00252699 0.207439 141 113 0
0.572591 0.00730805 0.206469 141 113 0
0.573406 0.0120752 0.205428 141 113 0
0.574246 0.0168258 0.204334 141 113 0
0.575108 0.0215591 0.203181 141 113 0
0.576007 0.0262846 0.202026 141 113 0
0.57698 0.0310056 0.200914 141 113 0
0.578207 0.0356615 0.199782 141 113 0
0.578777 0.0386632 0.198625 141 113 0
0.578812 0.0432885 0.196555 141 113 0
0.579173 0.0479785 0.194653 141 113 0
0.579122 0.0525724 0.192495 142 112 0
0.579575 0.057286 0.19068 142 112 0
0.579768 0.0619749 0.188757 142 112 0
0.580038 0.0667152 0.186978 142 112 0
0.581862 0.0695492 0.187113 142 112 0
0.585594 0.0734354 0.187963 142 112 0
0.589244 0.0774145 0.188806 142 112 0
0.592893 0.081364 0.189808 142 112 0
0.596264 0.0855736 0.190773 142 112 0
0.599449 0.0899067 0.191801 142 112 0
0.593365 0.0943603 0.19837 142 112 0
0.646522 0.0887085 0.248126 142 112 0
0.651672 0.0860294 0.239984 142 112 0
0.653044 0.0844487 0.240932 142 112 0
0.655645 0.0805753 0.243082 142 112 0
0.658283 0.0767185 0.245215 142 112 0
0.661082 0.072963 0.247323 142 112 0
0.66402 0.0693461 0.249484 142 112 0
0.666941 0.0657893 0.251763 142 112 0
0.668637 0.0642859 0.252976 142 112 0
0.670099 0.0607509 0.255603 142 112 0
0.671681 0.0572623 0.258223 142 112 0
0.673598 0.0538862 0.260766 142 112 0
0.675729 0.0505973 0.26325 142 112 0
0.677643 0.0471163 0.265643 142 112 0
0.679649 0.0436985 0.268053 142 112 0
0.682473 0.0444685 0.269576 142 112 0
0.686593 0.0443049 0.27238 142 112 0
0.690747 0.0444921 0.275123 142 112 0
0.69496 0.044981 0.277748 142 112 0
0.699217 0.0457796 0.280202 142 112 0
0.696701 0.045026 0.278943 142 112 0
0.692107 0.044179 0.276146 142 112 0
0.687505 0.0430932 0.273432 142 112 0
0.682917 0.0417731 0.270813 142 112 0
0.68054 0.0417484 0.269335 142 112 0
0.67566 0.0412799 0.26671 142 112 0
0.67075 0.0411 0.264125 142 112 0
0.665826 0.0412622 0.261544 142 112 0
0.6609 0.0414698 0.258972 142 112 0
0.660478 0.033466 0.260736 142 112 0
0.66005 0.0285792 0.261645 142 112 0
0.659609 0.0236637 0.262377 142 112 0
0.659187 0.018756 0.263159 142 112 0
0.658945 0.0138471 0.26401 142 112 0
0.658535 0.00891712 0.264659 142 112 0
0.658187 0.00397641 0.265262 142 112 0
0.657818 -0.000963763 0.265856 142 112 0
0.657505 -0.00589787 0.266527 142 112 0
0.657203 -0.0108298 0.267219 142 112 0
0.656885 -0.0157555 0.267948 142 112 0
0.65661 -0.0206585 0.268825 143 111 0
0.656283 -0.0255593 0.269699 143 111 0
0.656014 -0.0304427 0.270681 143 111 0
0.654238 -0.0382054 0.272192 143 111 0
0.653482 -0.0432013 0.273616 143 111 0
0.65274 -0.0482438 0.274874 143 111 0
0.652059 -0.0533217 0.276016 143 111 0
0.651503 -0.0584432 0.277024 143 111 0
0.651025 -0.0635987 0.277887 143 111 0
0.650538 -0.068775 0.278615 143 111 0
0.650104 -0.073972 0.279211 143 111 0
0.649742 -0.0791916 0.279633 143 111 0
0.649357 -0.0844067 0.280086 143 111 0
0.649788 -0.0791045 0.279548 143 111 0
0.65009 -0.0738858 0.2792 143 111 0
0.650476 -0.0686792 0.278763 143 111 0
0.650976 -0.0634956 0.278194 143 111 0
0.65147 -0.0583423 0.277401 143 111 0
0.652387 -0.053255 0.276551 143 111 0
0.653435 -0.048228 0.275511 143 111 0
0.654518 -0.0432422 0.27432 143 111 0
0.655816 -0.032924 0.271463 143 111 0
0.656101 -0.0280613 0.270409 143 111 0
0.656073 -0.0231955 0.269338 143 111 0
0.6562 -0.0183278 0.268276 143 111 0
0.656328 -0.0134523 0.267247 143 111 0
0.656531 -0.00854782 0.266388 143 111 0
0.656634 -0.00364133 0.265524 143 111 0
0.65673 0.00126612 0.264661 143 111 0
0.656851 0.00617206 0.263791 143 111 0
0.656899 0.0110694 0.262864 143 111 0
0.656977 0.0159721 0.261974 143 111 0
0.657228 0.0208834 0.261161 143 111 0
0.657449 0.0257861 0.26029 143 111 0
0.65744 0.0306565 0.25924 143 111 0
0.6583 0.0336074 0.259078 143 111 0
0.659351 0.0383874 0.258671 143 111 0
0.660629 0.04311 0.258226 143 111 0
0.661694 0.0478356 0.25738 143 111 0
0.663458 0.0523678 0.256601 143 111 0
0.665112 0.0568324 0.255353 143 111 0
0.667041 0.061194 0.254144 143 111 0
0.666185 0.0632743 0.252912 143 111 0
0.664069 0.0667966 0.250797 143 111 0
0.661984 0.0703482 0.24873 143 111 0
0.659249 0.0735472 0.246819 143 111 0
0.65717 0.0771848 0.244855 143 111 0
0.654921 0.080722 0.242898 143 111 0
0.653044 0.0844487 0.240932 143 111 0
0.654215 0.0825908 0.241928 143 111 0
0.656847 0.0792572 0.243828 143 111 0
0.65944 0.0758983 0.245738 144 110 0
0.66194 0.0724836 0.247673 144 110 0
0.664379 0.0690885 0.249716 144 110 0
0.666941 0.0657893 0.251763 144 110 0
0.668637 0.0642859 0.252976 144 110 0
0.670099 0.0607509 0.255603 144 110 0
0.671681 0.0572623 0.258223 144 110 0
0.673598 0.0538862 0.260766 144 110 0
0.675729 0.0505973 0.26325 144 110 0
0.677643 0.0471163 0.265643 144 110 0
0.679649 0.0436985 0.268053 144 110 0
0.682473 0.0444685 0.269576 144 110 0
0.686593 0.0443049 0.27238 144 110 0
0.690747 0.0444921 0.275123 144 110 0
0.69496 0.044981 0.277748 144 110 0
0.699217 0.0457796 0.280202 144 110 0
0.696701 0.045026 0.278943 144 110 0
0.692107 0.044179 0.276146 144 110 0
0.687505 0.0430932 0.273432 144 110 0
0.682917 0.0417731 0.270813 144 110 0
0.68054 0.0417484 0.269335 144 110 0
0.67566 0.0412799 0.26671 144 110 0
0.67075 0.0411 0.264125 144 110 0
0.665826 0.0412622 0.261544 144 110 0
0.6609 0.0414698 0.258972 144 110 0
0.660478 0.033466 0.260736 144 110 0
0.66005 0.0285792 0.261645 144 110 0
0.659609 0.0236637 0.262377 144 110 0
0.659187 0.018756 0.263159 144 110 0
0.658945 0.0138471 0.26401 144 110 0
0.658535 0.00891712 0.264659 144 110 0
0.658187 0.00397641 0.265262 144 110 0
0.657818 -0.000963763 0.265856 144 110 0
0.657505 -0.00589787 0.266527 144 110 0
0.657203 -0.0108298 0.267219 144 110 0
0.656885 -0.0157555 0.267948 144 110 0
0.65661 -0.0206585 0.268825 144 110 0
0.656283 -0.0255593 0.269699 144 110 0
0.656014 -0.0304427 0.270681 144 110 0
0.654238 -0.0382054 0.272192 144 110 0
0.653482 -0.0432013 0.273616 144 110 0
0.65274 -0.0482438 0.274874 144 110 0
0.652059 -0.0533217 0.276016 144 110 0
0.651503 -0.0584432 0.277024 144 110 0
0.651025 -0.0635987 0.277887 144 110 0
0.650538 -0.068775 0.278615 144 110 0
0.650104 -0.073972 0.279211 144 110 0
0.649742 -0.0791916 0.279633 144 110 0
0.649357 -0.0844067 0.280086 144 110 0
0.649788 -0.0791045 0.279548 144 110 0
0.65009 -0.0738858 0.2792 144 110 0
0.650476 -0.0686792 0.278763 145 109 0
0.650976 -0.0634956 0.278194 145 109 0
0.65147 -0.0583423 0.277401 145 109 0
0.652387 -0.053255 0.276551 145 109 0
0.653435 -0.048228 0.275511 145 109 0
0.654518 -0.0432422 0.27432 145 109 0
0.655816 -0.032924 0.271463 145 109 0
0.656101 -0.0280613 0.270409 145 109 0
0.656073 -0.0231955 0.269338 145 109 0
0.6562 -0.0183278 0.268276 145 109 0
0.656328 -0.0134523 0.267247 145 109 0
0.656531 -0.00854782 0.266388 145 109 0
0.656634 -0.00364133 0.265524 145 109 0
0.65673 0.00126612 0.264661 145 109 0
0.656851 0.00617206 0.263791 145 109 0
0.656899 0.0110694 0.262864 145 109 0
0.656977 0.0159721 0.261974 145 109 0
0.657228 0.0208834 0.261161 145 109 0
0.657449 0.0257861 0.26029 145 109 0
0.65744 0.0306565 0.25924 145 109 0
0.6583 0.0336074 0.259078 145 109 0
0.659351 0.0383874 0.258671 145 109 0
0.660629 0.04311 0.258226 145 109 0
0.661694 0.0478356 0.25738 145 109 0
0.663458 0.0523678 0.256601 145 109 0
0.665112 0.0568324 0.255353 145 109 0
0.667041 0.061194 0.254144 145 109 0
0.666185 0.0632743 0.252912 145 109 0
0.664069 0.0667966 0.250797 145 109 0
0.661984 0.0703482 0.24873 145 109 0
0.659249 0.0735472 0.246819 145 109 0
0.65717 0.0771848 0.244855 145 109 0
0.654921 0.080722 0.242898 145 109 0
0.653044 0.0844487 0.240932 145 109 0
0.647979 0.0872416 0.24909 145 109 0
0.594926 0.0971966 0.198706 145 109 0
0.60108 0.0925958 0.192306 145 109 0
0.584202 -0.0364599 0.229139 145 109 0
0.583584 -0.0234463 0.223536 145 109 0
0.583277 -0.0186979 0.221745 145 109 0
0.582962 -0.0139161 0.220036 145 109 0
0.582727 -0.00913347 0.21832 145 109 0
0.582437 -0.00437386 0.216547 145 109 0
0.58216 0.000404775 0.214823 145 109 0
0.581807 0.00516481 0.213062 145 109 0
0.581506 0.00991459 0.211264 145 109 0
0.58134 0.0146816 0.209495 145 109 0
0.581043 0.0193997 0.207615 145 109 0
0.580939 0.0241516 0.2058 145 109 0
0.58071 0.0288313 0.203817 145 109 0
0.5806 0.0335201 0.201845 145 109 0
0.580508 0.0381988 0.199849 145 109 0
0.580344 0.0428496 0.197793 146 108 0
0.580257 0.0475023 0.195737 146 108 0
0.580264 0.052119 0.193599 146 108 0
0.580206 0.0567413 0.191477 146 108 0
0.578195 0.0561862 0.189972 146 108 0
0.573964 0.0544786 0.187501 146 108 0
0.569738 0.0528764 0.18496 146 108 0
0.56553 0.0514213 0.182296 146 108 0
0.561357 0.050158 0.179499 146 108 0
0.558947 0.0502959 0.17746 146 108 0
0.555587 0.0517952 0.174022 146 108 0
0.552192 0.0532149 0.17059 146 108 0
0.548674 0.0543361 0.167165 146 108 0
0.545237 0.055502 0.163674 146 108 0
0.541725 0.0564211 0.16019 146 108 0
0.544226 0.0561373 0.16267 146 108 0
0.547204 0.0542623 0.165984 146 108 0
0.550277 0.0525564 0.169306 146 108 0
0.55347 0.0510336 0.172604 146 108 0
0.556731 0.0496639 0.1759 146 108 0
0.558703 0.0491874 0.177757 146 108 0
0.562556 0.0487979 0.181156 146 108 0
0.566329 0.0481386 0.184581 146 108 0
0.570067 0.0472425 0.188011 146 108 0
0.5739 0.0464577 0.191366 146 108 0
0.577838 0.045918 0.194636 146 108 0
0.57603 0.0358883 0.198129 146 108 0
0.575404 0.0312308 0.199692 146 108 0
0.574765 0.02651 0.201047 146 108 0
0.574084 0.0217843 0.202366 146 108 0
0.573501 0.0170597 0.203732 146 108 0
0.572906 0.0123124 0.20501 146 108 0
0.572292 0.0075422 0.206194 146 108 0
0.571677 0.00275541 0.207307 146 108 0
0.571041 -0.00204202 0.208362 146 108 0
0.570401 -0.00683637 0.209429 146 108 0
0.569756 -0.0116269 0.21051 146 108 0
0.569117 -0.0164194 0.211586 146 108 0
0.568472 -0.0212093 0.212669 146 108 0
0.567785 -0.0259795 0.213812 146 108 0
0.566698 -0.0338289 0.215628 146 108 0
0.56619 -0.0386158 0.216472 146 108 0
0.565717 -0.0434155 0.217262 146 108 0
0.56523 -0.0482104 0.218074 146 108 0
0.564767 -0.0530156 0.218836 146 108 0
0.564305 -0.0578241 0.219578 146 108 0
0.56371 -0.0626363 0.22019 146 108 0
0.56315 -0.0674602 0.220741 146 108 0
0.56262 -0.0722936 0.221234 146 108 0
0.562047 -0.0771178 0.221765 146 108 0
0.561362 -0.0819327 0.222244 146 108 0
0.562122 -0.07713 0.222219 147 107 0
0.562812 -0.0719949 0.221478 147 107 0
0.563513 -0.0668376 0.220927 147 107 0
0.563996 -0.0616874 0.220128 147 107 0
0.564471 -0.0565356 0.219335 147 107 0
0.564906 -0.0513702 0.21861 147 107 0
0.565359 -0.0462084 0.217871 147 107 0
0.565825 -0.0410521 0.217101 147 107 0
0.567101 -0.0309478 0.21496 147 107 0
0.567779 -0.0261819 0.213819 147 107 0
0.568449 -0.0214098 0.2127 147 107 0
0.569088 -0.0166214 0.211634 147 107 0
0.569728 -0.0118354 0.210557 147 107 0
0.570372 -0.00705065 0.209477 147 107 0
0.571012 -0.00226235 0.208411 147 107 0
0.571771 0.00252699 0.207439 147 107 0
0.572591 0.00730805 0.206469 147 107 0
0.573406 0.0120752 0.205428 147 107 0
0.574246 0.0168258 0.204334 147 107 0
0.575108 0.0215591 0.203181 147 107 0
0.576007 0.0262846 0.202026 147 107 0
0.57698 0.0310056 0.200914 147 107 0
0.578207 0.0356615 0.199782 147 107 0
0.578777 0.0386632 0.198625 147 107 0
0.578812 0.0432885 0.196555 147 107 0
0.579173 0.0479785 0.194653 147 107 0
0.579122 0.0525724 0.192495 147 107 0
0.579575 0.057286 0.19068 147 107 0
0.579768 0.0619749 0.188757 147 107 0
0.580038 0.0667152 0.186978 147 107 0
0.581862 0.0695492 0.187113 147 107 0
0.585594 0.0734354 0.187963 147 107 0
0.589244 0.0774145 0.188806 147 107 0
0.592893 0.081364 0.189808 147 107 0
0.596264 0.0855736 0.190773 147 107 0
0.599449 0.0899067 0.191801 147 107 0
0.597475 0.0872125 0.191069 147 107 0
0.594267 0.084224 0.189745 147 107 0
0.59119 0.0809751 0.188704 147 107 0
0.587981 0.0778484 0.187684 147 107 0
0.584896 0.074525 0.186952 147 107 0
0.581573 0.0715388 0.18596 147 107 0
0.579564 0.0700047 0.185222 147 107 0
0.57644 0.0666997 0.184207 147 107 0
0.573286 0.0634511 0.18311 147 107 0
0.570293 0.0600154 0.182126 147 107 0
0.567173 0.0567082 0.181098 147 107 0
0.564017 0.0534405 0.180055 147 107 0
0.560713 0.0503841 0.178865 147 107 0
0.558947 0.0502959 0.17746 147 107 0
0.555493 0.0515913 0.174036 147 107 0
0.552126 0.0530764 0.170602 148 106 0
0.548608 0.0541976 0.167178 148 106 0
0.545211 0.055456 0.163682 148 106 0
0.541725 0.0564211 0.16019 148 106 0
0.544226 0.0561373 0.16267 148 106 0
0.547204 0.0542623 0.165984 148 106 0
0.550277 0.0525564 0.169306 148 106 0
0.55347 0.0510336 0.172604 148 106 0
0.556731 0.0496639 0.1759 148 106 0
0.558703 0.0491874 0.177757 148 106 0
0.562556 0.0487979 0.181156 148 106 0
0.566329 0.0481386 0.184581 148 106 0
0.570067 0.0472425 0.188011 148 106 0
0.5739 0.0464577 0.191366 148 106 0
0.577838 0.045918 0.194636 148 106 0
0.57603 0.0358883 0.198129 148 106 0
0.575404 0.0312308 0.199692 148 106 0
0.574765 0.02651 0.201047 148 106 0
0.574084 0.0217843 0.202366 148 106 0
0.573501 0.0170597 0.203732 148 106 0
0.572906 0.0123124 0.20501 148 106 0
0.572292 0.0075422 0.206194 148 106 0
0.571677 0.00275541 0.207307 148 106 0
0.571041 -0.00204202 0.208362 148 106 0
0.570401 -0.00683637 0.209429 148 106 0
0.569756 -0.0116269 0.21051 148 106 0
0.569117 -0.0164194 0.211586 148 106 0
0.568472 -0.0212093 0.212669 148 106 0
0.567785 -0.0259795 0.213812 148 106 0
0.566698 -0.0338289 0.215628 148 106 0
0.56619 -0.0386158 0.216472 148 106 0
0.565717 -0.0434155 0.217262 148 106 0
0.56523 -0.0482104 0.218074 148 106 0
0.564767 -0.0530156 0.218836 148 106 0
0.564305 -0.0578241 0.219578 148 106 0
0.56371 -0.0626363 0.22019 148 106 0
0.56315 -0.0674602 0.220741 148 106 0
0.56262 -0.0722936 0.221234 148 106 0
0.562047 -0.0771178 0.221765 148 106 0
0.561362 -0.0819327 0.222244 148 106 0
0.562122 -0.07713 0.222219 148 106 0
0.562812 -0.0719949 0.221478 148 106 0
0.563513 -0.0668376 0.220927 148 106 0
0.563996 -0.0616874 0.220128 148 106 0
0.564471 -0.0565356 0.219335 148 106 0
0.564906 -0.0513702 0.21861 148 106 0
0.565359 -0.0462084 0.217871 148 106 0
0.565825 -0.0410521 0.217101 148 106 0
0.567101 -0.0309478 0.21496 148 106 0
0.567779 -0.0261819 0.213819 148 106 0
0.568449 -0.0214098 0.2127 148 106 0
0.569088 -0.0166214 0.211634 149 105 0
0.569728 -0.0118354 0.210557 149 105 0
0.570372 -0.00705065 0.209477 149 105 0
0.571012 -0.00226235 0.208411 149 105 0
0.571771 0.00252699 0.207439 149 105 0
0.572591 0.00730805 0.206469 149 105 0
0.573406 0.0120752 0.205428 149 105 0
0.574246 0.0168258 0.204334 149 105 0
0.575108 0.0215591 0.203181 149 105 0
0.576007 0.0262846 0.202026 149 105 0
0.57698 0.0310056 0.200914 149 105 0
0.578207 0.0356615 0.199782 149 105 0
0.578777 0.0386632 0.198625 149 105 0
0.578812 0.0432885 0.196555 149 105 0
0.579173 0.0479785 0.194653 149 105 0
0.579122 0.0525724 0.192495 149 105 0
0.579575 0.057286 0.19068 149 105 0
0.579768 0.0619749 0.188757 149 105 0
0.580038 0.0667152 0.186978 149 105 0
0.581862 0.0695492 0.187113 149 105 0
0.585594 0.0734354 0.187963 149 105 0
0.589244 0.0774145 0.188806 149 105 0
0.592893 0.081364 0.189808 149 105 0
0.596264 0.0855736 0.190773 149 105 0
0.599449 0.0899067 0.191801 149 105 0
0.593365 0.0943603 0.19837 149 105 0
0.646522 0.0887085 0.248126 149 105 0
0.651672 0.0860294 0.239984 149 105 0
0.653044 0.0844487 0.240932 149 105 0
0.655645 0.0805753 0.243082 149 105 0
0.658283 0.0767185 0.245215 149 105 0
0.661082 0.072963 0.247323 149 105 0
0.66402 0.0693461 0.249484 149 105 0
0.666941 0.0657893 0.251763 149 105 0
0.668637 0.0642859 0.252976 149 105 0
0.670099 0.0607509 0.255603 149 105 0
0.671681 0.0572623 0.258223 149 105 0
0.673598 0.0538862 0.260766 149 105 0
0.675729 0.0505973 0.26325 149 105 0
0.677643 0.0471163 0.265643 149 105 0
0.679649 0.0436985 0.268053 149 105 0
0.682473 0.0444685 0.269576 149 105 0
0.686593 0.0443049 0.27238 149 105 0
0.690747 0.0444921 0.275123 149 105 0
0.69496 0.044981 0.277748 149 105 0
0.699217 0.0457796 0.280202 149 105 0
0.696701 0.045026 0.278943 149 105 0
0.692107 0.044179 0.276146 149 105 0
0.687505 0.0430932 0.273432 149 105 0
0.682917 0.0417731 0.270813 149 105 0
0.68054 0.0417484 0.269335 149 105 0
0.67566 0.0412799 0.26671 150 104 0
0.67075 0.0411 0.264125 150 104 0
0.665826 0.0412622 0.261544 150 104 0
0.6609 0.0414698 0.258972 150 104 0
0.660478 0.033466 0.260736 150 104 0
0.66005 0.0285792 0.261645 150 104 0
0.659609 0.0236637 0.262377 150 104 0
0.659187 0.018756 0.263159 150 104 0
0.658945 0.0138471 0.26401 150 104 0
0.658535 0.00891712 0.264659 150 104 0
0.658187 0.00397641 0.265262 150 104 0
0.657818 -0.000963763 0.265856 150 104 0
0.657505 -0.00589787 0.266527 150 104 0
0.657203 -0.0108298 0.267219 150 104 0
0.656885 -0.0157555 0.267948 150 104 0
0.65661 -0.0206585 0.268825 150 104 0
0.656283 -0.0255593 0.269699 150 104 0
0.656014 -0.0304427 0.270681 150 104 0
0.654238 -0.0382054 0.272192 150 104 0
0.653482 -0.0432013 0.273616 150 104 0
0.65274 -0.0482438 0.274874 150 104 0
0.652059 -0.0533217 0.276016 150 104 0
0.651503 -0.0584432 0.277024 150 104 0
0.651025 -0.0635987 0.277887 150 104 0
0.650538 -0.068775 0.278615 150 104 0
0.650104 -0.073972 0.279211 150 104 0
0.649742 -0.0791916 0.279633 150 104 0
0.649357 -0.0844067 0.280086 150 104 0
0.649788 -0.0791045 0.279548 150 104 0
0.65009 -0.0738858 0.2792 150 104 0
0.650476 -0.0686792 0.278763 150 104 0
0.650976 -0.0634956 0.278194 150 104 0
0.65147 -0.0583423 0.277401 150 104 0
0.652387 -0.053255 0.276551 150 104 0
0.653435 -0.048228 0.275511 150 104 0
0.654518 -0.0432422 0.27432 150 104 0
0.655816 -0.032924 0.271463 150 104 0
0.656101 -0.0280613 0.270409 150 104 0
0.656073 -0.0231955 0.269338 150 104 0
0.6562 -0.0183278 0.268276 150 104 0
0.656328 -0.0134523 0.267247 150 104 0
0.656531 -0.00854782 0.266388 150 104 0
0.656634 -0.00364133 0.265524 150 104 0
0.65673 0.00126612 0.264661 150 104 0
0.656851 0.00617206 0.263791 150 104 0
0.656899 0.0110694 0.262864 150 104 0
0.656977 0.0159721 0.261974 150 104 0
0.657228 0.0208834 0.261161 150 104 0
0.657449 0.0257861 0.26029 150 104 0
0.65744 0.0306565 0.25924 150 104 0
0.6583 0.0336074 0.259078 150 104 0
0.659351 0.0383874 0.258671 150 104 0
0.660629 0.04311 0.258226 151 103 0
0.661694 0.0478356 0.25738 151 103 0
0.663458 0.0523678 0.256601 151 103 0
0.665112 0.0568324 0.255353 151 103 0
0.667041 0.061194 0.254144 151 103 0
0.666185 0.0632743 0.252912 151 103 0
0.664069 0.0667966 0.250797 151 103 0
0.661984 0.0703482 0.24873 151 103 0
0.659249 0.0735472 0.246819 151 103 0
0.65717 0.0771848 0.244855 151 103 0
0.654921 0.080722 0.242898 151 103 0
0.653044 0.0844487 0.240932 151 103 0
0.654215 0.0825908 0.241928 151 103 0
0.656847 0.0792572 0.243828 151 103 0
0.65944 0.0758983 0.245738 151 103 0
0.66194 0.0724836 0.247673 151 103 0
0.664379 0.0690885 0.249716 151 103 0
0.666941 0.0657893 0.251763 151 103 0
0.668637 0.0642859 0.252976 151 103 0
0.670099 0.0607509 0.255603 151 103 0
0.671681 0.0572623 0.258223 151 103 0
0.673598 0.0538862 0.260766 151 103 0
0.675729 0.0505973 0.26325 151 103 0
0.677643 0.0471163 0.265643 151 103 0
0.679649 0.0436985 0.268053 151 103 0
0.682473 0.0444685 0.269576 151 103 0
0.686593 0.0443049 0.27238 151 103 0
0.690747 0.0444921 0.275123 151 103 0
0.69496 0.044981 0.277748 151 103 0
0.699217 0.0457796 0.280202 151 103 0
0.696701 0.045026 0.278943 151 103 0
0.692107 0.044179 0.276146 151 103 0
0.687505 0.0430932 0.273432 151 103 0
0.682917 0.0417731 0.270813 151 103 0
0.68054 0.0417484 0.269335 151 103 0
0.67566 0.0412799 0.26671 151 103 0
0.67075 0.0411 0.264125 151 103 0
0.665826 0.0412622 0.261544 151 103 0
0.6609 0.0414698 0.258972 151 103 0
0.660478 0.033466 0.260736 151 103 0
0.66005 0.0285792 0.261645 151 103 0
0.659609 0.0236637 0.262377 151 103 0
0.659187 0.018756 0.263159 151 103 0
0.658945 0.0138471 0.26401 151 103 0
0.658535 0.00891712 0.264659 151 103 0
0.658187 0.00397641 0.265262 151 103 0
0.657818 -0.000963763 0.265856 151 103 0
0.657505 -0.00589787 0.266527 151 103 0
0.657203 -0.0108298 0.267219 151 103 0
0.656885 -0.0157555 0.267948 151 103 0
0.65661 -0.0206585 0.268825 151 103 0
0.656283 -0.0255593 0.269699 152 102 0
0.656014 -0.0304427 0.270681 152 102 0
0.654238 -0.0382054 0.272192 152 102 0
0.653482 -0.0432013 0.273616 152 102 0
0.65274 -0.0482438 0.274874 152 102 0
0.652059 -0.0533217 0.276016 152 102 0
0.651503 -0.0584432 0.277024 152 102 0
0.651025 -0.0635987 0.277887 152 102 0
0.650538 -0.068775 0.278615 152 102 0
0.650104 -0.073972 0.279211 152 102 0
0.649742 -0.0791916 0.279633 152 102 0
0.649357 -0.0844067 0.280086 152 102 0
0.649788 -0.0791045 0.279548 152 102 0
0.65009 -0.0738858 0.2792 152 102 0
0.650476 -0.0686792 0.278763 152 102 0
0.650976 -0.0634956 0.278194 152 102 0
0.65147 -0.0583423 0.277401 152 102 0
0.652387 -0.053255 0.276551 152 102 0
0.653435 -0.048228 0.275511 152 102 0
0.654518 -0.0432422 0.27432 152 102 0
0.655816 -0.032924 0.271463 152 102 0
0.656101 -0.0280613 0.270409 152 102 0
0.656073 -0.0231955 0.269338 152 102 0
0.6562 -0.0183278 0.268276 152 102 0
0.656328 -0.0134523 0.267247 152 102 0
0.656531 -0.00854782 0.266388 152 102 0
0.656634 -0.00364133 0.265524 152 102 0
0.65673 0.00126612 0.264661 152 102 0
0.656851 0.00617206 0.263791 152 102 0
0.656899 0.0110694 0.262864 152 102 0
0.656977 0.0159721 0.261974 152 102 0
0.657228 0.0208834 0.261161 152 102 0
0.657449 0.0257861 0.26029 152 102 0
0.65744 0.0306565 0.25924 152 102 0
0.6583 0.0336074 0.259078 152 102 0
0.659351 0.0383874 0.258671 152 102 0
0.660629 0.04311 0.258226 152 102 0
0.661694 0.0478356 0.25738 152 102 0
0.663458 0.0523678 0.256601 152 102 0
0.665112 0.0568324 0.255353 152 102 0
0.667041 0.061194 0.254144 152 102 0
0.666185 0.0632743 0.252912 152 102 0
0.664069 0.0667966 0.250797 152 102 0
0.661984 0.0703482 0.24873 152 102 0
0.659249 0.0735472 0.246819 152 102 0
0.65717 0.0771848 0.244855 152 102 0
0.654921 0.080722 0.242898 152 102 0
0.653044 0.0844487 0.240932 152 102 0
0.647979 0.0872416 0.24909 152 102 0
0.594926 0.0971966 0.198706 152 102 0
0.60108 0.0925958 0.192306 152 102 0
0.584202 -0.0364599 0.229139 153 101 0
0.583584 -0.0234463 0.223536 153 101 0
0.583277 -0.0186979 0.221745 153 101 0
0.582962 -0.0139161 0.220036 153 101 0
0.582727 -0.00913347 0.21832 153 101 0
0.582437 -0.00437386 0.216547 153 101 0
0.58216 0.000404775 0.214823 153 101 0
0.581807 0.00516481 0.213062 153 101 0
0.581506 0.00991459 0.211264 153 101 0
0.58134 0.0146816 0.209495 153 101 0
0.581043 0.0193997 0.207615 153 101 0
0.580939 0.0241516 0.2058 153 101 0
0.58071 0.0288313 0.203817 153 101 0
0.5806 0.0335201 0.201845 153 101 0
0.580508 0.0381988 0.199849 153 101 0
0.580344 0.0428496 0.197793 153 101 0
0.580257 0.0475023 0.195737 153 101 0
0.580264 0.052119 0.193599 153 101 0
0.580206 0.0567413 0.191477 153 101 0
0.578195 0.0561862 0.189972 153 101 0
0.573964 0.0544786 0.187501 153 101 0
0.569738 0.0528764 0.18496 153 101 0
0.56553 0.0514213 0.182296 153 101 0
0.561357 0.050158 0.179499 153 101 0
0.558947 0.0502959 0.17746 153 101 0
0.555587 0.0517952 0.174022 153 101 0
0.552192 0.0532149 0.17059 153 101 0
0.548674 0.0543361 0.167165 153 101 0
0.545237 0.055502 0.163674 153 101 0
0.541725 0.0564211 0.16019 153 101 0
0.544226 0.0561373 0.16267 153 101 0
0.547204 0.0542623 0.165984 153 101 0
0.550277 0.0525564 0.169306 153 101 0
0.55347 0.0510336 0.172604 153 101 0
0.556731 0.0496639 0.1759 153 101 0
0.558703 0.0491874 0.177757 153 101 0
0.562556 0.0487979 0.181156 153 101 0
0.566329 0.0481386 0.184581 153 101 0
0.570067 0.0472425 0.188011 153 101 0
0.5739 0.0464577 0.191366 153 101 0
0.577838 0.045918 0.194636 153 101 0
0.57603 0.0358883 0.198129 153 101 0
0.575404 0.0312308 0.199692 153 101 0
0.574765 0.02651 0.201047 153 101 0
0.574084 0.0217843 0.202366 153 101 0
0.573501 0.0170597 0.203732 153 101 0
0.572906 0.0123124 0.20501 153 101 0
0.572292 0.0075422 0.206194 153 101 0
0.571677 0.00275541 0.207307 153 101 0
0.571041 -0.00204202 0.208362 153 101 0
0.570401 -0.00683637 0.209429 153 101 0
0.569756 -0.0116269 0.21051 154 100 0
0.569117 -0.0164194 0.211586 154 100 0
0.568472 -0.0212093 0.212669 154 100 0
0.567785 -0.0259795 0.213812 154 100 0
0.566698 -0.0338289 0.215628 154 100 0
0.56619 -0.0386158 0.216472 154 100 0
0.565717 -0.0434155 0.217262 154 100 0
0.56523 -0.0482104 0.218074 154 100 0
0.564767 -0.0530156 0.218836 154 100 0
0.564305 -0.0578241 0.219578 154 100 0
0.56371 -0.0626363 0.22019 154 100 0
0.56315 -0.0674602 0.220741 154 100 0
0.56262 -0.0722936 0.221234 154 100 0
0.562047 -0.0771178 0.221765 154 100 0
0.561362 -0.0819327 0.222244 154 100 0
0.562122 -0.07713 0.222219 154 100 0
0.562812 -0.0719949 0.221478 154 100 0
0.563513 -0.0668376 0.220927 154 100 0
0.563996 -0.0616874 0.220128 154 100 0
0.564471 -0.0565356 0.219335 154 100 0
0.564906 -0.0513702 0.21861 154 100 0
0.565359 -0.0462084 0.217871 154 100 0
0.565825 -0.0410521 0.217101 154 100 0
0.567101 -0.0309478 0.21496 154 100 0
0.567779 -0.0261819 0.213819 154 100 0
0.568449 -0.0214098 0.2127 154 100 0
0.569088 -0.0166214 0.211634 154 100 0
0.569728 -0.0118354 0.210557 154 100 0
0.570372 -0.00705065 0.209477 154 100 0
0.571012 -0.00226235 0.208411 154 100 0
0.571771 0.00252699 0.207439 154 100 0
0.572591 0.00730805 0.206469 154 100 0
0.573406 0.0120752 0.205428 154 100 0
0.574246 0.0168258 0.204334 154 100 0
0.575108 0.0215591 0.203181 154 100 0
0.576007 0.0262846 0.202026 154 100 0
0.57698 0.0310056 0.200914 154 100 0
0.578207 0.0356615 0.199782 154 100 0
0.578777 0.0386632 0.198625 154 100 0
0.578812 0.0432885 0.196555 154 100 0
0.579173 0.0479785 0.194653 154 100 0
0.579122 0.0525724 0.192495 154 100 0
0.579575 0.057286 0.19068 154 100 0
0.579768 0.0619749 0.188757 154 100 0
0.580038 0.0667152 0.186978 154 100 0
0.581862 0.0695492 0.187113 154 100 0
0.585594 0.0734354 0.187963 154 100 0
0.589244 0.0774145 0.188806 154 100 0
0.592893 0.081364 0.189808 154 100 0
0.596264 0.0855736 0.190773 154 100 0
0.599449 0.0899067 0.191801 154 100 0
0.597475 0.0872125 0.191069 155 99 0
0.594267 0.084224 0.189745 155 99 0
0.59119 0.0809751 0.188704 155 99 0
0.587981 0.0778484 0.187684 155 99 0
0.584896 0.074525 0.186952 155 99 0
0.581573 0.0715388 0.18596 155 99 0
0.579564 0.0700047 0.185222 155 99 0
0.57644 0.0666997 0.184207 155 99 0
0.573286 0.0634511 0.18311 155 99 0
0.570293 0.0600154 0.182126 155 99 0
0.567173 0.0567082 0.181098 155 99 0
0.564017 0.0534405 0.180055 155 99 0
0.560713 0.0503841 0.178865 155 99 0
0.558947 0.0502959 0.17746 155 99 0
0.555493 0.0515913 0.174036 155 99 0
0.552126 0.0530764 0.170602 155 99 0
0.548608 0.0541976 0.167178 155 99 0
0.545211 0.055456 0.163682 155 99 0
0.541725 0.0564211 0.16019 155 99 0
0.544226 0.0561373 0.16267 155 99 0
0.547204 0.0542623 0.165984 155 99 0
0.550277 0.0525564 0.169306 155 99 0
0.55347 0.0510336 0.172604 155 99 0
0.556731 0.0496639 0.1759 155 99 0
0.558703 0.0491874 0.177757 155 99 0
0.562556 0.0487979 0.181156 155 99 0
0.566329 0.0481386 0.184581 155 99 0
0.570067 0.0472425 0.188011 155 99 0
0.5739 0.0464577 0.191366 155 99 0
0.577838 0.045918 0.194636 155 99 0
0.57603 0.0358883 0.198129 155 99 0
0.575404 0.0312308 0.199692 155 99 0
0.574765 0.02651 0.201047 155 99 0
0.574084 0.0217843 0.202366 155 99 0
0.573501 0.0170597 0.203732 155 99 0
0.572906 0.0123124 0.20501 155 99 0
0.572292 0.0075422 0.206194 155 99 0
0.571677 0.00275541 0.207307 155 99 0
0.571041 -0.00204202 0.208362 155 99 0
0.570401 -0.00683637 0.209429 155 99 0
0.569756 -0.0116269 0.21051 155 99 0
0.569117 -0.0164194 0.211586 155 99 0
0.568472 -0.0212093 0.212669 155 99 0
0.567785 -0.0259795 0.213812 155 99 0
0.566698 -0.0338289 0.215628 155 99 0
0.56619 -0.0386158 0.216472 155 99 0
0.565717 -0.0434155 0.217262 155 99 0
0.56523 -0.0482104 0.218074 155 99 0
0.564767 -0.0530156 0.218836 155 99 0
0.564305 -0.0578241 0.219578 155 99 0
0.56371 -0.0626363 0.22019 155 99 0
0.56315 -0.0674602 0.220741 156 98 0
0.56262 -0.0722936 0.221234 156 98 0
0.562047 -0.0771178 0.221765 156 98 0
0.561362 -0.0819327 0.222244 156 98 0
0.562122 -0.07713 0.222219 156 98 0
0.562812 -0.0719949 0.221478 156 98 0
0.563513 -0.0668376 0.220927 156 98 0
0.563996 -0.0616874 0.220128 156 98 0
0.564471 -0.0565356 0.219335 156 98 0
0.564906 -0.0513702 0.21861 156 98 0
0.565359 -0.0462084 0.217871 156 98 0
0.565825 -0.0410521 0.217101 156 98 0
0.567101 -0.0309478 0.21496 156 98 0
0.567779 -0.0261819 0.213819 156 98 0
0.568449 -0.0214098 0.2127 156 98 0
0.569088 -0.0166214 0.211634 156 98 0
0.569728 -0.0118354 0.210557 156 98 0
0.570372 -0.00705065 0.209477 156 98 0
0.571012 -0.00226235 0.208411 156 98 0
0.571771 0.00252699 0.207439 156 98 0
0.572591 0.00730805 0.206469 156 98 0
0.573406 0.0120752 0.205428 156 98 0
0.574246 0.0168258 0.204334 156 98 0
0.575108 0.0215591 0.203181 156 98 0
0.576007 0.0262846 0.202026 156 98 0
0.57698 0.0310056 0.200914 156 98 0
0.578207 0.0356615 0.199782 156 98 0
0.578777 0.0386632 0.198625 156 98 0
0.578812 0.0432885 0.196555 156 98 0
0.579173 0.0479785 0.194653 156 98 0
0.579122 0.0525724 0.192495 156 98 0
0.579575 0.057286 0.19068 156 98 0
0.579768 0.0619749 0.188757 156 98 0
0.580038 0.0667152 0.186978 156 98 0
0.581862 0.0695492 0.187113 156 98 0
0.585594 0.0734354 0.187963 156 98 0
0.589244 0.0774145 0.188806 156 98 0
0.592893 0.081364 0.189808 156 98 0
0.596264 0.0855736 0.190773 156 98 0
0.599449 0.0899067 0.191801 156 98 0
0.593365 0.0943603 0.19837 156 98 0
0.646522 0.0887085 0.248126 156 98 0
0.651672 0.0860294 0.239984 156 98 0
0.653044 0.0844487 0.240932 156 98 0
0.655645 0.0805753 0.243082 156 98 0
0.658283 0.0767185 0.245215 156 98 0
0.661082 0.072963 0.247323 156 98 0
0.66402 0.0693461 0.249484 156 98 0
0.666941 0.0657893 0.251763 156 98 0
0.668637 0.0642859 0.252976 156 98 0
0.670099 0.0607509 0.255603 156 98 0
0.671681 0.0572623 0.258223 156 98 0
0.673598 0.0538862 0.260766 157 97 0
0.675729 0.0505973 0.26325 157 97 0
0.677643 0.0471163 0.265643 157 97 0
0.679649 0.0436985 0.268053 157 97 0
0.682473 0.0444685 0.269576 157 97 0
0.686593 0.0443049 0.27238 157 97 0
0.690747 0.0444921 0.275123 157 97 0
0.69496 0.044981 0.277748 157 97 0
0.699217 0.0457796 0.280202 157 97 0
0.696701 0.045026 0.278943 157 97 0
0.692107 0.044179 0.276146 157 97 0
0.687505 0.0430932 0.273432 157 97 0
0.682917 0.0417731 0.270813 157 97 0
0.68054 0.0417484 0.269335 157 97 0
0.67566 0.0412799 0.26671 157 97 0
0.67075 0.0411 0.264125 157 97 0
0.665826 0.0412622 0.261544 157 97 0
0.6609 0.0414698 0.258972 157 97 0
0.660478 0.033466 0.260736 157 97 0
0.66005 0.0285792 0.261645 157 97 0
0.659609 0.0236637 0.262377 157 97 0
0.659187 0.018756 0.263159 157 97 0
0.658945 0.0138471 0.26401 157 97 0
0.658535 0.00891712 0.264659 157 97 0
0.658187 0.00397641 0.265262 157 97 0
0.657818 -0.000963763 0.265856 157 97 0
0.657505 -0.00589787 0.266527 157 97 0
0.657203 -0.0108298 0.267219 157 97 0
0.656885 -0.0157555 0.267948 157 97 0
0.65661 -0.0206585 0.268825 157 97 0
0.656283 -0.0255593 0.269699 157 97 0
0.656014 -0.0304427 0.270681 157 97 0
0.654238 -0.0382054 0.272192 157 97 0
0.653482 -0.0432013 0.273616 157 97 0
0.65274 -0.0482438 0.274874 157 97 0
0.652059 -0.0533217 0.276016 157 97 0
0.651503 -0.0584432 0.277024 157 97 0
0.651025 -0.0635987 0.277887 157 97 0
0.650538 -0.068775 0.278615 157 97 0
0.650104 -0.073972 0.279211 157 97 0
0.649742 -0.0791916 0.279633 157 97 0
0.649357 -0.0844067 0.280086 157 97 0
0.649788 -0.0791045 0.279548 157 97 0
0.65009 -0.0738858 0.2792 157 97 0
0.650476 -0.0686792 0.278763 157 97 0
0.650976 -0.0634956 0.278194 157 97 0
0.65147 -0.0583423 0.277401 157 97 0
0.652387 -0.053255 0.276551 157 97 0
0.653435 -0.048228 0.275511 157 97 0
0.654518 -0.0432422 0.27432 157 97 0
0.655816 -0.032924 0.271463 157 97 0
0.656101 -0.0280613 0.270409 158 96 0
0.656073 -0.0231955 0.269338 158 96 0
0.6562 -0.0183278 0.268276 158 96 0
0.656328 -0.0134523 0.267247 158 96 0
0.656531 -0.00854782 0.266388 158 96 0
0.656634 -0.00364133 0.265524 158 96 0
0.65673 0.00126612 0.264661 158 96 0
0.656851 0.00617206 0.263791 158 96 0
0.656899 0.0110694 0.262864 158 96 0
0.656977 0.0159721 0.261974 158 96 0
0.657228 0.0208834 0.261161 158 96 0
0.657449 0.0257861 0.26029 158 96 0
0.65744 0.0306565 0.25924 158 96 0
0.6583 0.0336074 0.259078 158 96 0
0.659351 0.0383874 0.258671 158 96 0
0.660629 0.04311 0.258226 158 96 0
0.661694 0.0478356 0.25738 158 96 0
0.663458 0.0523678 0.256601 158 96 0
0.665112 0.0568324 0.255353 158 96 0
0.667041 0.061194 0.254144 158 96 0
0.666185 0.0632743 0.252912 158 96 0
0.664069 0.0667966 0.250797 158 96 0
0.661984 0.0703482 0.24873 158 96 0
0.659249 0.0735472 0.246819 158 96 0
0.65717 0.0771848 0.244855 158 96 0
0.654921 0.080722 0.242898 158 96 0
0.653044 0.0844487 0.240932 158 96 0
0.654215 0.0825908 0.241928 158 96 0
0.656847 0.0792572 0.243828 158 96 0
0.65944 0.0758983 0.245738 158 96 0
0.66194 0.0724836 0.247673 158 96 0
0.664379 0.0690885 0.249716 158 96 0
0.666941 0.0657893 0.251763 158 96 0
0.668637 0.0642859 0.252976 158 96 0
0.670099 0.0607509 0.255603 158 96 0
0.671681 0.0572623 0.258223 158 96 0
0.673598 0.0538862 0.260766 158 96 0
0.675729 0.0505973 0.26325 158 96 0
0.677643 0.0471163 0.265643 158 96 0
0.679649 0.0436985 0.268053 158 96 0
0.682473 0.0444685 0.269576 158 96 0
0.686593 0.0443049 0.27238 158 96 0
0.690747 0.0444921 0.275123 158 96 0
0.69496 0.044981 0.277748 158 96 0
0.699217 0.0457796 0.280202 158 96 0
0.696701 0.045026 0.278943 158 96 0
0.692107 0.044179 0.276146 158 96 0
0.687505 0.0430932 0.273432 158 96 0
0.682917 0.0417731 0.270813 158 96 0
0.68054 0.0417484 0.269335 158 96 0
0.67566 0.0412799 0.26671 158 96 0
0.67075 0.0411 0.264125 159 95 0
0.665826 0.0412622 0.261544 159 95 0
0.6609 0.0414698 0.258972 159 95 0
0.660478 0.033466 0.260736 159 95 0
0.66005 0.0285792 0.261645 159 95 0
0.659609 0.0236637 0.262377 159 95 0
0.659187 0.018756 0.263159 159 95 0
0.658945 0.0138471 0.26401 159 95 0
0.658535 0.00891712 0.264659 159 95 0
0.658187 0.00397641 0.265262 159 95 0
0.657818 -0.000963763 0.265856 159 95 0
0.657505 -0.00589787 0.266527 159 95 0
0.657203 -0.0108298 0.267219 159 95 0
0.656885 -0.0157555 0.267948 159 95 0
0.65661 -0.0206585 0.268825 159 95 0
0.656283 -0.0255593 0.269699 159 95 0
0.656014 -0.0304427 0.270681 159 95 0
0.654238 -0.0382054 0.272192 159 95 0
0.653482 -0.0432013 0.273616 159 95 0
0.65274 -0.0482438 0.274874 159 95 0
0.652059 -0.0533217 0.276016 159 95 0
0.651503 -0.0584432 0.277024 159 95 0
0.651025 -0.0635987 0.277887 159 95 0
0.650538 -0.068775 0.278615 159 95 0
0.650104 -0.073972 0.279211 159 95 0
0.649742 -0.0791916 0.279633 159 95 0
0.649357 -0.0844067 0.280086 159 95 0
0.649788 -0.0791045 0.279548 159 95 0
0.65009 -0.0738858 0.2792 159 95 0
0.650476 -0.0686792 0.278763 159 95 0
0.650976 -0.0634956 0.278194 159 95 0
0.65147 -0.0583423 0.277401 159 95 0
0.652387 -0.053255 0.276551 159 95 0
0.653435 -0.048228 0.275511 159 95 0
0.654518 -0.0432422 0.27432 159 95 0
0.655816 -0.032924 0.271463 159 95 0
0.656101 -0.0280613 0.270409 159 95 0
0.656073 -0.0231955 0.269338 159 95 0
0.6562 -0.0183278 0.268276 159 95 0
0.656328 -0.0134523 0.267247 159 95 0
0.656531 -0.00854782 0.266388 159 95 0
0.656634 -0.00364133 0.265524 159 95 0
0.65673 0.00126612 0.264661 159 95 0
0.656851 0.00617206 0.263791 159 95 0
0.656899 0.0110694 0.262864 159 95 0
0.656977 0.0159721 0.261974 159 95 0
0.657228 0.0208834 0.261161 159 95 0
0.657449 0.0257861 0.26029 159 95 0
0.65744 0.0306565 0.25924 159 95 0
0.6583 0.0336074 0.259078 159 95 0
0.659351 0.0383874 0.258671 159 95 0
0.660629 0.04311 0.258226 160 94 0
0.661694 0.0478356 0.25738 160 94 0
0.663458 0.0523678 0.256601 160 94 0
0.665112 0.0568324 0.255353 160 94 0
0.667041 0.061194 0.254144 160 94 0
0.666185 0.0632743 0.252912 160 94 0
0.664069 0.0667966 0.250797 160 94 0
0.661984 0.0703482 0.24873 160 94 0
0.659249 0.0735472 0.246819 160 94 0
0.65717 0.0771848 0.244855 160 94 0
0.654921 0.080722 0.242898 160 94 0
0.653044 0.0844487 0.240932 160 94 0
0.647979 0.0872416 0.24909 160 94 0
0.594926 0.0971966 0.198706 160 94 0
0.60108 0.0925958 0.192306 160 94 0
0.584202 -0.0364599 0.229139 160 94 0
0.583584 -0.0234463 0.223536 160 94 0
0.583277 -0.0186979 0.221745 160 94 0
0.582962 -0.0139161 0.220036 160 94 0
0.582727 -0.00913347 0.21832 160 94 0
0.582437 -0.00437386 0.216547 160 94 0
0.58216 0.000404775 0.214823 160 94 0
0.581807 0.00516481 0.213062 160 94 0
0.581506 0.00991459 0.211264 160 94 0
0.58134 0.0146816 0.209495 160 94 0
0.581043 0.0193997 0.207615 160 94 0
0.580939 0.0241516 0.2058 160 94 0
0.58071 0.0288313 0.203817 160 94 0
0.5806 0.0335201 0.201845 160 94 0
0.580508 0.0381988 0.199849 160 94 0
0.580344 0.0428496 0.197793 160 94 0
0.580257 0.0475023 0.195737 160 94 0
0.580264 0.052119 0.193599 160 94 0
0.580206 0.0567413 0.191477 160 94 0
0.578195 0.0561862 0.189972 160 94 0
0.573964 0.0544786 0.187501 160 94 0
0.569738 0.0528764 0.18496 160 94 0
0.56553 0.0514213 0.182296 160 94 0
0.561357 0.050158 0.179499 160 94 0
0.558947 0.0502959 0.17746 160 94 0
0.555587 0.0517952 0.174022 160 94 0
0.552192 0.0532149 0.17059 160 94 0
0.548674 0.0543361 0.167165 160 94 0
0.545237 0.055502 0.163674 160 94 0
0.541725 0.0564211 0.16019 160 94 0
0.544226 0.0561373 0.16267 160 94 0
0.547204 0.0542623 0.165984 160 94 0
0.550277 0.0525564 0.169306 160 94 0
0.55347 0.0510336 0.172604 160 94 0
0.556731 0.0496639 0.1759 160 94 0
0.558703 0.0491874 0.177757 160 94 0
0.562556 0.0487979 0.181156 161 93 0
0.566329 0.0481386 0.184581 161 93 0
0.570067 0.0472425 0.188011 161 93 0
0.5739 0.0464577 0.191366 161 93 0
0.577838 0.045918 0.194636 161 93 0
0.57603 0.0358883 0.198129 161 93 0
0.575404 0.0312308 0.199692 161 93 0
0.574765 0.02651 0.201047 161 93 0
0.574084 0.0217843 0.202366 161 93 0
0.573501 0.0170597 0.203732 161 93 0
0.572906 0.0123124 0.20501 161 93 0
0.572292 0.0075422 0.206194 161 93 0
0.571677 0.00275541 0.207307 161 93 0
0.571041 -0.00204202 0.208362 161 93 0
0.570401 -0.00683637 0.209429 161 93 0
0.569756 -0.0116269 0.21051 161 93 0
0.569117 -0.0164194 0.211586 161 93 0
0.568472 -0.0212093 0.212669 161 93 0
0.567785 -0.0259795 0.213812 161 93 0
0.566698 -0.0338289 0.215628 161 93 0
0.56619 -0.0386158 0.216472 161 93 0
0.565717 -0.0434155 0.217262 161 93 0
0.56523 -0.0482104 0.218074 161 93 0
0.564767 -0.0530156 0.218836 161 93 0
0.564305 -0.0578241 0.219578 161 93 0
0.56371 -0.0626363 0.22019 161 93 0
0.56315 -0.0674602 0.220741 161 93 0
0.56262 -0.0722936 0.221234 161 93 0
0.562047 -0.0771178 0.221765 161 93 0
0.561362 -0.0819327 0.222244 161 93 0
0.562122 -0.07713 0.222219 161 93 0
0.562812 -0.0719949 0.221478 161 93 0
0.563513 -0.0668376 0.220927 161 93 0
0.563996 -0.0616874 0.220128 161 93 0
0.564471 -0.0565356 0.219335 161 93 0
0.564906 -0.0513702 0.21861 161 93 0
0.565359 -0.0462084 0.217871 161 93 0
0.565825 -0.0410521 0.217101 161 93 0
0.567101 -0.0309478 0.21496 161 93 0
0.567779 -0.0261819 0.213819 161 93 0
0.568449 -0.0214098 0.2127 161 93 0
0.569088 -0.0166214 0.211634 161 93 0
0.569728 -0.0118354 0.210557 161 93 0
0.570372 -0.00705065 0.209477 161 93 0
0.571012 -0.00226235 0.208411 161 93 0
0.571771 0.00252699 0.207439 161 93 0
0.572591 0.00730805 0.206469 161 93 0
0.573406 0.0120752 0.205428 161 93 0
0.574246 0.0168258 0.204334 161 93 0
0.575108 0.0215591 0.203181 161 93 0
0.576007 0.0262846 0.202026 161 93 0
0.57698 0.0310056 0.200914 161 93 0
0.578207 0.0356615 0.199782 162 92 0
0.578777 0.0386632 0.198625 162 92 0
0.578812 0.0432885 0.196555 162 92 0
0.579173 0.0479785 0.194653 162 92 0
0.579122 0.0525724 0.192495 162 92 0
0.579575 0.057286 0.19068 162 92 0
0.579768 0.0619749 0.188757 162 92 0
0.580038 0.0667152 0.186978 162 92 0
0.581862 0.0695492 0.187113 162 92 0
0.585594 0.0734354 0.187963 162 92 0
0.589244 0.0774145 0.188806 162 92 0
0.592893 0.081364 0.189808 162 92 0
0.596264 0.0855736 0.190773 162 92 0
0.599449 0.0899067 0.191801 162 92 0
0.597475 0.0872125 0.191069 162 92 0
0.594267 0.084224 0.189745 162 92 0
0.59119 0.0809751 0.188704 162 92 0
0.587981 0.0778484 0.187684 162 92 0
0.584896 0.074525 0.186952 162 92 0
0.581573 0.0715388 0.18596 162 92 0
0.579564 0.0700047 0.185222 162 92 0
0.57644 0.0666997 0.184207 162 92 0
0.573286 0.0634511 0.18311 162 92 0
0.570293 0.0600154 0.182126 162 92 0
0.567173 0.0567082 0.181098 162 92 0
0.564017 0.0534405 0.180055 162 92 0
0.560713 0.0503841 0.178865 162 92 0
0.558947 0.0502959 0.17746 162 92 0
0.555493 0.0515913 0.174036 162 92 0
0.552126 0.0530764 0.170602 162 92 0
0.548608 0.0541976 0.167178 162 92 0
0.545211 0.055456 0.163682 162 92 0
0.541725 0.0564211 0.16019 162 92 0
0.544226 0.0561373 0.16267 162 92 0
0.547204 0.0542623 0.165984 162 92 0
0.550277 0.0525564 0.169306 162 92 0
0.55347 0.0510336 0.172604 162 92 0
0.556731 0.0496639 0.1759 162 92 0
0.558703 0.0491874 0.177757 162 92 0
0.562556 0.0487979 0.181156 162 92 0
0.566329 0.0481386 0.184581 162 92 0
0.570067 0.0472425 0.188011 162 92 0
0.5739 0.0464577 0.191366 162 92 0
0.577838 0.045918 0.194636 162 92 0
0.57603 0.0358883 0.198129 162 92 0
0.575404 0.0312308 0.199692 162 92 0
0.574765 0.02651 0.201047 162 92 0
0.574084 0.0217843 0.202366 162 92 0
0.573501 0.0170597 0.203732 162 92 0
0.572906 0.0123124 0.20501 162 92 0
0.572292 0.0075422 0.206194 162 92 0
0.571677 0.00275541 0.207307 163 91 0
0.571041 -0.00204202 0.208362 163 91 0
0.570401 -0.00683637 0.209429 163 91 0
0.569756 -0.0116269 0.21051 163 91 0
0.569117 -0.0164194 0.211586 163 91 0
0.568472 -0.0212093 0.212669 163 91 0
0.567785 -0.0259795 0.213812 163 91 0
0.566698 -0.0338289 0.215628 163 91 0
0.56619 -0.0386158 0.216472 163 91 0
0.565717 -0.0434155 0.217262 163 91 0
0.56523 -0.0482104 0.218074 163 91 0
0.564767 -0.0530156 0.218836 163 91 0
0.564305 -0.0578241 0.219578 163 91 0
0.56371 -0.0626363 0.22019 163 91 0
0.56315 -0.0674602 0.220741 163 91 0
0.56262 -0.0722936 0.221234 163 91 0
0.562047 -0.0771178 0.221765 163 91 0
0.561362 -0.0819327 0.222244 163 91 0
0.562122 -0.07713 0.222219 163 91 0
0.562812 -0.0719949 0.221478 163 91 0
0.563513 -0.0668376 0.220927 163 91 0
0.563996 -0.0616874 0.220128 163 91 0
0.564471 -0.0565356 0.219335 163 91 0
0.564906 -0.0513702 0.21861 163 91 0
0.565359 -0.0462084 0.217871 163 91 0
0.565825 -0.0410521 0.217101 163 91 0
0.567101 -0.0309478 0.21496 163 91 0
0.567779 -0.0261819 0.213819 163 91 0
0.568449 -0.0214098 0.2127 163 91 0
0.569088 -0.0166214 0.211634 163 91 0
0.569728 -0.0118354 0.210557 163 91 0
0.570372 -0.00705065 0.209477 163 91 0
0.571012 -0.00226235 0.208411 163 91 0
0.571771 0.00252699 0.207439 163 91 0
0.572591 0.00730805 0.206469 163 91 0
0.573406 0.0120752 0.205428 163 91 0
0.574246 0.0168258 0.204334 163 91 0
0.575108 0.0215591 0.203181 163 91 0
0.576007 0.0262846 0.202026 163 91 0
0.57698 0.0310056 0.200914 163 91 0
0.578207 0.0356615 0.199782 163 91 0
0.578777 0.0386632 0.198625 163 91 0
0.578812 0.0432885 0.196555 163 91 0
0.579173 0.0479785 0.194653 163 91 0
0.579122 0.0525724 0.192495 163 91 0
0.579575 0.057286 0.19068 163 91 0
0.579768 0.0619749 0.188757 163 91 0
0.580038 0.0667152 0.186978 163 91 0
0.581862 0.0695492 0.187113 163 91 0
0.585594 0.0734354 0.187963 163 91 0
0.589244 0.0774145 0.188806 163 91 0
0.592893 0.081364 0.189808 164 90 0
0.596264 0.0855736 0.190773 164 90 0
0.599449 0.0899067 0.191801 164 90 0
0.593365 0.0943603 0.19837 164 90 0
0.646522 0.0887085 0.248126 164 90 0
0.651672 0.0860294 0.239984 164 90 0
0.653044 0.0844487 0.240932 164 90 0
0.655645 0.0805753 0.243082 164 90 0
0.658283 0.0767185 0.245215 164 90 0
0.661082 0.072963 0.247323 164 90 0
0.66402 0.0693461 0.249484 164 90 0
0.666941 0.0657893 0.251763 164 90 0
0.668637 0.0642859 0.252976 164 90 0
0.670099 0.0607509 0.255603 164 90 0
0.671681 0.0572623 0.258223 164 90 0
0.673598 0.0538862 0.260766 164 90 0
0.675729 0.0505973 0.26325 164 90 0
0.677643 0.0471163 0.265643 164 90 0
0.679649 0.0436985 0.268053 164 90 0
0.682473 0.0444685 0.269576 164 90 0
0.686593 0.0443049 0.27238 164 90 0
0.690747 0.0444921 0.275123 164 90 0
0.69496 0.044981 0.277748 164 90 0
0.699217 0.0457796 0.280202 164 90 0
0.696701 0.045026 0.278943 164 90 0
0.692107 0.044179 0.276146 164 90 0
0.687505 0.0430932 0.273432 164 90 0
0.682917 0.0417731 0.270813 164 90 0
0.68054 0.0417484 0.269335 164 90 0
0.67566 0.0412799 0.26671 164 90 0
0.67075 0.0411 0.264125 164 90 0
0.665826 0.0412622 0.261544 164 90 0
0.6609 0.0414698 0.258972 164 90 0
0.660478 0.033466 0.260736 164 90 0
0.66005 0.0285792 0.261645 164 90 0
0.659609 0.0236637 0.262377 164 90 0
0.659187 0.018756 0.263159 164 90 0
0.658945 0.0138471 0.26401 164 90 0
0.658535 0.00891712 0.264659 164 90 0
0.658187 0.00397641 0.265262 164 90 0
0.657818 -0.000963763 0.265856 164 90 0
0.657505 -0.00589787 0.266527 164 90 0
0.657203 -0.0108298 0.267219 164 90 0
0.656885 -0.0157555 0.267948 164 90 0
0.65661 -0.0206585 0.268825 164 90 0
0.656283 -0.0255593 0.269699 164 90 0
0.656014 -0.0304427 0.270681 164 90 0
0.654238 -0.0382054 0.272192 164 90 0
0.653482 -0.0432013 0.273616 164 90 0
0.65274 -0.0482438 0.274874 164 90 0
0.652059 -0.0533217 0.276016 164 90 0
0.651503 -0.0584432 0.277024 165 89 0
0.651025 -0.0635987 0.277887 165 89 0
0.650538 -0.068775 0.278615 165 89 0
0.650104 -0.073972 0.279211 165 89 0
0.649742 -0.0791916 0.279633 165 89 0
0.649357 -0.0844067 0.280086 165 89 0
0.649788 -0.0791045 0.279548 165 89 0
0.65009 -0.0738858 0.2792 165 89 0
0.650476 -0.0686792 0.278763 165 89 0
0.650976 -0.0634956 0.278194 165 89 0
0.65147 -0.0583423 0.277401 165 89 0
0.652387 -0.053255 0.276551 165 89 0
0.653435 -0.048228 0.275511 165 89 0
0.654518 -0.0432422 0.27432 165 89 0
0.655816 -0.032924 0.271463 165 89 0
0.656101 -0.0280613 0.270409 165 89 0
0.656073 -0.0231955 0.269338 165 89 0
0.6562 -0.0183278 0.268276 165 89 0
0.656328 -0.0134523 0.267247 165 89 0
0.656531 -0.00854782 0.266388 165 89 0
0.656634 -0.00364133 0.265524 165 89 0
0.65673 0.00126612 0.264661 165 89 0
0.656851 0.00617206 0.263791 165 89 0
0.656899 0.0110694 0.262864 165 89 0
0.656977 0.0159721 0.261974 165 89 0
0.657228 0.0208834 0.261161 165 89 0
0.657449 0.0257861 0.26029 165 89 0
0.65744 0.0306565 0.25924 165 89 0
0.6583 0.0336074 0.259078 165 89 0
0.659351 0.0383874 0.258671 165 89 0
0.660629 0.04311 0.258226 165 89 0
0.661694 0.0478356 0.25738 165 89 0
0.663458 0.0523678 0.256601 165 89 0
0.665112 0.0568324 0.255353 165 89 0
0.667041 0.061194 0.254144 165 89 0
0.666185 0.0632743 0.252912 165 89 0
0.664069 0.0667966 0.250797 165 89 0
0.661984 0.0703482 0.24873 165 89 0
0.659249 0.0735472 0.246819 165 89 0
0.65717 0.0771848 0.244855 165 89 0
0.654921 0.080722 0.242898 165 89 0
0.653044 0.0844487 0.240932 165 89 0
0.654215 0.0825908 0.241928 165 89 0
0.656847 0.0792572 0.243828 165 89 0
0.65944 0.0758983 0.245738 165 89 0
0.66194 0.0724836 0.247673 165 89 0
0.664379 0.0690885 0.249716 165 89 0
0.666941 0.0657893 0.251763 165 89 0
0.668637 0.0642859 0.252976 165 89 0
0.670099 0.0607509 0.255603 165 89 0
0.671681 0.0572623 0.258223 165 89 0
0.673598 0.0538862 0.260766 166 88 0
0.675729 0.0505973 0.26325 166 88 0
0.677643 0.0471163 0.265643 166 88 0
0.679649 0.0436985 0.268053 166 88 0
0.682473 0.0444685 0.269576 166 88 0
0.686593 0.0443049 0.27238 166 88 0
0.690747 0.0444921 0.275123 166 88 0
0.69496 0.044981 0.277748 166 88 0
0.699217 0.0457796 0.280202 166 88 0
0.696701 0.045026 0.278943 166 88 0
0.692107 0.044179 0.276146 166 88 0
0.687505 0.0430932 0.273432 166 88 0
0.682917 0.0417731 0.270813 166 88 0
0.68054 0.0417484 0.269335 166 88 0
0.67566 0.0412799 0.26671 166 88 0
0.67075 0.0411 0.264125 166 88 0
0.665826 0.0412622 0.261544 166 88 0
0.6609 0.0414698 0.258972 166 88 0
0.660478 0.033466 0.260736 166 88 0
0.66005 0.0285792 0.261645 166 88 0
0.659609 0.0236637 0.262377 166 88 0
0.659187 0.018756 0.263159 166 88 0
0.658945 0.0138471 0.26401 166 88 0
0.658535 0.00891712 0.264659 166 88 0
0.658187 0.00397641 0.265262 166 88 0
0.657818 -0.000963763 0.265856 166 88 0
0.657505 -0.00589787 0.266527 166 88 0
0.657203 -0.0108298 0.267219 166 88 0
0.656885 -0.0157555 0.267948 166 88 0
0.65661 -0.0206585 0.268825 166 88 0
0.656283 -0.0255593 0.269699 166 88 0
0.656014 -0.0304427 0.270681 166 88 0
0.654238 -0.0382054 0.272192 166 88 0
0.653482 -0.0432013 0.273616 166 88 0
0.65274 -0.0482438 0.274874 166 88 0
0.652059 -0.0533217 0.276016 166 88 0
0.651503 -0.0584432 0.277024 166 88 0
0.651025 -0.0635987 0.277887 166 88 0
0.650538 -0.068775 0.278615 166 88 0
0.650104 -0.073972 0.279211 166 88 0
0.649742 -0.0791916 0.279633 166 88 0
0.649357 -0.0844067 0.280086 166 88 0
0.649788 -0.0791045 0.279548 166 88 0
0.65009 -0.0738858 0.2792 166 88 0
0.650476 -0.0686792 0.278763 166 88 0
0.650976 -0.0634956 0.278194 166 88 0
0.65147 -0.0583423 0.277401 166 88 0
0.652387 -0.053255 0.276551 166 88 0
0.653435 -0.048228 0.275511 166 88 0
0.654518 -0.0432422 0.27432 166 88 0
0.655816 -0.032924 0.271463 166 88 0
0.656101 -0.0280613 0.270409 166 88 0
0.656073 -0.0231955 0.269338 167 87 0
0.6562 -0.0183278 0.268276 167 87 0
0.656328 -0.0134523 0.267247 167 87 0
0.656531 -0.00854782 0.266388 167 87 0
0.656634 -0.00364133 0.265524 167 87 0
0.65673 0.00126612 0.264661 167 87 0
0.656851 0.00617206 0.263791 167 87 0
0.656899 0.0110694 0.262864 167 87 0
0.656977 0.0159721 0.261974 167 87 0
0.657228 0.0208834 0.261161 167 87 0
0.657449 0.0257861 0.26029 167 87 0
0.65744 0.0306565 0.25924 167 87 0
0.6583 0.0336074 0.259078 167 87 0
0.659351 0.0383874 0.258671 167 87 0
0.660629 0.04311 0.258226 167 87 0
0.661694 0.0478356 0.25738 167 87 0
0.663458 0.0523678 0.256601 167 87 0
0.665112 0.0568324 0.255353 167 87 0
0.667041 0.061194 0.254144 167 87 0
0.666185 0.0632743 0.252912 167 87 0
0.664069 0.0667966 0.250797 167 87 0
0.661984 0.0703482 0.24873 167 87 0
0.659249 0.0735472 0.246819 167 87 0
0.65717 0.0771848 0.244855 167 87 0
0.654921 0.080722 0.242898 167 87 0
0.653044 0.0844487 0.240932 167 87 0
0.647979 0.0872416 0.24909 167 87 0
0.594926 0.0971966 0.198706 167 87 0
0.60108 0.0925958 0.192306 167 87 0
0.584202 -0.0364599 0.229139 167 87 0
0.583584 -0.0234463 0.223536 167 87 0
0.583277 -0.0186979 0.221745 167 87 0
0.582962 -0.0139161 0.220036 167 87 0
0.582727 -0.00913347 0.21832 167 87 0
0.582437 -0.00437386 0.216547 167 87 0
0.58216 0.000404775 0.214823 167 87 0
0.581807 0.00516481 0.213062 167 87 0
0.581506 0.00991459 0.211264 167 87 0
0.58134 0.0146816 0.209495 167 87 0
0.581043 0.0193997 0.207615 167 87 0
0.580939 0.0241516 0.2058 167 87 0
0.58071 0.0288313 0.203817 167 87 0
0.5806 0.0335201 0.201845 167 87 0
0.580508 0.0381988 0.199849 167 87 0
0.580344 0.0428496 0.197793 167 87 0
0.580257 0.0475023 0.195737 167 87 0
0.580264 0.052119 0.193599 167 87 0
0.580206 0.0567413 0.191477 167 87 0
0.578195 0.0561862 0.189972 167 87 0
0.573964 0.0544786 0.187501 167 87 0
0.569738 0.0528764 0.18496 167 87 0
0.56553 0.0514213 0.182296 168 86 0
0.561357 0.050158 0.179499 168 86 0
0.558947 0.0502959 0.17746 168 86 0
0.555587 0.0517952 0.174022 168 86 0
0.552192 0.0532149 0.17059 168 86 0
0.548674 0.0543361 0.167165 168 86 0
0.545237 0.055502 0.163674 168 86 0
0.541725 0.0564211 0.16019 168 86 0
0.544226 0.0561373 0.16267 168 86 0
0.547204 0.0542623 0.165984 168 86 0
0.550277 0.0525564 0.169306 168 86 0
0.55347 0.0510336 0.172604 168 86 0
0.556731 0.0496639 0.1759 168 86 0
0.558703 0.0491874 0.177757 168 86 0
0.562556 0.0487979 0.181156 168 86 0
0.566329 0.0481386 0.184581 168 86 0
0.570067 0.0472425 0.188011 168 86 0
0.5739 0.0464577 0.191366 168 86 0
0.577838 0.045918 0.194636 168 86 0
0.57603 0.0358883 0.198129 168 86 0
0.575404 0.0312308 0.199692 168 86 0
0.574765 0.02651 0.201047 168 86 0
0.574084 0.0217843 0.202366 168 86 0
0.573501 0.0170597 0.203732 168 86 0
0.572906 0.0123124 0.20501 168 86 0
0.572292 0.0075422 0.206194 168 86 0
0.571677 0.00275541 0.207307 168 86 0
0.571041 -0.00204202 0.208362 168 86 0
0.570401 -0.00683637 0.209429 168 86 0
0.569756 -0.0116269 0.21051 168 86 0
0.569117 -0.0164194 0.211586 168 86 0
0.568472 -0.0212093 0.212669 168 86 0
0.567785 -0.0259795 0.213812 168 86 0
0.566698 -0.0338289 0.215628 168 86 0
0.56619 -0.0386158 0.216472 168 86 0
0.565717 -0.0434155 0.217262 168 86 0
0.56523 -0.0482104 0.218074 168 86 0
0.564767 -0.0530156 0.218836 168 86 0
0.564305 -0.0578241 0.219578 168 86 0
0.56371 -0.0626363 0.22019 168 86 0
0.56315 -0.0674602 0.220741 168 86 0
0.56262 -0.0722936 0.221234 168 86 0
0.562047 -0.0771178 0.221765 168 86 0
0.561362 -0.0819327 0.222244 168 86 0
0.562122 -0.07713 0.222219 168 86 0
0.562812 -0.0719949 0.221478 168 86 0
0.563513 -0.0668376 0.220927 168 86 0
0.563996 -0.0616874 0.220128 168 86 0
0.564471 -0.0565356 0.219335 168 86 0
0.564906 -0.0513702 0.21861 168 86 0
0.565359 -0.0462084 0.217871 168 86 0
0.565825 -0.0410521 0.217101 169 85 0
0.567101 -0.0309478 0.21496 169 85 0
0.567779 -0.0261819 0.213819 169 85 0
0.568449 -0.0214098 0.2127 169 85 0
0.569088 -0.0166214 0.211634 169 85 0
0.569728 -0.0118354 0.210557 169 85 0
0.570372 -0.00705065 0.209477 169 85 0
0.571012 -0.00226235 0.208411 169 85 0
0.571771 0.00252699 0.207439 169 85 0
0.572591 0.00730805 0.206469 169 85 0
0.573406 0.0120752 0.205428 169 85 0
0.574246 0.0168258 0.204334 169 85 0
0.575108 0.0215591 0.203181 169 85 0
0.576007 0.0262846 0.202026 169 85 0
0.57698 0.0310056 0.200914 169 85 0
0.578207 0.0356615 0.199782 169 85 0
0.578777 0.0386632 0.198625 169 85 0
0.578812 0.0432885 0.196555 169 85 0
0.579173 0.0479785 0.194653 169 85 0
0.579122 0.0525724 0.192495 169 85 0
0.579575 0.057286 0.19068 169 85 0
0.579768 0.0619749 0.188757 169 85 0
0.580038 0.0667152 0.186978 169 85 0
0.581862 0.0695492 0.187113 169 85 0
0.585594 0.0734354 0.187963 169 85 0
0.589244 0.0774145 0.188806 169 85 0
0.592893 0.081364 0.189808 169 85 0
0.596264 0.0855736 0.190773 169 85 0
0.599449 0.0899067 0.191801 169 85 0
0.597475 0.0872125 0.191069 169 85 0
0.594267 0.084224 0.189745 169 85 0
0.59119 0.0809751 0.188704 169 85 0
0.587981 0.0778484 0.187684 169 85 0
0.584896 0.074525 0.186952 169 85 0
0.581573 0.0715388 0.18596 169 85 0
0.579564 0.0700047 0.185222 169 85 0
0.57644 0.0666997 0.184207 169 85 0
0.573286 0.0634511 0.18311 169 85 0
0.570293 0.0600154 0.182126 169 85 0
0.567173 0.0567082 0.181098 169 85 0
0.564017 0.0534405 0.180055 169 85 0
0.560713 0.0503841 0.178865 169 85 0
0.558947 0.0502959 0.17746 169 85 0
0.555493 0.0515913 0.174036 169 85 0
0.552126 0.0530764 0.170602 169 85 0
0.548608 0.0541976 0.167178 169 85 0
0.545211 0.055456 0.163682 169 85 0
0.541725 0.0564211 0.16019 169 85 0
0.544226 0.0561373 0.16267 169 85 0
0.547204 0.0542623 0.165984 169 85 0
0.550277 0.0525564 0.169306 169 85 0
0.55347 0.0510336 0.172604 170 84 0
0.556731 0.0496639 0.1759 170 84 0
0.558703 0.0491874 0.177757 170 84 0
0.562556 0.0487979 0.181156 170 84 0
0.566329 0.0481386 0.184581 170 84 0
0.570067 0.0472425 0.188011 170 84 0
0.5739 0.0464577 0.191366 170 84 0
0.577838 0.045918 0.194636 170 84 0
0.57603 0.0358883 0.198129 170 84 0
0.575404 0.0312308 0.199692 170 84 0
0.574765 0.02651 0.201047 170 84 0
0.574084 0.0217843 0.202366 170 84 0
0.573501 0.0170597 0.203732 170 84 0
0.572906 0.0123124 0.20501 170 84 0
0.572292 0.0075422 0.206194 170 84 0
0.571677 0.00275541 0.207307 170 84 0
0.571041 -0.00204202 0.208362 170 84 0
0.570401 -0.00683637 0.209429 170 84 0
0.569756 -0.0116269 0.21051 170 84 0
0.569117 -0.0164194 0.211586 170 84 0
0.568472 -0.0212093 0.212669 170 84 0
0.567785 -0.0259795 0.213812 170 84 0
0.566698 -0.0338289 0.215628 170 84 0
0.56619 -0.0386158 0.216472 170 84 0
0.565717 -0.0434155 0.217262 170 84 0
0.56523 -0.0482104 0.218074 170 84 0
0.564767 -0.0530156 0.218836 170 84 0
0.564305 -0.0578241 0.219578 170 84 0
0.56371 -0.0626363 0.22019 170 84 0
0.56315 -0.0674602 0.220741 170 84 0
0.56262 -0.0722936 0.221234 170 84 0
0.562047 -0.0771178 0.221765 170 84 0
0.561362 -0.0819327 0.222244 170 84 0
0.562122 -0.07713 0.222219 170 84 0
0.562812 -0.0719949 0.221478 170 84 0
0.563513 -0.0668376 0.220927 170 84 0
0.563996 -0.0616874 0.220128 170 84 0
0.564471 -0.0565356 0.219335 170 84 0
0.564906 -0.0513702 0.21861 170 84 0
0.565359 -0.0462084 0.217871 170 84 0
0.565825 -0.0410521 0.217101 170 84 0
0.567101 -0.0309478 0.21496 170 84 0
0.567779 -0.0261819 0.213819 170 84 0
0.568449 -0.0214098 0.2127 170 84 0
0.569088 -0.0166214 0.211634 170 84 0
0.569728 -0.0118354 0.210557 170 84 0
0.570372 -0.00705065 0.209477 170 84 0
0.571012 -0.00226235 0.208411 170 84 0
0.571771 0.00252699 0.207439 170 84 0
0.572591 0.00730805 0.206469 170 84 0
0.573406 0.0120752 0.205428 170 84 0
0.574246 0.0168258 0.204334 171 83 0
0.575108 0.0215591 0.203181 171 83 0
0.576007 0.0262846 0.202026 171 83 0
0.57698 0.0310056 0.200914 171 83 0
0.578207 0.0356615 0.199782 171 83 0
0.578777 0.0386632 0.198625 171 83 0
0.578812 0.0432885 0.196555 171 83 0
0.579173 0.0479785 0.194653 171 83 0
0.579122 0.0525724 0.192495 171 83 0
0.579575 0.057286 0.19068 171 83 0
0.579768 0.0619749 0.188757 171 83 0
0.580038 0.0667152 0.186978 171 83 0
0.581862 0.0695492 0.187113 171 83 0
0.585594 0.0734354 0.187963 171 83 0
0.589244 0.0774145 0.188806 171 83 0
0.592893 0.081364 0.189808 171 83 0
0.596264 0.0855736 0.190773 171 83 0
0.599449 0.0899067 0.191801 171 83 0
0.593365 0.0943603 0.19837 171 83 0
0.646522 0.0887085 0.248126 171 83 0
0.651672 0.0860294 0.239984 171 83 0
0.653044 0.0844487 0.240932 171 83 0
0.655645 0.0805753 0.243082 171 83 0
0.658283 0.0767185 0.245215 171 83 0
0.661082 0.072963 0.247323 171 83 0
0.66402 0.0693461 0.249484 171 83 0
0.666941 0.0657893 0.251763 171 83 0
0.668637 0.0642859 0.252976 171 83 0
0.670099 0.0607509 0.255603 171 83 0
0.671681 0.0572623 0.258223 171 83 0
0.673598 0.0538862 0.260766 171 83 0
0.675729 0.0505973 0.26325 171 83 0
0.677643 0.0471163 0.265643 171 83 0
0.679649 0.0436985 0.268053 171 83 0
0.682473 0.0444685 0.269576 171 83 0
0.686593 0.0443049 0.27238 171 83 0
0.690747 0.0444921 0.275123 171 83 0
0.69496 0.044981 0.277748 171 83 0
0.699217 0.0457796 0.280202 171 83 0
0.696701 0.045026 0.278943 171 83 0
0.692107 0.044179 0.276146 171 83 0
0.687505 0.0430932 0.273432 171 83 0
0.682917 0.0417731 0.270813 171 83 0
0.68054 0.0417484 0.269335 171 83 0
0.67566 0.0412799 0.26671 171 83 0
0.67075 0.0411 0.264125 171 83 0
0.665826 0.0412622 0.261544 171 83 0
0.6609 0.0414698 0.258972 171 83 0
0.660478 0.033466 0.260736 171 83 0
0.66005 0.0285792 0.261645 171 83 0
0.659609 0.0236637 0.262377 171 83 0
0.659187 0.018756 0.263159 171 83 0
0.658945 0.0138471 0.26401 172 82 0
0.658535 0.00891712 0.264659 172 82 0
0.658187 0.00397641 0.265262 172 82 0
0.657818 -0.000963763 0.265856 172 82 0
0.657505 -0.00589787 0.266527 172 82 0
0.657203 -0.0108298 0.267219 172 82 0
0.656885 -0.0157555 0.267948 172 82 0
0.65661 -0.0206585 0.268825 172 82 0
0.656283 -0.0255593 0.269699 172 82 0
0.656014 -0.0304427 0.270681 172 82 0
0.654238 -0.0382054 0.272192 172 82 0
0.653482 -0.0432013 0.273616 172 82 0
0.65274 -0.0482438 0.274874 172 82 0
0.652059 -0.0533217 0.276016 172 82 0
0.651503 -0.0584432 0.277024 172 82 0
0.651025 -0.0635987 0.277887 172 82 0
0.650538 -0.068775 0.278615 172 82 0
0.650104 -0.073972 0.279211 172 82 0
0.649742 -0.0791916 0.279633 172 82 0
0.649357 -0.0844067 0.280086 172 82 0
0.649788 -0.0791045 0.279548 172 82 0
0.65009 -0.0738858 0.2792 172 82 0
0.650476 -0.0686792 0.278763 172 82 0
0.650976 -0.0634956 0.278194 172 82 0
0.65147 -0.0583423 0.277401 172 82 0
0.652387 -0.053255 0.276551 172 82 0
0.653435 -0.048228 0.275511 172 82 0
0.654518 -0.0432422 0.27432 172 82 0
0.655816 -0.032924 0.271463 172 82 0
0.656101 -0.0280613 0.270409 172 82 0
0.656073 -0.0231955 0.269338 172 82 0
0.6562 -0.0183278 0.268276 172 82 0
0.656328 -0.0134523 0.267247 172 82 0
0.656531 -0.00854782 0.266388 172 82 0
0.656634 -0.00364133 0.265524 172 82 0
0.65673 0.00126612 0.264661 172 82 0
0.656851 0.00617206 0.263791 172 82 0
0.656899 0.0110694 0.262864 172 82 0
0.656977 0.0159721 0.261974 172 82 0
0.657228 0.0208834 0.261161 172 82 0
0.657449 0.0257861 0.26029 172 82 0
0.65744 0.0306565 0.25924 172 82 0
0.6583 0.0336074 0.259078 172 82 0
0.659351 0.0383874 0.258671 172 82 0
0.660629 0.04311 0.258226 172 82 0
0.661694 0.0478356 0.25738 172 82 0
0.663458 0.0523678 0.256601 172 82 0
0.665112 0.0568324 0.255353 172 82 0
0.667041 0.061194 0.254144 172 82 0
0.666185 0.0632743 0.252912 172 82 0
0.664069 0.0667966 0.250797 172 82 0
0.661984 0.0703482 0.24873 173 81 0
0.659249 0.0735472 0.246819 173 81 0
0.65717 0.0771848 0.244855 173 81 0
0.654921 0.080722 0.242898 173 81 0
0.653044 0.0844487 0.240932 173 81 0
0.654215 0.0825908 0.241928 173 81 0
0.656847 0.0792572 0.243828 173 81 0
0.65944 0.0758983 0.245738 173 81 0
0.66194 0.0724836 0.247673 173 81 0
0.664379 0.0690885 0.249716 173 81 0
0.666941 0.0657893 0.251763 173 81 0
0.668637 0.0642859 0.252976 173 81 0
0.670099 0.0607509 0.255603 173 81 0
0.671681 0.0572623 0.258223 173 81 0
0.673598 0.0538862 0.260766 173 81 0
0.675729 0.0505973 0.26325 173 81 0
0.677643 0.0471163 0.265643 173 81 0
0.679649 0.0436985 0.268053 173 81 0
0.682473 0.0444685 0.269576 173 81 0
0.686593 0.0443049 0.27238 173 81 0
0.690747 0.0444921 0.275123 173 81 0
0.69496 0.044981 0.277748 173 81 0
0.699217 0.0457796 0.280202 173 81 0
0.696701 0.045026 0.278943 173 81 0
0.692107 0.044179 0.276146 173 81 0
0.687505 0.0430932 0.273432 173 81 0
0.682917 0.0417731 0.270813 173 81 0
0.68054 0.0417484 0.269335 173 81 0
0.67566 0.0412799 0.26671 173 81 0
0.67075 0.0411 0.264125 173 81 0
0.665826 0.0412622 0.261544 173 81 0
0.6609 0.0414698 0.258972 173 81 0
0.660478 0.033466 0.260736 173 81 0
0.66005 0.0285792 0.261645 173 81 0
0.659609 0.0236637 0.262377 173 81 0
0.659187 0.018756 0.263159 173 81 0
0.658945 0.0138471 0.26401 173 81 0
0.658535 0.00891712 0.264659 173 81 0
0.658187 0.00397641 0.265262 173 81 0
0.657818 -0.000963763 0.265856 173 81 0
0.657505 -0.00589787 0.266527 173 81 0
0.657203 -0.0108298 0.267219 173 81 0
0.656885 -0.0157555 0.267948 173 81 0
0.65661 -0.0206585 0.268825 173 81 0
0.656283 -0.0255593 0.269699 173 81 0
0.656014 -0.0304427 0.270681 173 81 0
0.654238 -0.0382054 0.272192 173 81 0
0.653482 -0.0432013 0.273616 173 81 0
0.65274 -0.0482438 0.274874 173 81 0
0.652059 -0.0533217 0.276016 173 81 0
0.651503 -0.0584432 0.277024 173 81 0
0.651025 -0.0635987 0.277887 174 80 0
0.650538 -0.068775 0.278615 174 80 0
0.650104 -0.073972 0.279211 174 80 0
0.649742 -0.0791916 0.279633 174 80 0
0.649357 -0.0844067 0.280086 174 80 0
0.649788 -0.0791045 0.279548 174 80 0
0.65009 -0.0738858 0.2792 174 80 0
0.650476 -0.0686792 0.278763 174 80 0
0.650976 -0.0634956 0.278194 174 80 0
0.65147 -0.0583423 0.277401 174 80 0
0.652387 -0.053255 0.276551 174 80 0
0.653435 -0.048228 0.275511 174 80 0
0.654518 -0.0432422 0.27432 174 80 0
0.655816 -0.032924 0.271463 174 80 0
0.656101 -0.0280613 0.270409 174 80 0
0.656073 -0.0231955 0.269338 174 80 0
0.6562 -0.0183278 0.268276 174 80 0
0.656328 -0.0134523 0.267247 174 80 0
0.656531 -0.00854782 0.266388 174 80 0
0.656634 -0.00364133 0.265524 174 80 0
0.65673 0.00126612 0.264661 174 80 0
0.656851 0.00617206 0.263791 174 80 0
0.656899 0.0110694 0.262864 174 80 0
0.656977 0.0159721 0.261974 174 80 0
0.657228 0.0208834 0.261161 174 80 0
0.657449 0.0257861 0.26029 174 80 0
0.65744 0.0306565 0.25924 174 80 0
0.6583 0.0336074 0.259078 174 80 0
0.659351 0.0383874 0.258671 174 80 0
0.660629 0.04311 0.258226 174 80 0
0.661694 0.0478356 0.25738 174 80 0
0.663458 0.0523678 0.256601 174 80 0
0.665112 0.0568324 0.255353 174 80 0
0.667041 0.061194 0.254144 174 80 0
0.666185 0.0632743 0.252912 174 80 0
0.664069 0.0667966 0.250797 174 80 0
0.661984 0.0703482 0.24873 174 80 0
0.659249 0.0735472 0.246819 174 80 0
0.65717 0.0771848 0.244855 174 80 0
0.654921 0.080722 0.242898 174 80 0
0.653044 0.0844487 0.240932 174 80 0
0.647979 0.0872416 0.24909 174 80 0
0.594926 0.0971966 0.198706 174 80 0
0.60108 0.0925958 0.192306 174 80 0
0.584202 -0.0364599 0.229139 174 80 0
0.583584 -0.0234463 0.223536 174 80 0
0.583277 -0.0186979 0.221745 174 80 0
0.582962 -0.0139161 0.220036 174 80 0
0.582727 -0.00913347 0.21832 174 80 0
0.582437 -0.00437386 0.216547 174 80 0
0.58216 0.000404775 0.214823 174 80 0
0.581807 0.00516481 0.213062 175 79 0
0.581506 0.00991459 0.211264 175 79 0
0.58134 0.0146816 0.209495 175 79 0
0.581043 0.0193997 0.207615 175 79 0
0.580939 0.0241516 0.2058 175 79 0
0.58071 0.0288313 0.203817 175 79 0
0.5806 0.0335201 0.201845 175 79 0
0.580508 0.0381988 0.199849 175 79 0
0.580344 0.0428496 0.197793 175 79 0
0.580257 0.0475023 0.195737 175 79 0
0.580264 0.052119 0.193599 175 79 0
0.580206 0.0567413 0.191477 175 79 0
0.578195 0.0561862 0.189972 175 79 0
0.573964 0.0544786 0.187501 175 79 0
0.569738 0.0528764 0.18496 175 79 0
0.56553 0.0514213 0.182296 175 79 0
0.561357 0.050158 0.179499 175 79 0
0.558947 0.0502959 0.17746 175 79 0
0.555587 0.0517952 0.174022 175 79 0
0.552192 0.0532149 0.17059 175 79 0
0.548674 0.0543361 0.167165 175 79 0
0.545237 0.055502 0.163674 175 79 0
0.541725 0.0564211 0.16019 175 79 0
0.544226 0.0561373 0.16267 175 79 0
0.547204 0.0542623 0.165984 175 79 0
0.550277 0.0525564 0.169306 175 79 0
0.55347 0.0510336 0.172604 175 79 0
0.556731 0.0496639 0.1759 175 79 0
0.558703 0.0491874 0.177757 175 79 0
0.562556 0.0487979 0.181156 175 79 0
0.566329 0.0481386 0.184581 175 79 0
0.570067 0.0472425 0.188011 175 79 0
0.5739 0.0464577 0.191366 175 79 0
0.577838 0.045918 0.194636 175 79 0
0.57603 0.0358883 0.198129 175 79 0
0.575404 0.0312308 0.199692 175 79 0
0.574765 0.02651 0.201047 175 79 0
0.574084 0.0217843 0.202366 175 79 0
0.573501 0.0170597 0.203732 175 79 0
0.572906 0.0123124 0.20501 175 79 0
0.572292 0.0075422 0.206194 175 79 0
0.571677 0.00275541 0.207307 175 79 0
0.571041 -0.00204202 0.208362 175 79 0
0.570401 -0.00683637 0.209429 175 79 0
0.569756 -0.0116269 0.21051 175 79 0
0.569117 -0.0164194 0.211586 175 79 0
0.568472 -0.0212093 0.212669 175 79 0
0.567785 -0.0259795 0.213812 175 79 0
0.566698 -0.0338289 0.215628 175 79 0
0.56619 -0.0386158 0.216472 175 79 0
0.565717 -0.0434155 0.217262 175 79 0
0.56523 -0.0482104 0.218074 176 78 0
0.564767 -0.0530156 0.218836 176 78 0
0.564305 -0.0578241 0.219578 176 78 0
0.56371 -0.0626363 0.22019 176 78 0
0.56315 -0.0674602 0.220741 176 78 0
0.56262 -0.0722936 0.221234 176 78 0
0.562047 -0.0771178 0.221765 176 78 0
0.561362 -0.0819327 0.222244 176 78 0
0.562122 -0.07713 0.222219 176 78 0
0.562812 -0.0719949 0.221478 176 78 0
0.563513 -0.0668376 0.220927 176 78 0
0.563996 -0.0616874 0.220128 176 78 0
0.564471 -0.0565356 0.219335 176 78 0
0.564906 -0.0513702 0.21861 176 78 0
0.565359 -0.0462084 0.217871 176 78 0
0.565825 -0.0410521 0.217101 176 78 0
0.567101 -0.0309478 0.21496 176 78 0
0.567779 -0.0261819 0.213819 176 78 0
0.568449 -0.0214098 0.2127 176 78 0
0.569088 -0.0166214 0.211634 176 78 0
0.569728 -0.0118354 0.210557 176 78 0
0.570372 -0.00705065 0.209477 176 78 0
0.571012 -0.00226235 0.208411 176 78 0
0.571771 0.00252699 0.207439 176 78 0
0.572591 0.00730805 0.206469 176 78 0
0.573406 0.0120752 0.205428 176 78 0
0.574246 0.0168258 0.204334 176 78 0
0.575108 0.0215591 0.203181 176 78 0
0.576007 0.0262846 0.202026 176 78 0
0.57698 0.0310056 0.200914 176 78 0
0.578207 0.0356615 0.199782 176 78 0
0.578777 0.0386632 0.198625 176 78 0
0.578812 0.0432885 0.196555 176 78 0
0.579173 0.0479785 0.194653 176 78 0
0.579122 0.0525724 0.192495 176 78 0
0.579575 0.057286 0.19068 176 78 0
0.579768 0.0619749 0.188757 176 78 0
0.580038 0.0667152 0.186978 176 78 0
0.581862 0.0695492 0.187113 176 78 0
0.585594 0.0734354 0.187963 176 78 0
0.589244 0.0774145 0.188806 176 78 0
0.592893 0.081364 0.189808 176 78 0
0.596264 0.0855736 0.190773 176 78 0
0.599449 0.0899067 0.191801 176 78 0
0.597475 0.0872125 0.191069 176 78 0
0.594267 0.084224 0.189745 176 78 0
0.59119 0.0809751 0.188704 176 78 0
0.587981 0.0778484 0.187684 176 78 0
0.584896 0.074525 0.186952 176 78 0
0.581573 0.0715388 0.18596 176 78 0
0.579564 0.0700047 0.185222 176 78 0
0.57644 0.0666997 0.184207 176 78 0
0.573286 0.0634511 0.18311 177 77 0
0.570293 0.0600154 0.182126 177 77 0
0.567173 0.0567082 0.181098 177 77 0
0.564017 0.0534405 0.180055 177 77 0
0.560713 0.0503841 0.178865 177 77 0
0.558947 0.0502959 0.17746 177 77 0
0.555493 0.0515913 0.174036 177 77 0
0.552126 0.0530764 0.170602 177 77 0
0.548608 0.0541976 0.167178 177 77 0
0.545211 0.055456 0.163682 177 77 0
0.541725 0.0564211 0.16019 177 77 0
0.544226 0.0561373 0.16267 177 77 0
0.547204 0.0542623 0.165984 177 77 0
0.550277 0.0525564 0.169306 177 77 0
0.55347 0.0510336 0.172604 177 77 0
0.556731 0.0496639 0.1759 177 77 0
0.558703 0.0491874 0.177757 177 77 0
0.562556 0.0487979 0.181156 177 77 0
0.566329 0.0481386 0.184581 177 77 0
0.570067 0.0472425 0.188011 177 77 0
0.5739 0.0464577 0.191366 177 77 0
0.577838 0.045918 0.194636 177 77 0
0.57603 0.0358883 0.198129 177 77 0
0.575404 0.0312308 0.199692 177 77 0
0.574765 0.02651 0.201047 177 77 0
0.574084 0.0217843 0.202366 177 77 0
0.573501 0.0170597 0.203732 177 77 0
0.572906 0.0123124 0.20501 177 77 0
0.572292 0.0075422 0.206194 177 77 0
0.571677 0.00275541 0.207307 177 77 0
0.571041 -0.00204202 0.208362 177 77 0
0.570401 -0.00683637 0.209429 177 77 0
0.569756 -0.0116269 0.21051 177 77 0
0.569117 -0.0164194 0.211586 177 77 0
0.568472 -0.0212093 0.212669 177 77 0
0.567785 -0.0259795 0.213812 177 77 0
0.566698 -0.0338289 0.215628 177 77 0
0.56619 -0.0386158 0.216472 177 77 0
0.565717 -0.0434155 0.217262 177 77 0
0.56523 -0.0482104 0.218074 177 77 0
0.564767 -0.0530156 0.218836 177 77 0
0.564305 -0.0578241 0.219578 177 77 0
0.56371 -0.0626363 0.22019 177 77 0
0.56315 -0.0674602 0.220741 177 77 0
0.56262 -0.0722936 0.221234 177 77 0
0.562047 -0.0771178 0.221765 177 77 0
0.561362 -0.0819327 0.222244 177 77 0
0.562122 -0.07713 0.222219 177 77 0
0.562812 -0.0719949 0.221478 177 77 0
0.563513 -0.0668376 0.220927 177 77 0
0.563996 -0.0616874 0.220128 177 77 0
0.564471 -0.0565356 0.219335 178 76 0
0.564906 -0.0513702 0.21861 178 76 0
0.565359 -0.0462084 0.217871 178 76 0
0.565825 -0.0410521 0.217101 178 76 0
0.567101 -0.0309478 0.21496 178 76 0
0.567779 -0.0261819 0.213819 178 76 0
0.568449 -0.0214098 0.2127 178 76 0
0.569088 -0.0166214 0.211634 178 76 0
0.569728 -0.0118354 0.210557 178 76 0
0.570372 -0.00705065 0.209477 178 76 0
0.571012 -0.00226235 0.208411 178 76 0
0.571771 0.00252699 0.207439 178 76 0
0.572591 0.00730805 0.206469 178 76 0
0.573406 0.0120752 0.205428 178 76 0
0.574246 0.0168258 0.204334 178 76 0
0.575108 0.0215591 0.203181 178 76 0
0.576007 0.0262846 0.202026 178 76 0
0.57698 0.0310056 0.200914 178 76 0
0.578207 0.0356615 0.199782 178 76 0
0.578777 0.0386632 0.198625 178 76 0
0.578812 0.0432885 0.196555 178 76 0
0.579173 0.0479785 0.194653 178 76 0
0.579122 0.0525724 0.192495 178 76 0
0.579575 0.057286 0.19068 178 76 0
0.579768 0.0619749 0.188757 178 76 0
0.580038 0.0667152 0.186978 178 76 0
0.581862 0.0695492 0.187113 178 76 0
0.585594 0.0734354 0.187963 178 76 0
0.589244 0.0774145 0.188806 178 76 0
0.592893 0.081364 0.189808 178 76 0
0.596264 0.0855736 0.190773 178 76 0
0.599449 0.0899067 0.191801 178 76 0
0.593365 0.0943603 0.19837 178 76 0
0.646522 0.0887085 0.248126 178 76 0
0.651672 0.0860294 0.239984 178 76 0
0.653044 0.0844487 0.240932 178 76 0
0.655645 0.0805753 0.243082 178 76 0
0.658283 0.0767185 0.245215 178 76 0
0.661082 0.072963 0.247323 178 76 0
0.66402 0.0693461 0.249484 178 76 0
0.666941 0.0657893 0.251763 178 76 0
0.668637 0.0642859 0.252976 178 76 0
0.670099 0.0607509 0.255603 178 76 0
0.671681 0.0572623 0.258223 178 76 0
0.673598 0.0538862 0.260766 178 76 0
0.675729 0.0505973 0.26325 178 76 0
0.677643 0.0471163 0.265643 178 76 0
0.679649 0.0436985 0.268053 178 76 0
0.682473 0.0444685 0.269576 178 76 0
0.686593 0.0443049 0.27238 178 76 0
0.690747 0.0444921 0.275123 178 76 0
0.69496 0.044981 0.277748 179 75 0
0.699217 0.0457796 0.280202 179 75 0
0.696701 0.045026 0.278943 179 75 0
0.692107 0.044179 0.276146 179 75 0
0.687505 0.0430932 0.273432 179 75 0
0.682917 0.0417731 0.270813 179 75 0
0.68054 0.0417484 0.269335 179 75 0
0.67566 0.0412799 0.26671 179 75 0
0.67075 0.0411 0.264125 179 75 0
0.665826 0.0412622 0.261544 179 75 0
0.6609 0.0414698 0.258972 179 75 0
0.660478 0.033466 0.260736 179 75 0
0.66005 0.0285792 0.261645 179 75 0
0.659609 0.0236637 0.262377 179 75 0
0.659187 0.018756 0.263159 179 75 0
0.658945 0.0138471 0.26401 179 75 0
0.658535 0.00891712 0.264659 179 75 0
0.658187 0.00397641 0.265262 179 75 0
0.657818 -0.000963763 0.265856 179 75 0
0.657505 -0.00589787 0.266527 179 75 0
0.657203 -0.0108298 0.267219 179 75 0
0.656885 -0.0157555 0.267948 179 75 0
0.65661 -0.0206585 0.268825 179 75 0
0.656283 -0.0255593 0.269699 179 75 0
0.656014 -0.0304427 0.270681 179 75 0
0.654238 -0.0382054 0.272192 179 75 0
0.653482 -0.0432013 0.273616 179 75 0
0.65274 -0.0482438 0.274874 179 75 0
0.652059 -0.0533217 0.276016 179 75 0
0.651503 -0.0584432 0.277024 179 75 0
0.651025 -0.0635987 0.277887 179 75 0
0.650538 -0.068775 0.278615 179 75 0
0.650104 -0.073972 0.279211 179 75 0
0.649742 -0.0791916 0.279633 179 75 0
0.649357 -0.0844067 0.280086 179 75 0
0.649788 -0.0791045 0.279548 179 75 0
0.65009 -0.0738858 0.2792 179 75 0
0.650476 -0.0686792 0.278763 179 75 0
0.650976 -0.0634956 0.278194 179 75 0
0.65147 -0.0583423 0.277401 179 75 0
0.652387 -0.053255 0.276551 179 75 0
0.653435 -0.048228 0.275511 179 75 0
0.654518 -0.0432422 0.27432 179 75 0
0.655816 -0.032924 0.271463 179 75 0
0.656101 -0.0280613 0.270409 179 75 0
0.656073 -0.0231955 0.269338 179 75 0
0.6562 -0.0183278 0.268276 179 75 0
0.656328 -0.0134523 0.267247 179 75 0
0.656531 -0.00854782 0.266388 179 75 0
0.656634 -0.00364133 0.265524 179 75 0
0.65673 0.00126612 0.264661 179 75 0
0.656851 0.00617206 0.263791 180 74 0
0.656899 0.0110694 0.262864 180 74 0
0.656977 0.0159721 0.261974 180 74 0
0.657228 0.0208834 0.261161 180 74 0
0.657449 0.0257861 0.26029 180 74 0
0.65744 0.0306565 0.25924 180 74 0
0.6583 0.0336074 0.259078 180 74 0
0.659351 0.0383874 0.258671 180 74 0
0.660629 0.04311 0.258226 180 74 0
0.661694 0.0478356 0.25738 180 74 0
0.663458 0.0523678 0.256601 180 74 0
0.665112 0.0568324 0.255353 180 74 0
0.667041 0.061194 0.254144 180 74 0
0.666185 0.0632743 0.252912 180 74 0
0.664069 0.0667966 0.250797 180 74 0
0.661984 0.0703482 0.24873 180 74 0
0.659249 0.0735472 0.246819 180 74 0
0.65717 0.0771848 0.244855 180 74 0
0.654921 0.080722 0.242898 180 74 0
0.653044 0.0844487 0.240932 180 74 0
0.654215 0.0825908 0.241928 180 74 0
0.656847 0.0792572 0.243828 180 74 0
0.65944 0.0758983 0.245738 180 74 0
0.66194 0.0724836 0.247673 180 74 0
0.664379 0.0690885 0.249716 180 74 0
0.666941 0.0657893 0.251763 180 74 0
0.668637 0.0642859 0.252976 180 74 0
0.670099 0.0607509 0.255603 180 74 0
0.671681 0.0572623 0.258223 180 74 0
0.673598 0.0538862 0.260766 180 74 0
0.675729 0.0505973 0.26325 180 74 0
0.677643 0.0471163 0.265643 180 74 0
0.679649 0.0436985 0.268053 180 74 0
0.682473 0.0444685 0.269576 180 74 0
0.686593 0.0443049 0.27238 180 74 0
0.690747 0.0444921 0.275123 180 74 0
0.69496 0.044981 0.277748 180 74 0
0.699217 0.0457796 0.280202 180 74 0
0.696701 0.045026 0.278943 180 74 0
0.692107 0.044179 0.276146 180 74 0
0.687505 0.0430932 0.273432 180 74 0
0.682917 0.0417731 0.270813 180 74 0
0.68054 0.0417484 0.269335 180 74 0
0.67566 0.0412799 0.26671 180 74 0
0.67075 0.0411 0.264125 180 74 0
0.665826 0.0412622 0.261544 180 74 0
0.6609 0.0414698 0.258972 180 74 0
0.660478 0.033466 0.260736 180 74 0
0.66005 0.0285792 0.261645 180 74 0
0.659609 0.0236637 0.262377 180 74 0
0.659187 0.018756 0.263159 180 74 0
0.658945 0.0138471 0.26401 181 73 0
0.658535 0.00891712 0.264659 181 73 0
0.658187 0.00397641 0.265262 181 73 0
0.657818 -0.000963763 0.265856 181 73 0
0.657505 -0.00589787 0.266527 181 73 0
0.657203 -0.0108298 0.267219 181 73 0
0.656885 -0.0157555 0.267948 181 73 0
0.65661 -0.0206585 0.268825 181 73 0
0.656283 -0.0255593 0.269699 181 73 0
0.656014 -0.0304427 0.270681 181 73 0
0.654238 -0.0382054 0.272192 181 73 0
0.653482 -0.0432013 0.273616 181 73 0
0.65274 -0.0482438 0.274874 181 73 0
0.652059 -0.0533217 0.276016 181 73 0
0.651503 -0.0584432 0.277024 181 73 0
0.651025 -0.0635987 0.277887 181 73 0
0.650538 -0.068775 0.278615 181 73 0
0.650104 -0.073972 0.279211 181 73 0
0.649742 -0.0791916 0.279633 181 73 0
0.649357 -0.0844067 0.280086 181 73 0
0.649788 -0.0791045 0.279548 181 73 0
0.65009 -0.0738858 0.2792 181 73 0
0.650476 -0.0686792 0.278763 181 73 0
0.650976 -0.0634956 0.278194 181 73 0
0.65147 -0.0583423 0.277401 181 73 0
0.652387 -0.053255 0.276551 181 73 0
0.653435 -0.048228 0.275511 181 73 0
0.654518 -0.0432422 0.27432 181 73 0
0.655816 -0.032924 0.271463 181 73 0
0.656101 -0.0280613 0.270409 181 73 0
0.656073 -0.0231955 0.269338 181 73 0
0.6562 -0.0183278 0.268276 181 73 0
0.656328 -0.0134523 0.267247 181 73 0
0.656531 -0.00854782 0.266388 181 73 0
0.656634 -0.00364133 0.265524 181 73 0
0.65673 0.00126612 0.264661 181 73 0
0.656851 0.00617206 0.263791 181 73 0
0.656899 0.0110694 0.262864 181 73 0
0.656977 0.0159721 0.261974 181 73 0
0.657228 0.0208834 0.261161 181 73 0
0.657449 0.0257861 0.26029 181 73 0
0.65744 0.0306565 0.25924 181 73 0
0.6583 0.0336074 0.259078 181 73 0
0.659351 0.0383874 0.258671 181 73 0
0.660629 0.04311 0.258226 181 73 0
0.661694 0.0478356 0.25738 181 73 0
0.663458 0.0523678 0.256601 181 73 0
0.665112 0.0568324 0.255353 181 73 0
0.667041 0.061194 0.254144 181 73 0
0.666185 0.0632743 0.252912 181 73 0
0.664069 0.0667966 0.250797 181 73 0
0.661984 0.0703482 0.24873 182 72 0
0.659249 0.0735472 0.246819 182 72 0
0.65717 0.0771848 0.244855 182 72 0
0.654921 0.080722 0.242898 182 72 0
0.653044 0.0844487 0.240932 182 72 0
0.647979 0.0872416 0.24909 182 72 0
0.594926 0.0971966 0.198706 182 72 0
0.60108 0.0925958 0.192306 182 72 0
0.584202 -0.0364599 0.229139 182 72 0
0.583584 -0.0234463 0.223536 182 72 0
0.583277 -0.0186979 0.221745 182 72 0
0.582962 -0.0139161 0.220036 182 72 0
0.582727 -0.00913347 0.21832 182 72 0
0.582437 -0.00437386 0.216547 182 72 0
0.58216 0.000404775 0.214823 182 72 0
0.581807 0.00516481 0.213062 182 72 0
0.581506 0.00991459 0.211264 182 72 0
0.58134 0.0146816 0.209495 182 72 0
0.581043 0.0193997 0.207615 182 72 0
0.580939 0.0241516 0.2058 182 72 0
0.58071 0.0288313 0.203817 182 72 0
0.5806 0.0335201 0.201845 182 72 0
0.580508 0.0381988 0.199849 182 72 0
0.580344 0.0428496 0.197793 182 72 0
0.580257 0.0475023 0.195737 182 72 0
0.580264 0.052119 0.193599 182 72 0
0.580206 0.0567413 0.191477 182 72 0
0.578195 0.0561862 0.189972 182 72 0
0.573964 0.0544786 0.187501 182 72 0
0.569738 0.0528764 0.18496 182 72 0
0.56553 0.0514213 0.182296 182 72 0
0.561357 0.050158 0.179499 182 72 0
0.558947 0.0502959 0.17746 182 72 0
0.555587 0.0517952 0.174022 182 72 0
0.552192 0.0532149 0.17059 182 72 0
0.548674 0.0543361 0.167165 182 72 0
0.545237 0.055502 0.163674 182 72 0
0.541725 0.0564211 0.16019 182 72 0
0.544226 0.0561373 0.16267 182 72 0
0.547204 0.0542623 0.165984 182 72 0
0.550277 0.0525564 0.169306 182 72 0
0.55347 0.0510336 0.172604 182 72 0
0.556731 0.0496639 0.1759 182 72 0
0.558703 0.0491874 0.177757 182 72 0
0.562556 0.0487979 0.181156 182 72 0
0.566329 0.0481386 0.184581 182 72 0
0.570067 0.0472425 0.188011 182 72 0
0.5739 0.0464577 0.191366 182 72 0
0.577838 0.045918 0.194636 182 72 0
0.57603 0.0358883 0.198129 182 72 0
0.575404 0.0312308 0.199692 182 72 0
0.574765 0.02651 0.201047 182 72 0
0.574084 0.0217843 0.202366 183 71 0
0.573501 0.0170597 0.203732 183 71 0
0.572906 0.0123124 0.20501 183 71 0
0.572292 0.0075422 0.206194 183 71 0
0.571677 0.00275541 0.207307 183 71 0
0.571041 -0.00204202 0.208362 183 71 0
0.570401 -0.00683637 0.209429 183 71 0
0.569756 -0.0116269 0.21051 183 71 0
0.569117 -0.0164194 0.211586 183 71 0
0.568472 -0.0212093 0.212669 183 71 0
0.567785 -0.0259795 0.213812 183 71 0
0.566698 -0.0338289 0.215628 183 71 0
0.56619 -0.0386158 0.216472 183 71 0
0.565717 -0.0434155 0.217262 183 71 0
0.56523 -0.0482104 0.218074 183 71 0
0.564767 -0.0530156 0.218836 183 71 0
0.564305 -0.0578241 0.219578 183 71 0
0.56371 -0.0626363 0.22019 183 71 0
0.56315 -0.0674602 0.220741 183 71 0
0.56262 -0.0722936 0.221234 183 71 0
0.562047 -0.0771178 0.221765 183 71 0
0.561362 -0.0819327 0.222244 183 71 0
0.562122 -0.07713 0.222219 183 71 0
0.562812 -0.0719949 0.221478 183 71 0
0.563513 -0.0668376 0.220927 183 71 0
0.563996 -0.0616874 0.220128 183 71 0
0.564471 -0.0565356 0.219335 183 71 0
0.564906 -0.0513702 0.21861 183 71 0
0.565359 -0.0462084 0.217871 183 71 0
0.565825 -0.0410521 0.217101 183 71 0
0.567101 -0.0309478 0.21496 183 71 0
0.567779 -0.0261819 0.213819 183 71 0
0.568449 -0.0214098 0.2127 183 71 0
0.569088 -0.0166214 0.211634 183 71 0
0.569728 -0.0118354 0.210557 183 71 0
0.570372 -0.00705065 0.209477 183 71 0
0.571012 -0.00226235 0.208411 183 71 0
0.571771 0.00252699 0.207439 183 71 0
0.572591 0.00730805 0.206469 183 71 0
0.573406 0.0120752 0.205428 183 71 0
0.574246 0.0168258 0.204334 183 71 0
0.575108 0.0215591 0.203181 183 71 0
0.576007 0.0262846 0.202026 183 71 0
0.57698 0.0310056 0.200914 183 71 0
0.578207 0.0356615 0.199782 183 71 0
0.578777 0.0386632 0.198625 183 71 0
0.578812 0.0432885 0.196555 183 71 0
0.579173 0.0479785 0.194653 183 71 0
0.579122 0.0525724 0.192495 183 71 0
0.579575 0.057286 0.19068 183 71 0
0.579768 0.0619749 0.188757 183 71 0
0.580038 0.0667152 0.186978 184 70 0
0.581862 0.0695492 0.187113 184 70 0
0.585594 0.0734354 0.187963 184 70 0
0.589244 0.0774145 0.188806 184 70 0
0.592893 0.081364 0.189808 184 70 0
0.596264 0.0855736 0.190773 184 70 0
0.599449 0.0899067 0.191801 184 70 0
0.597475 0.0872125 0.191069 184 70 0
0.594267 0.084224 0.189745 184 70 0
0.59119 0.0809751 0.188704 184 70 0
0.587981 0.0778484 0.187684 184 70 0
0.584896 0.074525 0.186952 184 70 0
0.581573 0.0715388 0.18596 184 70 0
0.579564 0.0700047 0.185222 184 70 0
0.57644 0.0666997 0.184207 184 70 0
0.573286 0.0634511 0.18311 184 70 0
0.570293 0.0600154 0.182126 184 70 0
0.567173 0.0567082 0.181098 184 70 0
0.564017 0.0534405 0.180055 184 70 0
0.560713 0.0503841 0.178865 184 70 0
0.558947 0.0502959 0.17746 184 70 0
0.555493 0.0515913 0.174036 184 70 0
0.552126 0.0530764 0.170602 184 70 0
0.548608 0.0541976 0.167178 184 70 0
0.545211 0.055456 0.163682 184 70 0
0.541725 0.0564211 0.16019 184 70 0
0.544226 0.0561373 0.16267 184 70 0
0.547204 0.0542623 0.165984 184 70 0
0.550277 0.0525564 0.169306 184 70 0
0.55347 0.0510336 0.172604 184 70 0
0.556731 0.0496639 0.1759 184 70 0
0.558703 0.0491874 0.177757 184 70 0
0.562556 0.0487979 0.181156 184 70 0
0.566329 0.0481386 0.184581 184 70 0
0.570067 0.0472425 0.188011 184 70 0
0.5739 0.0464577 0.191366 184 70 0
0.577838 0.045918 0.194636 184 70 0
0.57603 0.0358883 0.198129 184 70 0
0.575404 0.0312308 0.199692 184 70 0
0.574765 0.02651 0.201047 184 70 0
0.574084 0.0217843 0.202366 184 70 0
0.573501 0.0170597 0.203732 184 70 0
0.572906 0.0123124 0.20501 184 70 0
0.572292 0.0075422 0.206194 184 70 0
0.571677 0.00275541 0.207307 184 70 0
0.571041 -0.00204202 0.208362 184 70 0
0.570401 -0.00683637 0.209429 184 70 0
0.569756 -0.0116269 0.21051 184 70 0
0.569117 -0.0164194 0.211586 184 70 0
0.568472 -0.0212093 0.212669 184 70 0
0.567785 -0.0259795 0.213812 184 70 0
0.566698 -0.0338289 0.215628 185 69 0
0.56619 -0.0386158 0.216472 185 69 0
0.565717 -0.0434155 0.217262 185 69 0
0.56523 -0.0482104 0.218074 185 69 0
0.564767 -0.0530156 0.218836 185 69 0
0.564305 -0.0578241 0.219578 185 69 0
0.56371 -0.0626363 0.22019 185 69 0
0.56315 -0.0674602 0.220741 185 69 0
0.56262 -0.0722936 0.221234 185 69 0
0.562047 -0.0771178 0.221765 185 69 0
0.561362 -0.0819327 0.222244 185 69 0
0.562122 -0.07713 0.222219 185 69 0
0.562812 -0.0719949 0.221478 185 69 0
0.563513 -0.0668376 0.220927 185 69 0
0.563996 -0.0616874 0.220128 185 69 0
0.564471 -0.0565356 0.219335 185 69 0
0.564906 -0.0513702 0.21861 185 69 0
0.565359 -0.0462084 0.217871 185 69 0
0.565825 -0.0410521 0.217101 185 69 0
0.567101 -0.0309478 0.21496 185 69 0
0.567779 -0.0261819 0.213819 185 69 0
0.568449 -0.0214098 0.2127 185 69 0
0.569088 -0.0166214 0.211634 185 69 0
0.569728 -0.0118354 0.210557 185 69 0
0.570372 -0.00705065 0.209477 185 69 0
0.571012 -0.00226235 0.208411 185 69 0
0.571771 0.00252699 0.207439 185 69 0
0.572591 0.00730805 0.206469 185 69 0
0.573406 0.0120752 0.205428 185 69 0
0.574246 0.0168258 0.204334 185 69 0
0.575108 0.0215591 0.203181 185 69 0
0.576007 0.0262846 0.202026 185 69 0
0.57698 0.0310056 0.200914 185 69 0
0.578207 0.0356615 0.199782 185 69 0
0.578777 0.0386632 0.198625 185 69 0
0.578812 0.0432885 0.196555 185 69 0
0.579173 0.0479785 0.194653 185 69 0
0.579122 0.0525724 0.192495 185 69 0
0.579575 0.057286 0.19068 185 69 0
0.579768 0.0619749 0.188757 185 69 0
0.580038 0.0667152 0.186978 185 69 0
0.581862 0.0695492 0.187113 185 69 0
0.585594 0.0734354 0.187963 185 69 0
0.589244 0.0774145 0.188806 185 69 0
0.592893 0.081364 0.189808 185 69 0
0.596264 0.0855736 0.190773 185 69 0
0.599449 0.0899067 0.191801 185 69 0
0.593365 0.0943603 0.19837 185 69 0
0.646522 0.0887085 0.248126 185 69 0
0.651672 0.0860294 0.239984 185 69 0
0.653044 0.0844487 0.240932 185 69 0
0.655645 0.0805753 0.243082 186 68 0
0.658283 0.0767185 0.245215 186 68 0
0.661082 0.072963 0.247323 186 68 0
0.66402 0.0693461 0.249484 186 68 0
0.666941 0.0657893 0.251763 186 68 0
0.668637 0.0642859 0.252976 186 68 0
0.670099 0.0607509 0.255603 186 68 0
0.671681 0.0572623 0.258223 186 68 0
0.673598 0.0538862 0.260766 186 68 0
0.675729 0.0505973 0.26325 186 68 0
0.677643 0.0471163 0.265643 186 68 0
0.679649 0.0436985 0.268053 186 68 0
0.682473 0.0444685 0.269576 186 68 0
0.686593 0.0443049 0.27238 186 68 0
0.690747 0.0444921 0.275123 186 68 0
0.69496 0.044981 0.277748 186 68 0
0.699217 0.0457796 0.280202 186 68 0
0.696701 0.045026 0.278943 186 68 0
0.692107 0.044179 0.276146 186 68 0
0.687505 0.0430932 0.273432 186 68 0
0.682917 0.0417731 0.270813 186 68 0
0.68054 0.0417484 0.269335 186 68 0
0.67566 0.0412799 0.26671 186 68 0
0.67075 0.0411 0.264125 186 68 0
0.665826 0.0412622 0.261544 186 68 0
0.6609 0.0414698 0.258972 186 68 0
0.660478 0.033466 0.260736 186 68 0
0.66005 0.0285792 0.261645 186 68 0
0.659609 0.0236637 0.262377 186 68 0
0.659187 0.018756 0.263159 186 68 0
0.658945 0.0138471 0.26401 186 68 0
0.658535 0.00891712 0.264659 186 68 0
0.658187 0.00397641 0.265262 186 68 0
0.657818 -0.000963763 0.265856 186 68 0
0.657505 -0.00589787 0.266527 186 68 0
0.657203 -0.0108298 0.267219 186 68 0
0.656885 -0.0157555 0.267948 186 68 0
0.65661 -0.0206585 0.268825 186 68 0
0.656283 -0.0255593 0.269699 186 68 0
0.656014 -0.0304427 0.270681 186 68 0
0.654238 -0.0382054 0.272192 186 68 0
0.653482 -0.0432013 0.273616 186 68 0
0.65274 -0.0482438 0.274874 186 68 0
0.652059 -0.0533217 0.276016 186 68 0
0.651503 -0.0584432 0.277024 186 68 0
0.651025 -0.0635987 0.277887 186 68 0
0.650538 -0.068775 0.278615 186 68 0
0.650104 -0.073972 0.279211 186 68 0
0.649742 -0.0791916 0.279633 186 68 0
0.649357 -0.0844067 0.280086 186 68 0
0.649788 -0.0791045 0.279548 186 68 0
0.65009 -0.0738858 0.2792 187 67 0
0.650476 -0.0686792 0.278763 187 67 0
0.650976 -0.0634956 0.278194 187 67 0
0.65147 -0.0583423 0.277401 187 67 0
0.652387 -0.053255 0.276551 187 67 0
0.653435 -0.048228 0.275511 187 67 0
0.654518 -0.0432422 0.27432 187 67 0
0.655816 -0.032924 0.271463 187 67 0
0.656101 -0.0280613 0.270409 187 67 0
0.656073 -0.0231955 0.269338 187 67 0
0.6562 -0.0183278 0.268276 187 67 0
0.656328 -0.0134523 0.267247 187 67 0
0.656531 -0.00854782 0.266388 187 67 0
0.656634 -0.00364133 0.265524 187 67 0
0.65673 0.00126612 0.264661 187 67 0
0.656851 0.00617206 0.263791 187 67 0
0.656899 0.0110694 0.262864 187 67 0
0.656977 0.0159721 0.261974 187 67 0
0.657228 0.0208834 0.261161 187 67 0
0.657449 0.0257861 0.26029 187 67 0
0.65744 0.0306565 0.25924 187 67 0
0.6583 0.0336074 0.259078 187 67 0
0.659351 0.0383874 0.258671 187 67 0
0.660629 0.04311 0.258226 187 67 0
0.661694 0.0478356 0.25738 187 67 0
0.663458 0.0523678 0.256601 187 67 0
0.665112 0.0568324 0.255353 187 67 0
0.667041 0.061194 0.254144 187 67 0
0.666185 0.0632743 0.252912 187 67 0
0.664069 0.0667966 0.250797 187 67 0
0.661984 0.0703482 0.24873 187 67 0
0.659249 0.0735472 0.246819 187 67 0
0.65717 0.0771848 0.244855 187 67 0
0.654921 0.080722 0.242898 187 67 0
0.653044 0.0844487 0.240932 187 67 0
0.654215 0.0825908 0.241928 187 67 0
0.656847 0.0792572 0.243828 187 67 0
0.65944 0.0758983 0.245738 187 67 0
0.66194 0.0724836 0.247673 187 67 0
0.664379 0.0690885 0.249716 187 67 0
0.666941 0.0657893 0.251763 187 67 0
0.668637 0.0642859 0.252976 187 67 0
0.670099 0.0607509 0.255603 187 67 0
0.671681 0.0572623 0.258223 187 67 0
0.673598 0.0538862 0.260766 187 67 0
0.675729 0.0505973 0.26325 187 67 0
0.677643 0.0471163 0.265643 187 67 0
0.679649 0.0436985 0.268053 187 67 0
0.682473 0.0444685 0.269576 187 67 0
0.686593 0.0443049 0.27238 187 67 0
0.690747 0.0444921 0.275123 187 67 0
0.69496 0.044981 0.277748 187 67 0
0.699217 0.0457796 0.280202 188 66 0
0.696701 0.045026 0.278943 188 66 0
0.692107 0.044179 0.276146 188 66 0
0.687505 0.0430932 0.273432 188 66 0
0.682917 0.0417731 0.270813 188 66 0
0.68054 0.0417484 0.269335 188 66 0
0.67566 0.0412799 0.26671 188 66 0
0.67075 0.0411 0.264125 188 66 0
0.665826 0.0412622 0.261544 188 66 0
0.6609 0.0414698 0.258972 188 66 0
0.660478 0.033466 0.260736 188 66 0
0.66005 0.0285792 0.261645 188 66 0
0.659609 0.0236637 0.262377 188 66 0
0.659187 0.018756 0.263159 188 66 0
0.658945 0.0138471 0.26401 188 66 0
0.658535 0.00891712 0.264659 188 66 0
0.658187 0.00397641 0.265262 188 66 0
0.657818 -0.000963763 0.265856 188 66 0
0.657505 -0.00589787 0.266527 188 66 0
0.657203 -0.0108298 0.267219 188 66 0
0.656885 -0.0157555 0.267948 188 66 0
0.65661 -0.0206585 0.268825 188 66 0
0.656283 -0.0255593 0.269699 188 66 0
0.656014 -0.0304427 0.270681 188 66 0
0.654238 -0.0382054 0.272192 188 66 0
0.653482 -0.0432013 0.273616 188 66 0
0.65274 -0.0482438 0.274874 188 66 0
0.652059 -0.0533217 0.276016 188 66 0
0.651503 -0.0584432 0.277024 188 66 0
0.651025 -0.0635987 0.277887 188 66 0
0.650538 -0.068775 0.278615 188 66 0
0.650104 -0.073972 0.279211 188 66 0
0.649742 -0.0791916 0.279633 188 66 0
0.649357 -0.0844067 0.280086 188 66 0
0.649788 -0.0791045 0.279548 188 66 0
0.65009 -0.0738858 0.2792 188 66 0
0.650476 -0.0686792 0.278763 188 66 0
0.650976 -0.0634956 0.278194 188 66 0
0.65147 -0.0583423 0.277401 188 66 0
0.652387 -0.053255 0.276551 188 66 0
0.653435 -0.048228 0.275511 188 66 0
0.654518 -0.0432422 0.27432 188 66 0
0.655816 -0.032924 0.271463 188 66 0
0.656101 -0.0280613 0.270409 188 66 0
0.656073 -0.0231955 0.269338 188 66 0
0.6562 -0.0183278 0.268276 188 66 0
0.656328 -0.0134523 0.267247 188 66 0
0.656531 -0.00854782 0.266388 188 66 0
0.656634 -0.00364133 0.265524 188 66 0
0.65673 0.00126612 0.264661 188 66 0
0.656851 0.00617206 0.263791 188 66 0
0.656899 0.0110694 0.262864 189 65 0
0.656977 0.0159721 0.261974 189 65 0
0.657228 0.0208834 0.261161 189 65 0
0.657449 0.0257861 0.26029 189 65 0
0.65744 0.0306565 0.25924 189 65 0
0.6583 0.0336074 0.259078 189 65 0
0.659351 0.0383874 0.258671 189 65 0
0.660629 0.04311 0.258226 189 65 0
0.661694 0.0478356 0.25738 189 65 0
0.663458 0.0523678 0.256601 189 65 0
0.665112 0.0568324 0.255353 189 65 0
0.667041 0.061194 0.254144 189 65 0
0.666185 0.0632743 0.252912 189 65 0
0.664069 0.0667966 0.250797 189 65 0
0.661984 0.0703482 0.24873 189 65 0
0.659249 0.0735472 0.246819 189 65 0
0.65717 0.0771848 0.244855 189 65 0
0.654921 0.080722 0.242898 189 65 0
0.653044 0.0844487 0.240932 189 65 0
0.647979 0.0872416 0.24909 189 65 0
0.594926 0.0971966 0.198706 189 65 0
0.60108 0.0925958 0.192306 189 65 0
0.584202 -0.0364599 0.229139 189 65 0
0.583584 -0.0234463 0.223536 189 65 0
0.583277 -0.0186979 0.221745 189 65 0
0.582962 -0.0139161 0.220036 189 65 0
0.582727 -0.00913347 0.21832 189 65 0
0.582437 -0.00437386 0.216547 189 65 0
0.58216 0.000404775 0.214823 189 65 0
0.581807 0.00516481 0.213062 189 65 0
0.581506 0.00991459 0.211264 189 65 0
0.58134 0.0146816 0.209495 189 65 0
0.581043 0.0193997 0.207615 189 65 0
0.580939 0.0241516 0.2058 189 65 0
0.58071 0.0288313 0.203817 189 65 0
0.5806 0.0335201 0.201845 189 65 0
0.580508 0.0381988 0.199849 189 65 0
0.580344 0.0428496 0.197793 189 65 0
0.580257 0.0475023 0.195737 189 65 0
0.580264 0.052119 0.193599 189 65 0
0.580206 0.0567413 0.191477 189 65 0
0.578195 0.0561862 0.189972 189 65 0
0.573964 0.0544786 0.187501 189 65 0
0.569738 0.0528764 0.18496 189 65 0
0.56553 0.0514213 0.182296 189 65 0
0.561357 0.050158 0.179499 189 65 0
0.558947 0.0502959 0.17746 189 65 0
0.555587 0.0517952 0.174022 189 65 0
0.552192 0.0532149 0.17059 189 65 0
0.548674 0.0543361 0.167165 189 65 0
0.545237 0.055502 0.163674 189 65 0
0.541725 0.0564211 0.16019 190 64 0
0.544226 0.0561373 0.16267 190 64 0
0.547204 0.0542623 0.165984 190 64 0
0.550277 0.0525564 0.169306 190 64 0
0.55347 0.0510336 0.172604 190 64 0
0.556731 0.0496639 0.1759 190 64 0
0.558703 0.0491874 0.177757 190 64 0
0.562556 0.0487979 0.181156 190 64 0
0.566329 0.0481386 0.184581 190 64 0
0.570067 0.0472425 0.188011 190 64 0
0.5739 0.0464577 0.191366 190 64 0
0.577838 0.045918 0.194636 190 64 0
0.57603 0.0358883 0.198129 190 64 0
0.575404 0.0312308 0.199692 190 64 0
0.574765 0.02651 0.201047 190 64 0
0.574084 0.0217843 0.202366 190 64 0
0.573501 0.0170597 0.203732 190 64 0
0.572906 0.0123124 0.20501 190 64 0
0.572292 0.0075422 0.206194 190 64 0
0.571677 0.00275541 0.207307 190 64 0
0.571041 -0.00204202 0.208362 190 64 0
0.570401 -0.00683637 0.209429 190 64 0
0.569756 -0.0116269 0.21051 190 64 0
0.569117 -0.0164194 0.211586 190 64 0
0.568472 -0.0212093 0.212669 190 64 0
0.567785 -0.0259795 0.213812 190 64 0
0.566698 -0.0338289 0.215628 190 64 0
0.56619 -0.0386158 0.216472 190 64 0
0.565717 -0.0434155 0.217262 190 64 0
0.56523 -0.0482104 0.218074 190 64 0
0.564767 -0.0530156 0.218836 190 64 0
0.564305 -0.0578241 0.219578 190 64 0
0.56371 -0.0626363 0.22019 190 64 0
0.56315 -0.0674602 0.220741 190 64 0
0.56262 -0.0722936 0.221234 190 64 0
0.562047 -0.0771178 0.221765 190 64 0
0.561362 -0.0819327 0.222244 190 64 0
0.562122 -0.07713 0.222219 190 64 0
0.562812 -0.0719949 0.221478 190 64 0
0.563513 -0.0668376 0.220927 190 64 0
0.563996 -0.0616874 0.220128 190 64 0
0.564471 -0.0565356 0.219335 190 64 0
0.564906 -0.0513702 0.21861 190 64 0
0.565359 -0.0462084 0.217871 190 64 0
0.565825 -0.0410521 0.217101 190 64 0
0.567101 -0.0309478 0.21496 190 64 0
0.567779 -0.0261819 0.213819 190 64 0
0.568449 -0.0214098 0.2127 190 64 0
0.569088 -0.0166214 0.211634 190 64 0
0.569728 -0.0118354 0.210557 190 64 0
0.570372 -0.00705065 0.209477 190 64 0
0.571012 -0.00226235 0.208411 191 63 0
0.571771 0.00252699 0.207439 191 63 0
0.572591 0.00730805 0.206469 191 63 0
0.573406 0.0120752 0.205428 191 63 0
0.574246 0.0168258 0.204334 191 63 0
0.575108 0.0215591 0.203181 191 63 0
0.576007 0.0262846 0.202026 191 63 0
0.57698 0.0310056 0.200914 191 63 0
0.578207 0.0356615 0.199782 191 63 0
0.578777 0.0386632 0.198625 191 63 0
0.578812 0.0432885 0.196555 191 63 0
0.579173 0.0479785 0.194653 191 63 0
0.579122 0.0525724 0.192495 191 63 0
0.579575 0.057286 0.19068 191 63 0
0.579768 0.0619749 0.188757 191 63 0
0.580038 0.0667152 0.186978 191 63 0
0.581862 0.0695492 0.187113 191 63 0
0.585594 0.0734354 0.187963 191 63 0
0.589244 0.0774145 0.188806 191 63 0
0.592893 0.081364 0.189808 191 63 0
0.596264 0.0855736 0.190773 191 63 0
0.599449 0.0899067 0.191801 191 63 0
0.597475 0.0872125 0.191069 191 63 0
0.594267 0.084224 0.189745 191 63 0
0.59119 0.0809751 0.188704 191 63 0
0.587981 0.0778484 0.187684 191 63 0
0.584896 0.074525 0.186952 191 63 0
0.581573 0.0715388 0.18596 191 63 0
0.579564 0.0700047 0.185222 191 63 0
0.57644 0.0666997 0.184207 191 63 0
0.573286 0.0634511 0.18311 191 63 0
0.570293 0.0600154 0.182126 191 63 0
0.567173 0.0567082 0.181098 191 63 0
0.564017 0.0534405 0.180055 191 63 0
0.560713 0.0503841 0.178865 191 63 0
0.558947 0.0502959 0.17746 191 63 0
0.555493 0.0515913 0.174036 191 63 0
0.552126 0.0530764 0.170602 191 63 0
0.548608 0.0541976 0.167178 191 63 0
0.545211 0.055456 0.163682 191 63 0
0.541725 0.0564211 0.16019 191 63 0
0.544226 0.0561373 0.16267 191 63 0
0.547204 0.0542623 0.165984 191 63 0
0.550277 0.0525564 0.169306 191 63 0
0.55347 0.0510336 0.172604 191 63 0
0.556731 0.0496639 0.1759 191 63 0
0.558703 0.0491874 0.177757 191 63 0
0.562556 0.0487979 0.181156 191 63 0
0.566329 0.0481386 0.184581 191 63 0
0.570067 0.0472425 0.188011 191 63 0
0.5739 0.0464577 0.191366 191 63 0
0.577838 0.045918 0.194636 192 62 0
0.57603 0.0358883 0.198129 192 62 0
0.575404 0.0312308 0.199692 192 62 0
0.574765 0.02651 0.201047 192 62 0
0.574084 0.0217843 0.202366 192 62 0
0.573501 0.0170597 0.203732 192 62 0
0.572906 0.0123124 0.20501 192 62 0
0.572292 0.0075422 0.206194 192 62 0
0.571677 0.00275541 0.207307 192 62 0
0.571041 -0.00204202 0.208362 192 62 0
0.570401 -0.00683637 0.209429 192 62 0
0.569756 -0.0116269 0.21051 192 62 0
0.569117 -0.0164194 0.211586 192 62 0
0.568472 -0.0212093 0.212669 192 62 0
0.567785 -0.0259795 0.213812 192 62 0
0.566698 -0.0338289 0.215628 192 62 0
0.56619 -0.0386158 0.216472 192 62 0
0.565717 -0.0434155 0.217262 192 62 0
0.56523 -0.0482104 0.218074 192 62 0
0.564767 -0.0530156 0.218836 192 62 0
0.564305 -0.0578241 0.219578 192 62 0
0.56371 -0.0626363 0.22019 192 62 0
0.56315 -0.0674602 0.220741 192 62 0
0.56262 -0.0722936 0.221234 192 62 0
0.562047 -0.0771178 0.221765 192 62 0
0.561362 -0.0819327 0.222244 192 62 0
0.562122 -0.07713 0.222219 192 62 0
0.562812 -0.0719949 0.221478 192 62 0
0.563513 -0.0668376 0.220927 192 62 0
0.563996 -0.0616874 0.220128 192 62 0
0.564471 -0.0565356 0.219335 192 62 0
0.564906 -0.0513702 0.21861 192 62 0
0.565359 -0.0462084 0.217871 192 62 0
0.565825 -0.0410521 0.217101 192 62 0
0.567101 -0.0309478 0.21496 192 62 0
0.567779 -0.0261819 0.213819 192 62 0
0.568449 -0.0214098 0.2127 192 62 0
0.569088 -0.0166214 0.211634 192 62 0
0.569728 -0.0118354 0.210557 192 62 0
0.570372 -0.00705065 0.209477 192 62 0
0.571012 -0.00226235 0.208411 192 62 0
0.571771 0.00252699 0.207439 192 62 0
0.572591 0.00730805 0.206469 192 62 0
0.573406 0.0120752 0.205428 192 62 0
0.574246 0.0168258 0.204334 192 62 0
0.575108 0.0215591 0.203181 192 62 0
0.576007 0.0262846 0.202026 192 62 0
0.57698 0.0310056 0.200914 192 62 0
0.578207 0.0356615 0.199782 192 62 0
0.578777 0.0386632 0.198625 192 62 0
0.578812 0.0432885 0.196555 192 62 0
0.579173 0.0479785 0.194653 192 62 0
0.579122 0.0525724 0.192495 193 61 0
0.579575 0.057286 0.19068 193 61 0
0.579768 0.0619749 0.188757 193 61 0
0.580038 0.0667152 0.186978 193 61 0
0.581862 0.0695492 0.187113 193 61 0
0.585594 0.0734354 0.187963 193 61 0
0.589244 0.0774145 0.188806 193 61 0
0.592893 0.081364 0.189808 193 61 0
0.596264 0.0855736 0.190773 193 61 0
0.599449 0.0899067 0.191801 193 61 0
0.593365 0.0943603 0.19837 193 61 0
0.646522 0.0887085 0.248126 193 61 0
0.651672 0.0860294 0.239984 193 61 0
0.653044 0.0844487 0.240932 193 61 0
0.655645 0.0805753 0.243082 193 61 0
0.658283 0.0767185 0.245215 193 61 0
0.661082 0.072963 0.247323 193 61 0
0.66402 0.0693461 0.249484 193 61 0
0.666941 0.0657893 0.251763 193 61 0
0.668637 0.0642859 0.252976 193 61 0
0.670099 0.0607509 0.255603 193 61 0
0.671681 0.0572623 0.258223 193 61 0
0.673598 0.0538862 0.260766 193 61 0
0.675729 0.0505973 0.26325 193 61 0
0.677643 0.0471163 0.265643 193 61 0
0.679649 0.0436985 0.268053 193 61 0
0.682473 0.0444685 0.269576 193 61 0
0.686593 0.0443049 0.27238 193 61 0
0.690747 0.0444921 0.275123 193 61 0
0.69496 0.044981 0.277748 193 61 0
0.699217 0.0457796 0.280202 193 61 0
0.696701 0.045026 0.278943 193 61 0
0.692107 0.044179 0.276146 193 61 0
0.687505 0.0430932 0.273432 193 61 0
0.682917 0.0417731 0.270813 193 61 0
0.68054 0.0417484 0.269335 193 61 0
0.67566 0.0412799 0.26671 193 61 0
0.67075 0.0411 0.264125 193 61 0
0.665826 0.0412622 0.261544 193 61 0
0.6609 0.0414698 0.258972 193 61 0
0.660478 0.033466 0.260736 193 61 0
0.66005 0.0285792 0.261645 193 61 0
0.659609 0.0236637 0.262377 193 61 0
0.659187 0.018756 0.263159 193 61 0
0.658945 0.0138471 0.26401 193 61 0
0.658535 0.00891712 0.264659 193 61 0
0.658187 0.00397641 0.265262 193 61 0
0.657818 -0.000963763 0.265856 193 61 0
0.657505 -0.00589787 0.266527 193 61 0
0.657203 -0.0108298 0.267219 193 61 0
0.656885 -0.0157555 0.267948 193 61 0
0.65661 -0.0206585 0.268825 194 60 0
0.656283 -0.0255593 0.269699 194 60 0
0.656014 -0.0304427 0.270681 194 60 0
0.654238 -0.0382054 0.272192 194 60 0
0.653482 -0.0432013 0.273616 194 60 0
0.65274 -0.0482438 0.274874 194 60 0
0.652059 -0.0533217 0.276016 194 60 0
0.651503 -0.0584432 0.277024 194 60 0
0.651025 -0.0635987 0.277887 194 60 0
0.650538 -0.068775 0.278615 194 60 0
0.650104 -0.073972 0.279211 194 60 0
0.649742 -0.0791916 0.279633 194 60 0
0.649357 -0.0844067 0.280086 194 60 0
0.649788 -0.0791045 0.279548 194 60 0
0.65009 -0.0738858 0.2792 194 60 0
0.650476 -0.0686792 0.278763 194 60 0
0.650976 -0.0634956 0.278194 194 60 0
0.65147 -0.0583423 0.277401 194 60 0
0.652387 -0.053255 0.276551 194 60 0
0.653435 -0.048228 0.275511 194 60 0
0.654518 -0.0432422 0.27432 194 60 0
0.655816 -0.032924 0.271463 194 60 0
0.656101 -0.0280613 0.270409 194 60 0
0.656073 -0.0231955 0.269338 194 60 0
0.6562 -0.0183278 0.268276 194 60 0
0.656328 -0.0134523 0.267247 194 60 0
0.656531 -0.00854782 0.266388 194 60 0
0.656634 -0.00364133 0.265524 194 60 0
0.65673 0.00126612 0.264661 194 60 0
0.656851 0.00617206 0.263791 194 60 0
0.656899 0.0110694 0.262864 194 60 0
0.656977 0.0159721 0.261974 194 60 0
0.657228 0.0208834 0.261161 194 60 0
0.657449 0.0257861 0.26029 194 60 0
0.65744 0.0306565 0.25924 194 60 0
0.6583 0.0336074 0.259078 194 60 0
0.659351 0.0383874 0.258671 194 60 0
0.660629 0.04311 0.258226 194 60 0
0.661694 0.0478356 0.25738 194 60 0
0.663458 0.0523678 0.256601 194 60 0
0.665112 0.0568324 0.255353 194 60 0
0.667041 0.061194 0.254144 194 60 0
0.666185 0.0632743 0.252912 194 60 0
0.664069 0.0667966 0.250797 194 60 0
0.661984 0.0703482 0.24873 194 60 0
0.659249 0.0735472 0.246819 194 60 0
0.65717 0.0771848 0.244855 194 60 0
0.654921 0.080722 0.242898 194 60 0
0.653044 0.0844487 0.240932 194 60 0
0.654215 0.0825908 0.241928 194 60 0
0.656847 0.0792572 0.243828 194 60 0
0.65944 0.0758983 0.245738 195 59 0
0.66194 0.0724836 0.247673 195 59 0
0.664379 0.0690885 0.249716 195 59 0
0.666941 0.0657893 0.251763 195 59 0
0.668637 0.0642859 0.252976 195 59 0
0.670099 0.0607509 0.255603 195 59 0
0.671681 0.0572623 0.258223 195 59 0
0.673598 0.0538862 0.260766 195 59 0
0.675729 0.0505973 0.26325 195 59 0
0.677643 0.0471163 0.265643 195 59 0
0.679649 0.0436985 0.268053 195 59 0
0.682473 0.0444685 0.269576 195 59 0
0.686593 0.0443049 0.27238 195 59 0
0.690747 0.0444921 0.275123 195 59 0
0.69496 0.044981 0.277748 195 59 0
0.699217 0.0457796 0.280202 195 59 0
0.696701 0.045026 0.278943 195 59 0
0.692107 0.044179 0.276146 195 59 0
0.687505 0.0430932 0.273432 195 59 0
0.682917 0.0417731 0.270813 195 59 0
0.68054 0.0417484 0.269335 195 59 0
0.67566 0.0412799 0.26671 195 59 0
0.67075 0.0411 0.264125 195 59 0
0.665826 0.0412622 0.261544 195 59 0
0.6609 0.0414698 0.258972 195 59 0
0.660478 0.033466 0.260736 195 59 0
0.66005 0.0285792 0.261645 195 59 0
0.659609 0.0236637 0.262377 195 59 0
0.659187 0.018756 0.263159 195 59 0
0.658945 0.0138471 0.26401 195 59 0
0.658535 0.00891712 0.264659 195 59 0
0.658187 0.00397641 0.265262 195 59 0
0.657818 -0.000963763 0.265856 195 59 0
0.657505 -0.00589787 0.266527 195 59 0
0.657203 -0.0108298 0.267219 195 59 0
0.656885 -0.0157555 0.267948 195 59 0
0.65661 -0.0206585 0.268825 195 59 0
0.656283 -0.0255593 0.269699 195 59 0
0.656014 -0.0304427 0.270681 195 59 0
0.654238 -0.0382054 0.272192 195 59 0
0.653482 -0.0432013 0.273616 195 59 0
0.65274 -0.0482438 0.274874 195 59 0
0.652059 -0.0533217 0.276016 195 59 0
0.651503 -0.0584432 0.277024 195 59 0
0.651025 -0.0635987 0.277887 195 59 0
0.650538 -0.068775 0.278615 195 59 0
0.650104 -0.073972 0.279211 195 59 0
0.649742 -0.0791916 0.279633 195 59 0
0.649357 -0.0844067 0.280086 195 59 0
0.649788 -0.0791045 0.279548 195 59 0
0.65009 -0.0738858 0.2792 195 59 0
0.650476 -0.0686792 0.278763 196 58 0
0.650976 -0.0634956 0.278194 196 58 0
0.65147 -0.0583423 0.277401 196 58 0
0.652387 -0.053255 0.276551 196 58 0
0.653435 -0.048228 0.275511 196 58 0
0.654518 -0.0432422 0.27432 196 58 0
0.655816 -0.032924 0.271463 196 58 0
0.656101 -0.0280613 0.270409 196 58 0
0.656073 -0.0231955 0.269338 196 58 0
0.6562 -0.0183278 0.268276 196 58 0
0.656328 -0.0134523 0.267247 196 58 0
0.656531 -0.00854782 0.266388 196 58 0
0.656634 -0.00364133 0.265524 196 58 0
0.65673 0.00126612 0.264661 196 58 0
0.656851 0.00617206 0.263791 196 58 0
0.656899 0.0110694 0.262864 196 58 0
0.656977 0.0159721 0.261974 196 58 0
0.657228 0.0208834 0.261161 196 58 0
0.657449 0.0257861 0.26029 196 58 0
0.65744 0.0306565 0.25924 196 58 0
0.6583 0.0336074 0.259078 196 58 0
0.659351 0.0383874 0.258671 196 58 0
0.660629 0.04311 0.258226 196 58 0
0.661694 0.0478356 0.25738 196 58 0
0.663458 0.0523678 0.256601 196 58 0
0.665112 0.0568324 0.255353 196 58 0
0.667041 0.061194 0.254144 196 58 0
0.666185 0.0632743 0.252912 196 58 0
0.664069 0.0667966 0.250797 196 58 0
0.661984 0.0703482 0.24873 196 58 0
0.659249 0.0735472 0.246819 196 58 0
0.65717 0.0771848 0.244855 196 58 0
0.654921 0.080722 0.242898 196 58 0
0.653044 0.0844487 0.240932 196 58 0
0.647979 0.0872416 0.24909 196 58 0
0.594926 0.0971966 0.198706 196 58 0
0.60108 0.0925958 0.192306 196 58 0
0.584202 -0.0364599 0.229139 196 58 0
0.583584 -0.0234463 0.223536 196 58 0
0.583277 -0.0186979 0.221745 196 58 0
0.582962 -0.0139161 0.220036 196 58 0
0.582727 -0.00913347 0.21832 196 58 0
0.582437 -0.00437386 0.216547 196 58 0
0.58216 0.000404775 0.214823 196 58 0
0.581807 0.00516481 0.213062 196 58 0
0.581506 0.00991459 0.211264 196 58 0
0.58134 0.0146816 0.209495 196 58 0
0.581043 0.0193997 0.207615 196 58 0
0.580939 0.0241516 0.2058 196 58 0
0.58071 0.0288313 0.203817 196 58 0
0.5806 0.0335201 0.201845 196 58 0
0.580508 0.0381988 0.199849 197 57 0
0.580344 0.0428496 0.197793 197 57 0
0.580257 0.0475023 0.195737 197 57 0
0.580264 0.052119 0.193599 197 57 0
0.580206 0.0567413 0.191477 197 57 0
0.578195 0.0561862 0.189972 197 57 0
0.573964 0.0544786 0.187501 197 57 0
0.569738 0.0528764 0.18496 197 57 0
0.56553 0.0514213 0.182296 197 57 0
0.561357 0.050158 0.179499 197 57 0
0.558947 0.0502959 0.17746 197 57 0
0.555587 0.0517952 0.174022 197 57 0
0.552192 0.0532149 0.17059 197 57 0
0.548674 0.0543361 0.167165 197 57 0
0.545237 0.055502 0.163674 197 57 0
0.541725 0.0564211 0.16019 197 57 0
0.544226 0.0561373 0.16267 197 57 0
0.547204 0.0542623 0.165984 197 57 0
0.550277 0.0525564 0.169306 197 57 0
0.55347 0.0510336 0.172604 197 57 0
0.556731 0.0496639 0.1759 197 57 0
0.558703 0.0491874 0.177757 197 57 0
0.562556 0.0487979 0.181156 197 57 0
0.566329 0.0481386 0.184581 197 57 0
0.570067 0.0472425 0.188011 197 57 0
0.5739 0.0464577 0.191366 197 57 0
0.577838 0.045918 0.194636 197 57 0
0.57603 0.0358883 0.198129 197 57 0
0.575404 0.0312308 0.199692 197 57 0
0.574765 0.02651 0.201047 197 57 0
0.574084 0.0217843 0.202366 197 57 0
0.573501 0.0170597 0.203732 197 57 0
0.572906 0.0123124 0.20501 197 57 0
0.572292 0.0075422 0.206194 197 57 0
0.571677 0.00275541 0.207307 197 57 0
0.571041 -0.00204202 0.208362 197 57 0
0.570401 -0.00683637 0.209429 197 57 0
0.569756 -0.0116269 0.21051 197 57 0
0.569117 -0.0164194 0.211586 197 57 0
0.568472 -0.0212093 0.212669 197 57 0
0.567785 -0.0259795 0.213812 197 57 0
0.566698 -0.0338289 0.215628 197 57 0
0.56619 -0.0386158 0.216472 197 57 0
0.565717 -0.0434155 0.217262 197 57 0
0.56523 -0.0482104 0.218074 197 57 0
0.564767 -0.0530156 0.218836 197 57 0
0.564305 -0.0578241 0.219578 197 57 0
0.56371 -0.0626363 0.22019 197 57 0
0.56315 -0.0674602 0.220741 197 57 0
0.56262 -0.0722936 0.221234 197 57 0
0.562047 -0.0771178 0.221765 197 57 0
0.561362 -0.0819327 0.222244 197 57 0
0.562122 -0.07713 0.222219 198 56 0
0.562812 -0.0719949 0.221478 198 56 0
0.563513 -0.0668376 0.220927 198 56 0
0.563996 -0.0616874 0.220128 198 56 0
0.564471 -0.0565356 0.219335 198 56 0
0.564906 -0.0513702 0.21861 198 56 0
0.565359 -0.0462084 0.217871 198 56 0
0.565825 -0.0410521 0.217101 198 56 0
0.567101 -0.0309478 0.21496 198 56 0
0.567779 -0.0261819 0.213819 198 56 0
0.568449 -0.0214098 0.2127 198 56 0
0.569088 -0.0166214 0.211634 198 56 0
0.569728 -0.0118354 0.210557 198 56 0
0.570372 -0.00705065 0.209477 198 56 0
0.571012 -0.00226235 0.208411 198 56 0
0.571771 0.00252699 0.207439 198 56 0
0.572591 0.00730805 0.206469 198 56 0
0.573406 0.0120752 0.205428 198 56 0
0.574246 0.0168258 0.204334 198 56 0
0.575108 0.0215591 0.203181 198 56 0
0.576007 0.0262846 0.202026 198 56 0
0.57698 0.0310056 0.200914 198 56 0
0.578207 0.0356615 0.199782 198 56 0
0.578777 0.0386632 0.198625 198 56 0
0.578812 0.0432885 0.196555 198 56 0
0.579173 0.0479785 0.194653 198 56 0
0.579122 0.0525724 0.192495 198 56 0
0.579575 0.057286 0.19068 198 56 0
0.579768 0.0619749 0.188757 198 56 0
0.580038 0.0667152 0.186978 198 56 0
0.581862 0.0695492 0.187113 198 56 0
0.585594 0.0734354 0.187963 198 56 0
0.589244 0.0774145 0.188806 198 56 0
0.592893 0.081364 0.189808 198 56 0
0.596264 0.0855736 0.190773 198 56 0
0.599449 0.0899067 0.191801 198 56 0
0.597475 0.0872125 0.191069 198 56 0
0.594267 0.084224 0.189745 198 56 0
0.59119 0.0809751 0.188704 198 56 0
0.587981 0.0778484 0.187684 198 56 0
0.584896 0.074525 0.186952 198 56 0
0.581573 0.0715388 0.18596 198 56 0
0.579564 0.0700047 0.185222 198 56 0
0.57644 0.0666997 0.184207 198 56 0
0.573286 0.0634511 0.18311 198 56 0
0.570293 0.0600154 0.182126 198 56 0
0.567173 0.0567082 0.181098 198 56 0
0.564017 0.0534405 0.180055 198 56 0
0.560713 0.0503841 0.178865 198 56 0
0.558947 0.0502959 0.17746 198 56 0
0.555493 0.0515913 0.174036 198 56 0
0.552126 0.0530764 0.170602 199 55 0
0.548608 0.0541976 0.167178 199 55 0
0.545211 0.055456 0.163682 199 55 0
0.541725 0.0564211 0.16019 199 55 0
0.544226 0.0561373 0.16267 199 55 0
0.547204 0.0542623 0.165984 199 55 0
0.550277 0.0525564 0.169306 199 55 0
0.55347 0.0510336 0.172604 199 55 0
0.556731 0.0496639 0.1759 199 55 0
0.558703 0.0491874 0.177757 199 55 0
0.562556 0.0487979 0.181156 199 55 0
0.566329 0.0481386 0.184581 199 55 0
0.570067 0.0472425 0.188011 199 55 0
0.5739 0.0464577 0.191366 199 55 0
0.577838 0.045918 0.194636 199 55 0
0.57603 0.0358883 0.198129 199 55 0
0.575404 0.0312308 0.199692 199 55 0
0.574765 0.02651 0.201047 199 55 0
0.574084 0.0217843 0.202366 199 55 0
0.573501 0.0170597 0.203732 199 55 0
0.572906 0.0123124 0.20501 199 55 0
0.572292 0.0075422 0.206194 199 55 0
0.571677 0.00275541 0.207307 199 55 0
0.571041 -0.00204202 0.208362 199 55 0
0.570401 -0.00683637 0.209429 199 55 0
0.569756 -0.0116269 0.21051 199 55 0
0.569117 -0.0164194 0.211586 199 55 0
0.568472 -0.0212093 0.212669 199 55 0
0.567785 -0.0259795 0.213812 199 55 0
0.566698 -0.0338289 0.215628 199 55 0
0.56619 -0.0386158 0.216472 199 55 0
0.565717 -0.0434155 0.217262 199 55 0
0.56523 -0.0482104 0.218074 199 55 0
0.564767 -0.0530156 0.218836 199 55 0
0.564305 -0.0578241 0.219578 199 55 0
0.56371 -0.0626363 0.22019 199 55 0
0.56315 -0.0674602 0.220741 199 55 0
0.56262 -0.0722936 0.221234 199 55 0
0.562047 -0.0771178 0.221765 199 55 0
0.561362 -0.0819327 0.222244 199 55 0
0.562122 -0.07713 0.222219 199 55 0
0.562812 -0.0719949 0.221478 199 55 0
0.563513 -0.0668376 0.220927 199 55 0
0.563996 -0.0616874 0.220128 199 55 0
0.564471 -0.0565356 0.219335 199 55 0
0.564906 -0.0513702 0.21861 199 55 0
0.565359 -0.0462084 0.217871 199 55 0
0.565825 -0.0410521 0.217101 199 55 0
0.567101 -0.0309478 0.21496 199 55 0
0.567779 -0.0261819 0.213819 199 55 0
0.568449 -0.0214098 0.2127 199 55 0
0.569088 -0.0166214 0.211634 200 54 0
0.569728 -0.0118354 0.210557 200 54 0
0.570372 -0.00705065 0.209477 200 54 0
0.571012 -0.00226235 0.208411 200 54 0
0.571771 0.00252699 0.207439 200 54 0
0.572591 0.00730805 0.206469 200 54 0
0.573406 0.0120752 0.205428 200 54 0
0.574246 0.0168258 0.204334 200 54 0
0.575108 0.0215591 0.203181 200 54 0
0.576007 0.0262846 0.202026 200 54 0
0.57698 0.0310056 0.200914 200 54 0
0.578207 0.0356615 0.199782 200 54 0
0.578777 0.0386632 0.198625 200 54 0
0.578812 0.0432885 0.196555 200 54 0
0.579173 0.0479785 0.194653 200 54 0
0.579122 0.0525724 0.192495 200 54 0
0.579575 0.057286 0.19068 200 54 0
0.579768 0.0619749 0.188757 200 54 0
0.580038 0.0667152 0.186978 200 54 0
0.581862 0.0695492 0.187113 200 54 0
0.585594 0.0734354 0.187963 200 54 0
0.589244 0.0774145 0.188806 200 54 0
0.592893 0.081364 0.189808 200 54 0
0.596264 0.0855736 0.190773 200 54 0
0.599449 0.0899067 0.191801 200 54 0
0.593365 0.0943603 0.19837 200 54 0
0.646522 0.0887085 0.248126 200 54 0
0.651672 0.0860294 0.239984 200 54 0
0.653044 0.0844487 0.240932 200 54 0
0.655645 0.0805753 0.243082 200 54 0
0.658283 0.0767185 0.245215 200 54 0
0.661082 0.072963 0.247323 200 54 0
0.66402 0.0693461 0.249484 200 54 0
0.666941 0.0657893 0.251763 200 54 0
0.668637 0.0642859 0.252976 200 54 0
0.670099 0.0607509 0.255603 200 54 0
0.671681 0.0572623 0.258223 200 54 0
0.673598 0.0538862 0.260766 200 54 0
0.675729 0.0505973 0.26325 200 54 0
0.677643 0.0471163 0.265643 200 54 0
0.679649 0.0436985 0.268053 200 54 0
0.682473 0.0444685 0.269576 200 54 0
0.686593 0.0443049 0.27238 200 54 0
0.690747 0.0444921 0.275123 200 54 0
0.69496 0.044981 0.277748 200 54 0
0.699217 0.0457796 0.280202 200 54 0
0.696701 0.045026 0.278943 200 54 0
0.692107 0.044179 0.276146 200 54 0
0.687505 0.0430932 0.273432 200 54 0
0.682917 0.0417731 0.270813 200 54 0
0.68054 0.0417484 0.269335 200 54 0
0.67566 0.0412799 0.26671 201 53 0
0.67075 0.0411 0.264125 201 53 0
0.665826 0.0412622 0.261544 201 53 0
0.6609 0.0414698 0.258972 201 53 0
0.660478 0.033466 0.260736 201 53 0
0.66005 0.0285792 0.261645 201 53 0
0.659609 0.0236637 0.262377 201 53 0
0.659187 0.018756 0.263159 201 53 0
0.658945 0.0138471 0.26401 201 53 0
0.658535 0.00891712 0.264659 201 53 0
0.658187 0.00397641 0.265262 201 53 0
0.657818 -0.000963763 0.265856 201 53 0
0.657505 -0.00589787 0.266527 201 53 0
0.657203 -0.0108298 0.267219 201 53 0
0.656885 -0.0157555 0.267948 201 53 0
0.65661 -0.0206585 0.268825 201 53 0
0.656283 -0.0255593 0.269699 201 53 0
0.656014 -0.0304427 0.270681 201 53 0
0.654238 -0.0382054 0.272192 201 53 0
0.653482 -0.0432013 0.273616 201 53 0
0.65274 -0.0482438 0.274874 201 53 0
0.652059 -0.0533217 0.276016 201 53 0
0.651503 -0.0584432 0.277024 201 53 0
0.651025 -0.0635987 0.277887 201 53 0
0.650538 -0.068775 0.278615 201 53 0
0.650104 -0.073972 0.279211 201 53 0
0.649742 -0.0791916 0.279633 201 53 0
0.649357 -0.0844067 0.280086 201 53 0
0.649788 -0.0791045 0.279548 201 53 0
0.65009 -0.0738858 0.2792 201 53 0
0.650476 -0.0686792 0.278763 201 53 0
0.650976 -0.0634956 0.278194 201 53 0
0.65147 -0.0583423 0.277401 201 53 0
0.652387 -0.053255 0.276551 201 53 0
0.653435 -0.048228 0.275511 201 53 0
0.654518 -0.0432422 0.27432 201 53 0
0.655816 -0.032924 0.271463 201 53 0
0.656101 -0.0280613 0.270409 201 53 0
0.656073 -0.0231955 0.269338 201 53 0
0.6562 -0.0183278 0.268276 201 53 0
0.656328 -0.0134523 0.267247 201 53 0
0.656531 -0.00854782 0.266388 201 53 0
0.656634 -0.00364133 0.265524 201 53 0
0.65673 0.00126612 0.264661 201 53 0
0.656851 0.00617206 0.263791 201 53 0
0.656899 0.0110694 0.262864 201 53 0
0.656977 0.0159721 0.261974 201 53 0
0.657228 0.0208834 0.261161 201 53 0
0.657449 0.0257861 0.26029 201 53 0
0.65744 0.0306565 0.25924 201 53 0
0.6583 0.0336074 0.259078 201 53 0
0.659351 0.0383874 0.258671 202 52 0
0.660629 0.04311 0.258226 202 52 0
0.661694 0.0478356 0.25738 202 52 0
0.663458 0.0523678 0.256601 202 52 0
0.665112 0.0568324 0.255353 202 52 0
0.667041 0.061194 0.254144 202 52 0
0.666185 0.0632743 0.252912 202 52 0
0.664069 0.0667966 0.250797 202 52 0
0.661984 0.0703482 0.24873 202 52 0
0.659249 0.0735472 0.246819 202 52 0
0.65717 0.0771848 0.244855 202 52 0
0.654921 0.080722 0.242898 202 52 0
0.653044 0.0844487 0.240932 202 52 0
0.654215 0.0825908 0.241928 202 52 0
0.656847 0.0792572 0.243828 202 52 0
0.65944 0.0758983 0.245738 202 52 0
0.66194 0.0724836 0.247673 202 52 0
0.664379 0.0690885 0.249716 202 52 0
0.666941 0.0657893 0.251763 202 52 0
0.668637 0.0642859 0.252976 202 52 0
0.670099 0.0607509 0.255603 202 52 0
0.671681 0.0572623 0.258223 202 52 0
0.673598 0.0538862 0.260766 202 52 0
0.675729 0.0505973 0.26325 202 52 0
0.677643 0.0471163 0.265643 202 52 0
0.679649 0.0436985 0.268053 202 52 0
0.682473 0.0444685 0.269576 202 52 0
0.686593 0.0443049 0.27238 202 52 0
0.690747 0.0444921 0.275123 202 52 0
0.69496 0.044981 0.277748 202 52 0
0.699217 0.0457796 0.280202 202 52 0
0.696701 0.045026 0.278943 202 52 0
0.692107 0.044179 0.276146 202 52 0
0.687505 0.0430932 0.273432 202 52 0
0.682917 0.0417731 0.270813 202 52 0
0.68054 0.0417484 0.269335 202 52 0
0.67566 0.0412799 0.26671 202 52 0
0.67075 0.0411 0.264125 202 52 0
0.665826 0.0412622 0.261544 202 52 0
0.6609 0.0414698 0.258972 202 52 0
0.660478 0.033466 0.260736 202 52 0
0.66005 0.0285792 0.261645 202 52 0
0.659609 0.0236637 0.262377 202 52 0
0.659187 0.018756 0.263159 202 52 0
0.658945 0.0138471 0.26401 202 52 0
0.658535 0.00891712 0.264659 202 52 0
0.658187 0.00397641 0.265262 202 52 0
0.657818 -0.000963763 0.265856 202 52 0
0.657505 -0.00589787 0.266527 202 52 0
0.657203 -0.0108298 0.267219 202 52 0
0.656885 -0.0157555 0.267948 202 52 0
0.65661 -0.0206585 0.268825 202 52 0
0.656283 -0.0255593 0.269699 203 51 0
0.656014 -0.0304427 0.270681 203 51 0
0.654238 -0.0382054 0.272192 203 51 0
0.653482 -0.0432013 0.273616 203 51 0
0.65274 -0.0482438 0.274874 203 51 0
0.652059 -0.0533217 0.276016 203 51 0
0.651503 -0.0584432 0.277024 203 51 0
0.651025 -0.0635987 0.277887 203 51 0
0.650538 -0.068775 0.278615 203 51 0
0.650104 -0.073972 0.279211 203 51 0
0.649742 -0.0791916 0.279633 203 51 0
0.649357 -0.0844067 0.280086 203 51 0
0.649788 -0.0791045 0.279548 203 51 0
0.65009 -0.0738858 0.2792 203 51 0
0.650476 -0.0686792 0.278763 203 51 0
0.650976 -0.0634956 0.278194 203 51 0
0.65147 -0.0583423 0.277401 203 51 0
0.652387 -0.053255 0.276551 203 51 0
0.653435 -0.048228 0.275511 203 51 0
0.654518 -0.0432422 0.27432 203 51 0
0.655816 -0.032924 0.271463 203 51 0
0.656101 -0.0280613 0.270409 203 51 0
0.656073 -0.0231955 0.269338 203 51 0
0.6562 -0.0183278 0.268276 203 51 0
0.656328 -0.0134523 0.267247 203 51 0
0.656531 -0.00854782 0.266388 203 51 0
0.656634 -0.00364133 0.265524 203 51 0
0.65673 0.00126612 0.264661 203 51 0
0.656851 0.00617206 0.263791 203 51 0
0.656899 0.0110694 0.262864 203 51 0
0.656977 0.0159721 0.261974 203 51 0
0.657228 0.0208834 0.261161 203 51 0
0.657449 0.0257861 0.26029 203 51 0
0.65744 0.0306565 0.25924 203 51 0
0.6583 0.0336074 0.259078 203 51 0
0.659351 0.0383874 0.258671 203 51 0
0.660629 0.04311 0.258226 203 51 0
0.661694 0.0478356 0.25738 203 51 0
0.663458 0.0523678 0.256601 203 51 0
0.665112 0.0568324 0.255353 203 51 0
0.667041 0.061194 0.254144 203 51 0
0.666185 0.0632743 0.252912 203 51 0
0.664069 0.0667966 0.250797 203 51 0
0.661984 0.0703482 0.24873 203 51 0
0.659249 0.0735472 0.246819 203 51 0
0.65717 0.0771848 0.244855 203 51 0
0.654921 0.080722 0.242898 203 51 0
0.653044 0.0844487 0.240932 203 51 0
0.647979 0.0872416 0.24909 203 51 0
0.594926 0.0971966 0.198706 203 51 0
0.60108 0.0925958 0.192306 203 51 0
0.584202 -0.0364599 0.229139 204 50 0
0.583584 -0.0234463 0.223536 204 50 0
0.583277 -0.0186979 0.221745 204 50 0
0.582962 -0.0139161 0.220036 204 50 0
0.582727 -0.00913347 0.21832 204 50 0
0.582437 -0.00437386 0.216547 204 50 0
0.58216 0.000404775 0.214823 204 50 0
0.581807 0.00516481 0.213062 204 50 0
0.581506 0.00991459 0.211264 204 50 0
0.58134 0.0146816 0.209495 204 50 0
0.581043 0.0193997 0.207615 204 50 0
0.580939 0.0241516 0.2058 204 50 0
0.58071 0.0288313 0.203817 204 50 0
0.5806 0.0335201 0.201845 204 50 0
0.580508 0.0381988 0.199849 204 50 0
0.580344 0.0428496 0.197793 204 50 0
0.580257 0.0475023 0.195737 204 50 0
0.580264 0.052119 0.193599 204 50 0
0.580206 0.0567413 0.191477 204 50 0
0.578195 0.0561862 0.189972 204 50 0
0.573964 0.0544786 0.187501 204 50 0
0.569738 0.0528764 0.18496 204 50 0
0.56553 0.0514213 0.182296 204 50 0
0.561357 0.050158 0.179499 204 50 0
0.558947 0.0502959 0.17746 204 50 0
0.555587 0.0517952 0.174022 204 50 0
0.552192 0.0532149 0.17059 204 50 0
0.548674 0.0543361 0.167165 204 50 0
0.545237 0.055502 0.163674 204 50 0
0.541725 0.0564211 0.16019 204 50 0
0.544226 0.0561373 0.16267 204 50 0
0.547204 0.0542623 0.165984 204 50 0
0.550277 0.0525564 0.169306 204 50 0
0.55347 0.0510336 0.172604 204 50 0
0.556731 0.0496639 0.1759 204 50 0
0.558703 0.0491874 0.177757 204 50 0
0.562556 0.0487979 0.181156 204 50 0
0.566329 0.0481386 0.184581 204 50 0
0.570067 0.0472425 0.188011 204 50 0
0.5739 0.0464577 0.191366 204 50 0
0.577838 0.045918 0.194636 204 50 0
0.57603 0.0358883 0.198129 204 50 0
0.575404 0.0312308 0.199692 204 50 0
0.574765 0.02651 0.201047 204 50 0
0.574084 0.0217843 0.202366 204 50 0
0.573501 0.0170597 0.203732 204 50 0
0.572906 0.0123124 0.20501 204 50 0
0.572292 0.0075422 0.206194 204 50 0
0.571677 0.00275541 0.207307 204 50 0
0.571041 -0.00204202 0.208362 204 50 0
0.570401 -0.00683637 0.209429 204 50 0
0.569756 -0.0116269 0.21051 205 49 0
0.569117 -0.0164194 0.211586 205 49 0
0.568472 -0.0212093 0.212669 205 49 0
0.567785 -0.0259795 0.213812 205 49 0
0.566698 -0.0338289 0.215628 205 49 0
0.56619 -0.0386158 0.216472 205 49 0
0.565717 -0.0434155 0.217262 205 49 0
0.56523 -0.0482104 0.218074 205 49 0
0.564767 -0.0530156 0.218836 205 49 0
0.564305 -0.0578241 0.219578 205 49 0
0.56371 -0.0626363 0.22019 205 49 0
0.56315 -0.0674602 0.220741 205 49 0
0.56262 -0.0722936 0.221234 205 49 0
0.562047 -0.0771178 0.221765 205 49 0
0.561362 -0.0819327 0.222244 205 49 0
0.562122 -0.07713 0.222219 205 49 0
0.562812 -0.0719949 0.221478 205 49 0
0.563513 -0.0668376 0.220927 205 49 0
0.563996 -0.0616874 0.220128 205 49 0
0.564471 -0.0565356 0.219335 205 49 0
0.564906 -0.0513702 0.21861 205 49 0
0.565359 -0.0462084 0.217871 205 49 0
0.565825 -0.0410521 0.217101 205 49 0
0.567101 -0.0309478 0.21496 205 49 0
0.567779 -0.0261819 0.213819 205 49 0
0.568449 -0.0214098 0.2127 205 49 0
0.569088 -0.0166214 0.211634 205 49 0
0.569728 -0.0118354 0.210557 205 49 0
0.570372 -0.00705065 0.209477 205 49 0
0.571012 -0.00226235 0.208411 205 49 0
0.571771 0.00252699 0.207439 205 49 0
0.572591 0.00730805 0.206469 205 49 0
0.573406 0.0120752 0.205428 205 49 0
0.574246 0.0168258 0.204334 205 49 0
0.575108 0.0215591 0.203181 205 49 0
0.576007 0.0262846 0.202026 205 49 0
0.57698 0.0310056 0.200914 205 49 0
0.578207 0.0356615 0.199782 205 49 0
0.578777 0.0386632 0.198625 205 49 0
0.578812 0.0432885 0.196555 205 49 0
0.579173 0.0479785 0.194653 205 49 0
0.579122 0.0525724 0.192495 205 49 0
0.579575 0.057286 0.19068 205 49 0
0.579768 0.0619749 0.188757 205 49 0
0.580038 0.0667152 0.186978 205 49 0
0.581862 0.0695492 0.187113 205 49 0
0.585594 0.0734354 0.187963 205 49 0
0.589244 0.0774145 0.188806 205 49 0
0.592893 0.081364 0.189808 205 49 0
0.596264 0.0855736 0.190773 205 49 0
0.599449 0.0899067 0.191801 205 49 0
0.597475 0.0872125 0.191069 206 48 0
0.594267 0.084224 0.189745 206 48 0
0.59119 0.0809751 0.188704 206 48 0
0.587981 0.0778484 0.187684 206 48 0
0.584896 0.074525 0.186952 206 48 0
0.581573 0.0715388 0.18596 206 48 0
0.579564 0.0700047 0.185222 206 48 0
0.57644 0.0666997 0.184207 206 48 0
0.573286 0.0634511 0.18311 206 48 0
0.570293 0.0600154 0.182126 206 48 0
0.567173 0.0567082 0.181098 206 48 0
0.564017 0.0534405 0.180055 206 48 0
0.560713 0.0503841 0.178865 206 48 0
0.558947 0.0502959 0.17746 206 48 0
0.555493 0.0515913 0.174036 206 48 0
0.552126 0.0530764 0.170602 206 48 0
0.548608 0.0541976 0.167178 206 48 0
0.545211 0.055456 0.163682 206 48 0
0.541725 0.0564211 0.16019 206 48 0
0.544226 0.0561373 0.16267 206 48 0
0.547204 0.0542623 0.165984 206 48 0
0.550277 0.0525564 0.169306 206 48 0
0.55347 0.0510336 0.172604 206 48 0
0.556731 0.0496639 0.1759 206 48 0
0.558703 0.0491874 0.177757 206 48 0
0.562556 0.0487979 0.181156 206 48 0
0.566329 0.0481386 0.184581 206 48 0
0.570067 0.0472425 0.188011 206 48 0
0.5739 0.0464577 0.191366 206 48 0
0.577838 0.045918 0.194636 206 48 0
0.57603 0.0358883 0.198129 206 48 0
0.575404 0.0312308 0.199692 206 48 0
0.574765 0.02651 0.201047 206 48 0
0.574084 0.0217843 0.202366 206 48 0
0.573501 0.0170597 0.203732 206 48 0
0.572906 0.0123124 0.20501 206 48 0
0.572292 0.0075422 0.206194 206 48 0
0.571677 0.00275541 0.207307 206 48 0
0.571041 -0.00204202 0.208362 206 48 0
0.570401 -0.00683637 0.209429 206 48 0
0.569756 -0.0116269 0.21051 206 48 0
0.569117 -0.0164194 0.211586 206 48 0
0.568472 -0.0212093 0.212669 206 48 0
0.567785 -0.0259795 0.213812 206 48 0
0.566698 -0.0338289 0.215628 206 48 0
0.56619 -0.0386158 0.216472 206 48 0
0.565717 -0.0434155 0.217262 206 48 0
0.56523 -0.0482104 0.218074 206 48 0
0.564767 -0.0530156 0.218836 206 48 0
0.564305 -0.0578241 0.219578 206 48 0
0.56371 -0.0626363 0.22019 206 48 0
0.56315 -0.0674602 0.220741 207 47 0
0.56262 -0.0722936 0.221234 207 47 0
0.562047 -0.0771178 0.221765 207 47 0
0.561362 -0.0819327 0.222244 207 47 0
0.562122 -0.07713 0.222219 207 47 0
0.562812 -0.0719949 0.221478 207 47 0
0.563513 -0.0668376 0.220927 207 47 0
0.563996 -0.0616874 0.220128 207 47 0
0.564471 -0.0565356 0.219335 207 47 0
0.564906 -0.0513702 0.21861 207 47 0
0.565359 -0.0462084 0.217871 207 47 0
0.565825 -0.0410521 0.217101 207 47 0
0.567101 -0.0309478 0.21496 207 47 0
0.567779 -0.0261819 0.213819 207 47 0
0.568449 -0.0214098 0.2127 207 47 0
0.569088 -0.0166214 0.211634 207 47 0
0.569728 -0.0118354 0.210557 207 47 0
0.570372 -0.00705065 0.209477 207 47 0
0.571012 -0.00226235 0.208411 207 47 0
0.571771 0.00252699 0.207439 207 47 0
0.572591 0.00730805 0.206469 207 47 0
0.573406 0.0120752 0.205428 207 47 0
0.574246 0.0168258 0.204334 207 47 0
0.575108 0.0215591 0.203181 207 47 0
0.576007 0.0262846 0.202026 207 47 0
0.57698 0.0310056 0.200914 207 47 0
0.578207 0.0356615 0.199782 207 47 0
0.578777 0.0386632 0.198625 207 47 0
0.578812 0.0432885 0.196555 207 47 0
0.579173 0.0479785 0.194653 207 47 0
0.579122 0.0525724 0.192495 207 47 0
0.579575 0.057286 0.19068 207 47 0
0.579768 0.0619749 0.188757 207 47 0
0.580038 0.0667152 0.186978 207 47 0
0.581862 0.0695492 0.187113 207 47 0
0.585594 0.0734354 0.187963 207 47 0
0.589244 0.0774145 0.188806 207 47 0
0.592893 0.081364 0.189808 207 47 0
0.596264 0.0855736 0.190773 207 47 0
0.599449 0.0899067 0.191801 207 47 0
0.593365 0.0943603 0.19837 207 47 0
0.646522 0.0887085 0.248126 207 47 0
0.651672 0.0860294 0.239984 207 47 0
0.653044 0.0844487 0.240932 207 47 0
0.655645 0.0805753 0.243082 207 47 0
0.658283 0.0767185 0.245215 207 47 0
0.661082 0.072963 0.247323 207 47 0
0.66402 0.0693461 0.249484 207 47 0
0.666941 0.0657893 0.251763 207 47 0
0.668637 0.0642859 0.252976 207 47 0
0.670099 0.0607509 0.255603 207 47 0
0.671681 0.0572623 0.258223 208 46 0
0.673598 0.0538862 0.260766 208 46 0
0.675729 0.0505973 0.26325 208 46 0
0.677643 0.0471163 0.265643 208 46 0
0.679649 0.0436985 0.268053 208 46 0
0.682473 0.0444685 0.269576 208 46 0
0.686593 0.0443049 0.27238 208 46 0
0.690747 0.0444921 0.275123 208 46 0
0.69496 0.044981 0.277748 208 46 0
0.699217 0.0457796 0.280202 208 46 0
0.696701 0.045026 0.278943 208 46 0
0.692107 0.044179 0.276146 208 46 0
0.687505 0.0430932 0.273432 208 46 0
0.682917 0.0417731 0.270813 208 46 0
0.68054 0.0417484 0.269335 208 46 0
0.67566 0.0412799 0.26671 208 46 0
0.67075 0.0411 0.264125 208 46 0
0.665826 0.0412622 0.261544 208 46 0
0.6609 0.0414698 0.258972 208 46 0
0.660478 0.033466 0.260736 208 46 0
0.66005 0.0285792 0.261645 208 46 0
0.659609 0.0236637 0.262377 208 46 0
0.659187 0.018756 0.263159 208 46 0
0.658945 0.0138471 0.26401 208 46 0
0.658535 0.00891712 0.264659 208 46 0
0.658187 0.00397641 0.265262 208 46 0
0.657818 -0.000963763 0.265856 208 46 0
0.657505 -0.00589787 0.266527 208 46 0
0.657203 -0.0108298 0.267219 208 46 0
0.656885 -0.0157555 0.267948 208 46 0
0.65661 -0.0206585 0.268825 208 46 0
0.656283 -0.0255593 0.269699 208 46 0
0.656014 -0.0304427 0.270681 208 46 0
0.654238 -0.0382054 0.272192 208 46 0
0.653482 -0.0432013 0.273616 208 46 0
0.65274 -0.0482438 0.274874 208 46 0
0.652059 -0.0533217 0.276016 208 46 0
0.651503 -0.0584432 0.277024 208 46 0
0.651025 -0.0635987 0.277887 208 46 0
0.650538 -0.068775 0.278615 208 46 0
0.650104 -0.073972 0.279211 208 46 0
0.649742 -0.0791916 0.279633 208 46 0
0.649357 -0.0844067 0.280086 208 46 0
0.649788 -0.0791045 0.279548 208 46 0
0.65009 -0.0738858 0.2792 208 46 0
0.650476 -0.0686792 0.278763 208 46 0
0.650976 -0.0634956 0.278194 208 46 0
0.65147 -0.0583423 0.277401 208 46 0
0.652387 -0.053255 0.276551 208 46 0
0.653435 -0.048228 0.275511 208 46 0
0.654518 -0.0432422 0.27432 208 46 0
0.655816 -0.032924 0.271463 208 46 0
0.656101 -0.0280613 0.270409 209 45 0
0.656073 -0.0231955 0.269338 209 45 0
0.6562 -0.0183278 0.268276 209 45 0
0.656328 -0.0134523 0.267247 209 45 0
0.656531 -0.00854782 0.266388 209 45 0
0.656634 -0.00364133 0.265524 209 45 0
0.65673 0.00126612 0.264661 209 45 0
0.656851 0.00617206 0.263791 209 45 0
0.656899 0.0110694 0.262864 209 45 0
0.656977 0.0159721 0.261974 209 45 0
0.657228 0.0208834 0.261161 209 45 0
0.657449 0.0257861 0.26029 209 45 0
0.65744 0.0306565 0.25924 209 45 0
0.6583 0.0336074 0.259078 209 45 0
0.659351 0.0383874 0.258671 209 45 0
0.660629 0.04311 0.258226 209 45 0
0.661694 0.0478356 0.25738 209 45 0
0.663458 0.0523678 0.256601 209 45 0
0.665112 0.0568324 0.255353 209 45 0
0.667041 0.061194 0.254144 209 45 0
0.666185 0.0632743 0.252912 209 45 0
0.664069 0.0667966 0.250797 209 45 0
0.661984 0.0703482 0.24873 209 45 0
0.659249 0.0735472 0.246819 209 45 0
0.65717 0.0771848 0.244855 209 45 0
0.654921 0.080722 0.242898 209 45 0
0.653044 0.0844487 0.240932 209 45 0
0.654215 0.0825908 0.241928 209 45 0
0.656847 0.0792572 0.243828 209 45 0
0.65944 0.0758983 0.245738 209 45 0
0.66194 0.0724836 0.247673 209 45 0
0.664379 0.0690885 0.249716 209 45 0
0.666941 0.0657893 0.251763 209 45 0
0.668637 0.0642859 0.252976 209 45 0
0.670099 0.0607509 0.255603 209 45 0
0.671681 0.0572623 0.258223 209 45 0
0.673598 0.0538862 0.260766 209 45 0
0.675729 0.0505973 0.26325 209 45 0
0.677643 0.0471163 0.265643 209 45 0
0.679649 0.0436985 0.268053 209 45 0
0.682473 0.0444685 0.269576 209 45 0
0.686593 0.0443049 0.27238 209 45 0
0.690747 0.0444921 0.275123 209 45 0
0.69496 0.044981 0.277748 209 45 0
0.699217 0.0457796 0.280202 209 45 0
0.696701 0.045026 0.278943 209 45 0
0.692107 0.044179 0.276146 209 45 0
0.687505 0.0430932 0.273432 209 45 0
0.682917 0.0417731 0.270813 209 45 0
0.68054 0.0417484 0.269335 209 45 0
0.67566 0.0412799 0.26671 209 45 0
0.67075 0.0411 0.264125 210 44 0
0.665826 0.0412622 0.261544 210 44 0
0.6609 0.0414698 0.258972 210 44 0
0.660478 0.033466 0.260736 210 44 0
0.66005 0.0285792 0.261645 210 44 0
0.659609 0.0236637 0.262377 210 44 0
0.659187 0.018756 0.263159 210 44 0
0.658945 0.0138471 0.26401 210 44 0
0.658535 0.00891712 0.264659 210 44 0
0.658187 0.00397641 0.265262 210 44 0
0.657818 -0.000963763 0.265856 210 44 0
0.657505 -0.00589787 0.266527 210 44 0
0.657203 -0.0108298 0.267219 210 44 0
0.656885 -0.0157555 0.267948 210 44 0
0.65661 -0.0206585 0.268825 210 44 0
0.656283 -0.0255593 0.269699 210 44 0
0.656014 -0.0304427 0.270681 210 44 0
0.654238 -0.0382054 0.272192 210 44 0
0.653482 -0.0432013 0.273616 210 44 0
0.65274 -0.0482438 0.274874 210 44 0
0.652059 -0.0533217 0.276016 210 44 0
0.651503 -0.0584432 0.277024 210 44 0
0.651025 -0.0635987 0.277887 210 44 0
0.650538 -0.068775 0.278615 210 44 0
0.650104 -0.073972 0.279211 210 44 0
0.649742 -0.0791916 0.279633 210 44 0
0.649357 -0.0844067 0.280086 210 44 0
0.649788 -0.0791045 0.279548 210 44 0
0.65009 -0.0738858 0.2792 210 44 0
0.650476 -0.0686792 0.278763 210 44 0
0.650976 -0.0634956 0.278194 210 44 0
0.65147 -0.0583423 0.277401 210 44 0
0.652387 -0.053255 0.276551 210 44 0
0.653435 -0.048228 0.275511 210 44 0
0.654518 -0.0432422 0.27432 210 44 0
0.655816 -0.032924 0.271463 210 44 0
0.656101 -0.0280613 0.270409 210 44 0
0.656073 -0.0231955 0.269338 210 44 0
0.6562 -0.0183278 0.268276 210 44 0
0.656328 -0.0134523 0.267247 210 44 0
0.656531 -0.00854782 0.266388 210 44 0
0.656634 -0.00364133 0.265524 210 44 0
0.65673 0.00126612 0.264661 210 44 0
0.656851 0.00617206 0.263791 210 44 0
0.656899 0.0110694 0.262864 210 44 0
0.656977 0.0159721 0.261974 210 44 0
0.657228 0.0208834 0.261161 210 44 0
0.657449 0.0257861 0.26029 210 44 0
0.65744 0.0306565 0.25924 210 44 0
0.6583 0.0336074 0.259078 210 44 0
0.659351 0.0383874 0.258671 210 44 0
0.660629 0.04311 0.258226 211 43 0
0.661694 0.0478356 0.25738 211 43 0
0.663458 0.0523678 0.256601 211 43 0
0.665112 0.0568324 0.255353 211 43 0
0.667041 0.061194 0.254144 211 43 0
0.666185 0.0632743 0.252912 211 43 0
0.664069 0.0667966 0.250797 211 43 0
0.661984 0.0703482 0.24873 211 43 0
0.659249 0.0735472 0.246819 211 43 0
0.65717 0.0771848 0.244855 211 43 0
0.654921 0.080722 0.242898 211 43 0
0.653044 0.0844487 0.240932 211 43 0
0.647979 0.0872416 0.24909 211 43 0
0.594926 0.0971966 0.198706 211 43 0
0.60108 0.0925958 0.192306 211 43 0
0.584202 -0.0364599 0.229139 211 43 0
0.583584 -0.0234463 0.223536 211 43 0
0.583277 -0.0186979 0.221745 211 43 0
0.582962 -0.0139161 0.220036 211 43 0
0.582727 -0.00913347 0.21832 211 43 0
0.582437 -0.00437386 0.216547 211 43 0
0.58216 0.000404775 0.214823 211 43 0
0.581807 0.00516481 0.213062 211 43 0
0.581506 0.00991459 0.211264 211 43 0
0.58134 0.0146816 0.209495 211 43 0
0.581043 0.0193997 0.207615 211 43 0
0.580939 0.0241516 0.2058 211 43 0
0.58071 0.0288313 0.203817 211 43 0
0.5806 0.0335201 0.201845 211 43 0
0.580508 0.0381988 0.199849 211 43 0
0.580344 0.0428496 0.197793 211 43 0
0.580257 0.0475023 0.195737 211 43 0
0.580264 0.052119 0.193599 211 43 0
0.580206 0.0567413 0.191477 211 43 0
0.578195 0.0561862 0.189972 211 43 0
0.573964 0.0544786 0.187501 211 43 0
0.569738 0.0528764 0.18496 211 43 0
0.56553 0.0514213 0.182296 211 43 0
0.561357 0.050158 0.179499 211 43 0
0.558947 0.0502959 0.17746 211 43 0
0.555587 0.0517952 0.174022 211 43 0
0.552192 0.0532149 0.17059 211 43 0
0.548674 0.0543361 0.167165 211 43 0
0.545237 0.055502 0.163674 211 43 0
0.541725 0.0564211 0.16019 211 43 0
0.544226 0.0561373 0.16267 211 43 0
0.547204 0.0542623 0.165984 211 43 0
0.550277 0.0525564 0.169306 211 43 0
0.55347 0.0510336 0.172604 211 43 0
0.556731 0.0496639 0.1759 211 43 0
0.558703 0.0491874 0.177757 211 43 0
0.562556 0.0487979 0.181156 212 42 0
0.566329 0.0481386 0.184581 212 42 0
0.570067 0.0472425 0.188011 212 42 0
0.5739 0.0464577 0.191366 212 42 0
0.577838 0.045918 0.194636 212 42 0
0.57603 0.0358883 0.198129 212 42 0
0.575404 0.0312308 0.199692 212 42 0
0.574765 0.02651 0.201047 212 42 0
0.574084 0.0217843 0.202366 212 42 0
0.573501 0.0170597 0.203732 212 42 0
0.572906 0.0123124 0.20501 212 42 0
0.572292 0.0075422 0.206194 212 42 0
0.571677 0.00275541 0.207307 212 42 0
0.571041 -0.00204202 0.208362 212 42 0
0.570401 -0.00683637 0.209429 212 42 0
0.569756 -0.0116269 0.21051 212 42 0
0.569117 -0.0164194 0.211586 212 42 0
0.568472 -0.0212093 0.212669 212 42 0
0.567785 -0.0259795 0.213812 212 42 0
0.566698 -0.0338289 0.215628 212 42 0
0.56619 -0.0386158 0.216472 212 42 0
0.565717 -0.0434155 0.217262 212 42 0
0.56523 -0.0482104 0.218074 212 42 0
0.564767 -0.0530156 0.218836 212 42 0
0.564305 -0.0578241 0.219578 212 42 0
0.56371 -0.0626363 0.22019 212 42 0
0.56315 -0.0674602 0.220741 212 42 0
0.56262 -0.0722936 0.221234 212 42 0
0.562047 -0.0771178 0.221765 212 42 0
0.561362 -0.0819327 0.222244 212 42 0
0.562122 -0.07713 0.222219 212 42 0
0.562812 -0.0719949 0.221478 212 42 0
0.563513 -0.0668376 0.220927 212 42 0
0.563996 -0.0616874 0.220128 212 42 0
0.564471 -0.0565356 0.219335 212 42 0
0.564906 -0.0513702 0.21861 212 42 0
0.565359 -0.0462084 0.217871 212 42 0
0.565825 -0.0410521 0.217101 212 42 0
0.567101 -0.0309478 0.21496 212 42 0
0.567779 -0.0261819 0.213819 212 42 0
0.568449 -0.0214098 0.2127 212 42 0
0.569088 -0.0166214 0.211634 212 42 0
0.569728 -0.0118354 0.210557 212 42 0
0.570372 -0.00705065 0.209477 212 42 0
0.571012 -0.00226235 0.208411 212 42 0
0.571771 0.00252699 0.207439 212 42 0
0.572591 0.00730805 0.206469 212 42 0
0.573406 0.0120752 0.205428 212 42 0
0.574246 0.0168258 0.204334 212 42 0
0.575108 0.0215591 0.203181 212 42 0
0.576007 0.0262846 0.202026 212 42 0
0.57698 0.0310056 0.200914 213 41 0
0.578207 0.0356615 0.199782 213 41 0
0.578777 0.0386632 0.198625 213 41 0
0.578812 0.0432885 0.196555 213 41 0
0.579173 0.0479785 0.194653 213 41 0
0.579122 0.0525724 0.192495 213 41 0
0.579575 0.057286 0.19068 213 41 0
0.579768 0.0619749 0.188757 213 41 0
0.580038 0.0667152 0.186978 213 41 0
0.581862 0.0695492 0.187113 213 41 0
0.585594 0.0734354 0.187963 213 41 0
0.589244 0.0774145 0.188806 213 41 0
0.592893 0.081364 0.189808 213 41 0
0.596264 0.0855736 0.190773 213 41 0
0.599449 0.0899067 0.191801 213 41 0
0.597475 0.0872125 0.191069 213 41 0
0.594267 0.084224 0.189745 213 41 0
0.59119 0.0809751 0.188704 213 41 0
0.587981 0.0778484 0.187684 213 41 0
0.584896 0.074525 0.186952 213 41 0
0.581573 0.0715388 0.18596 213 41 0
0.579564 0.0700047 0.185222 213 41 0
0.57644 0.0666997 0.184207 213 41 0
0.573286 0.0634511 0.18311 213 41 0
0.570293 0.0600154 0.182126 213 41 0
0.567173 0.0567082 0.181098 213 41 0
0.564017 0.0534405 0.180055 213 41 0
0.560713 0.0503841 0.178865 213 41 0
0.558947 0.0502959 0.17746 213 41 0
0.555493 0.0515913 0.174036 213 41 0
0.552126 0.0530764 0.170602 213 41 0
0.548608 0.0541976 0.167178 213 41 0
0.545211 0.055456 0.163682 213 41 0
0.541725 0.0564211 0.16019 213 41 0
0.544226 0.0561373 0.16267 213 41 0
0.547204 0.0542623 0.165984 213 41 0
0.550277 0.0525564 0.169306 213 41 0
0.55347 0.0510336 0.172604 213 41 0
0.556731 0.0496639 0.1759 213 41 0
0.558703 0.0491874 0.177757 213 41 0
0.562556 0.0487979 0.181156 213 41 0
0.566329 0.0481386 0.184581 213 41 0
0.570067 0.0472425 0.188011 213 41 0
0.5739 0.0464577 0.191366 213 41 0
0.577838 0.045918 0.194636 213 41 0
0.57603 0.0358883 0.198129 213 41 0
0.575404 0.0312308 0.199692 213 41 0
0.574765 0.02651 0.201047 213 41 0
0.574084 0.0217843 0.202366 213 41 0
0.573501 0.0170597 0.203732 213 41 0
0.572906 0.0123124 0.20501 213 41 0
0.572292 0.0075422 0.206194 213 41 0
0.571677 0.00275541 0.207307 214 40 0
0.571041 -0.00204202 0.208362 214 40 0
0.570401 -0.00683637 0.209429 214 40 0
0.569756 -0.0116269 0.21051 214 40 0
0.569117 -0.0164194 0.211586 214 40 0
0.568472 -0.0212093 0.212669 214 40 0
0.567785 -0.0259795 0.213812 214 40 0
0.566698 -0.0338289 0.215628 214 40 0
0.56619 -0.0386158 0.216472 214 40 0
0.565717 -0.0434155 0.217262 214 40 0
0.56523 -0.0482104 0.218074 214 40 0
0.564767 -0.0530156 0.218836 214 40 0
0.564305 -0.0578241 0.219578 214 40 0
0.56371 -0.0626363 0.22019 214 40 0
0.56315 -0.0674602 0.220741 214 40 0
0.56262 -0.0722936 0.221234 214 40 0
0.562047 -0.0771178 0.221765 214 40 0
0.561362 -0.0819327 0.222244 214 40 0
0.562122 -0.07713 0.222219 214 40 0
0.562812 -0.0719949 0.221478 214 40 0
0.563513 -0.0668376 0.220927 214 40 0
0.563996 -0.0616874 0.220128 214 40 0
0.564471 -0.0565356 0.219335 214 40 0
0.564906 -0.0513702 0.21861 214 40 0
0.565359 -0.0462084 0.217871 214 40 0
0.565825 -0.0410521 0.217101 214 40 0
0.567101 -0.0309478 0.21496 214 40 0
0.567779 -0.0261819 0.213819 214 40 0
0.568449 -0.0214098 0.2127 214 40 0
0.569088 -0.0166214 0.211634 214 40 0
0.569728 -0.0118354 0.210557 214 40 0
0.570372 -0.00705065 0.209477 214 40 0
0.571012 -0.00226235 0.208411 214 40 0
0.571771 0.00252699 0.207439 214 40 0
0.572591 0.00730805 0.206469 214 40 0
0.573406 0.0120752 0.205428 214 40 0
0.574246 0.0168258 0.204334 214 40 0
0.575108 0.0215591 0.203181 214 40 0
0.576007 0.0262846 0.202026 214 40 0
0.57698 0.0310056 0.200914 214 40 0
0.578207 0.0356615 0.199782 214 40 0
0.578777 0.0386632 0.198625 214 40 0
0.578812 0.0432885 0.196555 214 40 0
0.579173 0.0479785 0.194653 214 40 0
0.579122 0.0525724 0.192495 214 40 0
0.579575 0.057286 0.19068 214 40 0
0.579768 0.0619749 0.188757 214 40 0
0.580038 0.0667152 0.186978 214 40 0
0.581862 0.0695492 0.187113 214 40 0
0.585594 0.0734354 0.187963 214 40 0
0.589244 0.0774145 0.188806 214 40 0
0.592893 0.081364 0.189808 215 39 0
0.596264 0.0855736 0.190773 215 39 0
0.599449 0.0899067 0.191801 215 39 0
0.593365 0.0943603 0.19837 215 39 0
0.646522 0.0887085 0.248126 215 39 0
0.651672 0.0860294 0.239984 215 39 0
0.653044 0.0844487 0.240932 215 39 0
0.655645 0.0805753 0.243082 215 39 0
0.658283 0.0767185 0.245215 215 39 0
0.661082 0.072963 0.247323 215 39 0
0.66402 0.0693461 0.249484 215 39 0
0.666941 0.0657893 0.251763 215 39 0
0.668637 0.0642859 0.252976 215 39 0
0.670099 0.0607509 0.255603 215 39 0
0.671681 0.0572623 0.258223 215 39 0
0.673598 0.0538862 0.260766 215 39 0
0.675729 0.0505973 0.26325 215 39 0
0.677643 0.0471163 0.265643 215 39 0
0.679649 0.0436985 0.268053 215 39 0
0.682473 0.0444685 0.269576 215 39 0
0.686593 0.0443049 0.27238 215 39 0
0.690747 0.0444921 0.275123 215 39 0
0.69496 0.044981 0.277748 215 39 0
0.699217 0.0457796 0.280202 215 39 0
0.696701 0.045026 0.278943 215 39 0
0.692107 0.044179 0.276146 215 39 0
0.687505 0.0430932 0.273432 215 39 0
0.682917 0.0417731 0.270813 215 39 0
0.68054 0.0417484 0.269335 215 39 0
0.67566 0.0412799 0.26671 215 39 0
0.67075 0.0411 0.264125 215 39 0
0.665826 0.0412622 0.261544 215 39 0
0.6609 0.0414698 0.258972 215 39 0
0.660478 0.033466 0.260736 215 39 0
0.66005 0.0285792 0.261645 215 39 0
0.659609 0.0236637 0.262377 215 39 0
0.659187 0.018756 0.263159 215 39 0
0.658945 0.0138471 0.26401 215 39 0
0.658535 0.00891712 0.264659 215 39 0
0.658187 0.00397641 0.265262 215 39 0
0.657818 -0.000963763 0.265856 215 39 0
0.657505 -0.00589787 0.266527 215 39 0
0.657203 -0.0108298 0.267219 215 39 0
0.656885 -0.0157555 0.267948 215 39 0
0.65661 -0.0206585 0.268825 215 39 0
0.656283 -0.0255593 0.269699 215 39 0
0.656014 -0.0304427 0.270681 215 39 0
0.654238 -0.0382054 0.272192 215 39 0
0.653482 -0.0432013 0.273616 215 39 0
0.65274 -0.0482438 0.274874 215 39 0
0.652059 -0.0533217 0.276016 215 39 0
0.651503 -0.0584432 0.277024 216 38 0
0.651025 -0.0635987 0.277887 216 38 0
0.650538 -0.068775 0.278615 216 38 0
0.650104 -0.073972 0.279211 216 38 0
0.649742 -0.0791916 0.279633 216 38 0
0.649357 -0.0844067 0.280086 216 38 0
0.649788 -0.0791045 0.279548 216 38 0
0.65009 -0.0738858 0.2792 216 38 0
0.650476 -0.0686792 0.278763 216 38 0
0.650976 -0.0634956 0.278194 216 38 0
0.65147 -0.0583423 0.277401 216 38 0
0.652387 -0.053255 0.276551 216 38 0
0.653435 -0.048228 0.275511 216 38 0
0.654518 -0.0432422 0.27432 216 38 0
0.655816 -0.032924 0.271463 216 38 0
0.656101 -0.0280613 0.270409 216 38 0
0.656073 -0.0231955 0.269338 216 38 0
0.6562 -0.0183278 0.268276 216 38 0
0.656328 -0.0134523 0.267247 216 38 0
0.656531 -0.00854782 0.266388 216 38 0
0.656634 -0.00364133 0.265524 216 38 0
0.65673 0.00126612 0.264661 216 38 0
0.656851 0.00617206 0.263791 216 38 0
0.656899 0.0110694 0.262864 216 38 0
0.656977 0.0159721 0.261974 216 38 0
0.657228 0.0208834 0.261161 216 38 0
0.657449 0.0257861 0.26029 216 38 0
0.65744 0.0306565 0.25924 216 38 0
0.6583 0.0336074 0.259078 216 38 0
0.659351 0.0383874 0.258671 216 38 0
0.660629 0.04311 0.258226 216 38 0
0.661694 0.0478356 0.25738 216 38 0
0.663458 0.0523678 0.256601 216 38 0
0.665112 0.0568324 0.255353 216 38 0
0.667041 0.061194 0.254144 216 38 0
0.666185 0.0632743 0.252912 216 38 0
0.664069 0.0667966 0.250797 216 38 0
0.661984 0.0703482 0.24873 216 38 0
0.659249 0.0735472 0.246819 216 38 0
0.65717 0.0771848 0.244855 216 38 0
0.654921 0.080722 0.242898 216 38 0
0.653044 0.0844487 0.240932 216 38 0
0.654215 0.0825908 0.241928 216 38 0
0.656847 0.0792572 0.243828 216 38 0
0.65944 0.0758983 0.245738 216 38 0
0.66194 0.0724836 0.247673 216 38 0
0.664379 0.0690885 0.249716 216 38 0
0.666941 0.0657893 0.251763 216 38 0
0.668637 0.0642859 0.252976 216 38 0
0.670099 0.0607509 0.255603 216 38 0
0.671681 0.0572623 0.258223 216 38 0
0.673598 0.0538862 0.260766 217 37 0
0.675729 0.0505973 0.26325 217 37 0
0.677643 0.0471163 0.265643 217 37 0
0.679649 0.0436985 0.268053 217 37 0
0.682473 0.0444685 0.269576 217 37 0
0.686593 0.0443049 0.27238 217 37 0
0.690747 0.0444921 0.275123 217 37 0
0.69496 0.044981 0.277748 217 37 0
0.699217 0.0457796 0.280202 217 37 0
0.696701 0.045026 0.278943 217 37 0
0.692107 0.044179 0.276146 217 37 0
0.687505 0.0430932 0.273432 217 37 0
0.682917 0.0417731 0.270813 217 37 0
0.68054 0.0417484 0.269335 217 37 0
0.67566 0.0412799 0.26671 217 37 0
0.67075 0.0411 0.264125 217 37 0
0.665826 0.0412622 0.261544 217 37 0
0.6609 0.0414698 0.258972 217 37 0
0.660478 0.033466 0.260736 217 37 0
0.66005 0.0285792 0.261645 217 37 0
0.659609 0.0236637 0.262377 217 37 0
0.659187 0.018756 0.263159 217 37 0
0.658945 0.0138471 0.26401 217 37 0
0.658535 0.00891712 0.264659 217 37 0
0.658187 0.00397641 0.265262 217 37 0
0.657818 -0.000963763 0.265856 217 37 0
0.657505 -0.00589787 0.266527 217 37 0
0.657203 -0.0108298 0.267219 217 37 0
0.656885 -0.0157555 0.267948 217 37 0
0.65661 -0.0206585 0.268825 217 37 0
0.656283 -0.0255593 0.269699 217 37 0
0.656014 -0.0304427 0.270681 217 37 0
0.654238 -0.0382054 0.272192 217 37 0
0.653482 -0.0432013 0.273616 217 37 0
0.65274 -0.0482438 0.274874 217 37 0
0.652059 -0.0533217 0.276016 217 37 0
0.651503 -0.0584432 0.277024 217 37 0
0.651025 -0.0635987 0.277887 217 37 0
0.650538 -0.068775 0.278615 217 37 0
0.650104 -0.073972 0.279211 217 37 0
0.649742 -0.0791916 0.279633 217 37 0
0.649357 -0.0844067 0.280086 217 37 0
0.649788 -0.0791045 0.279548 217 37 0
0.65009 -0.0738858 0.2792 217 37 0
0.650476 -0.0686792 0.278763 217 37 0
0.650976 -0.0634956 0.278194 217 37 0
0.65147 -0.0583423 0.277401 217 37 0
0.652387 -0.053255 0.276551 217 37 0
0.653435 -0.048228 0.275511 217 37 0
0.654518 -0.0432422 0.27432 217 37 0
0.655816 -0.032924 0.271463 217 37 0
0.656101 -0.0280613 0.270409 218 36 0
0.656073 -0.0231955 0.269338 218 36 0
0.6562 -0.0183278 0.268276 218 36 0
0.656328 -0.0134523 0.267247 218 36 0
0.656531 -0.00854782 0.266388 218 36 0
0.656634 -0.00364133 0.265524 218 36 0
0.65673 0.00126612 0.264661 218 36 0
0.656851 0.00617206 0.263791 218 36 0
0.656899 0.0110694 0.262864 218 36 0
0.656977 0.0159721 0.261974 218 36 0
0.657228 0.0208834 0.261161 218 36 0
0.657449 0.0257861 0.26029 218 36 0
0.65744 0.0306565 0.25924 218 36 0
0.6583 0.0336074 0.259078 218 36 0
0.659351 0.0383874 0.258671 218 36 0
0.660629 0.04311 0.258226 218 36 0
0.661694 0.0478356 0.25738 218 36 0
0.663458 0.0523678 0.256601 218 36 0
0.665112 0.0568324 0.255353 218 36 0
0.667041 0.061194 0.254144 218 36 0
0.666185 0.0632743 0.252912 218 36 0
0.664069 0.0667966 0.250797 218 36 0
0.661984 0.0703482 0.24873 218 36 0
0.659249 0.0735472 0.246819 218 36 0
0.65717 0.0771848 0.244855 218 36 0
0.654921 0.080722 0.242898 218 36 0
0.653044 0.0844487 0.240932 218 36 0
0.647979 0.0872416 0.24909 218 36 0
0.594926 0.0971966 0.198706 218 36 0
0.60108 0.0925958 0.192306 218 36 0
0.584202 -0.0364599 0.229139 218 36 0
0.583584 -0.0234463 0.223536 218 36 0
0.583277 -0.0186979 0.221745 218 36 0
0.582962 -0.0139161 0.220036 218 36 0
0.582727 -0.00913347 0.21832 218 36 0
0.582437 -0.00437386 0.216547 218 36 0
0.58216 0.000404775 0.214823 218 36 0
0.581807 0.00516481 0.213062 218 36 0
0.581506 0.00991459 0.211264 218 36 0
0.58134 0.0146816 0.209495 218 36 0
0.581043 0.0193997 0.207615 218 36 0
0.580939 0.0241516 0.2058 218 36 0
0.58071 0.0288313 0.203817 218 36 0
0.5806 0.0335201 0.201845 218 36 0
0.580508 0.0381988 0.199849 218 36 0
0.580344 0.0428496 0.197793 218 36 0
0.580257 0.0475023 0.195737 218 36 0
0.580264 0.052119 0.193599 218 36 0
0.580206 0.0567413 0.191477 218 36 0
0.578195 0.0561862 0.189972 218 36 0
0.573964 0.0544786 0.187501 218 36 0
0.569738 0.0528764 0.18496 218 36 0
0.56553 0.0514213 0.182296 219 35 0
0.561357 0.050158 0.179499 219 35 0
0.558947 0.0502959 0.17746 219 35 0
0.555587 0.0517952 0.174022 219 35 0
0.552192 0.0532149 0.17059 219 35 0
0.548674 0.0543361 0.167165 219 35 0
0.545237 0.055502 0.163674 219 35 0
0.541725 0.0564211 0.16019 219 35 0
0.544226 0.0561373 0.16267 219 35 0
0.547204 0.0542623 0.165984 219 35 0
0.550277 0.0525564 0.169306 219 35 0
0.55347 0.0510336 0.172604 219 35 0
0.556731 0.0496639 0.1759 219 35 0
0.558703 0.0491874 0.177757 219 35 0
0.562556 0.0487979 0.181156 219 35 0
0.566329 0.0481386 0.184581 219 35 0
0.570067 0.0472425 0.188011 219 35 0
0.5739 0.0464577 0.191366 219 35 0
0.577838 0.045918 0.194636 219 35 0
0.57603 0.0358883 0.198129 219 35 0
0.575404 0.0312308 0.199692 219 35 0
0.574765 0.02651 0.201047 219 35 0
0.574084 0.0217843 0.202366 219 35 0
0.573501 0.0170597 0.203732 219 35 0
0.572906 0.0123124 0.20501 219 35 0
0.572292 0.0075422 0.206194 219 35 0
0.571677 0.00275541 0.207307 219 35 0
0.571041 -0.00204202 0.208362 219 35 0
0.570401 -0.00683637 0.209429 219 35 0
0.569756 -0.0116269 0.21051 219 35 0
0.569117 -0.0164194 0.211586 219 35 0
0.568472 -0.0212093 0.212669 219 35 0
0.567785 -0.0259795 0.213812 219 35 0
0.566698 -0.0338289 0.215628 219 35 0
0.56619 -0.0386158 0.216472 219 35 0
0.565717 -0.0434155 0.217262 219 35 0
0.56523 -0.0482104 0.218074 219 35 0
0.564767 -0.0530156 0.218836 219 35 0
0.564305 -0.0578241 0.219578 219 35 0
0.56371 -0.0626363 0.22019 219 35 0
0.56315 -0.0674602 0.220741 219 35 0
0.56262 -0.0722936 0.221234 219 35 0
0.562047 -0.0771178 0.221765 219 35 0
0.561362 -0.0819327 0.222244 219 35 0
0.562122 -0.07713 0.222219 219 35 0
0.562812 -0.0719949 0.221478 219 35 0
0.563513 -0.0668376 0.220927 219 35 0
0.563996 -0.0616874 0.220128 219 35 0
0.564471 -0.0565356 0.219335 219 35 0
0.564906 -0.0513702 0.21861 219 35 0
0.565359 -0.0462084 0.217871 219 35 0
0.565825 -0.0410521 0.217101 220 34 0
0.567101 -0.0309478 0.21496 220 34 0
0.567779 -0.0261819 0.213819 220 34 0
0.568449 -0.0214098 0.2127 220 34 0
0.569088 -0.0166214 0.211634 220 34 0
0.569728 -0.0118354 0.210557 220 34 0
0.570372 -0.00705065 0.209477 220 34 0
0.571012 -0.00226235 0.208411 220 34 0
0.571771 0.00252699 0.207439 220 34 0
0.572591 0.00730805 0.206469 220 34 0
0.573406 0.0120752 0.205428 220 34 0
0.574246 0.0168258 0.204334 220 34 0
0.575108 0.0215591 0.203181 220 34 0
0.576007 0.0262846 0.202026 220 34 0
0.57698 0.0310056 0.200914 220 34 0
0.578207 0.0356615 0.199782 220 34 0
0.578777 0.0386632 0.198625 220 34 0
0.578812 0.0432885 0.196555 220 34 0
0.579173 0.0479785 0.194653 220 34 0
0.579122 0.0525724 0.192495 220 34 0
0.579575 0.057286 0.19068 220 34 0
0.579768 0.0619749 0.188757 220 34 0
0.580038 0.0667152 0.186978 220 34 0
0.581862 0.0695492 0.187113 220 34 0
0.585594 0.0734354 0.187963 220 34 0
0.589244 0.0774145 0.188806 220 34 0
0.592893 0.081364 0.189808 220 34 0
0.596264 0.0855736 0.190773 220 34 0
0.599449 0.0899067 0.191801 220 34 0
0.597475 0.0872125 0.191069 220 34 0
0.594267 0.084224 0.189745 220 34 0
0.59119 0.0809751 0.188704 220 34 0
0.587981 0.0778484 0.187684 220 34 0
0.584896 0.074525 0.186952 220 34 0
0.581573 0.0715388 0.18596 220 34 0
0.579564 0.0700047 0.185222 220 34 0
0.57644 0.0666997 0.184207 220 34 0
0.573286 0.0634511 0.18311 220 34 0
0.570293 0.0600154 0.182126 220 34 0
0.567173 0.0567082 0.181098 220 34 0
0.564017 0.0534405 0.180055 220 34 0
0.560713 0.0503841 0.178865 220 34 0
0.558947 0.0502959 0.17746 220 34 0
0.555493 0.0515913 0.174036 220 34 0
0.552126 0.0530764 0.170602 220 34 0
0.548608 0.0541976 0.167178 220 34 0
0.545211 0.055456 0.163682 220 34 0
0.541725 0.0564211 0.16019 220 34 0
0.544226 0.0561373 0.16267 220 34 0
0.547204 0.0542623 0.165984 220 34 0
0.550277 0.0525564 0.169306 220 34 0
0.55347 0.0510336 0.172604 221 33 0
0.556731 0.0496639 0.1759 221 33 0
0.558703 0.0491874 0.177757 221 33 0
0.562556 0.0487979 0.181156 221 33 0
0.566329 0.0481386 0.184581 221 33 0
0.570067 0.0472425 0.188011 221 33 0
0.5739 0.0464577 0.191366 221 33 0
0.577838 0.045918 0.194636 221 33 0
0.57603 0.0358883 0.198129 221 33 0
0.575404 0.0312308 0.199692 221 33 0
0.574765 0.02651 0.201047 221 33 0
0.574084 0.0217843 0.202366 221 33 0
0.573501 0.0170597 0.203732 221 33 0
0.572906 0.0123124 0.20501 221 33 0
0.572292 0.0075422 0.206194 221 33 0
0.571677 0.00275541 0.207307 221 33 0
0.571041 -0.00204202 0.208362 221 33 0
0.570401 -0.00683637 0.209429 221 33 0
0.569756 -0.0116269 0.21051 221 33 0
0.569117 -0.0164194 0.211586 221 33 0
0.568472 -0.0212093 0.212669 221 33 0
0.567785 -0.0259795 0.213812 221 33 0
0.566698 -0.0338289 0.215628 221 33 0
0.56619 -0.0386158 0.216472 221 33 0
0.565717 -0.0434155 0.217262 221 33 0
0.56523 -0.0482104 0.218074 221 33 0
0.564767 -0.0530156 0.218836 221 33 0
0.564305 -0.0578241 0.219578 221 33 0
0.56371 -0.0626363 0.22019 221 33 0
0.56315 -0.0674602 0.220741 221 33 0
0.56262 -0.0722936 0.221234 221 33 0
0.562047 -0.0771178 0.221765 221 33 0
0.561362 -0.0819327 0.222244 221 33 0
0.562122 -0.07713 0.222219 221 33 0
0.562812 -0.0719949 0.221478 221 33 0
0.563513 -0.0668376 0.220927 221 33 0
0.563996 -0.0616874 0.220128 221 33 0
0.564471 -0.0565356 0.219335 221 33 0
0.564906 -0.0513702 0.21861 221 33 0
0.565359 -0.0462084 0.217871 221 33 0
0.565825 -0.0410521 0.217101 221 33 0
0.567101 -0.0309478 0.21496 221 33 0
0.567779 -0.0261819 0.213819 221 33 0
0.568449 -0.0214098 0.2127 221 33 0
0.569088 -0.0166214 0.211634 221 33 0
0.569728 -0.0118354 0.210557 221 33 0
0.570372 -0.00705065 0.209477 221 33 0
0.571012 -0.00226235 0.208411 221 33 0
0.571771 0.00252699 0.207439 221 33 0
0.572591 0.00730805 0.206469 221 33 0
0.573406 0.0120752 0.205428 221 33 0
0.574246 0.0168258 0.204334 222 32 0
0.575108 0.0215591 0.203181 222 32 0
0.576007 0.0262846 0.202026 222 32 0
0.57698 0.0310056 0.200914 222 32 0
0.578207 0.0356615 0.199782 222 32 0
0.578777 0.0386632 0.198625 222 32 0
0.578812 0.0432885 0.196555 222 32 0
0.579173 0.0479785 0.194653 222 32 0
0.579122 0.0525724 0.192495 222 32 0
0.579575 0.057286 0.19068 222 32 0
0.579768 0.0619749 0.188757 222 32 0
0.580038 0.0667152 0.186978 222 32 0
0.581862 0.0695492 0.187113 222 32 0
0.585594 0.0734354 0.187963 222 32 0
0.589244 0.0774145 0.188806 222 32 0
0.592893 0.081364 0.189808 222 32 0
0.596264 0.0855736 0.190773 222 32 0
0.599449 0.0899067 0.191801 222 32 0
0.593365 0.0943603 0.19837 222 32 0
0.646522 0.0887085 0.248126 222 32 0
0.651672 0.0860294 0.239984 222 32 0
0.653044 0.0844487 0.240932 222 32 0
0.655645 0.0805753 0.243082 222 32 0
0.658283 0.0767185 0.245215 222 32 0
0.661082 0.072963 0.247323 222 32 0
0.66402 0.0693461 0.249484 222 32 0
0.666941 0.0657893 0.251763 222 32 0
0.668637 0.0642859 0.252976 222 32 0
0.670099 0.0607509 0.255603 222 32 0
0.671681 0.0572623 0.258223 222 32 0
0.673598 0.0538862 0.260766 222 32 0
0.675729 0.0505973 0.26325 222 32 0
0.677643 0.0471163 0.265643 222 32 0
0.679649 0.0436985 0.268053 222 32 0
0.682473 0.0444685 0.269576 222 32 0
0.686593 0.0443049 0.27238 222 32 0
0.690747 0.0444921 0.275123 222 32 0
0.69496 0.044981 0.277748 222 32 0
0.699217 0.0457796 0.280202 222 32 0
0.696701 0.045026 0.278943 222 32 0
0.692107 0.044179 0.276146 222 32 0
0.687505 0.0430932 0.273432 222 32 0
0.682917 0.0417731 0.270813 222 32 0
0.68054 0.0417484 0.269335 222 32 0
0.67566 0.0412799 0.26671 222 32 0
0.67075 0.0411 0.264125 222 32 0
0.665826 0.0412622 0.261544 222 32 0
0.6609 0.0414698 0.258972 222 32 0
0.660478 0.033466 0.260736 222 32 0
0.66005 0.0285792 0.261645 222 32 0
0.659609 0.0236637 0.262377 222 32 0
0.659187 0.018756 0.263159 223 31 0
0.658945 0.0138471 0.26401 223 31 0
0.658535 0.00891712 0.264659 223 31 0
0.658187 0.00397641 0.265262 223 31 0
0.657818 -0.000963763 0.265856 223 31 0
0.657505 -0.00589787 0.266527 223 31 0
0.657203 -0.0108298 0.267219 223 31 0
0.656885 -0.0157555 0.267948 223 31 0
0.65661 -0.0206585 0.268825 223 31 0
0.656283 -0.0255593 0.269699 223 31 0
0.656014 -0.0304427 0.270681 223 31 0
0.654238 -0.0382054 0.272192 223 31 0
0.653482 -0.0432013 0.273616 223 31 0
0.65274 -0.0482438 0.274874 223 31 0
0.652059 -0.0533217 0.276016 223 31 0
0.651503 -0.0584432 0.277024 223 31 0
0.651025 -0.0635987 0.277887 223 31 0
0.650538 -0.068775 0.278615 223 31 0
0.650104 -0.073972 0.279211 223 31 0
0.649742 -0.0791916 0.279633 223 31 0
0.649357 -0.0844067 0.280086 223 31 0
0.649788 -0.0791045 0.279548 223 31 0
0.65009 -0.0738858 0.2792 223 31 0
0.650476 -0.0686792 0.278763 223 31 0
0.650976 -0.0634956 0.278194 223 31 0
0.65147 -0.0583423 0.277401 223 31 0
0.652387 -0.053255 0.276551 223 31 0
0.653435 -0.048228 0.275511 223 31 0
0.654518 -0.0432422 0.27432 223 31 0
0.655816 -0.032924 0.271463 223 31 0
0.656101 -0.0280613 0.270409 223 31 0
0.656073 -0.0231955 0.269338 223 31 0
0.6562 -0.0183278 0.268276 223 31 0
0.656328 -0.0134523 0.267247 223 31 0
0.656531 -0.00854782 0.266388 223 31 0
0.656634 -0.00364133 0.265524 223 31 0
0.65673 0.00126612 0.264661 223 31 0
0.656851 0.00617206 0.263791 223 31 0
0.656899 0.0110694 0.262864 223 31 0
0.656977 0.0159721 0.261974 223 31 0
0.657228 0.0208834 0.261161 223 31 0
0.657449 0.0257861 0.26029 223 31 0
0.65744 0.0306565 0.25924 223 31 0
0.6583 0.0336074 0.259078 223 31 0
0.659351 0.0383874 0.258671 223 31 0
0.660629 0.04311 0.258226 223 31 0
0.661694 0.0478356 0.25738 223 31 0
0.663458 0.0523678 0.256601 223 31 0
0.665112 0.0568324 0.255353 223 31 0
0.667041 0.061194 0.254144 223 31 0
0.666185 0.0632743 0.252912 223 31 0
0.664069 0.0667966 0.250797 223 31 0
0.661984 0.0703482 0.24873 224 30 0
0.659249 0.0735472 0.246819 224 30 0
0.65717 0.0771848 0.244855 224 30 0
0.654921 0.080722 0.242898 224 30 0
0.653044 0.0844487 0.240932 224 30 0
0.654215 0.0825908 0.241928 224 30 0
0.656847 0.0792572 0.243828 224 30 0
0.65944 0.0758983 0.245738 224 30 0
0.66194 0.0724836 0.247673 224 30 0
0.664379 0.0690885 0.249716 224 30 0
0.666941 0.0657893 0.251763 224 30 0
0.668637 0.0642859 0.252976 224 30 0
0.670099 0.0607509 0.255603 224 30 0
0.671681 0.0572623 0.258223 224 30 0
0.673598 0.0538862 0.260766 224 30 0
0.675729 0.0505973 0.26325 224 30 0
0.677643 0.0471163 0.265643 224 30 0
0.679649 0.0436985 0.268053 224 30 0
0.682473 0.0444685 0.269576 224 30 0
0.686593 0.0443049 0.27238 224 30 0
0.690747 0.0444921 0.275123 224 30 0
0.69496 0.044981 0.277748 224 30 0
0.699217 0.0457796 0.280202 224 30 0
0.696701 0.045026 0.278943 224 30 0
0.692107 0.044179 0.276146 224 30 0
0.687505 0.0430932 0.273432 224 30 0
0.682917 0.0417731 0.270813 224 30 0
0.68054 0.0417484 0.269335 224 30 0
0.67566 0.0412799 0.26671 224 30 0
0.67075 0.0411 0.264125 224 30 0
0.665826 0.0412622 0.261544 224 30 0
0.6609 0.0414698 0.258972 224 30 0
0.660478 0.033466 0.260736 224 30 0
0.66005 0.0285792 0.261645 224 30 0
0.659609 0.0236637 0.262377 224 30 0
0.659187 0.018756 0.263159 224 30 0
0.658945 0.0138471 0.26401 224 30 0
0.658535 0.00891712 0.264659 224 30 0
0.658187 0.00397641 0.265262 224 30 0
0.657818 -0.000963763 0.265856 224 30 0
0.657505 -0.00589787 0.266527 224 30 0
0.657203 -0.0108298 0.267219 224 30 0
0.656885 -0.0157555 0.267948 224 30 0
0.65661 -0.0206585 0.268825 224 30 0
0.656283 -0.0255593 0.269699 224 30 0
0.656014 -0.0304427 0.270681 224 30 0
0.654238 -0.0382054 0.272192 224 30 0
0.653482 -0.0432013 0.273616 224 30 0
0.65274 -0.0482438 0.274874 224 30 0
0.652059 -0.0533217 0.276016 224 30 0
0.651503 -0.0584432 0.277024 224 30 0
0.651025 -0.0635987 0.277887 225 29 0
0.650538 -0.068775 0.278615 225 29 0
0.650104 -0.073972 0.279211 225 29 0
0.649742 -0.0791916 0.279633 225 29 0
0.649357 -0.0844067 0.280086 225 29 0
0.649788 -0.0791045 0.279548 225 29 0
0.65009 -0.0738858 0.2792 225 29 0
0.650476 -0.0686792 0.278763 225 29 0
0.650976 -0.0634956 0.278194 225 29 0
0.65147 -0.0583423 0.277401 225 29 0
0.652387 -0.053255 0.276551 225 29 0
0.653435 -0.048228 0.275511 225 29 0
0.654518 -0.0432422 0.27432 225 29 0
0.655816 -0.032924 0.271463 225 29 0
0.656101 -0.0280613 0.270409 225 29 0
0.656073 -0.0231955 0.269338 225 29 0
0.6562 -0.0183278 0.268276 225 29 0
0.656328 -0.0134523 0.267247 225 29 0
0.656531 -0.00854782 0.266388 225 29 0
0.656634 -0.00364133 0.265524 225 29 0
0.65673 0.00126612 0.264661 225 29 0
0.656851 0.00617206 0.263791 225 29 0
0.656899 0.0110694 0.262864 225 29 0
0.656977 0.0159721 0.261974 225 29 0
0.657228 0.0208834 0.261161 225 29 0
0.657449 0.0257861 0.26029 225 29 0
0.65744 0.0306565 0.25924 225 29 0
0.6583 0.0336074 0.259078 225 29 0
0.659351 0.0383874 0.258671 225 29 0
0.660629 0.04311 0.258226 225 29 0
0.661694 0.0478356 0.25738 225 29 0
0.663458 0.0523678 0.256601 225 29 0
0.665112 0.0568324 0.255353 225 29 0
0.667041 0.061194 0.254144 225 29 0
0.666185 0.0632743 0.252912 225 29 0
0.664069 0.0667966 0.250797 225 29 0
0.661984 0.0703482 0.24873 225 29 0
0.659249 0.0735472 0.246819 225 29 0
0.65717 0.0771848 0.244855 225 29 0
0.654921 0.080722 0.242898 225 29 0
0.653044 0.0844487 0.240932 225 29 0
0.647979 0.0872416 0.24909 225 29 0
0.594926 0.0971966 0.198706 225 29 0
0.60108 0.0925958 0.192306 225 29 0
0.584202 -0.0364599 0.229139 225 29 0
0.583584 -0.0234463 0.223536 225 29 0
0.583277 -0.0186979 0.221745 225 29 0
0.582962 -0.0139161 0.220036 225 29 0
0.582727 -0.00913347 0.21832 225 29 0
0.582437 -0.00437386 0.216547 225 29 0
0.58216 0.000404775 0.214823 225 29 0
0.581807 0.00516481 0.213062 226 28 0
0.581506 0.00991459 0.211264 226 28 0
0.58134 0.0146816 0.209495 226 28 0
0.581043 0.0193997 0.207615 226 28 0
0.580939 0.0241516 0.2058 226 28 0
0.58071 0.0288313 0.203817 226 28 0
0.5806 0.0335201 0.201845 226 28 0
0.580508 0.0381988 0.199849 226 28 0
0.580344 0.0428496 0.197793 226 28 0
0.580257 0.0475023 0.195737 226 28 0
0.580264 0.052119 0.193599 226 28 0
0.580206 0.0567413 0.191477 226 28 0
0.578195 0.0561862 0.189972 226 28 0
0.573964 0.0544786 0.187501 226 28 0
0.569738 0.0528764 0.18496 226 28 0
0.56553 0.0514213 0.182296 226 28 0
0.561357 0.050158 0.179499 226 28 0
0.558947 0.0502959 0.17746 226 28 0
0.555587 0.0517952 0.174022 226 28 0
0.552192 0.0532149 0.17059 226 28 0
0.548674 0.0543361 0.167165 226 28 0
0.545237 0.055502 0.163674 226 28 0
0.541725 0.0564211 0.16019 226 28 0
0.544226 0.0561373 0.16267 226 28 0
0.547204 0.0542623 0.165984 226 28 0
0.550277 0.0525564 0.169306 226 28 0
0.55347 0.0510336 0.172604 226 28 0
0.556731 0.0496639 0.1759 226 28 0
0.558703 0.0491874 0.177757 226 28 0
0.562556 0.0487979 0.181156 226 28 0
0.566329 0.0481386 0.184581 226 28 0
0.570067 0.0472425 0.188011 226 28 0
0.5739 0.0464577 0.191366 226 28 0
0.577838 0.045918 0.194636 226 28 0
0.57603 0.0358883 0.198129 226 28 0
0.575404 0.0312308 0.199692 226 28 0
0.574765 0.02651 0.201047 226 28 0
0.574084 0.0217843 0.202366 226 28 0
0.573501 0.0170597 0.203732 226 28 0
0.572906 0.0123124 0.20501 226 28 0
0.572292 0.0075422 0.206194 226 28 0
0.571677 0.00275541 0.207307 226 28 0
0.571041 -0.00204202 0.208362 226 28 0
0.570401 -0.00683637 0.209429 226 28 0
0.569756 -0.0116269 0.21051 226 28 0
0.569117 -0.0164194 0.211586 226 28 0
0.568472 -0.0212093 0.212669 226 28 0
0.567785 -0.0259795 0.213812 226 28 0
0.566698 -0.0338289 0.215628 226 28 0
0.56619 -0.0386158 0.216472 226 28 0
0.565717 -0.0434155 0.217262 226 28 0
0.56523 -0.0482104 0.218074 227 27 0
0.564767 -0.0530156 0.218836 227 27 0
0.564305 -0.0578241 0.219578 227 27 0
0.56371 -0.0626363 0.22019 227 27 0
0.56315 -0.0674602 0.220741 227 27 0
0.56262 -0.0722936 0.221234 227 27 0
0.562047 -0.0771178 0.221765 227 27 0
0.561362 -0.0819327 0.222244 227 27 0
0.562122 -0.07713 0.222219 227 27 0
0.562812 -0.0719949 0.221478 227 27 0
0.563513 -0.0668376 0.220927 227 27 0
0.563996 -0.0616874 0.220128 227 27 0
0.564471 -0.0565356 0.219335 227 27 0
0.564906 -0.0513702 0.21861 227 27 0
0.565359 -0.0462084 0.217871 227 27 0
0.565825 -0.0410521 0.217101 227 27 0
0.567101 -0.0309478 0.21496 227 27 0
0.567779 -0.0261819 0.213819 227 27 0
0.568449 -0.0214098 0.2127 227 27 0
0.569088 -0.0166214 0.211634 227 27 0
0.569728 -0.0118354 0.210557 227 27 0
0.570372 -0.00705065 0.209477 227 27 0
0.571012 -0.00226235 0.208411 227 27 0
0.571771 0.00252699 0.207439 227 27 0
0.572591 0.00730805 0.206469 227 27 0
0.573406 0.0120752 0.205428 227 27 0
0.574246 0.0168258 0.204334 227 27 0
0.575108 0.0215591 0.203181 227 27 0
0.576007 0.0262846 0.202026 227 27 0
0.57698 0.0310056 0.200914 227 27 0
0.578207 0.0356615 0.199782 227 27 0
0.578777 0.0386632 0.198625 227 27 0
0.578812 0.0432885 0.196555 227 27 0
0.579173 0.0479785 0.194653 227 27 0
0.579122 0.0525724 0.192495 227 27 0
0.579575 0.057286 0.19068 227 27 0
0.579768 0.0619749 0.188757 227 27 0
0.580038 0.0667152 0.186978 227 27 0
0.581862 0.0695492 0.187113 227 27 0
0.585594 0.0734354 0.187963 227 27 0
0.589244 0.0774145 0.188806 227 27 0
0.592893 0.081364 0.189808 227 27 0
0.596264 0.0855736 0.190773 227 27 0
0.599449 0.0899067 0.191801 227 27 0
0.597475 0.0872125 0.191069 227 27 0
0.594267 0.084224 0.189745 227 27 0
0.59119 0.0809751 0.188704 227 27 0
0.587981 0.0778484 0.187684 227 27 0
0.584896 0.074525 0.186952 227 27 0
0.581573 0.0715388 0.18596 227 27 0
0.579564 0.0700047 0.185222 227 27 0
0.57644 0.0666997 0.184207 228 26 0
0.573286 0.0634511 0.18311 228 26 0
0.570293 0.0600154 0.182126 228 26 0
0.567173 0.0567082 0.181098 228 26 0
0.564017 0.0534405 0.180055 228 26 0
0.560713 0.0503841 0.178865 228 26 0
0.558947 0.0502959 0.17746 228 26 0
0.555493 0.0515913 0.174036 228 26 0
0.552126 0.0530764 0.170602 228 26 0
0.548608 0.0541976 0.167178 228 26 0
0.545211 0.055456 0.163682 228 26 0
0.541725 0.0564211 0.16019 228 26 0
0.544226 0.0561373 0.16267 228 26 0
0.547204 0.0542623 0.165984 228 26 0
0.550277 0.0525564 0.169306 228 26 0
0.55347 0.0510336 0.172604 228 26 0
0.556731 0.0496639 0.1759 228 26 0
0.558703 0.0491874 0.177757 228 26 0
0.562556 0.0487979 0.181156 228 26 0
0.566329 0.0481386 0.184581 228 26 0
0.570067 0.0472425 0.188011 228 26 0
0.5739 0.0464577 0.191366 228 26 0
0.577838 0.045918 0.194636 228 26 0
0.57603 0.0358883 0.198129 228 26 0
0.575404 0.0312308 0.199692 228 26 0
0.574765 0.02651 0.201047 228 26 0
0.574084 0.0217843 0.202366 228 26 0
0.573501 0.0170597 0.203732 228 26 0
0.572906 0.0123124 0.20501 228 26 0
0.572292 0.0075422 0.206194 228 26 0
0.571677 0.00275541 0.207307 228 26 0
0.571041 -0.00204202 0.208362 228 26 0
0.570401 -0.00683637 0.209429 228 26 0
0.569756 -0.0116269 0.21051 228 26 0
0.569117 -0.0164194 0.211586 228 26 0
0.568472 -0.0212093 0.212669 228 26 0
0.567785 -0.0259795 0.213812 228 26 0
0.566698 -0.0338289 0.215628 228 26 0
0.56619 -0.0386158 0.216472 228 26 0
0.565717 -0.0434155 0.217262 228 26 0
0.56523 -0.0482104 0.218074 228 26 0
0.564767 -0.0530156 0.218836 228 26 0
0.564305 -0.0578241 0.219578 228 26 0
0.56371 -0.0626363 0.22019 228 26 0
0.56315 -0.0674602 0.220741 228 26 0
0.56262 -0.0722936 0.221234 228 26 0
0.562047 -0.0771178 0.221765 228 26 0
0.561362 -0.0819327 0.222244 228 26 0
0.562122 -0.07713 0.222219 228 26 0
0.562812 -0.0719949 0.221478 228 26 0
0.563513 -0.0668376 0.220927 228 26 0
0.563996 -0.0616874 0.220128 228 26 0
0.564471 -0.0565356 0.219335 229 25 0
0.564906 -0.0513702 0.21861 229 25 0
0.565359 -0.0462084 0.217871 229 25 0
0.565825 -0.0410521 0.217101 229 25 0
0.567101 -0.0309478 0.21496 229 25 0
0.567779 -0.0261819 0.213819 229 25 0
0.568449 -0.0214098 0.2127 229 25 0
0.569088 -0.0166214 0.211634 229 25 0
0.569728 -0.0118354 0.210557 229 25 0
0.570372 -0.00705065 0.209477 229 25 0
0.571012 -0.00226235 0.208411 229 25 0
0.571771 0.00252699 0.207439 229 25 0
0.572591 0.00730805 0.206469 229 25 0
0.573406 0.0120752 0.205428 229 25 0
0.574246 0.0168258 0.204334 229 25 0
0.575108 0.0215591 0.203181 229 25 0
0.576007 0.0262846 0.202026 229 25 0
0.57698 0.0310056 0.200914 229 25 0
0.578207 0.0356615 0.199782 229 25 0
0.578777 0.0386632 0.198625 229 25 0
0.578812 0.0432885 0.196555 229 25 0
0.579173 0.0479785 0.194653 229 25 0
0.579122 0.0525724 0.192495 229 25 0
0.579575 0.057286 0.19068 229 25 0
0.579768 0.0619749 0.188757 229 25 0
0.580038 0.0667152 0.186978 229 25 0
0.581862 0.0695492 0.187113 229 25 0
0.585594 0.0734354 0.187963 229 25 0
0.589244 0.0774145 0.188806 229 25 0
0.592893 0.081364 0.189808 229 25 0
0.596264 0.0855736 0.190773 229 25 0
0.599449 0.0899067 0.191801 229 25 0
0.593365 0.0943603 0.19837 229 25 0
0.646522 0.0887085 0.248126 229 25 0
0.651672 0.0860294 0.239984 229 25 0
0.653044 0.0844487 0.240932 229 25 0
0.655645 0.0805753 0.243082 229 25 0
0.658283 0.0767185 0.245215 229 25 0
0.661082 0.072963 0.247323 229 25 0
0.66402 0.0693461 0.249484 229 25 0
0.666941 0.0657893 0.251763 229 25 0
0.668637 0.0642859 0.252976 229 25 0
0.670099 0.0607509 0.255603 229 25 0
0.671681 0.0572623 0.258223 229 25 0
0.673598 0.0538862 0.260766 229 25 0
0.675729 0.0505973 0.26325 229 25 0
0.677643 0.0471163 0.265643 229 25 0
0.679649 0.0436985 0.268053 229 25 0
0.682473 0.0444685 0.269576 229 25 0
0.686593 0.0443049 0.27238 229 25 0
0.690747 0.0444921 0.275123 229 25 0
0.69496 0.044981 0.277748 230 24 0
0.699217 0.0457796 0.280202 230 24 0
0.696701 0.045026 0.278943 230 24 0
0.692107 0.044179 0.276146 230 24 0
0.687505 0.0430932 0.273432 230 24 0
0.682917 0.0417731 0.270813 230 24 0
0.68054 0.0417484 0.269335 230 24 0
0.67566 0.0412799 0.26671 230 24 0
0.67075 0.0411 0.264125 230 24 0
0.665826 0.0412622 0.261544 230 24 0
0.6609 0.0414698 0.258972 230 24 0
0.660478 0.033466 0.260736 230 24 0
0.66005 0.0285792 0.261645 230 24 0
0.659609 0.0236637 0.262377 230 24 0
0.659187 0.018756 0.263159 230 24 0
0.658945 0.0138471 0.26401 230 24 0
0.658535 0.00891712 0.264659 230 24 0
0.658187 0.00397641 0.265262 230 24 0
0.657818 -0.000963763 0.265856 230 24 0
0.657505 -0.00589787 0.266527 230 24 0
0.657203 -0.0108298 0.267219 230 24 0
0.656885 -0.0157555 0.267948 230 24 0
0.65661 -0.0206585 0.268825 230 24 0
0.656283 -0.0255593 0.269699 230 24 0
0.656014 -0.0304427 0.270681 230 24 0
0.654238 -0.0382054 0.272192 230 24 0
0.653482 -0.0432013 0.273616 230 24 0
0.65274 -0.0482438 0.274874 230 24 0
0.652059 -0.0533217 0.276016 230 24 0
0.651503 -0.0584432 0.277024 230 24 0
0.651025 -0.0635987 0.277887 230 24 0
0.650538 -0.068775 0.278615 230 24 0
0.650104 -0.073972 0.279211 230 24 0
0.649742 -0.0791916 0.279633 230 24 0
0.649357 -0.0844067 0.280086 230 24 0
0.649788 -0.0791045 0.279548 230 24 0
0.65009 -0.0738858 0.2792 230 24 0
0.650476 -0.0686792 0.278763 230 24 0
0.650976 -0.0634956 0.278194 230 24 0
0.65147 -0.0583423 0.277401 230 24 0
0.652387 -0.053255 0.276551 230 24 0
0.653435 -0.048228 0.275511 230 24 0
0.654518 -0.0432422 0.27432 230 24 0
0.655816 -0.032924 0.271463 230 24 0
0.656101 -0.0280613 0.270409 230 24 0
0.656073 -0.0231955 0.269338 230 24 0
0.6562 -0.0183278 0.268276 230 24 0
0.656328 -0.0134523 0.267247 230 24 0
0.656531 -0.00854782 0.266388 230 24 0
0.656634 -0.00364133 0.265524 230 24 0
0.65673 0.00126612 0.264661 230 24 0
0.656851 0.00617206 0.263791 231 23 0
0.656899 0.0110694 0.262864 231 23 0
0.656977 0.0159721 0.261974 231 23 0
0.657228 0.0208834 0.261161 231 23 0
0.657449 0.0257861 0.26029 231 23 0
0.65744 0.0306565 0.25924 231 23 0
0.6583 0.0336074 0.259078 231 23 0
0.659351 0.0383874 0.258671 231 23 0
0.660629 0.04311 0.258226 231 23 0
0.661694 0.0478356 0.25738 231 23 0
0.663458 0.0523678 0.256601 231 23 0
0.665112 0.0568324 0.255353 231 23 0
0.667041 0.061194 0.254144 231 23 0
0.666185 0.0632743 0.252912 231 23 0
0.664069 0.0667966 0.250797 231 23 0
0.661984 0.0703482 0.24873 231 23 0
0.659249 0.0735472 0.246819 231 23 0
0.65717 0.0771848 0.244855 231 23 0
0.654921 0.080722 0.242898 231 23 0
0.653044 0.0844487 0.240932 231 23 0
0.654215 0.0825908 0.241928 231 23 0
0.656847 0.0792572 0.243828 231 23 0
0.65944 0.0758983 0.245738 231 23 0
0.66194 0.0724836 0.247673 231 23 0
0.664379 0.0690885 0.249716 231 23 0
0.666941 0.0657893 0.251763 231 23 0
0.668637 0.0642859 0.252976 231 23 0
0.670099 0.0607509 0.255603 231 23 0
0.671681 0.0572623 0.258223 231 23 0
0.673598 0.0538862 0.260766 231 23 0
0.675729 0.0505973 0.26325 231 23 0
0.677643 0.0471163 0.265643 231 23 0
0.679649 0.0436985 0.268053 231 23 0
0.682473 0.0444685 0.269576 231 23 0
0.686593 0.0443049 0.27238 231 23 0
0.690747 0.0444921 0.275123 231 23 0
0.69496 0.044981 0.277748 231 23 0
0.699217 0.0457796 0.280202 231 23 0
0.696701 0.045026 0.278943 231 23 0
0.692107 0.044179 0.276146 231 23 0
0.687505 0.0430932 0.273432 231 23 0
0.682917 0.0417731 0.270813 231 23 0
0.68054 0.0417484 0.269335 231 23 0
0.67566 0.0412799 0.26671 231 23 0
0.67075 0.0411 0.264125 231 23 0
0.665826 0.0412622 0.261544 231 23 0
0.6609 0.0414698 0.258972 231 23 0
0.660478 0.033466 0.260736 231 23 0
0.66005 0.0285792 0.261645 231 23 0
0.659609 0.0236637 0.262377 231 23 0
0.659187 0.018756 0.263159 231 23 0
0.658945 0.0138471 0.26401 232 22 0
0.658535 0.00891712 0.264659 232 22 0
0.658187 0.00397641 0.265262 232 22 0
0.657818 -0.000963763 0.265856 232 22 0
0.657505 -0.00589787 0.266527 232 22 0
0.657203 -0.0108298 0.267219 232 22 0
0.656885 -0.0157555 0.267948 232 22 0
0.65661 -0.0206585 0.268825 232 22 0
0.656283 -0.0255593 0.269699 232 22 0
0.656014 -0.0304427 0.270681 232 22 0
0.654238 -0.0382054 0.272192 232 22 0
0.653482 -0.0432013 0.273616 232 22 0
0.65274 -0.0482438 0.274874 232 22 0
0.652059 -0.0533217 0.276016 232 22 0
0.651503 -0.0584432 0.277024 232 22 0
0.651025 -0.0635987 0.277887 232 22 0
0.650538 -0.068775 0.278615 232 22 0
0.650104 -0.073972 0.279211 232 22 0
0.649742 -0.0791916 0.279633 232 22 0
0.649357 -0.0844067 0.280086 232 22 0
0.649788 -0.0791045 0.279548 232 22 0
0.65009 -0.0738858 0.2792 232 22 0
0.650476 -0.0686792 0.278763 232 22 0
0.650976 -0.0634956 0.278194 232 22 0
0.65147 -0.0583423 0.277401 232 22 0
0.652387 -0.053255 0.276551 232 22 0
0.653435 -0.048228 0.275511 232 22 0
0.654518 -0.0432422 0.27432 232 22 0
0.655816 -0.032924 0.271463 232 22 0
0.656101 -0.0280613 0.270409 232 22 0
0.656073 -0.0231955 0.269338 232 22 0
0.6562 -0.0183278 0.268276 232 22 0
0.656328 -0.0134523 0.267247 232 22 0
0.656531 -0.00854782 0.266388 232 22 0
0.656634 -0.00364133 0.265524 232 22 0
0.65673 0.00126612 0.264661 232 22 0
0.656851 0.00617206 0.263791 232 22 0
0.656899 0.0110694 0.262864 232 22 0
0.656977 0.0159721 0.261974 232 22 0
0.657228 0.0208834 0.261161 232 22 0
0.657449 0.0257861 0.26029 232 22 0
0.65744 0.0306565 0.25924 232 22 0
0.6583 0.0336074 0.259078 232 22 0
0.659351 0.0383874 0.258671 232 22 0
0.660629 0.04311 0.258226 232 22 0
0.661694 0.0478356 0.25738 232 22 0
0.663458 0.0523678 0.256601 232 22 0
0.665112 0.0568324 0.255353 232 22 0
0.667041 0.061194 0.254144 232 22 0
0.666185 0.0632743 0.252912 232 22 0
0.664069 0.0667966 0.250797 232 22 0
0.661984 0.0703482 0.24873 233 21 0
0.659249 0.0735472 0.246819 233 21 0
0.65717 0.0771848 0.244855 233 21 0
0.654921 0.080722 0.242898 233 21 0
0.653044 0.0844487 0.240932 233 21 0
0.647979 0.0872416 0.24909 233 21 0
0.594926 0.0971966 0.198706 233 21 0
0.60108 0.0925958 0.192306 233 21 0
0.584202 -0.0364599 0.229139 233 21 0
0.583584 -0.0234463 0.223536 233 21 0
0.583277 -0.0186979 0.221745 233 21 0
0.582962 -0.0139161 0.220036 233 21 0
0.582727 -0.00913347 0.21832 233 21 0
0.582437 -0.00437386 0.216547 233 21 0
0.58216 0.000404775 0.214823 233 21 0
0.581807 0.00516481 0.213062 233 21 0
0.581506 0.00991459 0.211264 233 21 0
0.58134 0.0146816 0.209495 233 21 0
0.581043 0.0193997 0.207615 233 21 0
0.580939 0.0241516 0.2058 233 21 0
0.58071 0.0288313 0.203817 233 21 0
0.5806 0.0335201 0.201845 233 21 0
0.580508 0.0381988 0.199849 233 21 0
0.580344 0.0428496 0.197793 233 21 0
0.580257 0.0475023 0.195737 233 21 0
0.580264 0.052119 0.193599 233 21 0
0.580206 0.0567413 0.191477 233 21 0
0.578195 0.0561862 0.189972 233 21 0
0.573964 0.0544786 0.187501 233 21 0
0.569738 0.0528764 0.18496 233 21 0
0.56553 0.0514213 0.182296 233 21 0
0.561357 0.050158 0.179499 233 21 0
0.558947 0.0502959 0.17746 233 21 0
0.555587 0.0517952 0.174022 233 21 0
0.552192 0.0532149 0.17059 233 21 0
0.548674 0.0543361 0.167165 233 21 0
0.545237 0.055502 0.163674 233 21 0
0.541725 0.0564211 0.16019 233 21 0
0.544226 0.0561373 0.16267 233 21 0
0.547204 0.0542623 0.165984 233 21 0
0.550277 0.0525564 0.169306 233 21 0
0.55347 0.0510336 0.172604 233 21 0
0.556731 0.0496639 0.1759 233 21 0
0.558703 0.0491874 0.177757 233 21 0
0.562556 0.0487979 0.181156 233 21 0
0.566329 0.0481386 0.184581 233 21 0
0.570067 0.0472425 0.188011 233 21 0
0.5739 0.0464577 0.191366 233 21 0
0.577838 0.045918 0.194636 233 21 0
0.57603 0.0358883 0.198129 233 21 0
0.575404 0.0312308 0.199692 233 21 0
0.574765 0.02651 0.201047 234 20 0
0.574084 0.0217843 0.202366 234 20 0
0.573501 0.0170597 0.203732 234 20 0
0.572906 0.0123124 0.20501 234 20 0
0.572292 0.0075422 0.206194 234 20 0
0.571677 0.00275541 0.207307 234 20 0
0.571041 -0.00204202 0.208362 234 20 0
0.570401 -0.00683637 0.209429 234 20 0
0.569756 -0.0116269 0.21051 234 20 0
0.569117 -0.0164194 0.211586 234 20 0
0.568472 -0.0212093 0.212669 234 20 0
0.567785 -0.0259795 0.213812 234 20 0
0.566698 -0.0338289 0.215628 234 20 0
0.56619 -0.0386158 0.216472 234 20 0
0.565717 -0.0434155 0.217262 234 20 0
0.56523 -0.0482104 0.218074 234 20 0
0.564767 -0.0530156 0.218836 234 20 0
0.564305 -0.0578241 0.219578 234 20 0
0.56371 -0.0626363 0.22019 234 20 0
0.56315 -0.0674602 0.220741 234 20 0
0.56262 -0.0722936 0.221234 234 20 0
0.562047 -0.0771178 0.221765 234 20 0
0.561362 -0.0819327 0.222244 234 20 0
0.562122 -0.07713 0.222219 234 20 0
0.562812 -0.0719949 0.221478 234 20 0
0.563513 -0.0668376 0.220927 234 20 0
0.563996 -0.0616874 0.220128 234 20 0
0.564471 -0.0565356 0.219335 234 20 0
0.564906 -0.0513702 0.21861 234 20 0
0.565359 -0.0462084 0.217871 234 20 0
0.565825 -0.0410521 0.217101 234 20 0
0.567101 -0.0309478 0.21496 234 20 0
0.567779 -0.0261819 0.213819 234 20 0
0.568449 -0.0214098 0.2127 234 20 0
0.569088 -0.0166214 0.211634 234 20 0
0.569728 -0.0118354 0.210557 234 20 0
0.570372 -0.00705065 0.209477 234 20 0
0.571012 -0.00226235 0.208411 234 20 0
0.571771 0.00252699 0.207439 234 20 0
0.572591 0.00730805 0.206469 234 20 0
0.573406 0.0120752 0.205428 234 20 0
0.574246 0.0168258 0.204334 234 20 0
0.575108 0.0215591 0.203181 234 20 0
0.576007 0.0262846 0.202026 234 20 0
0.57698 0.0310056 0.200914 234 20 0
0.578207 0.0356615 0.199782 234 20 0
0.578777 0.0386632 0.198625 234 20 0
0.578812 0.0432885 0.196555 234 20 0
0.579173 0.0479785 0.194653 234 20 0
0.579122 0.0525724 0.192495 234 20 0
0.579575 0.057286 0.19068 234 20 0
0.579768 0.0619749 0.188757 234 20 0
0.580038 0.0667152 0.186978 235 19 0
0.581862 0.0695492 0.187113 235 19 0
0.585594 0.0734354 0.187963 235 19 0
0.589244 0.0774145 0.188806 235 19 0
0.592893 0.081364 0.189808 235 19 0
0.596264 0.0855736 0.190773 235 19 0
0.599449 0.0899067 0.191801 235 19 0
0.597475 0.0872125 0.191069 235 19 0
0.594267 0.084224 0.189745 235 19 0
0.59119 0.0809751 0.188704 235 19 0
0.587981 0.0778484 0.187684 235 19 0
0.584896 0.074525 0.186952 235 19 0
0.581573 0.0715388 0.18596 235 19 0
0.579564 0.0700047 0.185222 235 19 0
0.57644 0.0666997 0.184207 235 19 0
0.573286 0.0634511 0.18311 235 19 0
0.570293 0.0600154 0.182126 235 19 0
0.567173 0.0567082 0.181098 235 19 0
0.564017 0.0534405 0.180055 235 19 0
0.560713 0.0503841 0.178865 235 19 0
0.558947 0.0502959 0.17746 235 19 0
0.555493 0.0515913 0.174036 235 19 0
0.552126 0.0530764 0.170602 235 19 0
0.548608 0.0541976 0.167178 235 19 0
0.545211 0.055456 0.163682 235 19 0
0.541725 0.0564211 0.16019 235 19 0
0.544226 0.0561373 0.16267 235 19 0
0.547204 0.0542623 0.165984 235 19 0
0.550277 0.0525564 0.169306 235 19 0
0.55347 0.0510336 0.172604 235 19 0
0.556731 0.0496639 0.1759 235 19 0
0.558703 0.0491874 0.177757 235 19 0
0.562556 0.0487979 0.181156 235 19 0
0.566329 0.0481386 0.184581 235 19 0
0.570067 0.0472425 0.188011 235 19 0
0.5739 0.0464577 0.191366 235 19 0
0.577838 0.045918 0.194636 235 19 0
0.57603 0.0358883 0.198129 235 19 0
0.575404 0.0312308 0.199692 235 19 0
0.574765 0.02651 0.201047 235 19 0
0.574084 0.0217843 0.202366 235 19 0
0.573501 0.0170597 0.203732 235 19 0
0.572906 0.0123124 0.20501 235 19 0
0.572292 0.0075422 0.206194 235 19 0
0.571677 0.00275541 0.207307 235 19 0
0.571041 -0.00204202 0.208362 235 19 0
0.570401 -0.00683637 0.209429 235 19 0
0.569756 -0.0116269 0.21051 235 19 0
0.569117 -0.0164194 0.211586 235 19 0
0.568472 -0.0212093 0.212669 235 19 0
0.567785 -0.0259795 0.213812 235 19 0
0.566698 -0.0338289 0.215628 236 18 0
0.56619 -0.0386158 0.216472 236 18 0
0.565717 -0.0434155 0.217262 236 18 0
0.56523 -0.0482104 0.218074 236 18 0
0.564767 -0.0530156 0.218836 236 18 0
0.564305 -0.0578241 0.219578 236 18 0
0.56371 -0.0626363 0.22019 236 18 0
0.56315 -0.0674602 0.220741 236 18 0
0.56262 -0.0722936 0.221234 236 18 0
0.562047 -0.0771178 0.221765 236 18 0
0.561362 -0.0819327 0.222244 236 18 0
0.562122 -0.07713 0.222219 236 18 0
0.562812 -0.0719949 0.221478 236 18 0
0.563513 -0.0668376 0.220927 236 18 0
0.563996 -0.0616874 0.220128 236 18 0
0.564471 -0.0565356 0.219335 236 18 0
0.564906 -0.0513702 0.21861 236 18 0
0.565359 -0.0462084 0.217871 236 18 0
0.565825 -0.0410521 0.217101 236 18 0
0.567101 -0.0309478 0.21496 236 18 0
0.567779 -0.0261819 0.213819 236 18 0
0.568449 -0.0214098 0.2127 236 18 0
0.569088 -0.0166214 0.211634 236 18 0
0.569728 -0.0118354 0.210557 236 18 0
0.570372 -0.00705065 0.209477 236 18 0
0.571012 -0.00226235 0.208411 236 18 0
0.571771 0.00252699 0.207439 236 18 0
0.572591 0.00730805 0.206469 236 18 0
0.573406 0.0120752 0.205428 236 18 0
0.574246 0.0168258 0.204334 236 18 0
0.575108 0.0215591 0.203181 236 18 0
0.576007 0.0262846 0.202026 236 18 0
0.57698 0.0310056 0.200914 236 18 0
0.578207 0.0356615 0.199782 236 18 0
0.578777 0.0386632 0.198625 236 18 0
0.578812 0.0432885 0.196555 236 18 0
0.579173 0.0479785 0.194653 236 18 0
0.579122 0.0525724 0.192495 236 18 0
0.579575 0.057286 0.19068 236 18 0
0.579768 0.0619749 0.188757 236 18 0
0.580038 0.0667152 0.186978 236 18 0
0.581862 0.0695492 0.187113 236 18 0
0.585594 0.0734354 0.187963 236 18 0
0.589244 0.0774145 0.188806 236 18 0
0.592893 0.081364 0.189808 236 18 0
0.596264 0.0855736 0.190773 236 18 0
0.599449 0.0899067 0.191801 236 18 0
0.593365 0.0943603 0.19837 236 18 0
0.646522 0.0887085 0.248126 236 18 0
0.651672 0.0860294 0.239984 236 18 0
0.653044 0.0844487 0.240932 236 18 0
0.655645 0.0805753 0.243082 237 17 0
0.658283 0.0767185 0.245215 237 17 0
0.661082 0.072963 0.247323 237 17 0
0.66402 0.0693461 0.249484 237 17 0
0.666941 0.0657893 0.251763 237 17 0
0.668637 0.0642859 0.252976 237 17 0
0.670099 0.0607509 0.255603 237 17 0
0.671681 0.0572623 0.258223 237 17 0
0.673598 0.0538862 0.260766 237 17 0
0.675729 0.0505973 0.26325 237 17 0
0.677643 0.0471163 0.265643 237 17 0
0.679649 0.0436985 0.268053 237 17 0
0.682473 0.0444685 0.269576 237 17 0
0.686593 0.0443049 0.27238 237 17 0
0.690747 0.0444921 0.275123 237 17 0
0.69496 0.044981 0.277748 237 17 0
0.699217 0.0457796 0.280202 237 17 0
0.696701 0.045026 0.278943 237 17 0
0.692107 0.044179 0.276146 237 17 0
0.687505 0.0430932 0.273432 237 17 0
0.682917 0.0417731 0.270813 237 17 0
0.68054 0.0417484 0.269335 237 17 0
0.67566 0.0412799 0.26671 237 17 0
0.67075 0.0411 0.264125 237 17 0
0.665826 0.0412622 0.261544 237 17 0
0.6609 0.0414698 0.258972 237 17 0
0.660478 0.033466 0.260736 237 17 0
0.66005 0.0285792 0.261645 237 17 0
0.659609 0.0236637 0.262377 237 17 0
0.659187 0.018756 0.263159 237 17 0
0.658945 0.0138471 0.26401 237 17 0
0.658535 0.00891712 0.264659 237 17 0
0.658187 0.00397641 0.265262 237 17 0
0.657818 -0.000963763 0.265856 237 17 0
0.657505 -0.00589787 0.266527 237 17 0
0.657203 -0.0108298 0.267219 237 17 0
0.656885 -0.0157555 0.267948 237 17 0
0.65661 -0.0206585 0.268825 237 17 0
0.656283 -0.0255593 0.269699 237 17 0
0.656014 -0.0304427 0.270681 237 17 0
0.654238 -0.0382054 0.272192 237 17 0
0.653482 -0.0432013 0.273616 237 17 0
0.65274 -0.0482438 0.274874 237 17 0
0.652059 -0.0533217 0.276016 237 17 0
0.651503 -0.0584432 0.277024 237 17 0
0.651025 -0.0635987 0.277887 237 17 0
0.650538 -0.068775 0.278615 237 17 0
0.650104 -0.073972 0.279211 237 17 0
0.649742 -0.0791916 0.279633 237 17 0
0.649357 -0.0844067 0.280086 237 17 0
0.649788 -0.0791045 0.279548 237 17 0
0.65009 -0.0738858 0.2792 238 16 0
0.650476 -0.0686792 0.278763 238 16 0
0.650976 -0.0634956 0.278194 238 16 0
0.65147 -0.0583423 0.277401 238 16 0
0.652387 -0.053255 0.276551 238 16 0
0.653435 -0.048228 0.275511 238 16 0
0.654518 -0.0432422 0.27432 238 16 0
0.655816 -0.032924 0.271463 238 16 0
0.656101 -0.0280613 0.270409 238 16 0
0.656073 -0.0231955 0.269338 238 16 0
0.6562 -0.0183278 0.268276 238 16 0
0.656328 -0.0134523 0.267247 238 16 0
0.656531 -0.00854782 0.266388 238 16 0
0.656634 -0.00364133 0.265524 238 16 0
0.65673 0.00126612 0.264661 238 16 0
0.656851 0.00617206 0.263791 238 16 0
0.656899 0.0110694 0.262864 238 16 0
0.656977 0.0159721 0.261974 238 16 0
0.657228 0.0208834 0.261161 238 16 0
0.657449 0.0257861 0.26029 238 16 0
0.65744 0.0306565 0.25924 238 16 0
0.6583 0.0336074 0.259078 238 16 0
0.659351 0.0383874 0.258671 238 16 0
0.660629 0.04311 0.258226 238 16 0
0.661694 0.0478356 0.25738 238 16 0
0.663458 0.0523678 0.256601 238 16 0
0.665112 0.0568324 0.255353 238 16 0
0.667041 0.061194 0.254144 238 16 0
0.666185 0.0632743 0.252912 238 16 0
0.664069 0.0667966 0.250797 238 16 0
0.661984 0.0703482 0.24873 238 16 0
0.659249 0.0735472 0.246819 238 16 0
0.65717 0.0771848 0.244855 238 16 0
0.654921 0.080722 0.242898 238 16 0
0.653044 0.0844487 0.240932 238 16 0
0.654215 0.0825908 0.241928 238 16 0
0.656847 0.0792572 0.243828 238 16 0
0.65944 0.0758983 0.245738 238 16 0
0.66194 0.0724836 0.247673 238 16 0
0.664379 0.0690885 0.249716 238 16 0
0.666941 0.0657893 0.251763 238 16 0
0.668637 0.0642859 0.252976 238 16 0
0.670099 0.0607509 0.255603 238 16 0
0.671681 0.0572623 0.258223 238 16 0
0.673598 0.0538862 0.260766 238 16 0
0.675729 0.0505973 0.26325 238 16 0
0.677643 0.0471163 0.265643 238 16 0
0.679649 0.0436985 0.268053 238 16 0
0.682473 0.0444685 0.269576 238 16 0
0.686593 0.0443049 0.27238 238 16 0
0.690747 0.0444921 0.275123 238 16 0
0.69496 0.044981 0.277748 239 15 0
0.699217 0.0457796 0.280202 239 15 0
0.696701 0.045026 0.278943 239 15 0
0.692107 0.044179 0.276146 239 15 0
0.687505 0.0430932 0.273432 239 15 0
0.682917 0.0417731 0.270813 239 15 0
0.68054 0.0417484 0.269335 239 15 0
0.67566 0.0412799 0.26671 239 15 0
0.67075 0.0411 0.264125 239 15 0
0.665826 0.0412622 0.261544 239 15 0
0.6609 0.0414698 0.258972 239 15 0
0.660478 0.033466 0.260736 239 15 0
0.66005 0.0285792 0.261645 239 15 0
0.659609 0.0236637 0.262377 239 15 0
0.659187 0.018756 0.263159 239 15 0
0.658945 0.0138471 0.26401 239 15 0
0.658535 0.00891712 0.264659 239 15 0
0.658187 0.00397641 0.265262 239 15 0
0.657818 -0.000963763 0.265856 239 15 0
0.657505 -0.00589787 0.266527 239 15 0
0.657203 -0.0108298 0.267219 239 15 0
0.656885 -0.0157555 0.267948 239 15 0
0.65661 -0.0206585 0.268825 239 15 0
0.656283 -0.0255593 0.269699 239 15 0
0.656014 -0.0304427 0.270681 239 15 0
0.654238 -0.0382054 0.272192 239 15 0
0.653482 -0.0432013 0.273616 239 15 0
0.65274 -0.0482438 0.274874 239 15 0
0.652059 -0.0533217 0.276016 239 15 0
0.651503 -0.0584432 0.277024 239 15 0
0.651025 -0.0635987 0.277887 239 15 0
0.650538 -0.068775 0.278615 239 15 0
0.650104 -0.073972 0.279211 239 15 0
0.649742 -0.0791916 0.279633 239 15 0
0.649357 -0.0844067 0.280086 239 15 0
0.649788 -0.0791045 0.279548 239 15 0
0.65009 -0.0738858 0.2792 239 15 0
0.650476 -0.0686792 0.278763 239 15 0
0.650976 -0.0634956 0.278194 239 15 0
0.65147 -0.0583423 0.277401 239 15 0
0.652387 -0.053255 0.276551 239 15 0
0.653435 -0.048228 0.275511 239 15 0
0.654518 -0.0432422 0.27432 239 15 0
0.655816 -0.032924 0.271463 239 15 0
0.656101 -0.0280613 0.270409 239 15 0
0.656073 -0.0231955 0.269338 239 15 0
0.6562 -0.0183278 0.268276 239 15 0
0.656328 -0.0134523 0.267247 239 15 0
0.656531 -0.00854782 0.266388 239 15 0
0.656634 -0.00364133 0.265524 239 15 0
0.65673 0.00126612 0.264661 239 15 0
0.656851 0.00617206 0.263791 239 15 0
0.656899 0.0110694 0.262864 240 14 0
0.656977 0.0159721 0.261974 240 14 0
0.657228 0.0208834 0.261161 240 14 0
0.657449 0.0257861 0.26029 240 14 0
0.65744 0.0306565 0.25924 240 14 0
0.6583 0.0336074 0.259078 240 14 0
0.659351 0.0383874 0.258671 240 14 0
0.660629 0.04311 0.258226 240 14 0
0.661694 0.0478356 0.25738 240 14 0
0.663458 0.0523678 0.256601 240 14 0
0.665112 0.0568324 0.255353 240 14 0
0.667041 0.061194 0.254144 240 14 0
0.666185 0.0632743 0.252912 240 14 0
0.664069 0.0667966 0.250797 240 14 0
0.661984 0.0703482 0.24873 240 14 0
0.659249 0.0735472 0.246819 240 14 0
0.65717 0.0771848 0.244855 240 14 0
0.654921 0.080722 0.242898 240 14 0
0.653044 0.0844487 0.240932 240 14 0
0.647979 0.0872416 0.24909 240 14 0
0.594926 0.0971966 0.198706 240 14 0
0.60108 0.0925958 0.192306 240 14 0
0.584202 -0.0364599 0.229139 240 14 0
0.583584 -0.0234463 0.223536 240 14 0
0.583277 -0.0186979 0.221745 240 14 0
0.582962 -0.0139161 0.220036 240 14 0
0.582727 -0.00913347 0.21832 240 14 0
0.582437 -0.00437386 0.216547 240 14 0
0.58216 0.000404775 0.214823 240 14 0
0.581807 0.00516481 0.213062 240 14 0
0.581506 0.00991459 0.211264 240 14 0
0.58134 0.0146816 0.209495 240 14 0
0.581043 0.0193997 0.207615 240 14 0
0.580939 0.0241516 0.2058 240 14 0
0.58071 0.0288313 0.203817 240 14 0
0.5806 0.0335201 0.201845 240 14 0
0.580508 0.0381988 0.199849 240 14 0
0.580344 0.0428496 0.197793 240 14 0
0.580257 0.0475023 0.195737 240 14 0
0.580264 0.052119 0.193599 240 14 0
0.580206 0.0567413 0.191477 240 14 0
0.578195 0.0561862 0.189972 240 14 0
0.573964 0.0544786 0.187501 240 14 0
0.569738 0.0528764 0.18496 240 14 0
0.56553 0.0514213 0.182296 240 14 0
0.561357 0.050158 0.179499 240 14 0
0.558947 0.0502959 0.17746 240 14 0
0.555587 0.0517952 0.174022 240 14 0
0.552192 0.0532149 0.17059 240 14 0
0.548674 0.0543361 0.167165 240 14 0
0.545237 0.055502 0.163674 240 14 0
0.541725 0.0564211 0.16019 241 13 0
0.544226 0.0561373 0.16267 241 13 0
0.547204 0.0542623 0.165984 241 13 0
0.550277 0.0525564 0.169306 241 13 0
0.55347 0.0510336 0.172604 241 13 0
0.556731 0.0496639 0.1759 241 13 0
0.558703 0.0491874 0.177757 241 13 0
0.562556 0.0487979 0.181156 241 13 0
0.566329 0.0481386 0.184581 241 13 0
0.570067 0.0472425 0.188011 241 13 0
0.5739 0.0464577 0.191366 241 13 0
0.577838 0.045918 0.194636 241 13 0
0.57603 0.0358883 0.198129 241 13 0
0.575404 0.0312308 0.199692 241 13 0
0.574765 0.02651 0.201047 241 13 0
0.574084 0.0217843 0.202366 241 13 0
0.573501 0.0170597 0.203732 241 13 0
0.572906 0.0123124 0.20501 241 13 0
0.572292 0.0075422 0.206194 241 13 0
0.571677 0.00275541 0.207307 241 13 0
0.571041 -0.00204202 0.208362 241 13 0
0.570401 -0.00683637 0.209429 241 13 0
0.569756 -0.0116269 0.21051 241 13 0
0.569117 -0.0164194 0.211586 241 13 0
0.568472 -0.0212093 0.212669 241 13 0
0.567785 -0.0259795 0.213812 241 13 0
0.566698 -0.0338289 0.215628 241 13 0
0.56619 -0.0386158 0.216472 241 13 0
0.565717 -0.0434155 0.217262 241 13 0
0.56523 -0.0482104 0.218074 241 13 0
0.564767 -0.0530156 0.218836 241 13 0
0.564305 -0.0578241 0.219578 241 13 0
0.56371 -0.0626363 0.22019 241 13 0
0.56315 -0.0674602 0.220741 241 13 0
0.56262 -0.0722936 0.221234 241 13 0
0.562047 -0.0771178 0.221765 241 13 0
0.561362 -0.0819327 0.222244 241 13 0
0.562122 -0.07713 0.222219 241 13 0
0.562812 -0.0719949 0.221478 241 13 0
0.563513 -0.0668376 0.220927 241 13 0
0.563996 -0.0616874 0.220128 241 13 0
0.564471 -0.0565356 0.219335 241 13 0
0.564906 -0.0513702 0.21861 241 13 0
0.565359 -0.0462084 0.217871 241 13 0
0.565825 -0.0410521 0.217101 241 13 0
0.567101 -0.0309478 0.21496 241 13 0
0.567779 -0.0261819 0.213819 241 13 0
0.568449 -0.0214098 0.2127 241 13 0
0.569088 -0.0166214 0.211634 241 13 0
0.569728 -0.0118354 0.210557 241 13 0
0.570372 -0.00705065 0.209477 241 13 0
0.571012 -0.00226235 0.208411 242 12 0
0.571771 0.00252699 0.207439 242 12 0
0.572591 0.00730805 0.206469 242 12 0
0.573406 0.0120752 0.205428 242 12 0
0.574246 0.0168258 0.204334 242 12 0
0.575108 0.0215591 0.203181 242 12 0
0.576007 0.0262846 0.202026 242 12 0
0.57698 0.0310056 0.200914 242 12 0
0.578207 0.0356615 0.199782 242 12 0
0.578777 0.0386632 0.198625 242 12 0
0.578812 0.0432885 0.196555 242 12 0
0.579173 0.0479785 0.194653 242 12 0
0.579122 0.0525724 0.192495 242 12 0
0.579575 0.057286 0.19068 242 12 0
0.579768 0.0619749 0.188757 242 12 0
0.580038 0.0667152 0.186978 242 12 0
0.581862 0.0695492 0.187113 242 12 0
0.585594 0.0734354 0.187963 242 12 0
0.589244 0.0774145 0.188806 242 12 0
0.592893 0.081364 0.189808 242 12 0
0.596264 0.0855736 0.190773 242 12 0
0.599449 0.0899067 0.191801 242 12 0
0.597475 0.0872125 0.191069 242 12 0
0.594267 0.084224 0.189745 242 12 0
0.59119 0.0809751 0.188704 242 12 0
0.587981 0.0778484 0.187684 242 12 0
0.584896 0.074525 0.186952 242 12 0
0.581573 0.0715388 0.18596 242 12 0
0.579564 0.0700047 0.185222 242 12 0
0.57644 0.0666997 0.184207 242 12 0
0.573286 0.0634511 0.18311 242 12 0
0.570293 0.0600154 0.182126 242 12 0
0.567173 0.0567082 0.181098 242 12 0
0.564017 0.0534405 0.180055 242 12 0
0.560713 0.0503841 0.178865 242 12 0
0.558947 0.0502959 0.17746 242 12 0
0.555493 0.0515913 0.174036 242 12 0
0.552126 0.0530764 0.170602 242 12 0
0.548608 0.0541976 0.167178 242 12 0
0.545211 0.055456 0.163682 242 12 0
0.541725 0.0564211 0.16019 242 12 0
0.544226 0.0561373 0.16267 242 12 0
0.547204 0.0542623 0.165984 242 12 0
0.550277 0.0525564 0.169306 242 12 0
0.55347 0.0510336 0.172604 242 12 0
0.556731 0.0496639 0.1759 242 12 0
0.558703 0.0491874 0.177757 242 12 0
0.562556 0.0487979 0.181156 242 12 0
0.566329 0.0481386 0.184581 242 12 0
0.570067 0.0472425 0.188011 242 12 0
0.5739 0.0464577 0.191366 242 12 0
0.577838 0.045918 0.194636 243 11 0
0.57603 0.0358883 0.198129 243 11 0
0.575404 0.0312308 0.199692 243 11 0
0.574765 0.02651 0.201047 243 11 0
0.574084 0.0217843 0.202366 243 11 0
0.573501 0.0170597 0.203732 243 11 0
0.572906 0.0123124 0.20501 243 11 0
0.572292 0.0075422 0.206194 243 11 0
0.571677 0.00275541 0.207307 243 11 0
0.571041 -0.00204202 0.208362 243 11 0
0.570401 -0.00683637 0.209429 243 11 0
0.569756 -0.0116269 0.21051 243 11 0
0.569117 -0.0164194 0.211586 243 11 0
0.568472 -0.0212093 0.212669 243 11 0
0.567785 -0.0259795 0.213812 243 11 0
0.566698 -0.0338289 0.215628 243 11 0
0.56619 -0.0386158 0.216472 243 11 0
0.565717 -0.0434155 0.217262 243 11 0
0.56523 -0.0482104 0.218074 243 11 0
0.564767 -0.0530156 0.218836 243 11 0
0.564305 -0.0578241 0.219578 243 11 0
0.56371 -0.0626363 0.22019 243 11 0
0.56315 -0.0674602 0.220741 243 11 0
0.56262 -0.0722936 0.221234 243 11 0
0.562047 -0.0771178 0.221765 243 11 0
0.561362 -0.0819327 0.222244 243 11 0
0.562122 -0.07713 0.222219 243 11 0
0.562812 -0.0719949 0.221478 243 11 0
0.563513 -0.0668376 0.220927 243 11 0
0.563996 -0.0616874 0.220128 243 11 0
0.564471 -0.0565356 0.219335 243 11 0
0.564906 -0.0513702 0.21861 243 11 0
0.565359 -0.0462084 0.217871 243 11 0
0.565825 -0.0410521 0.217101 243 11 0
0.567101 -0.0309478 0.21496 243 11 0
0.567779 -0.0261819 0.213819 243 11 0
0.568449 -0.0214098 0.2127 243 11 0
0.569088 -0.0166214 0.211634 243 11 0
0.569728 -0.0118354 0.210557 243 11 0
0.570372 -0.00705065 0.209477 243 11 0
0.571012 -0.00226235 0.208411 243 11 0
0.571771 0.00252699 0.207439 243 11 0
0.572591 0.00730805 0.206469 243 11 0
0.573406 0.0120752 0.205428 243 11 0
0.574246 0.0168258 0.204334 243 11 0
0.575108 0.0215591 0.203181 243 11 0
0.576007 0.0262846 0.202026 243 11 0
0.57698 0.0310056 0.200914 243 11 0
0.578207 0.0356615 0.199782 243 11 0
0.578777 0.0386632 0.198625 243 11 0
0.578812 0.0432885 0.196555 243 11 0
0.579173 0.0479785 0.194653 244 10 0
0.579122 0.0525724 0.192495 244 10 0
0.579575 0.057286 0.19068 244 10 0
0.579768 0.0619749 0.188757 244 10 0
0.580038 0.0667152 0.186978 244 10 0
0.581862 0.0695492 0.187113 244 10 0
0.585594 0.0734354 0.187963 244 10 0
0.589244 0.0774145 0.188806 244 10 0
0.592893 0.081364 0.189808 244 10 0
0.596264 0.0855736 0.190773 244 10 0
0.599449 0.0899067 0.191801 244 10 0
0.593365 0.0943603 0.19837 244 10 0
0.646522 0.0887085 0.248126 244 10 0
0.651672 0.0860294 0.239984 244 10 0
0.653044 0.0844487 0.240932 244 10 0
0.655645 0.0805753 0.243082 244 10 0
0.658283 0.0767185 0.245215 244 10 0
0.661082 0.072963 0.247323 244 10 0
0.66402 0.0693461 0.249484 244 10 0
0.666941 0.0657893 0.251763 244 10 0
0.668637 0.0642859 0.252976 244 10 0
0.670099 0.0607509 0.255603 244 10 0
0.671681 0.0572623 0.258223 244 10 0
0.673598 0.0538862 0.260766 244 10 0
0.675729 0.0505973 0.26325 244 10 0
0.677643 0.0471163 0.265643 244 10 0
0.679649 0.0436985 0.268053 244 10 0
0.682473 0.0444685 0.269576 244 10 0
0.686593 0.0443049 0.27238 244 10 0
0.690747 0.0444921 0.275123 244 10 0
0.69496 0.044981 0.277748 244 10 0
0.699217 0.0457796 0.280202 244 10 0
0.696701 0.045026 0.278943 244 10 0
0.692107 0.044179 0.276146 244 10 0
0.687505 0.0430932 0.273432 244 10 0
0.682917 0.0417731 0.270813 244 10 0
0.68054 0.0417484 0.269335 244 10 0
0.67566 0.0412799 0.26671 244 10 0
0.67075 0.0411 0.264125 244 10 0
0.665826 0.0412622 0.261544 244 10 0
0.6609 0.0414698 0.258972 244 10 0
0.660478 0.033466 0.260736 244 10 0
0.66005 0.0285792 0.261645 244 10 0
0.659609 0.0236637 0.262377 244 10 0
0.659187 0.018756 0.263159 244 10 0
0.658945 0.0138471 0.26401 244 10 0
0.658535 0.00891712 0.264659 244 10 0
0.658187 0.00397641 0.265262 244 10 0
0.657818 -0.000963763 0.265856 244 10 0
0.657505 -0.00589787 0.266527 244 10 0
0.657203 -0.0108298 0.267219 244 10 0
0.656885 -0.0157555 0.267948 244 10 0
0.65661 -0.0206585 0.268825 245 9 0
0.656283 -0.0255593 0.269699 245 9 0
0.656014 -0.0304427 0.270681 245 9 0
0.654238 -0.0382054 0.272192 245 9 0
0.653482 -0.0432013 0.273616 245 9 0
0.65274 -0.0482438 0.274874 245 9 0
0.652059 -0.0533217 0.276016 245 9 0
0.651503 -0.0584432 0.277024 245 9 0
0.651025 -0.0635987 0.277887 245 9 0
0.650538 -0.068775 0.278615 245 9 0
0.650104 -0.073972 0.279211 245 9 0
0.649742 -0.0791916 0.279633 245 9 0
0.649357 -0.0844067 0.280086 245 9 0
0.649788 -0.0791045 0.279548 245 9 0
0.65009 -0.0738858 0.2792 245 9 0
0.650476 -0.0686792 0.278763 245 9 0
0.650976 -0.0634956 0.278194 245 9 0
0.65147 -0.0583423 0.277401 245 9 0
0.652387 -0.053255 0.276551 245 9 0
0.653435 -0.048228 0.275511 245 9 0
0.654518 -0.0432422 0.27432 245 9 0
0.655816 -0.032924 0.271463 245 9 0
0.656101 -0.0280613 0.270409 245 9 0
0.656073 -0.0231955 0.269338 245 9 0
0.6562 -0.0183278 0.268276 245 9 0
0.656328 -0.0134523 0.267247 245 9 0
0.656531 -0.00854782 0.266388 245 9 0
0.656634 -0.00364133 0.265524 245 9 0
0.65673 0.00126612 0.264661 245 9 0
0.656851 0.00617206 0.263791 245 9 0
0.656899 0.0110694 0.262864 245 9 0
0.656977 0.0159721 0.261974 245 9 0
0.657228 0.0208834 0.261161 245 9 0
0.657449 0.0257861 0.26029 245 9 0
0.65744 0.0306565 0.25924 245 9 0
0.6583 0.0336074 0.259078 245 9 0
0.659351 0.0383874 0.258671 245 9 0
0.660629 0.04311 0.258226 245 9 0
0.661694 0.0478356 0.25738 245 9 0
0.663458 0.0523678 0.256601 245 9 0
0.665112 0.0568324 0.255353 245 9 0
0.667041 0.061194 0.254144 245 9 0
0.666185 0.0632743 0.252912 245 9 0
0.664069 0.0667966 0.250797 245 9 0
0.661984 0.0703482 0.24873 245 9 0
0.659249 0.0735472 0.246819 245 9 0
0.65717 0.0771848 0.244855 245 9 0
0.654921 0.080722 0.242898 245 9 0
0.653044 0.0844487 0.240932 245 9 0
0.654215 0.0825908 0.241928 245 9 0
0.656847 0.0792572 0.243828 245 9 0
0.65944 0.0758983 0.245738 246 8 0
0.66194 0.0724836 0.247673 246 8 0
0.664379 0.0690885 0.249716 246 8 0
0.666941 0.0657893 0.251763 246 8 0
0.668637 0.0642859 0.252976 246 8 0
0.670099 0.0607509 0.255603 246 8 0
0.671681 0.0572623 0.258223 246 8 0
0.673598 0.0538862 0.260766 246 8 0
0.675729 0.0505973 0.26325 246 8 0
0.677643 0.0471163 0.265643 246 8 0
0.679649 0.0436985 0.268053 246 8 0
0.682473 0.0444685 0.269576 246 8 0
0.686593 0.0443049 0.27238 246 8 0
0.690747 0.0444921 0.275123 246 8 0
0.69496 0.044981 0.277748 246 8 0
0.699217 0.0457796 0.280202 246 8 0
0.696701 0.045026 0.278943 246 8 0
0.692107 0.044179 0.276146 246 8 0
0.687505 0.0430932 0.273432 246 8 0
0.682917 0.0417731 0.270813 246 8 0
0.68054 0.0417484 0.269335 246 8 0
0.67566 0.0412799 0.26671 246 8 0
0.67075 0.0411 0.264125 246 8 0
0.665826 0.0412622 0.261544 246 8 0
0.6609 0.0414698 0.258972 246 8 0
0.660478 0.033466 0.260736 246 8 0
0.66005 0.0285792 0.261645 246 8 0
0.659609 0.0236637 0.262377 246 8 0
0.659187 0.018756 0.263159 246 8 0
0.658945 0.0138471 0.26401 246 8 0
0.658535 0.00891712 0.264659 246 8 0
0.658187 0.00397641 0.265262 246 8 0
0.657818 -0.000963763 0.265856 246 8 0
0.657505 -0.00589787 0.266527 246 8 0
0.657203 -0.0108298 0.267219 246 8 0
0.656885 -0.0157555 0.267948 246 8 0
0.65661 -0.0206585 0.268825 246 8 0
0.656283 -0.0255593 0.269699 246 8 0
0.656014 -0.0304427 0.270681 246 8 0
0.654238 -0.0382054 0.272192 246 8 0
0.653482 -0.0432013 0.273616 246 8 0
0.65274 -0.0482438 0.274874 246 8 0
0.652059 -0.0533217 0.276016 246 8 0
0.651503 -0.0584432 0.277024 246 8 0
0.651025 -0.0635987 0.277887 246 8 0
0.650538 -0.068775 0.278615 246 8 0
0.650104 -0.073972 0.279211 246 8 0
0.649742 -0.0791916 0.279633 246 8 0
0.649357 -0.0844067 0.280086 246 8 0
0.649788 -0.0791045 0.279548 246 8 0
0.65009 -0.0738858 0.2792 246 8 0
0.650476 -0.0686792 0.278763 247 7 0
0.650976 -0.0634956 0.278194 247 7 0
0.65147 -0.0583423 0.277401 247 7 0
0.652387 -0.053255 0.276551 247 7 0
0.653435 -0.048228 0.275511 247 7 0
0.654518 -0.0432422 0.27432 247 7 0
0.655816 -0.032924 0.271463 247 7 0
0.656101 -0.0280613 0.270409 247 7 0
0.656073 -0.0231955 0.269338 247 7 0
0.6562 -0.0183278 0.268276 247 7 0
0.656328 -0.0134523 0.267247 247 7 0
0.656531 -0.00854782 0.266388 247 7 0
0.656634 -0.00364133 0.265524 247 7 0
0.65673 0.00126612 0.264661 247 7 0
0.656851 0.00617206 0.263791 247 7 0
0.656899 0.0110694 0.262864 247 7 0
0.656977 0.0159721 0.261974 247 7 0
0.657228 0.0208834 0.261161 247 7 0
0.657449 0.0257861 0.26029 247 7 0
0.65744 0.0306565 0.25924 247 7 0
0.6583 0.0336074 0.259078 247 7 0
0.659351 0.0383874 0.258671 247 7 0
0.660629 0.04311 0.258226 247 7 0
0.661694 0.0478356 0.25738 247 7 0
0.663458 0.0523678 0.256601 247 7 0
0.665112 0.0568324 0.255353 247 7 0
0.667041 0.061194 0.254144 247 7 0
0.666185 0.0632743 0.252912 247 7 0
0.664069 0.0667966 0.250797 247 7 0
0.661984 0.0703482 0.24873 247 7 0
0.659249 0.0735472 0.246819 247 7 0
0.65717 0.0771848 0.244855 247 7 0
0.654921 0.080722 0.242898 247 7 0
0.653044 0.0844487 0.240932 247 7 0
0.647979 0.0872416 0.24909 247 7 0
0.594926 0.0971966 0.198706 247 7 0
0.60108 0.0925958 0.192306 247 7 0
0.584202 -0.0364599 0.229139 247 7 0
0.583584 -0.0234463 0.223536 247 7 0
0.583277 -0.0186979 0.221745 247 7 0
0.582962 -0.0139161 0.220036 247 7 0
0.582727 -0.00913347 0.21832 247 7 0
0.582437 -0.00437386 0.216547 247 7 0
0.58216 0.000404775 0.214823 247 7 0
0.581807 0.00516481 0.213062 247 7 0
0.581506 0.00991459 0.211264 247 7 0
0.58134 0.0146816 0.209495 247 7 0
0.581043 0.0193997 0.207615 247 7 0
0.580939 0.0241516 0.2058 247 7 0
0.58071 0.0288313 0.203817 247 7 0
0.5806 0.0335201 0.201845 247 7 0
0.580508 0.0381988 0.199849 248 6 0
0.580344 0.0428496 0.197793 248 6 0
0.580257 0.0475023 0.195737 248 6 0
0.580264 0.052119 0.193599 248 6 0
0.580206 0.0567413 0.191477 248 6 0
0.578195 0.0561862 0.189972 248 6 0
0.573964 0.0544786 0.187501 248 6 0
0.569738 0.0528764 0.18496 248 6 0
0.56553 0.0514213 0.182296 248 6 0
0.561357 0.050158 0.179499 248 6 0
0.558947 0.0502959 0.17746 248 6 0
0.555587 0.0517952 0.174022 248 6 0
0.552192 0.0532149 0.17059 248 6 0
0.548674 0.0543361 0.167165 248 6 0
0.545237 0.055502 0.163674 248 6 0
0.541725 0.0564211 0.16019 248 6 0
0.544226 0.0561373 0.16267 248 6 0
0.547204 0.0542623 0.165984 248 6 0
0.550277 0.0525564 0.169306 248 6 0
0.55347 0.0510336 0.172604 248 6 0
0.556731 0.0496639 0.1759 248 6 0
0.558703 0.0491874 0.177757 248 6 0
0.562556 0.0487979 0.181156 248 6 0
0.566329 0.0481386 0.184581 248 6 0
0.570067 0.0472425 0.188011 248 6 0
0.5739 0.0464577 0.191366 248 6 0
0.577838 0.045918 0.194636 248 6 0
0.57603 0.0358883 0.198129 248 6 0
0.575404 0.0312308 0.199692 248 6 0
0.574765 0.02651 0.201047 248 6 0
0.574084 0.0217843 0.202366 248 6 0
0.573501 0.0170597 0.203732 248 6 0
0.572906 0.0123124 0.20501 248 6 0
0.572292 0.0075422 0.206194 248 6 0
0.571677 0.00275541 0.207307 248 6 0
0.571041 -0.00204202 0.208362 248 6 0
0.570401 -0.00683637 0.209429 248 6 0
0.569756 -0.0116269 0.21051 248 6 0
0.569117 -0.0164194 0.211586 248 6 0
0.568472 -0.0212093 0.212669 248 6 0
0.567785 -0.0259795 0.213812 248 6 0
0.566698 -0.0338289 0.215628 248 6 0
0.56619 -0.0386158 0.216472 248 6 0
0.565717 -0.0434155 0.217262 248 6 0
0.56523 -0.0482104 0.218074 248 6 0
0.564767 -0.0530156 0.218836 248 6 0
0.564305 -0.0578241 0.219578 248 6 0
0.56371 -0.0626363 0.22019 248 6 0
0.56315 -0.0674602 0.220741 248 6 0
0.56262 -0.0722936 0.221234 248 6 0
0.562047 -0.0771178 0.221765 248 6 0
0.561362 -0.0819327 0.222244 249 5 0
0.562122 -0.07713 0.222219 249 5 0
0.562812 -0.0719949 0.221478 249 5 0
0.563513 -0.0668376 0.220927 249 5 0
0.563996 -0.0616874 0.220128 249 5 0
0.564471 -0.0565356 0.219335 249 5 0
0.564906 -0.0513702 0.21861 249 5 0
0.565359 -0.0462084 0.217871 249 5 0
0.565825 -0.0410521 0.217101 249 5 0
0.567101 -0.0309478 0.21496 249 5 0
0.567779 -0.0261819 0.213819 249 5 0
0.568449 -0.0214098 0.2127 249 5 0
0.569088 -0.0166214 0.211634 249 5 0
0.569728 -0.0118354 0.210557 249 5 0
0.570372 -0.00705065 0.209477 249 5 0
0.571012 -0.00226235 0.208411 249 5 0
0.571771 0.00252699 0.207439 249 5 0
0.572591 0.00730805 0.206469 249 5 0
0.573406 0.0120752 0.205428 249 5 0
0.574246 0.0168258 0.204334 249 5 0
0.575108 0.0215591 0.203181 249 5 0
0.576007 0.0262846 0.202026 249 5 0
0.57698 0.0310056 0.200914 249 5 0
0.578207 0.0356615 0.199782 249 5 0
0.578777 0.0386632 0.198625 249 5 0
0.578812 0.0432885 0.196555 249 5 0
0.579173 0.0479785 0.194653 249 5 0
0.579122 0.0525724 0.192495 249 5 0
0.579575 0.057286 0.19068 249 5 0
0.579768 0.0619749 0.188757 249 5 0
0.580038 0.0667152 0.186978 249 5 0
0.581862 0.0695492 0.187113 249 5 0
0.585594 0.0734354 0.187963 249 5 0
0.589244 0.0774145 0.188806 249 5 0
0.592893 0.081364 0.189808 249 5 0
0.596264 0.0855736 0.190773 249 5 0
0.599449 0.0899067 0.191801 249 5 0
0.597475 0.0872125 0.191069 249 5 0
0.594267 0.084224 0.189745 249 5 0
0.59119 0.0809751 0.188704 249 5 0
0.587981 0.0778484 0.187684 249 5 0
0.584896 0.074525 0.186952 249 5 0
0.581573 0.0715388 0.18596 249 5 0
0.579564 0.0700047 0.185222 249 5 0
0.57644 0.0666997 0.184207 249 5 0
0.573286 0.0634511 0.18311 249 5 0
0.570293 0.0600154 0.182126 249 5 0
0.567173 0.0567082 0.181098 249 5 0
0.564017 0.0534405 0.180055 249 5 0
0.560713 0.0503841 0.178865 249 5 0
0.558947 0.0502959 0.17746 249 5 0
0.555493 0.0515913 0.174036 249 5 0
0.552126 0.0530764 0.170602 250 4 0
0.548608 0.0541976 0.167178 250 4 0
0.545211 0.055456 0.163682 250 4 0
0.541725 0.0564211 0.16019 250 4 0
0.544226 0.0561373 0.16267 250 4 0
0.547204 0.0542623 0.165984 250 4 0
0.550277 0.0525564 0.169306 250 4 0
0.55347 0.0510336 0.172604 250 4 0
0.556731 0.0496639 0.1759 250 4 0
0.558703 0.0491874 0.177757 250 4 0
0.562556 0.0487979 0.181156 250 4 0
0.566329 0.0481386 0.184581 250 4 0
0.570067 0.0472425 0.188011 250 4 0
0.5739 0.0464577 0.191366 250 4 0
0.577838 0.045918 0.194636 250 4 0
0.57603 0.0358883 0.198129 250 4 0
0.575404 0.0312308 0.199692 250 4 0
0.574765 0.02651 0.201047 250 4 0
0.574084 0.0217843 0.202366 250 4 0
0.573501 0.0170597 0.203732 250 4 0
0.572906 0.0123124 0.20501 250 4 0
0.572292 0.0075422 0.206194 250 4 0
0.571677 0.00275541 0.207307 250 4 0
0.571041 -0.00204202 0.208362 250 4 0
0.570401 -0.00683637 0.209429 250 4 0
0.569756 -0.0116269 0.21051 250 4 0
0.569117 -0.0164194 0.211586 250 4 0
0.568472 -0.0212093 0.212669 250 4 0
0.567785 -0.0259795 0.213812 250 4 0
0.566698 -0.0338289 0.215628 250 4 0
0.56619 -0.0386158 0.216472 250 4 0
0.565717 -0.0434155 0.217262 250 4 0
0.56523 -0.0482104 0.218074 250 4 0
0.564767 -0.0530156 0.218836 250 4 0
0.564305 -0.0578241 0.219578 250 4 0
0.56371 -0.0626363 0.22019 250 4 0
0.56315 -0.0674602 0.220741 250 4 0
0.56262 -0.0722936 0.221234 250 4 0
0.562047 -0.0771178 0.221765 250 4 0
0.561362 -0.0819327 0.222244 250 4 0
0.562122 -0.07713 0.222219 250 4 0
0.562812 -0.0719949 0.221478 250 4 0
0.563513 -0.0668376 0.220927 250 4 0
0.563996 -0.0616874 0.220128 250 4 0
0.564471 -0.0565356 0.219335 250 4 0
0.564906 -0.0513702 0.21861 250 4 0
0.565359 -0.0462084 0.217871 250 4 0
0.565825 -0.0410521 0.217101 250 4 0
0.567101 -0.0309478 0.21496 250 4 0
0.567779 -0.0261819 0.213819 250 4 0
0.568449 -0.0214098 0.2127 250 4 0
0.569088 -0.0166214 0.211634 251 3 0
0.569728 -0.0118354 0.210557 251 3 0
0.570372 -0.00705065 0.209477 251 3 0
0.571012 -0.00226235 0.208411 251 3 0
0.571771 0.00252699 0.207439 251 3 0
0.572591 0.00730805 0.206469 251 3 0
0.573406 0.0120752 0.205428 251 3 0
0.574246 0.0168258 0.204334 251 3 0
0.575108 0.0215591 0.203181 251 3 0
0.576007 0.0262846 0.202026 251 3 0
0.57698 0.0310056 0.200914 251 3 0
0.578207 0.0356615 0.199782 251 3 0
0.578777 0.0386632 0.198625 251 3 0
0.578812 0.0432885 0.196555 251 3 0
0.579173 0.0479785 0.194653 251 3 0
0.579122 0.0525724 0.192495 251 3 0
0.579575 0.057286 0.19068 251 3 0
0.579768 0.0619749 0.188757 251 3 0
0.580038 0.0667152 0.186978 251 3 0
0.581862 0.0695492 0.187113 251 3 0
0.585594 0.0734354 0.187963 251 3 0
0.589244 0.0774145 0.188806 251 3 0
0.592893 0.081364 0.189808 251 3 0
0.596264 0.0855736 0.190773 251 3 0
0.599449 0.0899067 0.191801 251 3 0
0.593365 0.0943603 0.19837 251 3 0
0.646522 0.0887085 0.248126 251 3 0
0.651672 0.0860294 0.239984 251 3 0
0.653044 0.0844487 0.240932 251 3 0
0.655645 0.0805753 0.243082 251 3 0
0.658283 0.0767185 0.245215 251 3 0
0.661082 0.072963 0.247323 251 3 0
0.66402 0.0693461 0.249484 251 3 0
0.666941 0.0657893 0.251763 251 3 0
0.668637 0.0642859 0.252976 251 3 0
0.670099 0.0607509 0.255603 251 3 0
0.671681 0.0572623 0.258223 251 3 0
0.673598 0.0538862 0.260766 251 3 0
0.675729 0.0505973 0.26325 251 3 0
0.677643 0.0471163 0.265643 251 3 0
0.679649 0.0436985 0.268053 251 3 0
0.682473 0.0444685 0.269576 251 3 0
0.686593 0.0443049 0.27238 251 3 0
0.690747 0.0444921 0.275123 251 3 0
0.69496 0.044981 0.277748 251 3 0
0.699217 0.0457796 0.280202 251 3 0
0.696701 0.045026 0.278943 251 3 0
0.692107 0.044179 0.276146 251 3 0
0.687505 0.0430932 0.273432 251 3 0
0.682917 0.0417731 0.270813 251 3 0
0.68054 0.0417484 0.269335 251 3 0
0.67566 0.0412799 0.26671 252 2 0
0.67075 0.0411 0.264125 252 2 0
0.665826 0.0412622 0.261544 252 2 0
0.6609 0.0414698 0.258972 252 2 0
0.660478 0.033466 0.260736 252 2 0
0.66005 0.0285792 0.261645 252 2 0
0.659609 0.0236637 0.262377 252 2 0
0.659187 0.018756 0.263159 252 2 0
0.658945 0.0138471 0.26401 252 2 0
0.658535 0.00891712 0.264659 252 2 0
0.658187 0.00397641 0.265262 252 2 0
0.657818 -0.000963763 0.265856 252 2 0
0.657505 -0.00589787 0.266527 252 2 0
0.657203 -0.0108298 0.267219 252 2 0
0.656885 -0.0157555 0.267948 252 2 0
0.65661 -0.0206585 0.268825 252 2 0
0.656283 -0.0255593 0.269699 252 2 0
0.656014 -0.0304427 0.270681 252 2 0
0.654238 -0.0382054 0.272192 252 2 0
0.653482 -0.0432013 0.273616 252 2 0
0.65274 -0.0482438 0.274874 252 2 0
0.652059 -0.0533217 0.276016 252 2 0
0.651503 -0.0584432 0.277024 252 2 0
0.651025 -0.0635987 0.277887 252 2 0
0.650538 -0.068775 0.278615 252 2 0
0.650104 -0.073972 0.279211 252 2 0
0.649742 -0.0791916 0.279633 252 2 0
0.649357 -0.0844067 0.280086 252 2 0
0.649788 -0.0791045 0.279548 252 2 0
0.65009 -0.0738858 0.2792 252 2 0
0.650476 -0.0686792 0.278763 252 2 0
0.650976 -0.0634956 0.278194 252 2 0
0.65147 -0.0583423 0.277401 252 2 0
0.652387 -0.053255 0.276551 252 2 0
0.653435 -0.048228 0.275511 252 2 0
0.654518 -0.0432422 0.27432 252 2 0
0.655816 -0.032924 0.271463 252 2 0
0.656101 -0.0280613 0.270409 252 2 0
0.656073 -0.0231955 0.269338 252 2 0
0.6562 -0.0183278 0.268276 252 2 0
0.656328 -0.0134523 0.267247 252 2 0
0.656531 -0.00854782 0.266388 252 2 0
0.656634 -0.00364133 0.265524 252 2 0
0.65673 0.00126612 0.264661 252 2 0
0.656851 0.00617206 0.263791 252 2 0
0.656899 0.0110694 0.262864 252 2 0
0.656977 0.0159721 0.261974 252 2 0
0.657228 0.0208834 0.261161 252 2 0
0.657449 0.0257861 0.26029 252 2 0
0.65744 0.0306565 0.25924 252 2 0
0.6583 0.0336074 0.259078 252 2 0
0.659351 0.0383874 0.258671 253 1 0
0.660629 0.04311 0.258226 253 1 0
0.661694 0.0478356 0.25738 253 1 0
0.663458 0.0523678 0.256601 253 1 0
0.665112 0.0568324 0.255353 253 1 0
0.667041 0.061194 0.254144 253 1 0
0.666185 0.0632743 0.252912 253 1 0
0.664069 0.0667966 0.250797 253 1 0
0.661984 0.0703482 0.24873 253 1 0
0.659249 0.0735472 0.246819 253 1 0
0.65717 0.0771848 0.244855 253 1 0
0.654921 0.080722 0.242898 253 1 0
0.653044 0.0844487 0.240932 253 1 0
0.654215 0.0825908 0.241928 253 1 0
0.656847 0.0792572 0.243828 253 1 0
0.65944 0.0758983 0.245738 253 1 0
0.66194 0.0724836 0.247673 253 1 0
0.664379 0.0690885 0.249716 253 1 0
0.666941 0.0657893 0.251763 253 1 0
0.668637 0.0642859 0.252976 253 1 0
0.670099 0.0607509 0.255603 253 1 0
0.671681 0.0572623 0.258223 253 1 0
0.673598 0.0538862 0.260766 253 1 0
0.675729 0.0505973 0.26325 253 1 0
0.677643 0.0471163 0.265643 253 1 0
0.679649 0.0436985 0.268053 253 1 0
0.682473 0.0444685 0.269576 253 1 0
0.686593 0.0443049 0.27238 253 1 0
0.690747 0.0444921 0.275123 253 1 0
0.69496 0.044981 0.277748 253 1 0
0.699217 0.0457796 0.280202 253 1 0
0.696701 0.045026 0.278943 253 1 0
0.692107 0.044179 0.276146 253 1 0
0.687505 0.0430932 0.273432 253 1 0
0.682917 0.0417731 0.270813 253 1 0
0.68054 0.0417484 0.269335 253 1 0
0.67566 0.0412799 0.26671 253 1 0
0.67075 0.0411 0.264125 253 1 0
0.665826 0.0412622 0.261544 253 1 0
0.6609 0.0414698 0.258972 253 1 0
0.660478 0.033466 0.260736 253 1 0
0.66005 0.0285792 0.261645 253 1 0
0.659609 0.0236637 0.262377 253 1 0
0.659187 0.018756 0.263159 253 1 0
0.658945 0.0138471 0.26401 253 1 0
0.658535 0.00891712 0.264659 253 1 0
0.658187 0.00397641 0.265262 253 1 0
0.657818 -0.000963763 0.265856 253 1 0
0.657505 -0.00589787 0.266527 253 1 0
0.657203 -0.0108298 0.267219 253 1 0
0.656885 -0.0157555 0.267948 253 1 0
0.65661 -0.0206585 0.268825 254 0 0
0.656283 -0.0255593 0.269699 254 0 0
0.656014 -0.0304427 0.270681 254 0 0
0.654238 -0.0382054 0.272192 254 0 0
0.653482 -0.0432013 0.273616 254 0 0
0.65274 -0.0482438 0.274874 254 0 0
0.652059 -0.0533217 0.276016 254 0 0
0.651503 -0.0584432 0.277024 254 0 0
0.651025 -0.0635987 0.277887 254 0 0
0.650538 -0.068775 0.278615 254 0 0
0.650104 -0.073972 0.279211 254 0 0
0.649742 -0.0791916 0.279633 254 0 0
0.649357 -0.0844067 0.280086 254 0 0
0.649788 -0.0791045 0.279548 254 0 0
0.65009 -0.0738858 0.2792 254 0 0
0.650476 -0.0686792 0.278763 254 0 0
0.650976 -0.0634956 0.278194 254 0 0
0.65147 -0.0583423 0.277401 254 0 0
0.652387 -0.053255 0.276551 254 0 0
0.653435 -0.048228 0.275511 254 0 0
0.654518 -0.0432422 0.27432 254 0 0
0.655816 -0.032924 0.271463 254 0 0
0.656101 -0.0280613 0.270409 254 0 0
0.656073 -0.0231955 0.269338 254 0 0
0.6562 -0.0183278 0.268276 254 0 0
0.656328 -0.0134523 0.267247 254 0 0
0.656531 -0.00854782 0.266388 254 0 0
0.656634 -0.00364133 0.265524 254 0 0
0.65673 0.00126612 0.264661 254 0 0
0.656851 0.00617206 0.263791 254 0 0
0.656899 0.0110694 0.262864 254 0 0
0.656977 0.0159721 0.261974 254 0 0
0.657228 0.0208834 0.261161 254 0 0
0.657449 0.0257861 0.26029 254 0 0
0.65744 0.0306565 0.25924 254 0 0
0.6583 0.0336074 0.259078 254 0 0
0.659351 0.0383874 0.258671 254 0 0
0.660629 0.04311 0.258226 254 0 0
0.661694 0.0478356 0.25738 254 0 0
0.663458 0.0523678 0.256601 254 0 0
0.665112 0.0568324 0.255353 254 0 0
0.667041 0.061194 0.254144 254 0 0
0.666185 0.0632743 0.252912 254 0 0
0.664069 0.0667966 0.250797 254 0 0
0.661984 0.0703482 0.24873 254 0 0
0.659249 0.0735472 0.246819 254 0 0
0.65717 0.0771848 0.244855 254 0 0
0.654921 0.080722 0.242898 254 0 0
0.653044 0.0844487 0.240932 254 0 0
0.647979 0.0872416 0.24909 254 0 0
0.594926 0.0971966 0.198706 254 0 0
0.60108 0.0925958 0.192306 255 0 0
