environment_id,family,dimension,map_index,seed_index,seed,algorithm,checkpoint,best_cost_mm
calibration-2d-00,uniform_clutter,2,0,0,20000000,RRT,100,nan
calibration-2d-00,uniform_clutter,2,0,0,20000000,RRT,250,nan
calibration-2d-00,uniform_clutter,2,0,0,20000000,RRT,500,nan
calibration-2d-00,uniform_clutter,2,0,0,20000000,RRT,1000,nan
calibration-2d-00,uniform_clutter,2,0,0,20000000,RRT,2000,2433.3156283933645
calibration-2d-00,uniform_clutter,2,0,0,20000000,RRT,3000,2433.3156283933645
calibration-2d-00,uniform_clutter,2,0,0,20000000,RRT,4000,2433.3156283933645
calibration-2d-00,uniform_clutter,2,0,0,20000000,RRT,5000,2433.3156283933645
calibration-2d-00,uniform_clutter,2,0,0,20000000,RRT-Connect,100,nan
calibration-2d-00,uniform_clutter,2,0,0,20000000,RRT-Connect,250,2175.4781320368547
calibration-2d-00,uniform_clutter,2,0,0,20000000,RRT-Connect,500,2175.4781320368547
calibration-2d-00,uniform_clutter,2,0,0,20000000,RRT-Connect,1000,2173.2881918786643
calibration-2d-00,uniform_clutter,2,0,0,20000000,RRT-Connect,2000,2158.201486145639
calibration-2d-00,uniform_clutter,2,0,0,20000000,RRT-Connect,3000,2158.201486145639
calibration-2d-00,uniform_clutter,2,0,0,20000000,RRT-Connect,4000,2158.201486145639
calibration-2d-00,uniform_clutter,2,0,0,20000000,RRT-Connect,5000,2158.201486145639
calibration-2d-00,uniform_clutter,2,0,0,20000000,RRT*,100,nan
calibration-2d-00,uniform_clutter,2,0,0,20000000,RRT*,250,nan
calibration-2d-00,uniform_clutter,2,0,0,20000000,RRT*,500,nan
calibration-2d-00,uniform_clutter,2,0,0,20000000,RRT*,1000,nan
calibration-2d-00,uniform_clutter,2,0,0,20000000,RRT*,2000,2008.1497452211845
calibration-2d-00,uniform_clutter,2,0,0,20000000,RRT*,3000,1999.5930108061066
calibration-2d-00,uniform_clutter,2,0,0,20000000,RRT*,4000,1971.0958236521046
calibration-2d-00,uniform_clutter,2,0,0,20000000,RRT*,5000,1967.1735075975625
calibration-2d-00,uniform_clutter,2,0,0,20000000,Informed-RRT*,100,nan
calibration-2d-00,uniform_clutter,2,0,0,20000000,Informed-RRT*,250,nan
calibration-2d-00,uniform_clutter,2,0,0,20000000,Informed-RRT*,500,nan
calibration-2d-00,uniform_clutter,2,0,0,20000000,Informed-RRT*,1000,nan
calibration-2d-00,uniform_clutter,2,0,0,20000000,Informed-RRT*,2000,1964.8032183794646
calibration-2d-00,uniform_clutter,2,0,0,20000000,Informed-RRT*,3000,1952.713056876046
calibration-2d-00,uniform_clutter,2,0,0,20000000,Informed-RRT*,4000,1949.0532154551952
calibration-2d-00,uniform_clutter,2,0,0,20000000,Informed-RRT*,5000,1948.3265393106606
calibration-2d-00,uniform_clutter,2,0,0,20000000,Dynamic-RRT,100,nan
calibration-2d-00,uniform_clutter,2,0,0,20000000,Dynamic-RRT,250,nan
calibration-2d-00,uniform_clutter,2,0,0,20000000,Dynamic-RRT,500,nan
calibration-2d-00,uniform_clutter,2,0,0,20000000,Dynamic-RRT,1000,nan
calibration-2d-00,uniform_clutter,2,0,0,20000000,Dynamic-RRT,2000,2322.4236312211365
calibration-2d-00,uniform_clutter,2,0,0,20000000,Dynamic-RRT,3000,2322.4236312211365
calibration-2d-00,uniform_clutter,2,0,0,20000000,Dynamic-RRT,4000,2322.4236312211365
calibration-2d-00,uniform_clutter,2,0,0,20000000,Dynamic-RRT,5000,2322.4236312211365
calibration-2d-00,uniform_clutter,2,0,0,20000000,SC-RRT,100,nan
calibration-2d-00,uniform_clutter,2,0,0,20000000,SC-RRT,250,nan
calibration-2d-00,uniform_clutter,2,0,0,20000000,SC-RRT,500,nan
calibration-2d-00,uniform_clutter,2,0,0,20000000,SC-RRT,1000,2060.9315875384664
calibration-2d-00,uniform_clutter,2,0,0,20000000,SC-RRT,2000,2056.0151351497097
calibration-2d-00,uniform_clutter,2,0,0,20000000,SC-RRT,3000,2011.9972691917008
calibration-2d-00,uniform_clutter,2,0,0,20000000,SC-RRT,4000,1988.2959837465057
calibration-2d-00,uniform_clutter,2,0,0,20000000,SC-RRT,5000,1976.5639733650619
calibration-2d-00,uniform_clutter,2,0,1,20000001,RRT-Connect,100,nan
calibration-2d-00,uniform_clutter,2,0,1,20000001,RRT-Connect,250,nan
calibration-2d-00,uniform_clutter,2,0,1,20000001,RRT-Connect,500,2131.1480386680787
calibration-2d-00,uniform_clutter,2,0,1,20000001,RRT-Connect,1000,2131.1480386680787
calibration-2d-00,uniform_clutter,2,0,1,20000001,RRT-Connect,2000,2124.9968751303873
calibration-2d-00,uniform_clutter,2,0,1,20000001,RRT-Connect,3000,2124.9968751303873
calibration-2d-00,uniform_clutter,2,0,1,20000001,RRT-Connect,4000,2124.9968751303873
calibration-2d-00,uniform_clutter,2,0,1,20000001,RRT-Connect,5000,2124.9968751303873
calibration-2d-00,uniform_clutter,2,0,1,20000001,RRT*,100,nan
calibration-2d-00,uniform_clutter,2,0,1,20000001,RRT*,250,nan
calibration-2d-00,uniform_clutter,2,0,1,20000001,RRT*,500,nan
calibration-2d-00,uniform_clutter,2,0,1,20000001,RRT*,1000,nan
calibration-2d-00,uniform_clutter,2,0,1,20000001,RRT*,2000,1967.7020448688788
calibration-2d-00,uniform_clutter,2,0,1,20000001,RRT*,3000,1964.9686864732384
calibration-2d-00,uniform_clutter,2,0,1,20000001,RRT*,4000,1961.9834920752758
calibration-2d-00,uniform_clutter,2,0,1,20000001,RRT*,5000,1961.1501355765988
calibration-2d-00,uniform_clutter,2,0,1,20000001,Informed-RRT*,100,nan
calibration-2d-00,uniform_clutter,2,0,1,20000001,Informed-RRT*,250,nan
calibration-2d-00,uniform_clutter,2,0,1,20000001,Informed-RRT*,500,nan
calibration-2d-00,uniform_clutter,2,0,1,20000001,Informed-RRT*,1000,nan
calibration-2d-00,uniform_clutter,2,0,1,20000001,Informed-RRT*,2000,1961.4390403859793
calibration-2d-00,uniform_clutter,2,0,1,20000001,Informed-RRT*,3000,1953.204256370585
calibration-2d-00,uniform_clutter,2,0,1,20000001,Informed-RRT*,4000,1949.609043899916
calibration-2d-00,uniform_clutter,2,0,1,20000001,Informed-RRT*,5000,1947.06052421701
calibration-2d-00,uniform_clutter,2,0,1,20000001,Dynamic-RRT,100,nan
calibration-2d-00,uniform_clutter,2,0,1,20000001,Dynamic-RRT,250,nan
calibration-2d-00,uniform_clutter,2,0,1,20000001,Dynamic-RRT,500,nan
calibration-2d-00,uniform_clutter,2,0,1,20000001,Dynamic-RRT,1000,2486.260526100133
calibration-2d-00,uniform_clutter,2,0,1,20000001,Dynamic-RRT,2000,2486.260526100133
calibration-2d-00,uniform_clutter,2,0,1,20000001,Dynamic-RRT,3000,2486.260526100133
calibration-2d-00,uniform_clutter,2,0,1,20000001,Dynamic-RRT,4000,2486.260526100133
calibration-2d-00,uniform_clutter,2,0,1,20000001,Dynamic-RRT,5000,2486.260526100133
calibration-2d-00,uniform_clutter,2,0,1,20000001,SC-RRT,100,nan
calibration-2d-00,uniform_clutter,2,0,1,20000001,SC-RRT,250,nan
calibration-2d-00,uniform_clutter,2,0,1,20000001,SC-RRT,500,2122.2156419650746
calibration-2d-00,uniform_clutter,2,0,1,20000001,SC-RRT,1000,2113.5462106300865
calibration-2d-00,uniform_clutter,2,0,1,20000001,SC-RRT,2000,2087.462243749495
calibration-2d-00,uniform_clutter,2,0,1,20000001,SC-RRT,3000,2025.9444073656732
calibration-2d-00,uniform_clutter,2,0,1,20000001,SC-RRT,4000,1979.4968561457576
calibration-2d-00,uniform_clutter,2,0,1,20000001,SC-RRT,5000,1960.6392121359222
calibration-2d-00,uniform_clutter,2,0,1,20000001,RRT,100,nan
calibration-2d-00,uniform_clutter,2,0,1,20000001,RRT,250,nan
calibration-2d-00,uniform_clutter,2,0,1,20000001,RRT,500,nan
calibration-2d-00,uniform_clutter,2,0,1,20000001,RRT,1000,nan
calibration-2d-00,uniform_clutter,2,0,1,20000001,RRT,2000,2332.0042486540874
calibration-2d-00,uniform_clutter,2,0,1,20000001,RRT,3000,2332.0042486540874
calibration-2d-00,uniform_clutter,2,0,1,20000001,RRT,4000,2332.0042486540874
calibration-2d-00,uniform_clutter,2,0,1,20000001,RRT,5000,2332.0042486540874
calibration-2d-00,uniform_clutter,2,0,2,20000002,RRT*,100,nan
calibration-2d-00,uniform_clutter,2,0,2,20000002,RRT*,250,nan
calibration-2d-00,uniform_clutter,2,0,2,20000002,RRT*,500,nan
calibration-2d-00,uniform_clutter,2,0,2,20000002,RRT*,1000,nan
calibration-2d-00,uniform_clutter,2,0,2,20000002,RRT*,2000,1947.5669758075624
calibration-2d-00,uniform_clutter,2,0,2,20000002,RRT*,3000,1947.4994291096789
calibration-2d-00,uniform_clutter,2,0,2,20000002,RRT*,4000,1946.6214999754661
calibration-2d-00,uniform_clutter,2,0,2,20000002,RRT*,5000,1946.6214999754661
calibration-2d-00,uniform_clutter,2,0,2,20000002,Informed-RRT*,100,nan
calibration-2d-00,uniform_clutter,2,0,2,20000002,Informed-RRT*,250,nan
calibration-2d-00,uniform_clutter,2,0,2,20000002,Informed-RRT*,500,nan
calibration-2d-00,uniform_clutter,2,0,2,20000002,Informed-RRT*,1000,nan
calibration-2d-00,uniform_clutter,2,0,2,20000002,Informed-RRT*,2000,1945.4657648419523
calibration-2d-00,uniform_clutter,2,0,2,20000002,Informed-RRT*,3000,1944.5738898730629
calibration-2d-00,uniform_clutter,2,0,2,20000002,Informed-RRT*,4000,1943.362826148579
calibration-2d-00,uniform_clutter,2,0,2,20000002,Informed-RRT*,5000,1937.6347950075722
calibration-2d-00,uniform_clutter,2,0,2,20000002,Dynamic-RRT,100,nan
calibration-2d-00,uniform_clutter,2,0,2,20000002,Dynamic-RRT,250,nan
calibration-2d-00,uniform_clutter,2,0,2,20000002,Dynamic-RRT,500,nan
calibration-2d-00,uniform_clutter,2,0,2,20000002,Dynamic-RRT,1000,2341.654116436159
calibration-2d-00,uniform_clutter,2,0,2,20000002,Dynamic-RRT,2000,2338.9189859000307
calibration-2d-00,uniform_clutter,2,0,2,20000002,Dynamic-RRT,3000,2338.9189859000307
calibration-2d-00,uniform_clutter,2,0,2,20000002,Dynamic-RRT,4000,2338.9189859000307
calibration-2d-00,uniform_clutter,2,0,2,20000002,Dynamic-RRT,5000,2338.9189859000307
calibration-2d-00,uniform_clutter,2,0,2,20000002,SC-RRT,100,nan
calibration-2d-00,uniform_clutter,2,0,2,20000002,SC-RRT,250,nan
calibration-2d-00,uniform_clutter,2,0,2,20000002,SC-RRT,500,2085.3376014233404
calibration-2d-00,uniform_clutter,2,0,2,20000002,SC-RRT,1000,2079.415633515024
calibration-2d-00,uniform_clutter,2,0,2,20000002,SC-RRT,2000,2023.3465216226018
calibration-2d-00,uniform_clutter,2,0,2,20000002,SC-RRT,3000,1986.5042947640438
calibration-2d-00,uniform_clutter,2,0,2,20000002,SC-RRT,4000,1964.7490790436148
calibration-2d-00,uniform_clutter,2,0,2,20000002,SC-RRT,5000,1956.109095787611
calibration-2d-00,uniform_clutter,2,0,2,20000002,RRT,100,nan
calibration-2d-00,uniform_clutter,2,0,2,20000002,RRT,250,nan
calibration-2d-00,uniform_clutter,2,0,2,20000002,RRT,500,nan
calibration-2d-00,uniform_clutter,2,0,2,20000002,RRT,1000,nan
calibration-2d-00,uniform_clutter,2,0,2,20000002,RRT,2000,2314.4398489877603
calibration-2d-00,uniform_clutter,2,0,2,20000002,RRT,3000,2314.4398489877603
calibration-2d-00,uniform_clutter,2,0,2,20000002,RRT,4000,2314.4398489877603
calibration-2d-00,uniform_clutter,2,0,2,20000002,RRT,5000,2314.4398489877603
calibration-2d-00,uniform_clutter,2,0,2,20000002,RRT-Connect,100,nan
calibration-2d-00,uniform_clutter,2,0,2,20000002,RRT-Connect,250,nan
calibration-2d-00,uniform_clutter,2,0,2,20000002,RRT-Connect,500,2269.759043466325
calibration-2d-00,uniform_clutter,2,0,2,20000002,RRT-Connect,1000,2265.358554921349
calibration-2d-00,uniform_clutter,2,0,2,20000002,RRT-Connect,2000,2265.358554921349
calibration-2d-00,uniform_clutter,2,0,2,20000002,RRT-Connect,3000,2265.358554921349
calibration-2d-00,uniform_clutter,2,0,2,20000002,RRT-Connect,4000,2265.358554921349
calibration-2d-00,uniform_clutter,2,0,2,20000002,RRT-Connect,5000,2265.358554921349
calibration-2d-00,uniform_clutter,2,0,3,20000003,Informed-RRT*,100,nan
calibration-2d-00,uniform_clutter,2,0,3,20000003,Informed-RRT*,250,nan
calibration-2d-00,uniform_clutter,2,0,3,20000003,Informed-RRT*,500,2005.4237450154956
calibration-2d-00,uniform_clutter,2,0,3,20000003,Informed-RRT*,1000,1963.9296448451237
calibration-2d-00,uniform_clutter,2,0,3,20000003,Informed-RRT*,2000,1959.8551827427727
calibration-2d-00,uniform_clutter,2,0,3,20000003,Informed-RRT*,3000,1950.5076559564463
calibration-2d-00,uniform_clutter,2,0,3,20000003,Informed-RRT*,4000,1949.5517284563007
calibration-2d-00,uniform_clutter,2,0,3,20000003,Informed-RRT*,5000,1945.7885074280707
calibration-2d-00,uniform_clutter,2,0,3,20000003,Dynamic-RRT,100,nan
calibration-2d-00,uniform_clutter,2,0,3,20000003,Dynamic-RRT,250,nan
calibration-2d-00,uniform_clutter,2,0,3,20000003,Dynamic-RRT,500,nan
calibration-2d-00,uniform_clutter,2,0,3,20000003,Dynamic-RRT,1000,2224.1165013558584
calibration-2d-00,uniform_clutter,2,0,3,20000003,Dynamic-RRT,2000,2224.1165013558584
calibration-2d-00,uniform_clutter,2,0,3,20000003,Dynamic-RRT,3000,2224.1165013558584
calibration-2d-00,uniform_clutter,2,0,3,20000003,Dynamic-RRT,4000,2224.1165013558584
calibration-2d-00,uniform_clutter,2,0,3,20000003,Dynamic-RRT,5000,2224.1165013558584
calibration-2d-00,uniform_clutter,2,0,3,20000003,SC-RRT,100,nan
calibration-2d-00,uniform_clutter,2,0,3,20000003,SC-RRT,250,2127.652364820197
calibration-2d-00,uniform_clutter,2,0,3,20000003,SC-RRT,500,2114.8565954520805
calibration-2d-00,uniform_clutter,2,0,3,20000003,SC-RRT,1000,2114.8565954520805
calibration-2d-00,uniform_clutter,2,0,3,20000003,SC-RRT,2000,2114.8565954520805
calibration-2d-00,uniform_clutter,2,0,3,20000003,SC-RRT,3000,2057.7621812512007
calibration-2d-00,uniform_clutter,2,0,3,20000003,SC-RRT,4000,1974.376188974023
calibration-2d-00,uniform_clutter,2,0,3,20000003,SC-RRT,5000,1963.173527058123
calibration-2d-00,uniform_clutter,2,0,3,20000003,RRT,100,nan
calibration-2d-00,uniform_clutter,2,0,3,20000003,RRT,250,nan
calibration-2d-00,uniform_clutter,2,0,3,20000003,RRT,500,2350.736760035081
calibration-2d-00,uniform_clutter,2,0,3,20000003,RRT,1000,2350.736760035081
calibration-2d-00,uniform_clutter,2,0,3,20000003,RRT,2000,2350.736760035081
calibration-2d-00,uniform_clutter,2,0,3,20000003,RRT,3000,2350.736760035081
calibration-2d-00,uniform_clutter,2,0,3,20000003,RRT,4000,2350.736760035081
calibration-2d-00,uniform_clutter,2,0,3,20000003,RRT,5000,2350.736760035081
calibration-2d-00,uniform_clutter,2,0,3,20000003,RRT-Connect,100,nan
calibration-2d-00,uniform_clutter,2,0,3,20000003,RRT-Connect,250,2335.595302405165
calibration-2d-00,uniform_clutter,2,0,3,20000003,RRT-Connect,500,2165.609749288741
calibration-2d-00,uniform_clutter,2,0,3,20000003,RRT-Connect,1000,2165.609749288741
calibration-2d-00,uniform_clutter,2,0,3,20000003,RRT-Connect,2000,2165.609749288741
calibration-2d-00,uniform_clutter,2,0,3,20000003,RRT-Connect,3000,2165.609749288741
calibration-2d-00,uniform_clutter,2,0,3,20000003,RRT-Connect,4000,2165.609749288741
calibration-2d-00,uniform_clutter,2,0,3,20000003,RRT-Connect,5000,2165.609749288741
calibration-2d-00,uniform_clutter,2,0,3,20000003,RRT*,100,nan
calibration-2d-00,uniform_clutter,2,0,3,20000003,RRT*,250,nan
calibration-2d-00,uniform_clutter,2,0,3,20000003,RRT*,500,2005.4237450154956
calibration-2d-00,uniform_clutter,2,0,3,20000003,RRT*,1000,1994.4079184072496
calibration-2d-00,uniform_clutter,2,0,3,20000003,RRT*,2000,1988.6443180940717
calibration-2d-00,uniform_clutter,2,0,3,20000003,RRT*,3000,1974.68688362336
calibration-2d-00,uniform_clutter,2,0,3,20000003,RRT*,4000,1965.9689579866679
calibration-2d-00,uniform_clutter,2,0,3,20000003,RRT*,5000,1964.664490999964
calibration-2d-00,uniform_clutter,2,0,4,20000004,Dynamic-RRT,100,nan
calibration-2d-00,uniform_clutter,2,0,4,20000004,Dynamic-RRT,250,nan
calibration-2d-00,uniform_clutter,2,0,4,20000004,Dynamic-RRT,500,nan
calibration-2d-00,uniform_clutter,2,0,4,20000004,Dynamic-RRT,1000,2579.2728480197325
calibration-2d-00,uniform_clutter,2,0,4,20000004,Dynamic-RRT,2000,2579.2728480197325
calibration-2d-00,uniform_clutter,2,0,4,20000004,Dynamic-RRT,3000,2579.2728480197325
calibration-2d-00,uniform_clutter,2,0,4,20000004,Dynamic-RRT,4000,2579.2728480197325
calibration-2d-00,uniform_clutter,2,0,4,20000004,Dynamic-RRT,5000,2579.2728480197325
calibration-2d-00,uniform_clutter,2,0,4,20000004,SC-RRT,100,nan
calibration-2d-00,uniform_clutter,2,0,4,20000004,SC-RRT,250,nan
calibration-2d-00,uniform_clutter,2,0,4,20000004,SC-RRT,500,2131.551041900628
calibration-2d-00,uniform_clutter,2,0,4,20000004,SC-RRT,1000,2016.304720322411
calibration-2d-00,uniform_clutter,2,0,4,20000004,SC-RRT,2000,2006.6708633288729
calibration-2d-00,uniform_clutter,2,0,4,20000004,SC-RRT,3000,1995.479958016437
calibration-2d-00,uniform_clutter,2,0,4,20000004,SC-RRT,4000,1974.8679541784848
calibration-2d-00,uniform_clutter,2,0,4,20000004,SC-RRT,5000,1959.2676475169703
calibration-2d-00,uniform_clutter,2,0,4,20000004,RRT,100,nan
calibration-2d-00,uniform_clutter,2,0,4,20000004,RRT,250,nan
calibration-2d-00,uniform_clutter,2,0,4,20000004,RRT,500,nan
calibration-2d-00,uniform_clutter,2,0,4,20000004,RRT,1000,2530.0563024102753
calibration-2d-00,uniform_clutter,2,0,4,20000004,RRT,2000,2530.0563024102753
calibration-2d-00,uniform_clutter,2,0,4,20000004,RRT,3000,2530.0563024102753
calibration-2d-00,uniform_clutter,2,0,4,20000004,RRT,4000,2530.0563024102753
calibration-2d-00,uniform_clutter,2,0,4,20000004,RRT,5000,2530.0563024102753
calibration-2d-00,uniform_clutter,2,0,4,20000004,RRT-Connect,100,nan
calibration-2d-00,uniform_clutter,2,0,4,20000004,RRT-Connect,250,2140.66395116384
calibration-2d-00,uniform_clutter,2,0,4,20000004,RRT-Connect,500,2140.66395116384
calibration-2d-00,uniform_clutter,2,0,4,20000004,RRT-Connect,1000,2140.66395116384
calibration-2d-00,uniform_clutter,2,0,4,20000004,RRT-Connect,2000,2133.324539191887
calibration-2d-00,uniform_clutter,2,0,4,20000004,RRT-Connect,3000,2133.324539191887
calibration-2d-00,uniform_clutter,2,0,4,20000004,RRT-Connect,4000,2133.324539191887
calibration-2d-00,uniform_clutter,2,0,4,20000004,RRT-Connect,5000,2133.324539191887
calibration-2d-00,uniform_clutter,2,0,4,20000004,RRT*,100,nan
calibration-2d-00,uniform_clutter,2,0,4,20000004,RRT*,250,nan
calibration-2d-00,uniform_clutter,2,0,4,20000004,RRT*,500,nan
calibration-2d-00,uniform_clutter,2,0,4,20000004,RRT*,1000,2058.516879350671
calibration-2d-00,uniform_clutter,2,0,4,20000004,RRT*,2000,1997.9933894728879
calibration-2d-00,uniform_clutter,2,0,4,20000004,RRT*,3000,1980.0822416473602
calibration-2d-00,uniform_clutter,2,0,4,20000004,RRT*,4000,1963.9621809398745
calibration-2d-00,uniform_clutter,2,0,4,20000004,RRT*,5000,1963.1212598774205
calibration-2d-00,uniform_clutter,2,0,4,20000004,Informed-RRT*,100,nan
calibration-2d-00,uniform_clutter,2,0,4,20000004,Informed-RRT*,250,nan
calibration-2d-00,uniform_clutter,2,0,4,20000004,Informed-RRT*,500,nan
calibration-2d-00,uniform_clutter,2,0,4,20000004,Informed-RRT*,1000,2075.5181729651677
calibration-2d-00,uniform_clutter,2,0,4,20000004,Informed-RRT*,2000,1958.4243488062732
calibration-2d-00,uniform_clutter,2,0,4,20000004,Informed-RRT*,3000,1957.3255485414447
calibration-2d-00,uniform_clutter,2,0,4,20000004,Informed-RRT*,4000,1953.0587580132024
calibration-2d-00,uniform_clutter,2,0,4,20000004,Informed-RRT*,5000,1951.5298415735874
calibration-2d-01,central_cluster,2,1,0,20010000,SC-RRT,100,nan
calibration-2d-01,central_cluster,2,1,0,20010000,SC-RRT,250,nan
calibration-2d-01,central_cluster,2,1,0,20010000,SC-RRT,500,nan
calibration-2d-01,central_cluster,2,1,0,20010000,SC-RRT,1000,nan
calibration-2d-01,central_cluster,2,1,0,20010000,SC-RRT,2000,2532.1441865308643
calibration-2d-01,central_cluster,2,1,0,20010000,SC-RRT,3000,2460.437619899251
calibration-2d-01,central_cluster,2,1,0,20010000,SC-RRT,4000,2337.9913369844053
calibration-2d-01,central_cluster,2,1,0,20010000,SC-RRT,5000,2160.1759195338036
calibration-2d-01,central_cluster,2,1,0,20010000,RRT,100,nan
calibration-2d-01,central_cluster,2,1,0,20010000,RRT,250,nan
calibration-2d-01,central_cluster,2,1,0,20010000,RRT,500,nan
calibration-2d-01,central_cluster,2,1,0,20010000,RRT,1000,nan
calibration-2d-01,central_cluster,2,1,0,20010000,RRT,2000,2511.731597037909
calibration-2d-01,central_cluster,2,1,0,20010000,RRT,3000,2511.731597037909
calibration-2d-01,central_cluster,2,1,0,20010000,RRT,4000,2511.731597037909
calibration-2d-01,central_cluster,2,1,0,20010000,RRT,5000,2511.731597037909
calibration-2d-01,central_cluster,2,1,0,20010000,RRT-Connect,100,nan
calibration-2d-01,central_cluster,2,1,0,20010000,RRT-Connect,250,nan
calibration-2d-01,central_cluster,2,1,0,20010000,RRT-Connect,500,nan
calibration-2d-01,central_cluster,2,1,0,20010000,RRT-Connect,1000,2365.824386236681
calibration-2d-01,central_cluster,2,1,0,20010000,RRT-Connect,2000,2358.407580371347
calibration-2d-01,central_cluster,2,1,0,20010000,RRT-Connect,3000,2358.407580371347
calibration-2d-01,central_cluster,2,1,0,20010000,RRT-Connect,4000,2358.407580371347
calibration-2d-01,central_cluster,2,1,0,20010000,RRT-Connect,5000,2358.407580371347
calibration-2d-01,central_cluster,2,1,0,20010000,RRT*,100,nan
calibration-2d-01,central_cluster,2,1,0,20010000,RRT*,250,nan
calibration-2d-01,central_cluster,2,1,0,20010000,RRT*,500,nan
calibration-2d-01,central_cluster,2,1,0,20010000,RRT*,1000,nan
calibration-2d-01,central_cluster,2,1,0,20010000,RRT*,2000,2146.4755692727376
calibration-2d-01,central_cluster,2,1,0,20010000,RRT*,3000,2131.2741099400077
calibration-2d-01,central_cluster,2,1,0,20010000,RRT*,4000,2074.8132840964427
calibration-2d-01,central_cluster,2,1,0,20010000,RRT*,5000,2049.4425267271336
calibration-2d-01,central_cluster,2,1,0,20010000,Informed-RRT*,100,nan
calibration-2d-01,central_cluster,2,1,0,20010000,Informed-RRT*,250,nan
calibration-2d-01,central_cluster,2,1,0,20010000,Informed-RRT*,500,nan
calibration-2d-01,central_cluster,2,1,0,20010000,Informed-RRT*,1000,nan
calibration-2d-01,central_cluster,2,1,0,20010000,Informed-RRT*,2000,2098.871878799388
calibration-2d-01,central_cluster,2,1,0,20010000,Informed-RRT*,3000,2051.6245454878244
calibration-2d-01,central_cluster,2,1,0,20010000,Informed-RRT*,4000,2028.9108969474692
calibration-2d-01,central_cluster,2,1,0,20010000,Informed-RRT*,5000,2028.905259249905
calibration-2d-01,central_cluster,2,1,0,20010000,Dynamic-RRT,100,nan
calibration-2d-01,central_cluster,2,1,0,20010000,Dynamic-RRT,250,nan
calibration-2d-01,central_cluster,2,1,0,20010000,Dynamic-RRT,500,2502.3319739197545
calibration-2d-01,central_cluster,2,1,0,20010000,Dynamic-RRT,1000,2502.3319739197545
calibration-2d-01,central_cluster,2,1,0,20010000,Dynamic-RRT,2000,2502.3319739197545
calibration-2d-01,central_cluster,2,1,0,20010000,Dynamic-RRT,3000,2502.3319739197545
calibration-2d-01,central_cluster,2,1,0,20010000,Dynamic-RRT,4000,2502.3319739197545
calibration-2d-01,central_cluster,2,1,0,20010000,Dynamic-RRT,5000,2502.3319739197545
calibration-2d-01,central_cluster,2,1,1,20010001,RRT,100,nan
calibration-2d-01,central_cluster,2,1,1,20010001,RRT,250,nan
calibration-2d-01,central_cluster,2,1,1,20010001,RRT,500,nan
calibration-2d-01,central_cluster,2,1,1,20010001,RRT,1000,nan
calibration-2d-01,central_cluster,2,1,1,20010001,RRT,2000,nan
calibration-2d-01,central_cluster,2,1,1,20010001,RRT,3000,2906.040036157527
calibration-2d-01,central_cluster,2,1,1,20010001,RRT,4000,2906.040036157527
calibration-2d-01,central_cluster,2,1,1,20010001,RRT,5000,2906.040036157527
calibration-2d-01,central_cluster,2,1,1,20010001,RRT-Connect,100,nan
calibration-2d-01,central_cluster,2,1,1,20010001,RRT-Connect,250,nan
calibration-2d-01,central_cluster,2,1,1,20010001,RRT-Connect,500,nan
calibration-2d-01,central_cluster,2,1,1,20010001,RRT-Connect,1000,nan
calibration-2d-01,central_cluster,2,1,1,20010001,RRT-Connect,2000,nan
calibration-2d-01,central_cluster,2,1,1,20010001,RRT-Connect,3000,2664.475725944443
calibration-2d-01,central_cluster,2,1,1,20010001,RRT-Connect,4000,2651.2323227063357
calibration-2d-01,central_cluster,2,1,1,20010001,RRT-Connect,5000,2651.2323227063357
calibration-2d-01,central_cluster,2,1,1,20010001,RRT*,100,nan
calibration-2d-01,central_cluster,2,1,1,20010001,RRT*,250,nan
calibration-2d-01,central_cluster,2,1,1,20010001,RRT*,500,nan
calibration-2d-01,central_cluster,2,1,1,20010001,RRT*,1000,nan
calibration-2d-01,central_cluster,2,1,1,20010001,RRT*,2000,nan
calibration-2d-01,central_cluster,2,1,1,20010001,RRT*,3000,2066.102204711432
calibration-2d-01,central_cluster,2,1,1,20010001,RRT*,4000,2047.823159199015
calibration-2d-01,central_cluster,2,1,1,20010001,RRT*,5000,2043.3445144410414
calibration-2d-01,central_cluster,2,1,1,20010001,Informed-RRT*,100,nan
calibration-2d-01,central_cluster,2,1,1,20010001,Informed-RRT*,250,nan
calibration-2d-01,central_cluster,2,1,1,20010001,Informed-RRT*,500,nan
calibration-2d-01,central_cluster,2,1,1,20010001,Informed-RRT*,1000,nan
calibration-2d-01,central_cluster,2,1,1,20010001,Informed-RRT*,2000,nan
calibration-2d-01,central_cluster,2,1,1,20010001,Informed-RRT*,3000,2062.3559706305055
calibration-2d-01,central_cluster,2,1,1,20010001,Informed-RRT*,4000,2061.236269842125
calibration-2d-01,central_cluster,2,1,1,20010001,Informed-RRT*,5000,2037.6479541588724
calibration-2d-01,central_cluster,2,1,1,20010001,Dynamic-RRT,100,nan
calibration-2d-01,central_cluster,2,1,1,20010001,Dynamic-RRT,250,nan
calibration-2d-01,central_cluster,2,1,1,20010001,Dynamic-RRT,500,nan
calibration-2d-01,central_cluster,2,1,1,20010001,Dynamic-RRT,1000,nan
calibration-2d-01,central_cluster,2,1,1,20010001,Dynamic-RRT,2000,2800.9949163867827
calibration-2d-01,central_cluster,2,1,1,20010001,Dynamic-RRT,3000,2800.9949163867827
calibration-2d-01,central_cluster,2,1,1,20010001,Dynamic-RRT,4000,2800.9949163867827
calibration-2d-01,central_cluster,2,1,1,20010001,Dynamic-RRT,5000,2800.9949163867827
calibration-2d-01,central_cluster,2,1,1,20010001,SC-RRT,100,nan
calibration-2d-01,central_cluster,2,1,1,20010001,SC-RRT,250,nan
calibration-2d-01,central_cluster,2,1,1,20010001,SC-RRT,500,2299.2993524333756
calibration-2d-01,central_cluster,2,1,1,20010001,SC-RRT,1000,2281.594503398313
calibration-2d-01,central_cluster,2,1,1,20010001,SC-RRT,2000,2198.680727088436
calibration-2d-01,central_cluster,2,1,1,20010001,SC-RRT,3000,2193.238600526212
calibration-2d-01,central_cluster,2,1,1,20010001,SC-RRT,4000,2148.043347944407
calibration-2d-01,central_cluster,2,1,1,20010001,SC-RRT,5000,2122.6751378644376
calibration-2d-01,central_cluster,2,1,2,20010002,RRT-Connect,100,nan
calibration-2d-01,central_cluster,2,1,2,20010002,RRT-Connect,250,nan
calibration-2d-01,central_cluster,2,1,2,20010002,RRT-Connect,500,nan
calibration-2d-01,central_cluster,2,1,2,20010002,RRT-Connect,1000,2400.560508894698
calibration-2d-01,central_cluster,2,1,2,20010002,RRT-Connect,2000,2400.560508894698
calibration-2d-01,central_cluster,2,1,2,20010002,RRT-Connect,3000,2400.560508894698
calibration-2d-01,central_cluster,2,1,2,20010002,RRT-Connect,4000,2400.560508894698
calibration-2d-01,central_cluster,2,1,2,20010002,RRT-Connect,5000,2400.560508894698
calibration-2d-01,central_cluster,2,1,2,20010002,RRT*,100,nan
calibration-2d-01,central_cluster,2,1,2,20010002,RRT*,250,nan
calibration-2d-01,central_cluster,2,1,2,20010002,RRT*,500,nan
calibration-2d-01,central_cluster,2,1,2,20010002,RRT*,1000,nan
calibration-2d-01,central_cluster,2,1,2,20010002,RRT*,2000,2069.660113052598
calibration-2d-01,central_cluster,2,1,2,20010002,RRT*,3000,2068.5090993857857
calibration-2d-01,central_cluster,2,1,2,20010002,RRT*,4000,2058.8549979152804
calibration-2d-01,central_cluster,2,1,2,20010002,RRT*,5000,2057.923879627252
calibration-2d-01,central_cluster,2,1,2,20010002,Informed-RRT*,100,nan
calibration-2d-01,central_cluster,2,1,2,20010002,Informed-RRT*,250,nan
calibration-2d-01,central_cluster,2,1,2,20010002,Informed-RRT*,500,nan
calibration-2d-01,central_cluster,2,1,2,20010002,Informed-RRT*,1000,nan
calibration-2d-01,central_cluster,2,1,2,20010002,Informed-RRT*,2000,2073.599862827987
calibration-2d-01,central_cluster,2,1,2,20010002,Informed-RRT*,3000,2066.2540155013385
calibration-2d-01,central_cluster,2,1,2,20010002,Informed-RRT*,4000,2062.626177466571
calibration-2d-01,central_cluster,2,1,2,20010002,Informed-RRT*,5000,2062.4633404227498
calibration-2d-01,central_cluster,2,1,2,20010002,Dynamic-RRT,100,nan
calibration-2d-01,central_cluster,2,1,2,20010002,Dynamic-RRT,250,nan
calibration-2d-01,central_cluster,2,1,2,20010002,Dynamic-RRT,500,nan
calibration-2d-01,central_cluster,2,1,2,20010002,Dynamic-RRT,1000,nan
calibration-2d-01,central_cluster,2,1,2,20010002,Dynamic-RRT,2000,2848.128780693284
calibration-2d-01,central_cluster,2,1,2,20010002,Dynamic-RRT,3000,2848.128780693284
calibration-2d-01,central_cluster,2,1,2,20010002,Dynamic-RRT,4000,2848.128780693284
calibration-2d-01,central_cluster,2,1,2,20010002,Dynamic-RRT,5000,2848.128780693284
calibration-2d-01,central_cluster,2,1,2,20010002,SC-RRT,100,nan
calibration-2d-01,central_cluster,2,1,2,20010002,SC-RRT,250,nan
calibration-2d-01,central_cluster,2,1,2,20010002,SC-RRT,500,nan
calibration-2d-01,central_cluster,2,1,2,20010002,SC-RRT,1000,2325.5653739777053
calibration-2d-01,central_cluster,2,1,2,20010002,SC-RRT,2000,2184.9222637704934
calibration-2d-01,central_cluster,2,1,2,20010002,SC-RRT,3000,2159.7069886733893
calibration-2d-01,central_cluster,2,1,2,20010002,SC-RRT,4000,2073.0691452049155
calibration-2d-01,central_cluster,2,1,2,20010002,SC-RRT,5000,2065.090679841933
calibration-2d-01,central_cluster,2,1,2,20010002,RRT,100,nan
calibration-2d-01,central_cluster,2,1,2,20010002,RRT,250,nan
calibration-2d-01,central_cluster,2,1,2,20010002,RRT,500,nan
calibration-2d-01,central_cluster,2,1,2,20010002,RRT,1000,nan
calibration-2d-01,central_cluster,2,1,2,20010002,RRT,2000,2628.4998382194135
calibration-2d-01,central_cluster,2,1,2,20010002,RRT,3000,2628.4998382194135
calibration-2d-01,central_cluster,2,1,2,20010002,RRT,4000,2628.4998382194135
calibration-2d-01,central_cluster,2,1,2,20010002,RRT,5000,2628.4998382194135
calibration-2d-01,central_cluster,2,1,3,20010003,RRT*,100,nan
calibration-2d-01,central_cluster,2,1,3,20010003,RRT*,250,nan
calibration-2d-01,central_cluster,2,1,3,20010003,RRT*,500,nan
calibration-2d-01,central_cluster,2,1,3,20010003,RRT*,1000,nan
calibration-2d-01,central_cluster,2,1,3,20010003,RRT*,2000,2154.971640485686
calibration-2d-01,central_cluster,2,1,3,20010003,RRT*,3000,2093.649419086589
calibration-2d-01,central_cluster,2,1,3,20010003,RRT*,4000,2087.7064872511332
calibration-2d-01,central_cluster,2,1,3,20010003,RRT*,5000,2081.433699432808
calibration-2d-01,central_cluster,2,1,3,20010003,Informed-RRT*,100,nan
calibration-2d-01,central_cluster,2,1,3,20010003,Informed-RRT*,250,nan
calibration-2d-01,central_cluster,2,1,3,20010003,Informed-RRT*,500,nan
calibration-2d-01,central_cluster,2,1,3,20010003,Informed-RRT*,1000,nan
calibration-2d-01,central_cluster,2,1,3,20010003,Informed-RRT*,2000,2143.83486961497
calibration-2d-01,central_cluster,2,1,3,20010003,Informed-RRT*,3000,2071.0870715590086
calibration-2d-01,central_cluster,2,1,3,20010003,Informed-RRT*,4000,2057.714169943192
calibration-2d-01,central_cluster,2,1,3,20010003,Informed-RRT*,5000,2057.5086715322127
calibration-2d-01,central_cluster,2,1,3,20010003,Dynamic-RRT,100,nan
calibration-2d-01,central_cluster,2,1,3,20010003,Dynamic-RRT,250,nan
calibration-2d-01,central_cluster,2,1,3,20010003,Dynamic-RRT,500,nan
calibration-2d-01,central_cluster,2,1,3,20010003,Dynamic-RRT,1000,nan
calibration-2d-01,central_cluster,2,1,3,20010003,Dynamic-RRT,2000,2908.164012841025
calibration-2d-01,central_cluster,2,1,3,20010003,Dynamic-RRT,3000,2908.164012841025
calibration-2d-01,central_cluster,2,1,3,20010003,Dynamic-RRT,4000,2908.164012841025
calibration-2d-01,central_cluster,2,1,3,20010003,Dynamic-RRT,5000,2908.164012841025
calibration-2d-01,central_cluster,2,1,3,20010003,SC-RRT,100,nan
calibration-2d-01,central_cluster,2,1,3,20010003,SC-RRT,250,nan
calibration-2d-01,central_cluster,2,1,3,20010003,SC-RRT,500,2306.7558376706556
calibration-2d-01,central_cluster,2,1,3,20010003,SC-RRT,1000,2291.5964509226637
calibration-2d-01,central_cluster,2,1,3,20010003,SC-RRT,2000,2269.3185364370656
calibration-2d-01,central_cluster,2,1,3,20010003,SC-RRT,3000,2230.9101178983456
calibration-2d-01,central_cluster,2,1,3,20010003,SC-RRT,4000,2210.9526373787794
calibration-2d-01,central_cluster,2,1,3,20010003,SC-RRT,5000,2183.2373018892313
calibration-2d-01,central_cluster,2,1,3,20010003,RRT,100,nan
calibration-2d-01,central_cluster,2,1,3,20010003,RRT,250,nan
calibration-2d-01,central_cluster,2,1,3,20010003,RRT,500,nan
calibration-2d-01,central_cluster,2,1,3,20010003,RRT,1000,nan
calibration-2d-01,central_cluster,2,1,3,20010003,RRT,2000,2803.919520789132
calibration-2d-01,central_cluster,2,1,3,20010003,RRT,3000,2803.919520789132
calibration-2d-01,central_cluster,2,1,3,20010003,RRT,4000,2803.919520789132
calibration-2d-01,central_cluster,2,1,3,20010003,RRT,5000,2803.919520789132
calibration-2d-01,central_cluster,2,1,3,20010003,RRT-Connect,100,nan
calibration-2d-01,central_cluster,2,1,3,20010003,RRT-Connect,250,nan
calibration-2d-01,central_cluster,2,1,3,20010003,RRT-Connect,500,nan
calibration-2d-01,central_cluster,2,1,3,20010003,RRT-Connect,1000,2605.454556295137
calibration-2d-01,central_cluster,2,1,3,20010003,RRT-Connect,2000,2479.5724803435205
calibration-2d-01,central_cluster,2,1,3,20010003,RRT-Connect,3000,2479.5724803435205
calibration-2d-01,central_cluster,2,1,3,20010003,RRT-Connect,4000,2479.5724803435205
calibration-2d-01,central_cluster,2,1,3,20010003,RRT-Connect,5000,2479.5724803435205
calibration-2d-01,central_cluster,2,1,4,20010004,Informed-RRT*,100,nan
calibration-2d-01,central_cluster,2,1,4,20010004,Informed-RRT*,250,nan
calibration-2d-01,central_cluster,2,1,4,20010004,Informed-RRT*,500,nan
calibration-2d-01,central_cluster,2,1,4,20010004,Informed-RRT*,1000,nan
calibration-2d-01,central_cluster,2,1,4,20010004,Informed-RRT*,2000,2091.705918639838
calibration-2d-01,central_cluster,2,1,4,20010004,Informed-RRT*,3000,2077.8083220623103
calibration-2d-01,central_cluster,2,1,4,20010004,Informed-RRT*,4000,2058.2800716832953
calibration-2d-01,central_cluster,2,1,4,20010004,Informed-RRT*,5000,2056.3504414012154
calibration-2d-01,central_cluster,2,1,4,20010004,Dynamic-RRT,100,nan
calibration-2d-01,central_cluster,2,1,4,20010004,Dynamic-RRT,250,nan
calibration-2d-01,central_cluster,2,1,4,20010004,Dynamic-RRT,500,2372.376545953809
calibration-2d-01,central_cluster,2,1,4,20010004,Dynamic-RRT,1000,2372.376545953809
calibration-2d-01,central_cluster,2,1,4,20010004,Dynamic-RRT,2000,2372.376545953809
calibration-2d-01,central_cluster,2,1,4,20010004,Dynamic-RRT,3000,2372.376545953809
calibration-2d-01,central_cluster,2,1,4,20010004,Dynamic-RRT,4000,2372.376545953809
calibration-2d-01,central_cluster,2,1,4,20010004,Dynamic-RRT,5000,2372.376545953809
calibration-2d-01,central_cluster,2,1,4,20010004,SC-RRT,100,nan
calibration-2d-01,central_cluster,2,1,4,20010004,SC-RRT,250,nan
calibration-2d-01,central_cluster,2,1,4,20010004,SC-RRT,500,nan
calibration-2d-01,central_cluster,2,1,4,20010004,SC-RRT,1000,nan
calibration-2d-01,central_cluster,2,1,4,20010004,SC-RRT,2000,2212.5935260895694
calibration-2d-01,central_cluster,2,1,4,20010004,SC-RRT,3000,2191.0835633632496
calibration-2d-01,central_cluster,2,1,4,20010004,SC-RRT,4000,2173.878944633922
calibration-2d-01,central_cluster,2,1,4,20010004,SC-RRT,5000,2107.321836064519
calibration-2d-01,central_cluster,2,1,4,20010004,RRT,100,nan
calibration-2d-01,central_cluster,2,1,4,20010004,RRT,250,nan
calibration-2d-01,central_cluster,2,1,4,20010004,RRT,500,nan
calibration-2d-01,central_cluster,2,1,4,20010004,RRT,1000,nan
calibration-2d-01,central_cluster,2,1,4,20010004,RRT,2000,2556.716074503717
calibration-2d-01,central_cluster,2,1,4,20010004,RRT,3000,2556.716074503717
calibration-2d-01,central_cluster,2,1,4,20010004,RRT,4000,2556.716074503717
calibration-2d-01,central_cluster,2,1,4,20010004,RRT,5000,2556.716074503717
calibration-2d-01,central_cluster,2,1,4,20010004,RRT-Connect,100,nan
calibration-2d-01,central_cluster,2,1,4,20010004,RRT-Connect,250,nan
calibration-2d-01,central_cluster,2,1,4,20010004,RRT-Connect,500,nan
calibration-2d-01,central_cluster,2,1,4,20010004,RRT-Connect,1000,2522.254077983118
calibration-2d-01,central_cluster,2,1,4,20010004,RRT-Connect,2000,2513.356739583595
calibration-2d-01,central_cluster,2,1,4,20010004,RRT-Connect,3000,2513.356739583595
calibration-2d-01,central_cluster,2,1,4,20010004,RRT-Connect,4000,2513.356739583595
calibration-2d-01,central_cluster,2,1,4,20010004,RRT-Connect,5000,2513.356739583595
calibration-2d-01,central_cluster,2,1,4,20010004,RRT*,100,nan
calibration-2d-01,central_cluster,2,1,4,20010004,RRT*,250,nan
calibration-2d-01,central_cluster,2,1,4,20010004,RRT*,500,nan
calibration-2d-01,central_cluster,2,1,4,20010004,RRT*,1000,nan
calibration-2d-01,central_cluster,2,1,4,20010004,RRT*,2000,2087.815852301207
calibration-2d-01,central_cluster,2,1,4,20010004,RRT*,3000,2085.3905077843797
calibration-2d-01,central_cluster,2,1,4,20010004,RRT*,4000,2059.4177298191194
calibration-2d-01,central_cluster,2,1,4,20010004,RRT*,5000,2058.512380390489
calibration-2d-02,slab_clutter,2,2,0,20020000,Dynamic-RRT,100,nan
calibration-2d-02,slab_clutter,2,2,0,20020000,Dynamic-RRT,250,nan
calibration-2d-02,slab_clutter,2,2,0,20020000,Dynamic-RRT,500,nan
calibration-2d-02,slab_clutter,2,2,0,20020000,Dynamic-RRT,1000,2447.4153232660524
calibration-2d-02,slab_clutter,2,2,0,20020000,Dynamic-RRT,2000,2447.4153232660524
calibration-2d-02,slab_clutter,2,2,0,20020000,Dynamic-RRT,3000,2447.4153232660524
calibration-2d-02,slab_clutter,2,2,0,20020000,Dynamic-RRT,4000,2447.4153232660524
calibration-2d-02,slab_clutter,2,2,0,20020000,Dynamic-RRT,5000,2447.4153232660524
calibration-2d-02,slab_clutter,2,2,0,20020000,SC-RRT,100,nan
calibration-2d-02,slab_clutter,2,2,0,20020000,SC-RRT,250,2032.1177942369388
calibration-2d-02,slab_clutter,2,2,0,20020000,SC-RRT,500,2028.218687958545
calibration-2d-02,slab_clutter,2,2,0,20020000,SC-RRT,1000,2018.0438794101644
calibration-2d-02,slab_clutter,2,2,0,20020000,SC-RRT,2000,2003.2266147863438
calibration-2d-02,slab_clutter,2,2,0,20020000,SC-RRT,3000,1994.8501737525537
calibration-2d-02,slab_clutter,2,2,0,20020000,SC-RRT,4000,1975.6017709682812
calibration-2d-02,slab_clutter,2,2,0,20020000,SC-RRT,5000,1944.885310833618
calibration-2d-02,slab_clutter,2,2,0,20020000,RRT,100,nan
calibration-2d-02,slab_clutter,2,2,0,20020000,RRT,250,nan
calibration-2d-02,slab_clutter,2,2,0,20020000,RRT,500,nan
calibration-2d-02,slab_clutter,2,2,0,20020000,RRT,1000,2202.0852334966035
calibration-2d-02,slab_clutter,2,2,0,20020000,RRT,2000,2202.0852334966035
calibration-2d-02,slab_clutter,2,2,0,20020000,RRT,3000,2202.0852334966035
calibration-2d-02,slab_clutter,2,2,0,20020000,RRT,4000,2202.0852334966035
calibration-2d-02,slab_clutter,2,2,0,20020000,RRT,5000,2202.0852334966035
calibration-2d-02,slab_clutter,2,2,0,20020000,RRT-Connect,100,nan
calibration-2d-02,slab_clutter,2,2,0,20020000,RRT-Connect,250,nan
calibration-2d-02,slab_clutter,2,2,0,20020000,RRT-Connect,500,2102.708265503057
calibration-2d-02,slab_clutter,2,2,0,20020000,RRT-Connect,1000,2102.708265503057
calibration-2d-02,slab_clutter,2,2,0,20020000,RRT-Connect,2000,2102.708265503057
calibration-2d-02,slab_clutter,2,2,0,20020000,RRT-Connect,3000,2102.708265503057
calibration-2d-02,slab_clutter,2,2,0,20020000,RRT-Connect,4000,2102.708265503057
calibration-2d-02,slab_clutter,2,2,0,20020000,RRT-Connect,5000,2102.708265503057
calibration-2d-02,slab_clutter,2,2,0,20020000,RRT*,100,nan
calibration-2d-02,slab_clutter,2,2,0,20020000,RRT*,250,nan
calibration-2d-02,slab_clutter,2,2,0,20020000,RRT*,500,nan
calibration-2d-02,slab_clutter,2,2,0,20020000,RRT*,1000,1946.8727958200066
calibration-2d-02,slab_clutter,2,2,0,20020000,RRT*,2000,1923.1867110769444
calibration-2d-02,slab_clutter,2,2,0,20020000,RRT*,3000,1922.9042007337946
calibration-2d-02,slab_clutter,2,2,0,20020000,RRT*,4000,1920.8060743542133
calibration-2d-02,slab_clutter,2,2,0,20020000,RRT*,5000,1920.8060743542133
calibration-2d-02,slab_clutter,2,2,0,20020000,Informed-RRT*,100,nan
calibration-2d-02,slab_clutter,2,2,0,20020000,Informed-RRT*,250,nan
calibration-2d-02,slab_clutter,2,2,0,20020000,Informed-RRT*,500,nan
calibration-2d-02,slab_clutter,2,2,0,20020000,Informed-RRT*,1000,1920.3474838486777
calibration-2d-02,slab_clutter,2,2,0,20020000,Informed-RRT*,2000,1918.4077964253129
calibration-2d-02,slab_clutter,2,2,0,20020000,Informed-RRT*,3000,1916.9375716757263
calibration-2d-02,slab_clutter,2,2,0,20020000,Informed-RRT*,4000,1916.9375716757263
calibration-2d-02,slab_clutter,2,2,0,20020000,Informed-RRT*,5000,1916.5993208522848
calibration-2d-02,slab_clutter,2,2,1,20020001,SC-RRT,100,nan
calibration-2d-02,slab_clutter,2,2,1,20020001,SC-RRT,250,nan
calibration-2d-02,slab_clutter,2,2,1,20020001,SC-RRT,500,2067.05462554005
calibration-2d-02,slab_clutter,2,2,1,20020001,SC-RRT,1000,2064.2469983577344
calibration-2d-02,slab_clutter,2,2,1,20020001,SC-RRT,2000,2048.555110368684
calibration-2d-02,slab_clutter,2,2,1,20020001,SC-RRT,3000,1975.317770385835
calibration-2d-02,slab_clutter,2,2,1,20020001,SC-RRT,4000,1946.661168765483
calibration-2d-02,slab_clutter,2,2,1,20020001,SC-RRT,5000,1928.0517530237776
calibration-2d-02,slab_clutter,2,2,1,20020001,RRT,100,nan
calibration-2d-02,slab_clutter,2,2,1,20020001,RRT,250,nan
calibration-2d-02,slab_clutter,2,2,1,20020001,RRT,500,nan
calibration-2d-02,slab_clutter,2,2,1,20020001,RRT,1000,2907.31463013298
calibration-2d-02,slab_clutter,2,2,1,20020001,RRT,2000,2907.31463013298
calibration-2d-02,slab_clutter,2,2,1,20020001,RRT,3000,2907.31463013298
calibration-2d-02,slab_clutter,2,2,1,20020001,RRT,4000,2907.31463013298
calibration-2d-02,slab_clutter,2,2,1,20020001,RRT,5000,2907.31463013298
calibration-2d-02,slab_clutter,2,2,1,20020001,RRT-Connect,100,nan
calibration-2d-02,slab_clutter,2,2,1,20020001,RRT-Connect,250,nan
calibration-2d-02,slab_clutter,2,2,1,20020001,RRT-Connect,500,nan
calibration-2d-02,slab_clutter,2,2,1,20020001,RRT-Connect,1000,nan
calibration-2d-02,slab_clutter,2,2,1,20020001,RRT-Connect,2000,2585.465323750554
calibration-2d-02,slab_clutter,2,2,1,20020001,RRT-Connect,3000,2585.465323750554
calibration-2d-02,slab_clutter,2,2,1,20020001,RRT-Connect,4000,2577.381866103564
calibration-2d-02,slab_clutter,2,2,1,20020001,RRT-Connect,5000,2575.0573423738865
calibration-2d-02,slab_clutter,2,2,1,20020001,RRT*,100,nan
calibration-2d-02,slab_clutter,2,2,1,20020001,RRT*,250,nan
calibration-2d-02,slab_clutter,2,2,1,20020001,RRT*,500,nan
calibration-2d-02,slab_clutter,2,2,1,20020001,RRT*,1000,2141.601933725398
calibration-2d-02,slab_clutter,2,2,1,20020001,RRT*,2000,2097.0380490589914
calibration-2d-02,slab_clutter,2,2,1,20020001,RRT*,3000,2005.232499616693
calibration-2d-02,slab_clutter,2,2,1,20020001,RRT*,4000,1984.5190542622252
calibration-2d-02,slab_clutter,2,2,1,20020001,RRT*,5000,1939.291089285664
calibration-2d-02,slab_clutter,2,2,1,20020001,Informed-RRT*,100,nan
calibration-2d-02,slab_clutter,2,2,1,20020001,Informed-RRT*,250,nan
calibration-2d-02,slab_clutter,2,2,1,20020001,Informed-RRT*,500,nan
calibration-2d-02,slab_clutter,2,2,1,20020001,Informed-RRT*,1000,2148.9269655081707
calibration-2d-02,slab_clutter,2,2,1,20020001,Informed-RRT*,2000,1963.3308892658124
calibration-2d-02,slab_clutter,2,2,1,20020001,Informed-RRT*,3000,1926.7220867380472
calibration-2d-02,slab_clutter,2,2,1,20020001,Informed-RRT*,4000,1919.3252246776178
calibration-2d-02,slab_clutter,2,2,1,20020001,Informed-RRT*,5000,1918.8121340989176
calibration-2d-02,slab_clutter,2,2,1,20020001,Dynamic-RRT,100,nan
calibration-2d-02,slab_clutter,2,2,1,20020001,Dynamic-RRT,250,nan
calibration-2d-02,slab_clutter,2,2,1,20020001,Dynamic-RRT,500,nan
calibration-2d-02,slab_clutter,2,2,1,20020001,Dynamic-RRT,1000,2439.1463872860227
calibration-2d-02,slab_clutter,2,2,1,20020001,Dynamic-RRT,2000,2439.1463872860227
calibration-2d-02,slab_clutter,2,2,1,20020001,Dynamic-RRT,3000,2439.1463872860227
calibration-2d-02,slab_clutter,2,2,1,20020001,Dynamic-RRT,4000,2439.1463872860227
calibration-2d-02,slab_clutter,2,2,1,20020001,Dynamic-RRT,5000,2439.1463872860227
calibration-2d-02,slab_clutter,2,2,2,20020002,RRT,100,nan
calibration-2d-02,slab_clutter,2,2,2,20020002,RRT,250,nan
calibration-2d-02,slab_clutter,2,2,2,20020002,RRT,500,nan
calibration-2d-02,slab_clutter,2,2,2,20020002,RRT,1000,2238.343494803914
calibration-2d-02,slab_clutter,2,2,2,20020002,RRT,2000,2238.343494803914
calibration-2d-02,slab_clutter,2,2,2,20020002,RRT,3000,2238.343494803914
calibration-2d-02,slab_clutter,2,2,2,20020002,RRT,4000,2238.343494803914
calibration-2d-02,slab_clutter,2,2,2,20020002,RRT,5000,2238.343494803914
calibration-2d-02,slab_clutter,2,2,2,20020002,RRT-Connect,100,nan
calibration-2d-02,slab_clutter,2,2,2,20020002,RRT-Connect,250,nan
calibration-2d-02,slab_clutter,2,2,2,20020002,RRT-Connect,500,2221.583194582415
calibration-2d-02,slab_clutter,2,2,2,20020002,RRT-Connect,1000,2221.583194582415
calibration-2d-02,slab_clutter,2,2,2,20020002,RRT-Connect,2000,2221.583194582415
calibration-2d-02,slab_clutter,2,2,2,20020002,RRT-Connect,3000,2221.583194582415
calibration-2d-02,slab_clutter,2,2,2,20020002,RRT-Connect,4000,2221.583194582415
calibration-2d-02,slab_clutter,2,2,2,20020002,RRT-Connect,5000,2221.583194582415
calibration-2d-02,slab_clutter,2,2,2,20020002,RRT*,100,nan
calibration-2d-02,slab_clutter,2,2,2,20020002,RRT*,250,nan
calibration-2d-02,slab_clutter,2,2,2,20020002,RRT*,500,nan
calibration-2d-02,slab_clutter,2,2,2,20020002,RRT*,1000,1984.5706471955355
calibration-2d-02,slab_clutter,2,2,2,20020002,RRT*,2000,1979.5933624027482
calibration-2d-02,slab_clutter,2,2,2,20020002,RRT*,3000,1979.3516870999845
calibration-2d-02,slab_clutter,2,2,2,20020002,RRT*,4000,1967.4448353110454
calibration-2d-02,slab_clutter,2,2,2,20020002,RRT*,5000,1948.3203354857744
calibration-2d-02,slab_clutter,2,2,2,20020002,Informed-RRT*,100,nan
calibration-2d-02,slab_clutter,2,2,2,20020002,Informed-RRT*,250,nan
calibration-2d-02,slab_clutter,2,2,2,20020002,Informed-RRT*,500,nan
calibration-2d-02,slab_clutter,2,2,2,20020002,Informed-RRT*,1000,1984.2024348672253
calibration-2d-02,slab_clutter,2,2,2,20020002,Informed-RRT*,2000,1964.4808139697761
calibration-2d-02,slab_clutter,2,2,2,20020002,Informed-RRT*,3000,1957.0777820032436
calibration-2d-02,slab_clutter,2,2,2,20020002,Informed-RRT*,4000,1917.6698713172998
calibration-2d-02,slab_clutter,2,2,2,20020002,Informed-RRT*,5000,1917.1286061102962
calibration-2d-02,slab_clutter,2,2,2,20020002,Dynamic-RRT,100,nan
calibration-2d-02,slab_clutter,2,2,2,20020002,Dynamic-RRT,250,nan
calibration-2d-02,slab_clutter,2,2,2,20020002,Dynamic-RRT,500,nan
calibration-2d-02,slab_clutter,2,2,2,20020002,Dynamic-RRT,1000,2620.4830236756657
calibration-2d-02,slab_clutter,2,2,2,20020002,Dynamic-RRT,2000,2620.4830236756657
calibration-2d-02,slab_clutter,2,2,2,20020002,Dynamic-RRT,3000,2620.4830236756657
calibration-2d-02,slab_clutter,2,2,2,20020002,Dynamic-RRT,4000,2620.4830236756657
calibration-2d-02,slab_clutter,2,2,2,20020002,Dynamic-RRT,5000,2620.4830236756657
calibration-2d-02,slab_clutter,2,2,2,20020002,SC-RRT,100,nan
calibration-2d-02,slab_clutter,2,2,2,20020002,SC-RRT,250,nan
calibration-2d-02,slab_clutter,2,2,2,20020002,SC-RRT,500,2143.1871149372905
calibration-2d-02,slab_clutter,2,2,2,20020002,SC-RRT,1000,2129.8302543009554
calibration-2d-02,slab_clutter,2,2,2,20020002,SC-RRT,2000,2074.0216962650056
calibration-2d-02,slab_clutter,2,2,2,20020002,SC-RRT,3000,2035.5799461765798
calibration-2d-02,slab_clutter,2,2,2,20020002,SC-RRT,4000,2006.3785009067158
calibration-2d-02,slab_clutter,2,2,2,20020002,SC-RRT,5000,1978.9381847543705
calibration-2d-02,slab_clutter,2,2,3,20020003,RRT-Connect,100,nan
calibration-2d-02,slab_clutter,2,2,3,20020003,RRT-Connect,250,nan
calibration-2d-02,slab_clutter,2,2,3,20020003,RRT-Connect,500,2208.458866438118
calibration-2d-02,slab_clutter,2,2,3,20020003,RRT-Connect,1000,2203.435587223943
calibration-2d-02,slab_clutter,2,2,3,20020003,RRT-Connect,2000,2203.435587223943
calibration-2d-02,slab_clutter,2,2,3,20020003,RRT-Connect,3000,2203.435587223943
calibration-2d-02,slab_clutter,2,2,3,20020003,RRT-Connect,4000,2203.435587223943
calibration-2d-02,slab_clutter,2,2,3,20020003,RRT-Connect,5000,2203.435587223943
calibration-2d-02,slab_clutter,2,2,3,20020003,RRT*,100,nan
calibration-2d-02,slab_clutter,2,2,3,20020003,RRT*,250,nan
calibration-2d-02,slab_clutter,2,2,3,20020003,RRT*,500,nan
calibration-2d-02,slab_clutter,2,2,3,20020003,RRT*,1000,1989.5289758201516
calibration-2d-02,slab_clutter,2,2,3,20020003,RRT*,2000,1973.0629699660503
calibration-2d-02,slab_clutter,2,2,3,20020003,RRT*,3000,1957.1256620737079
calibration-2d-02,slab_clutter,2,2,3,20020003,RRT*,4000,1956.74793314124
calibration-2d-02,slab_clutter,2,2,3,20020003,RRT*,5000,1953.6085753358664
calibration-2d-02,slab_clutter,2,2,3,20020003,Informed-RRT*,100,nan
calibration-2d-02,slab_clutter,2,2,3,20020003,Informed-RRT*,250,nan
calibration-2d-02,slab_clutter,2,2,3,20020003,Informed-RRT*,500,nan
calibration-2d-02,slab_clutter,2,2,3,20020003,Informed-RRT*,1000,1944.021195681814
calibration-2d-02,slab_clutter,2,2,3,20020003,Informed-RRT*,2000,1920.0582641651615
calibration-2d-02,slab_clutter,2,2,3,20020003,Informed-RRT*,3000,1917.5943874709012
calibration-2d-02,slab_clutter,2,2,3,20020003,Informed-RRT*,4000,1916.4977159642835
calibration-2d-02,slab_clutter,2,2,3,20020003,Informed-RRT*,5000,1916.3822171717304
calibration-2d-02,slab_clutter,2,2,3,20020003,Dynamic-RRT,100,nan
calibration-2d-02,slab_clutter,2,2,3,20020003,Dynamic-RRT,250,nan
calibration-2d-02,slab_clutter,2,2,3,20020003,Dynamic-RRT,500,nan
calibration-2d-02,slab_clutter,2,2,3,20020003,Dynamic-RRT,1000,nan
calibration-2d-02,slab_clutter,2,2,3,20020003,Dynamic-RRT,2000,2794.4335569651284
calibration-2d-02,slab_clutter,2,2,3,20020003,Dynamic-RRT,3000,2794.4335569651284
calibration-2d-02,slab_clutter,2,2,3,20020003,Dynamic-RRT,4000,2794.4335569651284
calibration-2d-02,slab_clutter,2,2,3,20020003,Dynamic-RRT,5000,2794.4335569651284
calibration-2d-02,slab_clutter,2,2,3,20020003,SC-RRT,100,nan
calibration-2d-02,slab_clutter,2,2,3,20020003,SC-RRT,250,nan
calibration-2d-02,slab_clutter,2,2,3,20020003,SC-RRT,500,nan
calibration-2d-02,slab_clutter,2,2,3,20020003,SC-RRT,1000,2157.261544280573
calibration-2d-02,slab_clutter,2,2,3,20020003,SC-RRT,2000,2155.8390601768424
calibration-2d-02,slab_clutter,2,2,3,20020003,SC-RRT,3000,2143.2003099132753
calibration-2d-02,slab_clutter,2,2,3,20020003,SC-RRT,4000,2124.5906306698193
calibration-2d-02,slab_clutter,2,2,3,20020003,SC-RRT,5000,1977.8614252529678
calibration-2d-02,slab_clutter,2,2,3,20020003,RRT,100,nan
calibration-2d-02,slab_clutter,2,2,3,20020003,RRT,250,nan
calibration-2d-02,slab_clutter,2,2,3,20020003,RRT,500,nan
calibration-2d-02,slab_clutter,2,2,3,20020003,RRT,1000,2407.2393609015735
calibration-2d-02,slab_clutter,2,2,3,20020003,RRT,2000,2407.2393609015735
calibration-2d-02,slab_clutter,2,2,3,20020003,RRT,3000,2407.2393609015735
calibration-2d-02,slab_clutter,2,2,3,20020003,RRT,4000,2407.2393609015735
calibration-2d-02,slab_clutter,2,2,3,20020003,RRT,5000,2407.2393609015735
calibration-2d-02,slab_clutter,2,2,4,20020004,RRT*,100,nan
calibration-2d-02,slab_clutter,2,2,4,20020004,RRT*,250,nan
calibration-2d-02,slab_clutter,2,2,4,20020004,RRT*,500,nan
calibration-2d-02,slab_clutter,2,2,4,20020004,RRT*,1000,1968.4858723640791
calibration-2d-02,slab_clutter,2,2,4,20020004,RRT*,2000,1922.6840453583736
calibration-2d-02,slab_clutter,2,2,4,20020004,RRT*,3000,1922.5268125745247
calibration-2d-02,slab_clutter,2,2,4,20020004,RRT*,4000,1922.5268125745247
calibration-2d-02,slab_clutter,2,2,4,20020004,RRT*,5000,1922.5268125745247
calibration-2d-02,slab_clutter,2,2,4,20020004,Informed-RRT*,100,nan
calibration-2d-02,slab_clutter,2,2,4,20020004,Informed-RRT*,250,nan
calibration-2d-02,slab_clutter,2,2,4,20020004,Informed-RRT*,500,nan
calibration-2d-02,slab_clutter,2,2,4,20020004,Informed-RRT*,1000,1952.7521813195408
calibration-2d-02,slab_clutter,2,2,4,20020004,Informed-RRT*,2000,1922.0396835207082
calibration-2d-02,slab_clutter,2,2,4,20020004,Informed-RRT*,3000,1917.6963589254838
calibration-2d-02,slab_clutter,2,2,4,20020004,Informed-RRT*,4000,1917.0425435624413
calibration-2d-02,slab_clutter,2,2,4,20020004,Informed-RRT*,5000,1916.3523092360206
calibration-2d-02,slab_clutter,2,2,4,20020004,Dynamic-RRT,100,nan
calibration-2d-02,slab_clutter,2,2,4,20020004,Dynamic-RRT,250,nan
calibration-2d-02,slab_clutter,2,2,4,20020004,Dynamic-RRT,500,nan
calibration-2d-02,slab_clutter,2,2,4,20020004,Dynamic-RRT,1000,nan
calibration-2d-02,slab_clutter,2,2,4,20020004,Dynamic-RRT,2000,2528.8038211100115
calibration-2d-02,slab_clutter,2,2,4,20020004,Dynamic-RRT,3000,2528.8038211100115
calibration-2d-02,slab_clutter,2,2,4,20020004,Dynamic-RRT,4000,2528.8038211100115
calibration-2d-02,slab_clutter,2,2,4,20020004,Dynamic-RRT,5000,2528.8038211100115
calibration-2d-02,slab_clutter,2,2,4,20020004,SC-RRT,100,nan
calibration-2d-02,slab_clutter,2,2,4,20020004,SC-RRT,250,nan
calibration-2d-02,slab_clutter,2,2,4,20020004,SC-RRT,500,2119.9864222788347
calibration-2d-02,slab_clutter,2,2,4,20020004,SC-RRT,1000,2101.4480237330054
calibration-2d-02,slab_clutter,2,2,4,20020004,SC-RRT,2000,2089.2958022087096
calibration-2d-02,slab_clutter,2,2,4,20020004,SC-RRT,3000,2078.0329340744447
calibration-2d-02,slab_clutter,2,2,4,20020004,SC-RRT,4000,2059.851754578903
calibration-2d-02,slab_clutter,2,2,4,20020004,SC-RRT,5000,2013.4044409084586
calibration-2d-02,slab_clutter,2,2,4,20020004,RRT,100,nan
calibration-2d-02,slab_clutter,2,2,4,20020004,RRT,250,nan
calibration-2d-02,slab_clutter,2,2,4,20020004,RRT,500,nan
calibration-2d-02,slab_clutter,2,2,4,20020004,RRT,1000,2283.668369724103
calibration-2d-02,slab_clutter,2,2,4,20020004,RRT,2000,2283.668369724103
calibration-2d-02,slab_clutter,2,2,4,20020004,RRT,3000,2283.668369724103
calibration-2d-02,slab_clutter,2,2,4,20020004,RRT,4000,2283.668369724103
calibration-2d-02,slab_clutter,2,2,4,20020004,RRT,5000,2283.668369724103
calibration-2d-02,slab_clutter,2,2,4,20020004,RRT-Connect,100,nan
calibration-2d-02,slab_clutter,2,2,4,20020004,RRT-Connect,250,nan
calibration-2d-02,slab_clutter,2,2,4,20020004,RRT-Connect,500,2273.2010675307074
calibration-2d-02,slab_clutter,2,2,4,20020004,RRT-Connect,1000,2263.2066419078837
calibration-2d-02,slab_clutter,2,2,4,20020004,RRT-Connect,2000,2103.510361161788
calibration-2d-02,slab_clutter,2,2,4,20020004,RRT-Connect,3000,2103.510361161788
calibration-2d-02,slab_clutter,2,2,4,20020004,RRT-Connect,4000,2103.510361161788
calibration-2d-02,slab_clutter,2,2,4,20020004,RRT-Connect,5000,2103.510361161788
calibration-2d-03,uniform_clutter,2,3,0,20030000,Informed-RRT*,100,nan
calibration-2d-03,uniform_clutter,2,3,0,20030000,Informed-RRT*,250,nan
calibration-2d-03,uniform_clutter,2,3,0,20030000,Informed-RRT*,500,nan
calibration-2d-03,uniform_clutter,2,3,0,20030000,Informed-RRT*,1000,1951.99071117655
calibration-2d-03,uniform_clutter,2,3,0,20030000,Informed-RRT*,2000,1946.7614435488751
calibration-2d-03,uniform_clutter,2,3,0,20030000,Informed-RRT*,3000,1943.4713348161538
calibration-2d-03,uniform_clutter,2,3,0,20030000,Informed-RRT*,4000,1941.8308072976251
calibration-2d-03,uniform_clutter,2,3,0,20030000,Informed-RRT*,5000,1941.7029498292525
calibration-2d-03,uniform_clutter,2,3,0,20030000,Dynamic-RRT,100,nan
calibration-2d-03,uniform_clutter,2,3,0,20030000,Dynamic-RRT,250,nan
calibration-2d-03,uniform_clutter,2,3,0,20030000,Dynamic-RRT,500,nan
calibration-2d-03,uniform_clutter,2,3,0,20030000,Dynamic-RRT,1000,2503.7670195126243
calibration-2d-03,uniform_clutter,2,3,0,20030000,Dynamic-RRT,2000,2503.7670195126243
calibration-2d-03,uniform_clutter,2,3,0,20030000,Dynamic-RRT,3000,2503.7670195126243
calibration-2d-03,uniform_clutter,2,3,0,20030000,Dynamic-RRT,4000,2503.7670195126243
calibration-2d-03,uniform_clutter,2,3,0,20030000,Dynamic-RRT,5000,2503.7670195126243
calibration-2d-03,uniform_clutter,2,3,0,20030000,SC-RRT,100,nan
calibration-2d-03,uniform_clutter,2,3,0,20030000,SC-RRT,250,nan
calibration-2d-03,uniform_clutter,2,3,0,20030000,SC-RRT,500,nan
calibration-2d-03,uniform_clutter,2,3,0,20030000,SC-RRT,1000,2067.926162806692
calibration-2d-03,uniform_clutter,2,3,0,20030000,SC-RRT,2000,2056.69488864187
calibration-2d-03,uniform_clutter,2,3,0,20030000,SC-RRT,3000,2023.7282677344983
calibration-2d-03,uniform_clutter,2,3,0,20030000,SC-RRT,4000,2000.570525488985
calibration-2d-03,uniform_clutter,2,3,0,20030000,SC-RRT,5000,1977.6378148525012
calibration-2d-03,uniform_clutter,2,3,0,20030000,RRT,100,nan
calibration-2d-03,uniform_clutter,2,3,0,20030000,RRT,250,nan
calibration-2d-03,uniform_clutter,2,3,0,20030000,RRT,500,nan
calibration-2d-03,uniform_clutter,2,3,0,20030000,RRT,1000,2442.0404305727093
calibration-2d-03,uniform_clutter,2,3,0,20030000,RRT,2000,2442.0404305727093
calibration-2d-03,uniform_clutter,2,3,0,20030000,RRT,3000,2442.0404305727093
calibration-2d-03,uniform_clutter,2,3,0,20030000,RRT,4000,2442.0404305727093
calibration-2d-03,uniform_clutter,2,3,0,20030000,RRT,5000,2442.0404305727093
calibration-2d-03,uniform_clutter,2,3,0,20030000,RRT-Connect,100,nan
calibration-2d-03,uniform_clutter,2,3,0,20030000,RRT-Connect,250,nan
calibration-2d-03,uniform_clutter,2,3,0,20030000,RRT-Connect,500,2212.6155245930345
calibration-2d-03,uniform_clutter,2,3,0,20030000,RRT-Connect,1000,2212.6155245930345
calibration-2d-03,uniform_clutter,2,3,0,20030000,RRT-Connect,2000,2212.6155245930345
calibration-2d-03,uniform_clutter,2,3,0,20030000,RRT-Connect,3000,2212.6155245930345
calibration-2d-03,uniform_clutter,2,3,0,20030000,RRT-Connect,4000,2212.6155245930345
calibration-2d-03,uniform_clutter,2,3,0,20030000,RRT-Connect,5000,2212.6155245930345
calibration-2d-03,uniform_clutter,2,3,0,20030000,RRT*,100,nan
calibration-2d-03,uniform_clutter,2,3,0,20030000,RRT*,250,nan
calibration-2d-03,uniform_clutter,2,3,0,20030000,RRT*,500,nan
calibration-2d-03,uniform_clutter,2,3,0,20030000,RRT*,1000,2025.6307422245807
calibration-2d-03,uniform_clutter,2,3,0,20030000,RRT*,2000,1960.9393155250123
calibration-2d-03,uniform_clutter,2,3,0,20030000,RRT*,3000,1953.976991872587
calibration-2d-03,uniform_clutter,2,3,0,20030000,RRT*,4000,1951.2385461842327
calibration-2d-03,uniform_clutter,2,3,0,20030000,RRT*,5000,1950.8857953471238
calibration-2d-03,uniform_clutter,2,3,1,20030001,Dynamic-RRT,100,nan
calibration-2d-03,uniform_clutter,2,3,1,20030001,Dynamic-RRT,250,nan
calibration-2d-03,uniform_clutter,2,3,1,20030001,Dynamic-RRT,500,nan
calibration-2d-03,uniform_clutter,2,3,1,20030001,Dynamic-RRT,1000,nan
calibration-2d-03,uniform_clutter,2,3,1,20030001,Dynamic-RRT,2000,2445.950343444881
calibration-2d-03,uniform_clutter,2,3,1,20030001,Dynamic-RRT,3000,2445.950343444881
calibration-2d-03,uniform_clutter,2,3,1,20030001,Dynamic-RRT,4000,2445.950343444881
calibration-2d-03,uniform_clutter,2,3,1,20030001,Dynamic-RRT,5000,2445.950343444881
calibration-2d-03,uniform_clutter,2,3,1,20030001,SC-RRT,100,nan
calibration-2d-03,uniform_clutter,2,3,1,20030001,SC-RRT,250,2161.6447582909277
calibration-2d-03,uniform_clutter,2,3,1,20030001,SC-RRT,500,2160.2722127936495
calibration-2d-03,uniform_clutter,2,3,1,20030001,SC-RRT,1000,2142.724103696012
calibration-2d-03,uniform_clutter,2,3,1,20030001,SC-RRT,2000,2137.5917998775703
calibration-2d-03,uniform_clutter,2,3,1,20030001,SC-RRT,3000,2065.7017499726758
calibration-2d-03,uniform_clutter,2,3,1,20030001,SC-RRT,4000,2045.3818549328898
calibration-2d-03,uniform_clutter,2,3,1,20030001,SC-RRT,5000,2007.8595964653
calibration-2d-03,uniform_clutter,2,3,1,20030001,RRT,100,nan
calibration-2d-03,uniform_clutter,2,3,1,20030001,RRT,250,nan
calibration-2d-03,uniform_clutter,2,3,1,20030001,RRT,500,nan
calibration-2d-03,uniform_clutter,2,3,1,20030001,RRT,1000,2336.9668969979944
calibration-2d-03,uniform_clutter,2,3,1,20030001,RRT,2000,2336.9668969979944
calibration-2d-03,uniform_clutter,2,3,1,20030001,RRT,3000,2336.9668969979944
calibration-2d-03,uniform_clutter,2,3,1,20030001,RRT,4000,2336.9668969979944
calibration-2d-03,uniform_clutter,2,3,1,20030001,RRT,5000,2336.9668969979944
calibration-2d-03,uniform_clutter,2,3,1,20030001,RRT-Connect,100,nan
calibration-2d-03,uniform_clutter,2,3,1,20030001,RRT-Connect,250,nan
calibration-2d-03,uniform_clutter,2,3,1,20030001,RRT-Connect,500,nan
calibration-2d-03,uniform_clutter,2,3,1,20030001,RRT-Connect,1000,2193.643365932762
calibration-2d-03,uniform_clutter,2,3,1,20030001,RRT-Connect,2000,2185.16251813034
calibration-2d-03,uniform_clutter,2,3,1,20030001,RRT-Connect,3000,2185.16251813034
calibration-2d-03,uniform_clutter,2,3,1,20030001,RRT-Connect,4000,2172.048214663963
calibration-2d-03,uniform_clutter,2,3,1,20030001,RRT-Connect,5000,2172.048214663963
calibration-2d-03,uniform_clutter,2,3,1,20030001,RRT*,100,nan
calibration-2d-03,uniform_clutter,2,3,1,20030001,RRT*,250,nan
calibration-2d-03,uniform_clutter,2,3,1,20030001,RRT*,500,nan
calibration-2d-03,uniform_clutter,2,3,1,20030001,RRT*,1000,1978.6090704195785
calibration-2d-03,uniform_clutter,2,3,1,20030001,RRT*,2000,1956.8211294930381
calibration-2d-03,uniform_clutter,2,3,1,20030001,RRT*,3000,1951.8133368333663
calibration-2d-03,uniform_clutter,2,3,1,20030001,RRT*,4000,1951.6312208451939
calibration-2d-03,uniform_clutter,2,3,1,20030001,RRT*,5000,1949.8833894930976
calibration-2d-03,uniform_clutter,2,3,1,20030001,Informed-RRT*,100,nan
calibration-2d-03,uniform_clutter,2,3,1,20030001,Informed-RRT*,250,nan
calibration-2d-03,uniform_clutter,2,3,1,20030001,Informed-RRT*,500,nan
calibration-2d-03,uniform_clutter,2,3,1,20030001,Informed-RRT*,1000,1975.3979616144961
calibration-2d-03,uniform_clutter,2,3,1,20030001,Informed-RRT*,2000,1944.878178734571
calibration-2d-03,uniform_clutter,2,3,1,20030001,Informed-RRT*,3000,1942.8404922292823
calibration-2d-03,uniform_clutter,2,3,1,20030001,Informed-RRT*,4000,1941.9194869460719
calibration-2d-03,uniform_clutter,2,3,1,20030001,Informed-RRT*,5000,1941.5340669146283
calibration-2d-03,uniform_clutter,2,3,2,20030002,SC-RRT,100,nan
calibration-2d-03,uniform_clutter,2,3,2,20030002,SC-RRT,250,2061.9976198693575
calibration-2d-03,uniform_clutter,2,3,2,20030002,SC-RRT,500,2061.4495354464493
calibration-2d-03,uniform_clutter,2,3,2,20030002,SC-RRT,1000,2045.948970045801
calibration-2d-03,uniform_clutter,2,3,2,20030002,SC-RRT,2000,2039.9038305456431
calibration-2d-03,uniform_clutter,2,3,2,20030002,SC-RRT,3000,2038.1761733442904
calibration-2d-03,uniform_clutter,2,3,2,20030002,SC-RRT,4000,1982.1719075274632
calibration-2d-03,uniform_clutter,2,3,2,20030002,SC-RRT,5000,1979.4500463891188
calibration-2d-03,uniform_clutter,2,3,2,20030002,RRT,100,nan
calibration-2d-03,uniform_clutter,2,3,2,20030002,RRT,250,nan
calibration-2d-03,uniform_clutter,2,3,2,20030002,RRT,500,2266.789294090569
calibration-2d-03,uniform_clutter,2,3,2,20030002,RRT,1000,2266.789294090569
calibration-2d-03,uniform_clutter,2,3,2,20030002,RRT,2000,2266.789294090569
calibration-2d-03,uniform_clutter,2,3,2,20030002,RRT,3000,2266.789294090569
calibration-2d-03,uniform_clutter,2,3,2,20030002,RRT,4000,2266.789294090569
calibration-2d-03,uniform_clutter,2,3,2,20030002,RRT,5000,2266.789294090569
calibration-2d-03,uniform_clutter,2,3,2,20030002,RRT-Connect,100,nan
calibration-2d-03,uniform_clutter,2,3,2,20030002,RRT-Connect,250,nan
calibration-2d-03,uniform_clutter,2,3,2,20030002,RRT-Connect,500,nan
calibration-2d-03,uniform_clutter,2,3,2,20030002,RRT-Connect,1000,2593.281096479028
calibration-2d-03,uniform_clutter,2,3,2,20030002,RRT-Connect,2000,2431.1654086956805
calibration-2d-03,uniform_clutter,2,3,2,20030002,RRT-Connect,3000,2431.1654086956805
calibration-2d-03,uniform_clutter,2,3,2,20030002,RRT-Connect,4000,2431.1654086956805
calibration-2d-03,uniform_clutter,2,3,2,20030002,RRT-Connect,5000,2431.1654086956805
calibration-2d-03,uniform_clutter,2,3,2,20030002,RRT*,100,nan
calibration-2d-03,uniform_clutter,2,3,2,20030002,RRT*,250,nan
calibration-2d-03,uniform_clutter,2,3,2,20030002,RRT*,500,1983.7231040818647
calibration-2d-03,uniform_clutter,2,3,2,20030002,RRT*,1000,1968.5835174703639
calibration-2d-03,uniform_clutter,2,3,2,20030002,RRT*,2000,1957.566889286144
calibration-2d-03,uniform_clutter,2,3,2,20030002,RRT*,3000,1950.7181130438153
calibration-2d-03,uniform_clutter,2,3,2,20030002,RRT*,4000,1950.7181130438153
calibration-2d-03,uniform_clutter,2,3,2,20030002,RRT*,5000,1950.5320968953934
calibration-2d-03,uniform_clutter,2,3,2,20030002,Informed-RRT*,100,nan
calibration-2d-03,uniform_clutter,2,3,2,20030002,Informed-RRT*,250,nan
calibration-2d-03,uniform_clutter,2,3,2,20030002,Informed-RRT*,500,1971.3802230243925
calibration-2d-03,uniform_clutter,2,3,2,20030002,Informed-RRT*,1000,1953.7005046293762
calibration-2d-03,uniform_clutter,2,3,2,20030002,Informed-RRT*,2000,1945.9694294731162
calibration-2d-03,uniform_clutter,2,3,2,20030002,Informed-RRT*,3000,1944.1074919061316
calibration-2d-03,uniform_clutter,2,3,2,20030002,Informed-RRT*,4000,1943.4079339011773
calibration-2d-03,uniform_clutter,2,3,2,20030002,Informed-RRT*,5000,1940.850100630425
calibration-2d-03,uniform_clutter,2,3,2,20030002,Dynamic-RRT,100,nan
calibration-2d-03,uniform_clutter,2,3,2,20030002,Dynamic-RRT,250,nan
calibration-2d-03,uniform_clutter,2,3,2,20030002,Dynamic-RRT,500,2388.6408090946966
calibration-2d-03,uniform_clutter,2,3,2,20030002,Dynamic-RRT,1000,2388.6408090946966
calibration-2d-03,uniform_clutter,2,3,2,20030002,Dynamic-RRT,2000,2388.6408090946966
calibration-2d-03,uniform_clutter,2,3,2,20030002,Dynamic-RRT,3000,2388.6408090946966
calibration-2d-03,uniform_clutter,2,3,2,20030002,Dynamic-RRT,4000,2388.6408090946966
calibration-2d-03,uniform_clutter,2,3,2,20030002,Dynamic-RRT,5000,2388.6408090946966
calibration-2d-03,uniform_clutter,2,3,3,20030003,RRT,100,nan
calibration-2d-03,uniform_clutter,2,3,3,20030003,RRT,250,nan
calibration-2d-03,uniform_clutter,2,3,3,20030003,RRT,500,nan
calibration-2d-03,uniform_clutter,2,3,3,20030003,RRT,1000,nan
calibration-2d-03,uniform_clutter,2,3,3,20030003,RRT,2000,2381.5607085235188
calibration-2d-03,uniform_clutter,2,3,3,20030003,RRT,3000,2381.5607085235188
calibration-2d-03,uniform_clutter,2,3,3,20030003,RRT,4000,2381.5607085235188
calibration-2d-03,uniform_clutter,2,3,3,20030003,RRT,5000,2381.5607085235188
calibration-2d-03,uniform_clutter,2,3,3,20030003,RRT-Connect,100,nan
calibration-2d-03,uniform_clutter,2,3,3,20030003,RRT-Connect,250,2113.7186486566256
calibration-2d-03,uniform_clutter,2,3,3,20030003,RRT-Connect,500,2039.682030656012
calibration-2d-03,uniform_clutter,2,3,3,20030003,RRT-Connect,1000,2039.682030656012
calibration-2d-03,uniform_clutter,2,3,3,20030003,RRT-Connect,2000,2039.682030656012
calibration-2d-03,uniform_clutter,2,3,3,20030003,RRT-Connect,3000,2039.682030656012
calibration-2d-03,uniform_clutter,2,3,3,20030003,RRT-Connect,4000,2039.682030656012
calibration-2d-03,uniform_clutter,2,3,3,20030003,RRT-Connect,5000,2039.682030656012
calibration-2d-03,uniform_clutter,2,3,3,20030003,RRT*,100,nan
calibration-2d-03,uniform_clutter,2,3,3,20030003,RRT*,250,nan
calibration-2d-03,uniform_clutter,2,3,3,20030003,RRT*,500,nan
calibration-2d-03,uniform_clutter,2,3,3,20030003,RRT*,1000,nan
calibration-2d-03,uniform_clutter,2,3,3,20030003,RRT*,2000,2023.4178809135758
calibration-2d-03,uniform_clutter,2,3,3,20030003,RRT*,3000,1965.3110571749996
calibration-2d-03,uniform_clutter,2,3,3,20030003,RRT*,4000,1960.4994979169494
calibration-2d-03,uniform_clutter,2,3,3,20030003,RRT*,5000,1952.5603372245766
calibration-2d-03,uniform_clutter,2,3,3,20030003,Informed-RRT*,100,nan
calibration-2d-03,uniform_clutter,2,3,3,20030003,Informed-RRT*,250,nan
calibration-2d-03,uniform_clutter,2,3,3,20030003,Informed-RRT*,500,nan
calibration-2d-03,uniform_clutter,2,3,3,20030003,Informed-RRT*,1000,nan
calibration-2d-03,uniform_clutter,2,3,3,20030003,Informed-RRT*,2000,1977.6758968966324
calibration-2d-03,uniform_clutter,2,3,3,20030003,Informed-RRT*,3000,1947.0055913821966
calibration-2d-03,uniform_clutter,2,3,3,20030003,Informed-RRT*,4000,1942.8932543889382
calibration-2d-03,uniform_clutter,2,3,3,20030003,Informed-RRT*,5000,1942.0839301736721
calibration-2d-03,uniform_clutter,2,3,3,20030003,Dynamic-RRT,100,nan
calibration-2d-03,uniform_clutter,2,3,3,20030003,Dynamic-RRT,250,nan
calibration-2d-03,uniform_clutter,2,3,3,20030003,Dynamic-RRT,500,2404.8964604866287
calibration-2d-03,uniform_clutter,2,3,3,20030003,Dynamic-RRT,1000,2404.8964604866287
calibration-2d-03,uniform_clutter,2,3,3,20030003,Dynamic-RRT,2000,2404.8964604866287
calibration-2d-03,uniform_clutter,2,3,3,20030003,Dynamic-RRT,3000,2404.8964604866287
calibration-2d-03,uniform_clutter,2,3,3,20030003,Dynamic-RRT,4000,2404.8964604866287
calibration-2d-03,uniform_clutter,2,3,3,20030003,Dynamic-RRT,5000,2404.8964604866287
calibration-2d-03,uniform_clutter,2,3,3,20030003,SC-RRT,100,nan
calibration-2d-03,uniform_clutter,2,3,3,20030003,SC-RRT,250,nan
calibration-2d-03,uniform_clutter,2,3,3,20030003,SC-RRT,500,2403.623363817459
calibration-2d-03,uniform_clutter,2,3,3,20030003,SC-RRT,1000,2253.755461993645
calibration-2d-03,uniform_clutter,2,3,3,20030003,SC-RRT,2000,2124.2906823874664
calibration-2d-03,uniform_clutter,2,3,3,20030003,SC-RRT,3000,2069.887837368871
calibration-2d-03,uniform_clutter,2,3,3,20030003,SC-RRT,4000,2067.178348710912
calibration-2d-03,uniform_clutter,2,3,3,20030003,SC-RRT,5000,2057.913570756281
calibration-2d-03,uniform_clutter,2,3,4,20030004,RRT-Connect,100,nan
calibration-2d-03,uniform_clutter,2,3,4,20030004,RRT-Connect,250,nan
calibration-2d-03,uniform_clutter,2,3,4,20030004,RRT-Connect,500,nan
calibration-2d-03,uniform_clutter,2,3,4,20030004,RRT-Connect,1000,2756.621240939762
calibration-2d-03,uniform_clutter,2,3,4,20030004,RRT-Connect,2000,2474.2400420569857
calibration-2d-03,uniform_clutter,2,3,4,20030004,RRT-Connect,3000,2474.2400420569857
calibration-2d-03,uniform_clutter,2,3,4,20030004,RRT-Connect,4000,2474.2400420569857
calibration-2d-03,uniform_clutter,2,3,4,20030004,RRT-Connect,5000,2456.900647464656
calibration-2d-03,uniform_clutter,2,3,4,20030004,RRT*,100,nan
calibration-2d-03,uniform_clutter,2,3,4,20030004,RRT*,250,nan
calibration-2d-03,uniform_clutter,2,3,4,20030004,RRT*,500,nan
calibration-2d-03,uniform_clutter,2,3,4,20030004,RRT*,1000,1963.2140978558157
calibration-2d-03,uniform_clutter,2,3,4,20030004,RRT*,2000,1956.4677118146385
calibration-2d-03,uniform_clutter,2,3,4,20030004,RRT*,3000,1955.746087931696
calibration-2d-03,uniform_clutter,2,3,4,20030004,RRT*,4000,1946.8366903533597
calibration-2d-03,uniform_clutter,2,3,4,20030004,RRT*,5000,1946.8366903533597
calibration-2d-03,uniform_clutter,2,3,4,20030004,Informed-RRT*,100,nan
calibration-2d-03,uniform_clutter,2,3,4,20030004,Informed-RRT*,250,nan
calibration-2d-03,uniform_clutter,2,3,4,20030004,Informed-RRT*,500,nan
calibration-2d-03,uniform_clutter,2,3,4,20030004,Informed-RRT*,1000,1962.8567453619353
calibration-2d-03,uniform_clutter,2,3,4,20030004,Informed-RRT*,2000,1953.4839665452134
calibration-2d-03,uniform_clutter,2,3,4,20030004,Informed-RRT*,3000,1944.254872644146
calibration-2d-03,uniform_clutter,2,3,4,20030004,Informed-RRT*,4000,1943.8575506392938
calibration-2d-03,uniform_clutter,2,3,4,20030004,Informed-RRT*,5000,1943.7700916259175
calibration-2d-03,uniform_clutter,2,3,4,20030004,Dynamic-RRT,100,nan
calibration-2d-03,uniform_clutter,2,3,4,20030004,Dynamic-RRT,250,nan
calibration-2d-03,uniform_clutter,2,3,4,20030004,Dynamic-RRT,500,nan
calibration-2d-03,uniform_clutter,2,3,4,20030004,Dynamic-RRT,1000,2236.7609319624707
calibration-2d-03,uniform_clutter,2,3,4,20030004,Dynamic-RRT,2000,2236.7609319624707
calibration-2d-03,uniform_clutter,2,3,4,20030004,Dynamic-RRT,3000,2236.7609319624707
calibration-2d-03,uniform_clutter,2,3,4,20030004,Dynamic-RRT,4000,2236.7609319624707
calibration-2d-03,uniform_clutter,2,3,4,20030004,Dynamic-RRT,5000,2236.7609319624707
calibration-2d-03,uniform_clutter,2,3,4,20030004,SC-RRT,100,nan
calibration-2d-03,uniform_clutter,2,3,4,20030004,SC-RRT,250,2167.558492874979
calibration-2d-03,uniform_clutter,2,3,4,20030004,SC-RRT,500,2157.489432068713
calibration-2d-03,uniform_clutter,2,3,4,20030004,SC-RRT,1000,2152.692137193156
calibration-2d-03,uniform_clutter,2,3,4,20030004,SC-RRT,2000,2097.7392818075887
calibration-2d-03,uniform_clutter,2,3,4,20030004,SC-RRT,3000,2086.1145015748066
calibration-2d-03,uniform_clutter,2,3,4,20030004,SC-RRT,4000,2065.015018984759
calibration-2d-03,uniform_clutter,2,3,4,20030004,SC-RRT,5000,1996.1183040519168
calibration-2d-03,uniform_clutter,2,3,4,20030004,RRT,100,nan
calibration-2d-03,uniform_clutter,2,3,4,20030004,RRT,250,nan
calibration-2d-03,uniform_clutter,2,3,4,20030004,RRT,500,nan
calibration-2d-03,uniform_clutter,2,3,4,20030004,RRT,1000,2363.3721220558155
calibration-2d-03,uniform_clutter,2,3,4,20030004,RRT,2000,2363.3721220558155
calibration-2d-03,uniform_clutter,2,3,4,20030004,RRT,3000,2363.3721220558155
calibration-2d-03,uniform_clutter,2,3,4,20030004,RRT,4000,2363.3721220558155
calibration-2d-03,uniform_clutter,2,3,4,20030004,RRT,5000,2363.3721220558155
calibration-3d-00,uniform_clutter,3,0,0,30000000,RRT,100,nan
calibration-3d-00,uniform_clutter,3,0,0,30000000,RRT,250,nan
calibration-3d-00,uniform_clutter,3,0,0,30000000,RRT,500,nan
calibration-3d-00,uniform_clutter,3,0,0,30000000,RRT,1000,3263.8074725918473
calibration-3d-00,uniform_clutter,3,0,0,30000000,RRT,2000,3263.8074725918473
calibration-3d-00,uniform_clutter,3,0,0,30000000,RRT,3000,3263.8074725918473
calibration-3d-00,uniform_clutter,3,0,0,30000000,RRT,4000,3263.8074725918473
calibration-3d-00,uniform_clutter,3,0,0,30000000,RRT,5000,3263.8074725918473
calibration-3d-00,uniform_clutter,3,0,0,30000000,RRT-Connect,100,2465.620376946256
calibration-3d-00,uniform_clutter,3,0,0,30000000,RRT-Connect,250,2465.620376946256
calibration-3d-00,uniform_clutter,3,0,0,30000000,RRT-Connect,500,2465.620376946256
calibration-3d-00,uniform_clutter,3,0,0,30000000,RRT-Connect,1000,2465.620376946256
calibration-3d-00,uniform_clutter,3,0,0,30000000,RRT-Connect,2000,2465.620376946256
calibration-3d-00,uniform_clutter,3,0,0,30000000,RRT-Connect,3000,2465.620376946256
calibration-3d-00,uniform_clutter,3,0,0,30000000,RRT-Connect,4000,2465.620376946256
calibration-3d-00,uniform_clutter,3,0,0,30000000,RRT-Connect,5000,2465.620376946256
calibration-3d-00,uniform_clutter,3,0,0,30000000,RRT*,100,nan
calibration-3d-00,uniform_clutter,3,0,0,30000000,RRT*,250,nan
calibration-3d-00,uniform_clutter,3,0,0,30000000,RRT*,500,nan
calibration-3d-00,uniform_clutter,3,0,0,30000000,RRT*,1000,2554.313615160874
calibration-3d-00,uniform_clutter,3,0,0,30000000,RRT*,2000,2548.0848998966194
calibration-3d-00,uniform_clutter,3,0,0,30000000,RRT*,3000,2548.0848998966194
calibration-3d-00,uniform_clutter,3,0,0,30000000,RRT*,4000,2491.350588355479
calibration-3d-00,uniform_clutter,3,0,0,30000000,RRT*,5000,2479.0546059863364
calibration-3d-00,uniform_clutter,3,0,0,30000000,Informed-RRT*,100,nan
calibration-3d-00,uniform_clutter,3,0,0,30000000,Informed-RRT*,250,nan
calibration-3d-00,uniform_clutter,3,0,0,30000000,Informed-RRT*,500,nan
calibration-3d-00,uniform_clutter,3,0,0,30000000,Informed-RRT*,1000,2543.105858609077
calibration-3d-00,uniform_clutter,3,0,0,30000000,Informed-RRT*,2000,2519.8320644752107
calibration-3d-00,uniform_clutter,3,0,0,30000000,Informed-RRT*,3000,2471.7171277998746
calibration-3d-00,uniform_clutter,3,0,0,30000000,Informed-RRT*,4000,2413.6296733124545
calibration-3d-00,uniform_clutter,3,0,0,30000000,Informed-RRT*,5000,2374.795793002741
calibration-3d-00,uniform_clutter,3,0,0,30000000,Dynamic-RRT,100,nan
calibration-3d-00,uniform_clutter,3,0,0,30000000,Dynamic-RRT,250,nan
calibration-3d-00,uniform_clutter,3,0,0,30000000,Dynamic-RRT,500,2700.1542359491
calibration-3d-00,uniform_clutter,3,0,0,30000000,Dynamic-RRT,1000,2700.1542359491
calibration-3d-00,uniform_clutter,3,0,0,30000000,Dynamic-RRT,2000,2700.1542359491
calibration-3d-00,uniform_clutter,3,0,0,30000000,Dynamic-RRT,3000,2700.1542359491
calibration-3d-00,uniform_clutter,3,0,0,30000000,Dynamic-RRT,4000,2700.1542359491
calibration-3d-00,uniform_clutter,3,0,0,30000000,Dynamic-RRT,5000,2700.1542359491
calibration-3d-00,uniform_clutter,3,0,0,30000000,SC-RRT,100,nan
calibration-3d-00,uniform_clutter,3,0,0,30000000,SC-RRT,250,2580.09302954787
calibration-3d-00,uniform_clutter,3,0,0,30000000,SC-RRT,500,2580.09302954787
calibration-3d-00,uniform_clutter,3,0,0,30000000,SC-RRT,1000,2580.09302954787
calibration-3d-00,uniform_clutter,3,0,0,30000000,SC-RRT,2000,2580.09302954787
calibration-3d-00,uniform_clutter,3,0,0,30000000,SC-RRT,3000,2580.09302954787
calibration-3d-00,uniform_clutter,3,0,0,30000000,SC-RRT,4000,2580.09302954787
calibration-3d-00,uniform_clutter,3,0,0,30000000,SC-RRT,5000,2580.09302954787
calibration-3d-00,uniform_clutter,3,0,1,30000001,RRT-Connect,100,nan
calibration-3d-00,uniform_clutter,3,0,1,30000001,RRT-Connect,250,2584.0999202221865
calibration-3d-00,uniform_clutter,3,0,1,30000001,RRT-Connect,500,2584.0999202221865
calibration-3d-00,uniform_clutter,3,0,1,30000001,RRT-Connect,1000,2584.0999202221865
calibration-3d-00,uniform_clutter,3,0,1,30000001,RRT-Connect,2000,2553.2562536051323
calibration-3d-00,uniform_clutter,3,0,1,30000001,RRT-Connect,3000,2553.2562536051323
calibration-3d-00,uniform_clutter,3,0,1,30000001,RRT-Connect,4000,2553.2562536051323
calibration-3d-00,uniform_clutter,3,0,1,30000001,RRT-Connect,5000,2553.2562536051323
calibration-3d-00,uniform_clutter,3,0,1,30000001,RRT*,100,nan
calibration-3d-00,uniform_clutter,3,0,1,30000001,RRT*,250,nan
calibration-3d-00,uniform_clutter,3,0,1,30000001,RRT*,500,nan
calibration-3d-00,uniform_clutter,3,0,1,30000001,RRT*,1000,2442.316013920249
calibration-3d-00,uniform_clutter,3,0,1,30000001,RRT*,2000,2441.5648643534873
calibration-3d-00,uniform_clutter,3,0,1,30000001,RRT*,3000,2441.5648643534873
calibration-3d-00,uniform_clutter,3,0,1,30000001,RRT*,4000,2435.35667521108
calibration-3d-00,uniform_clutter,3,0,1,30000001,RRT*,5000,2434.160748335953
calibration-3d-00,uniform_clutter,3,0,1,30000001,Informed-RRT*,100,nan
calibration-3d-00,uniform_clutter,3,0,1,30000001,Informed-RRT*,250,nan
calibration-3d-00,uniform_clutter,3,0,1,30000001,Informed-RRT*,500,nan
calibration-3d-00,uniform_clutter,3,0,1,30000001,Informed-RRT*,1000,2436.1516650851736
calibration-3d-00,uniform_clutter,3,0,1,30000001,Informed-RRT*,2000,2428.818529991704
calibration-3d-00,uniform_clutter,3,0,1,30000001,Informed-RRT*,3000,2424.0143966220485
calibration-3d-00,uniform_clutter,3,0,1,30000001,Informed-RRT*,4000,2378.9470419713757
calibration-3d-00,uniform_clutter,3,0,1,30000001,Informed-RRT*,5000,2361.393269820231
calibration-3d-00,uniform_clutter,3,0,1,30000001,Dynamic-RRT,100,nan
calibration-3d-00,uniform_clutter,3,0,1,30000001,Dynamic-RRT,250,nan
calibration-3d-00,uniform_clutter,3,0,1,30000001,Dynamic-RRT,500,2860.1504437146323
calibration-3d-00,uniform_clutter,3,0,1,30000001,Dynamic-RRT,1000,2860.1504437146323
calibration-3d-00,uniform_clutter,3,0,1,30000001,Dynamic-RRT,2000,2860.1504437146323
calibration-3d-00,uniform_clutter,3,0,1,30000001,Dynamic-RRT,3000,2860.1504437146323
calibration-3d-00,uniform_clutter,3,0,1,30000001,Dynamic-RRT,4000,2860.1504437146323
calibration-3d-00,uniform_clutter,3,0,1,30000001,Dynamic-RRT,5000,2860.1504437146323
calibration-3d-00,uniform_clutter,3,0,1,30000001,SC-RRT,100,nan
calibration-3d-00,uniform_clutter,3,0,1,30000001,SC-RRT,250,2620.2680137534144
calibration-3d-00,uniform_clutter,3,0,1,30000001,SC-RRT,500,2602.368175596842
calibration-3d-00,uniform_clutter,3,0,1,30000001,SC-RRT,1000,2586.648444688001
calibration-3d-00,uniform_clutter,3,0,1,30000001,SC-RRT,2000,2581.5772886410996
calibration-3d-00,uniform_clutter,3,0,1,30000001,SC-RRT,3000,2580.1378631271846
calibration-3d-00,uniform_clutter,3,0,1,30000001,SC-RRT,4000,2580.1378631271846
calibration-3d-00,uniform_clutter,3,0,1,30000001,SC-RRT,5000,2577.9411228787717
calibration-3d-00,uniform_clutter,3,0,1,30000001,RRT,100,nan
calibration-3d-00,uniform_clutter,3,0,1,30000001,RRT,250,nan
calibration-3d-00,uniform_clutter,3,0,1,30000001,RRT,500,nan
calibration-3d-00,uniform_clutter,3,0,1,30000001,RRT,1000,2887.409502550292
calibration-3d-00,uniform_clutter,3,0,1,30000001,RRT,2000,2887.409502550292
calibration-3d-00,uniform_clutter,3,0,1,30000001,RRT,3000,2887.409502550292
calibration-3d-00,uniform_clutter,3,0,1,30000001,RRT,4000,2887.409502550292
calibration-3d-00,uniform_clutter,3,0,1,30000001,RRT,5000,2887.409502550292
calibration-3d-00,uniform_clutter,3,0,2,30000002,RRT*,100,nan
calibration-3d-00,uniform_clutter,3,0,2,30000002,RRT*,250,nan
calibration-3d-00,uniform_clutter,3,0,2,30000002,RRT*,500,nan
calibration-3d-00,uniform_clutter,3,0,2,30000002,RRT*,1000,2438.936752383034
calibration-3d-00,uniform_clutter,3,0,2,30000002,RRT*,2000,2422.4280114501585
calibration-3d-00,uniform_clutter,3,0,2,30000002,RRT*,3000,2411.997065030846
calibration-3d-00,uniform_clutter,3,0,2,30000002,RRT*,4000,2408.600439829212
calibration-3d-00,uniform_clutter,3,0,2,30000002,RRT*,5000,2404.781785705416
calibration-3d-00,uniform_clutter,3,0,2,30000002,Informed-RRT*,100,nan
calibration-3d-00,uniform_clutter,3,0,2,30000002,Informed-RRT*,250,nan
calibration-3d-00,uniform_clutter,3,0,2,30000002,Informed-RRT*,500,nan
calibration-3d-00,uniform_clutter,3,0,2,30000002,Informed-RRT*,1000,2428.2232796658936
calibration-3d-00,uniform_clutter,3,0,2,30000002,Informed-RRT*,2000,2413.836431171005
calibration-3d-00,uniform_clutter,3,0,2,30000002,Informed-RRT*,3000,2389.486796094539
calibration-3d-00,uniform_clutter,3,0,2,30000002,Informed-RRT*,4000,2369.281023032721
calibration-3d-00,uniform_clutter,3,0,2,30000002,Informed-RRT*,5000,2354.3726426815592
calibration-3d-00,uniform_clutter,3,0,2,30000002,Dynamic-RRT,100,nan
calibration-3d-00,uniform_clutter,3,0,2,30000002,Dynamic-RRT,250,nan
calibration-3d-00,uniform_clutter,3,0,2,30000002,Dynamic-RRT,500,2888.2225841281625
calibration-3d-00,uniform_clutter,3,0,2,30000002,Dynamic-RRT,1000,2888.2225841281625
calibration-3d-00,uniform_clutter,3,0,2,30000002,Dynamic-RRT,2000,2888.2225841281625
calibration-3d-00,uniform_clutter,3,0,2,30000002,Dynamic-RRT,3000,2888.2225841281625
calibration-3d-00,uniform_clutter,3,0,2,30000002,Dynamic-RRT,4000,2888.2225841281625
calibration-3d-00,uniform_clutter,3,0,2,30000002,Dynamic-RRT,5000,2888.2225841281625
calibration-3d-00,uniform_clutter,3,0,2,30000002,SC-RRT,100,nan
calibration-3d-00,uniform_clutter,3,0,2,30000002,SC-RRT,250,2509.832040371418
calibration-3d-00,uniform_clutter,3,0,2,30000002,SC-RRT,500,2509.832040371418
calibration-3d-00,uniform_clutter,3,0,2,30000002,SC-RRT,1000,2509.832040371418
calibration-3d-00,uniform_clutter,3,0,2,30000002,SC-RRT,2000,2509.832040371418
calibration-3d-00,uniform_clutter,3,0,2,30000002,SC-RRT,3000,2501.8304414308323
calibration-3d-00,uniform_clutter,3,0,2,30000002,SC-RRT,4000,2498.806435995669
calibration-3d-00,uniform_clutter,3,0,2,30000002,SC-RRT,5000,2498.806435995669
calibration-3d-00,uniform_clutter,3,0,2,30000002,RRT,100,nan
calibration-3d-00,uniform_clutter,3,0,2,30000002,RRT,250,nan
calibration-3d-00,uniform_clutter,3,0,2,30000002,RRT,500,nan
calibration-3d-00,uniform_clutter,3,0,2,30000002,RRT,1000,3017.48349867496
calibration-3d-00,uniform_clutter,3,0,2,30000002,RRT,2000,3017.48349867496
calibration-3d-00,uniform_clutter,3,0,2,30000002,RRT,3000,3017.48349867496
calibration-3d-00,uniform_clutter,3,0,2,30000002,RRT,4000,3017.48349867496
calibration-3d-00,uniform_clutter,3,0,2,30000002,RRT,5000,3017.48349867496
calibration-3d-00,uniform_clutter,3,0,2,30000002,RRT-Connect,100,nan
calibration-3d-00,uniform_clutter,3,0,2,30000002,RRT-Connect,250,2452.3456245342827
calibration-3d-00,uniform_clutter,3,0,2,30000002,RRT-Connect,500,2452.3456245342827
calibration-3d-00,uniform_clutter,3,0,2,30000002,RRT-Connect,1000,2452.3456245342827
calibration-3d-00,uniform_clutter,3,0,2,30000002,RRT-Connect,2000,2452.3456245342827
calibration-3d-00,uniform_clutter,3,0,2,30000002,RRT-Connect,3000,2452.3456245342827
calibration-3d-00,uniform_clutter,3,0,2,30000002,RRT-Connect,4000,2452.3456245342827
calibration-3d-00,uniform_clutter,3,0,2,30000002,RRT-Connect,5000,2452.3456245342827
calibration-3d-00,uniform_clutter,3,0,3,30000003,Informed-RRT*,100,nan
calibration-3d-00,uniform_clutter,3,0,3,30000003,Informed-RRT*,250,nan
calibration-3d-00,uniform_clutter,3,0,3,30000003,Informed-RRT*,500,2399.1824183121425
calibration-3d-00,uniform_clutter,3,0,3,30000003,Informed-RRT*,1000,2393.20225467874
calibration-3d-00,uniform_clutter,3,0,3,30000003,Informed-RRT*,2000,2385.0697462304347
calibration-3d-00,uniform_clutter,3,0,3,30000003,Informed-RRT*,3000,2367.5052388727636
calibration-3d-00,uniform_clutter,3,0,3,30000003,Informed-RRT*,4000,2355.61391357142
calibration-3d-00,uniform_clutter,3,0,3,30000003,Informed-RRT*,5000,2349.754987137127
calibration-3d-00,uniform_clutter,3,0,3,30000003,Dynamic-RRT,100,nan
calibration-3d-00,uniform_clutter,3,0,3,30000003,Dynamic-RRT,250,nan
calibration-3d-00,uniform_clutter,3,0,3,30000003,Dynamic-RRT,500,2816.718720553153
calibration-3d-00,uniform_clutter,3,0,3,30000003,Dynamic-RRT,1000,2816.718720553153
calibration-3d-00,uniform_clutter,3,0,3,30000003,Dynamic-RRT,2000,2816.718720553153
calibration-3d-00,uniform_clutter,3,0,3,30000003,Dynamic-RRT,3000,2816.718720553153
calibration-3d-00,uniform_clutter,3,0,3,30000003,Dynamic-RRT,4000,2816.718720553153
calibration-3d-00,uniform_clutter,3,0,3,30000003,Dynamic-RRT,5000,2816.718720553153
calibration-3d-00,uniform_clutter,3,0,3,30000003,SC-RRT,100,nan
calibration-3d-00,uniform_clutter,3,0,3,30000003,SC-RRT,250,2550.7397677902522
calibration-3d-00,uniform_clutter,3,0,3,30000003,SC-RRT,500,2550.4598109556077
calibration-3d-00,uniform_clutter,3,0,3,30000003,SC-RRT,1000,2547.1625409037842
calibration-3d-00,uniform_clutter,3,0,3,30000003,SC-RRT,2000,2541.7038821002798
calibration-3d-00,uniform_clutter,3,0,3,30000003,SC-RRT,3000,2538.585636079449
calibration-3d-00,uniform_clutter,3,0,3,30000003,SC-RRT,4000,2538.585636079449
calibration-3d-00,uniform_clutter,3,0,3,30000003,SC-RRT,5000,2538.585636079449
calibration-3d-00,uniform_clutter,3,0,3,30000003,RRT,100,nan
calibration-3d-00,uniform_clutter,3,0,3,30000003,RRT,250,nan
calibration-3d-00,uniform_clutter,3,0,3,30000003,RRT,500,2959.025197391007
calibration-3d-00,uniform_clutter,3,0,3,30000003,RRT,1000,2959.025197391007
calibration-3d-00,uniform_clutter,3,0,3,30000003,RRT,2000,2959.025197391007
calibration-3d-00,uniform_clutter,3,0,3,30000003,RRT,3000,2959.025197391007
calibration-3d-00,uniform_clutter,3,0,3,30000003,RRT,4000,2959.025197391007
calibration-3d-00,uniform_clutter,3,0,3,30000003,RRT,5000,2959.025197391007
calibration-3d-00,uniform_clutter,3,0,3,30000003,RRT-Connect,100,nan
calibration-3d-00,uniform_clutter,3,0,3,30000003,RRT-Connect,250,2439.2927626861283
calibration-3d-00,uniform_clutter,3,0,3,30000003,RRT-Connect,500,2439.2927626861283
calibration-3d-00,uniform_clutter,3,0,3,30000003,RRT-Connect,1000,2439.2927626861283
calibration-3d-00,uniform_clutter,3,0,3,30000003,RRT-Connect,2000,2439.2927626861283
calibration-3d-00,uniform_clutter,3,0,3,30000003,RRT-Connect,3000,2439.2927626861283
calibration-3d-00,uniform_clutter,3,0,3,30000003,RRT-Connect,4000,2439.2927626861283
calibration-3d-00,uniform_clutter,3,0,3,30000003,RRT-Connect,5000,2439.2927626861283
calibration-3d-00,uniform_clutter,3,0,3,30000003,RRT*,100,nan
calibration-3d-00,uniform_clutter,3,0,3,30000003,RRT*,250,nan
calibration-3d-00,uniform_clutter,3,0,3,30000003,RRT*,500,2405.510269841037
calibration-3d-00,uniform_clutter,3,0,3,30000003,RRT*,1000,2401.861496103213
calibration-3d-00,uniform_clutter,3,0,3,30000003,RRT*,2000,2400.0824828354735
calibration-3d-00,uniform_clutter,3,0,3,30000003,RRT*,3000,2399.175944647922
calibration-3d-00,uniform_clutter,3,0,3,30000003,RRT*,4000,2399.175944647922
calibration-3d-00,uniform_clutter,3,0,3,30000003,RRT*,5000,2398.0129337452277
calibration-3d-00,uniform_clutter,3,0,4,30000004,Dynamic-RRT,100,nan
calibration-3d-00,uniform_clutter,3,0,4,30000004,Dynamic-RRT,250,nan
calibration-3d-00,uniform_clutter,3,0,4,30000004,Dynamic-RRT,500,2872.786902743845
calibration-3d-00,uniform_clutter,3,0,4,30000004,Dynamic-RRT,1000,2872.786902743845
calibration-3d-00,uniform_clutter,3,0,4,30000004,Dynamic-RRT,2000,2872.786902743845
calibration-3d-00,uniform_clutter,3,0,4,30000004,Dynamic-RRT,3000,2872.786902743845
calibration-3d-00,uniform_clutter,3,0,4,30000004,Dynamic-RRT,4000,2872.786902743845
calibration-3d-00,uniform_clutter,3,0,4,30000004,Dynamic-RRT,5000,2872.786902743845
calibration-3d-00,uniform_clutter,3,0,4,30000004,SC-RRT,100,nan
calibration-3d-00,uniform_clutter,3,0,4,30000004,SC-RRT,250,2524.8567923131045
calibration-3d-00,uniform_clutter,3,0,4,30000004,SC-RRT,500,2524.8567923131045
calibration-3d-00,uniform_clutter,3,0,4,30000004,SC-RRT,1000,2524.8567923131045
calibration-3d-00,uniform_clutter,3,0,4,30000004,SC-RRT,2000,2524.8567923131045
calibration-3d-00,uniform_clutter,3,0,4,30000004,SC-RRT,3000,2524.8567923131045
calibration-3d-00,uniform_clutter,3,0,4,30000004,SC-RRT,4000,2524.8567923131045
calibration-3d-00,uniform_clutter,3,0,4,30000004,SC-RRT,5000,2524.8567923131045
calibration-3d-00,uniform_clutter,3,0,4,30000004,RRT,100,nan
calibration-3d-00,uniform_clutter,3,0,4,30000004,RRT,250,nan
calibration-3d-00,uniform_clutter,3,0,4,30000004,RRT,500,2906.0267782130954
calibration-3d-00,uniform_clutter,3,0,4,30000004,RRT,1000,2906.0267782130954
calibration-3d-00,uniform_clutter,3,0,4,30000004,RRT,2000,2906.0267782130954
calibration-3d-00,uniform_clutter,3,0,4,30000004,RRT,3000,2906.0267782130954
calibration-3d-00,uniform_clutter,3,0,4,30000004,RRT,4000,2906.0267782130954
calibration-3d-00,uniform_clutter,3,0,4,30000004,RRT,5000,2906.0267782130954
calibration-3d-00,uniform_clutter,3,0,4,30000004,RRT-Connect,100,nan
calibration-3d-00,uniform_clutter,3,0,4,30000004,RRT-Connect,250,2478.9564287305516
calibration-3d-00,uniform_clutter,3,0,4,30000004,RRT-Connect,500,2478.9564287305516
calibration-3d-00,uniform_clutter,3,0,4,30000004,RRT-Connect,1000,2478.9564287305516
calibration-3d-00,uniform_clutter,3,0,4,30000004,RRT-Connect,2000,2478.9564287305516
calibration-3d-00,uniform_clutter,3,0,4,30000004,RRT-Connect,3000,2478.9564287305516
calibration-3d-00,uniform_clutter,3,0,4,30000004,RRT-Connect,4000,2478.9564287305516
calibration-3d-00,uniform_clutter,3,0,4,30000004,RRT-Connect,5000,2478.9564287305516
calibration-3d-00,uniform_clutter,3,0,4,30000004,RRT*,100,nan
calibration-3d-00,uniform_clutter,3,0,4,30000004,RRT*,250,nan
calibration-3d-00,uniform_clutter,3,0,4,30000004,RRT*,500,2425.1979738718273
calibration-3d-00,uniform_clutter,3,0,4,30000004,RRT*,1000,2403.422573022914
calibration-3d-00,uniform_clutter,3,0,4,30000004,RRT*,2000,2402.8984415744
calibration-3d-00,uniform_clutter,3,0,4,30000004,RRT*,3000,2401.3117790809447
calibration-3d-00,uniform_clutter,3,0,4,30000004,RRT*,4000,2401.3117790809447
calibration-3d-00,uniform_clutter,3,0,4,30000004,RRT*,5000,2399.739595284733
calibration-3d-00,uniform_clutter,3,0,4,30000004,Informed-RRT*,100,nan
calibration-3d-00,uniform_clutter,3,0,4,30000004,Informed-RRT*,250,nan
calibration-3d-00,uniform_clutter,3,0,4,30000004,Informed-RRT*,500,2408.684025139691
calibration-3d-00,uniform_clutter,3,0,4,30000004,Informed-RRT*,1000,2374.0547519389065
calibration-3d-00,uniform_clutter,3,0,4,30000004,Informed-RRT*,2000,2359.7484560335233
calibration-3d-00,uniform_clutter,3,0,4,30000004,Informed-RRT*,3000,2353.1284313039114
calibration-3d-00,uniform_clutter,3,0,4,30000004,Informed-RRT*,4000,2348.206007406193
calibration-3d-00,uniform_clutter,3,0,4,30000004,Informed-RRT*,5000,2347.0681810314904
calibration-3d-01,central_cluster,3,1,0,30010000,SC-RRT,100,nan
calibration-3d-01,central_cluster,3,1,0,30010000,SC-RRT,250,nan
calibration-3d-01,central_cluster,3,1,0,30010000,SC-RRT,500,2599.9946502469666
calibration-3d-01,central_cluster,3,1,0,30010000,SC-RRT,1000,2589.3192272847195
calibration-3d-01,central_cluster,3,1,0,30010000,SC-RRT,2000,2589.3192272847195
calibration-3d-01,central_cluster,3,1,0,30010000,SC-RRT,3000,2572.686603744467
calibration-3d-01,central_cluster,3,1,0,30010000,SC-RRT,4000,2572.686603744467
calibration-3d-01,central_cluster,3,1,0,30010000,SC-RRT,5000,2572.686603744467
calibration-3d-01,central_cluster,3,1,0,30010000,RRT,100,nan
calibration-3d-01,central_cluster,3,1,0,30010000,RRT,250,nan
calibration-3d-01,central_cluster,3,1,0,30010000,RRT,500,nan
calibration-3d-01,central_cluster,3,1,0,30010000,RRT,1000,3103.7445489587044
calibration-3d-01,central_cluster,3,1,0,30010000,RRT,2000,3103.7445489587044
calibration-3d-01,central_cluster,3,1,0,30010000,RRT,3000,3103.7445489587044
calibration-3d-01,central_cluster,3,1,0,30010000,RRT,4000,3103.7445489587044
calibration-3d-01,central_cluster,3,1,0,30010000,RRT,5000,3103.7445489587044
calibration-3d-01,central_cluster,3,1,0,30010000,RRT-Connect,100,nan
calibration-3d-01,central_cluster,3,1,0,30010000,RRT-Connect,250,nan
calibration-3d-01,central_cluster,3,1,0,30010000,RRT-Connect,500,2925.7914700789847
calibration-3d-01,central_cluster,3,1,0,30010000,RRT-Connect,1000,2747.039799455287
calibration-3d-01,central_cluster,3,1,0,30010000,RRT-Connect,2000,2747.039799455287
calibration-3d-01,central_cluster,3,1,0,30010000,RRT-Connect,3000,2747.039799455287
calibration-3d-01,central_cluster,3,1,0,30010000,RRT-Connect,4000,2747.039799455287
calibration-3d-01,central_cluster,3,1,0,30010000,RRT-Connect,5000,2747.039799455287
calibration-3d-01,central_cluster,3,1,0,30010000,RRT*,100,nan
calibration-3d-01,central_cluster,3,1,0,30010000,RRT*,250,nan
calibration-3d-01,central_cluster,3,1,0,30010000,RRT*,500,nan
calibration-3d-01,central_cluster,3,1,0,30010000,RRT*,1000,2601.588540194025
calibration-3d-01,central_cluster,3,1,0,30010000,RRT*,2000,2601.588540194025
calibration-3d-01,central_cluster,3,1,0,30010000,RRT*,3000,2592.2073190963893
calibration-3d-01,central_cluster,3,1,0,30010000,RRT*,4000,2587.682868798466
calibration-3d-01,central_cluster,3,1,0,30010000,RRT*,5000,2584.402244642758
calibration-3d-01,central_cluster,3,1,0,30010000,Informed-RRT*,100,nan
calibration-3d-01,central_cluster,3,1,0,30010000,Informed-RRT*,250,nan
calibration-3d-01,central_cluster,3,1,0,30010000,Informed-RRT*,500,nan
calibration-3d-01,central_cluster,3,1,0,30010000,Informed-RRT*,1000,2601.588540194025
calibration-3d-01,central_cluster,3,1,0,30010000,Informed-RRT*,2000,2599.2197051946414
calibration-3d-01,central_cluster,3,1,0,30010000,Informed-RRT*,3000,2491.606219596762
calibration-3d-01,central_cluster,3,1,0,30010000,Informed-RRT*,4000,2452.139802734799
calibration-3d-01,central_cluster,3,1,0,30010000,Informed-RRT*,5000,2439.59916069286
calibration-3d-01,central_cluster,3,1,0,30010000,Dynamic-RRT,100,nan
calibration-3d-01,central_cluster,3,1,0,30010000,Dynamic-RRT,250,nan
calibration-3d-01,central_cluster,3,1,0,30010000,Dynamic-RRT,500,nan
calibration-3d-01,central_cluster,3,1,0,30010000,Dynamic-RRT,1000,2988.6207923132556
calibration-3d-01,central_cluster,3,1,0,30010000,Dynamic-RRT,2000,2988.6207923132556
calibration-3d-01,central_cluster,3,1,0,30010000,Dynamic-RRT,3000,2988.6207923132556
calibration-3d-01,central_cluster,3,1,0,30010000,Dynamic-RRT,4000,2988.6207923132556
calibration-3d-01,central_cluster,3,1,0,30010000,Dynamic-RRT,5000,2988.6207923132556
calibration-3d-01,central_cluster,3,1,1,30010001,RRT,100,nan
calibration-3d-01,central_cluster,3,1,1,30010001,RRT,250,nan
calibration-3d-01,central_cluster,3,1,1,30010001,RRT,500,nan
calibration-3d-01,central_cluster,3,1,1,30010001,RRT,1000,3418.219124436824
calibration-3d-01,central_cluster,3,1,1,30010001,RRT,2000,3418.219124436824
calibration-3d-01,central_cluster,3,1,1,30010001,RRT,3000,3418.219124436824
calibration-3d-01,central_cluster,3,1,1,30010001,RRT,4000,3418.219124436824
calibration-3d-01,central_cluster,3,1,1,30010001,RRT,5000,3418.219124436824
calibration-3d-01,central_cluster,3,1,1,30010001,RRT-Connect,100,nan
calibration-3d-01,central_cluster,3,1,1,30010001,RRT-Connect,250,2567.872546395227
calibration-3d-01,central_cluster,3,1,1,30010001,RRT-Connect,500,2567.872546395227
calibration-3d-01,central_cluster,3,1,1,30010001,RRT-Connect,1000,2567.872546395227
calibration-3d-01,central_cluster,3,1,1,30010001,RRT-Connect,2000,2567.872546395227
calibration-3d-01,central_cluster,3,1,1,30010001,RRT-Connect,3000,2567.872546395227
calibration-3d-01,central_cluster,3,1,1,30010001,RRT-Connect,4000,2567.872546395227
calibration-3d-01,central_cluster,3,1,1,30010001,RRT-Connect,5000,2567.872546395227
calibration-3d-01,central_cluster,3,1,1,30010001,RRT*,100,nan
calibration-3d-01,central_cluster,3,1,1,30010001,RRT*,250,nan
calibration-3d-01,central_cluster,3,1,1,30010001,RRT*,500,nan
calibration-3d-01,central_cluster,3,1,1,30010001,RRT*,1000,2704.8717947496493
calibration-3d-01,central_cluster,3,1,1,30010001,RRT*,2000,2675.5858186698515
calibration-3d-01,central_cluster,3,1,1,30010001,RRT*,3000,2665.0339583315376
calibration-3d-01,central_cluster,3,1,1,30010001,RRT*,4000,2657.262391671416
calibration-3d-01,central_cluster,3,1,1,30010001,RRT*,5000,2548.1196622859593
calibration-3d-01,central_cluster,3,1,1,30010001,Informed-RRT*,100,nan
calibration-3d-01,central_cluster,3,1,1,30010001,Informed-RRT*,250,nan
calibration-3d-01,central_cluster,3,1,1,30010001,Informed-RRT*,500,nan
calibration-3d-01,central_cluster,3,1,1,30010001,Informed-RRT*,1000,2701.2744026912883
calibration-3d-01,central_cluster,3,1,1,30010001,Informed-RRT*,2000,2689.5468668057833
calibration-3d-01,central_cluster,3,1,1,30010001,Informed-RRT*,3000,2681.307510072557
calibration-3d-01,central_cluster,3,1,1,30010001,Informed-RRT*,4000,2640.2382754530895
calibration-3d-01,central_cluster,3,1,1,30010001,Informed-RRT*,5000,2569.8316297832803
calibration-3d-01,central_cluster,3,1,1,30010001,Dynamic-RRT,100,nan
calibration-3d-01,central_cluster,3,1,1,30010001,Dynamic-RRT,250,nan
calibration-3d-01,central_cluster,3,1,1,30010001,Dynamic-RRT,500,3016.000365110029
calibration-3d-01,central_cluster,3,1,1,30010001,Dynamic-RRT,1000,3016.000365110029
calibration-3d-01,central_cluster,3,1,1,30010001,Dynamic-RRT,2000,3016.000365110029
calibration-3d-01,central_cluster,3,1,1,30010001,Dynamic-RRT,3000,3016.000365110029
calibration-3d-01,central_cluster,3,1,1,30010001,Dynamic-RRT,4000,3016.000365110029
calibration-3d-01,central_cluster,3,1,1,30010001,Dynamic-RRT,5000,3016.000365110029
calibration-3d-01,central_cluster,3,1,1,30010001,SC-RRT,100,nan
calibration-3d-01,central_cluster,3,1,1,30010001,SC-RRT,250,nan
calibration-3d-01,central_cluster,3,1,1,30010001,SC-RRT,500,2894.7322684042674
calibration-3d-01,central_cluster,3,1,1,30010001,SC-RRT,1000,2891.4147680456604
calibration-3d-01,central_cluster,3,1,1,30010001,SC-RRT,2000,2884.8315247452147
calibration-3d-01,central_cluster,3,1,1,30010001,SC-RRT,3000,2878.666524939972
calibration-3d-01,central_cluster,3,1,1,30010001,SC-RRT,4000,2870.418951962469
calibration-3d-01,central_cluster,3,1,1,30010001,SC-RRT,5000,2866.8400943347224
calibration-3d-01,central_cluster,3,1,2,30010002,RRT-Connect,100,nan
calibration-3d-01,central_cluster,3,1,2,30010002,RRT-Connect,250,nan
calibration-3d-01,central_cluster,3,1,2,30010002,RRT-Connect,500,2643.4774991374366
calibration-3d-01,central_cluster,3,1,2,30010002,RRT-Connect,1000,2633.134192743355
calibration-3d-01,central_cluster,3,1,2,30010002,RRT-Connect,2000,2633.134192743355
calibration-3d-01,central_cluster,3,1,2,30010002,RRT-Connect,3000,2633.134192743355
calibration-3d-01,central_cluster,3,1,2,30010002,RRT-Connect,4000,2633.134192743355
calibration-3d-01,central_cluster,3,1,2,30010002,RRT-Connect,5000,2633.134192743355
calibration-3d-01,central_cluster,3,1,2,30010002,RRT*,100,nan
calibration-3d-01,central_cluster,3,1,2,30010002,RRT*,250,nan
calibration-3d-01,central_cluster,3,1,2,30010002,RRT*,500,nan
calibration-3d-01,central_cluster,3,1,2,30010002,RRT*,1000,2504.1145341525394
calibration-3d-01,central_cluster,3,1,2,30010002,RRT*,2000,2488.742411118772
calibration-3d-01,central_cluster,3,1,2,30010002,RRT*,3000,2488.742411118772
calibration-3d-01,central_cluster,3,1,2,30010002,RRT*,4000,2460.019499252855
calibration-3d-01,central_cluster,3,1,2,30010002,RRT*,5000,2459.289363762622
calibration-3d-01,central_cluster,3,1,2,30010002,Informed-RRT*,100,nan
calibration-3d-01,central_cluster,3,1,2,30010002,Informed-RRT*,250,nan
calibration-3d-01,central_cluster,3,1,2,30010002,Informed-RRT*,500,nan
calibration-3d-01,central_cluster,3,1,2,30010002,Informed-RRT*,1000,2539.0056478714964
calibration-3d-01,central_cluster,3,1,2,30010002,Informed-RRT*,2000,2485.675914240026
calibration-3d-01,central_cluster,3,1,2,30010002,Informed-RRT*,3000,2471.8874046677242
calibration-3d-01,central_cluster,3,1,2,30010002,Informed-RRT*,4000,2429.9625856220428
calibration-3d-01,central_cluster,3,1,2,30010002,Informed-RRT*,5000,2386.993707916851
calibration-3d-01,central_cluster,3,1,2,30010002,Dynamic-RRT,100,nan
calibration-3d-01,central_cluster,3,1,2,30010002,Dynamic-RRT,250,nan
calibration-3d-01,central_cluster,3,1,2,30010002,Dynamic-RRT,500,3169.524464971875
calibration-3d-01,central_cluster,3,1,2,30010002,Dynamic-RRT,1000,3169.524464971875
calibration-3d-01,central_cluster,3,1,2,30010002,Dynamic-RRT,2000,3169.524464971875
calibration-3d-01,central_cluster,3,1,2,30010002,Dynamic-RRT,3000,3169.524464971875
calibration-3d-01,central_cluster,3,1,2,30010002,Dynamic-RRT,4000,3169.524464971875
calibration-3d-01,central_cluster,3,1,2,30010002,Dynamic-RRT,5000,3169.524464971875
calibration-3d-01,central_cluster,3,1,2,30010002,SC-RRT,100,nan
calibration-3d-01,central_cluster,3,1,2,30010002,SC-RRT,250,nan
calibration-3d-01,central_cluster,3,1,2,30010002,SC-RRT,500,2904.297917262739
calibration-3d-01,central_cluster,3,1,2,30010002,SC-RRT,1000,2760.0590775118903
calibration-3d-01,central_cluster,3,1,2,30010002,SC-RRT,2000,2692.310146708449
calibration-3d-01,central_cluster,3,1,2,30010002,SC-RRT,3000,2692.310146708449
calibration-3d-01,central_cluster,3,1,2,30010002,SC-RRT,4000,2690.835594398444
calibration-3d-01,central_cluster,3,1,2,30010002,SC-RRT,5000,2663.9318557164447
calibration-3d-01,central_cluster,3,1,2,30010002,RRT,100,nan
calibration-3d-01,central_cluster,3,1,2,30010002,RRT,250,nan
calibration-3d-01,central_cluster,3,1,2,30010002,RRT,500,nan
calibration-3d-01,central_cluster,3,1,2,30010002,RRT,1000,3093.7507398578678
calibration-3d-01,central_cluster,3,1,2,30010002,RRT,2000,3093.7507398578678
calibration-3d-01,central_cluster,3,1,2,30010002,RRT,3000,3093.7507398578678
calibration-3d-01,central_cluster,3,1,2,30010002,RRT,4000,3093.7507398578678
calibration-3d-01,central_cluster,3,1,2,30010002,RRT,5000,3093.7507398578678
calibration-3d-01,central_cluster,3,1,3,30010003,RRT*,100,nan
calibration-3d-01,central_cluster,3,1,3,30010003,RRT*,250,nan
calibration-3d-01,central_cluster,3,1,3,30010003,RRT*,500,nan
calibration-3d-01,central_cluster,3,1,3,30010003,RRT*,1000,2527.0275148009646
calibration-3d-01,central_cluster,3,1,3,30010003,RRT*,2000,2515.015564432813
calibration-3d-01,central_cluster,3,1,3,30010003,RRT*,3000,2495.3783179771403
calibration-3d-01,central_cluster,3,1,3,30010003,RRT*,4000,2495.3783179771403
calibration-3d-01,central_cluster,3,1,3,30010003,RRT*,5000,2495.3783179771403
calibration-3d-01,central_cluster,3,1,3,30010003,Informed-RRT*,100,nan
calibration-3d-01,central_cluster,3,1,3,30010003,Informed-RRT*,250,nan
calibration-3d-01,central_cluster,3,1,3,30010003,Informed-RRT*,500,nan
calibration-3d-01,central_cluster,3,1,3,30010003,Informed-RRT*,1000,2519.3792263554346
calibration-3d-01,central_cluster,3,1,3,30010003,Informed-RRT*,2000,2501.909630110396
calibration-3d-01,central_cluster,3,1,3,30010003,Informed-RRT*,3000,2474.8956266955784
calibration-3d-01,central_cluster,3,1,3,30010003,Informed-RRT*,4000,2418.238596978602
calibration-3d-01,central_cluster,3,1,3,30010003,Informed-RRT*,5000,2383.926041263845
calibration-3d-01,central_cluster,3,1,3,30010003,Dynamic-RRT,100,nan
calibration-3d-01,central_cluster,3,1,3,30010003,Dynamic-RRT,250,nan
calibration-3d-01,central_cluster,3,1,3,30010003,Dynamic-RRT,500,nan
calibration-3d-01,central_cluster,3,1,3,30010003,Dynamic-RRT,1000,2876.557528313766
calibration-3d-01,central_cluster,3,1,3,30010003,Dynamic-RRT,2000,2876.557528313766
calibration-3d-01,central_cluster,3,1,3,30010003,Dynamic-RRT,3000,2876.557528313766
calibration-3d-01,central_cluster,3,1,3,30010003,Dynamic-RRT,4000,2876.557528313766
calibration-3d-01,central_cluster,3,1,3,30010003,Dynamic-RRT,5000,2876.557528313766
calibration-3d-01,central_cluster,3,1,3,30010003,SC-RRT,100,nan
calibration-3d-01,central_cluster,3,1,3,30010003,SC-RRT,250,nan
calibration-3d-01,central_cluster,3,1,3,30010003,SC-RRT,500,2623.5451635229765
calibration-3d-01,central_cluster,3,1,3,30010003,SC-RRT,1000,2623.5451635229765
calibration-3d-01,central_cluster,3,1,3,30010003,SC-RRT,2000,2620.107853860931
calibration-3d-01,central_cluster,3,1,3,30010003,SC-RRT,3000,2595.07959770022
calibration-3d-01,central_cluster,3,1,3,30010003,SC-RRT,4000,2595.07959770022
calibration-3d-01,central_cluster,3,1,3,30010003,SC-RRT,5000,2584.129625197824
calibration-3d-01,central_cluster,3,1,3,30010003,RRT,100,nan
calibration-3d-01,central_cluster,3,1,3,30010003,RRT,250,nan
calibration-3d-01,central_cluster,3,1,3,30010003,RRT,500,nan
calibration-3d-01,central_cluster,3,1,3,30010003,RRT,1000,2952.736278763208
calibration-3d-01,central_cluster,3,1,3,30010003,RRT,2000,2952.736278763208
calibration-3d-01,central_cluster,3,1,3,30010003,RRT,3000,2952.736278763208
calibration-3d-01,central_cluster,3,1,3,30010003,RRT,4000,2952.736278763208
calibration-3d-01,central_cluster,3,1,3,30010003,RRT,5000,2952.736278763208
calibration-3d-01,central_cluster,3,1,3,30010003,RRT-Connect,100,nan
calibration-3d-01,central_cluster,3,1,3,30010003,RRT-Connect,250,2534.2215159548987
calibration-3d-01,central_cluster,3,1,3,30010003,RRT-Connect,500,2534.2215159548987
calibration-3d-01,central_cluster,3,1,3,30010003,RRT-Connect,1000,2534.2215159548987
calibration-3d-01,central_cluster,3,1,3,30010003,RRT-Connect,2000,2534.2215159548987
calibration-3d-01,central_cluster,3,1,3,30010003,RRT-Connect,3000,2534.2215159548987
calibration-3d-01,central_cluster,3,1,3,30010003,RRT-Connect,4000,2534.2215159548987
calibration-3d-01,central_cluster,3,1,3,30010003,RRT-Connect,5000,2534.2215159548987
calibration-3d-01,central_cluster,3,1,4,30010004,Informed-RRT*,100,nan
calibration-3d-01,central_cluster,3,1,4,30010004,Informed-RRT*,250,nan
calibration-3d-01,central_cluster,3,1,4,30010004,Informed-RRT*,500,nan
calibration-3d-01,central_cluster,3,1,4,30010004,Informed-RRT*,1000,2592.1176637751005
calibration-3d-01,central_cluster,3,1,4,30010004,Informed-RRT*,2000,2590.6991757151704
calibration-3d-01,central_cluster,3,1,4,30010004,Informed-RRT*,3000,2506.2377733682356
calibration-3d-01,central_cluster,3,1,4,30010004,Informed-RRT*,4000,2494.6640973400954
calibration-3d-01,central_cluster,3,1,4,30010004,Informed-RRT*,5000,2465.6753196764485
calibration-3d-01,central_cluster,3,1,4,30010004,Dynamic-RRT,100,nan
calibration-3d-01,central_cluster,3,1,4,30010004,Dynamic-RRT,250,nan
calibration-3d-01,central_cluster,3,1,4,30010004,Dynamic-RRT,500,2895.423486151587
calibration-3d-01,central_cluster,3,1,4,30010004,Dynamic-RRT,1000,2895.423486151587
calibration-3d-01,central_cluster,3,1,4,30010004,Dynamic-RRT,2000,2895.423486151587
calibration-3d-01,central_cluster,3,1,4,30010004,Dynamic-RRT,3000,2895.423486151587
calibration-3d-01,central_cluster,3,1,4,30010004,Dynamic-RRT,4000,2895.423486151587
calibration-3d-01,central_cluster,3,1,4,30010004,Dynamic-RRT,5000,2895.423486151587
calibration-3d-01,central_cluster,3,1,4,30010004,SC-RRT,100,nan
calibration-3d-01,central_cluster,3,1,4,30010004,SC-RRT,250,nan
calibration-3d-01,central_cluster,3,1,4,30010004,SC-RRT,500,2901.733183679912
calibration-3d-01,central_cluster,3,1,4,30010004,SC-RRT,1000,2809.7485911251442
calibration-3d-01,central_cluster,3,1,4,30010004,SC-RRT,2000,2751.8364601673184
calibration-3d-01,central_cluster,3,1,4,30010004,SC-RRT,3000,2750.6858421557217
calibration-3d-01,central_cluster,3,1,4,30010004,SC-RRT,4000,2750.6858421557217
calibration-3d-01,central_cluster,3,1,4,30010004,SC-RRT,5000,2742.726799736751
calibration-3d-01,central_cluster,3,1,4,30010004,RRT,100,nan
calibration-3d-01,central_cluster,3,1,4,30010004,RRT,250,nan
calibration-3d-01,central_cluster,3,1,4,30010004,RRT,500,nan
calibration-3d-01,central_cluster,3,1,4,30010004,RRT,1000,3208.726479236976
calibration-3d-01,central_cluster,3,1,4,30010004,RRT,2000,3208.726479236976
calibration-3d-01,central_cluster,3,1,4,30010004,RRT,3000,3208.726479236976
calibration-3d-01,central_cluster,3,1,4,30010004,RRT,4000,3208.726479236976
calibration-3d-01,central_cluster,3,1,4,30010004,RRT,5000,3208.726479236976
calibration-3d-01,central_cluster,3,1,4,30010004,RRT-Connect,100,nan
calibration-3d-01,central_cluster,3,1,4,30010004,RRT-Connect,250,nan
calibration-3d-01,central_cluster,3,1,4,30010004,RRT-Connect,500,nan
calibration-3d-01,central_cluster,3,1,4,30010004,RRT-Connect,1000,2934.869595806992
calibration-3d-01,central_cluster,3,1,4,30010004,RRT-Connect,2000,2934.869595806992
calibration-3d-01,central_cluster,3,1,4,30010004,RRT-Connect,3000,2809.1542320956614
calibration-3d-01,central_cluster,3,1,4,30010004,RRT-Connect,4000,2809.1542320956614
calibration-3d-01,central_cluster,3,1,4,30010004,RRT-Connect,5000,2809.1542320956614
calibration-3d-01,central_cluster,3,1,4,30010004,RRT*,100,nan
calibration-3d-01,central_cluster,3,1,4,30010004,RRT*,250,nan
calibration-3d-01,central_cluster,3,1,4,30010004,RRT*,500,nan
calibration-3d-01,central_cluster,3,1,4,30010004,RRT*,1000,2592.1176637751005
calibration-3d-01,central_cluster,3,1,4,30010004,RRT*,2000,2590.3183910255593
calibration-3d-01,central_cluster,3,1,4,30010004,RRT*,3000,2555.663983686679
calibration-3d-01,central_cluster,3,1,4,30010004,RRT*,4000,2528.0621412379537
calibration-3d-01,central_cluster,3,1,4,30010004,RRT*,5000,2499.1604177341096
calibration-3d-02,slab_clutter,3,2,0,30020000,Dynamic-RRT,100,nan
calibration-3d-02,slab_clutter,3,2,0,30020000,Dynamic-RRT,250,nan
calibration-3d-02,slab_clutter,3,2,0,30020000,Dynamic-RRT,500,2912.8491321982806
calibration-3d-02,slab_clutter,3,2,0,30020000,Dynamic-RRT,1000,2912.8491321982806
calibration-3d-02,slab_clutter,3,2,0,30020000,Dynamic-RRT,2000,2912.8491321982806
calibration-3d-02,slab_clutter,3,2,0,30020000,Dynamic-RRT,3000,2912.8491321982806
calibration-3d-02,slab_clutter,3,2,0,30020000,Dynamic-RRT,4000,2912.8491321982806
calibration-3d-02,slab_clutter,3,2,0,30020000,Dynamic-RRT,5000,2912.8491321982806
calibration-3d-02,slab_clutter,3,2,0,30020000,SC-RRT,100,nan
calibration-3d-02,slab_clutter,3,2,0,30020000,SC-RRT,250,2539.940062113198
calibration-3d-02,slab_clutter,3,2,0,30020000,SC-RRT,500,2539.940062113198
calibration-3d-02,slab_clutter,3,2,0,30020000,SC-RRT,1000,2522.257460460864
calibration-3d-02,slab_clutter,3,2,0,30020000,SC-RRT,2000,2519.453909626133
calibration-3d-02,slab_clutter,3,2,0,30020000,SC-RRT,3000,2517.8297559104753
calibration-3d-02,slab_clutter,3,2,0,30020000,SC-RRT,4000,2517.8297559104753
calibration-3d-02,slab_clutter,3,2,0,30020000,SC-RRT,5000,2503.5180120414802
calibration-3d-02,slab_clutter,3,2,0,30020000,RRT,100,nan
calibration-3d-02,slab_clutter,3,2,0,30020000,RRT,250,nan
calibration-3d-02,slab_clutter,3,2,0,30020000,RRT,500,nan
calibration-3d-02,slab_clutter,3,2,0,30020000,RRT,1000,3096.073367349482
calibration-3d-02,slab_clutter,3,2,0,30020000,RRT,2000,3096.073367349482
calibration-3d-02,slab_clutter,3,2,0,30020000,RRT,3000,3096.073367349482
calibration-3d-02,slab_clutter,3,2,0,30020000,RRT,4000,3096.073367349482
calibration-3d-02,slab_clutter,3,2,0,30020000,RRT,5000,3096.073367349482
calibration-3d-02,slab_clutter,3,2,0,30020000,RRT-Connect,100,nan
calibration-3d-02,slab_clutter,3,2,0,30020000,RRT-Connect,250,2506.516035536667
calibration-3d-02,slab_clutter,3,2,0,30020000,RRT-Connect,500,2506.516035536667
calibration-3d-02,slab_clutter,3,2,0,30020000,RRT-Connect,1000,2506.516035536667
calibration-3d-02,slab_clutter,3,2,0,30020000,RRT-Connect,2000,2506.516035536667
calibration-3d-02,slab_clutter,3,2,0,30020000,RRT-Connect,3000,2506.516035536667
calibration-3d-02,slab_clutter,3,2,0,30020000,RRT-Connect,4000,2506.516035536667
calibration-3d-02,slab_clutter,3,2,0,30020000,RRT-Connect,5000,2506.516035536667
calibration-3d-02,slab_clutter,3,2,0,30020000,RRT*,100,nan
calibration-3d-02,slab_clutter,3,2,0,30020000,RRT*,250,nan
calibration-3d-02,slab_clutter,3,2,0,30020000,RRT*,500,nan
calibration-3d-02,slab_clutter,3,2,0,30020000,RRT*,1000,2522.474349154544
calibration-3d-02,slab_clutter,3,2,0,30020000,RRT*,2000,2476.248549221173
calibration-3d-02,slab_clutter,3,2,0,30020000,RRT*,3000,2462.3975166036894
calibration-3d-02,slab_clutter,3,2,0,30020000,RRT*,4000,2460.518966066894
calibration-3d-02,slab_clutter,3,2,0,30020000,RRT*,5000,2447.2403693104375
calibration-3d-02,slab_clutter,3,2,0,30020000,Informed-RRT*,100,nan
calibration-3d-02,slab_clutter,3,2,0,30020000,Informed-RRT*,250,nan
calibration-3d-02,slab_clutter,3,2,0,30020000,Informed-RRT*,500,nan
calibration-3d-02,slab_clutter,3,2,0,30020000,Informed-RRT*,1000,2516.419733786887
calibration-3d-02,slab_clutter,3,2,0,30020000,Informed-RRT*,2000,2463.5156709136054
calibration-3d-02,slab_clutter,3,2,0,30020000,Informed-RRT*,3000,2416.3989125437106
calibration-3d-02,slab_clutter,3,2,0,30020000,Informed-RRT*,4000,2400.6045784507255
calibration-3d-02,slab_clutter,3,2,0,30020000,Informed-RRT*,5000,2375.0347719003985
calibration-3d-02,slab_clutter,3,2,1,30020001,SC-RRT,100,nan
calibration-3d-02,slab_clutter,3,2,1,30020001,SC-RRT,250,2606.972268307532
calibration-3d-02,slab_clutter,3,2,1,30020001,SC-RRT,500,2588.9171045196163
calibration-3d-02,slab_clutter,3,2,1,30020001,SC-RRT,1000,2583.2458591692694
calibration-3d-02,slab_clutter,3,2,1,30020001,SC-RRT,2000,2573.984500174395
calibration-3d-02,slab_clutter,3,2,1,30020001,SC-RRT,3000,2573.3506842958714
calibration-3d-02,slab_clutter,3,2,1,30020001,SC-RRT,4000,2573.3506842958714
calibration-3d-02,slab_clutter,3,2,1,30020001,SC-RRT,5000,2573.3506842958714
calibration-3d-02,slab_clutter,3,2,1,30020001,RRT,100,nan
calibration-3d-02,slab_clutter,3,2,1,30020001,RRT,250,nan
calibration-3d-02,slab_clutter,3,2,1,30020001,RRT,500,nan
calibration-3d-02,slab_clutter,3,2,1,30020001,RRT,1000,3188.891374311255
calibration-3d-02,slab_clutter,3,2,1,30020001,RRT,2000,3188.891374311255
calibration-3d-02,slab_clutter,3,2,1,30020001,RRT,3000,3188.891374311255
calibration-3d-02,slab_clutter,3,2,1,30020001,RRT,4000,3188.891374311255
calibration-3d-02,slab_clutter,3,2,1,30020001,RRT,5000,3188.891374311255
calibration-3d-02,slab_clutter,3,2,1,30020001,RRT-Connect,100,nan
calibration-3d-02,slab_clutter,3,2,1,30020001,RRT-Connect,250,2727.353214691532
calibration-3d-02,slab_clutter,3,2,1,30020001,RRT-Connect,500,2622.3987155086916
calibration-3d-02,slab_clutter,3,2,1,30020001,RRT-Connect,1000,2622.3987155086916
calibration-3d-02,slab_clutter,3,2,1,30020001,RRT-Connect,2000,2622.3987155086916
calibration-3d-02,slab_clutter,3,2,1,30020001,RRT-Connect,3000,2622.3987155086916
calibration-3d-02,slab_clutter,3,2,1,30020001,RRT-Connect,4000,2622.3987155086916
calibration-3d-02,slab_clutter,3,2,1,30020001,RRT-Connect,5000,2622.3987155086916
calibration-3d-02,slab_clutter,3,2,1,30020001,RRT*,100,nan
calibration-3d-02,slab_clutter,3,2,1,30020001,RRT*,250,nan
calibration-3d-02,slab_clutter,3,2,1,30020001,RRT*,500,nan
calibration-3d-02,slab_clutter,3,2,1,30020001,RRT*,1000,2561.1926178407107
calibration-3d-02,slab_clutter,3,2,1,30020001,RRT*,2000,2533.7050747747003
calibration-3d-02,slab_clutter,3,2,1,30020001,RRT*,3000,2528.7092441157783
calibration-3d-02,slab_clutter,3,2,1,30020001,RRT*,4000,2528.7092441157783
calibration-3d-02,slab_clutter,3,2,1,30020001,RRT*,5000,2528.7092441157783
calibration-3d-02,slab_clutter,3,2,1,30020001,Informed-RRT*,100,nan
calibration-3d-02,slab_clutter,3,2,1,30020001,Informed-RRT*,250,nan
calibration-3d-02,slab_clutter,3,2,1,30020001,Informed-RRT*,500,nan
calibration-3d-02,slab_clutter,3,2,1,30020001,Informed-RRT*,1000,2539.7052044396387
calibration-3d-02,slab_clutter,3,2,1,30020001,Informed-RRT*,2000,2525.2138970702244
calibration-3d-02,slab_clutter,3,2,1,30020001,Informed-RRT*,3000,2524.022152456778
calibration-3d-02,slab_clutter,3,2,1,30020001,Informed-RRT*,4000,2472.917563496635
calibration-3d-02,slab_clutter,3,2,1,30020001,Informed-RRT*,5000,2411.7370586580005
calibration-3d-02,slab_clutter,3,2,1,30020001,Dynamic-RRT,100,nan
calibration-3d-02,slab_clutter,3,2,1,30020001,Dynamic-RRT,250,nan
calibration-3d-02,slab_clutter,3,2,1,30020001,Dynamic-RRT,500,2834.3828425861093
calibration-3d-02,slab_clutter,3,2,1,30020001,Dynamic-RRT,1000,2834.3828425861093
calibration-3d-02,slab_clutter,3,2,1,30020001,Dynamic-RRT,2000,2834.3828425861093
calibration-3d-02,slab_clutter,3,2,1,30020001,Dynamic-RRT,3000,2834.3828425861093
calibration-3d-02,slab_clutter,3,2,1,30020001,Dynamic-RRT,4000,2834.3828425861093
calibration-3d-02,slab_clutter,3,2,1,30020001,Dynamic-RRT,5000,2834.3828425861093
calibration-3d-02,slab_clutter,3,2,2,30020002,RRT,100,nan
calibration-3d-02,slab_clutter,3,2,2,30020002,RRT,250,nan
calibration-3d-02,slab_clutter,3,2,2,30020002,RRT,500,nan
calibration-3d-02,slab_clutter,3,2,2,30020002,RRT,1000,3119.3456060746166
calibration-3d-02,slab_clutter,3,2,2,30020002,RRT,2000,3119.3456060746166
calibration-3d-02,slab_clutter,3,2,2,30020002,RRT,3000,3119.3456060746166
calibration-3d-02,slab_clutter,3,2,2,30020002,RRT,4000,3119.3456060746166
calibration-3d-02,slab_clutter,3,2,2,30020002,RRT,5000,3119.3456060746166
calibration-3d-02,slab_clutter,3,2,2,30020002,RRT-Connect,100,nan
calibration-3d-02,slab_clutter,3,2,2,30020002,RRT-Connect,250,2552.5510889525463
calibration-3d-02,slab_clutter,3,2,2,30020002,RRT-Connect,500,2552.5510889525463
calibration-3d-02,slab_clutter,3,2,2,30020002,RRT-Connect,1000,2552.5510889525463
calibration-3d-02,slab_clutter,3,2,2,30020002,RRT-Connect,2000,2552.5510889525463
calibration-3d-02,slab_clutter,3,2,2,30020002,RRT-Connect,3000,2552.5510889525463
calibration-3d-02,slab_clutter,3,2,2,30020002,RRT-Connect,4000,2552.5510889525463
calibration-3d-02,slab_clutter,3,2,2,30020002,RRT-Connect,5000,2552.5510889525463
calibration-3d-02,slab_clutter,3,2,2,30020002,RRT*,100,nan
calibration-3d-02,slab_clutter,3,2,2,30020002,RRT*,250,nan
calibration-3d-02,slab_clutter,3,2,2,30020002,RRT*,500,nan
calibration-3d-02,slab_clutter,3,2,2,30020002,RRT*,1000,2499.2049549890544
calibration-3d-02,slab_clutter,3,2,2,30020002,RRT*,2000,2499.2049549890544
calibration-3d-02,slab_clutter,3,2,2,30020002,RRT*,3000,2497.5451300382156
calibration-3d-02,slab_clutter,3,2,2,30020002,RRT*,4000,2497.5451300382156
calibration-3d-02,slab_clutter,3,2,2,30020002,RRT*,5000,2492.8570176834705
calibration-3d-02,slab_clutter,3,2,2,30020002,Informed-RRT*,100,nan
calibration-3d-02,slab_clutter,3,2,2,30020002,Informed-RRT*,250,nan
calibration-3d-02,slab_clutter,3,2,2,30020002,Informed-RRT*,500,nan
calibration-3d-02,slab_clutter,3,2,2,30020002,Informed-RRT*,1000,2487.326584921369
calibration-3d-02,slab_clutter,3,2,2,30020002,Informed-RRT*,2000,2460.5970770249
calibration-3d-02,slab_clutter,3,2,2,30020002,Informed-RRT*,3000,2425.5265990129237
calibration-3d-02,slab_clutter,3,2,2,30020002,Informed-RRT*,4000,2392.658864270144
calibration-3d-02,slab_clutter,3,2,2,30020002,Informed-RRT*,5000,2373.5375996907815
calibration-3d-02,slab_clutter,3,2,2,30020002,Dynamic-RRT,100,nan
calibration-3d-02,slab_clutter,3,2,2,30020002,Dynamic-RRT,250,nan
calibration-3d-02,slab_clutter,3,2,2,30020002,Dynamic-RRT,500,2957.0470009351548
calibration-3d-02,slab_clutter,3,2,2,30020002,Dynamic-RRT,1000,2957.0470009351548
calibration-3d-02,slab_clutter,3,2,2,30020002,Dynamic-RRT,2000,2957.0470009351548
calibration-3d-02,slab_clutter,3,2,2,30020002,Dynamic-RRT,3000,2957.0470009351548
calibration-3d-02,slab_clutter,3,2,2,30020002,Dynamic-RRT,4000,2957.0470009351548
calibration-3d-02,slab_clutter,3,2,2,30020002,Dynamic-RRT,5000,2957.0470009351548
calibration-3d-02,slab_clutter,3,2,2,30020002,SC-RRT,100,nan
calibration-3d-02,slab_clutter,3,2,2,30020002,SC-RRT,250,2550.2267928911288
calibration-3d-02,slab_clutter,3,2,2,30020002,SC-RRT,500,2543.8142229064983
calibration-3d-02,slab_clutter,3,2,2,30020002,SC-RRT,1000,2534.075064212388
calibration-3d-02,slab_clutter,3,2,2,30020002,SC-RRT,2000,2530.320946259341
calibration-3d-02,slab_clutter,3,2,2,30020002,SC-RRT,3000,2529.3208782923316
calibration-3d-02,slab_clutter,3,2,2,30020002,SC-RRT,4000,2529.3208782923316
calibration-3d-02,slab_clutter,3,2,2,30020002,SC-RRT,5000,2529.3208782923316
calibration-3d-02,slab_clutter,3,2,3,30020003,RRT-Connect,100,nan
calibration-3d-02,slab_clutter,3,2,3,30020003,RRT-Connect,250,2606.304529014008
calibration-3d-02,slab_clutter,3,2,3,30020003,RRT-Connect,500,2605.011570501545
calibration-3d-02,slab_clutter,3,2,3,30020003,RRT-Connect,1000,2605.011570501545
calibration-3d-02,slab_clutter,3,2,3,30020003,RRT-Connect,2000,2605.011570501545
calibration-3d-02,slab_clutter,3,2,3,30020003,RRT-Connect,3000,2605.011570501545
calibration-3d-02,slab_clutter,3,2,3,30020003,RRT-Connect,4000,2605.011570501545
calibration-3d-02,slab_clutter,3,2,3,30020003,RRT-Connect,5000,2605.011570501545
calibration-3d-02,slab_clutter,3,2,3,30020003,RRT*,100,nan
calibration-3d-02,slab_clutter,3,2,3,30020003,RRT*,250,nan
calibration-3d-02,slab_clutter,3,2,3,30020003,RRT*,500,nan
calibration-3d-02,slab_clutter,3,2,3,30020003,RRT*,1000,2523.989009309026
calibration-3d-02,slab_clutter,3,2,3,30020003,RRT*,2000,2518.1897864597177
calibration-3d-02,slab_clutter,3,2,3,30020003,RRT*,3000,2518.1897864597177
calibration-3d-02,slab_clutter,3,2,3,30020003,RRT*,4000,2515.337724372339
calibration-3d-02,slab_clutter,3,2,3,30020003,RRT*,5000,2504.2372629474635
calibration-3d-02,slab_clutter,3,2,3,30020003,Informed-RRT*,100,nan
calibration-3d-02,slab_clutter,3,2,3,30020003,Informed-RRT*,250,nan
calibration-3d-02,slab_clutter,3,2,3,30020003,Informed-RRT*,500,nan
calibration-3d-02,slab_clutter,3,2,3,30020003,Informed-RRT*,1000,2524.073214633668
calibration-3d-02,slab_clutter,3,2,3,30020003,Informed-RRT*,2000,2509.4750379605493
calibration-3d-02,slab_clutter,3,2,3,30020003,Informed-RRT*,3000,2464.0380761707024
calibration-3d-02,slab_clutter,3,2,3,30020003,Informed-RRT*,4000,2430.3392730475575
calibration-3d-02,slab_clutter,3,2,3,30020003,Informed-RRT*,5000,2407.504006825859
calibration-3d-02,slab_clutter,3,2,3,30020003,Dynamic-RRT,100,nan
calibration-3d-02,slab_clutter,3,2,3,30020003,Dynamic-RRT,250,nan
calibration-3d-02,slab_clutter,3,2,3,30020003,Dynamic-RRT,500,2765.033506199427
calibration-3d-02,slab_clutter,3,2,3,30020003,Dynamic-RRT,1000,2765.033506199427
calibration-3d-02,slab_clutter,3,2,3,30020003,Dynamic-RRT,2000,2765.033506199427
calibration-3d-02,slab_clutter,3,2,3,30020003,Dynamic-RRT,3000,2765.033506199427
calibration-3d-02,slab_clutter,3,2,3,30020003,Dynamic-RRT,4000,2765.033506199427
calibration-3d-02,slab_clutter,3,2,3,30020003,Dynamic-RRT,5000,2765.033506199427
calibration-3d-02,slab_clutter,3,2,3,30020003,SC-RRT,100,nan
calibration-3d-02,slab_clutter,3,2,3,30020003,SC-RRT,250,2587.313289573434
calibration-3d-02,slab_clutter,3,2,3,30020003,SC-RRT,500,2587.313289573434
calibration-3d-02,slab_clutter,3,2,3,30020003,SC-RRT,1000,2587.313289573434
calibration-3d-02,slab_clutter,3,2,3,30020003,SC-RRT,2000,2580.6492062113625
calibration-3d-02,slab_clutter,3,2,3,30020003,SC-RRT,3000,2579.758152480126
calibration-3d-02,slab_clutter,3,2,3,30020003,SC-RRT,4000,2579.758152480126
calibration-3d-02,slab_clutter,3,2,3,30020003,SC-RRT,5000,2551.4964755380634
calibration-3d-02,slab_clutter,3,2,3,30020003,RRT,100,nan
calibration-3d-02,slab_clutter,3,2,3,30020003,RRT,250,nan
calibration-3d-02,slab_clutter,3,2,3,30020003,RRT,500,nan
calibration-3d-02,slab_clutter,3,2,3,30020003,RRT,1000,3107.5710780378386
calibration-3d-02,slab_clutter,3,2,3,30020003,RRT,2000,3107.5710780378386
calibration-3d-02,slab_clutter,3,2,3,30020003,RRT,3000,3107.5710780378386
calibration-3d-02,slab_clutter,3,2,3,30020003,RRT,4000,3107.5710780378386
calibration-3d-02,slab_clutter,3,2,3,30020003,RRT,5000,3107.5710780378386
calibration-3d-02,slab_clutter,3,2,4,30020004,RRT*,100,nan
calibration-3d-02,slab_clutter,3,2,4,30020004,RRT*,250,nan
calibration-3d-02,slab_clutter,3,2,4,30020004,RRT*,500,nan
calibration-3d-02,slab_clutter,3,2,4,30020004,RRT*,1000,2456.250794461431
calibration-3d-02,slab_clutter,3,2,4,30020004,RRT*,2000,2449.285128616193
calibration-3d-02,slab_clutter,3,2,4,30020004,RRT*,3000,2449.285128616193
calibration-3d-02,slab_clutter,3,2,4,30020004,RRT*,4000,2449.285128616193
calibration-3d-02,slab_clutter,3,2,4,30020004,RRT*,5000,2449.285128616193
calibration-3d-02,slab_clutter,3,2,4,30020004,Informed-RRT*,100,nan
calibration-3d-02,slab_clutter,3,2,4,30020004,Informed-RRT*,250,nan
calibration-3d-02,slab_clutter,3,2,4,30020004,Informed-RRT*,500,nan
calibration-3d-02,slab_clutter,3,2,4,30020004,Informed-RRT*,1000,2444.3689700375294
calibration-3d-02,slab_clutter,3,2,4,30020004,Informed-RRT*,2000,2437.529316307123
calibration-3d-02,slab_clutter,3,2,4,30020004,Informed-RRT*,3000,2420.4412006726343
calibration-3d-02,slab_clutter,3,2,4,30020004,Informed-RRT*,4000,2366.2143400241143
calibration-3d-02,slab_clutter,3,2,4,30020004,Informed-RRT*,5000,2362.0524317276618
calibration-3d-02,slab_clutter,3,2,4,30020004,Dynamic-RRT,100,nan
calibration-3d-02,slab_clutter,3,2,4,30020004,Dynamic-RRT,250,nan
calibration-3d-02,slab_clutter,3,2,4,30020004,Dynamic-RRT,500,2856.7599455583995
calibration-3d-02,slab_clutter,3,2,4,30020004,Dynamic-RRT,1000,2856.7599455583995
calibration-3d-02,slab_clutter,3,2,4,30020004,Dynamic-RRT,2000,2856.7599455583995
calibration-3d-02,slab_clutter,3,2,4,30020004,Dynamic-RRT,3000,2856.7599455583995
calibration-3d-02,slab_clutter,3,2,4,30020004,Dynamic-RRT,4000,2856.7599455583995
calibration-3d-02,slab_clutter,3,2,4,30020004,Dynamic-RRT,5000,2856.7599455583995
calibration-3d-02,slab_clutter,3,2,4,30020004,SC-RRT,100,nan
calibration-3d-02,slab_clutter,3,2,4,30020004,SC-RRT,250,2621.0973036074506
calibration-3d-02,slab_clutter,3,2,4,30020004,SC-RRT,500,2594.7757332358506
calibration-3d-02,slab_clutter,3,2,4,30020004,SC-RRT,1000,2594.3158359059453
calibration-3d-02,slab_clutter,3,2,4,30020004,SC-RRT,2000,2583.3635971945573
calibration-3d-02,slab_clutter,3,2,4,30020004,SC-RRT,3000,2580.2198842514235
calibration-3d-02,slab_clutter,3,2,4,30020004,SC-RRT,4000,2572.6953709532518
calibration-3d-02,slab_clutter,3,2,4,30020004,SC-RRT,5000,2572.6953709532518
calibration-3d-02,slab_clutter,3,2,4,30020004,RRT,100,nan
calibration-3d-02,slab_clutter,3,2,4,30020004,RRT,250,nan
calibration-3d-02,slab_clutter,3,2,4,30020004,RRT,500,nan
calibration-3d-02,slab_clutter,3,2,4,30020004,RRT,1000,2969.5052198460867
calibration-3d-02,slab_clutter,3,2,4,30020004,RRT,2000,2969.5052198460867
calibration-3d-02,slab_clutter,3,2,4,30020004,RRT,3000,2969.5052198460867
calibration-3d-02,slab_clutter,3,2,4,30020004,RRT,4000,2969.5052198460867
calibration-3d-02,slab_clutter,3,2,4,30020004,RRT,5000,2969.5052198460867
calibration-3d-02,slab_clutter,3,2,4,30020004,RRT-Connect,100,nan
calibration-3d-02,slab_clutter,3,2,4,30020004,RRT-Connect,250,2536.3730099127706
calibration-3d-02,slab_clutter,3,2,4,30020004,RRT-Connect,500,2536.3730099127706
calibration-3d-02,slab_clutter,3,2,4,30020004,RRT-Connect,1000,2536.3730099127706
calibration-3d-02,slab_clutter,3,2,4,30020004,RRT-Connect,2000,2536.3730099127706
calibration-3d-02,slab_clutter,3,2,4,30020004,RRT-Connect,3000,2536.3730099127706
calibration-3d-02,slab_clutter,3,2,4,30020004,RRT-Connect,4000,2536.3730099127706
calibration-3d-02,slab_clutter,3,2,4,30020004,RRT-Connect,5000,2536.3730099127706
calibration-3d-03,uniform_clutter,3,3,0,30030000,Informed-RRT*,100,nan
calibration-3d-03,uniform_clutter,3,3,0,30030000,Informed-RRT*,250,nan
calibration-3d-03,uniform_clutter,3,3,0,30030000,Informed-RRT*,500,nan
calibration-3d-03,uniform_clutter,3,3,0,30030000,Informed-RRT*,1000,2438.427863037656
calibration-3d-03,uniform_clutter,3,3,0,30030000,Informed-RRT*,2000,2400.842208579924
calibration-3d-03,uniform_clutter,3,3,0,30030000,Informed-RRT*,3000,2380.7459321315982
calibration-3d-03,uniform_clutter,3,3,0,30030000,Informed-RRT*,4000,2365.968741469994
calibration-3d-03,uniform_clutter,3,3,0,30030000,Informed-RRT*,5000,2362.928844379031
calibration-3d-03,uniform_clutter,3,3,0,30030000,Dynamic-RRT,100,nan
calibration-3d-03,uniform_clutter,3,3,0,30030000,Dynamic-RRT,250,nan
calibration-3d-03,uniform_clutter,3,3,0,30030000,Dynamic-RRT,500,2907.4441780360835
calibration-3d-03,uniform_clutter,3,3,0,30030000,Dynamic-RRT,1000,2907.4441780360835
calibration-3d-03,uniform_clutter,3,3,0,30030000,Dynamic-RRT,2000,2907.4441780360835
calibration-3d-03,uniform_clutter,3,3,0,30030000,Dynamic-RRT,3000,2907.4441780360835
calibration-3d-03,uniform_clutter,3,3,0,30030000,Dynamic-RRT,4000,2907.4441780360835
calibration-3d-03,uniform_clutter,3,3,0,30030000,Dynamic-RRT,5000,2907.4441780360835
calibration-3d-03,uniform_clutter,3,3,0,30030000,SC-RRT,100,nan
calibration-3d-03,uniform_clutter,3,3,0,30030000,SC-RRT,250,2574.342389683691
calibration-3d-03,uniform_clutter,3,3,0,30030000,SC-RRT,500,2565.0071930709737
calibration-3d-03,uniform_clutter,3,3,0,30030000,SC-RRT,1000,2565.0071930709737
calibration-3d-03,uniform_clutter,3,3,0,30030000,SC-RRT,2000,2558.9192336188007
calibration-3d-03,uniform_clutter,3,3,0,30030000,SC-RRT,3000,2554.8239960328547
calibration-3d-03,uniform_clutter,3,3,0,30030000,SC-RRT,4000,2552.293084263871
calibration-3d-03,uniform_clutter,3,3,0,30030000,SC-RRT,5000,2548.1156760110816
calibration-3d-03,uniform_clutter,3,3,0,30030000,RRT,100,nan
calibration-3d-03,uniform_clutter,3,3,0,30030000,RRT,250,nan
calibration-3d-03,uniform_clutter,3,3,0,30030000,RRT,500,nan
calibration-3d-03,uniform_clutter,3,3,0,30030000,RRT,1000,2813.1595060187406
calibration-3d-03,uniform_clutter,3,3,0,30030000,RRT,2000,2813.1595060187406
calibration-3d-03,uniform_clutter,3,3,0,30030000,RRT,3000,2813.1595060187406
calibration-3d-03,uniform_clutter,3,3,0,30030000,RRT,4000,2813.1595060187406
calibration-3d-03,uniform_clutter,3,3,0,30030000,RRT,5000,2813.1595060187406
calibration-3d-03,uniform_clutter,3,3,0,30030000,RRT-Connect,100,nan
calibration-3d-03,uniform_clutter,3,3,0,30030000,RRT-Connect,250,2680.2437398368947
calibration-3d-03,uniform_clutter,3,3,0,30030000,RRT-Connect,500,2630.7853995921714
calibration-3d-03,uniform_clutter,3,3,0,30030000,RRT-Connect,1000,2630.7853995921714
calibration-3d-03,uniform_clutter,3,3,0,30030000,RRT-Connect,2000,2575.0192464104875
calibration-3d-03,uniform_clutter,3,3,0,30030000,RRT-Connect,3000,2575.0192464104875
calibration-3d-03,uniform_clutter,3,3,0,30030000,RRT-Connect,4000,2575.0192464104875
calibration-3d-03,uniform_clutter,3,3,0,30030000,RRT-Connect,5000,2575.0192464104875
calibration-3d-03,uniform_clutter,3,3,0,30030000,RRT*,100,nan
calibration-3d-03,uniform_clutter,3,3,0,30030000,RRT*,250,nan
calibration-3d-03,uniform_clutter,3,3,0,30030000,RRT*,500,nan
calibration-3d-03,uniform_clutter,3,3,0,30030000,RRT*,1000,2439.449222297877
calibration-3d-03,uniform_clutter,3,3,0,30030000,RRT*,2000,2437.980778795403
calibration-3d-03,uniform_clutter,3,3,0,30030000,RRT*,3000,2437.980778795403
calibration-3d-03,uniform_clutter,3,3,0,30030000,RRT*,4000,2432.067804915023
calibration-3d-03,uniform_clutter,3,3,0,30030000,RRT*,5000,2432.0447808220483
calibration-3d-03,uniform_clutter,3,3,1,30030001,Dynamic-RRT,100,nan
calibration-3d-03,uniform_clutter,3,3,1,30030001,Dynamic-RRT,250,nan
calibration-3d-03,uniform_clutter,3,3,1,30030001,Dynamic-RRT,500,2911.089277784633
calibration-3d-03,uniform_clutter,3,3,1,30030001,Dynamic-RRT,1000,2911.089277784633
calibration-3d-03,uniform_clutter,3,3,1,30030001,Dynamic-RRT,2000,2911.089277784633
calibration-3d-03,uniform_clutter,3,3,1,30030001,Dynamic-RRT,3000,2911.089277784633
calibration-3d-03,uniform_clutter,3,3,1,30030001,Dynamic-RRT,4000,2911.089277784633
calibration-3d-03,uniform_clutter,3,3,1,30030001,Dynamic-RRT,5000,2911.089277784633
calibration-3d-03,uniform_clutter,3,3,1,30030001,SC-RRT,100,nan
calibration-3d-03,uniform_clutter,3,3,1,30030001,SC-RRT,250,2900.7237047124227
calibration-3d-03,uniform_clutter,3,3,1,30030001,SC-RRT,500,2659.621811193924
calibration-3d-03,uniform_clutter,3,3,1,30030001,SC-RRT,1000,2656.3891336137585
calibration-3d-03,uniform_clutter,3,3,1,30030001,SC-RRT,2000,2622.348010238239
calibration-3d-03,uniform_clutter,3,3,1,30030001,SC-RRT,3000,2607.0215000578214
calibration-3d-03,uniform_clutter,3,3,1,30030001,SC-RRT,4000,2580.708137051024
calibration-3d-03,uniform_clutter,3,3,1,30030001,SC-RRT,5000,2580.708137051024
calibration-3d-03,uniform_clutter,3,3,1,30030001,RRT,100,nan
calibration-3d-03,uniform_clutter,3,3,1,30030001,RRT,250,nan
calibration-3d-03,uniform_clutter,3,3,1,30030001,RRT,500,nan
calibration-3d-03,uniform_clutter,3,3,1,30030001,RRT,1000,3098.0827594176762
calibration-3d-03,uniform_clutter,3,3,1,30030001,RRT,2000,3098.0827594176762
calibration-3d-03,uniform_clutter,3,3,1,30030001,RRT,3000,3098.0827594176762
calibration-3d-03,uniform_clutter,3,3,1,30030001,RRT,4000,3098.0827594176762
calibration-3d-03,uniform_clutter,3,3,1,30030001,RRT,5000,3098.0827594176762
calibration-3d-03,uniform_clutter,3,3,1,30030001,RRT-Connect,100,nan
calibration-3d-03,uniform_clutter,3,3,1,30030001,RRT-Connect,250,2540.361182721295
calibration-3d-03,uniform_clutter,3,3,1,30030001,RRT-Connect,500,2540.361182721295
calibration-3d-03,uniform_clutter,3,3,1,30030001,RRT-Connect,1000,2540.361182721295
calibration-3d-03,uniform_clutter,3,3,1,30030001,RRT-Connect,2000,2540.361182721295
calibration-3d-03,uniform_clutter,3,3,1,30030001,RRT-Connect,3000,2540.361182721295
calibration-3d-03,uniform_clutter,3,3,1,30030001,RRT-Connect,4000,2540.361182721295
calibration-3d-03,uniform_clutter,3,3,1,30030001,RRT-Connect,5000,2540.361182721295
calibration-3d-03,uniform_clutter,3,3,1,30030001,RRT*,100,nan
calibration-3d-03,uniform_clutter,3,3,1,30030001,RRT*,250,nan
calibration-3d-03,uniform_clutter,3,3,1,30030001,RRT*,500,nan
calibration-3d-03,uniform_clutter,3,3,1,30030001,RRT*,1000,2500.858926637617
calibration-3d-03,uniform_clutter,3,3,1,30030001,RRT*,2000,2497.3373171213616
calibration-3d-03,uniform_clutter,3,3,1,30030001,RRT*,3000,2489.561746496865
calibration-3d-03,uniform_clutter,3,3,1,30030001,RRT*,4000,2462.2885128926264
calibration-3d-03,uniform_clutter,3,3,1,30030001,RRT*,5000,2462.2885128926264
calibration-3d-03,uniform_clutter,3,3,1,30030001,Informed-RRT*,100,nan
calibration-3d-03,uniform_clutter,3,3,1,30030001,Informed-RRT*,250,nan
calibration-3d-03,uniform_clutter,3,3,1,30030001,Informed-RRT*,500,nan
calibration-3d-03,uniform_clutter,3,3,1,30030001,Informed-RRT*,1000,2499.1166531761046
calibration-3d-03,uniform_clutter,3,3,1,30030001,Informed-RRT*,2000,2436.1688983929753
calibration-3d-03,uniform_clutter,3,3,1,30030001,Informed-RRT*,3000,2425.106548319636
calibration-3d-03,uniform_clutter,3,3,1,30030001,Informed-RRT*,4000,2393.9180092942524
calibration-3d-03,uniform_clutter,3,3,1,30030001,Informed-RRT*,5000,2375.413280493004
calibration-3d-03,uniform_clutter,3,3,2,30030002,SC-RRT,100,nan
calibration-3d-03,uniform_clutter,3,3,2,30030002,SC-RRT,250,2571.6134485561975
calibration-3d-03,uniform_clutter,3,3,2,30030002,SC-RRT,500,2571.6134485561975
calibration-3d-03,uniform_clutter,3,3,2,30030002,SC-RRT,1000,2571.6134485561975
calibration-3d-03,uniform_clutter,3,3,2,30030002,SC-RRT,2000,2571.6134485561975
calibration-3d-03,uniform_clutter,3,3,2,30030002,SC-RRT,3000,2536.2971964077656
calibration-3d-03,uniform_clutter,3,3,2,30030002,SC-RRT,4000,2519.929383452824
calibration-3d-03,uniform_clutter,3,3,2,30030002,SC-RRT,5000,2519.4462235067595
calibration-3d-03,uniform_clutter,3,3,2,30030002,RRT,100,nan
calibration-3d-03,uniform_clutter,3,3,2,30030002,RRT,250,nan
calibration-3d-03,uniform_clutter,3,3,2,30030002,RRT,500,3139.6663477760962
calibration-3d-03,uniform_clutter,3,3,2,30030002,RRT,1000,3139.6663477760962
calibration-3d-03,uniform_clutter,3,3,2,30030002,RRT,2000,3139.6663477760962
calibration-3d-03,uniform_clutter,3,3,2,30030002,RRT,3000,3139.6663477760962
calibration-3d-03,uniform_clutter,3,3,2,30030002,RRT,4000,3139.6663477760962
calibration-3d-03,uniform_clutter,3,3,2,30030002,RRT,5000,3139.6663477760962
calibration-3d-03,uniform_clutter,3,3,2,30030002,RRT-Connect,100,nan
calibration-3d-03,uniform_clutter,3,3,2,30030002,RRT-Connect,250,2467.090330933427
calibration-3d-03,uniform_clutter,3,3,2,30030002,RRT-Connect,500,2467.090330933427
calibration-3d-03,uniform_clutter,3,3,2,30030002,RRT-Connect,1000,2467.090330933427
calibration-3d-03,uniform_clutter,3,3,2,30030002,RRT-Connect,2000,2467.090330933427
calibration-3d-03,uniform_clutter,3,3,2,30030002,RRT-Connect,3000,2459.184069017744
calibration-3d-03,uniform_clutter,3,3,2,30030002,RRT-Connect,4000,2459.184069017744
calibration-3d-03,uniform_clutter,3,3,2,30030002,RRT-Connect,5000,2448.487807713276
calibration-3d-03,uniform_clutter,3,3,2,30030002,RRT*,100,nan
calibration-3d-03,uniform_clutter,3,3,2,30030002,RRT*,250,nan
calibration-3d-03,uniform_clutter,3,3,2,30030002,RRT*,500,2493.685171802602
calibration-3d-03,uniform_clutter,3,3,2,30030002,RRT*,1000,2492.310324174309
calibration-3d-03,uniform_clutter,3,3,2,30030002,RRT*,2000,2492.310324174309
calibration-3d-03,uniform_clutter,3,3,2,30030002,RRT*,3000,2492.310324174309
calibration-3d-03,uniform_clutter,3,3,2,30030002,RRT*,4000,2487.870444033364
calibration-3d-03,uniform_clutter,3,3,2,30030002,RRT*,5000,2482.9185330435625
calibration-3d-03,uniform_clutter,3,3,2,30030002,Informed-RRT*,100,nan
calibration-3d-03,uniform_clutter,3,3,2,30030002,Informed-RRT*,250,nan
calibration-3d-03,uniform_clutter,3,3,2,30030002,Informed-RRT*,500,2493.685171802602
calibration-3d-03,uniform_clutter,3,3,2,30030002,Informed-RRT*,1000,2480.9841608251268
calibration-3d-03,uniform_clutter,3,3,2,30030002,Informed-RRT*,2000,2453.5351250196713
calibration-3d-03,uniform_clutter,3,3,2,30030002,Informed-RRT*,3000,2415.4146204839353
calibration-3d-03,uniform_clutter,3,3,2,30030002,Informed-RRT*,4000,2381.9845876102613
calibration-3d-03,uniform_clutter,3,3,2,30030002,Informed-RRT*,5000,2368.5012412546344
calibration-3d-03,uniform_clutter,3,3,2,30030002,Dynamic-RRT,100,nan
calibration-3d-03,uniform_clutter,3,3,2,30030002,Dynamic-RRT,250,nan
calibration-3d-03,uniform_clutter,3,3,2,30030002,Dynamic-RRT,500,2857.9774708688237
calibration-3d-03,uniform_clutter,3,3,2,30030002,Dynamic-RRT,1000,2857.9774708688237
calibration-3d-03,uniform_clutter,3,3,2,30030002,Dynamic-RRT,2000,2857.9774708688237
calibration-3d-03,uniform_clutter,3,3,2,30030002,Dynamic-RRT,3000,2857.9774708688237
calibration-3d-03,uniform_clutter,3,3,2,30030002,Dynamic-RRT,4000,2857.9774708688237
calibration-3d-03,uniform_clutter,3,3,2,30030002,Dynamic-RRT,5000,2857.9774708688237
calibration-3d-03,uniform_clutter,3,3,3,30030003,RRT,100,nan
calibration-3d-03,uniform_clutter,3,3,3,30030003,RRT,250,nan
calibration-3d-03,uniform_clutter,3,3,3,30030003,RRT,500,nan
calibration-3d-03,uniform_clutter,3,3,3,30030003,RRT,1000,2937.4979640035763
calibration-3d-03,uniform_clutter,3,3,3,30030003,RRT,2000,2937.4979640035763
calibration-3d-03,uniform_clutter,3,3,3,30030003,RRT,3000,2937.4979640035763
calibration-3d-03,uniform_clutter,3,3,3,30030003,RRT,4000,2937.4979640035763
calibration-3d-03,uniform_clutter,3,3,3,30030003,RRT,5000,2937.4979640035763
calibration-3d-03,uniform_clutter,3,3,3,30030003,RRT-Connect,100,nan
calibration-3d-03,uniform_clutter,3,3,3,30030003,RRT-Connect,250,2507.7968314115296
calibration-3d-03,uniform_clutter,3,3,3,30030003,RRT-Connect,500,2507.7968314115296
calibration-3d-03,uniform_clutter,3,3,3,30030003,RRT-Connect,1000,2507.7968314115296
calibration-3d-03,uniform_clutter,3,3,3,30030003,RRT-Connect,2000,2507.7968314115296
calibration-3d-03,uniform_clutter,3,3,3,30030003,RRT-Connect,3000,2507.7968314115296
calibration-3d-03,uniform_clutter,3,3,3,30030003,RRT-Connect,4000,2507.7968314115296
calibration-3d-03,uniform_clutter,3,3,3,30030003,RRT-Connect,5000,2507.7968314115296
calibration-3d-03,uniform_clutter,3,3,3,30030003,RRT*,100,nan
calibration-3d-03,uniform_clutter,3,3,3,30030003,RRT*,250,nan
calibration-3d-03,uniform_clutter,3,3,3,30030003,RRT*,500,nan
calibration-3d-03,uniform_clutter,3,3,3,30030003,RRT*,1000,2453.923758132416
calibration-3d-03,uniform_clutter,3,3,3,30030003,RRT*,2000,2447.9972212105063
calibration-3d-03,uniform_clutter,3,3,3,30030003,RRT*,3000,2429.542467717157
calibration-3d-03,uniform_clutter,3,3,3,30030003,RRT*,4000,2425.803970056329
calibration-3d-03,uniform_clutter,3,3,3,30030003,RRT*,5000,2401.5071664012144
calibration-3d-03,uniform_clutter,3,3,3,30030003,Informed-RRT*,100,nan
calibration-3d-03,uniform_clutter,3,3,3,30030003,Informed-RRT*,250,nan
calibration-3d-03,uniform_clutter,3,3,3,30030003,Informed-RRT*,500,nan
calibration-3d-03,uniform_clutter,3,3,3,30030003,Informed-RRT*,1000,2427.0579938556093
calibration-3d-03,uniform_clutter,3,3,3,30030003,Informed-RRT*,2000,2401.058974986934
calibration-3d-03,uniform_clutter,3,3,3,30030003,Informed-RRT*,3000,2363.870192249615
calibration-3d-03,uniform_clutter,3,3,3,30030003,Informed-RRT*,4000,2352.096584893178
calibration-3d-03,uniform_clutter,3,3,3,30030003,Informed-RRT*,5000,2349.3530905645353
calibration-3d-03,uniform_clutter,3,3,3,30030003,Dynamic-RRT,100,nan
calibration-3d-03,uniform_clutter,3,3,3,30030003,Dynamic-RRT,250,nan
calibration-3d-03,uniform_clutter,3,3,3,30030003,Dynamic-RRT,500,nan
calibration-3d-03,uniform_clutter,3,3,3,30030003,Dynamic-RRT,1000,2991.7769741320362
calibration-3d-03,uniform_clutter,3,3,3,30030003,Dynamic-RRT,2000,2991.7769741320362
calibration-3d-03,uniform_clutter,3,3,3,30030003,Dynamic-RRT,3000,2991.7769741320362
calibration-3d-03,uniform_clutter,3,3,3,30030003,Dynamic-RRT,4000,2991.7769741320362
calibration-3d-03,uniform_clutter,3,3,3,30030003,Dynamic-RRT,5000,2991.7769741320362
calibration-3d-03,uniform_clutter,3,3,3,30030003,SC-RRT,100,nan
calibration-3d-03,uniform_clutter,3,3,3,30030003,SC-RRT,250,2563.717165247834
calibration-3d-03,uniform_clutter,3,3,3,30030003,SC-RRT,500,2556.9521423049227
calibration-3d-03,uniform_clutter,3,3,3,30030003,SC-RRT,1000,2553.1313244871235
calibration-3d-03,uniform_clutter,3,3,3,30030003,SC-RRT,2000,2530.4711734065295
calibration-3d-03,uniform_clutter,3,3,3,30030003,SC-RRT,3000,2518.405465525631
calibration-3d-03,uniform_clutter,3,3,3,30030003,SC-RRT,4000,2518.405465525631
calibration-3d-03,uniform_clutter,3,3,3,30030003,SC-RRT,5000,2509.805120640807
calibration-3d-03,uniform_clutter,3,3,4,30030004,RRT-Connect,100,nan
calibration-3d-03,uniform_clutter,3,3,4,30030004,RRT-Connect,250,2542.8407397797664
calibration-3d-03,uniform_clutter,3,3,4,30030004,RRT-Connect,500,2542.8407397797664
calibration-3d-03,uniform_clutter,3,3,4,30030004,RRT-Connect,1000,2542.8407397797664
calibration-3d-03,uniform_clutter,3,3,4,30030004,RRT-Connect,2000,2542.8407397797664
calibration-3d-03,uniform_clutter,3,3,4,30030004,RRT-Connect,3000,2542.8407397797664
calibration-3d-03,uniform_clutter,3,3,4,30030004,RRT-Connect,4000,2542.8407397797664
calibration-3d-03,uniform_clutter,3,3,4,30030004,RRT-Connect,5000,2542.8407397797664
calibration-3d-03,uniform_clutter,3,3,4,30030004,RRT*,100,nan
calibration-3d-03,uniform_clutter,3,3,4,30030004,RRT*,250,nan
calibration-3d-03,uniform_clutter,3,3,4,30030004,RRT*,500,nan
calibration-3d-03,uniform_clutter,3,3,4,30030004,RRT*,1000,2439.775182578483
calibration-3d-03,uniform_clutter,3,3,4,30030004,RRT*,2000,2429.138251890579
calibration-3d-03,uniform_clutter,3,3,4,30030004,RRT*,3000,2429.138251890579
calibration-3d-03,uniform_clutter,3,3,4,30030004,RRT*,4000,2429.110231833149
calibration-3d-03,uniform_clutter,3,3,4,30030004,RRT*,5000,2428.2252557069455
calibration-3d-03,uniform_clutter,3,3,4,30030004,Informed-RRT*,100,nan
calibration-3d-03,uniform_clutter,3,3,4,30030004,Informed-RRT*,250,nan
calibration-3d-03,uniform_clutter,3,3,4,30030004,Informed-RRT*,500,nan
calibration-3d-03,uniform_clutter,3,3,4,30030004,Informed-RRT*,1000,2425.141134689074
calibration-3d-03,uniform_clutter,3,3,4,30030004,Informed-RRT*,2000,2420.429064884437
calibration-3d-03,uniform_clutter,3,3,4,30030004,Informed-RRT*,3000,2405.2824332566693
calibration-3d-03,uniform_clutter,3,3,4,30030004,Informed-RRT*,4000,2379.7511145491203
calibration-3d-03,uniform_clutter,3,3,4,30030004,Informed-RRT*,5000,2357.6439429973825
calibration-3d-03,uniform_clutter,3,3,4,30030004,Dynamic-RRT,100,nan
calibration-3d-03,uniform_clutter,3,3,4,30030004,Dynamic-RRT,250,nan
calibration-3d-03,uniform_clutter,3,3,4,30030004,Dynamic-RRT,500,2881.907378432751
calibration-3d-03,uniform_clutter,3,3,4,30030004,Dynamic-RRT,1000,2881.907378432751
calibration-3d-03,uniform_clutter,3,3,4,30030004,Dynamic-RRT,2000,2881.907378432751
calibration-3d-03,uniform_clutter,3,3,4,30030004,Dynamic-RRT,3000,2881.907378432751
calibration-3d-03,uniform_clutter,3,3,4,30030004,Dynamic-RRT,4000,2881.907378432751
calibration-3d-03,uniform_clutter,3,3,4,30030004,Dynamic-RRT,5000,2881.907378432751
calibration-3d-03,uniform_clutter,3,3,4,30030004,SC-RRT,100,nan
calibration-3d-03,uniform_clutter,3,3,4,30030004,SC-RRT,250,2539.6966466473564
calibration-3d-03,uniform_clutter,3,3,4,30030004,SC-RRT,500,2536.7503157563556
calibration-3d-03,uniform_clutter,3,3,4,30030004,SC-RRT,1000,2536.1473507899855
calibration-3d-03,uniform_clutter,3,3,4,30030004,SC-RRT,2000,2534.580280477136
calibration-3d-03,uniform_clutter,3,3,4,30030004,SC-RRT,3000,2533.4951773062157
calibration-3d-03,uniform_clutter,3,3,4,30030004,SC-RRT,4000,2533.4951773062157
calibration-3d-03,uniform_clutter,3,3,4,30030004,SC-RRT,5000,2529.33907207051
calibration-3d-03,uniform_clutter,3,3,4,30030004,RRT,100,nan
calibration-3d-03,uniform_clutter,3,3,4,30030004,RRT,250,nan
calibration-3d-03,uniform_clutter,3,3,4,30030004,RRT,500,nan
calibration-3d-03,uniform_clutter,3,3,4,30030004,RRT,1000,2968.8775801977713
calibration-3d-03,uniform_clutter,3,3,4,30030004,RRT,2000,2968.8775801977713
calibration-3d-03,uniform_clutter,3,3,4,30030004,RRT,3000,2968.8775801977713
calibration-3d-03,uniform_clutter,3,3,4,30030004,RRT,4000,2968.8775801977713
calibration-3d-03,uniform_clutter,3,3,4,30030004,RRT,5000,2968.8775801977713
