activation_attempt,added_nodes,algorithm,budget_limit,collision_checks,collision_rejections,dimension,environment_id,expansion_attempts,family,feedback_updates,first_solution_attempt,first_solution_cost_mm,first_solution_efficiency,first_solution_nodes,first_solution_time_s,fixed_budget_cost_mm,fixed_budget_efficiency,fixed_budget_time_s,gamma_a_final,gamma_b_final,map_index,p_a_final,p_b_final,path_valid,pid_improvement_ema_final,rewire_attempts,rewire_successes,seed,seed_index,success,total_nodes
2561,3215,SC-RRT,5000,15367,1302,2,evaluation-2d-00,5000,uniform_clutter,99,497.0,2627.616127963768,0.7265857021067895,184.0,0.03409988200291991,2035.1718536324838,0.9380968520157433,1.2148492319975048,1.289592960566407,1.289592960566407,0,0.9466974734271422,0.9466974734271422,1,0.12697741526405762,8788,3106,20000000,0,1,3217
2561,3402,SC-RRT-fixed-matched,5000,15779,1234,2,evaluation-2d-00,5000,uniform_clutter,99,497.0,2627.616127963768,0.7265857021067895,184.0,0.03249576600501314,1987.7915438540779,0.960457003203667,1.2704179040156305,1.5,1.5,0,0.8,0.8,1,0.0,8822,3096,20000000,0,1,3404
2559,3423,SC-RRT-fixed-matched,5000,16161,1102,2,evaluation-2d-00,5000,uniform_clutter,99,324.0,2090.033038607674,0.9134727891552998,144.0,0.021150721993763,1983.4692760358016,0.9625499786008369,1.2417847409960814,1.5,1.5,0,0.8,0.8,1,0.0,9342,3492,20000001,1,1,3425
2559,3313,SC-RRT,5000,15606,1104,2,evaluation-2d-00,5000,uniform_clutter,99,324.0,2090.033038607674,0.9134727891552998,144.0,0.02272691100370139,1978.648051522551,0.9648953525284983,1.1851319980050903,1.2900223391382892,1.2900223391382892,0,0.9463931691181464,0.9463931691181464,1,0.029155298989306893,9103,3425,20000001,1,1,3315
2558,3309,SC-RRT,5000,16585,1182,2,evaluation-2d-00,5000,uniform_clutter,99,119.0,2068.28327938495,0.9230787330889305,93.0,0.01012221901328303,1950.7908440641386,0.9786740157269815,1.3231472360203043,1.2855643856278547,1.2855643856278547,0,0.9495516685216646,0.9495516685216646,1,0.03252544408772917,9848,3437,20000002,2,1,3311
2558,3363,SC-RRT-fixed-matched,5000,15571,1122,2,evaluation-2d-00,5000,uniform_clutter,99,119.0,2068.28327938495,0.9230787330889305,93.0,0.01008485400234349,1957.944889634455,0.9750980833582709,1.2096712620113976,1.5,1.5,0,0.8,0.8,1,0.0,8867,3236,20000002,2,1,3365
2558,3421,SC-RRT-fixed-matched,5000,15603,1103,2,evaluation-2d-00,5000,uniform_clutter,99,287.0,2162.184475477498,0.8829904806258736,126.0,0.01908976599224843,1990.830442357944,0.9589909158423513,1.1976239609939512,1.5,1.5,0,0.8,0.8,1,0.0,8731,3127,20000003,3,1,3423
2558,3293,SC-RRT,5000,15345,1108,2,evaluation-2d-00,5000,uniform_clutter,99,287.0,2162.184475477498,0.8829904806258736,126.0,0.01927370298653841,2004.5925672766036,0.9524071576287746,1.2422744339855853,1.291705260641283,1.291705260641283,0,0.9452003033215763,0.9452003033215763,1,0.03460439321433941,8832,2927,20000003,3,1,3295
2558,3318,SC-RRT,5000,16417,1179,2,evaluation-2d-00,5000,uniform_clutter,99,416.0,2143.4104097263235,0.8907245670452112,164.0,0.027308560005621985,1946.9168236944815,0.9806214040416943,1.2054817529860884,1.2863880924262423,1.2863880924262423,0,0.9489682185617883,0.9489682185617883,1,0.04330207111860224,9757,2762,20000004,4,1,3320
2558,3364,SC-RRT-fixed-matched,5000,15297,1227,2,evaluation-2d-00,5000,uniform_clutter,99,416.0,2143.4104097263235,0.8907245670452112,164.0,0.027263341995421797,1979.1593771804332,0.9646460670204147,1.2119399929943029,1.5,1.5,0,0.8,0.8,1,0.0,8448,2860,20000004,4,1,3366
2563,3365,SC-RRT-fixed-matched,5000,15489,1224,2,evaluation-2d-00,5000,uniform_clutter,99,254.0,2084.1828846894764,0.916036842653628,140.0,0.018438250001054257,1985.1048208588693,0.9617569254492339,1.1944156709942035,1.5,1.5,0,0.8,0.8,1,0.0,8620,2867,20000005,5,1,3367
2563,3376,SC-RRT,5000,16499,1231,2,evaluation-2d-00,5000,uniform_clutter,99,254.0,2084.1828846894764,0.916036842653628,140.0,0.018192824005382136,1971.4675951866004,0.9684096831543267,1.390890106005827,1.3142035761384452,1.3142035761384452,0,0.929235170030608,0.929235170030608,1,0.019111360843297075,9558,3297,20000005,5,1,3378
2568,3373,SC-RRT,5000,17388,1178,2,evaluation-2d-00,5000,uniform_clutter,99,246.0,2221.1935412088474,0.8595326223416959,137.0,0.017657164979027584,1967.6026211764142,0.970311936290362,1.3849719439749606,1.2888818542949874,1.2888818542949874,0,0.947201401792542,0.947201401792542,1,0.05604098992173732,10571,3726,20000006,6,1,3375
2568,3397,SC-RRT-fixed-matched,5000,17267,1176,2,evaluation-2d-00,5000,uniform_clutter,99,246.0,2221.1935412088474,0.8595326223416959,137.0,0.018159187020501122,1970.472012934205,0.9688989727698442,1.3744727230223361,1.5,1.5,0,0.8,0.8,1,0.0,10397,3936,20000006,6,1,3399
2567,3484,SC-RRT-fixed-matched,5000,15813,1035,2,evaluation-2d-00,5000,uniform_clutter,99,130.0,2031.4534639994306,0.9398139524421877,98.0,0.011116220004623756,1969.0854357313724,0.969581245465133,1.2010331669880543,1.5,1.5,0,0.8,0.8,1,0.0,8892,3149,20000007,7,1,3486
2567,3475,SC-RRT,5000,16908,996,2,evaluation-2d-00,5000,uniform_clutter,99,130.0,2031.4534639994306,0.9398139524421877,98.0,0.0107308890146669,1960.9027346919775,0.9736272357759639,1.2906597960100044,1.3407632504557077,1.3407632504557077,0,0.9103786817243421,0.9103786817243421,1,0.018538903682159064,10068,3627,20000007,7,1,3477
2562,3334,SC-RRT,5000,15255,1075,2,evaluation-2d-00,5000,uniform_clutter,99,177.0,2047.172148973989,0.9325978326544418,103.0,0.012561081995954737,1979.025046852279,0.9647115443234642,1.1532215299957898,1.3459309258252652,1.3459309258252652,0,0.9067131308492538,0.9067131308492538,1,0.014446088215358418,8704,3036,20000008,8,1,3336
2562,3429,SC-RRT-fixed-matched,5000,15558,1081,2,evaluation-2d-00,5000,uniform_clutter,99,177.0,2047.172148973989,0.9325978326544418,103.0,0.013084350997814909,1978.0382182947994,0.9651928317388759,1.1867938619980123,1.5,1.5,0,0.8,0.8,1,0.0,8712,2987,20000008,8,1,3431
2559,3480,SC-RRT-fixed-matched,5000,16231,1016,2,evaluation-2d-00,5000,uniform_clutter,99,251.0,2247.383994543495,0.849515843237767,131.0,0.017235616978723556,2009.3455419309903,0.9501543011705889,1.2010533829743508,1.5,1.5,0,0.8,0.8,1,0.0,9375,3498,20000009,9,1,3482
2559,3417,SC-RRT,5000,16314,1005,2,evaluation-2d-00,5000,uniform_clutter,99,251.0,2247.383994543495,0.849515843237767,131.0,0.017013142991345376,1978.9630021568871,0.9647417900803801,1.2487489370105322,1.2883106726931737,1.2883106726931737,0,0.9476061362630164,0.9476061362630164,1,0.08581104671493021,9639,3437,20000009,9,1,3419
2563,3432,SC-RRT,5000,16030,1064,2,evaluation-2d-00,5000,uniform_clutter,99,141.0,2060.2512147663774,0.9266774340527065,98.0,0.01075467499322258,1991.4383895567853,0.9586981546682884,1.228463097999338,1.334188988598917,1.334188988598917,0,0.9150442917464634,0.9150442917464634,1,0.01653159591892696,9220,3026,20000010,10,1,3434
2563,3452,SC-RRT-fixed-matched,5000,15970,1131,2,evaluation-2d-00,5000,uniform_clutter,99,141.0,2060.2512147663774,0.9266774340527065,98.0,0.011651181004708633,1987.0215321759629,0.9608292000303337,1.243697116005933,1.5,1.5,0,0.8,0.8,1,0.0,9007,3034,20000010,10,1,3454
2563,3385,SC-RRT-fixed-matched,5000,15702,1192,2,evaluation-2d-00,5000,uniform_clutter,99,249.0,2177.18586528185,0.8769064413141053,115.0,0.017315527016762644,1999.6242518972506,0.9547735317733987,1.238941318995785,1.5,1.5,0,0.8,0.8,1,0.0,8795,2798,20000011,11,1,3387
2563,3303,SC-RRT,5000,15670,1164,2,evaluation-2d-00,5000,uniform_clutter,99,249.0,2177.18586528185,0.8769064413141053,115.0,0.01623182397452183,1984.2614692437835,0.9621656917680732,1.24025165499188,1.2861447515858269,1.2861447515858269,0,0.9491405898609611,0.9491405898609611,1,0.03549670066110978,9037,3170,20000011,11,1,3305
2559,3001,SC-RRT,5000,14364,1363,2,evaluation-2d-00,5000,uniform_clutter,99,560.0,2200.969273632081,0.8674306961373885,168.0,0.032562780019361526,1992.4971775412544,0.9581887145052926,1.165240881004138,1.286992220089093,1.286992220089093,0,0.948540255777644,0.948540255777644,1,0.06639181009532508,8235,2809,20000012,12,1,3003
2559,3127,SC-RRT-fixed-matched,5000,14707,1391,2,evaluation-2d-00,5000,uniform_clutter,99,560.0,2200.969273632081,0.8674306961373885,168.0,0.03587456198874861,2016.3288643666003,0.9468635513500033,1.2177355179737788,1.5,1.5,0,0.8,0.8,1,0.0,8191,2985,20000012,12,1,3129
2565,3462,SC-RRT-fixed-matched,5000,15775,1027,2,evaluation-2d-00,5000,uniform_clutter,99,225.0,2215.0220846303696,0.8619274374062382,107.0,0.017157830006908625,2053.334607532814,0.929798924247259,1.4261962189921178,1.5,1.5,0,0.8,0.8,1,0.0,8966,3150,20000013,13,1,3464
2565,3360,SC-RRT,5000,16264,1024,2,evaluation-2d-00,5000,uniform_clutter,99,225.0,2215.0220846303696,0.8619274374062382,107.0,0.01609312600339763,2008.578901248599,0.9505169590384842,1.3008828169840854,1.2853356376417504,1.2853356376417504,0,0.9497136828897104,0.9497136828897104,1,0.029624273408894803,9731,3742,20000013,13,1,3362
2563,2954,SC-RRT,5000,14591,1554,2,evaluation-2d-00,5000,uniform_clutter,99,788.0,2402.1027037315753,0.7947987845140122,192.0,0.047788205003598705,2027.0618946409077,0.9418500314426212,1.3178301810112316,1.2870678021548867,1.2870678021548867,0,0.9484867109217114,0.9484867109217114,1,0.08155933823110399,8324,2353,20000014,14,1,2956
2563,2949,SC-RRT-fixed-matched,5000,13764,1627,2,evaluation-2d-00,5000,uniform_clutter,99,788.0,2402.1027037315753,0.7947987845140122,192.0,0.04236613999819383,2038.8165027254222,0.9364198821480691,1.0388197980064433,1.5,1.5,0,0.8,0.8,1,0.0,7395,2493,20000014,14,1,2951
2561,3349,SC-RRT-fixed-matched,5000,15635,1173,2,evaluation-2d-00,5000,uniform_clutter,99,184.0,2095.9138418891994,0.9109097287523938,117.0,0.014691187010612339,1987.774359512101,0.9604653063702302,1.3643460330204107,1.5,1.5,0,0.8,0.8,1,0.0,8861,3056,20000015,15,1,3351
2561,3277,SC-RRT,5000,15727,1127,2,evaluation-2d-00,5000,uniform_clutter,99,184.0,2095.9138418891994,0.9109097287523938,117.0,0.013750059995800257,1970.640383181535,0.9688161906645573,1.2114613959856797,1.2854352501339152,1.2854352501339152,0,0.9496431314698989,0.9496431314698989,1,0.03118779510180656,9221,3160,20000015,15,1,3279
2557,3319,SC-RRT,5000,16096,1182,2,evaluation-2d-00,5000,uniform_clutter,99,120.0,2077.3350996243485,0.9190564919203085,97.0,0.010231571999611333,1988.1293009738956,0.9602938341427051,1.1876962060050573,1.3441287599730156,1.3441287599730156,0,0.9079912353978872,0.9079912353978872,1,0.013522333505639729,9363,3458,20000016,16,1,3321
2557,3345,SC-RRT-fixed-matched,5000,15536,1239,2,evaluation-2d-00,5000,uniform_clutter,99,120.0,2077.3350996243485,0.9190564919203085,97.0,0.010737666976638138,1986.549304338268,0.961057601255782,1.1629502279974986,1.5,1.5,0,0.8,0.8,1,0.0,8646,2995,20000016,16,1,3347
2560,3418,SC-RRT-fixed-matched,5000,16164,1145,2,evaluation-2d-00,5000,uniform_clutter,99,243.0,2105.5841257735783,0.9067262076276599,131.0,0.017781429982278496,1969.4515342510251,0.9694010113987066,1.1959832540014759,1.5,1.5,0,0.8,0.8,1,0.0,9324,2768,20000017,17,1,3420
2560,3321,SC-RRT,5000,15969,1109,2,evaluation-2d-00,5000,uniform_clutter,99,243.0,2105.5841257735783,0.9067262076276599,131.0,0.017806060990551487,1964.7894092403906,0.9717012419879603,1.149202016997151,1.2859984255414618,1.2859984255414618,0,0.9492442373750999,0.9492442373750999,1,0.0411371524995894,9476,2880,20000017,17,1,3323
2562,3304,SC-RRT,5000,15558,1161,2,evaluation-2d-00,5000,uniform_clutter,99,277.0,2125.5483220265814,0.8982097887021373,106.0,0.01674108498264104,1959.0470820087126,0.974549477006999,1.212232382997172,1.2874907622732568,1.2874907622732568,0,0.9481870610038428,0.9481870610038428,1,0.0502340046073022,8886,2951,20000018,18,1,3306
2562,3500,SC-RRT-fixed-matched,5000,16192,1083,2,evaluation-2d-00,5000,uniform_clutter,99,277.0,2125.5483220265814,0.8982097887021373,106.0,0.017252733989153057,1969.351315954132,0.9694503432358359,1.2299583239946514,1.5,1.5,0,0.8,0.8,1,0.0,9139,3345,20000018,18,1,3502
2559,3488,SC-RRT-fixed-matched,5000,16086,1040,2,evaluation-2d-00,5000,uniform_clutter,99,204.0,2170.8471721956867,0.8794669351470948,104.0,0.014206174004357308,2014.8224332491511,0.9475714969705172,1.2833931079949252,1.5,1.5,0,0.8,0.8,1,0.0,9161,3521,20000019,19,1,3490
2559,3358,SC-RRT,5000,15206,1014,2,evaluation-2d-00,5000,uniform_clutter,99,204.0,2170.8471721956867,0.8794669351470948,104.0,0.01387633100966923,1965.724410091547,0.9712390502973732,1.2961216240073554,1.289334448536435,1.289334448536435,0,0.9468806746741005,0.9468806746741005,1,0.07890998447332517,8686,3103,20000019,19,1,3360
2567,3419,SC-RRT,5000,16287,1035,2,evaluation-2d-00,5000,uniform_clutter,99,232.0,2302.5026939422487,0.8291796201701054,142.0,0.020439698011614382,1963.360809902158,0.9724082805232425,1.3537082100228872,1.289015244364317,1.289015244364317,0,0.9471068781028136,0.9471068781028136,1,0.07359718889356708,9559,3493,20000020,20,1,3421
2567,3472,SC-RRT-fixed-matched,5000,16605,1084,2,evaluation-2d-00,5000,uniform_clutter,99,232.0,2302.5026939422487,0.8291796201701054,142.0,0.017460621020291,1997.0651631772278,0.9559970022041033,1.2735316450125538,1.5,1.5,0,0.8,0.8,1,0.0,9661,3639,20000020,20,1,3474
2568,3398,SC-RRT-fixed-matched,5000,15442,1168,2,evaluation-2d-00,5000,uniform_clutter,99,217.0,2094.171724335508,0.9116675041582247,115.0,0.014481034013442695,1985.5113094263445,0.9615600274547328,1.1884869350178633,1.5,1.5,0,0.8,0.8,1,0.0,8534,2940,20000021,21,1,3400
2568,3409,SC-RRT,5000,16277,1081,2,evaluation-2d-00,5000,uniform_clutter,99,217.0,2094.171724335508,0.9116675041582247,115.0,0.01603371399687603,1975.2307732929678,0.9665646845005417,1.3932753459957894,1.2865108451447222,1.2865108451447222,0,0.9488812638872257,0.9488812638872257,1,0.03278280756414717,9473,3045,20000021,21,1,3411
2553,3082,SC-RRT,5000,15437,1338,2,evaluation-2d-00,5000,uniform_clutter,99,126.0,2067.0559865282826,0.9236268014250787,93.0,0.01040532998740673,1986.4531146786007,0.961104138374077,1.107090782985324,1.3380280830013604,1.3380280830013604,0,0.9123194935927236,0.9123194935927236,1,0.01801249248741437,9076,2767,20000022,22,1,3084
2553,3137,SC-RRT-fixed-matched,5000,15357,1342,2,evaluation-2d-00,5000,uniform_clutter,99,126.0,2067.0559865282826,0.9236268014250787,93.0,0.009886685002129525,1972.073118662608,0.9681123337345746,1.2117992069979664,1.5,1.5,0,0.8,0.8,1,0.0,8832,2881,20000022,22,1,3139
2555,3244,SC-RRT-fixed-matched,5000,14138,1214,2,evaluation-2d-00,5000,uniform_clutter,99,327.0,2198.944701487777,0.8682293410616223,157.0,0.02283123100642115,2011.168087044253,0.9492932597242774,1.1354515249840915,1.5,1.5,0,0.8,0.8,1,0.0,7671,2511,20000023,23,1,3246
2555,3174,SC-RRT,5000,14093,1153,2,evaluation-2d-00,5000,uniform_clutter,99,327.0,2198.944701487777,0.8682293410616223,157.0,0.021990031993482262,2029.139752674162,0.9408855682254501,1.1913792399864178,1.2885268334355966,1.2885268334355966,0,0.947452970366787,0.947452970366787,1,0.05602687780613293,7914,2492,20000023,23,1,3176
2561,3408,SC-RRT,5000,16463,1049,2,evaluation-2d-00,5000,uniform_clutter,99,230.0,2190.0094524270107,0.871771720933843,117.0,0.017171765997773036,1980.2844600786693,0.9640980110139497,1.4249864070152398,1.281122912150884,1.281122912150884,0,0.95,0.95,1,0.04285098770340589,9727,3404,20000024,24,1,3410
2561,3467,SC-RRT-fixed-matched,5000,15622,1041,2,evaluation-2d-00,5000,uniform_clutter,99,230.0,2190.0094524270107,0.871771720933843,117.0,0.0168811559851747,2029.4635629936556,0.9407354455713609,1.2831597919866908,1.5,1.5,0,0.8,0.8,1,0.0,8757,2792,20000024,24,1,3469
2560,3469,SC-RRT-fixed-matched,5000,16581,1144,2,evaluation-2d-00,5000,uniform_clutter,99,261.0,2234.893381724294,0.8542637088712824,149.0,0.01971456699538976,1964.9092994022717,0.9716419530328734,1.3606220509973355,1.5,1.5,0,0.8,0.8,1,0.0,9544,3476,20000025,25,1,3471
2560,3385,SC-RRT,5000,15814,988,2,evaluation-2d-00,5000,uniform_clutter,99,261.0,2234.893381724294,0.8542637088712824,149.0,0.019215480977436528,1989.7857027998425,0.9594944352636794,1.230588608974358,1.2903643388449535,1.2903643388449535,0,0.9461507785521962,0.9461507785521962,1,0.06289939636142938,9303,2975,20000025,25,1,3387
2564,3196,SC-RRT,5000,15216,1134,2,evaluation-2d-00,5000,uniform_clutter,99,210.0,2132.468027347365,0.8952951625626807,124.0,0.015909611014649272,1988.083604929183,0.9603159064689762,1.1936850250058342,1.2877867945008392,1.2877867945008392,0,0.94797732341975,0.94797732341975,1,0.046741778227397245,8963,3333,20000026,26,1,3198
2564,3366,SC-RRT-fixed-matched,5000,15028,1031,2,evaluation-2d-00,5000,uniform_clutter,99,210.0,2132.468027347365,0.8952951625626807,124.0,0.015050348010845482,2025.980944217888,0.9423525500831912,1.208103659999324,1.5,1.5,0,0.8,0.8,1,0.0,8511,3038,20000026,26,1,3368
2564,3250,SC-RRT-fixed-matched,5000,15456,1369,2,evaluation-2d-00,5000,uniform_clutter,99,470.0,2520.8798306296226,0.7573499878916615,186.0,0.029029291996266693,1994.5301929284965,0.9572120371868055,1.123445372999413,1.5,1.5,0,0.8,0.8,1,0.0,8729,3021,20000027,27,1,3252
2564,3144,SC-RRT,5000,14954,1328,2,evaluation-2d-00,5000,uniform_clutter,99,470.0,2520.8798306296226,0.7573499878916615,186.0,0.029970384028274566,1984.627857801889,0.9619880632524401,1.1193257700069807,1.2888384532858925,1.2888384532858925,0,0.9472321565077566,0.9472321565077566,1,0.06838675017663758,8538,2853,20000027,27,1,3146
2559,3339,SC-RRT,5000,16702,1111,2,evaluation-2d-00,5000,uniform_clutter,99,198.0,2111.7230117424288,0.9040903085241114,125.0,0.014781309990212321,1975.3510298438814,0.9665058414223054,1.219798300997354,1.2854952424619093,1.2854952424619093,0,0.9496006408580381,0.9496006408580381,1,0.036730512949135735,10023,3599,20000028,28,1,3341
2559,3467,SC-RRT-fixed-matched,5000,16648,1080,2,evaluation-2d-00,5000,uniform_clutter,99,198.0,2111.7230117424288,0.9040903085241114,125.0,0.015940137003781274,1962.9989949852995,0.9725875123119845,1.247393183002714,1.5,1.5,0,0.8,0.8,1,0.0,9690,3619,20000028,28,1,3469
2568,3436,SC-RRT-fixed-matched,5000,15703,925,2,evaluation-2d-00,5000,uniform_clutter,99,192.0,2114.7798630024918,0.9027834729299334,101.0,0.013294881995534524,2035.2794390371516,0.9380472639702367,1.1750477250025142,1.5,1.5,0,0.8,0.8,1,0.0,9145,2669,20000029,29,1,3438
2568,3352,SC-RRT,5000,15920,1014,2,evaluation-2d-00,5000,uniform_clutter,99,192.0,2114.7798630024918,0.9027834729299334,101.0,0.013634027010994032,2030.64816140518,0.9401866583734264,1.2472017180116381,1.3230643445539627,1.3230643445539627,0,0.922942930263369,0.922942930263369,1,0.020114556876209264,9394,2728,20000029,29,1,3354
2558,3343,SC-RRT,5000,15599,1060,2,evaluation-2d-00,5000,uniform_clutter,99,277.0,2391.739472342377,0.7982425892456811,142.0,0.018244748993311077,1976.787697277204,0.9658034152242874,1.195766196004115,1.2849416712725685,1.2849416712725685,0,0.9499927023977536,0.9499927023977536,1,0.0768194429138115,9061,3215,20000030,30,1,3345
2558,3425,SC-RRT-fixed-matched,5000,15946,1117,2,evaluation-2d-00,5000,uniform_clutter,99,277.0,2391.739472342377,0.7982425892456811,142.0,0.01851546499528922,1977.8910250191016,0.965264660718727,1.1963603339972906,1.5,1.5,0,0.8,0.8,1,0.0,9085,3253,20000030,30,1,3427
2556,3004,SC-RRT-fixed-matched,5000,13818,1543,2,evaluation-2d-00,5000,uniform_clutter,99,647.0,2480.8430249429057,0.7695723953544447,182.0,0.0372070939920377,2014.5593842025871,0.9476952251568314,1.0361075260152575,1.5,1.5,0,0.8,0.8,1,0.0,7397,2648,20000031,31,1,3006
2556,2870,SC-RRT,5000,13569,1574,2,evaluation-2d-00,5000,uniform_clutter,99,647.0,2480.8430249429057,0.7695723953544447,182.0,0.03599404499982484,2030.1981892398587,0.9403950408991899,1.101890319987433,1.286276533403026,1.286276533403026,0,0.9490472425483708,0.9490472425483708,1,0.10282828090391477,7418,2275,20000031,31,1,2872
2565,3245,SC-RRT,5000,15333,1060,2,evaluation-2d-00,5000,uniform_clutter,99,325.0,2271.167291927723,0.8406198504132191,176.0,0.02790923201246187,1969.8211055720158,0.9692191355870713,1.2525383190077264,1.2872538899369155,1.2872538899369155,0,0.9483548776161008,0.9483548776161008,1,0.061100750371685435,9124,3154,20000032,32,1,3247
2565,3384,SC-RRT-fixed-matched,5000,16182,1112,2,evaluation-2d-00,5000,uniform_clutter,99,325.0,2271.167291927723,0.8406198504132191,176.0,0.02577428100630641,1965.0334112492708,0.9715805839606112,1.425281622010516,1.5,1.5,0,0.8,0.8,1,0.0,9492,3593,20000032,32,1,3386
2560,3447,SC-RRT-fixed-matched,5000,16066,1144,2,evaluation-2d-00,5000,uniform_clutter,99,215.0,2070.8213587890446,0.921947371800393,132.0,0.015690355008700863,1974.4408799693301,0.9669513676364595,1.2263069780019578,1.5,1.5,0,0.8,0.8,1,0.0,9112,3137,20000033,33,1,3449
2560,3427,SC-RRT,5000,16750,1147,2,evaluation-2d-00,5000,uniform_clutter,99,215.0,2070.8213587890446,0.921947371800393,132.0,0.01645587501116097,1967.9656507858688,0.9701329433475026,1.3045950370142236,1.327410833811972,1.327410833811972,0,0.9198565076135093,0.9198565076135093,1,0.022461782111723144,9815,3035,20000033,33,1,3429
2562,3410,SC-RRT,5000,15716,992,2,evaluation-2d-00,5000,uniform_clutter,99,212.0,2270.6714584191645,0.8408034117506591,120.0,0.015433068008860573,2000.5629903269448,0.9543255165845422,1.411725000012666,1.287712494585326,1.287712494585326,0,0.9480299654326744,0.9480299654326744,1,0.0746000694590886,9118,3010,20000034,34,1,3412
2562,3448,SC-RRT-fixed-matched,5000,15389,1066,2,evaluation-2d-00,5000,uniform_clutter,99,212.0,2270.6714584191645,0.8408034117506591,120.0,0.015333107992773876,1981.5652702603454,0.9634748538728891,1.2309366069966927,1.5,1.5,0,0.8,0.8,1,0.0,8586,2674,20000034,34,1,3450
2562,3555,SC-RRT-fixed-matched,5000,16636,1064,2,evaluation-2d-00,5000,uniform_clutter,99,179.0,2090.8845428776417,0.9131007810580021,103.0,0.012791891989763826,1962.2497977955327,0.9729588512882174,1.274339677998796,1.5,1.5,0,0.8,0.8,1,0.0,9471,3319,20000035,35,1,3557
2562,3486,SC-RRT,5000,16510,1016,2,evaluation-2d-00,5000,uniform_clutter,99,179.0,2090.8845428776417,0.9131007810580021,103.0,0.01281303699943237,1958.2863071212578,0.9749280798527591,1.354385596991051,1.2866074967324206,1.2866074967324206,0,0.9488127974254589,0.9488127974254589,1,0.03704818388128661,9610,3280,20000035,35,1,3488
2558,3306,SC-RRT,5000,15286,1084,2,evaluation-2d-00,5000,uniform_clutter,99,268.0,2140.571696737272,0.8919057988637916,134.0,0.019585145986638963,1967.7884582957402,0.9702203004367582,1.2715098439948633,1.267118952010124,1.267118952010124,0,0.95,0.95,1,0.052055847844748475,8853,2845,20000036,36,1,3308
2558,3414,SC-RRT-fixed-matched,5000,15292,1110,2,evaluation-2d-00,5000,uniform_clutter,99,268.0,2140.571696737272,0.8919057988637916,134.0,0.01912281700060703,2021.7559008509177,0.9443218681345943,1.3280284029897302,1.5,1.5,0,0.8,0.8,1,0.0,8531,2758,20000036,36,1,3416
2564,3482,SC-RRT-fixed-matched,5000,16838,1165,2,evaluation-2d-00,5000,uniform_clutter,99,336.0,2216.2753339480355,0.8614400385906396,152.0,0.02290024101966992,2008.6730033800732,0.9504724293058212,1.2947884720051661,1.5,1.5,0,0.8,0.8,1,0.0,9750,3619,20000037,37,1,3484
2564,3239,SC-RRT,5000,15461,1188,2,evaluation-2d-00,5000,uniform_clutter,99,336.0,2216.2753339480355,0.8614400385906396,152.0,0.023131847003242,2044.9548477360715,0.9336090287359168,1.2378541629877873,1.2886445252854575,1.2886445252854575,0,0.9473695750315241,0.9473695750315241,1,0.0638610522266705,9017,3126,20000037,37,1,3241
2561,3309,SC-RRT,5000,15648,992,2,evaluation-2d-00,5000,uniform_clutter,99,153.0,2174.830724536694,0.8778560499739096,109.0,0.013016017008339986,1993.4192280968678,0.9577455069631262,1.4213203650142532,1.2851831807655645,1.2851831807655645,0,0.9498216597128207,0.9498216597128207,1,0.02821916567315698,9346,3013,20000038,38,1,3311
2561,3419,SC-RRT-fixed-matched,5000,16828,1134,2,evaluation-2d-00,5000,uniform_clutter,99,153.0,2174.830724536694,0.8778560499739096,109.0,0.01559705100953579,1987.715751760581,0.9604936256668749,1.4348869590030517,1.5,1.5,0,0.8,0.8,1,0.0,9920,3700,20000038,38,1,3421
2569,3404,SC-RRT-fixed-matched,5000,16172,1232,2,evaluation-2d-00,5000,uniform_clutter,99,415.0,2122.6650230399823,0.8994298622160493,173.0,0.028216031001647934,1996.7987213664014,0.956124565172612,1.3589820159832016,1.5,1.5,0,0.8,0.8,1,0.0,9182,3174,20000039,39,1,3406
2569,3418,SC-RRT,5000,16802,1134,2,evaluation-2d-00,5000,uniform_clutter,99,415.0,2122.6650230399823,0.8994298622160493,173.0,0.030428641010075808,1992.71336935491,0.9580847594863727,1.4282730870181695,1.2972356791054278,1.2972356791054278,0,0.9412786184207933,0.9412786184207933,1,0.03237937553758323,9906,3398,20000039,39,1,3420
2577,3438,SC-RRT,5000,15912,1012,2,evaluation-2d-00,5000,uniform_clutter,99,160.0,2021.2995722694297,0.944535058234897,101.0,0.013188134995289147,1949.8649261757764,0.9791387513944998,1.3262370399897918,1.315677481139217,1.315677481139217,0,0.928188557505274,0.928188557505274,1,0.02288735943224633,9148,3082,20000040,40,1,3440
2577,3454,SC-RRT-fixed-matched,5000,15624,1032,2,evaluation-2d-00,5000,uniform_clutter,99,160.0,2021.2995722694297,0.944535058234897,101.0,0.012713532021734864,1970.1781575982777,0.9690434856566736,1.2481710740248673,1.5,1.5,0,0.8,0.8,1,0.0,8793,2844,20000040,40,1,3456
2560,3409,SC-RRT-fixed-matched,5000,15824,1054,2,evaluation-2d-00,5000,uniform_clutter,99,241.0,2233.080937361133,0.854957058323106,133.0,0.01956689200596884,2000.282627495461,0.9544592763844372,1.3306469010130968,1.5,1.5,0,0.8,0.8,1,0.0,9085,3255,20000041,41,1,3411
2560,3364,SC-RRT,5000,15748,1056,2,evaluation-2d-00,5000,uniform_clutter,99,241.0,2233.080937361133,0.854957058323106,133.0,0.018423024012008682,2012.6900151545965,0.9485754362710602,1.3456526740046684,1.2816367016274488,1.2816367016274488,0,0.95,0.95,1,0.04816693571337982,9112,3073,20000041,41,1,3366
2556,3492,SC-RRT,5000,17149,1026,2,evaluation-2d-00,5000,uniform_clutter,99,191.0,2166.9024889602724,0.8810679386499524,124.0,0.015268682996975258,1964.6239373565527,0.9717830842336858,1.3951092459901702,1.28495942688622,1.28495942688622,0,0.949980127674258,0.949980127674258,1,0.03873608662208127,10209,3666,20000042,42,1,3494
2556,3522,SC-RRT-fixed-matched,5000,16569,1050,2,evaluation-2d-00,5000,uniform_clutter,99,191.0,2166.9024889602724,0.8810679386499524,124.0,0.015501162997679785,1996.4440404900877,0.9562944267323467,1.305231056001503,1.5,1.5,0,0.8,0.8,1,0.0,9532,3203,20000042,42,1,3524
2567,3460,SC-RRT-fixed-matched,5000,15717,1007,2,evaluation-2d-00,5000,uniform_clutter,99,119.0,2074.6375054395144,0.9202515158421445,95.0,0.010180632991250604,1960.7483128682204,0.973703915323472,1.250686093000695,1.5,1.5,0,0.8,0.8,1,0.0,8892,2789,20000043,43,1,3462
2567,3347,SC-RRT,5000,15985,1020,2,evaluation-2d-00,5000,uniform_clutter,99,119.0,2074.6375054395144,0.9202515158421445,95.0,0.010151066991966218,1980.2782754507878,0.9641010219985741,1.2709363939939067,1.3249977505410326,1.3249977505410326,0,0.9215699918575453,0.9215699918575453,1,0.017757136121918694,9435,3095,20000043,43,1,3349
2565,3455,SC-RRT,5000,17217,1084,2,evaluation-2d-00,5000,uniform_clutter,99,222.0,2180.2628910008234,0.8756688549275305,120.0,0.015842602006159723,2012.9659700974241,0.9484453972718062,1.3178877230093349,1.3409574581532964,1.3409574581532964,0,0.9102408933072427,0.9102408933072427,1,0.007882350358889343,10271,3464,20000044,44,1,3457
2565,3506,SC-RRT-fixed-matched,5000,16457,1052,2,evaluation-2d-00,5000,uniform_clutter,99,222.0,2180.2628910008234,0.8756688549275305,120.0,0.01686276399414055,2000.6570725016877,0.9542806388185088,1.3612472590175457,1.5,1.5,0,0.8,0.8,1,0.0,9453,3381,20000044,44,1,3508
2554,3553,SC-RRT-fixed-matched,5000,17020,995,2,evaluation-2d-00,5000,uniform_clutter,99,275.0,2237.2876768389124,0.8533494950015507,117.0,0.019296311016660184,2007.9950119588589,0.9507933524900584,1.3684707200154662,1.5,1.5,0,0.8,0.8,1,0.0,9979,3602,20000045,45,1,3555
2554,3491,SC-RRT,5000,17045,1026,2,evaluation-2d-00,5000,uniform_clutter,99,275.0,2237.2876768389124,0.8533494950015507,117.0,0.021379121986683458,1963.8993436676537,0.9721416300482077,1.5262491919856984,1.2907454066949633,1.2907454066949633,0,0.945880685838252,0.945880685838252,1,0.06699952569487527,10100,3624,20000045,45,1,3493
2561,3311,SC-RRT,5000,16203,1029,2,evaluation-2d-00,5000,uniform_clutter,99,200.0,2169.708355247144,0.8799285418183354,124.0,0.016618446999927983,1944.5049597606198,0.981837716391688,1.362827875011135,1.2894388962925731,1.2894388962925731,0,0.9468066558369334,0.9468066558369334,1,0.06356638278802422,9775,3244,20000046,46,1,3313
2561,3414,SC-RRT-fixed-matched,5000,15423,1069,2,evaluation-2d-00,5000,uniform_clutter,99,200.0,2169.708355247144,0.8799285418183354,124.0,0.017952523980056867,1964.1141957373034,0.9720352886543816,1.3866976619756315,1.5,1.5,0,0.8,0.8,1,0.0,8673,2850,20000046,46,1,3416
2571,3275,SC-RRT-fixed-matched,5000,15290,1226,2,evaluation-2d-00,5000,uniform_clutter,99,166.0,2172.5580793149893,0.8787743477981717,112.0,0.015300850995117798,1981.6570743606887,0.9634302190350518,1.2619686019897927,1.5,1.5,0,0.8,0.8,1,0.0,8609,2938,20000047,47,1,3277
2571,3232,SC-RRT,5000,16121,1219,2,evaluation-2d-00,5000,uniform_clutter,99,166.0,2172.5580793149893,0.8787743477981717,112.0,0.013412389002041891,1990.0425348379936,0.9593706042866579,1.31971142598195,1.3142614726597492,1.3142614726597492,0,0.9291940586880424,0.9291940586880424,1,0.0173512619604638,9553,3364,20000047,47,1,3234
2562,3087,SC-RRT,5000,14521,1229,2,evaluation-2d-00,5000,uniform_clutter,99,522.0,2263.5812916506284,0.8434370421092662,183.0,0.033579184993868694,1999.7152844628606,0.9547300678438838,1.2484769930015318,1.2904960464844444,1.2904960464844444,0,0.9460574285212113,0.9460574285212113,1,0.06747930105799575,8401,2694,20000048,48,1,3089
2562,3212,SC-RRT-fixed-matched,5000,14415,1284,2,evaluation-2d-00,5000,uniform_clutter,99,522.0,2263.5812916506284,0.8434370421092662,183.0,0.0334580930066295,2077.141055238058,0.9191423492348569,1.1773944210144691,1.5,1.5,0,0.8,0.8,1,0.0,7888,2458,20000048,48,1,3214
2563,3481,SC-RRT-fixed-matched,5000,16699,1100,2,evaluation-2d-00,5000,uniform_clutter,99,234.0,2248.5357738500775,0.8490806912689906,129.0,0.017347857996355742,2024.2872501215036,0.9431410038714038,1.2854948769963812,1.5,1.5,0,0.8,0.8,1,0.0,9721,3016,20000049,49,1,3483
2563,3445,SC-RRT,5000,17082,1132,2,evaluation-2d-00,5000,uniform_clutter,99,234.0,2248.5357738500775,0.8490806912689906,129.0,0.016080941015388817,2004.6573204241033,0.9523763935871954,1.44953956300742,1.2840840655051486,1.2840840655051486,0,0.95,0.95,1,0.05431414769879108,10105,3058,20000049,49,1,3447
2559,2930,SC-RRT,5000,13355,1510,2,evaluation-2d-01,5000,central_cluster,99,760.0,2473.9665965029126,0.7717114337365835,286.0,0.056243307975819334,2133.606724188303,0.8948173473393973,1.154653203993803,1.292177381975313,1.292177381975313,1,0.9448656148562713,0.9448656148562713,1,0.10591718805770566,7370,2376,20010000,0,1,2932
2559,3116,SC-RRT-fixed-matched,5000,13547,1530,2,evaluation-2d-01,5000,central_cluster,99,760.0,2473.9665965029126,0.7717114337365835,286.0,0.055028122005751356,2156.461256546764,0.8853339253870691,1.1248100039956626,1.5,1.5,1,0.8,0.8,1,0.0,7019,2249,20010000,0,1,3118
2563,3379,SC-RRT-fixed-matched,5000,15377,1126,2,evaluation-2d-01,5000,central_cluster,99,335.0,2154.9976488523876,0.8859352167833633,153.0,0.024264283012598753,2067.4950797188403,0.9234306421968896,1.259532616008073,1.5,1.5,1,0.8,0.8,1,0.0,8677,2992,20010001,1,1,3381
2563,3149,SC-RRT,5000,14922,1142,2,evaluation-2d-01,5000,central_cluster,99,335.0,2154.9976488523876,0.8859352167833633,153.0,0.02408584300428629,2062.7292725118855,0.925564171045465,1.316196351981489,1.2906777494769892,1.2906777494769892,1,0.945928640799938,0.945928640799938,1,0.027754691259594972,8822,2916,20010001,1,1,3151
2562,3238,SC-RRT,5000,14815,1185,2,evaluation-2d-01,5000,central_cluster,99,545.0,2561.4636013243457,0.7453505520111925,224.0,0.03770744299981743,2191.67774869279,0.8711081318147249,1.322067113011144,1.2870361953108964,1.2870361953108964,1,0.948509102335978,0.948509102335978,1,0.08130653957956344,8426,2466,20010002,2,1,3240
2562,3207,SC-RRT-fixed-matched,5000,14742,1338,2,evaluation-2d-01,5000,central_cluster,99,545.0,2561.4636013243457,0.7453505520111925,224.0,0.045831127994460985,2073.2832511484917,0.9208526177723602,1.3839039529848378,1.5,1.5,1,0.8,0.8,1,0.0,8161,2951,20010002,2,1,3209
2561,3251,SC-RRT-fixed-matched,5000,14382,1327,2,evaluation-2d-01,5000,central_cluster,99,741.0,2604.066258592972,0.7331565788326945,294.0,0.04952317601419054,2205.135163068411,0.8657919664874748,1.1889091040065978,1.5,1.5,1,0.8,0.8,1,0.0,7839,2646,20010003,3,1,3253
2561,3122,SC-RRT,5000,14074,1131,2,evaluation-2d-01,5000,central_cluster,99,741.0,2604.066258592972,0.7331565788326945,294.0,0.05700292999972589,2251.8626160420936,0.847826281942233,1.3962743259908166,1.2866012454353886,1.2866012454353886,1,0.9488172257754416,0.9488172257754416,1,0.058919093866999304,8241,2091,20010003,3,1,3124
2567,2992,SC-RRT,5000,14359,1327,2,evaluation-2d-01,5000,central_cluster,99,355.0,2250.015859310646,0.8485221565454255,138.0,0.023675844975514337,2059.1932388950154,0.9271535439909314,1.134496398997726,1.2860096919204462,1.2860096919204462,1,0.9492362571122166,0.9492362571122166,1,0.03297542846330963,8376,3045,20010004,4,1,2994
2567,3187,SC-RRT-fixed-matched,5000,14734,1281,2,evaluation-2d-01,5000,central_cluster,99,355.0,2250.015859310646,0.8485221565454255,138.0,0.023798199981683865,2050.820039750489,0.9309389767012214,1.1499459819751792,1.5,1.5,1,0.8,0.8,1,0.0,8304,2894,20010004,4,1,3189
2558,3000,SC-RRT-fixed-matched,5000,13296,1590,2,evaluation-2d-01,5000,central_cluster,99,912.0,2474.876651555306,0.7714276620630253,347.0,0.06544380300329067,2043.6685918531114,0.9341966289517166,1.0424287269997876,1.5,1.5,1,0.8,0.8,1,0.0,7076,2396,20010005,5,1,3002
2558,2745,SC-RRT,5000,12337,1585,2,evaluation-2d-01,5000,central_cluster,99,912.0,2474.876651555306,0.7714276620630253,347.0,0.06503095201333053,2101.3608941608804,0.908548509924593,0.9678215320163872,1.2933705887477385,1.2933705887477385,1,0.9440196605300498,0.9440196605300498,1,0.11548862266811036,6837,2290,20010005,5,1,2747
2562,3278,SC-RRT,5000,15830,1174,2,evaluation-2d-01,5000,central_cluster,99,719.0,2537.8588899701035,0.7522830826997512,291.0,0.050327791017480195,2108.296609875799,0.9055596353286124,1.3993553280015476,1.2862956476488805,1.2862956476488805,1,0.9490337028683339,0.9490337028683339,1,0.05270119955238988,9389,2549,20010006,6,1,3280
2562,3287,SC-RRT-fixed-matched,5000,14764,1279,2,evaluation-2d-01,5000,central_cluster,99,719.0,2537.8588899701035,0.7522830826997512,291.0,0.049983856006292626,2001.223830597163,0.9540103810546662,1.2269413839967456,1.5,1.5,1,0.8,0.8,1,0.0,8132,2769,20010006,6,1,3289
2553,3263,SC-RRT-fixed-matched,5000,15053,1287,2,evaluation-2d-01,5000,central_cluster,99,929.0,2457.6937543304352,0.776821077011611,356.0,0.06320550199598074,2207.4421980157895,0.8648871127496776,1.2788530149846338,1.5,1.5,1,0.8,0.8,1,0.0,8497,2697,20010007,7,1,3265
2553,3092,SC-RRT,5000,14368,1317,2,evaluation-2d-01,5000,central_cluster,99,929.0,2457.6937543304352,0.776821077011611,356.0,0.06844552501570433,2249.810587012761,0.8485995755485567,1.168485109024914,1.3308415801660745,1.3308415801660745,1,0.9174206311718006,0.9174206311718006,1,0.04311062656510392,8254,2531,20010007,7,1,3094
2559,3582,SC-RRT,5000,17440,1042,2,evaluation-2d-01,5000,central_cluster,99,392.0,2368.706818315578,0.8060044807745899,231.0,0.02779712699702941,2157.134320375972,0.8850576856386585,1.3724860149959568,1.2859887891310686,1.2859887891310686,1,0.9492510630789999,0.9492510630789999,1,0.034535781936800194,10303,2871,20010008,8,1,3584
2559,3692,SC-RRT-fixed-matched,5000,16295,900,2,evaluation-2d-01,5000,central_cluster,99,392.0,2368.706818315578,0.8060044807745899,231.0,0.027573761995881796,2100.7545545102307,0.9088107437895265,1.2629239289963152,1.5,1.5,1,0.8,0.8,1,0.0,9148,2942,20010008,8,1,3694
2560,3114,SC-RRT-fixed-matched,5000,13883,1382,2,evaluation-2d-01,5000,central_cluster,99,458.0,2432.6976606764806,0.7848029535543576,193.0,0.028715266002109274,2195.5460772536608,0.8695733280131481,1.0449791489809286,1.5,1.5,1,0.8,0.8,1,0.0,7605,2712,20010009,9,1,3116
2560,2912,SC-RRT,5000,13043,1450,2,evaluation-2d-01,5000,central_cluster,99,458.0,2432.6976606764806,0.7848029535543576,193.0,0.028591781010618433,2197.8957065112772,0.8686437229699745,1.019659183017211,1.2869017760614119,1.2869017760614119,1,0.9486043285645769,0.9486043285645769,1,0.06998993437714734,7256,2544,20010009,9,1,2914
2558,3097,SC-RRT,5000,14888,1209,2,evaluation-2d-01,5000,central_cluster,99,730.0,2606.0624757210862,0.7325949884127064,316.0,0.053879141982179135,2181.500437391097,0.8751720955357302,1.2618587279866915,1.2905587038590665,1.2905587038590665,1,0.9460130184767684,0.9460130184767684,1,0.07966334093507117,8951,2693,20010010,10,1,3099
2558,3208,SC-RRT-fixed-matched,5000,14708,1334,2,evaluation-2d-01,5000,central_cluster,99,730.0,2606.0624757210862,0.7325949884127064,316.0,0.050954486010596156,2130.7966401914173,0.8959974280005288,1.1281662580149714,1.5,1.5,1,0.8,0.8,1,0.0,8281,2682,20010010,10,1,3210
2557,3368,SC-RRT-fixed-matched,5000,15384,1229,2,evaluation-2d-01,5000,central_cluster,99,569.0,2343.242060774469,0.8147635880915646,218.0,0.03430612600641325,2089.2560432695414,0.913812510129649,1.1415618110040668,1.5,1.5,1,0.8,0.8,1,0.0,8563,3029,20010011,11,1,3370
2557,3197,SC-RRT,5000,15065,1310,2,evaluation-2d-01,5000,central_cluster,99,569.0,2343.242060774469,0.8147635880915646,218.0,0.03690827899845317,2015.0521205014168,0.9474634873109904,1.2556571419991087,1.296452193325369,1.296452193325369,1,0.9418343421881143,0.9418343421881143,1,0.12265607470230601,8536,2750,20010011,11,1,3199
2562,3345,SC-RRT,5000,16544,1081,2,evaluation-2d-01,5000,central_cluster,99,284.0,2417.81329887721,0.7896342989304723,152.0,0.021785593999084085,2007.2873193515982,0.9511285658001326,1.2785416149999946,1.2878306278083425,1.2878306278083425,1,0.9479462669510424,0.9479462669510424,1,0.10095127523748161,9960,3349,20010012,12,1,3347
2562,3526,SC-RRT-fixed-matched,5000,16647,1134,2,evaluation-2d-01,5000,central_cluster,99,284.0,2417.81329887721,0.7896342989304723,152.0,0.019761581992497668,2043.7935921759447,0.9341394926143409,1.2924786579969805,1.5,1.5,1,0.8,0.8,1,0.0,9474,3138,20010012,12,1,3528
2558,3311,SC-RRT-fixed-matched,5000,15168,1309,2,evaluation-2d-01,5000,central_cluster,99,730.0,2389.0855729499503,0.7991293115743386,250.0,0.044620258995564654,1996.1463365957786,0.9564370478266647,1.1193364710197784,1.5,1.5,1,0.8,0.8,1,0.0,8384,3183,20010013,13,1,3313
2558,3152,SC-RRT,5000,14964,1298,2,evaluation-2d-01,5000,central_cluster,99,730.0,2389.0855729499503,0.7991293115743386,250.0,0.057398585020564497,2030.4543044337302,0.9402764223921446,1.1109329879982397,1.2930951868519753,1.2930951868519753,1,0.9442149244548751,0.9442149244548751,1,0.10619067976778747,8604,2605,20010013,13,1,3154
2570,3305,SC-RRT,5000,15782,1213,2,evaluation-2d-01,5000,central_cluster,99,347.0,2242.4982702770967,0.8513666808615943,174.0,0.023050210991641507,2065.8701002579173,0.9241569975601671,1.2065427950001322,1.288991245524847,1.288991245524847,1,0.9471238844355934,0.9471238844355934,1,0.05310720697895264,9137,2688,20010014,14,1,3307
2570,3475,SC-RRT-fixed-matched,5000,16505,1183,2,evaluation-2d-01,5000,central_cluster,99,347.0,2242.4982702770967,0.8513666808615943,174.0,0.022965176991419867,2018.1265616619623,0.946020108685071,1.2643097180116456,1.5,1.5,1,0.8,0.8,1,0.0,9445,3049,20010014,14,1,3477
2562,3560,SC-RRT-fixed-matched,5000,16293,1138,2,evaluation-2d-01,5000,central_cluster,99,517.0,2692.142862553306,0.7091705034527584,260.0,0.034693595982389525,1989.911444207163,0.9594338053391883,1.2551520399865694,1.5,1.5,1,0.8,0.8,1,0.0,9090,3088,20010015,15,1,3562
2562,3493,SC-RRT,5000,15900,952,2,evaluation-2d-01,5000,central_cluster,99,517.0,2692.142862553306,0.7091705034527584,260.0,0.03564811899559572,2099.215713625949,0.9094769521832329,1.3240257790021133,1.285071648081272,1.285071648081272,1,0.949900650570532,0.949900650570532,1,0.04460030610651542,9243,2715,20010015,15,1,3495
2555,3333,SC-RRT,5000,15036,1177,2,evaluation-2d-01,5000,central_cluster,99,429.0,2331.6388882519846,0.8188181792743151,213.0,0.03126311901723966,2110.9553512604243,0.9044190859194281,1.1486847600026522,1.2818912778058502,1.2818912778058502,1,0.95,0.95,1,0.039030079887076824,8388,2647,20010016,16,1,3335
2555,3394,SC-RRT-fixed-matched,5000,15510,1116,2,evaluation-2d-01,5000,central_cluster,99,429.0,2331.6388882519846,0.8188181792743151,213.0,0.03130183499888517,2146.721311170657,0.8893507970825303,1.190489211003296,1.5,1.5,1,0.8,0.8,1,0.0,8808,3050,20010016,16,1,3396
2553,3154,SC-RRT-fixed-matched,5000,14866,1463,2,evaluation-2d-01,5000,central_cluster,99,583.0,2429.793511098985,0.7857409695444287,193.0,0.0448398599983193,2031.8492150386057,0.9396309012858531,1.3657409680017736,1.5,1.5,1,0.8,0.8,1,0.0,8219,2969,20010017,17,1,3156
2553,3189,SC-RRT,5000,15585,1383,2,evaluation-2d-01,5000,central_cluster,99,583.0,2429.793511098985,0.7857409695444287,193.0,0.038357307988917455,2094.148350860754,0.9116776795774512,1.3216267729876563,1.2859772835802887,1.2859772835802887,1,0.9492592127275081,0.9492592127275081,1,0.087519976001748,8954,2809,20010017,17,1,3191
2564,3469,SC-RRT,5000,16775,1126,2,evaluation-2d-01,5000,central_cluster,99,370.0,2318.0340617791717,0.8236239236874328,184.0,0.02769699299824424,2114.997724477483,0.902690479099853,1.5711362610163633,1.29235461535884,1.29235461535884,1,0.9447399684554875,0.9447399684554875,1,0.03510943914008383,9844,2784,20010018,18,1,3471
2564,3378,SC-RRT-fixed-matched,5000,15479,1227,2,evaluation-2d-01,5000,central_cluster,99,370.0,2318.0340617791717,0.8236239236874328,184.0,0.027601597015745938,2008.881873617727,0.9503736054751124,1.184448045998579,1.5,1.5,1,0.8,0.8,1,0.0,8653,2807,20010018,18,1,3380
2557,3460,SC-RRT-fixed-matched,5000,15667,1057,2,evaluation-2d-01,5000,central_cluster,99,315.0,2216.242075208191,0.861452966063886,173.0,0.023201670992420986,2039.9625234913683,0.9358938153119246,1.168934496003203,1.5,1.5,1,0.8,0.8,1,0.0,8963,3303,20010019,19,1,3462
2557,3332,SC-RRT,5000,15859,1094,2,evaluation-2d-01,5000,central_cluster,99,315.0,2216.242075208191,0.861452966063886,173.0,0.025313585996627808,1989.9903992265495,0.959395738766239,1.5609207749948837,1.2901198822614393,1.2901198822614393,1,0.9463240370374172,0.9463240370374172,1,0.06259883532460996,9440,3554,20010019,19,1,3334
2561,3131,SC-RRT,5000,15114,1404,2,evaluation-2d-01,5000,central_cluster,99,603.0,2632.8748556481264,0.7251344685479552,242.0,0.04135273501742631,2240.73941934544,0.8520349544979158,1.2288255940075032,1.2897605331052349,1.2897605331052349,1,0.946578715397572,0.946578715397572,1,0.07906468929690703,8745,3060,20010020,20,1,3133
2561,3298,SC-RRT-fixed-matched,5000,14650,1291,2,evaluation-2d-01,5000,central_cluster,99,603.0,2632.8748556481264,0.7251344685479552,242.0,0.03870852600084618,2236.238063087453,0.8537500281020014,1.1567319500027224,1.5,1.5,1,0.8,0.8,1,0.0,8049,2964,20010020,20,1,3300
2558,3211,SC-RRT-fixed-matched,5000,14797,1352,2,evaluation-2d-01,5000,central_cluster,99,457.0,2478.2599306085503,0.770374521906936,192.0,0.029365780006628484,2063.535082545026,0.9252027384235277,1.122103622998111,1.5,1.5,1,0.8,0.8,1,0.0,8233,3034,20010021,21,1,3213
2558,3097,SC-RRT,5000,14388,1378,2,evaluation-2d-01,5000,central_cluster,99,457.0,2478.2599306085503,0.770374521906936,192.0,0.03234753600554541,2007.9374113021988,0.9508206274046763,1.1103164740197826,1.2858265245470613,1.2858265245470613,1,0.9493659975385453,0.9493659975385453,1,0.15282332047086983,8097,2797,20010021,21,1,3099
2561,3136,SC-RRT,5000,14089,1185,2,evaluation-2d-01,5000,central_cluster,99,630.0,2628.6309144900642,0.7263052027119781,246.0,0.04415783501463011,2160.713030134345,0.8835917970490381,1.1325392650032882,1.285804563344715,1.285804563344715,1,0.9493815527734769,0.9493815527734769,1,0.10317741514112856,8039,2523,20010022,22,1,3138
2561,3308,SC-RRT-fixed-matched,5000,14738,1195,2,evaluation-2d-01,5000,central_cluster,99,630.0,2628.6309144900642,0.7263052027119781,246.0,0.04371925999294035,2203.652763263459,0.8663743857613488,1.1221149369957857,1.5,1.5,1,0.8,0.8,1,0.0,8216,2648,20010022,22,1,3310
2561,3213,SC-RRT-fixed-matched,5000,13948,1281,2,evaluation-2d-01,5000,central_cluster,99,549.0,2454.3767361974433,0.7778709279006517,256.0,0.03910889898543246,2148.988145096573,0.8884126762448387,1.2053656229982153,1.5,1.5,1,0.8,0.8,1,0.0,7583,2497,20010023,23,1,3215
2561,2990,SC-RRT,5000,13979,1357,2,evaluation-2d-01,5000,central_cluster,99,549.0,2454.3767361974433,0.7778709279006517,256.0,0.04008127099950798,2153.868221215823,0.8863997761784949,1.310160866996739,1.290056251690753,1.290056251690753,1,0.9463691342568664,0.9463691342568664,1,0.08547566338809943,8064,2428,20010023,23,1,2992
2562,2971,SC-RRT,5000,13960,1471,2,evaluation-2d-01,5000,central_cluster,99,740.0,2411.373239280397,0.7917431769183186,269.0,0.05267640500096604,2048.852196678052,0.9318331074829015,1.1968879739870317,1.2920746109719219,1.2920746109719219,1,0.9449384712464336,0.9449384712464336,1,0.07805002655943663,7866,2593,20010024,24,1,2973
2562,3190,SC-RRT-fixed-matched,5000,14913,1412,2,evaluation-2d-01,5000,central_cluster,99,740.0,2411.373239280397,0.7917431769183186,269.0,0.05194218299584463,2117.0553337790834,0.9018131357935039,1.239469991007354,1.5,1.5,1,0.8,0.8,1,0.0,8344,2961,20010024,24,1,3192
2566,3380,SC-RRT-fixed-matched,5000,14858,1157,2,evaluation-2d-01,5000,central_cluster,99,507.0,2392.268359095146,0.7980661124180113,230.0,0.03776507801376283,2121.0537020946476,0.9001131406141478,1.2140735569992103,1.5,1.5,1,0.8,0.8,1,0.0,8160,2690,20010025,25,1,3382
2566,3291,SC-RRT,5000,15234,1178,2,evaluation-2d-01,5000,central_cluster,99,507.0,2392.268359095146,0.7980661124180113,230.0,0.03674425999633968,2085.6908867009492,0.9153745271541869,1.2807559020002373,1.293602116002234,1.293602116002234,1,0.9438554994623573,0.9438554994623573,1,0.0887979437092114,8709,2863,20010025,25,1,3293
2565,3272,SC-RRT,5000,14812,1162,2,evaluation-2d-01,5000,central_cluster,99,407.0,2256.998062827246,0.8458971855793792,197.0,0.030627673026174307,2045.8480229378315,0.9332014342209495,1.4053681810037233,1.2887291468217077,1.2887291468217077,1,0.9473096121660699,0.9473096121660699,1,0.059568035779316804,8369,2428,20010026,26,1,3274
2565,3408,SC-RRT-fixed-matched,5000,15963,1148,2,evaluation-2d-01,5000,central_cluster,99,407.0,2256.998062827246,0.8458971855793792,197.0,0.03150311199715361,2051.205767540595,0.9307639142867679,1.511730459984392,1.5,1.5,1,0.8,0.8,1,0.0,9134,2671,20010026,26,1,3410
2557,3134,SC-RRT-fixed-matched,5000,14339,1524,2,evaluation-2d-01,5000,central_cluster,99,941.0,2283.6502271190916,0.8360248371363723,331.0,0.08250693400623277,2114.3533952108655,0.902965565514309,1.2605274690140504,1.5,1.5,1,0.8,0.8,1,0.0,7774,2659,20010027,27,1,3136
2557,2979,SC-RRT,5000,14234,1533,2,evaluation-2d-01,5000,central_cluster,99,941.0,2283.6502271190916,0.8360248371363723,331.0,0.06704820998129435,2089.340496139101,0.9137755730727822,1.1892794540035538,1.2857658269029617,1.2857658269029617,1,0.949408989872224,0.949408989872224,1,0.09607942703902675,8023,2547,20010027,27,1,2981
2556,3339,SC-RRT,5000,15595,1138,2,evaluation-2d-01,5000,central_cluster,99,284.0,2217.1558388904996,0.861097932637458,149.0,0.021482034004293382,2015.1990032393842,0.9473944291033807,1.2316472689853981,1.3064177633983851,1.3064177633983851,1,0.9347629421130594,0.9347629421130594,1,0.023966030678817443,8949,2829,20010028,28,1,3341
2556,3556,SC-RRT-fixed-matched,5000,16389,1020,2,evaluation-2d-01,5000,central_cluster,99,284.0,2217.1558388904996,0.861097932637458,149.0,0.021077090001199394,2017.4451810884043,0.9463396215671537,1.3179224460036494,1.5,1.5,1,0.8,0.8,1,0.0,9353,3163,20010028,28,1,3558
2569,2999,SC-RRT-fixed-matched,5000,13663,1585,2,evaluation-2d-01,5000,central_cluster,99,1101.0,2433.2839602740532,0.7846138553383849,394.0,0.07780704801552929,2091.3585308690213,0.9128938348081111,1.1348426810000092,1.5,1.5,1,0.8,0.8,1,0.0,7380,2177,20010029,29,1,3001
2569,2880,SC-RRT,5000,13907,1558,2,evaluation-2d-01,5000,central_cluster,99,1101.0,2433.2839602740532,0.7846138553383849,394.0,0.07831549498951063,2118.8781059161183,0.9010373479592972,1.1688049910007976,1.294533865011309,1.294533865011309,1,0.9431948118293689,0.9431948118293689,1,0.09816240888040478,7952,2545,20010029,29,1,2882
2559,3058,SC-RRT,5000,14536,1385,2,evaluation-2d-01,5000,central_cluster,99,468.0,2310.540174860837,0.8262952230720975,208.0,0.034350422996794805,2106.770829237772,0.9062154662044666,1.2071051500097383,1.2858899149470884,1.2858899149470884,1,0.9493210974950057,0.9493210974950057,1,0.051340639194058624,8277,2391,20010030,30,1,3060
2559,3235,SC-RRT-fixed-matched,5000,14939,1311,2,evaluation-2d-01,5000,central_cluster,99,468.0,2310.540174860837,0.8262952230720975,208.0,0.03394286098773591,2046.417585813006,0.9329417038044027,1.197414927999489,1.5,1.5,1,0.8,0.8,1,0.0,8334,2919,20010030,30,1,3237
2559,3415,SC-RRT-fixed-matched,5000,16133,1075,2,evaluation-2d-01,5000,central_cluster,99,277.0,2215.8549009433,0.8616034869390264,150.0,0.020518220000667498,1990.4033037836962,0.9591967143414449,1.3080813179840334,1.5,1.5,1,0.8,0.8,1,0.0,9408,2977,20010031,31,1,3417
2559,3340,SC-RRT,5000,17027,1112,2,evaluation-2d-01,5000,central_cluster,99,277.0,2215.8549009433,0.8616034869390264,150.0,0.020554438000544906,1987.0606252989598,0.9608102968254603,1.4454921040160116,1.2858207099616676,1.2858207099616676,1,0.9493701160449517,0.9493701160449517,1,0.07106323791292485,10406,3145,20010031,31,1,3342
2563,2753,SC-RRT,5000,13267,1682,2,evaluation-2d-01,5000,central_cluster,99,716.0,2357.5149486315845,0.8098308391689577,258.0,0.05284346200642176,2005.0691033945877,0.9521808031311325,1.032504675007658,1.290327896736041,1.290327896736041,1,0.9461766072326385,0.9461766072326385,1,0.11711470687144497,7519,2295,20010032,32,1,2755
2563,3007,SC-RRT-fixed-matched,5000,13643,1568,2,evaluation-2d-01,5000,central_cluster,99,716.0,2357.5149486315845,0.8098308391689577,258.0,0.046319567976752296,2082.807610949854,0.916641699966231,1.0509489940013736,1.5,1.5,1,0.8,0.8,1,0.0,7377,2167,20010032,32,1,3009
2563,3418,SC-RRT-fixed-matched,5000,15448,1134,2,evaluation-2d-01,5000,central_cluster,99,481.0,2407.7236215543635,0.7929432980231993,211.0,0.033155754004837945,2086.1696013235533,0.9151644755979617,1.2523429809953086,1.5,1.5,1,0.8,0.8,1,0.0,8709,3136,20010033,33,1,3420
2563,3117,SC-RRT,5000,13905,1181,2,evaluation-2d-01,5000,central_cluster,99,481.0,2407.7236215543635,0.7929432980231993,211.0,0.033253230998525396,2079.90033379824,0.9179229784136755,1.1690803389938083,1.2889679465051747,1.2889679465051747,1,0.9471403948004317,0.9471403948004317,1,0.06026602845150346,7893,2577,20010033,33,1,3119
2563,3402,SC-RRT,5000,15561,1055,2,evaluation-2d-01,5000,central_cluster,99,129.0,2071.042809991868,0.921848790373954,102.0,0.01185060600982979,1989.9753069309202,0.9594030149791972,1.278090000996599,1.3359982604053537,1.3359982604053537,1,0.9137600725398498,0.9137600725398498,1,0.01891809821530474,8880,3049,20010034,34,1,3404
2563,3565,SC-RRT-fixed-matched,5000,15906,1014,2,evaluation-2d-01,5000,central_cluster,99,129.0,2071.042809991868,0.921848790373954,102.0,0.01038122599129565,1990.7520016515796,0.9590287025303835,1.2365832770010456,1.5,1.5,1,0.8,0.8,1,0.0,8854,3008,20010034,34,1,3567
2567,3445,SC-RRT-fixed-matched,5000,15421,1152,2,evaluation-2d-01,5000,central_cluster,99,481.0,2427.7533198205324,0.7864012762815671,207.0,0.031083965994184837,2082.587593973165,0.916738539463459,1.1879156449867878,1.5,1.5,1,0.8,0.8,1,0.0,8511,2975,20010035,35,1,3447
2567,3320,SC-RRT,5000,15822,1154,2,evaluation-2d-01,5000,central_cluster,99,481.0,2427.7533198205324,0.7864012762815671,207.0,0.031036667001899332,2092.071314762578,0.9125828052474136,1.2190180729958229,1.2878121248943415,1.2878121248943415,1,0.9479593765300472,0.9479593765300472,1,0.08013133975744391,9224,3084,20010035,35,1,3322
2562,3245,SC-RRT,5000,14669,1072,2,evaluation-2d-01,5000,central_cluster,99,552.0,2662.409757125457,0.7170903367124771,229.0,0.03425257600611076,2311.9076944730423,0.8258064600796458,1.1995349889912177,1.290876746103701,1.290876746103701,1,0.9457875921884309,0.9457875921884309,1,0.07277193419004474,8531,2671,20010036,36,1,3247
2562,3456,SC-RRT-fixed-matched,5000,15297,1093,2,evaluation-2d-01,5000,central_cluster,99,552.0,2662.409757125457,0.7170903367124771,229.0,0.03618979101884179,2253.3680099361527,0.8472598797822525,1.2550661099958234,1.5,1.5,1,0.8,0.8,1,0.0,8541,2855,20010036,36,1,3458
2558,3217,SC-RRT-fixed-matched,5000,14651,1377,2,evaluation-2d-01,5000,central_cluster,99,647.0,2574.6807352859705,0.7415242919396856,252.0,0.04079972198815085,2098.381587884038,0.9098384775329935,1.1759132239967585,1.5,1.5,1,0.8,0.8,1,0.0,8053,2729,20010037,37,1,3219
2558,3051,SC-RRT,5000,14396,1422,2,evaluation-2d-01,5000,central_cluster,99,647.0,2574.6807352859705,0.7415242919396856,252.0,0.04185070301173255,2212.7389444325995,0.8628167882195615,1.1748430540028494,1.2870084766668086,1.2870084766668086,1,0.9485287391258037,0.9485287391258037,1,0.11068952328798692,8155,2498,20010037,37,1,3053
2566,3225,SC-RRT,5000,14975,1110,2,evaluation-2d-01,5000,central_cluster,99,293.0,2138.914851672289,0.8925966864510753,147.0,0.02122164799948223,2027.626768906905,0.9415876424993753,1.1805866960203275,1.2958479224217607,1.2958479224217607,1,0.9422629186466444,0.9422629186466444,1,0.023642513045979956,8715,3148,20010038,38,1,3227
2566,3371,SC-RRT-fixed-matched,5000,15418,1113,2,evaluation-2d-01,5000,central_cluster,99,293.0,2138.914851672289,0.8925966864510753,147.0,0.021232305996818468,2018.3233664786246,0.9459278631523973,1.24205707499641,1.5,1.5,1,0.8,0.8,1,0.0,8750,3053,20010038,38,1,3373
2557,3427,SC-RRT-fixed-matched,5000,15117,1121,2,evaluation-2d-01,5000,central_cluster,99,576.0,2680.52992846143,0.7122428624773885,236.0,0.045725103991571814,2152.731117328369,0.8868679854328777,1.2718437339935917,1.5,1.5,1,0.8,0.8,1,0.0,8388,2877,20010039,39,1,3429
2557,3194,SC-RRT,5000,14288,1149,2,evaluation-2d-01,5000,central_cluster,99,576.0,2680.52992846143,0.7122428624773885,236.0,0.0415056369965896,2150.712517151157,0.8877003755632562,1.1079816090059467,1.289202423265058,1.289202423265058,1,0.946974235325954,0.946974235325954,1,0.05624626600480827,8128,2650,20010039,39,1,3196
2555,3137,SC-RRT,5000,14275,1203,2,evaluation-2d-01,5000,central_cluster,99,472.0,2530.2384893370727,0.7545487578540034,194.0,0.031839946983382106,2246.446081438451,0.8498705243711797,1.3621191249985714,1.2877855425919384,1.2877855425919384,1,0.9479782104106427,0.9479782104106427,1,0.054388283889640884,8171,2369,20010040,40,1,3139
2555,3298,SC-RRT-fixed-matched,5000,15290,1239,2,evaluation-2d-01,5000,central_cluster,99,472.0,2530.2384893370727,0.7545487578540034,194.0,0.03606451797531918,2264.6477007968833,0.8430398726176588,1.3437061959994026,1.5,1.5,1,0.8,0.8,1,0.0,8676,2477,20010040,40,1,3300
2567,3268,SC-RRT-fixed-matched,5000,14078,1236,2,evaluation-2d-01,5000,central_cluster,99,443.0,2204.6575502712444,0.8659795300040073,188.0,0.03966632598894648,2001.3006423201039,0.9539737652761456,1.1529254659835715,1.5,1.5,1,0.8,0.8,1,0.0,7584,2443,20010041,41,1,3270
2567,3099,SC-RRT,5000,13866,1262,2,evaluation-2d-01,5000,central_cluster,99,443.0,2204.6575502712444,0.8659795300040073,188.0,0.028519617015263066,2006.64520022167,0.9514329234648827,1.1064466870157048,1.286521392189288,1.286521392189288,1,0.9488737925747623,0.9488737925747623,1,0.03806760564677091,7751,2317,20010041,41,1,3101
2562,3388,SC-RRT,5000,15988,1102,2,evaluation-2d-01,5000,central_cluster,99,277.0,2424.9901746594433,0.7872973380074819,145.0,0.01900463199126534,2166.7701498211727,0.8811217513593894,1.3214118170144502,1.2869180858265743,1.2869180858265743,1,0.9485927743861828,0.9485927743861828,1,0.042315305627011225,9256,3450,20010042,42,1,3390
2562,3533,SC-RRT-fixed-matched,5000,16052,1035,2,evaluation-2d-01,5000,central_cluster,99,277.0,2424.9901746594433,0.7872973380074819,145.0,0.021022344997618347,2110.633047456108,0.9045571950580296,1.3379579269967508,1.5,1.5,1,0.8,0.8,1,0.0,9066,3347,20010042,42,1,3535
2557,3509,SC-RRT-fixed-matched,5000,15887,1126,2,evaluation-2d-01,5000,central_cluster,99,471.0,2478.378097236253,0.7703377912081684,248.0,0.03406133397947997,2043.6143266593224,0.9342214351788241,1.336150085000554,1.5,1.5,1,0.8,0.8,1,0.0,8848,3233,20010043,43,1,3511
2557,3416,SC-RRT,5000,16514,1162,2,evaluation-2d-01,5000,central_cluster,99,471.0,2478.378097236253,0.7703377912081684,248.0,0.03267173797939904,2021.1555051151688,0.9446023843152482,1.2572510629834142,1.2929510060051115,1.2929510060051115,1,0.9443171482140955,0.9443171482140955,1,0.08337514333833586,9646,3255,20010043,43,1,3418
2565,3199,SC-RRT,5000,14903,1294,2,evaluation-2d-01,5000,central_cluster,99,367.0,2355.104398661302,0.8106597356316377,205.0,0.027094075980130583,2113.4075938520386,0.9033696645917049,1.1406825429876335,1.2866385008691814,1.2866385008691814,1,0.948790834375812,0.948790834375812,1,0.03908055229479468,8511,2721,20010044,44,1,3201
2565,3301,SC-RRT-fixed-matched,5000,15315,1242,2,evaluation-2d-01,5000,central_cluster,99,367.0,2355.104398661302,0.8106597356316377,205.0,0.02693036600248888,2092.7897116147556,0.9122695407990065,1.1949355559772812,1.5,1.5,1,0.8,0.8,1,0.0,8748,2860,20010044,44,1,3303
2568,3324,SC-RRT-fixed-matched,5000,14976,1170,2,evaluation-2d-01,5000,central_cluster,99,176.0,2132.229438965334,0.8953953426935675,106.0,0.013639948010677472,1996.1557289842524,0.956432547562395,1.1795647309918422,1.5,1.5,1,0.8,0.8,1,0.0,8387,2592,20010045,45,1,3326
2568,3165,SC-RRT,5000,14349,1149,2,evaluation-2d-01,5000,central_cluster,99,176.0,2132.229438965334,0.8953953426935675,106.0,0.013632892980240285,2001.454536327847,0.9539004131997654,1.1355520029901527,1.2866482342156282,1.2866482342156282,1,0.9487839393405738,0.9487839393405738,1,0.02657646631265571,8236,2705,20010045,45,1,3167
2555,2736,SC-RRT,5000,12793,1660,2,evaluation-2d-01,5000,central_cluster,99,1292.0,2710.2198360793227,0.7044403866387318,434.0,0.09221802101819776,2202.8279928133015,0.8666987687792151,1.0218444190104492,1.2765028110725856,1.2765028110725856,1,0.95,0.95,1,0.1777235406687975,7094,2017,20010046,46,1,2738
2555,2973,SC-RRT-fixed-matched,5000,13220,1558,2,evaluation-2d-01,5000,central_cluster,99,1292.0,2710.2198360793227,0.7044403866387318,434.0,0.09471055000904016,2226.82678959539,0.8573582454298451,1.05773543700343,1.5,1.5,1,0.8,0.8,1,0.0,7093,2493,20010046,46,1,2975
2565,3240,SC-RRT-fixed-matched,5000,14861,1343,2,evaluation-2d-01,5000,central_cluster,99,519.0,2427.4161929314496,0.7865104940649104,236.0,0.03643762701540254,2054.125281449482,0.9294410260393029,1.2010119660117198,1.5,1.5,1,0.8,0.8,1,0.0,8285,3017,20010047,47,1,3242
2565,3077,SC-RRT,5000,14450,1356,2,evaluation-2d-01,5000,central_cluster,99,519.0,2427.4161929314496,0.7865104940649104,236.0,0.034385071019642055,2092.3977881871874,0.9124404164361891,1.1225170250108931,1.2915202979930402,1.2915202979930402,1,0.9453314186190842,0.9453314186190842,1,0.09850392140165182,8286,2865,20010047,47,1,3079
2559,2672,SC-RRT,5000,13006,1775,2,evaluation-2d-01,5000,central_cluster,99,1234.0,2434.362605667432,0.7842661996035032,354.0,0.0801539019739721,2071.310692656857,0.921729567646259,0.9497610869875643,1.2885016245578331,1.2885016245578331,1,0.9474708329621703,0.9474708329621703,1,0.12014295841256235,7250,2001,20010048,48,1,2674
2559,2784,SC-RRT-fixed-matched,5000,12717,1676,2,evaluation-2d-01,5000,central_cluster,99,1234.0,2434.362605667432,0.7842661996035032,354.0,0.08467295797890984,2166.4950230429913,0.8812336464646441,1.0017106079903897,1.5,1.5,1,0.8,0.8,1,0.0,6847,2180,20010048,48,1,2786
2558,3421,SC-RRT-fixed-matched,5000,16027,1134,2,evaluation-2d-01,5000,central_cluster,99,269.0,2314.0649128020905,0.8250366265187656,132.0,0.018607777979923412,2010.0125587655434,0.9498389952231011,1.2672898739983793,1.5,1.5,1,0.8,0.8,1,0.0,9119,3387,20010049,49,1,3423
2558,3302,SC-RRT,5000,16159,1181,2,evaluation-2d-01,5000,central_cluster,99,269.0,2314.0649128020905,0.8250366265187656,132.0,0.018565542006399482,2012.91461647893,0.948469594077123,1.231200650014216,1.2813999224671326,1.2813999224671326,1,0.95,0.95,1,0.05146161678735629,9472,3226,20010049,49,1,3304
2560,3169,SC-RRT,5000,15013,1369,2,evaluation-2d-02,5000,slab_clutter,99,418.0,2205.921267269627,0.8654834320387014,216.0,0.034123218996683136,2005.884478693946,0.9517937495816171,1.2040791899780743,1.2861060832933502,1.2861060832933502,2,0.9491679800966758,0.9491679800966758,1,0.04408141030488074,8601,2787,20020000,0,1,3171
2560,3333,SC-RRT-fixed-matched,5000,14948,1316,2,evaluation-2d-02,5000,slab_clutter,99,418.0,2205.921267269627,0.8654834320387014,216.0,0.028896684991195798,2025.140276195896,0.9427437356536968,1.164444802008802,1.5,1.5,2,0.8,0.8,1,0.0,8173,2744,20020000,0,1,3335
2557,3043,SC-RRT-fixed-matched,5000,13639,1560,2,evaluation-2d-02,5000,slab_clutter,99,918.0,2690.9930333842067,0.7094735235351662,349.0,0.06264963900321163,2251.2854109864284,0.8480436553653781,1.0724211470223963,1.5,1.5,2,0.8,0.8,1,0.0,7404,2739,20020001,1,1,3045
2557,2986,SC-RRT,5000,14850,1585,2,evaluation-2d-02,5000,slab_clutter,99,918.0,2690.9930333842067,0.7094735235351662,349.0,0.06303657201351598,2032.3096228307768,0.9394180334315376,1.1324242670089006,1.2583739960299685,1.2583739960299685,2,0.95,0.95,1,0.18858387752623143,8734,3076,20020001,1,1,2988
2555,2609,SC-RRT,5000,12588,1953,2,evaluation-2d-02,5000,slab_clutter,99,1470.0,2523.684635001626,0.7565082747363354,534.0,0.11080500000389293,2065.84022614593,0.9241703617929328,0.9636429889942519,1.1866786058541958,1.1866786058541958,2,0.95,0.95,1,0.252497863717955,7522,3033,20020002,2,1,2611
2555,2655,SC-RRT-fixed-matched,5000,12515,2085,2,evaluation-2d-02,5000,slab_clutter,99,1470.0,2523.684635001626,0.7565082747363354,534.0,0.11317484697792679,2101.055753434945,0.908680460326867,0.8960438959766179,1.5,1.5,2,0.8,0.8,1,0.0,6834,2862,20020002,2,1,2657
2560,3528,SC-RRT-fixed-matched,5000,16163,1163,2,evaluation-2d-02,5000,slab_clutter,99,315.0,2105.8521576008143,0.9066107999617627,152.0,0.02144740999210626,1980.9788187743563,0.963760082192552,1.376405290007824,1.5,1.5,2,0.8,0.8,1,0.0,8979,2875,20020003,3,1,3530
2560,3617,SC-RRT,5000,17205,1058,2,evaluation-2d-02,5000,slab_clutter,99,315.0,2105.8521576008143,0.9066107999617627,152.0,0.02575886997510679,1989.972269390454,0.9594044794345197,1.454727116972208,1.2955848989986631,1.2955848989986631,2,0.9424494582628133,0.9424494582628133,1,0.024027893124353328,9926,2996,20020003,3,1,3619
2559,2785,SC-RRT,5000,13788,1583,2,evaluation-2d-02,5000,slab_clutter,99,1260.0,2622.8564434437444,0.7279042335603249,472.0,0.09159907198045403,1996.1897224507652,0.9564162603040189,1.052582401986001,1.1939164865243517,1.1939164865243517,2,0.95,0.95,1,0.2445376509406909,8306,3370,20020004,4,1,2787
2559,2815,SC-RRT-fixed-matched,5000,13335,1847,2,evaluation-2d-02,5000,slab_clutter,99,1260.0,2622.8564434437444,0.7279042335603249,472.0,0.09158109000418335,2080.4413803725215,0.9176842602802974,1.039004397985991,1.5,1.5,2,0.8,0.8,1,0.0,7258,2847,20020004,4,1,2817
2561,2973,SC-RRT-fixed-matched,5000,13925,1653,2,evaluation-2d-02,5000,slab_clutter,99,603.0,2319.4376010275364,0.8231255319642515,244.0,0.03996665999875404,2058.713917105917,0.9273694092900301,1.0904878549918067,1.5,1.5,2,0.8,0.8,1,0.0,7819,3133,20020005,5,1,2975
2561,3116,SC-RRT,5000,15730,1528,2,evaluation-2d-02,5000,slab_clutter,99,603.0,2319.4376010275364,0.8231255319642515,244.0,0.04058785899542272,1992.7240003036334,0.9580796482165986,1.150477917981334,1.2894620592133936,1.2894620592133936,2,0.9467902408621972,0.9467902408621972,1,0.11751437802693256,9518,3726,20020005,5,1,3118
2557,3001,SC-RRT,5000,13726,1339,2,evaluation-2d-02,5000,slab_clutter,99,555.0,2448.41111959221,0.7797662304040096,259.0,0.03869414099608548,2071.6913794319103,0.921560193838914,1.022282258985797,1.2932788732954927,1.2932788732954927,2,0.9440846888172542,0.9440846888172542,1,0.10479519227205131,7916,2842,20020006,6,1,3003
2557,3185,SC-RRT-fixed-matched,5000,14541,1346,2,evaluation-2d-02,5000,slab_clutter,99,555.0,2448.41111959221,0.7797662304040096,259.0,0.03713389197946526,2093.5139959558232,0.911953926695394,1.0874832769914065,1.5,1.5,2,0.8,0.8,1,0.0,8209,3025,20020006,6,1,3187
2558,2645,SC-RRT-fixed-matched,5000,12348,1824,2,evaluation-2d-02,5000,slab_clutter,99,1268.0,2131.595388962699,0.8956616809594193,427.0,0.08219967200420797,2080.311065415444,0.9177417459068353,0.8688058480038308,1.5,1.5,2,0.8,0.8,1,0.0,6768,2451,20020007,7,1,2647
2558,2632,SC-RRT,5000,13116,1787,2,evaluation-2d-02,5000,slab_clutter,99,1268.0,2131.595388962699,0.8956616809594193,427.0,0.08204244400258176,2034.6604607847075,0.9383326338721703,0.9683565619925503,1.2861419293444478,1.2861419293444478,2,0.9491425889682346,0.9491425889682346,1,0.10581486001661065,7614,2402,20020007,7,1,2634
2558,2608,SC-RRT,5000,12392,1796,2,evaluation-2d-02,5000,slab_clutter,99,1244.0,2623.774434835048,0.7276495585352045,456.0,0.08546501697856002,2087.073041624579,0.9147683244078342,0.8917521989787929,1.305298035247955,1.305298035247955,2,0.9355577496490111,0.9355577496490111,1,0.12323886633996364,7013,2419,20020008,8,1,2610
2558,2648,SC-RRT-fixed-matched,5000,12161,1941,2,evaluation-2d-02,5000,slab_clutter,99,1244.0,2623.774434835048,0.7276495585352045,456.0,0.08702700500725769,2046.045820857187,0.9331112185961835,0.9060935550078284,1.5,1.5,2,0.8,0.8,1,0.0,6401,2198,20020008,8,1,2650
2568,3356,SC-RRT-fixed-matched,5000,14905,1204,2,evaluation-2d-02,5000,slab_clutter,99,388.0,2170.9717895712474,0.8794164522887377,202.0,0.025525731995003298,2043.8474565983229,0.934114873906116,1.0937159399909433,1.5,1.5,2,0.8,0.8,1,0.0,8190,3004,20020009,9,1,3358
2568,3278,SC-RRT,5000,14886,1248,2,evaluation-2d-02,5000,slab_clutter,99,388.0,2170.9717895712474,0.8794164522887377,202.0,0.026690578000852838,2052.6759321012,0.9300972839143478,1.3675738780002575,1.3174704396030275,1.3174704396030275,2,0.926915347355477,0.926915347355477,1,0.025910230922292665,8273,2789,20020009,9,1,3280
2558,3384,SC-RRT,5000,15464,1110,2,evaluation-2d-02,5000,slab_clutter,99,422.0,2123.7545932593093,0.8989684190740994,213.0,0.030963274009991437,2015.3829719525093,0.9473079487984613,1.258995815005619,1.2855384908869096,1.2855384908869096,2,0.9495700091651704,0.9495700091651704,1,0.04387358283373822,8816,2993,20020010,10,1,3386
2558,3493,SC-RRT-fixed-matched,5000,15702,1088,2,evaluation-2d-02,5000,slab_clutter,99,422.0,2123.7545932593093,0.8989684190740994,213.0,0.030372340988833457,1994.9392513029507,0.9570157627390077,1.250024223991204,1.5,1.5,2,0.8,0.8,1,0.0,8809,3143,20020010,10,1,3495
2559,2848,SC-RRT-fixed-matched,5000,12696,1785,2,evaluation-2d-02,5000,slab_clutter,99,973.0,2331.6756690380967,0.8188052629083228,421.0,0.07304011398809962,2132.468551803337,0.8952949423751922,0.9769465709978249,1.5,1.5,2,0.8,0.8,1,0.0,6834,2518,20020011,11,1,2850
2559,2812,SC-RRT,5000,13284,1746,2,evaluation-2d-02,5000,slab_clutter,99,973.0,2331.6756690380967,0.8188052629083228,421.0,0.07273556099971756,2223.2257773372876,0.8587469291986505,1.009701351984404,1.3153045654085123,1.3153045654085123,2,0.9284533663046961,0.9284533663046961,1,0.051417646918986135,7678,2546,20020011,11,1,2814
2556,2577,SC-RRT,5000,13065,1927,2,evaluation-2d-02,5000,slab_clutter,99,1944.0,2721.3952505676248,0.7015476009247325,677.0,0.15556829000706784,2260.9419474576807,0.8444216408786912,1.0278775930055417,1.0627755037611406,1.0627755037611406,2,0.95,0.95,1,0.3730978213679272,8050,2973,20020012,12,1,2579
2556,2650,SC-RRT-fixed-matched,5000,12378,1948,2,evaluation-2d-02,5000,slab_clutter,99,1944.0,2721.3952505676248,0.7015476009247325,677.0,0.1503462799882982,2046.1212240181578,0.933076831808835,0.8989963119965978,1.5,1.5,2,0.8,0.8,1,0.0,6923,2845,20020012,12,1,2652
2553,3220,SC-RRT-fixed-matched,5000,14491,1418,2,evaluation-2d-02,5000,slab_clutter,99,771.0,2207.8776324462256,0.8647165409653553,339.0,0.059853120998013765,2042.6324218220705,0.9346705206513087,1.2218682460079435,1.5,1.5,2,0.8,0.8,1,0.0,7887,2763,20020013,13,1,3222
2553,3252,SC-RRT,5000,16454,1328,2,evaluation-2d-02,5000,slab_clutter,99,771.0,2207.8776324462256,0.8647165409653553,339.0,0.05609443201683462,2041.5297687753564,0.9351753466465174,1.2820139529940207,1.2849854651432646,1.2849854651432646,2,0.9499616870275976,0.9499616870275976,1,0.04948790308910234,9848,3382,20020013,13,1,3254
2560,3190,SC-RRT,5000,15041,1331,2,evaluation-2d-02,5000,slab_clutter,99,561.0,2408.4546044525423,0.7927026341597372,274.0,0.041344548983033746,2019.0111494916798,0.945605629609499,1.1604129839979578,1.2890616628879528,1.2890616628879528,2,0.9470739843175311,0.9470739843175311,1,0.0643612664684796,8637,2576,20020014,14,1,3192
2560,3410,SC-RRT-fixed-matched,5000,15126,1254,2,evaluation-2d-02,5000,slab_clutter,99,561.0,2408.4546044525423,0.7927026341597372,274.0,0.039889179985038936,2068.9195503599794,0.9227948514825002,1.2430153989989776,1.5,1.5,2,0.8,0.8,1,0.0,8237,2692,20020014,14,1,3412
2559,2943,SC-RRT-fixed-matched,5000,14045,1640,2,evaluation-2d-02,5000,slab_clutter,99,1314.0,2273.9993498270396,0.8395729353875546,494.0,0.0946300869982224,2121.187900602566,0.9000561942962879,1.0254397960088681,1.5,1.5,2,0.8,0.8,1,0.0,8008,2538,20020015,15,1,2945
2559,2868,SC-RRT,5000,13767,1677,2,evaluation-2d-02,5000,slab_clutter,99,1314.0,2273.9993498270396,0.8395729353875546,494.0,0.09336800200981088,2125.9067921685623,0.8980583326779735,1.092184173001442,1.293049602017417,1.293049602017417,2,0.9442472441466171,0.9442472441466171,1,0.11078362752062276,7901,2526,20020015,15,1,2870
2556,3290,SC-RRT,5000,15039,1253,2,evaluation-2d-02,5000,slab_clutter,99,316.0,2332.217243471782,0.8186151245334354,172.0,0.021785340999485925,2089.027889233963,0.9139123125367986,1.188453918992309,1.2898197542531051,1.2898197542531051,2,0.9465367449544769,0.9465367449544769,1,0.06780566030040379,8748,3061,20020016,16,1,3292
2556,3370,SC-RRT-fixed-matched,5000,15345,1321,2,evaluation-2d-02,5000,slab_clutter,99,316.0,2332.217243471782,0.8186151245334354,172.0,0.022437081002863124,2105.823683221,0.9066230589084483,1.1773131040099543,1.5,1.5,2,0.8,0.8,1,0.0,8720,2956,20020016,16,1,3372
2560,2854,SC-RRT-fixed-matched,5000,13238,1755,2,evaluation-2d-02,5000,slab_clutter,99,1339.0,2613.233040449246,0.7305847889002146,501.0,0.09047216200269759,2240.872432937307,0.851984379450435,0.9897375949949492,1.5,1.5,2,0.8,0.8,1,0.0,7108,2379,20020017,17,1,2856
2560,2617,SC-RRT,5000,12165,1779,2,evaluation-2d-02,5000,slab_clutter,99,1339.0,2613.233040449246,0.7305847889002146,501.0,0.09151202600332908,2121.3492080680066,0.8999877539928698,0.910057366010733,1.2196778886519817,1.2196778886519817,2,0.95,0.95,1,0.22405094421129046,6661,2340,20020017,17,1,2619
2557,3238,SC-RRT,5000,14741,1276,2,evaluation-2d-02,5000,slab_clutter,99,359.0,2212.280189850753,0.8629957082120226,164.0,0.02367909500026144,2049.060418195408,0.9317384164226284,1.0979366059764288,1.2876734173999185,1.2876734173999185,2,0.948057651669014,0.948057651669014,1,0.0339420637727926,8185,2395,20020018,18,1,3240
2557,3318,SC-RRT-fixed-matched,5000,14702,1228,2,evaluation-2d-02,5000,slab_clutter,99,359.0,2212.280189850753,0.8629957082120226,164.0,0.023299125983612612,2033.405984555956,0.9389115226886658,1.1658736049721483,1.5,1.5,2,0.8,0.8,1,0.0,8048,2725,20020018,18,1,3320
2561,3063,SC-RRT-fixed-matched,5000,14064,1631,2,evaluation-2d-02,5000,slab_clutter,99,1059.0,2534.527305151329,0.7532719435783258,385.0,0.0805228499812074,2219.8528344671336,0.8600517473771954,1.1430563779722434,1.5,1.5,2,0.8,0.8,1,0.0,7813,2786,20020019,19,1,3065
2561,3103,SC-RRT,5000,16042,1502,2,evaluation-2d-02,5000,slab_clutter,99,1059.0,2534.527305151329,0.7532719435783258,385.0,0.06962261098669842,2210.9874168155256,0.8635003051955279,1.2725319199962541,1.288790561623081,1.288790561623081,2,0.9472660931650666,0.9472660931650666,1,0.09608466808179539,9831,3061,20020019,19,1,3105
2552,2647,SC-RRT,5000,12313,1656,2,evaluation-2d-02,5000,slab_clutter,99,1237.0,2195.731793891637,0.869499778850449,464.0,0.09124399800202809,2032.1510318539106,0.9394913464979743,0.8690951550088357,1.3034524341542624,1.3034524341542624,2,0.9368676699308554,0.9368676699308554,1,0.08211152499101976,6994,2209,20020020,20,1,2649
2552,2670,SC-RRT-fixed-matched,5000,12178,1841,2,evaluation-2d-02,5000,slab_clutter,99,1237.0,2195.731793891637,0.869499778850449,464.0,0.0843387310160324,2023.7786227873269,0.9433780393302975,0.9213382070010994,1.5,1.5,2,0.8,0.8,1,0.0,6529,2308,20020020,20,1,2672
2561,3412,SC-RRT-fixed-matched,5000,15667,1219,2,evaluation-2d-02,5000,slab_clutter,99,546.0,2663.580244586981,0.7167752175229548,265.0,0.043789799005026,2311.465499148288,0.825964441133628,1.421069111005636,1.5,1.5,2,0.8,0.8,1,0.0,8803,2885,20020021,21,1,3414
2561,3194,SC-RRT,5000,14653,1307,2,evaluation-2d-02,5000,slab_clutter,99,546.0,2663.580244586981,0.7167752175229548,265.0,0.040969963010866195,2309.82896515602,0.8265496441528605,1.2704639630101155,1.287913027774606,1.287913027774606,2,0.9478878849777553,0.9478878849777553,1,0.05482268040426123,8256,2731,20020021,21,1,3196
2558,2858,SC-RRT,5000,13357,1600,2,evaluation-2d-02,5000,slab_clutter,99,1004.0,2733.181353251501,0.6985223673256925,387.0,0.07669807100319304,2106.917354214747,0.9061524437038193,1.104672571993433,1.2861882718969828,1.2861882718969828,2,0.9491097625639731,0.9491097625639731,1,0.15494427503602629,7553,2581,20020022,22,1,2860
2558,3069,SC-RRT-fixed-matched,5000,14042,1571,2,evaluation-2d-02,5000,slab_clutter,99,1004.0,2733.181353251501,0.6985223673256925,387.0,0.08034503000089899,2114.155961754468,0.9030498902357733,1.1718947329791263,1.5,1.5,2,0.8,0.8,1,0.0,7708,2808,20020022,22,1,3071
2556,3228,SC-RRT-fixed-matched,5000,14216,1274,2,evaluation-2d-02,5000,slab_clutter,99,640.0,2172.5446214900517,0.8787797913647688,258.0,0.04814104500110261,2062.2430769019093,0.9257823825850036,1.1469040400115773,1.5,1.5,2,0.8,0.8,1,0.0,7781,2804,20020023,23,1,3230
2556,3112,SC-RRT,5000,14049,1294,2,evaluation-2d-02,5000,slab_clutter,99,640.0,2172.5446214900517,0.8787797913647688,258.0,0.04550963401561603,2053.2982595884923,0.9298153837554533,1.2536977370036766,1.2879597010661539,1.2879597010661539,2,0.9478548157424781,0.9478548157424781,1,0.04151525300836736,7869,2699,20020023,23,1,3114
2559,3186,SC-RRT,5000,15796,1360,2,evaluation-2d-02,5000,slab_clutter,99,481.0,2257.6277100454204,0.8456612667840031,209.0,0.03469722799491137,2044.411393633254,0.9338572046454593,1.412728994997451,1.2852235638258953,1.2852235638258953,2,0.9497930588586739,0.9497930588586739,1,0.06294820938120926,9308,2992,20020024,24,1,3188
2559,3264,SC-RRT-fixed-matched,5000,14612,1289,2,evaluation-2d-02,5000,slab_clutter,99,481.0,2257.6277100454204,0.8456612667840031,209.0,0.03493464400526136,2054.8044181265363,0.9291338350072154,1.25364148200606,1.5,1.5,2,0.8,0.8,1,0.0,8079,3072,20020024,24,1,3266
2555,2955,SC-RRT-fixed-matched,5000,13348,1632,2,evaluation-2d-02,5000,slab_clutter,99,926.0,2338.525625440643,0.8164068370402973,351.0,0.06807000099797733,2092.398769626865,0.9124399884559966,1.0994263409811538,1.5,1.5,2,0.8,0.8,1,0.0,7225,2729,20020025,25,1,2957
2555,2825,SC-RRT,5000,13253,1522,2,evaluation-2d-02,5000,slab_clutter,99,926.0,2338.525625440643,0.8164068370402973,351.0,0.07031774500501342,2072.5005242210786,0.9212003986928886,1.1210904400213622,1.2870400302785308,1.2870400302785308,2,0.948506385513797,0.948506385513797,1,0.11186077227851944,7676,2621,20020025,25,1,2827
2556,2763,SC-RRT,5000,13273,1551,2,evaluation-2d-02,5000,slab_clutter,99,1088.0,2731.4225242768143,0.6989721627594636,423.0,0.07586933500715531,2054.1662744175883,0.9294224781024529,1.023042852000799,1.1818990290730684,1.1818990290730684,2,0.95,0.95,1,0.2530146338227711,7803,2804,20020026,26,1,2765
2556,3053,SC-RRT-fixed-matched,5000,13825,1558,2,evaluation-2d-02,5000,slab_clutter,99,1088.0,2731.4225242768143,0.6989721627594636,423.0,0.07373185802134685,2032.0730098702425,0.9395274185180921,1.0670221530017443,1.5,1.5,2,0.8,0.8,1,0.0,7531,2681,20020026,26,1,3055
2567,2810,SC-RRT-fixed-matched,5000,12869,1685,2,evaluation-2d-02,5000,slab_clutter,99,1281.0,2230.908754749407,0.8557895096064264,454.0,0.09292575300787576,2071.2342458367284,0.9217635876005963,0.9546725260152016,1.5,1.5,2,0.8,0.8,1,0.0,7090,2677,20020027,27,1,2812
2567,2592,SC-RRT,5000,12583,1709,2,evaluation-2d-02,5000,slab_clutter,99,1281.0,2230.908754749407,0.8557895096064264,454.0,0.08774045098107308,2037.878011006944,0.9368511259711378,0.8985835269850213,1.2998265940447014,1.2998265940447014,2,0.9394405883802615,0.9394405883802615,1,0.10741177655959576,7325,2507,20020027,27,1,2594
2560,2828,SC-RRT,5000,13366,1706,2,evaluation-2d-02,5000,slab_clutter,99,1060.0,2343.347227533027,0.8147270224283355,396.0,0.07408078198204748,2023.4094957473862,0.9435501381288526,1.0224763370060828,1.2925181038073443,1.2925181038073443,2,0.9446240638645149,0.9446240638645149,1,0.1384062304483508,7661,2698,20020028,28,1,2830
2560,2942,SC-RRT-fixed-matched,5000,13494,1722,2,evaluation-2d-02,5000,slab_clutter,99,1060.0,2343.347227533027,0.8147270224283355,396.0,0.0714836030092556,2114.630389997047,0.9028472863318417,0.9672578370082192,1.5,1.5,2,0.8,0.8,1,0.0,7355,2774,20020028,28,1,2944
2567,3392,SC-RRT-fixed-matched,5000,15108,1137,2,evaluation-2d-02,5000,slab_clutter,99,479.0,2562.260709384485,0.7451186767260347,231.0,0.03363862101105042,2047.2816633080522,0.9325479456103568,1.269544422015315,1.5,1.5,2,0.8,0.8,1,0.0,8535,3191,20020029,29,1,3394
2567,3128,SC-RRT,5000,14067,1181,2,evaluation-2d-02,5000,slab_clutter,99,479.0,2562.260709384485,0.7451186767260347,231.0,0.036241549998521805,2072.784897868555,0.9210740155270799,1.245275433990173,1.292198022329165,1.292198022329165,2,0.9448509823913971,0.9448509823913971,1,0.08299672541744547,8161,3026,20020029,29,1,3130
2555,2713,SC-RRT,5000,12593,1653,2,evaluation-2d-02,5000,slab_clutter,99,1254.0,2241.3186075670887,0.8518147766934697,521.0,0.10257023098529316,2041.4691952072376,0.9352030947544467,1.0316596439806744,1.2871595200613037,1.2871595200613037,2,0.9484217341048385,0.9484217341048385,1,0.13305114541722335,7124,2516,20020030,30,1,2715
2555,2948,SC-RRT-fixed-matched,5000,13580,1585,2,evaluation-2d-02,5000,slab_clutter,99,1254.0,2241.3186075670887,0.8518147766934697,521.0,0.10112979600671679,2090.8769407592504,0.9131041009569907,1.0800819309952203,1.5,1.5,2,0.8,0.8,1,0.0,7583,2840,20020030,30,1,2950
2562,3253,SC-RRT-fixed-matched,5000,14147,1143,2,evaluation-2d-02,5000,slab_clutter,99,837.0,2473.0154340674453,0.7720082466543999,352.0,0.06279659600113519,2084.8818327510344,0.9157297450688004,1.3267291779920924,1.5,1.5,2,0.8,0.8,1,0.0,7922,2580,20020031,31,1,3255
2562,3126,SC-RRT,5000,14092,1212,2,evaluation-2d-02,5000,slab_clutter,99,837.0,2473.0154340674453,0.7720082466543999,352.0,0.06622877001063898,2087.8024527336943,0.9144487337409988,1.4033098410000093,1.2938270657709094,1.2938270657709094,2,0.9436959978209858,0.9436959978209858,1,0.09094770417781324,8100,2666,20020031,31,1,3128
2559,3325,SC-RRT,5000,15836,1273,2,evaluation-2d-02,5000,slab_clutter,99,368.0,2281.964392493607,0.8366424627324797,169.0,0.02704968801117502,1995.0585759133203,0.9569585235509532,1.4166595160204452,1.2869532551485123,1.2869532551485123,2,0.9485678596097087,0.9485678596097087,1,0.03730692834361856,9014,3154,20020032,32,1,3327
2559,3519,SC-RRT-fixed-matched,5000,15631,1064,2,evaluation-2d-02,5000,slab_clutter,99,368.0,2281.964392493607,0.8366424627324797,169.0,0.02575851499568671,1995.2613549842843,0.9568612675399188,1.2629894980054814,1.5,1.5,2,0.8,0.8,1,0.0,8677,3201,20020032,32,1,3521
2558,2964,SC-RRT-fixed-matched,5000,13438,1730,2,evaluation-2d-02,5000,slab_clutter,99,1267.0,2657.471257397242,0.71842293830623,418.0,0.09093569000833668,2226.2351264466824,0.8575861042364173,1.091660716017941,1.5,1.5,2,0.8,0.8,1,0.0,7034,2355,20020033,33,1,2966
2558,2763,SC-RRT,5000,12889,1607,2,evaluation-2d-02,5000,slab_clutter,99,1267.0,2657.471257397242,0.71842293830623,418.0,0.08379434701055288,2088.8638570418802,0.9139840793202064,0.9822170220140833,1.2454749704126398,1.2454749704126398,2,0.95,0.95,1,0.20303525603269257,7244,2484,20020033,33,1,2765
2564,2746,SC-RRT,5000,12122,1559,2,evaluation-2d-02,5000,slab_clutter,99,1006.0,2559.4283182621275,0.745943262243825,419.0,0.07488933301647194,2256.5502010980554,0.8460650723722662,0.9185170400014613,1.2925792054870573,1.2925792054870573,2,0.9445807454406301,0.9445807454406301,1,0.10758539494459157,6746,2506,20020034,34,1,2748
2564,2998,SC-RRT-fixed-matched,5000,12860,1521,2,evaluation-2d-02,5000,slab_clutter,99,1006.0,2559.4283182621275,0.745943262243825,419.0,0.08041613700333983,2184.443868473112,0.8739928440176251,1.0083283610001672,1.5,1.5,2,0.8,0.8,1,0.0,6850,2462,20020034,34,1,3000
2562,3111,SC-RRT-fixed-matched,5000,14682,1505,2,evaluation-2d-02,5000,slab_clutter,99,681.0,2214.53567389134,0.8621167550888393,289.0,0.04617343199788593,1985.1835752888946,0.9617187714873385,1.1232017769943923,1.5,1.5,2,0.8,0.8,1,0.0,8209,3037,20020035,35,1,3113
2562,2978,SC-RRT,5000,14474,1444,2,evaluation-2d-02,5000,slab_clutter,99,681.0,2214.53567389134,0.8621167550888393,289.0,0.04844429099466652,1999.8560293963042,0.9546628762971524,1.2953732199966908,1.3051522586270794,1.3051522586270794,2,0.9356612209403622,0.9356612209403622,1,0.03401989897415663,8473,2808,20020035,35,1,2980
2555,3559,SC-RRT,5000,16616,908,2,evaluation-2d-02,5000,slab_clutter,99,241.0,2299.1642420289068,0.8303836125769368,137.0,0.018999591004103422,2064.3318854710355,0.9248456232453355,1.5282569709816016,1.285574012773335,1.285574012773335,2,0.9495448498196426,0.9495448498196426,1,0.0318322238844029,9814,3593,20020036,36,1,3561
2555,3665,SC-RRT-fixed-matched,5000,16986,871,2,evaluation-2d-02,5000,slab_clutter,99,241.0,2299.1642420289068,0.8303836125769368,137.0,0.01865676898160018,2062.2699232224036,0.925770330888826,1.3825825300009456,1.5,1.5,2,0.8,0.8,1,0.0,9953,3628,20020036,36,1,3667
2560,2460,SC-RRT-fixed-matched,5000,11623,2238,2,evaluation-2d-02,5000,slab_clutter,99,2043.0,2684.4194930187737,0.7112108648327142,698.0,0.14437451798585244,2049.202992365484,0.9316735903258755,0.771436659997562,1.5,1.5,2,0.8,0.8,1,0.0,6180,2279,20020037,37,1,2462
2560,2420,SC-RRT,5000,13264,2103,2,evaluation-2d-02,5000,slab_clutter,99,2043.0,2684.4194930187737,0.7112108648327142,698.0,0.1479946750041563,1987.7264634129035,0.9604884496660692,0.9296728970075492,1.0124435917492385,1.0124435917492385,2,0.95,0.95,1,0.4239551318163419,8313,2369,20020037,37,1,2422
2558,3069,SC-RRT,5000,14956,1368,2,evaluation-2d-02,5000,slab_clutter,99,940.0,2766.6688400476396,0.6900675214785749,380.0,0.06725223400280811,2070.726142636312,0.921989764794791,1.1603973799792584,1.2928514675641336,1.2928514675641336,2,0.9443877196230369,0.9443877196230369,1,0.09787134987062261,8835,3451,20020038,38,1,3071
2558,3177,SC-RRT-fixed-matched,5000,14587,1383,2,evaluation-2d-02,5000,slab_clutter,99,940.0,2766.6688400476396,0.6900675214785749,380.0,0.07301895000273362,2076.117161226953,0.919595649445611,1.1564702350005973,1.5,1.5,2,0.8,0.8,1,0.0,8176,3261,20020038,38,1,3179
2559,3513,SC-RRT-fixed-matched,5000,16015,1004,2,evaluation-2d-02,5000,slab_clutter,99,344.0,2123.0340922302753,0.8992735049290004,173.0,0.023220153991132975,2004.4182610956866,0.9524899798907478,1.263956370006781,1.5,1.5,2,0.8,0.8,1,0.0,9178,3265,20020039,39,1,3515
2559,3490,SC-RRT,5000,16853,1009,2,evaluation-2d-02,5000,slab_clutter,99,344.0,2123.0340922302753,0.8992735049290004,173.0,0.026548454974545166,2005.2874579436823,0.9520771207343267,1.3874885349941906,1.2852746352605462,1.2852746352605462,2,0.9497568878268479,0.9497568878268479,1,0.03180990363859378,10057,3327,20020039,39,1,3492
2560,3179,SC-RRT,5000,15413,1316,2,evaluation-2d-02,5000,slab_clutter,99,821.0,2520.280385367718,0.7575301225562333,331.0,0.06713185601984151,2028.7145311428803,0.9410827792159271,1.2196394920174498,1.297291610916763,1.297291610916763,2,0.9412389444899373,0.9412389444899373,1,0.1462969475985144,9032,3259,20020040,40,1,3181
2560,3231,SC-RRT-fixed-matched,5000,14620,1354,2,evaluation-2d-02,5000,slab_clutter,99,821.0,2520.280385367718,0.7575301225562333,331.0,0.05678057100158185,2094.55877095724,0.9114990401205858,1.137704025983112,1.5,1.5,2,0.8,0.8,1,0.0,8077,3162,20020040,40,1,3233
2561,3144,SC-RRT-fixed-matched,5000,13939,1516,2,evaluation-2d-02,5000,slab_clutter,99,757.0,2620.3856628102794,0.7285905797378448,300.0,0.056560897995950654,2279.843949315129,0.8374206093260038,1.143195092008682,1.5,1.5,2,0.8,0.8,1,0.0,7367,2530,20020041,41,1,3146
2561,3189,SC-RRT,5000,15573,1337,2,evaluation-2d-02,5000,slab_clutter,99,757.0,2620.3856628102794,0.7285905797378448,300.0,0.052657280990388244,2259.4710462378007,0.8449713539735899,1.4000140339776408,1.2887014817488893,1.2887014817488893,2,0.9473292157287472,0.9473292157287472,1,0.1016680850873227,9205,2980,20020041,41,1,3191
2569,2820,SC-RRT,5000,13284,1564,2,evaluation-2d-02,5000,slab_clutter,99,995.0,2777.3337596392553,0.6874176726428661,424.0,0.07116842598770745,2042.7386263003782,0.934621925988361,0.9716389329987578,1.2351422545393904,1.2351422545393904,2,0.95,0.95,1,0.2086884482488262,7711,2786,20020042,42,1,2822
2569,2926,SC-RRT-fixed-matched,5000,13453,1593,2,evaluation-2d-02,5000,slab_clutter,99,995.0,2777.3337596392553,0.6874176726428661,424.0,0.0729693429893814,2018.8106944874528,0.9456995222072537,1.0448935650056228,1.5,1.5,2,0.8,0.8,1,0.0,7457,2802,20020042,42,1,2928
2562,3429,SC-RRT-fixed-matched,5000,15805,1229,2,evaluation-2d-02,5000,slab_clutter,99,443.0,2164.058793782679,0.8822257115604986,211.0,0.03041282101185061,2035.5059876528874,0.9379428607847702,1.1970601869979873,1.5,1.5,2,0.8,0.8,1,0.0,8868,2760,20020043,43,1,3431
2562,3320,SC-RRT,5000,15867,1194,2,evaluation-2d-02,5000,slab_clutter,99,443.0,2164.058793782679,0.8822257115604986,211.0,0.02993485701153986,2035.8106506587924,0.9378024958194718,1.2238793479918968,1.2838105029067743,1.2838105029067743,2,0.95,0.95,1,0.04360189881081278,9286,3094,20020043,43,1,3322
2564,3023,SC-RRT,5000,15485,1694,2,evaluation-2d-02,5000,slab_clutter,99,595.0,2444.426983929556,0.7810371599378063,262.0,0.04095380299258977,1995.477098750812,0.956757815160519,1.1244617849879432,1.2890347369684731,1.2890347369684731,2,0.9470930649889534,0.9470930649889534,1,0.10823483833873734,9285,3212,20020044,44,1,3025
2564,2952,SC-RRT-fixed-matched,5000,14793,1774,2,evaluation-2d-02,5000,slab_clutter,99,595.0,2444.426983929556,0.7810371599378063,262.0,0.03921508599887602,2029.3808454198079,0.9407737899530307,1.0520799689984415,1.5,1.5,2,0.8,0.8,1,0.0,8611,3313,20020044,44,1,2954
2565,3558,SC-RRT-fixed-matched,5000,15716,1074,2,evaluation-2d-02,5000,slab_clutter,99,411.0,2165.6262989836086,0.8815871464526063,173.0,0.026762427994981408,2029.7416113633103,0.9406065769727899,1.247946204006439,1.5,1.5,2,0.8,0.8,1,0.0,8588,2815,20020045,45,1,3560
2565,3466,SC-RRT,5000,15210,1044,2,evaluation-2d-02,5000,slab_clutter,99,411.0,2165.6262989836086,0.8815871464526063,173.0,0.026603303995216265,2033.350537187062,0.9389371258360845,1.2158387739909813,1.306234893680412,1.306234893680412,2,0.9348927507904792,0.9348927507904792,1,0.02359494688513999,8408,2582,20020045,45,1,3468
2557,3385,SC-RRT,5000,16218,1111,2,evaluation-2d-02,5000,slab_clutter,99,480.0,2274.8580682630136,0.8392560115460103,194.0,0.031211461027851328,2032.7336589112333,0.9392220672069119,1.3081542850122787,1.289095635765419,1.289095635765419,2,0.9470499098187397,0.9470499098187397,1,0.05396405968067796,9488,3520,20020046,46,1,3387
2557,3570,SC-RRT-fixed-matched,5000,16136,1030,2,evaluation-2d-02,5000,slab_clutter,99,480.0,2274.8580682630136,0.8392560115460103,194.0,0.03050021201488562,2030.8589548801115,0.9400890714817682,1.2678166220139246,1.5,1.5,2,0.8,0.8,1,0.0,9064,3296,20020046,46,1,3572
2556,3353,SC-RRT-fixed-matched,5000,15072,1192,2,evaluation-2d-02,5000,slab_clutter,99,235.0,2252.4561627182716,0.8476028705036655,138.0,0.017140024981927127,2024.007142704278,0.9432715275168495,1.193633967981441,1.5,1.5,2,0.8,0.8,1,0.0,8350,2944,20020047,47,1,3355
2556,3287,SC-RRT,5000,15012,1098,2,evaluation-2d-02,5000,slab_clutter,99,235.0,2252.4561627182716,0.8476028705036655,138.0,0.01731154599110596,2026.635089625801,0.9420483830447206,1.1914217160083354,1.2807723343510784,1.2807723343510784,2,0.95,0.95,1,0.07001485256552446,8648,3013,20020047,47,1,3289
2556,2855,SC-RRT,5000,13870,1764,2,evaluation-2d-02,5000,slab_clutter,99,1335.0,2567.526331352352,0.7435905470142081,498.0,0.0998439560062252,2266.653307004329,0.8422939243968077,1.1067500869976357,1.2848721763253763,1.2848721763253763,2,0.95,0.95,1,0.172067914830938,8015,3060,20020048,48,1,2857
2556,2889,SC-RRT-fixed-matched,5000,13635,1853,2,evaluation-2d-02,5000,slab_clutter,99,1335.0,2567.526331352352,0.7435905470142081,498.0,0.10178646500571631,2235.7089838676316,0.8539520675454398,1.1085056840092875,1.5,1.5,2,0.8,0.8,1,0.0,7467,2944,20020048,48,1,2891
2557,3065,SC-RRT-fixed-matched,5000,13999,1542,2,evaluation-2d-02,5000,slab_clutter,99,407.0,2196.401832569613,0.8692345275318233,211.0,0.027337495994288474,2004.3459337692939,0.9525243507308812,1.0341409259999637,1.5,1.5,2,0.8,0.8,1,0.0,7674,2877,20020049,49,1,3067
2557,2899,SC-RRT,5000,13870,1545,2,evaluation-2d-02,5000,slab_clutter,99,407.0,2196.401832569613,0.8692345275318233,211.0,0.03001763400970958,2013.4970494868494,0.9481952355928435,1.0982834940077737,1.3034055338998967,1.3034055338998967,2,0.9369009553000721,0.9369009553000721,1,0.02252896365055699,7978,2643,20020049,49,1,2901
2573,3320,SC-RRT,5000,15550,968,2,evaluation-2d-03,5000,uniform_clutter,99,162.0,2016.959286244661,0.9465675991697188,95.0,0.011997645982773975,1944.0674377234038,0.9820586838486577,1.167042777989991,1.2946809231066796,1.2946809231066796,3,0.9430905290040207,0.9430905290040207,1,0.025275913432064936,9282,3507,20030000,0,1,3322
2573,3441,SC-RRT-fixed-matched,5000,15847,1040,2,evaluation-2d-03,5000,uniform_clutter,99,162.0,2016.959286244661,0.9465675991697188,95.0,0.01131813001120463,1944.9660065852222,0.9816049754800811,1.26781410901458,1.5,1.5,3,0.8,0.8,1,0.0,9126,3393,20030000,0,1,3443
2563,3338,SC-RRT-fixed-matched,5000,15550,1078,2,evaluation-2d-03,5000,uniform_clutter,99,178.0,2105.3161084650965,0.9068416384253064,113.0,0.014174664014717564,1993.872380975878,0.95752783749843,1.2392989289946854,1.5,1.5,3,0.8,0.8,1,0.0,9083,3296,20030001,1,1,3340
2563,3220,SC-RRT,5000,14925,1076,2,evaluation-2d-03,5000,uniform_clutter,99,178.0,2105.3161084650965,0.9068416384253064,113.0,0.013901188009185717,1979.302482095983,0.9645763224537276,1.2514938339882065,1.289206976925524,1.289206976925524,3,0.9469710083699332,0.9469710083699332,1,0.02313219973338842,8776,2683,20030001,1,1,3222
2561,3420,SC-RRT,5000,16365,1032,2,evaluation-2d-03,5000,uniform_clutter,99,174.0,2249.67541810888,0.8486505625814138,113.0,0.013973796973004937,1993.9168557599326,0.9575064796149877,1.33534190399223,1.290852274092192,1.290852274092192,3,0.9458049381214042,0.9458049381214042,1,0.06719095541721973,9664,3519,20030002,2,1,3422
2561,3545,SC-RRT-fixed-matched,5000,16480,953,2,evaluation-2d-03,5000,uniform_clutter,99,174.0,2249.67541810888,0.8486505625814138,113.0,0.013810942997224629,2007.3290936240724,0.9511087719835671,1.3947319899743889,1.5,1.5,3,0.8,0.8,1,0.0,9567,3354,20030002,2,1,3547
2558,3471,SC-RRT-fixed-matched,5000,16208,1058,2,evaluation-2d-03,5000,uniform_clutter,99,270.0,2077.325648065353,0.9190606735066965,132.0,0.01970146902021952,1977.9297470312276,0.9652457636927061,1.3088382830028422,1.5,1.5,3,0.8,0.8,1,0.0,9328,3301,20030003,3,1,3473
2558,3304,SC-RRT,5000,17022,1150,2,evaluation-2d-03,5000,uniform_clutter,99,270.0,2077.325648065353,0.9190606735066965,132.0,0.0195060079859104,1958.723276150412,0.9747105844149218,1.3653732649981976,1.287217586803034,1.287217586803034,3,0.9483805967376697,0.9483805967376697,1,0.04001255205985242,10405,2771,20030003,3,1,3306
2564,3056,SC-RRT,5000,13882,1347,2,evaluation-2d-03,5000,uniform_clutter,99,533.0,2389.5038743237806,0.7989894177275484,197.0,0.03671107400441542,2076.541155117214,0.9194078838740427,1.1171824510092847,1.2911347277827603,1.2911347277827603,3,0.9456047296514337,0.9456047296514337,1,0.07149244341271184,7670,2466,20030004,4,1,3058
2564,3279,SC-RRT-fixed-matched,5000,14458,1321,2,evaluation-2d-03,5000,uniform_clutter,99,533.0,2389.5038743237806,0.7989894177275484,197.0,0.03608133297530003,2120.3748418918776,0.9004013212589473,1.3108495499764103,1.5,1.5,3,0.8,0.8,1,0.0,7696,2393,20030004,4,1,3281
2578,3371,SC-RRT-fixed-matched,5000,15145,1145,2,evaluation-2d-03,5000,uniform_clutter,99,354.0,2277.1843622193164,0.8383986561997143,146.0,0.026166097988607362,2038.6376318913522,0.9365020439814128,1.2865472299745306,1.5,1.5,3,0.8,0.8,1,0.0,8432,2564,20030005,5,1,3373
2578,3310,SC-RRT,5000,15943,1047,2,evaluation-2d-03,5000,uniform_clutter,99,354.0,2277.1843622193164,0.8383986561997143,146.0,0.025682517007226124,1998.5434305685803,0.9552898776187813,1.3353874450258445,1.2877771927862436,1.2877771927862436,3,0.94798412633354,0.94798412633354,1,0.08019263611404667,9564,2676,20030005,5,1,3312
2561,3237,SC-RRT,5000,15888,1109,2,evaluation-2d-03,5000,uniform_clutter,99,160.0,2091.509338910594,0.9128280107026051,99.0,0.012668503011809662,1966.0626400357073,0.9710719639985651,1.3465688299911562,1.2862191829854221,1.2862191829854221,3,0.949087866796296,0.949087866796296,1,0.031344581007020506,9515,3113,20030006,6,1,3239
2561,3358,SC-RRT-fixed-matched,5000,16309,1108,2,evaluation-2d-03,5000,uniform_clutter,99,160.0,2091.509338910594,0.9128280107026051,99.0,0.012769282999215648,1968.7347504714812,0.9697539542827989,1.3355703090201132,1.5,1.5,3,0.8,0.8,1,0.0,9638,3508,20030006,6,1,3360
2564,3277,SC-RRT-fixed-matched,5000,15177,1165,2,evaluation-2d-03,5000,uniform_clutter,99,317.0,2353.025196298421,0.8113760584489493,147.0,0.021958678989904,1980.073723690918,0.9642006185733796,1.2317830159736332,1.5,1.5,3,0.8,0.8,1,0.0,8702,3265,20030007,7,1,3279
2564,3098,SC-RRT,5000,14792,1183,2,evaluation-2d-03,5000,uniform_clutter,99,317.0,2353.025196298421,0.8113760584489493,147.0,0.02245163099723868,1991.2432331739342,0.9587921140907207,1.2047650509921368,1.2857162853769117,1.2857162853769117,3,0.9494440799984194,0.9494440799984194,1,0.03784068939701242,8837,3250,20030007,7,1,3100
2574,3122,SC-RRT,5000,14259,1081,2,evaluation-2d-03,5000,uniform_clutter,99,192.0,2076.5907051825216,0.9193859456458804,106.0,0.014952825993532315,1989.6777463573167,0.9595464957574171,1.148501189018134,1.3231685188892655,1.3231685188892655,3,0.9228689535847727,0.9228689535847727,1,0.02262394658417551,8370,2813,20030008,8,1,3124
2574,3304,SC-RRT-fixed-matched,5000,15177,1112,2,evaluation-2d-03,5000,uniform_clutter,99,192.0,2076.5907051825216,0.9193859456458804,106.0,0.01417324400972575,1980.9912357750072,0.9637540412725562,1.2352827220165636,1.5,1.5,3,0.8,0.8,1,0.0,8723,3084,20030008,8,1,3306
2557,3354,SC-RRT-fixed-matched,5000,15269,1172,2,evaluation-2d-03,5000,uniform_clutter,99,517.0,2485.2352083458513,0.7682123216314868,198.0,0.036505169002339244,1969.1263428988525,0.9695611031200079,1.2291269149864092,1.5,1.5,3,0.8,0.8,1,0.0,8584,3052,20030009,9,1,3356
2557,3220,SC-RRT,5000,15172,1255,2,evaluation-2d-03,5000,uniform_clutter,99,517.0,2485.2352083458513,0.7682123216314868,198.0,0.033697773003950715,1966.8655817677407,0.9706755392444133,1.2165383620013017,1.2906576942840084,1.2906576942840084,3,0.9459428556992693,0.9459428556992693,1,0.11609371340028535,8686,2744,20030009,9,1,3222
2562,3503,SC-RRT,5000,16617,903,2,evaluation-2d-03,5000,uniform_clutter,99,196.0,2094.6147828163635,0.9114746658269233,117.0,0.015391706983791664,1957.2691335340223,0.9754347404214515,1.4204608110012487,1.2849547877617464,1.2849547877617464,3,0.9499834131572705,0.9499834131572705,1,0.028842660845888567,9904,3224,20030010,10,1,3505
2562,3562,SC-RRT-fixed-matched,5000,16470,951,2,evaluation-2d-03,5000,uniform_clutter,99,196.0,2094.6147828163635,0.9114746658269233,117.0,0.015125644014915451,1958.8331470099442,0.9746559129438634,1.3292273590050172,1.5,1.5,3,0.8,0.8,1,0.0,9512,3410,20030010,10,1,3564
2563,3635,SC-RRT-fixed-matched,5000,16514,916,2,evaluation-2d-03,5000,uniform_clutter,99,205.0,2200.6703079470226,0.8675485384199761,110.0,0.015525322989560664,2013.0117809623941,0.9484238131437664,1.3625396360002924,1.5,1.5,3,0.8,0.8,1,0.0,9401,3248,20030011,11,1,3637
2563,3520,SC-RRT,5000,16927,939,2,evaluation-2d-03,5000,uniform_clutter,99,205.0,2200.6703079470226,0.8675485384199761,110.0,0.01574249702389352,1977.9208847639716,0.9652500885704054,1.3766677860112395,1.2860814828779226,1.2860814828779226,3,0.9491854054322704,0.9491854054322704,1,0.04630964938822951,10078,3790,20030011,11,1,3522
2563,3445,SC-RRT,5000,16848,990,2,evaluation-2d-03,5000,uniform_clutter,99,218.0,2116.006427001113,0.9022601655843997,123.0,0.01718396198702976,1953.0478467802614,0.9775430296554748,1.2959281950024888,1.285542067491932,1.285542067491932,3,0.9495674759432348,0.9495674759432348,1,0.03678018460202931,10176,3564,20030012,12,1,3447
2563,3529,SC-RRT-fixed-matched,5000,17064,1015,2,evaluation-2d-03,5000,uniform_clutter,99,218.0,2116.006427001113,0.9022601655843997,123.0,0.01619356297305785,1984.5653804186104,0.9620183482193806,1.3009238189843018,1.5,1.5,3,0.8,0.8,1,0.0,10134,3691,20030012,12,1,3531
2564,3440,SC-RRT-fixed-matched,5000,16054,1117,2,evaluation-2d-03,5000,uniform_clutter,99,267.0,2366.299957696629,0.8068243009487664,155.0,0.02102896399446763,2073.5453077826533,0.9207362395400319,1.2963532239955384,1.5,1.5,3,0.8,0.8,1,0.0,9150,2993,20030013,13,1,3442
2564,3214,SC-RRT,5000,15435,1167,2,evaluation-2d-03,5000,uniform_clutter,99,267.0,2366.299957696629,0.8068243009487664,155.0,0.02066043799277395,1971.5455540742512,0.9683713902822534,1.1873137029760983,1.2886267025480644,1.2886267025480644,3,0.9473822041429204,0.9473822041429204,1,0.10037080999719156,9090,3088,20030013,13,1,3216
2561,3490,SC-RRT,5000,16496,1054,2,evaluation-2d-03,5000,uniform_clutter,99,152.0,2042.5205398319229,0.9347217185687561,85.0,0.011104271980002522,1955.4710869174933,0.9763316481519689,1.2895929369842634,1.2869220890733124,1.2869220890733124,3,0.9485899383983305,0.9485899383983305,1,0.02317650055509551,9499,3407,20030014,14,1,3492
2561,3593,SC-RRT-fixed-matched,5000,16645,1055,2,evaluation-2d-03,5000,uniform_clutter,99,152.0,2042.5205398319229,0.9347217185687561,85.0,0.01115352098713629,1948.3528816917383,0.9798986247018796,1.5427486909902655,1.5,1.5,3,0.8,0.8,1,0.0,9344,3192,20030014,14,1,3595
2564,3282,SC-RRT-fixed-matched,5000,15618,1176,2,evaluation-2d-03,5000,uniform_clutter,99,323.0,2225.5394059429464,0.8578541921592118,146.0,0.02496986000915058,1965.2776332747237,0.9714598471374325,1.3242741050198674,1.5,1.5,3,0.8,0.8,1,0.0,9097,3437,20030015,15,1,3284
2564,3174,SC-RRT,5000,14817,1075,2,evaluation-2d-03,5000,uniform_clutter,99,323.0,2225.5394059429464,0.8578541921592118,146.0,0.022706497024046257,2034.377920934006,0.9384629520198234,1.3648776490008458,1.2958876990189827,1.2958876990189827,3,0.9422347081124387,0.9422347081124387,1,0.028450647312499855,8789,2687,20030015,15,1,3176
2558,3181,SC-RRT,5000,15307,1074,2,evaluation-2d-03,5000,uniform_clutter,99,183.0,2059.8700003990502,0.9268489316480258,121.0,0.01595057698432356,1948.8349392016794,0.979656240146104,1.2387896419968456,1.318833947742728,1.318833947742728,3,0.9259470784286783,0.9259470784286783,1,0.01683781228216978,9148,3260,20030016,16,1,3183
2558,3314,SC-RRT-fixed-matched,5000,15416,1021,2,evaluation-2d-03,5000,uniform_clutter,99,183.0,2059.8700003990502,0.9268489316480258,121.0,0.016552807006519288,1961.2046551699675,0.9734773493275329,1.2211734580050688,1.5,1.5,3,0.8,0.8,1,0.0,9019,3241,20030016,16,1,3316
2568,3535,SC-RRT-fixed-matched,5000,17031,1021,2,evaluation-2d-03,5000,uniform_clutter,99,158.0,2165.3730534953243,0.8816902501496844,96.0,0.012078497995389625,1978.7976697876538,0.9648223961212541,1.4217588840110693,1.5,1.5,3,0.8,0.8,1,0.0,9972,3646,20030017,17,1,3537
2568,3443,SC-RRT,5000,16780,1005,2,evaluation-2d-03,5000,uniform_clutter,99,158.0,2165.3730534953243,0.8816902501496844,96.0,0.012048008007695898,1981.3883605689796,0.9635608784213469,1.3888424150063656,1.284725335561326,1.284725335561326,3,0.95,0.95,1,0.052494692491669714,9988,3555,20030017,17,1,3445
2560,3234,SC-RRT,5000,14991,980,2,evaluation-2d-03,5000,uniform_clutter,99,284.0,2231.4857891657925,0.8555682131040591,172.0,0.021250516991131008,2031.5433107297836,0.9397723883710103,1.1765796509862412,1.2902175546383663,1.2902175546383663,3,0.9462548124567534,0.9462548124567534,1,0.07263287779994688,8924,3229,20030018,18,1,3236
2560,3326,SC-RRT-fixed-matched,5000,14864,1078,2,evaluation-2d-03,5000,uniform_clutter,99,284.0,2231.4857891657925,0.8555682131040591,172.0,0.022102213988546282,2053.3095555484524,0.9298102685221866,1.1745278289890848,1.5,1.5,3,0.8,0.8,1,0.0,8375,2895,20030018,18,1,3328
2561,3316,SC-RRT-fixed-matched,5000,15303,1171,2,evaluation-2d-03,5000,uniform_clutter,99,298.0,2071.6820059468637,0.9215643635091006,137.0,0.021521390008274466,1968.100771057289,0.9700663387159987,1.3091361810220405,1.5,1.5,3,0.8,0.8,1,0.0,8675,2963,20030019,19,1,3318
2561,3231,SC-RRT,5000,15342,1126,2,evaluation-2d-03,5000,uniform_clutter,99,298.0,2071.6820059468637,0.9215643635091006,137.0,0.021244859002763405,1952.035550649507,0.9780499686946931,1.3139754050062038,1.2857856854744534,1.2857856854744534,3,0.9493949240266862,0.9493949240266862,1,0.036230557076932006,9012,3061,20030019,19,1,3233
2561,3518,SC-RRT,5000,16173,893,2,evaluation-2d-03,5000,uniform_clutter,99,197.0,2208.9433854363056,0.8642993395806655,107.0,0.016468826011987403,1995.8600300265218,0.9565742489358375,1.4514125940040685,1.2818239400866243,1.2818239400866243,3,0.95,0.95,1,0.030502274344131625,9372,3025,20030020,20,1,3520
2561,3522,SC-RRT-fixed-matched,5000,16308,987,2,evaluation-2d-03,5000,uniform_clutter,99,197.0,2208.9433854363056,0.8642993395806655,107.0,0.015185127995209768,1970.011309127947,0.9691255579892113,1.3861783669854049,1.5,1.5,3,0.8,0.8,1,0.0,9329,3128,20030020,20,1,3524
2553,3480,SC-RRT-fixed-matched,5000,16875,1107,2,evaluation-2d-03,5000,uniform_clutter,99,295.0,2154.2739498912943,0.8862328346401891,138.0,0.020333728985860944,1957.342602138319,0.9753981276031931,1.421192890004022,1.5,1.5,3,0.8,0.8,1,0.0,9840,3462,20030021,21,1,3482
2553,3368,SC-RRT,5000,16329,1098,2,evaluation-2d-03,5000,uniform_clutter,99,295.0,2154.2739498912943,0.8862328346401891,138.0,0.020628917001886293,1952.9996148919608,0.9775671713633665,1.3567895369778853,1.2859982763474722,1.2859982763474722,3,0.9492443430529076,0.9492443430529076,1,0.043955537095467435,9614,3222,20030021,21,1,3370
2559,3297,SC-RRT,5000,15293,1066,2,evaluation-2d-03,5000,uniform_clutter,99,225.0,2044.5012758887958,0.9338161495515361,118.0,0.01757779301260598,1959.939163364182,0.974105903331514,1.2469754820049275,1.306794990646934,1.306794990646934,3,0.9344951657599894,0.9344951657599894,1,0.025891118871034867,8884,2940,20030022,22,1,3299
2559,3481,SC-RRT-fixed-matched,5000,16390,1048,2,evaluation-2d-03,5000,uniform_clutter,99,225.0,2044.5012758887958,0.9338161495515361,118.0,0.01700297900242731,1975.0734157803272,0.9666416923795116,1.3538663130020723,1.5,1.5,3,0.8,0.8,1,0.0,9513,3488,20030022,22,1,3483
2565,3464,SC-RRT-fixed-matched,5000,16394,1034,2,evaluation-2d-03,5000,uniform_clutter,99,168.0,2129.923752878527,0.8963646264911918,106.0,0.01249517299584113,2022.1655413816836,0.944130571970477,1.2818509969802108,1.5,1.5,3,0.8,0.8,1,0.0,9526,3042,20030023,23,1,3466
2565,3371,SC-RRT,5000,16137,994,2,evaluation-2d-03,5000,uniform_clutter,99,168.0,2129.923752878527,0.8963646264911918,106.0,0.01616437701159157,1991.5939597217375,0.9586232675009856,1.2754677770135459,1.3091530366681368,1.3091530366681368,3,0.932821170403405,0.932821170403405,1,0.02660119338503792,9594,3116,20030023,23,1,3373
2568,3410,SC-RRT,5000,16153,998,2,evaluation-2d-03,5000,uniform_clutter,99,190.0,2094.0932373676133,0.9117016736101157,108.0,0.014352159021655098,1961.4790243912823,0.9733411805390926,1.246691008011112,1.2852483762106839,1.2852483762106839,3,0.9497754856741957,0.9497754856741957,1,0.03137773843802726,9562,3500,20030024,24,1,3412
2568,3472,SC-RRT-fixed-matched,5000,16208,1069,2,evaluation-2d-03,5000,uniform_clutter,99,190.0,2094.0932373676133,0.9117016736101157,108.0,0.013646572013385594,1982.62400600616,0.962960351241579,1.4170290030015167,1.5,1.5,3,0.8,0.8,1,0.0,9339,3399,20030024,24,1,3474
2565,3420,SC-RRT-fixed-matched,5000,15304,1050,2,evaluation-2d-03,5000,uniform_clutter,99,147.0,2000.1137917278586,0.9545398452326896,97.0,0.01171453800634481,1968.1943760140807,0.9700202035279161,1.1674806160153821,1.5,1.5,3,0.8,0.8,1,0.0,8543,2781,20030025,25,1,3422
2565,3330,SC-RRT,5000,15824,1057,2,evaluation-2d-03,5000,uniform_clutter,99,147.0,2000.1137917278586,0.9545398452326896,97.0,0.011646686005406082,1951.1414581883205,0.978498151013819,1.1995638200023677,1.3709548179627404,1.3709548179627404,3,0.8889994396511995,0.8889994396511995,1,0.01628383247964073,9284,3400,20030025,25,1,3332
2564,3360,SC-RRT,5000,16125,1052,2,evaluation-2d-03,5000,uniform_clutter,99,235.0,2315.1655233501374,0.8246444109279091,136.0,0.017404197016730905,1998.3963688335798,0.9553601772795602,1.334780014003627,1.2862850998679605,1.2862850998679605,3,0.9490411744511159,0.9490411744511159,1,0.06187613946492562,9578,3345,20030026,26,1,3362
2564,3503,SC-RRT-fixed-matched,5000,15989,1035,2,evaluation-2d-03,5000,uniform_clutter,99,235.0,2315.1655233501374,0.8246444109279091,136.0,0.01760545902652666,2009.5141966162216,0.9500745565363609,1.3372853580222,1.5,1.5,3,0.8,0.8,1,0.0,9087,2989,20030026,26,1,3505
2564,3335,SC-RRT-fixed-matched,5000,15209,1118,2,evaluation-2d-03,5000,uniform_clutter,99,352.0,2209.6020317561674,0.8640417060470733,165.0,0.0250541860004887,2040.780457745462,0.9355187139104815,1.2766020150156692,1.5,1.5,3,0.8,0.8,1,0.0,8591,2998,20030027,27,1,3337
2564,3280,SC-RRT,5000,15923,1104,2,evaluation-2d-03,5000,uniform_clutter,99,352.0,2209.6020317561674,0.8640417060470733,165.0,0.02473325000028126,2064.0569789556157,0.9249688010888639,1.3122713600168936,1.2922713664848666,1.2922713664848666,3,0.9447989865785442,0.9447989865785442,1,0.029162129361113055,9463,3423,20030027,27,1,3282
2564,3342,SC-RRT,5000,15957,1045,2,evaluation-2d-03,5000,uniform_clutter,99,134.0,2026.1988743566403,0.9422511942762206,89.0,0.014021081005921587,1961.2988459330256,0.973430598382595,1.3735247800068464,1.330713140968766,1.330713140968766,3,0.9175118186409182,0.9175118186409182,1,0.020658827568229732,9435,3281,20030028,28,1,3344
2564,3468,SC-RRT-fixed-matched,5000,16309,1081,2,evaluation-2d-03,5000,uniform_clutter,99,134.0,2026.1988743566403,0.9422511942762206,89.0,0.010652689001290128,1965.0309306140525,0.9715818104741364,1.321050696016755,1.5,1.5,3,0.8,0.8,1,0.0,9347,3242,20030028,28,1,3470
2562,3375,SC-RRT-fixed-matched,5000,15344,1137,2,evaluation-2d-03,5000,uniform_clutter,99,276.0,2196.5564253580787,0.8691733511432312,140.0,0.019715508999070153,1974.5107936493505,0.9669171297235903,1.245110582007328,1.5,1.5,3,0.8,0.8,1,0.0,8595,3062,20030029,29,1,3377
2562,3202,SC-RRT,5000,14282,1147,2,evaluation-2d-03,5000,uniform_clutter,99,276.0,2196.5564253580787,0.8691733511432312,140.0,0.020047052996233106,1949.7431375482906,0.9791999122532581,1.1644577060069423,1.2871272192256704,1.2871272192256704,3,0.9484446174724618,0.9484446174724618,1,0.08053486484226308,7972,2590,20030029,29,1,3204
2566,3320,SC-RRT,5000,17442,1153,2,evaluation-2d-03,5000,uniform_clutter,99,279.0,2375.477767760579,0.8037070837347877,146.0,0.020353400002932176,1963.4794636961956,0.9723495175292969,1.3339953030226752,1.2909053334589107,1.2909053334589107,3,0.9457673292017991,0.9457673292017991,1,0.08484126178323396,10794,3755,20030030,30,1,3322
2566,3381,SC-RRT-fixed-matched,5000,16247,1149,2,evaluation-2d-03,5000,uniform_clutter,99,279.0,2375.477767760579,0.8037070837347877,146.0,0.01922340999590233,1961.5156175796635,0.9733230223063162,1.1777300350076985,1.5,1.5,3,0.8,0.8,1,0.0,9458,3521,20030030,30,1,3383
2562,3415,SC-RRT-fixed-matched,5000,15915,1092,2,evaluation-2d-03,5000,uniform_clutter,99,212.0,2061.8233854062055,0.9259708288872395,119.0,0.015741775976493955,1970.2612773192354,0.969002604467437,1.1967657319910359,1.5,1.5,3,0.8,0.8,1,0.0,9068,3128,20030031,31,1,3417
2562,3359,SC-RRT,5000,17093,1068,2,evaluation-2d-03,5000,uniform_clutter,99,212.0,2061.8233854062055,0.9259708288872395,119.0,0.014450377027969807,1960.348899576026,0.9739023036239046,1.3086245420272462,1.2991436749905827,1.2991436749905827,3,0.9399251036956577,0.9399251036956577,1,0.02493877384071025,10432,3455,20030031,31,1,3361
2568,3249,SC-RRT,5000,16424,1080,2,evaluation-2d-03,5000,uniform_clutter,99,281.0,2184.478738585252,0.8739788927587083,115.0,0.017668604996288195,1979.2452971671642,0.9646041912724227,1.1849073249904905,1.2870291190740055,1.2870291190740055,3,0.948514115380115,0.948514115380115,1,0.047498275110174265,10077,3667,20030032,32,1,3251
2568,3454,SC-RRT-fixed-matched,5000,16075,999,2,evaluation-2d-03,5000,uniform_clutter,99,281.0,2184.478738585252,0.8739788927587083,115.0,0.01727502900757827,2005.7827517479293,0.9518420215449184,1.3018300679977983,1.5,1.5,3,0.8,0.8,1,0.0,9311,3486,20030032,32,1,3456
2569,3484,SC-RRT-fixed-matched,5000,16347,1055,2,evaluation-2d-03,5000,uniform_clutter,99,180.0,2055.7708899825634,0.9286970248031247,106.0,0.013817968021612614,1985.4395197725232,0.9615947956059718,1.2789046420075465,1.5,1.5,3,0.8,0.8,1,0.0,9427,3462,20030033,33,1,3486
2569,3380,SC-RRT,5000,16358,1083,2,evaluation-2d-03,5000,uniform_clutter,99,180.0,2055.7708899825634,0.9286970248031247,106.0,0.013722571020480245,1981.07010665814,0.9637156720436719,1.3040253700164612,1.3138301183949328,1.3138301183949328,3,0.9295003545701832,0.9295003545701832,1,0.021222892919630747,9649,3198,20030033,33,1,3382
2561,3119,SC-RRT,5000,15515,1231,2,evaluation-2d-03,5000,uniform_clutter,99,588.0,2547.2477920412844,0.7495102420615761,218.0,0.0378757769940421,1957.0160972155331,0.9755608612111547,1.2313698150101118,1.293766407907445,1.293766407907445,3,0.9437390079607877,0.9437390079607877,1,0.09711245394065529,9354,3146,20030034,34,1,3121
2561,3309,SC-RRT-fixed-matched,5000,15010,1185,2,evaluation-2d-03,5000,uniform_clutter,99,588.0,2547.2477920412844,0.7495102420615761,218.0,0.039319303003139794,1962.762552565266,0.9727046741891585,1.2154968079994433,1.5,1.5,3,0.8,0.8,1,0.0,8436,3156,20030034,34,1,3311
2561,3390,SC-RRT-fixed-matched,5000,16458,1148,2,evaluation-2d-03,5000,uniform_clutter,99,310.0,2342.363905072895,0.8150690441689776,146.0,0.023157529009040445,1970.5531641767573,0.9688590716106279,1.307348576025106,1.5,1.5,3,0.8,0.8,1,0.0,9658,3761,20030035,35,1,3392
2561,3260,SC-RRT,5000,16988,1157,2,evaluation-2d-03,5000,uniform_clutter,99,310.0,2342.363905072895,0.8150690441689776,146.0,0.0215635719941929,1968.6619347307878,0.9697898229869302,1.3734641229966655,1.2921226297797557,1.2921226297797557,3,0.9449044298818331,0.9449044298818331,1,0.0769069327300813,10481,3556,20030035,35,1,3262
2558,3472,SC-RRT,5000,16400,874,2,evaluation-2d-03,5000,uniform_clutter,99,130.0,2063.710043252368,0.9251243000178618,95.0,0.014785307983402163,1973.3077646237557,0.9675066117056997,1.3004328979877755,1.324457350683438,1.324457350683438,3,0.9219537326982412,0.9219537326982412,1,0.01344342756248772,9833,3250,20030036,36,1,3474
2558,3552,SC-RRT-fixed-matched,5000,17251,919,2,evaluation-2d-03,5000,uniform_clutter,99,130.0,2063.710043252368,0.9251243000178618,95.0,0.011685286997817457,1965.8817493445006,0.9711613172258575,1.3394048850168474,1.5,1.5,3,0.8,0.8,1,0.0,10380,3827,20030036,36,1,3554
2563,3501,SC-RRT-fixed-matched,5000,15864,1041,2,evaluation-2d-03,5000,uniform_clutter,99,263.0,2166.2932693143775,0.8813157185351586,133.0,0.01819039197289385,1975.7847842243737,0.9662936593335296,1.2043457869731355,1.5,1.5,3,0.8,0.8,1,0.0,9023,3222,20030037,37,1,3503
2563,3327,SC-RRT,5000,15559,1099,2,evaluation-2d-03,5000,uniform_clutter,99,263.0,2166.2932693143775,0.8813157185351586,133.0,0.02015875998768024,1959.373851329419,0.9743869491308714,1.2375620120146777,1.289468293964103,1.289468293964103,3,0.9467858224436575,0.9467858224436575,1,0.06008135317115678,9081,3149,20030037,37,1,3329
2561,3199,SC-RRT,5000,15468,1066,2,evaluation-2d-03,5000,uniform_clutter,99,283.0,2197.675561866739,0.8687307363885799,145.0,0.020921350020216778,1950.0093786543841,0.9790662189128163,1.2588878060050774,1.285582576145498,1.285582576145498,3,0.9495387845571698,0.9495387845571698,1,0.04079709990099349,9315,3286,20030038,38,1,3201
2561,3339,SC-RRT-fixed-matched,5000,15533,1069,2,evaluation-2d-03,5000,uniform_clutter,99,283.0,2197.675561866739,0.8687307363885799,145.0,0.022973026003455743,1971.6079287571463,0.9683407544456286,1.2468971660127863,1.5,1.5,3,0.8,0.8,1,0.0,8988,3295,20030038,38,1,3341
2557,3293,SC-RRT-fixed-matched,5000,16159,1296,2,evaluation-2d-03,5000,uniform_clutter,99,389.0,2255.54560584758,0.8464419004670273,163.0,0.02756297599989921,1959.8581693130445,0.9741461597054614,1.3399713260005228,1.5,1.5,3,0.8,0.8,1,0.0,9348,3401,20030039,39,1,3295
2557,3244,SC-RRT,5000,16781,1261,2,evaluation-2d-03,5000,uniform_clutter,99,389.0,2255.54560584758,0.8464419004670273,163.0,0.026939361996483058,1969.7140011023469,0.9692718375029088,1.3986556549789384,1.288368090431582,1.288368090431582,3,0.947565451994613,0.947565451994613,1,0.08002667806483675,10161,3562,20030039,39,1,3246
2564,3320,SC-RRT,5000,16046,1014,2,evaluation-2d-03,5000,uniform_clutter,99,147.0,2081.2965259750904,0.9173072098937084,93.0,0.011826946021756157,1949.945881036037,0.9790981010146274,1.377103552018525,1.2847953664458585,1.2847953664458585,3,0.95,0.95,1,0.02811760130543201,9592,3330,20030040,40,1,3322
2564,3422,SC-RRT-fixed-matched,5000,16671,1010,2,evaluation-2d-03,5000,uniform_clutter,99,147.0,2081.2965259750904,0.9173072098937084,93.0,0.012683050998020917,1950.8058562107922,0.9786664844814691,1.3245909299876075,1.5,1.5,3,0.8,0.8,1,0.0,9955,3618,20030040,40,1,3424
2562,3372,SC-RRT-fixed-matched,5000,15011,999,2,evaluation-2d-03,5000,uniform_clutter,99,169.0,2217.00747508841,0.8611555579565845,110.0,0.014554255991242826,2032.9843685933067,0.9391062413946216,1.1568023639847524,1.5,1.5,3,0.8,0.8,1,0.0,8517,2598,20030041,41,1,3374
2562,3364,SC-RRT,5000,15396,966,2,evaluation-2d-03,5000,uniform_clutter,99,169.0,2217.00747508841,0.8611555579565845,110.0,0.014007608988322318,2007.3826577172263,0.9510833930262138,1.3820994449779391,1.2807903510163199,1.2807903510163199,3,0.95,0.95,1,0.041358271461857436,8958,2407,20030041,41,1,3366
2562,3475,SC-RRT,5000,16383,1144,2,evaluation-2d-03,5000,uniform_clutter,99,358.0,2396.494759267815,0.7966586623318883,179.0,0.02890622999984771,1974.8362549401766,0.9667577777285201,1.5173358650063165,1.2418148725031508,1.2418148725031508,3,0.95,0.95,1,0.08758860495042683,9329,2787,20030042,42,1,3477
2562,3549,SC-RRT-fixed-matched,5000,16498,1109,2,evaluation-2d-03,5000,uniform_clutter,99,358.0,2396.494759267815,0.7966586623318883,179.0,0.028055367001798004,2140.219222173469,0.8920526876049779,1.5006793570064474,1.5,1.5,3,0.8,0.8,1,0.0,9304,2952,20030042,42,1,3551
2559,3153,SC-RRT-fixed-matched,5000,15196,1424,2,evaluation-2d-03,5000,uniform_clutter,99,575.0,2304.681364973929,0.8283957766219346,173.0,0.0363461549859494,2031.8663075269606,0.9396229969123328,1.1262300269736443,1.5,1.5,3,0.8,0.8,1,0.0,8543,2987,20030043,43,1,3155
2559,3081,SC-RRT,5000,15552,1400,2,evaluation-2d-03,5000,uniform_clutter,99,575.0,2304.681364973929,0.8283957766219346,173.0,0.03284843300934881,2053.869781843195,0.9295566476908405,1.2107505119929556,1.2874386103769213,1.2874386103769213,3,0.9482240094779205,0.9482240094779205,1,0.05145378826313768,9113,2753,20030043,43,1,3083
2558,3064,SC-RRT,5000,14678,1255,2,evaluation-2d-03,5000,uniform_clutter,99,256.0,2142.1317506553273,0.8912562491170833,111.0,0.01605014700908214,1972.5669221523367,0.967869980867618,1.0860319279890973,1.2860284742138104,1.2860284742138104,3,0.9492229531058181,0.9492229531058181,1,0.04308205092398518,8584,3190,20030044,44,1,3066
2558,3204,SC-RRT-fixed-matched,5000,15047,1218,2,evaluation-2d-03,5000,uniform_clutter,99,256.0,2142.1317506553273,0.8912562491170833,111.0,0.017697841016342863,1959.600097494273,0.9742744510193401,1.1268303279939573,1.5,1.5,3,0.8,0.8,1,0.0,8663,3400,20030044,44,1,3206
2558,3407,SC-RRT-fixed-matched,5000,15693,1080,2,evaluation-2d-03,5000,uniform_clutter,99,271.0,2123.095633106502,0.899247438237233,140.0,0.018854956986615434,2005.9870969918823,0.9517450596101239,1.2389200659818016,1.5,1.5,3,0.8,0.8,1,0.0,8997,3273,20030045,45,1,3409
2558,3196,SC-RRT,5000,14479,1063,2,evaluation-2d-03,5000,uniform_clutter,99,271.0,2123.095633106502,0.899247438237233,140.0,0.0189277830068022,2050.320346355089,0.931165860299682,1.2096950970008038,1.3027133049599717,1.3027133049599717,3,0.9373922205627854,0.9373922205627854,1,0.019272933754642223,8415,2848,20030045,45,1,3198
2566,3179,SC-RRT,5000,15335,1257,2,evaluation-2d-03,5000,uniform_clutter,99,433.0,2313.334145593137,0.8252972502224334,168.0,0.028252496995264664,1969.330690394786,0.9694604966629291,1.2570724360120948,1.2905836435740476,1.2905836435740476,3,0.9459953417040197,0.9459953417040197,1,0.09152395640980428,8942,3202,20030046,46,1,3181
2566,3302,SC-RRT-fixed-matched,5000,15446,1205,2,evaluation-2d-03,5000,uniform_clutter,99,433.0,2313.334145593137,0.8252972502224334,168.0,0.027462253987323493,1991.4856628909847,0.9586753973574494,1.1940014389983844,1.5,1.5,3,0.8,0.8,1,0.0,8822,3378,20030046,46,1,3304
2563,3565,SC-RRT-fixed-matched,5000,16449,1009,2,evaluation-2d-03,5000,uniform_clutter,99,178.0,2103.2685606857885,0.9077244555879118,104.0,0.01574608200462535,1999.3822293887158,0.9548891058151432,1.3191644070029724,1.5,1.5,3,0.8,0.8,1,0.0,9325,3144,20030047,47,1,3567
2563,3455,SC-RRT,5000,16354,977,2,evaluation-2d-03,5000,uniform_clutter,99,178.0,2103.2685606857885,0.9077244555879118,104.0,0.012910315010230988,1980.1051412308989,0.9641853199860203,1.3288645190186799,1.328071602216368,1.328071602216368,3,0.9193873291756955,0.9193873291756955,1,0.023084363582196378,9600,3312,20030047,47,1,3457
2561,3386,SC-RRT,5000,16445,1085,2,evaluation-2d-03,5000,uniform_clutter,99,254.0,2327.444987098642,0.820293635203659,132.0,0.01738862501224503,2056.185889369392,0.9285095861586735,1.3826424319995567,1.282204941936051,1.282204941936051,3,0.95,0.95,1,0.056914190827131485,9730,3477,20030048,48,1,3388
2561,3499,SC-RRT-fixed-matched,5000,16179,1016,2,evaluation-2d-03,5000,uniform_clutter,99,254.0,2327.444987098642,0.820293635203659,132.0,0.017373245995258912,2102.6470753582716,0.9079927542658913,1.2621301529870834,1.5,1.5,3,0.8,0.8,1,0.0,9290,3185,20030048,48,1,3501
2574,3310,SC-RRT-fixed-matched,5000,15288,1184,2,evaluation-2d-03,5000,uniform_clutter,99,185.0,2071.1452771085787,0.9218031831494696,100.0,0.014188469998771325,1964.6160871206828,0.9717869672958656,1.189375674992334,1.5,1.5,3,0.8,0.8,1,0.0,8702,3049,20030049,49,1,3312
2574,3285,SC-RRT,5000,16071,1174,2,evaluation-2d-03,5000,uniform_clutter,99,185.0,2071.1452771085787,0.9218031831494696,100.0,0.013383330020587891,1986.73087999663,0.9609697661753346,1.3379391380003653,1.2855408652405709,1.2855408652405709,3,0.9495683274686489,0.9495683274686489,1,0.03607063889627261,9503,3342,20030049,49,1,3287
2566,3591,SC-RRT,5000,15398,801,2,evaluation-2d-04,5000,central_cluster,99,432.0,2436.573946117002,0.783554429877336,225.0,0.03486203699139878,2123.2853490833677,0.8991670902961224,1.5853606539894827,1.2860084170796968,1.2860084170796968,4,0.9492371601150351,0.9492371601150351,1,0.045692513147018936,8690,2625,20040000,0,1,3593
2566,3610,SC-RRT-fixed-matched,5000,15801,925,2,evaluation-2d-04,5000,central_cluster,99,432.0,2436.573946117002,0.783554429877336,225.0,0.030458010995062068,2080.3242783714063,0.9177359169688185,1.2093747860053554,1.5,1.5,4,0.8,0.8,1,0.0,8844,3041,20040000,0,1,3612
2565,3360,SC-RRT-fixed-matched,5000,14764,1244,2,evaluation-2d-04,5000,central_cluster,99,453.0,2581.3577495068616,0.7396062438723987,205.0,0.03037439301260747,1953.142496038047,0.9774956579340576,1.1771947710076347,1.5,1.5,4,0.8,0.8,1,0.0,8029,2760,20040001,1,1,3362
2565,3205,SC-RRT,5000,14555,1232,2,evaluation-2d-04,5000,central_cluster,99,453.0,2581.3577495068616,0.7396062438723987,205.0,0.0338623900024686,1959.5073481406732,0.9743205663480969,1.155880539008649,1.2938400910638195,1.2938400910638195,4,0.9436867620513028,0.9436867620513028,1,0.1352178195951182,8235,2651,20040001,1,1,3207
2563,3373,SC-RRT,5000,16202,1178,2,evaluation-2d-04,5000,central_cluster,99,254.0,2201.9450625524623,0.8670462954196393,134.0,0.019853942008921877,2029.3533563058252,0.9407865334399467,1.3489328070136253,1.2821668892045721,1.2821668892045721,4,0.95,0.95,1,0.04613593306321655,9447,3278,20040002,2,1,3375
2563,3498,SC-RRT-fixed-matched,5000,16234,1168,2,evaluation-2d-04,5000,central_cluster,99,254.0,2201.9450625524623,0.8670462954196393,134.0,0.017750872997567058,2070.7106859105284,0.9219966469454781,1.288836416992126,1.5,1.5,4,0.8,0.8,1,0.0,9156,3195,20040002,2,1,3500
2555,3494,SC-RRT-fixed-matched,5000,16298,1150,2,evaluation-2d-04,5000,central_cluster,99,657.0,2599.4567041263417,0.7344566678771988,280.0,0.04653914301889017,2132.064400486145,0.8954646533042587,1.3263478880107868,1.5,1.5,4,0.8,0.8,1,0.0,9312,3126,20040003,3,1,3496
2555,3447,SC-RRT,5000,16991,1092,2,evaluation-2d-04,5000,central_cluster,99,657.0,2599.4567041263417,0.7344566678771988,280.0,0.047187399002723396,2149.095877677315,0.8883681407769846,1.4231709770101588,1.2882227981403485,1.2882227981403485,4,0.9476684005653373,0.9476684005653373,1,0.07507588305049633,10239,2806,20040003,3,1,3449
2560,3458,SC-RRT,5000,15666,1007,2,evaluation-2d-04,5000,central_cluster,99,423.0,2488.8334023546613,0.7671016900518185,206.0,0.028283735999139026,2137.220939658263,0.8933041379937787,1.4259517430036794,1.3006046838095684,1.3006046838095684,4,0.9388885158554067,0.9388885158554067,1,0.05392837451175573,9053,2814,20040004,4,1,3460
2560,3564,SC-RRT-fixed-matched,5000,15809,968,2,evaluation-2d-04,5000,central_cluster,99,423.0,2488.8334023546613,0.7671016900518185,206.0,0.029921348992502317,2135.190722437548,0.894153524151761,1.2986861990066245,1.5,1.5,4,0.8,0.8,1,0.0,9009,3106,20040004,4,1,3566
2562,3569,SC-RRT-fixed-matched,5000,16003,973,2,evaluation-2d-04,5000,central_cluster,99,157.0,2123.953911190434,0.8988840572974656,97.0,0.012501769000664353,2007.0217164018593,0.9512544351669625,1.396154135989491,1.5,1.5,4,0.8,0.8,1,0.0,8962,3180,20040005,5,1,3571
2562,3420,SC-RRT,5000,16517,1090,2,evaluation-2d-04,5000,central_cluster,99,157.0,2123.953911190434,0.8988840572974656,97.0,0.012984797009266913,1994.5330778689934,0.9572106526523494,1.4705566159973387,1.286226484542587,1.286226484542587,4,0.9490826947475205,0.9490826947475205,1,0.03179348691140692,9631,3003,20040005,5,1,3422
2566,3035,SC-RRT,5000,13744,1321,2,evaluation-2d-04,5000,central_cluster,99,515.0,2511.969283118482,0.7600364869245209,241.0,0.038806200987892225,2159.2751289383937,0.8841801971489986,1.0087493099854328,1.3199286611266539,1.3199286611266539,4,0.9251696830382877,0.9251696830382877,1,0.027662795527955194,7766,2671,20040006,6,1,3037
2566,3328,SC-RRT-fixed-matched,5000,15224,1187,2,evaluation-2d-04,5000,central_cluster,99,515.0,2511.969283118482,0.7600364869245209,241.0,0.034374591981759295,2176.4449021590794,0.8772049810724466,1.1906713779899292,1.5,1.5,4,0.8,0.8,1,0.0,8679,3106,20040006,6,1,3330
2557,3481,SC-RRT-fixed-matched,5000,16123,1162,2,evaluation-2d-04,5000,central_cluster,99,456.0,2307.842939547947,0.8272609355200072,219.0,0.03658481501042843,1980.6473278841493,0.9639213818258054,1.3831015799951274,1.5,1.5,4,0.8,0.8,1,0.0,9033,3104,20040007,7,1,3483
2557,3275,SC-RRT,5000,15407,1218,2,evaluation-2d-04,5000,central_cluster,99,456.0,2307.842939547947,0.8272609355200072,219.0,0.0340408589981962,2015.2276120460774,0.9473809795932994,1.2602811170218047,1.2876810209432548,1.2876810209432548,4,0.9480522645608765,0.9480522645608765,1,0.06584939775508553,8779,3098,20040007,7,1,3277
2565,3370,SC-RRT,5000,15738,1208,2,evaluation-2d-04,5000,central_cluster,99,477.0,2121.8944258315296,0.8997565034158116,209.0,0.03571926199947484,2020.6516809386972,0.9448379090832526,1.4325416469946504,1.3158712938430037,1.3158712938430037,4,0.9280509296421819,0.9280509296421819,1,0.026053781381149776,8929,2995,20040008,8,1,3372
2565,3441,SC-RRT-fixed-matched,5000,15720,1184,2,evaluation-2d-04,5000,central_cluster,99,477.0,2121.8944258315296,0.8997565034158116,209.0,0.03633824299322441,2015.736307335705,0.9471418966140187,1.3566761350084562,1.5,1.5,4,0.8,0.8,1,0.0,8775,2947,20040008,8,1,3443
2562,3311,SC-RRT-fixed-matched,5000,15455,1224,2,evaluation-2d-04,5000,central_cluster,99,410.0,2421.3683517004492,0.7884749579149809,184.0,0.03207557601854205,1968.1476796213897,0.9700432182868243,1.2987300190143287,1.5,1.5,4,0.8,0.8,1,0.0,8868,3218,20040009,9,1,3313
2562,3099,SC-RRT,5000,14019,1216,2,evaluation-2d-04,5000,central_cluster,99,410.0,2421.3683517004492,0.7884749579149809,184.0,0.029529524996178225,2007.4481335884773,0.9510523720435299,1.1895101589907426,1.2942142613423195,1.2942142613423195,4,0.943421445372405,0.943421445372405,1,0.10391482951075846,8058,2649,20040009,9,1,3101
2563,2987,SC-RRT,5000,13873,1402,2,evaluation-2d-04,5000,central_cluster,99,894.0,2354.7256542825717,0.8107901256910381,326.0,0.06916920098592527,2110.2640066315325,0.9047153831008958,1.2101000039838254,1.2859576488589897,1.2859576488589897,4,0.9492731204233824,0.9492731204233824,1,0.06774321774294187,7908,2711,20040010,10,1,2989
2563,3280,SC-RRT-fixed-matched,5000,14726,1286,2,evaluation-2d-04,5000,central_cluster,99,894.0,2354.7256542825717,0.8107901256910381,326.0,0.06704565000836737,2160.0426077900374,0.8838660414930376,1.3992516589933075,1.5,1.5,4,0.8,0.8,1,0.0,8182,2635,20040010,10,1,3282
2557,3582,SC-RRT-fixed-matched,5000,16478,1016,2,evaluation-2d-04,5000,central_cluster,99,592.0,2329.0081400156987,0.8197430813577188,263.0,0.043665072007570416,2031.246697236567,0.9399096189552237,1.406153057992924,1.5,1.5,4,0.8,0.8,1,0.0,9422,3435,20040011,11,1,3584
2557,3349,SC-RRT,5000,15643,1123,2,evaluation-2d-04,5000,central_cluster,99,592.0,2329.0081400156987,0.8197430813577188,263.0,0.045320489996811375,2024.56444208113,0.9430118743175929,1.346847598993918,1.2853715693468095,1.2853715693468095,4,0.9496882340694485,0.9496882340694485,1,0.09534681650307272,9020,3109,20040011,11,1,3351
2557,3409,SC-RRT,5000,15569,1053,2,evaluation-2d-04,5000,central_cluster,99,235.0,2074.69442092811,0.9202262704064182,134.0,0.019095769006526098,1968.9229199559,0.9696612751333304,1.4270115749968681,1.3384295868968252,1.3384295868968252,4,0.9120345690126815,0.9120345690126815,1,0.0169629197363851,8917,2799,20040012,12,1,3411
2557,3375,SC-RRT-fixed-matched,5000,15509,1158,2,evaluation-2d-04,5000,central_cluster,99,235.0,2074.69442092811,0.9202262704064182,134.0,0.0182898819912225,1971.6498134533972,0.9683201835216793,1.2647740520187654,1.5,1.5,4,0.8,0.8,1,0.0,8794,2860,20040012,12,1,3377
2558,3332,SC-RRT-fixed-matched,5000,14708,1197,2,evaluation-2d-04,5000,central_cluster,99,724.0,2605.1074694426097,0.7328635503901761,262.0,0.051328189991181716,2172.5504528942843,0.8787774326070295,1.2465607580088545,1.5,1.5,4,0.8,0.8,1,0.0,8101,2516,20040013,13,1,3334
2558,3081,SC-RRT,5000,14249,1255,2,evaluation-2d-04,5000,central_cluster,99,724.0,2605.1074694426097,0.7328635503901761,262.0,0.05080120000638999,2197.4186592637216,0.8688323006428738,1.3156053730053827,1.290232893903381,1.290232893903381,4,0.9462439407841606,0.9462439407841606,1,0.052580857100861064,8208,2521,20040013,13,1,3083
2554,3201,SC-RRT,5000,14488,1336,2,evaluation-2d-04,5000,central_cluster,99,448.0,2396.218466121626,0.7967505201200518,201.0,0.03306218300713226,2062.108318334021,0.9258428823691052,1.2690512090048287,1.267112509908823,1.267112509908823,4,0.95,0.95,1,0.07546879078137318,7952,2732,20040014,14,1,3203
2554,3329,SC-RRT-fixed-matched,5000,14708,1311,2,evaluation-2d-04,5000,central_cluster,99,448.0,2396.218466121626,0.7967505201200518,201.0,0.03615048300707713,2187.6591800648043,0.8727082932301744,1.254735072987387,1.5,1.5,4,0.8,0.8,1,0.0,7898,2814,20040014,14,1,3331
2566,3245,SC-RRT-fixed-matched,5000,15785,1431,2,evaluation-2d-04,5000,central_cluster,99,552.0,2263.393632980467,0.843506971736787,217.0,0.04021215598913841,2031.6512667826014,0.9397224515933484,1.3728848850005306,1.5,1.5,4,0.8,0.8,1,0.0,8991,3304,20040015,15,1,3247
2566,3088,SC-RRT,5000,15113,1480,2,evaluation-2d-04,5000,central_cluster,99,552.0,2263.393632980467,0.843506971736787,217.0,0.048355165985412896,2047.1496552256945,0.9326080798881281,1.3340619879891165,1.2877476249304851,1.2877476249304851,4,0.9480050754056119,0.9480050754056119,1,0.06966399261662942,8670,2702,20040015,15,1,3090
2559,3296,SC-RRT,5000,15820,1213,2,evaluation-2d-04,5000,central_cluster,99,310.0,2326.10913470132,0.8207647185259106,160.0,0.02326189199811779,2017.9142877975582,0.9461196249754749,1.3777251830033492,1.2869766442406518,1.2869766442406518,4,0.9485512901545581,0.9485512901545581,1,0.045424548415245306,9178,3438,20040016,16,1,3298
2559,3541,SC-RRT-fixed-matched,5000,16244,1009,2,evaluation-2d-04,5000,central_cluster,99,310.0,2326.10913470132,0.8207647185259106,160.0,0.023879998014308512,2029.0369166845621,0.9409332543457534,1.4086094820231665,1.5,1.5,4,0.8,0.8,1,0.0,9288,3314,20040016,16,1,3543
2562,3561,SC-RRT-fixed-matched,5000,16680,1075,2,evaluation-2d-04,5000,central_cluster,99,437.0,2402.8970350461786,0.7945360460137185,204.0,0.03210572700481862,2102.458145003409,0.9080743479916376,1.377006069989875,1.5,1.5,4,0.8,0.8,1,0.0,9573,3340,20040017,17,1,3563
2562,3525,SC-RRT,5000,16163,999,2,evaluation-2d-04,5000,central_cluster,99,437.0,2402.8970350461786,0.7945360460137185,204.0,0.034772571991197765,2090.22379515773,0.913389424437018,1.4374502760183532,1.287738985204542,1.287738985204542,4,0.9480111967066929,0.9480111967066929,1,0.06441652409394094,9302,3118,20040017,17,1,3527
2562,3392,SC-RRT,5000,16225,1080,2,evaluation-2d-04,5000,central_cluster,99,264.0,2173.8160736262043,0.8782657982737735,120.0,0.02048231498338282,2013.4846290375137,0.9482010846620214,1.3350145279837307,1.2911147982478646,1.2911147982478646,4,0.9456188563168845,0.9456188563168845,1,0.023971914629045105,9478,3055,20040018,18,1,3394
2562,3485,SC-RRT-fixed-matched,5000,16326,1059,2,evaluation-2d-04,5000,central_cluster,99,264.0,2173.8160736262043,0.8782657982737735,120.0,0.01825833600014448,2047.6191178261633,0.9323942585721465,1.2478570750099607,1.5,1.5,4,0.8,0.8,1,0.0,9380,3482,20040018,18,1,3487
2555,3051,SC-RRT-fixed-matched,5000,13613,1498,2,evaluation-2d-04,5000,central_cluster,99,956.0,2430.2536441144434,0.7855922009734768,325.0,0.06607493202318437,2058.438564042686,0.927493461575124,1.0491548650024924,1.5,1.5,4,0.8,0.8,1,0.0,7258,2406,20040019,19,1,3053
2555,2895,SC-RRT,5000,14442,1555,2,evaluation-2d-04,5000,central_cluster,99,956.0,2430.2536441144434,0.7855922009734768,325.0,0.06488103300216608,2044.9014954167721,0.9336333869786554,1.1374816640163772,1.2798947880410658,1.2798947880410658,4,0.95,0.95,1,0.17292381438789275,8382,2693,20040019,19,1,2897
2566,3354,SC-RRT,5000,15316,1051,2,evaluation-2d-04,5000,central_cluster,99,189.0,2284.092925974053,0.8358628002796794,132.0,0.015839391009649262,2006.8986623500227,0.9513127618352546,1.1887162479979452,1.2643991792533649,1.2643991792533649,4,0.95,0.95,1,0.07071803951762365,8908,3185,20040020,20,1,3356
2566,3413,SC-RRT-fixed-matched,5000,15655,1105,2,evaluation-2d-04,5000,central_cluster,99,189.0,2284.092925974053,0.8358628002796794,132.0,0.01552324098884128,2040.1876907200403,0.9357905245129047,1.1845008739910554,1.5,1.5,4,0.8,0.8,1,0.0,8999,3212,20040020,20,1,3415
2556,3364,SC-RRT-fixed-matched,5000,15140,1204,2,evaluation-2d-04,5000,central_cluster,99,225.0,2117.7513264306394,0.9015167575985027,122.0,0.018973458994878456,2042.9428203192867,0.9345285096649429,1.1582262500014622,1.5,1.5,4,0.8,0.8,1,0.0,8284,2815,20040021,21,1,3366
2556,3245,SC-RRT,5000,15314,1258,2,evaluation-2d-04,5000,central_cluster,99,225.0,2117.7513264306394,0.9015167575985027,122.0,0.01635667501250282,2048.3744807528446,0.9320504268838523,1.14949961999082,1.3474017890198786,1.3474017890198786,4,0.9056701724688698,0.9056701724688698,1,0.016385850887485988,8673,2916,20040021,21,1,3247
2555,3117,SC-RRT,5000,14461,1211,2,evaluation-2d-04,5000,central_cluster,99,403.0,2392.4731269754643,0.7979978072385921,182.0,0.02654491801513359,2035.809868779518,0.937802855994725,1.0800193000177387,1.2899936763482223,1.2899936763482223,4,0.9464134832282239,0.9464134832282239,1,0.06264821850107828,8360,2879,20040022,22,1,3119
2555,3325,SC-RRT-fixed-matched,5000,15115,1185,2,evaluation-2d-04,5000,central_cluster,99,403.0,2392.4731269754643,0.7979978072385921,182.0,0.028182943002320826,2044.2928514872408,0.933911356102785,1.129333388991654,1.5,1.5,4,0.8,0.8,1,0.0,8486,3145,20040022,22,1,3327
2559,3642,SC-RRT-fixed-matched,5000,16292,974,2,evaluation-2d-04,5000,central_cluster,99,593.0,2325.4505800742118,0.8209971545139225,262.0,0.04158208399894647,2048.3872857298684,0.9320446004054397,1.3200236830161884,1.5,1.5,4,0.8,0.8,1,0.0,9209,3060,20040023,23,1,3644
2559,3434,SC-RRT,5000,16244,1156,2,evaluation-2d-04,5000,central_cluster,99,593.0,2325.4505800742118,0.8209971545139225,262.0,0.03968951498973183,2042.8591601554751,0.9345667809318663,1.2442839040013496,1.2859084761142208,1.2859084761142208,4,0.949307950356299,0.949307950356299,1,0.04420160407630636,9372,3058,20040023,23,1,3436
2562,3313,SC-RRT,5000,16058,1189,2,evaluation-2d-04,5000,central_cluster,99,509.0,2326.95624824694,0.820465924377394,216.0,0.03592438800842501,2081.6695272338584,0.9171428433890875,1.3099980179977138,1.286594220142304,1.286594220142304,4,0.9488222024108125,0.9488222024108125,1,0.04810153037155921,9481,2842,20040024,24,1,3315
2562,3370,SC-RRT-fixed-matched,5000,14921,1138,2,evaluation-2d-04,5000,central_cluster,99,509.0,2326.95624824694,0.820465924377394,216.0,0.0328188170096837,2048.843379858413,0.9318371174548318,1.1594953460153192,1.5,1.5,4,0.8,0.8,1,0.0,8353,2703,20040024,24,1,3372
2562,3045,SC-RRT-fixed-matched,5000,13916,1383,2,evaluation-2d-04,5000,central_cluster,99,611.0,2258.910742181545,0.8451809421030412,224.0,0.04025678199832328,2020.3500690240276,0.9449789610599274,1.0173616409883834,1.5,1.5,4,0.8,0.8,1,0.0,7868,2692,20040025,25,1,3047
2562,2869,SC-RRT,5000,13428,1455,2,evaluation-2d-04,5000,central_cluster,99,611.0,2258.910742181545,0.8451809421030412,224.0,0.04004848501062952,1990.0512797127324,0.9593663885280751,0.9975915550021455,1.2862044880095698,1.2862044880095698,4,0.9490982759466872,0.9490982759466872,1,0.0720593022197098,7855,2349,20040025,25,1,2871
2561,3030,SC-RRT,5000,15003,1437,2,evaluation-2d-04,5000,central_cluster,99,286.0,2127.361014916263,0.8974444374119678,136.0,0.019803803006652743,1958.759288672744,0.9746926639961692,1.0646435059898067,1.2851020087992011,1.2851020087992011,4,0.9498791483167506,0.9498791483167506,1,0.0348791636546899,8822,2866,20040026,26,1,3032
2561,3177,SC-RRT-fixed-matched,5000,15019,1368,2,evaluation-2d-04,5000,central_cluster,99,286.0,2127.361014916263,0.8974444374119678,136.0,0.019365466985618696,2004.5496579506018,0.9524275448259942,1.0647148889838718,1.5,1.5,4,0.8,0.8,1,0.0,8568,2878,20040026,26,1,3179
2568,3224,SC-RRT-fixed-matched,5000,14934,1307,2,evaluation-2d-04,5000,central_cluster,99,671.0,2284.9724844018533,0.8355410501599342,286.0,0.04504082800121978,2059.103403204689,0.9271939943532266,1.1788311480195262,1.5,1.5,4,0.8,0.8,1,0.0,8490,2717,20040027,27,1,3226
2568,3262,SC-RRT,5000,15509,1220,2,evaluation-2d-04,5000,central_cluster,99,671.0,2284.9724844018533,0.8355410501599342,286.0,0.04918323497986421,2049.3441960281784,0.9316093962663102,1.351242298987927,1.2868106355731725,1.2868106355731725,4,0.9486688938812187,0.9486688938812187,1,0.0702657177526217,9102,2756,20040027,27,1,3264
2563,2879,SC-RRT,5000,13179,1510,2,evaluation-2d-04,5000,central_cluster,99,832.0,2705.7907490611806,0.7055934794167299,302.0,0.05729801900452003,2104.363081859362,0.9072523300098801,1.0267239670210984,1.2910550926062898,1.2910550926062898,4,0.9456611772910494,0.9456611772910494,1,0.11008248389190405,7436,2426,20040028,28,1,2881
2563,3152,SC-RRT-fixed-matched,5000,13974,1421,2,evaluation-2d-04,5000,central_cluster,99,832.0,2705.7907490611806,0.7055934794167299,302.0,0.05909043800784275,2171.437028933386,0.8792280336775298,1.1455925120098982,1.5,1.5,4,0.8,0.8,1,0.0,7589,2543,20040028,28,1,3154
2560,3540,SC-RRT-fixed-matched,5000,16069,996,2,evaluation-2d-04,5000,central_cluster,99,222.0,2427.4101110727584,0.7865124646613343,141.0,0.017811030993470922,2039.7915186817459,0.9359722754595664,1.305985598010011,1.5,1.5,4,0.8,0.8,1,0.0,9220,3208,20040029,29,1,3542
2560,3390,SC-RRT,5000,16032,1009,2,evaluation-2d-04,5000,central_cluster,99,222.0,2427.4101110727584,0.7865124646613343,141.0,0.01846464999835007,2035.2883755056405,0.9380431452272043,1.3038776610046625,1.2854078295960307,1.2854078295960307,4,0.9496625524136055,0.9496625524136055,1,0.07140752156844889,9570,3491,20040029,29,1,3392
2559,3626,SC-RRT,5000,17007,929,2,evaluation-2d-04,5000,central_cluster,99,251.0,2201.6249083969246,0.8671723788743928,130.0,0.01900687799206935,2024.2849710892724,0.9431420657025081,1.4739074880199041,1.2851108417951762,1.2851108417951762,4,0.9498728925391984,0.9498728925391984,1,0.03946062649432909,9948,3149,20040030,30,1,3628
2559,3530,SC-RRT-fixed-matched,5000,15817,1011,2,evaluation-2d-04,5000,central_cluster,99,251.0,2201.6249083969246,0.8671723788743928,130.0,0.019745152996620163,2041.4166585593862,0.9352271625680666,1.460958124982426,1.5,1.5,4,0.8,0.8,1,0.0,8912,3055,20040030,30,1,3532
2561,3268,SC-RRT-fixed-matched,5000,14950,1259,2,evaluation-2d-04,5000,central_cluster,99,400.0,2223.7518128153424,0.8585437899144795,164.0,0.025771579996217042,2059.521972764093,0.9270055549061945,1.172501396998996,1.5,1.5,4,0.8,0.8,1,0.0,8322,2774,20040031,31,1,3270
2561,3059,SC-RRT,5000,14319,1300,2,evaluation-2d-04,5000,central_cluster,99,400.0,2223.7518128153424,0.8585437899144795,164.0,0.027117814985103905,1979.703117476678,0.9643811197494715,1.2027272220002487,1.2821540807468057,1.2821540807468057,4,0.95,0.95,1,0.06479691937661047,8239,2768,20040031,31,1,3061
2557,3289,SC-RRT,5000,15006,1046,2,evaluation-2d-04,5000,central_cluster,99,364.0,2326.6999270924957,0.8205563110965707,167.0,0.026292794005712494,2159.5636716354697,0.8840620604428956,1.3739934360201005,1.2871829781097393,1.2871829781097393,4,0.9484051152987201,0.9484051152987201,1,0.047690849655478484,8797,2593,20040032,32,1,3291
2557,3467,SC-RRT-fixed-matched,5000,16280,1130,2,evaluation-2d-04,5000,central_cluster,99,364.0,2326.6999270924957,0.8205563110965707,167.0,0.02444567598286085,2132.2525354136833,0.8953856438178756,1.4955409129906911,1.5,1.5,4,0.8,0.8,1,0.0,9381,2838,20040032,32,1,3469
2554,3479,SC-RRT-fixed-matched,5000,15684,1069,2,evaluation-2d-04,5000,central_cluster,99,376.0,2277.548518140018,0.8382646051214906,200.0,0.0284171880048234,2035.9810929855767,0.937723987605421,1.2764270020124968,1.5,1.5,4,0.8,0.8,1,0.0,8846,3056,20040033,33,1,3481
2554,3316,SC-RRT,5000,15199,1192,2,evaluation-2d-04,5000,central_cluster,99,376.0,2277.548518140018,0.8382646051214906,200.0,0.02753101199050434,2022.4361569014372,0.9440042409688396,1.2310284959967248,1.2877940707087139,1.2877940707087139,4,0.9479721681452391,0.9479721681452391,1,0.04468436242659307,8545,2789,20040033,33,1,3318
2557,3301,SC-RRT,5000,14450,1027,2,evaluation-2d-04,5000,central_cluster,99,675.0,2674.4772816590125,0.7138547492238874,282.0,0.049109341023722664,2083.4838999869717,0.9163441623981912,1.3241293340106495,1.2856656856785413,1.2856656856785413,4,0.9494799193522092,0.9494799193522092,1,0.059487286441183854,8204,2586,20040034,34,1,3303
2557,3400,SC-RRT-fixed-matched,5000,15697,1123,2,evaluation-2d-04,5000,central_cluster,99,675.0,2674.4772816590125,0.7138547492238874,282.0,0.0496330919850152,2144.037179597596,0.8904641800857225,1.341181461000815,1.5,1.5,4,0.8,0.8,1,0.0,9023,3036,20040034,34,1,3402
2563,3194,SC-RRT-fixed-matched,5000,14254,1378,2,evaluation-2d-04,5000,central_cluster,99,568.0,2155.3885784309405,0.8857745319377683,197.0,0.04007107499637641,2050.1095932296703,0.9312615849945907,1.2245824449928477,1.5,1.5,4,0.8,0.8,1,0.0,7729,2636,20040035,35,1,3196
2563,3076,SC-RRT,5000,14607,1453,2,evaluation-2d-04,5000,central_cluster,99,568.0,2155.3885784309405,0.8857745319377683,197.0,0.036940545978723094,2044.9933443640061,0.9335914537156779,1.2261481809837278,1.2876541161163204,1.2876541161163204,4,0.9480713265962072,0.9480713265962072,1,0.04523291124793592,8271,2819,20040035,35,1,3078
2557,3106,SC-RRT,5000,13893,1195,2,evaluation-2d-04,5000,central_cluster,99,565.0,2554.788206183873,0.7472980752699898,254.0,0.04411396099021658,2004.7610236714208,0.952327128600737,1.1634655599773396,1.2872988414557167,1.2872988414557167,4,0.9483230313188252,0.9483230313188252,1,0.07597967478359009,7954,2605,20040036,36,1,3108
2557,3340,SC-RRT-fixed-matched,5000,14452,1152,2,evaluation-2d-04,5000,central_cluster,99,565.0,2554.788206183873,0.7472980752699898,254.0,0.04180779799935408,2073.8429441293847,0.9206040961820136,1.2116267679957673,1.5,1.5,4,0.8,0.8,1,0.0,7990,2807,20040036,36,1,3342
2558,3580,SC-RRT-fixed-matched,5000,17166,961,2,evaluation-2d-04,5000,central_cluster,99,247.0,2316.5552533016744,0.8241496966163895,131.0,0.0182360670005437,2046.1560212947652,0.9330609637458552,1.386672644992359,1.5,1.5,4,0.8,0.8,1,0.0,10268,3672,20040037,37,1,3582
2558,3425,SC-RRT,5000,16124,971,2,evaluation-2d-04,5000,central_cluster,99,247.0,2316.5552533016744,0.8241496966163895,131.0,0.02057438701740466,2058.865235408472,0.9273012513735032,1.379452402004972,1.2788323236290315,1.2788323236290315,4,0.95,0.95,1,0.051411519623532236,9637,3355,20040037,37,1,3427
2559,3401,SC-RRT,5000,16200,1156,2,evaluation-2d-04,5000,central_cluster,99,864.0,2455.4578138831307,0.7775284504621294,325.0,0.060618235991569236,2168.7515306069345,0.880316754713429,1.6601273459964432,1.2863349588874295,1.2863349588874295,4,0.9490058564170767,0.9490058564170767,1,0.08219379017987734,9409,2555,20040038,38,1,3403
2559,3341,SC-RRT-fixed-matched,5000,14764,1293,2,evaluation-2d-04,5000,central_cluster,99,864.0,2455.4578138831307,0.7775284504621294,325.0,0.06361455001751892,2172.3129558192854,0.8788735085749327,1.2460184560040943,1.5,1.5,4,0.8,0.8,1,0.0,7958,2723,20040038,38,1,3343
2558,3331,SC-RRT-fixed-matched,5000,15504,1153,2,evaluation-2d-04,5000,central_cluster,99,180.0,2012.9548270239866,0.9484506475618631,112.0,0.013588651025202125,1957.328558907704,0.9754051257848654,1.1480905870266724,1.5,1.5,4,0.8,0.8,1,0.0,8858,3140,20040039,39,1,3333
2558,3270,SC-RRT,5000,14994,1135,2,evaluation-2d-04,5000,central_cluster,99,180.0,2012.9548270239866,0.9484506475618631,112.0,0.014547471975674853,1978.0829016612818,0.9651710287775387,1.1281629449804313,1.3768157073398732,1.3768157073398732,4,0.8848624874905239,0.8848624874905239,1,0.0101584496332634,8565,2996,20040039,39,1,3272
2557,3075,SC-RRT,5000,14195,1317,2,evaluation-2d-04,5000,central_cluster,99,629.0,2306.1507195264026,0.8278679676217149,223.0,0.04208862199448049,2084.255637766848,0.9160048674495881,1.0613762289867736,1.2874205397944145,1.2874205397944145,4,0.9482368120242198,0.9482368120242198,1,0.045862031511709395,8067,2596,20040040,40,1,3077
2557,3268,SC-RRT-fixed-matched,5000,14567,1351,2,evaluation-2d-04,5000,central_cluster,99,629.0,2306.1507195264026,0.8278679676217149,223.0,0.043438349006464705,2139.6356536676362,0.8922959878384252,1.187089476006804,1.5,1.5,4,0.8,0.8,1,0.0,7876,2758,20040040,40,1,3270
2555,3100,SC-RRT-fixed-matched,5000,14755,1436,2,evaluation-2d-04,5000,central_cluster,99,309.0,2214.8233465565345,0.8620047789237738,141.0,0.021922529995208606,1963.941506953035,0.972120759424091,1.1702096720109694,1.5,1.5,4,0.8,0.8,1,0.0,8420,3018,20040041,41,1,3102
2555,3085,SC-RRT,5000,16294,1401,2,evaluation-2d-04,5000,central_cluster,99,309.0,2214.8233465565345,0.8620047789237738,141.0,0.02089000097475946,1955.2645437548874,0.9764347823426878,1.3260894679988269,1.272870327782381,1.272870327782381,4,0.95,0.95,1,0.064096772505851,10086,3774,20040041,41,1,3087
2560,3005,SC-RRT,5000,14764,1408,2,evaluation-2d-04,5000,central_cluster,99,547.0,2483.2800772332102,0.7688171490228495,228.0,0.03717985699768178,2142.2506907960615,0.8912067655789729,1.1022920219984371,1.287646528977513,1.287646528977513,4,0.948076702061023,0.948076702061023,1,0.05371751224443415,8704,2864,20040042,42,1,3007
2560,3159,SC-RRT-fixed-matched,5000,15161,1487,2,evaluation-2d-04,5000,central_cluster,99,547.0,2483.2800772332102,0.7688171490228495,228.0,0.037684240989619866,2156.0938712670763,0.8854847809022811,1.1433208969829138,1.5,1.5,4,0.8,0.8,1,0.0,8522,2752,20040042,42,1,3161
2560,3438,SC-RRT-fixed-matched,5000,15922,1135,2,evaluation-2d-04,5000,central_cluster,99,289.0,2128.2046737500173,0.8970886742014246,132.0,0.02059093801653944,2016.29557436834,0.9468791845172719,1.2839630850066897,1.5,1.5,4,0.8,0.8,1,0.0,8980,2729,20040043,43,1,3440
2560,3346,SC-RRT,5000,16307,1136,2,evaluation-2d-04,5000,central_cluster,99,289.0,2128.2046737500173,0.8970886742014246,132.0,0.020185527013381943,2018.5221820060988,0.9458346934321229,1.2730380120046902,1.3373219282452018,1.3373219282452018,4,0.9128206325621551,0.9128206325621551,1,0.01910405717552676,9597,2899,20040043,43,1,3348
2563,3274,SC-RRT,5000,15281,1107,2,evaluation-2d-04,5000,central_cluster,99,624.0,2462.2291426101015,0.7753901845137903,286.0,0.04475714801810682,2078.749531275431,0.9184311435694145,1.2389715580211487,1.2881344386103826,1.2881344386103826,4,0.9477310077259392,0.9477310077259392,1,0.05324100184288259,8961,2934,20040044,44,1,3276
2563,3387,SC-RRT-fixed-matched,5000,15358,1213,2,evaluation-2d-04,5000,central_cluster,99,624.0,2462.2291426101015,0.7753901845137903,286.0,0.04567569398204796,2055.338965300885,0.9288921883131762,1.2322680409997702,1.5,1.5,4,0.8,0.8,1,0.0,8523,2939,20040044,44,1,3389
2568,3182,SC-RRT-fixed-matched,5000,14427,1255,2,evaluation-2d-04,5000,central_cluster,99,230.0,2097.1067407170353,0.9103915752761804,124.0,0.016951514990068972,1980.0506608751778,0.9642118491856272,1.1480641090020072,1.5,1.5,4,0.8,0.8,1,0.0,8055,2679,20040045,45,1,3184
2568,3030,SC-RRT,5000,14007,1242,2,evaluation-2d-04,5000,central_cluster,99,230.0,2097.1067407170353,0.9103915752761804,124.0,0.017650694004260004,1972.3438673307971,0.9679794384877783,1.1190761130128521,1.289585966522477,1.289585966522477,4,0.9467024300217071,0.9467024300217071,1,0.025719081930876953,8086,2609,20040045,45,1,3032
2562,3329,SC-RRT,5000,15035,1169,2,evaluation-2d-04,5000,central_cluster,99,576.0,2319.194818928652,0.8232116998629829,229.0,0.04230943199945614,2044.3420690704518,0.9338888721650056,1.197987453022506,1.283633518020629,1.283633518020629,4,0.95,0.95,1,0.09612392062816588,8465,2940,20040046,46,1,3331
2562,3432,SC-RRT-fixed-matched,5000,15242,1195,2,evaluation-2d-04,5000,central_cluster,99,576.0,2319.194818928652,0.8232116998629829,229.0,0.039708152995444834,2027.2483998384746,0.9417633820087351,1.1821212979848497,1.5,1.5,4,0.8,0.8,1,0.0,8348,2915,20040046,46,1,3434
2566,3458,SC-RRT-fixed-matched,5000,16078,1139,2,evaluation-2d-04,5000,central_cluster,99,462.0,2378.606694557949,0.8026498510963328,217.0,0.034501127986004576,2073.6134695975443,0.9207059739895602,1.3210302139923442,1.5,1.5,4,0.8,0.8,1,0.0,9208,3274,20040047,47,1,3460
2566,3635,SC-RRT,5000,17037,940,2,evaluation-2d-04,5000,central_cluster,99,462.0,2378.606694557949,0.8026498510963328,217.0,0.037276204995578155,2063.1153763780258,0.9253909553790542,1.6932953240175266,1.2889490817400766,1.2889490817400766,4,0.947153762884432,0.947153762884432,1,0.03464612550354187,10011,3020,20040047,47,1,3637
2563,2633,SC-RRT,5000,12238,1707,2,evaluation-2d-04,5000,central_cluster,99,1333.0,2757.5695496797625,0.6923445718442144,443.0,0.09256744501180947,2199.197290507072,0.8681296204959738,0.9478590440121479,1.2967759718008205,1.2967759718008205,4,0.9416046926264752,0.9416046926264752,1,0.12869660887796866,6755,2062,20040048,48,1,2635
2563,2942,SC-RRT-fixed-matched,5000,13040,1651,2,evaluation-2d-04,5000,central_cluster,99,1333.0,2757.5695496797625,0.6923445718442144,443.0,0.09904958397964947,2069.7033708035165,0.9224453784710599,1.082208420993993,1.5,1.5,4,0.8,0.8,1,0.0,6840,2237,20040048,48,1,2944
2567,3282,SC-RRT-fixed-matched,5000,15347,1256,2,evaluation-2d-04,5000,central_cluster,99,349.0,2342.7858128319936,0.8149222599635874,142.0,0.024257252021925524,2031.8192977668386,0.9396447367647588,1.2508939170220401,1.5,1.5,4,0.8,0.8,1,0.0,8673,2882,20040049,49,1,3284
2567,3210,SC-RRT,5000,15620,1246,2,evaluation-2d-04,5000,central_cluster,99,349.0,2342.7858128319936,0.8149222599635874,142.0,0.023619320010766387,2082.2534717557423,0.9168856410136579,1.2353864609904122,1.285576355684194,1.285576355684194,4,0.9495431903842835,0.9495431903842835,1,0.03277474257871732,9124,2840,20040049,49,1,3212
2561,3296,SC-RRT,5000,15540,1127,2,evaluation-2d-05,5000,slab_clutter,99,435.0,2281.3152370647404,0.8368805319777463,197.0,0.031802231998881325,1986.3157905048276,0.9611705844207445,1.2612579459964763,1.2857143746693642,1.2857143746693642,5,0.9494454333420099,0.9494454333420099,1,0.052849823766923654,9118,3218,20050000,0,1,3298
2561,3460,SC-RRT-fixed-matched,5000,16229,1108,2,evaluation-2d-05,5000,slab_clutter,99,435.0,2281.3152370647404,0.8368805319777463,197.0,0.03196535600000061,1977.1005483004064,0.9656505891138879,1.3091242449881975,1.5,1.5,5,0.8,0.8,1,0.0,9387,3575,20050000,0,1,3462
2554,3298,SC-RRT-fixed-matched,5000,15609,1298,2,evaluation-2d-05,5000,slab_clutter,99,380.0,2405.660544119823,0.793623320576265,188.0,0.028397281013894826,1962.6636873828677,0.9727536722042803,1.2502897160011344,1.5,1.5,5,0.8,0.8,1,0.0,8934,3438,20050001,1,1,3300
2554,3061,SC-RRT,5000,15343,1340,2,evaluation-2d-05,5000,slab_clutter,99,380.0,2405.660544119823,0.793623320576265,188.0,0.028332699002930894,1960.081403946042,0.9740352137212742,1.3235828540055081,1.2860803085631214,1.2860803085631214,5,0.9491862372389486,0.9491862372389486,1,0.051369538139845114,9226,2935,20050001,1,1,3063
2559,3644,SC-RRT,5000,16833,859,2,evaluation-2d-05,5000,slab_clutter,99,218.0,2089.9535687350526,0.91350752369069,135.0,0.017787807999411598,2034.4120659421303,0.9384472011178024,1.3869557369907852,1.3736839631738047,1.3736839631738047,5,0.8870723844221876,0.8870723844221876,1,0.007558344718903883,9753,3406,20050002,2,1,3646
2559,3654,SC-RRT-fixed-matched,5000,16974,969,2,evaluation-2d-05,5000,slab_clutter,99,218.0,2089.9535687350526,0.91350752369069,135.0,0.01684178799041547,2012.3728571204535,0.9487249355646626,1.4076446159742773,1.5,1.5,5,0.8,0.8,1,0.0,9693,3415,20050002,2,1,3656
2566,3519,SC-RRT-fixed-matched,5000,16272,1062,2,evaluation-2d-05,5000,slab_clutter,99,142.0,2068.1281298864697,0.9231479817976672,111.0,0.013203203998273239,1978.2734252726132,0.9650780750596117,1.3765083449834492,1.5,1.5,5,0.8,0.8,1,0.0,9234,3228,20050003,3,1,3521
2566,3454,SC-RRT,5000,16720,1055,2,evaluation-2d-05,5000,slab_clutter,99,142.0,2068.1281298864697,0.9231479817976672,111.0,0.01283022400457412,1953.488797980134,0.9773223737846557,1.4341488909849431,1.2857411506372227,1.2857411506372227,5,0.9494264680361808,0.9494264680361808,1,0.03177225872484848,9875,3398,20050003,3,1,3456
2559,3344,SC-RRT,5000,16644,1012,2,evaluation-2d-05,5000,slab_clutter,99,508.0,2300.577209733664,0.8298736078606567,263.0,0.035252912988653407,2016.6808813054297,0.9466982738329082,1.2548528899787925,1.2868456162511506,1.2868456162511506,5,0.9486441131358702,0.9486441131358702,1,0.05130905836401849,10311,3438,20050004,4,1,3346
2559,3596,SC-RRT-fixed-matched,5000,16327,957,2,evaluation-2d-05,5000,slab_clutter,99,508.0,2300.577209733664,0.8298736078606567,263.0,0.03695927499211393,2025.7250460004666,0.9424715920717498,1.2374673779995646,1.5,1.5,5,0.8,0.8,1,0.0,9436,3417,20050004,4,1,3598
2563,3595,SC-RRT-fixed-matched,5000,16282,1040,2,evaluation-2d-05,5000,slab_clutter,99,229.0,2065.5516531461744,0.9242994752978803,142.0,0.018236167990835384,1992.9631714349964,0.9579646711830617,1.3123197619861457,1.5,1.5,5,0.8,0.8,1,0.0,9118,3374,20050005,5,1,3597
2563,3458,SC-RRT,5000,16022,1054,2,evaluation-2d-05,5000,slab_clutter,99,229.0,2065.5516531461744,0.9242994752978803,142.0,0.016660714987665415,1960.372326037468,0.9738906654853424,1.238475329009816,1.2855814043493952,1.2855814043493952,5,0.9495396145170039,0.9495396145170039,1,0.037040197698741936,9207,3461,20050005,5,1,3460
2556,3122,SC-RRT,5000,14428,1301,2,evaluation-2d-05,5000,slab_clutter,99,710.0,2404.9119485165274,0.7938703578654358,288.0,0.046901146008167416,1954.4384404529108,0.9768475024269649,1.08067590999417,1.2925987062000235,1.2925987062000235,5,0.9445669202187676,0.9445669202187676,1,0.09824689237400903,8224,2926,20050006,6,1,3124
2556,3243,SC-RRT-fixed-matched,5000,14843,1336,2,evaluation-2d-05,5000,slab_clutter,99,710.0,2404.9119485165274,0.7938703578654358,288.0,0.04642019502352923,1961.052006001769,0.973553125241267,1.134916412003804,1.5,1.5,5,0.8,0.8,1,0.0,8273,3232,20050006,6,1,3245
2565,3680,SC-RRT-fixed-matched,5000,16689,879,2,evaluation-2d-05,5000,slab_clutter,99,336.0,2155.618397696069,0.8856800959039057,181.0,0.023480513016693294,1983.4429523554677,0.9625627532853379,1.289468757022405,1.5,1.5,5,0.8,0.8,1,0.0,9607,3681,20050007,7,1,3682
2565,3454,SC-RRT,5000,16307,939,2,evaluation-2d-05,5000,slab_clutter,99,336.0,2155.618397696069,0.8856800959039057,181.0,0.024953845975687727,1955.1332695866035,0.9765003434304814,1.2859322509902995,1.2900709957866492,1.2900709957866492,5,0.9463586846322725,0.9463586846322725,1,0.0845083684547009,9748,3530,20050007,7,1,3456
2559,3058,SC-RRT,5000,14051,1211,2,evaluation-2d-05,5000,slab_clutter,99,308.0,2159.5933430898926,0.8840499139861484,154.0,0.021456255024531856,1987.7918226407735,0.9604568685001075,1.0671466030180454,1.287674961061395,1.287674961061395,5,0.9480565579858029,0.9480565579858029,1,0.03301676336942085,8235,2688,20050008,8,1,3060
2559,3295,SC-RRT-fixed-matched,5000,14815,1184,2,evaluation-2d-05,5000,slab_clutter,99,308.0,2159.5933430898926,0.8840499139861484,154.0,0.021935018012300134,1968.9642157257786,0.9696409380908599,1.154158321005525,1.5,1.5,5,0.8,0.8,1,0.0,8410,2976,20050008,8,1,3297
2561,3719,SC-RRT-fixed-matched,5000,17004,827,2,evaluation-2d-05,5000,slab_clutter,99,195.0,2035.4355889999968,0.9379753009731232,111.0,0.014301398012321442,1967.810271352303,0.9702095456040388,1.403087848011637,1.5,1.5,5,0.8,0.8,1,0.0,9839,3165,20050009,9,1,3721
2561,3643,SC-RRT,5000,17395,848,2,evaluation-2d-05,5000,slab_clutter,99,195.0,2035.4355889999968,0.9379753009731232,111.0,0.014158669975586236,1941.9745890418178,0.9831170397269119,1.532994481996866,1.3306181371127832,1.3306181371127832,5,0.9175792684925334,0.9175792684925334,1,0.01745370612093913,10379,3340,20050009,9,1,3645
2563,3474,SC-RRT,5000,16482,1058,2,evaluation-2d-05,5000,slab_clutter,99,314.0,2422.3546462039644,0.7881539196564543,152.0,0.02313116000732407,2031.159361265747,0.9399500332725933,1.3622569569852203,1.2964643333070218,1.2964643333070218,5,0.9418257316819613,0.9418257316819613,1,0.12145331136491497,9584,3580,20050010,10,1,3476
2563,3522,SC-RRT-fixed-matched,5000,16035,1084,2,evaluation-2d-05,5000,slab_clutter,99,314.0,2422.3546462039644,0.7881539196564543,152.0,0.02350452297832817,2015.0902307397066,0.9474455684809938,1.349663476983551,1.5,1.5,5,0.8,0.8,1,0.0,8980,3403,20050010,10,1,3524
2563,3640,SC-RRT-fixed-matched,5000,17321,961,2,evaluation-2d-05,5000,slab_clutter,99,257.0,2095.175655019254,0.9112306668082841,156.0,0.019617332989582792,1978.531145364757,0.9649523656357227,1.3807874530029949,1.5,1.5,5,0.8,0.8,1,0.0,10176,3616,20050011,11,1,3642
2563,3504,SC-RRT,5000,16837,895,2,evaluation-2d-05,5000,slab_clutter,99,257.0,2095.175655019254,0.9112306668082841,156.0,0.020624853001208976,1958.1659822350703,0.9749879869859202,1.303612890013028,1.3005184996795827,1.3005184996795827,5,0.9389496673055324,0.9389496673055324,1,0.028251033236592286,10191,3400,20050011,11,1,3506
2558,3165,SC-RRT,5000,15551,1316,2,evaluation-2d-05,5000,slab_clutter,99,845.0,2161.508219601174,0.883266735648106,281.0,0.05886474798899144,1959.8181814743414,0.9741660360388252,1.2784174630069174,1.286161033331115,1.286161033331115,5,0.9491290568282617,0.9491290568282617,1,0.08895179132323337,9167,3306,20050012,12,1,3167
2558,3249,SC-RRT-fixed-matched,5000,14584,1295,2,evaluation-2d-05,5000,slab_clutter,99,845.0,2161.508219601174,0.883266735648106,281.0,0.05494796801940538,2010.0596884176514,0.9498167244509139,1.0971616610186175,1.5,1.5,5,0.8,0.8,1,0.0,8060,3047,20050012,12,1,3251
2560,3119,SC-RRT-fixed-matched,5000,14102,1385,2,evaluation-2d-05,5000,slab_clutter,99,674.0,2354.2135828188048,0.8109664828786359,238.0,0.04640429498977028,2033.7317444779214,0.9387611293316294,1.1505421419860795,1.5,1.5,5,0.8,0.8,1,0.0,7823,2584,20050013,13,1,3121
2560,2926,SC-RRT,5000,13387,1330,2,evaluation-2d-05,5000,slab_clutter,99,674.0,2354.2135828188048,0.8109664828786359,238.0,0.04523111300659366,2051.4819987356836,0.9306385873140978,1.1327365160104819,1.2866573231944152,1.2866573231944152,5,0.9487775007619642,0.9487775007619642,1,0.047431659392436855,7774,2243,20050013,13,1,2928
2566,3263,SC-RRT,5000,14951,1139,2,evaluation-2d-05,5000,slab_clutter,99,354.0,2190.243751552426,0.871678464029614,172.0,0.0240640839911066,1974.0825868250345,0.9671268679160342,1.1273215239925776,1.3360532512852257,1.3360532512852257,5,0.9137210424310435,0.9137210424310435,1,0.014538701244062873,8570,2963,20050014,14,1,3265
2566,3427,SC-RRT-fixed-matched,5000,15561,1137,2,evaluation-2d-05,5000,slab_clutter,99,354.0,2190.243751552426,0.871678464029614,172.0,0.025081831990974024,1954.6315894856793,0.9767509741853919,1.2290226400073152,1.5,1.5,5,0.8,0.8,1,0.0,8752,3201,20050014,14,1,3429
2556,3623,SC-RRT-fixed-matched,5000,16529,992,2,evaluation-2d-05,5000,slab_clutter,99,310.0,2191.1850244816596,0.8713040148927224,143.0,0.021011207019910216,2024.649465819362,0.9429722731934946,1.396812493010657,1.5,1.5,5,0.8,0.8,1,0.0,9288,3226,20050015,15,1,3625
2556,3589,SC-RRT,5000,17006,991,2,evaluation-2d-05,5000,slab_clutter,99,310.0,2191.1850244816596,0.8713040148927224,143.0,0.020983140013413504,2021.8235807303383,0.9442902572706303,1.3949717590003274,1.308230420813786,1.308230420813786,5,0.9334761673496462,0.9334761673496462,1,0.020824300621973258,9872,3027,20050015,15,1,3591
2561,3429,SC-RRT,5000,16859,1031,2,evaluation-2d-05,5000,slab_clutter,99,399.0,2131.066167735663,0.8958841063261127,161.0,0.025546243006829172,1955.8568864452332,0.9761390633614431,1.3436958399834111,1.2968848424747232,1.2968848424747232,5,0.9415274711302966,0.9415274711302966,1,0.027683911852193262,10117,3539,20050016,16,1,3431
2561,3568,SC-RRT-fixed-matched,5000,16252,1016,2,evaluation-2d-05,5000,slab_clutter,99,399.0,2131.066167735663,0.8958841063261127,161.0,0.026588398992316797,1972.130278230131,0.9680842742889485,1.2736217450001277,1.5,1.5,5,0.8,0.8,1,0.0,9165,3326,20050016,16,1,3570
2560,3267,SC-RRT-fixed-matched,5000,14592,1202,2,evaluation-2d-05,5000,slab_clutter,99,512.0,2262.7761153161796,0.8437371670492932,243.0,0.038665737985866144,2000.9292835725416,0.9541508162621993,1.174857568985317,1.5,1.5,5,0.8,0.8,1,0.0,8193,2966,20050017,17,1,3269
2560,3188,SC-RRT,5000,14604,1103,2,evaluation-2d-05,5000,slab_clutter,99,512.0,2262.7761153161796,0.8437371670492932,243.0,0.0374209459987469,1956.0523833180087,0.976041503533338,1.1927195460011717,1.2896413883315718,1.2896413883315718,5,0.9466631531261962,0.9466631531261962,1,0.05912993908063327,8594,3159,20050017,17,1,3190
2560,3263,SC-RRT,5000,15349,1173,2,evaluation-2d-05,5000,slab_clutter,99,502.0,2366.1359358782224,0.8068802304441811,259.0,0.03712212998652831,2144.9727530367245,0.890075786044724,1.2567223199876025,1.2854470227232393,1.2854470227232393,5,0.949634793359145,0.949634793359145,1,0.041982354094741256,8978,2898,20050018,18,1,3265
2560,3377,SC-RRT-fixed-matched,5000,14900,1112,2,evaluation-2d-05,5000,slab_clutter,99,502.0,2366.1359358782224,0.8068802304441811,259.0,0.035439105005934834,2121.2657770238916,0.9000231512159899,1.1365985660231672,1.5,1.5,5,0.8,0.8,1,0.0,8366,2761,20050018,18,1,3379
2559,3441,SC-RRT-fixed-matched,5000,15710,1097,2,evaluation-2d-05,5000,slab_clutter,99,239.0,2119.2150588961085,0.9008940839624684,125.0,0.016428767004981637,1972.971215283313,0.9676716489396548,1.2285509469802491,1.5,1.5,5,0.8,0.8,1,0.0,8824,3147,20050019,19,1,3443
2559,3363,SC-RRT,5000,16788,1076,2,evaluation-2d-05,5000,slab_clutter,99,239.0,2119.2150588961085,0.9008940839624684,125.0,0.017751742008840665,1943.8853312220326,0.9821506847852276,1.3493127310066484,1.2865742073689677,1.2865742073689677,5,0.9488363791967469,0.9488363791967469,1,0.051351753775072034,10116,3500,20050019,19,1,3365
2564,3250,SC-RRT,5000,16265,1150,2,evaluation-2d-05,5000,slab_clutter,99,444.0,2305.734352945336,0.8280174629678777,227.0,0.032566718000452965,1958.0465747191997,0.9750474446592119,1.2852289839938749,1.2871283781598086,1.2871283781598086,5,0.9484437964331522,0.9484437964331522,1,0.0439632330853212,9970,3504,20050020,20,1,3252
2564,3440,SC-RRT-fixed-matched,5000,16660,1111,2,evaluation-2d-05,5000,slab_clutter,99,444.0,2305.734352945336,0.8280174629678777,227.0,0.03008765500271693,1987.564062701234,0.9605669296560747,1.2866437960183248,1.5,1.5,5,0.8,0.8,1,0.0,9883,3616,20050020,20,1,3442
2558,2942,SC-RRT-fixed-matched,5000,13589,1760,2,evaluation-2d-05,5000,slab_clutter,99,1287.0,2131.1961815261407,0.8958294528458269,495.0,0.10832455899799243,2025.8679521576598,0.9424051094595226,1.000460720009869,1.5,1.5,5,0.8,0.8,1,0.0,7471,2607,20050021,21,1,2944
2558,2793,SC-RRT,5000,13474,1738,2,evaluation-2d-05,5000,slab_clutter,99,1287.0,2131.1961815261407,0.8958294528458269,495.0,0.09299654699862003,1993.9677363885257,0.9574820466561811,0.9830596309911925,1.2939363769443235,1.2939363769443235,5,0.9436184887439747,0.9436184887439747,1,0.1083742715294498,7869,2612,20050021,21,1,2795
2558,2944,SC-RRT,5000,13985,1545,2,evaluation-2d-05,5000,slab_clutter,99,625.0,2552.4284326910442,0.7479889679769813,295.0,0.041826297994703054,2007.4136411657928,0.9510687135188188,1.020902632997604,1.3201702358467604,1.3201702358467604,5,0.9249981318730904,0.9249981318730904,1,0.04641369287628551,8141,2562,20050022,22,1,2946
2558,3134,SC-RRT-fixed-matched,5000,13734,1441,2,evaluation-2d-05,5000,slab_clutter,99,625.0,2552.4284326910442,0.7479889679769813,295.0,0.042418869998073205,2008.9441745504653,0.9503441326989044,1.0033878849935718,1.5,1.5,5,0.8,0.8,1,0.0,7498,2805,20050022,22,1,3136
2564,3500,SC-RRT-fixed-matched,5000,16586,1071,2,evaluation-2d-05,5000,slab_clutter,99,252.0,2095.5311061328994,0.9110761007632577,142.0,0.018073714018100873,1961.3690918786215,0.9733957352081225,1.2417315170168877,1.5,1.5,5,0.8,0.8,1,0.0,9611,3745,20050023,23,1,3502
2564,3539,SC-RRT,5000,17191,912,2,evaluation-2d-05,5000,slab_clutter,99,252.0,2095.5311061328994,0.9110761007632577,142.0,0.017807248019380495,1983.1393099445254,0.9627101331862986,1.3637006310163997,1.291240146265203,1.291240146265203,5,0.9455300052012315,0.9455300052012315,1,0.02540004065355445,10375,3736,20050023,23,1,3541
2564,3257,SC-RRT,5000,15394,1191,2,evaluation-2d-05,5000,slab_clutter,99,686.0,2200.0490606087933,0.8677935157843123,288.0,0.04557524700067006,1994.5493852827262,0.9572028265086311,1.1405105589947198,1.285920216862725,1.285920216862725,5,0.9492996341980693,0.9492996341980693,1,0.04417427125180724,8963,2856,20050024,24,1,3259
2564,3427,SC-RRT-fixed-matched,5000,15553,1149,2,evaluation-2d-05,5000,slab_clutter,99,686.0,2200.0490606087933,0.8677935157843123,288.0,0.045877589989686385,1994.2349803169482,0.9573537361681654,1.1493560369999614,1.5,1.5,5,0.8,0.8,1,0.0,8755,3159,20050024,24,1,3429
2558,3739,SC-RRT-fixed-matched,5000,16865,839,2,evaluation-2d-05,5000,slab_clutter,99,194.0,2197.147501183091,0.8689395264431011,124.0,0.014382840017788112,2034.6104535036873,0.938355696500022,1.3667362330015749,1.5,1.5,5,0.8,0.8,1,0.0,9671,3453,20050025,25,1,3741
2558,3552,SC-RRT,5000,16354,831,2,evaluation-2d-05,5000,slab_clutter,99,194.0,2197.147501183091,0.8689395264431011,124.0,0.01504192900029011,2002.2582991044485,0.9535174907541162,1.2691187400196213,1.2864326495302851,1.2864326495302851,5,0.9489366557093473,0.9489366557093473,1,0.06640204107039883,9660,3598,20050025,25,1,3554
2560,3524,SC-RRT,5000,15727,920,2,evaluation-2d-05,5000,slab_clutter,99,324.0,2199.207543474444,0.8681255731723367,202.0,0.02326820101006888,1991.4326308338577,0.9587009269825302,1.2527740780205932,1.2885938176467635,1.2885938176467635,5,0.9474055061536762,0.9474055061536762,1,0.07932491132833512,8939,3191,20050026,26,1,3526
2560,3636,SC-RRT-fixed-matched,5000,15966,922,2,evaluation-2d-05,5000,slab_clutter,99,324.0,2199.207543474444,0.8681255731723367,202.0,0.02442629000870511,2075.5155026817642,0.9198622254263217,1.1909388950152788,1.5,1.5,5,0.8,0.8,1,0.0,8887,3129,20050026,26,1,3638
2564,3460,SC-RRT-fixed-matched,5000,16272,1109,2,evaluation-2d-05,5000,slab_clutter,99,192.0,2077.613768970537,0.9189332193103852,114.0,0.013708388025406748,1967.0589614697853,0.9705801130521954,1.2441014689975418,1.5,1.5,5,0.8,0.8,1,0.0,9288,3374,20050027,27,1,3462
2564,3388,SC-RRT,5000,15719,1056,2,evaluation-2d-05,5000,slab_clutter,99,192.0,2077.613768970537,0.9189332193103852,114.0,0.013559589016949758,1959.000026015476,0.9745728860896891,1.2068003760068677,1.3413117761983104,1.3413117761983104,5,0.9099895142876023,0.9099895142876023,1,0.013625834491183488,9042,3082,20050027,27,1,3390
2552,2667,SC-RRT,5000,12627,1796,2,evaluation-2d-05,5000,slab_clutter,99,1612.0,2471.0240488722384,0.7726304040120618,561.0,0.11453902200446464,2215.221684060858,0.8618497746482098,0.917577143991366,1.2130246437108778,1.2130246437108778,5,0.95,0.95,1,0.23459565200425705,7176,2388,20050028,28,1,2669
2552,2719,SC-RRT-fixed-matched,5000,12128,1931,2,evaluation-2d-05,5000,slab_clutter,99,1612.0,2471.0240488722384,0.7726304040120618,561.0,0.13990392701816745,2000.1515985973188,0.9545218025186532,1.0074367740016896,1.5,1.5,5,0.8,0.8,1,0.0,6322,2236,20050028,28,1,2721
2560,3674,SC-RRT-fixed-matched,5000,17352,897,2,evaluation-2d-05,5000,slab_clutter,99,174.0,2102.0674068775047,0.9082431433726776,122.0,0.01450263400329277,1972.3151700572246,0.9679935226317228,1.337295818986604,1.5,1.5,5,0.8,0.8,1,0.0,10171,3576,20050029,29,1,3676
2560,3564,SC-RRT,5000,16696,912,2,evaluation-2d-05,5000,slab_clutter,99,174.0,2102.0674068775047,0.9082431433726776,122.0,0.014337663014885038,1968.9730413037964,0.9696365918445838,1.2710361359931994,1.2928922880605964,1.2928922880605964,5,0.9443587785446756,0.9443587785446756,1,0.02783174824658934,9790,3479,20050029,29,1,3566
2566,3505,SC-RRT,5000,16566,1068,2,evaluation-2d-05,5000,slab_clutter,99,269.0,2283.920252681356,0.8359259947724809,150.0,0.019424034981057048,2025.1640510937477,0.9427326680880823,1.3309473819972482,1.2707440959964904,1.2707440959964904,5,0.95,0.95,1,0.05148733010911536,9611,3097,20050030,30,1,3507
2566,3532,SC-RRT-fixed-matched,5000,15888,1087,2,evaluation-2d-05,5000,slab_clutter,99,269.0,2283.920252681356,0.8359259947724809,150.0,0.019909389986423776,2041.6734224982038,0.9351095469850336,1.274638173985295,1.5,1.5,5,0.8,0.8,1,0.0,8832,3098,20050030,30,1,3534
2560,3668,SC-RRT-fixed-matched,5000,17143,947,2,evaluation-2d-05,5000,slab_clutter,99,178.0,2084.090352878714,0.9160775138978755,108.0,0.01329891398199834,1959.3112233938812,0.9744180946897344,1.3109282469958998,1.5,1.5,5,0.8,0.8,1,0.0,9866,3268,20050031,31,1,3670
2560,3569,SC-RRT,5000,16865,907,2,evaluation-2d-05,5000,slab_clutter,99,178.0,2084.090352878714,0.9160775138978755,108.0,0.012945271999342367,1965.586049751232,0.9713074171671642,1.3185738659813069,1.285116144934233,1.285116144934233,5,0.9498691367020319,0.9498691367020319,1,0.030542170007160266,9934,3468,20050031,31,1,3571
2563,3164,SC-RRT,5000,14523,1154,2,evaluation-2d-05,5000,slab_clutter,99,495.0,2323.9714074805975,0.8215197067649886,172.0,0.0376676470041275,2034.2026540035474,0.9385438100015127,1.208474836021196,1.2892119977930814,1.2892119977930814,5,0.9469674503248198,0.9469674503248198,1,0.06438400685664923,8401,2903,20050032,32,1,3166
2563,3282,SC-RRT-fixed-matched,5000,15135,1303,2,evaluation-2d-05,5000,slab_clutter,99,495.0,2323.9714074805975,0.8215197067649886,172.0,0.0327565890038386,2011.5889247044818,0.9490946613181185,1.1740203920053318,1.5,1.5,5,0.8,0.8,1,0.0,8399,3127,20050032,32,1,3284
2556,3241,SC-RRT-fixed-matched,5000,14639,1381,2,evaluation-2d-05,5000,slab_clutter,99,1005.0,2367.356025598436,0.8064643799071417,357.0,0.06995200298842974,2019.063193627201,0.9455812553216153,1.1037911849853117,1.5,1.5,5,0.8,0.8,1,0.0,7948,2880,20050033,33,1,3243
2556,3221,SC-RRT,5000,15368,1303,2,evaluation-2d-05,5000,slab_clutter,99,1005.0,2367.356025598436,0.8064643799071417,357.0,0.06762419099686667,2035.1293482799708,0.9381164449410874,1.3003314700035844,1.2921458123210385,1.2921458123210385,5,0.9448879953046517,0.9448879953046517,1,0.06780171864016722,8837,2895,20050033,33,1,3223
2561,3039,SC-RRT,5000,14507,1253,2,evaluation-2d-05,5000,slab_clutter,99,765.0,2473.0005358840463,0.7720128974906119,330.0,0.053233964019455016,2041.9681699868952,0.9349745687837685,1.0868574019987136,1.28764360091915,1.28764360091915,5,0.948078776579922,0.948078776579922,1,0.05384324890600557,8631,3303,20050034,34,1,3041
2561,3170,SC-RRT-fixed-matched,5000,14069,1331,2,evaluation-2d-05,5000,slab_clutter,99,765.0,2473.0005358840463,0.7720128974906119,330.0,0.051356200012378395,2018.6805486312355,0.9457604921681153,1.1910967500007246,1.5,1.5,5,0.8,0.8,1,0.0,7725,2860,20050034,34,1,3172
2560,3486,SC-RRT-fixed-matched,5000,15484,1024,2,evaluation-2d-05,5000,slab_clutter,99,486.0,2344.0863434428443,0.8144701301401656,240.0,0.03633345299749635,1951.9761833109208,0.9780797150738457,1.3702307200001087,1.5,1.5,5,0.8,0.8,1,0.0,8717,3229,20050035,35,1,3488
2560,3372,SC-RRT,5000,15146,1023,2,evaluation-2d-05,5000,slab_clutter,99,486.0,2344.0863434428443,0.8144701301401656,240.0,0.035464854998281226,1966.8855985132818,0.9706656608024303,1.2245869539910927,1.285427377933645,1.285427377933645,5,0.9496487070639373,0.9496487070639373,1,0.049043133024234416,8682,3032,20050035,35,1,3374
2558,3704,SC-RRT,5000,17510,807,2,evaluation-2d-05,5000,slab_clutter,99,177.0,2067.9013651593077,0.9232492136086953,120.0,0.013504183996701613,1954.1006467817945,0.9770163642020782,1.4469013400084805,1.2860252500273774,1.2860252500273774,5,0.9492252368869513,0.9492252368869513,1,0.03210791550253179,10374,3954,20050036,36,1,3706
2558,3819,SC-RRT-fixed-matched,5000,17278,793,2,evaluation-2d-05,5000,slab_clutter,99,177.0,2067.9013651593077,0.9232492136086953,120.0,0.013283684995258227,1965.372884681667,0.9714127655286701,1.337554113008082,1.5,1.5,5,0.8,0.8,1,0.0,9887,3840,20050036,36,1,3821
2562,3370,SC-RRT-fixed-matched,5000,15387,1079,2,evaluation-2d-05,5000,slab_clutter,99,358.0,2131.751586240769,0.8955960542149429,163.0,0.024565131025156006,1982.171244796833,0.9631803075618548,1.1542350680101663,1.5,1.5,5,0.8,0.8,1,0.0,8853,3478,20050037,37,1,3372
2562,3153,SC-RRT,5000,14572,1069,2,evaluation-2d-05,5000,slab_clutter,99,358.0,2131.751586240769,0.8955960542149429,163.0,0.024965543998405337,1964.3789207417492,0.9719042945557413,1.1456213890051004,1.286869379037614,1.286869379037614,5,0.9486272792110646,0.9486272792110646,1,0.04753597975379969,8629,3132,20050037,37,1,3155
2565,3286,SC-RRT,5000,15586,1179,2,evaluation-2d-05,5000,slab_clutter,99,588.0,2409.677234772347,0.7923004299719202,249.0,0.03802641399670392,2044.4182834513274,0.933854057488002,1.1656310859834775,1.2881814714635893,1.2881814714635893,5,0.9476976826865441,0.9476976826865441,1,0.05001171803714093,9123,3235,20050038,38,1,3288
2565,3299,SC-RRT-fixed-matched,5000,15247,1285,2,evaluation-2d-05,5000,slab_clutter,99,588.0,2409.677234772347,0.7923004299719202,249.0,0.04059612000128254,2084.116334778966,0.9160660935015222,1.1246058550023008,1.5,1.5,5,0.8,0.8,1,0.0,8558,3057,20050038,38,1,3301
2557,3380,SC-RRT-fixed-matched,5000,15290,1142,2,evaluation-2d-05,5000,slab_clutter,99,527.0,2369.0870337619276,0.8058751248881028,220.0,0.03598269401118159,2011.700317416542,0.9490421076512473,1.150069978000829,1.5,1.5,5,0.8,0.8,1,0.0,8600,3249,20050039,39,1,3382
2557,3272,SC-RRT,5000,14760,1102,2,evaluation-2d-05,5000,slab_clutter,99,527.0,2369.0870337619276,0.8058751248881028,220.0,0.03534944498096593,1995.7737270703296,0.9566156139384833,1.1130280630022753,1.286803404584965,1.286803404584965,5,0.9486740163868819,0.9486740163868819,1,0.043493609122139884,8421,2896,20050039,39,1,3274
2562,3489,SC-RRT,5000,16219,987,2,evaluation-2d-05,5000,slab_clutter,99,359.0,2384.6533691161794,0.8006146024951534,190.0,0.024197730992455035,1988.260476496993,0.9602304787385666,1.2495096389902756,1.2891579311436139,1.2891579311436139,5,0.9470057646066153,0.9470057646066153,1,0.09901176090592073,9505,3635,20050040,40,1,3491
2562,3562,SC-RRT-fixed-matched,5000,16530,997,2,evaluation-2d-05,5000,slab_clutter,99,359.0,2384.6533691161794,0.8006146024951534,190.0,0.02433732699137181,1982.1768031757654,0.9631776066316851,1.2465246619831305,1.5,1.5,5,0.8,0.8,1,0.0,9603,3756,20050040,40,1,3564
2562,2981,SC-RRT-fixed-matched,5000,13554,1529,2,evaluation-2d-05,5000,slab_clutter,99,1208.0,2503.000577534939,0.7627598356704847,453.0,0.08324325099238195,1975.9476290614643,0.9662140236533012,1.0732466229819693,1.5,1.5,5,0.8,0.8,1,0.0,7472,2849,20050041,41,1,2983
2562,2850,SC-RRT,5000,14149,1498,2,evaluation-2d-05,5000,slab_clutter,99,1208.0,2503.000577534939,0.7627598356704847,453.0,0.08524214901262894,1967.667366768858,0.9702800084237768,1.101864269003272,1.293986111441387,1.293986111441387,5,0.9435832232705769,0.9435832232705769,1,0.13971070687871037,8436,2981,20050041,41,1,2852
2556,3420,SC-RRT,5000,16229,1028,2,evaluation-2d-05,5000,slab_clutter,99,472.0,2245.7464075079142,0.8501353059370085,230.0,0.03252355000586249,2068.7800716748766,0.9228570669950463,1.3462231990124565,1.2886929320738294,1.2886929320738294,5,0.9473352740417476,0.9473352740417476,1,0.05559399780895684,9676,3164,20050042,42,1,3422
2556,3488,SC-RRT-fixed-matched,5000,16203,1047,2,evaluation-2d-05,5000,slab_clutter,99,472.0,2245.7464075079142,0.8501353059370085,230.0,0.03422200301429257,2078.7427106586283,0.9184341570577398,1.3578098450088874,1.5,1.5,5,0.8,0.8,1,0.0,9445,3299,20050042,42,1,3490
2555,3401,SC-RRT-fixed-matched,5000,15822,1058,2,evaluation-2d-05,5000,slab_clutter,99,369.0,2114.544363722006,0.902884016981861,182.0,0.02641014801338315,1963.8958773910165,0.9721433458783896,1.2553275059908628,1.5,1.5,5,0.8,0.8,1,0.0,9245,3521,20050043,43,1,3403
2555,3306,SC-RRT,5000,15148,915,2,evaluation-2d-05,5000,slab_clutter,99,369.0,2114.544363722006,0.902884016981861,182.0,0.026679736998630688,1967.5102695838257,0.9703574810857359,1.2802637069835328,1.2878968078755406,1.2878968078755406,5,0.9478993771447597,0.9478993771447597,1,0.05274896916878172,9077,3308,20050043,43,1,3308
2568,3533,SC-RRT,5000,15916,983,2,evaluation-2d-05,5000,slab_clutter,99,373.0,2297.7723373192143,0.8308866279725116,176.0,0.02705298797809519,2020.463575875064,0.9449258734480317,1.3390234779799357,1.2791141510674415,1.2791141510674415,5,0.95,0.95,1,0.06239374854421505,9030,3107,20050044,44,1,3535
2568,3650,SC-RRT-fixed-matched,5000,15926,978,2,evaluation-2d-05,5000,slab_clutter,99,373.0,2297.7723373192143,0.8308866279725116,176.0,0.02605718802078627,2019.170493951389,0.945531006382486,1.3127226810029242,1.5,1.5,5,0.8,0.8,1,0.0,8723,2990,20050044,44,1,3652
2561,3668,SC-RRT-fixed-matched,5000,17033,829,2,evaluation-2d-05,5000,slab_clutter,99,176.0,2038.9696476960944,0.9363495485874148,115.0,0.01366952300304547,1959.1383888606429,0.9745040575280577,1.3901384249911644,1.5,1.5,5,0.8,0.8,1,0.0,9972,3585,20050045,45,1,3670
2561,3576,SC-RRT,5000,16896,860,2,evaluation-2d-05,5000,slab_clutter,99,176.0,2038.9696476960944,0.9363495485874148,115.0,0.015951119014061987,1959.4688515171217,0.9743397082967082,1.4831080560106784,1.3607443995619386,1.3607443995619386,5,0.8962183799628713,0.8962183799628713,1,0.012030406906648214,10034,3577,20050045,45,1,3578
2562,3579,SC-RRT,5000,16542,848,2,evaluation-2d-05,5000,slab_clutter,99,235.0,2157.000336004339,0.8851126619387962,140.0,0.019341163017088547,1984.7993048421263,0.9619049666865627,1.5812781370186713,1.2886844678024059,1.2886844678024059,5,0.9473412718305244,0.9473412718305244,1,0.05219791995628894,9737,3434,20050046,46,1,3581
2562,3720,SC-RRT-fixed-matched,5000,17011,908,2,evaluation-2d-05,5000,slab_clutter,99,235.0,2157.000336004339,0.8851126619387962,140.0,0.018910423998022452,1976.523681184516,0.965932423364397,1.367261534993304,1.5,1.5,5,0.8,0.8,1,0.0,9705,3318,20050046,46,1,3722
2556,3267,SC-RRT-fixed-matched,5000,14879,1196,2,evaluation-2d-05,5000,slab_clutter,99,343.0,2106.440627057298,0.9063575230557618,158.0,0.022964459989452735,2027.9275393656114,0.9414479916777115,1.109213927993551,1.5,1.5,5,0.8,0.8,1,0.0,8478,3067,20050047,47,1,3269
2556,3207,SC-RRT,5000,14503,1069,2,evaluation-2d-05,5000,slab_clutter,99,343.0,2106.440627057298,0.9063575230557618,158.0,0.023692009010119364,1986.0333795432953,0.961307261433195,1.1350291740091052,1.285268460201356,1.285268460201356,5,0.9497612612899606,0.9497612612899606,1,0.03392661370058452,8565,3095,20050047,47,1,3209
2558,3360,SC-RRT,5000,15230,1067,2,evaluation-2d-05,5000,slab_clutter,99,515.0,2443.809655247363,0.7812344570716698,249.0,0.037662602990167215,1984.0635699614318,0.9622616624329184,1.1718151319946628,1.2918627505650526,1.2918627505650526,5,0.9450886603444644,0.9450886603444644,1,0.10607399856020307,8765,3008,20050048,48,1,3362
2558,3500,SC-RRT-fixed-matched,5000,15397,1064,2,evaluation-2d-05,5000,slab_clutter,99,515.0,2443.809655247363,0.7812344570716698,249.0,0.038123764999909326,1987.300846596223,0.9606941558313463,1.1876732829841785,1.5,1.5,5,0.8,0.8,1,0.0,8574,3095,20050048,48,1,3502
2556,3051,SC-RRT-fixed-matched,5000,13763,1557,2,evaluation-2d-05,5000,slab_clutter,99,1242.0,2733.8143782190946,0.6983606218529703,492.0,0.09293775400146842,2066.435084458243,0.923904323713227,1.0648967610031832,1.5,1.5,5,0.8,0.8,1,0.0,7426,2681,20050049,49,1,3053
2556,2955,SC-RRT,5000,14466,1403,2,evaluation-2d-05,5000,slab_clutter,99,1242.0,2733.8143782190946,0.6983606218529703,492.0,0.09292014900711365,2109.4924299404765,0.9050462955477635,1.0908092810132075,1.2976798676742676,1.2976798676742676,5,0.9409635374846996,0.9409635374846996,1,0.1480205707488615,8637,3126,20050049,49,1,2957
2558,3523,SC-RRT,5000,16574,1003,2,evaluation-2d-06,5000,uniform_clutter,99,227.0,2371.307280009117,0.8051205869853939,132.0,0.01641617697896436,1980.1018052723684,0.9641869443884802,1.3360318880004343,1.2852988099665688,1.2852988099665688,6,0.9497397661395922,0.9497397661395922,1,0.03352780672524557,9612,3377,20060000,0,1,3525
2558,3498,SC-RRT-fixed-matched,5000,16170,1055,2,evaluation-2d-06,5000,uniform_clutter,99,227.0,2371.307280009117,0.8051205869853939,132.0,0.01671511700260453,1977.3722346303068,0.9655179109767482,1.2643644709896762,1.5,1.5,6,0.8,0.8,1,0.0,9200,2995,20060000,0,1,3500
2561,3420,SC-RRT-fixed-matched,5000,15583,1062,2,evaluation-2d-06,5000,uniform_clutter,99,181.0,2080.5873627980277,0.9176198718404943,107.0,0.01308133898419328,1978.0858208552015,0.9651696044099157,1.2384494569851086,1.5,1.5,6,0.8,0.8,1,0.0,8805,3234,20060001,1,1,3422
2561,3377,SC-RRT,5000,15935,1055,2,evaluation-2d-06,5000,uniform_clutter,99,181.0,2080.5873627980277,0.9176198718404943,107.0,0.015052930015372112,1949.799353543706,0.9791716802725273,1.3497661120200064,1.2844786421087964,1.2844786421087964,6,0.95,0.95,1,0.04094315256333005,9244,3045,20060001,1,1,3379
2560,3589,SC-RRT,5000,17944,931,2,evaluation-2d-06,5000,uniform_clutter,99,148.0,2018.9358881977755,0.9456408796160117,101.0,0.011576850985875353,1945.576354663828,0.9812970355170475,1.4456419800117146,1.285066077794757,1.285066077794757,6,0.9499045955820131,0.9499045955820131,1,0.02833622204290877,10879,3629,20060002,2,1,3591
2560,3678,SC-RRT-fixed-matched,5000,17778,942,2,evaluation-2d-06,5000,uniform_clutter,99,148.0,2018.9358881977755,0.9456408796160117,101.0,0.01133414200739935,1944.1991988663451,0.9819921283358817,1.4735449269937817,1.5,1.5,6,0.8,0.8,1,0.0,10452,3778,20060002,2,1,3680
2560,3498,SC-RRT-fixed-matched,5000,16257,1009,2,evaluation-2d-06,5000,uniform_clutter,99,126.0,2087.0710291570967,0.914769206477242,91.0,0.010280060989316553,1941.952891702994,0.9831280240425487,1.3170153760001995,1.5,1.5,6,0.8,0.8,1,0.0,9308,3164,20060003,3,1,3500
2560,3432,SC-RRT,5000,16344,1012,2,evaluation-2d-06,5000,uniform_clutter,99,126.0,2087.0710291570967,0.914769206477242,91.0,0.010979729995597154,1940.6231623526996,0.9838016706391819,1.3405349040112924,1.285028738084717,1.285028738084717,6,0.9499310403787506,0.9499310403787506,1,0.02992130182569245,9541,3200,20060003,3,1,3434
2560,3139,SC-RRT,5000,15047,1153,2,evaluation-2d-06,5000,uniform_clutter,99,303.0,2150.02898110294,0.887982592785464,135.0,0.019444316974841058,1940.3861442636892,0.9839218419734442,1.2595905179914553,1.2854091358096416,1.2854091358096416,6,0.9496616272731038,0.9496616272731038,1,0.07098887146133095,8922,3074,20060004,4,1,3141
2560,3200,SC-RRT-fixed-matched,5000,14715,1213,2,evaluation-2d-06,5000,uniform_clutter,99,303.0,2150.02898110294,0.887982592785464,135.0,0.01968908798880875,1940.5926667104761,0.9838171306912997,1.147747259994503,1.5,1.5,6,0.8,0.8,1,0.0,8361,3102,20060004,4,1,3202
2565,3395,SC-RRT-fixed-matched,5000,16057,1140,2,evaluation-2d-06,5000,uniform_clutter,99,343.0,2201.354990909845,0.8672787065636284,155.0,0.022792622010456398,1973.4571739317241,0.9674333623364104,1.340556576004019,1.5,1.5,6,0.8,0.8,1,0.0,9199,3249,20060005,5,1,3397
2565,3366,SC-RRT,5000,17493,1158,2,evaluation-2d-06,5000,uniform_clutter,99,343.0,2201.354990909845,0.8672787065636284,155.0,0.021875552978599444,2016.7912135991025,0.9466464829527894,1.3461746879911516,1.2853771842675177,1.2853771842675177,6,0.9496842572594446,0.9496842572594446,1,0.03854335364041668,10663,3446,20060005,5,1,3368
2566,3288,SC-RRT,5000,16059,1146,2,evaluation-2d-06,5000,uniform_clutter,99,197.0,2131.483798143478,0.8957085720597928,113.0,0.01427299898932688,1943.12791332699,0.9825335203665512,1.2009048720065039,1.2871348553024307,1.2871348553024307,6,0.9484392077412771,0.9484392077412771,1,0.051009611789562176,9543,3502,20060006,6,1,3290
2566,3344,SC-RRT-fixed-matched,5000,15954,1125,2,evaluation-2d-06,5000,uniform_clutter,99,197.0,2131.483798143478,0.8957085720597928,113.0,0.013680577976629138,1949.274695523291,0.9794352297233041,1.2370166219770908,1.5,1.5,6,0.8,0.8,1,0.0,9342,3513,20060006,6,1,3346
2565,3525,SC-RRT-fixed-matched,5000,16717,1084,2,evaluation-2d-06,5000,uniform_clutter,99,258.0,2059.061982898345,0.9272126458846548,133.0,0.018046031007543206,1942.0790503450983,0.9830641594452216,1.2696044110052753,1.5,1.5,6,0.8,0.8,1,0.0,9669,3405,20060007,7,1,3527
2565,3395,SC-RRT,5000,16668,1034,2,evaluation-2d-06,5000,uniform_clutter,99,258.0,2059.061982898345,0.9272126458846548,133.0,0.01862457799143158,1932.963354706543,0.9877002088813659,1.2535874049935956,1.285922543141306,1.285922543141306,6,0.9492979864563321,0.9492979864563321,1,0.042511320654804306,10057,3430,20060007,7,1,3397
2561,3478,SC-RRT,5000,16851,991,2,evaluation-2d-06,5000,uniform_clutter,99,130.0,2011.1700651660167,0.9492923260301609,92.0,0.0102683010045439,1939.3111518465778,0.984467246210482,1.3205634109908715,1.3184830970340145,1.3184830970340145,6,0.9261962293076221,0.9261962293076221,1,0.021348229162632477,9952,3528,20060008,8,1,3480
2561,3530,SC-RRT-fixed-matched,5000,16897,1045,2,evaluation-2d-06,5000,uniform_clutter,99,130.0,2011.1700651660167,0.9492923260301609,92.0,0.010036189021775499,1950.8545628993597,0.9786420502644969,1.2952365370001644,1.5,1.5,6,0.8,0.8,1,0.0,9783,3487,20060008,8,1,3532
2564,3582,SC-RRT-fixed-matched,5000,16995,936,2,evaluation-2d-06,5000,uniform_clutter,99,149.0,2129.8465466282355,0.8963971194197621,101.0,0.011763262999011204,1937.001817355992,0.9856409488607093,1.3358011830132455,1.5,1.5,6,0.8,0.8,1,0.0,9976,3805,20060009,9,1,3584
2564,3554,SC-RRT,5000,16463,934,2,evaluation-2d-06,5000,uniform_clutter,99,149.0,2129.8465466282355,0.8963971194197621,101.0,0.010998557991115376,1944.3574809155373,0.9819121884442263,1.3603296850051265,1.289140260889673,1.289140260889673,6,0.947018286554632,0.947018286554632,1,0.022219890906528674,9493,3290,20060009,9,1,3556
2561,3330,SC-RRT,5000,16573,1181,2,evaluation-2d-06,5000,uniform_clutter,99,301.0,2188.884479480324,0.8722197663245116,136.0,0.01984200399601832,1946.5278366473867,0.9808173678584425,1.2421971159928944,1.290453140994566,1.290453140994566,6,0.9460878386939704,0.9460878386939704,1,0.06734100883853648,9847,3537,20060010,10,1,3332
2561,3377,SC-RRT-fixed-matched,5000,16331,1164,2,evaluation-2d-06,5000,uniform_clutter,99,301.0,2188.884479480324,0.8722197663245116,136.0,0.01931563499965705,1958.4673239968529,0.9748379693705557,1.229861576022813,1.5,1.5,6,0.8,0.8,1,0.0,9525,3613,20060010,10,1,3379
2556,3515,SC-RRT-fixed-matched,5000,16924,1022,2,evaluation-2d-06,5000,uniform_clutter,99,120.0,2066.165502224686,0.9240248698122261,95.0,0.009560656995745376,1950.0399730760537,0.9790508582201345,1.2644619609927759,1.5,1.5,6,0.8,0.8,1,0.0,9886,3864,20060011,11,1,3517
2556,3426,SC-RRT,5000,16868,1012,2,evaluation-2d-06,5000,uniform_clutter,99,120.0,2066.165502224686,0.9240248698122261,95.0,0.010907560994382948,1946.0738768250162,0.9810461627070828,1.2407824910187628,1.2892835734023729,1.2892835734023729,6,0.9469167279003505,0.9469167279003505,1,0.024458966627713227,10080,4105,20060011,11,1,3428
2572,3038,SC-RRT,5000,14411,1230,2,evaluation-2d-06,5000,uniform_clutter,99,489.0,2194.686477263409,0.869913916626614,183.0,0.031016466004075482,1961.2571168077127,0.9734513097962467,1.0792808570258785,1.285688459279441,1.285688459279441,6,0.9494637890305374,0.9494637890305374,1,0.03625269045468922,8505,3019,20060012,12,1,3040
2572,3265,SC-RRT-fixed-matched,5000,15076,1199,2,evaluation-2d-06,5000,uniform_clutter,99,489.0,2194.686477263409,0.869913916626614,183.0,0.029689615999814123,1939.843196816653,0.9841972342593048,1.2098902719735634,1.5,1.5,6,0.8,0.8,1,0.0,8582,3123,20060012,12,1,3267
2554,3232,SC-RRT-fixed-matched,5000,14979,1175,2,evaluation-2d-06,5000,uniform_clutter,99,208.0,2086.318584218587,0.915099124191883,121.0,0.014865638979244977,1998.8974400774741,0.9551206935007537,1.1197494090010878,1.5,1.5,6,0.8,0.8,1,0.0,8619,2451,20060013,13,1,3234
2554,3126,SC-RRT,5000,14318,1142,2,evaluation-2d-06,5000,uniform_clutter,99,208.0,2086.318584218587,0.915099124191883,121.0,0.014347829011967406,1995.9208022761102,0.9565451229459988,1.0593095700023696,1.3346001200089221,1.3346001200089221,6,0.9147524582945765,0.9147524582945765,1,0.017717787704143638,8315,2589,20060013,13,1,3128
2563,3321,SC-RRT,5000,15809,1230,2,evaluation-2d-06,5000,uniform_clutter,99,254.0,2121.0244064978656,0.900125572980105,134.0,0.017674575006822124,2007.8128463463759,0.9508796164332921,1.1524502789834514,1.3432021278209687,1.3432021278209687,6,0.9086484991635229,0.9086484991635229,1,0.015246006638657755,9042,2914,20060014,14,1,3323
2563,3386,SC-RRT-fixed-matched,5000,15659,1202,2,evaluation-2d-06,5000,uniform_clutter,99,254.0,2121.0244064978656,0.900125572980105,134.0,0.017575061006937176,1984.543138645636,0.9620291300428047,1.1426629780035,1.5,1.5,6,0.8,0.8,1,0.0,8781,2946,20060014,14,1,3388
2561,3511,SC-RRT-fixed-matched,5000,16660,1055,2,evaluation-2d-06,5000,uniform_clutter,99,236.0,2046.3901129208805,0.9329542285945813,117.0,0.0161851650045719,1932.6672164184615,0.987851551981984,1.2614401070168242,1.5,1.5,6,0.8,0.8,1,0.0,9625,3212,20060015,15,1,3513
2561,3504,SC-RRT,5000,16676,1027,2,evaluation-2d-06,5000,uniform_clutter,99,236.0,2046.3901129208805,0.9329542285945813,117.0,0.016671357006998733,1945.4984882405636,0.9813363108445677,1.2841330659866799,1.3415091576756744,1.3415091576756744,6,0.9098494809457751,0.9098494809457751,1,0.014835837388773,9700,3013,20060015,15,1,3506
2563,3460,SC-RRT,5000,17433,1023,2,evaluation-2d-06,5000,uniform_clutter,99,274.0,2094.7834682040443,0.9114012680463411,109.0,0.017003449000185356,1955.442903229508,0.9763457199648029,1.3336967960058246,1.284937997822264,1.284937997822264,6,0.9499953039718674,0.9499953039718674,1,0.035052848989897654,10584,3710,20060016,16,1,3462
2563,3466,SC-RRT-fixed-matched,5000,16011,1055,2,evaluation-2d-06,5000,uniform_clutter,99,274.0,2094.7834682040443,0.9114012680463411,109.0,0.017133029003161937,1984.6985504577679,0.9619537983555875,1.1539778719889,1.5,1.5,6,0.8,0.8,1,0.0,9138,3241,20060016,16,1,3468
2571,3467,SC-RRT-fixed-matched,5000,15603,1088,2,evaluation-2d-06,5000,uniform_clutter,99,323.0,2257.0988803739365,0.8458594019980997,163.0,0.023142721998738125,1950.4865837896257,0.9788266810296595,1.2482400799926836,1.5,1.5,6,0.8,0.8,1,0.0,8712,3058,20060017,17,1,3469
2571,3351,SC-RRT,5000,15232,1040,2,evaluation-2d-06,5000,uniform_clutter,99,323.0,2257.0988803739365,0.8458594019980997,163.0,0.02062249300070107,1949.9164711655524,0.9791128683899321,1.1954217029851861,1.2855312694414673,1.2855312694414673,6,0.9495751239342843,0.9495751239342843,1,0.08175883243508311,8754,2866,20060017,17,1,3353
2557,3275,SC-RRT,5000,15086,1125,2,evaluation-2d-06,5000,uniform_clutter,99,247.0,2085.7194324454504,0.9153619990801956,113.0,0.01644355698954314,1941.9453302857032,0.9831318520809205,1.2330522099800874,1.3194650835891868,1.3194650835891868,6,0.9254988864785528,0.9254988864785528,1,0.01417516792196162,8542,2422,20060018,18,1,3277
2557,3414,SC-RRT-fixed-matched,5000,15462,1073,2,evaluation-2d-06,5000,uniform_clutter,99,247.0,2085.7194324454504,0.9153619990801956,113.0,0.015547354007139802,1946.5232123178766,0.9808196979733209,1.2057867250114214,1.5,1.5,6,0.8,0.8,1,0.0,8641,2612,20060018,18,1,3416
2560,3591,SC-RRT-fixed-matched,5000,16544,960,2,evaluation-2d-06,5000,uniform_clutter,99,207.0,2016.6456732577362,0.9467148019709041,120.0,0.015144650998990983,1945.8747851030757,0.9811465382149683,1.2639232839865144,1.5,1.5,6,0.8,0.8,1,0.0,9446,3212,20060019,19,1,3593
2560,3579,SC-RRT,5000,17318,979,2,evaluation-2d-06,5000,uniform_clutter,99,207.0,2016.6456732577362,0.9467148019709041,120.0,0.01447100198129192,1954.520653731183,0.9768064131525214,1.37310197998886,1.3386899507617827,1.3386899507617827,6,0.9118498082468763,0.9118498082468763,1,0.01856511507459684,10186,3297,20060019,19,1,3581
2556,3237,SC-RRT,5000,16064,1205,2,evaluation-2d-06,5000,uniform_clutter,99,327.0,2468.211859913051,0.7735107104099785,143.0,0.02244860099744983,1938.790607011538,0.9847315652856969,1.248934723000275,1.2867957115874447,1.2867957115874447,6,0.9486794661786606,0.9486794661786606,1,0.05128486077293534,9554,3552,20060020,20,1,3239
2556,3388,SC-RRT-fixed-matched,5000,16317,1213,2,evaluation-2d-06,5000,uniform_clutter,99,327.0,2468.211859913051,0.7735107104099785,143.0,0.020975372986868024,1968.6994482551654,0.9697713436633352,1.247353156999452,1.5,1.5,6,0.8,0.8,1,0.0,9399,3655,20060020,20,1,3390
2556,3493,SC-RRT-fixed-matched,5000,16052,1005,2,evaluation-2d-06,5000,uniform_clutter,99,341.0,2148.540884465451,0.8885976166465537,136.0,0.02256733298418112,1971.3867836019629,0.968449380448498,1.2089755669876467,1.5,1.5,6,0.8,0.8,1,0.0,9206,3336,20060021,21,1,3495
2556,3367,SC-RRT,5000,16010,1022,2,evaluation-2d-06,5000,uniform_clutter,99,341.0,2148.540884465451,0.8885976166465537,136.0,0.021552989986957982,1979.987046154429,0.9642428282102868,1.1784937019983772,1.2852388966996533,1.2852388966996533,6,0.949782199474362,0.949782199474362,1,0.04365904821157577,9484,3278,20060021,21,1,3369
2561,3483,SC-RRT,5000,16499,987,2,evaluation-2d-06,5000,uniform_clutter,99,149.0,2019.191550749918,0.9455211460718598,93.0,0.010821373987710103,1949.859692625045,0.9791413794668415,1.2946865489939228,1.3337443752873666,1.3337443752873666,6,0.9153598997149084,0.9153598997149084,1,0.018984418063213063,9635,3243,20060022,22,1,3485
2561,3488,SC-RRT-fixed-matched,5000,16233,1033,2,evaluation-2d-06,5000,uniform_clutter,99,149.0,2019.191550749918,0.9455211460718598,93.0,0.01068344700615853,1959.0833667499405,0.9745314270984615,1.2289388620120008,1.5,1.5,6,0.8,0.8,1,0.0,9297,3557,20060022,22,1,3490
2554,3341,SC-RRT-fixed-matched,5000,15597,1250,2,evaluation-2d-06,5000,uniform_clutter,99,339.0,2035.4255366514046,0.9379799333482833,142.0,0.0212173729960341,1937.8501131008422,0.9852094835903996,1.1261564559827093,1.5,1.5,6,0.8,0.8,1,0.0,8785,3178,20060023,23,1,3343
2554,3295,SC-RRT,5000,17349,1295,2,evaluation-2d-06,5000,uniform_clutter,99,339.0,2035.4255366514046,0.9379799333482833,142.0,0.02074012500816025,1969.7229454446933,0.9692674361229272,1.2127384360064752,1.3529190514379008,1.3529190514379008,6,0.9017596411348586,0.9017596411348586,1,0.013377294660936097,10566,3885,20060023,23,1,3297
2565,3494,SC-RRT,5000,16020,1052,2,evaluation-2d-06,5000,uniform_clutter,99,224.0,2167.3419656794317,0.8808892825572978,139.0,0.016057450004154816,1951.0110547433098,0.9785635527600155,1.2498235079983715,1.2907445400471453,1.2907445400471453,6,0.9458813001148054,0.9458813001148054,1,0.07280675877884613,9133,3020,20060024,24,1,3496
2565,3475,SC-RRT-fixed-matched,5000,16289,1128,2,evaluation-2d-06,5000,uniform_clutter,99,224.0,2167.3419656794317,0.8808892825572978,139.0,0.016271763015538454,1985.3228393708619,0.961651309974699,1.1909309360198677,1.5,1.5,6,0.8,0.8,1,0.0,9366,3457,20060024,24,1,3477
2565,3421,SC-RRT-fixed-matched,5000,15962,1158,2,evaluation-2d-06,5000,uniform_clutter,99,183.0,2097.3049924964766,0.9103055187653569,114.0,0.01309604401467368,1934.952205572811,0.9866849959937353,1.2224134209973272,1.5,1.5,6,0.8,0.8,1,0.0,9065,3103,20060025,25,1,3423
2565,3307,SC-RRT,5000,15745,1169,2,evaluation-2d-06,5000,uniform_clutter,99,183.0,2097.3049924964766,0.9103055187653569,114.0,0.012981476000277326,1950.98860611008,0.9785748123922958,1.153642157005379,1.3156926154035238,1.3156926154035238,6,0.9281778105683413,0.9281778105683413,1,0.020269571770990875,9103,3038,20060025,25,1,3309
2561,3385,SC-RRT,5000,15690,1115,2,evaluation-2d-06,5000,uniform_clutter,99,155.0,2040.3747538468983,0.9357047305178214,102.0,0.01144376301090233,1954.0290094224722,0.9770521829499108,1.1842785449989606,1.3307934438062636,1.3307934438062636,6,0.9174548062906877,0.9174548062906877,1,0.019916296593041397,8904,2988,20060026,26,1,3387
2561,3499,SC-RRT-fixed-matched,5000,16383,1137,2,evaluation-2d-06,5000,uniform_clutter,99,155.0,2040.3747538468983,0.9357047305178214,102.0,0.01147911700536497,1951.0200274148624,0.978559052381122,1.2927300960000139,1.5,1.5,6,0.8,0.8,1,0.0,9273,3367,20060026,26,1,3501
2569,3594,SC-RRT-fixed-matched,5000,16947,1021,2,evaluation-2d-06,5000,uniform_clutter,99,158.0,2084.592837390257,0.9158566963099752,109.0,0.011868605011841282,1941.3543831929214,0.9834311168183832,1.3127120360150002,1.5,1.5,6,0.8,0.8,1,0.0,9739,3769,20060027,27,1,3596
2569,3489,SC-RRT,5000,16941,1038,2,evaluation-2d-06,5000,uniform_clutter,99,158.0,2084.592837390257,0.9158566963099752,109.0,0.01196593398344703,1939.4520952084779,0.9843957032609529,1.2688583999988623,1.2851101212781124,1.2851101212781124,6,0.9498734028300801,0.9498734028300801,1,0.02890323629423337,9957,3659,20060027,27,1,3491
2556,3163,SC-RRT,5000,14504,1147,2,evaluation-2d-06,5000,uniform_clutter,99,208.0,2124.24836429592,0.8987594583067865,123.0,0.015020835999166593,1937.1493867022252,0.9855658641039825,1.1752747730060946,1.287270754057842,1.287270754057842,6,0.9483429301062365,0.9483429301062365,1,0.07514478359138756,8374,2766,20060028,28,1,3165
2556,3316,SC-RRT-fixed-matched,5000,15030,1132,2,evaluation-2d-06,5000,uniform_clutter,99,208.0,2124.24836429592,0.8987594583067865,123.0,0.014565341989509761,2016.4293256711196,0.9468163772951731,1.2304506119980942,1.5,1.5,6,0.8,0.8,1,0.0,8474,2878,20060028,28,1,3318
2566,3429,SC-RRT-fixed-matched,5000,15516,1106,2,evaluation-2d-06,5000,uniform_clutter,99,407.0,2370.926758208027,0.8052498047837902,213.0,0.030504767986712977,1941.6302470725395,0.9832913924173899,1.260045546980109,1.5,1.5,6,0.8,0.8,1,0.0,8721,3160,20060029,29,1,3431
2566,3308,SC-RRT,5000,15544,1062,2,evaluation-2d-06,5000,uniform_clutter,99,407.0,2370.926758208027,0.8052498047837902,213.0,0.029626628005644307,1939.8610271847938,0.9841881879416748,1.271757765993243,1.2888060297407657,1.2888060297407657,6,0.9472551322795415,0.9472551322795415,1,0.06351312542773596,9138,3171,20060029,29,1,3310
2557,3469,SC-RRT,5000,16556,952,2,evaluation-2d-06,5000,uniform_clutter,99,128.0,2005.0604634828924,0.9521849061286265,96.0,0.010924608999630436,1938.4531080059141,0.98490301432551,1.2925905200245325,1.3548034727027976,1.3548034727027976,6,0.900424653567805,0.900424653567805,1,0.015661682891254212,9804,3642,20060030,30,1,3471
2557,3549,SC-RRT-fixed-matched,5000,16475,976,2,evaluation-2d-06,5000,uniform_clutter,99,128.0,2005.0604634828924,0.9521849061286265,96.0,0.010731076006777585,1940.5611602102883,0.9838331037176843,1.281843595992541,1.5,1.5,6,0.8,0.8,1,0.0,9464,3388,20060030,30,1,3551
2563,3473,SC-RRT-fixed-matched,5000,16777,1098,2,evaluation-2d-06,5000,uniform_clutter,99,215.0,2083.1944699903843,0.9164714752782974,117.0,0.015360682009486482,1983.0312814769902,0.9627625781988105,1.296370159019716,1.5,1.5,6,0.8,0.8,1,0.0,9755,3864,20060031,31,1,3475
2563,3399,SC-RRT,5000,17331,1088,2,evaluation-2d-06,5000,uniform_clutter,99,215.0,2083.1944699903843,0.9164714752782974,117.0,0.016794349998235703,1984.651870361029,0.9619764240346983,1.3677758339908905,1.3245350267579337,1.3245350267579337,6,0.9218985742545887,0.9218985742545887,1,0.016224708355537357,10514,3925,20060031,31,1,3401
2565,3351,SC-RRT,5000,16237,1080,2,evaluation-2d-06,5000,uniform_clutter,99,319.0,2169.2262914286057,0.8801240869832571,163.0,0.023025964008411393,1940.9964930578064,0.9836124465098759,1.3231744680088013,1.2816541850704917,1.2816541850704917,6,0.95,0.95,1,0.0785934826567336,9720,3210,20060032,32,1,3353
2565,3468,SC-RRT-fixed-matched,5000,16289,1099,2,evaluation-2d-06,5000,uniform_clutter,99,319.0,2169.2262914286057,0.8801240869832571,163.0,0.021824861993081868,2030.5288930926765,0.9402418826435975,1.1991630799893755,1.5,1.5,6,0.8,0.8,1,0.0,9411,3284,20060032,32,1,3470
2560,3622,SC-RRT-fixed-matched,5000,17278,1020,2,evaluation-2d-06,5000,uniform_clutter,99,236.0,2176.149394997285,0.8773240998952924,115.0,0.015477331005968153,1948.1217037987853,0.980014906399745,1.4675820579868741,1.5,1.5,6,0.8,0.8,1,0.0,10025,3693,20060033,33,1,3624
2560,3546,SC-RRT,5000,17455,1010,2,evaluation-2d-06,5000,uniform_clutter,99,236.0,2176.149394997285,0.8773240998952924,115.0,0.015850210998905823,1948.7130768580926,0.9797175027335784,1.4309550839825533,1.2861099984893514,1.2861099984893514,6,0.9491652068203179,0.9491652068203179,1,0.0761335103415866,10411,3621,20060033,33,1,3548
2558,3570,SC-RRT,5000,16962,909,2,evaluation-2d-06,5000,uniform_clutter,99,191.0,2007.9761004255195,0.9508023072580861,127.0,0.01538804400479421,1936.252183114063,0.9860225469872121,1.2637710699927993,1.3328606965510912,1.3328606965510912,6,0.9159872013268041,0.9159872013268041,1,0.01885698941839069,10014,3500,20060034,34,1,3572
2558,3640,SC-RRT-fixed-matched,5000,16878,904,2,evaluation-2d-06,5000,uniform_clutter,99,191.0,2007.9761004255195,0.9508023072580861,127.0,0.014184672996634617,1946.6260634960427,0.9807678757649386,1.2717724819958676,1.5,1.5,6,0.8,0.8,1,0.0,9754,3469,20060034,34,1,3642
2562,3439,SC-RRT-fixed-matched,5000,16010,1073,2,evaluation-2d-06,5000,uniform_clutter,99,307.0,2295.14815706336,0.8318366303840198,132.0,0.019379445002414286,1961.4583228978856,0.9733514533120525,1.2142897919984534,1.5,1.5,6,0.8,0.8,1,0.0,9223,3393,20060035,35,1,3441
2562,3327,SC-RRT,5000,15506,1021,2,evaluation-2d-06,5000,uniform_clutter,99,307.0,2295.14815706336,0.8318366303840198,132.0,0.020354909007437527,1951.377884583689,0.9783795974560758,1.2378629489976447,1.2916074813100398,1.2916074813100398,6,0.9452696169715599,0.9452696169715599,1,0.09092477145213576,9108,3332,20060035,35,1,3329
2562,3404,SC-RRT,5000,16071,1037,2,evaluation-2d-06,5000,uniform_clutter,99,140.0,2046.3158753879825,0.9329880748942023,95.0,0.011212192010134459,1947.279519124537,0.980438755942966,1.308703223010525,1.314517255382533,1.314517255382533,6,0.9290124309747616,0.9290124309747616,1,0.025558119096084547,9329,3335,20060036,36,1,3406
2562,3424,SC-RRT-fixed-matched,5000,15751,1063,2,evaluation-2d-06,5000,uniform_clutter,99,140.0,2046.3158753879825,0.9329880748942023,95.0,0.0110552080150228,1952.9408203942294,0.9775966016309091,1.3254874800040852,1.5,1.5,6,0.8,0.8,1,0.0,8915,3149,20060036,36,1,3426
2560,3492,SC-RRT-fixed-matched,5000,15884,943,2,evaluation-2d-06,5000,uniform_clutter,99,146.0,2061.0200526335807,0.9263317485747452,97.0,0.0108744099852629,1955.4469505965785,0.9763436991329336,1.2790975389943924,1.5,1.5,6,0.8,0.8,1,0.0,9125,3107,20060037,37,1,3494
2560,3346,SC-RRT,5000,15621,942,2,evaluation-2d-06,5000,uniform_clutter,99,146.0,2061.0200526335807,0.9263317485747452,97.0,0.010708794987294823,1949.223790370147,0.9794608082641623,1.2741892379999626,1.3009645000375365,1.3009645000375365,6,0.9386332054946942,0.9386332054946942,1,0.016740746884921182,9251,3135,20060037,37,1,3348
2570,3400,SC-RRT,5000,16251,1097,2,evaluation-2d-06,5000,uniform_clutter,99,223.0,2170.0035372993275,0.8798088465697866,118.0,0.016235034010605887,1951.038007429373,0.9785500343579495,1.2545463790011127,1.2888551895116602,1.2888551895116602,6,0.9472202969468475,0.9472202969468475,1,0.052564993174882405,9477,3371,20060038,38,1,3402
2570,3480,SC-RRT-fixed-matched,5000,16401,1103,2,evaluation-2d-06,5000,uniform_clutter,99,223.0,2170.0035372993275,0.8798088465697866,118.0,0.015281721978681162,1937.5483419831892,0.9853629289318878,1.2824127390049398,1.5,1.5,6,0.8,0.8,1,0.0,9398,3570,20060038,38,1,3482
2560,3384,SC-RRT-fixed-matched,5000,15710,1056,2,evaluation-2d-06,5000,uniform_clutter,99,206.0,2313.1967122224078,0.8253462833990552,125.0,0.014551219006534666,1949.1636741691507,0.9794910168421272,1.207525385019835,1.5,1.5,6,0.8,0.8,1,0.0,9099,3528,20060039,39,1,3386
2560,3271,SC-RRT,5000,15783,1025,2,evaluation-2d-06,5000,uniform_clutter,99,206.0,2313.1967122224078,0.8253462833990552,125.0,0.015090144996065646,1957.617733472078,0.9752610412950724,1.2235937179939356,1.2855182218682266,1.2855182218682266,6,0.9495843651896141,0.9495843651896141,1,0.029555075804464988,9507,3372,20060039,39,1,3273
2559,3438,SC-RRT,5000,16790,888,2,evaluation-2d-06,5000,uniform_clutter,99,152.0,2125.9936896169224,0.8980216256181316,98.0,0.011985379998805001,1963.2195988968108,0.9724782241765036,1.3784740749979392,1.28765927252943,1.28765927252943,6,0.9480676732898337,0.9480676732898337,1,0.042009419773637896,10221,3499,20060040,40,1,3440
2559,3510,SC-RRT-fixed-matched,5000,16687,969,2,evaluation-2d-06,5000,uniform_clutter,99,152.0,2125.9936896169224,0.8980216256181316,98.0,0.011154290987178683,1974.160820638757,0.9670885417460284,1.248136495007202,1.5,1.5,6,0.8,0.8,1,0.0,9780,3430,20060040,40,1,3512
2560,3333,SC-RRT-fixed-matched,5000,15357,1180,2,evaluation-2d-06,5000,uniform_clutter,99,291.0,2054.2718901746275,0.9293746939415035,138.0,0.01921363899600692,1946.2603452476264,0.9809521700760792,1.2068053410039283,1.5,1.5,6,0.8,0.8,1,0.0,8748,3315,20060041,41,1,3335
2560,3220,SC-RRT,5000,15482,1188,2,evaluation-2d-06,5000,uniform_clutter,99,291.0,2054.2718901746275,0.9293746939415035,138.0,0.019588462979299948,1942.2034658809891,0.9830011853766644,1.2443668429914396,1.3339032452740656,1.3339032452740656,6,0.9152471251920979,0.9152471251920979,1,0.017700056791931318,9142,3511,20060041,41,1,3222
2559,3319,SC-RRT,5000,15357,991,2,evaluation-2d-06,5000,uniform_clutter,99,191.0,2199.4871717951582,0.8680152054014726,120.0,0.019754023000132293,1976.4390668264105,0.9659737763984207,1.1800017000059597,1.284461656061661,1.284461656061661,6,0.95,0.95,1,0.04918396411977221,8976,3121,20060042,42,1,3321
2559,3444,SC-RRT-fixed-matched,5000,15758,1004,2,evaluation-2d-06,5000,uniform_clutter,99,191.0,2199.4871717951582,0.8680152054014726,120.0,0.014292193984147161,1969.6121424767603,0.9693219634617505,1.240684311982477,1.5,1.5,6,0.8,0.8,1,0.0,9003,3324,20060042,42,1,3446
2564,3561,SC-RRT-fixed-matched,5000,16974,993,2,evaluation-2d-06,5000,uniform_clutter,99,212.0,2136.70525974453,0.8935197311359386,133.0,0.015653479000320658,1958.3450492786094,0.9748988360896672,1.333139085007133,1.5,1.5,6,0.8,0.8,1,0.0,9948,3749,20060043,43,1,3563
2564,3419,SC-RRT,5000,16303,988,2,evaluation-2d-06,5000,uniform_clutter,99,212.0,2136.70525974453,0.8935197311359386,133.0,0.01697122200857848,1959.1748837431828,0.974485904778444,1.3307836530148052,1.2858520643384572,1.2858520643384572,6,0.949347907505069,0.949347907505069,1,0.02810823972249905,9698,3439,20060043,43,1,3421
2562,3336,SC-RRT,5000,15278,1009,2,evaluation-2d-06,5000,uniform_clutter,99,149.0,2112.892116938069,0.9035900573903454,103.0,0.011053525988245383,1967.0464810613669,0.9705862711355606,1.1502703370060772,1.2933844873289824,1.2933844873289824,6,0.9440098060668041,0.9440098060668041,1,0.02188729534821876,8883,2987,20060044,44,1,3338
2562,3417,SC-RRT-fixed-matched,5000,15826,1042,2,evaluation-2d-06,5000,uniform_clutter,99,149.0,2112.892116938069,0.9035900573903454,103.0,0.01121472698287107,1947.6814921615155,0.9802364076915276,1.1719821379811037,1.5,1.5,6,0.8,0.8,1,0.0,9152,3399,20060044,44,1,3419
2562,3546,SC-RRT-fixed-matched,5000,16690,1005,2,evaluation-2d-06,5000,uniform_clutter,99,102.0,2010.3558681009254,0.9496767908097711,92.0,0.008618982014013454,1936.3001181563407,0.9859981370147944,1.3121989729988854,1.5,1.5,6,0.8,0.8,1,0.0,9677,3609,20060045,45,1,3548
2562,3509,SC-RRT,5000,16918,954,2,evaluation-2d-06,5000,uniform_clutter,99,102.0,2010.3558681009254,0.9496767908097711,92.0,0.00866139100980945,1941.898373680233,0.983155624969929,1.350249654991785,1.3384604091572643,1.3384604091572643,6,0.9120126965636768,0.9120126965636768,1,0.020514582883520913,10086,3642,20060045,45,1,3511
2558,3482,SC-RRT,5000,16629,1001,2,evaluation-2d-06,5000,uniform_clutter,99,144.0,1982.903062386092,0.962824832650311,98.0,0.011840736988233402,1933.8299033090532,0.987257620712551,1.48301056100172,1.3526129812882612,1.3526129812882612,6,0.9019765046975697,0.9019765046975697,1,0.017296104462542143,9808,3582,20060046,46,1,3484
2558,3530,SC-RRT-fixed-matched,5000,16092,989,2,evaluation-2d-06,5000,uniform_clutter,99,144.0,1982.903062386092,0.962824832650311,98.0,0.012110865005524829,1939.5733475790519,0.9843341637926197,1.3796714170021005,1.5,1.5,6,0.8,0.8,1,0.0,9154,3128,20060046,46,1,3532
2560,3629,SC-RRT-fixed-matched,5000,16384,929,2,evaluation-2d-06,5000,uniform_clutter,99,178.0,2223.310475784723,0.8587142146801721,120.0,0.015896069002337754,1969.7769661366297,0.9692408541806713,1.443072725989623,1.5,1.5,6,0.8,0.8,1,0.0,9303,3286,20060047,47,1,3631
2560,3561,SC-RRT,5000,16469,888,2,evaluation-2d-06,5000,uniform_clutter,99,178.0,2223.310475784723,0.8587142146801721,120.0,0.014105854992521927,1925.9765588622379,0.9912832533805722,1.374340273992857,1.2911517382627915,1.2911517382627915,6,0.9455926720731473,0.9455926720731473,1,0.07248480439495356,9668,3110,20060047,47,1,3563
2556,3499,SC-RRT,5000,16263,960,2,evaluation-2d-06,5000,uniform_clutter,99,261.0,2220.4066996848555,0.8598372133693576,140.0,0.018020891002379358,1934.415056247226,0.9869589791693993,1.3021082310006022,1.2933109653609671,1.2933109653609671,6,0.9440619349119259,0.9440619349119259,1,0.026256728903302908,9386,3343,20060048,48,1,3501
2556,3557,SC-RRT-fixed-matched,5000,16374,958,2,evaluation-2d-06,5000,uniform_clutter,99,261.0,2220.4066996848555,0.8598372133693576,140.0,0.01888231301563792,1946.750920013649,0.9807049733872953,1.3688703890074976,1.5,1.5,6,0.8,0.8,1,0.0,9367,3454,20060048,48,1,3559
2570,3584,SC-RRT-fixed-matched,5000,16556,964,2,evaluation-2d-06,5000,uniform_clutter,99,109.0,2032.6114198467856,0.9392785510117764,86.0,0.009112761006690562,1944.6118834473227,0.9817837304476166,1.3469583140104078,1.5,1.5,6,0.8,0.8,1,0.0,9433,3525,20060049,49,1,3586
2570,3532,SC-RRT,5000,16395,974,2,evaluation-2d-06,5000,uniform_clutter,99,109.0,2032.6114198467856,0.9392785510117764,86.0,0.00957531901076436,1954.1927680987897,0.9769703073157436,1.3658212150039617,1.3299637108889995,1.3299637108889995,6,0.918043898860649,0.918043898860649,1,0.018916455476916803,9392,3377,20060049,49,1,3534
2561,3042,SC-RRT,5000,13520,1245,2,evaluation-2d-07,5000,central_cluster,99,429.0,2488.9937662999255,0.7670522662826227,189.0,0.03133242699550465,2115.8991477693917,0.9023059115158534,1.1617085170000792,1.295186287139034,1.295186287139034,7,0.942732148857742,0.942732148857742,1,0.10374056154965144,7551,2488,20070000,0,1,3044
2561,3238,SC-RRT-fixed-matched,5000,14439,1239,2,evaluation-2d-07,5000,central_cluster,99,429.0,2488.9937662999255,0.7670522662826227,189.0,0.02814824800589122,2125.0481260629304,0.8984212102249304,1.1376947700046003,1.5,1.5,7,0.8,0.8,1,0.0,7980,2696,20070000,0,1,3240
2559,3561,SC-RRT-fixed-matched,5000,16070,1057,2,evaluation-2d-07,5000,central_cluster,99,345.0,2261.5397496025976,0.8441984314178713,174.0,0.023401315993396565,2084.316114454132,0.915978289456195,1.342872178007383,1.5,1.5,7,0.8,0.8,1,0.0,8942,3059,20070001,1,1,3563
2559,3444,SC-RRT,5000,16199,1113,2,evaluation-2d-07,5000,central_cluster,99,345.0,2261.5397496025976,0.8441984314178713,174.0,0.025345151021610945,2059.8739723379103,0.92684714445748,1.3527353779936675,1.2828813684271836,1.2828813684271836,7,0.95,0.95,1,0.038953930262134645,9279,2729,20070001,1,1,3446
2565,3402,SC-RRT,5000,17454,1094,2,evaluation-2d-07,5000,central_cluster,99,455.0,2109.5565953759133,0.9050187671611009,206.0,0.03228277000016533,2048.1367803275075,0.9321585977760671,1.5331678310176358,1.330502400046511,1.330502400046511,7,0.9176614386796358,0.9176614386796358,1,0.017579732287417167,10735,2800,20070002,2,1,3404
2565,3469,SC-RRT-fixed-matched,5000,16163,1130,2,evaluation-2d-07,5000,central_cluster,99,455.0,2109.5565953759133,0.9050187671611009,206.0,0.03226734101190232,2047.6064216493282,0.9324000398796584,1.3167228040110786,1.5,1.5,7,0.8,0.8,1,0.0,9181,2977,20070002,2,1,3471
2561,3243,SC-RRT-fixed-matched,5000,14741,1274,2,evaluation-2d-07,5000,central_cluster,99,595.0,2151.794233593017,0.887254124673324,188.0,0.03812864900100976,2030.9882329586367,0.9400292321844097,1.1655634570051916,1.5,1.5,7,0.8,0.8,1,0.0,8176,2828,20070003,3,1,3245
2561,2988,SC-RRT,5000,13476,1333,2,evaluation-2d-07,5000,central_cluster,99,595.0,2151.794233593017,0.887254124673324,188.0,0.037815930001670495,2027.8372023087857,0.9414899317509215,1.0856368649983779,1.2869287120222679,1.2869287120222679,7,0.9485852465522747,0.9485852465522747,1,0.057667715192968684,7528,2287,20070003,3,1,2990
2560,3176,SC-RRT,5000,14902,1194,2,evaluation-2d-07,5000,central_cluster,99,212.0,2175.8638397421637,0.8774392378476743,117.0,0.01652937798644416,2092.6162691302943,0.9123451525095664,1.2436930869880598,1.3465341175813055,1.3465341175813055,7,0.9062853994704021,0.9062853994704021,1,0.013422363249142647,8590,2574,20070004,4,1,3178
2560,3319,SC-RRT-fixed-matched,5000,15138,1175,2,evaluation-2d-07,5000,central_cluster,99,212.0,2175.8638397421637,0.8774392378476743,117.0,0.015379879012471065,2080.910645861963,0.9174773135983677,1.2021999120188411,1.5,1.5,7,0.8,0.8,1,0.0,8465,2670,20070004,4,1,3321
2555,3132,SC-RRT-fixed-matched,5000,13983,1445,2,evaluation-2d-07,5000,central_cluster,99,482.0,2333.304624353385,0.8182336285099339,177.0,0.032909433997701854,2076.9322849455975,0.9192347401223468,1.1356976609968115,1.5,1.5,7,0.8,0.8,1,0.0,7475,2397,20070005,5,1,3134
2555,3026,SC-RRT,5000,13924,1452,2,evaluation-2d-07,5000,central_cluster,99,482.0,2333.304624353385,0.8182336285099339,177.0,0.03164518601261079,2102.349016314036,0.9081214842961619,1.1639201279904228,1.2883611410800488,1.2883611410800488,7,0.9475703760876057,0.9475703760876057,1,0.04720391478835476,7692,2340,20070005,5,1,3028
2565,2946,SC-RRT,5000,13747,1264,2,evaluation-2d-07,5000,central_cluster,99,521.0,2224.9720317825963,0.8580729474042335,224.0,0.03905866900458932,2053.192141247882,0.929863440858155,1.135916528000962,1.2877600214538392,1.2877600214538392,7,0.9479962923763388,0.9479962923763388,1,0.04487013763388474,8074,3114,20070006,6,1,2948
2565,3172,SC-RRT-fixed-matched,5000,14285,1275,2,evaluation-2d-07,5000,central_cluster,99,521.0,2224.9720317825963,0.8580729474042335,224.0,0.038732988003175706,2073.880084007433,0.9205876096338632,1.1382224900007714,1.5,1.5,7,0.8,0.8,1,0.0,7986,2968,20070006,6,1,3174
2558,2971,SC-RRT-fixed-matched,5000,14000,1474,2,evaluation-2d-07,5000,central_cluster,99,369.0,2426.1640830924716,0.7869164012889688,156.0,0.025326822011265904,2229.982287086223,0.8561450556175915,1.0791071359999478,1.5,1.5,7,0.8,0.8,1,0.0,7921,2490,20070007,7,1,2973
2558,2742,SC-RRT,5000,13088,1548,2,evaluation-2d-07,5000,central_cluster,99,369.0,2426.1640830924716,0.7869164012889688,156.0,0.025732588983373716,2195.1556540844335,0.8697279874670082,1.114395451004384,1.2901409360844895,1.2901409360844895,7,0.9463091153702585,0.9463091153702585,1,0.06292522911915968,7496,2342,20070007,7,1,2744
2555,2697,SC-RRT,5000,12373,1572,2,evaluation-2d-07,5000,central_cluster,99,639.0,2451.690292030459,0.7787232814070134,224.0,0.04132894502254203,2156.860301247098,0.8851701281254907,0.9492611270106863,1.2871130832148494,1.2871130832148494,7,0.9484546320257007,0.9484546320257007,1,0.06564459365525412,6846,2220,20070008,8,1,2699
2555,2893,SC-RRT-fixed-matched,5000,13603,1698,2,evaluation-2d-07,5000,central_cluster,99,639.0,2451.690292030459,0.7787232814070134,224.0,0.04438752500573173,2104.3090616882764,0.9072756202798206,1.0940969439980108,1.5,1.5,7,0.8,0.8,1,0.0,7293,2334,20070008,8,1,2895
2568,3089,SC-RRT-fixed-matched,5000,14043,1518,2,evaluation-2d-07,5000,central_cluster,99,878.0,2373.608147081559,0.8043401399473192,264.0,0.05743836599867791,2085.8652714334785,0.9152979990369264,1.1420009209832642,1.5,1.5,7,0.8,0.8,1,0.0,7540,2609,20070009,9,1,3091
2568,2940,SC-RRT,5000,13425,1456,2,evaluation-2d-07,5000,central_cluster,99,878.0,2373.608147081559,0.8043401399473192,264.0,0.05713832000037655,2054.3197214844204,0.9293530550464305,1.0878871019813232,1.293040786151538,1.293040786151538,7,0.9442534945838061,0.9442534945838061,1,0.1489333056938397,7399,2418,20070009,9,1,2942
2554,3291,SC-RRT,5000,16085,1167,2,evaluation-2d-07,5000,central_cluster,99,600.0,2726.3385272874,0.7002755857700642,260.0,0.045363937999354675,2180.8696245076208,0.875425237597465,1.4498325450113043,1.3337901138034656,1.3337901138034656,7,0.915327431931727,0.915327431931727,1,0.03639381164376121,9599,2804,20070010,10,1,3293
2554,3319,SC-RRT-fixed-matched,5000,15051,1274,2,evaluation-2d-07,5000,central_cluster,99,600.0,2726.3385272874,0.7002755857700642,260.0,0.0436482839868404,2158.8597033690057,0.8843503383866478,1.272201061976375,1.5,1.5,7,0.8,0.8,1,0.0,8309,2680,20070010,10,1,3321
2553,3129,SC-RRT-fixed-matched,5000,14380,1392,2,evaluation-2d-07,5000,central_cluster,99,522.0,2146.621297857175,0.8893922328589073,211.0,0.03678488702280447,2055.7616049484527,0.9287012193476346,1.1451356200268492,1.5,1.5,7,0.8,0.8,1,0.0,7926,2813,20070011,11,1,3131
2553,2944,SC-RRT,5000,13897,1378,2,evaluation-2d-07,5000,central_cluster,99,522.0,2146.621297857175,0.8893922328589073,211.0,0.036103806021856144,2016.028687530691,0.9470045347133056,1.1194880790135358,1.2878060455178533,1.2878060455178533,7,0.9479636838476229,0.9479636838476229,1,0.04324419958096312,7971,2735,20070011,11,1,2946
2562,3330,SC-RRT,5000,15408,1112,2,evaluation-2d-07,5000,central_cluster,99,532.0,2143.6563697518163,0.8906223665991374,212.0,0.03502812798251398,2070.798677760616,0.921957469698742,1.2947750439925585,1.3605251181252087,1.3605251181252087,7,0.8963735633594632,0.8963735633594632,1,0.016208297137777477,8882,2731,20070012,12,1,3332
2562,3304,SC-RRT-fixed-matched,5000,14808,1319,2,evaluation-2d-07,5000,central_cluster,99,532.0,2143.6563697518163,0.8906223665991374,212.0,0.036098479002248496,2054.7718744687554,0.9291485507106639,1.3299024800071493,1.5,1.5,7,0.8,0.8,1,0.0,7976,2606,20070012,12,1,3306
2558,3016,SC-RRT-fixed-matched,5000,13712,1531,2,evaluation-2d-07,5000,central_cluster,99,1008.0,2643.1085797629758,0.7223268555145348,402.0,0.06942957401042804,2044.7732640579031,0.9336919367846422,0.9656985409965273,1.5,1.5,7,0.8,0.8,1,0.0,7461,2532,20070013,13,1,3018
2558,2816,SC-RRT,5000,13282,1555,2,evaluation-2d-07,5000,central_cluster,99,1008.0,2643.1085797629758,0.7223268555145348,402.0,0.07048454802134074,2026.5671927341061,0.9420799448687076,0.9573294070141856,1.2894617026232786,1.2894617026232786,7,0.9467904935689607,0.9467904935689607,1,0.07005375187609637,7533,2727,20070013,13,1,2818
2558,3210,SC-RRT,5000,14899,1277,2,evaluation-2d-07,5000,central_cluster,99,594.0,2308.576604822186,0.826998032127563,256.0,0.03895885299425572,2063.50969288238,0.9252141222253527,1.1672925419989042,1.3281153819435578,1.3281153819435578,7,0.9193562437521757,0.9193562437521757,1,0.025390477191592344,8456,2895,20070014,14,1,3212
2558,3442,SC-RRT-fixed-matched,5000,15496,1138,2,evaluation-2d-07,5000,central_cluster,99,594.0,2308.576604822186,0.826998032127563,256.0,0.03995792201021686,2067.9270588797967,0.9232377423591972,1.1160979729902465,1.5,1.5,7,0.8,0.8,1,0.0,8688,3154,20070014,14,1,3444
2556,2881,SC-RRT-fixed-matched,5000,12354,1562,2,evaluation-2d-07,5000,central_cluster,99,1067.0,2741.575909637584,0.6963835298129895,362.0,0.06800705299247056,2226.578416201115,0.8574538831922421,0.9315029289864469,1.5,1.5,7,0.8,0.8,1,0.0,6496,2088,20070015,15,1,2883
2556,2820,SC-RRT,5000,13118,1547,2,evaluation-2d-07,5000,central_cluster,99,1067.0,2741.575909637584,0.6963835298129895,362.0,0.07007248399895616,2149.7818283867095,0.888084680963378,0.9856423969904426,1.2910648927835047,1.2910648927835047,7,0.9456542306824562,0.9456542306824562,1,0.11819859263835754,7540,2394,20070015,15,1,2822
2568,3130,SC-RRT,5000,15017,1333,2,evaluation-2d-07,5000,central_cluster,99,751.0,2599.5463068043973,0.7344313521964643,301.0,0.04907589001231827,2018.3047475139772,0.9459365893853732,1.1344827970024198,1.2648244318161495,1.2648244318161495,7,0.95,0.95,1,0.18453248823285848,8680,2723,20070016,16,1,3132
2568,3253,SC-RRT-fixed-matched,5000,14675,1366,2,evaluation-2d-07,5000,central_cluster,99,751.0,2599.5463068043973,0.7344313521964643,301.0,0.050789884000550956,2143.9893854810157,0.8904840304399835,1.1281166810076684,1.5,1.5,7,0.8,0.8,1,0.0,7962,2532,20070016,16,1,3255
2561,2918,SC-RRT-fixed-matched,5000,13563,1609,2,evaluation-2d-07,5000,central_cluster,99,531.0,2318.1044664351957,0.8235989088704218,186.0,0.03352824799367227,2102.5517324575703,0.9080339283600509,0.9850250469753519,1.5,1.5,7,0.8,0.8,1,0.0,7471,2710,20070017,17,1,2920
2561,2810,SC-RRT,5000,12924,1587,2,evaluation-2d-07,5000,central_cluster,99,531.0,2318.1044664351957,0.8235989088704218,186.0,0.03223699700902216,2036.7111761448275,0.9373878493746326,0.9476553330023307,1.2849774046367126,1.2849774046367126,7,0.9499673955955974,0.9499673955955974,1,0.054352112684998774,7291,2478,20070017,17,1,2812
2562,3488,SC-RRT,5000,16006,1028,2,evaluation-2d-07,5000,central_cluster,99,282.0,2428.123815502792,0.7862812831100799,160.0,0.01933873601956293,2141.7011402056714,0.8914354451061904,1.2997446969966404,1.2867473571145611,1.2867473571145611,7,0.9487137208005392,0.9487137208005392,1,0.04093172929019441,9122,3151,20070018,18,1,3490
2562,3630,SC-RRT-fixed-matched,5000,16429,963,2,evaluation-2d-07,5000,central_cluster,99,282.0,2428.123815502792,0.7862812831100799,160.0,0.020225440996000543,2104.765540715308,0.9070788514310424,1.2924904990068171,1.5,1.5,7,0.8,0.8,1,0.0,9290,3263,20070018,18,1,3632
2561,3046,SC-RRT-fixed-matched,5000,13382,1456,2,evaluation-2d-07,5000,central_cluster,99,624.0,2446.5638260680666,0.780354997838737,236.0,0.04106569301802665,2042.2558069301988,0.9348428843855071,1.0111736690159887,1.5,1.5,7,0.8,0.8,1,0.0,7113,2310,20070019,19,1,3048
2561,2841,SC-RRT,5000,13163,1512,2,evaluation-2d-07,5000,central_cluster,99,624.0,2446.5638260680666,0.780354997838737,236.0,0.04096244601532817,2034.9739464843865,0.9381880846690863,1.0367871150083374,1.2889712921849243,1.2889712921849243,7,0.9471380239574361,0.9471380239574361,1,0.11848972671273054,7323,2297,20070019,19,1,2843
2561,2879,SC-RRT,5000,13198,1415,2,evaluation-2d-07,5000,central_cluster,99,301.0,2151.84520934341,0.8872331062261801,152.0,0.021610292984405532,2078.215230042256,0.9186672687240672,0.978778232994955,1.3054988725213508,1.3054988725213508,7,0.9354151950702576,0.9354151950702576,1,0.02073937196621432,7452,2552,20070020,20,1,2881
2561,3066,SC-RRT-fixed-matched,5000,13500,1350,2,evaluation-2d-07,5000,central_cluster,99,301.0,2151.84520934341,0.8872331062261801,152.0,0.02055918498081155,2080.4131978071237,0.9176966917995298,1.0080138319754042,1.5,1.5,7,0.8,0.8,1,0.0,7343,2567,20070020,20,1,3068
2558,3340,SC-RRT-fixed-matched,5000,14763,1249,2,evaluation-2d-07,5000,central_cluster,99,875.0,2445.9836721056095,0.7805400873997518,329.0,0.056452293996699154,2236.1781975776753,0.8537728841430408,1.2468319939798675,1.5,1.5,7,0.8,0.8,1,0.0,8026,2356,20070021,21,1,3342
2558,3129,SC-RRT,5000,14216,1326,2,evaluation-2d-07,5000,central_cluster,99,875.0,2445.9836721056095,0.7805400873997518,329.0,0.05674321998958476,2167.359366729907,0.880882210172762,1.1086783529899549,1.2882666018889002,1.2882666018889002,7,0.9476373631226828,0.9476373631226828,1,0.07086897765822375,7950,2511,20070021,21,1,3131
2562,3217,SC-RRT,5000,15252,1159,2,evaluation-2d-07,5000,central_cluster,99,323.0,2211.6750519530797,0.8632318330478601,164.0,0.022136198997031897,2017.0558347543222,0.9465222907110143,1.1773453390051145,1.2989807138955192,1.2989807138955192,7,0.9400407163769332,0.9400407163769332,1,0.026075337819943357,8941,2999,20070022,22,1,3219
2562,3363,SC-RRT-fixed-matched,5000,15046,1126,2,evaluation-2d-07,5000,central_cluster,99,323.0,2211.6750519530797,0.8632318330478601,164.0,0.022191306023159996,2040.2938936489313,0.9357418140330855,1.1121904000174254,1.5,1.5,7,0.8,0.8,1,0.0,8401,2761,20070022,22,1,3365
2563,3702,SC-RRT-fixed-matched,5000,17480,958,2,evaluation-2d-07,5000,central_cluster,99,374.0,2420.546123776731,0.788742792566501,175.0,0.0261305799940601,2101.0716588489936,0.9086735814853489,1.4569963190006092,1.5,1.5,7,0.8,0.8,1,0.0,10143,3233,20070023,23,1,3704
2563,3685,SC-RRT,5000,18179,872,2,evaluation-2d-07,5000,central_cluster,99,374.0,2420.546123776731,0.788742792566501,175.0,0.02444133799872361,2097.712541909126,0.9101286620835705,1.6938380539941136,1.2872773858732922,1.2872773858732922,7,0.9483382317400482,0.9483382317400482,1,0.03846361127314128,11037,3097,20070023,23,1,3687
2560,2991,SC-RRT,5000,14281,1452,2,evaluation-2d-07,5000,central_cluster,99,584.0,2231.318128521532,0.8556325002695621,232.0,0.03807605500333011,2029.4389631148238,0.9407468487120291,1.0860915110097267,1.2878689853822443,1.2878689853822443,7,0.9479190899516327,0.9479190899516327,1,0.08625467381561017,8138,2564,20070024,24,1,2993
2560,3083,SC-RRT-fixed-matched,5000,13906,1487,2,evaluation-2d-07,5000,central_cluster,99,584.0,2231.318128521532,0.8556325002695621,232.0,0.03676229700795375,2115.700009012645,0.9023908404172378,1.0183204610075336,1.5,1.5,7,0.8,0.8,1,0.0,7483,2521,20070024,24,1,3085
2563,3123,SC-RRT-fixed-matched,5000,13632,1287,2,evaluation-2d-07,5000,central_cluster,99,672.0,2442.5225046815585,0.7816461488253869,238.0,0.04324277600971982,2070.537228972555,0.9220738861822149,1.0616287399898283,1.5,1.5,7,0.8,0.8,1,0.0,7458,2329,20070025,25,1,3125
2563,2963,SC-RRT,5000,13284,1256,2,evaluation-2d-07,5000,central_cluster,99,672.0,2442.5225046815585,0.7816461488253869,238.0,0.04219481299514882,2060.0929690505136,0.9267486166333617,1.037297959002899,1.2887119613566957,1.2887119613566957,7,0.9473217898526172,0.9473217898526172,1,0.054252212277913756,7605,2599,20070025,25,1,2965
2555,2850,SC-RRT,5000,13553,1687,2,evaluation-2d-07,5000,central_cluster,99,810.0,2673.3787336120854,0.7141480872873236,246.0,0.04820378101430833,2178.911302961651,0.8762120360790474,1.0028759150009137,1.2891060134513572,1.2891060134513572,7,0.9470425557656089,0.9470425557656089,1,0.060623251833870635,7512,2397,20070026,26,1,2852
2555,2987,SC-RRT-fixed-matched,5000,13644,1618,2,evaluation-2d-07,5000,central_cluster,99,810.0,2673.3787336120854,0.7141480872873236,246.0,0.04702592300600372,2123.681883831904,0.8989991974498551,1.0194297609850764,1.5,1.5,7,0.8,0.8,1,0.0,7297,2310,20070026,26,1,2989
2559,3243,SC-RRT-fixed-matched,5000,14830,1313,2,evaluation-2d-07,5000,central_cluster,99,475.0,2314.680128314106,0.8248173412169193,194.0,0.029331691010156646,2094.794379084968,0.9113965209500109,1.1075617500173394,1.5,1.5,7,0.8,0.8,1,0.0,8159,2866,20070027,27,1,3245
2559,3165,SC-RRT,5000,14922,1222,2,evaluation-2d-07,5000,central_cluster,99,475.0,2314.680128314106,0.8248173412169193,194.0,0.029863873991416767,2068.6819811893856,0.9229008260157965,1.1297258269914892,1.2854030128598324,1.2854030128598324,7,0.9496659639196658,0.9496659639196658,1,0.03618635585978358,8614,3041,20070027,27,1,3167
2562,3069,SC-RRT,5000,14588,1289,2,evaluation-2d-07,5000,central_cluster,99,643.0,2239.4614533331714,0.852521174839638,232.0,0.04592307101120241,2034.431268845507,0.938438343157741,1.2370063390117139,1.2921344189373891,1.2921344189373891,7,0.9448960723129753,0.9448960723129753,1,0.037167567983189986,8550,2717,20070028,28,1,3071
2562,3247,SC-RRT-fixed-matched,5000,14853,1253,2,evaluation-2d-07,5000,central_cluster,99,643.0,2239.4614533331714,0.852521174839638,232.0,0.04464004500187002,2036.0062596884377,0.9377123965698584,1.1922772790130693,1.5,1.5,7,0.8,0.8,1,0.0,8396,2810,20070028,28,1,3249
2555,3565,SC-RRT-fixed-matched,5000,16889,1086,2,evaluation-2d-07,5000,central_cluster,99,298.0,2379.3440952581636,0.8024010957509395,160.0,0.020498725003562868,2119.047713268439,0.9009652294515484,1.3469917729962617,1.5,1.5,7,0.8,0.8,1,0.0,9689,3104,20070029,29,1,3567
2555,3330,SC-RRT,5000,15709,1271,2,evaluation-2d-07,5000,central_cluster,99,298.0,2379.3440952581636,0.8024010957509395,160.0,0.020312153006670997,2099.6092388815637,0.9093064908690722,1.2402422160084825,1.2876930057629554,1.2876930057629554,7,0.9480437733078597,0.9480437733078597,1,0.05296169816903095,8814,2792,20070029,29,1,3332
2556,3348,SC-RRT,5000,16536,1212,2,evaluation-2d-07,5000,central_cluster,99,526.0,2174.549422248031,0.8779696104722123,228.0,0.03380272598587908,2075.623040314431,0.9198145675403855,1.2338581880030688,1.2871818131484831,1.2871818131484831,7,0.9484059406144622,0.9484059406144622,1,0.03606512363425309,9707,3102,20070030,30,1,3350
2556,3449,SC-RRT-fixed-matched,5000,15578,1193,2,evaluation-2d-07,5000,central_cluster,99,526.0,2174.549422248031,0.8779696104722123,228.0,0.0363650850194972,2073.026356570009,0.9209667321174758,1.212098275020253,1.5,1.5,7,0.8,0.8,1,0.0,8523,2723,20070030,30,1,3451
2569,2987,SC-RRT-fixed-matched,5000,12837,1567,2,evaluation-2d-07,5000,central_cluster,99,985.0,2701.914854574783,0.7066056526433876,343.0,0.06623362499522045,2183.072077997485,0.8745420402953263,0.9878317289985716,1.5,1.5,7,0.8,0.8,1,0.0,6679,2315,20070031,31,1,2989
2569,2757,SC-RRT,5000,13185,1599,2,evaluation-2d-07,5000,central_cluster,99,985.0,2701.914854574783,0.7066056526433876,343.0,0.06801550497766584,2110.4606487676133,0.9046310862600228,0.9906800309836399,1.296035591023606,1.296035591023606,7,0.9421298184452305,0.9421298184452305,1,0.16146446227764688,7568,2399,20070031,31,1,2759
2562,3213,SC-RRT,5000,14449,1297,2,evaluation-2d-07,5000,central_cluster,99,648.0,2219.2523141262222,0.8602844737622255,254.0,0.04261044299346395,2008.7662295820578,0.9504283181826002,1.2087349529901985,1.2850640483075115,1.2850640483075115,7,0.9499060329130633,0.9499060329130633,1,0.052659676643462196,7908,2299,20070032,32,1,3215
2562,3381,SC-RRT-fixed-matched,5000,14719,1210,2,evaluation-2d-07,5000,central_cluster,99,648.0,2219.2523141262222,0.8602844737622255,254.0,0.041430343000683933,2003.5852178898695,0.9528860026300214,1.1345765779842623,1.5,1.5,7,0.8,0.8,1,0.0,7908,2697,20070032,32,1,3383
2564,3361,SC-RRT-fixed-matched,5000,15210,1176,2,evaluation-2d-07,5000,central_cluster,99,379.0,2102.775639798336,0.9079372392704608,174.0,0.024129395023919642,1999.212153981558,0.9549703393916491,1.1676002160238568,1.5,1.5,7,0.8,0.8,1,0.0,8467,2967,20070033,33,1,3363
2564,3242,SC-RRT,5000,14796,1116,2,evaluation-2d-07,5000,central_cluster,99,379.0,2102.775639798336,0.9079372392704608,174.0,0.02537174799363129,1995.3310945366343,0.9568278239291608,1.1845535240136087,1.2865998496074693,1.2865998496074693,7,0.9488182145640097,0.9488182145640097,1,0.03385264647941436,8472,2801,20070033,33,1,3244
2558,3378,SC-RRT,5000,15809,1101,2,evaluation-2d-07,5000,central_cluster,99,348.0,2360.4935975032445,0.8088089335311379,161.0,0.02282692797598429,2017.6003881108402,0.9462668229318332,1.2615501259861048,1.2858776124691613,1.2858776124691613,7,0.9493298114947744,0.9493298114947744,1,0.04600754382251778,9148,3033,20070034,34,1,3380
2558,3489,SC-RRT-fixed-matched,5000,15988,1106,2,evaluation-2d-07,5000,central_cluster,99,348.0,2360.4935975032445,0.8088089335311379,161.0,0.03268859299714677,2043.527829630041,0.9342609782560762,1.1876697719853837,1.5,1.5,7,0.8,0.8,1,0.0,9023,2996,20070034,34,1,3491
2557,2851,SC-RRT-fixed-matched,5000,12945,1693,2,evaluation-2d-07,5000,central_cluster,99,874.0,2226.025212759523,0.8576669744171165,289.0,0.052696930011734366,2041.8007408754797,0.9350512373626918,1.0131873160135,1.5,1.5,7,0.8,0.8,1,0.0,6905,2245,20070035,35,1,2853
2557,2599,SC-RRT,5000,11924,1790,2,evaluation-2d-07,5000,central_cluster,99,874.0,2226.025212759523,0.8576669744171165,289.0,0.05962516399449669,2018.138529486937,0.946014498662311,0.9399531009839848,1.289953680436215,1.289953680436215,7,0.9464418293052397,0.9464418293052397,1,0.08541183913959265,6443,2070,20070035,35,1,2601
2559,2666,SC-RRT,5000,11767,1544,2,evaluation-2d-07,5000,central_cluster,99,796.0,2394.6715899187666,0.797265193791539,224.0,0.04725803600740619,2133.203784594576,0.8949863688557664,0.9012194819806609,1.288300385636185,1.288300385636185,7,0.947613425289219,0.947613425289219,1,0.09382836692995336,6425,2124,20070036,36,1,2668
2559,2900,SC-RRT-fixed-matched,5000,12699,1598,2,evaluation-2d-07,5000,central_cluster,99,796.0,2394.6715899187666,0.797265193791539,224.0,0.04693279700586572,2161.0022469095393,0.8834735419336184,0.9226268579950556,1.5,1.5,7,0.8,0.8,1,0.0,6621,2263,20070036,36,1,2902
2558,3470,SC-RRT-fixed-matched,5000,15351,1098,2,evaluation-2d-07,5000,central_cluster,99,475.0,2640.228993654454,0.7231146668687586,218.0,0.03242201398825273,2167.607011184476,0.8807815712684992,1.2295122950163204,1.5,1.5,7,0.8,0.8,1,0.0,8529,2767,20070037,37,1,3472
2558,3409,SC-RRT,5000,15590,1099,2,evaluation-2d-07,5000,central_cluster,99,475.0,2640.228993654454,0.7231146668687586,218.0,0.03215703001478687,2172.6707743842676,0.8787287663243595,1.3654055350052658,1.2913391309461821,1.2913391309461821,7,0.9454598403510691,0.9454598403510691,1,0.091673340484016,8895,2569,20070037,37,1,3411
2561,3332,SC-RRT,5000,15293,1024,2,evaluation-2d-07,5000,central_cluster,99,283.0,2084.9339449932822,0.915706856703237,134.0,0.018637895002029836,1990.5386477289323,0.9591314950764361,1.1312295430107042,1.2849411427906425,1.2849411427906425,7,0.9499930766740116,0.9499930766740116,1,0.033122397595658104,8796,2901,20070038,38,1,3334
2561,3330,SC-RRT-fixed-matched,5000,15175,1115,2,evaluation-2d-07,5000,central_cluster,99,283.0,2084.9339449932822,0.915706856703237,134.0,0.019029887014767155,1996.391141313112,0.9563197660494142,1.1664137750049122,1.5,1.5,7,0.8,0.8,1,0.0,8529,2688,20070038,38,1,3332
2559,3047,SC-RRT-fixed-matched,5000,13878,1489,2,evaluation-2d-07,5000,central_cluster,99,629.0,2351.0752326442675,0.8120490074902467,229.0,0.041888121981173754,2045.6577536925024,0.9332882324804866,1.109778711979743,1.5,1.5,7,0.8,0.8,1,0.0,7540,2553,20070039,39,1,3049
2559,2892,SC-RRT,5000,13714,1463,2,evaluation-2d-07,5000,central_cluster,99,629.0,2351.0752326442675,0.8120490074902467,229.0,0.04312558699166402,2007.9827013123302,0.9507991816642224,1.1067385159840342,1.2926276006240005,1.2926276006240005,7,0.9445464351732608,0.9445464351732608,1,0.1063188479645727,7859,2640,20070039,39,1,2894
2559,3026,SC-RRT,5000,13369,1222,2,evaluation-2d-07,5000,central_cluster,99,474.0,2552.7231140653225,0.747902621590327,223.0,0.03451613101060502,2193.484283752741,0.8703906945425328,1.1107576680078637,1.2914292267389729,1.2914292267389729,7,0.9453959755843289,0.9453959755843289,1,0.09839359869270889,7591,2453,20070040,40,1,3028
2559,3217,SC-RRT-fixed-matched,5000,14246,1204,2,evaluation-2d-07,5000,central_cluster,99,474.0,2552.7231140653225,0.747902621590327,223.0,0.033020483009750023,2206.293750288147,0.8653373146501159,1.1761977069836576,1.5,1.5,7,0.8,0.8,1,0.0,8000,2919,20070040,40,1,3219
2562,2584,SC-RRT-fixed-matched,5000,11369,1954,2,evaluation-2d-07,5000,central_cluster,99,1372.0,2491.3174635334162,0.7663368226447911,479.0,0.10644620098173618,2021.333905225508,0.9445190150267042,0.9079552449984476,1.5,1.5,7,0.8,0.8,1,0.0,5769,1773,20070041,41,1,2586
2562,2416,SC-RRT,5000,11661,2011,2,evaluation-2d-07,5000,central_cluster,99,1372.0,2491.3174635334162,0.7663368226447911,479.0,0.09818404700490646,1970.759136399349,0.9687578121250459,0.8995015330146998,1.2646381134600144,1.2646381134600144,7,0.95,0.95,1,0.1887533778941964,6442,1985,20070041,41,1,2418
2560,3527,SC-RRT,5000,17204,1049,2,evaluation-2d-07,5000,central_cluster,99,447.0,2282.5439381030574,0.8364300363875309,196.0,0.030722127004992217,2023.44181971854,0.9435350651541073,1.4849493740184698,1.2858824188430296,1.2858824188430296,7,0.9493264070816744,0.9493264070816744,1,0.04015034472242898,10197,3175,20070042,42,1,3529
2560,3391,SC-RRT-fixed-matched,5000,15723,1179,2,evaluation-2d-07,5000,central_cluster,99,447.0,2282.5439381030574,0.8364300363875309,196.0,0.03318356900126673,2012.3279959158247,0.9487460856672092,1.3446102919988334,1.5,1.5,7,0.8,0.8,1,0.0,8891,3130,20070042,42,1,3393
2556,3203,SC-RRT-fixed-matched,5000,14331,1321,2,evaluation-2d-07,5000,central_cluster,99,645.0,2427.8006506884635,0.7863859450990263,270.0,0.047388670995133,2023.6035348614585,0.9434596630779194,1.138933823996922,1.5,1.5,7,0.8,0.8,1,0.0,7828,2718,20070043,43,1,3205
2556,3040,SC-RRT,5000,14128,1325,2,evaluation-2d-07,5000,central_cluster,99,645.0,2427.8006506884635,0.7863859450990263,270.0,0.04646316499565728,2042.4736783815813,0.9347431643361417,1.1456522070220672,1.2905240219843874,1.2905240219843874,7,0.9460376002026161,0.9460376002026161,1,0.09947809038931965,8070,2816,20070043,43,1,3042
2560,3169,SC-RRT,5000,14572,1158,2,evaluation-2d-07,5000,central_cluster,99,710.0,2362.89344678168,0.8079874747649077,300.0,0.04964020900661126,2020.7582487792426,0.9447880815812754,1.2111237029894255,1.2933502319453463,1.2933502319453463,7,0.9440340940145333,0.9440340940145333,1,0.11594698153009017,8458,2969,20070044,44,1,3171
2560,3388,SC-RRT-fixed-matched,5000,15156,1198,2,evaluation-2d-07,5000,central_cluster,99,710.0,2362.89344678168,0.8079874747649077,300.0,0.05018775397911668,2081.150467912685,0.9173715878018766,1.2731001249921974,1.5,1.5,7,0.8,0.8,1,0.0,8386,2886,20070044,44,1,3390
2558,3323,SC-RRT-fixed-matched,5000,15146,1258,2,evaluation-2d-07,5000,central_cluster,99,690.0,2486.734628800896,0.7677491144780049,275.0,0.047784402006072924,2167.6101366064313,0.8807803012919412,1.221693461004179,1.5,1.5,7,0.8,0.8,1,0.0,8430,2515,20070045,45,1,3325
2558,3251,SC-RRT,5000,15569,1294,2,evaluation-2d-07,5000,central_cluster,99,690.0,2486.734628800896,0.7677491144780049,275.0,0.04795487498631701,2248.021109409083,0.8492750807422487,1.3562741909991018,1.2930305653190044,1.2930305653190044,7,0.9442607411322692,0.9442607411322692,1,0.0397034323219671,8950,2297,20070045,45,1,3253
2557,2972,SC-RRT,5000,13970,1309,2,evaluation-2d-07,5000,central_cluster,99,334.0,2148.120187533637,0.8887716433574938,147.0,0.02374354499625042,2012.432192020832,0.9486969631938362,1.190186478983378,1.2846733894459,1.2846733894459,7,0.95,0.95,1,0.0375639952925839,8098,2668,20070046,46,1,2974
2557,3254,SC-RRT-fixed-matched,5000,14416,1189,2,evaluation-2d-07,5000,central_cluster,99,334.0,2148.120187533637,0.8887716433574938,147.0,0.022741449007298797,2050.225383934309,0.9312089900769907,1.0819253679946996,1.5,1.5,7,0.8,0.8,1,0.0,8002,2733,20070046,46,1,3256
2560,3237,SC-RRT-fixed-matched,5000,14358,1333,2,evaluation-2d-07,5000,central_cluster,99,713.0,2902.3588729594376,0.6578057341533865,271.0,0.04798778399708681,2161.4302590303223,0.8832985941726351,1.1622104349953588,1.5,1.5,7,0.8,0.8,1,0.0,7819,2798,20070047,47,1,3239
2560,3115,SC-RRT,5000,14073,1297,2,evaluation-2d-07,5000,central_cluster,99,713.0,2902.3588729594376,0.6578057341533865,271.0,0.04714349200366996,2218.9592795935496,0.8603980824530442,1.1646157010109164,1.2882958044248065,1.2882958044248065,7,0.9476166713619255,0.9476166713619255,1,0.09372031872245534,7960,2665,20070047,47,1,3117
2556,3000,SC-RRT,5000,15028,1568,2,evaluation-2d-07,5000,central_cluster,99,532.0,2329.824122454184,0.8194559798756752,212.0,0.03812653600471094,2102.3859951836666,0.9081055113463546,1.220571771991672,1.2867727459129403,1.2867727459129403,7,0.9486957352416996,0.9486957352416996,1,0.050866949345057054,8490,2978,20070048,48,1,3002
2556,3100,SC-RRT-fixed-matched,5000,14252,1501,2,evaluation-2d-07,5000,central_cluster,99,532.0,2329.824122454184,0.8194559798756752,212.0,0.03767487299046479,2133.5926290239954,0.8948232587759876,1.2049414859793615,1.5,1.5,7,0.8,0.8,1,0.0,7598,2415,20070048,48,1,3102
2554,2963,SC-RRT-fixed-matched,5000,13418,1673,2,evaluation-2d-07,5000,central_cluster,99,688.0,2335.6946133761103,0.8173963746245311,281.0,0.05024022900033742,2232.462872341987,0.855193756123176,1.0929711300123017,1.5,1.5,7,0.8,0.8,1,0.0,7293,2536,20070049,49,1,2965
2554,2895,SC-RRT,5000,13390,1531,2,evaluation-2d-07,5000,central_cluster,99,688.0,2335.6946133761103,0.8173963746245311,281.0,0.0509185420232825,2253.838157202532,0.8470831426393838,1.0910966469964478,1.3087418904213672,1.3087418904213672,7,0.9331130610752935,0.9331130610752935,1,0.03351439107805431,7685,2565,20070049,49,1,2897
2562,3572,SC-RRT,5000,16792,943,2,evaluation-2d-08,5000,slab_clutter,99,317.0,2171.8675325940117,0.8790537546842936,179.0,0.026066741003887728,2028.2567893502987,0.9412951650048409,1.4143907109973952,1.2869627830957748,1.2869627830957748,8,0.948561109765223,0.948561109765223,1,0.04267544028408908,9910,3152,20080000,0,1,3574
2562,3629,SC-RRT-fixed-matched,5000,16592,901,2,evaluation-2d-08,5000,slab_clutter,99,317.0,2171.8675325940117,0.8790537546842936,179.0,0.0245637159969192,2039.0754090394971,0.9363009826610572,1.3629616269899998,1.5,1.5,8,0.8,0.8,1,0.0,9652,3293,20080000,0,1,3631
2561,3461,SC-RRT-fixed-matched,5000,15455,1105,2,evaluation-2d-08,5000,slab_clutter,99,618.0,2228.4941166050835,0.8567167824127623,247.0,0.04500176099827513,2094.1263850358505,0.911687242396783,1.2595934970013332,1.5,1.5,8,0.8,0.8,1,0.0,8621,2916,20080001,1,1,3463
2561,3357,SC-RRT,5000,15890,1171,2,evaluation-2d-08,5000,slab_clutter,99,618.0,2228.4941166050835,0.8567167824127623,247.0,0.04290591101744212,2033.3640351660154,0.938930892936641,1.3102096460061148,1.28915938260908,1.28915938260908,8,0.9470047360306306,0.9470047360306306,1,0.06903267526646069,9197,3101,20080001,1,1,3359
2562,3411,SC-RRT,5000,15786,1006,2,evaluation-2d-08,5000,slab_clutter,99,317.0,2206.9132942364263,0.8650943896118228,167.0,0.02462210299563594,2045.838431349859,0.9332058093873923,1.2808211899828166,1.28731789192434,1.28731789192434,8,0.9483095347848269,0.9483095347848269,1,0.04213514852889292,9211,3262,20080002,2,1,3413
2562,3527,SC-RRT-fixed-matched,5000,16375,1035,2,evaluation-2d-08,5000,slab_clutter,99,317.0,2206.9132942364263,0.8650943896118228,167.0,0.023987990978639573,2014.2344613269138,0.9478481010328687,1.2695966659812257,1.5,1.5,8,0.8,0.8,1,0.0,9435,3540,20080002,2,1,3529
2563,3461,SC-RRT-fixed-matched,5000,15667,1126,2,evaluation-2d-08,5000,slab_clutter,99,422.0,2091.2478555108673,0.9129421479967452,195.0,0.0292330959928222,2021.1414542104865,0.9446089511579782,1.2162073600047734,1.5,1.5,8,0.8,0.8,1,0.0,8754,3104,20080003,3,1,3463
2563,3320,SC-RRT,5000,15502,1129,2,evaluation-2d-08,5000,slab_clutter,99,422.0,2091.2478555108673,0.9129421479967452,195.0,0.029523234989028424,2025.9261108508556,0.9423780556349366,1.2778437809902243,1.308424901008695,1.308424901008695,8,0.9333381016476703,0.9333381016476703,1,0.02348164542378817,8985,3014,20080003,3,1,3322
2558,3102,SC-RRT,5000,14658,1413,2,evaluation-2d-08,5000,slab_clutter,99,564.0,2563.87604135242,0.7446492257857363,253.0,0.04370360600296408,2074.0055554214096,0.9205319167121312,1.2137037530192174,1.2851469004250244,1.2851469004250244,8,0.949847354709048,0.949847354709048,1,0.04564554581602701,8661,3218,20080004,4,1,3104
2558,3154,SC-RRT-fixed-matched,5000,14497,1428,2,evaluation-2d-08,5000,slab_clutter,99,564.0,2563.87604135242,0.7446492257857363,253.0,0.04188855300890282,2057.2587204538104,0.9280253816508459,1.1679415050020907,1.5,1.5,8,0.8,0.8,1,0.0,8301,3244,20080004,4,1,3156
2553,3311,SC-RRT-fixed-matched,5000,14763,1141,2,evaluation-2d-08,5000,slab_clutter,99,190.0,2179.3966098419505,0.8760169216479291,128.0,0.015147952013649046,2040.1185332297098,0.9358222466521315,1.1681208529917058,1.5,1.5,8,0.8,0.8,1,0.0,8303,2911,20080005,5,1,3313
2553,3174,SC-RRT,5000,14464,1137,2,evaluation-2d-08,5000,slab_clutter,99,190.0,2179.3966098419505,0.8760169216479291,128.0,0.015878933016210794,2039.2324066289275,0.9362288981861434,1.1441293740062974,1.2852054975610225,1.2852054975610225,8,0.9498058541122452,0.9498058541122452,1,0.02929205016700054,8386,2921,20080005,5,1,3176
2567,2982,SC-RRT,5000,13934,1454,2,evaluation-2d-08,5000,slab_clutter,99,423.0,2272.2113972031298,0.8402335766617941,218.0,0.03241421497659758,2055.7324574733843,0.9287143870609421,1.0930253039987292,1.2862657155242907,1.2862657155242907,8,0.9490549054344737,0.9490549054344737,1,0.04568696524918223,7949,3064,20080006,6,1,2984
2567,3094,SC-RRT-fixed-matched,5000,14494,1432,2,evaluation-2d-08,5000,slab_clutter,99,423.0,2272.2113972031298,0.8402335766617941,218.0,0.030972998996730894,2043.2214854673932,0.93440105381769,1.124813678994542,1.5,1.5,8,0.8,0.8,1,0.0,8241,3408,20080006,6,1,3096
2555,3395,SC-RRT-fixed-matched,5000,15319,1211,2,evaluation-2d-08,5000,slab_clutter,99,560.0,2527.497619803313,0.7553670057866362,240.0,0.04017543201916851,2084.580462041238,0.915862133397425,1.212206630007131,1.5,1.5,8,0.8,0.8,1,0.0,8503,3186,20080007,7,1,3397
2555,3313,SC-RRT,5000,15514,1162,2,evaluation-2d-08,5000,slab_clutter,99,560.0,2527.497619803313,0.7553670057866362,240.0,0.03818762401351705,2032.9989362747242,0.9390995121237412,1.2074384070001543,1.2886963642450233,1.2886963642450233,8,0.9473328420007819,0.9473328420007819,1,0.07232649467494079,8997,3239,20080007,7,1,3315
2560,3391,SC-RRT,5000,15494,1029,2,evaluation-2d-08,5000,slab_clutter,99,171.0,2135.6486806460553,0.8939617861801734,119.0,0.013891521986806765,2020.3543986700815,0.9449769359575828,1.2112061619991437,1.354295324224867,1.354295324224867,8,0.9007846079427455,0.9007846079427455,1,0.014764303254382547,8919,3230,20080008,8,1,3393
2560,3548,SC-RRT-fixed-matched,5000,15538,903,2,evaluation-2d-08,5000,slab_clutter,99,171.0,2135.6486806460553,0.8939617861801734,119.0,0.014259265997679904,2025.5654473693733,0.9425458514229519,1.2712248490133788,1.5,1.5,8,0.8,0.8,1,0.0,8793,3002,20080008,8,1,3550
2560,3401,SC-RRT-fixed-matched,5000,15075,1016,2,evaluation-2d-08,5000,slab_clutter,99,384.0,2412.1348582272885,0.791493188157302,201.0,0.02677600900642574,2041.5633194077734,0.9351599781668809,1.209838384995237,1.5,1.5,8,0.8,0.8,1,0.0,8582,3247,20080009,9,1,3403
2560,3256,SC-RRT,5000,14261,971,2,evaluation-2d-08,5000,slab_clutter,99,384.0,2412.1348582272885,0.791493188157302,201.0,0.027240777999395505,2048.470648121487,0.9320066709056656,1.1766359560133424,1.2872495139084514,1.2872495139084514,8,0.948357977840707,0.948357977840707,1,0.0504523635744141,8238,2830,20080009,9,1,3258
2563,3343,SC-RRT,5000,15258,1007,2,evaluation-2d-08,5000,slab_clutter,99,217.0,2221.722983533028,0.8593277934982015,123.0,0.015882774983765557,2029.81902630289,0.9405707033306666,1.2273119459860027,1.2855130587009997,1.2855130587009997,8,0.9495880221210076,0.9495880221210076,1,0.03638191300588703,8879,3332,20080010,10,1,3345
2563,3506,SC-RRT-fixed-matched,5000,15735,1057,2,evaluation-2d-08,5000,slab_clutter,99,217.0,2221.722983533028,0.8593277934982015,123.0,0.01498774197534658,2021.0492215797237,0.9446520593453874,1.1775363229971845,1.5,1.5,8,0.8,0.8,1,0.0,8810,3242,20080010,10,1,3508
2561,3363,SC-RRT-fixed-matched,5000,16480,1265,2,evaluation-2d-08,5000,slab_clutter,99,450.0,2209.3546656966855,0.8641384467810855,215.0,0.030927460989914834,2007.903841879169,0.9508365238331811,1.2623406659986358,1.5,1.5,8,0.8,0.8,1,0.0,9656,2970,20080011,11,1,3365
2561,3165,SC-RRT,5000,15602,1298,2,evaluation-2d-08,5000,slab_clutter,99,450.0,2209.3546656966855,0.8641384467810855,215.0,0.03002421700512059,2025.1337157221392,0.9427467896967405,1.1369032110087574,1.290865159452672,1.290865159452672,8,0.9457958048945643,0.9457958048945643,1,0.041145159148515034,9298,2896,20080011,11,1,3167
2563,3281,SC-RRT,5000,15620,1161,2,evaluation-2d-08,5000,slab_clutter,99,279.0,2204.9449317611675,0.8658666625650111,149.0,0.019439488009084016,2025.3400507059257,0.9426507457541448,1.2497570940176956,1.3038086293366382,1.3038086293366382,8,0.9366148725572357,0.9366148725572357,1,0.02233506762353331,9157,2859,20080012,12,1,3283
2563,3418,SC-RRT-fixed-matched,5000,15368,1109,2,evaluation-2d-08,5000,slab_clutter,99,279.0,2204.9449317611675,0.8658666625650111,149.0,0.021965396008454263,2021.5607271307608,0.9444130386888873,1.2722783419885673,1.5,1.5,8,0.8,0.8,1,0.0,8633,2814,20080012,12,1,3420
2559,2996,SC-RRT-fixed-matched,5000,13905,1494,2,evaluation-2d-08,5000,slab_clutter,99,919.0,2195.002604779714,0.869788630339817,332.0,0.06799424000200815,2034.1436092956503,0.9385710529379784,1.0923017239838373,1.5,1.5,8,0.8,0.8,1,0.0,7928,3119,20080013,13,1,2998
2559,2758,SC-RRT,5000,13050,1563,2,evaluation-2d-08,5000,slab_clutter,99,919.0,2195.002604779714,0.869788630339817,332.0,0.0686495800036937,2043.827981552692,0.9341237748165439,1.0554771780152805,1.2884181939886847,1.2884181939886847,8,0.9475299500403731,0.9475299500403731,1,0.07550226031112334,7588,2668,20080013,13,1,2760
2558,3376,SC-RRT,5000,15710,1051,2,evaluation-2d-08,5000,slab_clutter,99,396.0,2158.3259473050634,0.8845690390682351,200.0,0.0309832560014911,2049.0904244840685,0.9317247723142255,1.3162859629956074,1.335084797824556,1.335084797824556,8,0.9144084288712917,0.9144084288712917,1,0.017766292298536036,9184,2986,20080014,14,1,3378
2558,3355,SC-RRT-fixed-matched,5000,15243,1234,2,evaluation-2d-08,5000,slab_clutter,99,396.0,2158.3259473050634,0.8845690390682351,200.0,0.031093704019440338,2020.660319779979,0.9448338696587864,1.2956192360143177,1.5,1.5,8,0.8,0.8,1,0.0,8466,2750,20080014,14,1,3357
2563,3115,SC-RRT-fixed-matched,5000,14124,1504,2,evaluation-2d-08,5000,slab_clutter,99,194.0,2098.8915102576602,0.9096174337135253,128.0,0.01596667300327681,2039.8703062300563,0.9359361246510347,1.1855567480088212,1.5,1.5,8,0.8,0.8,1,0.0,7830,2912,20080015,15,1,3117
2563,3086,SC-RRT,5000,14498,1447,2,evaluation-2d-08,5000,slab_clutter,99,194.0,2098.8915102576602,0.9096174337135253,128.0,0.015811574994586408,2028.8724207990124,0.9410095428532662,1.2256731149973348,1.3624663834855186,1.3624663834855186,8,0.8949999507627187,0.8949999507627187,1,0.01595801025834593,8381,3053,20080015,15,1,3088
2562,3349,SC-RRT,5000,16286,1033,2,evaluation-2d-08,5000,slab_clutter,99,212.0,2126.6102275419935,0.8977612749518191,118.0,0.016506418003700674,2012.0380635424647,0.9488827988881555,1.3545808339840733,1.2879650726548575,1.2879650726548575,8,0.9478510098187632,0.9478510098187632,1,0.032582368740366775,9763,3670,20080016,16,1,3351
2562,3434,SC-RRT-fixed-matched,5000,15765,1087,2,evaluation-2d-08,5000,slab_clutter,99,212.0,2126.6102275419935,0.8977612749518191,118.0,0.01650487497681752,2025.1117140718877,0.94275703208732,1.3785769209789578,1.5,1.5,8,0.8,0.8,1,0.0,8927,3043,20080016,16,1,3436
2558,3639,SC-RRT-fixed-matched,5000,16788,1030,2,evaluation-2d-08,5000,slab_clutter,99,364.0,2260.105879122573,0.8447340130564462,200.0,0.02922797598876059,2012.9823117367005,0.9484376976748127,1.4159535910002887,1.5,1.5,8,0.8,0.8,1,0.0,9564,3537,20080017,17,1,3641
2558,3548,SC-RRT,5000,16378,975,2,evaluation-2d-08,5000,slab_clutter,99,364.0,2260.105879122573,0.8447340130564462,200.0,0.02926298402599059,2024.1108325704515,0.9432232062011984,1.2492584860010538,1.2858419486682477,1.2858419486682477,8,0.949355072521562,0.949355072521562,1,0.04160122819932339,9505,3301,20080017,17,1,3550
2563,3218,SC-RRT,5000,14618,1150,2,evaluation-2d-08,5000,slab_clutter,99,478.0,2329.7872414404133,0.8194689520332785,199.0,0.030687651014886796,2076.0335335550217,0.9196326929914105,1.0778717420180328,1.2879460355032966,1.2879460355032966,8,0.9478644981702176,0.9478644981702176,1,0.08095344204788624,8379,2809,20080018,18,1,3220
2563,3326,SC-RRT-fixed-matched,5000,15120,1222,2,evaluation-2d-08,5000,slab_clutter,99,478.0,2329.7872414404133,0.8194689520332785,199.0,0.03184066200628877,2021.1558057476964,0.9446022438123728,1.0876150889962446,1.5,1.5,8,0.8,0.8,1,0.0,8472,2915,20080018,18,1,3328
2564,3273,SC-RRT-fixed-matched,5000,14976,1342,2,evaluation-2d-08,5000,slab_clutter,99,670.0,2292.8333124351057,0.8326764526881473,263.0,0.04366667801514268,2028.7770925085863,0.941053759061802,1.144801638001809,1.5,1.5,8,0.8,0.8,1,0.0,8240,2836,20080019,19,1,3275
2564,3192,SC-RRT,5000,15029,1239,2,evaluation-2d-08,5000,slab_clutter,99,670.0,2292.8333124351057,0.8326764526881473,263.0,0.043421654001576826,2081.906434569842,0.9170384785318892,1.1271670530259144,1.3154871769520742,1.3154871769520742,8,0.9283236934411605,0.9283236934411605,1,0.03541181545248441,8708,2820,20080019,19,1,3194
2561,2880,SC-RRT,5000,13735,1554,2,evaluation-2d-08,5000,slab_clutter,99,776.0,2095.9048346078866,0.9109136434435773,278.0,0.05283284399774857,2022.0626688178122,0.9441786046719683,0.9968401869991794,1.3143273007413345,1.3143273007413345,8,0.9291473152046051,0.9291473152046051,1,0.03883537442354893,7743,2489,20080020,20,1,2882
2561,2987,SC-RRT-fixed-matched,5000,14023,1559,2,evaluation-2d-08,5000,slab_clutter,99,776.0,2095.9048346078866,0.9109136434435773,278.0,0.05005019999225624,2002.5132313264846,0.9533961021266326,1.0629726439947262,1.5,1.5,8,0.8,0.8,1,0.0,7715,2514,20080020,20,1,2989
2559,3599,SC-RRT-fixed-matched,5000,15989,941,2,evaluation-2d-08,5000,slab_clutter,99,277.0,2139.5657688682727,0.8923251329701105,155.0,0.019285863992990926,2028.366646547905,0.9412441840595942,1.2257049219915643,1.5,1.5,8,0.8,0.8,1,0.0,8969,3328,20080021,21,1,3601
2559,3517,SC-RRT,5000,16170,946,2,evaluation-2d-08,5000,slab_clutter,99,277.0,2139.5657688682727,0.8923251329701105,155.0,0.018935096013592556,2013.2519287358043,0.9483106818144357,1.2381363970052917,1.28493946103192,1.28493946103192,8,0.9499942677123854,0.9499942677123854,1,0.042025850558394764,9371,3401,20080021,21,1,3519
2557,3364,SC-RRT,5000,15455,1099,2,evaluation-2d-08,5000,slab_clutter,99,386.0,2302.2477584684257,0.8292714379592964,194.0,0.02615131001221016,2031.8962319433224,0.9396091587697443,1.143211553018773,1.2895532430036927,1.2895532430036927,8,0.9467256207227083,0.9467256207227083,1,0.06357804452437776,8834,3035,20080022,22,1,3366
2557,3598,SC-RRT-fixed-matched,5000,16272,1055,2,evaluation-2d-08,5000,slab_clutter,99,386.0,2302.2477584684257,0.8292714379592964,194.0,0.028152544982731342,2034.3105887607414,0.938494013525592,1.248234394006431,1.5,1.5,8,0.8,0.8,1,0.0,9086,3294,20080022,22,1,3600
2563,3324,SC-RRT-fixed-matched,5000,14889,1122,2,evaluation-2d-08,5000,slab_clutter,99,233.0,2249.8966495802088,0.8485671150983309,137.0,0.017171582992887124,2074.0848499161584,0.9204967237868085,1.133371753996471,1.5,1.5,8,0.8,0.8,1,0.0,8373,2855,20080023,23,1,3326
2563,3185,SC-RRT,5000,14303,1135,2,evaluation-2d-08,5000,slab_clutter,99,233.0,2249.8966495802088,0.8485671150983309,137.0,0.017083345010178164,2017.5758689464906,0.946278322708425,1.1165434890135657,1.2749977736137037,1.2749977736137037,8,0.95,0.95,1,0.059476701485852115,8144,2856,20080023,23,1,3187
2554,3558,SC-RRT,5000,15932,919,2,evaluation-2d-08,5000,slab_clutter,99,349.0,2578.060457195811,0.7405521867707969,173.0,0.02430530099081807,2214.1960906414515,0.8622489748189318,1.360951725015184,1.2870763719668963,1.2870763719668963,8,0.9484806397437783,0.9484806397437783,1,0.042839809311343686,9062,2992,20080024,24,1,3560
2554,3606,SC-RRT-fixed-matched,5000,16000,1018,2,evaluation-2d-08,5000,slab_clutter,99,349.0,2578.060457195811,0.7405521867707969,173.0,0.024415292020421475,2073.4598088841553,0.9207742060026325,1.2931101779977325,1.5,1.5,8,0.8,0.8,1,0.0,8808,3277,20080024,24,1,3608
2560,3720,SC-RRT-fixed-matched,5000,16143,873,2,evaluation-2d-08,5000,slab_clutter,99,443.0,2179.850563762362,0.8758344911077169,220.0,0.030884548992617056,2016.672573378819,0.9467021738709637,1.3049578380014282,1.5,1.5,8,0.8,0.8,1,0.0,8932,2819,20080025,25,1,3722
2560,3585,SC-RRT,5000,16169,843,2,evaluation-2d-08,5000,slab_clutter,99,443.0,2179.850563762362,0.8758344911077169,220.0,0.030320271995151415,2033.2035108591097,0.939005022865109,1.3348810639872681,1.286492636877932,1.286492636877932,8,0.9488941622265921,0.9488941622265921,1,0.039169521640520705,9393,2664,20080025,25,1,3587
2563,3163,SC-RRT,5000,14513,1091,2,evaluation-2d-08,5000,slab_clutter,99,471.0,2381.913441322189,0.8015355537621454,199.0,0.03021533999708481,2024.6286008929828,0.9429819910484379,1.153557016979903,1.2852409516357268,1.2852409516357268,8,0.9497807440804911,0.9497807440804911,1,0.058818244070153014,8518,2910,20080026,26,1,3165
2563,3377,SC-RRT-fixed-matched,5000,15117,1114,2,evaluation-2d-08,5000,slab_clutter,99,471.0,2381.913441322189,0.8015355537621454,199.0,0.030283602012787014,2044.7999647855752,0.9336797447587409,1.1256211920117494,1.5,1.5,8,0.8,0.8,1,0.0,8500,2984,20080026,26,1,3379
2558,3549,SC-RRT-fixed-matched,5000,16853,1092,2,evaluation-2d-08,5000,slab_clutter,99,320.0,2150.262787334733,0.8878860390688023,187.0,0.024009540997212753,2029.8577690882064,0.9405527511719544,1.3039932209940162,1.5,1.5,8,0.8,0.8,1,0.0,9745,3765,20080027,27,1,3551
2558,3491,SC-RRT,5000,16833,1088,2,evaluation-2d-08,5000,slab_clutter,99,320.0,2150.262787334733,0.8878860390688023,187.0,0.02375774399843067,2041.6939747793353,0.9351001339023013,1.3043533669842873,1.2861043529052565,1.2861043529052565,8,0.949169205793257,0.949169205793257,1,0.03740813085156407,9857,3595,20080027,27,1,3493
2572,3715,SC-RRT,5000,17605,798,2,evaluation-2d-08,5000,slab_clutter,99,140.0,2200.0418867124845,0.8677963454852999,108.0,0.010914190992480144,2082.2119043720454,0.9169039448842515,1.4140850089897867,1.2829482006763069,1.2829482006763069,8,0.95,0.95,1,0.03565671063233998,10509,3186,20080028,28,1,3717
2572,3581,SC-RRT-fixed-matched,5000,17020,1012,2,evaluation-2d-08,5000,slab_clutter,99,140.0,2200.0418867124845,0.8677963454852999,108.0,0.011387317004846409,2045.8069302351357,0.9332201787899139,1.3934577790205367,1.5,1.5,8,0.8,0.8,1,0.0,9956,3230,20080028,28,1,3583
2562,3499,SC-RRT-fixed-matched,5000,16985,1044,2,evaluation-2d-08,5000,slab_clutter,99,203.0,2093.4608729338483,0.9119770681589457,127.0,0.015969020983902737,2040.4164587817027,0.9356856052531656,1.3043161410023458,1.5,1.5,8,0.8,0.8,1,0.0,10052,3253,20080029,29,1,3501
2562,3440,SC-RRT,5000,16553,976,2,evaluation-2d-08,5000,slab_clutter,99,203.0,2093.4608729338483,0.9119770681589457,127.0,0.015917279990389943,2026.4846690054562,0.9421183088153616,1.2761116529873107,1.2952605765838994,1.2952605765838994,8,0.9426794646330745,0.9426794646330745,1,0.0241761138918635,9917,3325,20080029,29,1,3442
2565,3301,SC-RRT,5000,15736,1074,2,evaluation-2d-08,5000,slab_clutter,99,371.0,2279.0526094227716,0.8377113811722096,187.0,0.026176295010372996,2022.927958740977,0.943774740446967,1.193294352007797,1.2855832543718,1.2855832543718,8,0.9495383041829245,0.9495383041829245,1,0.038282646983419905,9384,3467,20080030,30,1,3303
2565,3456,SC-RRT-fixed-matched,5000,15511,1085,2,evaluation-2d-08,5000,slab_clutter,99,371.0,2279.0526094227716,0.8377113811722096,187.0,0.02609036600915715,2015.6909770914308,0.9471631965920531,1.2785824350139592,1.5,1.5,8,0.8,0.8,1,0.0,8714,3189,20080030,30,1,3458
2556,3133,SC-RRT-fixed-matched,5000,14447,1432,2,evaluation-2d-08,5000,slab_clutter,99,342.0,2220.654154737465,0.8597413987813832,156.0,0.024916894995840266,2088.6582823656354,0.9140740375401726,1.173728244000813,1.5,1.5,8,0.8,0.8,1,0.0,8099,3053,20080031,31,1,3135
2556,3092,SC-RRT,5000,14609,1419,2,evaluation-2d-08,5000,slab_clutter,99,342.0,2220.654154737465,0.8597413987813832,156.0,0.024819750018650666,2094.716504296093,0.9114304037267519,1.2004693860071711,1.3271835274394217,1.3271835274394217,8,0.9200179087112942,0.9200179087112942,1,0.02008077276342738,8399,2870,20080031,31,1,3094
2559,3369,SC-RRT,5000,15162,1127,2,evaluation-2d-08,5000,slab_clutter,99,335.0,2222.139089055338,0.8591668805103018,183.0,0.024690635997103527,1973.7381770119098,0.9672956278801097,1.2989041849796195,1.2871627726734391,1.2871627726734391,8,0.9484194298018556,0.9484194298018556,1,0.05026392268407581,8546,2783,20080032,32,1,3371
2559,3531,SC-RRT-fixed-matched,5000,15272,1051,2,evaluation-2d-08,5000,slab_clutter,99,335.0,2222.139089055338,0.8591668805103018,183.0,0.024718425993341953,2035.3057190536301,0.9380351518352764,1.2375667020096444,1.5,1.5,8,0.8,0.8,1,0.0,8327,2900,20080032,32,1,3533
2567,3340,SC-RRT-fixed-matched,5000,15178,1194,2,evaluation-2d-08,5000,slab_clutter,99,341.0,2127.1529260899806,0.8975322299525718,165.0,0.025518357986584306,2026.819092279104,0.9419628601666895,1.208266822999576,1.5,1.5,8,0.8,0.8,1,0.0,8548,2909,20080033,33,1,3342
2567,3241,SC-RRT,5000,14717,1113,2,evaluation-2d-08,5000,slab_clutter,99,341.0,2127.1529260899806,0.8975322299525718,165.0,0.024776520993327722,2028.5602800764366,0.941154338845548,1.2021152779925615,1.3332749337828753,1.3332749337828753,8,0.9156931407329341,0.9156931407329341,1,0.015839477211156305,8507,2825,20080033,33,1,3243
2567,2870,SC-RRT,5000,12932,1373,2,evaluation-2d-08,5000,slab_clutter,99,763.0,2360.1281353504546,0.8089341763302964,347.0,0.056034103996353224,2047.3078494244362,0.9325360178443179,1.0436184209829662,1.2890767150117026,1.2890767150117026,8,0.9470633178125818,0.9470633178125818,1,0.0660057016640013,7382,2542,20080034,34,1,2872
2567,3037,SC-RRT-fixed-matched,5000,13457,1357,2,evaluation-2d-08,5000,slab_clutter,99,763.0,2360.1281353504546,0.8089341763302964,347.0,0.0572015929792542,2050.1047233324252,0.9312637971490116,1.0571509199799038,1.5,1.5,8,0.8,0.8,1,0.0,7502,2823,20080034,34,1,3039
2558,3358,SC-RRT-fixed-matched,5000,16221,1239,2,evaluation-2d-08,5000,slab_clutter,99,374.0,2151.815810534264,0.8872452278941361,175.0,0.02582706799148582,2007.4887492505477,0.9510331302810201,1.2321915020002052,1.5,1.5,8,0.8,0.8,1,0.0,9411,3544,20080035,35,1,3360
2558,3213,SC-RRT,5000,15907,1243,2,evaluation-2d-08,5000,slab_clutter,99,374.0,2151.815810534264,0.8872452278941361,175.0,0.027680291008437052,2002.1677045583863,0.9535606357334506,1.2672192819882184,1.285690974920772,1.285690974920772,8,0.9494620072226373,0.9494620072226373,1,0.0352573586357428,9472,3360,20080035,35,1,3215
2570,3365,SC-RRT,5000,15901,1021,2,evaluation-2d-08,5000,slab_clutter,99,166.0,2118.9607840466465,0.9010021910635084,117.0,0.014163840998662636,2014.065730700609,0.947927508075693,1.3033044509938918,1.2854767715758577,1.2854767715758577,8,0.9496137232266118,0.9496137232266118,1,0.029891691426242893,9411,3351,20080036,36,1,3367
2570,3492,SC-RRT-fixed-matched,5000,15871,1016,2,evaluation-2d-08,5000,slab_clutter,99,166.0,2118.9607840466465,0.9010021910635084,117.0,0.013875361997634172,2014.281961199892,0.9478257493138595,1.328545658994699,1.5,1.5,8,0.8,0.8,1,0.0,9062,3168,20080036,36,1,3494
2570,3322,SC-RRT-fixed-matched,5000,15283,1245,2,evaluation-2d-08,5000,slab_clutter,99,532.0,2249.455955946483,0.8487333589069392,269.0,0.04100879200268537,2047.8157097597855,0.9323047479832213,1.3400617389997933,1.5,1.5,8,0.8,0.8,1,0.0,8639,3237,20080037,37,1,3324
2570,3153,SC-RRT,5000,14900,1227,2,evaluation-2d-08,5000,slab_clutter,99,532.0,2249.455955946483,0.8487333589069392,269.0,0.040189594990806654,2008.189184652431,0.9507014198635436,1.1782840999949258,1.2887040083572132,1.2887040083572132,8,0.9473274253687978,0.9473274253687978,1,0.06875186474124016,8749,3198,20080037,37,1,3155
2564,3854,SC-RRT,5000,20380,835,2,evaluation-2d-08,5000,slab_clutter,99,180.0,2187.520339810379,0.8727636833626756,124.0,0.014735944016138092,2052.4723455494536,0.9301895410885949,1.6090838230156805,1.304190794419962,1.304190794419962,8,0.9363436368003434,0.9363436368003434,1,0.021073941962016892,12832,3707,20080038,38,1,3856
2564,3872,SC-RRT-fixed-matched,5000,17741,810,2,evaluation-2d-08,5000,slab_clutter,99,180.0,2187.520339810379,0.8727636833626756,124.0,0.014537819020915776,2026.0826799080232,0.9423052317343478,1.546825223020278,1.5,1.5,8,0.8,0.8,1,0.0,10217,3607,20080038,38,1,3874
2564,3711,SC-RRT-fixed-matched,5000,17578,844,2,evaluation-2d-08,5000,slab_clutter,99,203.0,2117.3187404318223,0.9017009450425512,140.0,0.016772788017988205,2035.8804326237228,0.937770351642522,1.406963147019269,1.5,1.5,8,0.8,0.8,1,0.0,10395,3701,20080039,39,1,3713
2564,3633,SC-RRT,5000,17756,835,2,evaluation-2d-08,5000,slab_clutter,99,203.0,2117.3187404318223,0.9017009450425512,140.0,0.016291414998704568,2039.2965937241715,0.9361994302737058,1.354127675993368,1.2850922788620611,1.2850922788620611,8,0.9498860393234958,0.9498860393234958,1,0.02926985032942838,10798,3668,20080039,39,1,3635
2561,3459,SC-RRT,5000,15676,1033,2,evaluation-2d-08,5000,slab_clutter,99,425.0,2384.876499496817,0.8005396965446623,238.0,0.032295747980242595,2003.59376915217,0.9528819357486624,1.2707259189919569,1.285597353851438,1.285597353851438,8,0.9495283177897226,0.9495283177897226,1,0.0396893039045984,8965,3017,20080040,40,1,3461
2561,3592,SC-RRT-fixed-matched,5000,15798,1027,2,evaluation-2d-08,5000,slab_clutter,99,425.0,2384.876499496817,0.8005396965446623,238.0,0.03184884999063797,1980.0890082167878,0.9641931758022532,1.2985375150165055,1.5,1.5,8,0.8,0.8,1,0.0,8727,3091,20080040,40,1,3594
2555,3740,SC-RRT-fixed-matched,5000,17558,898,2,evaluation-2d-08,5000,slab_clutter,99,166.0,2123.7639203515027,0.8989644710075354,108.0,0.014000782975926995,2015.063210241708,0.947458273020959,1.4555788369907532,1.5,1.5,8,0.8,0.8,1,0.0,10173,3641,20080041,41,1,3742
2555,3564,SC-RRT,5000,16874,901,2,evaluation-2d-08,5000,slab_clutter,99,166.0,2123.7639203515027,0.8989644710075354,108.0,0.014302568015409634,1999.053282645458,0.9550462340239093,1.3112082980223931,1.2919981285336346,1.2919981285336346,8,0.9449926905548622,0.9449926905548622,1,0.02907287958054222,9960,3442,20080041,41,1,3566
2562,2578,SC-RRT,5000,12531,1723,2,evaluation-2d-08,5000,slab_clutter,99,1563.0,2365.671706143518,0.8070385693186516,528.0,0.1197676970041357,2027.8580915902687,0.9414802333167562,0.974440430989489,1.2557397879303993,1.2557397879303993,8,0.95,0.95,1,0.19969643300142742,7383,2700,20080042,42,1,2580
2562,2666,SC-RRT-fixed-matched,5000,11788,1868,2,evaluation-2d-08,5000,slab_clutter,99,1563.0,2365.671706143518,0.8070385693186516,528.0,0.11809918298968114,2045.8682394798072,0.9331922126564309,0.8865338169853203,1.5,1.5,8,0.8,0.8,1,0.0,6157,2254,20080042,42,1,2668
2565,3610,SC-RRT-fixed-matched,5000,16537,973,2,evaluation-2d-08,5000,slab_clutter,99,324.0,2330.663182471932,0.8191609682437117,175.0,0.024861092009814456,1989.9709835684157,0.9594050993548268,1.3033902710012626,1.5,1.5,8,0.8,0.8,1,0.0,9467,3551,20080043,43,1,3612
2565,3566,SC-RRT,5000,16419,840,2,evaluation-2d-08,5000,slab_clutter,99,324.0,2330.663182471932,0.8191609682437117,175.0,0.024462679983116686,1977.7252726512638,0.9653455591657037,1.3913798889843747,1.2868433505168468,1.2868433505168468,8,0.9486457182139619,0.9486457182139619,1,0.05476997306359979,9706,3512,20080043,43,1,3568
2567,3157,SC-RRT,5000,14921,1275,2,evaluation-2d-08,5000,slab_clutter,99,439.0,2147.386298378782,0.8890753892977072,213.0,0.03299725500983186,2038.0186280929124,0.936786486093217,1.3228236889990512,1.285631723376466,1.285631723376466,8,0.9495039744189557,0.9495039744189557,1,0.04105349759268429,8723,2935,20080044,44,1,3159
2567,3267,SC-RRT-fixed-matched,5000,15316,1226,2,evaluation-2d-08,5000,slab_clutter,99,439.0,2147.386298378782,0.8890753892977072,213.0,0.033440550992963836,2049.5752916697584,0.9315043545671802,1.2729201299953274,1.5,1.5,8,0.8,0.8,1,0.0,8870,3296,20080044,44,1,3269
2560,3473,SC-RRT-fixed-matched,5000,15973,1081,2,evaluation-2d-08,5000,slab_clutter,99,372.0,2208.43090351435,0.864499906320602,192.0,0.025384830019902438,2052.2355718043377,0.9302968603770514,1.205858427012572,1.5,1.5,8,0.8,0.8,1,0.0,9140,3102,20080045,45,1,3475
2560,3426,SC-RRT,5000,15671,1045,2,evaluation-2d-08,5000,slab_clutter,99,372.0,2208.43090351435,0.864499906320602,192.0,0.02545211699907668,2035.6049170928309,0.9378972772036257,1.224679246020969,1.2861442581043572,1.2861442581043572,8,0.9491409394138289,0.9491409394138289,1,0.054241208177822645,9025,3005,20080045,45,1,3428
2560,3255,SC-RRT,5000,14864,1188,2,evaluation-2d-08,5000,slab_clutter,99,421.0,2308.4923627283742,0.827028211151297,207.0,0.029157362994737923,2033.1459106628904,0.9390316254189564,1.0804851579887327,1.2875083105465674,1.2875083105465674,8,0.9481746283748523,0.9481746283748523,1,0.05246875640339724,8502,2940,20080046,46,1,3257
2560,3315,SC-RRT-fixed-matched,5000,14994,1189,2,evaluation-2d-08,5000,slab_clutter,99,421.0,2308.4923627283742,0.827028211151297,207.0,0.031925397022860125,2041.5676311954915,0.9351580031104357,1.1090805790154263,1.5,1.5,8,0.8,0.8,1,0.0,8443,2897,20080046,46,1,3317
2560,3390,SC-RRT-fixed-matched,5000,15784,1052,2,evaluation-2d-08,5000,slab_clutter,99,191.0,2105.20281635061,0.9068904403772721,123.0,0.014767062006285414,2014.8445048174542,0.947561116820105,1.1546545829914976,1.5,1.5,8,0.8,0.8,1,0.0,9225,3014,20080047,47,1,3392
2560,3318,SC-RRT,5000,15491,1005,2,evaluation-2d-08,5000,slab_clutter,99,191.0,2105.20281635061,0.9068904403772721,123.0,0.014371183991897851,2006.006944983897,0.951735642779145,1.1744127589918207,1.285095318977934,1.285095318977934,8,0.9498838862316689,0.9498838862316689,1,0.0289174285411387,9206,2798,20080047,47,1,3320
2559,3122,SC-RRT,5000,14575,1062,2,evaluation-2d-08,5000,slab_clutter,99,254.0,2276.34282413892,0.8387086026578063,139.0,0.0184175239992328,2071.9908522928213,0.9214269971756925,1.1446691209857818,1.2883235842643008,1.2883235842643008,8,0.9475969875887544,0.9475969875887544,1,0.045067682636034646,8772,3079,20080048,48,1,3124
2559,3286,SC-RRT-fixed-matched,5000,15506,1116,2,evaluation-2d-08,5000,slab_clutter,99,254.0,2276.34282413892,0.8387086026578063,139.0,0.01802007801597938,2082.145877745286,0.9169330206926232,1.1848700109985657,1.5,1.5,8,0.8,0.8,1,0.0,9145,3331,20080048,48,1,3288
2560,3746,SC-RRT-fixed-matched,5000,17126,940,2,evaluation-2d-08,5000,slab_clutter,99,236.0,2160.5280284592354,0.8836674572397016,150.0,0.01716968699474819,2048.024368277364,0.9322097621375162,1.3207046109891962,1.5,1.5,8,0.8,0.8,1,0.0,9721,3646,20080049,49,1,3748
2560,3604,SC-RRT,5000,16589,994,2,evaluation-2d-08,5000,slab_clutter,99,236.0,2160.5280284592354,0.8836674572397016,150.0,0.016617979999864474,2033.875659802777,0.9386947033865436,1.3014568090147804,1.2912146697500226,1.2912146697500226,8,0.9455480639727057,0.9455480639727057,1,0.02266655983255444,9499,3434,20080049,49,1,3606
2561,3174,SC-RRT,5000,14525,1126,2,evaluation-2d-09,5000,uniform_clutter,99,196.0,2141.468773126453,0.8915321732272308,119.0,0.014444920001551509,2030.733909016331,0.9401469590511107,1.1134905910003,1.2852858533675735,1.2852858533675735,9,0.9497489426328807,0.9497489426328807,1,0.02968431128430277,8361,2843,20090000,0,1,3176
2561,3330,SC-RRT-fixed-matched,5000,15530,1125,2,evaluation-2d-09,5000,uniform_clutter,99,196.0,2141.468773126453,0.8915321732272308,119.0,0.015359665994765237,2008.108795740373,0.9507394784851667,1.2751744940178469,1.5,1.5,9,0.8,0.8,1,0.0,8928,3209,20090000,0,1,3332
2561,3478,SC-RRT-fixed-matched,5000,16088,1088,2,evaluation-2d-09,5000,uniform_clutter,99,277.0,2134.9591370393264,0.8942505156568299,126.0,0.01868791301967576,1958.1942750397209,0.9749738999543094,1.265863425011048,1.5,1.5,9,0.8,0.8,1,0.0,9075,3086,20090001,1,1,3480
2561,3455,SC-RRT,5000,16594,1088,2,evaluation-2d-09,5000,uniform_clutter,99,277.0,2134.9591370393264,0.8942505156568299,126.0,0.01795522097381763,1924.8680583657401,0.9918541174321452,1.4502422369841952,1.286730263206246,1.286730263206246,9,0.9487258301775355,0.9487258301775355,1,0.0480865384938195,9605,3090,20090001,1,1,3457
2557,3409,SC-RRT,5000,16495,1040,2,evaluation-2d-09,5000,uniform_clutter,99,105.0,2008.87736815772,0.9503757369493074,85.0,0.008736595016671345,1932.9992586338933,0.9876818631337485,1.2722112860064954,1.3614447178889182,1.3614447178889182,9,0.895722810019161,0.895722810019161,1,0.014208581599640436,9686,3485,20090002,2,1,3411
2557,3499,SC-RRT-fixed-matched,5000,15919,991,2,evaluation-2d-09,5000,uniform_clutter,99,105.0,2008.87736815772,0.9503757369493074,85.0,0.008757992007303983,1934.648771432394,0.9868397496203587,1.2261214269965421,1.5,1.5,9,0.8,0.8,1,0.0,8986,3206,20090002,2,1,3501
2565,3498,SC-RRT-fixed-matched,5000,16827,1040,2,evaluation-2d-09,5000,uniform_clutter,99,147.0,1996.9694104662535,0.9560428413161922,99.0,0.011201387998880818,1938.859622308873,0.9846965129585499,1.2757217549951747,1.5,1.5,9,0.8,0.8,1,0.0,9852,3706,20090003,3,1,3500
2565,3503,SC-RRT,5000,17315,1019,2,evaluation-2d-09,5000,uniform_clutter,99,147.0,1996.9694104662535,0.9560428413161922,99.0,0.011604947998421267,1941.4545410805142,0.9833803824946227,1.2991400579921901,1.3612211471862525,1.3612211471862525,9,0.8958810100912207,0.8958810100912207,1,0.014497585450684757,10333,3706,20090003,3,1,3505
2555,3233,SC-RRT,5000,15344,1231,2,evaluation-2d-09,5000,uniform_clutter,99,625.0,2071.0977232216715,0.9218243484106887,215.0,0.03733644599560648,1936.244057836906,0.9860266847437336,1.1725715459906496,1.2857112706118303,1.2857112706118303,9,0.9494476319279587,0.9494476319279587,1,0.049325683172595,8826,3063,20090004,4,1,3235
2555,3346,SC-RRT-fixed-matched,5000,15109,1219,2,evaluation-2d-09,5000,uniform_clutter,99,625.0,2071.0977232216715,0.9218243484106887,215.0,0.03752279799664393,1943.1005047074807,0.98254737960201,1.1764525560138281,1.5,1.5,9,0.8,0.8,1,0.0,8343,2772,20090004,4,1,3348
2562,2890,SC-RRT-fixed-matched,5000,13551,1718,2,evaluation-2d-09,5000,uniform_clutter,99,1302.0,2227.459514025927,0.8571147072177294,384.0,0.08448339501046576,1982.5765951169587,0.9629833792580654,0.990198479994433,1.5,1.5,9,0.8,0.8,1,0.0,7316,2724,20090005,5,1,2892
2562,2786,SC-RRT,5000,13863,1734,2,evaluation-2d-09,5000,uniform_clutter,99,1302.0,2227.459514025927,0.8571147072177294,384.0,0.08411364699713886,1947.7319688227763,0.9802110042674947,0.97388181797578,1.2975178310027002,1.2975178310027002,9,0.9410784782667116,0.9410784782667116,1,0.13653212528399222,7898,2834,20090005,5,1,2788
2565,3451,SC-RRT,5000,16052,1019,2,evaluation-2d-09,5000,uniform_clutter,99,155.0,2047.0354227532803,0.9326601230162415,103.0,0.011461375979706645,1941.2103182453918,0.983504101157541,1.2330742359918077,1.3260609852138656,1.3260609852138656,9,0.9208149961944427,0.9208149961944427,1,0.018349153708946853,9236,2771,20090006,6,1,3453
2565,3544,SC-RRT-fixed-matched,5000,16205,1031,2,evaluation-2d-09,5000,uniform_clutter,99,155.0,2047.0354227532803,0.9326601230162415,103.0,0.011789212992880493,1938.008341496513,0.9851290463122672,1.1995139420032501,1.5,1.5,9,0.8,0.8,1,0.0,9104,3205,20090006,6,1,3546
2560,3316,SC-RRT-fixed-matched,5000,15953,1177,2,evaluation-2d-09,5000,uniform_clutter,99,418.0,2434.260689903639,0.7842990346606032,130.0,0.023364435008261353,2024.45716347352,0.9430618457384072,1.1549580720020458,1.5,1.5,9,0.8,0.8,1,0.0,9222,3402,20090007,7,1,3318
2560,3218,SC-RRT,5000,16424,1153,2,evaluation-2d-09,5000,uniform_clutter,99,418.0,2434.260689903639,0.7842990346606032,130.0,0.023867673007771373,1980.6827156481613,0.963904159974917,1.2442262489930727,1.287444325015194,1.287444325015194,9,0.9482199607956703,0.9482199607956703,1,0.08673454873802872,10007,3857,20090007,7,1,3220
2562,3249,SC-RRT,5000,15369,1143,2,evaluation-2d-09,5000,uniform_clutter,99,207.0,2138.188389996811,0.8928999512557103,119.0,0.016700612992281094,1981.8037986947165,0.9633588907545413,1.152018174994737,1.2850439492724228,1.2850439492724228,9,0.9499202675024709,0.9499202675024709,1,0.0399736487242921,8979,3247,20090008,8,1,3251
2562,3381,SC-RRT-fixed-matched,5000,15411,1131,2,evaluation-2d-09,5000,uniform_clutter,99,207.0,2138.188389996811,0.8928999512557103,119.0,0.014501380996080115,2004.1752426643523,0.9526054750908917,1.1708279529993888,1.5,1.5,9,0.8,0.8,1,0.0,8662,2953,20090008,8,1,3383
2562,3437,SC-RRT-fixed-matched,5000,15788,986,2,evaluation-2d-09,5000,uniform_clutter,99,149.0,2087.2423516180907,0.9146941215157024,99.0,0.011258270998951048,1945.5405017490034,0.9813151191082143,1.1740731559984852,1.5,1.5,9,0.8,0.8,1,0.0,9100,3226,20090009,9,1,3439
2562,3403,SC-RRT,5000,16072,970,2,evaluation-2d-09,5000,uniform_clutter,99,149.0,2087.2423516180907,0.9146941215157024,99.0,0.011789862997829914,1969.549039247002,0.9693530199855289,1.2442040030146018,1.2854272620716494,1.2854272620716494,9,0.9496487891247378,0.9496487891247378,1,0.02505815359352769,9459,3195,20090009,9,1,3405
2558,3428,SC-RRT,5000,16695,1090,2,evaluation-2d-09,5000,uniform_clutter,99,142.0,2023.1722250330897,0.943660794459776,96.0,0.011058667005272582,1963.801645115329,0.9721899938074228,1.2346838320081588,1.3735591885944356,1.3735591885944356,9,0.8871604631104388,0.8871604631104388,1,0.011013113073367234,9782,3277,20090010,10,1,3430
2558,3474,SC-RRT-fixed-matched,5000,15677,1105,2,evaluation-2d-09,5000,uniform_clutter,99,142.0,2023.1722250330897,0.943660794459776,96.0,0.010508728999411687,1932.1625375547233,0.9881095777893922,1.1677131980250124,1.5,1.5,9,0.8,0.8,1,0.0,8627,2793,20090010,10,1,3476
2562,3297,SC-RRT-fixed-matched,5000,15342,1275,2,evaluation-2d-09,5000,uniform_clutter,99,718.0,2294.34967726724,0.83212612624841,206.0,0.040246581978863105,2003.9971126235723,0.9526901496899997,1.243011876998935,1.5,1.5,9,0.8,0.8,1,0.0,8591,3296,20090011,11,1,3299
2562,3174,SC-RRT,5000,15609,1396,2,evaluation-2d-09,5000,uniform_clutter,99,718.0,2294.34967726724,0.83212612624841,206.0,0.04530961700947955,2000.4566945474035,0.954376225392685,1.2994936990144197,1.2856054152938599,1.2856054152938599,9,0.9495226080137573,0.9495226080137573,1,0.07168560843021357,8938,3577,20090011,11,1,3176
2558,3153,SC-RRT,5000,14823,1059,2,evaluation-2d-09,5000,uniform_clutter,99,237.0,2290.991464141129,0.8333458849963087,130.0,0.018786547996569425,1969.8185267585575,0.9692204044528663,1.2687439180153888,1.2852546381488639,1.2852546381488639,9,0.949771050693057,0.949771050693057,1,0.06270403063768211,8850,3333,20090012,12,1,3155
2558,3329,SC-RRT-fixed-matched,5000,15568,1119,2,evaluation-2d-09,5000,uniform_clutter,99,237.0,2290.991464141129,0.8333458849963087,130.0,0.01746527900104411,1990.0649867742013,0.9593597806563995,1.3309547679964453,1.5,1.5,9,0.8,0.8,1,0.0,8990,3342,20090012,12,1,3331
2562,3596,SC-RRT-fixed-matched,5000,16709,958,2,evaluation-2d-09,5000,uniform_clutter,99,176.0,2271.208256892349,0.8406046884559959,128.0,0.01572015800047666,1952.8605730946642,0.9776367732071218,1.4201292700017802,1.5,1.5,9,0.8,0.8,1,0.0,9675,3648,20090013,13,1,3598
2562,3420,SC-RRT,5000,15883,980,2,evaluation-2d-09,5000,uniform_clutter,99,176.0,2271.208256892349,0.8406046884559959,128.0,0.015449005994014442,1938.5603110941568,0.9848485488316324,1.3863222189829685,1.2898467024173668,1.2898467024173668,9,0.9465176464913934,0.9465176464913934,1,0.08555373337279731,9306,3239,20090013,13,1,3422
2564,3423,SC-RRT,5000,16503,985,2,evaluation-2d-09,5000,uniform_clutter,99,150.0,2067.1239604602997,0.9235964294945075,105.0,0.012698062986601144,1948.976813207051,0.9795849269556468,1.4118481809855439,1.3057044700897782,1.3057044700897782,9,0.9352692597348335,0.9352692597348335,1,0.0189901495078944,9837,3435,20090014,14,1,3425
2564,3502,SC-RRT-fixed-matched,5000,16243,1011,2,evaluation-2d-09,5000,uniform_clutter,99,150.0,2067.1239604602997,0.9235964294945075,105.0,0.012760105018969625,1951.7229923599987,0.9782065983119418,1.2087991000153124,1.5,1.5,9,0.8,0.8,1,0.0,9358,3586,20090014,14,1,3504
2565,3316,SC-RRT-fixed-matched,5000,16169,1270,2,evaluation-2d-09,5000,uniform_clutter,99,391.0,2316.319650586514,0.8242335243843628,149.0,0.03587184997741133,2006.8824942574645,0.9513204259176457,1.1881795209774282,1.5,1.5,9,0.8,0.8,1,0.0,9345,3683,20090015,15,1,3318
2565,3259,SC-RRT,5000,16281,1160,2,evaluation-2d-09,5000,uniform_clutter,99,391.0,2316.319650586514,0.8242335243843628,149.0,0.023429112014127895,2001.2372100569435,0.9540040029284454,1.2621129030012526,1.2715575062852744,1.2715575062852744,9,0.95,0.95,1,0.061852208513536955,9810,3132,20090015,15,1,3261
2560,3321,SC-RRT,5000,17827,1181,2,evaluation-2d-09,5000,uniform_clutter,99,277.0,2186.512993245108,0.873165773586445,140.0,0.01849134298390709,1943.4439218224736,0.9823737581341313,1.306859178992454,1.2855233394315693,1.2855233394315693,9,0.9495807405553653,0.9495807405553653,1,0.03190472463841741,11058,3668,20090016,16,1,3323
2560,3388,SC-RRT-fixed-matched,5000,16847,1173,2,evaluation-2d-09,5000,uniform_clutter,99,277.0,2186.512993245108,0.873165773586445,140.0,0.018882786011090502,1939.6770334495427,0.984281545989312,1.2895810260088183,1.5,1.5,9,0.8,0.8,1,0.0,9968,3638,20090016,16,1,3390
2562,3386,SC-RRT-fixed-matched,5000,15752,1117,2,evaluation-2d-09,5000,uniform_clutter,99,289.0,2184.4008848841595,0.8740100420280337,147.0,0.019609256996773183,1951.8441403992872,0.978145882495063,1.2580704689898994,1.5,1.5,9,0.8,0.8,1,0.0,9019,3330,20090017,17,1,3388
2562,3253,SC-RRT,5000,15879,1151,2,evaluation-2d-09,5000,uniform_clutter,99,289.0,2184.4008848841595,0.8740100420280337,147.0,0.021511510014533997,1954.090205139255,0.9770215848697851,1.3140926280175336,1.2861185463834515,1.2861185463834515,9,0.9491591520289829,0.9491591520289829,1,0.0660908357710929,9428,3464,20090017,17,1,3255
2559,2879,SC-RRT,5000,14050,1670,2,evaluation-2d-09,5000,uniform_clutter,99,914.0,2194.9269175188806,0.869818623101038,211.0,0.0554940500005614,1948.468372751786,0.9798405434250732,1.160656633990584,1.2906757028646352,1.2906757028646352,9,0.9459300914178701,0.9459300914178701,1,0.09983815057649631,7729,2461,20090018,18,1,2881
2559,2911,SC-RRT-fixed-matched,5000,13310,1723,2,evaluation-2d-09,5000,uniform_clutter,99,914.0,2194.9269175188806,0.869818623101038,211.0,0.05266028601909056,2046.2282302619217,0.9330280371311748,1.0813368340022862,1.5,1.5,9,0.8,0.8,1,0.0,6856,1967,20090018,18,1,2913
2563,3425,SC-RRT-fixed-matched,5000,16190,1205,2,evaluation-2d-09,5000,uniform_clutter,99,346.0,2280.1004671465944,0.8373263971095581,140.0,0.024427113006822765,2012.8087772726374,0.9485194673041096,1.406506333994912,1.5,1.5,9,0.8,0.8,1,0.0,9148,3309,20090019,19,1,3427
2563,3404,SC-RRT,5000,16158,1219,2,evaluation-2d-09,5000,uniform_clutter,99,346.0,2280.1004671465944,0.8373263971095581,140.0,0.023277575994143263,2024.0658810363698,0.9432441538049782,1.355614883999806,1.2869839731303099,1.2869839731303099,9,0.9485460981624592,0.9485460981624592,1,0.05062870397528985,9093,3001,20090019,19,1,3406
2564,3253,SC-RRT,5000,15584,1120,2,evaluation-2d-09,5000,uniform_clutter,99,457.0,2379.5060862488954,0.8023464702346543,209.0,0.03420341599849053,1975.2838823037744,0.9665386966945689,1.2902185929997358,1.286724391629845,1.286724391629845,9,0.9487299896131938,0.9487299896131938,1,0.08118162951503108,9222,3488,20090020,20,1,3255
2564,3385,SC-RRT-fixed-matched,5000,15620,1146,2,evaluation-2d-09,5000,uniform_clutter,99,457.0,2379.5060862488954,0.8023464702346543,209.0,0.03548727501765825,2011.5321664042747,0.9491214414017839,1.2988062310032547,1.5,1.5,9,0.8,0.8,1,0.0,8882,3229,20090020,20,1,3387
2560,3594,SC-RRT-fixed-matched,5000,16900,1055,2,evaluation-2d-09,5000,uniform_clutter,99,236.0,2148.6814131166734,0.8885395003414633,142.0,0.018806618987582624,1998.993450589487,0.9550748196001713,1.473388476006221,1.5,1.5,9,0.8,0.8,1,0.0,9648,3375,20090021,21,1,3596
2560,3542,SC-RRT,5000,17573,1039,2,evaluation-2d-09,5000,uniform_clutter,99,236.0,2148.6814131166734,0.8885395003414633,142.0,0.018701157998293638,1986.4770568646225,0.9610925545835733,1.5298897309985477,1.2853099786230198,1.2853099786230198,9,0.9497318559394402,0.9497318559394402,1,0.03378936798133737,10465,3306,20090021,21,1,3544
2559,3225,SC-RRT,5000,14857,1200,2,evaluation-2d-09,5000,uniform_clutter,99,424.0,2340.5345917962186,0.8157060852232446,201.0,0.03158386601717211,1964.3142281951016,0.9719363031636362,1.2881851459969766,1.2859610251656337,1.2859610251656337,9,0.9492707289156221,0.9492707289156221,1,0.05085139809343799,8527,3085,20090022,22,1,3227
2559,3352,SC-RRT-fixed-matched,5000,15532,1239,2,evaluation-2d-09,5000,uniform_clutter,99,424.0,2340.5345917962186,0.8157060852232446,201.0,0.036377885000547394,1953.0392497511102,0.9775473326749474,1.3440776719944552,1.5,1.5,9,0.8,0.8,1,0.0,8810,3236,20090022,22,1,3354
2566,3406,SC-RRT-fixed-matched,5000,16103,1181,2,evaluation-2d-09,5000,uniform_clutter,99,313.0,2329.2640595118705,0.819653015040199,157.0,0.02481318000354804,1975.875655497516,0.9662492191204987,1.3798488120082766,1.5,1.5,9,0.8,0.8,1,0.0,9152,2880,20090023,23,1,3408
2566,3193,SC-RRT,5000,15703,1180,2,evaluation-2d-09,5000,uniform_clutter,99,313.0,2329.2640595118705,0.819653015040199,157.0,0.02410447600414045,1995.4423427834502,0.9567744796577505,1.330769546009833,1.2859896295047222,1.2859896295047222,9,0.9492504678222927,0.9492504678222927,1,0.03886175423064772,9349,3055,20090023,23,1,3195
2563,3329,SC-RRT,5000,15823,1157,2,evaluation-2d-09,5000,uniform_clutter,99,180.0,2106.317489329072,0.9064105097526463,123.0,0.015094105998286977,1930.3804568273363,0.9890217767442133,1.2959977310092654,1.2847133001249527,1.2847133001249527,9,0.95,0.95,1,0.041225051093990675,9238,3221,20090024,24,1,3331
2563,3406,SC-RRT-fixed-matched,5000,15534,1175,2,evaluation-2d-09,5000,uniform_clutter,99,180.0,2106.317489329072,0.9064105097526463,123.0,0.014394577010534704,1968.0692264020781,0.9700818871569661,1.1794692050025333,1.5,1.5,9,0.8,0.8,1,0.0,8713,3106,20090024,24,1,3408
2565,3224,SC-RRT-fixed-matched,5000,14478,1258,2,evaluation-2d-09,5000,uniform_clutter,99,377.0,2514.7509734130185,0.7591957730162557,193.0,0.02597848602454178,2008.5846523252962,0.950514237472367,1.0607369290082715,1.5,1.5,9,0.8,0.8,1,0.0,8055,2807,20090025,25,1,3226
2565,3095,SC-RRT,5000,13901,1185,2,evaluation-2d-09,5000,uniform_clutter,99,377.0,2514.7509734130185,0.7591957730162557,193.0,0.025534029002301395,2012.3604632862862,0.9487307786229697,1.0184387260233052,1.2887125388250873,1.2887125388250873,9,0.9473213806567666,0.9473213806567666,1,0.07480297731535623,7959,2616,20090025,25,1,3097
2561,3411,SC-RRT,5000,17162,1112,2,evaluation-2d-09,5000,uniform_clutter,99,569.0,2236.48871067667,0.8536543466951085,232.0,0.03730252099921927,1933.9343680494997,0.9872042923200236,1.3299549590155948,1.286844581637676,1.286844581637676,9,0.9486448460706935,0.9486448460706935,1,0.05399716634618545,10357,3959,20090026,26,1,3413
2561,3425,SC-RRT-fixed-matched,5000,15937,1192,2,evaluation-2d-09,5000,uniform_clutter,99,569.0,2236.48871067667,0.8536543466951085,232.0,0.03856914199423045,1939.3686512079544,0.9844380582384489,1.202726369985612,1.5,1.5,9,0.8,0.8,1,0.0,8972,3049,20090026,26,1,3427
2564,3104,SC-RRT-fixed-matched,5000,14107,1337,2,evaluation-2d-09,5000,uniform_clutter,99,403.0,2313.6554573659964,0.8251826360426251,180.0,0.027006669028196484,1995.5109514061326,0.9567415843337631,1.0305379740020726,1.5,1.5,9,0.8,0.8,1,0.0,7854,2770,20090027,27,1,3106
2564,3134,SC-RRT,5000,14391,1263,2,evaluation-2d-09,5000,uniform_clutter,99,403.0,2313.6554573659964,0.8251826360426251,180.0,0.0266469229827635,1929.652095603926,0.9893950902098531,1.1696674409904517,1.2925025149726925,1.2925025149726925,9,0.9446351156163999,0.9446351156163999,1,0.09068043661273192,8166,2603,20090027,27,1,3136
2560,3135,SC-RRT,5000,14882,1367,2,evaluation-2d-09,5000,uniform_clutter,99,903.0,2218.8279594859378,0.8604490046384681,301.0,0.055474712018622085,1956.1855696516934,0.9759750500273943,1.1518844240054023,1.2921179571391777,1.2921179571391777,9,0.9449077424065261,0.9449077424065261,1,0.11623363904704326,8432,2866,20090028,28,1,3137
2560,3179,SC-RRT-fixed-matched,5000,14607,1441,2,evaluation-2d-09,5000,uniform_clutter,99,903.0,2218.8279594859378,0.8604490046384681,301.0,0.055814068007748574,1945.9397877143383,0.981113763774866,1.0971965120115783,1.5,1.5,9,0.8,0.8,1,0.0,7918,2725,20090028,28,1,3181
2559,3175,SC-RRT-fixed-matched,5000,14309,1344,2,evaluation-2d-09,5000,uniform_clutter,99,450.0,2327.7834355537834,0.8201743684757682,144.0,0.029576005996204913,1967.2811994215808,0.970470469480935,1.180473352986155,1.5,1.5,9,0.8,0.8,1,0.0,7686,2675,20090029,29,1,3177
2559,3113,SC-RRT,5000,15693,1362,2,evaluation-2d-09,5000,uniform_clutter,99,450.0,2327.7834355537834,0.8201743684757682,144.0,0.026121639006305486,2025.2398682232092,0.942697375831661,1.2393266669823788,1.2858050132355943,1.2858050132355943,9,0.9493812341139247,0.9493812341139247,1,0.03988366912471666,9175,2788,20090029,29,1,3115
2564,3455,SC-RRT,5000,16653,1034,2,evaluation-2d-09,5000,uniform_clutter,99,149.0,2054.2363639651335,0.929390766658672,108.0,0.011402221978642046,1954.578952194307,0.9767772783290892,1.2058039819821715,1.2857343723253907,1.2857343723253907,9,0.9494312690933453,0.9494312690933453,1,0.027117544446892877,9838,3320,20090030,30,1,3457
2564,3501,SC-RRT-fixed-matched,5000,16436,1134,2,evaluation-2d-09,5000,uniform_clutter,99,149.0,2054.2363639651335,0.929390766658672,108.0,0.011885130981681868,1948.5660268243203,0.9797914378683806,1.24458290199982,1.5,1.5,9,0.8,0.8,1,0.0,9302,3268,20090030,30,1,3503
2571,3387,SC-RRT-fixed-matched,5000,15166,1137,2,evaluation-2d-09,5000,uniform_clutter,99,420.0,2228.5449077691364,0.8566972568279331,195.0,0.02754572799312882,2017.1175393598528,0.9464933361342807,1.113682647002861,1.5,1.5,9,0.8,0.8,1,0.0,8442,3021,20090031,31,1,3389
2571,3294,SC-RRT,5000,15388,1087,2,evaluation-2d-09,5000,uniform_clutter,99,420.0,2228.5449077691364,0.8566972568279331,195.0,0.028052015986759216,1983.5137264089165,0.9625284079380677,1.1541555709845852,1.289037541587608,1.289037541587608,9,0.9470910775386177,0.9470910775386177,1,0.06793811841807482,8998,3271,20090031,31,1,3296
2561,3284,SC-RRT,5000,16312,1191,2,evaluation-2d-09,5000,uniform_clutter,99,321.0,2022.574378081498,0.9439397284438205,164.0,0.022009483975125477,1938.243729570183,0.9850094082992608,1.1479265459929593,1.3076005558285249,1.3076005558285249,9,0.9339233124727265,0.9339233124727265,1,0.023623479813623133,9686,2789,20090032,32,1,3286
2561,3387,SC-RRT-fixed-matched,5000,15566,1134,2,evaluation-2d-09,5000,uniform_clutter,99,321.0,2022.574378081498,0.9439397284438205,164.0,0.021413303998997435,1958.3508937610009,0.974895926611545,1.1146398519922514,1.5,1.5,9,0.8,0.8,1,0.0,8774,2844,20090032,32,1,3389
2555,2990,SC-RRT-fixed-matched,5000,13597,1642,2,evaluation-2d-09,5000,uniform_clutter,99,893.0,2108.256552612401,0.9055768411287273,313.0,0.058873517002211884,1946.772876615018,0.9806939125448005,1.0056155280035455,1.5,1.5,9,0.8,0.8,1,0.0,7269,2510,20090033,33,1,2992
2555,2873,SC-RRT,5000,15255,1665,2,evaluation-2d-09,5000,uniform_clutter,99,893.0,2108.256552612401,0.9055768411287273,313.0,0.05783273099223152,1986.0754235944078,0.9612869111226506,1.0791504579829052,1.2880487301920045,1.2880487301920045,9,0.9477917356948248,0.9477917356948248,1,0.06542204406950028,9189,3269,20090033,33,1,2875
2567,3424,SC-RRT,5000,16698,1036,2,evaluation-2d-09,5000,uniform_clutter,99,186.0,2148.609791306666,0.8885691189383509,116.0,0.014005150005687028,1937.6635363735513,0.9853043489566996,1.3495719339989591,1.287238538240141,1.287238538240141,9,0.9483657536125805,0.9483657536125805,1,0.06991594685420462,9965,3533,20090034,34,1,3426
2567,3455,SC-RRT-fixed-matched,5000,16618,1036,2,evaluation-2d-09,5000,uniform_clutter,99,186.0,2148.609791306666,0.8885691189383509,116.0,0.014082292997045442,1936.1298347849292,0.9860848559341354,1.2844973180035595,1.5,1.5,9,0.8,0.8,1,0.0,9816,3673,20090034,34,1,3457
2556,3181,SC-RRT-fixed-matched,5000,14978,1395,2,evaluation-2d-09,5000,uniform_clutter,99,701.0,2108.7478687456937,0.9053658512239703,190.0,0.03867785699549131,2000.4707638142715,0.9543695132856898,1.1434529480175115,1.5,1.5,9,0.8,0.8,1,0.0,8278,2669,20090035,35,1,3183
2556,3160,SC-RRT,5000,15418,1336,2,evaluation-2d-09,5000,uniform_clutter,99,701.0,2108.7478687456937,0.9053658512239703,190.0,0.04057841602480039,1952.5730864125053,0.9777807153490277,1.1280822010012344,1.2886522417185513,1.2886522417185513,9,0.9473641071921116,0.9473641071921116,1,0.06034995467175229,8878,3057,20090035,35,1,3162
2553,3500,SC-RRT,5000,17667,1091,2,evaluation-2d-09,5000,uniform_clutter,99,323.0,2171.325840051549,0.8792730570361343,162.0,0.02078718299162574,1954.3481459123313,0.9768926346090853,1.3027107949892525,1.349856740052215,1.349856740052215,9,0.9039298146702271,0.9039298146702271,1,0.019660038472036973,10613,3627,20090036,36,1,3502
2553,3496,SC-RRT-fixed-matched,5000,16007,1102,2,evaluation-2d-09,5000,uniform_clutter,99,323.0,2171.325840051549,0.8792730570361343,162.0,0.023896902974229306,1972.4096556087065,0.9679471522433216,1.1801752829924226,1.5,1.5,9,0.8,0.8,1,0.0,8990,3172,20090036,36,1,3498
2559,3396,SC-RRT-fixed-matched,5000,15550,1176,2,evaluation-2d-09,5000,uniform_clutter,99,366.0,2268.9620377491733,0.8414368673605517,166.0,0.024053422996075824,2025.9559240048823,0.942364187977802,1.209736454009544,1.5,1.5,9,0.8,0.8,1,0.0,8723,3087,20090037,37,1,3398
2559,3362,SC-RRT,5000,15859,1156,2,evaluation-2d-09,5000,uniform_clutter,99,366.0,2268.9620377491733,0.8414368673605517,166.0,0.025799844006542116,2001.8416664720792,0.9537159412653812,1.2552971050026827,1.2873551851643112,1.2873551851643112,9,0.9482831138318957,0.9482831138318957,1,0.04754826501174172,9150,3185,20090037,37,1,3364
2564,3493,SC-RRT,5000,16649,894,2,evaluation-2d-09,5000,uniform_clutter,99,197.0,2021.495117282204,0.9444436906533237,105.0,0.01472853499581106,1942.6607919811393,0.9827697748800883,1.3818556909973267,1.3575522340587078,1.3575522340587078,9,0.8984779981316303,0.8984779981316303,1,0.0140956658880754,9977,3506,20090038,38,1,3495
2564,3564,SC-RRT-fixed-matched,5000,16807,916,2,evaluation-2d-09,5000,uniform_clutter,99,197.0,2021.495117282204,0.9444436906533237,105.0,0.014784355997107923,1954.3471550759912,0.9768931298848198,1.3582354400132317,1.5,1.5,9,0.8,0.8,1,0.0,9911,3849,20090038,38,1,3566
2557,3488,SC-RRT-fixed-matched,5000,16262,1068,2,evaluation-2d-09,5000,uniform_clutter,99,286.0,2203.752012242742,0.8663353674085642,128.0,0.019256469007814303,2031.770226681719,0.9396674309583515,1.3603745019936468,1.5,1.5,9,0.8,0.8,1,0.0,9265,3132,20090039,39,1,3490
2557,3385,SC-RRT,5000,16799,1104,2,evaluation-2d-09,5000,uniform_clutter,99,286.0,2203.752012242742,0.8663353674085642,128.0,0.020142346009379253,1995.01832149646,0.9569778325502291,1.4303164730081335,1.2849214811209708,1.2849214811209708,9,0.95,0.95,1,0.03596641095347428,10000,3504,20090039,39,1,3387
2563,3344,SC-RRT,5000,15639,1080,2,evaluation-2d-09,5000,uniform_clutter,99,381.0,2090.128088782934,0.9134312482807618,141.0,0.02551101698190905,1955.502742468102,0.976315843359049,1.2958145519951358,1.286237901588671,1.286237901588671,9,0.9490746074860412,0.9490746074860412,1,0.03871512566363021,9029,3030,20090040,40,1,3346
2563,3364,SC-RRT-fixed-matched,5000,15228,1162,2,evaluation-2d-09,5000,uniform_clutter,99,381.0,2090.128088782934,0.9134312482807618,141.0,0.02466757400543429,1949.7263678919946,0.9792083343817393,1.2327163880108856,1.5,1.5,9,0.8,0.8,1,0.0,8446,2952,20090040,40,1,3366
2566,3611,SC-RRT-fixed-matched,5000,16846,974,2,evaluation-2d-09,5000,uniform_clutter,99,219.0,2332.5291461103448,0.818505660427602,124.0,0.016394250007579103,1961.0532256631652,0.9735525197476739,1.3463282349985093,1.5,1.5,9,0.8,0.8,1,0.0,9656,3418,20090041,41,1,3613
2566,3495,SC-RRT,5000,16675,1053,2,evaluation-2d-09,5000,uniform_clutter,99,219.0,2332.5291461103448,0.818505660427602,124.0,0.016407262010034174,2010.757049660149,0.9494873135102834,1.345013985002879,1.3379791172453794,1.3379791172453794,9,0.9123542424143581,0.9123542424143581,1,0.017569457206842592,9663,3250,20090041,41,1,3497
2564,3472,SC-RRT,5000,17394,999,2,evaluation-2d-09,5000,uniform_clutter,99,297.0,2298.0969196184556,0.8307692738740774,156.0,0.022419435990741476,1987.0509358845718,0.9608149820043583,1.446589815983316,1.2856279077017556,1.2856279077017556,9,0.9495066770050572,0.9495066770050572,1,0.070981610349326,10633,3820,20090042,42,1,3474
2564,3563,SC-RRT-fixed-matched,5000,17079,957,2,evaluation-2d-09,5000,uniform_clutter,99,297.0,2298.0969196184556,0.8307692738740774,156.0,0.02155426802346483,2002.3704551287262,0.9534640826894054,1.367748393007787,1.5,1.5,9,0.8,0.8,1,0.0,10167,3482,20090042,42,1,3565
2559,3484,SC-RRT-fixed-matched,5000,16236,1043,2,evaluation-2d-09,5000,uniform_clutter,99,159.0,2066.8144615612787,0.9237347351254117,108.0,0.013535340985981748,1979.2405482752913,0.9646065056960073,1.2884930660075042,1.5,1.5,9,0.8,0.8,1,0.0,9310,3424,20090043,43,1,3486
2559,3441,SC-RRT,5000,16158,991,2,evaluation-2d-09,5000,uniform_clutter,99,159.0,2066.8144615612787,0.9237347351254117,108.0,0.012848242011386901,1948.4418785508717,0.9798538669388549,1.333513721008785,1.2795761525992435,1.2795761525992435,9,0.95,0.95,1,0.036650727490420476,9425,3422,20090043,43,1,3443
2563,3189,SC-RRT,5000,15032,1209,2,evaluation-2d-09,5000,uniform_clutter,99,372.0,2218.5661361008433,0.8605505502572485,143.0,0.024267714994493872,1967.2136318482642,0.9705038020755941,1.2070205689815339,1.2860592074709432,1.2860592074709432,9,0.9492011838273394,0.9492011838273394,1,0.04324115164513031,8765,3159,20090044,44,1,3191
2563,3237,SC-RRT-fixed-matched,5000,14172,1200,2,evaluation-2d-09,5000,uniform_clutter,99,372.0,2218.5661361008433,0.8605505502572485,143.0,0.02348703201278113,1999.3554086959002,0.9549019153372864,1.1922708270139992,1.5,1.5,9,0.8,0.8,1,0.0,7793,2611,20090044,44,1,3239
2561,3463,SC-RRT-fixed-matched,5000,15991,1102,2,evaluation-2d-09,5000,uniform_clutter,99,200.0,2306.62314550214,0.8276984096541952,129.0,0.016669117991114035,2073.785133153625,0.9206297598924135,1.3763073699956294,1.5,1.5,9,0.8,0.8,1,0.0,9071,3178,20090045,45,1,3465
2561,3292,SC-RRT,5000,15348,1031,2,evaluation-2d-09,5000,uniform_clutter,99,200.0,2306.62314550214,0.8276984096541952,129.0,0.01694205799140036,1998.2075470701932,0.9554504545851423,1.2659627980028745,1.268890100577514,1.268890100577514,9,0.95,0.95,1,0.0677822176526995,9038,3236,20090045,45,1,3294
2564,3165,SC-RRT,5000,15222,1230,2,evaluation-2d-09,5000,uniform_clutter,99,393.0,2054.9537760104454,0.9290663038222879,156.0,0.027274346008198336,1939.228299656795,0.9845093068936581,1.249082107009599,1.3126783084502764,1.3126783084502764,9,0.9303182129471537,0.9303182129471537,1,0.019710799471934295,8913,3067,20090046,46,1,3167
2564,3190,SC-RRT-fixed-matched,5000,15014,1269,2,evaluation-2d-09,5000,uniform_clutter,99,393.0,2054.9537760104454,0.9290663038222879,156.0,0.026280694000888616,1936.198954047624,0.9860496542529992,1.1624328609905206,1.5,1.5,9,0.8,0.8,1,0.0,8628,3228,20090046,46,1,3192
2557,3493,SC-RRT-fixed-matched,5000,16093,1048,2,evaluation-2d-09,5000,uniform_clutter,99,237.0,2088.501211669766,0.9141427826499914,119.0,0.01655184300034307,1934.0391943146683,0.9871507851629677,1.333616454998264,1.5,1.5,9,0.8,0.8,1,0.0,9216,3110,20090047,47,1,3495
2557,3400,SC-RRT,5000,15851,1026,2,evaluation-2d-09,5000,uniform_clutter,99,237.0,2088.501211669766,0.9141427826499914,119.0,0.017577314982190728,1944.6745273345934,0.9817521042045255,1.2118117549980525,1.285256893276098,1.285256893276098,9,0.9497694535113173,0.9497694535113173,1,0.0341538267738656,9286,3031,20090047,47,1,3402
2567,3421,SC-RRT,5000,16190,991,2,evaluation-2d-09,5000,uniform_clutter,99,219.0,2209.432416837156,0.8641080372744405,147.0,0.016362898983061314,1950.893439737912,0.9786225481696035,1.2794071669923142,1.2871625176861605,1.2871625176861605,9,0.9484196104468421,0.9484196104468421,1,0.07515725038930524,9557,3453,20090048,48,1,3423
2567,3498,SC-RRT-fixed-matched,5000,16210,1040,2,evaluation-2d-09,5000,uniform_clutter,99,219.0,2209.432416837156,0.8641080372744405,147.0,0.016171025985386223,1952.4540687222416,0.9778403189034414,1.2616674570017494,1.5,1.5,9,0.8,0.8,1,0.0,9285,3569,20090048,48,1,3500
2560,3445,SC-RRT-fixed-matched,5000,16471,1042,2,evaluation-2d-09,5000,uniform_clutter,99,202.0,2131.8895637084615,0.8955380905766103,123.0,0.014141376013867557,1937.999400832695,0.9851335910544463,1.263327352993656,1.5,1.5,9,0.8,0.8,1,0.0,9708,3649,20090049,49,1,3447
2560,3339,SC-RRT,5000,15670,1041,2,evaluation-2d-09,5000,uniform_clutter,99,202.0,2131.8895637084615,0.8955380905766103,123.0,0.014345125004183501,1936.93814151835,0.9856733512961241,1.2715322980075143,1.2854020862708644,1.2854020862708644,9,0.949666620186141,0.949666620186141,1,0.03263353463514157,9191,3023,20090049,49,1,3341
2567,3575,SC-RRT,5000,10144,258,3,evaluation-3d-00,5000,uniform_clutter,99,192.0,2637.2026692746344,0.8866472863312881,145.0,0.018324188014958054,2505.4444185397433,0.9332749802451435,0.9957429050118662,1.3079680619185585,1.3079680619185585,0,0.9336624194015528,0.9336624194015528,1,0.020660679361616526,4866,888,30000000,0,1,3577
2567,3634,SC-RRT-fixed-matched,5000,9765,264,3,evaluation-3d-00,5000,uniform_clutter,99,192.0,2637.2026692746344,0.8866472863312881,145.0,0.017416982009308413,2525.613504407046,0.9258220175564645,0.9024405390082393,1.5,1.5,0,0.8,0.8,1,0.0,4358,785,30000000,0,1,3636
2567,3744,SC-RRT-fixed-matched,5000,9688,240,3,evaluation-3d-00,5000,uniform_clutter,99,169.0,2565.0158496303275,0.9116000552413653,145.0,0.016563055018195882,2562.842392327503,0.9123731514735999,0.9190959690022282,1.5,1.5,0,0.8,0.8,1,0.0,4069,538,30000001,1,1,3746
2567,3641,SC-RRT,5000,9414,251,3,evaluation-3d-00,5000,uniform_clutter,99,169.0,2565.0158496303275,0.9116000552413653,145.0,0.01800822900258936,2560.4211948681673,0.9132359140381114,0.8814054960093927,1.4218179263169255,1.4218179263169255,0,0.8533252546823824,0.8533252546823824,1,0.00308548203089656,4020,560,30000001,1,1,3643
2565,3493,SC-RRT,5000,9700,363,3,evaluation-3d-00,5000,uniform_clutter,99,222.0,2708.769161612472,0.8632217995371976,167.0,0.020769291993929073,2577.9649187540717,0.907021105371778,0.886565939988941,1.300161336517523,1.300161336517523,0,0.9392030855149665,0.9392030855149665,1,0.024741403149072205,4538,818,30000002,2,1,3495
2565,3627,SC-RRT-fixed-matched,5000,10069,366,3,evaluation-3d-00,5000,uniform_clutter,99,222.0,2708.769161612472,0.8632217995371976,167.0,0.02023514499887824,2597.2444961350866,0.9002882068659767,0.8800628669850994,1.5,1.5,0,0.8,0.8,1,0.0,4558,842,30000002,2,1,3629
2570,3657,SC-RRT-fixed-matched,5000,9529,325,3,evaluation-3d-00,5000,uniform_clutter,99,138.0,2538.3757252537557,0.9211672515439899,116.0,0.013267828995594755,2537.6155964909453,0.9214431821160693,0.8642896079982165,1.5,1.5,0,0.8,0.8,1,0.0,3925,520,30000003,3,1,3659
2570,3601,SC-RRT,5000,9210,300,3,evaluation-3d-00,5000,uniform_clutter,99,138.0,2538.3757252537557,0.9211672515439899,116.0,0.01392603901331313,2537.6371036305354,0.9214353726435827,0.8632695650157984,1.4457713512385686,1.4457713512385686,0,0.836755698030015,0.836755698030015,1,0.0014002218301991363,3787,451,30000003,3,1,3603
2573,3586,SC-RRT,5000,9608,337,3,evaluation-3d-00,5000,uniform_clutter,99,124.0,2508.8497863392336,0.9320082066889499,113.0,0.012387905997456983,2497.0730464641847,0.9364037602059478,0.877130484994268,1.4372744431752877,1.4372744431752877,0,0.8426129117258273,0.8426129117258273,1,0.0023154954889056866,4152,629,30000004,4,1,3588
2573,3658,SC-RRT-fixed-matched,5000,9890,381,3,evaluation-3d-00,5000,uniform_clutter,99,124.0,2508.8497863392336,0.9320082066889499,113.0,0.012556355010019615,2497.109928007614,0.9363899298112335,0.9094638889946509,1.5,1.5,0,0.8,0.8,1,0.0,4225,574,30000004,4,1,3660
2576,3661,SC-RRT-fixed-matched,5000,10039,239,3,evaluation-3d-00,5000,uniform_clutter,99,144.0,2706.2308640015267,0.8640314547150421,136.0,0.014656788989668712,2619.8505994146944,0.8925198218327339,0.9170388769998681,1.5,1.5,0,0.8,0.8,1,0.0,4586,915,30000005,5,1,3663
2576,3597,SC-RRT,5000,10619,254,3,evaluation-3d-00,5000,uniform_clutter,99,144.0,2706.2308640015267,0.8640314547150421,136.0,0.014498593984171748,2644.251145560969,0.8842838525921971,0.9442053370003123,1.3945697006586224,1.3945697006586224,0,0.8723674288204986,0.8723674288204986,1,0.009073930877715682,5292,1326,30000005,5,1,3599
2568,3571,SC-RRT,5000,9366,314,3,evaluation-3d-00,5000,uniform_clutter,99,136.0,2522.1635756258574,0.9270883985539118,128.0,0.013686360005522147,2506.587848015932,0.932849248458944,0.8297166500124149,1.4444574136481216,1.4444574136481216,0,0.8376598902273013,0.8376598902273013,1,0.0021175905052315176,4054,649,30000006,6,1,3573
2568,3685,SC-RRT-fixed-matched,5000,9803,294,3,evaluation-3d-00,5000,uniform_clutter,99,136.0,2522.1635756258574,0.9270883985539118,128.0,0.013805005000904202,2513.6716501168485,0.930220377076413,0.8648678629833739,1.5,1.5,0,0.8,0.8,1,0.0,4241,702,30000006,6,1,3687
2568,3678,SC-RRT-fixed-matched,5000,9743,335,3,evaluation-3d-00,5000,uniform_clutter,99,184.0,2655.752809159014,0.8804541530197737,155.0,0.017542535002576187,2630.526571232872,0.8888975370136966,0.8899996639811434,1.5,1.5,0,0.8,0.8,1,0.0,4074,514,30000007,7,1,3680
2568,3575,SC-RRT,5000,9401,302,3,evaluation-3d-00,5000,uniform_clutter,99,184.0,2655.752809159014,0.8804541530197737,155.0,0.017881194013170898,2619.2890340290855,0.8927111746125912,0.8664398560067639,1.4000904967005883,1.4000904967005883,0,0.8684948803305105,0.8684948803305105,1,0.008474464853151335,4053,566,30000007,7,1,3577
2564,3530,SC-RRT,5000,9104,306,3,evaluation-3d-00,5000,uniform_clutter,99,219.0,2630.3050678584045,0.8889723928950202,166.0,0.0200139670050703,2592.180330164668,0.9020470385520771,0.8624847159953788,1.3701571785582671,1.3701571785582671,0,0.8895628657356526,0.8895628657356526,1,0.012149483129555577,3905,620,30000008,8,1,3532
2564,3700,SC-RRT-fixed-matched,5000,9707,314,3,evaluation-3d-00,5000,uniform_clutter,99,219.0,2630.3050678584045,0.8889723928950202,166.0,0.01992059897747822,2616.337793663868,0.8937181566847753,0.858079594996525,1.5,1.5,0,0.8,0.8,1,0.0,4089,645,30000008,8,1,3702
2563,3565,SC-RRT-fixed-matched,5000,9353,284,3,evaluation-3d-00,5000,uniform_clutter,99,132.0,2497.758775175378,0.936146682160612,108.0,0.012596856016898528,2469.626545320514,0.9468105996222672,0.8596412990009412,1.5,1.5,0,0.8,0.8,1,0.0,4091,670,30000009,9,1,3567
2563,3523,SC-RRT,5000,9573,272,3,evaluation-3d-00,5000,uniform_clutter,99,132.0,2497.758775175378,0.936146682160612,108.0,0.012651358993025497,2469.97378656462,0.946677492262046,0.8479190139914863,1.4232546433129651,1.4232546433129651,0,0.8523265599157874,0.8523265599157874,1,0.002481164592226133,4432,881,30000009,9,1,3525
2572,3500,SC-RRT,5000,10183,394,3,evaluation-3d-00,5000,uniform_clutter,99,154.0,2568.459336830011,0.9103778894564365,126.0,0.015492139995330945,2493.068174664893,0.93790800186693,0.9453901890083216,1.3436656727309977,1.3436656727309977,0,0.9083196974072596,0.9083196974072596,1,0.015289320827460474,4865,972,30000010,10,1,3502
2572,3629,SC-RRT-fixed-matched,5000,10374,406,3,evaluation-3d-00,5000,uniform_clutter,99,154.0,2568.459336830011,0.9103778894564365,126.0,0.015406570018967614,2524.6617340108974,0.9261710425274309,0.9315651760261972,1.5,1.5,0,0.8,0.8,1,0.0,4766,828,30000010,10,1,3631
2572,3625,SC-RRT-fixed-matched,5000,9617,381,3,evaluation-3d-00,5000,uniform_clutter,99,139.0,2602.038869824722,0.8986293853386956,121.0,0.013706497004022822,2579.940092122746,0.906326700126623,0.8993502680095844,1.5,1.5,0,0.8,0.8,1,0.0,4016,544,30000011,11,1,3627
2572,3500,SC-RRT,5000,9959,399,3,evaluation-3d-00,5000,uniform_clutter,99,139.0,2602.038869824722,0.8986293853386956,121.0,0.013856229983502999,2533.090549256619,0.923089224309092,0.9144072569906712,1.3793174726027186,1.3793174726027186,0,0.8830982866908788,0.8830982866908788,1,0.017831542773871088,4626,1061,30000011,11,1,3502
2582,3621,SC-RRT,5000,9572,319,3,evaluation-3d-00,5000,uniform_clutter,98,157.0,2580.4287240653116,0.9061550774144932,118.0,0.014560734009137377,2558.936514313959,0.9137657683722822,0.8344692200189456,1.3923340699271471,1.3923340699271471,0,0.8739374688593302,0.8739374688593302,1,0.008348260276196052,4100,589,30000012,12,1,3623
2582,3723,SC-RRT-fixed-matched,5000,9852,334,3,evaluation-3d-00,5000,uniform_clutter,98,157.0,2580.4287240653116,0.9061550774144932,118.0,0.015171397011727095,2563.296252439414,0.9122116056592064,0.8688174830167554,1.5,1.5,0,0.8,0.8,1,0.0,4098,569,30000012,12,1,3725
2578,3684,SC-RRT-fixed-matched,5000,9957,321,3,evaluation-3d-00,5000,uniform_clutter,99,159.0,2545.5454708874604,0.9185727055202778,131.0,0.015469907986698672,2523.9052271836526,0.9264486499071859,0.9200040819996502,1.5,1.5,0,0.8,0.8,1,0.0,4326,721,30000013,13,1,3686
2578,3606,SC-RRT,5000,9399,304,3,evaluation-3d-00,5000,uniform_clutter,99,159.0,2545.5454708874604,0.9185727055202778,131.0,0.015681780001614243,2536.8088656171185,0.9217362103664691,0.862180646014167,1.4204887983658043,1.4204887983658043,0,0.8542496774295825,0.8542496774295825,1,0.003683290468569754,3992,563,30000013,13,1,3608
2571,3662,SC-RRT,5000,9576,282,3,evaluation-3d-00,5000,uniform_clutter,99,150.0,2534.8645105957044,0.9224432234717274,126.0,0.016442181018646806,2525.2193605386924,0.9259665226545598,0.8833968740073033,1.4383679591804577,1.4383679591804577,0,0.8418578016492069,0.8418578016492069,1,0.0023285832860370187,4085,627,30000014,14,1,3664
2571,3674,SC-RRT-fixed-matched,5000,9599,314,3,evaluation-3d-00,5000,uniform_clutter,99,150.0,2534.8645105957044,0.9224432234717274,126.0,0.0150963370106183,2527.962434891007,0.9249617628589479,0.8839130580017809,1.5,1.5,0,0.8,0.8,1,0.0,4010,566,30000014,14,1,3676
2573,3711,SC-RRT-fixed-matched,5000,10225,266,3,evaluation-3d-00,5000,uniform_clutter,99,204.0,2679.990467926688,0.8724913831603779,182.0,0.021289475000230595,2549.8335377728777,0.9170279375414905,0.9625806190015282,1.5,1.5,0,0.8,0.8,1,0.0,4644,915,30000015,15,1,3713
2573,3645,SC-RRT,5000,10411,243,3,evaluation-3d-00,5000,uniform_clutter,99,204.0,2679.990467926688,0.8724913831603779,182.0,0.021368015004554763,2565.141046806019,0.9115555626578411,1.0568917430064175,1.3241728245817186,1.3241728245817186,0,0.9221557777746732,0.9221557777746732,1,0.014264122786345137,5038,1097,30000015,15,1,3647
2567,3561,SC-RRT,5000,9378,331,3,evaluation-3d-00,5000,uniform_clutter,99,137.0,2529.083171938354,0.9245518756213443,122.0,0.014191596012096852,2507.5758571228207,0.9324816968452158,0.9203886490140576,1.4193063910134591,1.4193063910134591,0,0.855072466201636,0.855072466201636,1,0.0038566629551788105,3935,534,30000016,16,1,3563
2567,3667,SC-RRT-fixed-matched,5000,9667,324,3,evaluation-3d-00,5000,uniform_clutter,99,137.0,2529.083171938354,0.9245518756213443,122.0,0.014367750991368666,2512.334029307907,0.9307156464628735,0.929568424995523,1.5,1.5,0,0.8,0.8,1,0.0,3994,523,30000016,16,1,3669
2565,3658,SC-RRT-fixed-matched,5000,9551,312,3,evaluation-3d-00,5000,uniform_clutter,99,267.0,2622.309545189709,0.8916829039146955,180.0,0.024848210014170036,2566.02283385691,0.9112423160722247,0.8998953140107915,1.5,1.5,0,0.8,0.8,1,0.0,4005,576,30000017,17,1,3660
2565,3539,SC-RRT,5000,9167,299,3,evaluation-3d-00,5000,uniform_clutter,99,267.0,2622.309545189709,0.8916829039146955,180.0,0.024080046016024426,2553.023743860988,0.9158820382460583,0.9018912469909992,1.3583593130776208,1.3583593130776208,0,0.8979065860023362,0.8979065860023362,1,0.012022387072450872,3925,560,30000017,17,1,3541
2569,3595,SC-RRT,5000,9857,260,3,evaluation-3d-00,5000,uniform_clutter,99,191.0,2626.97313069335,0.8900999263745166,152.0,0.018677882006159052,2588.765569051392,0.9032369010820868,1.0103900009999052,1.3788610717676315,1.3788610717676315,0,0.8834200538055387,0.8834200538055387,1,0.010951295369385957,4480,866,30000018,18,1,3597
2569,3682,SC-RRT-fixed-matched,5000,9644,297,3,evaluation-3d-00,5000,uniform_clutter,99,191.0,2626.97313069335,0.8900999263745166,152.0,0.01945188399986364,2612.1519556027156,0.8951502936889685,0.948093210987281,1.5,1.5,0,0.8,0.8,1,0.0,4013,570,30000018,18,1,3684
2573,3565,SC-RRT-fixed-matched,5000,9358,434,3,evaluation-3d-00,5000,uniform_clutter,99,143.0,2594.505499555354,0.9012386331879876,134.0,0.015981593023752794,2593.40876899031,0.9016197593595477,0.8952209550188854,1.5,1.5,0,0.8,0.8,1,0.0,3840,551,30000019,19,1,3567
2573,3540,SC-RRT,5000,9135,397,3,evaluation-3d-00,5000,uniform_clutter,99,143.0,2594.505499555354,0.9012386331879876,134.0,0.014999455976067111,2587.558029671627,0.9036584159292154,0.8482809049892239,1.4361601406951245,1.4361601406951245,0,0.8433827651705648,0.8433827651705648,1,0.003828140298194734,3747,507,30000019,19,1,3542
2569,3536,SC-RRT,5000,9319,321,3,evaluation-3d-00,5000,uniform_clutter,99,183.0,2547.4729293890914,0.9178776988137509,134.0,0.016883444011909887,2524.973095648087,0.9260568337334377,0.8578100120066665,1.3919626437160262,1.3919626437160262,0,0.8741984148543267,0.8741984148543267,1,0.004889107545358239,4028,548,30000020,20,1,3538
2569,3672,SC-RRT-fixed-matched,5000,9790,331,3,evaluation-3d-00,5000,uniform_clutter,99,183.0,2547.4729293890914,0.9178776988137509,134.0,0.018459259008523077,2527.4187553972724,0.9251607337425346,0.8845849939971231,1.5,1.5,0,0.8,0.8,1,0.0,4167,604,30000020,20,1,3674
2574,3752,SC-RRT-fixed-matched,5000,9804,245,3,evaluation-3d-00,5000,uniform_clutter,99,157.0,2666.2745979467277,0.8769796599415013,141.0,0.016562334989430383,2633.6091439820543,0.8878571049774261,0.9168693859828636,1.5,1.5,0,0.8,0.8,1,0.0,4075,575,30000021,21,1,3754
2574,3623,SC-RRT,5000,9460,237,3,evaluation-3d-00,5000,uniform_clutter,99,157.0,2666.2745979467277,0.8769796599415013,141.0,0.01597562900860794,2640.7233894989527,0.885465171973822,0.8476113500073552,1.4213931805240163,1.4213931805240163,0,0.8536206163502915,0.8536206163502915,1,0.0027377268458015783,4057,628,30000021,21,1,3625
2573,3567,SC-RRT,5000,9360,307,3,evaluation-3d-00,5000,uniform_clutter,99,128.0,2517.9007809599825,0.9286579550312896,118.0,0.01434233199688606,2512.629598049819,0.9306061633727608,0.8612115159921814,1.4342991993905314,1.4342991993905314,0,0.8446693274168721,0.8446693274168721,1,0.003397062431024404,4009,550,30000022,22,1,3569
2573,3662,SC-RRT-fixed-matched,5000,9532,301,3,evaluation-3d-00,5000,uniform_clutter,99,128.0,2517.9007809599825,0.9286579550312896,118.0,0.01317496900446713,2512.22071719602,0.930757625798027,0.8753482500032987,1.5,1.5,0,0.8,0.8,1,0.0,3986,523,30000022,22,1,3664
2565,3480,SC-RRT-fixed-matched,5000,9062,407,3,evaluation-3d-00,5000,uniform_clutter,99,258.0,2807.1384486039174,0.8329723072194328,183.0,0.02393393899546936,2586.335955468046,0.9040854051749942,0.8799010410148185,1.5,1.5,0,0.8,0.8,1,0.0,3821,591,30000023,23,1,3482
2565,3520,SC-RRT,5000,9715,392,3,evaluation-3d-00,5000,uniform_clutter,99,258.0,2807.1384486039174,0.8329723072194328,183.0,0.022710821009241045,2564.2316997689827,0.9118788253138919,0.9433932499960065,1.3021264672667776,1.3021264672667776,0,0.9378086708942062,0.9378086708942062,1,0.0244173921695974,4400,927,30000023,23,1,3522
2572,3520,SC-RRT,5000,9313,336,3,evaluation-3d-00,5000,uniform_clutter,99,174.0,2577.571532851145,0.9071595338545428,139.0,0.01708639902062714,2546.0731738161253,0.9183823207694075,0.8590993260149844,1.410758020451102,1.410758020451102,0,0.861032086850893,0.861032086850893,1,0.006481156330789808,4027,713,30000024,24,1,3522
2572,3668,SC-RRT-fixed-matched,5000,9816,320,3,evaluation-3d-00,5000,uniform_clutter,99,174.0,2577.571532851145,0.9071595338545428,139.0,0.017701229982776567,2557.8178624866578,0.9141654003247783,0.890414356981637,1.5,1.5,0,0.8,0.8,1,0.0,4195,721,30000024,24,1,3670
2567,3696,SC-RRT-fixed-matched,5000,9709,270,3,evaluation-3d-00,5000,uniform_clutter,99,127.0,2545.254561568539,0.9186776935887319,118.0,0.013498020998667926,2543.0147741879673,0.9194868287639569,0.8931900190073065,1.5,1.5,0,0.8,0.8,1,0.0,4100,630,30000025,25,1,3698
2567,3646,SC-RRT,5000,9494,267,3,evaluation-3d-00,5000,uniform_clutter,99,127.0,2545.254561568539,0.9186776935887319,118.0,0.013384222984313965,2532.4155189844014,0.9233352791787195,0.904807766986778,1.436930711231011,1.436930711231011,0,0.8428503487308399,0.8428503487308399,1,0.004696832826017137,4026,577,30000025,25,1,3648
2570,3564,SC-RRT,5000,9210,319,3,evaluation-3d-00,5000,uniform_clutter,99,116.0,2549.250679053824,0.917237606105435,110.0,0.013317040022229776,2536.5825282511382,0.9218184562006414,0.9208374270237982,1.4366774420384691,1.4366774420384691,0,0.8430253213856733,0.8430253213856733,1,0.0031741639660463005,3891,545,30000026,26,1,3566
2570,3626,SC-RRT-fixed-matched,5000,9461,315,3,evaluation-3d-00,5000,uniform_clutter,99,116.0,2549.250679053824,0.917237606105435,110.0,0.01350419400841929,2539.153399466689,0.9208851228559497,0.9373392060224432,1.5,1.5,0,0.8,0.8,1,0.0,3989,580,30000026,26,1,3628
2578,3683,SC-RRT-fixed-matched,5000,9753,338,3,evaluation-3d-00,5000,uniform_clutter,99,136.0,2611.811230390351,0.8952670709929201,116.0,0.01390058099059388,2578.9307529264033,0.9066814173140045,0.9552024840086233,1.5,1.5,0,0.8,0.8,1,0.0,4060,475,30000027,27,1,3685
2578,3612,SC-RRT,5000,9548,325,3,evaluation-3d-00,5000,uniform_clutter,99,136.0,2611.811230390351,0.8952670709929201,116.0,0.014429784001549706,2568.61389139317,0.9103231116412555,0.9423956169921439,1.4257081407904224,1.4257081407904224,0,0.8506224364140607,0.8506224364140607,1,0.008659902857849013,4057,509,30000027,27,1,3614
2572,3600,SC-RRT,5000,9677,299,3,evaluation-3d-00,5000,uniform_clutter,99,144.0,2607.558272317781,0.8967272620678834,126.0,0.014760813995962963,2586.8172593185427,0.903917190823895,0.8758746160019655,1.423212096417156,1.423212096417156,0,0.8523561268498024,0.8523561268498024,1,0.005094755743211212,4239,651,30000028,28,1,3602
2572,3705,SC-RRT-fixed-matched,5000,9912,282,3,evaluation-3d-00,5000,uniform_clutter,99,144.0,2607.558272317781,0.8967272620678834,126.0,0.014958447980461642,2595.088076213204,0.9010363122742349,0.9241204459976871,1.5,1.5,0,0.8,0.8,1,0.0,4245,658,30000028,28,1,3707
2578,3689,SC-RRT-fixed-matched,5000,9603,316,3,evaluation-3d-00,5000,uniform_clutter,99,172.0,2621.5415114243747,0.8919441405097268,145.0,0.017967424995731562,2589.322870180935,0.9030424969963643,0.8876415799895767,1.5,1.5,0,0.8,0.8,1,0.0,4038,537,30000029,29,1,3691
2578,3592,SC-RRT,5000,9356,308,3,evaluation-3d-00,5000,uniform_clutter,98,172.0,2621.5415114243747,0.8919441405097268,145.0,0.017634132003877312,2590.805194279901,0.9025258230068864,0.8750864480098244,1.4170347923249806,1.4170347923249806,0,0.8566542513154163,0.8566542513154163,1,0.00296758353118769,4022,564,30000029,29,1,3594
2587,3575,SC-RRT,5000,9494,264,3,evaluation-3d-00,5000,uniform_clutter,98,158.0,2609.2883903992447,0.8961326769480655,143.0,0.01573322800686583,2564.3546704973282,0.9118350971960142,0.9078554020088632,1.3830118907110718,1.3830118907110718,0,0.8804950213652629,0.8804950213652629,1,0.008659331589852777,4199,781,30000030,30,1,3577
2587,3667,SC-RRT-fixed-matched,5000,9668,280,3,evaluation-3d-00,5000,uniform_clutter,99,158.0,2609.2883903992447,0.8961326769480655,143.0,0.01692002499476075,2577.4153511527343,0.9072145043181368,0.8837969409942161,1.5,1.5,0,0.8,0.8,1,0.0,4160,710,30000030,30,1,3669
2569,3692,SC-RRT-fixed-matched,5000,9757,332,3,evaluation-3d-00,5000,uniform_clutter,99,126.0,2548.9060143666406,0.9173616355560305,117.0,0.01351269701262936,2533.972951032357,0.9227677782690453,0.9220238910056651,1.5,1.5,0,0.8,0.8,1,0.0,4068,537,30000031,31,1,3694
2569,3614,SC-RRT,5000,9490,299,3,evaluation-3d-00,5000,uniform_clutter,99,126.0,2548.9060143666406,0.9173616355560305,117.0,0.014501751982606947,2530.9120354782717,0.9238837847543432,0.8865196910046507,1.416622750625537,1.416622750625537,0,0.8569413182720504,0.8569413182720504,1,0.003616178679871633,4021,532,30000031,31,1,3616
2568,3589,SC-RRT,5000,9882,270,3,evaluation-3d-00,5000,uniform_clutter,99,221.0,2730.125671334461,0.8564692148677022,175.0,0.020899989001918584,2612.25876233803,0.8951136939149097,0.9192598990048282,1.3288945056962105,1.3288945056962105,0,0.9188030415229125,0.9188030415229125,1,0.02523132643528058,4624,1028,30000032,32,1,3591
2568,3658,SC-RRT-fixed-matched,5000,10021,262,3,evaluation-3d-00,5000,uniform_clutter,99,221.0,2730.125671334461,0.8564692148677022,175.0,0.02191788100753911,2643.2086380077876,0.8846326228641415,0.9600225650065113,1.5,1.5,0,0.8,0.8,1,0.0,4597,958,30000032,32,1,3660
2578,3674,SC-RRT-fixed-matched,5000,9503,276,3,evaluation-3d-00,5000,uniform_clutter,99,143.0,2564.505865581662,0.911781338307696,130.0,0.014622866990976036,2544.1913925712533,0.9190615914531666,0.8632954079948831,1.5,1.5,0,0.8,0.8,1,0.0,3941,577,30000033,33,1,3676
2578,3575,SC-RRT,5000,9460,292,3,evaluation-3d-00,5000,uniform_clutter,99,143.0,2564.505865581662,0.911781338307696,130.0,0.015048691013362259,2538.6710539701144,0.9210600903024716,0.8827713310020044,1.4044689814605986,1.4044689814605986,0,0.8654284854915354,0.8654284854915354,1,0.00788232079424831,4103,691,30000033,33,1,3577
2575,3593,SC-RRT,5000,9560,310,3,evaluation-3d-00,5000,uniform_clutter,99,151.0,2500.8452874808,0.9349913015104643,126.0,0.014681088010547683,2475.7100252294326,0.9444840334244269,0.8622368260112125,1.4349286595626856,1.4349286595626856,0,0.8442340291134565,0.8442340291134565,1,0.003262545227226915,4090,590,30000034,34,1,3595
2575,3639,SC-RRT-fixed-matched,5000,9513,308,3,evaluation-3d-00,5000,uniform_clutter,99,151.0,2500.8452874808,0.9349913015104643,126.0,0.015425871999468654,2474.7602199868716,0.944846523446376,0.8901131860038731,1.5,1.5,0,0.8,0.8,1,0.0,3953,474,30000034,34,1,3641
2570,3678,SC-RRT-fixed-matched,5000,9684,367,3,evaluation-3d-00,5000,uniform_clutter,99,196.0,2626.614253439125,0.8902215417267308,150.0,0.020250229979865253,2560.608687302231,0.9131690452403735,0.8829269419948105,1.5,1.5,0,0.8,0.8,1,0.0,4094,605,30000035,35,1,3680
2570,3583,SC-RRT,5000,9204,322,3,evaluation-3d-00,5000,uniform_clutter,99,196.0,2626.614253439125,0.8902215417267308,150.0,0.020426700997631997,2564.9798693642115,0.9116128427150492,0.8560970459948294,1.4136196810650643,1.4136196810650643,0,0.8590349009806709,0.8590349009806709,1,0.003009691317422866,3932,544,30000035,35,1,3585
2578,3561,SC-RRT,5000,9209,293,3,evaluation-3d-00,5000,uniform_clutter,99,260.0,2744.221380981554,0.8520699555885071,187.0,0.024137736996635795,2689.7836678735284,0.869314740120553,0.85934314399492,1.3962159804065557,1.3962159804065557,0,0.8712119541955842,0.8712119541955842,1,0.004657354052045595,3960,615,30000036,36,1,3563
2578,3700,SC-RRT-fixed-matched,5000,9605,314,3,evaluation-3d-00,5000,uniform_clutter,98,260.0,2744.221380981554,0.8520699555885071,187.0,0.0244195050036069,2668.386147877668,0.8762856875410455,0.9419384970096871,1.5,1.5,0,0.8,0.8,1,0.0,3993,549,30000036,36,1,3702
2577,3621,SC-RRT-fixed-matched,5000,9636,333,3,evaluation-3d-00,5000,uniform_clutter,98,135.0,2542.7407702770574,0.9195859120012482,123.0,0.01455784501740709,2538.187182410244,0.921235678133707,0.9522596019960474,1.5,1.5,0,0.8,0.8,1,0.0,4116,575,30000037,37,1,3623
2577,3532,SC-RRT,5000,9284,313,3,evaluation-3d-00,5000,uniform_clutter,98,135.0,2542.7407702770574,0.9195859120012482,123.0,0.014482330007012933,2538.187182410244,0.921235678133707,0.8914933310006745,1.4372252564608796,1.4372252564608796,0,0.8426468857524788,0.8426468857524788,1,0.0018623739796049304,3995,572,30000037,37,1,3534
2573,3623,SC-RRT,5000,9552,308,3,evaluation-3d-00,5000,uniform_clutter,99,129.0,2594.050156779342,0.9013968307849047,121.0,0.014066326984902844,2569.283167579716,0.910085980293348,0.9292232769948896,1.4103343379495195,1.4103343379495195,0,0.8613279574375027,0.8613279574375027,1,0.008039758956324783,4079,554,30000038,38,1,3625
2573,3711,SC-RRT-fixed-matched,5000,9869,314,3,evaluation-3d-00,5000,uniform_clutter,99,129.0,2594.050156779342,0.9013968307849047,121.0,0.01390281700878404,2588.543699975922,0.9033143192597961,0.964081015001284,1.5,1.5,0,0.8,0.8,1,0.0,4167,518,30000038,38,1,3713
2577,3693,SC-RRT-fixed-matched,5000,9773,291,3,evaluation-3d-00,5000,uniform_clutter,99,152.0,2532.8723112459875,0.9231687597657567,125.0,0.02076062699779868,2522.0993767259342,0.927111997170155,0.9591325999936089,1.5,1.5,0,0.8,0.8,1,0.0,4185,555,30000039,39,1,3695
2577,3522,SC-RRT,5000,9750,300,3,evaluation-3d-00,5000,uniform_clutter,99,152.0,2532.8723112459875,0.9231687597657567,125.0,0.015903649997198954,2520.0703909698236,0.9278584433977358,0.9373977100185584,1.4156062642865723,1.4156062642865723,0,0.8576496922165568,0.8576496922165568,1,0.003397573109747848,4564,892,30000039,39,1,3524
2567,3419,SC-RRT,5000,9409,485,3,evaluation-3d-00,5000,uniform_clutter,99,180.0,2727.7081258111525,0.857228296565873,147.0,0.0192255690053571,2651.7787231878565,0.8817736449016441,0.9301991020038258,1.4003080585295933,1.4003080585295933,0,0.8683424105308811,0.8683424105308811,1,0.004053243057786244,4146,789,30000040,40,1,3421
2567,3591,SC-RRT-fixed-matched,5000,10265,438,3,evaluation-3d-00,5000,uniform_clutter,99,180.0,2727.7081258111525,0.857228296565873,147.0,0.01896861201385036,2626.644659233651,0.890211236604877,1.021439914999064,1.5,1.5,0,0.8,0.8,1,0.0,4668,954,30000040,40,1,3593
2572,3713,SC-RRT-fixed-matched,5000,9734,283,3,evaluation-3d-00,5000,uniform_clutter,99,185.0,2601.2194706326372,0.8989124587973727,133.0,0.018357554014073685,2527.0834831092798,0.9252834763262426,0.9744837259931955,1.5,1.5,0,0.8,0.8,1,0.0,4065,544,30000041,41,1,3715
2572,3510,SC-RRT,5000,9559,335,3,evaluation-3d-00,5000,uniform_clutter,99,185.0,2601.2194706326372,0.8989124587973727,133.0,0.01800354101578705,2524.732435399893,0.9261451064804122,0.9544947260001209,1.4135767578979388,1.4135767578979388,0,0.8590648419451851,0.8590648419451851,1,0.003262699813339471,4270,751,30000041,41,1,3512
2578,3572,SC-RRT,5000,9753,285,3,evaluation-3d-00,5000,uniform_clutter,99,160.0,2524.661041137306,0.9261712967078718,127.0,0.01675576000707224,2519.4162371149714,0.9280993572128349,0.9564894989889581,1.417264828190935,1.417264828190935,0,0.8564940065607238,0.8564940065607238,1,0.0035623885284514034,4529,934,30000042,42,1,3574
2578,3695,SC-RRT-fixed-matched,5000,9880,277,3,evaluation-3d-00,5000,uniform_clutter,98,160.0,2524.661041137306,0.9261712967078718,127.0,0.017005125992000103,2523.033444103656,0.9267687654646558,0.871455562999472,1.5,1.5,0,0.8,0.8,1,0.0,4333,736,30000042,42,1,3697
2573,3744,SC-RRT-fixed-matched,5000,10022,298,3,evaluation-3d-00,5000,uniform_clutter,99,180.0,2597.820712281639,0.9000885161795124,143.0,0.016609862010227516,2542.5560703313454,0.9196527138586412,0.8960358279873617,1.5,1.5,0,0.8,0.8,1,0.0,4235,574,30000043,43,1,3746
2573,3605,SC-RRT,5000,9492,266,3,evaluation-3d-00,5000,uniform_clutter,99,180.0,2597.820712281639,0.9000885161795124,143.0,0.017563033994520083,2545.443012334668,0.9186096796853196,0.8602947760082316,1.3929704683266806,1.3929704683266806,0,0.8734904324614813,0.8734904324614813,1,0.006338788363327384,4067,544,30000043,43,1,3607
2585,3665,SC-RRT,5000,9627,237,3,evaluation-3d-00,5000,uniform_clutter,98,161.0,2612.079380149275,0.8951751650381915,146.0,0.015844198991544545,2574.5997839220613,0.9082066287817139,0.8735998870106414,1.3961828006191848,1.3961828006191848,0,0.8712352363498493,0.8712352363498493,1,0.0057912682570559065,4129,592,30000044,44,1,3667
2585,3781,SC-RRT-fixed-matched,5000,9813,231,3,evaluation-3d-00,5000,uniform_clutter,98,161.0,2612.079380149275,0.8951751650381915,146.0,0.015994141023838893,2583.386129678875,0.9051177303133698,0.8791634000081103,1.5,1.5,0,0.8,0.8,1,0.0,4066,513,30000044,44,1,3783
2585,3652,SC-RRT-fixed-matched,5000,9624,310,3,evaluation-3d-00,5000,uniform_clutter,98,159.0,2562.285977159874,0.9125712785618885,126.0,0.015175756998360157,2559.3637926357796,0.9136132178418844,0.8781228309962898,1.5,1.5,0,0.8,0.8,1,0.0,4040,577,30000045,45,1,3654
2585,3596,SC-RRT,5000,9405,301,3,evaluation-3d-00,5000,uniform_clutter,98,159.0,2562.285977159874,0.9125712785618885,126.0,0.014801444980548695,2556.1746116530107,0.9147530765536739,0.8416314960049931,1.416113234407201,1.416113234407201,0,0.8572963579873926,0.8572963579873926,1,0.004515520552503979,3990,602,30000045,45,1,3598
2578,3604,SC-RRT,5000,9350,272,3,evaluation-3d-00,5000,uniform_clutter,99,134.0,2711.9386980826407,0.8622129223905969,130.0,0.01380717899883166,2684.1729894125815,0.8711318530664833,0.8339230660058092,1.4353773001266692,1.4353773001266692,0,0.8439238504711635,0.8439238504711635,1,0.005305101291126298,4005,538,30000046,46,1,3606
2578,3703,SC-RRT-fixed-matched,5000,9610,298,3,evaluation-3d-00,5000,uniform_clutter,99,134.0,2711.9386980826407,0.8622129223905969,130.0,0.013210766017436981,2705.3605492101965,0.8643094137306833,0.8628036660084035,1.5,1.5,0,0.8,0.8,1,0.0,4000,505,30000046,46,1,3705
2576,3742,SC-RRT-fixed-matched,5000,9787,316,3,evaluation-3d-00,5000,uniform_clutter,99,190.0,2597.583931401873,0.9001705630955529,151.0,0.01889476500218734,2563.752907616926,0.9120491227024934,0.8835368530126289,1.5,1.5,0,0.8,0.8,1,0.0,4050,580,30000047,47,1,3744
2576,3663,SC-RRT,5000,9378,277,3,evaluation-3d-00,5000,uniform_clutter,99,190.0,2597.583931401873,0.9001705630955529,151.0,0.02125772400177084,2556.603884897536,0.9145994825521037,0.9299915779847652,1.4066185036139256,1.4066185036139256,0,0.8639247582123736,0.8639247582123736,1,0.004999889982134961,3904,547,30000047,47,1,3665
2577,3619,SC-RRT,5000,9465,227,3,evaluation-3d-00,5000,uniform_clutter,98,134.0,2551.6162946781174,0.9163872307505205,117.0,0.013397751987213269,2533.4643306797625,0.9229530338761845,0.8840784349886235,1.4304516600899873,1.4304516600899873,0,0.8473327109761781,0.8473327109761781,1,0.002905476255876524,4097,652,30000048,48,1,3621
2577,3717,SC-RRT-fixed-matched,5000,9762,217,3,evaluation-3d-00,5000,uniform_clutter,99,134.0,2551.6162946781174,0.9163872307505205,117.0,0.01316990697523579,2535.211811991861,0.922316856981215,0.9064505469868891,1.5,1.5,0,0.8,0.8,1,0.0,4179,633,30000048,48,1,3719
2570,3648,SC-RRT-fixed-matched,5000,9502,296,3,evaluation-3d-00,5000,uniform_clutter,99,124.0,2619.1937645011567,0.8927436457391397,125.0,0.012979071005247533,2548.4093207334095,0.9175404324549603,0.8809776229900308,1.5,1.5,0,0.8,0.8,1,0.0,3996,579,30000049,49,1,3650
2570,3580,SC-RRT,5000,9380,327,3,evaluation-3d-00,5000,uniform_clutter,99,124.0,2619.1937645011567,0.8927436457391397,125.0,0.013162721006665379,2559.945447143627,0.9134056324626024,0.8761009910085704,1.4139628133057145,1.4139628133057145,0,0.8587955670751555,0.8587955670751555,1,0.006019882423127652,3998,650,30000049,49,1,3582
2569,3348,SC-RRT,5000,9535,488,3,evaluation-3d-01,5000,central_cluster,99,233.0,2667.280188454454,0.8766490301016653,157.0,0.019996237009763718,2529.9097404717327,0.9242498073397613,0.8428752170002554,1.3899399635606433,1.3899399635606433,1,0.8756199447532974,0.8756199447532974,1,0.003847035608822965,4387,947,30010000,0,1,3350
2569,3521,SC-RRT-fixed-matched,5000,9727,446,3,evaluation-3d-01,5000,central_cluster,99,233.0,2667.280188454454,0.8766490301016653,157.0,0.021026376984082162,2518.954035451175,0.9282696537172708,0.8932122559926938,1.5,1.5,1,0.8,0.8,1,0.0,4225,795,30010000,0,1,3523
2568,3596,SC-RRT-fixed-matched,5000,9364,462,3,evaluation-3d-01,5000,central_cluster,99,392.0,2793.895326510133,0.8369206133211603,250.0,0.03371435799635947,2686.9698472251766,0.8702250948713492,0.8485373620060273,1.5,1.5,1,0.8,0.8,1,0.0,3827,501,30010001,1,1,3598
2568,3451,SC-RRT,5000,8917,461,3,evaluation-3d-01,5000,central_cluster,99,392.0,2793.895326510133,0.8369206133211603,250.0,0.03520445298636332,2648.1264781893624,0.882989770117309,0.8170417409855872,1.3348680149552994,1.3348680149552994,1,0.9145623023495038,0.9145623023495038,1,0.025772959379451392,3789,536,30010001,1,1,3453
2567,3486,SC-RRT,5000,9616,349,3,evaluation-3d-01,5000,central_cluster,99,230.0,2842.753248346104,0.8225365995372177,185.0,0.022950165992369875,2674.7664515165425,0.8741954232647975,0.9234947139921132,1.3911790776326862,1.3911790776326862,1,0.8747490029445018,0.8747490029445018,1,0.006579897441588351,4457,794,30010002,2,1,3488
2567,3621,SC-RRT-fixed-matched,5000,9886,321,3,evaluation-3d-01,5000,central_cluster,99,230.0,2842.753248346104,0.8225365995372177,185.0,0.02178571099648252,2646.904784571932,0.883397318954236,0.9396690879948437,1.5,1.5,1,0.8,0.8,1,0.0,4459,756,30010002,2,1,3623
2571,3661,SC-RRT-fixed-matched,5000,9930,336,3,evaluation-3d-01,5000,central_cluster,99,203.0,2610.9776032875734,0.895552909865557,154.0,0.01882503301021643,2554.9007479984084,0.9152091689079739,0.8934228560246993,1.5,1.5,1,0.8,0.8,1,0.0,4358,739,30010003,3,1,3663
2571,3484,SC-RRT,5000,9934,431,3,evaluation-3d-01,5000,central_cluster,99,203.0,2610.9776032875734,0.895552909865557,154.0,0.018899093993240967,2518.662114560952,0.9283772431005841,0.9269667500047944,1.3151715582891508,1.3151715582891508,1,0.9285478146442021,0.9285478146442021,1,0.023255193255447514,4593,938,30010003,3,1,3486
2564,3319,SC-RRT,5000,9780,606,3,evaluation-3d-01,5000,central_cluster,99,442.0,2778.495623712555,0.8415592129289192,273.0,0.03690674898098223,2639.631567755276,0.8858314238931576,0.9126296699978411,1.3126679940740364,1.3126679940740364,1,0.9303255366799403,0.9303255366799403,1,0.026899029820170332,4630,1004,30010004,4,1,3321
2564,3407,SC-RRT-fixed-matched,5000,9675,617,3,evaluation-3d-01,5000,central_cluster,99,442.0,2778.495623712555,0.8415592129289192,273.0,0.036515693995170295,2629.064790750632,0.8893917709614065,0.8240967009915039,1.5,1.5,1,0.8,0.8,1,0.0,4345,974,30010004,4,1,3409
2570,3585,SC-RRT-fixed-matched,5000,9719,411,3,evaluation-3d-01,5000,central_cluster,99,222.0,2631.7803119762116,0.8884740795337022,153.0,0.018984822992933914,2606.1631495866895,0.8972072951721419,0.828317503008293,1.5,1.5,1,0.8,0.8,1,0.0,4132,642,30010005,5,1,3587
2570,3450,SC-RRT,5000,9427,438,3,evaluation-3d-01,5000,central_cluster,99,222.0,2631.7803119762116,0.8884740795337022,153.0,0.01939669399871491,2594.048136357948,0.9013975328541594,0.8179823590035085,1.4017309671670088,1.4017309671670088,1,0.8673454859520799,0.8673454859520799,1,0.006373299943822612,4126,705,30010005,5,1,3452
2562,3389,SC-RRT,5000,9460,504,3,evaluation-3d-01,5000,central_cluster,99,215.0,2695.445841309571,0.8674886189076411,165.0,0.019886577007127926,2584.6114004099845,0.9046886467524966,0.803063483996084,1.39725021220956,1.39725021220956,1,0.8704863567825544,0.8704863567825544,1,0.005436020112072974,4232,852,30010006,6,1,3391
2562,3492,SC-RRT-fixed-matched,5000,9484,494,3,evaluation-3d-01,5000,central_cluster,99,215.0,2695.445841309571,0.8674886189076411,165.0,0.020611418003682047,2583.8284737886884,0.9049627767238598,0.8253742610104382,1.5,1.5,1,0.8,0.8,1,0.0,4021,635,30010006,6,1,3494
2566,3617,SC-RRT-fixed-matched,5000,9730,451,3,evaluation-3d-01,5000,central_cluster,99,228.0,2800.345134343713,0.8349930019486612,174.0,0.020925661985529587,2739.431231527788,0.8535598788927896,0.8629452530003618,1.5,1.5,1,0.8,0.8,1,0.0,4083,651,30010007,7,1,3619
2566,3475,SC-RRT,5000,9495,454,3,evaluation-3d-01,5000,central_cluster,99,228.0,2800.345134343713,0.8349930019486612,174.0,0.02203748602187261,2739.431231527788,0.8535598788927896,0.820366288011428,1.400343939804491,1.400343939804491,1,0.8683172655567879,0.8683172655567879,1,0.00450560834346709,4168,740,30010007,7,1,3477
2574,3395,SC-RRT,5000,10832,411,3,evaluation-3d-01,5000,central_cluster,99,195.0,2571.2660333349204,0.9093841554719487,144.0,0.017639133002376184,2492.6324251428287,0.9380719622485054,0.9350062549929135,1.3929755423391006,1.3929755423391006,1,0.8734868685719263,0.8734868685719263,1,0.007581344258229054,5651,1494,30010008,8,1,3397
2574,3570,SC-RRT-fixed-matched,5000,10102,374,3,evaluation-3d-01,5000,central_cluster,99,195.0,2571.2660333349204,0.9093841554719487,144.0,0.017741749994456768,2491.458732246095,0.9385138754074376,0.8506319879961666,1.5,1.5,1,0.8,0.8,1,0.0,4591,938,30010008,8,1,3572
2561,3559,SC-RRT-fixed-matched,5000,9905,507,3,evaluation-3d-01,5000,central_cluster,99,326.0,3032.7185889719344,0.7710140329936241,225.0,0.02898680098587647,2612.515562114343,0.8950257078375421,0.8570409170060884,1.5,1.5,1,0.8,0.8,1,0.0,4382,835,30010009,9,1,3561
2561,3381,SC-RRT,5000,10347,599,3,evaluation-3d-01,5000,central_cluster,99,326.0,3032.7185889719344,0.7710140329936241,225.0,0.029297165980096906,2519.251808933184,0.9281599330112856,0.975116227986291,1.2852306215837075,1.2852306215837075,1,0.9497880602617543,0.9497880602617543,1,0.0380466721870905,5078,1393,30010009,9,1,3383
2575,3460,SC-RRT,5000,9539,491,3,evaluation-3d-01,5000,central_cluster,99,279.0,2628.6640807209706,0.8895273486510537,179.0,0.025665666995337233,2579.80116008776,0.9063755092421312,0.8463802309997845,1.4023184648800264,1.4023184648800264,1,0.8669340063836044,0.8669340063836044,1,0.00686374648429349,4229,671,30010010,10,1,3462
2575,3589,SC-RRT-fixed-matched,5000,10433,502,3,evaluation-3d-01,5000,central_cluster,99,279.0,2628.6640807209706,0.8895273486510537,179.0,0.02314807299990207,2509.727376843375,0.9316823061311765,0.8848311140027363,1.5,1.5,1,0.8,0.8,1,0.0,4785,980,30010010,10,1,3591
2574,3663,SC-RRT-fixed-matched,5000,9683,332,3,evaluation-3d-01,5000,central_cluster,99,196.0,2621.7960991855266,0.8918575288689988,150.0,0.018066075979731977,2560.4529269636264,0.913224596161928,0.8739638119877782,1.5,1.5,1,0.8,0.8,1,0.0,4113,694,30010011,11,1,3665
2574,3532,SC-RRT,5000,9124,343,3,evaluation-3d-01,5000,central_cluster,99,196.0,2621.7960991855266,0.8918575288689988,150.0,0.017700152995530516,2547.240982664823,0.917961278941021,0.8140286729903892,1.3412977024940869,1.3412977024940869,1,0.9099994990469031,0.9099994990469031,1,0.017142051324301168,3838,549,30010011,11,1,3534
2573,3469,SC-RRT,5000,9711,419,3,evaluation-3d-01,5000,central_cluster,99,196.0,2564.7263697562194,0.9117029472583618,151.0,0.01813634199788794,2510.942334275328,0.9312314975536153,0.8417122419923544,1.3737432233797384,1.3737432233797384,1,0.8870305533442083,0.8870305533442083,1,0.009856858491292484,4433,792,30010012,12,1,3471
2573,3544,SC-RRT-fixed-matched,5000,9833,422,3,evaluation-3d-01,5000,central_cluster,99,196.0,2564.7263697562194,0.9117029472583618,151.0,0.019850893004331738,2523.8182709647117,0.9264805699834313,0.8466358589939773,1.5,1.5,1,0.8,0.8,1,0.0,4380,750,30010012,12,1,3546
2572,3537,SC-RRT-fixed-matched,5000,9552,572,3,evaluation-3d-01,5000,central_cluster,99,437.0,2758.795470630605,0.847568663610827,252.0,0.03643985898816027,2694.7393314215938,0.8677160580813746,0.8332819569914136,1.5,1.5,1,0.8,0.8,1,0.0,4005,631,30010013,13,1,3539
2572,3390,SC-RRT,5000,10034,597,3,evaluation-3d-01,5000,central_cluster,99,437.0,2758.795470630605,0.847568663610827,252.0,0.03561599299428053,2597.1088384026616,0.9003352326412798,0.9090469979855698,1.2874929254956347,1.2874929254956347,1,0.9481855284022601,0.9481855284022601,1,0.04332159163919441,4780,1143,30010013,13,1,3392
2573,3496,SC-RRT,5000,9072,474,3,evaluation-3d-01,5000,central_cluster,99,192.0,2638.400409139329,0.8862447800259209,151.0,0.01798036298714578,2583.4828410810032,0.9050838476788898,0.7901634729932994,1.3674743009030104,1.3674743009030104,1,0.8914586360153414,0.8914586360153414,1,0.011697938844994989,3768,524,30010014,14,1,3498
2573,3615,SC-RRT-fixed-matched,5000,9645,478,3,evaluation-3d-01,5000,central_cluster,99,192.0,2638.400409139329,0.8862447800259209,151.0,0.01812274902476929,2607.1760707216054,0.8968587187020346,0.8460035970201716,1.5,1.5,1,0.8,0.8,1,0.0,4010,647,30010014,14,1,3617
2573,3593,SC-RRT-fixed-matched,5000,9644,469,3,evaluation-3d-01,5000,central_cluster,99,278.0,2932.194890155415,0.797446512872836,209.0,0.02548317299806513,2784.684576723206,0.8396888501352177,0.9049916490039323,1.5,1.5,1,0.8,0.8,1,0.0,4138,604,30010015,15,1,3595
2573,3442,SC-RRT,5000,9226,469,3,evaluation-3d-01,5000,central_cluster,99,278.0,2932.194890155415,0.797446512872836,209.0,0.026344697980675846,2715.263379205146,0.8611571931200569,0.8714042739884462,1.2769802553226801,1.2769802553226801,1,0.95,0.95,1,0.04343503885332174,4058,600,30010015,15,1,3444
2567,3467,SC-RRT,5000,9281,405,3,evaluation-3d-01,5000,central_cluster,99,189.0,2684.8144819285776,0.8709237103557115,140.0,0.0186147470085416,2645.904504019139,0.883731286093714,0.9221735900209751,1.3754905515031637,1.3754905515031637,1,0.8857973838973974,0.8857973838973974,1,0.00835689708129203,4050,623,30010016,16,1,3469
2567,3579,SC-RRT-fixed-matched,5000,9791,454,3,evaluation-3d-01,5000,central_cluster,99,189.0,2684.8144819285776,0.8709237103557115,140.0,0.018236081989016384,2637.9328349159173,0.8864018671243066,0.9547921539924573,1.5,1.5,1,0.8,0.8,1,0.0,4227,636,30010016,16,1,3581
2579,3498,SC-RRT-fixed-matched,5000,9431,565,3,evaluation-3d-01,5000,central_cluster,99,171.0,2563.8326041687924,0.9120207717211954,135.0,0.01709004899021238,2547.0871936381304,0.9180167039661173,0.8920887619897258,1.5,1.5,1,0.8,0.8,1,0.0,3897,442,30010017,17,1,3500
2579,3449,SC-RRT,5000,9243,490,3,evaluation-3d-01,5000,central_cluster,99,171.0,2563.8326041687924,0.9120207717211954,135.0,0.01751586500904523,2547.0871936381304,0.9180167039661173,0.8744206260016654,1.3917632700554083,1.3917632700554083,1,0.874338496774606,0.874338496774606,1,0.006929753872780937,3932,511,30010017,17,1,3451
2569,3435,SC-RRT,5000,10272,487,3,evaluation-3d-01,5000,central_cluster,99,246.0,2723.591213556745,0.8585240613860085,167.0,0.022983731993008405,2555.11234676816,0.9151333768847968,1.053665309009375,1.313536056692795,1.313536056692795,1,0.9297091597381726,0.9297091597381726,1,0.02782456736721247,5010,1250,30010018,18,1,3437
2569,3616,SC-RRT-fixed-matched,5000,9866,410,3,evaluation-3d-01,5000,central_cluster,99,246.0,2723.591213556745,0.8585240613860085,167.0,0.023615584010258317,2621.2172267645883,0.8920544876412809,0.9607186370121781,1.5,1.5,1,0.8,0.8,1,0.0,4309,826,30010018,18,1,3618
2561,3518,SC-RRT-fixed-matched,5000,9791,457,3,evaluation-3d-01,5000,central_cluster,99,234.0,2790.992367795709,0.8377911087104547,184.0,0.023413582995999604,2620.554514682518,0.892280079317971,0.9737103589868639,1.5,1.5,1,0.8,0.8,1,0.0,4364,812,30010019,19,1,3520
2561,3348,SC-RRT,5000,9440,494,3,evaluation-3d-01,5000,central_cluster,99,234.0,2790.992367795709,0.8377911087104547,184.0,0.02453046597656794,2628.791098067514,0.8894843686654675,0.9259381169977132,1.3563664190332947,1.3563664190332947,1,0.8993176857723014,0.8993176857723014,1,0.011787342104871094,4357,850,30010019,19,1,3350
2568,3527,SC-RRT,5000,9366,359,3,evaluation-3d-01,5000,central_cluster,99,182.0,2666.973101336657,0.8767499713611924,149.0,0.018801439000526443,2651.8457973546083,0.8817513418580227,0.8636821580003016,1.4133929211331777,1.4133929211331777,1,0.8591930823149257,0.8591930823149257,1,0.004607096472844074,4093,630,30010020,20,1,3529
2568,3643,SC-RRT-fixed-matched,5000,9749,390,3,evaluation-3d-01,5000,central_cluster,99,182.0,2666.973101336657,0.8767499713611924,149.0,0.019360311998752877,2658.3314546410215,0.8796000913037918,0.9235683250008151,1.5,1.5,1,0.8,0.8,1,0.0,4136,564,30010020,20,1,3645
2579,3562,SC-RRT-fixed-matched,5000,10152,427,3,evaluation-3d-01,5000,central_cluster,98,261.0,2580.7489666157644,0.9060426335399239,170.0,0.02384683900163509,2520.5120791285517,0.9276958478320101,1.0011898840020876,1.5,1.5,1,0.8,0.8,1,0.0,4643,886,30010021,21,1,3564
2579,3449,SC-RRT,5000,10357,448,3,evaluation-3d-01,5000,central_cluster,98,261.0,2580.7489666157644,0.9060426335399239,170.0,0.02377992999390699,2505.6074990668244,0.9332142369021632,1.0366619039850775,1.3582897389623103,1.3582897389623103,1,0.897955841615017,0.897955841615017,1,0.016095778646890987,5056,1130,30010021,21,1,3451
2565,3591,SC-RRT,5000,10545,313,3,evaluation-3d-01,5000,central_cluster,99,171.0,2612.0604791994656,0.8951816425531647,145.0,0.019482075003907084,2562.1705772956025,0.9126123806659473,1.0969026969978586,1.37728743977601,1.37728743977601,1,0.8845297500195866,0.8845297500195866,1,0.011568778931421296,5151,1018,30010022,22,1,3593
2565,3684,SC-RRT-fixed-matched,5000,10569,331,3,evaluation-3d-01,5000,central_cluster,99,171.0,2612.0604791994656,0.8951816425531647,145.0,0.020320198993431404,2550.274727912183,0.9168692943650975,1.0861170009884518,1.5,1.5,1,0.8,0.8,1,0.0,4925,950,30010022,22,1,3686
2569,3591,SC-RRT-fixed-matched,5000,9628,598,3,evaluation-3d-01,5000,central_cluster,99,325.0,2879.3842021809232,0.8120724523135594,201.0,0.028879407997010276,2751.291819591113,0.8498802539112297,0.932871958008036,1.5,1.5,1,0.8,0.8,1,0.0,3926,529,30010023,23,1,3593
2569,3435,SC-RRT,5000,9329,618,3,evaluation-3d-01,5000,central_cluster,99,325.0,2879.3842021809232,0.8120724523135594,201.0,0.029181963996961713,2761.789062458096,0.8466499567265421,0.8691954709938727,1.2929695850734653,1.2929695850734653,1,0.9443039758127368,0.9443039758127368,1,0.02903714838039819,4039,743,30010023,23,1,3437
2574,3395,SC-RRT,5000,9734,520,3,evaluation-3d-01,5000,central_cluster,99,240.0,2589.935837491619,0.9028287714195354,167.0,0.022802749008405954,2513.074389301243,0.9304414545675811,0.9450546070002019,1.345443579808002,1.345443579808002,1,0.9070587349707493,0.9070587349707493,1,0.013766476355236612,4530,808,30010024,24,1,3397
2574,3529,SC-RRT-fixed-matched,5000,9535,468,3,evaluation-3d-01,5000,central_cluster,99,240.0,2589.935837491619,0.9028287714195354,167.0,0.022630984021816403,2539.8869807598294,0.9206191487774273,0.8939627520157956,1.5,1.5,1,0.8,0.8,1,0.0,4088,530,30010024,24,1,3531
2575,3601,SC-RRT-fixed-matched,5000,9535,455,3,evaluation-3d-01,5000,central_cluster,99,260.0,2661.863875522531,0.8784328198446946,171.0,0.024357079004403204,2594.8285716492937,0.9011264234429799,0.8925316829991061,1.5,1.5,1,0.8,0.8,1,0.0,3922,539,30010025,25,1,3603
2575,3402,SC-RRT,5000,9804,480,3,evaluation-3d-01,5000,central_cluster,99,260.0,2661.863875522531,0.8784328198446946,171.0,0.023854553001001477,2502.4025132578763,0.9344094636373241,1.055132722016424,1.298160699388149,1.298160699388149,1,0.9406224485658164,0.9406224485658164,1,0.03514641151139541,4620,1076,30010025,25,1,3404
2577,3514,SC-RRT,5000,9775,422,3,evaluation-3d-01,5000,central_cluster,99,293.0,2743.292636055797,0.8523584248670819,205.0,0.028870063018985093,2634.0853360887704,0.8876965974420439,1.0108221690170467,1.2843007050526598,1.2843007050526598,1,0.95,0.95,1,0.03505172424742364,4396,775,30010026,26,1,3516
2577,3717,SC-RRT-fixed-matched,5000,10121,390,3,evaluation-3d-01,5000,central_cluster,99,293.0,2743.292636055797,0.8523584248670819,205.0,0.028646853024838492,2725.37207179581,0.857963070223012,0.9742379980161786,1.5,1.5,1,0.8,0.8,1,0.0,4322,625,30010026,26,1,3719
2563,3551,SC-RRT-fixed-matched,5000,10051,490,3,evaluation-3d-01,5000,central_cluster,99,312.0,2804.5395278528445,0.8337442089854097,200.0,0.027818981994641945,2597.8401988705527,0.9000817645498669,1.0277270090009551,1.5,1.5,1,0.8,0.8,1,0.0,4488,845,30010027,27,1,3553
2563,3461,SC-RRT,5000,10058,505,3,evaluation-3d-01,5000,central_cluster,99,312.0,2804.5395278528445,0.8337442089854097,200.0,0.02930413099238649,2642.70974940165,0.8847996230942139,0.9533582029980607,1.3367750156370495,1.3367750156370495,1,0.913208779449325,0.913208779449325,1,0.011434972850493753,4675,1014,30010027,27,1,3463
2566,3401,SC-RRT,5000,9208,514,3,evaluation-3d-01,5000,central_cluster,99,322.0,2815.9055017854316,0.8303789273948999,199.0,0.02796360000502318,2527.429253069402,0.9251568910893572,0.9272770450043026,1.2644360281663898,1.2644360281663898,1,0.95,0.95,1,0.06132774461080626,3986,606,30010028,28,1,3403
2566,3445,SC-RRT-fixed-matched,5000,9595,533,3,evaluation-3d-01,5000,central_cluster,99,322.0,2815.9055017854316,0.8303789273948999,199.0,0.034066752006765455,2670.5293491225134,0.8755824349903872,0.972169701999519,1.5,1.5,1,0.8,0.8,1,0.0,4222,726,30010028,28,1,3447
2572,3591,SC-RRT-fixed-matched,5000,9278,433,3,evaluation-3d-01,5000,central_cluster,99,392.0,2823.093763827247,0.828264586950173,236.0,0.03367157600587234,2783.9713968112237,0.8399039562318241,0.8519512170169037,1.5,1.5,1,0.8,0.8,1,0.0,3741,437,30010029,29,1,3593
2572,3477,SC-RRT,5000,9162,451,3,evaluation-3d-01,5000,central_cluster,99,392.0,2823.093763827247,0.828264586950173,236.0,0.03320398100186139,2789.4065314205436,0.8382674106047887,0.8396276409912389,1.3724810395153695,1.3724810395153695,1,0.8879216315639054,0.8879216315639054,1,0.009948210121470024,3900,560,30010029,29,1,3479
2562,3487,SC-RRT,5000,9020,414,3,evaluation-3d-01,5000,central_cluster,99,214.0,2528.0168839634707,0.924941840796571,152.0,0.01969850098248571,2518.3995954818524,0.9284740175518479,0.8181325249897782,1.4112934780664022,1.4112934780664022,1,0.8606582253149223,0.8606582253149223,1,0.0030189506174244573,3792,485,30010030,30,1,3489
2562,3632,SC-RRT-fixed-matched,5000,9410,378,3,evaluation-3d-01,5000,central_cluster,99,214.0,2528.0168839634707,0.924941840796571,152.0,0.019833906990243122,2518.3995954818524,0.9284740175518479,0.8467681339825504,1.5,1.5,1,0.8,0.8,1,0.0,3906,474,30010030,30,1,3634
2576,3484,SC-RRT-fixed-matched,5000,9495,629,3,evaluation-3d-01,5000,central_cluster,99,277.0,2515.2674846489645,0.9296301902238113,196.0,0.025779718009289354,2503.45111874263,0.9340180731758767,0.8323565360042267,1.5,1.5,1,0.8,0.8,1,0.0,4034,677,30010031,31,1,3486
2576,3330,SC-RRT,5000,9493,692,3,evaluation-3d-01,5000,central_cluster,99,277.0,2515.2674846489645,0.9296301902238113,196.0,0.025082371983444318,2503.45111874263,0.9340180731758767,0.8579034789872821,1.409224608630062,1.409224608630062,1,0.8621031298495491,0.8621031298495491,1,0.004014566769690718,4306,881,30010031,31,1,3332
2571,3367,SC-RRT,5000,9854,651,3,evaluation-3d-01,5000,central_cluster,99,505.0,2965.77589417504,0.7884171541115034,319.0,0.04415438699652441,2680.598015473746,0.8722936362409933,0.9609993929916527,1.2723595115734778,1.2723595115734778,1,0.95,0.95,1,0.06745471044751064,4646,1012,30010032,32,1,3369
2571,3542,SC-RRT-fixed-matched,5000,9717,652,3,evaluation-3d-01,5000,central_cluster,99,505.0,2965.77589417504,0.7884171541115034,319.0,0.04311171200242825,2832.8366940781307,0.8254159497107579,0.9150656060082838,1.5,1.5,1,0.8,0.8,1,0.0,4103,700,30010032,32,1,3544
2572,3613,SC-RRT-fixed-matched,5000,9774,392,3,evaluation-3d-01,5000,central_cluster,99,213.0,2743.1225513572285,0.8524112745385973,167.0,0.02161936101038009,2556.1439814883424,0.914764038000904,0.9076604449946899,1.5,1.5,1,0.8,0.8,1,0.0,4216,722,30010033,33,1,3615
2572,3391,SC-RRT,5000,9999,473,3,evaluation-3d-01,5000,central_cluster,99,213.0,2743.1225513572285,0.8524112745385973,167.0,0.02115404698997736,2536.5066227280163,0.9218460418223443,0.8909309539885726,1.3500197076079128,1.3500197076079128,1,0.9038143025225404,0.9038143025225404,1,0.01424771875600523,4844,1156,30010033,33,1,3393
2563,3364,SC-RRT,5000,9977,640,3,evaluation-3d-01,5000,central_cluster,99,286.0,2669.5272480868557,0.8759111156830216,203.0,0.025725262996274978,2604.5728176419148,0.8977551229821124,0.8555884019879159,1.371515252411555,1.371515252411555,1,0.888603623681895,0.888603623681895,1,0.012835807167077846,4693,987,30010034,34,1,3366
2563,3546,SC-RRT-fixed-matched,5000,9609,525,3,evaluation-3d-01,5000,central_cluster,99,286.0,2669.5272480868557,0.8759111156830216,203.0,0.025482583994744346,2629.6244333922677,0.8892024885856309,0.8339233509905171,1.5,1.5,1,0.8,0.8,1,0.0,4112,602,30010034,34,1,3548
2570,3520,SC-RRT-fixed-matched,5000,9869,426,3,evaluation-3d-01,5000,central_cluster,99,269.0,2801.144366975516,0.8347547587283717,188.0,0.023520996008301154,2659.931024015337,0.8790711372237832,0.8831079539959319,1.5,1.5,1,0.8,0.8,1,0.0,4524,1040,30010035,35,1,3522
2570,3386,SC-RRT,5000,10003,410,3,evaluation-3d-01,5000,central_cluster,99,269.0,2801.144366975516,0.8347547587283717,188.0,0.02454030601074919,2616.629714695177,0.8936184501330482,0.9114323550020345,1.2862593742274049,1.2862593742274049,1,0.9490593973108018,0.9490593973108018,1,0.03932983314584173,4987,1112,30010035,35,1,3388
2565,3218,SC-RRT,5000,8610,729,3,evaluation-3d-01,5000,central_cluster,99,508.0,2886.3232619612522,0.8101201348559739,285.0,0.04116928298026323,2627.4029323037626,0.8899543200889026,0.7967257399868686,1.2915810222965696,1.2915810222965696,1,0.945288373046945,0.945288373046945,1,0.08296129513663313,3583,497,30010036,36,1,3220
2565,3543,SC-RRT-fixed-matched,5000,9305,549,3,evaluation-3d-01,5000,central_cluster,99,508.0,2886.3232619612522,0.8101201348559739,285.0,0.04132951897918247,2854.712054959044,0.8190908733355704,0.8049295359815005,1.5,1.5,1,0.8,0.8,1,0.0,3795,451,30010036,36,1,3545
2573,3533,SC-RRT-fixed-matched,5000,10014,365,3,evaluation-3d-01,5000,central_cluster,99,195.0,2746.5628784230057,0.8513435496370461,157.0,0.018470545997843146,2666.8729086078015,0.8767829103032285,0.885145146981813,1.5,1.5,1,0.8,0.8,1,0.0,4699,902,30010037,37,1,3535
2573,3497,SC-RRT,5000,9703,367,3,evaluation-3d-01,5000,central_cluster,99,195.0,2746.5628784230057,0.8513435496370461,157.0,0.01896901201689616,2637.160213712738,0.8866615604389246,0.8609381880087312,1.3101851378740847,1.3101851378740847,1,0.9320884119008658,0.9320884119008658,1,0.021265470179706418,4502,857,30010037,37,1,3499
2590,3403,SC-RRT,5000,8959,544,3,evaluation-3d-01,5000,central_cluster,98,255.0,2597.640968396982,0.9001507978452242,180.0,0.022614246990997344,2562.398931812461,0.9125310509570254,0.7716744249919429,1.403066213302987,1.403066213302987,1,0.866410404142096,0.866410404142096,1,0.005461087623604443,3808,545,30010038,38,1,3405
2590,3551,SC-RRT-fixed-matched,5000,9430,551,3,evaluation-3d-01,5000,central_cluster,98,255.0,2597.640968396982,0.9001507978452242,180.0,0.02263136301189661,2564.1022583089275,0.9119248589407332,0.7979906520049553,1.5,1.5,1,0.8,0.8,1,0.0,3918,478,30010038,38,1,3553
2573,3554,SC-RRT-fixed-matched,5000,9457,547,3,evaluation-3d-01,5000,central_cluster,99,392.0,2671.3198717382506,0.8753233242323963,226.0,0.03162286101724021,2606.1065616205806,0.8972267767761407,0.8161367620050441,1.5,1.5,1,0.8,0.8,1,0.0,3910,522,30010039,39,1,3556
2573,3392,SC-RRT,5000,9212,553,3,evaluation-3d-01,5000,central_cluster,99,392.0,2671.3198717382506,0.8753233242323963,226.0,0.03167611200478859,2626.9578779085773,0.8901050945208038,0.7728412119904533,1.3851449244141607,1.3851449244141607,1,0.8789931010240082,0.8789931010240082,1,0.00655195551279898,4041,699,30010039,39,1,3394
2567,3381,SC-RRT,5000,9268,590,3,evaluation-3d-01,5000,central_cluster,99,447.0,2635.2064141121227,0.8873189506886558,246.0,0.035460626997519284,2591.575251278882,0.9022576477623419,0.8136257299920544,1.3649477419222786,1.3649477419222786,1,0.893244862334499,0.893244862334499,1,0.012679051371908914,4008,763,30010040,40,1,3383
2567,3471,SC-RRT-fixed-matched,5000,9244,571,3,evaluation-3d-01,5000,central_cluster,99,447.0,2635.2064141121227,0.8873189506886558,246.0,0.03571636701235548,2596.7408362449482,0.9004628253927984,0.8113873609981965,1.5,1.5,1,0.8,0.8,1,0.0,3821,582,30010040,40,1,3473
2583,3472,SC-RRT-fixed-matched,5000,9767,463,3,evaluation-3d-01,5000,central_cluster,98,300.0,2903.3958478322966,0.8053564559458051,201.0,0.025759117008419707,2696.8201905717315,0.8670465307226384,0.8781038630113471,1.5,1.5,1,0.8,0.8,1,0.0,4494,864,30010041,41,1,3474
2583,3431,SC-RRT,5000,9637,498,3,evaluation-3d-01,5000,central_cluster,98,300.0,2903.3958478322966,0.8053564559458051,201.0,0.025739081000210717,2727.988758898244,0.8571401119564522,0.9087601799983531,1.3662824409210483,1.3662824409210483,1,0.892301149465584,0.892301149465584,1,0.009991834116194531,4415,910,30010041,41,1,3433
2577,3496,SC-RRT,5000,9274,380,3,evaluation-3d-01,5000,central_cluster,99,195.0,2812.0716438369886,0.8315110304328825,148.0,0.017415785987395793,2693.0744149012253,0.8682524988095235,0.8352748949837405,1.3867130344891854,1.3867130344891854,1,0.8778894983144524,0.8778894983144524,1,0.0037393960884039325,4007,740,30010042,42,1,3498
2577,3594,SC-RRT-fixed-matched,5000,9720,371,3,evaluation-3d-01,5000,central_cluster,98,195.0,2812.0716438369886,0.8315110304328825,148.0,0.01814346300670877,2685.5238548968573,0.870693658503283,0.9365852290065959,1.5,1.5,1,0.8,0.8,1,0.0,4254,839,30010042,42,1,3596
2573,3581,SC-RRT-fixed-matched,5000,9421,459,3,evaluation-3d-01,5000,central_cluster,99,271.0,2782.8379759531217,0.8402460403456035,188.0,0.026562779996311292,2710.117936837078,0.8627921901239946,0.9311847540084273,1.5,1.5,1,0.8,0.8,1,0.0,3888,546,30010043,43,1,3583
2573,3456,SC-RRT,5000,9538,451,3,evaluation-3d-01,5000,central_cluster,98,271.0,2782.8379759531217,0.8402460403456035,188.0,0.026519011007621884,2696.701550839474,0.867084675903453,0.9379724279860966,1.3425110802180782,1.3425110802180782,1,0.9091387006396194,0.9091387006396194,1,0.013659213341640285,4304,792,30010043,43,1,3458
2576,3501,SC-RRT,5000,9634,409,3,evaluation-3d-01,5000,central_cluster,99,259.0,2770.6975824069627,0.8439277548965418,198.0,0.026255489996401593,2671.032645326869,0.8754174511153672,0.935239011014346,1.3545467826280209,1.3545467826280209,1,0.9006064804268943,0.9006064804268943,1,0.015131507371815858,4350,876,30010044,44,1,3503
2576,3612,SC-RRT-fixed-matched,5000,9973,394,3,evaluation-3d-01,5000,central_cluster,99,259.0,2770.6975824069627,0.8439277548965418,198.0,0.02585331498994492,2678.8403245609006,0.8728659818876137,0.9652497300121468,1.5,1.5,1,0.8,0.8,1,0.0,4448,861,30010044,44,1,3614
2576,3540,SC-RRT-fixed-matched,5000,9347,521,3,evaluation-3d-01,5000,central_cluster,99,279.0,2698.890885772613,0.8663812985342706,183.0,0.02652072600903921,2625.4788813318087,0.8906065125276752,0.9185560430050828,1.5,1.5,1,0.8,0.8,1,0.0,3815,443,30010045,45,1,3542
2576,3431,SC-RRT,5000,9113,539,3,evaluation-3d-01,5000,central_cluster,99,279.0,2698.890885772613,0.8663812985342706,183.0,0.02705531701212749,2629.531407766647,0.8892339461364173,0.9266798520111479,1.4014368983374803,1.4014368983374803,1,0.8675514797513882,0.8675514797513882,1,0.006459276130722533,3801,466,30010045,45,1,3433
2561,3336,SC-RRT,5000,9292,670,3,evaluation-3d-01,5000,central_cluster,99,314.0,2819.3552971691365,0.8293628662431434,227.0,0.030626452004071325,2701.643112753502,0.8654986956566709,0.916657560999738,1.3491621344768165,1.3491621344768165,1,0.9044221804830495,0.9044221804830495,1,0.020493117506319554,4025,706,30010046,46,1,3338
2561,3522,SC-RRT-fixed-matched,5000,9278,574,3,evaluation-3d-01,5000,central_cluster,99,314.0,2819.3552971691365,0.8293628662431434,227.0,0.031115950987441465,2739.6525684798744,0.8534909196589835,0.9166519939899445,1.5,1.5,1,0.8,0.8,1,0.0,3767,501,30010046,46,1,3524
2571,3566,SC-RRT-fixed-matched,5000,9776,435,3,evaluation-3d-01,5000,central_cluster,99,335.0,2701.5586785824203,0.8655257458427429,212.0,0.03135845501674339,2580.0853330993073,0.9062756801958785,0.9295369150058832,1.5,1.5,1,0.8,0.8,1,0.0,4349,813,30010047,47,1,3568
2571,3383,SC-RRT,5000,9564,507,3,evaluation-3d-01,5000,central_cluster,99,335.0,2701.5586785824203,0.8655257458427429,212.0,0.02943310799309984,2565.332140533822,0.9114876601247478,0.9332537829759531,1.2960695059987222,1.2960695059987222,1,0.9421057646452311,0.9421057646452311,1,0.028530351241644093,4453,902,30010047,47,1,3385
2573,3534,SC-RRT,5000,9375,480,3,evaluation-3d-01,5000,central_cluster,99,355.0,2888.305685779749,0.8095640990253175,220.0,0.03153530601412058,2741.4318492533957,0.8529369755643536,0.9144856820057612,1.3951157087732815,1.3951157087732815,1,0.8719841377763211,0.8719841377763211,1,0.005220897460494606,3935,562,30010048,48,1,3536
2573,3660,SC-RRT-fixed-matched,5000,9795,485,3,evaluation-3d-01,5000,central_cluster,99,355.0,2888.305685779749,0.8095640990253175,220.0,0.03237247999641113,2707.4824244672045,0.8636320476496254,0.9411768639984075,1.5,1.5,1,0.8,0.8,1,0.0,4020,549,30010048,48,1,3662
2579,3673,SC-RRT-fixed-matched,5000,9749,379,3,evaluation-3d-01,5000,central_cluster,99,165.0,2542.234249261555,0.9197691325640756,134.0,0.01691898301942274,2524.715472482812,0.926151329012344,0.9213360820140224,1.5,1.5,1,0.8,0.8,1,0.0,4058,564,30010049,49,1,3675
2579,3552,SC-RRT,5000,9383,362,3,evaluation-3d-01,5000,central_cluster,99,165.0,2542.234249261555,0.9197691325640756,134.0,0.016778344986960292,2489.5817976300523,0.9392214356820451,0.9812261579791084,1.3481110718046736,1.3481110718046736,1,0.9051672971979546,0.9051672971979546,1,0.017494366707028246,4016,604,30010049,49,1,3554
2582,3538,SC-RRT,5000,9698,335,3,evaluation-3d-02,5000,slab_clutter,98,181.0,2672.652376606355,0.8748869140950682,140.0,0.019179726019501686,2583.223489445145,0.9051747166948474,0.9774017900053877,1.3763213433233734,1.3763213433233734,2,0.8852112274750169,0.8852112274750169,1,0.010054482038350522,4381,590,30020000,0,1,3540
2582,3690,SC-RRT-fixed-matched,5000,10255,328,3,evaluation-3d-02,5000,slab_clutter,99,181.0,2672.652376606355,0.8748869140950682,140.0,0.018767027009744197,2592.879952036028,0.9018036443923625,1.0319228930165991,1.5,1.5,2,0.8,0.8,1,0.0,4588,635,30020000,0,1,3692
2570,3664,SC-RRT-fixed-matched,5000,10138,279,3,evaluation-3d-02,5000,slab_clutter,99,158.0,2598.068651460496,0.900002618831313,133.0,0.017069011984858662,2542.268148208824,0.9197568682380851,1.0549384179757908,1.5,1.5,2,0.8,0.8,1,0.0,4603,909,30020001,1,1,3666
2570,3493,SC-RRT,5000,9752,272,3,evaluation-3d-02,5000,slab_clutter,99,158.0,2598.068651460496,0.900002618831313,133.0,0.017476426000939682,2549.996898037544,0.9169691900478373,0.9429467869922519,1.3518936767320733,1.3518936767320733,2,0.9024861976374466,0.9024861976374466,1,0.011964100598081282,4676,1028,30020001,1,1,3495
2569,3505,SC-RRT,5000,9505,334,3,evaluation-3d-02,5000,slab_clutter,99,196.0,2599.1725011273065,0.8996203942615721,150.0,0.01939655700698495,2562.510508580491,0.9124913175529858,0.9135608759825118,1.3995582747573456,1.3995582747573456,2,0.8688679126043477,0.8688679126043477,1,0.00479253172367005,4209,672,30020002,2,1,3507
2569,3672,SC-RRT-fixed-matched,5000,9956,342,3,evaluation-3d-02,5000,slab_clutter,99,196.0,2599.1725011273065,0.8996203942615721,150.0,0.020855962997302413,2574.6615797133663,0.908184830442182,0.9145353850035463,1.5,1.5,2,0.8,0.8,1,0.0,4257,637,30020002,2,1,3674
2574,3696,SC-RRT-fixed-matched,5000,9668,232,3,evaluation-3d-02,5000,slab_clutter,99,124.0,2561.575754282984,0.9128242982111197,122.0,0.014156572986394167,2534.7532961772167,0.9224836964387972,0.9591034229961224,1.5,1.5,2,0.8,0.8,1,0.0,4083,599,30020003,3,1,3698
2574,3613,SC-RRT,5000,9405,258,3,evaluation-3d-02,5000,slab_clutter,99,124.0,2561.575754282984,0.9128242982111197,122.0,0.014754331990843639,2530.16992527301,0.9241547640187371,0.9365333559981082,1.4153212466634058,1.4153212466634058,2,0.8578483660014368,0.8578483660014368,1,0.0063206521189213705,3987,601,30020003,3,1,3615
2567,3491,SC-RRT,5000,10343,331,3,evaluation-3d-02,5000,slab_clutter,99,251.0,2628.443548047195,0.8896019821141693,163.0,0.023056174017256126,2456.5784020663173,0.9518395945560628,0.9875635860080365,1.379159419406995,1.379159419406995,2,0.8832097117348576,0.8832097117348576,1,0.008477893651404701,5130,1169,30020004,4,1,3493
2567,3572,SC-RRT-fixed-matched,5000,10573,318,3,evaluation-3d-02,5000,slab_clutter,99,251.0,2628.443548047195,0.8896019821141693,163.0,0.023099926009308547,2453.614297797024,0.9529894703977708,0.9505962429975625,1.5,1.5,2,0.8,0.8,1,0.0,5191,1125,30020004,4,1,3574
2569,3633,SC-RRT-fixed-matched,5000,9813,320,3,evaluation-3d-02,5000,slab_clutter,99,200.0,2733.0693280579935,0.8555467533198148,159.0,0.01940947800176218,2537.45966584538,0.9214998061610435,0.9455746950116009,1.5,1.5,2,0.8,0.8,1,0.0,4305,765,30020005,5,1,3635
2569,3525,SC-RRT,5000,10013,347,3,evaluation-3d-02,5000,slab_clutter,99,200.0,2733.0693280579935,0.8555467533198148,159.0,0.020287774997996166,2527.346470071635,0.9251871945169862,1.0175775129755493,1.340137879854871,1.340137879854871,2,0.9108223916584051,0.9108223916584051,1,0.015519645380458255,4699,1055,30020005,5,1,3527
2568,3448,SC-RRT,5000,9221,423,3,evaluation-3d-02,5000,slab_clutter,99,188.0,2564.2524938245,0.9118714306992959,141.0,0.018717344995820895,2515.0913806239696,0.9296952819415581,0.8497511269815732,1.3975608359827179,1.3975608359827179,2,0.8702684746361717,0.8702684746361717,1,0.010724084311596957,3996,667,30020006,6,1,3450
2568,3529,SC-RRT-fixed-matched,5000,9165,402,3,evaluation-3d-02,5000,slab_clutter,99,188.0,2564.2524938245,0.9118714306992959,141.0,0.018697291990974918,2529.5235042298345,0.924390932247897,0.8697054960066453,1.5,1.5,2,0.8,0.8,1,0.0,3790,519,30020006,6,1,3531
2566,3657,SC-RRT-fixed-matched,5000,9707,373,3,evaluation-3d-02,5000,slab_clutter,99,182.0,2568.455576496923,0.9103792222901175,132.0,0.016950279008597136,2529.915175234791,0.9242478218665885,0.9098203610046767,1.5,1.5,2,0.8,0.8,1,0.0,4033,543,30020007,7,1,3659
2566,3503,SC-RRT,5000,9270,395,3,evaluation-3d-02,5000,slab_clutter,99,182.0,2568.455576496923,0.9103792222901175,132.0,0.01802079100161791,2522.425880387352,0.9269919914788187,0.8949769170139916,1.3996315198532203,1.3996315198532203,2,0.8688165716145955,0.8688165716145955,1,0.005598191460777419,3936,589,30020007,7,1,3505
2584,3433,SC-RRT,5000,8917,470,3,evaluation-3d-02,5000,slab_clutter,98,347.0,2659.84581025711,0.8790993001176858,209.0,0.030054338014451787,2636.0001366504475,0.8870517712450541,0.8177933480183128,1.3770098686402101,1.3770098686402101,2,0.8847255309575472,0.8847255309575472,1,0.00923553817045637,3741,545,30020008,8,1,3435
2584,3586,SC-RRT-fixed-matched,5000,9448,473,3,evaluation-3d-02,5000,slab_clutter,99,347.0,2659.84581025711,0.8790993001176858,209.0,0.03247914102394134,2642.759552718417,0.8847829488735648,0.8671678350074217,1.5,1.5,2,0.8,0.8,1,0.0,3887,550,30020008,8,1,3588
2573,3542,SC-RRT-fixed-matched,5000,9371,387,3,evaluation-3d-02,5000,slab_clutter,99,142.0,2533.5916675944336,0.922906646767629,115.0,0.015552724013105035,2497.900350396307,0.9360936235294589,0.8923202170117293,1.5,1.5,2,0.8,0.8,1,0.0,3890,570,30020009,9,1,3544
2573,3421,SC-RRT,5000,9432,435,3,evaluation-3d-02,5000,slab_clutter,99,142.0,2533.5916675944336,0.922906646767629,115.0,0.014690594980493188,2452.458685283575,0.9534385244690117,0.9559634369798005,1.3380312097744878,1.3380312097744878,2,0.9123172746651254,0.9123172746651254,1,0.019246487377695323,4156,798,30020009,9,1,3423
2574,3473,SC-RRT,5000,9734,372,3,evaluation-3d-02,5000,slab_clutter,99,298.0,2776.7895162638324,0.8420762814475482,207.0,0.029390566021902487,2537.248196572695,0.9215766094056184,0.9581209949974436,1.2859296996470013,1.2859296996470013,2,0.9492929173809105,0.9492929173809105,1,0.02997830414162986,4597,965,30020010,10,1,3475
2574,3693,SC-RRT-fixed-matched,5000,9664,322,3,evaluation-3d-02,5000,slab_clutter,98,298.0,2776.7895162638324,0.8420762814475482,207.0,0.027324444003170356,2583.143911443638,0.9052026020924244,0.9292515859997366,1.5,1.5,2,0.8,0.8,1,0.0,4084,618,30020010,10,1,3695
2569,3600,SC-RRT-fixed-matched,5000,9703,469,3,evaluation-3d-02,5000,slab_clutter,99,333.0,2836.6650275617462,0.8243019769690049,217.0,0.031431975978193805,2706.314649600495,0.8640047049086322,0.9058792729920242,1.5,1.5,2,0.8,0.8,1,0.0,4095,615,30020011,11,1,3602
2569,3408,SC-RRT,5000,9042,501,3,evaluation-3d-02,5000,slab_clutter,99,333.0,2836.6650275617462,0.8243019769690049,217.0,0.029636413004482165,2706.314649600495,0.8640047049086322,0.8866959660081193,1.386463320700616,1.386463320700616,2,0.8780652103850906,0.8780652103850906,1,0.005744529267151414,3877,569,30020011,11,1,3410
2559,3489,SC-RRT,5000,9308,345,3,evaluation-3d-02,5000,slab_clutter,99,303.0,2741.6725791591425,0.8528620842592078,196.0,0.02804788199136965,2639.7178459597194,0.8858024708197032,0.9114816829969641,1.3377783175292897,1.3377783175292897,2,0.9124967423937875,0.9124967423937875,1,0.012091179072408515,4119,688,30020012,12,1,3491
2559,3669,SC-RRT-fixed-matched,5000,9644,329,3,evaluation-3d-02,5000,slab_clutter,99,303.0,2741.6725791591425,0.8528620842592078,196.0,0.026157596003031358,2607.7187693509404,0.8966720712755302,0.8689111839921679,1.5,1.5,2,0.8,0.8,1,0.0,4045,544,30020012,12,1,3671
2573,3701,SC-RRT-fixed-matched,5000,9750,326,3,evaluation-3d-02,5000,slab_clutter,99,176.0,2519.2517809863557,0.9281599433076468,143.0,0.016843040997628123,2498.632670046548,0.9358192655723275,0.837426187004894,1.5,1.5,2,0.8,0.8,1,0.0,4072,598,30020013,13,1,3703
2573,3611,SC-RRT,5000,9396,295,3,evaluation-3d-02,5000,slab_clutter,99,176.0,2519.2517809863557,0.9281599433076468,143.0,0.016640821006149054,2487.467300409746,0.9400198305452357,0.8188033850165084,1.4118435331496824,1.4118435331496824,2,0.8602742477119186,0.8602742477119186,1,0.006113751534965536,3981,565,30020013,13,1,3613
2570,3553,SC-RRT,5000,10250,290,3,evaluation-3d-02,5000,slab_clutter,99,186.0,2658.030296312945,0.879699751150875,159.0,0.018100284010870382,2540.1593881320478,0.9205204213336677,0.9104083070124034,1.354589932347574,1.354589932347574,2,0.9005759147768143,0.9005759147768143,1,0.015343411654389832,5010,1061,30020014,14,1,3555
2570,3628,SC-RRT-fixed-matched,5000,10488,292,3,evaluation-3d-02,5000,slab_clutter,99,186.0,2658.030296312945,0.879699751150875,159.0,0.019514181010890752,2532.9025036854355,0.9231577555060828,0.924197626998648,1.5,1.5,2,0.8,0.8,1,0.0,5059,1088,30020014,14,1,3630
2568,3645,SC-RRT-fixed-matched,5000,9804,328,3,evaluation-3d-02,5000,slab_clutter,99,211.0,2606.0995355386926,0.8972291957124552,162.0,0.019298681989312172,2549.1868586322253,0.9172605696989157,0.9022880099946633,1.5,1.5,2,0.8,0.8,1,0.0,4284,679,30020015,15,1,3647
2568,3493,SC-RRT,5000,9505,346,3,evaluation-3d-02,5000,slab_clutter,99,211.0,2606.0995355386926,0.8972291957124552,162.0,0.019065544998738915,2489.008349447305,0.9394378250025585,0.8991203810146544,1.2856948987163441,1.2856948987163441,2,0.9494592280293995,0.9494592280293995,1,0.03745150868601228,4321,751,30020015,15,1,3495
2574,3538,SC-RRT,5000,10026,292,3,evaluation-3d-02,5000,slab_clutter,99,149.0,2584.8044039156002,0.9046210949949829,140.0,0.015577637997921556,2516.805227615423,0.9290621954220131,0.9841323680011556,1.390215750058337,1.390215750058337,2,0.8754260747106126,0.8754260747106126,1,0.010307750082703578,4771,1010,30020016,16,1,3540
2574,3667,SC-RRT-fixed-matched,5000,9765,285,3,evaluation-3d-02,5000,slab_clutter,99,149.0,2584.8044039156002,0.9046210949949829,140.0,0.015115829010028392,2501.913224743116,0.9345922021168683,0.9167383210151456,1.5,1.5,2,0.8,0.8,1,0.0,4213,730,30020016,16,1,3669
2566,3667,SC-RRT-fixed-matched,5000,9677,363,3,evaluation-3d-02,5000,slab_clutter,99,304.0,2600.0761032995647,0.8993077499734181,209.0,0.02709342900197953,2567.0112006862037,0.9108914638132187,0.8553516840038355,1.5,1.5,2,0.8,0.8,1,0.0,4091,569,30020017,17,1,3669
2566,3542,SC-RRT,5000,10098,354,3,evaluation-3d-02,5000,slab_clutter,99,304.0,2600.0761032995647,0.8993077499734181,209.0,0.02684190499712713,2528.286998659862,0.9248430227491584,0.9978798699739855,1.3179805141463161,1.3179805141463161,2,0.9265531291673327,0.9265531291673327,1,0.020037616331312368,4824,957,30020017,17,1,3544
2570,3589,SC-RRT,5000,9337,320,3,evaluation-3d-02,5000,slab_clutter,99,205.0,2714.3259304342732,0.861454611622075,155.0,0.01893756299978122,2692.819585289697,0.8683346641533098,0.8434352469921578,1.4090462484265334,1.4090462484265334,2,0.8622277474536525,0.8622277474536525,1,0.003219699467819094,3920,489,30020018,18,1,3591
2570,3701,SC-RRT-fixed-matched,5000,9688,314,3,evaluation-3d-02,5000,slab_clutter,99,205.0,2714.3259304342732,0.861454611622075,155.0,0.019253788981586695,2681.326692344894,0.872056581875558,0.8705833379935939,1.5,1.5,2,0.8,0.8,1,0.0,4024,502,30020018,18,1,3703
2567,3723,SC-RRT-fixed-matched,5000,10280,297,3,evaluation-3d-02,5000,slab_clutter,99,183.0,2602.342250349018,0.898524623309783,155.0,0.01732699599233456,2526.6557409284874,0.9254401192616469,0.9359307129925583,1.5,1.5,2,0.8,0.8,1,0.0,4566,877,30020019,19,1,3725
2567,3624,SC-RRT,5000,10335,280,3,evaluation-3d-02,5000,slab_clutter,99,183.0,2602.342250349018,0.898524623309783,155.0,0.017951337998965755,2505.8710543638635,0.9331160859797606,1.0054324899974745,1.369371947978675,1.369371947978675,2,0.8901176174794925,0.8901176174794925,1,0.014529948545399022,4873,1087,30020019,19,1,3626
2570,3484,SC-RRT,5000,8957,426,3,evaluation-3d-02,5000,slab_clutter,99,359.0,2834.153544727107,0.8250324314885098,231.0,0.03222598001593724,2673.1631158447653,0.8747197566651488,0.7934640210005455,1.349405748354325,1.349405748354325,2,0.9042494918606738,0.9042494918606738,1,0.015513731799145334,3812,531,30020020,20,1,3486
2570,3622,SC-RRT-fixed-matched,5000,9369,414,3,evaluation-3d-02,5000,slab_clutter,99,359.0,2834.153544727107,0.8250324314885098,231.0,0.030294428986962885,2689.775976693112,0.8693172258504289,0.8503901830117684,1.5,1.5,2,0.8,0.8,1,0.0,3866,504,30020020,20,1,3624
2572,3666,SC-RRT-fixed-matched,5000,9304,305,3,evaluation-3d-02,5000,slab_clutter,99,285.0,2638.525346482637,0.8862028152714475,199.0,0.02522852399852127,2584.9197142744724,0.9045807408661752,0.8188571659848094,1.5,1.5,2,0.8,0.8,1,0.0,3781,394,30020021,21,1,3668
2572,3589,SC-RRT,5000,9591,288,3,evaluation-3d-02,5000,slab_clutter,99,285.0,2638.525346482637,0.8862028152714475,199.0,0.024935041001299396,2550.9667839845006,0.9166205553510615,0.8574905669956934,1.3511130807432845,1.3511130807432845,2,0.9030393763853612,0.9030393763853612,1,0.016774689428918018,4314,753,30020021,21,1,3591
2567,3538,SC-RRT,5000,9395,298,3,evaluation-3d-02,5000,slab_clutter,99,181.0,2647.620645315325,0.883158466963647,143.0,0.017387569998390973,2541.208087184559,0.9201405433935107,0.848713718005456,1.378811367574208,1.378811367574208,2,0.8834550978987553,0.8834550978987553,1,0.00783026356548541,4137,637,30020022,22,1,3540
2567,3650,SC-RRT-fixed-matched,5000,9796,297,3,evaluation-3d-02,5000,slab_clutter,99,181.0,2647.620645315325,0.883158466963647,143.0,0.016723798005841672,2540.446066945471,0.9204165444178956,0.8827416859858204,1.5,1.5,2,0.8,0.8,1,0.0,4250,658,30020022,22,1,3652
2575,3618,SC-RRT-fixed-matched,5000,10157,355,3,evaluation-3d-02,5000,slab_clutter,99,210.0,2712.801088065855,0.8619388279164614,172.0,0.021034900011727586,2589.893787159203,0.9028434300322328,0.9206001170095988,1.5,1.5,2,0.8,0.8,1,0.0,4666,1007,30020023,23,1,3620
2575,3462,SC-RRT,5000,10245,327,3,evaluation-3d-02,5000,slab_clutter,99,210.0,2712.801088065855,0.8619388279164614,172.0,0.021375456009991467,2598.8431269027974,0.899734411058756,0.9041114840074442,1.3477647876194507,1.3477647876194507,2,0.9054128044670855,0.9054128044670855,1,0.013574028908840196,5187,1290,30020023,23,1,3464
2572,3663,SC-RRT,5000,9584,243,3,evaluation-3d-02,5000,slab_clutter,99,217.0,2757.4195995471528,0.847991575385188,162.0,0.019663155981106684,2672.110489041851,0.875064335777682,0.8999071419821121,1.3713890375323972,1.3713890375323972,2,0.8886927609075685,0.8886927609075685,1,0.009792372922336793,4198,662,30020024,24,1,3665
2572,3726,SC-RRT-fixed-matched,5000,9707,263,3,evaluation-3d-02,5000,slab_clutter,99,217.0,2757.4195995471528,0.847991575385188,162.0,0.019713991991011426,2689.0955759160697,0.8695371823745712,0.8424910369794816,1.5,1.5,2,0.8,0.8,1,0.0,4114,539,30020024,24,1,3728
2582,3689,SC-RRT-fixed-matched,5000,9920,295,3,evaluation-3d-02,5000,slab_clutter,99,143.0,2553.1892388539122,0.9158226717529161,123.0,0.013933480979176238,2541.3488592510166,0.9200895743637164,0.8467522129940335,1.5,1.5,2,0.8,0.8,1,0.0,4285,655,30020025,25,1,3691
2582,3650,SC-RRT,5000,9822,262,3,evaluation-3d-02,5000,slab_clutter,98,143.0,2553.1892388539122,0.9158226717529161,123.0,0.01400549098616466,2548.885279734787,0.9173690980950238,0.9598803340049926,1.437656872411856,1.437656872411856,2,0.842348788081682,0.842348788081682,1,0.0020449470321199153,4324,719,30020025,25,1,3652
2575,3477,SC-RRT,5000,10178,450,3,evaluation-3d-02,5000,slab_clutter,99,236.0,2767.789884627554,0.8448143420152112,165.0,0.021064297994598746,2512.8009391459364,0.9305427078568057,1.0003280050004832,1.2860320794467968,1.2860320794467968,2,0.9492203994174742,0.9492203994174742,1,0.03867134663942579,4816,1080,30020026,26,1,3479
2575,3635,SC-RRT-fixed-matched,5000,10105,347,3,evaluation-3d-02,5000,slab_clutter,99,236.0,2767.789884627554,0.8448143420152112,165.0,0.021595605998300016,2572.404305124114,0.9089817590338571,0.9110076109936927,1.5,1.5,2,0.8,0.8,1,0.0,4556,918,30020026,26,1,3637
2568,3639,SC-RRT-fixed-matched,5000,11062,334,3,evaluation-3d-02,5000,slab_clutter,99,223.0,2685.282018408123,0.870772073170976,152.0,0.0195064099971205,2495.6963967961165,0.9369202893508072,0.9818235049897339,1.5,1.5,2,0.8,0.8,1,0.0,5475,1408,30020027,27,1,3641
2568,3536,SC-RRT,5000,10155,359,3,evaluation-3d-02,5000,slab_clutter,99,223.0,2685.282018408123,0.870772073170976,152.0,0.019306094996863976,2506.322265463494,0.9329480978718306,0.9354818680149037,1.2877212564610558,1.2877212564610558,2,0.9480237576111499,0.9480237576111499,1,0.027433597299731615,4798,999,30020027,27,1,3538
2573,3467,SC-RRT,5000,9555,467,3,evaluation-3d-02,5000,slab_clutter,99,299.0,2737.924027921915,0.8540297562576018,201.0,0.025528359023155645,2567.5686683646823,0.910693692062872,0.8731440190167632,1.3318817673864185,1.3318817673864185,2,0.9166821537784249,0.9166821537784249,1,0.018700473379140818,4261,787,30020028,28,1,3469
2573,3542,SC-RRT-fixed-matched,5000,9541,444,3,evaluation-3d-02,5000,slab_clutter,99,299.0,2737.924027921915,0.8540297562576018,201.0,0.02513365598861128,2572.179760923963,0.9090611106348359,0.8550139899889473,1.5,1.5,2,0.8,0.8,1,0.0,4091,666,30020028,28,1,3544
2568,3663,SC-RRT-fixed-matched,5000,10283,308,3,evaluation-3d-02,5000,slab_clutter,99,189.0,2717.849444132715,0.8603377921708767,164.0,0.019219312991481274,2648.2414974033954,0.882951419842435,0.9301858269900549,1.5,1.5,2,0.8,0.8,1,0.0,4718,1006,30020029,29,1,3665
2568,3538,SC-RRT,5000,9514,336,3,evaluation-3d-02,5000,slab_clutter,99,189.0,2717.849444132715,0.8603377921708767,164.0,0.017772228020476177,2657.299261592307,0.879941760423644,0.8363717480096966,1.3523432257872094,1.3523432257872094,2,0.902167645302105,0.902167645302105,1,0.01421333462528793,4217,735,30020029,29,1,3540
2577,3482,SC-RRT,5000,10044,352,3,evaluation-3d-02,5000,slab_clutter,99,231.0,2639.2791785349555,0.8859496976428011,174.0,0.02096550801070407,2549.3672422733353,0.9171956677896633,0.9465055020118598,1.3160381313838188,1.3160381313838188,2,0.9279324566487226,0.9279324566487226,1,0.02344347694196778,4813,1102,30020030,30,1,3484
2577,3723,SC-RRT-fixed-matched,5000,9784,300,3,evaluation-3d-02,5000,slab_clutter,99,231.0,2639.2791785349555,0.8859496976428011,174.0,0.02074223500676453,2604.3144684830086,0.8978441806914378,0.9065461730060633,1.5,1.5,2,0.8,0.8,1,0.0,4077,528,30020030,30,1,3725
2572,3691,SC-RRT-fixed-matched,5000,9673,321,3,evaluation-3d-02,5000,slab_clutter,99,192.0,2622.112898400239,0.891749776161267,145.0,0.023318224004469812,2616.53794625025,0.8936497915380693,0.9338818700052798,1.5,1.5,2,0.8,0.8,1,0.0,4005,454,30020031,31,1,3693
2572,3576,SC-RRT,5000,9228,314,3,evaluation-3d-02,5000,slab_clutter,99,192.0,2622.112898400239,0.891749776161267,145.0,0.017247823008801788,2608.1524705479287,0.896522966591272,0.8243430300208274,1.3962638423674714,1.3962638423674714,2,0.8711783700249494,0.8711783700249494,1,0.006781106965861623,3868,463,30020031,31,1,3578
2565,3580,SC-RRT,5000,9282,272,3,evaluation-3d-02,5000,slab_clutter,99,211.0,2552.2620747086994,0.9161553640547908,157.0,0.018709272000705823,2507.7730863858437,0.9324083597961623,0.8428516670246609,1.4073400422404323,1.4073400422404323,2,0.8634202464695291,0.8634202464695291,1,0.00372381385630951,4012,602,30020032,32,1,3582
2565,3734,SC-RRT-fixed-matched,5000,9837,254,3,evaluation-3d-02,5000,slab_clutter,99,211.0,2552.2620747086994,0.9161553640547908,157.0,0.019140838005114347,2508.5026407022638,0.9321371850592822,0.8653247410256881,1.5,1.5,2,0.8,0.8,1,0.0,4217,639,30020032,32,1,3736
2570,3579,SC-RRT-fixed-matched,5000,9758,313,3,evaluation-3d-02,5000,slab_clutter,99,160.0,2508.8131602034014,0.9320218130665456,126.0,0.014938845008146018,2451.372332190131,0.9538610514253881,0.8705241610005032,1.5,1.5,2,0.8,0.8,1,0.0,4367,859,30020033,33,1,3581
2570,3481,SC-RRT,5000,9710,339,3,evaluation-3d-02,5000,slab_clutter,99,160.0,2508.8131602034014,0.9320218130665456,126.0,0.01482035598019138,2472.988094840162,0.9455235935412438,0.8383870149846189,1.4108342711541675,1.4108342711541675,2,0.8609788434504224,0.8609788434504224,1,0.00396376602961824,4511,928,30020033,33,1,3483
2565,3475,SC-RRT,5000,9855,363,3,evaluation-3d-02,5000,slab_clutter,99,290.0,2620.8329851415306,0.8921852721918916,191.0,0.02551618797588162,2535.461586029706,0.922225997467977,0.976719754980877,1.285740798713653,1.285740798713653,2,0.9494267173026711,0.9494267173026711,1,0.032435845032348795,4704,987,30020034,34,1,3477
2565,3565,SC-RRT-fixed-matched,5000,9782,357,3,evaluation-3d-02,5000,slab_clutter,99,290.0,2620.8329851415306,0.8921852721918916,191.0,0.025097698002355173,2565.849606998004,0.9113038362968259,0.8983971280104015,1.5,1.5,2,0.8,0.8,1,0.0,4443,912,30020034,34,1,3567
2567,3645,SC-RRT-fixed-matched,5000,9426,333,3,evaluation-3d-02,5000,slab_clutter,99,297.0,2578.0057261670922,0.9070067480782742,202.0,0.02675287300371565,2538.3036051987165,0.9211934243913773,0.869690121995518,1.5,1.5,2,0.8,0.8,1,0.0,3942,557,30020035,35,1,3647
2567,3488,SC-RRT,5000,9449,357,3,evaluation-3d-02,5000,slab_clutter,99,297.0,2578.0057261670922,0.9070067480782742,202.0,0.026538098987657577,2504.264389625745,0.9337147466955082,1.0099993819894735,1.3174874437135604,1.3174874437135604,2,0.9269032722937404,0.9269032722937404,1,0.022394308362146186,4297,835,30020035,35,1,3490
2567,3537,SC-RRT,5000,9302,379,3,evaluation-3d-02,5000,slab_clutter,99,217.0,2628.553550760963,0.8895647530334919,148.0,0.021309945004759356,2590.8157853460084,0.9025221335470996,0.9457729629939422,1.3770497723652393,1.3770497723652393,2,0.8846973846364157,0.8846973846364157,1,0.007248145589893853,3990,619,30020036,36,1,3539
2567,3634,SC-RRT-fixed-matched,5000,9494,387,3,evaluation-3d-02,5000,slab_clutter,99,217.0,2628.553550760963,0.8895647530334919,148.0,0.021280780027154833,2600.8680958963214,0.8990339009914922,0.9686074390192516,1.5,1.5,2,0.8,0.8,1,0.0,3935,540,30020036,36,1,3636
2564,3735,SC-RRT-fixed-matched,5000,9550,291,3,evaluation-3d-02,5000,slab_clutter,99,201.0,2789.910506957023,0.8381159841461553,154.0,0.020657521003158763,2768.9362629429597,0.8444645770693034,0.9858279210166074,1.5,1.5,2,0.8,0.8,1,0.0,3829,479,30020037,37,1,3737
2564,3596,SC-RRT,5000,9233,317,3,evaluation-3d-02,5000,slab_clutter,99,201.0,2789.910506957023,0.8381159841461553,154.0,0.018467166024493054,2752.0376778429268,0.8496499190558835,0.8644373200077098,1.3780385504398769,1.3780385504398769,2,0.8840000287844844,0.8840000287844844,1,0.011670592699535201,3814,556,30020037,37,1,3598
2563,3437,SC-RRT,5000,9705,350,3,evaluation-3d-02,5000,slab_clutter,99,140.0,2634.5609445522473,0.887536344548439,120.0,0.01368280901806429,2525.2107652589416,0.9259696744474365,0.9734085829986725,1.3558345812671795,1.3558345812671795,2,0.8996943347680428,0.8996943347680428,1,0.018284213053256674,4604,895,30020038,38,1,3439
2563,3628,SC-RRT-fixed-matched,5000,9507,283,3,evaluation-3d-02,5000,slab_clutter,99,140.0,2634.5609445522473,0.887536344548439,120.0,0.013436226989142597,2550.355716602895,0.9168401784095384,0.9167848220095038,1.5,1.5,2,0.8,0.8,1,0.0,4079,669,30020038,38,1,3630
2566,3662,SC-RRT-fixed-matched,5000,9696,378,3,evaluation-3d-02,5000,slab_clutter,99,203.0,2679.302812406324,0.8727153121292581,166.0,0.01959453398012556,2644.7197596247947,0.8841271676170761,0.833244998997543,1.5,1.5,2,0.8,0.8,1,0.0,4097,575,30020039,39,1,3664
2566,3503,SC-RRT,5000,9416,388,3,evaluation-3d-02,5000,slab_clutter,99,203.0,2679.302812406324,0.8727153121292581,166.0,0.020480095001403242,2646.7787327647607,0.8834393904077829,0.8286218700231984,1.369812211825389,1.369812211825389,2,0.8898065677109971,0.8898065677109971,1,0.013598147390359796,4179,683,30020039,39,1,3505
2573,3509,SC-RRT,5000,9235,407,3,evaluation-3d-02,5000,slab_clutter,99,299.0,2623.9483487437287,0.8911259977116089,199.0,0.031117138016270474,2605.2774738304347,0.897512304814167,0.8503650820057373,1.4042916273776789,1.4042916273776789,2,0.8655526052807399,0.8655526052807399,1,0.004787252544884882,3982,590,30020040,40,1,3511
2573,3684,SC-RRT-fixed-matched,5000,9743,401,3,evaluation-3d-02,5000,slab_clutter,99,299.0,2623.9483487437287,0.8911259977116089,199.0,0.02551646699430421,2602.4829328081005,0.8984760517506922,0.8885823479795363,1.5,1.5,2,0.8,0.8,1,0.0,4090,564,30020040,40,1,3686
2572,3667,SC-RRT-fixed-matched,5000,9739,388,3,evaluation-3d-02,5000,slab_clutter,99,175.0,2633.556947326074,0.8878747021559931,156.0,0.01759988401317969,2589.3813515981883,0.9030221016980696,0.8616040339984465,1.5,1.5,2,0.8,0.8,1,0.0,4144,581,30020041,41,1,3669
2572,3571,SC-RRT,5000,9375,324,3,evaluation-3d-02,5000,slab_clutter,99,175.0,2633.556947326074,0.8878747021559931,156.0,0.01688176702009514,2591.69855189005,0.9022147226623841,0.8789609000086784,1.3988209567561993,1.3988209567561993,2,0.8693848010808466,0.8693848010808466,1,0.005081911972045474,4102,592,30020041,41,1,3573
2588,3604,SC-RRT,5000,9408,293,3,evaluation-3d-02,5000,slab_clutter,98,168.0,2625.68506923773,0.8905365756209344,143.0,0.016574481007410213,2609.8756154912053,0.8959310460387202,0.8624922200106084,1.4036535986145267,1.4036535986145267,2,0.8659991859885748,0.8659991859885748,1,0.006997949061167224,4037,533,30020042,42,1,3606
2588,3728,SC-RRT-fixed-matched,5000,9850,282,3,evaluation-3d-02,5000,slab_clutter,98,168.0,2625.68506923773,0.8905365756209344,143.0,0.016773325012763962,2621.6955640475153,0.8918917292624315,0.908424785011448,1.5,1.5,2,0.8,0.8,1,0.0,4189,543,30020042,42,1,3730
2581,3684,SC-RRT-fixed-matched,5000,9808,374,3,evaluation-3d-02,5000,slab_clutter,99,255.0,2582.3264946290074,0.9054891374430614,178.0,0.023934803990414366,2555.055303915325,0.9151538076826985,0.8893350559810642,1.5,1.5,2,0.8,0.8,1,0.0,4131,515,30020043,43,1,3686
2581,3585,SC-RRT,5000,10071,336,3,evaluation-3d-02,5000,slab_clutter,98,255.0,2582.3264946290074,0.9054891374430614,178.0,0.022681889007799327,2552.023865908982,0.9162408790347021,0.8676901110156905,1.3962023041005065,1.3962023041005065,2,0.8712215507884397,0.8712215507884397,1,0.005847231333461426,4695,978,30020043,43,1,3587
2567,3603,SC-RRT,5000,9388,272,3,evaluation-3d-02,5000,slab_clutter,99,228.0,2625.4697959003784,0.8906095944692057,175.0,0.0242189799901098,2604.0035555373656,0.8979513815354434,0.8728109749790747,1.3836007278145173,1.3836007278145173,2,0.8800803234526087,0.8800803234526087,1,0.0071830684884277175,4037,556,30020044,44,1,3605
2567,3654,SC-RRT-fixed-matched,5000,9599,314,3,evaluation-3d-02,5000,slab_clutter,99,228.0,2625.4697959003784,0.8906095944692057,175.0,0.02222332698875107,2609.3527124026496,0.8961105867764977,0.8921693059965037,1.5,1.5,2,0.8,0.8,1,0.0,4064,565,30020044,44,1,3656
2565,3648,SC-RRT-fixed-matched,5000,9800,370,3,evaluation-3d-02,5000,slab_clutter,99,125.0,2672.0524000729088,0.8750833592014075,126.0,0.01436803801334463,2642.440307094759,0.8848898436569802,1.0768129749922082,1.5,1.5,2,0.8,0.8,1,0.0,4161,647,30020045,45,1,3650
2565,3540,SC-RRT,5000,9651,399,3,evaluation-3d-02,5000,slab_clutter,99,125.0,2672.0524000729088,0.8750833592014075,126.0,0.01361055500456132,2626.4928364803077,0.890262694701058,0.9194469939975534,1.3977494682274496,1.3977494682274496,2,0.8701361718657523,0.8701361718657523,1,0.011698032249676468,4229,747,30020045,45,1,3542
2575,3651,SC-RRT,5000,9942,218,3,evaluation-3d-02,5000,slab_clutter,99,134.0,2504.5189911447756,0.9336198281927177,127.0,0.025566113006789237,2447.128293073101,0.9555153266123163,0.9249296510242857,1.3422852814507258,1.3422852814507258,2,0.9092988802239488,0.9092988802239488,1,0.016903060985208,4489,757,30020046,46,1,3653
2575,3709,SC-RRT-fixed-matched,5000,10069,196,3,evaluation-3d-02,5000,slab_clutter,99,134.0,2504.5189911447756,0.9336198281927177,127.0,0.01385080098407343,2481.731117549869,0.9421925581230892,0.9021077950019389,1.5,1.5,2,0.8,0.8,1,0.0,4535,804,30020046,46,1,3711
2576,3671,SC-RRT-fixed-matched,5000,9785,418,3,evaluation-3d-02,5000,slab_clutter,99,413.0,2938.4426859893247,0.7957509606591929,248.0,0.03432915799203329,2629.934616371143,0.8890976131735139,0.8437712299928535,1.5,1.5,2,0.8,0.8,1,0.0,4060,562,30020047,47,1,3673
2576,3454,SC-RRT,5000,9274,422,3,evaluation-3d-02,5000,slab_clutter,99,413.0,2938.4426859893247,0.7957509606591929,248.0,0.03612776499358006,2577.97358837951,0.9070180550948924,0.8728344980045222,1.306964085971747,1.306964085971747,2,0.9343751308147085,0.9343751308147085,1,0.02624728547840537,4073,690,30020047,47,1,3456
2569,3573,SC-RRT,5000,10254,298,3,evaluation-3d-02,5000,slab_clutter,99,241.0,2582.4935981042045,0.9054305466369773,170.0,0.022394164989236742,2499.5488509669412,0.9354762517697678,0.9645474819990341,1.3771537398962388,1.3771537398962388,2,0.8846240517781943,0.8846240517781943,1,0.005946231786737113,4921,1074,30020048,48,1,3575
2569,3634,SC-RRT-fixed-matched,5000,9972,320,3,evaluation-3d-02,5000,slab_clutter,99,241.0,2582.4935981042045,0.9054305466369773,170.0,0.022869865992106497,2486.580360438318,0.9403551268320198,0.9319068090117071,1.5,1.5,2,0.8,0.8,1,0.0,4452,884,30020048,48,1,3636
2571,3625,SC-RRT-fixed-matched,5000,9391,320,3,evaluation-3d-02,5000,slab_clutter,99,152.0,2550.202116293176,0.9168954002817448,127.0,0.014920193003490567,2543.76204110143,0.91921671620099,0.8780434579821303,1.5,1.5,2,0.8,0.8,1,0.0,3885,513,30020049,49,1,3627
2571,3459,SC-RRT,5000,9459,313,3,evaluation-3d-02,5000,slab_clutter,99,152.0,2550.202116293176,0.9168954002817448,127.0,0.015982652985258028,2545.1005733540974,0.918733277065143,0.8544129199872259,1.445218989596872,1.445218989596872,2,0.8371357378728662,0.8371357378728662,1,0.00135364567079233,4368,884,30020049,49,1,3461
2566,3559,SC-RRT,5000,9436,352,3,evaluation-3d-03,5000,uniform_clutter,99,166.0,2558.0185041490236,0.9140936965175928,137.0,0.01770635400316678,2533.9469991818078,0.9227772289526945,0.8954326389939524,1.4015413360894615,1.4015413360894615,3,0.8674783193306854,0.8674783193306854,1,0.006117451571163557,4047,572,30030000,0,1,3561
2566,3674,SC-RRT-fixed-matched,5000,9741,335,3,evaluation-3d-03,5000,uniform_clutter,99,166.0,2558.0185041490236,0.9140936965175928,137.0,0.017146877013146877,2536.80187226019,0.921738751373074,0.9427582340140361,1.5,1.5,3,0.8,0.8,1,0.0,4103,528,30030000,0,1,3676
2570,3690,SC-RRT-fixed-matched,5000,9700,365,3,evaluation-3d-03,5000,uniform_clutter,99,179.0,2539.018252019865,0.9209341399408301,127.0,0.016279725008644164,2535.5027518766624,0.9222110244160869,0.8586951030010823,1.5,1.5,3,0.8,0.8,1,0.0,3981,546,30030001,1,1,3692
2570,3548,SC-RRT,5000,9396,401,3,evaluation-3d-03,5000,uniform_clutter,99,179.0,2539.018252019865,0.9209341399408301,127.0,0.016489093017298728,2526.5565267650327,0.9254764599357175,0.8319052020087838,1.4053794270103637,1.4053794270103637,3,0.8647914355965324,0.8647914355965324,1,0.005723149688049674,3974,576,30030001,1,1,3550
2567,3513,SC-RRT,5000,10248,347,3,evaluation-3d-03,5000,uniform_clutter,99,175.0,2537.354455580995,0.9215380157371728,126.0,0.01571001100819558,2511.269752585233,0.9311100839767801,0.9269787689845543,1.368233143119265,1.368233143119265,3,0.8909223206817047,0.8909223206817047,1,0.01190662566666997,4898,1197,30030002,2,1,3515
2567,3618,SC-RRT-fixed-matched,5000,9908,336,3,evaluation-3d-03,5000,uniform_clutter,99,175.0,2537.354455580995,0.9215380157371728,126.0,0.01583842301624827,2520.397101384978,0.9277381682962129,0.8921661820204463,1.5,1.5,3,0.8,0.8,1,0.0,4331,831,30030002,2,1,3620
2574,3672,SC-RRT-fixed-matched,5000,9393,290,3,evaluation-3d-03,5000,uniform_clutter,99,162.0,2597.316485916883,0.9002632535913498,128.0,0.015461481991223991,2584.575233800212,0.9047013062877366,0.8844564559985884,1.5,1.5,3,0.8,0.8,1,0.0,3810,466,30030003,3,1,3674
2574,3565,SC-RRT,5000,9049,304,3,evaluation-3d-03,5000,uniform_clutter,99,162.0,2597.316485916883,0.9002632535913498,128.0,0.015339653007686138,2578.8625699519466,0.9067053892141117,0.8588496049924288,1.4057481044046787,1.4057481044046787,3,0.8645335239405082,0.8645335239405082,1,0.006005593064548784,3733,487,30030003,3,1,3567
2569,3395,SC-RRT,5000,9577,443,3,evaluation-3d-03,5000,uniform_clutter,99,233.0,2579.34263435006,0.9065366342099713,129.0,0.020150969008682296,2492.2448772511148,0.938217833873948,0.9245111270283815,1.3218941079395634,1.3218941079395634,3,0.9237739489568232,0.9237739489568232,1,0.021102839345696452,4379,905,30030004,4,1,3397
2569,3549,SC-RRT-fixed-matched,5000,10014,412,3,evaluation-3d-03,5000,uniform_clutter,99,233.0,2579.34263435006,0.9065366342099713,129.0,0.019981985999038443,2501.6118814526776,0.9347047827659659,0.9239227449870668,1.5,1.5,3,0.8,0.8,1,0.0,4497,903,30030004,4,1,3551
2572,3698,SC-RRT-fixed-matched,5000,9743,290,3,evaluation-3d-03,5000,uniform_clutter,99,168.0,2667.353368179171,0.8766249789446414,152.0,0.01724760900833644,2611.8237927545238,0.8952627649325308,0.969107876997441,1.5,1.5,3,0.8,0.8,1,0.0,4136,639,30030005,5,1,3700
2572,3553,SC-RRT,5000,9803,347,3,evaluation-3d-03,5000,uniform_clutter,99,168.0,2667.353368179171,0.8766249789446414,152.0,0.018066885008011013,2604.1519519320714,0.8979002121912191,0.9505936949863099,1.4003589880717797,1.4003589880717797,3,0.868306720079453,0.868306720079453,1,0.003559273830265419,4448,862,30030005,5,1,3555
2571,3526,SC-RRT,5000,9658,263,3,evaluation-3d-03,5000,uniform_clutter,99,172.0,2570.8857557385772,0.9095186688084607,128.0,0.01612918099272065,2458.7702890375285,0.9509910708792915,0.953317553998204,1.3004135924861968,1.3004135924861968,3,0.9390241029863425,0.9390241029863425,1,0.02617646333921717,4448,857,30030006,6,1,3528
2571,3638,SC-RRT-fixed-matched,5000,10160,281,3,evaluation-3d-03,5000,uniform_clutter,99,172.0,2570.8857557385772,0.9095186688084607,128.0,0.017151559004560113,2493.7533604435203,0.937650301472523,1.0619770839984994,1.5,1.5,3,0.8,0.8,1,0.0,4671,986,30030006,6,1,3640
2567,3789,SC-RRT-fixed-matched,5000,9986,229,3,evaluation-3d-03,5000,uniform_clutter,99,116.0,2481.605972229621,0.9422400721082832,112.0,0.012761897000018507,2466.421665279024,0.9480408898181885,0.9447417139890604,1.5,1.5,3,0.8,0.8,1,0.0,4247,632,30030007,7,1,3791
2567,3688,SC-RRT,5000,9561,192,3,evaluation-3d-03,5000,uniform_clutter,99,116.0,2481.605972229621,0.9422400721082832,112.0,0.012407956994138658,2466.5944067006976,0.9479744962795236,0.8825737949809991,1.4355165776150534,1.4355165776150534,3,0.8438275703480801,0.8438275703480801,1,0.002498946962148189,4113,568,30030007,7,1,3690
2568,3524,SC-RRT,5000,9365,355,3,evaluation-3d-03,5000,uniform_clutter,99,187.0,2632.1161612776486,0.888360713184851,135.0,0.017631539987633005,2608.876437498458,0.8962741801831181,0.8513093180081341,1.4231598123090612,1.4231598123090612,3,0.8523924611269507,0.8523924611269507,1,0.00273069977755935,4000,601,30030008,8,1,3526
2568,3676,SC-RRT-fixed-matched,5000,9862,341,3,evaluation-3d-03,5000,uniform_clutter,99,187.0,2632.1161612776486,0.888360713184851,135.0,0.017460517003200948,2611.0815759922552,0.895517249142016,0.8845393150113523,1.5,1.5,3,0.8,0.8,1,0.0,4147,600,30030008,8,1,3678
2569,3680,SC-RRT-fixed-matched,5000,9607,334,3,evaluation-3d-03,5000,uniform_clutter,99,170.0,2578.961729000277,0.9066705271056518,139.0,0.016344350995495915,2572.8312206532673,0.9088309296963034,0.8630737620114814,1.5,1.5,3,0.8,0.8,1,0.0,3977,521,30030009,9,1,3682
2569,3526,SC-RRT,5000,9677,348,3,evaluation-3d-03,5000,uniform_clutter,99,170.0,2578.961729000277,0.9066705271056518,139.0,0.017169019003631547,2578.783362044795,0.9067332388727297,0.86444992601173,1.426448687441717,1.426448687441717,3,0.8501084166488188,0.8501084166488188,1,0.0021440291512825524,4394,887,30030009,9,1,3528
2574,3623,SC-RRT,5000,9364,305,3,evaluation-3d-03,5000,uniform_clutter,99,180.0,2658.3736751527954,0.8795861214219959,141.0,0.017512649996206164,2657.3727889679985,0.8799174131402393,0.8693257579870988,1.4247152438110922,1.4247152438110922,3,0.8513118638609066,0.8513118638609066,1,0.0023058731301726296,3876,521,30030010,10,1,3625
2574,3725,SC-RRT-fixed-matched,5000,9724,297,3,evaluation-3d-03,5000,uniform_clutter,99,180.0,2658.3736751527954,0.8795861214219959,141.0,0.017332144983811304,2657.3727889679985,0.8799174131402393,0.9153870229783934,1.5,1.5,3,0.8,0.8,1,0.0,4023,580,30030010,10,1,3727
2579,3680,SC-RRT-fixed-matched,5000,9623,316,3,evaluation-3d-03,5000,uniform_clutter,98,159.0,2675.6528645301564,0.8739058123777141,144.0,0.01732664098381065,2638.3476206883015,0.8862625121430998,0.9283718229853548,1.5,1.5,3,0.8,0.8,1,0.0,4064,602,30030011,11,1,3682
2579,3629,SC-RRT,5000,9362,307,3,evaluation-3d-03,5000,uniform_clutter,98,159.0,2675.6528645301564,0.8739058123777141,144.0,0.01634065798134543,2645.3831919012973,0.8839054384924163,0.8928469739912543,1.4206923583914852,1.4206923583914852,3,0.8541080673500829,0.8541080673500829,1,0.002514751168765594,3941,570,30030011,11,1,3631
2571,3665,SC-RRT,5000,9783,262,3,evaluation-3d-03,5000,uniform_clutter,99,152.0,2596.8331542349456,0.9004308137412327,129.0,0.017260690015973523,2573.793867944791,0.9084910098434273,1.0156461739970837,1.442165621013183,1.442165621013183,3,0.8392383706750124,0.8392383706750124,1,0.0015680263764281902,4307,790,30030012,12,1,3667
2571,3696,SC-RRT-fixed-matched,5000,9843,273,3,evaluation-3d-03,5000,uniform_clutter,99,152.0,2596.8331542349456,0.9004308137412327,129.0,0.015913153009023517,2554.6390096612536,0.9153029376655607,0.91855236000265,1.5,1.5,3,0.8,0.8,1,0.0,4273,705,30030012,12,1,3698
2566,3712,SC-RRT-fixed-matched,5000,9939,313,3,evaluation-3d-03,5000,uniform_clutter,99,177.0,2540.243895975664,0.920489797819156,141.0,0.018224849976832047,2518.5499816198208,0.9284185770711259,0.9255110989906825,1.5,1.5,3,0.8,0.8,1,0.0,4268,736,30030013,13,1,3714
2566,3576,SC-RRT,5000,9475,329,3,evaluation-3d-03,5000,uniform_clutter,99,177.0,2540.243895975664,0.920489797819156,141.0,0.017146650003269315,2505.8674432688395,0.9331174306521869,0.8917695560085122,1.3780036030465919,1.3780036030465919,3,0.8840246733625262,0.8840246733625262,1,0.012150784864220578,4074,717,30030013,13,1,3578
2567,3533,SC-RRT,5000,9469,372,3,evaluation-3d-03,5000,uniform_clutter,99,187.0,2675.1851234286632,0.8740586099032771,143.0,0.018279586016433313,2641.529942102354,0.8851948081107084,0.9114236140158027,1.4012545487815538,1.4012545487815538,3,0.8676792247204917,0.8676792247204917,1,0.005370229646919583,4096,656,30030014,14,1,3535
2567,3600,SC-RRT-fixed-matched,5000,9532,395,3,evaluation-3d-03,5000,uniform_clutter,99,187.0,2675.1851234286632,0.8740586099032771,143.0,0.017449528008000925,2650.0839582735434,0.8823375512001898,0.8727584939915687,1.5,1.5,3,0.8,0.8,1,0.0,3978,607,30030014,14,1,3602
2572,3620,SC-RRT-fixed-matched,5000,9901,361,3,evaluation-3d-03,5000,uniform_clutter,99,195.0,2602.431529604735,0.898493798441309,136.0,0.018149548006476834,2538.52159656362,0.9211143184219047,0.9324431169952732,1.5,1.5,3,0.8,0.8,1,0.0,4324,754,30030015,15,1,3622
2572,3554,SC-RRT,5000,9879,354,3,evaluation-3d-03,5000,uniform_clutter,99,195.0,2602.431529604735,0.898493798441309,136.0,0.018032602994935587,2568.9951741428654,0.9101880041476286,0.9178929869958665,1.4076680836206603,1.4076680836206603,3,0.8631909165841558,0.8631909165841558,1,0.003960553965908622,4469,877,30030015,15,1,3556
2564,3537,SC-RRT,5000,9060,336,3,evaluation-3d-03,5000,uniform_clutter,99,167.0,2600.1073944645705,0.8992969271946147,122.0,0.015406465012347326,2585.0421364926897,0.9045379018039835,0.8721061840187758,1.3983153177561483,1.3983153177561483,3,0.8697393437446795,0.8697393437446795,1,0.005043921610964529,3723,468,30030016,16,1,3539
2564,3658,SC-RRT-fixed-matched,5000,9417,336,3,evaluation-3d-03,5000,uniform_clutter,99,167.0,2600.1073944645705,0.8992969271946147,122.0,0.016525197017472237,2579.9909521898126,0.9063088334605739,0.9165756150032394,1.5,1.5,3,0.8,0.8,1,0.0,3803,457,30030016,16,1,3660
2564,3661,SC-RRT-fixed-matched,5000,9407,267,3,evaluation-3d-03,5000,uniform_clutter,99,126.0,2588.832170405403,0.9032136640405773,113.0,0.013420422008493915,2574.059903281725,0.908397115093116,0.9000499400135595,1.5,1.5,3,0.8,0.8,1,0.0,3867,477,30030017,17,1,3663
2564,3583,SC-RRT,5000,9150,286,3,evaluation-3d-03,5000,uniform_clutter,99,126.0,2588.832170405403,0.9032136640405773,113.0,0.013488522992702201,2574.005630939199,0.9084162684464683,0.9109505719970912,1.4219248270814542,1.4219248270814542,3,0.8532509255020674,0.8532509255020674,1,0.00636749633604247,3780,465,30030017,17,1,3585
2573,3574,SC-RRT,5000,9472,316,3,evaluation-3d-03,5000,uniform_clutter,99,157.0,2542.674352617397,0.9196099326722669,130.0,0.01692524499958381,2534.739079165268,0.9224888705262774,0.8920970099861734,1.421328240332443,1.421328240332443,3,0.853665779204021,0.853665779204021,1,0.003925509379872612,4064,581,30030018,18,1,3576
2573,3670,SC-RRT-fixed-matched,5000,9594,314,3,evaluation-3d-03,5000,uniform_clutter,99,157.0,2542.674352617397,0.9196099326722669,130.0,0.016608776000794023,2542.674352617397,0.9196099326722669,0.8745026969991159,1.5,1.5,3,0.8,0.8,1,0.0,3946,447,30030018,18,1,3672
2574,3750,SC-RRT-fixed-matched,5000,9780,292,3,evaluation-3d-03,5000,uniform_clutter,99,164.0,2789.9117987768163,0.8381155960712283,134.0,0.016207845008466393,2782.301366403418,0.8404080946991666,0.9139335300133098,1.5,1.5,3,0.8,0.8,1,0.0,4011,570,30030019,19,1,3752
2574,3629,SC-RRT,5000,9477,317,3,evaluation-3d-03,5000,uniform_clutter,99,164.0,2789.9117987768163,0.8381155960712283,134.0,0.016942304995609447,2762.6748317584706,0.8463785036654684,0.8836404600006063,1.3981363908701483,1.3981363908701483,3,0.8698648168369209,0.8698648168369209,1,0.01031435504112157,3964,588,30030019,19,1,3631
2575,3574,SC-RRT,5000,9399,286,3,evaluation-3d-03,5000,uniform_clutter,98,184.0,2578.312197854877,0.9068989365071437,135.0,0.017853664001449943,2554.6294516830467,0.9153063622113496,0.9367823360080365,1.3992469599386348,1.3992469599386348,3,0.869086141496161,0.869086141496161,1,0.005129839703689342,4065,667,30030020,20,1,3576
2575,3669,SC-RRT-fixed-matched,5000,9751,326,3,evaluation-3d-03,5000,uniform_clutter,99,184.0,2578.312197854877,0.9068989365071437,135.0,0.018741092004347593,2553.81541931745,0.9155981174406589,0.9600392369902693,1.5,1.5,3,0.8,0.8,1,0.0,4130,666,30030020,20,1,3671
2565,3723,SC-RRT-fixed-matched,5000,9727,257,3,evaluation-3d-03,5000,uniform_clutter,99,133.0,2528.0642620990507,0.9249245065774241,128.0,0.013892793998820707,2521.194330767629,0.9274448072814961,0.9342594589979853,1.5,1.5,3,0.8,0.8,1,0.0,4102,612,30030021,21,1,3725
2565,3572,SC-RRT,5000,9423,294,3,evaluation-3d-03,5000,uniform_clutter,99,133.0,2528.0642620990507,0.9249245065774241,128.0,0.014072648016735911,2508.2065334945733,0.9322472288437021,0.9215964410104789,1.4267151659499748,1.4267151659499748,3,0.8499234906974595,0.8499234906974595,1,0.006467207803319511,4061,689,30030021,21,1,3574
2567,3643,SC-RRT,5000,9432,272,3,evaluation-3d-03,5000,uniform_clutter,99,174.0,2690.0124325739675,0.8692408116421182,134.0,0.01659086300060153,2682.5457236822594,0.8716602925255287,0.8674129970022477,1.426365135650932,1.426365135650932,3,0.8501664026789579,0.8501664026789579,1,0.00218764295025694,3961,569,30030022,22,1,3645
2567,3769,SC-RRT-fixed-matched,5000,9744,251,3,evaluation-3d-03,5000,uniform_clutter,99,174.0,2690.0124325739675,0.8692408116421182,134.0,0.0163033330172766,2682.5457236822594,0.8716602925255287,0.9178900660190266,1.5,1.5,3,0.8,0.8,1,0.0,4009,572,30030022,22,1,3771
2574,3736,SC-RRT-fixed-matched,5000,9539,252,3,evaluation-3d-03,5000,uniform_clutter,99,169.0,2607.2109171850057,0.896846731810483,135.0,0.016414323006756604,2592.2778791928818,0.9020130939612135,0.8725625409861095,1.5,1.5,3,0.8,0.8,1,0.0,3904,464,30030023,23,1,3738
2574,3603,SC-RRT,5000,9149,256,3,evaluation-3d-03,5000,uniform_clutter,99,169.0,2607.2109171850057,0.896846731810483,135.0,0.017442386015318334,2584.6159884071294,0.9046870408238221,0.9550550169951748,1.4108775259144979,1.4108775259144979,3,0.8609486407049627,0.8609486407049627,1,0.00500277010766101,3821,475,30030023,23,1,3605
2570,3603,SC-RRT,5000,9624,326,3,evaluation-3d-03,5000,uniform_clutter,99,141.0,2552.727747091611,0.9159882376340502,121.0,0.014604524010792375,2495.7367226447163,0.9369051506923919,0.9719012480054516,1.3572866211337218,1.3572866211337218,3,0.8986660679814646,0.8986660679814646,1,0.012660160571900793,4156,686,30030024,24,1,3605
2570,3703,SC-RRT-fixed-matched,5000,10061,319,3,evaluation-3d-03,5000,uniform_clutter,99,141.0,2552.727747091611,0.9159882376340502,121.0,0.015781658003106713,2504.5406551325764,0.9336117524888847,1.0156811070046388,1.5,1.5,3,0.8,0.8,1,0.0,4339,754,30030024,24,1,3705
2573,3618,SC-RRT-fixed-matched,5000,9526,312,3,evaluation-3d-03,5000,uniform_clutter,99,172.0,2683.461857916978,0.8713627075858839,130.0,0.016513440990820527,2593.1773635347413,0.9017002165369464,0.8994174929975998,1.5,1.5,3,0.8,0.8,1,0.0,4052,600,30030025,25,1,3620
2573,3515,SC-RRT,5000,9462,316,3,evaluation-3d-03,5000,uniform_clutter,99,172.0,2683.461857916978,0.8713627075858839,130.0,0.016100113978609443,2580.57252772917,0.9061045814804491,0.9266544969868846,1.3710160512424443,1.3710160512424443,3,0.8889561903722194,0.8889561903722194,1,0.009993000244199123,4217,784,30030025,25,1,3517
2563,3433,SC-RRT,5000,9645,442,3,evaluation-3d-03,5000,uniform_clutter,99,400.0,2926.723220406248,0.7989373829116022,204.0,0.03203605901217088,2722.744103738504,0.858791168441937,0.9174127450096421,1.323960200596141,1.323960200596141,3,0.9223067650259252,0.9223067650259252,1,0.020736012959235908,4435,793,30030026,26,1,3435
2563,3595,SC-RRT-fixed-matched,5000,9845,449,3,evaluation-3d-03,5000,uniform_clutter,99,400.0,2926.723220406248,0.7989373829116022,204.0,0.031089376017916948,2693.0301270440395,0.8682667775367765,0.9452827850182075,1.5,1.5,3,0.8,0.8,1,0.0,4272,736,30030026,26,1,3597
2574,3704,SC-RRT-fixed-matched,5000,9403,274,3,evaluation-3d-03,5000,uniform_clutter,99,131.0,2519.505913279684,0.9280663235968436,122.0,0.01525477401446551,2507.250750546621,0.9326026085377396,0.8840554280031938,1.5,1.5,3,0.8,0.8,1,0.0,3819,433,30030027,27,1,3706
2574,3619,SC-RRT,5000,9628,237,3,evaluation-3d-03,5000,uniform_clutter,99,131.0,2519.505913279684,0.9280663235968436,122.0,0.013465056981658563,2508.4986306159717,0.9321386751739279,0.9049066369771026,1.4343814929474823,1.4343814929474823,3,0.8446124109560559,0.8446124109560559,1,0.0036340914713962795,4327,802,30030027,27,1,3621
2565,3499,SC-RRT,5000,9865,395,3,evaluation-3d-03,5000,uniform_clutter,99,197.0,2571.5426213442934,0.9092863446282825,129.0,0.017174297012388706,2530.087697356051,0.9241847990729656,0.9256062940112315,1.4018036264130567,1.4018036264130567,3,0.8672945915682932,0.8672945915682932,1,0.005268156058439804,4514,762,30030028,28,1,3501
2565,3641,SC-RRT-fixed-matched,5000,10078,382,3,evaluation-3d-03,5000,uniform_clutter,99,197.0,2571.5426213442934,0.9092863446282825,129.0,0.01746982801705599,2531.13387823484,0.9238028104023657,0.9459390260162763,1.5,1.5,3,0.8,0.8,1,0.0,4421,639,30030028,28,1,3643
2571,3648,SC-RRT-fixed-matched,5000,9846,324,3,evaluation-3d-03,5000,uniform_clutter,99,186.0,2570.5854221719483,0.9096249321457389,137.0,0.01697568199597299,2552.374398137179,0.9161150464150332,0.8974577569752,1.5,1.5,3,0.8,0.8,1,0.0,4263,605,30030029,29,1,3650
2571,3550,SC-RRT,5000,9507,285,3,evaluation-3d-03,5000,uniform_clutter,99,186.0,2570.5854221719483,0.9096249321457389,137.0,0.01689511100994423,2557.0725428142714,0.9144318555955103,0.8467470270115882,1.4092135518587217,1.4092135518587217,3,0.8621108548195748,0.8621108548195748,1,0.004700071759316849,4213,672,30030029,29,1,3552
2569,3491,SC-RRT,5000,9787,387,3,evaluation-3d-03,5000,uniform_clutter,99,149.0,2517.3243639276643,0.9288705991665263,122.0,0.015105107013368979,2504.1699183640762,0.9337499716255389,0.9508677090052515,1.441753396771457,1.441753396771457,3,0.8395224751120706,0.8395224751120706,1,0.001741096965318707,4518,919,30030030,30,1,3493
2569,3629,SC-RRT-fixed-matched,5000,9650,362,3,evaluation-3d-03,5000,uniform_clutter,99,149.0,2517.3243639276643,0.9288705991665263,122.0,0.015703654004028067,2501.2579241314074,0.9348370544513024,0.9545290390087757,1.5,1.5,3,0.8,0.8,1,0.0,4071,578,30030030,30,1,3631
2568,3635,SC-RRT-fixed-matched,5000,10112,348,3,evaluation-3d-03,5000,uniform_clutter,99,224.0,2682.5628834218032,0.8716547167145448,140.0,0.021044313994934782,2633.9514870432695,0.8877417073625745,1.0383692889881786,1.5,1.5,3,0.8,0.8,1,0.0,4511,820,30030031,31,1,3637
2568,3519,SC-RRT,5000,9591,379,3,evaluation-3d-03,5000,uniform_clutter,99,224.0,2682.5628834218032,0.8716547167145448,140.0,0.021067595982458442,2641.832507520405,0.885093427975363,0.9424151279963553,1.3866083342146938,1.3866083342146938,3,0.8779631696171386,0.8779631696171386,1,0.007485240285337148,4246,771,30030031,31,1,3521
2567,3491,SC-RRT,5000,9705,349,3,evaluation-3d-03,5000,uniform_clutter,99,132.0,2586.962028422046,0.9038666066715498,122.0,0.019233557977713645,2524.267326343461,0.9263157534131277,0.9774198409868404,1.3966186711255517,1.3966186711255517,3,0.8709294063693986,0.8709294063693986,1,0.012951971722518406,4435,901,30030032,32,1,3493
2567,3642,SC-RRT-fixed-matched,5000,9652,319,3,evaluation-3d-03,5000,uniform_clutter,99,132.0,2586.962028422046,0.9038666066715498,122.0,0.014147267997032031,2548.5557361740002,0.917487719428217,0.9239729389955755,1.5,1.5,3,0.8,0.8,1,0.0,4067,639,30030032,32,1,3644
2579,3669,SC-RRT-fixed-matched,5000,10017,340,3,evaluation-3d-03,5000,uniform_clutter,99,156.0,2517.7596751601486,0.9287100009135115,122.0,0.01495039401925169,2500.917395468328,0.9349643432665693,0.9557534769992344,1.5,1.5,3,0.8,0.8,1,0.0,4362,776,30030033,33,1,3671
2579,3559,SC-RRT,5000,9496,279,3,evaluation-3d-03,5000,uniform_clutter,99,156.0,2517.7596751601486,0.9287100009135115,122.0,0.01543017098447308,2500.634700211671,0.9350700404261595,0.840280395001173,1.4136339293845164,1.4136339293845164,3,0.8590249622016011,0.8590249622016011,1,0.003667481808654249,4192,733,30030033,33,1,3561
2573,3618,SC-RRT,5000,9437,249,3,evaluation-3d-03,5000,uniform_clutter,99,168.0,2715.193806718843,0.8611792588918905,126.0,0.0156854490051046,2642.8074413490167,0.8847669162852133,0.8729131869913545,1.397456888074629,1.397456888074629,3,0.8703413849001643,0.8703413849001643,1,0.0053130630809196285,4059,733,30030034,34,1,3620
2573,3726,SC-RRT-fixed-matched,5000,9890,279,3,evaluation-3d-03,5000,uniform_clutter,99,168.0,2715.193806718843,0.8611792588918905,126.0,0.01581643900135532,2636.781655476531,0.8867888569239162,0.9058862889942247,1.5,1.5,3,0.8,0.8,1,0.0,4211,715,30030034,34,1,3728
2569,3706,SC-RRT-fixed-matched,5000,9696,252,3,evaluation-3d-03,5000,uniform_clutter,99,180.0,2567.4424451174295,0.910738464523218,144.0,0.017142722994321957,2532.883103108982,0.9231648264177219,0.8614245979988482,1.5,1.5,3,0.8,0.8,1,0.0,4100,630,30030035,35,1,3708
2569,3591,SC-RRT,5000,9451,268,3,evaluation-3d-03,5000,uniform_clutter,99,180.0,2567.4424451174295,0.910738464523218,144.0,0.017119975993409753,2528.569601012399,0.9247396588497223,0.8338588499755133,1.3800677258276708,1.3800677258276708,3,0.8825694283990546,0.8825694283990546,1,0.007940113631072932,4079,681,30030035,35,1,3593
2576,3524,SC-RRT,5000,9711,344,3,evaluation-3d-03,5000,uniform_clutter,99,198.0,2597.3698414973296,0.9002447602417764,131.0,0.01733601200976409,2585.2127018592773,0.9044782228310685,0.8763808840012643,1.4222561578425443,1.4222561578425443,3,0.8530205682702121,0.8530205682702121,1,0.0031673818154048647,4357,716,30030036,36,1,3526
2576,3589,SC-RRT-fixed-matched,5000,9449,371,3,evaluation-3d-03,5000,uniform_clutter,99,198.0,2597.3698414973296,0.9002447602417764,131.0,0.0180586029891856,2589.252195158522,0.9030671460239229,0.8904140319791622,1.5,1.5,3,0.8,0.8,1,0.0,3903,495,30030036,36,1,3591
2574,3575,SC-RRT-fixed-matched,5000,9488,354,3,evaluation-3d-03,5000,uniform_clutter,99,165.0,2577.822906604077,0.9070710731243861,118.0,0.01531053299549967,2561.278458876687,0.9129302525128371,0.8570293890079483,1.5,1.5,3,0.8,0.8,1,0.0,4078,773,30030037,37,1,3577
2574,3442,SC-RRT,5000,9592,448,3,evaluation-3d-03,5000,uniform_clutter,98,165.0,2577.822906604077,0.9070710731243861,118.0,0.014826278027612716,2546.9880195642745,0.9180524495038666,0.8989325400034431,1.408560774790365,1.408560774790365,3,0.8625669806999174,0.8625669806999174,1,0.004641676315462215,4355,1026,30030037,37,1,3444
2568,3526,SC-RRT,5000,9210,367,3,evaluation-3d-03,5000,uniform_clutter,99,202.0,2602.3075620998516,0.8985366004666991,144.0,0.019275644997833297,2527.2648528663435,0.9252170731397599,0.972532100015087,1.380431696707403,1.380431696707403,3,0.8823128980831352,0.8823128980831352,1,0.010397981059115121,3901,549,30030038,38,1,3528
2568,3674,SC-RRT-fixed-matched,5000,9557,331,3,evaluation-3d-03,5000,uniform_clutter,99,202.0,2602.3075620998516,0.8985366004666991,144.0,0.020441717992071062,2550.2151550839394,0.9168907123607071,0.8744349330081604,1.5,1.5,3,0.8,0.8,1,0.0,3954,476,30030038,38,1,3676
2584,3708,SC-RRT-fixed-matched,5000,9889,277,3,evaluation-3d-03,5000,uniform_clutter,98,154.0,2510.7708054594386,0.9312951166763751,123.0,0.015088173997355625,2476.6573069098154,0.944122783436477,0.957764666993171,1.5,1.5,3,0.8,0.8,1,0.0,4202,597,30030039,39,1,3710
2584,3558,SC-RRT,5000,9634,348,3,evaluation-3d-03,5000,uniform_clutter,98,154.0,2510.7708054594386,0.9312951166763751,123.0,0.014985271001933143,2497.672344895009,0.9361790768901974,0.9280144420044962,1.4144558479406013,1.4144558479406013,3,0.8584517304897542,0.8584517304897542,1,0.0040769041276950664,4175,639,30030039,39,1,3560
2570,3559,SC-RRT,5000,9487,404,3,evaluation-3d-03,5000,uniform_clutter,99,309.0,2819.8562470976626,0.8292155292045995,173.0,0.02531888202065602,2657.047243859018,0.8800252218405988,0.9070307860092726,1.3752024517901718,1.3752024517901718,3,0.8860006756272588,0.8860006756272588,1,0.00667504428347827,4065,710,30030040,40,1,3561
2570,3692,SC-RRT-fixed-matched,5000,9707,403,3,evaluation-3d-03,5000,uniform_clutter,99,309.0,2819.8562470976626,0.8292155292045995,173.0,0.026836214994546026,2657.047243859018,0.8800252218405988,0.9462259559950326,1.5,1.5,3,0.8,0.8,1,0.0,3997,583,30030040,40,1,3694
2570,3706,SC-RRT-fixed-matched,5000,9950,315,3,evaluation-3d-03,5000,uniform_clutter,99,156.0,2623.5214303988873,0.8912710081664809,130.0,0.0163908579852432,2610.726382382343,0.8956390857337813,0.9501375230029225,1.5,1.5,3,0.8,0.8,1,0.0,4239,612,30030041,41,1,3708
2570,3625,SC-RRT,5000,9658,310,3,evaluation-3d-03,5000,uniform_clutter,99,156.0,2623.5214303988873,0.8912710081664809,130.0,0.016077339998446405,2571.935239784186,0.9091475376394746,0.9132860229874495,1.3594073580214894,1.3594073580214894,3,0.8971646799818883,0.8971646799818883,1,0.013595569505992708,4153,601,30030041,41,1,3627
2567,3599,SC-RRT,5000,9727,229,3,evaluation-3d-03,5000,uniform_clutter,99,138.0,2541.43665673041,0.9200577885841136,118.0,0.01367910098633729,2475.1258073021095,0.9447069653266232,0.9118843269825447,1.422225031079166,1.422225031079166,3,0.8530422077936562,0.8530422077936562,1,0.008003027813901555,4390,863,30030042,42,1,3601
2567,3697,SC-RRT-fixed-matched,5000,9807,229,3,evaluation-3d-03,5000,uniform_clutter,99,138.0,2541.43665673041,0.9200577885841136,118.0,0.01440403499873355,2500.9111626176564,0.9349666734145657,0.922345378989121,1.5,1.5,3,0.8,0.8,1,0.0,4228,696,30030042,42,1,3699
2577,3610,SC-RRT-fixed-matched,5000,9500,465,3,evaluation-3d-03,5000,uniform_clutter,99,305.0,2790.047137183203,0.8380749411204109,186.0,0.025624395988415927,2783.247512390529,0.840122403705895,0.8618015959800687,1.5,1.5,3,0.8,0.8,1,0.0,3869,516,30030043,43,1,3612
2577,3495,SC-RRT,5000,9259,475,3,evaluation-3d-03,5000,uniform_clutter,99,305.0,2790.047137183203,0.8380749411204109,186.0,0.02525641699321568,2783.247512390529,0.840122403705895,0.8246356209856458,1.4094528890011588,1.4094528890011588,3,0.8619436453522087,0.8619436453522087,1,0.004023422580267232,3873,598,30030043,43,1,3497
2572,3515,SC-RRT,5000,9481,386,3,evaluation-3d-03,5000,uniform_clutter,99,192.0,2580.13582249169,0.9062579457386357,142.0,0.017129612009739503,2544.897015216468,0.9188067635888566,0.8762054160179105,1.3768301285795532,1.3768301285795532,3,0.884852314894699,0.884852314894699,1,0.011594118285017496,4109,725,30030044,44,1,3517
2572,3637,SC-RRT-fixed-matched,5000,9715,364,3,evaluation-3d-03,5000,uniform_clutter,99,192.0,2580.13582249169,0.9062579457386357,142.0,0.017355546995531768,2569.9749207546993,0.9098410149198374,0.9246197899919935,1.5,1.5,3,0.8,0.8,1,0.0,4089,604,30030044,44,1,3639
2565,3712,SC-RRT-fixed-matched,5000,9694,233,3,evaluation-3d-03,5000,uniform_clutter,99,126.0,2515.653013045455,0.9294877227075412,114.0,0.013989736005896702,2498.8449062437835,0.9357397829594897,0.8835060360142961,1.5,1.5,3,0.8,0.8,1,0.0,4103,576,30030045,45,1,3714
2565,3654,SC-RRT,5000,9509,234,3,evaluation-3d-03,5000,uniform_clutter,99,126.0,2515.653013045455,0.9294877227075412,114.0,0.01256360299885273,2498.365029693393,0.9359195163346261,0.8724617550033145,1.4407931921795627,1.4407931921795627,3,0.8401844620642874,0.8401844620642874,1,0.0016689721992939814,4040,565,30030045,45,1,3656
2569,3492,SC-RRT,5000,9057,316,3,evaluation-3d-03,5000,uniform_clutter,99,208.0,2571.9531795761523,0.9091411961874523,140.0,0.019168618018738925,2561.543271396838,0.9128358737203375,0.8271366069966462,1.401903901839877,1.401903901839877,3,0.8672243553492575,0.8672243553492575,1,0.0033582038275239345,3896,542,30030046,46,1,3494
2569,3662,SC-RRT-fixed-matched,5000,9659,318,3,evaluation-3d-03,5000,uniform_clutter,99,208.0,2571.9531795761523,0.9091411961874523,140.0,0.01818384599755518,2561.543271396838,0.9128358737203375,0.8786932149960194,1.5,1.5,3,0.8,0.8,1,0.0,4086,588,30030046,46,1,3664
2566,3743,SC-RRT-fixed-matched,5000,9461,243,3,evaluation-3d-03,5000,uniform_clutter,99,146.0,2724.7614895113334,0.8581553281705167,129.0,0.01548060800996609,2717.7611754748377,0.8603657346048628,0.9905628800042905,1.5,1.5,3,0.8,0.8,1,0.0,3865,454,30030047,47,1,3745
2566,3676,SC-RRT,5000,9185,251,3,evaluation-3d-03,5000,uniform_clutter,99,146.0,2724.7614895113334,0.8581553281705167,129.0,0.014329383004223928,2710.857675679483,0.8625567513911964,0.9002552430029027,1.427624283556832,1.427624283556832,3,0.8492927540254565,0.8492927540254565,1,0.004466767312880663,3763,437,30030047,47,1,3678
2564,3591,SC-RRT,5000,9735,346,3,evaluation-3d-03,5000,uniform_clutter,99,171.0,2684.299436281638,0.8710908174450966,127.0,0.017313350981567055,2643.757799315682,0.8844488669965261,0.9388647349842358,1.3952101319209216,1.3952101319209216,3,0.8719178603173008,0.8719178603173008,1,0.009150730667775102,4240,691,30030048,48,1,3593
2564,3701,SC-RRT-fixed-matched,5000,9974,336,3,evaluation-3d-03,5000,uniform_clutter,99,171.0,2684.299436281638,0.8710908174450966,127.0,0.015981044009095058,2650.8883692383442,0.8820698062400182,0.9026831620140001,1.5,1.5,3,0.8,0.8,1,0.0,4237,637,30030048,48,1,3703
2575,3636,SC-RRT-fixed-matched,5000,9695,338,3,evaluation-3d-03,5000,uniform_clutter,99,160.0,2595.4142842547335,0.9009230643459343,131.0,0.015362795995315537,2585.775657236456,0.9042813067228753,0.8782643349841237,1.5,1.5,3,0.8,0.8,1,0.0,4163,580,30030049,49,1,3638
2575,3544,SC-RRT,5000,9321,336,3,evaluation-3d-03,5000,uniform_clutter,99,160.0,2595.4142842547335,0.9009230643459343,131.0,0.015433475986355916,2580.0236926298326,0.9062973324227787,0.8471190819982439,1.4132885727376678,1.4132885727376678,3,0.8592658773037524,0.8592658773037524,1,0.0043256802422941,4031,547,30030049,49,1,3546
2573,3474,SC-RRT,5000,9063,411,3,evaluation-3d-04,5000,central_cluster,99,148.0,2547.8116217646366,0.9177556810885724,129.0,0.015187454002443701,2541.5680795343733,0.9200102130045501,0.8332727560191415,1.4375656282398563,1.4375656282398563,4,0.8424118013901346,0.8424118013901346,1,0.0016549763027047222,3764,492,30040000,0,1,3476
2573,3597,SC-RRT-fixed-matched,5000,9454,389,3,evaluation-3d-04,5000,central_cluster,99,148.0,2547.8116217646366,0.9177556810885724,129.0,0.014231731998734176,2530.36726834195,0.9240826892888792,0.851897452987032,1.5,1.5,4,0.8,0.8,1,0.0,3873,473,30040000,0,1,3599
2570,3579,SC-RRT-fixed-matched,5000,9537,395,3,evaluation-3d-04,5000,central_cluster,99,174.0,2751.8656093432455,0.8497030459187397,142.0,0.01698936100001447,2703.2523614319502,0.8649834634674548,0.8930125629995018,1.5,1.5,4,0.8,0.8,1,0.0,4006,590,30040001,1,1,3581
2570,3478,SC-RRT,5000,9201,391,3,evaluation-3d-04,5000,central_cluster,99,174.0,2751.8656093432455,0.8497030459187397,142.0,0.016555746988160536,2690.9734955080858,0.8689303681813086,0.8591018540028017,1.3826439428251145,1.3826439428251145,4,0.8807541864780398,0.8807541864780398,1,0.010009450264027556,3910,606,30040001,1,1,3480
2579,3523,SC-RRT,5000,9522,389,3,evaluation-3d-04,5000,central_cluster,98,263.0,2854.690116518128,0.8190971680912168,171.0,0.02280786700430326,2773.477478502039,0.8430818740525299,0.868187078012852,1.386099589609624,1.386099589609624,4,0.8783211724197343,0.8783211724197343,1,0.006602862499338734,4143,791,30040002,2,1,3525
2579,3638,SC-RRT-fixed-matched,5000,9805,400,3,evaluation-3d-04,5000,central_cluster,99,263.0,2854.690116518128,0.8190971680912168,171.0,0.022658358997432515,2775.94493151372,0.8423324842193208,0.9319132079835981,1.5,1.5,4,0.8,0.8,1,0.0,4167,757,30040002,2,1,3640
2568,3648,SC-RRT-fixed-matched,5000,9658,328,3,evaluation-3d-04,5000,central_cluster,99,124.0,2502.865529035918,0.9342366032419908,116.0,0.013146668003173545,2501.7876612211176,0.9346391088509406,0.8605505030136555,1.5,1.5,4,0.8,0.8,1,0.0,4063,597,30040003,3,1,3650
2568,3534,SC-RRT,5000,9418,338,3,evaluation-3d-04,5000,central_cluster,99,124.0,2502.865529035918,0.9342366032419908,116.0,0.01302443299209699,2501.7876612211176,0.9346391088509406,0.8620695600111503,1.4461827173363782,1.4461827173363782,4,0.8364727335231267,0.8364727335231267,1,0.0013432335931286997,4081,654,30040003,3,1,3536
2577,3429,SC-RRT,5000,9238,580,3,evaluation-3d-04,5000,central_cluster,99,335.0,2852.5953864533376,0.819698651032728,212.0,0.029763219004962593,2731.1419637934073,0.8561505118431327,0.831683303025784,1.3936663567514143,1.3936663567514143,4,0.8730017037943739,0.8730017037943739,1,0.0057150816889940375,3952,597,30040004,4,1,3431
2577,3559,SC-RRT-fixed-matched,5000,9634,569,3,evaluation-3d-04,5000,central_cluster,98,335.0,2852.5953864533376,0.819698651032728,212.0,0.030908007000107318,2731.1336463488105,0.856153119179635,0.858986659994116,1.5,1.5,4,0.8,0.8,1,0.0,4023,577,30040004,4,1,3561
2565,3569,SC-RRT-fixed-matched,5000,9954,439,3,evaluation-3d-04,5000,central_cluster,99,245.0,2642.0366635034807,0.8850250348597798,155.0,0.021247249998850748,2596.7250942319406,0.9004682842292158,0.8928386349871289,1.5,1.5,4,0.8,0.8,1,0.0,4405,859,30040005,5,1,3571
2565,3430,SC-RRT,5000,10208,416,3,evaluation-3d-04,5000,central_cluster,99,245.0,2642.0366635034807,0.8850250348597798,155.0,0.02109460099018179,2562.807363898759,0.9123856217818933,0.9228347949974705,1.3137331121555196,1.3137331121555196,4,0.9295692362361343,0.9295692362361343,1,0.021999050889978843,4993,1129,30040005,5,1,3432
2570,3397,SC-RRT,5000,9046,461,3,evaluation-3d-04,5000,central_cluster,99,222.0,2708.040912610271,0.8634539379850563,159.0,0.01987510998151265,2642.6687704965843,0.8848133433606966,0.8332134780066554,1.3429098180648071,1.3429098180648071,4,0.9088558480206643,0.9088558480206643,1,0.016609908745323303,3871,585,30040006,6,1,3399
2570,3572,SC-RRT-fixed-matched,5000,9648,485,3,evaluation-3d-04,5000,central_cluster,99,222.0,2708.040912610271,0.8634539379850563,159.0,0.01998268300667405,2664.5664570523745,0.8775418545216729,0.865459460997954,1.5,1.5,4,0.8,0.8,1,0.0,4037,621,30040006,6,1,3574
2567,3621,SC-RRT-fixed-matched,5000,9720,436,3,evaluation-3d-04,5000,central_cluster,99,255.0,2653.306845114538,0.8812658040374691,196.0,0.02363043901277706,2597.7029709620965,0.9001293128413265,0.981798463006271,1.5,1.5,4,0.8,0.8,1,0.0,4129,712,30040007,7,1,3623
2567,3485,SC-RRT,5000,9381,437,3,evaluation-3d-04,5000,central_cluster,99,255.0,2653.306845114538,0.8812658040374691,196.0,0.02797563499188982,2590.9076953180715,0.902490117437753,0.946795989992097,1.3576324600714411,1.3576324600714411,4,0.8984211948452145,0.8984211948452145,1,0.01236758989348088,4125,771,30040007,7,1,3487
2586,3457,SC-RRT,5000,9532,475,3,evaluation-3d-04,5000,central_cluster,98,389.0,2739.2732323004416,0.8536091115869834,226.0,0.03459170300629921,2579.2824279836013,0.9065577948538059,0.9285760390048381,1.2855748060253798,1.2855748060253798,4,0.9495442879756736,0.9495442879756736,1,0.0492043299041416,4264,780,30040008,8,1,3459
2586,3641,SC-RRT-fixed-matched,5000,9805,452,3,evaluation-3d-04,5000,central_cluster,98,389.0,2739.2732323004416,0.8536091115869834,226.0,0.03235795898945071,2608.9339976809233,0.89625440593609,0.8540274850092828,1.5,1.5,4,0.8,0.8,1,0.0,4145,634,30040008,8,1,3643
2564,3476,SC-RRT-fixed-matched,5000,9282,654,3,evaluation-3d-04,5000,central_cluster,99,367.0,2698.4412946205366,0.8665256475578799,229.0,0.03182837800704874,2691.851118782736,0.8686470711186125,0.816167414013762,1.5,1.5,4,0.8,0.8,1,0.0,3721,482,30040009,9,1,3478
2564,3328,SC-RRT,5000,8833,647,3,evaluation-3d-04,5000,central_cluster,99,367.0,2698.4412946205366,0.8665256475578799,229.0,0.03139752900460735,2691.851118782736,0.8686470711186125,0.7624876229965594,1.3930147902757875,1.3930147902757875,4,0.8734593017504723,0.8734593017504723,1,0.006268128279066175,3636,490,30040009,9,1,3330
2568,3491,SC-RRT,5000,9943,376,3,evaluation-3d-04,5000,central_cluster,99,170.0,2610.478389642274,0.8957241705181892,134.0,0.016046163014834747,2547.215754738099,0.917970370538322,0.940447041997686,1.3899220165190924,1.3899220165190924,4,0.8756325615389157,0.8756325615389157,1,0.008084580434861207,4685,880,30040010,10,1,3493
2568,3583,SC-RRT-fixed-matched,5000,10014,357,3,evaluation-3d-04,5000,central_cluster,99,170.0,2610.478389642274,0.8957241705181892,134.0,0.015713989007053897,2519.096026729791,0.9282173309024067,0.9448482469888404,1.5,1.5,4,0.8,0.8,1,0.0,4569,857,30040010,10,1,3585
2570,3429,SC-RRT-fixed-matched,5000,9320,612,3,evaluation-3d-04,5000,central_cluster,99,552.0,2817.058201625807,0.8300391482392876,343.0,0.047632439993321896,2697.657575329247,0.866777389243926,0.8471781040134374,1.5,1.5,4,0.8,0.8,1,0.0,4076,787,30040011,11,1,3431
2570,3269,SC-RRT,5000,8862,641,3,evaluation-3d-04,5000,central_cluster,99,552.0,2817.058201625807,0.8300391482392876,343.0,0.05078025002148934,2704.3371106907334,0.8646365059202071,0.8709066490118857,1.286240863103644,1.286240863103644,4,0.9490725096954595,0.9490725096954595,1,0.03489024730731791,3946,729,30040011,11,1,3271
2571,3500,SC-RRT,5000,9421,492,3,evaluation-3d-04,5000,central_cluster,99,329.0,2798.227175041054,0.8356250025281377,228.0,0.03149936601403169,2676.201158049904,0.8737267687014363,0.945925824024016,1.3573822626140761,1.3573822626140761,4,0.8985983471923946,0.8985983471923946,1,0.01051915280027261,4117,732,30040012,12,1,3502
2571,3638,SC-RRT-fixed-matched,5000,9820,466,3,evaluation-3d-04,5000,central_cluster,99,329.0,2798.227175041054,0.8356250025281377,228.0,0.030951510998420417,2681.171211325249,0.8721071524045737,0.9673918609914836,1.5,1.5,4,0.8,0.8,1,0.0,4183,751,30040012,12,1,3640
2559,3602,SC-RRT-fixed-matched,5000,10086,372,3,evaluation-3d-04,5000,central_cluster,99,182.0,2623.1013696991286,0.8914137353701223,144.0,0.018588420993182808,2580.9833097321175,0.9059603684382892,0.9622068049793597,1.5,1.5,4,0.8,0.8,1,0.0,4627,930,30040013,13,1,3604
2559,3538,SC-RRT,5000,9863,376,3,evaluation-3d-04,5000,central_cluster,99,182.0,2623.1013696991286,0.8914137353701223,144.0,0.01829236897174269,2571.76847884067,0.9092064894084302,1.004721929988591,1.3804252687975973,1.3804252687975973,4,0.8823174283382814,0.8823174283382814,1,0.011954960293664125,4562,861,30040013,13,1,3540
2568,3437,SC-RRT,5000,9173,428,3,evaluation-3d-04,5000,central_cluster,99,195.0,2706.904347047977,0.8638164820149594,146.0,0.01850969501538202,2605.496245561547,0.8974369447667468,0.8562223449989688,1.3944278256257467,1.3944278256257467,4,0.8724670337255271,0.8724670337255271,1,0.003668535894225122,4074,719,30040014,14,1,3439
2568,3551,SC-RRT-fixed-matched,5000,9459,398,3,evaluation-3d-04,5000,central_cluster,99,195.0,2706.904347047977,0.8638164820149594,146.0,0.020901495998259634,2602.117404401537,0.8986022637805477,0.9734926339879166,1.5,1.5,4,0.8,0.8,1,0.0,4096,670,30040014,14,1,3553
2565,3674,SC-RRT-fixed-matched,5000,10386,425,3,evaluation-3d-04,5000,central_cluster,99,336.0,2630.55400224837,0.8888882677258989,218.0,0.034998190007172525,2502.4203761884964,0.934402793578377,1.0783233900147025,1.5,1.5,4,0.8,0.8,1,0.0,4716,1014,30040015,15,1,3676
2565,3526,SC-RRT,5000,9999,406,3,evaluation-3d-04,5000,central_cluster,99,336.0,2630.55400224837,0.8888882677258989,218.0,0.03049115400062874,2531.5447960128427,0.923652859669216,0.8487330400093924,1.3113562474287008,1.3113562474287008,4,0.9312569225036758,0.9312569225036758,1,0.022514492889934037,4710,1060,30040015,15,1,3528
2566,3423,SC-RRT,5000,8923,512,3,evaluation-3d-04,5000,central_cluster,99,262.0,2648.587867243098,0.8828359516166916,146.0,0.020933981984853745,2630.0724837750117,0.8890510070132387,0.8030482479953207,1.4057474347109165,1.4057474347109165,4,0.8645339924013046,0.8645339924013046,1,0.0047621656235187606,3684,479,30040016,16,1,3425
2566,3506,SC-RRT-fixed-matched,5000,8984,485,3,evaluation-3d-04,5000,central_cluster,99,262.0,2648.587867243098,0.8828359516166916,146.0,0.02092783700209111,2630.6995303814474,0.8888390951584421,0.8387861390074249,1.5,1.5,4,0.8,0.8,1,0.0,3574,386,30040016,16,1,3508
2564,3514,SC-RRT-fixed-matched,5000,9349,571,3,evaluation-3d-04,5000,central_cluster,99,411.0,2972.1847952926664,0.7867170957611128,243.0,0.03423215899965726,2595.955101427551,0.9007353744031006,0.8380647320009302,1.5,1.5,4,0.8,0.8,1,0.0,3899,552,30040017,17,1,3516
2564,3268,SC-RRT,5000,8899,651,3,evaluation-3d-04,5000,central_cluster,99,411.0,2972.1847952926664,0.7867170957611128,243.0,0.04229161300463602,2579.30438890676,0.9065500761657143,0.8405068129941355,1.2933817956961922,1.2933817956961922,4,0.9440117145071992,0.9440117145071992,1,0.09693259481398432,3872,634,30040017,17,1,3270
2569,3460,SC-RRT,5000,9895,412,3,evaluation-3d-04,5000,central_cluster,99,239.0,2657.027167130904,0.8800318713876305,174.0,0.02275251899845898,2504.255294894908,0.9337181376773771,0.880735568003729,1.2827345017154221,1.2827345017154221,4,0.95,0.95,1,0.0377394555112081,4665,1038,30040018,18,1,3462
2569,3589,SC-RRT-fixed-matched,5000,9443,453,3,evaluation-3d-04,5000,central_cluster,99,239.0,2657.027167130904,0.8800318713876305,174.0,0.025540085014654323,2577.4840416448737,0.907190326860674,0.8711061349895317,1.5,1.5,4,0.8,0.8,1,0.0,3873,531,30040018,18,1,3591
2585,3612,SC-RRT-fixed-matched,5000,9966,413,3,evaluation-3d-04,5000,central_cluster,98,172.0,2619.8189016551714,0.8925306206244611,138.0,0.016804290004074574,2588.3443636584725,0.9033838862588512,0.918073969980469,1.5,1.5,4,0.8,0.8,1,0.0,4350,721,30040019,19,1,3614
2585,3456,SC-RRT,5000,9385,416,3,evaluation-3d-04,5000,central_cluster,98,172.0,2619.8189016551714,0.8925306206244611,138.0,0.016946734016528353,2591.1225137872925,0.9024152959870174,0.8878454070072621,1.4199632240220166,1.4199632240220166,4,0.8546153554460423,0.8546153554460423,1,0.002460801457758637,4121,665,30040019,19,1,3458
2566,3503,SC-RRT,5000,9827,446,3,evaluation-3d-04,5000,central_cluster,99,209.0,2719.237264484153,0.8598987005503399,158.0,0.021735577000072226,2641.7170373723843,0.8851321156423972,0.9493682520114817,1.3897699891895225,1.3897699891895225,4,0.8757394394615025,0.8757394394615025,1,0.006619651477414239,4464,855,30040020,20,1,3505
2566,3596,SC-RRT-fixed-matched,5000,9508,382,3,evaluation-3d-04,5000,central_cluster,99,209.0,2719.237264484153,0.8598987005503399,158.0,0.020475717989029363,2645.231542675055,0.8839561121569542,0.9250207259901799,1.5,1.5,4,0.8,0.8,1,0.0,4022,640,30040020,20,1,3598
2576,3417,SC-RRT-fixed-matched,5000,9251,510,3,evaluation-3d-04,5000,central_cluster,99,195.0,2591.7861118728147,0.9021842425601858,145.0,0.018999181978870183,2512.4081384789697,0.9306881928959159,0.8724844149837736,1.5,1.5,4,0.8,0.8,1,0.0,3929,559,30040021,21,1,3419
2576,3336,SC-RRT,5000,9123,494,3,evaluation-3d-04,5000,central_cluster,98,195.0,2591.7861118728147,0.9021842425601858,145.0,0.019248419004725292,2513.2650394259967,0.9303708735597659,0.84282713898574,1.4076681404162048,1.4076681404162048,4,0.8631908768813412,0.8631908768813412,1,0.004525436854930333,4014,657,30040021,21,1,3338
2573,3362,SC-RRT,5000,9231,600,3,evaluation-3d-04,5000,central_cluster,99,351.0,2778.5365332193805,0.841546822315388,232.0,0.03143998599261977,2699.6247307097033,0.8661457881974869,0.8695210090081673,1.3687452431554954,1.3687452431554954,4,0.8905604373020769,0.8905604373020769,1,0.01300474451014456,4132,845,30040022,22,1,3364
2573,3476,SC-RRT-fixed-matched,5000,9445,609,3,evaluation-3d-04,5000,central_cluster,99,351.0,2778.5365332193805,0.841546822315388,232.0,0.03261153699713759,2650.91825539753,0.8820598618825909,0.9050885330070741,1.5,1.5,4,0.8,0.8,1,0.0,4072,805,30040022,22,1,3478
2568,3654,SC-RRT-fixed-matched,5000,9810,494,3,evaluation-3d-04,5000,central_cluster,99,432.0,2926.2867937261676,0.7990565365059675,289.0,0.0429137889877893,2664.9892127737758,0.8774026472641013,0.9050572020059917,1.5,1.5,4,0.8,0.8,1,0.0,4188,714,30040023,23,1,3656
2568,3494,SC-RRT,5000,9287,493,3,evaluation-3d-04,5000,central_cluster,99,432.0,2926.2867937261676,0.7990565365059675,289.0,0.042481493001105264,2661.8192312773117,0.8784475529902656,0.8661191449791659,1.3794525009174647,1.3794525009174647,4,0.8830030972194489,0.8830030972194489,1,0.009891095449785142,4066,690,30040023,23,1,3496
2570,3482,SC-RRT,5000,9448,406,3,evaluation-3d-04,5000,central_cluster,99,140.0,2511.2892547885303,0.9311028531497795,125.0,0.015088899002876133,2479.38431311232,0.9430843689104429,0.8783352930040564,1.425293743351554,1.425293743351554,4,0.8509101426165979,0.8509101426165979,1,0.005528222270676237,4140,741,30040024,24,1,3484
2570,3629,SC-RRT-fixed-matched,5000,9698,367,3,evaluation-3d-04,5000,central_cluster,99,140.0,2511.2892547885303,0.9311028531497795,125.0,0.01591705298051238,2483.818036224159,0.941400922336712,0.9292061939777341,1.5,1.5,4,0.8,0.8,1,0.0,4131,667,30040024,24,1,3631
2572,3533,SC-RRT-fixed-matched,5000,10163,463,3,evaluation-3d-04,5000,central_cluster,99,238.0,2720.506984261702,0.859497367124955,185.0,0.023771863023284823,2561.373418534718,0.9128964067861822,0.9504499830072746,1.5,1.5,4,0.8,0.8,1,0.0,4707,1097,30040025,25,1,3535
2572,3390,SC-RRT,5000,9912,516,3,evaluation-3d-04,5000,central_cluster,99,238.0,2720.506984261702,0.859497367124955,185.0,0.021581918990705162,2567.2379878787465,0.9108109965878329,0.9311544910015073,1.3797038676397062,1.3797038676397062,4,0.8828259022444465,0.8828259022444465,1,0.008575118452772739,4691,1119,30040025,25,1,3392
2568,3480,SC-RRT,5000,9318,389,3,evaluation-3d-04,5000,central_cluster,99,197.0,2608.9938082004232,0.8962338595317809,153.0,0.019273306999821216,2578.4096788303946,0.9068646497164322,0.8975715580163524,1.3897880503205995,1.3897880503205995,4,0.875726741923058,0.875726741923058,1,0.005068766723160654,4067,693,30040026,26,1,3482
2568,3568,SC-RRT-fixed-matched,5000,9625,360,3,evaluation-3d-04,5000,central_cluster,99,197.0,2608.9938082004232,0.8962338595317809,153.0,0.018672557023819536,2556.913402646082,0.9144887690753124,0.9150366310204845,1.5,1.5,4,0.8,0.8,1,0.0,4234,695,30040026,26,1,3570
2566,3538,SC-RRT-fixed-matched,5000,9723,469,3,evaluation-3d-04,5000,central_cluster,99,158.0,2618.2354762415675,0.893070394712751,135.0,0.016236074006883428,2589.29269359366,0.9030530213919998,0.8627409949840512,1.5,1.5,4,0.8,0.8,1,0.0,4212,662,30040027,27,1,3540
2566,3441,SC-RRT,5000,9530,465,3,evaluation-3d-04,5000,central_cluster,99,158.0,2618.2354762415675,0.893070394712751,135.0,0.015941505989758298,2581.1254426737137,0.9059104805831673,0.865375266992487,1.400757021363177,1.400757021363177,4,0.8680278062495399,0.8680278062495399,1,0.006091881737735242,4226,720,30040027,27,1,3443
2564,3492,SC-RRT,5000,9254,396,3,evaluation-3d-04,5000,central_cluster,99,145.0,2563.7954304828113,0.9120339955429454,130.0,0.014858070993795991,2559.3317512126837,0.9136246557758863,0.8432442400080618,1.4389520973308152,1.4389520973308152,4,0.8414545905792158,0.8414545905792158,1,0.0029660278565646885,4027,704,30040028,28,1,3494
2564,3566,SC-RRT-fixed-matched,5000,9518,406,3,evaluation-3d-04,5000,central_cluster,99,145.0,2563.7954304828113,0.9120339955429454,130.0,0.015125386009458452,2563.7954304828113,0.9120339955429454,0.8784420800220687,1.5,1.5,4,0.8,0.8,1,0.0,4078,631,30040028,28,1,3568
2582,3518,SC-RRT-fixed-matched,5000,9523,580,3,evaluation-3d-04,5000,central_cluster,99,201.0,2628.374641987158,0.8896253041195672,146.0,0.0195796650077682,2520.3369422070364,0.927760312940691,0.9417866800213233,1.5,1.5,4,0.8,0.8,1,0.0,4065,686,30040029,29,1,3520
2582,3378,SC-RRT,5000,9474,573,3,evaluation-3d-04,5000,central_cluster,98,201.0,2628.374641987158,0.8896253041195672,146.0,0.039273958012927324,2527.74523020979,0.9250412431888636,0.9286926060158294,1.3845745724886318,1.3845745724886318,4,0.879394617257016,0.879394617257016,1,0.00727041376431566,4346,881,30040029,29,1,3380
2572,3480,SC-RRT,5000,9823,378,3,evaluation-3d-04,5000,central_cluster,99,162.0,2611.409029828768,0.8954049570592572,121.0,0.0162542259786278,2535.40055707705,0.9222481961247455,0.9481032329786103,1.4005504329576273,1.4005504329576273,4,0.8681725644247779,0.8681725644247779,1,0.006189457591247803,4521,921,30040030,30,1,3482
2572,3600,SC-RRT-fixed-matched,5000,9752,353,3,evaluation-3d-04,5000,central_cluster,99,162.0,2611.409029828768,0.8954049570592572,121.0,0.01636276300996542,2522.4010152974347,0.9270011294941783,0.9341537040018011,1.5,1.5,4,0.8,0.8,1,0.0,4212,744,30040030,30,1,3602
2562,3631,SC-RRT-fixed-matched,5000,9630,430,3,evaluation-3d-04,5000,central_cluster,99,329.0,2798.813421883824,0.8354499703106838,216.0,0.02999596600420773,2746.809171408797,0.8512672138118432,0.8981234369857702,1.5,1.5,4,0.8,0.8,1,0.0,4018,618,30040031,31,1,3633
2562,3477,SC-RRT,5000,9092,436,3,evaluation-3d-04,5000,central_cluster,99,329.0,2798.813421883824,0.8354499703106838,216.0,0.03038655800628476,2755.6593177019663,0.8485332621479285,0.8461276270099916,1.3851973985520456,1.3851973985520456,4,0.8789561633400138,0.8789561633400138,1,0.008683234459994965,3836,530,30040031,31,1,3479
2567,3454,SC-RRT,5000,9365,433,3,evaluation-3d-04,5000,central_cluster,99,148.0,2535.2675445484597,0.92229658177336,131.0,0.015848501992877573,2492.5224728781454,0.9381133432742765,0.9082869589910842,1.3728212550113472,1.3728212550113472,4,0.8876814216177425,0.8876814216177425,1,0.011209131283732028,4096,699,30040032,32,1,3456
2567,3618,SC-RRT-fixed-matched,5000,9690,372,3,evaluation-3d-04,5000,central_cluster,99,148.0,2535.2675445484597,0.92229658177336,131.0,0.01571132699609734,2515.7537536624923,0.9294505023847739,0.9236626369820442,1.5,1.5,4,0.8,0.8,1,0.0,4143,634,30040032,32,1,3620
2569,3555,SC-RRT-fixed-matched,5000,9570,395,3,evaluation-3d-04,5000,central_cluster,99,232.0,2686.1856356345397,0.8704791505095033,186.0,0.023293571022804826,2637.3100578306476,0.8866111829647199,0.900197720999131,1.5,1.5,4,0.8,0.8,1,0.0,4166,673,30040033,33,1,3557
2569,3447,SC-RRT,5000,9610,397,3,evaluation-3d-04,5000,central_cluster,99,232.0,2686.1856356345397,0.8704791505095033,186.0,0.02572029101429507,2592.110433830551,0.902071362277013,0.9702004760038108,1.3371747695664697,1.3371747695664697,4,0.9129250703854647,0.9129250703854647,1,0.018710068621778965,4444,904,30040033,33,1,3449
2573,3445,SC-RRT,5000,9258,488,3,evaluation-3d-04,5000,central_cluster,99,242.0,2700.7819799742797,0.8657746562128099,168.0,0.022937172005185857,2569.8619930041805,0.909880996171525,0.8580810319981538,1.3705889883213551,1.3705889883213551,4,0.8892578379713363,0.8892578379713363,1,0.013505342850361132,3963,674,30040034,34,1,3447
2573,3613,SC-RRT-fixed-matched,5000,9718,448,3,evaluation-3d-04,5000,central_cluster,99,242.0,2700.7819799742797,0.8657746562128099,168.0,0.022957556997425854,2596.637613059028,0.900498621162363,0.9282896859804168,1.5,1.5,4,0.8,0.8,1,0.0,4087,634,30040034,34,1,3615
2578,3531,SC-RRT-fixed-matched,5000,10233,455,3,evaluation-3d-04,5000,central_cluster,99,285.0,2747.306952943256,0.8511129736387631,209.0,0.028327145002549514,2559.463863187994,0.9135774971659513,1.033771512011299,1.5,1.5,4,0.8,0.8,1,0.0,4822,1006,30040035,35,1,3533
2578,3424,SC-RRT,5000,9717,488,3,evaluation-3d-04,5000,central_cluster,99,285.0,2747.306952943256,0.8511129736387631,209.0,0.026971283019520342,2598.881961166552,0.8997209666145871,0.9450711100071203,1.331769426332536,1.331769426332536,4,0.9167619081405736,0.9167619081405736,1,0.018338676306397475,4523,885,30040035,35,1,3426
2572,3400,SC-RRT,5000,10371,489,3,evaluation-3d-04,5000,central_cluster,99,177.0,2646.418675535841,0.8835595863320972,147.0,0.018313925014808774,2551.166705970534,0.916548724450542,1.0315539910225198,1.28593889406599,1.28593889406599,4,0.949286404808591,0.949286404808591,1,0.031037364202670076,5131,1228,30040036,36,1,3402
2572,3609,SC-RRT-fixed-matched,5000,9825,436,3,evaluation-3d-04,5000,central_cluster,99,177.0,2646.418675535841,0.8835595863320972,147.0,0.01847014800296165,2627.8083621120836,0.8898170140301312,0.9713967589777894,1.5,1.5,4,0.8,0.8,1,0.0,4184,640,30040036,36,1,3611
2560,3698,SC-RRT-fixed-matched,5000,9663,329,3,evaluation-3d-04,5000,central_cluster,99,294.0,2750.240225788094,0.8502052178179972,205.0,0.02734775800490752,2656.8191742381227,0.8801007659426099,0.9013068229833152,1.5,1.5,4,0.8,0.8,1,0.0,4045,576,30040037,37,1,3700
2560,3564,SC-RRT,5000,9369,362,3,evaluation-3d-04,5000,central_cluster,99,294.0,2750.240225788094,0.8502052178179972,205.0,0.028011841990519315,2666.349587041747,0.8769549955421408,0.9063148289860692,1.3781615070121207,1.3781615070121207,4,0.883913322578824,0.883913322578824,1,0.00837764344865867,3987,578,30040037,37,1,3566
2570,3461,SC-RRT,5000,9040,376,3,evaluation-3d-04,5000,central_cluster,99,269.0,2720.1952607812236,0.8595958620803007,187.0,0.025789831997826695,2547.572822234265,0.9178417079231056,0.8363582300080452,1.3649450948751185,1.3649450948751185,4,0.8932467341920067,0.8932467341920067,1,0.011829367951872897,3863,537,30040038,38,1,3463
2570,3617,SC-RRT-fixed-matched,5000,9658,392,3,evaluation-3d-04,5000,central_cluster,99,269.0,2720.1952607812236,0.8595958620803007,187.0,0.02571826401981525,2564.071360682206,0.9119358478368778,0.9049621390004177,1.5,1.5,4,0.8,0.8,1,0.0,4087,595,30040038,38,1,3619
2563,3513,SC-RRT-fixed-matched,5000,9411,620,3,evaluation-3d-04,5000,central_cluster,99,337.0,2846.4976590868737,0.8214545979876463,208.0,0.030880525999236852,2787.3120272529836,0.8388973201979287,0.8951374729804229,1.5,1.5,4,0.8,0.8,1,0.0,3866,509,30040039,39,1,3515
2563,3405,SC-RRT,5000,9332,621,3,evaluation-3d-04,5000,central_cluster,99,337.0,2846.4976590868737,0.8214545979876463,208.0,0.03153664502315223,2783.0827256456982,0.8401721474791902,0.8812232759955805,1.3585195875371372,1.3585195875371372,4,0.897793120357991,0.897793120357991,1,0.012640837820504142,4030,675,30040039,39,1,3407
2568,3426,SC-RRT,5000,9531,500,3,evaluation-3d-04,5000,central_cluster,99,215.0,2532.784988515655,0.9232005878194707,144.0,0.020594672008883208,2485.6830055270857,0.9406946038648872,0.9719229319889564,1.338753250914396,1.338753250914396,4,0.9118048894312125,0.9118048894312125,1,0.017964011271796095,4266,819,30040040,40,1,3428
2568,3575,SC-RRT-fixed-matched,5000,9484,407,3,evaluation-3d-04,5000,central_cluster,99,215.0,2532.784988515655,0.9232005878194707,144.0,0.01988499899744056,2510.1059761844326,0.9315417804679086,0.9236931909981649,1.5,1.5,4,0.8,0.8,1,0.0,4015,637,30040040,40,1,3577
2574,3578,SC-RRT-fixed-matched,5000,9760,452,3,evaluation-3d-04,5000,central_cluster,99,139.0,2547.8309644645765,0.9177487136433199,121.0,0.014531148015521467,2514.0404224357053,0.9300839275895866,0.9207790320215281,1.5,1.5,4,0.8,0.8,1,0.0,4196,724,30040041,41,1,3580
2574,3468,SC-RRT,5000,9270,473,3,evaluation-3d-04,5000,central_cluster,99,139.0,2547.8309644645765,0.9177487136433199,121.0,0.014645502000348642,2519.6982005618925,0.9279954994993251,0.8501505599997472,1.4253094586399522,1.4253094586399522,4,0.850899230963171,0.850899230963171,1,0.001827979980169096,3937,679,30040041,41,1,3470
2564,3402,SC-RRT,5000,9750,448,3,evaluation-3d-04,5000,central_cluster,99,217.0,2624.074471585892,0.8910831668602845,170.0,0.021777090994874015,2509.7527734689675,0.9316728782755925,0.9538563539972529,1.2853977397400411,1.2853977397400411,4,0.9496696986615017,0.9496696986615017,1,0.03326947235725208,4643,871,30040042,42,1,3404
2564,3593,SC-RRT-fixed-matched,5000,10348,457,3,evaluation-3d-04,5000,central_cluster,99,217.0,2624.074471585892,0.8910831668602845,170.0,0.021836911007994786,2570.057186145083,0.9098118916665949,0.9483747990161646,1.5,1.5,4,0.8,0.8,1,0.0,4762,780,30040042,42,1,3595
2580,3564,SC-RRT-fixed-matched,5000,9459,433,3,evaluation-3d-04,5000,central_cluster,98,162.0,2560.944934126125,0.9130491480153106,130.0,0.015978741022991017,2525.9574762824536,0.9256959438839413,0.9200710279983468,1.5,1.5,4,0.8,0.8,1,0.0,3927,555,30040043,43,1,3566
2580,3477,SC-RRT,5000,9145,408,3,evaluation-3d-04,5000,central_cluster,99,162.0,2560.944934126125,0.9130491480153106,130.0,0.01678110400098376,2512.8459965311245,0.9305260224645135,0.8961336209904402,1.3608688337232753,1.3608688337232753,4,0.896130321643916,0.896130321643916,1,0.011341535875474708,3877,625,30040043,43,1,3479
2571,3290,SC-RRT,5000,9227,589,3,evaluation-3d-04,5000,central_cluster,99,290.0,2584.4788272519727,0.9047350535675391,190.0,0.02802306300145574,2524.104492124733,0.9263755115976532,0.8604399840114638,1.3678278828431507,1.3678278828431507,4,0.8912087302919899,0.8912087302919899,1,0.011851990952241594,4167,823,30040044,44,1,3292
2571,3526,SC-RRT-fixed-matched,5000,9648,480,3,evaluation-3d-04,5000,central_cluster,99,290.0,2584.4788272519727,0.9047350535675391,190.0,0.028211356984684244,2540.8084824008856,0.9202852581822635,0.9237200180068612,1.5,1.5,4,0.8,0.8,1,0.0,4199,712,30040044,44,1,3528
2573,3639,SC-RRT-fixed-matched,5000,9499,363,3,evaluation-3d-04,5000,central_cluster,99,144.0,2561.647658610737,0.9127986756328939,124.0,0.016407037997851148,2560.7251622682284,0.9131275096101303,0.9709272049949504,1.5,1.5,4,0.8,0.8,1,0.0,3913,530,30040045,45,1,3641
2573,3548,SC-RRT,5000,9349,404,3,evaluation-3d-04,5000,central_cluster,99,144.0,2561.647658610737,0.9127986756328939,124.0,0.03547772398451343,2556.6226478472427,0.9145927703436721,0.917449537984794,1.437461253718043,1.437461253718043,4,0.8424838857703955,0.8424838857703955,1,0.0028625448595663103,3943,627,30040045,45,1,3550
2587,3491,SC-RRT,5000,9431,398,3,evaluation-3d-04,5000,central_cluster,98,136.0,2553.0474895582315,0.9158735196980563,114.0,0.01314504400943406,2547.434377677858,0.91789158955665,0.8744842820160557,1.4375788518842518,1.4375788518842518,4,0.8424026689654692,0.8424026689654692,1,0.0030355375639496635,4041,603,30040046,46,1,3493
2587,3561,SC-RRT-fixed-matched,5000,9550,401,3,evaluation-3d-04,5000,central_cluster,98,136.0,2553.0474895582315,0.9158735196980563,114.0,0.01877747298567556,2552.3104998197537,0.9161379817945797,0.9808057560003363,1.5,1.5,4,0.8,0.8,1,0.0,3984,510,30040046,46,1,3563
2576,3593,SC-RRT-fixed-matched,5000,9997,382,3,evaluation-3d-04,5000,central_cluster,99,157.0,2590.6049815978336,0.9025955739403337,141.0,0.01581062300829217,2552.279233390982,0.9161492048467357,0.8792748650012072,1.5,1.5,4,0.8,0.8,1,0.0,4469,871,30040047,47,1,3595
2576,3429,SC-RRT,5000,9675,460,3,evaluation-3d-04,5000,central_cluster,99,157.0,2590.6049815978336,0.9025955739403337,141.0,0.016591583989793435,2517.3561497507685,0.928858870624836,0.9214417090115603,1.3621910991531894,1.3621910991531894,4,0.8951947100621921,0.8951947100621921,1,0.01625665903086314,4408,863,30040047,47,1,3431
2576,3434,SC-RRT,5000,9603,370,3,evaluation-3d-04,5000,central_cluster,99,195.0,2693.9483802430823,0.867970822071578,147.0,0.018734587007202208,2557.2225755694562,0.9143782056973613,0.9343195550027303,1.2849402392967046,1.2849402392967046,4,0.9499937165375076,0.9499937165375076,1,0.024884306413111016,4535,975,30040048,48,1,3436
2576,3533,SC-RRT-fixed-matched,5000,10063,401,3,evaluation-3d-04,5000,central_cluster,98,195.0,2693.9483802430823,0.867970822071578,147.0,0.018372970982454717,2564.2124531487902,0.9118856697488726,0.9609742019965779,1.5,1.5,4,0.8,0.8,1,0.0,4698,995,30040048,48,1,3535
2570,3627,SC-RRT-fixed-matched,5000,9518,388,3,evaluation-3d-04,5000,central_cluster,99,159.0,2685.3549422303113,0.8707484263796964,141.0,0.01613516701036133,2653.4599468388406,0.8812149559685818,0.8956958049966488,1.5,1.5,4,0.8,0.8,1,0.0,3948,555,30040049,49,1,3629
2570,3506,SC-RRT,5000,9107,380,3,evaluation-3d-04,5000,central_cluster,99,159.0,2685.3549422303113,0.8707484263796964,141.0,0.016309850005200133,2611.3256447158146,0.8954335492203437,0.8719198190083262,1.337661624332635,1.337661624332635,4,0.9125795561354263,0.9125795561354263,1,0.021678203441156802,3859,582,30040049,49,1,3508
2572,3595,SC-RRT,5000,10231,215,3,evaluation-3d-05,5000,slab_clutter,99,148.0,2621.927659783735,0.8918127780881842,134.0,0.016344079980626702,2565.0015940009052,0.9116051216836628,1.005521486978978,1.3240429998408925,1.3240429998408925,5,0.9222479680661887,0.9222479680661887,1,0.0209187215899167,4948,1118,30050000,0,1,3597
2572,3711,SC-RRT-fixed-matched,5000,10189,216,3,evaluation-3d-05,5000,slab_clutter,99,148.0,2621.927659783735,0.8918127780881842,134.0,0.015553105011349544,2564.614540235163,0.9117427018890628,1.0175581730145495,1.5,1.5,5,0.8,0.8,1,0.0,4618,893,30050000,0,1,3713
2563,3613,SC-RRT-fixed-matched,5000,10076,255,3,evaluation-3d-05,5000,slab_clutter,99,157.0,2761.0457844183247,0.8468778762792563,145.0,0.01810367900179699,2710.352164944803,0.8627176277904844,0.9956691680126823,1.5,1.5,5,0.8,0.8,1,0.0,4734,996,30050001,1,1,3615
2563,3576,SC-RRT,5000,10140,243,3,evaluation-3d-05,5000,slab_clutter,99,157.0,2761.0457844183247,0.8468778762792563,145.0,0.01665760698961094,2701.8689214867723,0.8654263615909584,1.0210059139935765,1.3566672930246848,1.3566672930246848,5,0.8991046193792358,0.8991046193792358,1,0.011470867873284597,4870,1035,30050001,1,1,3578
2571,3497,SC-RRT,5000,9821,310,3,evaluation-3d-05,5000,slab_clutter,99,188.0,2729.4206841562427,0.8566904339045935,154.0,0.018830184009857476,2628.3472046975844,0.8896345909090133,0.9073653230152559,1.3814530975000918,1.3814530975000918,5,0.8815931283646787,0.8815931283646787,1,0.003371928554427152,4646,941,30050002,2,1,3499
2571,3671,SC-RRT-fixed-matched,5000,10182,288,3,evaluation-3d-05,5000,slab_clutter,99,188.0,2729.4206841562427,0.8566904339045935,154.0,0.018681125016883016,2611.224817495107,0.8954681245948927,1.0183013830101117,1.5,1.5,5,0.8,0.8,1,0.0,4637,875,30050002,2,1,3673
2575,3621,SC-RRT-fixed-matched,5000,9630,334,3,evaluation-3d-05,5000,slab_clutter,99,171.0,2576.5786098286812,0.9075091213201749,135.0,0.016528795997146517,2528.665047706136,0.9247047537352292,1.0401555199932773,1.5,1.5,5,0.8,0.8,1,0.0,4096,557,30050003,3,1,3623
2575,3503,SC-RRT,5000,9682,288,3,evaluation-3d-05,5000,slab_clutter,99,171.0,2576.5786098286812,0.9075091213201749,135.0,0.017409479012712836,2512.773103846498,0.9305530159641607,0.9879673029936384,1.4065636041009277,1.4065636041009277,5,0.8639631500490664,0.8639631500490664,1,0.007237138100993159,4501,936,30050003,3,1,3505
2565,3558,SC-RRT,5000,9383,336,3,evaluation-3d-05,5000,slab_clutter,99,220.0,2580.536242867469,0.9061173221964598,155.0,0.021696046023862436,2555.2790974085588,0.9150736577422575,0.9199359740014188,1.3876736163296193,1.3876736163296193,5,0.8772136927271164,0.8772136927271164,1,0.006084826649759628,4053,710,30050004,4,1,3560
2565,3707,SC-RRT-fixed-matched,5000,9853,316,3,evaluation-3d-05,5000,slab_clutter,99,220.0,2580.536242867469,0.9061173221964598,155.0,0.02150288800476119,2558.2441783580525,0.9140130602070775,0.9336717590049375,1.5,1.5,5,0.8,0.8,1,0.0,4217,695,30050004,4,1,3709
2569,3764,SC-RRT-fixed-matched,5000,9869,247,3,evaluation-3d-05,5000,slab_clutter,99,166.0,2593.017107700659,0.9017559441755587,154.0,0.01919750400702469,2527.0879567981115,0.9252818383023887,1.0328531530103646,1.5,1.5,5,0.8,0.8,1,0.0,4146,562,30050005,5,1,3766
2569,3622,SC-RRT,5000,9354,248,3,evaluation-3d-05,5000,slab_clutter,99,166.0,2593.017107700659,0.9017559441755587,154.0,0.018185641994932666,2549.0184486596595,0.9173211717818311,1.0268193849769887,1.3885299159740234,1.3885299159740234,5,0.8766114042795913,0.8766114042795913,1,0.006096565548931034,3968,525,30050005,5,1,3624
2573,3600,SC-RRT,5000,9475,275,3,evaluation-3d-05,5000,slab_clutter,99,134.0,2471.2146930741947,0.9462021235027438,120.0,0.014013737003551796,2467.860164237975,0.9474882832107281,0.9231270379968919,1.4422693724360545,1.4422693724360545,5,0.8391668740919401,0.8391668740919401,1,0.0025173046846902825,4073,700,30050006,6,1,3602
2573,3717,SC-RRT-fixed-matched,5000,9524,231,3,evaluation-3d-05,5000,slab_clutter,99,134.0,2471.2146930741947,0.9462021235027438,120.0,0.014538418006850407,2471.2146930741947,0.9462021235027438,0.9128331810061354,1.5,1.5,5,0.8,0.8,1,0.0,3917,505,30050006,6,1,3719
2571,3754,SC-RRT-fixed-matched,5000,10211,278,3,evaluation-3d-05,5000,slab_clutter,99,209.0,2586.1187208900737,0.9041613485606778,166.0,0.021393867005826905,2551.1603502417283,0.9165510078566516,0.9939224680128973,1.5,1.5,5,0.8,0.8,1,0.0,4485,820,30050007,7,1,3756
2571,3607,SC-RRT,5000,10288,290,3,evaluation-3d-05,5000,slab_clutter,99,209.0,2586.1187208900737,0.9041613485606778,166.0,0.020812017988646403,2524.7008871864928,0.9261566794249962,1.0318704009987414,1.3406162968705337,1.3406162968705337,5,0.9104829453745562,0.9104829453745562,1,0.014737854742758094,4877,1094,30050007,7,1,3609
2572,3632,SC-RRT,5000,9455,246,3,evaluation-3d-05,5000,slab_clutter,99,156.0,2649.106987398804,0.8826629507002145,136.0,0.01724045700393617,2582.895279710882,0.905289737677526,0.9480840679898392,1.3923605307278073,1.3923605307278073,5,0.8739188798708921,0.8739188798708921,1,0.009769505342392376,4047,533,30050008,8,1,3634
2572,3762,SC-RRT-fixed-matched,5000,9840,236,3,evaluation-3d-05,5000,slab_clutter,99,156.0,2649.106987398804,0.8826629507002145,136.0,0.016555256996070966,2609.454617417005,0.8960755916623463,0.9563497389899567,1.5,1.5,5,0.8,0.8,1,0.0,4125,465,30050008,8,1,3764
2579,3669,SC-RRT-fixed-matched,5000,9877,358,3,evaluation-3d-05,5000,slab_clutter,98,278.0,2658.2653492265285,0.8796219650902596,194.0,0.0261321889993269,2555.7299030171216,0.9149122477526216,0.9417219420138281,1.5,1.5,5,0.8,0.8,1,0.0,4253,727,30050009,9,1,3671
2579,3533,SC-RRT,5000,9251,365,3,evaluation-3d-05,5000,slab_clutter,98,278.0,2658.2653492265285,0.8796219650902596,194.0,0.025758497009519488,2556.0466473256593,0.9147988721819565,0.8805920949962456,1.3467595054965342,1.3467595054965342,5,0.9061255811988838,0.9061255811988838,1,0.016374107263140106,3944,568,30050009,9,1,3535
2574,3539,SC-RRT,5000,9895,315,3,evaluation-3d-05,5000,slab_clutter,99,126.0,2537.854125368622,0.9213565771351621,117.0,0.015523940994171426,2470.5433622093947,0.9464592388805037,1.0201985070016235,1.3787390235333614,1.3787390235333614,5,0.8835061050356734,0.8835061050356734,1,0.015392581943143578,4566,951,30050010,10,1,3541
2574,3642,SC-RRT-fixed-matched,5000,9693,289,3,evaluation-3d-05,5000,slab_clutter,99,126.0,2537.854125368622,0.9213565771351621,117.0,0.014210484019713476,2504.706750874348,0.9335498414741513,0.9713088190183043,1.5,1.5,5,0.8,0.8,1,0.0,4193,636,30050010,10,1,3644
2578,3670,SC-RRT-fixed-matched,5000,9682,315,3,evaluation-3d-05,5000,slab_clutter,99,125.0,2497.410418845144,0.9362772624690378,110.0,0.012614284991286695,2483.3831257513034,0.9415657882069979,0.9416122540133074,1.5,1.5,5,0.8,0.8,1,0.0,4046,652,30050011,11,1,3672
2578,3574,SC-RRT,5000,9923,308,3,evaluation-3d-05,5000,slab_clutter,99,125.0,2497.410418845144,0.9362772624690378,110.0,0.012885459000244737,2479.45117466496,0.9430589374416484,0.9508205690071918,1.4280198600946918,1.4280198600946918,5,0.8490183828282016,0.8490183828282016,1,0.005228965640555344,4514,870,30050011,11,1,3576
2581,3549,SC-RRT,5000,10438,280,3,evaluation-3d-05,5000,slab_clutter,98,180.0,2730.127948651656,0.8564685004498775,153.0,0.019518759014317766,2458.338383140697,0.9511581506654445,1.126293215987971,1.2865973847334933,1.2865973847334933,5,0.948819960652105,0.948819960652105,1,0.04791617809209993,5248,1392,30050012,12,1,3551
2581,3682,SC-RRT-fixed-matched,5000,10181,243,3,evaluation-3d-05,5000,slab_clutter,99,180.0,2730.127948651656,0.8564685004498775,153.0,0.01904610000201501,2508.736793086747,0.9320501842447094,0.9916790419956669,1.5,1.5,5,0.8,0.8,1,0.0,4749,1122,30050012,12,1,3684
2565,3777,SC-RRT-fixed-matched,5000,10371,352,3,evaluation-3d-05,5000,slab_clutter,99,215.0,2822.8617568840277,0.8283326608239738,166.0,0.02117007999913767,2699.350719642167,0.8662337106487412,1.0782957870105747,1.5,1.5,5,0.8,0.8,1,0.0,4541,680,30050013,13,1,3779
2565,3544,SC-RRT,5000,10097,332,3,evaluation-3d-05,5000,slab_clutter,99,215.0,2822.8617568840277,0.8283326608239738,166.0,0.022469841002020985,2719.627155042879,0.8597754239518607,1.140067883010488,1.3016801064298615,1.3016801064298615,5,0.9381254187509409,0.9381254187509409,1,0.02401072996740996,4882,956,30050013,13,1,3546
2576,3571,SC-RRT,5000,9309,306,3,evaluation-3d-05,5000,slab_clutter,99,162.0,2738.6724660945783,0.8537963627145304,144.0,0.017346119013382122,2690.5912959364678,0.8690538000882603,0.8930325009860098,1.3597736105923885,1.3597736105923885,5,0.89690544139543,0.89690544139543,1,0.011200964450060434,3987,577,30050014,14,1,3573
2576,3668,SC-RRT-fixed-matched,5000,9716,301,3,evaluation-3d-05,5000,slab_clutter,99,162.0,2738.6724660945783,0.8537963627145304,144.0,0.01674917701166123,2676.3654429479398,0.8736731362225513,0.9044103430060204,1.5,1.5,5,0.8,0.8,1,0.0,4178,606,30050014,14,1,3670
2585,3611,SC-RRT-fixed-matched,5000,9510,347,3,evaluation-3d-05,5000,slab_clutter,98,176.0,2688.2777935584954,0.8698016982548514,136.0,0.017176057008327916,2563.0751655137433,0.9122902916307182,0.9030189109907951,1.5,1.5,5,0.8,0.8,1,0.0,3997,543,30050015,15,1,3613
2585,3479,SC-RRT,5000,9348,351,3,evaluation-3d-05,5000,slab_clutter,98,176.0,2688.2777935584954,0.8698016982548514,136.0,0.01715901799616404,2510.4733241081935,0.9314054715353798,0.9100215359940194,1.3435990124066006,1.3435990124066006,5,0.9083669799951989,0.9083669799951989,1,0.02361033149350391,4127,742,30050015,15,1,3481
2567,3581,SC-RRT,5000,9810,289,3,evaluation-3d-05,5000,slab_clutter,99,165.0,2600.4299980949045,0.8991853623943034,136.0,0.017494155996246263,2565.3940782852146,0.911465653565768,0.9110467010177672,1.425902127455362,1.425902127455362,5,0.8504877732118485,0.8504877732118485,1,0.0021375571922851015,4398,753,30050016,16,1,3583
2567,3680,SC-RRT-fixed-matched,5000,9861,315,3,evaluation-3d-05,5000,slab_clutter,99,165.0,2600.4299980949045,0.8991853623943034,136.0,0.01764759499928914,2564.4157229711764,0.911813388629838,0.9031554269895423,1.5,1.5,5,0.8,0.8,1,0.0,4186,570,30050016,16,1,3682
2572,3760,SC-RRT-fixed-matched,5000,9980,263,3,evaluation-3d-05,5000,slab_clutter,99,150.0,2526.378733836313,0.9255415899845376,129.0,0.015229996002744883,2520.0507128529975,0.9278656886911556,0.9487165329919662,1.5,1.5,5,0.8,0.8,1,0.0,4189,557,30050017,17,1,3762
2572,3607,SC-RRT,5000,9641,319,3,evaluation-3d-05,5000,slab_clutter,99,150.0,2526.378733836313,0.9255415899845376,129.0,0.015734257991425693,2520.9952513490334,0.9275180462822099,0.9131009620032273,1.4407054961939374,1.4407054961939374,5,0.8402449366293946,0.8402449366293946,1,0.0024320122820164726,4138,550,30050017,17,1,3609
2572,3543,SC-RRT,5000,9744,298,3,evaluation-3d-05,5000,slab_clutter,98,194.0,2627.9101057850216,0.8897825633649237,149.0,0.018856662994949147,2525.4792255428156,0.9258712431955985,1.0312340219970793,1.3276943439945366,1.3276943439945366,5,0.9196552000524028,0.9196552000524028,1,0.017903135223167787,4473,864,30050018,18,1,3545
2572,3667,SC-RRT-fixed-matched,5000,9787,302,3,evaluation-3d-05,5000,slab_clutter,99,194.0,2627.9101057850216,0.8897825633649237,149.0,0.024778591992799193,2541.2009122880963,0.9201431413435973,0.953527496982133,1.5,1.5,5,0.8,0.8,1,0.0,4223,696,30050018,18,1,3669
2572,3677,SC-RRT-fixed-matched,5000,9701,323,3,evaluation-3d-05,5000,slab_clutter,99,151.0,2598.1311802177165,0.899980958629673,140.0,0.016222875012317672,2575.7179859426224,0.9078123470734938,0.9015227950003464,1.5,1.5,5,0.8,0.8,1,0.0,4081,591,30050019,19,1,3679
2572,3606,SC-RRT,5000,9464,303,3,evaluation-3d-05,5000,slab_clutter,99,151.0,2598.1311802177165,0.899980958629673,140.0,0.016056724009104073,2594.6908274125994,0.9011742615013917,0.86763614800293,1.4410154808815188,1.4410154808815188,5,0.8400311844543491,0.8400311844543491,1,0.0017776207361218212,4066,656,30050019,19,1,3608
2566,3601,SC-RRT,5000,9921,304,3,evaluation-3d-05,5000,slab_clutter,99,139.0,2533.6885191394863,0.9228713681870129,125.0,0.014809002983383834,2491.8459413973465,0.9383680392804536,0.9672585529915523,1.4096762082118341,1.4096762082118341,5,0.8617876394996107,0.8617876394996107,1,0.005861345215769613,4529,770,30050020,20,1,3603
2566,3710,SC-RRT-fixed-matched,5000,10168,288,3,evaluation-3d-05,5000,slab_clutter,99,139.0,2533.6885191394863,0.9228713681870129,125.0,0.014516147988615558,2506.715541377194,0.9328017286450202,0.9907979110139422,1.5,1.5,5,0.8,0.8,1,0.0,4524,713,30050020,20,1,3712
2567,3677,SC-RRT-fixed-matched,5000,10045,264,3,evaluation-3d-05,5000,slab_clutter,99,213.0,2692.463403988351,0.8684495346359408,174.0,0.021625871013384312,2572.359377007899,0.9089976350574299,0.9762583970150445,1.5,1.5,5,0.8,0.8,1,0.0,4594,865,30050021,21,1,3679
2567,3539,SC-RRT,5000,9646,319,3,evaluation-3d-05,5000,slab_clutter,99,213.0,2692.463403988351,0.8684495346359408,174.0,0.021497071982594207,2587.78850048759,0.9035779352823495,0.933608364983229,1.2925231776776163,1.2925231776776163,5,0.9446204667241915,0.9446204667241915,1,0.026694458897416815,4456,855,30050021,21,1,3541
2567,3564,SC-RRT,5000,10036,274,3,evaluation-3d-05,5000,slab_clutter,99,184.0,2718.366108861316,0.8601742725513344,144.0,0.017627332010306418,2636.0321312464307,0.8870410047362924,0.9948465900088195,1.2934132257547044,1.2934132257547044,5,0.9439894297086129,0.9439894297086129,1,0.027774950365982706,4757,1019,30050022,22,1,3566
2567,3609,SC-RRT-fixed-matched,5000,10003,228,3,evaluation-3d-05,5000,slab_clutter,99,184.0,2718.366108861316,0.8601742725513344,144.0,0.017634450981859118,2636.9567302547894,0.8867299805833578,0.9803340939979535,1.5,1.5,5,0.8,0.8,1,0.0,4693,941,30050022,22,1,3611
2569,3687,SC-RRT-fixed-matched,5000,10161,266,3,evaluation-3d-05,5000,slab_clutter,99,166.0,2671.6104531129786,0.8752281184906346,143.0,0.016969207994407043,2501.7628581395343,0.9346483750889425,1.0407546600035857,1.5,1.5,5,0.8,0.8,1,0.0,4553,902,30050023,23,1,3689
2569,3659,SC-RRT,5000,10032,277,3,evaluation-3d-05,5000,slab_clutter,99,166.0,2671.6104531129786,0.8752281184906346,143.0,0.017379719007294625,2490.1273521132966,0.9390156644934508,1.0375193830113858,1.2809642402341475,1.2809642402341475,5,0.95,0.95,1,0.03418097940191778,4458,844,30050023,23,1,3661
2569,3576,SC-RRT,5000,9422,338,3,evaluation-3d-05,5000,slab_clutter,99,194.0,2647.6576471095977,0.8831461245643415,152.0,0.018761502025881782,2603.055335144272,0.8982784801570067,0.931697696010815,1.4045134807617283,1.4045134807617283,5,0.8653973441950199,0.8653973441950199,1,0.005813753294002766,4066,685,30050024,24,1,3578
2569,3730,SC-RRT-fixed-matched,5000,9875,339,3,evaluation-3d-05,5000,slab_clutter,99,194.0,2647.6576471095977,0.8831461245643415,152.0,0.01938067900482565,2609.017126302313,0.8962258494377715,0.9411225299991202,1.5,1.5,5,0.8,0.8,1,0.0,4166,698,30050024,24,1,3732
2571,3684,SC-RRT-fixed-matched,5000,9627,295,3,evaluation-3d-05,5000,slab_clutter,99,157.0,2611.0027368405035,0.8955442892593262,148.0,0.016198352997889742,2593.582307023106,0.9015594314806347,0.9188715880154632,1.5,1.5,5,0.8,0.8,1,0.0,4030,580,30050025,25,1,3686
2571,3528,SC-RRT,5000,9450,299,3,evaluation-3d-05,5000,slab_clutter,99,157.0,2611.0027368405035,0.8955442892593262,148.0,0.01639453397365287,2518.609561923951,0.9283966143731285,0.9859536069852766,1.3232454128612896,1.3232454128612896,5,0.9228143494058971,0.9228143494058971,1,0.028863514117922522,4189,779,30050025,25,1,3530
2570,3557,SC-RRT,5000,9720,239,3,evaluation-3d-05,5000,slab_clutter,99,131.0,2612.916010947798,0.8948885384837956,122.0,0.0141284630226437,2557.1640976874887,0.9143991159318021,0.923395400022855,1.4316763563562012,1.4316763563562012,5,0.8464844493543809,0.8464844493543809,1,0.001459004917100569,4489,896,30050026,26,1,3559
2570,3651,SC-RRT-fixed-matched,5000,9762,241,3,evaluation-3d-05,5000,slab_clutter,99,131.0,2612.916010947798,0.8948885384837956,122.0,0.013885189982829615,2557.1640976874887,0.9143991159318021,0.9324572570039891,1.5,1.5,5,0.8,0.8,1,0.0,4310,778,30050026,26,1,3653
2568,3783,SC-RRT-fixed-matched,5000,9995,239,3,evaluation-3d-05,5000,slab_clutter,99,186.0,2692.469524354063,0.8684475605267794,157.0,0.018623551004566252,2615.694792207242,0.8939378543644411,0.9714993350207806,1.5,1.5,5,0.8,0.8,1,0.0,4302,741,30050027,27,1,3785
2568,3622,SC-RRT,5000,9490,274,3,evaluation-3d-05,5000,slab_clutter,99,186.0,2692.469524354063,0.8684475605267794,157.0,0.019159079995006323,2609.1849926252894,0.8961681892341729,0.9794254379812628,1.3976836743097976,1.3976836743097976,5,0.87018231747508,0.87018231747508,1,0.00520801934977059,4135,714,30050027,27,1,3624
2570,3513,SC-RRT,5000,9469,337,3,evaluation-3d-05,5000,slab_clutter,99,255.0,2676.232414863407,0.8737165640889705,184.0,0.026366981997853145,2579.879092801418,0.906348129547003,0.9653654680005275,1.308804485710188,1.308804485710188,5,0.9330686223254755,0.9330686223254755,1,0.023039596492030877,4256,766,30050028,28,1,3515
2570,3694,SC-RRT-fixed-matched,5000,9647,342,3,evaluation-3d-05,5000,slab_clutter,99,255.0,2676.232414863407,0.8737165640889705,184.0,0.024002960009966046,2630.484274722661,0.888911829919422,0.9091328229987994,1.5,1.5,5,0.8,0.8,1,0.0,4000,548,30050028,28,1,3696
2581,3759,SC-RRT-fixed-matched,5000,9754,250,3,evaluation-3d-05,5000,slab_clutter,98,183.0,2656.0849268676507,0.8803440607509223,162.0,0.01901546199223958,2628.2400953916776,0.8896708464032165,0.9169212990091182,1.5,1.5,5,0.8,0.8,1,0.0,4069,621,30050029,29,1,3761
2581,3627,SC-RRT,5000,9444,284,3,evaluation-3d-05,5000,slab_clutter,98,183.0,2656.0849268676507,0.8803440607509223,162.0,0.019667436979943886,2613.3406762853297,0.8947431199600275,0.8875940889993217,1.4001035646323847,1.4001035646323847,5,0.8684857218729504,0.8684857218729504,1,0.006538068345294414,4013,614,30050029,29,1,3629
2574,3652,SC-RRT,5000,9492,204,3,evaluation-3d-05,5000,slab_clutter,99,147.0,2558.091441745534,0.9140676334159689,138.0,0.015404161997139454,2549.6816085283845,0.9170825809766802,0.8564499159983825,1.4383189371355847,1.4383189371355847,5,0.8418916448914302,0.8418916448914302,1,0.0015860020663847727,4063,581,30050030,30,1,3654
2574,3796,SC-RRT-fixed-matched,5000,9921,207,3,evaluation-3d-05,5000,slab_clutter,99,147.0,2558.091441745534,0.9140676334159689,138.0,0.014565240009687841,2549.6816085283845,0.9170825809766802,0.9833870510046836,1.5,1.5,5,0.8,0.8,1,0.0,4159,562,30050030,30,1,3798
2568,3668,SC-RRT-fixed-matched,5000,9841,328,3,evaluation-3d-05,5000,slab_clutter,99,189.0,2663.3097713022735,0.8779559236455794,146.0,0.01835894800024107,2623.263723411591,0.8913585658010142,0.8758043619745877,1.5,1.5,5,0.8,0.8,1,0.0,4236,587,30050031,31,1,3670
2568,3513,SC-RRT,5000,9424,367,3,evaluation-3d-05,5000,slab_clutter,99,189.0,2663.3097713022735,0.8779559236455794,146.0,0.01742904999991879,2631.723143528192,0.888493379696167,0.8260566999961156,1.4103462380244716,1.4103462380244716,5,0.8613196466284374,0.8613196466284374,1,0.003131735203453783,4106,639,30050031,31,1,3515
2571,3654,SC-RRT,5000,9339,203,3,evaluation-3d-05,5000,slab_clutter,99,139.0,2609.565012272046,0.8960376841434372,131.0,0.014106624003034085,2583.5298086777266,0.9050673935961787,0.8652376370155253,1.4115329142016821,1.4115329142016821,5,0.8604910723553925,0.8604910723553925,1,0.007016940222871512,3959,552,30050032,32,1,3656
2571,3759,SC-RRT-fixed-matched,5000,9708,228,3,evaluation-3d-05,5000,slab_clutter,99,139.0,2609.565012272046,0.8960376841434372,131.0,0.014913466991856694,2580.3915189872564,0.906168142707158,0.9717353830055799,1.5,1.5,5,0.8,0.8,1,0.0,4043,512,30050032,32,1,3761
2569,3672,SC-RRT-fixed-matched,5000,9568,338,3,evaluation-3d-05,5000,slab_clutter,99,142.0,2538.348487685118,0.9211771360639297,126.0,0.015369236993137747,2536.6705872521693,0.9217864558247184,0.9516742049891036,1.5,1.5,5,0.8,0.8,1,0.0,3885,499,30050033,33,1,3674
2569,3589,SC-RRT,5000,9322,322,3,evaluation-3d-05,5000,slab_clutter,99,142.0,2538.348487685118,0.9211771360639297,126.0,0.01410811601090245,2537.151130218781,0.9216118670929757,0.8749329700076487,1.4448351971734903,1.4448351971734903,5,0.8373998576518875,0.8373998576518875,1,0.001370597707104478,3866,543,30050033,33,1,3591
2563,3649,SC-RRT,5000,9532,314,3,evaluation-3d-05,5000,slab_clutter,99,200.0,2707.943969788722,0.8634848491346073,175.0,0.01996660599252209,2678.9351808720653,0.8728350752618117,0.9483354199910536,1.4005018798304953,1.4005018798304953,5,0.8682065874053768,0.8682065874053768,1,0.0044631132382427115,4093,558,30050034,34,1,3651
2563,3797,SC-RRT-fixed-matched,5000,10108,296,3,evaluation-3d-05,5000,slab_clutter,99,200.0,2707.943969788722,0.8634848491346073,175.0,0.02172581502236426,2682.82168658951,0.8715706309913078,1.015620170015609,1.5,1.5,5,0.8,0.8,1,0.0,4349,624,30050034,34,1,3799
2570,3618,SC-RRT-fixed-matched,5000,10722,357,3,evaluation-3d-05,5000,slab_clutter,99,163.0,2766.122961776508,0.845323444593461,144.0,0.017535595019580796,2632.711406321428,0.8881598585411016,1.0654298970184755,1.5,1.5,5,0.8,0.8,1,0.0,5137,1163,30050035,35,1,3620
2570,3465,SC-RRT,5000,10346,301,3,evaluation-3d-05,5000,slab_clutter,99,163.0,2766.122961776508,0.845323444593461,144.0,0.017905612010508776,2631.156101663997,0.8886848593814769,1.053154713998083,1.3099958637160836,1.3099958637160836,5,0.9322227929881761,0.9322227929881761,1,0.0160865626023876,5210,1194,30050035,35,1,3467
2576,3399,SC-RRT,5000,9243,367,3,evaluation-3d-05,5000,slab_clutter,99,175.0,2596.063066450736,0.9006979146368731,131.0,0.01819036598317325,2498.418855974455,0.9358993527552419,0.9359860089898575,1.3356299748982707,1.3356299748982707,5,0.9140214690998816,0.9140214690998816,1,0.023575560492920745,4234,813,30050036,36,1,3401
2576,3629,SC-RRT-fixed-matched,5000,9533,347,3,evaluation-3d-05,5000,slab_clutter,99,175.0,2596.063066450736,0.9006979146368731,131.0,0.017854917998192832,2542.893008727516,0.9195308580395494,0.9345005089999177,1.5,1.5,5,0.8,0.8,1,0.0,4033,555,30050036,36,1,3631
2567,3689,SC-RRT-fixed-matched,5000,9561,276,3,evaluation-3d-05,5000,slab_clutter,99,144.0,2553.5938597709837,0.9156775582267767,122.0,0.014239767013350502,2550.115521817876,0.9169265353716703,0.9000988809857517,1.5,1.5,5,0.8,0.8,1,0.0,3965,561,30050037,37,1,3691
2567,3588,SC-RRT,5000,9246,279,3,evaluation-3d-05,5000,slab_clutter,99,144.0,2553.5938597709837,0.9156775582267767,122.0,0.014990144001785666,2550.115521817876,0.9169265353716703,0.8613599230011459,1.4404522764759147,1.4404522764759147,5,0.8404195692564915,0.8404195692564915,1,0.0016511003222434142,3891,578,30050037,37,1,3590
2569,3585,SC-RRT,5000,9746,331,3,evaluation-3d-05,5000,slab_clutter,99,172.0,2571.441502564767,0.909322101197241,150.0,0.017730506020598114,2532.289428724324,0.9233812548022678,0.9719439650070854,1.3894295966855947,1.3894295966855947,5,0.8759787581527168,0.8759787581527168,1,0.007590236814007503,4384,823,30050038,38,1,3587
2569,3750,SC-RRT-fixed-matched,5000,9912,294,3,evaluation-3d-05,5000,slab_clutter,99,172.0,2571.441502564767,0.909322101197241,150.0,0.018016786023508757,2537.590065912941,0.9214524527139305,0.9413471190200653,1.5,1.5,5,0.8,0.8,1,0.0,4223,627,30050038,38,1,3752
2565,3694,SC-RRT-fixed-matched,5000,10000,338,3,evaluation-3d-05,5000,slab_clutter,99,141.0,2655.3088597112082,0.8806013589214984,131.0,0.01558345797820948,2608.378299665327,0.8964453471024506,1.0108135979971848,1.5,1.5,5,0.8,0.8,1,0.0,4313,673,30050039,39,1,3696
2565,3622,SC-RRT,5000,9747,332,3,evaluation-3d-05,5000,slab_clutter,99,141.0,2655.3088597112082,0.8806013589214984,131.0,0.01684661500621587,2605.773464893527,0.8973414695177759,0.9526565579872113,1.4108208245214695,1.4108208245214695,5,0.8609882326922504,0.8609882326922504,1,0.005276349248684687,4234,685,30050039,39,1,3624
2572,3618,SC-RRT,5000,9303,267,3,evaluation-3d-05,5000,slab_clutter,99,142.0,2557.5496499505116,0.9142612696739747,134.0,0.01631311801611446,2556.830252819219,0.9145185088606318,0.905422363022808,1.4456568892023705,1.4456568892023705,5,0.8368344426201515,0.8368344426201515,1,0.0013662288772613737,3896,529,30050040,40,1,3620
2572,3697,SC-RRT-fixed-matched,5000,9621,278,3,evaluation-3d-05,5000,slab_clutter,99,142.0,2557.5496499505116,0.9142612696739747,134.0,0.015884722000919282,2555.088788821758,0.9151418144244775,0.9412075449945405,1.5,1.5,5,0.8,0.8,1,0.0,3998,569,30050040,40,1,3699
2570,3699,SC-RRT-fixed-matched,5000,9993,316,3,evaluation-3d-05,5000,slab_clutter,99,156.0,2520.3762842917677,0.9277458309662852,123.0,0.01584140700288117,2485.4399623946724,0.9407865913466317,0.9323368149925955,1.5,1.5,5,0.8,0.8,1,0.0,4290,602,30050041,41,1,3701
2570,3558,SC-RRT,5000,9733,347,3,evaluation-3d-05,5000,slab_clutter,99,156.0,2520.3762842917677,0.9277458309662852,123.0,0.01611335002235137,2475.2607208043873,0.9446554742961037,0.9788138020085171,1.3863951004530581,1.3863951004530581,5,0.8781132158938729,0.8781132158938729,1,0.009189441484498335,4311,634,30050041,41,1,3560
2573,3607,SC-RRT,5000,9584,335,3,evaluation-3d-05,5000,slab_clutter,99,181.0,2598.716355807928,0.8997783020806164,153.0,0.017023504013195634,2521.9697280904875,0.9271596578553729,0.8828507980215363,1.4227118563529317,1.4227118563529317,5,0.8527037950328964,0.8527037950328964,1,0.0030666116211222824,4140,632,30050042,42,1,3609
2573,3692,SC-RRT-fixed-matched,5000,9791,309,3,evaluation-3d-05,5000,slab_clutter,99,181.0,2598.716355807928,0.8997783020806164,153.0,0.01687631700769998,2525.089125695722,0.9260142806142478,0.8785884900134988,1.5,1.5,5,0.8,0.8,1,0.0,4163,603,30050042,42,1,3694
2578,3623,SC-RRT-fixed-matched,5000,10488,272,3,evaluation-3d-05,5000,slab_clutter,99,175.0,2795.3830834204628,0.8364751879935011,150.0,0.01699519099202007,2670.1870584144945,0.875694675715492,0.9532095300091896,1.5,1.5,5,0.8,0.8,1,0.0,5069,1178,30050043,43,1,3625
2578,3594,SC-RRT,5000,9536,314,3,evaluation-3d-05,5000,slab_clutter,99,175.0,2795.3830834204628,0.8364751879935011,150.0,0.017764677002560347,2642.248868308655,0.884953956556994,0.8646665859851055,1.3080119390495017,1.3080119390495017,5,0.9336312706243681,0.9336312706243681,1,0.022618005006094795,4134,706,30050043,43,1,3596
2564,3616,SC-RRT,5000,9520,267,3,evaluation-3d-05,5000,slab_clutter,99,174.0,2558.089062170712,0.9140684836961089,146.0,0.016712582000764087,2519.42308154132,0.9280968358785894,0.873178142006509,1.4030441386350132,1.4030441386350132,5,0.866425859806553,0.866425859806553,1,0.002544592131558355,4138,587,30050044,44,1,3618
2564,3642,SC-RRT-fixed-matched,5000,9629,268,3,evaluation-3d-05,5000,slab_clutter,99,174.0,2558.089062170712,0.9140684836961089,146.0,0.016732354008127004,2504.253621646958,0.9337187615526692,0.8873955910094082,1.5,1.5,5,0.8,0.8,1,0.0,4182,601,30050044,44,1,3644
2571,3694,SC-RRT-fixed-matched,5000,9733,213,3,evaluation-3d-05,5000,slab_clutter,99,144.0,2528.949227179285,0.9246008441324145,135.0,0.014925105002475902,2510.7134596247115,0.9313163878794423,0.8784115609887522,1.5,1.5,5,0.8,0.8,1,0.0,4200,684,30050045,45,1,3696
2571,3632,SC-RRT,5000,9904,228,3,evaluation-3d-05,5000,slab_clutter,99,144.0,2528.949227179285,0.9246008441324145,135.0,0.015181672002654523,2500.1786254625413,0.9352406129723618,0.8840938990178984,1.4189898260680953,1.4189898260680953,5,0.8552928160167849,0.8552928160167849,1,0.006800670130495083,4507,832,30050045,45,1,3634
2568,3515,SC-RRT,5000,9569,402,3,evaluation-3d-05,5000,slab_clutter,99,184.0,2639.197807104546,0.8859770131376737,146.0,0.017328404006548226,2558.135097330337,0.9140520344911397,0.8798638749867678,1.312831590467292,1.312831590467292,5,0.9302093746165859,0.9302093746165859,1,0.020755841882734126,4230,716,30050046,46,1,3517
2568,3642,SC-RRT-fixed-matched,5000,9552,352,3,evaluation-3d-05,5000,slab_clutter,99,184.0,2639.197807104546,0.8859770131376737,146.0,0.01740470400545746,2582.6117006602904,0.9053891413951871,0.891268861014396,1.5,1.5,5,0.8,0.8,1,0.0,3983,472,30050046,46,1,3644
2571,3682,SC-RRT-fixed-matched,5000,9730,305,3,evaluation-3d-05,5000,slab_clutter,99,152.0,2548.3599721215965,0.9175582004889584,139.0,0.01487429000553675,2527.6890870941847,0.9250617895043582,0.8967514850082807,1.5,1.5,5,0.8,0.8,1,0.0,4107,599,30050047,47,1,3684
2571,3593,SC-RRT,5000,9462,303,3,evaluation-3d-05,5000,slab_clutter,99,152.0,2548.3599721215965,0.9175582004889584,139.0,0.016083682014141232,2527.6890870941847,0.9250617895043582,0.8479961400153115,1.4328931093552044,1.4328931093552044,5,0.8456421407071638,0.8456421407071638,1,0.0014951884759856887,4004,587,30050047,47,1,3595
2569,3548,SC-RRT,5000,9886,231,3,evaluation-3d-05,5000,slab_clutter,99,189.0,2697.523799564131,0.8668203745211829,144.0,0.017933933006133884,2612.3664323961607,0.8950768013326662,0.875462720025098,1.28770269396723,1.28770269396723,5,0.9480369091978056,0.9480369091978056,1,0.02540219738259751,4715,916,30050048,48,1,3550
2569,3651,SC-RRT-fixed-matched,5000,10482,232,3,evaluation-3d-05,5000,slab_clutter,99,189.0,2697.523799564131,0.8668203745211829,144.0,0.01742194901453331,2604.637879169506,0.897732697861073,0.9195647450105753,1.5,1.5,5,0.8,0.8,1,0.0,5058,1062,30050048,48,1,3653
2570,3728,SC-RRT-fixed-matched,5000,10166,287,3,evaluation-3d-05,5000,slab_clutter,99,149.0,2639.434691822602,0.885897498226541,139.0,0.01504752499749884,2610.1248288508505,0.8958455030089287,0.9071401249966584,1.5,1.5,5,0.8,0.8,1,0.0,4556,820,30050049,49,1,3730
2570,3671,SC-RRT,5000,10291,226,3,evaluation-3d-05,5000,slab_clutter,99,149.0,2639.434691822602,0.885897498226541,139.0,0.015262350003467873,2583.749795946396,0.9049903337724329,0.9170531400013715,1.3470790580274798,1.3470790580274798,5,0.9058989995243776,0.9058989995243776,1,0.017434137527676783,4893,1049,30050049,49,1,3673
2576,3463,SC-RRT,5000,9179,413,3,evaluation-3d-06,5000,uniform_clutter,99,198.0,2588.7169991626806,0.903253847745542,149.0,0.018277144990861416,2524.8726116037205,0.9260936886367462,0.8796794369991403,1.3367387288417953,1.3367387288417953,6,0.9132345329228471,0.9132345329228471,1,0.017411798266500016,3959,597,30060000,0,1,3465
2576,3622,SC-RRT-fixed-matched,5000,9575,399,3,evaluation-3d-06,5000,uniform_clutter,99,198.0,2588.7169991626806,0.903253847745542,149.0,0.018827504012733698,2537.7886365445547,0.9213803531730537,0.9236817659984808,1.5,1.5,6,0.8,0.8,1,0.0,3994,534,30060000,0,1,3624
2571,3536,SC-RRT-fixed-matched,5000,10366,481,3,evaluation-3d-06,5000,uniform_clutter,99,283.0,2748.701835543683,0.850681059684847,168.0,0.024556976015446708,2599.31454723187,0.8995712322343266,1.0243843430071138,1.5,1.5,6,0.8,0.8,1,0.0,4839,1007,30060001,1,1,3538
2571,3436,SC-RRT,5000,9874,446,3,evaluation-3d-06,5000,uniform_clutter,99,283.0,2748.701835543683,0.850681059684847,168.0,0.024453702993923798,2600.4627290375697,0.8991740447221778,0.9666571809793822,1.3133371062064985,1.3133371062064985,6,0.929850428040442,0.929850428040442,1,0.022905261850084548,4637,916,30060001,1,1,3438
2576,3662,SC-RRT,5000,9576,276,3,evaluation-3d-06,5000,uniform_clutter,99,159.0,2663.3755411581096,0.8779342432502929,147.0,0.01659654197283089,2634.3467540082693,0.8876085073691268,0.9603745779895689,1.4040257810120373,1.4040257810120373,6,0.8657386696212711,0.8657386696212711,1,0.006050647419592392,4096,571,30060002,2,1,3664
2576,3701,SC-RRT-fixed-matched,5000,9724,308,3,evaluation-3d-06,5000,uniform_clutter,99,159.0,2663.3755411581096,0.8779342432502929,147.0,0.017438214010326192,2638.209106626311,0.8863090436406367,0.9220134220086038,1.5,1.5,6,0.8,0.8,1,0.0,4102,580,30060002,2,1,3703
2572,3594,SC-RRT-fixed-matched,5000,9682,421,3,evaluation-3d-06,5000,uniform_clutter,99,234.0,2504.5457633878414,0.9336098483004208,152.0,0.02093508400139399,2472.9057346815684,0.9455550842171826,0.9273349450086243,1.5,1.5,6,0.8,0.8,1,0.0,4067,554,30060003,3,1,3596
2572,3490,SC-RRT,5000,9698,403,3,evaluation-3d-06,5000,uniform_clutter,99,234.0,2504.5457633878414,0.9336098483004208,152.0,0.021021959983045235,2468.668474587378,0.9471780493364184,0.9460204459901433,1.3902595252454155,1.3902595252454155,6,0.8753953034036998,0.8753953034036998,1,0.0057322861069353725,4375,831,30060003,3,1,3492
2572,3575,SC-RRT,5000,10097,288,3,evaluation-3d-06,5000,uniform_clutter,99,193.0,2635.6669564011145,0.8871639053405994,144.0,0.01912351098144427,2597.315985854349,0.9002634269194801,0.951607900991803,1.3819176713823156,1.3819176713823156,6,0.8812658093060134,0.8812658093060134,1,0.007934378902753588,4768,930,30060004,4,1,3577
2572,3727,SC-RRT-fixed-matched,5000,10041,321,3,evaluation-3d-06,5000,uniform_clutter,99,193.0,2635.6669564011145,0.8871639053405994,144.0,0.018623298994498327,2604.166975474925,0.8978950321691839,0.9965569660125766,1.5,1.5,6,0.8,0.8,1,0.0,4326,594,30060004,4,1,3729
2568,3652,SC-RRT-fixed-matched,5000,9552,295,3,evaluation-3d-06,5000,uniform_clutter,99,155.0,2571.959229349604,0.909139057701659,135.0,0.014982330001657829,2514.0749377939596,0.9300711586066558,0.9316916440147907,1.5,1.5,6,0.8,0.8,1,0.0,3969,519,30060005,5,1,3654
2568,3547,SC-RRT,5000,9798,299,3,evaluation-3d-06,5000,uniform_clutter,99,155.0,2571.959229349604,0.909139057701659,135.0,0.015869862982071936,2522.5897545485245,0.9269317716056732,0.9158166639972478,1.3979411050070585,1.3979411050070585,6,0.8700017698012225,0.8700017698012225,1,0.0053443064454484,4470,788,30060005,5,1,3549
2574,3602,SC-RRT,5000,9638,318,3,evaluation-3d-06,5000,uniform_clutter,99,176.0,2545.893062454076,0.9184472925049117,136.0,0.017619463003939018,2537.100828780549,0.9216301392884992,0.9042708789929748,1.4131788109608288,1.4131788109608288,6,0.8593424517978847,0.8593424517978847,1,0.003486296335261633,4158,579,30060006,6,1,3604
2574,3673,SC-RRT-fixed-matched,5000,9818,351,3,evaluation-3d-06,5000,uniform_clutter,98,176.0,2545.893062454076,0.9184472925049117,136.0,0.01641869399463758,2538.8948938244425,0.9209788856976877,0.9083828330039978,1.5,1.5,6,0.8,0.8,1,0.0,4102,511,30060006,6,1,3675
2574,3674,SC-RRT-fixed-matched,5000,9695,327,3,evaluation-3d-06,5000,uniform_clutter,99,157.0,2608.914486158635,0.8962611088341382,143.0,0.017434321023756638,2578.8039806826564,0.9067259891537014,0.8876707070157863,1.5,1.5,6,0.8,0.8,1,0.0,4071,584,30060007,7,1,3676
2574,3597,SC-RRT,5000,9485,325,3,evaluation-3d-06,5000,uniform_clutter,98,157.0,2608.914486158635,0.8962611088341382,143.0,0.016635179985314608,2584.2059983933245,0.9048305714295816,0.9230059550027363,1.4393603120604332,1.4393603120604332,6,0.8411728784787168,0.8411728784787168,1,0.0026763394798633307,4016,545,30060007,7,1,3599
2574,3637,SC-RRT,5000,9260,266,3,evaluation-3d-06,5000,uniform_clutter,99,145.0,2625.386790873073,0.890637752253028,128.0,0.015431640989845619,2597.053741680857,0.9003543333318229,0.9164818169956561,1.4289923377870648,1.4289923377870648,6,0.8483440706735905,0.8483440706735905,1,0.0035739265199717027,3815,397,30060008,8,1,3639
2574,3691,SC-RRT-fixed-matched,5000,9599,275,3,evaluation-3d-06,5000,uniform_clutter,98,145.0,2625.386790873073,0.890637752253028,128.0,0.013928642001701519,2604.916526835795,0.897636667482121,0.9150499670067802,1.5,1.5,6,0.8,0.8,1,0.0,3995,500,30060008,8,1,3693
2571,3750,SC-RRT-fixed-matched,5000,9625,243,3,evaluation-3d-06,5000,uniform_clutter,99,150.0,2557.3473030274554,0.9143336094592549,126.0,0.01456676100497134,2540.507129033026,0.9203944218444219,0.8820381299883593,1.5,1.5,6,0.8,0.8,1,0.0,3927,473,30060009,9,1,3752
2571,3678,SC-RRT,5000,9656,232,3,evaluation-3d-06,5000,uniform_clutter,99,150.0,2557.3473030274554,0.9143336094592549,126.0,0.014398961997358128,2538.349590866038,0.9211767357151976,0.8924115890113171,1.4112959952388795,1.4112959952388795,6,0.8606564679735645,0.8606564679735645,1,0.006039559980657,4136,598,30060009,9,1,3680
2567,3449,SC-RRT,5000,10570,389,3,evaluation-3d-06,5000,uniform_clutter,99,244.0,2758.169182695204,0.8477611180954081,179.0,0.02151412799139507,2521.971935616503,0.9271588462963558,0.9090565420046914,1.2851297523782796,1.2851297523782796,6,0.949859499500678,0.949859499500678,1,0.038416431756113645,5407,1221,30060010,10,1,3451
2567,3584,SC-RRT-fixed-matched,5000,11197,423,3,evaluation-3d-06,5000,uniform_clutter,99,244.0,2758.169182695204,0.8477611180954081,179.0,0.021895727986702695,2476.5752816847735,0.9441540531839995,0.9418582450016402,1.5,1.5,6,0.8,0.8,1,0.0,5640,1314,30060010,10,1,3586
2569,3615,SC-RRT-fixed-matched,5000,9651,309,3,evaluation-3d-06,5000,uniform_clutter,99,148.0,2555.286932082501,0.9150708520676182,127.0,0.014069797995034605,2537.6458983509247,0.9214321792246488,0.8785117380029988,1.5,1.5,6,0.8,0.8,1,0.0,4138,675,30060011,11,1,3617
2569,3500,SC-RRT,5000,9595,257,3,evaluation-3d-06,5000,uniform_clutter,99,148.0,2555.286932082501,0.9150708520676182,127.0,0.014532608009176329,2481.263117928035,0.9423702683214596,0.8612522770126816,1.3006772085982958,1.3006772085982958,6,0.9388370559628029,0.9388370559628029,1,0.026857891919305335,4428,967,30060011,11,1,3502
2570,3559,SC-RRT,5000,10030,385,3,evaluation-3d-06,5000,uniform_clutter,99,201.0,2681.2941859771327,0.8720671541552084,155.0,0.019120135984849185,2563.0938760905983,0.9122836319145935,0.9460631439869758,1.3513414697015436,1.3513414697015436,6,0.9028775199273265,0.9028775199273265,1,0.025866470300077108,4655,945,30060012,12,1,3561
2570,3685,SC-RRT-fixed-matched,5000,9768,367,3,evaluation-3d-06,5000,uniform_clutter,99,201.0,2681.2941859771327,0.8720671541552084,155.0,0.01878787300665863,2645.084441690673,0.8840052715759125,0.8372047650045715,1.5,1.5,6,0.8,0.8,1,0.0,4115,541,30060012,12,1,3687
2572,3691,SC-RRT-fixed-matched,5000,10004,351,3,evaluation-3d-06,5000,uniform_clutter,99,139.0,2566.2314836744617,0.9111682266753003,125.0,0.013926163024734706,2559.1064726597606,0.9137050823007561,0.871172954008216,1.5,1.5,6,0.8,0.8,1,0.0,4327,680,30060013,13,1,3693
2572,3596,SC-RRT,5000,9741,364,3,evaluation-3d-06,5000,uniform_clutter,99,139.0,2566.2314836744617,0.9111682266753003,125.0,0.01371476100757718,2555.518700367461,0.9149878613221504,0.8357227300002705,1.4357475261536672,1.4357475261536672,6,0.8436679329822463,0.8436679329822463,1,0.002774979502807814,4293,698,30060013,13,1,3598
2572,3588,SC-RRT,5000,9623,303,3,evaluation-3d-06,5000,uniform_clutter,99,187.0,2574.247782916115,0.908330816378984,146.0,0.01700946199707687,2539.4081621123337,0.9207927363173326,0.8347664989996701,1.4257712219836192,1.4257712219836192,6,0.8505786450137669,0.8505786450137669,1,0.0021389138004950414,4253,728,30060014,14,1,3590
2572,3695,SC-RRT-fixed-matched,5000,10069,302,3,evaluation-3d-06,5000,uniform_clutter,99,187.0,2574.247782916115,0.908330816378984,146.0,0.018451083975378424,2539.4081621123337,0.9207927363173326,0.8824063629726879,1.5,1.5,6,0.8,0.8,1,0.0,4434,756,30060014,14,1,3697
2563,3717,SC-RRT-fixed-matched,5000,9940,319,3,evaluation-3d-06,5000,uniform_clutter,99,166.0,2668.9532147914024,0.8760995049516956,142.0,0.016945770010352135,2639.0440119697632,0.8860286450746676,0.8618450709909666,1.5,1.5,6,0.8,0.8,1,0.0,4245,664,30060015,15,1,3719
2563,3608,SC-RRT,5000,9648,320,3,evaluation-3d-06,5000,uniform_clutter,99,166.0,2668.9532147914024,0.8760995049516956,142.0,0.016638839995721355,2626.184961477299,0.8903670626849701,0.9063928989926353,1.4022074665228463,1.4022074665228463,6,0.867011742790159,0.867011742790159,1,0.008278359064525148,4211,668,30060015,15,1,3610
2576,3441,SC-RRT,5000,9008,400,3,evaluation-3d-06,5000,uniform_clutter,99,170.0,2576.6953548679703,0.907468003852476,142.0,0.01748762102215551,2556.7336645169876,0.9145530575472454,0.8600203609967139,1.3914232446030785,1.3914232446030785,6,0.8745774207975373,0.8745774207975373,1,0.007581306643940751,3848,607,30060016,16,1,3443
2576,3622,SC-RRT-fixed-matched,5000,9491,389,3,evaluation-3d-06,5000,uniform_clutter,98,170.0,2576.6953548679703,0.907468003852476,142.0,0.018293369008461013,2565.885230818979,0.9112911840845103,0.9641486170003191,1.5,1.5,6,0.8,0.8,1,0.0,3921,580,30060016,16,1,3624
2567,3683,SC-RRT-fixed-matched,5000,9530,301,3,evaluation-3d-06,5000,uniform_clutter,99,127.0,2538.449829384932,0.9211403602113137,118.0,0.014153150987112895,2523.880235765796,0.9264578235854787,0.8622545649996027,1.5,1.5,6,0.8,0.8,1,0.0,3912,473,30060017,17,1,3685
2567,3592,SC-RRT,5000,9387,315,3,evaluation-3d-06,5000,uniform_clutter,99,127.0,2538.449829384932,0.9211403602113137,118.0,0.012829965009586886,2515.626081158697,0.9294976736530645,0.8400209860119503,1.4233449154386673,1.4233449154386673,6,0.8522638291919977,0.8522638291919977,1,0.005517478758774759,3921,527,30060017,17,1,3594
2569,3675,SC-RRT,5000,9651,268,3,evaluation-3d-06,5000,uniform_clutter,99,138.0,2622.866138825383,0.8914936815132882,134.0,0.01406215300085023,2615.518508986728,0.8939981048437876,0.8870292929932475,1.4296721155287835,1.4296721155287835,6,0.8478728824432691,0.8478728824432691,1,0.0033251685106713085,4089,685,30060018,18,1,3677
2569,3749,SC-RRT-fixed-matched,5000,9855,293,3,evaluation-3d-06,5000,uniform_clutter,99,138.0,2622.866138825383,0.8914936815132882,134.0,0.01433841499965638,2611.607708478297,0.8953368389237988,0.8956847930094227,1.5,1.5,6,0.8,0.8,1,0.0,4076,665,30060018,18,1,3751
2566,3637,SC-RRT-fixed-matched,5000,9775,365,3,evaluation-3d-06,5000,uniform_clutter,99,176.0,2639.99788916882,0.8857085074996659,146.0,0.017483094008639455,2610.0508051338766,0.8958709101059235,0.9341738960065413,1.5,1.5,6,0.8,0.8,1,0.0,4212,731,30060019,19,1,3639
2566,3521,SC-RRT,5000,9881,368,3,evaluation-3d-06,5000,uniform_clutter,99,176.0,2639.99788916882,0.8857085074996659,146.0,0.0173216039838735,2606.694372409484,0.8970244517222087,0.9476886039774399,1.3908436819298942,1.3908436819298942,6,0.8749847134989793,0.8749847134989793,1,0.007391902802928261,4612,899,30060019,19,1,3523
2568,3550,SC-RRT,5000,9867,349,3,evaluation-3d-06,5000,uniform_clutter,99,218.0,2586.1380987402067,0.9041545737085858,152.0,0.020067851000931114,2536.8350123106334,0.9217267102002868,0.9250415530113969,1.3457932151635321,1.3457932151635321,6,0.9068107872851345,0.9068107872851345,1,0.010875910011014548,4603,933,30060020,20,1,3552
2568,3622,SC-RRT-fixed-matched,5000,10032,362,3,evaluation-3d-06,5000,uniform_clutter,99,218.0,2586.1380987402067,0.9041545737085858,152.0,0.020630388986319304,2534.4681375836553,0.9225874871117037,0.9248878269863781,1.5,1.5,6,0.8,0.8,1,0.0,4552,870,30060020,20,1,3624
2578,3649,SC-RRT-fixed-matched,5000,9714,334,3,evaluation-3d-06,5000,uniform_clutter,99,140.0,2600.5748187731206,0.899135288605584,124.0,0.014732890005689114,2573.682265403394,0.9085304047240224,0.9138423999829683,1.5,1.5,6,0.8,0.8,1,0.0,4121,556,30060021,21,1,3651
2578,3553,SC-RRT,5000,9532,354,3,evaluation-3d-06,5000,uniform_clutter,98,140.0,2600.5748187731206,0.899135288605584,124.0,0.014871785999275744,2572.78383077312,0.908847670080131,0.9047940519812983,1.4389792676489688,1.4389792676489688,6,0.8414358384741265,0.8414358384741265,1,0.0019467826544128893,4125,603,30060021,21,1,3555
2568,3584,SC-RRT,5000,9446,293,3,evaluation-3d-06,5000,uniform_clutter,99,148.0,2564.378059516396,0.911826780587472,134.0,0.015069056011270732,2554.5363852733635,0.9153397084879508,0.932400557998335,1.4404201938008014,1.4404201938008014,6,0.8404416965123457,0.8404416965123457,1,0.003467806878036339,4065,593,30060022,22,1,3586
2568,3701,SC-RRT-fixed-matched,5000,9436,256,3,evaluation-3d-06,5000,uniform_clutter,99,148.0,2564.378059516396,0.911826780587472,134.0,0.01519112999085337,2563.141693708009,0.9122666124771633,0.9043776459875517,1.5,1.5,6,0.8,0.8,1,0.0,3850,432,30060022,22,1,3703
2567,3659,SC-RRT-fixed-matched,5000,9960,324,3,evaluation-3d-06,5000,uniform_clutter,99,152.0,2578.4591805344867,0.9068472395724668,130.0,0.01561877501080744,2557.5757853947903,0.9142519269891533,0.9383419130172115,1.5,1.5,6,0.8,0.8,1,0.0,4353,770,30060023,23,1,3661
2567,3591,SC-RRT,5000,9725,324,3,evaluation-3d-06,5000,uniform_clutter,99,152.0,2578.4591805344867,0.9068472395724668,130.0,0.015842402004636824,2536.9036812612567,0.9217017608865157,0.9665217199944891,1.4188768597925259,1.4188768597925259,6,0.8553714545415054,0.8553714545415054,1,0.007801119337780153,4287,753,30060023,23,1,3593
2569,3550,SC-RRT,5000,9282,341,3,evaluation-3d-06,5000,uniform_clutter,99,193.0,2626.4852695577547,0.8902652595541493,148.0,0.01876586300204508,2616.46602028865,0.8936743577354103,0.8650018949992955,1.4264707867838482,1.4264707867838482,6,0.8500930797580153,0.8500930797580153,1,0.002131665463415665,3951,571,30060024,24,1,3552
2569,3706,SC-RRT-fixed-matched,5000,9725,332,3,evaluation-3d-06,5000,uniform_clutter,99,193.0,2626.4852695577547,0.8902652595541493,148.0,0.01777041601599194,2614.9284396155026,0.8941998391978182,0.9063321159919724,1.5,1.5,6,0.8,0.8,1,0.0,4052,544,30060024,24,1,3708
2575,3663,SC-RRT-fixed-matched,5000,9498,308,3,evaluation-3d-06,5000,uniform_clutter,99,139.0,2507.6032476040127,0.93247151137333,126.0,0.013791467994451523,2496.4274031838854,0.9366459394075753,0.840946354001062,1.5,1.5,6,0.8,0.8,1,0.0,3920,452,30060025,25,1,3665
2575,3573,SC-RRT,5000,9269,308,3,evaluation-3d-06,5000,uniform_clutter,99,139.0,2507.6032476040127,0.93247151137333,126.0,0.01387667897506617,2496.5309450027385,0.9366070926933451,0.8194748409732711,1.441227087158008,1.441227087158008,6,0.8398852877668096,0.8398852877668096,1,0.0017452950343462557,3902,489,30060025,25,1,3575
2575,3442,SC-RRT,5000,9216,485,3,evaluation-3d-06,5000,uniform_clutter,99,193.0,2542.684859402514,0.9196061326952786,132.0,0.0170025679981336,2517.517433494947,0.9287993636540104,0.8261594079958741,1.4155848479703868,1.4155848479703868,6,0.8576646198807276,0.8576646198807276,1,0.004327070526176601,3934,589,30060026,26,1,3444
2575,3548,SC-RRT-fixed-matched,5000,9529,513,3,evaluation-3d-06,5000,uniform_clutter,99,193.0,2542.684859402514,0.9196061326952786,132.0,0.017051615024683997,2524.1695541813683,0.9263516336866384,0.8296219960029703,1.5,1.5,6,0.8,0.8,1,0.0,3944,536,30060026,26,1,3550
2573,3681,SC-RRT-fixed-matched,5000,9869,334,3,evaluation-3d-06,5000,uniform_clutter,99,144.0,2551.070690029976,0.9165832210594324,123.0,0.014038060005987063,2532.0969445919454,0.9234514481019614,0.8519097410026006,1.5,1.5,6,0.8,0.8,1,0.0,4195,664,30060027,27,1,3683
2573,3584,SC-RRT,5000,9635,350,3,evaluation-3d-06,5000,uniform_clutter,99,144.0,2551.070690029976,0.9165832210594324,123.0,0.013934261980466545,2527.6431368470285,0.9250786062840859,0.8783943390008062,1.4368890686686415,1.4368890686686415,6,0.8428791163723757,0.8428791163723757,1,0.003025157536263045,4172,638,30060027,27,1,3586
2574,3507,SC-RRT,5000,9183,376,3,evaluation-3d-06,5000,uniform_clutter,99,184.0,2640.266148664914,0.8856185166788435,139.0,0.01764841002295725,2618.233775039162,0.8930709749869489,0.8471231330186129,1.423227496112595,1.423227496112595,6,0.8523454251453809,0.8523454251453809,1,0.0022946721241494106,3914,574,30060028,28,1,3509
2574,3637,SC-RRT-fixed-matched,5000,9609,392,3,evaluation-3d-06,5000,uniform_clutter,99,184.0,2640.266148664914,0.8856185166788435,139.0,0.017171042010886595,2618.233775039162,0.8930709749869489,0.8814267939887941,1.5,1.5,6,0.8,0.8,1,0.0,3988,539,30060028,28,1,3639
2565,3713,SC-RRT-fixed-matched,5000,9541,351,3,evaluation-3d-06,5000,uniform_clutter,99,347.0,2737.1241767607557,0.8542793235582039,228.0,0.03155311901355162,2708.247034666512,0.86338822134293,0.9248239590087906,1.5,1.5,6,0.8,0.8,1,0.0,3869,446,30060029,29,1,3715
2565,3583,SC-RRT,5000,9249,365,3,evaluation-3d-06,5000,uniform_clutter,99,347.0,2737.1241767607557,0.8542793235582039,228.0,0.03215880901552737,2708.77428743944,0.8632201660583213,0.9191974870045669,1.3939993715524714,1.3939993715524714,6,0.8727678603753636,0.8727678603753636,1,0.005706896514609712,3856,494,30060029,29,1,3585
2569,3570,SC-RRT,5000,9213,323,3,evaluation-3d-06,5000,uniform_clutter,99,134.0,2576.4174525769604,0.9075658868399695,122.0,0.01447965600527823,2504.106127973713,0.9337737582672176,0.948106388997985,1.3665329289120716,1.3665329289120716,6,0.8921240659871404,0.8921240659871404,1,0.014876973803390665,3873,495,30060030,30,1,3572
2569,3648,SC-RRT-fixed-matched,5000,9296,322,3,evaluation-3d-06,5000,uniform_clutter,99,134.0,2576.4174525769604,0.9075658868399695,122.0,0.014692927012220025,2525.7260322471266,0.9257807697130308,0.908396596001694,1.5,1.5,6,0.8,0.8,1,0.0,3768,421,30060030,30,1,3650
2569,3663,SC-RRT-fixed-matched,5000,9665,314,3,evaluation-3d-06,5000,uniform_clutter,99,167.0,2549.5401638645662,0.9171334593425903,127.0,0.01659350100089796,2548.880342108002,0.9173708751993295,0.9034674199938308,1.5,1.5,6,0.8,0.8,1,0.0,4060,551,30060031,31,1,3665
2569,3531,SC-RRT,5000,9256,340,3,evaluation-3d-06,5000,uniform_clutter,99,167.0,2549.5401638645662,0.9171334593425903,127.0,0.01671702999738045,2545.6880066655076,0.9185212736578771,0.85286983900005,1.4226623829529883,1.4226623829529883,6,0.8527381830254919,0.8527381830254919,1,0.003251510938954286,3932,560,30060031,31,1,3533
2567,3575,SC-RRT,5000,9638,317,3,evaluation-3d-06,5000,uniform_clutter,99,194.0,2633.6022043401595,0.8878594445146395,161.0,0.019108053005766124,2558.384985928053,0.9139627550502444,0.8813859960064292,1.415067287310969,1.415067287310969,6,0.8580254084839354,0.8580254084839354,1,0.003916130089757122,4303,775,30060032,32,1,3577
2567,3733,SC-RRT-fixed-matched,5000,10021,320,3,evaluation-3d-06,5000,uniform_clutter,99,194.0,2633.6022043401595,0.8878594445146395,161.0,0.020098819019040093,2559.1265363293774,0.9136979188109332,0.9657729649916291,1.5,1.5,6,0.8,0.8,1,0.0,4300,716,30060032,32,1,3735
2569,3633,SC-RRT-fixed-matched,5000,9378,444,3,evaluation-3d-06,5000,uniform_clutter,99,222.0,2550.496428659977,0.9167895959166283,154.0,0.01959521000389941,2531.1349195442285,0.9238024303497132,0.8838706280221231,1.5,1.5,6,0.8,0.8,1,0.0,3738,441,30060033,33,1,3635
2569,3472,SC-RRT,5000,9314,502,3,evaluation-3d-06,5000,uniform_clutter,99,222.0,2550.496428659977,0.9167895959166283,154.0,0.020980851986678317,2518.993723885232,0.9282550282068579,0.9198846639774274,1.3665446416704228,1.3665446416704228,6,0.8921157858147661,0.8921157858147661,1,0.011189392172739239,3982,703,30060033,33,1,3474
2570,3524,SC-RRT,5000,9354,294,3,evaluation-3d-06,5000,uniform_clutter,99,190.0,2586.885074885013,0.9038934945039722,149.0,0.019070171023486182,2519.2375103568706,0.9281652010201885,0.8714717200200539,1.3910849912553758,1.3910849912553758,6,0.8748151229938554,0.8748151229938554,1,0.007643242540664404,4157,693,30060034,34,1,3526
2570,3655,SC-RRT-fixed-matched,5000,9567,302,3,evaluation-3d-06,5000,uniform_clutter,99,190.0,2586.885074885013,0.9038934945039722,149.0,0.018311021995032206,2537.744333556324,0.9213964382854911,0.8910509169800207,1.5,1.5,6,0.8,0.8,1,0.0,4069,604,30060034,34,1,3657
2572,3709,SC-RRT-fixed-matched,5000,9851,287,3,evaluation-3d-06,5000,uniform_clutter,99,140.0,2597.1248966449725,0.9003296657925904,127.0,0.01403740601381287,2592.3377505895023,0.9019922614968893,0.9089357480115723,1.5,1.5,6,0.8,0.8,1,0.0,4158,529,30060035,35,1,3711
2572,3622,SC-RRT,5000,9657,306,3,evaluation-3d-06,5000,uniform_clutter,99,140.0,2597.1248966449725,0.9003296657925904,127.0,0.014811330998782068,2593.3787769020187,0.901630186474811,0.8972352840064559,1.4460540549806553,1.4460540549806553,6,0.8365612297879252,0.8365612297879252,1,0.00134409623524173,4159,592,30060035,35,1,3624
2570,3647,SC-RRT,5000,9441,250,3,evaluation-3d-06,5000,uniform_clutter,99,133.0,2560.206262790197,0.9133125811783861,132.0,0.014442868006881326,2546.542243262721,0.9182131560567048,0.8722261100192554,1.4355346552896064,1.4355346552896064,6,0.8438150740084019,0.8438150740084019,1,0.0038074930051463307,4069,639,30060036,36,1,3649
2570,3736,SC-RRT-fixed-matched,5000,9576,259,3,evaluation-3d-06,5000,uniform_clutter,99,133.0,2560.206262790197,0.9133125811783861,132.0,0.014029786980245262,2552.146823189928,0.9161967363991161,0.8823735670011956,1.5,1.5,6,0.8,0.8,1,0.0,3975,539,30060036,36,1,3738
2573,3629,SC-RRT-fixed-matched,5000,9543,322,3,evaluation-3d-06,5000,uniform_clutter,99,148.0,2599.7954770512906,0.8994048227478523,132.0,0.015113111003302038,2587.223573405759,0.9037752339044838,0.8732561469951179,1.5,1.5,6,0.8,0.8,1,0.0,4061,581,30060037,37,1,3631
2573,3584,SC-RRT,5000,9547,343,3,evaluation-3d-06,5000,uniform_clutter,99,148.0,2599.7954770512906,0.8994048227478523,132.0,0.014773377013625577,2586.999767164178,0.9038534212089054,0.8589542020054068,1.4238786077073993,1.4238786077073993,6,0.8518930101073943,0.8518930101073943,1,0.0029733075308778687,4129,652,30060037,37,1,3586
2569,3510,SC-RRT,5000,9054,306,3,evaluation-3d-06,5000,uniform_clutter,99,165.0,2503.688080614328,0.9339296729184592,134.0,0.016096361010568216,2489.475105833769,0.9392616880315648,0.8265873530181125,1.404795920368277,1.404795920368277,6,0.8651996995853383,0.8651996995853383,1,0.0038368014209044254,3860,544,30060038,38,1,3512
2569,3614,SC-RRT-fixed-matched,5000,9432,327,3,evaluation-3d-06,5000,uniform_clutter,99,165.0,2503.688080614328,0.9339296729184592,134.0,0.016454371012514457,2491.3850349628374,0.9385416374441949,0.8455022910202388,1.5,1.5,6,0.8,0.8,1,0.0,3960,587,30060038,38,1,3616
2568,3625,SC-RRT-fixed-matched,5000,9422,355,3,evaluation-3d-06,5000,uniform_clutter,99,189.0,2746.8926869707484,0.8512413321820039,145.0,0.0179163430002518,2660.3000487620234,0.8789491964660539,0.8460392979905009,1.5,1.5,6,0.8,0.8,1,0.0,3871,479,30060039,39,1,3627
2568,3584,SC-RRT,5000,9359,336,3,evaluation-3d-06,5000,uniform_clutter,99,189.0,2746.8926869707484,0.8512413321820039,145.0,0.01918681201641448,2663.251162943058,0.8779752442252019,0.9285811709996779,1.423703208282204,1.423703208282204,6,0.8520148718657552,0.8520148718657552,1,0.002200689218714367,3939,531,30060039,39,1,3586
2572,3564,SC-RRT,5000,9897,312,3,evaluation-3d-06,5000,uniform_clutter,99,196.0,2775.416467379565,0.8424928718628243,167.0,0.02157619799254462,2621.4494665753755,0.8919754586277283,1.024171558994567,1.2948295681336144,1.2948295681336144,6,0.9429851191009916,0.9429851191009916,1,0.02765977907528503,4612,893,30060040,40,1,3566
2572,3677,SC-RRT-fixed-matched,5000,9736,320,3,evaluation-3d-06,5000,uniform_clutter,99,196.0,2775.416467379565,0.8424928718628243,167.0,0.021211629995377734,2674.3719299464847,0.8743243839927582,0.9587336289987434,1.5,1.5,6,0.8,0.8,1,0.0,4188,691,30060040,40,1,3679
2567,3674,SC-RRT-fixed-matched,5000,9894,333,3,evaluation-3d-06,5000,uniform_clutter,99,172.0,2531.6947010369663,0.9235981689499306,145.0,0.018411278986604884,2517.7562165358686,0.9287112766760088,1.0253472439944744,1.5,1.5,6,0.8,0.8,1,0.0,4285,630,30060041,41,1,3676
2567,3539,SC-RRT,5000,10059,338,3,evaluation-3d-06,5000,uniform_clutter,99,172.0,2531.6947010369663,0.9235981689499306,145.0,0.019439778989180923,2513.2399536199837,0.9303801600201458,1.0111922399955802,1.4180335643544262,1.4180335643544262,6,0.8559586026081399,0.8559586026081399,1,0.0034071396591104286,4756,938,30060041,41,1,3541
2570,3587,SC-RRT,5000,9635,313,3,evaluation-3d-06,5000,uniform_clutter,99,140.0,2574.5718969939003,0.9082164661814935,123.0,0.015779715991811827,2549.214016107247,0.9172507978708727,0.8698850980144925,1.4302626806251264,1.4302626806251264,6,0.847463644167188,0.847463644167188,1,0.004187374013741864,4245,694,30060042,42,1,3589
2570,3674,SC-RRT-fixed-matched,5000,9922,337,3,evaluation-3d-06,5000,uniform_clutter,99,140.0,2574.5718969939003,0.9082164661814935,123.0,0.013735534012084827,2557.01533481429,0.9144523141421861,0.873463083000388,1.5,1.5,6,0.8,0.8,1,0.0,4277,649,30060042,42,1,3676
2559,3546,SC-RRT-fixed-matched,5000,9717,431,3,evaluation-3d-06,5000,uniform_clutter,99,150.0,2559.9664445962644,0.9133981404927186,128.0,0.01516627799719572,2510.8104299630236,0.931280419387305,0.948818594974,1.5,1.5,6,0.8,0.8,1,0.0,4173,550,30060043,43,1,3548
2559,3502,SC-RRT,5000,9566,410,3,evaluation-3d-06,5000,uniform_clutter,99,150.0,2559.9664445962644,0.9133981404927186,128.0,0.015971487999195233,2498.9314104026635,0.9357073909608463,0.9305268379976042,1.3975408002787613,1.3975408002787613,6,0.870282527725833,0.870282527725833,1,0.009928918213340573,4189,588,30060043,43,1,3504
2571,3550,SC-RRT,5000,9494,361,3,evaluation-3d-06,5000,uniform_clutter,99,200.0,2638.4119153687384,0.886240915073791,155.0,0.01849953000782989,2589.530270541303,0.9029701706206369,0.8500697560084518,1.4079803277493679,1.4079803277493679,6,0.8629726549172536,0.8629726549172536,1,0.0042135556814161075,4063,647,30060044,44,1,3552
2571,3717,SC-RRT-fixed-matched,5000,9900,347,3,evaluation-3d-06,5000,uniform_clutter,99,200.0,2638.4119153687384,0.886240915073791,155.0,0.018225332984002307,2592.252183310379,0.902022035229593,0.8902995809912682,1.5,1.5,6,0.8,0.8,1,0.0,4109,575,30060044,44,1,3719
2573,3477,SC-RRT-fixed-matched,5000,9296,430,3,evaluation-3d-06,5000,uniform_clutter,99,186.0,2718.0159406641455,0.8602850907661085,142.0,0.017927391978446394,2616.560988874139,0.8936419216523215,0.8482874129840638,1.5,1.5,6,0.8,0.8,1,0.0,3945,610,30060045,45,1,3479
2573,3429,SC-RRT,5000,9226,406,3,evaluation-3d-06,5000,uniform_clutter,99,186.0,2718.0159406641455,0.8602850907661085,142.0,0.01777850097278133,2625.773844244852,0.8905064673954997,0.8393780889746267,1.3876044554054152,1.3876044554054152,6,0.8772623441025338,0.8772623441025338,1,0.005804521705967008,4029,664,30060045,45,1,3431
2584,3460,SC-RRT,5000,9518,424,3,evaluation-3d-06,5000,uniform_clutter,98,158.0,2510.248574175099,0.9314888630048801,117.0,0.014500846998998895,2475.802559856643,0.9444487327589555,0.8463850100233685,1.3847702242188922,1.3847702242188922,6,0.879256875566316,0.879256875566316,1,0.009825823017565074,4278,787,30060046,46,1,3462
2584,3529,SC-RRT-fixed-matched,5000,9740,449,3,evaluation-3d-06,5000,uniform_clutter,98,158.0,2510.248574175099,0.9314888630048801,117.0,0.014443273015785962,2494.4523990564276,0.9373875368808309,0.8477864740125369,1.5,1.5,6,0.8,0.8,1,0.0,4292,858,30060046,46,1,3531
2570,3649,SC-RRT-fixed-matched,5000,9897,363,3,evaluation-3d-06,5000,uniform_clutter,99,208.0,2690.410337737414,0.8691122530343923,154.0,0.01939068900537677,2577.945761832526,0.9070278455182983,0.941911814006744,1.5,1.5,6,0.8,0.8,1,0.0,4280,627,30060047,47,1,3651
2570,3518,SC-RRT,5000,10302,360,3,evaluation-3d-06,5000,uniform_clutter,99,208.0,2690.410337737414,0.8691122530343923,154.0,0.019637557998066768,2571.959021980723,0.9091391310026516,0.9888273099786602,1.3736006823687523,1.3736006823687523,6,0.8871311722821001,0.8871311722821001,1,0.006636677950961378,5038,1042,30060047,47,1,3520
2567,3563,SC-RRT,5000,9549,353,3,evaluation-3d-06,5000,uniform_clutter,99,204.0,2535.561706144552,0.9221895821156876,156.0,0.02071773199713789,2491.5742461680547,0.9384703641941039,0.8612455220136326,1.366061632160571,1.366061632160571,6,0.8924572581388625,0.8924572581388625,1,0.010579117407531655,4187,607,30060048,48,1,3565
2567,3686,SC-RRT-fixed-matched,5000,9979,371,3,evaluation-3d-06,5000,uniform_clutter,99,204.0,2535.561706144552,0.9221895821156876,156.0,0.018767770001431927,2489.2517245921968,0.9393459757875843,0.8624515540141147,1.5,1.5,6,0.8,0.8,1,0.0,4302,603,30060048,48,1,3688
2569,3606,SC-RRT-fixed-matched,5000,9498,458,3,evaluation-3d-06,5000,uniform_clutter,99,255.0,2663.205987314246,0.8779901372090446,158.0,0.02159210600075312,2630.8861570353824,0.8887760437543467,0.8617213949910365,1.5,1.5,6,0.8,0.8,1,0.0,3823,478,30060049,49,1,3608
2569,3485,SC-RRT,5000,9176,449,3,evaluation-3d-06,5000,uniform_clutter,99,255.0,2663.205987314246,0.8779901372090446,158.0,0.021957765013212338,2608.8438612656437,0.8962853718212198,0.8353607790195383,1.333668664609653,1.333668664609653,6,0.9154136436205518,0.9154136436205518,1,0.015849641999742498,3805,598,30060049,49,1,3487
2572,3254,SC-RRT,5000,9281,618,3,evaluation-3d-07,5000,central_cluster,99,582.0,2982.0346038191997,0.7841185300879068,308.0,0.04735724799684249,2670.4680248076297,0.8756025417628522,0.8078679259924684,1.2984253212527987,1.2984253212527987,7,0.9404347262654078,0.9404347262654078,1,0.04509918400099512,4425,860,30070000,0,1,3256
2572,3413,SC-RRT-fixed-matched,5000,8786,574,3,evaluation-3d-07,5000,central_cluster,99,582.0,2982.0346038191997,0.7841185300879068,308.0,0.05198265300714411,2671.17488283742,0.8753708359724428,0.8184574180049822,1.5,1.5,7,0.8,0.8,1,0.0,3599,495,30070000,0,1,3415
2567,3462,SC-RRT-fixed-matched,5000,10148,517,3,evaluation-3d-07,5000,central_cluster,99,245.0,2732.502320433302,0.8557242834645414,175.0,0.022593950998270884,2657.795609324314,0.8797774298424843,0.9057387590000872,1.5,1.5,7,0.8,0.8,1,0.0,4728,1027,30070001,1,1,3464
2567,3415,SC-RRT,5000,9817,566,3,evaluation-3d-07,5000,central_cluster,99,245.0,2732.502320433302,0.8557242834645414,175.0,0.023527673009084538,2640.138356924807,0.8856613836486827,0.9440604120027274,1.3793477632566449,1.3793477632566449,7,0.883076932739514,0.883076932739514,1,0.011762163319832483,4405,767,30070001,1,1,3417
2570,3319,SC-RRT,5000,9343,590,3,evaluation-3d-07,5000,central_cluster,99,264.0,2689.638176864956,0.8693617640955228,149.0,0.02336080200620927,2588.986689769618,0.90315975723539,0.8844156560080592,1.3584005814428017,1.3584005814428017,7,0.897877369955092,0.897877369955092,1,0.013587235918109855,4155,671,30070002,2,1,3321
2570,3499,SC-RRT-fixed-matched,5000,9608,561,3,evaluation-3d-07,5000,central_cluster,99,264.0,2689.638176864956,0.8693617640955228,149.0,0.021424010017653927,2608.427368888845,0.8964284833485914,0.8386076360184234,1.5,1.5,7,0.8,0.8,1,0.0,4027,522,30070002,2,1,3501
2567,3447,SC-RRT-fixed-matched,5000,9241,593,3,evaluation-3d-07,5000,central_cluster,99,244.0,2514.8690224948136,0.9297774831622693,156.0,0.020811933994991705,2504.9730664372405,0.9334505913644988,0.7907065879844595,1.5,1.5,7,0.8,0.8,1,0.0,3843,563,30070003,3,1,3449
2567,3281,SC-RRT,5000,9840,632,3,evaluation-3d-07,5000,central_cluster,99,244.0,2514.8690224948136,0.9297774831622693,156.0,0.021007121016737074,2506.5549425423396,0.932861494688137,0.8505615119938739,1.4110164988961043,1.4110164988961043,7,0.8608516056822623,0.8608516056822623,1,0.0030283206199153774,4741,1005,30070003,3,1,3283
2582,3407,SC-RRT,5000,8864,557,3,evaluation-3d-07,5000,central_cluster,98,418.0,2994.3225127197525,0.7809007146976054,261.0,0.03828596300445497,2764.136597276952,0.8459309111284494,0.7666465090005659,1.3351962271820972,1.3351962271820972,7,0.9143293366223683,0.9143293366223683,1,0.019287937298259682,3707,483,30070004,4,1,3409
2582,3595,SC-RRT-fixed-matched,5000,9439,543,3,evaluation-3d-07,5000,central_cluster,99,418.0,2994.3225127197525,0.7809007146976054,261.0,0.03521727799670771,2795.734133291033,0.8363701549351056,0.8069972259982023,1.5,1.5,7,0.8,0.8,1,0.0,3832,420,30070004,4,1,3597
2576,3505,SC-RRT-fixed-matched,5000,9587,589,3,evaluation-3d-07,5000,central_cluster,99,249.0,2761.3336452238327,0.8467895917838081,177.0,0.02199561899760738,2711.989992900668,0.8621966144193025,0.8591029469971545,1.5,1.5,7,0.8,0.8,1,0.0,4033,787,30070005,5,1,3507
2576,3352,SC-RRT,5000,9183,613,3,evaluation-3d-07,5000,central_cluster,99,249.0,2761.3336452238327,0.8467895917838081,177.0,0.02388653700472787,2693.694495654054,0.8680526295726906,0.8223532279953361,1.339680422458072,1.339680422458072,7,0.9111469795392539,0.9111469795392539,1,0.017608570518146002,3985,827,30070005,5,1,3354
2565,3335,SC-RRT,5000,9281,620,3,evaluation-3d-07,5000,central_cluster,99,338.0,2697.3237095878267,0.8668846760611061,195.0,0.02683646499644965,2633.6204528467492,0.8878532924858206,0.8471809519978706,1.3628880708349478,1.3628880708349478,7,0.8947016319840206,0.8947016319840206,1,0.01527660678291857,4074,793,30070006,6,1,3337
2565,3487,SC-RRT-fixed-matched,5000,9687,569,3,evaluation-3d-07,5000,central_cluster,99,338.0,2697.3237095878267,0.8668846760611061,195.0,0.02810784798930399,2558.501396510109,0.913921170184808,0.8946731399919372,1.5,1.5,7,0.8,0.8,1,0.0,4216,798,30070006,6,1,3489
2580,3384,SC-RRT-fixed-matched,5000,9216,705,3,evaluation-3d-07,5000,central_cluster,98,218.0,2709.47896361459,0.8629956613867223,157.0,0.019708660984179005,2612.0784336415627,0.8951754894121409,0.8420400549948681,1.5,1.5,7,0.8,0.8,1,0.0,3847,560,30070007,7,1,3386
2580,3301,SC-RRT,5000,9215,675,3,evaluation-3d-07,5000,central_cluster,99,218.0,2709.47896361459,0.8629956613867223,157.0,0.020625640987418592,2620.4730971551053,0.8923078022653642,0.8321533180132974,1.338015767910857,1.338015767910857,7,0.912328233053207,0.912328233053207,1,0.016788470448343744,4146,815,30070007,7,1,3303
2567,3393,SC-RRT,5000,8944,470,3,evaluation-3d-07,5000,central_cluster,99,151.0,2573.3971205133403,0.9086310743021067,127.0,0.01613204801105894,2545.025011214838,0.9187605543812865,0.8782111730251927,1.4240012290934292,1.4240012290934292,7,0.8518078220101348,0.8518078220101348,1,0.004014699032079984,3742,466,30070008,8,1,3395
2567,3525,SC-RRT-fixed-matched,5000,9541,487,3,evaluation-3d-07,5000,central_cluster,99,151.0,2573.3971205133403,0.9086310743021067,127.0,0.016397639003116637,2553.300320386273,0.9157828288151555,0.9251639150024857,1.5,1.5,7,0.8,0.8,1,0.0,3974,542,30070008,8,1,3527
2570,3550,SC-RRT-fixed-matched,5000,9914,445,3,evaluation-3d-07,5000,central_cluster,99,218.0,2632.0833968483093,0.888371771585147,152.0,0.021874734986340627,2561.821747014447,0.9127366464676975,0.9981886059977114,1.5,1.5,7,0.8,0.8,1,0.0,4451,853,30070009,9,1,3552
2570,3337,SC-RRT,5000,10057,583,3,evaluation-3d-07,5000,central_cluster,99,218.0,2632.0833968483093,0.888371771585147,152.0,0.02197796100517735,2531.7741943622527,0.9235691695668728,0.9312756799918134,1.326676689425712,1.326676689425712,7,0.9203777978809569,0.9203777978809569,1,0.02003238063078801,4856,1125,30070009,9,1,3339
2582,3407,SC-RRT,5000,8869,550,3,evaluation-3d-07,5000,central_cluster,99,409.0,2858.1587134403953,0.8181031302503793,260.0,0.039951687009306625,2761.2095839998274,0.8468276380639024,0.8275564569921698,1.308215523100499,1.308215523100499,7,0.9334867435018299,0.9334867435018299,1,0.02267674364896626,3721,497,30070010,10,1,3409
2582,3593,SC-RRT-fixed-matched,5000,9393,559,3,evaluation-3d-07,5000,central_cluster,98,409.0,2858.1587134403953,0.8181031302503793,260.0,0.03747506099171005,2781.1345374612533,0.8407606891080007,0.8657660339958966,1.5,1.5,7,0.8,0.8,1,0.0,3769,430,30070010,10,1,3595
2572,3530,SC-RRT-fixed-matched,5000,9296,453,3,evaluation-3d-07,5000,central_cluster,99,205.0,2586.34753619003,0.904081357009935,129.0,0.01773135201074183,2577.701590161084,0.9071137633397909,0.8399243660096545,1.5,1.5,7,0.8,0.8,1,0.0,3786,450,30070011,11,1,3532
2572,3363,SC-RRT,5000,8734,480,3,evaluation-3d-07,5000,central_cluster,99,205.0,2586.34753619003,0.904081357009935,129.0,0.017592632997548208,2577.701590161084,0.9071137633397909,0.7922674989968073,1.396103935908771,1.396103935908771,7,0.8712905764283438,0.8712905764283438,1,0.004775308558729689,3583,399,30070011,11,1,3365
2569,3395,SC-RRT,5000,9796,570,3,evaluation-3d-07,5000,central_cluster,99,338.0,2883.937901298141,0.810790200844985,244.0,0.03069481797865592,2665.0143657710328,0.8773943661431199,0.8890879089885857,1.3581241932283492,1.3581241932283492,7,0.8980730433800925,0.8980730433800925,1,0.014107287667215748,4569,1024,30070012,12,1,3397
2569,3535,SC-RRT-fixed-matched,5000,10185,537,3,evaluation-3d-07,5000,central_cluster,99,338.0,2883.937901298141,0.810790200844985,244.0,0.030556931014871225,2615.7861324833584,0.89390663907148,0.9530620620062109,1.5,1.5,7,0.8,0.8,1,0.0,4700,975,30070012,12,1,3537
2573,3604,SC-RRT-fixed-matched,5000,10177,446,3,evaluation-3d-07,5000,central_cluster,98,339.0,2793.6052287864586,0.8370075220806081,241.0,0.03109995898557827,2741.8334441185775,0.8528120463457517,0.8982678839820437,1.5,1.5,7,0.8,0.8,1,0.0,4675,1032,30070013,13,1,3606
2573,3501,SC-RRT,5000,9731,404,3,evaluation-3d-07,5000,central_cluster,99,339.0,2793.6052287864586,0.8370075220806081,241.0,0.02999394599464722,2743.9463959415734,0.8521553459194371,0.838914872991154,1.3408360569421662,1.3408360569421662,7,0.9103270259764014,0.9103270259764014,1,0.014604310205140216,4534,917,30070013,13,1,3503
2569,3351,SC-RRT,5000,9513,601,3,evaluation-3d-07,5000,central_cluster,99,129.0,2565.826453272514,0.9113120597987845,106.0,0.012675036006839946,2518.198617693761,0.9285481191946002,0.8805005630129017,1.3689045337170707,1.3689045337170707,7,0.8904478797612257,0.8904478797612257,1,0.016619126097449588,4203,777,30070014,14,1,3353
2569,3506,SC-RRT-fixed-matched,5000,9227,484,3,evaluation-3d-07,5000,central_cluster,99,129.0,2565.826453272514,0.9113120597987845,106.0,0.01323384398710914,2558.7592844007054,0.9138290594480977,0.8105795879964717,1.5,1.5,7,0.8,0.8,1,0.0,3763,431,30070014,14,1,3508
2569,3564,SC-RRT-fixed-matched,5000,9964,482,3,evaluation-3d-07,5000,central_cluster,99,282.0,2781.5965233378292,0.8406210500335738,191.0,0.024922187003539875,2675.8000184050156,0.8738577524981758,0.9474067389965057,1.5,1.5,7,0.8,0.8,1,0.0,4460,904,30070015,15,1,3566
2569,3387,SC-RRT,5000,9785,469,3,evaluation-3d-07,5000,central_cluster,99,282.0,2781.5965233378292,0.8406210500335738,191.0,0.02596399499452673,2675.7110290306355,0.8738868154477425,0.9056145599752199,1.3788194453948395,1.3788194453948395,7,0.8834494025780922,0.8834494025780922,1,0.012412349432770956,4713,1025,30070015,15,1,3389
2573,3393,SC-RRT,5000,9734,466,3,evaluation-3d-07,5000,central_cluster,99,246.0,2638.045562951088,0.8863639897114765,166.0,0.020956978987669572,2560.156035183547,0.913330499424167,0.8248052949784324,1.4038477753691425,1.4038477753691425,7,0.8658632640851079,0.8658632640851079,1,0.0037257006008537636,4565,784,30070016,16,1,3395
2573,3510,SC-RRT-fixed-matched,5000,9933,456,3,evaluation-3d-07,5000,central_cluster,99,246.0,2638.045562951088,0.8863639897114765,166.0,0.022323440003674477,2560.156035183547,0.913330499424167,0.8498849419993348,1.5,1.5,7,0.8,0.8,1,0.0,4515,709,30070016,16,1,3512
2582,3465,SC-RRT-fixed-matched,5000,9216,542,3,evaluation-3d-07,5000,central_cluster,98,159.0,2659.0804258486437,0.879352338307604,139.0,0.015638620010577142,2583.039916204746,0.905239046268242,0.7987955030112062,1.5,1.5,7,0.8,0.8,1,0.0,3834,542,30070017,17,1,3467
2582,3331,SC-RRT,5000,9553,548,3,evaluation-3d-07,5000,central_cluster,98,159.0,2659.0804258486437,0.879352338307604,139.0,0.01596923897159286,2538.748615906653,0.9210319507679684,0.8637856309942435,1.360073517280545,1.360073517280545,7,0.8966931750138034,0.8966931750138034,1,0.009662799509486682,4472,1004,30070017,17,1,3333
2580,3301,SC-RRT,5000,9254,597,3,evaluation-3d-07,5000,central_cluster,98,487.0,2566.249562170286,0.9111618077551672,264.0,0.03988715598825365,2498.2939472838098,0.9359461454726703,0.871355904993834,1.3358156962798213,1.3358156962798213,7,0.9138896495626746,0.9138896495626746,1,0.020194884230995882,4214,787,30070018,18,1,3303
2580,3464,SC-RRT-fixed-matched,5000,9167,661,3,evaluation-3d-07,5000,central_cluster,99,487.0,2566.249562170286,0.9111618077551672,264.0,0.039230382011737674,2552.5615083588605,0.9160478925036155,0.7783126800204627,1.5,1.5,7,0.8,0.8,1,0.0,3671,404,30070018,18,1,3466
2582,3571,SC-RRT-fixed-matched,5000,9411,489,3,evaluation-3d-07,5000,central_cluster,98,230.0,2613.750702028702,0.8946027593232597,171.0,0.021609173010801896,2594.5205137806925,0.9012334178120248,0.8207382800173946,1.5,1.5,7,0.8,0.8,1,0.0,3889,485,30070019,19,1,3573
2582,3396,SC-RRT,5000,8785,502,3,evaluation-3d-07,5000,central_cluster,98,230.0,2613.750702028702,0.8946027593232597,171.0,0.02061069500632584,2595.345083762403,0.9009470859375116,0.7520062119874638,1.3732391887998348,1.3732391887998348,7,0.8873863628258791,0.8873863628258791,1,0.009771226584931535,3667,425,30070019,19,1,3398
2575,3323,SC-RRT,5000,9213,593,3,evaluation-3d-07,5000,central_cluster,99,179.0,2588.835615870705,0.9032124619591007,127.0,0.017803955997806042,2509.0676053987445,0.9319272964932259,0.8563470540102571,1.396669733779403,1.396669733779403,7,0.8708935807870515,0.8708935807870515,1,0.006023784657157052,4031,761,30070020,20,1,3325
2575,3418,SC-RRT-fixed-matched,5000,9309,588,3,evaluation-3d-07,5000,central_cluster,99,179.0,2588.835615870705,0.9032124619591007,127.0,0.01636983299977146,2508.5358400630357,0.9321248486364967,0.8549923590035178,1.5,1.5,7,0.8,0.8,1,0.0,3947,729,30070020,20,1,3420
2565,3545,SC-RRT-fixed-matched,5000,9704,514,3,evaluation-3d-07,5000,central_cluster,99,220.0,2601.143914590559,0.8989385697200252,152.0,0.020530487992800772,2575.9885661333738,0.907716991045417,0.8601477130141575,1.5,1.5,7,0.8,0.8,1,0.0,4142,533,30070021,21,1,3547
2565,3347,SC-RRT,5000,10187,572,3,evaluation-3d-07,5000,central_cluster,99,220.0,2601.143914590559,0.8989385697200252,152.0,0.02003330399747938,2448.392359763833,0.9550220089902293,0.9830593730148394,1.2822373179623487,1.2822373179623487,7,0.95,0.95,1,0.05100695560067663,4978,1122,30070021,21,1,3349
2563,3409,SC-RRT,5000,9265,574,3,evaluation-3d-07,5000,central_cluster,99,472.0,2637.075689706306,0.8866899798687233,235.0,0.036450941988732666,2565.2285028409497,0.9115244851007966,0.8020255110168364,1.3295493095380582,1.3295493095380582,7,0.9183381226946793,0.9183381226946793,1,0.020073059901724415,4036,665,30070022,22,1,3411
2563,3518,SC-RRT-fixed-matched,5000,9540,599,3,evaluation-3d-07,5000,central_cluster,99,472.0,2637.075689706306,0.8866899798687233,235.0,0.03625201398972422,2584.7773011508766,0.9046305804282891,0.8590882709831931,1.5,1.5,7,0.8,0.8,1,0.0,3996,629,30070022,22,1,3520
2581,3453,SC-RRT-fixed-matched,5000,9194,571,3,evaluation-3d-07,5000,central_cluster,98,146.0,2547.1981341946143,0.9179767207066165,117.0,0.013691639993339777,2533.7060293944787,0.9228649902912369,0.7814464109833352,1.5,1.5,7,0.8,0.8,1,0.0,3731,409,30070023,23,1,3455
2581,3376,SC-RRT,5000,8887,534,3,evaluation-3d-07,5000,central_cluster,98,146.0,2547.1981341946143,0.9179767207066165,117.0,0.013694720022613183,2537.7137545159662,0.9214075409635696,0.7650550870166626,1.4365722354344743,1.4365722354344743,7,0.8430980099955623,0.8430980099955623,1,0.0020059285267694416,3678,448,30070023,23,1,3378
2566,3346,SC-RRT,5000,8857,592,3,evaluation-3d-07,5000,central_cluster,99,362.0,2972.2636725924235,0.786696218030527,229.0,0.030934436013922095,2639.9061176466903,0.8857392975407788,0.778356443013763,1.3826986732627367,1.3826986732627367,7,0.8807156353937949,0.8807156353937949,1,0.006582943581653234,3717,572,30070024,24,1,3348
2566,3491,SC-RRT-fixed-matched,5000,9330,574,3,evaluation-3d-07,5000,central_cluster,99,362.0,2972.2636725924235,0.786696218030527,229.0,0.03074389701941982,2633.190175179917,0.8879983725665459,0.819344721006928,1.5,1.5,7,0.8,0.8,1,0.0,3871,604,30070024,24,1,3493
2576,3417,SC-RRT-fixed-matched,5000,9142,588,3,evaluation-3d-07,5000,central_cluster,99,351.0,2573.5819833183095,0.9085658064807718,198.0,0.029271022998727858,2540.2758834296496,0.9204782069028922,0.790006627998082,1.5,1.5,7,0.8,0.8,1,0.0,3801,566,30070025,25,1,3419
2576,3265,SC-RRT,5000,9150,632,3,evaluation-3d-07,5000,central_cluster,98,351.0,2573.5819833183095,0.9085658064807718,198.0,0.02803996900911443,2529.7595584562796,0.924304676466902,0.7945933220034931,1.386914362841971,1.386914362841971,7,0.8777478415231589,0.8777478415231589,1,0.007861789174238213,4058,753,30070025,25,1,3267
2571,3417,SC-RRT,5000,9233,468,3,evaluation-3d-07,5000,central_cluster,99,353.0,2836.235833632301,0.8244267146231695,233.0,0.02955670200753957,2637.402604608478,0.8865800716705896,0.8943056690040976,1.2904142950245148,1.2904142950245148,7,0.9461153714491328,0.9461153714491328,1,0.06605787844314867,4033,761,30070026,26,1,3419
2571,3638,SC-RRT-fixed-matched,5000,9488,423,3,evaluation-3d-07,5000,central_cluster,99,353.0,2836.235833632301,0.8244267146231695,233.0,0.031011293991468847,2818.094818708812,0.8297338239631434,0.8290205599914771,1.5,1.5,7,0.8,0.8,1,0.0,3861,500,30070026,26,1,3640
2574,3374,SC-RRT-fixed-matched,5000,9834,721,3,evaluation-3d-07,5000,central_cluster,99,480.0,2935.266857121598,0.7966119279904088,274.0,0.03883873802260496,2651.514529729355,0.8818615036805608,0.860801031027222,1.5,1.5,7,0.8,0.8,1,0.0,4455,996,30070027,27,1,3376
2574,3260,SC-RRT,5000,9147,740,3,evaluation-3d-07,5000,central_cluster,99,480.0,2935.266857121598,0.7966119279904088,274.0,0.03872015897650272,2653.263230009691,0.8812802905384716,0.8194952599878889,1.3115653403858971,1.3115653403858971,7,0.9311084621620558,0.9311084621620558,1,0.02264780945162509,3995,754,30070027,27,1,3262
2569,3459,SC-RRT,5000,9725,473,3,evaluation-3d-07,5000,central_cluster,99,267.0,2573.347137589075,0.9086487229269302,168.0,0.02219005298684351,2547.746194283808,0.9177792495438465,0.8483436929818708,1.3768952699925443,1.3768952699925443,7,0.884806365230916,0.884806365230916,1,0.010209779651713376,4467,667,30070028,28,1,3461
2569,3576,SC-RRT-fixed-matched,5000,9913,445,3,evaluation-3d-07,5000,central_cluster,99,267.0,2573.347137589075,0.9086487229269302,168.0,0.022769700997741893,2564.495340965259,0.9117850802325402,0.8695451690000482,1.5,1.5,7,0.8,0.8,1,0.0,4413,598,30070028,28,1,3578
2565,3404,SC-RRT-fixed-matched,5000,9191,629,3,evaluation-3d-07,5000,central_cluster,99,423.0,2742.3614166407874,0.8526478588960785,238.0,0.03415871399920434,2560.6557768464995,0.9131522523881013,0.8448211959912442,1.5,1.5,7,0.8,0.8,1,0.0,3850,625,30070029,29,1,3406
2565,3209,SC-RRT,5000,9364,732,3,evaluation-3d-07,5000,central_cluster,99,423.0,2742.3614166407874,0.8526478588960785,238.0,0.034724553988780826,2563.0360447922935,0.9123042163097927,0.8530262910062447,1.3505183905629037,1.3505183905629037,7,0.9034608485006796,0.9034608485006796,1,0.01277132347103241,4294,848,30070029,29,1,3211
2571,3345,SC-RRT,5000,9469,558,3,evaluation-3d-07,5000,central_cluster,99,558.0,3022.7952596730474,0.7735451426078049,337.0,0.05391637500724755,2893.3827291622865,0.8081435499875873,0.909488750010496,1.3140592940726488,1.3140592940726488,7,0.9293376220219476,0.9293376220219476,1,0.029868289275880196,4463,939,30070030,30,1,3347
2571,3527,SC-RRT-fixed-matched,5000,9243,587,3,evaluation-3d-07,5000,central_cluster,99,558.0,3022.7952596730474,0.7735451426078049,337.0,0.05008734800503589,2920.166657002642,0.8007312132719379,0.8362975159834605,1.5,1.5,7,0.8,0.8,1,0.0,3772,549,30070030,30,1,3529
2572,3600,SC-RRT-fixed-matched,5000,9708,461,3,evaluation-3d-07,5000,central_cluster,99,213.0,2632.336467327472,0.8882863643157117,148.0,0.018948661017930135,2552.548971248533,0.9160523917683204,0.8812365990015678,1.5,1.5,7,0.8,0.8,1,0.0,4123,635,30070031,31,1,3602
2572,3478,SC-RRT,5000,9618,435,3,evaluation-3d-07,5000,central_cluster,99,213.0,2632.336467327472,0.8882863643157117,148.0,0.018838735995814204,2561.6197968406746,0.9128086037989883,0.8757449839904439,1.4010771876614112,1.4010771876614112,7,0.8678034823547702,0.8678034823547702,1,0.005181020850905433,4344,830,30070031,31,1,3480
2563,3208,SC-RRT,5000,9279,708,3,evaluation-3d-07,5000,central_cluster,99,279.0,2539.823253808915,0.9206422481215321,136.0,0.0222146239830181,2513.4162336169884,0.9303149072340661,0.8119349519838579,1.39625609066344,1.39625609066344,7,0.8711838092701505,0.8711838092701505,1,0.005266871086399119,4110,860,30070032,32,1,3210
2563,3336,SC-RRT-fixed-matched,5000,9212,641,3,evaluation-3d-07,5000,central_cluster,99,279.0,2539.823253808915,0.9206422481215321,136.0,0.020848743006354198,2513.5140861589307,0.9302786895422771,0.8174716520006768,1.5,1.5,7,0.8,0.8,1,0.0,3873,685,30070032,32,1,3338
2572,3518,SC-RRT-fixed-matched,5000,9924,532,3,evaluation-3d-07,5000,central_cluster,99,349.0,2699.0009776300903,0.8663459589670641,208.0,0.03049063400248997,2561.4896653736478,0.9128549772528158,0.9284064100065734,1.5,1.5,7,0.8,0.8,1,0.0,4446,824,30070033,33,1,3520
2572,3442,SC-RRT,5000,10054,554,3,evaluation-3d-07,5000,central_cluster,99,349.0,2699.0009776300903,0.8663459589670641,208.0,0.029975190002005547,2645.1896693458875,0.8839701051744241,0.9514728540088981,1.3669209847778692,1.3669209847778692,7,0.8918497452271962,0.8918497452271962,1,0.01055613420688147,4717,1026,30070033,33,1,3444
2568,3489,SC-RRT,5000,9767,368,3,evaluation-3d-07,5000,central_cluster,99,222.0,2744.5192328663384,0.8519774837853581,160.0,0.020022408018121496,2632.4249166139402,0.8882565179582307,0.9570831480086781,1.3640720733561371,1.3640720733561371,7,0.8938641407283191,0.8938641407283191,1,0.011109214868684488,4551,898,30070034,34,1,3491
2568,3600,SC-RRT-fixed-matched,5000,9824,342,3,evaluation-3d-07,5000,central_cluster,99,222.0,2744.5192328663384,0.8519774837853581,160.0,0.020892921020276845,2643.000641779122,0.8847022408000593,0.9109195880009793,1.5,1.5,7,0.8,0.8,1,0.0,4409,840,30070034,34,1,3602
2575,3579,SC-RRT-fixed-matched,5000,9665,517,3,evaluation-3d-07,5000,central_cluster,99,234.0,2729.9333765320216,0.8565295440244077,178.0,0.02410192199749872,2679.178988963958,0.8727556463564966,0.9482676859770436,1.5,1.5,7,0.8,0.8,1,0.0,4070,636,30070035,35,1,3581
2575,3434,SC-RRT,5000,9212,514,3,evaluation-3d-07,5000,central_cluster,99,234.0,2729.9333765320216,0.8565295440244077,178.0,0.021162408986128867,2674.5427206276668,0.8742685514738141,0.8495283260126598,1.3815635429160251,1.3815635429160251,7,0.8815153097339256,0.8815153097339256,1,0.005936431368826573,3959,625,30070035,35,1,3436
2569,3504,SC-RRT,5000,9241,392,3,evaluation-3d-07,5000,central_cluster,99,185.0,2751.6568679803167,0.8497675045995998,149.0,0.01728059400920756,2713.398136397492,0.8617491693727048,0.8428481690061744,1.3796743242868,1.3796743242868,7,0.8828467275623846,0.8828467275623846,1,0.00585127648955349,3875,510,30070036,36,1,3506
2569,3691,SC-RRT-fixed-matched,5000,9863,390,3,evaluation-3d-07,5000,central_cluster,99,185.0,2751.6568679803167,0.8497675045995998,149.0,0.017293176002567634,2712.971260090899,0.8618847625166659,0.9011104649980552,1.5,1.5,7,0.8,0.8,1,0.0,4066,565,30070036,36,1,3693
2568,3414,SC-RRT-fixed-matched,5000,9372,674,3,evaluation-3d-07,5000,central_cluster,99,297.0,2581.7421801966516,0.9056940728449802,177.0,0.024738822015933692,2504.903711710535,0.9334764363542103,0.808730334014399,1.5,1.5,7,0.8,0.8,1,0.0,3913,599,30070037,37,1,3416
2568,3254,SC-RRT,5000,8862,660,3,evaluation-3d-07,5000,central_cluster,99,297.0,2581.7421801966516,0.9056940728449802,177.0,0.025416952994419262,2513.3324888495295,0.9303459055225597,0.7736774450168014,1.3980063008459702,1.3980063008459702,7,0.8699560473600759,0.8699560473600759,1,0.005010265738345438,3760,512,30070037,37,1,3256
2562,3468,SC-RRT,5000,9608,513,3,evaluation-3d-07,5000,central_cluster,99,307.0,2627.2409586332324,0.8900091872176125,184.0,0.025451663008425385,2570.7015387566466,0.9095838450965873,0.8304869300045539,1.3344367861734119,1.3344367861734119,7,0.9148683966973677,0.9148683966973677,1,0.017536254895969394,4323,847,30070038,38,1,3470
2562,3616,SC-RRT-fixed-matched,5000,9727,470,3,evaluation-3d-07,5000,central_cluster,99,307.0,2627.2409586332324,0.8900091872176125,184.0,0.025556442007655278,2595.4626257925547,0.9009062842906346,0.8568032369948924,1.5,1.5,7,0.8,0.8,1,0.0,4158,688,30070038,38,1,3618
2569,3505,SC-RRT-fixed-matched,5000,9496,583,3,evaluation-3d-07,5000,central_cluster,99,243.0,2553.7204521004605,0.9156321665101342,151.0,0.019846934999804944,2544.5000313205605,0.9189501125706235,0.8093941510014702,1.5,1.5,7,0.8,0.8,1,0.0,3971,441,30070039,39,1,3507
2569,3357,SC-RRT,5000,9046,573,3,evaluation-3d-07,5000,central_cluster,99,243.0,2553.7204521004605,0.9156321665101342,151.0,0.019800321984803304,2544.5000313205605,0.9189501125706235,0.768828772008419,1.4049324812391357,1.4049324812391357,7,0.8651041443061234,0.8651041443061234,1,0.0032251245005455197,3876,455,30070039,39,1,3359
2572,3392,SC-RRT,5000,9554,495,3,evaluation-3d-07,5000,central_cluster,99,170.0,2523.4646468565015,0.9266104017469722,133.0,0.016305730998283252,2501.1723217159583,0.934869049172025,0.8722163290076423,1.386115342272133,1.386115342272133,7,0.8783100865571422,0.8783100865571422,1,0.00958175612378281,4276,865,30070040,40,1,3394
2572,3542,SC-RRT-fixed-matched,5000,9468,471,3,evaluation-3d-07,5000,central_cluster,99,170.0,2523.4646468565015,0.9266104017469722,133.0,0.017098509008064866,2515.2405861397783,0.9296401318836068,0.8394843630085234,1.5,1.5,7,0.8,0.8,1,0.0,3860,516,30070040,40,1,3544
2578,3499,SC-RRT-fixed-matched,5000,9480,534,3,evaluation-3d-07,5000,central_cluster,98,299.0,2715.9434972526865,0.8609415448381973,147.0,0.023008384014246985,2596.016500483584,0.9007140708783682,0.828995110001415,1.5,1.5,7,0.8,0.8,1,0.0,3950,482,30070041,41,1,3501
2578,3284,SC-RRT,5000,9029,590,3,evaluation-3d-07,5000,central_cluster,99,299.0,2715.9434972526865,0.8609415448381973,147.0,0.02350542799104005,2597.220196210606,0.9002966300776356,0.7961957139777951,1.286843432288166,1.286843432288166,7,0.948645660286017,0.948645660286017,1,0.04304137286830082,3941,590,30070041,41,1,3286
2580,3285,SC-RRT,5000,9117,610,3,evaluation-3d-07,5000,central_cluster,98,294.0,2658.7443809607657,0.8794634816954557,152.0,0.022989661985775456,2524.7831859936373,0.9261264900644331,0.8015458619920537,1.302904611564272,1.302904611564272,7,0.937256455466758,0.937256455466758,1,0.030129724590677174,4074,760,30070042,42,1,3287
2580,3368,SC-RRT-fixed-matched,5000,9199,590,3,evaluation-3d-07,5000,central_cluster,98,294.0,2658.7443809607657,0.8794634816954557,152.0,0.024044195015449077,2527.3178546191466,0.9251976699109534,0.8030427299963776,1.5,1.5,7,0.8,0.8,1,0.0,3932,660,30070042,42,1,3370
2564,3552,SC-RRT-fixed-matched,5000,9407,472,3,evaluation-3d-07,5000,central_cluster,99,200.0,2554.4423144023017,0.9153734171386452,147.0,0.01782320102211088,2516.8337037585184,0.9290516837588937,0.8409390620072372,1.5,1.5,7,0.8,0.8,1,0.0,3943,535,30070043,43,1,3554
2564,3411,SC-RRT,5000,9074,489,3,evaluation-3d-07,5000,central_cluster,99,200.0,2554.4423144023017,0.9153734171386452,147.0,0.017924496991327032,2516.39562958734,0.9292134204673664,0.8219727789983153,1.404961795723853,1.404961795723853,7,0.8650836327602393,0.8650836327602393,1,0.005557082824266224,3922,584,30070043,43,1,3413
2568,3348,SC-RRT,5000,9505,598,3,evaluation-3d-07,5000,central_cluster,99,285.0,2785.0042484992046,0.8395924679389773,194.0,0.026117581990547478,2696.1968668968548,0.8672469799689284,0.9123716320027597,1.3140378888985782,1.3140378888985782,7,0.9293528214019339,0.9293528214019339,1,0.01843692166928683,4325,757,30070044,44,1,3350
2568,3494,SC-RRT-fixed-matched,5000,9913,566,3,evaluation-3d-07,5000,central_cluster,99,285.0,2785.0042484992046,0.8395924679389773,194.0,0.025124629988567904,2723.312411379623,0.8586119537542971,0.8858662740094587,1.5,1.5,7,0.8,0.8,1,0.0,4424,774,30070044,44,1,3496
2574,3461,SC-RRT-fixed-matched,5000,9381,564,3,evaluation-3d-07,5000,central_cluster,99,298.0,2775.7426504429973,0.8423938688425622,192.0,0.0252497440087609,2549.2424568685838,0.91724056451274,0.8152617599989753,1.5,1.5,7,0.8,0.8,1,0.0,3920,636,30070045,45,1,3463
2574,3289,SC-RRT,5000,8753,591,3,evaluation-3d-07,5000,central_cluster,99,298.0,2775.7426504429973,0.8423938688425622,192.0,0.026197030005278066,2570.834385611487,0.9095368427094591,0.759000648977235,1.4073856446983148,1.4073856446983148,7,0.863388364747466,0.863388364747466,1,0.004050864539435139,3665,531,30070045,45,1,3291
2568,3334,SC-RRT,5000,9599,441,3,evaluation-3d-07,5000,central_cluster,99,216.0,2591.2329854553336,0.9023768234438022,149.0,0.019121621997328475,2517.4883330630896,0.9288100999351825,0.9080507709877566,1.3114431051918,1.3114431051918,7,0.9311952518304433,0.9311952518304433,1,0.020583290840403886,4531,935,30070046,46,1,3336
2568,3527,SC-RRT-fixed-matched,5000,9636,442,3,evaluation-3d-07,5000,central_cluster,99,216.0,2591.2329854553336,0.9023768234438022,149.0,0.020393569982843474,2556.757285556698,0.9145446082923193,0.8806185299763456,1.5,1.5,7,0.8,0.8,1,0.0,4113,639,30070046,46,1,3529
2566,3555,SC-RRT-fixed-matched,5000,9481,510,3,evaluation-3d-07,5000,central_cluster,99,242.0,2748.390681454907,0.8507773680051128,168.0,0.021371056005591527,2705.2193159736203,0.8643545373238736,0.8474555739958305,1.5,1.5,7,0.8,0.8,1,0.0,3863,475,30070047,47,1,3557
2566,3410,SC-RRT,5000,8971,492,3,evaluation-3d-07,5000,central_cluster,99,242.0,2748.390681454907,0.8507773680051128,168.0,0.02135149299283512,2705.2193159736203,0.8643545373238736,0.8303386519837659,1.40880852416784,1.40880852416784,7,0.8623938541474673,0.8623938541474673,1,0.0030546670754562993,3740,472,30070047,47,1,3412
2563,3341,SC-RRT,5000,9344,612,3,evaluation-3d-07,5000,central_cluster,99,370.0,2742.0316539756504,0.8527504001741726,193.0,0.029530142986914143,2671.474592731327,0.8752726290491606,0.8017324350075796,1.3686373920959378,1.3686373920959378,7,0.8906366488266381,0.8906366488266381,1,0.011419401565344421,4165,573,30070048,48,1,3343
2563,3510,SC-RRT-fixed-matched,5000,10024,589,3,evaluation-3d-07,5000,central_cluster,99,370.0,2742.0316539756504,0.8527504001741726,193.0,0.029390026000328362,2681.9929860542998,0.8718399348456176,0.8490254730277229,1.5,1.5,7,0.8,0.8,1,0.0,4451,639,30070048,48,1,3512
2567,3473,SC-RRT-fixed-matched,5000,9934,492,3,evaluation-3d-07,5000,central_cluster,99,267.0,2709.9363116510262,0.8628500161294921,183.0,0.023845394985983148,2559.8643643653745,0.9134345642557796,0.8963933280028868,1.5,1.5,7,0.8,0.8,1,0.0,4544,897,30070049,49,1,3475
2567,3337,SC-RRT,5000,9653,511,3,evaluation-3d-07,5000,central_cluster,99,267.0,2709.9363116510262,0.8628500161294921,183.0,0.024855469004251063,2552.978351172023,0.9158983228919785,0.8575254059978761,1.3403758681846951,1.3403758681846951,7,0.9106535325185714,0.9106535325185714,1,0.013224965742678087,4590,944,30070049,49,1,3339
2569,3556,SC-RRT,5000,10239,366,3,evaluation-3d-08,5000,slab_clutter,99,184.0,2610.247024720559,0.8958035649780345,142.0,0.01777208098792471,2543.128196580147,0.9194458200582865,0.9513054339913651,1.4168751998467934,1.4168751998467934,8,0.856765433023022,0.856765433023022,1,0.004202354535816466,4871,982,30080000,0,1,3558
2569,3657,SC-RRT-fixed-matched,5000,9923,353,3,evaluation-3d-08,5000,slab_clutter,99,184.0,2610.247024720559,0.8958035649780345,142.0,0.02005548498709686,2548.7038012187654,0.9174344186640467,0.8914188409980852,1.5,1.5,8,0.8,0.8,1,0.0,4308,682,30080000,0,1,3659
2562,3674,SC-RRT-fixed-matched,5000,9434,299,3,evaluation-3d-08,5000,slab_clutter,99,190.0,2673.846895486344,0.8744960656368017,146.0,0.01995961699867621,2587.809756903258,0.9035705132420975,0.985655839991523,1.5,1.5,8,0.8,0.8,1,0.0,3912,507,30080001,1,1,3676
2562,3543,SC-RRT,5000,9284,309,3,evaluation-3d-08,5000,slab_clutter,99,190.0,2673.846895486344,0.8744960656368017,146.0,0.020185439003398642,2576.275435086935,0.9076159165175134,0.9421336250088643,1.2861127512654495,1.2861127512654495,8,0.9491632569274655,0.9491632569274655,1,0.030088854456211594,4044,678,30080001,1,1,3545
2577,3527,SC-RRT,5000,9232,283,3,evaluation-3d-08,5000,slab_clutter,98,249.0,2763.0887615991046,0.8462517103014596,179.0,0.022369390993844718,2516.6738751421635,0.9291106858594853,0.8373424689925741,1.3523730202841115,1.3523730202841115,8,0.9021465334778908,0.9021465334778908,1,0.016382950073098323,4051,673,30080002,2,1,3529
2577,3644,SC-RRT-fixed-matched,5000,9513,279,3,evaluation-3d-08,5000,slab_clutter,99,249.0,2763.0887615991046,0.8462517103014596,179.0,0.021913415985181928,2550.9930442157715,0.9166111195480804,0.9071550399821717,1.5,1.5,8,0.8,0.8,1,0.0,4051,601,30080002,2,1,3646
2568,3692,SC-RRT-fixed-matched,5000,9696,340,3,evaluation-3d-08,5000,slab_clutter,99,198.0,2616.7898658056943,0.8935637594645166,156.0,0.019611273979535326,2584.7415107076245,0.9046431066825853,0.8881434149807319,1.5,1.5,8,0.8,0.8,1,0.0,4032,432,30080003,3,1,3694
2568,3587,SC-RRT,5000,9523,347,3,evaluation-3d-08,5000,slab_clutter,99,198.0,2616.7898658056943,0.8935637594645166,156.0,0.01864125599968247,2575.7889797606,0.9077873259770327,0.838780724996468,1.404380659605316,1.404380659605316,8,0.8654902958792514,0.8654902958792514,1,0.006196689703231237,4118,517,30080003,3,1,3589
2568,3633,SC-RRT,5000,9408,272,3,evaluation-3d-08,5000,slab_clutter,99,127.0,2532.700142184807,0.9232315153585064,112.0,0.012938264990225434,2515.44926458675,0.9295630101297735,0.8464806359843351,1.4455724176244964,1.4455724176244964,8,0.8368925579816198,0.8368925579816198,1,0.0016508139162367743,3980,559,30080004,4,1,3635
2568,3727,SC-RRT-fixed-matched,5000,9684,261,3,evaluation-3d-08,5000,slab_clutter,99,127.0,2532.700142184807,0.9232315153585064,112.0,0.012645650014746934,2517.340022461971,0.9288648213407206,0.8409366050036624,1.5,1.5,8,0.8,0.8,1,0.0,4048,545,30080004,4,1,3729
2561,3686,SC-RRT-fixed-matched,5000,9600,359,3,evaluation-3d-08,5000,slab_clutter,99,339.0,2988.2810150332352,0.7824794851805389,239.0,0.030100818985374644,2658.5069449942216,0.8795420281375517,0.8640697599912528,1.5,1.5,8,0.8,0.8,1,0.0,3945,562,30080005,5,1,3688
2561,3579,SC-RRT,5000,9631,354,3,evaluation-3d-08,5000,slab_clutter,99,339.0,2988.2810150332352,0.7824794851805389,239.0,0.029976994002936408,2657.647464728144,0.8798264710617555,0.878784546017414,1.3897776467022216,1.3897776467022216,8,0.875734055983308,0.875734055983308,1,0.005606438353001302,4254,801,30080005,5,1,3581
2573,3524,SC-RRT,5000,9255,349,3,evaluation-3d-08,5000,slab_clutter,99,157.0,2502.9409744490295,0.9342084428230296,129.0,0.014901294984156266,2493.9834915327433,0.9375637802561955,0.8861818540026434,1.4181635237964023,1.4181635237964023,8,0.8558681051798892,0.8558681051798892,1,0.00473689101464183,3988,654,30080006,6,1,3526
2573,3628,SC-RRT-fixed-matched,5000,9432,323,3,evaluation-3d-08,5000,slab_clutter,99,157.0,2502.9409744490295,0.9342084428230296,129.0,0.015034589014248922,2500.850783902543,0.9349892465671816,0.8523638790065888,1.5,1.5,8,0.8,0.8,1,0.0,3963,566,30080006,6,1,3630
2582,3735,SC-RRT-fixed-matched,5000,9965,279,3,evaluation-3d-08,5000,slab_clutter,98,160.0,2549.2302600279986,0.917244953067638,134.0,0.01578162400983274,2527.5058441519295,0.9251288560333908,0.9024891410081182,1.5,1.5,8,0.8,0.8,1,0.0,4262,746,30080007,7,1,3737
2582,3640,SC-RRT,5000,9664,262,3,evaluation-3d-08,5000,slab_clutter,98,160.0,2549.2302600279986,0.917244953067638,134.0,0.01570877799531445,2522.642550785634,0.9269123719053143,0.894070529990131,1.3946404005503452,1.3946404005503452,8,0.8723177947873605,0.8723177947873605,1,0.005551503070381946,4212,704,30080007,7,1,3642
2569,3584,SC-RRT,5000,9336,240,3,evaluation-3d-08,5000,slab_clutter,99,153.0,2508.0214993878744,0.9323160071748502,124.0,0.014567763020750135,2484.3591291221705,0.9411958854129893,0.8458179130102508,1.4194970910809255,1.4194970910809255,8,0.8549397398013567,0.8549397398013567,1,0.0023104117640317112,4041,535,30080008,8,1,3586
2569,3712,SC-RRT-fixed-matched,5000,9650,232,3,evaluation-3d-08,5000,slab_clutter,99,153.0,2508.0214993878744,0.9323160071748502,124.0,0.015237195009831339,2483.816283322619,0.9414015867107794,0.8848060639866162,1.5,1.5,8,0.8,0.8,1,0.0,4056,487,30080008,8,1,3714
2572,3683,SC-RRT-fixed-matched,5000,10186,316,3,evaluation-3d-08,5000,slab_clutter,99,157.0,2611.9714701386492,0.8952121479695426,138.0,0.017213267012266442,2588.1825158645247,0.903440377904314,1.007705817988608,1.5,1.5,8,0.8,0.8,1,0.0,4555,956,30080009,9,1,3685
2572,3577,SC-RRT,5000,10129,358,3,evaluation-3d-08,5000,slab_clutter,99,157.0,2611.9714701386492,0.8952121479695426,138.0,0.017392520006978884,2563.4208167233305,0.9121672785691328,0.9870257299917284,1.3790076131928704,1.3790076131928704,8,0.8833167367735495,0.8833167367735495,1,0.012318901628199184,4676,1110,30080009,9,1,3579
2582,3507,SC-RRT,5000,9866,386,3,evaluation-3d-08,5000,slab_clutter,98,200.0,2627.609744386686,0.8898842741823377,158.0,0.019494457985274494,2527.8184581922433,0.925014445811977,0.8658362590067554,1.3988681401642793,1.3988681401642793,8,0.8693517200424546,0.8693517200424546,1,0.003605734499617447,4573,921,30080010,10,1,3509
2582,3598,SC-RRT-fixed-matched,5000,9815,388,3,evaluation-3d-08,5000,slab_clutter,98,200.0,2627.609744386686,0.8898842741823377,158.0,0.01863949600374326,2523.885746569835,0.9264558007017077,0.9634186600160319,1.5,1.5,8,0.8,0.8,1,0.0,4300,771,30080010,10,1,3600
2565,3646,SC-RRT-fixed-matched,5000,10108,397,3,evaluation-3d-08,5000,slab_clutter,99,171.0,2672.7306673213225,0.8748612865513514,151.0,0.018869028019253165,2620.35291897686,0.8923487264955828,1.0105163319967687,1.5,1.5,8,0.8,0.8,1,0.0,4515,988,30080011,11,1,3648
2565,3555,SC-RRT,5000,9821,348,3,evaluation-3d-08,5000,slab_clutter,99,171.0,2672.7306673213225,0.8748612865513514,151.0,0.018708290997892618,2643.366188385411,0.8845798968345802,0.8662848309904803,1.4227407866109687,1.4227407866109687,8,0.8526836864968583,0.8526836864968583,1,0.0021703537695972005,4536,1087,30080011,11,1,3557
2566,3504,SC-RRT,5000,9477,387,3,evaluation-3d-08,5000,slab_clutter,99,123.0,2538.2470521906375,0.9212139488943515,117.0,0.012467071996070445,2514.107656058554,0.9300590547835815,0.8667480470030569,1.4324335223149531,1.4324335223149531,8,0.8459602410102324,0.8459602410102324,1,0.005593465343471958,4116,685,30080012,12,1,3506
2566,3590,SC-RRT-fixed-matched,5000,9548,413,3,evaluation-3d-08,5000,slab_clutter,99,123.0,2538.2470521906375,0.9212139488943515,117.0,0.012878145993454382,2526.9292202897127,0.9253399626088068,0.8671566410048399,1.5,1.5,8,0.8,0.8,1,0.0,3953,531,30080012,12,1,3592
2569,3723,SC-RRT-fixed-matched,5000,10151,280,3,evaluation-3d-08,5000,slab_clutter,99,169.0,2667.1779936671433,0.8766826195214154,141.0,0.01709667799877934,2523.0680519432317,0.9267560533760009,0.9752062650222797,1.5,1.5,8,0.8,0.8,1,0.0,4484,684,30080013,13,1,3725
2569,3576,SC-RRT,5000,10046,327,3,evaluation-3d-08,5000,slab_clutter,99,169.0,2667.1779936671433,0.8766826195214154,141.0,0.01822606398491189,2515.0746199702903,0.9297014775035205,1.0463891869876534,1.3416457290795047,1.3416457290795047,8,0.9097525910952826,0.9097525910952826,1,0.015810604351795137,4633,914,30080013,13,1,3578
2573,3608,SC-RRT,5000,9920,232,3,evaluation-3d-08,5000,slab_clutter,99,158.0,2580.4991935728217,0.9061303316977759,132.0,0.017315440985839814,2530.7405481734395,0.9239463886986077,0.9838989039999433,1.3761239729253019,1.3761239729253019,8,0.8853504699412228,0.8853504699412228,1,0.010954079300327688,4561,907,30080014,14,1,3610
2573,3742,SC-RRT-fixed-matched,5000,10017,259,3,evaluation-3d-08,5000,slab_clutter,99,158.0,2580.4991935728217,0.9061303316977759,132.0,0.025435699004447088,2541.5266449213727,0.9200252119687391,1.0133638250117656,1.5,1.5,8,0.8,0.8,1,0.0,4279,664,30080014,14,1,3744
2576,3654,SC-RRT-fixed-matched,5000,9677,405,3,evaluation-3d-08,5000,slab_clutter,99,249.0,2638.9587239512375,0.8860572804704431,184.0,0.02528752898797393,2592.602095659946,0.9019002931966614,0.9090387570031453,1.5,1.5,8,0.8,0.8,1,0.0,4098,554,30080015,15,1,3656
2576,3481,SC-RRT,5000,9706,501,3,evaluation-3d-08,5000,slab_clutter,99,249.0,2638.9587239512375,0.8860572804704431,184.0,0.02495699399150908,2593.049061371519,0.9017448320014523,0.9727609090041369,1.4116906660206399,1.4116906660206399,8,0.8603809520955911,0.8603809520955911,1,0.003013247632786841,4367,748,30080015,15,1,3483
2566,3494,SC-RRT,5000,9823,391,3,evaluation-3d-08,5000,slab_clutter,99,225.0,2568.5978033733677,0.9103288133109475,170.0,0.022151704994030297,2533.787003999078,0.9228354974303259,0.9742993369873147,1.397185267380831,1.397185267380831,8,0.8705319139810488,0.8705319139810488,1,0.006101268564630124,4559,968,30080016,16,1,3496
2566,3686,SC-RRT-fixed-matched,5000,10071,351,3,evaluation-3d-08,5000,slab_clutter,99,225.0,2568.5978033733677,0.9103288133109475,170.0,0.025833719002548605,2544.0493202701373,0.9191129163996308,1.03198139500455,1.5,1.5,8,0.8,0.8,1,0.0,4425,750,30080016,16,1,3688
2572,3547,SC-RRT-fixed-matched,5000,9985,321,3,evaluation-3d-08,5000,slab_clutter,99,227.0,2681.6455260238104,0.8719528988922836,170.0,0.02338089098338969,2498.272277812282,0.935954263666404,0.9874121789762285,1.5,1.5,8,0.8,0.8,1,0.0,4690,1027,30080017,17,1,3549
2572,3486,SC-RRT,5000,9873,327,3,evaluation-3d-08,5000,slab_clutter,99,227.0,2681.6455260238104,0.8719528988922836,170.0,0.022017599025275558,2477.9171844594757,0.9436427516152224,0.9844110970152542,1.285026827253287,1.285026827253287,8,0.9499323936671091,0.9499323936671091,1,0.027874988291317526,4719,994,30080017,17,1,3488
2579,3460,SC-RRT,5000,9983,337,3,evaluation-3d-08,5000,slab_clutter,99,188.0,2654.503972761444,0.8808683709693286,144.0,0.02013438899302855,2546.502313395128,0.9182275538954779,0.997134372999426,1.326549095079737,1.326549095079737,8,0.9204683992877838,0.9204683992877838,1,0.017567433162536342,4831,1166,30080018,18,1,3462
2579,3620,SC-RRT-fixed-matched,5000,9833,320,3,evaluation-3d-08,5000,slab_clutter,98,188.0,2654.503972761444,0.8808683709693286,144.0,0.018795901007251814,2583.702219774045,0.9050069982222932,0.9500578410224989,1.5,1.5,8,0.8,0.8,1,0.0,4344,784,30080018,18,1,3622
2564,3674,SC-RRT-fixed-matched,5000,9705,370,3,evaluation-3d-08,5000,slab_clutter,99,246.0,2610.3149025524995,0.8957802707755702,186.0,0.025775181013159454,2574.4958036169087,0.9082433099844059,0.9933000500022899,1.5,1.5,8,0.8,0.8,1,0.0,4018,564,30080019,19,1,3676
2564,3514,SC-RRT,5000,10061,414,3,evaluation-3d-08,5000,slab_clutter,99,246.0,2610.3149025524995,0.8957802707755702,186.0,0.024461358989356086,2539.857007645649,0.920630013098836,1.0043341599812265,1.3271932376810167,1.3271932376810167,8,0.9200110138371486,0.9200110138371486,1,0.02228718045362792,4692,1063,30080019,19,1,3516
2575,3622,SC-RRT,5000,9233,313,3,evaluation-3d-08,5000,slab_clutter,98,197.0,2697.1096986568937,0.8669534618419098,146.0,0.0206033069989644,2669.665357469824,0.8758658023094246,0.9238387020013761,1.4206854826362312,1.4206854826362312,8,0.8541128504013986,0.8541128504013986,1,0.003006043875552781,3883,581,30080020,20,1,3624
2575,3688,SC-RRT-fixed-matched,5000,9417,308,3,evaluation-3d-08,5000,slab_clutter,99,197.0,2697.1096986568937,0.8669534618419098,146.0,0.01876266999170184,2660.6970763057384,0.8788180402199591,0.9037788290006574,1.5,1.5,8,0.8,0.8,1,0.0,3929,579,30080020,20,1,3690
2575,3660,SC-RRT-fixed-matched,5000,9852,385,3,evaluation-3d-08,5000,slab_clutter,99,168.0,2634.3925873889416,0.8875930646827175,143.0,0.018424443987896666,2609.5588851815946,0.8960397879871058,0.9569737039855681,1.5,1.5,8,0.8,0.8,1,0.0,4207,630,30080021,21,1,3662
2575,3541,SC-RRT,5000,9603,380,3,evaluation-3d-08,5000,slab_clutter,99,168.0,2634.3925873889416,0.8875930646827175,143.0,0.01748910700553097,2566.5273511255987,0.9110631878489401,0.9086153219977859,1.3691357710039673,1.3691357710039673,8,0.8902844898314521,0.8902844898314521,1,0.016375697103484257,4249,730,30080021,21,1,3543
2571,3652,SC-RRT,5000,9529,299,3,evaluation-3d-08,5000,slab_clutter,99,177.0,2552.72273828422,0.9159900349340804,157.0,0.019135112990625203,2538.9364669393044,0.9209638053829579,0.9670548870053608,1.410065900508782,1.410065900508782,8,0.861515439043395,0.861515439043395,1,0.004762572840185912,4066,612,30080022,22,1,3654
2571,3788,SC-RRT-fixed-matched,5000,9559,212,3,evaluation-3d-08,5000,slab_clutter,99,177.0,2552.72273828422,0.9159900349340804,157.0,0.02406917099142447,2528.3799269672145,0.924809030984015,0.8561388689849991,1.5,1.5,8,0.8,0.8,1,0.0,3936,492,30080022,22,1,3790
2569,3704,SC-RRT-fixed-matched,5000,9978,273,3,evaluation-3d-08,5000,slab_clutter,99,165.0,2507.686191829369,0.9324406689467817,121.0,0.015012201998615637,2503.2073371104516,0.934109035057854,0.9026931559783407,1.5,1.5,8,0.8,0.8,1,0.0,4307,671,30080023,23,1,3706
2569,3551,SC-RRT,5000,10071,305,3,evaluation-3d-08,5000,slab_clutter,99,165.0,2507.686191829369,0.9324406689467817,121.0,0.01573001200449653,2456.6574283592663,0.9518089755720028,1.0429225340194535,1.3653067418360294,1.3653067418360294,8,0.8929910043674251,0.8929910043674251,1,0.01744344321201119,4714,997,30080023,23,1,3553
2565,3536,SC-RRT,5000,9237,321,3,evaluation-3d-08,5000,slab_clutter,99,193.0,2658.638232936378,0.8794985949011364,147.0,0.019926815992221236,2554.837954073696,0.9152316633192366,0.9307331960008014,1.4269070177191445,1.4269070177191445,8,0.8497903657060749,0.8497903657060749,1,0.002472023835729966,3927,548,30080024,24,1,3538
2565,3645,SC-RRT-fixed-matched,5000,9692,344,3,evaluation-3d-08,5000,slab_clutter,99,193.0,2658.638232936378,0.8794985949011364,147.0,0.019883544999174774,2554.9153062466476,0.9152039539240411,0.9752314490033314,1.5,1.5,8,0.8,0.8,1,0.0,4103,597,30080024,24,1,3647
2561,3818,SC-RRT-fixed-matched,5000,10545,226,3,evaluation-3d-08,5000,slab_clutter,99,147.0,2598.7133435623164,0.8997793450402981,138.0,0.016631349979434162,2578.7100782995203,0.9067590071078907,0.9453340489999391,1.5,1.5,8,0.8,0.8,1,0.0,4704,670,30080025,25,1,3820
2561,3728,SC-RRT,5000,10098,225,3,evaluation-3d-08,5000,slab_clutter,99,147.0,2598.7133435623164,0.8997793450402981,138.0,0.015434658998856321,2578.761804991264,0.9067408186720469,0.9912412059784401,1.4338623289458852,1.4338623289458852,8,0.8449715140029971,0.8449715140029971,1,0.0024871290664804893,4468,574,30080025,25,1,3730
2567,3503,SC-RRT,5000,9461,407,3,evaluation-3d-08,5000,slab_clutter,99,203.0,2585.851401430409,0.9042548187125253,154.0,0.020939063018886372,2560.060167513378,0.9133647013027733,0.9373677390103694,1.400655610432618,1.400655610432618,8,0.8680988644985344,0.8680988644985344,1,0.006613686926712203,4152,650,30080026,26,1,3505
2567,3634,SC-RRT-fixed-matched,5000,9571,376,3,evaluation-3d-08,5000,slab_clutter,99,203.0,2585.851401430409,0.9042548187125253,154.0,0.02035747902118601,2546.257694431998,0.9183157680116856,0.9897037640039343,1.5,1.5,8,0.8,0.8,1,0.0,3985,521,30080026,26,1,3636
2572,3739,SC-RRT-fixed-matched,5000,9992,307,3,evaluation-3d-08,5000,slab_clutter,99,193.0,2664.5022054694455,0.8775630154924252,160.0,0.021088150999275967,2613.279808345402,0.8947639601204659,0.9907727249956224,1.5,1.5,8,0.8,0.8,1,0.0,4251,715,30080027,27,1,3741
2572,3536,SC-RRT,5000,9823,353,3,evaluation-3d-08,5000,slab_clutter,99,193.0,2664.5022054694455,0.8775630154924252,160.0,0.020586637983797118,2572.73139009088,0.9088661953688786,1.0162875179958064,1.3772824189430886,1.3772824189430886,8,0.8845332912809514,0.8845332912809514,1,0.016545946680462064,4490,967,30080027,27,1,3538
2575,3589,SC-RRT,5000,9501,308,3,evaluation-3d-08,5000,slab_clutter,99,164.0,2593.438883470451,0.9016092899359145,138.0,0.017664548999164253,2563.2337732343103,0.9122338409529993,0.9080016920052003,1.4178142921806236,1.4178142921806236,8,0.8561113034571297,0.8561113034571297,1,0.0023827725880457952,4160,603,30080028,28,1,3591
2575,3696,SC-RRT-fixed-matched,5000,9938,331,3,evaluation-3d-08,5000,slab_clutter,98,164.0,2593.438883470451,0.9016092899359145,138.0,0.01658556700567715,2562.428186352332,0.9125206328402735,0.9008726569882128,1.5,1.5,8,0.8,0.8,1,0.0,4293,610,30080028,28,1,3698
2566,3675,SC-RRT-fixed-matched,5000,10094,283,3,evaluation-3d-08,5000,slab_clutter,99,157.0,2624.0134661838906,0.891103883555344,145.0,0.015811775025213137,2611.156738925079,0.8954914714084022,0.8965362680028193,1.5,1.5,8,0.8,0.8,1,0.0,4546,884,30080029,29,1,3677
2566,3606,SC-RRT,5000,10048,326,3,evaluation-3d-08,5000,slab_clutter,99,157.0,2624.0134661838906,0.891103883555344,145.0,0.01597314397804439,2612.430775719704,0.8950547558810663,0.9151525739871431,1.4195392811680738,1.4195392811680738,8,0.8549103770374751,0.8549103770374751,1,0.004013941288822823,4590,908,30080029,29,1,3608
2569,3474,SC-RRT,5000,9052,403,3,evaluation-3d-08,5000,slab_clutter,99,245.0,2615.824031202113,0.893893687926486,154.0,0.02151203399989754,2516.1033226686986,0.9293213713250478,0.8493425089982338,1.3768006171365637,1.3768006171365637,8,0.8848731320031216,0.8848731320031216,1,0.006448199887042748,3783,567,30080030,30,1,3476
2569,3591,SC-RRT-fixed-matched,5000,9373,377,3,evaluation-3d-08,5000,slab_clutter,99,245.0,2615.824031202113,0.893893687926486,154.0,0.02094422999653034,2526.303714285411,0.9255690742945314,0.8495476139942184,1.5,1.5,8,0.8,0.8,1,0.0,3868,544,30080030,30,1,3593
2563,3678,SC-RRT-fixed-matched,5000,10056,337,3,evaluation-3d-08,5000,slab_clutter,99,173.0,2560.6278133068918,0.91316222453987,138.0,0.016774153016740456,2491.8260136547237,0.9383755436393735,0.9236619959992822,1.5,1.5,8,0.8,0.8,1,0.0,4430,811,30080031,31,1,3680
2563,3589,SC-RRT,5000,9692,356,3,evaluation-3d-08,5000,slab_clutter,99,173.0,2560.6278133068918,0.91316222453987,138.0,0.015872379997745156,2527.8590563099365,0.9249995898233707,0.8646273139747791,1.3902714354766457,1.3902714354766457,8,0.8753869312985695,0.8753869312985695,1,0.005760867952993833,4296,787,30080031,31,1,3591
2574,3508,SC-RRT,5000,9373,371,3,evaluation-3d-08,5000,slab_clutter,99,235.0,2686.7051649236387,0.8703108255960949,183.0,0.022853873000713065,2559.8296061053125,0.9134469671891852,0.8878598919836804,1.2851912451296754,1.2851912451296754,8,0.9498159482307232,0.9498159482307232,1,0.03371339632519348,4136,691,30080032,32,1,3510
2574,3678,SC-RRT-fixed-matched,5000,9867,310,3,evaluation-3d-08,5000,slab_clutter,99,235.0,2686.7051649236387,0.8703108255960949,183.0,0.021295493002980947,2602.933731427559,0.8983204458822618,0.875305613008095,1.5,1.5,8,0.8,0.8,1,0.0,4322,717,30080032,32,1,3680
2581,3660,SC-RRT-fixed-matched,5000,9651,240,3,evaluation-3d-08,5000,slab_clutter,99,144.0,2571.7169105750845,0.9092247208869902,127.0,0.014769248984521255,2515.645697253031,0.9294904257667388,0.8705544089898467,1.5,1.5,8,0.8,0.8,1,0.0,4129,696,30080033,33,1,3662
2581,3520,SC-RRT,5000,9768,362,3,evaluation-3d-08,5000,slab_clutter,99,144.0,2571.7169105750845,0.9092247208869902,127.0,0.01424981901072897,2490.334524590272,0.9389375471966735,0.9582876969943754,1.360593563827813,1.360593563827813,8,0.8963251243674518,0.8963251243674518,1,0.015329950687180623,4367,788,30080033,33,1,3522
2576,3593,SC-RRT,5000,9150,269,3,evaluation-3d-08,5000,slab_clutter,98,136.0,2548.0639379928566,0.9176648024224499,121.0,0.013930383021943271,2525.8442318363946,0.925737446809206,0.8875688140105922,1.4252828154443558,1.4252828154443558,8,0.8509177302722364,0.8509177302722364,1,0.0029043873239119433,3791,431,30080034,34,1,3595
2576,3673,SC-RRT-fixed-matched,5000,9508,299,3,evaluation-3d-08,5000,slab_clutter,99,136.0,2548.0639379928566,0.9176648024224499,121.0,0.01339799800189212,2527.343907832756,0.9251881324782161,0.9095174279937055,1.5,1.5,8,0.8,0.8,1,0.0,3909,404,30080034,34,1,3675
2565,3564,SC-RRT-fixed-matched,5000,9683,327,3,evaluation-3d-08,5000,slab_clutter,99,173.0,2696.370631704585,0.8671910911371199,136.0,0.01658464697538875,2640.241398134663,0.8856268187711838,0.9461281929980032,1.5,1.5,8,0.8,0.8,1,0.0,4321,842,30080035,35,1,3566
2565,3450,SC-RRT,5000,9229,326,3,evaluation-3d-08,5000,slab_clutter,99,173.0,2696.370631704585,0.8671910911371199,136.0,0.01685921402531676,2621.2800728388856,0.8920331003339159,0.860516106011346,1.3421786222635228,1.3421786222635228,8,0.9093745444567571,0.9093745444567571,1,0.01717602101357366,4155,785,30080035,35,1,3452
2565,3534,SC-RRT,5000,9202,292,3,evaluation-3d-08,5000,slab_clutter,99,182.0,2605.98614262534,0.8972682363776309,145.0,0.016875302011612803,2560.447752609723,0.913226441677912,0.8636648239917122,1.3696402809225903,1.3696402809225903,8,0.8899280348698142,0.8899280348698142,1,0.00504657260035626,4002,580,30080036,36,1,3536
2565,3679,SC-RRT-fixed-matched,5000,9721,284,3,evaluation-3d-08,5000,slab_clutter,99,182.0,2605.98614262534,0.8972682363776309,145.0,0.01856286800466478,2560.447752609723,0.913226441677912,0.8775581390073057,1.5,1.5,8,0.8,0.8,1,0.0,4180,608,30080036,36,1,3681
2574,3652,SC-RRT-fixed-matched,5000,9833,322,3,evaluation-3d-08,5000,slab_clutter,99,152.0,2555.2584744874675,0.9150810430976041,131.0,0.014684530004160479,2519.7914213132103,0.9279611679126109,0.8802798920078203,1.5,1.5,8,0.8,0.8,1,0.0,4263,624,30080037,37,1,3654
2574,3510,SC-RRT,5000,9539,321,3,evaluation-3d-08,5000,slab_clutter,99,152.0,2555.2584744874675,0.9150810430976041,131.0,0.014718193997396156,2502.01792008355,0.9345530947036151,0.904176367999753,1.3867306947502862,1.3867306947502862,8,0.8778770720546081,0.8778770720546081,1,0.01240558030115982,4351,795,30080037,37,1,3512
2560,3564,SC-RRT,5000,9464,299,3,evaluation-3d-08,5000,slab_clutter,99,176.0,2649.027166420965,0.8826895472639342,137.0,0.01599726901622489,2583.895192553067,0.9049394096776864,0.8768252300214954,1.409092994139572,1.409092994139572,8,0.8621950861571447,0.8621950861571447,1,0.005222761218818517,4221,745,30080038,38,1,3566
2560,3641,SC-RRT-fixed-matched,5000,9701,318,3,evaluation-3d-08,5000,slab_clutter,99,176.0,2649.027166420965,0.8826895472639342,137.0,0.017375116993207484,2582.8112129437254,0.9053192035483588,0.918358391005313,1.5,1.5,8,0.8,0.8,1,0.0,4224,708,30080038,38,1,3643
2567,3674,SC-RRT-fixed-matched,5000,9691,294,3,evaluation-3d-08,5000,slab_clutter,99,214.0,2586.6698796034325,0.9039686929730936,156.0,0.01994498400017619,2510.5532048901705,0.9313758360760479,0.8904243569995742,1.5,1.5,8,0.8,0.8,1,0.0,4081,577,30080039,39,1,3676
2567,3532,SC-RRT,5000,9340,327,3,evaluation-3d-08,5000,slab_clutter,99,214.0,2586.6698796034325,0.9039686929730936,156.0,0.019768588012084365,2516.666307618346,0.929113479661438,0.8607493250165135,1.3817004579117786,1.3817004579117786,8,0.8814188439317148,0.8814188439317148,1,0.00785794124634676,4023,607,30080039,39,1,3534
2570,3618,SC-RRT,5000,9866,300,3,evaluation-3d-08,5000,slab_clutter,99,224.0,2648.6147933584334,0.8828269766072961,161.0,0.021147091989405453,2597.6471071392493,0.90014867061488,0.8854621239879634,1.3937826400972722,1.3937826400972722,8,0.8729200468340519,0.8729200468340519,1,0.0046562212117283374,4449,826,30080040,40,1,3620
2570,3634,SC-RRT-fixed-matched,5000,10071,308,3,evaluation-3d-08,5000,slab_clutter,99,224.0,2648.6147933584334,0.8828269766072961,161.0,0.022839314973680303,2555.8919446170153,0.9148542430139234,0.9885359409963712,1.5,1.5,8,0.8,0.8,1,0.0,4602,918,30080040,40,1,3636
2567,3688,SC-RRT-fixed-matched,5000,9677,274,3,evaluation-3d-08,5000,slab_clutter,99,155.0,2631.489792363393,0.8885721681321587,136.0,0.015728119004052132,2575.3106098864605,0.9079559495625551,0.91464300500229,1.5,1.5,8,0.8,0.8,1,0.0,4103,546,30080041,41,1,3690
2567,3565,SC-RRT,5000,9280,288,3,evaluation-3d-08,5000,slab_clutter,99,155.0,2631.489792363393,0.8885721681321587,136.0,0.016397424013121054,2556.6941103475797,0.9145672064383561,0.8925436220015399,1.3541354488450277,1.3541354488450277,8,0.9008978634253585,0.9008978634253585,1,0.012928674810279964,4003,533,30080041,41,1,3567
2565,3511,SC-RRT,5000,9663,291,3,evaluation-3d-08,5000,slab_clutter,99,247.0,2778.9102459854375,0.8414336496099405,179.0,0.022634220018517226,2608.5290090111607,0.8963935544287366,0.8979321390215773,1.290848978679123,1.290848978679123,8,0.945807273929063,0.945807273929063,1,0.026830293115697772,4556,865,30080042,42,1,3513
2565,3567,SC-RRT-fixed-matched,5000,9715,305,3,evaluation-3d-08,5000,slab_clutter,99,247.0,2778.9102459854375,0.8414336496099405,179.0,0.021717134019127116,2622.2616028736843,0.8916992063856337,0.8849745820043609,1.5,1.5,8,0.8,0.8,1,0.0,4466,847,30080042,42,1,3569
2565,3614,SC-RRT-fixed-matched,5000,9590,413,3,evaluation-3d-08,5000,slab_clutter,99,238.0,2685.6534147272296,0.8706516549736826,159.0,0.02077535298303701,2617.958030209465,0.89316504055296,0.8809652489726432,1.5,1.5,8,0.8,0.8,1,0.0,4017,582,30080043,43,1,3616
2565,3500,SC-RRT,5000,9662,452,3,evaluation-3d-08,5000,slab_clutter,99,238.0,2685.6534147272296,0.8706516549736826,159.0,0.020291108987294137,2613.5310349983865,0.8946779505985196,0.8887077459949069,1.3507706766431256,1.3507706766431256,8,0.9032820429727352,0.9032820429727352,1,0.01162460997736377,4288,810,30080043,43,1,3502
2570,3560,SC-RRT,5000,9884,227,3,evaluation-3d-08,5000,slab_clutter,99,157.0,2585.515115464186,0.9043724309452306,138.0,0.018288010003743693,2553.3770124334087,0.9157553227870479,0.9183870360138826,1.3967874202974033,1.3967874202974033,8,0.870811014029433,0.870811014029433,1,0.004506339026305378,4651,999,30080044,44,1,3562
2570,3676,SC-RRT-fixed-matched,5000,9961,242,3,evaluation-3d-08,5000,slab_clutter,99,157.0,2585.515115464186,0.9043724309452306,138.0,0.015457680012332276,2550.3330886347844,0.9168483131235535,0.8870296490204055,1.5,1.5,8,0.8,0.8,1,0.0,4408,761,30080044,44,1,3678
2576,3621,SC-RRT-fixed-matched,5000,9732,411,3,evaluation-3d-08,5000,slab_clutter,99,233.0,2587.92766701539,0.9035293451283617,157.0,0.01985534597770311,2551.39797373594,0.9164656452219893,0.8768660439818632,1.5,1.5,8,0.8,0.8,1,0.0,4117,573,30080045,45,1,3623
2576,3417,SC-RRT,5000,9228,435,3,evaluation-3d-08,5000,slab_clutter,99,233.0,2587.92766701539,0.9035293451283617,157.0,0.02063654499943368,2519.4960399736383,0.9280699604681457,0.8944945980038028,1.3233303667242067,1.3233303667242067,8,0.9227540217776051,0.9227540217776051,1,0.016750329834310997,4073,648,30080045,45,1,3419
2572,3580,SC-RRT,5000,9418,324,3,evaluation-3d-08,5000,slab_clutter,99,180.0,2728.909464231585,0.856850921903487,158.0,0.017260679975152016,2648.2308010561705,0.8829549861309042,1.2153112739906646,1.3438143964799367,1.3438143964799367,8,0.9082142078449549,0.9082142078449549,1,0.020064005169563845,4098,685,30080046,46,1,3582
2572,3722,SC-RRT-fixed-matched,5000,9562,303,3,evaluation-3d-08,5000,slab_clutter,99,180.0,2728.909464231585,0.856850921903487,158.0,0.019611490017268807,2660.5584679290146,0.8788638244203287,1.1717399879998993,1.5,1.5,8,0.8,0.8,1,0.0,3931,490,30080046,46,1,3724
2572,3636,SC-RRT-fixed-matched,5000,9432,361,3,evaluation-3d-08,5000,slab_clutter,99,184.0,2557.8007133343303,0.9141715294816046,145.0,0.019153950997861102,2543.8427547320675,0.9191875503579483,0.9018455299956258,1.5,1.5,8,0.8,0.8,1,0.0,3874,482,30080047,47,1,3638
2572,3508,SC-RRT,5000,9119,407,3,evaluation-3d-08,5000,slab_clutter,99,184.0,2557.8007133343303,0.9141715294816046,145.0,0.017376383999362588,2520.986950452856,0.9275211003364975,0.8257707429875154,1.3899121006930537,1.3899121006930537,8,0.8756395324007293,0.8756395324007293,1,0.010467147239910808,3799,509,30080047,47,1,3510
2570,3572,SC-RRT,5000,9603,325,3,evaluation-3d-08,5000,slab_clutter,99,130.0,2574.4314241476595,0.9082660226586288,123.0,0.01342372500221245,2555.0388318556907,0.9151597075805423,0.8839163889933843,1.4328843064219736,1.4328843064219736,8,0.8456482329948152,0.8456482329948152,1,0.0026475988779509027,4199,667,30080048,48,1,3574
2570,3724,SC-RRT-fixed-matched,5000,10158,273,3,evaluation-3d-08,5000,slab_clutter,99,130.0,2574.4314241476595,0.9082660226586288,123.0,0.014031948987394571,2556.090864155075,0.9147830474293046,0.9406524380028713,1.5,1.5,8,0.8,0.8,1,0.0,4457,655,30080048,48,1,3726
2567,3697,SC-RRT-fixed-matched,5000,9864,318,3,evaluation-3d-08,5000,slab_clutter,99,165.0,2635.816497936715,0.8871135726058138,132.0,0.01733428201987408,2592.2702042332976,0.9020157645601462,0.9121193140163086,1.5,1.5,8,0.8,0.8,1,0.0,4191,566,30080049,49,1,3699
2567,3580,SC-RRT,5000,9474,327,3,evaluation-3d-08,5000,slab_clutter,99,165.0,2635.816497936715,0.8871135726058138,132.0,0.020533068978693336,2591.146128197622,0.902407071825186,0.8841406749852467,1.401347286069604,1.401347286069604,8,0.8676142566659872,0.8676142566659872,1,0.007325536271169363,4052,496,30080049,49,1,3582
2572,3553,SC-RRT,5000,9953,262,3,evaluation-3d-09,5000,uniform_clutter,99,160.0,2580.031164124274,0.9062947078825888,135.0,0.015516154991928488,2520.253034573301,0.9277912011774927,0.9922459749795962,1.3497584273088823,1.3497584273088823,9,0.9039995003292701,0.9039995003292701,1,0.017424039016828378,4680,881,30090000,0,1,3555
2572,3642,SC-RRT-fixed-matched,5000,9681,240,3,evaluation-3d-09,5000,uniform_clutter,99,160.0,2580.031164124274,0.9062947078825888,135.0,0.0171409810136538,2558.309085713879,0.9139898706045153,0.9190878960071132,1.5,1.5,9,0.8,0.8,1,0.0,4254,608,30090000,0,1,3644
2588,3722,SC-RRT-fixed-matched,5000,10573,269,3,evaluation-3d-09,5000,uniform_clutter,98,228.0,2673.6574638705797,0.8745580246592013,167.0,0.020306320016970858,2575.8260148686704,0.9077742738525769,1.0310715420055203,1.5,1.5,9,0.8,0.8,1,0.0,4915,980,30090001,1,1,3724
2588,3608,SC-RRT,5000,10708,255,3,evaluation-3d-09,5000,uniform_clutter,98,228.0,2673.6574638705797,0.8745580246592013,167.0,0.022132037993287668,2579.1003528018614,0.9066217945640446,1.0441946719947737,1.379513259125543,1.379513259125543,9,0.8829602661740895,0.8829602661740895,1,0.008644332172866035,5325,1230,30090001,1,1,3610
2568,3601,SC-RRT,5000,9881,217,3,evaluation-3d-09,5000,uniform_clutter,99,125.0,2480.903459856306,0.9425068843079515,115.0,0.013425019016722217,2446.72885693317,0.9556713174784989,0.9177220300189219,1.440840271931796,1.440840271931796,9,0.8401519972122566,0.8401519972122566,1,0.0025607165958094727,4592,917,30090002,2,1,3603
2568,3695,SC-RRT-fixed-matched,5000,10128,227,3,evaluation-3d-09,5000,uniform_clutter,99,125.0,2480.903459856306,0.9425068843079515,115.0,0.012862172996392474,2457.1918723497124,0.9516019552766929,0.9252833579957951,1.5,1.5,9,0.8,0.8,1,0.0,4591,859,30090002,2,1,3697
2574,3720,SC-RRT-fixed-matched,5000,9773,323,3,evaluation-3d-09,5000,uniform_clutter,98,161.0,2625.2304314982425,0.8906907988581838,137.0,0.01567739000893198,2558.7003227817313,0.9138501173423462,0.9281975039921235,1.5,1.5,9,0.8,0.8,1,0.0,4071,656,30090003,3,1,3722
2574,3604,SC-RRT,5000,9332,284,3,evaluation-3d-09,5000,uniform_clutter,99,161.0,2625.2304314982425,0.8906907988581838,137.0,0.01770791399758309,2558.7003227817313,0.9138501173423462,0.9404261860181578,1.366867322447816,1.366867322447816,9,0.8918876784641154,0.8918876784641154,1,0.007322214187454697,3949,640,30090003,3,1,3606
2571,3604,SC-RRT,5000,9908,238,3,evaluation-3d-09,5000,uniform_clutter,99,134.0,2622.3310984284353,0.8916755750710923,121.0,0.015054429997690022,2550.3404848402497,0.916845654185053,1.0394239609886426,1.3556705088471652,1.3556705088471652,9,0.8998105373727344,0.8998105373727344,1,0.013699064149674997,4562,780,30090004,4,1,3606
2571,3709,SC-RRT-fixed-matched,5000,9895,240,3,evaluation-3d-09,5000,uniform_clutter,99,134.0,2622.3310984284353,0.8916755750710923,121.0,0.014568637008778751,2573.0655876814444,0.9087481490609679,1.0545016170071904,1.5,1.5,9,0.8,0.8,1,0.0,4306,635,30090004,4,1,3711
2590,3694,SC-RRT-fixed-matched,5000,10026,298,3,evaluation-3d-09,5000,uniform_clutter,98,168.0,2596.08053320326,0.9006918546293454,130.0,0.016769790992839262,2530.437266544625,0.9240571268581371,0.9400714170187712,1.5,1.5,9,0.8,0.8,1,0.0,4381,869,30090005,5,1,3696
2590,3553,SC-RRT,5000,9548,291,3,evaluation-3d-09,5000,uniform_clutter,98,168.0,2596.08053320326,0.9006918546293454,130.0,0.015682350000133738,2534.380637907914,0.9226193395117566,0.9191976760048419,1.3852005108497762,1.3852005108497762,9,0.878953972542313,0.878953972542313,1,0.00645622023891745,4236,775,30090005,5,1,3555
2575,3701,SC-RRT,5000,10050,257,3,evaluation-3d-09,5000,uniform_clutter,99,143.0,2581.8083759931997,0.90567085146994,125.0,0.0145779550075531,2552.7570935675785,0.9159777074402962,0.9647340700030327,1.43152494676656,1.43152494676656,9,0.8465892956115126,0.8465892956115126,1,0.003341558367879625,4507,798,30090006,6,1,3703
2575,3700,SC-RRT-fixed-matched,5000,9928,204,3,evaluation-3d-09,5000,uniform_clutter,99,143.0,2581.8083759931997,0.90567085146994,125.0,0.013942292018327862,2553.1588416515374,0.9158335752841178,0.8805527460062876,1.5,1.5,9,0.8,0.8,1,0.0,4469,728,30090006,6,1,3702
2568,3715,SC-RRT-fixed-matched,5000,9735,238,3,evaluation-3d-09,5000,uniform_clutter,99,153.0,2575.8448735731504,0.9077676277043788,139.0,0.016466286004288122,2562.4548670735903,0.9125111315183341,0.8519110819906928,1.5,1.5,9,0.8,0.8,1,0.0,4092,570,30090007,7,1,3717
2568,3589,SC-RRT,5000,9272,230,3,evaluation-3d-09,5000,uniform_clutter,99,153.0,2575.8448735731504,0.9077676277043788,139.0,0.016164133994607255,2556.5447518219235,0.9146206373080759,0.894437017996097,1.4145694027836981,1.4145694027836981,9,0.8583725476995865,0.8583725476995865,1,0.003493512674108319,3948,540,30090007,7,1,3591
2566,3588,SC-RRT,5000,9336,275,3,evaluation-3d-09,5000,uniform_clutter,99,171.0,2676.324788507168,0.873686407665884,143.0,0.018614554981468245,2656.749419681084,0.8801238735185909,0.9311678739904892,1.4175819591981926,1.4175819591981926,9,0.8562731140367658,0.8562731140367658,1,0.00233395005247275,4016,560,30090008,8,1,3590
2566,3725,SC-RRT-fixed-matched,5000,9759,280,3,evaluation-3d-09,5000,uniform_clutter,99,171.0,2676.324788507168,0.873686407665884,143.0,0.0188119700178504,2656.749419681084,0.8801238735185909,0.9269900690123904,1.5,1.5,9,0.8,0.8,1,0.0,4105,502,30090008,8,1,3727
2577,3568,SC-RRT-fixed-matched,5000,9701,315,3,evaluation-3d-09,5000,uniform_clutter,99,153.0,2584.068367353296,0.9048787639519502,136.0,0.015987097984179854,2525.9810458564502,0.9256873063452379,0.9374314610031433,1.5,1.5,9,0.8,0.8,1,0.0,4376,890,30090009,9,1,3570
2577,3490,SC-RRT,5000,9615,275,3,evaluation-3d-09,5000,uniform_clutter,98,153.0,2584.068367353296,0.9048787639519502,136.0,0.015485582000110298,2532.643731044789,0.9232520790649779,0.9107556029921398,1.385509938018775,1.385509938018775,9,0.8787361707197467,0.8787361707197467,1,0.008001942446037025,4539,995,30090009,9,1,3492
2568,3539,SC-RRT,5000,9772,214,3,evaluation-3d-09,5000,uniform_clutter,99,176.0,2820.197433232649,0.8291152111069563,148.0,0.01704248701571487,2634.8536392490505,0.8874377519065556,0.9944687630049884,1.3200237538251292,1.3200237538251292,9,0.9251021541902096,0.9251021541902096,1,0.01858882256386332,4662,991,30090010,10,1,3541
2568,3655,SC-RRT-fixed-matched,5000,10230,254,3,evaluation-3d-09,5000,uniform_clutter,99,176.0,2820.197433232649,0.8291152111069563,148.0,0.016999415995087475,2643.0608272764507,0.8846820951250901,0.9533347579999827,1.5,1.5,9,0.8,0.8,1,0.0,4746,999,30090010,10,1,3657
2569,3693,SC-RRT-fixed-matched,5000,10065,219,3,evaluation-3d-09,5000,uniform_clutter,99,142.0,2654.843927722222,0.8807555750458559,138.0,0.015080371988005936,2528.634199483346,0.9247160347256801,1.037368338991655,1.5,1.5,9,0.8,0.8,1,0.0,4577,927,30090011,11,1,3695
2569,3592,SC-RRT,5000,10239,234,3,evaluation-3d-09,5000,uniform_clutter,99,142.0,2654.843927722222,0.8807555750458559,138.0,0.01484526798594743,2542.8560360852243,0.9195442278430334,0.9829809190123342,1.3711150335413131,1.3711150335413131,9,0.8888862800075197,0.8888862800075197,1,0.006616428139975827,4948,1184,30090011,11,1,3594
2574,3639,SC-RRT,5000,10819,247,3,evaluation-3d-09,5000,uniform_clutter,99,127.0,2641.988969221629,0.88504101169918,125.0,0.014934379025362432,2554.890962790592,0.9152126741502891,1.009058752009878,1.3868137840925547,1.3868137840925547,9,0.8778186088411937,0.8778186088411937,1,0.012367000114071578,5367,1380,30090012,12,1,3641
2574,3681,SC-RRT-fixed-matched,5000,10210,223,3,evaluation-3d-09,5000,uniform_clutter,99,127.0,2641.988969221629,0.88504101169918,125.0,0.01357860301504843,2564.314225690993,0.9118494788164669,0.9949391160043888,1.5,1.5,9,0.8,0.8,1,0.0,4732,966,30090012,12,1,3683
2581,3645,SC-RRT-fixed-matched,5000,9536,248,3,evaluation-3d-09,5000,uniform_clutter,98,176.0,2532.0894815277366,0.9234541698768045,148.0,0.017607512010727078,2513.5848037089595,0.9302525169501802,0.8983772129868157,1.5,1.5,9,0.8,0.8,1,0.0,4124,551,30090013,13,1,3647
2581,3535,SC-RRT,5000,9462,243,3,evaluation-3d-09,5000,uniform_clutter,98,176.0,2532.0894815277366,0.9234541698768045,148.0,0.02431945299031213,2499.5045542824187,0.9354928304538642,0.9672137460147496,1.3999168504296309,1.3999168504296309,9,0.8686165812954518,0.8686165812954518,1,0.008090343116367292,4325,729,30090013,13,1,3537
2568,3624,SC-RRT,5000,9529,204,3,evaluation-3d-09,5000,uniform_clutter,99,158.0,2654.46808657054,0.8808802795737989,144.0,0.01730113901430741,2586.708169674536,0.9039553118634907,0.9856088309898041,1.386365120283876,1.386365120283876,9,0.8781343127448656,0.8781343127448656,1,0.009239518382059348,4254,751,30090014,14,1,3626
2568,3735,SC-RRT-fixed-matched,5000,10214,229,3,evaluation-3d-09,5000,uniform_clutter,99,158.0,2654.46808657054,0.8808802795737989,144.0,0.01570362798520364,2534.245681801844,0.9226684717306017,0.9520074539759662,1.5,1.5,9,0.8,0.8,1,0.0,4637,911,30090014,14,1,3737
2571,3712,SC-RRT-fixed-matched,5000,9727,257,3,evaluation-3d-09,5000,uniform_clutter,99,156.0,2544.439149262308,0.9189721007460141,128.0,0.0154515560134314,2503.9650237345854,0.9338263785851648,0.8944928900164086,1.5,1.5,9,0.8,0.8,1,0.0,4140,603,30090015,15,1,3714
2571,3568,SC-RRT,5000,9414,264,3,evaluation-3d-09,5000,uniform_clutter,99,156.0,2544.439149262308,0.9189721007460141,128.0,0.0148226709861774,2494.2971099520323,0.937445896436512,0.874286852980731,1.3867726795880453,1.3867726795880453,9,0.8778475305732918,0.8778475305732918,1,0.009258116141536994,4166,684,30090015,15,1,3570
2571,3668,SC-RRT,5000,9312,219,3,evaluation-3d-09,5000,uniform_clutter,99,156.0,2577.4555192640173,0.9072003659196679,147.0,0.01654127999790944,2576.5978007953636,0.9075023620280162,0.8935133419872727,1.4267254023274902,1.4267254023274902,9,0.8499163874541652,0.8499163874541652,1,0.0021290282203342407,3928,535,30090016,16,1,3670
2571,3773,SC-RRT-fixed-matched,5000,9625,211,3,evaluation-3d-09,5000,uniform_clutter,99,156.0,2577.4555192640173,0.9072003659196679,147.0,0.017432452004868537,2576.5978007953636,0.9075023620280162,0.8674312109942548,1.5,1.5,9,0.8,0.8,1,0.0,4002,483,30090016,16,1,3775
2572,3692,SC-RRT-fixed-matched,5000,9612,230,3,evaluation-3d-09,5000,uniform_clutter,99,140.0,2523.1496102993433,0.9267260968883153,128.0,0.013810261007165536,2510.386622166981,0.9314376397527073,0.8983741760021076,1.5,1.5,9,0.8,0.8,1,0.0,4033,549,30090017,17,1,3694
2572,3580,SC-RRT,5000,9333,290,3,evaluation-3d-09,5000,uniform_clutter,99,140.0,2523.1496102993433,0.9267260968883153,128.0,0.015241985995089635,2509.5002509183396,0.9317666293766282,1.1498909200017806,1.4319880987795175,1.4319880987795175,9,0.8462685997223005,0.8462685997223005,1,0.003122504257305803,3921,539,30090017,17,1,3582
2574,3579,SC-RRT,5000,9616,285,3,evaluation-3d-09,5000,uniform_clutter,99,181.0,2544.459267075161,0.9189648348766096,143.0,0.017937094991793856,2518.831669310255,0.9283147495355593,0.8699124529957771,1.4122325105526852,1.4122325105526852,9,0.8600027605246481,0.8600027605246481,1,0.0025801439475537902,4220,670,30090018,18,1,3581
2574,3691,SC-RRT-fixed-matched,5000,9771,276,3,evaluation-3d-09,5000,uniform_clutter,99,181.0,2544.459267075161,0.9189648348766096,143.0,0.017697055998723954,2518.831669310255,0.9283147495355593,0.8883365509973373,1.5,1.5,9,0.8,0.8,1,0.0,4170,571,30090018,18,1,3693
2583,3700,SC-RRT-fixed-matched,5000,9738,262,3,evaluation-3d-09,5000,uniform_clutter,98,174.0,2577.084288237722,0.9073310488486016,138.0,0.016817797004478052,2542.7192460398173,0.9195936963389659,0.907109534018673,1.5,1.5,9,0.8,0.8,1,0.0,4150,630,30090019,19,1,3702
2583,3555,SC-RRT,5000,9451,267,3,evaluation-3d-09,5000,uniform_clutter,99,174.0,2577.084288237722,0.9073310488486016,138.0,0.016715228994144127,2516.776903019808,0.9290726513789773,0.9357712109922431,1.3482299578070962,1.3482299578070962,9,0.9050830121447787,0.9050830121447787,1,0.015994920065960018,4185,723,30090019,19,1,3557
2572,3599,SC-RRT,5000,9621,287,3,evaluation-3d-09,5000,uniform_clutter,99,148.0,2516.355891752274,0.929228094436881,127.0,0.01637092701275833,2494.061815926524,0.9375343366737428,0.9489257289969828,1.4165237476174575,1.4165237476174575,9,0.8570102998491054,0.8570102998491054,1,0.007669439280446675,4135,645,30090020,20,1,3601
2572,3707,SC-RRT-fixed-matched,5000,9844,283,3,evaluation-3d-09,5000,uniform_clutter,99,148.0,2516.355891752274,0.929228094436881,127.0,0.021803431009175256,2510.9207829837846,0.9312394903352411,0.9451158900046721,1.5,1.5,9,0.8,0.8,1,0.0,4111,563,30090020,20,1,3709
2572,3661,SC-RRT-fixed-matched,5000,10817,288,3,evaluation-3d-09,5000,uniform_clutter,99,172.0,2677.1887267965367,0.8734044659660223,137.0,0.016391455981647596,2483.254830011782,0.9416144335887148,0.9757301929930691,1.5,1.5,9,0.8,0.8,1,0.0,5263,1195,30090021,21,1,3663
2572,3578,SC-RRT,5000,10448,287,3,evaluation-3d-09,5000,uniform_clutter,99,172.0,2677.1887267965367,0.8734044659660223,137.0,0.016032657003961504,2455.0224893239692,0.9524428392759305,1.0165334540070035,1.285492653849273,1.285492653849273,9,0.9496024742961142,0.9496024742961142,1,0.050086248319086035,5104,1238,30090021,21,1,3580
2572,3591,SC-RRT,5000,9337,263,3,evaluation-3d-09,5000,uniform_clutter,99,195.0,2699.087847808669,0.8663180756107565,154.0,0.02205639600288123,2664.97687755601,0.8774067084448243,0.8625640359823592,1.417007909105763,1.417007909105763,9,0.8566729793016756,0.8566729793016756,1,0.0034117159777303516,4022,595,30090022,22,1,3593
2572,3651,SC-RRT-fixed-matched,5000,9492,286,3,evaluation-3d-09,5000,uniform_clutter,99,195.0,2699.087847808669,0.8663180756107565,154.0,0.018677557003684342,2664.150529103699,0.8776788566089953,0.8720743730082177,1.5,1.5,9,0.8,0.8,1,0.0,3999,536,30090022,22,1,3653
2578,3671,SC-RRT-fixed-matched,5000,9912,400,3,evaluation-3d-09,5000,uniform_clutter,99,347.0,2606.5800600417483,0.8970637910045752,218.0,0.028862973995273933,2536.6778218635723,0.9217838268874734,0.8834863360098097,1.5,1.5,9,0.8,0.8,1,0.0,4221,662,30090023,23,1,3673
2578,3485,SC-RRT,5000,9245,374,3,evaluation-3d-09,5000,uniform_clutter,99,347.0,2606.5800600417483,0.8970637910045752,218.0,0.028678556001977995,2544.818674733294,0.9188350484197241,0.8534837240003981,1.3599226128437292,1.3599226128437292,9,0.8967999800439882,0.8967999800439882,1,0.01026339553407143,4056,674,30090023,23,1,3487
2577,3622,SC-RRT,5000,9602,244,3,evaluation-3d-09,5000,uniform_clutter,98,206.0,2632.7298272968555,0.8881536441659081,150.0,0.018474523996701464,2537.6324984082385,0.9214370448379315,0.8241613759892061,1.399280332597001,1.399280332597001,9,0.8690627465216565,0.8690627465216565,1,0.003567281860934009,4202,758,30090024,24,1,3624
2577,3708,SC-RRT-fixed-matched,5000,9783,265,3,evaluation-3d-09,5000,uniform_clutter,99,206.0,2632.7298272968555,0.8881536441659081,150.0,0.017950680979993194,2527.557552217748,0.925109930005876,0.855791659996612,1.5,1.5,9,0.8,0.8,1,0.0,4152,651,30090024,24,1,3710
2570,3708,SC-RRT-fixed-matched,5000,9823,235,3,evaluation-3d-09,5000,uniform_clutter,99,189.0,2625.668899989049,0.8905420596739126,143.0,0.018035170010989532,2543.8208569376498,0.919195462935579,0.8803228939941619,1.5,1.5,9,0.8,0.8,1,0.0,4299,720,30090025,25,1,3710
2570,3588,SC-RRT,5000,10000,225,3,evaluation-3d-09,5000,uniform_clutter,99,189.0,2625.668899989049,0.8905420596739126,143.0,0.01695962602389045,2543.2554292574996,0.9193998224946831,0.8659929990244564,1.3892007481258957,1.3892007481258957,9,0.876139666925126,0.876139666925126,1,0.0072524204015627265,4771,917,30090025,25,1,3590
2577,3641,SC-RRT,5000,9548,223,3,evaluation-3d-09,5000,uniform_clutter,99,159.0,2581.8471916830513,0.9056572355444927,141.0,0.015567447000648826,2539.313377580364,0.9208271065960557,0.8558332289976534,1.3909583476272607,1.3909583476272607,9,0.8749041257790361,0.8749041257790361,1,0.006494799835724282,4185,628,30090026,26,1,3643
2577,3760,SC-RRT-fixed-matched,5000,9879,226,3,evaluation-3d-09,5000,uniform_clutter,99,159.0,2581.8471916830513,0.9056572355444927,141.0,0.015888803987763822,2542.1616336343914,0.9197954053279798,0.8543502019892912,1.5,1.5,9,0.8,0.8,1,0.0,4204,578,30090026,26,1,3762
2568,3739,SC-RRT-fixed-matched,5000,9650,267,3,evaluation-3d-09,5000,uniform_clutter,99,162.0,2637.9216885594024,0.886405612554381,148.0,0.01734172200667672,2613.3353755743938,0.8947449347958443,0.8574253410042729,1.5,1.5,9,0.8,0.8,1,0.0,4046,604,30090027,27,1,3741
2568,3665,SC-RRT,5000,9278,251,3,evaluation-3d-09,5000,uniform_clutter,99,162.0,2637.9216885594024,0.886405612554381,148.0,0.0165063840104267,2613.3353755743938,0.8947449347958443,0.8304796229931526,1.4188926746907633,1.4188926746907633,9,0.8553604452027805,0.8553604452027805,1,0.002467065088367042,3903,538,30090027,27,1,3667
2575,3479,SC-RRT,5000,9440,388,3,evaluation-3d-09,5000,uniform_clutter,99,280.0,2686.047948661401,0.870523771321084,210.0,0.026213189004920423,2564.027495803084,0.9119514490563645,0.9243979759921785,1.2861571652464656,1.2861571652464656,9,0.9491317967549415,0.9491317967549415,1,0.034572953470913034,4268,751,30090028,28,1,3481
2575,3601,SC-RRT-fixed-matched,5000,9539,414,3,evaluation-3d-09,5000,uniform_clutter,99,280.0,2686.047948661401,0.870523771321084,210.0,0.024690051999641582,2612.685261990031,0.8949675738733914,0.9453895329788793,1.5,1.5,9,0.8,0.8,1,0.0,4022,575,30090028,28,1,3603
2575,3672,SC-RRT-fixed-matched,5000,9847,311,3,evaluation-3d-09,5000,uniform_clutter,99,178.0,2586.824206640182,0.9039147632126782,147.0,0.0163384199840948,2548.108092698071,0.9176489007348595,0.84863124799449,1.5,1.5,9,0.8,0.8,1,0.0,4326,736,30090029,29,1,3674
2575,3502,SC-RRT,5000,9695,361,3,evaluation-3d-09,5000,uniform_clutter,99,178.0,2586.824206640182,0.9039147632126782,147.0,0.017391846980899572,2522.683716703782,0.9268972462680496,0.9003669520025142,1.3464359611995464,1.3464359611995464,9,0.9063550015423065,0.9063550015423065,1,0.013034732443771478,4498,909,30090029,29,1,3504
2569,3558,SC-RRT,5000,9230,284,3,evaluation-3d-09,5000,uniform_clutter,99,147.0,2514.5601503270213,0.9298916909638808,133.0,0.014640471985330805,2457.5306661179256,0.9514707679768913,0.8809642049891409,1.4427826998444373,1.4427826998444373,9,0.8388131848747208,0.8388131848747208,1,0.0013678509907125017,3981,639,30090030,30,1,3560
2569,3635,SC-RRT-fixed-matched,5000,9508,289,3,evaluation-3d-09,5000,uniform_clutter,99,147.0,2514.5601503270213,0.9298916909638808,133.0,0.014750113972695544,2456.618807453911,0.9518239391163063,0.8740855729847681,1.5,1.5,9,0.8,0.8,1,0.0,4056,628,30090030,30,1,3637
2567,3642,SC-RRT-fixed-matched,5000,9551,339,3,evaluation-3d-09,5000,uniform_clutter,99,150.0,2598.8827629299562,0.8997206890478745,130.0,0.01632906001759693,2567.7006968019887,0.9106468651623778,0.9382161480025388,1.5,1.5,9,0.8,0.8,1,0.0,3985,549,30090031,31,1,3644
2567,3546,SC-RRT,5000,9147,321,3,evaluation-3d-09,5000,uniform_clutter,99,150.0,2598.8827629299562,0.8997206890478745,130.0,0.01693579601123929,2567.702044680231,0.910646387131409,0.9213228580192663,1.4355813627732283,1.4355813627732283,9,0.8437827875533809,0.8437827875533809,1,0.002960661154290077,3840,527,30090031,31,1,3548
2579,3646,SC-RRT,5000,9396,237,3,evaluation-3d-09,5000,uniform_clutter,99,169.0,2721.1059570555813,0.8593081736325134,141.0,0.018625741999130696,2582.633456971357,0.9053815143245536,0.9319214319984894,1.368466184420473,1.368466184420473,9,0.8907576338550106,0.8907576338550106,1,0.005048761362345997,4004,578,30090032,32,1,3648
2579,3712,SC-RRT-fixed-matched,5000,9475,258,3,evaluation-3d-09,5000,uniform_clutter,99,169.0,2721.1059570555813,0.8593081736325134,141.0,0.018132336990674958,2581.3009261878033,0.9058488944453518,0.9440097780025098,1.5,1.5,9,0.8,0.8,1,0.0,3914,475,30090032,32,1,3714
2564,3675,SC-RRT-fixed-matched,5000,10065,288,3,evaluation-3d-09,5000,uniform_clutter,99,140.0,2514.00342884495,0.9300976137857908,127.0,0.016003149998141453,2489.0315980234836,0.9394290502678958,0.942372007004451,1.5,1.5,9,0.8,0.8,1,0.0,4441,616,30090033,33,1,3677
2564,3607,SC-RRT,5000,9738,273,3,evaluation-3d-09,5000,uniform_clutter,99,140.0,2514.00342884495,0.9300976137857908,127.0,0.014907516975654289,2485.772426854378,0.9406607640173028,0.8882427079952322,1.4348932897863584,1.4348932897863584,9,0.8442584855423708,0.8442584855423708,1,0.0022388121691331586,4312,578,30090033,33,1,3609
2580,3590,SC-RRT,5000,9619,285,3,evaluation-3d-09,5000,uniform_clutter,99,180.0,2537.899450708845,0.9213401222672146,138.0,0.0173611470090691,2505.644844909766,0.9332003276394866,0.9431496370234527,1.3967757507941996,1.3967757507941996,9,0.8708192010096896,0.8708192010096896,1,0.005443301683664779,4276,720,30090034,34,1,3592
2580,3725,SC-RRT-fixed-matched,5000,9998,279,3,evaluation-3d-09,5000,uniform_clutter,98,180.0,2537.899450708845,0.9213401222672146,138.0,0.019024679000722244,2508.498450296472,0.9321387421792631,1.0104218810156453,1.5,1.5,9,0.8,0.8,1,0.0,4315,649,30090034,34,1,3727
2569,3720,SC-RRT-fixed-matched,5000,9758,278,3,evaluation-3d-09,5000,uniform_clutter,99,139.0,2538.3741009709443,0.921167840990649,118.0,0.014463872998021543,2502.0224638253144,0.9345513975294336,0.9093451680091675,1.5,1.5,9,0.8,0.8,1,0.0,4093,553,30090035,35,1,3722
2569,3633,SC-RRT,5000,9640,284,3,evaluation-3d-09,5000,uniform_clutter,99,139.0,2538.3741009709443,0.921167840990649,118.0,0.01333028098451905,2502.562269748271,0.9343498135825357,0.873980850999942,1.4344418397921228,1.4344418397921228,9,0.8445706747725191,0.8445706747725191,1,0.0019638202989560264,4171,692,30090035,35,1,3635
2576,3625,SC-RRT,5000,9481,261,3,evaluation-3d-09,5000,uniform_clutter,99,152.0,2538.642025467876,0.9210706223091999,136.0,0.014985657995566726,2517.6803788718803,0.9287392513523552,0.8479577830003109,1.419402420718288,1.419402420718288,9,0.855005628705353,0.855005628705353,1,0.006844303020319348,4086,647,30090036,36,1,3627
2576,3740,SC-RRT-fixed-matched,5000,9829,256,3,evaluation-3d-09,5000,uniform_clutter,98,152.0,2538.642025467876,0.9210706223091999,136.0,0.015075119998073205,2527.7669317632326,0.9250333014630171,0.8488110750040505,1.5,1.5,9,0.8,0.8,1,0.0,4179,613,30090036,36,1,3742
2579,3689,SC-RRT-fixed-matched,5000,9583,291,3,evaluation-3d-09,5000,uniform_clutter,99,203.0,2774.3570813645993,0.8428145770867678,168.0,0.01921300799585879,2633.6868962310527,0.8878308934764311,0.8837449199927505,1.5,1.5,9,0.8,0.8,1,0.0,4024,568,30090037,37,1,3691
2579,3595,SC-RRT,5000,9460,282,3,evaluation-3d-09,5000,uniform_clutter,98,203.0,2774.3570813645993,0.8428145770867678,168.0,0.019825244991807267,2654.0445989746677,0.8810208355659597,0.8338454680051655,1.377522597527332,1.377522597527332,9,0.8843638947652177,0.8843638947652177,1,0.008193934369447063,4127,738,30090037,37,1,3597
2570,3583,SC-RRT,5000,10060,265,3,evaluation-3d-09,5000,uniform_clutter,99,137.0,2548.069369800695,0.9176628462045675,124.0,0.013667277991771698,2504.206897126396,0.933736183260725,0.8622799319855403,1.4169390645978062,1.4169390645978062,9,0.8567209401798451,0.8567209401798451,1,0.005147904472506125,4715,1071,30090038,38,1,3585
2570,3674,SC-RRT-fixed-matched,5000,10029,232,3,evaluation-3d-09,5000,uniform_clutter,99,137.0,2548.069369800695,0.9176628462045675,124.0,0.013504464994184673,2492.2184875883486,0.9382277684974011,0.8919585839903448,1.5,1.5,9,0.8,0.8,1,0.0,4500,920,30090038,38,1,3676
2569,3727,SC-RRT-fixed-matched,5000,9950,209,3,evaluation-3d-09,5000,uniform_clutter,99,122.0,2562.4432826706266,0.9125152568376057,115.0,0.012787795014446601,2497.074618126512,0.9364031708320851,0.9141915139916819,1.5,1.5,9,0.8,0.8,1,0.0,4344,706,30090039,39,1,3729
2569,3590,SC-RRT,5000,10170,187,3,evaluation-3d-09,5000,uniform_clutter,99,122.0,2562.4432826706266,0.9125152568376057,115.0,0.012730176007607952,2458.2597093692707,0.951188591386842,0.9767346660082694,1.3320082647053448,1.3320082647053448,9,0.9165923499852513,0.9165923499852513,1,0.01981675276778048,4927,1041,30090039,39,1,3592
2567,3654,SC-RRT,5000,9604,220,3,evaluation-3d-09,5000,uniform_clutter,99,125.0,2530.7286091510437,0.9239507475289411,124.0,0.013868048001313582,2516.056487149872,0.9293386703200446,0.8919201029930264,1.4275257865892623,1.4275257865892623,9,0.8493610785166857,0.8493610785166857,1,0.0036075081119731575,4189,675,30090040,40,1,3656
2567,3742,SC-RRT-fixed-matched,5000,9961,215,3,evaluation-3d-09,5000,uniform_clutter,99,125.0,2530.7286091510437,0.9239507475289411,124.0,0.012905941985081881,2516.1939435175877,0.9292879017700569,0.9566549449809827,1.5,1.5,9,0.8,0.8,1,0.0,4339,664,30090040,40,1,3744
2569,3685,SC-RRT-fixed-matched,5000,9906,322,3,evaluation-3d-09,5000,uniform_clutter,99,164.0,2638.3531145327815,0.8862606666780696,133.0,0.01782931899651885,2575.124788001999,0.9080214679740674,0.969699709006818,1.5,1.5,9,0.8,0.8,1,0.0,4262,664,30090041,41,1,3687
2569,3577,SC-RRT,5000,9861,329,3,evaluation-3d-09,5000,uniform_clutter,99,164.0,2638.3531145327815,0.8862606666780696,133.0,0.01624368000193499,2549.7710517357436,0.9170504107128441,0.9205371800053399,1.392809203221058,1.392809203221058,9,0.8736037047811367,0.8736037047811367,1,0.012766356756954162,4489,884,30090041,41,1,3579
2574,3592,SC-RRT,5000,9734,243,3,evaluation-3d-09,5000,uniform_clutter,99,119.0,2481.6500380076336,0.9422233410860937,110.0,0.012308306992053986,2454.5423796077175,0.9526291375713317,0.9220935889752582,1.4322297471079437,1.4322297471079437,9,0.8461013034145988,0.8461013034145988,1,0.004545343554097198,4363,801,30090042,42,1,3594
2574,3684,SC-RRT-fixed-matched,5000,9873,230,3,evaluation-3d-09,5000,uniform_clutter,98,119.0,2481.6500380076336,0.9422233410860937,110.0,0.012749526998959482,2461.670619701214,0.9498706169315991,0.9150604470050894,1.5,1.5,9,0.8,0.8,1,0.0,4319,731,30090042,42,1,3686
2575,3815,SC-RRT-fixed-matched,5000,10329,226,3,evaluation-3d-09,5000,uniform_clutter,99,162.0,2595.897720870372,0.9007552845471863,131.0,0.016242723999312147,2577.767111645193,0.907090706392652,0.940482089004945,1.5,1.5,9,0.8,0.8,1,0.0,4493,728,30090043,43,1,3817
2575,3611,SC-RRT,5000,9768,267,3,evaluation-3d-09,5000,uniform_clutter,99,162.0,2595.897720870372,0.9007552845471863,131.0,0.01677798602031544,2573.131732134215,0.9087247889475796,0.8905916310031898,1.4109217568899104,1.4109217568899104,9,0.8609177568055125,0.8609177568055125,1,0.0049307709633360135,4359,762,30090043,43,1,3613
2571,3593,SC-RRT,5000,9245,226,3,evaluation-3d-09,5000,uniform_clutter,99,161.0,2636.9005764865947,0.8867488638246241,134.0,0.015853951015742496,2591.2750167156614,0.9023621866202558,0.8579878309974447,1.4173526267307632,1.4173526267307632,9,0.8564328491788499,0.8564328491788499,1,0.004454722459434712,3982,622,30090044,44,1,3595
2571,3740,SC-RRT-fixed-matched,5000,9809,237,3,evaluation-3d-09,5000,uniform_clutter,99,161.0,2636.9005764865947,0.8867488638246241,134.0,0.016225166007643566,2591.2521047873392,0.9023701653335976,0.9114952700037975,1.5,1.5,9,0.8,0.8,1,0.0,4146,599,30090044,44,1,3742
2575,3716,SC-RRT-fixed-matched,5000,9820,237,3,evaluation-3d-09,5000,uniform_clutter,99,166.0,2681.0944220435163,0.8721321304438685,145.0,0.018636264983797446,2599.695343462715,0.8994394655119402,0.9765348479850218,1.5,1.5,9,0.8,0.8,1,0.0,4284,616,30090045,45,1,3718
2575,3580,SC-RRT,5000,9629,228,3,evaluation-3d-09,5000,uniform_clutter,99,166.0,2681.0944220435163,0.8721321304438685,145.0,0.01824979597586207,2574.3209124026544,0.9083050131600109,0.9647309309802949,1.340798812238582,1.340798812238582,9,0.910353450820182,0.910353450820182,1,0.014396293401122421,4430,815,30090045,45,1,3582
2575,3671,SC-RRT,5000,10349,250,3,evaluation-3d-09,5000,uniform_clutter,99,182.0,2700.211642671843,0.8659575246865766,151.0,0.019087741995463148,2628.6525061961706,0.8895312654321165,1.0296720299811568,1.4022975960371022,1.4022975960371022,9,0.8669486214166013,0.8669486214166013,1,0.00880880071566936,4859,1026,30090046,46,1,3673
2575,3750,SC-RRT-fixed-matched,5000,10053,258,3,evaluation-3d-09,5000,uniform_clutter,99,182.0,2700.211642671843,0.8659575246865766,151.0,0.018956020998302847,2624.4175872482856,0.8909666668823348,0.9895946979813743,1.5,1.5,9,0.8,0.8,1,0.0,4391,736,30090046,46,1,3752
2572,3727,SC-RRT-fixed-matched,5000,9779,258,3,evaluation-3d-09,5000,uniform_clutter,99,134.0,2539.628240269685,0.9207129426036315,124.0,0.01483152000582777,2518.7154915606316,0.9283575687896214,0.9465534740011208,1.5,1.5,9,0.8,0.8,1,0.0,4157,597,30090047,47,1,3729
2572,3632,SC-RRT,5000,9750,234,3,evaluation-3d-09,5000,uniform_clutter,99,134.0,2539.628240269685,0.9207129426036315,124.0,0.014761728001758456,2500.2010407840667,0.9352322281590203,1.0167474180052523,1.40092996087342,1.40092996087342,9,0.8679066336098986,0.8679066336098986,1,0.008657420376589458,4351,768,30090047,47,1,3634
2571,3558,SC-RRT,5000,9586,333,3,evaluation-3d-09,5000,uniform_clutter,99,167.0,2505.3271146818247,0.9333186778345881,130.0,0.017639559984672815,2476.085673057725,0.9443407454195435,1.0119342019897886,1.401566534425607,1.401566534425607,9,0.8674606678433936,0.8674606678433936,1,0.0067306396913232175,4194,701,30090048,48,1,3560
2571,3581,SC-RRT-fixed-matched,5000,9371,352,3,evaluation-3d-09,5000,uniform_clutter,99,167.0,2505.3271146818247,0.9333186778345881,130.0,0.015763830015202984,2488.3278560201484,0.9396947369941153,0.8414242489961907,1.5,1.5,9,0.8,0.8,1,0.0,3910,532,30090048,48,1,3583
2569,3729,SC-RRT-fixed-matched,5000,9913,279,3,evaluation-3d-09,5000,uniform_clutter,99,162.0,2556.6916156797356,0.9145680988187227,139.0,0.015505922987358645,2524.34140621425,0.9262885695499806,0.9068191859987564,1.5,1.5,9,0.8,0.8,1,0.0,4193,632,30090049,49,1,3731
2569,3607,SC-RRT,5000,9586,281,3,evaluation-3d-09,5000,uniform_clutter,99,162.0,2556.6916156797356,0.9145680988187227,139.0,0.015803489979589358,2499.46577217821,0.93550734570782,0.8735011359967757,1.3606396734611432,1.3606396734611432,9,0.8962924929163856,0.8962924929163856,1,0.01306815290182533,4190,703,30090049,49,1,3609
