scenario,dimension,max_iterations_limit,pid_config,Kp,Ki,Kd,mode,trial_id,success,path_length,planning_time,iterations,tree_nodes,smoothness,clearance,convergence_time,first_solution_iter,avg_tracking_error,oscillation_count,oscillation_rate,failure_mode,final_ellipsoid_volume,effective_sampling_ratio,samples_in_ellipsoid,total_samples_attempted,esr_tree_A,esr_tree_B
二维高密度场景,2,750,P1_VeryLow,0.05,0.01,0.02,custom_pid,1,True,2381.71169849489,1.014704942703247,278,354,40.331705533637255,28.11560162309858,0.29082322120666504,78.0,449.4376534642814,44,0.15827338129496402,none,45785406.891120344,0.9566787003610109,530,554,0.9494584837545126,0.9638989169675091
二维高密度场景,2,750,P1_VeryLow,0.05,0.01,0.02,custom_pid,2,True,2356.7307812350346,0.9220864772796631,244,342,41.04981901605362,32.763671195664024,0.1786510944366455,44.0,452.72798434022826,55,0.22540983606557377,none,45793506.320363134,0.9567901234567902,465,486,0.9670781893004116,0.9465020576131687
二维高密度场景,2,750,P1_VeryLow,0.05,0.01,0.02,custom_pid,3,False,inf,2.98302960395813,750,1073,inf,0.0,inf,inf,522.4513458007173,151,0.20133333333333334,divergence,45777617.773679115,0.99,1485,1500,0.988,0.992
二维高密度场景,2,750,P1_VeryLow,0.05,0.01,0.02,custom_pid,4,False,inf,2.924574851989746,750,1077,inf,0.0,inf,inf,560.9532353205542,190,0.25333333333333335,divergence,45409283.958751224,0.988,1482,1500,0.984,0.992
二维高密度场景,2,750,P1_VeryLow,0.05,0.01,0.02,custom_pid,5,True,2601.3088655612446,2.8108932971954346,730,1003,39.54570324781072,30.05068857243052,1.942882776260376,530.0,528.1970859904478,164,0.22465753424657534,none,45977893.65905852,0.9910836762688614,1445,1458,0.99039780521262,0.9917695473251029
二维高密度场景,2,750,P1_VeryLow,0.05,0.01,0.02,custom_pid,6,True,2564.7400870451843,1.036069393157959,278,387,36.283938221523535,29.083625701715615,0.2861511707305908,78.0,502.2678529687512,53,0.1906474820143885,none,45801675.26080276,0.9620938628158845,533,554,0.9783393501805054,0.9458483754512635
二维高密度场景,2,750,P1_VeryLow,0.05,0.01,0.02,custom_pid,7,True,2683.9534100049964,2.2566733360290527,582,812,34.444509117588375,27.408639142158997,1.4730634689331055,382.0,542.766130456322,121,0.20790378006872853,none,47498122.65515663,0.9793459552495697,1138,1162,0.9827882960413081,0.9759036144578314
二维高密度场景,2,750,P1_VeryLow,0.05,0.01,0.02,custom_pid,8,True,2655.031489386313,1.7611057758331299,482,622,40.96652836206855,31.23491878271376,0.9853746891021729,282.0,514.9895832135044,95,0.1970954356846473,none,45361181.31451078,0.9844074844074844,947,962,0.9833679833679834,0.9854469854469855
二维高密度场景,2,750,P1_VeryLow,0.05,0.01,0.02,custom_pid,9,True,2368.4983818720366,0.871100664138794,255,302,37.420934614948,26.366556068876935,0.19513750076293945,55.0,449.7310957112913,46,0.1803921568627451,none,45806790.74109804,0.9625984251968503,489,508,0.968503937007874,0.9566929133858267
二维高密度场景,2,750,P1_VeryLow,0.05,0.01,0.02,custom_pid,10,True,2540.7854293269875,1.0137267112731934,287,352,32.75841722182445,29.8478819623874,0.2846720218658447,87.0,462.68030121687013,54,0.18815331010452963,none,45852904.89148583,0.972027972027972,556,572,0.9615384615384616,0.9825174825174825
二维高密度场景,2,750,P1_VeryLow,0.05,0.01,0.02,custom_pid,11,True,2712.9583907203223,2.004256248474121,570,715,48.11186102783144,25.673447958530524,1.2493157386779785,370.0,519.3696208441138,91,0.15964912280701754,none,46110945.142648034,0.9815465729349736,1117,1138,0.9824253075571178,0.9806678383128296
二维高密度场景,2,750,P1_VeryLow,0.05,0.01,0.02,custom_pid,12,True,2863.2971381203324,2.9419469833374023,750,1101,36.86601986640638,33.84339983155692,2.841871738433838,730.0,555.2678240501807,158,0.21066666666666667,none,45514359.386939034,0.9906666666666667,1486,1500,0.9906666666666667,0.9906666666666667
二维高密度场景,2,750,P1_VeryLow,0.05,0.01,0.02,custom_pid,13,True,2591.7293095723376,1.1911137104034424,338,438,40.506358207074676,28.52978689917628,0.4770956039428711,138.0,505.39075064821566,69,0.20414201183431951,none,45904342.99070587,0.9703264094955489,654,674,0.973293768545994,0.9673590504451038
二维高密度场景,2,750,P1_VeryLow,0.05,0.01,0.02,custom_pid,14,True,2818.9614034044307,2.3414387702941895,608,859,40.19281243491019,30.589382900717005,1.5135738849639893,408.0,525.2566130516524,127,0.20888157894736842,none,45990857.98921819,0.9884678747940692,1200,1214,0.9917627677100495,0.985172981878089
二维高密度场景,2,750,P1_VeryLow,0.05,0.01,0.02,custom_pid,15,True,2786.9392263706504,0.9786105155944824,276,342,43.54177911059697,27.639743714267404,0.2816746234893799,76.0,456.5399658059496,34,0.12318840579710146,none,46121686.393772125,0.9727272727272728,535,550,0.9745454545454545,0.9709090909090909
二维高密度场景,2,750,P1_VeryLow,0.05,0.01,0.02,custom_pid,16,True,2368.7781599194705,2.9623751640319824,750,1082,39.983905191021336,27.104335201919515,2.4215807914733887,634.0,560.6222982742726,183,0.244,none,45995257.648612246,0.99,1485,1500,0.9853333333333333,0.9946666666666667
二维高密度场景,2,750,P1_VeryLow,0.05,0.01,0.02,custom_pid,17,True,2519.150136816606,1.0461623668670654,287,397,38.74127624349866,33.78037649797916,0.3348987102508545,87.0,477.4960126442721,54,0.18815331010452963,none,45162217.39098652,0.9597902097902098,549,572,0.958041958041958,0.9615384615384616
二维高密度场景,2,750,P1_VeryLow,0.05,0.01,0.02,custom_pid,18,True,2377.8125738294225,2.3530189990997314,660,838,38.894699188892616,28.26581338001114,1.5989322662353516,460.0,534.5764040330746,144,0.21818181818181817,none,44762300.33556287,0.9916540212443096,1307,1318,0.9954476479514416,0.9878603945371776
二维高密度场景,2,750,P1_VeryLow,0.05,0.01,0.02,custom_pid,19,False,inf,2.9398162364959717,750,1076,inf,0.0,inf,inf,523.7123406224158,165,0.22,divergence,46065682.51356004,0.9913333333333333,1487,1500,0.988,0.9946666666666667
二维高密度场景,2,750,P1_VeryLow,0.05,0.01,0.02,custom_pid,20,True,2469.3243848206066,2.0438878536224365,558,770,40.76521073592991,33.3327295003387,1.261826992034912,358.0,509.1304687434043,111,0.1989247311827957,none,46615303.2892609,0.9865350089766607,1099,1114,0.9856373429084381,0.9874326750448833
二维高密度场景,2,750,P1_VeryLow,0.05,0.01,0.02,custom_pid,21,True,2453.531262067174,2.5964486598968506,677,967,38.53827356349608,30.382482886721192,1.7611274719238281,477.0,554.3182926509285,152,0.22451994091580502,none,46323759.30024154,0.9837278106508875,1330,1352,0.9807692307692307,0.9866863905325444
二维高密度场景,2,750,P1_VeryLow,0.05,0.01,0.02,custom_pid,22,True,2478.9586815777598,1.0987882614135742,318,391,39.068947120146504,27.975093350558204,0.3890242576599121,118.0,484.2697563156364,54,0.16981132075471697,none,45823027.97354119,0.9700315457413249,615,634,0.9810725552050473,0.9589905362776026
二维高密度场景,2,750,P1_VeryLow,0.05,0.01,0.02,custom_pid,23,True,3262.7806530743555,2.823537588119507,750,1020,40.62598629743308,34.14089978498424,2.309893846511841,629.0,580.1835090638094,166,0.22133333333333333,none,47126102.44432386,0.988,1482,1500,0.984,0.992
二维高密度场景,2,750,P1_VeryLow,0.05,0.01,0.02,custom_pid,24,True,2367.4852745944895,1.765920877456665,466,681,47.36867925574713,33.50698506269566,1.0063364505767822,266.0,502.401135523047,105,0.22532188841201717,none,44731574.947994955,0.9838709677419355,915,930,0.9827956989247312,0.9849462365591398
二维高密度场景,2,750,P1_VeryLow,0.05,0.01,0.02,custom_pid,25,True,2548.404180336169,2.1405515670776367,565,829,36.51254679760257,33.21049461411295,1.333033800125122,365.0,531.0093519313868,127,0.2247787610619469,none,45765938.18219185,0.9884751773049646,1115,1128,0.9911347517730497,0.9858156028368794
二维高密度场景,2,750,P1_VeryLow,0.05,0.01,0.02,custom_pid,26,True,2494.8668563890965,2.3319334983825684,637,876,45.129571039325796,30.655904297719793,1.5478057861328125,437.0,509.1582771146907,115,0.18053375196232338,none,45985800.56335334,0.9787735849056604,1245,1272,0.9874213836477987,0.970125786163522
二维高密度场景,2,750,P1_VeryLow,0.05,0.01,0.02,custom_pid,27,True,2894.392052261999,1.784304141998291,490,667,37.184852929640435,29.21204772949586,1.025522232055664,290.0,508.21892936903464,115,0.23469387755102042,none,45566105.93058575,0.9795501022494888,958,978,0.9775051124744376,0.9815950920245399
二维高密度场景,2,750,P1_VeryLow,0.05,0.01,0.02,custom_pid,28,False,inf,2.8439559936523438,750,1015,inf,0.0,inf,inf,516.0277967718794,160,0.21333333333333335,divergence,45700446.015985884,0.9866666666666667,1480,1500,0.984,0.9893333333333333
二维高密度场景,2,750,P1_VeryLow,0.05,0.01,0.02,custom_pid,29,True,2365.9181401512005,2.8797695636749268,750,1063,35.73988209755266,34.33446119462502,2.7580270767211914,720.0,508.4535919689987,159,0.212,none,45941048.376359195,0.99,1485,1500,0.9933333333333333,0.9866666666666667
二维高密度场景,2,750,P1_VeryLow,0.05,0.01,0.02,custom_pid,30,True,2684.447550949426,1.4006931781768799,371,533,41.57251157421596,32.881512695685785,0.6420578956604004,171.0,508.2588772117526,85,0.22911051212938005,none,45494094.1444639,0.981081081081081,726,740,0.9756756756756757,0.9864864864864865
二维高密度场景,2,750,P2_Low,0.1,0.02,0.04,custom_pid,1,True,2551.8069196309016,1.125443935394287,318,394,41.75062119268719,29.447732302958745,0.4132852554321289,118.0,466.1531134270971,59,0.18553459119496854,none,45746923.25040689,0.973186119873817,617,634,0.9905362776025236,0.9558359621451105
二维高密度场景,2,750,P2_Low,0.1,0.02,0.04,custom_pid,2,True,2452.550798810614,1.6223795413970947,459,603,35.30880677535305,31.200796687800924,0.8939034938812256,259.0,503.3630201153008,100,0.2178649237472767,none,45901328.31548706,0.9759825327510917,894,916,0.9737991266375546,0.9781659388646288
二维高密度场景,2,750,P2_Low,0.1,0.02,0.04,custom_pid,3,True,2432.247571408289,2.9393091201782227,750,1080,39.646656263332055,31.522142950057813,2.3338005542755127,614.0,543.2249681615132,170,0.22666666666666666,none,46056343.28944462,0.9913333333333333,1487,1500,0.9866666666666667,0.996
二维高密度场景,2,750,P2_Low,0.1,0.02,0.04,custom_pid,4,True,3197.6933336256457,1.9587912559509277,530,751,36.902965222450185,29.250731052840752,1.1804027557373047,330.0,520.6980388006965,111,0.20943396226415095,none,46494121.83536091,0.9820415879017014,1039,1058,0.9848771266540642,0.9792060491493384
二维高密度场景,2,750,P2_Low,0.1,0.02,0.04,custom_pid,5,True,2516.835871418381,1.6405746936798096,449,645,37.77783397437026,30.278288467142303,0.902357816696167,249.0,495.6423911095268,88,0.19599109131403117,none,45914815.00800358,0.9832589285714286,881,896,0.9866071428571429,0.9799107142857143
二维高密度场景,2,750,P2_Low,0.1,0.02,0.04,custom_pid,6,True,2948.0321973517634,1.1932923793792725,358,453,41.516239575725706,29.786939336559975,0.5399913787841797,158.0,464.88991620743167,75,0.20949720670391062,none,45515535.406536594,0.9733893557422969,695,714,0.969187675070028,0.9775910364145658
二维高密度场景,2,750,P2_Low,0.1,0.02,0.04,custom_pid,7,True,2740.8943607094034,2.8090755939483643,750,1051,34.80278455065781,29.71194700149642,2.1926019191741943,605.0,539.6272681783779,182,0.24266666666666667,none,43914421.99010257,0.99,1485,1500,0.9933333333333333,0.9866666666666667
二维高密度场景,2,750,P2_Low,0.1,0.02,0.04,custom_pid,8,True,2687.765390145653,1.645888090133667,459,637,38.60394675100648,29.342245127003853,0.9139783382415771,259.0,511.3603608114924,98,0.21350762527233116,none,45728762.6720273,0.982532751091703,900,916,0.9781659388646288,0.9868995633187773
二维高密度场景,2,750,P2_Low,0.1,0.02,0.04,custom_pid,9,True,2700.0929028157184,2.1176061630249023,585,783,33.35849849121798,29.88224765830792,1.3384840488433838,385.0,535.1522207505924,130,0.2222222222222222,none,45107398.91129767,0.9914383561643836,1158,1168,0.9931506849315068,0.9897260273972602
二维高密度场景,2,750,P2_Low,0.1,0.02,0.04,custom_pid,10,True,2202.4758930765106,0.9175572395324707,250,350,37.302333008364045,33.243346796240054,0.18988919258117676,50.0,441.3192325671951,47,0.188,none,45663919.133775175,0.9658634538152611,481,498,0.9678714859437751,0.963855421686747
二维高密度场景,2,750,P2_Low,0.1,0.02,0.04,custom_pid,11,True,2283.507425525264,2.9175448417663574,750,1089,34.234455637249404,32.54479433955209,2.293611526489258,609.0,520.6936086680495,162,0.216,none,45508653.34106685,0.9873333333333333,1481,1500,0.988,0.9866666666666667
二维高密度场景,2,750,P2_Low,0.1,0.02,0.04,custom_pid,12,True,2602.2022339683645,1.2788150310516357,365,498,37.328379223371805,28.468527038923977,0.5661449432373047,165.0,521.0000712885158,69,0.18904109589041096,none,46187291.75539585,0.9752747252747253,710,728,0.9807692307692307,0.9697802197802198
二维高密度场景,2,750,P2_Low,0.1,0.02,0.04,custom_pid,13,False,inf,2.8147547245025635,750,1021,inf,0.0,inf,inf,560.51902648019,163,0.21733333333333332,oscillation,46108563.25524741,0.9906666666666667,1486,1500,0.9866666666666667,0.9946666666666667
二维高密度场景,2,750,P2_Low,0.1,0.02,0.04,custom_pid,14,True,2643.402117979808,2.9345479011535645,750,1071,39.814986756095266,29.40098505634106,2.5151774883270264,653.0,542.5669280105817,154,0.20533333333333334,none,45489086.521070495,0.988,1482,1500,0.9906666666666667,0.9853333333333333
二维高密度场景,2,750,P2_Low,0.1,0.02,0.04,custom_pid,15,True,2977.3245014685863,2.0092904567718506,556,767,39.74983660342776,29.221083435026536,1.2382419109344482,356.0,526.6838415224693,108,0.19424460431654678,none,45757604.07454802,0.9837837837837838,1092,1110,0.9837837837837838,0.9837837837837838
二维高密度场景,2,750,P2_Low,0.1,0.02,0.04,custom_pid,16,True,2634.8121190313755,1.7423768043518066,492,655,48.740236385400486,33.16713314692313,0.99875807762146,292.0,488.60776608791633,110,0.22357723577235772,none,45596941.59109646,0.9826883910386965,965,982,0.9898167006109979,0.9755600814663951
二维高密度场景,2,750,P2_Low,0.1,0.02,0.04,custom_pid,17,True,2409.824305311548,1.0802547931671143,294,393,30.3247045123606,31.581272625296993,0.3643949031829834,94.0,478.6543573554707,40,0.1360544217687075,none,45789431.69189316,0.9692832764505119,568,586,0.9795221843003413,0.9590443686006825
二维高密度场景,2,750,P2_Low,0.1,0.02,0.04,custom_pid,18,True,2466.047916464444,1.214057207107544,338,461,36.51857788283322,28.806651250471702,0.47475600242614746,138.0,477.1646175051513,63,0.1863905325443787,none,46031688.53505793,0.9718100890207715,655,674,0.9673590504451038,0.9762611275964391
二维高密度场景,2,750,P2_Low,0.1,0.02,0.04,custom_pid,19,True,2866.9947988326844,2.9234139919281006,750,1091,32.31583886342848,29.535702926496473,2.1972296237945557,585.0,539.0339554010998,170,0.22666666666666666,none,46326790.87810142,0.9906666666666667,1486,1500,0.9893333333333333,0.992
二维高密度场景,2,750,P2_Low,0.1,0.02,0.04,custom_pid,20,False,inf,2.8447928428649902,750,1041,inf,0.0,inf,inf,517.5222634006126,167,0.22266666666666668,divergence,45985351.7612238,0.982,1473,1500,0.9786666666666667,0.9853333333333333
二维高密度场景,2,750,P2_Low,0.1,0.02,0.04,custom_pid,21,True,3151.186046376913,1.436589241027832,394,555,49.271856209591476,29.545741930997565,0.6984479427337646,194.0,499.10228363386767,104,0.2639593908629442,none,45746025.21367955,0.9770992366412213,768,786,0.9770992366412213,0.9770992366412213
二维高密度场景,2,750,P2_Low,0.1,0.02,0.04,custom_pid,22,True,2421.49451998691,1.3303899765014648,373,519,42.07834030805545,30.467375134082037,0.6199421882629395,173.0,508.3270202863871,68,0.18230563002680966,none,45807712.76993324,0.9852150537634409,733,744,0.9811827956989247,0.989247311827957
二维高密度场景,2,750,P2_Low,0.1,0.02,0.04,custom_pid,23,True,2401.083395981893,0.9399251937866211,250,374,36.1434107228629,30.230338163140843,0.19543743133544922,50.0,454.2517987024919,55,0.22,none,45782602.114012465,0.9738955823293173,485,498,0.9799196787148594,0.9678714859437751
二维高密度场景,2,750,P2_Low,0.1,0.02,0.04,custom_pid,24,False,inf,2.923994302749634,750,1090,inf,0.0,inf,inf,527.0641640880344,157,0.20933333333333334,divergence,45217661.831301935,0.9933333333333333,1490,1500,0.9906666666666667,0.996
二维高密度场景,2,750,P2_Low,0.1,0.02,0.04,custom_pid,25,True,2464.2007114393127,0.9436821937561035,258,342,33.82412091917351,31.196264013789428,0.21803712844848633,58.0,443.6894040943926,49,0.18992248062015504,none,45763774.89181839,0.9708171206225681,499,514,0.9727626459143969,0.9688715953307393
二维高密度场景,2,750,P2_Low,0.1,0.02,0.04,custom_pid,26,True,2482.345382629144,0.9800796508789062,275,391,38.633994403786474,30.172228450530522,0.22472357749938965,75.0,484.53804886449643,47,0.1709090909090909,none,45687574.46111874,0.9671532846715328,530,548,0.948905109489051,0.9854014598540146
二维高密度场景,2,750,P2_Low,0.1,0.02,0.04,custom_pid,27,True,2373.6449620491317,2.881678819656372,750,1056,40.764391954982024,28.33528619569765,2.1874382495880127,592.0,538.6449817351378,160,0.21333333333333335,none,45271422.30023601,0.9893333333333333,1484,1500,0.9866666666666667,0.992
二维高密度场景,2,750,P2_Low,0.1,0.02,0.04,custom_pid,28,True,2281.4385076424637,0.9115943908691406,246,343,38.13214115386501,33.20253140871433,0.18919920921325684,46.0,475.39104877100664,52,0.21138211382113822,none,45820144.44576389,0.9755102040816327,478,490,0.9755102040816327,0.9755102040816327
二维高密度场景,2,750,P2_Low,0.1,0.02,0.04,custom_pid,29,True,2378.7102532363942,0.8875174522399902,253,311,40.20257329279031,30.523471107685786,0.21854138374328613,53.0,445.780431253245,43,0.16996047430830039,none,45784682.103345335,0.9662698412698413,487,504,0.9642857142857143,0.9682539682539683
二维高密度场景,2,750,P2_Low,0.1,0.02,0.04,custom_pid,30,True,2315.7461207294964,1.6181128025054932,432,595,38.53133170739104,31.31299394928912,0.8486409187316895,232.0,529.903390790749,84,0.19444444444444445,none,46148916.25550805,0.9802784222737819,845,862,0.9791183294663574,0.9814385150812065
二维高密度场景,2,750,P3_Low-Mid,0.2,0.03,0.08,custom_pid,1,True,2286.4475263024574,0.9333648681640625,241,345,39.02063920359576,32.671873673385065,0.1767115592956543,41.0,450.95805091569144,41,0.17012448132780084,none,45744032.359856896,0.94375,453,480,0.9416666666666667,0.9458333333333333
二维高密度场景,2,750,P3_Low-Mid,0.2,0.03,0.08,custom_pid,2,True,2288.0483230448062,1.3016388416290283,379,476,40.854636013922935,31.96694308979586,0.5976743698120117,179.0,486.6100736184,81,0.21372031662269128,none,45845001.66557834,0.9880952380952381,747,756,0.9867724867724867,0.9894179894179894
二维高密度场景,2,750,P3_Low-Mid,0.2,0.03,0.08,custom_pid,3,False,inf,2.891376495361328,750,1041,inf,0.0,inf,inf,537.4873155208661,168,0.224,divergence,45411038.64457909,0.988,1482,1500,0.9866666666666667,0.9893333333333333
二维高密度场景,2,750,P3_Low-Mid,0.2,0.03,0.08,custom_pid,4,True,2806.9393033684855,2.225066661834717,599,836,38.94758562644552,28.73199490509397,1.4445700645446777,399.0,514.8562721649026,147,0.24540901502504173,none,45788771.301672824,0.9874581939799331,1181,1196,0.9882943143812709,0.9866220735785953
二维高密度场景,2,750,P3_Low-Mid,0.2,0.03,0.08,custom_pid,5,False,inf,2.9025306701660156,750,1081,inf,0.0,inf,inf,529.0352859300705,153,0.204,divergence,45133664.685513996,0.9866666666666667,1480,1500,0.9866666666666667,0.9866666666666667
二维高密度场景,2,750,P3_Low-Mid,0.2,0.03,0.08,custom_pid,6,True,2862.3109321649986,1.4576354026794434,485,514,46.455797193054124,30.735403586191364,0.7189545631408691,285.0,470.9970675560552,45,0.09278350515463918,none,46243056.77332046,0.984504132231405,953,968,0.9772727272727273,0.9917355371900827
二维高密度场景,2,750,P3_Low-Mid,0.2,0.03,0.08,custom_pid,7,True,2527.212978652591,1.3860735893249512,385,509,42.3159397993231,31.003866257763157,0.6882758140563965,185.0,476.9282737807455,69,0.17922077922077922,none,45744362.80151886,0.9752604166666666,749,768,0.9791666666666666,0.9713541666666666
二维高密度场景,2,750,P3_Low-Mid,0.2,0.03,0.08,custom_pid,8,True,2421.6116706296025,1.813951015472412,485,687,35.97570430819456,32.36725836672789,1.0476975440979004,285.0,518.0691791598753,106,0.21855670103092784,none,45764216.207638934,0.9834710743801653,952,968,0.9834710743801653,0.9834710743801653
二维高密度场景,2,750,P3_Low-Mid,0.2,0.03,0.08,custom_pid,9,True,2673.540403764572,1.8637762069702148,534,696,46.20085306540277,30.3520834537962,1.1252989768981934,334.0,514.1346237338342,124,0.23220973782771537,none,45515284.98577007,0.9934333958724203,1059,1066,0.9906191369606003,0.9962476547842402
二维高密度场景,2,750,P3_Low-Mid,0.2,0.03,0.08,custom_pid,10,True,2594.9299726936374,1.6267132759094238,436,617,39.31237921903297,33.349055130661625,0.8742737770080566,236.0,495.7191762548815,99,0.22706422018348624,none,45482119.799730256,0.9735632183908046,847,870,0.9724137931034482,0.9747126436781609
二维高密度场景,2,750,P3_Low-Mid,0.2,0.03,0.08,custom_pid,11,True,3586.1770684072585,2.9347681999206543,750,1076,43.791627147534854,32.370254851632765,2.7669873237609863,714.0,536.6543190009082,188,0.25066666666666665,none,45490459.33648606,0.9913333333333333,1487,1500,0.9893333333333333,0.9933333333333333
二维高密度场景,2,750,P3_Low-Mid,0.2,0.03,0.08,custom_pid,12,True,2578.231610827873,1.9538025856018066,538,725,44.079273811210015,25.7905107913361,1.191821575164795,338.0,528.8066606731527,105,0.19516728624535315,none,45412141.74951568,0.9851024208566108,1058,1074,0.9757914338919925,0.994413407821229
二维高密度场景,2,750,P3_Low-Mid,0.2,0.03,0.08,custom_pid,13,False,inf,2.86517333984375,750,1036,inf,0.0,inf,inf,526.4679733773041,158,0.21066666666666667,divergence,46408774.00486028,0.9853333333333333,1478,1500,0.988,0.9826666666666667
二维高密度场景,2,750,P3_Low-Mid,0.2,0.03,0.08,custom_pid,14,True,2673.2957945706257,2.5160865783691406,750,868,45.06873092462064,27.50787513298826,2.358764886856079,712.0,507.957396171896,110,0.14666666666666667,none,45078738.05918689,0.986,1479,1500,0.988,0.984
二维高密度场景,2,750,P3_Low-Mid,0.2,0.03,0.08,custom_pid,15,True,2225.7670942721074,0.9570751190185547,250,359,28.10853252698827,32.843612683721815,0.2059171199798584,50.0,504.33730302277104,45,0.18,none,45794298.68521486,0.9598393574297188,478,498,0.9598393574297188,0.9598393574297188
二维高密度场景,2,750,P3_Low-Mid,0.2,0.03,0.08,custom_pid,16,True,3097.489906754136,2.9264986515045166,750,1091,49.925040944259926,29.608650121652328,2.2056162357330322,583.0,542.7435190903003,182,0.24266666666666667,none,45776675.94229719,0.9886666666666667,1483,1500,0.9893333333333333,0.988
二维高密度场景,2,750,P3_Low-Mid,0.2,0.03,0.08,custom_pid,17,True,2384.4250926765476,1.2704222202301025,368,460,40.393639297555126,25.400303950834903,0.5650019645690918,168.0,495.05619020438195,63,0.17119565217391305,none,45549985.344217345,0.9768392370572208,717,734,0.9645776566757494,0.989100817438692
二维高密度场景,2,750,P3_Low-Mid,0.2,0.03,0.08,custom_pid,18,True,2287.24955224249,1.0560779571533203,292,390,37.69404223534015,26.11856323065963,0.32347822189331055,92.0,505.39041970926075,49,0.1678082191780822,none,45833058.91894098,0.9604810996563574,559,582,0.9553264604810997,0.9656357388316151
二维高密度场景,2,750,P3_Low-Mid,0.2,0.03,0.08,custom_pid,19,False,inf,2.823242664337158,750,1043,inf,0.0,inf,inf,546.7344260589063,167,0.22266666666666668,divergence,45688961.54048869,0.99,1485,1500,0.9906666666666667,0.9893333333333333
二维高密度场景,2,750,P3_Low-Mid,0.2,0.03,0.08,custom_pid,20,True,3269.550243121474,2.368225336074829,636,859,39.16722757805101,30.79547480345421,1.5771474838256836,436.0,529.8919751785941,129,0.2028301886792453,none,45448380.849845216,0.9858267716535433,1252,1270,0.9858267716535433,0.9858267716535433
二维高密度场景,2,750,P3_Low-Mid,0.2,0.03,0.08,custom_pid,21,True,2445.1984082099893,0.9381961822509766,259,352,37.688120243446974,33.08171235641814,0.21078014373779297,59.0,486.16362361894295,45,0.17374517374517376,none,45822527.475782804,0.9651162790697675,498,516,0.9534883720930233,0.9767441860465116
二维高密度场景,2,750,P3_Low-Mid,0.2,0.03,0.08,custom_pid,22,True,2571.036394125332,1.908853530883789,510,730,36.42531010340806,25.98674657771727,1.154482364654541,310.0,508.56370207945463,115,0.22549019607843138,none,46140016.753177136,0.9833005893909627,1001,1018,0.9862475442043221,0.9803536345776032
二维高密度场景,2,750,P3_Low-Mid,0.2,0.03,0.08,custom_pid,23,True,2518.443230494452,0.9970760345458984,269,389,39.71749786914624,30.89047989324965,0.270674467086792,69.0,453.8317673807955,45,0.16728624535315986,none,45647314.77582378,0.9720149253731343,521,536,0.9776119402985075,0.9664179104477612
二维高密度场景,2,750,P3_Low-Mid,0.2,0.03,0.08,custom_pid,24,True,2375.242041121758,1.4502205848693848,381,568,35.2556779034912,30.432815614469945,0.6994829177856445,181.0,513.4385678493427,88,0.23097112860892388,none,45866237.37377381,0.968421052631579,736,760,0.9736842105263158,0.9631578947368421
二维高密度场景,2,750,P3_Low-Mid,0.2,0.03,0.08,custom_pid,25,True,2502.028651537227,1.1307144165039062,302,407,39.327336608015436,27.10009368321126,0.3915119171142578,102.0,459.0674641781205,60,0.1986754966887417,none,45468265.770078175,0.978405315614618,589,602,0.973421926910299,0.9833887043189369
二维高密度场景,2,750,P3_Low-Mid,0.2,0.03,0.08,custom_pid,26,True,2560.4675433214975,2.525678873062134,664,943,39.73618163448785,29.01610196687016,1.6956944465637207,464.0,535.2657326906753,141,0.21234939759036145,none,45777709.370404236,0.9917043740573153,1315,1326,0.9924585218702866,0.9909502262443439
二维高密度场景,2,750,P3_Low-Mid,0.2,0.03,0.08,custom_pid,27,True,2394.9045044925024,2.4114129543304443,647,895,38.97943879210943,29.561067903173445,1.6069250106811523,447.0,533.8505791229308,144,0.22256568778979907,none,45599259.55742633,0.989938080495356,1279,1292,0.9907120743034056,0.9891640866873065
二维高密度场景,2,750,P3_Low-Mid,0.2,0.03,0.08,custom_pid,28,True,2724.4709395035193,1.7537901401519775,510,632,36.66449269103257,29.785467046801916,1.0065350532531738,310.0,521.5086143121828,126,0.24705882352941178,none,46504172.12553194,0.9793713163064833,997,1018,0.9823182711198428,0.9764243614931237
二维高密度场景,2,750,P3_Low-Mid,0.2,0.03,0.08,custom_pid,29,True,2509.94297757642,1.5173306465148926,429,569,36.96333580200489,30.25561718889245,0.7930212020874023,229.0,488.76712439386114,84,0.1958041958041958,none,44997893.05359661,0.9801401869158879,839,856,0.9813084112149533,0.9789719626168224
二维高密度场景,2,750,P3_Low-Mid,0.2,0.03,0.08,custom_pid,30,True,2460.8423403124157,0.8599100112915039,255,305,38.36381556204576,29.95264607265537,0.2057511806488037,55.0,472.1826971069892,33,0.12941176470588237,none,45760750.14232826,0.9704724409448819,493,508,0.9803149606299213,0.9606299212598425
二维高密度场景,2,750,P4_Mid,0.3,0.05,0.12,custom_pid,1,True,2455.9615035748648,1.3608014583587646,393,492,44.372818004156116,30.038815356470653,0.6400578022003174,193.0,477.64495972176707,65,0.16539440203562342,none,45873882.50136652,0.9834183673469388,771,784,0.9846938775510204,0.9821428571428571
二维高密度场景,2,750,P4_Mid,0.3,0.05,0.12,custom_pid,2,True,2852.1357372495872,1.314701795578003,374,506,39.86061900500628,32.07146790945769,0.6167166233062744,174.0,478.55643223523464,77,0.20588235294117646,none,45554720.7449157,0.9705093833780161,724,746,0.967828418230563,0.9731903485254692
二维高密度场景,2,750,P4_Mid,0.3,0.05,0.12,custom_pid,3,True,2430.8838685723817,1.2900059223175049,381,484,32.00747472604804,29.098905645219403,0.5780746936798096,181.0,494.84024336757216,67,0.17585301837270342,none,45503666.97026104,0.9789473684210527,744,760,0.9789473684210527,0.9789473684210527
二维高密度场景,2,750,P4_Mid,0.3,0.05,0.12,custom_pid,4,True,2465.9380830900604,1.2399470806121826,364,469,34.35383648090709,30.73491383281135,0.5711081027984619,164.0,474.3736513487051,51,0.1401098901098901,none,45841665.73293344,0.9793388429752066,711,726,0.9807162534435262,0.977961432506887
二维高密度场景,2,750,P4_Mid,0.3,0.05,0.12,custom_pid,5,True,3107.2304441060865,2.8946070671081543,750,1102,44.25203505499745,30.96362994293194,2.682903289794922,700.0,551.4111803944103,192,0.256,none,45821198.113673106,0.99,1485,1500,0.988,0.992
二维高密度场景,2,750,P4_Mid,0.3,0.05,0.12,custom_pid,6,True,3192.811306994572,1.594954252243042,443,603,36.23218196160484,28.204776731066026,0.8470735549926758,243.0,520.9711507744546,89,0.20090293453724606,none,46037137.524666645,0.9898190045248869,875,884,0.9886877828054299,0.9909502262443439
二维高密度场景,2,750,P4_Mid,0.3,0.05,0.12,custom_pid,7,False,inf,2.835430860519409,750,1059,inf,0.0,inf,inf,524.9484514984458,175,0.23333333333333334,divergence,46729808.95994892,0.9853333333333333,1478,1500,0.984,0.9866666666666667
二维高密度场景,2,750,P4_Mid,0.3,0.05,0.12,custom_pid,8,True,2458.0470898539697,1.1198651790618896,334,400,36.37077294000769,29.905918358001635,0.44216203689575195,134.0,461.57209376787625,61,0.18263473053892215,none,44897200.47250608,0.9774774774774775,651,666,0.972972972972973,0.9819819819819819
二维高密度场景,2,750,P4_Mid,0.3,0.05,0.12,custom_pid,9,True,2640.880359710324,2.3098032474517822,617,885,36.96933705660224,31.735393455880605,1.5380382537841797,417.0,543.2577982597129,142,0.23014586709886548,none,45751067.58639026,0.9829545454545454,1211,1232,0.9853896103896104,0.9805194805194806
二维高密度场景,2,750,P4_Mid,0.3,0.05,0.12,custom_pid,10,True,2994.3724069299947,2.774052143096924,750,1032,44.4072222152269,33.27750211782105,2.585359811782837,704.0,523.8394028349857,161,0.21466666666666667,none,45931224.52535262,0.9873333333333333,1481,1500,0.9866666666666667,0.988
二维高密度场景,2,750,P4_Mid,0.3,0.05,0.12,custom_pid,11,False,inf,2.8162457942962646,750,1046,inf,0.0,inf,inf,515.5357646761414,150,0.2,divergence,45781311.751779445,0.9906666666666667,1486,1500,0.992,0.9893333333333333
二维高密度场景,2,750,P4_Mid,0.3,0.05,0.12,custom_pid,12,True,2407.6453801938555,1.4819533824920654,396,573,37.90711309816181,29.80880418055049,0.7639234066009521,196.0,481.3406841153004,79,0.1994949494949495,none,45913752.94536455,0.9746835443037974,770,790,0.9822784810126582,0.9670886075949368
二维高密度场景,2,750,P4_Mid,0.3,0.05,0.12,custom_pid,13,True,2502.4679378269316,2.797957420349121,750,1050,40.07627749545901,28.153371003903825,2.3121178150177,639.0,541.6867130796958,154,0.20533333333333334,none,45887334.36069816,0.9913333333333333,1487,1500,0.992,0.9906666666666667
二维高密度场景,2,750,P4_Mid,0.3,0.05,0.12,custom_pid,14,False,inf,2.7106618881225586,750,973,inf,0.0,inf,inf,522.4927055616233,149,0.19866666666666666,divergence,45670952.290974006,0.9886666666666667,1483,1500,0.988,0.9893333333333333
二维高密度场景,2,750,P4_Mid,0.3,0.05,0.12,custom_pid,15,True,2597.408971902484,1.4041669368743896,413,529,36.91338549076432,33.98677077450481,0.7152783870697021,213.0,519.9055552681523,78,0.18886198547215496,none,45827214.51327223,0.9817961165048543,809,824,0.9733009708737864,0.9902912621359223
二维高密度场景,2,750,P4_Mid,0.3,0.05,0.12,custom_pid,16,True,2347.0903191937873,2.8091304302215576,750,1038,40.13372623795729,31.55208348386386,2.0819246768951416,574.0,541.6280665565598,180,0.24,none,46064697.55668796,0.992,1488,1500,0.9933333333333333,0.9906666666666667
二维高密度场景,2,750,P4_Mid,0.3,0.05,0.12,custom_pid,17,False,inf,2.952566146850586,750,1109,inf,0.0,inf,inf,539.9090766451047,169,0.22533333333333333,divergence,45881589.29272317,0.9906666666666667,1486,1500,0.992,0.9893333333333333
二维高密度场景,2,750,P4_Mid,0.3,0.05,0.12,custom_pid,18,True,2669.5357288307346,1.4370546340942383,387,549,37.669358011928445,27.008945452376985,0.6980118751525879,187.0,490.6909443606234,79,0.2041343669250646,none,45777224.42724121,0.9857512953367875,761,772,0.9922279792746114,0.9792746113989638
二维高密度场景,2,750,P4_Mid,0.3,0.05,0.12,custom_pid,19,True,2456.2511310561254,2.8866591453552246,740,1091,34.692639118538146,27.383752727557557,2.056253671646118,540.0,528.930660008263,148,0.2,none,45845561.22268482,0.993234100135318,1468,1478,0.993234100135318,0.993234100135318
二维高密度场景,2,750,P4_Mid,0.3,0.05,0.12,custom_pid,20,True,2527.1983735664926,2.9651947021484375,750,1105,38.24088037550621,29.629582499380827,2.169512987136841,568.0,511.14057687323583,172,0.22933333333333333,none,46078143.196672596,0.99,1485,1500,0.9906666666666667,0.9893333333333333
二维高密度场景,2,750,P4_Mid,0.3,0.05,0.12,custom_pid,21,True,2426.644172682406,1.438157558441162,393,551,43.753794949411656,28.12008547325895,0.677593469619751,193.0,511.24911707933967,75,0.19083969465648856,none,45742703.76679096,0.9744897959183674,764,784,0.9795918367346939,0.9693877551020408
二维高密度场景,2,750,P4_Mid,0.3,0.05,0.12,custom_pid,22,True,2610.5044446694933,2.3859386444091797,622,892,36.840436193440674,27.17272044210802,1.5820248126983643,422.0,558.29375183804,146,0.2347266881028939,none,46233116.61342948,0.9847020933977456,1223,1242,0.9838969404186796,0.9855072463768116
二维高密度场景,2,750,P4_Mid,0.3,0.05,0.12,custom_pid,23,True,2487.71633045506,0.9598946571350098,264,356,33.27525055348849,34.3263654643757,0.2202136516571045,64.0,448.3776985649134,39,0.14772727272727273,none,45543548.89992403,0.9657794676806084,508,526,0.973384030418251,0.9581749049429658
二维高密度场景,2,750,P4_Mid,0.3,0.05,0.12,custom_pid,24,True,2456.3905356740015,1.7265911102294922,479,660,40.409546583005735,32.278047801283414,0.9896552562713623,279.0,522.7791120224895,102,0.21294363256784968,none,46094884.24984871,0.9853556485355649,942,956,0.9895397489539749,0.9811715481171548
二维高密度场景,2,750,P4_Mid,0.3,0.05,0.12,custom_pid,25,True,2870.6133770687525,2.7442870140075684,725,1021,44.850234280724905,29.635005155860213,1.8961198329925537,525.0,538.5524922934967,143,0.19724137931034483,none,45817938.81119964,0.9875690607734806,1430,1448,0.988950276243094,0.9861878453038674
二维高密度场景,2,750,P4_Mid,0.3,0.05,0.12,custom_pid,26,True,2826.626367568152,1.710054874420166,496,653,43.52456540315573,36.21114731821887,1.0032179355621338,296.0,499.0221773795134,73,0.14717741935483872,none,45947072.88926057,0.990909090909091,981,990,0.98989898989899,0.9919191919191919
二维高密度场景,2,750,P4_Mid,0.3,0.05,0.12,custom_pid,27,False,inf,2.888556480407715,750,1059,inf,0.0,inf,inf,529.7682501282213,155,0.20666666666666667,divergence,45815321.45594165,0.9873333333333333,1481,1500,0.988,0.9866666666666667
二维高密度场景,2,750,P4_Mid,0.3,0.05,0.12,custom_pid,28,True,2532.6818680193787,1.3365740776062012,414,461,39.59567850077415,27.36823842812531,0.6199140548706055,214.0,502.5412001475901,85,0.20531400966183574,none,45884542.86411739,0.9842615012106537,813,826,0.9806295399515739,0.9878934624697336
二维高密度场景,2,750,P4_Mid,0.3,0.05,0.12,custom_pid,29,False,inf,2.840254068374634,750,1024,inf,0.0,inf,inf,545.02589489498,183,0.244,divergence,45956298.13050816,0.99,1485,1500,0.9906666666666667,0.9893333333333333
二维高密度场景,2,750,P4_Mid,0.3,0.05,0.12,custom_pid,30,True,2677.306813690815,2.0698115825653076,562,789,43.430220548426306,32.10951191029632,1.2688689231872559,362.0,536.0905969650365,136,0.24199288256227758,none,44169107.61672349,0.9830659536541889,1103,1122,0.9803921568627451,0.9857397504456328
二维高密度场景,2,750,P5_Mid-High,0.4,0.07,0.16,custom_pid,1,True,2331.693807146043,0.9481666088104248,256,346,39.244225180617285,24.709998313297145,0.20560288429260254,56.0,461.6898340375309,50,0.1953125,none,45792701.252090275,0.9705882352941176,495,510,0.9764705882352941,0.9647058823529412
二维高密度场景,2,750,P5_Mid-High,0.4,0.07,0.16,custom_pid,2,True,2548.0912120428925,2.686103582382202,709,1029,36.27031691543465,26.281486697008535,1.8330600261688232,509.0,528.2859617743485,157,0.22143864598025387,none,45276145.45943399,0.981638418079096,1390,1416,0.9788135593220338,0.9844632768361582
二维高密度场景,2,750,P5_Mid-High,0.4,0.07,0.16,custom_pid,3,False,inf,2.937403440475464,750,1111,inf,0.0,inf,inf,534.1849625907655,177,0.236,divergence,45655279.96608271,0.9893333333333333,1484,1500,0.9906666666666667,0.988
二维高密度场景,2,750,P5_Mid-High,0.4,0.07,0.16,custom_pid,4,False,inf,2.8510313034057617,750,1070,inf,0.0,inf,inf,554.5549096629315,187,0.24933333333333332,divergence,45877221.948873185,0.9893333333333333,1484,1500,0.988,0.9906666666666667
二维高密度场景,2,750,P5_Mid-High,0.4,0.07,0.16,custom_pid,5,True,2692.4110770825628,1.7489495277404785,501,636,42.61829725344288,31.41256605935688,0.9974362850189209,301.0,513.9388870760615,105,0.20958083832335328,none,45720565.41842474,0.982,982,1000,0.982,0.982
二维高密度场景,2,750,P5_Mid-High,0.4,0.07,0.16,custom_pid,6,True,2964.6838083044186,2.474785327911377,666,928,37.81534256131822,28.92940449519406,1.6663708686828613,466.0,536.048851409005,124,0.18618618618618618,none,47347432.26547788,0.9887218045112782,1315,1330,0.98796992481203,0.9894736842105263
二维高密度场景,2,750,P5_Mid-High,0.4,0.07,0.16,custom_pid,7,False,inf,2.8371293544769287,750,1065,inf,0.0,inf,inf,535.4137198644057,177,0.236,divergence,45972274.5626225,0.986,1479,1500,0.9893333333333333,0.9826666666666667
二维高密度场景,2,750,P5_Mid-High,0.4,0.07,0.16,custom_pid,8,True,2498.398858998399,2.3237390518188477,639,890,44.11117551934294,34.191188010357195,1.5189392566680908,439.0,514.6620441398247,120,0.18779342723004694,none,45784822.03133084,0.987460815047022,1260,1276,0.9858934169278997,0.9890282131661442
二维高密度场景,2,750,P5_Mid-High,0.4,0.07,0.16,custom_pid,9,True,2603.398711379051,1.9943616390228271,560,725,35.61137502623101,29.42677231538239,1.233201503753662,360.0,521.4750225936265,127,0.22678571428571428,none,45793984.51981145,0.983005366726297,1099,1118,0.9821109123434705,0.9838998211091234
二维高密度场景,2,750,P5_Mid-High,0.4,0.07,0.16,custom_pid,10,False,inf,2.8604114055633545,750,1076,inf,0.0,inf,inf,527.2742868005483,169,0.22533333333333333,divergence,45614863.84247975,0.9873333333333333,1481,1500,0.988,0.9866666666666667
二维高密度场景,2,750,P5_Mid-High,0.4,0.07,0.16,custom_pid,11,True,2659.9560167400423,1.5317556858062744,419,551,38.830152334798754,27.725206632532714,0.7833743095397949,219.0,497.00539694159136,95,0.22673031026252982,none,46173468.92141492,0.9856459330143541,824,836,0.9856459330143541,0.9856459330143541
二维高密度场景,2,750,P5_Mid-High,0.4,0.07,0.16,custom_pid,12,True,2300.0383967513344,2.9463844299316406,750,1095,36.542709374472786,30.526901917838416,2.4305429458618164,631.0,518.9354303454122,163,0.21733333333333332,none,45734977.60956337,0.9893333333333333,1484,1500,0.9866666666666667,0.992
二维高密度场景,2,750,P5_Mid-High,0.4,0.07,0.16,custom_pid,13,False,inf,2.7748701572418213,750,1048,inf,0.0,inf,inf,524.1981662911933,160,0.21333333333333335,divergence,46677577.98249471,0.992,1488,1500,0.992,0.992
二维高密度场景,2,750,P5_Mid-High,0.4,0.07,0.16,custom_pid,14,True,2612.322069947022,1.0525176525115967,293,395,40.51594653703037,30.085025939309794,0.31999826431274414,93.0,456.17671689170305,56,0.19112627986348124,none,45790183.50584046,0.9674657534246576,565,584,0.9726027397260274,0.9623287671232876
二维高密度场景,2,750,P5_Mid-High,0.4,0.07,0.16,custom_pid,15,True,2501.5442026373357,1.7268927097320557,477,654,37.63061415030873,33.49096813429842,0.9939479827880859,277.0,507.1476276173135,111,0.23270440251572327,none,45824050.71633636,0.9800420168067226,933,952,0.9810924369747899,0.9789915966386554
二维高密度场景,2,750,P5_Mid-High,0.4,0.07,0.16,custom_pid,16,True,2475.3243677954924,1.338533639907837,385,512,38.00760046710448,34.00533246003728,0.6328768730163574,185.0,474.85141119170066,74,0.19220779220779222,none,45020265.997960776,0.9765625,750,768,0.9791666666666666,0.9739583333333334
二维高密度场景,2,750,P5_Mid-High,0.4,0.07,0.16,custom_pid,17,True,2386.2229356472753,1.0807509422302246,304,406,37.46220636477501,29.776262943092362,0.33495020866394043,104.0,472.82550156256184,53,0.17434210526315788,none,45714302.42410443,0.971947194719472,589,606,0.976897689768977,0.966996699669967
二维高密度场景,2,750,P5_Mid-High,0.4,0.07,0.16,custom_pid,18,False,inf,2.033144474029541,750,684,inf,0.0,inf,inf,622.5996052851576,150,0.2,oscillation,45410929.634122655,0.9933333333333333,1490,1500,0.9946666666666667,0.992
二维高密度场景,2,750,P5_Mid-High,0.4,0.07,0.16,custom_pid,19,True,2355.09019382742,1.3688673973083496,383,519,33.81241364359438,27.970680830926803,0.6377756595611572,183.0,509.46967147434026,78,0.20365535248041775,none,45903945.796750695,0.9829842931937173,751,764,0.9842931937172775,0.981675392670157
二维高密度场景,2,750,P5_Mid-High,0.4,0.07,0.16,custom_pid,20,True,2621.227613487543,1.5295133590698242,426,588,38.85539732643789,33.16855281968814,0.7939388751983643,226.0,537.2242140491892,75,0.176056338028169,none,46621843.77798163,0.9823529411764705,835,850,0.9764705882352941,0.9882352941176471
二维高密度场景,2,750,P5_Mid-High,0.4,0.07,0.16,custom_pid,21,True,2291.195185712585,2.062469482421875,570,779,43.205369720861505,31.461830333157458,1.292849063873291,370.0,530.2256416799783,112,0.19649122807017544,none,46373736.154174276,0.9912126537785588,1128,1138,0.9912126537785588,0.9912126537785588
二维高密度场景,2,750,P5_Mid-High,0.4,0.07,0.16,custom_pid,22,False,inf,2.8522210121154785,750,1086,inf,0.0,inf,inf,527.334972199358,165,0.22,divergence,45399825.31180837,0.9886666666666667,1483,1500,0.992,0.9853333333333333
二维高密度场景,2,750,P5_Mid-High,0.4,0.07,0.16,custom_pid,23,True,2246.0260065084176,0.8865525722503662,253,334,32.300588356557505,25.352083369221944,0.20339584350585938,53.0,442.12788173964293,46,0.18181818181818182,none,45803024.786252245,0.9702380952380952,489,504,0.9563492063492064,0.9841269841269841
二维高密度场景,2,750,P5_Mid-High,0.4,0.07,0.16,custom_pid,24,True,2307.7055548711483,1.255340337753296,351,484,34.63814553983795,32.20526841035185,0.5420610904693604,151.0,472.8143286227027,69,0.19658119658119658,none,45447787.71067259,0.9771428571428571,684,700,0.9771428571428571,0.9771428571428571
二维高密度场景,2,750,P5_Mid-High,0.4,0.07,0.16,custom_pid,25,True,2745.9708736626458,2.608975887298584,682,978,39.19359261884906,31.633765334081676,1.7687268257141113,482.0,549.82303559451,169,0.24780058651026393,none,45763362.39943796,0.9904552129221733,1349,1362,0.9911894273127754,0.9897209985315712
二维高密度场景,2,750,P5_Mid-High,0.4,0.07,0.16,custom_pid,26,True,2583.904932592625,1.8715014457702637,540,717,36.805666596170134,28.769241196794326,1.1520483493804932,340.0,525.471383433388,99,0.18333333333333332,none,45545988.964785635,0.9842300556586271,1061,1078,0.9833024118738405,0.9851576994434137
二维高密度场景,2,750,P5_Mid-High,0.4,0.07,0.16,custom_pid,27,False,inf,2.9096975326538086,750,1096,inf,0.0,inf,inf,528.8321097108633,161,0.21466666666666667,divergence,45385800.60701066,0.9873333333333333,1481,1500,0.9853333333333333,0.9893333333333333
二维高密度场景,2,750,P5_Mid-High,0.4,0.07,0.16,custom_pid,28,True,3147.7494896492985,2.2097461223602295,602,815,39.216562307072124,26.73044374355693,1.3994550704956055,402.0,542.6982906147232,142,0.23588039867109634,none,46590488.968084686,0.9883527454242929,1188,1202,0.9850249584026622,0.9916805324459235
二维高密度场景,2,750,P5_Mid-High,0.4,0.07,0.16,custom_pid,29,False,inf,2.998601198196411,750,1127,inf,0.0,inf,inf,525.4001306301922,176,0.23466666666666666,divergence,45926985.72976988,0.992,1488,1500,0.9893333333333333,0.9946666666666667
二维高密度场景,2,750,P5_Mid-High,0.4,0.07,0.16,custom_pid,30,True,2594.883565692773,1.522775411605835,413,590,39.64527802659279,33.12338303975888,0.7822613716125488,213.0,501.13737963966344,91,0.22033898305084745,none,46113456.91577862,0.9805825242718447,808,824,0.9830097087378641,0.9781553398058253
二维高密度场景,2,750,P6_High,0.5,0.1,0.2,custom_pid,1,False,inf,2.812753915786743,750,1001,inf,0.0,inf,inf,550.3007659409755,155,0.20666666666666667,divergence,46107624.439413235,0.992,1488,1500,0.9946666666666667,0.9893333333333333
二维高密度场景,2,750,P6_High,0.5,0.1,0.2,custom_pid,2,True,2783.7236225479264,1.5226695537567139,437,564,45.698453739392576,33.041147202498614,0.7668442726135254,237.0,522.4662780835475,98,0.2242562929061785,none,46958453.15064398,0.9724770642201835,848,872,0.9793577981651376,0.9655963302752294
二维高密度场景,2,750,P6_High,0.5,0.1,0.2,custom_pid,3,True,2811.7997899407183,1.8069050312042236,476,712,40.842714919704385,29.836417577077277,1.035322666168213,276.0,541.8455356201624,103,0.21638655462184875,none,46658834.78333482,0.9831578947368421,934,950,0.9831578947368421,0.9831578947368421
二维高密度场景,2,750,P6_High,0.5,0.1,0.2,custom_pid,4,True,2731.00400242061,1.655672311782837,485,589,39.37284314693158,28.880386298998076,0.9514210224151611,285.0,498.0335905304831,90,0.18556701030927836,none,45803186.414239235,0.987603305785124,956,968,0.9834710743801653,0.9917355371900827
二维高密度场景,2,750,P6_High,0.5,0.1,0.2,custom_pid,5,True,2759.3507827600306,2.164720058441162,639,801,47.10151641244886,29.44544789983153,1.3934099674224854,439.0,534.1125541483103,137,0.21439749608763695,none,45720183.40388681,0.9851097178683386,1257,1276,0.987460815047022,0.9827586206896551
二维高密度场景,2,750,P6_High,0.5,0.1,0.2,custom_pid,6,True,2415.8354946393733,1.2681152820587158,357,475,38.79257459739028,27.35793511785503,0.5680739879608154,157.0,493.75856478299715,65,0.18207282913165265,none,46356472.645047985,0.9789325842696629,697,712,0.9719101123595506,0.9859550561797753
二维高密度场景,2,750,P6_High,0.5,0.1,0.2,custom_pid,7,True,2420.668887580741,2.068983316421509,561,792,39.78315382217678,27.33247473462183,1.2883200645446777,361.0,537.2405857769288,130,0.23172905525846701,none,45770403.24212219,0.9803571428571428,1098,1120,0.9785714285714285,0.9821428571428571
二维高密度场景,2,750,P6_High,0.5,0.1,0.2,custom_pid,8,True,2248.716455892628,0.9023282527923584,250,333,31.794791662939456,33.159632968287525,0.20270943641662598,50.0,480.6024221090034,57,0.228,none,45755708.2855706,0.9678714859437751,482,498,0.9598393574297188,0.9759036144578314
二维高密度场景,2,750,P6_High,0.5,0.1,0.2,custom_pid,9,True,2930.5390044729256,2.5663492679595947,693,928,40.10776163702033,26.28470802201302,1.7465016841888428,493.0,533.4000967424141,137,0.1976911976911977,none,45760975.92035892,0.990606936416185,1371,1384,0.9898843930635838,0.9913294797687862
二维高密度场景,2,750,P6_High,0.5,0.1,0.2,custom_pid,10,True,2543.872727544646,1.016427755355835,278,399,41.828185253131096,30.15683601111344,0.2852482795715332,78.0,486.6561959970694,46,0.16546762589928057,none,45224851.29272224,0.9729241877256317,539,554,0.9855595667870036,0.9602888086642599
二维高密度场景,2,750,P6_High,0.5,0.1,0.2,custom_pid,11,True,2491.0791494915593,1.3597967624664307,381,528,39.36650026582794,30.638165385596565,0.6572723388671875,181.0,511.98293318125957,86,0.22572178477690288,none,45911300.17484199,0.9802631578947368,745,760,0.9842105263157894,0.9763157894736842
二维高密度场景,2,750,P6_High,0.5,0.1,0.2,custom_pid,12,True,2461.3500242599234,1.5251381397247314,450,562,38.837001257675844,30.666612277458533,0.7878932952880859,250.0,549.0332908544539,82,0.18222222222222223,none,45940681.78529343,0.9866369710467706,886,898,0.9844097995545658,0.9888641425389755
二维高密度场景,2,750,P6_High,0.5,0.1,0.2,custom_pid,13,True,2662.692636875718,1.1600382328033447,360,421,36.617640323863654,29.477000616376205,0.46690845489501953,160.0,500.0011600291605,62,0.17222222222222222,none,46595845.805856995,0.979108635097493,703,718,0.9777158774373259,0.9805013927576601
二维高密度场景,2,750,P6_High,0.5,0.1,0.2,custom_pid,14,True,2367.3384397929285,1.1996521949768066,348,464,39.153660026035865,30.376729256569103,0.5057539939880371,148.0,522.7143737074998,63,0.1810344827586207,none,45627231.30611063,0.9798270893371758,680,694,0.9798270893371758,0.9798270893371758
二维高密度场景,2,750,P6_High,0.5,0.1,0.2,custom_pid,15,True,2739.4069618373633,1.6413986682891846,456,615,37.03698619630787,26.976031701221878,0.9029693603515625,256.0,482.20784797703766,94,0.20614035087719298,none,45908812.534144185,0.9791208791208791,891,910,0.9824175824175824,0.9758241758241758
二维高密度场景,2,750,P6_High,0.5,0.1,0.2,custom_pid,16,True,2302.9511844072226,1.3326711654663086,375,526,38.97841317970296,25.978239045160024,0.6291487216949463,175.0,505.25311909326496,79,0.21066666666666667,none,45407556.404012464,0.9732620320855615,728,748,0.9732620320855615,0.9732620320855615
二维高密度场景,2,750,P6_High,0.5,0.1,0.2,custom_pid,17,True,2636.7840474711506,2.2157962322235107,585,840,36.26814586057248,31.614475482866045,1.423128604888916,385.0,499.2798263879865,125,0.21367521367521367,none,45513209.32565677,0.9820205479452054,1147,1168,0.9863013698630136,0.9777397260273972
二维高密度场景,2,750,P6_High,0.5,0.1,0.2,custom_pid,18,False,inf,2.8437888622283936,750,1054,inf,0.0,inf,inf,554.8513519446741,164,0.21866666666666668,divergence,45486486.15494816,0.9886666666666667,1483,1500,0.9866666666666667,0.9906666666666667
二维高密度场景,2,750,P6_High,0.5,0.1,0.2,custom_pid,19,True,2645.391722064509,1.551481008529663,417,617,37.14749422632389,28.831543184203856,0.8127808570861816,217.0,507.86619013857313,103,0.24700239808153476,none,45865887.14244535,0.9831730769230769,818,832,0.9879807692307693,0.9783653846153846
二维高密度场景,2,750,P6_High,0.5,0.1,0.2,custom_pid,20,True,2638.404783723707,1.4211957454681396,386,552,44.68793746565295,29.88496829806508,0.6849117279052734,186.0,501.7141400743424,85,0.22020725388601037,none,46066580.085557826,0.9766233766233766,752,770,0.9792207792207792,0.974025974025974
二维高密度场景,2,750,P6_High,0.5,0.1,0.2,custom_pid,21,True,2374.8144208232875,1.2656831741333008,347,499,35.68906764256962,27.669062495732877,0.5255153179168701,147.0,490.60740501864626,59,0.17002881844380405,none,45692934.46376921,0.9739884393063584,674,692,0.9710982658959537,0.976878612716763
二维高密度场景,2,750,P6_High,0.5,0.1,0.2,custom_pid,22,True,2260.9991551702587,1.1864514350891113,337,434,36.31201739225878,29.0039541977411,0.4593167304992676,137.0,499.61185566727653,59,0.17507418397626112,none,45742579.51841955,0.9761904761904762,656,672,0.9761904761904762,0.9761904761904762
二维高密度场景,2,750,P6_High,0.5,0.1,0.2,custom_pid,23,True,2572.007842225752,2.8749454021453857,750,1063,35.69492630262045,28.79950746874306,2.2370266914367676,602.0,540.9423611262853,173,0.23066666666666666,none,46171157.79583752,0.9866666666666667,1480,1500,0.9906666666666667,0.9826666666666667
二维高密度场景,2,750,P6_High,0.5,0.1,0.2,custom_pid,24,True,2288.1921113790595,2.7970001697540283,750,1046,30.842122150797902,30.940737314364604,2.235609531402588,618.0,536.9343716080094,155,0.20666666666666667,none,45581625.58892181,0.988,1482,1500,0.9906666666666667,0.9853333333333333
二维高密度场景,2,750,P6_High,0.5,0.1,0.2,custom_pid,25,False,inf,2.810030698776245,750,994,inf,0.0,inf,inf,538.5497883825195,153,0.204,divergence,45345519.83997279,0.9893333333333333,1484,1500,0.9866666666666667,0.992
二维高密度场景,2,750,P6_High,0.5,0.1,0.2,custom_pid,26,True,2484.632255528371,0.9898114204406738,266,362,39.69103786716724,30.413405635919283,0.23734545707702637,66.0,468.6707012341414,48,0.18045112781954886,none,45954059.801397905,0.9660377358490566,512,530,0.9660377358490566,0.9660377358490566
二维高密度场景,2,750,P6_High,0.5,0.1,0.2,custom_pid,27,False,inf,2.80448579788208,750,1004,inf,0.0,inf,inf,538.1521927367539,175,0.23333333333333334,divergence,46269273.4402995,0.9893333333333333,1484,1500,0.9933333333333333,0.9853333333333333
二维高密度场景,2,750,P6_High,0.5,0.1,0.2,custom_pid,28,True,2695.712835499614,2.2698614597320557,584,830,38.8004361975642,26.376836703973687,1.436845302581787,384.0,531.6601467098752,140,0.23972602739726026,none,45762866.743153855,0.9845626072041166,1148,1166,0.9862778730703259,0.9828473413379074
二维高密度场景,2,750,P6_High,0.5,0.1,0.2,custom_pid,29,True,2364.816161958704,0.9631469249725342,256,340,37.7035942116229,28.959854823867666,0.2005617618560791,56.0,470.9004367047269,38,0.1484375,none,45954877.44307556,0.9627450980392157,491,510,0.9607843137254902,0.9647058823529412
二维高密度场景,2,750,P6_High,0.5,0.1,0.2,custom_pid,30,True,2236.2119635729146,0.9499034881591797,269,355,39.54809601767375,28.18209710141333,0.2650778293609619,69.0,468.10411033210784,59,0.21933085501858737,none,45775020.85836052,0.9664179104477612,518,536,0.9626865671641791,0.9701492537313433
二维高密度场景,2,750,P7_VeryHigh,0.6,0.12,0.24,custom_pid,1,True,2410.192787267944,1.4008781909942627,391,511,48.61914720993551,28.021447414831524,0.6965272426605225,191.0,497.71420909790015,84,0.21483375959079284,none,46092984.65596696,0.967948717948718,755,780,0.9615384615384616,0.9743589743589743
二维高密度场景,2,750,P7_VeryHigh,0.6,0.12,0.24,custom_pid,2,True,2590.980470486538,2.8282699584960938,750,1023,36.58436829049853,25.733139011855478,2.500347852706909,675.0,524.4555695120612,160,0.21333333333333335,none,44704620.29739812,0.9866666666666667,1480,1500,0.984,0.9893333333333333
二维高密度场景,2,750,P7_VeryHigh,0.6,0.12,0.24,custom_pid,3,True,2682.66930331469,2.8398587703704834,750,1033,38.75108426669948,29.095694946283093,2.233682155609131,608.0,549.2349918888389,148,0.19733333333333333,none,44387364.96529976,0.9866666666666667,1480,1500,0.9866666666666667,0.9866666666666667
二维高密度场景,2,750,P7_VeryHigh,0.6,0.12,0.24,custom_pid,4,True,2468.055707501948,2.669447183609009,685,1000,38.60595039212149,29.201513378329487,1.8321256637573242,485.0,540.3913934562972,163,0.23795620437956205,none,46677448.2763876,0.9883040935672515,1352,1368,0.9883040935672515,0.9883040935672515
二维高密度场景,2,750,P7_VeryHigh,0.6,0.12,0.24,custom_pid,5,True,2291.917549813842,0.9442141056060791,252,356,36.140599897726545,32.43387564042058,0.20981287956237793,52.0,457.00159678860456,52,0.20634920634920634,none,45682488.63059398,0.9741035856573705,489,502,0.9721115537848606,0.9760956175298805
二维高密度场景,2,750,P7_VeryHigh,0.6,0.12,0.24,custom_pid,6,True,3640.609655583056,2.7142016887664795,750,978,33.132176033596096,29.693068491923327,2.7027173042297363,747.0,548.3282826684732,149,0.19866666666666666,none,45344801.53986024,0.988,1482,1500,0.9826666666666667,0.9933333333333333
二维高密度场景,2,750,P7_VeryHigh,0.6,0.12,0.24,custom_pid,7,True,2356.0379074448947,1.0384268760681152,302,390,29.502208766587163,27.09914503732634,0.32999110221862793,102.0,451.8953399254583,55,0.18211920529801323,none,45486838.779861614,0.9700996677740864,584,602,0.9900332225913622,0.9501661129568106
二维高密度场景,2,750,P7_VeryHigh,0.6,0.12,0.24,custom_pid,8,True,2398.7366472561366,1.0176715850830078,312,337,37.78973727043469,31.282920996663172,0.38034820556640625,112.0,451.5058060424266,40,0.1282051282051282,none,46428130.69950313,0.9678456591639871,602,622,0.9678456591639871,0.9678456591639871
二维高密度场景,2,750,P7_VeryHigh,0.6,0.12,0.24,custom_pid,9,False,inf,2.8011271953582764,750,1006,inf,0.0,inf,inf,559.5325802242471,163,0.21733333333333332,divergence,44925374.487774365,0.9866666666666667,1480,1500,0.9826666666666667,0.9906666666666667
二维高密度场景,2,750,P7_VeryHigh,0.6,0.12,0.24,custom_pid,10,True,3133.3457209460776,1.7222323417663574,481,630,39.85154289408708,30.002888396489332,0.9426310062408447,281.0,512.159231687268,103,0.21413721413721415,none,45875417.25657387,0.9822916666666667,943,960,0.9833333333333333,0.98125
二维高密度场景,2,750,P7_VeryHigh,0.6,0.12,0.24,custom_pid,11,True,2458.9753047709037,1.4412841796875,409,536,38.18906291156646,32.01485628411232,0.7148947715759277,209.0,479.5506530259372,65,0.15892420537897312,none,45983702.06126102,0.9840686274509803,803,816,0.9852941176470589,0.9828431372549019
二维高密度场景,2,750,P7_VeryHigh,0.6,0.12,0.24,custom_pid,12,True,2283.593732165029,0.9263875484466553,251,354,35.00306664881417,31.293938724908205,0.19846582412719727,51.0,459.7682655720985,57,0.22709163346613545,none,45752529.20499454,0.972,486,500,0.956,0.988
二维高密度场景,2,750,P7_VeryHigh,0.6,0.12,0.24,custom_pid,13,True,2392.6887989980573,2.5016374588012695,684,909,45.37962628741434,33.108423327377054,1.686974287033081,484.0,524.431792259485,147,0.2149122807017544,none,46028098.802347794,0.986090775988287,1347,1366,0.986822840409956,0.9853587115666179
二维高密度场景,2,750,P7_VeryHigh,0.6,0.12,0.24,custom_pid,14,False,inf,2.7543084621429443,750,994,inf,0.0,inf,inf,511.90198537501203,169,0.22533333333333333,divergence,47058082.13982277,0.9886666666666667,1483,1500,0.9906666666666667,0.9866666666666667
二维高密度场景,2,750,P7_VeryHigh,0.6,0.12,0.24,custom_pid,15,False,inf,2.82328724861145,750,1037,inf,0.0,inf,inf,504.2444504891351,156,0.208,divergence,45620851.25391037,0.9926666666666667,1489,1500,0.9906666666666667,0.9946666666666667
二维高密度场景,2,750,P7_VeryHigh,0.6,0.12,0.24,custom_pid,16,True,2759.820649333332,2.2219552993774414,588,869,40.8938353517966,27.506224044954905,1.4353702068328857,388.0,510.2144122555495,138,0.23469387755102042,none,45723178.69201194,0.9770017035775128,1147,1174,0.9778534923339012,0.9761499148211243
二维高密度场景,2,750,P7_VeryHigh,0.6,0.12,0.24,custom_pid,17,True,2890.0947137160338,1.353560209274292,377,535,40.494686760667335,28.094257392797424,0.6207129955291748,177.0,520.239783067149,81,0.21485411140583555,none,46333814.29134702,0.9787234042553191,736,752,0.9867021276595744,0.9707446808510638
二维高密度场景,2,750,P7_VeryHigh,0.6,0.12,0.24,custom_pid,18,True,2611.718580867387,2.102105140686035,579,783,39.618675403164815,30.58603943481337,1.3307316303253174,379.0,530.1527629588888,105,0.18134715025906736,none,45669380.69537897,0.9887543252595156,1143,1156,0.9878892733564014,0.9896193771626297
二维高密度场景,2,750,P7_VeryHigh,0.6,0.12,0.24,custom_pid,19,True,3787.9938209103525,2.756629228591919,716,1014,39.23306283803024,29.803777822203973,1.9449489116668701,516.0,554.7742058810131,152,0.2122905027932961,none,46088568.4313772,0.986013986013986,1410,1430,0.9846153846153847,0.9874125874125874
二维高密度场景,2,750,P7_VeryHigh,0.6,0.12,0.24,custom_pid,20,True,2231.032640638884,1.0437395572662354,311,362,34.25025490558875,31.679528261093296,0.37130165100097656,111.0,482.37303268580024,52,0.16720257234726688,none,46235975.22248025,0.967741935483871,600,620,0.9709677419354839,0.964516129032258
二维高密度场景,2,750,P7_VeryHigh,0.6,0.12,0.24,custom_pid,21,True,2731.5170737915137,1.0209741592407227,284,383,42.58167885412309,28.255426433566004,0.31575965881347656,84.0,493.32142190891034,65,0.22887323943661972,none,46125409.68444613,0.9575971731448764,542,566,0.9681978798586572,0.9469964664310954
二维高密度场景,2,750,P7_VeryHigh,0.6,0.12,0.24,custom_pid,22,True,2836.013568955534,1.022831678390503,329,360,41.41012463147401,27.756630248036426,0.33954286575317383,129.0,507.67460200446334,55,0.16717325227963525,none,45974913.09034682,0.975609756097561,640,656,0.975609756097561,0.975609756097561
二维高密度场景,2,750,P7_VeryHigh,0.6,0.12,0.24,custom_pid,23,True,3055.220351118084,2.4767088890075684,653,933,40.09459655512206,31.051706391284092,1.6556520462036133,453.0,552.2793633379738,124,0.18989280245022971,none,45799921.179116815,0.9884969325153374,1289,1304,0.9861963190184049,0.99079754601227
二维高密度场景,2,750,P7_VeryHigh,0.6,0.12,0.24,custom_pid,24,True,2580.0966794611786,2.058197259902954,566,765,42.62517724875668,26.636921374038202,1.27378511428833,366.0,538.4719494666841,114,0.20141342756183744,none,46939997.891048245,0.9858407079646018,1114,1130,0.9893805309734514,0.9823008849557522
二维高密度场景,2,750,P7_VeryHigh,0.6,0.12,0.24,custom_pid,25,True,2559.5229785805673,1.6721062660217285,441,623,37.98917263309037,27.597025596208766,0.8874998092651367,241.0,510.7601400774471,96,0.21768707482993196,none,46130923.83982155,0.9761363636363637,859,880,0.9795454545454545,0.9727272727272728
二维高密度场景,2,750,P7_VeryHigh,0.6,0.12,0.24,custom_pid,26,True,2537.23150912628,2.9080188274383545,750,1079,39.65015280305031,29.620025829222524,2.13220477104187,573.0,532.5850533925682,152,0.20266666666666666,none,45999020.349216975,0.9933333333333333,1490,1500,0.9906666666666667,0.996
二维高密度场景,2,750,P7_VeryHigh,0.6,0.12,0.24,custom_pid,27,False,inf,2.916215181350708,750,1078,inf,0.0,inf,inf,528.9761053573764,161,0.21466666666666667,divergence,45454581.504726484,0.9946666666666667,1492,1500,0.9946666666666667,0.9946666666666667
二维高密度场景,2,750,P7_VeryHigh,0.6,0.12,0.24,custom_pid,28,True,2545.208357169773,2.3586044311523438,630,892,39.192224361255704,33.19965313135627,1.5524344444274902,430.0,532.7059324246006,139,0.22063492063492063,none,45888923.1117918,0.985691573926868,1240,1258,0.9793322734499205,0.9920508744038156
二维高密度场景,2,750,P7_VeryHigh,0.6,0.12,0.24,custom_pid,29,True,2618.135684610823,1.1848130226135254,338,440,39.16500717692619,34.40170615366321,0.48618483543395996,138.0,464.74294432971476,59,0.17455621301775148,none,45786910.04551812,0.9762611275964391,658,674,0.9792284866468842,0.973293768545994
二维高密度场景,2,750,P7_VeryHigh,0.6,0.12,0.24,custom_pid,30,True,2536.8355886565605,1.566622018814087,421,588,42.29516363210819,32.072871633412966,0.8049619197845459,221.0,501.7473822095686,89,0.21140142517814728,none,43920865.353466704,0.9857142857142858,828,840,0.9857142857142858,0.9857142857142858
二维高密度场景,2,750,P8_ExtremeHigh,0.7,0.15,0.28,custom_pid,1,True,2378.140253024133,0.9503586292266846,259,355,35.16786148281123,30.72228588806963,0.22284913063049316,59.0,481.0402107662902,42,0.16216216216216217,none,45804781.3562094,0.9670542635658915,499,516,0.9767441860465116,0.9573643410852714
二维高密度场景,2,750,P8_ExtremeHigh,0.7,0.15,0.28,custom_pid,2,True,2467.4682228346082,0.968339204788208,272,371,43.80472447639825,27.633216573867664,0.23576784133911133,72.0,443.0036693889107,35,0.12867647058823528,none,45811073.30151771,0.955719557195572,518,542,0.955719557195572,0.955719557195572
二维高密度场景,2,750,P8_ExtremeHigh,0.7,0.15,0.28,custom_pid,3,True,2381.5498732268547,1.0248072147369385,293,371,38.08012628558785,28.287811994980302,0.2772243022918701,93.0,452.3395346820997,50,0.17064846416382254,none,46104904.049567364,0.9623287671232876,562,584,0.952054794520548,0.9726027397260274
二维高密度场景,2,750,P8_ExtremeHigh,0.7,0.15,0.28,custom_pid,4,True,2227.1468753341865,0.8678879737854004,255,307,34.573239096019584,31.154575501490875,0.18447422981262207,55.0,452.2178785547018,34,0.13333333333333333,none,45510056.32797305,0.9606299212598425,488,508,0.9645669291338582,0.9566929133858267
二维高密度场景,2,750,P8_ExtremeHigh,0.7,0.15,0.28,custom_pid,5,True,2347.626876116321,2.890068769454956,750,1069,45.33714442625285,27.136353813782925,2.1850502490997314,587.0,524.1476557107254,139,0.18533333333333332,none,45572917.21759139,0.988,1482,1500,0.9866666666666667,0.9893333333333333
二维高密度场景,2,750,P8_ExtremeHigh,0.7,0.15,0.28,custom_pid,6,True,2577.0710643363236,0.9819610118865967,264,375,38.57262017923513,29.97509991273514,0.22849225997924805,64.0,465.9004563985007,42,0.1590909090909091,none,45822619.56192925,0.9790874524714829,515,526,0.9885931558935361,0.9695817490494296
二维高密度场景,2,750,P8_ExtremeHigh,0.7,0.15,0.28,custom_pid,7,True,2703.686745413692,2.4334418773651123,668,891,43.9410484171829,32.41683495535281,1.6374752521514893,468.0,540.6084108051676,135,0.20209580838323354,none,46082648.13492826,0.9850074962518741,1314,1334,0.9820089955022488,0.9880059970014993
二维高密度场景,2,750,P8_ExtremeHigh,0.7,0.15,0.28,custom_pid,8,True,2429.116826845895,1.8644061088562012,515,692,40.05068451406774,25.309638520915755,1.1346936225891113,315.0,498.716894706263,109,0.21165048543689322,none,46892688.52327573,0.9873540856031129,1015,1028,0.9883268482490273,0.9863813229571985
二维高密度场景,2,750,P8_ExtremeHigh,0.7,0.15,0.28,custom_pid,9,True,2325.283381019311,0.9312169551849365,262,346,30.728309669835188,28.228583705211236,0.2176799774169922,62.0,453.2190391076786,53,0.20229007633587787,none,45901432.17807887,0.9616858237547893,502,522,0.9501915708812261,0.9731800766283525
二维高密度场景,2,750,P8_ExtremeHigh,0.7,0.15,0.28,custom_pid,10,True,2352.912835467129,0.9644417762756348,264,353,37.602344021842995,31.998540481225735,0.24237298965454102,64.0,462.17806425969354,46,0.17424242424242425,none,45913501.118938275,0.9657794676806084,508,526,0.973384030418251,0.9581749049429658
二维高密度场景,2,750,P8_ExtremeHigh,0.7,0.15,0.28,custom_pid,11,True,2409.5242120072344,1.9381499290466309,525,747,39.17972270849445,29.304671952325343,1.1413135528564453,325.0,530.0362462664984,117,0.22285714285714286,none,45451044.340869166,0.9799618320610687,1027,1048,0.9790076335877863,0.9809160305343512
二维高密度场景,2,750,P8_ExtremeHigh,0.7,0.15,0.28,custom_pid,12,True,2564.6860251997973,1.2553796768188477,347,451,35.213435973722234,29.68986709128551,0.5166199207305908,147.0,472.5340886485572,65,0.1873198847262248,none,45352155.23208088,0.9783236994219653,677,692,0.9797687861271677,0.976878612716763
二维高密度场景,2,750,P8_ExtremeHigh,0.7,0.15,0.28,custom_pid,13,False,inf,2.8724310398101807,750,1060,inf,0.0,inf,inf,548.3655296233167,153,0.204,divergence,44763019.13432176,0.99,1485,1500,0.9893333333333333,0.9906666666666667
二维高密度场景,2,750,P8_ExtremeHigh,0.7,0.15,0.28,custom_pid,14,True,2457.314426237458,0.9268171787261963,262,337,39.82399648954822,30.17440910410018,0.2144930362701416,62.0,460.69533317303103,45,0.1717557251908397,none,45622494.31032435,0.9540229885057471,498,522,0.9540229885057471,0.9540229885057471
二维高密度场景,2,750,P8_ExtremeHigh,0.7,0.15,0.28,custom_pid,15,True,2947.7523531728143,2.785147190093994,737,1024,38.071996154220805,26.62466607119305,1.9319701194763184,537.0,552.4828801208848,187,0.2537313432835821,none,45813480.9816695,0.9884510869565217,1455,1472,0.9850543478260869,0.9918478260869565
二维高密度场景,2,750,P8_ExtremeHigh,0.7,0.15,0.28,custom_pid,16,True,2533.9465723126305,1.4850471019744873,397,542,39.395092797914614,32.863392239418566,0.7297298908233643,197.0,515.9576740111866,90,0.22670025188916876,none,45730700.79494202,0.9823232323232324,778,792,0.9823232323232324,0.9823232323232324
二维高密度场景,2,750,P8_ExtremeHigh,0.7,0.15,0.28,custom_pid,17,True,2579.1500389349335,1.6005618572235107,426,599,36.32076104268862,26.26938246148654,0.8321967124938965,226.0,517.5964177500604,96,0.22535211267605634,none,45300493.52795723,0.9788235294117648,832,850,0.9764705882352941,0.9811764705882353
二维高密度场景,2,750,P8_ExtremeHigh,0.7,0.15,0.28,custom_pid,18,True,2364.3764374325383,1.007321834564209,279,358,36.589485252137585,33.48019270587583,0.26244139671325684,79.0,447.7902501284941,53,0.18996415770609318,none,46240935.881809846,0.9658273381294964,537,556,0.9676258992805755,0.9640287769784173
二维高密度场景,2,750,P8_ExtremeHigh,0.7,0.15,0.28,custom_pid,19,True,3029.059102036943,2.268568277359009,595,852,39.68608707794757,27.738208349824703,1.4671721458435059,395.0,529.7951212769755,136,0.22857142857142856,none,45751696.064950146,0.9890572390572391,1175,1188,0.9865319865319865,0.9915824915824916
二维高密度场景,2,750,P8_ExtremeHigh,0.7,0.15,0.28,custom_pid,20,False,inf,3.0235254764556885,750,1088,inf,0.0,inf,inf,503.3011995973793,148,0.19733333333333333,divergence,46580923.45282291,0.9886666666666667,1483,1500,0.9893333333333333,0.988
二维高密度场景,2,750,P8_ExtremeHigh,0.7,0.15,0.28,custom_pid,21,True,2675.0036967650003,1.8985114097595215,539,662,39.4244091464117,28.887566492033983,1.1281051635742188,339.0,472.937146697973,91,0.16883116883116883,none,45899838.03037242,0.9869888475836431,1062,1076,0.9907063197026023,0.983271375464684
二维高密度场景,2,750,P8_ExtremeHigh,0.7,0.15,0.28,custom_pid,22,False,inf,3.0250370502471924,750,1100,inf,0.0,inf,inf,530.4398332645446,170,0.22666666666666666,divergence,45894680.970108196,0.9866666666666667,1480,1500,0.9893333333333333,0.984
二维高密度场景,2,750,P8_ExtremeHigh,0.7,0.15,0.28,custom_pid,23,True,2813.2894551509007,1.9406356811523438,517,696,36.22219505942495,30.001777848891525,1.1618659496307373,317.0,509.9365398632131,128,0.24758220502901354,none,45762129.5211301,0.9844961240310077,1016,1032,0.9844961240310077,0.9844961240310077
二维高密度场景,2,750,P8_ExtremeHigh,0.7,0.15,0.28,custom_pid,24,True,2978.0131781317386,1.3601486682891846,361,488,35.77443181506488,27.435271460269625,0.6049447059631348,161.0,488.2614051284111,71,0.19667590027700832,none,46070374.925089896,0.9847222222222223,709,720,0.9861111111111112,0.9833333333333333
二维高密度场景,2,750,P8_ExtremeHigh,0.7,0.15,0.28,custom_pid,25,True,2362.9262034946755,1.4277057647705078,388,528,39.498379713590815,28.05146248641001,0.7061338424682617,188.0,504.28543136670544,70,0.18041237113402062,none,45788627.0048299,0.979328165374677,758,774,0.9844961240310077,0.9741602067183462
二维高密度场景,2,750,P8_ExtremeHigh,0.7,0.15,0.28,custom_pid,26,True,2589.8037877225597,1.8205277919769287,474,696,42.39628104367875,27.864492935053107,1.0275115966796875,274.0,511.1774527173255,106,0.22362869198312235,none,45947552.38850377,0.9788583509513742,926,946,0.9809725158562368,0.9767441860465116
二维高密度场景,2,750,P8_ExtremeHigh,0.7,0.15,0.28,custom_pid,27,False,inf,2.889915704727173,750,1080,inf,0.0,inf,inf,525.3496377973735,158,0.21066666666666667,divergence,45921985.170974836,0.9886666666666667,1483,1500,0.9933333333333333,0.984
二维高密度场景,2,750,P8_ExtremeHigh,0.7,0.15,0.28,custom_pid,28,True,2359.2856791078298,2.702975034713745,750,940,41.119394309220986,28.266702945147635,2.0591225624084473,594.0,522.4996511533598,154,0.20533333333333334,none,44996668.38966581,0.988,1482,1500,0.988,0.988
二维高密度场景,2,750,P8_ExtremeHigh,0.7,0.15,0.28,custom_pid,29,True,2432.518745269132,3.008857488632202,750,1113,45.47600771268281,26.575175466926922,2.31854510307312,596.0,546.677539676618,182,0.24266666666666667,none,45560857.95684086,0.9926666666666667,1489,1500,0.9933333333333333,0.992
二维高密度场景,2,750,P8_ExtremeHigh,0.7,0.15,0.28,custom_pid,30,False,inf,2.7951865196228027,750,1019,inf,0.0,inf,inf,528.4954280401145,150,0.2,divergence,45900902.38530236,0.9913333333333333,1487,1500,0.9933333333333333,0.9893333333333333
二维高密度场景,2,750,P9_Maximum,0.8,0.18,0.32,custom_pid,1,True,2696.516699519441,2.9377520084381104,750,1105,41.84489525867327,35.64207492969914,2.6525075435638428,685.0,544.0607352389588,181,0.24133333333333334,none,46705177.64541013,0.9893333333333333,1484,1500,0.9893333333333333,0.9893333333333333
二维高密度场景,2,750,P9_Maximum,0.8,0.18,0.32,custom_pid,2,True,2432.060445193566,1.5115783214569092,402,601,38.12259028235952,29.147574622130136,0.7397971153259277,202.0,480.8191648979775,89,0.22139303482587064,none,45445863.60755211,0.9775561097256857,784,802,0.970074812967581,0.9850374064837906
二维高密度场景,2,750,P9_Maximum,0.8,0.18,0.32,custom_pid,3,True,2427.3275617608274,1.0901014804840088,301,417,41.239948069416805,31.56529760900737,0.37415027618408203,101.0,501.5555353695348,69,0.2292358803986711,none,45777389.95695702,0.98,588,600,0.9833333333333333,0.9766666666666667
二维高密度场景,2,750,P9_Maximum,0.8,0.18,0.32,custom_pid,4,True,2483.6389840414886,1.0250964164733887,269,400,35.22448189096493,33.6080134636094,0.25442051887512207,69.0,486.7451029724402,55,0.20446096654275092,none,45792458.23567811,0.957089552238806,513,536,0.9589552238805971,0.9552238805970149
二维高密度场景,2,750,P9_Maximum,0.8,0.18,0.32,custom_pid,5,True,2590.2902792622613,2.8791472911834717,744,1070,38.89118582515262,32.35279973393056,2.0178585052490234,544.0,545.1892272895068,163,0.21908602150537634,none,46004140.1609989,0.9925975773889637,1475,1486,0.990578734858681,0.9946164199192463
二维高密度场景,2,750,P9_Maximum,0.8,0.18,0.32,custom_pid,6,True,2416.58969310697,1.041771411895752,306,378,39.65413447732481,31.326536749571297,0.3333699703216553,106.0,495.9706550346889,53,0.17320261437908496,none,46105900.35251264,0.9737704918032787,594,610,0.9704918032786886,0.9770491803278688
二维高密度场景,2,750,P9_Maximum,0.8,0.18,0.32,custom_pid,7,True,2392.7200912741605,0.9765257835388184,258,360,38.46353064341013,24.42747323743967,0.2133793830871582,58.0,472.6068182508674,44,0.17054263565891473,none,45901821.65386356,0.9727626459143969,500,514,0.9649805447470817,0.980544747081712
二维高密度场景,2,750,P9_Maximum,0.8,0.18,0.32,custom_pid,8,True,2371.421654893104,2.929054021835327,750,1063,35.14836325931944,28.261288368465312,2.236238479614258,591.0,520.1371270096398,173,0.23066666666666666,none,45631843.26956649,0.9926666666666667,1489,1500,0.992,0.9933333333333333
二维高密度场景,2,750,P9_Maximum,0.8,0.18,0.32,custom_pid,9,True,2271.9428006696817,0.909874439239502,247,328,35.70832242656582,30.402788004822256,0.1959834098815918,47.0,471.1283429127321,60,0.242914979757085,none,45763369.66060287,0.9532520325203252,469,492,0.9512195121951219,0.9552845528455285
二维高密度场景,2,750,P9_Maximum,0.8,0.18,0.32,custom_pid,10,True,2442.16080898518,0.9180293083190918,250,331,34.2577720319293,33.82507271757684,0.19335246086120605,50.0,461.24670323776036,48,0.192,none,45792559.69746605,0.9678714859437751,482,498,0.9558232931726908,0.9799196787148594
二维高密度场景,2,750,P9_Maximum,0.8,0.18,0.32,custom_pid,11,True,2809.5648350718375,2.9235241413116455,750,1067,38.30945572921682,34.67691152684385,2.6310179233551025,681.0,534.6663683974547,177,0.236,none,45736838.291665114,0.9853333333333333,1478,1500,0.9893333333333333,0.9813333333333333
二维高密度场景,2,750,P9_Maximum,0.8,0.18,0.32,custom_pid,12,True,3075.5641020360345,2.943016767501831,750,1066,34.44456760799951,32.31151392400746,2.3086438179016113,604.0,519.3269397518701,159,0.212,none,45848522.18274644,0.99,1485,1500,0.9946666666666667,0.9853333333333333
二维高密度场景,2,750,P9_Maximum,0.8,0.18,0.32,custom_pid,13,True,2215.2749820102426,2.0004971027374268,539,753,32.60173447587775,30.800745270898464,1.2554163932800293,339.0,540.5782447934794,117,0.21706864564007422,none,46041052.22003587,0.9888475836431226,1064,1076,0.9925650557620818,0.9851301115241635
二维高密度场景,2,750,P9_Maximum,0.8,0.18,0.32,custom_pid,14,True,3078.1417886084137,2.243664503097534,614,806,42.99836419158783,29.06708855850808,1.447012186050415,414.0,551.1221606068488,113,0.18403908794788273,none,45518877.918891795,0.9934747145187602,1218,1226,0.9951060358890701,0.9918433931484503
二维高密度场景,2,750,P9_Maximum,0.8,0.18,0.32,custom_pid,15,True,2489.61930987868,2.65289044380188,669,1013,41.01559067475383,24.215477828656066,1.8314120769500732,469.0,518.8448864563127,158,0.23617339312406577,none,45151035.40425097,0.9827844311377245,1313,1336,0.9865269461077845,0.9790419161676647
二维高密度场景,2,750,P9_Maximum,0.8,0.18,0.32,custom_pid,16,True,2939.3930979127576,1.6288323402404785,453,618,39.229252278097334,28.172105704078827,0.8689537048339844,253.0,511.4535931885375,89,0.19646799116997793,none,45680526.52347287,0.9734513274336283,880,904,0.9601769911504425,0.9867256637168141
二维高密度场景,2,750,P9_Maximum,0.8,0.18,0.32,custom_pid,17,True,2713.0912707669595,1.2031924724578857,329,456,40.72912892622768,30.59416353850173,0.47449779510498047,129.0,501.5023450788977,78,0.23708206686930092,none,45816260.7010882,0.9740853658536586,639,656,0.9847560975609756,0.9634146341463414
二维高密度场景,2,750,P9_Maximum,0.8,0.18,0.32,custom_pid,18,True,2513.4681603143176,1.1054563522338867,340,394,40.121611804233105,24.415973325343863,0.38289332389831543,140.0,487.9976846442203,53,0.15588235294117647,none,45977327.22359735,0.9749262536873157,661,678,0.9882005899705014,0.9616519174041298
二维高密度场景,2,750,P9_Maximum,0.8,0.18,0.32,custom_pid,19,False,inf,2.866593599319458,750,1015,inf,0.0,inf,inf,533.9378891396462,173,0.23066666666666666,divergence,44953422.010527946,0.994,1491,1500,0.996,0.992
二维高密度场景,2,750,P9_Maximum,0.8,0.18,0.32,custom_pid,20,True,2696.140494304436,1.9512970447540283,517,720,42.764099319477815,28.09322034712139,1.160891056060791,317.0,506.4612361629987,100,0.19342359767891681,none,45865319.137910746,0.9844961240310077,1016,1032,0.9922480620155039,0.9767441860465116
二维高密度场景,2,750,P9_Maximum,0.8,0.18,0.32,custom_pid,21,False,inf,2.9537012577056885,750,1038,inf,0.0,inf,inf,543.346822159262,147,0.196,divergence,45621072.3418451,0.988,1482,1500,0.984,0.992
二维高密度场景,2,750,P9_Maximum,0.8,0.18,0.32,custom_pid,22,False,inf,3.010777711868286,750,1102,inf,0.0,inf,inf,548.6409452071899,182,0.24266666666666667,divergence,46402447.49918292,0.984,1476,1500,0.9826666666666667,0.9853333333333333
二维高密度场景,2,750,P9_Maximum,0.8,0.18,0.32,custom_pid,23,True,2365.872758395884,2.372971773147583,638,862,40.09848001841028,32.073438663035745,1.583083152770996,438.0,525.994730349102,127,0.19905956112852666,none,46355763.6506124,0.9866562009419152,1257,1274,0.9874411302982732,0.9858712715855573
二维高密度场景,2,750,P9_Maximum,0.8,0.18,0.32,custom_pid,24,False,inf,2.9299986362457275,750,1037,inf,0.0,inf,inf,554.9209733116805,145,0.19333333333333333,divergence,46247621.95636993,0.9873333333333333,1481,1500,0.9866666666666667,0.988
二维高密度场景,2,750,P9_Maximum,0.8,0.18,0.32,custom_pid,25,True,2959.96145893008,2.7057974338531494,711,986,39.03291604267148,32.06197844351395,1.869645357131958,511.0,540.4293401164538,176,0.24753867791842477,none,46612099.44429561,0.9880281690140845,1403,1420,0.9915492957746479,0.9845070422535211
二维高密度场景,2,750,P9_Maximum,0.8,0.18,0.32,custom_pid,26,True,2389.987115499512,0.9133481979370117,271,349,37.62487101782191,31.51988147157996,0.23207759857177734,71.0,478.8603993481689,40,0.14760147601476015,none,45421749.84886596,0.9666666666666667,522,540,0.9703703703703703,0.9629629629629629
二维高密度场景,2,750,P9_Maximum,0.8,0.18,0.32,custom_pid,27,True,2407.5045892795424,0.9864649772644043,284,342,34.59860700387433,23.790693982839727,0.2871437072753906,84.0,486.0572010181883,52,0.18309859154929578,none,45619583.00654147,0.9734982332155477,551,566,0.9681978798586572,0.9787985865724381
二维高密度场景,2,750,P9_Maximum,0.8,0.18,0.32,custom_pid,28,True,2259.997529374571,2.192699432373047,586,802,34.3462775702961,29.33236118564947,1.406421422958374,386.0,514.2740746954262,121,0.20648464163822525,none,45784301.68048535,0.9871794871794872,1155,1170,0.9897435897435898,0.9846153846153847
二维高密度场景,2,750,P9_Maximum,0.8,0.18,0.32,custom_pid,29,True,2531.5296793035413,2.767993211746216,732,1013,44.83027963942134,26.424016773083117,1.9361903667449951,532.0,506.01058134382873,144,0.19672131147540983,none,45806513.75176103,0.9931600547195623,1452,1462,0.9917920656634747,0.9945280437756497
二维高密度场景,2,750,P9_Maximum,0.8,0.18,0.32,custom_pid,30,True,2367.787851463265,0.9102849960327148,243,348,38.24189090134066,31.609735611320392,0.17276334762573242,43.0,454.814117067423,43,0.17695473251028807,none,45625385.22788332,0.9648760330578512,467,484,0.9669421487603306,0.9628099173553719
三维高密度场景,3,950,P1_VeryLow,0.05,0.01,0.02,custom_pid,1,True,3267.1791784873767,6.287447214126587,950,1806,45.02131694730343,99.38599461663163,5.063402891159058,800.0,609.3570812461833,228,0.24,none,431721454501.93835,0.9936842105263158,1888,1900,0.9926315789473684,0.9947368421052631
三维高密度场景,3,950,P1_VeryLow,0.05,0.01,0.02,custom_pid,2,True,2896.305296768947,1.2736928462982178,240,461,39.79669916148535,105.71527289604282,0.22555756568908691,40.0,496.2558721714333,50,0.20833333333333334,none,429263619765.69543,0.9748953974895398,466,478,0.9790794979079498,0.9707112970711297
三维高密度场景,3,950,P1_VeryLow,0.05,0.01,0.02,custom_pid,3,True,3646.9125066343813,6.253811597824097,950,1812,49.425291696136014,89.98494774526131,5.038174152374268,800.0,647.7101834291176,220,0.23157894736842105,none,419415524451.19214,0.9957894736842106,1892,1900,0.9957894736842106,0.9957894736842106
三维高密度场景,3,950,P1_VeryLow,0.05,0.01,0.02,custom_pid,4,True,4496.2263153836275,6.257284164428711,950,1835,47.66402768306873,91.73671608335299,5.017271041870117,800.0,624.0139381456057,197,0.2073684210526316,none,432517028479.75146,0.9947368421052631,1890,1900,0.9947368421052631,0.9947368421052631
三维高密度场景,3,950,P1_VeryLow,0.05,0.01,0.02,custom_pid,5,True,3102.5491455776487,6.328463792800903,950,1830,50.404093339700125,100.27774680019745,5.101015090942383,800.0,622.3902221663444,201,0.21157894736842106,none,428057342645.0999,0.9952631578947368,1891,1900,0.9978947368421053,0.9926315789473684
三维高密度场景,3,950,P1_VeryLow,0.05,0.01,0.02,custom_pid,6,True,3914.8874120771306,6.263799667358398,950,1835,45.370755213885744,95.57551416696333,5.038979530334473,800.0,618.7151592818419,215,0.22631578947368422,none,422050037231.7579,0.9952631578947368,1891,1900,0.9947368421052631,0.9957894736842106
三维高密度场景,3,950,P1_VeryLow,0.05,0.01,0.02,custom_pid,7,True,3805.330863163167,6.374900579452515,950,1846,46.93417320357481,101.1924715624387,5.129913806915283,800.0,622.8243603438734,238,0.2505263157894737,none,436508061504.3258,0.9936842105263158,1888,1900,0.9957894736842106,0.991578947368421
三维高密度场景,3,950,P1_VeryLow,0.05,0.01,0.02,custom_pid,8,True,3680.543584095904,6.248796701431274,950,1828,48.09082347691897,94.43643023361344,5.00376296043396,800.0,622.9173247783829,204,0.21473684210526317,none,426697625632.75757,0.9936842105263158,1888,1900,0.9947368421052631,0.9926315789473684
三维高密度场景,3,950,P1_VeryLow,0.05,0.01,0.02,custom_pid,9,True,3389.8371294533104,6.32491660118103,950,1832,44.28738165463057,90.63867590897162,5.081858396530151,800.0,619.8539511592027,218,0.2294736842105263,none,433645539356.27344,0.9952631578947368,1891,1900,0.9968421052631579,0.9936842105263158
三维高密度场景,3,950,P1_VeryLow,0.05,0.01,0.02,custom_pid,10,True,3047.1282719188107,6.331175804138184,950,1818,47.053689542740855,92.22507808957128,5.082559585571289,800.0,615.7875967277365,230,0.24210526315789474,none,443808740437.6293,0.9931578947368421,1887,1900,0.9905263157894737,0.9957894736842106
三维高密度场景,3,950,P1_VeryLow,0.05,0.01,0.02,custom_pid,11,True,3532.9908783348897,6.332339763641357,950,1819,50.8659314890794,82.33475364407099,5.08201789855957,800.0,612.7320902532653,213,0.22421052631578947,none,421481802656.0821,0.9947368421052631,1890,1900,0.9947368421052631,0.9947368421052631
三维高密度场景,3,950,P1_VeryLow,0.05,0.01,0.02,custom_pid,12,True,3169.5683536973556,2.728562116622925,516,968,46.52714510990925,84.87871716061682,1.6306774616241455,316.0,558.175199015141,127,0.24612403100775193,none,433870133628.1774,0.9912621359223301,1021,1030,0.9922330097087378,0.9902912621359223
三维高密度场景,3,950,P1_VeryLow,0.05,0.01,0.02,custom_pid,13,True,3387.07445187495,6.401388645172119,950,1827,50.78050592239352,95.56010660608464,5.158231019973755,800.0,625.2730444804811,213,0.22421052631578947,none,436570708801.5209,0.9963157894736843,1893,1900,0.9968421052631579,0.9957894736842106
三维高密度场景,3,950,P1_VeryLow,0.05,0.01,0.02,custom_pid,14,True,2962.899636598608,1.2615225315093994,242,460,45.397317179621055,99.58946209985723,0.23119282722473145,42.0,517.7839490313709,50,0.2066115702479339,none,426830117293.8236,0.9771784232365145,471,482,0.970954356846473,0.983402489626556
三维高密度场景,3,950,P1_VeryLow,0.05,0.01,0.02,custom_pid,15,True,2752.7748317751284,6.112986326217651,924,1754,42.60931994906575,112.36798169967516,4.22098183631897,724.0,605.2256097066754,229,0.24783549783549783,none,435019824508.7405,0.991332611050921,1830,1846,0.9902491874322861,0.9924160346695557
三维高密度场景,3,950,P1_VeryLow,0.05,0.01,0.02,custom_pid,16,True,3520.8525944168687,6.257079601287842,950,1811,52.6368852006371,109.56688612928295,5.031292676925659,800.0,611.595732919682,194,0.20421052631578948,none,434245080354.59247,0.9942105263157894,1889,1900,0.9926315789473684,0.9957894736842106
三维高密度场景,3,950,P1_VeryLow,0.05,0.01,0.02,custom_pid,17,True,3154.999085402168,6.340627431869507,950,1829,43.82904262646938,104.41985137384792,5.08289361000061,800.0,650.7277231448132,196,0.2063157894736842,none,438794267366.9795,0.9957894736842106,1892,1900,0.9957894736842106,0.9957894736842106
三维高密度场景,3,950,P1_VeryLow,0.05,0.01,0.02,custom_pid,18,True,3262.265783947209,6.3344292640686035,950,1831,44.42435522544166,100.04093469541574,5.082939386367798,800.0,625.2086563020499,217,0.22842105263157894,none,431729278473.01105,0.9910526315789474,1883,1900,0.9926315789473684,0.9894736842105263
三维高密度场景,3,950,P1_VeryLow,0.05,0.01,0.02,custom_pid,19,True,3671.9999339499577,6.316472053527832,950,1810,49.07242049705143,87.5338807005054,5.08886194229126,800.0,620.6677045614491,241,0.2536842105263158,none,434215082458.2534,0.9942105263157894,1889,1900,0.9936842105263158,0.9947368421052631
三维高密度场景,3,950,P1_VeryLow,0.05,0.01,0.02,custom_pid,20,True,3534.4714570098863,6.327110528945923,950,1838,43.75080083252613,93.62554966882423,5.0955421924591064,800.0,613.3002915703726,221,0.2326315789473684,none,440912371669.1393,0.9942105263157894,1889,1900,0.9936842105263158,0.9947368421052631
三维高密度场景,3,950,P1_VeryLow,0.05,0.01,0.02,custom_pid,21,True,2740.0421454203106,6.21518349647522,950,1779,46.92210837365145,131.32369981486084,4.991769552230835,800.0,612.8488728050276,215,0.22631578947368422,none,428811376375.2279,0.9931578947368421,1887,1900,0.9926315789473684,0.9936842105263158
三维高密度场景,3,950,P1_VeryLow,0.05,0.01,0.02,custom_pid,22,True,3498.858950496966,6.399397611618042,950,1821,48.76546108335532,100.27468404385114,5.136885643005371,800.0,629.3576010259939,229,0.24105263157894738,none,429891325786.6735,0.9931578947368421,1887,1900,0.9947368421052631,0.991578947368421
三维高密度场景,3,950,P1_VeryLow,0.05,0.01,0.02,custom_pid,23,True,3403.4156292966973,6.7706708908081055,950,1817,42.93123266642267,89.03013583077882,5.098466873168945,800.0,622.5498169438182,215,0.22631578947368422,none,432586412169.3502,0.9936842105263158,1888,1900,0.9926315789473684,0.9947368421052631
三维高密度场景,3,950,P1_VeryLow,0.05,0.01,0.02,custom_pid,24,True,3018.202616718291,8.188407182693481,950,1806,41.4828523653965,114.66397843840639,6.483938217163086,800.0,637.4712572831655,233,0.24526315789473685,none,436136413706.5177,0.9926315789473684,1886,1900,0.9926315789473684,0.9926315789473684
三维高密度场景,3,950,P1_VeryLow,0.05,0.01,0.02,custom_pid,25,True,3053.4551402602488,8.100911855697632,950,1823,45.198485582049706,104.86087738702108,6.5110063552856445,800.0,632.962890156916,207,0.21789473684210525,none,440572043753.99084,0.9910526315789474,1883,1900,0.9926315789473684,0.9894736842105263
三维高密度场景,3,950,P1_VeryLow,0.05,0.01,0.02,custom_pid,26,True,2854.8817027048935,8.350204706192017,950,1837,45.77125720428503,103.16161255031375,6.705728769302368,800.0,616.3918588272214,210,0.22105263157894736,none,438237967727.56696,0.9942105263157894,1889,1900,0.9957894736842106,0.9926315789473684
三维高密度场景,3,950,P1_VeryLow,0.05,0.01,0.02,custom_pid,27,True,3572.3914380934752,8.318886280059814,950,1781,51.66587749764995,84.97339072262902,6.636101007461548,800.0,630.0956816999446,206,0.2168421052631579,none,430552515733.5958,0.9968421052631579,1894,1900,0.9957894736842106,0.9978947368421053
三维高密度场景,3,950,P1_VeryLow,0.05,0.01,0.02,custom_pid,28,True,4032.654586370514,7.927981615066528,950,1807,51.03848586787892,95.05322491539854,6.3819739818573,800.0,636.0466990193955,208,0.21894736842105264,none,431174291145.2652,0.991578947368421,1884,1900,0.9926315789473684,0.9905263157894737
三维高密度场景,3,950,P1_VeryLow,0.05,0.01,0.02,custom_pid,29,True,3413.815326174836,8.300870180130005,950,1833,50.1877998600627,92.75876311409553,6.509893894195557,800.0,628.8481934968815,210,0.22105263157894736,none,436414939533.1228,0.9947368421052631,1890,1900,0.9947368421052631,0.9947368421052631
三维高密度场景,3,950,P1_VeryLow,0.05,0.01,0.02,custom_pid,30,True,3583.4261278818512,6.6959333419799805,950,1812,48.937590566574755,87.10712022465003,5.425151348114014,800.0,637.1674799820635,201,0.21157894736842106,none,435419763515.5167,0.991578947368421,1884,1900,0.9926315789473684,0.9905263157894737
三维高密度场景,3,950,P2_Low,0.1,0.02,0.04,custom_pid,1,True,3119.3779128968804,5.927767515182495,878,1681,48.84082195881958,106.81848544989725,4.018625497817993,678.0,634.4409945117775,171,0.1947608200455581,none,431614742783.80396,0.9948688711516533,1745,1754,0.9954389965792474,0.9942987457240593
三维高密度场景,3,950,P2_Low,0.1,0.02,0.04,custom_pid,2,True,3803.9620435406823,6.454195261001587,950,1836,46.456809340318664,87.01897343780645,5.196426630020142,800.0,627.3151097980069,210,0.22105263157894736,none,430392251616.6114,0.9936842105263158,1888,1900,0.9936842105263158,0.9936842105263158
三维高密度场景,3,950,P2_Low,0.1,0.02,0.04,custom_pid,3,True,3594.389236293031,6.2924487590789795,950,1815,45.25150816579989,94.44727482583603,5.04312539100647,800.0,635.2375170827338,217,0.22842105263157894,none,430418108403.7287,0.9968421052631579,1894,1900,0.9978947368421053,0.9957894736842106
三维高密度场景,3,950,P2_Low,0.1,0.02,0.04,custom_pid,4,True,2500.2550823042484,6.523173093795776,950,1823,48.26884415760558,134.91686912682945,5.151885032653809,800.0,632.0401931041569,212,0.2231578947368421,none,442814018982.2906,0.9957894736842106,1892,1900,0.9947368421052631,0.9968421052631579
三维高密度场景,3,950,P2_Low,0.1,0.02,0.04,custom_pid,5,True,2821.573423388137,6.649402618408203,950,1825,44.236062179424124,140.1464559332263,5.414663076400757,800.0,621.1732639424878,217,0.22842105263157894,none,423409460973.42456,0.9931578947368421,1887,1900,0.9936842105263158,0.9926315789473684
三维高密度场景,3,950,P2_Low,0.1,0.02,0.04,custom_pid,6,True,3671.496822726723,6.3304970264434814,950,1818,47.68186567158409,103.10476900544329,5.094014644622803,800.0,615.3949710255613,197,0.2073684210526316,none,428221444877.6124,0.9942105263157894,1889,1900,0.9957894736842106,0.9926315789473684
三维高密度场景,3,950,P2_Low,0.1,0.02,0.04,custom_pid,7,True,3387.741978663994,6.287749528884888,950,1840,49.27531227267282,83.79863182063488,5.034363269805908,800.0,640.1812040996068,218,0.2294736842105263,none,449923505060.2915,0.9968421052631579,1894,1900,0.9989473684210526,0.9947368421052631
三维高密度场景,3,950,P2_Low,0.1,0.02,0.04,custom_pid,8,True,3487.989388808958,6.248218059539795,950,1830,49.904991092423515,103.17235132988463,4.998860836029053,800.0,644.2051214532889,188,0.19789473684210526,none,426648586406.5732,0.9910526315789474,1883,1900,0.991578947368421,0.9905263157894737
三维高密度场景,3,950,P2_Low,0.1,0.02,0.04,custom_pid,9,True,3255.2015997735803,6.252634048461914,950,1827,44.35667514528456,112.47002900074592,5.008293390274048,800.0,633.45521767902,206,0.2168421052631579,none,433762218173.2237,0.9947368421052631,1890,1900,0.9936842105263158,0.9957894736842106
三维高密度场景,3,950,P2_Low,0.1,0.02,0.04,custom_pid,10,True,3572.0796191132363,6.2078588008880615,950,1812,47.3456514158321,87.14215741069528,4.98360800743103,800.0,639.471420552073,212,0.2231578947368421,none,440553093656.32544,0.9957894736842106,1892,1900,0.9947368421052631,0.9968421052631579
三维高密度场景,3,950,P2_Low,0.1,0.02,0.04,custom_pid,11,True,2792.174697433181,6.365357398986816,950,1827,54.73398807155007,106.6331594923162,5.133590936660767,800.0,634.9505362826875,210,0.22105263157894736,none,424404811064.5896,0.9942105263157894,1889,1900,0.9947368421052631,0.9936842105263158
三维高密度场景,3,950,P2_Low,0.1,0.02,0.04,custom_pid,12,True,2894.663588356618,6.215769052505493,950,1806,39.1522291427454,104.7858779711114,5.007255554199219,800.0,615.0202604834362,206,0.2168421052631579,none,428643536605.351,0.9942105263157894,1889,1900,0.991578947368421,0.9968421052631579
三维高密度场景,3,950,P2_Low,0.1,0.02,0.04,custom_pid,13,True,4002.6266838321517,6.265981435775757,950,1821,47.514869295640054,92.58891530907962,5.033524036407471,800.0,643.4703852527003,204,0.21473684210526317,none,430309365218.0339,0.9957894736842106,1892,1900,0.9968421052631579,0.9947368421052631
三维高密度场景,3,950,P2_Low,0.1,0.02,0.04,custom_pid,14,True,3352.208864796734,1.3487403392791748,262,491,52.23664357674276,94.44119483021576,0.3169717788696289,62.0,510.89227965402114,50,0.19083969465648856,none,428904362989.34827,0.9808429118773946,512,522,0.9923371647509579,0.9693486590038314
三维高密度场景,3,950,P2_Low,0.1,0.02,0.04,custom_pid,15,True,2914.166670789323,6.198483467102051,950,1810,49.78613367047869,110.86753595469756,4.972071886062622,800.0,636.1770510062114,193,0.2031578947368421,none,435005889876.63544,0.9957894736842106,1892,1900,0.9989473684210526,0.9926315789473684
三维高密度场景,3,950,P2_Low,0.1,0.02,0.04,custom_pid,16,True,3449.767162887445,6.302736520767212,950,1826,49.85293291219277,109.75736219192588,5.0684568881988525,800.0,632.2999576641978,196,0.2063157894736842,none,426868237672.84686,0.9952631578947368,1891,1900,0.9947368421052631,0.9957894736842106
三维高密度场景,3,950,P2_Low,0.1,0.02,0.04,custom_pid,17,True,3113.123814465763,6.22433066368103,950,1816,46.86325545438958,102.91986322906807,5.002197265625,800.0,631.3481367583753,222,0.2336842105263158,none,430899140062.7176,0.9878947368421053,1877,1900,0.9863157894736843,0.9894736842105263
三维高密度场景,3,950,P2_Low,0.1,0.02,0.04,custom_pid,18,True,2688.822736203403,6.212766885757446,950,1817,43.97031521078194,111.03847199824258,4.98937726020813,800.0,640.5177353523022,208,0.21894736842105264,none,444406000539.56134,0.9963157894736843,1893,1900,0.9978947368421053,0.9947368421052631
三维高密度场景,3,950,P2_Low,0.1,0.02,0.04,custom_pid,19,True,2946.0791954175984,6.263549566268921,950,1827,46.383133284200866,106.82674010493189,5.040071249008179,800.0,642.0825155302239,233,0.24526315789473685,none,434673894467.94763,0.9942105263157894,1889,1900,0.9957894736842106,0.9926315789473684
三维高密度场景,3,950,P2_Low,0.1,0.02,0.04,custom_pid,20,True,2801.1048503056463,6.221647024154663,950,1817,39.20256246338571,94.21599090096814,5.00158166885376,800.0,634.7419297084696,213,0.22421052631578947,none,434324684415.8077,0.9936842105263158,1888,1900,0.9968421052631579,0.9905263157894737
三维高密度场景,3,950,P2_Low,0.1,0.02,0.04,custom_pid,21,True,3337.1811085948384,1.89585542678833,364,694,46.34718526713459,82.5202840482967,0.851151704788208,164.0,531.9308517206395,77,0.21153846153846154,none,434790833677.85596,0.990358126721763,719,726,0.9862258953168044,0.9944903581267218
三维高密度场景,3,950,P2_Low,0.1,0.02,0.04,custom_pid,22,True,2792.588987048412,6.36631178855896,950,1840,50.487921553102424,112.77746496164208,5.0951220989227295,800.0,621.957113282128,212,0.2231578947368421,none,425197488682.9694,0.9926315789473684,1886,1900,0.9905263157894737,0.9947368421052631
三维高密度场景,3,950,P2_Low,0.1,0.02,0.04,custom_pid,23,True,3351.4208665869774,6.332629919052124,950,1824,48.366736443482985,90.33902513864729,5.07867956161499,800.0,616.8060849217962,214,0.22526315789473683,none,438635862104.1114,0.991578947368421,1884,1900,0.9873684210526316,0.9957894736842106
三维高密度场景,3,950,P2_Low,0.1,0.02,0.04,custom_pid,24,True,2947.7958764170316,1.3055248260498047,242,463,39.58058862076421,104.6377151877957,0.24032115936279297,42.0,516.3837538658338,44,0.18181818181818182,none,430920488460.95215,0.975103734439834,470,482,0.970954356846473,0.979253112033195
三维高密度场景,3,950,P2_Low,0.1,0.02,0.04,custom_pid,25,True,3210.0717006596665,1.3404755592346191,252,475,49.5323655539947,90.27613249294483,0.2838320732116699,52.0,483.18119762041107,48,0.19047619047619047,none,427978703123.1245,0.9780876494023905,491,502,0.9840637450199203,0.9721115537848606
三维高密度场景,3,950,P2_Low,0.1,0.02,0.04,custom_pid,26,True,3321.0705411616814,1.3796846866607666,265,500,48.19260042793945,93.59810806843869,0.3419067859649658,65.0,506.99478209231097,47,0.17735849056603772,none,432828944080.93756,0.9886363636363636,522,528,0.9886363636363636,0.9886363636363636
三维高密度场景,3,950,P2_Low,0.1,0.02,0.04,custom_pid,27,True,3543.2784245318107,6.220602989196777,950,1822,49.140626393954484,95.80997999920167,4.986598014831543,800.0,631.401842052096,228,0.24,none,429559494929.1168,0.9947368421052631,1890,1900,0.9957894736842106,0.9936842105263158
三维高密度场景,3,950,P2_Low,0.1,0.02,0.04,custom_pid,28,True,2928.2493312731003,6.225026845932007,950,1802,50.47445701430669,124.4233835811005,4.994741439819336,800.0,611.5790878623666,240,0.25263157894736843,none,426993209075.737,0.9947368421052631,1890,1900,0.9957894736842106,0.9936842105263158
三维高密度场景,3,950,P2_Low,0.1,0.02,0.04,custom_pid,29,True,3114.4071438750357,1.3289251327514648,252,477,45.38236330472965,79.31365942123414,0.2833247184753418,52.0,474.9065272056519,36,0.14285714285714285,none,429293293452.68994,0.9780876494023905,491,502,0.9760956175298805,0.9800796812749004
三维高密度场景,3,950,P2_Low,0.1,0.02,0.04,custom_pid,30,True,3593.0265961797404,4.73362398147583,788,1516,49.612382263371174,85.65014674246896,3.2815921306610107,588.0,618.8442814013845,182,0.23096446700507614,none,429920089367.8351,0.9942820838627701,1565,1574,0.9923761118170267,0.9961880559085133
三维高密度场景,3,950,P3_Low-Mid,0.2,0.03,0.08,custom_pid,1,True,3541.7138161690514,6.336427211761475,950,1828,46.23065693814124,104.02292967137541,5.087453842163086,800.0,610.467997440396,185,0.19473684210526315,none,431998247197.84546,0.9952631578947368,1891,1900,0.9957894736842106,0.9947368421052631
三维高密度场景,3,950,P3_Low-Mid,0.2,0.03,0.08,custom_pid,2,True,2919.5895825661382,1.3602092266082764,257,495,43.6182973527548,93.4975106691028,0.30284714698791504,57.0,498.4477088571612,49,0.19066147859922178,none,428261189341.3389,0.9765625,500,512,0.9765625,0.9765625
三维高密度场景,3,950,P3_Low-Mid,0.2,0.03,0.08,custom_pid,3,True,3258.3297165444997,1.3567664623260498,261,497,50.96783565135567,114.74860645200452,0.3112339973449707,61.0,505.4657745699094,46,0.17624521072796934,none,432585938980.6401,0.9788461538461538,509,520,0.9807692307692307,0.9769230769230769
三维高密度场景,3,950,P3_Low-Mid,0.2,0.03,0.08,custom_pid,4,True,3044.682204286085,6.310956716537476,950,1820,45.24037156945779,93.8074534014768,5.075828790664673,800.0,641.1019282976894,191,0.20105263157894737,none,434719292045.6402,0.9942105263157894,1889,1900,0.991578947368421,0.9968421052631579
三维高密度场景,3,950,P3_Low-Mid,0.2,0.03,0.08,custom_pid,5,True,2967.999678517848,6.055742025375366,907,1737,48.9051606360043,102.35174585183563,4.108828783035278,707.0,615.9667643174948,199,0.21940463065049615,none,430971905239.7783,0.9950331125827815,1803,1812,0.9944812362030905,0.9955849889624724
三维高密度场景,3,950,P3_Low-Mid,0.2,0.03,0.08,custom_pid,6,True,3699.757561131907,6.264294862747192,950,1834,47.287647380127915,90.75877221322412,5.019718170166016,800.0,631.6402239215781,210,0.22105263157894736,none,442191176996.3249,0.9968421052631579,1894,1900,0.9978947368421053,0.9957894736842106
三维高密度场景,3,950,P3_Low-Mid,0.2,0.03,0.08,custom_pid,7,True,3710.5607930283827,6.301726579666138,950,1840,45.69944835597534,103.15877653712703,5.053300142288208,800.0,624.9376131197765,223,0.23473684210526316,none,439683387240.3794,0.991578947368421,1884,1900,0.9905263157894737,0.9926315789473684
三维高密度场景,3,950,P3_Low-Mid,0.2,0.03,0.08,custom_pid,8,True,2879.8871857404397,6.269837141036987,950,1818,44.29580299227556,113.5592804517348,5.040639400482178,800.0,624.9339622704873,230,0.24210526315789474,none,421981895967.2773,0.9968421052631579,1894,1900,0.9989473684210526,0.9947368421052631
三维高密度场景,3,950,P3_Low-Mid,0.2,0.03,0.08,custom_pid,9,True,3503.97439090593,6.223804235458374,950,1826,48.659991936014855,80.06640472975758,5.00376296043396,800.0,627.5502971492672,204,0.21473684210526317,none,429418228856.92004,0.9931578947368421,1887,1900,0.9947368421052631,0.991578947368421
三维高密度场景,3,950,P3_Low-Mid,0.2,0.03,0.08,custom_pid,10,True,3411.9894420111973,6.168934106826782,950,1829,52.173539107887066,100.45636316343179,4.94441294670105,800.0,626.7625167075005,208,0.21894736842105264,none,448268572196.1692,0.9931578947368421,1887,1900,0.9894736842105263,0.9968421052631579
三维高密度场景,3,950,P3_Low-Mid,0.2,0.03,0.08,custom_pid,11,True,3366.9556704423603,6.208415508270264,950,1816,45.581539759005054,110.67784116910764,4.967129945755005,800.0,622.7782985279936,231,0.2431578947368421,none,438868414546.2713,0.9936842105263158,1888,1900,0.9926315789473684,0.9947368421052631
三维高密度场景,3,950,P3_Low-Mid,0.2,0.03,0.08,custom_pid,12,True,3556.4100304116646,6.316906929016113,950,1826,49.23585163072642,101.3040740741048,5.080258846282959,800.0,613.1795882410389,227,0.23894736842105263,none,427581500389.15845,0.9963157894736843,1893,1900,0.9968421052631579,0.9957894736842106
三维高密度场景,3,950,P3_Low-Mid,0.2,0.03,0.08,custom_pid,13,True,2781.0007680241456,6.166265249252319,950,1790,45.32556585690986,90.03905919824851,4.961946725845337,800.0,617.0538786848058,203,0.21368421052631578,none,433696330414.7599,0.9926315789473684,1886,1900,0.9936842105263158,0.991578947368421
三维高密度场景,3,950,P3_Low-Mid,0.2,0.03,0.08,custom_pid,14,True,3136.7263068395046,6.306604862213135,950,1831,53.21283791583371,92.75786938935552,5.077583074569702,800.0,627.7117849930295,213,0.22421052631578947,none,431766091719.07135,0.9947368421052631,1890,1900,0.9936842105263158,0.9957894736842106
三维高密度场景,3,950,P3_Low-Mid,0.2,0.03,0.08,custom_pid,15,True,4498.449945357393,6.220643758773804,950,1827,47.769310701926905,113.1245663718359,4.970531702041626,800.0,637.9147625627364,207,0.21789473684210525,none,428991659314.70544,0.9931578947368421,1887,1900,0.9947368421052631,0.991578947368421
三维高密度场景,3,950,P3_Low-Mid,0.2,0.03,0.08,custom_pid,16,True,2975.8539717898766,6.20602011680603,950,1825,46.70932432950254,99.37376472016199,4.978994846343994,800.0,627.3407899491833,240,0.25263157894736843,none,429438282835.3108,0.9952631578947368,1891,1900,0.9936842105263158,0.9968421052631579
三维高密度场景,3,950,P3_Low-Mid,0.2,0.03,0.08,custom_pid,17,True,3060.040934241329,6.38823938369751,950,1831,51.78104618360163,89.56626855402408,5.1574437618255615,800.0,653.679701696884,209,0.22,none,439695126869.3484,0.9947368421052631,1890,1900,0.9947368421052631,0.9947368421052631
三维高密度场景,3,950,P3_Low-Mid,0.2,0.03,0.08,custom_pid,18,True,3120.9876406389058,1.3697876930236816,260,499,46.87427453942335,98.308767323577,0.3243734836578369,60.0,523.2494298120567,42,0.16153846153846155,none,426400373152.6934,0.9787644787644788,507,518,0.9691119691119691,0.9884169884169884
三维高密度场景,3,950,P3_Low-Mid,0.2,0.03,0.08,custom_pid,19,True,3011.702361424719,6.072172403335571,950,1787,45.950741189710136,102.80456586992715,4.859965801239014,800.0,619.1572053647982,199,0.2094736842105263,none,433285159479.0647,0.9910526315789474,1883,1900,0.9894736842105263,0.9926315789473684
三维高密度场景,3,950,P3_Low-Mid,0.2,0.03,0.08,custom_pid,20,True,3529.302402535709,6.063182353973389,950,1770,42.91187196429971,111.07347044288586,4.8712663650512695,800.0,612.8962392799848,216,0.22736842105263158,none,442652357642.0562,0.9936842105263158,1888,1900,0.9968421052631579,0.9905263157894737
三维高密度场景,3,950,P3_Low-Mid,0.2,0.03,0.08,custom_pid,21,True,2659.7567007485422,6.357566595077515,950,1806,53.65264477684412,101.285276788264,5.106676816940308,800.0,619.0064359129784,200,0.21052631578947367,none,428081741752.08575,0.9942105263157894,1889,1900,0.9936842105263158,0.9947368421052631
三维高密度场景,3,950,P3_Low-Mid,0.2,0.03,0.08,custom_pid,22,True,3435.518217844569,6.538446664810181,950,1823,47.56962597924335,107.02380293437581,5.272770404815674,800.0,626.5676268202657,208,0.21894736842105264,none,430985457726.5065,0.9957894736842106,1892,1900,0.9978947368421053,0.9936842105263158
三维高密度场景,3,950,P3_Low-Mid,0.2,0.03,0.08,custom_pid,23,True,3461.026805165371,6.401299476623535,950,1817,49.600111879370075,86.8542339830983,5.164766073226929,800.0,634.0969101237811,222,0.2336842105263158,none,432257309068.22546,0.9952631578947368,1891,1900,0.9957894736842106,0.9947368421052631
三维高密度场景,3,950,P3_Low-Mid,0.2,0.03,0.08,custom_pid,24,True,3031.3414236725403,6.542816877365112,950,1844,43.266899608381934,97.38245459901442,5.279543876647949,800.0,623.4009091722443,203,0.21368421052631578,none,443019858742.217,0.9963157894736843,1893,1900,0.9968421052631579,0.9957894736842106
三维高密度场景,3,950,P3_Low-Mid,0.2,0.03,0.08,custom_pid,25,True,3323.674396905823,6.359245300292969,950,1817,49.441226064287484,90.6117844888499,5.117751836776733,800.0,626.667267826368,209,0.22,none,428941464730.5303,0.9942105263157894,1889,1900,0.9947368421052631,0.9936842105263158
三维高密度场景,3,950,P3_Low-Mid,0.2,0.03,0.08,custom_pid,26,True,3353.6453332857877,3.809335470199585,672,1261,51.139103704423164,73.18474918534069,2.4807839393615723,472.0,599.0480742938518,173,0.25744047619047616,none,452496502619.59436,0.9918032786885246,1331,1342,0.9955290611028316,0.9880774962742176
三维高密度场景,3,950,P3_Low-Mid,0.2,0.03,0.08,custom_pid,27,True,3225.901373240799,1.3640854358673096,258,487,46.26936411424604,82.56789005220352,0.29412078857421875,58.0,507.61438174696184,43,0.16666666666666666,none,430620578613.0441,0.9824902723735408,505,514,0.9766536964980544,0.9883268482490273
三维高密度场景,3,950,P3_Low-Mid,0.2,0.03,0.08,custom_pid,28,True,3042.85239953301,1.3501968383789062,254,493,47.15171548650368,98.01916763095701,0.29605674743652344,54.0,495.49666700655536,46,0.18110236220472442,none,426506337280.4253,0.9841897233201581,498,506,0.9920948616600791,0.9762845849802372
三维高密度场景,3,950,P3_Low-Mid,0.2,0.03,0.08,custom_pid,29,True,2820.6800296408765,6.348151206970215,950,1827,44.72455825716237,86.97707156613822,5.1081061363220215,800.0,607.4707671903734,219,0.2305263157894737,none,439132638677.08185,0.9947368421052631,1890,1900,0.991578947368421,0.9978947368421053
三维高密度场景,3,950,P3_Low-Mid,0.2,0.03,0.08,custom_pid,30,True,3462.3035555529223,6.242398500442505,950,1820,49.257935803674,94.96013958687442,5.019653558731079,800.0,645.6144867553257,194,0.20421052631578948,none,443568198425.753,0.991578947368421,1884,1900,0.9894736842105263,0.9936842105263158
三维高密度场景,3,950,P4_Mid,0.3,0.05,0.12,custom_pid,1,True,3587.0176412805013,6.224132061004639,950,1805,46.65444210117689,93.02739224430684,5.005322217941284,800.0,623.3694838390865,185,0.19473684210526315,none,433098651483.6031,0.9926315789473684,1886,1900,0.9936842105263158,0.991578947368421
三维高密度场景,3,950,P4_Mid,0.3,0.05,0.12,custom_pid,2,True,2779.973638313936,6.237957715988159,950,1800,41.74583568675631,107.21113555472607,4.9928200244903564,800.0,635.417282747381,210,0.22105263157894736,none,435593655696.3512,0.9942105263157894,1889,1900,0.9926315789473684,0.9957894736842106
三维高密度场景,3,950,P4_Mid,0.3,0.05,0.12,custom_pid,3,True,3293.2328691306984,6.324488639831543,950,1826,48.78931116783009,102.93010999990521,5.093249320983887,800.0,628.5495562906312,215,0.22631578947368422,none,445728073229.0926,0.9957894736842106,1892,1900,0.9957894736842106,0.9957894736842106
三维高密度场景,3,950,P4_Mid,0.3,0.05,0.12,custom_pid,4,True,3936.445949078365,6.215548038482666,950,1817,49.028187602591096,93.35360662134532,4.99071741104126,800.0,618.9542505256015,229,0.24105263157894738,none,436266508413.42255,0.9942105263157894,1889,1900,0.9947368421052631,0.9936842105263158
三维高密度场景,3,950,P4_Mid,0.3,0.05,0.12,custom_pid,5,True,3875.6368788745413,6.188933372497559,950,1825,48.59058329982255,87.13471101049531,4.958364486694336,800.0,626.5047874006124,228,0.24,none,423942221074.2185,0.9921052631578947,1885,1900,0.9905263157894737,0.9936842105263158
三维高密度场景,3,950,P4_Mid,0.3,0.05,0.12,custom_pid,6,True,3507.3887924641303,6.314416170120239,950,1836,45.504434178947626,104.69711923007013,5.088874578475952,800.0,620.6361396082377,221,0.2326315789473684,none,420728868845.7181,0.9963157894736843,1893,1900,0.9968421052631579,0.9957894736842106
三维高密度场景,3,950,P4_Mid,0.3,0.05,0.12,custom_pid,7,True,3137.00918597051,6.30974268913269,950,1829,47.34947710476926,79.71461216408672,5.0662455558776855,800.0,618.5123824823147,227,0.23894736842105263,none,430089593631.7974,0.9952631578947368,1891,1900,0.9957894736842106,0.9947368421052631
三维高密度场景,3,950,P4_Mid,0.3,0.05,0.12,custom_pid,8,True,3541.809436236331,3.312328815460205,583,1127,45.42719163004614,110.3079890088849,2.0700137615203857,383.0,589.3973725956581,117,0.2006861063464837,none,419347449954.5374,0.9922680412371134,1155,1164,0.9914089347079038,0.993127147766323
三维高密度场景,3,950,P4_Mid,0.3,0.05,0.12,custom_pid,9,True,3204.3417015688224,4.6130101680755615,778,1495,45.72317988980788,91.06165488655029,3.1864445209503174,578.0,604.765995385679,173,0.22236503856041132,none,425096236536.7108,0.9929214929214929,1543,1554,0.990990990990991,0.9948519948519948
三维高密度场景,3,950,P4_Mid,0.3,0.05,0.12,custom_pid,10,True,3208.8294035926556,6.3572916984558105,950,1829,47.934214138294784,97.48379714093375,5.111303329467773,800.0,630.6163736555169,204,0.21473684210526317,none,418529998404.8015,0.9936842105263158,1888,1900,0.9926315789473684,0.9947368421052631
三维高密度场景,3,950,P4_Mid,0.3,0.05,0.12,custom_pid,11,True,3003.4889764952654,6.373219013214111,950,1821,51.3525641830111,95.14909364673404,5.129814624786377,800.0,624.7331177312185,229,0.24105263157894738,none,428099527157.4307,0.9936842105263158,1888,1900,0.9947368421052631,0.9926315789473684
三维高密度场景,3,950,P4_Mid,0.3,0.05,0.12,custom_pid,12,True,3561.4630271520136,6.283625602722168,950,1825,46.74165291074817,100.23205529643097,5.042078256607056,800.0,626.4010097045755,214,0.22526315789473683,none,427021906305.75903,0.9963157894736843,1893,1900,0.9957894736842106,0.9968421052631579
三维高密度场景,3,950,P4_Mid,0.3,0.05,0.12,custom_pid,13,True,3784.370274044639,6.324386358261108,950,1811,44.40834495916223,95.12916796527273,5.073436260223389,800.0,625.0495382387086,214,0.22526315789473683,none,420628885435.6171,0.9947368421052631,1890,1900,0.991578947368421,0.9978947368421053
三维高密度场景,3,950,P4_Mid,0.3,0.05,0.12,custom_pid,14,True,4125.167400693496,6.409946441650391,950,1801,48.05795713026728,99.46925551932765,5.166003704071045,800.0,626.2854763596423,228,0.24,none,435942540740.7093,0.9936842105263158,1888,1900,0.9926315789473684,0.9947368421052631
三维高密度场景,3,950,P4_Mid,0.3,0.05,0.12,custom_pid,15,True,3251.667046814926,6.469503164291382,950,1833,40.77546519004259,116.01069857232395,5.201967716217041,800.0,638.8463886134365,205,0.21578947368421053,none,437689897352.1893,0.9936842105263158,1888,1900,0.9957894736842106,0.991578947368421
三维高密度场景,3,950,P4_Mid,0.3,0.05,0.12,custom_pid,16,True,2869.5511390655465,6.4778828620910645,950,1829,46.02201974676287,113.11155480060279,5.207509756088257,800.0,636.666633467234,226,0.23789473684210527,none,443560478413.6405,0.9968421052631579,1894,1900,0.9968421052631579,0.9968421052631579
三维高密度场景,3,950,P4_Mid,0.3,0.05,0.12,custom_pid,17,True,3226.5192635621174,6.342818975448608,950,1801,52.11802437124403,87.50172284978038,5.104116439819336,800.0,604.950120200105,223,0.23473684210526316,none,430694152914.6152,0.9942105263157894,1889,1900,0.9957894736842106,0.9926315789473684
三维高密度场景,3,950,P4_Mid,0.3,0.05,0.12,custom_pid,18,True,3074.9419862798713,6.37386679649353,950,1831,41.808062805774284,93.3584026883307,5.121527910232544,800.0,637.8973466682605,211,0.22210526315789475,none,430808629359.5319,0.9942105263157894,1889,1900,0.9947368421052631,0.9936842105263158
三维高密度场景,3,950,P4_Mid,0.3,0.05,0.12,custom_pid,19,True,4299.844708049679,6.2917866706848145,950,1801,52.42410787760167,100.85490240178406,5.050065040588379,800.0,622.3645691890059,206,0.2168421052631579,none,427309554581.7728,0.9942105263157894,1889,1900,0.9936842105263158,0.9947368421052631
三维高密度场景,3,950,P4_Mid,0.3,0.05,0.12,custom_pid,20,True,3227.8966081249596,6.416971683502197,950,1812,42.75781837348897,86.24770235161306,5.160252094268799,800.0,618.0423907587348,220,0.23157894736842105,none,427557421125.0788,0.9936842105263158,1888,1900,0.9968421052631579,0.9905263157894737
三维高密度场景,3,950,P4_Mid,0.3,0.05,0.12,custom_pid,21,True,2600.808739998895,6.494774103164673,950,1832,49.307945400984515,127.42116317009388,5.23599100112915,800.0,621.048904882844,194,0.20421052631578948,none,427156103109.31335,0.9942105263157894,1889,1900,0.9957894736842106,0.9926315789473684
三维高密度场景,3,950,P4_Mid,0.3,0.05,0.12,custom_pid,22,True,3113.402266036771,6.482267141342163,950,1839,44.99930693670906,79.69293802205907,5.208498239517212,800.0,641.0162018848661,214,0.22526315789473683,none,436641128571.59503,0.9910526315789474,1883,1900,0.9936842105263158,0.988421052631579
三维高密度场景,3,950,P4_Mid,0.3,0.05,0.12,custom_pid,23,True,3422.462070054203,1.530602216720581,285,542,46.12660777784085,89.9808512100655,0.45343565940856934,85.0,499.88989825977126,63,0.22105263157894736,none,424555264479.7602,0.9700704225352113,551,568,0.9683098591549296,0.971830985915493
三维高密度场景,3,950,P4_Mid,0.3,0.05,0.12,custom_pid,24,True,3470.9045198455105,6.314749717712402,950,1797,49.78182728326472,102.04965158649134,5.051471471786499,800.0,635.8754906041158,223,0.23473684210526316,none,429529608832.58203,0.9931578947368421,1887,1900,0.991578947368421,0.9947368421052631
三维高密度场景,3,950,P4_Mid,0.3,0.05,0.12,custom_pid,25,True,3394.6841477856337,6.283689260482788,950,1815,47.431297882989575,102.17129278996754,5.04865574836731,800.0,604.3492107271838,221,0.2326315789473684,none,429263102945.9593,0.9942105263157894,1889,1900,0.9936842105263158,0.9947368421052631
三维高密度场景,3,950,P4_Mid,0.3,0.05,0.12,custom_pid,26,True,3770.3884540992326,6.244584321975708,950,1835,47.25596044782696,89.52147978959633,5.005102157592773,800.0,627.3960021694845,223,0.23473684210526316,none,427644535082.0695,0.9942105263157894,1889,1900,0.9968421052631579,0.991578947368421
三维高密度场景,3,950,P4_Mid,0.3,0.05,0.12,custom_pid,27,True,4303.910932720323,6.220609664916992,950,1826,48.83190848611123,96.77265815844058,5.013843774795532,800.0,627.5920226342079,209,0.22,none,443524412949.03577,0.9936842105263158,1888,1900,0.9968421052631579,0.9905263157894737
三维高密度场景,3,950,P4_Mid,0.3,0.05,0.12,custom_pid,28,True,2767.266980998742,6.341212511062622,950,1844,47.17656047780926,98.72801494786347,5.07982873916626,800.0,634.2320965976525,220,0.23157894736842105,none,428995020181.46466,0.9952631578947368,1891,1900,0.9936842105263158,0.9968421052631579
三维高密度场景,3,950,P4_Mid,0.3,0.05,0.12,custom_pid,29,True,3082.472793891376,1.3056159019470215,248,477,50.42581908999704,104.34427053454549,0.2591729164123535,48.0,489.96828374313804,53,0.21370967741935484,none,435881038226.6084,0.9696356275303644,479,494,0.9757085020242915,0.9635627530364372
三维高密度场景,3,950,P4_Mid,0.3,0.05,0.12,custom_pid,30,True,3329.135551303232,4.063903331756592,706,1347,46.923636120473155,98.68118177036202,2.716865301132202,506.0,597.4183438008542,151,0.21388101983002833,none,428853984916.00183,0.9907801418439717,1397,1410,0.9872340425531915,0.9943262411347518
三维高密度场景,3,950,P5_Mid-High,0.4,0.07,0.16,custom_pid,1,True,4132.958798283881,6.339143753051758,950,1831,46.609889695944425,82.89489335026971,5.0965423583984375,800.0,608.4513818703348,204,0.21473684210526317,none,431315912021.80383,0.9947368421052631,1890,1900,0.9989473684210526,0.9905263157894737
三维高密度场景,3,950,P5_Mid-High,0.4,0.07,0.16,custom_pid,2,True,2789.8693088747555,6.267167329788208,950,1810,45.21349646346518,92.71155642555124,5.045881986618042,800.0,643.0899557882659,208,0.21894736842105264,none,428728215067.76514,0.9957894736842106,1892,1900,0.9968421052631579,0.9947368421052631
三维高密度场景,3,950,P5_Mid-High,0.4,0.07,0.16,custom_pid,3,True,3478.478272616048,6.268198251724243,950,1818,48.045863839002145,96.80053564077271,5.039224624633789,800.0,630.3982845283981,232,0.24421052631578946,none,428611369715.33545,0.9942105263157894,1889,1900,0.9947368421052631,0.9936842105263158
三维高密度场景,3,950,P5_Mid-High,0.4,0.07,0.16,custom_pid,4,True,3661.9418328634365,6.251688718795776,950,1819,48.86301267108899,93.49885162037525,5.028722047805786,800.0,615.9418277009247,191,0.20105263157894737,none,432701952070.0772,0.9963157894736843,1893,1900,0.9957894736842106,0.9968421052631579
三维高密度场景,3,950,P5_Mid-High,0.4,0.07,0.16,custom_pid,5,True,3154.8695806945025,6.330486297607422,950,1826,49.45245141610308,101.96539323000081,5.0914106369018555,800.0,626.2127868287469,219,0.2305263157894737,none,430396768801.9477,0.9947368421052631,1890,1900,0.9926315789473684,0.9968421052631579
三维高密度场景,3,950,P5_Mid-High,0.4,0.07,0.16,custom_pid,6,True,3317.7492768412058,6.246635437011719,950,1821,52.24848876909227,103.4073090460358,5.0143327713012695,800.0,631.2131692572273,208,0.21894736842105264,none,441269604294.22626,0.9910526315789474,1883,1900,0.991578947368421,0.9905263157894737
三维高密度场景,3,950,P5_Mid-High,0.4,0.07,0.16,custom_pid,7,True,2950.46776865473,6.224547386169434,950,1827,45.165285152337695,92.64068818948076,4.98700737953186,800.0,623.5074269225961,206,0.2168421052631579,none,443588620596.1115,0.9931578947368421,1887,1900,0.9926315789473684,0.9936842105263158
三维高密度场景,3,950,P5_Mid-High,0.4,0.07,0.16,custom_pid,8,True,3518.2410110232445,6.297916650772095,950,1820,53.26317217579499,88.24846512746099,5.058213472366333,800.0,624.9321560722217,205,0.21578947368421053,none,442564064091.07947,0.9978947368421053,1896,1900,0.9957894736842106,1.0
三维高密度场景,3,950,P5_Mid-High,0.4,0.07,0.16,custom_pid,9,True,2968.861765208728,6.18022608757019,950,1811,45.3088843278479,114.51226795770843,4.968331336975098,800.0,626.3747029406796,196,0.2063157894736842,none,436422849613.9497,0.9947368421052631,1890,1900,0.9926315789473684,0.9968421052631579
三维高密度场景,3,950,P5_Mid-High,0.4,0.07,0.16,custom_pid,10,True,3411.3751027706903,6.1835548877716064,950,1818,49.569437255225544,112.27702596768299,4.973361253738403,800.0,606.8394536119288,189,0.19894736842105262,none,432958127580.5127,0.9936842105263158,1888,1900,0.991578947368421,0.9957894736842106
三维高密度场景,3,950,P5_Mid-High,0.4,0.07,0.16,custom_pid,11,True,3463.2877238769283,6.210905075073242,950,1814,49.87652323245243,92.87308308219436,5.0052056312561035,800.0,658.2662073734407,196,0.2063157894736842,none,448807210493.3812,0.9947368421052631,1890,1900,0.9978947368421053,0.991578947368421
三维高密度场景,3,950,P5_Mid-High,0.4,0.07,0.16,custom_pid,12,True,3479.3396901386627,6.263660430908203,950,1837,48.612159636697186,94.85379508090791,5.03144097328186,800.0,634.9952227566025,212,0.2231578947368421,none,439031391509.786,0.9931578947368421,1887,1900,0.9936842105263158,0.9926315789473684
三维高密度场景,3,950,P5_Mid-High,0.4,0.07,0.16,custom_pid,13,True,3389.064621368574,6.2052083015441895,949,1813,43.119231291858135,87.71163844985938,4.304736137390137,749.0,642.7477584471654,223,0.23498419388830347,none,455917936653.8993,0.9936708860759493,1884,1896,0.9947257383966245,0.9926160337552743
三维高密度场景,3,950,P5_Mid-High,0.4,0.07,0.16,custom_pid,14,True,2628.7912611921747,6.331108808517456,950,1825,36.68261447516007,111.76934527658163,5.071229934692383,800.0,615.4299652692796,221,0.2326315789473684,none,441340609766.2171,0.9921052631578947,1885,1900,0.991578947368421,0.9926315789473684
三维高密度场景,3,950,P5_Mid-High,0.4,0.07,0.16,custom_pid,15,True,3150.365693091244,1.3900678157806396,262,505,44.33881384799249,94.16223096932202,0.3310537338256836,62.0,524.6693131294863,46,0.17557251908396945,none,428979216397.13446,0.9789272030651341,511,522,0.9846743295019157,0.9731800766283525
三维高密度场景,3,950,P5_Mid-High,0.4,0.07,0.16,custom_pid,16,True,3478.428947598848,6.320175409317017,950,1818,44.22476407318805,108.88304694092125,5.085322856903076,800.0,626.0328460183924,206,0.2168421052631579,none,438037377103.42395,0.9936842105263158,1888,1900,0.9936842105263158,0.9936842105263158
三维高密度场景,3,950,P5_Mid-High,0.4,0.07,0.16,custom_pid,17,True,3226.754870632325,1.690260887145996,319,603,43.428223441997226,117.57810039760491,0.6241347789764404,119.0,517.4463482820355,60,0.18808777429467086,none,429023650042.46704,0.9905660377358491,630,636,0.9874213836477987,0.9937106918238994
三维高密度场景,3,950,P5_Mid-High,0.4,0.07,0.16,custom_pid,18,True,3674.032779167269,6.299397230148315,950,1812,52.57017039103428,101.11150550587853,5.0626256465911865,800.0,611.5180800401007,207,0.21789473684210525,none,435530452003.2356,0.9952631578947368,1891,1900,0.9957894736842106,0.9947368421052631
三维高密度场景,3,950,P5_Mid-High,0.4,0.07,0.16,custom_pid,19,True,3219.3890912106285,2.1586556434631348,412,784,45.63331120087019,90.32014159084747,1.1191015243530273,212.0,550.8453071312856,82,0.19902912621359223,none,434419017061.53174,0.9878345498783455,812,822,0.9854014598540146,0.9902676399026764
三维高密度场景,3,950,P5_Mid-High,0.4,0.07,0.16,custom_pid,20,True,3712.883539683515,6.295602560043335,950,1805,46.99412559331491,89.74835244959748,5.0549843311309814,800.0,631.2125744686642,239,0.25157894736842107,none,434029716375.2508,0.9936842105263158,1888,1900,0.9947368421052631,0.9926315789473684
三维高密度场景,3,950,P5_Mid-High,0.4,0.07,0.16,custom_pid,21,True,3084.575136887787,6.349529266357422,950,1842,47.92063829315134,93.001373618074,5.1080286502838135,800.0,628.4705208389846,230,0.24210526315789474,none,420750872114.2012,0.99,1881,1900,0.9894736842105263,0.9905263157894737
三维高密度场景,3,950,P5_Mid-High,0.4,0.07,0.16,custom_pid,22,True,3960.7896513944825,6.272469758987427,950,1818,48.438715948603964,88.67232181131511,5.035122632980347,800.0,621.2998779499662,216,0.22736842105263158,none,442246546989.54175,0.9942105263157894,1889,1900,0.9957894736842106,0.9926315789473684
三维高密度场景,3,950,P5_Mid-High,0.4,0.07,0.16,custom_pid,23,True,3200.4042501052063,6.2521562576293945,950,1807,49.568262740735975,109.80527231087804,5.0203022956848145,800.0,615.2899089972349,230,0.24210526315789474,none,438347024914.73376,0.9952631578947368,1891,1900,0.9926315789473684,0.9978947368421053
三维高密度场景,3,950,P5_Mid-High,0.4,0.07,0.16,custom_pid,24,True,3221.9823924294183,6.300269365310669,950,1819,42.288157788078905,104.08217220744511,5.083247661590576,800.0,629.3641647074786,200,0.21052631578947367,none,436424969582.6191,0.9947368421052631,1890,1900,0.9957894736842106,0.9936842105263158
三维高密度场景,3,950,P5_Mid-High,0.4,0.07,0.16,custom_pid,25,True,3570.2045960884407,6.2910802364349365,950,1823,50.52882041310086,91.99488201039925,5.072189092636108,800.0,632.0622407616682,208,0.21894736842105264,none,418021595577.9238,0.9936842105263158,1888,1900,0.9947368421052631,0.9926315789473684
三维高密度场景,3,950,P5_Mid-High,0.4,0.07,0.16,custom_pid,26,True,3431.589465656205,6.2204461097717285,950,1799,52.17206260697915,110.00942424149903,4.991246223449707,800.0,624.2579296843063,195,0.20526315789473684,none,438746333180.2784,0.9957894736842106,1892,1900,0.9957894736842106,0.9957894736842106
三维高密度场景,3,950,P5_Mid-High,0.4,0.07,0.16,custom_pid,27,True,3466.206326140763,6.177576065063477,950,1806,47.415346374103244,96.70913669014658,4.960491418838501,800.0,613.7114510861511,232,0.24421052631578946,none,443216731935.3017,0.9968421052631579,1894,1900,0.9978947368421053,0.9957894736842106
三维高密度场景,3,950,P5_Mid-High,0.4,0.07,0.16,custom_pid,28,True,3099.9452748581552,1.2818055152893066,242,466,45.96064078445125,88.49768866494358,0.23334169387817383,42.0,490.1366582386788,55,0.22727272727272727,none,428955407387.077,0.983402489626556,474,482,0.970954356846473,0.995850622406639
三维高密度场景,3,950,P5_Mid-High,0.4,0.07,0.16,custom_pid,29,True,3048.115761457274,6.288650274276733,950,1829,47.04941763584935,97.99711176564688,5.045485258102417,800.0,637.540685690299,234,0.2463157894736842,none,428757331980.2869,0.9947368421052631,1890,1900,0.9947368421052631,0.9947368421052631
三维高密度场景,3,950,P5_Mid-High,0.4,0.07,0.16,custom_pid,30,True,3203.0655404821982,6.226038932800293,950,1807,51.32625230074072,107.74599799906122,5.0119500160217285,800.0,632.4069378949634,234,0.2463157894736842,none,439725002451.8145,0.9942105263157894,1889,1900,0.9957894736842106,0.9926315789473684
三维高密度场景,3,950,P6_High,0.5,0.1,0.2,custom_pid,1,True,4208.3225424648,6.187061548233032,950,1802,47.506560116067725,86.42958419091973,4.982210636138916,800.0,638.4900474962117,208,0.21894736842105264,none,437726122504.1021,0.9952631578947368,1891,1900,0.9936842105263158,0.9968421052631579
三维高密度场景,3,950,P6_High,0.5,0.1,0.2,custom_pid,2,True,3832.919298780898,6.292370557785034,950,1825,50.006933493791294,91.4714927562325,5.0698535442352295,800.0,633.558730405972,203,0.21368421052631578,none,441891192732.38104,0.9947368421052631,1890,1900,0.9926315789473684,0.9968421052631579
三维高密度场景,3,950,P6_High,0.5,0.1,0.2,custom_pid,3,True,3445.3980665921194,1.4209940433502197,275,519,48.32527955973537,88.35232260332457,0.374664306640625,75.0,524.1026631598368,47,0.1709090909090909,none,429082462858.4835,0.9671532846715328,530,548,0.9671532846715328,0.9671532846715328
三维高密度场景,3,950,P6_High,0.5,0.1,0.2,custom_pid,4,True,2524.2646585461175,6.304718732833862,950,1822,42.62859493796012,105.47864662790636,5.071222305297852,800.0,606.1143307024723,208,0.21894736842105264,none,440903449088.38904,0.9947368421052631,1890,1900,0.9957894736842106,0.9936842105263158
三维高密度场景,3,950,P6_High,0.5,0.1,0.2,custom_pid,5,True,4419.845054797869,6.2501184940338135,950,1849,49.87560759924161,98.24798163828267,5.0252525806427,800.0,624.2969170685403,238,0.2505263157894737,none,441431908350.42786,0.9947368421052631,1890,1900,0.9968421052631579,0.9926315789473684
三维高密度场景,3,950,P6_High,0.5,0.1,0.2,custom_pid,6,True,2835.849425179852,6.283158302307129,950,1824,42.22307118566137,93.36483639516089,5.0534827709198,800.0,628.8730935535683,179,0.18842105263157893,none,435458602095.6783,0.9957894736842106,1892,1900,0.9978947368421053,0.9936842105263158
三维高密度场景,3,950,P6_High,0.5,0.1,0.2,custom_pid,7,True,2776.7679031512425,6.306331396102905,950,1828,48.40290925437327,97.86804131600634,5.078214883804321,800.0,619.1294661460511,231,0.2431578947368421,none,428098399151.31537,0.9952631578947368,1891,1900,0.9926315789473684,0.9978947368421053
三维高密度场景,3,950,P6_High,0.5,0.1,0.2,custom_pid,8,True,3369.49826152199,6.2673726081848145,950,1828,50.79361625611136,87.35182500838953,5.046037673950195,800.0,621.4323625976065,232,0.24421052631578946,none,425181644095.38385,0.9942105263157894,1889,1900,0.991578947368421,0.9968421052631579
三维高密度场景,3,950,P6_High,0.5,0.1,0.2,custom_pid,9,True,3261.441331716762,6.235769033432007,950,1819,42.572697359786936,96.2817524113695,5.009783029556274,800.0,616.0046141262667,222,0.2336842105263158,none,434709839474.38806,0.9947368421052631,1890,1900,0.9947368421052631,0.9947368421052631
三维高密度场景,3,950,P6_High,0.5,0.1,0.2,custom_pid,10,True,3221.8927260529713,6.298182010650635,950,1812,44.855785947433226,83.92480448108205,5.088459253311157,800.0,630.4148987859675,200,0.21052631578947367,none,438967566478.2803,0.9957894736842106,1892,1900,0.9968421052631579,0.9947368421052631
三维高密度场景,3,950,P6_High,0.5,0.1,0.2,custom_pid,11,True,3203.3868837608284,6.2062788009643555,950,1798,42.9837898359151,90.90543056113785,4.988213062286377,800.0,630.8701966580045,230,0.24210526315789474,none,437017673995.4141,0.9931578947368421,1887,1900,0.9957894736842106,0.9905263157894737
三维高密度场景,3,950,P6_High,0.5,0.1,0.2,custom_pid,12,True,3589.0510450351026,6.296800374984741,950,1815,48.365675807074766,85.63002657554199,5.066222667694092,800.0,618.7065381590677,197,0.2073684210526316,none,430228545724.7313,0.9905263157894737,1882,1900,0.9894736842105263,0.991578947368421
三维高密度场景,3,950,P6_High,0.5,0.1,0.2,custom_pid,13,True,3666.0047320224303,6.349255084991455,950,1820,51.883618864012355,96.06649602338325,5.108238220214844,800.0,628.2816557696624,227,0.23894736842105263,none,434672616532.0068,0.9910526315789474,1883,1900,0.9936842105263158,0.988421052631579
三维高密度场景,3,950,P6_High,0.5,0.1,0.2,custom_pid,14,True,3291.0824020306563,6.226935148239136,950,1809,40.71679660469358,90.95049028831816,5.00597071647644,800.0,623.8036731701595,211,0.22210526315789475,none,436346842359.1535,0.9963157894736843,1893,1900,0.9968421052631579,0.9957894736842106
三维高密度场景,3,950,P6_High,0.5,0.1,0.2,custom_pid,15,True,3607.376966091036,6.243685007095337,950,1825,51.37742751315255,94.45560160031971,5.014804124832153,800.0,630.5939731062948,223,0.23473684210526316,none,429061576719.2061,0.9936842105263158,1888,1900,0.9936842105263158,0.9936842105263158
三维高密度场景,3,950,P6_High,0.5,0.1,0.2,custom_pid,16,True,3525.369750670246,6.571902751922607,950,1822,45.2539310304825,89.49651226597892,5.27170991897583,800.0,615.7811260268078,202,0.21263157894736842,none,434631423361.1443,0.9952631578947368,1891,1900,0.9957894736842106,0.9947368421052631
三维高密度场景,3,950,P6_High,0.5,0.1,0.2,custom_pid,17,True,3043.9881394993063,6.454020261764526,950,1815,52.256165031327676,98.76219679390518,5.204685211181641,800.0,634.1053901930698,204,0.21473684210526317,none,442797526727.2977,0.9947368421052631,1890,1900,0.9926315789473684,0.9968421052631579
三维高密度场景,3,950,P6_High,0.5,0.1,0.2,custom_pid,18,True,3094.60903341064,6.455508708953857,950,1810,41.869816022441256,108.28599406732683,5.180953025817871,800.0,635.6035946148922,210,0.22105263157894736,none,443237652427.3469,0.9931578947368421,1887,1900,0.9926315789473684,0.9936842105263158
三维高密度场景,3,950,P6_High,0.5,0.1,0.2,custom_pid,19,True,2733.9831184801487,6.258084535598755,950,1825,45.327958153460244,118.31890211272923,5.024189472198486,800.0,611.3401580190371,208,0.21894736842105264,none,427851229869.56635,0.9968421052631579,1894,1900,0.9978947368421053,0.9957894736842106
三维高密度场景,3,950,P6_High,0.5,0.1,0.2,custom_pid,20,True,3448.0996433859646,6.2393622398376465,950,1819,49.96595499255653,88.40806828536105,5.030352592468262,800.0,627.4194756438643,223,0.23473684210526316,none,428789921718.63403,0.9931578947368421,1887,1900,0.9936842105263158,0.9926315789473684
三维高密度场景,3,950,P6_High,0.5,0.1,0.2,custom_pid,21,True,3444.9011793593954,6.2439281940460205,950,1835,46.86101741071112,95.9401589684297,5.006573677062988,800.0,629.6757040286997,210,0.22105263157894736,none,452245082180.6846,0.9936842105263158,1888,1900,0.9957894736842106,0.991578947368421
三维高密度场景,3,950,P6_High,0.5,0.1,0.2,custom_pid,22,True,2974.448475425518,6.346397638320923,950,1836,40.44601063732666,102.6004504244245,5.0961387157440186,800.0,626.7816577342594,222,0.2336842105263158,none,447044621078.0644,0.9942105263157894,1889,1900,0.9936842105263158,0.9947368421052631
三维高密度场景,3,950,P6_High,0.5,0.1,0.2,custom_pid,23,True,3298.3190122944548,6.388572931289673,950,1828,45.61190320509438,79.59833484756687,5.148036479949951,800.0,643.3929386268502,214,0.22526315789473683,none,435071861131.6387,0.9921052631578947,1885,1900,0.9905263157894737,0.9936842105263158
三维高密度场景,3,950,P6_High,0.5,0.1,0.2,custom_pid,24,True,3112.827924074558,6.338490724563599,950,1842,43.03953302845952,104.50614446205104,5.058000326156616,800.0,620.1750538485047,231,0.2431578947368421,none,433712192955.52844,0.99,1881,1900,0.988421052631579,0.991578947368421
三维高密度场景,3,950,P6_High,0.5,0.1,0.2,custom_pid,25,True,3200.9555671067437,6.409284591674805,950,1811,51.096295117017185,99.88373826996856,5.148792028427124,800.0,642.0922814534483,200,0.21052631578947367,none,431500004862.7043,0.9947368421052631,1890,1900,0.9936842105263158,0.9957894736842106
三维高密度场景,3,950,P6_High,0.5,0.1,0.2,custom_pid,26,True,3243.1854609023476,6.496012926101685,950,1836,55.09909434980381,100.11387032752371,5.221966028213501,800.0,638.8648473918964,200,0.21052631578947367,none,442134835879.4518,0.9952631578947368,1891,1900,0.9968421052631579,0.9936842105263158
三维高密度场景,3,950,P6_High,0.5,0.1,0.2,custom_pid,27,True,3243.2789080948273,6.336014747619629,950,1802,43.07178475690515,93.81686217760183,5.086109399795532,800.0,638.2071716330237,226,0.23789473684210527,none,440050684225.96313,0.9968421052631579,1894,1900,0.9957894736842106,0.9978947368421053
三维高密度场景,3,950,P6_High,0.5,0.1,0.2,custom_pid,28,True,3579.004876100624,6.460911989212036,950,1829,46.09420320708893,108.39114467240319,5.1884472370147705,800.0,636.8330190813401,221,0.2326315789473684,none,431983196742.29816,0.9963157894736843,1893,1900,0.9978947368421053,0.9947368421052631
三维高密度场景,3,950,P6_High,0.5,0.1,0.2,custom_pid,29,True,3483.7846839175577,1.347365379333496,249,477,49.313777640657634,96.85947559126708,0.28206706047058105,49.0,490.59324730335123,49,0.19678714859437751,none,429731942379.2688,0.9717741935483871,482,496,0.9758064516129032,0.967741935483871
三维高密度场景,3,950,P6_High,0.5,0.1,0.2,custom_pid,30,True,3128.915308886882,5.622293949127197,858,1654,43.91282509829676,102.55497688643905,3.8031795024871826,658.0,608.326935767436,176,0.20512820512820512,none,435731133885.7497,0.9924154025670945,1701,1714,0.9929988331388565,0.9918319719953326
三维高密度场景,3,950,P7_VeryHigh,0.6,0.12,0.24,custom_pid,1,True,2873.0365248119915,6.388858318328857,950,1782,45.65998806897886,125.25116661956848,5.138043165206909,800.0,623.4540104671112,230,0.24210526315789474,none,440141167343.0124,0.9973684210526316,1895,1900,0.9989473684210526,0.9957894736842106
三维高密度场景,3,950,P7_VeryHigh,0.6,0.12,0.24,custom_pid,2,True,3345.008202506932,1.4196796417236328,264,491,44.291604527170165,91.61937016270579,0.34406089782714844,64.0,494.68565573152716,47,0.17803030303030304,none,428635023020.1943,0.9714828897338403,511,526,0.9695817490494296,0.973384030418251
三维高密度场景,3,950,P7_VeryHigh,0.6,0.12,0.24,custom_pid,3,True,3723.909289969194,6.357935667037964,950,1809,45.953053501471004,86.31170674802375,5.0971009731292725,800.0,634.0271269292483,219,0.2305263157894737,none,432224719050.8849,0.9968421052631579,1894,1900,0.9978947368421053,0.9957894736842106
三维高密度场景,3,950,P7_VeryHigh,0.6,0.12,0.24,custom_pid,4,True,3319.6669464639167,1.3611629009246826,251,482,48.41056815950016,90.22001144681073,0.2900407314300537,51.0,524.9966615196832,52,0.20717131474103587,none,426717767989.58966,0.96,480,500,0.96,0.96
三维高密度场景,3,950,P7_VeryHigh,0.6,0.12,0.24,custom_pid,5,True,2956.8171137750155,6.400682687759399,950,1798,52.043984974056066,94.44409497168566,5.158281564712524,800.0,629.0799679954469,212,0.2231578947368421,none,436103771602.3335,0.9926315789473684,1886,1900,0.9936842105263158,0.991578947368421
三维高密度场景,3,950,P7_VeryHigh,0.6,0.12,0.24,custom_pid,6,True,2745.997041539681,6.505630970001221,950,1845,46.19233880221878,90.26745853667248,4.877783298492432,799.0,621.0532876881616,195,0.20526315789473684,none,439687860908.9085,0.9931578947368421,1887,1900,0.9936842105263158,0.9926315789473684
三维高密度场景,3,950,P7_VeryHigh,0.6,0.12,0.24,custom_pid,7,True,3056.6978572399976,6.497165679931641,950,1837,42.53938677469336,99.93675041382232,5.235689878463745,800.0,621.3671337720206,225,0.23684210526315788,none,424491926693.0576,0.9936842105263158,1888,1900,0.991578947368421,0.9957894736842106
三维高密度场景,3,950,P7_VeryHigh,0.6,0.12,0.24,custom_pid,8,True,3146.338659116169,6.361859083175659,950,1825,49.4916784608015,100.10430389641894,5.117602109909058,800.0,615.1341062044579,195,0.20526315789473684,none,438968977298.0747,0.9947368421052631,1890,1900,0.9957894736842106,0.9936842105263158
三维高密度场景,3,950,P7_VeryHigh,0.6,0.12,0.24,custom_pid,9,True,3062.892312219455,2.8660194873809814,524,1005,47.4069126345109,110.10741181822198,1.716982364654541,324.0,576.9336790642094,99,0.18893129770992367,none,441838009881.4265,0.994263862332696,1040,1046,0.994263862332696,0.994263862332696
三维高密度场景,3,950,P7_VeryHigh,0.6,0.12,0.24,custom_pid,10,True,2871.157555114565,6.362141370773315,950,1815,41.78552304199276,100.9280153108549,5.1105687618255615,800.0,621.7836529344868,212,0.2231578947368421,none,435474493014.48065,0.9931578947368421,1887,1900,0.9947368421052631,0.991578947368421
三维高密度场景,3,950,P7_VeryHigh,0.6,0.12,0.24,custom_pid,11,True,3319.1640218607517,1.5837407112121582,294,570,45.713410172882774,109.27774731364032,0.4998607635498047,94.0,532.3884839071823,47,0.1598639455782313,none,426093188873.94214,0.9795221843003413,574,586,0.9795221843003413,0.9795221843003413
三维高密度场景,3,950,P7_VeryHigh,0.6,0.12,0.24,custom_pid,12,True,2799.7211075598907,6.329461097717285,950,1801,51.97841188597693,124.69419896242346,5.092223644256592,800.0,612.7860693449264,198,0.20842105263157895,none,429351746655.93524,0.9926315789473684,1886,1900,0.9894736842105263,0.9957894736842106
三维高密度场景,3,950,P7_VeryHigh,0.6,0.12,0.24,custom_pid,13,True,3716.3301305672385,6.3368542194366455,950,1811,48.59765694827123,87.90099143840517,5.102082252502441,800.0,629.659546950054,228,0.24,none,436815669202.15735,0.9952631578947368,1891,1900,0.9947368421052631,0.9957894736842106
三维高密度场景,3,950,P7_VeryHigh,0.6,0.12,0.24,custom_pid,14,True,2977.712445810937,1.3107378482818604,246,476,45.58776501196016,108.58839082482783,0.2551846504211426,46.0,513.6370886932693,57,0.23170731707317074,none,431257462197.5599,0.9795918367346939,480,490,0.9714285714285714,0.9877551020408163
三维高密度场景,3,950,P7_VeryHigh,0.6,0.12,0.24,custom_pid,15,True,3197.588892095034,6.357515096664429,950,1809,49.23850973459049,114.24165892439832,5.124894142150879,800.0,630.9339745897968,226,0.23789473684210527,none,432299006189.0826,0.9926315789473684,1886,1900,0.9905263157894737,0.9947368421052631
三维高密度场景,3,950,P7_VeryHigh,0.6,0.12,0.24,custom_pid,16,True,2899.410133311875,6.396674394607544,950,1824,44.3978161773192,125.68744314191599,5.146429777145386,800.0,620.5613518717666,206,0.2168421052631579,none,438601298480.347,0.9910526315789474,1883,1900,0.9894736842105263,0.9926315789473684
三维高密度场景,3,950,P7_VeryHigh,0.6,0.12,0.24,custom_pid,17,True,3721.1367184703813,6.2574074268341064,950,1833,45.081059200387955,101.52274396099779,5.0163047313690186,800.0,626.9830182175853,203,0.21368421052631578,none,423068540988.2766,0.9942105263157894,1889,1900,0.9894736842105263,0.9989473684210526
三维高密度场景,3,950,P7_VeryHigh,0.6,0.12,0.24,custom_pid,18,True,4462.965607351387,6.30251669883728,950,1815,48.98523132296705,97.97306094047136,5.058459520339966,800.0,641.299481808318,208,0.21894736842105264,none,427301384506.53394,0.9957894736842106,1892,1900,0.9978947368421053,0.9936842105263158
三维高密度场景,3,950,P7_VeryHigh,0.6,0.12,0.24,custom_pid,19,True,3363.2005302058756,6.344514608383179,950,1818,42.63749263588862,112.74653031102818,5.096495151519775,800.0,634.7647882626222,208,0.21894736842105264,none,439283643268.1885,0.9931578947368421,1887,1900,0.991578947368421,0.9947368421052631
三维高密度场景,3,950,P7_VeryHigh,0.6,0.12,0.24,custom_pid,20,True,2840.423751551014,6.421099901199341,950,1830,47.33215946090322,116.46893567738758,5.1753175258636475,800.0,628.2289837631984,190,0.2,none,433083955109.53937,0.9926315789473684,1886,1900,0.9926315789473684,0.9926315789473684
三维高密度场景,3,950,P7_VeryHigh,0.6,0.12,0.24,custom_pid,21,True,2972.425688463029,6.363987922668457,950,1821,51.61508917830277,99.20402892174619,5.110977649688721,800.0,630.8562067249295,220,0.23157894736842105,none,441488785867.8356,0.9947368421052631,1890,1900,0.9957894736842106,0.9936842105263158
三维高密度场景,3,950,P7_VeryHigh,0.6,0.12,0.24,custom_pid,22,True,2830.0436306361007,6.406455039978027,950,1830,48.99460538270153,117.39803763748972,5.151585102081299,800.0,631.2234591513981,197,0.2073684210526316,none,435112124416.293,0.9921052631578947,1885,1900,0.9936842105263158,0.9905263157894737
三维高密度场景,3,950,P7_VeryHigh,0.6,0.12,0.24,custom_pid,23,True,3148.546328502598,6.406090974807739,950,1823,48.54133358806375,108.00444512146655,5.1398985385894775,800.0,635.4099755289639,219,0.2305263157894737,none,414069548910.93933,0.9931578947368421,1887,1900,0.9936842105263158,0.9926315789473684
三维高密度场景,3,950,P7_VeryHigh,0.6,0.12,0.24,custom_pid,24,True,3147.8502945160276,6.366758346557617,950,1827,47.47529121982915,102.62903911266773,5.115664720535278,800.0,632.5844498827378,217,0.22842105263157894,none,445780541645.9037,0.9963157894736843,1893,1900,0.9978947368421053,0.9947368421052631
三维高密度场景,3,950,P7_VeryHigh,0.6,0.12,0.24,custom_pid,25,True,3441.0812233277948,6.322729587554932,950,1804,42.21712503966094,91.19093320381306,5.100273609161377,800.0,630.9303999006474,229,0.24105263157894738,none,429042231861.4107,0.99,1881,1900,0.9926315789473684,0.9873684210526316
三维高密度场景,3,950,P7_VeryHigh,0.6,0.12,0.24,custom_pid,26,True,3488.6039515885864,6.358713626861572,950,1816,50.350576190729534,96.1900791577416,5.123173952102661,800.0,630.4815494437469,193,0.2031578947368421,none,444155782353.921,0.9947368421052631,1890,1900,0.9957894736842106,0.9936842105263158
三维高密度场景,3,950,P7_VeryHigh,0.6,0.12,0.24,custom_pid,27,True,3300.8864070585405,6.393546104431152,950,1834,49.799243485641846,81.58768255519723,5.150436878204346,800.0,622.5182204616755,232,0.24421052631578946,none,425778587182.2141,0.9963157894736843,1893,1900,0.9968421052631579,0.9957894736842106
三维高密度场景,3,950,P7_VeryHigh,0.6,0.12,0.24,custom_pid,28,True,3015.2318675105103,1.358165979385376,255,482,45.31264060607956,90.56394754636732,0.29314088821411133,55.0,490.5875821304548,45,0.17647058823529413,none,431100052193.0201,0.984251968503937,500,508,0.9881889763779528,0.9803149606299213
三维高密度场景,3,950,P7_VeryHigh,0.6,0.12,0.24,custom_pid,29,True,3781.4028432231717,6.326056718826294,950,1815,46.5723032794028,98.34068389614707,5.079526424407959,800.0,608.166454512402,231,0.2431578947368421,none,430111558945.13116,0.991578947368421,1884,1900,0.9947368421052631,0.988421052631579
三维高密度场景,3,950,P7_VeryHigh,0.6,0.12,0.24,custom_pid,30,True,3612.9700597887568,6.270851135253906,950,1797,44.55075722595282,98.70772426868965,5.031016111373901,800.0,639.0120879888894,204,0.21473684210526317,none,430527697426.3525,0.9973684210526316,1895,1900,0.9957894736842106,0.9989473684210526
三维高密度场景,3,950,P8_ExtremeHigh,0.7,0.15,0.28,custom_pid,1,True,3396.951480039762,6.398671865463257,950,1820,49.57425309883961,105.36765140053825,5.149422883987427,800.0,623.3741518239462,217,0.22842105263157894,none,429468055955.08875,0.9931578947368421,1887,1900,0.9947368421052631,0.991578947368421
三维高密度场景,3,950,P8_ExtremeHigh,0.7,0.15,0.28,custom_pid,2,True,3206.4255986654935,6.375807046890259,950,1816,45.79721298464638,94.25004316910668,5.12258243560791,800.0,618.7328563351134,220,0.23157894736842105,none,440834850172.42194,0.9942105263157894,1889,1900,0.9957894736842106,0.9926315789473684
三维高密度场景,3,950,P8_ExtremeHigh,0.7,0.15,0.28,custom_pid,3,True,3418.6684088650127,6.3590004444122314,950,1802,47.72168304466675,90.07770871264881,5.127023220062256,800.0,623.7228396310807,216,0.22736842105263158,none,430653709294.9931,0.9952631578947368,1891,1900,0.9957894736842106,0.9947368421052631
三维高密度场景,3,950,P8_ExtremeHigh,0.7,0.15,0.28,custom_pid,4,True,3056.103684215195,1.3092288970947266,237,449,45.652911429058946,101.30511491271811,0.21952152252197266,37.0,475.82440273573354,48,0.20253164556962025,none,429001838983.96814,0.9809322033898306,463,472,0.9788135593220338,0.9830508474576272
三维高密度场景,3,950,P8_ExtremeHigh,0.7,0.15,0.28,custom_pid,5,True,2936.201855384536,1.3084394931793213,247,468,45.4707968171417,98.19758982630117,0.255678653717041,47.0,502.2356366721741,55,0.22267206477732793,none,430047924474.39795,0.975609756097561,480,492,0.9715447154471545,0.9796747967479674
三维高密度场景,3,950,P8_ExtremeHigh,0.7,0.15,0.28,custom_pid,6,True,2894.123969874116,6.375391483306885,950,1814,52.26404260350346,98.8963866723574,5.125948667526245,800.0,628.9007767681471,215,0.22631578947368422,none,430877971339.33344,0.9947368421052631,1890,1900,0.9926315789473684,0.9968421052631579
三维高密度场景,3,950,P8_ExtremeHigh,0.7,0.15,0.28,custom_pid,7,True,3138.425452289211,1.3807182312011719,256,495,47.56484139173521,101.71085465516182,0.3069889545440674,56.0,513.3599554731751,47,0.18359375,none,431222117669.25574,0.9764705882352941,498,510,0.9764705882352941,0.9764705882352941
三维高密度场景,3,950,P8_ExtremeHigh,0.7,0.15,0.28,custom_pid,8,True,3213.9084573323707,6.39824652671814,950,1813,45.88636242897735,89.91022740118098,5.146272897720337,800.0,619.2855026755093,209,0.22,none,425103458683.76794,0.9931578947368421,1887,1900,0.9957894736842106,0.9905263157894737
三维高密度场景,3,950,P8_ExtremeHigh,0.7,0.15,0.28,custom_pid,9,True,3299.8664866489703,6.4810802936553955,950,1817,50.89741339636252,94.01086259256823,5.198985815048218,800.0,643.8055455999078,186,0.1957894736842105,none,446056705230.52344,0.9926315789473684,1886,1900,0.991578947368421,0.9936842105263158
三维高密度场景,3,950,P8_ExtremeHigh,0.7,0.15,0.28,custom_pid,10,True,3150.1519196797276,6.525023460388184,950,1835,43.23056169950403,103.35605030358757,5.261239290237427,800.0,629.5371654941345,226,0.23789473684210527,none,436823049122.46326,0.9942105263157894,1889,1900,0.9926315789473684,0.9957894736842106
三维高密度场景,3,950,P8_ExtremeHigh,0.7,0.15,0.28,custom_pid,11,True,3216.527797607505,5.624760389328003,842,1606,45.21399457002934,96.03470733712584,3.7585437297821045,642.0,612.8311989450168,177,0.21021377672209027,none,434211784149.5017,0.9910820451843044,1667,1682,0.9916765755053508,0.990487514863258
三维高密度场景,3,950,P8_ExtremeHigh,0.7,0.15,0.28,custom_pid,12,True,3518.0378796961522,6.533067464828491,950,1822,47.14624453822397,81.84872762347378,5.259978771209717,800.0,627.7285928841883,231,0.2431578947368421,none,440294037700.4724,0.9931578947368421,1887,1900,0.9936842105263158,0.9926315789473684
三维高密度场景,3,950,P8_ExtremeHigh,0.7,0.15,0.28,custom_pid,13,True,3307.0800602681634,6.534219026565552,950,1819,45.355535633347756,97.49975566395923,5.229329586029053,800.0,628.0913041555223,220,0.23157894736842105,none,429831798825.2612,0.9931578947368421,1887,1900,0.991578947368421,0.9947368421052631
三维高密度场景,3,950,P8_ExtremeHigh,0.7,0.15,0.28,custom_pid,14,True,3010.0918254245516,6.5986433029174805,950,1834,44.178170505819345,112.93612701092881,5.281182527542114,800.0,623.830580602759,212,0.2231578947368421,none,428721320228.7707,0.9947368421052631,1890,1900,0.9968421052631579,0.9926315789473684
三维高密度场景,3,950,P8_ExtremeHigh,0.7,0.15,0.28,custom_pid,15,True,3123.2578433511853,1.3347742557525635,248,458,46.990250908102006,99.02447296733531,0.2717266082763672,48.0,512.7507547660927,53,0.21370967741935484,none,431212196521.4576,0.9655870445344129,477,494,0.9676113360323887,0.9635627530364372
三维高密度场景,3,950,P8_ExtremeHigh,0.7,0.15,0.28,custom_pid,16,True,3514.1097790236918,6.569365978240967,950,1834,45.21746464683755,97.98182976937461,5.279688596725464,800.0,619.5089234847352,233,0.24526315789473685,none,431469183000.8468,0.9942105263157894,1889,1900,0.9936842105263158,0.9947368421052631
三维高密度场景,3,950,P8_ExtremeHigh,0.7,0.15,0.28,custom_pid,17,True,3091.2653105013082,1.328721046447754,245,465,44.59936983421409,99.42959653991225,0.24299311637878418,45.0,510.3574518749661,48,0.19591836734693877,none,428288116748.8724,0.9754098360655737,476,488,0.9877049180327869,0.9631147540983607
三维高密度场景,3,950,P8_ExtremeHigh,0.7,0.15,0.28,custom_pid,18,True,3011.550508730815,6.6234564781188965,950,1821,48.317701191528975,98.02878027997735,5.296592473983765,800.0,606.0881218985018,220,0.23157894736842105,none,430571622639.6374,0.9936842105263158,1888,1900,0.991578947368421,0.9957894736842106
三维高密度场景,3,950,P8_ExtremeHigh,0.7,0.15,0.28,custom_pid,19,True,2794.775230873932,6.330342531204224,932,1764,45.96986519675242,99.3254040192585,4.367677211761475,732.0,628.9229098147296,206,0.22103004291845493,none,431951284226.7747,0.9924812030075187,1848,1862,0.9903329752953813,0.9946294307196563
三维高密度场景,3,950,P8_ExtremeHigh,0.7,0.15,0.28,custom_pid,20,True,3362.2714885481464,1.9665985107421875,365,699,47.44344034494149,100.984034696375,0.8788149356842041,165.0,538.4787510763356,89,0.24383561643835616,none,431617332706.8607,0.9848901098901099,717,728,0.989010989010989,0.9807692307692307
三维高密度场景,3,950,P8_ExtremeHigh,0.7,0.15,0.28,custom_pid,21,True,3361.2293954904967,6.527623891830444,950,1840,46.236905455554606,106.52828953134724,5.255478620529175,800.0,628.3621315264469,210,0.22105263157894736,none,434557478593.0862,0.9947368421052631,1890,1900,0.9947368421052631,0.9947368421052631
三维高密度场景,3,950,P8_ExtremeHigh,0.7,0.15,0.28,custom_pid,22,True,3029.966701465288,6.245253562927246,950,1817,45.222966285455456,110.50853296273337,5.027539253234863,800.0,640.2701310065414,177,0.1863157894736842,none,431418404659.8577,0.9921052631578947,1885,1900,0.9936842105263158,0.9905263157894737
三维高密度场景,3,950,P8_ExtremeHigh,0.7,0.15,0.28,custom_pid,23,True,3093.909101667444,1.243316411972046,239,460,50.33206503921613,99.16972820160935,0.2198338508605957,39.0,454.7928478931864,53,0.2217573221757322,none,430015550980.7352,0.9663865546218487,460,476,0.9663865546218487,0.9663865546218487
三维高密度场景,3,950,P8_ExtremeHigh,0.7,0.15,0.28,custom_pid,24,True,3248.629100142506,6.2513108253479,950,1822,49.573771934663704,115.0825147210644,5.01384162902832,800.0,622.8401874643142,230,0.24210526315789474,none,423190411562.76105,0.99,1881,1900,0.9926315789473684,0.9873684210526316
三维高密度场景,3,950,P8_ExtremeHigh,0.7,0.15,0.28,custom_pid,25,True,2706.591800278163,6.203193664550781,950,1814,41.61194899002315,83.14583085403315,4.978351831436157,800.0,614.1227613162991,205,0.21578947368421053,none,427121238151.1007,0.9926315789473684,1886,1900,0.9926315789473684,0.9926315789473684
三维高密度场景,3,950,P8_ExtremeHigh,0.7,0.15,0.28,custom_pid,26,True,3375.1165027834286,6.202264308929443,950,1838,44.35275983540398,110.51507085383051,4.960728645324707,800.0,624.8410353028793,193,0.2031578947368421,none,423597604559.16925,0.9968421052631579,1894,1900,0.9957894736842106,0.9978947368421053
三维高密度场景,3,950,P8_ExtremeHigh,0.7,0.15,0.28,custom_pid,27,True,3207.376994659468,1.4643430709838867,283,539,46.38581634912939,97.18178718040576,0.4121534824371338,83.0,498.3792865199964,49,0.17314487632508835,none,428156081352.8965,0.9822695035460993,554,564,1.0,0.9645390070921985
三维高密度场景,3,950,P8_ExtremeHigh,0.7,0.15,0.28,custom_pid,28,True,3149.937487812422,6.28844952583313,950,1825,46.904881890255325,85.08405699456767,5.059729337692261,800.0,626.7712093883944,216,0.22736842105263158,none,420918629644.3844,0.9952631578947368,1891,1900,0.9968421052631579,0.9936842105263158
三维高密度场景,3,950,P8_ExtremeHigh,0.7,0.15,0.28,custom_pid,29,True,3212.2211489966066,5.104059934616089,817,1558,46.16374895089493,103.06406305223975,3.3883988857269287,617.0,616.1358572442663,195,0.2386780905752754,none,419437164197.82513,0.9901960784313726,1616,1632,0.9889705882352942,0.991421568627451
三维高密度场景,3,950,P8_ExtremeHigh,0.7,0.15,0.28,custom_pid,30,True,3476.332468862055,5.373306035995483,856,1642,48.46062181764315,91.03593882281922,3.6559996604919434,656.0,620.4526882768429,193,0.22546728971962618,none,434173720996.3647,0.9941520467836257,1700,1710,0.9929824561403509,0.9953216374269006
三维高密度场景,3,950,P9_Maximum,0.8,0.18,0.32,custom_pid,1,True,3219.5613727925725,6.266447067260742,950,1829,38.39734575290393,100.80370731066706,5.035888195037842,800.0,637.603299814856,218,0.2294736842105263,none,445687549649.28815,0.99,1881,1900,0.988421052631579,0.991578947368421
三维高密度场景,3,950,P9_Maximum,0.8,0.18,0.32,custom_pid,2,True,3186.7477835401683,6.2346274852752686,950,1833,52.27038079753863,103.60390909569965,5.006011486053467,800.0,630.1559003878804,229,0.24105263157894738,none,426692145206.81964,0.9936842105263158,1888,1900,0.991578947368421,0.9957894736842106
三维高密度场景,3,950,P9_Maximum,0.8,0.18,0.32,custom_pid,3,True,3625.148546213928,2.077247142791748,406,753,52.08238018689537,101.68029647474918,1.061748743057251,206.0,560.9264059047024,85,0.20935960591133004,none,426280729502.9219,0.9888888888888889,801,810,0.9925925925925926,0.9851851851851852
三维高密度场景,3,950,P9_Maximum,0.8,0.18,0.32,custom_pid,4,True,2964.8903384043087,6.079833745956421,950,1810,51.26763586882225,99.21233762954218,4.858885049819946,800.0,625.0204080392549,207,0.21789473684210525,none,440796914352.5509,0.9931578947368421,1887,1900,0.9926315789473684,0.9936842105263158
三维高密度场景,3,950,P9_Maximum,0.8,0.18,0.32,custom_pid,5,True,3531.675069616492,6.196622848510742,950,1827,53.16517747924485,100.50769210297763,4.97245717048645,800.0,640.7846180518843,190,0.2,none,436273806289.42896,0.991578947368421,1884,1900,0.9905263157894737,0.9926315789473684
三维高密度场景,3,950,P9_Maximum,0.8,0.18,0.32,custom_pid,6,True,2723.6352929351656,6.094307899475098,950,1814,38.647940515307475,96.69342449408005,4.890983819961548,800.0,599.8208591780725,228,0.24,none,430492914101.9058,0.9905263157894737,1882,1900,0.991578947368421,0.9894736842105263
三维高密度场景,3,950,P9_Maximum,0.8,0.18,0.32,custom_pid,7,True,3604.420759176661,6.252671003341675,950,1818,47.041896366267395,103.62710739023181,5.051966667175293,800.0,625.7781670310492,201,0.21157894736842106,none,433568845599.015,0.9952631578947368,1891,1900,0.9947368421052631,0.9957894736842106
三维高密度场景,3,950,P9_Maximum,0.8,0.18,0.32,custom_pid,8,True,3242.572282636942,6.27914023399353,950,1824,44.930293326756164,80.37818217267379,5.0592145919799805,800.0,622.6928927130652,214,0.22526315789473683,none,429158087653.4014,0.9942105263157894,1889,1900,0.9947368421052631,0.9936842105263158
三维高密度场景,3,950,P9_Maximum,0.8,0.18,0.32,custom_pid,9,True,2964.32045905186,6.238389492034912,950,1818,51.83736163571699,104.71629366103465,5.0036585330963135,800.0,623.6805079015045,230,0.24210526315789474,none,425588646293.02484,0.9952631578947368,1891,1900,0.9968421052631579,0.9936842105263158
三维高密度场景,3,950,P9_Maximum,0.8,0.18,0.32,custom_pid,10,True,3068.328429833563,1.5196595191955566,289,550,47.87302743580731,100.08642915670211,0.472214937210083,89.0,521.4742121366353,56,0.19377162629757785,none,428452221347.97217,0.9722222222222222,560,576,0.9826388888888888,0.9618055555555556
三维高密度场景,3,950,P9_Maximum,0.8,0.18,0.32,custom_pid,11,True,3408.591551380878,6.263079404830933,950,1818,48.68762829349267,76.3982489654335,5.0264363288879395,800.0,624.7875069020397,202,0.21263157894736842,none,430289450512.9227,0.9936842105263158,1888,1900,0.9926315789473684,0.9947368421052631
三维高密度场景,3,950,P9_Maximum,0.8,0.18,0.32,custom_pid,12,True,3322.758757822265,6.296662092208862,950,1826,42.01902653646342,102.44503108748904,5.04640793800354,800.0,619.9582219064106,204,0.21473684210526317,none,427851694155.29,0.9936842105263158,1888,1900,0.9936842105263158,0.9936842105263158
三维高密度场景,3,950,P9_Maximum,0.8,0.18,0.32,custom_pid,13,True,2769.661601416211,6.256718635559082,950,1823,39.19167461475253,103.47785166509162,5.035218715667725,800.0,618.686453301637,226,0.23789473684210527,none,428309580904.4533,0.9947368421052631,1890,1900,0.9947368421052631,0.9947368421052631
三维高密度场景,3,950,P9_Maximum,0.8,0.18,0.32,custom_pid,14,True,3017.5942389013526,6.35844349861145,950,1832,48.26843068817722,101.50341356775327,5.1121015548706055,800.0,635.354437422657,211,0.22210526315789475,none,437992411924.65106,0.9957894736842106,1892,1900,0.9968421052631579,0.9947368421052631
三维高密度场景,3,950,P9_Maximum,0.8,0.18,0.32,custom_pid,15,True,3112.047788275868,1.271451473236084,240,459,43.973404868556315,86.8617405760087,0.22387337684631348,40.0,470.10040557423474,45,0.1875,none,432067312205.1968,0.9853556485355649,471,478,0.9832635983263598,0.9874476987447699
三维高密度场景,3,950,P9_Maximum,0.8,0.18,0.32,custom_pid,16,True,3035.3613376604253,6.267276763916016,950,1813,48.808307925009785,97.7613551558165,5.0364089012146,800.0,620.2882961413743,195,0.20526315789473684,none,450361712052.98346,0.9942105263157894,1889,1900,0.9957894736842106,0.9926315789473684
三维高密度场景,3,950,P9_Maximum,0.8,0.18,0.32,custom_pid,17,True,3307.2320469448973,1.3913719654083252,264,507,49.62785589748002,96.7319115122728,0.337144136428833,64.0,527.7070687647499,57,0.2159090909090909,none,428375004992.80615,0.9790874524714829,515,526,0.973384030418251,0.9847908745247148
三维高密度场景,3,950,P9_Maximum,0.8,0.18,0.32,custom_pid,18,True,3310.288514724764,6.39035964012146,950,1833,51.87040502021025,114.73763809726535,5.15976619720459,800.0,631.393426855213,217,0.22842105263157894,none,427086303983.43774,0.9952631578947368,1891,1900,0.9947368421052631,0.9957894736842106
三维高密度场景,3,950,P9_Maximum,0.8,0.18,0.32,custom_pid,19,True,3381.5493683426294,6.244200944900513,950,1809,43.6787982235434,107.5465394382908,5.029018402099609,800.0,639.6432733523123,227,0.23894736842105263,none,437304511711.03687,0.9936842105263158,1888,1900,0.9957894736842106,0.991578947368421
三维高密度场景,3,950,P9_Maximum,0.8,0.18,0.32,custom_pid,20,True,3010.0023701848568,6.389339447021484,950,1820,40.53775364960702,110.38906895058999,5.16308331489563,800.0,613.7058528450353,211,0.22210526315789475,none,436214212995.39667,0.9910526315789474,1883,1900,0.9894736842105263,0.9926315789473684
三维高密度场景,3,950,P9_Maximum,0.8,0.18,0.32,custom_pid,21,True,3022.5301523819026,6.180017471313477,950,1811,48.13590986493485,121.82097761738287,4.965514659881592,800.0,624.0498108317879,233,0.24526315789473685,none,429735411186.83997,0.9926315789473684,1886,1900,0.9926315789473684,0.9926315789473684
三维高密度场景,3,950,P9_Maximum,0.8,0.18,0.32,custom_pid,22,True,3184.2867152641797,6.232537508010864,950,1829,47.80522410678805,100.68590839967935,5.010389566421509,800.0,629.0104422209065,215,0.22631578947368422,none,432976995359.4632,0.9952631578947368,1891,1900,0.9957894736842106,0.9947368421052631
三维高密度场景,3,950,P9_Maximum,0.8,0.18,0.32,custom_pid,23,True,3567.516234746655,6.261442184448242,950,1827,48.83482448050695,87.01022610825552,5.037053346633911,800.0,634.652904819424,226,0.23789473684210527,none,436003645881.9479,0.9942105263157894,1889,1900,0.9947368421052631,0.9936842105263158
三维高密度场景,3,950,P9_Maximum,0.8,0.18,0.32,custom_pid,24,True,3515.1822946959187,6.180624723434448,950,1808,47.609596263785654,104.6899512812818,4.981967926025391,800.0,630.2182971434082,217,0.22842105263157894,none,433464222065.01917,0.9942105263157894,1889,1900,0.9968421052631579,0.991578947368421
三维高密度场景,3,950,P9_Maximum,0.8,0.18,0.32,custom_pid,25,True,3641.4845194595996,6.222914934158325,950,1820,47.4790954832294,109.72474823171741,5.0195910930633545,800.0,626.2290388993193,211,0.22210526315789475,none,432635243417.0189,0.9931578947368421,1887,1900,0.9947368421052631,0.991578947368421
三维高密度场景,3,950,P9_Maximum,0.8,0.18,0.32,custom_pid,26,True,3008.0712965572948,6.264657258987427,950,1816,45.42836281388988,122.28195306281944,5.028750658035278,800.0,641.431222940308,193,0.2031578947368421,none,432503289590.8011,0.9921052631578947,1885,1900,0.9936842105263158,0.9905263157894737
三维高密度场景,3,950,P9_Maximum,0.8,0.18,0.32,custom_pid,27,True,2829.607719781038,1.240513563156128,232,448,42.531576653310566,95.58286419950488,0.1802380084991455,32.0,462.5480585221529,41,0.17672413793103448,none,427954380584.44446,0.9653679653679653,446,462,0.9653679653679653,0.9653679653679653
三维高密度场景,3,950,P9_Maximum,0.8,0.18,0.32,custom_pid,28,True,2946.644695622839,6.3472676277160645,950,1827,48.15704753197387,116.88371110835806,5.124124765396118,800.0,638.8835236001341,202,0.21263157894736842,none,425799402051.8843,0.9936842105263158,1888,1900,0.9957894736842106,0.991578947368421
三维高密度场景,3,950,P9_Maximum,0.8,0.18,0.32,custom_pid,29,True,3346.0372217893323,5.107562780380249,816,1562,46.32636246584109,92.18759102505321,3.401978015899658,616.0,621.5295091804913,183,0.22426470588235295,none,431037947051.0879,0.9932515337423313,1619,1630,0.992638036809816,0.9938650306748467
三维高密度场景,3,950,P9_Maximum,0.8,0.18,0.32,custom_pid,30,True,3637.2085226405425,2.9147815704345703,534,1025,50.412696609850414,96.066131282489,1.7735953330993652,334.0,570.8865905015103,116,0.21722846441947566,none,427592841364.1204,0.9906191369606003,1056,1066,0.9868667917448405,0.9943714821763602
