scenario,dimension,max_iterations_limit,pid_config,Kp,Ki,Kd,mode,trial_id,success,path_length,planning_time,iterations,tree_nodes,smoothness,clearance,convergence_time,first_solution_iter,avg_tracking_error,oscillation_count,oscillation_rate,failure_mode,final_ellipsoid_volume,effective_sampling_ratio,samples_in_ellipsoid,total_samples_attempted,esr_tree_A,esr_tree_B
二维高密度场景,2,750,P1_VeryLow,0.05,0.01,0.02,custom_pid,1,True,2381.71169849489,0.9716503620147705,278,354,40.331705533637255,28.11560162309858,0.2676851749420166,78.0,449.4376534642814,44,0.15827338129496402,none,45785406.891120344,0.9566787003610109,530,554,0.9494584837545126,0.9638989169675091
二维高密度场景,2,750,P1_VeryLow,0.05,0.01,0.02,custom_pid,2,True,2356.7307812350346,0.8881332874298096,244,342,41.04981901605362,32.763671195664024,0.17252707481384277,44.0,452.72798434022826,55,0.22540983606557377,none,45793506.320363134,0.9567901234567902,465,486,0.9670781893004116,0.9465020576131687
二维高密度场景,2,750,P1_VeryLow,0.05,0.01,0.02,custom_pid,3,False,inf,2.895148515701294,750,1073,inf,0.0,inf,inf,522.4513458007173,151,0.20133333333333334,divergence,45777617.773679115,0.99,1485,1500,0.988,0.992
二维高密度场景,2,750,P1_VeryLow,0.05,0.01,0.02,custom_pid,4,False,inf,2.7672910690307617,750,1077,inf,0.0,inf,inf,560.9532353205542,190,0.25333333333333335,divergence,45409283.958751224,0.988,1482,1500,0.984,0.992
二维高密度场景,2,750,P1_VeryLow,0.05,0.01,0.02,custom_pid,5,True,2601.3088655612446,2.715348720550537,730,1003,39.54570324781072,30.05068857243052,1.8812589645385742,530.0,528.1970859904478,164,0.22465753424657534,none,45977893.65905852,0.9910836762688614,1445,1458,0.99039780521262,0.9917695473251029
二维高密度场景,2,750,P1_VeryLow,0.05,0.01,0.02,custom_pid,6,True,2564.7400870451843,0.9720947742462158,278,387,36.283938221523535,29.083625701715615,0.2689049243927002,78.0,502.2678529687512,53,0.1906474820143885,none,45801675.26080276,0.9620938628158845,533,554,0.9783393501805054,0.9458483754512635
二维高密度场景,2,750,P1_VeryLow,0.05,0.01,0.02,custom_pid,7,True,2683.9534100049964,2.0837934017181396,582,812,34.444509117588375,27.408639142158997,1.3509480953216553,382.0,542.766130456322,121,0.20790378006872853,none,47498122.65515663,0.9793459552495697,1138,1162,0.9827882960413081,0.9759036144578314
二维高密度场景,2,750,P1_VeryLow,0.05,0.01,0.02,custom_pid,8,True,2655.031489386313,1.6791248321533203,482,622,40.96652836206855,31.23491878271376,0.9332408905029297,282.0,514.9895832135044,95,0.1970954356846473,none,45361181.31451078,0.9844074844074844,947,962,0.9833679833679834,0.9854469854469855
二维高密度场景,2,750,P1_VeryLow,0.05,0.01,0.02,custom_pid,9,True,2368.4983818720366,0.8195030689239502,255,302,37.420934614948,26.366556068876935,0.1837177276611328,55.0,449.7310957112913,46,0.1803921568627451,none,45806790.74109804,0.9625984251968503,489,508,0.968503937007874,0.9566929133858267
二维高密度场景,2,750,P1_VeryLow,0.05,0.01,0.02,custom_pid,10,True,2540.7854293269875,0.9629931449890137,287,352,32.75841722182445,29.8478819623874,0.2656693458557129,87.0,462.68030121687013,54,0.18815331010452963,none,45852904.89148583,0.972027972027972,556,572,0.9615384615384616,0.9825174825174825
二维高密度场景,2,750,P1_VeryLow,0.05,0.01,0.02,custom_pid,11,True,2712.9583907203223,1.87459135055542,570,715,48.11186102783144,25.673447958530524,1.169527530670166,370.0,519.3696208441138,91,0.15964912280701754,none,46110945.142648034,0.9815465729349736,1117,1138,0.9824253075571178,0.9806678383128296
二维高密度场景,2,750,P1_VeryLow,0.05,0.01,0.02,custom_pid,12,True,2863.2971381203324,2.757688045501709,750,1101,36.86601986640638,33.84339983155692,2.6655709743499756,730.0,555.2678240501807,158,0.21066666666666667,none,45514359.386939034,0.9906666666666667,1486,1500,0.9906666666666667,0.9906666666666667
二维高密度场景,2,750,P1_VeryLow,0.05,0.01,0.02,custom_pid,13,True,2591.7293095723376,1.1077325344085693,338,438,40.506358207074676,28.52978689917628,0.4432861804962158,138.0,505.39075064821566,69,0.20414201183431951,none,45904342.99070587,0.9703264094955489,654,674,0.973293768545994,0.9673590504451038
二维高密度场景,2,750,P1_VeryLow,0.05,0.01,0.02,custom_pid,14,True,2818.9614034044307,2.186042308807373,608,859,40.19281243491019,30.589382900717005,1.4143939018249512,408.0,525.2566130516524,127,0.20888157894736842,none,45990857.98921819,0.9884678747940692,1200,1214,0.9917627677100495,0.985172981878089
二维高密度场景,2,750,P1_VeryLow,0.05,0.01,0.02,custom_pid,15,True,2786.9392263706504,0.9062952995300293,276,342,43.54177911059697,27.639743714267404,0.25962162017822266,76.0,456.5399658059496,34,0.12318840579710146,none,46121686.393772125,0.9727272727272728,535,550,0.9745454545454545,0.9709090909090909
二维高密度场景,2,750,P1_VeryLow,0.05,0.01,0.02,custom_pid,16,True,2368.7781599194705,2.723400592803955,750,1082,39.983905191021336,27.104335201919515,2.2329869270324707,634.0,560.6222982742726,183,0.244,none,45995257.648612246,0.99,1485,1500,0.9853333333333333,0.9946666666666667
二维高密度场景,2,750,P1_VeryLow,0.05,0.01,0.02,custom_pid,17,True,2519.150136816606,0.9912590980529785,287,397,38.74127624349866,33.78037649797916,0.31517529487609863,87.0,477.4960126442721,54,0.18815331010452963,none,45162217.39098652,0.9597902097902098,549,572,0.958041958041958,0.9615384615384616
二维高密度场景,2,750,P1_VeryLow,0.05,0.01,0.02,custom_pid,18,True,2377.8125738294225,2.2087721824645996,660,838,38.894699188892616,28.26581338001114,1.496551513671875,460.0,534.5764040330746,144,0.21818181818181817,none,44762300.33556287,0.9916540212443096,1307,1318,0.9954476479514416,0.9878603945371776
二维高密度场景,2,750,P1_VeryLow,0.05,0.01,0.02,custom_pid,19,False,inf,2.7473816871643066,750,1076,inf,0.0,inf,inf,523.7123406224158,165,0.22,divergence,46065682.51356004,0.9913333333333333,1487,1500,0.988,0.9946666666666667
二维高密度场景,2,750,P1_VeryLow,0.05,0.01,0.02,custom_pid,20,True,2469.3243848206066,1.9108946323394775,558,770,40.76521073592991,33.3327295003387,1.1776351928710938,358.0,509.1304687434043,111,0.1989247311827957,none,46615303.2892609,0.9865350089766607,1099,1114,0.9856373429084381,0.9874326750448833
二维高密度场景,2,750,P1_VeryLow,0.05,0.01,0.02,custom_pid,21,True,2453.531262067174,2.4215147495269775,677,967,38.53827356349608,30.382482886721192,1.6335008144378662,477.0,554.3182926509285,152,0.22451994091580502,none,46323759.30024154,0.9837278106508875,1330,1352,0.9807692307692307,0.9866863905325444
二维高密度场景,2,750,P1_VeryLow,0.05,0.01,0.02,custom_pid,22,True,2478.9586815777598,1.0287680625915527,318,391,39.068947120146504,27.975093350558204,0.3668088912963867,118.0,484.2697563156364,54,0.16981132075471697,none,45823027.97354119,0.9700315457413249,615,634,0.9810725552050473,0.9589905362776026
二维高密度场景,2,750,P1_VeryLow,0.05,0.01,0.02,custom_pid,23,True,3262.7806530743555,2.662630081176758,750,1020,40.62598629743308,34.14089978498424,2.1798810958862305,629.0,580.1835090638094,166,0.22133333333333333,none,47126102.44432386,0.988,1482,1500,0.984,0.992
二维高密度场景,2,750,P1_VeryLow,0.05,0.01,0.02,custom_pid,24,True,2367.4852745944895,1.6906304359436035,466,681,47.36867925574713,33.50698506269566,0.954185962677002,266.0,502.401135523047,105,0.22532188841201717,none,44731574.947994955,0.9838709677419355,915,930,0.9827956989247312,0.9849462365591398
二维高密度场景,2,750,P1_VeryLow,0.05,0.01,0.02,custom_pid,25,True,2548.404180336169,2.0181467533111572,565,829,36.51254679760257,33.21049461411295,1.2475135326385498,365.0,531.0093519313868,127,0.2247787610619469,none,45765938.18219185,0.9884751773049646,1115,1128,0.9911347517730497,0.9858156028368794
二维高密度场景,2,750,P1_VeryLow,0.05,0.01,0.02,custom_pid,26,True,2494.8668563890965,2.218047618865967,637,876,45.129571039325796,30.655904297719793,1.4716980457305908,437.0,509.1582771146907,115,0.18053375196232338,none,45985800.56335334,0.9787735849056604,1245,1272,0.9874213836477987,0.970125786163522
二维高密度场景,2,750,P1_VeryLow,0.05,0.01,0.02,custom_pid,27,True,2894.392052261999,1.7076523303985596,490,667,37.184852929640435,29.21204772949586,0.9768126010894775,290.0,508.21892936903464,115,0.23469387755102042,none,45566105.93058575,0.9795501022494888,958,978,0.9775051124744376,0.9815950920245399
二维高密度场景,2,750,P1_VeryLow,0.05,0.01,0.02,custom_pid,28,False,inf,2.7248709201812744,750,1015,inf,0.0,inf,inf,516.0277967718794,160,0.21333333333333335,divergence,45700446.015985884,0.9866666666666667,1480,1500,0.984,0.9893333333333333
二维高密度场景,2,750,P1_VeryLow,0.05,0.01,0.02,custom_pid,29,True,2365.9181401512005,2.7206673622131348,750,1063,35.73988209755266,34.33446119462502,2.6046547889709473,720.0,508.4535919689987,159,0.212,none,45941048.376359195,0.99,1485,1500,0.9933333333333333,0.9866666666666667
二维高密度场景,2,750,P1_VeryLow,0.05,0.01,0.02,custom_pid,30,True,2684.447550949426,1.3404850959777832,371,533,41.57251157421596,32.881512695685785,0.6181375980377197,171.0,508.2588772117526,85,0.22911051212938005,none,45494094.1444639,0.981081081081081,726,740,0.9756756756756757,0.9864864864864865
二维高密度场景,2,750,P2_Low,0.1,0.02,0.04,custom_pid,1,True,2551.8069196309016,1.0626647472381592,318,394,41.75062119268719,29.447732302958745,0.3874337673187256,118.0,466.1531134270971,59,0.18553459119496854,none,45746923.25040689,0.973186119873817,617,634,0.9905362776025236,0.9558359621451105
二维高密度场景,2,750,P2_Low,0.1,0.02,0.04,custom_pid,2,True,2452.550798810614,1.5279810428619385,459,603,35.30880677535305,31.200796687800924,0.8486883640289307,259.0,503.3630201153008,100,0.2178649237472767,none,45901328.31548706,0.9759825327510917,894,916,0.9737991266375546,0.9781659388646288
二维高密度场景,2,750,P2_Low,0.1,0.02,0.04,custom_pid,3,True,2432.247571408289,2.7939329147338867,750,1080,39.646656263332055,31.522142950057813,2.2208704948425293,614.0,543.2249681615132,170,0.22666666666666666,none,46056343.28944462,0.9913333333333333,1487,1500,0.9866666666666667,0.996
二维高密度场景,2,750,P2_Low,0.1,0.02,0.04,custom_pid,4,True,3197.6933336256457,1.8902254104614258,530,751,36.902965222450185,29.250731052840752,1.1488347053527832,330.0,520.6980388006965,111,0.20943396226415095,none,46494121.83536091,0.9820415879017014,1039,1058,0.9848771266540642,0.9792060491493384
二维高密度场景,2,750,P2_Low,0.1,0.02,0.04,custom_pid,5,True,2516.835871418381,1.5753655433654785,449,645,37.77783397437026,30.278288467142303,0.8726301193237305,249.0,495.6423911095268,88,0.19599109131403117,none,45914815.00800358,0.9832589285714286,881,896,0.9866071428571429,0.9799107142857143
二维高密度场景,2,750,P2_Low,0.1,0.02,0.04,custom_pid,6,True,2948.0321973517634,1.152024745941162,358,453,41.516239575725706,29.786939336559975,0.5151610374450684,158.0,464.88991620743167,75,0.20949720670391062,none,45515535.406536594,0.9733893557422969,695,714,0.969187675070028,0.9775910364145658
二维高密度场景,2,750,P2_Low,0.1,0.02,0.04,custom_pid,7,True,2740.8943607094034,2.686201572418213,750,1051,34.80278455065781,29.71194700149642,2.1034655570983887,605.0,539.6272681783779,182,0.24266666666666667,none,43914421.99010257,0.99,1485,1500,0.9933333333333333,0.9866666666666667
二维高密度场景,2,750,P2_Low,0.1,0.02,0.04,custom_pid,8,True,2687.765390145653,1.5792262554168701,459,637,38.60394675100648,29.342245127003853,0.8775513172149658,259.0,511.3603608114924,98,0.21350762527233116,none,45728762.6720273,0.982532751091703,900,916,0.9781659388646288,0.9868995633187773
二维高密度场景,2,750,P2_Low,0.1,0.02,0.04,custom_pid,9,True,2700.0929028157184,2.021465539932251,585,783,33.35849849121798,29.88224765830792,1.2752048969268799,385.0,535.1522207505924,130,0.2222222222222222,none,45107398.91129767,0.9914383561643836,1158,1168,0.9931506849315068,0.9897260273972602
二维高密度场景,2,750,P2_Low,0.1,0.02,0.04,custom_pid,10,True,2202.4758930765106,0.8716633319854736,250,350,37.302333008364045,33.243346796240054,0.19164490699768066,50.0,441.3192325671951,47,0.188,none,45663919.133775175,0.9658634538152611,481,498,0.9678714859437751,0.963855421686747
二维高密度场景,2,750,P2_Low,0.1,0.02,0.04,custom_pid,11,True,2283.507425525264,2.778998851776123,750,1089,34.234455637249404,32.54479433955209,2.1826202869415283,609.0,520.6936086680495,162,0.216,none,45508653.34106685,0.9873333333333333,1481,1500,0.988,0.9866666666666667
二维高密度场景,2,750,P2_Low,0.1,0.02,0.04,custom_pid,12,True,2602.2022339683645,1.2118561267852783,365,498,37.328379223371805,28.468527038923977,0.5359694957733154,165.0,521.0000712885158,69,0.18904109589041096,none,46187291.75539585,0.9752747252747253,710,728,0.9807692307692307,0.9697802197802198
二维高密度场景,2,750,P2_Low,0.1,0.02,0.04,custom_pid,13,False,inf,2.651127576828003,750,1021,inf,0.0,inf,inf,560.51902648019,163,0.21733333333333332,oscillation,46108563.25524741,0.9906666666666667,1486,1500,0.9866666666666667,0.9946666666666667
二维高密度场景,2,750,P2_Low,0.1,0.02,0.04,custom_pid,14,True,2643.402117979808,2.7541346549987793,750,1071,39.814986756095266,29.40098505634106,2.3536500930786133,653.0,542.5669280105817,154,0.20533333333333334,none,45489086.521070495,0.988,1482,1500,0.9906666666666667,0.9853333333333333
二维高密度场景,2,750,P2_Low,0.1,0.02,0.04,custom_pid,15,True,2977.3245014685863,1.9321167469024658,556,767,39.74983660342776,29.221083435026536,1.195096731185913,356.0,526.6838415224693,108,0.19424460431654678,none,45757604.07454802,0.9837837837837838,1092,1110,0.9837837837837838,0.9837837837837838
二维高密度场景,2,750,P2_Low,0.1,0.02,0.04,custom_pid,16,True,2634.8121190313755,1.6587424278259277,492,655,48.740236385400486,33.16713314692313,0.9613089561462402,292.0,488.60776608791633,110,0.22357723577235772,none,45596941.59109646,0.9826883910386965,965,982,0.9898167006109979,0.9755600814663951
二维高密度场景,2,750,P2_Low,0.1,0.02,0.04,custom_pid,17,True,2409.824305311548,0.994469404220581,294,393,30.3247045123606,31.581272625296993,0.33498525619506836,94.0,478.6543573554707,40,0.1360544217687075,none,45789431.69189316,0.9692832764505119,568,586,0.9795221843003413,0.9590443686006825
二维高密度场景,2,750,P2_Low,0.1,0.02,0.04,custom_pid,18,True,2466.047916464444,1.1570677757263184,338,461,36.51857788283322,28.806651250471702,0.4509730339050293,138.0,477.1646175051513,63,0.1863905325443787,none,46031688.53505793,0.9718100890207715,655,674,0.9673590504451038,0.9762611275964391
二维高密度场景,2,750,P2_Low,0.1,0.02,0.04,custom_pid,19,True,2866.9947988326844,2.7856948375701904,750,1091,32.31583886342848,29.535702926496473,2.090641975402832,585.0,539.0339554010998,170,0.22666666666666666,none,46326790.87810142,0.9906666666666667,1486,1500,0.9893333333333333,0.992
二维高密度场景,2,750,P2_Low,0.1,0.02,0.04,custom_pid,20,False,inf,2.708667039871216,750,1041,inf,0.0,inf,inf,517.5222634006126,167,0.22266666666666668,divergence,45985351.7612238,0.982,1473,1500,0.9786666666666667,0.9853333333333333
二维高密度场景,2,750,P2_Low,0.1,0.02,0.04,custom_pid,21,True,3151.186046376913,1.358020544052124,394,555,49.271856209591476,29.545741930997565,0.6580262184143066,194.0,499.10228363386767,104,0.2639593908629442,none,45746025.21367955,0.9770992366412213,768,786,0.9770992366412213,0.9770992366412213
二维高密度场景,2,750,P2_Low,0.1,0.02,0.04,custom_pid,22,True,2421.49451998691,1.2580626010894775,373,519,42.07834030805545,30.467375134082037,0.5802562236785889,173.0,508.3270202863871,68,0.18230563002680966,none,45807712.76993324,0.9852150537634409,733,744,0.9811827956989247,0.989247311827957
二维高密度场景,2,750,P2_Low,0.1,0.02,0.04,custom_pid,23,True,2401.083395981893,0.9112145900726318,250,374,36.1434107228629,30.230338163140843,0.1905217170715332,50.0,454.2517987024919,55,0.22,none,45782602.114012465,0.9738955823293173,485,498,0.9799196787148594,0.9678714859437751
二维高密度场景,2,750,P2_Low,0.1,0.02,0.04,custom_pid,24,False,inf,2.7354581356048584,750,1090,inf,0.0,inf,inf,527.0641640880344,157,0.20933333333333334,divergence,45217661.831301935,0.9933333333333333,1490,1500,0.9906666666666667,0.996
二维高密度场景,2,750,P2_Low,0.1,0.02,0.04,custom_pid,25,True,2464.2007114393127,0.8813302516937256,258,342,33.82412091917351,31.196264013789428,0.19850873947143555,58.0,443.6894040943926,49,0.18992248062015504,none,45763774.89181839,0.9708171206225681,499,514,0.9727626459143969,0.9688715953307393
二维高密度场景,2,750,P2_Low,0.1,0.02,0.04,custom_pid,26,True,2482.345382629144,0.9226994514465332,275,391,38.633994403786474,30.172228450530522,0.21251225471496582,75.0,484.53804886449643,47,0.1709090909090909,none,45687574.46111874,0.9671532846715328,530,548,0.948905109489051,0.9854014598540146
二维高密度场景,2,750,P2_Low,0.1,0.02,0.04,custom_pid,27,True,2373.6449620491317,2.7036051750183105,750,1056,40.764391954982024,28.33528619569765,2.052302122116089,592.0,538.6449817351378,160,0.21333333333333335,none,45271422.30023601,0.9893333333333333,1484,1500,0.9866666666666667,0.992
二维高密度场景,2,750,P2_Low,0.1,0.02,0.04,custom_pid,28,True,2281.4385076424637,0.860957145690918,246,343,38.13214115386501,33.20253140871433,0.1763465404510498,46.0,475.39104877100664,52,0.21138211382113822,none,45820144.44576389,0.9755102040816327,478,490,0.9755102040816327,0.9755102040816327
二维高密度场景,2,750,P2_Low,0.1,0.02,0.04,custom_pid,29,True,2378.7102532363942,0.8240354061126709,253,311,40.20257329279031,30.523471107685786,0.19784140586853027,53.0,445.780431253245,43,0.16996047430830039,none,45784682.103345335,0.9662698412698413,487,504,0.9642857142857143,0.9682539682539683
二维高密度场景,2,750,P2_Low,0.1,0.02,0.04,custom_pid,30,True,2315.7461207294964,1.4945671558380127,432,595,38.53133170739104,31.31299394928912,0.7876377105712891,232.0,529.903390790749,84,0.19444444444444445,none,46148916.25550805,0.9802784222737819,845,862,0.9791183294663574,0.9814385150812065
二维高密度场景,2,750,P3_Low-Mid,0.2,0.03,0.08,custom_pid,1,True,2286.4475263024574,0.857691764831543,241,345,39.02063920359576,32.671873673385065,0.16341376304626465,41.0,450.95805091569144,41,0.17012448132780084,none,45744032.359856896,0.94375,453,480,0.9416666666666667,0.9458333333333333
二维高密度场景,2,750,P3_Low-Mid,0.2,0.03,0.08,custom_pid,2,True,2288.0483230448062,1.215153455734253,379,476,40.854636013922935,31.96694308979586,0.5555291175842285,179.0,486.6100736184,81,0.21372031662269128,none,45845001.66557834,0.9880952380952381,747,756,0.9867724867724867,0.9894179894179894
二维高密度场景,2,750,P3_Low-Mid,0.2,0.03,0.08,custom_pid,3,False,inf,2.6393465995788574,750,1041,inf,0.0,inf,inf,537.4873155208661,168,0.224,divergence,45411038.64457909,0.988,1482,1500,0.9866666666666667,0.9893333333333333
二维高密度场景,2,750,P3_Low-Mid,0.2,0.03,0.08,custom_pid,4,True,2806.9393033684855,2.0915393829345703,599,836,38.94758562644552,28.73199490509397,1.3517041206359863,399.0,514.8562721649026,147,0.24540901502504173,none,45788771.301672824,0.9874581939799331,1181,1196,0.9882943143812709,0.9866220735785953
二维高密度场景,2,750,P3_Low-Mid,0.2,0.03,0.08,custom_pid,5,False,inf,2.67560076713562,750,1081,inf,0.0,inf,inf,529.0352859300705,153,0.204,divergence,45133664.685513996,0.9866666666666667,1480,1500,0.9866666666666667,0.9866666666666667
二维高密度场景,2,750,P3_Low-Mid,0.2,0.03,0.08,custom_pid,6,True,2862.3109321649986,1.354522943496704,485,514,46.455797193054124,30.735403586191364,0.6669845581054688,285.0,470.9970675560552,45,0.09278350515463918,none,46243056.77332046,0.984504132231405,953,968,0.9772727272727273,0.9917355371900827
二维高密度场景,2,750,P3_Low-Mid,0.2,0.03,0.08,custom_pid,7,True,2527.212978652591,1.285353183746338,385,509,42.3159397993231,31.003866257763157,0.6361589431762695,185.0,476.9282737807455,69,0.17922077922077922,none,45744362.80151886,0.9752604166666666,749,768,0.9791666666666666,0.9713541666666666
二维高密度场景,2,750,P3_Low-Mid,0.2,0.03,0.08,custom_pid,8,True,2421.6116706296025,1.6911165714263916,485,687,35.97570430819456,32.36725836672789,0.9782896041870117,285.0,518.0691791598753,106,0.21855670103092784,none,45764216.207638934,0.9834710743801653,952,968,0.9834710743801653,0.9834710743801653
二维高密度场景,2,750,P3_Low-Mid,0.2,0.03,0.08,custom_pid,9,True,2673.540403764572,1.7362091541290283,534,696,46.20085306540277,30.3520834537962,1.0535740852355957,334.0,514.1346237338342,124,0.23220973782771537,none,45515284.98577007,0.9934333958724203,1059,1066,0.9906191369606003,0.9962476547842402
二维高密度场景,2,750,P3_Low-Mid,0.2,0.03,0.08,custom_pid,10,True,2594.9299726936374,1.4762630462646484,436,617,39.31237921903297,33.349055130661625,0.7730412483215332,236.0,495.7191762548815,99,0.22706422018348624,none,45482119.799730256,0.9735632183908046,847,870,0.9724137931034482,0.9747126436781609
二维高密度场景,2,750,P3_Low-Mid,0.2,0.03,0.08,custom_pid,11,True,3586.1770684072585,2.710875988006592,750,1076,43.791627147534854,32.370254851632765,2.554575204849243,714.0,536.6543190009082,188,0.25066666666666665,none,45490459.33648606,0.9913333333333333,1487,1500,0.9893333333333333,0.9933333333333333
二维高密度场景,2,750,P3_Low-Mid,0.2,0.03,0.08,custom_pid,12,True,2578.231610827873,1.8099291324615479,538,725,44.079273811210015,25.7905107913361,1.0968692302703857,338.0,528.8066606731527,105,0.19516728624535315,none,45412141.74951568,0.9851024208566108,1058,1074,0.9757914338919925,0.994413407821229
二维高密度场景,2,750,P3_Low-Mid,0.2,0.03,0.08,custom_pid,13,False,inf,2.690671920776367,750,1036,inf,0.0,inf,inf,526.4679733773041,158,0.21066666666666667,divergence,46408774.00486028,0.9853333333333333,1478,1500,0.988,0.9826666666666667
二维高密度场景,2,750,P3_Low-Mid,0.2,0.03,0.08,custom_pid,14,True,2673.2957945706257,2.337905168533325,750,868,45.06873092462064,27.50787513298826,2.1939752101898193,712.0,507.957396171896,110,0.14666666666666667,none,45078738.05918689,0.986,1479,1500,0.988,0.984
二维高密度场景,2,750,P3_Low-Mid,0.2,0.03,0.08,custom_pid,15,True,2225.7670942721074,0.8951153755187988,250,359,28.10853252698827,32.843612683721815,0.20403718948364258,50.0,504.33730302277104,45,0.18,none,45794298.68521486,0.9598393574297188,478,498,0.9598393574297188,0.9598393574297188
二维高密度场景,2,750,P3_Low-Mid,0.2,0.03,0.08,custom_pid,16,True,3097.489906754136,2.742288112640381,750,1091,49.925040944259926,29.608650121652328,2.066058397293091,583.0,542.7435190903003,182,0.24266666666666667,none,45776675.94229719,0.9886666666666667,1483,1500,0.9893333333333333,0.988
二维高密度场景,2,750,P3_Low-Mid,0.2,0.03,0.08,custom_pid,17,True,2384.4250926765476,1.2187707424163818,368,460,40.393639297555126,25.400303950834903,0.538149356842041,168.0,495.05619020438195,63,0.17119565217391305,none,45549985.344217345,0.9768392370572208,717,734,0.9645776566757494,0.989100817438692
二维高密度场景,2,750,P3_Low-Mid,0.2,0.03,0.08,custom_pid,18,True,2287.24955224249,1.0521361827850342,292,390,37.69404223534015,26.11856323065963,0.327237606048584,92.0,505.39041970926075,49,0.1678082191780822,none,45833058.91894098,0.9604810996563574,559,582,0.9553264604810997,0.9656357388316151
二维高密度场景,2,750,P3_Low-Mid,0.2,0.03,0.08,custom_pid,19,False,inf,2.6538636684417725,750,1043,inf,0.0,inf,inf,546.7344260589063,167,0.22266666666666668,divergence,45688961.54048869,0.99,1485,1500,0.9906666666666667,0.9893333333333333
二维高密度场景,2,750,P3_Low-Mid,0.2,0.03,0.08,custom_pid,20,True,3269.550243121474,2.19952130317688,636,859,39.16722757805101,30.79547480345421,1.4610857963562012,436.0,529.8919751785941,129,0.2028301886792453,none,45448380.849845216,0.9858267716535433,1252,1270,0.9858267716535433,0.9858267716535433
二维高密度场景,2,750,P3_Low-Mid,0.2,0.03,0.08,custom_pid,21,True,2445.1984082099893,0.8960621356964111,259,352,37.688120243446974,33.08171235641814,0.2135763168334961,59.0,486.16362361894295,45,0.17374517374517376,none,45822527.475782804,0.9651162790697675,498,516,0.9534883720930233,0.9767441860465116
二维高密度场景,2,750,P3_Low-Mid,0.2,0.03,0.08,custom_pid,22,True,2571.036394125332,1.7972164154052734,510,730,36.42531010340806,25.98674657771727,1.0898196697235107,310.0,508.56370207945463,115,0.22549019607843138,none,46140016.753177136,0.9833005893909627,1001,1018,0.9862475442043221,0.9803536345776032
二维高密度场景,2,750,P3_Low-Mid,0.2,0.03,0.08,custom_pid,23,True,2518.443230494452,0.9371399879455566,269,389,39.71749786914624,30.89047989324965,0.2549624443054199,69.0,453.8317673807955,45,0.16728624535315986,none,45647314.77582378,0.9720149253731343,521,536,0.9776119402985075,0.9664179104477612
二维高密度场景,2,750,P3_Low-Mid,0.2,0.03,0.08,custom_pid,24,True,2375.242041121758,1.3610448837280273,381,568,35.2556779034912,30.432815614469945,0.6577365398406982,181.0,513.4385678493427,88,0.23097112860892388,none,45866237.37377381,0.968421052631579,736,760,0.9736842105263158,0.9631578947368421
二维高密度场景,2,750,P3_Low-Mid,0.2,0.03,0.08,custom_pid,25,True,2502.028651537227,1.035029649734497,302,407,39.327336608015436,27.10009368321126,0.34577107429504395,102.0,459.0674641781205,60,0.1986754966887417,none,45468265.770078175,0.978405315614618,589,602,0.973421926910299,0.9833887043189369
二维高密度场景,2,750,P3_Low-Mid,0.2,0.03,0.08,custom_pid,26,True,2560.4675433214975,2.4021735191345215,664,943,39.73618163448785,29.01610196687016,1.6116414070129395,464.0,535.2657326906753,141,0.21234939759036145,none,45777709.370404236,0.9917043740573153,1315,1326,0.9924585218702866,0.9909502262443439
二维高密度场景,2,750,P3_Low-Mid,0.2,0.03,0.08,custom_pid,27,True,2394.9045044925024,2.2697205543518066,647,895,38.97943879210943,29.561067903173445,1.5105342864990234,447.0,533.8505791229308,144,0.22256568778979907,none,45599259.55742633,0.989938080495356,1279,1292,0.9907120743034056,0.9891640866873065
二维高密度场景,2,750,P3_Low-Mid,0.2,0.03,0.08,custom_pid,28,True,2724.4709395035193,1.647554874420166,510,632,36.66449269103257,29.785467046801916,0.9365754127502441,310.0,521.5086143121828,126,0.24705882352941178,none,46504172.12553194,0.9793713163064833,997,1018,0.9823182711198428,0.9764243614931237
二维高密度场景,2,750,P3_Low-Mid,0.2,0.03,0.08,custom_pid,29,True,2509.94297757642,1.4206953048706055,429,569,36.96333580200489,30.25561718889245,0.7446463108062744,229.0,488.76712439386114,84,0.1958041958041958,none,44997893.05359661,0.9801401869158879,839,856,0.9813084112149533,0.9789719626168224
二维高密度场景,2,750,P3_Low-Mid,0.2,0.03,0.08,custom_pid,30,True,2460.8423403124157,0.8172845840454102,255,305,38.36381556204576,29.95264607265537,0.19663023948669434,55.0,472.1826971069892,33,0.12941176470588237,none,45760750.14232826,0.9704724409448819,493,508,0.9803149606299213,0.9606299212598425
二维高密度场景,2,750,P4_Mid,0.3,0.05,0.12,custom_pid,1,True,2455.9615035748648,1.2726671695709229,393,492,44.372818004156116,30.038815356470653,0.5918715000152588,193.0,477.64495972176707,65,0.16539440203562342,none,45873882.50136652,0.9834183673469388,771,784,0.9846938775510204,0.9821428571428571
二维高密度场景,2,750,P4_Mid,0.3,0.05,0.12,custom_pid,2,True,2852.1357372495872,1.2499241828918457,374,506,39.86061900500628,32.07146790945769,0.5887529850006104,174.0,478.55643223523464,77,0.20588235294117646,none,45554720.7449157,0.9705093833780161,724,746,0.967828418230563,0.9731903485254692
二维高密度场景,2,750,P4_Mid,0.3,0.05,0.12,custom_pid,3,True,2430.8838685723817,1.2271482944488525,381,484,32.00747472604804,29.098905645219403,0.541919469833374,181.0,494.84024336757216,67,0.17585301837270342,none,45503666.97026104,0.9789473684210527,744,760,0.9789473684210527,0.9789473684210527
二维高密度场景,2,750,P4_Mid,0.3,0.05,0.12,custom_pid,4,True,2465.9380830900604,1.204939842224121,364,469,34.35383648090709,30.73491383281135,0.5634422302246094,164.0,474.3736513487051,51,0.1401098901098901,none,45841665.73293344,0.9793388429752066,711,726,0.9807162534435262,0.977961432506887
二维高密度场景,2,750,P4_Mid,0.3,0.05,0.12,custom_pid,5,True,3107.2304441060865,2.7485201358795166,750,1102,44.25203505499745,30.96362994293194,2.5483691692352295,700.0,551.4111803944103,192,0.256,none,45821198.113673106,0.99,1485,1500,0.988,0.992
二维高密度场景,2,750,P4_Mid,0.3,0.05,0.12,custom_pid,6,True,3192.811306994572,1.531890630722046,443,603,36.23218196160484,28.204776731066026,0.8213984966278076,243.0,520.9711507744546,89,0.20090293453724606,none,46037137.524666645,0.9898190045248869,875,884,0.9886877828054299,0.9909502262443439
二维高密度场景,2,750,P4_Mid,0.3,0.05,0.12,custom_pid,7,False,inf,2.675719976425171,750,1059,inf,0.0,inf,inf,524.9484514984458,175,0.23333333333333334,divergence,46729808.95994892,0.9853333333333333,1478,1500,0.984,0.9866666666666667
二维高密度场景,2,750,P4_Mid,0.3,0.05,0.12,custom_pid,8,True,2458.0470898539697,1.0418031215667725,334,400,36.37077294000769,29.905918358001635,0.40712952613830566,134.0,461.57209376787625,61,0.18263473053892215,none,44897200.47250608,0.9774774774774775,651,666,0.972972972972973,0.9819819819819819
二维高密度场景,2,750,P4_Mid,0.3,0.05,0.12,custom_pid,9,True,2640.880359710324,2.211803436279297,617,885,36.96933705660224,31.735393455880605,1.4710381031036377,417.0,543.2577982597129,142,0.23014586709886548,none,45751067.58639026,0.9829545454545454,1211,1232,0.9853896103896104,0.9805194805194806
二维高密度场景,2,750,P4_Mid,0.3,0.05,0.12,custom_pid,10,True,2994.3724069299947,2.653754234313965,750,1032,44.4072222152269,33.27750211782105,2.4737749099731445,704.0,523.8394028349857,161,0.21466666666666667,none,45931224.52535262,0.9873333333333333,1481,1500,0.9866666666666667,0.988
二维高密度场景,2,750,P4_Mid,0.3,0.05,0.12,custom_pid,11,False,inf,2.658539295196533,750,1046,inf,0.0,inf,inf,515.5357646761414,150,0.2,divergence,45781311.751779445,0.9906666666666667,1486,1500,0.992,0.9893333333333333
二维高密度场景,2,750,P4_Mid,0.3,0.05,0.12,custom_pid,12,True,2407.6453801938555,1.4270868301391602,396,573,37.90711309816181,29.80880418055049,0.7437634468078613,196.0,481.3406841153004,79,0.1994949494949495,none,45913752.94536455,0.9746835443037974,770,790,0.9822784810126582,0.9670886075949368
二维高密度场景,2,750,P4_Mid,0.3,0.05,0.12,custom_pid,13,True,2502.4679378269316,2.658879041671753,750,1050,40.07627749545901,28.153371003903825,2.1976511478424072,639.0,541.6867130796958,154,0.20533333333333334,none,45887334.36069816,0.9913333333333333,1487,1500,0.992,0.9906666666666667
二维高密度场景,2,750,P4_Mid,0.3,0.05,0.12,custom_pid,14,False,inf,2.5681357383728027,750,973,inf,0.0,inf,inf,522.4927055616233,149,0.19866666666666666,divergence,45670952.290974006,0.9886666666666667,1483,1500,0.988,0.9893333333333333
二维高密度场景,2,750,P4_Mid,0.3,0.05,0.12,custom_pid,15,True,2597.408971902484,1.3378825187683105,413,529,36.91338549076432,33.98677077450481,0.6802942752838135,213.0,519.9055552681523,78,0.18886198547215496,none,45827214.51327223,0.9817961165048543,809,824,0.9733009708737864,0.9902912621359223
二维高密度场景,2,750,P4_Mid,0.3,0.05,0.12,custom_pid,16,True,2347.0903191937873,2.6718361377716064,750,1038,40.13372623795729,31.55208348386386,1.9815864562988281,574.0,541.6280665565598,180,0.24,none,46064697.55668796,0.992,1488,1500,0.9933333333333333,0.9906666666666667
二维高密度场景,2,750,P4_Mid,0.3,0.05,0.12,custom_pid,17,False,inf,2.817620038986206,750,1109,inf,0.0,inf,inf,539.9090766451047,169,0.22533333333333333,divergence,45881589.29272317,0.9906666666666667,1486,1500,0.992,0.9893333333333333
二维高密度场景,2,750,P4_Mid,0.3,0.05,0.12,custom_pid,18,True,2669.5357288307346,1.3363556861877441,387,549,37.669358011928445,27.008945452376985,0.6469371318817139,187.0,490.6909443606234,79,0.2041343669250646,none,45777224.42724121,0.9857512953367875,761,772,0.9922279792746114,0.9792746113989638
二维高密度场景,2,750,P4_Mid,0.3,0.05,0.12,custom_pid,19,True,2456.2511310561254,2.7071969509124756,740,1091,34.692639118538146,27.383752727557557,1.9286513328552246,540.0,528.930660008263,148,0.2,none,45845561.22268482,0.993234100135318,1468,1478,0.993234100135318,0.993234100135318
二维高密度场景,2,750,P4_Mid,0.3,0.05,0.12,custom_pid,20,True,2527.1983735664926,2.7652437686920166,750,1105,38.24088037550621,29.629582499380827,2.02933406829834,568.0,511.14057687323583,172,0.22933333333333333,none,46078143.196672596,0.99,1485,1500,0.9906666666666667,0.9893333333333333
二维高密度场景,2,750,P4_Mid,0.3,0.05,0.12,custom_pid,21,True,2426.644172682406,1.3436098098754883,393,551,43.753794949411656,28.12008547325895,0.6348247528076172,193.0,511.24911707933967,75,0.19083969465648856,none,45742703.76679096,0.9744897959183674,764,784,0.9795918367346939,0.9693877551020408
二维高密度场景,2,750,P4_Mid,0.3,0.05,0.12,custom_pid,22,True,2610.5044446694933,2.2133078575134277,622,892,36.840436193440674,27.17272044210802,1.4557979106903076,422.0,558.29375183804,146,0.2347266881028939,none,46233116.61342948,0.9847020933977456,1223,1242,0.9838969404186796,0.9855072463768116
二维高密度场景,2,750,P4_Mid,0.3,0.05,0.12,custom_pid,23,True,2487.71633045506,0.924809455871582,264,356,33.27525055348849,34.3263654643757,0.22223258018493652,64.0,448.3776985649134,39,0.14772727272727273,none,45543548.89992403,0.9657794676806084,508,526,0.973384030418251,0.9581749049429658
二维高密度场景,2,750,P4_Mid,0.3,0.05,0.12,custom_pid,24,True,2456.3905356740015,1.6270997524261475,479,660,40.409546583005735,32.278047801283414,0.933769702911377,279.0,522.7791120224895,102,0.21294363256784968,none,46094884.24984871,0.9853556485355649,942,956,0.9895397489539749,0.9811715481171548
二维高密度场景,2,750,P4_Mid,0.3,0.05,0.12,custom_pid,25,True,2870.6133770687525,2.6025474071502686,725,1021,44.850234280724905,29.635005155860213,1.807326078414917,525.0,538.5524922934967,143,0.19724137931034483,none,45817938.81119964,0.9875690607734806,1430,1448,0.988950276243094,0.9861878453038674
二维高密度场景,2,750,P4_Mid,0.3,0.05,0.12,custom_pid,26,True,2826.626367568152,1.6108524799346924,496,653,43.52456540315573,36.21114731821887,0.9433271884918213,296.0,499.0221773795134,73,0.14717741935483872,none,45947072.88926057,0.990909090909091,981,990,0.98989898989899,0.9919191919191919
二维高密度场景,2,750,P4_Mid,0.3,0.05,0.12,custom_pid,27,False,inf,2.724764347076416,750,1059,inf,0.0,inf,inf,529.7682501282213,155,0.20666666666666667,divergence,45815321.45594165,0.9873333333333333,1481,1500,0.988,0.9866666666666667
二维高密度场景,2,750,P4_Mid,0.3,0.05,0.12,custom_pid,28,True,2532.6818680193787,1.248286247253418,414,461,39.59567850077415,27.36823842812531,0.5794360637664795,214.0,502.5412001475901,85,0.20531400966183574,none,45884542.86411739,0.9842615012106537,813,826,0.9806295399515739,0.9878934624697336
二维高密度场景,2,750,P4_Mid,0.3,0.05,0.12,custom_pid,29,False,inf,2.669529914855957,750,1024,inf,0.0,inf,inf,545.02589489498,183,0.244,divergence,45956298.13050816,0.99,1485,1500,0.9906666666666667,0.9893333333333333
二维高密度场景,2,750,P4_Mid,0.3,0.05,0.12,custom_pid,30,True,2677.306813690815,1.9654083251953125,562,789,43.430220548426306,32.10951191029632,1.1849017143249512,362.0,536.0905969650365,136,0.24199288256227758,none,44169107.61672349,0.9830659536541889,1103,1122,0.9803921568627451,0.9857397504456328
二维高密度场景,2,750,P5_Mid-High,0.4,0.07,0.16,custom_pid,1,True,2331.693807146043,0.9081339836120605,256,346,39.244225180617285,24.709998313297145,0.20473217964172363,56.0,461.6898340375309,50,0.1953125,none,45792701.252090275,0.9705882352941176,495,510,0.9764705882352941,0.9647058823529412
二维高密度场景,2,750,P5_Mid-High,0.4,0.07,0.16,custom_pid,2,True,2548.0912120428925,2.526538372039795,709,1029,36.27031691543465,26.281486697008535,1.733337640762329,509.0,528.2859617743485,157,0.22143864598025387,none,45276145.45943399,0.981638418079096,1390,1416,0.9788135593220338,0.9844632768361582
二维高密度场景,2,750,P5_Mid-High,0.4,0.07,0.16,custom_pid,3,False,inf,2.793750286102295,750,1111,inf,0.0,inf,inf,534.1849625907655,177,0.236,divergence,45655279.96608271,0.9893333333333333,1484,1500,0.9906666666666667,0.988
二维高密度场景,2,750,P5_Mid-High,0.4,0.07,0.16,custom_pid,4,False,inf,2.683321237564087,750,1070,inf,0.0,inf,inf,554.5549096629315,187,0.24933333333333332,divergence,45877221.948873185,0.9893333333333333,1484,1500,0.988,0.9906666666666667
二维高密度场景,2,750,P5_Mid-High,0.4,0.07,0.16,custom_pid,5,True,2692.4110770825628,1.6508972644805908,501,636,42.61829725344288,31.41256605935688,0.9276928901672363,301.0,513.9388870760615,105,0.20958083832335328,none,45720565.41842474,0.982,982,1000,0.982,0.982
二维高密度场景,2,750,P5_Mid-High,0.4,0.07,0.16,custom_pid,6,True,2964.6838083044186,2.318451404571533,666,928,37.81534256131822,28.92940449519406,1.564509391784668,466.0,536.048851409005,124,0.18618618618618618,none,47347432.26547788,0.9887218045112782,1315,1330,0.98796992481203,0.9894736842105263
二维高密度场景,2,750,P5_Mid-High,0.4,0.07,0.16,custom_pid,7,False,inf,2.6587605476379395,750,1065,inf,0.0,inf,inf,535.4137198644057,177,0.236,divergence,45972274.5626225,0.986,1479,1500,0.9893333333333333,0.9826666666666667
二维高密度场景,2,750,P5_Mid-High,0.4,0.07,0.16,custom_pid,8,True,2498.398858998399,2.1766088008880615,639,890,44.11117551934294,34.191188010357195,1.4293689727783203,439.0,514.6620441398247,120,0.18779342723004694,none,45784822.03133084,0.987460815047022,1260,1276,0.9858934169278997,0.9890282131661442
二维高密度场景,2,750,P5_Mid-High,0.4,0.07,0.16,custom_pid,9,True,2603.398711379051,1.896226406097412,560,725,35.61137502623101,29.42677231538239,1.1673493385314941,360.0,521.4750225936265,127,0.22678571428571428,none,45793984.51981145,0.983005366726297,1099,1118,0.9821109123434705,0.9838998211091234
二维高密度场景,2,750,P5_Mid-High,0.4,0.07,0.16,custom_pid,10,False,inf,2.704299211502075,750,1076,inf,0.0,inf,inf,527.2742868005483,169,0.22533333333333333,divergence,45614863.84247975,0.9873333333333333,1481,1500,0.988,0.9866666666666667
二维高密度场景,2,750,P5_Mid-High,0.4,0.07,0.16,custom_pid,11,True,2659.9560167400423,1.4405040740966797,419,551,38.830152334798754,27.725206632532714,0.7372100353240967,219.0,497.00539694159136,95,0.22673031026252982,none,46173468.92141492,0.9856459330143541,824,836,0.9856459330143541,0.9856459330143541
二维高密度场景,2,750,P5_Mid-High,0.4,0.07,0.16,custom_pid,12,True,2300.0383967513344,2.790727376937866,750,1095,36.542709374472786,30.526901917838416,2.3043596744537354,631.0,518.9354303454122,163,0.21733333333333332,none,45734977.60956337,0.9893333333333333,1484,1500,0.9866666666666667,0.992
二维高密度场景,2,750,P5_Mid-High,0.4,0.07,0.16,custom_pid,13,False,inf,2.6640608310699463,750,1048,inf,0.0,inf,inf,524.1981662911933,160,0.21333333333333335,divergence,46677577.98249471,0.992,1488,1500,0.992,0.992
二维高密度场景,2,750,P5_Mid-High,0.4,0.07,0.16,custom_pid,14,True,2612.322069947022,0.9955601692199707,293,395,40.51594653703037,30.085025939309794,0.2973630428314209,93.0,456.17671689170305,56,0.19112627986348124,none,45790183.50584046,0.9674657534246576,565,584,0.9726027397260274,0.9623287671232876
二维高密度场景,2,750,P5_Mid-High,0.4,0.07,0.16,custom_pid,15,True,2501.5442026373357,1.648916244506836,477,654,37.63061415030873,33.49096813429842,0.9642813205718994,277.0,507.1476276173135,111,0.23270440251572327,none,45824050.71633636,0.9800420168067226,933,952,0.9810924369747899,0.9789915966386554
二维高密度场景,2,750,P5_Mid-High,0.4,0.07,0.16,custom_pid,16,True,2475.3243677954924,1.259310245513916,385,512,38.00760046710448,34.00533246003728,0.5910627841949463,185.0,474.85141119170066,74,0.19220779220779222,none,45020265.997960776,0.9765625,750,768,0.9791666666666666,0.9739583333333334
二维高密度场景,2,750,P5_Mid-High,0.4,0.07,0.16,custom_pid,17,True,2386.2229356472753,1.0268323421478271,304,406,37.46220636477501,29.776262943092362,0.3196539878845215,104.0,472.82550156256184,53,0.17434210526315788,none,45714302.42410443,0.971947194719472,589,606,0.976897689768977,0.966996699669967
二维高密度场景,2,750,P5_Mid-High,0.4,0.07,0.16,custom_pid,18,False,inf,1.9298889636993408,750,684,inf,0.0,inf,inf,622.5996052851576,150,0.2,oscillation,45410929.634122655,0.9933333333333333,1490,1500,0.9946666666666667,0.992
二维高密度场景,2,750,P5_Mid-High,0.4,0.07,0.16,custom_pid,19,True,2355.09019382742,1.2923204898834229,383,519,33.81241364359438,27.970680830926803,0.6009562015533447,183.0,509.46967147434026,78,0.20365535248041775,none,45903945.796750695,0.9829842931937173,751,764,0.9842931937172775,0.981675392670157
二维高密度场景,2,750,P5_Mid-High,0.4,0.07,0.16,custom_pid,20,True,2621.227613487543,1.4644932746887207,426,588,38.85539732643789,33.16855281968814,0.7529251575469971,226.0,537.2242140491892,75,0.176056338028169,none,46621843.77798163,0.9823529411764705,835,850,0.9764705882352941,0.9882352941176471
二维高密度场景,2,750,P5_Mid-High,0.4,0.07,0.16,custom_pid,21,True,2291.195185712585,1.9713783264160156,570,779,43.205369720861505,31.461830333157458,1.230712652206421,370.0,530.2256416799783,112,0.19649122807017544,none,46373736.154174276,0.9912126537785588,1128,1138,0.9912126537785588,0.9912126537785588
二维高密度场景,2,750,P5_Mid-High,0.4,0.07,0.16,custom_pid,22,False,inf,2.7900562286376953,750,1086,inf,0.0,inf,inf,527.334972199358,165,0.22,divergence,45399825.31180837,0.9886666666666667,1483,1500,0.992,0.9853333333333333
二维高密度场景,2,750,P5_Mid-High,0.4,0.07,0.16,custom_pid,23,True,2246.0260065084176,0.8505153656005859,253,334,32.300588356557505,25.352083369221944,0.19480061531066895,53.0,442.12788173964293,46,0.18181818181818182,none,45803024.786252245,0.9702380952380952,489,504,0.9563492063492064,0.9841269841269841
二维高密度场景,2,750,P5_Mid-High,0.4,0.07,0.16,custom_pid,24,True,2307.7055548711483,1.1992580890655518,351,484,34.63814553983795,32.20526841035185,0.5303614139556885,151.0,472.8143286227027,69,0.19658119658119658,none,45447787.71067259,0.9771428571428571,684,700,0.9771428571428571,0.9771428571428571
二维高密度场景,2,750,P5_Mid-High,0.4,0.07,0.16,custom_pid,25,True,2745.9708736626458,2.4440507888793945,682,978,39.19359261884906,31.633765334081676,1.6616923809051514,482.0,549.82303559451,169,0.24780058651026393,none,45763362.39943796,0.9904552129221733,1349,1362,0.9911894273127754,0.9897209985315712
二维高密度场景,2,750,P5_Mid-High,0.4,0.07,0.16,custom_pid,26,True,2583.904932592625,1.7539043426513672,540,717,36.805666596170134,28.769241196794326,1.0821022987365723,340.0,525.471383433388,99,0.18333333333333332,none,45545988.964785635,0.9842300556586271,1061,1078,0.9833024118738405,0.9851576994434137
二维高密度场景,2,750,P5_Mid-High,0.4,0.07,0.16,custom_pid,27,False,inf,2.769866466522217,750,1096,inf,0.0,inf,inf,528.8321097108633,161,0.21466666666666667,divergence,45385800.60701066,0.9873333333333333,1481,1500,0.9853333333333333,0.9893333333333333
二维高密度场景,2,750,P5_Mid-High,0.4,0.07,0.16,custom_pid,28,True,3147.7494896492985,2.099719285964966,602,815,39.216562307072124,26.73044374355693,1.3330347537994385,402.0,542.6982906147232,142,0.23588039867109634,none,46590488.968084686,0.9883527454242929,1188,1202,0.9850249584026622,0.9916805324459235
二维高密度场景,2,750,P5_Mid-High,0.4,0.07,0.16,custom_pid,29,False,inf,2.834645986557007,750,1127,inf,0.0,inf,inf,525.4001306301922,176,0.23466666666666666,divergence,45926985.72976988,0.992,1488,1500,0.9893333333333333,0.9946666666666667
二维高密度场景,2,750,P5_Mid-High,0.4,0.07,0.16,custom_pid,30,True,2594.883565692773,1.4589266777038574,413,590,39.64527802659279,33.12338303975888,0.7641637325286865,213.0,501.13737963966344,91,0.22033898305084745,none,46113456.91577862,0.9805825242718447,808,824,0.9830097087378641,0.9781553398058253
二维高密度场景,2,750,P6_High,0.5,0.1,0.2,custom_pid,1,False,inf,2.665112018585205,750,1001,inf,0.0,inf,inf,550.3007659409755,155,0.20666666666666667,divergence,46107624.439413235,0.992,1488,1500,0.9946666666666667,0.9893333333333333
二维高密度场景,2,750,P6_High,0.5,0.1,0.2,custom_pid,2,True,2783.7236225479264,1.4394192695617676,437,564,45.698453739392576,33.041147202498614,0.7237532138824463,237.0,522.4662780835475,98,0.2242562929061785,none,46958453.15064398,0.9724770642201835,848,872,0.9793577981651376,0.9655963302752294
二维高密度场景,2,750,P6_High,0.5,0.1,0.2,custom_pid,3,True,2811.7997899407183,1.738656759262085,476,712,40.842714919704385,29.836417577077277,1.0126934051513672,276.0,541.8455356201624,103,0.21638655462184875,none,46658834.78333482,0.9831578947368421,934,950,0.9831578947368421,0.9831578947368421
二维高密度场景,2,750,P6_High,0.5,0.1,0.2,custom_pid,4,True,2731.00400242061,1.5989267826080322,485,589,39.37284314693158,28.880386298998076,0.9226586818695068,285.0,498.0335905304831,90,0.18556701030927836,none,45803186.414239235,0.987603305785124,956,968,0.9834710743801653,0.9917355371900827
二维高密度场景,2,750,P6_High,0.5,0.1,0.2,custom_pid,5,True,2759.3507827600306,2.0489463806152344,639,801,47.10151641244886,29.44544789983153,1.318357229232788,439.0,534.1125541483103,137,0.21439749608763695,none,45720183.40388681,0.9851097178683386,1257,1276,0.987460815047022,0.9827586206896551
二维高密度场景,2,750,P6_High,0.5,0.1,0.2,custom_pid,6,True,2415.8354946393733,1.2154486179351807,357,475,38.79257459739028,27.35793511785503,0.5418145656585693,157.0,493.75856478299715,65,0.18207282913165265,none,46356472.645047985,0.9789325842696629,697,712,0.9719101123595506,0.9859550561797753
二维高密度场景,2,750,P6_High,0.5,0.1,0.2,custom_pid,7,True,2420.668887580741,1.9752171039581299,561,792,39.78315382217678,27.33247473462183,1.2311151027679443,361.0,537.2405857769288,130,0.23172905525846701,none,45770403.24212219,0.9803571428571428,1098,1120,0.9785714285714285,0.9821428571428571
二维高密度场景,2,750,P6_High,0.5,0.1,0.2,custom_pid,8,True,2248.716455892628,0.8581693172454834,250,333,31.794791662939456,33.159632968287525,0.1844959259033203,50.0,480.6024221090034,57,0.228,none,45755708.2855706,0.9678714859437751,482,498,0.9598393574297188,0.9759036144578314
二维高密度场景,2,750,P6_High,0.5,0.1,0.2,custom_pid,9,True,2930.5390044729256,2.410954236984253,693,928,40.10776163702033,26.28470802201302,1.6491928100585938,493.0,533.4000967424141,137,0.1976911976911977,none,45760975.92035892,0.990606936416185,1371,1384,0.9898843930635838,0.9913294797687862
二维高密度场景,2,750,P6_High,0.5,0.1,0.2,custom_pid,10,True,2543.872727544646,0.9664266109466553,278,399,41.828185253131096,30.15683601111344,0.27363061904907227,78.0,486.6561959970694,46,0.16546762589928057,none,45224851.29272224,0.9729241877256317,539,554,0.9855595667870036,0.9602888086642599
二维高密度场景,2,750,P6_High,0.5,0.1,0.2,custom_pid,11,True,2491.0791494915593,1.27325439453125,381,528,39.36650026582794,30.638165385596565,0.6243023872375488,181.0,511.98293318125957,86,0.22572178477690288,none,45911300.17484199,0.9802631578947368,745,760,0.9842105263157894,0.9763157894736842
二维高密度场景,2,750,P6_High,0.5,0.1,0.2,custom_pid,12,True,2461.3500242599234,1.4702246189117432,450,562,38.837001257675844,30.666612277458533,0.758976936340332,250.0,549.0332908544539,82,0.18222222222222223,none,45940681.78529343,0.9866369710467706,886,898,0.9844097995545658,0.9888641425389755
二维高密度场景,2,750,P6_High,0.5,0.1,0.2,custom_pid,13,True,2662.692636875718,1.1089754104614258,360,421,36.617640323863654,29.477000616376205,0.4411172866821289,160.0,500.0011600291605,62,0.17222222222222222,none,46595845.805856995,0.979108635097493,703,718,0.9777158774373259,0.9805013927576601
二维高密度场景,2,750,P6_High,0.5,0.1,0.2,custom_pid,14,True,2367.3384397929285,1.1423687934875488,348,464,39.153660026035865,30.376729256569103,0.4836544990539551,148.0,522.7143737074998,63,0.1810344827586207,none,45627231.30611063,0.9798270893371758,680,694,0.9798270893371758,0.9798270893371758
二维高密度场景,2,750,P6_High,0.5,0.1,0.2,custom_pid,15,True,2739.4069618373633,1.5805203914642334,456,615,37.03698619630787,26.976031701221878,0.8688223361968994,256.0,482.20784797703766,94,0.20614035087719298,none,45908812.534144185,0.9791208791208791,891,910,0.9824175824175824,0.9758241758241758
二维高密度场景,2,750,P6_High,0.5,0.1,0.2,custom_pid,16,True,2302.9511844072226,1.3026881217956543,375,526,38.97841317970296,25.978239045160024,0.6106247901916504,175.0,505.25311909326496,79,0.21066666666666667,none,45407556.404012464,0.9732620320855615,728,748,0.9732620320855615,0.9732620320855615
二维高密度场景,2,750,P6_High,0.5,0.1,0.2,custom_pid,17,True,2636.7840474711506,2.1266744136810303,585,840,36.26814586057248,31.614475482866045,1.3636860847473145,385.0,499.2798263879865,125,0.21367521367521367,none,45513209.32565677,0.9820205479452054,1147,1168,0.9863013698630136,0.9777397260273972
二维高密度场景,2,750,P6_High,0.5,0.1,0.2,custom_pid,18,False,inf,2.7006711959838867,750,1054,inf,0.0,inf,inf,554.8513519446741,164,0.21866666666666668,divergence,45486486.15494816,0.9886666666666667,1483,1500,0.9866666666666667,0.9906666666666667
二维高密度场景,2,750,P6_High,0.5,0.1,0.2,custom_pid,19,True,2645.391722064509,1.4701712131500244,417,617,37.14749422632389,28.831543184203856,0.7628936767578125,217.0,507.86619013857313,103,0.24700239808153476,none,45865887.14244535,0.9831730769230769,818,832,0.9879807692307693,0.9783653846153846
二维高密度场景,2,750,P6_High,0.5,0.1,0.2,custom_pid,20,True,2638.404783723707,1.3362326622009277,386,552,44.68793746565295,29.88496829806508,0.6524748802185059,186.0,501.7141400743424,85,0.22020725388601037,none,46066580.085557826,0.9766233766233766,752,770,0.9792207792207792,0.974025974025974
二维高密度场景,2,750,P6_High,0.5,0.1,0.2,custom_pid,21,True,2374.8144208232875,1.2139348983764648,347,499,35.68906764256962,27.669062495732877,0.505944013595581,147.0,490.60740501864626,59,0.17002881844380405,none,45692934.46376921,0.9739884393063584,674,692,0.9710982658959537,0.976878612716763
二维高密度场景,2,750,P6_High,0.5,0.1,0.2,custom_pid,22,True,2260.9991551702587,1.1173007488250732,337,434,36.31201739225878,29.0039541977411,0.4390711784362793,137.0,499.61185566727653,59,0.17507418397626112,none,45742579.51841955,0.9761904761904762,656,672,0.9761904761904762,0.9761904761904762
二维高密度场景,2,750,P6_High,0.5,0.1,0.2,custom_pid,23,True,2572.007842225752,2.6971302032470703,750,1063,35.69492630262045,28.79950746874306,2.101534843444824,602.0,540.9423611262853,173,0.23066666666666666,none,46171157.79583752,0.9866666666666667,1480,1500,0.9906666666666667,0.9826666666666667
二维高密度场景,2,750,P6_High,0.5,0.1,0.2,custom_pid,24,True,2288.1921113790595,2.631377696990967,750,1046,30.842122150797902,30.940737314364604,2.1103501319885254,618.0,536.9343716080094,155,0.20666666666666667,none,45581625.58892181,0.988,1482,1500,0.9906666666666667,0.9853333333333333
二维高密度场景,2,750,P6_High,0.5,0.1,0.2,custom_pid,25,False,inf,2.579819917678833,750,994,inf,0.0,inf,inf,538.5497883825195,153,0.204,divergence,45345519.83997279,0.9893333333333333,1484,1500,0.9866666666666667,0.992
二维高密度场景,2,750,P6_High,0.5,0.1,0.2,custom_pid,26,True,2484.632255528371,0.8994932174682617,266,362,39.69103786716724,30.413405635919283,0.2240309715270996,66.0,468.6707012341414,48,0.18045112781954886,none,45954059.801397905,0.9660377358490566,512,530,0.9660377358490566,0.9660377358490566
二维高密度场景,2,750,P6_High,0.5,0.1,0.2,custom_pid,27,False,inf,2.620081663131714,750,1004,inf,0.0,inf,inf,538.1521927367539,175,0.23333333333333334,divergence,46269273.4402995,0.9893333333333333,1484,1500,0.9933333333333333,0.9853333333333333
二维高密度场景,2,750,P6_High,0.5,0.1,0.2,custom_pid,28,True,2695.712835499614,2.09617280960083,584,830,38.8004361975642,26.376836703973687,1.3486063480377197,384.0,531.6601467098752,140,0.23972602739726026,none,45762866.743153855,0.9845626072041166,1148,1166,0.9862778730703259,0.9828473413379074
二维高密度场景,2,750,P6_High,0.5,0.1,0.2,custom_pid,29,True,2364.816161958704,0.8740499019622803,256,340,37.7035942116229,28.959854823867666,0.18369102478027344,56.0,470.9004367047269,38,0.1484375,none,45954877.44307556,0.9627450980392157,491,510,0.9607843137254902,0.9647058823529412
二维高密度场景,2,750,P6_High,0.5,0.1,0.2,custom_pid,30,True,2236.2119635729146,0.90802001953125,269,355,39.54809601767375,28.18209710141333,0.25005197525024414,69.0,468.10411033210784,59,0.21933085501858737,none,45775020.85836052,0.9664179104477612,518,536,0.9626865671641791,0.9701492537313433
二维高密度场景,2,750,P7_VeryHigh,0.6,0.12,0.24,custom_pid,1,True,2410.192787267944,1.3249633312225342,391,511,48.61914720993551,28.021447414831524,0.6602315902709961,191.0,497.71420909790015,84,0.21483375959079284,none,46092984.65596696,0.967948717948718,755,780,0.9615384615384616,0.9743589743589743
二维高密度场景,2,750,P7_VeryHigh,0.6,0.12,0.24,custom_pid,2,True,2590.980470486538,2.6411006450653076,750,1023,36.58436829049853,25.733139011855478,2.33475399017334,675.0,524.4555695120612,160,0.21333333333333335,none,44704620.29739812,0.9866666666666667,1480,1500,0.984,0.9893333333333333
二维高密度场景,2,750,P7_VeryHigh,0.6,0.12,0.24,custom_pid,3,True,2682.66930331469,2.673219919204712,750,1033,38.75108426669948,29.095694946283093,2.0992114543914795,608.0,549.2349918888389,148,0.19733333333333333,none,44387364.96529976,0.9866666666666667,1480,1500,0.9866666666666667,0.9866666666666667
二维高密度场景,2,750,P7_VeryHigh,0.6,0.12,0.24,custom_pid,4,True,2468.055707501948,2.494727611541748,685,1000,38.60595039212149,29.201513378329487,1.7028565406799316,485.0,540.3913934562972,163,0.23795620437956205,none,46677448.2763876,0.9883040935672515,1352,1368,0.9883040935672515,0.9883040935672515
二维高密度场景,2,750,P7_VeryHigh,0.6,0.12,0.24,custom_pid,5,True,2291.917549813842,0.8950099945068359,252,356,36.140599897726545,32.43387564042058,0.2000727653503418,52.0,457.00159678860456,52,0.20634920634920634,none,45682488.63059398,0.9741035856573705,489,502,0.9721115537848606,0.9760956175298805
二维高密度场景,2,750,P7_VeryHigh,0.6,0.12,0.24,custom_pid,6,True,3640.609655583056,2.5566279888153076,750,978,33.132176033596096,29.693068491923327,2.5461740493774414,747.0,548.3282826684732,149,0.19866666666666666,none,45344801.53986024,0.988,1482,1500,0.9826666666666667,0.9933333333333333
二维高密度场景,2,750,P7_VeryHigh,0.6,0.12,0.24,custom_pid,7,True,2356.0379074448947,0.9960536956787109,302,390,29.502208766587163,27.09914503732634,0.3170206546783447,102.0,451.8953399254583,55,0.18211920529801323,none,45486838.779861614,0.9700996677740864,584,602,0.9900332225913622,0.9501661129568106
二维高密度场景,2,750,P7_VeryHigh,0.6,0.12,0.24,custom_pid,8,True,2398.7366472561366,0.9573335647583008,312,337,37.78973727043469,31.282920996663172,0.36060547828674316,112.0,451.5058060424266,40,0.1282051282051282,none,46428130.69950313,0.9678456591639871,602,622,0.9678456591639871,0.9678456591639871
二维高密度场景,2,750,P7_VeryHigh,0.6,0.12,0.24,custom_pid,9,False,inf,2.5993897914886475,750,1006,inf,0.0,inf,inf,559.5325802242471,163,0.21733333333333332,divergence,44925374.487774365,0.9866666666666667,1480,1500,0.9826666666666667,0.9906666666666667
二维高密度场景,2,750,P7_VeryHigh,0.6,0.12,0.24,custom_pid,10,True,3133.3457209460776,1.603672742843628,481,630,39.85154289408708,30.002888396489332,0.8759455680847168,281.0,512.159231687268,103,0.21413721413721415,none,45875417.25657387,0.9822916666666667,943,960,0.9833333333333333,0.98125
二维高密度场景,2,750,P7_VeryHigh,0.6,0.12,0.24,custom_pid,11,True,2458.9753047709037,1.3345141410827637,409,536,38.18906291156646,32.01485628411232,0.6558346748352051,209.0,479.5506530259372,65,0.15892420537897312,none,45983702.06126102,0.9840686274509803,803,816,0.9852941176470589,0.9828431372549019
二维高密度场景,2,750,P7_VeryHigh,0.6,0.12,0.24,custom_pid,12,True,2283.593732165029,0.8639328479766846,251,354,35.00306664881417,31.293938724908205,0.17855596542358398,51.0,459.7682655720985,57,0.22709163346613545,none,45752529.20499454,0.972,486,500,0.956,0.988
二维高密度场景,2,750,P7_VeryHigh,0.6,0.12,0.24,custom_pid,13,True,2392.6887989980573,2.311748743057251,684,909,45.37962628741434,33.108423327377054,1.557706594467163,484.0,524.431792259485,147,0.2149122807017544,none,46028098.802347794,0.986090775988287,1347,1366,0.986822840409956,0.9853587115666179
二维高密度场景,2,750,P7_VeryHigh,0.6,0.12,0.24,custom_pid,14,False,inf,2.5678772926330566,750,994,inf,0.0,inf,inf,511.90198537501203,169,0.22533333333333333,divergence,47058082.13982277,0.9886666666666667,1483,1500,0.9906666666666667,0.9866666666666667
二维高密度场景,2,750,P7_VeryHigh,0.6,0.12,0.24,custom_pid,15,False,inf,2.614018201828003,750,1037,inf,0.0,inf,inf,504.2444504891351,156,0.208,divergence,45620851.25391037,0.9926666666666667,1489,1500,0.9906666666666667,0.9946666666666667
二维高密度场景,2,750,P7_VeryHigh,0.6,0.12,0.24,custom_pid,16,True,2759.820649333332,2.081615686416626,588,869,40.8938353517966,27.506224044954905,1.339247465133667,388.0,510.2144122555495,138,0.23469387755102042,none,45723178.69201194,0.9770017035775128,1147,1174,0.9778534923339012,0.9761499148211243
二维高密度场景,2,750,P7_VeryHigh,0.6,0.12,0.24,custom_pid,17,True,2890.0947137160338,1.265641212463379,377,535,40.494686760667335,28.094257392797424,0.585761308670044,177.0,520.239783067149,81,0.21485411140583555,none,46333814.29134702,0.9787234042553191,736,752,0.9867021276595744,0.9707446808510638
二维高密度场景,2,750,P7_VeryHigh,0.6,0.12,0.24,custom_pid,18,True,2611.718580867387,1.9737637042999268,579,783,39.618675403164815,30.58603943481337,1.248708724975586,379.0,530.1527629588888,105,0.18134715025906736,none,45669380.69537897,0.9887543252595156,1143,1156,0.9878892733564014,0.9896193771626297
二维高密度场景,2,750,P7_VeryHigh,0.6,0.12,0.24,custom_pid,19,True,3787.9938209103525,2.5875377655029297,716,1014,39.23306283803024,29.803777822203973,1.8236181735992432,516.0,554.7742058810131,152,0.2122905027932961,none,46088568.4313772,0.986013986013986,1410,1430,0.9846153846153847,0.9874125874125874
二维高密度场景,2,750,P7_VeryHigh,0.6,0.12,0.24,custom_pid,20,True,2231.032640638884,0.9893207550048828,311,362,34.25025490558875,31.679528261093296,0.3597254753112793,111.0,482.37303268580024,52,0.16720257234726688,none,46235975.22248025,0.967741935483871,600,620,0.9709677419354839,0.964516129032258
二维高密度场景,2,750,P7_VeryHigh,0.6,0.12,0.24,custom_pid,21,True,2731.5170737915137,0.9542248249053955,284,383,42.58167885412309,28.255426433566004,0.2965407371520996,84.0,493.32142190891034,65,0.22887323943661972,none,46125409.68444613,0.9575971731448764,542,566,0.9681978798586572,0.9469964664310954
二维高密度场景,2,750,P7_VeryHigh,0.6,0.12,0.24,custom_pid,22,True,2836.013568955534,0.9554169178009033,329,360,41.41012463147401,27.756630248036426,0.32259273529052734,129.0,507.67460200446334,55,0.16717325227963525,none,45974913.09034682,0.975609756097561,640,656,0.975609756097561,0.975609756097561
二维高密度场景,2,750,P7_VeryHigh,0.6,0.12,0.24,custom_pid,23,True,3055.220351118084,2.279973268508911,653,933,40.09459655512206,31.051706391284092,1.5172953605651855,453.0,552.2793633379738,124,0.18989280245022971,none,45799921.179116815,0.9884969325153374,1289,1304,0.9861963190184049,0.99079754601227
二维高密度场景,2,750,P7_VeryHigh,0.6,0.12,0.24,custom_pid,24,True,2580.0966794611786,1.9007513523101807,566,765,42.62517724875668,26.636921374038202,1.185054063796997,366.0,538.4719494666841,114,0.20141342756183744,none,46939997.891048245,0.9858407079646018,1114,1130,0.9893805309734514,0.9823008849557522
二维高密度场景,2,750,P7_VeryHigh,0.6,0.12,0.24,custom_pid,25,True,2559.5229785805673,1.5520172119140625,441,623,37.98917263309037,27.597025596208766,0.8284754753112793,241.0,510.7601400774471,96,0.21768707482993196,none,46130923.83982155,0.9761363636363637,859,880,0.9795454545454545,0.9727272727272728
二维高密度场景,2,750,P7_VeryHigh,0.6,0.12,0.24,custom_pid,26,True,2537.23150912628,2.7102859020233154,750,1079,39.65015280305031,29.620025829222524,1.9925968647003174,573.0,532.5850533925682,152,0.20266666666666666,none,45999020.349216975,0.9933333333333333,1490,1500,0.9906666666666667,0.996
二维高密度场景,2,750,P7_VeryHigh,0.6,0.12,0.24,custom_pid,27,False,inf,2.7329418659210205,750,1078,inf,0.0,inf,inf,528.9761053573764,161,0.21466666666666667,divergence,45454581.504726484,0.9946666666666667,1492,1500,0.9946666666666667,0.9946666666666667
二维高密度场景,2,750,P7_VeryHigh,0.6,0.12,0.24,custom_pid,28,True,2545.208357169773,2.216120481491089,630,892,39.192224361255704,33.19965313135627,1.450943946838379,430.0,532.7059324246006,139,0.22063492063492063,none,45888923.1117918,0.985691573926868,1240,1258,0.9793322734499205,0.9920508744038156
二维高密度场景,2,750,P7_VeryHigh,0.6,0.12,0.24,custom_pid,29,True,2618.135684610823,1.124307632446289,338,440,39.16500717692619,34.40170615366321,0.45717597007751465,138.0,464.74294432971476,59,0.17455621301775148,none,45786910.04551812,0.9762611275964391,658,674,0.9792284866468842,0.973293768545994
二维高密度场景,2,750,P7_VeryHigh,0.6,0.12,0.24,custom_pid,30,True,2536.8355886565605,1.4570209980010986,421,588,42.29516363210819,32.072871633412966,0.757012128829956,221.0,501.7473822095686,89,0.21140142517814728,none,43920865.353466704,0.9857142857142858,828,840,0.9857142857142858,0.9857142857142858
二维高密度场景,2,750,P8_ExtremeHigh,0.7,0.15,0.28,custom_pid,1,True,2378.140253024133,0.8848121166229248,259,355,35.16786148281123,30.72228588806963,0.20987486839294434,59.0,481.0402107662902,42,0.16216216216216217,none,45804781.3562094,0.9670542635658915,499,516,0.9767441860465116,0.9573643410852714
二维高密度场景,2,750,P8_ExtremeHigh,0.7,0.15,0.28,custom_pid,2,True,2467.4682228346082,0.9083883762359619,272,371,43.80472447639825,27.633216573867664,0.22203278541564941,72.0,443.0036693889107,35,0.12867647058823528,none,45811073.30151771,0.955719557195572,518,542,0.955719557195572,0.955719557195572
二维高密度场景,2,750,P8_ExtremeHigh,0.7,0.15,0.28,custom_pid,3,True,2381.5498732268547,0.9534995555877686,293,371,38.08012628558785,28.287811994980302,0.26096034049987793,93.0,452.3395346820997,50,0.17064846416382254,none,46104904.049567364,0.9623287671232876,562,584,0.952054794520548,0.9726027397260274
二维高密度场景,2,750,P8_ExtremeHigh,0.7,0.15,0.28,custom_pid,4,True,2227.1468753341865,0.8079466819763184,255,307,34.573239096019584,31.154575501490875,0.16978025436401367,55.0,452.2178785547018,34,0.13333333333333333,none,45510056.32797305,0.9606299212598425,488,508,0.9645669291338582,0.9566929133858267
二维高密度场景,2,750,P8_ExtremeHigh,0.7,0.15,0.28,custom_pid,5,True,2347.626876116321,2.69170880317688,750,1069,45.33714442625285,27.136353813782925,2.038058042526245,587.0,524.1476557107254,139,0.18533333333333332,none,45572917.21759139,0.988,1482,1500,0.9866666666666667,0.9893333333333333
二维高密度场景,2,750,P8_ExtremeHigh,0.7,0.15,0.28,custom_pid,6,True,2577.0710643363236,0.9268152713775635,264,375,38.57262017923513,29.97509991273514,0.23032402992248535,64.0,465.9004563985007,42,0.1590909090909091,none,45822619.56192925,0.9790874524714829,515,526,0.9885931558935361,0.9695817490494296
二维高密度场景,2,750,P8_ExtremeHigh,0.7,0.15,0.28,custom_pid,7,True,2703.686745413692,2.2499890327453613,668,891,43.9410484171829,32.41683495535281,1.5150787830352783,468.0,540.6084108051676,135,0.20209580838323354,none,46082648.13492826,0.9850074962518741,1314,1334,0.9820089955022488,0.9880059970014993
二维高密度场景,2,750,P8_ExtremeHigh,0.7,0.15,0.28,custom_pid,8,True,2429.116826845895,1.7463874816894531,515,692,40.05068451406774,25.309638520915755,1.0614001750946045,315.0,498.716894706263,109,0.21165048543689322,none,46892688.52327573,0.9873540856031129,1015,1028,0.9883268482490273,0.9863813229571985
二维高密度场景,2,750,P8_ExtremeHigh,0.7,0.15,0.28,custom_pid,9,True,2325.283381019311,0.8689620494842529,262,346,30.728309669835188,28.228583705211236,0.2046651840209961,62.0,453.2190391076786,53,0.20229007633587787,none,45901432.17807887,0.9616858237547893,502,522,0.9501915708812261,0.9731800766283525
二维高密度场景,2,750,P8_ExtremeHigh,0.7,0.15,0.28,custom_pid,10,True,2352.912835467129,0.9082865715026855,264,353,37.602344021842995,31.998540481225735,0.23194122314453125,64.0,462.17806425969354,46,0.17424242424242425,none,45913501.118938275,0.9657794676806084,508,526,0.973384030418251,0.9581749049429658
二维高密度场景,2,750,P8_ExtremeHigh,0.7,0.15,0.28,custom_pid,11,True,2409.5242120072344,1.8418159484863281,525,747,39.17972270849445,29.304671952325343,1.0896592140197754,325.0,530.0362462664984,117,0.22285714285714286,none,45451044.340869166,0.9799618320610687,1027,1048,0.9790076335877863,0.9809160305343512
二维高密度场景,2,750,P8_ExtremeHigh,0.7,0.15,0.28,custom_pid,12,True,2564.6860251997973,1.178152322769165,347,451,35.213435973722234,29.68986709128551,0.4931602478027344,147.0,472.5340886485572,65,0.1873198847262248,none,45352155.23208088,0.9783236994219653,677,692,0.9797687861271677,0.976878612716763
二维高密度场景,2,750,P8_ExtremeHigh,0.7,0.15,0.28,custom_pid,13,False,inf,2.7208495140075684,750,1060,inf,0.0,inf,inf,548.3655296233167,153,0.204,divergence,44763019.13432176,0.99,1485,1500,0.9893333333333333,0.9906666666666667
二维高密度场景,2,750,P8_ExtremeHigh,0.7,0.15,0.28,custom_pid,14,True,2457.314426237458,0.8887290954589844,262,337,39.82399648954822,30.17440910410018,0.21610379219055176,62.0,460.69533317303103,45,0.1717557251908397,none,45622494.31032435,0.9540229885057471,498,522,0.9540229885057471,0.9540229885057471
二维高密度场景,2,750,P8_ExtremeHigh,0.7,0.15,0.28,custom_pid,15,True,2947.7523531728143,2.5675628185272217,737,1024,38.071996154220805,26.62466607119305,1.7877023220062256,537.0,552.4828801208848,187,0.2537313432835821,none,45813480.9816695,0.9884510869565217,1455,1472,0.9850543478260869,0.9918478260869565
二维高密度场景,2,750,P8_ExtremeHigh,0.7,0.15,0.28,custom_pid,16,True,2533.9465723126305,1.3701064586639404,397,542,39.395092797914614,32.863392239418566,0.6693215370178223,197.0,515.9576740111866,90,0.22670025188916876,none,45730700.79494202,0.9823232323232324,778,792,0.9823232323232324,0.9823232323232324
二维高密度场景,2,750,P8_ExtremeHigh,0.7,0.15,0.28,custom_pid,17,True,2579.1500389349335,1.475097417831421,426,599,36.32076104268862,26.26938246148654,0.7678887844085693,226.0,517.5964177500604,96,0.22535211267605634,none,45300493.52795723,0.9788235294117648,832,850,0.9764705882352941,0.9811764705882353
二维高密度场景,2,750,P8_ExtremeHigh,0.7,0.15,0.28,custom_pid,18,True,2364.3764374325383,0.9370183944702148,279,358,36.589485252137585,33.48019270587583,0.24670863151550293,79.0,447.7902501284941,53,0.18996415770609318,none,46240935.881809846,0.9658273381294964,537,556,0.9676258992805755,0.9640287769784173
二维高密度场景,2,750,P8_ExtremeHigh,0.7,0.15,0.28,custom_pid,19,True,3029.059102036943,2.0829079151153564,595,852,39.68608707794757,27.738208349824703,1.3405098915100098,395.0,529.7951212769755,136,0.22857142857142856,none,45751696.064950146,0.9890572390572391,1175,1188,0.9865319865319865,0.9915824915824916
二维高密度场景,2,750,P8_ExtremeHigh,0.7,0.15,0.28,custom_pid,20,False,inf,2.79569935798645,750,1088,inf,0.0,inf,inf,503.3011995973793,148,0.19733333333333333,divergence,46580923.45282291,0.9886666666666667,1483,1500,0.9893333333333333,0.988
二维高密度场景,2,750,P8_ExtremeHigh,0.7,0.15,0.28,custom_pid,21,True,2675.0036967650003,1.7461416721343994,539,662,39.4244091464117,28.887566492033983,1.0423543453216553,339.0,472.937146697973,91,0.16883116883116883,none,45899838.03037242,0.9869888475836431,1062,1076,0.9907063197026023,0.983271375464684
二维高密度场景,2,750,P8_ExtremeHigh,0.7,0.15,0.28,custom_pid,22,False,inf,2.8167006969451904,750,1100,inf,0.0,inf,inf,530.4398332645446,170,0.22666666666666666,divergence,45894680.970108196,0.9866666666666667,1480,1500,0.9893333333333333,0.984
二维高密度场景,2,750,P8_ExtremeHigh,0.7,0.15,0.28,custom_pid,23,True,2813.2894551509007,1.7593421936035156,517,696,36.22219505942495,30.001777848891525,1.0495285987854004,317.0,509.9365398632131,128,0.24758220502901354,none,45762129.5211301,0.9844961240310077,1016,1032,0.9844961240310077,0.9844961240310077
二维高密度场景,2,750,P8_ExtremeHigh,0.7,0.15,0.28,custom_pid,24,True,2978.0131781317386,1.260218858718872,361,488,35.77443181506488,27.435271460269625,0.5577101707458496,161.0,488.2614051284111,71,0.19667590027700832,none,46070374.925089896,0.9847222222222223,709,720,0.9861111111111112,0.9833333333333333
二维高密度场景,2,750,P8_ExtremeHigh,0.7,0.15,0.28,custom_pid,25,True,2362.9262034946755,1.3054697513580322,388,528,39.498379713590815,28.05146248641001,0.6443617343902588,188.0,504.28543136670544,70,0.18041237113402062,none,45788627.0048299,0.979328165374677,758,774,0.9844961240310077,0.9741602067183462
二维高密度场景,2,750,P8_ExtremeHigh,0.7,0.15,0.28,custom_pid,26,True,2589.8037877225597,1.6886491775512695,474,696,42.39628104367875,27.864492935053107,0.9592363834381104,274.0,511.1774527173255,106,0.22362869198312235,none,45947552.38850377,0.9788583509513742,926,946,0.9809725158562368,0.9767441860465116
二维高密度场景,2,750,P8_ExtremeHigh,0.7,0.15,0.28,custom_pid,27,False,inf,2.7362442016601562,750,1080,inf,0.0,inf,inf,525.3496377973735,158,0.21066666666666667,divergence,45921985.170974836,0.9886666666666667,1483,1500,0.9933333333333333,0.984
二维高密度场景,2,750,P8_ExtremeHigh,0.7,0.15,0.28,custom_pid,28,True,2359.2856791078298,2.5410408973693848,750,940,41.119394309220986,28.266702945147635,1.9373395442962646,594.0,522.4996511533598,154,0.20533333333333334,none,44996668.38966581,0.988,1482,1500,0.988,0.988
二维高密度场景,2,750,P8_ExtremeHigh,0.7,0.15,0.28,custom_pid,29,True,2432.518745269132,2.8409175872802734,750,1113,45.47600771268281,26.575175466926922,2.2033305168151855,596.0,546.677539676618,182,0.24266666666666667,none,45560857.95684086,0.9926666666666667,1489,1500,0.9933333333333333,0.992
二维高密度场景,2,750,P8_ExtremeHigh,0.7,0.15,0.28,custom_pid,30,False,inf,2.658198833465576,750,1019,inf,0.0,inf,inf,528.4954280401145,150,0.2,divergence,45900902.38530236,0.9913333333333333,1487,1500,0.9933333333333333,0.9893333333333333
二维高密度场景,2,750,P9_Maximum,0.8,0.18,0.32,custom_pid,1,True,2696.516699519441,2.752155065536499,750,1105,41.84489525867327,35.64207492969914,2.493842601776123,685.0,544.0607352389588,181,0.24133333333333334,none,46705177.64541013,0.9893333333333333,1484,1500,0.9893333333333333,0.9893333333333333
二维高密度场景,2,750,P9_Maximum,0.8,0.18,0.32,custom_pid,2,True,2432.060445193566,1.442690372467041,402,601,38.12259028235952,29.147574622130136,0.7029585838317871,202.0,480.8191648979775,89,0.22139303482587064,none,45445863.60755211,0.9775561097256857,784,802,0.970074812967581,0.9850374064837906
二维高密度场景,2,750,P9_Maximum,0.8,0.18,0.32,custom_pid,3,True,2427.3275617608274,1.0432426929473877,301,417,41.239948069416805,31.56529760900737,0.35636067390441895,101.0,501.5555353695348,69,0.2292358803986711,none,45777389.95695702,0.98,588,600,0.9833333333333333,0.9766666666666667
二维高密度场景,2,750,P9_Maximum,0.8,0.18,0.32,custom_pid,4,True,2483.6389840414886,0.9738869667053223,269,400,35.22448189096493,33.6080134636094,0.23934102058410645,69.0,486.7451029724402,55,0.20446096654275092,none,45792458.23567811,0.957089552238806,513,536,0.9589552238805971,0.9552238805970149
二维高密度场景,2,750,P9_Maximum,0.8,0.18,0.32,custom_pid,5,True,2590.2902792622613,2.7330565452575684,744,1070,38.89118582515262,32.35279973393056,1.9226069450378418,544.0,545.1892272895068,163,0.21908602150537634,none,46004140.1609989,0.9925975773889637,1475,1486,0.990578734858681,0.9946164199192463
二维高密度场景,2,750,P9_Maximum,0.8,0.18,0.32,custom_pid,6,True,2416.58969310697,0.977198600769043,306,378,39.65413447732481,31.326536749571297,0.31343746185302734,106.0,495.9706550346889,53,0.17320261437908496,none,46105900.35251264,0.9737704918032787,594,610,0.9704918032786886,0.9770491803278688
二维高密度场景,2,750,P9_Maximum,0.8,0.18,0.32,custom_pid,7,True,2392.7200912741605,0.9207112789154053,258,360,38.46353064341013,24.42747323743967,0.21001291275024414,58.0,472.6068182508674,44,0.17054263565891473,none,45901821.65386356,0.9727626459143969,500,514,0.9649805447470817,0.980544747081712
二维高密度场景,2,750,P9_Maximum,0.8,0.18,0.32,custom_pid,8,True,2371.421654893104,2.7413418292999268,750,1063,35.14836325931944,28.261288368465312,2.0945446491241455,591.0,520.1371270096398,173,0.23066666666666666,none,45631843.26956649,0.9926666666666667,1489,1500,0.992,0.9933333333333333
二维高密度场景,2,750,P9_Maximum,0.8,0.18,0.32,custom_pid,9,True,2271.9428006696817,0.8534502983093262,247,328,35.70832242656582,30.402788004822256,0.1924910545349121,47.0,471.1283429127321,60,0.242914979757085,none,45763369.66060287,0.9532520325203252,469,492,0.9512195121951219,0.9552845528455285
二维高密度场景,2,750,P9_Maximum,0.8,0.18,0.32,custom_pid,10,True,2442.16080898518,0.8575150966644287,250,331,34.2577720319293,33.82507271757684,0.18016386032104492,50.0,461.24670323776036,48,0.192,none,45792559.69746605,0.9678714859437751,482,498,0.9558232931726908,0.9799196787148594
二维高密度场景,2,750,P9_Maximum,0.8,0.18,0.32,custom_pid,11,True,2809.5648350718375,2.685175895690918,750,1067,38.30945572921682,34.67691152684385,2.416764259338379,681.0,534.6663683974547,177,0.236,none,45736838.291665114,0.9853333333333333,1478,1500,0.9893333333333333,0.9813333333333333
二维高密度场景,2,750,P9_Maximum,0.8,0.18,0.32,custom_pid,12,True,3075.5641020360345,2.746425151824951,750,1066,34.44456760799951,32.31151392400746,2.1609487533569336,604.0,519.3269397518701,159,0.212,none,45848522.18274644,0.99,1485,1500,0.9946666666666667,0.9853333333333333
二维高密度场景,2,750,P9_Maximum,0.8,0.18,0.32,custom_pid,13,True,2215.2749820102426,1.8404064178466797,539,753,32.60173447587775,30.800745270898464,1.155712604522705,339.0,540.5782447934794,117,0.21706864564007422,none,46041052.22003587,0.9888475836431226,1064,1076,0.9925650557620818,0.9851301115241635
二维高密度场景,2,750,P9_Maximum,0.8,0.18,0.32,custom_pid,14,True,3078.1417886084137,2.0541625022888184,614,806,42.99836419158783,29.06708855850808,1.3272597789764404,414.0,551.1221606068488,113,0.18403908794788273,none,45518877.918891795,0.9934747145187602,1218,1226,0.9951060358890701,0.9918433931484503
二维高密度场景,2,750,P9_Maximum,0.8,0.18,0.32,custom_pid,15,True,2489.61930987868,2.426257610321045,669,1013,41.01559067475383,24.215477828656066,1.6616706848144531,469.0,518.8448864563127,158,0.23617339312406577,none,45151035.40425097,0.9827844311377245,1313,1336,0.9865269461077845,0.9790419161676647
二维高密度场景,2,750,P9_Maximum,0.8,0.18,0.32,custom_pid,16,True,2939.3930979127576,1.5104787349700928,453,618,39.229252278097334,28.172105704078827,0.8098959922790527,253.0,511.4535931885375,89,0.19646799116997793,none,45680526.52347287,0.9734513274336283,880,904,0.9601769911504425,0.9867256637168141
二维高密度场景,2,750,P9_Maximum,0.8,0.18,0.32,custom_pid,17,True,2713.0912707669595,1.1197187900543213,329,456,40.72912892622768,30.59416353850173,0.4379231929779053,129.0,501.5023450788977,78,0.23708206686930092,none,45816260.7010882,0.9740853658536586,639,656,0.9847560975609756,0.9634146341463414
二维高密度场景,2,750,P9_Maximum,0.8,0.18,0.32,custom_pid,18,True,2513.4681603143176,1.0133187770843506,340,394,40.121611804233105,24.415973325343863,0.3453221321105957,140.0,487.9976846442203,53,0.15588235294117647,none,45977327.22359735,0.9749262536873157,661,678,0.9882005899705014,0.9616519174041298
二维高密度场景,2,750,P9_Maximum,0.8,0.18,0.32,custom_pid,19,False,inf,2.564990520477295,750,1015,inf,0.0,inf,inf,533.9378891396462,173,0.23066666666666666,divergence,44953422.010527946,0.994,1491,1500,0.996,0.992
二维高密度场景,2,750,P9_Maximum,0.8,0.18,0.32,custom_pid,20,True,2696.140494304436,1.7916011810302734,517,720,42.764099319477815,28.09322034712139,1.0633573532104492,317.0,506.4612361629987,100,0.19342359767891681,none,45865319.137910746,0.9844961240310077,1016,1032,0.9922480620155039,0.9767441860465116
二维高密度场景,2,750,P9_Maximum,0.8,0.18,0.32,custom_pid,21,False,inf,2.6505961418151855,750,1038,inf,0.0,inf,inf,543.346822159262,147,0.196,divergence,45621072.3418451,0.988,1482,1500,0.984,0.992
二维高密度场景,2,750,P9_Maximum,0.8,0.18,0.32,custom_pid,22,False,inf,2.734710931777954,750,1102,inf,0.0,inf,inf,548.6409452071899,182,0.24266666666666667,divergence,46402447.49918292,0.984,1476,1500,0.9826666666666667,0.9853333333333333
二维高密度场景,2,750,P9_Maximum,0.8,0.18,0.32,custom_pid,23,True,2365.872758395884,2.169778823852539,638,862,40.09848001841028,32.073438663035745,1.4455265998840332,438.0,525.994730349102,127,0.19905956112852666,none,46355763.6506124,0.9866562009419152,1257,1274,0.9874411302982732,0.9858712715855573
二维高密度场景,2,750,P9_Maximum,0.8,0.18,0.32,custom_pid,24,False,inf,2.6639554500579834,750,1037,inf,0.0,inf,inf,554.9209733116805,145,0.19333333333333333,divergence,46247621.95636993,0.9873333333333333,1481,1500,0.9866666666666667,0.988
二维高密度场景,2,750,P9_Maximum,0.8,0.18,0.32,custom_pid,25,True,2959.96145893008,2.4735844135284424,711,986,39.03291604267148,32.06197844351395,1.7149546146392822,511.0,540.4293401164538,176,0.24753867791842477,none,46612099.44429561,0.9880281690140845,1403,1420,0.9915492957746479,0.9845070422535211
二维高密度场景,2,750,P9_Maximum,0.8,0.18,0.32,custom_pid,26,True,2389.987115499512,0.8399467468261719,271,349,37.62487101782191,31.51988147157996,0.22201919555664062,71.0,478.8603993481689,40,0.14760147601476015,none,45421749.84886596,0.9666666666666667,522,540,0.9703703703703703,0.9629629629629629
二维高密度场景,2,750,P9_Maximum,0.8,0.18,0.32,custom_pid,27,True,2407.5045892795424,0.9079949855804443,284,342,34.59860700387433,23.790693982839727,0.2662065029144287,84.0,486.0572010181883,52,0.18309859154929578,none,45619583.00654147,0.9734982332155477,551,566,0.9681978798586572,0.9787985865724381
二维高密度场景,2,750,P9_Maximum,0.8,0.18,0.32,custom_pid,28,True,2259.997529374571,2.037343740463257,586,802,34.3462775702961,29.33236118564947,1.2882804870605469,386.0,514.2740746954262,121,0.20648464163822525,none,45784301.68048535,0.9871794871794872,1155,1170,0.9897435897435898,0.9846153846153847
二维高密度场景,2,750,P9_Maximum,0.8,0.18,0.32,custom_pid,29,True,2531.5296793035413,2.5761406421661377,732,1013,44.83027963942134,26.424016773083117,1.8132696151733398,532.0,506.01058134382873,144,0.19672131147540983,none,45806513.75176103,0.9931600547195623,1452,1462,0.9917920656634747,0.9945280437756497
二维高密度场景,2,750,P9_Maximum,0.8,0.18,0.32,custom_pid,30,True,2367.787851463265,0.8470058441162109,243,348,38.24189090134066,31.609735611320392,0.1660616397857666,43.0,454.814117067423,43,0.17695473251028807,none,45625385.22788332,0.9648760330578512,467,484,0.9669421487603306,0.9628099173553719
三维高密度场景,3,650,P1_VeryLow,0.05,0.01,0.02,custom_pid,1,False,inf,3.514078140258789,650,1227,inf,0.0,inf,inf,575.0963363921384,162,0.24923076923076923,divergence,432320906384.8514,0.9907692307692307,1288,1300,0.9892307692307692,0.9923076923076923
三维高密度场景,3,650,P1_VeryLow,0.05,0.01,0.02,custom_pid,2,False,inf,3.5175716876983643,650,1223,inf,0.0,inf,inf,602.427656180435,122,0.18769230769230769,divergence,422730649906.1668,0.9907692307692307,1288,1300,0.9938461538461538,0.9876923076923076
三维高密度场景,3,650,P1_VeryLow,0.05,0.01,0.02,custom_pid,3,True,3360.923915463562,3.60244083404541,649,1252,43.44567864587023,86.28403471349829,2.384885311126709,449.0,589.4005981240575,151,0.23266563944530047,none,423696138645.03656,0.9876543209876543,1280,1296,0.9845679012345679,0.9907407407407407
三维高密度场景,3,650,P1_VeryLow,0.05,0.01,0.02,custom_pid,4,True,3152.0675944154664,1.2840371131896973,254,494,48.54818110020175,90.65240103107072,0.2772853374481201,54.0,495.56469157087236,49,0.19291338582677164,none,428495878054.3,0.9782608695652174,495,506,0.9762845849802372,0.9802371541501976
三维高密度场景,3,650,P1_VeryLow,0.05,0.01,0.02,custom_pid,5,False,inf,3.5408945083618164,650,1250,inf,0.0,inf,inf,604.8955903046299,153,0.2353846153846154,divergence,439651962491.7266,0.9938461538461538,1292,1300,0.9953846153846154,0.9923076923076923
三维高密度场景,3,650,P1_VeryLow,0.05,0.01,0.02,custom_pid,6,False,inf,3.535957098007202,650,1229,inf,0.0,inf,inf,625.838506882281,148,0.2276923076923077,divergence,436630407485.8753,0.9930769230769231,1291,1300,0.9907692307692307,0.9953846153846154
三维高密度场景,3,650,P1_VeryLow,0.05,0.01,0.02,custom_pid,7,False,inf,3.601510763168335,650,1242,inf,0.0,inf,inf,596.9059199013154,145,0.2230769230769231,divergence,424759071766.8516,0.9876923076923076,1284,1300,0.9923076923076923,0.9830769230769231
三维高密度场景,3,650,P1_VeryLow,0.05,0.01,0.02,custom_pid,8,True,3369.664520635116,2.470799684524536,472,906,50.76458371976608,100.11150344471291,1.3669183254241943,272.0,545.115795890256,97,0.2055084745762712,none,429340474205.3635,0.9872611464968153,930,942,0.9830148619957537,0.9915074309978769
三维高密度场景,3,650,P1_VeryLow,0.05,0.01,0.02,custom_pid,9,False,inf,3.5225026607513428,650,1240,inf,0.0,inf,inf,578.6593176674381,140,0.2153846153846154,divergence,435315898035.5753,0.99,1287,1300,0.9907692307692307,0.9892307692307692
三维高密度场景,3,650,P1_VeryLow,0.05,0.01,0.02,custom_pid,10,True,3113.876303492535,1.2405612468719482,252,473,47.67244896544597,98.00465508791598,0.25428271293640137,52.0,527.0427041128047,48,0.19047619047619047,none,440154236694.6024,0.9900398406374502,497,502,0.9920318725099602,0.9880478087649402
三维高密度场景,3,650,P1_VeryLow,0.05,0.01,0.02,custom_pid,11,False,inf,3.482950448989868,650,1229,inf,0.0,inf,inf,610.4787594460008,134,0.20615384615384616,divergence,433739323839.19794,0.9930769230769231,1291,1300,0.9923076923076923,0.9938461538461538
三维高密度场景,3,650,P1_VeryLow,0.05,0.01,0.02,custom_pid,12,False,inf,3.52549409866333,650,1239,inf,0.0,inf,inf,591.4571787832599,139,0.21384615384615385,divergence,432079563752.58453,0.9907692307692307,1288,1300,0.9907692307692307,0.9907692307692307
三维高密度场景,3,650,P1_VeryLow,0.05,0.01,0.02,custom_pid,13,False,inf,3.5419976711273193,650,1243,inf,0.0,inf,inf,576.5852655035193,144,0.22153846153846155,divergence,439409396254.85693,0.9907692307692307,1288,1300,0.9892307692307692,0.9923076923076923
三维高密度场景,3,650,P1_VeryLow,0.05,0.01,0.02,custom_pid,14,True,3324.4278087265975,2.546909809112549,496,923,49.623530063821136,94.34916488368228,1.453481912612915,296.0,576.3695783632194,100,0.20161290322580644,none,433741205281.3217,0.9919191919191919,982,990,0.9878787878787879,0.9959595959595959
三维高密度场景,3,650,P1_VeryLow,0.05,0.01,0.02,custom_pid,15,False,inf,3.5159456729888916,650,1240,inf,0.0,inf,inf,597.8706520882093,149,0.22923076923076924,oscillation,424309311471.39923,0.9923076923076923,1290,1300,0.9938461538461538,0.9907692307692307
三维高密度场景,3,650,P1_VeryLow,0.05,0.01,0.02,custom_pid,16,False,inf,3.562128782272339,650,1253,inf,0.0,inf,inf,590.3693965044822,126,0.19384615384615383,divergence,438667448002.10114,0.9861538461538462,1282,1300,0.9923076923076923,0.98
三维高密度场景,3,650,P1_VeryLow,0.05,0.01,0.02,custom_pid,17,False,inf,3.5337042808532715,650,1225,inf,0.0,inf,inf,598.6075508694535,141,0.2169230769230769,divergence,425146627987.9898,0.9923076923076923,1290,1300,0.9892307692307692,0.9953846153846154
三维高密度场景,3,650,P1_VeryLow,0.05,0.01,0.02,custom_pid,18,False,inf,3.5661802291870117,650,1260,inf,0.0,inf,inf,593.6102399803416,128,0.19692307692307692,divergence,435425169454.69366,0.9892307692307692,1286,1300,0.9861538461538462,0.9923076923076923
三维高密度场景,3,650,P1_VeryLow,0.05,0.01,0.02,custom_pid,19,True,3073.289315749912,1.255054235458374,253,485,47.063929792588375,102.49758004942638,0.27983832359313965,53.0,501.3180191247418,46,0.18181818181818182,none,428294973402.9836,0.9801587301587301,494,504,0.9920634920634921,0.9682539682539683
三维高密度场景,3,650,P1_VeryLow,0.05,0.01,0.02,custom_pid,20,False,inf,3.5041260719299316,650,1227,inf,0.0,inf,inf,588.64874533218,127,0.19538461538461538,divergence,427657368085.75745,0.9915384615384616,1289,1300,0.9923076923076923,0.9907692307692307
三维高密度场景,3,650,P1_VeryLow,0.05,0.01,0.02,custom_pid,21,False,inf,3.5535805225372314,650,1242,inf,0.0,inf,inf,600.433725030905,132,0.20307692307692307,divergence,430317109259.2166,0.9907692307692307,1288,1300,0.9876923076923076,0.9938461538461538
三维高密度场景,3,650,P1_VeryLow,0.05,0.01,0.02,custom_pid,22,False,inf,3.532390594482422,650,1248,inf,0.0,inf,inf,603.0881070910646,138,0.2123076923076923,divergence,429549640617.04144,0.9892307692307692,1286,1300,0.9907692307692307,0.9876923076923076
三维高密度场景,3,650,P1_VeryLow,0.05,0.01,0.02,custom_pid,23,False,inf,3.4746696949005127,650,1214,inf,0.0,inf,inf,595.3708038514757,126,0.19384615384615383,divergence,436363763637.49316,0.9923076923076923,1290,1300,0.9923076923076923,0.9923076923076923
三维高密度场景,3,650,P1_VeryLow,0.05,0.01,0.02,custom_pid,24,True,3146.401266124352,2.1068315505981445,413,797,47.745765834540265,108.09958813720407,1.0434412956237793,213.0,548.2737692111442,93,0.22518159806295399,none,432536230003.7724,0.9830097087378641,810,824,0.9854368932038835,0.9805825242718447
三维高密度场景,3,650,P1_VeryLow,0.05,0.01,0.02,custom_pid,25,False,inf,3.4927456378936768,650,1230,inf,0.0,inf,inf,607.141073339391,145,0.2230769230769231,divergence,427538784256.2398,0.9907692307692307,1288,1300,0.9923076923076923,0.9892307692307692
三维高密度场景,3,650,P1_VeryLow,0.05,0.01,0.02,custom_pid,26,False,inf,3.520314931869507,650,1222,inf,0.0,inf,inf,591.4067638860287,135,0.2076923076923077,divergence,428503513974.9811,0.9869230769230769,1283,1300,0.9861538461538462,0.9876923076923076
三维高密度场景,3,650,P1_VeryLow,0.05,0.01,0.02,custom_pid,27,False,inf,3.5469963550567627,650,1251,inf,0.0,inf,inf,569.767496740705,136,0.20923076923076922,divergence,430715687722.3726,0.9915384615384616,1289,1300,0.9907692307692307,0.9923076923076923
三维高密度场景,3,650,P1_VeryLow,0.05,0.01,0.02,custom_pid,28,False,inf,3.5470681190490723,650,1242,inf,0.0,inf,inf,585.0587974148057,142,0.21846153846153846,divergence,441424030289.2473,0.9884615384615385,1285,1300,0.9861538461538462,0.9907692307692307
三维高密度场景,3,650,P1_VeryLow,0.05,0.01,0.02,custom_pid,29,False,inf,3.5010664463043213,650,1233,inf,0.0,inf,inf,593.0173892523435,128,0.19692307692307692,divergence,430109563018.56647,0.9930769230769231,1291,1300,0.9907692307692307,0.9953846153846154
三维高密度场景,3,650,P1_VeryLow,0.05,0.01,0.02,custom_pid,30,False,inf,3.5530612468719482,650,1241,inf,0.0,inf,inf,595.8034668378042,152,0.23384615384615384,divergence,419983260890.5932,0.9892307692307692,1286,1300,0.9876923076923076,0.9907692307692307
三维高密度场景,3,650,P2_Low,0.1,0.02,0.04,custom_pid,1,False,inf,3.545687437057495,650,1243,inf,0.0,inf,inf,609.7087355404707,134,0.20615384615384616,divergence,437810811437.0163,0.9907692307692307,1288,1300,0.9923076923076923,0.9892307692307692
三维高密度场景,3,650,P2_Low,0.1,0.02,0.04,custom_pid,2,False,inf,3.5811500549316406,650,1251,inf,0.0,inf,inf,622.1860540479237,134,0.20615384615384616,divergence,439058263932.864,0.99,1287,1300,0.9938461538461538,0.9861538461538462
三维高密度场景,3,650,P2_Low,0.1,0.02,0.04,custom_pid,3,False,inf,3.5469212532043457,650,1252,inf,0.0,inf,inf,590.1626904518992,175,0.2692307692307692,divergence,428059595960.70276,0.9907692307692307,1288,1300,0.9907692307692307,0.9907692307692307
三维高密度场景,3,650,P2_Low,0.1,0.02,0.04,custom_pid,4,False,inf,3.544900417327881,650,1243,inf,0.0,inf,inf,595.6133431785302,157,0.24153846153846154,divergence,430829405630.52405,0.9869230769230769,1283,1300,0.9861538461538462,0.9876923076923076
三维高密度场景,3,650,P2_Low,0.1,0.02,0.04,custom_pid,5,False,inf,3.5719215869903564,650,1243,inf,0.0,inf,inf,614.3649015428158,137,0.21076923076923076,divergence,441033436747.36865,0.9907692307692307,1288,1300,0.9923076923076923,0.9892307692307692
三维高密度场景,3,650,P2_Low,0.1,0.02,0.04,custom_pid,6,False,inf,3.5537068843841553,650,1249,inf,0.0,inf,inf,606.3966713492368,136,0.20923076923076922,oscillation,425792143508.48566,0.9907692307692307,1288,1300,0.9923076923076923,0.9892307692307692
三维高密度场景,3,650,P2_Low,0.1,0.02,0.04,custom_pid,7,False,inf,3.581754207611084,650,1243,inf,0.0,inf,inf,593.5130653607135,147,0.22615384615384615,divergence,428814450210.06323,0.99,1287,1300,0.9938461538461538,0.9861538461538462
三维高密度场景,3,650,P2_Low,0.1,0.02,0.04,custom_pid,8,False,inf,3.5753986835479736,650,1255,inf,0.0,inf,inf,592.6092641952537,161,0.24769230769230768,divergence,438903855131.25354,0.9884615384615385,1285,1300,0.9907692307692307,0.9861538461538462
三维高密度场景,3,650,P2_Low,0.1,0.02,0.04,custom_pid,9,False,inf,3.53312611579895,650,1240,inf,0.0,inf,inf,585.8370964534521,131,0.20153846153846153,divergence,431695941404.0124,0.9907692307692307,1288,1300,0.9907692307692307,0.9907692307692307
三维高密度场景,3,650,P2_Low,0.1,0.02,0.04,custom_pid,10,False,inf,3.5283191204071045,650,1241,inf,0.0,inf,inf,606.7373791884914,139,0.21384615384615385,divergence,437203081970.5961,0.9930769230769231,1291,1300,0.9938461538461538,0.9923076923076923
三维高密度场景,3,650,P2_Low,0.1,0.02,0.04,custom_pid,11,True,3113.8810382508714,1.2238595485687256,246,473,46.51137571979591,97.96712962814085,0.23701167106628418,46.0,485.5006705047478,45,0.18292682926829268,none,430158030912.55286,0.9755102040816327,478,490,0.9673469387755103,0.9836734693877551
三维高密度场景,3,650,P2_Low,0.1,0.02,0.04,custom_pid,12,False,inf,3.560232639312744,650,1250,inf,0.0,inf,inf,586.8000208536296,141,0.2169230769230769,divergence,430833816766.8819,0.9869230769230769,1283,1300,0.9861538461538462,0.9876923076923076
三维高密度场景,3,650,P2_Low,0.1,0.02,0.04,custom_pid,13,False,inf,3.568262815475464,650,1261,inf,0.0,inf,inf,594.1676641326256,146,0.2246153846153846,divergence,433497591199.94824,0.9907692307692307,1288,1300,0.9923076923076923,0.9892307692307692
三维高密度场景,3,650,P2_Low,0.1,0.02,0.04,custom_pid,14,True,3408.185692629419,3.458556652069092,640,1212,46.039599348315335,90.49601456177706,2.2896530628204346,440.0,621.2425057308195,132,0.20625,none,440502156099.97,0.9898278560250391,1265,1278,0.9890453834115805,0.9906103286384976
三维高密度场景,3,650,P2_Low,0.1,0.02,0.04,custom_pid,15,True,3431.5253376688734,2.336825132369995,446,861,48.26962170891546,94.99525525564418,1.237689733505249,246.0,566.8946624135642,80,0.17937219730941703,none,425066130139.5353,0.9887640449438202,880,890,0.9887640449438202,0.9887640449438202
三维高密度场景,3,650,P2_Low,0.1,0.02,0.04,custom_pid,16,False,inf,3.548807144165039,650,1235,inf,0.0,inf,inf,594.698593339263,148,0.2276923076923077,divergence,440355705985.4961,0.9838461538461538,1279,1300,0.9892307692307692,0.9784615384615385
三维高密度场景,3,650,P2_Low,0.1,0.02,0.04,custom_pid,17,False,inf,3.58918833732605,650,1264,inf,0.0,inf,inf,598.9550425287206,144,0.22153846153846155,divergence,433623640766.3209,0.9923076923076923,1290,1300,0.9892307692307692,0.9953846153846154
三维高密度场景,3,650,P2_Low,0.1,0.02,0.04,custom_pid,18,False,inf,3.57863187789917,650,1240,inf,0.0,inf,inf,596.5918359620622,131,0.20153846153846153,divergence,433836479054.5961,0.9892307692307692,1286,1300,0.9907692307692307,0.9876923076923076
三维高密度场景,3,650,P2_Low,0.1,0.02,0.04,custom_pid,19,False,inf,3.5885982513427734,650,1248,inf,0.0,inf,inf,592.5033872681267,126,0.19384615384615383,divergence,433390153131.7278,0.9938461538461538,1292,1300,0.9953846153846154,0.9923076923076923
三维高密度场景,3,650,P2_Low,0.1,0.02,0.04,custom_pid,20,False,inf,3.5527801513671875,650,1234,inf,0.0,inf,inf,601.6005447371903,138,0.2123076923076923,divergence,425047242786.6471,0.99,1287,1300,0.9876923076923076,0.9923076923076923
三维高密度场景,3,650,P2_Low,0.1,0.02,0.04,custom_pid,21,True,3197.9623375037277,1.5250797271728516,301,590,48.64907751053363,101.31215566250896,0.5069258213043213,101.0,505.8758760662708,56,0.18604651162790697,none,434413419551.79834,0.98,588,600,0.98,0.98
三维高密度场景,3,650,P2_Low,0.1,0.02,0.04,custom_pid,22,False,inf,3.5621304512023926,650,1249,inf,0.0,inf,inf,615.4846881218488,154,0.23692307692307693,divergence,426380781724.42236,0.9938461538461538,1292,1300,0.9938461538461538,0.9938461538461538
三维高密度场景,3,650,P2_Low,0.1,0.02,0.04,custom_pid,23,False,inf,3.563289165496826,650,1246,inf,0.0,inf,inf,594.7124497919451,131,0.20153846153846153,divergence,439259025342.8207,0.9915384615384616,1289,1300,0.9923076923076923,0.9907692307692307
三维高密度场景,3,650,P2_Low,0.1,0.02,0.04,custom_pid,24,False,inf,3.6081905364990234,650,1268,inf,0.0,inf,inf,585.6510232585671,139,0.21384615384615385,divergence,426900644819.1818,0.9907692307692307,1288,1300,0.9923076923076923,0.9892307692307692
三维高密度场景,3,650,P2_Low,0.1,0.02,0.04,custom_pid,25,False,inf,3.5804226398468018,650,1251,inf,0.0,inf,inf,587.9684336967224,130,0.2,divergence,430711696961.50085,0.9830769230769231,1278,1300,0.9876923076923076,0.9784615384615385
三维高密度场景,3,650,P2_Low,0.1,0.02,0.04,custom_pid,26,True,3137.591335843714,1.2364232540130615,246,477,50.905285421053875,94.69264217741085,0.24166345596313477,46.0,480.0999719934096,48,0.1951219512195122,none,428742082971.57544,0.9693877551020408,475,490,0.9591836734693877,0.9795918367346939
三维高密度场景,3,650,P2_Low,0.1,0.02,0.04,custom_pid,27,False,inf,3.5756101608276367,650,1254,inf,0.0,inf,inf,582.0806666724029,138,0.2123076923076923,divergence,428422130803.11664,0.9915384615384616,1289,1300,0.9892307692307692,0.9938461538461538
三维高密度场景,3,650,P2_Low,0.1,0.02,0.04,custom_pid,28,False,inf,3.565817356109619,650,1263,inf,0.0,inf,inf,600.250050666751,165,0.25384615384615383,divergence,439637547074.6607,0.9953846153846154,1294,1300,0.9938461538461538,0.9969230769230769
三维高密度场景,3,650,P2_Low,0.1,0.02,0.04,custom_pid,29,True,3241.7347765523004,3.4964258670806885,645,1227,46.72985403997953,92.23454099215094,2.289865732192993,445.0,602.881771909672,139,0.21550387596899226,none,442244903832.97675,0.9953416149068323,1282,1288,0.9922360248447205,0.9984472049689441
三维高密度场景,3,650,P2_Low,0.1,0.02,0.04,custom_pid,30,False,inf,3.543829917907715,650,1231,inf,0.0,inf,inf,583.3593962900668,128,0.19692307692307692,divergence,438007595488.4382,0.9923076923076923,1290,1300,0.9953846153846154,0.9892307692307692
三维高密度场景,3,650,P3_Low-Mid,0.2,0.03,0.08,custom_pid,1,False,inf,3.5500288009643555,650,1241,inf,0.0,inf,inf,601.32812102513,120,0.18461538461538463,divergence,433089121225.15546,0.9892307692307692,1286,1300,0.9907692307692307,0.9876923076923076
三维高密度场景,3,650,P3_Low-Mid,0.2,0.03,0.08,custom_pid,2,True,3160.820496346171,1.2383837699890137,251,472,51.857746519365904,109.28097548674327,0.25748634338378906,51.0,480.59113169470356,47,0.18725099601593626,none,432374145090.83765,0.978,489,500,0.972,0.984
三维高密度场景,3,650,P3_Low-Mid,0.2,0.03,0.08,custom_pid,3,False,inf,3.5497050285339355,650,1253,inf,0.0,inf,inf,596.1867346273285,157,0.24153846153846154,divergence,431652581705.48975,0.9938461538461538,1292,1300,0.9969230769230769,0.9907692307692307
三维高密度场景,3,650,P3_Low-Mid,0.2,0.03,0.08,custom_pid,4,False,inf,3.541403293609619,650,1238,inf,0.0,inf,inf,592.8942391738763,149,0.22923076923076924,divergence,435115132118.19617,0.9907692307692307,1288,1300,0.9907692307692307,0.9907692307692307
三维高密度场景,3,650,P3_Low-Mid,0.2,0.03,0.08,custom_pid,5,False,inf,3.505319118499756,650,1232,inf,0.0,inf,inf,604.5016806475032,163,0.25076923076923074,divergence,429827204620.8849,0.99,1287,1300,0.9907692307692307,0.9892307692307692
三维高密度场景,3,650,P3_Low-Mid,0.2,0.03,0.08,custom_pid,6,False,inf,3.5484273433685303,650,1266,inf,0.0,inf,inf,594.4627967966917,120,0.18461538461538463,divergence,434541404309.6809,0.9930769230769231,1291,1300,0.9938461538461538,0.9923076923076923
三维高密度场景,3,650,P3_Low-Mid,0.2,0.03,0.08,custom_pid,7,False,inf,3.5704474449157715,650,1263,inf,0.0,inf,inf,605.9135977138028,164,0.2523076923076923,divergence,430354547309.09937,0.9907692307692307,1288,1300,0.9892307692307692,0.9923076923076923
三维高密度场景,3,650,P3_Low-Mid,0.2,0.03,0.08,custom_pid,8,False,inf,3.5233917236328125,650,1247,inf,0.0,inf,inf,617.8815904633223,140,0.2153846153846154,divergence,418273558397.7704,0.9938461538461538,1292,1300,0.9923076923076923,0.9953846153846154
三维高密度场景,3,650,P3_Low-Mid,0.2,0.03,0.08,custom_pid,9,False,inf,3.593980312347412,650,1271,inf,0.0,inf,inf,611.0881000730286,145,0.2230769230769231,divergence,426586628779.2344,0.9915384615384616,1289,1300,0.9923076923076923,0.9907692307692307
三维高密度场景,3,650,P3_Low-Mid,0.2,0.03,0.08,custom_pid,10,False,inf,3.4834675788879395,650,1225,inf,0.0,inf,inf,580.2475429500364,136,0.20923076923076922,divergence,419277045549.97614,0.9938461538461538,1292,1300,0.9938461538461538,0.9938461538461538
三维高密度场景,3,650,P3_Low-Mid,0.2,0.03,0.08,custom_pid,11,False,inf,3.5002877712249756,650,1225,inf,0.0,inf,inf,592.4685587555167,152,0.23384615384615384,divergence,427799614093.5122,0.9907692307692307,1288,1300,0.9907692307692307,0.9907692307692307
三维高密度场景,3,650,P3_Low-Mid,0.2,0.03,0.08,custom_pid,12,True,3029.6708406374773,3.5921175479888916,650,1256,40.21990674614372,100.13285590969355,3.2068605422973633,590.0,578.2724341764965,151,0.2323076923076923,none,427186614782.4046,0.9907692307692307,1288,1300,0.9923076923076923,0.9892307692307692
三维高密度场景,3,650,P3_Low-Mid,0.2,0.03,0.08,custom_pid,13,False,inf,3.543861150741577,650,1247,inf,0.0,inf,inf,591.0033565362554,147,0.22615384615384615,divergence,428720609590.38495,0.9938461538461538,1292,1300,0.9923076923076923,0.9953846153846154
三维高密度场景,3,650,P3_Low-Mid,0.2,0.03,0.08,custom_pid,14,False,inf,3.5187625885009766,650,1241,inf,0.0,inf,inf,594.9760532758502,139,0.21384615384615385,divergence,443331776153.2126,0.9892307692307692,1286,1300,0.9969230769230769,0.9815384615384616
三维高密度场景,3,650,P3_Low-Mid,0.2,0.03,0.08,custom_pid,15,False,inf,3.5555896759033203,650,1268,inf,0.0,inf,inf,590.9372864360583,176,0.27076923076923076,divergence,419796019853.5066,0.99,1287,1300,0.9876923076923076,0.9923076923076923
三维高密度场景,3,650,P3_Low-Mid,0.2,0.03,0.08,custom_pid,16,False,inf,3.551605463027954,650,1262,inf,0.0,inf,inf,581.6587742958563,142,0.21846153846153846,divergence,432560667954.605,0.99,1287,1300,0.9907692307692307,0.9892307692307692
三维高密度场景,3,650,P3_Low-Mid,0.2,0.03,0.08,custom_pid,17,False,inf,3.5360770225524902,650,1242,inf,0.0,inf,inf,588.0955805455409,160,0.24615384615384617,divergence,426280637729.85425,0.9907692307692307,1288,1300,0.9861538461538462,0.9953846153846154
三维高密度场景,3,650,P3_Low-Mid,0.2,0.03,0.08,custom_pid,18,False,inf,3.549800157546997,650,1251,inf,0.0,inf,inf,583.3414544025663,156,0.24,divergence,431392425918.14343,0.99,1287,1300,0.9907692307692307,0.9892307692307692
三维高密度场景,3,650,P3_Low-Mid,0.2,0.03,0.08,custom_pid,19,False,inf,3.4535446166992188,650,1218,inf,0.0,inf,inf,591.3647842236901,153,0.2353846153846154,divergence,428337093025.5314,0.9907692307692307,1288,1300,0.9861538461538462,0.9953846153846154
三维高密度场景,3,650,P3_Low-Mid,0.2,0.03,0.08,custom_pid,20,False,inf,3.5426723957061768,650,1255,inf,0.0,inf,inf,580.8723653777315,116,0.17846153846153845,divergence,442493546544.0259,0.9915384615384616,1289,1300,0.9938461538461538,0.9892307692307692
三维高密度场景,3,650,P3_Low-Mid,0.2,0.03,0.08,custom_pid,21,False,inf,3.5663230419158936,650,1256,inf,0.0,inf,inf,603.5953468559495,149,0.22923076923076924,divergence,428926544108.82495,0.9861538461538462,1282,1300,0.9876923076923076,0.9846153846153847
三维高密度场景,3,650,P3_Low-Mid,0.2,0.03,0.08,custom_pid,22,False,inf,3.5621280670166016,650,1238,inf,0.0,inf,inf,579.1645670027103,155,0.23846153846153847,divergence,433994067146.52454,0.99,1287,1300,0.9907692307692307,0.9892307692307692
三维高密度场景,3,650,P3_Low-Mid,0.2,0.03,0.08,custom_pid,23,False,inf,3.5422680377960205,650,1236,inf,0.0,inf,inf,585.9649661607496,131,0.20153846153846153,divergence,431645531146.56146,0.9938461538461538,1292,1300,0.9969230769230769,0.9907692307692307
三维高密度场景,3,650,P3_Low-Mid,0.2,0.03,0.08,custom_pid,24,False,inf,3.543457508087158,650,1229,inf,0.0,inf,inf,607.4570686976662,142,0.21846153846153846,divergence,436479820729.2645,0.9930769230769231,1291,1300,0.9984615384615385,0.9876923076923076
三维高密度场景,3,650,P3_Low-Mid,0.2,0.03,0.08,custom_pid,25,False,inf,3.5485568046569824,650,1237,inf,0.0,inf,inf,593.9759971421496,140,0.2153846153846154,divergence,440871460220.66187,0.9892307692307692,1286,1300,0.9907692307692307,0.9876923076923076
三维高密度场景,3,650,P3_Low-Mid,0.2,0.03,0.08,custom_pid,26,False,inf,3.544621706008911,650,1226,inf,0.0,inf,inf,595.2222787458793,142,0.21846153846153846,divergence,420218725332.50903,0.9923076923076923,1290,1300,0.9907692307692307,0.9938461538461538
三维高密度场景,3,650,P3_Low-Mid,0.2,0.03,0.08,custom_pid,27,False,inf,3.5785765647888184,650,1259,inf,0.0,inf,inf,619.4976225351712,144,0.22153846153846155,divergence,423509931229.49774,0.9930769230769231,1291,1300,0.9876923076923076,0.9984615384615385
三维高密度场景,3,650,P3_Low-Mid,0.2,0.03,0.08,custom_pid,28,False,inf,3.573272705078125,650,1245,inf,0.0,inf,inf,590.0924659119579,138,0.2123076923076923,divergence,432495200641.60583,0.9884615384615385,1285,1300,0.9923076923076923,0.9846153846153847
三维高密度场景,3,650,P3_Low-Mid,0.2,0.03,0.08,custom_pid,29,False,inf,3.5875182151794434,650,1247,inf,0.0,inf,inf,590.719148851785,143,0.22,divergence,424245313556.4532,0.9946153846153846,1293,1300,0.9953846153846154,0.9938461538461538
三维高密度场景,3,650,P3_Low-Mid,0.2,0.03,0.08,custom_pid,30,False,inf,3.546051025390625,650,1236,inf,0.0,inf,inf,589.3081386280438,142,0.21846153846153846,divergence,438263687867.4452,0.9892307692307692,1286,1300,0.9907692307692307,0.9876923076923076
三维高密度场景,3,650,P4_Mid,0.3,0.05,0.12,custom_pid,1,True,3321.9547088244026,3.5650291442871094,650,1250,48.68662043515608,95.03631578165108,2.774245500564575,523.0,594.1022219385501,145,0.2230769230769231,none,431921268783.0201,0.9930769230769231,1291,1300,0.9907692307692307,0.9953846153846154
三维高密度场景,3,650,P4_Mid,0.3,0.05,0.12,custom_pid,2,True,2994.5689534108,1.4975247383117676,303,579,41.98325207512379,95.8377540394914,0.5050468444824219,103.0,528.4633980810638,65,0.2145214521452145,none,430917656650.11487,0.9817880794701986,593,604,0.9735099337748344,0.9900662251655629
三维高密度场景,3,650,P4_Mid,0.3,0.05,0.12,custom_pid,3,True,3362.967853673923,3.561347246170044,650,1252,46.235054820273575,86.02639365166756,3.0244245529174805,564.0,583.4001458426192,151,0.2323076923076923,none,429128040049.31665,0.9884615384615385,1285,1300,0.9846153846153847,0.9923076923076923
三维高密度场景,3,650,P4_Mid,0.3,0.05,0.12,custom_pid,4,False,inf,3.5732438564300537,650,1239,inf,0.0,inf,inf,587.8918303577306,155,0.23846153846153847,divergence,425487089262.2312,0.9892307692307692,1286,1300,0.9907692307692307,0.9876923076923076
三维高密度场景,3,650,P4_Mid,0.3,0.05,0.12,custom_pid,5,False,inf,3.5732955932617188,650,1255,inf,0.0,inf,inf,591.5026957506894,143,0.22,divergence,427363636036.91705,0.9923076923076923,1290,1300,0.9923076923076923,0.9923076923076923
三维高密度场景,3,650,P4_Mid,0.3,0.05,0.12,custom_pid,6,False,inf,3.567193031311035,650,1244,inf,0.0,inf,inf,605.5310766519126,155,0.23846153846153847,divergence,440982024722.9842,0.9876923076923076,1284,1300,0.9861538461538462,0.9892307692307692
三维高密度场景,3,650,P4_Mid,0.3,0.05,0.12,custom_pid,7,False,inf,3.556985378265381,650,1263,inf,0.0,inf,inf,594.9277357102638,129,0.19846153846153847,divergence,428623644225.3739,0.9923076923076923,1290,1300,0.9938461538461538,0.9907692307692307
三维高密度场景,3,650,P4_Mid,0.3,0.05,0.12,custom_pid,8,False,inf,3.6109840869903564,650,1249,inf,0.0,inf,inf,606.9870471373819,151,0.2323076923076923,divergence,420721372814.41254,0.9907692307692307,1288,1300,0.9938461538461538,0.9876923076923076
三维高密度场景,3,650,P4_Mid,0.3,0.05,0.12,custom_pid,9,False,inf,3.562471866607666,650,1257,inf,0.0,inf,inf,619.0787409953784,153,0.2353846153846154,divergence,429488957764.6476,0.9946153846153846,1293,1300,0.9907692307692307,0.9984615384615385
三维高密度场景,3,650,P4_Mid,0.3,0.05,0.12,custom_pid,10,False,inf,3.5545759201049805,650,1256,inf,0.0,inf,inf,593.2886999266204,154,0.23692307692307693,divergence,428168539529.5106,0.9915384615384616,1289,1300,0.9892307692307692,0.9938461538461538
三维高密度场景,3,650,P4_Mid,0.3,0.05,0.12,custom_pid,11,False,inf,3.508843183517456,650,1236,inf,0.0,inf,inf,595.9673384775838,138,0.2123076923076923,divergence,438463881863.6639,0.99,1287,1300,0.9923076923076923,0.9876923076923076
三维高密度场景,3,650,P4_Mid,0.3,0.05,0.12,custom_pid,12,False,inf,3.5151634216308594,650,1251,inf,0.0,inf,inf,592.3281705425974,125,0.19230769230769232,divergence,428779693612.8667,0.9892307692307692,1286,1300,0.9876923076923076,0.9907692307692307
三维高密度场景,3,650,P4_Mid,0.3,0.05,0.12,custom_pid,13,False,inf,3.592538595199585,650,1254,inf,0.0,inf,inf,597.2688126664824,156,0.24,divergence,419798934873.96277,0.9853846153846154,1281,1300,0.9861538461538462,0.9846153846153847
三维高密度场景,3,650,P4_Mid,0.3,0.05,0.12,custom_pid,14,False,inf,3.561980724334717,650,1263,inf,0.0,inf,inf,592.6356118010491,142,0.21846153846153846,divergence,419642248601.4931,0.9946153846153846,1293,1300,0.9969230769230769,0.9923076923076923
三维高密度场景,3,650,P4_Mid,0.3,0.05,0.12,custom_pid,15,False,inf,3.5520410537719727,650,1269,inf,0.0,inf,inf,622.4974592319818,160,0.24615384615384617,divergence,445645442191.8986,0.9938461538461538,1292,1300,0.9953846153846154,0.9923076923076923
三维高密度场景,3,650,P4_Mid,0.3,0.05,0.12,custom_pid,16,False,inf,3.462364673614502,650,1219,inf,0.0,inf,inf,604.2617442190154,144,0.22153846153846155,divergence,436753644386.3423,0.9930769230769231,1291,1300,0.9907692307692307,0.9953846153846154
三维高密度场景,3,650,P4_Mid,0.3,0.05,0.12,custom_pid,17,False,inf,3.497098684310913,650,1238,inf,0.0,inf,inf,622.4030450954162,140,0.2153846153846154,divergence,424029042747.36664,0.9930769230769231,1291,1300,0.9907692307692307,0.9953846153846154
三维高密度场景,3,650,P4_Mid,0.3,0.05,0.12,custom_pid,18,False,inf,3.5170438289642334,650,1236,inf,0.0,inf,inf,602.0449981092011,136,0.20923076923076922,divergence,432436470920.2048,0.9923076923076923,1290,1300,0.9923076923076923,0.9923076923076923
三维高密度场景,3,650,P4_Mid,0.3,0.05,0.12,custom_pid,19,False,inf,3.537703275680542,650,1254,inf,0.0,inf,inf,603.7656836633336,151,0.2323076923076923,oscillation,427568017710.19806,0.9923076923076923,1290,1300,0.9923076923076923,0.9923076923076923
三维高密度场景,3,650,P4_Mid,0.3,0.05,0.12,custom_pid,20,False,inf,3.5747694969177246,650,1256,inf,0.0,inf,inf,593.2128013184954,139,0.21384615384615385,divergence,437010102153.2982,0.9915384615384616,1289,1300,0.9923076923076923,0.9907692307692307
三维高密度场景,3,650,P4_Mid,0.3,0.05,0.12,custom_pid,21,False,inf,3.5808701515197754,650,1250,inf,0.0,inf,inf,577.846814176102,157,0.24153846153846154,divergence,438860042845.87286,0.9907692307692307,1288,1300,0.9938461538461538,0.9876923076923076
三维高密度场景,3,650,P4_Mid,0.3,0.05,0.12,custom_pid,22,False,inf,3.5592174530029297,650,1249,inf,0.0,inf,inf,607.6494270151021,148,0.2276923076923077,divergence,436657971422.9245,0.9930769230769231,1291,1300,0.9938461538461538,0.9923076923076923
三维高密度场景,3,650,P4_Mid,0.3,0.05,0.12,custom_pid,23,False,inf,3.537431478500366,650,1248,inf,0.0,inf,inf,574.8873773228522,141,0.2169230769230769,divergence,429412286478.3208,0.9915384615384616,1289,1300,0.9938461538461538,0.9892307692307692
三维高密度场景,3,650,P4_Mid,0.3,0.05,0.12,custom_pid,24,False,inf,3.5116283893585205,650,1237,inf,0.0,inf,inf,579.9886356366625,157,0.24153846153846154,divergence,430019924070.39136,0.9938461538461538,1292,1300,0.9969230769230769,0.9907692307692307
三维高密度场景,3,650,P4_Mid,0.3,0.05,0.12,custom_pid,25,False,inf,3.640371322631836,650,1262,inf,0.0,inf,inf,594.1922635526986,144,0.22153846153846155,divergence,441833899425.9118,0.9907692307692307,1288,1300,0.9923076923076923,0.9892307692307692
三维高密度场景,3,650,P4_Mid,0.3,0.05,0.12,custom_pid,26,False,inf,3.5235469341278076,650,1233,inf,0.0,inf,inf,606.1762783944123,139,0.21384615384615385,divergence,429295010951.49084,0.9930769230769231,1291,1300,0.9953846153846154,0.9907692307692307
三维高密度场景,3,650,P4_Mid,0.3,0.05,0.12,custom_pid,27,False,inf,3.5373191833496094,650,1245,inf,0.0,inf,inf,596.065904464608,144,0.22153846153846155,divergence,425857278231.39923,0.9907692307692307,1288,1300,0.9846153846153847,0.9969230769230769
三维高密度场景,3,650,P4_Mid,0.3,0.05,0.12,custom_pid,28,False,inf,3.540494441986084,650,1253,inf,0.0,inf,inf,595.7282515651063,145,0.2230769230769231,divergence,427331766351.09796,0.99,1287,1300,0.9923076923076923,0.9876923076923076
三维高密度场景,3,650,P4_Mid,0.3,0.05,0.12,custom_pid,29,False,inf,3.4710543155670166,650,1231,inf,0.0,inf,inf,613.8491025349742,158,0.24307692307692308,divergence,438356267831.71466,0.9869230769230769,1283,1300,0.9861538461538462,0.9876923076923076
三维高密度场景,3,650,P4_Mid,0.3,0.05,0.12,custom_pid,30,False,inf,3.5058183670043945,650,1237,inf,0.0,inf,inf,593.7295080316305,130,0.2,divergence,430339964304.8315,0.9869230769230769,1283,1300,0.9892307692307692,0.9846153846153847
三维高密度场景,3,650,P5_Mid-High,0.4,0.07,0.16,custom_pid,1,False,inf,3.478050708770752,650,1230,inf,0.0,inf,inf,585.9093122625324,147,0.22615384615384615,divergence,435749669373.967,0.9938461538461538,1292,1300,0.9953846153846154,0.9923076923076923
三维高密度场景,3,650,P5_Mid-High,0.4,0.07,0.16,custom_pid,2,False,inf,3.5562446117401123,650,1260,inf,0.0,inf,inf,624.933322663206,132,0.20307692307692307,divergence,437453706488.4421,0.9907692307692307,1288,1300,0.9907692307692307,0.9907692307692307
三维高密度场景,3,650,P5_Mid-High,0.4,0.07,0.16,custom_pid,3,False,inf,3.500166416168213,650,1231,inf,0.0,inf,inf,572.7478170790514,150,0.23076923076923078,divergence,434909409150.46344,0.99,1287,1300,0.9923076923076923,0.9876923076923076
三维高密度场景,3,650,P5_Mid-High,0.4,0.07,0.16,custom_pid,4,False,inf,3.53120756149292,650,1250,inf,0.0,inf,inf,616.068920011326,147,0.22615384615384615,divergence,423065251146.78906,0.9915384615384616,1289,1300,0.9907692307692307,0.9923076923076923
三维高密度场景,3,650,P5_Mid-High,0.4,0.07,0.16,custom_pid,5,False,inf,3.5054056644439697,650,1235,inf,0.0,inf,inf,596.6983225133305,152,0.23384615384615384,divergence,424332414175.06464,0.9915384615384616,1289,1300,0.9892307692307692,0.9938461538461538
三维高密度场景,3,650,P5_Mid-High,0.4,0.07,0.16,custom_pid,6,False,inf,3.5264968872070312,650,1250,inf,0.0,inf,inf,609.1040902444761,161,0.24769230769230768,oscillation,437513636299.5108,0.9923076923076923,1290,1300,0.9907692307692307,0.9938461538461538
三维高密度场景,3,650,P5_Mid-High,0.4,0.07,0.16,custom_pid,7,True,3024.1967242750943,1.1527094841003418,238,450,46.99848459221644,103.17944690530382,0.1936626434326172,38.0,468.8182700523362,55,0.23109243697478993,none,428734629674.0627,0.9746835443037974,462,474,0.9662447257383966,0.9831223628691983
三维高密度场景,3,650,P5_Mid-High,0.4,0.07,0.16,custom_pid,8,False,inf,3.5279932022094727,650,1250,inf,0.0,inf,inf,583.7404399649906,144,0.22153846153846155,divergence,433557137745.0068,0.9923076923076923,1290,1300,0.9923076923076923,0.9923076923076923
三维高密度场景,3,650,P5_Mid-High,0.4,0.07,0.16,custom_pid,9,False,inf,3.499007225036621,650,1235,inf,0.0,inf,inf,589.5005369276442,147,0.22615384615384615,divergence,424055692646.864,0.9892307692307692,1286,1300,0.9861538461538462,0.9923076923076923
三维高密度场景,3,650,P5_Mid-High,0.4,0.07,0.16,custom_pid,10,False,inf,3.489917039871216,650,1241,inf,0.0,inf,inf,580.4934278331274,146,0.2246153846153846,divergence,424980156267.93134,0.99,1287,1300,0.9876923076923076,0.9923076923076923
三维高密度场景,3,650,P5_Mid-High,0.4,0.07,0.16,custom_pid,11,False,inf,3.5647644996643066,650,1253,inf,0.0,inf,inf,592.4771235155984,124,0.19076923076923077,divergence,432217248031.8803,0.9876923076923076,1284,1300,0.9892307692307692,0.9861538461538462
三维高密度场景,3,650,P5_Mid-High,0.4,0.07,0.16,custom_pid,12,True,3262.2073587651907,3.4310226440429688,635,1231,48.664941685240386,96.87450652234087,2.239931106567383,435.0,589.8679028904642,142,0.22362204724409449,none,427141816673.2516,0.9929022082018928,1259,1268,0.9952681388012619,0.9905362776025236
三维高密度场景,3,650,P5_Mid-High,0.4,0.07,0.16,custom_pid,13,True,3276.990843074904,1.6660332679748535,332,626,48.17052387272719,93.1093054644682,0.6534411907196045,132.0,509.50543671241985,70,0.21084337349397592,none,435684346817.2018,0.9894259818731118,655,662,0.9848942598187311,0.9939577039274925
三维高密度场景,3,650,P5_Mid-High,0.4,0.07,0.16,custom_pid,14,False,inf,3.5384929180145264,650,1249,inf,0.0,inf,inf,605.3978492723799,137,0.21076923076923076,divergence,446979046933.36383,0.9946153846153846,1293,1300,0.9969230769230769,0.9923076923076923
三维高密度场景,3,650,P5_Mid-High,0.4,0.07,0.16,custom_pid,15,False,inf,3.5164408683776855,650,1236,inf,0.0,inf,inf,588.2139741929147,147,0.22615384615384615,divergence,433040974938.55853,0.9915384615384616,1289,1300,0.9876923076923076,0.9953846153846154
三维高密度场景,3,650,P5_Mid-High,0.4,0.07,0.16,custom_pid,16,False,inf,3.515200614929199,650,1235,inf,0.0,inf,inf,591.3011840507843,144,0.22153846153846155,divergence,425891833686.2719,0.9884615384615385,1285,1300,0.9846153846153847,0.9923076923076923
三维高密度场景,3,650,P5_Mid-High,0.4,0.07,0.16,custom_pid,17,True,3311.6301317330153,1.247006893157959,251,476,46.535180511963304,90.34622362530641,0.26682114601135254,51.0,483.39435248225317,48,0.19123505976095617,none,429333206933.0005,0.984,492,500,0.976,0.992
三维高密度场景,3,650,P5_Mid-High,0.4,0.07,0.16,custom_pid,18,False,inf,3.5533299446105957,650,1251,inf,0.0,inf,inf,590.3304606662764,152,0.23384615384615384,divergence,427989398057.49365,0.9892307692307692,1286,1300,0.9923076923076923,0.9861538461538462
三维高密度场景,3,650,P5_Mid-High,0.4,0.07,0.16,custom_pid,19,True,3141.3214547500343,1.2252166271209717,243,467,53.84333311416627,100.58050739357822,0.2285928726196289,43.0,469.78795243195884,51,0.20987654320987653,none,429995965174.35077,0.9793388429752066,474,484,0.9793388429752066,0.9793388429752066
三维高密度场景,3,650,P5_Mid-High,0.4,0.07,0.16,custom_pid,20,False,inf,3.4541478157043457,650,1212,inf,0.0,inf,inf,590.3957484250135,152,0.23384615384615384,divergence,443299194098.2967,0.99,1287,1300,0.9861538461538462,0.9938461538461538
三维高密度场景,3,650,P5_Mid-High,0.4,0.07,0.16,custom_pid,21,False,inf,3.5269711017608643,650,1230,inf,0.0,inf,inf,602.6899702680673,135,0.2076923076923077,divergence,421016220704.16,0.9892307692307692,1286,1300,0.9892307692307692,0.9892307692307692
三维高密度场景,3,650,P5_Mid-High,0.4,0.07,0.16,custom_pid,22,False,inf,3.553645133972168,650,1245,inf,0.0,inf,inf,567.2089522914223,138,0.2123076923076923,divergence,421076280993.9228,0.9853846153846154,1281,1300,0.9892307692307692,0.9815384615384616
三维高密度场景,3,650,P5_Mid-High,0.4,0.07,0.16,custom_pid,23,False,inf,3.5271317958831787,650,1239,inf,0.0,inf,inf,592.1562120993041,137,0.21076923076923076,divergence,450574727056.32947,0.9907692307692307,1288,1300,0.9876923076923076,0.9938461538461538
三维高密度场景,3,650,P5_Mid-High,0.4,0.07,0.16,custom_pid,24,False,inf,3.5565848350524902,650,1245,inf,0.0,inf,inf,579.0658265766903,136,0.20923076923076922,divergence,421252703020.89905,0.9915384615384616,1289,1300,0.9923076923076923,0.9907692307692307
三维高密度场景,3,650,P5_Mid-High,0.4,0.07,0.16,custom_pid,25,False,inf,3.5643575191497803,650,1254,inf,0.0,inf,inf,608.1594402296508,130,0.2,oscillation,443624192145.2634,0.9938461538461538,1292,1300,0.9953846153846154,0.9923076923076923
三维高密度场景,3,650,P5_Mid-High,0.4,0.07,0.16,custom_pid,26,False,inf,3.5621511936187744,650,1248,inf,0.0,inf,inf,578.5578515586841,148,0.2276923076923077,divergence,431457091243.6782,0.9884615384615385,1285,1300,0.9876923076923076,0.9892307692307692
三维高密度场景,3,650,P5_Mid-High,0.4,0.07,0.16,custom_pid,27,False,inf,3.5574774742126465,650,1237,inf,0.0,inf,inf,599.1475651560588,136,0.20923076923076922,divergence,437828141511.85785,0.9938461538461538,1292,1300,0.9938461538461538,0.9938461538461538
三维高密度场景,3,650,P5_Mid-High,0.4,0.07,0.16,custom_pid,28,False,inf,3.6569459438323975,650,1253,inf,0.0,inf,inf,583.3847421421386,140,0.2153846153846154,divergence,437002500754.1231,0.9930769230769231,1291,1300,0.9923076923076923,0.9938461538461538
三维高密度场景,3,650,P5_Mid-High,0.4,0.07,0.16,custom_pid,29,False,inf,3.5644612312316895,650,1256,inf,0.0,inf,inf,590.3328817990526,134,0.20615384615384616,divergence,439038562818.4289,0.9938461538461538,1292,1300,0.9938461538461538,0.9938461538461538
三维高密度场景,3,650,P5_Mid-High,0.4,0.07,0.16,custom_pid,30,False,inf,3.5946969985961914,650,1267,inf,0.0,inf,inf,593.5944417559339,158,0.24307692307692308,divergence,433155956911.92786,0.9884615384615385,1285,1300,0.9907692307692307,0.9861538461538462
三维高密度场景,3,650,P6_High,0.5,0.1,0.2,custom_pid,1,False,inf,3.551809787750244,650,1250,inf,0.0,inf,inf,594.3313469764349,158,0.24307692307692308,divergence,429590159432.989,0.9938461538461538,1292,1300,0.9923076923076923,0.9953846153846154
三维高密度场景,3,650,P6_High,0.5,0.1,0.2,custom_pid,2,False,inf,3.622082471847534,650,1262,inf,0.0,inf,inf,577.742539906391,150,0.23076923076923078,divergence,428047446239.8795,0.9938461538461538,1292,1300,0.9953846153846154,0.9923076923076923
三维高密度场景,3,650,P6_High,0.5,0.1,0.2,custom_pid,3,False,inf,3.4899234771728516,650,1228,inf,0.0,inf,inf,607.910948561523,129,0.19846153846153847,divergence,444310430108.3783,0.9930769230769231,1291,1300,0.9938461538461538,0.9923076923076923
三维高密度场景,3,650,P6_High,0.5,0.1,0.2,custom_pid,4,False,inf,3.561121940612793,650,1249,inf,0.0,inf,inf,588.2412475388078,165,0.25384615384615383,divergence,441638884998.269,0.9930769230769231,1291,1300,0.9892307692307692,0.9969230769230769
三维高密度场景,3,650,P6_High,0.5,0.1,0.2,custom_pid,5,False,inf,3.551610231399536,650,1231,inf,0.0,inf,inf,602.0881378025367,146,0.2246153846153846,oscillation,433009531471.8982,0.99,1287,1300,0.9923076923076923,0.9876923076923076
三维高密度场景,3,650,P6_High,0.5,0.1,0.2,custom_pid,6,False,inf,3.5582211017608643,650,1246,inf,0.0,inf,inf,609.2912540277681,150,0.23076923076923078,divergence,431920245104.0196,0.9930769230769231,1291,1300,0.9938461538461538,0.9923076923076923
三维高密度场景,3,650,P6_High,0.5,0.1,0.2,custom_pid,7,False,inf,3.6065549850463867,650,1258,inf,0.0,inf,inf,602.0298324114384,152,0.23384615384615384,divergence,432052791427.5248,0.9907692307692307,1288,1300,0.9923076923076923,0.9892307692307692
三维高密度场景,3,650,P6_High,0.5,0.1,0.2,custom_pid,8,False,inf,3.598721504211426,650,1260,inf,0.0,inf,inf,571.0383630317144,139,0.21384615384615385,divergence,425484369667.94934,0.9923076923076923,1290,1300,0.9923076923076923,0.9923076923076923
三维高密度场景,3,650,P6_High,0.5,0.1,0.2,custom_pid,9,False,inf,3.557511329650879,650,1241,inf,0.0,inf,inf,614.0161019333086,163,0.25076923076923074,divergence,428833850144.59155,0.99,1287,1300,0.9923076923076923,0.9876923076923076
三维高密度场景,3,650,P6_High,0.5,0.1,0.2,custom_pid,10,False,inf,3.5490972995758057,650,1236,inf,0.0,inf,inf,601.8737033954111,167,0.2569230769230769,divergence,434851088337.3812,0.9892307692307692,1286,1300,0.9861538461538462,0.9923076923076923
三维高密度场景,3,650,P6_High,0.5,0.1,0.2,custom_pid,11,False,inf,3.5241541862487793,650,1247,inf,0.0,inf,inf,611.0608596475844,149,0.22923076923076924,divergence,429026201685.446,0.9930769230769231,1291,1300,0.9984615384615385,0.9876923076923076
三维高密度场景,3,650,P6_High,0.5,0.1,0.2,custom_pid,12,False,inf,3.54870343208313,650,1246,inf,0.0,inf,inf,584.6185715765347,164,0.2523076923076923,divergence,436323516591.88214,0.9953846153846154,1294,1300,0.9938461538461538,0.9969230769230769
三维高密度场景,3,650,P6_High,0.5,0.1,0.2,custom_pid,13,False,inf,3.553861618041992,650,1254,inf,0.0,inf,inf,590.0574536162322,149,0.22923076923076924,divergence,422470289051.97107,0.99,1287,1300,0.9907692307692307,0.9892307692307692
三维高密度场景,3,650,P6_High,0.5,0.1,0.2,custom_pid,14,False,inf,3.5568325519561768,650,1261,inf,0.0,inf,inf,581.5584382345152,152,0.23384615384615384,divergence,433758744314.731,0.9876923076923076,1284,1300,0.9876923076923076,0.9876923076923076
三维高密度场景,3,650,P6_High,0.5,0.1,0.2,custom_pid,15,False,inf,3.578094005584717,650,1254,inf,0.0,inf,inf,593.9637553397043,130,0.2,divergence,430989172575.5574,0.9923076923076923,1290,1300,0.9938461538461538,0.9907692307692307
三维高密度场景,3,650,P6_High,0.5,0.1,0.2,custom_pid,16,True,3167.2060877877,1.245112419128418,251,471,44.00818592012083,98.55324396581175,0.2636401653289795,51.0,493.89351014057604,46,0.18326693227091634,none,429831099954.5539,0.966,483,500,0.968,0.964
三维高密度场景,3,650,P6_High,0.5,0.1,0.2,custom_pid,17,False,inf,3.5033555030822754,650,1238,inf,0.0,inf,inf,591.646698309619,138,0.2123076923076923,divergence,442510675995.06146,0.9938461538461538,1292,1300,0.9953846153846154,0.9923076923076923
三维高密度场景,3,650,P6_High,0.5,0.1,0.2,custom_pid,18,False,inf,3.31537127494812,650,1156,inf,0.0,inf,inf,577.7984521232908,113,0.17384615384615384,divergence,425187098594.3741,0.9915384615384616,1289,1300,0.9923076923076923,0.9907692307692307
三维高密度场景,3,650,P6_High,0.5,0.1,0.2,custom_pid,19,False,inf,3.5881311893463135,650,1265,inf,0.0,inf,inf,600.6966572623294,162,0.24923076923076923,divergence,430027806521.74866,0.9915384615384616,1289,1300,0.9938461538461538,0.9892307692307692
三维高密度场景,3,650,P6_High,0.5,0.1,0.2,custom_pid,20,False,inf,3.5571229457855225,650,1245,inf,0.0,inf,inf,605.221973202688,154,0.23692307692307693,divergence,434927346939.4498,0.9907692307692307,1288,1300,0.9923076923076923,0.9892307692307692
三维高密度场景,3,650,P6_High,0.5,0.1,0.2,custom_pid,21,False,inf,3.5770676136016846,650,1262,inf,0.0,inf,inf,580.7527470569571,155,0.23846153846153847,divergence,441541772923.2511,0.9930769230769231,1291,1300,0.9938461538461538,0.9923076923076923
三维高密度场景,3,650,P6_High,0.5,0.1,0.2,custom_pid,22,True,3380.0955588527854,3.543243646621704,650,1241,51.04528746174277,96.52762001782371,2.475598096847534,476.0,604.7538737737956,143,0.22,none,426902867462.571,0.9884615384615385,1285,1300,0.9861538461538462,0.9907692307692307
三维高密度场景,3,650,P6_High,0.5,0.1,0.2,custom_pid,23,False,inf,3.511103391647339,650,1245,inf,0.0,inf,inf,581.2772786023999,143,0.22,divergence,430240463826.56354,0.9938461538461538,1292,1300,0.9938461538461538,0.9938461538461538
三维高密度场景,3,650,P6_High,0.5,0.1,0.2,custom_pid,24,False,inf,3.592949151992798,650,1260,inf,0.0,inf,inf,593.6258069074373,153,0.2353846153846154,divergence,433090500507.7236,0.9938461538461538,1292,1300,0.9938461538461538,0.9938461538461538
三维高密度场景,3,650,P6_High,0.5,0.1,0.2,custom_pid,25,False,inf,3.5274384021759033,650,1253,inf,0.0,inf,inf,567.9359498573609,145,0.2230769230769231,divergence,434910121648.71515,0.9884615384615385,1285,1300,0.9907692307692307,0.9861538461538462
三维高密度场景,3,650,P6_High,0.5,0.1,0.2,custom_pid,26,False,inf,3.584484100341797,650,1253,inf,0.0,inf,inf,592.5363241413189,152,0.23384615384615384,divergence,423740316743.9376,0.99,1287,1300,0.9892307692307692,0.9907692307692307
三维高密度场景,3,650,P6_High,0.5,0.1,0.2,custom_pid,27,False,inf,3.574023485183716,650,1258,inf,0.0,inf,inf,597.6929522645205,126,0.19384615384615383,divergence,425611073098.43756,0.9923076923076923,1290,1300,0.9907692307692307,0.9938461538461538
三维高密度场景,3,650,P6_High,0.5,0.1,0.2,custom_pid,28,False,inf,3.593705654144287,650,1248,inf,0.0,inf,inf,603.8938814388056,135,0.2076923076923077,divergence,429110279871.92737,0.9923076923076923,1290,1300,0.9923076923076923,0.9923076923076923
三维高密度场景,3,650,P6_High,0.5,0.1,0.2,custom_pid,29,True,3275.4453201662304,1.289968729019165,259,501,50.424161700948765,92.42412702926856,0.2967100143432617,59.0,507.6334845669081,49,0.1891891891891892,none,428443283625.3687,0.9844961240310077,508,516,0.9844961240310077,0.9844961240310077
三维高密度场景,3,650,P6_High,0.5,0.1,0.2,custom_pid,30,True,3172.4556409482893,1.2050070762634277,242,467,45.25764014998791,95.80933698917448,0.21053719520568848,42.0,494.27567717009424,42,0.17355371900826447,none,433217681269.097,0.9771784232365145,471,482,0.983402489626556,0.970954356846473
三维高密度场景,3,650,P7_VeryHigh,0.6,0.12,0.24,custom_pid,1,False,inf,3.557114839553833,650,1251,inf,0.0,inf,inf,588.1545240773106,144,0.22153846153846155,divergence,439829485347.04584,0.9923076923076923,1290,1300,0.9923076923076923,0.9923076923076923
三维高密度场景,3,650,P7_VeryHigh,0.6,0.12,0.24,custom_pid,2,True,3348.368527600921,3.586146116256714,650,1259,46.947433994871794,84.14602206361658,2.809335947036743,527.0,608.1010976491235,145,0.2230769230769231,none,438377071319.6094,0.9930769230769231,1291,1300,0.9953846153846154,0.9907692307692307
三维高密度场景,3,650,P7_VeryHigh,0.6,0.12,0.24,custom_pid,3,False,inf,3.5509748458862305,650,1244,inf,0.0,inf,inf,604.5101614489377,123,0.18923076923076923,divergence,423576213516.84265,0.9876923076923076,1284,1300,0.9876923076923076,0.9876923076923076
三维高密度场景,3,650,P7_VeryHigh,0.6,0.12,0.24,custom_pid,4,False,inf,3.5443167686462402,650,1248,inf,0.0,inf,inf,609.5254726574005,142,0.21846153846153846,divergence,434250418882.20184,0.9915384615384616,1289,1300,0.9907692307692307,0.9923076923076923
三维高密度场景,3,650,P7_VeryHigh,0.6,0.12,0.24,custom_pid,5,False,inf,3.540311098098755,650,1257,inf,0.0,inf,inf,597.9805612343068,131,0.20153846153846153,divergence,434359464098.3946,0.9884615384615385,1285,1300,0.9907692307692307,0.9861538461538462
三维高密度场景,3,650,P7_VeryHigh,0.6,0.12,0.24,custom_pid,6,False,inf,3.5179617404937744,650,1232,inf,0.0,inf,inf,587.3963142478727,149,0.22923076923076924,divergence,430948965316.70667,0.9892307692307692,1286,1300,0.9861538461538462,0.9923076923076923
三维高密度场景,3,650,P7_VeryHigh,0.6,0.12,0.24,custom_pid,7,False,inf,3.5326740741729736,650,1247,inf,0.0,inf,inf,607.1066006738953,145,0.2230769230769231,divergence,435275271938.62164,0.9938461538461538,1292,1300,0.9923076923076923,0.9953846153846154
三维高密度场景,3,650,P7_VeryHigh,0.6,0.12,0.24,custom_pid,8,False,inf,3.54878830909729,650,1234,inf,0.0,inf,inf,579.886389423851,143,0.22,divergence,431819497743.62085,0.99,1287,1300,0.9923076923076923,0.9876923076923076
三维高密度场景,3,650,P7_VeryHigh,0.6,0.12,0.24,custom_pid,9,False,inf,3.5556981563568115,650,1230,inf,0.0,inf,inf,600.1671705563042,144,0.22153846153846155,divergence,444609622052.19806,0.9892307692307692,1286,1300,0.9861538461538462,0.9923076923076923
三维高密度场景,3,650,P7_VeryHigh,0.6,0.12,0.24,custom_pid,10,False,inf,3.5727317333221436,650,1246,inf,0.0,inf,inf,615.9188725000969,144,0.22153846153846155,divergence,432124802080.30304,0.9907692307692307,1288,1300,0.9907692307692307,0.9907692307692307
三维高密度场景,3,650,P7_VeryHigh,0.6,0.12,0.24,custom_pid,11,False,inf,3.5601181983947754,650,1227,inf,0.0,inf,inf,582.767084621673,144,0.22153846153846155,divergence,427995871706.06213,0.9938461538461538,1292,1300,0.9969230769230769,0.9907692307692307
三维高密度场景,3,650,P7_VeryHigh,0.6,0.12,0.24,custom_pid,12,False,inf,3.5932226181030273,650,1244,inf,0.0,inf,inf,587.2025009556345,130,0.2,divergence,427333634784.3875,0.9915384615384616,1289,1300,0.9953846153846154,0.9876923076923076
三维高密度场景,3,650,P7_VeryHigh,0.6,0.12,0.24,custom_pid,13,False,inf,3.5979626178741455,650,1241,inf,0.0,inf,inf,599.8235569522736,135,0.2076923076923077,divergence,433478944668.3386,0.9892307692307692,1286,1300,0.9923076923076923,0.9861538461538462
三维高密度场景,3,650,P7_VeryHigh,0.6,0.12,0.24,custom_pid,14,False,inf,3.5485482215881348,650,1231,inf,0.0,inf,inf,606.3189550101291,125,0.19230769230769232,divergence,439660225751.2649,0.9853846153846154,1281,1300,0.9907692307692307,0.98
三维高密度场景,3,650,P7_VeryHigh,0.6,0.12,0.24,custom_pid,15,False,inf,3.582606077194214,650,1244,inf,0.0,inf,inf,583.0773849250514,147,0.22615384615384615,divergence,432201780892.6312,0.9915384615384616,1289,1300,0.9892307692307692,0.9938461538461538
三维高密度场景,3,650,P7_VeryHigh,0.6,0.12,0.24,custom_pid,16,False,inf,3.595141887664795,650,1250,inf,0.0,inf,inf,599.1170634405876,163,0.25076923076923074,divergence,434968673423.2708,0.9946153846153846,1293,1300,0.9969230769230769,0.9923076923076923
三维高密度场景,3,650,P7_VeryHigh,0.6,0.12,0.24,custom_pid,17,True,3235.3226539605757,1.3152220249176025,262,496,43.118380922454485,92.08407928263996,0.31958818435668945,62.0,495.9288991490143,57,0.21755725190839695,none,428601122859.2508,0.9712643678160919,507,522,0.9770114942528736,0.9655172413793104
三维高密度场景,3,650,P7_VeryHigh,0.6,0.12,0.24,custom_pid,18,False,inf,3.584285020828247,650,1249,inf,0.0,inf,inf,605.7178164945523,141,0.2169230769230769,divergence,440993416855.66156,0.9946153846153846,1293,1300,0.9938461538461538,0.9953846153846154
三维高密度场景,3,650,P7_VeryHigh,0.6,0.12,0.24,custom_pid,19,True,3414.4768066795027,3.5616238117218018,650,1245,52.56592152335832,77.17162841099932,2.941710948944092,553.0,584.5532267799396,124,0.19076923076923077,none,431138015002.99286,0.9907692307692307,1288,1300,0.9923076923076923,0.9892307692307692
三维高密度场景,3,650,P7_VeryHigh,0.6,0.12,0.24,custom_pid,20,False,inf,3.5284061431884766,650,1238,inf,0.0,inf,inf,593.0135567774688,161,0.24769230769230768,divergence,428059634399.864,0.9915384615384616,1289,1300,0.9938461538461538,0.9892307692307692
三维高密度场景,3,650,P7_VeryHigh,0.6,0.12,0.24,custom_pid,21,False,inf,3.6105403900146484,650,1262,inf,0.0,inf,inf,607.7880743168981,146,0.2246153846153846,divergence,424268415581.0992,0.9938461538461538,1292,1300,0.9953846153846154,0.9923076923076923
三维高密度场景,3,650,P7_VeryHigh,0.6,0.12,0.24,custom_pid,22,True,3411.596730006098,1.4127085208892822,280,551,52.460223336863606,108.02884584709246,0.40200018882751465,80.0,519.80233333729,58,0.20714285714285716,none,427327130614.3373,0.989247311827957,552,558,0.989247311827957,0.989247311827957
三维高密度场景,3,650,P7_VeryHigh,0.6,0.12,0.24,custom_pid,23,False,inf,3.587005138397217,650,1255,inf,0.0,inf,inf,609.2509369653927,143,0.22,divergence,425258440286.6747,0.9953846153846154,1294,1300,0.9953846153846154,0.9953846153846154
三维高密度场景,3,650,P7_VeryHigh,0.6,0.12,0.24,custom_pid,24,False,inf,3.555006980895996,650,1243,inf,0.0,inf,inf,582.0331340993373,135,0.2076923076923077,divergence,431853319927.84204,0.9953846153846154,1294,1300,0.9953846153846154,0.9953846153846154
三维高密度场景,3,650,P7_VeryHigh,0.6,0.12,0.24,custom_pid,25,False,inf,3.565260171890259,650,1252,inf,0.0,inf,inf,604.4545961391631,145,0.2230769230769231,divergence,435100793975.5057,0.9946153846153846,1293,1300,0.9953846153846154,0.9938461538461538
三维高密度场景,3,650,P7_VeryHigh,0.6,0.12,0.24,custom_pid,26,False,inf,3.5733816623687744,650,1253,inf,0.0,inf,inf,574.4180246899791,151,0.2323076923076923,divergence,427949130687.9669,0.9884615384615385,1285,1300,0.9892307692307692,0.9876923076923076
三维高密度场景,3,650,P7_VeryHigh,0.6,0.12,0.24,custom_pid,27,False,inf,3.4952313899993896,650,1246,inf,0.0,inf,inf,603.8265993390822,143,0.22,divergence,437807128880.138,0.9892307692307692,1286,1300,0.9861538461538462,0.9923076923076923
三维高密度场景,3,650,P7_VeryHigh,0.6,0.12,0.24,custom_pid,28,False,inf,3.4784481525421143,650,1238,inf,0.0,inf,inf,582.0601150520073,147,0.22615384615384615,divergence,430611129430.30945,0.9930769230769231,1291,1300,0.9923076923076923,0.9938461538461538
三维高密度场景,3,650,P7_VeryHigh,0.6,0.12,0.24,custom_pid,29,True,3091.057035270489,1.1770422458648682,236,456,46.07320851318401,97.17851068399999,0.1890578269958496,36.0,486.27493816194027,39,0.1652542372881356,none,427039096509.5211,0.9638297872340426,453,470,0.9531914893617022,0.9744680851063829
三维高密度场景,3,650,P7_VeryHigh,0.6,0.12,0.24,custom_pid,30,False,inf,3.531466245651245,650,1253,inf,0.0,inf,inf,605.839382566216,139,0.21384615384615385,divergence,427752663170.788,0.9930769230769231,1291,1300,0.9969230769230769,0.9892307692307692
三维高密度场景,3,650,P8_ExtremeHigh,0.7,0.15,0.28,custom_pid,1,False,inf,3.5786800384521484,650,1257,inf,0.0,inf,inf,598.8578935324604,151,0.2323076923076923,divergence,431183214300.0465,0.9907692307692307,1288,1300,0.9907692307692307,0.9907692307692307
三维高密度场景,3,650,P8_ExtremeHigh,0.7,0.15,0.28,custom_pid,2,True,3108.6044227537777,1.2037765979766846,245,472,44.963918006594824,100.52062605626064,0.2225198745727539,45.0,498.8062746929336,44,0.17959183673469387,none,429804008121.64404,0.9590163934426229,468,488,0.9590163934426229,0.9590163934426229
三维高密度场景,3,650,P8_ExtremeHigh,0.7,0.15,0.28,custom_pid,3,False,inf,3.476863384246826,650,1232,inf,0.0,inf,inf,622.0501104477573,151,0.2323076923076923,divergence,418099458759.2127,0.9915384615384616,1289,1300,0.9938461538461538,0.9892307692307692
三维高密度场景,3,650,P8_ExtremeHigh,0.7,0.15,0.28,custom_pid,4,True,3199.802530879109,1.2039382457733154,242,469,48.416035824341456,111.24024660945491,0.2294316291809082,42.0,505.9677034071174,49,0.2024793388429752,none,427891256380.00775,0.970954356846473,468,482,0.970954356846473,0.970954356846473
三维高密度场景,3,650,P8_ExtremeHigh,0.7,0.15,0.28,custom_pid,5,False,inf,3.5669586658477783,650,1270,inf,0.0,inf,inf,595.5699553837259,146,0.2246153846153846,divergence,424441520001.2573,0.9892307692307692,1286,1300,0.9876923076923076,0.9907692307692307
三维高密度场景,3,650,P8_ExtremeHigh,0.7,0.15,0.28,custom_pid,6,False,inf,3.5358943939208984,650,1249,inf,0.0,inf,inf,600.4284059322737,147,0.22615384615384615,divergence,434870924830.5516,0.9884615384615385,1285,1300,0.9861538461538462,0.9907692307692307
三维高密度场景,3,650,P8_ExtremeHigh,0.7,0.15,0.28,custom_pid,7,True,3128.012933805941,1.251244068145752,251,480,46.00005267050734,93.59072085217784,0.2562906742095947,51.0,508.9845943121592,41,0.16334661354581673,none,428385592206.6178,0.978,489,500,0.972,0.984
三维高密度场景,3,650,P8_ExtremeHigh,0.7,0.15,0.28,custom_pid,8,False,inf,3.5946836471557617,650,1259,inf,0.0,inf,inf,594.0197466963325,126,0.19384615384615383,divergence,432821991716.91986,0.9930769230769231,1291,1300,0.9907692307692307,0.9953846153846154
三维高密度场景,3,650,P8_ExtremeHigh,0.7,0.15,0.28,custom_pid,9,False,inf,3.5470659732818604,650,1249,inf,0.0,inf,inf,593.428534081472,110,0.16923076923076924,divergence,435881943853.1651,0.9923076923076923,1290,1300,0.9938461538461538,0.9907692307692307
三维高密度场景,3,650,P8_ExtremeHigh,0.7,0.15,0.28,custom_pid,10,True,3007.675193512589,1.2493178844451904,252,476,50.21941161379973,97.72192254266005,0.25716590881347656,52.0,477.62892835273743,54,0.21428571428571427,none,428664623115.1572,0.9760956175298805,490,502,0.9721115537848606,0.9800796812749004
三维高密度场景,3,650,P8_ExtremeHigh,0.7,0.15,0.28,custom_pid,11,True,3171.433074629155,2.0715763568878174,403,775,43.09390934362791,96.93458685258715,1.0065209865570068,203.0,549.7606525293913,71,0.1761786600496278,none,437095940460.7866,0.9912935323383084,797,804,0.9950248756218906,0.9875621890547264
三维高密度场景,3,650,P8_ExtremeHigh,0.7,0.15,0.28,custom_pid,12,False,inf,3.5284528732299805,650,1237,inf,0.0,inf,inf,574.7533468090127,148,0.2276923076923077,divergence,433502231371.06885,0.99,1287,1300,0.9892307692307692,0.9907692307692307
三维高密度场景,3,650,P8_ExtremeHigh,0.7,0.15,0.28,custom_pid,13,True,3123.5001396384314,1.2344999313354492,249,471,47.37641480087149,89.6478204193496,0.24300003051757812,49.0,452.5324980879176,53,0.21285140562248997,none,428116864681.1988,0.9778225806451613,485,496,0.9717741935483871,0.9838709677419355
三维高密度场景,3,650,P8_ExtremeHigh,0.7,0.15,0.28,custom_pid,14,False,inf,3.5501720905303955,650,1250,inf,0.0,inf,inf,588.9089384797583,161,0.24769230769230768,divergence,428543148298.9182,0.9915384615384616,1289,1300,0.9938461538461538,0.9892307692307692
三维高密度场景,3,650,P8_ExtremeHigh,0.7,0.15,0.28,custom_pid,15,True,3164.745429233233,1.3208394050598145,272,512,43.41650985223504,95.64296663662849,0.3464529514312744,72.0,514.8701387953964,39,0.14338235294117646,none,429303672017.4824,0.9833948339483395,533,542,0.988929889298893,0.977859778597786
三维高密度场景,3,650,P8_ExtremeHigh,0.7,0.15,0.28,custom_pid,16,False,inf,3.545712947845459,650,1242,inf,0.0,inf,inf,580.1515235929044,142,0.21846153846153846,divergence,424886919186.0696,0.9930769230769231,1291,1300,0.9907692307692307,0.9953846153846154
三维高密度场景,3,650,P8_ExtremeHigh,0.7,0.15,0.28,custom_pid,17,False,inf,3.5715372562408447,650,1255,inf,0.0,inf,inf,597.3897242814937,151,0.2323076923076923,divergence,431458084535.71356,0.9923076923076923,1290,1300,0.9953846153846154,0.9892307692307692
三维高密度场景,3,650,P8_ExtremeHigh,0.7,0.15,0.28,custom_pid,18,False,inf,3.6028547286987305,650,1231,inf,0.0,inf,inf,595.1486503478964,131,0.20153846153846153,divergence,433415099240.1712,0.9915384615384616,1289,1300,0.9923076923076923,0.9907692307692307
三维高密度场景,3,650,P8_ExtremeHigh,0.7,0.15,0.28,custom_pid,19,False,inf,3.4899485111236572,650,1228,inf,0.0,inf,inf,604.9823118535529,141,0.2169230769230769,divergence,438381560671.42096,0.9923076923076923,1290,1300,0.9953846153846154,0.9892307692307692
三维高密度场景,3,650,P8_ExtremeHigh,0.7,0.15,0.28,custom_pid,20,False,inf,3.5059220790863037,650,1228,inf,0.0,inf,inf,592.6669954880592,141,0.2169230769230769,divergence,426361909534.4714,0.99,1287,1300,0.9907692307692307,0.9892307692307692
三维高密度场景,3,650,P8_ExtremeHigh,0.7,0.15,0.28,custom_pid,21,True,3289.383585019771,3.5852091312408447,650,1253,46.00426792298591,89.71768090493397,3.4703049659729004,634.0,606.5853849514207,132,0.20307692307692307,none,420744611504.82275,0.9907692307692307,1288,1300,0.9923076923076923,0.9892307692307692
三维高密度场景,3,650,P8_ExtremeHigh,0.7,0.15,0.28,custom_pid,22,True,3077.1306132126388,1.2012205123901367,243,461,50.771605629742105,104.56617189888557,0.22296714782714844,43.0,481.7661331979994,52,0.2139917695473251,none,431429087896.9018,0.9855371900826446,477,484,0.987603305785124,0.9834710743801653
三维高密度场景,3,650,P8_ExtremeHigh,0.7,0.15,0.28,custom_pid,23,False,inf,3.503453016281128,650,1238,inf,0.0,inf,inf,592.4485967060766,134,0.20615384615384616,divergence,430264350006.05896,0.9915384615384616,1289,1300,0.9876923076923076,0.9953846153846154
三维高密度场景,3,650,P8_ExtremeHigh,0.7,0.15,0.28,custom_pid,24,False,inf,3.513075351715088,650,1241,inf,0.0,inf,inf,589.4116202600625,160,0.24615384615384617,divergence,435540993825.7267,0.99,1287,1300,0.9923076923076923,0.9876923076923076
三维高密度场景,3,650,P8_ExtremeHigh,0.7,0.15,0.28,custom_pid,25,False,inf,3.533181667327881,650,1244,inf,0.0,inf,inf,587.7939583925834,138,0.2123076923076923,divergence,423028492059.85706,0.9915384615384616,1289,1300,0.9907692307692307,0.9923076923076923
三维高密度场景,3,650,P8_ExtremeHigh,0.7,0.15,0.28,custom_pid,26,False,inf,3.462677240371704,650,1207,inf,0.0,inf,inf,609.2824323180372,148,0.2276923076923077,divergence,432399583646.8158,0.9930769230769231,1291,1300,0.9907692307692307,0.9953846153846154
三维高密度场景,3,650,P8_ExtremeHigh,0.7,0.15,0.28,custom_pid,27,False,inf,3.5289306640625,650,1236,inf,0.0,inf,inf,592.6778129595508,128,0.19692307692307692,divergence,434872451522.1436,0.9930769230769231,1291,1300,0.9953846153846154,0.9907692307692307
三维高密度场景,3,650,P8_ExtremeHigh,0.7,0.15,0.28,custom_pid,28,False,inf,3.55041766166687,650,1255,inf,0.0,inf,inf,611.746306265412,127,0.19538461538461538,divergence,439846117564.05786,0.9907692307692307,1288,1300,0.9923076923076923,0.9892307692307692
三维高密度场景,3,650,P8_ExtremeHigh,0.7,0.15,0.28,custom_pid,29,False,inf,3.5093092918395996,650,1232,inf,0.0,inf,inf,615.9875856924664,145,0.2230769230769231,divergence,446754228522.0038,0.9907692307692307,1288,1300,0.9892307692307692,0.9923076923076923
三维高密度场景,3,650,P8_ExtremeHigh,0.7,0.15,0.28,custom_pid,30,False,inf,3.524345874786377,650,1234,inf,0.0,inf,inf,579.5889108494205,144,0.22153846153846155,divergence,432875558141.4389,0.9892307692307692,1286,1300,0.9876923076923076,0.9907692307692307
三维高密度场景,3,650,P9_Maximum,0.8,0.18,0.32,custom_pid,1,False,inf,3.586311101913452,650,1266,inf,0.0,inf,inf,594.0455827737154,140,0.2153846153846154,divergence,445062684332.55585,0.9915384615384616,1289,1300,0.9892307692307692,0.9938461538461538
三维高密度场景,3,650,P9_Maximum,0.8,0.18,0.32,custom_pid,2,False,inf,3.515399217605591,650,1245,inf,0.0,inf,inf,617.5509155524768,141,0.2169230769230769,divergence,424322775110.87396,0.9884615384615385,1285,1300,0.9892307692307692,0.9876923076923076
三维高密度场景,3,650,P9_Maximum,0.8,0.18,0.32,custom_pid,3,False,inf,3.5230300426483154,650,1241,inf,0.0,inf,inf,586.3550815244429,165,0.25384615384615383,divergence,435233245080.9925,0.9884615384615385,1285,1300,0.9907692307692307,0.9861538461538462
三维高密度场景,3,650,P9_Maximum,0.8,0.18,0.32,custom_pid,4,False,inf,3.5291552543640137,650,1248,inf,0.0,inf,inf,591.3315184509903,127,0.19538461538461538,divergence,426045778352.7907,0.99,1287,1300,0.9907692307692307,0.9892307692307692
三维高密度场景,3,650,P9_Maximum,0.8,0.18,0.32,custom_pid,5,False,inf,3.578124761581421,650,1249,inf,0.0,inf,inf,593.950039070923,135,0.2076923076923077,divergence,423971466806.9118,0.9915384615384616,1289,1300,0.9923076923076923,0.9907692307692307
三维高密度场景,3,650,P9_Maximum,0.8,0.18,0.32,custom_pid,6,True,3124.178485970916,1.2108356952667236,243,461,50.93656389479559,96.04704817998422,0.21707749366760254,43.0,500.33442176081473,41,0.16872427983539096,none,428723823903.1485,0.9607438016528925,465,484,0.9628099173553719,0.9586776859504132
三维高密度场景,3,650,P9_Maximum,0.8,0.18,0.32,custom_pid,7,False,inf,3.526527166366577,650,1243,inf,0.0,inf,inf,573.9511666435386,154,0.23692307692307693,divergence,441656631021.1982,0.9930769230769231,1291,1300,0.9938461538461538,0.9923076923076923
三维高密度场景,3,650,P9_Maximum,0.8,0.18,0.32,custom_pid,8,False,inf,3.5894172191619873,650,1269,inf,0.0,inf,inf,606.6760459637339,141,0.2169230769230769,divergence,427803319885.3068,0.9915384615384616,1289,1300,0.9923076923076923,0.9907692307692307
三维高密度场景,3,650,P9_Maximum,0.8,0.18,0.32,custom_pid,9,False,inf,3.575817584991455,650,1249,inf,0.0,inf,inf,595.540264467744,129,0.19846153846153847,divergence,440050412846.7015,0.9938461538461538,1292,1300,0.9938461538461538,0.9938461538461538
三维高密度场景,3,650,P9_Maximum,0.8,0.18,0.32,custom_pid,10,False,inf,3.5800085067749023,650,1250,inf,0.0,inf,inf,591.8171817330604,145,0.2230769230769231,divergence,431005094378.54456,0.9923076923076923,1290,1300,0.9953846153846154,0.9892307692307692
三维高密度场景,3,650,P9_Maximum,0.8,0.18,0.32,custom_pid,11,False,inf,3.573127031326294,650,1260,inf,0.0,inf,inf,585.8254792580922,160,0.24615384615384617,divergence,436799780501.30676,0.9907692307692307,1288,1300,0.9907692307692307,0.9907692307692307
三维高密度场景,3,650,P9_Maximum,0.8,0.18,0.32,custom_pid,12,False,inf,3.529836893081665,650,1261,inf,0.0,inf,inf,598.2508239232105,152,0.23384615384615384,divergence,424302557412.8061,0.9892307692307692,1286,1300,0.9892307692307692,0.9892307692307692
三维高密度场景,3,650,P9_Maximum,0.8,0.18,0.32,custom_pid,13,True,3300.6620152177966,1.243004322052002,253,480,46.061705514586706,93.15414863010969,0.27711033821105957,53.0,506.40307781582356,50,0.1976284584980237,none,429209792041.29816,0.9662698412698413,487,504,0.9523809523809523,0.9801587301587301
三维高密度场景,3,650,P9_Maximum,0.8,0.18,0.32,custom_pid,14,True,3331.7927704027607,2.6638729572296143,507,965,50.87732156522033,88.45070396154755,1.5251710414886475,307.0,573.5442039180085,107,0.21104536489151873,none,426863729585.77496,0.9871541501976284,999,1012,0.9881422924901185,0.9861660079051383
三维高密度场景,3,650,P9_Maximum,0.8,0.18,0.32,custom_pid,15,False,inf,3.5681710243225098,650,1250,inf,0.0,inf,inf,602.2303767072165,140,0.2153846153846154,divergence,438058917992.4449,0.9930769230769231,1291,1300,0.9953846153846154,0.9907692307692307
三维高密度场景,3,650,P9_Maximum,0.8,0.18,0.32,custom_pid,16,False,inf,3.544029712677002,650,1236,inf,0.0,inf,inf,594.5532585147363,131,0.20153846153846153,divergence,432690619451.56854,0.9884615384615385,1285,1300,0.9907692307692307,0.9861538461538462
三维高密度场景,3,650,P9_Maximum,0.8,0.18,0.32,custom_pid,17,False,inf,3.5602073669433594,650,1244,inf,0.0,inf,inf,587.7087793941976,143,0.22,divergence,438839219634.1457,0.9923076923076923,1290,1300,0.9907692307692307,0.9938461538461538
三维高密度场景,3,650,P9_Maximum,0.8,0.18,0.32,custom_pid,18,True,3610.024727490209,3.576326847076416,650,1242,43.413146430523796,100.96810191674281,3.028208017349243,562.0,588.1647977116946,134,0.20615384615384616,none,429246141965.9874,0.9938461538461538,1292,1300,0.9907692307692307,0.9969230769230769
三维高密度场景,3,650,P9_Maximum,0.8,0.18,0.32,custom_pid,19,False,inf,3.604266881942749,650,1258,inf,0.0,inf,inf,598.9500120413576,152,0.23384615384615384,divergence,420592487716.8288,0.9846153846153847,1280,1300,0.9876923076923076,0.9815384615384616
三维高密度场景,3,650,P9_Maximum,0.8,0.18,0.32,custom_pid,20,False,inf,3.561171054840088,650,1238,inf,0.0,inf,inf,602.6495536583697,163,0.25076923076923074,divergence,438981764547.7936,0.9953846153846154,1294,1300,0.9969230769230769,0.9938461538461538
三维高密度场景,3,650,P9_Maximum,0.8,0.18,0.32,custom_pid,21,False,inf,3.6259186267852783,650,1247,inf,0.0,inf,inf,624.1619266295777,123,0.18923076923076923,divergence,425262311146.7723,0.9915384615384616,1289,1300,0.9907692307692307,0.9923076923076923
三维高密度场景,3,650,P9_Maximum,0.8,0.18,0.32,custom_pid,22,False,inf,3.56790828704834,650,1240,inf,0.0,inf,inf,611.5051803072536,134,0.20615384615384616,divergence,449725094565.35394,0.9915384615384616,1289,1300,0.9907692307692307,0.9923076923076923
三维高密度场景,3,650,P9_Maximum,0.8,0.18,0.32,custom_pid,23,False,inf,3.553847074508667,650,1238,inf,0.0,inf,inf,589.7968647442309,145,0.2230769230769231,divergence,427580181026.9451,0.99,1287,1300,0.9923076923076923,0.9876923076923076
三维高密度场景,3,650,P9_Maximum,0.8,0.18,0.32,custom_pid,24,False,inf,3.596644639968872,650,1250,inf,0.0,inf,inf,596.6450539322748,161,0.24769230769230768,divergence,436680262845.86163,0.9930769230769231,1291,1300,0.9907692307692307,0.9953846153846154
三维高密度场景,3,650,P9_Maximum,0.8,0.18,0.32,custom_pid,25,True,3289.9239519094317,1.4409167766571045,290,548,47.024879426385034,89.08182019261902,0.46156907081604004,90.0,498.12013019030553,43,0.1482758620689655,none,426568109939.19696,0.9775086505190311,565,578,0.9792387543252595,0.9757785467128027
三维高密度场景,3,650,P9_Maximum,0.8,0.18,0.32,custom_pid,26,False,inf,3.585960626602173,650,1248,inf,0.0,inf,inf,613.8664629766051,161,0.24769230769230768,divergence,439691656838.43207,0.9892307692307692,1286,1300,0.9876923076923076,0.9907692307692307
三维高密度场景,3,650,P9_Maximum,0.8,0.18,0.32,custom_pid,27,False,inf,3.5766677856445312,650,1249,inf,0.0,inf,inf,599.062471486819,137,0.21076923076923076,divergence,425499640782.9345,0.9923076923076923,1290,1300,0.9892307692307692,0.9953846153846154
三维高密度场景,3,650,P9_Maximum,0.8,0.18,0.32,custom_pid,28,False,inf,3.489381790161133,650,1220,inf,0.0,inf,inf,582.9294591861737,157,0.24153846153846154,divergence,426856497053.1694,0.9915384615384616,1289,1300,0.9907692307692307,0.9923076923076923
三维高密度场景,3,650,P9_Maximum,0.8,0.18,0.32,custom_pid,29,False,inf,3.581399917602539,650,1252,inf,0.0,inf,inf,585.4771994438678,135,0.2076923076923077,divergence,428212116783.8829,0.9907692307692307,1288,1300,0.9892307692307692,0.9923076923076923
三维高密度场景,3,650,P9_Maximum,0.8,0.18,0.32,custom_pid,30,False,inf,3.565563201904297,650,1240,inf,0.0,inf,inf,601.1892345268869,140,0.2153846153846154,divergence,427786606111.888,0.9938461538461538,1292,1300,0.9953846153846154,0.9923076923076923
