scenario,dimension,max_iterations_limit,pid_config,Kp,Ki,Kd,mode,trial_id,success,path_length,planning_time,iterations,tree_nodes,smoothness,clearance,convergence_time,first_solution_iter,avg_tracking_error,oscillation_count,oscillation_rate,failure_mode,final_ellipsoid_volume,effective_sampling_ratio,samples_in_ellipsoid,total_samples_attempted,esr_tree_A,esr_tree_B
二维高密度场景,2,750,P0_Fixed,0.0,0.0,0.0,fixed_ellipsoid,1,True,2411.683373441873,1.0042498111724854,304,406,36.829398202653614,28.003565547924918,0.321610689163208,104.0,671.6648090972822,65,0.2138157894736842,none,71950914.09752491,1.0,606,606,1.0,1.0
二维高密度场景,2,750,P0_Fixed,0.0,0.0,0.0,fixed_ellipsoid,2,False,inf,2.7512080669403076,750,1121,inf,0.0,inf,inf,749.6874135367442,173,0.23066666666666666,divergence,73027306.17920908,1.0,1500,1500,1.0,1.0
二维高密度场景,2,750,P0_Fixed,0.0,0.0,0.0,fixed_ellipsoid,3,False,inf,2.820838212966919,750,1087,inf,0.0,inf,inf,712.0313979965133,166,0.22133333333333333,oscillation,71609449.95979308,1.0,1500,1500,1.0,1.0
二维高密度场景,2,750,P0_Fixed,0.0,0.0,0.0,fixed_ellipsoid,4,True,2425.8239175521367,1.0981621742248535,329,476,43.52161140492384,26.54786238357384,0.4327540397644043,129.0,666.3511045049329,76,0.23100303951367782,none,70794236.13053803,1.0,656,656,1.0,1.0
二维高密度场景,2,750,P0_Fixed,0.0,0.0,0.0,fixed_ellipsoid,5,False,inf,2.5782411098480225,750,1035,inf,0.0,inf,inf,725.2607548623305,154,0.20533333333333334,divergence,71487349.64299794,1.0,1500,1500,1.0,1.0
二维高密度场景,2,750,P0_Fixed,0.0,0.0,0.0,fixed_ellipsoid,6,True,2701.3023367827113,2.6608808040618896,746,1106,38.00290061510947,32.580779844121714,1.8907699584960938,546.0,738.3115846084263,152,0.2037533512064343,none,73287821.50578965,1.0,1490,1490,1.0,1.0
二维高密度场景,2,750,P0_Fixed,0.0,0.0,0.0,fixed_ellipsoid,7,False,inf,2.568199872970581,750,1048,inf,0.0,inf,inf,700.7572095764817,145,0.19333333333333333,oscillation,72008384.82696173,1.0,1500,1500,1.0,1.0
二维高密度场景,2,750,P0_Fixed,0.0,0.0,0.0,fixed_ellipsoid,8,True,2374.746133919988,1.4578306674957275,437,609,36.770326828324315,27.865344266295374,0.7835648059844971,237.0,670.1003549838275,87,0.19908466819221968,none,71573034.54640803,1.0,872,872,1.0,1.0
二维高密度场景,2,750,P0_Fixed,0.0,0.0,0.0,fixed_ellipsoid,9,False,inf,2.596567392349243,750,1127,inf,0.0,inf,inf,761.2875306892643,176,0.23466666666666666,oscillation,71262933.29118602,1.0,1500,1500,1.0,1.0
二维高密度场景,2,750,P0_Fixed,0.0,0.0,0.0,fixed_ellipsoid,10,True,2870.9268676794036,2.063345193862915,499,664,38.02031007957282,32.53470356530228,1.1592319011688232,299.0,682.5247449568454,96,0.19238476953907815,none,70537443.62896824,1.0,996,996,1.0,1.0
二维高密度场景,2,750,P0_Fixed,0.0,0.0,0.0,fixed_ellipsoid,11,True,2433.194773411175,1.6642253398895264,403,585,36.58490559221951,29.073298263624537,0.8639841079711914,203.0,655.9013605188927,83,0.20595533498759305,none,71785009.30697133,1.0,804,804,1.0,1.0
二维高密度场景,2,750,P0_Fixed,0.0,0.0,0.0,fixed_ellipsoid,12,True,2460.335066659767,2.2536189556121826,642,964,39.536892475745475,31.186163395747844,1.5125677585601807,442.0,704.2253667251823,140,0.21806853582554517,none,71587807.8611629,1.0,1282,1282,1.0,1.0
二维高密度场景,2,750,P0_Fixed,0.0,0.0,0.0,fixed_ellipsoid,13,True,2289.2778137351684,0.8988659381866455,274,378,35.47557268353179,31.54090465659714,0.25010251998901367,74.0,614.911160743585,47,0.17153284671532848,none,71534636.70461982,1.0,546,546,1.0,1.0
二维高密度场景,2,750,P0_Fixed,0.0,0.0,0.0,fixed_ellipsoid,14,False,inf,2.682737112045288,750,1097,inf,0.0,inf,inf,792.8534679882373,183,0.244,divergence,74166107.33159599,1.0,1500,1500,1.0,1.0
二维高密度场景,2,750,P0_Fixed,0.0,0.0,0.0,fixed_ellipsoid,15,True,2586.4741233208174,1.8523249626159668,551,799,38.968339979240234,29.592729215596226,1.1258165836334229,351.0,722.860839699556,117,0.21234119782214156,none,72441853.90690595,1.0,1100,1100,1.0,1.0
二维高密度场景,2,750,P0_Fixed,0.0,0.0,0.0,fixed_ellipsoid,16,True,2700.7582620151657,1.7626874446868896,503,759,35.53508864456721,31.57474195487215,1.0549380779266357,303.0,732.3327910793765,115,0.2286282306163022,none,71675499.54946698,1.0,1004,1004,1.0,1.0
二维高密度场景,2,750,P0_Fixed,0.0,0.0,0.0,fixed_ellipsoid,17,True,2488.7620939032918,0.9787569046020508,293,412,41.565478145613056,27.584815677053953,0.32521963119506836,93.0,661.4541471506242,63,0.2150170648464164,none,71437261.35619994,1.0,584,584,1.0,1.0
二维高密度场景,2,750,P0_Fixed,0.0,0.0,0.0,fixed_ellipsoid,18,False,inf,2.5890657901763916,750,1081,inf,0.0,inf,inf,726.0747199183431,153,0.204,oscillation,72095727.42403367,1.0,1500,1500,1.0,1.0
二维高密度场景,2,750,P0_Fixed,0.0,0.0,0.0,fixed_ellipsoid,19,False,inf,2.714940309524536,750,1115,inf,0.0,inf,inf,730.9814640550808,174,0.232,divergence,73180027.91783144,1.0,1500,1500,1.0,1.0
二维高密度场景,2,750,P0_Fixed,0.0,0.0,0.0,fixed_ellipsoid,20,True,2703.2335122535023,1.618950605392456,476,690,37.11835005117097,29.625189978784537,0.9287185668945312,276.0,728.0402119197167,102,0.21428571428571427,none,70558439.72182183,1.0,950,950,1.0,1.0
二维高密度场景,2,750,P0_Fixed,0.0,0.0,0.0,fixed_ellipsoid,21,False,inf,2.6444878578186035,750,1070,inf,0.0,inf,inf,713.6947825087487,167,0.22266666666666668,divergence,71954224.02476679,1.0,1500,1500,1.0,1.0
二维高密度场景,2,750,P0_Fixed,0.0,0.0,0.0,fixed_ellipsoid,22,True,2335.8782186946887,0.9842138290405273,282,431,33.79891400555747,28.126581839734726,0.287553071975708,82.0,647.5993476805602,54,0.19148936170212766,none,71525375.87365703,1.0,562,562,1.0,1.0
二维高密度场景,2,750,P0_Fixed,0.0,0.0,0.0,fixed_ellipsoid,23,True,2577.691189973273,1.4160971641540527,420,590,35.03822781531089,29.433023075568684,0.7493414878845215,220.0,707.5332824744629,79,0.1880952380952381,none,72715486.42885494,1.0,838,838,1.0,1.0
二维高密度场景,2,750,P0_Fixed,0.0,0.0,0.0,fixed_ellipsoid,24,True,3332.727976245317,2.6767704486846924,750,1094,42.90317719966876,28.381043920685606,2.3383095264434814,664.0,766.2064377111991,177,0.236,none,73413235.90747356,1.0,1500,1500,1.0,1.0
二维高密度场景,2,750,P0_Fixed,0.0,0.0,0.0,fixed_ellipsoid,25,True,2623.939581447484,1.476698637008667,419,613,42.989356767699405,34.57301564671702,0.7829842567443848,219.0,692.8397842815698,104,0.24821002386634844,none,72027967.73547302,1.0,836,836,1.0,1.0
二维高密度场景,2,750,P0_Fixed,0.0,0.0,0.0,fixed_ellipsoid,26,False,inf,2.796720027923584,750,1175,inf,0.0,inf,inf,714.0426046337465,159,0.212,oscillation,73733206.60635002,1.0,1500,1500,1.0,1.0
二维高密度场景,2,750,P0_Fixed,0.0,0.0,0.0,fixed_ellipsoid,27,True,2695.8057423053233,1.9306883811950684,580,795,38.00192189814186,30.504641488017782,1.2150819301605225,380.0,692.501923481728,115,0.19827586206896552,none,71939409.78960025,1.0,1158,1158,1.0,1.0
二维高密度场景,2,750,P0_Fixed,0.0,0.0,0.0,fixed_ellipsoid,28,True,2197.750272817561,1.9092402458190918,587,808,33.96593744801067,29.773312082491987,1.2068202495574951,387.0,745.9842054514622,135,0.22998296422487224,none,71725424.25696863,1.0,1172,1172,1.0,1.0
二维高密度场景,2,750,P0_Fixed,0.0,0.0,0.0,fixed_ellipsoid,29,True,2999.0332764330938,2.7365925312042236,750,1124,34.486578932731405,30.642150547350397,2.1415672302246094,601.0,704.2305904710987,174,0.232,none,70740742.18147989,1.0,1500,1500,1.0,1.0
二维高密度场景,2,750,P0_Fixed,0.0,0.0,0.0,fixed_ellipsoid,30,False,inf,2.780294418334961,750,1143,inf,0.0,inf,inf,666.1203015030129,185,0.24666666666666667,divergence,71593863.68269043,1.0,1500,1500,1.0,1.0
二维高密度场景,2,750,P1_VeryLow,0.05,0.01,0.02,custom_pid,1,True,2483.8805463013186,2.005239725112915,571,792,40.13627729439243,33.28231868384094,1.259688138961792,371.0,541.5349835451207,128,0.22416812609457093,none,46017994.727891125,0.9815789473684211,1119,1140,0.9789473684210527,0.9842105263157894
二维高密度场景,2,750,P1_VeryLow,0.05,0.01,0.02,custom_pid,2,True,2517.608238462307,1.6274805068969727,474,645,43.63210682582216,26.791368927010463,0.8939402103424072,274.0,520.3963843912628,106,0.22362869198312235,none,46345252.45237441,0.9841437632135307,931,946,0.9873150105708245,0.9809725158562368
二维高密度场景,2,750,P1_VeryLow,0.05,0.01,0.02,custom_pid,3,True,2994.454670025374,1.9094750881195068,544,752,41.113051052629885,30.462337459198928,1.157477855682373,344.0,496.6877582079542,111,0.20404411764705882,none,45619121.4834149,0.9825046040515654,1067,1086,0.9852670349907919,0.9797421731123389
二维高密度场景,2,750,P1_VeryLow,0.05,0.01,0.02,custom_pid,4,True,2480.6485263800096,1.491037368774414,437,590,41.23106175623172,29.9000394454443,0.7810192108154297,237.0,509.2214463920954,85,0.1945080091533181,none,46059282.29297101,0.9770642201834863,852,872,0.981651376146789,0.9724770642201835
二维高密度场景,2,750,P1_VeryLow,0.05,0.01,0.02,custom_pid,5,True,2794.712919516822,1.3839707374572754,418,546,35.212420119793556,34.16249792467122,0.7023744583129883,218.0,467.9711965526916,76,0.18181818181818182,none,45740028.81407404,0.9772182254196643,815,834,0.9832134292565947,0.9712230215827338
二维高密度场景,2,750,P1_VeryLow,0.05,0.01,0.02,custom_pid,6,True,2661.1458083412094,1.3275165557861328,400,518,43.996943990159366,28.468301972394357,0.6624376773834229,200.0,495.1782669692731,87,0.2175,none,46175064.80786686,0.9887218045112782,789,798,0.9874686716791979,0.9899749373433584
二维高密度场景,2,750,P1_VeryLow,0.05,0.01,0.02,custom_pid,7,True,2217.6150606602296,0.8608303070068359,248,344,30.813454420570988,33.75062952659103,0.18342304229736328,48.0,480.18891728237344,46,0.18548387096774194,none,45702395.48644638,0.9736842105263158,481,494,0.9838056680161943,0.9635627530364372
二维高密度场景,2,750,P1_VeryLow,0.05,0.01,0.02,custom_pid,8,True,2764.9069046351965,1.336535930633545,396,521,41.193086025257124,24.536322227493127,0.661104679107666,196.0,504.2994982151549,70,0.17676767676767677,none,45732583.3470592,0.9746835443037974,770,790,0.9772151898734177,0.9721518987341772
二维高密度场景,2,750,P1_VeryLow,0.05,0.01,0.02,custom_pid,9,True,2589.993862203723,2.6077027320861816,705,1035,41.895314944982296,24.846204023558023,1.784209966659546,505.0,524.694312155299,175,0.24822695035460993,none,45810248.93313557,0.9886363636363636,1392,1408,0.9886363636363636,0.9886363636363636
二维高密度场景,2,750,P1_VeryLow,0.05,0.01,0.02,custom_pid,10,True,2810.754271735946,2.5768232345581055,750,998,42.459839957948645,34.320036027342056,2.396136522293091,702.0,551.5093462488459,140,0.18666666666666668,none,45093884.25088315,0.994,1491,1500,0.9946666666666667,0.9933333333333333
二维高密度场景,2,750,P1_VeryLow,0.05,0.01,0.02,custom_pid,11,True,2536.062609616028,1.7311270236968994,510,698,37.766430235327256,25.639356465133144,1.0442111492156982,310.0,515.9640569125949,118,0.23137254901960785,none,45759730.067258365,0.9793713163064833,997,1018,0.9823182711198428,0.9764243614931237
二维高密度场景,2,750,P1_VeryLow,0.05,0.01,0.02,custom_pid,12,True,2474.7080729301083,1.5897881984710693,470,630,42.672526169606215,26.53167096522448,0.8899929523468018,270.0,502.72410981732077,81,0.1723404255319149,none,45806139.11077302,0.9829424307036247,922,938,0.9786780383795309,0.9872068230277186
二维高密度场景,2,750,P1_VeryLow,0.05,0.01,0.02,custom_pid,13,True,2729.3817732490265,1.4510095119476318,426,607,38.059273154812395,29.40021696911962,0.7562386989593506,226.0,508.8726204496826,85,0.19953051643192488,none,45803900.1699068,0.9752941176470589,829,850,0.9811764705882353,0.9694117647058823
二维高密度场景,2,750,P1_VeryLow,0.05,0.01,0.02,custom_pid,14,False,inf,2.6474013328552246,750,1011,inf,0.0,inf,inf,534.6044193391334,158,0.21066666666666667,divergence,46225821.94921158,0.99,1485,1500,0.9893333333333333,0.9906666666666667
二维高密度场景,2,750,P1_VeryLow,0.05,0.01,0.02,custom_pid,15,True,2888.993966876804,2.726062059402466,750,1065,38.969831347229,28.13992790615974,2.1583480834960938,608.0,533.2201180361494,160,0.21333333333333335,none,46069153.256244466,0.9873333333333333,1481,1500,0.984,0.9906666666666667
二维高密度场景,2,750,P1_VeryLow,0.05,0.01,0.02,custom_pid,16,True,2746.8824501452077,2.0288634300231934,585,813,45.572583469631454,26.611004256377736,1.2889583110809326,385.0,518.2077855062621,107,0.1829059829059829,none,45633035.763496,0.9863013698630136,1152,1168,0.988013698630137,0.9845890410958904
二维高密度场景,2,750,P1_VeryLow,0.05,0.01,0.02,custom_pid,17,True,2533.588694359007,2.439699172973633,681,969,46.213759733112326,34.84322791366421,1.6768784523010254,481.0,520.0586299588446,165,0.2422907488986784,none,46025825.95164612,0.9882352941176471,1344,1360,0.986764705882353,0.9897058823529412
二维高密度场景,2,750,P1_VeryLow,0.05,0.01,0.02,custom_pid,18,True,2522.7930632875305,1.9362976551055908,607,736,44.36830956165543,30.746447504447556,1.206911325454712,407.0,510.3698630349245,117,0.1927512355848435,none,46791619.890917294,0.9851485148514851,1194,1212,0.9867986798679867,0.9834983498349835
二维高密度场景,2,750,P1_VeryLow,0.05,0.01,0.02,custom_pid,19,True,2565.309209833393,0.9132194519042969,261,334,42.04529259820632,30.529691667122535,0.2185678482055664,61.0,445.3099658763245,40,0.1532567049808429,none,45648791.5205735,0.9653846153846154,502,520,0.9461538461538461,0.9846153846153847
二维高密度场景,2,750,P1_VeryLow,0.05,0.01,0.02,custom_pid,20,False,inf,2.802637815475464,750,1098,inf,0.0,inf,inf,541.6036383103346,153,0.204,divergence,45602926.239105,0.99,1485,1500,0.9906666666666667,0.9893333333333333
二维高密度场景,2,750,P1_VeryLow,0.05,0.01,0.02,custom_pid,21,False,inf,2.7028024196624756,750,1081,inf,0.0,inf,inf,523.4739970623122,143,0.19066666666666668,divergence,46024008.19008054,0.992,1488,1500,0.988,0.996
二维高密度场景,2,750,P1_VeryLow,0.05,0.01,0.02,custom_pid,22,True,2898.13338854402,2.6319921016693115,750,1043,44.296401958925586,27.448644853453295,2.296860456466675,667.0,545.2420071851791,164,0.21866666666666668,none,45789095.78520215,0.9893333333333333,1484,1500,0.9866666666666667,0.992
二维高密度场景,2,750,P1_VeryLow,0.05,0.01,0.02,custom_pid,23,True,2696.2350257276607,1.3951468467712402,406,561,37.71057300841714,33.69126730741889,0.7122993469238281,206.0,489.33708559018993,73,0.17980295566502463,none,45809095.0219668,0.9765432098765432,791,810,0.9827160493827161,0.9703703703703703
二维高密度场景,2,750,P1_VeryLow,0.05,0.01,0.02,custom_pid,24,True,2572.069957608139,2.309169054031372,644,901,36.59103637560824,30.668171051604116,1.517047643661499,444.0,510.7277465536007,135,0.2096273291925466,none,46483381.784850046,0.9883359253499222,1271,1286,0.9844479004665629,0.9922239502332815
二维高密度场景,2,750,P1_VeryLow,0.05,0.01,0.02,custom_pid,25,True,2444.234190583381,1.6512906551361084,461,677,38.8577240381694,31.005343807469448,0.9120368957519531,261.0,513.3965267492058,101,0.21908893709327548,none,46102535.86631515,0.9869565217391304,908,920,0.9891304347826086,0.9847826086956522
二维高密度场景,2,750,P1_VeryLow,0.05,0.01,0.02,custom_pid,26,True,2386.1441019342897,0.967695951461792,284,378,36.75205487893299,28.620609282429218,0.24914145469665527,84.0,443.8312245686378,56,0.19718309859154928,none,45849884.93429857,0.9717314487632509,550,566,0.9752650176678446,0.9681978798586572
二维高密度场景,2,750,P1_VeryLow,0.05,0.01,0.02,custom_pid,27,True,2393.2616492732686,1.3806507587432861,420,535,42.24084607647798,32.243165123055235,0.6895842552185059,220.0,511.07708824600525,74,0.1761904761904762,none,45896422.31681317,0.9797136038186157,821,838,0.9809069212410502,0.9785202863961814
二维高密度场景,2,750,P1_VeryLow,0.05,0.01,0.02,custom_pid,28,True,2678.1853270674983,1.7657549381256104,540,694,39.23369508607794,26.89765709640625,1.0911850929260254,340.0,494.56233924520916,71,0.13148148148148148,none,45320151.39604092,0.9879406307977736,1065,1078,0.9888682745825603,0.987012987012987
二维高密度场景,2,750,P1_VeryLow,0.05,0.01,0.02,custom_pid,29,True,2582.5438032001653,2.641537666320801,722,1046,40.351149565725585,25.514205000716853,1.850158452987671,522.0,526.7766577782362,172,0.23822714681440443,none,45784390.332828484,0.9875173370319001,1424,1442,0.986130374479889,0.9889042995839112
二维高密度场景,2,750,P1_VeryLow,0.05,0.01,0.02,custom_pid,30,True,2320.0775955665194,0.8817620277404785,252,356,34.81106195720094,29.086916118408972,0.20328450202941895,52.0,442.0861431294026,52,0.20634920634920634,none,45829353.4067402,0.9621513944223108,483,502,0.9760956175298805,0.9482071713147411
二维高密度场景,2,750,P2_Low,0.2,0.03,0.08,custom_pid,1,True,2312.034079876735,0.8773829936981201,259,367,39.57604815155505,29.70786606591516,0.22257709503173828,59.0,463.9597934474533,50,0.19305019305019305,none,45801422.24084633,0.9767441860465116,504,516,0.9728682170542635,0.9806201550387597
二维高密度场景,2,750,P2_Low,0.2,0.03,0.08,custom_pid,2,True,2656.1880722608284,1.80574631690979,538,729,37.996924600533724,28.991924999178504,1.0955345630645752,338.0,514.2594688973304,114,0.21189591078066913,none,45041799.42785314,0.9823091247672253,1055,1074,0.9851024208566108,0.9795158286778398
二维高密度场景,2,750,P2_Low,0.2,0.03,0.08,custom_pid,3,True,2359.9291149343776,2.078181028366089,624,812,42.258706374276024,32.53574105452227,1.3401050567626953,424.0,500.7507668522673,124,0.1987179487179487,none,45499840.88412341,0.9879614767255217,1231,1246,0.9871589085072231,0.9887640449438202
二维高密度场景,2,750,P2_Low,0.2,0.03,0.08,custom_pid,4,True,2365.8922828622854,1.2424218654632568,354,511,35.03748050698793,34.84183883994383,0.5605459213256836,154.0,476.72884524877713,77,0.2175141242937853,none,45582293.503802024,0.9730878186968839,687,706,0.9745042492917847,0.9716713881019831
二维高密度场景,2,750,P2_Low,0.2,0.03,0.08,custom_pid,5,True,2752.6208059091146,1.4643759727478027,451,572,39.98027769181277,28.512147505945045,0.7791869640350342,251.0,495.3215137467267,90,0.19955654101995565,none,45695097.60982346,0.9844444444444445,886,900,0.98,0.9888888888888889
二维高密度场景,2,750,P2_Low,0.2,0.03,0.08,custom_pid,6,True,2554.0831559824187,2.7402591705322266,750,1093,40.21064837146731,29.484332607843815,2.5929126739501953,717.0,520.5616141951748,167,0.22266666666666668,none,45809571.56418874,0.9893333333333333,1484,1500,0.992,0.9866666666666667
二维高密度场景,2,750,P2_Low,0.2,0.03,0.08,custom_pid,7,True,2603.4884903413263,1.9943864345550537,578,788,41.83420471980149,29.258434785833536,1.2562034130096436,378.0,533.223450557258,118,0.2041522491349481,none,45739545.608602814,0.9844020797227037,1136,1154,0.9844020797227037,0.9844020797227037
二维高密度场景,2,750,P2_Low,0.2,0.03,0.08,custom_pid,8,True,2291.0015800838755,0.9621877670288086,292,385,32.7012443344731,28.46919388892117,0.30460143089294434,92.0,499.0125352088079,46,0.15753424657534246,none,45819657.73231741,0.9759450171821306,568,582,0.993127147766323,0.9587628865979382
二维高密度场景,2,750,P2_Low,0.2,0.03,0.08,custom_pid,9,True,2681.711514827966,1.763533115386963,543,687,37.427596018447346,30.835983964952142,1.072439432144165,343.0,508.99130621010437,102,0.1878453038674033,none,45592968.37278875,0.985239852398524,1068,1084,0.9870848708487084,0.9833948339483395
二维高密度场景,2,750,P2_Low,0.2,0.03,0.08,custom_pid,10,False,inf,2.6689038276672363,750,1061,inf,0.0,inf,inf,548.8964806640653,170,0.22666666666666666,divergence,45620270.36921558,0.984,1476,1500,0.9813333333333333,0.9866666666666667
二维高密度场景,2,750,P2_Low,0.2,0.03,0.08,custom_pid,11,False,inf,2.789271116256714,750,1126,inf,0.0,inf,inf,541.3804278057937,177,0.236,divergence,45672464.45500687,0.9893333333333333,1484,1500,0.9893333333333333,0.9893333333333333
二维高密度场景,2,750,P2_Low,0.2,0.03,0.08,custom_pid,12,True,2614.17864616897,2.695216417312622,750,1061,35.92176215442143,31.738505235568944,2.2230019569396973,634.0,538.5158928676957,177,0.236,none,46195520.02326379,0.9873333333333333,1481,1500,0.9893333333333333,0.9853333333333333
二维高密度场景,2,750,P2_Low,0.2,0.03,0.08,custom_pid,13,True,2608.9576196381954,1.0629103183746338,308,425,41.87185907842659,28.742651925867992,0.36950206756591797,108.0,451.4108307506366,67,0.21753246753246752,none,45923718.1930975,0.9657980456026058,593,614,0.9609120521172638,0.9706840390879479
二维高密度场景,2,750,P2_Low,0.2,0.03,0.08,custom_pid,14,True,2979.3860472537717,1.304394245147705,391,512,33.970664328787024,27.65981159819803,0.6035935878753662,191.0,489.97348988883033,69,0.17647058823529413,none,45863890.753152825,0.9807692307692307,765,780,0.9794871794871794,0.982051282051282
二维高密度场景,2,750,P2_Low,0.2,0.03,0.08,custom_pid,15,True,2350.5964690469355,0.853771448135376,260,335,32.562703061403695,30.11040955851502,0.2000901699066162,60.0,460.1399406122999,45,0.17307692307692307,none,45803801.53077188,0.9671814671814671,501,518,0.9691119691119691,0.9652509652509652
二维高密度场景,2,750,P2_Low,0.2,0.03,0.08,custom_pid,16,True,2280.1040109127284,0.8683669567108154,243,363,34.380621949509624,32.87281867522412,0.163041353225708,43.0,471.3768319203254,40,0.1646090534979424,none,45792080.15401568,0.9628099173553719,466,484,0.9628099173553719,0.9628099173553719
二维高密度场景,2,750,P2_Low,0.2,0.03,0.08,custom_pid,17,True,2551.2958215278136,2.578143358230591,709,1026,33.37185984918926,31.510186146622615,1.7936944961547852,509.0,542.0415067124262,153,0.2157968970380818,none,45563562.23156028,0.9823446327683616,1391,1416,0.980225988700565,0.9844632768361582
二维高密度场景,2,750,P2_Low,0.2,0.03,0.08,custom_pid,18,True,2794.2897022526263,1.536670207977295,464,605,36.277415236246064,29.308915119233586,0.8537120819091797,264.0,522.3057456262237,93,0.20043103448275862,none,46424804.63114027,0.9762419006479481,904,926,0.980561555075594,0.9719222462203023
二维高密度场景,2,750,P2_Low,0.2,0.03,0.08,custom_pid,19,False,inf,2.697274684906006,750,1052,inf,0.0,inf,inf,523.1853577915093,157,0.20933333333333334,divergence,45398784.179826975,0.9886666666666667,1483,1500,0.9853333333333333,0.992
二维高密度场景,2,750,P2_Low,0.2,0.03,0.08,custom_pid,20,True,2591.19228626887,0.9562363624572754,292,377,47.2753999557798,33.01464756199999,0.31031179428100586,92.0,491.7656357990773,62,0.21232876712328766,none,45726719.42252384,0.9742268041237113,567,582,0.979381443298969,0.9690721649484536
二维高密度场景,2,750,P2_Low,0.2,0.03,0.08,custom_pid,21,True,2489.070136761491,1.5987334251403809,569,577,35.425439046708966,33.77139798536107,0.8810341358184814,369.0,589.8540880759708,127,0.22319859402460457,none,44807091.92616593,0.9788732394366197,1112,1136,0.971830985915493,0.9859154929577465
二维高密度场景,2,750,P2_Low,0.2,0.03,0.08,custom_pid,22,True,2485.369645420896,1.7963945865631104,507,726,38.38290136578032,26.84939017141935,1.0815587043762207,307.0,524.4326675312637,109,0.21499013806706113,none,45376843.64710497,0.9782608695652174,990,1012,0.9822134387351779,0.974308300395257
二维高密度场景,2,750,P2_Low,0.2,0.03,0.08,custom_pid,23,True,2656.2899456528053,2.0233070850372314,584,795,40.25419080210632,33.00937168799544,1.2745022773742676,384.0,529.8468375233265,114,0.1952054794520548,none,45988620.91653052,0.9862778730703259,1150,1166,0.9879931389365352,0.9845626072041166
二维高密度场景,2,750,P2_Low,0.2,0.03,0.08,custom_pid,24,True,2567.2510371537282,1.5092899799346924,425,605,42.426940990044734,31.361125499093472,0.781095027923584,225.0,536.3612361577533,93,0.2188235294117647,none,46095411.00700767,0.972877358490566,825,848,0.9693396226415094,0.9764150943396226
二维高密度场景,2,750,P2_Low,0.2,0.03,0.08,custom_pid,25,True,2871.978397824704,2.3726463317871094,688,935,41.05087081548517,29.701766513226318,1.6324665546417236,488.0,520.4499044727613,145,0.21075581395348839,none,45887170.982688695,0.987627365356623,1357,1374,0.992721979621543,0.982532751091703
二维高密度场景,2,750,P2_Low,0.2,0.03,0.08,custom_pid,26,True,2345.1513695420836,1.0984833240509033,395,411,39.266972514862175,29.727703641622863,0.4291234016418457,195.0,538.6360056571739,59,0.14936708860759493,none,45394735.09168821,0.9746192893401016,768,788,0.9746192893401016,0.9746192893401016
二维高密度场景,2,750,P2_Low,0.2,0.03,0.08,custom_pid,27,True,2602.992893530187,1.223142147064209,374,481,44.068403966976796,26.752367276281028,0.5689690113067627,174.0,497.30653068282993,64,0.1711229946524064,none,46291471.940877594,0.9758713136729222,728,746,0.9731903485254692,0.9785522788203753
二维高密度场景,2,750,P2_Low,0.2,0.03,0.08,custom_pid,28,False,inf,2.7585031986236572,750,1089,inf,0.0,inf,inf,555.7475215912918,166,0.22133333333333333,divergence,47194276.65196918,0.9913333333333333,1487,1500,0.9893333333333333,0.9933333333333333
二维高密度场景,2,750,P2_Low,0.2,0.03,0.08,custom_pid,29,True,2918.7544135448225,2.6271579265594482,740,1034,40.6901855485312,31.571435568904445,1.8675627708435059,540.0,532.4550792443123,154,0.20810810810810812,none,46228376.53606397,0.9857916102841678,1457,1478,0.9891745602165088,0.9824086603518268
二维高密度场景,2,750,P2_Low,0.2,0.03,0.08,custom_pid,30,True,2567.676935175963,2.3035194873809814,656,913,41.67609069230988,28.801149565381067,1.5565094947814941,456.0,540.0007939655418,134,0.20426829268292682,none,46774825.281725876,0.9847328244274809,1290,1310,0.9893129770992366,0.9801526717557252
二维高密度场景,2,750,P3_High_0.40,0.4,0.07,0.16,custom_pid,1,True,2495.823309401478,1.2639975547790527,372,501,39.574327455770295,31.758909388820506,0.593569278717041,172.0,521.9795698952308,78,0.20967741935483872,none,44998479.03165937,0.9838274932614556,730,742,0.9811320754716981,0.9865229110512129
二维高密度场景,2,750,P3_High_0.40,0.4,0.07,0.16,custom_pid,2,False,inf,2.754410982131958,750,1078,inf,0.0,inf,inf,534.257775173809,154,0.20533333333333334,divergence,45584751.49764364,0.9873333333333333,1481,1500,0.984,0.9906666666666667
二维高密度场景,2,750,P3_High_0.40,0.4,0.07,0.16,custom_pid,3,True,2313.153018642902,0.9070696830749512,267,371,38.74571236760354,28.614891581226978,0.23013687133789062,67.0,480.65180633724157,65,0.24344569288389514,none,44857908.38359801,0.9699248120300752,516,532,0.9699248120300752,0.9699248120300752
二维高密度场景,2,750,P3_High_0.40,0.4,0.07,0.16,custom_pid,4,True,2547.750086163575,1.7544987201690674,514,700,38.08223647145873,23.760974419484654,1.0411221981048584,314.0,513.27022837076,98,0.19066147859922178,none,46349492.847892486,0.9756335282651072,1001,1026,0.9707602339181286,0.9805068226120858
二维高密度场景,2,750,P3_High_0.40,0.4,0.07,0.16,custom_pid,5,True,2666.2636088148633,2.443325996398926,684,941,46.72831338253384,33.98962194887265,1.6814169883728027,484.0,580.4103377440738,137,0.20029239766081872,none,46464420.73686678,0.9831625183016105,1343,1366,0.9780380673499268,0.9882869692532943
二维高密度场景,2,750,P3_High_0.40,0.4,0.07,0.16,custom_pid,6,True,2421.1741361532722,0.9295241832733154,263,369,37.07948063565118,24.78495403487251,0.22399139404296875,63.0,505.7805293748883,47,0.17870722433460076,none,45900091.94034083,0.9599236641221374,503,524,0.9541984732824428,0.9656488549618321
二维高密度场景,2,750,P3_High_0.40,0.4,0.07,0.16,custom_pid,7,True,2655.9758972795494,1.247654676437378,359,500,46.078650117880066,28.834744097288223,0.5690853595733643,159.0,482.06534791640075,82,0.22841225626740946,none,45609611.7203486,0.9748603351955307,698,716,0.9776536312849162,0.9720670391061452
二维高密度场景,2,750,P3_High_0.40,0.4,0.07,0.16,custom_pid,8,True,3149.1574992623855,2.7506744861602783,750,1080,37.282028422635904,31.648233286345132,2.580878973007202,709.0,517.4098459898298,188,0.25066666666666665,none,46086201.09447119,0.9886666666666667,1483,1500,0.9866666666666667,0.9906666666666667
二维高密度场景,2,750,P3_High_0.40,0.4,0.07,0.16,custom_pid,9,True,2306.913013626004,1.962432861328125,536,781,33.60942335822739,27.777847701102967,1.1799345016479492,336.0,519.6825744169356,114,0.2126865671641791,none,45623886.3951276,0.9803738317757009,1049,1070,0.983177570093458,0.9775700934579439
二维高密度场景,2,750,P3_High_0.40,0.4,0.07,0.16,custom_pid,10,True,2761.627304873391,1.7165842056274414,488,708,42.54847816247961,31.831519435351737,1.0092582702636719,288.0,528.8934946208618,106,0.21721311475409835,none,45591326.57382422,0.9815195071868583,956,974,0.9815195071868583,0.9815195071868583
二维高密度场景,2,750,P3_High_0.40,0.4,0.07,0.16,custom_pid,11,True,2364.259819525436,1.6989452838897705,481,666,41.77967211591695,31.609667863693794,0.9896581172943115,281.0,512.740034404638,100,0.2079002079002079,none,45850594.64047137,0.98125,942,960,0.9770833333333333,0.9854166666666667
二维高密度场景,2,750,P3_High_0.40,0.4,0.07,0.16,custom_pid,12,True,2460.581759738624,0.8551478385925293,264,319,40.10304891635384,29.167069878449976,0.1879284381866455,64.0,445.6392805638525,38,0.14393939393939395,none,45781298.443810746,0.9809885931558935,516,526,0.9771863117870723,0.9847908745247148
二维高密度场景,2,750,P3_High_0.40,0.4,0.07,0.16,custom_pid,13,True,2310.2093374437122,2.5870347023010254,750,1006,42.099691359276456,30.91326199617177,1.9388601779937744,587.0,531.712435225396,151,0.20133333333333334,none,45558191.92094206,0.9846666666666667,1477,1500,0.9813333333333333,0.988
二维高密度场景,2,750,P3_High_0.40,0.4,0.07,0.16,custom_pid,14,False,inf,2.629594087600708,750,1019,inf,0.0,inf,inf,551.3212924430305,176,0.23466666666666666,divergence,46471556.16150484,0.9873333333333333,1481,1500,0.9893333333333333,0.9853333333333333
二维高密度场景,2,750,P3_High_0.40,0.4,0.07,0.16,custom_pid,15,True,2770.198509326845,1.39784574508667,423,547,38.74034315635969,26.57388433072516,0.7288308143615723,223.0,479.23269258204573,70,0.16548463356973994,none,45163474.04812103,0.9845971563981043,831,844,0.981042654028436,0.9881516587677726
二维高密度场景,2,750,P3_High_0.40,0.4,0.07,0.16,custom_pid,16,True,2428.107900828332,2.0912744998931885,587,860,38.719121609466995,30.64815428560844,1.3435335159301758,387.0,521.7447184720053,132,0.22487223168654175,none,45926206.06777945,0.9837883959044369,1153,1172,0.984641638225256,0.9829351535836177
二维高密度场景,2,750,P3_High_0.40,0.4,0.07,0.16,custom_pid,17,False,inf,2.7368669509887695,750,1076,inf,0.0,inf,inf,546.5022625931097,181,0.24133333333333334,divergence,46149641.1658921,0.9893333333333333,1484,1500,0.9893333333333333,0.9893333333333333
二维高密度场景,2,750,P3_High_0.40,0.4,0.07,0.16,custom_pid,18,True,2549.516364295238,1.009687900543213,279,390,35.30907975998238,31.42778396771033,0.2938399314880371,79.0,480.62803647628834,48,0.17204301075268819,none,45900580.69440966,0.9748201438848921,542,556,0.9712230215827338,0.9784172661870504
二维高密度场景,2,750,P3_High_0.40,0.4,0.07,0.16,custom_pid,19,True,2536.2321499383856,1.0063364505767822,299,407,45.09937747906775,28.850066718821385,0.3293313980102539,99.0,506.0673161816336,56,0.18729096989966554,none,44854144.63566313,0.9848993288590604,587,596,0.9932885906040269,0.9765100671140939
二维高密度场景,2,750,P3_High_0.40,0.4,0.07,0.16,custom_pid,20,True,2632.4280725037443,1.544360876083374,441,625,39.46561939160081,30.170000093261066,0.8034272193908691,241.0,510.40746259855234,91,0.20634920634920634,none,46060847.601236075,0.9738636363636364,857,880,0.975,0.9727272727272728
二维高密度场景,2,750,P3_High_0.40,0.4,0.07,0.16,custom_pid,21,True,3497.6732268766063,2.186086654663086,626,877,40.323425187789454,30.193591274213322,1.4325652122497559,426.0,550.2649606594814,156,0.24920127795527156,none,46810794.857299544,0.9856,1232,1250,0.9888,0.9824
二维高密度场景,2,750,P3_High_0.40,0.4,0.07,0.16,custom_pid,22,True,2914.917747955498,2.1595518589019775,626,828,35.013561833448385,27.562837707686278,1.4135127067565918,426.0,515.0190204166747,127,0.20287539936102236,none,46502903.13479027,0.9904,1238,1250,0.9904,0.9904
二维高密度场景,2,750,P3_High_0.40,0.4,0.07,0.16,custom_pid,23,True,3285.5846366824844,2.1355607509613037,627,817,40.59445031343922,26.563876724297796,1.4025442600250244,427.0,522.4074853048817,128,0.20414673046251994,none,46279844.1615139,0.9856230031948882,1234,1252,0.9840255591054313,0.987220447284345
二维高密度场景,2,750,P3_High_0.40,0.4,0.07,0.16,custom_pid,24,True,2595.352964663596,2.5816280841827393,715,1022,41.99276846847708,26.52996158083328,1.783240795135498,515.0,531.0153810874011,163,0.22797202797202798,none,45845064.91463412,0.9866946778711485,1409,1428,0.988795518207283,0.9845938375350141
二维高密度场景,2,750,P3_High_0.40,0.4,0.07,0.16,custom_pid,25,True,2464.8423104539165,2.177218198776245,655,839,38.17829140862634,32.481501875099006,1.4331583976745605,455.0,520.7517354140156,120,0.183206106870229,none,46739833.43758343,0.9900611620795107,1295,1308,0.9892966360856269,0.9908256880733946
二维高密度场景,2,750,P3_High_0.40,0.4,0.07,0.16,custom_pid,26,True,2618.181324259882,2.1206579208374023,588,823,43.826671612819396,31.05196857459271,1.356116533279419,388.0,508.0061658113845,128,0.21768707482993196,none,46460315.09352099,0.9863713798977853,1158,1174,0.989778534923339,0.9829642248722317
二维高密度场景,2,750,P3_High_0.40,0.4,0.07,0.16,custom_pid,27,True,2249.076359284866,0.828803539276123,240,321,42.44469313804622,29.42150462816792,0.15733909606933594,40.0,467.203191188188,39,0.1625,none,45658683.84402152,0.9623430962343096,460,478,0.9539748953974896,0.9707112970711297
二维高密度场景,2,750,P3_High_0.40,0.4,0.07,0.16,custom_pid,28,True,2346.319687768028,0.8800532817840576,243,352,36.32925580101362,28.00666463865669,0.16261863708496094,43.0,470.9359606003499,39,0.16049382716049382,none,45483806.13659929,0.9628099173553719,466,484,0.9462809917355371,0.9793388429752066
二维高密度场景,2,750,P3_High_0.40,0.4,0.07,0.16,custom_pid,29,True,2928.98519899891,1.7499825954437256,520,696,39.80952273697791,26.269917528255423,1.0450036525726318,320.0,495.7445550725726,106,0.20384615384615384,none,46104220.422791965,0.9903660886319846,1028,1038,0.9903660886319846,0.9903660886319846
二维高密度场景,2,750,P3_High_0.40,0.4,0.07,0.16,custom_pid,30,True,2302.692827537945,2.212402582168579,625,889,35.97570261210374,33.24468238438271,1.4762952327728271,425.0,528.3653317774567,140,0.224,none,45983767.50810158,0.9903846153846154,1236,1248,0.9951923076923077,0.9855769230769231
二维高密度场景,2,750,P4_High_0.50,0.5,0.1,0.2,custom_pid,1,True,2371.177407445491,1.1465747356414795,343,445,38.79563803127662,27.409278898795616,0.4642477035522461,143.0,532.2831608379583,57,0.1661807580174927,none,45889705.46065287,0.9751461988304093,667,684,0.9736842105263158,0.9766081871345029
二维高密度场景,2,750,P4_High_0.50,0.5,0.1,0.2,custom_pid,2,True,2598.386866004047,1.6554973125457764,493,667,39.836125210951295,27.872567925185876,0.9541316032409668,293.0,515.995110053773,95,0.1926977687626775,none,45636859.7930101,0.9786585365853658,963,984,0.9776422764227642,0.9796747967479674
二维高密度场景,2,750,P4_High_0.50,0.5,0.1,0.2,custom_pid,3,True,2730.982983114429,2.706653356552124,750,1069,40.56980568600222,28.571249776073294,2.705653190612793,750.0,519.8820722697175,163,0.21733333333333332,none,46004757.4087378,0.99,1485,1500,0.9893333333333333,0.9906666666666667
二维高密度场景,2,750,P4_High_0.50,0.5,0.1,0.2,custom_pid,4,False,inf,2.731255292892456,750,1064,inf,0.0,inf,inf,544.2011100910349,165,0.22,divergence,44961438.79571424,0.9906666666666667,1486,1500,0.992,0.9893333333333333
二维高密度场景,2,750,P4_High_0.50,0.5,0.1,0.2,custom_pid,5,True,2650.450746576806,2.411304235458374,698,949,40.588954926859714,25.62017786602452,1.6545135974884033,498.0,535.9053315834634,159,0.22779369627507162,none,46348232.66952513,0.990674318507891,1381,1394,0.9899569583931134,0.9913916786226685
二维高密度场景,2,750,P4_High_0.50,0.5,0.1,0.2,custom_pid,6,False,inf,2.783677577972412,750,1115,inf,0.0,inf,inf,527.1189095018536,178,0.23733333333333334,divergence,45562305.141239055,0.9893333333333333,1484,1500,0.9906666666666667,0.988
二维高密度场景,2,750,P4_High_0.50,0.5,0.1,0.2,custom_pid,7,True,2793.5418849525286,1.9373910427093506,547,765,43.458060132818154,28.86426105124465,1.1884183883666992,347.0,532.3245109860362,119,0.21755027422303475,none,45649950.460843705,0.9862637362637363,1077,1092,0.9816849816849816,0.9908424908424909
二维高密度场景,2,750,P4_High_0.50,0.5,0.1,0.2,custom_pid,8,True,2399.682420961395,2.837214231491089,750,1139,36.70043693749333,30.3075799137879,2.7673840522766113,736.0,546.8809984840575,173,0.23066666666666666,none,46296276.73034256,0.9866666666666667,1480,1500,0.9853333333333333,0.988
二维高密度场景,2,750,P4_High_0.50,0.5,0.1,0.2,custom_pid,9,True,2159.0361364019323,0.8197150230407715,249,329,28.374177768684262,29.774679954159794,0.17923378944396973,49.0,476.3636230067448,40,0.1606425702811245,none,45466178.730561525,0.9616935483870968,477,496,0.9516129032258065,0.9717741935483871
二维高密度场景,2,750,P4_High_0.50,0.5,0.1,0.2,custom_pid,10,True,2497.829811631357,2.2879905700683594,640,937,44.16777800483224,30.556185251124013,1.5409104824066162,440.0,529.4417051448336,136,0.2125,none,45924053.97051655,0.9820031298904538,1255,1278,0.9906103286384976,0.97339593114241
二维高密度场景,2,750,P4_High_0.50,0.5,0.1,0.2,custom_pid,11,True,2409.5482127188907,1.1118052005767822,378,449,44.23564911420667,29.27131190546875,0.4675145149230957,178.0,496.408451098064,70,0.18518518518518517,none,45821405.62701063,0.9774535809018567,737,754,0.9787798408488063,0.9761273209549072
二维高密度场景,2,750,P4_High_0.50,0.5,0.1,0.2,custom_pid,12,True,2406.4335647067064,1.5236566066741943,444,612,36.94871871593165,29.277263315927986,0.8216590881347656,244.0,503.2321676552481,80,0.18018018018018017,none,46382633.64042222,0.9909706546275395,878,886,0.9909706546275395,0.9909706546275395
二维高密度场景,2,750,P4_High_0.50,0.5,0.1,0.2,custom_pid,13,False,inf,2.7824132442474365,750,1089,inf,0.0,inf,inf,533.3061467921214,173,0.23066666666666666,divergence,45983455.127496585,0.988,1482,1500,0.9906666666666667,0.9853333333333333
二维高密度场景,2,750,P4_High_0.50,0.5,0.1,0.2,custom_pid,14,True,2623.1856805077105,1.0050129890441895,300,393,42.29774797072493,35.72968093895049,0.34320878982543945,100.0,507.72009373801563,60,0.2,none,45453489.46135134,0.9765886287625418,584,598,0.979933110367893,0.9732441471571907
二维高密度场景,2,750,P4_High_0.50,0.5,0.1,0.2,custom_pid,15,True,2389.214229649829,1.0077624320983887,297,407,44.15246064676455,30.635579999274366,0.33921194076538086,97.0,502.7947370164468,50,0.16835016835016836,none,45805762.795694485,0.9662162162162162,572,592,0.9695945945945946,0.9628378378378378
二维高密度场景,2,750,P4_High_0.50,0.5,0.1,0.2,custom_pid,16,True,2285.270243786655,0.8998768329620361,257,360,34.03154286831104,24.842322967802538,0.2152087688446045,57.0,448.4857620374569,49,0.19066147859922178,none,46300433.56326803,0.9765625,500,512,0.97265625,0.98046875
二维高密度场景,2,750,P4_High_0.50,0.5,0.1,0.2,custom_pid,17,False,inf,2.4535388946533203,750,922,inf,0.0,inf,inf,549.2247131071986,157,0.20933333333333334,oscillation,45749116.85454061,0.988,1482,1500,0.988,0.988
二维高密度场景,2,750,P4_High_0.50,0.5,0.1,0.2,custom_pid,18,True,2494.1171860235054,2.7189767360687256,750,1032,34.74913803951819,28.01620385977997,2.032862424850464,577.0,534.4823192899257,147,0.196,none,45794261.826055974,0.9906666666666667,1486,1500,0.9933333333333333,0.988
二维高密度场景,2,750,P4_High_0.50,0.5,0.1,0.2,custom_pid,19,True,2628.6717357700436,1.1574153900146484,332,458,37.03053265851787,28.752576326245666,0.44204258918762207,132.0,491.8498765134273,64,0.1927710843373494,none,45847584.03966106,0.9622356495468278,637,662,0.9637462235649547,0.9607250755287009
二维高密度场景,2,750,P4_High_0.50,0.5,0.1,0.2,custom_pid,20,False,inf,2.7243764400482178,750,1055,inf,0.0,inf,inf,541.4489708099735,159,0.212,divergence,45932211.77453568,0.9886666666666667,1483,1500,0.9906666666666667,0.9866666666666667
二维高密度场景,2,750,P4_High_0.50,0.5,0.1,0.2,custom_pid,21,False,inf,2.782227039337158,750,1097,inf,0.0,inf,inf,546.2835569333481,145,0.19333333333333333,divergence,45730144.42249711,0.992,1488,1500,0.9946666666666667,0.9893333333333333
二维高密度场景,2,750,P4_High_0.50,0.5,0.1,0.2,custom_pid,22,True,2926.688719526053,2.0275354385375977,587,797,39.88552723622997,26.621941890689975,1.2915284633636475,387.0,521.4706352533887,142,0.24190800681431004,none,45949318.90897704,0.9872013651877133,1157,1172,0.9880546075085325,0.9863481228668942
二维高密度场景,2,750,P4_High_0.50,0.5,0.1,0.2,custom_pid,23,False,inf,2.7173702716827393,750,1062,inf,0.0,inf,inf,538.6568172034384,164,0.21866666666666668,divergence,46076714.2405383,0.986,1479,1500,0.984,0.988
二维高密度场景,2,750,P4_High_0.50,0.5,0.1,0.2,custom_pid,24,True,2656.015295825654,1.9055771827697754,581,717,49.24905149350842,26.66169038875203,1.1919677257537842,381.0,529.1946318982633,113,0.1944922547332186,none,45279833.84065786,0.9870689655172413,1145,1160,0.9879310344827587,0.9862068965517241
二维高密度场景,2,750,P4_High_0.50,0.5,0.1,0.2,custom_pid,25,True,2344.0364529185745,1.2188544273376465,357,514,35.63926992701062,26.38462801376824,0.5190427303314209,157.0,507.0460954244893,78,0.2184873949579832,none,46042387.73886342,0.9789325842696629,697,712,0.9803370786516854,0.9775280898876404
二维高密度场景,2,750,P4_High_0.50,0.5,0.1,0.2,custom_pid,26,True,2444.1407867424314,1.780749797821045,506,705,46.21106410337668,31.913976878424407,1.0641191005706787,306.0,509.1396461298923,109,0.21541501976284586,none,46102609.77674709,0.9871287128712871,997,1010,0.9821782178217822,0.9920792079207921
二维高密度场景,2,750,P4_High_0.50,0.5,0.1,0.2,custom_pid,27,True,2384.639893004094,0.9805517196655273,285,394,40.365582203605236,30.54317752256404,0.27550601959228516,85.0,482.5605640267893,54,0.18947368421052632,none,46019021.54318612,0.9665492957746479,549,568,0.9647887323943662,0.9683098591549296
二维高密度场景,2,750,P4_High_0.50,0.5,0.1,0.2,custom_pid,28,False,inf,2.661247968673706,750,1041,inf,0.0,inf,inf,524.4450017725621,179,0.23866666666666667,divergence,46328662.1616678,0.9906666666666667,1486,1500,0.9853333333333333,0.996
二维高密度场景,2,750,P4_High_0.50,0.5,0.1,0.2,custom_pid,29,True,2351.3438563676305,0.9715898036956787,289,373,31.205479196224918,29.63634348285974,0.3065221309661865,89.0,475.5531888202482,44,0.1522491349480969,none,45422394.1340947,0.9739583333333334,561,576,0.9652777777777778,0.9826388888888888
二维高密度场景,2,750,P4_High_0.50,0.5,0.1,0.2,custom_pid,30,False,inf,2.6503138542175293,750,1053,inf,0.0,inf,inf,548.5981863797662,160,0.21333333333333335,divergence,45656407.526275225,0.9906666666666667,1486,1500,0.9906666666666667,0.9906666666666667
二维高密度场景,2,750,P5_High_0.60,0.6,0.12,0.24,custom_pid,1,False,inf,2.7022500038146973,750,1064,inf,0.0,inf,inf,520.4360532113952,172,0.22933333333333333,divergence,45547033.605906576,0.9913333333333333,1487,1500,0.9933333333333333,0.9893333333333333
二维高密度场景,2,750,P5_High_0.60,0.6,0.12,0.24,custom_pid,2,True,2373.7917252059337,0.9643468856811523,281,384,38.14389259133225,32.18737268063551,0.2804403305053711,81.0,474.15263927386377,55,0.19572953736654805,none,45069672.514934175,0.9732142857142857,545,560,0.9714285714285714,0.975
二维高密度场景,2,750,P5_High_0.60,0.6,0.12,0.24,custom_pid,3,True,2622.691360474934,1.0933091640472412,328,430,36.42055976019848,33.64265938073281,0.43857908248901367,128.0,479.6855894105315,72,0.21951219512195122,none,45682854.56919559,0.9694189602446484,634,654,0.963302752293578,0.9755351681957186
二维高密度场景,2,750,P5_High_0.60,0.6,0.12,0.24,custom_pid,4,True,2526.738322236262,2.7195544242858887,750,1055,44.27067364445383,27.407796145573634,2.4528965950012207,682.0,554.4432838384537,167,0.22266666666666668,none,45947782.49311769,0.99,1485,1500,0.9906666666666667,0.9893333333333333
二维高密度场景,2,750,P5_High_0.60,0.6,0.12,0.24,custom_pid,5,True,2559.7297228052394,1.1650850772857666,377,438,37.200286367899174,28.227347626192536,0.5123305320739746,177.0,456.05720567023394,59,0.15649867374005305,none,45266718.33972654,0.9800531914893617,737,752,0.9867021276595744,0.973404255319149
二维高密度场景,2,750,P5_High_0.60,0.6,0.12,0.24,custom_pid,6,True,2377.7418189097257,2.7148947715759277,750,1071,38.03833527758786,31.525021677310757,1.9969098567962646,574.0,532.5423998286767,183,0.244,none,45859955.329754435,0.9893333333333333,1484,1500,0.9866666666666667,0.992
二维高密度场景,2,750,P5_High_0.60,0.6,0.12,0.24,custom_pid,7,True,2645.134394195817,1.0111939907073975,301,386,37.694478450116044,31.338051833563046,0.3538980484008789,101.0,489.2193810260005,63,0.20930232558139536,none,45457879.13703429,0.9816666666666667,589,600,0.9733333333333334,0.99
二维高密度场景,2,750,P5_High_0.60,0.6,0.12,0.24,custom_pid,8,True,2381.614631989117,1.0237696170806885,304,412,34.598285707291225,29.650843832946713,0.3497943878173828,104.0,471.47491295827103,64,0.21052631578947367,none,45853286.15851857,0.9702970297029703,588,606,0.9735973597359736,0.966996699669967
二维高密度场景,2,750,P5_High_0.60,0.6,0.12,0.24,custom_pid,9,False,inf,2.66220760345459,750,1069,inf,0.0,inf,inf,522.6520362332109,158,0.21066666666666667,divergence,45049564.212017044,0.9873333333333333,1481,1500,0.992,0.9826666666666667
二维高密度场景,2,750,P5_High_0.60,0.6,0.12,0.24,custom_pid,10,True,2364.9633494441714,0.8740336894989014,254,351,34.99746082936703,32.57983089740289,0.18451762199401855,54.0,451.4399184990473,49,0.19291338582677164,none,45839124.15789139,0.9604743083003953,486,506,0.9644268774703557,0.9565217391304348
二维高密度场景,2,750,P5_High_0.60,0.6,0.12,0.24,custom_pid,11,True,2775.347595198804,1.8862180709838867,534,773,47.12406909157005,30.54654026800606,1.1452436447143555,334.0,542.9424893734599,120,0.2247191011235955,none,46120259.09984412,0.9868667917448405,1052,1066,0.9868667917448405,0.9868667917448405
二维高密度场景,2,750,P5_High_0.60,0.6,0.12,0.24,custom_pid,12,True,2608.7783811824193,1.4388558864593506,472,541,38.25338489546238,26.186221979570615,0.725609302520752,272.0,530.5368361140398,106,0.2245762711864407,none,45516865.17891599,0.9861995753715499,929,942,0.9915074309978769,0.9808917197452229
二维高密度场景,2,750,P5_High_0.60,0.6,0.12,0.24,custom_pid,13,False,inf,2.700859308242798,750,1040,inf,0.0,inf,inf,509.439636079531,178,0.23733333333333334,divergence,46030282.90574063,0.988,1482,1500,0.9853333333333333,0.9906666666666667
二维高密度场景,2,750,P5_High_0.60,0.6,0.12,0.24,custom_pid,14,True,2227.7489315243242,0.9337871074676514,273,359,33.661243929369135,27.884968471448218,0.2616446018218994,73.0,489.3662840043895,55,0.20146520146520147,none,45669575.00179145,0.9761029411764706,531,544,0.9742647058823529,0.9779411764705882
二维高密度场景,2,750,P5_High_0.60,0.6,0.12,0.24,custom_pid,15,True,2203.9683095935798,0.8399882316589355,251,335,35.39291723135242,29.096030665901296,0.18270421028137207,51.0,444.0664562425698,39,0.1553784860557769,none,45793025.25699238,0.97,485,500,0.972,0.968
二维高密度场景,2,750,P5_High_0.60,0.6,0.12,0.24,custom_pid,16,True,2379.2190418884343,0.9617881774902344,279,378,31.953310432237927,29.32549331221898,0.2641148567199707,79.0,495.8713915572179,62,0.2222222222222222,none,45957813.72904656,0.9694244604316546,539,556,0.9748201438848921,0.9640287769784173
二维高密度场景,2,750,P5_High_0.60,0.6,0.12,0.24,custom_pid,17,True,2741.228023328084,1.2359952926635742,384,502,43.24819356550948,33.045314667065824,0.5793380737304688,184.0,470.8485505915908,60,0.15625,none,45386983.80476115,0.9856396866840731,755,766,0.9921671018276762,0.97911227154047
二维高密度场景,2,750,P5_High_0.60,0.6,0.12,0.24,custom_pid,18,False,inf,2.6386945247650146,750,1031,inf,0.0,inf,inf,542.7375735933938,192,0.256,divergence,45956365.9286599,0.986,1479,1500,0.9813333333333333,0.9906666666666667
二维高密度场景,2,750,P5_High_0.60,0.6,0.12,0.24,custom_pid,19,True,2568.248660907191,1.2472732067108154,365,540,34.781902352831615,33.24618644692506,0.5587520599365234,165.0,495.10910339901693,84,0.23013698630136986,none,45865417.14658133,0.9807692307692307,714,728,0.9725274725274725,0.989010989010989
二维高密度场景,2,750,P5_High_0.60,0.6,0.12,0.24,custom_pid,20,True,2722.616417697869,2.5766773223876953,750,1002,45.28576752239943,26.941677779805307,2.0203096866607666,607.0,536.5372969220058,181,0.24133333333333334,none,45732273.032698974,0.9893333333333333,1484,1500,0.988,0.9906666666666667
二维高密度场景,2,750,P5_High_0.60,0.6,0.12,0.24,custom_pid,21,True,2551.784154514792,1.8776588439941406,534,743,37.266146246265144,29.28544842309536,1.148169755935669,334.0,518.7408047246633,112,0.20973782771535582,none,46567968.82791792,0.9859287054409006,1051,1066,0.9849906191369606,0.9868667917448405
二维高密度场景,2,750,P5_High_0.60,0.6,0.12,0.24,custom_pid,22,True,2758.6440168743043,1.7510552406311035,498,722,39.52739696465094,28.556769901368614,1.0307955741882324,298.0,520.8592668072305,110,0.22088353413654618,none,45735435.49107912,0.9869215291750503,981,994,0.9879275653923542,0.9859154929577465
二维高密度场景,2,750,P5_High_0.60,0.6,0.12,0.24,custom_pid,23,False,inf,2.762288808822632,750,1084,inf,0.0,inf,inf,550.7098820956219,163,0.21733333333333332,divergence,45265707.76189318,0.9933333333333333,1490,1500,0.9906666666666667,0.996
二维高密度场景,2,750,P5_High_0.60,0.6,0.12,0.24,custom_pid,24,True,2584.7055221767646,0.8167774677276611,273,292,34.74285690841979,32.160805710530106,0.23421931266784668,73.0,477.6270435983811,29,0.10622710622710622,none,45568949.77442168,0.9742647058823529,530,544,0.9742647058823529,0.9742647058823529
二维高密度场景,2,750,P5_High_0.60,0.6,0.12,0.24,custom_pid,25,False,inf,2.694972515106201,750,1033,inf,0.0,inf,inf,542.132645472141,146,0.19466666666666665,divergence,46230694.52232223,0.988,1482,1500,0.9893333333333333,0.9866666666666667
二维高密度场景,2,750,P5_High_0.60,0.6,0.12,0.24,custom_pid,26,False,inf,2.7288479804992676,750,1059,inf,0.0,inf,inf,519.5025180915103,141,0.188,divergence,45526021.9849647,0.9906666666666667,1486,1500,0.992,0.9893333333333333
二维高密度场景,2,750,P5_High_0.60,0.6,0.12,0.24,custom_pid,27,True,2555.2799712373244,1.2810227870941162,369,509,40.40910296501692,29.569427295856876,0.579660177230835,169.0,503.62136504131854,62,0.16802168021680217,none,45718165.46493869,0.9823369565217391,723,736,0.9836956521739131,0.9809782608695652
二维高密度场景,2,750,P5_High_0.60,0.6,0.12,0.24,custom_pid,28,True,2427.2966941839313,0.9335141181945801,264,380,42.18794956061288,35.319993499097315,0.21721410751342773,64.0,479.06368539374137,59,0.22348484848484848,none,45827137.00037572,0.973384030418251,512,526,0.9771863117870723,0.9695817490494296
二维高密度场景,2,750,P5_High_0.60,0.6,0.12,0.24,custom_pid,29,True,2319.3912701572513,1.9130089282989502,576,757,42.49225460965648,27.685533894762784,1.201659917831421,376.0,514.6327062461206,137,0.2378472222222222,none,44464933.582282454,0.9904347826086957,1139,1150,0.9878260869565217,0.9930434782608696
二维高密度场景,2,750,P5_High_0.60,0.6,0.12,0.24,custom_pid,30,True,2663.5396254144525,1.50872802734375,450,589,44.13846586840298,27.877483461596796,0.831714391708374,250.0,514.7486859473362,94,0.2088888888888889,none,45789610.26604969,0.9899777282850779,889,898,0.9933184855233853,0.9866369710467706
二维高密度场景,2,750,P6_High_0.70,0.7,0.15,0.28,custom_pid,1,True,2765.6197181363364,1.7691311836242676,505,727,41.038739167214864,26.31567633804893,1.0573127269744873,305.0,529.784765475582,121,0.2396039603960396,none,44972136.47335176,0.9851190476190477,993,1008,0.9861111111111112,0.9841269841269841
二维高密度场景,2,750,P6_High_0.70,0.7,0.15,0.28,custom_pid,2,True,2247.580183002748,0.8955719470977783,268,352,32.34155083581593,32.253429321187575,0.23193621635437012,68.0,467.75202259765456,37,0.13805970149253732,none,46248740.47107952,0.9606741573033708,513,534,0.9625468164794008,0.9588014981273408
二维高密度场景,2,750,P6_High_0.70,0.7,0.15,0.28,custom_pid,3,True,2506.2938622563724,2.254185199737549,651,902,43.2442203163047,29.18658283980795,1.5015156269073486,451.0,512.7701731074067,149,0.22887864823348694,none,46174308.515172355,0.9846153846153847,1280,1300,0.9846153846153847,0.9846153846153847
二维高密度场景,2,750,P6_High_0.70,0.7,0.15,0.28,custom_pid,4,False,inf,2.715930700302124,750,1078,inf,0.0,inf,inf,536.770666994863,159,0.212,divergence,45013356.285253026,0.9906666666666667,1486,1500,0.9906666666666667,0.9906666666666667
二维高密度场景,2,750,P6_High_0.70,0.7,0.15,0.28,custom_pid,5,False,inf,2.6527767181396484,750,1059,inf,0.0,inf,inf,538.6604474523003,149,0.19866666666666666,divergence,46234218.3374415,0.99,1485,1500,0.9893333333333333,0.9906666666666667
二维高密度场景,2,750,P6_High_0.70,0.7,0.15,0.28,custom_pid,6,True,2424.031754726983,1.0888841152191162,331,431,42.01706878312019,27.959656026587357,0.3886275291442871,131.0,482.2556579968855,62,0.18731117824773413,none,45932700.96196926,0.9742424242424242,643,660,0.9787878787878788,0.9696969696969697
二维高密度场景,2,750,P6_High_0.70,0.7,0.15,0.28,custom_pid,7,True,3176.1376539833814,2.545884609222412,727,1021,40.86977737135492,29.06162611516407,1.7713522911071777,527.0,552.5921175176917,152,0.20907840440165062,none,45755527.172493845,0.9841597796143251,1429,1452,0.9807162534435262,0.987603305785124
二维高密度场景,2,750,P6_High_0.70,0.7,0.15,0.28,custom_pid,8,False,inf,2.6887879371643066,750,1052,inf,0.0,inf,inf,535.1371012314096,160,0.21333333333333335,divergence,45641835.48906676,0.9913333333333333,1487,1500,0.988,0.9946666666666667
二维高密度场景,2,750,P6_High_0.70,0.7,0.15,0.28,custom_pid,9,True,2455.9138208452528,1.6185247898101807,477,662,33.30749422301259,26.678028652334785,0.9490234851837158,277.0,547.9191763188619,98,0.20545073375262055,none,46346875.503505446,0.9831932773109243,936,952,0.9894957983193278,0.976890756302521
二维高密度场景,2,750,P6_High_0.70,0.7,0.15,0.28,custom_pid,10,True,2389.4644014308815,0.8679482936859131,266,362,33.301127008331505,29.919070342591386,0.2101912498474121,66.0,484.51939226689734,55,0.20676691729323307,none,45798708.03470593,0.9830188679245283,521,530,0.9811320754716981,0.9849056603773585
二维高密度场景,2,750,P6_High_0.70,0.7,0.15,0.28,custom_pid,11,True,2470.951089498195,2.658376455307007,722,1038,39.41271954942076,29.784186468911827,1.8595075607299805,522.0,553.9694452540903,173,0.23961218836565096,none,46164793.64603693,0.9909847434119279,1429,1442,0.9902912621359223,0.9916782246879334
二维高密度场景,2,750,P6_High_0.70,0.7,0.15,0.28,custom_pid,12,True,2643.5562164749977,1.896623134613037,547,778,30.39332635393363,31.84621122665769,1.1697278022766113,347.0,515.9461342815067,120,0.21937842778793418,none,46610646.18420175,0.9853479853479854,1076,1092,0.9835164835164835,0.9871794871794872
二维高密度场景,2,750,P6_High_0.70,0.7,0.15,0.28,custom_pid,13,True,2720.606497807453,2.7826156616210938,750,1117,35.01020283311855,27.94891079166508,2.775879383087158,748.0,538.3959389248096,183,0.244,none,45292488.75620599,0.992,1488,1500,0.992,0.992
二维高密度场景,2,750,P6_High_0.70,0.7,0.15,0.28,custom_pid,14,True,2253.6429567091973,1.3300745487213135,393,533,38.605977737273705,26.04390488487024,0.6391851902008057,193.0,512.1607103190807,80,0.2035623409669211,none,45931793.0212914,0.9732142857142857,763,784,0.9795918367346939,0.9668367346938775
二维高密度场景,2,750,P6_High_0.70,0.7,0.15,0.28,custom_pid,15,True,2404.3486647087566,2.0162174701690674,575,811,35.83805835843385,31.785130198510945,1.2942273616790771,375.0,538.0418148835469,119,0.20695652173913043,none,45660913.79980383,0.9895470383275261,1136,1148,0.9860627177700348,0.9930313588850174
二维高密度场景,2,750,P6_High_0.70,0.7,0.15,0.28,custom_pid,16,True,2719.263873877647,0.980900764465332,341,379,35.28684727385853,30.518143908327495,0.3286018371582031,141.0,466.52059234848605,37,0.10850439882697947,none,45879826.03743114,0.9735294117647059,662,680,0.9735294117647059,0.9735294117647059
二维高密度场景,2,750,P6_High_0.70,0.7,0.15,0.28,custom_pid,17,True,2306.765748519747,2.7501165866851807,750,1096,37.69035041431962,27.661218894978138,2.55643630027771,703.0,557.7983016114113,169,0.22533333333333333,none,46413227.44090004,0.9866666666666667,1480,1500,0.988,0.9853333333333333
二维高密度场景,2,750,P6_High_0.70,0.7,0.15,0.28,custom_pid,18,False,inf,2.6176602840423584,750,1042,inf,0.0,inf,inf,543.5416588578261,175,0.23333333333333334,divergence,45470274.170947485,0.9886666666666667,1483,1500,0.988,0.9893333333333333
二维高密度场景,2,750,P6_High_0.70,0.7,0.15,0.28,custom_pid,19,True,2454.0129544236793,0.9297401905059814,283,378,39.72827599747858,32.44868933190024,0.2706723213195801,83.0,456.85485307073236,48,0.1696113074204947,none,45384805.00678386,0.9769503546099291,551,564,0.9858156028368794,0.9680851063829787
二维高密度场景,2,750,P6_High_0.70,0.7,0.15,0.28,custom_pid,20,True,2505.5300715710746,1.3107645511627197,397,529,39.15455236709378,28.14745843214113,0.6336791515350342,197.0,521.6988677051685,78,0.1964735516372796,none,45874335.21025072,0.9785353535353535,775,792,0.9671717171717171,0.98989898989899
二维高密度场景,2,750,P6_High_0.70,0.7,0.15,0.28,custom_pid,21,True,2424.7408206295017,1.99591064453125,570,816,42.26438102295858,31.44592000107311,1.2641716003417969,370.0,514.947942195044,140,0.24561403508771928,none,46235068.7028904,0.9885764499121266,1125,1138,0.9894551845342706,0.9876977152899824
二维高密度场景,2,750,P6_High_0.70,0.7,0.15,0.28,custom_pid,22,True,2327.4800232366365,0.8695945739746094,254,346,36.87362514987801,26.749395352714828,0.20138788223266602,54.0,448.43062067923245,43,0.16929133858267717,none,45786615.46593027,0.958498023715415,485,506,0.9525691699604744,0.9644268774703557
二维高密度场景,2,750,P6_High_0.70,0.7,0.15,0.28,custom_pid,23,False,inf,2.613227128982544,750,1031,inf,0.0,inf,inf,541.0254746440208,172,0.22933333333333333,divergence,44993184.630042695,0.99,1485,1500,0.988,0.992
二维高密度场景,2,750,P6_High_0.70,0.7,0.15,0.28,custom_pid,24,True,2453.871504960688,2.2979209423065186,680,887,40.33555857502289,31.00569986975104,1.5480973720550537,480.0,511.9192123360354,129,0.18970588235294117,none,46183642.30002868,0.9882179675994109,1342,1358,0.9882179675994109,0.9882179675994109
二维高密度场景,2,750,P6_High_0.70,0.7,0.15,0.28,custom_pid,25,True,2555.006651384673,1.563399076461792,448,632,30.745410811706893,32.06689377283994,0.829179048538208,248.0,509.9105057981252,86,0.19196428571428573,none,45881295.96699385,0.9776286353467561,874,894,0.9731543624161074,0.9821029082774049
二维高密度场景,2,750,P6_High_0.70,0.7,0.15,0.28,custom_pid,26,True,2389.8997614938585,1.4810810089111328,426,620,43.51142103305016,30.992291027353787,0.7755389213562012,226.0,501.86872543544445,83,0.19483568075117372,none,45439153.7003891,0.9870588235294118,839,850,0.9929411764705882,0.9811764705882353
二维高密度场景,2,750,P6_High_0.70,0.7,0.15,0.28,custom_pid,27,True,2247.0813344521603,1.1720640659332275,337,477,36.348134678383275,30.307207026980663,0.4865443706512451,137.0,493.4056196062459,66,0.19584569732937684,none,45812949.60808504,0.9821428571428571,660,672,0.9702380952380952,0.9940476190476191
二维高密度场景,2,750,P6_High_0.70,0.7,0.15,0.28,custom_pid,28,False,inf,2.694577693939209,750,1085,inf,0.0,inf,inf,538.5372804941866,155,0.20666666666666667,divergence,46318756.65425952,0.9893333333333333,1484,1500,0.9893333333333333,0.9893333333333333
二维高密度场景,2,750,P6_High_0.70,0.7,0.15,0.28,custom_pid,29,True,2357.1452248556393,1.3681623935699463,409,537,37.27148820584009,27.697783841414534,0.6844973564147949,209.0,503.62703809651595,72,0.17603911980440098,none,45682725.62634995,0.9816176470588235,801,816,0.9852941176470589,0.9779411764705882
二维高密度场景,2,750,P6_High_0.70,0.7,0.15,0.28,custom_pid,30,True,2412.353875393354,0.9055628776550293,258,361,35.52035341159759,29.263125193471467,0.20995497703552246,58.0,456.5521600616432,52,0.20155038759689922,none,45766213.02928516,0.9824902723735408,505,514,0.9844357976653697,0.980544747081712
二维高密度场景,2,750,P7_High_0.80,0.8,0.18,0.32,custom_pid,1,True,2386.8466753974744,0.8021042346954346,254,310,43.068658813462406,25.146982776384778,0.17245888710021973,54.0,456.7833612991393,39,0.15354330708661418,none,45792673.939251676,0.9624505928853755,487,506,0.9565217391304348,0.9683794466403162
二维高密度场景,2,750,P7_High_0.80,0.8,0.18,0.32,custom_pid,2,True,2670.2116154257596,2.432602643966675,684,990,36.02855236801642,31.71573306167902,1.6512715816497803,484.0,514.7421237097977,159,0.2324561403508772,none,46320860.43001175,0.9897510980966325,1352,1366,0.9912152269399708,0.9882869692532943
二维高密度场景,2,750,P7_High_0.80,0.8,0.18,0.32,custom_pid,3,True,2669.0808051289664,2.6841940879821777,750,1050,34.6590620238357,31.339719594128603,2.291160821914673,656.0,555.4889888444441,166,0.22133333333333333,none,45431058.43755453,0.9853333333333333,1478,1500,0.9853333333333333,0.9853333333333333
二维高密度场景,2,750,P7_High_0.80,0.8,0.18,0.32,custom_pid,4,True,2968.0619923144245,1.8354933261871338,525,766,34.3378769037243,32.582059822096326,1.0973846912384033,325.0,496.01982328821373,118,0.22476190476190477,none,45804433.27776174,0.9866412213740458,1034,1048,0.9942748091603053,0.9790076335877863
二维高密度场景,2,750,P7_High_0.80,0.8,0.18,0.32,custom_pid,5,True,2544.721781728702,1.6220619678497314,502,618,35.52554793090122,28.97388115844205,0.9214403629302979,302.0,500.21342675382255,117,0.23306772908366533,none,44936879.16010769,0.9820359281437125,984,1002,0.9800399201596807,0.9840319361277445
二维高密度场景,2,750,P7_High_0.80,0.8,0.18,0.32,custom_pid,6,True,2496.8884514995757,1.9264719486236572,561,758,40.56880069349807,27.60111454367786,1.2033042907714844,361.0,511.8292275159746,131,0.23351158645276293,none,45782161.50322628,0.9866071428571429,1105,1120,0.9875,0.9857142857142858
二维高密度场景,2,750,P7_High_0.80,0.8,0.18,0.32,custom_pid,7,True,2409.6581940176548,2.0058209896087646,579,811,35.007485426574114,30.714968761449686,1.278459072113037,379.0,519.7183329725049,140,0.24179620034542315,none,45994132.125853725,0.9826989619377162,1136,1156,0.9792387543252595,0.986159169550173
二维高密度场景,2,750,P7_High_0.80,0.8,0.18,0.32,custom_pid,8,True,2520.038705888982,0.8291692733764648,258,319,41.027323942784804,31.64108226141844,0.1906602382659912,58.0,487.18100418235434,43,0.16666666666666666,none,46009629.98803784,0.9610894941634242,494,514,0.9649805447470817,0.9571984435797666
二维高密度场景,2,750,P7_High_0.80,0.8,0.18,0.32,custom_pid,9,True,2547.922004512536,1.6649510860443115,510,651,37.95557025244171,26.53010574274848,0.9699897766113281,310.0,519.0796201202718,104,0.20392156862745098,none,46142071.33284229,0.9803536345776032,998,1018,0.9783889980353635,0.9823182711198428
二维高密度场景,2,750,P7_High_0.80,0.8,0.18,0.32,custom_pid,10,True,2306.549958331489,0.9123857021331787,264,347,38.01432006500643,29.71977535655136,0.23337364196777344,64.0,435.0671575086697,46,0.17424242424242425,none,45964350.93148655,0.9657794676806084,508,526,0.9771863117870723,0.9543726235741445
二维高密度场景,2,750,P7_High_0.80,0.8,0.18,0.32,custom_pid,11,True,2404.1030435994658,0.8495852947235107,241,334,43.14228197880755,30.820766476505447,0.14255809783935547,41.0,475.86932931246633,58,0.24066390041493776,none,45866098.02387426,0.9625,462,480,0.9708333333333333,0.9541666666666667
二维高密度场景,2,750,P7_High_0.80,0.8,0.18,0.32,custom_pid,12,True,2586.618151086118,1.0047955513000488,294,405,37.04637763618987,31.201349061799757,0.3176603317260742,94.0,473.9289878760509,55,0.1870748299319728,none,45799049.324138194,0.9692832764505119,568,586,0.962457337883959,0.9761092150170648
二维高密度场景,2,750,P7_High_0.80,0.8,0.18,0.32,custom_pid,13,True,2602.2403558457495,1.4002392292022705,422,547,38.77727070056217,29.688806802387575,0.7280747890472412,222.0,515.8495520343704,93,0.22037914691943128,none,45203058.59652109,0.982185273159145,827,842,0.9762470308788599,0.9881235154394299
二维高密度场景,2,750,P7_High_0.80,0.8,0.18,0.32,custom_pid,14,False,inf,2.639827251434326,750,1022,inf,0.0,inf,inf,511.0006235795739,149,0.19866666666666666,divergence,45822878.47640776,0.9886666666666667,1483,1500,0.988,0.9893333333333333
二维高密度场景,2,750,P7_High_0.80,0.8,0.18,0.32,custom_pid,15,True,2585.0768134307395,2.3709707260131836,699,921,38.22739693423989,32.812098984955846,1.6319093704223633,499.0,565.7747885145081,162,0.2317596566523605,none,44998329.52454961,0.9835243553008596,1373,1396,0.9799426934097422,0.9871060171919771
二维高密度场景,2,750,P7_High_0.80,0.8,0.18,0.32,custom_pid,16,True,2541.048513610806,1.4762625694274902,429,594,36.308668389496056,30.528610630456615,0.7648210525512695,229.0,484.51767137139996,85,0.19813519813519814,none,45780744.16685837,0.9789719626168224,838,856,0.9742990654205608,0.9836448598130841
二维高密度场景,2,750,P7_High_0.80,0.8,0.18,0.32,custom_pid,17,True,2420.7302149723832,0.8278958797454834,246,341,39.03067148427378,28.05592522198332,0.15429162979125977,46.0,448.9609542494182,32,0.13008130081300814,none,45811637.24893746,0.9530612244897959,467,490,0.9469387755102041,0.9591836734693877
二维高密度场景,2,750,P7_High_0.80,0.8,0.18,0.32,custom_pid,18,True,2406.87162657521,0.8219921588897705,243,343,35.876006038089926,31.519666749256707,0.151411771774292,43.0,461.86692914883207,50,0.205761316872428,none,45700294.74403301,0.9648760330578512,467,484,0.9628099173553719,0.9669421487603306
二维高密度场景,2,750,P7_High_0.80,0.8,0.18,0.32,custom_pid,19,False,inf,2.7174742221832275,750,1091,inf,0.0,inf,inf,514.8963523004412,185,0.24666666666666667,divergence,45916473.586876854,0.984,1476,1500,0.9813333333333333,0.9866666666666667
二维高密度场景,2,750,P7_High_0.80,0.8,0.18,0.32,custom_pid,20,True,2310.3571812597143,1.007256031036377,312,376,40.6066615147096,28.646727808904718,0.3204464912414551,112.0,462.66595936809034,45,0.14423076923076922,none,45980599.818041585,0.9678456591639871,602,622,0.9807073954983923,0.954983922829582
二维高密度场景,2,750,P7_High_0.80,0.8,0.18,0.32,custom_pid,21,True,2449.3897669712683,0.8457944393157959,260,326,34.244062691767255,29.311198985140205,0.21015667915344238,60.0,417.562665611698,37,0.1423076923076923,none,45943321.152892694,0.971042471042471,503,518,0.9806949806949807,0.9613899613899614
二维高密度场景,2,750,P7_High_0.80,0.8,0.18,0.32,custom_pid,22,True,2712.129936098553,1.930924892425537,553,763,37.60026443825734,27.962651416670365,1.213108777999878,353.0,538.8101326500582,103,0.18625678119349007,none,44714911.12650225,0.990036231884058,1093,1104,0.9891304347826086,0.9909420289855072
二维高密度场景,2,750,P7_High_0.80,0.8,0.18,0.32,custom_pid,23,False,inf,2.577929735183716,750,990,inf,0.0,inf,inf,557.7209618509635,132,0.176,divergence,46156500.40673376,0.9886666666666667,1483,1500,0.9906666666666667,0.9866666666666667
二维高密度场景,2,750,P7_High_0.80,0.8,0.18,0.32,custom_pid,24,True,2415.9145092060485,1.8637142181396484,537,743,37.24126762137147,28.470730756938828,1.1724767684936523,337.0,517.0603778506504,110,0.2048417132216015,none,45490100.891052455,0.9850746268656716,1056,1072,0.9869402985074627,0.9832089552238806
二维高密度场景,2,750,P7_High_0.80,0.8,0.18,0.32,custom_pid,25,True,3131.878543751079,2.6788790225982666,750,1067,42.49838465055428,29.85576302173361,2.4161183834075928,683.0,543.491057802956,160,0.21333333333333335,none,46753586.55946209,0.99,1485,1500,0.9866666666666667,0.9933333333333333
二维高密度场景,2,750,P7_High_0.80,0.8,0.18,0.32,custom_pid,26,True,2637.0221690258218,2.697906017303467,750,1051,40.743064893102705,27.924864295589355,1.988391399383545,578.0,544.8847884405727,167,0.22266666666666668,none,45801293.82650695,0.9886666666666667,1483,1500,0.9853333333333333,0.992
二维高密度场景,2,750,P7_High_0.80,0.8,0.18,0.32,custom_pid,27,True,2376.0966377448513,2.3605289459228516,680,939,37.13195499417921,28.16100221348389,1.6341283321380615,480.0,528.0523866587207,161,0.23676470588235293,none,45805434.626596496,0.9874815905743741,1341,1358,0.9896907216494846,0.9852724594992637
二维高密度场景,2,750,P7_High_0.80,0.8,0.18,0.32,custom_pid,28,True,2436.6896271080223,1.6816473007202148,490,664,34.1365467787387,29.107163305555073,0.981112003326416,290.0,510.0253682653181,107,0.21836734693877552,none,45524405.74637724,0.9785276073619632,957,978,0.9754601226993865,0.9815950920245399
二维高密度场景,2,750,P7_High_0.80,0.8,0.18,0.32,custom_pid,29,True,2335.934942343896,1.5851211547851562,467,622,35.668441036408765,28.786338845836212,0.8953337669372559,267.0,521.6173647765725,82,0.17558886509635974,none,45711074.83920732,0.9871244635193133,920,932,0.9849785407725322,0.9892703862660944
二维高密度场景,2,750,P7_High_0.80,0.8,0.18,0.32,custom_pid,30,True,2639.537426813207,1.663677453994751,486,654,38.080974487434055,32.506125101684155,0.9567317962646484,286.0,541.8574761560593,102,0.20987654320987653,none,46399180.17057863,0.9762886597938144,947,970,0.9690721649484536,0.9835051546391752
二维高密度场景,2,750,P8_High_0.90,0.9,0.2,0.36,custom_pid,1,True,2577.72494578935,1.744619607925415,538,664,40.15262034242784,28.173726911442124,1.0737676620483398,338.0,532.3655461380936,84,0.15613382899628253,none,45083603.137542814,0.9795158286778398,1052,1074,0.9757914338919925,0.9832402234636871
二维高密度场景,2,750,P8_High_0.90,0.9,0.2,0.36,custom_pid,2,True,2342.2693535282083,1.8881723880767822,542,754,36.81074907076009,30.741285723180525,1.1571552753448486,342.0,532.0276360610559,103,0.1900369003690037,none,45686381.7210259,0.9842883548983364,1065,1082,0.9852125693160814,0.9833641404805915
二维高密度场景,2,750,P8_High_0.90,0.9,0.2,0.36,custom_pid,3,True,2744.1104473446258,2.433187961578369,694,936,38.94456636251636,32.26262584682391,1.6804962158203125,494.0,517.3270504961341,155,0.22334293948126802,none,45580050.20380101,0.9848484848484849,1365,1386,0.9884559884559885,0.9812409812409812
二维高密度场景,2,750,P8_High_0.90,0.9,0.2,0.36,custom_pid,4,True,2483.3112846991926,1.589874029159546,458,645,38.001662594514805,26.86659617759673,0.9093389511108398,258.0,501.15386803815596,109,0.23799126637554585,none,45961078.669559255,0.986870897155361,902,914,0.9846827133479212,0.9890590809628009
二维高密度场景,2,750,P8_High_0.90,0.9,0.2,0.36,custom_pid,5,True,2372.1817259383724,1.0191435813903809,308,398,34.68353617049167,27.96170840130947,0.37943363189697266,108.0,474.6972911428583,52,0.16883116883116883,none,46294483.85880133,0.9771986970684039,600,614,0.9674267100977199,0.9869706840390879
二维高密度场景,2,750,P8_High_0.90,0.9,0.2,0.36,custom_pid,6,True,2463.020197621914,1.4642739295959473,429,556,37.130010140913484,28.93520462387086,0.7601797580718994,229.0,525.8703087361566,89,0.20745920745920746,none,45328220.18744101,0.985981308411215,844,856,0.9953271028037384,0.9766355140186916
二维高密度场景,2,750,P8_High_0.90,0.9,0.2,0.36,custom_pid,7,True,2396.9071251165287,0.921579122543335,263,377,41.50526636529694,29.24006928523273,0.23773956298828125,63.0,471.4640465626261,52,0.19771863117870722,none,45997730.11405889,0.9656488549618321,506,524,0.9618320610687023,0.9694656488549618
二维高密度场景,2,750,P8_High_0.90,0.9,0.2,0.36,custom_pid,8,False,inf,2.666442394256592,750,1055,inf,0.0,inf,inf,553.2820640319862,157,0.20933333333333334,oscillation,46529598.655009024,0.9866666666666667,1480,1500,0.992,0.9813333333333333
二维高密度场景,2,750,P8_High_0.90,0.9,0.2,0.36,custom_pid,9,True,2980.6455794368567,2.311363458633423,641,946,34.99390996976152,27.62774851374149,1.5435845851898193,441.0,563.5922099056514,173,0.2698907956318253,none,46050116.11282946,0.9875,1264,1280,0.99375,0.98125
二维高密度场景,2,750,P8_High_0.90,0.9,0.2,0.36,custom_pid,10,True,2477.7274698276547,0.83962082862854,249,335,43.275447644337575,27.580191582200904,0.18837618827819824,49.0,458.57955510839656,50,0.20080321285140562,none,45792973.92939651,0.9536290322580645,473,496,0.9435483870967742,0.9637096774193549
二维高密度场景,2,750,P8_High_0.90,0.9,0.2,0.36,custom_pid,11,False,inf,2.6069912910461426,750,1021,inf,0.0,inf,inf,536.9343488219522,181,0.24133333333333334,divergence,45655563.36132976,0.984,1476,1500,0.9826666666666667,0.9853333333333333
二维高密度场景,2,750,P8_High_0.90,0.9,0.2,0.36,custom_pid,12,True,2500.619333937161,1.4956462383270264,464,583,35.68509581009765,31.074075332929645,0.8055152893066406,264.0,531.8220629411608,86,0.1853448275862069,none,46068604.08422985,0.9859611231101512,913,926,0.9827213822894169,0.9892008639308856
二维高密度场景,2,750,P8_High_0.90,0.9,0.2,0.36,custom_pid,13,True,2300.1963995345513,0.8999040126800537,271,354,40.01866057696723,30.8383158024882,0.23238134384155273,71.0,457.55318582024574,50,0.18450184501845018,none,45740636.672259256,0.9648148148148148,521,540,0.9592592592592593,0.9703703703703703
二维高密度场景,2,750,P8_High_0.90,0.9,0.2,0.36,custom_pid,14,True,2695.547250697997,2.549067258834839,718,1015,43.669656385005055,30.84284326734311,1.7756273746490479,518.0,549.6346899142314,162,0.22562674094707522,none,45498870.441726066,0.9881450488145049,1417,1434,0.9874476987447699,0.9888423988842399
二维高密度场景,2,750,P8_High_0.90,0.9,0.2,0.36,custom_pid,15,True,2478.9880416266774,1.6186997890472412,463,611,39.882779504286056,29.361677251171812,0.8719403743743896,263.0,498.1749119310216,79,0.17062634989200864,none,45088405.340734534,0.9848484848484849,910,924,0.9848484848484849,0.9848484848484849
二维高密度场景,2,750,P8_High_0.90,0.9,0.2,0.36,custom_pid,16,True,2376.2194595877627,2.0115530490875244,565,772,36.55586966392335,32.88722977058388,1.2812702655792236,365.0,533.3712592956624,110,0.19469026548672566,none,45861486.494099736,0.9796099290780141,1105,1128,0.975177304964539,0.9840425531914894
二维高密度场景,2,750,P8_High_0.90,0.9,0.2,0.36,custom_pid,17,True,2457.68080310569,0.8363957405090332,251,330,42.12921455050572,31.352747264258873,0.18101859092712402,51.0,458.6448697533206,34,0.13545816733067728,none,46174689.69846063,0.958,479,500,0.976,0.94
二维高密度场景,2,750,P8_High_0.90,0.9,0.2,0.36,custom_pid,18,False,inf,2.6978414058685303,750,1065,inf,0.0,inf,inf,539.0221736950409,167,0.22266666666666668,divergence,45821129.96343843,0.9873333333333333,1481,1500,0.9893333333333333,0.9853333333333333
二维高密度场景,2,750,P8_High_0.90,0.9,0.2,0.36,custom_pid,19,True,2347.897571319083,1.1009912490844727,323,441,37.0945412224786,30.874391866750532,0.44919800758361816,123.0,505.27030571318517,54,0.16718266253869968,none,46277887.21350683,0.9813664596273292,632,644,0.9782608695652174,0.984472049689441
二维高密度场景,2,750,P8_High_0.90,0.9,0.2,0.36,custom_pid,20,True,2789.7359909918996,2.1838626861572266,625,865,39.107898536479084,29.343525026154918,1.4401001930236816,425.0,549.0824475004596,122,0.1952,none,45757183.102936015,0.9879807692307693,1233,1248,0.9887820512820513,0.9871794871794872
二维高密度场景,2,750,P8_High_0.90,0.9,0.2,0.36,custom_pid,21,True,2413.0376131829,2.7340829372406006,750,1090,37.36048524562074,32.83542330046827,2.1449131965637207,605.0,534.7736051264708,175,0.23333333333333334,none,45809152.55450471,0.9893333333333333,1484,1500,0.9906666666666667,0.988
二维高密度场景,2,750,P8_High_0.90,0.9,0.2,0.36,custom_pid,22,True,2462.9820890327615,1.0513715744018555,302,424,44.74731804658663,28.945319186676812,0.35907435417175293,102.0,484.0562787636245,73,0.24172185430463577,none,45883673.83844786,0.973421926910299,586,602,0.9800664451827242,0.9667774086378738
二维高密度场景,2,750,P8_High_0.90,0.9,0.2,0.36,custom_pid,23,True,2600.2366973467224,2.770071506500244,750,1087,36.38611684197368,27.120819344709748,2.256103038787842,626.0,540.894224917247,172,0.22933333333333333,none,46803878.70960077,0.988,1482,1500,0.9866666666666667,0.9893333333333333
二维高密度场景,2,750,P8_High_0.90,0.9,0.2,0.36,custom_pid,24,True,2480.1866248535243,1.1214714050292969,353,404,43.630726446043575,28.08194743999565,0.4812741279602051,153.0,518.9979443964829,67,0.18980169971671387,none,45641281.00504733,0.9730113636363636,685,704,0.9801136363636364,0.9659090909090909
二维高密度场景,2,750,P8_High_0.90,0.9,0.2,0.36,custom_pid,25,True,2401.731497690287,0.8797163963317871,266,360,37.039229075898696,28.520955680556664,0.23757362365722656,66.0,447.73281206062995,50,0.18796992481203006,none,45732087.172345534,0.9716981132075472,515,530,0.9773584905660377,0.9660377358490566
二维高密度场景,2,750,P8_High_0.90,0.9,0.2,0.36,custom_pid,26,True,2553.585803457337,1.0672597885131836,314,424,34.02881445896974,28.21588069500675,0.3669919967651367,114.0,492.1378596822298,72,0.22929936305732485,none,45877809.06256168,0.9696485623003195,607,626,0.9584664536741214,0.9808306709265175
二维高密度场景,2,750,P8_High_0.90,0.9,0.2,0.36,custom_pid,27,True,2630.6695571816576,2.5493757724761963,733,1005,44.369652784144556,31.236341559064677,1.7675034999847412,533.0,517.1317922542132,148,0.2019099590723056,none,45664666.060844675,0.9863387978142076,1444,1464,0.9890710382513661,0.9836065573770492
二维高密度场景,2,750,P8_High_0.90,0.9,0.2,0.36,custom_pid,28,True,2900.522273161088,2.697628974914551,750,1064,42.25612214654957,34.179050505252015,2.419342517852783,682.0,524.4077898233927,138,0.184,none,45797246.96657122,0.9873333333333333,1481,1500,0.9866666666666667,0.988
二维高密度场景,2,750,P8_High_0.90,0.9,0.2,0.36,custom_pid,29,True,2492.40222150084,1.953678846359253,569,752,35.218985108472815,30.473714692232758,1.2336859703063965,369.0,503.9169129339378,114,0.20035149384885764,none,45981767.62113225,0.9859154929577465,1120,1136,0.9894366197183099,0.9823943661971831
二维高密度场景,2,750,P8_High_0.90,0.9,0.2,0.36,custom_pid,30,True,2530.927366772578,0.9445202350616455,270,392,37.09121042914503,33.19568901724864,0.2615170478820801,70.0,486.94142515162895,55,0.2037037037037037,none,45548300.84220946,0.9795539033457249,527,538,0.9776951672862454,0.9814126394052045
二维高密度场景,2,750,P9_High_1.00,1.0,0.22,0.4,custom_pid,1,False,inf,2.692347764968872,750,1054,inf,0.0,inf,inf,508.1827029598789,176,0.23466666666666666,divergence,45883179.253391035,0.99,1485,1500,0.9906666666666667,0.9893333333333333
二维高密度场景,2,750,P9_High_1.00,1.0,0.22,0.4,custom_pid,2,True,2451.8118472923366,1.8079357147216797,525,733,41.10430741953848,31.757551619569554,1.105304479598999,325.0,507.15047828928493,107,0.2038095238095238,none,45877094.47258189,0.9885496183206107,1036,1048,0.982824427480916,0.9942748091603053
二维高密度场景,2,750,P9_High_1.00,1.0,0.22,0.4,custom_pid,3,True,2518.834627171799,1.6565306186676025,471,673,36.79162699371955,28.994588107661116,0.9514636993408203,271.0,504.815966615481,97,0.2059447983014862,none,45351738.69389834,0.9840425531914894,925,940,0.9829787234042553,0.9851063829787234
二维高密度场景,2,750,P9_High_1.00,1.0,0.22,0.4,custom_pid,4,True,2547.145428962614,0.9230806827545166,266,365,34.806439414933116,28.068681203335654,0.24645686149597168,66.0,460.37083432974174,53,0.19924812030075187,none,45806573.78665608,0.969811320754717,514,530,0.9811320754716981,0.9584905660377359
二维高密度场景,2,750,P9_High_1.00,1.0,0.22,0.4,custom_pid,5,False,inf,2.693222999572754,750,1094,inf,0.0,inf,inf,511.8646405690498,157,0.20933333333333334,divergence,45724771.19249527,0.9926666666666667,1489,1500,0.9946666666666667,0.9906666666666667
二维高密度场景,2,750,P9_High_1.00,1.0,0.22,0.4,custom_pid,6,True,2755.391026803358,1.012580394744873,316,375,42.58709070411919,30.304954846434693,0.4033372402191162,116.0,480.74795949708914,57,0.18037974683544303,none,45962265.026182435,0.9714285714285714,612,630,0.9650793650793651,0.9777777777777777
二维高密度场景,2,750,P9_High_1.00,1.0,0.22,0.4,custom_pid,7,True,2420.857946239277,0.8923513889312744,265,356,34.25528282536435,28.239454246073525,0.22810149192810059,65.0,487.29091864395116,61,0.23018867924528302,none,45544866.617782556,0.9545454545454546,504,528,0.9318181818181818,0.9772727272727273
二维高密度场景,2,750,P9_High_1.00,1.0,0.22,0.4,custom_pid,8,True,2646.2306025184,1.2421753406524658,374,498,40.01354564918343,29.339061032330417,0.5917913913726807,174.0,533.9392040053945,74,0.19786096256684493,none,45729306.342679694,0.9812332439678284,732,746,0.9839142091152815,0.9785522788203753
二维高密度场景,2,750,P9_High_1.00,1.0,0.22,0.4,custom_pid,9,False,inf,2.697788953781128,750,1090,inf,0.0,inf,inf,532.5173574654425,177,0.236,divergence,46730081.08795437,0.9953333333333333,1493,1500,0.9946666666666667,0.996
二维高密度场景,2,750,P9_High_1.00,1.0,0.22,0.4,custom_pid,10,False,inf,2.692936658859253,750,1067,inf,0.0,inf,inf,539.5817359380986,158,0.21066666666666667,divergence,45226800.20636891,0.9886666666666667,1483,1500,0.9906666666666667,0.9866666666666667
二维高密度场景,2,750,P9_High_1.00,1.0,0.22,0.4,custom_pid,11,True,2163.045209639287,0.9324781894683838,264,375,33.3163491162671,28.715843013500958,0.24086689949035645,64.0,459.6104898939017,45,0.17045454545454544,none,45829008.54333671,0.967680608365019,509,526,0.9695817490494296,0.9657794676806084
二维高密度场景,2,750,P9_High_1.00,1.0,0.22,0.4,custom_pid,12,True,2626.1359759641637,1.1906952857971191,356,473,44.84213979499414,28.772769949156903,0.5209383964538574,156.0,503.79726057173326,82,0.2303370786516854,none,45712715.315104306,0.9830985915492958,698,710,0.9830985915492958,0.9830985915492958
二维高密度场景,2,750,P9_High_1.00,1.0,0.22,0.4,custom_pid,13,True,2554.9881144401324,0.9066793918609619,263,367,43.016016114757406,31.092851049130278,0.21175575256347656,63.0,479.4229709834626,54,0.20532319391634982,none,45799015.48209898,0.9732824427480916,510,524,0.9770992366412213,0.9694656488549618
二维高密度场景,2,750,P9_High_1.00,1.0,0.22,0.4,custom_pid,14,True,2769.1583447330736,2.709284782409668,750,1078,43.88630901922124,33.09462517976144,2.618814468383789,728.0,534.6895560573205,169,0.22533333333333333,none,45308983.57789016,0.9913333333333333,1487,1500,0.9906666666666667,0.992
二维高密度场景,2,750,P9_High_1.00,1.0,0.22,0.4,custom_pid,15,True,2905.400708632152,1.573836088180542,478,619,42.489129832416985,28.445713998283022,0.8756463527679443,278.0,492.541391353796,87,0.18200836820083682,none,45695054.28677798,0.9884696016771488,943,954,0.9811320754716981,0.9958071278825996
二维高密度场景,2,750,P9_High_1.00,1.0,0.22,0.4,custom_pid,16,True,2380.606505845889,0.8528594970703125,246,345,34.649214276498434,33.89407945672851,0.16121745109558105,46.0,447.7087000119421,49,0.1991869918699187,none,45651174.5800415,0.9653061224489796,473,490,0.9714285714285714,0.9591836734693877
二维高密度场景,2,750,P9_High_1.00,1.0,0.22,0.4,custom_pid,17,True,2641.6148784222205,2.672353744506836,750,1068,42.50257909576584,30.896415824069148,2.1076836585998535,609.0,547.4208087861707,146,0.19466666666666665,none,45967239.82433893,0.9886666666666667,1483,1500,0.9893333333333333,0.988
二维高密度场景,2,750,P9_High_1.00,1.0,0.22,0.4,custom_pid,18,True,2329.7604982556454,2.5003137588500977,738,971,38.15912682569771,30.934384284675737,1.7405807971954346,538.0,525.361313613071,157,0.2127371273712737,none,46090908.28958322,0.9877883310719131,1456,1474,0.9864314789687924,0.989145183175034
二维高密度场景,2,750,P9_High_1.00,1.0,0.22,0.4,custom_pid,19,True,2972.192552282784,2.789074182510376,750,1131,38.78165420679639,26.88824185441697,2.4375572204589844,669.0,534.5696979776994,166,0.22133333333333333,none,45912828.7577169,0.9886666666666667,1483,1500,0.9906666666666667,0.9866666666666667
二维高密度场景,2,750,P9_High_1.00,1.0,0.22,0.4,custom_pid,20,True,2624.6971967557442,1.4261832237243652,418,570,39.88647198992813,26.084064792149412,0.7447795867919922,218.0,515.9198679563578,72,0.1722488038277512,none,45383290.726610444,0.986810551558753,823,834,0.9904076738609112,0.9832134292565947
二维高密度场景,2,750,P9_High_1.00,1.0,0.22,0.4,custom_pid,21,True,2512.340073834043,1.8662528991699219,537,767,40.22159905828184,29.52299001473864,1.13364577293396,337.0,526.4175003767435,100,0.186219739292365,none,45322148.168560326,0.9850746268656716,1056,1072,0.9813432835820896,0.9888059701492538
二维高密度场景,2,750,P9_High_1.00,1.0,0.22,0.4,custom_pid,22,True,2415.2515488575496,2.3538401126861572,652,964,38.08284224328822,30.073650849602213,1.6093366146087646,452.0,502.9391803833441,146,0.22392638036809817,none,46213317.50020053,0.9831029185867896,1280,1302,0.9846390168970814,0.9815668202764977
二维高密度场景,2,750,P9_High_1.00,1.0,0.22,0.4,custom_pid,23,True,2676.288892268496,1.2512857913970947,376,495,38.17872703672823,34.9079812357104,0.5997307300567627,176.0,498.6134123143697,69,0.18351063829787234,none,45786508.143680915,0.9893333333333333,742,750,0.9893333333333333,0.9893333333333333
二维高密度场景,2,750,P9_High_1.00,1.0,0.22,0.4,custom_pid,24,False,inf,2.6076064109802246,750,1026,inf,0.0,inf,inf,529.1774924479371,176,0.23466666666666666,divergence,45781650.713941455,0.992,1488,1500,0.9893333333333333,0.9946666666666667
二维高密度场景,2,750,P9_High_1.00,1.0,0.22,0.4,custom_pid,25,True,2464.4255443084107,2.709216594696045,750,1036,44.22653552055753,25.813985279661726,2.2805094718933105,647.0,544.1775677558246,147,0.196,none,45591228.10706406,0.99,1485,1500,0.992,0.988
二维高密度场景,2,750,P9_High_1.00,1.0,0.22,0.4,custom_pid,26,True,2315.4009184206325,0.851029634475708,243,364,35.94098112869362,26.72564884747731,0.16578125953674316,43.0,473.86730817963416,34,0.13991769547325103,none,45783505.94685238,0.9483471074380165,459,484,0.9462809917355371,0.9504132231404959
二维高密度场景,2,750,P9_High_1.00,1.0,0.22,0.4,custom_pid,27,True,2378.0898811008656,0.8729774951934814,251,331,33.55091593630382,28.209356898699713,0.1864151954650879,51.0,448.625633527728,40,0.1593625498007968,none,45151942.207057424,0.966,483,500,0.976,0.956
二维高密度场景,2,750,P9_High_1.00,1.0,0.22,0.4,custom_pid,28,True,2508.4371435685075,2.401507616043091,677,955,40.6836107330002,33.664820425570575,1.6361949443817139,477.0,530.9647849195783,147,0.2171344165435746,none,46105936.14623343,0.9940828402366864,1344,1352,0.9970414201183432,0.9911242603550295
二维高密度场景,2,750,P9_High_1.00,1.0,0.22,0.4,custom_pid,29,True,2781.574553736593,1.394540786743164,438,519,35.91098641167657,29.157378345835504,0.7206132411956787,238.0,514.2174133477191,81,0.18493150684931506,none,45844491.35396204,0.9782608695652174,855,874,0.977116704805492,0.9794050343249427
二维高密度场景,2,750,P9_High_1.00,1.0,0.22,0.4,custom_pid,30,True,2518.2105436443685,1.3148670196533203,406,519,39.38850583708581,28.414073667405884,0.630577564239502,206.0,481.8691513467169,61,0.15024630541871922,none,45650640.94191252,0.9777777777777777,792,810,0.9827160493827161,0.9728395061728395
三维高密度场景,3,600,P0_Fixed,0.0,0.0,0.0,fixed_ellipsoid,1,False,inf,3.212940216064453,600,1144,inf,0.0,inf,inf,795.2258600546469,124,0.20666666666666667,divergence,855077864240.1104,1.0,1200,1200,1.0,1.0
三维高密度场景,3,600,P0_Fixed,0.0,0.0,0.0,fixed_ellipsoid,2,False,inf,3.159554958343506,600,1136,inf,0.0,inf,inf,774.9982198527847,132,0.22,divergence,850368280616.4596,1.0,1200,1200,1.0,1.0
三维高密度场景,3,600,P0_Fixed,0.0,0.0,0.0,fixed_ellipsoid,3,False,inf,3.2165229320526123,600,1161,inf,0.0,inf,inf,792.2736503089633,137,0.22833333333333333,divergence,839173939300.1025,1.0,1200,1200,1.0,1.0
三维高密度场景,3,600,P0_Fixed,0.0,0.0,0.0,fixed_ellipsoid,4,False,inf,3.2135226726531982,600,1170,inf,0.0,inf,inf,810.1519359769374,152,0.25333333333333335,divergence,855228380921.4089,1.0,1200,1200,1.0,1.0
三维高密度场景,3,600,P0_Fixed,0.0,0.0,0.0,fixed_ellipsoid,5,True,3206.524565747135,1.4470713138580322,290,550,50.77899134442739,99.73679160082729,0.4442868232727051,90.0,725.684505712423,58,0.2,none,839857856366.5914,1.0,578,578,1.0,1.0
三维高密度场景,3,600,P0_Fixed,0.0,0.0,0.0,fixed_ellipsoid,6,False,inf,3.215588092803955,600,1165,inf,0.0,inf,inf,759.7365203271893,145,0.24166666666666667,oscillation,850382776393.7434,1.0,1200,1200,1.0,1.0
三维高密度场景,3,600,P0_Fixed,0.0,0.0,0.0,fixed_ellipsoid,7,False,inf,3.2616701126098633,600,1176,inf,0.0,inf,inf,750.5708452135065,128,0.21333333333333335,oscillation,841262800026.0135,1.0,1200,1200,1.0,1.0
三维高密度场景,3,600,P0_Fixed,0.0,0.0,0.0,fixed_ellipsoid,8,False,inf,3.226553440093994,600,1155,inf,0.0,inf,inf,833.8907854957308,151,0.25166666666666665,oscillation,858221579040.5227,1.0,1200,1200,1.0,1.0
三维高密度场景,3,600,P0_Fixed,0.0,0.0,0.0,fixed_ellipsoid,9,False,inf,3.1796517372131348,600,1154,inf,0.0,inf,inf,807.9002643015475,130,0.21666666666666667,divergence,849698971709.7118,1.0,1200,1200,1.0,1.0
三维高密度场景,3,600,P0_Fixed,0.0,0.0,0.0,fixed_ellipsoid,10,False,inf,3.2068562507629395,600,1166,inf,0.0,inf,inf,763.3729267577206,127,0.21166666666666667,oscillation,826543425497.3927,1.0,1200,1200,1.0,1.0
三维高密度场景,3,600,P0_Fixed,0.0,0.0,0.0,fixed_ellipsoid,11,False,inf,3.1986804008483887,600,1157,inf,0.0,inf,inf,782.483529907965,138,0.23,divergence,853982330650.6202,1.0,1200,1200,1.0,1.0
三维高密度场景,3,600,P0_Fixed,0.0,0.0,0.0,fixed_ellipsoid,12,True,3085.2066317964845,1.3306081295013428,263,511,45.40127712388586,108.82797598143272,0.3342578411102295,63.0,681.5597678744663,63,0.23954372623574144,none,837410404695.2278,1.0,524,524,1.0,1.0
三维高密度场景,3,600,P0_Fixed,0.0,0.0,0.0,fixed_ellipsoid,13,False,inf,3.1884610652923584,600,1154,inf,0.0,inf,inf,730.5169194845465,141,0.235,oscillation,825279992922.8011,1.0,1200,1200,1.0,1.0
三维高密度场景,3,600,P0_Fixed,0.0,0.0,0.0,fixed_ellipsoid,14,False,inf,3.213226556777954,600,1167,inf,0.0,inf,inf,789.667243808703,141,0.235,oscillation,848923760256.8525,1.0,1200,1200,1.0,1.0
三维高密度场景,3,600,P0_Fixed,0.0,0.0,0.0,fixed_ellipsoid,15,False,inf,3.1912076473236084,600,1155,inf,0.0,inf,inf,789.9899717757048,143,0.23833333333333334,divergence,846674035237.2467,1.0,1200,1200,1.0,1.0
三维高密度场景,3,600,P0_Fixed,0.0,0.0,0.0,fixed_ellipsoid,16,False,inf,3.198737621307373,600,1160,inf,0.0,inf,inf,786.1966822440708,124,0.20666666666666667,oscillation,866711443523.9667,1.0,1200,1200,1.0,1.0
三维高密度场景,3,600,P0_Fixed,0.0,0.0,0.0,fixed_ellipsoid,17,False,inf,3.210639715194702,600,1162,inf,0.0,inf,inf,768.8337402764876,132,0.22,oscillation,832591864880.3605,1.0,1200,1200,1.0,1.0
三维高密度场景,3,600,P0_Fixed,0.0,0.0,0.0,fixed_ellipsoid,18,True,3089.7719293985256,1.3208153247833252,263,510,45.1871646479819,93.97784710152538,0.3274211883544922,63.0,718.5216607144587,56,0.21292775665399238,none,852441333714.3099,1.0,524,524,1.0,1.0
三维高密度场景,3,600,P0_Fixed,0.0,0.0,0.0,fixed_ellipsoid,19,False,inf,3.1861348152160645,600,1165,inf,0.0,inf,inf,806.6605647614903,136,0.22666666666666666,divergence,860482295750.3292,1.0,1200,1200,1.0,1.0
三维高密度场景,3,600,P0_Fixed,0.0,0.0,0.0,fixed_ellipsoid,20,False,inf,3.2262706756591797,600,1160,inf,0.0,inf,inf,795.8815926776689,121,0.20166666666666666,oscillation,871797766145.1353,1.0,1200,1200,1.0,1.0
三维高密度场景,3,600,P0_Fixed,0.0,0.0,0.0,fixed_ellipsoid,21,False,inf,3.247610330581665,600,1178,inf,0.0,inf,inf,788.8674206066903,143,0.23833333333333334,divergence,836604138420.2688,1.0,1200,1200,1.0,1.0
三维高密度场景,3,600,P0_Fixed,0.0,0.0,0.0,fixed_ellipsoid,22,False,inf,3.2479147911071777,600,1163,inf,0.0,inf,inf,788.9941269108612,127,0.21166666666666667,divergence,856165457773.9891,1.0,1200,1200,1.0,1.0
三维高密度场景,3,600,P0_Fixed,0.0,0.0,0.0,fixed_ellipsoid,23,False,inf,3.2350473403930664,600,1176,inf,0.0,inf,inf,790.4929028005491,113,0.18833333333333332,divergence,856177300707.1322,1.0,1200,1200,1.0,1.0
三维高密度场景,3,600,P0_Fixed,0.0,0.0,0.0,fixed_ellipsoid,24,False,inf,3.2487447261810303,600,1180,inf,0.0,inf,inf,774.361264867662,140,0.23333333333333334,divergence,855515375852.8577,1.0,1200,1200,1.0,1.0
三维高密度场景,3,600,P0_Fixed,0.0,0.0,0.0,fixed_ellipsoid,25,False,inf,3.2153210639953613,600,1168,inf,0.0,inf,inf,780.8910101200979,130,0.21666666666666667,divergence,874800568951.1907,1.0,1200,1200,1.0,1.0
三维高密度场景,3,600,P0_Fixed,0.0,0.0,0.0,fixed_ellipsoid,26,False,inf,3.218165159225464,600,1157,inf,0.0,inf,inf,788.5058921602734,127,0.21166666666666667,divergence,873656459572.3362,1.0,1200,1200,1.0,1.0
三维高密度场景,3,600,P0_Fixed,0.0,0.0,0.0,fixed_ellipsoid,27,False,inf,3.157780408859253,600,1148,inf,0.0,inf,inf,781.6097874268689,134,0.22333333333333333,divergence,841954040634.3147,1.0,1200,1200,1.0,1.0
三维高密度场景,3,600,P0_Fixed,0.0,0.0,0.0,fixed_ellipsoid,28,False,inf,3.1986162662506104,600,1154,inf,0.0,inf,inf,763.8157069765656,121,0.20166666666666666,divergence,836461982941.2773,1.0,1200,1200,1.0,1.0
三维高密度场景,3,600,P0_Fixed,0.0,0.0,0.0,fixed_ellipsoid,29,False,inf,3.261552095413208,600,1180,inf,0.0,inf,inf,758.201969232768,137,0.22833333333333333,oscillation,890214504270.018,1.0,1200,1200,1.0,1.0
三维高密度场景,3,600,P0_Fixed,0.0,0.0,0.0,fixed_ellipsoid,30,False,inf,3.258302927017212,600,1170,inf,0.0,inf,inf,794.357532427112,136,0.22666666666666666,divergence,841756023640.8156,1.0,1200,1200,1.0,1.0
三维高密度场景,3,600,P1_VeryLow,0.05,0.01,0.02,custom_pid,1,False,inf,3.2352538108825684,600,1154,inf,0.0,inf,inf,605.5913862956864,140,0.23333333333333334,divergence,419723270113.2727,0.9925,1191,1200,0.9916666666666667,0.9933333333333333
三维高密度场景,3,600,P1_VeryLow,0.05,0.01,0.02,custom_pid,2,False,inf,3.248389720916748,600,1147,inf,0.0,inf,inf,603.8392576595129,123,0.205,divergence,430502035283.38416,0.9908333333333333,1189,1200,0.9916666666666667,0.99
三维高密度场景,3,600,P1_VeryLow,0.05,0.01,0.02,custom_pid,3,False,inf,3.243793487548828,600,1146,inf,0.0,inf,inf,586.9125946612601,137,0.22833333333333333,divergence,441316041718.07404,0.9858333333333333,1183,1200,0.9883333333333333,0.9833333333333333
三维高密度场景,3,600,P1_VeryLow,0.05,0.01,0.02,custom_pid,4,False,inf,3.280261278152466,600,1152,inf,0.0,inf,inf,592.2439833656547,130,0.21666666666666667,divergence,437016711045.18427,0.9866666666666667,1184,1200,0.9816666666666667,0.9916666666666667
三维高密度场景,3,600,P1_VeryLow,0.05,0.01,0.02,custom_pid,5,False,inf,3.2569878101348877,600,1159,inf,0.0,inf,inf,605.4131280729822,137,0.22833333333333333,divergence,429214070705.3443,0.9858333333333333,1183,1200,0.9883333333333333,0.9833333333333333
三维高密度场景,3,600,P1_VeryLow,0.05,0.01,0.02,custom_pid,6,False,inf,3.251434326171875,600,1133,inf,0.0,inf,inf,581.3729671248819,122,0.20333333333333334,divergence,431086672115.2756,0.99,1188,1200,0.9966666666666667,0.9833333333333333
三维高密度场景,3,600,P1_VeryLow,0.05,0.01,0.02,custom_pid,7,True,3312.775659398523,1.2515010833740234,250,478,45.01669025161513,89.18656576670675,0.25200772285461426,50.0,491.85517004504914,47,0.188,none,430711421527.8489,0.9678714859437751,482,498,0.9678714859437751,0.9678714859437751
三维高密度场景,3,600,P1_VeryLow,0.05,0.01,0.02,custom_pid,8,False,inf,3.2212467193603516,600,1131,inf,0.0,inf,inf,595.5664876854211,132,0.22,divergence,429872911349.16486,0.9916666666666667,1190,1200,0.9916666666666667,0.9916666666666667
三维高密度场景,3,600,P1_VeryLow,0.05,0.01,0.02,custom_pid,9,True,3140.6602471433107,3.2926604747772217,600,1165,45.33120765206692,99.43415853616764,2.621163845062256,496.0,587.5568023507026,123,0.205,none,436429616224.77155,0.99,1188,1200,0.995,0.985
三维高密度场景,3,600,P1_VeryLow,0.05,0.01,0.02,custom_pid,10,True,3027.081651949993,1.2202084064483643,243,468,51.37543342256132,88.83537066779391,0.21959233283996582,43.0,505.7996360905516,58,0.23868312757201646,none,430117122843.24585,0.9752066115702479,472,484,0.9504132231404959,1.0
三维高密度场景,3,600,P1_VeryLow,0.05,0.01,0.02,custom_pid,11,True,3183.4543842701746,1.2628264427185059,255,489,45.97829977924613,105.99433003634527,0.27341365814208984,55.0,475.71076472490034,57,0.2235294117647059,none,427015081289.7211,0.9803149606299213,498,508,0.9803149606299213,0.9803149606299213
三维高密度场景,3,600,P1_VeryLow,0.05,0.01,0.02,custom_pid,12,False,inf,3.258333921432495,600,1152,inf,0.0,inf,inf,594.2794231683972,125,0.20833333333333334,divergence,430734714838.95844,0.99,1188,1200,0.9883333333333333,0.9916666666666667
三维高密度场景,3,600,P1_VeryLow,0.05,0.01,0.02,custom_pid,13,True,3101.3414260679115,1.2897467613220215,258,494,49.66484811386728,100.11512512442091,0.30722999572753906,58.0,486.1301169117959,45,0.1744186046511628,none,428575399424.712,0.9708171206225681,499,514,0.9766536964980544,0.9649805447470817
三维高密度场景,3,600,P1_VeryLow,0.05,0.01,0.02,custom_pid,14,False,inf,3.253051280975342,600,1158,inf,0.0,inf,inf,583.5507265631669,115,0.19166666666666668,divergence,429613405131.86707,0.9875,1185,1200,0.9933333333333333,0.9816666666666667
三维高密度场景,3,600,P1_VeryLow,0.05,0.01,0.02,custom_pid,15,False,inf,3.2704555988311768,600,1166,inf,0.0,inf,inf,600.607667211541,130,0.21666666666666667,divergence,427222870885.45905,0.985,1182,1200,0.9866666666666667,0.9833333333333333
三维高密度场景,3,600,P1_VeryLow,0.05,0.01,0.02,custom_pid,16,True,3220.6360120659288,2.8775227069854736,548,1030,48.767537571175446,86.2165287147154,1.7591397762298584,348.0,569.0455135206935,118,0.21532846715328466,none,430992671584.6156,0.9890310786106032,1082,1094,0.9835466179159049,0.9945155393053017
三维高密度场景,3,600,P1_VeryLow,0.05,0.01,0.02,custom_pid,17,False,inf,3.2780864238739014,600,1167,inf,0.0,inf,inf,589.4738520510074,144,0.24,oscillation,431080262297.67004,0.9933333333333333,1192,1200,0.9966666666666667,0.99
三维高密度场景,3,600,P1_VeryLow,0.05,0.01,0.02,custom_pid,18,False,inf,3.2318055629730225,600,1152,inf,0.0,inf,inf,612.3494482720822,122,0.20333333333333334,divergence,423722122125.72095,0.99,1188,1200,0.99,0.99
三维高密度场景,3,600,P1_VeryLow,0.05,0.01,0.02,custom_pid,19,False,inf,3.237807512283325,600,1158,inf,0.0,inf,inf,572.0444910587777,135,0.225,divergence,434841972683.21216,0.9883333333333333,1186,1200,0.9883333333333333,0.9883333333333333
三维高密度场景,3,600,P1_VeryLow,0.05,0.01,0.02,custom_pid,20,False,inf,3.2595221996307373,600,1160,inf,0.0,inf,inf,589.067059103208,123,0.205,divergence,422825156158.0913,0.9925,1191,1200,0.995,0.99
三维高密度场景,3,600,P1_VeryLow,0.05,0.01,0.02,custom_pid,21,False,inf,3.2188076972961426,600,1147,inf,0.0,inf,inf,579.6172629620647,134,0.22333333333333333,divergence,429392551845.002,0.9866666666666667,1184,1200,0.995,0.9783333333333334
三维高密度场景,3,600,P1_VeryLow,0.05,0.01,0.02,custom_pid,22,False,inf,3.2781550884246826,600,1170,inf,0.0,inf,inf,580.606436221745,130,0.21666666666666667,divergence,427435135386.55664,0.9916666666666667,1190,1200,0.99,0.9933333333333333
三维高密度场景,3,600,P1_VeryLow,0.05,0.01,0.02,custom_pid,23,False,inf,3.2330546379089355,600,1145,inf,0.0,inf,inf,575.0496301350928,135,0.225,divergence,437894698899.1535,0.9883333333333333,1186,1200,0.9883333333333333,0.9883333333333333
三维高密度场景,3,600,P1_VeryLow,0.05,0.01,0.02,custom_pid,24,False,inf,3.2323594093322754,600,1139,inf,0.0,inf,inf,592.5647374481865,125,0.20833333333333334,divergence,425152208247.43066,0.9933333333333333,1192,1200,0.9966666666666667,0.99
三维高密度场景,3,600,P1_VeryLow,0.05,0.01,0.02,custom_pid,25,False,inf,3.2683157920837402,600,1153,inf,0.0,inf,inf,570.0708900557107,121,0.20166666666666666,divergence,437299818683.22656,0.9858333333333333,1183,1200,0.99,0.9816666666666667
三维高密度场景,3,600,P1_VeryLow,0.05,0.01,0.02,custom_pid,26,False,inf,3.2434237003326416,600,1161,inf,0.0,inf,inf,583.899385091397,147,0.245,divergence,437269744398.6294,0.9933333333333333,1192,1200,0.9966666666666667,0.99
三维高密度场景,3,600,P1_VeryLow,0.05,0.01,0.02,custom_pid,27,False,inf,3.2624738216400146,600,1155,inf,0.0,inf,inf,588.8265428154793,135,0.225,divergence,427781298123.90753,0.995,1194,1200,0.9933333333333333,0.9966666666666667
三维高密度场景,3,600,P1_VeryLow,0.05,0.01,0.02,custom_pid,28,True,3080.54568485683,1.2710626125335693,255,490,41.37884125831698,102.16397496478434,0.27486586570739746,55.0,526.5201655141308,55,0.21568627450980393,none,433136657423.0842,0.9803149606299213,498,508,0.9763779527559056,0.984251968503937
三维高密度场景,3,600,P1_VeryLow,0.05,0.01,0.02,custom_pid,29,False,inf,3.229728937149048,600,1150,inf,0.0,inf,inf,569.2610272271684,105,0.175,divergence,431951586555.9726,0.9925,1191,1200,0.9933333333333333,0.9916666666666667
三维高密度场景,3,600,P1_VeryLow,0.05,0.01,0.02,custom_pid,30,False,inf,3.2678630352020264,600,1154,inf,0.0,inf,inf,591.1731739786164,122,0.20333333333333334,divergence,435774160254.9827,0.995,1194,1200,0.995,0.995
三维高密度场景,3,600,P2_Low,0.2,0.03,0.08,custom_pid,1,False,inf,3.2444369792938232,600,1169,inf,0.0,inf,inf,601.1564853331662,132,0.22,divergence,428537004063.17303,0.9908333333333333,1189,1200,0.9916666666666667,0.99
三维高密度场景,3,600,P2_Low,0.2,0.03,0.08,custom_pid,2,False,inf,3.187321424484253,600,1137,inf,0.0,inf,inf,603.7751781136883,132,0.22,divergence,429447277001.06226,0.9875,1185,1200,0.985,0.99
三维高密度场景,3,600,P2_Low,0.2,0.03,0.08,custom_pid,3,True,3454.8006198661205,1.8031182289123535,358,688,53.35258967975856,96.71686642064327,0.7698910236358643,158.0,544.4536608174708,85,0.23743016759776536,none,437393217938.9271,0.9775910364145658,698,714,0.9859943977591037,0.969187675070028
三维高密度场景,3,600,P2_Low,0.2,0.03,0.08,custom_pid,4,False,inf,3.221317768096924,600,1149,inf,0.0,inf,inf,593.441899683719,122,0.20333333333333334,divergence,429900718045.3289,0.995,1194,1200,0.995,0.995
三维高密度场景,3,600,P2_Low,0.2,0.03,0.08,custom_pid,5,False,inf,3.2095868587493896,600,1138,inf,0.0,inf,inf,555.658038841695,133,0.22166666666666668,divergence,423960968410.4001,0.9916666666666667,1190,1200,0.9916666666666667,0.9916666666666667
三维高密度场景,3,600,P2_Low,0.2,0.03,0.08,custom_pid,6,False,inf,3.2526967525482178,600,1159,inf,0.0,inf,inf,593.7521093459168,134,0.22333333333333333,divergence,441176637031.2821,0.995,1194,1200,0.9916666666666667,0.9983333333333333
三维高密度场景,3,600,P2_Low,0.2,0.03,0.08,custom_pid,7,False,inf,3.220878839492798,600,1134,inf,0.0,inf,inf,592.8374085929386,125,0.20833333333333334,divergence,428506994589.31415,0.99,1188,1200,0.9933333333333333,0.9866666666666667
三维高密度场景,3,600,P2_Low,0.2,0.03,0.08,custom_pid,8,False,inf,3.224459171295166,600,1149,inf,0.0,inf,inf,589.3716078703546,149,0.24833333333333332,divergence,427437773883.84717,0.9933333333333333,1192,1200,0.9933333333333333,0.9933333333333333
三维高密度场景,3,600,P2_Low,0.2,0.03,0.08,custom_pid,9,False,inf,3.2383909225463867,600,1156,inf,0.0,inf,inf,589.967541559184,125,0.20833333333333334,divergence,430419176138.1096,0.995,1194,1200,0.9966666666666667,0.9933333333333333
三维高密度场景,3,600,P2_Low,0.2,0.03,0.08,custom_pid,10,False,inf,3.2258245944976807,600,1148,inf,0.0,inf,inf,589.7114800240574,149,0.24833333333333332,divergence,423068432203.0087,0.9925,1191,1200,0.9916666666666667,0.9933333333333333
三维高密度场景,3,600,P2_Low,0.2,0.03,0.08,custom_pid,11,False,inf,3.2760279178619385,600,1169,inf,0.0,inf,inf,577.2049062277464,129,0.215,divergence,437230928456.19794,0.9883333333333333,1186,1200,0.9883333333333333,0.9883333333333333
三维高密度场景,3,600,P2_Low,0.2,0.03,0.08,custom_pid,12,False,inf,3.2414824962615967,600,1154,inf,0.0,inf,inf,599.1539543300321,132,0.22,divergence,429294236127.6806,0.9916666666666667,1190,1200,0.9883333333333333,0.995
三维高密度场景,3,600,P2_Low,0.2,0.03,0.08,custom_pid,13,False,inf,3.2321531772613525,600,1136,inf,0.0,inf,inf,608.4320582290944,144,0.24,divergence,437674223674.29346,0.99,1188,1200,0.99,0.99
三维高密度场景,3,600,P2_Low,0.2,0.03,0.08,custom_pid,14,False,inf,3.2589943408966064,600,1155,inf,0.0,inf,inf,623.3148072182861,136,0.22666666666666666,divergence,447588330534.5371,0.9883333333333333,1186,1200,0.99,0.9866666666666667
三维高密度场景,3,600,P2_Low,0.2,0.03,0.08,custom_pid,15,True,3319.9207376968234,3.179377555847168,588,1138,48.20973951607132,100.1510467991592,2.007138967514038,388.0,609.3863066036454,126,0.21428571428571427,none,427842955573.87445,0.9872231686541738,1159,1174,0.989778534923339,0.9846678023850085
三维高密度场景,3,600,P2_Low,0.2,0.03,0.08,custom_pid,16,False,inf,3.188946485519409,600,1124,inf,0.0,inf,inf,575.2797640149716,129,0.215,divergence,431621977689.3471,0.9958333333333333,1195,1200,0.995,0.9966666666666667
三维高密度场景,3,600,P2_Low,0.2,0.03,0.08,custom_pid,17,True,3198.378925900834,1.278808355331421,257,495,45.79148568544379,92.86500252612223,0.2860908508300781,57.0,513.6651107217217,39,0.1517509727626459,none,431136304569.4968,0.97265625,498,512,0.9765625,0.96875
三维高密度场景,3,600,P2_Low,0.2,0.03,0.08,custom_pid,18,True,3031.479337144512,1.1719470024108887,241,457,45.67179041040374,94.08162506729245,0.1930406093597412,41.0,452.1505365566757,42,0.17427385892116182,none,428990759508.4534,0.9625,462,480,0.9625,0.9625
三维高密度场景,3,600,P2_Low,0.2,0.03,0.08,custom_pid,19,False,inf,3.2370104789733887,600,1140,inf,0.0,inf,inf,580.9966995131193,122,0.20333333333333334,divergence,440451705144.54694,0.9916666666666667,1190,1200,0.9916666666666667,0.9916666666666667
三维高密度场景,3,600,P2_Low,0.2,0.03,0.08,custom_pid,20,False,inf,3.2437689304351807,600,1157,inf,0.0,inf,inf,607.8903364972956,117,0.195,divergence,435365090791.9932,0.9958333333333333,1195,1200,0.9966666666666667,0.995
三维高密度场景,3,600,P2_Low,0.2,0.03,0.08,custom_pid,21,True,3787.253705883332,3.231360673904419,600,1144,47.53865872194749,88.34201897675754,2.6872682571411133,514.0,596.493787033207,131,0.21833333333333332,none,420903131198.00305,0.9933333333333333,1192,1200,0.995,0.9916666666666667
三维高密度场景,3,600,P2_Low,0.2,0.03,0.08,custom_pid,22,False,inf,3.280808210372925,600,1164,inf,0.0,inf,inf,581.2655868076802,146,0.24333333333333335,divergence,439146751228.465,0.9925,1191,1200,0.995,0.99
三维高密度场景,3,600,P2_Low,0.2,0.03,0.08,custom_pid,23,False,inf,3.2669265270233154,600,1152,inf,0.0,inf,inf,596.8033288062741,146,0.24333333333333335,divergence,449602436277.04755,0.9908333333333333,1189,1200,0.9883333333333333,0.9933333333333333
三维高密度场景,3,600,P2_Low,0.2,0.03,0.08,custom_pid,24,False,inf,3.225018262863159,600,1139,inf,0.0,inf,inf,598.4143985852528,142,0.23666666666666666,divergence,435425949422.98285,0.99,1188,1200,0.99,0.99
三维高密度场景,3,600,P2_Low,0.2,0.03,0.08,custom_pid,25,False,inf,3.252936601638794,600,1157,inf,0.0,inf,inf,582.4163101118777,140,0.23333333333333334,divergence,434663399674.65936,0.9925,1191,1200,0.9916666666666667,0.9933333333333333
三维高密度场景,3,600,P2_Low,0.2,0.03,0.08,custom_pid,26,False,inf,3.2087881565093994,600,1148,inf,0.0,inf,inf,599.0288025785097,123,0.205,divergence,415187661226.7976,0.9933333333333333,1192,1200,0.9916666666666667,0.995
三维高密度场景,3,600,P2_Low,0.2,0.03,0.08,custom_pid,27,False,inf,3.2327446937561035,600,1148,inf,0.0,inf,inf,584.7629949630099,127,0.21166666666666667,divergence,420482710048.8297,0.9908333333333333,1189,1200,0.9866666666666667,0.995
三维高密度场景,3,600,P2_Low,0.2,0.03,0.08,custom_pid,28,False,inf,3.2872071266174316,600,1162,inf,0.0,inf,inf,564.9277864008511,133,0.22166666666666668,divergence,427592713494.7375,0.99,1188,1200,0.9883333333333333,0.9916666666666667
三维高密度场景,3,600,P2_Low,0.2,0.03,0.08,custom_pid,29,False,inf,3.2228126525878906,600,1135,inf,0.0,inf,inf,586.3014490711724,123,0.205,oscillation,436382948132.10785,0.9916666666666667,1190,1200,0.9866666666666667,0.9966666666666667
三维高密度场景,3,600,P2_Low,0.2,0.03,0.08,custom_pid,30,False,inf,3.2640573978424072,600,1150,inf,0.0,inf,inf,585.4127260977525,135,0.225,divergence,427940488919.3686,0.99,1188,1200,0.9866666666666667,0.9933333333333333
三维高密度场景,3,600,P3_High_0.40,0.4,0.07,0.16,custom_pid,1,True,2927.6690665288857,1.2812023162841797,259,499,45.82107127070639,111.78500962714844,0.289093017578125,59.0,491.81848143784805,59,0.2277992277992278,none,427324194201.9794,0.9844961240310077,508,516,0.9922480620155039,0.9767441860465116
三维高密度场景,3,600,P3_High_0.40,0.4,0.07,0.16,custom_pid,2,True,3303.1300283802966,1.3854753971099854,280,548,45.57371628373573,100.36323370660631,0.3955197334289551,80.0,519.3722022992184,57,0.20357142857142857,none,428021949850.8667,0.9802867383512545,547,558,0.982078853046595,0.978494623655914
三维高密度场景,3,600,P3_High_0.40,0.4,0.07,0.16,custom_pid,3,False,inf,3.239039897918701,600,1147,inf,0.0,inf,inf,582.2141554702326,113,0.18833333333333332,divergence,418216716102.623,0.9925,1191,1200,0.9933333333333333,0.9916666666666667
三维高密度场景,3,600,P3_High_0.40,0.4,0.07,0.16,custom_pid,4,False,inf,3.2995128631591797,600,1169,inf,0.0,inf,inf,600.1194346919801,124,0.20666666666666667,divergence,438798210115.14233,0.9875,1185,1200,0.9866666666666667,0.9883333333333333
三维高密度场景,3,600,P3_High_0.40,0.4,0.07,0.16,custom_pid,5,False,inf,3.221680164337158,600,1141,inf,0.0,inf,inf,583.3061101975838,133,0.22166666666666668,divergence,437971523351.3521,0.9875,1185,1200,0.9833333333333333,0.9916666666666667
三维高密度场景,3,600,P3_High_0.40,0.4,0.07,0.16,custom_pid,6,True,3429.1641496313473,2.239757776260376,434,837,50.51690754556191,96.89129853918075,1.1562061309814453,234.0,547.145978708352,103,0.23732718894009217,none,439440073922.41296,0.9919168591224018,859,866,0.9884526558891455,0.9953810623556582
三维高密度场景,3,600,P3_High_0.40,0.4,0.07,0.16,custom_pid,7,False,inf,3.229553699493408,600,1152,inf,0.0,inf,inf,598.8515952190688,121,0.20166666666666666,divergence,442735900424.3231,0.9916666666666667,1190,1200,0.995,0.9883333333333333
三维高密度场景,3,600,P3_High_0.40,0.4,0.07,0.16,custom_pid,8,False,inf,3.249234199523926,600,1148,inf,0.0,inf,inf,590.4926457148771,133,0.22166666666666668,divergence,442074754113.35583,0.9916666666666667,1190,1200,0.99,0.9933333333333333
三维高密度场景,3,600,P3_High_0.40,0.4,0.07,0.16,custom_pid,9,False,inf,3.2581775188446045,600,1138,inf,0.0,inf,inf,560.8864703132889,134,0.22333333333333333,divergence,426941888118.1675,0.9925,1191,1200,0.995,0.99
三维高密度场景,3,600,P3_High_0.40,0.4,0.07,0.16,custom_pid,10,False,inf,3.20582914352417,600,1122,inf,0.0,inf,inf,593.7058127175228,113,0.18833333333333332,divergence,420342816299.62164,0.9933333333333333,1192,1200,0.9933333333333333,0.9933333333333333
三维高密度场景,3,600,P3_High_0.40,0.4,0.07,0.16,custom_pid,11,False,inf,3.1993141174316406,600,1125,inf,0.0,inf,inf,582.9976734936798,122,0.20333333333333334,divergence,427727643440.0326,0.9891666666666666,1187,1200,0.99,0.9883333333333333
三维高密度场景,3,600,P3_High_0.40,0.4,0.07,0.16,custom_pid,12,False,inf,3.275031566619873,600,1176,inf,0.0,inf,inf,598.2396371112361,136,0.22666666666666666,divergence,437586805610.3868,0.9925,1191,1200,0.9933333333333333,0.9916666666666667
三维高密度场景,3,600,P3_High_0.40,0.4,0.07,0.16,custom_pid,13,False,inf,3.2389094829559326,600,1151,inf,0.0,inf,inf,584.5561250536455,137,0.22833333333333333,divergence,438505707778.23773,0.9916666666666667,1190,1200,0.9916666666666667,0.9916666666666667
三维高密度场景,3,600,P3_High_0.40,0.4,0.07,0.16,custom_pid,14,False,inf,3.248281955718994,600,1156,inf,0.0,inf,inf,581.1454860549885,128,0.21333333333333335,divergence,432226699494.05347,0.9875,1185,1200,0.9933333333333333,0.9816666666666667
三维高密度场景,3,600,P3_High_0.40,0.4,0.07,0.16,custom_pid,15,False,inf,3.194669485092163,600,1118,inf,0.0,inf,inf,594.9410407260303,129,0.215,divergence,427656182090.15204,0.9916666666666667,1190,1200,0.99,0.9933333333333333
三维高密度场景,3,600,P3_High_0.40,0.4,0.07,0.16,custom_pid,16,False,inf,3.270277500152588,600,1165,inf,0.0,inf,inf,631.4016601367074,121,0.20166666666666666,divergence,421980212010.44293,0.9891666666666666,1187,1200,0.9883333333333333,0.99
三维高密度场景,3,600,P3_High_0.40,0.4,0.07,0.16,custom_pid,17,True,3337.0610651123066,1.3289411067962646,268,511,51.318623431789796,83.8569086004131,0.3355133533477783,68.0,519.1930792332873,49,0.1828358208955224,none,428852135863.03094,0.9794007490636704,523,534,0.9737827715355806,0.9850187265917603
三维高密度场景,3,600,P3_High_0.40,0.4,0.07,0.16,custom_pid,18,False,inf,3.285724639892578,600,1172,inf,0.0,inf,inf,582.2838992849889,135,0.225,divergence,440058489161.9119,0.9883333333333333,1186,1200,0.99,0.9866666666666667
三维高密度场景,3,600,P3_High_0.40,0.4,0.07,0.16,custom_pid,19,False,inf,3.2838685512542725,600,1159,inf,0.0,inf,inf,583.2233317335726,128,0.21333333333333335,divergence,433202394501.29706,0.99,1188,1200,0.9883333333333333,0.9916666666666667
三维高密度场景,3,600,P3_High_0.40,0.4,0.07,0.16,custom_pid,20,False,inf,3.2880818843841553,600,1159,inf,0.0,inf,inf,568.1876656981423,133,0.22166666666666668,divergence,426328718037.2199,0.9908333333333333,1189,1200,0.99,0.9916666666666667
三维高密度场景,3,600,P3_High_0.40,0.4,0.07,0.16,custom_pid,21,False,inf,3.2080016136169434,600,1128,inf,0.0,inf,inf,598.9288526419791,119,0.19833333333333333,divergence,445390106238.7352,0.9925,1191,1200,0.99,0.995
三维高密度场景,3,600,P3_High_0.40,0.4,0.07,0.16,custom_pid,22,False,inf,3.2214272022247314,600,1132,inf,0.0,inf,inf,577.0318876899045,153,0.255,divergence,428632130167.3035,0.9891666666666666,1187,1200,0.9866666666666667,0.9916666666666667
三维高密度场景,3,600,P3_High_0.40,0.4,0.07,0.16,custom_pid,23,True,3022.8796915392377,1.2947242259979248,254,492,48.082993570222634,89.36761232212731,0.28090739250183105,54.0,492.15886947540633,47,0.18503937007874016,none,427753903440.84155,0.9683794466403162,490,506,0.9565217391304348,0.9802371541501976
三维高密度场景,3,600,P3_High_0.40,0.4,0.07,0.16,custom_pid,24,False,inf,3.27048397064209,600,1156,inf,0.0,inf,inf,578.198533196384,130,0.21666666666666667,divergence,433962997723.2727,0.9966666666666667,1196,1200,0.9966666666666667,0.9966666666666667
三维高密度场景,3,600,P3_High_0.40,0.4,0.07,0.16,custom_pid,25,False,inf,3.240121364593506,600,1160,inf,0.0,inf,inf,588.759965270658,135,0.225,divergence,429827128096.48114,0.9908333333333333,1189,1200,0.9916666666666667,0.99
三维高密度场景,3,600,P3_High_0.40,0.4,0.07,0.16,custom_pid,26,False,inf,3.2999441623687744,600,1168,inf,0.0,inf,inf,584.4918468676627,142,0.23666666666666666,divergence,425790963731.72327,0.9866666666666667,1184,1200,0.9866666666666667,0.9866666666666667
三维高密度场景,3,600,P3_High_0.40,0.4,0.07,0.16,custom_pid,27,True,3488.6146415277076,1.301128625869751,259,508,50.06464742188503,98.00835816680103,0.3012833595275879,59.0,499.1771404484803,46,0.1776061776061776,none,431505132572.79126,0.9844961240310077,508,516,0.9806201550387597,0.9883720930232558
三维高密度场景,3,600,P3_High_0.40,0.4,0.07,0.16,custom_pid,28,False,inf,3.2583370208740234,600,1146,inf,0.0,inf,inf,591.7838185952493,124,0.20666666666666667,divergence,428332382844.88226,0.99,1188,1200,0.9883333333333333,0.9916666666666667
三维高密度场景,3,600,P3_High_0.40,0.4,0.07,0.16,custom_pid,29,False,inf,3.2215445041656494,600,1143,inf,0.0,inf,inf,616.2672903232243,126,0.21,divergence,428718659459.92444,0.9891666666666666,1187,1200,0.9916666666666667,0.9866666666666667
三维高密度场景,3,600,P3_High_0.40,0.4,0.07,0.16,custom_pid,30,True,3288.7830365264285,1.256422758102417,259,490,46.84892879247956,100.54073972489118,0.2901773452758789,59.0,497.28482510229367,64,0.2471042471042471,none,431719135691.5094,0.9786821705426356,505,516,0.9806201550387597,0.9767441860465116
三维高密度场景,3,600,P4_High_0.50,0.5,0.1,0.2,custom_pid,1,False,inf,3.2412803173065186,600,1138,inf,0.0,inf,inf,585.7428632695462,153,0.255,divergence,432650390408.61914,0.9925,1191,1200,0.9933333333333333,0.9916666666666667
三维高密度场景,3,600,P4_High_0.50,0.5,0.1,0.2,custom_pid,2,False,inf,3.237316608428955,600,1152,inf,0.0,inf,inf,593.7193228868916,120,0.2,divergence,430076449016.07416,0.9875,1185,1200,0.985,0.99
三维高密度场景,3,600,P4_High_0.50,0.5,0.1,0.2,custom_pid,3,False,inf,3.2661263942718506,600,1155,inf,0.0,inf,inf,574.9223131883538,122,0.20333333333333334,divergence,432039661746.6098,0.9925,1191,1200,0.9916666666666667,0.9933333333333333
三维高密度场景,3,600,P4_High_0.50,0.5,0.1,0.2,custom_pid,4,False,inf,3.2524240016937256,600,1148,inf,0.0,inf,inf,581.6881366813722,138,0.23,divergence,430680851060.5676,0.9925,1191,1200,0.9916666666666667,0.9933333333333333
三维高密度场景,3,600,P4_High_0.50,0.5,0.1,0.2,custom_pid,5,False,inf,3.222893238067627,600,1120,inf,0.0,inf,inf,583.9277141601998,139,0.23166666666666666,divergence,427551257381.5034,0.9891666666666666,1187,1200,0.9883333333333333,0.99
三维高密度场景,3,600,P4_High_0.50,0.5,0.1,0.2,custom_pid,6,False,inf,3.2684876918792725,600,1153,inf,0.0,inf,inf,579.0297095378007,150,0.25,divergence,434848657571.2551,0.9941666666666666,1193,1200,0.995,0.9933333333333333
三维高密度场景,3,600,P4_High_0.50,0.5,0.1,0.2,custom_pid,7,True,3481.8287621684644,1.5487184524536133,306,587,46.62064037549822,83.64708389163889,0.5261845588684082,106.0,522.0531442146618,69,0.22549019607843138,none,429279015300.278,0.9836065573770492,600,610,0.9868852459016394,0.980327868852459
三维高密度场景,3,600,P4_High_0.50,0.5,0.1,0.2,custom_pid,8,False,inf,3.251167058944702,600,1148,inf,0.0,inf,inf,572.2595376446817,135,0.225,divergence,430619650572.6108,0.99,1188,1200,0.9916666666666667,0.9883333333333333
三维高密度场景,3,600,P4_High_0.50,0.5,0.1,0.2,custom_pid,9,False,inf,3.267277956008911,600,1152,inf,0.0,inf,inf,577.6866771664537,141,0.235,divergence,421459904076.3343,0.9908333333333333,1189,1200,0.9933333333333333,0.9883333333333333
三维高密度场景,3,600,P4_High_0.50,0.5,0.1,0.2,custom_pid,10,False,inf,3.265814781188965,600,1154,inf,0.0,inf,inf,598.0894340106854,130,0.21666666666666667,divergence,439169937160.9723,0.9908333333333333,1189,1200,0.9933333333333333,0.9883333333333333
三维高密度场景,3,600,P4_High_0.50,0.5,0.1,0.2,custom_pid,11,False,inf,3.2433784008026123,600,1153,inf,0.0,inf,inf,620.025464858749,133,0.22166666666666668,divergence,453819612117.124,0.9858333333333333,1183,1200,0.9866666666666667,0.985
三维高密度场景,3,600,P4_High_0.50,0.5,0.1,0.2,custom_pid,12,False,inf,3.245220899581909,600,1146,inf,0.0,inf,inf,597.2710038647554,125,0.20833333333333334,divergence,436141096862.11017,0.9883333333333333,1186,1200,0.9916666666666667,0.985
三维高密度场景,3,600,P4_High_0.50,0.5,0.1,0.2,custom_pid,13,True,3326.3662175124055,2.196591854095459,424,813,49.24822513026559,88.20711355378977,1.111187219619751,224.0,561.420450990024,101,0.23820754716981132,none,432789006864.0975,0.9869976359338062,835,846,0.9881796690307328,0.9858156028368794
三维高密度场景,3,600,P4_High_0.50,0.5,0.1,0.2,custom_pid,14,False,inf,3.3044776916503906,600,1159,inf,0.0,inf,inf,604.4188330832188,142,0.23666666666666666,divergence,439997256172.38745,0.9925,1191,1200,0.995,0.99
三维高密度场景,3,600,P4_High_0.50,0.5,0.1,0.2,custom_pid,15,False,inf,3.250659942626953,600,1140,inf,0.0,inf,inf,600.9421459899648,128,0.21333333333333335,divergence,447700471588.2025,0.99,1188,1200,0.995,0.985
三维高密度场景,3,600,P4_High_0.50,0.5,0.1,0.2,custom_pid,16,False,inf,3.2371602058410645,600,1139,inf,0.0,inf,inf,599.2025136720341,138,0.23,divergence,424121010625.29895,0.995,1194,1200,0.9933333333333333,0.9966666666666667
三维高密度场景,3,600,P4_High_0.50,0.5,0.1,0.2,custom_pid,17,False,inf,3.210984230041504,600,1130,inf,0.0,inf,inf,588.1243404863665,106,0.17666666666666667,divergence,440156874915.30475,0.9925,1191,1200,0.9916666666666667,0.9933333333333333
三维高密度场景,3,600,P4_High_0.50,0.5,0.1,0.2,custom_pid,18,True,3408.4310752702404,2.126290798187256,408,774,48.34425241199446,88.03588141993413,1.0481178760528564,208.0,556.4763260171032,83,0.2034313725490196,none,435209962988.76886,0.9815724815724816,799,814,0.9852579852579852,0.9778869778869779
三维高密度场景,3,600,P4_High_0.50,0.5,0.1,0.2,custom_pid,19,False,inf,3.2390143871307373,600,1141,inf,0.0,inf,inf,592.800326365839,150,0.25,divergence,421870160867.0848,0.9925,1191,1200,0.995,0.99
三维高密度场景,3,600,P4_High_0.50,0.5,0.1,0.2,custom_pid,20,False,inf,3.258892059326172,600,1151,inf,0.0,inf,inf,573.2272609635355,122,0.20333333333333334,divergence,428610170757.1544,0.9891666666666666,1187,1200,0.9883333333333333,0.99
三维高密度场景,3,600,P4_High_0.50,0.5,0.1,0.2,custom_pid,21,True,3105.234092691557,1.217977523803711,241,463,47.48782058368084,96.6884464798212,0.22669386863708496,41.0,485.3531997020416,49,0.2033195020746888,none,427440898798.7763,0.9770833333333333,469,480,0.9833333333333333,0.9708333333333333
三维高密度场景,3,600,P4_High_0.50,0.5,0.1,0.2,custom_pid,22,False,inf,3.1765518188476562,600,1130,inf,0.0,inf,inf,562.9947301624807,129,0.215,divergence,422397073629.80756,0.9825,1179,1200,0.9816666666666667,0.9833333333333333
三维高密度场景,3,600,P4_High_0.50,0.5,0.1,0.2,custom_pid,23,False,inf,3.2507970333099365,600,1154,inf,0.0,inf,inf,613.3389853541904,126,0.21,divergence,428775724436.4401,0.9866666666666667,1184,1200,0.9916666666666667,0.9816666666666667
三维高密度场景,3,600,P4_High_0.50,0.5,0.1,0.2,custom_pid,24,True,2904.776896165315,1.1923327445983887,238,459,45.43385168866484,92.45885870689602,0.19809937477111816,38.0,474.3671882406072,45,0.18907563025210083,none,426287897271.09204,0.9683544303797469,459,474,0.9620253164556962,0.9746835443037974
三维高密度场景,3,600,P4_High_0.50,0.5,0.1,0.2,custom_pid,25,False,inf,3.2389161586761475,600,1150,inf,0.0,inf,inf,588.833677259567,119,0.19833333333333333,divergence,423388948055.1429,0.995,1194,1200,0.9983333333333333,0.9916666666666667
三维高密度场景,3,600,P4_High_0.50,0.5,0.1,0.2,custom_pid,26,False,inf,3.255714178085327,600,1151,inf,0.0,inf,inf,585.2749630055112,126,0.21,divergence,424352969075.97314,0.9941666666666666,1193,1200,0.9966666666666667,0.9916666666666667
三维高密度场景,3,600,P4_High_0.50,0.5,0.1,0.2,custom_pid,27,False,inf,3.2345621585845947,600,1147,inf,0.0,inf,inf,577.1930715254185,140,0.23333333333333334,divergence,441681723658.09045,0.9966666666666667,1196,1200,0.9933333333333333,1.0
三维高密度场景,3,600,P4_High_0.50,0.5,0.1,0.2,custom_pid,28,False,inf,3.2638862133026123,600,1149,inf,0.0,inf,inf,575.7156169327299,141,0.235,divergence,429553216566.499,0.9891666666666666,1187,1200,0.9866666666666667,0.9916666666666667
三维高密度场景,3,600,P4_High_0.50,0.5,0.1,0.2,custom_pid,29,True,3035.245894088167,2.5140202045440674,480,924,46.91234394850762,80.90946626153391,1.4020719528198242,280.0,582.429413322865,111,0.23125,none,434739926012.22736,0.9895615866388309,948,958,0.9895615866388309,0.9895615866388309
三维高密度场景,3,600,P4_High_0.50,0.5,0.1,0.2,custom_pid,30,False,inf,3.2753806114196777,600,1152,inf,0.0,inf,inf,599.2065776040511,120,0.2,divergence,435281028798.92633,0.995,1194,1200,0.9966666666666667,0.9933333333333333
三维高密度场景,3,600,P5_High_0.60,0.6,0.12,0.24,custom_pid,1,False,inf,3.258901357650757,600,1146,inf,0.0,inf,inf,587.9274163832665,129,0.215,divergence,431731404517.188,0.9891666666666666,1187,1200,0.985,0.9933333333333333
三维高密度场景,3,600,P5_High_0.60,0.6,0.12,0.24,custom_pid,2,True,3048.9964283714166,1.2144219875335693,242,461,47.418293986491186,97.60252983839732,0.22234201431274414,42.0,477.5843425707766,43,0.17768595041322313,none,428682709470.9938,0.9688796680497925,467,482,0.9626556016597511,0.975103734439834
三维高密度场景,3,600,P5_High_0.60,0.6,0.12,0.24,custom_pid,3,False,inf,3.2251522541046143,600,1145,inf,0.0,inf,inf,582.5641307996805,136,0.22666666666666666,divergence,437010780645.9273,0.9933333333333333,1192,1200,0.9933333333333333,0.9933333333333333
三维高密度场景,3,600,P5_High_0.60,0.6,0.12,0.24,custom_pid,4,False,inf,3.2542362213134766,600,1163,inf,0.0,inf,inf,610.9322070118333,138,0.23,divergence,424913231380.9545,0.9916666666666667,1190,1200,0.9966666666666667,0.9866666666666667
三维高密度场景,3,600,P5_High_0.60,0.6,0.12,0.24,custom_pid,5,False,inf,3.2450170516967773,600,1160,inf,0.0,inf,inf,607.809430401542,150,0.25,oscillation,430323525085.5627,0.9866666666666667,1184,1200,0.99,0.9833333333333333
三维高密度场景,3,600,P5_High_0.60,0.6,0.12,0.24,custom_pid,6,False,inf,3.244969129562378,600,1137,inf,0.0,inf,inf,591.8503742818906,120,0.2,divergence,434466799658.5051,0.9866666666666667,1184,1200,0.9833333333333333,0.99
三维高密度场景,3,600,P5_High_0.60,0.6,0.12,0.24,custom_pid,7,False,inf,3.2189784049987793,600,1133,inf,0.0,inf,inf,606.1377016841976,126,0.21,divergence,431750841386.6823,0.9875,1185,1200,0.985,0.99
三维高密度场景,3,600,P5_High_0.60,0.6,0.12,0.24,custom_pid,8,False,inf,3.2670609951019287,600,1160,inf,0.0,inf,inf,586.4551331891441,146,0.24333333333333335,divergence,430826530616.74896,0.9891666666666666,1187,1200,0.99,0.9883333333333333
三维高密度场景,3,600,P5_High_0.60,0.6,0.12,0.24,custom_pid,9,False,inf,3.263124465942383,600,1157,inf,0.0,inf,inf,580.6098253288229,139,0.23166666666666666,divergence,433793426611.8295,0.9933333333333333,1192,1200,0.9933333333333333,0.9933333333333333
三维高密度场景,3,600,P5_High_0.60,0.6,0.12,0.24,custom_pid,10,False,inf,3.268611431121826,600,1152,inf,0.0,inf,inf,592.8212830566212,132,0.22,divergence,426146695526.24164,0.9925,1191,1200,0.99,0.995
三维高密度场景,3,600,P5_High_0.60,0.6,0.12,0.24,custom_pid,11,False,inf,3.271749258041382,600,1145,inf,0.0,inf,inf,603.2073850788862,142,0.23666666666666666,divergence,437257824511.0711,0.9908333333333333,1189,1200,0.995,0.9866666666666667
三维高密度场景,3,600,P5_High_0.60,0.6,0.12,0.24,custom_pid,12,False,inf,3.309058904647827,600,1150,inf,0.0,inf,inf,591.2655784043898,112,0.18666666666666668,divergence,428903440251.3444,0.9925,1191,1200,0.9933333333333333,0.9916666666666667
三维高密度场景,3,600,P5_High_0.60,0.6,0.12,0.24,custom_pid,13,False,inf,3.262946605682373,600,1156,inf,0.0,inf,inf,592.4971836058303,124,0.20666666666666667,divergence,424561556346.11053,0.9925,1191,1200,0.9933333333333333,0.9916666666666667
三维高密度场景,3,600,P5_High_0.60,0.6,0.12,0.24,custom_pid,14,False,inf,3.280971050262451,600,1159,inf,0.0,inf,inf,592.3269827522595,147,0.245,divergence,432278008722.14575,0.9941666666666666,1193,1200,0.995,0.9933333333333333
三维高密度场景,3,600,P5_High_0.60,0.6,0.12,0.24,custom_pid,15,False,inf,3.2416818141937256,600,1143,inf,0.0,inf,inf,601.6371777516047,117,0.195,divergence,431025234777.2214,0.9891666666666666,1187,1200,0.9883333333333333,0.99
三维高密度场景,3,600,P5_High_0.60,0.6,0.12,0.24,custom_pid,16,False,inf,3.2418711185455322,600,1152,inf,0.0,inf,inf,616.5378995017404,132,0.22,divergence,419930539904.62823,0.9916666666666667,1190,1200,0.9916666666666667,0.9916666666666667
三维高密度场景,3,600,P5_High_0.60,0.6,0.12,0.24,custom_pid,17,False,inf,3.249070882797241,600,1150,inf,0.0,inf,inf,591.318922275931,131,0.21833333333333332,divergence,429975558659.2467,0.9925,1191,1200,0.99,0.995
三维高密度场景,3,600,P5_High_0.60,0.6,0.12,0.24,custom_pid,18,False,inf,3.2521581649780273,600,1159,inf,0.0,inf,inf,587.9153208466653,116,0.19333333333333333,divergence,427022716059.10834,0.9925,1191,1200,0.995,0.99
三维高密度场景,3,600,P5_High_0.60,0.6,0.12,0.24,custom_pid,19,False,inf,3.2404820919036865,600,1141,inf,0.0,inf,inf,581.4091767628507,140,0.23333333333333334,divergence,426250304012.4484,0.9925,1191,1200,0.9966666666666667,0.9883333333333333
三维高密度场景,3,600,P5_High_0.60,0.6,0.12,0.24,custom_pid,20,True,3115.1000867768257,1.2417457103729248,248,476,49.267306380946344,96.66179636504154,0.23958730697631836,48.0,479.67174224018305,46,0.18548387096774194,none,429115936279.1542,0.9777327935222672,483,494,0.979757085020243,0.9757085020242915
三维高密度场景,3,600,P5_High_0.60,0.6,0.12,0.24,custom_pid,21,False,inf,3.2325046062469482,600,1146,inf,0.0,inf,inf,606.3593381626482,109,0.18166666666666667,oscillation,438219358146.43225,0.9925,1191,1200,0.995,0.99
三维高密度场景,3,600,P5_High_0.60,0.6,0.12,0.24,custom_pid,22,False,inf,3.262925624847412,600,1157,inf,0.0,inf,inf,615.3308277545864,139,0.23166666666666666,divergence,434084493800.8172,0.9925,1191,1200,0.9966666666666667,0.9883333333333333
三维高密度场景,3,600,P5_High_0.60,0.6,0.12,0.24,custom_pid,23,False,inf,3.2284576892852783,600,1150,inf,0.0,inf,inf,589.988289338574,128,0.21333333333333335,divergence,429456409296.1188,0.9891666666666666,1187,1200,0.99,0.9883333333333333
三维高密度场景,3,600,P5_High_0.60,0.6,0.12,0.24,custom_pid,24,False,inf,3.296231269836426,600,1166,inf,0.0,inf,inf,597.3862474774947,100,0.16666666666666666,divergence,435126982693.304,0.9933333333333333,1192,1200,0.995,0.9916666666666667
三维高密度场景,3,600,P5_High_0.60,0.6,0.12,0.24,custom_pid,25,False,inf,3.249882459640503,600,1149,inf,0.0,inf,inf,592.8607083880173,134,0.22333333333333333,divergence,438001358777.0737,0.9941666666666666,1193,1200,0.9933333333333333,0.995
三维高密度场景,3,600,P5_High_0.60,0.6,0.12,0.24,custom_pid,26,False,inf,3.272071599960327,600,1162,inf,0.0,inf,inf,566.2122206548199,154,0.25666666666666665,divergence,428539321532.0995,0.9883333333333333,1186,1200,0.99,0.9866666666666667
三维高密度场景,3,600,P5_High_0.60,0.6,0.12,0.24,custom_pid,27,False,inf,3.2234456539154053,600,1135,inf,0.0,inf,inf,597.9958785487368,127,0.21166666666666667,divergence,426198316042.0129,0.9866666666666667,1184,1200,0.985,0.9883333333333333
三维高密度场景,3,600,P5_High_0.60,0.6,0.12,0.24,custom_pid,28,False,inf,3.2490415573120117,600,1142,inf,0.0,inf,inf,584.7684792435003,137,0.22833333333333333,divergence,428462628011.186,0.9858333333333333,1183,1200,0.985,0.9866666666666667
三维高密度场景,3,600,P5_High_0.60,0.6,0.12,0.24,custom_pid,29,False,inf,3.264570713043213,600,1151,inf,0.0,inf,inf,568.5501068192085,133,0.22166666666666668,divergence,429504898032.76056,0.985,1182,1200,0.9833333333333333,0.9866666666666667
三维高密度场景,3,600,P5_High_0.60,0.6,0.12,0.24,custom_pid,30,False,inf,3.288957118988037,600,1152,inf,0.0,inf,inf,607.1520588889952,142,0.23666666666666666,divergence,440245719354.68646,0.9908333333333333,1189,1200,0.9933333333333333,0.9883333333333333
三维高密度场景,3,600,P6_High_0.70,0.7,0.15,0.28,custom_pid,1,False,inf,3.2298898696899414,600,1146,inf,0.0,inf,inf,594.3949177573879,113,0.18833333333333332,divergence,427948278643.1096,0.9916666666666667,1190,1200,0.9866666666666667,0.9966666666666667
三维高密度场景,3,600,P6_High_0.70,0.7,0.15,0.28,custom_pid,2,False,inf,3.25101375579834,600,1150,inf,0.0,inf,inf,589.751571372223,133,0.22166666666666668,divergence,441468275507.65466,0.9933333333333333,1192,1200,0.9916666666666667,0.995
三维高密度场景,3,600,P6_High_0.70,0.7,0.15,0.28,custom_pid,3,True,3511.877801397746,2.7686948776245117,526,1013,51.086760755833566,88.88266992648188,1.6405432224273682,326.0,564.6210771445999,123,0.2338403041825095,none,426513118717.968,0.9895238095238095,1039,1050,0.9866666666666667,0.9923809523809524
三维高密度场景,3,600,P6_High_0.70,0.7,0.15,0.28,custom_pid,4,False,inf,3.2392756938934326,600,1160,inf,0.0,inf,inf,604.9419686137006,109,0.18166666666666667,oscillation,433116582907.7214,0.9916666666666667,1190,1200,0.9916666666666667,0.9916666666666667
三维高密度场景,3,600,P6_High_0.70,0.7,0.15,0.28,custom_pid,5,False,inf,3.2518746852874756,600,1160,inf,0.0,inf,inf,602.3701023403963,123,0.205,divergence,426351706141.24493,0.9941666666666666,1193,1200,0.995,0.9933333333333333
三维高密度场景,3,600,P6_High_0.70,0.7,0.15,0.28,custom_pid,6,True,3187.3730969418425,2.097644805908203,411,798,53.995988265930656,103.75944526132783,1.0348820686340332,211.0,548.7541217513763,82,0.19951338199513383,none,420158977400.50543,0.9804878048780488,804,820,0.9853658536585366,0.975609756097561
三维高密度场景,3,600,P6_High_0.70,0.7,0.15,0.28,custom_pid,7,False,inf,3.221745252609253,600,1148,inf,0.0,inf,inf,570.209008729679,129,0.215,divergence,431053857101.69794,0.9883333333333333,1186,1200,0.9866666666666667,0.99
三维高密度场景,3,600,P6_High_0.70,0.7,0.15,0.28,custom_pid,8,False,inf,3.2226293087005615,600,1167,inf,0.0,inf,inf,580.8392450348063,137,0.22833333333333333,divergence,427452193420.21985,0.99,1188,1200,0.9933333333333333,0.9866666666666667
三维高密度场景,3,600,P6_High_0.70,0.7,0.15,0.28,custom_pid,9,True,3124.264307009669,2.201951265335083,431,815,44.93019048207627,81.81176927634979,1.1424667835235596,231.0,538.2643128795456,85,0.19721577726218098,none,431173275851.1127,0.9883720930232558,850,860,0.9837209302325581,0.9930232558139535
三维高密度场景,3,600,P6_High_0.70,0.7,0.15,0.28,custom_pid,10,False,inf,3.224053382873535,600,1139,inf,0.0,inf,inf,577.927972780621,140,0.23333333333333334,divergence,432826656739.5612,0.9908333333333333,1189,1200,0.99,0.9916666666666667
三维高密度场景,3,600,P6_High_0.70,0.7,0.15,0.28,custom_pid,11,False,inf,3.195802927017212,600,1146,inf,0.0,inf,inf,577.0687061643913,148,0.24666666666666667,divergence,440819863981.9927,0.9883333333333333,1186,1200,0.9916666666666667,0.985
三维高密度场景,3,600,P6_High_0.70,0.7,0.15,0.28,custom_pid,12,False,inf,3.242962598800659,600,1144,inf,0.0,inf,inf,581.4302462346167,132,0.22,divergence,428473836889.86804,0.9933333333333333,1192,1200,0.99,0.9966666666666667
三维高密度场景,3,600,P6_High_0.70,0.7,0.15,0.28,custom_pid,13,False,inf,3.210097551345825,600,1124,inf,0.0,inf,inf,558.1161427286667,129,0.215,divergence,444258699722.3871,0.9875,1185,1200,0.9866666666666667,0.9883333333333333
三维高密度场景,3,600,P6_High_0.70,0.7,0.15,0.28,custom_pid,14,False,inf,3.267397403717041,600,1150,inf,0.0,inf,inf,609.6626830053289,141,0.235,oscillation,425693955704.8789,0.9933333333333333,1192,1200,0.9916666666666667,0.995
三维高密度场景,3,600,P6_High_0.70,0.7,0.15,0.28,custom_pid,15,False,inf,3.250932216644287,600,1150,inf,0.0,inf,inf,589.0370581822884,147,0.245,divergence,435380938217.137,0.9891666666666666,1187,1200,0.99,0.9883333333333333
三维高密度场景,3,600,P6_High_0.70,0.7,0.15,0.28,custom_pid,16,True,3466.1540666218834,1.2914090156555176,257,499,48.7193510071264,91.7915213879938,0.28496265411376953,57.0,494.31059671660023,45,0.17509727626459143,none,427159337716.9788,0.984375,504,512,0.98828125,0.98046875
三维高密度场景,3,600,P6_High_0.70,0.7,0.15,0.28,custom_pid,17,False,inf,3.2706503868103027,600,1152,inf,0.0,inf,inf,560.393138943536,120,0.2,divergence,429170837347.0658,0.9866666666666667,1184,1200,0.9866666666666667,0.9866666666666667
三维高密度场景,3,600,P6_High_0.70,0.7,0.15,0.28,custom_pid,18,False,inf,3.2382054328918457,600,1145,inf,0.0,inf,inf,595.0452406016321,134,0.22333333333333333,divergence,433951725724.1803,0.9908333333333333,1189,1200,0.99,0.9916666666666667
三维高密度场景,3,600,P6_High_0.70,0.7,0.15,0.28,custom_pid,19,False,inf,3.2192418575286865,600,1152,inf,0.0,inf,inf,598.0152613587629,133,0.22166666666666668,divergence,430287905664.0922,0.9925,1191,1200,0.9916666666666667,0.9933333333333333
三维高密度场景,3,600,P6_High_0.70,0.7,0.15,0.28,custom_pid,20,False,inf,3.252718448638916,600,1152,inf,0.0,inf,inf,588.3973885790676,130,0.21666666666666667,divergence,434862590782.74646,0.9891666666666666,1187,1200,0.9916666666666667,0.9866666666666667
三维高密度场景,3,600,P6_High_0.70,0.7,0.15,0.28,custom_pid,21,False,inf,3.242619037628174,600,1167,inf,0.0,inf,inf,597.8065547969675,131,0.21833333333333332,divergence,426534280569.3795,0.9933333333333333,1192,1200,0.9933333333333333,0.9933333333333333
三维高密度场景,3,600,P6_High_0.70,0.7,0.15,0.28,custom_pid,22,False,inf,3.23256254196167,600,1154,inf,0.0,inf,inf,583.6230315895729,138,0.23,divergence,438020125311.094,0.9925,1191,1200,0.9916666666666667,0.9933333333333333
三维高密度场景,3,600,P6_High_0.70,0.7,0.15,0.28,custom_pid,23,False,inf,3.232998847961426,600,1152,inf,0.0,inf,inf,581.2641100593945,128,0.21333333333333335,divergence,435854907199.2918,0.9891666666666666,1187,1200,0.9916666666666667,0.9866666666666667
三维高密度场景,3,600,P6_High_0.70,0.7,0.15,0.28,custom_pid,24,False,inf,3.3353519439697266,600,1157,inf,0.0,inf,inf,610.46023730998,121,0.20166666666666666,divergence,435310293239.1521,0.99,1188,1200,0.99,0.99
三维高密度场景,3,600,P6_High_0.70,0.7,0.15,0.28,custom_pid,25,False,inf,3.245231866836548,600,1154,inf,0.0,inf,inf,586.6265145540422,123,0.205,divergence,445995134741.4232,0.9941666666666666,1193,1200,0.9933333333333333,0.995
三维高密度场景,3,600,P6_High_0.70,0.7,0.15,0.28,custom_pid,26,False,inf,3.2502429485321045,600,1159,inf,0.0,inf,inf,592.3577315018917,136,0.22666666666666666,divergence,422563749979.1992,0.9866666666666667,1184,1200,0.9866666666666667,0.9866666666666667
三维高密度场景,3,600,P6_High_0.70,0.7,0.15,0.28,custom_pid,27,True,3396.9193386882134,2.8284783363342285,534,1030,49.02871845246585,99.39192648839388,1.7172622680664062,334.0,582.7797801484614,130,0.24344569288389514,none,435615196763.2741,0.9896810506566605,1055,1066,0.9962476547842402,0.9831144465290806
三维高密度场景,3,600,P6_High_0.70,0.7,0.15,0.28,custom_pid,28,False,inf,3.2466225624084473,600,1165,inf,0.0,inf,inf,601.5196857200689,143,0.23833333333333334,oscillation,436508241994.265,0.9891666666666666,1187,1200,0.99,0.9883333333333333
三维高密度场景,3,600,P6_High_0.70,0.7,0.15,0.28,custom_pid,29,False,inf,3.284130096435547,600,1155,inf,0.0,inf,inf,601.2394926659027,135,0.225,divergence,430733683788.1823,0.9925,1191,1200,0.9916666666666667,0.9933333333333333
三维高密度场景,3,600,P6_High_0.70,0.7,0.15,0.28,custom_pid,30,False,inf,3.243224859237671,600,1149,inf,0.0,inf,inf,582.8300552335949,132,0.22,divergence,426955554031.1535,0.9933333333333333,1192,1200,0.99,0.9966666666666667
三维高密度场景,3,600,P7_High_0.80,0.8,0.18,0.32,custom_pid,1,False,inf,3.2320189476013184,600,1144,inf,0.0,inf,inf,579.5770448607964,113,0.18833333333333332,divergence,448556514519.1166,0.9891666666666666,1187,1200,0.9883333333333333,0.99
三维高密度场景,3,600,P7_High_0.80,0.8,0.18,0.32,custom_pid,2,False,inf,3.2690629959106445,600,1157,inf,0.0,inf,inf,610.5442967213664,130,0.21666666666666667,divergence,433085642925.34406,0.99,1188,1200,0.995,0.985
三维高密度场景,3,600,P7_High_0.80,0.8,0.18,0.32,custom_pid,3,False,inf,3.253389835357666,600,1154,inf,0.0,inf,inf,604.285260604839,119,0.19833333333333333,divergence,435997905418.2841,0.9958333333333333,1195,1200,0.9966666666666667,0.995
三维高密度场景,3,600,P7_High_0.80,0.8,0.18,0.32,custom_pid,4,False,inf,3.218405246734619,600,1147,inf,0.0,inf,inf,590.7879883795148,129,0.215,divergence,429728099664.19324,0.9891666666666666,1187,1200,0.9933333333333333,0.985
三维高密度场景,3,600,P7_High_0.80,0.8,0.18,0.32,custom_pid,5,False,inf,3.2433412075042725,600,1141,inf,0.0,inf,inf,586.0374371986925,134,0.22333333333333333,divergence,426039096208.22943,0.9908333333333333,1189,1200,0.9883333333333333,0.9933333333333333
三维高密度场景,3,600,P7_High_0.80,0.8,0.18,0.32,custom_pid,6,False,inf,3.245954751968384,600,1139,inf,0.0,inf,inf,581.281679007858,126,0.21,divergence,429485744606.7777,0.9916666666666667,1190,1200,0.9916666666666667,0.9916666666666667
三维高密度场景,3,600,P7_High_0.80,0.8,0.18,0.32,custom_pid,7,False,inf,3.2343833446502686,600,1141,inf,0.0,inf,inf,583.9515811548027,130,0.21666666666666667,divergence,434818533954.6138,0.99,1188,1200,0.99,0.99
三维高密度场景,3,600,P7_High_0.80,0.8,0.18,0.32,custom_pid,8,False,inf,3.2584691047668457,600,1149,inf,0.0,inf,inf,590.9754853170307,120,0.2,divergence,435816421408.2956,0.9866666666666667,1184,1200,0.9866666666666667,0.9866666666666667
三维高密度场景,3,600,P7_High_0.80,0.8,0.18,0.32,custom_pid,9,False,inf,3.2548325061798096,600,1148,inf,0.0,inf,inf,594.3104528561888,135,0.225,divergence,425545080595.3318,0.99,1188,1200,0.9933333333333333,0.9866666666666667
三维高密度场景,3,600,P7_High_0.80,0.8,0.18,0.32,custom_pid,10,False,inf,3.23541522026062,600,1147,inf,0.0,inf,inf,583.2826017924626,131,0.21833333333333332,divergence,427372901282.519,0.9866666666666667,1184,1200,0.9866666666666667,0.9866666666666667
三维高密度场景,3,600,P7_High_0.80,0.8,0.18,0.32,custom_pid,11,False,inf,3.2311999797821045,600,1146,inf,0.0,inf,inf,617.2936347872851,147,0.245,divergence,425618814576.0372,0.9916666666666667,1190,1200,0.9933333333333333,0.99
三维高密度场景,3,600,P7_High_0.80,0.8,0.18,0.32,custom_pid,12,False,inf,3.2308387756347656,600,1156,inf,0.0,inf,inf,599.3873966305708,140,0.23333333333333334,divergence,420742266694.30914,0.9908333333333333,1189,1200,0.9916666666666667,0.99
三维高密度场景,3,600,P7_High_0.80,0.8,0.18,0.32,custom_pid,13,False,inf,3.265132188796997,600,1157,inf,0.0,inf,inf,605.1780622040421,148,0.24666666666666667,divergence,431002391229.46814,0.9875,1185,1200,0.9916666666666667,0.9833333333333333
三维高密度场景,3,600,P7_High_0.80,0.8,0.18,0.32,custom_pid,14,False,inf,3.2656779289245605,600,1163,inf,0.0,inf,inf,589.2274215049242,129,0.215,divergence,443747083056.5154,0.9925,1191,1200,0.9916666666666667,0.9933333333333333
三维高密度场景,3,600,P7_High_0.80,0.8,0.18,0.32,custom_pid,15,False,inf,3.2895960807800293,600,1165,inf,0.0,inf,inf,572.1475964223607,157,0.26166666666666666,oscillation,426957611206.2649,0.9925,1191,1200,0.995,0.99
三维高密度场景,3,600,P7_High_0.80,0.8,0.18,0.32,custom_pid,16,False,inf,3.2996349334716797,600,1170,inf,0.0,inf,inf,592.5530768473033,140,0.23333333333333334,divergence,450047767785.4307,0.9925,1191,1200,0.9966666666666667,0.9883333333333333
三维高密度场景,3,600,P7_High_0.80,0.8,0.18,0.32,custom_pid,17,False,inf,3.203082323074341,600,1132,inf,0.0,inf,inf,584.3131238587166,126,0.21,divergence,431351087466.1918,0.9891666666666666,1187,1200,0.9866666666666667,0.9916666666666667
三维高密度场景,3,600,P7_High_0.80,0.8,0.18,0.32,custom_pid,18,False,inf,3.283479928970337,600,1154,inf,0.0,inf,inf,590.8477036903562,129,0.215,divergence,424609161053.35876,0.9883333333333333,1186,1200,0.9883333333333333,0.9883333333333333
三维高密度场景,3,600,P7_High_0.80,0.8,0.18,0.32,custom_pid,19,False,inf,3.2158429622650146,600,1130,inf,0.0,inf,inf,595.9885918133546,133,0.22166666666666668,divergence,432951867367.8519,0.9933333333333333,1192,1200,0.995,0.9916666666666667
三维高密度场景,3,600,P7_High_0.80,0.8,0.18,0.32,custom_pid,20,False,inf,3.2171967029571533,600,1132,inf,0.0,inf,inf,585.3257291711742,125,0.20833333333333334,divergence,431715036960.38434,0.9875,1185,1200,0.9916666666666667,0.9833333333333333
三维高密度场景,3,600,P7_High_0.80,0.8,0.18,0.32,custom_pid,21,True,3443.790326820869,1.3603780269622803,270,516,46.39250746613787,99.84850522441373,0.3359839916229248,70.0,515.5177297287079,57,0.2111111111111111,none,428403538482.25903,0.9739776951672863,524,538,0.9739776951672863,0.9739776951672863
三维高密度场景,3,600,P7_High_0.80,0.8,0.18,0.32,custom_pid,22,False,inf,3.2570223808288574,600,1146,inf,0.0,inf,inf,588.9676434769921,123,0.205,divergence,429957053900.58685,0.9891666666666666,1187,1200,0.985,0.9933333333333333
三维高密度场景,3,600,P7_High_0.80,0.8,0.18,0.32,custom_pid,23,False,inf,3.2788121700286865,600,1154,inf,0.0,inf,inf,584.0198193441701,156,0.26,divergence,423130683120.5027,0.9933333333333333,1192,1200,0.9916666666666667,0.995
三维高密度场景,3,600,P7_High_0.80,0.8,0.18,0.32,custom_pid,24,True,3223.4118407506003,1.3225910663604736,260,511,43.67525966190753,90.4320796144647,0.31702637672424316,60.0,536.3841653651543,41,0.1576923076923077,none,427994347137.4576,0.9826254826254827,509,518,0.972972972972973,0.9922779922779923
三维高密度场景,3,600,P7_High_0.80,0.8,0.18,0.32,custom_pid,25,False,inf,3.2608988285064697,600,1164,inf,0.0,inf,inf,570.1825853877585,131,0.21833333333333332,divergence,431795609407.1804,0.99,1188,1200,0.99,0.99
三维高密度场景,3,600,P7_High_0.80,0.8,0.18,0.32,custom_pid,26,False,inf,3.284271717071533,600,1151,inf,0.0,inf,inf,578.5086933684001,127,0.21166666666666667,divergence,428503392755.27295,0.9883333333333333,1186,1200,0.99,0.9866666666666667
三维高密度场景,3,600,P7_High_0.80,0.8,0.18,0.32,custom_pid,27,False,inf,3.2283315658569336,600,1148,inf,0.0,inf,inf,581.9453149125018,123,0.205,divergence,430560154731.36224,0.9933333333333333,1192,1200,0.9916666666666667,0.995
三维高密度场景,3,600,P7_High_0.80,0.8,0.18,0.32,custom_pid,28,False,inf,3.320277690887451,600,1159,inf,0.0,inf,inf,590.4334284035175,132,0.22,divergence,430780999435.4913,0.9908333333333333,1189,1200,0.9916666666666667,0.99
三维高密度场景,3,600,P7_High_0.80,0.8,0.18,0.32,custom_pid,29,False,inf,3.264817237854004,600,1152,inf,0.0,inf,inf,605.6176955777128,145,0.24166666666666667,divergence,436695336413.50635,0.9925,1191,1200,0.995,0.99
三维高密度场景,3,600,P7_High_0.80,0.8,0.18,0.32,custom_pid,30,False,inf,3.2720773220062256,600,1166,inf,0.0,inf,inf,594.1550927424504,120,0.2,divergence,436996576014.4709,0.99,1188,1200,0.995,0.985
三维高密度场景,3,600,P8_High_0.90,0.9,0.2,0.36,custom_pid,1,False,inf,3.2142410278320312,600,1129,inf,0.0,inf,inf,577.877624445064,114,0.19,divergence,446546921509.0457,0.9941666666666666,1193,1200,0.9966666666666667,0.9916666666666667
三维高密度场景,3,600,P8_High_0.90,0.9,0.2,0.36,custom_pid,2,False,inf,3.298938512802124,600,1162,inf,0.0,inf,inf,581.5186662298488,120,0.2,divergence,432858490621.98083,0.9866666666666667,1184,1200,0.985,0.9883333333333333
三维高密度场景,3,600,P8_High_0.90,0.9,0.2,0.36,custom_pid,3,False,inf,3.3128087520599365,600,1167,inf,0.0,inf,inf,571.5279286163503,125,0.20833333333333334,divergence,428381630180.6131,0.9908333333333333,1189,1200,0.9916666666666667,0.99
三维高密度场景,3,600,P8_High_0.90,0.9,0.2,0.36,custom_pid,4,False,inf,3.270590305328369,600,1142,inf,0.0,inf,inf,587.9041129617325,132,0.22,divergence,434666953034.7491,0.99,1188,1200,0.9916666666666667,0.9883333333333333
三维高密度场景,3,600,P8_High_0.90,0.9,0.2,0.36,custom_pid,5,False,inf,3.2928013801574707,600,1156,inf,0.0,inf,inf,578.1483624499083,98,0.16333333333333333,divergence,424156847993.73944,0.9891666666666666,1187,1200,0.9883333333333333,0.99
三维高密度场景,3,600,P8_High_0.90,0.9,0.2,0.36,custom_pid,6,True,3473.6774718079564,2.26369571685791,436,839,47.18372443036909,89.24800128770775,1.1708364486694336,236.0,577.2338232242623,84,0.1926605504587156,none,437689330364.14215,0.9908045977011494,862,870,0.993103448275862,0.9885057471264368
三维高密度场景,3,600,P8_High_0.90,0.9,0.2,0.36,custom_pid,7,False,inf,3.2797813415527344,600,1146,inf,0.0,inf,inf,573.3673726638657,123,0.205,divergence,428480471058.379,0.9858333333333333,1183,1200,0.985,0.9866666666666667
三维高密度场景,3,600,P8_High_0.90,0.9,0.2,0.36,custom_pid,8,True,3887.2927557537623,3.2704217433929443,600,1148,52.66309449715863,106.12826135612444,2.9667794704437256,554.0,601.7134107353692,154,0.25666666666666665,none,427758934452.3918,0.9983333333333333,1198,1200,1.0,0.9966666666666667
三维高密度场景,3,600,P8_High_0.90,0.9,0.2,0.36,custom_pid,9,False,inf,3.2043747901916504,600,1132,inf,0.0,inf,inf,607.043211327128,148,0.24666666666666667,divergence,433855203643.0114,0.9891666666666666,1187,1200,0.9883333333333333,0.99
三维高密度场景,3,600,P8_High_0.90,0.9,0.2,0.36,custom_pid,10,False,inf,3.2545387744903564,600,1154,inf,0.0,inf,inf,566.2236689849012,138,0.23,divergence,428281397207.8097,0.9916666666666667,1190,1200,0.995,0.9883333333333333
三维高密度场景,3,600,P8_High_0.90,0.9,0.2,0.36,custom_pid,11,False,inf,3.207958459854126,600,1124,inf,0.0,inf,inf,576.8132995997676,112,0.18666666666666668,divergence,425215626381.84186,0.9925,1191,1200,0.9966666666666667,0.9883333333333333
三维高密度场景,3,600,P8_High_0.90,0.9,0.2,0.36,custom_pid,12,False,inf,3.281463384628296,600,1159,inf,0.0,inf,inf,581.4372942057535,125,0.20833333333333334,divergence,432396515262.8515,0.9916666666666667,1190,1200,0.9883333333333333,0.995
三维高密度场景,3,600,P8_High_0.90,0.9,0.2,0.36,custom_pid,13,False,inf,3.282123327255249,600,1150,inf,0.0,inf,inf,592.0552610933088,119,0.19833333333333333,divergence,426568144947.4737,0.9908333333333333,1189,1200,0.9866666666666667,0.995
三维高密度场景,3,600,P8_High_0.90,0.9,0.2,0.36,custom_pid,14,False,inf,3.289316177368164,600,1158,inf,0.0,inf,inf,583.0318289108866,142,0.23666666666666666,divergence,426828722093.13135,0.9933333333333333,1192,1200,0.9983333333333333,0.9883333333333333
三维高密度场景,3,600,P8_High_0.90,0.9,0.2,0.36,custom_pid,15,False,inf,3.257734537124634,600,1135,inf,0.0,inf,inf,577.7428362850045,117,0.195,divergence,436559950642.2849,0.9925,1191,1200,0.99,0.995
三维高密度场景,3,600,P8_High_0.90,0.9,0.2,0.36,custom_pid,16,False,inf,3.2791526317596436,600,1166,inf,0.0,inf,inf,571.2514872406198,121,0.20166666666666666,divergence,440832396371.01587,0.99,1188,1200,0.99,0.99
三维高密度场景,3,600,P8_High_0.90,0.9,0.2,0.36,custom_pid,17,True,3479.7678603522777,3.071760416030884,566,1099,49.833277163334415,99.66006892873477,1.920635461807251,366.0,593.5846439816372,132,0.2332155477031802,none,433485527379.7708,0.9911504424778761,1120,1130,0.9946902654867257,0.9876106194690265
三维高密度场景,3,600,P8_High_0.90,0.9,0.2,0.36,custom_pid,18,False,inf,3.273289680480957,600,1164,inf,0.0,inf,inf,584.6946245169438,143,0.23833333333333334,divergence,422552476598.97595,0.9883333333333333,1186,1200,0.99,0.9866666666666667
三维高密度场景,3,600,P8_High_0.90,0.9,0.2,0.36,custom_pid,19,True,3038.5512400164603,1.162889003753662,233,441,47.69644889162882,89.24765543820185,0.177567720413208,33.0,475.6082791247638,56,0.24034334763948498,none,425502870142.7364,0.9806034482758621,455,464,0.9741379310344828,0.9870689655172413
三维高密度场景,3,600,P8_High_0.90,0.9,0.2,0.36,custom_pid,20,False,inf,3.2152276039123535,600,1119,inf,0.0,inf,inf,581.0990764606734,121,0.20166666666666666,divergence,427314231527.9221,0.99,1188,1200,0.9933333333333333,0.9866666666666667
三维高密度场景,3,600,P8_High_0.90,0.9,0.2,0.36,custom_pid,21,True,3252.605130590522,3.2419028282165527,600,1146,47.58019839319819,93.09948058427422,2.7823028564453125,527.0,601.6324571513976,136,0.22666666666666666,none,445054496549.4401,0.9908333333333333,1189,1200,0.99,0.9916666666666667
三维高密度场景,3,600,P8_High_0.90,0.9,0.2,0.36,custom_pid,22,False,inf,3.248918056488037,600,1129,inf,0.0,inf,inf,591.1382354428151,118,0.19666666666666666,divergence,425000558067.95917,0.9916666666666667,1190,1200,0.9933333333333333,0.99
三维高密度场景,3,600,P8_High_0.90,0.9,0.2,0.36,custom_pid,23,False,inf,3.295761823654175,600,1163,inf,0.0,inf,inf,585.3937212162372,152,0.25333333333333335,divergence,434626266658.91626,0.9925,1191,1200,0.9933333333333333,0.9916666666666667
三维高密度场景,3,600,P8_High_0.90,0.9,0.2,0.36,custom_pid,24,False,inf,3.2589774131774902,600,1148,inf,0.0,inf,inf,585.0364634772682,124,0.20666666666666667,divergence,423356905086.2067,0.9891666666666666,1187,1200,0.985,0.9933333333333333
三维高密度场景,3,600,P8_High_0.90,0.9,0.2,0.36,custom_pid,25,True,3265.9326809227364,2.030771017074585,394,749,45.84987478585099,92.76213219742691,0.9631781578063965,194.0,545.92988477361,78,0.19796954314720813,none,433832549164.77936,0.9885496183206107,777,786,0.9923664122137404,0.9847328244274809
三维高密度场景,3,600,P8_High_0.90,0.9,0.2,0.36,custom_pid,26,False,inf,3.214991569519043,600,1124,inf,0.0,inf,inf,574.0148386893673,112,0.18666666666666668,divergence,431775134703.48193,0.9941666666666666,1193,1200,0.9966666666666667,0.9916666666666667
三维高密度场景,3,600,P8_High_0.90,0.9,0.2,0.36,custom_pid,27,False,inf,3.2253310680389404,600,1130,inf,0.0,inf,inf,577.2422557753382,122,0.20333333333333334,divergence,438094773070.0486,0.9925,1191,1200,0.995,0.99
三维高密度场景,3,600,P8_High_0.90,0.9,0.2,0.36,custom_pid,28,False,inf,3.2557408809661865,600,1145,inf,0.0,inf,inf,592.6131941453217,139,0.23166666666666666,divergence,422864595129.35443,0.9925,1191,1200,0.995,0.99
三维高密度场景,3,600,P8_High_0.90,0.9,0.2,0.36,custom_pid,29,False,inf,3.2448763847351074,600,1146,inf,0.0,inf,inf,579.8346011205592,128,0.21333333333333335,divergence,428099566575.6344,0.9908333333333333,1189,1200,0.9916666666666667,0.99
三维高密度场景,3,600,P8_High_0.90,0.9,0.2,0.36,custom_pid,30,False,inf,3.241882801055908,600,1137,inf,0.0,inf,inf,598.0552688217618,130,0.21666666666666667,divergence,430532874897.4181,0.99,1188,1200,0.99,0.99
三维高密度场景,3,600,P9_High_1.00,1.0,0.22,0.4,custom_pid,1,False,inf,3.2353267669677734,600,1147,inf,0.0,inf,inf,586.2176926179435,123,0.205,divergence,418379407103.02423,0.9908333333333333,1189,1200,0.9883333333333333,0.9933333333333333
三维高密度场景,3,600,P9_High_1.00,1.0,0.22,0.4,custom_pid,2,True,3235.8295205213803,1.393949031829834,278,523,47.63657094549084,95.08673858401035,0.3860805034637451,78.0,503.6020387153726,45,0.1618705035971223,none,430515942324.1767,0.983754512635379,545,554,0.9819494584837545,0.9855595667870036
三维高密度场景,3,600,P9_High_1.00,1.0,0.22,0.4,custom_pid,3,False,inf,3.207536220550537,600,1128,inf,0.0,inf,inf,601.0869869466586,135,0.225,divergence,428083914825.2186,0.9875,1185,1200,0.9883333333333333,0.9866666666666667
三维高密度场景,3,600,P9_High_1.00,1.0,0.22,0.4,custom_pid,4,False,inf,3.2276668548583984,600,1144,inf,0.0,inf,inf,603.3240631670459,117,0.195,divergence,420434228049.9755,0.9908333333333333,1189,1200,0.9933333333333333,0.9883333333333333
三维高密度场景,3,600,P9_High_1.00,1.0,0.22,0.4,custom_pid,5,False,inf,3.245518207550049,600,1149,inf,0.0,inf,inf,578.1286525381809,132,0.22,divergence,430096074574.1189,0.9916666666666667,1190,1200,0.9933333333333333,0.99
三维高密度场景,3,600,P9_High_1.00,1.0,0.22,0.4,custom_pid,6,False,inf,3.2413532733917236,600,1153,inf,0.0,inf,inf,604.267164169931,141,0.235,divergence,429440817071.46954,0.99,1188,1200,0.99,0.99
三维高密度场景,3,600,P9_High_1.00,1.0,0.22,0.4,custom_pid,7,False,inf,3.208003520965576,600,1113,inf,0.0,inf,inf,592.8727421717693,121,0.20166666666666666,divergence,422642254522.02783,0.9925,1191,1200,0.995,0.99
三维高密度场景,3,600,P9_High_1.00,1.0,0.22,0.4,custom_pid,8,False,inf,3.283534049987793,600,1160,inf,0.0,inf,inf,578.431956054582,135,0.225,divergence,430936570998.7389,0.9916666666666667,1190,1200,0.99,0.9933333333333333
三维高密度场景,3,600,P9_High_1.00,1.0,0.22,0.4,custom_pid,9,False,inf,3.2816145420074463,600,1154,inf,0.0,inf,inf,576.2012590177463,143,0.23833333333333334,divergence,428910785729.3663,0.9908333333333333,1189,1200,0.9883333333333333,0.9933333333333333
三维高密度场景,3,600,P9_High_1.00,1.0,0.22,0.4,custom_pid,10,False,inf,3.2848782539367676,600,1164,inf,0.0,inf,inf,589.4813453511521,128,0.21333333333333335,divergence,433634725637.9429,0.9883333333333333,1186,1200,0.9883333333333333,0.9883333333333333
三维高密度场景,3,600,P9_High_1.00,1.0,0.22,0.4,custom_pid,11,False,inf,3.24981951713562,600,1147,inf,0.0,inf,inf,594.3005342966604,125,0.20833333333333334,divergence,437172258037.22754,0.9866666666666667,1184,1200,0.99,0.9833333333333333
三维高密度场景,3,600,P9_High_1.00,1.0,0.22,0.4,custom_pid,12,False,inf,3.2356984615325928,600,1136,inf,0.0,inf,inf,576.4880558141471,131,0.21833333333333332,divergence,429214646857.93976,0.9933333333333333,1192,1200,0.995,0.9916666666666667
三维高密度场景,3,600,P9_High_1.00,1.0,0.22,0.4,custom_pid,13,False,inf,3.3120784759521484,600,1169,inf,0.0,inf,inf,584.5064355759324,127,0.21166666666666667,divergence,429439126081.97156,0.99,1188,1200,0.9933333333333333,0.9866666666666667
三维高密度场景,3,600,P9_High_1.00,1.0,0.22,0.4,custom_pid,14,False,inf,3.282778739929199,600,1151,inf,0.0,inf,inf,599.3343885458879,157,0.26166666666666666,divergence,438805551966.2562,0.9891666666666666,1187,1200,0.9883333333333333,0.99
三维高密度场景,3,600,P9_High_1.00,1.0,0.22,0.4,custom_pid,15,False,inf,3.2571582794189453,600,1136,inf,0.0,inf,inf,587.0165389209931,136,0.22666666666666666,divergence,435035372259.8363,0.9908333333333333,1189,1200,0.9883333333333333,0.9933333333333333
三维高密度场景,3,600,P9_High_1.00,1.0,0.22,0.4,custom_pid,16,False,inf,3.258687734603882,600,1141,inf,0.0,inf,inf,587.9712302390258,110,0.18333333333333332,divergence,426300104524.59247,0.9833333333333333,1180,1200,0.9883333333333333,0.9783333333333334
三维高密度场景,3,600,P9_High_1.00,1.0,0.22,0.4,custom_pid,17,False,inf,3.246413469314575,600,1150,inf,0.0,inf,inf,583.3389879866294,132,0.22,divergence,438495786671.12897,0.9925,1191,1200,0.9966666666666667,0.9883333333333333
三维高密度场景,3,600,P9_High_1.00,1.0,0.22,0.4,custom_pid,18,False,inf,3.2674050331115723,600,1169,inf,0.0,inf,inf,618.0385941034323,123,0.205,divergence,444196814108.6673,0.9933333333333333,1192,1200,0.995,0.9916666666666667
三维高密度场景,3,600,P9_High_1.00,1.0,0.22,0.4,custom_pid,19,True,3130.569062037888,1.4081134796142578,282,544,48.11691779732575,93.00119628508205,0.40645813941955566,82.0,490.509599826102,71,0.25177304964539005,none,427789553227.16626,0.9661921708185054,543,562,0.9608540925266904,0.9715302491103203
三维高密度场景,3,600,P9_High_1.00,1.0,0.22,0.4,custom_pid,20,False,inf,3.194662094116211,600,1133,inf,0.0,inf,inf,601.698159549579,131,0.21833333333333332,divergence,446105770282.37726,0.995,1194,1200,0.995,0.995
三维高密度场景,3,600,P9_High_1.00,1.0,0.22,0.4,custom_pid,21,True,2890.5510396911513,1.1879568099975586,237,460,43.417985500232945,100.72602194029095,0.20853543281555176,37.0,483.5818738693282,56,0.23628691983122363,none,433090766225.95557,0.9788135593220338,462,472,0.9745762711864406,0.9830508474576272
三维高密度场景,3,600,P9_High_1.00,1.0,0.22,0.4,custom_pid,22,False,inf,3.2219321727752686,600,1143,inf,0.0,inf,inf,574.4719157755247,132,0.22,divergence,424179514895.2898,0.9908333333333333,1189,1200,0.9916666666666667,0.99
三维高密度场景,3,600,P9_High_1.00,1.0,0.22,0.4,custom_pid,23,False,inf,3.2618188858032227,600,1145,inf,0.0,inf,inf,576.3733094080586,108,0.18,divergence,428300780997.3054,0.9891666666666666,1187,1200,0.9866666666666667,0.9916666666666667
三维高密度场景,3,600,P9_High_1.00,1.0,0.22,0.4,custom_pid,24,False,inf,3.236750364303589,600,1154,inf,0.0,inf,inf,577.2822275591667,129,0.215,divergence,430655200699.0933,0.9925,1191,1200,0.9916666666666667,0.9933333333333333
三维高密度场景,3,600,P9_High_1.00,1.0,0.22,0.4,custom_pid,25,True,3092.0955637506627,2.2884681224823,435,837,48.77616319795208,76.18953594017067,1.204153060913086,235.0,562.7513742985942,103,0.2367816091954023,none,429400013067.6374,0.9850230414746544,855,868,0.9907834101382489,0.9792626728110599
三维高密度场景,3,600,P9_High_1.00,1.0,0.22,0.4,custom_pid,26,False,inf,3.244086503982544,600,1157,inf,0.0,inf,inf,569.3430240861755,131,0.21833333333333332,divergence,428651200668.4363,0.9916666666666667,1190,1200,0.9933333333333333,0.99
三维高密度场景,3,600,P9_High_1.00,1.0,0.22,0.4,custom_pid,27,False,inf,3.2374813556671143,600,1147,inf,0.0,inf,inf,597.0858419048275,127,0.21166666666666667,divergence,430770225314.79913,0.9908333333333333,1189,1200,0.9916666666666667,0.99
三维高密度场景,3,600,P9_High_1.00,1.0,0.22,0.4,custom_pid,28,False,inf,3.2632663249969482,600,1160,inf,0.0,inf,inf,582.960894929917,131,0.21833333333333332,divergence,432578110883.0369,0.9908333333333333,1189,1200,0.9866666666666667,0.995
三维高密度场景,3,600,P9_High_1.00,1.0,0.22,0.4,custom_pid,29,False,inf,3.2068111896514893,600,1150,inf,0.0,inf,inf,593.6083098625556,130,0.21666666666666667,divergence,422007796049.1093,0.99,1188,1200,0.9883333333333333,0.9916666666666667
三维高密度场景,3,600,P9_High_1.00,1.0,0.22,0.4,custom_pid,30,False,inf,3.20432448387146,600,1131,inf,0.0,inf,inf,584.1230675803738,144,0.24,divergence,435034479313.1757,0.9941666666666666,1193,1200,0.9966666666666667,0.9916666666666667
