ply
format ascii 1.0
comment Generated by robot_control PLYWriter
element vertex 17175
property float x
property float y
property float z
property uchar red
property uchar green
property uchar blue
end_header
0.618381 -0.136651 0.222607 0 255 0
0.618848 -0.141779 0.221908 0 254 0
0.619321 -0.146415 0.22122 0 254 0
0.619708 -0.151075 0.220653 0 254 0
0.620043 -0.155747 0.220158 0 254 0
0.620283 -0.160436 0.219802 0 254 0
0.620423 -0.165139 0.219599 0 254 0
0.620487 -0.169849 0.21952 0 254 0
0.620454 -0.174558 0.219568 0 254 0
0.620012 -0.180065 0.218777 0 254 0
0.619867 -0.184764 0.217658 0 254 0
0.619652 -0.189427 0.216404 0 254 0
0.619451 -0.194095 0.215168 0 254 0
0.619285 -0.198802 0.214093 0 254 0
0.61904 -0.203537 0.213162 0 254 0
0.618633 -0.208287 0.212379 0 254 0
0.618067 -0.213043 0.211733 0 254 0
0.617408 -0.217793 0.211136 0 254 0
0.616761 -0.222542 0.210519 0 254 0
0.615973 -0.227269 0.209933 0 254 0
0.616639 -0.221985 0.210832 0 254 0
0.617456 -0.217309 0.211208 0 254 0
0.618125 -0.212628 0.211785 0 254 0
0.618672 -0.207939 0.212428 0 254 0
0.619059 -0.203258 0.213213 0 254 0
0.619428 -0.198636 0.214282 0 254 0
0.619791 -0.194061 0.215554 0 254 0
0.620008 -0.189475 0.216821 0 254 0
0.620356 -0.184981 0.218361 0 254 0
0.620578 -0.180025 0.219416 0 254 0
0.62057 -0.17522 0.219396 0 254 0
0.620503 -0.170417 0.219497 0 254 0
0.620417 -0.165614 0.21961 0 254 0
0.620283 -0.160815 0.219802 0 254 0
0.620058 -0.156029 0.220135 0 254 0
0.619725 -0.151261 0.220628 0 254 0
0.619335 -0.146506 0.2212 0 254 0
0.618848 -0.141779 0.221908 0 254 0
0.617496 -0.124352 0.223826 0 254 0
0.622298 -0.125954 0.226007 0 254 0
0.625164 -0.129988 0.226947 0 254 0
0.627113 -0.135237 0.227321 0 254 0
0.625911 -0.140362 0.2258 0 254 0
0.62346 -0.145237 0.22373 0 254 0
0.619127 -0.147002 0.220517 0 254 0
0.614862 -0.149005 0.217474 0 254 0
0.610343 -0.146591 0.214589 0 254 0
0.606033 -0.144533 0.212103 0 254 0
0.602907 -0.139636 0.210484 0 254 0
0.602628 -0.133831 0.210905 0 254 0
0.604071 -0.128167 0.212301 0 254 0
0.607684 -0.1247 0.215133 0 254 0
0.612291 -0.125605 0.218441 0 254 0
0.615814 -0.129902 0.220546 0 254 0
0.617369 -0.13548 0.221061 0 254 0
0.615723 -0.140445 0.219167 0 254 0
0.614134 -0.144879 0.217231 0 254 0
0.610119 -0.14718 0.213391 0 254 0
0.605807 -0.149126 0.209782 0 254 0
0.602064 -0.146682 0.20625 0 254 0
0.598453 -0.143122 0.202985 0 254 0
0.595907 -0.139104 0.200644 0 254 0
0.595119 -0.133357 0.200182 0 254 0
0.595474 -0.12863 0.201214 0 254 0
0.597858 -0.125984 0.204339 0 254 0
0.600463 -0.124415 0.208247 0 254 0
0.602829 -0.125977 0.211339 0 254 0
0.606079 -0.129112 0.213928 0 254 0
0.608617 -0.133166 0.215154 1 253 0
0.609063 -0.139109 0.214686 1 253 0
0.609008 -0.14474 0.213101 1 253 0
0.607479 -0.149053 0.210532 1 253 0
0.604723 -0.152306 0.206749 1 253 0
0.600598 -0.152356 0.202462 1 253 0
0.596859 -0.150995 0.198536 1 253 0
0.593927 -0.147172 0.1962 1 253 0
0.592162 -0.141735 0.195698 1 253 0
0.594394 -0.137057 0.198362 1 253 0
0.597323 -0.134248 0.202091 1 253 0
0.601593 -0.134124 0.206254 1 253 0
0.605087 -0.137686 0.209163 1 253 0
0.608062 -0.142116 0.211166 1 253 0
0.609907 -0.147369 0.211636 1 253 0
0.608918 -0.152871 0.209886 1 253 0
0.607009 -0.15788 0.207288 1 253 0
0.6034 -0.160781 0.20373 1 253 0
0.599578 -0.161599 0.199948 1 253 0
0.595712 -0.160174 0.196385 1 253 0
0.592881 -0.155475 0.194247 1 253 0
0.592655 -0.149639 0.194651 1 253 0
0.593993 -0.145088 0.196641 1 253 0
0.597717 -0.142552 0.200164 1 253 0
0.602226 -0.143541 0.20378 1 253 0
0.605668 -0.147496 0.206471 1 253 0
0.608078 -0.152653 0.20787 1 253 0
0.60871 -0.158526 0.207609 1 253 0
0.608276 -0.164162 0.206309 1 253 0
0.605368 -0.168174 0.203279 1 253 0
0.601414 -0.170759 0.199627 1 253 0
0.597248 -0.170965 0.195355 1 253 0
0.59349 -0.167505 0.192521 1 253 0
0.591948 -0.161977 0.191423 1 253 0
0.591582 -0.156037 0.191907 1 253 0
0.594416 -0.152348 0.194531 1 253 0
0.598563 -0.150915 0.198333 1 253 0
0.602811 -0.153164 0.201843 1 253 0
0.60518 -0.157886 0.203756 1 253 0
0.607513 -0.163103 0.205027 1 253 0
0.608 -0.16901 0.204397 1 253 0
0.607076 -0.174538 0.202792 1 253 0
0.603562 -0.177711 0.199204 1 253 0
0.599708 -0.178434 0.194964 1 253 0
0.595459 -0.17742 0.191008 1 253 0
0.592065 -0.174041 0.188341 1 253 0
0.590784 -0.168598 0.187715 1 253 0
0.592184 -0.16357 0.189426 1 253 0
0.595469 -0.160966 0.193325 1 253 0
0.599501 -0.16082 0.197709 1 253 0
0.603823 -0.163056 0.201095 1 253 0
0.606182 -0.167949 0.202976 1 253 0
0.607227 -0.173699 0.203405 1 253 0
0.606538 -0.179105 0.201888 1 253 0
0.604704 -0.183983 0.199122 1 253 0
0.602015 -0.186814 0.195009 1 253 0
0.598632 -0.187949 0.191039 1 253 0
0.594881 -0.1868 0.186979 1 253 0
0.592378 -0.182537 0.184186 1 253 0
0.590241 -0.178447 0.183064 1 253 0
0.591866 -0.173624 0.184737 1 253 0
0.593088 -0.170697 0.187617 1 253 0
0.595393 -0.168553 0.190153 1 253 0
0.597878 -0.16844 0.194204 1 253 0
0.599934 -0.170901 0.196994 1 253 0
0.602842 -0.173154 0.199575 1 253 0
0.605195 -0.177876 0.201304 1 253 0
0.606903 -0.183279 0.201616 2 252 0
0.606309 -0.188787 0.200086 2 252 0
0.604786 -0.193405 0.197257 2 252 0
0.602493 -0.1961 0.193332 2 252 0
0.598915 -0.197971 0.189198 2 252 0
0.594783 -0.196719 0.185273 2 252 0
0.592767 -0.192566 0.183269 2 252 0
0.590437 -0.187542 0.182334 2 252 0
0.592255 -0.183031 0.18457 2 252 0
0.595103 -0.180353 0.188271 2 252 0
0.599064 -0.178607 0.192182 2 252 0
0.602666 -0.181978 0.195471 2 252 0
0.605903 -0.185963 0.198088 2 252 0
0.607937 -0.191439 0.199432 2 252 0
0.607685 -0.197132 0.198699 2 252 0
0.606218 -0.202594 0.196745 2 252 0
0.603893 -0.207057 0.193808 2 252 0
0.599884 -0.208165 0.189657 2 252 0
0.59566 -0.207032 0.185758 2 252 0
0.591891 -0.203746 0.182787 2 252 0
0.591245 -0.198225 0.182384 2 252 0
0.592584 -0.192601 0.183792 2 252 0
0.596797 -0.191208 0.187574 2 252 0
0.601008 -0.190612 0.191556 2 252 0
0.604365 -0.193994 0.194765 2 252 0
0.607565 -0.198313 0.19742 2 252 0
0.608723 -0.203969 0.198545 2 252 0
0.607803 -0.209823 0.197823 2 252 0
0.605979 -0.215207 0.195995 2 252 0
0.603024 -0.219356 0.193308 2 252 0
0.598704 -0.220552 0.189491 2 252 0
0.594759 -0.21793 0.185982 2 252 0
0.592369 -0.213196 0.183373 2 252 0
0.591522 -0.207429 0.182591 2 252 0
0.594695 -0.203217 0.185106 2 252 0
0.597894 -0.200075 0.188117 2 252 0
0.602039 -0.201996 0.191703 2 252 0
0.605705 -0.205102 0.195164 2 252 0
0.608218 -0.210017 0.197395 2 252 0
0.608841 -0.215786 0.198288 2 252 0
0.607291 -0.221479 0.197272 2 252 0
0.60449 -0.225985 0.19489 2 252 0
0.60204 -0.230489 0.192454 2 252 0
0.597722 -0.229938 0.188395 2 252 0
0.593643 -0.227448 0.184777 2 252 0
0.591487 -0.222875 0.182574 2 252 0
0.592508 -0.217313 0.183264 2 252 0
0.595092 -0.21267 0.185972 2 252 0
0.599405 -0.211698 0.189939 2 252 0
0.603277 -0.213545 0.193687 2 252 0
0.606801 -0.216875 0.196922 2 252 0
0.608667 -0.222323 0.198509 2 252 0
0.60882 -0.228297 0.198439 2 252 0
0.607148 -0.23362 0.196655 2 252 0
0.605128 -0.238494 0.193909 2 252 0
0.601448 -0.240133 0.190074 2 252 0
0.597766 -0.240897 0.186613 2 252 0
0.594096 -0.238796 0.183101 2 252 0
0.59204 -0.23491 0.181269 2 252 0
0.592075 -0.22894 0.181556 2 252 0
0.59424 -0.22451 0.183975 2 252 0
0.596784 -0.222495 0.187511 2 252 0
0.599801 -0.222927 0.191345 2 252 0
0.603636 -0.224083 0.195155 2 252 0
0.607881 -0.226716 0.197386 2 252 0
0.609352 -0.232468 0.197722 2 252 0
0.609054 -0.238357 0.196743 2 252 0
0.606409 -0.242851 0.19409 2 252 0
0.603053 -0.246343 0.190629 3 251 0
0.598554 -0.246343 0.186976 3 251 0
0.594489 -0.242994 0.183996 3 251 0
0.591681 -0.238365 0.182048 3 251 0
0.59174 -0.232307 0.182229 3 251 0
0.593995 -0.227121 0.184183 3 251 0
0.59666 -0.222434 0.186908 3 251 0
0.600134 -0.222927 0.190768 3 251 0
0.603217 -0.222683 0.195136 3 251 0
0.605686 -0.224894 0.197383 3 251 0
0.607672 -0.228906 0.198691 3 251 0
0.60907 -0.234138 0.198447 3 251 0
0.608272 -0.23803 0.196331 3 251 0
0.60499 -0.239833 0.193106 3 251 0
0.601876 -0.242378 0.189805 3 251 0
0.598188 -0.239417 0.18654 3 251 0
0.59457 -0.236706 0.183679 3 251 0
0.592942 -0.231357 0.182441 3 251 0
0.592235 -0.226057 0.182345 3 251 0
0.593697 -0.220788 0.183938 3 251 0
0.596163 -0.216633 0.186539 3 251 0
0.59905 -0.213059 0.190082 3 251 0
0.603256 -0.212769 0.194339 3 251 0
0.606715 -0.215554 0.197828 3 251 0
0.608786 -0.21937 0.199903 3 251 0
0.608341 -0.224353 0.199321 3 251 0
0.606919 -0.229449 0.197346 3 251 0
0.603381 -0.231749 0.193972 3 251 0
0.599961 -0.230571 0.190567 3 251 0
0.596377 -0.228011 0.186878 3 251 0
0.593766 -0.223517 0.184263 3 251 0
0.592823 -0.217789 0.183335 3 251 0
0.593638 -0.211957 0.184023 3 251 0
0.595823 -0.206886 0.186187 3 251 0
0.599098 -0.203186 0.189181 3 251 0
0.603191 -0.203091 0.193478 3 251 0
0.607397 -0.204336 0.197456 3 251 0
0.609278 -0.209569 0.199535 3 251 0
0.609706 -0.215276 0.200214 3 251 0
0.607491 -0.220242 0.19826 3 251 0
0.603524 -0.222151 0.194584 3 251 0
0.599379 -0.222302 0.190758 3 251 0
0.596357 -0.218207 0.187564 3 251 0
0.594197 -0.213039 0.185409 3 251 0
0.593631 -0.207173 0.184849 3 251 0
0.594375 -0.201421 0.185684 3 251 0
0.596526 -0.196329 0.18786 3 251 0
0.600413 -0.193438 0.191414 3 251 0
0.604614 -0.193224 0.195313 3 251 0
0.608405 -0.196118 0.19891 3 251 0
0.609977 -0.201466 0.2006 3 251 0
0.610183 -0.206964 0.200348 3 251 0
0.607597 -0.210917 0.197677 3 251 0
0.603699 -0.212474 0.193898 3 251 0
0.599407 -0.210607 0.190344 3 251 0
0.596066 -0.20655 0.187495 3 251 0
0.593901 -0.201154 0.186024 3 251 0
0.59318 -0.195316 0.185836 3 251 0
0.594571 -0.189812 0.187393 3 251 0
0.598086 -0.186328 0.190692 3 251 0
0.601413 -0.182854 0.194167 3 251 0
0.605425 -0.184189 0.198084 3 251 0
0.609581 -0.186415 0.201487 3 251 0
0.611313 -0.191726 0.202779 3 251 0
0.610104 -0.197119 0.201534 3 251 0
0.607631 -0.201482 0.198434 3 251 0
0.603366 -0.202825 0.194651 3 251 0
0.599524 -0.200207 0.191248 4 250 0
0.596248 -0.195969 0.188807 4 250 0
0.594198 -0.190459 0.187618 4 250 0
0.593864 -0.184526 0.188179 4 250 0
0.595614 -0.179298 0.190113 4 250 0
0.598868 -0.175796 0.193469 4 250 0
0.602691 -0.174151 0.197563 4 250 0
0.606768 -0.175307 0.201437 4 250 0
0.609797 -0.179745 0.203827 4 250 0
0.610726 -0.185409 0.203889 4 250 0
0.608197 -0.190033 0.20129 4 250 0
0.604403 -0.192652 0.197587 4 250 0
0.600285 -0.190924 0.193831 4 250 0
0.596463 -0.187351 0.190947 4 250 0
0.594011 -0.182666 0.189456 4 250 0
0.593417 -0.176811 0.189744 4 250 0
0.594324 -0.171052 0.19118 4 250 0
0.596668 -0.166721 0.193787 4 250 0
0.60039 -0.164065 0.197583 4 250 0
0.604794 -0.164092 0.201669 4 250 0
0.608368 -0.167012 0.205017 4 250 0
0.610906 -0.171949 0.206864 4 250 0
0.610574 -0.17771 0.205899 4 250 0
0.60747 -0.181537 0.202744 4 250 0
0.603268 -0.182463 0.19882 4 250 0
0.599336 -0.181079 0.195347 4 250 0
0.596085 -0.176869 0.192989 4 250 0
0.594375 -0.171184 0.192122 4 250 0
0.593568 -0.165296 0.192304 4 250 0
0.594893 -0.15984 0.19435 4 250 0
0.597887 -0.15581 0.197464 4 250 0
0.601809 -0.154062 0.201435 4 250 0
0.605838 -0.154956 0.205207 4 250 0
0.609048 -0.159259 0.207897 4 250 0
0.610197 -0.164757 0.208347 4 250 0
0.608951 -0.170095 0.206358 4 250 0
0.605603 -0.172375 0.20306 4 250 0
0.601247 -0.172208 0.198962 4 250 0
0.597454 -0.169355 0.195948 4 250 0
0.594237 -0.165038 0.19378 4 250 0
0.593651 -0.159104 0.193846 4 250 0
0.593584 -0.153385 0.194745 4 250 0
0.595688 -0.148543 0.197578 4 250 0
0.599044 -0.145113 0.20114 4 250 0
0.602919 -0.144017 0.205368 4 250 0
0.606828 -0.146089 0.209024 4 250 0
0.60961 -0.150849 0.211077 4 250 0
0.610463 -0.156592 0.210748 4 250 0
0.607928 -0.161058 0.207733 4 250 0
0.604498 -0.164038 0.203994 4 250 0
0.60036 -0.162158 0.200201 4 250 0
0.596884 -0.159363 0.197002 4 250 0
0.594466 -0.154136 0.195318 4 250 0
0.592938 -0.148396 0.194678 4 250 0
0.594258 -0.14339 0.196765 4 250 0
0.595185 -0.138094 0.199019 4 250 0
0.598001 -0.135469 0.202849 4 250 0
0.601953 -0.134091 0.206863 4 250 0
0.605243 -0.135856 0.210967 4 250 0
0.607739 -0.139366 0.213004 4 250 0
0.610306 -0.14398 0.214172 4 250 0
0.609392 -0.14908 0.212475 4 250 0
0.607238 -0.152605 0.20944 4 250 0
0.60356 -0.153909 0.205345 4 250 0
0.59991 -0.152413 0.201552 4 250 0
0.597165 -0.148702 0.198704 4 250 0
0.595533 -0.144388 0.197238 4 250 0
0.594305 -0.139011 0.196778 5 249 0
0.594431 -0.133699 0.197932 5 249 0
0.59513 -0.128958 0.199944 5 249 0
0.596508 -0.126331 0.202082 5 249 0
0.598156 -0.125977 0.204837 5 249 0
0.600329 -0.124415 0.208479 5 249 0
0.602029 -0.125205 0.210433 5 249 0
0.605421 -0.127865 0.21346 5 249 0
0.608933 -0.130584 0.216284 5 249 0
0.612669 -0.133218 0.218898 5 249 0
0.616614 -0.135426 0.221574 5 249 0
0.61039 -0.136207 0.229362 5 249 0
0.663048 -0.137529 0.255922 5 249 0
0.667155 -0.136668 0.246845 5 249 0
0.668027 -0.141935 0.245047 5 249 0
0.668238 -0.146566 0.244612 5 249 0
0.668379 -0.151214 0.244287 5 249 0
0.668464 -0.155868 0.244025 5 249 0
0.668545 -0.160528 0.243929 5 249 0
0.668604 -0.16519 0.243958 5 249 0
0.668569 -0.169852 0.243993 5 249 0
0.668547 -0.174511 0.24402 5 249 0
0.668649 -0.179725 0.243813 5 249 0
0.669477 -0.184377 0.2432 5 249 0
0.669975 -0.189083 0.242649 5 249 0
0.670532 -0.19379 0.242155 5 249 0
0.671058 -0.198509 0.241758 5 249 0
0.671408 -0.203254 0.241575 5 249 0
0.671513 -0.208016 0.241583 5 249 0
0.671488 -0.21278 0.241689 5 249 0
0.671532 -0.217543 0.241803 5 249 0
0.671627 -0.222307 0.241757 5 249 0
0.671634 -0.22707 0.24178 5 249 0
0.671507 -0.22198 0.242225 5 249 0
0.671504 -0.216672 0.241829 5 249 0
0.671447 -0.211354 0.241644 5 249 0
0.671107 -0.206049 0.241391 5 249 0
0.670808 -0.200737 0.241491 5 249 0
0.670277 -0.195454 0.24186 5 249 0
0.669615 -0.190201 0.242399 5 249 0
0.669115 -0.184976 0.243167 5 249 0
0.668649 -0.179725 0.243813 5 249 0
0.668546 -0.174995 0.243819 5 249 0
0.668578 -0.170266 0.243968 5 249 0
0.668603 -0.165535 0.243961 5 249 0
0.66855 -0.160804 0.243931 5 249 0
0.668467 -0.156075 0.244016 5 249 0
0.668382 -0.151352 0.244277 5 249 0
0.668243 -0.146635 0.244609 5 249 0
0.668027 -0.141935 0.245047 5 249 0
0.665858 -0.124349 0.247971 5 249 0
0.670885 -0.125665 0.249982 5 249 0
0.675343 -0.128155 0.251366 5 249 0
0.678638 -0.131961 0.251893 5 249 0
0.681175 -0.137263 0.252181 5 249 0
0.680623 -0.14304 0.251199 5 249 0
0.67734 -0.14663 0.248941 5 249 0
0.672999 -0.149152 0.246653 5 249 0
0.668154 -0.146894 0.244688 5 249 0
0.664613 -0.142076 0.243418 5 249 0
0.665451 -0.137012 0.244513 5 249 0
0.666189 -0.131395 0.245398 5 249 0
0.670245 -0.127986 0.247901 5 249 0
0.675182 -0.125977 0.250539 5 249 0
0.680656 -0.126043 0.253257 5 249 0
0.685487 -0.128193 0.255346 5 249 0
0.688844 -0.133123 0.256348 5 249 0
0.690536 -0.138769 0.256456 5 249 0
0.690472 -0.144436 0.255593 6 248 0
0.686603 -0.14817 0.252931 6 248 0
0.681695 -0.149168 0.250185 6 248 0
0.677077 -0.146394 0.248308 6 248 0
0.674983 -0.140918 0.248163 6 248 0
0.675036 -0.134999 0.249243 6 248 0
0.677954 -0.13035 0.251851 6 248 0
0.681582 -0.127949 0.254419 6 248 0
0.685836 -0.126116 0.257009 6 248 0
0.68966 -0.127551 0.257788 6 248 0
0.694068 -0.130047 0.258712 6 248 0
0.697176 -0.134319 0.258762 6 248 0
0.699122 -0.139582 0.258576 6 248 0
0.69828 -0.144749 0.257103 6 248 0
0.696385 -0.150218 0.255651 6 248 0
0.692456 -0.154105 0.253642 6 248 0
0.687302 -0.155388 0.251069 6 248 0
0.683136 -0.153927 0.249548 6 248 0
0.679375 -0.150305 0.248518 6 248 0
0.677603 -0.145283 0.248364 6 248 0
0.679469 -0.139781 0.249734 6 248 0
0.684004 -0.137381 0.25211 6 248 0
0.689213 -0.135856 0.254348 6 248 0
0.693444 -0.139438 0.255917 6 248 0
0.697537 -0.143198 0.257504 6 248 0
0.699472 -0.148815 0.257745 6 248 0
0.699611 -0.15478 0.257078 6 248 0
0.696778 -0.159461 0.255176 6 248 0
0.693537 -0.164243 0.25353 6 248 0
0.688638 -0.166629 0.251053 6 248 0
0.68365 -0.164931 0.248768 6 248 0
0.679632 -0.160824 0.247124 6 248 0
0.67822 -0.155308 0.246787 6 248 0
0.680399 -0.150857 0.247966 6 248 0
0.685087 -0.14785 0.250198 6 248 0
0.690046 -0.147215 0.252463 6 248 0
0.694337 -0.150792 0.254307 6 248 0
0.698774 -0.154162 0.256125 6 248 0
0.700202 -0.15977 0.256479 6 248 0
0.699955 -0.165752 0.256045 6 248 0
0.697267 -0.170791 0.254525 6 248 0
0.69327 -0.174419 0.252634 6 248 0
0.688284 -0.176518 0.250205 6 248 0
0.683029 -0.174949 0.248099 6 248 0
0.678965 -0.171056 0.246301 6 248 0
0.678575 -0.165245 0.246401 6 248 0
0.681426 -0.160663 0.247819 6 248 0
0.685856 -0.158673 0.249756 6 248 0
0.69098 -0.158173 0.251875 6 248 0
0.695659 -0.16132 0.253609 6 248 0
0.698894 -0.16622 0.254354 6 248 0
0.700579 -0.171811 0.254437 6 248 0
0.700174 -0.177487 0.253724 6 248 0
0.697627 -0.182685 0.252242 6 248 0
0.693706 -0.186182 0.250418 6 248 0
0.688163 -0.186471 0.248276 6 248 0
0.6828 -0.186041 0.246814 6 248 0
0.67956 -0.181962 0.246519 6 248 0
0.678384 -0.176281 0.246667 6 248 0
0.680481 -0.172414 0.247891 6 248 0
0.683779 -0.169396 0.249013 6 248 0
0.688851 -0.168987 0.250487 6 248 0
0.693409 -0.170008 0.251927 6 248 0
0.697658 -0.172482 0.252701 6 248 0
0.701283 -0.175906 0.253488 6 248 0
0.702212 -0.181605 0.25288 6 248 0
0.701853 -0.187071 0.251544 6 248 0
0.700157 -0.192114 0.250457 7 247 0
0.696863 -0.196246 0.249216 7 247 0
0.692482 -0.198607 0.247753 7 247 0
0.68704 -0.197762 0.245944 7 247 0
0.682618 -0.193783 0.245302 7 247 0
0.67916 -0.189211 0.244511 7 247 0
0.680659 -0.183927 0.245523 7 247 0
0.685164 -0.180495 0.247479 7 247 0
0.690536 -0.179198 0.249114 7 247 0
0.695896 -0.180921 0.250955 7 247 0
0.699478 -0.185041 0.251588 7 247 0
0.7027 -0.190017 0.252358 7 247 0
0.703156 -0.195879 0.252053 7 247 0
0.701864 -0.201645 0.251285 7 247 0
0.698574 -0.206276 0.249667 7 247 0
0.693451 -0.208389 0.247537 7 247 0
0.687963 -0.208276 0.245254 7 247 0
0.683198 -0.205683 0.243858 7 247 0
0.681884 -0.199933 0.243697 7 247 0
0.683259 -0.194379 0.24433 7 247 0
0.687377 -0.190651 0.245838 7 247 0
0.69298 -0.191028 0.247903 7 247 0
0.698313 -0.192481 0.250052 7 247 0
0.701555 -0.197135 0.251215 7 247 0
0.703465 -0.20263 0.251962 7 247 0
0.703723 -0.208616 0.252072 7 247 0
0.700784 -0.213363 0.250769 7 247 0
0.696479 -0.217105 0.248972 7 247 0
0.691487 -0.219169 0.247129 7 247 0
0.686364 -0.218109 0.244981 7 247 0
0.682295 -0.214046 0.243411 7 247 0
0.682297 -0.208174 0.243373 7 247 0
0.684761 -0.203013 0.244184 7 247 0
0.689847 -0.200998 0.246022 7 247 0
0.695351 -0.201103 0.248394 7 247 0
0.69938 -0.204564 0.249987 7 247 0
0.702304 -0.209679 0.2511 7 247 0
0.703722 -0.215138 0.251598 7 247 0
0.703339 -0.220995 0.251433 7 247 0
0.699905 -0.225733 0.250146 7 247 0
0.694988 -0.228498 0.248392 7 247 0
0.689486 -0.229271 0.246624 7 247 0
0.684284 -0.227509 0.244428 7 247 0
0.682234 -0.22272 0.243731 7 247 0
0.682703 -0.217473 0.243903 7 247 0
0.68656 -0.213259 0.245417 7 247 0
0.691682 -0.211031 0.247139 7 247 0
0.696726 -0.213276 0.248638 7 247 0
0.701724 -0.215994 0.250483 7 247 0
0.704027 -0.220955 0.250919 7 247 0
0.705095 -0.226274 0.251039 7 247 0
0.704787 -0.232124 0.250682 7 247 0
0.701476 -0.236303 0.248858 7 247 0
0.697968 -0.240619 0.247152 7 247 0
0.69255 -0.240679 0.244734 7 247 0
0.687604 -0.239378 0.243445 7 247 0
0.684434 -0.235646 0.243085 7 247 0
0.682224 -0.230636 0.243606 7 247 0
0.684387 -0.22635 0.2456 7 247 0
0.687888 -0.222346 0.246908 7 247 0
0.692913 -0.222463 0.248199 7 247 0
0.698699 -0.222775 0.249082 7 247 0
0.702997 -0.22687 0.250395 7 247 0
0.704986 -0.232258 0.250865 7 247 0
0.705255 -0.238096 0.250718 7 247 0
0.70309 -0.243277 0.24945 7 247 0
0.69818 -0.245919 0.24702 7 247 0
0.692716 -0.246328 0.244683 8 246 0
0.687739 -0.243445 0.24303 8 246 0
0.684882 -0.238178 0.242427 8 246 0
0.683175 -0.232876 0.242441 8 246 0
0.685023 -0.22736 0.244124 8 246 0
0.688182 -0.223925 0.246472 8 246 0
0.692697 -0.222463 0.248572 8 246 0
0.697918 -0.222732 0.24939 8 246 0
0.701677 -0.224587 0.250091 8 246 0
0.704625 -0.228023 0.250418 8 246 0
0.705494 -0.232144 0.250172 8 246 0
0.704217 -0.23658 0.24935 8 246 0
0.701203 -0.239902 0.248221 8 246 0
0.695926 -0.240642 0.24628 8 246 0
0.69064 -0.240158 0.244743 8 246 0
0.68649 -0.236049 0.243692 8 246 0
0.683937 -0.232261 0.243816 8 246 0
0.681551 -0.227075 0.243717 8 246 0
0.683316 -0.222255 0.244977 8 246 0
0.68587 -0.217444 0.245655 8 246 0
0.689853 -0.214267 0.246601 8 246 0
0.694888 -0.212834 0.248176 8 246 0
0.700105 -0.214613 0.249728 8 246 0
0.703763 -0.217761 0.250798 8 246 0
0.70543 -0.223191 0.251549 8 246 0
0.702568 -0.227967 0.250373 8 246 0
0.698259 -0.230605 0.248837 8 246 0
0.694198 -0.232188 0.247736 8 246 0
0.689053 -0.230051 0.24627 8 246 0
0.685181 -0.225752 0.244927 8 246 0
0.681438 -0.221504 0.243449 8 246 0
0.681804 -0.215533 0.243752 8 246 0
0.684341 -0.210454 0.244717 8 246 0
0.687615 -0.205642 0.245678 8 246 0
0.692455 -0.202664 0.24693 8 246 0
0.697497 -0.20457 0.248594 8 246 0
0.702755 -0.205903 0.250863 8 246 0
0.704126 -0.210913 0.251395 8 246 0
0.703612 -0.216851 0.251577 8 246 0
0.700348 -0.221344 0.250602 8 246 0
0.695136 -0.222639 0.248667 8 246 0
0.689769 -0.221459 0.246623 8 246 0
0.685309 -0.217866 0.245097 8 246 0
0.682228 -0.213156 0.243817 8 246 0
0.681834 -0.207236 0.243689 8 246 0
0.683262 -0.20168 0.244119 8 246 0
0.68622 -0.1966 0.245156 8 246 0
0.691461 -0.19432 0.246937 8 246 0
0.696698 -0.193376 0.249039 8 246 0
0.701439 -0.196442 0.250737 8 246 0
0.703684 -0.201535 0.251269 8 246 0
0.703959 -0.207502 0.251493 8 246 0
0.700246 -0.211607 0.250028 8 246 0
0.695076 -0.212841 0.248127 8 246 0
0.689703 -0.211597 0.246015 8 246 0
0.685093 -0.208376 0.244528 8 246 0
0.682876 -0.202838 0.243975 8 246 0
0.681818 -0.197092 0.243942 8 246 0
0.683617 -0.191567 0.245042 8 246 0
0.686362 -0.187106 0.24613 8 246 0
0.691195 -0.184264 0.248214 8 246 0
0.696796 -0.184398 0.250342 8 246 0
0.701448 -0.187096 0.252106 8 246 0
0.703225 -0.192709 0.252284 8 246 0
0.702531 -0.198249 0.251647 8 246 0
0.698262 -0.201383 0.249668 8 246 0
0.693045 -0.202743 0.247925 8 246 0
0.687833 -0.201041 0.246074 8 246 0
0.683629 -0.197087 0.244818 9 245 0
0.68127 -0.191672 0.244381 9 245 0
0.681027 -0.185704 0.244859 9 245 0
0.682635 -0.180267 0.24611 9 245 0
0.686536 -0.176424 0.248187 9 245 0
0.691401 -0.174103 0.250243 9 245 0
0.696729 -0.175729 0.252241 9 245 0
0.701383 -0.178181 0.253715 9 245 0
0.702099 -0.184018 0.253402 9 245 0
0.70108 -0.189823 0.252567 9 245 0
0.696436 -0.192645 0.250502 9 245 0
0.691326 -0.193551 0.24858 9 245 0
0.686261 -0.190891 0.246798 9 245 0
0.682998 -0.18602 0.245891 9 245 0
0.680065 -0.18092 0.245003 9 245 0
0.680847 -0.175554 0.246028 9 245 0
0.683084 -0.170215 0.247558 9 245 0
0.686407 -0.166587 0.249201 9 245 0
0.691362 -0.164392 0.251421 9 245 0
0.696585 -0.165855 0.253499 9 245 0
0.700589 -0.169028 0.254767 9 245 0
0.701616 -0.174346 0.254909 9 245 0
0.700432 -0.179856 0.254262 9 245 0
0.695831 -0.182579 0.252083 9 245 0
0.690798 -0.184214 0.250039 9 245 0
0.686022 -0.18181 0.248287 9 245 0
0.682152 -0.177495 0.246947 9 245 0
0.678996 -0.172532 0.245836 9 245 0
0.679568 -0.166865 0.246605 9 245 0
0.681791 -0.161469 0.247965 9 245 0
0.68498 -0.156813 0.249458 9 245 0
0.690164 -0.155746 0.251871 9 245 0
0.695715 -0.155862 0.254091 9 245 0
0.699127 -0.16017 0.255394 9 245 0
0.700057 -0.165649 0.255553 9 245 0
0.698052 -0.171022 0.254517 9 245 0
0.693535 -0.17414 0.252471 9 245 0
0.688037 -0.173981 0.250098 9 245 0
0.683343 -0.171017 0.248383 9 245 0
0.680565 -0.166059 0.247477 9 245 0
0.678196 -0.161077 0.2468 9 245 0
0.678777 -0.155303 0.247441 9 245 0
0.681322 -0.150097 0.248949 9 245 0
0.685357 -0.146525 0.250958 9 245 0
0.690785 -0.145831 0.253316 9 245 0
0.696032 -0.146468 0.255644 9 245 0
0.699747 -0.150924 0.256979 9 245 0
0.700113 -0.156861 0.25638 9 245 0
0.698236 -0.161909 0.255148 9 245 0
0.693729 -0.164238 0.253079 9 245 0
0.688269 -0.164095 0.250613 9 245 0
0.683538 -0.161817 0.249017 9 245 0
0.680479 -0.156728 0.248234 9 245 0
0.677818 -0.152008 0.247567 9 245 0
0.677777 -0.146086 0.248356 9 245 0
0.680115 -0.141318 0.250235 9 245 0
0.68389 -0.137312 0.252583 9 245 0
0.68898 -0.135944 0.255049 9 245 0
0.694076 -0.136609 0.256783 9 245 0
0.697951 -0.140749 0.257968 9 245 0
0.700199 -0.145236 0.257818 9 245 0
0.699613 -0.150878 0.256849 9 245 0
0.696267 -0.154016 0.254837 9 245 0
0.691576 -0.155648 0.252716 9 245 0
0.686658 -0.15407 0.250809 9 245 0
0.682103 -0.151144 0.249244 9 245 0
0.679525 -0.1466 0.249289 9 245 0
0.6773 -0.14167 0.2493 10 244 0
0.676838 -0.135976 0.249995 10 244 0
0.678564 -0.131532 0.251898 10 244 0
0.682197 -0.128553 0.254672 10 244 0
0.685899 -0.126116 0.2569 10 244 0
0.68351 -0.127434 0.255465 10 244 0
0.680101 -0.129428 0.253329 10 244 0
0.676677 -0.131412 0.251207 10 244 0
0.673239 -0.133434 0.249144 10 244 0
0.669789 -0.13544 0.247085 10 244 0
0.665752 -0.136367 0.256187 10 244 0
0.612143 -0.13736 0.23039 10 244 0
0.618381 -0.136651 0.222607 10 244 0
0.618381 -0.136651 0.222607 10 244 0
0.618848 -0.141779 0.221908 10 244 0
0.619321 -0.146415 0.22122 10 244 0
0.619708 -0.151075 0.220653 10 244 0
0.620043 -0.155747 0.220158 10 244 0
0.620283 -0.160436 0.219802 10 244 0
0.620423 -0.165139 0.219599 10 244 0
0.620487 -0.169849 0.21952 10 244 0
0.620454 -0.174558 0.219568 10 244 0
0.620012 -0.180065 0.218777 10 244 0
0.619867 -0.184764 0.217658 10 244 0
0.619652 -0.189427 0.216404 10 244 0
0.619451 -0.194095 0.215168 10 244 0
0.619285 -0.198802 0.214093 10 244 0
0.61904 -0.203537 0.213162 10 244 0
0.618633 -0.208287 0.212379 10 244 0
0.618067 -0.213043 0.211733 10 244 0
0.617408 -0.217793 0.211136 10 244 0
0.616761 -0.222542 0.210519 10 244 0
0.615973 -0.227269 0.209933 10 244 0
0.616639 -0.221985 0.210832 10 244 0
0.617456 -0.217309 0.211208 10 244 0
0.618125 -0.212628 0.211785 10 244 0
0.618672 -0.207939 0.212428 10 244 0
0.619059 -0.203258 0.213213 10 244 0
0.619428 -0.198636 0.214282 10 244 0
0.619791 -0.194061 0.215554 10 244 0
0.620008 -0.189475 0.216821 10 244 0
0.620356 -0.184981 0.218361 10 244 0
0.620578 -0.180025 0.219416 10 244 0
0.62057 -0.17522 0.219396 10 244 0
0.620503 -0.170417 0.219497 10 244 0
0.620417 -0.165614 0.21961 10 244 0
0.620283 -0.160815 0.219802 10 244 0
0.620058 -0.156029 0.220135 10 244 0
0.619725 -0.151261 0.220628 10 244 0
0.619335 -0.146506 0.2212 10 244 0
0.618848 -0.141779 0.221908 10 244 0
0.617496 -0.124352 0.223826 10 244 0
0.622298 -0.125954 0.226007 10 244 0
0.625164 -0.129988 0.226947 10 244 0
0.627113 -0.135237 0.227321 10 244 0
0.625911 -0.140362 0.2258 10 244 0
0.62346 -0.145237 0.22373 10 244 0
0.619127 -0.147002 0.220517 10 244 0
0.614862 -0.149005 0.217474 10 244 0
0.610343 -0.146591 0.214589 10 244 0
0.606033 -0.144533 0.212103 10 244 0
0.602907 -0.139636 0.210484 10 244 0
0.602628 -0.133831 0.210905 10 244 0
0.604071 -0.128167 0.212301 10 244 0
0.607684 -0.1247 0.215133 10 244 0
0.612291 -0.125605 0.218441 10 244 0
0.615814 -0.129902 0.220546 10 244 0
0.617369 -0.13548 0.221061 11 243 0
0.615723 -0.140445 0.219167 11 243 0
0.614134 -0.144879 0.217231 11 243 0
0.610119 -0.14718 0.213391 11 243 0
0.605807 -0.149126 0.209782 11 243 0
0.602064 -0.146682 0.20625 11 243 0
0.598453 -0.143122 0.202985 11 243 0
0.595907 -0.139104 0.200644 11 243 0
0.595119 -0.133357 0.200182 11 243 0
0.595474 -0.12863 0.201214 11 243 0
0.597858 -0.125984 0.204339 11 243 0
0.600463 -0.124415 0.208247 11 243 0
0.602829 -0.125977 0.211339 11 243 0
0.606079 -0.129112 0.213928 11 243 0
0.608617 -0.133166 0.215154 11 243 0
0.609063 -0.139109 0.214686 11 243 0
0.609008 -0.14474 0.213101 11 243 0
0.607479 -0.149053 0.210532 11 243 0
0.604723 -0.152306 0.206749 11 243 0
0.600598 -0.152356 0.202462 11 243 0
0.596859 -0.150995 0.198536 11 243 0
0.593927 -0.147172 0.1962 11 243 0
0.592162 -0.141735 0.195698 11 243 0
0.594394 -0.137057 0.198362 11 243 0
0.597323 -0.134248 0.202091 11 243 0
0.601593 -0.134124 0.206254 11 243 0
0.605087 -0.137686 0.209163 11 243 0
0.608062 -0.142116 0.211166 11 243 0
0.609907 -0.147369 0.211636 11 243 0
0.608918 -0.152871 0.209886 11 243 0
0.607009 -0.15788 0.207288 11 243 0
0.6034 -0.160781 0.20373 11 243 0
0.599578 -0.161599 0.199948 11 243 0
0.595712 -0.160174 0.196385 11 243 0
0.592881 -0.155475 0.194247 11 243 0
0.592655 -0.149639 0.194651 11 243 0
0.593993 -0.145088 0.196641 11 243 0
0.597717 -0.142552 0.200164 11 243 0
0.602226 -0.143541 0.20378 11 243 0
0.605668 -0.147496 0.206471 11 243 0
0.608078 -0.152653 0.20787 11 243 0
0.60871 -0.158526 0.207609 11 243 0
0.608276 -0.164162 0.206309 11 243 0
0.605368 -0.168174 0.203279 11 243 0
0.601414 -0.170759 0.199627 11 243 0
0.597248 -0.170965 0.195355 11 243 0
0.59349 -0.167505 0.192521 11 243 0
0.591948 -0.161977 0.191423 11 243 0
0.591582 -0.156037 0.191907 11 243 0
0.594416 -0.152348 0.194531 11 243 0
0.598563 -0.150915 0.198333 11 243 0
0.602811 -0.153164 0.201843 11 243 0
0.60518 -0.157886 0.203756 11 243 0
0.607513 -0.163103 0.205027 11 243 0
0.608 -0.16901 0.204397 11 243 0
0.607076 -0.174538 0.202792 11 243 0
0.603562 -0.177711 0.199204 11 243 0
0.599708 -0.178434 0.194964 11 243 0
0.595459 -0.17742 0.191008 11 243 0
0.592065 -0.174041 0.188341 11 243 0
0.590784 -0.168598 0.187715 11 243 0
0.592184 -0.16357 0.189426 11 243 0
0.595469 -0.160966 0.193325 11 243 0
0.599501 -0.16082 0.197709 11 243 0
0.603823 -0.163056 0.201095 11 243 0
0.606182 -0.167949 0.202976 11 243 0
0.607227 -0.173699 0.203405 11 243 0
0.606538 -0.179105 0.201888 11 243 0
0.604704 -0.183983 0.199122 12 242 0
0.602015 -0.186814 0.195009 12 242 0
0.598632 -0.187949 0.191039 12 242 0
0.594881 -0.1868 0.186979 12 242 0
0.592378 -0.182537 0.184186 12 242 0
0.590241 -0.178447 0.183064 12 242 0
0.591866 -0.173624 0.184737 12 242 0
0.593088 -0.170697 0.187617 12 242 0
0.595393 -0.168553 0.190153 12 242 0
0.597878 -0.16844 0.194204 12 242 0
0.599934 -0.170901 0.196994 12 242 0
0.602842 -0.173154 0.199575 12 242 0
0.605195 -0.177876 0.201304 12 242 0
0.606903 -0.183279 0.201616 12 242 0
0.606309 -0.188787 0.200086 12 242 0
0.604786 -0.193405 0.197257 12 242 0
0.602493 -0.1961 0.193332 12 242 0
0.598915 -0.197971 0.189198 12 242 0
0.594783 -0.196719 0.185273 12 242 0
0.592767 -0.192566 0.183269 12 242 0
0.590437 -0.187542 0.182334 12 242 0
0.592255 -0.183031 0.18457 12 242 0
0.595103 -0.180353 0.188271 12 242 0
0.599064 -0.178607 0.192182 12 242 0
0.602666 -0.181978 0.195471 12 242 0
0.605903 -0.185963 0.198088 12 242 0
0.607937 -0.191439 0.199432 12 242 0
0.607685 -0.197132 0.198699 12 242 0
0.606218 -0.202594 0.196745 12 242 0
0.603893 -0.207057 0.193808 12 242 0
0.599884 -0.208165 0.189657 12 242 0
0.59566 -0.207032 0.185758 12 242 0
0.591891 -0.203746 0.182787 12 242 0
0.591245 -0.198225 0.182384 12 242 0
0.592584 -0.192601 0.183792 12 242 0
0.596797 -0.191208 0.187574 12 242 0
0.601008 -0.190612 0.191556 12 242 0
0.604365 -0.193994 0.194765 12 242 0
0.607565 -0.198313 0.19742 12 242 0
0.608723 -0.203969 0.198545 12 242 0
0.607803 -0.209823 0.197823 12 242 0
0.605979 -0.215207 0.195995 12 242 0
0.603024 -0.219356 0.193308 12 242 0
0.598704 -0.220552 0.189491 12 242 0
0.594759 -0.21793 0.185982 12 242 0
0.592369 -0.213196 0.183373 12 242 0
0.591522 -0.207429 0.182591 12 242 0
0.594695 -0.203217 0.185106 12 242 0
0.597894 -0.200075 0.188117 12 242 0
0.602039 -0.201996 0.191703 12 242 0
0.605705 -0.205102 0.195164 12 242 0
0.608218 -0.210017 0.197395 12 242 0
0.608841 -0.215786 0.198288 12 242 0
0.607291 -0.221479 0.197272 12 242 0
0.60449 -0.225985 0.19489 12 242 0
0.60204 -0.230489 0.192454 12 242 0
0.597722 -0.229938 0.188395 12 242 0
0.593643 -0.227448 0.184777 12 242 0
0.591487 -0.222875 0.182574 12 242 0
0.592508 -0.217313 0.183264 12 242 0
0.595092 -0.21267 0.185972 12 242 0
0.599405 -0.211698 0.189939 12 242 0
0.603277 -0.213545 0.193687 12 242 0
0.606801 -0.216875 0.196922 12 242 0
0.608667 -0.222323 0.198509 12 242 0
0.60882 -0.228297 0.198439 12 242 0
0.607148 -0.23362 0.196655 12 242 0
0.605128 -0.238494 0.193909 13 241 0
0.601448 -0.240133 0.190074 13 241 0
0.597766 -0.240897 0.186613 13 241 0
0.594096 -0.238796 0.183101 13 241 0
0.59204 -0.23491 0.181269 13 241 0
0.592075 -0.22894 0.181556 13 241 0
0.59424 -0.22451 0.183975 13 241 0
0.596784 -0.222495 0.187511 13 241 0
0.599801 -0.222927 0.191345 13 241 0
0.603636 -0.224083 0.195155 13 241 0
0.607881 -0.226716 0.197386 13 241 0
0.609352 -0.232468 0.197722 13 241 0
0.609054 -0.238357 0.196743 13 241 0
0.606409 -0.242851 0.19409 13 241 0
0.603053 -0.246343 0.190629 13 241 0
0.598554 -0.246343 0.186976 13 241 0
0.594489 -0.242994 0.183996 13 241 0
0.591681 -0.238365 0.182048 13 241 0
0.59174 -0.232307 0.182229 13 241 0
0.593995 -0.227121 0.184183 13 241 0
0.59666 -0.222434 0.186908 13 241 0
0.600134 -0.222927 0.190768 13 241 0
0.603217 -0.222683 0.195136 13 241 0
0.605686 -0.224894 0.197383 13 241 0
0.607672 -0.228906 0.198691 13 241 0
0.60907 -0.234138 0.198447 13 241 0
0.608272 -0.23803 0.196331 13 241 0
0.60499 -0.239833 0.193106 13 241 0
0.601876 -0.242378 0.189805 13 241 0
0.598188 -0.239417 0.18654 13 241 0
0.59457 -0.236706 0.183679 13 241 0
0.592942 -0.231357 0.182441 13 241 0
0.592235 -0.226057 0.182345 13 241 0
0.593697 -0.220788 0.183938 13 241 0
0.596163 -0.216633 0.186539 13 241 0
0.59905 -0.213059 0.190082 13 241 0
0.603256 -0.212769 0.194339 13 241 0
0.606715 -0.215554 0.197828 13 241 0
0.608786 -0.21937 0.199903 13 241 0
0.608341 -0.224353 0.199321 13 241 0
0.606919 -0.229449 0.197346 13 241 0
0.603381 -0.231749 0.193972 13 241 0
0.599961 -0.230571 0.190567 13 241 0
0.596377 -0.228011 0.186878 13 241 0
0.593766 -0.223517 0.184263 13 241 0
0.592823 -0.217789 0.183335 13 241 0
0.593638 -0.211957 0.184023 13 241 0
0.595823 -0.206886 0.186187 13 241 0
0.599098 -0.203186 0.189181 13 241 0
0.603191 -0.203091 0.193478 13 241 0
0.607397 -0.204336 0.197456 13 241 0
0.609278 -0.209569 0.199535 13 241 0
0.609706 -0.215276 0.200214 13 241 0
0.607491 -0.220242 0.19826 13 241 0
0.603524 -0.222151 0.194584 13 241 0
0.599379 -0.222302 0.190758 13 241 0
0.596357 -0.218207 0.187564 13 241 0
0.594197 -0.213039 0.185409 13 241 0
0.593631 -0.207173 0.184849 13 241 0
0.594375 -0.201421 0.185684 13 241 0
0.596526 -0.196329 0.18786 13 241 0
0.600413 -0.193438 0.191414 13 241 0
0.604614 -0.193224 0.195313 13 241 0
0.608405 -0.196118 0.19891 13 241 0
0.609977 -0.201466 0.2006 13 241 0
0.610183 -0.206964 0.200348 13 241 0
0.607597 -0.210917 0.197677 13 241 0
0.603699 -0.212474 0.193898 14 240 0
0.599407 -0.210607 0.190344 14 240 0
0.596066 -0.20655 0.187495 14 240 0
0.593901 -0.201154 0.186024 14 240 0
0.59318 -0.195316 0.185836 14 240 0
0.594571 -0.189812 0.187393 14 240 0
0.598086 -0.186328 0.190692 14 240 0
0.601413 -0.182854 0.194167 14 240 0
0.605425 -0.184189 0.198084 14 240 0
0.609581 -0.186415 0.201487 14 240 0
0.611313 -0.191726 0.202779 14 240 0
0.610104 -0.197119 0.201534 14 240 0
0.607631 -0.201482 0.198434 14 240 0
0.603366 -0.202825 0.194651 14 240 0
0.599524 -0.200207 0.191248 14 240 0
0.596248 -0.195969 0.188807 14 240 0
0.594198 -0.190459 0.187618 14 240 0
0.593864 -0.184526 0.188179 14 240 0
0.595614 -0.179298 0.190113 14 240 0
0.598868 -0.175796 0.193469 14 240 0
0.602691 -0.174151 0.197563 14 240 0
0.606768 -0.175307 0.201437 14 240 0
0.609797 -0.179745 0.203827 14 240 0
0.610726 -0.185409 0.203889 14 240 0
0.608197 -0.190033 0.20129 14 240 0
0.604403 -0.192652 0.197587 14 240 0
0.600285 -0.190924 0.193831 14 240 0
0.596463 -0.187351 0.190947 14 240 0
0.594011 -0.182666 0.189456 14 240 0
0.593417 -0.176811 0.189744 14 240 0
0.594324 -0.171052 0.19118 14 240 0
0.596668 -0.166721 0.193787 14 240 0
0.60039 -0.164065 0.197583 14 240 0
0.604794 -0.164092 0.201669 14 240 0
0.608368 -0.167012 0.205017 14 240 0
0.610906 -0.171949 0.206864 14 240 0
0.610574 -0.17771 0.205899 14 240 0
0.60747 -0.181537 0.202744 14 240 0
0.603268 -0.182463 0.19882 14 240 0
0.599336 -0.181079 0.195347 14 240 0
0.596085 -0.176869 0.192989 14 240 0
0.594375 -0.171184 0.192122 14 240 0
0.593568 -0.165296 0.192304 14 240 0
0.594893 -0.15984 0.19435 14 240 0
0.597887 -0.15581 0.197464 14 240 0
0.601809 -0.154062 0.201435 14 240 0
0.605838 -0.154956 0.205207 14 240 0
0.609048 -0.159259 0.207897 14 240 0
0.610197 -0.164757 0.208347 14 240 0
0.608951 -0.170095 0.206358 14 240 0
0.605603 -0.172375 0.20306 14 240 0
0.601247 -0.172208 0.198962 14 240 0
0.597454 -0.169355 0.195948 14 240 0
0.594237 -0.165038 0.19378 14 240 0
0.593651 -0.159104 0.193846 14 240 0
0.593584 -0.153385 0.194745 14 240 0
0.595688 -0.148543 0.197578 14 240 0
0.599044 -0.145113 0.20114 14 240 0
0.602919 -0.144017 0.205368 14 240 0
0.606828 -0.146089 0.209024 14 240 0
0.60961 -0.150849 0.211077 14 240 0
0.610463 -0.156592 0.210748 14 240 0
0.607928 -0.161058 0.207733 14 240 0
0.604498 -0.164038 0.203994 14 240 0
0.60036 -0.162158 0.200201 14 240 0
0.596884 -0.159363 0.197002 14 240 0
0.594466 -0.154136 0.195318 14 240 0
0.592938 -0.148396 0.194678 14 240 0
0.594258 -0.14339 0.196765 15 239 0
0.595185 -0.138094 0.199019 15 239 0
0.598001 -0.135469 0.202849 15 239 0
0.601953 -0.134091 0.206863 15 239 0
0.605243 -0.135856 0.210967 15 239 0
0.607739 -0.139366 0.213004 15 239 0
0.610306 -0.14398 0.214172 15 239 0
0.609392 -0.14908 0.212475 15 239 0
0.607238 -0.152605 0.20944 15 239 0
0.60356 -0.153909 0.205345 15 239 0
0.59991 -0.152413 0.201552 15 239 0
0.597165 -0.148702 0.198704 15 239 0
0.595533 -0.144388 0.197238 15 239 0
0.594305 -0.139011 0.196778 15 239 0
0.594431 -0.133699 0.197932 15 239 0
0.59513 -0.128958 0.199944 15 239 0
0.596508 -0.126331 0.202082 15 239 0
0.598156 -0.125977 0.204837 15 239 0
0.600329 -0.124415 0.208479 15 239 0
0.602029 -0.125205 0.210433 15 239 0
0.605421 -0.127865 0.21346 15 239 0
0.608933 -0.130584 0.216284 15 239 0
0.612669 -0.133218 0.218898 15 239 0
0.616614 -0.135426 0.221574 15 239 0
0.61039 -0.136207 0.229362 15 239 0
0.663048 -0.137529 0.255922 15 239 0
0.667155 -0.136668 0.246845 15 239 0
0.668027 -0.141935 0.245047 15 239 0
0.668238 -0.146566 0.244612 15 239 0
0.668379 -0.151214 0.244287 15 239 0
0.668464 -0.155868 0.244025 15 239 0
0.668545 -0.160528 0.243929 15 239 0
0.668604 -0.16519 0.243958 15 239 0
0.668569 -0.169852 0.243993 15 239 0
0.668547 -0.174511 0.24402 15 239 0
0.668649 -0.179725 0.243813 15 239 0
0.669477 -0.184377 0.2432 15 239 0
0.669975 -0.189083 0.242649 15 239 0
0.670532 -0.19379 0.242155 15 239 0
0.671058 -0.198509 0.241758 15 239 0
0.671408 -0.203254 0.241575 15 239 0
0.671513 -0.208016 0.241583 15 239 0
0.671488 -0.21278 0.241689 15 239 0
0.671532 -0.217543 0.241803 15 239 0
0.671627 -0.222307 0.241757 15 239 0
0.671634 -0.22707 0.24178 15 239 0
0.671507 -0.22198 0.242225 15 239 0
0.671504 -0.216672 0.241829 15 239 0
0.671447 -0.211354 0.241644 15 239 0
0.671107 -0.206049 0.241391 15 239 0
0.670808 -0.200737 0.241491 15 239 0
0.670277 -0.195454 0.24186 15 239 0
0.669615 -0.190201 0.242399 15 239 0
0.669115 -0.184976 0.243167 15 239 0
0.668649 -0.179725 0.243813 15 239 0
0.668546 -0.174995 0.243819 15 239 0
0.668578 -0.170266 0.243968 15 239 0
0.668603 -0.165535 0.243961 15 239 0
0.66855 -0.160804 0.243931 15 239 0
0.668467 -0.156075 0.244016 15 239 0
0.668382 -0.151352 0.244277 15 239 0
0.668243 -0.146635 0.244609 15 239 0
0.668027 -0.141935 0.245047 15 239 0
0.665858 -0.124349 0.247971 15 239 0
0.670885 -0.125665 0.249982 15 239 0
0.675343 -0.128155 0.251366 15 239 0
0.678638 -0.131961 0.251893 15 239 0
0.681175 -0.137263 0.252181 16 238 0
0.680623 -0.14304 0.251199 16 238 0
0.67734 -0.14663 0.248941 16 238 0
0.672999 -0.149152 0.246653 16 238 0
0.668154 -0.146894 0.244688 16 238 0
0.664613 -0.142076 0.243418 16 238 0
0.665451 -0.137012 0.244513 16 238 0
0.666189 -0.131395 0.245398 16 238 0
0.670245 -0.127986 0.247901 16 238 0
0.675182 -0.125977 0.250539 16 238 0
0.680656 -0.126043 0.253257 16 238 0
0.685487 -0.128193 0.255346 16 238 0
0.688844 -0.133123 0.256348 16 238 0
0.690536 -0.138769 0.256456 16 238 0
0.690472 -0.144436 0.255593 16 238 0
0.686603 -0.14817 0.252931 16 238 0
0.681695 -0.149168 0.250185 16 238 0
0.677077 -0.146394 0.248308 16 238 0
0.674983 -0.140918 0.248163 16 238 0
0.675036 -0.134999 0.249243 16 238 0
0.677954 -0.13035 0.251851 16 238 0
0.681582 -0.127949 0.254419 16 238 0
0.685836 -0.126116 0.257009 16 238 0
0.68966 -0.127551 0.257788 16 238 0
0.694068 -0.130047 0.258712 16 238 0
0.697176 -0.134319 0.258762 16 238 0
0.699122 -0.139582 0.258576 16 238 0
0.69828 -0.144749 0.257103 16 238 0
0.696385 -0.150218 0.255651 16 238 0
0.692456 -0.154105 0.253642 16 238 0
0.687302 -0.155388 0.251069 16 238 0
0.683136 -0.153927 0.249548 16 238 0
0.679375 -0.150305 0.248518 16 238 0
0.677603 -0.145283 0.248364 16 238 0
0.679469 -0.139781 0.249734 16 238 0
0.684004 -0.137381 0.25211 16 238 0
0.689213 -0.135856 0.254348 16 238 0
0.693444 -0.139438 0.255917 16 238 0
0.697537 -0.143198 0.257504 16 238 0
0.699472 -0.148815 0.257745 16 238 0
0.699611 -0.15478 0.257078 16 238 0
0.696778 -0.159461 0.255176 16 238 0
0.693537 -0.164243 0.25353 16 238 0
0.688638 -0.166629 0.251053 16 238 0
0.68365 -0.164931 0.248768 16 238 0
0.679632 -0.160824 0.247124 16 238 0
0.67822 -0.155308 0.246787 16 238 0
0.680399 -0.150857 0.247966 16 238 0
0.685087 -0.14785 0.250198 16 238 0
0.690046 -0.147215 0.252463 16 238 0
0.694337 -0.150792 0.254307 16 238 0
0.698774 -0.154162 0.256125 16 238 0
0.700202 -0.15977 0.256479 16 238 0
0.699955 -0.165752 0.256045 16 238 0
0.697267 -0.170791 0.254525 16 238 0
0.69327 -0.174419 0.252634 16 238 0
0.688284 -0.176518 0.250205 16 238 0
0.683029 -0.174949 0.248099 16 238 0
0.678965 -0.171056 0.246301 16 238 0
0.678575 -0.165245 0.246401 16 238 0
0.681426 -0.160663 0.247819 16 238 0
0.685856 -0.158673 0.249756 16 238 0
0.69098 -0.158173 0.251875 16 238 0
0.695659 -0.16132 0.253609 16 238 0
0.698894 -0.16622 0.254354 16 238 0
0.700579 -0.171811 0.254437 16 238 0
0.700174 -0.177487 0.253724 16 238 0
0.697627 -0.182685 0.252242 17 237 0
0.693706 -0.186182 0.250418 17 237 0
0.688163 -0.186471 0.248276 17 237 0
0.6828 -0.186041 0.246814 17 237 0
0.67956 -0.181962 0.246519 17 237 0
0.678384 -0.176281 0.246667 17 237 0
0.680481 -0.172414 0.247891 17 237 0
0.683779 -0.169396 0.249013 17 237 0
0.688851 -0.168987 0.250487 17 237 0
0.693409 -0.170008 0.251927 17 237 0
0.697658 -0.172482 0.252701 17 237 0
0.701283 -0.175906 0.253488 17 237 0
0.702212 -0.181605 0.25288 17 237 0
0.701853 -0.187071 0.251544 17 237 0
0.700157 -0.192114 0.250457 17 237 0
0.696863 -0.196246 0.249216 17 237 0
0.692482 -0.198607 0.247753 17 237 0
0.68704 -0.197762 0.245944 17 237 0
0.682618 -0.193783 0.245302 17 237 0
0.67916 -0.189211 0.244511 17 237 0
0.680659 -0.183927 0.245523 17 237 0
0.685164 -0.180495 0.247479 17 237 0
0.690536 -0.179198 0.249114 17 237 0
0.695896 -0.180921 0.250955 17 237 0
0.699478 -0.185041 0.251588 17 237 0
0.7027 -0.190017 0.252358 17 237 0
0.703156 -0.195879 0.252053 17 237 0
0.701864 -0.201645 0.251285 17 237 0
0.698574 -0.206276 0.249667 17 237 0
0.693451 -0.208389 0.247537 17 237 0
0.687963 -0.208276 0.245254 17 237 0
0.683198 -0.205683 0.243858 17 237 0
0.681884 -0.199933 0.243697 17 237 0
0.683259 -0.194379 0.24433 17 237 0
0.687377 -0.190651 0.245838 17 237 0
0.69298 -0.191028 0.247903 17 237 0
0.698313 -0.192481 0.250052 17 237 0
0.701555 -0.197135 0.251215 17 237 0
0.703465 -0.20263 0.251962 17 237 0
0.703723 -0.208616 0.252072 17 237 0
0.700784 -0.213363 0.250769 17 237 0
0.696479 -0.217105 0.248972 17 237 0
0.691487 -0.219169 0.247129 17 237 0
0.686364 -0.218109 0.244981 17 237 0
0.682295 -0.214046 0.243411 17 237 0
0.682297 -0.208174 0.243373 17 237 0
0.684761 -0.203013 0.244184 17 237 0
0.689847 -0.200998 0.246022 17 237 0
0.695351 -0.201103 0.248394 17 237 0
0.69938 -0.204564 0.249987 17 237 0
0.702304 -0.209679 0.2511 17 237 0
0.703722 -0.215138 0.251598 17 237 0
0.703339 -0.220995 0.251433 17 237 0
0.699905 -0.225733 0.250146 17 237 0
0.694988 -0.228498 0.248392 17 237 0
0.689486 -0.229271 0.246624 17 237 0
0.684284 -0.227509 0.244428 17 237 0
0.682234 -0.22272 0.243731 17 237 0
0.682703 -0.217473 0.243903 17 237 0
0.68656 -0.213259 0.245417 17 237 0
0.691682 -0.211031 0.247139 17 237 0
0.696726 -0.213276 0.248638 17 237 0
0.701724 -0.215994 0.250483 17 237 0
0.704027 -0.220955 0.250919 17 237 0
0.705095 -0.226274 0.251039 17 237 0
0.704787 -0.232124 0.250682 17 237 0
0.701476 -0.236303 0.248858 17 237 0
0.697968 -0.240619 0.247152 17 237 0
0.69255 -0.240679 0.244734 18 236 0
0.687604 -0.239378 0.243445 18 236 0
0.684434 -0.235646 0.243085 18 236 0
0.682224 -0.230636 0.243606 18 236 0
0.684387 -0.22635 0.2456 18 236 0
0.687888 -0.222346 0.246908 18 236 0
0.692913 -0.222463 0.248199 18 236 0
0.698699 -0.222775 0.249082 18 236 0
0.702997 -0.22687 0.250395 18 236 0
0.704986 -0.232258 0.250865 18 236 0
0.705255 -0.238096 0.250718 18 236 0
0.70309 -0.243277 0.24945 18 236 0
0.69818 -0.245919 0.24702 18 236 0
0.692716 -0.246328 0.244683 18 236 0
0.687739 -0.243445 0.24303 18 236 0
0.684882 -0.238178 0.242427 18 236 0
0.683175 -0.232876 0.242441 18 236 0
0.685023 -0.22736 0.244124 18 236 0
0.688182 -0.223925 0.246472 18 236 0
0.692697 -0.222463 0.248572 18 236 0
0.697918 -0.222732 0.24939 18 236 0
0.701677 -0.224587 0.250091 18 236 0
0.704625 -0.228023 0.250418 18 236 0
0.705494 -0.232144 0.250172 18 236 0
0.704217 -0.23658 0.24935 18 236 0
0.701203 -0.239902 0.248221 18 236 0
0.695926 -0.240642 0.24628 18 236 0
0.69064 -0.240158 0.244743 18 236 0
0.68649 -0.236049 0.243692 18 236 0
0.683937 -0.232261 0.243816 18 236 0
0.681551 -0.227075 0.243717 18 236 0
0.683316 -0.222255 0.244977 18 236 0
0.68587 -0.217444 0.245655 18 236 0
0.689853 -0.214267 0.246601 18 236 0
0.694888 -0.212834 0.248176 18 236 0
0.700105 -0.214613 0.249728 18 236 0
0.703763 -0.217761 0.250798 18 236 0
0.70543 -0.223191 0.251549 18 236 0
0.702568 -0.227967 0.250373 18 236 0
0.698259 -0.230605 0.248837 18 236 0
0.694198 -0.232188 0.247736 18 236 0
0.689053 -0.230051 0.24627 18 236 0
0.685181 -0.225752 0.244927 18 236 0
0.681438 -0.221504 0.243449 18 236 0
0.681804 -0.215533 0.243752 18 236 0
0.684341 -0.210454 0.244717 18 236 0
0.687615 -0.205642 0.245678 18 236 0
0.692455 -0.202664 0.24693 18 236 0
0.697497 -0.20457 0.248594 18 236 0
0.702755 -0.205903 0.250863 18 236 0
0.704126 -0.210913 0.251395 18 236 0
0.703612 -0.216851 0.251577 18 236 0
0.700348 -0.221344 0.250602 18 236 0
0.695136 -0.222639 0.248667 18 236 0
0.689769 -0.221459 0.246623 18 236 0
0.685309 -0.217866 0.245097 18 236 0
0.682228 -0.213156 0.243817 18 236 0
0.681834 -0.207236 0.243689 18 236 0
0.683262 -0.20168 0.244119 18 236 0
0.68622 -0.1966 0.245156 18 236 0
0.691461 -0.19432 0.246937 18 236 0
0.696698 -0.193376 0.249039 18 236 0
0.701439 -0.196442 0.250737 18 236 0
0.703684 -0.201535 0.251269 18 236 0
0.703959 -0.207502 0.251493 18 236 0
0.700246 -0.211607 0.250028 18 236 0
0.695076 -0.212841 0.248127 18 236 0
0.689703 -0.211597 0.246015 19 235 0
0.685093 -0.208376 0.244528 19 235 0
0.682876 -0.202838 0.243975 19 235 0
0.681818 -0.197092 0.243942 19 235 0
0.683617 -0.191567 0.245042 19 235 0
0.686362 -0.187106 0.24613 19 235 0
0.691195 -0.184264 0.248214 19 235 0
0.696796 -0.184398 0.250342 19 235 0
0.701448 -0.187096 0.252106 19 235 0
0.703225 -0.192709 0.252284 19 235 0
0.702531 -0.198249 0.251647 19 235 0
0.698262 -0.201383 0.249668 19 235 0
0.693045 -0.202743 0.247925 19 235 0
0.687833 -0.201041 0.246074 19 235 0
0.683629 -0.197087 0.244818 19 235 0
0.68127 -0.191672 0.244381 19 235 0
0.681027 -0.185704 0.244859 19 235 0
0.682635 -0.180267 0.24611 19 235 0
0.686536 -0.176424 0.248187 19 235 0
0.691401 -0.174103 0.250243 19 235 0
0.696729 -0.175729 0.252241 19 235 0
0.701383 -0.178181 0.253715 19 235 0
0.702099 -0.184018 0.253402 19 235 0
0.70108 -0.189823 0.252567 19 235 0
0.696436 -0.192645 0.250502 19 235 0
0.691326 -0.193551 0.24858 19 235 0
0.686261 -0.190891 0.246798 19 235 0
0.682998 -0.18602 0.245891 19 235 0
0.680065 -0.18092 0.245003 19 235 0
0.680847 -0.175554 0.246028 19 235 0
0.683084 -0.170215 0.247558 19 235 0
0.686407 -0.166587 0.249201 19 235 0
0.691362 -0.164392 0.251421 19 235 0
0.696585 -0.165855 0.253499 19 235 0
0.700589 -0.169028 0.254767 19 235 0
0.701616 -0.174346 0.254909 19 235 0
0.700432 -0.179856 0.254262 19 235 0
0.695831 -0.182579 0.252083 19 235 0
0.690798 -0.184214 0.250039 19 235 0
0.686022 -0.18181 0.248287 19 235 0
0.682152 -0.177495 0.246947 19 235 0
0.678996 -0.172532 0.245836 19 235 0
0.679568 -0.166865 0.246605 19 235 0
0.681791 -0.161469 0.247965 19 235 0
0.68498 -0.156813 0.249458 19 235 0
0.690164 -0.155746 0.251871 19 235 0
0.695715 -0.155862 0.254091 19 235 0
0.699127 -0.16017 0.255394 19 235 0
0.700057 -0.165649 0.255553 19 235 0
0.698052 -0.171022 0.254517 19 235 0
0.693535 -0.17414 0.252471 19 235 0
0.688037 -0.173981 0.250098 19 235 0
0.683343 -0.171017 0.248383 19 235 0
0.680565 -0.166059 0.247477 19 235 0
0.678196 -0.161077 0.2468 19 235 0
0.678777 -0.155303 0.247441 19 235 0
0.681322 -0.150097 0.248949 19 235 0
0.685357 -0.146525 0.250958 19 235 0
0.690785 -0.145831 0.253316 19 235 0
0.696032 -0.146468 0.255644 19 235 0
0.699747 -0.150924 0.256979 19 235 0
0.700113 -0.156861 0.25638 19 235 0
0.698236 -0.161909 0.255148 19 235 0
0.693729 -0.164238 0.253079 19 235 0
0.688269 -0.164095 0.250613 19 235 0
0.683538 -0.161817 0.249017 19 235 0
0.680479 -0.156728 0.248234 19 235 0
0.677818 -0.152008 0.247567 20 234 0
0.677777 -0.146086 0.248356 20 234 0
0.680115 -0.141318 0.250235 20 234 0
0.68389 -0.137312 0.252583 20 234 0
0.68898 -0.135944 0.255049 20 234 0
0.694076 -0.136609 0.256783 20 234 0
0.697951 -0.140749 0.257968 20 234 0
0.700199 -0.145236 0.257818 20 234 0
0.699613 -0.150878 0.256849 20 234 0
0.696267 -0.154016 0.254837 20 234 0
0.691576 -0.155648 0.252716 20 234 0
0.686658 -0.15407 0.250809 20 234 0
0.682103 -0.151144 0.249244 20 234 0
0.679525 -0.1466 0.249289 20 234 0
0.6773 -0.14167 0.2493 20 234 0
0.676838 -0.135976 0.249995 20 234 0
0.678564 -0.131532 0.251898 20 234 0
0.682197 -0.128553 0.254672 20 234 0
0.685899 -0.126116 0.2569 20 234 0
0.68351 -0.127434 0.255465 20 234 0
0.680101 -0.129428 0.253329 20 234 0
0.676677 -0.131412 0.251207 20 234 0
0.673239 -0.133434 0.249144 20 234 0
0.669789 -0.13544 0.247085 20 234 0
0.665752 -0.136367 0.256187 20 234 0
0.612143 -0.13736 0.23039 20 234 0
0.618381 -0.136651 0.222607 20 234 0
0.618381 -0.136651 0.222607 20 234 0
0.618848 -0.141779 0.221908 20 234 0
0.619321 -0.146415 0.22122 20 234 0
0.619708 -0.151075 0.220653 20 234 0
0.620043 -0.155747 0.220158 20 234 0
0.620283 -0.160436 0.219802 20 234 0
0.620423 -0.165139 0.219599 20 234 0
0.620487 -0.169849 0.21952 20 234 0
0.620454 -0.174558 0.219568 20 234 0
0.620012 -0.180065 0.218777 20 234 0
0.619867 -0.184764 0.217658 20 234 0
0.619652 -0.189427 0.216404 20 234 0
0.619451 -0.194095 0.215168 20 234 0
0.619285 -0.198802 0.214093 20 234 0
0.61904 -0.203537 0.213162 20 234 0
0.618633 -0.208287 0.212379 20 234 0
0.618067 -0.213043 0.211733 20 234 0
0.617408 -0.217793 0.211136 20 234 0
0.616761 -0.222542 0.210519 20 234 0
0.615973 -0.227269 0.209933 20 234 0
0.616639 -0.221985 0.210832 20 234 0
0.617456 -0.217309 0.211208 20 234 0
0.618125 -0.212628 0.211785 20 234 0
0.618672 -0.207939 0.212428 20 234 0
0.619059 -0.203258 0.213213 20 234 0
0.619428 -0.198636 0.214282 20 234 0
0.619791 -0.194061 0.215554 20 234 0
0.620008 -0.189475 0.216821 20 234 0
0.620356 -0.184981 0.218361 20 234 0
0.620578 -0.180025 0.219416 20 234 0
0.62057 -0.17522 0.219396 20 234 0
0.620503 -0.170417 0.219497 20 234 0
0.620417 -0.165614 0.21961 20 234 0
0.620283 -0.160815 0.219802 20 234 0
0.620058 -0.156029 0.220135 20 234 0
0.619725 -0.151261 0.220628 20 234 0
0.619335 -0.146506 0.2212 20 234 0
0.618848 -0.141779 0.221908 20 234 0
0.617496 -0.124352 0.223826 20 234 0
0.622298 -0.125954 0.226007 20 234 0
0.625164 -0.129988 0.226947 20 234 0
0.627113 -0.135237 0.227321 21 233 0
0.625911 -0.140362 0.2258 21 233 0
0.62346 -0.145237 0.22373 21 233 0
0.619127 -0.147002 0.220517 21 233 0
0.614862 -0.149005 0.217474 21 233 0
0.610343 -0.146591 0.214589 21 233 0
0.606033 -0.144533 0.212103 21 233 0
0.602907 -0.139636 0.210484 21 233 0
0.602628 -0.133831 0.210905 21 233 0
0.604071 -0.128167 0.212301 21 233 0
0.607684 -0.1247 0.215133 21 233 0
0.612291 -0.125605 0.218441 21 233 0
0.615814 -0.129902 0.220546 21 233 0
0.617369 -0.13548 0.221061 21 233 0
0.615723 -0.140445 0.219167 21 233 0
0.614134 -0.144879 0.217231 21 233 0
0.610119 -0.14718 0.213391 21 233 0
0.605807 -0.149126 0.209782 21 233 0
0.602064 -0.146682 0.20625 21 233 0
0.598453 -0.143122 0.202985 21 233 0
0.595907 -0.139104 0.200644 21 233 0
0.595119 -0.133357 0.200182 21 233 0
0.595474 -0.12863 0.201214 21 233 0
0.597858 -0.125984 0.204339 21 233 0
0.600463 -0.124415 0.208247 21 233 0
0.602829 -0.125977 0.211339 21 233 0
0.606079 -0.129112 0.213928 21 233 0
0.608617 -0.133166 0.215154 21 233 0
0.609063 -0.139109 0.214686 21 233 0
0.609008 -0.14474 0.213101 21 233 0
0.607479 -0.149053 0.210532 21 233 0
0.604723 -0.152306 0.206749 21 233 0
0.600598 -0.152356 0.202462 21 233 0
0.596859 -0.150995 0.198536 21 233 0
0.593927 -0.147172 0.1962 21 233 0
0.592162 -0.141735 0.195698 21 233 0
0.594394 -0.137057 0.198362 21 233 0
0.597323 -0.134248 0.202091 21 233 0
0.601593 -0.134124 0.206254 21 233 0
0.605087 -0.137686 0.209163 21 233 0
0.608062 -0.142116 0.211166 21 233 0
0.609907 -0.147369 0.211636 21 233 0
0.608918 -0.152871 0.209886 21 233 0
0.607009 -0.15788 0.207288 21 233 0
0.6034 -0.160781 0.20373 21 233 0
0.599578 -0.161599 0.199948 21 233 0
0.595712 -0.160174 0.196385 21 233 0
0.592881 -0.155475 0.194247 21 233 0
0.592655 -0.149639 0.194651 21 233 0
0.593993 -0.145088 0.196641 21 233 0
0.597717 -0.142552 0.200164 21 233 0
0.602226 -0.143541 0.20378 21 233 0
0.605668 -0.147496 0.206471 21 233 0
0.608078 -0.152653 0.20787 21 233 0
0.60871 -0.158526 0.207609 21 233 0
0.608276 -0.164162 0.206309 21 233 0
0.605368 -0.168174 0.203279 21 233 0
0.601414 -0.170759 0.199627 21 233 0
0.597248 -0.170965 0.195355 21 233 0
0.59349 -0.167505 0.192521 21 233 0
0.591948 -0.161977 0.191423 21 233 0
0.591582 -0.156037 0.191907 21 233 0
0.594416 -0.152348 0.194531 21 233 0
0.598563 -0.150915 0.198333 21 233 0
0.602811 -0.153164 0.201843 21 233 0
0.60518 -0.157886 0.203756 21 233 0
0.607513 -0.163103 0.205027 21 233 0
0.608 -0.16901 0.204397 22 232 0
0.607076 -0.174538 0.202792 22 232 0
0.603562 -0.177711 0.199204 22 232 0
0.599708 -0.178434 0.194964 22 232 0
0.595459 -0.17742 0.191008 22 232 0
0.592065 -0.174041 0.188341 22 232 0
0.590784 -0.168598 0.187715 22 232 0
0.592184 -0.16357 0.189426 22 232 0
0.595469 -0.160966 0.193325 22 232 0
0.599501 -0.16082 0.197709 22 232 0
0.603823 -0.163056 0.201095 22 232 0
0.606182 -0.167949 0.202976 22 232 0
0.607227 -0.173699 0.203405 22 232 0
0.606538 -0.179105 0.201888 22 232 0
0.604704 -0.183983 0.199122 22 232 0
0.602015 -0.186814 0.195009 22 232 0
0.598632 -0.187949 0.191039 22 232 0
0.594881 -0.1868 0.186979 22 232 0
0.592378 -0.182537 0.184186 22 232 0
0.590241 -0.178447 0.183064 22 232 0
0.591866 -0.173624 0.184737 22 232 0
0.593088 -0.170697 0.187617 22 232 0
0.595393 -0.168553 0.190153 22 232 0
0.597878 -0.16844 0.194204 22 232 0
0.599934 -0.170901 0.196994 22 232 0
0.602842 -0.173154 0.199575 22 232 0
0.605195 -0.177876 0.201304 22 232 0
0.606903 -0.183279 0.201616 22 232 0
0.606309 -0.188787 0.200086 22 232 0
0.604786 -0.193405 0.197257 22 232 0
0.602493 -0.1961 0.193332 22 232 0
0.598915 -0.197971 0.189198 22 232 0
0.594783 -0.196719 0.185273 22 232 0
0.592767 -0.192566 0.183269 22 232 0
0.590437 -0.187542 0.182334 22 232 0
0.592255 -0.183031 0.18457 22 232 0
0.595103 -0.180353 0.188271 22 232 0
0.599064 -0.178607 0.192182 22 232 0
0.602666 -0.181978 0.195471 22 232 0
0.605903 -0.185963 0.198088 22 232 0
0.607937 -0.191439 0.199432 22 232 0
0.607685 -0.197132 0.198699 22 232 0
0.606218 -0.202594 0.196745 22 232 0
0.603893 -0.207057 0.193808 22 232 0
0.599884 -0.208165 0.189657 22 232 0
0.59566 -0.207032 0.185758 22 232 0
0.591891 -0.203746 0.182787 22 232 0
0.591245 -0.198225 0.182384 22 232 0
0.592584 -0.192601 0.183792 22 232 0
0.596797 -0.191208 0.187574 22 232 0
0.601008 -0.190612 0.191556 22 232 0
0.604365 -0.193994 0.194765 22 232 0
0.607565 -0.198313 0.19742 22 232 0
0.608723 -0.203969 0.198545 22 232 0
0.607803 -0.209823 0.197823 22 232 0
0.605979 -0.215207 0.195995 22 232 0
0.603024 -0.219356 0.193308 22 232 0
0.598704 -0.220552 0.189491 22 232 0
0.594759 -0.21793 0.185982 22 232 0
0.592369 -0.213196 0.183373 22 232 0
0.591522 -0.207429 0.182591 22 232 0
0.594695 -0.203217 0.185106 22 232 0
0.597894 -0.200075 0.188117 22 232 0
0.602039 -0.201996 0.191703 22 232 0
0.605705 -0.205102 0.195164 22 232 0
0.608218 -0.210017 0.197395 22 232 0
0.608841 -0.215786 0.198288 22 232 0
0.607291 -0.221479 0.197272 22 232 0
0.60449 -0.225985 0.19489 23 231 0
0.60204 -0.230489 0.192454 23 231 0
0.597722 -0.229938 0.188395 23 231 0
0.593643 -0.227448 0.184777 23 231 0
0.591487 -0.222875 0.182574 23 231 0
0.592508 -0.217313 0.183264 23 231 0
0.595092 -0.21267 0.185972 23 231 0
0.599405 -0.211698 0.189939 23 231 0
0.603277 -0.213545 0.193687 23 231 0
0.606801 -0.216875 0.196922 23 231 0
0.608667 -0.222323 0.198509 23 231 0
0.60882 -0.228297 0.198439 23 231 0
0.607148 -0.23362 0.196655 23 231 0
0.605128 -0.238494 0.193909 23 231 0
0.601448 -0.240133 0.190074 23 231 0
0.597766 -0.240897 0.186613 23 231 0
0.594096 -0.238796 0.183101 23 231 0
0.59204 -0.23491 0.181269 23 231 0
0.592075 -0.22894 0.181556 23 231 0
0.59424 -0.22451 0.183975 23 231 0
0.596784 -0.222495 0.187511 23 231 0
0.599801 -0.222927 0.191345 23 231 0
0.603636 -0.224083 0.195155 23 231 0
0.607881 -0.226716 0.197386 23 231 0
0.609352 -0.232468 0.197722 23 231 0
0.609054 -0.238357 0.196743 23 231 0
0.606409 -0.242851 0.19409 23 231 0
0.603053 -0.246343 0.190629 23 231 0
0.598554 -0.246343 0.186976 23 231 0
0.594489 -0.242994 0.183996 23 231 0
0.591681 -0.238365 0.182048 23 231 0
0.59174 -0.232307 0.182229 23 231 0
0.593995 -0.227121 0.184183 23 231 0
0.59666 -0.222434 0.186908 23 231 0
0.600134 -0.222927 0.190768 23 231 0
0.603217 -0.222683 0.195136 23 231 0
0.605686 -0.224894 0.197383 23 231 0
0.607672 -0.228906 0.198691 23 231 0
0.60907 -0.234138 0.198447 23 231 0
0.608272 -0.23803 0.196331 23 231 0
0.60499 -0.239833 0.193106 23 231 0
0.601876 -0.242378 0.189805 23 231 0
0.598188 -0.239417 0.18654 23 231 0
0.59457 -0.236706 0.183679 23 231 0
0.592942 -0.231357 0.182441 23 231 0
0.592235 -0.226057 0.182345 23 231 0
0.593697 -0.220788 0.183938 23 231 0
0.596163 -0.216633 0.186539 23 231 0
0.59905 -0.213059 0.190082 23 231 0
0.603256 -0.212769 0.194339 23 231 0
0.606715 -0.215554 0.197828 23 231 0
0.608786 -0.21937 0.199903 23 231 0
0.608341 -0.224353 0.199321 23 231 0
0.606919 -0.229449 0.197346 23 231 0
0.603381 -0.231749 0.193972 23 231 0
0.599961 -0.230571 0.190567 23 231 0
0.596377 -0.228011 0.186878 23 231 0
0.593766 -0.223517 0.184263 23 231 0
0.592823 -0.217789 0.183335 23 231 0
0.593638 -0.211957 0.184023 23 231 0
0.595823 -0.206886 0.186187 23 231 0
0.599098 -0.203186 0.189181 23 231 0
0.603191 -0.203091 0.193478 23 231 0
0.607397 -0.204336 0.197456 23 231 0
0.609278 -0.209569 0.199535 23 231 0
0.609706 -0.215276 0.200214 23 231 0
0.607491 -0.220242 0.19826 23 231 0
0.603524 -0.222151 0.194584 24 230 0
0.599379 -0.222302 0.190758 24 230 0
0.596357 -0.218207 0.187564 24 230 0
0.594197 -0.213039 0.185409 24 230 0
0.593631 -0.207173 0.184849 24 230 0
0.594375 -0.201421 0.185684 24 230 0
0.596526 -0.196329 0.18786 24 230 0
0.600413 -0.193438 0.191414 24 230 0
0.604614 -0.193224 0.195313 24 230 0
0.608405 -0.196118 0.19891 24 230 0
0.609977 -0.201466 0.2006 24 230 0
0.610183 -0.206964 0.200348 24 230 0
0.607597 -0.210917 0.197677 24 230 0
0.603699 -0.212474 0.193898 24 230 0
0.599407 -0.210607 0.190344 24 230 0
0.596066 -0.20655 0.187495 24 230 0
0.593901 -0.201154 0.186024 24 230 0
0.59318 -0.195316 0.185836 24 230 0
0.594571 -0.189812 0.187393 24 230 0
0.598086 -0.186328 0.190692 24 230 0
0.601413 -0.182854 0.194167 24 230 0
0.605425 -0.184189 0.198084 24 230 0
0.609581 -0.186415 0.201487 24 230 0
0.611313 -0.191726 0.202779 24 230 0
0.610104 -0.197119 0.201534 24 230 0
0.607631 -0.201482 0.198434 24 230 0
0.603366 -0.202825 0.194651 24 230 0
0.599524 -0.200207 0.191248 24 230 0
0.596248 -0.195969 0.188807 24 230 0
0.594198 -0.190459 0.187618 24 230 0
0.593864 -0.184526 0.188179 24 230 0
0.595614 -0.179298 0.190113 24 230 0
0.598868 -0.175796 0.193469 24 230 0
0.602691 -0.174151 0.197563 24 230 0
0.606768 -0.175307 0.201437 24 230 0
0.609797 -0.179745 0.203827 24 230 0
0.610726 -0.185409 0.203889 24 230 0
0.608197 -0.190033 0.20129 24 230 0
0.604403 -0.192652 0.197587 24 230 0
0.600285 -0.190924 0.193831 24 230 0
0.596463 -0.187351 0.190947 24 230 0
0.594011 -0.182666 0.189456 24 230 0
0.593417 -0.176811 0.189744 24 230 0
0.594324 -0.171052 0.19118 24 230 0
0.596668 -0.166721 0.193787 24 230 0
0.60039 -0.164065 0.197583 24 230 0
0.604794 -0.164092 0.201669 24 230 0
0.608368 -0.167012 0.205017 24 230 0
0.610906 -0.171949 0.206864 24 230 0
0.610574 -0.17771 0.205899 24 230 0
0.60747 -0.181537 0.202744 24 230 0
0.603268 -0.182463 0.19882 24 230 0
0.599336 -0.181079 0.195347 24 230 0
0.596085 -0.176869 0.192989 24 230 0
0.594375 -0.171184 0.192122 24 230 0
0.593568 -0.165296 0.192304 24 230 0
0.594893 -0.15984 0.19435 24 230 0
0.597887 -0.15581 0.197464 24 230 0
0.601809 -0.154062 0.201435 24 230 0
0.605838 -0.154956 0.205207 24 230 0
0.609048 -0.159259 0.207897 24 230 0
0.610197 -0.164757 0.208347 24 230 0
0.608951 -0.170095 0.206358 24 230 0
0.605603 -0.172375 0.20306 24 230 0
0.601247 -0.172208 0.198962 24 230 0
0.597454 -0.169355 0.195948 24 230 0
0.594237 -0.165038 0.19378 24 230 0
0.593651 -0.159104 0.193846 25 229 0
0.593584 -0.153385 0.194745 25 229 0
0.595688 -0.148543 0.197578 25 229 0
0.599044 -0.145113 0.20114 25 229 0
0.602919 -0.144017 0.205368 25 229 0
0.606828 -0.146089 0.209024 25 229 0
0.60961 -0.150849 0.211077 25 229 0
0.610463 -0.156592 0.210748 25 229 0
0.607928 -0.161058 0.207733 25 229 0
0.604498 -0.164038 0.203994 25 229 0
0.60036 -0.162158 0.200201 25 229 0
0.596884 -0.159363 0.197002 25 229 0
0.594466 -0.154136 0.195318 25 229 0
0.592938 -0.148396 0.194678 25 229 0
0.594258 -0.14339 0.196765 25 229 0
0.595185 -0.138094 0.199019 25 229 0
0.598001 -0.135469 0.202849 25 229 0
0.601953 -0.134091 0.206863 25 229 0
0.605243 -0.135856 0.210967 25 229 0
0.607739 -0.139366 0.213004 25 229 0
0.610306 -0.14398 0.214172 25 229 0
0.609392 -0.14908 0.212475 25 229 0
0.607238 -0.152605 0.20944 25 229 0
0.60356 -0.153909 0.205345 25 229 0
0.59991 -0.152413 0.201552 25 229 0
0.597165 -0.148702 0.198704 25 229 0
0.595533 -0.144388 0.197238 25 229 0
0.594305 -0.139011 0.196778 25 229 0
0.594431 -0.133699 0.197932 25 229 0
0.59513 -0.128958 0.199944 25 229 0
0.596508 -0.126331 0.202082 25 229 0
0.598156 -0.125977 0.204837 25 229 0
0.600329 -0.124415 0.208479 25 229 0
0.602029 -0.125205 0.210433 25 229 0
0.605421 -0.127865 0.21346 25 229 0
0.608933 -0.130584 0.216284 25 229 0
0.612669 -0.133218 0.218898 25 229 0
0.616614 -0.135426 0.221574 25 229 0
0.61039 -0.136207 0.229362 25 229 0
0.663048 -0.137529 0.255922 25 229 0
0.667155 -0.136668 0.246845 25 229 0
0.668027 -0.141935 0.245047 25 229 0
0.668238 -0.146566 0.244612 25 229 0
0.668379 -0.151214 0.244287 25 229 0
0.668464 -0.155868 0.244025 25 229 0
0.668545 -0.160528 0.243929 25 229 0
0.668604 -0.16519 0.243958 25 229 0
0.668569 -0.169852 0.243993 25 229 0
0.668547 -0.174511 0.24402 25 229 0
0.668649 -0.179725 0.243813 25 229 0
0.669477 -0.184377 0.2432 25 229 0
0.669975 -0.189083 0.242649 25 229 0
0.670532 -0.19379 0.242155 25 229 0
0.671058 -0.198509 0.241758 25 229 0
0.671408 -0.203254 0.241575 25 229 0
0.671513 -0.208016 0.241583 25 229 0
0.671488 -0.21278 0.241689 25 229 0
0.671532 -0.217543 0.241803 25 229 0
0.671627 -0.222307 0.241757 25 229 0
0.671634 -0.22707 0.24178 25 229 0
0.671507 -0.22198 0.242225 25 229 0
0.671504 -0.216672 0.241829 25 229 0
0.671447 -0.211354 0.241644 25 229 0
0.671107 -0.206049 0.241391 25 229 0
0.670808 -0.200737 0.241491 25 229 0
0.670277 -0.195454 0.24186 25 229 0
0.669615 -0.190201 0.242399 25 229 0
0.669115 -0.184976 0.243167 25 229 0
0.668649 -0.179725 0.243813 26 228 0
0.668546 -0.174995 0.243819 26 228 0
0.668578 -0.170266 0.243968 26 228 0
0.668603 -0.165535 0.243961 26 228 0
0.66855 -0.160804 0.243931 26 228 0
0.668467 -0.156075 0.244016 26 228 0
0.668382 -0.151352 0.244277 26 228 0
0.668243 -0.146635 0.244609 26 228 0
0.668027 -0.141935 0.245047 26 228 0
0.665858 -0.124349 0.247971 26 228 0
0.670885 -0.125665 0.249982 26 228 0
0.675343 -0.128155 0.251366 26 228 0
0.678638 -0.131961 0.251893 26 228 0
0.681175 -0.137263 0.252181 26 228 0
0.680623 -0.14304 0.251199 26 228 0
0.67734 -0.14663 0.248941 26 228 0
0.672999 -0.149152 0.246653 26 228 0
0.668154 -0.146894 0.244688 26 228 0
0.664613 -0.142076 0.243418 26 228 0
0.665451 -0.137012 0.244513 26 228 0
0.666189 -0.131395 0.245398 26 228 0
0.670245 -0.127986 0.247901 26 228 0
0.675182 -0.125977 0.250539 26 228 0
0.680656 -0.126043 0.253257 26 228 0
0.685487 -0.128193 0.255346 26 228 0
0.688844 -0.133123 0.256348 26 228 0
0.690536 -0.138769 0.256456 26 228 0
0.690472 -0.144436 0.255593 26 228 0
0.686603 -0.14817 0.252931 26 228 0
0.681695 -0.149168 0.250185 26 228 0
0.677077 -0.146394 0.248308 26 228 0
0.674983 -0.140918 0.248163 26 228 0
0.675036 -0.134999 0.249243 26 228 0
0.677954 -0.13035 0.251851 26 228 0
0.681582 -0.127949 0.254419 26 228 0
0.685836 -0.126116 0.257009 26 228 0
0.68966 -0.127551 0.257788 26 228 0
0.694068 -0.130047 0.258712 26 228 0
0.697176 -0.134319 0.258762 26 228 0
0.699122 -0.139582 0.258576 26 228 0
0.69828 -0.144749 0.257103 26 228 0
0.696385 -0.150218 0.255651 26 228 0
0.692456 -0.154105 0.253642 26 228 0
0.687302 -0.155388 0.251069 26 228 0
0.683136 -0.153927 0.249548 26 228 0
0.679375 -0.150305 0.248518 26 228 0
0.677603 -0.145283 0.248364 26 228 0
0.679469 -0.139781 0.249734 26 228 0
0.684004 -0.137381 0.25211 26 228 0
0.689213 -0.135856 0.254348 26 228 0
0.693444 -0.139438 0.255917 26 228 0
0.697537 -0.143198 0.257504 26 228 0
0.699472 -0.148815 0.257745 26 228 0
0.699611 -0.15478 0.257078 26 228 0
0.696778 -0.159461 0.255176 26 228 0
0.693537 -0.164243 0.25353 26 228 0
0.688638 -0.166629 0.251053 26 228 0
0.68365 -0.164931 0.248768 26 228 0
0.679632 -0.160824 0.247124 26 228 0
0.67822 -0.155308 0.246787 26 228 0
0.680399 -0.150857 0.247966 26 228 0
0.685087 -0.14785 0.250198 26 228 0
0.690046 -0.147215 0.252463 26 228 0
0.694337 -0.150792 0.254307 26 228 0
0.698774 -0.154162 0.256125 26 228 0
0.700202 -0.15977 0.256479 26 228 0
0.699955 -0.165752 0.256045 26 228 0
0.697267 -0.170791 0.254525 27 227 0
0.69327 -0.174419 0.252634 27 227 0
0.688284 -0.176518 0.250205 27 227 0
0.683029 -0.174949 0.248099 27 227 0
0.678965 -0.171056 0.246301 27 227 0
0.678575 -0.165245 0.246401 27 227 0
0.681426 -0.160663 0.247819 27 227 0
0.685856 -0.158673 0.249756 27 227 0
0.69098 -0.158173 0.251875 27 227 0
0.695659 -0.16132 0.253609 27 227 0
0.698894 -0.16622 0.254354 27 227 0
0.700579 -0.171811 0.254437 27 227 0
0.700174 -0.177487 0.253724 27 227 0
0.697627 -0.182685 0.252242 27 227 0
0.693706 -0.186182 0.250418 27 227 0
0.688163 -0.186471 0.248276 27 227 0
0.6828 -0.186041 0.246814 27 227 0
0.67956 -0.181962 0.246519 27 227 0
0.678384 -0.176281 0.246667 27 227 0
0.680481 -0.172414 0.247891 27 227 0
0.683779 -0.169396 0.249013 27 227 0
0.688851 -0.168987 0.250487 27 227 0
0.693409 -0.170008 0.251927 27 227 0
0.697658 -0.172482 0.252701 27 227 0
0.701283 -0.175906 0.253488 27 227 0
0.702212 -0.181605 0.25288 27 227 0
0.701853 -0.187071 0.251544 27 227 0
0.700157 -0.192114 0.250457 27 227 0
0.696863 -0.196246 0.249216 27 227 0
0.692482 -0.198607 0.247753 27 227 0
0.68704 -0.197762 0.245944 27 227 0
0.682618 -0.193783 0.245302 27 227 0
0.67916 -0.189211 0.244511 27 227 0
0.680659 -0.183927 0.245523 27 227 0
0.685164 -0.180495 0.247479 27 227 0
0.690536 -0.179198 0.249114 27 227 0
0.695896 -0.180921 0.250955 27 227 0
0.699478 -0.185041 0.251588 27 227 0
0.7027 -0.190017 0.252358 27 227 0
0.703156 -0.195879 0.252053 27 227 0
0.701864 -0.201645 0.251285 27 227 0
0.698574 -0.206276 0.249667 27 227 0
0.693451 -0.208389 0.247537 27 227 0
0.687963 -0.208276 0.245254 27 227 0
0.683198 -0.205683 0.243858 27 227 0
0.681884 -0.199933 0.243697 27 227 0
0.683259 -0.194379 0.24433 27 227 0
0.687377 -0.190651 0.245838 27 227 0
0.69298 -0.191028 0.247903 27 227 0
0.698313 -0.192481 0.250052 27 227 0
0.701555 -0.197135 0.251215 27 227 0
0.703465 -0.20263 0.251962 27 227 0
0.703723 -0.208616 0.252072 27 227 0
0.700784 -0.213363 0.250769 27 227 0
0.696479 -0.217105 0.248972 27 227 0
0.691487 -0.219169 0.247129 27 227 0
0.686364 -0.218109 0.244981 27 227 0
0.682295 -0.214046 0.243411 27 227 0
0.682297 -0.208174 0.243373 27 227 0
0.684761 -0.203013 0.244184 27 227 0
0.689847 -0.200998 0.246022 27 227 0
0.695351 -0.201103 0.248394 27 227 0
0.69938 -0.204564 0.249987 27 227 0
0.702304 -0.209679 0.2511 27 227 0
0.703722 -0.215138 0.251598 27 227 0
0.703339 -0.220995 0.251433 27 227 0
0.699905 -0.225733 0.250146 27 227 0
0.694988 -0.228498 0.248392 28 226 0
0.689486 -0.229271 0.246624 28 226 0
0.684284 -0.227509 0.244428 28 226 0
0.682234 -0.22272 0.243731 28 226 0
0.682703 -0.217473 0.243903 28 226 0
0.68656 -0.213259 0.245417 28 226 0
0.691682 -0.211031 0.247139 28 226 0
0.696726 -0.213276 0.248638 28 226 0
0.701724 -0.215994 0.250483 28 226 0
0.704027 -0.220955 0.250919 28 226 0
0.705095 -0.226274 0.251039 28 226 0
0.704787 -0.232124 0.250682 28 226 0
0.701476 -0.236303 0.248858 28 226 0
0.697968 -0.240619 0.247152 28 226 0
0.69255 -0.240679 0.244734 28 226 0
0.687604 -0.239378 0.243445 28 226 0
0.684434 -0.235646 0.243085 28 226 0
0.682224 -0.230636 0.243606 28 226 0
0.684387 -0.22635 0.2456 28 226 0
0.687888 -0.222346 0.246908 28 226 0
0.692913 -0.222463 0.248199 28 226 0
0.698699 -0.222775 0.249082 28 226 0
0.702997 -0.22687 0.250395 28 226 0
0.704986 -0.232258 0.250865 28 226 0
0.705255 -0.238096 0.250718 28 226 0
0.70309 -0.243277 0.24945 28 226 0
0.69818 -0.245919 0.24702 28 226 0
0.692716 -0.246328 0.244683 28 226 0
0.687739 -0.243445 0.24303 28 226 0
0.684882 -0.238178 0.242427 28 226 0
0.683175 -0.232876 0.242441 28 226 0
0.685023 -0.22736 0.244124 28 226 0
0.688182 -0.223925 0.246472 28 226 0
0.692697 -0.222463 0.248572 28 226 0
0.697918 -0.222732 0.24939 28 226 0
0.701677 -0.224587 0.250091 28 226 0
0.704625 -0.228023 0.250418 28 226 0
0.705494 -0.232144 0.250172 28 226 0
0.704217 -0.23658 0.24935 28 226 0
0.701203 -0.239902 0.248221 28 226 0
0.695926 -0.240642 0.24628 28 226 0
0.69064 -0.240158 0.244743 28 226 0
0.68649 -0.236049 0.243692 28 226 0
0.683937 -0.232261 0.243816 28 226 0
0.681551 -0.227075 0.243717 28 226 0
0.683316 -0.222255 0.244977 28 226 0
0.68587 -0.217444 0.245655 28 226 0
0.689853 -0.214267 0.246601 28 226 0
0.694888 -0.212834 0.248176 28 226 0
0.700105 -0.214613 0.249728 28 226 0
0.703763 -0.217761 0.250798 28 226 0
0.70543 -0.223191 0.251549 28 226 0
0.702568 -0.227967 0.250373 28 226 0
0.698259 -0.230605 0.248837 28 226 0
0.694198 -0.232188 0.247736 28 226 0
0.689053 -0.230051 0.24627 28 226 0
0.685181 -0.225752 0.244927 28 226 0
0.681438 -0.221504 0.243449 28 226 0
0.681804 -0.215533 0.243752 28 226 0
0.684341 -0.210454 0.244717 28 226 0
0.687615 -0.205642 0.245678 28 226 0
0.692455 -0.202664 0.24693 28 226 0
0.697497 -0.20457 0.248594 28 226 0
0.702755 -0.205903 0.250863 28 226 0
0.704126 -0.210913 0.251395 28 226 0
0.703612 -0.216851 0.251577 28 226 0
0.700348 -0.221344 0.250602 28 226 0
0.695136 -0.222639 0.248667 28 226 0
0.689769 -0.221459 0.246623 29 225 0
0.685309 -0.217866 0.245097 29 225 0
0.682228 -0.213156 0.243817 29 225 0
0.681834 -0.207236 0.243689 29 225 0
0.683262 -0.20168 0.244119 29 225 0
0.68622 -0.1966 0.245156 29 225 0
0.691461 -0.19432 0.246937 29 225 0
0.696698 -0.193376 0.249039 29 225 0
0.701439 -0.196442 0.250737 29 225 0
0.703684 -0.201535 0.251269 29 225 0
0.703959 -0.207502 0.251493 29 225 0
0.700246 -0.211607 0.250028 29 225 0
0.695076 -0.212841 0.248127 29 225 0
0.689703 -0.211597 0.246015 29 225 0
0.685093 -0.208376 0.244528 29 225 0
0.682876 -0.202838 0.243975 29 225 0
0.681818 -0.197092 0.243942 29 225 0
0.683617 -0.191567 0.245042 29 225 0
0.686362 -0.187106 0.24613 29 225 0
0.691195 -0.184264 0.248214 29 225 0
0.696796 -0.184398 0.250342 29 225 0
0.701448 -0.187096 0.252106 29 225 0
0.703225 -0.192709 0.252284 29 225 0
0.702531 -0.198249 0.251647 29 225 0
0.698262 -0.201383 0.249668 29 225 0
0.693045 -0.202743 0.247925 29 225 0
0.687833 -0.201041 0.246074 29 225 0
0.683629 -0.197087 0.244818 29 225 0
0.68127 -0.191672 0.244381 29 225 0
0.681027 -0.185704 0.244859 29 225 0
0.682635 -0.180267 0.24611 29 225 0
0.686536 -0.176424 0.248187 29 225 0
0.691401 -0.174103 0.250243 29 225 0
0.696729 -0.175729 0.252241 29 225 0
0.701383 -0.178181 0.253715 29 225 0
0.702099 -0.184018 0.253402 29 225 0
0.70108 -0.189823 0.252567 29 225 0
0.696436 -0.192645 0.250502 29 225 0
0.691326 -0.193551 0.24858 29 225 0
0.686261 -0.190891 0.246798 29 225 0
0.682998 -0.18602 0.245891 29 225 0
0.680065 -0.18092 0.245003 29 225 0
0.680847 -0.175554 0.246028 29 225 0
0.683084 -0.170215 0.247558 29 225 0
0.686407 -0.166587 0.249201 29 225 0
0.691362 -0.164392 0.251421 29 225 0
0.696585 -0.165855 0.253499 29 225 0
0.700589 -0.169028 0.254767 29 225 0
0.701616 -0.174346 0.254909 29 225 0
0.700432 -0.179856 0.254262 29 225 0
0.695831 -0.182579 0.252083 29 225 0
0.690798 -0.184214 0.250039 29 225 0
0.686022 -0.18181 0.248287 29 225 0
0.682152 -0.177495 0.246947 29 225 0
0.678996 -0.172532 0.245836 29 225 0
0.679568 -0.166865 0.246605 29 225 0
0.681791 -0.161469 0.247965 29 225 0
0.68498 -0.156813 0.249458 29 225 0
0.690164 -0.155746 0.251871 29 225 0
0.695715 -0.155862 0.254091 29 225 0
0.699127 -0.16017 0.255394 29 225 0
0.700057 -0.165649 0.255553 29 225 0
0.698052 -0.171022 0.254517 29 225 0
0.693535 -0.17414 0.252471 29 225 0
0.688037 -0.173981 0.250098 29 225 0
0.683343 -0.171017 0.248383 29 225 0
0.680565 -0.166059 0.247477 29 225 0
0.678196 -0.161077 0.2468 30 224 0
0.678777 -0.155303 0.247441 30 224 0
0.681322 -0.150097 0.248949 30 224 0
0.685357 -0.146525 0.250958 30 224 0
0.690785 -0.145831 0.253316 30 224 0
0.696032 -0.146468 0.255644 30 224 0
0.699747 -0.150924 0.256979 30 224 0
0.700113 -0.156861 0.25638 30 224 0
0.698236 -0.161909 0.255148 30 224 0
0.693729 -0.164238 0.253079 30 224 0
0.688269 -0.164095 0.250613 30 224 0
0.683538 -0.161817 0.249017 30 224 0
0.680479 -0.156728 0.248234 30 224 0
0.677818 -0.152008 0.247567 30 224 0
0.677777 -0.146086 0.248356 30 224 0
0.680115 -0.141318 0.250235 30 224 0
0.68389 -0.137312 0.252583 30 224 0
0.68898 -0.135944 0.255049 30 224 0
0.694076 -0.136609 0.256783 30 224 0
0.697951 -0.140749 0.257968 30 224 0
0.700199 -0.145236 0.257818 30 224 0
0.699613 -0.150878 0.256849 30 224 0
0.696267 -0.154016 0.254837 30 224 0
0.691576 -0.155648 0.252716 30 224 0
0.686658 -0.15407 0.250809 30 224 0
0.682103 -0.151144 0.249244 30 224 0
0.679525 -0.1466 0.249289 30 224 0
0.6773 -0.14167 0.2493 30 224 0
0.676838 -0.135976 0.249995 30 224 0
0.678564 -0.131532 0.251898 30 224 0
0.682197 -0.128553 0.254672 30 224 0
0.685899 -0.126116 0.2569 30 224 0
0.68351 -0.127434 0.255465 30 224 0
0.680101 -0.129428 0.253329 30 224 0
0.676677 -0.131412 0.251207 30 224 0
0.673239 -0.133434 0.249144 30 224 0
0.669789 -0.13544 0.247085 30 224 0
0.665752 -0.136367 0.256187 30 224 0
0.612143 -0.13736 0.23039 30 224 0
0.618381 -0.136651 0.222607 30 224 0
0.618381 -0.136651 0.222607 30 224 0
0.618848 -0.141779 0.221908 30 224 0
0.619321 -0.146415 0.22122 30 224 0
0.619708 -0.151075 0.220653 30 224 0
0.620043 -0.155747 0.220158 30 224 0
0.620283 -0.160436 0.219802 30 224 0
0.620423 -0.165139 0.219599 30 224 0
0.620487 -0.169849 0.21952 30 224 0
0.620454 -0.174558 0.219568 30 224 0
0.620012 -0.180065 0.218777 30 224 0
0.619867 -0.184764 0.217658 30 224 0
0.619652 -0.189427 0.216404 30 224 0
0.619451 -0.194095 0.215168 30 224 0
0.619285 -0.198802 0.214093 30 224 0
0.61904 -0.203537 0.213162 30 224 0
0.618633 -0.208287 0.212379 30 224 0
0.618067 -0.213043 0.211733 30 224 0
0.617408 -0.217793 0.211136 30 224 0
0.616761 -0.222542 0.210519 30 224 0
0.615973 -0.227269 0.209933 30 224 0
0.616639 -0.221985 0.210832 30 224 0
0.617456 -0.217309 0.211208 30 224 0
0.618125 -0.212628 0.211785 30 224 0
0.618672 -0.207939 0.212428 30 224 0
0.619059 -0.203258 0.213213 30 224 0
0.619428 -0.198636 0.214282 30 224 0
0.619791 -0.194061 0.215554 30 224 0
0.620008 -0.189475 0.216821 31 223 0
0.620356 -0.184981 0.218361 31 223 0
0.620578 -0.180025 0.219416 31 223 0
0.62057 -0.17522 0.219396 31 223 0
0.620503 -0.170417 0.219497 31 223 0
0.620417 -0.165614 0.21961 31 223 0
0.620283 -0.160815 0.219802 31 223 0
0.620058 -0.156029 0.220135 31 223 0
0.619725 -0.151261 0.220628 31 223 0
0.619335 -0.146506 0.2212 31 223 0
0.618848 -0.141779 0.221908 31 223 0
0.617496 -0.124352 0.223826 31 223 0
0.622298 -0.125954 0.226007 31 223 0
0.625164 -0.129988 0.226947 31 223 0
0.627113 -0.135237 0.227321 31 223 0
0.625911 -0.140362 0.2258 31 223 0
0.62346 -0.145237 0.22373 31 223 0
0.619127 -0.147002 0.220517 31 223 0
0.614862 -0.149005 0.217474 31 223 0
0.610343 -0.146591 0.214589 31 223 0
0.606033 -0.144533 0.212103 31 223 0
0.602907 -0.139636 0.210484 31 223 0
0.602628 -0.133831 0.210905 31 223 0
0.604071 -0.128167 0.212301 31 223 0
0.607684 -0.1247 0.215133 31 223 0
0.612291 -0.125605 0.218441 31 223 0
0.615814 -0.129902 0.220546 31 223 0
0.617369 -0.13548 0.221061 31 223 0
0.615723 -0.140445 0.219167 31 223 0
0.614134 -0.144879 0.217231 31 223 0
0.610119 -0.14718 0.213391 31 223 0
0.605807 -0.149126 0.209782 31 223 0
0.602064 -0.146682 0.20625 31 223 0
0.598453 -0.143122 0.202985 31 223 0
0.595907 -0.139104 0.200644 31 223 0
0.595119 -0.133357 0.200182 31 223 0
0.595474 -0.12863 0.201214 31 223 0
0.597858 -0.125984 0.204339 31 223 0
0.600463 -0.124415 0.208247 31 223 0
0.602829 -0.125977 0.211339 31 223 0
0.606079 -0.129112 0.213928 31 223 0
0.608617 -0.133166 0.215154 31 223 0
0.609063 -0.139109 0.214686 31 223 0
0.609008 -0.14474 0.213101 31 223 0
0.607479 -0.149053 0.210532 31 223 0
0.604723 -0.152306 0.206749 31 223 0
0.600598 -0.152356 0.202462 31 223 0
0.596859 -0.150995 0.198536 31 223 0
0.593927 -0.147172 0.1962 31 223 0
0.592162 -0.141735 0.195698 31 223 0
0.594394 -0.137057 0.198362 31 223 0
0.597323 -0.134248 0.202091 31 223 0
0.601593 -0.134124 0.206254 31 223 0
0.605087 -0.137686 0.209163 31 223 0
0.608062 -0.142116 0.211166 31 223 0
0.609907 -0.147369 0.211636 31 223 0
0.608918 -0.152871 0.209886 31 223 0
0.607009 -0.15788 0.207288 31 223 0
0.6034 -0.160781 0.20373 31 223 0
0.599578 -0.161599 0.199948 31 223 0
0.595712 -0.160174 0.196385 31 223 0
0.592881 -0.155475 0.194247 31 223 0
0.592655 -0.149639 0.194651 31 223 0
0.593993 -0.145088 0.196641 31 223 0
0.597717 -0.142552 0.200164 31 223 0
0.602226 -0.143541 0.20378 31 223 0
0.605668 -0.147496 0.206471 31 223 0
0.608078 -0.152653 0.20787 31 223 0
0.60871 -0.158526 0.207609 32 222 0
0.608276 -0.164162 0.206309 32 222 0
0.605368 -0.168174 0.203279 32 222 0
0.601414 -0.170759 0.199627 32 222 0
0.597248 -0.170965 0.195355 32 222 0
0.59349 -0.167505 0.192521 32 222 0
0.591948 -0.161977 0.191423 32 222 0
0.591582 -0.156037 0.191907 32 222 0
0.594416 -0.152348 0.194531 32 222 0
0.598563 -0.150915 0.198333 32 222 0
0.602811 -0.153164 0.201843 32 222 0
0.60518 -0.157886 0.203756 32 222 0
0.607513 -0.163103 0.205027 32 222 0
0.608 -0.16901 0.204397 32 222 0
0.607076 -0.174538 0.202792 32 222 0
0.603562 -0.177711 0.199204 32 222 0
0.599708 -0.178434 0.194964 32 222 0
0.595459 -0.17742 0.191008 32 222 0
0.592065 -0.174041 0.188341 32 222 0
0.590784 -0.168598 0.187715 32 222 0
0.592184 -0.16357 0.189426 32 222 0
0.595469 -0.160966 0.193325 32 222 0
0.599501 -0.16082 0.197709 32 222 0
0.603823 -0.163056 0.201095 32 222 0
0.606182 -0.167949 0.202976 32 222 0
0.607227 -0.173699 0.203405 32 222 0
0.606538 -0.179105 0.201888 32 222 0
0.604704 -0.183983 0.199122 32 222 0
0.602015 -0.186814 0.195009 32 222 0
0.598632 -0.187949 0.191039 32 222 0
0.594881 -0.1868 0.186979 32 222 0
0.592378 -0.182537 0.184186 32 222 0
0.590241 -0.178447 0.183064 32 222 0
0.591866 -0.173624 0.184737 32 222 0
0.593088 -0.170697 0.187617 32 222 0
0.595393 -0.168553 0.190153 32 222 0
0.597878 -0.16844 0.194204 32 222 0
0.599934 -0.170901 0.196994 32 222 0
0.602842 -0.173154 0.199575 32 222 0
0.605195 -0.177876 0.201304 32 222 0
0.606903 -0.183279 0.201616 32 222 0
0.606309 -0.188787 0.200086 32 222 0
0.604786 -0.193405 0.197257 32 222 0
0.602493 -0.1961 0.193332 32 222 0
0.598915 -0.197971 0.189198 32 222 0
0.594783 -0.196719 0.185273 32 222 0
0.592767 -0.192566 0.183269 32 222 0
0.590437 -0.187542 0.182334 32 222 0
0.592255 -0.183031 0.18457 32 222 0
0.595103 -0.180353 0.188271 32 222 0
0.599064 -0.178607 0.192182 32 222 0
0.602666 -0.181978 0.195471 32 222 0
0.605903 -0.185963 0.198088 32 222 0
0.607937 -0.191439 0.199432 32 222 0
0.607685 -0.197132 0.198699 32 222 0
0.606218 -0.202594 0.196745 32 222 0
0.603893 -0.207057 0.193808 32 222 0
0.599884 -0.208165 0.189657 32 222 0
0.59566 -0.207032 0.185758 32 222 0
0.591891 -0.203746 0.182787 32 222 0
0.591245 -0.198225 0.182384 32 222 0
0.592584 -0.192601 0.183792 32 222 0
0.596797 -0.191208 0.187574 32 222 0
0.601008 -0.190612 0.191556 32 222 0
0.604365 -0.193994 0.194765 32 222 0
0.607565 -0.198313 0.19742 32 222 0
0.608723 -0.203969 0.198545 32 222 0
0.607803 -0.209823 0.197823 33 221 0
0.605979 -0.215207 0.195995 33 221 0
0.603024 -0.219356 0.193308 33 221 0
0.598704 -0.220552 0.189491 33 221 0
0.594759 -0.21793 0.185982 33 221 0
0.592369 -0.213196 0.183373 33 221 0
0.591522 -0.207429 0.182591 33 221 0
0.594695 -0.203217 0.185106 33 221 0
0.597894 -0.200075 0.188117 33 221 0
0.602039 -0.201996 0.191703 33 221 0
0.605705 -0.205102 0.195164 33 221 0
0.608218 -0.210017 0.197395 33 221 0
0.608841 -0.215786 0.198288 33 221 0
0.607291 -0.221479 0.197272 33 221 0
0.60449 -0.225985 0.19489 33 221 0
0.60204 -0.230489 0.192454 33 221 0
0.597722 -0.229938 0.188395 33 221 0
0.593643 -0.227448 0.184777 33 221 0
0.591487 -0.222875 0.182574 33 221 0
0.592508 -0.217313 0.183264 33 221 0
0.595092 -0.21267 0.185972 33 221 0
0.599405 -0.211698 0.189939 33 221 0
0.603277 -0.213545 0.193687 33 221 0
0.606801 -0.216875 0.196922 33 221 0
0.608667 -0.222323 0.198509 33 221 0
0.60882 -0.228297 0.198439 33 221 0
0.607148 -0.23362 0.196655 33 221 0
0.605128 -0.238494 0.193909 33 221 0
0.601448 -0.240133 0.190074 33 221 0
0.597766 -0.240897 0.186613 33 221 0
0.594096 -0.238796 0.183101 33 221 0
0.59204 -0.23491 0.181269 33 221 0
0.592075 -0.22894 0.181556 33 221 0
0.59424 -0.22451 0.183975 33 221 0
0.596784 -0.222495 0.187511 33 221 0
0.599801 -0.222927 0.191345 33 221 0
0.603636 -0.224083 0.195155 33 221 0
0.607881 -0.226716 0.197386 33 221 0
0.609352 -0.232468 0.197722 33 221 0
0.609054 -0.238357 0.196743 33 221 0
0.606409 -0.242851 0.19409 33 221 0
0.603053 -0.246343 0.190629 33 221 0
0.598554 -0.246343 0.186976 33 221 0
0.594489 -0.242994 0.183996 33 221 0
0.591681 -0.238365 0.182048 33 221 0
0.59174 -0.232307 0.182229 33 221 0
0.593995 -0.227121 0.184183 33 221 0
0.59666 -0.222434 0.186908 33 221 0
0.600134 -0.222927 0.190768 33 221 0
0.603217 -0.222683 0.195136 33 221 0
0.605686 -0.224894 0.197383 33 221 0
0.607672 -0.228906 0.198691 33 221 0
0.60907 -0.234138 0.198447 33 221 0
0.608272 -0.23803 0.196331 33 221 0
0.60499 -0.239833 0.193106 33 221 0
0.601876 -0.242378 0.189805 33 221 0
0.598188 -0.239417 0.18654 33 221 0
0.59457 -0.236706 0.183679 33 221 0
0.592942 -0.231357 0.182441 33 221 0
0.592235 -0.226057 0.182345 33 221 0
0.593697 -0.220788 0.183938 33 221 0
0.596163 -0.216633 0.186539 33 221 0
0.59905 -0.213059 0.190082 33 221 0
0.603256 -0.212769 0.194339 33 221 0
0.606715 -0.215554 0.197828 33 221 0
0.608786 -0.21937 0.199903 33 221 0
0.608341 -0.224353 0.199321 33 221 0
0.606919 -0.229449 0.197346 34 220 0
0.603381 -0.231749 0.193972 34 220 0
0.599961 -0.230571 0.190567 34 220 0
0.596377 -0.228011 0.186878 34 220 0
0.593766 -0.223517 0.184263 34 220 0
0.592823 -0.217789 0.183335 34 220 0
0.593638 -0.211957 0.184023 34 220 0
0.595823 -0.206886 0.186187 34 220 0
0.599098 -0.203186 0.189181 34 220 0
0.603191 -0.203091 0.193478 34 220 0
0.607397 -0.204336 0.197456 34 220 0
0.609278 -0.209569 0.199535 34 220 0
0.609706 -0.215276 0.200214 34 220 0
0.607491 -0.220242 0.19826 34 220 0
0.603524 -0.222151 0.194584 34 220 0
0.599379 -0.222302 0.190758 34 220 0
0.596357 -0.218207 0.187564 34 220 0
0.594197 -0.213039 0.185409 34 220 0
0.593631 -0.207173 0.184849 34 220 0
0.594375 -0.201421 0.185684 34 220 0
0.596526 -0.196329 0.18786 34 220 0
0.600413 -0.193438 0.191414 34 220 0
0.604614 -0.193224 0.195313 34 220 0
0.608405 -0.196118 0.19891 34 220 0
0.609977 -0.201466 0.2006 34 220 0
0.610183 -0.206964 0.200348 34 220 0
0.607597 -0.210917 0.197677 34 220 0
0.603699 -0.212474 0.193898 34 220 0
0.599407 -0.210607 0.190344 34 220 0
0.596066 -0.20655 0.187495 34 220 0
0.593901 -0.201154 0.186024 34 220 0
0.59318 -0.195316 0.185836 34 220 0
0.594571 -0.189812 0.187393 34 220 0
0.598086 -0.186328 0.190692 34 220 0
0.601413 -0.182854 0.194167 34 220 0
0.605425 -0.184189 0.198084 34 220 0
0.609581 -0.186415 0.201487 34 220 0
0.611313 -0.191726 0.202779 34 220 0
0.610104 -0.197119 0.201534 34 220 0
0.607631 -0.201482 0.198434 34 220 0
0.603366 -0.202825 0.194651 34 220 0
0.599524 -0.200207 0.191248 34 220 0
0.596248 -0.195969 0.188807 34 220 0
0.594198 -0.190459 0.187618 34 220 0
0.593864 -0.184526 0.188179 34 220 0
0.595614 -0.179298 0.190113 34 220 0
0.598868 -0.175796 0.193469 34 220 0
0.602691 -0.174151 0.197563 34 220 0
0.606768 -0.175307 0.201437 34 220 0
0.609797 -0.179745 0.203827 34 220 0
0.610726 -0.185409 0.203889 34 220 0
0.608197 -0.190033 0.20129 34 220 0
0.604403 -0.192652 0.197587 34 220 0
0.600285 -0.190924 0.193831 34 220 0
0.596463 -0.187351 0.190947 34 220 0
0.594011 -0.182666 0.189456 34 220 0
0.593417 -0.176811 0.189744 34 220 0
0.594324 -0.171052 0.19118 34 220 0
0.596668 -0.166721 0.193787 34 220 0
0.60039 -0.164065 0.197583 34 220 0
0.604794 -0.164092 0.201669 34 220 0
0.608368 -0.167012 0.205017 34 220 0
0.610906 -0.171949 0.206864 34 220 0
0.610574 -0.17771 0.205899 34 220 0
0.60747 -0.181537 0.202744 34 220 0
0.603268 -0.182463 0.19882 34 220 0
0.599336 -0.181079 0.195347 34 220 0
0.596085 -0.176869 0.192989 34 220 0
0.594375 -0.171184 0.192122 35 219 0
0.593568 -0.165296 0.192304 35 219 0
0.594893 -0.15984 0.19435 35 219 0
0.597887 -0.15581 0.197464 35 219 0
0.601809 -0.154062 0.201435 35 219 0
0.605838 -0.154956 0.205207 35 219 0
0.609048 -0.159259 0.207897 35 219 0
0.610197 -0.164757 0.208347 35 219 0
0.608951 -0.170095 0.206358 35 219 0
0.605603 -0.172375 0.20306 35 219 0
0.601247 -0.172208 0.198962 35 219 0
0.597454 -0.169355 0.195948 35 219 0
0.594237 -0.165038 0.19378 35 219 0
0.593651 -0.159104 0.193846 35 219 0
0.593584 -0.153385 0.194745 35 219 0
0.595688 -0.148543 0.197578 35 219 0
0.599044 -0.145113 0.20114 35 219 0
0.602919 -0.144017 0.205368 35 219 0
0.606828 -0.146089 0.209024 35 219 0
0.60961 -0.150849 0.211077 35 219 0
0.610463 -0.156592 0.210748 35 219 0
0.607928 -0.161058 0.207733 35 219 0
0.604498 -0.164038 0.203994 35 219 0
0.60036 -0.162158 0.200201 35 219 0
0.596884 -0.159363 0.197002 35 219 0
0.594466 -0.154136 0.195318 35 219 0
0.592938 -0.148396 0.194678 35 219 0
0.594258 -0.14339 0.196765 35 219 0
0.595185 -0.138094 0.199019 35 219 0
0.598001 -0.135469 0.202849 35 219 0
0.601953 -0.134091 0.206863 35 219 0
0.605243 -0.135856 0.210967 35 219 0
0.607739 -0.139366 0.213004 35 219 0
0.610306 -0.14398 0.214172 35 219 0
0.609392 -0.14908 0.212475 35 219 0
0.607238 -0.152605 0.20944 35 219 0
0.60356 -0.153909 0.205345 35 219 0
0.59991 -0.152413 0.201552 35 219 0
0.597165 -0.148702 0.198704 35 219 0
0.595533 -0.144388 0.197238 35 219 0
0.594305 -0.139011 0.196778 35 219 0
0.594431 -0.133699 0.197932 35 219 0
0.59513 -0.128958 0.199944 35 219 0
0.596508 -0.126331 0.202082 35 219 0
0.598156 -0.125977 0.204837 35 219 0
0.600329 -0.124415 0.208479 35 219 0
0.602029 -0.125205 0.210433 35 219 0
0.605421 -0.127865 0.21346 35 219 0
0.608933 -0.130584 0.216284 35 219 0
0.612669 -0.133218 0.218898 35 219 0
0.616614 -0.135426 0.221574 35 219 0
0.61039 -0.136207 0.229362 35 219 0
0.663048 -0.137529 0.255922 35 219 0
0.667155 -0.136668 0.246845 35 219 0
0.668027 -0.141935 0.245047 35 219 0
0.668238 -0.146566 0.244612 35 219 0
0.668379 -0.151214 0.244287 35 219 0
0.668464 -0.155868 0.244025 35 219 0
0.668545 -0.160528 0.243929 35 219 0
0.668604 -0.16519 0.243958 35 219 0
0.668569 -0.169852 0.243993 35 219 0
0.668547 -0.174511 0.24402 35 219 0
0.668649 -0.179725 0.243813 35 219 0
0.669477 -0.184377 0.2432 35 219 0
0.669975 -0.189083 0.242649 35 219 0
0.670532 -0.19379 0.242155 35 219 0
0.671058 -0.198509 0.241758 35 219 0
0.671408 -0.203254 0.241575 36 218 0
0.671513 -0.208016 0.241583 36 218 0
0.671488 -0.21278 0.241689 36 218 0
0.671532 -0.217543 0.241803 36 218 0
0.671627 -0.222307 0.241757 36 218 0
0.671634 -0.22707 0.24178 36 218 0
0.671507 -0.22198 0.242225 36 218 0
0.671504 -0.216672 0.241829 36 218 0
0.671447 -0.211354 0.241644 36 218 0
0.671107 -0.206049 0.241391 36 218 0
0.670808 -0.200737 0.241491 36 218 0
0.670277 -0.195454 0.24186 36 218 0
0.669615 -0.190201 0.242399 36 218 0
0.669115 -0.184976 0.243167 36 218 0
0.668649 -0.179725 0.243813 36 218 0
0.668546 -0.174995 0.243819 36 218 0
0.668578 -0.170266 0.243968 36 218 0
0.668603 -0.165535 0.243961 36 218 0
0.66855 -0.160804 0.243931 36 218 0
0.668467 -0.156075 0.244016 36 218 0
0.668382 -0.151352 0.244277 36 218 0
0.668243 -0.146635 0.244609 36 218 0
0.668027 -0.141935 0.245047 36 218 0
0.665858 -0.124349 0.247971 36 218 0
0.670885 -0.125665 0.249982 36 218 0
0.675343 -0.128155 0.251366 36 218 0
0.678638 -0.131961 0.251893 36 218 0
0.681175 -0.137263 0.252181 36 218 0
0.680623 -0.14304 0.251199 36 218 0
0.67734 -0.14663 0.248941 36 218 0
0.672999 -0.149152 0.246653 36 218 0
0.668154 -0.146894 0.244688 36 218 0
0.664613 -0.142076 0.243418 36 218 0
0.665451 -0.137012 0.244513 36 218 0
0.666189 -0.131395 0.245398 36 218 0
0.670245 -0.127986 0.247901 36 218 0
0.675182 -0.125977 0.250539 36 218 0
0.680656 -0.126043 0.253257 36 218 0
0.685487 -0.128193 0.255346 36 218 0
0.688844 -0.133123 0.256348 36 218 0
0.690536 -0.138769 0.256456 36 218 0
0.690472 -0.144436 0.255593 36 218 0
0.686603 -0.14817 0.252931 36 218 0
0.681695 -0.149168 0.250185 36 218 0
0.677077 -0.146394 0.248308 36 218 0
0.674983 -0.140918 0.248163 36 218 0
0.675036 -0.134999 0.249243 36 218 0
0.677954 -0.13035 0.251851 36 218 0
0.681582 -0.127949 0.254419 36 218 0
0.685836 -0.126116 0.257009 36 218 0
0.68966 -0.127551 0.257788 36 218 0
0.694068 -0.130047 0.258712 36 218 0
0.697176 -0.134319 0.258762 36 218 0
0.699122 -0.139582 0.258576 36 218 0
0.69828 -0.144749 0.257103 36 218 0
0.696385 -0.150218 0.255651 36 218 0
0.692456 -0.154105 0.253642 36 218 0
0.687302 -0.155388 0.251069 36 218 0
0.683136 -0.153927 0.249548 36 218 0
0.679375 -0.150305 0.248518 36 218 0
0.677603 -0.145283 0.248364 36 218 0
0.679469 -0.139781 0.249734 36 218 0
0.684004 -0.137381 0.25211 36 218 0
0.689213 -0.135856 0.254348 36 218 0
0.693444 -0.139438 0.255917 36 218 0
0.697537 -0.143198 0.257504 36 218 0
0.699472 -0.148815 0.257745 36 218 0
0.699611 -0.15478 0.257078 37 217 0
0.696778 -0.159461 0.255176 37 217 0
0.693537 -0.164243 0.25353 37 217 0
0.688638 -0.166629 0.251053 37 217 0
0.68365 -0.164931 0.248768 37 217 0
0.679632 -0.160824 0.247124 37 217 0
0.67822 -0.155308 0.246787 37 217 0
0.680399 -0.150857 0.247966 37 217 0
0.685087 -0.14785 0.250198 37 217 0
0.690046 -0.147215 0.252463 37 217 0
0.694337 -0.150792 0.254307 37 217 0
0.698774 -0.154162 0.256125 37 217 0
0.700202 -0.15977 0.256479 37 217 0
0.699955 -0.165752 0.256045 37 217 0
0.697267 -0.170791 0.254525 37 217 0
0.69327 -0.174419 0.252634 37 217 0
0.688284 -0.176518 0.250205 37 217 0
0.683029 -0.174949 0.248099 37 217 0
0.678965 -0.171056 0.246301 37 217 0
0.678575 -0.165245 0.246401 37 217 0
0.681426 -0.160663 0.247819 37 217 0
0.685856 -0.158673 0.249756 37 217 0
0.69098 -0.158173 0.251875 37 217 0
0.695659 -0.16132 0.253609 37 217 0
0.698894 -0.16622 0.254354 37 217 0
0.700579 -0.171811 0.254437 37 217 0
0.700174 -0.177487 0.253724 37 217 0
0.697627 -0.182685 0.252242 37 217 0
0.693706 -0.186182 0.250418 37 217 0
0.688163 -0.186471 0.248276 37 217 0
0.6828 -0.186041 0.246814 37 217 0
0.67956 -0.181962 0.246519 37 217 0
0.678384 -0.176281 0.246667 37 217 0
0.680481 -0.172414 0.247891 37 217 0
0.683779 -0.169396 0.249013 37 217 0
0.688851 -0.168987 0.250487 37 217 0
0.693409 -0.170008 0.251927 37 217 0
0.697658 -0.172482 0.252701 37 217 0
0.701283 -0.175906 0.253488 37 217 0
0.702212 -0.181605 0.25288 37 217 0
0.701853 -0.187071 0.251544 37 217 0
0.700157 -0.192114 0.250457 37 217 0
0.696863 -0.196246 0.249216 37 217 0
0.692482 -0.198607 0.247753 37 217 0
0.68704 -0.197762 0.245944 37 217 0
0.682618 -0.193783 0.245302 37 217 0
0.67916 -0.189211 0.244511 37 217 0
0.680659 -0.183927 0.245523 37 217 0
0.685164 -0.180495 0.247479 37 217 0
0.690536 -0.179198 0.249114 37 217 0
0.695896 -0.180921 0.250955 37 217 0
0.699478 -0.185041 0.251588 37 217 0
0.7027 -0.190017 0.252358 37 217 0
0.703156 -0.195879 0.252053 37 217 0
0.701864 -0.201645 0.251285 37 217 0
0.698574 -0.206276 0.249667 37 217 0
0.693451 -0.208389 0.247537 37 217 0
0.687963 -0.208276 0.245254 37 217 0
0.683198 -0.205683 0.243858 37 217 0
0.681884 -0.199933 0.243697 37 217 0
0.683259 -0.194379 0.24433 37 217 0
0.687377 -0.190651 0.245838 37 217 0
0.69298 -0.191028 0.247903 37 217 0
0.698313 -0.192481 0.250052 37 217 0
0.701555 -0.197135 0.251215 37 217 0
0.703465 -0.20263 0.251962 37 217 0
0.703723 -0.208616 0.252072 37 217 0
0.700784 -0.213363 0.250769 37 217 0
0.696479 -0.217105 0.248972 38 216 0
0.691487 -0.219169 0.247129 38 216 0
0.686364 -0.218109 0.244981 38 216 0
0.682295 -0.214046 0.243411 38 216 0
0.682297 -0.208174 0.243373 38 216 0
0.684761 -0.203013 0.244184 38 216 0
0.689847 -0.200998 0.246022 38 216 0
0.695351 -0.201103 0.248394 38 216 0
0.69938 -0.204564 0.249987 38 216 0
0.702304 -0.209679 0.2511 38 216 0
0.703722 -0.215138 0.251598 38 216 0
0.703339 -0.220995 0.251433 38 216 0
0.699905 -0.225733 0.250146 38 216 0
0.694988 -0.228498 0.248392 38 216 0
0.689486 -0.229271 0.246624 38 216 0
0.684284 -0.227509 0.244428 38 216 0
0.682234 -0.22272 0.243731 38 216 0
0.682703 -0.217473 0.243903 38 216 0
0.68656 -0.213259 0.245417 38 216 0
0.691682 -0.211031 0.247139 38 216 0
0.696726 -0.213276 0.248638 38 216 0
0.701724 -0.215994 0.250483 38 216 0
0.704027 -0.220955 0.250919 38 216 0
0.705095 -0.226274 0.251039 38 216 0
0.704787 -0.232124 0.250682 38 216 0
0.701476 -0.236303 0.248858 38 216 0
0.697968 -0.240619 0.247152 38 216 0
0.69255 -0.240679 0.244734 38 216 0
0.687604 -0.239378 0.243445 38 216 0
0.684434 -0.235646 0.243085 38 216 0
0.682224 -0.230636 0.243606 38 216 0
0.684387 -0.22635 0.2456 38 216 0
0.687888 -0.222346 0.246908 38 216 0
0.692913 -0.222463 0.248199 38 216 0
0.698699 -0.222775 0.249082 38 216 0
0.702997 -0.22687 0.250395 38 216 0
0.704986 -0.232258 0.250865 38 216 0
0.705255 -0.238096 0.250718 38 216 0
0.70309 -0.243277 0.24945 38 216 0
0.69818 -0.245919 0.24702 38 216 0
0.692716 -0.246328 0.244683 38 216 0
0.687739 -0.243445 0.24303 38 216 0
0.684882 -0.238178 0.242427 38 216 0
0.683175 -0.232876 0.242441 38 216 0
0.685023 -0.22736 0.244124 38 216 0
0.688182 -0.223925 0.246472 38 216 0
0.692697 -0.222463 0.248572 38 216 0
0.697918 -0.222732 0.24939 38 216 0
0.701677 -0.224587 0.250091 38 216 0
0.704625 -0.228023 0.250418 38 216 0
0.705494 -0.232144 0.250172 38 216 0
0.704217 -0.23658 0.24935 38 216 0
0.701203 -0.239902 0.248221 38 216 0
0.695926 -0.240642 0.24628 38 216 0
0.69064 -0.240158 0.244743 38 216 0
0.68649 -0.236049 0.243692 38 216 0
0.683937 -0.232261 0.243816 38 216 0
0.681551 -0.227075 0.243717 38 216 0
0.683316 -0.222255 0.244977 38 216 0
0.68587 -0.217444 0.245655 38 216 0
0.689853 -0.214267 0.246601 38 216 0
0.694888 -0.212834 0.248176 38 216 0
0.700105 -0.214613 0.249728 38 216 0
0.703763 -0.217761 0.250798 38 216 0
0.70543 -0.223191 0.251549 38 216 0
0.702568 -0.227967 0.250373 38 216 0
0.698259 -0.230605 0.248837 38 216 0
0.694198 -0.232188 0.247736 39 215 0
0.689053 -0.230051 0.24627 39 215 0
0.685181 -0.225752 0.244927 39 215 0
0.681438 -0.221504 0.243449 39 215 0
0.681804 -0.215533 0.243752 39 215 0
0.684341 -0.210454 0.244717 39 215 0
0.687615 -0.205642 0.245678 39 215 0
0.692455 -0.202664 0.24693 39 215 0
0.697497 -0.20457 0.248594 39 215 0
0.702755 -0.205903 0.250863 39 215 0
0.704126 -0.210913 0.251395 39 215 0
0.703612 -0.216851 0.251577 39 215 0
0.700348 -0.221344 0.250602 39 215 0
0.695136 -0.222639 0.248667 39 215 0
0.689769 -0.221459 0.246623 39 215 0
0.685309 -0.217866 0.245097 39 215 0
0.682228 -0.213156 0.243817 39 215 0
0.681834 -0.207236 0.243689 39 215 0
0.683262 -0.20168 0.244119 39 215 0
0.68622 -0.1966 0.245156 39 215 0
0.691461 -0.19432 0.246937 39 215 0
0.696698 -0.193376 0.249039 39 215 0
0.701439 -0.196442 0.250737 39 215 0
0.703684 -0.201535 0.251269 39 215 0
0.703959 -0.207502 0.251493 39 215 0
0.700246 -0.211607 0.250028 39 215 0
0.695076 -0.212841 0.248127 39 215 0
0.689703 -0.211597 0.246015 39 215 0
0.685093 -0.208376 0.244528 39 215 0
0.682876 -0.202838 0.243975 39 215 0
0.681818 -0.197092 0.243942 39 215 0
0.683617 -0.191567 0.245042 39 215 0
0.686362 -0.187106 0.24613 39 215 0
0.691195 -0.184264 0.248214 39 215 0
0.696796 -0.184398 0.250342 39 215 0
0.701448 -0.187096 0.252106 39 215 0
0.703225 -0.192709 0.252284 39 215 0
0.702531 -0.198249 0.251647 39 215 0
0.698262 -0.201383 0.249668 39 215 0
0.693045 -0.202743 0.247925 39 215 0
0.687833 -0.201041 0.246074 39 215 0
0.683629 -0.197087 0.244818 39 215 0
0.68127 -0.191672 0.244381 39 215 0
0.681027 -0.185704 0.244859 39 215 0
0.682635 -0.180267 0.24611 39 215 0
0.686536 -0.176424 0.248187 39 215 0
0.691401 -0.174103 0.250243 39 215 0
0.696729 -0.175729 0.252241 39 215 0
0.701383 -0.178181 0.253715 39 215 0
0.702099 -0.184018 0.253402 39 215 0
0.70108 -0.189823 0.252567 39 215 0
0.696436 -0.192645 0.250502 39 215 0
0.691326 -0.193551 0.24858 39 215 0
0.686261 -0.190891 0.246798 39 215 0
0.682998 -0.18602 0.245891 39 215 0
0.680065 -0.18092 0.245003 39 215 0
0.680847 -0.175554 0.246028 39 215 0
0.683084 -0.170215 0.247558 39 215 0
0.686407 -0.166587 0.249201 39 215 0
0.691362 -0.164392 0.251421 39 215 0
0.696585 -0.165855 0.253499 39 215 0
0.700589 -0.169028 0.254767 39 215 0
0.701616 -0.174346 0.254909 39 215 0
0.700432 -0.179856 0.254262 39 215 0
0.695831 -0.182579 0.252083 39 215 0
0.690798 -0.184214 0.250039 39 215 0
0.686022 -0.18181 0.248287 39 215 0
0.682152 -0.177495 0.246947 40 214 0
0.678996 -0.172532 0.245836 40 214 0
0.679568 -0.166865 0.246605 40 214 0
0.681791 -0.161469 0.247965 40 214 0
0.68498 -0.156813 0.249458 40 214 0
0.690164 -0.155746 0.251871 40 214 0
0.695715 -0.155862 0.254091 40 214 0
0.699127 -0.16017 0.255394 40 214 0
0.700057 -0.165649 0.255553 40 214 0
0.698052 -0.171022 0.254517 40 214 0
0.693535 -0.17414 0.252471 40 214 0
0.688037 -0.173981 0.250098 40 214 0
0.683343 -0.171017 0.248383 40 214 0
0.680565 -0.166059 0.247477 40 214 0
0.678196 -0.161077 0.2468 40 214 0
0.678777 -0.155303 0.247441 40 214 0
0.681322 -0.150097 0.248949 40 214 0
0.685357 -0.146525 0.250958 40 214 0
0.690785 -0.145831 0.253316 40 214 0
0.696032 -0.146468 0.255644 40 214 0
0.699747 -0.150924 0.256979 40 214 0
0.700113 -0.156861 0.25638 40 214 0
0.698236 -0.161909 0.255148 40 214 0
0.693729 -0.164238 0.253079 40 214 0
0.688269 -0.164095 0.250613 40 214 0
0.683538 -0.161817 0.249017 40 214 0
0.680479 -0.156728 0.248234 40 214 0
0.677818 -0.152008 0.247567 40 214 0
0.677777 -0.146086 0.248356 40 214 0
0.680115 -0.141318 0.250235 40 214 0
0.68389 -0.137312 0.252583 40 214 0
0.68898 -0.135944 0.255049 40 214 0
0.694076 -0.136609 0.256783 40 214 0
0.697951 -0.140749 0.257968 40 214 0
0.700199 -0.145236 0.257818 40 214 0
0.699613 -0.150878 0.256849 40 214 0
0.696267 -0.154016 0.254837 40 214 0
0.691576 -0.155648 0.252716 40 214 0
0.686658 -0.15407 0.250809 40 214 0
0.682103 -0.151144 0.249244 40 214 0
0.679525 -0.1466 0.249289 40 214 0
0.6773 -0.14167 0.2493 40 214 0
0.676838 -0.135976 0.249995 40 214 0
0.678564 -0.131532 0.251898 40 214 0
0.682197 -0.128553 0.254672 40 214 0
0.685899 -0.126116 0.2569 40 214 0
0.68351 -0.127434 0.255465 40 214 0
0.680101 -0.129428 0.253329 40 214 0
0.676677 -0.131412 0.251207 40 214 0
0.673239 -0.133434 0.249144 40 214 0
0.669789 -0.13544 0.247085 40 214 0
0.665752 -0.136367 0.256187 40 214 0
0.612143 -0.13736 0.23039 40 214 0
0.618381 -0.136651 0.222607 40 214 0
0.618381 -0.136651 0.222607 40 214 0
0.618848 -0.141779 0.221908 40 214 0
0.619321 -0.146415 0.22122 40 214 0
0.619708 -0.151075 0.220653 40 214 0
0.620043 -0.155747 0.220158 40 214 0
0.620283 -0.160436 0.219802 40 214 0
0.620423 -0.165139 0.219599 40 214 0
0.620487 -0.169849 0.21952 40 214 0
0.620454 -0.174558 0.219568 40 214 0
0.620012 -0.180065 0.218777 40 214 0
0.619867 -0.184764 0.217658 40 214 0
0.619652 -0.189427 0.216404 40 214 0
0.619451 -0.194095 0.215168 40 214 0
0.619285 -0.198802 0.214093 40 214 0
0.61904 -0.203537 0.213162 41 213 0
0.618633 -0.208287 0.212379 41 213 0
0.618067 -0.213043 0.211733 41 213 0
0.617408 -0.217793 0.211136 41 213 0
0.616761 -0.222542 0.210519 41 213 0
0.615973 -0.227269 0.209933 41 213 0
0.616639 -0.221985 0.210832 41 213 0
0.617456 -0.217309 0.211208 41 213 0
0.618125 -0.212628 0.211785 41 213 0
0.618672 -0.207939 0.212428 41 213 0
0.619059 -0.203258 0.213213 41 213 0
0.619428 -0.198636 0.214282 41 213 0
0.619791 -0.194061 0.215554 41 213 0
0.620008 -0.189475 0.216821 41 213 0
0.620356 -0.184981 0.218361 41 213 0
0.620578 -0.180025 0.219416 41 213 0
0.62057 -0.17522 0.219396 41 213 0
0.620503 -0.170417 0.219497 41 213 0
0.620417 -0.165614 0.21961 41 213 0
0.620283 -0.160815 0.219802 41 213 0
0.620058 -0.156029 0.220135 41 213 0
0.619725 -0.151261 0.220628 41 213 0
0.619335 -0.146506 0.2212 41 213 0
0.618848 -0.141779 0.221908 41 213 0
0.617496 -0.124352 0.223826 41 213 0
0.622298 -0.125954 0.226007 41 213 0
0.625164 -0.129988 0.226947 41 213 0
0.627113 -0.135237 0.227321 41 213 0
0.625911 -0.140362 0.2258 41 213 0
0.62346 -0.145237 0.22373 41 213 0
0.619127 -0.147002 0.220517 41 213 0
0.614862 -0.149005 0.217474 41 213 0
0.610343 -0.146591 0.214589 41 213 0
0.606033 -0.144533 0.212103 41 213 0
0.602907 -0.139636 0.210484 41 213 0
0.602628 -0.133831 0.210905 41 213 0
0.604071 -0.128167 0.212301 41 213 0
0.607684 -0.1247 0.215133 41 213 0
0.612291 -0.125605 0.218441 41 213 0
0.615814 -0.129902 0.220546 41 213 0
0.617369 -0.13548 0.221061 41 213 0
0.615723 -0.140445 0.219167 41 213 0
0.614134 -0.144879 0.217231 41 213 0
0.610119 -0.14718 0.213391 41 213 0
0.605807 -0.149126 0.209782 41 213 0
0.602064 -0.146682 0.20625 41 213 0
0.598453 -0.143122 0.202985 41 213 0
0.595907 -0.139104 0.200644 41 213 0
0.595119 -0.133357 0.200182 41 213 0
0.595474 -0.12863 0.201214 41 213 0
0.597858 -0.125984 0.204339 41 213 0
0.600463 -0.124415 0.208247 41 213 0
0.602829 -0.125977 0.211339 41 213 0
0.606079 -0.129112 0.213928 41 213 0
0.608617 -0.133166 0.215154 41 213 0
0.609063 -0.139109 0.214686 41 213 0
0.609008 -0.14474 0.213101 41 213 0
0.607479 -0.149053 0.210532 41 213 0
0.604723 -0.152306 0.206749 41 213 0
0.600598 -0.152356 0.202462 41 213 0
0.596859 -0.150995 0.198536 41 213 0
0.593927 -0.147172 0.1962 41 213 0
0.592162 -0.141735 0.195698 41 213 0
0.594394 -0.137057 0.198362 41 213 0
0.597323 -0.134248 0.202091 41 213 0
0.601593 -0.134124 0.206254 41 213 0
0.605087 -0.137686 0.209163 41 213 0
0.608062 -0.142116 0.211166 42 212 0
0.609907 -0.147369 0.211636 42 212 0
0.608918 -0.152871 0.209886 42 212 0
0.607009 -0.15788 0.207288 42 212 0
0.6034 -0.160781 0.20373 42 212 0
0.599578 -0.161599 0.199948 42 212 0
0.595712 -0.160174 0.196385 42 212 0
0.592881 -0.155475 0.194247 42 212 0
0.592655 -0.149639 0.194651 42 212 0
0.593993 -0.145088 0.196641 42 212 0
0.597717 -0.142552 0.200164 42 212 0
0.602226 -0.143541 0.20378 42 212 0
0.605668 -0.147496 0.206471 42 212 0
0.608078 -0.152653 0.20787 42 212 0
0.60871 -0.158526 0.207609 42 212 0
0.608276 -0.164162 0.206309 42 212 0
0.605368 -0.168174 0.203279 42 212 0
0.601414 -0.170759 0.199627 42 212 0
0.597248 -0.170965 0.195355 42 212 0
0.59349 -0.167505 0.192521 42 212 0
0.591948 -0.161977 0.191423 42 212 0
0.591582 -0.156037 0.191907 42 212 0
0.594416 -0.152348 0.194531 42 212 0
0.598563 -0.150915 0.198333 42 212 0
0.602811 -0.153164 0.201843 42 212 0
0.60518 -0.157886 0.203756 42 212 0
0.607513 -0.163103 0.205027 42 212 0
0.608 -0.16901 0.204397 42 212 0
0.607076 -0.174538 0.202792 42 212 0
0.603562 -0.177711 0.199204 42 212 0
0.599708 -0.178434 0.194964 42 212 0
0.595459 -0.17742 0.191008 42 212 0
0.592065 -0.174041 0.188341 42 212 0
0.590784 -0.168598 0.187715 42 212 0
0.592184 -0.16357 0.189426 42 212 0
0.595469 -0.160966 0.193325 42 212 0
0.599501 -0.16082 0.197709 42 212 0
0.603823 -0.163056 0.201095 42 212 0
0.606182 -0.167949 0.202976 42 212 0
0.607227 -0.173699 0.203405 42 212 0
0.606538 -0.179105 0.201888 42 212 0
0.604704 -0.183983 0.199122 42 212 0
0.602015 -0.186814 0.195009 42 212 0
0.598632 -0.187949 0.191039 42 212 0
0.594881 -0.1868 0.186979 42 212 0
0.592378 -0.182537 0.184186 42 212 0
0.590241 -0.178447 0.183064 42 212 0
0.591866 -0.173624 0.184737 42 212 0
0.593088 -0.170697 0.187617 42 212 0
0.595393 -0.168553 0.190153 42 212 0
0.597878 -0.16844 0.194204 42 212 0
0.599934 -0.170901 0.196994 42 212 0
0.602842 -0.173154 0.199575 42 212 0
0.605195 -0.177876 0.201304 42 212 0
0.606903 -0.183279 0.201616 42 212 0
0.606309 -0.188787 0.200086 42 212 0
0.604786 -0.193405 0.197257 42 212 0
0.602493 -0.1961 0.193332 42 212 0
0.598915 -0.197971 0.189198 42 212 0
0.594783 -0.196719 0.185273 42 212 0
0.592767 -0.192566 0.183269 42 212 0
0.590437 -0.187542 0.182334 42 212 0
0.592255 -0.183031 0.18457 42 212 0
0.595103 -0.180353 0.188271 42 212 0
0.599064 -0.178607 0.192182 42 212 0
0.602666 -0.181978 0.195471 42 212 0
0.605903 -0.185963 0.198088 42 212 0
0.607937 -0.191439 0.199432 42 212 0
0.607685 -0.197132 0.198699 43 211 0
0.606218 -0.202594 0.196745 43 211 0
0.603893 -0.207057 0.193808 43 211 0
0.599884 -0.208165 0.189657 43 211 0
0.59566 -0.207032 0.185758 43 211 0
0.591891 -0.203746 0.182787 43 211 0
0.591245 -0.198225 0.182384 43 211 0
0.592584 -0.192601 0.183792 43 211 0
0.596797 -0.191208 0.187574 43 211 0
0.601008 -0.190612 0.191556 43 211 0
0.604365 -0.193994 0.194765 43 211 0
0.607565 -0.198313 0.19742 43 211 0
0.608723 -0.203969 0.198545 43 211 0
0.607803 -0.209823 0.197823 43 211 0
0.605979 -0.215207 0.195995 43 211 0
0.603024 -0.219356 0.193308 43 211 0
0.598704 -0.220552 0.189491 43 211 0
0.594759 -0.21793 0.185982 43 211 0
0.592369 -0.213196 0.183373 43 211 0
0.591522 -0.207429 0.182591 43 211 0
0.594695 -0.203217 0.185106 43 211 0
0.597894 -0.200075 0.188117 43 211 0
0.602039 -0.201996 0.191703 43 211 0
0.605705 -0.205102 0.195164 43 211 0
0.608218 -0.210017 0.197395 43 211 0
0.608841 -0.215786 0.198288 43 211 0
0.607291 -0.221479 0.197272 43 211 0
0.60449 -0.225985 0.19489 43 211 0
0.60204 -0.230489 0.192454 43 211 0
0.597722 -0.229938 0.188395 43 211 0
0.593643 -0.227448 0.184777 43 211 0
0.591487 -0.222875 0.182574 43 211 0
0.592508 -0.217313 0.183264 43 211 0
0.595092 -0.21267 0.185972 43 211 0
0.599405 -0.211698 0.189939 43 211 0
0.603277 -0.213545 0.193687 43 211 0
0.606801 -0.216875 0.196922 43 211 0
0.608667 -0.222323 0.198509 43 211 0
0.60882 -0.228297 0.198439 43 211 0
0.607148 -0.23362 0.196655 43 211 0
0.605128 -0.238494 0.193909 43 211 0
0.601448 -0.240133 0.190074 43 211 0
0.597766 -0.240897 0.186613 43 211 0
0.594096 -0.238796 0.183101 43 211 0
0.59204 -0.23491 0.181269 43 211 0
0.592075 -0.22894 0.181556 43 211 0
0.59424 -0.22451 0.183975 43 211 0
0.596784 -0.222495 0.187511 43 211 0
0.599801 -0.222927 0.191345 43 211 0
0.603636 -0.224083 0.195155 43 211 0
0.607881 -0.226716 0.197386 43 211 0
0.609352 -0.232468 0.197722 43 211 0
0.609054 -0.238357 0.196743 43 211 0
0.606409 -0.242851 0.19409 43 211 0
0.603053 -0.246343 0.190629 43 211 0
0.598554 -0.246343 0.186976 43 211 0
0.594489 -0.242994 0.183996 43 211 0
0.591681 -0.238365 0.182048 43 211 0
0.59174 -0.232307 0.182229 43 211 0
0.593995 -0.227121 0.184183 43 211 0
0.59666 -0.222434 0.186908 43 211 0
0.600134 -0.222927 0.190768 43 211 0
0.603217 -0.222683 0.195136 43 211 0
0.605686 -0.224894 0.197383 43 211 0
0.607672 -0.228906 0.198691 43 211 0
0.60907 -0.234138 0.198447 43 211 0
0.608272 -0.23803 0.196331 43 211 0
0.60499 -0.239833 0.193106 44 210 0
0.601876 -0.242378 0.189805 44 210 0
0.598188 -0.239417 0.18654 44 210 0
0.59457 -0.236706 0.183679 44 210 0
0.592942 -0.231357 0.182441 44 210 0
0.592235 -0.226057 0.182345 44 210 0
0.593697 -0.220788 0.183938 44 210 0
0.596163 -0.216633 0.186539 44 210 0
0.59905 -0.213059 0.190082 44 210 0
0.603256 -0.212769 0.194339 44 210 0
0.606715 -0.215554 0.197828 44 210 0
0.608786 -0.21937 0.199903 44 210 0
0.608341 -0.224353 0.199321 44 210 0
0.606919 -0.229449 0.197346 44 210 0
0.603381 -0.231749 0.193972 44 210 0
0.599961 -0.230571 0.190567 44 210 0
0.596377 -0.228011 0.186878 44 210 0
0.593766 -0.223517 0.184263 44 210 0
0.592823 -0.217789 0.183335 44 210 0
0.593638 -0.211957 0.184023 44 210 0
0.595823 -0.206886 0.186187 44 210 0
0.599098 -0.203186 0.189181 44 210 0
0.603191 -0.203091 0.193478 44 210 0
0.607397 -0.204336 0.197456 44 210 0
0.609278 -0.209569 0.199535 44 210 0
0.609706 -0.215276 0.200214 44 210 0
0.607491 -0.220242 0.19826 44 210 0
0.603524 -0.222151 0.194584 44 210 0
0.599379 -0.222302 0.190758 44 210 0
0.596357 -0.218207 0.187564 44 210 0
0.594197 -0.213039 0.185409 44 210 0
0.593631 -0.207173 0.184849 44 210 0
0.594375 -0.201421 0.185684 44 210 0
0.596526 -0.196329 0.18786 44 210 0
0.600413 -0.193438 0.191414 44 210 0
0.604614 -0.193224 0.195313 44 210 0
0.608405 -0.196118 0.19891 44 210 0
0.609977 -0.201466 0.2006 44 210 0
0.610183 -0.206964 0.200348 44 210 0
0.607597 -0.210917 0.197677 44 210 0
0.603699 -0.212474 0.193898 44 210 0
0.599407 -0.210607 0.190344 44 210 0
0.596066 -0.20655 0.187495 44 210 0
0.593901 -0.201154 0.186024 44 210 0
0.59318 -0.195316 0.185836 44 210 0
0.594571 -0.189812 0.187393 44 210 0
0.598086 -0.186328 0.190692 44 210 0
0.601413 -0.182854 0.194167 44 210 0
0.605425 -0.184189 0.198084 44 210 0
0.609581 -0.186415 0.201487 44 210 0
0.611313 -0.191726 0.202779 44 210 0
0.610104 -0.197119 0.201534 44 210 0
0.607631 -0.201482 0.198434 44 210 0
0.603366 -0.202825 0.194651 44 210 0
0.599524 -0.200207 0.191248 44 210 0
0.596248 -0.195969 0.188807 44 210 0
0.594198 -0.190459 0.187618 44 210 0
0.593864 -0.184526 0.188179 44 210 0
0.595614 -0.179298 0.190113 44 210 0
0.598868 -0.175796 0.193469 44 210 0
0.602691 -0.174151 0.197563 44 210 0
0.606768 -0.175307 0.201437 44 210 0
0.609797 -0.179745 0.203827 44 210 0
0.610726 -0.185409 0.203889 44 210 0
0.608197 -0.190033 0.20129 44 210 0
0.604403 -0.192652 0.197587 44 210 0
0.600285 -0.190924 0.193831 44 210 0
0.596463 -0.187351 0.190947 45 209 0
0.594011 -0.182666 0.189456 45 209 0
0.593417 -0.176811 0.189744 45 209 0
0.594324 -0.171052 0.19118 45 209 0
0.596668 -0.166721 0.193787 45 209 0
0.60039 -0.164065 0.197583 45 209 0
0.604794 -0.164092 0.201669 45 209 0
0.608368 -0.167012 0.205017 45 209 0
0.610906 -0.171949 0.206864 45 209 0
0.610574 -0.17771 0.205899 45 209 0
0.60747 -0.181537 0.202744 45 209 0
0.603268 -0.182463 0.19882 45 209 0
0.599336 -0.181079 0.195347 45 209 0
0.596085 -0.176869 0.192989 45 209 0
0.594375 -0.171184 0.192122 45 209 0
0.593568 -0.165296 0.192304 45 209 0
0.594893 -0.15984 0.19435 45 209 0
0.597887 -0.15581 0.197464 45 209 0
0.601809 -0.154062 0.201435 45 209 0
0.605838 -0.154956 0.205207 45 209 0
0.609048 -0.159259 0.207897 45 209 0
0.610197 -0.164757 0.208347 45 209 0
0.608951 -0.170095 0.206358 45 209 0
0.605603 -0.172375 0.20306 45 209 0
0.601247 -0.172208 0.198962 45 209 0
0.597454 -0.169355 0.195948 45 209 0
0.594237 -0.165038 0.19378 45 209 0
0.593651 -0.159104 0.193846 45 209 0
0.593584 -0.153385 0.194745 45 209 0
0.595688 -0.148543 0.197578 45 209 0
0.599044 -0.145113 0.20114 45 209 0
0.602919 -0.144017 0.205368 45 209 0
0.606828 -0.146089 0.209024 45 209 0
0.60961 -0.150849 0.211077 45 209 0
0.610463 -0.156592 0.210748 45 209 0
0.607928 -0.161058 0.207733 45 209 0
0.604498 -0.164038 0.203994 45 209 0
0.60036 -0.162158 0.200201 45 209 0
0.596884 -0.159363 0.197002 45 209 0
0.594466 -0.154136 0.195318 45 209 0
0.592938 -0.148396 0.194678 45 209 0
0.594258 -0.14339 0.196765 45 209 0
0.595185 -0.138094 0.199019 45 209 0
0.598001 -0.135469 0.202849 45 209 0
0.601953 -0.134091 0.206863 45 209 0
0.605243 -0.135856 0.210967 45 209 0
0.607739 -0.139366 0.213004 45 209 0
0.610306 -0.14398 0.214172 45 209 0
0.609392 -0.14908 0.212475 45 209 0
0.607238 -0.152605 0.20944 45 209 0
0.60356 -0.153909 0.205345 45 209 0
0.59991 -0.152413 0.201552 45 209 0
0.597165 -0.148702 0.198704 45 209 0
0.595533 -0.144388 0.197238 45 209 0
0.594305 -0.139011 0.196778 45 209 0
0.594431 -0.133699 0.197932 45 209 0
0.59513 -0.128958 0.199944 45 209 0
0.596508 -0.126331 0.202082 45 209 0
0.598156 -0.125977 0.204837 45 209 0
0.600329 -0.124415 0.208479 45 209 0
0.602029 -0.125205 0.210433 45 209 0
0.605421 -0.127865 0.21346 45 209 0
0.608933 -0.130584 0.216284 45 209 0
0.612669 -0.133218 0.218898 45 209 0
0.616614 -0.135426 0.221574 45 209 0
0.61039 -0.136207 0.229362 45 209 0
0.663048 -0.137529 0.255922 45 209 0
0.667155 -0.136668 0.246845 45 209 0
0.668027 -0.141935 0.245047 46 208 0
0.668238 -0.146566 0.244612 46 208 0
0.668379 -0.151214 0.244287 46 208 0
0.668464 -0.155868 0.244025 46 208 0
0.668545 -0.160528 0.243929 46 208 0
0.668604 -0.16519 0.243958 46 208 0
0.668569 -0.169852 0.243993 46 208 0
0.668547 -0.174511 0.24402 46 208 0
0.668649 -0.179725 0.243813 46 208 0
0.669477 -0.184377 0.2432 46 208 0
0.669975 -0.189083 0.242649 46 208 0
0.670532 -0.19379 0.242155 46 208 0
0.671058 -0.198509 0.241758 46 208 0
0.671408 -0.203254 0.241575 46 208 0
0.671513 -0.208016 0.241583 46 208 0
0.671488 -0.21278 0.241689 46 208 0
0.671532 -0.217543 0.241803 46 208 0
0.671627 -0.222307 0.241757 46 208 0
0.671634 -0.22707 0.24178 46 208 0
0.671507 -0.22198 0.242225 46 208 0
0.671504 -0.216672 0.241829 46 208 0
0.671447 -0.211354 0.241644 46 208 0
0.671107 -0.206049 0.241391 46 208 0
0.670808 -0.200737 0.241491 46 208 0
0.670277 -0.195454 0.24186 46 208 0
0.669615 -0.190201 0.242399 46 208 0
0.669115 -0.184976 0.243167 46 208 0
0.668649 -0.179725 0.243813 46 208 0
0.668546 -0.174995 0.243819 46 208 0
0.668578 -0.170266 0.243968 46 208 0
0.668603 -0.165535 0.243961 46 208 0
0.66855 -0.160804 0.243931 46 208 0
0.668467 -0.156075 0.244016 46 208 0
0.668382 -0.151352 0.244277 46 208 0
0.668243 -0.146635 0.244609 46 208 0
0.668027 -0.141935 0.245047 46 208 0
0.665858 -0.124349 0.247971 46 208 0
0.670885 -0.125665 0.249982 46 208 0
0.675343 -0.128155 0.251366 46 208 0
0.678638 -0.131961 0.251893 46 208 0
0.681175 -0.137263 0.252181 46 208 0
0.680623 -0.14304 0.251199 46 208 0
0.67734 -0.14663 0.248941 46 208 0
0.672999 -0.149152 0.246653 46 208 0
0.668154 -0.146894 0.244688 46 208 0
0.664613 -0.142076 0.243418 46 208 0
0.665451 -0.137012 0.244513 46 208 0
0.666189 -0.131395 0.245398 46 208 0
0.670245 -0.127986 0.247901 46 208 0
0.675182 -0.125977 0.250539 46 208 0
0.680656 -0.126043 0.253257 46 208 0
0.685487 -0.128193 0.255346 46 208 0
0.688844 -0.133123 0.256348 46 208 0
0.690536 -0.138769 0.256456 46 208 0
0.690472 -0.144436 0.255593 46 208 0
0.686603 -0.14817 0.252931 46 208 0
0.681695 -0.149168 0.250185 46 208 0
0.677077 -0.146394 0.248308 46 208 0
0.674983 -0.140918 0.248163 46 208 0
0.675036 -0.134999 0.249243 46 208 0
0.677954 -0.13035 0.251851 46 208 0
0.681582 -0.127949 0.254419 46 208 0
0.685836 -0.126116 0.257009 46 208 0
0.68966 -0.127551 0.257788 46 208 0
0.694068 -0.130047 0.258712 46 208 0
0.697176 -0.134319 0.258762 46 208 0
0.699122 -0.139582 0.258576 46 208 0
0.69828 -0.144749 0.257103 47 207 0
0.696385 -0.150218 0.255651 47 207 0
0.692456 -0.154105 0.253642 47 207 0
0.687302 -0.155388 0.251069 47 207 0
0.683136 -0.153927 0.249548 47 207 0
0.679375 -0.150305 0.248518 47 207 0
0.677603 -0.145283 0.248364 47 207 0
0.679469 -0.139781 0.249734 47 207 0
0.684004 -0.137381 0.25211 47 207 0
0.689213 -0.135856 0.254348 47 207 0
0.693444 -0.139438 0.255917 47 207 0
0.697537 -0.143198 0.257504 47 207 0
0.699472 -0.148815 0.257745 47 207 0
0.699611 -0.15478 0.257078 47 207 0
0.696778 -0.159461 0.255176 47 207 0
0.693537 -0.164243 0.25353 47 207 0
0.688638 -0.166629 0.251053 47 207 0
0.68365 -0.164931 0.248768 47 207 0
0.679632 -0.160824 0.247124 47 207 0
0.67822 -0.155308 0.246787 47 207 0
0.680399 -0.150857 0.247966 47 207 0
0.685087 -0.14785 0.250198 47 207 0
0.690046 -0.147215 0.252463 47 207 0
0.694337 -0.150792 0.254307 47 207 0
0.698774 -0.154162 0.256125 47 207 0
0.700202 -0.15977 0.256479 47 207 0
0.699955 -0.165752 0.256045 47 207 0
0.697267 -0.170791 0.254525 47 207 0
0.69327 -0.174419 0.252634 47 207 0
0.688284 -0.176518 0.250205 47 207 0
0.683029 -0.174949 0.248099 47 207 0
0.678965 -0.171056 0.246301 47 207 0
0.678575 -0.165245 0.246401 47 207 0
0.681426 -0.160663 0.247819 47 207 0
0.685856 -0.158673 0.249756 47 207 0
0.69098 -0.158173 0.251875 47 207 0
0.695659 -0.16132 0.253609 47 207 0
0.698894 -0.16622 0.254354 47 207 0
0.700579 -0.171811 0.254437 47 207 0
0.700174 -0.177487 0.253724 47 207 0
0.697627 -0.182685 0.252242 47 207 0
0.693706 -0.186182 0.250418 47 207 0
0.688163 -0.186471 0.248276 47 207 0
0.6828 -0.186041 0.246814 47 207 0
0.67956 -0.181962 0.246519 47 207 0
0.678384 -0.176281 0.246667 47 207 0
0.680481 -0.172414 0.247891 47 207 0
0.683779 -0.169396 0.249013 47 207 0
0.688851 -0.168987 0.250487 47 207 0
0.693409 -0.170008 0.251927 47 207 0
0.697658 -0.172482 0.252701 47 207 0
0.701283 -0.175906 0.253488 47 207 0
0.702212 -0.181605 0.25288 47 207 0
0.701853 -0.187071 0.251544 47 207 0
0.700157 -0.192114 0.250457 47 207 0
0.696863 -0.196246 0.249216 47 207 0
0.692482 -0.198607 0.247753 47 207 0
0.68704 -0.197762 0.245944 47 207 0
0.682618 -0.193783 0.245302 47 207 0
0.67916 -0.189211 0.244511 47 207 0
0.680659 -0.183927 0.245523 47 207 0
0.685164 -0.180495 0.247479 47 207 0
0.690536 -0.179198 0.249114 47 207 0
0.695896 -0.180921 0.250955 47 207 0
0.699478 -0.185041 0.251588 47 207 0
0.7027 -0.190017 0.252358 47 207 0
0.703156 -0.195879 0.252053 47 207 0
0.701864 -0.201645 0.251285 48 206 0
0.698574 -0.206276 0.249667 48 206 0
0.693451 -0.208389 0.247537 48 206 0
0.687963 -0.208276 0.245254 48 206 0
0.683198 -0.205683 0.243858 48 206 0
0.681884 -0.199933 0.243697 48 206 0
0.683259 -0.194379 0.24433 48 206 0
0.687377 -0.190651 0.245838 48 206 0
0.69298 -0.191028 0.247903 48 206 0
0.698313 -0.192481 0.250052 48 206 0
0.701555 -0.197135 0.251215 48 206 0
0.703465 -0.20263 0.251962 48 206 0
0.703723 -0.208616 0.252072 48 206 0
0.700784 -0.213363 0.250769 48 206 0
0.696479 -0.217105 0.248972 48 206 0
0.691487 -0.219169 0.247129 48 206 0
0.686364 -0.218109 0.244981 48 206 0
0.682295 -0.214046 0.243411 48 206 0
0.682297 -0.208174 0.243373 48 206 0
0.684761 -0.203013 0.244184 48 206 0
0.689847 -0.200998 0.246022 48 206 0
0.695351 -0.201103 0.248394 48 206 0
0.69938 -0.204564 0.249987 48 206 0
0.702304 -0.209679 0.2511 48 206 0
0.703722 -0.215138 0.251598 48 206 0
0.703339 -0.220995 0.251433 48 206 0
0.699905 -0.225733 0.250146 48 206 0
0.694988 -0.228498 0.248392 48 206 0
0.689486 -0.229271 0.246624 48 206 0
0.684284 -0.227509 0.244428 48 206 0
0.682234 -0.22272 0.243731 48 206 0
0.682703 -0.217473 0.243903 48 206 0
0.68656 -0.213259 0.245417 48 206 0
0.691682 -0.211031 0.247139 48 206 0
0.696726 -0.213276 0.248638 48 206 0
0.701724 -0.215994 0.250483 48 206 0
0.704027 -0.220955 0.250919 48 206 0
0.705095 -0.226274 0.251039 48 206 0
0.704787 -0.232124 0.250682 48 206 0
0.701476 -0.236303 0.248858 48 206 0
0.697968 -0.240619 0.247152 48 206 0
0.69255 -0.240679 0.244734 48 206 0
0.687604 -0.239378 0.243445 48 206 0
0.684434 -0.235646 0.243085 48 206 0
0.682224 -0.230636 0.243606 48 206 0
0.684387 -0.22635 0.2456 48 206 0
0.687888 -0.222346 0.246908 48 206 0
0.692913 -0.222463 0.248199 48 206 0
0.698699 -0.222775 0.249082 48 206 0
0.702997 -0.22687 0.250395 48 206 0
0.704986 -0.232258 0.250865 48 206 0
0.705255 -0.238096 0.250718 48 206 0
0.70309 -0.243277 0.24945 48 206 0
0.69818 -0.245919 0.24702 48 206 0
0.692716 -0.246328 0.244683 48 206 0
0.687739 -0.243445 0.24303 48 206 0
0.684882 -0.238178 0.242427 48 206 0
0.683175 -0.232876 0.242441 48 206 0
0.685023 -0.22736 0.244124 48 206 0
0.688182 -0.223925 0.246472 48 206 0
0.692697 -0.222463 0.248572 48 206 0
0.697918 -0.222732 0.24939 48 206 0
0.701677 -0.224587 0.250091 48 206 0
0.704625 -0.228023 0.250418 48 206 0
0.705494 -0.232144 0.250172 48 206 0
0.704217 -0.23658 0.24935 48 206 0
0.701203 -0.239902 0.248221 48 206 0
0.695926 -0.240642 0.24628 48 206 0
0.69064 -0.240158 0.244743 49 205 0
0.68649 -0.236049 0.243692 49 205 0
0.683937 -0.232261 0.243816 49 205 0
0.681551 -0.227075 0.243717 49 205 0
0.683316 -0.222255 0.244977 49 205 0
0.68587 -0.217444 0.245655 49 205 0
0.689853 -0.214267 0.246601 49 205 0
0.694888 -0.212834 0.248176 49 205 0
0.700105 -0.214613 0.249728 49 205 0
0.703763 -0.217761 0.250798 49 205 0
0.70543 -0.223191 0.251549 49 205 0
0.702568 -0.227967 0.250373 49 205 0
0.698259 -0.230605 0.248837 49 205 0
0.694198 -0.232188 0.247736 49 205 0
0.689053 -0.230051 0.24627 49 205 0
0.685181 -0.225752 0.244927 49 205 0
0.681438 -0.221504 0.243449 49 205 0
0.681804 -0.215533 0.243752 49 205 0
0.684341 -0.210454 0.244717 49 205 0
0.687615 -0.205642 0.245678 49 205 0
0.692455 -0.202664 0.24693 49 205 0
0.697497 -0.20457 0.248594 49 205 0
0.702755 -0.205903 0.250863 49 205 0
0.704126 -0.210913 0.251395 49 205 0
0.703612 -0.216851 0.251577 49 205 0
0.700348 -0.221344 0.250602 49 205 0
0.695136 -0.222639 0.248667 49 205 0
0.689769 -0.221459 0.246623 49 205 0
0.685309 -0.217866 0.245097 49 205 0
0.682228 -0.213156 0.243817 49 205 0
0.681834 -0.207236 0.243689 49 205 0
0.683262 -0.20168 0.244119 49 205 0
0.68622 -0.1966 0.245156 49 205 0
0.691461 -0.19432 0.246937 49 205 0
0.696698 -0.193376 0.249039 49 205 0
0.701439 -0.196442 0.250737 49 205 0
0.703684 -0.201535 0.251269 49 205 0
0.703959 -0.207502 0.251493 49 205 0
0.700246 -0.211607 0.250028 49 205 0
0.695076 -0.212841 0.248127 49 205 0
0.689703 -0.211597 0.246015 49 205 0
0.685093 -0.208376 0.244528 49 205 0
0.682876 -0.202838 0.243975 49 205 0
0.681818 -0.197092 0.243942 49 205 0
0.683617 -0.191567 0.245042 49 205 0
0.686362 -0.187106 0.24613 49 205 0
0.691195 -0.184264 0.248214 49 205 0
0.696796 -0.184398 0.250342 49 205 0
0.701448 -0.187096 0.252106 49 205 0
0.703225 -0.192709 0.252284 49 205 0
0.702531 -0.198249 0.251647 49 205 0
0.698262 -0.201383 0.249668 49 205 0
0.693045 -0.202743 0.247925 49 205 0
0.687833 -0.201041 0.246074 49 205 0
0.683629 -0.197087 0.244818 49 205 0
0.68127 -0.191672 0.244381 49 205 0
0.681027 -0.185704 0.244859 49 205 0
0.682635 -0.180267 0.24611 49 205 0
0.686536 -0.176424 0.248187 49 205 0
0.691401 -0.174103 0.250243 49 205 0
0.696729 -0.175729 0.252241 49 205 0
0.701383 -0.178181 0.253715 49 205 0
0.702099 -0.184018 0.253402 49 205 0
0.70108 -0.189823 0.252567 49 205 0
0.696436 -0.192645 0.250502 49 205 0
0.691326 -0.193551 0.24858 49 205 0
0.686261 -0.190891 0.246798 49 205 0
0.682998 -0.18602 0.245891 50 204 0
0.680065 -0.18092 0.245003 50 204 0
0.680847 -0.175554 0.246028 50 204 0
0.683084 -0.170215 0.247558 50 204 0
0.686407 -0.166587 0.249201 50 204 0
0.691362 -0.164392 0.251421 50 204 0
0.696585 -0.165855 0.253499 50 204 0
0.700589 -0.169028 0.254767 50 204 0
0.701616 -0.174346 0.254909 50 204 0
0.700432 -0.179856 0.254262 50 204 0
0.695831 -0.182579 0.252083 50 204 0
0.690798 -0.184214 0.250039 50 204 0
0.686022 -0.18181 0.248287 50 204 0
0.682152 -0.177495 0.246947 50 204 0
0.678996 -0.172532 0.245836 50 204 0
0.679568 -0.166865 0.246605 50 204 0
0.681791 -0.161469 0.247965 50 204 0
0.68498 -0.156813 0.249458 50 204 0
0.690164 -0.155746 0.251871 50 204 0
0.695715 -0.155862 0.254091 50 204 0
0.699127 -0.16017 0.255394 50 204 0
0.700057 -0.165649 0.255553 50 204 0
0.698052 -0.171022 0.254517 50 204 0
0.693535 -0.17414 0.252471 50 204 0
0.688037 -0.173981 0.250098 50 204 0
0.683343 -0.171017 0.248383 50 204 0
0.680565 -0.166059 0.247477 50 204 0
0.678196 -0.161077 0.2468 50 204 0
0.678777 -0.155303 0.247441 50 204 0
0.681322 -0.150097 0.248949 50 204 0
0.685357 -0.146525 0.250958 50 204 0
0.690785 -0.145831 0.253316 50 204 0
0.696032 -0.146468 0.255644 50 204 0
0.699747 -0.150924 0.256979 50 204 0
0.700113 -0.156861 0.25638 50 204 0
0.698236 -0.161909 0.255148 50 204 0
0.693729 -0.164238 0.253079 50 204 0
0.688269 -0.164095 0.250613 50 204 0
0.683538 -0.161817 0.249017 50 204 0
0.680479 -0.156728 0.248234 50 204 0
0.677818 -0.152008 0.247567 50 204 0
0.677777 -0.146086 0.248356 50 204 0
0.680115 -0.141318 0.250235 50 204 0
0.68389 -0.137312 0.252583 50 204 0
0.68898 -0.135944 0.255049 50 204 0
0.694076 -0.136609 0.256783 50 204 0
0.697951 -0.140749 0.257968 50 204 0
0.700199 -0.145236 0.257818 50 204 0
0.699613 -0.150878 0.256849 50 204 0
0.696267 -0.154016 0.254837 50 204 0
0.691576 -0.155648 0.252716 50 204 0
0.686658 -0.15407 0.250809 50 204 0
0.682103 -0.151144 0.249244 50 204 0
0.679525 -0.1466 0.249289 50 204 0
0.6773 -0.14167 0.2493 50 204 0
0.676838 -0.135976 0.249995 50 204 0
0.678564 -0.131532 0.251898 50 204 0
0.682197 -0.128553 0.254672 50 204 0
0.685899 -0.126116 0.2569 50 204 0
0.68351 -0.127434 0.255465 50 204 0
0.680101 -0.129428 0.253329 50 204 0
0.676677 -0.131412 0.251207 50 204 0
0.673239 -0.133434 0.249144 50 204 0
0.669789 -0.13544 0.247085 50 204 0
0.665752 -0.136367 0.256187 50 204 0
0.612143 -0.13736 0.23039 50 204 0
0.618381 -0.136651 0.222607 50 204 0
0.618381 -0.136651 0.222607 51 203 0
0.618848 -0.141779 0.221908 51 203 0
0.619321 -0.146415 0.22122 51 203 0
0.619708 -0.151075 0.220653 51 203 0
0.620043 -0.155747 0.220158 51 203 0
0.620283 -0.160436 0.219802 51 203 0
0.620423 -0.165139 0.219599 51 203 0
0.620487 -0.169849 0.21952 51 203 0
0.620454 -0.174558 0.219568 51 203 0
0.620012 -0.180065 0.218777 51 203 0
0.619867 -0.184764 0.217658 51 203 0
0.619652 -0.189427 0.216404 51 203 0
0.619451 -0.194095 0.215168 51 203 0
0.619285 -0.198802 0.214093 51 203 0
0.61904 -0.203537 0.213162 51 203 0
0.618633 -0.208287 0.212379 51 203 0
0.618067 -0.213043 0.211733 51 203 0
0.617408 -0.217793 0.211136 51 203 0
0.616761 -0.222542 0.210519 51 203 0
0.615973 -0.227269 0.209933 51 203 0
0.616639 -0.221985 0.210832 51 203 0
0.617456 -0.217309 0.211208 51 203 0
0.618125 -0.212628 0.211785 51 203 0
0.618672 -0.207939 0.212428 51 203 0
0.619059 -0.203258 0.213213 51 203 0
0.619428 -0.198636 0.214282 51 203 0
0.619791 -0.194061 0.215554 51 203 0
0.620008 -0.189475 0.216821 51 203 0
0.620356 -0.184981 0.218361 51 203 0
0.620578 -0.180025 0.219416 51 203 0
0.62057 -0.17522 0.219396 51 203 0
0.620503 -0.170417 0.219497 51 203 0
0.620417 -0.165614 0.21961 51 203 0
0.620283 -0.160815 0.219802 51 203 0
0.620058 -0.156029 0.220135 51 203 0
0.619725 -0.151261 0.220628 51 203 0
0.619335 -0.146506 0.2212 51 203 0
0.618848 -0.141779 0.221908 51 203 0
0.617496 -0.124352 0.223826 51 203 0
0.622298 -0.125954 0.226007 51 203 0
0.625164 -0.129988 0.226947 51 203 0
0.627113 -0.135237 0.227321 51 203 0
0.625911 -0.140362 0.2258 51 203 0
0.62346 -0.145237 0.22373 51 203 0
0.619127 -0.147002 0.220517 51 203 0
0.614862 -0.149005 0.217474 51 203 0
0.610343 -0.146591 0.214589 51 203 0
0.606033 -0.144533 0.212103 51 203 0
0.602907 -0.139636 0.210484 51 203 0
0.602628 -0.133831 0.210905 51 203 0
0.604071 -0.128167 0.212301 51 203 0
0.607684 -0.1247 0.215133 51 203 0
0.612291 -0.125605 0.218441 51 203 0
0.615814 -0.129902 0.220546 51 203 0
0.617369 -0.13548 0.221061 51 203 0
0.615723 -0.140445 0.219167 51 203 0
0.614134 -0.144879 0.217231 51 203 0
0.610119 -0.14718 0.213391 51 203 0
0.605807 -0.149126 0.209782 51 203 0
0.602064 -0.146682 0.20625 51 203 0
0.598453 -0.143122 0.202985 51 203 0
0.595907 -0.139104 0.200644 51 203 0
0.595119 -0.133357 0.200182 51 203 0
0.595474 -0.12863 0.201214 51 203 0
0.597858 -0.125984 0.204339 51 203 0
0.600463 -0.124415 0.208247 51 203 0
0.602829 -0.125977 0.211339 51 203 0
0.606079 -0.129112 0.213928 51 203 0
0.608617 -0.133166 0.215154 52 202 0
0.609063 -0.139109 0.214686 52 202 0
0.609008 -0.14474 0.213101 52 202 0
0.607479 -0.149053 0.210532 52 202 0
0.604723 -0.152306 0.206749 52 202 0
0.600598 -0.152356 0.202462 52 202 0
0.596859 -0.150995 0.198536 52 202 0
0.593927 -0.147172 0.1962 52 202 0
0.592162 -0.141735 0.195698 52 202 0
0.594394 -0.137057 0.198362 52 202 0
0.597323 -0.134248 0.202091 52 202 0
0.601593 -0.134124 0.206254 52 202 0
0.605087 -0.137686 0.209163 52 202 0
0.608062 -0.142116 0.211166 52 202 0
0.609907 -0.147369 0.211636 52 202 0
0.608918 -0.152871 0.209886 52 202 0
0.607009 -0.15788 0.207288 52 202 0
0.6034 -0.160781 0.20373 52 202 0
0.599578 -0.161599 0.199948 52 202 0
0.595712 -0.160174 0.196385 52 202 0
0.592881 -0.155475 0.194247 52 202 0
0.592655 -0.149639 0.194651 52 202 0
0.593993 -0.145088 0.196641 52 202 0
0.597717 -0.142552 0.200164 52 202 0
0.602226 -0.143541 0.20378 52 202 0
0.605668 -0.147496 0.206471 52 202 0
0.608078 -0.152653 0.20787 52 202 0
0.60871 -0.158526 0.207609 52 202 0
0.608276 -0.164162 0.206309 52 202 0
0.605368 -0.168174 0.203279 52 202 0
0.601414 -0.170759 0.199627 52 202 0
0.597248 -0.170965 0.195355 52 202 0
0.59349 -0.167505 0.192521 52 202 0
0.591948 -0.161977 0.191423 52 202 0
0.591582 -0.156037 0.191907 52 202 0
0.594416 -0.152348 0.194531 52 202 0
0.598563 -0.150915 0.198333 52 202 0
0.602811 -0.153164 0.201843 52 202 0
0.60518 -0.157886 0.203756 52 202 0
0.607513 -0.163103 0.205027 52 202 0
0.608 -0.16901 0.204397 52 202 0
0.607076 -0.174538 0.202792 52 202 0
0.603562 -0.177711 0.199204 52 202 0
0.599708 -0.178434 0.194964 52 202 0
0.595459 -0.17742 0.191008 52 202 0
0.592065 -0.174041 0.188341 52 202 0
0.590784 -0.168598 0.187715 52 202 0
0.592184 -0.16357 0.189426 52 202 0
0.595469 -0.160966 0.193325 52 202 0
0.599501 -0.16082 0.197709 52 202 0
0.603823 -0.163056 0.201095 52 202 0
0.606182 -0.167949 0.202976 52 202 0
0.607227 -0.173699 0.203405 52 202 0
0.606538 -0.179105 0.201888 52 202 0
0.604704 -0.183983 0.199122 52 202 0
0.602015 -0.186814 0.195009 52 202 0
0.598632 -0.187949 0.191039 52 202 0
0.594881 -0.1868 0.186979 52 202 0
0.592378 -0.182537 0.184186 52 202 0
0.590241 -0.178447 0.183064 52 202 0
0.591866 -0.173624 0.184737 52 202 0
0.593088 -0.170697 0.187617 52 202 0
0.595393 -0.168553 0.190153 52 202 0
0.597878 -0.16844 0.194204 52 202 0
0.599934 -0.170901 0.196994 52 202 0
0.602842 -0.173154 0.199575 52 202 0
0.605195 -0.177876 0.201304 52 202 0
0.606903 -0.183279 0.201616 53 201 0
0.606309 -0.188787 0.200086 53 201 0
0.604786 -0.193405 0.197257 53 201 0
0.602493 -0.1961 0.193332 53 201 0
0.598915 -0.197971 0.189198 53 201 0
0.594783 -0.196719 0.185273 53 201 0
0.592767 -0.192566 0.183269 53 201 0
0.590437 -0.187542 0.182334 53 201 0
0.592255 -0.183031 0.18457 53 201 0
0.595103 -0.180353 0.188271 53 201 0
0.599064 -0.178607 0.192182 53 201 0
0.602666 -0.181978 0.195471 53 201 0
0.605903 -0.185963 0.198088 53 201 0
0.607937 -0.191439 0.199432 53 201 0
0.607685 -0.197132 0.198699 53 201 0
0.606218 -0.202594 0.196745 53 201 0
0.603893 -0.207057 0.193808 53 201 0
0.599884 -0.208165 0.189657 53 201 0
0.59566 -0.207032 0.185758 53 201 0
0.591891 -0.203746 0.182787 53 201 0
0.591245 -0.198225 0.182384 53 201 0
0.592584 -0.192601 0.183792 53 201 0
0.596797 -0.191208 0.187574 53 201 0
0.601008 -0.190612 0.191556 53 201 0
0.604365 -0.193994 0.194765 53 201 0
0.607565 -0.198313 0.19742 53 201 0
0.608723 -0.203969 0.198545 53 201 0
0.607803 -0.209823 0.197823 53 201 0
0.605979 -0.215207 0.195995 53 201 0
0.603024 -0.219356 0.193308 53 201 0
0.598704 -0.220552 0.189491 53 201 0
0.594759 -0.21793 0.185982 53 201 0
0.592369 -0.213196 0.183373 53 201 0
0.591522 -0.207429 0.182591 53 201 0
0.594695 -0.203217 0.185106 53 201 0
0.597894 -0.200075 0.188117 53 201 0
0.602039 -0.201996 0.191703 53 201 0
0.605705 -0.205102 0.195164 53 201 0
0.608218 -0.210017 0.197395 53 201 0
0.608841 -0.215786 0.198288 53 201 0
0.607291 -0.221479 0.197272 53 201 0
0.60449 -0.225985 0.19489 53 201 0
0.60204 -0.230489 0.192454 53 201 0
0.597722 -0.229938 0.188395 53 201 0
0.593643 -0.227448 0.184777 53 201 0
0.591487 -0.222875 0.182574 53 201 0
0.592508 -0.217313 0.183264 53 201 0
0.595092 -0.21267 0.185972 53 201 0
0.599405 -0.211698 0.189939 53 201 0
0.603277 -0.213545 0.193687 53 201 0
0.606801 -0.216875 0.196922 53 201 0
0.608667 -0.222323 0.198509 53 201 0
0.60882 -0.228297 0.198439 53 201 0
0.607148 -0.23362 0.196655 53 201 0
0.605128 -0.238494 0.193909 53 201 0
0.601448 -0.240133 0.190074 53 201 0
0.597766 -0.240897 0.186613 53 201 0
0.594096 -0.238796 0.183101 53 201 0
0.59204 -0.23491 0.181269 53 201 0
0.592075 -0.22894 0.181556 53 201 0
0.59424 -0.22451 0.183975 53 201 0
0.596784 -0.222495 0.187511 53 201 0
0.599801 -0.222927 0.191345 53 201 0
0.603636 -0.224083 0.195155 53 201 0
0.607881 -0.226716 0.197386 53 201 0
0.609352 -0.232468 0.197722 53 201 0
0.609054 -0.238357 0.196743 53 201 0
0.606409 -0.242851 0.19409 54 200 0
0.603053 -0.246343 0.190629 54 200 0
0.598554 -0.246343 0.186976 54 200 0
0.594489 -0.242994 0.183996 54 200 0
0.591681 -0.238365 0.182048 54 200 0
0.59174 -0.232307 0.182229 54 200 0
0.593995 -0.227121 0.184183 54 200 0
0.59666 -0.222434 0.186908 54 200 0
0.600134 -0.222927 0.190768 54 200 0
0.603217 -0.222683 0.195136 54 200 0
0.605686 -0.224894 0.197383 54 200 0
0.607672 -0.228906 0.198691 54 200 0
0.60907 -0.234138 0.198447 54 200 0
0.608272 -0.23803 0.196331 54 200 0
0.60499 -0.239833 0.193106 54 200 0
0.601876 -0.242378 0.189805 54 200 0
0.598188 -0.239417 0.18654 54 200 0
0.59457 -0.236706 0.183679 54 200 0
0.592942 -0.231357 0.182441 54 200 0
0.592235 -0.226057 0.182345 54 200 0
0.593697 -0.220788 0.183938 54 200 0
0.596163 -0.216633 0.186539 54 200 0
0.59905 -0.213059 0.190082 54 200 0
0.603256 -0.212769 0.194339 54 200 0
0.606715 -0.215554 0.197828 54 200 0
0.608786 -0.21937 0.199903 54 200 0
0.608341 -0.224353 0.199321 54 200 0
0.606919 -0.229449 0.197346 54 200 0
0.603381 -0.231749 0.193972 54 200 0
0.599961 -0.230571 0.190567 54 200 0
0.596377 -0.228011 0.186878 54 200 0
0.593766 -0.223517 0.184263 54 200 0
0.592823 -0.217789 0.183335 54 200 0
0.593638 -0.211957 0.184023 54 200 0
0.595823 -0.206886 0.186187 54 200 0
0.599098 -0.203186 0.189181 54 200 0
0.603191 -0.203091 0.193478 54 200 0
0.607397 -0.204336 0.197456 54 200 0
0.609278 -0.209569 0.199535 54 200 0
0.609706 -0.215276 0.200214 54 200 0
0.607491 -0.220242 0.19826 54 200 0
0.603524 -0.222151 0.194584 54 200 0
0.599379 -0.222302 0.190758 54 200 0
0.596357 -0.218207 0.187564 54 200 0
0.594197 -0.213039 0.185409 54 200 0
0.593631 -0.207173 0.184849 54 200 0
0.594375 -0.201421 0.185684 54 200 0
0.596526 -0.196329 0.18786 54 200 0
0.600413 -0.193438 0.191414 54 200 0
0.604614 -0.193224 0.195313 54 200 0
0.608405 -0.196118 0.19891 54 200 0
0.609977 -0.201466 0.2006 54 200 0
0.610183 -0.206964 0.200348 54 200 0
0.607597 -0.210917 0.197677 54 200 0
0.603699 -0.212474 0.193898 54 200 0
0.599407 -0.210607 0.190344 54 200 0
0.596066 -0.20655 0.187495 54 200 0
0.593901 -0.201154 0.186024 54 200 0
0.59318 -0.195316 0.185836 54 200 0
0.594571 -0.189812 0.187393 54 200 0
0.598086 -0.186328 0.190692 54 200 0
0.601413 -0.182854 0.194167 54 200 0
0.605425 -0.184189 0.198084 54 200 0
0.609581 -0.186415 0.201487 54 200 0
0.611313 -0.191726 0.202779 54 200 0
0.610104 -0.197119 0.201534 54 200 0
0.607631 -0.201482 0.198434 54 200 0
0.603366 -0.202825 0.194651 54 200 0
0.599524 -0.200207 0.191248 55 199 0
0.596248 -0.195969 0.188807 55 199 0
0.594198 -0.190459 0.187618 55 199 0
0.593864 -0.184526 0.188179 55 199 0
0.595614 -0.179298 0.190113 55 199 0
0.598868 -0.175796 0.193469 55 199 0
0.602691 -0.174151 0.197563 55 199 0
0.606768 -0.175307 0.201437 55 199 0
0.609797 -0.179745 0.203827 55 199 0
0.610726 -0.185409 0.203889 55 199 0
0.608197 -0.190033 0.20129 55 199 0
0.604403 -0.192652 0.197587 55 199 0
0.600285 -0.190924 0.193831 55 199 0
0.596463 -0.187351 0.190947 55 199 0
0.594011 -0.182666 0.189456 55 199 0
0.593417 -0.176811 0.189744 55 199 0
0.594324 -0.171052 0.19118 55 199 0
0.596668 -0.166721 0.193787 55 199 0
0.60039 -0.164065 0.197583 55 199 0
0.604794 -0.164092 0.201669 55 199 0
0.608368 -0.167012 0.205017 55 199 0
0.610906 -0.171949 0.206864 55 199 0
0.610574 -0.17771 0.205899 55 199 0
0.60747 -0.181537 0.202744 55 199 0
0.603268 -0.182463 0.19882 55 199 0
0.599336 -0.181079 0.195347 55 199 0
0.596085 -0.176869 0.192989 55 199 0
0.594375 -0.171184 0.192122 55 199 0
0.593568 -0.165296 0.192304 55 199 0
0.594893 -0.15984 0.19435 55 199 0
0.597887 -0.15581 0.197464 55 199 0
0.601809 -0.154062 0.201435 55 199 0
0.605838 -0.154956 0.205207 55 199 0
0.609048 -0.159259 0.207897 55 199 0
0.610197 -0.164757 0.208347 55 199 0
0.608951 -0.170095 0.206358 55 199 0
0.605603 -0.172375 0.20306 55 199 0
0.601247 -0.172208 0.198962 55 199 0
0.597454 -0.169355 0.195948 55 199 0
0.594237 -0.165038 0.19378 55 199 0
0.593651 -0.159104 0.193846 55 199 0
0.593584 -0.153385 0.194745 55 199 0
0.595688 -0.148543 0.197578 55 199 0
0.599044 -0.145113 0.20114 55 199 0
0.602919 -0.144017 0.205368 55 199 0
0.606828 -0.146089 0.209024 55 199 0
0.60961 -0.150849 0.211077 55 199 0
0.610463 -0.156592 0.210748 55 199 0
0.607928 -0.161058 0.207733 55 199 0
0.604498 -0.164038 0.203994 55 199 0
0.60036 -0.162158 0.200201 55 199 0
0.596884 -0.159363 0.197002 55 199 0
0.594466 -0.154136 0.195318 55 199 0
0.592938 -0.148396 0.194678 55 199 0
0.594258 -0.14339 0.196765 55 199 0
0.595185 -0.138094 0.199019 55 199 0
0.598001 -0.135469 0.202849 55 199 0
0.601953 -0.134091 0.206863 55 199 0
0.605243 -0.135856 0.210967 55 199 0
0.607739 -0.139366 0.213004 55 199 0
0.610306 -0.14398 0.214172 55 199 0
0.609392 -0.14908 0.212475 55 199 0
0.607238 -0.152605 0.20944 55 199 0
0.60356 -0.153909 0.205345 55 199 0
0.59991 -0.152413 0.201552 55 199 0
0.597165 -0.148702 0.198704 55 199 0
0.595533 -0.144388 0.197238 55 199 0
0.594305 -0.139011 0.196778 56 198 0
0.594431 -0.133699 0.197932 56 198 0
0.59513 -0.128958 0.199944 56 198 0
0.596508 -0.126331 0.202082 56 198 0
0.598156 -0.125977 0.204837 56 198 0
0.600329 -0.124415 0.208479 56 198 0
0.602029 -0.125205 0.210433 56 198 0
0.605421 -0.127865 0.21346 56 198 0
0.608933 -0.130584 0.216284 56 198 0
0.612669 -0.133218 0.218898 56 198 0
0.616614 -0.135426 0.221574 56 198 0
0.61039 -0.136207 0.229362 56 198 0
0.663048 -0.137529 0.255922 56 198 0
0.667155 -0.136668 0.246845 56 198 0
0.668027 -0.141935 0.245047 56 198 0
0.668238 -0.146566 0.244612 56 198 0
0.668379 -0.151214 0.244287 56 198 0
0.668464 -0.155868 0.244025 56 198 0
0.668545 -0.160528 0.243929 56 198 0
0.668604 -0.16519 0.243958 56 198 0
0.668569 -0.169852 0.243993 56 198 0
0.668547 -0.174511 0.24402 56 198 0
0.668649 -0.179725 0.243813 56 198 0
0.669477 -0.184377 0.2432 56 198 0
0.669975 -0.189083 0.242649 56 198 0
0.670532 -0.19379 0.242155 56 198 0
0.671058 -0.198509 0.241758 56 198 0
0.671408 -0.203254 0.241575 56 198 0
0.671513 -0.208016 0.241583 56 198 0
0.671488 -0.21278 0.241689 56 198 0
0.671532 -0.217543 0.241803 56 198 0
0.671627 -0.222307 0.241757 56 198 0
0.671634 -0.22707 0.24178 56 198 0
0.671507 -0.22198 0.242225 56 198 0
0.671504 -0.216672 0.241829 56 198 0
0.671447 -0.211354 0.241644 56 198 0
0.671107 -0.206049 0.241391 56 198 0
0.670808 -0.200737 0.241491 56 198 0
0.670277 -0.195454 0.24186 56 198 0
0.669615 -0.190201 0.242399 56 198 0
0.669115 -0.184976 0.243167 56 198 0
0.668649 -0.179725 0.243813 56 198 0
0.668546 -0.174995 0.243819 56 198 0
0.668578 -0.170266 0.243968 56 198 0
0.668603 -0.165535 0.243961 56 198 0
0.66855 -0.160804 0.243931 56 198 0
0.668467 -0.156075 0.244016 56 198 0
0.668382 -0.151352 0.244277 56 198 0
0.668243 -0.146635 0.244609 56 198 0
0.668027 -0.141935 0.245047 56 198 0
0.665858 -0.124349 0.247971 56 198 0
0.670885 -0.125665 0.249982 56 198 0
0.675343 -0.128155 0.251366 56 198 0
0.678638 -0.131961 0.251893 56 198 0
0.681175 -0.137263 0.252181 56 198 0
0.680623 -0.14304 0.251199 56 198 0
0.67734 -0.14663 0.248941 56 198 0
0.672999 -0.149152 0.246653 56 198 0
0.668154 -0.146894 0.244688 56 198 0
0.664613 -0.142076 0.243418 56 198 0
0.665451 -0.137012 0.244513 56 198 0
0.666189 -0.131395 0.245398 56 198 0
0.670245 -0.127986 0.247901 56 198 0
0.675182 -0.125977 0.250539 56 198 0
0.680656 -0.126043 0.253257 56 198 0
0.685487 -0.128193 0.255346 56 198 0
0.688844 -0.133123 0.256348 56 198 0
0.690536 -0.138769 0.256456 57 197 0
0.690472 -0.144436 0.255593 57 197 0
0.686603 -0.14817 0.252931 57 197 0
0.681695 -0.149168 0.250185 57 197 0
0.677077 -0.146394 0.248308 57 197 0
0.674983 -0.140918 0.248163 57 197 0
0.675036 -0.134999 0.249243 57 197 0
0.677954 -0.13035 0.251851 57 197 0
0.681582 -0.127949 0.254419 57 197 0
0.685836 -0.126116 0.257009 57 197 0
0.68966 -0.127551 0.257788 57 197 0
0.694068 -0.130047 0.258712 57 197 0
0.697176 -0.134319 0.258762 57 197 0
0.699122 -0.139582 0.258576 57 197 0
0.69828 -0.144749 0.257103 57 197 0
0.696385 -0.150218 0.255651 57 197 0
0.692456 -0.154105 0.253642 57 197 0
0.687302 -0.155388 0.251069 57 197 0
0.683136 -0.153927 0.249548 57 197 0
0.679375 -0.150305 0.248518 57 197 0
0.677603 -0.145283 0.248364 57 197 0
0.679469 -0.139781 0.249734 57 197 0
0.684004 -0.137381 0.25211 57 197 0
0.689213 -0.135856 0.254348 57 197 0
0.693444 -0.139438 0.255917 57 197 0
0.697537 -0.143198 0.257504 57 197 0
0.699472 -0.148815 0.257745 57 197 0
0.699611 -0.15478 0.257078 57 197 0
0.696778 -0.159461 0.255176 57 197 0
0.693537 -0.164243 0.25353 57 197 0
0.688638 -0.166629 0.251053 57 197 0
0.68365 -0.164931 0.248768 57 197 0
0.679632 -0.160824 0.247124 57 197 0
0.67822 -0.155308 0.246787 57 197 0
0.680399 -0.150857 0.247966 57 197 0
0.685087 -0.14785 0.250198 57 197 0
0.690046 -0.147215 0.252463 57 197 0
0.694337 -0.150792 0.254307 57 197 0
0.698774 -0.154162 0.256125 57 197 0
0.700202 -0.15977 0.256479 57 197 0
0.699955 -0.165752 0.256045 57 197 0
0.697267 -0.170791 0.254525 57 197 0
0.69327 -0.174419 0.252634 57 197 0
0.688284 -0.176518 0.250205 57 197 0
0.683029 -0.174949 0.248099 57 197 0
0.678965 -0.171056 0.246301 57 197 0
0.678575 -0.165245 0.246401 57 197 0
0.681426 -0.160663 0.247819 57 197 0
0.685856 -0.158673 0.249756 57 197 0
0.69098 -0.158173 0.251875 57 197 0
0.695659 -0.16132 0.253609 57 197 0
0.698894 -0.16622 0.254354 57 197 0
0.700579 -0.171811 0.254437 57 197 0
0.700174 -0.177487 0.253724 57 197 0
0.697627 -0.182685 0.252242 57 197 0
0.693706 -0.186182 0.250418 57 197 0
0.688163 -0.186471 0.248276 57 197 0
0.6828 -0.186041 0.246814 57 197 0
0.67956 -0.181962 0.246519 57 197 0
0.678384 -0.176281 0.246667 57 197 0
0.680481 -0.172414 0.247891 57 197 0
0.683779 -0.169396 0.249013 57 197 0
0.688851 -0.168987 0.250487 57 197 0
0.693409 -0.170008 0.251927 57 197 0
0.697658 -0.172482 0.252701 57 197 0
0.701283 -0.175906 0.253488 57 197 0
0.702212 -0.181605 0.25288 57 197 0
0.701853 -0.187071 0.251544 57 197 0
0.700157 -0.192114 0.250457 58 196 0
0.696863 -0.196246 0.249216 58 196 0
0.692482 -0.198607 0.247753 58 196 0
0.68704 -0.197762 0.245944 58 196 0
0.682618 -0.193783 0.245302 58 196 0
0.67916 -0.189211 0.244511 58 196 0
0.680659 -0.183927 0.245523 58 196 0
0.685164 -0.180495 0.247479 58 196 0
0.690536 -0.179198 0.249114 58 196 0
0.695896 -0.180921 0.250955 58 196 0
0.699478 -0.185041 0.251588 58 196 0
0.7027 -0.190017 0.252358 58 196 0
0.703156 -0.195879 0.252053 58 196 0
0.701864 -0.201645 0.251285 58 196 0
0.698574 -0.206276 0.249667 58 196 0
0.693451 -0.208389 0.247537 58 196 0
0.687963 -0.208276 0.245254 58 196 0
0.683198 -0.205683 0.243858 58 196 0
0.681884 -0.199933 0.243697 58 196 0
0.683259 -0.194379 0.24433 58 196 0
0.687377 -0.190651 0.245838 58 196 0
0.69298 -0.191028 0.247903 58 196 0
0.698313 -0.192481 0.250052 58 196 0
0.701555 -0.197135 0.251215 58 196 0
0.703465 -0.20263 0.251962 58 196 0
0.703723 -0.208616 0.252072 58 196 0
0.700784 -0.213363 0.250769 58 196 0
0.696479 -0.217105 0.248972 58 196 0
0.691487 -0.219169 0.247129 58 196 0
0.686364 -0.218109 0.244981 58 196 0
0.682295 -0.214046 0.243411 58 196 0
0.682297 -0.208174 0.243373 58 196 0
0.684761 -0.203013 0.244184 58 196 0
0.689847 -0.200998 0.246022 58 196 0
0.695351 -0.201103 0.248394 58 196 0
0.69938 -0.204564 0.249987 58 196 0
0.702304 -0.209679 0.2511 58 196 0
0.703722 -0.215138 0.251598 58 196 0
0.703339 -0.220995 0.251433 58 196 0
0.699905 -0.225733 0.250146 58 196 0
0.694988 -0.228498 0.248392 58 196 0
0.689486 -0.229271 0.246624 58 196 0
0.684284 -0.227509 0.244428 58 196 0
0.682234 -0.22272 0.243731 58 196 0
0.682703 -0.217473 0.243903 58 196 0
0.68656 -0.213259 0.245417 58 196 0
0.691682 -0.211031 0.247139 58 196 0
0.696726 -0.213276 0.248638 58 196 0
0.701724 -0.215994 0.250483 58 196 0
0.704027 -0.220955 0.250919 58 196 0
0.705095 -0.226274 0.251039 58 196 0
0.704787 -0.232124 0.250682 58 196 0
0.701476 -0.236303 0.248858 58 196 0
0.697968 -0.240619 0.247152 58 196 0
0.69255 -0.240679 0.244734 58 196 0
0.687604 -0.239378 0.243445 58 196 0
0.684434 -0.235646 0.243085 58 196 0
0.682224 -0.230636 0.243606 58 196 0
0.684387 -0.22635 0.2456 58 196 0
0.687888 -0.222346 0.246908 58 196 0
0.692913 -0.222463 0.248199 58 196 0
0.698699 -0.222775 0.249082 58 196 0
0.702997 -0.22687 0.250395 58 196 0
0.704986 -0.232258 0.250865 58 196 0
0.705255 -0.238096 0.250718 58 196 0
0.70309 -0.243277 0.24945 58 196 0
0.69818 -0.245919 0.24702 58 196 0
0.692716 -0.246328 0.244683 59 195 0
0.687739 -0.243445 0.24303 59 195 0
0.684882 -0.238178 0.242427 59 195 0
0.683175 -0.232876 0.242441 59 195 0
0.685023 -0.22736 0.244124 59 195 0
0.688182 -0.223925 0.246472 59 195 0
0.692697 -0.222463 0.248572 59 195 0
0.697918 -0.222732 0.24939 59 195 0
0.701677 -0.224587 0.250091 59 195 0
0.704625 -0.228023 0.250418 59 195 0
0.705494 -0.232144 0.250172 59 195 0
0.704217 -0.23658 0.24935 59 195 0
0.701203 -0.239902 0.248221 59 195 0
0.695926 -0.240642 0.24628 59 195 0
0.69064 -0.240158 0.244743 59 195 0
0.68649 -0.236049 0.243692 59 195 0
0.683937 -0.232261 0.243816 59 195 0
0.681551 -0.227075 0.243717 59 195 0
0.683316 -0.222255 0.244977 59 195 0
0.68587 -0.217444 0.245655 59 195 0
0.689853 -0.214267 0.246601 59 195 0
0.694888 -0.212834 0.248176 59 195 0
0.700105 -0.214613 0.249728 59 195 0
0.703763 -0.217761 0.250798 59 195 0
0.70543 -0.223191 0.251549 59 195 0
0.702568 -0.227967 0.250373 59 195 0
0.698259 -0.230605 0.248837 59 195 0
0.694198 -0.232188 0.247736 59 195 0
0.689053 -0.230051 0.24627 59 195 0
0.685181 -0.225752 0.244927 59 195 0
0.681438 -0.221504 0.243449 59 195 0
0.681804 -0.215533 0.243752 59 195 0
0.684341 -0.210454 0.244717 59 195 0
0.687615 -0.205642 0.245678 59 195 0
0.692455 -0.202664 0.24693 59 195 0
0.697497 -0.20457 0.248594 59 195 0
0.702755 -0.205903 0.250863 59 195 0
0.704126 -0.210913 0.251395 59 195 0
0.703612 -0.216851 0.251577 59 195 0
0.700348 -0.221344 0.250602 59 195 0
0.695136 -0.222639 0.248667 59 195 0
0.689769 -0.221459 0.246623 59 195 0
0.685309 -0.217866 0.245097 59 195 0
0.682228 -0.213156 0.243817 59 195 0
0.681834 -0.207236 0.243689 59 195 0
0.683262 -0.20168 0.244119 59 195 0
0.68622 -0.1966 0.245156 59 195 0
0.691461 -0.19432 0.246937 59 195 0
0.696698 -0.193376 0.249039 59 195 0
0.701439 -0.196442 0.250737 59 195 0
0.703684 -0.201535 0.251269 59 195 0
0.703959 -0.207502 0.251493 59 195 0
0.700246 -0.211607 0.250028 59 195 0
0.695076 -0.212841 0.248127 59 195 0
0.689703 -0.211597 0.246015 59 195 0
0.685093 -0.208376 0.244528 59 195 0
0.682876 -0.202838 0.243975 59 195 0
0.681818 -0.197092 0.243942 59 195 0
0.683617 -0.191567 0.245042 59 195 0
0.686362 -0.187106 0.24613 59 195 0
0.691195 -0.184264 0.248214 59 195 0
0.696796 -0.184398 0.250342 59 195 0
0.701448 -0.187096 0.252106 59 195 0
0.703225 -0.192709 0.252284 59 195 0
0.702531 -0.198249 0.251647 59 195 0
0.698262 -0.201383 0.249668 59 195 0
0.693045 -0.202743 0.247925 59 195 0
0.687833 -0.201041 0.246074 60 194 0
0.683629 -0.197087 0.244818 60 194 0
0.68127 -0.191672 0.244381 60 194 0
0.681027 -0.185704 0.244859 60 194 0
0.682635 -0.180267 0.24611 60 194 0
0.686536 -0.176424 0.248187 60 194 0
0.691401 -0.174103 0.250243 60 194 0
0.696729 -0.175729 0.252241 60 194 0
0.701383 -0.178181 0.253715 60 194 0
0.702099 -0.184018 0.253402 60 194 0
0.70108 -0.189823 0.252567 60 194 0
0.696436 -0.192645 0.250502 60 194 0
0.691326 -0.193551 0.24858 60 194 0
0.686261 -0.190891 0.246798 60 194 0
0.682998 -0.18602 0.245891 60 194 0
0.680065 -0.18092 0.245003 60 194 0
0.680847 -0.175554 0.246028 60 194 0
0.683084 -0.170215 0.247558 60 194 0
0.686407 -0.166587 0.249201 60 194 0
0.691362 -0.164392 0.251421 60 194 0
0.696585 -0.165855 0.253499 60 194 0
0.700589 -0.169028 0.254767 60 194 0
0.701616 -0.174346 0.254909 60 194 0
0.700432 -0.179856 0.254262 60 194 0
0.695831 -0.182579 0.252083 60 194 0
0.690798 -0.184214 0.250039 60 194 0
0.686022 -0.18181 0.248287 60 194 0
0.682152 -0.177495 0.246947 60 194 0
0.678996 -0.172532 0.245836 60 194 0
0.679568 -0.166865 0.246605 60 194 0
0.681791 -0.161469 0.247965 60 194 0
0.68498 -0.156813 0.249458 60 194 0
0.690164 -0.155746 0.251871 60 194 0
0.695715 -0.155862 0.254091 60 194 0
0.699127 -0.16017 0.255394 60 194 0
0.700057 -0.165649 0.255553 60 194 0
0.698052 -0.171022 0.254517 60 194 0
0.693535 -0.17414 0.252471 60 194 0
0.688037 -0.173981 0.250098 60 194 0
0.683343 -0.171017 0.248383 60 194 0
0.680565 -0.166059 0.247477 60 194 0
0.678196 -0.161077 0.2468 60 194 0
0.678777 -0.155303 0.247441 60 194 0
0.681322 -0.150097 0.248949 60 194 0
0.685357 -0.146525 0.250958 60 194 0
0.690785 -0.145831 0.253316 60 194 0
0.696032 -0.146468 0.255644 60 194 0
0.699747 -0.150924 0.256979 60 194 0
0.700113 -0.156861 0.25638 60 194 0
0.698236 -0.161909 0.255148 60 194 0
0.693729 -0.164238 0.253079 60 194 0
0.688269 -0.164095 0.250613 60 194 0
0.683538 -0.161817 0.249017 60 194 0
0.680479 -0.156728 0.248234 60 194 0
0.677818 -0.152008 0.247567 60 194 0
0.677777 -0.146086 0.248356 60 194 0
0.680115 -0.141318 0.250235 60 194 0
0.68389 -0.137312 0.252583 60 194 0
0.68898 -0.135944 0.255049 60 194 0
0.694076 -0.136609 0.256783 60 194 0
0.697951 -0.140749 0.257968 60 194 0
0.700199 -0.145236 0.257818 60 194 0
0.699613 -0.150878 0.256849 60 194 0
0.696267 -0.154016 0.254837 60 194 0
0.691576 -0.155648 0.252716 60 194 0
0.686658 -0.15407 0.250809 60 194 0
0.682103 -0.151144 0.249244 60 194 0
0.679525 -0.1466 0.249289 60 194 0
0.6773 -0.14167 0.2493 61 193 0
0.676838 -0.135976 0.249995 61 193 0
0.678564 -0.131532 0.251898 61 193 0
0.682197 -0.128553 0.254672 61 193 0
0.685899 -0.126116 0.2569 61 193 0
0.68351 -0.127434 0.255465 61 193 0
0.680101 -0.129428 0.253329 61 193 0
0.676677 -0.131412 0.251207 61 193 0
0.673239 -0.133434 0.249144 61 193 0
0.669789 -0.13544 0.247085 61 193 0
0.665752 -0.136367 0.256187 61 193 0
0.612143 -0.13736 0.23039 61 193 0
0.618381 -0.136651 0.222607 61 193 0
0.618381 -0.136651 0.222607 61 193 0
0.618848 -0.141779 0.221908 61 193 0
0.619321 -0.146415 0.22122 61 193 0
0.619708 -0.151075 0.220653 61 193 0
0.620043 -0.155747 0.220158 61 193 0
0.620283 -0.160436 0.219802 61 193 0
0.620423 -0.165139 0.219599 61 193 0
0.620487 -0.169849 0.21952 61 193 0
0.620454 -0.174558 0.219568 61 193 0
0.620012 -0.180065 0.218777 61 193 0
0.619867 -0.184764 0.217658 61 193 0
0.619652 -0.189427 0.216404 61 193 0
0.619451 -0.194095 0.215168 61 193 0
0.619285 -0.198802 0.214093 61 193 0
0.61904 -0.203537 0.213162 61 193 0
0.618633 -0.208287 0.212379 61 193 0
0.618067 -0.213043 0.211733 61 193 0
0.617408 -0.217793 0.211136 61 193 0
0.616761 -0.222542 0.210519 61 193 0
0.615973 -0.227269 0.209933 61 193 0
0.616639 -0.221985 0.210832 61 193 0
0.617456 -0.217309 0.211208 61 193 0
0.618125 -0.212628 0.211785 61 193 0
0.618672 -0.207939 0.212428 61 193 0
0.619059 -0.203258 0.213213 61 193 0
0.619428 -0.198636 0.214282 61 193 0
0.619791 -0.194061 0.215554 61 193 0
0.620008 -0.189475 0.216821 61 193 0
0.620356 -0.184981 0.218361 61 193 0
0.620578 -0.180025 0.219416 61 193 0
0.62057 -0.17522 0.219396 61 193 0
0.620503 -0.170417 0.219497 61 193 0
0.620417 -0.165614 0.21961 61 193 0
0.620283 -0.160815 0.219802 61 193 0
0.620058 -0.156029 0.220135 61 193 0
0.619725 -0.151261 0.220628 61 193 0
0.619335 -0.146506 0.2212 61 193 0
0.618848 -0.141779 0.221908 61 193 0
0.617496 -0.124352 0.223826 61 193 0
0.622298 -0.125954 0.226007 61 193 0
0.625164 -0.129988 0.226947 61 193 0
0.627113 -0.135237 0.227321 61 193 0
0.625911 -0.140362 0.2258 61 193 0
0.62346 -0.145237 0.22373 61 193 0
0.619127 -0.147002 0.220517 61 193 0
0.614862 -0.149005 0.217474 61 193 0
0.610343 -0.146591 0.214589 61 193 0
0.606033 -0.144533 0.212103 61 193 0
0.602907 -0.139636 0.210484 61 193 0
0.602628 -0.133831 0.210905 61 193 0
0.604071 -0.128167 0.212301 61 193 0
0.607684 -0.1247 0.215133 61 193 0
0.612291 -0.125605 0.218441 61 193 0
0.615814 -0.129902 0.220546 61 193 0
0.617369 -0.13548 0.221061 62 192 0
0.615723 -0.140445 0.219167 62 192 0
0.614134 -0.144879 0.217231 62 192 0
0.610119 -0.14718 0.213391 62 192 0
0.605807 -0.149126 0.209782 62 192 0
0.602064 -0.146682 0.20625 62 192 0
0.598453 -0.143122 0.202985 62 192 0
0.595907 -0.139104 0.200644 62 192 0
0.595119 -0.133357 0.200182 62 192 0
0.595474 -0.12863 0.201214 62 192 0
0.597858 -0.125984 0.204339 62 192 0
0.600463 -0.124415 0.208247 62 192 0
0.602829 -0.125977 0.211339 62 192 0
0.606079 -0.129112 0.213928 62 192 0
0.608617 -0.133166 0.215154 62 192 0
0.609063 -0.139109 0.214686 62 192 0
0.609008 -0.14474 0.213101 62 192 0
0.607479 -0.149053 0.210532 62 192 0
0.604723 -0.152306 0.206749 62 192 0
0.600598 -0.152356 0.202462 62 192 0
0.596859 -0.150995 0.198536 62 192 0
0.593927 -0.147172 0.1962 62 192 0
0.592162 -0.141735 0.195698 62 192 0
0.594394 -0.137057 0.198362 62 192 0
0.597323 -0.134248 0.202091 62 192 0
0.601593 -0.134124 0.206254 62 192 0
0.605087 -0.137686 0.209163 62 192 0
0.608062 -0.142116 0.211166 62 192 0
0.609907 -0.147369 0.211636 62 192 0
0.608918 -0.152871 0.209886 62 192 0
0.607009 -0.15788 0.207288 62 192 0
0.6034 -0.160781 0.20373 62 192 0
0.599578 -0.161599 0.199948 62 192 0
0.595712 -0.160174 0.196385 62 192 0
0.592881 -0.155475 0.194247 62 192 0
0.592655 -0.149639 0.194651 62 192 0
0.593993 -0.145088 0.196641 62 192 0
0.597717 -0.142552 0.200164 62 192 0
0.602226 -0.143541 0.20378 62 192 0
0.605668 -0.147496 0.206471 62 192 0
0.608078 -0.152653 0.20787 62 192 0
0.60871 -0.158526 0.207609 62 192 0
0.608276 -0.164162 0.206309 62 192 0
0.605368 -0.168174 0.203279 62 192 0
0.601414 -0.170759 0.199627 62 192 0
0.597248 -0.170965 0.195355 62 192 0
0.59349 -0.167505 0.192521 62 192 0
0.591948 -0.161977 0.191423 62 192 0
0.591582 -0.156037 0.191907 62 192 0
0.594416 -0.152348 0.194531 62 192 0
0.598563 -0.150915 0.198333 62 192 0
0.602811 -0.153164 0.201843 62 192 0
0.60518 -0.157886 0.203756 62 192 0
0.607513 -0.163103 0.205027 62 192 0
0.608 -0.16901 0.204397 62 192 0
0.607076 -0.174538 0.202792 62 192 0
0.603562 -0.177711 0.199204 62 192 0
0.599708 -0.178434 0.194964 62 192 0
0.595459 -0.17742 0.191008 62 192 0
0.592065 -0.174041 0.188341 62 192 0
0.590784 -0.168598 0.187715 62 192 0
0.592184 -0.16357 0.189426 62 192 0
0.595469 -0.160966 0.193325 62 192 0
0.599501 -0.16082 0.197709 62 192 0
0.603823 -0.163056 0.201095 62 192 0
0.606182 -0.167949 0.202976 62 192 0
0.607227 -0.173699 0.203405 62 192 0
0.606538 -0.179105 0.201888 63 191 0
0.604704 -0.183983 0.199122 63 191 0
0.602015 -0.186814 0.195009 63 191 0
0.598632 -0.187949 0.191039 63 191 0
0.594881 -0.1868 0.186979 63 191 0
0.592378 -0.182537 0.184186 63 191 0
0.590241 -0.178447 0.183064 63 191 0
0.591866 -0.173624 0.184737 63 191 0
0.593088 -0.170697 0.187617 63 191 0
0.595393 -0.168553 0.190153 63 191 0
0.597878 -0.16844 0.194204 63 191 0
0.599934 -0.170901 0.196994 63 191 0
0.602842 -0.173154 0.199575 63 191 0
0.605195 -0.177876 0.201304 63 191 0
0.606903 -0.183279 0.201616 63 191 0
0.606309 -0.188787 0.200086 63 191 0
0.604786 -0.193405 0.197257 63 191 0
0.602493 -0.1961 0.193332 63 191 0
0.598915 -0.197971 0.189198 63 191 0
0.594783 -0.196719 0.185273 63 191 0
0.592767 -0.192566 0.183269 63 191 0
0.590437 -0.187542 0.182334 63 191 0
0.592255 -0.183031 0.18457 63 191 0
0.595103 -0.180353 0.188271 63 191 0
0.599064 -0.178607 0.192182 63 191 0
0.602666 -0.181978 0.195471 63 191 0
0.605903 -0.185963 0.198088 63 191 0
0.607937 -0.191439 0.199432 63 191 0
0.607685 -0.197132 0.198699 63 191 0
0.606218 -0.202594 0.196745 63 191 0
0.603893 -0.207057 0.193808 63 191 0
0.599884 -0.208165 0.189657 63 191 0
0.59566 -0.207032 0.185758 63 191 0
0.591891 -0.203746 0.182787 63 191 0
0.591245 -0.198225 0.182384 63 191 0
0.592584 -0.192601 0.183792 63 191 0
0.596797 -0.191208 0.187574 63 191 0
0.601008 -0.190612 0.191556 63 191 0
0.604365 -0.193994 0.194765 63 191 0
0.607565 -0.198313 0.19742 63 191 0
0.608723 -0.203969 0.198545 63 191 0
0.607803 -0.209823 0.197823 63 191 0
0.605979 -0.215207 0.195995 63 191 0
0.603024 -0.219356 0.193308 63 191 0
0.598704 -0.220552 0.189491 63 191 0
0.594759 -0.21793 0.185982 63 191 0
0.592369 -0.213196 0.183373 63 191 0
0.591522 -0.207429 0.182591 63 191 0
0.594695 -0.203217 0.185106 63 191 0
0.597894 -0.200075 0.188117 63 191 0
0.602039 -0.201996 0.191703 63 191 0
0.605705 -0.205102 0.195164 63 191 0
0.608218 -0.210017 0.197395 63 191 0
0.608841 -0.215786 0.198288 63 191 0
0.607291 -0.221479 0.197272 63 191 0
0.60449 -0.225985 0.19489 63 191 0
0.60204 -0.230489 0.192454 63 191 0
0.597722 -0.229938 0.188395 63 191 0
0.593643 -0.227448 0.184777 63 191 0
0.591487 -0.222875 0.182574 63 191 0
0.592508 -0.217313 0.183264 63 191 0
0.595092 -0.21267 0.185972 63 191 0
0.599405 -0.211698 0.189939 63 191 0
0.603277 -0.213545 0.193687 63 191 0
0.606801 -0.216875 0.196922 63 191 0
0.608667 -0.222323 0.198509 63 191 0
0.60882 -0.228297 0.198439 63 191 0
0.607148 -0.23362 0.196655 63 191 0
0.605128 -0.238494 0.193909 64 190 0
0.601448 -0.240133 0.190074 64 190 0
0.597766 -0.240897 0.186613 64 190 0
0.594096 -0.238796 0.183101 64 190 0
0.59204 -0.23491 0.181269 64 190 0
0.592075 -0.22894 0.181556 64 190 0
0.59424 -0.22451 0.183975 64 190 0
0.596784 -0.222495 0.187511 64 190 0
0.599801 -0.222927 0.191345 64 190 0
0.603636 -0.224083 0.195155 64 190 0
0.607881 -0.226716 0.197386 64 190 0
0.609352 -0.232468 0.197722 64 190 0
0.609054 -0.238357 0.196743 64 190 0
0.606409 -0.242851 0.19409 64 190 0
0.603053 -0.246343 0.190629 64 190 0
0.598554 -0.246343 0.186976 64 190 0
0.594489 -0.242994 0.183996 64 190 0
0.591681 -0.238365 0.182048 64 190 0
0.59174 -0.232307 0.182229 64 190 0
0.593995 -0.227121 0.184183 64 190 0
0.59666 -0.222434 0.186908 64 190 0
0.600134 -0.222927 0.190768 64 190 0
0.603217 -0.222683 0.195136 64 190 0
0.605686 -0.224894 0.197383 64 190 0
0.607672 -0.228906 0.198691 64 190 0
0.60907 -0.234138 0.198447 64 190 0
0.608272 -0.23803 0.196331 64 190 0
0.60499 -0.239833 0.193106 64 190 0
0.601876 -0.242378 0.189805 64 190 0
0.598188 -0.239417 0.18654 64 190 0
0.59457 -0.236706 0.183679 64 190 0
0.592942 -0.231357 0.182441 64 190 0
0.592235 -0.226057 0.182345 64 190 0
0.593697 -0.220788 0.183938 64 190 0
0.596163 -0.216633 0.186539 64 190 0
0.59905 -0.213059 0.190082 64 190 0
0.603256 -0.212769 0.194339 64 190 0
0.606715 -0.215554 0.197828 64 190 0
0.608786 -0.21937 0.199903 64 190 0
0.608341 -0.224353 0.199321 64 190 0
0.606919 -0.229449 0.197346 64 190 0
0.603381 -0.231749 0.193972 64 190 0
0.599961 -0.230571 0.190567 64 190 0
0.596377 -0.228011 0.186878 64 190 0
0.593766 -0.223517 0.184263 64 190 0
0.592823 -0.217789 0.183335 64 190 0
0.593638 -0.211957 0.184023 64 190 0
0.595823 -0.206886 0.186187 64 190 0
0.599098 -0.203186 0.189181 64 190 0
0.603191 -0.203091 0.193478 64 190 0
0.607397 -0.204336 0.197456 64 190 0
0.609278 -0.209569 0.199535 64 190 0
0.609706 -0.215276 0.200214 64 190 0
0.607491 -0.220242 0.19826 64 190 0
0.603524 -0.222151 0.194584 64 190 0
0.599379 -0.222302 0.190758 64 190 0
0.596357 -0.218207 0.187564 64 190 0
0.594197 -0.213039 0.185409 64 190 0
0.593631 -0.207173 0.184849 64 190 0
0.594375 -0.201421 0.185684 64 190 0
0.596526 -0.196329 0.18786 64 190 0
0.600413 -0.193438 0.191414 64 190 0
0.604614 -0.193224 0.195313 64 190 0
0.608405 -0.196118 0.19891 64 190 0
0.609977 -0.201466 0.2006 64 190 0
0.610183 -0.206964 0.200348 64 190 0
0.607597 -0.210917 0.197677 64 190 0
0.603699 -0.212474 0.193898 65 189 0
0.599407 -0.210607 0.190344 65 189 0
0.596066 -0.20655 0.187495 65 189 0
0.593901 -0.201154 0.186024 65 189 0
0.59318 -0.195316 0.185836 65 189 0
0.594571 -0.189812 0.187393 65 189 0
0.598086 -0.186328 0.190692 65 189 0
0.601413 -0.182854 0.194167 65 189 0
0.605425 -0.184189 0.198084 65 189 0
0.609581 -0.186415 0.201487 65 189 0
0.611313 -0.191726 0.202779 65 189 0
0.610104 -0.197119 0.201534 65 189 0
0.607631 -0.201482 0.198434 65 189 0
0.603366 -0.202825 0.194651 65 189 0
0.599524 -0.200207 0.191248 65 189 0
0.596248 -0.195969 0.188807 65 189 0
0.594198 -0.190459 0.187618 65 189 0
0.593864 -0.184526 0.188179 65 189 0
0.595614 -0.179298 0.190113 65 189 0
0.598868 -0.175796 0.193469 65 189 0
0.602691 -0.174151 0.197563 65 189 0
0.606768 -0.175307 0.201437 65 189 0
0.609797 -0.179745 0.203827 65 189 0
0.610726 -0.185409 0.203889 65 189 0
0.608197 -0.190033 0.20129 65 189 0
0.604403 -0.192652 0.197587 65 189 0
0.600285 -0.190924 0.193831 65 189 0
0.596463 -0.187351 0.190947 65 189 0
0.594011 -0.182666 0.189456 65 189 0
0.593417 -0.176811 0.189744 65 189 0
0.594324 -0.171052 0.19118 65 189 0
0.596668 -0.166721 0.193787 65 189 0
0.60039 -0.164065 0.197583 65 189 0
0.604794 -0.164092 0.201669 65 189 0
0.608368 -0.167012 0.205017 65 189 0
0.610906 -0.171949 0.206864 65 189 0
0.610574 -0.17771 0.205899 65 189 0
0.60747 -0.181537 0.202744 65 189 0
0.603268 -0.182463 0.19882 65 189 0
0.599336 -0.181079 0.195347 65 189 0
0.596085 -0.176869 0.192989 65 189 0
0.594375 -0.171184 0.192122 65 189 0
0.593568 -0.165296 0.192304 65 189 0
0.594893 -0.15984 0.19435 65 189 0
0.597887 -0.15581 0.197464 65 189 0
0.601809 -0.154062 0.201435 65 189 0
0.605838 -0.154956 0.205207 65 189 0
0.609048 -0.159259 0.207897 65 189 0
0.610197 -0.164757 0.208347 65 189 0
0.608951 -0.170095 0.206358 65 189 0
0.605603 -0.172375 0.20306 65 189 0
0.601247 -0.172208 0.198962 65 189 0
0.597454 -0.169355 0.195948 65 189 0
0.594237 -0.165038 0.19378 65 189 0
0.593651 -0.159104 0.193846 65 189 0
0.593584 -0.153385 0.194745 65 189 0
0.595688 -0.148543 0.197578 65 189 0
0.599044 -0.145113 0.20114 65 189 0
0.602919 -0.144017 0.205368 65 189 0
0.606828 -0.146089 0.209024 65 189 0
0.60961 -0.150849 0.211077 65 189 0
0.610463 -0.156592 0.210748 65 189 0
0.607928 -0.161058 0.207733 65 189 0
0.604498 -0.164038 0.203994 65 189 0
0.60036 -0.162158 0.200201 65 189 0
0.596884 -0.159363 0.197002 65 189 0
0.594466 -0.154136 0.195318 65 189 0
0.592938 -0.148396 0.194678 65 189 0
0.594258 -0.14339 0.196765 66 188 0
0.595185 -0.138094 0.199019 66 188 0
0.598001 -0.135469 0.202849 66 188 0
0.601953 -0.134091 0.206863 66 188 0
0.605243 -0.135856 0.210967 66 188 0
0.607739 -0.139366 0.213004 66 188 0
0.610306 -0.14398 0.214172 66 188 0
0.609392 -0.14908 0.212475 66 188 0
0.607238 -0.152605 0.20944 66 188 0
0.60356 -0.153909 0.205345 66 188 0
0.59991 -0.152413 0.201552 66 188 0
0.597165 -0.148702 0.198704 66 188 0
0.595533 -0.144388 0.197238 66 188 0
0.594305 -0.139011 0.196778 66 188 0
0.594431 -0.133699 0.197932 66 188 0
0.59513 -0.128958 0.199944 66 188 0
0.596508 -0.126331 0.202082 66 188 0
0.598156 -0.125977 0.204837 66 188 0
0.600329 -0.124415 0.208479 66 188 0
0.602029 -0.125205 0.210433 66 188 0
0.605421 -0.127865 0.21346 66 188 0
0.608933 -0.130584 0.216284 66 188 0
0.612669 -0.133218 0.218898 66 188 0
0.616614 -0.135426 0.221574 66 188 0
0.61039 -0.136207 0.229362 66 188 0
0.663048 -0.137529 0.255922 66 188 0
0.667155 -0.136668 0.246845 66 188 0
0.668027 -0.141935 0.245047 66 188 0
0.668238 -0.146566 0.244612 66 188 0
0.668379 -0.151214 0.244287 66 188 0
0.668464 -0.155868 0.244025 66 188 0
0.668545 -0.160528 0.243929 66 188 0
0.668604 -0.16519 0.243958 66 188 0
0.668569 -0.169852 0.243993 66 188 0
0.668547 -0.174511 0.24402 66 188 0
0.668649 -0.179725 0.243813 66 188 0
0.669477 -0.184377 0.2432 66 188 0
0.669975 -0.189083 0.242649 66 188 0
0.670532 -0.19379 0.242155 66 188 0
0.671058 -0.198509 0.241758 66 188 0
0.671408 -0.203254 0.241575 66 188 0
0.671513 -0.208016 0.241583 66 188 0
0.671488 -0.21278 0.241689 66 188 0
0.671532 -0.217543 0.241803 66 188 0
0.671627 -0.222307 0.241757 66 188 0
0.671634 -0.22707 0.24178 66 188 0
0.671507 -0.22198 0.242225 66 188 0
0.671504 -0.216672 0.241829 66 188 0
0.671447 -0.211354 0.241644 66 188 0
0.671107 -0.206049 0.241391 66 188 0
0.670808 -0.200737 0.241491 66 188 0
0.670277 -0.195454 0.24186 66 188 0
0.669615 -0.190201 0.242399 66 188 0
0.669115 -0.184976 0.243167 66 188 0
0.668649 -0.179725 0.243813 66 188 0
0.668546 -0.174995 0.243819 66 188 0
0.668578 -0.170266 0.243968 66 188 0
0.668603 -0.165535 0.243961 66 188 0
0.66855 -0.160804 0.243931 66 188 0
0.668467 -0.156075 0.244016 66 188 0
0.668382 -0.151352 0.244277 66 188 0
0.668243 -0.146635 0.244609 66 188 0
0.668027 -0.141935 0.245047 66 188 0
0.665858 -0.124349 0.247971 66 188 0
0.670885 -0.125665 0.249982 66 188 0
0.675343 -0.128155 0.251366 66 188 0
0.678638 -0.131961 0.251893 66 188 0
0.681175 -0.137263 0.252181 67 187 0
0.680623 -0.14304 0.251199 67 187 0
0.67734 -0.14663 0.248941 67 187 0
0.672999 -0.149152 0.246653 67 187 0
0.668154 -0.146894 0.244688 67 187 0
0.664613 -0.142076 0.243418 67 187 0
0.665451 -0.137012 0.244513 67 187 0
0.666189 -0.131395 0.245398 67 187 0
0.670245 -0.127986 0.247901 67 187 0
0.675182 -0.125977 0.250539 67 187 0
0.680656 -0.126043 0.253257 67 187 0
0.685487 -0.128193 0.255346 67 187 0
0.688844 -0.133123 0.256348 67 187 0
0.690536 -0.138769 0.256456 67 187 0
0.690472 -0.144436 0.255593 67 187 0
0.686603 -0.14817 0.252931 67 187 0
0.681695 -0.149168 0.250185 67 187 0
0.677077 -0.146394 0.248308 67 187 0
0.674983 -0.140918 0.248163 67 187 0
0.675036 -0.134999 0.249243 67 187 0
0.677954 -0.13035 0.251851 67 187 0
0.681582 -0.127949 0.254419 67 187 0
0.685836 -0.126116 0.257009 67 187 0
0.68966 -0.127551 0.257788 67 187 0
0.694068 -0.130047 0.258712 67 187 0
0.697176 -0.134319 0.258762 67 187 0
0.699122 -0.139582 0.258576 67 187 0
0.69828 -0.144749 0.257103 67 187 0
0.696385 -0.150218 0.255651 67 187 0
0.692456 -0.154105 0.253642 67 187 0
0.687302 -0.155388 0.251069 67 187 0
0.683136 -0.153927 0.249548 67 187 0
0.679375 -0.150305 0.248518 67 187 0
0.677603 -0.145283 0.248364 67 187 0
0.679469 -0.139781 0.249734 67 187 0
0.684004 -0.137381 0.25211 67 187 0
0.689213 -0.135856 0.254348 67 187 0
0.693444 -0.139438 0.255917 67 187 0
0.697537 -0.143198 0.257504 67 187 0
0.699472 -0.148815 0.257745 67 187 0
0.699611 -0.15478 0.257078 67 187 0
0.696778 -0.159461 0.255176 67 187 0
0.693537 -0.164243 0.25353 67 187 0
0.688638 -0.166629 0.251053 67 187 0
0.68365 -0.164931 0.248768 67 187 0
0.679632 -0.160824 0.247124 67 187 0
0.67822 -0.155308 0.246787 67 187 0
0.680399 -0.150857 0.247966 67 187 0
0.685087 -0.14785 0.250198 67 187 0
0.690046 -0.147215 0.252463 67 187 0
0.694337 -0.150792 0.254307 67 187 0
0.698774 -0.154162 0.256125 67 187 0
0.700202 -0.15977 0.256479 67 187 0
0.699955 -0.165752 0.256045 67 187 0
0.697267 -0.170791 0.254525 67 187 0
0.69327 -0.174419 0.252634 67 187 0
0.688284 -0.176518 0.250205 67 187 0
0.683029 -0.174949 0.248099 67 187 0
0.678965 -0.171056 0.246301 67 187 0
0.678575 -0.165245 0.246401 67 187 0
0.681426 -0.160663 0.247819 67 187 0
0.685856 -0.158673 0.249756 67 187 0
0.69098 -0.158173 0.251875 67 187 0
0.695659 -0.16132 0.253609 67 187 0
0.698894 -0.16622 0.254354 67 187 0
0.700579 -0.171811 0.254437 67 187 0
0.700174 -0.177487 0.253724 67 187 0
0.697627 -0.182685 0.252242 68 186 0
0.693706 -0.186182 0.250418 68 186 0
0.688163 -0.186471 0.248276 68 186 0
0.6828 -0.186041 0.246814 68 186 0
0.67956 -0.181962 0.246519 68 186 0
0.678384 -0.176281 0.246667 68 186 0
0.680481 -0.172414 0.247891 68 186 0
0.683779 -0.169396 0.249013 68 186 0
0.688851 -0.168987 0.250487 68 186 0
0.693409 -0.170008 0.251927 68 186 0
0.697658 -0.172482 0.252701 68 186 0
0.701283 -0.175906 0.253488 68 186 0
0.702212 -0.181605 0.25288 68 186 0
0.701853 -0.187071 0.251544 68 186 0
0.700157 -0.192114 0.250457 68 186 0
0.696863 -0.196246 0.249216 68 186 0
0.692482 -0.198607 0.247753 68 186 0
0.68704 -0.197762 0.245944 68 186 0
0.682618 -0.193783 0.245302 68 186 0
0.67916 -0.189211 0.244511 68 186 0
0.680659 -0.183927 0.245523 68 186 0
0.685164 -0.180495 0.247479 68 186 0
0.690536 -0.179198 0.249114 68 186 0
0.695896 -0.180921 0.250955 68 186 0
0.699478 -0.185041 0.251588 68 186 0
0.7027 -0.190017 0.252358 68 186 0
0.703156 -0.195879 0.252053 68 186 0
0.701864 -0.201645 0.251285 68 186 0
0.698574 -0.206276 0.249667 68 186 0
0.693451 -0.208389 0.247537 68 186 0
0.687963 -0.208276 0.245254 68 186 0
0.683198 -0.205683 0.243858 68 186 0
0.681884 -0.199933 0.243697 68 186 0
0.683259 -0.194379 0.24433 68 186 0
0.687377 -0.190651 0.245838 68 186 0
0.69298 -0.191028 0.247903 68 186 0
0.698313 -0.192481 0.250052 68 186 0
0.701555 -0.197135 0.251215 68 186 0
0.703465 -0.20263 0.251962 68 186 0
0.703723 -0.208616 0.252072 68 186 0
0.700784 -0.213363 0.250769 68 186 0
0.696479 -0.217105 0.248972 68 186 0
0.691487 -0.219169 0.247129 68 186 0
0.686364 -0.218109 0.244981 68 186 0
0.682295 -0.214046 0.243411 68 186 0
0.682297 -0.208174 0.243373 68 186 0
0.684761 -0.203013 0.244184 68 186 0
0.689847 -0.200998 0.246022 68 186 0
0.695351 -0.201103 0.248394 68 186 0
0.69938 -0.204564 0.249987 68 186 0
0.702304 -0.209679 0.2511 68 186 0
0.703722 -0.215138 0.251598 68 186 0
0.703339 -0.220995 0.251433 68 186 0
0.699905 -0.225733 0.250146 68 186 0
0.694988 -0.228498 0.248392 68 186 0
0.689486 -0.229271 0.246624 68 186 0
0.684284 -0.227509 0.244428 68 186 0
0.682234 -0.22272 0.243731 68 186 0
0.682703 -0.217473 0.243903 68 186 0
0.68656 -0.213259 0.245417 68 186 0
0.691682 -0.211031 0.247139 68 186 0
0.696726 -0.213276 0.248638 68 186 0
0.701724 -0.215994 0.250483 68 186 0
0.704027 -0.220955 0.250919 68 186 0
0.705095 -0.226274 0.251039 68 186 0
0.704787 -0.232124 0.250682 68 186 0
0.701476 -0.236303 0.248858 68 186 0
0.697968 -0.240619 0.247152 68 186 0
0.69255 -0.240679 0.244734 69 185 0
0.687604 -0.239378 0.243445 69 185 0
0.684434 -0.235646 0.243085 69 185 0
0.682224 -0.230636 0.243606 69 185 0
0.684387 -0.22635 0.2456 69 185 0
0.687888 -0.222346 0.246908 69 185 0
0.692913 -0.222463 0.248199 69 185 0
0.698699 -0.222775 0.249082 69 185 0
0.702997 -0.22687 0.250395 69 185 0
0.704986 -0.232258 0.250865 69 185 0
0.705255 -0.238096 0.250718 69 185 0
0.70309 -0.243277 0.24945 69 185 0
0.69818 -0.245919 0.24702 69 185 0
0.692716 -0.246328 0.244683 69 185 0
0.687739 -0.243445 0.24303 69 185 0
0.684882 -0.238178 0.242427 69 185 0
0.683175 -0.232876 0.242441 69 185 0
0.685023 -0.22736 0.244124 69 185 0
0.688182 -0.223925 0.246472 69 185 0
0.692697 -0.222463 0.248572 69 185 0
0.697918 -0.222732 0.24939 69 185 0
0.701677 -0.224587 0.250091 69 185 0
0.704625 -0.228023 0.250418 69 185 0
0.705494 -0.232144 0.250172 69 185 0
0.704217 -0.23658 0.24935 69 185 0
0.701203 -0.239902 0.248221 69 185 0
0.695926 -0.240642 0.24628 69 185 0
0.69064 -0.240158 0.244743 69 185 0
0.68649 -0.236049 0.243692 69 185 0
0.683937 -0.232261 0.243816 69 185 0
0.681551 -0.227075 0.243717 69 185 0
0.683316 -0.222255 0.244977 69 185 0
0.68587 -0.217444 0.245655 69 185 0
0.689853 -0.214267 0.246601 69 185 0
0.694888 -0.212834 0.248176 69 185 0
0.700105 -0.214613 0.249728 69 185 0
0.703763 -0.217761 0.250798 69 185 0
0.70543 -0.223191 0.251549 69 185 0
0.702568 -0.227967 0.250373 69 185 0
0.698259 -0.230605 0.248837 69 185 0
0.694198 -0.232188 0.247736 69 185 0
0.689053 -0.230051 0.24627 69 185 0
0.685181 -0.225752 0.244927 69 185 0
0.681438 -0.221504 0.243449 69 185 0
0.681804 -0.215533 0.243752 69 185 0
0.684341 -0.210454 0.244717 69 185 0
0.687615 -0.205642 0.245678 69 185 0
0.692455 -0.202664 0.24693 69 185 0
0.697497 -0.20457 0.248594 69 185 0
0.702755 -0.205903 0.250863 69 185 0
0.704126 -0.210913 0.251395 69 185 0
0.703612 -0.216851 0.251577 69 185 0
0.700348 -0.221344 0.250602 69 185 0
0.695136 -0.222639 0.248667 69 185 0
0.689769 -0.221459 0.246623 69 185 0
0.685309 -0.217866 0.245097 69 185 0
0.682228 -0.213156 0.243817 69 185 0
0.681834 -0.207236 0.243689 69 185 0
0.683262 -0.20168 0.244119 69 185 0
0.68622 -0.1966 0.245156 69 185 0
0.691461 -0.19432 0.246937 69 185 0
0.696698 -0.193376 0.249039 69 185 0
0.701439 -0.196442 0.250737 69 185 0
0.703684 -0.201535 0.251269 69 185 0
0.703959 -0.207502 0.251493 69 185 0
0.700246 -0.211607 0.250028 69 185 0
0.695076 -0.212841 0.248127 69 185 0
0.689703 -0.211597 0.246015 70 184 0
0.685093 -0.208376 0.244528 70 184 0
0.682876 -0.202838 0.243975 70 184 0
0.681818 -0.197092 0.243942 70 184 0
0.683617 -0.191567 0.245042 70 184 0
0.686362 -0.187106 0.24613 70 184 0
0.691195 -0.184264 0.248214 70 184 0
0.696796 -0.184398 0.250342 70 184 0
0.701448 -0.187096 0.252106 70 184 0
0.703225 -0.192709 0.252284 70 184 0
0.702531 -0.198249 0.251647 70 184 0
0.698262 -0.201383 0.249668 70 184 0
0.693045 -0.202743 0.247925 70 184 0
0.687833 -0.201041 0.246074 70 184 0
0.683629 -0.197087 0.244818 70 184 0
0.68127 -0.191672 0.244381 70 184 0
0.681027 -0.185704 0.244859 70 184 0
0.682635 -0.180267 0.24611 70 184 0
0.686536 -0.176424 0.248187 70 184 0
0.691401 -0.174103 0.250243 70 184 0
0.696729 -0.175729 0.252241 70 184 0
0.701383 -0.178181 0.253715 70 184 0
0.702099 -0.184018 0.253402 70 184 0
0.70108 -0.189823 0.252567 70 184 0
0.696436 -0.192645 0.250502 70 184 0
0.691326 -0.193551 0.24858 70 184 0
0.686261 -0.190891 0.246798 70 184 0
0.682998 -0.18602 0.245891 70 184 0
0.680065 -0.18092 0.245003 70 184 0
0.680847 -0.175554 0.246028 70 184 0
0.683084 -0.170215 0.247558 70 184 0
0.686407 -0.166587 0.249201 70 184 0
0.691362 -0.164392 0.251421 70 184 0
0.696585 -0.165855 0.253499 70 184 0
0.700589 -0.169028 0.254767 70 184 0
0.701616 -0.174346 0.254909 70 184 0
0.700432 -0.179856 0.254262 70 184 0
0.695831 -0.182579 0.252083 70 184 0
0.690798 -0.184214 0.250039 70 184 0
0.686022 -0.18181 0.248287 70 184 0
0.682152 -0.177495 0.246947 70 184 0
0.678996 -0.172532 0.245836 70 184 0
0.679568 -0.166865 0.246605 70 184 0
0.681791 -0.161469 0.247965 70 184 0
0.68498 -0.156813 0.249458 70 184 0
0.690164 -0.155746 0.251871 70 184 0
0.695715 -0.155862 0.254091 70 184 0
0.699127 -0.16017 0.255394 70 184 0
0.700057 -0.165649 0.255553 70 184 0
0.698052 -0.171022 0.254517 70 184 0
0.693535 -0.17414 0.252471 70 184 0
0.688037 -0.173981 0.250098 70 184 0
0.683343 -0.171017 0.248383 70 184 0
0.680565 -0.166059 0.247477 70 184 0
0.678196 -0.161077 0.2468 70 184 0
0.678777 -0.155303 0.247441 70 184 0
0.681322 -0.150097 0.248949 70 184 0
0.685357 -0.146525 0.250958 70 184 0
0.690785 -0.145831 0.253316 70 184 0
0.696032 -0.146468 0.255644 70 184 0
0.699747 -0.150924 0.256979 70 184 0
0.700113 -0.156861 0.25638 70 184 0
0.698236 -0.161909 0.255148 70 184 0
0.693729 -0.164238 0.253079 70 184 0
0.688269 -0.164095 0.250613 70 184 0
0.683538 -0.161817 0.249017 70 184 0
0.680479 -0.156728 0.248234 70 184 0
0.677818 -0.152008 0.247567 71 183 0
0.677777 -0.146086 0.248356 71 183 0
0.680115 -0.141318 0.250235 71 183 0
0.68389 -0.137312 0.252583 71 183 0
0.68898 -0.135944 0.255049 71 183 0
0.694076 -0.136609 0.256783 71 183 0
0.697951 -0.140749 0.257968 71 183 0
0.700199 -0.145236 0.257818 71 183 0
0.699613 -0.150878 0.256849 71 183 0
0.696267 -0.154016 0.254837 71 183 0
0.691576 -0.155648 0.252716 71 183 0
0.686658 -0.15407 0.250809 71 183 0
0.682103 -0.151144 0.249244 71 183 0
0.679525 -0.1466 0.249289 71 183 0
0.6773 -0.14167 0.2493 71 183 0
0.676838 -0.135976 0.249995 71 183 0
0.678564 -0.131532 0.251898 71 183 0
0.682197 -0.128553 0.254672 71 183 0
0.685899 -0.126116 0.2569 71 183 0
0.68351 -0.127434 0.255465 71 183 0
0.680101 -0.129428 0.253329 71 183 0
0.676677 -0.131412 0.251207 71 183 0
0.673239 -0.133434 0.249144 71 183 0
0.669789 -0.13544 0.247085 71 183 0
0.665752 -0.136367 0.256187 71 183 0
0.612143 -0.13736 0.23039 71 183 0
0.618381 -0.136651 0.222607 71 183 0
0.618381 -0.136651 0.222607 71 183 0
0.618848 -0.141779 0.221908 71 183 0
0.619321 -0.146415 0.22122 71 183 0
0.619708 -0.151075 0.220653 71 183 0
0.620043 -0.155747 0.220158 71 183 0
0.620283 -0.160436 0.219802 71 183 0
0.620423 -0.165139 0.219599 71 183 0
0.620487 -0.169849 0.21952 71 183 0
0.620454 -0.174558 0.219568 71 183 0
0.620012 -0.180065 0.218777 71 183 0
0.619867 -0.184764 0.217658 71 183 0
0.619652 -0.189427 0.216404 71 183 0
0.619451 -0.194095 0.215168 71 183 0
0.619285 -0.198802 0.214093 71 183 0
0.61904 -0.203537 0.213162 71 183 0
0.618633 -0.208287 0.212379 71 183 0
0.618067 -0.213043 0.211733 71 183 0
0.617408 -0.217793 0.211136 71 183 0
0.616761 -0.222542 0.210519 71 183 0
0.615973 -0.227269 0.209933 71 183 0
0.616639 -0.221985 0.210832 71 183 0
0.617456 -0.217309 0.211208 71 183 0
0.618125 -0.212628 0.211785 71 183 0
0.618672 -0.207939 0.212428 71 183 0
0.619059 -0.203258 0.213213 71 183 0
0.619428 -0.198636 0.214282 71 183 0
0.619791 -0.194061 0.215554 71 183 0
0.620008 -0.189475 0.216821 71 183 0
0.620356 -0.184981 0.218361 71 183 0
0.620578 -0.180025 0.219416 71 183 0
0.62057 -0.17522 0.219396 71 183 0
0.620503 -0.170417 0.219497 71 183 0
0.620417 -0.165614 0.21961 71 183 0
0.620283 -0.160815 0.219802 71 183 0
0.620058 -0.156029 0.220135 71 183 0
0.619725 -0.151261 0.220628 71 183 0
0.619335 -0.146506 0.2212 71 183 0
0.618848 -0.141779 0.221908 71 183 0
0.617496 -0.124352 0.223826 71 183 0
0.622298 -0.125954 0.226007 71 183 0
0.625164 -0.129988 0.226947 71 183 0
0.627113 -0.135237 0.227321 72 182 0
0.625911 -0.140362 0.2258 72 182 0
0.62346 -0.145237 0.22373 72 182 0
0.619127 -0.147002 0.220517 72 182 0
0.614862 -0.149005 0.217474 72 182 0
0.610343 -0.146591 0.214589 72 182 0
0.606033 -0.144533 0.212103 72 182 0
0.602907 -0.139636 0.210484 72 182 0
0.602628 -0.133831 0.210905 72 182 0
0.604071 -0.128167 0.212301 72 182 0
0.607684 -0.1247 0.215133 72 182 0
0.612291 -0.125605 0.218441 72 182 0
0.615814 -0.129902 0.220546 72 182 0
0.617369 -0.13548 0.221061 72 182 0
0.615723 -0.140445 0.219167 72 182 0
0.614134 -0.144879 0.217231 72 182 0
0.610119 -0.14718 0.213391 72 182 0
0.605807 -0.149126 0.209782 72 182 0
0.602064 -0.146682 0.20625 72 182 0
0.598453 -0.143122 0.202985 72 182 0
0.595907 -0.139104 0.200644 72 182 0
0.595119 -0.133357 0.200182 72 182 0
0.595474 -0.12863 0.201214 72 182 0
0.597858 -0.125984 0.204339 72 182 0
0.600463 -0.124415 0.208247 72 182 0
0.602829 -0.125977 0.211339 72 182 0
0.606079 -0.129112 0.213928 72 182 0
0.608617 -0.133166 0.215154 72 182 0
0.609063 -0.139109 0.214686 72 182 0
0.609008 -0.14474 0.213101 72 182 0
0.607479 -0.149053 0.210532 72 182 0
0.604723 -0.152306 0.206749 72 182 0
0.600598 -0.152356 0.202462 72 182 0
0.596859 -0.150995 0.198536 72 182 0
0.593927 -0.147172 0.1962 72 182 0
0.592162 -0.141735 0.195698 72 182 0
0.594394 -0.137057 0.198362 72 182 0
0.597323 -0.134248 0.202091 72 182 0
0.601593 -0.134124 0.206254 72 182 0
0.605087 -0.137686 0.209163 72 182 0
0.608062 -0.142116 0.211166 72 182 0
0.609907 -0.147369 0.211636 72 182 0
0.608918 -0.152871 0.209886 72 182 0
0.607009 -0.15788 0.207288 72 182 0
0.6034 -0.160781 0.20373 72 182 0
0.599578 -0.161599 0.199948 72 182 0
0.595712 -0.160174 0.196385 72 182 0
0.592881 -0.155475 0.194247 72 182 0
0.592655 -0.149639 0.194651 72 182 0
0.593993 -0.145088 0.196641 72 182 0
0.597717 -0.142552 0.200164 72 182 0
0.602226 -0.143541 0.20378 72 182 0
0.605668 -0.147496 0.206471 72 182 0
0.608078 -0.152653 0.20787 72 182 0
0.60871 -0.158526 0.207609 72 182 0
0.608276 -0.164162 0.206309 72 182 0
0.605368 -0.168174 0.203279 72 182 0
0.601414 -0.170759 0.199627 72 182 0
0.597248 -0.170965 0.195355 72 182 0
0.59349 -0.167505 0.192521 72 182 0
0.591948 -0.161977 0.191423 72 182 0
0.591582 -0.156037 0.191907 72 182 0
0.594416 -0.152348 0.194531 72 182 0
0.598563 -0.150915 0.198333 72 182 0
0.602811 -0.153164 0.201843 72 182 0
0.60518 -0.157886 0.203756 72 182 0
0.607513 -0.163103 0.205027 72 182 0
0.608 -0.16901 0.204397 73 181 0
0.607076 -0.174538 0.202792 73 181 0
0.603562 -0.177711 0.199204 73 181 0
0.599708 -0.178434 0.194964 73 181 0
0.595459 -0.17742 0.191008 73 181 0
0.592065 -0.174041 0.188341 73 181 0
0.590784 -0.168598 0.187715 73 181 0
0.592184 -0.16357 0.189426 73 181 0
0.595469 -0.160966 0.193325 73 181 0
0.599501 -0.16082 0.197709 73 181 0
0.603823 -0.163056 0.201095 73 181 0
0.606182 -0.167949 0.202976 73 181 0
0.607227 -0.173699 0.203405 73 181 0
0.606538 -0.179105 0.201888 73 181 0
0.604704 -0.183983 0.199122 73 181 0
0.602015 -0.186814 0.195009 73 181 0
0.598632 -0.187949 0.191039 73 181 0
0.594881 -0.1868 0.186979 73 181 0
0.592378 -0.182537 0.184186 73 181 0
0.590241 -0.178447 0.183064 73 181 0
0.591866 -0.173624 0.184737 73 181 0
0.593088 -0.170697 0.187617 73 181 0
0.595393 -0.168553 0.190153 73 181 0
0.597878 -0.16844 0.194204 73 181 0
0.599934 -0.170901 0.196994 73 181 0
0.602842 -0.173154 0.199575 73 181 0
0.605195 -0.177876 0.201304 73 181 0
0.606903 -0.183279 0.201616 73 181 0
0.606309 -0.188787 0.200086 73 181 0
0.604786 -0.193405 0.197257 73 181 0
0.602493 -0.1961 0.193332 73 181 0
0.598915 -0.197971 0.189198 73 181 0
0.594783 -0.196719 0.185273 73 181 0
0.592767 -0.192566 0.183269 73 181 0
0.590437 -0.187542 0.182334 73 181 0
0.592255 -0.183031 0.18457 73 181 0
0.595103 -0.180353 0.188271 73 181 0
0.599064 -0.178607 0.192182 73 181 0
0.602666 -0.181978 0.195471 73 181 0
0.605903 -0.185963 0.198088 73 181 0
0.607937 -0.191439 0.199432 73 181 0
0.607685 -0.197132 0.198699 73 181 0
0.606218 -0.202594 0.196745 73 181 0
0.603893 -0.207057 0.193808 73 181 0
0.599884 -0.208165 0.189657 73 181 0
0.59566 -0.207032 0.185758 73 181 0
0.591891 -0.203746 0.182787 73 181 0
0.591245 -0.198225 0.182384 73 181 0
0.592584 -0.192601 0.183792 73 181 0
0.596797 -0.191208 0.187574 73 181 0
0.601008 -0.190612 0.191556 73 181 0
0.604365 -0.193994 0.194765 73 181 0
0.607565 -0.198313 0.19742 73 181 0
0.608723 -0.203969 0.198545 73 181 0
0.607803 -0.209823 0.197823 73 181 0
0.605979 -0.215207 0.195995 73 181 0
0.603024 -0.219356 0.193308 73 181 0
0.598704 -0.220552 0.189491 73 181 0
0.594759 -0.21793 0.185982 73 181 0
0.592369 -0.213196 0.183373 73 181 0
0.591522 -0.207429 0.182591 73 181 0
0.594695 -0.203217 0.185106 73 181 0
0.597894 -0.200075 0.188117 73 181 0
0.602039 -0.201996 0.191703 73 181 0
0.605705 -0.205102 0.195164 73 181 0
0.608218 -0.210017 0.197395 73 181 0
0.608841 -0.215786 0.198288 73 181 0
0.607291 -0.221479 0.197272 74 180 0
0.60449 -0.225985 0.19489 74 180 0
0.60204 -0.230489 0.192454 74 180 0
0.597722 -0.229938 0.188395 74 180 0
0.593643 -0.227448 0.184777 74 180 0
0.591487 -0.222875 0.182574 74 180 0
0.592508 -0.217313 0.183264 74 180 0
0.595092 -0.21267 0.185972 74 180 0
0.599405 -0.211698 0.189939 74 180 0
0.603277 -0.213545 0.193687 74 180 0
0.606801 -0.216875 0.196922 74 180 0
0.608667 -0.222323 0.198509 74 180 0
0.60882 -0.228297 0.198439 74 180 0
0.607148 -0.23362 0.196655 74 180 0
0.605128 -0.238494 0.193909 74 180 0
0.601448 -0.240133 0.190074 74 180 0
0.597766 -0.240897 0.186613 74 180 0
0.594096 -0.238796 0.183101 74 180 0
0.59204 -0.23491 0.181269 74 180 0
0.592075 -0.22894 0.181556 74 180 0
0.59424 -0.22451 0.183975 74 180 0
0.596784 -0.222495 0.187511 74 180 0
0.599801 -0.222927 0.191345 74 180 0
0.603636 -0.224083 0.195155 74 180 0
0.607881 -0.226716 0.197386 74 180 0
0.609352 -0.232468 0.197722 74 180 0
0.609054 -0.238357 0.196743 74 180 0
0.606409 -0.242851 0.19409 74 180 0
0.603053 -0.246343 0.190629 74 180 0
0.598554 -0.246343 0.186976 74 180 0
0.594489 -0.242994 0.183996 74 180 0
0.591681 -0.238365 0.182048 74 180 0
0.59174 -0.232307 0.182229 74 180 0
0.593995 -0.227121 0.184183 74 180 0
0.59666 -0.222434 0.186908 74 180 0
0.600134 -0.222927 0.190768 74 180 0
0.603217 -0.222683 0.195136 74 180 0
0.605686 -0.224894 0.197383 74 180 0
0.607672 -0.228906 0.198691 74 180 0
0.60907 -0.234138 0.198447 74 180 0
0.608272 -0.23803 0.196331 74 180 0
0.60499 -0.239833 0.193106 74 180 0
0.601876 -0.242378 0.189805 74 180 0
0.598188 -0.239417 0.18654 74 180 0
0.59457 -0.236706 0.183679 74 180 0
0.592942 -0.231357 0.182441 74 180 0
0.592235 -0.226057 0.182345 74 180 0
0.593697 -0.220788 0.183938 74 180 0
0.596163 -0.216633 0.186539 74 180 0
0.59905 -0.213059 0.190082 74 180 0
0.603256 -0.212769 0.194339 74 180 0
0.606715 -0.215554 0.197828 74 180 0
0.608786 -0.21937 0.199903 74 180 0
0.608341 -0.224353 0.199321 74 180 0
0.606919 -0.229449 0.197346 74 180 0
0.603381 -0.231749 0.193972 74 180 0
0.599961 -0.230571 0.190567 74 180 0
0.596377 -0.228011 0.186878 74 180 0
0.593766 -0.223517 0.184263 74 180 0
0.592823 -0.217789 0.183335 74 180 0
0.593638 -0.211957 0.184023 74 180 0
0.595823 -0.206886 0.186187 74 180 0
0.599098 -0.203186 0.189181 74 180 0
0.603191 -0.203091 0.193478 74 180 0
0.607397 -0.204336 0.197456 74 180 0
0.609278 -0.209569 0.199535 74 180 0
0.609706 -0.215276 0.200214 74 180 0
0.607491 -0.220242 0.19826 74 180 0
0.603524 -0.222151 0.194584 75 179 0
0.599379 -0.222302 0.190758 75 179 0
0.596357 -0.218207 0.187564 75 179 0
0.594197 -0.213039 0.185409 75 179 0
0.593631 -0.207173 0.184849 75 179 0
0.594375 -0.201421 0.185684 75 179 0
0.596526 -0.196329 0.18786 75 179 0
0.600413 -0.193438 0.191414 75 179 0
0.604614 -0.193224 0.195313 75 179 0
0.608405 -0.196118 0.19891 75 179 0
0.609977 -0.201466 0.2006 75 179 0
0.610183 -0.206964 0.200348 75 179 0
0.607597 -0.210917 0.197677 75 179 0
0.603699 -0.212474 0.193898 75 179 0
0.599407 -0.210607 0.190344 75 179 0
0.596066 -0.20655 0.187495 75 179 0
0.593901 -0.201154 0.186024 75 179 0
0.59318 -0.195316 0.185836 75 179 0
0.594571 -0.189812 0.187393 75 179 0
0.598086 -0.186328 0.190692 75 179 0
0.601413 -0.182854 0.194167 75 179 0
0.605425 -0.184189 0.198084 75 179 0
0.609581 -0.186415 0.201487 75 179 0
0.611313 -0.191726 0.202779 75 179 0
0.610104 -0.197119 0.201534 75 179 0
0.607631 -0.201482 0.198434 75 179 0
0.603366 -0.202825 0.194651 75 179 0
0.599524 -0.200207 0.191248 75 179 0
0.596248 -0.195969 0.188807 75 179 0
0.594198 -0.190459 0.187618 75 179 0
0.593864 -0.184526 0.188179 75 179 0
0.595614 -0.179298 0.190113 75 179 0
0.598868 -0.175796 0.193469 75 179 0
0.602691 -0.174151 0.197563 75 179 0
0.606768 -0.175307 0.201437 75 179 0
0.609797 -0.179745 0.203827 75 179 0
0.610726 -0.185409 0.203889 75 179 0
0.608197 -0.190033 0.20129 75 179 0
0.604403 -0.192652 0.197587 75 179 0
0.600285 -0.190924 0.193831 75 179 0
0.596463 -0.187351 0.190947 75 179 0
0.594011 -0.182666 0.189456 75 179 0
0.593417 -0.176811 0.189744 75 179 0
0.594324 -0.171052 0.19118 75 179 0
0.596668 -0.166721 0.193787 75 179 0
0.60039 -0.164065 0.197583 75 179 0
0.604794 -0.164092 0.201669 75 179 0
0.608368 -0.167012 0.205017 75 179 0
0.610906 -0.171949 0.206864 75 179 0
0.610574 -0.17771 0.205899 75 179 0
0.60747 -0.181537 0.202744 75 179 0
0.603268 -0.182463 0.19882 75 179 0
0.599336 -0.181079 0.195347 75 179 0
0.596085 -0.176869 0.192989 75 179 0
0.594375 -0.171184 0.192122 75 179 0
0.593568 -0.165296 0.192304 75 179 0
0.594893 -0.15984 0.19435 75 179 0
0.597887 -0.15581 0.197464 75 179 0
0.601809 -0.154062 0.201435 75 179 0
0.605838 -0.154956 0.205207 75 179 0
0.609048 -0.159259 0.207897 75 179 0
0.610197 -0.164757 0.208347 75 179 0
0.608951 -0.170095 0.206358 75 179 0
0.605603 -0.172375 0.20306 75 179 0
0.601247 -0.172208 0.198962 75 179 0
0.597454 -0.169355 0.195948 75 179 0
0.594237 -0.165038 0.19378 75 179 0
0.593651 -0.159104 0.193846 76 178 0
0.593584 -0.153385 0.194745 76 178 0
0.595688 -0.148543 0.197578 76 178 0
0.599044 -0.145113 0.20114 76 178 0
0.602919 -0.144017 0.205368 76 178 0
0.606828 -0.146089 0.209024 76 178 0
0.60961 -0.150849 0.211077 76 178 0
0.610463 -0.156592 0.210748 76 178 0
0.607928 -0.161058 0.207733 76 178 0
0.604498 -0.164038 0.203994 76 178 0
0.60036 -0.162158 0.200201 76 178 0
0.596884 -0.159363 0.197002 76 178 0
0.594466 -0.154136 0.195318 76 178 0
0.592938 -0.148396 0.194678 76 178 0
0.594258 -0.14339 0.196765 76 178 0
0.595185 -0.138094 0.199019 76 178 0
0.598001 -0.135469 0.202849 76 178 0
0.601953 -0.134091 0.206863 76 178 0
0.605243 -0.135856 0.210967 76 178 0
0.607739 -0.139366 0.213004 76 178 0
0.610306 -0.14398 0.214172 76 178 0
0.609392 -0.14908 0.212475 76 178 0
0.607238 -0.152605 0.20944 76 178 0
0.60356 -0.153909 0.205345 76 178 0
0.59991 -0.152413 0.201552 76 178 0
0.597165 -0.148702 0.198704 76 178 0
0.595533 -0.144388 0.197238 76 178 0
0.594305 -0.139011 0.196778 76 178 0
0.594431 -0.133699 0.197932 76 178 0
0.59513 -0.128958 0.199944 76 178 0
0.596508 -0.126331 0.202082 76 178 0
0.598156 -0.125977 0.204837 76 178 0
0.600329 -0.124415 0.208479 76 178 0
0.602029 -0.125205 0.210433 76 178 0
0.605421 -0.127865 0.21346 76 178 0
0.608933 -0.130584 0.216284 76 178 0
0.612669 -0.133218 0.218898 76 178 0
0.616614 -0.135426 0.221574 76 178 0
0.61039 -0.136207 0.229362 76 178 0
0.663048 -0.137529 0.255922 76 178 0
0.667155 -0.136668 0.246845 76 178 0
0.668027 -0.141935 0.245047 76 178 0
0.668238 -0.146566 0.244612 76 178 0
0.668379 -0.151214 0.244287 76 178 0
0.668464 -0.155868 0.244025 76 178 0
0.668545 -0.160528 0.243929 76 178 0
0.668604 -0.16519 0.243958 76 178 0
0.668569 -0.169852 0.243993 76 178 0
0.668547 -0.174511 0.24402 76 178 0
0.668649 -0.179725 0.243813 76 178 0
0.669477 -0.184377 0.2432 76 178 0
0.669975 -0.189083 0.242649 76 178 0
0.670532 -0.19379 0.242155 76 178 0
0.671058 -0.198509 0.241758 76 178 0
0.671408 -0.203254 0.241575 76 178 0
0.671513 -0.208016 0.241583 76 178 0
0.671488 -0.21278 0.241689 76 178 0
0.671532 -0.217543 0.241803 76 178 0
0.671627 -0.222307 0.241757 76 178 0
0.671634 -0.22707 0.24178 76 178 0
0.671507 -0.22198 0.242225 76 178 0
0.671504 -0.216672 0.241829 76 178 0
0.671447 -0.211354 0.241644 76 178 0
0.671107 -0.206049 0.241391 76 178 0
0.670808 -0.200737 0.241491 76 178 0
0.670277 -0.195454 0.24186 76 178 0
0.669615 -0.190201 0.242399 76 178 0
0.669115 -0.184976 0.243167 77 177 0
0.668649 -0.179725 0.243813 77 177 0
0.668546 -0.174995 0.243819 77 177 0
0.668578 -0.170266 0.243968 77 177 0
0.668603 -0.165535 0.243961 77 177 0
0.66855 -0.160804 0.243931 77 177 0
0.668467 -0.156075 0.244016 77 177 0
0.668382 -0.151352 0.244277 77 177 0
0.668243 -0.146635 0.244609 77 177 0
0.668027 -0.141935 0.245047 77 177 0
0.665858 -0.124349 0.247971 77 177 0
0.670885 -0.125665 0.249982 77 177 0
0.675343 -0.128155 0.251366 77 177 0
0.678638 -0.131961 0.251893 77 177 0
0.681175 -0.137263 0.252181 77 177 0
0.680623 -0.14304 0.251199 77 177 0
0.67734 -0.14663 0.248941 77 177 0
0.672999 -0.149152 0.246653 77 177 0
0.668154 -0.146894 0.244688 77 177 0
0.664613 -0.142076 0.243418 77 177 0
0.665451 -0.137012 0.244513 77 177 0
0.666189 -0.131395 0.245398 77 177 0
0.670245 -0.127986 0.247901 77 177 0
0.675182 -0.125977 0.250539 77 177 0
0.680656 -0.126043 0.253257 77 177 0
0.685487 -0.128193 0.255346 77 177 0
0.688844 -0.133123 0.256348 77 177 0
0.690536 -0.138769 0.256456 77 177 0
0.690472 -0.144436 0.255593 77 177 0
0.686603 -0.14817 0.252931 77 177 0
0.681695 -0.149168 0.250185 77 177 0
0.677077 -0.146394 0.248308 77 177 0
0.674983 -0.140918 0.248163 77 177 0
0.675036 -0.134999 0.249243 77 177 0
0.677954 -0.13035 0.251851 77 177 0
0.681582 -0.127949 0.254419 77 177 0
0.685836 -0.126116 0.257009 77 177 0
0.68966 -0.127551 0.257788 77 177 0
0.694068 -0.130047 0.258712 77 177 0
0.697176 -0.134319 0.258762 77 177 0
0.699122 -0.139582 0.258576 77 177 0
0.69828 -0.144749 0.257103 77 177 0
0.696385 -0.150218 0.255651 77 177 0
0.692456 -0.154105 0.253642 77 177 0
0.687302 -0.155388 0.251069 77 177 0
0.683136 -0.153927 0.249548 77 177 0
0.679375 -0.150305 0.248518 77 177 0
0.677603 -0.145283 0.248364 77 177 0
0.679469 -0.139781 0.249734 77 177 0
0.684004 -0.137381 0.25211 77 177 0
0.689213 -0.135856 0.254348 77 177 0
0.693444 -0.139438 0.255917 77 177 0
0.697537 -0.143198 0.257504 77 177 0
0.699472 -0.148815 0.257745 77 177 0
0.699611 -0.15478 0.257078 77 177 0
0.696778 -0.159461 0.255176 77 177 0
0.693537 -0.164243 0.25353 77 177 0
0.688638 -0.166629 0.251053 77 177 0
0.68365 -0.164931 0.248768 77 177 0
0.679632 -0.160824 0.247124 77 177 0
0.67822 -0.155308 0.246787 77 177 0
0.680399 -0.150857 0.247966 77 177 0
0.685087 -0.14785 0.250198 77 177 0
0.690046 -0.147215 0.252463 77 177 0
0.694337 -0.150792 0.254307 77 177 0
0.698774 -0.154162 0.256125 77 177 0
0.700202 -0.15977 0.256479 77 177 0
0.699955 -0.165752 0.256045 77 177 0
0.697267 -0.170791 0.254525 78 176 0
0.69327 -0.174419 0.252634 78 176 0
0.688284 -0.176518 0.250205 78 176 0
0.683029 -0.174949 0.248099 78 176 0
0.678965 -0.171056 0.246301 78 176 0
0.678575 -0.165245 0.246401 78 176 0
0.681426 -0.160663 0.247819 78 176 0
0.685856 -0.158673 0.249756 78 176 0
0.69098 -0.158173 0.251875 78 176 0
0.695659 -0.16132 0.253609 78 176 0
0.698894 -0.16622 0.254354 78 176 0
0.700579 -0.171811 0.254437 78 176 0
0.700174 -0.177487 0.253724 78 176 0
0.697627 -0.182685 0.252242 78 176 0
0.693706 -0.186182 0.250418 78 176 0
0.688163 -0.186471 0.248276 78 176 0
0.6828 -0.186041 0.246814 78 176 0
0.67956 -0.181962 0.246519 78 176 0
0.678384 -0.176281 0.246667 78 176 0
0.680481 -0.172414 0.247891 78 176 0
0.683779 -0.169396 0.249013 78 176 0
0.688851 -0.168987 0.250487 78 176 0
0.693409 -0.170008 0.251927 78 176 0
0.697658 -0.172482 0.252701 78 176 0
0.701283 -0.175906 0.253488 78 176 0
0.702212 -0.181605 0.25288 78 176 0
0.701853 -0.187071 0.251544 78 176 0
0.700157 -0.192114 0.250457 78 176 0
0.696863 -0.196246 0.249216 78 176 0
0.692482 -0.198607 0.247753 78 176 0
0.68704 -0.197762 0.245944 78 176 0
0.682618 -0.193783 0.245302 78 176 0
0.67916 -0.189211 0.244511 78 176 0
0.680659 -0.183927 0.245523 78 176 0
0.685164 -0.180495 0.247479 78 176 0
0.690536 -0.179198 0.249114 78 176 0
0.695896 -0.180921 0.250955 78 176 0
0.699478 -0.185041 0.251588 78 176 0
0.7027 -0.190017 0.252358 78 176 0
0.703156 -0.195879 0.252053 78 176 0
0.701864 -0.201645 0.251285 78 176 0
0.698574 -0.206276 0.249667 78 176 0
0.693451 -0.208389 0.247537 78 176 0
0.687963 -0.208276 0.245254 78 176 0
0.683198 -0.205683 0.243858 78 176 0
0.681884 -0.199933 0.243697 78 176 0
0.683259 -0.194379 0.24433 78 176 0
0.687377 -0.190651 0.245838 78 176 0
0.69298 -0.191028 0.247903 78 176 0
0.698313 -0.192481 0.250052 78 176 0
0.701555 -0.197135 0.251215 78 176 0
0.703465 -0.20263 0.251962 78 176 0
0.703723 -0.208616 0.252072 78 176 0
0.700784 -0.213363 0.250769 78 176 0
0.696479 -0.217105 0.248972 78 176 0
0.691487 -0.219169 0.247129 78 176 0
0.686364 -0.218109 0.244981 78 176 0
0.682295 -0.214046 0.243411 78 176 0
0.682297 -0.208174 0.243373 78 176 0
0.684761 -0.203013 0.244184 78 176 0
0.689847 -0.200998 0.246022 78 176 0
0.695351 -0.201103 0.248394 78 176 0
0.69938 -0.204564 0.249987 78 176 0
0.702304 -0.209679 0.2511 78 176 0
0.703722 -0.215138 0.251598 78 176 0
0.703339 -0.220995 0.251433 78 176 0
0.699905 -0.225733 0.250146 78 176 0
0.694988 -0.228498 0.248392 79 175 0
0.689486 -0.229271 0.246624 79 175 0
0.684284 -0.227509 0.244428 79 175 0
0.682234 -0.22272 0.243731 79 175 0
0.682703 -0.217473 0.243903 79 175 0
0.68656 -0.213259 0.245417 79 175 0
0.691682 -0.211031 0.247139 79 175 0
0.696726 -0.213276 0.248638 79 175 0
0.701724 -0.215994 0.250483 79 175 0
0.704027 -0.220955 0.250919 79 175 0
0.705095 -0.226274 0.251039 79 175 0
0.704787 -0.232124 0.250682 79 175 0
0.701476 -0.236303 0.248858 79 175 0
0.697968 -0.240619 0.247152 79 175 0
0.69255 -0.240679 0.244734 79 175 0
0.687604 -0.239378 0.243445 79 175 0
0.684434 -0.235646 0.243085 79 175 0
0.682224 -0.230636 0.243606 79 175 0
0.684387 -0.22635 0.2456 79 175 0
0.687888 -0.222346 0.246908 79 175 0
0.692913 -0.222463 0.248199 79 175 0
0.698699 -0.222775 0.249082 79 175 0
0.702997 -0.22687 0.250395 79 175 0
0.704986 -0.232258 0.250865 79 175 0
0.705255 -0.238096 0.250718 79 175 0
0.70309 -0.243277 0.24945 79 175 0
0.69818 -0.245919 0.24702 79 175 0
0.692716 -0.246328 0.244683 79 175 0
0.687739 -0.243445 0.24303 79 175 0
0.684882 -0.238178 0.242427 79 175 0
0.683175 -0.232876 0.242441 79 175 0
0.685023 -0.22736 0.244124 79 175 0
0.688182 -0.223925 0.246472 79 175 0
0.692697 -0.222463 0.248572 79 175 0
0.697918 -0.222732 0.24939 79 175 0
0.701677 -0.224587 0.250091 79 175 0
0.704625 -0.228023 0.250418 79 175 0
0.705494 -0.232144 0.250172 79 175 0
0.704217 -0.23658 0.24935 79 175 0
0.701203 -0.239902 0.248221 79 175 0
0.695926 -0.240642 0.24628 79 175 0
0.69064 -0.240158 0.244743 79 175 0
0.68649 -0.236049 0.243692 79 175 0
0.683937 -0.232261 0.243816 79 175 0
0.681551 -0.227075 0.243717 79 175 0
0.683316 -0.222255 0.244977 79 175 0
0.68587 -0.217444 0.245655 79 175 0
0.689853 -0.214267 0.246601 79 175 0
0.694888 -0.212834 0.248176 79 175 0
0.700105 -0.214613 0.249728 79 175 0
0.703763 -0.217761 0.250798 79 175 0
0.70543 -0.223191 0.251549 79 175 0
0.702568 -0.227967 0.250373 79 175 0
0.698259 -0.230605 0.248837 79 175 0
0.694198 -0.232188 0.247736 79 175 0
0.689053 -0.230051 0.24627 79 175 0
0.685181 -0.225752 0.244927 79 175 0
0.681438 -0.221504 0.243449 79 175 0
0.681804 -0.215533 0.243752 79 175 0
0.684341 -0.210454 0.244717 79 175 0
0.687615 -0.205642 0.245678 79 175 0
0.692455 -0.202664 0.24693 79 175 0
0.697497 -0.20457 0.248594 79 175 0
0.702755 -0.205903 0.250863 79 175 0
0.704126 -0.210913 0.251395 79 175 0
0.703612 -0.216851 0.251577 79 175 0
0.700348 -0.221344 0.250602 79 175 0
0.695136 -0.222639 0.248667 80 174 0
0.689769 -0.221459 0.246623 80 174 0
0.685309 -0.217866 0.245097 80 174 0
0.682228 -0.213156 0.243817 80 174 0
0.681834 -0.207236 0.243689 80 174 0
0.683262 -0.20168 0.244119 80 174 0
0.68622 -0.1966 0.245156 80 174 0
0.691461 -0.19432 0.246937 80 174 0
0.696698 -0.193376 0.249039 80 174 0
0.701439 -0.196442 0.250737 80 174 0
0.703684 -0.201535 0.251269 80 174 0
0.703959 -0.207502 0.251493 80 174 0
0.700246 -0.211607 0.250028 80 174 0
0.695076 -0.212841 0.248127 80 174 0
0.689703 -0.211597 0.246015 80 174 0
0.685093 -0.208376 0.244528 80 174 0
0.682876 -0.202838 0.243975 80 174 0
0.681818 -0.197092 0.243942 80 174 0
0.683617 -0.191567 0.245042 80 174 0
0.686362 -0.187106 0.24613 80 174 0
0.691195 -0.184264 0.248214 80 174 0
0.696796 -0.184398 0.250342 80 174 0
0.701448 -0.187096 0.252106 80 174 0
0.703225 -0.192709 0.252284 80 174 0
0.702531 -0.198249 0.251647 80 174 0
0.698262 -0.201383 0.249668 80 174 0
0.693045 -0.202743 0.247925 80 174 0
0.687833 -0.201041 0.246074 80 174 0
0.683629 -0.197087 0.244818 80 174 0
0.68127 -0.191672 0.244381 80 174 0
0.681027 -0.185704 0.244859 80 174 0
0.682635 -0.180267 0.24611 80 174 0
0.686536 -0.176424 0.248187 80 174 0
0.691401 -0.174103 0.250243 80 174 0
0.696729 -0.175729 0.252241 80 174 0
0.701383 -0.178181 0.253715 80 174 0
0.702099 -0.184018 0.253402 80 174 0
0.70108 -0.189823 0.252567 80 174 0
0.696436 -0.192645 0.250502 80 174 0
0.691326 -0.193551 0.24858 80 174 0
0.686261 -0.190891 0.246798 80 174 0
0.682998 -0.18602 0.245891 80 174 0
0.680065 -0.18092 0.245003 80 174 0
0.680847 -0.175554 0.246028 80 174 0
0.683084 -0.170215 0.247558 80 174 0
0.686407 -0.166587 0.249201 80 174 0
0.691362 -0.164392 0.251421 80 174 0
0.696585 -0.165855 0.253499 80 174 0
0.700589 -0.169028 0.254767 80 174 0
0.701616 -0.174346 0.254909 80 174 0
0.700432 -0.179856 0.254262 80 174 0
0.695831 -0.182579 0.252083 80 174 0
0.690798 -0.184214 0.250039 80 174 0
0.686022 -0.18181 0.248287 80 174 0
0.682152 -0.177495 0.246947 80 174 0
0.678996 -0.172532 0.245836 80 174 0
0.679568 -0.166865 0.246605 80 174 0
0.681791 -0.161469 0.247965 80 174 0
0.68498 -0.156813 0.249458 80 174 0
0.690164 -0.155746 0.251871 80 174 0
0.695715 -0.155862 0.254091 80 174 0
0.699127 -0.16017 0.255394 80 174 0
0.700057 -0.165649 0.255553 80 174 0
0.698052 -0.171022 0.254517 80 174 0
0.693535 -0.17414 0.252471 80 174 0
0.688037 -0.173981 0.250098 80 174 0
0.683343 -0.171017 0.248383 80 174 0
0.680565 -0.166059 0.247477 80 174 0
0.678196 -0.161077 0.2468 81 173 0
0.678777 -0.155303 0.247441 81 173 0
0.681322 -0.150097 0.248949 81 173 0
0.685357 -0.146525 0.250958 81 173 0
0.690785 -0.145831 0.253316 81 173 0
0.696032 -0.146468 0.255644 81 173 0
0.699747 -0.150924 0.256979 81 173 0
0.700113 -0.156861 0.25638 81 173 0
0.698236 -0.161909 0.255148 81 173 0
0.693729 -0.164238 0.253079 81 173 0
0.688269 -0.164095 0.250613 81 173 0
0.683538 -0.161817 0.249017 81 173 0
0.680479 -0.156728 0.248234 81 173 0
0.677818 -0.152008 0.247567 81 173 0
0.677777 -0.146086 0.248356 81 173 0
0.680115 -0.141318 0.250235 81 173 0
0.68389 -0.137312 0.252583 81 173 0
0.68898 -0.135944 0.255049 81 173 0
0.694076 -0.136609 0.256783 81 173 0
0.697951 -0.140749 0.257968 81 173 0
0.700199 -0.145236 0.257818 81 173 0
0.699613 -0.150878 0.256849 81 173 0
0.696267 -0.154016 0.254837 81 173 0
0.691576 -0.155648 0.252716 81 173 0
0.686658 -0.15407 0.250809 81 173 0
0.682103 -0.151144 0.249244 81 173 0
0.679525 -0.1466 0.249289 81 173 0
0.6773 -0.14167 0.2493 81 173 0
0.676838 -0.135976 0.249995 81 173 0
0.678564 -0.131532 0.251898 81 173 0
0.682197 -0.128553 0.254672 81 173 0
0.685899 -0.126116 0.2569 81 173 0
0.68351 -0.127434 0.255465 81 173 0
0.680101 -0.129428 0.253329 81 173 0
0.676677 -0.131412 0.251207 81 173 0
0.673239 -0.133434 0.249144 81 173 0
0.669789 -0.13544 0.247085 81 173 0
0.665752 -0.136367 0.256187 81 173 0
0.612143 -0.13736 0.23039 81 173 0
0.618381 -0.136651 0.222607 81 173 0
0.618381 -0.136651 0.222607 81 173 0
0.618848 -0.141779 0.221908 81 173 0
0.619321 -0.146415 0.22122 81 173 0
0.619708 -0.151075 0.220653 81 173 0
0.620043 -0.155747 0.220158 81 173 0
0.620283 -0.160436 0.219802 81 173 0
0.620423 -0.165139 0.219599 81 173 0
0.620487 -0.169849 0.21952 81 173 0
0.620454 -0.174558 0.219568 81 173 0
0.620012 -0.180065 0.218777 81 173 0
0.619867 -0.184764 0.217658 81 173 0
0.619652 -0.189427 0.216404 81 173 0
0.619451 -0.194095 0.215168 81 173 0
0.619285 -0.198802 0.214093 81 173 0
0.61904 -0.203537 0.213162 81 173 0
0.618633 -0.208287 0.212379 81 173 0
0.618067 -0.213043 0.211733 81 173 0
0.617408 -0.217793 0.211136 81 173 0
0.616761 -0.222542 0.210519 81 173 0
0.615973 -0.227269 0.209933 81 173 0
0.616639 -0.221985 0.210832 81 173 0
0.617456 -0.217309 0.211208 81 173 0
0.618125 -0.212628 0.211785 81 173 0
0.618672 -0.207939 0.212428 81 173 0
0.619059 -0.203258 0.213213 81 173 0
0.619428 -0.198636 0.214282 81 173 0
0.619791 -0.194061 0.215554 81 173 0
0.620008 -0.189475 0.216821 82 172 0
0.620356 -0.184981 0.218361 82 172 0
0.620578 -0.180025 0.219416 82 172 0
0.62057 -0.17522 0.219396 82 172 0
0.620503 -0.170417 0.219497 82 172 0
0.620417 -0.165614 0.21961 82 172 0
0.620283 -0.160815 0.219802 82 172 0
0.620058 -0.156029 0.220135 82 172 0
0.619725 -0.151261 0.220628 82 172 0
0.619335 -0.146506 0.2212 82 172 0
0.618848 -0.141779 0.221908 82 172 0
0.617496 -0.124352 0.223826 82 172 0
0.622298 -0.125954 0.226007 82 172 0
0.625164 -0.129988 0.226947 82 172 0
0.627113 -0.135237 0.227321 82 172 0
0.625911 -0.140362 0.2258 82 172 0
0.62346 -0.145237 0.22373 82 172 0
0.619127 -0.147002 0.220517 82 172 0
0.614862 -0.149005 0.217474 82 172 0
0.610343 -0.146591 0.214589 82 172 0
0.606033 -0.144533 0.212103 82 172 0
0.602907 -0.139636 0.210484 82 172 0
0.602628 -0.133831 0.210905 82 172 0
0.604071 -0.128167 0.212301 82 172 0
0.607684 -0.1247 0.215133 82 172 0
0.612291 -0.125605 0.218441 82 172 0
0.615814 -0.129902 0.220546 82 172 0
0.617369 -0.13548 0.221061 82 172 0
0.615723 -0.140445 0.219167 82 172 0
0.614134 -0.144879 0.217231 82 172 0
0.610119 -0.14718 0.213391 82 172 0
0.605807 -0.149126 0.209782 82 172 0
0.602064 -0.146682 0.20625 82 172 0
0.598453 -0.143122 0.202985 82 172 0
0.595907 -0.139104 0.200644 82 172 0
0.595119 -0.133357 0.200182 82 172 0
0.595474 -0.12863 0.201214 82 172 0
0.597858 -0.125984 0.204339 82 172 0
0.600463 -0.124415 0.208247 82 172 0
0.602829 -0.125977 0.211339 82 172 0
0.606079 -0.129112 0.213928 82 172 0
0.608617 -0.133166 0.215154 82 172 0
0.609063 -0.139109 0.214686 82 172 0
0.609008 -0.14474 0.213101 82 172 0
0.607479 -0.149053 0.210532 82 172 0
0.604723 -0.152306 0.206749 82 172 0
0.600598 -0.152356 0.202462 82 172 0
0.596859 -0.150995 0.198536 82 172 0
0.593927 -0.147172 0.1962 82 172 0
0.592162 -0.141735 0.195698 82 172 0
0.594394 -0.137057 0.198362 82 172 0
0.597323 -0.134248 0.202091 82 172 0
0.601593 -0.134124 0.206254 82 172 0
0.605087 -0.137686 0.209163 82 172 0
0.608062 -0.142116 0.211166 82 172 0
0.609907 -0.147369 0.211636 82 172 0
0.608918 -0.152871 0.209886 82 172 0
0.607009 -0.15788 0.207288 82 172 0
0.6034 -0.160781 0.20373 82 172 0
0.599578 -0.161599 0.199948 82 172 0
0.595712 -0.160174 0.196385 82 172 0
0.592881 -0.155475 0.194247 82 172 0
0.592655 -0.149639 0.194651 82 172 0
0.593993 -0.145088 0.196641 82 172 0
0.597717 -0.142552 0.200164 82 172 0
0.602226 -0.143541 0.20378 82 172 0
0.605668 -0.147496 0.206471 82 172 0
0.608078 -0.152653 0.20787 83 171 0
0.60871 -0.158526 0.207609 83 171 0
0.608276 -0.164162 0.206309 83 171 0
0.605368 -0.168174 0.203279 83 171 0
0.601414 -0.170759 0.199627 83 171 0
0.597248 -0.170965 0.195355 83 171 0
0.59349 -0.167505 0.192521 83 171 0
0.591948 -0.161977 0.191423 83 171 0
0.591582 -0.156037 0.191907 83 171 0
0.594416 -0.152348 0.194531 83 171 0
0.598563 -0.150915 0.198333 83 171 0
0.602811 -0.153164 0.201843 83 171 0
0.60518 -0.157886 0.203756 83 171 0
0.607513 -0.163103 0.205027 83 171 0
0.608 -0.16901 0.204397 83 171 0
0.607076 -0.174538 0.202792 83 171 0
0.603562 -0.177711 0.199204 83 171 0
0.599708 -0.178434 0.194964 83 171 0
0.595459 -0.17742 0.191008 83 171 0
0.592065 -0.174041 0.188341 83 171 0
0.590784 -0.168598 0.187715 83 171 0
0.592184 -0.16357 0.189426 83 171 0
0.595469 -0.160966 0.193325 83 171 0
0.599501 -0.16082 0.197709 83 171 0
0.603823 -0.163056 0.201095 83 171 0
0.606182 -0.167949 0.202976 83 171 0
0.607227 -0.173699 0.203405 83 171 0
0.606538 -0.179105 0.201888 83 171 0
0.604704 -0.183983 0.199122 83 171 0
0.602015 -0.186814 0.195009 83 171 0
0.598632 -0.187949 0.191039 83 171 0
0.594881 -0.1868 0.186979 83 171 0
0.592378 -0.182537 0.184186 83 171 0
0.590241 -0.178447 0.183064 83 171 0
0.591866 -0.173624 0.184737 83 171 0
0.593088 -0.170697 0.187617 83 171 0
0.595393 -0.168553 0.190153 83 171 0
0.597878 -0.16844 0.194204 83 171 0
0.599934 -0.170901 0.196994 83 171 0
0.602842 -0.173154 0.199575 83 171 0
0.605195 -0.177876 0.201304 83 171 0
0.606903 -0.183279 0.201616 83 171 0
0.606309 -0.188787 0.200086 83 171 0
0.604786 -0.193405 0.197257 83 171 0
0.602493 -0.1961 0.193332 83 171 0
0.598915 -0.197971 0.189198 83 171 0
0.594783 -0.196719 0.185273 83 171 0
0.592767 -0.192566 0.183269 83 171 0
0.590437 -0.187542 0.182334 83 171 0
0.592255 -0.183031 0.18457 83 171 0
0.595103 -0.180353 0.188271 83 171 0
0.599064 -0.178607 0.192182 83 171 0
0.602666 -0.181978 0.195471 83 171 0
0.605903 -0.185963 0.198088 83 171 0
0.607937 -0.191439 0.199432 83 171 0
0.607685 -0.197132 0.198699 83 171 0
0.606218 -0.202594 0.196745 83 171 0
0.603893 -0.207057 0.193808 83 171 0
0.599884 -0.208165 0.189657 83 171 0
0.59566 -0.207032 0.185758 83 171 0
0.591891 -0.203746 0.182787 83 171 0
0.591245 -0.198225 0.182384 83 171 0
0.592584 -0.192601 0.183792 83 171 0
0.596797 -0.191208 0.187574 83 171 0
0.601008 -0.190612 0.191556 83 171 0
0.604365 -0.193994 0.194765 83 171 0
0.607565 -0.198313 0.19742 83 171 0
0.608723 -0.203969 0.198545 83 171 0
0.607803 -0.209823 0.197823 84 170 0
0.605979 -0.215207 0.195995 84 170 0
0.603024 -0.219356 0.193308 84 170 0
0.598704 -0.220552 0.189491 84 170 0
0.594759 -0.21793 0.185982 84 170 0
0.592369 -0.213196 0.183373 84 170 0
0.591522 -0.207429 0.182591 84 170 0
0.594695 -0.203217 0.185106 84 170 0
0.597894 -0.200075 0.188117 84 170 0
0.602039 -0.201996 0.191703 84 170 0
0.605705 -0.205102 0.195164 84 170 0
0.608218 -0.210017 0.197395 84 170 0
0.608841 -0.215786 0.198288 84 170 0
0.607291 -0.221479 0.197272 84 170 0
0.60449 -0.225985 0.19489 84 170 0
0.60204 -0.230489 0.192454 84 170 0
0.597722 -0.229938 0.188395 84 170 0
0.593643 -0.227448 0.184777 84 170 0
0.591487 -0.222875 0.182574 84 170 0
0.592508 -0.217313 0.183264 84 170 0
0.595092 -0.21267 0.185972 84 170 0
0.599405 -0.211698 0.189939 84 170 0
0.603277 -0.213545 0.193687 84 170 0
0.606801 -0.216875 0.196922 84 170 0
0.608667 -0.222323 0.198509 84 170 0
0.60882 -0.228297 0.198439 84 170 0
0.607148 -0.23362 0.196655 84 170 0
0.605128 -0.238494 0.193909 84 170 0
0.601448 -0.240133 0.190074 84 170 0
0.597766 -0.240897 0.186613 84 170 0
0.594096 -0.238796 0.183101 84 170 0
0.59204 -0.23491 0.181269 84 170 0
0.592075 -0.22894 0.181556 84 170 0
0.59424 -0.22451 0.183975 84 170 0
0.596784 -0.222495 0.187511 84 170 0
0.599801 -0.222927 0.191345 84 170 0
0.603636 -0.224083 0.195155 84 170 0
0.607881 -0.226716 0.197386 84 170 0
0.609352 -0.232468 0.197722 84 170 0
0.609054 -0.238357 0.196743 84 170 0
0.606409 -0.242851 0.19409 84 170 0
0.603053 -0.246343 0.190629 84 170 0
0.598554 -0.246343 0.186976 84 170 0
0.594489 -0.242994 0.183996 84 170 0
0.591681 -0.238365 0.182048 84 170 0
0.59174 -0.232307 0.182229 84 170 0
0.593995 -0.227121 0.184183 84 170 0
0.59666 -0.222434 0.186908 84 170 0
0.600134 -0.222927 0.190768 84 170 0
0.603217 -0.222683 0.195136 84 170 0
0.605686 -0.224894 0.197383 84 170 0
0.607672 -0.228906 0.198691 84 170 0
0.60907 -0.234138 0.198447 84 170 0
0.608272 -0.23803 0.196331 84 170 0
0.60499 -0.239833 0.193106 84 170 0
0.601876 -0.242378 0.189805 84 170 0
0.598188 -0.239417 0.18654 84 170 0
0.59457 -0.236706 0.183679 84 170 0
0.592942 -0.231357 0.182441 84 170 0
0.592235 -0.226057 0.182345 84 170 0
0.593697 -0.220788 0.183938 84 170 0
0.596163 -0.216633 0.186539 84 170 0
0.59905 -0.213059 0.190082 84 170 0
0.603256 -0.212769 0.194339 84 170 0
0.606715 -0.215554 0.197828 84 170 0
0.608786 -0.21937 0.199903 84 170 0
0.608341 -0.224353 0.199321 84 170 0
0.606919 -0.229449 0.197346 85 169 0
0.603381 -0.231749 0.193972 85 169 0
0.599961 -0.230571 0.190567 85 169 0
0.596377 -0.228011 0.186878 85 169 0
0.593766 -0.223517 0.184263 85 169 0
0.592823 -0.217789 0.183335 85 169 0
0.593638 -0.211957 0.184023 85 169 0
0.595823 -0.206886 0.186187 85 169 0
0.599098 -0.203186 0.189181 85 169 0
0.603191 -0.203091 0.193478 85 169 0
0.607397 -0.204336 0.197456 85 169 0
0.609278 -0.209569 0.199535 85 169 0
0.609706 -0.215276 0.200214 85 169 0
0.607491 -0.220242 0.19826 85 169 0
0.603524 -0.222151 0.194584 85 169 0
0.599379 -0.222302 0.190758 85 169 0
0.596357 -0.218207 0.187564 85 169 0
0.594197 -0.213039 0.185409 85 169 0
0.593631 -0.207173 0.184849 85 169 0
0.594375 -0.201421 0.185684 85 169 0
0.596526 -0.196329 0.18786 85 169 0
0.600413 -0.193438 0.191414 85 169 0
0.604614 -0.193224 0.195313 85 169 0
0.608405 -0.196118 0.19891 85 169 0
0.609977 -0.201466 0.2006 85 169 0
0.610183 -0.206964 0.200348 85 169 0
0.607597 -0.210917 0.197677 85 169 0
0.603699 -0.212474 0.193898 85 169 0
0.599407 -0.210607 0.190344 85 169 0
0.596066 -0.20655 0.187495 85 169 0
0.593901 -0.201154 0.186024 85 169 0
0.59318 -0.195316 0.185836 85 169 0
0.594571 -0.189812 0.187393 85 169 0
0.598086 -0.186328 0.190692 85 169 0
0.601413 -0.182854 0.194167 85 169 0
0.605425 -0.184189 0.198084 85 169 0
0.609581 -0.186415 0.201487 85 169 0
0.611313 -0.191726 0.202779 85 169 0
0.610104 -0.197119 0.201534 85 169 0
0.607631 -0.201482 0.198434 85 169 0
0.603366 -0.202825 0.194651 85 169 0
0.599524 -0.200207 0.191248 85 169 0
0.596248 -0.195969 0.188807 85 169 0
0.594198 -0.190459 0.187618 85 169 0
0.593864 -0.184526 0.188179 85 169 0
0.595614 -0.179298 0.190113 85 169 0
0.598868 -0.175796 0.193469 85 169 0
0.602691 -0.174151 0.197563 85 169 0
0.606768 -0.175307 0.201437 85 169 0
0.609797 -0.179745 0.203827 85 169 0
0.610726 -0.185409 0.203889 85 169 0
0.608197 -0.190033 0.20129 85 169 0
0.604403 -0.192652 0.197587 85 169 0
0.600285 -0.190924 0.193831 85 169 0
0.596463 -0.187351 0.190947 85 169 0
0.594011 -0.182666 0.189456 85 169 0
0.593417 -0.176811 0.189744 85 169 0
0.594324 -0.171052 0.19118 85 169 0
0.596668 -0.166721 0.193787 85 169 0
0.60039 -0.164065 0.197583 85 169 0
0.604794 -0.164092 0.201669 85 169 0
0.608368 -0.167012 0.205017 85 169 0
0.610906 -0.171949 0.206864 85 169 0
0.610574 -0.17771 0.205899 85 169 0
0.60747 -0.181537 0.202744 85 169 0
0.603268 -0.182463 0.19882 85 169 0
0.599336 -0.181079 0.195347 85 169 0
0.596085 -0.176869 0.192989 85 169 0
0.594375 -0.171184 0.192122 86 168 0
0.593568 -0.165296 0.192304 86 168 0
0.594893 -0.15984 0.19435 86 168 0
0.597887 -0.15581 0.197464 86 168 0
0.601809 -0.154062 0.201435 86 168 0
0.605838 -0.154956 0.205207 86 168 0
0.609048 -0.159259 0.207897 86 168 0
0.610197 -0.164757 0.208347 86 168 0
0.608951 -0.170095 0.206358 86 168 0
0.605603 -0.172375 0.20306 86 168 0
0.601247 -0.172208 0.198962 86 168 0
0.597454 -0.169355 0.195948 86 168 0
0.594237 -0.165038 0.19378 86 168 0
0.593651 -0.159104 0.193846 86 168 0
0.593584 -0.153385 0.194745 86 168 0
0.595688 -0.148543 0.197578 86 168 0
0.599044 -0.145113 0.20114 86 168 0
0.602919 -0.144017 0.205368 86 168 0
0.606828 -0.146089 0.209024 86 168 0
0.60961 -0.150849 0.211077 86 168 0
0.610463 -0.156592 0.210748 86 168 0
0.607928 -0.161058 0.207733 86 168 0
0.604498 -0.164038 0.203994 86 168 0
0.60036 -0.162158 0.200201 86 168 0
0.596884 -0.159363 0.197002 86 168 0
0.594466 -0.154136 0.195318 86 168 0
0.592938 -0.148396 0.194678 86 168 0
0.594258 -0.14339 0.196765 86 168 0
0.595185 -0.138094 0.199019 86 168 0
0.598001 -0.135469 0.202849 86 168 0
0.601953 -0.134091 0.206863 86 168 0
0.605243 -0.135856 0.210967 86 168 0
0.607739 -0.139366 0.213004 86 168 0
0.610306 -0.14398 0.214172 86 168 0
0.609392 -0.14908 0.212475 86 168 0
0.607238 -0.152605 0.20944 86 168 0
0.60356 -0.153909 0.205345 86 168 0
0.59991 -0.152413 0.201552 86 168 0
0.597165 -0.148702 0.198704 86 168 0
0.595533 -0.144388 0.197238 86 168 0
0.594305 -0.139011 0.196778 86 168 0
0.594431 -0.133699 0.197932 86 168 0
0.59513 -0.128958 0.199944 86 168 0
0.596508 -0.126331 0.202082 86 168 0
0.598156 -0.125977 0.204837 86 168 0
0.600329 -0.124415 0.208479 86 168 0
0.602029 -0.125205 0.210433 86 168 0
0.605421 -0.127865 0.21346 86 168 0
0.608933 -0.130584 0.216284 86 168 0
0.612669 -0.133218 0.218898 86 168 0
0.616614 -0.135426 0.221574 86 168 0
0.61039 -0.136207 0.229362 86 168 0
0.663048 -0.137529 0.255922 86 168 0
0.667155 -0.136668 0.246845 86 168 0
0.668027 -0.141935 0.245047 86 168 0
0.668238 -0.146566 0.244612 86 168 0
0.668379 -0.151214 0.244287 86 168 0
0.668464 -0.155868 0.244025 86 168 0
0.668545 -0.160528 0.243929 86 168 0
0.668604 -0.16519 0.243958 86 168 0
0.668569 -0.169852 0.243993 86 168 0
0.668547 -0.174511 0.24402 86 168 0
0.668649 -0.179725 0.243813 86 168 0
0.669477 -0.184377 0.2432 86 168 0
0.669975 -0.189083 0.242649 86 168 0
0.670532 -0.19379 0.242155 86 168 0
0.671058 -0.198509 0.241758 86 168 0
0.671408 -0.203254 0.241575 87 167 0
0.671513 -0.208016 0.241583 87 167 0
0.671488 -0.21278 0.241689 87 167 0
0.671532 -0.217543 0.241803 87 167 0
0.671627 -0.222307 0.241757 87 167 0
0.671634 -0.22707 0.24178 87 167 0
0.671507 -0.22198 0.242225 87 167 0
0.671504 -0.216672 0.241829 87 167 0
0.671447 -0.211354 0.241644 87 167 0
0.671107 -0.206049 0.241391 87 167 0
0.670808 -0.200737 0.241491 87 167 0
0.670277 -0.195454 0.24186 87 167 0
0.669615 -0.190201 0.242399 87 167 0
0.669115 -0.184976 0.243167 87 167 0
0.668649 -0.179725 0.243813 87 167 0
0.668546 -0.174995 0.243819 87 167 0
0.668578 -0.170266 0.243968 87 167 0
0.668603 -0.165535 0.243961 87 167 0
0.66855 -0.160804 0.243931 87 167 0
0.668467 -0.156075 0.244016 87 167 0
0.668382 -0.151352 0.244277 87 167 0
0.668243 -0.146635 0.244609 87 167 0
0.668027 -0.141935 0.245047 87 167 0
0.665858 -0.124349 0.247971 87 167 0
0.670885 -0.125665 0.249982 87 167 0
0.675343 -0.128155 0.251366 87 167 0
0.678638 -0.131961 0.251893 87 167 0
0.681175 -0.137263 0.252181 87 167 0
0.680623 -0.14304 0.251199 87 167 0
0.67734 -0.14663 0.248941 87 167 0
0.672999 -0.149152 0.246653 87 167 0
0.668154 -0.146894 0.244688 87 167 0
0.664613 -0.142076 0.243418 87 167 0
0.665451 -0.137012 0.244513 87 167 0
0.666189 -0.131395 0.245398 87 167 0
0.670245 -0.127986 0.247901 87 167 0
0.675182 -0.125977 0.250539 87 167 0
0.680656 -0.126043 0.253257 87 167 0
0.685487 -0.128193 0.255346 87 167 0
0.688844 -0.133123 0.256348 87 167 0
0.690536 -0.138769 0.256456 87 167 0
0.690472 -0.144436 0.255593 87 167 0
0.686603 -0.14817 0.252931 87 167 0
0.681695 -0.149168 0.250185 87 167 0
0.677077 -0.146394 0.248308 87 167 0
0.674983 -0.140918 0.248163 87 167 0
0.675036 -0.134999 0.249243 87 167 0
0.677954 -0.13035 0.251851 87 167 0
0.681582 -0.127949 0.254419 87 167 0
0.685836 -0.126116 0.257009 87 167 0
0.68966 -0.127551 0.257788 87 167 0
0.694068 -0.130047 0.258712 87 167 0
0.697176 -0.134319 0.258762 87 167 0
0.699122 -0.139582 0.258576 87 167 0
0.69828 -0.144749 0.257103 87 167 0
0.696385 -0.150218 0.255651 87 167 0
0.692456 -0.154105 0.253642 87 167 0
0.687302 -0.155388 0.251069 87 167 0
0.683136 -0.153927 0.249548 87 167 0
0.679375 -0.150305 0.248518 87 167 0
0.677603 -0.145283 0.248364 87 167 0
0.679469 -0.139781 0.249734 87 167 0
0.684004 -0.137381 0.25211 87 167 0
0.689213 -0.135856 0.254348 87 167 0
0.693444 -0.139438 0.255917 87 167 0
0.697537 -0.143198 0.257504 87 167 0
0.699472 -0.148815 0.257745 87 167 0
0.699611 -0.15478 0.257078 88 166 0
0.696778 -0.159461 0.255176 88 166 0
0.693537 -0.164243 0.25353 88 166 0
0.688638 -0.166629 0.251053 88 166 0
0.68365 -0.164931 0.248768 88 166 0
0.679632 -0.160824 0.247124 88 166 0
0.67822 -0.155308 0.246787 88 166 0
0.680399 -0.150857 0.247966 88 166 0
0.685087 -0.14785 0.250198 88 166 0
0.690046 -0.147215 0.252463 88 166 0
0.694337 -0.150792 0.254307 88 166 0
0.698774 -0.154162 0.256125 88 166 0
0.700202 -0.15977 0.256479 88 166 0
0.699955 -0.165752 0.256045 88 166 0
0.697267 -0.170791 0.254525 88 166 0
0.69327 -0.174419 0.252634 88 166 0
0.688284 -0.176518 0.250205 88 166 0
0.683029 -0.174949 0.248099 88 166 0
0.678965 -0.171056 0.246301 88 166 0
0.678575 -0.165245 0.246401 88 166 0
0.681426 -0.160663 0.247819 88 166 0
0.685856 -0.158673 0.249756 88 166 0
0.69098 -0.158173 0.251875 88 166 0
0.695659 -0.16132 0.253609 88 166 0
0.698894 -0.16622 0.254354 88 166 0
0.700579 -0.171811 0.254437 88 166 0
0.700174 -0.177487 0.253724 88 166 0
0.697627 -0.182685 0.252242 88 166 0
0.693706 -0.186182 0.250418 88 166 0
0.688163 -0.186471 0.248276 88 166 0
0.6828 -0.186041 0.246814 88 166 0
0.67956 -0.181962 0.246519 88 166 0
0.678384 -0.176281 0.246667 88 166 0
0.680481 -0.172414 0.247891 88 166 0
0.683779 -0.169396 0.249013 88 166 0
0.688851 -0.168987 0.250487 88 166 0
0.693409 -0.170008 0.251927 88 166 0
0.697658 -0.172482 0.252701 88 166 0
0.701283 -0.175906 0.253488 88 166 0
0.702212 -0.181605 0.25288 88 166 0
0.701853 -0.187071 0.251544 88 166 0
0.700157 -0.192114 0.250457 88 166 0
0.696863 -0.196246 0.249216 88 166 0
0.692482 -0.198607 0.247753 88 166 0
0.68704 -0.197762 0.245944 88 166 0
0.682618 -0.193783 0.245302 88 166 0
0.67916 -0.189211 0.244511 88 166 0
0.680659 -0.183927 0.245523 88 166 0
0.685164 -0.180495 0.247479 88 166 0
0.690536 -0.179198 0.249114 88 166 0
0.695896 -0.180921 0.250955 88 166 0
0.699478 -0.185041 0.251588 88 166 0
0.7027 -0.190017 0.252358 88 166 0
0.703156 -0.195879 0.252053 88 166 0
0.701864 -0.201645 0.251285 88 166 0
0.698574 -0.206276 0.249667 88 166 0
0.693451 -0.208389 0.247537 88 166 0
0.687963 -0.208276 0.245254 88 166 0
0.683198 -0.205683 0.243858 88 166 0
0.681884 -0.199933 0.243697 88 166 0
0.683259 -0.194379 0.24433 88 166 0
0.687377 -0.190651 0.245838 88 166 0
0.69298 -0.191028 0.247903 88 166 0
0.698313 -0.192481 0.250052 88 166 0
0.701555 -0.197135 0.251215 88 166 0
0.703465 -0.20263 0.251962 88 166 0
0.703723 -0.208616 0.252072 88 166 0
0.700784 -0.213363 0.250769 88 166 0
0.696479 -0.217105 0.248972 89 165 0
0.691487 -0.219169 0.247129 89 165 0
0.686364 -0.218109 0.244981 89 165 0
0.682295 -0.214046 0.243411 89 165 0
0.682297 -0.208174 0.243373 89 165 0
0.684761 -0.203013 0.244184 89 165 0
0.689847 -0.200998 0.246022 89 165 0
0.695351 -0.201103 0.248394 89 165 0
0.69938 -0.204564 0.249987 89 165 0
0.702304 -0.209679 0.2511 89 165 0
0.703722 -0.215138 0.251598 89 165 0
0.703339 -0.220995 0.251433 89 165 0
0.699905 -0.225733 0.250146 89 165 0
0.694988 -0.228498 0.248392 89 165 0
0.689486 -0.229271 0.246624 89 165 0
0.684284 -0.227509 0.244428 89 165 0
0.682234 -0.22272 0.243731 89 165 0
0.682703 -0.217473 0.243903 89 165 0
0.68656 -0.213259 0.245417 89 165 0
0.691682 -0.211031 0.247139 89 165 0
0.696726 -0.213276 0.248638 89 165 0
0.701724 -0.215994 0.250483 89 165 0
0.704027 -0.220955 0.250919 89 165 0
0.705095 -0.226274 0.251039 89 165 0
0.704787 -0.232124 0.250682 89 165 0
0.701476 -0.236303 0.248858 89 165 0
0.697968 -0.240619 0.247152 89 165 0
0.69255 -0.240679 0.244734 89 165 0
0.687604 -0.239378 0.243445 89 165 0
0.684434 -0.235646 0.243085 89 165 0
0.682224 -0.230636 0.243606 89 165 0
0.684387 -0.22635 0.2456 89 165 0
0.687888 -0.222346 0.246908 89 165 0
0.692913 -0.222463 0.248199 89 165 0
0.698699 -0.222775 0.249082 89 165 0
0.702997 -0.22687 0.250395 89 165 0
0.704986 -0.232258 0.250865 89 165 0
0.705255 -0.238096 0.250718 89 165 0
0.70309 -0.243277 0.24945 89 165 0
0.69818 -0.245919 0.24702 89 165 0
0.692716 -0.246328 0.244683 89 165 0
0.687739 -0.243445 0.24303 89 165 0
0.684882 -0.238178 0.242427 89 165 0
0.683175 -0.232876 0.242441 89 165 0
0.685023 -0.22736 0.244124 89 165 0
0.688182 -0.223925 0.246472 89 165 0
0.692697 -0.222463 0.248572 89 165 0
0.697918 -0.222732 0.24939 89 165 0
0.701677 -0.224587 0.250091 89 165 0
0.704625 -0.228023 0.250418 89 165 0
0.705494 -0.232144 0.250172 89 165 0
0.704217 -0.23658 0.24935 89 165 0
0.701203 -0.239902 0.248221 89 165 0
0.695926 -0.240642 0.24628 89 165 0
0.69064 -0.240158 0.244743 89 165 0
0.68649 -0.236049 0.243692 89 165 0
0.683937 -0.232261 0.243816 89 165 0
0.681551 -0.227075 0.243717 89 165 0
0.683316 -0.222255 0.244977 89 165 0
0.68587 -0.217444 0.245655 89 165 0
0.689853 -0.214267 0.246601 89 165 0
0.694888 -0.212834 0.248176 89 165 0
0.700105 -0.214613 0.249728 89 165 0
0.703763 -0.217761 0.250798 89 165 0
0.70543 -0.223191 0.251549 89 165 0
0.702568 -0.227967 0.250373 89 165 0
0.698259 -0.230605 0.248837 89 165 0
0.694198 -0.232188 0.247736 90 164 0
0.689053 -0.230051 0.24627 90 164 0
0.685181 -0.225752 0.244927 90 164 0
0.681438 -0.221504 0.243449 90 164 0
0.681804 -0.215533 0.243752 90 164 0
0.684341 -0.210454 0.244717 90 164 0
0.687615 -0.205642 0.245678 90 164 0
0.692455 -0.202664 0.24693 90 164 0
0.697497 -0.20457 0.248594 90 164 0
0.702755 -0.205903 0.250863 90 164 0
0.704126 -0.210913 0.251395 90 164 0
0.703612 -0.216851 0.251577 90 164 0
0.700348 -0.221344 0.250602 90 164 0
0.695136 -0.222639 0.248667 90 164 0
0.689769 -0.221459 0.246623 90 164 0
0.685309 -0.217866 0.245097 90 164 0
0.682228 -0.213156 0.243817 90 164 0
0.681834 -0.207236 0.243689 90 164 0
0.683262 -0.20168 0.244119 90 164 0
0.68622 -0.1966 0.245156 90 164 0
0.691461 -0.19432 0.246937 90 164 0
0.696698 -0.193376 0.249039 90 164 0
0.701439 -0.196442 0.250737 90 164 0
0.703684 -0.201535 0.251269 90 164 0
0.703959 -0.207502 0.251493 90 164 0
0.700246 -0.211607 0.250028 90 164 0
0.695076 -0.212841 0.248127 90 164 0
0.689703 -0.211597 0.246015 90 164 0
0.685093 -0.208376 0.244528 90 164 0
0.682876 -0.202838 0.243975 90 164 0
0.681818 -0.197092 0.243942 90 164 0
0.683617 -0.191567 0.245042 90 164 0
0.686362 -0.187106 0.24613 90 164 0
0.691195 -0.184264 0.248214 90 164 0
0.696796 -0.184398 0.250342 90 164 0
0.701448 -0.187096 0.252106 90 164 0
0.703225 -0.192709 0.252284 90 164 0
0.702531 -0.198249 0.251647 90 164 0
0.698262 -0.201383 0.249668 90 164 0
0.693045 -0.202743 0.247925 90 164 0
0.687833 -0.201041 0.246074 90 164 0
0.683629 -0.197087 0.244818 90 164 0
0.68127 -0.191672 0.244381 90 164 0
0.681027 -0.185704 0.244859 90 164 0
0.682635 -0.180267 0.24611 90 164 0
0.686536 -0.176424 0.248187 90 164 0
0.691401 -0.174103 0.250243 90 164 0
0.696729 -0.175729 0.252241 90 164 0
0.701383 -0.178181 0.253715 90 164 0
0.702099 -0.184018 0.253402 90 164 0
0.70108 -0.189823 0.252567 90 164 0
0.696436 -0.192645 0.250502 90 164 0
0.691326 -0.193551 0.24858 90 164 0
0.686261 -0.190891 0.246798 90 164 0
0.682998 -0.18602 0.245891 90 164 0
0.680065 -0.18092 0.245003 90 164 0
0.680847 -0.175554 0.246028 90 164 0
0.683084 -0.170215 0.247558 90 164 0
0.686407 -0.166587 0.249201 90 164 0
0.691362 -0.164392 0.251421 90 164 0
0.696585 -0.165855 0.253499 90 164 0
0.700589 -0.169028 0.254767 90 164 0
0.701616 -0.174346 0.254909 90 164 0
0.700432 -0.179856 0.254262 90 164 0
0.695831 -0.182579 0.252083 90 164 0
0.690798 -0.184214 0.250039 90 164 0
0.686022 -0.18181 0.248287 90 164 0
0.682152 -0.177495 0.246947 91 163 0
0.678996 -0.172532 0.245836 91 163 0
0.679568 -0.166865 0.246605 91 163 0
0.681791 -0.161469 0.247965 91 163 0
0.68498 -0.156813 0.249458 91 163 0
0.690164 -0.155746 0.251871 91 163 0
0.695715 -0.155862 0.254091 91 163 0
0.699127 -0.16017 0.255394 91 163 0
0.700057 -0.165649 0.255553 91 163 0
0.698052 -0.171022 0.254517 91 163 0
0.693535 -0.17414 0.252471 91 163 0
0.688037 -0.173981 0.250098 91 163 0
0.683343 -0.171017 0.248383 91 163 0
0.680565 -0.166059 0.247477 91 163 0
0.678196 -0.161077 0.2468 91 163 0
0.678777 -0.155303 0.247441 91 163 0
0.681322 -0.150097 0.248949 91 163 0
0.685357 -0.146525 0.250958 91 163 0
0.690785 -0.145831 0.253316 91 163 0
0.696032 -0.146468 0.255644 91 163 0
0.699747 -0.150924 0.256979 91 163 0
0.700113 -0.156861 0.25638 91 163 0
0.698236 -0.161909 0.255148 91 163 0
0.693729 -0.164238 0.253079 91 163 0
0.688269 -0.164095 0.250613 91 163 0
0.683538 -0.161817 0.249017 91 163 0
0.680479 -0.156728 0.248234 91 163 0
0.677818 -0.152008 0.247567 91 163 0
0.677777 -0.146086 0.248356 91 163 0
0.680115 -0.141318 0.250235 91 163 0
0.68389 -0.137312 0.252583 91 163 0
0.68898 -0.135944 0.255049 91 163 0
0.694076 -0.136609 0.256783 91 163 0
0.697951 -0.140749 0.257968 91 163 0
0.700199 -0.145236 0.257818 91 163 0
0.699613 -0.150878 0.256849 91 163 0
0.696267 -0.154016 0.254837 91 163 0
0.691576 -0.155648 0.252716 91 163 0
0.686658 -0.15407 0.250809 91 163 0
0.682103 -0.151144 0.249244 91 163 0
0.679525 -0.1466 0.249289 91 163 0
0.6773 -0.14167 0.2493 91 163 0
0.676838 -0.135976 0.249995 91 163 0
0.678564 -0.131532 0.251898 91 163 0
0.682197 -0.128553 0.254672 91 163 0
0.685899 -0.126116 0.2569 91 163 0
0.68351 -0.127434 0.255465 91 163 0
0.680101 -0.129428 0.253329 91 163 0
0.676677 -0.131412 0.251207 91 163 0
0.673239 -0.133434 0.249144 91 163 0
0.669789 -0.13544 0.247085 91 163 0
0.665752 -0.136367 0.256187 91 163 0
0.612143 -0.13736 0.23039 91 163 0
0.618381 -0.136651 0.222607 91 163 0
0.618381 -0.136651 0.222607 91 163 0
0.618848 -0.141779 0.221908 91 163 0
0.619321 -0.146415 0.22122 91 163 0
0.619708 -0.151075 0.220653 91 163 0
0.620043 -0.155747 0.220158 91 163 0
0.620283 -0.160436 0.219802 91 163 0
0.620423 -0.165139 0.219599 91 163 0
0.620487 -0.169849 0.21952 91 163 0
0.620454 -0.174558 0.219568 91 163 0
0.620012 -0.180065 0.218777 91 163 0
0.619867 -0.184764 0.217658 91 163 0
0.619652 -0.189427 0.216404 91 163 0
0.619451 -0.194095 0.215168 91 163 0
0.619285 -0.198802 0.214093 91 163 0
0.61904 -0.203537 0.213162 92 162 0
0.618633 -0.208287 0.212379 92 162 0
0.618067 -0.213043 0.211733 92 162 0
0.617408 -0.217793 0.211136 92 162 0
0.616761 -0.222542 0.210519 92 162 0
0.615973 -0.227269 0.209933 92 162 0
0.616639 -0.221985 0.210832 92 162 0
0.617456 -0.217309 0.211208 92 162 0
0.618125 -0.212628 0.211785 92 162 0
0.618672 -0.207939 0.212428 92 162 0
0.619059 -0.203258 0.213213 92 162 0
0.619428 -0.198636 0.214282 92 162 0
0.619791 -0.194061 0.215554 92 162 0
0.620008 -0.189475 0.216821 92 162 0
0.620356 -0.184981 0.218361 92 162 0
0.620578 -0.180025 0.219416 92 162 0
0.62057 -0.17522 0.219396 92 162 0
0.620503 -0.170417 0.219497 92 162 0
0.620417 -0.165614 0.21961 92 162 0
0.620283 -0.160815 0.219802 92 162 0
0.620058 -0.156029 0.220135 92 162 0
0.619725 -0.151261 0.220628 92 162 0
0.619335 -0.146506 0.2212 92 162 0
0.618848 -0.141779 0.221908 92 162 0
0.617496 -0.124352 0.223826 92 162 0
0.622298 -0.125954 0.226007 92 162 0
0.625164 -0.129988 0.226947 92 162 0
0.627113 -0.135237 0.227321 92 162 0
0.625911 -0.140362 0.2258 92 162 0
0.62346 -0.145237 0.22373 92 162 0
0.619127 -0.147002 0.220517 92 162 0
0.614862 -0.149005 0.217474 92 162 0
0.610343 -0.146591 0.214589 92 162 0
0.606033 -0.144533 0.212103 92 162 0
0.602907 -0.139636 0.210484 92 162 0
0.602628 -0.133831 0.210905 92 162 0
0.604071 -0.128167 0.212301 92 162 0
0.607684 -0.1247 0.215133 92 162 0
0.612291 -0.125605 0.218441 92 162 0
0.615814 -0.129902 0.220546 92 162 0
0.617369 -0.13548 0.221061 92 162 0
0.615723 -0.140445 0.219167 92 162 0
0.614134 -0.144879 0.217231 92 162 0
0.610119 -0.14718 0.213391 92 162 0
0.605807 -0.149126 0.209782 92 162 0
0.602064 -0.146682 0.20625 92 162 0
0.598453 -0.143122 0.202985 92 162 0
0.595907 -0.139104 0.200644 92 162 0
0.595119 -0.133357 0.200182 92 162 0
0.595474 -0.12863 0.201214 92 162 0
0.597858 -0.125984 0.204339 92 162 0
0.600463 -0.124415 0.208247 92 162 0
0.602829 -0.125977 0.211339 92 162 0
0.606079 -0.129112 0.213928 92 162 0
0.608617 -0.133166 0.215154 92 162 0
0.609063 -0.139109 0.214686 92 162 0
0.609008 -0.14474 0.213101 92 162 0
0.607479 -0.149053 0.210532 92 162 0
0.604723 -0.152306 0.206749 92 162 0
0.600598 -0.152356 0.202462 92 162 0
0.596859 -0.150995 0.198536 92 162 0
0.593927 -0.147172 0.1962 92 162 0
0.592162 -0.141735 0.195698 92 162 0
0.594394 -0.137057 0.198362 92 162 0
0.597323 -0.134248 0.202091 92 162 0
0.601593 -0.134124 0.206254 92 162 0
0.605087 -0.137686 0.209163 92 162 0
0.608062 -0.142116 0.211166 93 161 0
0.609907 -0.147369 0.211636 93 161 0
0.608918 -0.152871 0.209886 93 161 0
0.607009 -0.15788 0.207288 93 161 0
0.6034 -0.160781 0.20373 93 161 0
0.599578 -0.161599 0.199948 93 161 0
0.595712 -0.160174 0.196385 93 161 0
0.592881 -0.155475 0.194247 93 161 0
0.592655 -0.149639 0.194651 93 161 0
0.593993 -0.145088 0.196641 93 161 0
0.597717 -0.142552 0.200164 93 161 0
0.602226 -0.143541 0.20378 93 161 0
0.605668 -0.147496 0.206471 93 161 0
0.608078 -0.152653 0.20787 93 161 0
0.60871 -0.158526 0.207609 93 161 0
0.608276 -0.164162 0.206309 93 161 0
0.605368 -0.168174 0.203279 93 161 0
0.601414 -0.170759 0.199627 93 161 0
0.597248 -0.170965 0.195355 93 161 0
0.59349 -0.167505 0.192521 93 161 0
0.591948 -0.161977 0.191423 93 161 0
0.591582 -0.156037 0.191907 93 161 0
0.594416 -0.152348 0.194531 93 161 0
0.598563 -0.150915 0.198333 93 161 0
0.602811 -0.153164 0.201843 93 161 0
0.60518 -0.157886 0.203756 93 161 0
0.607513 -0.163103 0.205027 93 161 0
0.608 -0.16901 0.204397 93 161 0
0.607076 -0.174538 0.202792 93 161 0
0.603562 -0.177711 0.199204 93 161 0
0.599708 -0.178434 0.194964 93 161 0
0.595459 -0.17742 0.191008 93 161 0
0.592065 -0.174041 0.188341 93 161 0
0.590784 -0.168598 0.187715 93 161 0
0.592184 -0.16357 0.189426 93 161 0
0.595469 -0.160966 0.193325 93 161 0
0.599501 -0.16082 0.197709 93 161 0
0.603823 -0.163056 0.201095 93 161 0
0.606182 -0.167949 0.202976 93 161 0
0.607227 -0.173699 0.203405 93 161 0
0.606538 -0.179105 0.201888 93 161 0
0.604704 -0.183983 0.199122 93 161 0
0.602015 -0.186814 0.195009 93 161 0
0.598632 -0.187949 0.191039 93 161 0
0.594881 -0.1868 0.186979 93 161 0
0.592378 -0.182537 0.184186 93 161 0
0.590241 -0.178447 0.183064 93 161 0
0.591866 -0.173624 0.184737 93 161 0
0.593088 -0.170697 0.187617 93 161 0
0.595393 -0.168553 0.190153 93 161 0
0.597878 -0.16844 0.194204 93 161 0
0.599934 -0.170901 0.196994 93 161 0
0.602842 -0.173154 0.199575 93 161 0
0.605195 -0.177876 0.201304 93 161 0
0.606903 -0.183279 0.201616 93 161 0
0.606309 -0.188787 0.200086 93 161 0
0.604786 -0.193405 0.197257 93 161 0
0.602493 -0.1961 0.193332 93 161 0
0.598915 -0.197971 0.189198 93 161 0
0.594783 -0.196719 0.185273 93 161 0
0.592767 -0.192566 0.183269 93 161 0
0.590437 -0.187542 0.182334 93 161 0
0.592255 -0.183031 0.18457 93 161 0
0.595103 -0.180353 0.188271 93 161 0
0.599064 -0.178607 0.192182 93 161 0
0.602666 -0.181978 0.195471 93 161 0
0.605903 -0.185963 0.198088 93 161 0
0.607937 -0.191439 0.199432 94 160 0
0.607685 -0.197132 0.198699 94 160 0
0.606218 -0.202594 0.196745 94 160 0
0.603893 -0.207057 0.193808 94 160 0
0.599884 -0.208165 0.189657 94 160 0
0.59566 -0.207032 0.185758 94 160 0
0.591891 -0.203746 0.182787 94 160 0
0.591245 -0.198225 0.182384 94 160 0
0.592584 -0.192601 0.183792 94 160 0
0.596797 -0.191208 0.187574 94 160 0
0.601008 -0.190612 0.191556 94 160 0
0.604365 -0.193994 0.194765 94 160 0
0.607565 -0.198313 0.19742 94 160 0
0.608723 -0.203969 0.198545 94 160 0
0.607803 -0.209823 0.197823 94 160 0
0.605979 -0.215207 0.195995 94 160 0
0.603024 -0.219356 0.193308 94 160 0
0.598704 -0.220552 0.189491 94 160 0
0.594759 -0.21793 0.185982 94 160 0
0.592369 -0.213196 0.183373 94 160 0
0.591522 -0.207429 0.182591 94 160 0
0.594695 -0.203217 0.185106 94 160 0
0.597894 -0.200075 0.188117 94 160 0
0.602039 -0.201996 0.191703 94 160 0
0.605705 -0.205102 0.195164 94 160 0
0.608218 -0.210017 0.197395 94 160 0
0.608841 -0.215786 0.198288 94 160 0
0.607291 -0.221479 0.197272 94 160 0
0.60449 -0.225985 0.19489 94 160 0
0.60204 -0.230489 0.192454 94 160 0
0.597722 -0.229938 0.188395 94 160 0
0.593643 -0.227448 0.184777 94 160 0
0.591487 -0.222875 0.182574 94 160 0
0.592508 -0.217313 0.183264 94 160 0
0.595092 -0.21267 0.185972 94 160 0
0.599405 -0.211698 0.189939 94 160 0
0.603277 -0.213545 0.193687 94 160 0
0.606801 -0.216875 0.196922 94 160 0
0.608667 -0.222323 0.198509 94 160 0
0.60882 -0.228297 0.198439 94 160 0
0.607148 -0.23362 0.196655 94 160 0
0.605128 -0.238494 0.193909 94 160 0
0.601448 -0.240133 0.190074 94 160 0
0.597766 -0.240897 0.186613 94 160 0
0.594096 -0.238796 0.183101 94 160 0
0.59204 -0.23491 0.181269 94 160 0
0.592075 -0.22894 0.181556 94 160 0
0.59424 -0.22451 0.183975 94 160 0
0.596784 -0.222495 0.187511 94 160 0
0.599801 -0.222927 0.191345 94 160 0
0.603636 -0.224083 0.195155 94 160 0
0.607881 -0.226716 0.197386 94 160 0
0.609352 -0.232468 0.197722 94 160 0
0.609054 -0.238357 0.196743 94 160 0
0.606409 -0.242851 0.19409 94 160 0
0.603053 -0.246343 0.190629 94 160 0
0.598554 -0.246343 0.186976 94 160 0
0.594489 -0.242994 0.183996 94 160 0
0.591681 -0.238365 0.182048 94 160 0
0.59174 -0.232307 0.182229 94 160 0
0.593995 -0.227121 0.184183 94 160 0
0.59666 -0.222434 0.186908 94 160 0
0.600134 -0.222927 0.190768 94 160 0
0.603217 -0.222683 0.195136 94 160 0
0.605686 -0.224894 0.197383 94 160 0
0.607672 -0.228906 0.198691 94 160 0
0.60907 -0.234138 0.198447 94 160 0
0.608272 -0.23803 0.196331 94 160 0
0.60499 -0.239833 0.193106 95 159 0
0.601876 -0.242378 0.189805 95 159 0
0.598188 -0.239417 0.18654 95 159 0
0.59457 -0.236706 0.183679 95 159 0
0.592942 -0.231357 0.182441 95 159 0
0.592235 -0.226057 0.182345 95 159 0
0.593697 -0.220788 0.183938 95 159 0
0.596163 -0.216633 0.186539 95 159 0
0.59905 -0.213059 0.190082 95 159 0
0.603256 -0.212769 0.194339 95 159 0
0.606715 -0.215554 0.197828 95 159 0
0.608786 -0.21937 0.199903 95 159 0
0.608341 -0.224353 0.199321 95 159 0
0.606919 -0.229449 0.197346 95 159 0
0.603381 -0.231749 0.193972 95 159 0
0.599961 -0.230571 0.190567 95 159 0
0.596377 -0.228011 0.186878 95 159 0
0.593766 -0.223517 0.184263 95 159 0
0.592823 -0.217789 0.183335 95 159 0
0.593638 -0.211957 0.184023 95 159 0
0.595823 -0.206886 0.186187 95 159 0
0.599098 -0.203186 0.189181 95 159 0
0.603191 -0.203091 0.193478 95 159 0
0.607397 -0.204336 0.197456 95 159 0
0.609278 -0.209569 0.199535 95 159 0
0.609706 -0.215276 0.200214 95 159 0
0.607491 -0.220242 0.19826 95 159 0
0.603524 -0.222151 0.194584 95 159 0
0.599379 -0.222302 0.190758 95 159 0
0.596357 -0.218207 0.187564 95 159 0
0.594197 -0.213039 0.185409 95 159 0
0.593631 -0.207173 0.184849 95 159 0
0.594375 -0.201421 0.185684 95 159 0
0.596526 -0.196329 0.18786 95 159 0
0.600413 -0.193438 0.191414 95 159 0
0.604614 -0.193224 0.195313 95 159 0
0.608405 -0.196118 0.19891 95 159 0
0.609977 -0.201466 0.2006 95 159 0
0.610183 -0.206964 0.200348 95 159 0
0.607597 -0.210917 0.197677 95 159 0
0.603699 -0.212474 0.193898 95 159 0
0.599407 -0.210607 0.190344 95 159 0
0.596066 -0.20655 0.187495 95 159 0
0.593901 -0.201154 0.186024 95 159 0
0.59318 -0.195316 0.185836 95 159 0
0.594571 -0.189812 0.187393 95 159 0
0.598086 -0.186328 0.190692 95 159 0
0.601413 -0.182854 0.194167 95 159 0
0.605425 -0.184189 0.198084 95 159 0
0.609581 -0.186415 0.201487 95 159 0
0.611313 -0.191726 0.202779 95 159 0
0.610104 -0.197119 0.201534 95 159 0
0.607631 -0.201482 0.198434 95 159 0
0.603366 -0.202825 0.194651 95 159 0
0.599524 -0.200207 0.191248 95 159 0
0.596248 -0.195969 0.188807 95 159 0
0.594198 -0.190459 0.187618 95 159 0
0.593864 -0.184526 0.188179 95 159 0
0.595614 -0.179298 0.190113 95 159 0
0.598868 -0.175796 0.193469 95 159 0
0.602691 -0.174151 0.197563 95 159 0
0.606768 -0.175307 0.201437 95 159 0
0.609797 -0.179745 0.203827 95 159 0
0.610726 -0.185409 0.203889 95 159 0
0.608197 -0.190033 0.20129 95 159 0
0.604403 -0.192652 0.197587 95 159 0
0.600285 -0.190924 0.193831 95 159 0
0.596463 -0.187351 0.190947 96 158 0
0.594011 -0.182666 0.189456 96 158 0
0.593417 -0.176811 0.189744 96 158 0
0.594324 -0.171052 0.19118 96 158 0
0.596668 -0.166721 0.193787 96 158 0
0.60039 -0.164065 0.197583 96 158 0
0.604794 -0.164092 0.201669 96 158 0
0.608368 -0.167012 0.205017 96 158 0
0.610906 -0.171949 0.206864 96 158 0
0.610574 -0.17771 0.205899 96 158 0
0.60747 -0.181537 0.202744 96 158 0
0.603268 -0.182463 0.19882 96 158 0
0.599336 -0.181079 0.195347 96 158 0
0.596085 -0.176869 0.192989 96 158 0
0.594375 -0.171184 0.192122 96 158 0
0.593568 -0.165296 0.192304 96 158 0
0.594893 -0.15984 0.19435 96 158 0
0.597887 -0.15581 0.197464 96 158 0
0.601809 -0.154062 0.201435 96 158 0
0.605838 -0.154956 0.205207 96 158 0
0.609048 -0.159259 0.207897 96 158 0
0.610197 -0.164757 0.208347 96 158 0
0.608951 -0.170095 0.206358 96 158 0
0.605603 -0.172375 0.20306 96 158 0
0.601247 -0.172208 0.198962 96 158 0
0.597454 -0.169355 0.195948 96 158 0
0.594237 -0.165038 0.19378 96 158 0
0.593651 -0.159104 0.193846 96 158 0
0.593584 -0.153385 0.194745 96 158 0
0.595688 -0.148543 0.197578 96 158 0
0.599044 -0.145113 0.20114 96 158 0
0.602919 -0.144017 0.205368 96 158 0
0.606828 -0.146089 0.209024 96 158 0
0.60961 -0.150849 0.211077 96 158 0
0.610463 -0.156592 0.210748 96 158 0
0.607928 -0.161058 0.207733 96 158 0
0.604498 -0.164038 0.203994 96 158 0
0.60036 -0.162158 0.200201 96 158 0
0.596884 -0.159363 0.197002 96 158 0
0.594466 -0.154136 0.195318 96 158 0
0.592938 -0.148396 0.194678 96 158 0
0.594258 -0.14339 0.196765 96 158 0
0.595185 -0.138094 0.199019 96 158 0
0.598001 -0.135469 0.202849 96 158 0
0.601953 -0.134091 0.206863 96 158 0
0.605243 -0.135856 0.210967 96 158 0
0.607739 -0.139366 0.213004 96 158 0
0.610306 -0.14398 0.214172 96 158 0
0.609392 -0.14908 0.212475 96 158 0
0.607238 -0.152605 0.20944 96 158 0
0.60356 -0.153909 0.205345 96 158 0
0.59991 -0.152413 0.201552 96 158 0
0.597165 -0.148702 0.198704 96 158 0
0.595533 -0.144388 0.197238 96 158 0
0.594305 -0.139011 0.196778 96 158 0
0.594431 -0.133699 0.197932 96 158 0
0.59513 -0.128958 0.199944 96 158 0
0.596508 -0.126331 0.202082 96 158 0
0.598156 -0.125977 0.204837 96 158 0
0.600329 -0.124415 0.208479 96 158 0
0.602029 -0.125205 0.210433 96 158 0
0.605421 -0.127865 0.21346 96 158 0
0.608933 -0.130584 0.216284 96 158 0
0.612669 -0.133218 0.218898 96 158 0
0.616614 -0.135426 0.221574 96 158 0
0.61039 -0.136207 0.229362 96 158 0
0.663048 -0.137529 0.255922 96 158 0
0.667155 -0.136668 0.246845 97 157 0
0.668027 -0.141935 0.245047 97 157 0
0.668238 -0.146566 0.244612 97 157 0
0.668379 -0.151214 0.244287 97 157 0
0.668464 -0.155868 0.244025 97 157 0
0.668545 -0.160528 0.243929 97 157 0
0.668604 -0.16519 0.243958 97 157 0
0.668569 -0.169852 0.243993 97 157 0
0.668547 -0.174511 0.24402 97 157 0
0.668649 -0.179725 0.243813 97 157 0
0.669477 -0.184377 0.2432 97 157 0
0.669975 -0.189083 0.242649 97 157 0
0.670532 -0.19379 0.242155 97 157 0
0.671058 -0.198509 0.241758 97 157 0
0.671408 -0.203254 0.241575 97 157 0
0.671513 -0.208016 0.241583 97 157 0
0.671488 -0.21278 0.241689 97 157 0
0.671532 -0.217543 0.241803 97 157 0
0.671627 -0.222307 0.241757 97 157 0
0.671634 -0.22707 0.24178 97 157 0
0.671507 -0.22198 0.242225 97 157 0
0.671504 -0.216672 0.241829 97 157 0
0.671447 -0.211354 0.241644 97 157 0
0.671107 -0.206049 0.241391 97 157 0
0.670808 -0.200737 0.241491 97 157 0
0.670277 -0.195454 0.24186 97 157 0
0.669615 -0.190201 0.242399 97 157 0
0.669115 -0.184976 0.243167 97 157 0
0.668649 -0.179725 0.243813 97 157 0
0.668546 -0.174995 0.243819 97 157 0
0.668578 -0.170266 0.243968 97 157 0
0.668603 -0.165535 0.243961 97 157 0
0.66855 -0.160804 0.243931 97 157 0
0.668467 -0.156075 0.244016 97 157 0
0.668382 -0.151352 0.244277 97 157 0
0.668243 -0.146635 0.244609 97 157 0
0.668027 -0.141935 0.245047 97 157 0
0.665858 -0.124349 0.247971 97 157 0
0.670885 -0.125665 0.249982 97 157 0
0.675343 -0.128155 0.251366 97 157 0
0.678638 -0.131961 0.251893 97 157 0
0.681175 -0.137263 0.252181 97 157 0
0.680623 -0.14304 0.251199 97 157 0
0.67734 -0.14663 0.248941 97 157 0
0.672999 -0.149152 0.246653 97 157 0
0.668154 -0.146894 0.244688 97 157 0
0.664613 -0.142076 0.243418 97 157 0
0.665451 -0.137012 0.244513 97 157 0
0.666189 -0.131395 0.245398 97 157 0
0.670245 -0.127986 0.247901 97 157 0
0.675182 -0.125977 0.250539 97 157 0
0.680656 -0.126043 0.253257 97 157 0
0.685487 -0.128193 0.255346 97 157 0
0.688844 -0.133123 0.256348 97 157 0
0.690536 -0.138769 0.256456 97 157 0
0.690472 -0.144436 0.255593 97 157 0
0.686603 -0.14817 0.252931 97 157 0
0.681695 -0.149168 0.250185 97 157 0
0.677077 -0.146394 0.248308 97 157 0
0.674983 -0.140918 0.248163 97 157 0
0.675036 -0.134999 0.249243 97 157 0
0.677954 -0.13035 0.251851 97 157 0
0.681582 -0.127949 0.254419 97 157 0
0.685836 -0.126116 0.257009 97 157 0
0.68966 -0.127551 0.257788 97 157 0
0.694068 -0.130047 0.258712 97 157 0
0.697176 -0.134319 0.258762 97 157 0
0.699122 -0.139582 0.258576 97 157 0
0.69828 -0.144749 0.257103 98 156 0
0.696385 -0.150218 0.255651 98 156 0
0.692456 -0.154105 0.253642 98 156 0
0.687302 -0.155388 0.251069 98 156 0
0.683136 -0.153927 0.249548 98 156 0
0.679375 -0.150305 0.248518 98 156 0
0.677603 -0.145283 0.248364 98 156 0
0.679469 -0.139781 0.249734 98 156 0
0.684004 -0.137381 0.25211 98 156 0
0.689213 -0.135856 0.254348 98 156 0
0.693444 -0.139438 0.255917 98 156 0
0.697537 -0.143198 0.257504 98 156 0
0.699472 -0.148815 0.257745 98 156 0
0.699611 -0.15478 0.257078 98 156 0
0.696778 -0.159461 0.255176 98 156 0
0.693537 -0.164243 0.25353 98 156 0
0.688638 -0.166629 0.251053 98 156 0
0.68365 -0.164931 0.248768 98 156 0
0.679632 -0.160824 0.247124 98 156 0
0.67822 -0.155308 0.246787 98 156 0
0.680399 -0.150857 0.247966 98 156 0
0.685087 -0.14785 0.250198 98 156 0
0.690046 -0.147215 0.252463 98 156 0
0.694337 -0.150792 0.254307 98 156 0
0.698774 -0.154162 0.256125 98 156 0
0.700202 -0.15977 0.256479 98 156 0
0.699955 -0.165752 0.256045 98 156 0
0.697267 -0.170791 0.254525 98 156 0
0.69327 -0.174419 0.252634 98 156 0
0.688284 -0.176518 0.250205 98 156 0
0.683029 -0.174949 0.248099 98 156 0
0.678965 -0.171056 0.246301 98 156 0
0.678575 -0.165245 0.246401 98 156 0
0.681426 -0.160663 0.247819 98 156 0
0.685856 -0.158673 0.249756 98 156 0
0.69098 -0.158173 0.251875 98 156 0
0.695659 -0.16132 0.253609 98 156 0
0.698894 -0.16622 0.254354 98 156 0
0.700579 -0.171811 0.254437 98 156 0
0.700174 -0.177487 0.253724 98 156 0
0.697627 -0.182685 0.252242 98 156 0
0.693706 -0.186182 0.250418 98 156 0
0.688163 -0.186471 0.248276 98 156 0
0.6828 -0.186041 0.246814 98 156 0
0.67956 -0.181962 0.246519 98 156 0
0.678384 -0.176281 0.246667 98 156 0
0.680481 -0.172414 0.247891 98 156 0
0.683779 -0.169396 0.249013 98 156 0
0.688851 -0.168987 0.250487 98 156 0
0.693409 -0.170008 0.251927 98 156 0
0.697658 -0.172482 0.252701 98 156 0
0.701283 -0.175906 0.253488 98 156 0
0.702212 -0.181605 0.25288 98 156 0
0.701853 -0.187071 0.251544 98 156 0
0.700157 -0.192114 0.250457 98 156 0
0.696863 -0.196246 0.249216 98 156 0
0.692482 -0.198607 0.247753 98 156 0
0.68704 -0.197762 0.245944 98 156 0
0.682618 -0.193783 0.245302 98 156 0
0.67916 -0.189211 0.244511 98 156 0
0.680659 -0.183927 0.245523 98 156 0
0.685164 -0.180495 0.247479 98 156 0
0.690536 -0.179198 0.249114 98 156 0
0.695896 -0.180921 0.250955 98 156 0
0.699478 -0.185041 0.251588 98 156 0
0.7027 -0.190017 0.252358 98 156 0
0.703156 -0.195879 0.252053 98 156 0
0.701864 -0.201645 0.251285 99 155 0
0.698574 -0.206276 0.249667 99 155 0
0.693451 -0.208389 0.247537 99 155 0
0.687963 -0.208276 0.245254 99 155 0
0.683198 -0.205683 0.243858 99 155 0
0.681884 -0.199933 0.243697 99 155 0
0.683259 -0.194379 0.24433 99 155 0
0.687377 -0.190651 0.245838 99 155 0
0.69298 -0.191028 0.247903 99 155 0
0.698313 -0.192481 0.250052 99 155 0
0.701555 -0.197135 0.251215 99 155 0
0.703465 -0.20263 0.251962 99 155 0
0.703723 -0.208616 0.252072 99 155 0
0.700784 -0.213363 0.250769 99 155 0
0.696479 -0.217105 0.248972 99 155 0
0.691487 -0.219169 0.247129 99 155 0
0.686364 -0.218109 0.244981 99 155 0
0.682295 -0.214046 0.243411 99 155 0
0.682297 -0.208174 0.243373 99 155 0
0.684761 -0.203013 0.244184 99 155 0
0.689847 -0.200998 0.246022 99 155 0
0.695351 -0.201103 0.248394 99 155 0
0.69938 -0.204564 0.249987 99 155 0
0.702304 -0.209679 0.2511 99 155 0
0.703722 -0.215138 0.251598 99 155 0
0.703339 -0.220995 0.251433 99 155 0
0.699905 -0.225733 0.250146 99 155 0
0.694988 -0.228498 0.248392 99 155 0
0.689486 -0.229271 0.246624 99 155 0
0.684284 -0.227509 0.244428 99 155 0
0.682234 -0.22272 0.243731 99 155 0
0.682703 -0.217473 0.243903 99 155 0
0.68656 -0.213259 0.245417 99 155 0
0.691682 -0.211031 0.247139 99 155 0
0.696726 -0.213276 0.248638 99 155 0
0.701724 -0.215994 0.250483 99 155 0
0.704027 -0.220955 0.250919 99 155 0
0.705095 -0.226274 0.251039 99 155 0
0.704787 -0.232124 0.250682 99 155 0
0.701476 -0.236303 0.248858 99 155 0
0.697968 -0.240619 0.247152 99 155 0
0.69255 -0.240679 0.244734 99 155 0
0.687604 -0.239378 0.243445 99 155 0
0.684434 -0.235646 0.243085 99 155 0
0.682224 -0.230636 0.243606 99 155 0
0.684387 -0.22635 0.2456 99 155 0
0.687888 -0.222346 0.246908 99 155 0
0.692913 -0.222463 0.248199 99 155 0
0.698699 -0.222775 0.249082 99 155 0
0.702997 -0.22687 0.250395 99 155 0
0.704986 -0.232258 0.250865 99 155 0
0.705255 -0.238096 0.250718 99 155 0
0.70309 -0.243277 0.24945 99 155 0
0.69818 -0.245919 0.24702 99 155 0
0.692716 -0.246328 0.244683 99 155 0
0.687739 -0.243445 0.24303 99 155 0
0.684882 -0.238178 0.242427 99 155 0
0.683175 -0.232876 0.242441 99 155 0
0.685023 -0.22736 0.244124 99 155 0
0.688182 -0.223925 0.246472 99 155 0
0.692697 -0.222463 0.248572 99 155 0
0.697918 -0.222732 0.24939 99 155 0
0.701677 -0.224587 0.250091 99 155 0
0.704625 -0.228023 0.250418 99 155 0
0.705494 -0.232144 0.250172 99 155 0
0.704217 -0.23658 0.24935 99 155 0
0.701203 -0.239902 0.248221 99 155 0
0.695926 -0.240642 0.24628 100 154 0
0.69064 -0.240158 0.244743 100 154 0
0.68649 -0.236049 0.243692 100 154 0
0.683937 -0.232261 0.243816 100 154 0
0.681551 -0.227075 0.243717 100 154 0
0.683316 -0.222255 0.244977 100 154 0
0.68587 -0.217444 0.245655 100 154 0
0.689853 -0.214267 0.246601 100 154 0
0.694888 -0.212834 0.248176 100 154 0
0.700105 -0.214613 0.249728 100 154 0
0.703763 -0.217761 0.250798 100 154 0
0.70543 -0.223191 0.251549 100 154 0
0.702568 -0.227967 0.250373 100 154 0
0.698259 -0.230605 0.248837 100 154 0
0.694198 -0.232188 0.247736 100 154 0
0.689053 -0.230051 0.24627 100 154 0
0.685181 -0.225752 0.244927 100 154 0
0.681438 -0.221504 0.243449 100 154 0
0.681804 -0.215533 0.243752 100 154 0
0.684341 -0.210454 0.244717 100 154 0
0.687615 -0.205642 0.245678 100 154 0
0.692455 -0.202664 0.24693 100 154 0
0.697497 -0.20457 0.248594 100 154 0
0.702755 -0.205903 0.250863 100 154 0
0.704126 -0.210913 0.251395 100 154 0
0.703612 -0.216851 0.251577 100 154 0
0.700348 -0.221344 0.250602 100 154 0
0.695136 -0.222639 0.248667 100 154 0
0.689769 -0.221459 0.246623 100 154 0
0.685309 -0.217866 0.245097 100 154 0
0.682228 -0.213156 0.243817 100 154 0
0.681834 -0.207236 0.243689 100 154 0
0.683262 -0.20168 0.244119 100 154 0
0.68622 -0.1966 0.245156 100 154 0
0.691461 -0.19432 0.246937 100 154 0
0.696698 -0.193376 0.249039 100 154 0
0.701439 -0.196442 0.250737 100 154 0
0.703684 -0.201535 0.251269 100 154 0
0.703959 -0.207502 0.251493 100 154 0
0.700246 -0.211607 0.250028 100 154 0
0.695076 -0.212841 0.248127 100 154 0
0.689703 -0.211597 0.246015 100 154 0
0.685093 -0.208376 0.244528 100 154 0
0.682876 -0.202838 0.243975 100 154 0
0.681818 -0.197092 0.243942 100 154 0
0.683617 -0.191567 0.245042 100 154 0
0.686362 -0.187106 0.24613 100 154 0
0.691195 -0.184264 0.248214 100 154 0
0.696796 -0.184398 0.250342 100 154 0
0.701448 -0.187096 0.252106 100 154 0
0.703225 -0.192709 0.252284 100 154 0
0.702531 -0.198249 0.251647 100 154 0
0.698262 -0.201383 0.249668 100 154 0
0.693045 -0.202743 0.247925 100 154 0
0.687833 -0.201041 0.246074 100 154 0
0.683629 -0.197087 0.244818 100 154 0
0.68127 -0.191672 0.244381 100 154 0
0.681027 -0.185704 0.244859 100 154 0
0.682635 -0.180267 0.24611 100 154 0
0.686536 -0.176424 0.248187 100 154 0
0.691401 -0.174103 0.250243 100 154 0
0.696729 -0.175729 0.252241 100 154 0
0.701383 -0.178181 0.253715 100 154 0
0.702099 -0.184018 0.253402 100 154 0
0.70108 -0.189823 0.252567 100 154 0
0.696436 -0.192645 0.250502 100 154 0
0.691326 -0.193551 0.24858 100 154 0
0.686261 -0.190891 0.246798 100 154 0
0.682998 -0.18602 0.245891 101 153 0
0.680065 -0.18092 0.245003 101 153 0
0.680847 -0.175554 0.246028 101 153 0
0.683084 -0.170215 0.247558 101 153 0
0.686407 -0.166587 0.249201 101 153 0
0.691362 -0.164392 0.251421 101 153 0
0.696585 -0.165855 0.253499 101 153 0
0.700589 -0.169028 0.254767 101 153 0
0.701616 -0.174346 0.254909 101 153 0
0.700432 -0.179856 0.254262 101 153 0
0.695831 -0.182579 0.252083 101 153 0
0.690798 -0.184214 0.250039 101 153 0
0.686022 -0.18181 0.248287 101 153 0
0.682152 -0.177495 0.246947 101 153 0
0.678996 -0.172532 0.245836 101 153 0
0.679568 -0.166865 0.246605 101 153 0
0.681791 -0.161469 0.247965 101 153 0
0.68498 -0.156813 0.249458 101 153 0
0.690164 -0.155746 0.251871 101 153 0
0.695715 -0.155862 0.254091 101 153 0
0.699127 -0.16017 0.255394 101 153 0
0.700057 -0.165649 0.255553 101 153 0
0.698052 -0.171022 0.254517 101 153 0
0.693535 -0.17414 0.252471 101 153 0
0.688037 -0.173981 0.250098 101 153 0
0.683343 -0.171017 0.248383 101 153 0
0.680565 -0.166059 0.247477 101 153 0
0.678196 -0.161077 0.2468 101 153 0
0.678777 -0.155303 0.247441 101 153 0
0.681322 -0.150097 0.248949 101 153 0
0.685357 -0.146525 0.250958 101 153 0
0.690785 -0.145831 0.253316 101 153 0
0.696032 -0.146468 0.255644 101 153 0
0.699747 -0.150924 0.256979 101 153 0
0.700113 -0.156861 0.25638 101 153 0
0.698236 -0.161909 0.255148 101 153 0
0.693729 -0.164238 0.253079 101 153 0
0.688269 -0.164095 0.250613 101 153 0
0.683538 -0.161817 0.249017 101 153 0
0.680479 -0.156728 0.248234 101 153 0
0.677818 -0.152008 0.247567 101 153 0
0.677777 -0.146086 0.248356 101 153 0
0.680115 -0.141318 0.250235 101 153 0
0.68389 -0.137312 0.252583 101 153 0
0.68898 -0.135944 0.255049 101 153 0
0.694076 -0.136609 0.256783 101 153 0
0.697951 -0.140749 0.257968 101 153 0
0.700199 -0.145236 0.257818 101 153 0
0.699613 -0.150878 0.256849 101 153 0
0.696267 -0.154016 0.254837 101 153 0
0.691576 -0.155648 0.252716 101 153 0
0.686658 -0.15407 0.250809 101 153 0
0.682103 -0.151144 0.249244 101 153 0
0.679525 -0.1466 0.249289 101 153 0
0.6773 -0.14167 0.2493 101 153 0
0.676838 -0.135976 0.249995 101 153 0
0.678564 -0.131532 0.251898 101 153 0
0.682197 -0.128553 0.254672 101 153 0
0.685899 -0.126116 0.2569 101 153 0
0.68351 -0.127434 0.255465 101 153 0
0.680101 -0.129428 0.253329 101 153 0
0.676677 -0.131412 0.251207 101 153 0
0.673239 -0.133434 0.249144 101 153 0
0.669789 -0.13544 0.247085 101 153 0
0.665752 -0.136367 0.256187 101 153 0
0.612143 -0.13736 0.23039 101 153 0
0.618381 -0.136651 0.222607 101 153 0
0.618381 -0.136651 0.222607 102 152 0
0.618848 -0.141779 0.221908 102 152 0
0.619321 -0.146415 0.22122 102 152 0
0.619708 -0.151075 0.220653 102 152 0
0.620043 -0.155747 0.220158 102 152 0
0.620283 -0.160436 0.219802 102 152 0
0.620423 -0.165139 0.219599 102 152 0
0.620487 -0.169849 0.21952 102 152 0
0.620454 -0.174558 0.219568 102 152 0
0.620012 -0.180065 0.218777 102 152 0
0.619867 -0.184764 0.217658 102 152 0
0.619652 -0.189427 0.216404 102 152 0
0.619451 -0.194095 0.215168 102 152 0
0.619285 -0.198802 0.214093 102 152 0
0.61904 -0.203537 0.213162 102 152 0
0.618633 -0.208287 0.212379 102 152 0
0.618067 -0.213043 0.211733 102 152 0
0.617408 -0.217793 0.211136 102 152 0
0.616761 -0.222542 0.210519 102 152 0
0.615973 -0.227269 0.209933 102 152 0
0.616639 -0.221985 0.210832 102 152 0
0.617456 -0.217309 0.211208 102 152 0
0.618125 -0.212628 0.211785 102 152 0
0.618672 -0.207939 0.212428 102 152 0
0.619059 -0.203258 0.213213 102 152 0
0.619428 -0.198636 0.214282 102 152 0
0.619791 -0.194061 0.215554 102 152 0
0.620008 -0.189475 0.216821 102 152 0
0.620356 -0.184981 0.218361 102 152 0
0.620578 -0.180025 0.219416 102 152 0
0.62057 -0.17522 0.219396 102 152 0
0.620503 -0.170417 0.219497 102 152 0
0.620417 -0.165614 0.21961 102 152 0
0.620283 -0.160815 0.219802 102 152 0
0.620058 -0.156029 0.220135 102 152 0
0.619725 -0.151261 0.220628 102 152 0
0.619335 -0.146506 0.2212 102 152 0
0.618848 -0.141779 0.221908 102 152 0
0.617496 -0.124352 0.223826 102 152 0
0.622298 -0.125954 0.226007 102 152 0
0.625164 -0.129988 0.226947 102 152 0
0.627113 -0.135237 0.227321 102 152 0
0.625911 -0.140362 0.2258 102 152 0
0.62346 -0.145237 0.22373 102 152 0
0.619127 -0.147002 0.220517 102 152 0
0.614862 -0.149005 0.217474 102 152 0
0.610343 -0.146591 0.214589 102 152 0
0.606033 -0.144533 0.212103 102 152 0
0.602907 -0.139636 0.210484 102 152 0
0.602628 -0.133831 0.210905 102 152 0
0.604071 -0.128167 0.212301 102 152 0
0.607684 -0.1247 0.215133 102 152 0
0.612291 -0.125605 0.218441 102 152 0
0.615814 -0.129902 0.220546 102 152 0
0.617369 -0.13548 0.221061 102 152 0
0.615723 -0.140445 0.219167 102 152 0
0.614134 -0.144879 0.217231 102 152 0
0.610119 -0.14718 0.213391 102 152 0
0.605807 -0.149126 0.209782 102 152 0
0.602064 -0.146682 0.20625 102 152 0
0.598453 -0.143122 0.202985 102 152 0
0.595907 -0.139104 0.200644 102 152 0
0.595119 -0.133357 0.200182 102 152 0
0.595474 -0.12863 0.201214 102 152 0
0.597858 -0.125984 0.204339 102 152 0
0.600463 -0.124415 0.208247 102 152 0
0.602829 -0.125977 0.211339 102 152 0
0.606079 -0.129112 0.213928 103 151 0
0.608617 -0.133166 0.215154 103 151 0
0.609063 -0.139109 0.214686 103 151 0
0.609008 -0.14474 0.213101 103 151 0
0.607479 -0.149053 0.210532 103 151 0
0.604723 -0.152306 0.206749 103 151 0
0.600598 -0.152356 0.202462 103 151 0
0.596859 -0.150995 0.198536 103 151 0
0.593927 -0.147172 0.1962 103 151 0
0.592162 -0.141735 0.195698 103 151 0
0.594394 -0.137057 0.198362 103 151 0
0.597323 -0.134248 0.202091 103 151 0
0.601593 -0.134124 0.206254 103 151 0
0.605087 -0.137686 0.209163 103 151 0
0.608062 -0.142116 0.211166 103 151 0
0.609907 -0.147369 0.211636 103 151 0
0.608918 -0.152871 0.209886 103 151 0
0.607009 -0.15788 0.207288 103 151 0
0.6034 -0.160781 0.20373 103 151 0
0.599578 -0.161599 0.199948 103 151 0
0.595712 -0.160174 0.196385 103 151 0
0.592881 -0.155475 0.194247 103 151 0
0.592655 -0.149639 0.194651 103 151 0
0.593993 -0.145088 0.196641 103 151 0
0.597717 -0.142552 0.200164 103 151 0
0.602226 -0.143541 0.20378 103 151 0
0.605668 -0.147496 0.206471 103 151 0
0.608078 -0.152653 0.20787 103 151 0
0.60871 -0.158526 0.207609 103 151 0
0.608276 -0.164162 0.206309 103 151 0
0.605368 -0.168174 0.203279 103 151 0
0.601414 -0.170759 0.199627 103 151 0
0.597248 -0.170965 0.195355 103 151 0
0.59349 -0.167505 0.192521 103 151 0
0.591948 -0.161977 0.191423 103 151 0
0.591582 -0.156037 0.191907 103 151 0
0.594416 -0.152348 0.194531 103 151 0
0.598563 -0.150915 0.198333 103 151 0
0.602811 -0.153164 0.201843 103 151 0
0.60518 -0.157886 0.203756 103 151 0
0.607513 -0.163103 0.205027 103 151 0
0.608 -0.16901 0.204397 103 151 0
0.607076 -0.174538 0.202792 103 151 0
0.603562 -0.177711 0.199204 103 151 0
0.599708 -0.178434 0.194964 103 151 0
0.595459 -0.17742 0.191008 103 151 0
0.592065 -0.174041 0.188341 103 151 0
0.590784 -0.168598 0.187715 103 151 0
0.592184 -0.16357 0.189426 103 151 0
0.595469 -0.160966 0.193325 103 151 0
0.599501 -0.16082 0.197709 103 151 0
0.603823 -0.163056 0.201095 103 151 0
0.606182 -0.167949 0.202976 103 151 0
0.607227 -0.173699 0.203405 103 151 0
0.606538 -0.179105 0.201888 103 151 0
0.604704 -0.183983 0.199122 103 151 0
0.602015 -0.186814 0.195009 103 151 0
0.598632 -0.187949 0.191039 103 151 0
0.594881 -0.1868 0.186979 103 151 0
0.592378 -0.182537 0.184186 103 151 0
0.590241 -0.178447 0.183064 103 151 0
0.591866 -0.173624 0.184737 103 151 0
0.593088 -0.170697 0.187617 103 151 0
0.595393 -0.168553 0.190153 103 151 0
0.597878 -0.16844 0.194204 103 151 0
0.599934 -0.170901 0.196994 103 151 0
0.602842 -0.173154 0.199575 103 151 0
0.605195 -0.177876 0.201304 103 151 0
0.606903 -0.183279 0.201616 104 150 0
0.606309 -0.188787 0.200086 104 150 0
0.604786 -0.193405 0.197257 104 150 0
0.602493 -0.1961 0.193332 104 150 0
0.598915 -0.197971 0.189198 104 150 0
0.594783 -0.196719 0.185273 104 150 0
0.592767 -0.192566 0.183269 104 150 0
0.590437 -0.187542 0.182334 104 150 0
0.592255 -0.183031 0.18457 104 150 0
0.595103 -0.180353 0.188271 104 150 0
0.599064 -0.178607 0.192182 104 150 0
0.602666 -0.181978 0.195471 104 150 0
0.605903 -0.185963 0.198088 104 150 0
0.607937 -0.191439 0.199432 104 150 0
0.607685 -0.197132 0.198699 104 150 0
0.606218 -0.202594 0.196745 104 150 0
0.603893 -0.207057 0.193808 104 150 0
0.599884 -0.208165 0.189657 104 150 0
0.59566 -0.207032 0.185758 104 150 0
0.591891 -0.203746 0.182787 104 150 0
0.591245 -0.198225 0.182384 104 150 0
0.592584 -0.192601 0.183792 104 150 0
0.596797 -0.191208 0.187574 104 150 0
0.601008 -0.190612 0.191556 104 150 0
0.604365 -0.193994 0.194765 104 150 0
0.607565 -0.198313 0.19742 104 150 0
0.608723 -0.203969 0.198545 104 150 0
0.607803 -0.209823 0.197823 104 150 0
0.605979 -0.215207 0.195995 104 150 0
0.603024 -0.219356 0.193308 104 150 0
0.598704 -0.220552 0.189491 104 150 0
0.594759 -0.21793 0.185982 104 150 0
0.592369 -0.213196 0.183373 104 150 0
0.591522 -0.207429 0.182591 104 150 0
0.594695 -0.203217 0.185106 104 150 0
0.597894 -0.200075 0.188117 104 150 0
0.602039 -0.201996 0.191703 104 150 0
0.605705 -0.205102 0.195164 104 150 0
0.608218 -0.210017 0.197395 104 150 0
0.608841 -0.215786 0.198288 104 150 0
0.607291 -0.221479 0.197272 104 150 0
0.60449 -0.225985 0.19489 104 150 0
0.60204 -0.230489 0.192454 104 150 0
0.597722 -0.229938 0.188395 104 150 0
0.593643 -0.227448 0.184777 104 150 0
0.591487 -0.222875 0.182574 104 150 0
0.592508 -0.217313 0.183264 104 150 0
0.595092 -0.21267 0.185972 104 150 0
0.599405 -0.211698 0.189939 104 150 0
0.603277 -0.213545 0.193687 104 150 0
0.606801 -0.216875 0.196922 104 150 0
0.608667 -0.222323 0.198509 104 150 0
0.60882 -0.228297 0.198439 104 150 0
0.607148 -0.23362 0.196655 104 150 0
0.605128 -0.238494 0.193909 104 150 0
0.601448 -0.240133 0.190074 104 150 0
0.597766 -0.240897 0.186613 104 150 0
0.594096 -0.238796 0.183101 104 150 0
0.59204 -0.23491 0.181269 104 150 0
0.592075 -0.22894 0.181556 104 150 0
0.59424 -0.22451 0.183975 104 150 0
0.596784 -0.222495 0.187511 104 150 0
0.599801 -0.222927 0.191345 104 150 0
0.603636 -0.224083 0.195155 104 150 0
0.607881 -0.226716 0.197386 104 150 0
0.609352 -0.232468 0.197722 104 150 0
0.609054 -0.238357 0.196743 104 150 0
0.606409 -0.242851 0.19409 105 149 0
0.603053 -0.246343 0.190629 105 149 0
0.598554 -0.246343 0.186976 105 149 0
0.594489 -0.242994 0.183996 105 149 0
0.591681 -0.238365 0.182048 105 149 0
0.59174 -0.232307 0.182229 105 149 0
0.593995 -0.227121 0.184183 105 149 0
0.59666 -0.222434 0.186908 105 149 0
0.600134 -0.222927 0.190768 105 149 0
0.603217 -0.222683 0.195136 105 149 0
0.605686 -0.224894 0.197383 105 149 0
0.607672 -0.228906 0.198691 105 149 0
0.60907 -0.234138 0.198447 105 149 0
0.608272 -0.23803 0.196331 105 149 0
0.60499 -0.239833 0.193106 105 149 0
0.601876 -0.242378 0.189805 105 149 0
0.598188 -0.239417 0.18654 105 149 0
0.59457 -0.236706 0.183679 105 149 0
0.592942 -0.231357 0.182441 105 149 0
0.592235 -0.226057 0.182345 105 149 0
0.593697 -0.220788 0.183938 105 149 0
0.596163 -0.216633 0.186539 105 149 0
0.59905 -0.213059 0.190082 105 149 0
0.603256 -0.212769 0.194339 105 149 0
0.606715 -0.215554 0.197828 105 149 0
0.608786 -0.21937 0.199903 105 149 0
0.608341 -0.224353 0.199321 105 149 0
0.606919 -0.229449 0.197346 105 149 0
0.603381 -0.231749 0.193972 105 149 0
0.599961 -0.230571 0.190567 105 149 0
0.596377 -0.228011 0.186878 105 149 0
0.593766 -0.223517 0.184263 105 149 0
0.592823 -0.217789 0.183335 105 149 0
0.593638 -0.211957 0.184023 105 149 0
0.595823 -0.206886 0.186187 105 149 0
0.599098 -0.203186 0.189181 105 149 0
0.603191 -0.203091 0.193478 105 149 0
0.607397 -0.204336 0.197456 105 149 0
0.609278 -0.209569 0.199535 105 149 0
0.609706 -0.215276 0.200214 105 149 0
0.607491 -0.220242 0.19826 105 149 0
0.603524 -0.222151 0.194584 105 149 0
0.599379 -0.222302 0.190758 105 149 0
0.596357 -0.218207 0.187564 105 149 0
0.594197 -0.213039 0.185409 105 149 0
0.593631 -0.207173 0.184849 105 149 0
0.594375 -0.201421 0.185684 105 149 0
0.596526 -0.196329 0.18786 105 149 0
0.600413 -0.193438 0.191414 105 149 0
0.604614 -0.193224 0.195313 105 149 0
0.608405 -0.196118 0.19891 105 149 0
0.609977 -0.201466 0.2006 105 149 0
0.610183 -0.206964 0.200348 105 149 0
0.607597 -0.210917 0.197677 105 149 0
0.603699 -0.212474 0.193898 105 149 0
0.599407 -0.210607 0.190344 105 149 0
0.596066 -0.20655 0.187495 105 149 0
0.593901 -0.201154 0.186024 105 149 0
0.59318 -0.195316 0.185836 105 149 0
0.594571 -0.189812 0.187393 105 149 0
0.598086 -0.186328 0.190692 105 149 0
0.601413 -0.182854 0.194167 105 149 0
0.605425 -0.184189 0.198084 105 149 0
0.609581 -0.186415 0.201487 105 149 0
0.611313 -0.191726 0.202779 105 149 0
0.610104 -0.197119 0.201534 105 149 0
0.607631 -0.201482 0.198434 105 149 0
0.603366 -0.202825 0.194651 106 148 0
0.599524 -0.200207 0.191248 106 148 0
0.596248 -0.195969 0.188807 106 148 0
0.594198 -0.190459 0.187618 106 148 0
0.593864 -0.184526 0.188179 106 148 0
0.595614 -0.179298 0.190113 106 148 0
0.598868 -0.175796 0.193469 106 148 0
0.602691 -0.174151 0.197563 106 148 0
0.606768 -0.175307 0.201437 106 148 0
0.609797 -0.179745 0.203827 106 148 0
0.610726 -0.185409 0.203889 106 148 0
0.608197 -0.190033 0.20129 106 148 0
0.604403 -0.192652 0.197587 106 148 0
0.600285 -0.190924 0.193831 106 148 0
0.596463 -0.187351 0.190947 106 148 0
0.594011 -0.182666 0.189456 106 148 0
0.593417 -0.176811 0.189744 106 148 0
0.594324 -0.171052 0.19118 106 148 0
0.596668 -0.166721 0.193787 106 148 0
0.60039 -0.164065 0.197583 106 148 0
0.604794 -0.164092 0.201669 106 148 0
0.608368 -0.167012 0.205017 106 148 0
0.610906 -0.171949 0.206864 106 148 0
0.610574 -0.17771 0.205899 106 148 0
0.60747 -0.181537 0.202744 106 148 0
0.603268 -0.182463 0.19882 106 148 0
0.599336 -0.181079 0.195347 106 148 0
0.596085 -0.176869 0.192989 106 148 0
0.594375 -0.171184 0.192122 106 148 0
0.593568 -0.165296 0.192304 106 148 0
0.594893 -0.15984 0.19435 106 148 0
0.597887 -0.15581 0.197464 106 148 0
0.601809 -0.154062 0.201435 106 148 0
0.605838 -0.154956 0.205207 106 148 0
0.609048 -0.159259 0.207897 106 148 0
0.610197 -0.164757 0.208347 106 148 0
0.608951 -0.170095 0.206358 106 148 0
0.605603 -0.172375 0.20306 106 148 0
0.601247 -0.172208 0.198962 106 148 0
0.597454 -0.169355 0.195948 106 148 0
0.594237 -0.165038 0.19378 106 148 0
0.593651 -0.159104 0.193846 106 148 0
0.593584 -0.153385 0.194745 106 148 0
0.595688 -0.148543 0.197578 106 148 0
0.599044 -0.145113 0.20114 106 148 0
0.602919 -0.144017 0.205368 106 148 0
0.606828 -0.146089 0.209024 106 148 0
0.60961 -0.150849 0.211077 106 148 0
0.610463 -0.156592 0.210748 106 148 0
0.607928 -0.161058 0.207733 106 148 0
0.604498 -0.164038 0.203994 106 148 0
0.60036 -0.162158 0.200201 106 148 0
0.596884 -0.159363 0.197002 106 148 0
0.594466 -0.154136 0.195318 106 148 0
0.592938 -0.148396 0.194678 106 148 0
0.594258 -0.14339 0.196765 106 148 0
0.595185 -0.138094 0.199019 106 148 0
0.598001 -0.135469 0.202849 106 148 0
0.601953 -0.134091 0.206863 106 148 0
0.605243 -0.135856 0.210967 106 148 0
0.607739 -0.139366 0.213004 106 148 0
0.610306 -0.14398 0.214172 106 148 0
0.609392 -0.14908 0.212475 106 148 0
0.607238 -0.152605 0.20944 106 148 0
0.60356 -0.153909 0.205345 106 148 0
0.59991 -0.152413 0.201552 106 148 0
0.597165 -0.148702 0.198704 106 148 0
0.595533 -0.144388 0.197238 106 148 0
0.594305 -0.139011 0.196778 107 147 0
0.594431 -0.133699 0.197932 107 147 0
0.59513 -0.128958 0.199944 107 147 0
0.596508 -0.126331 0.202082 107 147 0
0.598156 -0.125977 0.204837 107 147 0
0.600329 -0.124415 0.208479 107 147 0
0.602029 -0.125205 0.210433 107 147 0
0.605421 -0.127865 0.21346 107 147 0
0.608933 -0.130584 0.216284 107 147 0
0.612669 -0.133218 0.218898 107 147 0
0.616614 -0.135426 0.221574 107 147 0
0.61039 -0.136207 0.229362 107 147 0
0.663048 -0.137529 0.255922 107 147 0
0.667155 -0.136668 0.246845 107 147 0
0.668027 -0.141935 0.245047 107 147 0
0.668238 -0.146566 0.244612 107 147 0
0.668379 -0.151214 0.244287 107 147 0
0.668464 -0.155868 0.244025 107 147 0
0.668545 -0.160528 0.243929 107 147 0
0.668604 -0.16519 0.243958 107 147 0
0.668569 -0.169852 0.243993 107 147 0
0.668547 -0.174511 0.24402 107 147 0
0.668649 -0.179725 0.243813 107 147 0
0.669477 -0.184377 0.2432 107 147 0
0.669975 -0.189083 0.242649 107 147 0
0.670532 -0.19379 0.242155 107 147 0
0.671058 -0.198509 0.241758 107 147 0
0.671408 -0.203254 0.241575 107 147 0
0.671513 -0.208016 0.241583 107 147 0
0.671488 -0.21278 0.241689 107 147 0
0.671532 -0.217543 0.241803 107 147 0
0.671627 -0.222307 0.241757 107 147 0
0.671634 -0.22707 0.24178 107 147 0
0.671507 -0.22198 0.242225 107 147 0
0.671504 -0.216672 0.241829 107 147 0
0.671447 -0.211354 0.241644 107 147 0
0.671107 -0.206049 0.241391 107 147 0
0.670808 -0.200737 0.241491 107 147 0
0.670277 -0.195454 0.24186 107 147 0
0.669615 -0.190201 0.242399 107 147 0
0.669115 -0.184976 0.243167 107 147 0
0.668649 -0.179725 0.243813 107 147 0
0.668546 -0.174995 0.243819 107 147 0
0.668578 -0.170266 0.243968 107 147 0
0.668603 -0.165535 0.243961 107 147 0
0.66855 -0.160804 0.243931 107 147 0
0.668467 -0.156075 0.244016 107 147 0
0.668382 -0.151352 0.244277 107 147 0
0.668243 -0.146635 0.244609 107 147 0
0.668027 -0.141935 0.245047 107 147 0
0.665858 -0.124349 0.247971 107 147 0
0.670885 -0.125665 0.249982 107 147 0
0.675343 -0.128155 0.251366 107 147 0
0.678638 -0.131961 0.251893 107 147 0
0.681175 -0.137263 0.252181 107 147 0
0.680623 -0.14304 0.251199 107 147 0
0.67734 -0.14663 0.248941 107 147 0
0.672999 -0.149152 0.246653 107 147 0
0.668154 -0.146894 0.244688 107 147 0
0.664613 -0.142076 0.243418 107 147 0
0.665451 -0.137012 0.244513 107 147 0
0.666189 -0.131395 0.245398 107 147 0
0.670245 -0.127986 0.247901 107 147 0
0.675182 -0.125977 0.250539 107 147 0
0.680656 -0.126043 0.253257 107 147 0
0.685487 -0.128193 0.255346 107 147 0
0.688844 -0.133123 0.256348 107 147 0
0.690536 -0.138769 0.256456 108 146 0
0.690472 -0.144436 0.255593 108 146 0
0.686603 -0.14817 0.252931 108 146 0
0.681695 -0.149168 0.250185 108 146 0
0.677077 -0.146394 0.248308 108 146 0
0.674983 -0.140918 0.248163 108 146 0
0.675036 -0.134999 0.249243 108 146 0
0.677954 -0.13035 0.251851 108 146 0
0.681582 -0.127949 0.254419 108 146 0
0.685836 -0.126116 0.257009 108 146 0
0.68966 -0.127551 0.257788 108 146 0
0.694068 -0.130047 0.258712 108 146 0
0.697176 -0.134319 0.258762 108 146 0
0.699122 -0.139582 0.258576 108 146 0
0.69828 -0.144749 0.257103 108 146 0
0.696385 -0.150218 0.255651 108 146 0
0.692456 -0.154105 0.253642 108 146 0
0.687302 -0.155388 0.251069 108 146 0
0.683136 -0.153927 0.249548 108 146 0
0.679375 -0.150305 0.248518 108 146 0
0.677603 -0.145283 0.248364 108 146 0
0.679469 -0.139781 0.249734 108 146 0
0.684004 -0.137381 0.25211 108 146 0
0.689213 -0.135856 0.254348 108 146 0
0.693444 -0.139438 0.255917 108 146 0
0.697537 -0.143198 0.257504 108 146 0
0.699472 -0.148815 0.257745 108 146 0
0.699611 -0.15478 0.257078 108 146 0
0.696778 -0.159461 0.255176 108 146 0
0.693537 -0.164243 0.25353 108 146 0
0.688638 -0.166629 0.251053 108 146 0
0.68365 -0.164931 0.248768 108 146 0
0.679632 -0.160824 0.247124 108 146 0
0.67822 -0.155308 0.246787 108 146 0
0.680399 -0.150857 0.247966 108 146 0
0.685087 -0.14785 0.250198 108 146 0
0.690046 -0.147215 0.252463 108 146 0
0.694337 -0.150792 0.254307 108 146 0
0.698774 -0.154162 0.256125 108 146 0
0.700202 -0.15977 0.256479 108 146 0
0.699955 -0.165752 0.256045 108 146 0
0.697267 -0.170791 0.254525 108 146 0
0.69327 -0.174419 0.252634 108 146 0
0.688284 -0.176518 0.250205 108 146 0
0.683029 -0.174949 0.248099 108 146 0
0.678965 -0.171056 0.246301 108 146 0
0.678575 -0.165245 0.246401 108 146 0
0.681426 -0.160663 0.247819 108 146 0
0.685856 -0.158673 0.249756 108 146 0
0.69098 -0.158173 0.251875 108 146 0
0.695659 -0.16132 0.253609 108 146 0
0.698894 -0.16622 0.254354 108 146 0
0.700579 -0.171811 0.254437 108 146 0
0.700174 -0.177487 0.253724 108 146 0
0.697627 -0.182685 0.252242 108 146 0
0.693706 -0.186182 0.250418 108 146 0
0.688163 -0.186471 0.248276 108 146 0
0.6828 -0.186041 0.246814 108 146 0
0.67956 -0.181962 0.246519 108 146 0
0.678384 -0.176281 0.246667 108 146 0
0.680481 -0.172414 0.247891 108 146 0
0.683779 -0.169396 0.249013 108 146 0
0.688851 -0.168987 0.250487 108 146 0
0.693409 -0.170008 0.251927 108 146 0
0.697658 -0.172482 0.252701 108 146 0
0.701283 -0.175906 0.253488 108 146 0
0.702212 -0.181605 0.25288 108 146 0
0.701853 -0.187071 0.251544 108 146 0
0.700157 -0.192114 0.250457 109 145 0
0.696863 -0.196246 0.249216 109 145 0
0.692482 -0.198607 0.247753 109 145 0
0.68704 -0.197762 0.245944 109 145 0
0.682618 -0.193783 0.245302 109 145 0
0.67916 -0.189211 0.244511 109 145 0
0.680659 -0.183927 0.245523 109 145 0
0.685164 -0.180495 0.247479 109 145 0
0.690536 -0.179198 0.249114 109 145 0
0.695896 -0.180921 0.250955 109 145 0
0.699478 -0.185041 0.251588 109 145 0
0.7027 -0.190017 0.252358 109 145 0
0.703156 -0.195879 0.252053 109 145 0
0.701864 -0.201645 0.251285 109 145 0
0.698574 -0.206276 0.249667 109 145 0
0.693451 -0.208389 0.247537 109 145 0
0.687963 -0.208276 0.245254 109 145 0
0.683198 -0.205683 0.243858 109 145 0
0.681884 -0.199933 0.243697 109 145 0
0.683259 -0.194379 0.24433 109 145 0
0.687377 -0.190651 0.245838 109 145 0
0.69298 -0.191028 0.247903 109 145 0
0.698313 -0.192481 0.250052 109 145 0
0.701555 -0.197135 0.251215 109 145 0
0.703465 -0.20263 0.251962 109 145 0
0.703723 -0.208616 0.252072 109 145 0
0.700784 -0.213363 0.250769 109 145 0
0.696479 -0.217105 0.248972 109 145 0
0.691487 -0.219169 0.247129 109 145 0
0.686364 -0.218109 0.244981 109 145 0
0.682295 -0.214046 0.243411 109 145 0
0.682297 -0.208174 0.243373 109 145 0
0.684761 -0.203013 0.244184 109 145 0
0.689847 -0.200998 0.246022 109 145 0
0.695351 -0.201103 0.248394 109 145 0
0.69938 -0.204564 0.249987 109 145 0
0.702304 -0.209679 0.2511 109 145 0
0.703722 -0.215138 0.251598 109 145 0
0.703339 -0.220995 0.251433 109 145 0
0.699905 -0.225733 0.250146 109 145 0
0.694988 -0.228498 0.248392 109 145 0
0.689486 -0.229271 0.246624 109 145 0
0.684284 -0.227509 0.244428 109 145 0
0.682234 -0.22272 0.243731 109 145 0
0.682703 -0.217473 0.243903 109 145 0
0.68656 -0.213259 0.245417 109 145 0
0.691682 -0.211031 0.247139 109 145 0
0.696726 -0.213276 0.248638 109 145 0
0.701724 -0.215994 0.250483 109 145 0
0.704027 -0.220955 0.250919 109 145 0
0.705095 -0.226274 0.251039 109 145 0
0.704787 -0.232124 0.250682 109 145 0
0.701476 -0.236303 0.248858 109 145 0
0.697968 -0.240619 0.247152 109 145 0
0.69255 -0.240679 0.244734 109 145 0
0.687604 -0.239378 0.243445 109 145 0
0.684434 -0.235646 0.243085 109 145 0
0.682224 -0.230636 0.243606 109 145 0
0.684387 -0.22635 0.2456 109 145 0
0.687888 -0.222346 0.246908 109 145 0
0.692913 -0.222463 0.248199 109 145 0
0.698699 -0.222775 0.249082 109 145 0
0.702997 -0.22687 0.250395 109 145 0
0.704986 -0.232258 0.250865 109 145 0
0.705255 -0.238096 0.250718 109 145 0
0.70309 -0.243277 0.24945 109 145 0
0.69818 -0.245919 0.24702 109 145 0
0.692716 -0.246328 0.244683 110 144 0
0.687739 -0.243445 0.24303 110 144 0
0.684882 -0.238178 0.242427 110 144 0
0.683175 -0.232876 0.242441 110 144 0
0.685023 -0.22736 0.244124 110 144 0
0.688182 -0.223925 0.246472 110 144 0
0.692697 -0.222463 0.248572 110 144 0
0.697918 -0.222732 0.24939 110 144 0
0.701677 -0.224587 0.250091 110 144 0
0.704625 -0.228023 0.250418 110 144 0
0.705494 -0.232144 0.250172 110 144 0
0.704217 -0.23658 0.24935 110 144 0
0.701203 -0.239902 0.248221 110 144 0
0.695926 -0.240642 0.24628 110 144 0
0.69064 -0.240158 0.244743 110 144 0
0.68649 -0.236049 0.243692 110 144 0
0.683937 -0.232261 0.243816 110 144 0
0.681551 -0.227075 0.243717 110 144 0
0.683316 -0.222255 0.244977 110 144 0
0.68587 -0.217444 0.245655 110 144 0
0.689853 -0.214267 0.246601 110 144 0
0.694888 -0.212834 0.248176 110 144 0
0.700105 -0.214613 0.249728 110 144 0
0.703763 -0.217761 0.250798 110 144 0
0.70543 -0.223191 0.251549 110 144 0
0.702568 -0.227967 0.250373 110 144 0
0.698259 -0.230605 0.248837 110 144 0
0.694198 -0.232188 0.247736 110 144 0
0.689053 -0.230051 0.24627 110 144 0
0.685181 -0.225752 0.244927 110 144 0
0.681438 -0.221504 0.243449 110 144 0
0.681804 -0.215533 0.243752 110 144 0
0.684341 -0.210454 0.244717 110 144 0
0.687615 -0.205642 0.245678 110 144 0
0.692455 -0.202664 0.24693 110 144 0
0.697497 -0.20457 0.248594 110 144 0
0.702755 -0.205903 0.250863 110 144 0
0.704126 -0.210913 0.251395 110 144 0
0.703612 -0.216851 0.251577 110 144 0
0.700348 -0.221344 0.250602 110 144 0
0.695136 -0.222639 0.248667 110 144 0
0.689769 -0.221459 0.246623 110 144 0
0.685309 -0.217866 0.245097 110 144 0
0.682228 -0.213156 0.243817 110 144 0
0.681834 -0.207236 0.243689 110 144 0
0.683262 -0.20168 0.244119 110 144 0
0.68622 -0.1966 0.245156 110 144 0
0.691461 -0.19432 0.246937 110 144 0
0.696698 -0.193376 0.249039 110 144 0
0.701439 -0.196442 0.250737 110 144 0
0.703684 -0.201535 0.251269 110 144 0
0.703959 -0.207502 0.251493 110 144 0
0.700246 -0.211607 0.250028 110 144 0
0.695076 -0.212841 0.248127 110 144 0
0.689703 -0.211597 0.246015 110 144 0
0.685093 -0.208376 0.244528 110 144 0
0.682876 -0.202838 0.243975 110 144 0
0.681818 -0.197092 0.243942 110 144 0
0.683617 -0.191567 0.245042 110 144 0
0.686362 -0.187106 0.24613 110 144 0
0.691195 -0.184264 0.248214 110 144 0
0.696796 -0.184398 0.250342 110 144 0
0.701448 -0.187096 0.252106 110 144 0
0.703225 -0.192709 0.252284 110 144 0
0.702531 -0.198249 0.251647 110 144 0
0.698262 -0.201383 0.249668 110 144 0
0.693045 -0.202743 0.247925 110 144 0
0.687833 -0.201041 0.246074 111 143 0
0.683629 -0.197087 0.244818 111 143 0
0.68127 -0.191672 0.244381 111 143 0
0.681027 -0.185704 0.244859 111 143 0
0.682635 -0.180267 0.24611 111 143 0
0.686536 -0.176424 0.248187 111 143 0
0.691401 -0.174103 0.250243 111 143 0
0.696729 -0.175729 0.252241 111 143 0
0.701383 -0.178181 0.253715 111 143 0
0.702099 -0.184018 0.253402 111 143 0
0.70108 -0.189823 0.252567 111 143 0
0.696436 -0.192645 0.250502 111 143 0
0.691326 -0.193551 0.24858 111 143 0
0.686261 -0.190891 0.246798 111 143 0
0.682998 -0.18602 0.245891 111 143 0
0.680065 -0.18092 0.245003 111 143 0
0.680847 -0.175554 0.246028 111 143 0
0.683084 -0.170215 0.247558 111 143 0
0.686407 -0.166587 0.249201 111 143 0
0.691362 -0.164392 0.251421 111 143 0
0.696585 -0.165855 0.253499 111 143 0
0.700589 -0.169028 0.254767 111 143 0
0.701616 -0.174346 0.254909 111 143 0
0.700432 -0.179856 0.254262 111 143 0
0.695831 -0.182579 0.252083 111 143 0
0.690798 -0.184214 0.250039 111 143 0
0.686022 -0.18181 0.248287 111 143 0
0.682152 -0.177495 0.246947 111 143 0
0.678996 -0.172532 0.245836 111 143 0
0.679568 -0.166865 0.246605 111 143 0
0.681791 -0.161469 0.247965 111 143 0
0.68498 -0.156813 0.249458 111 143 0
0.690164 -0.155746 0.251871 111 143 0
0.695715 -0.155862 0.254091 111 143 0
0.699127 -0.16017 0.255394 111 143 0
0.700057 -0.165649 0.255553 111 143 0
0.698052 -0.171022 0.254517 111 143 0
0.693535 -0.17414 0.252471 111 143 0
0.688037 -0.173981 0.250098 111 143 0
0.683343 -0.171017 0.248383 111 143 0
0.680565 -0.166059 0.247477 111 143 0
0.678196 -0.161077 0.2468 111 143 0
0.678777 -0.155303 0.247441 111 143 0
0.681322 -0.150097 0.248949 111 143 0
0.685357 -0.146525 0.250958 111 143 0
0.690785 -0.145831 0.253316 111 143 0
0.696032 -0.146468 0.255644 111 143 0
0.699747 -0.150924 0.256979 111 143 0
0.700113 -0.156861 0.25638 111 143 0
0.698236 -0.161909 0.255148 111 143 0
0.693729 -0.164238 0.253079 111 143 0
0.688269 -0.164095 0.250613 111 143 0
0.683538 -0.161817 0.249017 111 143 0
0.680479 -0.156728 0.248234 111 143 0
0.677818 -0.152008 0.247567 111 143 0
0.677777 -0.146086 0.248356 111 143 0
0.680115 -0.141318 0.250235 111 143 0
0.68389 -0.137312 0.252583 111 143 0
0.68898 -0.135944 0.255049 111 143 0
0.694076 -0.136609 0.256783 111 143 0
0.697951 -0.140749 0.257968 111 143 0
0.700199 -0.145236 0.257818 111 143 0
0.699613 -0.150878 0.256849 111 143 0
0.696267 -0.154016 0.254837 111 143 0
0.691576 -0.155648 0.252716 111 143 0
0.686658 -0.15407 0.250809 111 143 0
0.682103 -0.151144 0.249244 111 143 0
0.679525 -0.1466 0.249289 111 143 0
0.6773 -0.14167 0.2493 112 142 0
0.676838 -0.135976 0.249995 112 142 0
0.678564 -0.131532 0.251898 112 142 0
0.682197 -0.128553 0.254672 112 142 0
0.685899 -0.126116 0.2569 112 142 0
0.68351 -0.127434 0.255465 112 142 0
0.680101 -0.129428 0.253329 112 142 0
0.676677 -0.131412 0.251207 112 142 0
0.673239 -0.133434 0.249144 112 142 0
0.669789 -0.13544 0.247085 112 142 0
0.665752 -0.136367 0.256187 112 142 0
0.612143 -0.13736 0.23039 112 142 0
0.618381 -0.136651 0.222607 112 142 0
0.618381 -0.136651 0.222607 112 142 0
0.618848 -0.141779 0.221908 112 142 0
0.619321 -0.146415 0.22122 112 142 0
0.619708 -0.151075 0.220653 112 142 0
0.620043 -0.155747 0.220158 112 142 0
0.620283 -0.160436 0.219802 112 142 0
0.620423 -0.165139 0.219599 112 142 0
0.620487 -0.169849 0.21952 112 142 0
0.620454 -0.174558 0.219568 112 142 0
0.620012 -0.180065 0.218777 112 142 0
0.619867 -0.184764 0.217658 112 142 0
0.619652 -0.189427 0.216404 112 142 0
0.619451 -0.194095 0.215168 112 142 0
0.619285 -0.198802 0.214093 112 142 0
0.61904 -0.203537 0.213162 112 142 0
0.618633 -0.208287 0.212379 112 142 0
0.618067 -0.213043 0.211733 112 142 0
0.617408 -0.217793 0.211136 112 142 0
0.616761 -0.222542 0.210519 112 142 0
0.615973 -0.227269 0.209933 112 142 0
0.616639 -0.221985 0.210832 112 142 0
0.617456 -0.217309 0.211208 112 142 0
0.618125 -0.212628 0.211785 112 142 0
0.618672 -0.207939 0.212428 112 142 0
0.619059 -0.203258 0.213213 112 142 0
0.619428 -0.198636 0.214282 112 142 0
0.619791 -0.194061 0.215554 112 142 0
0.620008 -0.189475 0.216821 112 142 0
0.620356 -0.184981 0.218361 112 142 0
0.620578 -0.180025 0.219416 112 142 0
0.62057 -0.17522 0.219396 112 142 0
0.620503 -0.170417 0.219497 112 142 0
0.620417 -0.165614 0.21961 112 142 0
0.620283 -0.160815 0.219802 112 142 0
0.620058 -0.156029 0.220135 112 142 0
0.619725 -0.151261 0.220628 112 142 0
0.619335 -0.146506 0.2212 112 142 0
0.618848 -0.141779 0.221908 112 142 0
0.617496 -0.124352 0.223826 112 142 0
0.622298 -0.125954 0.226007 112 142 0
0.625164 -0.129988 0.226947 112 142 0
0.627113 -0.135237 0.227321 112 142 0
0.625911 -0.140362 0.2258 112 142 0
0.62346 -0.145237 0.22373 112 142 0
0.619127 -0.147002 0.220517 112 142 0
0.614862 -0.149005 0.217474 112 142 0
0.610343 -0.146591 0.214589 112 142 0
0.606033 -0.144533 0.212103 112 142 0
0.602907 -0.139636 0.210484 112 142 0
0.602628 -0.133831 0.210905 112 142 0
0.604071 -0.128167 0.212301 112 142 0
0.607684 -0.1247 0.215133 112 142 0
0.612291 -0.125605 0.218441 112 142 0
0.615814 -0.129902 0.220546 112 142 0
0.617369 -0.13548 0.221061 113 141 0
0.615723 -0.140445 0.219167 113 141 0
0.614134 -0.144879 0.217231 113 141 0
0.610119 -0.14718 0.213391 113 141 0
0.605807 -0.149126 0.209782 113 141 0
0.602064 -0.146682 0.20625 113 141 0
0.598453 -0.143122 0.202985 113 141 0
0.595907 -0.139104 0.200644 113 141 0
0.595119 -0.133357 0.200182 113 141 0
0.595474 -0.12863 0.201214 113 141 0
0.597858 -0.125984 0.204339 113 141 0
0.600463 -0.124415 0.208247 113 141 0
0.602829 -0.125977 0.211339 113 141 0
0.606079 -0.129112 0.213928 113 141 0
0.608617 -0.133166 0.215154 113 141 0
0.609063 -0.139109 0.214686 113 141 0
0.609008 -0.14474 0.213101 113 141 0
0.607479 -0.149053 0.210532 113 141 0
0.604723 -0.152306 0.206749 113 141 0
0.600598 -0.152356 0.202462 113 141 0
0.596859 -0.150995 0.198536 113 141 0
0.593927 -0.147172 0.1962 113 141 0
0.592162 -0.141735 0.195698 113 141 0
0.594394 -0.137057 0.198362 113 141 0
0.597323 -0.134248 0.202091 113 141 0
0.601593 -0.134124 0.206254 113 141 0
0.605087 -0.137686 0.209163 113 141 0
0.608062 -0.142116 0.211166 113 141 0
0.609907 -0.147369 0.211636 113 141 0
0.608918 -0.152871 0.209886 113 141 0
0.607009 -0.15788 0.207288 113 141 0
0.6034 -0.160781 0.20373 113 141 0
0.599578 -0.161599 0.199948 113 141 0
0.595712 -0.160174 0.196385 113 141 0
0.592881 -0.155475 0.194247 113 141 0
0.592655 -0.149639 0.194651 113 141 0
0.593993 -0.145088 0.196641 113 141 0
0.597717 -0.142552 0.200164 113 141 0
0.602226 -0.143541 0.20378 113 141 0
0.605668 -0.147496 0.206471 113 141 0
0.608078 -0.152653 0.20787 113 141 0
0.60871 -0.158526 0.207609 113 141 0
0.608276 -0.164162 0.206309 113 141 0
0.605368 -0.168174 0.203279 113 141 0
0.601414 -0.170759 0.199627 113 141 0
0.597248 -0.170965 0.195355 113 141 0
0.59349 -0.167505 0.192521 113 141 0
0.591948 -0.161977 0.191423 113 141 0
0.591582 -0.156037 0.191907 113 141 0
0.594416 -0.152348 0.194531 113 141 0
0.598563 -0.150915 0.198333 113 141 0
0.602811 -0.153164 0.201843 113 141 0
0.60518 -0.157886 0.203756 113 141 0
0.607513 -0.163103 0.205027 113 141 0
0.608 -0.16901 0.204397 113 141 0
0.607076 -0.174538 0.202792 113 141 0
0.603562 -0.177711 0.199204 113 141 0
0.599708 -0.178434 0.194964 113 141 0
0.595459 -0.17742 0.191008 113 141 0
0.592065 -0.174041 0.188341 113 141 0
0.590784 -0.168598 0.187715 113 141 0
0.592184 -0.16357 0.189426 113 141 0
0.595469 -0.160966 0.193325 113 141 0
0.599501 -0.16082 0.197709 113 141 0
0.603823 -0.163056 0.201095 113 141 0
0.606182 -0.167949 0.202976 113 141 0
0.607227 -0.173699 0.203405 113 141 0
0.606538 -0.179105 0.201888 114 140 0
0.604704 -0.183983 0.199122 114 140 0
0.602015 -0.186814 0.195009 114 140 0
0.598632 -0.187949 0.191039 114 140 0
0.594881 -0.1868 0.186979 114 140 0
0.592378 -0.182537 0.184186 114 140 0
0.590241 -0.178447 0.183064 114 140 0
0.591866 -0.173624 0.184737 114 140 0
0.593088 -0.170697 0.187617 114 140 0
0.595393 -0.168553 0.190153 114 140 0
0.597878 -0.16844 0.194204 114 140 0
0.599934 -0.170901 0.196994 114 140 0
0.602842 -0.173154 0.199575 114 140 0
0.605195 -0.177876 0.201304 114 140 0
0.606903 -0.183279 0.201616 114 140 0
0.606309 -0.188787 0.200086 114 140 0
0.604786 -0.193405 0.197257 114 140 0
0.602493 -0.1961 0.193332 114 140 0
0.598915 -0.197971 0.189198 114 140 0
0.594783 -0.196719 0.185273 114 140 0
0.592767 -0.192566 0.183269 114 140 0
0.590437 -0.187542 0.182334 114 140 0
0.592255 -0.183031 0.18457 114 140 0
0.595103 -0.180353 0.188271 114 140 0
0.599064 -0.178607 0.192182 114 140 0
0.602666 -0.181978 0.195471 114 140 0
0.605903 -0.185963 0.198088 114 140 0
0.607937 -0.191439 0.199432 114 140 0
0.607685 -0.197132 0.198699 114 140 0
0.606218 -0.202594 0.196745 114 140 0
0.603893 -0.207057 0.193808 114 140 0
0.599884 -0.208165 0.189657 114 140 0
0.59566 -0.207032 0.185758 114 140 0
0.591891 -0.203746 0.182787 114 140 0
0.591245 -0.198225 0.182384 114 140 0
0.592584 -0.192601 0.183792 114 140 0
0.596797 -0.191208 0.187574 114 140 0
0.601008 -0.190612 0.191556 114 140 0
0.604365 -0.193994 0.194765 114 140 0
0.607565 -0.198313 0.19742 114 140 0
0.608723 -0.203969 0.198545 114 140 0
0.607803 -0.209823 0.197823 114 140 0
0.605979 -0.215207 0.195995 114 140 0
0.603024 -0.219356 0.193308 114 140 0
0.598704 -0.220552 0.189491 114 140 0
0.594759 -0.21793 0.185982 114 140 0
0.592369 -0.213196 0.183373 114 140 0
0.591522 -0.207429 0.182591 114 140 0
0.594695 -0.203217 0.185106 114 140 0
0.597894 -0.200075 0.188117 114 140 0
0.602039 -0.201996 0.191703 114 140 0
0.605705 -0.205102 0.195164 114 140 0
0.608218 -0.210017 0.197395 114 140 0
0.608841 -0.215786 0.198288 114 140 0
0.607291 -0.221479 0.197272 114 140 0
0.60449 -0.225985 0.19489 114 140 0
0.60204 -0.230489 0.192454 114 140 0
0.597722 -0.229938 0.188395 114 140 0
0.593643 -0.227448 0.184777 114 140 0
0.591487 -0.222875 0.182574 114 140 0
0.592508 -0.217313 0.183264 114 140 0
0.595092 -0.21267 0.185972 114 140 0
0.599405 -0.211698 0.189939 114 140 0
0.603277 -0.213545 0.193687 114 140 0
0.606801 -0.216875 0.196922 114 140 0
0.608667 -0.222323 0.198509 114 140 0
0.60882 -0.228297 0.198439 114 140 0
0.607148 -0.23362 0.196655 114 140 0
0.605128 -0.238494 0.193909 115 139 0
0.601448 -0.240133 0.190074 115 139 0
0.597766 -0.240897 0.186613 115 139 0
0.594096 -0.238796 0.183101 115 139 0
0.59204 -0.23491 0.181269 115 139 0
0.592075 -0.22894 0.181556 115 139 0
0.59424 -0.22451 0.183975 115 139 0
0.596784 -0.222495 0.187511 115 139 0
0.599801 -0.222927 0.191345 115 139 0
0.603636 -0.224083 0.195155 115 139 0
0.607881 -0.226716 0.197386 115 139 0
0.609352 -0.232468 0.197722 115 139 0
0.609054 -0.238357 0.196743 115 139 0
0.606409 -0.242851 0.19409 115 139 0
0.603053 -0.246343 0.190629 115 139 0
0.598554 -0.246343 0.186976 115 139 0
0.594489 -0.242994 0.183996 115 139 0
0.591681 -0.238365 0.182048 115 139 0
0.59174 -0.232307 0.182229 115 139 0
0.593995 -0.227121 0.184183 115 139 0
0.59666 -0.222434 0.186908 115 139 0
0.600134 -0.222927 0.190768 115 139 0
0.603217 -0.222683 0.195136 115 139 0
0.605686 -0.224894 0.197383 115 139 0
0.607672 -0.228906 0.198691 115 139 0
0.60907 -0.234138 0.198447 115 139 0
0.608272 -0.23803 0.196331 115 139 0
0.60499 -0.239833 0.193106 115 139 0
0.601876 -0.242378 0.189805 115 139 0
0.598188 -0.239417 0.18654 115 139 0
0.59457 -0.236706 0.183679 115 139 0
0.592942 -0.231357 0.182441 115 139 0
0.592235 -0.226057 0.182345 115 139 0
0.593697 -0.220788 0.183938 115 139 0
0.596163 -0.216633 0.186539 115 139 0
0.59905 -0.213059 0.190082 115 139 0
0.603256 -0.212769 0.194339 115 139 0
0.606715 -0.215554 0.197828 115 139 0
0.608786 -0.21937 0.199903 115 139 0
0.608341 -0.224353 0.199321 115 139 0
0.606919 -0.229449 0.197346 115 139 0
0.603381 -0.231749 0.193972 115 139 0
0.599961 -0.230571 0.190567 115 139 0
0.596377 -0.228011 0.186878 115 139 0
0.593766 -0.223517 0.184263 115 139 0
0.592823 -0.217789 0.183335 115 139 0
0.593638 -0.211957 0.184023 115 139 0
0.595823 -0.206886 0.186187 115 139 0
0.599098 -0.203186 0.189181 115 139 0
0.603191 -0.203091 0.193478 115 139 0
0.607397 -0.204336 0.197456 115 139 0
0.609278 -0.209569 0.199535 115 139 0
0.609706 -0.215276 0.200214 115 139 0
0.607491 -0.220242 0.19826 115 139 0
0.603524 -0.222151 0.194584 115 139 0
0.599379 -0.222302 0.190758 115 139 0
0.596357 -0.218207 0.187564 115 139 0
0.594197 -0.213039 0.185409 115 139 0
0.593631 -0.207173 0.184849 115 139 0
0.594375 -0.201421 0.185684 115 139 0
0.596526 -0.196329 0.18786 115 139 0
0.600413 -0.193438 0.191414 115 139 0
0.604614 -0.193224 0.195313 115 139 0
0.608405 -0.196118 0.19891 115 139 0
0.609977 -0.201466 0.2006 115 139 0
0.610183 -0.206964 0.200348 115 139 0
0.607597 -0.210917 0.197677 115 139 0
0.603699 -0.212474 0.193898 116 138 0
0.599407 -0.210607 0.190344 116 138 0
0.596066 -0.20655 0.187495 116 138 0
0.593901 -0.201154 0.186024 116 138 0
0.59318 -0.195316 0.185836 116 138 0
0.594571 -0.189812 0.187393 116 138 0
0.598086 -0.186328 0.190692 116 138 0
0.601413 -0.182854 0.194167 116 138 0
0.605425 -0.184189 0.198084 116 138 0
0.609581 -0.186415 0.201487 116 138 0
0.611313 -0.191726 0.202779 116 138 0
0.610104 -0.197119 0.201534 116 138 0
0.607631 -0.201482 0.198434 116 138 0
0.603366 -0.202825 0.194651 116 138 0
0.599524 -0.200207 0.191248 116 138 0
0.596248 -0.195969 0.188807 116 138 0
0.594198 -0.190459 0.187618 116 138 0
0.593864 -0.184526 0.188179 116 138 0
0.595614 -0.179298 0.190113 116 138 0
0.598868 -0.175796 0.193469 116 138 0
0.602691 -0.174151 0.197563 116 138 0
0.606768 -0.175307 0.201437 116 138 0
0.609797 -0.179745 0.203827 116 138 0
0.610726 -0.185409 0.203889 116 138 0
0.608197 -0.190033 0.20129 116 138 0
0.604403 -0.192652 0.197587 116 138 0
0.600285 -0.190924 0.193831 116 138 0
0.596463 -0.187351 0.190947 116 138 0
0.594011 -0.182666 0.189456 116 138 0
0.593417 -0.176811 0.189744 116 138 0
0.594324 -0.171052 0.19118 116 138 0
0.596668 -0.166721 0.193787 116 138 0
0.60039 -0.164065 0.197583 116 138 0
0.604794 -0.164092 0.201669 116 138 0
0.608368 -0.167012 0.205017 116 138 0
0.610906 -0.171949 0.206864 116 138 0
0.610574 -0.17771 0.205899 116 138 0
0.60747 -0.181537 0.202744 116 138 0
0.603268 -0.182463 0.19882 116 138 0
0.599336 -0.181079 0.195347 116 138 0
0.596085 -0.176869 0.192989 116 138 0
0.594375 -0.171184 0.192122 116 138 0
0.593568 -0.165296 0.192304 116 138 0
0.594893 -0.15984 0.19435 116 138 0
0.597887 -0.15581 0.197464 116 138 0
0.601809 -0.154062 0.201435 116 138 0
0.605838 -0.154956 0.205207 116 138 0
0.609048 -0.159259 0.207897 116 138 0
0.610197 -0.164757 0.208347 116 138 0
0.608951 -0.170095 0.206358 116 138 0
0.605603 -0.172375 0.20306 116 138 0
0.601247 -0.172208 0.198962 116 138 0
0.597454 -0.169355 0.195948 116 138 0
0.594237 -0.165038 0.19378 116 138 0
0.593651 -0.159104 0.193846 116 138 0
0.593584 -0.153385 0.194745 116 138 0
0.595688 -0.148543 0.197578 116 138 0
0.599044 -0.145113 0.20114 116 138 0
0.602919 -0.144017 0.205368 116 138 0
0.606828 -0.146089 0.209024 116 138 0
0.60961 -0.150849 0.211077 116 138 0
0.610463 -0.156592 0.210748 116 138 0
0.607928 -0.161058 0.207733 116 138 0
0.604498 -0.164038 0.203994 116 138 0
0.60036 -0.162158 0.200201 116 138 0
0.596884 -0.159363 0.197002 116 138 0
0.594466 -0.154136 0.195318 116 138 0
0.592938 -0.148396 0.194678 117 137 0
0.594258 -0.14339 0.196765 117 137 0
0.595185 -0.138094 0.199019 117 137 0
0.598001 -0.135469 0.202849 117 137 0
0.601953 -0.134091 0.206863 117 137 0
0.605243 -0.135856 0.210967 117 137 0
0.607739 -0.139366 0.213004 117 137 0
0.610306 -0.14398 0.214172 117 137 0
0.609392 -0.14908 0.212475 117 137 0
0.607238 -0.152605 0.20944 117 137 0
0.60356 -0.153909 0.205345 117 137 0
0.59991 -0.152413 0.201552 117 137 0
0.597165 -0.148702 0.198704 117 137 0
0.595533 -0.144388 0.197238 117 137 0
0.594305 -0.139011 0.196778 117 137 0
0.594431 -0.133699 0.197932 117 137 0
0.59513 -0.128958 0.199944 117 137 0
0.596508 -0.126331 0.202082 117 137 0
0.598156 -0.125977 0.204837 117 137 0
0.600329 -0.124415 0.208479 117 137 0
0.602029 -0.125205 0.210433 117 137 0
0.605421 -0.127865 0.21346 117 137 0
0.608933 -0.130584 0.216284 117 137 0
0.612669 -0.133218 0.218898 117 137 0
0.616614 -0.135426 0.221574 117 137 0
0.61039 -0.136207 0.229362 117 137 0
0.663048 -0.137529 0.255922 117 137 0
0.667155 -0.136668 0.246845 117 137 0
0.668027 -0.141935 0.245047 117 137 0
0.668238 -0.146566 0.244612 117 137 0
0.668379 -0.151214 0.244287 117 137 0
0.668464 -0.155868 0.244025 117 137 0
0.668545 -0.160528 0.243929 117 137 0
0.668604 -0.16519 0.243958 117 137 0
0.668569 -0.169852 0.243993 117 137 0
0.668547 -0.174511 0.24402 117 137 0
0.668649 -0.179725 0.243813 117 137 0
0.669477 -0.184377 0.2432 117 137 0
0.669975 -0.189083 0.242649 117 137 0
0.670532 -0.19379 0.242155 117 137 0
0.671058 -0.198509 0.241758 117 137 0
0.671408 -0.203254 0.241575 117 137 0
0.671513 -0.208016 0.241583 117 137 0
0.671488 -0.21278 0.241689 117 137 0
0.671532 -0.217543 0.241803 117 137 0
0.671627 -0.222307 0.241757 117 137 0
0.671634 -0.22707 0.24178 117 137 0
0.671507 -0.22198 0.242225 117 137 0
0.671504 -0.216672 0.241829 117 137 0
0.671447 -0.211354 0.241644 117 137 0
0.671107 -0.206049 0.241391 117 137 0
0.670808 -0.200737 0.241491 117 137 0
0.670277 -0.195454 0.24186 117 137 0
0.669615 -0.190201 0.242399 117 137 0
0.669115 -0.184976 0.243167 117 137 0
0.668649 -0.179725 0.243813 117 137 0
0.668546 -0.174995 0.243819 117 137 0
0.668578 -0.170266 0.243968 117 137 0
0.668603 -0.165535 0.243961 117 137 0
0.66855 -0.160804 0.243931 117 137 0
0.668467 -0.156075 0.244016 117 137 0
0.668382 -0.151352 0.244277 117 137 0
0.668243 -0.146635 0.244609 117 137 0
0.668027 -0.141935 0.245047 117 137 0
0.665858 -0.124349 0.247971 117 137 0
0.670885 -0.125665 0.249982 117 137 0
0.675343 -0.128155 0.251366 117 137 0
0.678638 -0.131961 0.251893 117 137 0
0.681175 -0.137263 0.252181 118 136 0
0.680623 -0.14304 0.251199 118 136 0
0.67734 -0.14663 0.248941 118 136 0
0.672999 -0.149152 0.246653 118 136 0
0.668154 -0.146894 0.244688 118 136 0
0.664613 -0.142076 0.243418 118 136 0
0.665451 -0.137012 0.244513 118 136 0
0.666189 -0.131395 0.245398 118 136 0
0.670245 -0.127986 0.247901 118 136 0
0.675182 -0.125977 0.250539 118 136 0
0.680656 -0.126043 0.253257 118 136 0
0.685487 -0.128193 0.255346 118 136 0
0.688844 -0.133123 0.256348 118 136 0
0.690536 -0.138769 0.256456 118 136 0
0.690472 -0.144436 0.255593 118 136 0
0.686603 -0.14817 0.252931 118 136 0
0.681695 -0.149168 0.250185 118 136 0
0.677077 -0.146394 0.248308 118 136 0
0.674983 -0.140918 0.248163 118 136 0
0.675036 -0.134999 0.249243 118 136 0
0.677954 -0.13035 0.251851 118 136 0
0.681582 -0.127949 0.254419 118 136 0
0.685836 -0.126116 0.257009 118 136 0
0.68966 -0.127551 0.257788 118 136 0
0.694068 -0.130047 0.258712 118 136 0
0.697176 -0.134319 0.258762 118 136 0
0.699122 -0.139582 0.258576 118 136 0
0.69828 -0.144749 0.257103 118 136 0
0.696385 -0.150218 0.255651 118 136 0
0.692456 -0.154105 0.253642 118 136 0
0.687302 -0.155388 0.251069 118 136 0
0.683136 -0.153927 0.249548 118 136 0
0.679375 -0.150305 0.248518 118 136 0
0.677603 -0.145283 0.248364 118 136 0
0.679469 -0.139781 0.249734 118 136 0
0.684004 -0.137381 0.25211 118 136 0
0.689213 -0.135856 0.254348 118 136 0
0.693444 -0.139438 0.255917 118 136 0
0.697537 -0.143198 0.257504 118 136 0
0.699472 -0.148815 0.257745 118 136 0
0.699611 -0.15478 0.257078 118 136 0
0.696778 -0.159461 0.255176 118 136 0
0.693537 -0.164243 0.25353 118 136 0
0.688638 -0.166629 0.251053 118 136 0
0.68365 -0.164931 0.248768 118 136 0
0.679632 -0.160824 0.247124 118 136 0
0.67822 -0.155308 0.246787 118 136 0
0.680399 -0.150857 0.247966 118 136 0
0.685087 -0.14785 0.250198 118 136 0
0.690046 -0.147215 0.252463 118 136 0
0.694337 -0.150792 0.254307 118 136 0
0.698774 -0.154162 0.256125 118 136 0
0.700202 -0.15977 0.256479 118 136 0
0.699955 -0.165752 0.256045 118 136 0
0.697267 -0.170791 0.254525 118 136 0
0.69327 -0.174419 0.252634 118 136 0
0.688284 -0.176518 0.250205 118 136 0
0.683029 -0.174949 0.248099 118 136 0
0.678965 -0.171056 0.246301 118 136 0
0.678575 -0.165245 0.246401 118 136 0
0.681426 -0.160663 0.247819 118 136 0
0.685856 -0.158673 0.249756 118 136 0
0.69098 -0.158173 0.251875 118 136 0
0.695659 -0.16132 0.253609 118 136 0
0.698894 -0.16622 0.254354 118 136 0
0.700579 -0.171811 0.254437 118 136 0
0.700174 -0.177487 0.253724 118 136 0
0.697627 -0.182685 0.252242 119 135 0
0.693706 -0.186182 0.250418 119 135 0
0.688163 -0.186471 0.248276 119 135 0
0.6828 -0.186041 0.246814 119 135 0
0.67956 -0.181962 0.246519 119 135 0
0.678384 -0.176281 0.246667 119 135 0
0.680481 -0.172414 0.247891 119 135 0
0.683779 -0.169396 0.249013 119 135 0
0.688851 -0.168987 0.250487 119 135 0
0.693409 -0.170008 0.251927 119 135 0
0.697658 -0.172482 0.252701 119 135 0
0.701283 -0.175906 0.253488 119 135 0
0.702212 -0.181605 0.25288 119 135 0
0.701853 -0.187071 0.251544 119 135 0
0.700157 -0.192114 0.250457 119 135 0
0.696863 -0.196246 0.249216 119 135 0
0.692482 -0.198607 0.247753 119 135 0
0.68704 -0.197762 0.245944 119 135 0
0.682618 -0.193783 0.245302 119 135 0
0.67916 -0.189211 0.244511 119 135 0
0.680659 -0.183927 0.245523 119 135 0
0.685164 -0.180495 0.247479 119 135 0
0.690536 -0.179198 0.249114 119 135 0
0.695896 -0.180921 0.250955 119 135 0
0.699478 -0.185041 0.251588 119 135 0
0.7027 -0.190017 0.252358 119 135 0
0.703156 -0.195879 0.252053 119 135 0
0.701864 -0.201645 0.251285 119 135 0
0.698574 -0.206276 0.249667 119 135 0
0.693451 -0.208389 0.247537 119 135 0
0.687963 -0.208276 0.245254 119 135 0
0.683198 -0.205683 0.243858 119 135 0
0.681884 -0.199933 0.243697 119 135 0
0.683259 -0.194379 0.24433 119 135 0
0.687377 -0.190651 0.245838 119 135 0
0.69298 -0.191028 0.247903 119 135 0
0.698313 -0.192481 0.250052 119 135 0
0.701555 -0.197135 0.251215 119 135 0
0.703465 -0.20263 0.251962 119 135 0
0.703723 -0.208616 0.252072 119 135 0
0.700784 -0.213363 0.250769 119 135 0
0.696479 -0.217105 0.248972 119 135 0
0.691487 -0.219169 0.247129 119 135 0
0.686364 -0.218109 0.244981 119 135 0
0.682295 -0.214046 0.243411 119 135 0
0.682297 -0.208174 0.243373 119 135 0
0.684761 -0.203013 0.244184 119 135 0
0.689847 -0.200998 0.246022 119 135 0
0.695351 -0.201103 0.248394 119 135 0
0.69938 -0.204564 0.249987 119 135 0
0.702304 -0.209679 0.2511 119 135 0
0.703722 -0.215138 0.251598 119 135 0
0.703339 -0.220995 0.251433 119 135 0
0.699905 -0.225733 0.250146 119 135 0
0.694988 -0.228498 0.248392 119 135 0
0.689486 -0.229271 0.246624 119 135 0
0.684284 -0.227509 0.244428 119 135 0
0.682234 -0.22272 0.243731 119 135 0
0.682703 -0.217473 0.243903 119 135 0
0.68656 -0.213259 0.245417 119 135 0
0.691682 -0.211031 0.247139 119 135 0
0.696726 -0.213276 0.248638 119 135 0
0.701724 -0.215994 0.250483 119 135 0
0.704027 -0.220955 0.250919 119 135 0
0.705095 -0.226274 0.251039 119 135 0
0.704787 -0.232124 0.250682 119 135 0
0.701476 -0.236303 0.248858 119 135 0
0.697968 -0.240619 0.247152 120 134 0
0.69255 -0.240679 0.244734 120 134 0
0.687604 -0.239378 0.243445 120 134 0
0.684434 -0.235646 0.243085 120 134 0
0.682224 -0.230636 0.243606 120 134 0
0.684387 -0.22635 0.2456 120 134 0
0.687888 -0.222346 0.246908 120 134 0
0.692913 -0.222463 0.248199 120 134 0
0.698699 -0.222775 0.249082 120 134 0
0.702997 -0.22687 0.250395 120 134 0
0.704986 -0.232258 0.250865 120 134 0
0.705255 -0.238096 0.250718 120 134 0
0.70309 -0.243277 0.24945 120 134 0
0.69818 -0.245919 0.24702 120 134 0
0.692716 -0.246328 0.244683 120 134 0
0.687739 -0.243445 0.24303 120 134 0
0.684882 -0.238178 0.242427 120 134 0
0.683175 -0.232876 0.242441 120 134 0
0.685023 -0.22736 0.244124 120 134 0
0.688182 -0.223925 0.246472 120 134 0
0.692697 -0.222463 0.248572 120 134 0
0.697918 -0.222732 0.24939 120 134 0
0.701677 -0.224587 0.250091 120 134 0
0.704625 -0.228023 0.250418 120 134 0
0.705494 -0.232144 0.250172 120 134 0
0.704217 -0.23658 0.24935 120 134 0
0.701203 -0.239902 0.248221 120 134 0
0.695926 -0.240642 0.24628 120 134 0
0.69064 -0.240158 0.244743 120 134 0
0.68649 -0.236049 0.243692 120 134 0
0.683937 -0.232261 0.243816 120 134 0
0.681551 -0.227075 0.243717 120 134 0
0.683316 -0.222255 0.244977 120 134 0
0.68587 -0.217444 0.245655 120 134 0
0.689853 -0.214267 0.246601 120 134 0
0.694888 -0.212834 0.248176 120 134 0
0.700105 -0.214613 0.249728 120 134 0
0.703763 -0.217761 0.250798 120 134 0
0.70543 -0.223191 0.251549 120 134 0
0.702568 -0.227967 0.250373 120 134 0
0.698259 -0.230605 0.248837 120 134 0
0.694198 -0.232188 0.247736 120 134 0
0.689053 -0.230051 0.24627 120 134 0
0.685181 -0.225752 0.244927 120 134 0
0.681438 -0.221504 0.243449 120 134 0
0.681804 -0.215533 0.243752 120 134 0
0.684341 -0.210454 0.244717 120 134 0
0.687615 -0.205642 0.245678 120 134 0
0.692455 -0.202664 0.24693 120 134 0
0.697497 -0.20457 0.248594 120 134 0
0.702755 -0.205903 0.250863 120 134 0
0.704126 -0.210913 0.251395 120 134 0
0.703612 -0.216851 0.251577 120 134 0
0.700348 -0.221344 0.250602 120 134 0
0.695136 -0.222639 0.248667 120 134 0
0.689769 -0.221459 0.246623 120 134 0
0.685309 -0.217866 0.245097 120 134 0
0.682228 -0.213156 0.243817 120 134 0
0.681834 -0.207236 0.243689 120 134 0
0.683262 -0.20168 0.244119 120 134 0
0.68622 -0.1966 0.245156 120 134 0
0.691461 -0.19432 0.246937 120 134 0
0.696698 -0.193376 0.249039 120 134 0
0.701439 -0.196442 0.250737 120 134 0
0.703684 -0.201535 0.251269 120 134 0
0.703959 -0.207502 0.251493 120 134 0
0.700246 -0.211607 0.250028 120 134 0
0.695076 -0.212841 0.248127 120 134 0
0.689703 -0.211597 0.246015 121 133 0
0.685093 -0.208376 0.244528 121 133 0
0.682876 -0.202838 0.243975 121 133 0
0.681818 -0.197092 0.243942 121 133 0
0.683617 -0.191567 0.245042 121 133 0
0.686362 -0.187106 0.24613 121 133 0
0.691195 -0.184264 0.248214 121 133 0
0.696796 -0.184398 0.250342 121 133 0
0.701448 -0.187096 0.252106 121 133 0
0.703225 -0.192709 0.252284 121 133 0
0.702531 -0.198249 0.251647 121 133 0
0.698262 -0.201383 0.249668 121 133 0
0.693045 -0.202743 0.247925 121 133 0
0.687833 -0.201041 0.246074 121 133 0
0.683629 -0.197087 0.244818 121 133 0
0.68127 -0.191672 0.244381 121 133 0
0.681027 -0.185704 0.244859 121 133 0
0.682635 -0.180267 0.24611 121 133 0
0.686536 -0.176424 0.248187 121 133 0
0.691401 -0.174103 0.250243 121 133 0
0.696729 -0.175729 0.252241 121 133 0
0.701383 -0.178181 0.253715 121 133 0
0.702099 -0.184018 0.253402 121 133 0
0.70108 -0.189823 0.252567 121 133 0
0.696436 -0.192645 0.250502 121 133 0
0.691326 -0.193551 0.24858 121 133 0
0.686261 -0.190891 0.246798 121 133 0
0.682998 -0.18602 0.245891 121 133 0
0.680065 -0.18092 0.245003 121 133 0
0.680847 -0.175554 0.246028 121 133 0
0.683084 -0.170215 0.247558 121 133 0
0.686407 -0.166587 0.249201 121 133 0
0.691362 -0.164392 0.251421 121 133 0
0.696585 -0.165855 0.253499 121 133 0
0.700589 -0.169028 0.254767 121 133 0
0.701616 -0.174346 0.254909 121 133 0
0.700432 -0.179856 0.254262 121 133 0
0.695831 -0.182579 0.252083 121 133 0
0.690798 -0.184214 0.250039 121 133 0
0.686022 -0.18181 0.248287 121 133 0
0.682152 -0.177495 0.246947 121 133 0
0.678996 -0.172532 0.245836 121 133 0
0.679568 -0.166865 0.246605 121 133 0
0.681791 -0.161469 0.247965 121 133 0
0.68498 -0.156813 0.249458 121 133 0
0.690164 -0.155746 0.251871 121 133 0
0.695715 -0.155862 0.254091 121 133 0
0.699127 -0.16017 0.255394 121 133 0
0.700057 -0.165649 0.255553 121 133 0
0.698052 -0.171022 0.254517 121 133 0
0.693535 -0.17414 0.252471 121 133 0
0.688037 -0.173981 0.250098 121 133 0
0.683343 -0.171017 0.248383 121 133 0
0.680565 -0.166059 0.247477 121 133 0
0.678196 -0.161077 0.2468 121 133 0
0.678777 -0.155303 0.247441 121 133 0
0.681322 -0.150097 0.248949 121 133 0
0.685357 -0.146525 0.250958 121 133 0
0.690785 -0.145831 0.253316 121 133 0
0.696032 -0.146468 0.255644 121 133 0
0.699747 -0.150924 0.256979 121 133 0
0.700113 -0.156861 0.25638 121 133 0
0.698236 -0.161909 0.255148 121 133 0
0.693729 -0.164238 0.253079 121 133 0
0.688269 -0.164095 0.250613 121 133 0
0.683538 -0.161817 0.249017 121 133 0
0.680479 -0.156728 0.248234 121 133 0
0.677818 -0.152008 0.247567 122 132 0
0.677777 -0.146086 0.248356 122 132 0
0.680115 -0.141318 0.250235 122 132 0
0.68389 -0.137312 0.252583 122 132 0
0.68898 -0.135944 0.255049 122 132 0
0.694076 -0.136609 0.256783 122 132 0
0.697951 -0.140749 0.257968 122 132 0
0.700199 -0.145236 0.257818 122 132 0
0.699613 -0.150878 0.256849 122 132 0
0.696267 -0.154016 0.254837 122 132 0
0.691576 -0.155648 0.252716 122 132 0
0.686658 -0.15407 0.250809 122 132 0
0.682103 -0.151144 0.249244 122 132 0
0.679525 -0.1466 0.249289 122 132 0
0.6773 -0.14167 0.2493 122 132 0
0.676838 -0.135976 0.249995 122 132 0
0.678564 -0.131532 0.251898 122 132 0
0.682197 -0.128553 0.254672 122 132 0
0.685899 -0.126116 0.2569 122 132 0
0.68351 -0.127434 0.255465 122 132 0
0.680101 -0.129428 0.253329 122 132 0
0.676677 -0.131412 0.251207 122 132 0
0.673239 -0.133434 0.249144 122 132 0
0.669789 -0.13544 0.247085 122 132 0
0.665752 -0.136367 0.256187 122 132 0
0.612143 -0.13736 0.23039 122 132 0
0.618381 -0.136651 0.222607 122 132 0
0.618381 -0.136651 0.222607 122 132 0
0.618848 -0.141779 0.221908 122 132 0
0.619321 -0.146415 0.22122 122 132 0
0.619708 -0.151075 0.220653 122 132 0
0.620043 -0.155747 0.220158 122 132 0
0.620283 -0.160436 0.219802 122 132 0
0.620423 -0.165139 0.219599 122 132 0
0.620487 -0.169849 0.21952 122 132 0
0.620454 -0.174558 0.219568 122 132 0
0.620012 -0.180065 0.218777 122 132 0
0.619867 -0.184764 0.217658 122 132 0
0.619652 -0.189427 0.216404 122 132 0
0.619451 -0.194095 0.215168 122 132 0
0.619285 -0.198802 0.214093 122 132 0
0.61904 -0.203537 0.213162 122 132 0
0.618633 -0.208287 0.212379 122 132 0
0.618067 -0.213043 0.211733 122 132 0
0.617408 -0.217793 0.211136 122 132 0
0.616761 -0.222542 0.210519 122 132 0
0.615973 -0.227269 0.209933 122 132 0
0.616639 -0.221985 0.210832 122 132 0
0.617456 -0.217309 0.211208 122 132 0
0.618125 -0.212628 0.211785 122 132 0
0.618672 -0.207939 0.212428 122 132 0
0.619059 -0.203258 0.213213 122 132 0
0.619428 -0.198636 0.214282 122 132 0
0.619791 -0.194061 0.215554 122 132 0
0.620008 -0.189475 0.216821 122 132 0
0.620356 -0.184981 0.218361 122 132 0
0.620578 -0.180025 0.219416 122 132 0
0.62057 -0.17522 0.219396 122 132 0
0.620503 -0.170417 0.219497 122 132 0
0.620417 -0.165614 0.21961 122 132 0
0.620283 -0.160815 0.219802 122 132 0
0.620058 -0.156029 0.220135 122 132 0
0.619725 -0.151261 0.220628 122 132 0
0.619335 -0.146506 0.2212 122 132 0
0.618848 -0.141779 0.221908 122 132 0
0.617496 -0.124352 0.223826 122 132 0
0.622298 -0.125954 0.226007 122 132 0
0.625164 -0.129988 0.226947 123 131 0
0.627113 -0.135237 0.227321 123 131 0
0.625911 -0.140362 0.2258 123 131 0
0.62346 -0.145237 0.22373 123 131 0
0.619127 -0.147002 0.220517 123 131 0
0.614862 -0.149005 0.217474 123 131 0
0.610343 -0.146591 0.214589 123 131 0
0.606033 -0.144533 0.212103 123 131 0
0.602907 -0.139636 0.210484 123 131 0
0.602628 -0.133831 0.210905 123 131 0
0.604071 -0.128167 0.212301 123 131 0
0.607684 -0.1247 0.215133 123 131 0
0.612291 -0.125605 0.218441 123 131 0
0.615814 -0.129902 0.220546 123 131 0
0.617369 -0.13548 0.221061 123 131 0
0.615723 -0.140445 0.219167 123 131 0
0.614134 -0.144879 0.217231 123 131 0
0.610119 -0.14718 0.213391 123 131 0
0.605807 -0.149126 0.209782 123 131 0
0.602064 -0.146682 0.20625 123 131 0
0.598453 -0.143122 0.202985 123 131 0
0.595907 -0.139104 0.200644 123 131 0
0.595119 -0.133357 0.200182 123 131 0
0.595474 -0.12863 0.201214 123 131 0
0.597858 -0.125984 0.204339 123 131 0
0.600463 -0.124415 0.208247 123 131 0
0.602829 -0.125977 0.211339 123 131 0
0.606079 -0.129112 0.213928 123 131 0
0.608617 -0.133166 0.215154 123 131 0
0.609063 -0.139109 0.214686 123 131 0
0.609008 -0.14474 0.213101 123 131 0
0.607479 -0.149053 0.210532 123 131 0
0.604723 -0.152306 0.206749 123 131 0
0.600598 -0.152356 0.202462 123 131 0
0.596859 -0.150995 0.198536 123 131 0
0.593927 -0.147172 0.1962 123 131 0
0.592162 -0.141735 0.195698 123 131 0
0.594394 -0.137057 0.198362 123 131 0
0.597323 -0.134248 0.202091 123 131 0
0.601593 -0.134124 0.206254 123 131 0
0.605087 -0.137686 0.209163 123 131 0
0.608062 -0.142116 0.211166 123 131 0
0.609907 -0.147369 0.211636 123 131 0
0.608918 -0.152871 0.209886 123 131 0
0.607009 -0.15788 0.207288 123 131 0
0.6034 -0.160781 0.20373 123 131 0
0.599578 -0.161599 0.199948 123 131 0
0.595712 -0.160174 0.196385 123 131 0
0.592881 -0.155475 0.194247 123 131 0
0.592655 -0.149639 0.194651 123 131 0
0.593993 -0.145088 0.196641 123 131 0
0.597717 -0.142552 0.200164 123 131 0
0.602226 -0.143541 0.20378 123 131 0
0.605668 -0.147496 0.206471 123 131 0
0.608078 -0.152653 0.20787 123 131 0
0.60871 -0.158526 0.207609 123 131 0
0.608276 -0.164162 0.206309 123 131 0
0.605368 -0.168174 0.203279 123 131 0
0.601414 -0.170759 0.199627 123 131 0
0.597248 -0.170965 0.195355 123 131 0
0.59349 -0.167505 0.192521 123 131 0
0.591948 -0.161977 0.191423 123 131 0
0.591582 -0.156037 0.191907 123 131 0
0.594416 -0.152348 0.194531 123 131 0
0.598563 -0.150915 0.198333 123 131 0
0.602811 -0.153164 0.201843 123 131 0
0.60518 -0.157886 0.203756 123 131 0
0.607513 -0.163103 0.205027 123 131 0
0.608 -0.16901 0.204397 124 130 0
0.607076 -0.174538 0.202792 124 130 0
0.603562 -0.177711 0.199204 124 130 0
0.599708 -0.178434 0.194964 124 130 0
0.595459 -0.17742 0.191008 124 130 0
0.592065 -0.174041 0.188341 124 130 0
0.590784 -0.168598 0.187715 124 130 0
0.592184 -0.16357 0.189426 124 130 0
0.595469 -0.160966 0.193325 124 130 0
0.599501 -0.16082 0.197709 124 130 0
0.603823 -0.163056 0.201095 124 130 0
0.606182 -0.167949 0.202976 124 130 0
0.607227 -0.173699 0.203405 124 130 0
0.606538 -0.179105 0.201888 124 130 0
0.604704 -0.183983 0.199122 124 130 0
0.602015 -0.186814 0.195009 124 130 0
0.598632 -0.187949 0.191039 124 130 0
0.594881 -0.1868 0.186979 124 130 0
0.592378 -0.182537 0.184186 124 130 0
0.590241 -0.178447 0.183064 124 130 0
0.591866 -0.173624 0.184737 124 130 0
0.593088 -0.170697 0.187617 124 130 0
0.595393 -0.168553 0.190153 124 130 0
0.597878 -0.16844 0.194204 124 130 0
0.599934 -0.170901 0.196994 124 130 0
0.602842 -0.173154 0.199575 124 130 0
0.605195 -0.177876 0.201304 124 130 0
0.606903 -0.183279 0.201616 124 130 0
0.606309 -0.188787 0.200086 124 130 0
0.604786 -0.193405 0.197257 124 130 0
0.602493 -0.1961 0.193332 124 130 0
0.598915 -0.197971 0.189198 124 130 0
0.594783 -0.196719 0.185273 124 130 0
0.592767 -0.192566 0.183269 124 130 0
0.590437 -0.187542 0.182334 124 130 0
0.592255 -0.183031 0.18457 124 130 0
0.595103 -0.180353 0.188271 124 130 0
0.599064 -0.178607 0.192182 124 130 0
0.602666 -0.181978 0.195471 124 130 0
0.605903 -0.185963 0.198088 124 130 0
0.607937 -0.191439 0.199432 124 130 0
0.607685 -0.197132 0.198699 124 130 0
0.606218 -0.202594 0.196745 124 130 0
0.603893 -0.207057 0.193808 124 130 0
0.599884 -0.208165 0.189657 124 130 0
0.59566 -0.207032 0.185758 124 130 0
0.591891 -0.203746 0.182787 124 130 0
0.591245 -0.198225 0.182384 124 130 0
0.592584 -0.192601 0.183792 124 130 0
0.596797 -0.191208 0.187574 124 130 0
0.601008 -0.190612 0.191556 124 130 0
0.604365 -0.193994 0.194765 124 130 0
0.607565 -0.198313 0.19742 124 130 0
0.608723 -0.203969 0.198545 124 130 0
0.607803 -0.209823 0.197823 124 130 0
0.605979 -0.215207 0.195995 124 130 0
0.603024 -0.219356 0.193308 124 130 0
0.598704 -0.220552 0.189491 124 130 0
0.594759 -0.21793 0.185982 124 130 0
0.592369 -0.213196 0.183373 124 130 0
0.591522 -0.207429 0.182591 124 130 0
0.594695 -0.203217 0.185106 124 130 0
0.597894 -0.200075 0.188117 124 130 0
0.602039 -0.201996 0.191703 124 130 0
0.605705 -0.205102 0.195164 124 130 0
0.608218 -0.210017 0.197395 124 130 0
0.608841 -0.215786 0.198288 124 130 0
0.607291 -0.221479 0.197272 125 129 0
0.60449 -0.225985 0.19489 125 129 0
0.60204 -0.230489 0.192454 125 129 0
0.597722 -0.229938 0.188395 125 129 0
0.593643 -0.227448 0.184777 125 129 0
0.591487 -0.222875 0.182574 125 129 0
0.592508 -0.217313 0.183264 125 129 0
0.595092 -0.21267 0.185972 125 129 0
0.599405 -0.211698 0.189939 125 129 0
0.603277 -0.213545 0.193687 125 129 0
0.606801 -0.216875 0.196922 125 129 0
0.608667 -0.222323 0.198509 125 129 0
0.60882 -0.228297 0.198439 125 129 0
0.607148 -0.23362 0.196655 125 129 0
0.605128 -0.238494 0.193909 125 129 0
0.601448 -0.240133 0.190074 125 129 0
0.597766 -0.240897 0.186613 125 129 0
0.594096 -0.238796 0.183101 125 129 0
0.59204 -0.23491 0.181269 125 129 0
0.592075 -0.22894 0.181556 125 129 0
0.59424 -0.22451 0.183975 125 129 0
0.596784 -0.222495 0.187511 125 129 0
0.599801 -0.222927 0.191345 125 129 0
0.603636 -0.224083 0.195155 125 129 0
0.607881 -0.226716 0.197386 125 129 0
0.609352 -0.232468 0.197722 125 129 0
0.609054 -0.238357 0.196743 125 129 0
0.606409 -0.242851 0.19409 125 129 0
0.603053 -0.246343 0.190629 125 129 0
0.598554 -0.246343 0.186976 125 129 0
0.594489 -0.242994 0.183996 125 129 0
0.591681 -0.238365 0.182048 125 129 0
0.59174 -0.232307 0.182229 125 129 0
0.593995 -0.227121 0.184183 125 129 0
0.59666 -0.222434 0.186908 125 129 0
0.600134 -0.222927 0.190768 125 129 0
0.603217 -0.222683 0.195136 125 129 0
0.605686 -0.224894 0.197383 125 129 0
0.607672 -0.228906 0.198691 125 129 0
0.60907 -0.234138 0.198447 125 129 0
0.608272 -0.23803 0.196331 125 129 0
0.60499 -0.239833 0.193106 125 129 0
0.601876 -0.242378 0.189805 125 129 0
0.598188 -0.239417 0.18654 125 129 0
0.59457 -0.236706 0.183679 125 129 0
0.592942 -0.231357 0.182441 125 129 0
0.592235 -0.226057 0.182345 125 129 0
0.593697 -0.220788 0.183938 125 129 0
0.596163 -0.216633 0.186539 125 129 0
0.59905 -0.213059 0.190082 125 129 0
0.603256 -0.212769 0.194339 125 129 0
0.606715 -0.215554 0.197828 125 129 0
0.608786 -0.21937 0.199903 125 129 0
0.608341 -0.224353 0.199321 125 129 0
0.606919 -0.229449 0.197346 125 129 0
0.603381 -0.231749 0.193972 125 129 0
0.599961 -0.230571 0.190567 125 129 0
0.596377 -0.228011 0.186878 125 129 0
0.593766 -0.223517 0.184263 125 129 0
0.592823 -0.217789 0.183335 125 129 0
0.593638 -0.211957 0.184023 125 129 0
0.595823 -0.206886 0.186187 125 129 0
0.599098 -0.203186 0.189181 125 129 0
0.603191 -0.203091 0.193478 125 129 0
0.607397 -0.204336 0.197456 125 129 0
0.609278 -0.209569 0.199535 125 129 0
0.609706 -0.215276 0.200214 125 129 0
0.607491 -0.220242 0.19826 126 128 0
0.603524 -0.222151 0.194584 126 128 0
0.599379 -0.222302 0.190758 126 128 0
0.596357 -0.218207 0.187564 126 128 0
0.594197 -0.213039 0.185409 126 128 0
0.593631 -0.207173 0.184849 126 128 0
0.594375 -0.201421 0.185684 126 128 0
0.596526 -0.196329 0.18786 126 128 0
0.600413 -0.193438 0.191414 126 128 0
0.604614 -0.193224 0.195313 126 128 0
0.608405 -0.196118 0.19891 126 128 0
0.609977 -0.201466 0.2006 126 128 0
0.610183 -0.206964 0.200348 126 128 0
0.607597 -0.210917 0.197677 126 128 0
0.603699 -0.212474 0.193898 126 128 0
0.599407 -0.210607 0.190344 126 128 0
0.596066 -0.20655 0.187495 126 128 0
0.593901 -0.201154 0.186024 126 128 0
0.59318 -0.195316 0.185836 126 128 0
0.594571 -0.189812 0.187393 126 128 0
0.598086 -0.186328 0.190692 126 128 0
0.601413 -0.182854 0.194167 126 128 0
0.605425 -0.184189 0.198084 126 128 0
0.609581 -0.186415 0.201487 126 128 0
0.611313 -0.191726 0.202779 126 128 0
0.610104 -0.197119 0.201534 126 128 0
0.607631 -0.201482 0.198434 126 128 0
0.603366 -0.202825 0.194651 126 128 0
0.599524 -0.200207 0.191248 126 128 0
0.596248 -0.195969 0.188807 126 128 0
0.594198 -0.190459 0.187618 126 128 0
0.593864 -0.184526 0.188179 126 128 0
0.595614 -0.179298 0.190113 126 128 0
0.598868 -0.175796 0.193469 126 128 0
0.602691 -0.174151 0.197563 126 128 0
0.606768 -0.175307 0.201437 126 128 0
0.609797 -0.179745 0.203827 126 128 0
0.610726 -0.185409 0.203889 126 128 0
0.608197 -0.190033 0.20129 126 128 0
0.604403 -0.192652 0.197587 126 128 0
0.600285 -0.190924 0.193831 126 128 0
0.596463 -0.187351 0.190947 126 128 0
0.594011 -0.182666 0.189456 126 128 0
0.593417 -0.176811 0.189744 126 128 0
0.594324 -0.171052 0.19118 126 128 0
0.596668 -0.166721 0.193787 126 128 0
0.60039 -0.164065 0.197583 126 128 0
0.604794 -0.164092 0.201669 126 128 0
0.608368 -0.167012 0.205017 126 128 0
0.610906 -0.171949 0.206864 126 128 0
0.610574 -0.17771 0.205899 126 128 0
0.60747 -0.181537 0.202744 126 128 0
0.603268 -0.182463 0.19882 126 128 0
0.599336 -0.181079 0.195347 126 128 0
0.596085 -0.176869 0.192989 126 128 0
0.594375 -0.171184 0.192122 126 128 0
0.593568 -0.165296 0.192304 126 128 0
0.594893 -0.15984 0.19435 126 128 0
0.597887 -0.15581 0.197464 126 128 0
0.601809 -0.154062 0.201435 126 128 0
0.605838 -0.154956 0.205207 126 128 0
0.609048 -0.159259 0.207897 126 128 0
0.610197 -0.164757 0.208347 126 128 0
0.608951 -0.170095 0.206358 126 128 0
0.605603 -0.172375 0.20306 126 128 0
0.601247 -0.172208 0.198962 126 128 0
0.597454 -0.169355 0.195948 126 128 0
0.594237 -0.165038 0.19378 126 128 0
0.593651 -0.159104 0.193846 127 127 0
0.593584 -0.153385 0.194745 127 127 0
0.595688 -0.148543 0.197578 127 127 0
0.599044 -0.145113 0.20114 127 127 0
0.602919 -0.144017 0.205368 127 127 0
0.606828 -0.146089 0.209024 127 127 0
0.60961 -0.150849 0.211077 127 127 0
0.610463 -0.156592 0.210748 127 127 0
0.607928 -0.161058 0.207733 127 127 0
0.604498 -0.164038 0.203994 127 127 0
0.60036 -0.162158 0.200201 127 127 0
0.596884 -0.159363 0.197002 127 127 0
0.594466 -0.154136 0.195318 127 127 0
0.592938 -0.148396 0.194678 127 127 0
0.594258 -0.14339 0.196765 127 127 0
0.595185 -0.138094 0.199019 127 127 0
0.598001 -0.135469 0.202849 127 127 0
0.601953 -0.134091 0.206863 127 127 0
0.605243 -0.135856 0.210967 127 127 0
0.607739 -0.139366 0.213004 127 127 0
0.610306 -0.14398 0.214172 127 127 0
0.609392 -0.14908 0.212475 127 127 0
0.607238 -0.152605 0.20944 127 127 0
0.60356 -0.153909 0.205345 127 127 0
0.59991 -0.152413 0.201552 127 127 0
0.597165 -0.148702 0.198704 127 127 0
0.595533 -0.144388 0.197238 127 127 0
0.594305 -0.139011 0.196778 127 127 0
0.594431 -0.133699 0.197932 127 127 0
0.59513 -0.128958 0.199944 127 127 0
0.596508 -0.126331 0.202082 127 127 0
0.598156 -0.125977 0.204837 127 127 0
0.600329 -0.124415 0.208479 127 127 0
0.602029 -0.125205 0.210433 127 127 0
0.605421 -0.127865 0.21346 127 127 0
0.608933 -0.130584 0.216284 127 127 0
0.612669 -0.133218 0.218898 127 127 0
0.616614 -0.135426 0.221574 127 127 0
0.61039 -0.136207 0.229362 127 127 0
0.663048 -0.137529 0.255922 127 127 0
0.667155 -0.136668 0.246845 127 127 0
0.668027 -0.141935 0.245047 127 127 0
0.668238 -0.146566 0.244612 127 127 0
0.668379 -0.151214 0.244287 127 127 0
0.668464 -0.155868 0.244025 127 127 0
0.668545 -0.160528 0.243929 127 127 0
0.668604 -0.16519 0.243958 127 127 0
0.668569 -0.169852 0.243993 127 127 0
0.668547 -0.174511 0.24402 127 127 0
0.668649 -0.179725 0.243813 127 127 0
0.669477 -0.184377 0.2432 127 127 0
0.669975 -0.189083 0.242649 127 127 0
0.670532 -0.19379 0.242155 127 127 0
0.671058 -0.198509 0.241758 127 127 0
0.671408 -0.203254 0.241575 127 127 0
0.671513 -0.208016 0.241583 127 127 0
0.671488 -0.21278 0.241689 127 127 0
0.671532 -0.217543 0.241803 127 127 0
0.671627 -0.222307 0.241757 127 127 0
0.671634 -0.22707 0.24178 127 127 0
0.671507 -0.22198 0.242225 127 127 0
0.671504 -0.216672 0.241829 127 127 0
0.671447 -0.211354 0.241644 127 127 0
0.671107 -0.206049 0.241391 127 127 0
0.670808 -0.200737 0.241491 127 127 0
0.670277 -0.195454 0.24186 127 127 0
0.669615 -0.190201 0.242399 127 127 0
0.669115 -0.184976 0.243167 128 126 0
0.668649 -0.179725 0.243813 128 126 0
0.668546 -0.174995 0.243819 128 126 0
0.668578 -0.170266 0.243968 128 126 0
0.668603 -0.165535 0.243961 128 126 0
0.66855 -0.160804 0.243931 128 126 0
0.668467 -0.156075 0.244016 128 126 0
0.668382 -0.151352 0.244277 128 126 0
0.668243 -0.146635 0.244609 128 126 0
0.668027 -0.141935 0.245047 128 126 0
0.665858 -0.124349 0.247971 128 126 0
0.670885 -0.125665 0.249982 128 126 0
0.675343 -0.128155 0.251366 128 126 0
0.678638 -0.131961 0.251893 128 126 0
0.681175 -0.137263 0.252181 128 126 0
0.680623 -0.14304 0.251199 128 126 0
0.67734 -0.14663 0.248941 128 126 0
0.672999 -0.149152 0.246653 128 126 0
0.668154 -0.146894 0.244688 128 126 0
0.664613 -0.142076 0.243418 128 126 0
0.665451 -0.137012 0.244513 128 126 0
0.666189 -0.131395 0.245398 128 126 0
0.670245 -0.127986 0.247901 128 126 0
0.675182 -0.125977 0.250539 128 126 0
0.680656 -0.126043 0.253257 128 126 0
0.685487 -0.128193 0.255346 128 126 0
0.688844 -0.133123 0.256348 128 126 0
0.690536 -0.138769 0.256456 128 126 0
0.690472 -0.144436 0.255593 128 126 0
0.686603 -0.14817 0.252931 128 126 0
0.681695 -0.149168 0.250185 128 126 0
0.677077 -0.146394 0.248308 128 126 0
0.674983 -0.140918 0.248163 128 126 0
0.675036 -0.134999 0.249243 128 126 0
0.677954 -0.13035 0.251851 128 126 0
0.681582 -0.127949 0.254419 128 126 0
0.685836 -0.126116 0.257009 128 126 0
0.68966 -0.127551 0.257788 128 126 0
0.694068 -0.130047 0.258712 128 126 0
0.697176 -0.134319 0.258762 128 126 0
0.699122 -0.139582 0.258576 128 126 0
0.69828 -0.144749 0.257103 128 126 0
0.696385 -0.150218 0.255651 128 126 0
0.692456 -0.154105 0.253642 128 126 0
0.687302 -0.155388 0.251069 128 126 0
0.683136 -0.153927 0.249548 128 126 0
0.679375 -0.150305 0.248518 128 126 0
0.677603 -0.145283 0.248364 128 126 0
0.679469 -0.139781 0.249734 128 126 0
0.684004 -0.137381 0.25211 128 126 0
0.689213 -0.135856 0.254348 128 126 0
0.693444 -0.139438 0.255917 128 126 0
0.697537 -0.143198 0.257504 128 126 0
0.699472 -0.148815 0.257745 128 126 0
0.699611 -0.15478 0.257078 128 126 0
0.696778 -0.159461 0.255176 128 126 0
0.693537 -0.164243 0.25353 128 126 0
0.688638 -0.166629 0.251053 128 126 0
0.68365 -0.164931 0.248768 128 126 0
0.679632 -0.160824 0.247124 128 126 0
0.67822 -0.155308 0.246787 128 126 0
0.680399 -0.150857 0.247966 128 126 0
0.685087 -0.14785 0.250198 128 126 0
0.690046 -0.147215 0.252463 128 126 0
0.694337 -0.150792 0.254307 128 126 0
0.698774 -0.154162 0.256125 128 126 0
0.700202 -0.15977 0.256479 128 126 0
0.699955 -0.165752 0.256045 128 126 0
0.697267 -0.170791 0.254525 129 125 0
0.69327 -0.174419 0.252634 129 125 0
0.688284 -0.176518 0.250205 129 125 0
0.683029 -0.174949 0.248099 129 125 0
0.678965 -0.171056 0.246301 129 125 0
0.678575 -0.165245 0.246401 129 125 0
0.681426 -0.160663 0.247819 129 125 0
0.685856 -0.158673 0.249756 129 125 0
0.69098 -0.158173 0.251875 129 125 0
0.695659 -0.16132 0.253609 129 125 0
0.698894 -0.16622 0.254354 129 125 0
0.700579 -0.171811 0.254437 129 125 0
0.700174 -0.177487 0.253724 129 125 0
0.697627 -0.182685 0.252242 129 125 0
0.693706 -0.186182 0.250418 129 125 0
0.688163 -0.186471 0.248276 129 125 0
0.6828 -0.186041 0.246814 129 125 0
0.67956 -0.181962 0.246519 129 125 0
0.678384 -0.176281 0.246667 129 125 0
0.680481 -0.172414 0.247891 129 125 0
0.683779 -0.169396 0.249013 129 125 0
0.688851 -0.168987 0.250487 129 125 0
0.693409 -0.170008 0.251927 129 125 0
0.697658 -0.172482 0.252701 129 125 0
0.701283 -0.175906 0.253488 129 125 0
0.702212 -0.181605 0.25288 129 125 0
0.701853 -0.187071 0.251544 129 125 0
0.700157 -0.192114 0.250457 129 125 0
0.696863 -0.196246 0.249216 129 125 0
0.692482 -0.198607 0.247753 129 125 0
0.68704 -0.197762 0.245944 129 125 0
0.682618 -0.193783 0.245302 129 125 0
0.67916 -0.189211 0.244511 129 125 0
0.680659 -0.183927 0.245523 129 125 0
0.685164 -0.180495 0.247479 129 125 0
0.690536 -0.179198 0.249114 129 125 0
0.695896 -0.180921 0.250955 129 125 0
0.699478 -0.185041 0.251588 129 125 0
0.7027 -0.190017 0.252358 129 125 0
0.703156 -0.195879 0.252053 129 125 0
0.701864 -0.201645 0.251285 129 125 0
0.698574 -0.206276 0.249667 129 125 0
0.693451 -0.208389 0.247537 129 125 0
0.687963 -0.208276 0.245254 129 125 0
0.683198 -0.205683 0.243858 129 125 0
0.681884 -0.199933 0.243697 129 125 0
0.683259 -0.194379 0.24433 129 125 0
0.687377 -0.190651 0.245838 129 125 0
0.69298 -0.191028 0.247903 129 125 0
0.698313 -0.192481 0.250052 129 125 0
0.701555 -0.197135 0.251215 129 125 0
0.703465 -0.20263 0.251962 129 125 0
0.703723 -0.208616 0.252072 129 125 0
0.700784 -0.213363 0.250769 129 125 0
0.696479 -0.217105 0.248972 129 125 0
0.691487 -0.219169 0.247129 129 125 0
0.686364 -0.218109 0.244981 129 125 0
0.682295 -0.214046 0.243411 129 125 0
0.682297 -0.208174 0.243373 129 125 0
0.684761 -0.203013 0.244184 129 125 0
0.689847 -0.200998 0.246022 129 125 0
0.695351 -0.201103 0.248394 129 125 0
0.69938 -0.204564 0.249987 129 125 0
0.702304 -0.209679 0.2511 129 125 0
0.703722 -0.215138 0.251598 129 125 0
0.703339 -0.220995 0.251433 129 125 0
0.699905 -0.225733 0.250146 129 125 0
0.694988 -0.228498 0.248392 130 124 0
0.689486 -0.229271 0.246624 130 124 0
0.684284 -0.227509 0.244428 130 124 0
0.682234 -0.22272 0.243731 130 124 0
0.682703 -0.217473 0.243903 130 124 0
0.68656 -0.213259 0.245417 130 124 0
0.691682 -0.211031 0.247139 130 124 0
0.696726 -0.213276 0.248638 130 124 0
0.701724 -0.215994 0.250483 130 124 0
0.704027 -0.220955 0.250919 130 124 0
0.705095 -0.226274 0.251039 130 124 0
0.704787 -0.232124 0.250682 130 124 0
0.701476 -0.236303 0.248858 130 124 0
0.697968 -0.240619 0.247152 130 124 0
0.69255 -0.240679 0.244734 130 124 0
0.687604 -0.239378 0.243445 130 124 0
0.684434 -0.235646 0.243085 130 124 0
0.682224 -0.230636 0.243606 130 124 0
0.684387 -0.22635 0.2456 130 124 0
0.687888 -0.222346 0.246908 130 124 0
0.692913 -0.222463 0.248199 130 124 0
0.698699 -0.222775 0.249082 130 124 0
0.702997 -0.22687 0.250395 130 124 0
0.704986 -0.232258 0.250865 130 124 0
0.705255 -0.238096 0.250718 130 124 0
0.70309 -0.243277 0.24945 130 124 0
0.69818 -0.245919 0.24702 130 124 0
0.692716 -0.246328 0.244683 130 124 0
0.687739 -0.243445 0.24303 130 124 0
0.684882 -0.238178 0.242427 130 124 0
0.683175 -0.232876 0.242441 130 124 0
0.685023 -0.22736 0.244124 130 124 0
0.688182 -0.223925 0.246472 130 124 0
0.692697 -0.222463 0.248572 130 124 0
0.697918 -0.222732 0.24939 130 124 0
0.701677 -0.224587 0.250091 130 124 0
0.704625 -0.228023 0.250418 130 124 0
0.705494 -0.232144 0.250172 130 124 0
0.704217 -0.23658 0.24935 130 124 0
0.701203 -0.239902 0.248221 130 124 0
0.695926 -0.240642 0.24628 130 124 0
0.69064 -0.240158 0.244743 130 124 0
0.68649 -0.236049 0.243692 130 124 0
0.683937 -0.232261 0.243816 130 124 0
0.681551 -0.227075 0.243717 130 124 0
0.683316 -0.222255 0.244977 130 124 0
0.68587 -0.217444 0.245655 130 124 0
0.689853 -0.214267 0.246601 130 124 0
0.694888 -0.212834 0.248176 130 124 0
0.700105 -0.214613 0.249728 130 124 0
0.703763 -0.217761 0.250798 130 124 0
0.70543 -0.223191 0.251549 130 124 0
0.702568 -0.227967 0.250373 130 124 0
0.698259 -0.230605 0.248837 130 124 0
0.694198 -0.232188 0.247736 130 124 0
0.689053 -0.230051 0.24627 130 124 0
0.685181 -0.225752 0.244927 130 124 0
0.681438 -0.221504 0.243449 130 124 0
0.681804 -0.215533 0.243752 130 124 0
0.684341 -0.210454 0.244717 130 124 0
0.687615 -0.205642 0.245678 130 124 0
0.692455 -0.202664 0.24693 130 124 0
0.697497 -0.20457 0.248594 130 124 0
0.702755 -0.205903 0.250863 130 124 0
0.704126 -0.210913 0.251395 130 124 0
0.703612 -0.216851 0.251577 130 124 0
0.700348 -0.221344 0.250602 130 124 0
0.695136 -0.222639 0.248667 131 123 0
0.689769 -0.221459 0.246623 131 123 0
0.685309 -0.217866 0.245097 131 123 0
0.682228 -0.213156 0.243817 131 123 0
0.681834 -0.207236 0.243689 131 123 0
0.683262 -0.20168 0.244119 131 123 0
0.68622 -0.1966 0.245156 131 123 0
0.691461 -0.19432 0.246937 131 123 0
0.696698 -0.193376 0.249039 131 123 0
0.701439 -0.196442 0.250737 131 123 0
0.703684 -0.201535 0.251269 131 123 0
0.703959 -0.207502 0.251493 131 123 0
0.700246 -0.211607 0.250028 131 123 0
0.695076 -0.212841 0.248127 131 123 0
0.689703 -0.211597 0.246015 131 123 0
0.685093 -0.208376 0.244528 131 123 0
0.682876 -0.202838 0.243975 131 123 0
0.681818 -0.197092 0.243942 131 123 0
0.683617 -0.191567 0.245042 131 123 0
0.686362 -0.187106 0.24613 131 123 0
0.691195 -0.184264 0.248214 131 123 0
0.696796 -0.184398 0.250342 131 123 0
0.701448 -0.187096 0.252106 131 123 0
0.703225 -0.192709 0.252284 131 123 0
0.702531 -0.198249 0.251647 131 123 0
0.698262 -0.201383 0.249668 131 123 0
0.693045 -0.202743 0.247925 131 123 0
0.687833 -0.201041 0.246074 131 123 0
0.683629 -0.197087 0.244818 131 123 0
0.68127 -0.191672 0.244381 131 123 0
0.681027 -0.185704 0.244859 131 123 0
0.682635 -0.180267 0.24611 131 123 0
0.686536 -0.176424 0.248187 131 123 0
0.691401 -0.174103 0.250243 131 123 0
0.696729 -0.175729 0.252241 131 123 0
0.701383 -0.178181 0.253715 131 123 0
0.702099 -0.184018 0.253402 131 123 0
0.70108 -0.189823 0.252567 131 123 0
0.696436 -0.192645 0.250502 131 123 0
0.691326 -0.193551 0.24858 131 123 0
0.686261 -0.190891 0.246798 131 123 0
0.682998 -0.18602 0.245891 131 123 0
0.680065 -0.18092 0.245003 131 123 0
0.680847 -0.175554 0.246028 131 123 0
0.683084 -0.170215 0.247558 131 123 0
0.686407 -0.166587 0.249201 131 123 0
0.691362 -0.164392 0.251421 131 123 0
0.696585 -0.165855 0.253499 131 123 0
0.700589 -0.169028 0.254767 131 123 0
0.701616 -0.174346 0.254909 131 123 0
0.700432 -0.179856 0.254262 131 123 0
0.695831 -0.182579 0.252083 131 123 0
0.690798 -0.184214 0.250039 131 123 0
0.686022 -0.18181 0.248287 131 123 0
0.682152 -0.177495 0.246947 131 123 0
0.678996 -0.172532 0.245836 131 123 0
0.679568 -0.166865 0.246605 131 123 0
0.681791 -0.161469 0.247965 131 123 0
0.68498 -0.156813 0.249458 131 123 0
0.690164 -0.155746 0.251871 131 123 0
0.695715 -0.155862 0.254091 131 123 0
0.699127 -0.16017 0.255394 131 123 0
0.700057 -0.165649 0.255553 131 123 0
0.698052 -0.171022 0.254517 131 123 0
0.693535 -0.17414 0.252471 131 123 0
0.688037 -0.173981 0.250098 131 123 0
0.683343 -0.171017 0.248383 131 123 0
0.680565 -0.166059 0.247477 131 123 0
0.678196 -0.161077 0.2468 132 122 0
0.678777 -0.155303 0.247441 132 122 0
0.681322 -0.150097 0.248949 132 122 0
0.685357 -0.146525 0.250958 132 122 0
0.690785 -0.145831 0.253316 132 122 0
0.696032 -0.146468 0.255644 132 122 0
0.699747 -0.150924 0.256979 132 122 0
0.700113 -0.156861 0.25638 132 122 0
0.698236 -0.161909 0.255148 132 122 0
0.693729 -0.164238 0.253079 132 122 0
0.688269 -0.164095 0.250613 132 122 0
0.683538 -0.161817 0.249017 132 122 0
0.680479 -0.156728 0.248234 132 122 0
0.677818 -0.152008 0.247567 132 122 0
0.677777 -0.146086 0.248356 132 122 0
0.680115 -0.141318 0.250235 132 122 0
0.68389 -0.137312 0.252583 132 122 0
0.68898 -0.135944 0.255049 132 122 0
0.694076 -0.136609 0.256783 132 122 0
0.697951 -0.140749 0.257968 132 122 0
0.700199 -0.145236 0.257818 132 122 0
0.699613 -0.150878 0.256849 132 122 0
0.696267 -0.154016 0.254837 132 122 0
0.691576 -0.155648 0.252716 132 122 0
0.686658 -0.15407 0.250809 132 122 0
0.682103 -0.151144 0.249244 132 122 0
0.679525 -0.1466 0.249289 132 122 0
0.6773 -0.14167 0.2493 132 122 0
0.676838 -0.135976 0.249995 132 122 0
0.678564 -0.131532 0.251898 132 122 0
0.682197 -0.128553 0.254672 132 122 0
0.685899 -0.126116 0.2569 132 122 0
0.68351 -0.127434 0.255465 132 122 0
0.680101 -0.129428 0.253329 132 122 0
0.676677 -0.131412 0.251207 132 122 0
0.673239 -0.133434 0.249144 132 122 0
0.669789 -0.13544 0.247085 132 122 0
0.665752 -0.136367 0.256187 132 122 0
0.612143 -0.13736 0.23039 132 122 0
0.618381 -0.136651 0.222607 132 122 0
0.618381 -0.136651 0.222607 132 122 0
0.618848 -0.141779 0.221908 132 122 0
0.619321 -0.146415 0.22122 132 122 0
0.619708 -0.151075 0.220653 132 122 0
0.620043 -0.155747 0.220158 132 122 0
0.620283 -0.160436 0.219802 132 122 0
0.620423 -0.165139 0.219599 132 122 0
0.620487 -0.169849 0.21952 132 122 0
0.620454 -0.174558 0.219568 132 122 0
0.620012 -0.180065 0.218777 132 122 0
0.619867 -0.184764 0.217658 132 122 0
0.619652 -0.189427 0.216404 132 122 0
0.619451 -0.194095 0.215168 132 122 0
0.619285 -0.198802 0.214093 132 122 0
0.61904 -0.203537 0.213162 132 122 0
0.618633 -0.208287 0.212379 132 122 0
0.618067 -0.213043 0.211733 132 122 0
0.617408 -0.217793 0.211136 132 122 0
0.616761 -0.222542 0.210519 132 122 0
0.615973 -0.227269 0.209933 132 122 0
0.616639 -0.221985 0.210832 132 122 0
0.617456 -0.217309 0.211208 132 122 0
0.618125 -0.212628 0.211785 132 122 0
0.618672 -0.207939 0.212428 132 122 0
0.619059 -0.203258 0.213213 132 122 0
0.619428 -0.198636 0.214282 132 122 0
0.619791 -0.194061 0.215554 132 122 0
0.620008 -0.189475 0.216821 133 121 0
0.620356 -0.184981 0.218361 133 121 0
0.620578 -0.180025 0.219416 133 121 0
0.62057 -0.17522 0.219396 133 121 0
0.620503 -0.170417 0.219497 133 121 0
0.620417 -0.165614 0.21961 133 121 0
0.620283 -0.160815 0.219802 133 121 0
0.620058 -0.156029 0.220135 133 121 0
0.619725 -0.151261 0.220628 133 121 0
0.619335 -0.146506 0.2212 133 121 0
0.618848 -0.141779 0.221908 133 121 0
0.617496 -0.124352 0.223826 133 121 0
0.622298 -0.125954 0.226007 133 121 0
0.625164 -0.129988 0.226947 133 121 0
0.627113 -0.135237 0.227321 133 121 0
0.625911 -0.140362 0.2258 133 121 0
0.62346 -0.145237 0.22373 133 121 0
0.619127 -0.147002 0.220517 133 121 0
0.614862 -0.149005 0.217474 133 121 0
0.610343 -0.146591 0.214589 133 121 0
0.606033 -0.144533 0.212103 133 121 0
0.602907 -0.139636 0.210484 133 121 0
0.602628 -0.133831 0.210905 133 121 0
0.604071 -0.128167 0.212301 133 121 0
0.607684 -0.1247 0.215133 133 121 0
0.612291 -0.125605 0.218441 133 121 0
0.615814 -0.129902 0.220546 133 121 0
0.617369 -0.13548 0.221061 133 121 0
0.615723 -0.140445 0.219167 133 121 0
0.614134 -0.144879 0.217231 133 121 0
0.610119 -0.14718 0.213391 133 121 0
0.605807 -0.149126 0.209782 133 121 0
0.602064 -0.146682 0.20625 133 121 0
0.598453 -0.143122 0.202985 133 121 0
0.595907 -0.139104 0.200644 133 121 0
0.595119 -0.133357 0.200182 133 121 0
0.595474 -0.12863 0.201214 133 121 0
0.597858 -0.125984 0.204339 133 121 0
0.600463 -0.124415 0.208247 133 121 0
0.602829 -0.125977 0.211339 133 121 0
0.606079 -0.129112 0.213928 133 121 0
0.608617 -0.133166 0.215154 133 121 0
0.609063 -0.139109 0.214686 133 121 0
0.609008 -0.14474 0.213101 133 121 0
0.607479 -0.149053 0.210532 133 121 0
0.604723 -0.152306 0.206749 133 121 0
0.600598 -0.152356 0.202462 133 121 0
0.596859 -0.150995 0.198536 133 121 0
0.593927 -0.147172 0.1962 133 121 0
0.592162 -0.141735 0.195698 133 121 0
0.594394 -0.137057 0.198362 133 121 0
0.597323 -0.134248 0.202091 133 121 0
0.601593 -0.134124 0.206254 133 121 0
0.605087 -0.137686 0.209163 133 121 0
0.608062 -0.142116 0.211166 133 121 0
0.609907 -0.147369 0.211636 133 121 0
0.608918 -0.152871 0.209886 133 121 0
0.607009 -0.15788 0.207288 133 121 0
0.6034 -0.160781 0.20373 133 121 0
0.599578 -0.161599 0.199948 133 121 0
0.595712 -0.160174 0.196385 133 121 0
0.592881 -0.155475 0.194247 133 121 0
0.592655 -0.149639 0.194651 133 121 0
0.593993 -0.145088 0.196641 133 121 0
0.597717 -0.142552 0.200164 133 121 0
0.602226 -0.143541 0.20378 133 121 0
0.605668 -0.147496 0.206471 133 121 0
0.608078 -0.152653 0.20787 134 120 0
0.60871 -0.158526 0.207609 134 120 0
0.608276 -0.164162 0.206309 134 120 0
0.605368 -0.168174 0.203279 134 120 0
0.601414 -0.170759 0.199627 134 120 0
0.597248 -0.170965 0.195355 134 120 0
0.59349 -0.167505 0.192521 134 120 0
0.591948 -0.161977 0.191423 134 120 0
0.591582 -0.156037 0.191907 134 120 0
0.594416 -0.152348 0.194531 134 120 0
0.598563 -0.150915 0.198333 134 120 0
0.602811 -0.153164 0.201843 134 120 0
0.60518 -0.157886 0.203756 134 120 0
0.607513 -0.163103 0.205027 134 120 0
0.608 -0.16901 0.204397 134 120 0
0.607076 -0.174538 0.202792 134 120 0
0.603562 -0.177711 0.199204 134 120 0
0.599708 -0.178434 0.194964 134 120 0
0.595459 -0.17742 0.191008 134 120 0
0.592065 -0.174041 0.188341 134 120 0
0.590784 -0.168598 0.187715 134 120 0
0.592184 -0.16357 0.189426 134 120 0
0.595469 -0.160966 0.193325 134 120 0
0.599501 -0.16082 0.197709 134 120 0
0.603823 -0.163056 0.201095 134 120 0
0.606182 -0.167949 0.202976 134 120 0
0.607227 -0.173699 0.203405 134 120 0
0.606538 -0.179105 0.201888 134 120 0
0.604704 -0.183983 0.199122 134 120 0
0.602015 -0.186814 0.195009 134 120 0
0.598632 -0.187949 0.191039 134 120 0
0.594881 -0.1868 0.186979 134 120 0
0.592378 -0.182537 0.184186 134 120 0
0.590241 -0.178447 0.183064 134 120 0
0.591866 -0.173624 0.184737 134 120 0
0.593088 -0.170697 0.187617 134 120 0
0.595393 -0.168553 0.190153 134 120 0
0.597878 -0.16844 0.194204 134 120 0
0.599934 -0.170901 0.196994 134 120 0
0.602842 -0.173154 0.199575 134 120 0
0.605195 -0.177876 0.201304 134 120 0
0.606903 -0.183279 0.201616 134 120 0
0.606309 -0.188787 0.200086 134 120 0
0.604786 -0.193405 0.197257 134 120 0
0.602493 -0.1961 0.193332 134 120 0
0.598915 -0.197971 0.189198 134 120 0
0.594783 -0.196719 0.185273 134 120 0
0.592767 -0.192566 0.183269 134 120 0
0.590437 -0.187542 0.182334 134 120 0
0.592255 -0.183031 0.18457 134 120 0
0.595103 -0.180353 0.188271 134 120 0
0.599064 -0.178607 0.192182 134 120 0
0.602666 -0.181978 0.195471 134 120 0
0.605903 -0.185963 0.198088 134 120 0
0.607937 -0.191439 0.199432 134 120 0
0.607685 -0.197132 0.198699 134 120 0
0.606218 -0.202594 0.196745 134 120 0
0.603893 -0.207057 0.193808 134 120 0
0.599884 -0.208165 0.189657 134 120 0
0.59566 -0.207032 0.185758 134 120 0
0.591891 -0.203746 0.182787 134 120 0
0.591245 -0.198225 0.182384 134 120 0
0.592584 -0.192601 0.183792 134 120 0
0.596797 -0.191208 0.187574 134 120 0
0.601008 -0.190612 0.191556 134 120 0
0.604365 -0.193994 0.194765 134 120 0
0.607565 -0.198313 0.19742 134 120 0
0.608723 -0.203969 0.198545 134 120 0
0.607803 -0.209823 0.197823 135 119 0
0.605979 -0.215207 0.195995 135 119 0
0.603024 -0.219356 0.193308 135 119 0
0.598704 -0.220552 0.189491 135 119 0
0.594759 -0.21793 0.185982 135 119 0
0.592369 -0.213196 0.183373 135 119 0
0.591522 -0.207429 0.182591 135 119 0
0.594695 -0.203217 0.185106 135 119 0
0.597894 -0.200075 0.188117 135 119 0
0.602039 -0.201996 0.191703 135 119 0
0.605705 -0.205102 0.195164 135 119 0
0.608218 -0.210017 0.197395 135 119 0
0.608841 -0.215786 0.198288 135 119 0
0.607291 -0.221479 0.197272 135 119 0
0.60449 -0.225985 0.19489 135 119 0
0.60204 -0.230489 0.192454 135 119 0
0.597722 -0.229938 0.188395 135 119 0
0.593643 -0.227448 0.184777 135 119 0
0.591487 -0.222875 0.182574 135 119 0
0.592508 -0.217313 0.183264 135 119 0
0.595092 -0.21267 0.185972 135 119 0
0.599405 -0.211698 0.189939 135 119 0
0.603277 -0.213545 0.193687 135 119 0
0.606801 -0.216875 0.196922 135 119 0
0.608667 -0.222323 0.198509 135 119 0
0.60882 -0.228297 0.198439 135 119 0
0.607148 -0.23362 0.196655 135 119 0
0.605128 -0.238494 0.193909 135 119 0
0.601448 -0.240133 0.190074 135 119 0
0.597766 -0.240897 0.186613 135 119 0
0.594096 -0.238796 0.183101 135 119 0
0.59204 -0.23491 0.181269 135 119 0
0.592075 -0.22894 0.181556 135 119 0
0.59424 -0.22451 0.183975 135 119 0
0.596784 -0.222495 0.187511 135 119 0
0.599801 -0.222927 0.191345 135 119 0
0.603636 -0.224083 0.195155 135 119 0
0.607881 -0.226716 0.197386 135 119 0
0.609352 -0.232468 0.197722 135 119 0
0.609054 -0.238357 0.196743 135 119 0
0.606409 -0.242851 0.19409 135 119 0
0.603053 -0.246343 0.190629 135 119 0
0.598554 -0.246343 0.186976 135 119 0
0.594489 -0.242994 0.183996 135 119 0
0.591681 -0.238365 0.182048 135 119 0
0.59174 -0.232307 0.182229 135 119 0
0.593995 -0.227121 0.184183 135 119 0
0.59666 -0.222434 0.186908 135 119 0
0.600134 -0.222927 0.190768 135 119 0
0.603217 -0.222683 0.195136 135 119 0
0.605686 -0.224894 0.197383 135 119 0
0.607672 -0.228906 0.198691 135 119 0
0.60907 -0.234138 0.198447 135 119 0
0.608272 -0.23803 0.196331 135 119 0
0.60499 -0.239833 0.193106 135 119 0
0.601876 -0.242378 0.189805 135 119 0
0.598188 -0.239417 0.18654 135 119 0
0.59457 -0.236706 0.183679 135 119 0
0.592942 -0.231357 0.182441 135 119 0
0.592235 -0.226057 0.182345 135 119 0
0.593697 -0.220788 0.183938 135 119 0
0.596163 -0.216633 0.186539 135 119 0
0.59905 -0.213059 0.190082 135 119 0
0.603256 -0.212769 0.194339 135 119 0
0.606715 -0.215554 0.197828 135 119 0
0.608786 -0.21937 0.199903 135 119 0
0.608341 -0.224353 0.199321 135 119 0
0.606919 -0.229449 0.197346 136 118 0
0.603381 -0.231749 0.193972 136 118 0
0.599961 -0.230571 0.190567 136 118 0
0.596377 -0.228011 0.186878 136 118 0
0.593766 -0.223517 0.184263 136 118 0
0.592823 -0.217789 0.183335 136 118 0
0.593638 -0.211957 0.184023 136 118 0
0.595823 -0.206886 0.186187 136 118 0
0.599098 -0.203186 0.189181 136 118 0
0.603191 -0.203091 0.193478 136 118 0
0.607397 -0.204336 0.197456 136 118 0
0.609278 -0.209569 0.199535 136 118 0
0.609706 -0.215276 0.200214 136 118 0
0.607491 -0.220242 0.19826 136 118 0
0.603524 -0.222151 0.194584 136 118 0
0.599379 -0.222302 0.190758 136 118 0
0.596357 -0.218207 0.187564 136 118 0
0.594197 -0.213039 0.185409 136 118 0
0.593631 -0.207173 0.184849 136 118 0
0.594375 -0.201421 0.185684 136 118 0
0.596526 -0.196329 0.18786 136 118 0
0.600413 -0.193438 0.191414 136 118 0
0.604614 -0.193224 0.195313 136 118 0
0.608405 -0.196118 0.19891 136 118 0
0.609977 -0.201466 0.2006 136 118 0
0.610183 -0.206964 0.200348 136 118 0
0.607597 -0.210917 0.197677 136 118 0
0.603699 -0.212474 0.193898 136 118 0
0.599407 -0.210607 0.190344 136 118 0
0.596066 -0.20655 0.187495 136 118 0
0.593901 -0.201154 0.186024 136 118 0
0.59318 -0.195316 0.185836 136 118 0
0.594571 -0.189812 0.187393 136 118 0
0.598086 -0.186328 0.190692 136 118 0
0.601413 -0.182854 0.194167 136 118 0
0.605425 -0.184189 0.198084 136 118 0
0.609581 -0.186415 0.201487 136 118 0
0.611313 -0.191726 0.202779 136 118 0
0.610104 -0.197119 0.201534 136 118 0
0.607631 -0.201482 0.198434 136 118 0
0.603366 -0.202825 0.194651 136 118 0
0.599524 -0.200207 0.191248 136 118 0
0.596248 -0.195969 0.188807 136 118 0
0.594198 -0.190459 0.187618 136 118 0
0.593864 -0.184526 0.188179 136 118 0
0.595614 -0.179298 0.190113 136 118 0
0.598868 -0.175796 0.193469 136 118 0
0.602691 -0.174151 0.197563 136 118 0
0.606768 -0.175307 0.201437 136 118 0
0.609797 -0.179745 0.203827 136 118 0
0.610726 -0.185409 0.203889 136 118 0
0.608197 -0.190033 0.20129 136 118 0
0.604403 -0.192652 0.197587 136 118 0
0.600285 -0.190924 0.193831 136 118 0
0.596463 -0.187351 0.190947 136 118 0
0.594011 -0.182666 0.189456 136 118 0
0.593417 -0.176811 0.189744 136 118 0
0.594324 -0.171052 0.19118 136 118 0
0.596668 -0.166721 0.193787 136 118 0
0.60039 -0.164065 0.197583 136 118 0
0.604794 -0.164092 0.201669 136 118 0
0.608368 -0.167012 0.205017 136 118 0
0.610906 -0.171949 0.206864 136 118 0
0.610574 -0.17771 0.205899 136 118 0
0.60747 -0.181537 0.202744 136 118 0
0.603268 -0.182463 0.19882 136 118 0
0.599336 -0.181079 0.195347 136 118 0
0.596085 -0.176869 0.192989 137 117 0
0.594375 -0.171184 0.192122 137 117 0
0.593568 -0.165296 0.192304 137 117 0
0.594893 -0.15984 0.19435 137 117 0
0.597887 -0.15581 0.197464 137 117 0
0.601809 -0.154062 0.201435 137 117 0
0.605838 -0.154956 0.205207 137 117 0
0.609048 -0.159259 0.207897 137 117 0
0.610197 -0.164757 0.208347 137 117 0
0.608951 -0.170095 0.206358 137 117 0
0.605603 -0.172375 0.20306 137 117 0
0.601247 -0.172208 0.198962 137 117 0
0.597454 -0.169355 0.195948 137 117 0
0.594237 -0.165038 0.19378 137 117 0
0.593651 -0.159104 0.193846 137 117 0
0.593584 -0.153385 0.194745 137 117 0
0.595688 -0.148543 0.197578 137 117 0
0.599044 -0.145113 0.20114 137 117 0
0.602919 -0.144017 0.205368 137 117 0
0.606828 -0.146089 0.209024 137 117 0
0.60961 -0.150849 0.211077 137 117 0
0.610463 -0.156592 0.210748 137 117 0
0.607928 -0.161058 0.207733 137 117 0
0.604498 -0.164038 0.203994 137 117 0
0.60036 -0.162158 0.200201 137 117 0
0.596884 -0.159363 0.197002 137 117 0
0.594466 -0.154136 0.195318 137 117 0
0.592938 -0.148396 0.194678 137 117 0
0.594258 -0.14339 0.196765 137 117 0
0.595185 -0.138094 0.199019 137 117 0
0.598001 -0.135469 0.202849 137 117 0
0.601953 -0.134091 0.206863 137 117 0
0.605243 -0.135856 0.210967 137 117 0
0.607739 -0.139366 0.213004 137 117 0
0.610306 -0.14398 0.214172 137 117 0
0.609392 -0.14908 0.212475 137 117 0
0.607238 -0.152605 0.20944 137 117 0
0.60356 -0.153909 0.205345 137 117 0
0.59991 -0.152413 0.201552 137 117 0
0.597165 -0.148702 0.198704 137 117 0
0.595533 -0.144388 0.197238 137 117 0
0.594305 -0.139011 0.196778 137 117 0
0.594431 -0.133699 0.197932 137 117 0
0.59513 -0.128958 0.199944 137 117 0
0.596508 -0.126331 0.202082 137 117 0
0.598156 -0.125977 0.204837 137 117 0
0.600329 -0.124415 0.208479 137 117 0
0.602029 -0.125205 0.210433 137 117 0
0.605421 -0.127865 0.21346 137 117 0
0.608933 -0.130584 0.216284 137 117 0
0.612669 -0.133218 0.218898 137 117 0
0.616614 -0.135426 0.221574 137 117 0
0.61039 -0.136207 0.229362 137 117 0
0.663048 -0.137529 0.255922 137 117 0
0.667155 -0.136668 0.246845 137 117 0
0.668027 -0.141935 0.245047 137 117 0
0.668238 -0.146566 0.244612 137 117 0
0.668379 -0.151214 0.244287 137 117 0
0.668464 -0.155868 0.244025 137 117 0
0.668545 -0.160528 0.243929 137 117 0
0.668604 -0.16519 0.243958 137 117 0
0.668569 -0.169852 0.243993 137 117 0
0.668547 -0.174511 0.24402 137 117 0
0.668649 -0.179725 0.243813 137 117 0
0.669477 -0.184377 0.2432 137 117 0
0.669975 -0.189083 0.242649 137 117 0
0.670532 -0.19379 0.242155 137 117 0
0.671058 -0.198509 0.241758 137 117 0
0.671408 -0.203254 0.241575 138 116 0
0.671513 -0.208016 0.241583 138 116 0
0.671488 -0.21278 0.241689 138 116 0
0.671532 -0.217543 0.241803 138 116 0
0.671627 -0.222307 0.241757 138 116 0
0.671634 -0.22707 0.24178 138 116 0
0.671507 -0.22198 0.242225 138 116 0
0.671504 -0.216672 0.241829 138 116 0
0.671447 -0.211354 0.241644 138 116 0
0.671107 -0.206049 0.241391 138 116 0
0.670808 -0.200737 0.241491 138 116 0
0.670277 -0.195454 0.24186 138 116 0
0.669615 -0.190201 0.242399 138 116 0
0.669115 -0.184976 0.243167 138 116 0
0.668649 -0.179725 0.243813 138 116 0
0.668546 -0.174995 0.243819 138 116 0
0.668578 -0.170266 0.243968 138 116 0
0.668603 -0.165535 0.243961 138 116 0
0.66855 -0.160804 0.243931 138 116 0
0.668467 -0.156075 0.244016 138 116 0
0.668382 -0.151352 0.244277 138 116 0
0.668243 -0.146635 0.244609 138 116 0
0.668027 -0.141935 0.245047 138 116 0
0.665858 -0.124349 0.247971 138 116 0
0.670885 -0.125665 0.249982 138 116 0
0.675343 -0.128155 0.251366 138 116 0
0.678638 -0.131961 0.251893 138 116 0
0.681175 -0.137263 0.252181 138 116 0
0.680623 -0.14304 0.251199 138 116 0
0.67734 -0.14663 0.248941 138 116 0
0.672999 -0.149152 0.246653 138 116 0
0.668154 -0.146894 0.244688 138 116 0
0.664613 -0.142076 0.243418 138 116 0
0.665451 -0.137012 0.244513 138 116 0
0.666189 -0.131395 0.245398 138 116 0
0.670245 -0.127986 0.247901 138 116 0
0.675182 -0.125977 0.250539 138 116 0
0.680656 -0.126043 0.253257 138 116 0
0.685487 -0.128193 0.255346 138 116 0
0.688844 -0.133123 0.256348 138 116 0
0.690536 -0.138769 0.256456 138 116 0
0.690472 -0.144436 0.255593 138 116 0
0.686603 -0.14817 0.252931 138 116 0
0.681695 -0.149168 0.250185 138 116 0
0.677077 -0.146394 0.248308 138 116 0
0.674983 -0.140918 0.248163 138 116 0
0.675036 -0.134999 0.249243 138 116 0
0.677954 -0.13035 0.251851 138 116 0
0.681582 -0.127949 0.254419 138 116 0
0.685836 -0.126116 0.257009 138 116 0
0.68966 -0.127551 0.257788 138 116 0
0.694068 -0.130047 0.258712 138 116 0
0.697176 -0.134319 0.258762 138 116 0
0.699122 -0.139582 0.258576 138 116 0
0.69828 -0.144749 0.257103 138 116 0
0.696385 -0.150218 0.255651 138 116 0
0.692456 -0.154105 0.253642 138 116 0
0.687302 -0.155388 0.251069 138 116 0
0.683136 -0.153927 0.249548 138 116 0
0.679375 -0.150305 0.248518 138 116 0
0.677603 -0.145283 0.248364 138 116 0
0.679469 -0.139781 0.249734 138 116 0
0.684004 -0.137381 0.25211 138 116 0
0.689213 -0.135856 0.254348 138 116 0
0.693444 -0.139438 0.255917 138 116 0
0.697537 -0.143198 0.257504 138 116 0
0.699472 -0.148815 0.257745 138 116 0
0.699611 -0.15478 0.257078 139 115 0
0.696778 -0.159461 0.255176 139 115 0
0.693537 -0.164243 0.25353 139 115 0
0.688638 -0.166629 0.251053 139 115 0
0.68365 -0.164931 0.248768 139 115 0
0.679632 -0.160824 0.247124 139 115 0
0.67822 -0.155308 0.246787 139 115 0
0.680399 -0.150857 0.247966 139 115 0
0.685087 -0.14785 0.250198 139 115 0
0.690046 -0.147215 0.252463 139 115 0
0.694337 -0.150792 0.254307 139 115 0
0.698774 -0.154162 0.256125 139 115 0
0.700202 -0.15977 0.256479 139 115 0
0.699955 -0.165752 0.256045 139 115 0
0.697267 -0.170791 0.254525 139 115 0
0.69327 -0.174419 0.252634 139 115 0
0.688284 -0.176518 0.250205 139 115 0
0.683029 -0.174949 0.248099 139 115 0
0.678965 -0.171056 0.246301 139 115 0
0.678575 -0.165245 0.246401 139 115 0
0.681426 -0.160663 0.247819 139 115 0
0.685856 -0.158673 0.249756 139 115 0
0.69098 -0.158173 0.251875 139 115 0
0.695659 -0.16132 0.253609 139 115 0
0.698894 -0.16622 0.254354 139 115 0
0.700579 -0.171811 0.254437 139 115 0
0.700174 -0.177487 0.253724 139 115 0
0.697627 -0.182685 0.252242 139 115 0
0.693706 -0.186182 0.250418 139 115 0
0.688163 -0.186471 0.248276 139 115 0
0.6828 -0.186041 0.246814 139 115 0
0.67956 -0.181962 0.246519 139 115 0
0.678384 -0.176281 0.246667 139 115 0
0.680481 -0.172414 0.247891 139 115 0
0.683779 -0.169396 0.249013 139 115 0
0.688851 -0.168987 0.250487 139 115 0
0.693409 -0.170008 0.251927 139 115 0
0.697658 -0.172482 0.252701 139 115 0
0.701283 -0.175906 0.253488 139 115 0
0.702212 -0.181605 0.25288 139 115 0
0.701853 -0.187071 0.251544 139 115 0
0.700157 -0.192114 0.250457 139 115 0
0.696863 -0.196246 0.249216 139 115 0
0.692482 -0.198607 0.247753 139 115 0
0.68704 -0.197762 0.245944 139 115 0
0.682618 -0.193783 0.245302 139 115 0
0.67916 -0.189211 0.244511 139 115 0
0.680659 -0.183927 0.245523 139 115 0
0.685164 -0.180495 0.247479 139 115 0
0.690536 -0.179198 0.249114 139 115 0
0.695896 -0.180921 0.250955 139 115 0
0.699478 -0.185041 0.251588 139 115 0
0.7027 -0.190017 0.252358 139 115 0
0.703156 -0.195879 0.252053 139 115 0
0.701864 -0.201645 0.251285 139 115 0
0.698574 -0.206276 0.249667 139 115 0
0.693451 -0.208389 0.247537 139 115 0
0.687963 -0.208276 0.245254 139 115 0
0.683198 -0.205683 0.243858 139 115 0
0.681884 -0.199933 0.243697 139 115 0
0.683259 -0.194379 0.24433 139 115 0
0.687377 -0.190651 0.245838 139 115 0
0.69298 -0.191028 0.247903 139 115 0
0.698313 -0.192481 0.250052 139 115 0
0.701555 -0.197135 0.251215 139 115 0
0.703465 -0.20263 0.251962 139 115 0
0.703723 -0.208616 0.252072 139 115 0
0.700784 -0.213363 0.250769 140 114 0
0.696479 -0.217105 0.248972 140 114 0
0.691487 -0.219169 0.247129 140 114 0
0.686364 -0.218109 0.244981 140 114 0
0.682295 -0.214046 0.243411 140 114 0
0.682297 -0.208174 0.243373 140 114 0
0.684761 -0.203013 0.244184 140 114 0
0.689847 -0.200998 0.246022 140 114 0
0.695351 -0.201103 0.248394 140 114 0
0.69938 -0.204564 0.249987 140 114 0
0.702304 -0.209679 0.2511 140 114 0
0.703722 -0.215138 0.251598 140 114 0
0.703339 -0.220995 0.251433 140 114 0
0.699905 -0.225733 0.250146 140 114 0
0.694988 -0.228498 0.248392 140 114 0
0.689486 -0.229271 0.246624 140 114 0
0.684284 -0.227509 0.244428 140 114 0
0.682234 -0.22272 0.243731 140 114 0
0.682703 -0.217473 0.243903 140 114 0
0.68656 -0.213259 0.245417 140 114 0
0.691682 -0.211031 0.247139 140 114 0
0.696726 -0.213276 0.248638 140 114 0
0.701724 -0.215994 0.250483 140 114 0
0.704027 -0.220955 0.250919 140 114 0
0.705095 -0.226274 0.251039 140 114 0
0.704787 -0.232124 0.250682 140 114 0
0.701476 -0.236303 0.248858 140 114 0
0.697968 -0.240619 0.247152 140 114 0
0.69255 -0.240679 0.244734 140 114 0
0.687604 -0.239378 0.243445 140 114 0
0.684434 -0.235646 0.243085 140 114 0
0.682224 -0.230636 0.243606 140 114 0
0.684387 -0.22635 0.2456 140 114 0
0.687888 -0.222346 0.246908 140 114 0
0.692913 -0.222463 0.248199 140 114 0
0.698699 -0.222775 0.249082 140 114 0
0.702997 -0.22687 0.250395 140 114 0
0.704986 -0.232258 0.250865 140 114 0
0.705255 -0.238096 0.250718 140 114 0
0.70309 -0.243277 0.24945 140 114 0
0.69818 -0.245919 0.24702 140 114 0
0.692716 -0.246328 0.244683 140 114 0
0.687739 -0.243445 0.24303 140 114 0
0.684882 -0.238178 0.242427 140 114 0
0.683175 -0.232876 0.242441 140 114 0
0.685023 -0.22736 0.244124 140 114 0
0.688182 -0.223925 0.246472 140 114 0
0.692697 -0.222463 0.248572 140 114 0
0.697918 -0.222732 0.24939 140 114 0
0.701677 -0.224587 0.250091 140 114 0
0.704625 -0.228023 0.250418 140 114 0
0.705494 -0.232144 0.250172 140 114 0
0.704217 -0.23658 0.24935 140 114 0
0.701203 -0.239902 0.248221 140 114 0
0.695926 -0.240642 0.24628 140 114 0
0.69064 -0.240158 0.244743 140 114 0
0.68649 -0.236049 0.243692 140 114 0
0.683937 -0.232261 0.243816 140 114 0
0.681551 -0.227075 0.243717 140 114 0
0.683316 -0.222255 0.244977 140 114 0
0.68587 -0.217444 0.245655 140 114 0
0.689853 -0.214267 0.246601 140 114 0
0.694888 -0.212834 0.248176 140 114 0
0.700105 -0.214613 0.249728 140 114 0
0.703763 -0.217761 0.250798 140 114 0
0.70543 -0.223191 0.251549 140 114 0
0.702568 -0.227967 0.250373 140 114 0
0.698259 -0.230605 0.248837 140 114 0
0.694198 -0.232188 0.247736 141 113 0
0.689053 -0.230051 0.24627 141 113 0
0.685181 -0.225752 0.244927 141 113 0
0.681438 -0.221504 0.243449 141 113 0
0.681804 -0.215533 0.243752 141 113 0
0.684341 -0.210454 0.244717 141 113 0
0.687615 -0.205642 0.245678 141 113 0
0.692455 -0.202664 0.24693 141 113 0
0.697497 -0.20457 0.248594 141 113 0
0.702755 -0.205903 0.250863 141 113 0
0.704126 -0.210913 0.251395 141 113 0
0.703612 -0.216851 0.251577 141 113 0
0.700348 -0.221344 0.250602 141 113 0
0.695136 -0.222639 0.248667 141 113 0
0.689769 -0.221459 0.246623 141 113 0
0.685309 -0.217866 0.245097 141 113 0
0.682228 -0.213156 0.243817 141 113 0
0.681834 -0.207236 0.243689 141 113 0
0.683262 -0.20168 0.244119 141 113 0
0.68622 -0.1966 0.245156 141 113 0
0.691461 -0.19432 0.246937 141 113 0
0.696698 -0.193376 0.249039 141 113 0
0.701439 -0.196442 0.250737 141 113 0
0.703684 -0.201535 0.251269 141 113 0
0.703959 -0.207502 0.251493 141 113 0
0.700246 -0.211607 0.250028 141 113 0
0.695076 -0.212841 0.248127 141 113 0
0.689703 -0.211597 0.246015 141 113 0
0.685093 -0.208376 0.244528 141 113 0
0.682876 -0.202838 0.243975 141 113 0
0.681818 -0.197092 0.243942 141 113 0
0.683617 -0.191567 0.245042 141 113 0
0.686362 -0.187106 0.24613 141 113 0
0.691195 -0.184264 0.248214 141 113 0
0.696796 -0.184398 0.250342 141 113 0
0.701448 -0.187096 0.252106 141 113 0
0.703225 -0.192709 0.252284 141 113 0
0.702531 -0.198249 0.251647 141 113 0
0.698262 -0.201383 0.249668 141 113 0
0.693045 -0.202743 0.247925 141 113 0
0.687833 -0.201041 0.246074 141 113 0
0.683629 -0.197087 0.244818 141 113 0
0.68127 -0.191672 0.244381 141 113 0
0.681027 -0.185704 0.244859 141 113 0
0.682635 -0.180267 0.24611 141 113 0
0.686536 -0.176424 0.248187 141 113 0
0.691401 -0.174103 0.250243 141 113 0
0.696729 -0.175729 0.252241 141 113 0
0.701383 -0.178181 0.253715 141 113 0
0.702099 -0.184018 0.253402 141 113 0
0.70108 -0.189823 0.252567 141 113 0
0.696436 -0.192645 0.250502 141 113 0
0.691326 -0.193551 0.24858 141 113 0
0.686261 -0.190891 0.246798 141 113 0
0.682998 -0.18602 0.245891 141 113 0
0.680065 -0.18092 0.245003 141 113 0
0.680847 -0.175554 0.246028 141 113 0
0.683084 -0.170215 0.247558 141 113 0
0.686407 -0.166587 0.249201 141 113 0
0.691362 -0.164392 0.251421 141 113 0
0.696585 -0.165855 0.253499 141 113 0
0.700589 -0.169028 0.254767 141 113 0
0.701616 -0.174346 0.254909 141 113 0
0.700432 -0.179856 0.254262 141 113 0
0.695831 -0.182579 0.252083 141 113 0
0.690798 -0.184214 0.250039 141 113 0
0.686022 -0.18181 0.248287 141 113 0
0.682152 -0.177495 0.246947 142 112 0
0.678996 -0.172532 0.245836 142 112 0
0.679568 -0.166865 0.246605 142 112 0
0.681791 -0.161469 0.247965 142 112 0
0.68498 -0.156813 0.249458 142 112 0
0.690164 -0.155746 0.251871 142 112 0
0.695715 -0.155862 0.254091 142 112 0
0.699127 -0.16017 0.255394 142 112 0
0.700057 -0.165649 0.255553 142 112 0
0.698052 -0.171022 0.254517 142 112 0
0.693535 -0.17414 0.252471 142 112 0
0.688037 -0.173981 0.250098 142 112 0
0.683343 -0.171017 0.248383 142 112 0
0.680565 -0.166059 0.247477 142 112 0
0.678196 -0.161077 0.2468 142 112 0
0.678777 -0.155303 0.247441 142 112 0
0.681322 -0.150097 0.248949 142 112 0
0.685357 -0.146525 0.250958 142 112 0
0.690785 -0.145831 0.253316 142 112 0
0.696032 -0.146468 0.255644 142 112 0
0.699747 -0.150924 0.256979 142 112 0
0.700113 -0.156861 0.25638 142 112 0
0.698236 -0.161909 0.255148 142 112 0
0.693729 -0.164238 0.253079 142 112 0
0.688269 -0.164095 0.250613 142 112 0
0.683538 -0.161817 0.249017 142 112 0
0.680479 -0.156728 0.248234 142 112 0
0.677818 -0.152008 0.247567 142 112 0
0.677777 -0.146086 0.248356 142 112 0
0.680115 -0.141318 0.250235 142 112 0
0.68389 -0.137312 0.252583 142 112 0
0.68898 -0.135944 0.255049 142 112 0
0.694076 -0.136609 0.256783 142 112 0
0.697951 -0.140749 0.257968 142 112 0
0.700199 -0.145236 0.257818 142 112 0
0.699613 -0.150878 0.256849 142 112 0
0.696267 -0.154016 0.254837 142 112 0
0.691576 -0.155648 0.252716 142 112 0
0.686658 -0.15407 0.250809 142 112 0
0.682103 -0.151144 0.249244 142 112 0
0.679525 -0.1466 0.249289 142 112 0
0.6773 -0.14167 0.2493 142 112 0
0.676838 -0.135976 0.249995 142 112 0
0.678564 -0.131532 0.251898 142 112 0
0.682197 -0.128553 0.254672 142 112 0
0.685899 -0.126116 0.2569 142 112 0
0.68351 -0.127434 0.255465 142 112 0
0.680101 -0.129428 0.253329 142 112 0
0.676677 -0.131412 0.251207 142 112 0
0.673239 -0.133434 0.249144 142 112 0
0.669789 -0.13544 0.247085 142 112 0
0.665752 -0.136367 0.256187 142 112 0
0.612143 -0.13736 0.23039 142 112 0
0.618381 -0.136651 0.222607 142 112 0
0.618381 -0.136651 0.222607 142 112 0
0.618848 -0.141779 0.221908 142 112 0
0.619321 -0.146415 0.22122 142 112 0
0.619708 -0.151075 0.220653 142 112 0
0.620043 -0.155747 0.220158 142 112 0
0.620283 -0.160436 0.219802 142 112 0
0.620423 -0.165139 0.219599 142 112 0
0.620487 -0.169849 0.21952 142 112 0
0.620454 -0.174558 0.219568 142 112 0
0.620012 -0.180065 0.218777 142 112 0
0.619867 -0.184764 0.217658 142 112 0
0.619652 -0.189427 0.216404 142 112 0
0.619451 -0.194095 0.215168 142 112 0
0.619285 -0.198802 0.214093 143 111 0
0.61904 -0.203537 0.213162 143 111 0
0.618633 -0.208287 0.212379 143 111 0
0.618067 -0.213043 0.211733 143 111 0
0.617408 -0.217793 0.211136 143 111 0
0.616761 -0.222542 0.210519 143 111 0
0.615973 -0.227269 0.209933 143 111 0
0.616639 -0.221985 0.210832 143 111 0
0.617456 -0.217309 0.211208 143 111 0
0.618125 -0.212628 0.211785 143 111 0
0.618672 -0.207939 0.212428 143 111 0
0.619059 -0.203258 0.213213 143 111 0
0.619428 -0.198636 0.214282 143 111 0
0.619791 -0.194061 0.215554 143 111 0
0.620008 -0.189475 0.216821 143 111 0
0.620356 -0.184981 0.218361 143 111 0
0.620578 -0.180025 0.219416 143 111 0
0.62057 -0.17522 0.219396 143 111 0
0.620503 -0.170417 0.219497 143 111 0
0.620417 -0.165614 0.21961 143 111 0
0.620283 -0.160815 0.219802 143 111 0
0.620058 -0.156029 0.220135 143 111 0
0.619725 -0.151261 0.220628 143 111 0
0.619335 -0.146506 0.2212 143 111 0
0.618848 -0.141779 0.221908 143 111 0
0.617496 -0.124352 0.223826 143 111 0
0.622298 -0.125954 0.226007 143 111 0
0.625164 -0.129988 0.226947 143 111 0
0.627113 -0.135237 0.227321 143 111 0
0.625911 -0.140362 0.2258 143 111 0
0.62346 -0.145237 0.22373 143 111 0
0.619127 -0.147002 0.220517 143 111 0
0.614862 -0.149005 0.217474 143 111 0
0.610343 -0.146591 0.214589 143 111 0
0.606033 -0.144533 0.212103 143 111 0
0.602907 -0.139636 0.210484 143 111 0
0.602628 -0.133831 0.210905 143 111 0
0.604071 -0.128167 0.212301 143 111 0
0.607684 -0.1247 0.215133 143 111 0
0.612291 -0.125605 0.218441 143 111 0
0.615814 -0.129902 0.220546 143 111 0
0.617369 -0.13548 0.221061 143 111 0
0.615723 -0.140445 0.219167 143 111 0
0.614134 -0.144879 0.217231 143 111 0
0.610119 -0.14718 0.213391 143 111 0
0.605807 -0.149126 0.209782 143 111 0
0.602064 -0.146682 0.20625 143 111 0
0.598453 -0.143122 0.202985 143 111 0
0.595907 -0.139104 0.200644 143 111 0
0.595119 -0.133357 0.200182 143 111 0
0.595474 -0.12863 0.201214 143 111 0
0.597858 -0.125984 0.204339 143 111 0
0.600463 -0.124415 0.208247 143 111 0
0.602829 -0.125977 0.211339 143 111 0
0.606079 -0.129112 0.213928 143 111 0
0.608617 -0.133166 0.215154 143 111 0
0.609063 -0.139109 0.214686 143 111 0
0.609008 -0.14474 0.213101 143 111 0
0.607479 -0.149053 0.210532 143 111 0
0.604723 -0.152306 0.206749 143 111 0
0.600598 -0.152356 0.202462 143 111 0
0.596859 -0.150995 0.198536 143 111 0
0.593927 -0.147172 0.1962 143 111 0
0.592162 -0.141735 0.195698 143 111 0
0.594394 -0.137057 0.198362 143 111 0
0.597323 -0.134248 0.202091 143 111 0
0.601593 -0.134124 0.206254 143 111 0
0.605087 -0.137686 0.209163 143 111 0
0.608062 -0.142116 0.211166 144 110 0
0.609907 -0.147369 0.211636 144 110 0
0.608918 -0.152871 0.209886 144 110 0
0.607009 -0.15788 0.207288 144 110 0
0.6034 -0.160781 0.20373 144 110 0
0.599578 -0.161599 0.199948 144 110 0
0.595712 -0.160174 0.196385 144 110 0
0.592881 -0.155475 0.194247 144 110 0
0.592655 -0.149639 0.194651 144 110 0
0.593993 -0.145088 0.196641 144 110 0
0.597717 -0.142552 0.200164 144 110 0
0.602226 -0.143541 0.20378 144 110 0
0.605668 -0.147496 0.206471 144 110 0
0.608078 -0.152653 0.20787 144 110 0
0.60871 -0.158526 0.207609 144 110 0
0.608276 -0.164162 0.206309 144 110 0
0.605368 -0.168174 0.203279 144 110 0
0.601414 -0.170759 0.199627 144 110 0
0.597248 -0.170965 0.195355 144 110 0
0.59349 -0.167505 0.192521 144 110 0
0.591948 -0.161977 0.191423 144 110 0
0.591582 -0.156037 0.191907 144 110 0
0.594416 -0.152348 0.194531 144 110 0
0.598563 -0.150915 0.198333 144 110 0
0.602811 -0.153164 0.201843 144 110 0
0.60518 -0.157886 0.203756 144 110 0
0.607513 -0.163103 0.205027 144 110 0
0.608 -0.16901 0.204397 144 110 0
0.607076 -0.174538 0.202792 144 110 0
0.603562 -0.177711 0.199204 144 110 0
0.599708 -0.178434 0.194964 144 110 0
0.595459 -0.17742 0.191008 144 110 0
0.592065 -0.174041 0.188341 144 110 0
0.590784 -0.168598 0.187715 144 110 0
0.592184 -0.16357 0.189426 144 110 0
0.595469 -0.160966 0.193325 144 110 0
0.599501 -0.16082 0.197709 144 110 0
0.603823 -0.163056 0.201095 144 110 0
0.606182 -0.167949 0.202976 144 110 0
0.607227 -0.173699 0.203405 144 110 0
0.606538 -0.179105 0.201888 144 110 0
0.604704 -0.183983 0.199122 144 110 0
0.602015 -0.186814 0.195009 144 110 0
0.598632 -0.187949 0.191039 144 110 0
0.594881 -0.1868 0.186979 144 110 0
0.592378 -0.182537 0.184186 144 110 0
0.590241 -0.178447 0.183064 144 110 0
0.591866 -0.173624 0.184737 144 110 0
0.593088 -0.170697 0.187617 144 110 0
0.595393 -0.168553 0.190153 144 110 0
0.597878 -0.16844 0.194204 144 110 0
0.599934 -0.170901 0.196994 144 110 0
0.602842 -0.173154 0.199575 144 110 0
0.605195 -0.177876 0.201304 144 110 0
0.606903 -0.183279 0.201616 144 110 0
0.606309 -0.188787 0.200086 144 110 0
0.604786 -0.193405 0.197257 144 110 0
0.602493 -0.1961 0.193332 144 110 0
0.598915 -0.197971 0.189198 144 110 0
0.594783 -0.196719 0.185273 144 110 0
0.592767 -0.192566 0.183269 144 110 0
0.590437 -0.187542 0.182334 144 110 0
0.592255 -0.183031 0.18457 144 110 0
0.595103 -0.180353 0.188271 144 110 0
0.599064 -0.178607 0.192182 144 110 0
0.602666 -0.181978 0.195471 144 110 0
0.605903 -0.185963 0.198088 144 110 0
0.607937 -0.191439 0.199432 145 109 0
0.607685 -0.197132 0.198699 145 109 0
0.606218 -0.202594 0.196745 145 109 0
0.603893 -0.207057 0.193808 145 109 0
0.599884 -0.208165 0.189657 145 109 0
0.59566 -0.207032 0.185758 145 109 0
0.591891 -0.203746 0.182787 145 109 0
0.591245 -0.198225 0.182384 145 109 0
0.592584 -0.192601 0.183792 145 109 0
0.596797 -0.191208 0.187574 145 109 0
0.601008 -0.190612 0.191556 145 109 0
0.604365 -0.193994 0.194765 145 109 0
0.607565 -0.198313 0.19742 145 109 0
0.608723 -0.203969 0.198545 145 109 0
0.607803 -0.209823 0.197823 145 109 0
0.605979 -0.215207 0.195995 145 109 0
0.603024 -0.219356 0.193308 145 109 0
0.598704 -0.220552 0.189491 145 109 0
0.594759 -0.21793 0.185982 145 109 0
0.592369 -0.213196 0.183373 145 109 0
0.591522 -0.207429 0.182591 145 109 0
0.594695 -0.203217 0.185106 145 109 0
0.597894 -0.200075 0.188117 145 109 0
0.602039 -0.201996 0.191703 145 109 0
0.605705 -0.205102 0.195164 145 109 0
0.608218 -0.210017 0.197395 145 109 0
0.608841 -0.215786 0.198288 145 109 0
0.607291 -0.221479 0.197272 145 109 0
0.60449 -0.225985 0.19489 145 109 0
0.60204 -0.230489 0.192454 145 109 0
0.597722 -0.229938 0.188395 145 109 0
0.593643 -0.227448 0.184777 145 109 0
0.591487 -0.222875 0.182574 145 109 0
0.592508 -0.217313 0.183264 145 109 0
0.595092 -0.21267 0.185972 145 109 0
0.599405 -0.211698 0.189939 145 109 0
0.603277 -0.213545 0.193687 145 109 0
0.606801 -0.216875 0.196922 145 109 0
0.608667 -0.222323 0.198509 145 109 0
0.60882 -0.228297 0.198439 145 109 0
0.607148 -0.23362 0.196655 145 109 0
0.605128 -0.238494 0.193909 145 109 0
0.601448 -0.240133 0.190074 145 109 0
0.597766 -0.240897 0.186613 145 109 0
0.594096 -0.238796 0.183101 145 109 0
0.59204 -0.23491 0.181269 145 109 0
0.592075 -0.22894 0.181556 145 109 0
0.59424 -0.22451 0.183975 145 109 0
0.596784 -0.222495 0.187511 145 109 0
0.599801 -0.222927 0.191345 145 109 0
0.603636 -0.224083 0.195155 145 109 0
0.607881 -0.226716 0.197386 145 109 0
0.609352 -0.232468 0.197722 145 109 0
0.609054 -0.238357 0.196743 145 109 0
0.606409 -0.242851 0.19409 145 109 0
0.603053 -0.246343 0.190629 145 109 0
0.598554 -0.246343 0.186976 145 109 0
0.594489 -0.242994 0.183996 145 109 0
0.591681 -0.238365 0.182048 145 109 0
0.59174 -0.232307 0.182229 145 109 0
0.593995 -0.227121 0.184183 145 109 0
0.59666 -0.222434 0.186908 145 109 0
0.600134 -0.222927 0.190768 145 109 0
0.603217 -0.222683 0.195136 145 109 0
0.605686 -0.224894 0.197383 145 109 0
0.607672 -0.228906 0.198691 145 109 0
0.60907 -0.234138 0.198447 145 109 0
0.608272 -0.23803 0.196331 146 108 0
0.60499 -0.239833 0.193106 146 108 0
0.601876 -0.242378 0.189805 146 108 0
0.598188 -0.239417 0.18654 146 108 0
0.59457 -0.236706 0.183679 146 108 0
0.592942 -0.231357 0.182441 146 108 0
0.592235 -0.226057 0.182345 146 108 0
0.593697 -0.220788 0.183938 146 108 0
0.596163 -0.216633 0.186539 146 108 0
0.59905 -0.213059 0.190082 146 108 0
0.603256 -0.212769 0.194339 146 108 0
0.606715 -0.215554 0.197828 146 108 0
0.608786 -0.21937 0.199903 146 108 0
0.608341 -0.224353 0.199321 146 108 0
0.606919 -0.229449 0.197346 146 108 0
0.603381 -0.231749 0.193972 146 108 0
0.599961 -0.230571 0.190567 146 108 0
0.596377 -0.228011 0.186878 146 108 0
0.593766 -0.223517 0.184263 146 108 0
0.592823 -0.217789 0.183335 146 108 0
0.593638 -0.211957 0.184023 146 108 0
0.595823 -0.206886 0.186187 146 108 0
0.599098 -0.203186 0.189181 146 108 0
0.603191 -0.203091 0.193478 146 108 0
0.607397 -0.204336 0.197456 146 108 0
0.609278 -0.209569 0.199535 146 108 0
0.609706 -0.215276 0.200214 146 108 0
0.607491 -0.220242 0.19826 146 108 0
0.603524 -0.222151 0.194584 146 108 0
0.599379 -0.222302 0.190758 146 108 0
0.596357 -0.218207 0.187564 146 108 0
0.594197 -0.213039 0.185409 146 108 0
0.593631 -0.207173 0.184849 146 108 0
0.594375 -0.201421 0.185684 146 108 0
0.596526 -0.196329 0.18786 146 108 0
0.600413 -0.193438 0.191414 146 108 0
0.604614 -0.193224 0.195313 146 108 0
0.608405 -0.196118 0.19891 146 108 0
0.609977 -0.201466 0.2006 146 108 0
0.610183 -0.206964 0.200348 146 108 0
0.607597 -0.210917 0.197677 146 108 0
0.603699 -0.212474 0.193898 146 108 0
0.599407 -0.210607 0.190344 146 108 0
0.596066 -0.20655 0.187495 146 108 0
0.593901 -0.201154 0.186024 146 108 0
0.59318 -0.195316 0.185836 146 108 0
0.594571 -0.189812 0.187393 146 108 0
0.598086 -0.186328 0.190692 146 108 0
0.601413 -0.182854 0.194167 146 108 0
0.605425 -0.184189 0.198084 146 108 0
0.609581 -0.186415 0.201487 146 108 0
0.611313 -0.191726 0.202779 146 108 0
0.610104 -0.197119 0.201534 146 108 0
0.607631 -0.201482 0.198434 146 108 0
0.603366 -0.202825 0.194651 146 108 0
0.599524 -0.200207 0.191248 146 108 0
0.596248 -0.195969 0.188807 146 108 0
0.594198 -0.190459 0.187618 146 108 0
0.593864 -0.184526 0.188179 146 108 0
0.595614 -0.179298 0.190113 146 108 0
0.598868 -0.175796 0.193469 146 108 0
0.602691 -0.174151 0.197563 146 108 0
0.606768 -0.175307 0.201437 146 108 0
0.609797 -0.179745 0.203827 146 108 0
0.610726 -0.185409 0.203889 146 108 0
0.608197 -0.190033 0.20129 146 108 0
0.604403 -0.192652 0.197587 146 108 0
0.600285 -0.190924 0.193831 146 108 0
0.596463 -0.187351 0.190947 147 107 0
0.594011 -0.182666 0.189456 147 107 0
0.593417 -0.176811 0.189744 147 107 0
0.594324 -0.171052 0.19118 147 107 0
0.596668 -0.166721 0.193787 147 107 0
0.60039 -0.164065 0.197583 147 107 0
0.604794 -0.164092 0.201669 147 107 0
0.608368 -0.167012 0.205017 147 107 0
0.610906 -0.171949 0.206864 147 107 0
0.610574 -0.17771 0.205899 147 107 0
0.60747 -0.181537 0.202744 147 107 0
0.603268 -0.182463 0.19882 147 107 0
0.599336 -0.181079 0.195347 147 107 0
0.596085 -0.176869 0.192989 147 107 0
0.594375 -0.171184 0.192122 147 107 0
0.593568 -0.165296 0.192304 147 107 0
0.594893 -0.15984 0.19435 147 107 0
0.597887 -0.15581 0.197464 147 107 0
0.601809 -0.154062 0.201435 147 107 0
0.605838 -0.154956 0.205207 147 107 0
0.609048 -0.159259 0.207897 147 107 0
0.610197 -0.164757 0.208347 147 107 0
0.608951 -0.170095 0.206358 147 107 0
0.605603 -0.172375 0.20306 147 107 0
0.601247 -0.172208 0.198962 147 107 0
0.597454 -0.169355 0.195948 147 107 0
0.594237 -0.165038 0.19378 147 107 0
0.593651 -0.159104 0.193846 147 107 0
0.593584 -0.153385 0.194745 147 107 0
0.595688 -0.148543 0.197578 147 107 0
0.599044 -0.145113 0.20114 147 107 0
0.602919 -0.144017 0.205368 147 107 0
0.606828 -0.146089 0.209024 147 107 0
0.60961 -0.150849 0.211077 147 107 0
0.610463 -0.156592 0.210748 147 107 0
0.607928 -0.161058 0.207733 147 107 0
0.604498 -0.164038 0.203994 147 107 0
0.60036 -0.162158 0.200201 147 107 0
0.596884 -0.159363 0.197002 147 107 0
0.594466 -0.154136 0.195318 147 107 0
0.592938 -0.148396 0.194678 147 107 0
0.594258 -0.14339 0.196765 147 107 0
0.595185 -0.138094 0.199019 147 107 0
0.598001 -0.135469 0.202849 147 107 0
0.601953 -0.134091 0.206863 147 107 0
0.605243 -0.135856 0.210967 147 107 0
0.607739 -0.139366 0.213004 147 107 0
0.610306 -0.14398 0.214172 147 107 0
0.609392 -0.14908 0.212475 147 107 0
0.607238 -0.152605 0.20944 147 107 0
0.60356 -0.153909 0.205345 147 107 0
0.59991 -0.152413 0.201552 147 107 0
0.597165 -0.148702 0.198704 147 107 0
0.595533 -0.144388 0.197238 147 107 0
0.594305 -0.139011 0.196778 147 107 0
0.594431 -0.133699 0.197932 147 107 0
0.59513 -0.128958 0.199944 147 107 0
0.596508 -0.126331 0.202082 147 107 0
0.598156 -0.125977 0.204837 147 107 0
0.600329 -0.124415 0.208479 147 107 0
0.602029 -0.125205 0.210433 147 107 0
0.605421 -0.127865 0.21346 147 107 0
0.608933 -0.130584 0.216284 147 107 0
0.612669 -0.133218 0.218898 147 107 0
0.616614 -0.135426 0.221574 147 107 0
0.61039 -0.136207 0.229362 147 107 0
0.663048 -0.137529 0.255922 147 107 0
0.667155 -0.136668 0.246845 148 106 0
0.668027 -0.141935 0.245047 148 106 0
0.668238 -0.146566 0.244612 148 106 0
0.668379 -0.151214 0.244287 148 106 0
0.668464 -0.155868 0.244025 148 106 0
0.668545 -0.160528 0.243929 148 106 0
0.668604 -0.16519 0.243958 148 106 0
0.668569 -0.169852 0.243993 148 106 0
0.668547 -0.174511 0.24402 148 106 0
0.668649 -0.179725 0.243813 148 106 0
0.669477 -0.184377 0.2432 148 106 0
0.669975 -0.189083 0.242649 148 106 0
0.670532 -0.19379 0.242155 148 106 0
0.671058 -0.198509 0.241758 148 106 0
0.671408 -0.203254 0.241575 148 106 0
0.671513 -0.208016 0.241583 148 106 0
0.671488 -0.21278 0.241689 148 106 0
0.671532 -0.217543 0.241803 148 106 0
0.671627 -0.222307 0.241757 148 106 0
0.671634 -0.22707 0.24178 148 106 0
0.671507 -0.22198 0.242225 148 106 0
0.671504 -0.216672 0.241829 148 106 0
0.671447 -0.211354 0.241644 148 106 0
0.671107 -0.206049 0.241391 148 106 0
0.670808 -0.200737 0.241491 148 106 0
0.670277 -0.195454 0.24186 148 106 0
0.669615 -0.190201 0.242399 148 106 0
0.669115 -0.184976 0.243167 148 106 0
0.668649 -0.179725 0.243813 148 106 0
0.668546 -0.174995 0.243819 148 106 0
0.668578 -0.170266 0.243968 148 106 0
0.668603 -0.165535 0.243961 148 106 0
0.66855 -0.160804 0.243931 148 106 0
0.668467 -0.156075 0.244016 148 106 0
0.668382 -0.151352 0.244277 148 106 0
0.668243 -0.146635 0.244609 148 106 0
0.668027 -0.141935 0.245047 148 106 0
0.665858 -0.124349 0.247971 148 106 0
0.670885 -0.125665 0.249982 148 106 0
0.675343 -0.128155 0.251366 148 106 0
0.678638 -0.131961 0.251893 148 106 0
0.681175 -0.137263 0.252181 148 106 0
0.680623 -0.14304 0.251199 148 106 0
0.67734 -0.14663 0.248941 148 106 0
0.672999 -0.149152 0.246653 148 106 0
0.668154 -0.146894 0.244688 148 106 0
0.664613 -0.142076 0.243418 148 106 0
0.665451 -0.137012 0.244513 148 106 0
0.666189 -0.131395 0.245398 148 106 0
0.670245 -0.127986 0.247901 148 106 0
0.675182 -0.125977 0.250539 148 106 0
0.680656 -0.126043 0.253257 148 106 0
0.685487 -0.128193 0.255346 148 106 0
0.688844 -0.133123 0.256348 148 106 0
0.690536 -0.138769 0.256456 148 106 0
0.690472 -0.144436 0.255593 148 106 0
0.686603 -0.14817 0.252931 148 106 0
0.681695 -0.149168 0.250185 148 106 0
0.677077 -0.146394 0.248308 148 106 0
0.674983 -0.140918 0.248163 148 106 0
0.675036 -0.134999 0.249243 148 106 0
0.677954 -0.13035 0.251851 148 106 0
0.681582 -0.127949 0.254419 148 106 0
0.685836 -0.126116 0.257009 148 106 0
0.68966 -0.127551 0.257788 148 106 0
0.694068 -0.130047 0.258712 148 106 0
0.697176 -0.134319 0.258762 148 106 0
0.699122 -0.139582 0.258576 148 106 0
0.69828 -0.144749 0.257103 149 105 0
0.696385 -0.150218 0.255651 149 105 0
0.692456 -0.154105 0.253642 149 105 0
0.687302 -0.155388 0.251069 149 105 0
0.683136 -0.153927 0.249548 149 105 0
0.679375 -0.150305 0.248518 149 105 0
0.677603 -0.145283 0.248364 149 105 0
0.679469 -0.139781 0.249734 149 105 0
0.684004 -0.137381 0.25211 149 105 0
0.689213 -0.135856 0.254348 149 105 0
0.693444 -0.139438 0.255917 149 105 0
0.697537 -0.143198 0.257504 149 105 0
0.699472 -0.148815 0.257745 149 105 0
0.699611 -0.15478 0.257078 149 105 0
0.696778 -0.159461 0.255176 149 105 0
0.693537 -0.164243 0.25353 149 105 0
0.688638 -0.166629 0.251053 149 105 0
0.68365 -0.164931 0.248768 149 105 0
0.679632 -0.160824 0.247124 149 105 0
0.67822 -0.155308 0.246787 149 105 0
0.680399 -0.150857 0.247966 149 105 0
0.685087 -0.14785 0.250198 149 105 0
0.690046 -0.147215 0.252463 149 105 0
0.694337 -0.150792 0.254307 149 105 0
0.698774 -0.154162 0.256125 149 105 0
0.700202 -0.15977 0.256479 149 105 0
0.699955 -0.165752 0.256045 149 105 0
0.697267 -0.170791 0.254525 149 105 0
0.69327 -0.174419 0.252634 149 105 0
0.688284 -0.176518 0.250205 149 105 0
0.683029 -0.174949 0.248099 149 105 0
0.678965 -0.171056 0.246301 149 105 0
0.678575 -0.165245 0.246401 149 105 0
0.681426 -0.160663 0.247819 149 105 0
0.685856 -0.158673 0.249756 149 105 0
0.69098 -0.158173 0.251875 149 105 0
0.695659 -0.16132 0.253609 149 105 0
0.698894 -0.16622 0.254354 149 105 0
0.700579 -0.171811 0.254437 149 105 0
0.700174 -0.177487 0.253724 149 105 0
0.697627 -0.182685 0.252242 149 105 0
0.693706 -0.186182 0.250418 149 105 0
0.688163 -0.186471 0.248276 149 105 0
0.6828 -0.186041 0.246814 149 105 0
0.67956 -0.181962 0.246519 149 105 0
0.678384 -0.176281 0.246667 149 105 0
0.680481 -0.172414 0.247891 149 105 0
0.683779 -0.169396 0.249013 149 105 0
0.688851 -0.168987 0.250487 149 105 0
0.693409 -0.170008 0.251927 149 105 0
0.697658 -0.172482 0.252701 149 105 0
0.701283 -0.175906 0.253488 149 105 0
0.702212 -0.181605 0.25288 149 105 0
0.701853 -0.187071 0.251544 149 105 0
0.700157 -0.192114 0.250457 149 105 0
0.696863 -0.196246 0.249216 149 105 0
0.692482 -0.198607 0.247753 149 105 0
0.68704 -0.197762 0.245944 149 105 0
0.682618 -0.193783 0.245302 149 105 0
0.67916 -0.189211 0.244511 149 105 0
0.680659 -0.183927 0.245523 149 105 0
0.685164 -0.180495 0.247479 149 105 0
0.690536 -0.179198 0.249114 149 105 0
0.695896 -0.180921 0.250955 149 105 0
0.699478 -0.185041 0.251588 149 105 0
0.7027 -0.190017 0.252358 149 105 0
0.703156 -0.195879 0.252053 149 105 0
0.701864 -0.201645 0.251285 150 104 0
0.698574 -0.206276 0.249667 150 104 0
0.693451 -0.208389 0.247537 150 104 0
0.687963 -0.208276 0.245254 150 104 0
0.683198 -0.205683 0.243858 150 104 0
0.681884 -0.199933 0.243697 150 104 0
0.683259 -0.194379 0.24433 150 104 0
0.687377 -0.190651 0.245838 150 104 0
0.69298 -0.191028 0.247903 150 104 0
0.698313 -0.192481 0.250052 150 104 0
0.701555 -0.197135 0.251215 150 104 0
0.703465 -0.20263 0.251962 150 104 0
0.703723 -0.208616 0.252072 150 104 0
0.700784 -0.213363 0.250769 150 104 0
0.696479 -0.217105 0.248972 150 104 0
0.691487 -0.219169 0.247129 150 104 0
0.686364 -0.218109 0.244981 150 104 0
0.682295 -0.214046 0.243411 150 104 0
0.682297 -0.208174 0.243373 150 104 0
0.684761 -0.203013 0.244184 150 104 0
0.689847 -0.200998 0.246022 150 104 0
0.695351 -0.201103 0.248394 150 104 0
0.69938 -0.204564 0.249987 150 104 0
0.702304 -0.209679 0.2511 150 104 0
0.703722 -0.215138 0.251598 150 104 0
0.703339 -0.220995 0.251433 150 104 0
0.699905 -0.225733 0.250146 150 104 0
0.694988 -0.228498 0.248392 150 104 0
0.689486 -0.229271 0.246624 150 104 0
0.684284 -0.227509 0.244428 150 104 0
0.682234 -0.22272 0.243731 150 104 0
0.682703 -0.217473 0.243903 150 104 0
0.68656 -0.213259 0.245417 150 104 0
0.691682 -0.211031 0.247139 150 104 0
0.696726 -0.213276 0.248638 150 104 0
0.701724 -0.215994 0.250483 150 104 0
0.704027 -0.220955 0.250919 150 104 0
0.705095 -0.226274 0.251039 150 104 0
0.704787 -0.232124 0.250682 150 104 0
0.701476 -0.236303 0.248858 150 104 0
0.697968 -0.240619 0.247152 150 104 0
0.69255 -0.240679 0.244734 150 104 0
0.687604 -0.239378 0.243445 150 104 0
0.684434 -0.235646 0.243085 150 104 0
0.682224 -0.230636 0.243606 150 104 0
0.684387 -0.22635 0.2456 150 104 0
0.687888 -0.222346 0.246908 150 104 0
0.692913 -0.222463 0.248199 150 104 0
0.698699 -0.222775 0.249082 150 104 0
0.702997 -0.22687 0.250395 150 104 0
0.704986 -0.232258 0.250865 150 104 0
0.705255 -0.238096 0.250718 150 104 0
0.70309 -0.243277 0.24945 150 104 0
0.69818 -0.245919 0.24702 150 104 0
0.692716 -0.246328 0.244683 150 104 0
0.687739 -0.243445 0.24303 150 104 0
0.684882 -0.238178 0.242427 150 104 0
0.683175 -0.232876 0.242441 150 104 0
0.685023 -0.22736 0.244124 150 104 0
0.688182 -0.223925 0.246472 150 104 0
0.692697 -0.222463 0.248572 150 104 0
0.697918 -0.222732 0.24939 150 104 0
0.701677 -0.224587 0.250091 150 104 0
0.704625 -0.228023 0.250418 150 104 0
0.705494 -0.232144 0.250172 150 104 0
0.704217 -0.23658 0.24935 150 104 0
0.701203 -0.239902 0.248221 150 104 0
0.695926 -0.240642 0.24628 151 103 0
0.69064 -0.240158 0.244743 151 103 0
0.68649 -0.236049 0.243692 151 103 0
0.683937 -0.232261 0.243816 151 103 0
0.681551 -0.227075 0.243717 151 103 0
0.683316 -0.222255 0.244977 151 103 0
0.68587 -0.217444 0.245655 151 103 0
0.689853 -0.214267 0.246601 151 103 0
0.694888 -0.212834 0.248176 151 103 0
0.700105 -0.214613 0.249728 151 103 0
0.703763 -0.217761 0.250798 151 103 0
0.70543 -0.223191 0.251549 151 103 0
0.702568 -0.227967 0.250373 151 103 0
0.698259 -0.230605 0.248837 151 103 0
0.694198 -0.232188 0.247736 151 103 0
0.689053 -0.230051 0.24627 151 103 0
0.685181 -0.225752 0.244927 151 103 0
0.681438 -0.221504 0.243449 151 103 0
0.681804 -0.215533 0.243752 151 103 0
0.684341 -0.210454 0.244717 151 103 0
0.687615 -0.205642 0.245678 151 103 0
0.692455 -0.202664 0.24693 151 103 0
0.697497 -0.20457 0.248594 151 103 0
0.702755 -0.205903 0.250863 151 103 0
0.704126 -0.210913 0.251395 151 103 0
0.703612 -0.216851 0.251577 151 103 0
0.700348 -0.221344 0.250602 151 103 0
0.695136 -0.222639 0.248667 151 103 0
0.689769 -0.221459 0.246623 151 103 0
0.685309 -0.217866 0.245097 151 103 0
0.682228 -0.213156 0.243817 151 103 0
0.681834 -0.207236 0.243689 151 103 0
0.683262 -0.20168 0.244119 151 103 0
0.68622 -0.1966 0.245156 151 103 0
0.691461 -0.19432 0.246937 151 103 0
0.696698 -0.193376 0.249039 151 103 0
0.701439 -0.196442 0.250737 151 103 0
0.703684 -0.201535 0.251269 151 103 0
0.703959 -0.207502 0.251493 151 103 0
0.700246 -0.211607 0.250028 151 103 0
0.695076 -0.212841 0.248127 151 103 0
0.689703 -0.211597 0.246015 151 103 0
0.685093 -0.208376 0.244528 151 103 0
0.682876 -0.202838 0.243975 151 103 0
0.681818 -0.197092 0.243942 151 103 0
0.683617 -0.191567 0.245042 151 103 0
0.686362 -0.187106 0.24613 151 103 0
0.691195 -0.184264 0.248214 151 103 0
0.696796 -0.184398 0.250342 151 103 0
0.701448 -0.187096 0.252106 151 103 0
0.703225 -0.192709 0.252284 151 103 0
0.702531 -0.198249 0.251647 151 103 0
0.698262 -0.201383 0.249668 151 103 0
0.693045 -0.202743 0.247925 151 103 0
0.687833 -0.201041 0.246074 151 103 0
0.683629 -0.197087 0.244818 151 103 0
0.68127 -0.191672 0.244381 151 103 0
0.681027 -0.185704 0.244859 151 103 0
0.682635 -0.180267 0.24611 151 103 0
0.686536 -0.176424 0.248187 151 103 0
0.691401 -0.174103 0.250243 151 103 0
0.696729 -0.175729 0.252241 151 103 0
0.701383 -0.178181 0.253715 151 103 0
0.702099 -0.184018 0.253402 151 103 0
0.70108 -0.189823 0.252567 151 103 0
0.696436 -0.192645 0.250502 151 103 0
0.691326 -0.193551 0.24858 151 103 0
0.686261 -0.190891 0.246798 151 103 0
0.682998 -0.18602 0.245891 152 102 0
0.680065 -0.18092 0.245003 152 102 0
0.680847 -0.175554 0.246028 152 102 0
0.683084 -0.170215 0.247558 152 102 0
0.686407 -0.166587 0.249201 152 102 0
0.691362 -0.164392 0.251421 152 102 0
0.696585 -0.165855 0.253499 152 102 0
0.700589 -0.169028 0.254767 152 102 0
0.701616 -0.174346 0.254909 152 102 0
0.700432 -0.179856 0.254262 152 102 0
0.695831 -0.182579 0.252083 152 102 0
0.690798 -0.184214 0.250039 152 102 0
0.686022 -0.18181 0.248287 152 102 0
0.682152 -0.177495 0.246947 152 102 0
0.678996 -0.172532 0.245836 152 102 0
0.679568 -0.166865 0.246605 152 102 0
0.681791 -0.161469 0.247965 152 102 0
0.68498 -0.156813 0.249458 152 102 0
0.690164 -0.155746 0.251871 152 102 0
0.695715 -0.155862 0.254091 152 102 0
0.699127 -0.16017 0.255394 152 102 0
0.700057 -0.165649 0.255553 152 102 0
0.698052 -0.171022 0.254517 152 102 0
0.693535 -0.17414 0.252471 152 102 0
0.688037 -0.173981 0.250098 152 102 0
0.683343 -0.171017 0.248383 152 102 0
0.680565 -0.166059 0.247477 152 102 0
0.678196 -0.161077 0.2468 152 102 0
0.678777 -0.155303 0.247441 152 102 0
0.681322 -0.150097 0.248949 152 102 0
0.685357 -0.146525 0.250958 152 102 0
0.690785 -0.145831 0.253316 152 102 0
0.696032 -0.146468 0.255644 152 102 0
0.699747 -0.150924 0.256979 152 102 0
0.700113 -0.156861 0.25638 152 102 0
0.698236 -0.161909 0.255148 152 102 0
0.693729 -0.164238 0.253079 152 102 0
0.688269 -0.164095 0.250613 152 102 0
0.683538 -0.161817 0.249017 152 102 0
0.680479 -0.156728 0.248234 152 102 0
0.677818 -0.152008 0.247567 152 102 0
0.677777 -0.146086 0.248356 152 102 0
0.680115 -0.141318 0.250235 152 102 0
0.68389 -0.137312 0.252583 152 102 0
0.68898 -0.135944 0.255049 152 102 0
0.694076 -0.136609 0.256783 152 102 0
0.697951 -0.140749 0.257968 152 102 0
0.700199 -0.145236 0.257818 152 102 0
0.699613 -0.150878 0.256849 152 102 0
0.696267 -0.154016 0.254837 152 102 0
0.691576 -0.155648 0.252716 152 102 0
0.686658 -0.15407 0.250809 152 102 0
0.682103 -0.151144 0.249244 152 102 0
0.679525 -0.1466 0.249289 152 102 0
0.6773 -0.14167 0.2493 152 102 0
0.676838 -0.135976 0.249995 152 102 0
0.678564 -0.131532 0.251898 152 102 0
0.682197 -0.128553 0.254672 152 102 0
0.685899 -0.126116 0.2569 152 102 0
0.68351 -0.127434 0.255465 152 102 0
0.680101 -0.129428 0.253329 152 102 0
0.676677 -0.131412 0.251207 152 102 0
0.673239 -0.133434 0.249144 152 102 0
0.669789 -0.13544 0.247085 152 102 0
0.665752 -0.136367 0.256187 152 102 0
0.612143 -0.13736 0.23039 152 102 0
0.618381 -0.136651 0.222607 152 102 0
0.618381 -0.136651 0.222607 153 101 0
0.618848 -0.141779 0.221908 153 101 0
0.619321 -0.146415 0.22122 153 101 0
0.619708 -0.151075 0.220653 153 101 0
0.620043 -0.155747 0.220158 153 101 0
0.620283 -0.160436 0.219802 153 101 0
0.620423 -0.165139 0.219599 153 101 0
0.620487 -0.169849 0.21952 153 101 0
0.620454 -0.174558 0.219568 153 101 0
0.620012 -0.180065 0.218777 153 101 0
0.619867 -0.184764 0.217658 153 101 0
0.619652 -0.189427 0.216404 153 101 0
0.619451 -0.194095 0.215168 153 101 0
0.619285 -0.198802 0.214093 153 101 0
0.61904 -0.203537 0.213162 153 101 0
0.618633 -0.208287 0.212379 153 101 0
0.618067 -0.213043 0.211733 153 101 0
0.617408 -0.217793 0.211136 153 101 0
0.616761 -0.222542 0.210519 153 101 0
0.615973 -0.227269 0.209933 153 101 0
0.616639 -0.221985 0.210832 153 101 0
0.617456 -0.217309 0.211208 153 101 0
0.618125 -0.212628 0.211785 153 101 0
0.618672 -0.207939 0.212428 153 101 0
0.619059 -0.203258 0.213213 153 101 0
0.619428 -0.198636 0.214282 153 101 0
0.619791 -0.194061 0.215554 153 101 0
0.620008 -0.189475 0.216821 153 101 0
0.620356 -0.184981 0.218361 153 101 0
0.620578 -0.180025 0.219416 153 101 0
0.62057 -0.17522 0.219396 153 101 0
0.620503 -0.170417 0.219497 153 101 0
0.620417 -0.165614 0.21961 153 101 0
0.620283 -0.160815 0.219802 153 101 0
0.620058 -0.156029 0.220135 153 101 0
0.619725 -0.151261 0.220628 153 101 0
0.619335 -0.146506 0.2212 153 101 0
0.618848 -0.141779 0.221908 153 101 0
0.617496 -0.124352 0.223826 153 101 0
0.622298 -0.125954 0.226007 153 101 0
0.625164 -0.129988 0.226947 153 101 0
0.627113 -0.135237 0.227321 153 101 0
0.625911 -0.140362 0.2258 153 101 0
0.62346 -0.145237 0.22373 153 101 0
0.619127 -0.147002 0.220517 153 101 0
0.614862 -0.149005 0.217474 153 101 0
0.610343 -0.146591 0.214589 153 101 0
0.606033 -0.144533 0.212103 153 101 0
0.602907 -0.139636 0.210484 153 101 0
0.602628 -0.133831 0.210905 153 101 0
0.604071 -0.128167 0.212301 153 101 0
0.607684 -0.1247 0.215133 153 101 0
0.612291 -0.125605 0.218441 153 101 0
0.615814 -0.129902 0.220546 153 101 0
0.617369 -0.13548 0.221061 153 101 0
0.615723 -0.140445 0.219167 153 101 0
0.614134 -0.144879 0.217231 153 101 0
0.610119 -0.14718 0.213391 153 101 0
0.605807 -0.149126 0.209782 153 101 0
0.602064 -0.146682 0.20625 153 101 0
0.598453 -0.143122 0.202985 153 101 0
0.595907 -0.139104 0.200644 153 101 0
0.595119 -0.133357 0.200182 153 101 0
0.595474 -0.12863 0.201214 153 101 0
0.597858 -0.125984 0.204339 153 101 0
0.600463 -0.124415 0.208247 153 101 0
0.602829 -0.125977 0.211339 153 101 0
0.606079 -0.129112 0.213928 154 100 0
0.608617 -0.133166 0.215154 154 100 0
0.609063 -0.139109 0.214686 154 100 0
0.609008 -0.14474 0.213101 154 100 0
0.607479 -0.149053 0.210532 154 100 0
0.604723 -0.152306 0.206749 154 100 0
0.600598 -0.152356 0.202462 154 100 0
0.596859 -0.150995 0.198536 154 100 0
0.593927 -0.147172 0.1962 154 100 0
0.592162 -0.141735 0.195698 154 100 0
0.594394 -0.137057 0.198362 154 100 0
0.597323 -0.134248 0.202091 154 100 0
0.601593 -0.134124 0.206254 154 100 0
0.605087 -0.137686 0.209163 154 100 0
0.608062 -0.142116 0.211166 154 100 0
0.609907 -0.147369 0.211636 154 100 0
0.608918 -0.152871 0.209886 154 100 0
0.607009 -0.15788 0.207288 154 100 0
0.6034 -0.160781 0.20373 154 100 0
0.599578 -0.161599 0.199948 154 100 0
0.595712 -0.160174 0.196385 154 100 0
0.592881 -0.155475 0.194247 154 100 0
0.592655 -0.149639 0.194651 154 100 0
0.593993 -0.145088 0.196641 154 100 0
0.597717 -0.142552 0.200164 154 100 0
0.602226 -0.143541 0.20378 154 100 0
0.605668 -0.147496 0.206471 154 100 0
0.608078 -0.152653 0.20787 154 100 0
0.60871 -0.158526 0.207609 154 100 0
0.608276 -0.164162 0.206309 154 100 0
0.605368 -0.168174 0.203279 154 100 0
0.601414 -0.170759 0.199627 154 100 0
0.597248 -0.170965 0.195355 154 100 0
0.59349 -0.167505 0.192521 154 100 0
0.591948 -0.161977 0.191423 154 100 0
0.591582 -0.156037 0.191907 154 100 0
0.594416 -0.152348 0.194531 154 100 0
0.598563 -0.150915 0.198333 154 100 0
0.602811 -0.153164 0.201843 154 100 0
0.60518 -0.157886 0.203756 154 100 0
0.607513 -0.163103 0.205027 154 100 0
0.608 -0.16901 0.204397 154 100 0
0.607076 -0.174538 0.202792 154 100 0
0.603562 -0.177711 0.199204 154 100 0
0.599708 -0.178434 0.194964 154 100 0
0.595459 -0.17742 0.191008 154 100 0
0.592065 -0.174041 0.188341 154 100 0
0.590784 -0.168598 0.187715 154 100 0
0.592184 -0.16357 0.189426 154 100 0
0.595469 -0.160966 0.193325 154 100 0
0.599501 -0.16082 0.197709 154 100 0
0.603823 -0.163056 0.201095 154 100 0
0.606182 -0.167949 0.202976 154 100 0
0.607227 -0.173699 0.203405 154 100 0
0.606538 -0.179105 0.201888 154 100 0
0.604704 -0.183983 0.199122 154 100 0
0.602015 -0.186814 0.195009 154 100 0
0.598632 -0.187949 0.191039 154 100 0
0.594881 -0.1868 0.186979 154 100 0
0.592378 -0.182537 0.184186 154 100 0
0.590241 -0.178447 0.183064 154 100 0
0.591866 -0.173624 0.184737 154 100 0
0.593088 -0.170697 0.187617 154 100 0
0.595393 -0.168553 0.190153 154 100 0
0.597878 -0.16844 0.194204 154 100 0
0.599934 -0.170901 0.196994 154 100 0
0.602842 -0.173154 0.199575 154 100 0
0.605195 -0.177876 0.201304 154 100 0
0.606903 -0.183279 0.201616 155 99 0
0.606309 -0.188787 0.200086 155 99 0
0.604786 -0.193405 0.197257 155 99 0
0.602493 -0.1961 0.193332 155 99 0
0.598915 -0.197971 0.189198 155 99 0
0.594783 -0.196719 0.185273 155 99 0
0.592767 -0.192566 0.183269 155 99 0
0.590437 -0.187542 0.182334 155 99 0
0.592255 -0.183031 0.18457 155 99 0
0.595103 -0.180353 0.188271 155 99 0
0.599064 -0.178607 0.192182 155 99 0
0.602666 -0.181978 0.195471 155 99 0
0.605903 -0.185963 0.198088 155 99 0
0.607937 -0.191439 0.199432 155 99 0
0.607685 -0.197132 0.198699 155 99 0
0.606218 -0.202594 0.196745 155 99 0
0.603893 -0.207057 0.193808 155 99 0
0.599884 -0.208165 0.189657 155 99 0
0.59566 -0.207032 0.185758 155 99 0
0.591891 -0.203746 0.182787 155 99 0
0.591245 -0.198225 0.182384 155 99 0
0.592584 -0.192601 0.183792 155 99 0
0.596797 -0.191208 0.187574 155 99 0
0.601008 -0.190612 0.191556 155 99 0
0.604365 -0.193994 0.194765 155 99 0
0.607565 -0.198313 0.19742 155 99 0
0.608723 -0.203969 0.198545 155 99 0
0.607803 -0.209823 0.197823 155 99 0
0.605979 -0.215207 0.195995 155 99 0
0.603024 -0.219356 0.193308 155 99 0
0.598704 -0.220552 0.189491 155 99 0
0.594759 -0.21793 0.185982 155 99 0
0.592369 -0.213196 0.183373 155 99 0
0.591522 -0.207429 0.182591 155 99 0
0.594695 -0.203217 0.185106 155 99 0
0.597894 -0.200075 0.188117 155 99 0
0.602039 -0.201996 0.191703 155 99 0
0.605705 -0.205102 0.195164 155 99 0
0.608218 -0.210017 0.197395 155 99 0
0.608841 -0.215786 0.198288 155 99 0
0.607291 -0.221479 0.197272 155 99 0
0.60449 -0.225985 0.19489 155 99 0
0.60204 -0.230489 0.192454 155 99 0
0.597722 -0.229938 0.188395 155 99 0
0.593643 -0.227448 0.184777 155 99 0
0.591487 -0.222875 0.182574 155 99 0
0.592508 -0.217313 0.183264 155 99 0
0.595092 -0.21267 0.185972 155 99 0
0.599405 -0.211698 0.189939 155 99 0
0.603277 -0.213545 0.193687 155 99 0
0.606801 -0.216875 0.196922 155 99 0
0.608667 -0.222323 0.198509 155 99 0
0.60882 -0.228297 0.198439 155 99 0
0.607148 -0.23362 0.196655 155 99 0
0.605128 -0.238494 0.193909 155 99 0
0.601448 -0.240133 0.190074 155 99 0
0.597766 -0.240897 0.186613 155 99 0
0.594096 -0.238796 0.183101 155 99 0
0.59204 -0.23491 0.181269 155 99 0
0.592075 -0.22894 0.181556 155 99 0
0.59424 -0.22451 0.183975 155 99 0
0.596784 -0.222495 0.187511 155 99 0
0.599801 -0.222927 0.191345 155 99 0
0.603636 -0.224083 0.195155 155 99 0
0.607881 -0.226716 0.197386 155 99 0
0.609352 -0.232468 0.197722 155 99 0
0.609054 -0.238357 0.196743 155 99 0
0.606409 -0.242851 0.19409 156 98 0
0.603053 -0.246343 0.190629 156 98 0
0.598554 -0.246343 0.186976 156 98 0
0.594489 -0.242994 0.183996 156 98 0
0.591681 -0.238365 0.182048 156 98 0
0.59174 -0.232307 0.182229 156 98 0
0.593995 -0.227121 0.184183 156 98 0
0.59666 -0.222434 0.186908 156 98 0
0.600134 -0.222927 0.190768 156 98 0
0.603217 -0.222683 0.195136 156 98 0
0.605686 -0.224894 0.197383 156 98 0
0.607672 -0.228906 0.198691 156 98 0
0.60907 -0.234138 0.198447 156 98 0
0.608272 -0.23803 0.196331 156 98 0
0.60499 -0.239833 0.193106 156 98 0
0.601876 -0.242378 0.189805 156 98 0
0.598188 -0.239417 0.18654 156 98 0
0.59457 -0.236706 0.183679 156 98 0
0.592942 -0.231357 0.182441 156 98 0
0.592235 -0.226057 0.182345 156 98 0
0.593697 -0.220788 0.183938 156 98 0
0.596163 -0.216633 0.186539 156 98 0
0.59905 -0.213059 0.190082 156 98 0
0.603256 -0.212769 0.194339 156 98 0
0.606715 -0.215554 0.197828 156 98 0
0.608786 -0.21937 0.199903 156 98 0
0.608341 -0.224353 0.199321 156 98 0
0.606919 -0.229449 0.197346 156 98 0
0.603381 -0.231749 0.193972 156 98 0
0.599961 -0.230571 0.190567 156 98 0
0.596377 -0.228011 0.186878 156 98 0
0.593766 -0.223517 0.184263 156 98 0
0.592823 -0.217789 0.183335 156 98 0
0.593638 -0.211957 0.184023 156 98 0
0.595823 -0.206886 0.186187 156 98 0
0.599098 -0.203186 0.189181 156 98 0
0.603191 -0.203091 0.193478 156 98 0
0.607397 -0.204336 0.197456 156 98 0
0.609278 -0.209569 0.199535 156 98 0
0.609706 -0.215276 0.200214 156 98 0
0.607491 -0.220242 0.19826 156 98 0
0.603524 -0.222151 0.194584 156 98 0
0.599379 -0.222302 0.190758 156 98 0
0.596357 -0.218207 0.187564 156 98 0
0.594197 -0.213039 0.185409 156 98 0
0.593631 -0.207173 0.184849 156 98 0
0.594375 -0.201421 0.185684 156 98 0
0.596526 -0.196329 0.18786 156 98 0
0.600413 -0.193438 0.191414 156 98 0
0.604614 -0.193224 0.195313 156 98 0
0.608405 -0.196118 0.19891 156 98 0
0.609977 -0.201466 0.2006 156 98 0
0.610183 -0.206964 0.200348 156 98 0
0.607597 -0.210917 0.197677 156 98 0
0.603699 -0.212474 0.193898 156 98 0
0.599407 -0.210607 0.190344 156 98 0
0.596066 -0.20655 0.187495 156 98 0
0.593901 -0.201154 0.186024 156 98 0
0.59318 -0.195316 0.185836 156 98 0
0.594571 -0.189812 0.187393 156 98 0
0.598086 -0.186328 0.190692 156 98 0
0.601413 -0.182854 0.194167 156 98 0
0.605425 -0.184189 0.198084 156 98 0
0.609581 -0.186415 0.201487 156 98 0
0.611313 -0.191726 0.202779 156 98 0
0.610104 -0.197119 0.201534 156 98 0
0.607631 -0.201482 0.198434 156 98 0
0.603366 -0.202825 0.194651 157 97 0
0.599524 -0.200207 0.191248 157 97 0
0.596248 -0.195969 0.188807 157 97 0
0.594198 -0.190459 0.187618 157 97 0
0.593864 -0.184526 0.188179 157 97 0
0.595614 -0.179298 0.190113 157 97 0
0.598868 -0.175796 0.193469 157 97 0
0.602691 -0.174151 0.197563 157 97 0
0.606768 -0.175307 0.201437 157 97 0
0.609797 -0.179745 0.203827 157 97 0
0.610726 -0.185409 0.203889 157 97 0
0.608197 -0.190033 0.20129 157 97 0
0.604403 -0.192652 0.197587 157 97 0
0.600285 -0.190924 0.193831 157 97 0
0.596463 -0.187351 0.190947 157 97 0
0.594011 -0.182666 0.189456 157 97 0
0.593417 -0.176811 0.189744 157 97 0
0.594324 -0.171052 0.19118 157 97 0
0.596668 -0.166721 0.193787 157 97 0
0.60039 -0.164065 0.197583 157 97 0
0.604794 -0.164092 0.201669 157 97 0
0.608368 -0.167012 0.205017 157 97 0
0.610906 -0.171949 0.206864 157 97 0
0.610574 -0.17771 0.205899 157 97 0
0.60747 -0.181537 0.202744 157 97 0
0.603268 -0.182463 0.19882 157 97 0
0.599336 -0.181079 0.195347 157 97 0
0.596085 -0.176869 0.192989 157 97 0
0.594375 -0.171184 0.192122 157 97 0
0.593568 -0.165296 0.192304 157 97 0
0.594893 -0.15984 0.19435 157 97 0
0.597887 -0.15581 0.197464 157 97 0
0.601809 -0.154062 0.201435 157 97 0
0.605838 -0.154956 0.205207 157 97 0
0.609048 -0.159259 0.207897 157 97 0
0.610197 -0.164757 0.208347 157 97 0
0.608951 -0.170095 0.206358 157 97 0
0.605603 -0.172375 0.20306 157 97 0
0.601247 -0.172208 0.198962 157 97 0
0.597454 -0.169355 0.195948 157 97 0
0.594237 -0.165038 0.19378 157 97 0
0.593651 -0.159104 0.193846 157 97 0
0.593584 -0.153385 0.194745 157 97 0
0.595688 -0.148543 0.197578 157 97 0
0.599044 -0.145113 0.20114 157 97 0
0.602919 -0.144017 0.205368 157 97 0
0.606828 -0.146089 0.209024 157 97 0
0.60961 -0.150849 0.211077 157 97 0
0.610463 -0.156592 0.210748 157 97 0
0.607928 -0.161058 0.207733 157 97 0
0.604498 -0.164038 0.203994 157 97 0
0.60036 -0.162158 0.200201 157 97 0
0.596884 -0.159363 0.197002 157 97 0
0.594466 -0.154136 0.195318 157 97 0
0.592938 -0.148396 0.194678 157 97 0
0.594258 -0.14339 0.196765 157 97 0
0.595185 -0.138094 0.199019 157 97 0
0.598001 -0.135469 0.202849 157 97 0
0.601953 -0.134091 0.206863 157 97 0
0.605243 -0.135856 0.210967 157 97 0
0.607739 -0.139366 0.213004 157 97 0
0.610306 -0.14398 0.214172 157 97 0
0.609392 -0.14908 0.212475 157 97 0
0.607238 -0.152605 0.20944 157 97 0
0.60356 -0.153909 0.205345 157 97 0
0.59991 -0.152413 0.201552 157 97 0
0.597165 -0.148702 0.198704 157 97 0
0.595533 -0.144388 0.197238 157 97 0
0.594305 -0.139011 0.196778 158 96 0
0.594431 -0.133699 0.197932 158 96 0
0.59513 -0.128958 0.199944 158 96 0
0.596508 -0.126331 0.202082 158 96 0
0.598156 -0.125977 0.204837 158 96 0
0.600329 -0.124415 0.208479 158 96 0
0.602029 -0.125205 0.210433 158 96 0
0.605421 -0.127865 0.21346 158 96 0
0.608933 -0.130584 0.216284 158 96 0
0.612669 -0.133218 0.218898 158 96 0
0.616614 -0.135426 0.221574 158 96 0
0.61039 -0.136207 0.229362 158 96 0
0.663048 -0.137529 0.255922 158 96 0
0.667155 -0.136668 0.246845 158 96 0
0.668027 -0.141935 0.245047 158 96 0
0.668238 -0.146566 0.244612 158 96 0
0.668379 -0.151214 0.244287 158 96 0
0.668464 -0.155868 0.244025 158 96 0
0.668545 -0.160528 0.243929 158 96 0
0.668604 -0.16519 0.243958 158 96 0
0.668569 -0.169852 0.243993 158 96 0
0.668547 -0.174511 0.24402 158 96 0
0.668649 -0.179725 0.243813 158 96 0
0.669477 -0.184377 0.2432 158 96 0
0.669975 -0.189083 0.242649 158 96 0
0.670532 -0.19379 0.242155 158 96 0
0.671058 -0.198509 0.241758 158 96 0
0.671408 -0.203254 0.241575 158 96 0
0.671513 -0.208016 0.241583 158 96 0
0.671488 -0.21278 0.241689 158 96 0
0.671532 -0.217543 0.241803 158 96 0
0.671627 -0.222307 0.241757 158 96 0
0.671634 -0.22707 0.24178 158 96 0
0.671507 -0.22198 0.242225 158 96 0
0.671504 -0.216672 0.241829 158 96 0
0.671447 -0.211354 0.241644 158 96 0
0.671107 -0.206049 0.241391 158 96 0
0.670808 -0.200737 0.241491 158 96 0
0.670277 -0.195454 0.24186 158 96 0
0.669615 -0.190201 0.242399 158 96 0
0.669115 -0.184976 0.243167 158 96 0
0.668649 -0.179725 0.243813 158 96 0
0.668546 -0.174995 0.243819 158 96 0
0.668578 -0.170266 0.243968 158 96 0
0.668603 -0.165535 0.243961 158 96 0
0.66855 -0.160804 0.243931 158 96 0
0.668467 -0.156075 0.244016 158 96 0
0.668382 -0.151352 0.244277 158 96 0
0.668243 -0.146635 0.244609 158 96 0
0.668027 -0.141935 0.245047 158 96 0
0.665858 -0.124349 0.247971 158 96 0
0.670885 -0.125665 0.249982 158 96 0
0.675343 -0.128155 0.251366 158 96 0
0.678638 -0.131961 0.251893 158 96 0
0.681175 -0.137263 0.252181 158 96 0
0.680623 -0.14304 0.251199 158 96 0
0.67734 -0.14663 0.248941 158 96 0
0.672999 -0.149152 0.246653 158 96 0
0.668154 -0.146894 0.244688 158 96 0
0.664613 -0.142076 0.243418 158 96 0
0.665451 -0.137012 0.244513 158 96 0
0.666189 -0.131395 0.245398 158 96 0
0.670245 -0.127986 0.247901 158 96 0
0.675182 -0.125977 0.250539 158 96 0
0.680656 -0.126043 0.253257 158 96 0
0.685487 -0.128193 0.255346 158 96 0
0.688844 -0.133123 0.256348 158 96 0
0.690536 -0.138769 0.256456 159 95 0
0.690472 -0.144436 0.255593 159 95 0
0.686603 -0.14817 0.252931 159 95 0
0.681695 -0.149168 0.250185 159 95 0
0.677077 -0.146394 0.248308 159 95 0
0.674983 -0.140918 0.248163 159 95 0
0.675036 -0.134999 0.249243 159 95 0
0.677954 -0.13035 0.251851 159 95 0
0.681582 -0.127949 0.254419 159 95 0
0.685836 -0.126116 0.257009 159 95 0
0.68966 -0.127551 0.257788 159 95 0
0.694068 -0.130047 0.258712 159 95 0
0.697176 -0.134319 0.258762 159 95 0
0.699122 -0.139582 0.258576 159 95 0
0.69828 -0.144749 0.257103 159 95 0
0.696385 -0.150218 0.255651 159 95 0
0.692456 -0.154105 0.253642 159 95 0
0.687302 -0.155388 0.251069 159 95 0
0.683136 -0.153927 0.249548 159 95 0
0.679375 -0.150305 0.248518 159 95 0
0.677603 -0.145283 0.248364 159 95 0
0.679469 -0.139781 0.249734 159 95 0
0.684004 -0.137381 0.25211 159 95 0
0.689213 -0.135856 0.254348 159 95 0
0.693444 -0.139438 0.255917 159 95 0
0.697537 -0.143198 0.257504 159 95 0
0.699472 -0.148815 0.257745 159 95 0
0.699611 -0.15478 0.257078 159 95 0
0.696778 -0.159461 0.255176 159 95 0
0.693537 -0.164243 0.25353 159 95 0
0.688638 -0.166629 0.251053 159 95 0
0.68365 -0.164931 0.248768 159 95 0
0.679632 -0.160824 0.247124 159 95 0
0.67822 -0.155308 0.246787 159 95 0
0.680399 -0.150857 0.247966 159 95 0
0.685087 -0.14785 0.250198 159 95 0
0.690046 -0.147215 0.252463 159 95 0
0.694337 -0.150792 0.254307 159 95 0
0.698774 -0.154162 0.256125 159 95 0
0.700202 -0.15977 0.256479 159 95 0
0.699955 -0.165752 0.256045 159 95 0
0.697267 -0.170791 0.254525 159 95 0
0.69327 -0.174419 0.252634 159 95 0
0.688284 -0.176518 0.250205 159 95 0
0.683029 -0.174949 0.248099 159 95 0
0.678965 -0.171056 0.246301 159 95 0
0.678575 -0.165245 0.246401 159 95 0
0.681426 -0.160663 0.247819 159 95 0
0.685856 -0.158673 0.249756 159 95 0
0.69098 -0.158173 0.251875 159 95 0
0.695659 -0.16132 0.253609 159 95 0
0.698894 -0.16622 0.254354 159 95 0
0.700579 -0.171811 0.254437 159 95 0
0.700174 -0.177487 0.253724 159 95 0
0.697627 -0.182685 0.252242 159 95 0
0.693706 -0.186182 0.250418 159 95 0
0.688163 -0.186471 0.248276 159 95 0
0.6828 -0.186041 0.246814 159 95 0
0.67956 -0.181962 0.246519 159 95 0
0.678384 -0.176281 0.246667 159 95 0
0.680481 -0.172414 0.247891 159 95 0
0.683779 -0.169396 0.249013 159 95 0
0.688851 -0.168987 0.250487 159 95 0
0.693409 -0.170008 0.251927 159 95 0
0.697658 -0.172482 0.252701 159 95 0
0.701283 -0.175906 0.253488 159 95 0
0.702212 -0.181605 0.25288 159 95 0
0.701853 -0.187071 0.251544 160 94 0
0.700157 -0.192114 0.250457 160 94 0
0.696863 -0.196246 0.249216 160 94 0
0.692482 -0.198607 0.247753 160 94 0
0.68704 -0.197762 0.245944 160 94 0
0.682618 -0.193783 0.245302 160 94 0
0.67916 -0.189211 0.244511 160 94 0
0.680659 -0.183927 0.245523 160 94 0
0.685164 -0.180495 0.247479 160 94 0
0.690536 -0.179198 0.249114 160 94 0
0.695896 -0.180921 0.250955 160 94 0
0.699478 -0.185041 0.251588 160 94 0
0.7027 -0.190017 0.252358 160 94 0
0.703156 -0.195879 0.252053 160 94 0
0.701864 -0.201645 0.251285 160 94 0
0.698574 -0.206276 0.249667 160 94 0
0.693451 -0.208389 0.247537 160 94 0
0.687963 -0.208276 0.245254 160 94 0
0.683198 -0.205683 0.243858 160 94 0
0.681884 -0.199933 0.243697 160 94 0
0.683259 -0.194379 0.24433 160 94 0
0.687377 -0.190651 0.245838 160 94 0
0.69298 -0.191028 0.247903 160 94 0
0.698313 -0.192481 0.250052 160 94 0
0.701555 -0.197135 0.251215 160 94 0
0.703465 -0.20263 0.251962 160 94 0
0.703723 -0.208616 0.252072 160 94 0
0.700784 -0.213363 0.250769 160 94 0
0.696479 -0.217105 0.248972 160 94 0
0.691487 -0.219169 0.247129 160 94 0
0.686364 -0.218109 0.244981 160 94 0
0.682295 -0.214046 0.243411 160 94 0
0.682297 -0.208174 0.243373 160 94 0
0.684761 -0.203013 0.244184 160 94 0
0.689847 -0.200998 0.246022 160 94 0
0.695351 -0.201103 0.248394 160 94 0
0.69938 -0.204564 0.249987 160 94 0
0.702304 -0.209679 0.2511 160 94 0
0.703722 -0.215138 0.251598 160 94 0
0.703339 -0.220995 0.251433 160 94 0
0.699905 -0.225733 0.250146 160 94 0
0.694988 -0.228498 0.248392 160 94 0
0.689486 -0.229271 0.246624 160 94 0
0.684284 -0.227509 0.244428 160 94 0
0.682234 -0.22272 0.243731 160 94 0
0.682703 -0.217473 0.243903 160 94 0
0.68656 -0.213259 0.245417 160 94 0
0.691682 -0.211031 0.247139 160 94 0
0.696726 -0.213276 0.248638 160 94 0
0.701724 -0.215994 0.250483 160 94 0
0.704027 -0.220955 0.250919 160 94 0
0.705095 -0.226274 0.251039 160 94 0
0.704787 -0.232124 0.250682 160 94 0
0.701476 -0.236303 0.248858 160 94 0
0.697968 -0.240619 0.247152 160 94 0
0.69255 -0.240679 0.244734 160 94 0
0.687604 -0.239378 0.243445 160 94 0
0.684434 -0.235646 0.243085 160 94 0
0.682224 -0.230636 0.243606 160 94 0
0.684387 -0.22635 0.2456 160 94 0
0.687888 -0.222346 0.246908 160 94 0
0.692913 -0.222463 0.248199 160 94 0
0.698699 -0.222775 0.249082 160 94 0
0.702997 -0.22687 0.250395 160 94 0
0.704986 -0.232258 0.250865 160 94 0
0.705255 -0.238096 0.250718 160 94 0
0.70309 -0.243277 0.24945 160 94 0
0.69818 -0.245919 0.24702 160 94 0
0.692716 -0.246328 0.244683 161 93 0
0.687739 -0.243445 0.24303 161 93 0
0.684882 -0.238178 0.242427 161 93 0
0.683175 -0.232876 0.242441 161 93 0
0.685023 -0.22736 0.244124 161 93 0
0.688182 -0.223925 0.246472 161 93 0
0.692697 -0.222463 0.248572 161 93 0
0.697918 -0.222732 0.24939 161 93 0
0.701677 -0.224587 0.250091 161 93 0
0.704625 -0.228023 0.250418 161 93 0
0.705494 -0.232144 0.250172 161 93 0
0.704217 -0.23658 0.24935 161 93 0
0.701203 -0.239902 0.248221 161 93 0
0.695926 -0.240642 0.24628 161 93 0
0.69064 -0.240158 0.244743 161 93 0
0.68649 -0.236049 0.243692 161 93 0
0.683937 -0.232261 0.243816 161 93 0
0.681551 -0.227075 0.243717 161 93 0
0.683316 -0.222255 0.244977 161 93 0
0.68587 -0.217444 0.245655 161 93 0
0.689853 -0.214267 0.246601 161 93 0
0.694888 -0.212834 0.248176 161 93 0
0.700105 -0.214613 0.249728 161 93 0
0.703763 -0.217761 0.250798 161 93 0
0.70543 -0.223191 0.251549 161 93 0
0.702568 -0.227967 0.250373 161 93 0
0.698259 -0.230605 0.248837 161 93 0
0.694198 -0.232188 0.247736 161 93 0
0.689053 -0.230051 0.24627 161 93 0
0.685181 -0.225752 0.244927 161 93 0
0.681438 -0.221504 0.243449 161 93 0
0.681804 -0.215533 0.243752 161 93 0
0.684341 -0.210454 0.244717 161 93 0
0.687615 -0.205642 0.245678 161 93 0
0.692455 -0.202664 0.24693 161 93 0
0.697497 -0.20457 0.248594 161 93 0
0.702755 -0.205903 0.250863 161 93 0
0.704126 -0.210913 0.251395 161 93 0
0.703612 -0.216851 0.251577 161 93 0
0.700348 -0.221344 0.250602 161 93 0
0.695136 -0.222639 0.248667 161 93 0
0.689769 -0.221459 0.246623 161 93 0
0.685309 -0.217866 0.245097 161 93 0
0.682228 -0.213156 0.243817 161 93 0
0.681834 -0.207236 0.243689 161 93 0
0.683262 -0.20168 0.244119 161 93 0
0.68622 -0.1966 0.245156 161 93 0
0.691461 -0.19432 0.246937 161 93 0
0.696698 -0.193376 0.249039 161 93 0
0.701439 -0.196442 0.250737 161 93 0
0.703684 -0.201535 0.251269 161 93 0
0.703959 -0.207502 0.251493 161 93 0
0.700246 -0.211607 0.250028 161 93 0
0.695076 -0.212841 0.248127 161 93 0
0.689703 -0.211597 0.246015 161 93 0
0.685093 -0.208376 0.244528 161 93 0
0.682876 -0.202838 0.243975 161 93 0
0.681818 -0.197092 0.243942 161 93 0
0.683617 -0.191567 0.245042 161 93 0
0.686362 -0.187106 0.24613 161 93 0
0.691195 -0.184264 0.248214 161 93 0
0.696796 -0.184398 0.250342 161 93 0
0.701448 -0.187096 0.252106 161 93 0
0.703225 -0.192709 0.252284 161 93 0
0.702531 -0.198249 0.251647 161 93 0
0.698262 -0.201383 0.249668 161 93 0
0.693045 -0.202743 0.247925 161 93 0
0.687833 -0.201041 0.246074 162 92 0
0.683629 -0.197087 0.244818 162 92 0
0.68127 -0.191672 0.244381 162 92 0
0.681027 -0.185704 0.244859 162 92 0
0.682635 -0.180267 0.24611 162 92 0
0.686536 -0.176424 0.248187 162 92 0
0.691401 -0.174103 0.250243 162 92 0
0.696729 -0.175729 0.252241 162 92 0
0.701383 -0.178181 0.253715 162 92 0
0.702099 -0.184018 0.253402 162 92 0
0.70108 -0.189823 0.252567 162 92 0
0.696436 -0.192645 0.250502 162 92 0
0.691326 -0.193551 0.24858 162 92 0
0.686261 -0.190891 0.246798 162 92 0
0.682998 -0.18602 0.245891 162 92 0
0.680065 -0.18092 0.245003 162 92 0
0.680847 -0.175554 0.246028 162 92 0
0.683084 -0.170215 0.247558 162 92 0
0.686407 -0.166587 0.249201 162 92 0
0.691362 -0.164392 0.251421 162 92 0
0.696585 -0.165855 0.253499 162 92 0
0.700589 -0.169028 0.254767 162 92 0
0.701616 -0.174346 0.254909 162 92 0
0.700432 -0.179856 0.254262 162 92 0
0.695831 -0.182579 0.252083 162 92 0
0.690798 -0.184214 0.250039 162 92 0
0.686022 -0.18181 0.248287 162 92 0
0.682152 -0.177495 0.246947 162 92 0
0.678996 -0.172532 0.245836 162 92 0
0.679568 -0.166865 0.246605 162 92 0
0.681791 -0.161469 0.247965 162 92 0
0.68498 -0.156813 0.249458 162 92 0
0.690164 -0.155746 0.251871 162 92 0
0.695715 -0.155862 0.254091 162 92 0
0.699127 -0.16017 0.255394 162 92 0
0.700057 -0.165649 0.255553 162 92 0
0.698052 -0.171022 0.254517 162 92 0
0.693535 -0.17414 0.252471 162 92 0
0.688037 -0.173981 0.250098 162 92 0
0.683343 -0.171017 0.248383 162 92 0
0.680565 -0.166059 0.247477 162 92 0
0.678196 -0.161077 0.2468 162 92 0
0.678777 -0.155303 0.247441 162 92 0
0.681322 -0.150097 0.248949 162 92 0
0.685357 -0.146525 0.250958 162 92 0
0.690785 -0.145831 0.253316 162 92 0
0.696032 -0.146468 0.255644 162 92 0
0.699747 -0.150924 0.256979 162 92 0
0.700113 -0.156861 0.25638 162 92 0
0.698236 -0.161909 0.255148 162 92 0
0.693729 -0.164238 0.253079 162 92 0
0.688269 -0.164095 0.250613 162 92 0
0.683538 -0.161817 0.249017 162 92 0
0.680479 -0.156728 0.248234 162 92 0
0.677818 -0.152008 0.247567 162 92 0
0.677777 -0.146086 0.248356 162 92 0
0.680115 -0.141318 0.250235 162 92 0
0.68389 -0.137312 0.252583 162 92 0
0.68898 -0.135944 0.255049 162 92 0
0.694076 -0.136609 0.256783 162 92 0
0.697951 -0.140749 0.257968 162 92 0
0.700199 -0.145236 0.257818 162 92 0
0.699613 -0.150878 0.256849 162 92 0
0.696267 -0.154016 0.254837 162 92 0
0.691576 -0.155648 0.252716 162 92 0
0.686658 -0.15407 0.250809 162 92 0
0.682103 -0.151144 0.249244 162 92 0
0.679525 -0.1466 0.249289 163 91 0
0.6773 -0.14167 0.2493 163 91 0
0.676838 -0.135976 0.249995 163 91 0
0.678564 -0.131532 0.251898 163 91 0
0.682197 -0.128553 0.254672 163 91 0
0.685899 -0.126116 0.2569 163 91 0
0.68351 -0.127434 0.255465 163 91 0
0.680101 -0.129428 0.253329 163 91 0
0.676677 -0.131412 0.251207 163 91 0
0.673239 -0.133434 0.249144 163 91 0
0.669789 -0.13544 0.247085 163 91 0
0.665752 -0.136367 0.256187 163 91 0
0.612143 -0.13736 0.23039 163 91 0
0.618381 -0.136651 0.222607 163 91 0
0.618381 -0.136651 0.222607 163 91 0
0.618848 -0.141779 0.221908 163 91 0
0.619321 -0.146415 0.22122 163 91 0
0.619708 -0.151075 0.220653 163 91 0
0.620043 -0.155747 0.220158 163 91 0
0.620283 -0.160436 0.219802 163 91 0
0.620423 -0.165139 0.219599 163 91 0
0.620487 -0.169849 0.21952 163 91 0
0.620454 -0.174558 0.219568 163 91 0
0.620012 -0.180065 0.218777 163 91 0
0.619867 -0.184764 0.217658 163 91 0
0.619652 -0.189427 0.216404 163 91 0
0.619451 -0.194095 0.215168 163 91 0
0.619285 -0.198802 0.214093 163 91 0
0.61904 -0.203537 0.213162 163 91 0
0.618633 -0.208287 0.212379 163 91 0
0.618067 -0.213043 0.211733 163 91 0
0.617408 -0.217793 0.211136 163 91 0
0.616761 -0.222542 0.210519 163 91 0
0.615973 -0.227269 0.209933 163 91 0
0.616639 -0.221985 0.210832 163 91 0
0.617456 -0.217309 0.211208 163 91 0
0.618125 -0.212628 0.211785 163 91 0
0.618672 -0.207939 0.212428 163 91 0
0.619059 -0.203258 0.213213 163 91 0
0.619428 -0.198636 0.214282 163 91 0
0.619791 -0.194061 0.215554 163 91 0
0.620008 -0.189475 0.216821 163 91 0
0.620356 -0.184981 0.218361 163 91 0
0.620578 -0.180025 0.219416 163 91 0
0.62057 -0.17522 0.219396 163 91 0
0.620503 -0.170417 0.219497 163 91 0
0.620417 -0.165614 0.21961 163 91 0
0.620283 -0.160815 0.219802 163 91 0
0.620058 -0.156029 0.220135 163 91 0
0.619725 -0.151261 0.220628 163 91 0
0.619335 -0.146506 0.2212 163 91 0
0.618848 -0.141779 0.221908 163 91 0
0.617496 -0.124352 0.223826 163 91 0
0.622298 -0.125954 0.226007 163 91 0
0.625164 -0.129988 0.226947 163 91 0
0.627113 -0.135237 0.227321 163 91 0
0.625911 -0.140362 0.2258 163 91 0
0.62346 -0.145237 0.22373 163 91 0
0.619127 -0.147002 0.220517 163 91 0
0.614862 -0.149005 0.217474 163 91 0
0.610343 -0.146591 0.214589 163 91 0
0.606033 -0.144533 0.212103 163 91 0
0.602907 -0.139636 0.210484 163 91 0
0.602628 -0.133831 0.210905 163 91 0
0.604071 -0.128167 0.212301 163 91 0
0.607684 -0.1247 0.215133 163 91 0
0.612291 -0.125605 0.218441 163 91 0
0.615814 -0.129902 0.220546 163 91 0
0.617369 -0.13548 0.221061 164 90 0
0.615723 -0.140445 0.219167 164 90 0
0.614134 -0.144879 0.217231 164 90 0
0.610119 -0.14718 0.213391 164 90 0
0.605807 -0.149126 0.209782 164 90 0
0.602064 -0.146682 0.20625 164 90 0
0.598453 -0.143122 0.202985 164 90 0
0.595907 -0.139104 0.200644 164 90 0
0.595119 -0.133357 0.200182 164 90 0
0.595474 -0.12863 0.201214 164 90 0
0.597858 -0.125984 0.204339 164 90 0
0.600463 -0.124415 0.208247 164 90 0
0.602829 -0.125977 0.211339 164 90 0
0.606079 -0.129112 0.213928 164 90 0
0.608617 -0.133166 0.215154 164 90 0
0.609063 -0.139109 0.214686 164 90 0
0.609008 -0.14474 0.213101 164 90 0
0.607479 -0.149053 0.210532 164 90 0
0.604723 -0.152306 0.206749 164 90 0
0.600598 -0.152356 0.202462 164 90 0
0.596859 -0.150995 0.198536 164 90 0
0.593927 -0.147172 0.1962 164 90 0
0.592162 -0.141735 0.195698 164 90 0
0.594394 -0.137057 0.198362 164 90 0
0.597323 -0.134248 0.202091 164 90 0
0.601593 -0.134124 0.206254 164 90 0
0.605087 -0.137686 0.209163 164 90 0
0.608062 -0.142116 0.211166 164 90 0
0.609907 -0.147369 0.211636 164 90 0
0.608918 -0.152871 0.209886 164 90 0
0.607009 -0.15788 0.207288 164 90 0
0.6034 -0.160781 0.20373 164 90 0
0.599578 -0.161599 0.199948 164 90 0
0.595712 -0.160174 0.196385 164 90 0
0.592881 -0.155475 0.194247 164 90 0
0.592655 -0.149639 0.194651 164 90 0
0.593993 -0.145088 0.196641 164 90 0
0.597717 -0.142552 0.200164 164 90 0
0.602226 -0.143541 0.20378 164 90 0
0.605668 -0.147496 0.206471 164 90 0
0.608078 -0.152653 0.20787 164 90 0
0.60871 -0.158526 0.207609 164 90 0
0.608276 -0.164162 0.206309 164 90 0
0.605368 -0.168174 0.203279 164 90 0
0.601414 -0.170759 0.199627 164 90 0
0.597248 -0.170965 0.195355 164 90 0
0.59349 -0.167505 0.192521 164 90 0
0.591948 -0.161977 0.191423 164 90 0
0.591582 -0.156037 0.191907 164 90 0
0.594416 -0.152348 0.194531 164 90 0
0.598563 -0.150915 0.198333 164 90 0
0.602811 -0.153164 0.201843 164 90 0
0.60518 -0.157886 0.203756 164 90 0
0.607513 -0.163103 0.205027 164 90 0
0.608 -0.16901 0.204397 164 90 0
0.607076 -0.174538 0.202792 164 90 0
0.603562 -0.177711 0.199204 164 90 0
0.599708 -0.178434 0.194964 164 90 0
0.595459 -0.17742 0.191008 164 90 0
0.592065 -0.174041 0.188341 164 90 0
0.590784 -0.168598 0.187715 164 90 0
0.592184 -0.16357 0.189426 164 90 0
0.595469 -0.160966 0.193325 164 90 0
0.599501 -0.16082 0.197709 164 90 0
0.603823 -0.163056 0.201095 164 90 0
0.606182 -0.167949 0.202976 164 90 0
0.607227 -0.173699 0.203405 164 90 0
0.606538 -0.179105 0.201888 165 89 0
0.604704 -0.183983 0.199122 165 89 0
0.602015 -0.186814 0.195009 165 89 0
0.598632 -0.187949 0.191039 165 89 0
0.594881 -0.1868 0.186979 165 89 0
0.592378 -0.182537 0.184186 165 89 0
0.590241 -0.178447 0.183064 165 89 0
0.591866 -0.173624 0.184737 165 89 0
0.593088 -0.170697 0.187617 165 89 0
0.595393 -0.168553 0.190153 165 89 0
0.597878 -0.16844 0.194204 165 89 0
0.599934 -0.170901 0.196994 165 89 0
0.602842 -0.173154 0.199575 165 89 0
0.605195 -0.177876 0.201304 165 89 0
0.606903 -0.183279 0.201616 165 89 0
0.606309 -0.188787 0.200086 165 89 0
0.604786 -0.193405 0.197257 165 89 0
0.602493 -0.1961 0.193332 165 89 0
0.598915 -0.197971 0.189198 165 89 0
0.594783 -0.196719 0.185273 165 89 0
0.592767 -0.192566 0.183269 165 89 0
0.590437 -0.187542 0.182334 165 89 0
0.592255 -0.183031 0.18457 165 89 0
0.595103 -0.180353 0.188271 165 89 0
0.599064 -0.178607 0.192182 165 89 0
0.602666 -0.181978 0.195471 165 89 0
0.605903 -0.185963 0.198088 165 89 0
0.607937 -0.191439 0.199432 165 89 0
0.607685 -0.197132 0.198699 165 89 0
0.606218 -0.202594 0.196745 165 89 0
0.603893 -0.207057 0.193808 165 89 0
0.599884 -0.208165 0.189657 165 89 0
0.59566 -0.207032 0.185758 165 89 0
0.591891 -0.203746 0.182787 165 89 0
0.591245 -0.198225 0.182384 165 89 0
0.592584 -0.192601 0.183792 165 89 0
0.596797 -0.191208 0.187574 165 89 0
0.601008 -0.190612 0.191556 165 89 0
0.604365 -0.193994 0.194765 165 89 0
0.607565 -0.198313 0.19742 165 89 0
0.608723 -0.203969 0.198545 165 89 0
0.607803 -0.209823 0.197823 165 89 0
0.605979 -0.215207 0.195995 165 89 0
0.603024 -0.219356 0.193308 165 89 0
0.598704 -0.220552 0.189491 165 89 0
0.594759 -0.21793 0.185982 165 89 0
0.592369 -0.213196 0.183373 165 89 0
0.591522 -0.207429 0.182591 165 89 0
0.594695 -0.203217 0.185106 165 89 0
0.597894 -0.200075 0.188117 165 89 0
0.602039 -0.201996 0.191703 165 89 0
0.605705 -0.205102 0.195164 165 89 0
0.608218 -0.210017 0.197395 165 89 0
0.608841 -0.215786 0.198288 165 89 0
0.607291 -0.221479 0.197272 165 89 0
0.60449 -0.225985 0.19489 165 89 0
0.60204 -0.230489 0.192454 165 89 0
0.597722 -0.229938 0.188395 165 89 0
0.593643 -0.227448 0.184777 165 89 0
0.591487 -0.222875 0.182574 165 89 0
0.592508 -0.217313 0.183264 165 89 0
0.595092 -0.21267 0.185972 165 89 0
0.599405 -0.211698 0.189939 165 89 0
0.603277 -0.213545 0.193687 165 89 0
0.606801 -0.216875 0.196922 165 89 0
0.608667 -0.222323 0.198509 165 89 0
0.60882 -0.228297 0.198439 165 89 0
0.607148 -0.23362 0.196655 166 88 0
0.605128 -0.238494 0.193909 166 88 0
0.601448 -0.240133 0.190074 166 88 0
0.597766 -0.240897 0.186613 166 88 0
0.594096 -0.238796 0.183101 166 88 0
0.59204 -0.23491 0.181269 166 88 0
0.592075 -0.22894 0.181556 166 88 0
0.59424 -0.22451 0.183975 166 88 0
0.596784 -0.222495 0.187511 166 88 0
0.599801 -0.222927 0.191345 166 88 0
0.603636 -0.224083 0.195155 166 88 0
0.607881 -0.226716 0.197386 166 88 0
0.609352 -0.232468 0.197722 166 88 0
0.609054 -0.238357 0.196743 166 88 0
0.606409 -0.242851 0.19409 166 88 0
0.603053 -0.246343 0.190629 166 88 0
0.598554 -0.246343 0.186976 166 88 0
0.594489 -0.242994 0.183996 166 88 0
0.591681 -0.238365 0.182048 166 88 0
0.59174 -0.232307 0.182229 166 88 0
0.593995 -0.227121 0.184183 166 88 0
0.59666 -0.222434 0.186908 166 88 0
0.600134 -0.222927 0.190768 166 88 0
0.603217 -0.222683 0.195136 166 88 0
0.605686 -0.224894 0.197383 166 88 0
0.607672 -0.228906 0.198691 166 88 0
0.60907 -0.234138 0.198447 166 88 0
0.608272 -0.23803 0.196331 166 88 0
0.60499 -0.239833 0.193106 166 88 0
0.601876 -0.242378 0.189805 166 88 0
0.598188 -0.239417 0.18654 166 88 0
0.59457 -0.236706 0.183679 166 88 0
0.592942 -0.231357 0.182441 166 88 0
0.592235 -0.226057 0.182345 166 88 0
0.593697 -0.220788 0.183938 166 88 0
0.596163 -0.216633 0.186539 166 88 0
0.59905 -0.213059 0.190082 166 88 0
0.603256 -0.212769 0.194339 166 88 0
0.606715 -0.215554 0.197828 166 88 0
0.608786 -0.21937 0.199903 166 88 0
0.608341 -0.224353 0.199321 166 88 0
0.606919 -0.229449 0.197346 166 88 0
0.603381 -0.231749 0.193972 166 88 0
0.599961 -0.230571 0.190567 166 88 0
0.596377 -0.228011 0.186878 166 88 0
0.593766 -0.223517 0.184263 166 88 0
0.592823 -0.217789 0.183335 166 88 0
0.593638 -0.211957 0.184023 166 88 0
0.595823 -0.206886 0.186187 166 88 0
0.599098 -0.203186 0.189181 166 88 0
0.603191 -0.203091 0.193478 166 88 0
0.607397 -0.204336 0.197456 166 88 0
0.609278 -0.209569 0.199535 166 88 0
0.609706 -0.215276 0.200214 166 88 0
0.607491 -0.220242 0.19826 166 88 0
0.603524 -0.222151 0.194584 166 88 0
0.599379 -0.222302 0.190758 166 88 0
0.596357 -0.218207 0.187564 166 88 0
0.594197 -0.213039 0.185409 166 88 0
0.593631 -0.207173 0.184849 166 88 0
0.594375 -0.201421 0.185684 166 88 0
0.596526 -0.196329 0.18786 166 88 0
0.600413 -0.193438 0.191414 166 88 0
0.604614 -0.193224 0.195313 166 88 0
0.608405 -0.196118 0.19891 166 88 0
0.609977 -0.201466 0.2006 166 88 0
0.610183 -0.206964 0.200348 166 88 0
0.607597 -0.210917 0.197677 166 88 0
0.603699 -0.212474 0.193898 167 87 0
0.599407 -0.210607 0.190344 167 87 0
0.596066 -0.20655 0.187495 167 87 0
0.593901 -0.201154 0.186024 167 87 0
0.59318 -0.195316 0.185836 167 87 0
0.594571 -0.189812 0.187393 167 87 0
0.598086 -0.186328 0.190692 167 87 0
0.601413 -0.182854 0.194167 167 87 0
0.605425 -0.184189 0.198084 167 87 0
0.609581 -0.186415 0.201487 167 87 0
0.611313 -0.191726 0.202779 167 87 0
0.610104 -0.197119 0.201534 167 87 0
0.607631 -0.201482 0.198434 167 87 0
0.603366 -0.202825 0.194651 167 87 0
0.599524 -0.200207 0.191248 167 87 0
0.596248 -0.195969 0.188807 167 87 0
0.594198 -0.190459 0.187618 167 87 0
0.593864 -0.184526 0.188179 167 87 0
0.595614 -0.179298 0.190113 167 87 0
0.598868 -0.175796 0.193469 167 87 0
0.602691 -0.174151 0.197563 167 87 0
0.606768 -0.175307 0.201437 167 87 0
0.609797 -0.179745 0.203827 167 87 0
0.610726 -0.185409 0.203889 167 87 0
0.608197 -0.190033 0.20129 167 87 0
0.604403 -0.192652 0.197587 167 87 0
0.600285 -0.190924 0.193831 167 87 0
0.596463 -0.187351 0.190947 167 87 0
0.594011 -0.182666 0.189456 167 87 0
0.593417 -0.176811 0.189744 167 87 0
0.594324 -0.171052 0.19118 167 87 0
0.596668 -0.166721 0.193787 167 87 0
0.60039 -0.164065 0.197583 167 87 0
0.604794 -0.164092 0.201669 167 87 0
0.608368 -0.167012 0.205017 167 87 0
0.610906 -0.171949 0.206864 167 87 0
0.610574 -0.17771 0.205899 167 87 0
0.60747 -0.181537 0.202744 167 87 0
0.603268 -0.182463 0.19882 167 87 0
0.599336 -0.181079 0.195347 167 87 0
0.596085 -0.176869 0.192989 167 87 0
0.594375 -0.171184 0.192122 167 87 0
0.593568 -0.165296 0.192304 167 87 0
0.594893 -0.15984 0.19435 167 87 0
0.597887 -0.15581 0.197464 167 87 0
0.601809 -0.154062 0.201435 167 87 0
0.605838 -0.154956 0.205207 167 87 0
0.609048 -0.159259 0.207897 167 87 0
0.610197 -0.164757 0.208347 167 87 0
0.608951 -0.170095 0.206358 167 87 0
0.605603 -0.172375 0.20306 167 87 0
0.601247 -0.172208 0.198962 167 87 0
0.597454 -0.169355 0.195948 167 87 0
0.594237 -0.165038 0.19378 167 87 0
0.593651 -0.159104 0.193846 167 87 0
0.593584 -0.153385 0.194745 167 87 0
0.595688 -0.148543 0.197578 167 87 0
0.599044 -0.145113 0.20114 167 87 0
0.602919 -0.144017 0.205368 167 87 0
0.606828 -0.146089 0.209024 167 87 0
0.60961 -0.150849 0.211077 167 87 0
0.610463 -0.156592 0.210748 167 87 0
0.607928 -0.161058 0.207733 167 87 0
0.604498 -0.164038 0.203994 167 87 0
0.60036 -0.162158 0.200201 167 87 0
0.596884 -0.159363 0.197002 167 87 0
0.594466 -0.154136 0.195318 167 87 0
0.592938 -0.148396 0.194678 168 86 0
0.594258 -0.14339 0.196765 168 86 0
0.595185 -0.138094 0.199019 168 86 0
0.598001 -0.135469 0.202849 168 86 0
0.601953 -0.134091 0.206863 168 86 0
0.605243 -0.135856 0.210967 168 86 0
0.607739 -0.139366 0.213004 168 86 0
0.610306 -0.14398 0.214172 168 86 0
0.609392 -0.14908 0.212475 168 86 0
0.607238 -0.152605 0.20944 168 86 0
0.60356 -0.153909 0.205345 168 86 0
0.59991 -0.152413 0.201552 168 86 0
0.597165 -0.148702 0.198704 168 86 0
0.595533 -0.144388 0.197238 168 86 0
0.594305 -0.139011 0.196778 168 86 0
0.594431 -0.133699 0.197932 168 86 0
0.59513 -0.128958 0.199944 168 86 0
0.596508 -0.126331 0.202082 168 86 0
0.598156 -0.125977 0.204837 168 86 0
0.600329 -0.124415 0.208479 168 86 0
0.602029 -0.125205 0.210433 168 86 0
0.605421 -0.127865 0.21346 168 86 0
0.608933 -0.130584 0.216284 168 86 0
0.612669 -0.133218 0.218898 168 86 0
0.616614 -0.135426 0.221574 168 86 0
0.61039 -0.136207 0.229362 168 86 0
0.663048 -0.137529 0.255922 168 86 0
0.667155 -0.136668 0.246845 168 86 0
0.668027 -0.141935 0.245047 168 86 0
0.668238 -0.146566 0.244612 168 86 0
0.668379 -0.151214 0.244287 168 86 0
0.668464 -0.155868 0.244025 168 86 0
0.668545 -0.160528 0.243929 168 86 0
0.668604 -0.16519 0.243958 168 86 0
0.668569 -0.169852 0.243993 168 86 0
0.668547 -0.174511 0.24402 168 86 0
0.668649 -0.179725 0.243813 168 86 0
0.669477 -0.184377 0.2432 168 86 0
0.669975 -0.189083 0.242649 168 86 0
0.670532 -0.19379 0.242155 168 86 0
0.671058 -0.198509 0.241758 168 86 0
0.671408 -0.203254 0.241575 168 86 0
0.671513 -0.208016 0.241583 168 86 0
0.671488 -0.21278 0.241689 168 86 0
0.671532 -0.217543 0.241803 168 86 0
0.671627 -0.222307 0.241757 168 86 0
0.671634 -0.22707 0.24178 168 86 0
0.671507 -0.22198 0.242225 168 86 0
0.671504 -0.216672 0.241829 168 86 0
0.671447 -0.211354 0.241644 168 86 0
0.671107 -0.206049 0.241391 168 86 0
0.670808 -0.200737 0.241491 168 86 0
0.670277 -0.195454 0.24186 168 86 0
0.669615 -0.190201 0.242399 168 86 0
0.669115 -0.184976 0.243167 168 86 0
0.668649 -0.179725 0.243813 168 86 0
0.668546 -0.174995 0.243819 168 86 0
0.668578 -0.170266 0.243968 168 86 0
0.668603 -0.165535 0.243961 168 86 0
0.66855 -0.160804 0.243931 168 86 0
0.668467 -0.156075 0.244016 168 86 0
0.668382 -0.151352 0.244277 168 86 0
0.668243 -0.146635 0.244609 168 86 0
0.668027 -0.141935 0.245047 168 86 0
0.665858 -0.124349 0.247971 168 86 0
0.670885 -0.125665 0.249982 168 86 0
0.675343 -0.128155 0.251366 168 86 0
0.678638 -0.131961 0.251893 169 85 0
0.681175 -0.137263 0.252181 169 85 0
0.680623 -0.14304 0.251199 169 85 0
0.67734 -0.14663 0.248941 169 85 0
0.672999 -0.149152 0.246653 169 85 0
0.668154 -0.146894 0.244688 169 85 0
0.664613 -0.142076 0.243418 169 85 0
0.665451 -0.137012 0.244513 169 85 0
0.666189 -0.131395 0.245398 169 85 0
0.670245 -0.127986 0.247901 169 85 0
0.675182 -0.125977 0.250539 169 85 0
0.680656 -0.126043 0.253257 169 85 0
0.685487 -0.128193 0.255346 169 85 0
0.688844 -0.133123 0.256348 169 85 0
0.690536 -0.138769 0.256456 169 85 0
0.690472 -0.144436 0.255593 169 85 0
0.686603 -0.14817 0.252931 169 85 0
0.681695 -0.149168 0.250185 169 85 0
0.677077 -0.146394 0.248308 169 85 0
0.674983 -0.140918 0.248163 169 85 0
0.675036 -0.134999 0.249243 169 85 0
0.677954 -0.13035 0.251851 169 85 0
0.681582 -0.127949 0.254419 169 85 0
0.685836 -0.126116 0.257009 169 85 0
0.68966 -0.127551 0.257788 169 85 0
0.694068 -0.130047 0.258712 169 85 0
0.697176 -0.134319 0.258762 169 85 0
0.699122 -0.139582 0.258576 169 85 0
0.69828 -0.144749 0.257103 169 85 0
0.696385 -0.150218 0.255651 169 85 0
0.692456 -0.154105 0.253642 169 85 0
0.687302 -0.155388 0.251069 169 85 0
0.683136 -0.153927 0.249548 169 85 0
0.679375 -0.150305 0.248518 169 85 0
0.677603 -0.145283 0.248364 169 85 0
0.679469 -0.139781 0.249734 169 85 0
0.684004 -0.137381 0.25211 169 85 0
0.689213 -0.135856 0.254348 169 85 0
0.693444 -0.139438 0.255917 169 85 0
0.697537 -0.143198 0.257504 169 85 0
0.699472 -0.148815 0.257745 169 85 0
0.699611 -0.15478 0.257078 169 85 0
0.696778 -0.159461 0.255176 169 85 0
0.693537 -0.164243 0.25353 169 85 0
0.688638 -0.166629 0.251053 169 85 0
0.68365 -0.164931 0.248768 169 85 0
0.679632 -0.160824 0.247124 169 85 0
0.67822 -0.155308 0.246787 169 85 0
0.680399 -0.150857 0.247966 169 85 0
0.685087 -0.14785 0.250198 169 85 0
0.690046 -0.147215 0.252463 169 85 0
0.694337 -0.150792 0.254307 169 85 0
0.698774 -0.154162 0.256125 169 85 0
0.700202 -0.15977 0.256479 169 85 0
0.699955 -0.165752 0.256045 169 85 0
0.697267 -0.170791 0.254525 169 85 0
0.69327 -0.174419 0.252634 169 85 0
0.688284 -0.176518 0.250205 169 85 0
0.683029 -0.174949 0.248099 169 85 0
0.678965 -0.171056 0.246301 169 85 0
0.678575 -0.165245 0.246401 169 85 0
0.681426 -0.160663 0.247819 169 85 0
0.685856 -0.158673 0.249756 169 85 0
0.69098 -0.158173 0.251875 169 85 0
0.695659 -0.16132 0.253609 169 85 0
0.698894 -0.16622 0.254354 169 85 0
0.700579 -0.171811 0.254437 169 85 0
0.700174 -0.177487 0.253724 169 85 0
0.697627 -0.182685 0.252242 170 84 0
0.693706 -0.186182 0.250418 170 84 0
0.688163 -0.186471 0.248276 170 84 0
0.6828 -0.186041 0.246814 170 84 0
0.67956 -0.181962 0.246519 170 84 0
0.678384 -0.176281 0.246667 170 84 0
0.680481 -0.172414 0.247891 170 84 0
0.683779 -0.169396 0.249013 170 84 0
0.688851 -0.168987 0.250487 170 84 0
0.693409 -0.170008 0.251927 170 84 0
0.697658 -0.172482 0.252701 170 84 0
0.701283 -0.175906 0.253488 170 84 0
0.702212 -0.181605 0.25288 170 84 0
0.701853 -0.187071 0.251544 170 84 0
0.700157 -0.192114 0.250457 170 84 0
0.696863 -0.196246 0.249216 170 84 0
0.692482 -0.198607 0.247753 170 84 0
0.68704 -0.197762 0.245944 170 84 0
0.682618 -0.193783 0.245302 170 84 0
0.67916 -0.189211 0.244511 170 84 0
0.680659 -0.183927 0.245523 170 84 0
0.685164 -0.180495 0.247479 170 84 0
0.690536 -0.179198 0.249114 170 84 0
0.695896 -0.180921 0.250955 170 84 0
0.699478 -0.185041 0.251588 170 84 0
0.7027 -0.190017 0.252358 170 84 0
0.703156 -0.195879 0.252053 170 84 0
0.701864 -0.201645 0.251285 170 84 0
0.698574 -0.206276 0.249667 170 84 0
0.693451 -0.208389 0.247537 170 84 0
0.687963 -0.208276 0.245254 170 84 0
0.683198 -0.205683 0.243858 170 84 0
0.681884 -0.199933 0.243697 170 84 0
0.683259 -0.194379 0.24433 170 84 0
0.687377 -0.190651 0.245838 170 84 0
0.69298 -0.191028 0.247903 170 84 0
0.698313 -0.192481 0.250052 170 84 0
0.701555 -0.197135 0.251215 170 84 0
0.703465 -0.20263 0.251962 170 84 0
0.703723 -0.208616 0.252072 170 84 0
0.700784 -0.213363 0.250769 170 84 0
0.696479 -0.217105 0.248972 170 84 0
0.691487 -0.219169 0.247129 170 84 0
0.686364 -0.218109 0.244981 170 84 0
0.682295 -0.214046 0.243411 170 84 0
0.682297 -0.208174 0.243373 170 84 0
0.684761 -0.203013 0.244184 170 84 0
0.689847 -0.200998 0.246022 170 84 0
0.695351 -0.201103 0.248394 170 84 0
0.69938 -0.204564 0.249987 170 84 0
0.702304 -0.209679 0.2511 170 84 0
0.703722 -0.215138 0.251598 170 84 0
0.703339 -0.220995 0.251433 170 84 0
0.699905 -0.225733 0.250146 170 84 0
0.694988 -0.228498 0.248392 170 84 0
0.689486 -0.229271 0.246624 170 84 0
0.684284 -0.227509 0.244428 170 84 0
0.682234 -0.22272 0.243731 170 84 0
0.682703 -0.217473 0.243903 170 84 0
0.68656 -0.213259 0.245417 170 84 0
0.691682 -0.211031 0.247139 170 84 0
0.696726 -0.213276 0.248638 170 84 0
0.701724 -0.215994 0.250483 170 84 0
0.704027 -0.220955 0.250919 170 84 0
0.705095 -0.226274 0.251039 170 84 0
0.704787 -0.232124 0.250682 170 84 0
0.701476 -0.236303 0.248858 170 84 0
0.697968 -0.240619 0.247152 171 83 0
0.69255 -0.240679 0.244734 171 83 0
0.687604 -0.239378 0.243445 171 83 0
0.684434 -0.235646 0.243085 171 83 0
0.682224 -0.230636 0.243606 171 83 0
0.684387 -0.22635 0.2456 171 83 0
0.687888 -0.222346 0.246908 171 83 0
0.692913 -0.222463 0.248199 171 83 0
0.698699 -0.222775 0.249082 171 83 0
0.702997 -0.22687 0.250395 171 83 0
0.704986 -0.232258 0.250865 171 83 0
0.705255 -0.238096 0.250718 171 83 0
0.70309 -0.243277 0.24945 171 83 0
0.69818 -0.245919 0.24702 171 83 0
0.692716 -0.246328 0.244683 171 83 0
0.687739 -0.243445 0.24303 171 83 0
0.684882 -0.238178 0.242427 171 83 0
0.683175 -0.232876 0.242441 171 83 0
0.685023 -0.22736 0.244124 171 83 0
0.688182 -0.223925 0.246472 171 83 0
0.692697 -0.222463 0.248572 171 83 0
0.697918 -0.222732 0.24939 171 83 0
0.701677 -0.224587 0.250091 171 83 0
0.704625 -0.228023 0.250418 171 83 0
0.705494 -0.232144 0.250172 171 83 0
0.704217 -0.23658 0.24935 171 83 0
0.701203 -0.239902 0.248221 171 83 0
0.695926 -0.240642 0.24628 171 83 0
0.69064 -0.240158 0.244743 171 83 0
0.68649 -0.236049 0.243692 171 83 0
0.683937 -0.232261 0.243816 171 83 0
0.681551 -0.227075 0.243717 171 83 0
0.683316 -0.222255 0.244977 171 83 0
0.68587 -0.217444 0.245655 171 83 0
0.689853 -0.214267 0.246601 171 83 0
0.694888 -0.212834 0.248176 171 83 0
0.700105 -0.214613 0.249728 171 83 0
0.703763 -0.217761 0.250798 171 83 0
0.70543 -0.223191 0.251549 171 83 0
0.702568 -0.227967 0.250373 171 83 0
0.698259 -0.230605 0.248837 171 83 0
0.694198 -0.232188 0.247736 171 83 0
0.689053 -0.230051 0.24627 171 83 0
0.685181 -0.225752 0.244927 171 83 0
0.681438 -0.221504 0.243449 171 83 0
0.681804 -0.215533 0.243752 171 83 0
0.684341 -0.210454 0.244717 171 83 0
0.687615 -0.205642 0.245678 171 83 0
0.692455 -0.202664 0.24693 171 83 0
0.697497 -0.20457 0.248594 171 83 0
0.702755 -0.205903 0.250863 171 83 0
0.704126 -0.210913 0.251395 171 83 0
0.703612 -0.216851 0.251577 171 83 0
0.700348 -0.221344 0.250602 171 83 0
0.695136 -0.222639 0.248667 171 83 0
0.689769 -0.221459 0.246623 171 83 0
0.685309 -0.217866 0.245097 171 83 0
0.682228 -0.213156 0.243817 171 83 0
0.681834 -0.207236 0.243689 171 83 0
0.683262 -0.20168 0.244119 171 83 0
0.68622 -0.1966 0.245156 171 83 0
0.691461 -0.19432 0.246937 171 83 0
0.696698 -0.193376 0.249039 171 83 0
0.701439 -0.196442 0.250737 171 83 0
0.703684 -0.201535 0.251269 171 83 0
0.703959 -0.207502 0.251493 171 83 0
0.700246 -0.211607 0.250028 171 83 0
0.695076 -0.212841 0.248127 171 83 0
0.689703 -0.211597 0.246015 172 82 0
0.685093 -0.208376 0.244528 172 82 0
0.682876 -0.202838 0.243975 172 82 0
0.681818 -0.197092 0.243942 172 82 0
0.683617 -0.191567 0.245042 172 82 0
0.686362 -0.187106 0.24613 172 82 0
0.691195 -0.184264 0.248214 172 82 0
0.696796 -0.184398 0.250342 172 82 0
0.701448 -0.187096 0.252106 172 82 0
0.703225 -0.192709 0.252284 172 82 0
0.702531 -0.198249 0.251647 172 82 0
0.698262 -0.201383 0.249668 172 82 0
0.693045 -0.202743 0.247925 172 82 0
0.687833 -0.201041 0.246074 172 82 0
0.683629 -0.197087 0.244818 172 82 0
0.68127 -0.191672 0.244381 172 82 0
0.681027 -0.185704 0.244859 172 82 0
0.682635 -0.180267 0.24611 172 82 0
0.686536 -0.176424 0.248187 172 82 0
0.691401 -0.174103 0.250243 172 82 0
0.696729 -0.175729 0.252241 172 82 0
0.701383 -0.178181 0.253715 172 82 0
0.702099 -0.184018 0.253402 172 82 0
0.70108 -0.189823 0.252567 172 82 0
0.696436 -0.192645 0.250502 172 82 0
0.691326 -0.193551 0.24858 172 82 0
0.686261 -0.190891 0.246798 172 82 0
0.682998 -0.18602 0.245891 172 82 0
0.680065 -0.18092 0.245003 172 82 0
0.680847 -0.175554 0.246028 172 82 0
0.683084 -0.170215 0.247558 172 82 0
0.686407 -0.166587 0.249201 172 82 0
0.691362 -0.164392 0.251421 172 82 0
0.696585 -0.165855 0.253499 172 82 0
0.700589 -0.169028 0.254767 172 82 0
0.701616 -0.174346 0.254909 172 82 0
0.700432 -0.179856 0.254262 172 82 0
0.695831 -0.182579 0.252083 172 82 0
0.690798 -0.184214 0.250039 172 82 0
0.686022 -0.18181 0.248287 172 82 0
0.682152 -0.177495 0.246947 172 82 0
0.678996 -0.172532 0.245836 172 82 0
0.679568 -0.166865 0.246605 172 82 0
0.681791 -0.161469 0.247965 172 82 0
0.68498 -0.156813 0.249458 172 82 0
0.690164 -0.155746 0.251871 172 82 0
0.695715 -0.155862 0.254091 172 82 0
0.699127 -0.16017 0.255394 172 82 0
0.700057 -0.165649 0.255553 172 82 0
0.698052 -0.171022 0.254517 172 82 0
0.693535 -0.17414 0.252471 172 82 0
0.688037 -0.173981 0.250098 172 82 0
0.683343 -0.171017 0.248383 172 82 0
0.680565 -0.166059 0.247477 172 82 0
0.678196 -0.161077 0.2468 172 82 0
0.678777 -0.155303 0.247441 172 82 0
0.681322 -0.150097 0.248949 172 82 0
0.685357 -0.146525 0.250958 172 82 0
0.690785 -0.145831 0.253316 172 82 0
0.696032 -0.146468 0.255644 172 82 0
0.699747 -0.150924 0.256979 172 82 0
0.700113 -0.156861 0.25638 172 82 0
0.698236 -0.161909 0.255148 172 82 0
0.693729 -0.164238 0.253079 172 82 0
0.688269 -0.164095 0.250613 172 82 0
0.683538 -0.161817 0.249017 172 82 0
0.680479 -0.156728 0.248234 172 82 0
0.677818 -0.152008 0.247567 173 81 0
0.677777 -0.146086 0.248356 173 81 0
0.680115 -0.141318 0.250235 173 81 0
0.68389 -0.137312 0.252583 173 81 0
0.68898 -0.135944 0.255049 173 81 0
0.694076 -0.136609 0.256783 173 81 0
0.697951 -0.140749 0.257968 173 81 0
0.700199 -0.145236 0.257818 173 81 0
0.699613 -0.150878 0.256849 173 81 0
0.696267 -0.154016 0.254837 173 81 0
0.691576 -0.155648 0.252716 173 81 0
0.686658 -0.15407 0.250809 173 81 0
0.682103 -0.151144 0.249244 173 81 0
0.679525 -0.1466 0.249289 173 81 0
0.6773 -0.14167 0.2493 173 81 0
0.676838 -0.135976 0.249995 173 81 0
0.678564 -0.131532 0.251898 173 81 0
0.682197 -0.128553 0.254672 173 81 0
0.685899 -0.126116 0.2569 173 81 0
0.68351 -0.127434 0.255465 173 81 0
0.680101 -0.129428 0.253329 173 81 0
0.676677 -0.131412 0.251207 173 81 0
0.673239 -0.133434 0.249144 173 81 0
0.669789 -0.13544 0.247085 173 81 0
0.665752 -0.136367 0.256187 173 81 0
0.612143 -0.13736 0.23039 173 81 0
0.618381 -0.136651 0.222607 173 81 0
0.618381 -0.136651 0.222607 173 81 0
0.618848 -0.141779 0.221908 173 81 0
0.619321 -0.146415 0.22122 173 81 0
0.619708 -0.151075 0.220653 173 81 0
0.620043 -0.155747 0.220158 173 81 0
0.620283 -0.160436 0.219802 173 81 0
0.620423 -0.165139 0.219599 173 81 0
0.620487 -0.169849 0.21952 173 81 0
0.620454 -0.174558 0.219568 173 81 0
0.620012 -0.180065 0.218777 173 81 0
0.619867 -0.184764 0.217658 173 81 0
0.619652 -0.189427 0.216404 173 81 0
0.619451 -0.194095 0.215168 173 81 0
0.619285 -0.198802 0.214093 173 81 0
0.61904 -0.203537 0.213162 173 81 0
0.618633 -0.208287 0.212379 173 81 0
0.618067 -0.213043 0.211733 173 81 0
0.617408 -0.217793 0.211136 173 81 0
0.616761 -0.222542 0.210519 173 81 0
0.615973 -0.227269 0.209933 173 81 0
0.616639 -0.221985 0.210832 173 81 0
0.617456 -0.217309 0.211208 173 81 0
0.618125 -0.212628 0.211785 173 81 0
0.618672 -0.207939 0.212428 173 81 0
0.619059 -0.203258 0.213213 173 81 0
0.619428 -0.198636 0.214282 173 81 0
0.619791 -0.194061 0.215554 173 81 0
0.620008 -0.189475 0.216821 173 81 0
0.620356 -0.184981 0.218361 173 81 0
0.620578 -0.180025 0.219416 173 81 0
0.62057 -0.17522 0.219396 173 81 0
0.620503 -0.170417 0.219497 173 81 0
0.620417 -0.165614 0.21961 173 81 0
0.620283 -0.160815 0.219802 173 81 0
0.620058 -0.156029 0.220135 173 81 0
0.619725 -0.151261 0.220628 173 81 0
0.619335 -0.146506 0.2212 173 81 0
0.618848 -0.141779 0.221908 173 81 0
0.617496 -0.124352 0.223826 173 81 0
0.622298 -0.125954 0.226007 173 81 0
0.625164 -0.129988 0.226947 174 80 0
0.627113 -0.135237 0.227321 174 80 0
0.625911 -0.140362 0.2258 174 80 0
0.62346 -0.145237 0.22373 174 80 0
0.619127 -0.147002 0.220517 174 80 0
0.614862 -0.149005 0.217474 174 80 0
0.610343 -0.146591 0.214589 174 80 0
0.606033 -0.144533 0.212103 174 80 0
0.602907 -0.139636 0.210484 174 80 0
0.602628 -0.133831 0.210905 174 80 0
0.604071 -0.128167 0.212301 174 80 0
0.607684 -0.1247 0.215133 174 80 0
0.612291 -0.125605 0.218441 174 80 0
0.615814 -0.129902 0.220546 174 80 0
0.617369 -0.13548 0.221061 174 80 0
0.615723 -0.140445 0.219167 174 80 0
0.614134 -0.144879 0.217231 174 80 0
0.610119 -0.14718 0.213391 174 80 0
0.605807 -0.149126 0.209782 174 80 0
0.602064 -0.146682 0.20625 174 80 0
0.598453 -0.143122 0.202985 174 80 0
0.595907 -0.139104 0.200644 174 80 0
0.595119 -0.133357 0.200182 174 80 0
0.595474 -0.12863 0.201214 174 80 0
0.597858 -0.125984 0.204339 174 80 0
0.600463 -0.124415 0.208247 174 80 0
0.602829 -0.125977 0.211339 174 80 0
0.606079 -0.129112 0.213928 174 80 0
0.608617 -0.133166 0.215154 174 80 0
0.609063 -0.139109 0.214686 174 80 0
0.609008 -0.14474 0.213101 174 80 0
0.607479 -0.149053 0.210532 174 80 0
0.604723 -0.152306 0.206749 174 80 0
0.600598 -0.152356 0.202462 174 80 0
0.596859 -0.150995 0.198536 174 80 0
0.593927 -0.147172 0.1962 174 80 0
0.592162 -0.141735 0.195698 174 80 0
0.594394 -0.137057 0.198362 174 80 0
0.597323 -0.134248 0.202091 174 80 0
0.601593 -0.134124 0.206254 174 80 0
0.605087 -0.137686 0.209163 174 80 0
0.608062 -0.142116 0.211166 174 80 0
0.609907 -0.147369 0.211636 174 80 0
0.608918 -0.152871 0.209886 174 80 0
0.607009 -0.15788 0.207288 174 80 0
0.6034 -0.160781 0.20373 174 80 0
0.599578 -0.161599 0.199948 174 80 0
0.595712 -0.160174 0.196385 174 80 0
0.592881 -0.155475 0.194247 174 80 0
0.592655 -0.149639 0.194651 174 80 0
0.593993 -0.145088 0.196641 174 80 0
0.597717 -0.142552 0.200164 174 80 0
0.602226 -0.143541 0.20378 174 80 0
0.605668 -0.147496 0.206471 174 80 0
0.608078 -0.152653 0.20787 174 80 0
0.60871 -0.158526 0.207609 174 80 0
0.608276 -0.164162 0.206309 174 80 0
0.605368 -0.168174 0.203279 174 80 0
0.601414 -0.170759 0.199627 174 80 0
0.597248 -0.170965 0.195355 174 80 0
0.59349 -0.167505 0.192521 174 80 0
0.591948 -0.161977 0.191423 174 80 0
0.591582 -0.156037 0.191907 174 80 0
0.594416 -0.152348 0.194531 174 80 0
0.598563 -0.150915 0.198333 174 80 0
0.602811 -0.153164 0.201843 174 80 0
0.60518 -0.157886 0.203756 174 80 0
0.607513 -0.163103 0.205027 174 80 0
0.608 -0.16901 0.204397 175 79 0
0.607076 -0.174538 0.202792 175 79 0
0.603562 -0.177711 0.199204 175 79 0
0.599708 -0.178434 0.194964 175 79 0
0.595459 -0.17742 0.191008 175 79 0
0.592065 -0.174041 0.188341 175 79 0
0.590784 -0.168598 0.187715 175 79 0
0.592184 -0.16357 0.189426 175 79 0
0.595469 -0.160966 0.193325 175 79 0
0.599501 -0.16082 0.197709 175 79 0
0.603823 -0.163056 0.201095 175 79 0
0.606182 -0.167949 0.202976 175 79 0
0.607227 -0.173699 0.203405 175 79 0
0.606538 -0.179105 0.201888 175 79 0
0.604704 -0.183983 0.199122 175 79 0
0.602015 -0.186814 0.195009 175 79 0
0.598632 -0.187949 0.191039 175 79 0
0.594881 -0.1868 0.186979 175 79 0
0.592378 -0.182537 0.184186 175 79 0
0.590241 -0.178447 0.183064 175 79 0
0.591866 -0.173624 0.184737 175 79 0
0.593088 -0.170697 0.187617 175 79 0
0.595393 -0.168553 0.190153 175 79 0
0.597878 -0.16844 0.194204 175 79 0
0.599934 -0.170901 0.196994 175 79 0
0.602842 -0.173154 0.199575 175 79 0
0.605195 -0.177876 0.201304 175 79 0
0.606903 -0.183279 0.201616 175 79 0
0.606309 -0.188787 0.200086 175 79 0
0.604786 -0.193405 0.197257 175 79 0
0.602493 -0.1961 0.193332 175 79 0
0.598915 -0.197971 0.189198 175 79 0
0.594783 -0.196719 0.185273 175 79 0
0.592767 -0.192566 0.183269 175 79 0
0.590437 -0.187542 0.182334 175 79 0
0.592255 -0.183031 0.18457 175 79 0
0.595103 -0.180353 0.188271 175 79 0
0.599064 -0.178607 0.192182 175 79 0
0.602666 -0.181978 0.195471 175 79 0
0.605903 -0.185963 0.198088 175 79 0
0.607937 -0.191439 0.199432 175 79 0
0.607685 -0.197132 0.198699 175 79 0
0.606218 -0.202594 0.196745 175 79 0
0.603893 -0.207057 0.193808 175 79 0
0.599884 -0.208165 0.189657 175 79 0
0.59566 -0.207032 0.185758 175 79 0
0.591891 -0.203746 0.182787 175 79 0
0.591245 -0.198225 0.182384 175 79 0
0.592584 -0.192601 0.183792 175 79 0
0.596797 -0.191208 0.187574 175 79 0
0.601008 -0.190612 0.191556 175 79 0
0.604365 -0.193994 0.194765 175 79 0
0.607565 -0.198313 0.19742 175 79 0
0.608723 -0.203969 0.198545 175 79 0
0.607803 -0.209823 0.197823 175 79 0
0.605979 -0.215207 0.195995 175 79 0
0.603024 -0.219356 0.193308 175 79 0
0.598704 -0.220552 0.189491 175 79 0
0.594759 -0.21793 0.185982 175 79 0
0.592369 -0.213196 0.183373 175 79 0
0.591522 -0.207429 0.182591 175 79 0
0.594695 -0.203217 0.185106 175 79 0
0.597894 -0.200075 0.188117 175 79 0
0.602039 -0.201996 0.191703 175 79 0
0.605705 -0.205102 0.195164 175 79 0
0.608218 -0.210017 0.197395 175 79 0
0.608841 -0.215786 0.198288 175 79 0
0.607291 -0.221479 0.197272 176 78 0
0.60449 -0.225985 0.19489 176 78 0
0.60204 -0.230489 0.192454 176 78 0
0.597722 -0.229938 0.188395 176 78 0
0.593643 -0.227448 0.184777 176 78 0
0.591487 -0.222875 0.182574 176 78 0
0.592508 -0.217313 0.183264 176 78 0
0.595092 -0.21267 0.185972 176 78 0
0.599405 -0.211698 0.189939 176 78 0
0.603277 -0.213545 0.193687 176 78 0
0.606801 -0.216875 0.196922 176 78 0
0.608667 -0.222323 0.198509 176 78 0
0.60882 -0.228297 0.198439 176 78 0
0.607148 -0.23362 0.196655 176 78 0
0.605128 -0.238494 0.193909 176 78 0
0.601448 -0.240133 0.190074 176 78 0
0.597766 -0.240897 0.186613 176 78 0
0.594096 -0.238796 0.183101 176 78 0
0.59204 -0.23491 0.181269 176 78 0
0.592075 -0.22894 0.181556 176 78 0
0.59424 -0.22451 0.183975 176 78 0
0.596784 -0.222495 0.187511 176 78 0
0.599801 -0.222927 0.191345 176 78 0
0.603636 -0.224083 0.195155 176 78 0
0.607881 -0.226716 0.197386 176 78 0
0.609352 -0.232468 0.197722 176 78 0
0.609054 -0.238357 0.196743 176 78 0
0.606409 -0.242851 0.19409 176 78 0
0.603053 -0.246343 0.190629 176 78 0
0.598554 -0.246343 0.186976 176 78 0
0.594489 -0.242994 0.183996 176 78 0
0.591681 -0.238365 0.182048 176 78 0
0.59174 -0.232307 0.182229 176 78 0
0.593995 -0.227121 0.184183 176 78 0
0.59666 -0.222434 0.186908 176 78 0
0.600134 -0.222927 0.190768 176 78 0
0.603217 -0.222683 0.195136 176 78 0
0.605686 -0.224894 0.197383 176 78 0
0.607672 -0.228906 0.198691 176 78 0
0.60907 -0.234138 0.198447 176 78 0
0.608272 -0.23803 0.196331 176 78 0
0.60499 -0.239833 0.193106 176 78 0
0.601876 -0.242378 0.189805 176 78 0
0.598188 -0.239417 0.18654 176 78 0
0.59457 -0.236706 0.183679 176 78 0
0.592942 -0.231357 0.182441 176 78 0
0.592235 -0.226057 0.182345 176 78 0
0.593697 -0.220788 0.183938 176 78 0
0.596163 -0.216633 0.186539 176 78 0
0.59905 -0.213059 0.190082 176 78 0
0.603256 -0.212769 0.194339 176 78 0
0.606715 -0.215554 0.197828 176 78 0
0.608786 -0.21937 0.199903 176 78 0
0.608341 -0.224353 0.199321 176 78 0
0.606919 -0.229449 0.197346 176 78 0
0.603381 -0.231749 0.193972 176 78 0
0.599961 -0.230571 0.190567 176 78 0
0.596377 -0.228011 0.186878 176 78 0
0.593766 -0.223517 0.184263 176 78 0
0.592823 -0.217789 0.183335 176 78 0
0.593638 -0.211957 0.184023 176 78 0
0.595823 -0.206886 0.186187 176 78 0
0.599098 -0.203186 0.189181 176 78 0
0.603191 -0.203091 0.193478 176 78 0
0.607397 -0.204336 0.197456 176 78 0
0.609278 -0.209569 0.199535 176 78 0
0.609706 -0.215276 0.200214 176 78 0
0.607491 -0.220242 0.19826 177 77 0
0.603524 -0.222151 0.194584 177 77 0
0.599379 -0.222302 0.190758 177 77 0
0.596357 -0.218207 0.187564 177 77 0
0.594197 -0.213039 0.185409 177 77 0
0.593631 -0.207173 0.184849 177 77 0
0.594375 -0.201421 0.185684 177 77 0
0.596526 -0.196329 0.18786 177 77 0
0.600413 -0.193438 0.191414 177 77 0
0.604614 -0.193224 0.195313 177 77 0
0.608405 -0.196118 0.19891 177 77 0
0.609977 -0.201466 0.2006 177 77 0
0.610183 -0.206964 0.200348 177 77 0
0.607597 -0.210917 0.197677 177 77 0
0.603699 -0.212474 0.193898 177 77 0
0.599407 -0.210607 0.190344 177 77 0
0.596066 -0.20655 0.187495 177 77 0
0.593901 -0.201154 0.186024 177 77 0
0.59318 -0.195316 0.185836 177 77 0
0.594571 -0.189812 0.187393 177 77 0
0.598086 -0.186328 0.190692 177 77 0
0.601413 -0.182854 0.194167 177 77 0
0.605425 -0.184189 0.198084 177 77 0
0.609581 -0.186415 0.201487 177 77 0
0.611313 -0.191726 0.202779 177 77 0
0.610104 -0.197119 0.201534 177 77 0
0.607631 -0.201482 0.198434 177 77 0
0.603366 -0.202825 0.194651 177 77 0
0.599524 -0.200207 0.191248 177 77 0
0.596248 -0.195969 0.188807 177 77 0
0.594198 -0.190459 0.187618 177 77 0
0.593864 -0.184526 0.188179 177 77 0
0.595614 -0.179298 0.190113 177 77 0
0.598868 -0.175796 0.193469 177 77 0
0.602691 -0.174151 0.197563 177 77 0
0.606768 -0.175307 0.201437 177 77 0
0.609797 -0.179745 0.203827 177 77 0
0.610726 -0.185409 0.203889 177 77 0
0.608197 -0.190033 0.20129 177 77 0
0.604403 -0.192652 0.197587 177 77 0
0.600285 -0.190924 0.193831 177 77 0
0.596463 -0.187351 0.190947 177 77 0
0.594011 -0.182666 0.189456 177 77 0
0.593417 -0.176811 0.189744 177 77 0
0.594324 -0.171052 0.19118 177 77 0
0.596668 -0.166721 0.193787 177 77 0
0.60039 -0.164065 0.197583 177 77 0
0.604794 -0.164092 0.201669 177 77 0
0.608368 -0.167012 0.205017 177 77 0
0.610906 -0.171949 0.206864 177 77 0
0.610574 -0.17771 0.205899 177 77 0
0.60747 -0.181537 0.202744 177 77 0
0.603268 -0.182463 0.19882 177 77 0
0.599336 -0.181079 0.195347 177 77 0
0.596085 -0.176869 0.192989 177 77 0
0.594375 -0.171184 0.192122 177 77 0
0.593568 -0.165296 0.192304 177 77 0
0.594893 -0.15984 0.19435 177 77 0
0.597887 -0.15581 0.197464 177 77 0
0.601809 -0.154062 0.201435 177 77 0
0.605838 -0.154956 0.205207 177 77 0
0.609048 -0.159259 0.207897 177 77 0
0.610197 -0.164757 0.208347 177 77 0
0.608951 -0.170095 0.206358 177 77 0
0.605603 -0.172375 0.20306 177 77 0
0.601247 -0.172208 0.198962 177 77 0
0.597454 -0.169355 0.195948 177 77 0
0.594237 -0.165038 0.19378 177 77 0
0.593651 -0.159104 0.193846 178 76 0
0.593584 -0.153385 0.194745 178 76 0
0.595688 -0.148543 0.197578 178 76 0
0.599044 -0.145113 0.20114 178 76 0
0.602919 -0.144017 0.205368 178 76 0
0.606828 -0.146089 0.209024 178 76 0
0.60961 -0.150849 0.211077 178 76 0
0.610463 -0.156592 0.210748 178 76 0
0.607928 -0.161058 0.207733 178 76 0
0.604498 -0.164038 0.203994 178 76 0
0.60036 -0.162158 0.200201 178 76 0
0.596884 -0.159363 0.197002 178 76 0
0.594466 -0.154136 0.195318 178 76 0
0.592938 -0.148396 0.194678 178 76 0
0.594258 -0.14339 0.196765 178 76 0
0.595185 -0.138094 0.199019 178 76 0
0.598001 -0.135469 0.202849 178 76 0
0.601953 -0.134091 0.206863 178 76 0
0.605243 -0.135856 0.210967 178 76 0
0.607739 -0.139366 0.213004 178 76 0
0.610306 -0.14398 0.214172 178 76 0
0.609392 -0.14908 0.212475 178 76 0
0.607238 -0.152605 0.20944 178 76 0
0.60356 -0.153909 0.205345 178 76 0
0.59991 -0.152413 0.201552 178 76 0
0.597165 -0.148702 0.198704 178 76 0
0.595533 -0.144388 0.197238 178 76 0
0.594305 -0.139011 0.196778 178 76 0
0.594431 -0.133699 0.197932 178 76 0
0.59513 -0.128958 0.199944 178 76 0
0.596508 -0.126331 0.202082 178 76 0
0.598156 -0.125977 0.204837 178 76 0
0.600329 -0.124415 0.208479 178 76 0
0.602029 -0.125205 0.210433 178 76 0
0.605421 -0.127865 0.21346 178 76 0
0.608933 -0.130584 0.216284 178 76 0
0.612669 -0.133218 0.218898 178 76 0
0.616614 -0.135426 0.221574 178 76 0
0.61039 -0.136207 0.229362 178 76 0
0.663048 -0.137529 0.255922 178 76 0
0.667155 -0.136668 0.246845 178 76 0
0.668027 -0.141935 0.245047 178 76 0
0.668238 -0.146566 0.244612 178 76 0
0.668379 -0.151214 0.244287 178 76 0
0.668464 -0.155868 0.244025 178 76 0
0.668545 -0.160528 0.243929 178 76 0
0.668604 -0.16519 0.243958 178 76 0
0.668569 -0.169852 0.243993 178 76 0
0.668547 -0.174511 0.24402 178 76 0
0.668649 -0.179725 0.243813 178 76 0
0.669477 -0.184377 0.2432 178 76 0
0.669975 -0.189083 0.242649 178 76 0
0.670532 -0.19379 0.242155 178 76 0
0.671058 -0.198509 0.241758 178 76 0
0.671408 -0.203254 0.241575 178 76 0
0.671513 -0.208016 0.241583 178 76 0
0.671488 -0.21278 0.241689 178 76 0
0.671532 -0.217543 0.241803 178 76 0
0.671627 -0.222307 0.241757 178 76 0
0.671634 -0.22707 0.24178 178 76 0
0.671507 -0.22198 0.242225 178 76 0
0.671504 -0.216672 0.241829 178 76 0
0.671447 -0.211354 0.241644 178 76 0
0.671107 -0.206049 0.241391 178 76 0
0.670808 -0.200737 0.241491 178 76 0
0.670277 -0.195454 0.24186 178 76 0
0.669615 -0.190201 0.242399 178 76 0
0.669115 -0.184976 0.243167 179 75 0
0.668649 -0.179725 0.243813 179 75 0
0.668546 -0.174995 0.243819 179 75 0
0.668578 -0.170266 0.243968 179 75 0
0.668603 -0.165535 0.243961 179 75 0
0.66855 -0.160804 0.243931 179 75 0
0.668467 -0.156075 0.244016 179 75 0
0.668382 -0.151352 0.244277 179 75 0
0.668243 -0.146635 0.244609 179 75 0
0.668027 -0.141935 0.245047 179 75 0
0.665858 -0.124349 0.247971 179 75 0
0.670885 -0.125665 0.249982 179 75 0
0.675343 -0.128155 0.251366 179 75 0
0.678638 -0.131961 0.251893 179 75 0
0.681175 -0.137263 0.252181 179 75 0
0.680623 -0.14304 0.251199 179 75 0
0.67734 -0.14663 0.248941 179 75 0
0.672999 -0.149152 0.246653 179 75 0
0.668154 -0.146894 0.244688 179 75 0
0.664613 -0.142076 0.243418 179 75 0
0.665451 -0.137012 0.244513 179 75 0
0.666189 -0.131395 0.245398 179 75 0
0.670245 -0.127986 0.247901 179 75 0
0.675182 -0.125977 0.250539 179 75 0
0.680656 -0.126043 0.253257 179 75 0
0.685487 -0.128193 0.255346 179 75 0
0.688844 -0.133123 0.256348 179 75 0
0.690536 -0.138769 0.256456 179 75 0
0.690472 -0.144436 0.255593 179 75 0
0.686603 -0.14817 0.252931 179 75 0
0.681695 -0.149168 0.250185 179 75 0
0.677077 -0.146394 0.248308 179 75 0
0.674983 -0.140918 0.248163 179 75 0
0.675036 -0.134999 0.249243 179 75 0
0.677954 -0.13035 0.251851 179 75 0
0.681582 -0.127949 0.254419 179 75 0
0.685836 -0.126116 0.257009 179 75 0
0.68966 -0.127551 0.257788 179 75 0
0.694068 -0.130047 0.258712 179 75 0
0.697176 -0.134319 0.258762 179 75 0
0.699122 -0.139582 0.258576 179 75 0
0.69828 -0.144749 0.257103 179 75 0
0.696385 -0.150218 0.255651 179 75 0
0.692456 -0.154105 0.253642 179 75 0
0.687302 -0.155388 0.251069 179 75 0
0.683136 -0.153927 0.249548 179 75 0
0.679375 -0.150305 0.248518 179 75 0
0.677603 -0.145283 0.248364 179 75 0
0.679469 -0.139781 0.249734 179 75 0
0.684004 -0.137381 0.25211 179 75 0
0.689213 -0.135856 0.254348 179 75 0
0.693444 -0.139438 0.255917 179 75 0
0.697537 -0.143198 0.257504 179 75 0
0.699472 -0.148815 0.257745 179 75 0
0.699611 -0.15478 0.257078 179 75 0
0.696778 -0.159461 0.255176 179 75 0
0.693537 -0.164243 0.25353 179 75 0
0.688638 -0.166629 0.251053 179 75 0
0.68365 -0.164931 0.248768 179 75 0
0.679632 -0.160824 0.247124 179 75 0
0.67822 -0.155308 0.246787 179 75 0
0.680399 -0.150857 0.247966 179 75 0
0.685087 -0.14785 0.250198 179 75 0
0.690046 -0.147215 0.252463 179 75 0
0.694337 -0.150792 0.254307 179 75 0
0.698774 -0.154162 0.256125 179 75 0
0.700202 -0.15977 0.256479 179 75 0
0.699955 -0.165752 0.256045 180 74 0
0.697267 -0.170791 0.254525 180 74 0
0.69327 -0.174419 0.252634 180 74 0
0.688284 -0.176518 0.250205 180 74 0
0.683029 -0.174949 0.248099 180 74 0
0.678965 -0.171056 0.246301 180 74 0
0.678575 -0.165245 0.246401 180 74 0
0.681426 -0.160663 0.247819 180 74 0
0.685856 -0.158673 0.249756 180 74 0
0.69098 -0.158173 0.251875 180 74 0
0.695659 -0.16132 0.253609 180 74 0
0.698894 -0.16622 0.254354 180 74 0
0.700579 -0.171811 0.254437 180 74 0
0.700174 -0.177487 0.253724 180 74 0
0.697627 -0.182685 0.252242 180 74 0
0.693706 -0.186182 0.250418 180 74 0
0.688163 -0.186471 0.248276 180 74 0
0.6828 -0.186041 0.246814 180 74 0
0.67956 -0.181962 0.246519 180 74 0
0.678384 -0.176281 0.246667 180 74 0
0.680481 -0.172414 0.247891 180 74 0
0.683779 -0.169396 0.249013 180 74 0
0.688851 -0.168987 0.250487 180 74 0
0.693409 -0.170008 0.251927 180 74 0
0.697658 -0.172482 0.252701 180 74 0
0.701283 -0.175906 0.253488 180 74 0
0.702212 -0.181605 0.25288 180 74 0
0.701853 -0.187071 0.251544 180 74 0
0.700157 -0.192114 0.250457 180 74 0
0.696863 -0.196246 0.249216 180 74 0
0.692482 -0.198607 0.247753 180 74 0
0.68704 -0.197762 0.245944 180 74 0
0.682618 -0.193783 0.245302 180 74 0
0.67916 -0.189211 0.244511 180 74 0
0.680659 -0.183927 0.245523 180 74 0
0.685164 -0.180495 0.247479 180 74 0
0.690536 -0.179198 0.249114 180 74 0
0.695896 -0.180921 0.250955 180 74 0
0.699478 -0.185041 0.251588 180 74 0
0.7027 -0.190017 0.252358 180 74 0
0.703156 -0.195879 0.252053 180 74 0
0.701864 -0.201645 0.251285 180 74 0
0.698574 -0.206276 0.249667 180 74 0
0.693451 -0.208389 0.247537 180 74 0
0.687963 -0.208276 0.245254 180 74 0
0.683198 -0.205683 0.243858 180 74 0
0.681884 -0.199933 0.243697 180 74 0
0.683259 -0.194379 0.24433 180 74 0
0.687377 -0.190651 0.245838 180 74 0
0.69298 -0.191028 0.247903 180 74 0
0.698313 -0.192481 0.250052 180 74 0
0.701555 -0.197135 0.251215 180 74 0
0.703465 -0.20263 0.251962 180 74 0
0.703723 -0.208616 0.252072 180 74 0
0.700784 -0.213363 0.250769 180 74 0
0.696479 -0.217105 0.248972 180 74 0
0.691487 -0.219169 0.247129 180 74 0
0.686364 -0.218109 0.244981 180 74 0
0.682295 -0.214046 0.243411 180 74 0
0.682297 -0.208174 0.243373 180 74 0
0.684761 -0.203013 0.244184 180 74 0
0.689847 -0.200998 0.246022 180 74 0
0.695351 -0.201103 0.248394 180 74 0
0.69938 -0.204564 0.249987 180 74 0
0.702304 -0.209679 0.2511 180 74 0
0.703722 -0.215138 0.251598 180 74 0
0.703339 -0.220995 0.251433 180 74 0
0.699905 -0.225733 0.250146 180 74 0
0.694988 -0.228498 0.248392 181 73 0
0.689486 -0.229271 0.246624 181 73 0
0.684284 -0.227509 0.244428 181 73 0
0.682234 -0.22272 0.243731 181 73 0
0.682703 -0.217473 0.243903 181 73 0
0.68656 -0.213259 0.245417 181 73 0
0.691682 -0.211031 0.247139 181 73 0
0.696726 -0.213276 0.248638 181 73 0
0.701724 -0.215994 0.250483 181 73 0
0.704027 -0.220955 0.250919 181 73 0
0.705095 -0.226274 0.251039 181 73 0
0.704787 -0.232124 0.250682 181 73 0
0.701476 -0.236303 0.248858 181 73 0
0.697968 -0.240619 0.247152 181 73 0
0.69255 -0.240679 0.244734 181 73 0
0.687604 -0.239378 0.243445 181 73 0
0.684434 -0.235646 0.243085 181 73 0
0.682224 -0.230636 0.243606 181 73 0
0.684387 -0.22635 0.2456 181 73 0
0.687888 -0.222346 0.246908 181 73 0
0.692913 -0.222463 0.248199 181 73 0
0.698699 -0.222775 0.249082 181 73 0
0.702997 -0.22687 0.250395 181 73 0
0.704986 -0.232258 0.250865 181 73 0
0.705255 -0.238096 0.250718 181 73 0
0.70309 -0.243277 0.24945 181 73 0
0.69818 -0.245919 0.24702 181 73 0
0.692716 -0.246328 0.244683 181 73 0
0.687739 -0.243445 0.24303 181 73 0
0.684882 -0.238178 0.242427 181 73 0
0.683175 -0.232876 0.242441 181 73 0
0.685023 -0.22736 0.244124 181 73 0
0.688182 -0.223925 0.246472 181 73 0
0.692697 -0.222463 0.248572 181 73 0
0.697918 -0.222732 0.24939 181 73 0
0.701677 -0.224587 0.250091 181 73 0
0.704625 -0.228023 0.250418 181 73 0
0.705494 -0.232144 0.250172 181 73 0
0.704217 -0.23658 0.24935 181 73 0
0.701203 -0.239902 0.248221 181 73 0
0.695926 -0.240642 0.24628 181 73 0
0.69064 -0.240158 0.244743 181 73 0
0.68649 -0.236049 0.243692 181 73 0
0.683937 -0.232261 0.243816 181 73 0
0.681551 -0.227075 0.243717 181 73 0
0.683316 -0.222255 0.244977 181 73 0
0.68587 -0.217444 0.245655 181 73 0
0.689853 -0.214267 0.246601 181 73 0
0.694888 -0.212834 0.248176 181 73 0
0.700105 -0.214613 0.249728 181 73 0
0.703763 -0.217761 0.250798 181 73 0
0.70543 -0.223191 0.251549 181 73 0
0.702568 -0.227967 0.250373 181 73 0
0.698259 -0.230605 0.248837 181 73 0
0.694198 -0.232188 0.247736 181 73 0
0.689053 -0.230051 0.24627 181 73 0
0.685181 -0.225752 0.244927 181 73 0
0.681438 -0.221504 0.243449 181 73 0
0.681804 -0.215533 0.243752 181 73 0
0.684341 -0.210454 0.244717 181 73 0
0.687615 -0.205642 0.245678 181 73 0
0.692455 -0.202664 0.24693 181 73 0
0.697497 -0.20457 0.248594 181 73 0
0.702755 -0.205903 0.250863 181 73 0
0.704126 -0.210913 0.251395 181 73 0
0.703612 -0.216851 0.251577 181 73 0
0.700348 -0.221344 0.250602 181 73 0
0.695136 -0.222639 0.248667 182 72 0
0.689769 -0.221459 0.246623 182 72 0
0.685309 -0.217866 0.245097 182 72 0
0.682228 -0.213156 0.243817 182 72 0
0.681834 -0.207236 0.243689 182 72 0
0.683262 -0.20168 0.244119 182 72 0
0.68622 -0.1966 0.245156 182 72 0
0.691461 -0.19432 0.246937 182 72 0
0.696698 -0.193376 0.249039 182 72 0
0.701439 -0.196442 0.250737 182 72 0
0.703684 -0.201535 0.251269 182 72 0
0.703959 -0.207502 0.251493 182 72 0
0.700246 -0.211607 0.250028 182 72 0
0.695076 -0.212841 0.248127 182 72 0
0.689703 -0.211597 0.246015 182 72 0
0.685093 -0.208376 0.244528 182 72 0
0.682876 -0.202838 0.243975 182 72 0
0.681818 -0.197092 0.243942 182 72 0
0.683617 -0.191567 0.245042 182 72 0
0.686362 -0.187106 0.24613 182 72 0
0.691195 -0.184264 0.248214 182 72 0
0.696796 -0.184398 0.250342 182 72 0
0.701448 -0.187096 0.252106 182 72 0
0.703225 -0.192709 0.252284 182 72 0
0.702531 -0.198249 0.251647 182 72 0
0.698262 -0.201383 0.249668 182 72 0
0.693045 -0.202743 0.247925 182 72 0
0.687833 -0.201041 0.246074 182 72 0
0.683629 -0.197087 0.244818 182 72 0
0.68127 -0.191672 0.244381 182 72 0
0.681027 -0.185704 0.244859 182 72 0
0.682635 -0.180267 0.24611 182 72 0
0.686536 -0.176424 0.248187 182 72 0
0.691401 -0.174103 0.250243 182 72 0
0.696729 -0.175729 0.252241 182 72 0
0.701383 -0.178181 0.253715 182 72 0
0.702099 -0.184018 0.253402 182 72 0
0.70108 -0.189823 0.252567 182 72 0
0.696436 -0.192645 0.250502 182 72 0
0.691326 -0.193551 0.24858 182 72 0
0.686261 -0.190891 0.246798 182 72 0
0.682998 -0.18602 0.245891 182 72 0
0.680065 -0.18092 0.245003 182 72 0
0.680847 -0.175554 0.246028 182 72 0
0.683084 -0.170215 0.247558 182 72 0
0.686407 -0.166587 0.249201 182 72 0
0.691362 -0.164392 0.251421 182 72 0
0.696585 -0.165855 0.253499 182 72 0
0.700589 -0.169028 0.254767 182 72 0
0.701616 -0.174346 0.254909 182 72 0
0.700432 -0.179856 0.254262 182 72 0
0.695831 -0.182579 0.252083 182 72 0
0.690798 -0.184214 0.250039 182 72 0
0.686022 -0.18181 0.248287 182 72 0
0.682152 -0.177495 0.246947 182 72 0
0.678996 -0.172532 0.245836 182 72 0
0.679568 -0.166865 0.246605 182 72 0
0.681791 -0.161469 0.247965 182 72 0
0.68498 -0.156813 0.249458 182 72 0
0.690164 -0.155746 0.251871 182 72 0
0.695715 -0.155862 0.254091 182 72 0
0.699127 -0.16017 0.255394 182 72 0
0.700057 -0.165649 0.255553 182 72 0
0.698052 -0.171022 0.254517 182 72 0
0.693535 -0.17414 0.252471 182 72 0
0.688037 -0.173981 0.250098 182 72 0
0.683343 -0.171017 0.248383 182 72 0
0.680565 -0.166059 0.247477 183 71 0
0.678196 -0.161077 0.2468 183 71 0
0.678777 -0.155303 0.247441 183 71 0
0.681322 -0.150097 0.248949 183 71 0
0.685357 -0.146525 0.250958 183 71 0
0.690785 -0.145831 0.253316 183 71 0
0.696032 -0.146468 0.255644 183 71 0
0.699747 -0.150924 0.256979 183 71 0
0.700113 -0.156861 0.25638 183 71 0
0.698236 -0.161909 0.255148 183 71 0
0.693729 -0.164238 0.253079 183 71 0
0.688269 -0.164095 0.250613 183 71 0
0.683538 -0.161817 0.249017 183 71 0
0.680479 -0.156728 0.248234 183 71 0
0.677818 -0.152008 0.247567 183 71 0
0.677777 -0.146086 0.248356 183 71 0
0.680115 -0.141318 0.250235 183 71 0
0.68389 -0.137312 0.252583 183 71 0
0.68898 -0.135944 0.255049 183 71 0
0.694076 -0.136609 0.256783 183 71 0
0.697951 -0.140749 0.257968 183 71 0
0.700199 -0.145236 0.257818 183 71 0
0.699613 -0.150878 0.256849 183 71 0
0.696267 -0.154016 0.254837 183 71 0
0.691576 -0.155648 0.252716 183 71 0
0.686658 -0.15407 0.250809 183 71 0
0.682103 -0.151144 0.249244 183 71 0
0.679525 -0.1466 0.249289 183 71 0
0.6773 -0.14167 0.2493 183 71 0
0.676838 -0.135976 0.249995 183 71 0
0.678564 -0.131532 0.251898 183 71 0
0.682197 -0.128553 0.254672 183 71 0
0.685899 -0.126116 0.2569 183 71 0
0.68351 -0.127434 0.255465 183 71 0
0.680101 -0.129428 0.253329 183 71 0
0.676677 -0.131412 0.251207 183 71 0
0.673239 -0.133434 0.249144 183 71 0
0.669789 -0.13544 0.247085 183 71 0
0.665752 -0.136367 0.256187 183 71 0
0.612143 -0.13736 0.23039 183 71 0
0.618381 -0.136651 0.222607 183 71 0
0.618381 -0.136651 0.222607 183 71 0
0.618848 -0.141779 0.221908 183 71 0
0.619321 -0.146415 0.22122 183 71 0
0.619708 -0.151075 0.220653 183 71 0
0.620043 -0.155747 0.220158 183 71 0
0.620283 -0.160436 0.219802 183 71 0
0.620423 -0.165139 0.219599 183 71 0
0.620487 -0.169849 0.21952 183 71 0
0.620454 -0.174558 0.219568 183 71 0
0.620012 -0.180065 0.218777 183 71 0
0.619867 -0.184764 0.217658 183 71 0
0.619652 -0.189427 0.216404 183 71 0
0.619451 -0.194095 0.215168 183 71 0
0.619285 -0.198802 0.214093 183 71 0
0.61904 -0.203537 0.213162 183 71 0
0.618633 -0.208287 0.212379 183 71 0
0.618067 -0.213043 0.211733 183 71 0
0.617408 -0.217793 0.211136 183 71 0
0.616761 -0.222542 0.210519 183 71 0
0.615973 -0.227269 0.209933 183 71 0
0.616639 -0.221985 0.210832 183 71 0
0.617456 -0.217309 0.211208 183 71 0
0.618125 -0.212628 0.211785 183 71 0
0.618672 -0.207939 0.212428 183 71 0
0.619059 -0.203258 0.213213 183 71 0
0.619428 -0.198636 0.214282 183 71 0
0.619791 -0.194061 0.215554 183 71 0
0.620008 -0.189475 0.216821 184 70 0
0.620356 -0.184981 0.218361 184 70 0
0.620578 -0.180025 0.219416 184 70 0
0.62057 -0.17522 0.219396 184 70 0
0.620503 -0.170417 0.219497 184 70 0
0.620417 -0.165614 0.21961 184 70 0
0.620283 -0.160815 0.219802 184 70 0
0.620058 -0.156029 0.220135 184 70 0
0.619725 -0.151261 0.220628 184 70 0
0.619335 -0.146506 0.2212 184 70 0
0.618848 -0.141779 0.221908 184 70 0
0.617496 -0.124352 0.223826 184 70 0
0.622298 -0.125954 0.226007 184 70 0
0.625164 -0.129988 0.226947 184 70 0
0.627113 -0.135237 0.227321 184 70 0
0.625911 -0.140362 0.2258 184 70 0
0.62346 -0.145237 0.22373 184 70 0
0.619127 -0.147002 0.220517 184 70 0
0.614862 -0.149005 0.217474 184 70 0
0.610343 -0.146591 0.214589 184 70 0
0.606033 -0.144533 0.212103 184 70 0
0.602907 -0.139636 0.210484 184 70 0
0.602628 -0.133831 0.210905 184 70 0
0.604071 -0.128167 0.212301 184 70 0
0.607684 -0.1247 0.215133 184 70 0
0.612291 -0.125605 0.218441 184 70 0
0.615814 -0.129902 0.220546 184 70 0
0.617369 -0.13548 0.221061 184 70 0
0.615723 -0.140445 0.219167 184 70 0
0.614134 -0.144879 0.217231 184 70 0
0.610119 -0.14718 0.213391 184 70 0
0.605807 -0.149126 0.209782 184 70 0
0.602064 -0.146682 0.20625 184 70 0
0.598453 -0.143122 0.202985 184 70 0
0.595907 -0.139104 0.200644 184 70 0
0.595119 -0.133357 0.200182 184 70 0
0.595474 -0.12863 0.201214 184 70 0
0.597858 -0.125984 0.204339 184 70 0
0.600463 -0.124415 0.208247 184 70 0
0.602829 -0.125977 0.211339 184 70 0
0.606079 -0.129112 0.213928 184 70 0
0.608617 -0.133166 0.215154 184 70 0
0.609063 -0.139109 0.214686 184 70 0
0.609008 -0.14474 0.213101 184 70 0
0.607479 -0.149053 0.210532 184 70 0
0.604723 -0.152306 0.206749 184 70 0
0.600598 -0.152356 0.202462 184 70 0
0.596859 -0.150995 0.198536 184 70 0
0.593927 -0.147172 0.1962 184 70 0
0.592162 -0.141735 0.195698 184 70 0
0.594394 -0.137057 0.198362 184 70 0
0.597323 -0.134248 0.202091 184 70 0
0.601593 -0.134124 0.206254 184 70 0
0.605087 -0.137686 0.209163 184 70 0
0.608062 -0.142116 0.211166 184 70 0
0.609907 -0.147369 0.211636 184 70 0
0.608918 -0.152871 0.209886 184 70 0
0.607009 -0.15788 0.207288 184 70 0
0.6034 -0.160781 0.20373 184 70 0
0.599578 -0.161599 0.199948 184 70 0
0.595712 -0.160174 0.196385 184 70 0
0.592881 -0.155475 0.194247 184 70 0
0.592655 -0.149639 0.194651 184 70 0
0.593993 -0.145088 0.196641 184 70 0
0.597717 -0.142552 0.200164 184 70 0
0.602226 -0.143541 0.20378 184 70 0
0.605668 -0.147496 0.206471 184 70 0
0.608078 -0.152653 0.20787 185 69 0
0.60871 -0.158526 0.207609 185 69 0
0.608276 -0.164162 0.206309 185 69 0
0.605368 -0.168174 0.203279 185 69 0
0.601414 -0.170759 0.199627 185 69 0
0.597248 -0.170965 0.195355 185 69 0
0.59349 -0.167505 0.192521 185 69 0
0.591948 -0.161977 0.191423 185 69 0
0.591582 -0.156037 0.191907 185 69 0
0.594416 -0.152348 0.194531 185 69 0
0.598563 -0.150915 0.198333 185 69 0
0.602811 -0.153164 0.201843 185 69 0
0.60518 -0.157886 0.203756 185 69 0
0.607513 -0.163103 0.205027 185 69 0
0.608 -0.16901 0.204397 185 69 0
0.607076 -0.174538 0.202792 185 69 0
0.603562 -0.177711 0.199204 185 69 0
0.599708 -0.178434 0.194964 185 69 0
0.595459 -0.17742 0.191008 185 69 0
0.592065 -0.174041 0.188341 185 69 0
0.590784 -0.168598 0.187715 185 69 0
0.592184 -0.16357 0.189426 185 69 0
0.595469 -0.160966 0.193325 185 69 0
0.599501 -0.16082 0.197709 185 69 0
0.603823 -0.163056 0.201095 185 69 0
0.606182 -0.167949 0.202976 185 69 0
0.607227 -0.173699 0.203405 185 69 0
0.606538 -0.179105 0.201888 185 69 0
0.604704 -0.183983 0.199122 185 69 0
0.602015 -0.186814 0.195009 185 69 0
0.598632 -0.187949 0.191039 185 69 0
0.594881 -0.1868 0.186979 185 69 0
0.592378 -0.182537 0.184186 185 69 0
0.590241 -0.178447 0.183064 185 69 0
0.591866 -0.173624 0.184737 185 69 0
0.593088 -0.170697 0.187617 185 69 0
0.595393 -0.168553 0.190153 185 69 0
0.597878 -0.16844 0.194204 185 69 0
0.599934 -0.170901 0.196994 185 69 0
0.602842 -0.173154 0.199575 185 69 0
0.605195 -0.177876 0.201304 185 69 0
0.606903 -0.183279 0.201616 185 69 0
0.606309 -0.188787 0.200086 185 69 0
0.604786 -0.193405 0.197257 185 69 0
0.602493 -0.1961 0.193332 185 69 0
0.598915 -0.197971 0.189198 185 69 0
0.594783 -0.196719 0.185273 185 69 0
0.592767 -0.192566 0.183269 185 69 0
0.590437 -0.187542 0.182334 185 69 0
0.592255 -0.183031 0.18457 185 69 0
0.595103 -0.180353 0.188271 185 69 0
0.599064 -0.178607 0.192182 185 69 0
0.602666 -0.181978 0.195471 185 69 0
0.605903 -0.185963 0.198088 185 69 0
0.607937 -0.191439 0.199432 185 69 0
0.607685 -0.197132 0.198699 185 69 0
0.606218 -0.202594 0.196745 185 69 0
0.603893 -0.207057 0.193808 185 69 0
0.599884 -0.208165 0.189657 185 69 0
0.59566 -0.207032 0.185758 185 69 0
0.591891 -0.203746 0.182787 185 69 0
0.591245 -0.198225 0.182384 185 69 0
0.592584 -0.192601 0.183792 185 69 0
0.596797 -0.191208 0.187574 185 69 0
0.601008 -0.190612 0.191556 185 69 0
0.604365 -0.193994 0.194765 185 69 0
0.607565 -0.198313 0.19742 185 69 0
0.608723 -0.203969 0.198545 186 68 0
0.607803 -0.209823 0.197823 186 68 0
0.605979 -0.215207 0.195995 186 68 0
0.603024 -0.219356 0.193308 186 68 0
0.598704 -0.220552 0.189491 186 68 0
0.594759 -0.21793 0.185982 186 68 0
0.592369 -0.213196 0.183373 186 68 0
0.591522 -0.207429 0.182591 186 68 0
0.594695 -0.203217 0.185106 186 68 0
0.597894 -0.200075 0.188117 186 68 0
0.602039 -0.201996 0.191703 186 68 0
0.605705 -0.205102 0.195164 186 68 0
0.608218 -0.210017 0.197395 186 68 0
0.608841 -0.215786 0.198288 186 68 0
0.607291 -0.221479 0.197272 186 68 0
0.60449 -0.225985 0.19489 186 68 0
0.60204 -0.230489 0.192454 186 68 0
0.597722 -0.229938 0.188395 186 68 0
0.593643 -0.227448 0.184777 186 68 0
0.591487 -0.222875 0.182574 186 68 0
0.592508 -0.217313 0.183264 186 68 0
0.595092 -0.21267 0.185972 186 68 0
0.599405 -0.211698 0.189939 186 68 0
0.603277 -0.213545 0.193687 186 68 0
0.606801 -0.216875 0.196922 186 68 0
0.608667 -0.222323 0.198509 186 68 0
0.60882 -0.228297 0.198439 186 68 0
0.607148 -0.23362 0.196655 186 68 0
0.605128 -0.238494 0.193909 186 68 0
0.601448 -0.240133 0.190074 186 68 0
0.597766 -0.240897 0.186613 186 68 0
0.594096 -0.238796 0.183101 186 68 0
0.59204 -0.23491 0.181269 186 68 0
0.592075 -0.22894 0.181556 186 68 0
0.59424 -0.22451 0.183975 186 68 0
0.596784 -0.222495 0.187511 186 68 0
0.599801 -0.222927 0.191345 186 68 0
0.603636 -0.224083 0.195155 186 68 0
0.607881 -0.226716 0.197386 186 68 0
0.609352 -0.232468 0.197722 186 68 0
0.609054 -0.238357 0.196743 186 68 0
0.606409 -0.242851 0.19409 186 68 0
0.603053 -0.246343 0.190629 186 68 0
0.598554 -0.246343 0.186976 186 68 0
0.594489 -0.242994 0.183996 186 68 0
0.591681 -0.238365 0.182048 186 68 0
0.59174 -0.232307 0.182229 186 68 0
0.593995 -0.227121 0.184183 186 68 0
0.59666 -0.222434 0.186908 186 68 0
0.600134 -0.222927 0.190768 186 68 0
0.603217 -0.222683 0.195136 186 68 0
0.605686 -0.224894 0.197383 186 68 0
0.607672 -0.228906 0.198691 186 68 0
0.60907 -0.234138 0.198447 186 68 0
0.608272 -0.23803 0.196331 186 68 0
0.60499 -0.239833 0.193106 186 68 0
0.601876 -0.242378 0.189805 186 68 0
0.598188 -0.239417 0.18654 186 68 0
0.59457 -0.236706 0.183679 186 68 0
0.592942 -0.231357 0.182441 186 68 0
0.592235 -0.226057 0.182345 186 68 0
0.593697 -0.220788 0.183938 186 68 0
0.596163 -0.216633 0.186539 186 68 0
0.59905 -0.213059 0.190082 186 68 0
0.603256 -0.212769 0.194339 186 68 0
0.606715 -0.215554 0.197828 186 68 0
0.608786 -0.21937 0.199903 186 68 0
0.608341 -0.224353 0.199321 186 68 0
0.606919 -0.229449 0.197346 187 67 0
0.603381 -0.231749 0.193972 187 67 0
0.599961 -0.230571 0.190567 187 67 0
0.596377 -0.228011 0.186878 187 67 0
0.593766 -0.223517 0.184263 187 67 0
0.592823 -0.217789 0.183335 187 67 0
0.593638 -0.211957 0.184023 187 67 0
0.595823 -0.206886 0.186187 187 67 0
0.599098 -0.203186 0.189181 187 67 0
0.603191 -0.203091 0.193478 187 67 0
0.607397 -0.204336 0.197456 187 67 0
0.609278 -0.209569 0.199535 187 67 0
0.609706 -0.215276 0.200214 187 67 0
0.607491 -0.220242 0.19826 187 67 0
0.603524 -0.222151 0.194584 187 67 0
0.599379 -0.222302 0.190758 187 67 0
0.596357 -0.218207 0.187564 187 67 0
0.594197 -0.213039 0.185409 187 67 0
0.593631 -0.207173 0.184849 187 67 0
0.594375 -0.201421 0.185684 187 67 0
0.596526 -0.196329 0.18786 187 67 0
0.600413 -0.193438 0.191414 187 67 0
0.604614 -0.193224 0.195313 187 67 0
0.608405 -0.196118 0.19891 187 67 0
0.609977 -0.201466 0.2006 187 67 0
0.610183 -0.206964 0.200348 187 67 0
0.607597 -0.210917 0.197677 187 67 0
0.603699 -0.212474 0.193898 187 67 0
0.599407 -0.210607 0.190344 187 67 0
0.596066 -0.20655 0.187495 187 67 0
0.593901 -0.201154 0.186024 187 67 0
0.59318 -0.195316 0.185836 187 67 0
0.594571 -0.189812 0.187393 187 67 0
0.598086 -0.186328 0.190692 187 67 0
0.601413 -0.182854 0.194167 187 67 0
0.605425 -0.184189 0.198084 187 67 0
0.609581 -0.186415 0.201487 187 67 0
0.611313 -0.191726 0.202779 187 67 0
0.610104 -0.197119 0.201534 187 67 0
0.607631 -0.201482 0.198434 187 67 0
0.603366 -0.202825 0.194651 187 67 0
0.599524 -0.200207 0.191248 187 67 0
0.596248 -0.195969 0.188807 187 67 0
0.594198 -0.190459 0.187618 187 67 0
0.593864 -0.184526 0.188179 187 67 0
0.595614 -0.179298 0.190113 187 67 0
0.598868 -0.175796 0.193469 187 67 0
0.602691 -0.174151 0.197563 187 67 0
0.606768 -0.175307 0.201437 187 67 0
0.609797 -0.179745 0.203827 187 67 0
0.610726 -0.185409 0.203889 187 67 0
0.608197 -0.190033 0.20129 187 67 0
0.604403 -0.192652 0.197587 187 67 0
0.600285 -0.190924 0.193831 187 67 0
0.596463 -0.187351 0.190947 187 67 0
0.594011 -0.182666 0.189456 187 67 0
0.593417 -0.176811 0.189744 187 67 0
0.594324 -0.171052 0.19118 187 67 0
0.596668 -0.166721 0.193787 187 67 0
0.60039 -0.164065 0.197583 187 67 0
0.604794 -0.164092 0.201669 187 67 0
0.608368 -0.167012 0.205017 187 67 0
0.610906 -0.171949 0.206864 187 67 0
0.610574 -0.17771 0.205899 187 67 0
0.60747 -0.181537 0.202744 187 67 0
0.603268 -0.182463 0.19882 187 67 0
0.599336 -0.181079 0.195347 187 67 0
0.596085 -0.176869 0.192989 188 66 0
0.594375 -0.171184 0.192122 188 66 0
0.593568 -0.165296 0.192304 188 66 0
0.594893 -0.15984 0.19435 188 66 0
0.597887 -0.15581 0.197464 188 66 0
0.601809 -0.154062 0.201435 188 66 0
0.605838 -0.154956 0.205207 188 66 0
0.609048 -0.159259 0.207897 188 66 0
0.610197 -0.164757 0.208347 188 66 0
0.608951 -0.170095 0.206358 188 66 0
0.605603 -0.172375 0.20306 188 66 0
0.601247 -0.172208 0.198962 188 66 0
0.597454 -0.169355 0.195948 188 66 0
0.594237 -0.165038 0.19378 188 66 0
0.593651 -0.159104 0.193846 188 66 0
0.593584 -0.153385 0.194745 188 66 0
0.595688 -0.148543 0.197578 188 66 0
0.599044 -0.145113 0.20114 188 66 0
0.602919 -0.144017 0.205368 188 66 0
0.606828 -0.146089 0.209024 188 66 0
0.60961 -0.150849 0.211077 188 66 0
0.610463 -0.156592 0.210748 188 66 0
0.607928 -0.161058 0.207733 188 66 0
0.604498 -0.164038 0.203994 188 66 0
0.60036 -0.162158 0.200201 188 66 0
0.596884 -0.159363 0.197002 188 66 0
0.594466 -0.154136 0.195318 188 66 0
0.592938 -0.148396 0.194678 188 66 0
0.594258 -0.14339 0.196765 188 66 0
0.595185 -0.138094 0.199019 188 66 0
0.598001 -0.135469 0.202849 188 66 0
0.601953 -0.134091 0.206863 188 66 0
0.605243 -0.135856 0.210967 188 66 0
0.607739 -0.139366 0.213004 188 66 0
0.610306 -0.14398 0.214172 188 66 0
0.609392 -0.14908 0.212475 188 66 0
0.607238 -0.152605 0.20944 188 66 0
0.60356 -0.153909 0.205345 188 66 0
0.59991 -0.152413 0.201552 188 66 0
0.597165 -0.148702 0.198704 188 66 0
0.595533 -0.144388 0.197238 188 66 0
0.594305 -0.139011 0.196778 188 66 0
0.594431 -0.133699 0.197932 188 66 0
0.59513 -0.128958 0.199944 188 66 0
0.596508 -0.126331 0.202082 188 66 0
0.598156 -0.125977 0.204837 188 66 0
0.600329 -0.124415 0.208479 188 66 0
0.602029 -0.125205 0.210433 188 66 0
0.605421 -0.127865 0.21346 188 66 0
0.608933 -0.130584 0.216284 188 66 0
0.612669 -0.133218 0.218898 188 66 0
0.616614 -0.135426 0.221574 188 66 0
0.61039 -0.136207 0.229362 188 66 0
0.663048 -0.137529 0.255922 188 66 0
0.667155 -0.136668 0.246845 188 66 0
0.668027 -0.141935 0.245047 188 66 0
0.668238 -0.146566 0.244612 188 66 0
0.668379 -0.151214 0.244287 188 66 0
0.668464 -0.155868 0.244025 188 66 0
0.668545 -0.160528 0.243929 188 66 0
0.668604 -0.16519 0.243958 188 66 0
0.668569 -0.169852 0.243993 188 66 0
0.668547 -0.174511 0.24402 188 66 0
0.668649 -0.179725 0.243813 188 66 0
0.669477 -0.184377 0.2432 188 66 0
0.669975 -0.189083 0.242649 188 66 0
0.670532 -0.19379 0.242155 188 66 0
0.671058 -0.198509 0.241758 189 65 0
0.671408 -0.203254 0.241575 189 65 0
0.671513 -0.208016 0.241583 189 65 0
0.671488 -0.21278 0.241689 189 65 0
0.671532 -0.217543 0.241803 189 65 0
0.671627 -0.222307 0.241757 189 65 0
0.671634 -0.22707 0.24178 189 65 0
0.671507 -0.22198 0.242225 189 65 0
0.671504 -0.216672 0.241829 189 65 0
0.671447 -0.211354 0.241644 189 65 0
0.671107 -0.206049 0.241391 189 65 0
0.670808 -0.200737 0.241491 189 65 0
0.670277 -0.195454 0.24186 189 65 0
0.669615 -0.190201 0.242399 189 65 0
0.669115 -0.184976 0.243167 189 65 0
0.668649 -0.179725 0.243813 189 65 0
0.668546 -0.174995 0.243819 189 65 0
0.668578 -0.170266 0.243968 189 65 0
0.668603 -0.165535 0.243961 189 65 0
0.66855 -0.160804 0.243931 189 65 0
0.668467 -0.156075 0.244016 189 65 0
0.668382 -0.151352 0.244277 189 65 0
0.668243 -0.146635 0.244609 189 65 0
0.668027 -0.141935 0.245047 189 65 0
0.665858 -0.124349 0.247971 189 65 0
0.670885 -0.125665 0.249982 189 65 0
0.675343 -0.128155 0.251366 189 65 0
0.678638 -0.131961 0.251893 189 65 0
0.681175 -0.137263 0.252181 189 65 0
0.680623 -0.14304 0.251199 189 65 0
0.67734 -0.14663 0.248941 189 65 0
0.672999 -0.149152 0.246653 189 65 0
0.668154 -0.146894 0.244688 189 65 0
0.664613 -0.142076 0.243418 189 65 0
0.665451 -0.137012 0.244513 189 65 0
0.666189 -0.131395 0.245398 189 65 0
0.670245 -0.127986 0.247901 189 65 0
0.675182 -0.125977 0.250539 189 65 0
0.680656 -0.126043 0.253257 189 65 0
0.685487 -0.128193 0.255346 189 65 0
0.688844 -0.133123 0.256348 189 65 0
0.690536 -0.138769 0.256456 189 65 0
0.690472 -0.144436 0.255593 189 65 0
0.686603 -0.14817 0.252931 189 65 0
0.681695 -0.149168 0.250185 189 65 0
0.677077 -0.146394 0.248308 189 65 0
0.674983 -0.140918 0.248163 189 65 0
0.675036 -0.134999 0.249243 189 65 0
0.677954 -0.13035 0.251851 189 65 0
0.681582 -0.127949 0.254419 189 65 0
0.685836 -0.126116 0.257009 189 65 0
0.68966 -0.127551 0.257788 189 65 0
0.694068 -0.130047 0.258712 189 65 0
0.697176 -0.134319 0.258762 189 65 0
0.699122 -0.139582 0.258576 189 65 0
0.69828 -0.144749 0.257103 189 65 0
0.696385 -0.150218 0.255651 189 65 0
0.692456 -0.154105 0.253642 189 65 0
0.687302 -0.155388 0.251069 189 65 0
0.683136 -0.153927 0.249548 189 65 0
0.679375 -0.150305 0.248518 189 65 0
0.677603 -0.145283 0.248364 189 65 0
0.679469 -0.139781 0.249734 189 65 0
0.684004 -0.137381 0.25211 189 65 0
0.689213 -0.135856 0.254348 189 65 0
0.693444 -0.139438 0.255917 189 65 0
0.697537 -0.143198 0.257504 189 65 0
0.699472 -0.148815 0.257745 189 65 0
0.699611 -0.15478 0.257078 190 64 0
0.696778 -0.159461 0.255176 190 64 0
0.693537 -0.164243 0.25353 190 64 0
0.688638 -0.166629 0.251053 190 64 0
0.68365 -0.164931 0.248768 190 64 0
0.679632 -0.160824 0.247124 190 64 0
0.67822 -0.155308 0.246787 190 64 0
0.680399 -0.150857 0.247966 190 64 0
0.685087 -0.14785 0.250198 190 64 0
0.690046 -0.147215 0.252463 190 64 0
0.694337 -0.150792 0.254307 190 64 0
0.698774 -0.154162 0.256125 190 64 0
0.700202 -0.15977 0.256479 190 64 0
0.699955 -0.165752 0.256045 190 64 0
0.697267 -0.170791 0.254525 190 64 0
0.69327 -0.174419 0.252634 190 64 0
0.688284 -0.176518 0.250205 190 64 0
0.683029 -0.174949 0.248099 190 64 0
0.678965 -0.171056 0.246301 190 64 0
0.678575 -0.165245 0.246401 190 64 0
0.681426 -0.160663 0.247819 190 64 0
0.685856 -0.158673 0.249756 190 64 0
0.69098 -0.158173 0.251875 190 64 0
0.695659 -0.16132 0.253609 190 64 0
0.698894 -0.16622 0.254354 190 64 0
0.700579 -0.171811 0.254437 190 64 0
0.700174 -0.177487 0.253724 190 64 0
0.697627 -0.182685 0.252242 190 64 0
0.693706 -0.186182 0.250418 190 64 0
0.688163 -0.186471 0.248276 190 64 0
0.6828 -0.186041 0.246814 190 64 0
0.67956 -0.181962 0.246519 190 64 0
0.678384 -0.176281 0.246667 190 64 0
0.680481 -0.172414 0.247891 190 64 0
0.683779 -0.169396 0.249013 190 64 0
0.688851 -0.168987 0.250487 190 64 0
0.693409 -0.170008 0.251927 190 64 0
0.697658 -0.172482 0.252701 190 64 0
0.701283 -0.175906 0.253488 190 64 0
0.702212 -0.181605 0.25288 190 64 0
0.701853 -0.187071 0.251544 190 64 0
0.700157 -0.192114 0.250457 190 64 0
0.696863 -0.196246 0.249216 190 64 0
0.692482 -0.198607 0.247753 190 64 0
0.68704 -0.197762 0.245944 190 64 0
0.682618 -0.193783 0.245302 190 64 0
0.67916 -0.189211 0.244511 190 64 0
0.680659 -0.183927 0.245523 190 64 0
0.685164 -0.180495 0.247479 190 64 0
0.690536 -0.179198 0.249114 190 64 0
0.695896 -0.180921 0.250955 190 64 0
0.699478 -0.185041 0.251588 190 64 0
0.7027 -0.190017 0.252358 190 64 0
0.703156 -0.195879 0.252053 190 64 0
0.701864 -0.201645 0.251285 190 64 0
0.698574 -0.206276 0.249667 190 64 0
0.693451 -0.208389 0.247537 190 64 0
0.687963 -0.208276 0.245254 190 64 0
0.683198 -0.205683 0.243858 190 64 0
0.681884 -0.199933 0.243697 190 64 0
0.683259 -0.194379 0.24433 190 64 0
0.687377 -0.190651 0.245838 190 64 0
0.69298 -0.191028 0.247903 190 64 0
0.698313 -0.192481 0.250052 190 64 0
0.701555 -0.197135 0.251215 190 64 0
0.703465 -0.20263 0.251962 190 64 0
0.703723 -0.208616 0.252072 190 64 0
0.700784 -0.213363 0.250769 191 63 0
0.696479 -0.217105 0.248972 191 63 0
0.691487 -0.219169 0.247129 191 63 0
0.686364 -0.218109 0.244981 191 63 0
0.682295 -0.214046 0.243411 191 63 0
0.682297 -0.208174 0.243373 191 63 0
0.684761 -0.203013 0.244184 191 63 0
0.689847 -0.200998 0.246022 191 63 0
0.695351 -0.201103 0.248394 191 63 0
0.69938 -0.204564 0.249987 191 63 0
0.702304 -0.209679 0.2511 191 63 0
0.703722 -0.215138 0.251598 191 63 0
0.703339 -0.220995 0.251433 191 63 0
0.699905 -0.225733 0.250146 191 63 0
0.694988 -0.228498 0.248392 191 63 0
0.689486 -0.229271 0.246624 191 63 0
0.684284 -0.227509 0.244428 191 63 0
0.682234 -0.22272 0.243731 191 63 0
0.682703 -0.217473 0.243903 191 63 0
0.68656 -0.213259 0.245417 191 63 0
0.691682 -0.211031 0.247139 191 63 0
0.696726 -0.213276 0.248638 191 63 0
0.701724 -0.215994 0.250483 191 63 0
0.704027 -0.220955 0.250919 191 63 0
0.705095 -0.226274 0.251039 191 63 0
0.704787 -0.232124 0.250682 191 63 0
0.701476 -0.236303 0.248858 191 63 0
0.697968 -0.240619 0.247152 191 63 0
0.69255 -0.240679 0.244734 191 63 0
0.687604 -0.239378 0.243445 191 63 0
0.684434 -0.235646 0.243085 191 63 0
0.682224 -0.230636 0.243606 191 63 0
0.684387 -0.22635 0.2456 191 63 0
0.687888 -0.222346 0.246908 191 63 0
0.692913 -0.222463 0.248199 191 63 0
0.698699 -0.222775 0.249082 191 63 0
0.702997 -0.22687 0.250395 191 63 0
0.704986 -0.232258 0.250865 191 63 0
0.705255 -0.238096 0.250718 191 63 0
0.70309 -0.243277 0.24945 191 63 0
0.69818 -0.245919 0.24702 191 63 0
0.692716 -0.246328 0.244683 191 63 0
0.687739 -0.243445 0.24303 191 63 0
0.684882 -0.238178 0.242427 191 63 0
0.683175 -0.232876 0.242441 191 63 0
0.685023 -0.22736 0.244124 191 63 0
0.688182 -0.223925 0.246472 191 63 0
0.692697 -0.222463 0.248572 191 63 0
0.697918 -0.222732 0.24939 191 63 0
0.701677 -0.224587 0.250091 191 63 0
0.704625 -0.228023 0.250418 191 63 0
0.705494 -0.232144 0.250172 191 63 0
0.704217 -0.23658 0.24935 191 63 0
0.701203 -0.239902 0.248221 191 63 0
0.695926 -0.240642 0.24628 191 63 0
0.69064 -0.240158 0.244743 191 63 0
0.68649 -0.236049 0.243692 191 63 0
0.683937 -0.232261 0.243816 191 63 0
0.681551 -0.227075 0.243717 191 63 0
0.683316 -0.222255 0.244977 191 63 0
0.68587 -0.217444 0.245655 191 63 0
0.689853 -0.214267 0.246601 191 63 0
0.694888 -0.212834 0.248176 191 63 0
0.700105 -0.214613 0.249728 191 63 0
0.703763 -0.217761 0.250798 191 63 0
0.70543 -0.223191 0.251549 191 63 0
0.702568 -0.227967 0.250373 191 63 0
0.698259 -0.230605 0.248837 191 63 0
0.694198 -0.232188 0.247736 192 62 0
0.689053 -0.230051 0.24627 192 62 0
0.685181 -0.225752 0.244927 192 62 0
0.681438 -0.221504 0.243449 192 62 0
0.681804 -0.215533 0.243752 192 62 0
0.684341 -0.210454 0.244717 192 62 0
0.687615 -0.205642 0.245678 192 62 0
0.692455 -0.202664 0.24693 192 62 0
0.697497 -0.20457 0.248594 192 62 0
0.702755 -0.205903 0.250863 192 62 0
0.704126 -0.210913 0.251395 192 62 0
0.703612 -0.216851 0.251577 192 62 0
0.700348 -0.221344 0.250602 192 62 0
0.695136 -0.222639 0.248667 192 62 0
0.689769 -0.221459 0.246623 192 62 0
0.685309 -0.217866 0.245097 192 62 0
0.682228 -0.213156 0.243817 192 62 0
0.681834 -0.207236 0.243689 192 62 0
0.683262 -0.20168 0.244119 192 62 0
0.68622 -0.1966 0.245156 192 62 0
0.691461 -0.19432 0.246937 192 62 0
0.696698 -0.193376 0.249039 192 62 0
0.701439 -0.196442 0.250737 192 62 0
0.703684 -0.201535 0.251269 192 62 0
0.703959 -0.207502 0.251493 192 62 0
0.700246 -0.211607 0.250028 192 62 0
0.695076 -0.212841 0.248127 192 62 0
0.689703 -0.211597 0.246015 192 62 0
0.685093 -0.208376 0.244528 192 62 0
0.682876 -0.202838 0.243975 192 62 0
0.681818 -0.197092 0.243942 192 62 0
0.683617 -0.191567 0.245042 192 62 0
0.686362 -0.187106 0.24613 192 62 0
0.691195 -0.184264 0.248214 192 62 0
0.696796 -0.184398 0.250342 192 62 0
0.701448 -0.187096 0.252106 192 62 0
0.703225 -0.192709 0.252284 192 62 0
0.702531 -0.198249 0.251647 192 62 0
0.698262 -0.201383 0.249668 192 62 0
0.693045 -0.202743 0.247925 192 62 0
0.687833 -0.201041 0.246074 192 62 0
0.683629 -0.197087 0.244818 192 62 0
0.68127 -0.191672 0.244381 192 62 0
0.681027 -0.185704 0.244859 192 62 0
0.682635 -0.180267 0.24611 192 62 0
0.686536 -0.176424 0.248187 192 62 0
0.691401 -0.174103 0.250243 192 62 0
0.696729 -0.175729 0.252241 192 62 0
0.701383 -0.178181 0.253715 192 62 0
0.702099 -0.184018 0.253402 192 62 0
0.70108 -0.189823 0.252567 192 62 0
0.696436 -0.192645 0.250502 192 62 0
0.691326 -0.193551 0.24858 192 62 0
0.686261 -0.190891 0.246798 192 62 0
0.682998 -0.18602 0.245891 192 62 0
0.680065 -0.18092 0.245003 192 62 0
0.680847 -0.175554 0.246028 192 62 0
0.683084 -0.170215 0.247558 192 62 0
0.686407 -0.166587 0.249201 192 62 0
0.691362 -0.164392 0.251421 192 62 0
0.696585 -0.165855 0.253499 192 62 0
0.700589 -0.169028 0.254767 192 62 0
0.701616 -0.174346 0.254909 192 62 0
0.700432 -0.179856 0.254262 192 62 0
0.695831 -0.182579 0.252083 192 62 0
0.690798 -0.184214 0.250039 192 62 0
0.686022 -0.18181 0.248287 192 62 0
0.682152 -0.177495 0.246947 193 61 0
0.678996 -0.172532 0.245836 193 61 0
0.679568 -0.166865 0.246605 193 61 0
0.681791 -0.161469 0.247965 193 61 0
0.68498 -0.156813 0.249458 193 61 0
0.690164 -0.155746 0.251871 193 61 0
0.695715 -0.155862 0.254091 193 61 0
0.699127 -0.16017 0.255394 193 61 0
0.700057 -0.165649 0.255553 193 61 0
0.698052 -0.171022 0.254517 193 61 0
0.693535 -0.17414 0.252471 193 61 0
0.688037 -0.173981 0.250098 193 61 0
0.683343 -0.171017 0.248383 193 61 0
0.680565 -0.166059 0.247477 193 61 0
0.678196 -0.161077 0.2468 193 61 0
0.678777 -0.155303 0.247441 193 61 0
0.681322 -0.150097 0.248949 193 61 0
0.685357 -0.146525 0.250958 193 61 0
0.690785 -0.145831 0.253316 193 61 0
0.696032 -0.146468 0.255644 193 61 0
0.699747 -0.150924 0.256979 193 61 0
0.700113 -0.156861 0.25638 193 61 0
0.698236 -0.161909 0.255148 193 61 0
0.693729 -0.164238 0.253079 193 61 0
0.688269 -0.164095 0.250613 193 61 0
0.683538 -0.161817 0.249017 193 61 0
0.680479 -0.156728 0.248234 193 61 0
0.677818 -0.152008 0.247567 193 61 0
0.677777 -0.146086 0.248356 193 61 0
0.680115 -0.141318 0.250235 193 61 0
0.68389 -0.137312 0.252583 193 61 0
0.68898 -0.135944 0.255049 193 61 0
0.694076 -0.136609 0.256783 193 61 0
0.697951 -0.140749 0.257968 193 61 0
0.700199 -0.145236 0.257818 193 61 0
0.699613 -0.150878 0.256849 193 61 0
0.696267 -0.154016 0.254837 193 61 0
0.691576 -0.155648 0.252716 193 61 0
0.686658 -0.15407 0.250809 193 61 0
0.682103 -0.151144 0.249244 193 61 0
0.679525 -0.1466 0.249289 193 61 0
0.6773 -0.14167 0.2493 193 61 0
0.676838 -0.135976 0.249995 193 61 0
0.678564 -0.131532 0.251898 193 61 0
0.682197 -0.128553 0.254672 193 61 0
0.685899 -0.126116 0.2569 193 61 0
0.68351 -0.127434 0.255465 193 61 0
0.680101 -0.129428 0.253329 193 61 0
0.676677 -0.131412 0.251207 193 61 0
0.673239 -0.133434 0.249144 193 61 0
0.669789 -0.13544 0.247085 193 61 0
0.665752 -0.136367 0.256187 193 61 0
0.612143 -0.13736 0.23039 193 61 0
0.618381 -0.136651 0.222607 193 61 0
0.618381 -0.136651 0.222607 193 61 0
0.618848 -0.141779 0.221908 193 61 0
0.619321 -0.146415 0.22122 193 61 0
0.619708 -0.151075 0.220653 193 61 0
0.620043 -0.155747 0.220158 193 61 0
0.620283 -0.160436 0.219802 193 61 0
0.620423 -0.165139 0.219599 193 61 0
0.620487 -0.169849 0.21952 193 61 0
0.620454 -0.174558 0.219568 193 61 0
0.620012 -0.180065 0.218777 193 61 0
0.619867 -0.184764 0.217658 193 61 0
0.619652 -0.189427 0.216404 193 61 0
0.619451 -0.194095 0.215168 193 61 0
0.619285 -0.198802 0.214093 194 60 0
0.61904 -0.203537 0.213162 194 60 0
0.618633 -0.208287 0.212379 194 60 0
0.618067 -0.213043 0.211733 194 60 0
0.617408 -0.217793 0.211136 194 60 0
0.616761 -0.222542 0.210519 194 60 0
0.615973 -0.227269 0.209933 194 60 0
0.616639 -0.221985 0.210832 194 60 0
0.617456 -0.217309 0.211208 194 60 0
0.618125 -0.212628 0.211785 194 60 0
0.618672 -0.207939 0.212428 194 60 0
0.619059 -0.203258 0.213213 194 60 0
0.619428 -0.198636 0.214282 194 60 0
0.619791 -0.194061 0.215554 194 60 0
0.620008 -0.189475 0.216821 194 60 0
0.620356 -0.184981 0.218361 194 60 0
0.620578 -0.180025 0.219416 194 60 0
0.62057 -0.17522 0.219396 194 60 0
0.620503 -0.170417 0.219497 194 60 0
0.620417 -0.165614 0.21961 194 60 0
0.620283 -0.160815 0.219802 194 60 0
0.620058 -0.156029 0.220135 194 60 0
0.619725 -0.151261 0.220628 194 60 0
0.619335 -0.146506 0.2212 194 60 0
0.618848 -0.141779 0.221908 194 60 0
0.617496 -0.124352 0.223826 194 60 0
0.622298 -0.125954 0.226007 194 60 0
0.625164 -0.129988 0.226947 194 60 0
0.627113 -0.135237 0.227321 194 60 0
0.625911 -0.140362 0.2258 194 60 0
0.62346 -0.145237 0.22373 194 60 0
0.619127 -0.147002 0.220517 194 60 0
0.614862 -0.149005 0.217474 194 60 0
0.610343 -0.146591 0.214589 194 60 0
0.606033 -0.144533 0.212103 194 60 0
0.602907 -0.139636 0.210484 194 60 0
0.602628 -0.133831 0.210905 194 60 0
0.604071 -0.128167 0.212301 194 60 0
0.607684 -0.1247 0.215133 194 60 0
0.612291 -0.125605 0.218441 194 60 0
0.615814 -0.129902 0.220546 194 60 0
0.617369 -0.13548 0.221061 194 60 0
0.615723 -0.140445 0.219167 194 60 0
0.614134 -0.144879 0.217231 194 60 0
0.610119 -0.14718 0.213391 194 60 0
0.605807 -0.149126 0.209782 194 60 0
0.602064 -0.146682 0.20625 194 60 0
0.598453 -0.143122 0.202985 194 60 0
0.595907 -0.139104 0.200644 194 60 0
0.595119 -0.133357 0.200182 194 60 0
0.595474 -0.12863 0.201214 194 60 0
0.597858 -0.125984 0.204339 194 60 0
0.600463 -0.124415 0.208247 194 60 0
0.602829 -0.125977 0.211339 194 60 0
0.606079 -0.129112 0.213928 194 60 0
0.608617 -0.133166 0.215154 194 60 0
0.609063 -0.139109 0.214686 194 60 0
0.609008 -0.14474 0.213101 194 60 0
0.607479 -0.149053 0.210532 194 60 0
0.604723 -0.152306 0.206749 194 60 0
0.600598 -0.152356 0.202462 194 60 0
0.596859 -0.150995 0.198536 194 60 0
0.593927 -0.147172 0.1962 194 60 0
0.592162 -0.141735 0.195698 194 60 0
0.594394 -0.137057 0.198362 194 60 0
0.597323 -0.134248 0.202091 194 60 0
0.601593 -0.134124 0.206254 194 60 0
0.605087 -0.137686 0.209163 194 60 0
0.608062 -0.142116 0.211166 195 59 0
0.609907 -0.147369 0.211636 195 59 0
0.608918 -0.152871 0.209886 195 59 0
0.607009 -0.15788 0.207288 195 59 0
0.6034 -0.160781 0.20373 195 59 0
0.599578 -0.161599 0.199948 195 59 0
0.595712 -0.160174 0.196385 195 59 0
0.592881 -0.155475 0.194247 195 59 0
0.592655 -0.149639 0.194651 195 59 0
0.593993 -0.145088 0.196641 195 59 0
0.597717 -0.142552 0.200164 195 59 0
0.602226 -0.143541 0.20378 195 59 0
0.605668 -0.147496 0.206471 195 59 0
0.608078 -0.152653 0.20787 195 59 0
0.60871 -0.158526 0.207609 195 59 0
0.608276 -0.164162 0.206309 195 59 0
0.605368 -0.168174 0.203279 195 59 0
0.601414 -0.170759 0.199627 195 59 0
0.597248 -0.170965 0.195355 195 59 0
0.59349 -0.167505 0.192521 195 59 0
0.591948 -0.161977 0.191423 195 59 0
0.591582 -0.156037 0.191907 195 59 0
0.594416 -0.152348 0.194531 195 59 0
0.598563 -0.150915 0.198333 195 59 0
0.602811 -0.153164 0.201843 195 59 0
0.60518 -0.157886 0.203756 195 59 0
0.607513 -0.163103 0.205027 195 59 0
0.608 -0.16901 0.204397 195 59 0
0.607076 -0.174538 0.202792 195 59 0
0.603562 -0.177711 0.199204 195 59 0
0.599708 -0.178434 0.194964 195 59 0
0.595459 -0.17742 0.191008 195 59 0
0.592065 -0.174041 0.188341 195 59 0
0.590784 -0.168598 0.187715 195 59 0
0.592184 -0.16357 0.189426 195 59 0
0.595469 -0.160966 0.193325 195 59 0
0.599501 -0.16082 0.197709 195 59 0
0.603823 -0.163056 0.201095 195 59 0
0.606182 -0.167949 0.202976 195 59 0
0.607227 -0.173699 0.203405 195 59 0
0.606538 -0.179105 0.201888 195 59 0
0.604704 -0.183983 0.199122 195 59 0
0.602015 -0.186814 0.195009 195 59 0
0.598632 -0.187949 0.191039 195 59 0
0.594881 -0.1868 0.186979 195 59 0
0.592378 -0.182537 0.184186 195 59 0
0.590241 -0.178447 0.183064 195 59 0
0.591866 -0.173624 0.184737 195 59 0
0.593088 -0.170697 0.187617 195 59 0
0.595393 -0.168553 0.190153 195 59 0
0.597878 -0.16844 0.194204 195 59 0
0.599934 -0.170901 0.196994 195 59 0
0.602842 -0.173154 0.199575 195 59 0
0.605195 -0.177876 0.201304 195 59 0
0.606903 -0.183279 0.201616 195 59 0
0.606309 -0.188787 0.200086 195 59 0
0.604786 -0.193405 0.197257 195 59 0
0.602493 -0.1961 0.193332 195 59 0
0.598915 -0.197971 0.189198 195 59 0
0.594783 -0.196719 0.185273 195 59 0
0.592767 -0.192566 0.183269 195 59 0
0.590437 -0.187542 0.182334 195 59 0
0.592255 -0.183031 0.18457 195 59 0
0.595103 -0.180353 0.188271 195 59 0
0.599064 -0.178607 0.192182 195 59 0
0.602666 -0.181978 0.195471 195 59 0
0.605903 -0.185963 0.198088 195 59 0
0.607937 -0.191439 0.199432 196 58 0
0.607685 -0.197132 0.198699 196 58 0
0.606218 -0.202594 0.196745 196 58 0
0.603893 -0.207057 0.193808 196 58 0
0.599884 -0.208165 0.189657 196 58 0
0.59566 -0.207032 0.185758 196 58 0
0.591891 -0.203746 0.182787 196 58 0
0.591245 -0.198225 0.182384 196 58 0
0.592584 -0.192601 0.183792 196 58 0
0.596797 -0.191208 0.187574 196 58 0
0.601008 -0.190612 0.191556 196 58 0
0.604365 -0.193994 0.194765 196 58 0
0.607565 -0.198313 0.19742 196 58 0
0.608723 -0.203969 0.198545 196 58 0
0.607803 -0.209823 0.197823 196 58 0
0.605979 -0.215207 0.195995 196 58 0
0.603024 -0.219356 0.193308 196 58 0
0.598704 -0.220552 0.189491 196 58 0
0.594759 -0.21793 0.185982 196 58 0
0.592369 -0.213196 0.183373 196 58 0
0.591522 -0.207429 0.182591 196 58 0
0.594695 -0.203217 0.185106 196 58 0
0.597894 -0.200075 0.188117 196 58 0
0.602039 -0.201996 0.191703 196 58 0
0.605705 -0.205102 0.195164 196 58 0
0.608218 -0.210017 0.197395 196 58 0
0.608841 -0.215786 0.198288 196 58 0
0.607291 -0.221479 0.197272 196 58 0
0.60449 -0.225985 0.19489 196 58 0
0.60204 -0.230489 0.192454 196 58 0
0.597722 -0.229938 0.188395 196 58 0
0.593643 -0.227448 0.184777 196 58 0
0.591487 -0.222875 0.182574 196 58 0
0.592508 -0.217313 0.183264 196 58 0
0.595092 -0.21267 0.185972 196 58 0
0.599405 -0.211698 0.189939 196 58 0
0.603277 -0.213545 0.193687 196 58 0
0.606801 -0.216875 0.196922 196 58 0
0.608667 -0.222323 0.198509 196 58 0
0.60882 -0.228297 0.198439 196 58 0
0.607148 -0.23362 0.196655 196 58 0
0.605128 -0.238494 0.193909 196 58 0
0.601448 -0.240133 0.190074 196 58 0
0.597766 -0.240897 0.186613 196 58 0
0.594096 -0.238796 0.183101 196 58 0
0.59204 -0.23491 0.181269 196 58 0
0.592075 -0.22894 0.181556 196 58 0
0.59424 -0.22451 0.183975 196 58 0
0.596784 -0.222495 0.187511 196 58 0
0.599801 -0.222927 0.191345 196 58 0
0.603636 -0.224083 0.195155 196 58 0
0.607881 -0.226716 0.197386 196 58 0
0.609352 -0.232468 0.197722 196 58 0
0.609054 -0.238357 0.196743 196 58 0
0.606409 -0.242851 0.19409 196 58 0
0.603053 -0.246343 0.190629 196 58 0
0.598554 -0.246343 0.186976 196 58 0
0.594489 -0.242994 0.183996 196 58 0
0.591681 -0.238365 0.182048 196 58 0
0.59174 -0.232307 0.182229 196 58 0
0.593995 -0.227121 0.184183 196 58 0
0.59666 -0.222434 0.186908 196 58 0
0.600134 -0.222927 0.190768 196 58 0
0.603217 -0.222683 0.195136 196 58 0
0.605686 -0.224894 0.197383 196 58 0
0.607672 -0.228906 0.198691 196 58 0
0.60907 -0.234138 0.198447 196 58 0
0.608272 -0.23803 0.196331 197 57 0
0.60499 -0.239833 0.193106 197 57 0
0.601876 -0.242378 0.189805 197 57 0
0.598188 -0.239417 0.18654 197 57 0
0.59457 -0.236706 0.183679 197 57 0
0.592942 -0.231357 0.182441 197 57 0
0.592235 -0.226057 0.182345 197 57 0
0.593697 -0.220788 0.183938 197 57 0
0.596163 -0.216633 0.186539 197 57 0
0.59905 -0.213059 0.190082 197 57 0
0.603256 -0.212769 0.194339 197 57 0
0.606715 -0.215554 0.197828 197 57 0
0.608786 -0.21937 0.199903 197 57 0
0.608341 -0.224353 0.199321 197 57 0
0.606919 -0.229449 0.197346 197 57 0
0.603381 -0.231749 0.193972 197 57 0
0.599961 -0.230571 0.190567 197 57 0
0.596377 -0.228011 0.186878 197 57 0
0.593766 -0.223517 0.184263 197 57 0
0.592823 -0.217789 0.183335 197 57 0
0.593638 -0.211957 0.184023 197 57 0
0.595823 -0.206886 0.186187 197 57 0
0.599098 -0.203186 0.189181 197 57 0
0.603191 -0.203091 0.193478 197 57 0
0.607397 -0.204336 0.197456 197 57 0
0.609278 -0.209569 0.199535 197 57 0
0.609706 -0.215276 0.200214 197 57 0
0.607491 -0.220242 0.19826 197 57 0
0.603524 -0.222151 0.194584 197 57 0
0.599379 -0.222302 0.190758 197 57 0
0.596357 -0.218207 0.187564 197 57 0
0.594197 -0.213039 0.185409 197 57 0
0.593631 -0.207173 0.184849 197 57 0
0.594375 -0.201421 0.185684 197 57 0
0.596526 -0.196329 0.18786 197 57 0
0.600413 -0.193438 0.191414 197 57 0
0.604614 -0.193224 0.195313 197 57 0
0.608405 -0.196118 0.19891 197 57 0
0.609977 -0.201466 0.2006 197 57 0
0.610183 -0.206964 0.200348 197 57 0
0.607597 -0.210917 0.197677 197 57 0
0.603699 -0.212474 0.193898 197 57 0
0.599407 -0.210607 0.190344 197 57 0
0.596066 -0.20655 0.187495 197 57 0
0.593901 -0.201154 0.186024 197 57 0
0.59318 -0.195316 0.185836 197 57 0
0.594571 -0.189812 0.187393 197 57 0
0.598086 -0.186328 0.190692 197 57 0
0.601413 -0.182854 0.194167 197 57 0
0.605425 -0.184189 0.198084 197 57 0
0.609581 -0.186415 0.201487 197 57 0
0.611313 -0.191726 0.202779 197 57 0
0.610104 -0.197119 0.201534 197 57 0
0.607631 -0.201482 0.198434 197 57 0
0.603366 -0.202825 0.194651 197 57 0
0.599524 -0.200207 0.191248 197 57 0
0.596248 -0.195969 0.188807 197 57 0
0.594198 -0.190459 0.187618 197 57 0
0.593864 -0.184526 0.188179 197 57 0
0.595614 -0.179298 0.190113 197 57 0
0.598868 -0.175796 0.193469 197 57 0
0.602691 -0.174151 0.197563 197 57 0
0.606768 -0.175307 0.201437 197 57 0
0.609797 -0.179745 0.203827 197 57 0
0.610726 -0.185409 0.203889 197 57 0
0.608197 -0.190033 0.20129 197 57 0
0.604403 -0.192652 0.197587 197 57 0
0.600285 -0.190924 0.193831 197 57 0
0.596463 -0.187351 0.190947 198 56 0
0.594011 -0.182666 0.189456 198 56 0
0.593417 -0.176811 0.189744 198 56 0
0.594324 -0.171052 0.19118 198 56 0
0.596668 -0.166721 0.193787 198 56 0
0.60039 -0.164065 0.197583 198 56 0
0.604794 -0.164092 0.201669 198 56 0
0.608368 -0.167012 0.205017 198 56 0
0.610906 -0.171949 0.206864 198 56 0
0.610574 -0.17771 0.205899 198 56 0
0.60747 -0.181537 0.202744 198 56 0
0.603268 -0.182463 0.19882 198 56 0
0.599336 -0.181079 0.195347 198 56 0
0.596085 -0.176869 0.192989 198 56 0
0.594375 -0.171184 0.192122 198 56 0
0.593568 -0.165296 0.192304 198 56 0
0.594893 -0.15984 0.19435 198 56 0
0.597887 -0.15581 0.197464 198 56 0
0.601809 -0.154062 0.201435 198 56 0
0.605838 -0.154956 0.205207 198 56 0
0.609048 -0.159259 0.207897 198 56 0
0.610197 -0.164757 0.208347 198 56 0
0.608951 -0.170095 0.206358 198 56 0
0.605603 -0.172375 0.20306 198 56 0
0.601247 -0.172208 0.198962 198 56 0
0.597454 -0.169355 0.195948 198 56 0
0.594237 -0.165038 0.19378 198 56 0
0.593651 -0.159104 0.193846 198 56 0
0.593584 -0.153385 0.194745 198 56 0
0.595688 -0.148543 0.197578 198 56 0
0.599044 -0.145113 0.20114 198 56 0
0.602919 -0.144017 0.205368 198 56 0
0.606828 -0.146089 0.209024 198 56 0
0.60961 -0.150849 0.211077 198 56 0
0.610463 -0.156592 0.210748 198 56 0
0.607928 -0.161058 0.207733 198 56 0
0.604498 -0.164038 0.203994 198 56 0
0.60036 -0.162158 0.200201 198 56 0
0.596884 -0.159363 0.197002 198 56 0
0.594466 -0.154136 0.195318 198 56 0
0.592938 -0.148396 0.194678 198 56 0
0.594258 -0.14339 0.196765 198 56 0
0.595185 -0.138094 0.199019 198 56 0
0.598001 -0.135469 0.202849 198 56 0
0.601953 -0.134091 0.206863 198 56 0
0.605243 -0.135856 0.210967 198 56 0
0.607739 -0.139366 0.213004 198 56 0
0.610306 -0.14398 0.214172 198 56 0
0.609392 -0.14908 0.212475 198 56 0
0.607238 -0.152605 0.20944 198 56 0
0.60356 -0.153909 0.205345 198 56 0
0.59991 -0.152413 0.201552 198 56 0
0.597165 -0.148702 0.198704 198 56 0
0.595533 -0.144388 0.197238 198 56 0
0.594305 -0.139011 0.196778 198 56 0
0.594431 -0.133699 0.197932 198 56 0
0.59513 -0.128958 0.199944 198 56 0
0.596508 -0.126331 0.202082 198 56 0
0.598156 -0.125977 0.204837 198 56 0
0.600329 -0.124415 0.208479 198 56 0
0.602029 -0.125205 0.210433 198 56 0
0.605421 -0.127865 0.21346 198 56 0
0.608933 -0.130584 0.216284 198 56 0
0.612669 -0.133218 0.218898 198 56 0
0.616614 -0.135426 0.221574 198 56 0
0.61039 -0.136207 0.229362 198 56 0
0.663048 -0.137529 0.255922 198 56 0
0.667155 -0.136668 0.246845 199 55 0
0.668027 -0.141935 0.245047 199 55 0
0.668238 -0.146566 0.244612 199 55 0
0.668379 -0.151214 0.244287 199 55 0
0.668464 -0.155868 0.244025 199 55 0
0.668545 -0.160528 0.243929 199 55 0
0.668604 -0.16519 0.243958 199 55 0
0.668569 -0.169852 0.243993 199 55 0
0.668547 -0.174511 0.24402 199 55 0
0.668649 -0.179725 0.243813 199 55 0
0.669477 -0.184377 0.2432 199 55 0
0.669975 -0.189083 0.242649 199 55 0
0.670532 -0.19379 0.242155 199 55 0
0.671058 -0.198509 0.241758 199 55 0
0.671408 -0.203254 0.241575 199 55 0
0.671513 -0.208016 0.241583 199 55 0
0.671488 -0.21278 0.241689 199 55 0
0.671532 -0.217543 0.241803 199 55 0
0.671627 -0.222307 0.241757 199 55 0
0.671634 -0.22707 0.24178 199 55 0
0.671507 -0.22198 0.242225 199 55 0
0.671504 -0.216672 0.241829 199 55 0
0.671447 -0.211354 0.241644 199 55 0
0.671107 -0.206049 0.241391 199 55 0
0.670808 -0.200737 0.241491 199 55 0
0.670277 -0.195454 0.24186 199 55 0
0.669615 -0.190201 0.242399 199 55 0
0.669115 -0.184976 0.243167 199 55 0
0.668649 -0.179725 0.243813 199 55 0
0.668546 -0.174995 0.243819 199 55 0
0.668578 -0.170266 0.243968 199 55 0
0.668603 -0.165535 0.243961 199 55 0
0.66855 -0.160804 0.243931 199 55 0
0.668467 -0.156075 0.244016 199 55 0
0.668382 -0.151352 0.244277 199 55 0
0.668243 -0.146635 0.244609 199 55 0
0.668027 -0.141935 0.245047 199 55 0
0.665858 -0.124349 0.247971 199 55 0
0.670885 -0.125665 0.249982 199 55 0
0.675343 -0.128155 0.251366 199 55 0
0.678638 -0.131961 0.251893 199 55 0
0.681175 -0.137263 0.252181 199 55 0
0.680623 -0.14304 0.251199 199 55 0
0.67734 -0.14663 0.248941 199 55 0
0.672999 -0.149152 0.246653 199 55 0
0.668154 -0.146894 0.244688 199 55 0
0.664613 -0.142076 0.243418 199 55 0
0.665451 -0.137012 0.244513 199 55 0
0.666189 -0.131395 0.245398 199 55 0
0.670245 -0.127986 0.247901 199 55 0
0.675182 -0.125977 0.250539 199 55 0
0.680656 -0.126043 0.253257 199 55 0
0.685487 -0.128193 0.255346 199 55 0
0.688844 -0.133123 0.256348 199 55 0
0.690536 -0.138769 0.256456 199 55 0
0.690472 -0.144436 0.255593 199 55 0
0.686603 -0.14817 0.252931 199 55 0
0.681695 -0.149168 0.250185 199 55 0
0.677077 -0.146394 0.248308 199 55 0
0.674983 -0.140918 0.248163 199 55 0
0.675036 -0.134999 0.249243 199 55 0
0.677954 -0.13035 0.251851 199 55 0
0.681582 -0.127949 0.254419 199 55 0
0.685836 -0.126116 0.257009 199 55 0
0.68966 -0.127551 0.257788 199 55 0
0.694068 -0.130047 0.258712 199 55 0
0.697176 -0.134319 0.258762 199 55 0
0.699122 -0.139582 0.258576 200 54 0
0.69828 -0.144749 0.257103 200 54 0
0.696385 -0.150218 0.255651 200 54 0
0.692456 -0.154105 0.253642 200 54 0
0.687302 -0.155388 0.251069 200 54 0
0.683136 -0.153927 0.249548 200 54 0
0.679375 -0.150305 0.248518 200 54 0
0.677603 -0.145283 0.248364 200 54 0
0.679469 -0.139781 0.249734 200 54 0
0.684004 -0.137381 0.25211 200 54 0
0.689213 -0.135856 0.254348 200 54 0
0.693444 -0.139438 0.255917 200 54 0
0.697537 -0.143198 0.257504 200 54 0
0.699472 -0.148815 0.257745 200 54 0
0.699611 -0.15478 0.257078 200 54 0
0.696778 -0.159461 0.255176 200 54 0
0.693537 -0.164243 0.25353 200 54 0
0.688638 -0.166629 0.251053 200 54 0
0.68365 -0.164931 0.248768 200 54 0
0.679632 -0.160824 0.247124 200 54 0
0.67822 -0.155308 0.246787 200 54 0
0.680399 -0.150857 0.247966 200 54 0
0.685087 -0.14785 0.250198 200 54 0
0.690046 -0.147215 0.252463 200 54 0
0.694337 -0.150792 0.254307 200 54 0
0.698774 -0.154162 0.256125 200 54 0
0.700202 -0.15977 0.256479 200 54 0
0.699955 -0.165752 0.256045 200 54 0
0.697267 -0.170791 0.254525 200 54 0
0.69327 -0.174419 0.252634 200 54 0
0.688284 -0.176518 0.250205 200 54 0
0.683029 -0.174949 0.248099 200 54 0
0.678965 -0.171056 0.246301 200 54 0
0.678575 -0.165245 0.246401 200 54 0
0.681426 -0.160663 0.247819 200 54 0
0.685856 -0.158673 0.249756 200 54 0
0.69098 -0.158173 0.251875 200 54 0
0.695659 -0.16132 0.253609 200 54 0
0.698894 -0.16622 0.254354 200 54 0
0.700579 -0.171811 0.254437 200 54 0
0.700174 -0.177487 0.253724 200 54 0
0.697627 -0.182685 0.252242 200 54 0
0.693706 -0.186182 0.250418 200 54 0
0.688163 -0.186471 0.248276 200 54 0
0.6828 -0.186041 0.246814 200 54 0
0.67956 -0.181962 0.246519 200 54 0
0.678384 -0.176281 0.246667 200 54 0
0.680481 -0.172414 0.247891 200 54 0
0.683779 -0.169396 0.249013 200 54 0
0.688851 -0.168987 0.250487 200 54 0
0.693409 -0.170008 0.251927 200 54 0
0.697658 -0.172482 0.252701 200 54 0
0.701283 -0.175906 0.253488 200 54 0
0.702212 -0.181605 0.25288 200 54 0
0.701853 -0.187071 0.251544 200 54 0
0.700157 -0.192114 0.250457 200 54 0
0.696863 -0.196246 0.249216 200 54 0
0.692482 -0.198607 0.247753 200 54 0
0.68704 -0.197762 0.245944 200 54 0
0.682618 -0.193783 0.245302 200 54 0
0.67916 -0.189211 0.244511 200 54 0
0.680659 -0.183927 0.245523 200 54 0
0.685164 -0.180495 0.247479 200 54 0
0.690536 -0.179198 0.249114 200 54 0
0.695896 -0.180921 0.250955 200 54 0
0.699478 -0.185041 0.251588 200 54 0
0.7027 -0.190017 0.252358 200 54 0
0.703156 -0.195879 0.252053 200 54 0
0.701864 -0.201645 0.251285 201 53 0
0.698574 -0.206276 0.249667 201 53 0
0.693451 -0.208389 0.247537 201 53 0
0.687963 -0.208276 0.245254 201 53 0
0.683198 -0.205683 0.243858 201 53 0
0.681884 -0.199933 0.243697 201 53 0
0.683259 -0.194379 0.24433 201 53 0
0.687377 -0.190651 0.245838 201 53 0
0.69298 -0.191028 0.247903 201 53 0
0.698313 -0.192481 0.250052 201 53 0
0.701555 -0.197135 0.251215 201 53 0
0.703465 -0.20263 0.251962 201 53 0
0.703723 -0.208616 0.252072 201 53 0
0.700784 -0.213363 0.250769 201 53 0
0.696479 -0.217105 0.248972 201 53 0
0.691487 -0.219169 0.247129 201 53 0
0.686364 -0.218109 0.244981 201 53 0
0.682295 -0.214046 0.243411 201 53 0
0.682297 -0.208174 0.243373 201 53 0
0.684761 -0.203013 0.244184 201 53 0
0.689847 -0.200998 0.246022 201 53 0
0.695351 -0.201103 0.248394 201 53 0
0.69938 -0.204564 0.249987 201 53 0
0.702304 -0.209679 0.2511 201 53 0
0.703722 -0.215138 0.251598 201 53 0
0.703339 -0.220995 0.251433 201 53 0
0.699905 -0.225733 0.250146 201 53 0
0.694988 -0.228498 0.248392 201 53 0
0.689486 -0.229271 0.246624 201 53 0
0.684284 -0.227509 0.244428 201 53 0
0.682234 -0.22272 0.243731 201 53 0
0.682703 -0.217473 0.243903 201 53 0
0.68656 -0.213259 0.245417 201 53 0
0.691682 -0.211031 0.247139 201 53 0
0.696726 -0.213276 0.248638 201 53 0
0.701724 -0.215994 0.250483 201 53 0
0.704027 -0.220955 0.250919 201 53 0
0.705095 -0.226274 0.251039 201 53 0
0.704787 -0.232124 0.250682 201 53 0
0.701476 -0.236303 0.248858 201 53 0
0.697968 -0.240619 0.247152 201 53 0
0.69255 -0.240679 0.244734 201 53 0
0.687604 -0.239378 0.243445 201 53 0
0.684434 -0.235646 0.243085 201 53 0
0.682224 -0.230636 0.243606 201 53 0
0.684387 -0.22635 0.2456 201 53 0
0.687888 -0.222346 0.246908 201 53 0
0.692913 -0.222463 0.248199 201 53 0
0.698699 -0.222775 0.249082 201 53 0
0.702997 -0.22687 0.250395 201 53 0
0.704986 -0.232258 0.250865 201 53 0
0.705255 -0.238096 0.250718 201 53 0
0.70309 -0.243277 0.24945 201 53 0
0.69818 -0.245919 0.24702 201 53 0
0.692716 -0.246328 0.244683 201 53 0
0.687739 -0.243445 0.24303 201 53 0
0.684882 -0.238178 0.242427 201 53 0
0.683175 -0.232876 0.242441 201 53 0
0.685023 -0.22736 0.244124 201 53 0
0.688182 -0.223925 0.246472 201 53 0
0.692697 -0.222463 0.248572 201 53 0
0.697918 -0.222732 0.24939 201 53 0
0.701677 -0.224587 0.250091 201 53 0
0.704625 -0.228023 0.250418 201 53 0
0.705494 -0.232144 0.250172 201 53 0
0.704217 -0.23658 0.24935 201 53 0
0.701203 -0.239902 0.248221 201 53 0
0.695926 -0.240642 0.24628 202 52 0
0.69064 -0.240158 0.244743 202 52 0
0.68649 -0.236049 0.243692 202 52 0
0.683937 -0.232261 0.243816 202 52 0
0.681551 -0.227075 0.243717 202 52 0
0.683316 -0.222255 0.244977 202 52 0
0.68587 -0.217444 0.245655 202 52 0
0.689853 -0.214267 0.246601 202 52 0
0.694888 -0.212834 0.248176 202 52 0
0.700105 -0.214613 0.249728 202 52 0
0.703763 -0.217761 0.250798 202 52 0
0.70543 -0.223191 0.251549 202 52 0
0.702568 -0.227967 0.250373 202 52 0
0.698259 -0.230605 0.248837 202 52 0
0.694198 -0.232188 0.247736 202 52 0
0.689053 -0.230051 0.24627 202 52 0
0.685181 -0.225752 0.244927 202 52 0
0.681438 -0.221504 0.243449 202 52 0
0.681804 -0.215533 0.243752 202 52 0
0.684341 -0.210454 0.244717 202 52 0
0.687615 -0.205642 0.245678 202 52 0
0.692455 -0.202664 0.24693 202 52 0
0.697497 -0.20457 0.248594 202 52 0
0.702755 -0.205903 0.250863 202 52 0
0.704126 -0.210913 0.251395 202 52 0
0.703612 -0.216851 0.251577 202 52 0
0.700348 -0.221344 0.250602 202 52 0
0.695136 -0.222639 0.248667 202 52 0
0.689769 -0.221459 0.246623 202 52 0
0.685309 -0.217866 0.245097 202 52 0
0.682228 -0.213156 0.243817 202 52 0
0.681834 -0.207236 0.243689 202 52 0
0.683262 -0.20168 0.244119 202 52 0
0.68622 -0.1966 0.245156 202 52 0
0.691461 -0.19432 0.246937 202 52 0
0.696698 -0.193376 0.249039 202 52 0
0.701439 -0.196442 0.250737 202 52 0
0.703684 -0.201535 0.251269 202 52 0
0.703959 -0.207502 0.251493 202 52 0
0.700246 -0.211607 0.250028 202 52 0
0.695076 -0.212841 0.248127 202 52 0
0.689703 -0.211597 0.246015 202 52 0
0.685093 -0.208376 0.244528 202 52 0
0.682876 -0.202838 0.243975 202 52 0
0.681818 -0.197092 0.243942 202 52 0
0.683617 -0.191567 0.245042 202 52 0
0.686362 -0.187106 0.24613 202 52 0
0.691195 -0.184264 0.248214 202 52 0
0.696796 -0.184398 0.250342 202 52 0
0.701448 -0.187096 0.252106 202 52 0
0.703225 -0.192709 0.252284 202 52 0
0.702531 -0.198249 0.251647 202 52 0
0.698262 -0.201383 0.249668 202 52 0
0.693045 -0.202743 0.247925 202 52 0
0.687833 -0.201041 0.246074 202 52 0
0.683629 -0.197087 0.244818 202 52 0
0.68127 -0.191672 0.244381 202 52 0
0.681027 -0.185704 0.244859 202 52 0
0.682635 -0.180267 0.24611 202 52 0
0.686536 -0.176424 0.248187 202 52 0
0.691401 -0.174103 0.250243 202 52 0
0.696729 -0.175729 0.252241 202 52 0
0.701383 -0.178181 0.253715 202 52 0
0.702099 -0.184018 0.253402 202 52 0
0.70108 -0.189823 0.252567 202 52 0
0.696436 -0.192645 0.250502 202 52 0
0.691326 -0.193551 0.24858 202 52 0
0.686261 -0.190891 0.246798 203 51 0
0.682998 -0.18602 0.245891 203 51 0
0.680065 -0.18092 0.245003 203 51 0
0.680847 -0.175554 0.246028 203 51 0
0.683084 -0.170215 0.247558 203 51 0
0.686407 -0.166587 0.249201 203 51 0
0.691362 -0.164392 0.251421 203 51 0
0.696585 -0.165855 0.253499 203 51 0
0.700589 -0.169028 0.254767 203 51 0
0.701616 -0.174346 0.254909 203 51 0
0.700432 -0.179856 0.254262 203 51 0
0.695831 -0.182579 0.252083 203 51 0
0.690798 -0.184214 0.250039 203 51 0
0.686022 -0.18181 0.248287 203 51 0
0.682152 -0.177495 0.246947 203 51 0
0.678996 -0.172532 0.245836 203 51 0
0.679568 -0.166865 0.246605 203 51 0
0.681791 -0.161469 0.247965 203 51 0
0.68498 -0.156813 0.249458 203 51 0
0.690164 -0.155746 0.251871 203 51 0
0.695715 -0.155862 0.254091 203 51 0
0.699127 -0.16017 0.255394 203 51 0
0.700057 -0.165649 0.255553 203 51 0
0.698052 -0.171022 0.254517 203 51 0
0.693535 -0.17414 0.252471 203 51 0
0.688037 -0.173981 0.250098 203 51 0
0.683343 -0.171017 0.248383 203 51 0
0.680565 -0.166059 0.247477 203 51 0
0.678196 -0.161077 0.2468 203 51 0
0.678777 -0.155303 0.247441 203 51 0
0.681322 -0.150097 0.248949 203 51 0
0.685357 -0.146525 0.250958 203 51 0
0.690785 -0.145831 0.253316 203 51 0
0.696032 -0.146468 0.255644 203 51 0
0.699747 -0.150924 0.256979 203 51 0
0.700113 -0.156861 0.25638 203 51 0
0.698236 -0.161909 0.255148 203 51 0
0.693729 -0.164238 0.253079 203 51 0
0.688269 -0.164095 0.250613 203 51 0
0.683538 -0.161817 0.249017 203 51 0
0.680479 -0.156728 0.248234 203 51 0
0.677818 -0.152008 0.247567 203 51 0
0.677777 -0.146086 0.248356 203 51 0
0.680115 -0.141318 0.250235 203 51 0
0.68389 -0.137312 0.252583 203 51 0
0.68898 -0.135944 0.255049 203 51 0
0.694076 -0.136609 0.256783 203 51 0
0.697951 -0.140749 0.257968 203 51 0
0.700199 -0.145236 0.257818 203 51 0
0.699613 -0.150878 0.256849 203 51 0
0.696267 -0.154016 0.254837 203 51 0
0.691576 -0.155648 0.252716 203 51 0
0.686658 -0.15407 0.250809 203 51 0
0.682103 -0.151144 0.249244 203 51 0
0.679525 -0.1466 0.249289 203 51 0
0.6773 -0.14167 0.2493 203 51 0
0.676838 -0.135976 0.249995 203 51 0
0.678564 -0.131532 0.251898 203 51 0
0.682197 -0.128553 0.254672 203 51 0
0.685899 -0.126116 0.2569 203 51 0
0.68351 -0.127434 0.255465 203 51 0
0.680101 -0.129428 0.253329 203 51 0
0.676677 -0.131412 0.251207 203 51 0
0.673239 -0.133434 0.249144 203 51 0
0.669789 -0.13544 0.247085 203 51 0
0.665752 -0.136367 0.256187 203 51 0
0.612143 -0.13736 0.23039 203 51 0
0.618381 -0.136651 0.222607 203 51 0
0.618381 -0.136651 0.222607 204 50 0
0.618848 -0.141779 0.221908 204 50 0
0.619321 -0.146415 0.22122 204 50 0
0.619708 -0.151075 0.220653 204 50 0
0.620043 -0.155747 0.220158 204 50 0
0.620283 -0.160436 0.219802 204 50 0
0.620423 -0.165139 0.219599 204 50 0
0.620487 -0.169849 0.21952 204 50 0
0.620454 -0.174558 0.219568 204 50 0
0.620012 -0.180065 0.218777 204 50 0
0.619867 -0.184764 0.217658 204 50 0
0.619652 -0.189427 0.216404 204 50 0
0.619451 -0.194095 0.215168 204 50 0
0.619285 -0.198802 0.214093 204 50 0
0.61904 -0.203537 0.213162 204 50 0
0.618633 -0.208287 0.212379 204 50 0
0.618067 -0.213043 0.211733 204 50 0
0.617408 -0.217793 0.211136 204 50 0
0.616761 -0.222542 0.210519 204 50 0
0.615973 -0.227269 0.209933 204 50 0
0.616639 -0.221985 0.210832 204 50 0
0.617456 -0.217309 0.211208 204 50 0
0.618125 -0.212628 0.211785 204 50 0
0.618672 -0.207939 0.212428 204 50 0
0.619059 -0.203258 0.213213 204 50 0
0.619428 -0.198636 0.214282 204 50 0
0.619791 -0.194061 0.215554 204 50 0
0.620008 -0.189475 0.216821 204 50 0
0.620356 -0.184981 0.218361 204 50 0
0.620578 -0.180025 0.219416 204 50 0
0.62057 -0.17522 0.219396 204 50 0
0.620503 -0.170417 0.219497 204 50 0
0.620417 -0.165614 0.21961 204 50 0
0.620283 -0.160815 0.219802 204 50 0
0.620058 -0.156029 0.220135 204 50 0
0.619725 -0.151261 0.220628 204 50 0
0.619335 -0.146506 0.2212 204 50 0
0.618848 -0.141779 0.221908 204 50 0
0.617496 -0.124352 0.223826 204 50 0
0.622298 -0.125954 0.226007 204 50 0
0.625164 -0.129988 0.226947 204 50 0
0.627113 -0.135237 0.227321 204 50 0
0.625911 -0.140362 0.2258 204 50 0
0.62346 -0.145237 0.22373 204 50 0
0.619127 -0.147002 0.220517 204 50 0
0.614862 -0.149005 0.217474 204 50 0
0.610343 -0.146591 0.214589 204 50 0
0.606033 -0.144533 0.212103 204 50 0
0.602907 -0.139636 0.210484 204 50 0
0.602628 -0.133831 0.210905 204 50 0
0.604071 -0.128167 0.212301 204 50 0
0.607684 -0.1247 0.215133 204 50 0
0.612291 -0.125605 0.218441 204 50 0
0.615814 -0.129902 0.220546 204 50 0
0.617369 -0.13548 0.221061 204 50 0
0.615723 -0.140445 0.219167 204 50 0
0.614134 -0.144879 0.217231 204 50 0
0.610119 -0.14718 0.213391 204 50 0
0.605807 -0.149126 0.209782 204 50 0
0.602064 -0.146682 0.20625 204 50 0
0.598453 -0.143122 0.202985 204 50 0
0.595907 -0.139104 0.200644 204 50 0
0.595119 -0.133357 0.200182 204 50 0
0.595474 -0.12863 0.201214 204 50 0
0.597858 -0.125984 0.204339 204 50 0
0.600463 -0.124415 0.208247 204 50 0
0.602829 -0.125977 0.211339 204 50 0
0.606079 -0.129112 0.213928 205 49 0
0.608617 -0.133166 0.215154 205 49 0
0.609063 -0.139109 0.214686 205 49 0
0.609008 -0.14474 0.213101 205 49 0
0.607479 -0.149053 0.210532 205 49 0
0.604723 -0.152306 0.206749 205 49 0
0.600598 -0.152356 0.202462 205 49 0
0.596859 -0.150995 0.198536 205 49 0
0.593927 -0.147172 0.1962 205 49 0
0.592162 -0.141735 0.195698 205 49 0
0.594394 -0.137057 0.198362 205 49 0
0.597323 -0.134248 0.202091 205 49 0
0.601593 -0.134124 0.206254 205 49 0
0.605087 -0.137686 0.209163 205 49 0
0.608062 -0.142116 0.211166 205 49 0
0.609907 -0.147369 0.211636 205 49 0
0.608918 -0.152871 0.209886 205 49 0
0.607009 -0.15788 0.207288 205 49 0
0.6034 -0.160781 0.20373 205 49 0
0.599578 -0.161599 0.199948 205 49 0
0.595712 -0.160174 0.196385 205 49 0
0.592881 -0.155475 0.194247 205 49 0
0.592655 -0.149639 0.194651 205 49 0
0.593993 -0.145088 0.196641 205 49 0
0.597717 -0.142552 0.200164 205 49 0
0.602226 -0.143541 0.20378 205 49 0
0.605668 -0.147496 0.206471 205 49 0
0.608078 -0.152653 0.20787 205 49 0
0.60871 -0.158526 0.207609 205 49 0
0.608276 -0.164162 0.206309 205 49 0
0.605368 -0.168174 0.203279 205 49 0
0.601414 -0.170759 0.199627 205 49 0
0.597248 -0.170965 0.195355 205 49 0
0.59349 -0.167505 0.192521 205 49 0
0.591948 -0.161977 0.191423 205 49 0
0.591582 -0.156037 0.191907 205 49 0
0.594416 -0.152348 0.194531 205 49 0
0.598563 -0.150915 0.198333 205 49 0
0.602811 -0.153164 0.201843 205 49 0
0.60518 -0.157886 0.203756 205 49 0
0.607513 -0.163103 0.205027 205 49 0
0.608 -0.16901 0.204397 205 49 0
0.607076 -0.174538 0.202792 205 49 0
0.603562 -0.177711 0.199204 205 49 0
0.599708 -0.178434 0.194964 205 49 0
0.595459 -0.17742 0.191008 205 49 0
0.592065 -0.174041 0.188341 205 49 0
0.590784 -0.168598 0.187715 205 49 0
0.592184 -0.16357 0.189426 205 49 0
0.595469 -0.160966 0.193325 205 49 0
0.599501 -0.16082 0.197709 205 49 0
0.603823 -0.163056 0.201095 205 49 0
0.606182 -0.167949 0.202976 205 49 0
0.607227 -0.173699 0.203405 205 49 0
0.606538 -0.179105 0.201888 205 49 0
0.604704 -0.183983 0.199122 205 49 0
0.602015 -0.186814 0.195009 205 49 0
0.598632 -0.187949 0.191039 205 49 0
0.594881 -0.1868 0.186979 205 49 0
0.592378 -0.182537 0.184186 205 49 0
0.590241 -0.178447 0.183064 205 49 0
0.591866 -0.173624 0.184737 205 49 0
0.593088 -0.170697 0.187617 205 49 0
0.595393 -0.168553 0.190153 205 49 0
0.597878 -0.16844 0.194204 205 49 0
0.599934 -0.170901 0.196994 205 49 0
0.602842 -0.173154 0.199575 205 49 0
0.605195 -0.177876 0.201304 206 48 0
0.606903 -0.183279 0.201616 206 48 0
0.606309 -0.188787 0.200086 206 48 0
0.604786 -0.193405 0.197257 206 48 0
0.602493 -0.1961 0.193332 206 48 0
0.598915 -0.197971 0.189198 206 48 0
0.594783 -0.196719 0.185273 206 48 0
0.592767 -0.192566 0.183269 206 48 0
0.590437 -0.187542 0.182334 206 48 0
0.592255 -0.183031 0.18457 206 48 0
0.595103 -0.180353 0.188271 206 48 0
0.599064 -0.178607 0.192182 206 48 0
0.602666 -0.181978 0.195471 206 48 0
0.605903 -0.185963 0.198088 206 48 0
0.607937 -0.191439 0.199432 206 48 0
0.607685 -0.197132 0.198699 206 48 0
0.606218 -0.202594 0.196745 206 48 0
0.603893 -0.207057 0.193808 206 48 0
0.599884 -0.208165 0.189657 206 48 0
0.59566 -0.207032 0.185758 206 48 0
0.591891 -0.203746 0.182787 206 48 0
0.591245 -0.198225 0.182384 206 48 0
0.592584 -0.192601 0.183792 206 48 0
0.596797 -0.191208 0.187574 206 48 0
0.601008 -0.190612 0.191556 206 48 0
0.604365 -0.193994 0.194765 206 48 0
0.607565 -0.198313 0.19742 206 48 0
0.608723 -0.203969 0.198545 206 48 0
0.607803 -0.209823 0.197823 206 48 0
0.605979 -0.215207 0.195995 206 48 0
0.603024 -0.219356 0.193308 206 48 0
0.598704 -0.220552 0.189491 206 48 0
0.594759 -0.21793 0.185982 206 48 0
0.592369 -0.213196 0.183373 206 48 0
0.591522 -0.207429 0.182591 206 48 0
0.594695 -0.203217 0.185106 206 48 0
0.597894 -0.200075 0.188117 206 48 0
0.602039 -0.201996 0.191703 206 48 0
0.605705 -0.205102 0.195164 206 48 0
0.608218 -0.210017 0.197395 206 48 0
0.608841 -0.215786 0.198288 206 48 0
0.607291 -0.221479 0.197272 206 48 0
0.60449 -0.225985 0.19489 206 48 0
0.60204 -0.230489 0.192454 206 48 0
0.597722 -0.229938 0.188395 206 48 0
0.593643 -0.227448 0.184777 206 48 0
0.591487 -0.222875 0.182574 206 48 0
0.592508 -0.217313 0.183264 206 48 0
0.595092 -0.21267 0.185972 206 48 0
0.599405 -0.211698 0.189939 206 48 0
0.603277 -0.213545 0.193687 206 48 0
0.606801 -0.216875 0.196922 206 48 0
0.608667 -0.222323 0.198509 206 48 0
0.60882 -0.228297 0.198439 206 48 0
0.607148 -0.23362 0.196655 206 48 0
0.605128 -0.238494 0.193909 206 48 0
0.601448 -0.240133 0.190074 206 48 0
0.597766 -0.240897 0.186613 206 48 0
0.594096 -0.238796 0.183101 206 48 0
0.59204 -0.23491 0.181269 206 48 0
0.592075 -0.22894 0.181556 206 48 0
0.59424 -0.22451 0.183975 206 48 0
0.596784 -0.222495 0.187511 206 48 0
0.599801 -0.222927 0.191345 206 48 0
0.603636 -0.224083 0.195155 206 48 0
0.607881 -0.226716 0.197386 206 48 0
0.609352 -0.232468 0.197722 206 48 0
0.609054 -0.238357 0.196743 206 48 0
0.606409 -0.242851 0.19409 207 47 0
0.603053 -0.246343 0.190629 207 47 0
0.598554 -0.246343 0.186976 207 47 0
0.594489 -0.242994 0.183996 207 47 0
0.591681 -0.238365 0.182048 207 47 0
0.59174 -0.232307 0.182229 207 47 0
0.593995 -0.227121 0.184183 207 47 0
0.59666 -0.222434 0.186908 207 47 0
0.600134 -0.222927 0.190768 207 47 0
0.603217 -0.222683 0.195136 207 47 0
0.605686 -0.224894 0.197383 207 47 0
0.607672 -0.228906 0.198691 207 47 0
0.60907 -0.234138 0.198447 207 47 0
0.608272 -0.23803 0.196331 207 47 0
0.60499 -0.239833 0.193106 207 47 0
0.601876 -0.242378 0.189805 207 47 0
0.598188 -0.239417 0.18654 207 47 0
0.59457 -0.236706 0.183679 207 47 0
0.592942 -0.231357 0.182441 207 47 0
0.592235 -0.226057 0.182345 207 47 0
0.593697 -0.220788 0.183938 207 47 0
0.596163 -0.216633 0.186539 207 47 0
0.59905 -0.213059 0.190082 207 47 0
0.603256 -0.212769 0.194339 207 47 0
0.606715 -0.215554 0.197828 207 47 0
0.608786 -0.21937 0.199903 207 47 0
0.608341 -0.224353 0.199321 207 47 0
0.606919 -0.229449 0.197346 207 47 0
0.603381 -0.231749 0.193972 207 47 0
0.599961 -0.230571 0.190567 207 47 0
0.596377 -0.228011 0.186878 207 47 0
0.593766 -0.223517 0.184263 207 47 0
0.592823 -0.217789 0.183335 207 47 0
0.593638 -0.211957 0.184023 207 47 0
0.595823 -0.206886 0.186187 207 47 0
0.599098 -0.203186 0.189181 207 47 0
0.603191 -0.203091 0.193478 207 47 0
0.607397 -0.204336 0.197456 207 47 0
0.609278 -0.209569 0.199535 207 47 0
0.609706 -0.215276 0.200214 207 47 0
0.607491 -0.220242 0.19826 207 47 0
0.603524 -0.222151 0.194584 207 47 0
0.599379 -0.222302 0.190758 207 47 0
0.596357 -0.218207 0.187564 207 47 0
0.594197 -0.213039 0.185409 207 47 0
0.593631 -0.207173 0.184849 207 47 0
0.594375 -0.201421 0.185684 207 47 0
0.596526 -0.196329 0.18786 207 47 0
0.600413 -0.193438 0.191414 207 47 0
0.604614 -0.193224 0.195313 207 47 0
0.608405 -0.196118 0.19891 207 47 0
0.609977 -0.201466 0.2006 207 47 0
0.610183 -0.206964 0.200348 207 47 0
0.607597 -0.210917 0.197677 207 47 0
0.603699 -0.212474 0.193898 207 47 0
0.599407 -0.210607 0.190344 207 47 0
0.596066 -0.20655 0.187495 207 47 0
0.593901 -0.201154 0.186024 207 47 0
0.59318 -0.195316 0.185836 207 47 0
0.594571 -0.189812 0.187393 207 47 0
0.598086 -0.186328 0.190692 207 47 0
0.601413 -0.182854 0.194167 207 47 0
0.605425 -0.184189 0.198084 207 47 0
0.609581 -0.186415 0.201487 207 47 0
0.611313 -0.191726 0.202779 207 47 0
0.610104 -0.197119 0.201534 207 47 0
0.607631 -0.201482 0.198434 207 47 0
0.603366 -0.202825 0.194651 208 46 0
0.599524 -0.200207 0.191248 208 46 0
0.596248 -0.195969 0.188807 208 46 0
0.594198 -0.190459 0.187618 208 46 0
0.593864 -0.184526 0.188179 208 46 0
0.595614 -0.179298 0.190113 208 46 0
0.598868 -0.175796 0.193469 208 46 0
0.602691 -0.174151 0.197563 208 46 0
0.606768 -0.175307 0.201437 208 46 0
0.609797 -0.179745 0.203827 208 46 0
0.610726 -0.185409 0.203889 208 46 0
0.608197 -0.190033 0.20129 208 46 0
0.604403 -0.192652 0.197587 208 46 0
0.600285 -0.190924 0.193831 208 46 0
0.596463 -0.187351 0.190947 208 46 0
0.594011 -0.182666 0.189456 208 46 0
0.593417 -0.176811 0.189744 208 46 0
0.594324 -0.171052 0.19118 208 46 0
0.596668 -0.166721 0.193787 208 46 0
0.60039 -0.164065 0.197583 208 46 0
0.604794 -0.164092 0.201669 208 46 0
0.608368 -0.167012 0.205017 208 46 0
0.610906 -0.171949 0.206864 208 46 0
0.610574 -0.17771 0.205899 208 46 0
0.60747 -0.181537 0.202744 208 46 0
0.603268 -0.182463 0.19882 208 46 0
0.599336 -0.181079 0.195347 208 46 0
0.596085 -0.176869 0.192989 208 46 0
0.594375 -0.171184 0.192122 208 46 0
0.593568 -0.165296 0.192304 208 46 0
0.594893 -0.15984 0.19435 208 46 0
0.597887 -0.15581 0.197464 208 46 0
0.601809 -0.154062 0.201435 208 46 0
0.605838 -0.154956 0.205207 208 46 0
0.609048 -0.159259 0.207897 208 46 0
0.610197 -0.164757 0.208347 208 46 0
0.608951 -0.170095 0.206358 208 46 0
0.605603 -0.172375 0.20306 208 46 0
0.601247 -0.172208 0.198962 208 46 0
0.597454 -0.169355 0.195948 208 46 0
0.594237 -0.165038 0.19378 208 46 0
0.593651 -0.159104 0.193846 208 46 0
0.593584 -0.153385 0.194745 208 46 0
0.595688 -0.148543 0.197578 208 46 0
0.599044 -0.145113 0.20114 208 46 0
0.602919 -0.144017 0.205368 208 46 0
0.606828 -0.146089 0.209024 208 46 0
0.60961 -0.150849 0.211077 208 46 0
0.610463 -0.156592 0.210748 208 46 0
0.607928 -0.161058 0.207733 208 46 0
0.604498 -0.164038 0.203994 208 46 0
0.60036 -0.162158 0.200201 208 46 0
0.596884 -0.159363 0.197002 208 46 0
0.594466 -0.154136 0.195318 208 46 0
0.592938 -0.148396 0.194678 208 46 0
0.594258 -0.14339 0.196765 208 46 0
0.595185 -0.138094 0.199019 208 46 0
0.598001 -0.135469 0.202849 208 46 0
0.601953 -0.134091 0.206863 208 46 0
0.605243 -0.135856 0.210967 208 46 0
0.607739 -0.139366 0.213004 208 46 0
0.610306 -0.14398 0.214172 208 46 0
0.609392 -0.14908 0.212475 208 46 0
0.607238 -0.152605 0.20944 208 46 0
0.60356 -0.153909 0.205345 208 46 0
0.59991 -0.152413 0.201552 208 46 0
0.597165 -0.148702 0.198704 208 46 0
0.595533 -0.144388 0.197238 209 45 0
0.594305 -0.139011 0.196778 209 45 0
0.594431 -0.133699 0.197932 209 45 0
0.59513 -0.128958 0.199944 209 45 0
0.596508 -0.126331 0.202082 209 45 0
0.598156 -0.125977 0.204837 209 45 0
0.600329 -0.124415 0.208479 209 45 0
0.602029 -0.125205 0.210433 209 45 0
0.605421 -0.127865 0.21346 209 45 0
0.608933 -0.130584 0.216284 209 45 0
0.612669 -0.133218 0.218898 209 45 0
0.616614 -0.135426 0.221574 209 45 0
0.61039 -0.136207 0.229362 209 45 0
0.663048 -0.137529 0.255922 209 45 0
0.667155 -0.136668 0.246845 209 45 0
0.668027 -0.141935 0.245047 209 45 0
0.668238 -0.146566 0.244612 209 45 0
0.668379 -0.151214 0.244287 209 45 0
0.668464 -0.155868 0.244025 209 45 0
0.668545 -0.160528 0.243929 209 45 0
0.668604 -0.16519 0.243958 209 45 0
0.668569 -0.169852 0.243993 209 45 0
0.668547 -0.174511 0.24402 209 45 0
0.668649 -0.179725 0.243813 209 45 0
0.669477 -0.184377 0.2432 209 45 0
0.669975 -0.189083 0.242649 209 45 0
0.670532 -0.19379 0.242155 209 45 0
0.671058 -0.198509 0.241758 209 45 0
0.671408 -0.203254 0.241575 209 45 0
0.671513 -0.208016 0.241583 209 45 0
0.671488 -0.21278 0.241689 209 45 0
0.671532 -0.217543 0.241803 209 45 0
0.671627 -0.222307 0.241757 209 45 0
0.671634 -0.22707 0.24178 209 45 0
0.671507 -0.22198 0.242225 209 45 0
0.671504 -0.216672 0.241829 209 45 0
0.671447 -0.211354 0.241644 209 45 0
0.671107 -0.206049 0.241391 209 45 0
0.670808 -0.200737 0.241491 209 45 0
0.670277 -0.195454 0.24186 209 45 0
0.669615 -0.190201 0.242399 209 45 0
0.669115 -0.184976 0.243167 209 45 0
0.668649 -0.179725 0.243813 209 45 0
0.668546 -0.174995 0.243819 209 45 0
0.668578 -0.170266 0.243968 209 45 0
0.668603 -0.165535 0.243961 209 45 0
0.66855 -0.160804 0.243931 209 45 0
0.668467 -0.156075 0.244016 209 45 0
0.668382 -0.151352 0.244277 209 45 0
0.668243 -0.146635 0.244609 209 45 0
0.668027 -0.141935 0.245047 209 45 0
0.665858 -0.124349 0.247971 209 45 0
0.670885 -0.125665 0.249982 209 45 0
0.675343 -0.128155 0.251366 209 45 0
0.678638 -0.131961 0.251893 209 45 0
0.681175 -0.137263 0.252181 209 45 0
0.680623 -0.14304 0.251199 209 45 0
0.67734 -0.14663 0.248941 209 45 0
0.672999 -0.149152 0.246653 209 45 0
0.668154 -0.146894 0.244688 209 45 0
0.664613 -0.142076 0.243418 209 45 0
0.665451 -0.137012 0.244513 209 45 0
0.666189 -0.131395 0.245398 209 45 0
0.670245 -0.127986 0.247901 209 45 0
0.675182 -0.125977 0.250539 209 45 0
0.680656 -0.126043 0.253257 209 45 0
0.685487 -0.128193 0.255346 209 45 0
0.688844 -0.133123 0.256348 209 45 0
0.690536 -0.138769 0.256456 210 44 0
0.690472 -0.144436 0.255593 210 44 0
0.686603 -0.14817 0.252931 210 44 0
0.681695 -0.149168 0.250185 210 44 0
0.677077 -0.146394 0.248308 210 44 0
0.674983 -0.140918 0.248163 210 44 0
0.675036 -0.134999 0.249243 210 44 0
0.677954 -0.13035 0.251851 210 44 0
0.681582 -0.127949 0.254419 210 44 0
0.685836 -0.126116 0.257009 210 44 0
0.68966 -0.127551 0.257788 210 44 0
0.694068 -0.130047 0.258712 210 44 0
0.697176 -0.134319 0.258762 210 44 0
0.699122 -0.139582 0.258576 210 44 0
0.69828 -0.144749 0.257103 210 44 0
0.696385 -0.150218 0.255651 210 44 0
0.692456 -0.154105 0.253642 210 44 0
0.687302 -0.155388 0.251069 210 44 0
0.683136 -0.153927 0.249548 210 44 0
0.679375 -0.150305 0.248518 210 44 0
0.677603 -0.145283 0.248364 210 44 0
0.679469 -0.139781 0.249734 210 44 0
0.684004 -0.137381 0.25211 210 44 0
0.689213 -0.135856 0.254348 210 44 0
0.693444 -0.139438 0.255917 210 44 0
0.697537 -0.143198 0.257504 210 44 0
0.699472 -0.148815 0.257745 210 44 0
0.699611 -0.15478 0.257078 210 44 0
0.696778 -0.159461 0.255176 210 44 0
0.693537 -0.164243 0.25353 210 44 0
0.688638 -0.166629 0.251053 210 44 0
0.68365 -0.164931 0.248768 210 44 0
0.679632 -0.160824 0.247124 210 44 0
0.67822 -0.155308 0.246787 210 44 0
0.680399 -0.150857 0.247966 210 44 0
0.685087 -0.14785 0.250198 210 44 0
0.690046 -0.147215 0.252463 210 44 0
0.694337 -0.150792 0.254307 210 44 0
0.698774 -0.154162 0.256125 210 44 0
0.700202 -0.15977 0.256479 210 44 0
0.699955 -0.165752 0.256045 210 44 0
0.697267 -0.170791 0.254525 210 44 0
0.69327 -0.174419 0.252634 210 44 0
0.688284 -0.176518 0.250205 210 44 0
0.683029 -0.174949 0.248099 210 44 0
0.678965 -0.171056 0.246301 210 44 0
0.678575 -0.165245 0.246401 210 44 0
0.681426 -0.160663 0.247819 210 44 0
0.685856 -0.158673 0.249756 210 44 0
0.69098 -0.158173 0.251875 210 44 0
0.695659 -0.16132 0.253609 210 44 0
0.698894 -0.16622 0.254354 210 44 0
0.700579 -0.171811 0.254437 210 44 0
0.700174 -0.177487 0.253724 210 44 0
0.697627 -0.182685 0.252242 210 44 0
0.693706 -0.186182 0.250418 210 44 0
0.688163 -0.186471 0.248276 210 44 0
0.6828 -0.186041 0.246814 210 44 0
0.67956 -0.181962 0.246519 210 44 0
0.678384 -0.176281 0.246667 210 44 0
0.680481 -0.172414 0.247891 210 44 0
0.683779 -0.169396 0.249013 210 44 0
0.688851 -0.168987 0.250487 210 44 0
0.693409 -0.170008 0.251927 210 44 0
0.697658 -0.172482 0.252701 210 44 0
0.701283 -0.175906 0.253488 210 44 0
0.702212 -0.181605 0.25288 210 44 0
0.701853 -0.187071 0.251544 211 43 0
0.700157 -0.192114 0.250457 211 43 0
0.696863 -0.196246 0.249216 211 43 0
0.692482 -0.198607 0.247753 211 43 0
0.68704 -0.197762 0.245944 211 43 0
0.682618 -0.193783 0.245302 211 43 0
0.67916 -0.189211 0.244511 211 43 0
0.680659 -0.183927 0.245523 211 43 0
0.685164 -0.180495 0.247479 211 43 0
0.690536 -0.179198 0.249114 211 43 0
0.695896 -0.180921 0.250955 211 43 0
0.699478 -0.185041 0.251588 211 43 0
0.7027 -0.190017 0.252358 211 43 0
0.703156 -0.195879 0.252053 211 43 0
0.701864 -0.201645 0.251285 211 43 0
0.698574 -0.206276 0.249667 211 43 0
0.693451 -0.208389 0.247537 211 43 0
0.687963 -0.208276 0.245254 211 43 0
0.683198 -0.205683 0.243858 211 43 0
0.681884 -0.199933 0.243697 211 43 0
0.683259 -0.194379 0.24433 211 43 0
0.687377 -0.190651 0.245838 211 43 0
0.69298 -0.191028 0.247903 211 43 0
0.698313 -0.192481 0.250052 211 43 0
0.701555 -0.197135 0.251215 211 43 0
0.703465 -0.20263 0.251962 211 43 0
0.703723 -0.208616 0.252072 211 43 0
0.700784 -0.213363 0.250769 211 43 0
0.696479 -0.217105 0.248972 211 43 0
0.691487 -0.219169 0.247129 211 43 0
0.686364 -0.218109 0.244981 211 43 0
0.682295 -0.214046 0.243411 211 43 0
0.682297 -0.208174 0.243373 211 43 0
0.684761 -0.203013 0.244184 211 43 0
0.689847 -0.200998 0.246022 211 43 0
0.695351 -0.201103 0.248394 211 43 0
0.69938 -0.204564 0.249987 211 43 0
0.702304 -0.209679 0.2511 211 43 0
0.703722 -0.215138 0.251598 211 43 0
0.703339 -0.220995 0.251433 211 43 0
0.699905 -0.225733 0.250146 211 43 0
0.694988 -0.228498 0.248392 211 43 0
0.689486 -0.229271 0.246624 211 43 0
0.684284 -0.227509 0.244428 211 43 0
0.682234 -0.22272 0.243731 211 43 0
0.682703 -0.217473 0.243903 211 43 0
0.68656 -0.213259 0.245417 211 43 0
0.691682 -0.211031 0.247139 211 43 0
0.696726 -0.213276 0.248638 211 43 0
0.701724 -0.215994 0.250483 211 43 0
0.704027 -0.220955 0.250919 211 43 0
0.705095 -0.226274 0.251039 211 43 0
0.704787 -0.232124 0.250682 211 43 0
0.701476 -0.236303 0.248858 211 43 0
0.697968 -0.240619 0.247152 211 43 0
0.69255 -0.240679 0.244734 211 43 0
0.687604 -0.239378 0.243445 211 43 0
0.684434 -0.235646 0.243085 211 43 0
0.682224 -0.230636 0.243606 211 43 0
0.684387 -0.22635 0.2456 211 43 0
0.687888 -0.222346 0.246908 211 43 0
0.692913 -0.222463 0.248199 211 43 0
0.698699 -0.222775 0.249082 211 43 0
0.702997 -0.22687 0.250395 211 43 0
0.704986 -0.232258 0.250865 211 43 0
0.705255 -0.238096 0.250718 211 43 0
0.70309 -0.243277 0.24945 211 43 0
0.69818 -0.245919 0.24702 212 42 0
0.692716 -0.246328 0.244683 212 42 0
0.687739 -0.243445 0.24303 212 42 0
0.684882 -0.238178 0.242427 212 42 0
0.683175 -0.232876 0.242441 212 42 0
0.685023 -0.22736 0.244124 212 42 0
0.688182 -0.223925 0.246472 212 42 0
0.692697 -0.222463 0.248572 212 42 0
0.697918 -0.222732 0.24939 212 42 0
0.701677 -0.224587 0.250091 212 42 0
0.704625 -0.228023 0.250418 212 42 0
0.705494 -0.232144 0.250172 212 42 0
0.704217 -0.23658 0.24935 212 42 0
0.701203 -0.239902 0.248221 212 42 0
0.695926 -0.240642 0.24628 212 42 0
0.69064 -0.240158 0.244743 212 42 0
0.68649 -0.236049 0.243692 212 42 0
0.683937 -0.232261 0.243816 212 42 0
0.681551 -0.227075 0.243717 212 42 0
0.683316 -0.222255 0.244977 212 42 0
0.68587 -0.217444 0.245655 212 42 0
0.689853 -0.214267 0.246601 212 42 0
0.694888 -0.212834 0.248176 212 42 0
0.700105 -0.214613 0.249728 212 42 0
0.703763 -0.217761 0.250798 212 42 0
0.70543 -0.223191 0.251549 212 42 0
0.702568 -0.227967 0.250373 212 42 0
0.698259 -0.230605 0.248837 212 42 0
0.694198 -0.232188 0.247736 212 42 0
0.689053 -0.230051 0.24627 212 42 0
0.685181 -0.225752 0.244927 212 42 0
0.681438 -0.221504 0.243449 212 42 0
0.681804 -0.215533 0.243752 212 42 0
0.684341 -0.210454 0.244717 212 42 0
0.687615 -0.205642 0.245678 212 42 0
0.692455 -0.202664 0.24693 212 42 0
0.697497 -0.20457 0.248594 212 42 0
0.702755 -0.205903 0.250863 212 42 0
0.704126 -0.210913 0.251395 212 42 0
0.703612 -0.216851 0.251577 212 42 0
0.700348 -0.221344 0.250602 212 42 0
0.695136 -0.222639 0.248667 212 42 0
0.689769 -0.221459 0.246623 212 42 0
0.685309 -0.217866 0.245097 212 42 0
0.682228 -0.213156 0.243817 212 42 0
0.681834 -0.207236 0.243689 212 42 0
0.683262 -0.20168 0.244119 212 42 0
0.68622 -0.1966 0.245156 212 42 0
0.691461 -0.19432 0.246937 212 42 0
0.696698 -0.193376 0.249039 212 42 0
0.701439 -0.196442 0.250737 212 42 0
0.703684 -0.201535 0.251269 212 42 0
0.703959 -0.207502 0.251493 212 42 0
0.700246 -0.211607 0.250028 212 42 0
0.695076 -0.212841 0.248127 212 42 0
0.689703 -0.211597 0.246015 212 42 0
0.685093 -0.208376 0.244528 212 42 0
0.682876 -0.202838 0.243975 212 42 0
0.681818 -0.197092 0.243942 212 42 0
0.683617 -0.191567 0.245042 212 42 0
0.686362 -0.187106 0.24613 212 42 0
0.691195 -0.184264 0.248214 212 42 0
0.696796 -0.184398 0.250342 212 42 0
0.701448 -0.187096 0.252106 212 42 0
0.703225 -0.192709 0.252284 212 42 0
0.702531 -0.198249 0.251647 212 42 0
0.698262 -0.201383 0.249668 212 42 0
0.693045 -0.202743 0.247925 212 42 0
0.687833 -0.201041 0.246074 213 41 0
0.683629 -0.197087 0.244818 213 41 0
0.68127 -0.191672 0.244381 213 41 0
0.681027 -0.185704 0.244859 213 41 0
0.682635 -0.180267 0.24611 213 41 0
0.686536 -0.176424 0.248187 213 41 0
0.691401 -0.174103 0.250243 213 41 0
0.696729 -0.175729 0.252241 213 41 0
0.701383 -0.178181 0.253715 213 41 0
0.702099 -0.184018 0.253402 213 41 0
0.70108 -0.189823 0.252567 213 41 0
0.696436 -0.192645 0.250502 213 41 0
0.691326 -0.193551 0.24858 213 41 0
0.686261 -0.190891 0.246798 213 41 0
0.682998 -0.18602 0.245891 213 41 0
0.680065 -0.18092 0.245003 213 41 0
0.680847 -0.175554 0.246028 213 41 0
0.683084 -0.170215 0.247558 213 41 0
0.686407 -0.166587 0.249201 213 41 0
0.691362 -0.164392 0.251421 213 41 0
0.696585 -0.165855 0.253499 213 41 0
0.700589 -0.169028 0.254767 213 41 0
0.701616 -0.174346 0.254909 213 41 0
0.700432 -0.179856 0.254262 213 41 0
0.695831 -0.182579 0.252083 213 41 0
0.690798 -0.184214 0.250039 213 41 0
0.686022 -0.18181 0.248287 213 41 0
0.682152 -0.177495 0.246947 213 41 0
0.678996 -0.172532 0.245836 213 41 0
0.679568 -0.166865 0.246605 213 41 0
0.681791 -0.161469 0.247965 213 41 0
0.68498 -0.156813 0.249458 213 41 0
0.690164 -0.155746 0.251871 213 41 0
0.695715 -0.155862 0.254091 213 41 0
0.699127 -0.16017 0.255394 213 41 0
0.700057 -0.165649 0.255553 213 41 0
0.698052 -0.171022 0.254517 213 41 0
0.693535 -0.17414 0.252471 213 41 0
0.688037 -0.173981 0.250098 213 41 0
0.683343 -0.171017 0.248383 213 41 0
0.680565 -0.166059 0.247477 213 41 0
0.678196 -0.161077 0.2468 213 41 0
0.678777 -0.155303 0.247441 213 41 0
0.681322 -0.150097 0.248949 213 41 0
0.685357 -0.146525 0.250958 213 41 0
0.690785 -0.145831 0.253316 213 41 0
0.696032 -0.146468 0.255644 213 41 0
0.699747 -0.150924 0.256979 213 41 0
0.700113 -0.156861 0.25638 213 41 0
0.698236 -0.161909 0.255148 213 41 0
0.693729 -0.164238 0.253079 213 41 0
0.688269 -0.164095 0.250613 213 41 0
0.683538 -0.161817 0.249017 213 41 0
0.680479 -0.156728 0.248234 213 41 0
0.677818 -0.152008 0.247567 213 41 0
0.677777 -0.146086 0.248356 213 41 0
0.680115 -0.141318 0.250235 213 41 0
0.68389 -0.137312 0.252583 213 41 0
0.68898 -0.135944 0.255049 213 41 0
0.694076 -0.136609 0.256783 213 41 0
0.697951 -0.140749 0.257968 213 41 0
0.700199 -0.145236 0.257818 213 41 0
0.699613 -0.150878 0.256849 213 41 0
0.696267 -0.154016 0.254837 213 41 0
0.691576 -0.155648 0.252716 213 41 0
0.686658 -0.15407 0.250809 213 41 0
0.682103 -0.151144 0.249244 213 41 0
0.679525 -0.1466 0.249289 214 40 0
0.6773 -0.14167 0.2493 214 40 0
0.676838 -0.135976 0.249995 214 40 0
0.678564 -0.131532 0.251898 214 40 0
0.682197 -0.128553 0.254672 214 40 0
0.685899 -0.126116 0.2569 214 40 0
0.68351 -0.127434 0.255465 214 40 0
0.680101 -0.129428 0.253329 214 40 0
0.676677 -0.131412 0.251207 214 40 0
0.673239 -0.133434 0.249144 214 40 0
0.669789 -0.13544 0.247085 214 40 0
0.665752 -0.136367 0.256187 214 40 0
0.612143 -0.13736 0.23039 214 40 0
0.618381 -0.136651 0.222607 214 40 0
0.618381 -0.136651 0.222607 214 40 0
0.618848 -0.141779 0.221908 214 40 0
0.619321 -0.146415 0.22122 214 40 0
0.619708 -0.151075 0.220653 214 40 0
0.620043 -0.155747 0.220158 214 40 0
0.620283 -0.160436 0.219802 214 40 0
0.620423 -0.165139 0.219599 214 40 0
0.620487 -0.169849 0.21952 214 40 0
0.620454 -0.174558 0.219568 214 40 0
0.620012 -0.180065 0.218777 214 40 0
0.619867 -0.184764 0.217658 214 40 0
0.619652 -0.189427 0.216404 214 40 0
0.619451 -0.194095 0.215168 214 40 0
0.619285 -0.198802 0.214093 214 40 0
0.61904 -0.203537 0.213162 214 40 0
0.618633 -0.208287 0.212379 214 40 0
0.618067 -0.213043 0.211733 214 40 0
0.617408 -0.217793 0.211136 214 40 0
0.616761 -0.222542 0.210519 214 40 0
0.615973 -0.227269 0.209933 214 40 0
0.616639 -0.221985 0.210832 214 40 0
0.617456 -0.217309 0.211208 214 40 0
0.618125 -0.212628 0.211785 214 40 0
0.618672 -0.207939 0.212428 214 40 0
0.619059 -0.203258 0.213213 214 40 0
0.619428 -0.198636 0.214282 214 40 0
0.619791 -0.194061 0.215554 214 40 0
0.620008 -0.189475 0.216821 214 40 0
0.620356 -0.184981 0.218361 214 40 0
0.620578 -0.180025 0.219416 214 40 0
0.62057 -0.17522 0.219396 214 40 0
0.620503 -0.170417 0.219497 214 40 0
0.620417 -0.165614 0.21961 214 40 0
0.620283 -0.160815 0.219802 214 40 0
0.620058 -0.156029 0.220135 214 40 0
0.619725 -0.151261 0.220628 214 40 0
0.619335 -0.146506 0.2212 214 40 0
0.618848 -0.141779 0.221908 214 40 0
0.617496 -0.124352 0.223826 214 40 0
0.622298 -0.125954 0.226007 214 40 0
0.625164 -0.129988 0.226947 214 40 0
0.627113 -0.135237 0.227321 214 40 0
0.625911 -0.140362 0.2258 214 40 0
0.62346 -0.145237 0.22373 214 40 0
0.619127 -0.147002 0.220517 214 40 0
0.614862 -0.149005 0.217474 214 40 0
0.610343 -0.146591 0.214589 214 40 0
0.606033 -0.144533 0.212103 214 40 0
0.602907 -0.139636 0.210484 214 40 0
0.602628 -0.133831 0.210905 214 40 0
0.604071 -0.128167 0.212301 214 40 0
0.607684 -0.1247 0.215133 214 40 0
0.612291 -0.125605 0.218441 214 40 0
0.615814 -0.129902 0.220546 214 40 0
0.617369 -0.13548 0.221061 215 39 0
0.615723 -0.140445 0.219167 215 39 0
0.614134 -0.144879 0.217231 215 39 0
0.610119 -0.14718 0.213391 215 39 0
0.605807 -0.149126 0.209782 215 39 0
0.602064 -0.146682 0.20625 215 39 0
0.598453 -0.143122 0.202985 215 39 0
0.595907 -0.139104 0.200644 215 39 0
0.595119 -0.133357 0.200182 215 39 0
0.595474 -0.12863 0.201214 215 39 0
0.597858 -0.125984 0.204339 215 39 0
0.600463 -0.124415 0.208247 215 39 0
0.602829 -0.125977 0.211339 215 39 0
0.606079 -0.129112 0.213928 215 39 0
0.608617 -0.133166 0.215154 215 39 0
0.609063 -0.139109 0.214686 215 39 0
0.609008 -0.14474 0.213101 215 39 0
0.607479 -0.149053 0.210532 215 39 0
0.604723 -0.152306 0.206749 215 39 0
0.600598 -0.152356 0.202462 215 39 0
0.596859 -0.150995 0.198536 215 39 0
0.593927 -0.147172 0.1962 215 39 0
0.592162 -0.141735 0.195698 215 39 0
0.594394 -0.137057 0.198362 215 39 0
0.597323 -0.134248 0.202091 215 39 0
0.601593 -0.134124 0.206254 215 39 0
0.605087 -0.137686 0.209163 215 39 0
0.608062 -0.142116 0.211166 215 39 0
0.609907 -0.147369 0.211636 215 39 0
0.608918 -0.152871 0.209886 215 39 0
0.607009 -0.15788 0.207288 215 39 0
0.6034 -0.160781 0.20373 215 39 0
0.599578 -0.161599 0.199948 215 39 0
0.595712 -0.160174 0.196385 215 39 0
0.592881 -0.155475 0.194247 215 39 0
0.592655 -0.149639 0.194651 215 39 0
0.593993 -0.145088 0.196641 215 39 0
0.597717 -0.142552 0.200164 215 39 0
0.602226 -0.143541 0.20378 215 39 0
0.605668 -0.147496 0.206471 215 39 0
0.608078 -0.152653 0.20787 215 39 0
0.60871 -0.158526 0.207609 215 39 0
0.608276 -0.164162 0.206309 215 39 0
0.605368 -0.168174 0.203279 215 39 0
0.601414 -0.170759 0.199627 215 39 0
0.597248 -0.170965 0.195355 215 39 0
0.59349 -0.167505 0.192521 215 39 0
0.591948 -0.161977 0.191423 215 39 0
0.591582 -0.156037 0.191907 215 39 0
0.594416 -0.152348 0.194531 215 39 0
0.598563 -0.150915 0.198333 215 39 0
0.602811 -0.153164 0.201843 215 39 0
0.60518 -0.157886 0.203756 215 39 0
0.607513 -0.163103 0.205027 215 39 0
0.608 -0.16901 0.204397 215 39 0
0.607076 -0.174538 0.202792 215 39 0
0.603562 -0.177711 0.199204 215 39 0
0.599708 -0.178434 0.194964 215 39 0
0.595459 -0.17742 0.191008 215 39 0
0.592065 -0.174041 0.188341 215 39 0
0.590784 -0.168598 0.187715 215 39 0
0.592184 -0.16357 0.189426 215 39 0
0.595469 -0.160966 0.193325 215 39 0
0.599501 -0.16082 0.197709 215 39 0
0.603823 -0.163056 0.201095 215 39 0
0.606182 -0.167949 0.202976 215 39 0
0.607227 -0.173699 0.203405 215 39 0
0.606538 -0.179105 0.201888 216 38 0
0.604704 -0.183983 0.199122 216 38 0
0.602015 -0.186814 0.195009 216 38 0
0.598632 -0.187949 0.191039 216 38 0
0.594881 -0.1868 0.186979 216 38 0
0.592378 -0.182537 0.184186 216 38 0
0.590241 -0.178447 0.183064 216 38 0
0.591866 -0.173624 0.184737 216 38 0
0.593088 -0.170697 0.187617 216 38 0
0.595393 -0.168553 0.190153 216 38 0
0.597878 -0.16844 0.194204 216 38 0
0.599934 -0.170901 0.196994 216 38 0
0.602842 -0.173154 0.199575 216 38 0
0.605195 -0.177876 0.201304 216 38 0
0.606903 -0.183279 0.201616 216 38 0
0.606309 -0.188787 0.200086 216 38 0
0.604786 -0.193405 0.197257 216 38 0
0.602493 -0.1961 0.193332 216 38 0
0.598915 -0.197971 0.189198 216 38 0
0.594783 -0.196719 0.185273 216 38 0
0.592767 -0.192566 0.183269 216 38 0
0.590437 -0.187542 0.182334 216 38 0
0.592255 -0.183031 0.18457 216 38 0
0.595103 -0.180353 0.188271 216 38 0
0.599064 -0.178607 0.192182 216 38 0
0.602666 -0.181978 0.195471 216 38 0
0.605903 -0.185963 0.198088 216 38 0
0.607937 -0.191439 0.199432 216 38 0
0.607685 -0.197132 0.198699 216 38 0
0.606218 -0.202594 0.196745 216 38 0
0.603893 -0.207057 0.193808 216 38 0
0.599884 -0.208165 0.189657 216 38 0
0.59566 -0.207032 0.185758 216 38 0
0.591891 -0.203746 0.182787 216 38 0
0.591245 -0.198225 0.182384 216 38 0
0.592584 -0.192601 0.183792 216 38 0
0.596797 -0.191208 0.187574 216 38 0
0.601008 -0.190612 0.191556 216 38 0
0.604365 -0.193994 0.194765 216 38 0
0.607565 -0.198313 0.19742 216 38 0
0.608723 -0.203969 0.198545 216 38 0
0.607803 -0.209823 0.197823 216 38 0
0.605979 -0.215207 0.195995 216 38 0
0.603024 -0.219356 0.193308 216 38 0
0.598704 -0.220552 0.189491 216 38 0
0.594759 -0.21793 0.185982 216 38 0
0.592369 -0.213196 0.183373 216 38 0
0.591522 -0.207429 0.182591 216 38 0
0.594695 -0.203217 0.185106 216 38 0
0.597894 -0.200075 0.188117 216 38 0
0.602039 -0.201996 0.191703 216 38 0
0.605705 -0.205102 0.195164 216 38 0
0.608218 -0.210017 0.197395 216 38 0
0.608841 -0.215786 0.198288 216 38 0
0.607291 -0.221479 0.197272 216 38 0
0.60449 -0.225985 0.19489 216 38 0
0.60204 -0.230489 0.192454 216 38 0
0.597722 -0.229938 0.188395 216 38 0
0.593643 -0.227448 0.184777 216 38 0
0.591487 -0.222875 0.182574 216 38 0
0.592508 -0.217313 0.183264 216 38 0
0.595092 -0.21267 0.185972 216 38 0
0.599405 -0.211698 0.189939 216 38 0
0.603277 -0.213545 0.193687 216 38 0
0.606801 -0.216875 0.196922 216 38 0
0.608667 -0.222323 0.198509 216 38 0
0.60882 -0.228297 0.198439 216 38 0
0.607148 -0.23362 0.196655 217 37 0
0.605128 -0.238494 0.193909 217 37 0
0.601448 -0.240133 0.190074 217 37 0
0.597766 -0.240897 0.186613 217 37 0
0.594096 -0.238796 0.183101 217 37 0
0.59204 -0.23491 0.181269 217 37 0
0.592075 -0.22894 0.181556 217 37 0
0.59424 -0.22451 0.183975 217 37 0
0.596784 -0.222495 0.187511 217 37 0
0.599801 -0.222927 0.191345 217 37 0
0.603636 -0.224083 0.195155 217 37 0
0.607881 -0.226716 0.197386 217 37 0
0.609352 -0.232468 0.197722 217 37 0
0.609054 -0.238357 0.196743 217 37 0
0.606409 -0.242851 0.19409 217 37 0
0.603053 -0.246343 0.190629 217 37 0
0.598554 -0.246343 0.186976 217 37 0
0.594489 -0.242994 0.183996 217 37 0
0.591681 -0.238365 0.182048 217 37 0
0.59174 -0.232307 0.182229 217 37 0
0.593995 -0.227121 0.184183 217 37 0
0.59666 -0.222434 0.186908 217 37 0
0.600134 -0.222927 0.190768 217 37 0
0.603217 -0.222683 0.195136 217 37 0
0.605686 -0.224894 0.197383 217 37 0
0.607672 -0.228906 0.198691 217 37 0
0.60907 -0.234138 0.198447 217 37 0
0.608272 -0.23803 0.196331 217 37 0
0.60499 -0.239833 0.193106 217 37 0
0.601876 -0.242378 0.189805 217 37 0
0.598188 -0.239417 0.18654 217 37 0
0.59457 -0.236706 0.183679 217 37 0
0.592942 -0.231357 0.182441 217 37 0
0.592235 -0.226057 0.182345 217 37 0
0.593697 -0.220788 0.183938 217 37 0
0.596163 -0.216633 0.186539 217 37 0
0.59905 -0.213059 0.190082 217 37 0
0.603256 -0.212769 0.194339 217 37 0
0.606715 -0.215554 0.197828 217 37 0
0.608786 -0.21937 0.199903 217 37 0
0.608341 -0.224353 0.199321 217 37 0
0.606919 -0.229449 0.197346 217 37 0
0.603381 -0.231749 0.193972 217 37 0
0.599961 -0.230571 0.190567 217 37 0
0.596377 -0.228011 0.186878 217 37 0
0.593766 -0.223517 0.184263 217 37 0
0.592823 -0.217789 0.183335 217 37 0
0.593638 -0.211957 0.184023 217 37 0
0.595823 -0.206886 0.186187 217 37 0
0.599098 -0.203186 0.189181 217 37 0
0.603191 -0.203091 0.193478 217 37 0
0.607397 -0.204336 0.197456 217 37 0
0.609278 -0.209569 0.199535 217 37 0
0.609706 -0.215276 0.200214 217 37 0
0.607491 -0.220242 0.19826 217 37 0
0.603524 -0.222151 0.194584 217 37 0
0.599379 -0.222302 0.190758 217 37 0
0.596357 -0.218207 0.187564 217 37 0
0.594197 -0.213039 0.185409 217 37 0
0.593631 -0.207173 0.184849 217 37 0
0.594375 -0.201421 0.185684 217 37 0
0.596526 -0.196329 0.18786 217 37 0
0.600413 -0.193438 0.191414 217 37 0
0.604614 -0.193224 0.195313 217 37 0
0.608405 -0.196118 0.19891 217 37 0
0.609977 -0.201466 0.2006 217 37 0
0.610183 -0.206964 0.200348 217 37 0
0.607597 -0.210917 0.197677 217 37 0
0.603699 -0.212474 0.193898 218 36 0
0.599407 -0.210607 0.190344 218 36 0
0.596066 -0.20655 0.187495 218 36 0
0.593901 -0.201154 0.186024 218 36 0
0.59318 -0.195316 0.185836 218 36 0
0.594571 -0.189812 0.187393 218 36 0
0.598086 -0.186328 0.190692 218 36 0
0.601413 -0.182854 0.194167 218 36 0
0.605425 -0.184189 0.198084 218 36 0
0.609581 -0.186415 0.201487 218 36 0
0.611313 -0.191726 0.202779 218 36 0
0.610104 -0.197119 0.201534 218 36 0
0.607631 -0.201482 0.198434 218 36 0
0.603366 -0.202825 0.194651 218 36 0
0.599524 -0.200207 0.191248 218 36 0
0.596248 -0.195969 0.188807 218 36 0
0.594198 -0.190459 0.187618 218 36 0
0.593864 -0.184526 0.188179 218 36 0
0.595614 -0.179298 0.190113 218 36 0
0.598868 -0.175796 0.193469 218 36 0
0.602691 -0.174151 0.197563 218 36 0
0.606768 -0.175307 0.201437 218 36 0
0.609797 -0.179745 0.203827 218 36 0
0.610726 -0.185409 0.203889 218 36 0
0.608197 -0.190033 0.20129 218 36 0
0.604403 -0.192652 0.197587 218 36 0
0.600285 -0.190924 0.193831 218 36 0
0.596463 -0.187351 0.190947 218 36 0
0.594011 -0.182666 0.189456 218 36 0
0.593417 -0.176811 0.189744 218 36 0
0.594324 -0.171052 0.19118 218 36 0
0.596668 -0.166721 0.193787 218 36 0
0.60039 -0.164065 0.197583 218 36 0
0.604794 -0.164092 0.201669 218 36 0
0.608368 -0.167012 0.205017 218 36 0
0.610906 -0.171949 0.206864 218 36 0
0.610574 -0.17771 0.205899 218 36 0
0.60747 -0.181537 0.202744 218 36 0
0.603268 -0.182463 0.19882 218 36 0
0.599336 -0.181079 0.195347 218 36 0
0.596085 -0.176869 0.192989 218 36 0
0.594375 -0.171184 0.192122 218 36 0
0.593568 -0.165296 0.192304 218 36 0
0.594893 -0.15984 0.19435 218 36 0
0.597887 -0.15581 0.197464 218 36 0
0.601809 -0.154062 0.201435 218 36 0
0.605838 -0.154956 0.205207 218 36 0
0.609048 -0.159259 0.207897 218 36 0
0.610197 -0.164757 0.208347 218 36 0
0.608951 -0.170095 0.206358 218 36 0
0.605603 -0.172375 0.20306 218 36 0
0.601247 -0.172208 0.198962 218 36 0
0.597454 -0.169355 0.195948 218 36 0
0.594237 -0.165038 0.19378 218 36 0
0.593651 -0.159104 0.193846 218 36 0
0.593584 -0.153385 0.194745 218 36 0
0.595688 -0.148543 0.197578 218 36 0
0.599044 -0.145113 0.20114 218 36 0
0.602919 -0.144017 0.205368 218 36 0
0.606828 -0.146089 0.209024 218 36 0
0.60961 -0.150849 0.211077 218 36 0
0.610463 -0.156592 0.210748 218 36 0
0.607928 -0.161058 0.207733 218 36 0
0.604498 -0.164038 0.203994 218 36 0
0.60036 -0.162158 0.200201 218 36 0
0.596884 -0.159363 0.197002 218 36 0
0.594466 -0.154136 0.195318 218 36 0
0.592938 -0.148396 0.194678 219 35 0
0.594258 -0.14339 0.196765 219 35 0
0.595185 -0.138094 0.199019 219 35 0
0.598001 -0.135469 0.202849 219 35 0
0.601953 -0.134091 0.206863 219 35 0
0.605243 -0.135856 0.210967 219 35 0
0.607739 -0.139366 0.213004 219 35 0
0.610306 -0.14398 0.214172 219 35 0
0.609392 -0.14908 0.212475 219 35 0
0.607238 -0.152605 0.20944 219 35 0
0.60356 -0.153909 0.205345 219 35 0
0.59991 -0.152413 0.201552 219 35 0
0.597165 -0.148702 0.198704 219 35 0
0.595533 -0.144388 0.197238 219 35 0
0.594305 -0.139011 0.196778 219 35 0
0.594431 -0.133699 0.197932 219 35 0
0.59513 -0.128958 0.199944 219 35 0
0.596508 -0.126331 0.202082 219 35 0
0.598156 -0.125977 0.204837 219 35 0
0.600329 -0.124415 0.208479 219 35 0
0.602029 -0.125205 0.210433 219 35 0
0.605421 -0.127865 0.21346 219 35 0
0.608933 -0.130584 0.216284 219 35 0
0.612669 -0.133218 0.218898 219 35 0
0.616614 -0.135426 0.221574 219 35 0
0.61039 -0.136207 0.229362 219 35 0
0.663048 -0.137529 0.255922 219 35 0
0.667155 -0.136668 0.246845 219 35 0
0.668027 -0.141935 0.245047 219 35 0
0.668238 -0.146566 0.244612 219 35 0
0.668379 -0.151214 0.244287 219 35 0
0.668464 -0.155868 0.244025 219 35 0
0.668545 -0.160528 0.243929 219 35 0
0.668604 -0.16519 0.243958 219 35 0
0.668569 -0.169852 0.243993 219 35 0
0.668547 -0.174511 0.24402 219 35 0
0.668649 -0.179725 0.243813 219 35 0
0.669477 -0.184377 0.2432 219 35 0
0.669975 -0.189083 0.242649 219 35 0
0.670532 -0.19379 0.242155 219 35 0
0.671058 -0.198509 0.241758 219 35 0
0.671408 -0.203254 0.241575 219 35 0
0.671513 -0.208016 0.241583 219 35 0
0.671488 -0.21278 0.241689 219 35 0
0.671532 -0.217543 0.241803 219 35 0
0.671627 -0.222307 0.241757 219 35 0
0.671634 -0.22707 0.24178 219 35 0
0.671507 -0.22198 0.242225 219 35 0
0.671504 -0.216672 0.241829 219 35 0
0.671447 -0.211354 0.241644 219 35 0
0.671107 -0.206049 0.241391 219 35 0
0.670808 -0.200737 0.241491 219 35 0
0.670277 -0.195454 0.24186 219 35 0
0.669615 -0.190201 0.242399 219 35 0
0.669115 -0.184976 0.243167 219 35 0
0.668649 -0.179725 0.243813 219 35 0
0.668546 -0.174995 0.243819 219 35 0
0.668578 -0.170266 0.243968 219 35 0
0.668603 -0.165535 0.243961 219 35 0
0.66855 -0.160804 0.243931 219 35 0
0.668467 -0.156075 0.244016 219 35 0
0.668382 -0.151352 0.244277 219 35 0
0.668243 -0.146635 0.244609 219 35 0
0.668027 -0.141935 0.245047 219 35 0
0.665858 -0.124349 0.247971 219 35 0
0.670885 -0.125665 0.249982 219 35 0
0.675343 -0.128155 0.251366 219 35 0
0.678638 -0.131961 0.251893 220 34 0
0.681175 -0.137263 0.252181 220 34 0
0.680623 -0.14304 0.251199 220 34 0
0.67734 -0.14663 0.248941 220 34 0
0.672999 -0.149152 0.246653 220 34 0
0.668154 -0.146894 0.244688 220 34 0
0.664613 -0.142076 0.243418 220 34 0
0.665451 -0.137012 0.244513 220 34 0
0.666189 -0.131395 0.245398 220 34 0
0.670245 -0.127986 0.247901 220 34 0
0.675182 -0.125977 0.250539 220 34 0
0.680656 -0.126043 0.253257 220 34 0
0.685487 -0.128193 0.255346 220 34 0
0.688844 -0.133123 0.256348 220 34 0
0.690536 -0.138769 0.256456 220 34 0
0.690472 -0.144436 0.255593 220 34 0
0.686603 -0.14817 0.252931 220 34 0
0.681695 -0.149168 0.250185 220 34 0
0.677077 -0.146394 0.248308 220 34 0
0.674983 -0.140918 0.248163 220 34 0
0.675036 -0.134999 0.249243 220 34 0
0.677954 -0.13035 0.251851 220 34 0
0.681582 -0.127949 0.254419 220 34 0
0.685836 -0.126116 0.257009 220 34 0
0.68966 -0.127551 0.257788 220 34 0
0.694068 -0.130047 0.258712 220 34 0
0.697176 -0.134319 0.258762 220 34 0
0.699122 -0.139582 0.258576 220 34 0
0.69828 -0.144749 0.257103 220 34 0
0.696385 -0.150218 0.255651 220 34 0
0.692456 -0.154105 0.253642 220 34 0
0.687302 -0.155388 0.251069 220 34 0
0.683136 -0.153927 0.249548 220 34 0
0.679375 -0.150305 0.248518 220 34 0
0.677603 -0.145283 0.248364 220 34 0
0.679469 -0.139781 0.249734 220 34 0
0.684004 -0.137381 0.25211 220 34 0
0.689213 -0.135856 0.254348 220 34 0
0.693444 -0.139438 0.255917 220 34 0
0.697537 -0.143198 0.257504 220 34 0
0.699472 -0.148815 0.257745 220 34 0
0.699611 -0.15478 0.257078 220 34 0
0.696778 -0.159461 0.255176 220 34 0
0.693537 -0.164243 0.25353 220 34 0
0.688638 -0.166629 0.251053 220 34 0
0.68365 -0.164931 0.248768 220 34 0
0.679632 -0.160824 0.247124 220 34 0
0.67822 -0.155308 0.246787 220 34 0
0.680399 -0.150857 0.247966 220 34 0
0.685087 -0.14785 0.250198 220 34 0
0.690046 -0.147215 0.252463 220 34 0
0.694337 -0.150792 0.254307 220 34 0
0.698774 -0.154162 0.256125 220 34 0
0.700202 -0.15977 0.256479 220 34 0
0.699955 -0.165752 0.256045 220 34 0
0.697267 -0.170791 0.254525 220 34 0
0.69327 -0.174419 0.252634 220 34 0
0.688284 -0.176518 0.250205 220 34 0
0.683029 -0.174949 0.248099 220 34 0
0.678965 -0.171056 0.246301 220 34 0
0.678575 -0.165245 0.246401 220 34 0
0.681426 -0.160663 0.247819 220 34 0
0.685856 -0.158673 0.249756 220 34 0
0.69098 -0.158173 0.251875 220 34 0
0.695659 -0.16132 0.253609 220 34 0
0.698894 -0.16622 0.254354 220 34 0
0.700579 -0.171811 0.254437 220 34 0
0.700174 -0.177487 0.253724 220 34 0
0.697627 -0.182685 0.252242 221 33 0
0.693706 -0.186182 0.250418 221 33 0
0.688163 -0.186471 0.248276 221 33 0
0.6828 -0.186041 0.246814 221 33 0
0.67956 -0.181962 0.246519 221 33 0
0.678384 -0.176281 0.246667 221 33 0
0.680481 -0.172414 0.247891 221 33 0
0.683779 -0.169396 0.249013 221 33 0
0.688851 -0.168987 0.250487 221 33 0
0.693409 -0.170008 0.251927 221 33 0
0.697658 -0.172482 0.252701 221 33 0
0.701283 -0.175906 0.253488 221 33 0
0.702212 -0.181605 0.25288 221 33 0
0.701853 -0.187071 0.251544 221 33 0
0.700157 -0.192114 0.250457 221 33 0
0.696863 -0.196246 0.249216 221 33 0
0.692482 -0.198607 0.247753 221 33 0
0.68704 -0.197762 0.245944 221 33 0
0.682618 -0.193783 0.245302 221 33 0
0.67916 -0.189211 0.244511 221 33 0
0.680659 -0.183927 0.245523 221 33 0
0.685164 -0.180495 0.247479 221 33 0
0.690536 -0.179198 0.249114 221 33 0
0.695896 -0.180921 0.250955 221 33 0
0.699478 -0.185041 0.251588 221 33 0
0.7027 -0.190017 0.252358 221 33 0
0.703156 -0.195879 0.252053 221 33 0
0.701864 -0.201645 0.251285 221 33 0
0.698574 -0.206276 0.249667 221 33 0
0.693451 -0.208389 0.247537 221 33 0
0.687963 -0.208276 0.245254 221 33 0
0.683198 -0.205683 0.243858 221 33 0
0.681884 -0.199933 0.243697 221 33 0
0.683259 -0.194379 0.24433 221 33 0
0.687377 -0.190651 0.245838 221 33 0
0.69298 -0.191028 0.247903 221 33 0
0.698313 -0.192481 0.250052 221 33 0
0.701555 -0.197135 0.251215 221 33 0
0.703465 -0.20263 0.251962 221 33 0
0.703723 -0.208616 0.252072 221 33 0
0.700784 -0.213363 0.250769 221 33 0
0.696479 -0.217105 0.248972 221 33 0
0.691487 -0.219169 0.247129 221 33 0
0.686364 -0.218109 0.244981 221 33 0
0.682295 -0.214046 0.243411 221 33 0
0.682297 -0.208174 0.243373 221 33 0
0.684761 -0.203013 0.244184 221 33 0
0.689847 -0.200998 0.246022 221 33 0
0.695351 -0.201103 0.248394 221 33 0
0.69938 -0.204564 0.249987 221 33 0
0.702304 -0.209679 0.2511 221 33 0
0.703722 -0.215138 0.251598 221 33 0
0.703339 -0.220995 0.251433 221 33 0
0.699905 -0.225733 0.250146 221 33 0
0.694988 -0.228498 0.248392 221 33 0
0.689486 -0.229271 0.246624 221 33 0
0.684284 -0.227509 0.244428 221 33 0
0.682234 -0.22272 0.243731 221 33 0
0.682703 -0.217473 0.243903 221 33 0
0.68656 -0.213259 0.245417 221 33 0
0.691682 -0.211031 0.247139 221 33 0
0.696726 -0.213276 0.248638 221 33 0
0.701724 -0.215994 0.250483 221 33 0
0.704027 -0.220955 0.250919 221 33 0
0.705095 -0.226274 0.251039 221 33 0
0.704787 -0.232124 0.250682 221 33 0
0.701476 -0.236303 0.248858 221 33 0
0.697968 -0.240619 0.247152 222 32 0
0.69255 -0.240679 0.244734 222 32 0
0.687604 -0.239378 0.243445 222 32 0
0.684434 -0.235646 0.243085 222 32 0
0.682224 -0.230636 0.243606 222 32 0
0.684387 -0.22635 0.2456 222 32 0
0.687888 -0.222346 0.246908 222 32 0
0.692913 -0.222463 0.248199 222 32 0
0.698699 -0.222775 0.249082 222 32 0
0.702997 -0.22687 0.250395 222 32 0
0.704986 -0.232258 0.250865 222 32 0
0.705255 -0.238096 0.250718 222 32 0
0.70309 -0.243277 0.24945 222 32 0
0.69818 -0.245919 0.24702 222 32 0
0.692716 -0.246328 0.244683 222 32 0
0.687739 -0.243445 0.24303 222 32 0
0.684882 -0.238178 0.242427 222 32 0
0.683175 -0.232876 0.242441 222 32 0
0.685023 -0.22736 0.244124 222 32 0
0.688182 -0.223925 0.246472 222 32 0
0.692697 -0.222463 0.248572 222 32 0
0.697918 -0.222732 0.24939 222 32 0
0.701677 -0.224587 0.250091 222 32 0
0.704625 -0.228023 0.250418 222 32 0
0.705494 -0.232144 0.250172 222 32 0
0.704217 -0.23658 0.24935 222 32 0
0.701203 -0.239902 0.248221 222 32 0
0.695926 -0.240642 0.24628 222 32 0
0.69064 -0.240158 0.244743 222 32 0
0.68649 -0.236049 0.243692 222 32 0
0.683937 -0.232261 0.243816 222 32 0
0.681551 -0.227075 0.243717 222 32 0
0.683316 -0.222255 0.244977 222 32 0
0.68587 -0.217444 0.245655 222 32 0
0.689853 -0.214267 0.246601 222 32 0
0.694888 -0.212834 0.248176 222 32 0
0.700105 -0.214613 0.249728 222 32 0
0.703763 -0.217761 0.250798 222 32 0
0.70543 -0.223191 0.251549 222 32 0
0.702568 -0.227967 0.250373 222 32 0
0.698259 -0.230605 0.248837 222 32 0
0.694198 -0.232188 0.247736 222 32 0
0.689053 -0.230051 0.24627 222 32 0
0.685181 -0.225752 0.244927 222 32 0
0.681438 -0.221504 0.243449 222 32 0
0.681804 -0.215533 0.243752 222 32 0
0.684341 -0.210454 0.244717 222 32 0
0.687615 -0.205642 0.245678 222 32 0
0.692455 -0.202664 0.24693 222 32 0
0.697497 -0.20457 0.248594 222 32 0
0.702755 -0.205903 0.250863 222 32 0
0.704126 -0.210913 0.251395 222 32 0
0.703612 -0.216851 0.251577 222 32 0
0.700348 -0.221344 0.250602 222 32 0
0.695136 -0.222639 0.248667 222 32 0
0.689769 -0.221459 0.246623 222 32 0
0.685309 -0.217866 0.245097 222 32 0
0.682228 -0.213156 0.243817 222 32 0
0.681834 -0.207236 0.243689 222 32 0
0.683262 -0.20168 0.244119 222 32 0
0.68622 -0.1966 0.245156 222 32 0
0.691461 -0.19432 0.246937 222 32 0
0.696698 -0.193376 0.249039 222 32 0
0.701439 -0.196442 0.250737 222 32 0
0.703684 -0.201535 0.251269 222 32 0
0.703959 -0.207502 0.251493 222 32 0
0.700246 -0.211607 0.250028 222 32 0
0.695076 -0.212841 0.248127 223 31 0
0.689703 -0.211597 0.246015 223 31 0
0.685093 -0.208376 0.244528 223 31 0
0.682876 -0.202838 0.243975 223 31 0
0.681818 -0.197092 0.243942 223 31 0
0.683617 -0.191567 0.245042 223 31 0
0.686362 -0.187106 0.24613 223 31 0
0.691195 -0.184264 0.248214 223 31 0
0.696796 -0.184398 0.250342 223 31 0
0.701448 -0.187096 0.252106 223 31 0
0.703225 -0.192709 0.252284 223 31 0
0.702531 -0.198249 0.251647 223 31 0
0.698262 -0.201383 0.249668 223 31 0
0.693045 -0.202743 0.247925 223 31 0
0.687833 -0.201041 0.246074 223 31 0
0.683629 -0.197087 0.244818 223 31 0
0.68127 -0.191672 0.244381 223 31 0
0.681027 -0.185704 0.244859 223 31 0
0.682635 -0.180267 0.24611 223 31 0
0.686536 -0.176424 0.248187 223 31 0
0.691401 -0.174103 0.250243 223 31 0
0.696729 -0.175729 0.252241 223 31 0
0.701383 -0.178181 0.253715 223 31 0
0.702099 -0.184018 0.253402 223 31 0
0.70108 -0.189823 0.252567 223 31 0
0.696436 -0.192645 0.250502 223 31 0
0.691326 -0.193551 0.24858 223 31 0
0.686261 -0.190891 0.246798 223 31 0
0.682998 -0.18602 0.245891 223 31 0
0.680065 -0.18092 0.245003 223 31 0
0.680847 -0.175554 0.246028 223 31 0
0.683084 -0.170215 0.247558 223 31 0
0.686407 -0.166587 0.249201 223 31 0
0.691362 -0.164392 0.251421 223 31 0
0.696585 -0.165855 0.253499 223 31 0
0.700589 -0.169028 0.254767 223 31 0
0.701616 -0.174346 0.254909 223 31 0
0.700432 -0.179856 0.254262 223 31 0
0.695831 -0.182579 0.252083 223 31 0
0.690798 -0.184214 0.250039 223 31 0
0.686022 -0.18181 0.248287 223 31 0
0.682152 -0.177495 0.246947 223 31 0
0.678996 -0.172532 0.245836 223 31 0
0.679568 -0.166865 0.246605 223 31 0
0.681791 -0.161469 0.247965 223 31 0
0.68498 -0.156813 0.249458 223 31 0
0.690164 -0.155746 0.251871 223 31 0
0.695715 -0.155862 0.254091 223 31 0
0.699127 -0.16017 0.255394 223 31 0
0.700057 -0.165649 0.255553 223 31 0
0.698052 -0.171022 0.254517 223 31 0
0.693535 -0.17414 0.252471 223 31 0
0.688037 -0.173981 0.250098 223 31 0
0.683343 -0.171017 0.248383 223 31 0
0.680565 -0.166059 0.247477 223 31 0
0.678196 -0.161077 0.2468 223 31 0
0.678777 -0.155303 0.247441 223 31 0
0.681322 -0.150097 0.248949 223 31 0
0.685357 -0.146525 0.250958 223 31 0
0.690785 -0.145831 0.253316 223 31 0
0.696032 -0.146468 0.255644 223 31 0
0.699747 -0.150924 0.256979 223 31 0
0.700113 -0.156861 0.25638 223 31 0
0.698236 -0.161909 0.255148 223 31 0
0.693729 -0.164238 0.253079 223 31 0
0.688269 -0.164095 0.250613 223 31 0
0.683538 -0.161817 0.249017 223 31 0
0.680479 -0.156728 0.248234 223 31 0
0.677818 -0.152008 0.247567 224 30 0
0.677777 -0.146086 0.248356 224 30 0
0.680115 -0.141318 0.250235 224 30 0
0.68389 -0.137312 0.252583 224 30 0
0.68898 -0.135944 0.255049 224 30 0
0.694076 -0.136609 0.256783 224 30 0
0.697951 -0.140749 0.257968 224 30 0
0.700199 -0.145236 0.257818 224 30 0
0.699613 -0.150878 0.256849 224 30 0
0.696267 -0.154016 0.254837 224 30 0
0.691576 -0.155648 0.252716 224 30 0
0.686658 -0.15407 0.250809 224 30 0
0.682103 -0.151144 0.249244 224 30 0
0.679525 -0.1466 0.249289 224 30 0
0.6773 -0.14167 0.2493 224 30 0
0.676838 -0.135976 0.249995 224 30 0
0.678564 -0.131532 0.251898 224 30 0
0.682197 -0.128553 0.254672 224 30 0
0.685899 -0.126116 0.2569 224 30 0
0.68351 -0.127434 0.255465 224 30 0
0.680101 -0.129428 0.253329 224 30 0
0.676677 -0.131412 0.251207 224 30 0
0.673239 -0.133434 0.249144 224 30 0
0.669789 -0.13544 0.247085 224 30 0
0.665752 -0.136367 0.256187 224 30 0
0.612143 -0.13736 0.23039 224 30 0
0.618381 -0.136651 0.222607 224 30 0
0.618381 -0.136651 0.222607 224 30 0
0.618848 -0.141779 0.221908 224 30 0
0.619321 -0.146415 0.22122 224 30 0
0.619708 -0.151075 0.220653 224 30 0
0.620043 -0.155747 0.220158 224 30 0
0.620283 -0.160436 0.219802 224 30 0
0.620423 -0.165139 0.219599 224 30 0
0.620487 -0.169849 0.21952 224 30 0
0.620454 -0.174558 0.219568 224 30 0
0.620012 -0.180065 0.218777 224 30 0
0.619867 -0.184764 0.217658 224 30 0
0.619652 -0.189427 0.216404 224 30 0
0.619451 -0.194095 0.215168 224 30 0
0.619285 -0.198802 0.214093 224 30 0
0.61904 -0.203537 0.213162 224 30 0
0.618633 -0.208287 0.212379 224 30 0
0.618067 -0.213043 0.211733 224 30 0
0.617408 -0.217793 0.211136 224 30 0
0.616761 -0.222542 0.210519 224 30 0
0.615973 -0.227269 0.209933 224 30 0
0.616639 -0.221985 0.210832 224 30 0
0.617456 -0.217309 0.211208 224 30 0
0.618125 -0.212628 0.211785 224 30 0
0.618672 -0.207939 0.212428 224 30 0
0.619059 -0.203258 0.213213 224 30 0
0.619428 -0.198636 0.214282 224 30 0
0.619791 -0.194061 0.215554 224 30 0
0.620008 -0.189475 0.216821 224 30 0
0.620356 -0.184981 0.218361 224 30 0
0.620578 -0.180025 0.219416 224 30 0
0.62057 -0.17522 0.219396 224 30 0
0.620503 -0.170417 0.219497 224 30 0
0.620417 -0.165614 0.21961 224 30 0
0.620283 -0.160815 0.219802 224 30 0
0.620058 -0.156029 0.220135 224 30 0
0.619725 -0.151261 0.220628 224 30 0
0.619335 -0.146506 0.2212 224 30 0
0.618848 -0.141779 0.221908 224 30 0
0.617496 -0.124352 0.223826 224 30 0
0.622298 -0.125954 0.226007 224 30 0
0.625164 -0.129988 0.226947 225 29 0
0.627113 -0.135237 0.227321 225 29 0
0.625911 -0.140362 0.2258 225 29 0
0.62346 -0.145237 0.22373 225 29 0
0.619127 -0.147002 0.220517 225 29 0
0.614862 -0.149005 0.217474 225 29 0
0.610343 -0.146591 0.214589 225 29 0
0.606033 -0.144533 0.212103 225 29 0
0.602907 -0.139636 0.210484 225 29 0
0.602628 -0.133831 0.210905 225 29 0
0.604071 -0.128167 0.212301 225 29 0
0.607684 -0.1247 0.215133 225 29 0
0.612291 -0.125605 0.218441 225 29 0
0.615814 -0.129902 0.220546 225 29 0
0.617369 -0.13548 0.221061 225 29 0
0.615723 -0.140445 0.219167 225 29 0
0.614134 -0.144879 0.217231 225 29 0
0.610119 -0.14718 0.213391 225 29 0
0.605807 -0.149126 0.209782 225 29 0
0.602064 -0.146682 0.20625 225 29 0
0.598453 -0.143122 0.202985 225 29 0
0.595907 -0.139104 0.200644 225 29 0
0.595119 -0.133357 0.200182 225 29 0
0.595474 -0.12863 0.201214 225 29 0
0.597858 -0.125984 0.204339 225 29 0
0.600463 -0.124415 0.208247 225 29 0
0.602829 -0.125977 0.211339 225 29 0
0.606079 -0.129112 0.213928 225 29 0
0.608617 -0.133166 0.215154 225 29 0
0.609063 -0.139109 0.214686 225 29 0
0.609008 -0.14474 0.213101 225 29 0
0.607479 -0.149053 0.210532 225 29 0
0.604723 -0.152306 0.206749 225 29 0
0.600598 -0.152356 0.202462 225 29 0
0.596859 -0.150995 0.198536 225 29 0
0.593927 -0.147172 0.1962 225 29 0
0.592162 -0.141735 0.195698 225 29 0
0.594394 -0.137057 0.198362 225 29 0
0.597323 -0.134248 0.202091 225 29 0
0.601593 -0.134124 0.206254 225 29 0
0.605087 -0.137686 0.209163 225 29 0
0.608062 -0.142116 0.211166 225 29 0
0.609907 -0.147369 0.211636 225 29 0
0.608918 -0.152871 0.209886 225 29 0
0.607009 -0.15788 0.207288 225 29 0
0.6034 -0.160781 0.20373 225 29 0
0.599578 -0.161599 0.199948 225 29 0
0.595712 -0.160174 0.196385 225 29 0
0.592881 -0.155475 0.194247 225 29 0
0.592655 -0.149639 0.194651 225 29 0
0.593993 -0.145088 0.196641 225 29 0
0.597717 -0.142552 0.200164 225 29 0
0.602226 -0.143541 0.20378 225 29 0
0.605668 -0.147496 0.206471 225 29 0
0.608078 -0.152653 0.20787 225 29 0
0.60871 -0.158526 0.207609 225 29 0
0.608276 -0.164162 0.206309 225 29 0
0.605368 -0.168174 0.203279 225 29 0
0.601414 -0.170759 0.199627 225 29 0
0.597248 -0.170965 0.195355 225 29 0
0.59349 -0.167505 0.192521 225 29 0
0.591948 -0.161977 0.191423 225 29 0
0.591582 -0.156037 0.191907 225 29 0
0.594416 -0.152348 0.194531 225 29 0
0.598563 -0.150915 0.198333 225 29 0
0.602811 -0.153164 0.201843 225 29 0
0.60518 -0.157886 0.203756 225 29 0
0.607513 -0.163103 0.205027 226 28 0
0.608 -0.16901 0.204397 226 28 0
0.607076 -0.174538 0.202792 226 28 0
0.603562 -0.177711 0.199204 226 28 0
0.599708 -0.178434 0.194964 226 28 0
0.595459 -0.17742 0.191008 226 28 0
0.592065 -0.174041 0.188341 226 28 0
0.590784 -0.168598 0.187715 226 28 0
0.592184 -0.16357 0.189426 226 28 0
0.595469 -0.160966 0.193325 226 28 0
0.599501 -0.16082 0.197709 226 28 0
0.603823 -0.163056 0.201095 226 28 0
0.606182 -0.167949 0.202976 226 28 0
0.607227 -0.173699 0.203405 226 28 0
0.606538 -0.179105 0.201888 226 28 0
0.604704 -0.183983 0.199122 226 28 0
0.602015 -0.186814 0.195009 226 28 0
0.598632 -0.187949 0.191039 226 28 0
0.594881 -0.1868 0.186979 226 28 0
0.592378 -0.182537 0.184186 226 28 0
0.590241 -0.178447 0.183064 226 28 0
0.591866 -0.173624 0.184737 226 28 0
0.593088 -0.170697 0.187617 226 28 0
0.595393 -0.168553 0.190153 226 28 0
0.597878 -0.16844 0.194204 226 28 0
0.599934 -0.170901 0.196994 226 28 0
0.602842 -0.173154 0.199575 226 28 0
0.605195 -0.177876 0.201304 226 28 0
0.606903 -0.183279 0.201616 226 28 0
0.606309 -0.188787 0.200086 226 28 0
0.604786 -0.193405 0.197257 226 28 0
0.602493 -0.1961 0.193332 226 28 0
0.598915 -0.197971 0.189198 226 28 0
0.594783 -0.196719 0.185273 226 28 0
0.592767 -0.192566 0.183269 226 28 0
0.590437 -0.187542 0.182334 226 28 0
0.592255 -0.183031 0.18457 226 28 0
0.595103 -0.180353 0.188271 226 28 0
0.599064 -0.178607 0.192182 226 28 0
0.602666 -0.181978 0.195471 226 28 0
0.605903 -0.185963 0.198088 226 28 0
0.607937 -0.191439 0.199432 226 28 0
0.607685 -0.197132 0.198699 226 28 0
0.606218 -0.202594 0.196745 226 28 0
0.603893 -0.207057 0.193808 226 28 0
0.599884 -0.208165 0.189657 226 28 0
0.59566 -0.207032 0.185758 226 28 0
0.591891 -0.203746 0.182787 226 28 0
0.591245 -0.198225 0.182384 226 28 0
0.592584 -0.192601 0.183792 226 28 0
0.596797 -0.191208 0.187574 226 28 0
0.601008 -0.190612 0.191556 226 28 0
0.604365 -0.193994 0.194765 226 28 0
0.607565 -0.198313 0.19742 226 28 0
0.608723 -0.203969 0.198545 226 28 0
0.607803 -0.209823 0.197823 226 28 0
0.605979 -0.215207 0.195995 226 28 0
0.603024 -0.219356 0.193308 226 28 0
0.598704 -0.220552 0.189491 226 28 0
0.594759 -0.21793 0.185982 226 28 0
0.592369 -0.213196 0.183373 226 28 0
0.591522 -0.207429 0.182591 226 28 0
0.594695 -0.203217 0.185106 226 28 0
0.597894 -0.200075 0.188117 226 28 0
0.602039 -0.201996 0.191703 226 28 0
0.605705 -0.205102 0.195164 226 28 0
0.608218 -0.210017 0.197395 226 28 0
0.608841 -0.215786 0.198288 226 28 0
0.607291 -0.221479 0.197272 227 27 0
0.60449 -0.225985 0.19489 227 27 0
0.60204 -0.230489 0.192454 227 27 0
0.597722 -0.229938 0.188395 227 27 0
0.593643 -0.227448 0.184777 227 27 0
0.591487 -0.222875 0.182574 227 27 0
0.592508 -0.217313 0.183264 227 27 0
0.595092 -0.21267 0.185972 227 27 0
0.599405 -0.211698 0.189939 227 27 0
0.603277 -0.213545 0.193687 227 27 0
0.606801 -0.216875 0.196922 227 27 0
0.608667 -0.222323 0.198509 227 27 0
0.60882 -0.228297 0.198439 227 27 0
0.607148 -0.23362 0.196655 227 27 0
0.605128 -0.238494 0.193909 227 27 0
0.601448 -0.240133 0.190074 227 27 0
0.597766 -0.240897 0.186613 227 27 0
0.594096 -0.238796 0.183101 227 27 0
0.59204 -0.23491 0.181269 227 27 0
0.592075 -0.22894 0.181556 227 27 0
0.59424 -0.22451 0.183975 227 27 0
0.596784 -0.222495 0.187511 227 27 0
0.599801 -0.222927 0.191345 227 27 0
0.603636 -0.224083 0.195155 227 27 0
0.607881 -0.226716 0.197386 227 27 0
0.609352 -0.232468 0.197722 227 27 0
0.609054 -0.238357 0.196743 227 27 0
0.606409 -0.242851 0.19409 227 27 0
0.603053 -0.246343 0.190629 227 27 0
0.598554 -0.246343 0.186976 227 27 0
0.594489 -0.242994 0.183996 227 27 0
0.591681 -0.238365 0.182048 227 27 0
0.59174 -0.232307 0.182229 227 27 0
0.593995 -0.227121 0.184183 227 27 0
0.59666 -0.222434 0.186908 227 27 0
0.600134 -0.222927 0.190768 227 27 0
0.603217 -0.222683 0.195136 227 27 0
0.605686 -0.224894 0.197383 227 27 0
0.607672 -0.228906 0.198691 227 27 0
0.60907 -0.234138 0.198447 227 27 0
0.608272 -0.23803 0.196331 227 27 0
0.60499 -0.239833 0.193106 227 27 0
0.601876 -0.242378 0.189805 227 27 0
0.598188 -0.239417 0.18654 227 27 0
0.59457 -0.236706 0.183679 227 27 0
0.592942 -0.231357 0.182441 227 27 0
0.592235 -0.226057 0.182345 227 27 0
0.593697 -0.220788 0.183938 227 27 0
0.596163 -0.216633 0.186539 227 27 0
0.59905 -0.213059 0.190082 227 27 0
0.603256 -0.212769 0.194339 227 27 0
0.606715 -0.215554 0.197828 227 27 0
0.608786 -0.21937 0.199903 227 27 0
0.608341 -0.224353 0.199321 227 27 0
0.606919 -0.229449 0.197346 227 27 0
0.603381 -0.231749 0.193972 227 27 0
0.599961 -0.230571 0.190567 227 27 0
0.596377 -0.228011 0.186878 227 27 0
0.593766 -0.223517 0.184263 227 27 0
0.592823 -0.217789 0.183335 227 27 0
0.593638 -0.211957 0.184023 227 27 0
0.595823 -0.206886 0.186187 227 27 0
0.599098 -0.203186 0.189181 227 27 0
0.603191 -0.203091 0.193478 227 27 0
0.607397 -0.204336 0.197456 227 27 0
0.609278 -0.209569 0.199535 227 27 0
0.609706 -0.215276 0.200214 227 27 0
0.607491 -0.220242 0.19826 228 26 0
0.603524 -0.222151 0.194584 228 26 0
0.599379 -0.222302 0.190758 228 26 0
0.596357 -0.218207 0.187564 228 26 0
0.594197 -0.213039 0.185409 228 26 0
0.593631 -0.207173 0.184849 228 26 0
0.594375 -0.201421 0.185684 228 26 0
0.596526 -0.196329 0.18786 228 26 0
0.600413 -0.193438 0.191414 228 26 0
0.604614 -0.193224 0.195313 228 26 0
0.608405 -0.196118 0.19891 228 26 0
0.609977 -0.201466 0.2006 228 26 0
0.610183 -0.206964 0.200348 228 26 0
0.607597 -0.210917 0.197677 228 26 0
0.603699 -0.212474 0.193898 228 26 0
0.599407 -0.210607 0.190344 228 26 0
0.596066 -0.20655 0.187495 228 26 0
0.593901 -0.201154 0.186024 228 26 0
0.59318 -0.195316 0.185836 228 26 0
0.594571 -0.189812 0.187393 228 26 0
0.598086 -0.186328 0.190692 228 26 0
0.601413 -0.182854 0.194167 228 26 0
0.605425 -0.184189 0.198084 228 26 0
0.609581 -0.186415 0.201487 228 26 0
0.611313 -0.191726 0.202779 228 26 0
0.610104 -0.197119 0.201534 228 26 0
0.607631 -0.201482 0.198434 228 26 0
0.603366 -0.202825 0.194651 228 26 0
0.599524 -0.200207 0.191248 228 26 0
0.596248 -0.195969 0.188807 228 26 0
0.594198 -0.190459 0.187618 228 26 0
0.593864 -0.184526 0.188179 228 26 0
0.595614 -0.179298 0.190113 228 26 0
0.598868 -0.175796 0.193469 228 26 0
0.602691 -0.174151 0.197563 228 26 0
0.606768 -0.175307 0.201437 228 26 0
0.609797 -0.179745 0.203827 228 26 0
0.610726 -0.185409 0.203889 228 26 0
0.608197 -0.190033 0.20129 228 26 0
0.604403 -0.192652 0.197587 228 26 0
0.600285 -0.190924 0.193831 228 26 0
0.596463 -0.187351 0.190947 228 26 0
0.594011 -0.182666 0.189456 228 26 0
0.593417 -0.176811 0.189744 228 26 0
0.594324 -0.171052 0.19118 228 26 0
0.596668 -0.166721 0.193787 228 26 0
0.60039 -0.164065 0.197583 228 26 0
0.604794 -0.164092 0.201669 228 26 0
0.608368 -0.167012 0.205017 228 26 0
0.610906 -0.171949 0.206864 228 26 0
0.610574 -0.17771 0.205899 228 26 0
0.60747 -0.181537 0.202744 228 26 0
0.603268 -0.182463 0.19882 228 26 0
0.599336 -0.181079 0.195347 228 26 0
0.596085 -0.176869 0.192989 228 26 0
0.594375 -0.171184 0.192122 228 26 0
0.593568 -0.165296 0.192304 228 26 0
0.594893 -0.15984 0.19435 228 26 0
0.597887 -0.15581 0.197464 228 26 0
0.601809 -0.154062 0.201435 228 26 0
0.605838 -0.154956 0.205207 228 26 0
0.609048 -0.159259 0.207897 228 26 0
0.610197 -0.164757 0.208347 228 26 0
0.608951 -0.170095 0.206358 228 26 0
0.605603 -0.172375 0.20306 228 26 0
0.601247 -0.172208 0.198962 228 26 0
0.597454 -0.169355 0.195948 228 26 0
0.594237 -0.165038 0.19378 229 25 0
0.593651 -0.159104 0.193846 229 25 0
0.593584 -0.153385 0.194745 229 25 0
0.595688 -0.148543 0.197578 229 25 0
0.599044 -0.145113 0.20114 229 25 0
0.602919 -0.144017 0.205368 229 25 0
0.606828 -0.146089 0.209024 229 25 0
0.60961 -0.150849 0.211077 229 25 0
0.610463 -0.156592 0.210748 229 25 0
0.607928 -0.161058 0.207733 229 25 0
0.604498 -0.164038 0.203994 229 25 0
0.60036 -0.162158 0.200201 229 25 0
0.596884 -0.159363 0.197002 229 25 0
0.594466 -0.154136 0.195318 229 25 0
0.592938 -0.148396 0.194678 229 25 0
0.594258 -0.14339 0.196765 229 25 0
0.595185 -0.138094 0.199019 229 25 0
0.598001 -0.135469 0.202849 229 25 0
0.601953 -0.134091 0.206863 229 25 0
0.605243 -0.135856 0.210967 229 25 0
0.607739 -0.139366 0.213004 229 25 0
0.610306 -0.14398 0.214172 229 25 0
0.609392 -0.14908 0.212475 229 25 0
0.607238 -0.152605 0.20944 229 25 0
0.60356 -0.153909 0.205345 229 25 0
0.59991 -0.152413 0.201552 229 25 0
0.597165 -0.148702 0.198704 229 25 0
0.595533 -0.144388 0.197238 229 25 0
0.594305 -0.139011 0.196778 229 25 0
0.594431 -0.133699 0.197932 229 25 0
0.59513 -0.128958 0.199944 229 25 0
0.596508 -0.126331 0.202082 229 25 0
0.598156 -0.125977 0.204837 229 25 0
0.600329 -0.124415 0.208479 229 25 0
0.602029 -0.125205 0.210433 229 25 0
0.605421 -0.127865 0.21346 229 25 0
0.608933 -0.130584 0.216284 229 25 0
0.612669 -0.133218 0.218898 229 25 0
0.616614 -0.135426 0.221574 229 25 0
0.61039 -0.136207 0.229362 229 25 0
0.663048 -0.137529 0.255922 229 25 0
0.667155 -0.136668 0.246845 229 25 0
0.668027 -0.141935 0.245047 229 25 0
0.668238 -0.146566 0.244612 229 25 0
0.668379 -0.151214 0.244287 229 25 0
0.668464 -0.155868 0.244025 229 25 0
0.668545 -0.160528 0.243929 229 25 0
0.668604 -0.16519 0.243958 229 25 0
0.668569 -0.169852 0.243993 229 25 0
0.668547 -0.174511 0.24402 229 25 0
0.668649 -0.179725 0.243813 229 25 0
0.669477 -0.184377 0.2432 229 25 0
0.669975 -0.189083 0.242649 229 25 0
0.670532 -0.19379 0.242155 229 25 0
0.671058 -0.198509 0.241758 229 25 0
0.671408 -0.203254 0.241575 229 25 0
0.671513 -0.208016 0.241583 229 25 0
0.671488 -0.21278 0.241689 229 25 0
0.671532 -0.217543 0.241803 229 25 0
0.671627 -0.222307 0.241757 229 25 0
0.671634 -0.22707 0.24178 229 25 0
0.671507 -0.22198 0.242225 229 25 0
0.671504 -0.216672 0.241829 229 25 0
0.671447 -0.211354 0.241644 229 25 0
0.671107 -0.206049 0.241391 229 25 0
0.670808 -0.200737 0.241491 229 25 0
0.670277 -0.195454 0.24186 229 25 0
0.669615 -0.190201 0.242399 229 25 0
0.669115 -0.184976 0.243167 230 24 0
0.668649 -0.179725 0.243813 230 24 0
0.668546 -0.174995 0.243819 230 24 0
0.668578 -0.170266 0.243968 230 24 0
0.668603 -0.165535 0.243961 230 24 0
0.66855 -0.160804 0.243931 230 24 0
0.668467 -0.156075 0.244016 230 24 0
0.668382 -0.151352 0.244277 230 24 0
0.668243 -0.146635 0.244609 230 24 0
0.668027 -0.141935 0.245047 230 24 0
0.665858 -0.124349 0.247971 230 24 0
0.670885 -0.125665 0.249982 230 24 0
0.675343 -0.128155 0.251366 230 24 0
0.678638 -0.131961 0.251893 230 24 0
0.681175 -0.137263 0.252181 230 24 0
0.680623 -0.14304 0.251199 230 24 0
0.67734 -0.14663 0.248941 230 24 0
0.672999 -0.149152 0.246653 230 24 0
0.668154 -0.146894 0.244688 230 24 0
0.664613 -0.142076 0.243418 230 24 0
0.665451 -0.137012 0.244513 230 24 0
0.666189 -0.131395 0.245398 230 24 0
0.670245 -0.127986 0.247901 230 24 0
0.675182 -0.125977 0.250539 230 24 0
0.680656 -0.126043 0.253257 230 24 0
0.685487 -0.128193 0.255346 230 24 0
0.688844 -0.133123 0.256348 230 24 0
0.690536 -0.138769 0.256456 230 24 0
0.690472 -0.144436 0.255593 230 24 0
0.686603 -0.14817 0.252931 230 24 0
0.681695 -0.149168 0.250185 230 24 0
0.677077 -0.146394 0.248308 230 24 0
0.674983 -0.140918 0.248163 230 24 0
0.675036 -0.134999 0.249243 230 24 0
0.677954 -0.13035 0.251851 230 24 0
0.681582 -0.127949 0.254419 230 24 0
0.685836 -0.126116 0.257009 230 24 0
0.68966 -0.127551 0.257788 230 24 0
0.694068 -0.130047 0.258712 230 24 0
0.697176 -0.134319 0.258762 230 24 0
0.699122 -0.139582 0.258576 230 24 0
0.69828 -0.144749 0.257103 230 24 0
0.696385 -0.150218 0.255651 230 24 0
0.692456 -0.154105 0.253642 230 24 0
0.687302 -0.155388 0.251069 230 24 0
0.683136 -0.153927 0.249548 230 24 0
0.679375 -0.150305 0.248518 230 24 0
0.677603 -0.145283 0.248364 230 24 0
0.679469 -0.139781 0.249734 230 24 0
0.684004 -0.137381 0.25211 230 24 0
0.689213 -0.135856 0.254348 230 24 0
0.693444 -0.139438 0.255917 230 24 0
0.697537 -0.143198 0.257504 230 24 0
0.699472 -0.148815 0.257745 230 24 0
0.699611 -0.15478 0.257078 230 24 0
0.696778 -0.159461 0.255176 230 24 0
0.693537 -0.164243 0.25353 230 24 0
0.688638 -0.166629 0.251053 230 24 0
0.68365 -0.164931 0.248768 230 24 0
0.679632 -0.160824 0.247124 230 24 0
0.67822 -0.155308 0.246787 230 24 0
0.680399 -0.150857 0.247966 230 24 0
0.685087 -0.14785 0.250198 230 24 0
0.690046 -0.147215 0.252463 230 24 0
0.694337 -0.150792 0.254307 230 24 0
0.698774 -0.154162 0.256125 230 24 0
0.700202 -0.15977 0.256479 230 24 0
0.699955 -0.165752 0.256045 231 23 0
0.697267 -0.170791 0.254525 231 23 0
0.69327 -0.174419 0.252634 231 23 0
0.688284 -0.176518 0.250205 231 23 0
0.683029 -0.174949 0.248099 231 23 0
0.678965 -0.171056 0.246301 231 23 0
0.678575 -0.165245 0.246401 231 23 0
0.681426 -0.160663 0.247819 231 23 0
0.685856 -0.158673 0.249756 231 23 0
0.69098 -0.158173 0.251875 231 23 0
0.695659 -0.16132 0.253609 231 23 0
0.698894 -0.16622 0.254354 231 23 0
0.700579 -0.171811 0.254437 231 23 0
0.700174 -0.177487 0.253724 231 23 0
0.697627 -0.182685 0.252242 231 23 0
0.693706 -0.186182 0.250418 231 23 0
0.688163 -0.186471 0.248276 231 23 0
0.6828 -0.186041 0.246814 231 23 0
0.67956 -0.181962 0.246519 231 23 0
0.678384 -0.176281 0.246667 231 23 0
0.680481 -0.172414 0.247891 231 23 0
0.683779 -0.169396 0.249013 231 23 0
0.688851 -0.168987 0.250487 231 23 0
0.693409 -0.170008 0.251927 231 23 0
0.697658 -0.172482 0.252701 231 23 0
0.701283 -0.175906 0.253488 231 23 0
0.702212 -0.181605 0.25288 231 23 0
0.701853 -0.187071 0.251544 231 23 0
0.700157 -0.192114 0.250457 231 23 0
0.696863 -0.196246 0.249216 231 23 0
0.692482 -0.198607 0.247753 231 23 0
0.68704 -0.197762 0.245944 231 23 0
0.682618 -0.193783 0.245302 231 23 0
0.67916 -0.189211 0.244511 231 23 0
0.680659 -0.183927 0.245523 231 23 0
0.685164 -0.180495 0.247479 231 23 0
0.690536 -0.179198 0.249114 231 23 0
0.695896 -0.180921 0.250955 231 23 0
0.699478 -0.185041 0.251588 231 23 0
0.7027 -0.190017 0.252358 231 23 0
0.703156 -0.195879 0.252053 231 23 0
0.701864 -0.201645 0.251285 231 23 0
0.698574 -0.206276 0.249667 231 23 0
0.693451 -0.208389 0.247537 231 23 0
0.687963 -0.208276 0.245254 231 23 0
0.683198 -0.205683 0.243858 231 23 0
0.681884 -0.199933 0.243697 231 23 0
0.683259 -0.194379 0.24433 231 23 0
0.687377 -0.190651 0.245838 231 23 0
0.69298 -0.191028 0.247903 231 23 0
0.698313 -0.192481 0.250052 231 23 0
0.701555 -0.197135 0.251215 231 23 0
0.703465 -0.20263 0.251962 231 23 0
0.703723 -0.208616 0.252072 231 23 0
0.700784 -0.213363 0.250769 231 23 0
0.696479 -0.217105 0.248972 231 23 0
0.691487 -0.219169 0.247129 231 23 0
0.686364 -0.218109 0.244981 231 23 0
0.682295 -0.214046 0.243411 231 23 0
0.682297 -0.208174 0.243373 231 23 0
0.684761 -0.203013 0.244184 231 23 0
0.689847 -0.200998 0.246022 231 23 0
0.695351 -0.201103 0.248394 231 23 0
0.69938 -0.204564 0.249987 231 23 0
0.702304 -0.209679 0.2511 231 23 0
0.703722 -0.215138 0.251598 231 23 0
0.703339 -0.220995 0.251433 231 23 0
0.699905 -0.225733 0.250146 232 22 0
0.694988 -0.228498 0.248392 232 22 0
0.689486 -0.229271 0.246624 232 22 0
0.684284 -0.227509 0.244428 232 22 0
0.682234 -0.22272 0.243731 232 22 0
0.682703 -0.217473 0.243903 232 22 0
0.68656 -0.213259 0.245417 232 22 0
0.691682 -0.211031 0.247139 232 22 0
0.696726 -0.213276 0.248638 232 22 0
0.701724 -0.215994 0.250483 232 22 0
0.704027 -0.220955 0.250919 232 22 0
0.705095 -0.226274 0.251039 232 22 0
0.704787 -0.232124 0.250682 232 22 0
0.701476 -0.236303 0.248858 232 22 0
0.697968 -0.240619 0.247152 232 22 0
0.69255 -0.240679 0.244734 232 22 0
0.687604 -0.239378 0.243445 232 22 0
0.684434 -0.235646 0.243085 232 22 0
0.682224 -0.230636 0.243606 232 22 0
0.684387 -0.22635 0.2456 232 22 0
0.687888 -0.222346 0.246908 232 22 0
0.692913 -0.222463 0.248199 232 22 0
0.698699 -0.222775 0.249082 232 22 0
0.702997 -0.22687 0.250395 232 22 0
0.704986 -0.232258 0.250865 232 22 0
0.705255 -0.238096 0.250718 232 22 0
0.70309 -0.243277 0.24945 232 22 0
0.69818 -0.245919 0.24702 232 22 0
0.692716 -0.246328 0.244683 232 22 0
0.687739 -0.243445 0.24303 232 22 0
0.684882 -0.238178 0.242427 232 22 0
0.683175 -0.232876 0.242441 232 22 0
0.685023 -0.22736 0.244124 232 22 0
0.688182 -0.223925 0.246472 232 22 0
0.692697 -0.222463 0.248572 232 22 0
0.697918 -0.222732 0.24939 232 22 0
0.701677 -0.224587 0.250091 232 22 0
0.704625 -0.228023 0.250418 232 22 0
0.705494 -0.232144 0.250172 232 22 0
0.704217 -0.23658 0.24935 232 22 0
0.701203 -0.239902 0.248221 232 22 0
0.695926 -0.240642 0.24628 232 22 0
0.69064 -0.240158 0.244743 232 22 0
0.68649 -0.236049 0.243692 232 22 0
0.683937 -0.232261 0.243816 232 22 0
0.681551 -0.227075 0.243717 232 22 0
0.683316 -0.222255 0.244977 232 22 0
0.68587 -0.217444 0.245655 232 22 0
0.689853 -0.214267 0.246601 232 22 0
0.694888 -0.212834 0.248176 232 22 0
0.700105 -0.214613 0.249728 232 22 0
0.703763 -0.217761 0.250798 232 22 0
0.70543 -0.223191 0.251549 232 22 0
0.702568 -0.227967 0.250373 232 22 0
0.698259 -0.230605 0.248837 232 22 0
0.694198 -0.232188 0.247736 232 22 0
0.689053 -0.230051 0.24627 232 22 0
0.685181 -0.225752 0.244927 232 22 0
0.681438 -0.221504 0.243449 232 22 0
0.681804 -0.215533 0.243752 232 22 0
0.684341 -0.210454 0.244717 232 22 0
0.687615 -0.205642 0.245678 232 22 0
0.692455 -0.202664 0.24693 232 22 0
0.697497 -0.20457 0.248594 232 22 0
0.702755 -0.205903 0.250863 232 22 0
0.704126 -0.210913 0.251395 232 22 0
0.703612 -0.216851 0.251577 232 22 0
0.700348 -0.221344 0.250602 232 22 0
0.695136 -0.222639 0.248667 233 21 0
0.689769 -0.221459 0.246623 233 21 0
0.685309 -0.217866 0.245097 233 21 0
0.682228 -0.213156 0.243817 233 21 0
0.681834 -0.207236 0.243689 233 21 0
0.683262 -0.20168 0.244119 233 21 0
0.68622 -0.1966 0.245156 233 21 0
0.691461 -0.19432 0.246937 233 21 0
0.696698 -0.193376 0.249039 233 21 0
0.701439 -0.196442 0.250737 233 21 0
0.703684 -0.201535 0.251269 233 21 0
0.703959 -0.207502 0.251493 233 21 0
0.700246 -0.211607 0.250028 233 21 0
0.695076 -0.212841 0.248127 233 21 0
0.689703 -0.211597 0.246015 233 21 0
0.685093 -0.208376 0.244528 233 21 0
0.682876 -0.202838 0.243975 233 21 0
0.681818 -0.197092 0.243942 233 21 0
0.683617 -0.191567 0.245042 233 21 0
0.686362 -0.187106 0.24613 233 21 0
0.691195 -0.184264 0.248214 233 21 0
0.696796 -0.184398 0.250342 233 21 0
0.701448 -0.187096 0.252106 233 21 0
0.703225 -0.192709 0.252284 233 21 0
0.702531 -0.198249 0.251647 233 21 0
0.698262 -0.201383 0.249668 233 21 0
0.693045 -0.202743 0.247925 233 21 0
0.687833 -0.201041 0.246074 233 21 0
0.683629 -0.197087 0.244818 233 21 0
0.68127 -0.191672 0.244381 233 21 0
0.681027 -0.185704 0.244859 233 21 0
0.682635 -0.180267 0.24611 233 21 0
0.686536 -0.176424 0.248187 233 21 0
0.691401 -0.174103 0.250243 233 21 0
0.696729 -0.175729 0.252241 233 21 0
0.701383 -0.178181 0.253715 233 21 0
0.702099 -0.184018 0.253402 233 21 0
0.70108 -0.189823 0.252567 233 21 0
0.696436 -0.192645 0.250502 233 21 0
0.691326 -0.193551 0.24858 233 21 0
0.686261 -0.190891 0.246798 233 21 0
0.682998 -0.18602 0.245891 233 21 0
0.680065 -0.18092 0.245003 233 21 0
0.680847 -0.175554 0.246028 233 21 0
0.683084 -0.170215 0.247558 233 21 0
0.686407 -0.166587 0.249201 233 21 0
0.691362 -0.164392 0.251421 233 21 0
0.696585 -0.165855 0.253499 233 21 0
0.700589 -0.169028 0.254767 233 21 0
0.701616 -0.174346 0.254909 233 21 0
0.700432 -0.179856 0.254262 233 21 0
0.695831 -0.182579 0.252083 233 21 0
0.690798 -0.184214 0.250039 233 21 0
0.686022 -0.18181 0.248287 233 21 0
0.682152 -0.177495 0.246947 233 21 0
0.678996 -0.172532 0.245836 233 21 0
0.679568 -0.166865 0.246605 233 21 0
0.681791 -0.161469 0.247965 233 21 0
0.68498 -0.156813 0.249458 233 21 0
0.690164 -0.155746 0.251871 233 21 0
0.695715 -0.155862 0.254091 233 21 0
0.699127 -0.16017 0.255394 233 21 0
0.700057 -0.165649 0.255553 233 21 0
0.698052 -0.171022 0.254517 233 21 0
0.693535 -0.17414 0.252471 233 21 0
0.688037 -0.173981 0.250098 233 21 0
0.683343 -0.171017 0.248383 233 21 0
0.680565 -0.166059 0.247477 234 20 0
0.678196 -0.161077 0.2468 234 20 0
0.678777 -0.155303 0.247441 234 20 0
0.681322 -0.150097 0.248949 234 20 0
0.685357 -0.146525 0.250958 234 20 0
0.690785 -0.145831 0.253316 234 20 0
0.696032 -0.146468 0.255644 234 20 0
0.699747 -0.150924 0.256979 234 20 0
0.700113 -0.156861 0.25638 234 20 0
0.698236 -0.161909 0.255148 234 20 0
0.693729 -0.164238 0.253079 234 20 0
0.688269 -0.164095 0.250613 234 20 0
0.683538 -0.161817 0.249017 234 20 0
0.680479 -0.156728 0.248234 234 20 0
0.677818 -0.152008 0.247567 234 20 0
0.677777 -0.146086 0.248356 234 20 0
0.680115 -0.141318 0.250235 234 20 0
0.68389 -0.137312 0.252583 234 20 0
0.68898 -0.135944 0.255049 234 20 0
0.694076 -0.136609 0.256783 234 20 0
0.697951 -0.140749 0.257968 234 20 0
0.700199 -0.145236 0.257818 234 20 0
0.699613 -0.150878 0.256849 234 20 0
0.696267 -0.154016 0.254837 234 20 0
0.691576 -0.155648 0.252716 234 20 0
0.686658 -0.15407 0.250809 234 20 0
0.682103 -0.151144 0.249244 234 20 0
0.679525 -0.1466 0.249289 234 20 0
0.6773 -0.14167 0.2493 234 20 0
0.676838 -0.135976 0.249995 234 20 0
0.678564 -0.131532 0.251898 234 20 0
0.682197 -0.128553 0.254672 234 20 0
0.685899 -0.126116 0.2569 234 20 0
0.68351 -0.127434 0.255465 234 20 0
0.680101 -0.129428 0.253329 234 20 0
0.676677 -0.131412 0.251207 234 20 0
0.673239 -0.133434 0.249144 234 20 0
0.669789 -0.13544 0.247085 234 20 0
0.665752 -0.136367 0.256187 234 20 0
0.612143 -0.13736 0.23039 234 20 0
0.618381 -0.136651 0.222607 234 20 0
0.618381 -0.136651 0.222607 234 20 0
0.618848 -0.141779 0.221908 234 20 0
0.619321 -0.146415 0.22122 234 20 0
0.619708 -0.151075 0.220653 234 20 0
0.620043 -0.155747 0.220158 234 20 0
0.620283 -0.160436 0.219802 234 20 0
0.620423 -0.165139 0.219599 234 20 0
0.620487 -0.169849 0.21952 234 20 0
0.620454 -0.174558 0.219568 234 20 0
0.620012 -0.180065 0.218777 234 20 0
0.619867 -0.184764 0.217658 234 20 0
0.619652 -0.189427 0.216404 234 20 0
0.619451 -0.194095 0.215168 234 20 0
0.619285 -0.198802 0.214093 234 20 0
0.61904 -0.203537 0.213162 234 20 0
0.618633 -0.208287 0.212379 234 20 0
0.618067 -0.213043 0.211733 234 20 0
0.617408 -0.217793 0.211136 234 20 0
0.616761 -0.222542 0.210519 234 20 0
0.615973 -0.227269 0.209933 234 20 0
0.616639 -0.221985 0.210832 234 20 0
0.617456 -0.217309 0.211208 234 20 0
0.618125 -0.212628 0.211785 234 20 0
0.618672 -0.207939 0.212428 234 20 0
0.619059 -0.203258 0.213213 234 20 0
0.619428 -0.198636 0.214282 234 20 0
0.619791 -0.194061 0.215554 234 20 0
0.620008 -0.189475 0.216821 235 19 0
0.620356 -0.184981 0.218361 235 19 0
0.620578 -0.180025 0.219416 235 19 0
0.62057 -0.17522 0.219396 235 19 0
0.620503 -0.170417 0.219497 235 19 0
0.620417 -0.165614 0.21961 235 19 0
0.620283 -0.160815 0.219802 235 19 0
0.620058 -0.156029 0.220135 235 19 0
0.619725 -0.151261 0.220628 235 19 0
0.619335 -0.146506 0.2212 235 19 0
0.618848 -0.141779 0.221908 235 19 0
0.617496 -0.124352 0.223826 235 19 0
0.622298 -0.125954 0.226007 235 19 0
0.625164 -0.129988 0.226947 235 19 0
0.627113 -0.135237 0.227321 235 19 0
0.625911 -0.140362 0.2258 235 19 0
0.62346 -0.145237 0.22373 235 19 0
0.619127 -0.147002 0.220517 235 19 0
0.614862 -0.149005 0.217474 235 19 0
0.610343 -0.146591 0.214589 235 19 0
0.606033 -0.144533 0.212103 235 19 0
0.602907 -0.139636 0.210484 235 19 0
0.602628 -0.133831 0.210905 235 19 0
0.604071 -0.128167 0.212301 235 19 0
0.607684 -0.1247 0.215133 235 19 0
0.612291 -0.125605 0.218441 235 19 0
0.615814 -0.129902 0.220546 235 19 0
0.617369 -0.13548 0.221061 235 19 0
0.615723 -0.140445 0.219167 235 19 0
0.614134 -0.144879 0.217231 235 19 0
0.610119 -0.14718 0.213391 235 19 0
0.605807 -0.149126 0.209782 235 19 0
0.602064 -0.146682 0.20625 235 19 0
0.598453 -0.143122 0.202985 235 19 0
0.595907 -0.139104 0.200644 235 19 0
0.595119 -0.133357 0.200182 235 19 0
0.595474 -0.12863 0.201214 235 19 0
0.597858 -0.125984 0.204339 235 19 0
0.600463 -0.124415 0.208247 235 19 0
0.602829 -0.125977 0.211339 235 19 0
0.606079 -0.129112 0.213928 235 19 0
0.608617 -0.133166 0.215154 235 19 0
0.609063 -0.139109 0.214686 235 19 0
0.609008 -0.14474 0.213101 235 19 0
0.607479 -0.149053 0.210532 235 19 0
0.604723 -0.152306 0.206749 235 19 0
0.600598 -0.152356 0.202462 235 19 0
0.596859 -0.150995 0.198536 235 19 0
0.593927 -0.147172 0.1962 235 19 0
0.592162 -0.141735 0.195698 235 19 0
0.594394 -0.137057 0.198362 235 19 0
0.597323 -0.134248 0.202091 235 19 0
0.601593 -0.134124 0.206254 235 19 0
0.605087 -0.137686 0.209163 235 19 0
0.608062 -0.142116 0.211166 235 19 0
0.609907 -0.147369 0.211636 235 19 0
0.608918 -0.152871 0.209886 235 19 0
0.607009 -0.15788 0.207288 235 19 0
0.6034 -0.160781 0.20373 235 19 0
0.599578 -0.161599 0.199948 235 19 0
0.595712 -0.160174 0.196385 235 19 0
0.592881 -0.155475 0.194247 235 19 0
0.592655 -0.149639 0.194651 235 19 0
0.593993 -0.145088 0.196641 235 19 0
0.597717 -0.142552 0.200164 235 19 0
0.602226 -0.143541 0.20378 235 19 0
0.605668 -0.147496 0.206471 235 19 0
0.608078 -0.152653 0.20787 236 18 0
0.60871 -0.158526 0.207609 236 18 0
0.608276 -0.164162 0.206309 236 18 0
0.605368 -0.168174 0.203279 236 18 0
0.601414 -0.170759 0.199627 236 18 0
0.597248 -0.170965 0.195355 236 18 0
0.59349 -0.167505 0.192521 236 18 0
0.591948 -0.161977 0.191423 236 18 0
0.591582 -0.156037 0.191907 236 18 0
0.594416 -0.152348 0.194531 236 18 0
0.598563 -0.150915 0.198333 236 18 0
0.602811 -0.153164 0.201843 236 18 0
0.60518 -0.157886 0.203756 236 18 0
0.607513 -0.163103 0.205027 236 18 0
0.608 -0.16901 0.204397 236 18 0
0.607076 -0.174538 0.202792 236 18 0
0.603562 -0.177711 0.199204 236 18 0
0.599708 -0.178434 0.194964 236 18 0
0.595459 -0.17742 0.191008 236 18 0
0.592065 -0.174041 0.188341 236 18 0
0.590784 -0.168598 0.187715 236 18 0
0.592184 -0.16357 0.189426 236 18 0
0.595469 -0.160966 0.193325 236 18 0
0.599501 -0.16082 0.197709 236 18 0
0.603823 -0.163056 0.201095 236 18 0
0.606182 -0.167949 0.202976 236 18 0
0.607227 -0.173699 0.203405 236 18 0
0.606538 -0.179105 0.201888 236 18 0
0.604704 -0.183983 0.199122 236 18 0
0.602015 -0.186814 0.195009 236 18 0
0.598632 -0.187949 0.191039 236 18 0
0.594881 -0.1868 0.186979 236 18 0
0.592378 -0.182537 0.184186 236 18 0
0.590241 -0.178447 0.183064 236 18 0
0.591866 -0.173624 0.184737 236 18 0
0.593088 -0.170697 0.187617 236 18 0
0.595393 -0.168553 0.190153 236 18 0
0.597878 -0.16844 0.194204 236 18 0
0.599934 -0.170901 0.196994 236 18 0
0.602842 -0.173154 0.199575 236 18 0
0.605195 -0.177876 0.201304 236 18 0
0.606903 -0.183279 0.201616 236 18 0
0.606309 -0.188787 0.200086 236 18 0
0.604786 -0.193405 0.197257 236 18 0
0.602493 -0.1961 0.193332 236 18 0
0.598915 -0.197971 0.189198 236 18 0
0.594783 -0.196719 0.185273 236 18 0
0.592767 -0.192566 0.183269 236 18 0
0.590437 -0.187542 0.182334 236 18 0
0.592255 -0.183031 0.18457 236 18 0
0.595103 -0.180353 0.188271 236 18 0
0.599064 -0.178607 0.192182 236 18 0
0.602666 -0.181978 0.195471 236 18 0
0.605903 -0.185963 0.198088 236 18 0
0.607937 -0.191439 0.199432 236 18 0
0.607685 -0.197132 0.198699 236 18 0
0.606218 -0.202594 0.196745 236 18 0
0.603893 -0.207057 0.193808 236 18 0
0.599884 -0.208165 0.189657 236 18 0
0.59566 -0.207032 0.185758 236 18 0
0.591891 -0.203746 0.182787 236 18 0
0.591245 -0.198225 0.182384 236 18 0
0.592584 -0.192601 0.183792 236 18 0
0.596797 -0.191208 0.187574 236 18 0
0.601008 -0.190612 0.191556 236 18 0
0.604365 -0.193994 0.194765 236 18 0
0.607565 -0.198313 0.19742 236 18 0
0.608723 -0.203969 0.198545 237 17 0
0.607803 -0.209823 0.197823 237 17 0
0.605979 -0.215207 0.195995 237 17 0
0.603024 -0.219356 0.193308 237 17 0
0.598704 -0.220552 0.189491 237 17 0
0.594759 -0.21793 0.185982 237 17 0
0.592369 -0.213196 0.183373 237 17 0
0.591522 -0.207429 0.182591 237 17 0
0.594695 -0.203217 0.185106 237 17 0
0.597894 -0.200075 0.188117 237 17 0
0.602039 -0.201996 0.191703 237 17 0
0.605705 -0.205102 0.195164 237 17 0
0.608218 -0.210017 0.197395 237 17 0
0.608841 -0.215786 0.198288 237 17 0
0.607291 -0.221479 0.197272 237 17 0
0.60449 -0.225985 0.19489 237 17 0
0.60204 -0.230489 0.192454 237 17 0
0.597722 -0.229938 0.188395 237 17 0
0.593643 -0.227448 0.184777 237 17 0
0.591487 -0.222875 0.182574 237 17 0
0.592508 -0.217313 0.183264 237 17 0
0.595092 -0.21267 0.185972 237 17 0
0.599405 -0.211698 0.189939 237 17 0
0.603277 -0.213545 0.193687 237 17 0
0.606801 -0.216875 0.196922 237 17 0
0.608667 -0.222323 0.198509 237 17 0
0.60882 -0.228297 0.198439 237 17 0
0.607148 -0.23362 0.196655 237 17 0
0.605128 -0.238494 0.193909 237 17 0
0.601448 -0.240133 0.190074 237 17 0
0.597766 -0.240897 0.186613 237 17 0
0.594096 -0.238796 0.183101 237 17 0
0.59204 -0.23491 0.181269 237 17 0
0.592075 -0.22894 0.181556 237 17 0
0.59424 -0.22451 0.183975 237 17 0
0.596784 -0.222495 0.187511 237 17 0
0.599801 -0.222927 0.191345 237 17 0
0.603636 -0.224083 0.195155 237 17 0
0.607881 -0.226716 0.197386 237 17 0
0.609352 -0.232468 0.197722 237 17 0
0.609054 -0.238357 0.196743 237 17 0
0.606409 -0.242851 0.19409 237 17 0
0.603053 -0.246343 0.190629 237 17 0
0.598554 -0.246343 0.186976 237 17 0
0.594489 -0.242994 0.183996 237 17 0
0.591681 -0.238365 0.182048 237 17 0
0.59174 -0.232307 0.182229 237 17 0
0.593995 -0.227121 0.184183 237 17 0
0.59666 -0.222434 0.186908 237 17 0
0.600134 -0.222927 0.190768 237 17 0
0.603217 -0.222683 0.195136 237 17 0
0.605686 -0.224894 0.197383 237 17 0
0.607672 -0.228906 0.198691 237 17 0
0.60907 -0.234138 0.198447 237 17 0
0.608272 -0.23803 0.196331 237 17 0
0.60499 -0.239833 0.193106 237 17 0
0.601876 -0.242378 0.189805 237 17 0
0.598188 -0.239417 0.18654 237 17 0
0.59457 -0.236706 0.183679 237 17 0
0.592942 -0.231357 0.182441 237 17 0
0.592235 -0.226057 0.182345 237 17 0
0.593697 -0.220788 0.183938 237 17 0
0.596163 -0.216633 0.186539 237 17 0
0.59905 -0.213059 0.190082 237 17 0
0.603256 -0.212769 0.194339 237 17 0
0.606715 -0.215554 0.197828 237 17 0
0.608786 -0.21937 0.199903 237 17 0
0.608341 -0.224353 0.199321 237 17 0
0.606919 -0.229449 0.197346 238 16 0
0.603381 -0.231749 0.193972 238 16 0
0.599961 -0.230571 0.190567 238 16 0
0.596377 -0.228011 0.186878 238 16 0
0.593766 -0.223517 0.184263 238 16 0
0.592823 -0.217789 0.183335 238 16 0
0.593638 -0.211957 0.184023 238 16 0
0.595823 -0.206886 0.186187 238 16 0
0.599098 -0.203186 0.189181 238 16 0
0.603191 -0.203091 0.193478 238 16 0
0.607397 -0.204336 0.197456 238 16 0
0.609278 -0.209569 0.199535 238 16 0
0.609706 -0.215276 0.200214 238 16 0
0.607491 -0.220242 0.19826 238 16 0
0.603524 -0.222151 0.194584 238 16 0
0.599379 -0.222302 0.190758 238 16 0
0.596357 -0.218207 0.187564 238 16 0
0.594197 -0.213039 0.185409 238 16 0
0.593631 -0.207173 0.184849 238 16 0
0.594375 -0.201421 0.185684 238 16 0
0.596526 -0.196329 0.18786 238 16 0
0.600413 -0.193438 0.191414 238 16 0
0.604614 -0.193224 0.195313 238 16 0
0.608405 -0.196118 0.19891 238 16 0
0.609977 -0.201466 0.2006 238 16 0
0.610183 -0.206964 0.200348 238 16 0
0.607597 -0.210917 0.197677 238 16 0
0.603699 -0.212474 0.193898 238 16 0
0.599407 -0.210607 0.190344 238 16 0
0.596066 -0.20655 0.187495 238 16 0
0.593901 -0.201154 0.186024 238 16 0
0.59318 -0.195316 0.185836 238 16 0
0.594571 -0.189812 0.187393 238 16 0
0.598086 -0.186328 0.190692 238 16 0
0.601413 -0.182854 0.194167 238 16 0
0.605425 -0.184189 0.198084 238 16 0
0.609581 -0.186415 0.201487 238 16 0
0.611313 -0.191726 0.202779 238 16 0
0.610104 -0.197119 0.201534 238 16 0
0.607631 -0.201482 0.198434 238 16 0
0.603366 -0.202825 0.194651 238 16 0
0.599524 -0.200207 0.191248 238 16 0
0.596248 -0.195969 0.188807 238 16 0
0.594198 -0.190459 0.187618 238 16 0
0.593864 -0.184526 0.188179 238 16 0
0.595614 -0.179298 0.190113 238 16 0
0.598868 -0.175796 0.193469 238 16 0
0.602691 -0.174151 0.197563 238 16 0
0.606768 -0.175307 0.201437 238 16 0
0.609797 -0.179745 0.203827 238 16 0
0.610726 -0.185409 0.203889 238 16 0
0.608197 -0.190033 0.20129 238 16 0
0.604403 -0.192652 0.197587 238 16 0
0.600285 -0.190924 0.193831 238 16 0
0.596463 -0.187351 0.190947 238 16 0
0.594011 -0.182666 0.189456 238 16 0
0.593417 -0.176811 0.189744 238 16 0
0.594324 -0.171052 0.19118 238 16 0
0.596668 -0.166721 0.193787 238 16 0
0.60039 -0.164065 0.197583 238 16 0
0.604794 -0.164092 0.201669 238 16 0
0.608368 -0.167012 0.205017 238 16 0
0.610906 -0.171949 0.206864 238 16 0
0.610574 -0.17771 0.205899 238 16 0
0.60747 -0.181537 0.202744 238 16 0
0.603268 -0.182463 0.19882 238 16 0
0.599336 -0.181079 0.195347 238 16 0
0.596085 -0.176869 0.192989 239 15 0
0.594375 -0.171184 0.192122 239 15 0
0.593568 -0.165296 0.192304 239 15 0
0.594893 -0.15984 0.19435 239 15 0
0.597887 -0.15581 0.197464 239 15 0
0.601809 -0.154062 0.201435 239 15 0
0.605838 -0.154956 0.205207 239 15 0
0.609048 -0.159259 0.207897 239 15 0
0.610197 -0.164757 0.208347 239 15 0
0.608951 -0.170095 0.206358 239 15 0
0.605603 -0.172375 0.20306 239 15 0
0.601247 -0.172208 0.198962 239 15 0
0.597454 -0.169355 0.195948 239 15 0
0.594237 -0.165038 0.19378 239 15 0
0.593651 -0.159104 0.193846 239 15 0
0.593584 -0.153385 0.194745 239 15 0
0.595688 -0.148543 0.197578 239 15 0
0.599044 -0.145113 0.20114 239 15 0
0.602919 -0.144017 0.205368 239 15 0
0.606828 -0.146089 0.209024 239 15 0
0.60961 -0.150849 0.211077 239 15 0
0.610463 -0.156592 0.210748 239 15 0
0.607928 -0.161058 0.207733 239 15 0
0.604498 -0.164038 0.203994 239 15 0
0.60036 -0.162158 0.200201 239 15 0
0.596884 -0.159363 0.197002 239 15 0
0.594466 -0.154136 0.195318 239 15 0
0.592938 -0.148396 0.194678 239 15 0
0.594258 -0.14339 0.196765 239 15 0
0.595185 -0.138094 0.199019 239 15 0
0.598001 -0.135469 0.202849 239 15 0
0.601953 -0.134091 0.206863 239 15 0
0.605243 -0.135856 0.210967 239 15 0
0.607739 -0.139366 0.213004 239 15 0
0.610306 -0.14398 0.214172 239 15 0
0.609392 -0.14908 0.212475 239 15 0
0.607238 -0.152605 0.20944 239 15 0
0.60356 -0.153909 0.205345 239 15 0
0.59991 -0.152413 0.201552 239 15 0
0.597165 -0.148702 0.198704 239 15 0
0.595533 -0.144388 0.197238 239 15 0
0.594305 -0.139011 0.196778 239 15 0
0.594431 -0.133699 0.197932 239 15 0
0.59513 -0.128958 0.199944 239 15 0
0.596508 -0.126331 0.202082 239 15 0
0.598156 -0.125977 0.204837 239 15 0
0.600329 -0.124415 0.208479 239 15 0
0.602029 -0.125205 0.210433 239 15 0
0.605421 -0.127865 0.21346 239 15 0
0.608933 -0.130584 0.216284 239 15 0
0.612669 -0.133218 0.218898 239 15 0
0.616614 -0.135426 0.221574 239 15 0
0.61039 -0.136207 0.229362 239 15 0
0.663048 -0.137529 0.255922 239 15 0
0.667155 -0.136668 0.246845 239 15 0
0.668027 -0.141935 0.245047 239 15 0
0.668238 -0.146566 0.244612 239 15 0
0.668379 -0.151214 0.244287 239 15 0
0.668464 -0.155868 0.244025 239 15 0
0.668545 -0.160528 0.243929 239 15 0
0.668604 -0.16519 0.243958 239 15 0
0.668569 -0.169852 0.243993 239 15 0
0.668547 -0.174511 0.24402 239 15 0
0.668649 -0.179725 0.243813 239 15 0
0.669477 -0.184377 0.2432 239 15 0
0.669975 -0.189083 0.242649 239 15 0
0.670532 -0.19379 0.242155 239 15 0
0.671058 -0.198509 0.241758 240 14 0
0.671408 -0.203254 0.241575 240 14 0
0.671513 -0.208016 0.241583 240 14 0
0.671488 -0.21278 0.241689 240 14 0
0.671532 -0.217543 0.241803 240 14 0
0.671627 -0.222307 0.241757 240 14 0
0.671634 -0.22707 0.24178 240 14 0
0.671507 -0.22198 0.242225 240 14 0
0.671504 -0.216672 0.241829 240 14 0
0.671447 -0.211354 0.241644 240 14 0
0.671107 -0.206049 0.241391 240 14 0
0.670808 -0.200737 0.241491 240 14 0
0.670277 -0.195454 0.24186 240 14 0
0.669615 -0.190201 0.242399 240 14 0
0.669115 -0.184976 0.243167 240 14 0
0.668649 -0.179725 0.243813 240 14 0
0.668546 -0.174995 0.243819 240 14 0
0.668578 -0.170266 0.243968 240 14 0
0.668603 -0.165535 0.243961 240 14 0
0.66855 -0.160804 0.243931 240 14 0
0.668467 -0.156075 0.244016 240 14 0
0.668382 -0.151352 0.244277 240 14 0
0.668243 -0.146635 0.244609 240 14 0
0.668027 -0.141935 0.245047 240 14 0
0.665858 -0.124349 0.247971 240 14 0
0.670885 -0.125665 0.249982 240 14 0
0.675343 -0.128155 0.251366 240 14 0
0.678638 -0.131961 0.251893 240 14 0
0.681175 -0.137263 0.252181 240 14 0
0.680623 -0.14304 0.251199 240 14 0
0.67734 -0.14663 0.248941 240 14 0
0.672999 -0.149152 0.246653 240 14 0
0.668154 -0.146894 0.244688 240 14 0
0.664613 -0.142076 0.243418 240 14 0
0.665451 -0.137012 0.244513 240 14 0
0.666189 -0.131395 0.245398 240 14 0
0.670245 -0.127986 0.247901 240 14 0
0.675182 -0.125977 0.250539 240 14 0
0.680656 -0.126043 0.253257 240 14 0
0.685487 -0.128193 0.255346 240 14 0
0.688844 -0.133123 0.256348 240 14 0
0.690536 -0.138769 0.256456 240 14 0
0.690472 -0.144436 0.255593 240 14 0
0.686603 -0.14817 0.252931 240 14 0
0.681695 -0.149168 0.250185 240 14 0
0.677077 -0.146394 0.248308 240 14 0
0.674983 -0.140918 0.248163 240 14 0
0.675036 -0.134999 0.249243 240 14 0
0.677954 -0.13035 0.251851 240 14 0
0.681582 -0.127949 0.254419 240 14 0
0.685836 -0.126116 0.257009 240 14 0
0.68966 -0.127551 0.257788 240 14 0
0.694068 -0.130047 0.258712 240 14 0
0.697176 -0.134319 0.258762 240 14 0
0.699122 -0.139582 0.258576 240 14 0
0.69828 -0.144749 0.257103 240 14 0
0.696385 -0.150218 0.255651 240 14 0
0.692456 -0.154105 0.253642 240 14 0
0.687302 -0.155388 0.251069 240 14 0
0.683136 -0.153927 0.249548 240 14 0
0.679375 -0.150305 0.248518 240 14 0
0.677603 -0.145283 0.248364 240 14 0
0.679469 -0.139781 0.249734 240 14 0
0.684004 -0.137381 0.25211 240 14 0
0.689213 -0.135856 0.254348 240 14 0
0.693444 -0.139438 0.255917 240 14 0
0.697537 -0.143198 0.257504 240 14 0
0.699472 -0.148815 0.257745 240 14 0
0.699611 -0.15478 0.257078 241 13 0
0.696778 -0.159461 0.255176 241 13 0
0.693537 -0.164243 0.25353 241 13 0
0.688638 -0.166629 0.251053 241 13 0
0.68365 -0.164931 0.248768 241 13 0
0.679632 -0.160824 0.247124 241 13 0
0.67822 -0.155308 0.246787 241 13 0
0.680399 -0.150857 0.247966 241 13 0
0.685087 -0.14785 0.250198 241 13 0
0.690046 -0.147215 0.252463 241 13 0
0.694337 -0.150792 0.254307 241 13 0
0.698774 -0.154162 0.256125 241 13 0
0.700202 -0.15977 0.256479 241 13 0
0.699955 -0.165752 0.256045 241 13 0
0.697267 -0.170791 0.254525 241 13 0
0.69327 -0.174419 0.252634 241 13 0
0.688284 -0.176518 0.250205 241 13 0
0.683029 -0.174949 0.248099 241 13 0
0.678965 -0.171056 0.246301 241 13 0
0.678575 -0.165245 0.246401 241 13 0
0.681426 -0.160663 0.247819 241 13 0
0.685856 -0.158673 0.249756 241 13 0
0.69098 -0.158173 0.251875 241 13 0
0.695659 -0.16132 0.253609 241 13 0
0.698894 -0.16622 0.254354 241 13 0
0.700579 -0.171811 0.254437 241 13 0
0.700174 -0.177487 0.253724 241 13 0
0.697627 -0.182685 0.252242 241 13 0
0.693706 -0.186182 0.250418 241 13 0
0.688163 -0.186471 0.248276 241 13 0
0.6828 -0.186041 0.246814 241 13 0
0.67956 -0.181962 0.246519 241 13 0
0.678384 -0.176281 0.246667 241 13 0
0.680481 -0.172414 0.247891 241 13 0
0.683779 -0.169396 0.249013 241 13 0
0.688851 -0.168987 0.250487 241 13 0
0.693409 -0.170008 0.251927 241 13 0
0.697658 -0.172482 0.252701 241 13 0
0.701283 -0.175906 0.253488 241 13 0
0.702212 -0.181605 0.25288 241 13 0
0.701853 -0.187071 0.251544 241 13 0
0.700157 -0.192114 0.250457 241 13 0
0.696863 -0.196246 0.249216 241 13 0
0.692482 -0.198607 0.247753 241 13 0
0.68704 -0.197762 0.245944 241 13 0
0.682618 -0.193783 0.245302 241 13 0
0.67916 -0.189211 0.244511 241 13 0
0.680659 -0.183927 0.245523 241 13 0
0.685164 -0.180495 0.247479 241 13 0
0.690536 -0.179198 0.249114 241 13 0
0.695896 -0.180921 0.250955 241 13 0
0.699478 -0.185041 0.251588 241 13 0
0.7027 -0.190017 0.252358 241 13 0
0.703156 -0.195879 0.252053 241 13 0
0.701864 -0.201645 0.251285 241 13 0
0.698574 -0.206276 0.249667 241 13 0
0.693451 -0.208389 0.247537 241 13 0
0.687963 -0.208276 0.245254 241 13 0
0.683198 -0.205683 0.243858 241 13 0
0.681884 -0.199933 0.243697 241 13 0
0.683259 -0.194379 0.24433 241 13 0
0.687377 -0.190651 0.245838 241 13 0
0.69298 -0.191028 0.247903 241 13 0
0.698313 -0.192481 0.250052 241 13 0
0.701555 -0.197135 0.251215 241 13 0
0.703465 -0.20263 0.251962 241 13 0
0.703723 -0.208616 0.252072 241 13 0
0.700784 -0.213363 0.250769 242 12 0
0.696479 -0.217105 0.248972 242 12 0
0.691487 -0.219169 0.247129 242 12 0
0.686364 -0.218109 0.244981 242 12 0
0.682295 -0.214046 0.243411 242 12 0
0.682297 -0.208174 0.243373 242 12 0
0.684761 -0.203013 0.244184 242 12 0
0.689847 -0.200998 0.246022 242 12 0
0.695351 -0.201103 0.248394 242 12 0
0.69938 -0.204564 0.249987 242 12 0
0.702304 -0.209679 0.2511 242 12 0
0.703722 -0.215138 0.251598 242 12 0
0.703339 -0.220995 0.251433 242 12 0
0.699905 -0.225733 0.250146 242 12 0
0.694988 -0.228498 0.248392 242 12 0
0.689486 -0.229271 0.246624 242 12 0
0.684284 -0.227509 0.244428 242 12 0
0.682234 -0.22272 0.243731 242 12 0
0.682703 -0.217473 0.243903 242 12 0
0.68656 -0.213259 0.245417 242 12 0
0.691682 -0.211031 0.247139 242 12 0
0.696726 -0.213276 0.248638 242 12 0
0.701724 -0.215994 0.250483 242 12 0
0.704027 -0.220955 0.250919 242 12 0
0.705095 -0.226274 0.251039 242 12 0
0.704787 -0.232124 0.250682 242 12 0
0.701476 -0.236303 0.248858 242 12 0
0.697968 -0.240619 0.247152 242 12 0
0.69255 -0.240679 0.244734 242 12 0
0.687604 -0.239378 0.243445 242 12 0
0.684434 -0.235646 0.243085 242 12 0
0.682224 -0.230636 0.243606 242 12 0
0.684387 -0.22635 0.2456 242 12 0
0.687888 -0.222346 0.246908 242 12 0
0.692913 -0.222463 0.248199 242 12 0
0.698699 -0.222775 0.249082 242 12 0
0.702997 -0.22687 0.250395 242 12 0
0.704986 -0.232258 0.250865 242 12 0
0.705255 -0.238096 0.250718 242 12 0
0.70309 -0.243277 0.24945 242 12 0
0.69818 -0.245919 0.24702 242 12 0
0.692716 -0.246328 0.244683 242 12 0
0.687739 -0.243445 0.24303 242 12 0
0.684882 -0.238178 0.242427 242 12 0
0.683175 -0.232876 0.242441 242 12 0
0.685023 -0.22736 0.244124 242 12 0
0.688182 -0.223925 0.246472 242 12 0
0.692697 -0.222463 0.248572 242 12 0
0.697918 -0.222732 0.24939 242 12 0
0.701677 -0.224587 0.250091 242 12 0
0.704625 -0.228023 0.250418 242 12 0
0.705494 -0.232144 0.250172 242 12 0
0.704217 -0.23658 0.24935 242 12 0
0.701203 -0.239902 0.248221 242 12 0
0.695926 -0.240642 0.24628 242 12 0
0.69064 -0.240158 0.244743 242 12 0
0.68649 -0.236049 0.243692 242 12 0
0.683937 -0.232261 0.243816 242 12 0
0.681551 -0.227075 0.243717 242 12 0
0.683316 -0.222255 0.244977 242 12 0
0.68587 -0.217444 0.245655 242 12 0
0.689853 -0.214267 0.246601 242 12 0
0.694888 -0.212834 0.248176 242 12 0
0.700105 -0.214613 0.249728 242 12 0
0.703763 -0.217761 0.250798 242 12 0
0.70543 -0.223191 0.251549 242 12 0
0.702568 -0.227967 0.250373 242 12 0
0.698259 -0.230605 0.248837 243 11 0
0.694198 -0.232188 0.247736 243 11 0
0.689053 -0.230051 0.24627 243 11 0
0.685181 -0.225752 0.244927 243 11 0
0.681438 -0.221504 0.243449 243 11 0
0.681804 -0.215533 0.243752 243 11 0
0.684341 -0.210454 0.244717 243 11 0
0.687615 -0.205642 0.245678 243 11 0
0.692455 -0.202664 0.24693 243 11 0
0.697497 -0.20457 0.248594 243 11 0
0.702755 -0.205903 0.250863 243 11 0
0.704126 -0.210913 0.251395 243 11 0
0.703612 -0.216851 0.251577 243 11 0
0.700348 -0.221344 0.250602 243 11 0
0.695136 -0.222639 0.248667 243 11 0
0.689769 -0.221459 0.246623 243 11 0
0.685309 -0.217866 0.245097 243 11 0
0.682228 -0.213156 0.243817 243 11 0
0.681834 -0.207236 0.243689 243 11 0
0.683262 -0.20168 0.244119 243 11 0
0.68622 -0.1966 0.245156 243 11 0
0.691461 -0.19432 0.246937 243 11 0
0.696698 -0.193376 0.249039 243 11 0
0.701439 -0.196442 0.250737 243 11 0
0.703684 -0.201535 0.251269 243 11 0
0.703959 -0.207502 0.251493 243 11 0
0.700246 -0.211607 0.250028 243 11 0
0.695076 -0.212841 0.248127 243 11 0
0.689703 -0.211597 0.246015 243 11 0
0.685093 -0.208376 0.244528 243 11 0
0.682876 -0.202838 0.243975 243 11 0
0.681818 -0.197092 0.243942 243 11 0
0.683617 -0.191567 0.245042 243 11 0
0.686362 -0.187106 0.24613 243 11 0
0.691195 -0.184264 0.248214 243 11 0
0.696796 -0.184398 0.250342 243 11 0
0.701448 -0.187096 0.252106 243 11 0
0.703225 -0.192709 0.252284 243 11 0
0.702531 -0.198249 0.251647 243 11 0
0.698262 -0.201383 0.249668 243 11 0
0.693045 -0.202743 0.247925 243 11 0
0.687833 -0.201041 0.246074 243 11 0
0.683629 -0.197087 0.244818 243 11 0
0.68127 -0.191672 0.244381 243 11 0
0.681027 -0.185704 0.244859 243 11 0
0.682635 -0.180267 0.24611 243 11 0
0.686536 -0.176424 0.248187 243 11 0
0.691401 -0.174103 0.250243 243 11 0
0.696729 -0.175729 0.252241 243 11 0
0.701383 -0.178181 0.253715 243 11 0
0.702099 -0.184018 0.253402 243 11 0
0.70108 -0.189823 0.252567 243 11 0
0.696436 -0.192645 0.250502 243 11 0
0.691326 -0.193551 0.24858 243 11 0
0.686261 -0.190891 0.246798 243 11 0
0.682998 -0.18602 0.245891 243 11 0
0.680065 -0.18092 0.245003 243 11 0
0.680847 -0.175554 0.246028 243 11 0
0.683084 -0.170215 0.247558 243 11 0
0.686407 -0.166587 0.249201 243 11 0
0.691362 -0.164392 0.251421 243 11 0
0.696585 -0.165855 0.253499 243 11 0
0.700589 -0.169028 0.254767 243 11 0
0.701616 -0.174346 0.254909 243 11 0
0.700432 -0.179856 0.254262 243 11 0
0.695831 -0.182579 0.252083 243 11 0
0.690798 -0.184214 0.250039 243 11 0
0.686022 -0.18181 0.248287 243 11 0
0.682152 -0.177495 0.246947 244 10 0
0.678996 -0.172532 0.245836 244 10 0
0.679568 -0.166865 0.246605 244 10 0
0.681791 -0.161469 0.247965 244 10 0
0.68498 -0.156813 0.249458 244 10 0
0.690164 -0.155746 0.251871 244 10 0
0.695715 -0.155862 0.254091 244 10 0
0.699127 -0.16017 0.255394 244 10 0
0.700057 -0.165649 0.255553 244 10 0
0.698052 -0.171022 0.254517 244 10 0
0.693535 -0.17414 0.252471 244 10 0
0.688037 -0.173981 0.250098 244 10 0
0.683343 -0.171017 0.248383 244 10 0
0.680565 -0.166059 0.247477 244 10 0
0.678196 -0.161077 0.2468 244 10 0
0.678777 -0.155303 0.247441 244 10 0
0.681322 -0.150097 0.248949 244 10 0
0.685357 -0.146525 0.250958 244 10 0
0.690785 -0.145831 0.253316 244 10 0
0.696032 -0.146468 0.255644 244 10 0
0.699747 -0.150924 0.256979 244 10 0
0.700113 -0.156861 0.25638 244 10 0
0.698236 -0.161909 0.255148 244 10 0
0.693729 -0.164238 0.253079 244 10 0
0.688269 -0.164095 0.250613 244 10 0
0.683538 -0.161817 0.249017 244 10 0
0.680479 -0.156728 0.248234 244 10 0
0.677818 -0.152008 0.247567 244 10 0
0.677777 -0.146086 0.248356 244 10 0
0.680115 -0.141318 0.250235 244 10 0
0.68389 -0.137312 0.252583 244 10 0
0.68898 -0.135944 0.255049 244 10 0
0.694076 -0.136609 0.256783 244 10 0
0.697951 -0.140749 0.257968 244 10 0
0.700199 -0.145236 0.257818 244 10 0
0.699613 -0.150878 0.256849 244 10 0
0.696267 -0.154016 0.254837 244 10 0
0.691576 -0.155648 0.252716 244 10 0
0.686658 -0.15407 0.250809 244 10 0
0.682103 -0.151144 0.249244 244 10 0
0.679525 -0.1466 0.249289 244 10 0
0.6773 -0.14167 0.2493 244 10 0
0.676838 -0.135976 0.249995 244 10 0
0.678564 -0.131532 0.251898 244 10 0
0.682197 -0.128553 0.254672 244 10 0
0.685899 -0.126116 0.2569 244 10 0
0.68351 -0.127434 0.255465 244 10 0
0.680101 -0.129428 0.253329 244 10 0
0.676677 -0.131412 0.251207 244 10 0
0.673239 -0.133434 0.249144 244 10 0
0.669789 -0.13544 0.247085 244 10 0
0.665752 -0.136367 0.256187 244 10 0
0.612143 -0.13736 0.23039 244 10 0
0.618381 -0.136651 0.222607 244 10 0
0.618381 -0.136651 0.222607 244 10 0
0.618848 -0.141779 0.221908 244 10 0
0.619321 -0.146415 0.22122 244 10 0
0.619708 -0.151075 0.220653 244 10 0
0.620043 -0.155747 0.220158 244 10 0
0.620283 -0.160436 0.219802 244 10 0
0.620423 -0.165139 0.219599 244 10 0
0.620487 -0.169849 0.21952 244 10 0
0.620454 -0.174558 0.219568 244 10 0
0.620012 -0.180065 0.218777 244 10 0
0.619867 -0.184764 0.217658 244 10 0
0.619652 -0.189427 0.216404 244 10 0
0.619451 -0.194095 0.215168 244 10 0
0.619285 -0.198802 0.214093 245 9 0
0.61904 -0.203537 0.213162 245 9 0
0.618633 -0.208287 0.212379 245 9 0
0.618067 -0.213043 0.211733 245 9 0
0.617408 -0.217793 0.211136 245 9 0
0.616761 -0.222542 0.210519 245 9 0
0.615973 -0.227269 0.209933 245 9 0
0.616639 -0.221985 0.210832 245 9 0
0.617456 -0.217309 0.211208 245 9 0
0.618125 -0.212628 0.211785 245 9 0
0.618672 -0.207939 0.212428 245 9 0
0.619059 -0.203258 0.213213 245 9 0
0.619428 -0.198636 0.214282 245 9 0
0.619791 -0.194061 0.215554 245 9 0
0.620008 -0.189475 0.216821 245 9 0
0.620356 -0.184981 0.218361 245 9 0
0.620578 -0.180025 0.219416 245 9 0
0.62057 -0.17522 0.219396 245 9 0
0.620503 -0.170417 0.219497 245 9 0
0.620417 -0.165614 0.21961 245 9 0
0.620283 -0.160815 0.219802 245 9 0
0.620058 -0.156029 0.220135 245 9 0
0.619725 -0.151261 0.220628 245 9 0
0.619335 -0.146506 0.2212 245 9 0
0.618848 -0.141779 0.221908 245 9 0
0.617496 -0.124352 0.223826 245 9 0
0.622298 -0.125954 0.226007 245 9 0
0.625164 -0.129988 0.226947 245 9 0
0.627113 -0.135237 0.227321 245 9 0
0.625911 -0.140362 0.2258 245 9 0
0.62346 -0.145237 0.22373 245 9 0
0.619127 -0.147002 0.220517 245 9 0
0.614862 -0.149005 0.217474 245 9 0
0.610343 -0.146591 0.214589 245 9 0
0.606033 -0.144533 0.212103 245 9 0
0.602907 -0.139636 0.210484 245 9 0
0.602628 -0.133831 0.210905 245 9 0
0.604071 -0.128167 0.212301 245 9 0
0.607684 -0.1247 0.215133 245 9 0
0.612291 -0.125605 0.218441 245 9 0
0.615814 -0.129902 0.220546 245 9 0
0.617369 -0.13548 0.221061 245 9 0
0.615723 -0.140445 0.219167 245 9 0
0.614134 -0.144879 0.217231 245 9 0
0.610119 -0.14718 0.213391 245 9 0
0.605807 -0.149126 0.209782 245 9 0
0.602064 -0.146682 0.20625 245 9 0
0.598453 -0.143122 0.202985 245 9 0
0.595907 -0.139104 0.200644 245 9 0
0.595119 -0.133357 0.200182 245 9 0
0.595474 -0.12863 0.201214 245 9 0
0.597858 -0.125984 0.204339 245 9 0
0.600463 -0.124415 0.208247 245 9 0
0.602829 -0.125977 0.211339 245 9 0
0.606079 -0.129112 0.213928 245 9 0
0.608617 -0.133166 0.215154 245 9 0
0.609063 -0.139109 0.214686 245 9 0
0.609008 -0.14474 0.213101 245 9 0
0.607479 -0.149053 0.210532 245 9 0
0.604723 -0.152306 0.206749 245 9 0
0.600598 -0.152356 0.202462 245 9 0
0.596859 -0.150995 0.198536 245 9 0
0.593927 -0.147172 0.1962 245 9 0
0.592162 -0.141735 0.195698 245 9 0
0.594394 -0.137057 0.198362 245 9 0
0.597323 -0.134248 0.202091 245 9 0
0.601593 -0.134124 0.206254 245 9 0
0.605087 -0.137686 0.209163 246 8 0
0.608062 -0.142116 0.211166 246 8 0
0.609907 -0.147369 0.211636 246 8 0
0.608918 -0.152871 0.209886 246 8 0
0.607009 -0.15788 0.207288 246 8 0
0.6034 -0.160781 0.20373 246 8 0
0.599578 -0.161599 0.199948 246 8 0
0.595712 -0.160174 0.196385 246 8 0
0.592881 -0.155475 0.194247 246 8 0
0.592655 -0.149639 0.194651 246 8 0
0.593993 -0.145088 0.196641 246 8 0
0.597717 -0.142552 0.200164 246 8 0
0.602226 -0.143541 0.20378 246 8 0
0.605668 -0.147496 0.206471 246 8 0
0.608078 -0.152653 0.20787 246 8 0
0.60871 -0.158526 0.207609 246 8 0
0.608276 -0.164162 0.206309 246 8 0
0.605368 -0.168174 0.203279 246 8 0
0.601414 -0.170759 0.199627 246 8 0
0.597248 -0.170965 0.195355 246 8 0
0.59349 -0.167505 0.192521 246 8 0
0.591948 -0.161977 0.191423 246 8 0
0.591582 -0.156037 0.191907 246 8 0
0.594416 -0.152348 0.194531 246 8 0
0.598563 -0.150915 0.198333 246 8 0
0.602811 -0.153164 0.201843 246 8 0
0.60518 -0.157886 0.203756 246 8 0
0.607513 -0.163103 0.205027 246 8 0
0.608 -0.16901 0.204397 246 8 0
0.607076 -0.174538 0.202792 246 8 0
0.603562 -0.177711 0.199204 246 8 0
0.599708 -0.178434 0.194964 246 8 0
0.595459 -0.17742 0.191008 246 8 0
0.592065 -0.174041 0.188341 246 8 0
0.590784 -0.168598 0.187715 246 8 0
0.592184 -0.16357 0.189426 246 8 0
0.595469 -0.160966 0.193325 246 8 0
0.599501 -0.16082 0.197709 246 8 0
0.603823 -0.163056 0.201095 246 8 0
0.606182 -0.167949 0.202976 246 8 0
0.607227 -0.173699 0.203405 246 8 0
0.606538 -0.179105 0.201888 246 8 0
0.604704 -0.183983 0.199122 246 8 0
0.602015 -0.186814 0.195009 246 8 0
0.598632 -0.187949 0.191039 246 8 0
0.594881 -0.1868 0.186979 246 8 0
0.592378 -0.182537 0.184186 246 8 0
0.590241 -0.178447 0.183064 246 8 0
0.591866 -0.173624 0.184737 246 8 0
0.593088 -0.170697 0.187617 246 8 0
0.595393 -0.168553 0.190153 246 8 0
0.597878 -0.16844 0.194204 246 8 0
0.599934 -0.170901 0.196994 246 8 0
0.602842 -0.173154 0.199575 246 8 0
0.605195 -0.177876 0.201304 246 8 0
0.606903 -0.183279 0.201616 246 8 0
0.606309 -0.188787 0.200086 246 8 0
0.604786 -0.193405 0.197257 246 8 0
0.602493 -0.1961 0.193332 246 8 0
0.598915 -0.197971 0.189198 246 8 0
0.594783 -0.196719 0.185273 246 8 0
0.592767 -0.192566 0.183269 246 8 0
0.590437 -0.187542 0.182334 246 8 0
0.592255 -0.183031 0.18457 246 8 0
0.595103 -0.180353 0.188271 246 8 0
0.599064 -0.178607 0.192182 246 8 0
0.602666 -0.181978 0.195471 246 8 0
0.605903 -0.185963 0.198088 246 8 0
0.607937 -0.191439 0.199432 247 7 0
0.607685 -0.197132 0.198699 247 7 0
0.606218 -0.202594 0.196745 247 7 0
0.603893 -0.207057 0.193808 247 7 0
0.599884 -0.208165 0.189657 247 7 0
0.59566 -0.207032 0.185758 247 7 0
0.591891 -0.203746 0.182787 247 7 0
0.591245 -0.198225 0.182384 247 7 0
0.592584 -0.192601 0.183792 247 7 0
0.596797 -0.191208 0.187574 247 7 0
0.601008 -0.190612 0.191556 247 7 0
0.604365 -0.193994 0.194765 247 7 0
0.607565 -0.198313 0.19742 247 7 0
0.608723 -0.203969 0.198545 247 7 0
0.607803 -0.209823 0.197823 247 7 0
0.605979 -0.215207 0.195995 247 7 0
0.603024 -0.219356 0.193308 247 7 0
0.598704 -0.220552 0.189491 247 7 0
0.594759 -0.21793 0.185982 247 7 0
0.592369 -0.213196 0.183373 247 7 0
0.591522 -0.207429 0.182591 247 7 0
0.594695 -0.203217 0.185106 247 7 0
0.597894 -0.200075 0.188117 247 7 0
0.602039 -0.201996 0.191703 247 7 0
0.605705 -0.205102 0.195164 247 7 0
0.608218 -0.210017 0.197395 247 7 0
0.608841 -0.215786 0.198288 247 7 0
0.607291 -0.221479 0.197272 247 7 0
0.60449 -0.225985 0.19489 247 7 0
0.60204 -0.230489 0.192454 247 7 0
0.597722 -0.229938 0.188395 247 7 0
0.593643 -0.227448 0.184777 247 7 0
0.591487 -0.222875 0.182574 247 7 0
0.592508 -0.217313 0.183264 247 7 0
0.595092 -0.21267 0.185972 247 7 0
0.599405 -0.211698 0.189939 247 7 0
0.603277 -0.213545 0.193687 247 7 0
0.606801 -0.216875 0.196922 247 7 0
0.608667 -0.222323 0.198509 247 7 0
0.60882 -0.228297 0.198439 247 7 0
0.607148 -0.23362 0.196655 247 7 0
0.605128 -0.238494 0.193909 247 7 0
0.601448 -0.240133 0.190074 247 7 0
0.597766 -0.240897 0.186613 247 7 0
0.594096 -0.238796 0.183101 247 7 0
0.59204 -0.23491 0.181269 247 7 0
0.592075 -0.22894 0.181556 247 7 0
0.59424 -0.22451 0.183975 247 7 0
0.596784 -0.222495 0.187511 247 7 0
0.599801 -0.222927 0.191345 247 7 0
0.603636 -0.224083 0.195155 247 7 0
0.607881 -0.226716 0.197386 247 7 0
0.609352 -0.232468 0.197722 247 7 0
0.609054 -0.238357 0.196743 247 7 0
0.606409 -0.242851 0.19409 247 7 0
0.603053 -0.246343 0.190629 247 7 0
0.598554 -0.246343 0.186976 247 7 0
0.594489 -0.242994 0.183996 247 7 0
0.591681 -0.238365 0.182048 247 7 0
0.59174 -0.232307 0.182229 247 7 0
0.593995 -0.227121 0.184183 247 7 0
0.59666 -0.222434 0.186908 247 7 0
0.600134 -0.222927 0.190768 247 7 0
0.603217 -0.222683 0.195136 247 7 0
0.605686 -0.224894 0.197383 247 7 0
0.607672 -0.228906 0.198691 247 7 0
0.60907 -0.234138 0.198447 247 7 0
0.608272 -0.23803 0.196331 248 6 0
0.60499 -0.239833 0.193106 248 6 0
0.601876 -0.242378 0.189805 248 6 0
0.598188 -0.239417 0.18654 248 6 0
0.59457 -0.236706 0.183679 248 6 0
0.592942 -0.231357 0.182441 248 6 0
0.592235 -0.226057 0.182345 248 6 0
0.593697 -0.220788 0.183938 248 6 0
0.596163 -0.216633 0.186539 248 6 0
0.59905 -0.213059 0.190082 248 6 0
0.603256 -0.212769 0.194339 248 6 0
0.606715 -0.215554 0.197828 248 6 0
0.608786 -0.21937 0.199903 248 6 0
0.608341 -0.224353 0.199321 248 6 0
0.606919 -0.229449 0.197346 248 6 0
0.603381 -0.231749 0.193972 248 6 0
0.599961 -0.230571 0.190567 248 6 0
0.596377 -0.228011 0.186878 248 6 0
0.593766 -0.223517 0.184263 248 6 0
0.592823 -0.217789 0.183335 248 6 0
0.593638 -0.211957 0.184023 248 6 0
0.595823 -0.206886 0.186187 248 6 0
0.599098 -0.203186 0.189181 248 6 0
0.603191 -0.203091 0.193478 248 6 0
0.607397 -0.204336 0.197456 248 6 0
0.609278 -0.209569 0.199535 248 6 0
0.609706 -0.215276 0.200214 248 6 0
0.607491 -0.220242 0.19826 248 6 0
0.603524 -0.222151 0.194584 248 6 0
0.599379 -0.222302 0.190758 248 6 0
0.596357 -0.218207 0.187564 248 6 0
0.594197 -0.213039 0.185409 248 6 0
0.593631 -0.207173 0.184849 248 6 0
0.594375 -0.201421 0.185684 248 6 0
0.596526 -0.196329 0.18786 248 6 0
0.600413 -0.193438 0.191414 248 6 0
0.604614 -0.193224 0.195313 248 6 0
0.608405 -0.196118 0.19891 248 6 0
0.609977 -0.201466 0.2006 248 6 0
0.610183 -0.206964 0.200348 248 6 0
0.607597 -0.210917 0.197677 248 6 0
0.603699 -0.212474 0.193898 248 6 0
0.599407 -0.210607 0.190344 248 6 0
0.596066 -0.20655 0.187495 248 6 0
0.593901 -0.201154 0.186024 248 6 0
0.59318 -0.195316 0.185836 248 6 0
0.594571 -0.189812 0.187393 248 6 0
0.598086 -0.186328 0.190692 248 6 0
0.601413 -0.182854 0.194167 248 6 0
0.605425 -0.184189 0.198084 248 6 0
0.609581 -0.186415 0.201487 248 6 0
0.611313 -0.191726 0.202779 248 6 0
0.610104 -0.197119 0.201534 248 6 0
0.607631 -0.201482 0.198434 248 6 0
0.603366 -0.202825 0.194651 248 6 0
0.599524 -0.200207 0.191248 248 6 0
0.596248 -0.195969 0.188807 248 6 0
0.594198 -0.190459 0.187618 248 6 0
0.593864 -0.184526 0.188179 248 6 0
0.595614 -0.179298 0.190113 248 6 0
0.598868 -0.175796 0.193469 248 6 0
0.602691 -0.174151 0.197563 248 6 0
0.606768 -0.175307 0.201437 248 6 0
0.609797 -0.179745 0.203827 248 6 0
0.610726 -0.185409 0.203889 248 6 0
0.608197 -0.190033 0.20129 248 6 0
0.604403 -0.192652 0.197587 248 6 0
0.600285 -0.190924 0.193831 249 5 0
0.596463 -0.187351 0.190947 249 5 0
0.594011 -0.182666 0.189456 249 5 0
0.593417 -0.176811 0.189744 249 5 0
0.594324 -0.171052 0.19118 249 5 0
0.596668 -0.166721 0.193787 249 5 0
0.60039 -0.164065 0.197583 249 5 0
0.604794 -0.164092 0.201669 249 5 0
0.608368 -0.167012 0.205017 249 5 0
0.610906 -0.171949 0.206864 249 5 0
0.610574 -0.17771 0.205899 249 5 0
0.60747 -0.181537 0.202744 249 5 0
0.603268 -0.182463 0.19882 249 5 0
0.599336 -0.181079 0.195347 249 5 0
0.596085 -0.176869 0.192989 249 5 0
0.594375 -0.171184 0.192122 249 5 0
0.593568 -0.165296 0.192304 249 5 0
0.594893 -0.15984 0.19435 249 5 0
0.597887 -0.15581 0.197464 249 5 0
0.601809 -0.154062 0.201435 249 5 0
0.605838 -0.154956 0.205207 249 5 0
0.609048 -0.159259 0.207897 249 5 0
0.610197 -0.164757 0.208347 249 5 0
0.608951 -0.170095 0.206358 249 5 0
0.605603 -0.172375 0.20306 249 5 0
0.601247 -0.172208 0.198962 249 5 0
0.597454 -0.169355 0.195948 249 5 0
0.594237 -0.165038 0.19378 249 5 0
0.593651 -0.159104 0.193846 249 5 0
0.593584 -0.153385 0.194745 249 5 0
0.595688 -0.148543 0.197578 249 5 0
0.599044 -0.145113 0.20114 249 5 0
0.602919 -0.144017 0.205368 249 5 0
0.606828 -0.146089 0.209024 249 5 0
0.60961 -0.150849 0.211077 249 5 0
0.610463 -0.156592 0.210748 249 5 0
0.607928 -0.161058 0.207733 249 5 0
0.604498 -0.164038 0.203994 249 5 0
0.60036 -0.162158 0.200201 249 5 0
0.596884 -0.159363 0.197002 249 5 0
0.594466 -0.154136 0.195318 249 5 0
0.592938 -0.148396 0.194678 249 5 0
0.594258 -0.14339 0.196765 249 5 0
0.595185 -0.138094 0.199019 249 5 0
0.598001 -0.135469 0.202849 249 5 0
0.601953 -0.134091 0.206863 249 5 0
0.605243 -0.135856 0.210967 249 5 0
0.607739 -0.139366 0.213004 249 5 0
0.610306 -0.14398 0.214172 249 5 0
0.609392 -0.14908 0.212475 249 5 0
0.607238 -0.152605 0.20944 249 5 0
0.60356 -0.153909 0.205345 249 5 0
0.59991 -0.152413 0.201552 249 5 0
0.597165 -0.148702 0.198704 249 5 0
0.595533 -0.144388 0.197238 249 5 0
0.594305 -0.139011 0.196778 249 5 0
0.594431 -0.133699 0.197932 249 5 0
0.59513 -0.128958 0.199944 249 5 0
0.596508 -0.126331 0.202082 249 5 0
0.598156 -0.125977 0.204837 249 5 0
0.600329 -0.124415 0.208479 249 5 0
0.602029 -0.125205 0.210433 249 5 0
0.605421 -0.127865 0.21346 249 5 0
0.608933 -0.130584 0.216284 249 5 0
0.612669 -0.133218 0.218898 249 5 0
0.616614 -0.135426 0.221574 249 5 0
0.61039 -0.136207 0.229362 249 5 0
0.663048 -0.137529 0.255922 249 5 0
0.667155 -0.136668 0.246845 250 4 0
0.668027 -0.141935 0.245047 250 4 0
0.668238 -0.146566 0.244612 250 4 0
0.668379 -0.151214 0.244287 250 4 0
0.668464 -0.155868 0.244025 250 4 0
0.668545 -0.160528 0.243929 250 4 0
0.668604 -0.16519 0.243958 250 4 0
0.668569 -0.169852 0.243993 250 4 0
0.668547 -0.174511 0.24402 250 4 0
0.668649 -0.179725 0.243813 250 4 0
0.669477 -0.184377 0.2432 250 4 0
0.669975 -0.189083 0.242649 250 4 0
0.670532 -0.19379 0.242155 250 4 0
0.671058 -0.198509 0.241758 250 4 0
0.671408 -0.203254 0.241575 250 4 0
0.671513 -0.208016 0.241583 250 4 0
0.671488 -0.21278 0.241689 250 4 0
0.671532 -0.217543 0.241803 250 4 0
0.671627 -0.222307 0.241757 250 4 0
0.671634 -0.22707 0.24178 250 4 0
0.671507 -0.22198 0.242225 250 4 0
0.671504 -0.216672 0.241829 250 4 0
0.671447 -0.211354 0.241644 250 4 0
0.671107 -0.206049 0.241391 250 4 0
0.670808 -0.200737 0.241491 250 4 0
0.670277 -0.195454 0.24186 250 4 0
0.669615 -0.190201 0.242399 250 4 0
0.669115 -0.184976 0.243167 250 4 0
0.668649 -0.179725 0.243813 250 4 0
0.668546 -0.174995 0.243819 250 4 0
0.668578 -0.170266 0.243968 250 4 0
0.668603 -0.165535 0.243961 250 4 0
0.66855 -0.160804 0.243931 250 4 0
0.668467 -0.156075 0.244016 250 4 0
0.668382 -0.151352 0.244277 250 4 0
0.668243 -0.146635 0.244609 250 4 0
0.668027 -0.141935 0.245047 250 4 0
0.665858 -0.124349 0.247971 250 4 0
0.670885 -0.125665 0.249982 250 4 0
0.675343 -0.128155 0.251366 250 4 0
0.678638 -0.131961 0.251893 250 4 0
0.681175 -0.137263 0.252181 250 4 0
0.680623 -0.14304 0.251199 250 4 0
0.67734 -0.14663 0.248941 250 4 0
0.672999 -0.149152 0.246653 250 4 0
0.668154 -0.146894 0.244688 250 4 0
0.664613 -0.142076 0.243418 250 4 0
0.665451 -0.137012 0.244513 250 4 0
0.666189 -0.131395 0.245398 250 4 0
0.670245 -0.127986 0.247901 250 4 0
0.675182 -0.125977 0.250539 250 4 0
0.680656 -0.126043 0.253257 250 4 0
0.685487 -0.128193 0.255346 250 4 0
0.688844 -0.133123 0.256348 250 4 0
0.690536 -0.138769 0.256456 250 4 0
0.690472 -0.144436 0.255593 250 4 0
0.686603 -0.14817 0.252931 250 4 0
0.681695 -0.149168 0.250185 250 4 0
0.677077 -0.146394 0.248308 250 4 0
0.674983 -0.140918 0.248163 250 4 0
0.675036 -0.134999 0.249243 250 4 0
0.677954 -0.13035 0.251851 250 4 0
0.681582 -0.127949 0.254419 250 4 0
0.685836 -0.126116 0.257009 250 4 0
0.68966 -0.127551 0.257788 250 4 0
0.694068 -0.130047 0.258712 250 4 0
0.697176 -0.134319 0.258762 250 4 0
0.699122 -0.139582 0.258576 251 3 0
0.69828 -0.144749 0.257103 251 3 0
0.696385 -0.150218 0.255651 251 3 0
0.692456 -0.154105 0.253642 251 3 0
0.687302 -0.155388 0.251069 251 3 0
0.683136 -0.153927 0.249548 251 3 0
0.679375 -0.150305 0.248518 251 3 0
0.677603 -0.145283 0.248364 251 3 0
0.679469 -0.139781 0.249734 251 3 0
0.684004 -0.137381 0.25211 251 3 0
0.689213 -0.135856 0.254348 251 3 0
0.693444 -0.139438 0.255917 251 3 0
0.697537 -0.143198 0.257504 251 3 0
0.699472 -0.148815 0.257745 251 3 0
0.699611 -0.15478 0.257078 251 3 0
0.696778 -0.159461 0.255176 251 3 0
0.693537 -0.164243 0.25353 251 3 0
0.688638 -0.166629 0.251053 251 3 0
0.68365 -0.164931 0.248768 251 3 0
0.679632 -0.160824 0.247124 251 3 0
0.67822 -0.155308 0.246787 251 3 0
0.680399 -0.150857 0.247966 251 3 0
0.685087 -0.14785 0.250198 251 3 0
0.690046 -0.147215 0.252463 251 3 0
0.694337 -0.150792 0.254307 251 3 0
0.698774 -0.154162 0.256125 251 3 0
0.700202 -0.15977 0.256479 251 3 0
0.699955 -0.165752 0.256045 251 3 0
0.697267 -0.170791 0.254525 251 3 0
0.69327 -0.174419 0.252634 251 3 0
0.688284 -0.176518 0.250205 251 3 0
0.683029 -0.174949 0.248099 251 3 0
0.678965 -0.171056 0.246301 251 3 0
0.678575 -0.165245 0.246401 251 3 0
0.681426 -0.160663 0.247819 251 3 0
0.685856 -0.158673 0.249756 251 3 0
0.69098 -0.158173 0.251875 251 3 0
0.695659 -0.16132 0.253609 251 3 0
0.698894 -0.16622 0.254354 251 3 0
0.700579 -0.171811 0.254437 251 3 0
0.700174 -0.177487 0.253724 251 3 0
0.697627 -0.182685 0.252242 251 3 0
0.693706 -0.186182 0.250418 251 3 0
0.688163 -0.186471 0.248276 251 3 0
0.6828 -0.186041 0.246814 251 3 0
0.67956 -0.181962 0.246519 251 3 0
0.678384 -0.176281 0.246667 251 3 0
0.680481 -0.172414 0.247891 251 3 0
0.683779 -0.169396 0.249013 251 3 0
0.688851 -0.168987 0.250487 251 3 0
0.693409 -0.170008 0.251927 251 3 0
0.697658 -0.172482 0.252701 251 3 0
0.701283 -0.175906 0.253488 251 3 0
0.702212 -0.181605 0.25288 251 3 0
0.701853 -0.187071 0.251544 251 3 0
0.700157 -0.192114 0.250457 251 3 0
0.696863 -0.196246 0.249216 251 3 0
0.692482 -0.198607 0.247753 251 3 0
0.68704 -0.197762 0.245944 251 3 0
0.682618 -0.193783 0.245302 251 3 0
0.67916 -0.189211 0.244511 251 3 0
0.680659 -0.183927 0.245523 251 3 0
0.685164 -0.180495 0.247479 251 3 0
0.690536 -0.179198 0.249114 251 3 0
0.695896 -0.180921 0.250955 251 3 0
0.699478 -0.185041 0.251588 251 3 0
0.7027 -0.190017 0.252358 251 3 0
0.703156 -0.195879 0.252053 252 2 0
0.701864 -0.201645 0.251285 252 2 0
0.698574 -0.206276 0.249667 252 2 0
0.693451 -0.208389 0.247537 252 2 0
0.687963 -0.208276 0.245254 252 2 0
0.683198 -0.205683 0.243858 252 2 0
0.681884 -0.199933 0.243697 252 2 0
0.683259 -0.194379 0.24433 252 2 0
0.687377 -0.190651 0.245838 252 2 0
0.69298 -0.191028 0.247903 252 2 0
0.698313 -0.192481 0.250052 252 2 0
0.701555 -0.197135 0.251215 252 2 0
0.703465 -0.20263 0.251962 252 2 0
0.703723 -0.208616 0.252072 252 2 0
0.700784 -0.213363 0.250769 252 2 0
0.696479 -0.217105 0.248972 252 2 0
0.691487 -0.219169 0.247129 252 2 0
0.686364 -0.218109 0.244981 252 2 0
0.682295 -0.214046 0.243411 252 2 0
0.682297 -0.208174 0.243373 252 2 0
0.684761 -0.203013 0.244184 252 2 0
0.689847 -0.200998 0.246022 252 2 0
0.695351 -0.201103 0.248394 252 2 0
0.69938 -0.204564 0.249987 252 2 0
0.702304 -0.209679 0.2511 252 2 0
0.703722 -0.215138 0.251598 252 2 0
0.703339 -0.220995 0.251433 252 2 0
0.699905 -0.225733 0.250146 252 2 0
0.694988 -0.228498 0.248392 252 2 0
0.689486 -0.229271 0.246624 252 2 0
0.684284 -0.227509 0.244428 252 2 0
0.682234 -0.22272 0.243731 252 2 0
0.682703 -0.217473 0.243903 252 2 0
0.68656 -0.213259 0.245417 252 2 0
0.691682 -0.211031 0.247139 252 2 0
0.696726 -0.213276 0.248638 252 2 0
0.701724 -0.215994 0.250483 252 2 0
0.704027 -0.220955 0.250919 252 2 0
0.705095 -0.226274 0.251039 252 2 0
0.704787 -0.232124 0.250682 252 2 0
0.701476 -0.236303 0.248858 252 2 0
0.697968 -0.240619 0.247152 252 2 0
0.69255 -0.240679 0.244734 252 2 0
0.687604 -0.239378 0.243445 252 2 0
0.684434 -0.235646 0.243085 252 2 0
0.682224 -0.230636 0.243606 252 2 0
0.684387 -0.22635 0.2456 252 2 0
0.687888 -0.222346 0.246908 252 2 0
0.692913 -0.222463 0.248199 252 2 0
0.698699 -0.222775 0.249082 252 2 0
0.702997 -0.22687 0.250395 252 2 0
0.704986 -0.232258 0.250865 252 2 0
0.705255 -0.238096 0.250718 252 2 0
0.70309 -0.243277 0.24945 252 2 0
0.69818 -0.245919 0.24702 252 2 0
0.692716 -0.246328 0.244683 252 2 0
0.687739 -0.243445 0.24303 252 2 0
0.684882 -0.238178 0.242427 252 2 0
0.683175 -0.232876 0.242441 252 2 0
0.685023 -0.22736 0.244124 252 2 0
0.688182 -0.223925 0.246472 252 2 0
0.692697 -0.222463 0.248572 252 2 0
0.697918 -0.222732 0.24939 252 2 0
0.701677 -0.224587 0.250091 252 2 0
0.704625 -0.228023 0.250418 252 2 0
0.705494 -0.232144 0.250172 252 2 0
0.704217 -0.23658 0.24935 252 2 0
0.701203 -0.239902 0.248221 252 2 0
0.695926 -0.240642 0.24628 253 1 0
0.69064 -0.240158 0.244743 253 1 0
0.68649 -0.236049 0.243692 253 1 0
0.683937 -0.232261 0.243816 253 1 0
0.681551 -0.227075 0.243717 253 1 0
0.683316 -0.222255 0.244977 253 1 0
0.68587 -0.217444 0.245655 253 1 0
0.689853 -0.214267 0.246601 253 1 0
0.694888 -0.212834 0.248176 253 1 0
0.700105 -0.214613 0.249728 253 1 0
0.703763 -0.217761 0.250798 253 1 0
0.70543 -0.223191 0.251549 253 1 0
0.702568 -0.227967 0.250373 253 1 0
0.698259 -0.230605 0.248837 253 1 0
0.694198 -0.232188 0.247736 253 1 0
0.689053 -0.230051 0.24627 253 1 0
0.685181 -0.225752 0.244927 253 1 0
0.681438 -0.221504 0.243449 253 1 0
0.681804 -0.215533 0.243752 253 1 0
0.684341 -0.210454 0.244717 253 1 0
0.687615 -0.205642 0.245678 253 1 0
0.692455 -0.202664 0.24693 253 1 0
0.697497 -0.20457 0.248594 253 1 0
0.702755 -0.205903 0.250863 253 1 0
0.704126 -0.210913 0.251395 253 1 0
0.703612 -0.216851 0.251577 253 1 0
0.700348 -0.221344 0.250602 253 1 0
0.695136 -0.222639 0.248667 253 1 0
0.689769 -0.221459 0.246623 253 1 0
0.685309 -0.217866 0.245097 253 1 0
0.682228 -0.213156 0.243817 253 1 0
0.681834 -0.207236 0.243689 253 1 0
0.683262 -0.20168 0.244119 253 1 0
0.68622 -0.1966 0.245156 253 1 0
0.691461 -0.19432 0.246937 253 1 0
0.696698 -0.193376 0.249039 253 1 0
0.701439 -0.196442 0.250737 253 1 0
0.703684 -0.201535 0.251269 253 1 0
0.703959 -0.207502 0.251493 253 1 0
0.700246 -0.211607 0.250028 253 1 0
0.695076 -0.212841 0.248127 253 1 0
0.689703 -0.211597 0.246015 253 1 0
0.685093 -0.208376 0.244528 253 1 0
0.682876 -0.202838 0.243975 253 1 0
0.681818 -0.197092 0.243942 253 1 0
0.683617 -0.191567 0.245042 253 1 0
0.686362 -0.187106 0.24613 253 1 0
0.691195 -0.184264 0.248214 253 1 0
0.696796 -0.184398 0.250342 253 1 0
0.701448 -0.187096 0.252106 253 1 0
0.703225 -0.192709 0.252284 253 1 0
0.702531 -0.198249 0.251647 253 1 0
0.698262 -0.201383 0.249668 253 1 0
0.693045 -0.202743 0.247925 253 1 0
0.687833 -0.201041 0.246074 253 1 0
0.683629 -0.197087 0.244818 253 1 0
0.68127 -0.191672 0.244381 253 1 0
0.681027 -0.185704 0.244859 253 1 0
0.682635 -0.180267 0.24611 253 1 0
0.686536 -0.176424 0.248187 253 1 0
0.691401 -0.174103 0.250243 253 1 0
0.696729 -0.175729 0.252241 253 1 0
0.701383 -0.178181 0.253715 253 1 0
0.702099 -0.184018 0.253402 253 1 0
0.70108 -0.189823 0.252567 253 1 0
0.696436 -0.192645 0.250502 253 1 0
0.691326 -0.193551 0.24858 253 1 0
0.686261 -0.190891 0.246798 254 0 0
0.682998 -0.18602 0.245891 254 0 0
0.680065 -0.18092 0.245003 254 0 0
0.680847 -0.175554 0.246028 254 0 0
0.683084 -0.170215 0.247558 254 0 0
0.686407 -0.166587 0.249201 254 0 0
0.691362 -0.164392 0.251421 254 0 0
0.696585 -0.165855 0.253499 254 0 0
0.700589 -0.169028 0.254767 254 0 0
0.701616 -0.174346 0.254909 254 0 0
0.700432 -0.179856 0.254262 254 0 0
0.695831 -0.182579 0.252083 254 0 0
0.690798 -0.184214 0.250039 254 0 0
0.686022 -0.18181 0.248287 254 0 0
0.682152 -0.177495 0.246947 254 0 0
0.678996 -0.172532 0.245836 254 0 0
0.679568 -0.166865 0.246605 254 0 0
0.681791 -0.161469 0.247965 254 0 0
0.68498 -0.156813 0.249458 254 0 0
0.690164 -0.155746 0.251871 254 0 0
0.695715 -0.155862 0.254091 254 0 0
0.699127 -0.16017 0.255394 254 0 0
0.700057 -0.165649 0.255553 254 0 0
0.698052 -0.171022 0.254517 254 0 0
0.693535 -0.17414 0.252471 254 0 0
0.688037 -0.173981 0.250098 254 0 0
0.683343 -0.171017 0.248383 254 0 0
0.680565 -0.166059 0.247477 254 0 0
0.678196 -0.161077 0.2468 254 0 0
0.678777 -0.155303 0.247441 254 0 0
0.681322 -0.150097 0.248949 254 0 0
0.685357 -0.146525 0.250958 254 0 0
0.690785 -0.145831 0.253316 254 0 0
0.696032 -0.146468 0.255644 254 0 0
0.699747 -0.150924 0.256979 254 0 0
0.700113 -0.156861 0.25638 254 0 0
0.698236 -0.161909 0.255148 254 0 0
0.693729 -0.164238 0.253079 254 0 0
0.688269 -0.164095 0.250613 254 0 0
0.683538 -0.161817 0.249017 254 0 0
0.680479 -0.156728 0.248234 254 0 0
0.677818 -0.152008 0.247567 254 0 0
0.677777 -0.146086 0.248356 254 0 0
0.680115 -0.141318 0.250235 254 0 0
0.68389 -0.137312 0.252583 254 0 0
0.68898 -0.135944 0.255049 254 0 0
0.694076 -0.136609 0.256783 254 0 0
0.697951 -0.140749 0.257968 254 0 0
0.700199 -0.145236 0.257818 254 0 0
0.699613 -0.150878 0.256849 254 0 0
0.696267 -0.154016 0.254837 254 0 0
0.691576 -0.155648 0.252716 254 0 0
0.686658 -0.15407 0.250809 254 0 0
0.682103 -0.151144 0.249244 254 0 0
0.679525 -0.1466 0.249289 254 0 0
0.6773 -0.14167 0.2493 254 0 0
0.676838 -0.135976 0.249995 254 0 0
0.678564 -0.131532 0.251898 254 0 0
0.682197 -0.128553 0.254672 254 0 0
0.685899 -0.126116 0.2569 254 0 0
0.68351 -0.127434 0.255465 254 0 0
0.680101 -0.129428 0.253329 254 0 0
0.676677 -0.131412 0.251207 254 0 0
0.673239 -0.133434 0.249144 254 0 0
0.669789 -0.13544 0.247085 254 0 0
0.665752 -0.136367 0.256187 254 0 0
0.612143 -0.13736 0.23039 254 0 0
0.618381 -0.136651 0.222607 255 0 0
