ply
format ascii 1.0
comment Generated by robot_control PLYWriter
element vertex 26425
property float x
property float y
property float z
property uchar red
property uchar green
property uchar blue
end_header
0.585717 -0.24761 0.21657 0 255 0
0.584934 -0.25529 0.217778 0 254 0
0.584971 -0.260331 0.218689 0 254 0
0.58475 -0.265383 0.219516 0 254 0
0.584599 -0.270448 0.220272 0 254 0
0.584574 -0.275527 0.220941 0 254 0
0.584453 -0.280619 0.221472 0 254 0
0.584173 -0.285716 0.221909 0 254 0
0.583921 -0.290818 0.22231 0 254 0
0.58373 -0.295929 0.22262 0 254 0
0.583552 -0.301041 0.222894 0 254 0
0.581845 -0.310816 0.223747 0 254 0
0.580919 -0.315822 0.22426 0 254 0
0.579983 -0.320841 0.224727 0 254 0
0.579146 -0.325871 0.22525 0 254 0
0.578031 -0.330853 0.225724 0 254 0
0.577105 -0.335853 0.22637 0 254 0
0.576196 -0.340858 0.227003 0 254 0
0.575125 -0.34585 0.227463 0 254 0
0.573998 -0.350829 0.227938 0 254 0
0.57311 -0.355842 0.228533 0 254 0
0.572226 -0.36086 0.229103 0 254 0
0.571109 -0.365833 0.229639 0 254 0
0.57022 -0.370843 0.230224 0 254 0
0.571437 -0.363065 0.229474 0 254 0
0.572708 -0.358487 0.229052 0 254 0
0.573687 -0.35385 0.228469 0 254 0
0.574696 -0.349215 0.22793 0 254 0
0.575844 -0.344603 0.227483 0 254 0
0.576754 -0.339943 0.226973 0 254 0
0.577681 -0.335279 0.226539 0 254 0
0.578604 -0.330622 0.226031 0 254 0
0.579533 -0.325966 0.22552 0 254 0
0.580509 -0.321312 0.225097 0 254 0
0.581421 -0.316646 0.224755 0 254 0
0.581918 -0.308617 0.223236 0 254 0
0.582327 -0.303773 0.222817 0 254 0
0.5825 -0.298904 0.222438 0 254 0
0.582728 -0.29404 0.222021 0 254 0
0.582845 -0.289168 0.22164 0 254 0
0.582995 -0.2843 0.221221 0 254 0
0.583163 -0.279437 0.220748 0 254 0
0.58335 -0.274577 0.220264 0 254 0
0.583428 -0.269731 0.21963 0 254 0
0.583743 -0.264898 0.218987 0 254 0
0.583888 -0.260089 0.218175 0 254 0
0.584374 -0.255271 0.217514 0 254 0
0.585228 -0.232458 0.215797 0 254 0
0.58876 -0.23445 0.217687 0 254 0
0.592288 -0.236466 0.219553 0 254 0
0.595646 -0.240625 0.221712 0 254 0
0.596779 -0.246018 0.222819 0 254 0
0.594872 -0.251438 0.222513 0 254 0
0.591751 -0.256362 0.22137 0 254 0
0.587735 -0.26035 0.21963 0 254 0
0.583122 -0.262923 0.217064 0 254 0
0.578318 -0.261329 0.214142 0 254 0
0.573548 -0.260264 0.211056 0 254 0
0.569915 -0.256126 0.208572 0 254 0
0.567575 -0.251051 0.206631 0 254 0
0.567739 -0.24505 0.206161 0 254 0
0.568986 -0.239212 0.206455 0 254 0
0.573075 -0.235759 0.208571 0 254 0
0.577706 -0.232969 0.211225 0 254 0
0.582108 -0.235009 0.214027 0 254 0
0.585962 -0.238251 0.216739 0 254 0
0.587956 -0.243673 0.218449 0 254 0
0.587756 -0.249594 0.218795 0 254 0
0.586047 -0.255297 0.217995 0 254 0
0.582355 -0.259234 0.215965 0 254 0
0.577543 -0.261659 0.213241 0 254 0
0.572553 -0.263003 0.210384 0 254 0
0.567968 -0.260862 0.207714 0 254 0
0.563891 -0.257212 0.205153 0 254 0
0.560224 -0.253572 0.202602 0 254 0
0.559296 -0.2477 0.201639 0 254 0
0.560414 -0.241875 0.201731 0 254 0
0.562582 -0.236407 0.202701 0 254 0
0.567648 -0.234906 0.20553 0 254 0
0.572872 -0.234898 0.208564 0 254 0
0.577369 -0.237433 0.21152 0 254 0
0.579949 -0.242423 0.213399 0 254 0
0.57988 -0.248412 0.213823 0 254 0
0.57864 -0.254231 0.213429 0 254 0
0.575101 -0.258639 0.211609 0 254 0
0.57042 -0.261193 0.209109 0 254 0
0.565475 -0.263137 0.206457 0 254 0
0.560753 -0.260656 0.203706 0 254 0
0.556155 -0.259197 0.200806 0 254 0
0.553307 -0.254245 0.198845 0 254 0
0.552198 -0.248636 0.197913 0 254 0
0.552411 -0.242622 0.19767 0 254 0
0.554678 -0.237934 0.198566 0 254 0
0.557514 -0.235006 0.199826 0 254 0
0.562566 -0.234885 0.202284 0 254 0
0.567459 -0.235624 0.204837 0 254 0
0.570883 -0.238097 0.206901 0 254 0
0.573094 -0.242314 0.208496 0 254 0
0.574199 -0.247678 0.209799 0 254 0
0.57428 -0.253415 0.210745 0 254 0
0.572294 -0.258744 0.210399 0 254 0
0.569537 -0.263604 0.20932 0 254 0
0.564903 -0.266298 0.206841 0 254 0
0.560556 -0.268684 0.204335 0 254 0
0.555654 -0.267436 0.201348 1 253 0
0.551511 -0.264638 0.19868 1 253 0
0.549537 -0.259667 0.197191 1 253 0
0.547956 -0.254345 0.195928 1 253 0
0.550154 -0.249049 0.196709 1 253 0
0.554381 -0.245576 0.198822 1 253 0
0.559064 -0.244456 0.201284 1 253 0
0.56417 -0.244501 0.204367 1 253 0
0.568264 -0.247545 0.207105 1 253 0
0.570708 -0.252545 0.209186 1 253 0
0.572428 -0.257944 0.210717 1 253 0
0.572137 -0.263888 0.211166 1 253 0
0.569564 -0.268744 0.210319 1 253 0
0.566247 -0.273372 0.208869 1 253 0
0.562216 -0.277154 0.206764 1 253 0
0.557298 -0.278773 0.203844 1 253 0
0.55257 -0.277707 0.200832 1 253 0
0.549034 -0.273643 0.198357 1 253 0
0.547295 -0.268233 0.196916 1 253 0
0.547642 -0.262343 0.196541 1 253 0
0.55115 -0.25784 0.198215 1 253 0
0.555219 -0.25455 0.200578 1 253 0
0.560232 -0.254695 0.203813 1 253 0
0.564905 -0.255874 0.206996 1 253 0
0.56741 -0.260484 0.209001 1 253 0
0.569472 -0.265822 0.210655 1 253 0
0.571321 -0.271114 0.212109 1 253 0
0.569321 -0.276671 0.211246 1 253 0
0.567857 -0.282049 0.210816 1 253 0
0.563661 -0.285525 0.208637 1 253 0
0.558816 -0.28764 0.205876 1 253 0
0.553831 -0.288321 0.202797 1 253 0
0.549643 -0.285697 0.199767 1 253 0
0.547121 -0.280752 0.197705 1 253 0
0.54604 -0.275259 0.196621 1 253 0
0.548016 -0.269801 0.197616 1 253 0
0.552133 -0.266656 0.200147 1 253 0
0.556841 -0.264876 0.203239 1 253 0
0.561787 -0.265289 0.206469 1 253 0
0.56576 -0.268259 0.209201 1 253 0
0.568392 -0.273209 0.211235 1 253 0
0.56885 -0.278951 0.211915 1 253 0
0.568723 -0.284911 0.212197 1 253 0
0.566724 -0.290362 0.21134 1 253 0
0.563117 -0.294672 0.209429 1 253 0
0.558907 -0.297883 0.206866 1 253 0
0.554097 -0.298574 0.203799 1 253 0
0.549743 -0.296051 0.200817 1 253 0
0.545935 -0.293115 0.198226 1 253 0
0.545258 -0.287329 0.197345 1 253 0
0.545577 -0.281454 0.197316 1 253 0
0.549012 -0.27746 0.199419 1 253 0
0.553198 -0.274245 0.202159 1 253 0
0.557922 -0.274639 0.205303 1 253 0
0.561941 -0.277769 0.208141 1 253 0
0.565584 -0.281319 0.210695 1 253 0
0.568398 -0.286124 0.212779 1 253 0
0.568189 -0.292084 0.213014 1 253 0
0.56753 -0.297812 0.212853 1 253 0
0.564577 -0.302721 0.211189 1 253 0
0.560733 -0.306137 0.208807 1 253 0
0.556181 -0.308442 0.205793 1 253 0
0.551223 -0.308713 0.202484 1 253 0
0.54719 -0.305962 0.199529 1 253 0
0.544976 -0.301597 0.197749 1 253 0
0.543123 -0.296243 0.196342 1 253 0
0.545227 -0.291514 0.19735 1 253 0
0.548328 -0.287735 0.199277 1 253 0
0.552092 -0.284537 0.201866 1 253 0
0.556815 -0.285412 0.20505 1 253 0
0.56086 -0.288227 0.208044 1 253 0
0.564396 -0.290999 0.210638 1 253 0
0.565933 -0.296384 0.212368 1 253 0
0.565593 -0.302317 0.212903 1 253 0
0.565325 -0.308269 0.213246 1 253 0
0.563243 -0.313604 0.21214 1 253 0
0.558888 -0.316244 0.209425 1 253 0
0.555168 -0.318665 0.206598 1 253 0
0.55046 -0.317993 0.203018 1 253 0
0.546286 -0.316914 0.199401 1 253 0
0.543342 -0.31327 0.196741 1 253 0
0.543511 -0.307466 0.196391 1 253 0
0.543853 -0.302143 0.196539 1 253 0
0.546554 -0.298652 0.198234 1 253 0
0.550543 -0.296262 0.200904 1 253 0
0.555007 -0.296017 0.204189 1 253 0
0.559031 -0.29655 0.207757 1 253 0
0.56111 -0.299754 0.209585 1 253 0
0.563775 -0.302437 0.211665 1 253 0
0.565339 -0.307005 0.213275 1 253 0
0.564741 -0.312875 0.214311 1 253 0
0.564226 -0.318737 0.214498 1 253 0
0.561553 -0.323637 0.213192 1 253 0
0.557867 -0.326325 0.210594 1 253 0
0.554654 -0.328653 0.20721 1 253 0
0.550264 -0.328449 0.203212 1 253 0
0.546174 -0.326972 0.199639 1 253 0
0.542988 -0.32276 0.196826 1 253 0
0.543065 -0.316863 0.196359 1 253 0
0.544755 -0.311236 0.197546 1 253 0
0.547927 -0.306839 0.199973 1 253 0
0.552549 -0.306332 0.203632 1 253 0
0.557075 -0.306792 0.207521 1 253 0
0.561174 -0.309112 0.21094 1 253 0
0.563269 -0.314154 0.213289 2 252 0
0.564378 -0.319702 0.214905 2 252 0
0.563948 -0.325659 0.215415 2 252 0
0.562298 -0.331345 0.214588 2 252 0
0.559707 -0.336269 0.212679 2 252 0
0.555491 -0.338931 0.209407 2 252 0
0.551113 -0.340298 0.205804 2 252 0
0.546634 -0.338777 0.202219 2 252 0
0.543282 -0.335219 0.198902 2 252 0
0.542099 -0.329996 0.197369 2 252 0
0.542512 -0.324025 0.197293 2 252 0
0.545258 -0.319667 0.199341 2 252 0
0.549222 -0.316666 0.202619 2 252 0
0.553791 -0.316153 0.206354 2 252 0
0.558 -0.317628 0.209909 2 252 0
0.561033 -0.321701 0.213077 2 252 0
0.563354 -0.326666 0.215447 2 252 0
0.563554 -0.33248 0.216408 2 252 0
0.562725 -0.338347 0.21631 2 252 0
0.559978 -0.343184 0.214548 2 252 0
0.557144 -0.347942 0.21236 2 252 0
0.552879 -0.3504 0.209171 2 252 0
0.548308 -0.350033 0.205434 2 252 0
0.544248 -0.347529 0.20204 2 252 0
0.541604 -0.342929 0.19933 2 252 0
0.541803 -0.337026 0.19862 2 252 0
0.543543 -0.33164 0.199447 2 252 0
0.547418 -0.328103 0.20222 2 252 0
0.551348 -0.326596 0.20556 2 252 0
0.555615 -0.328352 0.209261 2 252 0
0.559455 -0.330986 0.21301 2 252 0
0.562292 -0.335257 0.215936 2 252 0
0.562856 -0.340936 0.217397 2 252 0
0.561964 -0.34681 0.217535 2 252 0
0.560283 -0.352502 0.216742 2 252 0
0.556834 -0.356537 0.214505 2 252 0
0.553306 -0.360451 0.211837 2 252 0
0.548574 -0.360444 0.208161 2 252 0
0.544387 -0.359147 0.204577 2 252 0
0.540989 -0.355247 0.201563 2 252 0
0.540876 -0.349602 0.2006 2 252 0
0.54215 -0.344018 0.200965 2 252 0
0.545037 -0.339141 0.202885 2 252 0
0.549572 -0.33784 0.206252 2 252 0
0.553725 -0.33714 0.209859 2 252 0
0.557385 -0.340264 0.213434 2 252 0
0.560684 -0.344015 0.216717 2 252 0
0.562062 -0.349384 0.218755 2 252 0
0.561613 -0.355311 0.219437 2 252 0
0.560322 -0.360976 0.219042 2 252 0
0.557551 -0.365919 0.217303 2 252 0
0.553758 -0.369687 0.214612 2 252 0
0.549346 -0.370654 0.211245 2 252 0
0.545022 -0.369848 0.207441 2 252 0
0.541701 -0.366359 0.203875 2 252 0
0.540012 -0.361185 0.201911 2 252 0
0.540211 -0.35521 0.201538 2 252 0
0.542785 -0.350271 0.2032 2 252 0
0.547274 -0.348549 0.206597 2 252 0
0.551777 -0.348273 0.21052 2 252 0
0.555998 -0.34958 0.214436 2 252 0
0.558775 -0.353635 0.217544 2 252 0
0.561215 -0.35845 0.220142 2 252 0
0.561206 -0.364237 0.221163 2 252 0
0.559673 -0.370013 0.22077 2 252 0
0.55735 -0.375313 0.219458 2 252 0
0.554186 -0.379632 0.217157 2 252 0
0.550059 -0.382443 0.213851 2 252 0
0.545662 -0.381374 0.210094 2 252 0
0.542155 -0.378478 0.20656 2 252 0
0.539421 -0.374334 0.20366 2 252 0
0.539765 -0.368557 0.202701 2 252 0
0.541516 -0.363009 0.203486 2 252 0
0.544419 -0.358714 0.205972 2 252 0
0.54888 -0.358326 0.209929 2 252 0
0.553119 -0.358752 0.214116 2 252 0
0.557146 -0.36095 0.217836 2 252 0
0.558976 -0.365963 0.220351 2 252 0
0.560642 -0.371288 0.222361 2 252 0
0.560566 -0.377196 0.222754 2 252 0
0.558642 -0.382321 0.221529 2 252 0
0.555612 -0.386833 0.219052 2 252 0
0.552382 -0.390773 0.216243 2 252 0
0.548621 -0.392119 0.212666 2 252 0
0.544887 -0.390995 0.20875 2 252 0
0.541997 -0.388069 0.206051 2 252 0
0.538995 -0.384363 0.203197 2 252 0
0.539291 -0.378566 0.202811 2 252 0
0.540447 -0.374205 0.203551 2 252 0
0.543419 -0.370093 0.206095 2 252 0
0.546842 -0.368635 0.209615 2 252 0
0.549779 -0.368196 0.213463 2 252 0
0.553187 -0.369747 0.21728 2 252 0
0.557178 -0.371927 0.220329 2 252 0
0.559096 -0.377237 0.221583 2 252 0
0.56057 -0.382703 0.222276 2 252 0
0.559265 -0.388067 0.220988 2 252 0
0.556929 -0.392712 0.218821 2 252 0
0.552924 -0.395545 0.215661 2 252 0
0.548609 -0.396714 0.212057 2 252 0
0.543964 -0.396166 0.208578 2 252 0
0.540634 -0.392633 0.205742 2 252 0
0.538703 -0.387678 0.203883 2 252 0
0.538577 -0.381865 0.203458 3 251 0
0.539681 -0.376242 0.204086 3 251 0
0.542407 -0.371777 0.206132 3 251 0
0.546549 -0.369487 0.209295 3 251 0
0.550135 -0.368196 0.212846 3 251 0
0.553505 -0.368578 0.217132 3 251 0
0.556531 -0.370565 0.219777 3 251 0
0.558505 -0.37377 0.221562 3 251 0
0.560399 -0.377417 0.223493 3 251 0
0.56024 -0.383141 0.223722 3 251 0
0.558324 -0.386891 0.222187 3 251 0
0.555588 -0.390445 0.219283 3 251 0
0.552009 -0.391919 0.215799 3 251 0
0.548029 -0.392097 0.211879 3 251 0
0.544323 -0.388924 0.20858 3 251 0
0.541501 -0.385482 0.205489 3 251 0
0.540177 -0.380265 0.203682 3 251 0
0.539003 -0.374632 0.202237 3 251 0
0.540955 -0.369344 0.202979 3 251 0
0.542574 -0.364045 0.20414 3 251 0
0.546041 -0.360833 0.207096 3 251 0
0.549512 -0.35831 0.210794 3 251 0
0.553782 -0.357794 0.214788 3 251 0
0.557421 -0.35989 0.218631 3 251 0
0.560634 -0.363748 0.221706 3 251 0
0.561006 -0.368987 0.222554 3 251 0
0.560667 -0.374805 0.222656 3 251 0
0.556881 -0.378671 0.220163 3 251 0
0.552569 -0.380698 0.216757 3 251 0
0.548785 -0.38205 0.213239 3 251 0
0.545617 -0.378688 0.209572 3 251 0
0.542744 -0.37537 0.206393 3 251 0
0.540792 -0.370389 0.203771 3 251 0
0.539823 -0.365263 0.202078 3 251 0
0.54174 -0.359619 0.202364 3 251 0
0.544053 -0.354257 0.203739 3 251 0
0.547084 -0.349855 0.206347 3 251 0
0.551131 -0.347024 0.209768 3 251 0
0.554718 -0.348624 0.213146 3 251 0
0.558848 -0.349272 0.21715 3 251 0
0.561353 -0.353568 0.219979 3 251 0
0.562758 -0.35873 0.221856 3 251 0
0.561164 -0.36439 0.221351 3 251 0
0.557326 -0.36818 0.218816 3 251 0
0.553381 -0.37078 0.215332 3 251 0
0.548907 -0.370628 0.211348 3 251 0
0.54535 -0.368189 0.207407 3 251 0
0.542889 -0.363995 0.204206 3 251 0
0.541259 -0.358709 0.20193 3 251 0
0.540737 -0.353091 0.200797 3 251 0
0.542877 -0.347754 0.201393 3 251 0
0.54552 -0.342666 0.203136 3 251 0
0.548896 -0.338436 0.205663 3 251 0
0.553229 -0.336422 0.209121 3 251 0
0.557557 -0.337801 0.213046 3 251 0
0.561426 -0.340695 0.216561 3 251 0
0.563586 -0.345369 0.219445 3 251 0
0.563754 -0.351158 0.220416 3 251 0
0.561111 -0.356113 0.219037 3 251 0
0.55731 -0.359465 0.216068 3 251 0
0.552892 -0.360448 0.212236 3 251 0
0.548439 -0.359799 0.208361 3 251 0
0.545213 -0.356522 0.20507 3 251 0
0.543108 -0.351543 0.202478 3 251 0
0.543048 -0.345804 0.201296 3 251 0
0.543373 -0.339822 0.200777 3 251 0
0.545083 -0.334341 0.201496 3 251 0
0.548781 -0.330529 0.203929 3 251 0
0.552919 -0.327272 0.206832 3 251 0
0.557265 -0.327498 0.210579 3 251 0
0.561325 -0.328752 0.214473 3 251 0
0.563883 -0.333533 0.217054 3 251 0
0.564907 -0.339047 0.218557 3 251 0
0.564285 -0.344728 0.218505 3 251 0
0.560769 -0.348584 0.216008 3 251 0
0.556627 -0.350662 0.212735 3 251 0
0.551933 -0.350323 0.209075 3 251 0
0.548262 -0.347247 0.205499 3 251 0
0.544978 -0.343296 0.202397 3 251 0
0.543674 -0.337844 0.200732 3 251 0
0.543924 -0.331893 0.200093 3 251 0
0.544184 -0.326125 0.199919 3 251 0
0.547996 -0.322117 0.202247 3 251 0
0.552056 -0.319022 0.205207 3 251 0
0.556479 -0.316686 0.208543 3 251 0
0.560963 -0.317314 0.212313 3 251 0
0.564341 -0.320756 0.21533 3 251 0
0.565726 -0.326237 0.217087 3 251 0
0.56602 -0.33211 0.217602 3 251 0
0.563095 -0.336101 0.215665 3 251 0
0.559197 -0.339579 0.212765 3 251 0
0.554683 -0.340494 0.209016 3 251 0
0.550481 -0.338363 0.205506 3 251 0
0.546737 -0.334767 0.202484 3 251 0
0.545256 -0.329243 0.200909 3 251 0
0.543988 -0.323678 0.199333 3 251 0
0.544479 -0.317746 0.199155 3 251 0
0.547289 -0.312803 0.200559 3 251 0
0.551348 -0.309271 0.203126 3 251 0
0.555842 -0.307054 0.206441 3 251 0
0.560626 -0.306613 0.210014 3 251 0
0.564349 -0.309484 0.213253 3 251 0
0.566735 -0.314524 0.215482 3 251 0
0.566779 -0.320307 0.215767 3 251 0
0.564637 -0.325742 0.214363 4 250 0
0.560664 -0.329239 0.211591 4 250 0
0.556199 -0.329757 0.208518 4 250 0
0.551561 -0.328342 0.205107 4 250 0
0.547812 -0.325257 0.202064 4 250 0
0.545459 -0.320205 0.199899 4 250 0
0.544523 -0.31437 0.198799 4 250 0
0.544854 -0.308482 0.198588 4 250 0
0.547856 -0.303562 0.200257 4 250 0
0.551593 -0.299524 0.202662 4 250 0
0.556032 -0.296907 0.205641 4 250 0
0.560962 -0.296346 0.208968 4 250 0
0.565196 -0.298979 0.212182 4 250 0
0.567532 -0.302767 0.214247 4 250 0
0.569113 -0.308196 0.215616 4 250 0
0.566834 -0.313302 0.214416 4 250 0
0.563732 -0.317701 0.212348 4 250 0
0.559132 -0.320025 0.209264 4 250 0
0.554353 -0.318793 0.206034 4 250 0
0.54993 -0.316203 0.202912 4 250 0
0.546544 -0.312311 0.200362 4 250 0
0.545086 -0.306698 0.198888 4 250 0
0.54612 -0.30117 0.198866 4 250 0
0.546257 -0.295203 0.198726 4 250 0
0.550184 -0.291562 0.200959 4 250 0
0.554088 -0.287905 0.203487 4 250 0
0.558665 -0.285583 0.206578 4 250 0
0.563353 -0.286152 0.209761 4 250 0
0.566927 -0.290041 0.21231 4 250 0
0.569336 -0.295261 0.214071 4 250 0
0.569592 -0.300928 0.21449 4 250 0
0.566597 -0.305472 0.212724 4 250 0
0.561932 -0.307818 0.209744 4 250 0
0.556997 -0.308422 0.206441 4 250 0
0.552398 -0.30704 0.203214 4 250 0
0.548958 -0.302881 0.200712 4 250 0
0.546264 -0.298054 0.198683 4 250 0
0.546457 -0.292052 0.198388 4 250 0
0.54761 -0.286379 0.198825 4 250 0
0.550288 -0.281218 0.200354 4 250 0
0.553353 -0.27645 0.202335 4 250 0
0.558336 -0.276097 0.2056 4 250 0
0.563144 -0.276669 0.208831 4 250 0
0.567402 -0.279387 0.211907 4 250 0
0.570319 -0.284135 0.214103 4 250 0
0.56945 -0.289878 0.213894 4 250 0
0.568042 -0.2954 0.213133 4 250 0
0.563969 -0.298671 0.210553 4 250 0
0.558979 -0.29888 0.207209 4 250 0
0.554179 -0.29783 0.203904 4 250 0
0.550103 -0.294502 0.201028 4 250 0
0.547204 -0.289878 0.198793 4 250 0
0.546711 -0.284106 0.197822 4 250 0
0.547273 -0.278182 0.1977 4 250 0
0.549951 -0.272956 0.198898 4 250 0
0.553527 -0.268559 0.200853 4 250 0
0.557897 -0.265586 0.203605 4 250 0
0.562829 -0.264797 0.206804 4 250 0
0.567309 -0.267104 0.20994 4 250 0
0.57115 -0.270634 0.212809 4 250 0
0.570843 -0.276623 0.213244 4 250 0
0.569715 -0.282332 0.213059 4 250 0
0.566096 -0.286483 0.210983 4 250 0
0.561641 -0.288314 0.208197 4 250 0
0.556771 -0.287976 0.204873 4 250 0
0.552614 -0.28495 0.201769 4 250 0
0.549901 -0.280249 0.199416 4 250 0
0.547571 -0.275047 0.197572 4 250 0
0.548068 -0.269374 0.197307 4 250 0
0.549553 -0.263729 0.197727 4 250 0
0.552675 -0.259126 0.199045 4 250 0
0.557161 -0.256756 0.20133 4 250 0
0.561872 -0.254705 0.204092 4 250 0
0.566659 -0.255602 0.207228 4 250 0
0.570634 -0.259007 0.210155 4 250 0
0.57228 -0.264039 0.212062 4 250 0
0.571386 -0.269268 0.212347 4 250 0
0.569255 -0.27433 0.211569 4 250 0
0.564951 -0.277216 0.209204 4 250 0
0.560111 -0.278613 0.206132 4 250 0
0.555934 -0.276645 0.20315 4 250 0
0.552151 -0.273023 0.200349 4 250 0
0.549328 -0.268572 0.198121 4 250 0
0.548662 -0.262819 0.19723 4 250 0
0.54975 -0.25842 0.197399 4 250 0
0.549983 -0.252425 0.197019 4 250 0
0.554508 -0.249379 0.199132 4 250 0
0.558606 -0.245727 0.20092 4 250 0
0.563736 -0.244486 0.203446 4 250 0
0.568646 -0.245458 0.20626 4 250 0
0.571334 -0.248672 0.208276 4 250 0
0.573615 -0.253473 0.210342 4 250 0
0.573422 -0.259036 0.211238 4 250 0
0.570011 -0.263465 0.210072 4 250 0
0.566121 -0.266253 0.208028 4 250 0
0.562925 -0.268644 0.206025 4 250 0
0.558092 -0.267732 0.202833 4 250 0
0.554132 -0.264308 0.200218 4 250 0
0.551783 -0.260256 0.198663 4 250 0
0.549839 -0.256635 0.197329 4 250 0
0.549966 -0.250723 0.196961 4 250 0
0.5502 -0.244828 0.196593 4 250 0
0.552407 -0.241296 0.197486 4 250 0
0.553958 -0.237932 0.198187 4 250 0
0.557754 -0.236198 0.199924 5 249 0
0.562587 -0.234885 0.202248 5 249 0
0.564705 -0.235692 0.203374 5 249 0
0.568692 -0.237687 0.205659 5 249 0
0.572563 -0.239772 0.208056 5 249 0
0.576273 -0.242089 0.210495 5 249 0
0.579985 -0.244392 0.212945 5 249 0
0.583647 -0.246817 0.215342 5 249 0
0.583163 -0.246698 0.216209 5 249 0
0.641725 -0.246942 0.243144 5 249 0
0.642063 -0.247079 0.242213 5 249 0
0.641875 -0.254732 0.242159 5 249 0
0.641641 -0.259948 0.242904 5 249 0
0.641042 -0.265143 0.243612 5 249 0
0.640688 -0.270347 0.244383 5 249 0
0.640491 -0.275557 0.2452 5 249 0
0.640169 -0.280765 0.24598 5 249 0
0.639747 -0.285976 0.246698 5 249 0
0.639245 -0.291187 0.247355 5 249 0
0.638903 -0.296401 0.248059 5 249 0
0.638407 -0.3016 0.248656 5 249 0
0.637261 -0.309331 0.249858 5 249 0
0.636478 -0.314108 0.251144 5 249 0
0.635736 -0.318938 0.252239 5 249 0
0.635053 -0.323783 0.253307 5 249 0
0.634347 -0.328612 0.25443 5 249 0
0.633688 -0.333435 0.255608 5 249 0
0.632963 -0.338262 0.256728 5 249 0
0.632359 -0.3431 0.257874 5 249 0
0.631729 -0.347931 0.259036 5 249 0
0.631135 -0.352773 0.260169 5 249 0
0.630546 -0.357623 0.261271 5 249 0
0.630023 -0.362506 0.262249 5 249 0
0.629459 -0.367379 0.263255 5 249 0
0.628926 -0.372287 0.264089 5 249 0
0.629633 -0.364555 0.263172 5 249 0
0.630254 -0.359777 0.261945 5 249 0
0.630851 -0.355001 0.260701 5 249 0
0.631434 -0.35019 0.259588 5 249 0
0.632049 -0.345395 0.258427 5 249 0
0.632856 -0.340604 0.257369 5 249 0
0.633499 -0.335807 0.256227 5 249 0
0.634203 -0.331018 0.255092 5 249 0
0.634895 -0.326227 0.253954 5 249 0
0.635632 -0.321416 0.252944 5 249 0
0.636551 -0.316637 0.251924 5 249 0
0.637382 -0.308381 0.249727 5 249 0
0.637568 -0.303537 0.248962 5 249 0
0.637892 -0.298702 0.248194 5 249 0
0.638266 -0.293872 0.247413 5 249 0
0.638631 -0.289024 0.246744 5 249 0
0.639014 -0.284175 0.246094 5 249 0
0.639408 -0.279331 0.245414 5 249 0
0.639901 -0.27449 0.244775 5 249 0
0.64038 -0.269647 0.244141 5 249 0
0.640895 -0.26481 0.243494 5 249 0
0.64142 -0.259976 0.24283 5 249 0
0.641859 -0.25513 0.242202 5 249 0
0.643548 -0.232337 0.238652 5 249 0
0.648052 -0.233877 0.240776 5 249 0
0.652388 -0.23551 0.24312 5 249 0
0.655921 -0.238635 0.245543 5 249 0
0.657051 -0.244174 0.246916 5 249 0
0.656744 -0.250066 0.24779 5 249 0
0.655515 -0.255713 0.248057 5 249 0
0.651935 -0.259428 0.247166 5 249 0
0.64762 -0.26235 0.245446 5 249 0
0.642958 -0.259737 0.242976 5 249 0
0.63839 -0.257009 0.240186 5 249 0
0.636442 -0.251921 0.238544 5 249 0
0.63704 -0.245975 0.237933 5 249 0
0.638967 -0.240622 0.23809 5 249 0
0.642457 -0.235863 0.239147 5 249 0
0.647452 -0.234816 0.241206 5 249 0
0.652391 -0.232633 0.243407 5 249 0
0.657297 -0.235018 0.245926 5 249 0
0.66209 -0.237243 0.248538 5 249 0
0.664641 -0.2424 0.250221 5 249 0
0.666274 -0.247838 0.251538 5 249 0
0.666478 -0.253793 0.252299 5 249 0
0.662569 -0.257891 0.250924 5 249 0
0.658237 -0.261627 0.249149 5 249 0
0.653058 -0.262439 0.246718 5 249 0
0.648925 -0.259008 0.244483 5 249 0
0.646005 -0.254137 0.242528 5 249 0
0.644544 -0.248599 0.241122 5 249 0
0.646821 -0.243068 0.241603 5 249 0
0.649458 -0.238102 0.242196 5 249 0
0.654639 -0.235695 0.244007 5 249 0
0.660208 -0.23517 0.245948 5 249 0
0.665648 -0.234601 0.248421 5 249 0
0.670116 -0.237959 0.250564 5 249 0
0.674245 -0.241551 0.252913 5 249 0
0.675962 -0.247031 0.254192 5 249 0
0.674416 -0.252737 0.254052 5 249 0
0.673207 -0.258497 0.254293 5 249 0
0.66829 -0.2614 0.252658 5 249 0
0.662687 -0.262012 0.250968 5 249 0
0.657859 -0.25944 0.248955 5 249 0
0.654577 -0.25526 0.247107 5 249 0
0.653259 -0.24998 0.245792 5 249 0
0.655018 -0.244766 0.245717 5 249 0
0.65755 -0.239691 0.245654 5 249 0
0.661736 -0.236823 0.246785 6 248 0
0.66605 -0.234589 0.247719 6 248 0
0.671113 -0.23401 0.249233 6 248 0
0.674805 -0.236218 0.249782 6 248 0
0.678157 -0.238561 0.251345 6 248 0
0.680899 -0.242647 0.252979 6 248 0
0.683114 -0.24683 0.254844 6 248 0
0.68269 -0.252701 0.255987 6 248 0
0.680301 -0.257845 0.256185 6 248 0
0.677685 -0.262792 0.256438 6 248 0
0.673062 -0.266423 0.255358 6 248 0
0.668181 -0.268517 0.254008 6 248 0
0.662688 -0.267641 0.252037 6 248 0
0.658629 -0.263732 0.250215 6 248 0
0.655337 -0.259926 0.248099 6 248 0
0.654585 -0.254245 0.246729 6 248 0
0.657232 -0.249174 0.247112 6 248 0
0.661559 -0.245577 0.248249 6 248 0
0.667104 -0.244931 0.250134 6 248 0
0.672674 -0.245257 0.25235 6 248 0
0.677177 -0.248302 0.254694 6 248 0
0.680068 -0.25315 0.256574 6 248 0
0.681139 -0.258933 0.25771 6 248 0
0.680505 -0.264884 0.258227 6 248 0
0.678197 -0.270351 0.258073 6 248 0
0.674965 -0.275255 0.257544 6 248 0
0.669955 -0.278103 0.256154 6 248 0
0.664443 -0.278135 0.253778 6 248 0
0.659644 -0.276789 0.251527 6 248 0
0.655908 -0.272498 0.249573 6 248 0
0.654917 -0.267225 0.248688 6 248 0
0.655273 -0.261451 0.248243 6 248 0
0.659336 -0.25751 0.249553 6 248 0
0.663939 -0.25414 0.251435 6 248 0
0.669251 -0.25517 0.253806 6 248 0
0.674211 -0.257432 0.256325 6 248 0
0.676726 -0.262079 0.257712 6 248 0
0.679487 -0.267006 0.259531 6 248 0
0.679342 -0.272987 0.260149 6 248 0
0.678621 -0.278782 0.260412 6 248 0
0.675298 -0.283447 0.259465 6 248 0
0.670356 -0.286434 0.257776 6 248 0
0.665241 -0.288666 0.2556 6 248 0
0.659949 -0.287427 0.253239 6 248 0
0.655575 -0.284046 0.250965 6 248 0
0.653992 -0.278472 0.249913 6 248 0
0.654771 -0.27264 0.249889 6 248 0
0.658178 -0.267943 0.25084 6 248 0
0.663311 -0.265597 0.252927 6 248 0
0.668273 -0.266108 0.255132 6 248 0
0.672768 -0.269309 0.257525 6 248 0
0.677143 -0.272435 0.260106 6 248 0
0.678881 -0.277916 0.261537 6 248 0
0.678682 -0.283878 0.262269 6 248 0
0.67715 -0.2895 0.262285 6 248 0
0.67413 -0.294652 0.261651 6 248 0
0.669648 -0.298149 0.259955 6 248 0
0.664123 -0.298434 0.257603 6 248 0
0.658865 -0.297148 0.255276 6 248 0
0.655072 -0.293042 0.253302 6 248 0
0.652948 -0.287689 0.251731 6 248 0
0.653217 -0.281809 0.251123 6 248 0
0.656898 -0.27724 0.252101 6 248 0
0.662062 -0.276154 0.254182 6 248 0
0.667512 -0.276465 0.256716 6 248 0
0.672249 -0.278741 0.25906 6 248 0
0.675399 -0.283213 0.260923 6 248 0
0.678158 -0.288104 0.26292 6 248 0
0.677872 -0.293891 0.263704 6 248 0
0.676554 -0.299711 0.263969 6 248 0
0.672998 -0.304041 0.263185 6 248 0
0.668087 -0.307164 0.261685 6 248 0
0.662682 -0.308262 0.259785 6 248 0
0.657244 -0.30781 0.257343 6 248 0
0.653254 -0.304058 0.25531 6 248 0
0.651598 -0.298595 0.253852 6 248 0
0.652001 -0.292942 0.253041 6 248 0
0.655766 -0.288754 0.254137 6 248 0
0.660591 -0.286105 0.255692 6 248 0
0.666194 -0.286489 0.257819 6 248 0
0.670665 -0.288879 0.259731 6 248 0
0.674896 -0.292068 0.262078 6 248 0
0.677512 -0.297144 0.26396 6 248 0
0.67699 -0.303045 0.264932 6 248 0
0.676204 -0.308956 0.265649 6 248 0
0.672887 -0.313581 0.265512 6 248 0
0.668085 -0.316614 0.26444 6 248 0
0.662799 -0.318839 0.26308 6 248 0
0.657128 -0.31855 0.261118 6 248 0
0.652863 -0.315521 0.258824 6 248 0
0.650517 -0.310763 0.256694 6 248 0
0.649753 -0.305312 0.255272 6 248 0
0.651783 -0.300558 0.255379 6 248 0
0.655559 -0.298831 0.256473 6 248 0
0.658962 -0.295948 0.257511 6 248 0
0.664082 -0.296216 0.259074 6 248 0
0.668215 -0.297638 0.260425 6 248 0
0.671561 -0.300653 0.261853 6 248 0
0.674555 -0.303169 0.263621 6 248 0
0.676349 -0.308057 0.265261 6 248 0
0.676587 -0.31313 0.266814 6 248 0
0.675005 -0.318639 0.267513 6 248 0
0.671995 -0.323298 0.267311 6 248 0
0.668177 -0.327065 0.266724 6 248 0
0.663109 -0.328908 0.265011 7 247 0
0.657771 -0.328714 0.262952 7 247 0
0.653141 -0.325997 0.260667 7 247 0
0.649604 -0.321698 0.258385 7 247 0
0.648875 -0.316241 0.257255 7 247 0
0.65073 -0.31063 0.257071 7 247 0
0.655484 -0.30785 0.258503 7 247 0
0.660676 -0.30669 0.260516 7 247 0
0.66617 -0.307125 0.262865 7 247 0
0.670374 -0.310712 0.265209 7 247 0
0.67345 -0.315359 0.267404 7 247 0
0.674846 -0.320889 0.268911 7 247 0
0.674653 -0.326794 0.269913 7 247 0
0.671663 -0.33198 0.269424 7 247 0
0.667694 -0.336298 0.268409 7 247 0
0.662612 -0.338938 0.266636 7 247 0
0.657186 -0.340177 0.264404 7 247 0
0.652357 -0.337722 0.262141 7 247 0
0.648348 -0.333865 0.259917 7 247 0
0.647329 -0.328394 0.258885 7 247 0
0.648308 -0.322563 0.258538 7 247 0
0.652767 -0.318878 0.260085 7 247 0
0.6579 -0.316791 0.262119 7 247 0
0.663215 -0.317147 0.2647 7 247 0
0.667267 -0.320865 0.266915 7 247 0
0.67082 -0.324596 0.269519 7 247 0
0.672444 -0.330113 0.271236 7 247 0
0.67135 -0.335559 0.271829 7 247 0
0.668878 -0.341046 0.271713 7 247 0
0.666157 -0.346226 0.271169 7 247 0
0.661012 -0.348634 0.269253 7 247 0
0.655634 -0.350365 0.267183 7 247 0
0.650943 -0.347557 0.264817 7 247 0
0.647158 -0.344039 0.262535 7 247 0
0.645083 -0.338714 0.260653 7 247 0
0.646632 -0.333101 0.260201 7 247 0
0.650314 -0.328802 0.26105 7 247 0
0.655364 -0.326262 0.262947 7 247 0
0.660642 -0.327164 0.265602 7 247 0
0.665372 -0.329469 0.268432 7 247 0
0.668373 -0.333843 0.270924 7 247 0
0.670265 -0.338908 0.27335 7 247 0
0.669451 -0.344832 0.274059 7 247 0
0.667496 -0.350491 0.274643 7 247 0
0.66435 -0.355224 0.274328 7 247 0
0.659527 -0.358454 0.272768 7 247 0
0.654431 -0.360471 0.270772 7 247 0
0.649482 -0.358512 0.268524 7 247 0
0.645515 -0.354925 0.266062 7 247 0
0.643252 -0.349766 0.263947 7 247 0
0.644036 -0.344104 0.26298 7 247 0
0.647346 -0.33933 0.263414 7 247 0
0.652489 -0.336976 0.265172 7 247 0
0.657962 -0.336861 0.267557 7 247 0
0.662299 -0.338927 0.270192 7 247 0
0.665691 -0.343081 0.272848 7 247 0
0.667532 -0.347998 0.275082 7 247 0
0.667991 -0.353762 0.276764 7 247 0
0.666983 -0.359382 0.277955 7 247 0
0.663503 -0.364233 0.277171 7 247 0
0.658737 -0.367638 0.276328 7 247 0
0.653453 -0.369775 0.274417 7 247 0
0.648471 -0.368784 0.272345 7 247 0
0.643972 -0.365644 0.269907 7 247 0
0.641167 -0.361149 0.267586 7 247 0
0.6413 -0.355353 0.266357 7 247 0
0.64385 -0.350788 0.266275 7 247 0
0.648479 -0.347342 0.267879 7 247 0
0.653871 -0.346479 0.270113 7 247 0
0.658812 -0.348435 0.272728 7 247 0
0.662897 -0.351705 0.275476 7 247 0
0.66549 -0.356611 0.277811 7 247 0
0.666375 -0.362349 0.279276 7 247 0
0.664844 -0.368093 0.279839 7 247 0
0.662124 -0.373458 0.279807 7 247 0
0.657268 -0.376342 0.278454 7 247 0
0.652553 -0.379792 0.277148 7 247 0
0.647235 -0.380053 0.274763 7 247 0
0.642684 -0.376893 0.272413 7 247 0
0.639476 -0.372799 0.270314 7 247 0
0.637852 -0.367784 0.268613 7 247 0
0.639835 -0.362448 0.268698 7 247 0
0.644486 -0.35899 0.270276 7 247 0
0.649298 -0.356419 0.272102 7 247 0
0.654567 -0.356539 0.274501 7 247 0
0.659038 -0.359654 0.276853 7 247 0
0.662304 -0.363812 0.278993 7 247 0
0.663782 -0.369445 0.280361 7 247 0
0.664434 -0.374755 0.281615 7 247 0
0.662169 -0.379983 0.281133 7 247 0
0.658726 -0.384727 0.280175 7 247 0
0.654469 -0.388601 0.278514 7 247 0
0.649547 -0.390337 0.276255 7 247 0
0.644889 -0.388657 0.274151 7 247 0
0.640385 -0.386335 0.271835 7 247 0
0.638261 -0.382115 0.270745 7 247 0
0.637004 -0.376656 0.269936 7 247 0
0.639151 -0.371955 0.270877 7 247 0
0.641858 -0.36895 0.271779 7 247 0
0.644765 -0.366735 0.272855 7 247 0
0.649789 -0.366273 0.274838 7 247 0
0.654621 -0.367249 0.277056 7 247 0
0.658692 -0.369863 0.279375 7 247 0
0.662074 -0.374303 0.281406 8 246 0
0.661882 -0.380244 0.281555 8 246 0
0.661789 -0.386302 0.28184 8 246 0
0.658384 -0.39096 0.280274 8 246 0
0.653607 -0.39383 0.277958 8 246 0
0.64837 -0.394306 0.275313 8 246 0
0.643418 -0.39193 0.272871 8 246 0
0.639768 -0.387996 0.271009 8 246 0
0.637217 -0.382679 0.269657 8 246 0
0.638039 -0.376847 0.270006 8 246 0
0.640498 -0.371429 0.27118 8 246 0
0.644909 -0.368295 0.27325 8 246 0
0.649626 -0.366273 0.27512 8 246 0
0.653729 -0.366316 0.276405 8 246 0
0.658208 -0.368106 0.278441 8 246 0
0.661297 -0.371898 0.280111 8 246 0
0.662583 -0.376099 0.281031 8 246 0
0.66259 -0.379939 0.28137 8 246 0
0.660595 -0.384802 0.28096 8 246 0
0.657171 -0.388045 0.279751 8 246 0
0.652385 -0.389821 0.277788 8 246 0
0.647277 -0.390179 0.275363 8 246 0
0.643922 -0.387627 0.273762 8 246 0
0.640342 -0.384879 0.271898 8 246 0
0.63808 -0.379795 0.270498 8 246 0
0.637202 -0.374359 0.269601 8 246 0
0.637883 -0.368554 0.269014 8 246 0
0.640747 -0.363852 0.269446 8 246 0
0.644641 -0.35938 0.270304 8 246 0
0.649277 -0.356409 0.271697 8 246 0
0.654814 -0.355984 0.273843 8 246 0
0.659615 -0.357938 0.276202 8 246 0
0.663391 -0.361362 0.278739 8 246 0
0.664246 -0.366803 0.280041 8 246 0
0.663382 -0.372123 0.280885 8 246 0
0.659312 -0.376428 0.280005 8 246 0
0.654439 -0.378717 0.278352 8 246 0
0.649923 -0.380321 0.276399 8 246 0
0.645371 -0.377357 0.274003 8 246 0
0.641591 -0.373603 0.271457 8 246 0
0.639563 -0.368408 0.269477 8 246 0
0.638121 -0.363338 0.267351 8 246 0
0.640744 -0.35872 0.26722 8 246 0
0.642683 -0.353587 0.266777 8 246 0
0.646886 -0.349453 0.267234 8 246 0
0.651457 -0.346348 0.268359 8 246 0
0.656971 -0.34619 0.270501 8 246 0
0.661904 -0.347432 0.273082 8 246 0
0.665199 -0.351794 0.275468 8 246 0
0.665995 -0.357182 0.277531 8 246 0
0.664847 -0.362957 0.278638 8 246 0
0.661333 -0.367567 0.278209 8 246 0
0.65607 -0.369239 0.276785 8 246 0
0.651281 -0.369333 0.274572 8 246 0
0.646631 -0.367465 0.271795 8 246 0
0.643197 -0.363492 0.269046 8 246 0
0.641327 -0.358378 0.266573 8 246 0
0.641748 -0.352657 0.264931 8 246 0
0.642858 -0.346948 0.263494 8 246 0
0.645733 -0.341751 0.263534 8 246 0
0.650243 -0.337897 0.264254 8 246 0
0.655453 -0.336744 0.265733 8 246 0
0.660945 -0.336984 0.2681 8 246 0
0.665705 -0.338857 0.2709 8 246 0
0.668584 -0.343411 0.273489 8 246 0
0.668066 -0.348825 0.274689 8 246 0
0.665894 -0.354179 0.27522 8 246 0
0.662253 -0.358221 0.274473 8 246 0
0.656764 -0.358818 0.272422 8 246 0
0.651382 -0.358515 0.269814 8 246 0
0.646999 -0.355672 0.266972 8 246 0
0.643916 -0.351279 0.264461 8 246 0
0.642685 -0.345844 0.262415 8 246 0
0.644559 -0.34038 0.261811 8 246 0
0.645602 -0.334576 0.260936 8 246 0
0.649384 -0.329983 0.261178 8 246 0
0.654097 -0.326693 0.26251 8 246 0
0.659427 -0.325172 0.26471 8 246 0
0.664415 -0.327037 0.267074 8 246 0
0.66825 -0.330936 0.269446 8 246 0
0.670989 -0.33545 0.271858 8 246 0
0.6695 -0.341055 0.272108 8 246 0
0.66644 -0.346162 0.271511 8 246 0
0.661923 -0.34903 0.26983 8 246 0
0.656632 -0.348527 0.267274 8 246 0
0.651602 -0.346887 0.264676 8 246 0
0.647718 -0.343169 0.262306 8 246 0
0.646066 -0.337683 0.260734 8 246 0
0.645041 -0.331954 0.259314 8 246 0
0.646997 -0.326777 0.259355 8 246 0
0.650449 -0.321937 0.25981 8 246 0
0.653856 -0.317702 0.260581 8 246 0
0.659269 -0.316644 0.262831 8 246 0
0.66468 -0.316043 0.265332 8 246 0
0.669082 -0.319094 0.2677 8 246 0
0.671266 -0.324442 0.26917 8 246 0
0.671631 -0.329847 0.269967 8 246 0
0.668424 -0.334748 0.268737 8 246 0
0.664213 -0.338361 0.267034 8 246 0
0.65904 -0.339133 0.264776 8 246 0
0.654034 -0.336999 0.262273 8 246 0
0.650465 -0.332845 0.2602 8 246 0
0.648064 -0.32769 0.258375 8 246 0
0.646418 -0.322191 0.25678 8 246 0
0.647642 -0.316562 0.256416 9 245 0
0.651357 -0.312114 0.257612 9 245 0
0.655491 -0.308049 0.259059 9 245 0
0.660298 -0.305448 0.260993 9 245 0
0.66571 -0.304771 0.263434 9 245 0
0.66908 -0.30923 0.265003 9 245 0
0.672457 -0.313161 0.266993 9 245 0
0.67281 -0.319049 0.267597 9 245 0
0.671423 -0.32438 0.267732 9 245 0
0.667253 -0.328387 0.266209 9 245 0
0.661829 -0.328232 0.263704 9 245 0
0.656726 -0.327742 0.26106 9 245 0
0.652491 -0.324377 0.258653 9 245 0
0.649749 -0.319441 0.256834 9 245 0
0.647807 -0.314036 0.255139 9 245 0
0.648281 -0.308136 0.254593 9 245 0
0.650192 -0.302478 0.254842 9 245 0
0.654428 -0.298491 0.256244 9 245 0
0.659317 -0.295501 0.257928 9 245 0
0.664707 -0.294778 0.260085 9 245 0
0.669817 -0.296396 0.262643 9 245 0
0.673048 -0.300868 0.264549 9 245 0
0.674493 -0.306331 0.265847 9 245 0
0.673466 -0.312213 0.266148 9 245 0
0.669888 -0.316834 0.265114 9 245 0
0.664977 -0.318771 0.26301 9 245 0
0.659563 -0.318612 0.260479 9 245 0
0.65462 -0.316534 0.257921 9 245 0
0.651415 -0.311937 0.255931 9 245 0
0.649313 -0.30663 0.254191 9 245 0
0.649198 -0.30081 0.25326 9 245 0
0.650904 -0.295152 0.253142 9 245 0
0.654868 -0.290935 0.254255 9 245 0
0.658502 -0.28675 0.255073 9 245 0
0.663838 -0.285676 0.257304 9 245 0
0.668775 -0.285249 0.259453 9 245 0
0.67317 -0.288473 0.261672 9 245 0
0.675894 -0.293284 0.263453 9 245 0
0.675797 -0.29923 0.264132 9 245 0
0.673504 -0.304612 0.263722 9 245 0
0.668554 -0.307493 0.262006 9 245 0
0.663281 -0.308281 0.259848 9 245 0
0.658395 -0.306585 0.257447 9 245 0
0.653988 -0.303479 0.254925 9 245 0
0.651648 -0.298589 0.25328 9 245 0
0.650359 -0.292923 0.251834 9 245 0
0.651415 -0.287108 0.251385 9 245 0
0.654491 -0.282182 0.251941 9 245 0
0.658558 -0.277986 0.253214 9 245 0
0.663274 -0.275038 0.254868 9 245 0
0.668714 -0.27533 0.257021 9 245 0
0.673679 -0.277614 0.259434 9 245 0
0.676393 -0.28242 0.260973 9 245 0
0.677082 -0.287062 0.262068 9 245 0
0.67606 -0.292672 0.262418 9 245 0
0.67219 -0.297087 0.261318 9 245 0
0.667178 -0.297897 0.259206 9 245 0
0.661937 -0.297671 0.256812 9 245 0
0.657229 -0.294913 0.254395 9 245 0
0.653818 -0.290702 0.252441 9 245 0
0.652798 -0.284994 0.251374 9 245 0
0.653543 -0.279099 0.2507 9 245 0
0.654343 -0.273295 0.250018 9 245 0
0.658038 -0.268944 0.250867 9 245 0
0.662371 -0.265154 0.252479 9 245 0
0.667623 -0.263889 0.254654 9 245 0
0.67276 -0.265498 0.256897 9 245 0
0.676377 -0.26971 0.258619 9 245 0
0.678811 -0.274916 0.260224 9 245 0
0.678162 -0.280419 0.260508 9 245 0
0.675268 -0.285118 0.259979 9 245 0
0.670381 -0.287891 0.25835 9 245 0
0.665026 -0.288668 0.255981 9 245 0
0.66038 -0.285933 0.253751 9 245 0
0.655888 -0.28283 0.251334 9 245 0
0.654044 -0.277498 0.250164 9 245 0
0.653906 -0.271573 0.249439 9 245 0
0.655104 -0.265768 0.249239 9 245 0
0.658051 -0.26066 0.249686 9 245 0
0.661828 -0.256856 0.250537 9 245 0
0.66672 -0.254275 0.252145 9 245 0
0.672266 -0.254616 0.254383 9 245 0
0.676987 -0.257353 0.256502 9 245 0
0.679814 -0.26236 0.258017 9 245 0
0.679928 -0.268052 0.258681 9 245 0
0.678159 -0.273537 0.258868 9 245 0
0.673786 -0.277389 0.257616 9 245 0
0.668487 -0.278037 0.255769 9 245 0
0.663119 -0.2771 0.253522 9 245 0
0.65851 -0.274111 0.251253 9 245 0
0.65562 -0.269214 0.249625 9 245 0
0.653566 -0.263816 0.248145 9 245 0
0.654486 -0.258125 0.247897 9 245 0
0.656593 -0.252897 0.247768 9 245 0
0.660655 -0.249017 0.248544 9 245 0
0.664901 -0.244892 0.249274 9 245 0
0.670457 -0.244454 0.251072 9 245 0
0.675516 -0.245329 0.252661 9 245 0
0.679458 -0.248571 0.254294 9 245 0
0.681239 -0.253688 0.255542 9 245 0
0.681594 -0.258827 0.256977 9 245 0
0.679282 -0.264168 0.257055 9 245 0
0.674825 -0.266785 0.256538 9 245 0
0.669831 -0.268616 0.254813 9 245 0
0.664861 -0.266883 0.253122 10 244 0
0.660505 -0.264578 0.251222 10 244 0
0.657313 -0.26155 0.249595 10 244 0
0.655816 -0.257003 0.248534 10 244 0
0.655305 -0.253553 0.247891 10 244 0
0.654872 -0.248475 0.246568 10 244 0
0.657024 -0.243576 0.246327 10 244 0
0.659896 -0.239955 0.246702 10 244 0
0.662743 -0.237332 0.247039 10 244 0
0.666314 -0.234595 0.247538 10 244 0
0.671197 -0.23401 0.249089 10 244 0
0.668599 -0.235497 0.248311 10 244 0
0.663991 -0.23776 0.247254 10 244 0
0.659345 -0.239882 0.246078 10 244 0
0.654651 -0.241793 0.244749 10 244 0
0.649961 -0.24365 0.243322 10 244 0
0.64527 -0.24542 0.241798 10 244 0
0.644954 -0.245274 0.242735 10 244 0
0.585246 -0.247509 0.217447 10 244 0
0.585717 -0.24761 0.21657 10 244 0
0.585717 -0.24761 0.21657 10 244 0
0.584934 -0.25529 0.217778 10 244 0
0.584971 -0.260331 0.218689 10 244 0
0.58475 -0.265383 0.219516 10 244 0
0.584599 -0.270448 0.220272 10 244 0
0.584574 -0.275527 0.220941 10 244 0
0.584453 -0.280619 0.221472 10 244 0
0.584173 -0.285716 0.221909 10 244 0
0.583921 -0.290818 0.22231 10 244 0
0.58373 -0.295929 0.22262 10 244 0
0.583552 -0.301041 0.222894 10 244 0
0.581845 -0.310816 0.223747 10 244 0
0.580919 -0.315822 0.22426 10 244 0
0.579983 -0.320841 0.224727 10 244 0
0.579146 -0.325871 0.22525 10 244 0
0.578031 -0.330853 0.225724 10 244 0
0.577105 -0.335853 0.22637 10 244 0
0.576196 -0.340858 0.227003 10 244 0
0.575125 -0.34585 0.227463 10 244 0
0.573998 -0.350829 0.227938 10 244 0
0.57311 -0.355842 0.228533 10 244 0
0.572226 -0.36086 0.229103 10 244 0
0.571109 -0.365833 0.229639 10 244 0
0.57022 -0.370843 0.230224 10 244 0
0.571437 -0.363065 0.229474 10 244 0
0.572708 -0.358487 0.229052 10 244 0
0.573687 -0.35385 0.228469 10 244 0
0.574696 -0.349215 0.22793 10 244 0
0.575844 -0.344603 0.227483 10 244 0
0.576754 -0.339943 0.226973 10 244 0
0.577681 -0.335279 0.226539 10 244 0
0.578604 -0.330622 0.226031 10 244 0
0.579533 -0.325966 0.22552 10 244 0
0.580509 -0.321312 0.225097 10 244 0
0.581421 -0.316646 0.224755 10 244 0
0.581918 -0.308617 0.223236 10 244 0
0.582327 -0.303773 0.222817 10 244 0
0.5825 -0.298904 0.222438 10 244 0
0.582728 -0.29404 0.222021 10 244 0
0.582845 -0.289168 0.22164 10 244 0
0.582995 -0.2843 0.221221 10 244 0
0.583163 -0.279437 0.220748 10 244 0
0.58335 -0.274577 0.220264 10 244 0
0.583428 -0.269731 0.21963 10 244 0
0.583743 -0.264898 0.218987 10 244 0
0.583888 -0.260089 0.218175 10 244 0
0.584374 -0.255271 0.217514 10 244 0
0.585228 -0.232458 0.215797 10 244 0
0.58876 -0.23445 0.217687 10 244 0
0.592288 -0.236466 0.219553 10 244 0
0.595646 -0.240625 0.221712 10 244 0
0.596779 -0.246018 0.222819 10 244 0
0.594872 -0.251438 0.222513 10 244 0
0.591751 -0.256362 0.22137 10 244 0
0.587735 -0.26035 0.21963 10 244 0
0.583122 -0.262923 0.217064 10 244 0
0.578318 -0.261329 0.214142 10 244 0
0.573548 -0.260264 0.211056 10 244 0
0.569915 -0.256126 0.208572 10 244 0
0.567575 -0.251051 0.206631 10 244 0
0.567739 -0.24505 0.206161 10 244 0
0.568986 -0.239212 0.206455 10 244 0
0.573075 -0.235759 0.208571 10 244 0
0.577706 -0.232969 0.211225 10 244 0
0.582108 -0.235009 0.214027 10 244 0
0.585962 -0.238251 0.216739 10 244 0
0.587956 -0.243673 0.218449 10 244 0
0.587756 -0.249594 0.218795 10 244 0
0.586047 -0.255297 0.217995 10 244 0
0.582355 -0.259234 0.215965 10 244 0
0.577543 -0.261659 0.213241 10 244 0
0.572553 -0.263003 0.210384 10 244 0
0.567968 -0.260862 0.207714 10 244 0
0.563891 -0.257212 0.205153 10 244 0
0.560224 -0.253572 0.202602 10 244 0
0.559296 -0.2477 0.201639 10 244 0
0.560414 -0.241875 0.201731 10 244 0
0.562582 -0.236407 0.202701 10 244 0
0.567648 -0.234906 0.20553 10 244 0
0.572872 -0.234898 0.208564 10 244 0
0.577369 -0.237433 0.21152 10 244 0
0.579949 -0.242423 0.213399 10 244 0
0.57988 -0.248412 0.213823 10 244 0
0.57864 -0.254231 0.213429 11 243 0
0.575101 -0.258639 0.211609 11 243 0
0.57042 -0.261193 0.209109 11 243 0
0.565475 -0.263137 0.206457 11 243 0
0.560753 -0.260656 0.203706 11 243 0
0.556155 -0.259197 0.200806 11 243 0
0.553307 -0.254245 0.198845 11 243 0
0.552198 -0.248636 0.197913 11 243 0
0.552411 -0.242622 0.19767 11 243 0
0.554678 -0.237934 0.198566 11 243 0
0.557514 -0.235006 0.199826 11 243 0
0.562566 -0.234885 0.202284 11 243 0
0.567459 -0.235624 0.204837 11 243 0
0.570883 -0.238097 0.206901 11 243 0
0.573094 -0.242314 0.208496 11 243 0
0.574199 -0.247678 0.209799 11 243 0
0.57428 -0.253415 0.210745 11 243 0
0.572294 -0.258744 0.210399 11 243 0
0.569537 -0.263604 0.20932 11 243 0
0.564903 -0.266298 0.206841 11 243 0
0.560556 -0.268684 0.204335 11 243 0
0.555654 -0.267436 0.201348 11 243 0
0.551511 -0.264638 0.19868 11 243 0
0.549537 -0.259667 0.197191 11 243 0
0.547956 -0.254345 0.195928 11 243 0
0.550154 -0.249049 0.196709 11 243 0
0.554381 -0.245576 0.198822 11 243 0
0.559064 -0.244456 0.201284 11 243 0
0.56417 -0.244501 0.204367 11 243 0
0.568264 -0.247545 0.207105 11 243 0
0.570708 -0.252545 0.209186 11 243 0
0.572428 -0.257944 0.210717 11 243 0
0.572137 -0.263888 0.211166 11 243 0
0.569564 -0.268744 0.210319 11 243 0
0.566247 -0.273372 0.208869 11 243 0
0.562216 -0.277154 0.206764 11 243 0
0.557298 -0.278773 0.203844 11 243 0
0.55257 -0.277707 0.200832 11 243 0
0.549034 -0.273643 0.198357 11 243 0
0.547295 -0.268233 0.196916 11 243 0
0.547642 -0.262343 0.196541 11 243 0
0.55115 -0.25784 0.198215 11 243 0
0.555219 -0.25455 0.200578 11 243 0
0.560232 -0.254695 0.203813 11 243 0
0.564905 -0.255874 0.206996 11 243 0
0.56741 -0.260484 0.209001 11 243 0
0.569472 -0.265822 0.210655 11 243 0
0.571321 -0.271114 0.212109 11 243 0
0.569321 -0.276671 0.211246 11 243 0
0.567857 -0.282049 0.210816 11 243 0
0.563661 -0.285525 0.208637 11 243 0
0.558816 -0.28764 0.205876 11 243 0
0.553831 -0.288321 0.202797 11 243 0
0.549643 -0.285697 0.199767 11 243 0
0.547121 -0.280752 0.197705 11 243 0
0.54604 -0.275259 0.196621 11 243 0
0.548016 -0.269801 0.197616 11 243 0
0.552133 -0.266656 0.200147 11 243 0
0.556841 -0.264876 0.203239 11 243 0
0.561787 -0.265289 0.206469 11 243 0
0.56576 -0.268259 0.209201 11 243 0
0.568392 -0.273209 0.211235 11 243 0
0.56885 -0.278951 0.211915 11 243 0
0.568723 -0.284911 0.212197 11 243 0
0.566724 -0.290362 0.21134 11 243 0
0.563117 -0.294672 0.209429 11 243 0
0.558907 -0.297883 0.206866 11 243 0
0.554097 -0.298574 0.203799 11 243 0
0.549743 -0.296051 0.200817 11 243 0
0.545935 -0.293115 0.198226 11 243 0
0.545258 -0.287329 0.197345 11 243 0
0.545577 -0.281454 0.197316 11 243 0
0.549012 -0.27746 0.199419 11 243 0
0.553198 -0.274245 0.202159 11 243 0
0.557922 -0.274639 0.205303 11 243 0
0.561941 -0.277769 0.208141 11 243 0
0.565584 -0.281319 0.210695 11 243 0
0.568398 -0.286124 0.212779 11 243 0
0.568189 -0.292084 0.213014 11 243 0
0.56753 -0.297812 0.212853 11 243 0
0.564577 -0.302721 0.211189 11 243 0
0.560733 -0.306137 0.208807 11 243 0
0.556181 -0.308442 0.205793 11 243 0
0.551223 -0.308713 0.202484 11 243 0
0.54719 -0.305962 0.199529 11 243 0
0.544976 -0.301597 0.197749 11 243 0
0.543123 -0.296243 0.196342 11 243 0
0.545227 -0.291514 0.19735 11 243 0
0.548328 -0.287735 0.199277 11 243 0
0.552092 -0.284537 0.201866 11 243 0
0.556815 -0.285412 0.20505 11 243 0
0.56086 -0.288227 0.208044 11 243 0
0.564396 -0.290999 0.210638 11 243 0
0.565933 -0.296384 0.212368 11 243 0
0.565593 -0.302317 0.212903 11 243 0
0.565325 -0.308269 0.213246 11 243 0
0.563243 -0.313604 0.21214 11 243 0
0.558888 -0.316244 0.209425 11 243 0
0.555168 -0.318665 0.206598 11 243 0
0.55046 -0.317993 0.203018 11 243 0
0.546286 -0.316914 0.199401 11 243 0
0.543342 -0.31327 0.196741 11 243 0
0.543511 -0.307466 0.196391 11 243 0
0.543853 -0.302143 0.196539 11 243 0
0.546554 -0.298652 0.198234 12 242 0
0.550543 -0.296262 0.200904 12 242 0
0.555007 -0.296017 0.204189 12 242 0
0.559031 -0.29655 0.207757 12 242 0
0.56111 -0.299754 0.209585 12 242 0
0.563775 -0.302437 0.211665 12 242 0
0.565339 -0.307005 0.213275 12 242 0
0.564741 -0.312875 0.214311 12 242 0
0.564226 -0.318737 0.214498 12 242 0
0.561553 -0.323637 0.213192 12 242 0
0.557867 -0.326325 0.210594 12 242 0
0.554654 -0.328653 0.20721 12 242 0
0.550264 -0.328449 0.203212 12 242 0
0.546174 -0.326972 0.199639 12 242 0
0.542988 -0.32276 0.196826 12 242 0
0.543065 -0.316863 0.196359 12 242 0
0.544755 -0.311236 0.197546 12 242 0
0.547927 -0.306839 0.199973 12 242 0
0.552549 -0.306332 0.203632 12 242 0
0.557075 -0.306792 0.207521 12 242 0
0.561174 -0.309112 0.21094 12 242 0
0.563269 -0.314154 0.213289 12 242 0
0.564378 -0.319702 0.214905 12 242 0
0.563948 -0.325659 0.215415 12 242 0
0.562298 -0.331345 0.214588 12 242 0
0.559707 -0.336269 0.212679 12 242 0
0.555491 -0.338931 0.209407 12 242 0
0.551113 -0.340298 0.205804 12 242 0
0.546634 -0.338777 0.202219 12 242 0
0.543282 -0.335219 0.198902 12 242 0
0.542099 -0.329996 0.197369 12 242 0
0.542512 -0.324025 0.197293 12 242 0
0.545258 -0.319667 0.199341 12 242 0
0.549222 -0.316666 0.202619 12 242 0
0.553791 -0.316153 0.206354 12 242 0
0.558 -0.317628 0.209909 12 242 0
0.561033 -0.321701 0.213077 12 242 0
0.563354 -0.326666 0.215447 12 242 0
0.563554 -0.33248 0.216408 12 242 0
0.562725 -0.338347 0.21631 12 242 0
0.559978 -0.343184 0.214548 12 242 0
0.557144 -0.347942 0.21236 12 242 0
0.552879 -0.3504 0.209171 12 242 0
0.548308 -0.350033 0.205434 12 242 0
0.544248 -0.347529 0.20204 12 242 0
0.541604 -0.342929 0.19933 12 242 0
0.541803 -0.337026 0.19862 12 242 0
0.543543 -0.33164 0.199447 12 242 0
0.547418 -0.328103 0.20222 12 242 0
0.551348 -0.326596 0.20556 12 242 0
0.555615 -0.328352 0.209261 12 242 0
0.559455 -0.330986 0.21301 12 242 0
0.562292 -0.335257 0.215936 12 242 0
0.562856 -0.340936 0.217397 12 242 0
0.561964 -0.34681 0.217535 12 242 0
0.560283 -0.352502 0.216742 12 242 0
0.556834 -0.356537 0.214505 12 242 0
0.553306 -0.360451 0.211837 12 242 0
0.548574 -0.360444 0.208161 12 242 0
0.544387 -0.359147 0.204577 12 242 0
0.540989 -0.355247 0.201563 12 242 0
0.540876 -0.349602 0.2006 12 242 0
0.54215 -0.344018 0.200965 12 242 0
0.545037 -0.339141 0.202885 12 242 0
0.549572 -0.33784 0.206252 12 242 0
0.553725 -0.33714 0.209859 12 242 0
0.557385 -0.340264 0.213434 12 242 0
0.560684 -0.344015 0.216717 12 242 0
0.562062 -0.349384 0.218755 12 242 0
0.561613 -0.355311 0.219437 12 242 0
0.560322 -0.360976 0.219042 12 242 0
0.557551 -0.365919 0.217303 12 242 0
0.553758 -0.369687 0.214612 12 242 0
0.549346 -0.370654 0.211245 12 242 0
0.545022 -0.369848 0.207441 12 242 0
0.541701 -0.366359 0.203875 12 242 0
0.540012 -0.361185 0.201911 12 242 0
0.540211 -0.35521 0.201538 12 242 0
0.542785 -0.350271 0.2032 12 242 0
0.547274 -0.348549 0.206597 12 242 0
0.551777 -0.348273 0.21052 12 242 0
0.555998 -0.34958 0.214436 12 242 0
0.558775 -0.353635 0.217544 12 242 0
0.561215 -0.35845 0.220142 12 242 0
0.561206 -0.364237 0.221163 12 242 0
0.559673 -0.370013 0.22077 12 242 0
0.55735 -0.375313 0.219458 12 242 0
0.554186 -0.379632 0.217157 12 242 0
0.550059 -0.382443 0.213851 12 242 0
0.545662 -0.381374 0.210094 12 242 0
0.542155 -0.378478 0.20656 12 242 0
0.539421 -0.374334 0.20366 12 242 0
0.539765 -0.368557 0.202701 12 242 0
0.541516 -0.363009 0.203486 12 242 0
0.544419 -0.358714 0.205972 12 242 0
0.54888 -0.358326 0.209929 12 242 0
0.553119 -0.358752 0.214116 12 242 0
0.557146 -0.36095 0.217836 12 242 0
0.558976 -0.365963 0.220351 12 242 0
0.560642 -0.371288 0.222361 12 242 0
0.560566 -0.377196 0.222754 12 242 0
0.558642 -0.382321 0.221529 12 242 0
0.555612 -0.386833 0.219052 12 242 0
0.552382 -0.390773 0.216243 12 242 0
0.548621 -0.392119 0.212666 13 241 0
0.544887 -0.390995 0.20875 13 241 0
0.541997 -0.388069 0.206051 13 241 0
0.538995 -0.384363 0.203197 13 241 0
0.539291 -0.378566 0.202811 13 241 0
0.540447 -0.374205 0.203551 13 241 0
0.543419 -0.370093 0.206095 13 241 0
0.546842 -0.368635 0.209615 13 241 0
0.549779 -0.368196 0.213463 13 241 0
0.553187 -0.369747 0.21728 13 241 0
0.557178 -0.371927 0.220329 13 241 0
0.559096 -0.377237 0.221583 13 241 0
0.56057 -0.382703 0.222276 13 241 0
0.559265 -0.388067 0.220988 13 241 0
0.556929 -0.392712 0.218821 13 241 0
0.552924 -0.395545 0.215661 13 241 0
0.548609 -0.396714 0.212057 13 241 0
0.543964 -0.396166 0.208578 13 241 0
0.540634 -0.392633 0.205742 13 241 0
0.538703 -0.387678 0.203883 13 241 0
0.538577 -0.381865 0.203458 13 241 0
0.539681 -0.376242 0.204086 13 241 0
0.542407 -0.371777 0.206132 13 241 0
0.546549 -0.369487 0.209295 13 241 0
0.550135 -0.368196 0.212846 13 241 0
0.553505 -0.368578 0.217132 13 241 0
0.556531 -0.370565 0.219777 13 241 0
0.558505 -0.37377 0.221562 13 241 0
0.560399 -0.377417 0.223493 13 241 0
0.56024 -0.383141 0.223722 13 241 0
0.558324 -0.386891 0.222187 13 241 0
0.555588 -0.390445 0.219283 13 241 0
0.552009 -0.391919 0.215799 13 241 0
0.548029 -0.392097 0.211879 13 241 0
0.544323 -0.388924 0.20858 13 241 0
0.541501 -0.385482 0.205489 13 241 0
0.540177 -0.380265 0.203682 13 241 0
0.539003 -0.374632 0.202237 13 241 0
0.540955 -0.369344 0.202979 13 241 0
0.542574 -0.364045 0.20414 13 241 0
0.546041 -0.360833 0.207096 13 241 0
0.549512 -0.35831 0.210794 13 241 0
0.553782 -0.357794 0.214788 13 241 0
0.557421 -0.35989 0.218631 13 241 0
0.560634 -0.363748 0.221706 13 241 0
0.561006 -0.368987 0.222554 13 241 0
0.560667 -0.374805 0.222656 13 241 0
0.556881 -0.378671 0.220163 13 241 0
0.552569 -0.380698 0.216757 13 241 0
0.548785 -0.38205 0.213239 13 241 0
0.545617 -0.378688 0.209572 13 241 0
0.542744 -0.37537 0.206393 13 241 0
0.540792 -0.370389 0.203771 13 241 0
0.539823 -0.365263 0.202078 13 241 0
0.54174 -0.359619 0.202364 13 241 0
0.544053 -0.354257 0.203739 13 241 0
0.547084 -0.349855 0.206347 13 241 0
0.551131 -0.347024 0.209768 13 241 0
0.554718 -0.348624 0.213146 13 241 0
0.558848 -0.349272 0.21715 13 241 0
0.561353 -0.353568 0.219979 13 241 0
0.562758 -0.35873 0.221856 13 241 0
0.561164 -0.36439 0.221351 13 241 0
0.557326 -0.36818 0.218816 13 241 0
0.553381 -0.37078 0.215332 13 241 0
0.548907 -0.370628 0.211348 13 241 0
0.54535 -0.368189 0.207407 13 241 0
0.542889 -0.363995 0.204206 13 241 0
0.541259 -0.358709 0.20193 13 241 0
0.540737 -0.353091 0.200797 13 241 0
0.542877 -0.347754 0.201393 13 241 0
0.54552 -0.342666 0.203136 13 241 0
0.548896 -0.338436 0.205663 13 241 0
0.553229 -0.336422 0.209121 13 241 0
0.557557 -0.337801 0.213046 13 241 0
0.561426 -0.340695 0.216561 13 241 0
0.563586 -0.345369 0.219445 13 241 0
0.563754 -0.351158 0.220416 13 241 0
0.561111 -0.356113 0.219037 13 241 0
0.55731 -0.359465 0.216068 13 241 0
0.552892 -0.360448 0.212236 13 241 0
0.548439 -0.359799 0.208361 13 241 0
0.545213 -0.356522 0.20507 13 241 0
0.543108 -0.351543 0.202478 13 241 0
0.543048 -0.345804 0.201296 13 241 0
0.543373 -0.339822 0.200777 13 241 0
0.545083 -0.334341 0.201496 13 241 0
0.548781 -0.330529 0.203929 13 241 0
0.552919 -0.327272 0.206832 13 241 0
0.557265 -0.327498 0.210579 13 241 0
0.561325 -0.328752 0.214473 13 241 0
0.563883 -0.333533 0.217054 13 241 0
0.564907 -0.339047 0.218557 13 241 0
0.564285 -0.344728 0.218505 13 241 0
0.560769 -0.348584 0.216008 13 241 0
0.556627 -0.350662 0.212735 13 241 0
0.551933 -0.350323 0.209075 13 241 0
0.548262 -0.347247 0.205499 13 241 0
0.544978 -0.343296 0.202397 13 241 0
0.543674 -0.337844 0.200732 13 241 0
0.543924 -0.331893 0.200093 13 241 0
0.544184 -0.326125 0.199919 13 241 0
0.547996 -0.322117 0.202247 13 241 0
0.552056 -0.319022 0.205207 14 240 0
0.556479 -0.316686 0.208543 14 240 0
0.560963 -0.317314 0.212313 14 240 0
0.564341 -0.320756 0.21533 14 240 0
0.565726 -0.326237 0.217087 14 240 0
0.56602 -0.33211 0.217602 14 240 0
0.563095 -0.336101 0.215665 14 240 0
0.559197 -0.339579 0.212765 14 240 0
0.554683 -0.340494 0.209016 14 240 0
0.550481 -0.338363 0.205506 14 240 0
0.546737 -0.334767 0.202484 14 240 0
0.545256 -0.329243 0.200909 14 240 0
0.543988 -0.323678 0.199333 14 240 0
0.544479 -0.317746 0.199155 14 240 0
0.547289 -0.312803 0.200559 14 240 0
0.551348 -0.309271 0.203126 14 240 0
0.555842 -0.307054 0.206441 14 240 0
0.560626 -0.306613 0.210014 14 240 0
0.564349 -0.309484 0.213253 14 240 0
0.566735 -0.314524 0.215482 14 240 0
0.566779 -0.320307 0.215767 14 240 0
0.564637 -0.325742 0.214363 14 240 0
0.560664 -0.329239 0.211591 14 240 0
0.556199 -0.329757 0.208518 14 240 0
0.551561 -0.328342 0.205107 14 240 0
0.547812 -0.325257 0.202064 14 240 0
0.545459 -0.320205 0.199899 14 240 0
0.544523 -0.31437 0.198799 14 240 0
0.544854 -0.308482 0.198588 14 240 0
0.547856 -0.303562 0.200257 14 240 0
0.551593 -0.299524 0.202662 14 240 0
0.556032 -0.296907 0.205641 14 240 0
0.560962 -0.296346 0.208968 14 240 0
0.565196 -0.298979 0.212182 14 240 0
0.567532 -0.302767 0.214247 14 240 0
0.569113 -0.308196 0.215616 14 240 0
0.566834 -0.313302 0.214416 14 240 0
0.563732 -0.317701 0.212348 14 240 0
0.559132 -0.320025 0.209264 14 240 0
0.554353 -0.318793 0.206034 14 240 0
0.54993 -0.316203 0.202912 14 240 0
0.546544 -0.312311 0.200362 14 240 0
0.545086 -0.306698 0.198888 14 240 0
0.54612 -0.30117 0.198866 14 240 0
0.546257 -0.295203 0.198726 14 240 0
0.550184 -0.291562 0.200959 14 240 0
0.554088 -0.287905 0.203487 14 240 0
0.558665 -0.285583 0.206578 14 240 0
0.563353 -0.286152 0.209761 14 240 0
0.566927 -0.290041 0.21231 14 240 0
0.569336 -0.295261 0.214071 14 240 0
0.569592 -0.300928 0.21449 14 240 0
0.566597 -0.305472 0.212724 14 240 0
0.561932 -0.307818 0.209744 14 240 0
0.556997 -0.308422 0.206441 14 240 0
0.552398 -0.30704 0.203214 14 240 0
0.548958 -0.302881 0.200712 14 240 0
0.546264 -0.298054 0.198683 14 240 0
0.546457 -0.292052 0.198388 14 240 0
0.54761 -0.286379 0.198825 14 240 0
0.550288 -0.281218 0.200354 14 240 0
0.553353 -0.27645 0.202335 14 240 0
0.558336 -0.276097 0.2056 14 240 0
0.563144 -0.276669 0.208831 14 240 0
0.567402 -0.279387 0.211907 14 240 0
0.570319 -0.284135 0.214103 14 240 0
0.56945 -0.289878 0.213894 14 240 0
0.568042 -0.2954 0.213133 14 240 0
0.563969 -0.298671 0.210553 14 240 0
0.558979 -0.29888 0.207209 14 240 0
0.554179 -0.29783 0.203904 14 240 0
0.550103 -0.294502 0.201028 14 240 0
0.547204 -0.289878 0.198793 14 240 0
0.546711 -0.284106 0.197822 14 240 0
0.547273 -0.278182 0.1977 14 240 0
0.549951 -0.272956 0.198898 14 240 0
0.553527 -0.268559 0.200853 14 240 0
0.557897 -0.265586 0.203605 14 240 0
0.562829 -0.264797 0.206804 14 240 0
0.567309 -0.267104 0.20994 14 240 0
0.57115 -0.270634 0.212809 14 240 0
0.570843 -0.276623 0.213244 14 240 0
0.569715 -0.282332 0.213059 14 240 0
0.566096 -0.286483 0.210983 14 240 0
0.561641 -0.288314 0.208197 14 240 0
0.556771 -0.287976 0.204873 14 240 0
0.552614 -0.28495 0.201769 14 240 0
0.549901 -0.280249 0.199416 14 240 0
0.547571 -0.275047 0.197572 14 240 0
0.548068 -0.269374 0.197307 14 240 0
0.549553 -0.263729 0.197727 14 240 0
0.552675 -0.259126 0.199045 14 240 0
0.557161 -0.256756 0.20133 14 240 0
0.561872 -0.254705 0.204092 14 240 0
0.566659 -0.255602 0.207228 14 240 0
0.570634 -0.259007 0.210155 14 240 0
0.57228 -0.264039 0.212062 14 240 0
0.571386 -0.269268 0.212347 14 240 0
0.569255 -0.27433 0.211569 14 240 0
0.564951 -0.277216 0.209204 14 240 0
0.560111 -0.278613 0.206132 14 240 0
0.555934 -0.276645 0.20315 14 240 0
0.552151 -0.273023 0.200349 14 240 0
0.549328 -0.268572 0.198121 14 240 0
0.548662 -0.262819 0.19723 15 239 0
0.54975 -0.25842 0.197399 15 239 0
0.549983 -0.252425 0.197019 15 239 0
0.554508 -0.249379 0.199132 15 239 0
0.558606 -0.245727 0.20092 15 239 0
0.563736 -0.244486 0.203446 15 239 0
0.568646 -0.245458 0.20626 15 239 0
0.571334 -0.248672 0.208276 15 239 0
0.573615 -0.253473 0.210342 15 239 0
0.573422 -0.259036 0.211238 15 239 0
0.570011 -0.263465 0.210072 15 239 0
0.566121 -0.266253 0.208028 15 239 0
0.562925 -0.268644 0.206025 15 239 0
0.558092 -0.267732 0.202833 15 239 0
0.554132 -0.264308 0.200218 15 239 0
0.551783 -0.260256 0.198663 15 239 0
0.549839 -0.256635 0.197329 15 239 0
0.549966 -0.250723 0.196961 15 239 0
0.5502 -0.244828 0.196593 15 239 0
0.552407 -0.241296 0.197486 15 239 0
0.553958 -0.237932 0.198187 15 239 0
0.557754 -0.236198 0.199924 15 239 0
0.562587 -0.234885 0.202248 15 239 0
0.564705 -0.235692 0.203374 15 239 0
0.568692 -0.237687 0.205659 15 239 0
0.572563 -0.239772 0.208056 15 239 0
0.576273 -0.242089 0.210495 15 239 0
0.579985 -0.244392 0.212945 15 239 0
0.583647 -0.246817 0.215342 15 239 0
0.583163 -0.246698 0.216209 15 239 0
0.641725 -0.246942 0.243144 15 239 0
0.642063 -0.247079 0.242213 15 239 0
0.641875 -0.254732 0.242159 15 239 0
0.641641 -0.259948 0.242904 15 239 0
0.641042 -0.265143 0.243612 15 239 0
0.640688 -0.270347 0.244383 15 239 0
0.640491 -0.275557 0.2452 15 239 0
0.640169 -0.280765 0.24598 15 239 0
0.639747 -0.285976 0.246698 15 239 0
0.639245 -0.291187 0.247355 15 239 0
0.638903 -0.296401 0.248059 15 239 0
0.638407 -0.3016 0.248656 15 239 0
0.637261 -0.309331 0.249858 15 239 0
0.636478 -0.314108 0.251144 15 239 0
0.635736 -0.318938 0.252239 15 239 0
0.635053 -0.323783 0.253307 15 239 0
0.634347 -0.328612 0.25443 15 239 0
0.633688 -0.333435 0.255608 15 239 0
0.632963 -0.338262 0.256728 15 239 0
0.632359 -0.3431 0.257874 15 239 0
0.631729 -0.347931 0.259036 15 239 0
0.631135 -0.352773 0.260169 15 239 0
0.630546 -0.357623 0.261271 15 239 0
0.630023 -0.362506 0.262249 15 239 0
0.629459 -0.367379 0.263255 15 239 0
0.628926 -0.372287 0.264089 15 239 0
0.629633 -0.364555 0.263172 15 239 0
0.630254 -0.359777 0.261945 15 239 0
0.630851 -0.355001 0.260701 15 239 0
0.631434 -0.35019 0.259588 15 239 0
0.632049 -0.345395 0.258427 15 239 0
0.632856 -0.340604 0.257369 15 239 0
0.633499 -0.335807 0.256227 15 239 0
0.634203 -0.331018 0.255092 15 239 0
0.634895 -0.326227 0.253954 15 239 0
0.635632 -0.321416 0.252944 15 239 0
0.636551 -0.316637 0.251924 15 239 0
0.637382 -0.308381 0.249727 15 239 0
0.637568 -0.303537 0.248962 15 239 0
0.637892 -0.298702 0.248194 15 239 0
0.638266 -0.293872 0.247413 15 239 0
0.638631 -0.289024 0.246744 15 239 0
0.639014 -0.284175 0.246094 15 239 0
0.639408 -0.279331 0.245414 15 239 0
0.639901 -0.27449 0.244775 15 239 0
0.64038 -0.269647 0.244141 15 239 0
0.640895 -0.26481 0.243494 15 239 0
0.64142 -0.259976 0.24283 15 239 0
0.641859 -0.25513 0.242202 15 239 0
0.643548 -0.232337 0.238652 15 239 0
0.648052 -0.233877 0.240776 15 239 0
0.652388 -0.23551 0.24312 15 239 0
0.655921 -0.238635 0.245543 15 239 0
0.657051 -0.244174 0.246916 15 239 0
0.656744 -0.250066 0.24779 15 239 0
0.655515 -0.255713 0.248057 15 239 0
0.651935 -0.259428 0.247166 15 239 0
0.64762 -0.26235 0.245446 15 239 0
0.642958 -0.259737 0.242976 15 239 0
0.63839 -0.257009 0.240186 15 239 0
0.636442 -0.251921 0.238544 15 239 0
0.63704 -0.245975 0.237933 15 239 0
0.638967 -0.240622 0.23809 15 239 0
0.642457 -0.235863 0.239147 15 239 0
0.647452 -0.234816 0.241206 15 239 0
0.652391 -0.232633 0.243407 15 239 0
0.657297 -0.235018 0.245926 15 239 0
0.66209 -0.237243 0.248538 15 239 0
0.664641 -0.2424 0.250221 15 239 0
0.666274 -0.247838 0.251538 15 239 0
0.666478 -0.253793 0.252299 15 239 0
0.662569 -0.257891 0.250924 15 239 0
0.658237 -0.261627 0.249149 15 239 0
0.653058 -0.262439 0.246718 16 238 0
0.648925 -0.259008 0.244483 16 238 0
0.646005 -0.254137 0.242528 16 238 0
0.644544 -0.248599 0.241122 16 238 0
0.646821 -0.243068 0.241603 16 238 0
0.649458 -0.238102 0.242196 16 238 0
0.654639 -0.235695 0.244007 16 238 0
0.660208 -0.23517 0.245948 16 238 0
0.665648 -0.234601 0.248421 16 238 0
0.670116 -0.237959 0.250564 16 238 0
0.674245 -0.241551 0.252913 16 238 0
0.675962 -0.247031 0.254192 16 238 0
0.674416 -0.252737 0.254052 16 238 0
0.673207 -0.258497 0.254293 16 238 0
0.66829 -0.2614 0.252658 16 238 0
0.662687 -0.262012 0.250968 16 238 0
0.657859 -0.25944 0.248955 16 238 0
0.654577 -0.25526 0.247107 16 238 0
0.653259 -0.24998 0.245792 16 238 0
0.655018 -0.244766 0.245717 16 238 0
0.65755 -0.239691 0.245654 16 238 0
0.661736 -0.236823 0.246785 16 238 0
0.66605 -0.234589 0.247719 16 238 0
0.671113 -0.23401 0.249233 16 238 0
0.674805 -0.236218 0.249782 16 238 0
0.678157 -0.238561 0.251345 16 238 0
0.680899 -0.242647 0.252979 16 238 0
0.683114 -0.24683 0.254844 16 238 0
0.68269 -0.252701 0.255987 16 238 0
0.680301 -0.257845 0.256185 16 238 0
0.677685 -0.262792 0.256438 16 238 0
0.673062 -0.266423 0.255358 16 238 0
0.668181 -0.268517 0.254008 16 238 0
0.662688 -0.267641 0.252037 16 238 0
0.658629 -0.263732 0.250215 16 238 0
0.655337 -0.259926 0.248099 16 238 0
0.654585 -0.254245 0.246729 16 238 0
0.657232 -0.249174 0.247112 16 238 0
0.661559 -0.245577 0.248249 16 238 0
0.667104 -0.244931 0.250134 16 238 0
0.672674 -0.245257 0.25235 16 238 0
0.677177 -0.248302 0.254694 16 238 0
0.680068 -0.25315 0.256574 16 238 0
0.681139 -0.258933 0.25771 16 238 0
0.680505 -0.264884 0.258227 16 238 0
0.678197 -0.270351 0.258073 16 238 0
0.674965 -0.275255 0.257544 16 238 0
0.669955 -0.278103 0.256154 16 238 0
0.664443 -0.278135 0.253778 16 238 0
0.659644 -0.276789 0.251527 16 238 0
0.655908 -0.272498 0.249573 16 238 0
0.654917 -0.267225 0.248688 16 238 0
0.655273 -0.261451 0.248243 16 238 0
0.659336 -0.25751 0.249553 16 238 0
0.663939 -0.25414 0.251435 16 238 0
0.669251 -0.25517 0.253806 16 238 0
0.674211 -0.257432 0.256325 16 238 0
0.676726 -0.262079 0.257712 16 238 0
0.679487 -0.267006 0.259531 16 238 0
0.679342 -0.272987 0.260149 16 238 0
0.678621 -0.278782 0.260412 16 238 0
0.675298 -0.283447 0.259465 16 238 0
0.670356 -0.286434 0.257776 16 238 0
0.665241 -0.288666 0.2556 16 238 0
0.659949 -0.287427 0.253239 16 238 0
0.655575 -0.284046 0.250965 16 238 0
0.653992 -0.278472 0.249913 16 238 0
0.654771 -0.27264 0.249889 16 238 0
0.658178 -0.267943 0.25084 16 238 0
0.663311 -0.265597 0.252927 16 238 0
0.668273 -0.266108 0.255132 16 238 0
0.672768 -0.269309 0.257525 16 238 0
0.677143 -0.272435 0.260106 16 238 0
0.678881 -0.277916 0.261537 16 238 0
0.678682 -0.283878 0.262269 16 238 0
0.67715 -0.2895 0.262285 16 238 0
0.67413 -0.294652 0.261651 16 238 0
0.669648 -0.298149 0.259955 16 238 0
0.664123 -0.298434 0.257603 16 238 0
0.658865 -0.297148 0.255276 16 238 0
0.655072 -0.293042 0.253302 16 238 0
0.652948 -0.287689 0.251731 16 238 0
0.653217 -0.281809 0.251123 16 238 0
0.656898 -0.27724 0.252101 16 238 0
0.662062 -0.276154 0.254182 16 238 0
0.667512 -0.276465 0.256716 16 238 0
0.672249 -0.278741 0.25906 16 238 0
0.675399 -0.283213 0.260923 16 238 0
0.678158 -0.288104 0.26292 16 238 0
0.677872 -0.293891 0.263704 16 238 0
0.676554 -0.299711 0.263969 16 238 0
0.672998 -0.304041 0.263185 16 238 0
0.668087 -0.307164 0.261685 16 238 0
0.662682 -0.308262 0.259785 16 238 0
0.657244 -0.30781 0.257343 16 238 0
0.653254 -0.304058 0.25531 16 238 0
0.651598 -0.298595 0.253852 16 238 0
0.652001 -0.292942 0.253041 16 238 0
0.655766 -0.288754 0.254137 16 238 0
0.660591 -0.286105 0.255692 16 238 0
0.666194 -0.286489 0.257819 16 238 0
0.670665 -0.288879 0.259731 16 238 0
0.674896 -0.292068 0.262078 16 238 0
0.677512 -0.297144 0.26396 16 238 0
0.67699 -0.303045 0.264932 17 237 0
0.676204 -0.308956 0.265649 17 237 0
0.672887 -0.313581 0.265512 17 237 0
0.668085 -0.316614 0.26444 17 237 0
0.662799 -0.318839 0.26308 17 237 0
0.657128 -0.31855 0.261118 17 237 0
0.652863 -0.315521 0.258824 17 237 0
0.650517 -0.310763 0.256694 17 237 0
0.649753 -0.305312 0.255272 17 237 0
0.651783 -0.300558 0.255379 17 237 0
0.655559 -0.298831 0.256473 17 237 0
0.658962 -0.295948 0.257511 17 237 0
0.664082 -0.296216 0.259074 17 237 0
0.668215 -0.297638 0.260425 17 237 0
0.671561 -0.300653 0.261853 17 237 0
0.674555 -0.303169 0.263621 17 237 0
0.676349 -0.308057 0.265261 17 237 0
0.676587 -0.31313 0.266814 17 237 0
0.675005 -0.318639 0.267513 17 237 0
0.671995 -0.323298 0.267311 17 237 0
0.668177 -0.327065 0.266724 17 237 0
0.663109 -0.328908 0.265011 17 237 0
0.657771 -0.328714 0.262952 17 237 0
0.653141 -0.325997 0.260667 17 237 0
0.649604 -0.321698 0.258385 17 237 0
0.648875 -0.316241 0.257255 17 237 0
0.65073 -0.31063 0.257071 17 237 0
0.655484 -0.30785 0.258503 17 237 0
0.660676 -0.30669 0.260516 17 237 0
0.66617 -0.307125 0.262865 17 237 0
0.670374 -0.310712 0.265209 17 237 0
0.67345 -0.315359 0.267404 17 237 0
0.674846 -0.320889 0.268911 17 237 0
0.674653 -0.326794 0.269913 17 237 0
0.671663 -0.33198 0.269424 17 237 0
0.667694 -0.336298 0.268409 17 237 0
0.662612 -0.338938 0.266636 17 237 0
0.657186 -0.340177 0.264404 17 237 0
0.652357 -0.337722 0.262141 17 237 0
0.648348 -0.333865 0.259917 17 237 0
0.647329 -0.328394 0.258885 17 237 0
0.648308 -0.322563 0.258538 17 237 0
0.652767 -0.318878 0.260085 17 237 0
0.6579 -0.316791 0.262119 17 237 0
0.663215 -0.317147 0.2647 17 237 0
0.667267 -0.320865 0.266915 17 237 0
0.67082 -0.324596 0.269519 17 237 0
0.672444 -0.330113 0.271236 17 237 0
0.67135 -0.335559 0.271829 17 237 0
0.668878 -0.341046 0.271713 17 237 0
0.666157 -0.346226 0.271169 17 237 0
0.661012 -0.348634 0.269253 17 237 0
0.655634 -0.350365 0.267183 17 237 0
0.650943 -0.347557 0.264817 17 237 0
0.647158 -0.344039 0.262535 17 237 0
0.645083 -0.338714 0.260653 17 237 0
0.646632 -0.333101 0.260201 17 237 0
0.650314 -0.328802 0.26105 17 237 0
0.655364 -0.326262 0.262947 17 237 0
0.660642 -0.327164 0.265602 17 237 0
0.665372 -0.329469 0.268432 17 237 0
0.668373 -0.333843 0.270924 17 237 0
0.670265 -0.338908 0.27335 17 237 0
0.669451 -0.344832 0.274059 17 237 0
0.667496 -0.350491 0.274643 17 237 0
0.66435 -0.355224 0.274328 17 237 0
0.659527 -0.358454 0.272768 17 237 0
0.654431 -0.360471 0.270772 17 237 0
0.649482 -0.358512 0.268524 17 237 0
0.645515 -0.354925 0.266062 17 237 0
0.643252 -0.349766 0.263947 17 237 0
0.644036 -0.344104 0.26298 17 237 0
0.647346 -0.33933 0.263414 17 237 0
0.652489 -0.336976 0.265172 17 237 0
0.657962 -0.336861 0.267557 17 237 0
0.662299 -0.338927 0.270192 17 237 0
0.665691 -0.343081 0.272848 17 237 0
0.667532 -0.347998 0.275082 17 237 0
0.667991 -0.353762 0.276764 17 237 0
0.666983 -0.359382 0.277955 17 237 0
0.663503 -0.364233 0.277171 17 237 0
0.658737 -0.367638 0.276328 17 237 0
0.653453 -0.369775 0.274417 17 237 0
0.648471 -0.368784 0.272345 17 237 0
0.643972 -0.365644 0.269907 17 237 0
0.641167 -0.361149 0.267586 17 237 0
0.6413 -0.355353 0.266357 17 237 0
0.64385 -0.350788 0.266275 17 237 0
0.648479 -0.347342 0.267879 17 237 0
0.653871 -0.346479 0.270113 17 237 0
0.658812 -0.348435 0.272728 17 237 0
0.662897 -0.351705 0.275476 17 237 0
0.66549 -0.356611 0.277811 17 237 0
0.666375 -0.362349 0.279276 17 237 0
0.664844 -0.368093 0.279839 17 237 0
0.662124 -0.373458 0.279807 17 237 0
0.657268 -0.376342 0.278454 17 237 0
0.652553 -0.379792 0.277148 17 237 0
0.647235 -0.380053 0.274763 17 237 0
0.642684 -0.376893 0.272413 17 237 0
0.639476 -0.372799 0.270314 17 237 0
0.637852 -0.367784 0.268613 17 237 0
0.639835 -0.362448 0.268698 17 237 0
0.644486 -0.35899 0.270276 17 237 0
0.649298 -0.356419 0.272102 18 236 0
0.654567 -0.356539 0.274501 18 236 0
0.659038 -0.359654 0.276853 18 236 0
0.662304 -0.363812 0.278993 18 236 0
0.663782 -0.369445 0.280361 18 236 0
0.664434 -0.374755 0.281615 18 236 0
0.662169 -0.379983 0.281133 18 236 0
0.658726 -0.384727 0.280175 18 236 0
0.654469 -0.388601 0.278514 18 236 0
0.649547 -0.390337 0.276255 18 236 0
0.644889 -0.388657 0.274151 18 236 0
0.640385 -0.386335 0.271835 18 236 0
0.638261 -0.382115 0.270745 18 236 0
0.637004 -0.376656 0.269936 18 236 0
0.639151 -0.371955 0.270877 18 236 0
0.641858 -0.36895 0.271779 18 236 0
0.644765 -0.366735 0.272855 18 236 0
0.649789 -0.366273 0.274838 18 236 0
0.654621 -0.367249 0.277056 18 236 0
0.658692 -0.369863 0.279375 18 236 0
0.662074 -0.374303 0.281406 18 236 0
0.661882 -0.380244 0.281555 18 236 0
0.661789 -0.386302 0.28184 18 236 0
0.658384 -0.39096 0.280274 18 236 0
0.653607 -0.39383 0.277958 18 236 0
0.64837 -0.394306 0.275313 18 236 0
0.643418 -0.39193 0.272871 18 236 0
0.639768 -0.387996 0.271009 18 236 0
0.637217 -0.382679 0.269657 18 236 0
0.638039 -0.376847 0.270006 18 236 0
0.640498 -0.371429 0.27118 18 236 0
0.644909 -0.368295 0.27325 18 236 0
0.649626 -0.366273 0.27512 18 236 0
0.653729 -0.366316 0.276405 18 236 0
0.658208 -0.368106 0.278441 18 236 0
0.661297 -0.371898 0.280111 18 236 0
0.662583 -0.376099 0.281031 18 236 0
0.66259 -0.379939 0.28137 18 236 0
0.660595 -0.384802 0.28096 18 236 0
0.657171 -0.388045 0.279751 18 236 0
0.652385 -0.389821 0.277788 18 236 0
0.647277 -0.390179 0.275363 18 236 0
0.643922 -0.387627 0.273762 18 236 0
0.640342 -0.384879 0.271898 18 236 0
0.63808 -0.379795 0.270498 18 236 0
0.637202 -0.374359 0.269601 18 236 0
0.637883 -0.368554 0.269014 18 236 0
0.640747 -0.363852 0.269446 18 236 0
0.644641 -0.35938 0.270304 18 236 0
0.649277 -0.356409 0.271697 18 236 0
0.654814 -0.355984 0.273843 18 236 0
0.659615 -0.357938 0.276202 18 236 0
0.663391 -0.361362 0.278739 18 236 0
0.664246 -0.366803 0.280041 18 236 0
0.663382 -0.372123 0.280885 18 236 0
0.659312 -0.376428 0.280005 18 236 0
0.654439 -0.378717 0.278352 18 236 0
0.649923 -0.380321 0.276399 18 236 0
0.645371 -0.377357 0.274003 18 236 0
0.641591 -0.373603 0.271457 18 236 0
0.639563 -0.368408 0.269477 18 236 0
0.638121 -0.363338 0.267351 18 236 0
0.640744 -0.35872 0.26722 18 236 0
0.642683 -0.353587 0.266777 18 236 0
0.646886 -0.349453 0.267234 18 236 0
0.651457 -0.346348 0.268359 18 236 0
0.656971 -0.34619 0.270501 18 236 0
0.661904 -0.347432 0.273082 18 236 0
0.665199 -0.351794 0.275468 18 236 0
0.665995 -0.357182 0.277531 18 236 0
0.664847 -0.362957 0.278638 18 236 0
0.661333 -0.367567 0.278209 18 236 0
0.65607 -0.369239 0.276785 18 236 0
0.651281 -0.369333 0.274572 18 236 0
0.646631 -0.367465 0.271795 18 236 0
0.643197 -0.363492 0.269046 18 236 0
0.641327 -0.358378 0.266573 18 236 0
0.641748 -0.352657 0.264931 18 236 0
0.642858 -0.346948 0.263494 18 236 0
0.645733 -0.341751 0.263534 18 236 0
0.650243 -0.337897 0.264254 18 236 0
0.655453 -0.336744 0.265733 18 236 0
0.660945 -0.336984 0.2681 18 236 0
0.665705 -0.338857 0.2709 18 236 0
0.668584 -0.343411 0.273489 18 236 0
0.668066 -0.348825 0.274689 18 236 0
0.665894 -0.354179 0.27522 18 236 0
0.662253 -0.358221 0.274473 18 236 0
0.656764 -0.358818 0.272422 18 236 0
0.651382 -0.358515 0.269814 18 236 0
0.646999 -0.355672 0.266972 18 236 0
0.643916 -0.351279 0.264461 18 236 0
0.642685 -0.345844 0.262415 18 236 0
0.644559 -0.34038 0.261811 18 236 0
0.645602 -0.334576 0.260936 18 236 0
0.649384 -0.329983 0.261178 18 236 0
0.654097 -0.326693 0.26251 18 236 0
0.659427 -0.325172 0.26471 18 236 0
0.664415 -0.327037 0.267074 18 236 0
0.66825 -0.330936 0.269446 18 236 0
0.670989 -0.33545 0.271858 18 236 0
0.6695 -0.341055 0.272108 18 236 0
0.66644 -0.346162 0.271511 18 236 0
0.661923 -0.34903 0.26983 19 235 0
0.656632 -0.348527 0.267274 19 235 0
0.651602 -0.346887 0.264676 19 235 0
0.647718 -0.343169 0.262306 19 235 0
0.646066 -0.337683 0.260734 19 235 0
0.645041 -0.331954 0.259314 19 235 0
0.646997 -0.326777 0.259355 19 235 0
0.650449 -0.321937 0.25981 19 235 0
0.653856 -0.317702 0.260581 19 235 0
0.659269 -0.316644 0.262831 19 235 0
0.66468 -0.316043 0.265332 19 235 0
0.669082 -0.319094 0.2677 19 235 0
0.671266 -0.324442 0.26917 19 235 0
0.671631 -0.329847 0.269967 19 235 0
0.668424 -0.334748 0.268737 19 235 0
0.664213 -0.338361 0.267034 19 235 0
0.65904 -0.339133 0.264776 19 235 0
0.654034 -0.336999 0.262273 19 235 0
0.650465 -0.332845 0.2602 19 235 0
0.648064 -0.32769 0.258375 19 235 0
0.646418 -0.322191 0.25678 19 235 0
0.647642 -0.316562 0.256416 19 235 0
0.651357 -0.312114 0.257612 19 235 0
0.655491 -0.308049 0.259059 19 235 0
0.660298 -0.305448 0.260993 19 235 0
0.66571 -0.304771 0.263434 19 235 0
0.66908 -0.30923 0.265003 19 235 0
0.672457 -0.313161 0.266993 19 235 0
0.67281 -0.319049 0.267597 19 235 0
0.671423 -0.32438 0.267732 19 235 0
0.667253 -0.328387 0.266209 19 235 0
0.661829 -0.328232 0.263704 19 235 0
0.656726 -0.327742 0.26106 19 235 0
0.652491 -0.324377 0.258653 19 235 0
0.649749 -0.319441 0.256834 19 235 0
0.647807 -0.314036 0.255139 19 235 0
0.648281 -0.308136 0.254593 19 235 0
0.650192 -0.302478 0.254842 19 235 0
0.654428 -0.298491 0.256244 19 235 0
0.659317 -0.295501 0.257928 19 235 0
0.664707 -0.294778 0.260085 19 235 0
0.669817 -0.296396 0.262643 19 235 0
0.673048 -0.300868 0.264549 19 235 0
0.674493 -0.306331 0.265847 19 235 0
0.673466 -0.312213 0.266148 19 235 0
0.669888 -0.316834 0.265114 19 235 0
0.664977 -0.318771 0.26301 19 235 0
0.659563 -0.318612 0.260479 19 235 0
0.65462 -0.316534 0.257921 19 235 0
0.651415 -0.311937 0.255931 19 235 0
0.649313 -0.30663 0.254191 19 235 0
0.649198 -0.30081 0.25326 19 235 0
0.650904 -0.295152 0.253142 19 235 0
0.654868 -0.290935 0.254255 19 235 0
0.658502 -0.28675 0.255073 19 235 0
0.663838 -0.285676 0.257304 19 235 0
0.668775 -0.285249 0.259453 19 235 0
0.67317 -0.288473 0.261672 19 235 0
0.675894 -0.293284 0.263453 19 235 0
0.675797 -0.29923 0.264132 19 235 0
0.673504 -0.304612 0.263722 19 235 0
0.668554 -0.307493 0.262006 19 235 0
0.663281 -0.308281 0.259848 19 235 0
0.658395 -0.306585 0.257447 19 235 0
0.653988 -0.303479 0.254925 19 235 0
0.651648 -0.298589 0.25328 19 235 0
0.650359 -0.292923 0.251834 19 235 0
0.651415 -0.287108 0.251385 19 235 0
0.654491 -0.282182 0.251941 19 235 0
0.658558 -0.277986 0.253214 19 235 0
0.663274 -0.275038 0.254868 19 235 0
0.668714 -0.27533 0.257021 19 235 0
0.673679 -0.277614 0.259434 19 235 0
0.676393 -0.28242 0.260973 19 235 0
0.677082 -0.287062 0.262068 19 235 0
0.67606 -0.292672 0.262418 19 235 0
0.67219 -0.297087 0.261318 19 235 0
0.667178 -0.297897 0.259206 19 235 0
0.661937 -0.297671 0.256812 19 235 0
0.657229 -0.294913 0.254395 19 235 0
0.653818 -0.290702 0.252441 19 235 0
0.652798 -0.284994 0.251374 19 235 0
0.653543 -0.279099 0.2507 19 235 0
0.654343 -0.273295 0.250018 19 235 0
0.658038 -0.268944 0.250867 19 235 0
0.662371 -0.265154 0.252479 19 235 0
0.667623 -0.263889 0.254654 19 235 0
0.67276 -0.265498 0.256897 19 235 0
0.676377 -0.26971 0.258619 19 235 0
0.678811 -0.274916 0.260224 19 235 0
0.678162 -0.280419 0.260508 19 235 0
0.675268 -0.285118 0.259979 19 235 0
0.670381 -0.287891 0.25835 19 235 0
0.665026 -0.288668 0.255981 19 235 0
0.66038 -0.285933 0.253751 19 235 0
0.655888 -0.28283 0.251334 19 235 0
0.654044 -0.277498 0.250164 19 235 0
0.653906 -0.271573 0.249439 19 235 0
0.655104 -0.265768 0.249239 19 235 0
0.658051 -0.26066 0.249686 19 235 0
0.661828 -0.256856 0.250537 19 235 0
0.66672 -0.254275 0.252145 19 235 0
0.672266 -0.254616 0.254383 19 235 0
0.676987 -0.257353 0.256502 19 235 0
0.679814 -0.26236 0.258017 20 234 0
0.679928 -0.268052 0.258681 20 234 0
0.678159 -0.273537 0.258868 20 234 0
0.673786 -0.277389 0.257616 20 234 0
0.668487 -0.278037 0.255769 20 234 0
0.663119 -0.2771 0.253522 20 234 0
0.65851 -0.274111 0.251253 20 234 0
0.65562 -0.269214 0.249625 20 234 0
0.653566 -0.263816 0.248145 20 234 0
0.654486 -0.258125 0.247897 20 234 0
0.656593 -0.252897 0.247768 20 234 0
0.660655 -0.249017 0.248544 20 234 0
0.664901 -0.244892 0.249274 20 234 0
0.670457 -0.244454 0.251072 20 234 0
0.675516 -0.245329 0.252661 20 234 0
0.679458 -0.248571 0.254294 20 234 0
0.681239 -0.253688 0.255542 20 234 0
0.681594 -0.258827 0.256977 20 234 0
0.679282 -0.264168 0.257055 20 234 0
0.674825 -0.266785 0.256538 20 234 0
0.669831 -0.268616 0.254813 20 234 0
0.664861 -0.266883 0.253122 20 234 0
0.660505 -0.264578 0.251222 20 234 0
0.657313 -0.26155 0.249595 20 234 0
0.655816 -0.257003 0.248534 20 234 0
0.655305 -0.253553 0.247891 20 234 0
0.654872 -0.248475 0.246568 20 234 0
0.657024 -0.243576 0.246327 20 234 0
0.659896 -0.239955 0.246702 20 234 0
0.662743 -0.237332 0.247039 20 234 0
0.666314 -0.234595 0.247538 20 234 0
0.671197 -0.23401 0.249089 20 234 0
0.668599 -0.235497 0.248311 20 234 0
0.663991 -0.23776 0.247254 20 234 0
0.659345 -0.239882 0.246078 20 234 0
0.654651 -0.241793 0.244749 20 234 0
0.649961 -0.24365 0.243322 20 234 0
0.64527 -0.24542 0.241798 20 234 0
0.644954 -0.245274 0.242735 20 234 0
0.585246 -0.247509 0.217447 20 234 0
0.585717 -0.24761 0.21657 20 234 0
0.585717 -0.24761 0.21657 20 234 0
0.584934 -0.25529 0.217778 20 234 0
0.584971 -0.260331 0.218689 20 234 0
0.58475 -0.265383 0.219516 20 234 0
0.584599 -0.270448 0.220272 20 234 0
0.584574 -0.275527 0.220941 20 234 0
0.584453 -0.280619 0.221472 20 234 0
0.584173 -0.285716 0.221909 20 234 0
0.583921 -0.290818 0.22231 20 234 0
0.58373 -0.295929 0.22262 20 234 0
0.583552 -0.301041 0.222894 20 234 0
0.581845 -0.310816 0.223747 20 234 0
0.580919 -0.315822 0.22426 20 234 0
0.579983 -0.320841 0.224727 20 234 0
0.579146 -0.325871 0.22525 20 234 0
0.578031 -0.330853 0.225724 20 234 0
0.577105 -0.335853 0.22637 20 234 0
0.576196 -0.340858 0.227003 20 234 0
0.575125 -0.34585 0.227463 20 234 0
0.573998 -0.350829 0.227938 20 234 0
0.57311 -0.355842 0.228533 20 234 0
0.572226 -0.36086 0.229103 20 234 0
0.571109 -0.365833 0.229639 20 234 0
0.57022 -0.370843 0.230224 20 234 0
0.571437 -0.363065 0.229474 20 234 0
0.572708 -0.358487 0.229052 20 234 0
0.573687 -0.35385 0.228469 20 234 0
0.574696 -0.349215 0.22793 20 234 0
0.575844 -0.344603 0.227483 20 234 0
0.576754 -0.339943 0.226973 20 234 0
0.577681 -0.335279 0.226539 20 234 0
0.578604 -0.330622 0.226031 20 234 0
0.579533 -0.325966 0.22552 20 234 0
0.580509 -0.321312 0.225097 20 234 0
0.581421 -0.316646 0.224755 20 234 0
0.581918 -0.308617 0.223236 20 234 0
0.582327 -0.303773 0.222817 20 234 0
0.5825 -0.298904 0.222438 20 234 0
0.582728 -0.29404 0.222021 20 234 0
0.582845 -0.289168 0.22164 20 234 0
0.582995 -0.2843 0.221221 20 234 0
0.583163 -0.279437 0.220748 20 234 0
0.58335 -0.274577 0.220264 20 234 0
0.583428 -0.269731 0.21963 20 234 0
0.583743 -0.264898 0.218987 20 234 0
0.583888 -0.260089 0.218175 20 234 0
0.584374 -0.255271 0.217514 20 234 0
0.585228 -0.232458 0.215797 20 234 0
0.58876 -0.23445 0.217687 20 234 0
0.592288 -0.236466 0.219553 20 234 0
0.595646 -0.240625 0.221712 20 234 0
0.596779 -0.246018 0.222819 20 234 0
0.594872 -0.251438 0.222513 20 234 0
0.591751 -0.256362 0.22137 20 234 0
0.587735 -0.26035 0.21963 20 234 0
0.583122 -0.262923 0.217064 20 234 0
0.578318 -0.261329 0.214142 20 234 0
0.573548 -0.260264 0.211056 20 234 0
0.569915 -0.256126 0.208572 20 234 0
0.567575 -0.251051 0.206631 20 234 0
0.567739 -0.24505 0.206161 20 234 0
0.568986 -0.239212 0.206455 20 234 0
0.573075 -0.235759 0.208571 20 234 0
0.577706 -0.232969 0.211225 21 233 0
0.582108 -0.235009 0.214027 21 233 0
0.585962 -0.238251 0.216739 21 233 0
0.587956 -0.243673 0.218449 21 233 0
0.587756 -0.249594 0.218795 21 233 0
0.586047 -0.255297 0.217995 21 233 0
0.582355 -0.259234 0.215965 21 233 0
0.577543 -0.261659 0.213241 21 233 0
0.572553 -0.263003 0.210384 21 233 0
0.567968 -0.260862 0.207714 21 233 0
0.563891 -0.257212 0.205153 21 233 0
0.560224 -0.253572 0.202602 21 233 0
0.559296 -0.2477 0.201639 21 233 0
0.560414 -0.241875 0.201731 21 233 0
0.562582 -0.236407 0.202701 21 233 0
0.567648 -0.234906 0.20553 21 233 0
0.572872 -0.234898 0.208564 21 233 0
0.577369 -0.237433 0.21152 21 233 0
0.579949 -0.242423 0.213399 21 233 0
0.57988 -0.248412 0.213823 21 233 0
0.57864 -0.254231 0.213429 21 233 0
0.575101 -0.258639 0.211609 21 233 0
0.57042 -0.261193 0.209109 21 233 0
0.565475 -0.263137 0.206457 21 233 0
0.560753 -0.260656 0.203706 21 233 0
0.556155 -0.259197 0.200806 21 233 0
0.553307 -0.254245 0.198845 21 233 0
0.552198 -0.248636 0.197913 21 233 0
0.552411 -0.242622 0.19767 21 233 0
0.554678 -0.237934 0.198566 21 233 0
0.557514 -0.235006 0.199826 21 233 0
0.562566 -0.234885 0.202284 21 233 0
0.567459 -0.235624 0.204837 21 233 0
0.570883 -0.238097 0.206901 21 233 0
0.573094 -0.242314 0.208496 21 233 0
0.574199 -0.247678 0.209799 21 233 0
0.57428 -0.253415 0.210745 21 233 0
0.572294 -0.258744 0.210399 21 233 0
0.569537 -0.263604 0.20932 21 233 0
0.564903 -0.266298 0.206841 21 233 0
0.560556 -0.268684 0.204335 21 233 0
0.555654 -0.267436 0.201348 21 233 0
0.551511 -0.264638 0.19868 21 233 0
0.549537 -0.259667 0.197191 21 233 0
0.547956 -0.254345 0.195928 21 233 0
0.550154 -0.249049 0.196709 21 233 0
0.554381 -0.245576 0.198822 21 233 0
0.559064 -0.244456 0.201284 21 233 0
0.56417 -0.244501 0.204367 21 233 0
0.568264 -0.247545 0.207105 21 233 0
0.570708 -0.252545 0.209186 21 233 0
0.572428 -0.257944 0.210717 21 233 0
0.572137 -0.263888 0.211166 21 233 0
0.569564 -0.268744 0.210319 21 233 0
0.566247 -0.273372 0.208869 21 233 0
0.562216 -0.277154 0.206764 21 233 0
0.557298 -0.278773 0.203844 21 233 0
0.55257 -0.277707 0.200832 21 233 0
0.549034 -0.273643 0.198357 21 233 0
0.547295 -0.268233 0.196916 21 233 0
0.547642 -0.262343 0.196541 21 233 0
0.55115 -0.25784 0.198215 21 233 0
0.555219 -0.25455 0.200578 21 233 0
0.560232 -0.254695 0.203813 21 233 0
0.564905 -0.255874 0.206996 21 233 0
0.56741 -0.260484 0.209001 21 233 0
0.569472 -0.265822 0.210655 21 233 0
0.571321 -0.271114 0.212109 21 233 0
0.569321 -0.276671 0.211246 21 233 0
0.567857 -0.282049 0.210816 21 233 0
0.563661 -0.285525 0.208637 21 233 0
0.558816 -0.28764 0.205876 21 233 0
0.553831 -0.288321 0.202797 21 233 0
0.549643 -0.285697 0.199767 21 233 0
0.547121 -0.280752 0.197705 21 233 0
0.54604 -0.275259 0.196621 21 233 0
0.548016 -0.269801 0.197616 21 233 0
0.552133 -0.266656 0.200147 21 233 0
0.556841 -0.264876 0.203239 21 233 0
0.561787 -0.265289 0.206469 21 233 0
0.56576 -0.268259 0.209201 21 233 0
0.568392 -0.273209 0.211235 21 233 0
0.56885 -0.278951 0.211915 21 233 0
0.568723 -0.284911 0.212197 21 233 0
0.566724 -0.290362 0.21134 21 233 0
0.563117 -0.294672 0.209429 21 233 0
0.558907 -0.297883 0.206866 21 233 0
0.554097 -0.298574 0.203799 21 233 0
0.549743 -0.296051 0.200817 21 233 0
0.545935 -0.293115 0.198226 21 233 0
0.545258 -0.287329 0.197345 21 233 0
0.545577 -0.281454 0.197316 21 233 0
0.549012 -0.27746 0.199419 21 233 0
0.553198 -0.274245 0.202159 21 233 0
0.557922 -0.274639 0.205303 21 233 0
0.561941 -0.277769 0.208141 21 233 0
0.565584 -0.281319 0.210695 21 233 0
0.568398 -0.286124 0.212779 21 233 0
0.568189 -0.292084 0.213014 21 233 0
0.56753 -0.297812 0.212853 21 233 0
0.564577 -0.302721 0.211189 21 233 0
0.560733 -0.306137 0.208807 21 233 0
0.556181 -0.308442 0.205793 21 233 0
0.551223 -0.308713 0.202484 22 232 0
0.54719 -0.305962 0.199529 22 232 0
0.544976 -0.301597 0.197749 22 232 0
0.543123 -0.296243 0.196342 22 232 0
0.545227 -0.291514 0.19735 22 232 0
0.548328 -0.287735 0.199277 22 232 0
0.552092 -0.284537 0.201866 22 232 0
0.556815 -0.285412 0.20505 22 232 0
0.56086 -0.288227 0.208044 22 232 0
0.564396 -0.290999 0.210638 22 232 0
0.565933 -0.296384 0.212368 22 232 0
0.565593 -0.302317 0.212903 22 232 0
0.565325 -0.308269 0.213246 22 232 0
0.563243 -0.313604 0.21214 22 232 0
0.558888 -0.316244 0.209425 22 232 0
0.555168 -0.318665 0.206598 22 232 0
0.55046 -0.317993 0.203018 22 232 0
0.546286 -0.316914 0.199401 22 232 0
0.543342 -0.31327 0.196741 22 232 0
0.543511 -0.307466 0.196391 22 232 0
0.543853 -0.302143 0.196539 22 232 0
0.546554 -0.298652 0.198234 22 232 0
0.550543 -0.296262 0.200904 22 232 0
0.555007 -0.296017 0.204189 22 232 0
0.559031 -0.29655 0.207757 22 232 0
0.56111 -0.299754 0.209585 22 232 0
0.563775 -0.302437 0.211665 22 232 0
0.565339 -0.307005 0.213275 22 232 0
0.564741 -0.312875 0.214311 22 232 0
0.564226 -0.318737 0.214498 22 232 0
0.561553 -0.323637 0.213192 22 232 0
0.557867 -0.326325 0.210594 22 232 0
0.554654 -0.328653 0.20721 22 232 0
0.550264 -0.328449 0.203212 22 232 0
0.546174 -0.326972 0.199639 22 232 0
0.542988 -0.32276 0.196826 22 232 0
0.543065 -0.316863 0.196359 22 232 0
0.544755 -0.311236 0.197546 22 232 0
0.547927 -0.306839 0.199973 22 232 0
0.552549 -0.306332 0.203632 22 232 0
0.557075 -0.306792 0.207521 22 232 0
0.561174 -0.309112 0.21094 22 232 0
0.563269 -0.314154 0.213289 22 232 0
0.564378 -0.319702 0.214905 22 232 0
0.563948 -0.325659 0.215415 22 232 0
0.562298 -0.331345 0.214588 22 232 0
0.559707 -0.336269 0.212679 22 232 0
0.555491 -0.338931 0.209407 22 232 0
0.551113 -0.340298 0.205804 22 232 0
0.546634 -0.338777 0.202219 22 232 0
0.543282 -0.335219 0.198902 22 232 0
0.542099 -0.329996 0.197369 22 232 0
0.542512 -0.324025 0.197293 22 232 0
0.545258 -0.319667 0.199341 22 232 0
0.549222 -0.316666 0.202619 22 232 0
0.553791 -0.316153 0.206354 22 232 0
0.558 -0.317628 0.209909 22 232 0
0.561033 -0.321701 0.213077 22 232 0
0.563354 -0.326666 0.215447 22 232 0
0.563554 -0.33248 0.216408 22 232 0
0.562725 -0.338347 0.21631 22 232 0
0.559978 -0.343184 0.214548 22 232 0
0.557144 -0.347942 0.21236 22 232 0
0.552879 -0.3504 0.209171 22 232 0
0.548308 -0.350033 0.205434 22 232 0
0.544248 -0.347529 0.20204 22 232 0
0.541604 -0.342929 0.19933 22 232 0
0.541803 -0.337026 0.19862 22 232 0
0.543543 -0.33164 0.199447 22 232 0
0.547418 -0.328103 0.20222 22 232 0
0.551348 -0.326596 0.20556 22 232 0
0.555615 -0.328352 0.209261 22 232 0
0.559455 -0.330986 0.21301 22 232 0
0.562292 -0.335257 0.215936 22 232 0
0.562856 -0.340936 0.217397 22 232 0
0.561964 -0.34681 0.217535 22 232 0
0.560283 -0.352502 0.216742 22 232 0
0.556834 -0.356537 0.214505 22 232 0
0.553306 -0.360451 0.211837 22 232 0
0.548574 -0.360444 0.208161 22 232 0
0.544387 -0.359147 0.204577 22 232 0
0.540989 -0.355247 0.201563 22 232 0
0.540876 -0.349602 0.2006 22 232 0
0.54215 -0.344018 0.200965 22 232 0
0.545037 -0.339141 0.202885 22 232 0
0.549572 -0.33784 0.206252 22 232 0
0.553725 -0.33714 0.209859 22 232 0
0.557385 -0.340264 0.213434 22 232 0
0.560684 -0.344015 0.216717 22 232 0
0.562062 -0.349384 0.218755 22 232 0
0.561613 -0.355311 0.219437 22 232 0
0.560322 -0.360976 0.219042 22 232 0
0.557551 -0.365919 0.217303 22 232 0
0.553758 -0.369687 0.214612 22 232 0
0.549346 -0.370654 0.211245 22 232 0
0.545022 -0.369848 0.207441 22 232 0
0.541701 -0.366359 0.203875 22 232 0
0.540012 -0.361185 0.201911 22 232 0
0.540211 -0.35521 0.201538 22 232 0
0.542785 -0.350271 0.2032 22 232 0
0.547274 -0.348549 0.206597 22 232 0
0.551777 -0.348273 0.21052 22 232 0
0.555998 -0.34958 0.214436 22 232 0
0.558775 -0.353635 0.217544 22 232 0
0.561215 -0.35845 0.220142 23 231 0
0.561206 -0.364237 0.221163 23 231 0
0.559673 -0.370013 0.22077 23 231 0
0.55735 -0.375313 0.219458 23 231 0
0.554186 -0.379632 0.217157 23 231 0
0.550059 -0.382443 0.213851 23 231 0
0.545662 -0.381374 0.210094 23 231 0
0.542155 -0.378478 0.20656 23 231 0
0.539421 -0.374334 0.20366 23 231 0
0.539765 -0.368557 0.202701 23 231 0
0.541516 -0.363009 0.203486 23 231 0
0.544419 -0.358714 0.205972 23 231 0
0.54888 -0.358326 0.209929 23 231 0
0.553119 -0.358752 0.214116 23 231 0
0.557146 -0.36095 0.217836 23 231 0
0.558976 -0.365963 0.220351 23 231 0
0.560642 -0.371288 0.222361 23 231 0
0.560566 -0.377196 0.222754 23 231 0
0.558642 -0.382321 0.221529 23 231 0
0.555612 -0.386833 0.219052 23 231 0
0.552382 -0.390773 0.216243 23 231 0
0.548621 -0.392119 0.212666 23 231 0
0.544887 -0.390995 0.20875 23 231 0
0.541997 -0.388069 0.206051 23 231 0
0.538995 -0.384363 0.203197 23 231 0
0.539291 -0.378566 0.202811 23 231 0
0.540447 -0.374205 0.203551 23 231 0
0.543419 -0.370093 0.206095 23 231 0
0.546842 -0.368635 0.209615 23 231 0
0.549779 -0.368196 0.213463 23 231 0
0.553187 -0.369747 0.21728 23 231 0
0.557178 -0.371927 0.220329 23 231 0
0.559096 -0.377237 0.221583 23 231 0
0.56057 -0.382703 0.222276 23 231 0
0.559265 -0.388067 0.220988 23 231 0
0.556929 -0.392712 0.218821 23 231 0
0.552924 -0.395545 0.215661 23 231 0
0.548609 -0.396714 0.212057 23 231 0
0.543964 -0.396166 0.208578 23 231 0
0.540634 -0.392633 0.205742 23 231 0
0.538703 -0.387678 0.203883 23 231 0
0.538577 -0.381865 0.203458 23 231 0
0.539681 -0.376242 0.204086 23 231 0
0.542407 -0.371777 0.206132 23 231 0
0.546549 -0.369487 0.209295 23 231 0
0.550135 -0.368196 0.212846 23 231 0
0.553505 -0.368578 0.217132 23 231 0
0.556531 -0.370565 0.219777 23 231 0
0.558505 -0.37377 0.221562 23 231 0
0.560399 -0.377417 0.223493 23 231 0
0.56024 -0.383141 0.223722 23 231 0
0.558324 -0.386891 0.222187 23 231 0
0.555588 -0.390445 0.219283 23 231 0
0.552009 -0.391919 0.215799 23 231 0
0.548029 -0.392097 0.211879 23 231 0
0.544323 -0.388924 0.20858 23 231 0
0.541501 -0.385482 0.205489 23 231 0
0.540177 -0.380265 0.203682 23 231 0
0.539003 -0.374632 0.202237 23 231 0
0.540955 -0.369344 0.202979 23 231 0
0.542574 -0.364045 0.20414 23 231 0
0.546041 -0.360833 0.207096 23 231 0
0.549512 -0.35831 0.210794 23 231 0
0.553782 -0.357794 0.214788 23 231 0
0.557421 -0.35989 0.218631 23 231 0
0.560634 -0.363748 0.221706 23 231 0
0.561006 -0.368987 0.222554 23 231 0
0.560667 -0.374805 0.222656 23 231 0
0.556881 -0.378671 0.220163 23 231 0
0.552569 -0.380698 0.216757 23 231 0
0.548785 -0.38205 0.213239 23 231 0
0.545617 -0.378688 0.209572 23 231 0
0.542744 -0.37537 0.206393 23 231 0
0.540792 -0.370389 0.203771 23 231 0
0.539823 -0.365263 0.202078 23 231 0
0.54174 -0.359619 0.202364 23 231 0
0.544053 -0.354257 0.203739 23 231 0
0.547084 -0.349855 0.206347 23 231 0
0.551131 -0.347024 0.209768 23 231 0
0.554718 -0.348624 0.213146 23 231 0
0.558848 -0.349272 0.21715 23 231 0
0.561353 -0.353568 0.219979 23 231 0
0.562758 -0.35873 0.221856 23 231 0
0.561164 -0.36439 0.221351 23 231 0
0.557326 -0.36818 0.218816 23 231 0
0.553381 -0.37078 0.215332 23 231 0
0.548907 -0.370628 0.211348 23 231 0
0.54535 -0.368189 0.207407 23 231 0
0.542889 -0.363995 0.204206 23 231 0
0.541259 -0.358709 0.20193 23 231 0
0.540737 -0.353091 0.200797 23 231 0
0.542877 -0.347754 0.201393 23 231 0
0.54552 -0.342666 0.203136 23 231 0
0.548896 -0.338436 0.205663 23 231 0
0.553229 -0.336422 0.209121 23 231 0
0.557557 -0.337801 0.213046 23 231 0
0.561426 -0.340695 0.216561 23 231 0
0.563586 -0.345369 0.219445 23 231 0
0.563754 -0.351158 0.220416 23 231 0
0.561111 -0.356113 0.219037 23 231 0
0.55731 -0.359465 0.216068 23 231 0
0.552892 -0.360448 0.212236 23 231 0
0.548439 -0.359799 0.208361 23 231 0
0.545213 -0.356522 0.20507 24 230 0
0.543108 -0.351543 0.202478 24 230 0
0.543048 -0.345804 0.201296 24 230 0
0.543373 -0.339822 0.200777 24 230 0
0.545083 -0.334341 0.201496 24 230 0
0.548781 -0.330529 0.203929 24 230 0
0.552919 -0.327272 0.206832 24 230 0
0.557265 -0.327498 0.210579 24 230 0
0.561325 -0.328752 0.214473 24 230 0
0.563883 -0.333533 0.217054 24 230 0
0.564907 -0.339047 0.218557 24 230 0
0.564285 -0.344728 0.218505 24 230 0
0.560769 -0.348584 0.216008 24 230 0
0.556627 -0.350662 0.212735 24 230 0
0.551933 -0.350323 0.209075 24 230 0
0.548262 -0.347247 0.205499 24 230 0
0.544978 -0.343296 0.202397 24 230 0
0.543674 -0.337844 0.200732 24 230 0
0.543924 -0.331893 0.200093 24 230 0
0.544184 -0.326125 0.199919 24 230 0
0.547996 -0.322117 0.202247 24 230 0
0.552056 -0.319022 0.205207 24 230 0
0.556479 -0.316686 0.208543 24 230 0
0.560963 -0.317314 0.212313 24 230 0
0.564341 -0.320756 0.21533 24 230 0
0.565726 -0.326237 0.217087 24 230 0
0.56602 -0.33211 0.217602 24 230 0
0.563095 -0.336101 0.215665 24 230 0
0.559197 -0.339579 0.212765 24 230 0
0.554683 -0.340494 0.209016 24 230 0
0.550481 -0.338363 0.205506 24 230 0
0.546737 -0.334767 0.202484 24 230 0
0.545256 -0.329243 0.200909 24 230 0
0.543988 -0.323678 0.199333 24 230 0
0.544479 -0.317746 0.199155 24 230 0
0.547289 -0.312803 0.200559 24 230 0
0.551348 -0.309271 0.203126 24 230 0
0.555842 -0.307054 0.206441 24 230 0
0.560626 -0.306613 0.210014 24 230 0
0.564349 -0.309484 0.213253 24 230 0
0.566735 -0.314524 0.215482 24 230 0
0.566779 -0.320307 0.215767 24 230 0
0.564637 -0.325742 0.214363 24 230 0
0.560664 -0.329239 0.211591 24 230 0
0.556199 -0.329757 0.208518 24 230 0
0.551561 -0.328342 0.205107 24 230 0
0.547812 -0.325257 0.202064 24 230 0
0.545459 -0.320205 0.199899 24 230 0
0.544523 -0.31437 0.198799 24 230 0
0.544854 -0.308482 0.198588 24 230 0
0.547856 -0.303562 0.200257 24 230 0
0.551593 -0.299524 0.202662 24 230 0
0.556032 -0.296907 0.205641 24 230 0
0.560962 -0.296346 0.208968 24 230 0
0.565196 -0.298979 0.212182 24 230 0
0.567532 -0.302767 0.214247 24 230 0
0.569113 -0.308196 0.215616 24 230 0
0.566834 -0.313302 0.214416 24 230 0
0.563732 -0.317701 0.212348 24 230 0
0.559132 -0.320025 0.209264 24 230 0
0.554353 -0.318793 0.206034 24 230 0
0.54993 -0.316203 0.202912 24 230 0
0.546544 -0.312311 0.200362 24 230 0
0.545086 -0.306698 0.198888 24 230 0
0.54612 -0.30117 0.198866 24 230 0
0.546257 -0.295203 0.198726 24 230 0
0.550184 -0.291562 0.200959 24 230 0
0.554088 -0.287905 0.203487 24 230 0
0.558665 -0.285583 0.206578 24 230 0
0.563353 -0.286152 0.209761 24 230 0
0.566927 -0.290041 0.21231 24 230 0
0.569336 -0.295261 0.214071 24 230 0
0.569592 -0.300928 0.21449 24 230 0
0.566597 -0.305472 0.212724 24 230 0
0.561932 -0.307818 0.209744 24 230 0
0.556997 -0.308422 0.206441 24 230 0
0.552398 -0.30704 0.203214 24 230 0
0.548958 -0.302881 0.200712 24 230 0
0.546264 -0.298054 0.198683 24 230 0
0.546457 -0.292052 0.198388 24 230 0
0.54761 -0.286379 0.198825 24 230 0
0.550288 -0.281218 0.200354 24 230 0
0.553353 -0.27645 0.202335 24 230 0
0.558336 -0.276097 0.2056 24 230 0
0.563144 -0.276669 0.208831 24 230 0
0.567402 -0.279387 0.211907 24 230 0
0.570319 -0.284135 0.214103 24 230 0
0.56945 -0.289878 0.213894 24 230 0
0.568042 -0.2954 0.213133 24 230 0
0.563969 -0.298671 0.210553 24 230 0
0.558979 -0.29888 0.207209 24 230 0
0.554179 -0.29783 0.203904 24 230 0
0.550103 -0.294502 0.201028 24 230 0
0.547204 -0.289878 0.198793 24 230 0
0.546711 -0.284106 0.197822 24 230 0
0.547273 -0.278182 0.1977 24 230 0
0.549951 -0.272956 0.198898 24 230 0
0.553527 -0.268559 0.200853 24 230 0
0.557897 -0.265586 0.203605 24 230 0
0.562829 -0.264797 0.206804 24 230 0
0.567309 -0.267104 0.20994 24 230 0
0.57115 -0.270634 0.212809 24 230 0
0.570843 -0.276623 0.213244 24 230 0
0.569715 -0.282332 0.213059 24 230 0
0.566096 -0.286483 0.210983 25 229 0
0.561641 -0.288314 0.208197 25 229 0
0.556771 -0.287976 0.204873 25 229 0
0.552614 -0.28495 0.201769 25 229 0
0.549901 -0.280249 0.199416 25 229 0
0.547571 -0.275047 0.197572 25 229 0
0.548068 -0.269374 0.197307 25 229 0
0.549553 -0.263729 0.197727 25 229 0
0.552675 -0.259126 0.199045 25 229 0
0.557161 -0.256756 0.20133 25 229 0
0.561872 -0.254705 0.204092 25 229 0
0.566659 -0.255602 0.207228 25 229 0
0.570634 -0.259007 0.210155 25 229 0
0.57228 -0.264039 0.212062 25 229 0
0.571386 -0.269268 0.212347 25 229 0
0.569255 -0.27433 0.211569 25 229 0
0.564951 -0.277216 0.209204 25 229 0
0.560111 -0.278613 0.206132 25 229 0
0.555934 -0.276645 0.20315 25 229 0
0.552151 -0.273023 0.200349 25 229 0
0.549328 -0.268572 0.198121 25 229 0
0.548662 -0.262819 0.19723 25 229 0
0.54975 -0.25842 0.197399 25 229 0
0.549983 -0.252425 0.197019 25 229 0
0.554508 -0.249379 0.199132 25 229 0
0.558606 -0.245727 0.20092 25 229 0
0.563736 -0.244486 0.203446 25 229 0
0.568646 -0.245458 0.20626 25 229 0
0.571334 -0.248672 0.208276 25 229 0
0.573615 -0.253473 0.210342 25 229 0
0.573422 -0.259036 0.211238 25 229 0
0.570011 -0.263465 0.210072 25 229 0
0.566121 -0.266253 0.208028 25 229 0
0.562925 -0.268644 0.206025 25 229 0
0.558092 -0.267732 0.202833 25 229 0
0.554132 -0.264308 0.200218 25 229 0
0.551783 -0.260256 0.198663 25 229 0
0.549839 -0.256635 0.197329 25 229 0
0.549966 -0.250723 0.196961 25 229 0
0.5502 -0.244828 0.196593 25 229 0
0.552407 -0.241296 0.197486 25 229 0
0.553958 -0.237932 0.198187 25 229 0
0.557754 -0.236198 0.199924 25 229 0
0.562587 -0.234885 0.202248 25 229 0
0.564705 -0.235692 0.203374 25 229 0
0.568692 -0.237687 0.205659 25 229 0
0.572563 -0.239772 0.208056 25 229 0
0.576273 -0.242089 0.210495 25 229 0
0.579985 -0.244392 0.212945 25 229 0
0.583647 -0.246817 0.215342 25 229 0
0.583163 -0.246698 0.216209 25 229 0
0.641725 -0.246942 0.243144 25 229 0
0.642063 -0.247079 0.242213 25 229 0
0.641875 -0.254732 0.242159 25 229 0
0.641641 -0.259948 0.242904 25 229 0
0.641042 -0.265143 0.243612 25 229 0
0.640688 -0.270347 0.244383 25 229 0
0.640491 -0.275557 0.2452 25 229 0
0.640169 -0.280765 0.24598 25 229 0
0.639747 -0.285976 0.246698 25 229 0
0.639245 -0.291187 0.247355 25 229 0
0.638903 -0.296401 0.248059 25 229 0
0.638407 -0.3016 0.248656 25 229 0
0.637261 -0.309331 0.249858 25 229 0
0.636478 -0.314108 0.251144 25 229 0
0.635736 -0.318938 0.252239 25 229 0
0.635053 -0.323783 0.253307 25 229 0
0.634347 -0.328612 0.25443 25 229 0
0.633688 -0.333435 0.255608 25 229 0
0.632963 -0.338262 0.256728 25 229 0
0.632359 -0.3431 0.257874 25 229 0
0.631729 -0.347931 0.259036 25 229 0
0.631135 -0.352773 0.260169 25 229 0
0.630546 -0.357623 0.261271 25 229 0
0.630023 -0.362506 0.262249 25 229 0
0.629459 -0.367379 0.263255 25 229 0
0.628926 -0.372287 0.264089 25 229 0
0.629633 -0.364555 0.263172 25 229 0
0.630254 -0.359777 0.261945 25 229 0
0.630851 -0.355001 0.260701 25 229 0
0.631434 -0.35019 0.259588 25 229 0
0.632049 -0.345395 0.258427 25 229 0
0.632856 -0.340604 0.257369 25 229 0
0.633499 -0.335807 0.256227 25 229 0
0.634203 -0.331018 0.255092 25 229 0
0.634895 -0.326227 0.253954 25 229 0
0.635632 -0.321416 0.252944 25 229 0
0.636551 -0.316637 0.251924 25 229 0
0.637382 -0.308381 0.249727 25 229 0
0.637568 -0.303537 0.248962 25 229 0
0.637892 -0.298702 0.248194 25 229 0
0.638266 -0.293872 0.247413 25 229 0
0.638631 -0.289024 0.246744 25 229 0
0.639014 -0.284175 0.246094 25 229 0
0.639408 -0.279331 0.245414 25 229 0
0.639901 -0.27449 0.244775 25 229 0
0.64038 -0.269647 0.244141 25 229 0
0.640895 -0.26481 0.243494 25 229 0
0.64142 -0.259976 0.24283 25 229 0
0.641859 -0.25513 0.242202 25 229 0
0.643548 -0.232337 0.238652 25 229 0
0.648052 -0.233877 0.240776 25 229 0
0.652388 -0.23551 0.24312 25 229 0
0.655921 -0.238635 0.245543 25 229 0
0.657051 -0.244174 0.246916 26 228 0
0.656744 -0.250066 0.24779 26 228 0
0.655515 -0.255713 0.248057 26 228 0
0.651935 -0.259428 0.247166 26 228 0
0.64762 -0.26235 0.245446 26 228 0
0.642958 -0.259737 0.242976 26 228 0
0.63839 -0.257009 0.240186 26 228 0
0.636442 -0.251921 0.238544 26 228 0
0.63704 -0.245975 0.237933 26 228 0
0.638967 -0.240622 0.23809 26 228 0
0.642457 -0.235863 0.239147 26 228 0
0.647452 -0.234816 0.241206 26 228 0
0.652391 -0.232633 0.243407 26 228 0
0.657297 -0.235018 0.245926 26 228 0
0.66209 -0.237243 0.248538 26 228 0
0.664641 -0.2424 0.250221 26 228 0
0.666274 -0.247838 0.251538 26 228 0
0.666478 -0.253793 0.252299 26 228 0
0.662569 -0.257891 0.250924 26 228 0
0.658237 -0.261627 0.249149 26 228 0
0.653058 -0.262439 0.246718 26 228 0
0.648925 -0.259008 0.244483 26 228 0
0.646005 -0.254137 0.242528 26 228 0
0.644544 -0.248599 0.241122 26 228 0
0.646821 -0.243068 0.241603 26 228 0
0.649458 -0.238102 0.242196 26 228 0
0.654639 -0.235695 0.244007 26 228 0
0.660208 -0.23517 0.245948 26 228 0
0.665648 -0.234601 0.248421 26 228 0
0.670116 -0.237959 0.250564 26 228 0
0.674245 -0.241551 0.252913 26 228 0
0.675962 -0.247031 0.254192 26 228 0
0.674416 -0.252737 0.254052 26 228 0
0.673207 -0.258497 0.254293 26 228 0
0.66829 -0.2614 0.252658 26 228 0
0.662687 -0.262012 0.250968 26 228 0
0.657859 -0.25944 0.248955 26 228 0
0.654577 -0.25526 0.247107 26 228 0
0.653259 -0.24998 0.245792 26 228 0
0.655018 -0.244766 0.245717 26 228 0
0.65755 -0.239691 0.245654 26 228 0
0.661736 -0.236823 0.246785 26 228 0
0.66605 -0.234589 0.247719 26 228 0
0.671113 -0.23401 0.249233 26 228 0
0.674805 -0.236218 0.249782 26 228 0
0.678157 -0.238561 0.251345 26 228 0
0.680899 -0.242647 0.252979 26 228 0
0.683114 -0.24683 0.254844 26 228 0
0.68269 -0.252701 0.255987 26 228 0
0.680301 -0.257845 0.256185 26 228 0
0.677685 -0.262792 0.256438 26 228 0
0.673062 -0.266423 0.255358 26 228 0
0.668181 -0.268517 0.254008 26 228 0
0.662688 -0.267641 0.252037 26 228 0
0.658629 -0.263732 0.250215 26 228 0
0.655337 -0.259926 0.248099 26 228 0
0.654585 -0.254245 0.246729 26 228 0
0.657232 -0.249174 0.247112 26 228 0
0.661559 -0.245577 0.248249 26 228 0
0.667104 -0.244931 0.250134 26 228 0
0.672674 -0.245257 0.25235 26 228 0
0.677177 -0.248302 0.254694 26 228 0
0.680068 -0.25315 0.256574 26 228 0
0.681139 -0.258933 0.25771 26 228 0
0.680505 -0.264884 0.258227 26 228 0
0.678197 -0.270351 0.258073 26 228 0
0.674965 -0.275255 0.257544 26 228 0
0.669955 -0.278103 0.256154 26 228 0
0.664443 -0.278135 0.253778 26 228 0
0.659644 -0.276789 0.251527 26 228 0
0.655908 -0.272498 0.249573 26 228 0
0.654917 -0.267225 0.248688 26 228 0
0.655273 -0.261451 0.248243 26 228 0
0.659336 -0.25751 0.249553 26 228 0
0.663939 -0.25414 0.251435 26 228 0
0.669251 -0.25517 0.253806 26 228 0
0.674211 -0.257432 0.256325 26 228 0
0.676726 -0.262079 0.257712 26 228 0
0.679487 -0.267006 0.259531 26 228 0
0.679342 -0.272987 0.260149 26 228 0
0.678621 -0.278782 0.260412 26 228 0
0.675298 -0.283447 0.259465 26 228 0
0.670356 -0.286434 0.257776 26 228 0
0.665241 -0.288666 0.2556 26 228 0
0.659949 -0.287427 0.253239 26 228 0
0.655575 -0.284046 0.250965 26 228 0
0.653992 -0.278472 0.249913 26 228 0
0.654771 -0.27264 0.249889 26 228 0
0.658178 -0.267943 0.25084 26 228 0
0.663311 -0.265597 0.252927 26 228 0
0.668273 -0.266108 0.255132 26 228 0
0.672768 -0.269309 0.257525 26 228 0
0.677143 -0.272435 0.260106 26 228 0
0.678881 -0.277916 0.261537 26 228 0
0.678682 -0.283878 0.262269 26 228 0
0.67715 -0.2895 0.262285 26 228 0
0.67413 -0.294652 0.261651 26 228 0
0.669648 -0.298149 0.259955 26 228 0
0.664123 -0.298434 0.257603 26 228 0
0.658865 -0.297148 0.255276 26 228 0
0.655072 -0.293042 0.253302 26 228 0
0.652948 -0.287689 0.251731 26 228 0
0.653217 -0.281809 0.251123 26 228 0
0.656898 -0.27724 0.252101 27 227 0
0.662062 -0.276154 0.254182 27 227 0
0.667512 -0.276465 0.256716 27 227 0
0.672249 -0.278741 0.25906 27 227 0
0.675399 -0.283213 0.260923 27 227 0
0.678158 -0.288104 0.26292 27 227 0
0.677872 -0.293891 0.263704 27 227 0
0.676554 -0.299711 0.263969 27 227 0
0.672998 -0.304041 0.263185 27 227 0
0.668087 -0.307164 0.261685 27 227 0
0.662682 -0.308262 0.259785 27 227 0
0.657244 -0.30781 0.257343 27 227 0
0.653254 -0.304058 0.25531 27 227 0
0.651598 -0.298595 0.253852 27 227 0
0.652001 -0.292942 0.253041 27 227 0
0.655766 -0.288754 0.254137 27 227 0
0.660591 -0.286105 0.255692 27 227 0
0.666194 -0.286489 0.257819 27 227 0
0.670665 -0.288879 0.259731 27 227 0
0.674896 -0.292068 0.262078 27 227 0
0.677512 -0.297144 0.26396 27 227 0
0.67699 -0.303045 0.264932 27 227 0
0.676204 -0.308956 0.265649 27 227 0
0.672887 -0.313581 0.265512 27 227 0
0.668085 -0.316614 0.26444 27 227 0
0.662799 -0.318839 0.26308 27 227 0
0.657128 -0.31855 0.261118 27 227 0
0.652863 -0.315521 0.258824 27 227 0
0.650517 -0.310763 0.256694 27 227 0
0.649753 -0.305312 0.255272 27 227 0
0.651783 -0.300558 0.255379 27 227 0
0.655559 -0.298831 0.256473 27 227 0
0.658962 -0.295948 0.257511 27 227 0
0.664082 -0.296216 0.259074 27 227 0
0.668215 -0.297638 0.260425 27 227 0
0.671561 -0.300653 0.261853 27 227 0
0.674555 -0.303169 0.263621 27 227 0
0.676349 -0.308057 0.265261 27 227 0
0.676587 -0.31313 0.266814 27 227 0
0.675005 -0.318639 0.267513 27 227 0
0.671995 -0.323298 0.267311 27 227 0
0.668177 -0.327065 0.266724 27 227 0
0.663109 -0.328908 0.265011 27 227 0
0.657771 -0.328714 0.262952 27 227 0
0.653141 -0.325997 0.260667 27 227 0
0.649604 -0.321698 0.258385 27 227 0
0.648875 -0.316241 0.257255 27 227 0
0.65073 -0.31063 0.257071 27 227 0
0.655484 -0.30785 0.258503 27 227 0
0.660676 -0.30669 0.260516 27 227 0
0.66617 -0.307125 0.262865 27 227 0
0.670374 -0.310712 0.265209 27 227 0
0.67345 -0.315359 0.267404 27 227 0
0.674846 -0.320889 0.268911 27 227 0
0.674653 -0.326794 0.269913 27 227 0
0.671663 -0.33198 0.269424 27 227 0
0.667694 -0.336298 0.268409 27 227 0
0.662612 -0.338938 0.266636 27 227 0
0.657186 -0.340177 0.264404 27 227 0
0.652357 -0.337722 0.262141 27 227 0
0.648348 -0.333865 0.259917 27 227 0
0.647329 -0.328394 0.258885 27 227 0
0.648308 -0.322563 0.258538 27 227 0
0.652767 -0.318878 0.260085 27 227 0
0.6579 -0.316791 0.262119 27 227 0
0.663215 -0.317147 0.2647 27 227 0
0.667267 -0.320865 0.266915 27 227 0
0.67082 -0.324596 0.269519 27 227 0
0.672444 -0.330113 0.271236 27 227 0
0.67135 -0.335559 0.271829 27 227 0
0.668878 -0.341046 0.271713 27 227 0
0.666157 -0.346226 0.271169 27 227 0
0.661012 -0.348634 0.269253 27 227 0
0.655634 -0.350365 0.267183 27 227 0
0.650943 -0.347557 0.264817 27 227 0
0.647158 -0.344039 0.262535 27 227 0
0.645083 -0.338714 0.260653 27 227 0
0.646632 -0.333101 0.260201 27 227 0
0.650314 -0.328802 0.26105 27 227 0
0.655364 -0.326262 0.262947 27 227 0
0.660642 -0.327164 0.265602 27 227 0
0.665372 -0.329469 0.268432 27 227 0
0.668373 -0.333843 0.270924 27 227 0
0.670265 -0.338908 0.27335 27 227 0
0.669451 -0.344832 0.274059 27 227 0
0.667496 -0.350491 0.274643 27 227 0
0.66435 -0.355224 0.274328 27 227 0
0.659527 -0.358454 0.272768 27 227 0
0.654431 -0.360471 0.270772 27 227 0
0.649482 -0.358512 0.268524 27 227 0
0.645515 -0.354925 0.266062 27 227 0
0.643252 -0.349766 0.263947 27 227 0
0.644036 -0.344104 0.26298 27 227 0
0.647346 -0.33933 0.263414 27 227 0
0.652489 -0.336976 0.265172 27 227 0
0.657962 -0.336861 0.267557 27 227 0
0.662299 -0.338927 0.270192 27 227 0
0.665691 -0.343081 0.272848 27 227 0
0.667532 -0.347998 0.275082 27 227 0
0.667991 -0.353762 0.276764 27 227 0
0.666983 -0.359382 0.277955 27 227 0
0.663503 -0.364233 0.277171 27 227 0
0.658737 -0.367638 0.276328 27 227 0
0.653453 -0.369775 0.274417 27 227 0
0.648471 -0.368784 0.272345 28 226 0
0.643972 -0.365644 0.269907 28 226 0
0.641167 -0.361149 0.267586 28 226 0
0.6413 -0.355353 0.266357 28 226 0
0.64385 -0.350788 0.266275 28 226 0
0.648479 -0.347342 0.267879 28 226 0
0.653871 -0.346479 0.270113 28 226 0
0.658812 -0.348435 0.272728 28 226 0
0.662897 -0.351705 0.275476 28 226 0
0.66549 -0.356611 0.277811 28 226 0
0.666375 -0.362349 0.279276 28 226 0
0.664844 -0.368093 0.279839 28 226 0
0.662124 -0.373458 0.279807 28 226 0
0.657268 -0.376342 0.278454 28 226 0
0.652553 -0.379792 0.277148 28 226 0
0.647235 -0.380053 0.274763 28 226 0
0.642684 -0.376893 0.272413 28 226 0
0.639476 -0.372799 0.270314 28 226 0
0.637852 -0.367784 0.268613 28 226 0
0.639835 -0.362448 0.268698 28 226 0
0.644486 -0.35899 0.270276 28 226 0
0.649298 -0.356419 0.272102 28 226 0
0.654567 -0.356539 0.274501 28 226 0
0.659038 -0.359654 0.276853 28 226 0
0.662304 -0.363812 0.278993 28 226 0
0.663782 -0.369445 0.280361 28 226 0
0.664434 -0.374755 0.281615 28 226 0
0.662169 -0.379983 0.281133 28 226 0
0.658726 -0.384727 0.280175 28 226 0
0.654469 -0.388601 0.278514 28 226 0
0.649547 -0.390337 0.276255 28 226 0
0.644889 -0.388657 0.274151 28 226 0
0.640385 -0.386335 0.271835 28 226 0
0.638261 -0.382115 0.270745 28 226 0
0.637004 -0.376656 0.269936 28 226 0
0.639151 -0.371955 0.270877 28 226 0
0.641858 -0.36895 0.271779 28 226 0
0.644765 -0.366735 0.272855 28 226 0
0.649789 -0.366273 0.274838 28 226 0
0.654621 -0.367249 0.277056 28 226 0
0.658692 -0.369863 0.279375 28 226 0
0.662074 -0.374303 0.281406 28 226 0
0.661882 -0.380244 0.281555 28 226 0
0.661789 -0.386302 0.28184 28 226 0
0.658384 -0.39096 0.280274 28 226 0
0.653607 -0.39383 0.277958 28 226 0
0.64837 -0.394306 0.275313 28 226 0
0.643418 -0.39193 0.272871 28 226 0
0.639768 -0.387996 0.271009 28 226 0
0.637217 -0.382679 0.269657 28 226 0
0.638039 -0.376847 0.270006 28 226 0
0.640498 -0.371429 0.27118 28 226 0
0.644909 -0.368295 0.27325 28 226 0
0.649626 -0.366273 0.27512 28 226 0
0.653729 -0.366316 0.276405 28 226 0
0.658208 -0.368106 0.278441 28 226 0
0.661297 -0.371898 0.280111 28 226 0
0.662583 -0.376099 0.281031 28 226 0
0.66259 -0.379939 0.28137 28 226 0
0.660595 -0.384802 0.28096 28 226 0
0.657171 -0.388045 0.279751 28 226 0
0.652385 -0.389821 0.277788 28 226 0
0.647277 -0.390179 0.275363 28 226 0
0.643922 -0.387627 0.273762 28 226 0
0.640342 -0.384879 0.271898 28 226 0
0.63808 -0.379795 0.270498 28 226 0
0.637202 -0.374359 0.269601 28 226 0
0.637883 -0.368554 0.269014 28 226 0
0.640747 -0.363852 0.269446 28 226 0
0.644641 -0.35938 0.270304 28 226 0
0.649277 -0.356409 0.271697 28 226 0
0.654814 -0.355984 0.273843 28 226 0
0.659615 -0.357938 0.276202 28 226 0
0.663391 -0.361362 0.278739 28 226 0
0.664246 -0.366803 0.280041 28 226 0
0.663382 -0.372123 0.280885 28 226 0
0.659312 -0.376428 0.280005 28 226 0
0.654439 -0.378717 0.278352 28 226 0
0.649923 -0.380321 0.276399 28 226 0
0.645371 -0.377357 0.274003 28 226 0
0.641591 -0.373603 0.271457 28 226 0
0.639563 -0.368408 0.269477 28 226 0
0.638121 -0.363338 0.267351 28 226 0
0.640744 -0.35872 0.26722 28 226 0
0.642683 -0.353587 0.266777 28 226 0
0.646886 -0.349453 0.267234 28 226 0
0.651457 -0.346348 0.268359 28 226 0
0.656971 -0.34619 0.270501 28 226 0
0.661904 -0.347432 0.273082 28 226 0
0.665199 -0.351794 0.275468 28 226 0
0.665995 -0.357182 0.277531 28 226 0
0.664847 -0.362957 0.278638 28 226 0
0.661333 -0.367567 0.278209 28 226 0
0.65607 -0.369239 0.276785 28 226 0
0.651281 -0.369333 0.274572 28 226 0
0.646631 -0.367465 0.271795 28 226 0
0.643197 -0.363492 0.269046 28 226 0
0.641327 -0.358378 0.266573 28 226 0
0.641748 -0.352657 0.264931 28 226 0
0.642858 -0.346948 0.263494 28 226 0
0.645733 -0.341751 0.263534 28 226 0
0.650243 -0.337897 0.264254 28 226 0
0.655453 -0.336744 0.265733 28 226 0
0.660945 -0.336984 0.2681 28 226 0
0.665705 -0.338857 0.2709 29 225 0
0.668584 -0.343411 0.273489 29 225 0
0.668066 -0.348825 0.274689 29 225 0
0.665894 -0.354179 0.27522 29 225 0
0.662253 -0.358221 0.274473 29 225 0
0.656764 -0.358818 0.272422 29 225 0
0.651382 -0.358515 0.269814 29 225 0
0.646999 -0.355672 0.266972 29 225 0
0.643916 -0.351279 0.264461 29 225 0
0.642685 -0.345844 0.262415 29 225 0
0.644559 -0.34038 0.261811 29 225 0
0.645602 -0.334576 0.260936 29 225 0
0.649384 -0.329983 0.261178 29 225 0
0.654097 -0.326693 0.26251 29 225 0
0.659427 -0.325172 0.26471 29 225 0
0.664415 -0.327037 0.267074 29 225 0
0.66825 -0.330936 0.269446 29 225 0
0.670989 -0.33545 0.271858 29 225 0
0.6695 -0.341055 0.272108 29 225 0
0.66644 -0.346162 0.271511 29 225 0
0.661923 -0.34903 0.26983 29 225 0
0.656632 -0.348527 0.267274 29 225 0
0.651602 -0.346887 0.264676 29 225 0
0.647718 -0.343169 0.262306 29 225 0
0.646066 -0.337683 0.260734 29 225 0
0.645041 -0.331954 0.259314 29 225 0
0.646997 -0.326777 0.259355 29 225 0
0.650449 -0.321937 0.25981 29 225 0
0.653856 -0.317702 0.260581 29 225 0
0.659269 -0.316644 0.262831 29 225 0
0.66468 -0.316043 0.265332 29 225 0
0.669082 -0.319094 0.2677 29 225 0
0.671266 -0.324442 0.26917 29 225 0
0.671631 -0.329847 0.269967 29 225 0
0.668424 -0.334748 0.268737 29 225 0
0.664213 -0.338361 0.267034 29 225 0
0.65904 -0.339133 0.264776 29 225 0
0.654034 -0.336999 0.262273 29 225 0
0.650465 -0.332845 0.2602 29 225 0
0.648064 -0.32769 0.258375 29 225 0
0.646418 -0.322191 0.25678 29 225 0
0.647642 -0.316562 0.256416 29 225 0
0.651357 -0.312114 0.257612 29 225 0
0.655491 -0.308049 0.259059 29 225 0
0.660298 -0.305448 0.260993 29 225 0
0.66571 -0.304771 0.263434 29 225 0
0.66908 -0.30923 0.265003 29 225 0
0.672457 -0.313161 0.266993 29 225 0
0.67281 -0.319049 0.267597 29 225 0
0.671423 -0.32438 0.267732 29 225 0
0.667253 -0.328387 0.266209 29 225 0
0.661829 -0.328232 0.263704 29 225 0
0.656726 -0.327742 0.26106 29 225 0
0.652491 -0.324377 0.258653 29 225 0
0.649749 -0.319441 0.256834 29 225 0
0.647807 -0.314036 0.255139 29 225 0
0.648281 -0.308136 0.254593 29 225 0
0.650192 -0.302478 0.254842 29 225 0
0.654428 -0.298491 0.256244 29 225 0
0.659317 -0.295501 0.257928 29 225 0
0.664707 -0.294778 0.260085 29 225 0
0.669817 -0.296396 0.262643 29 225 0
0.673048 -0.300868 0.264549 29 225 0
0.674493 -0.306331 0.265847 29 225 0
0.673466 -0.312213 0.266148 29 225 0
0.669888 -0.316834 0.265114 29 225 0
0.664977 -0.318771 0.26301 29 225 0
0.659563 -0.318612 0.260479 29 225 0
0.65462 -0.316534 0.257921 29 225 0
0.651415 -0.311937 0.255931 29 225 0
0.649313 -0.30663 0.254191 29 225 0
0.649198 -0.30081 0.25326 29 225 0
0.650904 -0.295152 0.253142 29 225 0
0.654868 -0.290935 0.254255 29 225 0
0.658502 -0.28675 0.255073 29 225 0
0.663838 -0.285676 0.257304 29 225 0
0.668775 -0.285249 0.259453 29 225 0
0.67317 -0.288473 0.261672 29 225 0
0.675894 -0.293284 0.263453 29 225 0
0.675797 -0.29923 0.264132 29 225 0
0.673504 -0.304612 0.263722 29 225 0
0.668554 -0.307493 0.262006 29 225 0
0.663281 -0.308281 0.259848 29 225 0
0.658395 -0.306585 0.257447 29 225 0
0.653988 -0.303479 0.254925 29 225 0
0.651648 -0.298589 0.25328 29 225 0
0.650359 -0.292923 0.251834 29 225 0
0.651415 -0.287108 0.251385 29 225 0
0.654491 -0.282182 0.251941 29 225 0
0.658558 -0.277986 0.253214 29 225 0
0.663274 -0.275038 0.254868 29 225 0
0.668714 -0.27533 0.257021 29 225 0
0.673679 -0.277614 0.259434 29 225 0
0.676393 -0.28242 0.260973 29 225 0
0.677082 -0.287062 0.262068 29 225 0
0.67606 -0.292672 0.262418 29 225 0
0.67219 -0.297087 0.261318 29 225 0
0.667178 -0.297897 0.259206 29 225 0
0.661937 -0.297671 0.256812 29 225 0
0.657229 -0.294913 0.254395 29 225 0
0.653818 -0.290702 0.252441 29 225 0
0.652798 -0.284994 0.251374 29 225 0
0.653543 -0.279099 0.2507 29 225 0
0.654343 -0.273295 0.250018 30 224 0
0.658038 -0.268944 0.250867 30 224 0
0.662371 -0.265154 0.252479 30 224 0
0.667623 -0.263889 0.254654 30 224 0
0.67276 -0.265498 0.256897 30 224 0
0.676377 -0.26971 0.258619 30 224 0
0.678811 -0.274916 0.260224 30 224 0
0.678162 -0.280419 0.260508 30 224 0
0.675268 -0.285118 0.259979 30 224 0
0.670381 -0.287891 0.25835 30 224 0
0.665026 -0.288668 0.255981 30 224 0
0.66038 -0.285933 0.253751 30 224 0
0.655888 -0.28283 0.251334 30 224 0
0.654044 -0.277498 0.250164 30 224 0
0.653906 -0.271573 0.249439 30 224 0
0.655104 -0.265768 0.249239 30 224 0
0.658051 -0.26066 0.249686 30 224 0
0.661828 -0.256856 0.250537 30 224 0
0.66672 -0.254275 0.252145 30 224 0
0.672266 -0.254616 0.254383 30 224 0
0.676987 -0.257353 0.256502 30 224 0
0.679814 -0.26236 0.258017 30 224 0
0.679928 -0.268052 0.258681 30 224 0
0.678159 -0.273537 0.258868 30 224 0
0.673786 -0.277389 0.257616 30 224 0
0.668487 -0.278037 0.255769 30 224 0
0.663119 -0.2771 0.253522 30 224 0
0.65851 -0.274111 0.251253 30 224 0
0.65562 -0.269214 0.249625 30 224 0
0.653566 -0.263816 0.248145 30 224 0
0.654486 -0.258125 0.247897 30 224 0
0.656593 -0.252897 0.247768 30 224 0
0.660655 -0.249017 0.248544 30 224 0
0.664901 -0.244892 0.249274 30 224 0
0.670457 -0.244454 0.251072 30 224 0
0.675516 -0.245329 0.252661 30 224 0
0.679458 -0.248571 0.254294 30 224 0
0.681239 -0.253688 0.255542 30 224 0
0.681594 -0.258827 0.256977 30 224 0
0.679282 -0.264168 0.257055 30 224 0
0.674825 -0.266785 0.256538 30 224 0
0.669831 -0.268616 0.254813 30 224 0
0.664861 -0.266883 0.253122 30 224 0
0.660505 -0.264578 0.251222 30 224 0
0.657313 -0.26155 0.249595 30 224 0
0.655816 -0.257003 0.248534 30 224 0
0.655305 -0.253553 0.247891 30 224 0
0.654872 -0.248475 0.246568 30 224 0
0.657024 -0.243576 0.246327 30 224 0
0.659896 -0.239955 0.246702 30 224 0
0.662743 -0.237332 0.247039 30 224 0
0.666314 -0.234595 0.247538 30 224 0
0.671197 -0.23401 0.249089 30 224 0
0.668599 -0.235497 0.248311 30 224 0
0.663991 -0.23776 0.247254 30 224 0
0.659345 -0.239882 0.246078 30 224 0
0.654651 -0.241793 0.244749 30 224 0
0.649961 -0.24365 0.243322 30 224 0
0.64527 -0.24542 0.241798 30 224 0
0.644954 -0.245274 0.242735 30 224 0
0.585246 -0.247509 0.217447 30 224 0
0.585717 -0.24761 0.21657 30 224 0
0.585717 -0.24761 0.21657 30 224 0
0.584934 -0.25529 0.217778 30 224 0
0.584971 -0.260331 0.218689 30 224 0
0.58475 -0.265383 0.219516 30 224 0
0.584599 -0.270448 0.220272 30 224 0
0.584574 -0.275527 0.220941 30 224 0
0.584453 -0.280619 0.221472 30 224 0
0.584173 -0.285716 0.221909 30 224 0
0.583921 -0.290818 0.22231 30 224 0
0.58373 -0.295929 0.22262 30 224 0
0.583552 -0.301041 0.222894 30 224 0
0.581845 -0.310816 0.223747 30 224 0
0.580919 -0.315822 0.22426 30 224 0
0.579983 -0.320841 0.224727 30 224 0
0.579146 -0.325871 0.22525 30 224 0
0.578031 -0.330853 0.225724 30 224 0
0.577105 -0.335853 0.22637 30 224 0
0.576196 -0.340858 0.227003 30 224 0
0.575125 -0.34585 0.227463 30 224 0
0.573998 -0.350829 0.227938 30 224 0
0.57311 -0.355842 0.228533 30 224 0
0.572226 -0.36086 0.229103 30 224 0
0.571109 -0.365833 0.229639 30 224 0
0.57022 -0.370843 0.230224 30 224 0
0.571437 -0.363065 0.229474 30 224 0
0.572708 -0.358487 0.229052 30 224 0
0.573687 -0.35385 0.228469 30 224 0
0.574696 -0.349215 0.22793 30 224 0
0.575844 -0.344603 0.227483 30 224 0
0.576754 -0.339943 0.226973 30 224 0
0.577681 -0.335279 0.226539 30 224 0
0.578604 -0.330622 0.226031 30 224 0
0.579533 -0.325966 0.22552 30 224 0
0.580509 -0.321312 0.225097 30 224 0
0.581421 -0.316646 0.224755 30 224 0
0.581918 -0.308617 0.223236 30 224 0
0.582327 -0.303773 0.222817 30 224 0
0.5825 -0.298904 0.222438 30 224 0
0.582728 -0.29404 0.222021 30 224 0
0.582845 -0.289168 0.22164 30 224 0
0.582995 -0.2843 0.221221 30 224 0
0.583163 -0.279437 0.220748 30 224 0
0.58335 -0.274577 0.220264 31 223 0
0.583428 -0.269731 0.21963 31 223 0
0.583743 -0.264898 0.218987 31 223 0
0.583888 -0.260089 0.218175 31 223 0
0.584374 -0.255271 0.217514 31 223 0
0.585228 -0.232458 0.215797 31 223 0
0.58876 -0.23445 0.217687 31 223 0
0.592288 -0.236466 0.219553 31 223 0
0.595646 -0.240625 0.221712 31 223 0
0.596779 -0.246018 0.222819 31 223 0
0.594872 -0.251438 0.222513 31 223 0
0.591751 -0.256362 0.22137 31 223 0
0.587735 -0.26035 0.21963 31 223 0
0.583122 -0.262923 0.217064 31 223 0
0.578318 -0.261329 0.214142 31 223 0
0.573548 -0.260264 0.211056 31 223 0
0.569915 -0.256126 0.208572 31 223 0
0.567575 -0.251051 0.206631 31 223 0
0.567739 -0.24505 0.206161 31 223 0
0.568986 -0.239212 0.206455 31 223 0
0.573075 -0.235759 0.208571 31 223 0
0.577706 -0.232969 0.211225 31 223 0
0.582108 -0.235009 0.214027 31 223 0
0.585962 -0.238251 0.216739 31 223 0
0.587956 -0.243673 0.218449 31 223 0
0.587756 -0.249594 0.218795 31 223 0
0.586047 -0.255297 0.217995 31 223 0
0.582355 -0.259234 0.215965 31 223 0
0.577543 -0.261659 0.213241 31 223 0
0.572553 -0.263003 0.210384 31 223 0
0.567968 -0.260862 0.207714 31 223 0
0.563891 -0.257212 0.205153 31 223 0
0.560224 -0.253572 0.202602 31 223 0
0.559296 -0.2477 0.201639 31 223 0
0.560414 -0.241875 0.201731 31 223 0
0.562582 -0.236407 0.202701 31 223 0
0.567648 -0.234906 0.20553 31 223 0
0.572872 -0.234898 0.208564 31 223 0
0.577369 -0.237433 0.21152 31 223 0
0.579949 -0.242423 0.213399 31 223 0
0.57988 -0.248412 0.213823 31 223 0
0.57864 -0.254231 0.213429 31 223 0
0.575101 -0.258639 0.211609 31 223 0
0.57042 -0.261193 0.209109 31 223 0
0.565475 -0.263137 0.206457 31 223 0
0.560753 -0.260656 0.203706 31 223 0
0.556155 -0.259197 0.200806 31 223 0
0.553307 -0.254245 0.198845 31 223 0
0.552198 -0.248636 0.197913 31 223 0
0.552411 -0.242622 0.19767 31 223 0
0.554678 -0.237934 0.198566 31 223 0
0.557514 -0.235006 0.199826 31 223 0
0.562566 -0.234885 0.202284 31 223 0
0.567459 -0.235624 0.204837 31 223 0
0.570883 -0.238097 0.206901 31 223 0
0.573094 -0.242314 0.208496 31 223 0
0.574199 -0.247678 0.209799 31 223 0
0.57428 -0.253415 0.210745 31 223 0
0.572294 -0.258744 0.210399 31 223 0
0.569537 -0.263604 0.20932 31 223 0
0.564903 -0.266298 0.206841 31 223 0
0.560556 -0.268684 0.204335 31 223 0
0.555654 -0.267436 0.201348 31 223 0
0.551511 -0.264638 0.19868 31 223 0
0.549537 -0.259667 0.197191 31 223 0
0.547956 -0.254345 0.195928 31 223 0
0.550154 -0.249049 0.196709 31 223 0
0.554381 -0.245576 0.198822 31 223 0
0.559064 -0.244456 0.201284 31 223 0
0.56417 -0.244501 0.204367 31 223 0
0.568264 -0.247545 0.207105 31 223 0
0.570708 -0.252545 0.209186 31 223 0
0.572428 -0.257944 0.210717 31 223 0
0.572137 -0.263888 0.211166 31 223 0
0.569564 -0.268744 0.210319 31 223 0
0.566247 -0.273372 0.208869 31 223 0
0.562216 -0.277154 0.206764 31 223 0
0.557298 -0.278773 0.203844 31 223 0
0.55257 -0.277707 0.200832 31 223 0
0.549034 -0.273643 0.198357 31 223 0
0.547295 -0.268233 0.196916 31 223 0
0.547642 -0.262343 0.196541 31 223 0
0.55115 -0.25784 0.198215 31 223 0
0.555219 -0.25455 0.200578 31 223 0
0.560232 -0.254695 0.203813 31 223 0
0.564905 -0.255874 0.206996 31 223 0
0.56741 -0.260484 0.209001 31 223 0
0.569472 -0.265822 0.210655 31 223 0
0.571321 -0.271114 0.212109 31 223 0
0.569321 -0.276671 0.211246 31 223 0
0.567857 -0.282049 0.210816 31 223 0
0.563661 -0.285525 0.208637 31 223 0
0.558816 -0.28764 0.205876 31 223 0
0.553831 -0.288321 0.202797 31 223 0
0.549643 -0.285697 0.199767 31 223 0
0.547121 -0.280752 0.197705 31 223 0
0.54604 -0.275259 0.196621 31 223 0
0.548016 -0.269801 0.197616 31 223 0
0.552133 -0.266656 0.200147 31 223 0
0.556841 -0.264876 0.203239 31 223 0
0.561787 -0.265289 0.206469 31 223 0
0.56576 -0.268259 0.209201 31 223 0
0.568392 -0.273209 0.211235 31 223 0
0.56885 -0.278951 0.211915 32 222 0
0.568723 -0.284911 0.212197 32 222 0
0.566724 -0.290362 0.21134 32 222 0
0.563117 -0.294672 0.209429 32 222 0
0.558907 -0.297883 0.206866 32 222 0
0.554097 -0.298574 0.203799 32 222 0
0.549743 -0.296051 0.200817 32 222 0
0.545935 -0.293115 0.198226 32 222 0
0.545258 -0.287329 0.197345 32 222 0
0.545577 -0.281454 0.197316 32 222 0
0.549012 -0.27746 0.199419 32 222 0
0.553198 -0.274245 0.202159 32 222 0
0.557922 -0.274639 0.205303 32 222 0
0.561941 -0.277769 0.208141 32 222 0
0.565584 -0.281319 0.210695 32 222 0
0.568398 -0.286124 0.212779 32 222 0
0.568189 -0.292084 0.213014 32 222 0
0.56753 -0.297812 0.212853 32 222 0
0.564577 -0.302721 0.211189 32 222 0
0.560733 -0.306137 0.208807 32 222 0
0.556181 -0.308442 0.205793 32 222 0
0.551223 -0.308713 0.202484 32 222 0
0.54719 -0.305962 0.199529 32 222 0
0.544976 -0.301597 0.197749 32 222 0
0.543123 -0.296243 0.196342 32 222 0
0.545227 -0.291514 0.19735 32 222 0
0.548328 -0.287735 0.199277 32 222 0
0.552092 -0.284537 0.201866 32 222 0
0.556815 -0.285412 0.20505 32 222 0
0.56086 -0.288227 0.208044 32 222 0
0.564396 -0.290999 0.210638 32 222 0
0.565933 -0.296384 0.212368 32 222 0
0.565593 -0.302317 0.212903 32 222 0
0.565325 -0.308269 0.213246 32 222 0
0.563243 -0.313604 0.21214 32 222 0
0.558888 -0.316244 0.209425 32 222 0
0.555168 -0.318665 0.206598 32 222 0
0.55046 -0.317993 0.203018 32 222 0
0.546286 -0.316914 0.199401 32 222 0
0.543342 -0.31327 0.196741 32 222 0
0.543511 -0.307466 0.196391 32 222 0
0.543853 -0.302143 0.196539 32 222 0
0.546554 -0.298652 0.198234 32 222 0
0.550543 -0.296262 0.200904 32 222 0
0.555007 -0.296017 0.204189 32 222 0
0.559031 -0.29655 0.207757 32 222 0
0.56111 -0.299754 0.209585 32 222 0
0.563775 -0.302437 0.211665 32 222 0
0.565339 -0.307005 0.213275 32 222 0
0.564741 -0.312875 0.214311 32 222 0
0.564226 -0.318737 0.214498 32 222 0
0.561553 -0.323637 0.213192 32 222 0
0.557867 -0.326325 0.210594 32 222 0
0.554654 -0.328653 0.20721 32 222 0
0.550264 -0.328449 0.203212 32 222 0
0.546174 -0.326972 0.199639 32 222 0
0.542988 -0.32276 0.196826 32 222 0
0.543065 -0.316863 0.196359 32 222 0
0.544755 -0.311236 0.197546 32 222 0
0.547927 -0.306839 0.199973 32 222 0
0.552549 -0.306332 0.203632 32 222 0
0.557075 -0.306792 0.207521 32 222 0
0.561174 -0.309112 0.21094 32 222 0
0.563269 -0.314154 0.213289 32 222 0
0.564378 -0.319702 0.214905 32 222 0
0.563948 -0.325659 0.215415 32 222 0
0.562298 -0.331345 0.214588 32 222 0
0.559707 -0.336269 0.212679 32 222 0
0.555491 -0.338931 0.209407 32 222 0
0.551113 -0.340298 0.205804 32 222 0
0.546634 -0.338777 0.202219 32 222 0
0.543282 -0.335219 0.198902 32 222 0
0.542099 -0.329996 0.197369 32 222 0
0.542512 -0.324025 0.197293 32 222 0
0.545258 -0.319667 0.199341 32 222 0
0.549222 -0.316666 0.202619 32 222 0
0.553791 -0.316153 0.206354 32 222 0
0.558 -0.317628 0.209909 32 222 0
0.561033 -0.321701 0.213077 32 222 0
0.563354 -0.326666 0.215447 32 222 0
0.563554 -0.33248 0.216408 32 222 0
0.562725 -0.338347 0.21631 32 222 0
0.559978 -0.343184 0.214548 32 222 0
0.557144 -0.347942 0.21236 32 222 0
0.552879 -0.3504 0.209171 32 222 0
0.548308 -0.350033 0.205434 32 222 0
0.544248 -0.347529 0.20204 32 222 0
0.541604 -0.342929 0.19933 32 222 0
0.541803 -0.337026 0.19862 32 222 0
0.543543 -0.33164 0.199447 32 222 0
0.547418 -0.328103 0.20222 32 222 0
0.551348 -0.326596 0.20556 32 222 0
0.555615 -0.328352 0.209261 32 222 0
0.559455 -0.330986 0.21301 32 222 0
0.562292 -0.335257 0.215936 32 222 0
0.562856 -0.340936 0.217397 32 222 0
0.561964 -0.34681 0.217535 32 222 0
0.560283 -0.352502 0.216742 32 222 0
0.556834 -0.356537 0.214505 32 222 0
0.553306 -0.360451 0.211837 32 222 0
0.548574 -0.360444 0.208161 32 222 0
0.544387 -0.359147 0.204577 32 222 0
0.540989 -0.355247 0.201563 32 222 0
0.540876 -0.349602 0.2006 32 222 0
0.54215 -0.344018 0.200965 33 221 0
0.545037 -0.339141 0.202885 33 221 0
0.549572 -0.33784 0.206252 33 221 0
0.553725 -0.33714 0.209859 33 221 0
0.557385 -0.340264 0.213434 33 221 0
0.560684 -0.344015 0.216717 33 221 0
0.562062 -0.349384 0.218755 33 221 0
0.561613 -0.355311 0.219437 33 221 0
0.560322 -0.360976 0.219042 33 221 0
0.557551 -0.365919 0.217303 33 221 0
0.553758 -0.369687 0.214612 33 221 0
0.549346 -0.370654 0.211245 33 221 0
0.545022 -0.369848 0.207441 33 221 0
0.541701 -0.366359 0.203875 33 221 0
0.540012 -0.361185 0.201911 33 221 0
0.540211 -0.35521 0.201538 33 221 0
0.542785 -0.350271 0.2032 33 221 0
0.547274 -0.348549 0.206597 33 221 0
0.551777 -0.348273 0.21052 33 221 0
0.555998 -0.34958 0.214436 33 221 0
0.558775 -0.353635 0.217544 33 221 0
0.561215 -0.35845 0.220142 33 221 0
0.561206 -0.364237 0.221163 33 221 0
0.559673 -0.370013 0.22077 33 221 0
0.55735 -0.375313 0.219458 33 221 0
0.554186 -0.379632 0.217157 33 221 0
0.550059 -0.382443 0.213851 33 221 0
0.545662 -0.381374 0.210094 33 221 0
0.542155 -0.378478 0.20656 33 221 0
0.539421 -0.374334 0.20366 33 221 0
0.539765 -0.368557 0.202701 33 221 0
0.541516 -0.363009 0.203486 33 221 0
0.544419 -0.358714 0.205972 33 221 0
0.54888 -0.358326 0.209929 33 221 0
0.553119 -0.358752 0.214116 33 221 0
0.557146 -0.36095 0.217836 33 221 0
0.558976 -0.365963 0.220351 33 221 0
0.560642 -0.371288 0.222361 33 221 0
0.560566 -0.377196 0.222754 33 221 0
0.558642 -0.382321 0.221529 33 221 0
0.555612 -0.386833 0.219052 33 221 0
0.552382 -0.390773 0.216243 33 221 0
0.548621 -0.392119 0.212666 33 221 0
0.544887 -0.390995 0.20875 33 221 0
0.541997 -0.388069 0.206051 33 221 0
0.538995 -0.384363 0.203197 33 221 0
0.539291 -0.378566 0.202811 33 221 0
0.540447 -0.374205 0.203551 33 221 0
0.543419 -0.370093 0.206095 33 221 0
0.546842 -0.368635 0.209615 33 221 0
0.549779 -0.368196 0.213463 33 221 0
0.553187 -0.369747 0.21728 33 221 0
0.557178 -0.371927 0.220329 33 221 0
0.559096 -0.377237 0.221583 33 221 0
0.56057 -0.382703 0.222276 33 221 0
0.559265 -0.388067 0.220988 33 221 0
0.556929 -0.392712 0.218821 33 221 0
0.552924 -0.395545 0.215661 33 221 0
0.548609 -0.396714 0.212057 33 221 0
0.543964 -0.396166 0.208578 33 221 0
0.540634 -0.392633 0.205742 33 221 0
0.538703 -0.387678 0.203883 33 221 0
0.538577 -0.381865 0.203458 33 221 0
0.539681 -0.376242 0.204086 33 221 0
0.542407 -0.371777 0.206132 33 221 0
0.546549 -0.369487 0.209295 33 221 0
0.550135 -0.368196 0.212846 33 221 0
0.553505 -0.368578 0.217132 33 221 0
0.556531 -0.370565 0.219777 33 221 0
0.558505 -0.37377 0.221562 33 221 0
0.560399 -0.377417 0.223493 33 221 0
0.56024 -0.383141 0.223722 33 221 0
0.558324 -0.386891 0.222187 33 221 0
0.555588 -0.390445 0.219283 33 221 0
0.552009 -0.391919 0.215799 33 221 0
0.548029 -0.392097 0.211879 33 221 0
0.544323 -0.388924 0.20858 33 221 0
0.541501 -0.385482 0.205489 33 221 0
0.540177 -0.380265 0.203682 33 221 0
0.539003 -0.374632 0.202237 33 221 0
0.540955 -0.369344 0.202979 33 221 0
0.542574 -0.364045 0.20414 33 221 0
0.546041 -0.360833 0.207096 33 221 0
0.549512 -0.35831 0.210794 33 221 0
0.553782 -0.357794 0.214788 33 221 0
0.557421 -0.35989 0.218631 33 221 0
0.560634 -0.363748 0.221706 33 221 0
0.561006 -0.368987 0.222554 33 221 0
0.560667 -0.374805 0.222656 33 221 0
0.556881 -0.378671 0.220163 33 221 0
0.552569 -0.380698 0.216757 33 221 0
0.548785 -0.38205 0.213239 33 221 0
0.545617 -0.378688 0.209572 33 221 0
0.542744 -0.37537 0.206393 33 221 0
0.540792 -0.370389 0.203771 33 221 0
0.539823 -0.365263 0.202078 33 221 0
0.54174 -0.359619 0.202364 33 221 0
0.544053 -0.354257 0.203739 33 221 0
0.547084 -0.349855 0.206347 33 221 0
0.551131 -0.347024 0.209768 33 221 0
0.554718 -0.348624 0.213146 33 221 0
0.558848 -0.349272 0.21715 33 221 0
0.561353 -0.353568 0.219979 33 221 0
0.562758 -0.35873 0.221856 33 221 0
0.561164 -0.36439 0.221351 34 220 0
0.557326 -0.36818 0.218816 34 220 0
0.553381 -0.37078 0.215332 34 220 0
0.548907 -0.370628 0.211348 34 220 0
0.54535 -0.368189 0.207407 34 220 0
0.542889 -0.363995 0.204206 34 220 0
0.541259 -0.358709 0.20193 34 220 0
0.540737 -0.353091 0.200797 34 220 0
0.542877 -0.347754 0.201393 34 220 0
0.54552 -0.342666 0.203136 34 220 0
0.548896 -0.338436 0.205663 34 220 0
0.553229 -0.336422 0.209121 34 220 0
0.557557 -0.337801 0.213046 34 220 0
0.561426 -0.340695 0.216561 34 220 0
0.563586 -0.345369 0.219445 34 220 0
0.563754 -0.351158 0.220416 34 220 0
0.561111 -0.356113 0.219037 34 220 0
0.55731 -0.359465 0.216068 34 220 0
0.552892 -0.360448 0.212236 34 220 0
0.548439 -0.359799 0.208361 34 220 0
0.545213 -0.356522 0.20507 34 220 0
0.543108 -0.351543 0.202478 34 220 0
0.543048 -0.345804 0.201296 34 220 0
0.543373 -0.339822 0.200777 34 220 0
0.545083 -0.334341 0.201496 34 220 0
0.548781 -0.330529 0.203929 34 220 0
0.552919 -0.327272 0.206832 34 220 0
0.557265 -0.327498 0.210579 34 220 0
0.561325 -0.328752 0.214473 34 220 0
0.563883 -0.333533 0.217054 34 220 0
0.564907 -0.339047 0.218557 34 220 0
0.564285 -0.344728 0.218505 34 220 0
0.560769 -0.348584 0.216008 34 220 0
0.556627 -0.350662 0.212735 34 220 0
0.551933 -0.350323 0.209075 34 220 0
0.548262 -0.347247 0.205499 34 220 0
0.544978 -0.343296 0.202397 34 220 0
0.543674 -0.337844 0.200732 34 220 0
0.543924 -0.331893 0.200093 34 220 0
0.544184 -0.326125 0.199919 34 220 0
0.547996 -0.322117 0.202247 34 220 0
0.552056 -0.319022 0.205207 34 220 0
0.556479 -0.316686 0.208543 34 220 0
0.560963 -0.317314 0.212313 34 220 0
0.564341 -0.320756 0.21533 34 220 0
0.565726 -0.326237 0.217087 34 220 0
0.56602 -0.33211 0.217602 34 220 0
0.563095 -0.336101 0.215665 34 220 0
0.559197 -0.339579 0.212765 34 220 0
0.554683 -0.340494 0.209016 34 220 0
0.550481 -0.338363 0.205506 34 220 0
0.546737 -0.334767 0.202484 34 220 0
0.545256 -0.329243 0.200909 34 220 0
0.543988 -0.323678 0.199333 34 220 0
0.544479 -0.317746 0.199155 34 220 0
0.547289 -0.312803 0.200559 34 220 0
0.551348 -0.309271 0.203126 34 220 0
0.555842 -0.307054 0.206441 34 220 0
0.560626 -0.306613 0.210014 34 220 0
0.564349 -0.309484 0.213253 34 220 0
0.566735 -0.314524 0.215482 34 220 0
0.566779 -0.320307 0.215767 34 220 0
0.564637 -0.325742 0.214363 34 220 0
0.560664 -0.329239 0.211591 34 220 0
0.556199 -0.329757 0.208518 34 220 0
0.551561 -0.328342 0.205107 34 220 0
0.547812 -0.325257 0.202064 34 220 0
0.545459 -0.320205 0.199899 34 220 0
0.544523 -0.31437 0.198799 34 220 0
0.544854 -0.308482 0.198588 34 220 0
0.547856 -0.303562 0.200257 34 220 0
0.551593 -0.299524 0.202662 34 220 0
0.556032 -0.296907 0.205641 34 220 0
0.560962 -0.296346 0.208968 34 220 0
0.565196 -0.298979 0.212182 34 220 0
0.567532 -0.302767 0.214247 34 220 0
0.569113 -0.308196 0.215616 34 220 0
0.566834 -0.313302 0.214416 34 220 0
0.563732 -0.317701 0.212348 34 220 0
0.559132 -0.320025 0.209264 34 220 0
0.554353 -0.318793 0.206034 34 220 0
0.54993 -0.316203 0.202912 34 220 0
0.546544 -0.312311 0.200362 34 220 0
0.545086 -0.306698 0.198888 34 220 0
0.54612 -0.30117 0.198866 34 220 0
0.546257 -0.295203 0.198726 34 220 0
0.550184 -0.291562 0.200959 34 220 0
0.554088 -0.287905 0.203487 34 220 0
0.558665 -0.285583 0.206578 34 220 0
0.563353 -0.286152 0.209761 34 220 0
0.566927 -0.290041 0.21231 34 220 0
0.569336 -0.295261 0.214071 34 220 0
0.569592 -0.300928 0.21449 34 220 0
0.566597 -0.305472 0.212724 34 220 0
0.561932 -0.307818 0.209744 34 220 0
0.556997 -0.308422 0.206441 34 220 0
0.552398 -0.30704 0.203214 34 220 0
0.548958 -0.302881 0.200712 34 220 0
0.546264 -0.298054 0.198683 34 220 0
0.546457 -0.292052 0.198388 34 220 0
0.54761 -0.286379 0.198825 34 220 0
0.550288 -0.281218 0.200354 34 220 0
0.553353 -0.27645 0.202335 34 220 0
0.558336 -0.276097 0.2056 35 219 0
0.563144 -0.276669 0.208831 35 219 0
0.567402 -0.279387 0.211907 35 219 0
0.570319 -0.284135 0.214103 35 219 0
0.56945 -0.289878 0.213894 35 219 0
0.568042 -0.2954 0.213133 35 219 0
0.563969 -0.298671 0.210553 35 219 0
0.558979 -0.29888 0.207209 35 219 0
0.554179 -0.29783 0.203904 35 219 0
0.550103 -0.294502 0.201028 35 219 0
0.547204 -0.289878 0.198793 35 219 0
0.546711 -0.284106 0.197822 35 219 0
0.547273 -0.278182 0.1977 35 219 0
0.549951 -0.272956 0.198898 35 219 0
0.553527 -0.268559 0.200853 35 219 0
0.557897 -0.265586 0.203605 35 219 0
0.562829 -0.264797 0.206804 35 219 0
0.567309 -0.267104 0.20994 35 219 0
0.57115 -0.270634 0.212809 35 219 0
0.570843 -0.276623 0.213244 35 219 0
0.569715 -0.282332 0.213059 35 219 0
0.566096 -0.286483 0.210983 35 219 0
0.561641 -0.288314 0.208197 35 219 0
0.556771 -0.287976 0.204873 35 219 0
0.552614 -0.28495 0.201769 35 219 0
0.549901 -0.280249 0.199416 35 219 0
0.547571 -0.275047 0.197572 35 219 0
0.548068 -0.269374 0.197307 35 219 0
0.549553 -0.263729 0.197727 35 219 0
0.552675 -0.259126 0.199045 35 219 0
0.557161 -0.256756 0.20133 35 219 0
0.561872 -0.254705 0.204092 35 219 0
0.566659 -0.255602 0.207228 35 219 0
0.570634 -0.259007 0.210155 35 219 0
0.57228 -0.264039 0.212062 35 219 0
0.571386 -0.269268 0.212347 35 219 0
0.569255 -0.27433 0.211569 35 219 0
0.564951 -0.277216 0.209204 35 219 0
0.560111 -0.278613 0.206132 35 219 0
0.555934 -0.276645 0.20315 35 219 0
0.552151 -0.273023 0.200349 35 219 0
0.549328 -0.268572 0.198121 35 219 0
0.548662 -0.262819 0.19723 35 219 0
0.54975 -0.25842 0.197399 35 219 0
0.549983 -0.252425 0.197019 35 219 0
0.554508 -0.249379 0.199132 35 219 0
0.558606 -0.245727 0.20092 35 219 0
0.563736 -0.244486 0.203446 35 219 0
0.568646 -0.245458 0.20626 35 219 0
0.571334 -0.248672 0.208276 35 219 0
0.573615 -0.253473 0.210342 35 219 0
0.573422 -0.259036 0.211238 35 219 0
0.570011 -0.263465 0.210072 35 219 0
0.566121 -0.266253 0.208028 35 219 0
0.562925 -0.268644 0.206025 35 219 0
0.558092 -0.267732 0.202833 35 219 0
0.554132 -0.264308 0.200218 35 219 0
0.551783 -0.260256 0.198663 35 219 0
0.549839 -0.256635 0.197329 35 219 0
0.549966 -0.250723 0.196961 35 219 0
0.5502 -0.244828 0.196593 35 219 0
0.552407 -0.241296 0.197486 35 219 0
0.553958 -0.237932 0.198187 35 219 0
0.557754 -0.236198 0.199924 35 219 0
0.562587 -0.234885 0.202248 35 219 0
0.564705 -0.235692 0.203374 35 219 0
0.568692 -0.237687 0.205659 35 219 0
0.572563 -0.239772 0.208056 35 219 0
0.576273 -0.242089 0.210495 35 219 0
0.579985 -0.244392 0.212945 35 219 0
0.583647 -0.246817 0.215342 35 219 0
0.583163 -0.246698 0.216209 35 219 0
0.641725 -0.246942 0.243144 35 219 0
0.642063 -0.247079 0.242213 35 219 0
0.641875 -0.254732 0.242159 35 219 0
0.641641 -0.259948 0.242904 35 219 0
0.641042 -0.265143 0.243612 35 219 0
0.640688 -0.270347 0.244383 35 219 0
0.640491 -0.275557 0.2452 35 219 0
0.640169 -0.280765 0.24598 35 219 0
0.639747 -0.285976 0.246698 35 219 0
0.639245 -0.291187 0.247355 35 219 0
0.638903 -0.296401 0.248059 35 219 0
0.638407 -0.3016 0.248656 35 219 0
0.637261 -0.309331 0.249858 35 219 0
0.636478 -0.314108 0.251144 35 219 0
0.635736 -0.318938 0.252239 35 219 0
0.635053 -0.323783 0.253307 35 219 0
0.634347 -0.328612 0.25443 35 219 0
0.633688 -0.333435 0.255608 35 219 0
0.632963 -0.338262 0.256728 35 219 0
0.632359 -0.3431 0.257874 35 219 0
0.631729 -0.347931 0.259036 35 219 0
0.631135 -0.352773 0.260169 35 219 0
0.630546 -0.357623 0.261271 35 219 0
0.630023 -0.362506 0.262249 35 219 0
0.629459 -0.367379 0.263255 35 219 0
0.628926 -0.372287 0.264089 35 219 0
0.629633 -0.364555 0.263172 35 219 0
0.630254 -0.359777 0.261945 35 219 0
0.630851 -0.355001 0.260701 35 219 0
0.631434 -0.35019 0.259588 35 219 0
0.632049 -0.345395 0.258427 35 219 0
0.632856 -0.340604 0.257369 35 219 0
0.633499 -0.335807 0.256227 36 218 0
0.634203 -0.331018 0.255092 36 218 0
0.634895 -0.326227 0.253954 36 218 0
0.635632 -0.321416 0.252944 36 218 0
0.636551 -0.316637 0.251924 36 218 0
0.637382 -0.308381 0.249727 36 218 0
0.637568 -0.303537 0.248962 36 218 0
0.637892 -0.298702 0.248194 36 218 0
0.638266 -0.293872 0.247413 36 218 0
0.638631 -0.289024 0.246744 36 218 0
0.639014 -0.284175 0.246094 36 218 0
0.639408 -0.279331 0.245414 36 218 0
0.639901 -0.27449 0.244775 36 218 0
0.64038 -0.269647 0.244141 36 218 0
0.640895 -0.26481 0.243494 36 218 0
0.64142 -0.259976 0.24283 36 218 0
0.641859 -0.25513 0.242202 36 218 0
0.643548 -0.232337 0.238652 36 218 0
0.648052 -0.233877 0.240776 36 218 0
0.652388 -0.23551 0.24312 36 218 0
0.655921 -0.238635 0.245543 36 218 0
0.657051 -0.244174 0.246916 36 218 0
0.656744 -0.250066 0.24779 36 218 0
0.655515 -0.255713 0.248057 36 218 0
0.651935 -0.259428 0.247166 36 218 0
0.64762 -0.26235 0.245446 36 218 0
0.642958 -0.259737 0.242976 36 218 0
0.63839 -0.257009 0.240186 36 218 0
0.636442 -0.251921 0.238544 36 218 0
0.63704 -0.245975 0.237933 36 218 0
0.638967 -0.240622 0.23809 36 218 0
0.642457 -0.235863 0.239147 36 218 0
0.647452 -0.234816 0.241206 36 218 0
0.652391 -0.232633 0.243407 36 218 0
0.657297 -0.235018 0.245926 36 218 0
0.66209 -0.237243 0.248538 36 218 0
0.664641 -0.2424 0.250221 36 218 0
0.666274 -0.247838 0.251538 36 218 0
0.666478 -0.253793 0.252299 36 218 0
0.662569 -0.257891 0.250924 36 218 0
0.658237 -0.261627 0.249149 36 218 0
0.653058 -0.262439 0.246718 36 218 0
0.648925 -0.259008 0.244483 36 218 0
0.646005 -0.254137 0.242528 36 218 0
0.644544 -0.248599 0.241122 36 218 0
0.646821 -0.243068 0.241603 36 218 0
0.649458 -0.238102 0.242196 36 218 0
0.654639 -0.235695 0.244007 36 218 0
0.660208 -0.23517 0.245948 36 218 0
0.665648 -0.234601 0.248421 36 218 0
0.670116 -0.237959 0.250564 36 218 0
0.674245 -0.241551 0.252913 36 218 0
0.675962 -0.247031 0.254192 36 218 0
0.674416 -0.252737 0.254052 36 218 0
0.673207 -0.258497 0.254293 36 218 0
0.66829 -0.2614 0.252658 36 218 0
0.662687 -0.262012 0.250968 36 218 0
0.657859 -0.25944 0.248955 36 218 0
0.654577 -0.25526 0.247107 36 218 0
0.653259 -0.24998 0.245792 36 218 0
0.655018 -0.244766 0.245717 36 218 0
0.65755 -0.239691 0.245654 36 218 0
0.661736 -0.236823 0.246785 36 218 0
0.66605 -0.234589 0.247719 36 218 0
0.671113 -0.23401 0.249233 36 218 0
0.674805 -0.236218 0.249782 36 218 0
0.678157 -0.238561 0.251345 36 218 0
0.680899 -0.242647 0.252979 36 218 0
0.683114 -0.24683 0.254844 36 218 0
0.68269 -0.252701 0.255987 36 218 0
0.680301 -0.257845 0.256185 36 218 0
0.677685 -0.262792 0.256438 36 218 0
0.673062 -0.266423 0.255358 36 218 0
0.668181 -0.268517 0.254008 36 218 0
0.662688 -0.267641 0.252037 36 218 0
0.658629 -0.263732 0.250215 36 218 0
0.655337 -0.259926 0.248099 36 218 0
0.654585 -0.254245 0.246729 36 218 0
0.657232 -0.249174 0.247112 36 218 0
0.661559 -0.245577 0.248249 36 218 0
0.667104 -0.244931 0.250134 36 218 0
0.672674 -0.245257 0.25235 36 218 0
0.677177 -0.248302 0.254694 36 218 0
0.680068 -0.25315 0.256574 36 218 0
0.681139 -0.258933 0.25771 36 218 0
0.680505 -0.264884 0.258227 36 218 0
0.678197 -0.270351 0.258073 36 218 0
0.674965 -0.275255 0.257544 36 218 0
0.669955 -0.278103 0.256154 36 218 0
0.664443 -0.278135 0.253778 36 218 0
0.659644 -0.276789 0.251527 36 218 0
0.655908 -0.272498 0.249573 36 218 0
0.654917 -0.267225 0.248688 36 218 0
0.655273 -0.261451 0.248243 36 218 0
0.659336 -0.25751 0.249553 36 218 0
0.663939 -0.25414 0.251435 36 218 0
0.669251 -0.25517 0.253806 36 218 0
0.674211 -0.257432 0.256325 36 218 0
0.676726 -0.262079 0.257712 36 218 0
0.679487 -0.267006 0.259531 36 218 0
0.679342 -0.272987 0.260149 36 218 0
0.678621 -0.278782 0.260412 36 218 0
0.675298 -0.283447 0.259465 36 218 0
0.670356 -0.286434 0.257776 36 218 0
0.665241 -0.288666 0.2556 37 217 0
0.659949 -0.287427 0.253239 37 217 0
0.655575 -0.284046 0.250965 37 217 0
0.653992 -0.278472 0.249913 37 217 0
0.654771 -0.27264 0.249889 37 217 0
0.658178 -0.267943 0.25084 37 217 0
0.663311 -0.265597 0.252927 37 217 0
0.668273 -0.266108 0.255132 37 217 0
0.672768 -0.269309 0.257525 37 217 0
0.677143 -0.272435 0.260106 37 217 0
0.678881 -0.277916 0.261537 37 217 0
0.678682 -0.283878 0.262269 37 217 0
0.67715 -0.2895 0.262285 37 217 0
0.67413 -0.294652 0.261651 37 217 0
0.669648 -0.298149 0.259955 37 217 0
0.664123 -0.298434 0.257603 37 217 0
0.658865 -0.297148 0.255276 37 217 0
0.655072 -0.293042 0.253302 37 217 0
0.652948 -0.287689 0.251731 37 217 0
0.653217 -0.281809 0.251123 37 217 0
0.656898 -0.27724 0.252101 37 217 0
0.662062 -0.276154 0.254182 37 217 0
0.667512 -0.276465 0.256716 37 217 0
0.672249 -0.278741 0.25906 37 217 0
0.675399 -0.283213 0.260923 37 217 0
0.678158 -0.288104 0.26292 37 217 0
0.677872 -0.293891 0.263704 37 217 0
0.676554 -0.299711 0.263969 37 217 0
0.672998 -0.304041 0.263185 37 217 0
0.668087 -0.307164 0.261685 37 217 0
0.662682 -0.308262 0.259785 37 217 0
0.657244 -0.30781 0.257343 37 217 0
0.653254 -0.304058 0.25531 37 217 0
0.651598 -0.298595 0.253852 37 217 0
0.652001 -0.292942 0.253041 37 217 0
0.655766 -0.288754 0.254137 37 217 0
0.660591 -0.286105 0.255692 37 217 0
0.666194 -0.286489 0.257819 37 217 0
0.670665 -0.288879 0.259731 37 217 0
0.674896 -0.292068 0.262078 37 217 0
0.677512 -0.297144 0.26396 37 217 0
0.67699 -0.303045 0.264932 37 217 0
0.676204 -0.308956 0.265649 37 217 0
0.672887 -0.313581 0.265512 37 217 0
0.668085 -0.316614 0.26444 37 217 0
0.662799 -0.318839 0.26308 37 217 0
0.657128 -0.31855 0.261118 37 217 0
0.652863 -0.315521 0.258824 37 217 0
0.650517 -0.310763 0.256694 37 217 0
0.649753 -0.305312 0.255272 37 217 0
0.651783 -0.300558 0.255379 37 217 0
0.655559 -0.298831 0.256473 37 217 0
0.658962 -0.295948 0.257511 37 217 0
0.664082 -0.296216 0.259074 37 217 0
0.668215 -0.297638 0.260425 37 217 0
0.671561 -0.300653 0.261853 37 217 0
0.674555 -0.303169 0.263621 37 217 0
0.676349 -0.308057 0.265261 37 217 0
0.676587 -0.31313 0.266814 37 217 0
0.675005 -0.318639 0.267513 37 217 0
0.671995 -0.323298 0.267311 37 217 0
0.668177 -0.327065 0.266724 37 217 0
0.663109 -0.328908 0.265011 37 217 0
0.657771 -0.328714 0.262952 37 217 0
0.653141 -0.325997 0.260667 37 217 0
0.649604 -0.321698 0.258385 37 217 0
0.648875 -0.316241 0.257255 37 217 0
0.65073 -0.31063 0.257071 37 217 0
0.655484 -0.30785 0.258503 37 217 0
0.660676 -0.30669 0.260516 37 217 0
0.66617 -0.307125 0.262865 37 217 0
0.670374 -0.310712 0.265209 37 217 0
0.67345 -0.315359 0.267404 37 217 0
0.674846 -0.320889 0.268911 37 217 0
0.674653 -0.326794 0.269913 37 217 0
0.671663 -0.33198 0.269424 37 217 0
0.667694 -0.336298 0.268409 37 217 0
0.662612 -0.338938 0.266636 37 217 0
0.657186 -0.340177 0.264404 37 217 0
0.652357 -0.337722 0.262141 37 217 0
0.648348 -0.333865 0.259917 37 217 0
0.647329 -0.328394 0.258885 37 217 0
0.648308 -0.322563 0.258538 37 217 0
0.652767 -0.318878 0.260085 37 217 0
0.6579 -0.316791 0.262119 37 217 0
0.663215 -0.317147 0.2647 37 217 0
0.667267 -0.320865 0.266915 37 217 0
0.67082 -0.324596 0.269519 37 217 0
0.672444 -0.330113 0.271236 37 217 0
0.67135 -0.335559 0.271829 37 217 0
0.668878 -0.341046 0.271713 37 217 0
0.666157 -0.346226 0.271169 37 217 0
0.661012 -0.348634 0.269253 37 217 0
0.655634 -0.350365 0.267183 37 217 0
0.650943 -0.347557 0.264817 37 217 0
0.647158 -0.344039 0.262535 37 217 0
0.645083 -0.338714 0.260653 37 217 0
0.646632 -0.333101 0.260201 37 217 0
0.650314 -0.328802 0.26105 37 217 0
0.655364 -0.326262 0.262947 37 217 0
0.660642 -0.327164 0.265602 37 217 0
0.665372 -0.329469 0.268432 37 217 0
0.668373 -0.333843 0.270924 37 217 0
0.670265 -0.338908 0.27335 38 216 0
0.669451 -0.344832 0.274059 38 216 0
0.667496 -0.350491 0.274643 38 216 0
0.66435 -0.355224 0.274328 38 216 0
0.659527 -0.358454 0.272768 38 216 0
0.654431 -0.360471 0.270772 38 216 0
0.649482 -0.358512 0.268524 38 216 0
0.645515 -0.354925 0.266062 38 216 0
0.643252 -0.349766 0.263947 38 216 0
0.644036 -0.344104 0.26298 38 216 0
0.647346 -0.33933 0.263414 38 216 0
0.652489 -0.336976 0.265172 38 216 0
0.657962 -0.336861 0.267557 38 216 0
0.662299 -0.338927 0.270192 38 216 0
0.665691 -0.343081 0.272848 38 216 0
0.667532 -0.347998 0.275082 38 216 0
0.667991 -0.353762 0.276764 38 216 0
0.666983 -0.359382 0.277955 38 216 0
0.663503 -0.364233 0.277171 38 216 0
0.658737 -0.367638 0.276328 38 216 0
0.653453 -0.369775 0.274417 38 216 0
0.648471 -0.368784 0.272345 38 216 0
0.643972 -0.365644 0.269907 38 216 0
0.641167 -0.361149 0.267586 38 216 0
0.6413 -0.355353 0.266357 38 216 0
0.64385 -0.350788 0.266275 38 216 0
0.648479 -0.347342 0.267879 38 216 0
0.653871 -0.346479 0.270113 38 216 0
0.658812 -0.348435 0.272728 38 216 0
0.662897 -0.351705 0.275476 38 216 0
0.66549 -0.356611 0.277811 38 216 0
0.666375 -0.362349 0.279276 38 216 0
0.664844 -0.368093 0.279839 38 216 0
0.662124 -0.373458 0.279807 38 216 0
0.657268 -0.376342 0.278454 38 216 0
0.652553 -0.379792 0.277148 38 216 0
0.647235 -0.380053 0.274763 38 216 0
0.642684 -0.376893 0.272413 38 216 0
0.639476 -0.372799 0.270314 38 216 0
0.637852 -0.367784 0.268613 38 216 0
0.639835 -0.362448 0.268698 38 216 0
0.644486 -0.35899 0.270276 38 216 0
0.649298 -0.356419 0.272102 38 216 0
0.654567 -0.356539 0.274501 38 216 0
0.659038 -0.359654 0.276853 38 216 0
0.662304 -0.363812 0.278993 38 216 0
0.663782 -0.369445 0.280361 38 216 0
0.664434 -0.374755 0.281615 38 216 0
0.662169 -0.379983 0.281133 38 216 0
0.658726 -0.384727 0.280175 38 216 0
0.654469 -0.388601 0.278514 38 216 0
0.649547 -0.390337 0.276255 38 216 0
0.644889 -0.388657 0.274151 38 216 0
0.640385 -0.386335 0.271835 38 216 0
0.638261 -0.382115 0.270745 38 216 0
0.637004 -0.376656 0.269936 38 216 0
0.639151 -0.371955 0.270877 38 216 0
0.641858 -0.36895 0.271779 38 216 0
0.644765 -0.366735 0.272855 38 216 0
0.649789 -0.366273 0.274838 38 216 0
0.654621 -0.367249 0.277056 38 216 0
0.658692 -0.369863 0.279375 38 216 0
0.662074 -0.374303 0.281406 38 216 0
0.661882 -0.380244 0.281555 38 216 0
0.661789 -0.386302 0.28184 38 216 0
0.658384 -0.39096 0.280274 38 216 0
0.653607 -0.39383 0.277958 38 216 0
0.64837 -0.394306 0.275313 38 216 0
0.643418 -0.39193 0.272871 38 216 0
0.639768 -0.387996 0.271009 38 216 0
0.637217 -0.382679 0.269657 38 216 0
0.638039 -0.376847 0.270006 38 216 0
0.640498 -0.371429 0.27118 38 216 0
0.644909 -0.368295 0.27325 38 216 0
0.649626 -0.366273 0.27512 38 216 0
0.653729 -0.366316 0.276405 38 216 0
0.658208 -0.368106 0.278441 38 216 0
0.661297 -0.371898 0.280111 38 216 0
0.662583 -0.376099 0.281031 38 216 0
0.66259 -0.379939 0.28137 38 216 0
0.660595 -0.384802 0.28096 38 216 0
0.657171 -0.388045 0.279751 38 216 0
0.652385 -0.389821 0.277788 38 216 0
0.647277 -0.390179 0.275363 38 216 0
0.643922 -0.387627 0.273762 38 216 0
0.640342 -0.384879 0.271898 38 216 0
0.63808 -0.379795 0.270498 38 216 0
0.637202 -0.374359 0.269601 38 216 0
0.637883 -0.368554 0.269014 38 216 0
0.640747 -0.363852 0.269446 38 216 0
0.644641 -0.35938 0.270304 38 216 0
0.649277 -0.356409 0.271697 38 216 0
0.654814 -0.355984 0.273843 38 216 0
0.659615 -0.357938 0.276202 38 216 0
0.663391 -0.361362 0.278739 38 216 0
0.664246 -0.366803 0.280041 38 216 0
0.663382 -0.372123 0.280885 38 216 0
0.659312 -0.376428 0.280005 38 216 0
0.654439 -0.378717 0.278352 38 216 0
0.649923 -0.380321 0.276399 38 216 0
0.645371 -0.377357 0.274003 38 216 0
0.641591 -0.373603 0.271457 38 216 0
0.639563 -0.368408 0.269477 38 216 0
0.638121 -0.363338 0.267351 38 216 0
0.640744 -0.35872 0.26722 39 215 0
0.642683 -0.353587 0.266777 39 215 0
0.646886 -0.349453 0.267234 39 215 0
0.651457 -0.346348 0.268359 39 215 0
0.656971 -0.34619 0.270501 39 215 0
0.661904 -0.347432 0.273082 39 215 0
0.665199 -0.351794 0.275468 39 215 0
0.665995 -0.357182 0.277531 39 215 0
0.664847 -0.362957 0.278638 39 215 0
0.661333 -0.367567 0.278209 39 215 0
0.65607 -0.369239 0.276785 39 215 0
0.651281 -0.369333 0.274572 39 215 0
0.646631 -0.367465 0.271795 39 215 0
0.643197 -0.363492 0.269046 39 215 0
0.641327 -0.358378 0.266573 39 215 0
0.641748 -0.352657 0.264931 39 215 0
0.642858 -0.346948 0.263494 39 215 0
0.645733 -0.341751 0.263534 39 215 0
0.650243 -0.337897 0.264254 39 215 0
0.655453 -0.336744 0.265733 39 215 0
0.660945 -0.336984 0.2681 39 215 0
0.665705 -0.338857 0.2709 39 215 0
0.668584 -0.343411 0.273489 39 215 0
0.668066 -0.348825 0.274689 39 215 0
0.665894 -0.354179 0.27522 39 215 0
0.662253 -0.358221 0.274473 39 215 0
0.656764 -0.358818 0.272422 39 215 0
0.651382 -0.358515 0.269814 39 215 0
0.646999 -0.355672 0.266972 39 215 0
0.643916 -0.351279 0.264461 39 215 0
0.642685 -0.345844 0.262415 39 215 0
0.644559 -0.34038 0.261811 39 215 0
0.645602 -0.334576 0.260936 39 215 0
0.649384 -0.329983 0.261178 39 215 0
0.654097 -0.326693 0.26251 39 215 0
0.659427 -0.325172 0.26471 39 215 0
0.664415 -0.327037 0.267074 39 215 0
0.66825 -0.330936 0.269446 39 215 0
0.670989 -0.33545 0.271858 39 215 0
0.6695 -0.341055 0.272108 39 215 0
0.66644 -0.346162 0.271511 39 215 0
0.661923 -0.34903 0.26983 39 215 0
0.656632 -0.348527 0.267274 39 215 0
0.651602 -0.346887 0.264676 39 215 0
0.647718 -0.343169 0.262306 39 215 0
0.646066 -0.337683 0.260734 39 215 0
0.645041 -0.331954 0.259314 39 215 0
0.646997 -0.326777 0.259355 39 215 0
0.650449 -0.321937 0.25981 39 215 0
0.653856 -0.317702 0.260581 39 215 0
0.659269 -0.316644 0.262831 39 215 0
0.66468 -0.316043 0.265332 39 215 0
0.669082 -0.319094 0.2677 39 215 0
0.671266 -0.324442 0.26917 39 215 0
0.671631 -0.329847 0.269967 39 215 0
0.668424 -0.334748 0.268737 39 215 0
0.664213 -0.338361 0.267034 39 215 0
0.65904 -0.339133 0.264776 39 215 0
0.654034 -0.336999 0.262273 39 215 0
0.650465 -0.332845 0.2602 39 215 0
0.648064 -0.32769 0.258375 39 215 0
0.646418 -0.322191 0.25678 39 215 0
0.647642 -0.316562 0.256416 39 215 0
0.651357 -0.312114 0.257612 39 215 0
0.655491 -0.308049 0.259059 39 215 0
0.660298 -0.305448 0.260993 39 215 0
0.66571 -0.304771 0.263434 39 215 0
0.66908 -0.30923 0.265003 39 215 0
0.672457 -0.313161 0.266993 39 215 0
0.67281 -0.319049 0.267597 39 215 0
0.671423 -0.32438 0.267732 39 215 0
0.667253 -0.328387 0.266209 39 215 0
0.661829 -0.328232 0.263704 39 215 0
0.656726 -0.327742 0.26106 39 215 0
0.652491 -0.324377 0.258653 39 215 0
0.649749 -0.319441 0.256834 39 215 0
0.647807 -0.314036 0.255139 39 215 0
0.648281 -0.308136 0.254593 39 215 0
0.650192 -0.302478 0.254842 39 215 0
0.654428 -0.298491 0.256244 39 215 0
0.659317 -0.295501 0.257928 39 215 0
0.664707 -0.294778 0.260085 39 215 0
0.669817 -0.296396 0.262643 39 215 0
0.673048 -0.300868 0.264549 39 215 0
0.674493 -0.306331 0.265847 39 215 0
0.673466 -0.312213 0.266148 39 215 0
0.669888 -0.316834 0.265114 39 215 0
0.664977 -0.318771 0.26301 39 215 0
0.659563 -0.318612 0.260479 39 215 0
0.65462 -0.316534 0.257921 39 215 0
0.651415 -0.311937 0.255931 39 215 0
0.649313 -0.30663 0.254191 39 215 0
0.649198 -0.30081 0.25326 39 215 0
0.650904 -0.295152 0.253142 39 215 0
0.654868 -0.290935 0.254255 39 215 0
0.658502 -0.28675 0.255073 39 215 0
0.663838 -0.285676 0.257304 39 215 0
0.668775 -0.285249 0.259453 39 215 0
0.67317 -0.288473 0.261672 39 215 0
0.675894 -0.293284 0.263453 39 215 0
0.675797 -0.29923 0.264132 39 215 0
0.673504 -0.304612 0.263722 39 215 0
0.668554 -0.307493 0.262006 39 215 0
0.663281 -0.308281 0.259848 40 214 0
0.658395 -0.306585 0.257447 40 214 0
0.653988 -0.303479 0.254925 40 214 0
0.651648 -0.298589 0.25328 40 214 0
0.650359 -0.292923 0.251834 40 214 0
0.651415 -0.287108 0.251385 40 214 0
0.654491 -0.282182 0.251941 40 214 0
0.658558 -0.277986 0.253214 40 214 0
0.663274 -0.275038 0.254868 40 214 0
0.668714 -0.27533 0.257021 40 214 0
0.673679 -0.277614 0.259434 40 214 0
0.676393 -0.28242 0.260973 40 214 0
0.677082 -0.287062 0.262068 40 214 0
0.67606 -0.292672 0.262418 40 214 0
0.67219 -0.297087 0.261318 40 214 0
0.667178 -0.297897 0.259206 40 214 0
0.661937 -0.297671 0.256812 40 214 0
0.657229 -0.294913 0.254395 40 214 0
0.653818 -0.290702 0.252441 40 214 0
0.652798 -0.284994 0.251374 40 214 0
0.653543 -0.279099 0.2507 40 214 0
0.654343 -0.273295 0.250018 40 214 0
0.658038 -0.268944 0.250867 40 214 0
0.662371 -0.265154 0.252479 40 214 0
0.667623 -0.263889 0.254654 40 214 0
0.67276 -0.265498 0.256897 40 214 0
0.676377 -0.26971 0.258619 40 214 0
0.678811 -0.274916 0.260224 40 214 0
0.678162 -0.280419 0.260508 40 214 0
0.675268 -0.285118 0.259979 40 214 0
0.670381 -0.287891 0.25835 40 214 0
0.665026 -0.288668 0.255981 40 214 0
0.66038 -0.285933 0.253751 40 214 0
0.655888 -0.28283 0.251334 40 214 0
0.654044 -0.277498 0.250164 40 214 0
0.653906 -0.271573 0.249439 40 214 0
0.655104 -0.265768 0.249239 40 214 0
0.658051 -0.26066 0.249686 40 214 0
0.661828 -0.256856 0.250537 40 214 0
0.66672 -0.254275 0.252145 40 214 0
0.672266 -0.254616 0.254383 40 214 0
0.676987 -0.257353 0.256502 40 214 0
0.679814 -0.26236 0.258017 40 214 0
0.679928 -0.268052 0.258681 40 214 0
0.678159 -0.273537 0.258868 40 214 0
0.673786 -0.277389 0.257616 40 214 0
0.668487 -0.278037 0.255769 40 214 0
0.663119 -0.2771 0.253522 40 214 0
0.65851 -0.274111 0.251253 40 214 0
0.65562 -0.269214 0.249625 40 214 0
0.653566 -0.263816 0.248145 40 214 0
0.654486 -0.258125 0.247897 40 214 0
0.656593 -0.252897 0.247768 40 214 0
0.660655 -0.249017 0.248544 40 214 0
0.664901 -0.244892 0.249274 40 214 0
0.670457 -0.244454 0.251072 40 214 0
0.675516 -0.245329 0.252661 40 214 0
0.679458 -0.248571 0.254294 40 214 0
0.681239 -0.253688 0.255542 40 214 0
0.681594 -0.258827 0.256977 40 214 0
0.679282 -0.264168 0.257055 40 214 0
0.674825 -0.266785 0.256538 40 214 0
0.669831 -0.268616 0.254813 40 214 0
0.664861 -0.266883 0.253122 40 214 0
0.660505 -0.264578 0.251222 40 214 0
0.657313 -0.26155 0.249595 40 214 0
0.655816 -0.257003 0.248534 40 214 0
0.655305 -0.253553 0.247891 40 214 0
0.654872 -0.248475 0.246568 40 214 0
0.657024 -0.243576 0.246327 40 214 0
0.659896 -0.239955 0.246702 40 214 0
0.662743 -0.237332 0.247039 40 214 0
0.666314 -0.234595 0.247538 40 214 0
0.671197 -0.23401 0.249089 40 214 0
0.668599 -0.235497 0.248311 40 214 0
0.663991 -0.23776 0.247254 40 214 0
0.659345 -0.239882 0.246078 40 214 0
0.654651 -0.241793 0.244749 40 214 0
0.649961 -0.24365 0.243322 40 214 0
0.64527 -0.24542 0.241798 40 214 0
0.644954 -0.245274 0.242735 40 214 0
0.585246 -0.247509 0.217447 40 214 0
0.585717 -0.24761 0.21657 40 214 0
0.585717 -0.24761 0.21657 40 214 0
0.584934 -0.25529 0.217778 40 214 0
0.584971 -0.260331 0.218689 40 214 0
0.58475 -0.265383 0.219516 40 214 0
0.584599 -0.270448 0.220272 40 214 0
0.584574 -0.275527 0.220941 40 214 0
0.584453 -0.280619 0.221472 40 214 0
0.584173 -0.285716 0.221909 40 214 0
0.583921 -0.290818 0.22231 40 214 0
0.58373 -0.295929 0.22262 40 214 0
0.583552 -0.301041 0.222894 40 214 0
0.581845 -0.310816 0.223747 40 214 0
0.580919 -0.315822 0.22426 40 214 0
0.579983 -0.320841 0.224727 40 214 0
0.579146 -0.325871 0.22525 40 214 0
0.578031 -0.330853 0.225724 40 214 0
0.577105 -0.335853 0.22637 40 214 0
0.576196 -0.340858 0.227003 40 214 0
0.575125 -0.34585 0.227463 40 214 0
0.573998 -0.350829 0.227938 40 214 0
0.57311 -0.355842 0.228533 40 214 0
0.572226 -0.36086 0.229103 41 213 0
0.571109 -0.365833 0.229639 41 213 0
0.57022 -0.370843 0.230224 41 213 0
0.571437 -0.363065 0.229474 41 213 0
0.572708 -0.358487 0.229052 41 213 0
0.573687 -0.35385 0.228469 41 213 0
0.574696 -0.349215 0.22793 41 213 0
0.575844 -0.344603 0.227483 41 213 0
0.576754 -0.339943 0.226973 41 213 0
0.577681 -0.335279 0.226539 41 213 0
0.578604 -0.330622 0.226031 41 213 0
0.579533 -0.325966 0.22552 41 213 0
0.580509 -0.321312 0.225097 41 213 0
0.581421 -0.316646 0.224755 41 213 0
0.581918 -0.308617 0.223236 41 213 0
0.582327 -0.303773 0.222817 41 213 0
0.5825 -0.298904 0.222438 41 213 0
0.582728 -0.29404 0.222021 41 213 0
0.582845 -0.289168 0.22164 41 213 0
0.582995 -0.2843 0.221221 41 213 0
0.583163 -0.279437 0.220748 41 213 0
0.58335 -0.274577 0.220264 41 213 0
0.583428 -0.269731 0.21963 41 213 0
0.583743 -0.264898 0.218987 41 213 0
0.583888 -0.260089 0.218175 41 213 0
0.584374 -0.255271 0.217514 41 213 0
0.585228 -0.232458 0.215797 41 213 0
0.58876 -0.23445 0.217687 41 213 0
0.592288 -0.236466 0.219553 41 213 0
0.595646 -0.240625 0.221712 41 213 0
0.596779 -0.246018 0.222819 41 213 0
0.594872 -0.251438 0.222513 41 213 0
0.591751 -0.256362 0.22137 41 213 0
0.587735 -0.26035 0.21963 41 213 0
0.583122 -0.262923 0.217064 41 213 0
0.578318 -0.261329 0.214142 41 213 0
0.573548 -0.260264 0.211056 41 213 0
0.569915 -0.256126 0.208572 41 213 0
0.567575 -0.251051 0.206631 41 213 0
0.567739 -0.24505 0.206161 41 213 0
0.568986 -0.239212 0.206455 41 213 0
0.573075 -0.235759 0.208571 41 213 0
0.577706 -0.232969 0.211225 41 213 0
0.582108 -0.235009 0.214027 41 213 0
0.585962 -0.238251 0.216739 41 213 0
0.587956 -0.243673 0.218449 41 213 0
0.587756 -0.249594 0.218795 41 213 0
0.586047 -0.255297 0.217995 41 213 0
0.582355 -0.259234 0.215965 41 213 0
0.577543 -0.261659 0.213241 41 213 0
0.572553 -0.263003 0.210384 41 213 0
0.567968 -0.260862 0.207714 41 213 0
0.563891 -0.257212 0.205153 41 213 0
0.560224 -0.253572 0.202602 41 213 0
0.559296 -0.2477 0.201639 41 213 0
0.560414 -0.241875 0.201731 41 213 0
0.562582 -0.236407 0.202701 41 213 0
0.567648 -0.234906 0.20553 41 213 0
0.572872 -0.234898 0.208564 41 213 0
0.577369 -0.237433 0.21152 41 213 0
0.579949 -0.242423 0.213399 41 213 0
0.57988 -0.248412 0.213823 41 213 0
0.57864 -0.254231 0.213429 41 213 0
0.575101 -0.258639 0.211609 41 213 0
0.57042 -0.261193 0.209109 41 213 0
0.565475 -0.263137 0.206457 41 213 0
0.560753 -0.260656 0.203706 41 213 0
0.556155 -0.259197 0.200806 41 213 0
0.553307 -0.254245 0.198845 41 213 0
0.552198 -0.248636 0.197913 41 213 0
0.552411 -0.242622 0.19767 41 213 0
0.554678 -0.237934 0.198566 41 213 0
0.557514 -0.235006 0.199826 41 213 0
0.562566 -0.234885 0.202284 41 213 0
0.567459 -0.235624 0.204837 41 213 0
0.570883 -0.238097 0.206901 41 213 0
0.573094 -0.242314 0.208496 41 213 0
0.574199 -0.247678 0.209799 41 213 0
0.57428 -0.253415 0.210745 41 213 0
0.572294 -0.258744 0.210399 41 213 0
0.569537 -0.263604 0.20932 41 213 0
0.564903 -0.266298 0.206841 41 213 0
0.560556 -0.268684 0.204335 41 213 0
0.555654 -0.267436 0.201348 41 213 0
0.551511 -0.264638 0.19868 41 213 0
0.549537 -0.259667 0.197191 41 213 0
0.547956 -0.254345 0.195928 41 213 0
0.550154 -0.249049 0.196709 41 213 0
0.554381 -0.245576 0.198822 41 213 0
0.559064 -0.244456 0.201284 41 213 0
0.56417 -0.244501 0.204367 41 213 0
0.568264 -0.247545 0.207105 41 213 0
0.570708 -0.252545 0.209186 41 213 0
0.572428 -0.257944 0.210717 41 213 0
0.572137 -0.263888 0.211166 41 213 0
0.569564 -0.268744 0.210319 41 213 0
0.566247 -0.273372 0.208869 41 213 0
0.562216 -0.277154 0.206764 41 213 0
0.557298 -0.278773 0.203844 41 213 0
0.55257 -0.277707 0.200832 41 213 0
0.549034 -0.273643 0.198357 41 213 0
0.547295 -0.268233 0.196916 41 213 0
0.547642 -0.262343 0.196541 41 213 0
0.55115 -0.25784 0.198215 41 213 0
0.555219 -0.25455 0.200578 42 212 0
0.560232 -0.254695 0.203813 42 212 0
0.564905 -0.255874 0.206996 42 212 0
0.56741 -0.260484 0.209001 42 212 0
0.569472 -0.265822 0.210655 42 212 0
0.571321 -0.271114 0.212109 42 212 0
0.569321 -0.276671 0.211246 42 212 0
0.567857 -0.282049 0.210816 42 212 0
0.563661 -0.285525 0.208637 42 212 0
0.558816 -0.28764 0.205876 42 212 0
0.553831 -0.288321 0.202797 42 212 0
0.549643 -0.285697 0.199767 42 212 0
0.547121 -0.280752 0.197705 42 212 0
0.54604 -0.275259 0.196621 42 212 0
0.548016 -0.269801 0.197616 42 212 0
0.552133 -0.266656 0.200147 42 212 0
0.556841 -0.264876 0.203239 42 212 0
0.561787 -0.265289 0.206469 42 212 0
0.56576 -0.268259 0.209201 42 212 0
0.568392 -0.273209 0.211235 42 212 0
0.56885 -0.278951 0.211915 42 212 0
0.568723 -0.284911 0.212197 42 212 0
0.566724 -0.290362 0.21134 42 212 0
0.563117 -0.294672 0.209429 42 212 0
0.558907 -0.297883 0.206866 42 212 0
0.554097 -0.298574 0.203799 42 212 0
0.549743 -0.296051 0.200817 42 212 0
0.545935 -0.293115 0.198226 42 212 0
0.545258 -0.287329 0.197345 42 212 0
0.545577 -0.281454 0.197316 42 212 0
0.549012 -0.27746 0.199419 42 212 0
0.553198 -0.274245 0.202159 42 212 0
0.557922 -0.274639 0.205303 42 212 0
0.561941 -0.277769 0.208141 42 212 0
0.565584 -0.281319 0.210695 42 212 0
0.568398 -0.286124 0.212779 42 212 0
0.568189 -0.292084 0.213014 42 212 0
0.56753 -0.297812 0.212853 42 212 0
0.564577 -0.302721 0.211189 42 212 0
0.560733 -0.306137 0.208807 42 212 0
0.556181 -0.308442 0.205793 42 212 0
0.551223 -0.308713 0.202484 42 212 0
0.54719 -0.305962 0.199529 42 212 0
0.544976 -0.301597 0.197749 42 212 0
0.543123 -0.296243 0.196342 42 212 0
0.545227 -0.291514 0.19735 42 212 0
0.548328 -0.287735 0.199277 42 212 0
0.552092 -0.284537 0.201866 42 212 0
0.556815 -0.285412 0.20505 42 212 0
0.56086 -0.288227 0.208044 42 212 0
0.564396 -0.290999 0.210638 42 212 0
0.565933 -0.296384 0.212368 42 212 0
0.565593 -0.302317 0.212903 42 212 0
0.565325 -0.308269 0.213246 42 212 0
0.563243 -0.313604 0.21214 42 212 0
0.558888 -0.316244 0.209425 42 212 0
0.555168 -0.318665 0.206598 42 212 0
0.55046 -0.317993 0.203018 42 212 0
0.546286 -0.316914 0.199401 42 212 0
0.543342 -0.31327 0.196741 42 212 0
0.543511 -0.307466 0.196391 42 212 0
0.543853 -0.302143 0.196539 42 212 0
0.546554 -0.298652 0.198234 42 212 0
0.550543 -0.296262 0.200904 42 212 0
0.555007 -0.296017 0.204189 42 212 0
0.559031 -0.29655 0.207757 42 212 0
0.56111 -0.299754 0.209585 42 212 0
0.563775 -0.302437 0.211665 42 212 0
0.565339 -0.307005 0.213275 42 212 0
0.564741 -0.312875 0.214311 42 212 0
0.564226 -0.318737 0.214498 42 212 0
0.561553 -0.323637 0.213192 42 212 0
0.557867 -0.326325 0.210594 42 212 0
0.554654 -0.328653 0.20721 42 212 0
0.550264 -0.328449 0.203212 42 212 0
0.546174 -0.326972 0.199639 42 212 0
0.542988 -0.32276 0.196826 42 212 0
0.543065 -0.316863 0.196359 42 212 0
0.544755 -0.311236 0.197546 42 212 0
0.547927 -0.306839 0.199973 42 212 0
0.552549 -0.306332 0.203632 42 212 0
0.557075 -0.306792 0.207521 42 212 0
0.561174 -0.309112 0.21094 42 212 0
0.563269 -0.314154 0.213289 42 212 0
0.564378 -0.319702 0.214905 42 212 0
0.563948 -0.325659 0.215415 42 212 0
0.562298 -0.331345 0.214588 42 212 0
0.559707 -0.336269 0.212679 42 212 0
0.555491 -0.338931 0.209407 42 212 0
0.551113 -0.340298 0.205804 42 212 0
0.546634 -0.338777 0.202219 42 212 0
0.543282 -0.335219 0.198902 42 212 0
0.542099 -0.329996 0.197369 42 212 0
0.542512 -0.324025 0.197293 42 212 0
0.545258 -0.319667 0.199341 42 212 0
0.549222 -0.316666 0.202619 42 212 0
0.553791 -0.316153 0.206354 42 212 0
0.558 -0.317628 0.209909 42 212 0
0.561033 -0.321701 0.213077 42 212 0
0.563354 -0.326666 0.215447 42 212 0
0.563554 -0.33248 0.216408 42 212 0
0.562725 -0.338347 0.21631 42 212 0
0.559978 -0.343184 0.214548 42 212 0
0.557144 -0.347942 0.21236 43 211 0
0.552879 -0.3504 0.209171 43 211 0
0.548308 -0.350033 0.205434 43 211 0
0.544248 -0.347529 0.20204 43 211 0
0.541604 -0.342929 0.19933 43 211 0
0.541803 -0.337026 0.19862 43 211 0
0.543543 -0.33164 0.199447 43 211 0
0.547418 -0.328103 0.20222 43 211 0
0.551348 -0.326596 0.20556 43 211 0
0.555615 -0.328352 0.209261 43 211 0
0.559455 -0.330986 0.21301 43 211 0
0.562292 -0.335257 0.215936 43 211 0
0.562856 -0.340936 0.217397 43 211 0
0.561964 -0.34681 0.217535 43 211 0
0.560283 -0.352502 0.216742 43 211 0
0.556834 -0.356537 0.214505 43 211 0
0.553306 -0.360451 0.211837 43 211 0
0.548574 -0.360444 0.208161 43 211 0
0.544387 -0.359147 0.204577 43 211 0
0.540989 -0.355247 0.201563 43 211 0
0.540876 -0.349602 0.2006 43 211 0
0.54215 -0.344018 0.200965 43 211 0
0.545037 -0.339141 0.202885 43 211 0
0.549572 -0.33784 0.206252 43 211 0
0.553725 -0.33714 0.209859 43 211 0
0.557385 -0.340264 0.213434 43 211 0
0.560684 -0.344015 0.216717 43 211 0
0.562062 -0.349384 0.218755 43 211 0
0.561613 -0.355311 0.219437 43 211 0
0.560322 -0.360976 0.219042 43 211 0
0.557551 -0.365919 0.217303 43 211 0
0.553758 -0.369687 0.214612 43 211 0
0.549346 -0.370654 0.211245 43 211 0
0.545022 -0.369848 0.207441 43 211 0
0.541701 -0.366359 0.203875 43 211 0
0.540012 -0.361185 0.201911 43 211 0
0.540211 -0.35521 0.201538 43 211 0
0.542785 -0.350271 0.2032 43 211 0
0.547274 -0.348549 0.206597 43 211 0
0.551777 -0.348273 0.21052 43 211 0
0.555998 -0.34958 0.214436 43 211 0
0.558775 -0.353635 0.217544 43 211 0
0.561215 -0.35845 0.220142 43 211 0
0.561206 -0.364237 0.221163 43 211 0
0.559673 -0.370013 0.22077 43 211 0
0.55735 -0.375313 0.219458 43 211 0
0.554186 -0.379632 0.217157 43 211 0
0.550059 -0.382443 0.213851 43 211 0
0.545662 -0.381374 0.210094 43 211 0
0.542155 -0.378478 0.20656 43 211 0
0.539421 -0.374334 0.20366 43 211 0
0.539765 -0.368557 0.202701 43 211 0
0.541516 -0.363009 0.203486 43 211 0
0.544419 -0.358714 0.205972 43 211 0
0.54888 -0.358326 0.209929 43 211 0
0.553119 -0.358752 0.214116 43 211 0
0.557146 -0.36095 0.217836 43 211 0
0.558976 -0.365963 0.220351 43 211 0
0.560642 -0.371288 0.222361 43 211 0
0.560566 -0.377196 0.222754 43 211 0
0.558642 -0.382321 0.221529 43 211 0
0.555612 -0.386833 0.219052 43 211 0
0.552382 -0.390773 0.216243 43 211 0
0.548621 -0.392119 0.212666 43 211 0
0.544887 -0.390995 0.20875 43 211 0
0.541997 -0.388069 0.206051 43 211 0
0.538995 -0.384363 0.203197 43 211 0
0.539291 -0.378566 0.202811 43 211 0
0.540447 -0.374205 0.203551 43 211 0
0.543419 -0.370093 0.206095 43 211 0
0.546842 -0.368635 0.209615 43 211 0
0.549779 -0.368196 0.213463 43 211 0
0.553187 -0.369747 0.21728 43 211 0
0.557178 -0.371927 0.220329 43 211 0
0.559096 -0.377237 0.221583 43 211 0
0.56057 -0.382703 0.222276 43 211 0
0.559265 -0.388067 0.220988 43 211 0
0.556929 -0.392712 0.218821 43 211 0
0.552924 -0.395545 0.215661 43 211 0
0.548609 -0.396714 0.212057 43 211 0
0.543964 -0.396166 0.208578 43 211 0
0.540634 -0.392633 0.205742 43 211 0
0.538703 -0.387678 0.203883 43 211 0
0.538577 -0.381865 0.203458 43 211 0
0.539681 -0.376242 0.204086 43 211 0
0.542407 -0.371777 0.206132 43 211 0
0.546549 -0.369487 0.209295 43 211 0
0.550135 -0.368196 0.212846 43 211 0
0.553505 -0.368578 0.217132 43 211 0
0.556531 -0.370565 0.219777 43 211 0
0.558505 -0.37377 0.221562 43 211 0
0.560399 -0.377417 0.223493 43 211 0
0.56024 -0.383141 0.223722 43 211 0
0.558324 -0.386891 0.222187 43 211 0
0.555588 -0.390445 0.219283 43 211 0
0.552009 -0.391919 0.215799 43 211 0
0.548029 -0.392097 0.211879 43 211 0
0.544323 -0.388924 0.20858 43 211 0
0.541501 -0.385482 0.205489 43 211 0
0.540177 -0.380265 0.203682 43 211 0
0.539003 -0.374632 0.202237 43 211 0
0.540955 -0.369344 0.202979 43 211 0
0.542574 -0.364045 0.20414 43 211 0
0.546041 -0.360833 0.207096 43 211 0
0.549512 -0.35831 0.210794 44 210 0
0.553782 -0.357794 0.214788 44 210 0
0.557421 -0.35989 0.218631 44 210 0
0.560634 -0.363748 0.221706 44 210 0
0.561006 -0.368987 0.222554 44 210 0
0.560667 -0.374805 0.222656 44 210 0
0.556881 -0.378671 0.220163 44 210 0
0.552569 -0.380698 0.216757 44 210 0
0.548785 -0.38205 0.213239 44 210 0
0.545617 -0.378688 0.209572 44 210 0
0.542744 -0.37537 0.206393 44 210 0
0.540792 -0.370389 0.203771 44 210 0
0.539823 -0.365263 0.202078 44 210 0
0.54174 -0.359619 0.202364 44 210 0
0.544053 -0.354257 0.203739 44 210 0
0.547084 -0.349855 0.206347 44 210 0
0.551131 -0.347024 0.209768 44 210 0
0.554718 -0.348624 0.213146 44 210 0
0.558848 -0.349272 0.21715 44 210 0
0.561353 -0.353568 0.219979 44 210 0
0.562758 -0.35873 0.221856 44 210 0
0.561164 -0.36439 0.221351 44 210 0
0.557326 -0.36818 0.218816 44 210 0
0.553381 -0.37078 0.215332 44 210 0
0.548907 -0.370628 0.211348 44 210 0
0.54535 -0.368189 0.207407 44 210 0
0.542889 -0.363995 0.204206 44 210 0
0.541259 -0.358709 0.20193 44 210 0
0.540737 -0.353091 0.200797 44 210 0
0.542877 -0.347754 0.201393 44 210 0
0.54552 -0.342666 0.203136 44 210 0
0.548896 -0.338436 0.205663 44 210 0
0.553229 -0.336422 0.209121 44 210 0
0.557557 -0.337801 0.213046 44 210 0
0.561426 -0.340695 0.216561 44 210 0
0.563586 -0.345369 0.219445 44 210 0
0.563754 -0.351158 0.220416 44 210 0
0.561111 -0.356113 0.219037 44 210 0
0.55731 -0.359465 0.216068 44 210 0
0.552892 -0.360448 0.212236 44 210 0
0.548439 -0.359799 0.208361 44 210 0
0.545213 -0.356522 0.20507 44 210 0
0.543108 -0.351543 0.202478 44 210 0
0.543048 -0.345804 0.201296 44 210 0
0.543373 -0.339822 0.200777 44 210 0
0.545083 -0.334341 0.201496 44 210 0
0.548781 -0.330529 0.203929 44 210 0
0.552919 -0.327272 0.206832 44 210 0
0.557265 -0.327498 0.210579 44 210 0
0.561325 -0.328752 0.214473 44 210 0
0.563883 -0.333533 0.217054 44 210 0
0.564907 -0.339047 0.218557 44 210 0
0.564285 -0.344728 0.218505 44 210 0
0.560769 -0.348584 0.216008 44 210 0
0.556627 -0.350662 0.212735 44 210 0
0.551933 -0.350323 0.209075 44 210 0
0.548262 -0.347247 0.205499 44 210 0
0.544978 -0.343296 0.202397 44 210 0
0.543674 -0.337844 0.200732 44 210 0
0.543924 -0.331893 0.200093 44 210 0
0.544184 -0.326125 0.199919 44 210 0
0.547996 -0.322117 0.202247 44 210 0
0.552056 -0.319022 0.205207 44 210 0
0.556479 -0.316686 0.208543 44 210 0
0.560963 -0.317314 0.212313 44 210 0
0.564341 -0.320756 0.21533 44 210 0
0.565726 -0.326237 0.217087 44 210 0
0.56602 -0.33211 0.217602 44 210 0
0.563095 -0.336101 0.215665 44 210 0
0.559197 -0.339579 0.212765 44 210 0
0.554683 -0.340494 0.209016 44 210 0
0.550481 -0.338363 0.205506 44 210 0
0.546737 -0.334767 0.202484 44 210 0
0.545256 -0.329243 0.200909 44 210 0
0.543988 -0.323678 0.199333 44 210 0
0.544479 -0.317746 0.199155 44 210 0
0.547289 -0.312803 0.200559 44 210 0
0.551348 -0.309271 0.203126 44 210 0
0.555842 -0.307054 0.206441 44 210 0
0.560626 -0.306613 0.210014 44 210 0
0.564349 -0.309484 0.213253 44 210 0
0.566735 -0.314524 0.215482 44 210 0
0.566779 -0.320307 0.215767 44 210 0
0.564637 -0.325742 0.214363 44 210 0
0.560664 -0.329239 0.211591 44 210 0
0.556199 -0.329757 0.208518 44 210 0
0.551561 -0.328342 0.205107 44 210 0
0.547812 -0.325257 0.202064 44 210 0
0.545459 -0.320205 0.199899 44 210 0
0.544523 -0.31437 0.198799 44 210 0
0.544854 -0.308482 0.198588 44 210 0
0.547856 -0.303562 0.200257 44 210 0
0.551593 -0.299524 0.202662 44 210 0
0.556032 -0.296907 0.205641 44 210 0
0.560962 -0.296346 0.208968 44 210 0
0.565196 -0.298979 0.212182 44 210 0
0.567532 -0.302767 0.214247 44 210 0
0.569113 -0.308196 0.215616 44 210 0
0.566834 -0.313302 0.214416 44 210 0
0.563732 -0.317701 0.212348 44 210 0
0.559132 -0.320025 0.209264 44 210 0
0.554353 -0.318793 0.206034 44 210 0
0.54993 -0.316203 0.202912 44 210 0
0.546544 -0.312311 0.200362 44 210 0
0.545086 -0.306698 0.198888 45 209 0
0.54612 -0.30117 0.198866 45 209 0
0.546257 -0.295203 0.198726 45 209 0
0.550184 -0.291562 0.200959 45 209 0
0.554088 -0.287905 0.203487 45 209 0
0.558665 -0.285583 0.206578 45 209 0
0.563353 -0.286152 0.209761 45 209 0
0.566927 -0.290041 0.21231 45 209 0
0.569336 -0.295261 0.214071 45 209 0
0.569592 -0.300928 0.21449 45 209 0
0.566597 -0.305472 0.212724 45 209 0
0.561932 -0.307818 0.209744 45 209 0
0.556997 -0.308422 0.206441 45 209 0
0.552398 -0.30704 0.203214 45 209 0
0.548958 -0.302881 0.200712 45 209 0
0.546264 -0.298054 0.198683 45 209 0
0.546457 -0.292052 0.198388 45 209 0
0.54761 -0.286379 0.198825 45 209 0
0.550288 -0.281218 0.200354 45 209 0
0.553353 -0.27645 0.202335 45 209 0
0.558336 -0.276097 0.2056 45 209 0
0.563144 -0.276669 0.208831 45 209 0
0.567402 -0.279387 0.211907 45 209 0
0.570319 -0.284135 0.214103 45 209 0
0.56945 -0.289878 0.213894 45 209 0
0.568042 -0.2954 0.213133 45 209 0
0.563969 -0.298671 0.210553 45 209 0
0.558979 -0.29888 0.207209 45 209 0
0.554179 -0.29783 0.203904 45 209 0
0.550103 -0.294502 0.201028 45 209 0
0.547204 -0.289878 0.198793 45 209 0
0.546711 -0.284106 0.197822 45 209 0
0.547273 -0.278182 0.1977 45 209 0
0.549951 -0.272956 0.198898 45 209 0
0.553527 -0.268559 0.200853 45 209 0
0.557897 -0.265586 0.203605 45 209 0
0.562829 -0.264797 0.206804 45 209 0
0.567309 -0.267104 0.20994 45 209 0
0.57115 -0.270634 0.212809 45 209 0
0.570843 -0.276623 0.213244 45 209 0
0.569715 -0.282332 0.213059 45 209 0
0.566096 -0.286483 0.210983 45 209 0
0.561641 -0.288314 0.208197 45 209 0
0.556771 -0.287976 0.204873 45 209 0
0.552614 -0.28495 0.201769 45 209 0
0.549901 -0.280249 0.199416 45 209 0
0.547571 -0.275047 0.197572 45 209 0
0.548068 -0.269374 0.197307 45 209 0
0.549553 -0.263729 0.197727 45 209 0
0.552675 -0.259126 0.199045 45 209 0
0.557161 -0.256756 0.20133 45 209 0
0.561872 -0.254705 0.204092 45 209 0
0.566659 -0.255602 0.207228 45 209 0
0.570634 -0.259007 0.210155 45 209 0
0.57228 -0.264039 0.212062 45 209 0
0.571386 -0.269268 0.212347 45 209 0
0.569255 -0.27433 0.211569 45 209 0
0.564951 -0.277216 0.209204 45 209 0
0.560111 -0.278613 0.206132 45 209 0
0.555934 -0.276645 0.20315 45 209 0
0.552151 -0.273023 0.200349 45 209 0
0.549328 -0.268572 0.198121 45 209 0
0.548662 -0.262819 0.19723 45 209 0
0.54975 -0.25842 0.197399 45 209 0
0.549983 -0.252425 0.197019 45 209 0
0.554508 -0.249379 0.199132 45 209 0
0.558606 -0.245727 0.20092 45 209 0
0.563736 -0.244486 0.203446 45 209 0
0.568646 -0.245458 0.20626 45 209 0
0.571334 -0.248672 0.208276 45 209 0
0.573615 -0.253473 0.210342 45 209 0
0.573422 -0.259036 0.211238 45 209 0
0.570011 -0.263465 0.210072 45 209 0
0.566121 -0.266253 0.208028 45 209 0
0.562925 -0.268644 0.206025 45 209 0
0.558092 -0.267732 0.202833 45 209 0
0.554132 -0.264308 0.200218 45 209 0
0.551783 -0.260256 0.198663 45 209 0
0.549839 -0.256635 0.197329 45 209 0
0.549966 -0.250723 0.196961 45 209 0
0.5502 -0.244828 0.196593 45 209 0
0.552407 -0.241296 0.197486 45 209 0
0.553958 -0.237932 0.198187 45 209 0
0.557754 -0.236198 0.199924 45 209 0
0.562587 -0.234885 0.202248 45 209 0
0.564705 -0.235692 0.203374 45 209 0
0.568692 -0.237687 0.205659 45 209 0
0.572563 -0.239772 0.208056 45 209 0
0.576273 -0.242089 0.210495 45 209 0
0.579985 -0.244392 0.212945 45 209 0
0.583647 -0.246817 0.215342 45 209 0
0.583163 -0.246698 0.216209 45 209 0
0.641725 -0.246942 0.243144 45 209 0
0.642063 -0.247079 0.242213 45 209 0
0.641875 -0.254732 0.242159 45 209 0
0.641641 -0.259948 0.242904 45 209 0
0.641042 -0.265143 0.243612 45 209 0
0.640688 -0.270347 0.244383 45 209 0
0.640491 -0.275557 0.2452 45 209 0
0.640169 -0.280765 0.24598 45 209 0
0.639747 -0.285976 0.246698 45 209 0
0.639245 -0.291187 0.247355 45 209 0
0.638903 -0.296401 0.248059 45 209 0
0.638407 -0.3016 0.248656 46 208 0
0.637261 -0.309331 0.249858 46 208 0
0.636478 -0.314108 0.251144 46 208 0
0.635736 -0.318938 0.252239 46 208 0
0.635053 -0.323783 0.253307 46 208 0
0.634347 -0.328612 0.25443 46 208 0
0.633688 -0.333435 0.255608 46 208 0
0.632963 -0.338262 0.256728 46 208 0
0.632359 -0.3431 0.257874 46 208 0
0.631729 -0.347931 0.259036 46 208 0
0.631135 -0.352773 0.260169 46 208 0
0.630546 -0.357623 0.261271 46 208 0
0.630023 -0.362506 0.262249 46 208 0
0.629459 -0.367379 0.263255 46 208 0
0.628926 -0.372287 0.264089 46 208 0
0.629633 -0.364555 0.263172 46 208 0
0.630254 -0.359777 0.261945 46 208 0
0.630851 -0.355001 0.260701 46 208 0
0.631434 -0.35019 0.259588 46 208 0
0.632049 -0.345395 0.258427 46 208 0
0.632856 -0.340604 0.257369 46 208 0
0.633499 -0.335807 0.256227 46 208 0
0.634203 -0.331018 0.255092 46 208 0
0.634895 -0.326227 0.253954 46 208 0
0.635632 -0.321416 0.252944 46 208 0
0.636551 -0.316637 0.251924 46 208 0
0.637382 -0.308381 0.249727 46 208 0
0.637568 -0.303537 0.248962 46 208 0
0.637892 -0.298702 0.248194 46 208 0
0.638266 -0.293872 0.247413 46 208 0
0.638631 -0.289024 0.246744 46 208 0
0.639014 -0.284175 0.246094 46 208 0
0.639408 -0.279331 0.245414 46 208 0
0.639901 -0.27449 0.244775 46 208 0
0.64038 -0.269647 0.244141 46 208 0
0.640895 -0.26481 0.243494 46 208 0
0.64142 -0.259976 0.24283 46 208 0
0.641859 -0.25513 0.242202 46 208 0
0.643548 -0.232337 0.238652 46 208 0
0.648052 -0.233877 0.240776 46 208 0
0.652388 -0.23551 0.24312 46 208 0
0.655921 -0.238635 0.245543 46 208 0
0.657051 -0.244174 0.246916 46 208 0
0.656744 -0.250066 0.24779 46 208 0
0.655515 -0.255713 0.248057 46 208 0
0.651935 -0.259428 0.247166 46 208 0
0.64762 -0.26235 0.245446 46 208 0
0.642958 -0.259737 0.242976 46 208 0
0.63839 -0.257009 0.240186 46 208 0
0.636442 -0.251921 0.238544 46 208 0
0.63704 -0.245975 0.237933 46 208 0
0.638967 -0.240622 0.23809 46 208 0
0.642457 -0.235863 0.239147 46 208 0
0.647452 -0.234816 0.241206 46 208 0
0.652391 -0.232633 0.243407 46 208 0
0.657297 -0.235018 0.245926 46 208 0
0.66209 -0.237243 0.248538 46 208 0
0.664641 -0.2424 0.250221 46 208 0
0.666274 -0.247838 0.251538 46 208 0
0.666478 -0.253793 0.252299 46 208 0
0.662569 -0.257891 0.250924 46 208 0
0.658237 -0.261627 0.249149 46 208 0
0.653058 -0.262439 0.246718 46 208 0
0.648925 -0.259008 0.244483 46 208 0
0.646005 -0.254137 0.242528 46 208 0
0.644544 -0.248599 0.241122 46 208 0
0.646821 -0.243068 0.241603 46 208 0
0.649458 -0.238102 0.242196 46 208 0
0.654639 -0.235695 0.244007 46 208 0
0.660208 -0.23517 0.245948 46 208 0
0.665648 -0.234601 0.248421 46 208 0
0.670116 -0.237959 0.250564 46 208 0
0.674245 -0.241551 0.252913 46 208 0
0.675962 -0.247031 0.254192 46 208 0
0.674416 -0.252737 0.254052 46 208 0
0.673207 -0.258497 0.254293 46 208 0
0.66829 -0.2614 0.252658 46 208 0
0.662687 -0.262012 0.250968 46 208 0
0.657859 -0.25944 0.248955 46 208 0
0.654577 -0.25526 0.247107 46 208 0
0.653259 -0.24998 0.245792 46 208 0
0.655018 -0.244766 0.245717 46 208 0
0.65755 -0.239691 0.245654 46 208 0
0.661736 -0.236823 0.246785 46 208 0
0.66605 -0.234589 0.247719 46 208 0
0.671113 -0.23401 0.249233 46 208 0
0.674805 -0.236218 0.249782 46 208 0
0.678157 -0.238561 0.251345 46 208 0
0.680899 -0.242647 0.252979 46 208 0
0.683114 -0.24683 0.254844 46 208 0
0.68269 -0.252701 0.255987 46 208 0
0.680301 -0.257845 0.256185 46 208 0
0.677685 -0.262792 0.256438 46 208 0
0.673062 -0.266423 0.255358 46 208 0
0.668181 -0.268517 0.254008 46 208 0
0.662688 -0.267641 0.252037 46 208 0
0.658629 -0.263732 0.250215 46 208 0
0.655337 -0.259926 0.248099 46 208 0
0.654585 -0.254245 0.246729 46 208 0
0.657232 -0.249174 0.247112 46 208 0
0.661559 -0.245577 0.248249 46 208 0
0.667104 -0.244931 0.250134 46 208 0
0.672674 -0.245257 0.25235 46 208 0
0.677177 -0.248302 0.254694 46 208 0
0.680068 -0.25315 0.256574 47 207 0
0.681139 -0.258933 0.25771 47 207 0
0.680505 -0.264884 0.258227 47 207 0
0.678197 -0.270351 0.258073 47 207 0
0.674965 -0.275255 0.257544 47 207 0
0.669955 -0.278103 0.256154 47 207 0
0.664443 -0.278135 0.253778 47 207 0
0.659644 -0.276789 0.251527 47 207 0
0.655908 -0.272498 0.249573 47 207 0
0.654917 -0.267225 0.248688 47 207 0
0.655273 -0.261451 0.248243 47 207 0
0.659336 -0.25751 0.249553 47 207 0
0.663939 -0.25414 0.251435 47 207 0
0.669251 -0.25517 0.253806 47 207 0
0.674211 -0.257432 0.256325 47 207 0
0.676726 -0.262079 0.257712 47 207 0
0.679487 -0.267006 0.259531 47 207 0
0.679342 -0.272987 0.260149 47 207 0
0.678621 -0.278782 0.260412 47 207 0
0.675298 -0.283447 0.259465 47 207 0
0.670356 -0.286434 0.257776 47 207 0
0.665241 -0.288666 0.2556 47 207 0
0.659949 -0.287427 0.253239 47 207 0
0.655575 -0.284046 0.250965 47 207 0
0.653992 -0.278472 0.249913 47 207 0
0.654771 -0.27264 0.249889 47 207 0
0.658178 -0.267943 0.25084 47 207 0
0.663311 -0.265597 0.252927 47 207 0
0.668273 -0.266108 0.255132 47 207 0
0.672768 -0.269309 0.257525 47 207 0
0.677143 -0.272435 0.260106 47 207 0
0.678881 -0.277916 0.261537 47 207 0
0.678682 -0.283878 0.262269 47 207 0
0.67715 -0.2895 0.262285 47 207 0
0.67413 -0.294652 0.261651 47 207 0
0.669648 -0.298149 0.259955 47 207 0
0.664123 -0.298434 0.257603 47 207 0
0.658865 -0.297148 0.255276 47 207 0
0.655072 -0.293042 0.253302 47 207 0
0.652948 -0.287689 0.251731 47 207 0
0.653217 -0.281809 0.251123 47 207 0
0.656898 -0.27724 0.252101 47 207 0
0.662062 -0.276154 0.254182 47 207 0
0.667512 -0.276465 0.256716 47 207 0
0.672249 -0.278741 0.25906 47 207 0
0.675399 -0.283213 0.260923 47 207 0
0.678158 -0.288104 0.26292 47 207 0
0.677872 -0.293891 0.263704 47 207 0
0.676554 -0.299711 0.263969 47 207 0
0.672998 -0.304041 0.263185 47 207 0
0.668087 -0.307164 0.261685 47 207 0
0.662682 -0.308262 0.259785 47 207 0
0.657244 -0.30781 0.257343 47 207 0
0.653254 -0.304058 0.25531 47 207 0
0.651598 -0.298595 0.253852 47 207 0
0.652001 -0.292942 0.253041 47 207 0
0.655766 -0.288754 0.254137 47 207 0
0.660591 -0.286105 0.255692 47 207 0
0.666194 -0.286489 0.257819 47 207 0
0.670665 -0.288879 0.259731 47 207 0
0.674896 -0.292068 0.262078 47 207 0
0.677512 -0.297144 0.26396 47 207 0
0.67699 -0.303045 0.264932 47 207 0
0.676204 -0.308956 0.265649 47 207 0
0.672887 -0.313581 0.265512 47 207 0
0.668085 -0.316614 0.26444 47 207 0
0.662799 -0.318839 0.26308 47 207 0
0.657128 -0.31855 0.261118 47 207 0
0.652863 -0.315521 0.258824 47 207 0
0.650517 -0.310763 0.256694 47 207 0
0.649753 -0.305312 0.255272 47 207 0
0.651783 -0.300558 0.255379 47 207 0
0.655559 -0.298831 0.256473 47 207 0
0.658962 -0.295948 0.257511 47 207 0
0.664082 -0.296216 0.259074 47 207 0
0.668215 -0.297638 0.260425 47 207 0
0.671561 -0.300653 0.261853 47 207 0
0.674555 -0.303169 0.263621 47 207 0
0.676349 -0.308057 0.265261 47 207 0
0.676587 -0.31313 0.266814 47 207 0
0.675005 -0.318639 0.267513 47 207 0
0.671995 -0.323298 0.267311 47 207 0
0.668177 -0.327065 0.266724 47 207 0
0.663109 -0.328908 0.265011 47 207 0
0.657771 -0.328714 0.262952 47 207 0
0.653141 -0.325997 0.260667 47 207 0
0.649604 -0.321698 0.258385 47 207 0
0.648875 -0.316241 0.257255 47 207 0
0.65073 -0.31063 0.257071 47 207 0
0.655484 -0.30785 0.258503 47 207 0
0.660676 -0.30669 0.260516 47 207 0
0.66617 -0.307125 0.262865 47 207 0
0.670374 -0.310712 0.265209 47 207 0
0.67345 -0.315359 0.267404 47 207 0
0.674846 -0.320889 0.268911 47 207 0
0.674653 -0.326794 0.269913 47 207 0
0.671663 -0.33198 0.269424 47 207 0
0.667694 -0.336298 0.268409 47 207 0
0.662612 -0.338938 0.266636 47 207 0
0.657186 -0.340177 0.264404 47 207 0
0.652357 -0.337722 0.262141 47 207 0
0.648348 -0.333865 0.259917 47 207 0
0.647329 -0.328394 0.258885 47 207 0
0.648308 -0.322563 0.258538 48 206 0
0.652767 -0.318878 0.260085 48 206 0
0.6579 -0.316791 0.262119 48 206 0
0.663215 -0.317147 0.2647 48 206 0
0.667267 -0.320865 0.266915 48 206 0
0.67082 -0.324596 0.269519 48 206 0
0.672444 -0.330113 0.271236 48 206 0
0.67135 -0.335559 0.271829 48 206 0
0.668878 -0.341046 0.271713 48 206 0
0.666157 -0.346226 0.271169 48 206 0
0.661012 -0.348634 0.269253 48 206 0
0.655634 -0.350365 0.267183 48 206 0
0.650943 -0.347557 0.264817 48 206 0
0.647158 -0.344039 0.262535 48 206 0
0.645083 -0.338714 0.260653 48 206 0
0.646632 -0.333101 0.260201 48 206 0
0.650314 -0.328802 0.26105 48 206 0
0.655364 -0.326262 0.262947 48 206 0
0.660642 -0.327164 0.265602 48 206 0
0.665372 -0.329469 0.268432 48 206 0
0.668373 -0.333843 0.270924 48 206 0
0.670265 -0.338908 0.27335 48 206 0
0.669451 -0.344832 0.274059 48 206 0
0.667496 -0.350491 0.274643 48 206 0
0.66435 -0.355224 0.274328 48 206 0
0.659527 -0.358454 0.272768 48 206 0
0.654431 -0.360471 0.270772 48 206 0
0.649482 -0.358512 0.268524 48 206 0
0.645515 -0.354925 0.266062 48 206 0
0.643252 -0.349766 0.263947 48 206 0
0.644036 -0.344104 0.26298 48 206 0
0.647346 -0.33933 0.263414 48 206 0
0.652489 -0.336976 0.265172 48 206 0
0.657962 -0.336861 0.267557 48 206 0
0.662299 -0.338927 0.270192 48 206 0
0.665691 -0.343081 0.272848 48 206 0
0.667532 -0.347998 0.275082 48 206 0
0.667991 -0.353762 0.276764 48 206 0
0.666983 -0.359382 0.277955 48 206 0
0.663503 -0.364233 0.277171 48 206 0
0.658737 -0.367638 0.276328 48 206 0
0.653453 -0.369775 0.274417 48 206 0
0.648471 -0.368784 0.272345 48 206 0
0.643972 -0.365644 0.269907 48 206 0
0.641167 -0.361149 0.267586 48 206 0
0.6413 -0.355353 0.266357 48 206 0
0.64385 -0.350788 0.266275 48 206 0
0.648479 -0.347342 0.267879 48 206 0
0.653871 -0.346479 0.270113 48 206 0
0.658812 -0.348435 0.272728 48 206 0
0.662897 -0.351705 0.275476 48 206 0
0.66549 -0.356611 0.277811 48 206 0
0.666375 -0.362349 0.279276 48 206 0
0.664844 -0.368093 0.279839 48 206 0
0.662124 -0.373458 0.279807 48 206 0
0.657268 -0.376342 0.278454 48 206 0
0.652553 -0.379792 0.277148 48 206 0
0.647235 -0.380053 0.274763 48 206 0
0.642684 -0.376893 0.272413 48 206 0
0.639476 -0.372799 0.270314 48 206 0
0.637852 -0.367784 0.268613 48 206 0
0.639835 -0.362448 0.268698 48 206 0
0.644486 -0.35899 0.270276 48 206 0
0.649298 -0.356419 0.272102 48 206 0
0.654567 -0.356539 0.274501 48 206 0
0.659038 -0.359654 0.276853 48 206 0
0.662304 -0.363812 0.278993 48 206 0
0.663782 -0.369445 0.280361 48 206 0
0.664434 -0.374755 0.281615 48 206 0
0.662169 -0.379983 0.281133 48 206 0
0.658726 -0.384727 0.280175 48 206 0
0.654469 -0.388601 0.278514 48 206 0
0.649547 -0.390337 0.276255 48 206 0
0.644889 -0.388657 0.274151 48 206 0
0.640385 -0.386335 0.271835 48 206 0
0.638261 -0.382115 0.270745 48 206 0
0.637004 -0.376656 0.269936 48 206 0
0.639151 -0.371955 0.270877 48 206 0
0.641858 -0.36895 0.271779 48 206 0
0.644765 -0.366735 0.272855 48 206 0
0.649789 -0.366273 0.274838 48 206 0
0.654621 -0.367249 0.277056 48 206 0
0.658692 -0.369863 0.279375 48 206 0
0.662074 -0.374303 0.281406 48 206 0
0.661882 -0.380244 0.281555 48 206 0
0.661789 -0.386302 0.28184 48 206 0
0.658384 -0.39096 0.280274 48 206 0
0.653607 -0.39383 0.277958 48 206 0
0.64837 -0.394306 0.275313 48 206 0
0.643418 -0.39193 0.272871 48 206 0
0.639768 -0.387996 0.271009 48 206 0
0.637217 -0.382679 0.269657 48 206 0
0.638039 -0.376847 0.270006 48 206 0
0.640498 -0.371429 0.27118 48 206 0
0.644909 -0.368295 0.27325 48 206 0
0.649626 -0.366273 0.27512 48 206 0
0.653729 -0.366316 0.276405 48 206 0
0.658208 -0.368106 0.278441 48 206 0
0.661297 -0.371898 0.280111 48 206 0
0.662583 -0.376099 0.281031 48 206 0
0.66259 -0.379939 0.28137 48 206 0
0.660595 -0.384802 0.28096 48 206 0
0.657171 -0.388045 0.279751 48 206 0
0.652385 -0.389821 0.277788 48 206 0
0.647277 -0.390179 0.275363 49 205 0
0.643922 -0.387627 0.273762 49 205 0
0.640342 -0.384879 0.271898 49 205 0
0.63808 -0.379795 0.270498 49 205 0
0.637202 -0.374359 0.269601 49 205 0
0.637883 -0.368554 0.269014 49 205 0
0.640747 -0.363852 0.269446 49 205 0
0.644641 -0.35938 0.270304 49 205 0
0.649277 -0.356409 0.271697 49 205 0
0.654814 -0.355984 0.273843 49 205 0
0.659615 -0.357938 0.276202 49 205 0
0.663391 -0.361362 0.278739 49 205 0
0.664246 -0.366803 0.280041 49 205 0
0.663382 -0.372123 0.280885 49 205 0
0.659312 -0.376428 0.280005 49 205 0
0.654439 -0.378717 0.278352 49 205 0
0.649923 -0.380321 0.276399 49 205 0
0.645371 -0.377357 0.274003 49 205 0
0.641591 -0.373603 0.271457 49 205 0
0.639563 -0.368408 0.269477 49 205 0
0.638121 -0.363338 0.267351 49 205 0
0.640744 -0.35872 0.26722 49 205 0
0.642683 -0.353587 0.266777 49 205 0
0.646886 -0.349453 0.267234 49 205 0
0.651457 -0.346348 0.268359 49 205 0
0.656971 -0.34619 0.270501 49 205 0
0.661904 -0.347432 0.273082 49 205 0
0.665199 -0.351794 0.275468 49 205 0
0.665995 -0.357182 0.277531 49 205 0
0.664847 -0.362957 0.278638 49 205 0
0.661333 -0.367567 0.278209 49 205 0
0.65607 -0.369239 0.276785 49 205 0
0.651281 -0.369333 0.274572 49 205 0
0.646631 -0.367465 0.271795 49 205 0
0.643197 -0.363492 0.269046 49 205 0
0.641327 -0.358378 0.266573 49 205 0
0.641748 -0.352657 0.264931 49 205 0
0.642858 -0.346948 0.263494 49 205 0
0.645733 -0.341751 0.263534 49 205 0
0.650243 -0.337897 0.264254 49 205 0
0.655453 -0.336744 0.265733 49 205 0
0.660945 -0.336984 0.2681 49 205 0
0.665705 -0.338857 0.2709 49 205 0
0.668584 -0.343411 0.273489 49 205 0
0.668066 -0.348825 0.274689 49 205 0
0.665894 -0.354179 0.27522 49 205 0
0.662253 -0.358221 0.274473 49 205 0
0.656764 -0.358818 0.272422 49 205 0
0.651382 -0.358515 0.269814 49 205 0
0.646999 -0.355672 0.266972 49 205 0
0.643916 -0.351279 0.264461 49 205 0
0.642685 -0.345844 0.262415 49 205 0
0.644559 -0.34038 0.261811 49 205 0
0.645602 -0.334576 0.260936 49 205 0
0.649384 -0.329983 0.261178 49 205 0
0.654097 -0.326693 0.26251 49 205 0
0.659427 -0.325172 0.26471 49 205 0
0.664415 -0.327037 0.267074 49 205 0
0.66825 -0.330936 0.269446 49 205 0
0.670989 -0.33545 0.271858 49 205 0
0.6695 -0.341055 0.272108 49 205 0
0.66644 -0.346162 0.271511 49 205 0
0.661923 -0.34903 0.26983 49 205 0
0.656632 -0.348527 0.267274 49 205 0
0.651602 -0.346887 0.264676 49 205 0
0.647718 -0.343169 0.262306 49 205 0
0.646066 -0.337683 0.260734 49 205 0
0.645041 -0.331954 0.259314 49 205 0
0.646997 -0.326777 0.259355 49 205 0
0.650449 -0.321937 0.25981 49 205 0
0.653856 -0.317702 0.260581 49 205 0
0.659269 -0.316644 0.262831 49 205 0
0.66468 -0.316043 0.265332 49 205 0
0.669082 -0.319094 0.2677 49 205 0
0.671266 -0.324442 0.26917 49 205 0
0.671631 -0.329847 0.269967 49 205 0
0.668424 -0.334748 0.268737 49 205 0
0.664213 -0.338361 0.267034 49 205 0
0.65904 -0.339133 0.264776 49 205 0
0.654034 -0.336999 0.262273 49 205 0
0.650465 -0.332845 0.2602 49 205 0
0.648064 -0.32769 0.258375 49 205 0
0.646418 -0.322191 0.25678 49 205 0
0.647642 -0.316562 0.256416 49 205 0
0.651357 -0.312114 0.257612 49 205 0
0.655491 -0.308049 0.259059 49 205 0
0.660298 -0.305448 0.260993 49 205 0
0.66571 -0.304771 0.263434 49 205 0
0.66908 -0.30923 0.265003 49 205 0
0.672457 -0.313161 0.266993 49 205 0
0.67281 -0.319049 0.267597 49 205 0
0.671423 -0.32438 0.267732 49 205 0
0.667253 -0.328387 0.266209 49 205 0
0.661829 -0.328232 0.263704 49 205 0
0.656726 -0.327742 0.26106 49 205 0
0.652491 -0.324377 0.258653 49 205 0
0.649749 -0.319441 0.256834 49 205 0
0.647807 -0.314036 0.255139 49 205 0
0.648281 -0.308136 0.254593 49 205 0
0.650192 -0.302478 0.254842 49 205 0
0.654428 -0.298491 0.256244 49 205 0
0.659317 -0.295501 0.257928 49 205 0
0.664707 -0.294778 0.260085 49 205 0
0.669817 -0.296396 0.262643 49 205 0
0.673048 -0.300868 0.264549 50 204 0
0.674493 -0.306331 0.265847 50 204 0
0.673466 -0.312213 0.266148 50 204 0
0.669888 -0.316834 0.265114 50 204 0
0.664977 -0.318771 0.26301 50 204 0
0.659563 -0.318612 0.260479 50 204 0
0.65462 -0.316534 0.257921 50 204 0
0.651415 -0.311937 0.255931 50 204 0
0.649313 -0.30663 0.254191 50 204 0
0.649198 -0.30081 0.25326 50 204 0
0.650904 -0.295152 0.253142 50 204 0
0.654868 -0.290935 0.254255 50 204 0
0.658502 -0.28675 0.255073 50 204 0
0.663838 -0.285676 0.257304 50 204 0
0.668775 -0.285249 0.259453 50 204 0
0.67317 -0.288473 0.261672 50 204 0
0.675894 -0.293284 0.263453 50 204 0
0.675797 -0.29923 0.264132 50 204 0
0.673504 -0.304612 0.263722 50 204 0
0.668554 -0.307493 0.262006 50 204 0
0.663281 -0.308281 0.259848 50 204 0
0.658395 -0.306585 0.257447 50 204 0
0.653988 -0.303479 0.254925 50 204 0
0.651648 -0.298589 0.25328 50 204 0
0.650359 -0.292923 0.251834 50 204 0
0.651415 -0.287108 0.251385 50 204 0
0.654491 -0.282182 0.251941 50 204 0
0.658558 -0.277986 0.253214 50 204 0
0.663274 -0.275038 0.254868 50 204 0
0.668714 -0.27533 0.257021 50 204 0
0.673679 -0.277614 0.259434 50 204 0
0.676393 -0.28242 0.260973 50 204 0
0.677082 -0.287062 0.262068 50 204 0
0.67606 -0.292672 0.262418 50 204 0
0.67219 -0.297087 0.261318 50 204 0
0.667178 -0.297897 0.259206 50 204 0
0.661937 -0.297671 0.256812 50 204 0
0.657229 -0.294913 0.254395 50 204 0
0.653818 -0.290702 0.252441 50 204 0
0.652798 -0.284994 0.251374 50 204 0
0.653543 -0.279099 0.2507 50 204 0
0.654343 -0.273295 0.250018 50 204 0
0.658038 -0.268944 0.250867 50 204 0
0.662371 -0.265154 0.252479 50 204 0
0.667623 -0.263889 0.254654 50 204 0
0.67276 -0.265498 0.256897 50 204 0
0.676377 -0.26971 0.258619 50 204 0
0.678811 -0.274916 0.260224 50 204 0
0.678162 -0.280419 0.260508 50 204 0
0.675268 -0.285118 0.259979 50 204 0
0.670381 -0.287891 0.25835 50 204 0
0.665026 -0.288668 0.255981 50 204 0
0.66038 -0.285933 0.253751 50 204 0
0.655888 -0.28283 0.251334 50 204 0
0.654044 -0.277498 0.250164 50 204 0
0.653906 -0.271573 0.249439 50 204 0
0.655104 -0.265768 0.249239 50 204 0
0.658051 -0.26066 0.249686 50 204 0
0.661828 -0.256856 0.250537 50 204 0
0.66672 -0.254275 0.252145 50 204 0
0.672266 -0.254616 0.254383 50 204 0
0.676987 -0.257353 0.256502 50 204 0
0.679814 -0.26236 0.258017 50 204 0
0.679928 -0.268052 0.258681 50 204 0
0.678159 -0.273537 0.258868 50 204 0
0.673786 -0.277389 0.257616 50 204 0
0.668487 -0.278037 0.255769 50 204 0
0.663119 -0.2771 0.253522 50 204 0
0.65851 -0.274111 0.251253 50 204 0
0.65562 -0.269214 0.249625 50 204 0
0.653566 -0.263816 0.248145 50 204 0
0.654486 -0.258125 0.247897 50 204 0
0.656593 -0.252897 0.247768 50 204 0
0.660655 -0.249017 0.248544 50 204 0
0.664901 -0.244892 0.249274 50 204 0
0.670457 -0.244454 0.251072 50 204 0
0.675516 -0.245329 0.252661 50 204 0
0.679458 -0.248571 0.254294 50 204 0
0.681239 -0.253688 0.255542 50 204 0
0.681594 -0.258827 0.256977 50 204 0
0.679282 -0.264168 0.257055 50 204 0
0.674825 -0.266785 0.256538 50 204 0
0.669831 -0.268616 0.254813 50 204 0
0.664861 -0.266883 0.253122 50 204 0
0.660505 -0.264578 0.251222 50 204 0
0.657313 -0.26155 0.249595 50 204 0
0.655816 -0.257003 0.248534 50 204 0
0.655305 -0.253553 0.247891 50 204 0
0.654872 -0.248475 0.246568 50 204 0
0.657024 -0.243576 0.246327 50 204 0
0.659896 -0.239955 0.246702 50 204 0
0.662743 -0.237332 0.247039 50 204 0
0.666314 -0.234595 0.247538 50 204 0
0.671197 -0.23401 0.249089 50 204 0
0.668599 -0.235497 0.248311 50 204 0
0.663991 -0.23776 0.247254 50 204 0
0.659345 -0.239882 0.246078 50 204 0
0.654651 -0.241793 0.244749 50 204 0
0.649961 -0.24365 0.243322 50 204 0
0.64527 -0.24542 0.241798 50 204 0
0.644954 -0.245274 0.242735 50 204 0
0.585246 -0.247509 0.217447 50 204 0
0.585717 -0.24761 0.21657 50 204 0
0.585717 -0.24761 0.21657 51 203 0
0.584934 -0.25529 0.217778 51 203 0
0.584971 -0.260331 0.218689 51 203 0
0.58475 -0.265383 0.219516 51 203 0
0.584599 -0.270448 0.220272 51 203 0
0.584574 -0.275527 0.220941 51 203 0
0.584453 -0.280619 0.221472 51 203 0
0.584173 -0.285716 0.221909 51 203 0
0.583921 -0.290818 0.22231 51 203 0
0.58373 -0.295929 0.22262 51 203 0
0.583552 -0.301041 0.222894 51 203 0
0.581845 -0.310816 0.223747 51 203 0
0.580919 -0.315822 0.22426 51 203 0
0.579983 -0.320841 0.224727 51 203 0
0.579146 -0.325871 0.22525 51 203 0
0.578031 -0.330853 0.225724 51 203 0
0.577105 -0.335853 0.22637 51 203 0
0.576196 -0.340858 0.227003 51 203 0
0.575125 -0.34585 0.227463 51 203 0
0.573998 -0.350829 0.227938 51 203 0
0.57311 -0.355842 0.228533 51 203 0
0.572226 -0.36086 0.229103 51 203 0
0.571109 -0.365833 0.229639 51 203 0
0.57022 -0.370843 0.230224 51 203 0
0.571437 -0.363065 0.229474 51 203 0
0.572708 -0.358487 0.229052 51 203 0
0.573687 -0.35385 0.228469 51 203 0
0.574696 -0.349215 0.22793 51 203 0
0.575844 -0.344603 0.227483 51 203 0
0.576754 -0.339943 0.226973 51 203 0
0.577681 -0.335279 0.226539 51 203 0
0.578604 -0.330622 0.226031 51 203 0
0.579533 -0.325966 0.22552 51 203 0
0.580509 -0.321312 0.225097 51 203 0
0.581421 -0.316646 0.224755 51 203 0
0.581918 -0.308617 0.223236 51 203 0
0.582327 -0.303773 0.222817 51 203 0
0.5825 -0.298904 0.222438 51 203 0
0.582728 -0.29404 0.222021 51 203 0
0.582845 -0.289168 0.22164 51 203 0
0.582995 -0.2843 0.221221 51 203 0
0.583163 -0.279437 0.220748 51 203 0
0.58335 -0.274577 0.220264 51 203 0
0.583428 -0.269731 0.21963 51 203 0
0.583743 -0.264898 0.218987 51 203 0
0.583888 -0.260089 0.218175 51 203 0
0.584374 -0.255271 0.217514 51 203 0
0.585228 -0.232458 0.215797 51 203 0
0.58876 -0.23445 0.217687 51 203 0
0.592288 -0.236466 0.219553 51 203 0
0.595646 -0.240625 0.221712 51 203 0
0.596779 -0.246018 0.222819 51 203 0
0.594872 -0.251438 0.222513 51 203 0
0.591751 -0.256362 0.22137 51 203 0
0.587735 -0.26035 0.21963 51 203 0
0.583122 -0.262923 0.217064 51 203 0
0.578318 -0.261329 0.214142 51 203 0
0.573548 -0.260264 0.211056 51 203 0
0.569915 -0.256126 0.208572 51 203 0
0.567575 -0.251051 0.206631 51 203 0
0.567739 -0.24505 0.206161 51 203 0
0.568986 -0.239212 0.206455 51 203 0
0.573075 -0.235759 0.208571 51 203 0
0.577706 -0.232969 0.211225 51 203 0
0.582108 -0.235009 0.214027 51 203 0
0.585962 -0.238251 0.216739 51 203 0
0.587956 -0.243673 0.218449 51 203 0
0.587756 -0.249594 0.218795 51 203 0
0.586047 -0.255297 0.217995 51 203 0
0.582355 -0.259234 0.215965 51 203 0
0.577543 -0.261659 0.213241 51 203 0
0.572553 -0.263003 0.210384 51 203 0
0.567968 -0.260862 0.207714 51 203 0
0.563891 -0.257212 0.205153 51 203 0
0.560224 -0.253572 0.202602 51 203 0
0.559296 -0.2477 0.201639 51 203 0
0.560414 -0.241875 0.201731 51 203 0
0.562582 -0.236407 0.202701 51 203 0
0.567648 -0.234906 0.20553 51 203 0
0.572872 -0.234898 0.208564 51 203 0
0.577369 -0.237433 0.21152 51 203 0
0.579949 -0.242423 0.213399 51 203 0
0.57988 -0.248412 0.213823 51 203 0
0.57864 -0.254231 0.213429 51 203 0
0.575101 -0.258639 0.211609 51 203 0
0.57042 -0.261193 0.209109 51 203 0
0.565475 -0.263137 0.206457 51 203 0
0.560753 -0.260656 0.203706 51 203 0
0.556155 -0.259197 0.200806 51 203 0
0.553307 -0.254245 0.198845 51 203 0
0.552198 -0.248636 0.197913 51 203 0
0.552411 -0.242622 0.19767 51 203 0
0.554678 -0.237934 0.198566 51 203 0
0.557514 -0.235006 0.199826 51 203 0
0.562566 -0.234885 0.202284 51 203 0
0.567459 -0.235624 0.204837 51 203 0
0.570883 -0.238097 0.206901 51 203 0
0.573094 -0.242314 0.208496 51 203 0
0.574199 -0.247678 0.209799 51 203 0
0.57428 -0.253415 0.210745 51 203 0
0.572294 -0.258744 0.210399 51 203 0
0.569537 -0.263604 0.20932 51 203 0
0.564903 -0.266298 0.206841 51 203 0
0.560556 -0.268684 0.204335 51 203 0
0.555654 -0.267436 0.201348 52 202 0
0.551511 -0.264638 0.19868 52 202 0
0.549537 -0.259667 0.197191 52 202 0
0.547956 -0.254345 0.195928 52 202 0
0.550154 -0.249049 0.196709 52 202 0
0.554381 -0.245576 0.198822 52 202 0
0.559064 -0.244456 0.201284 52 202 0
0.56417 -0.244501 0.204367 52 202 0
0.568264 -0.247545 0.207105 52 202 0
0.570708 -0.252545 0.209186 52 202 0
0.572428 -0.257944 0.210717 52 202 0
0.572137 -0.263888 0.211166 52 202 0
0.569564 -0.268744 0.210319 52 202 0
0.566247 -0.273372 0.208869 52 202 0
0.562216 -0.277154 0.206764 52 202 0
0.557298 -0.278773 0.203844 52 202 0
0.55257 -0.277707 0.200832 52 202 0
0.549034 -0.273643 0.198357 52 202 0
0.547295 -0.268233 0.196916 52 202 0
0.547642 -0.262343 0.196541 52 202 0
0.55115 -0.25784 0.198215 52 202 0
0.555219 -0.25455 0.200578 52 202 0
0.560232 -0.254695 0.203813 52 202 0
0.564905 -0.255874 0.206996 52 202 0
0.56741 -0.260484 0.209001 52 202 0
0.569472 -0.265822 0.210655 52 202 0
0.571321 -0.271114 0.212109 52 202 0
0.569321 -0.276671 0.211246 52 202 0
0.567857 -0.282049 0.210816 52 202 0
0.563661 -0.285525 0.208637 52 202 0
0.558816 -0.28764 0.205876 52 202 0
0.553831 -0.288321 0.202797 52 202 0
0.549643 -0.285697 0.199767 52 202 0
0.547121 -0.280752 0.197705 52 202 0
0.54604 -0.275259 0.196621 52 202 0
0.548016 -0.269801 0.197616 52 202 0
0.552133 -0.266656 0.200147 52 202 0
0.556841 -0.264876 0.203239 52 202 0
0.561787 -0.265289 0.206469 52 202 0
0.56576 -0.268259 0.209201 52 202 0
0.568392 -0.273209 0.211235 52 202 0
0.56885 -0.278951 0.211915 52 202 0
0.568723 -0.284911 0.212197 52 202 0
0.566724 -0.290362 0.21134 52 202 0
0.563117 -0.294672 0.209429 52 202 0
0.558907 -0.297883 0.206866 52 202 0
0.554097 -0.298574 0.203799 52 202 0
0.549743 -0.296051 0.200817 52 202 0
0.545935 -0.293115 0.198226 52 202 0
0.545258 -0.287329 0.197345 52 202 0
0.545577 -0.281454 0.197316 52 202 0
0.549012 -0.27746 0.199419 52 202 0
0.553198 -0.274245 0.202159 52 202 0
0.557922 -0.274639 0.205303 52 202 0
0.561941 -0.277769 0.208141 52 202 0
0.565584 -0.281319 0.210695 52 202 0
0.568398 -0.286124 0.212779 52 202 0
0.568189 -0.292084 0.213014 52 202 0
0.56753 -0.297812 0.212853 52 202 0
0.564577 -0.302721 0.211189 52 202 0
0.560733 -0.306137 0.208807 52 202 0
0.556181 -0.308442 0.205793 52 202 0
0.551223 -0.308713 0.202484 52 202 0
0.54719 -0.305962 0.199529 52 202 0
0.544976 -0.301597 0.197749 52 202 0
0.543123 -0.296243 0.196342 52 202 0
0.545227 -0.291514 0.19735 52 202 0
0.548328 -0.287735 0.199277 52 202 0
0.552092 -0.284537 0.201866 52 202 0
0.556815 -0.285412 0.20505 52 202 0
0.56086 -0.288227 0.208044 52 202 0
0.564396 -0.290999 0.210638 52 202 0
0.565933 -0.296384 0.212368 52 202 0
0.565593 -0.302317 0.212903 52 202 0
0.565325 -0.308269 0.213246 52 202 0
0.563243 -0.313604 0.21214 52 202 0
0.558888 -0.316244 0.209425 52 202 0
0.555168 -0.318665 0.206598 52 202 0
0.55046 -0.317993 0.203018 52 202 0
0.546286 -0.316914 0.199401 52 202 0
0.543342 -0.31327 0.196741 52 202 0
0.543511 -0.307466 0.196391 52 202 0
0.543853 -0.302143 0.196539 52 202 0
0.546554 -0.298652 0.198234 52 202 0
0.550543 -0.296262 0.200904 52 202 0
0.555007 -0.296017 0.204189 52 202 0
0.559031 -0.29655 0.207757 52 202 0
0.56111 -0.299754 0.209585 52 202 0
0.563775 -0.302437 0.211665 52 202 0
0.565339 -0.307005 0.213275 52 202 0
0.564741 -0.312875 0.214311 52 202 0
0.564226 -0.318737 0.214498 52 202 0
0.561553 -0.323637 0.213192 52 202 0
0.557867 -0.326325 0.210594 52 202 0
0.554654 -0.328653 0.20721 52 202 0
0.550264 -0.328449 0.203212 52 202 0
0.546174 -0.326972 0.199639 52 202 0
0.542988 -0.32276 0.196826 52 202 0
0.543065 -0.316863 0.196359 52 202 0
0.544755 -0.311236 0.197546 52 202 0
0.547927 -0.306839 0.199973 52 202 0
0.552549 -0.306332 0.203632 52 202 0
0.557075 -0.306792 0.207521 52 202 0
0.561174 -0.309112 0.21094 52 202 0
0.563269 -0.314154 0.213289 53 201 0
0.564378 -0.319702 0.214905 53 201 0
0.563948 -0.325659 0.215415 53 201 0
0.562298 -0.331345 0.214588 53 201 0
0.559707 -0.336269 0.212679 53 201 0
0.555491 -0.338931 0.209407 53 201 0
0.551113 -0.340298 0.205804 53 201 0
0.546634 -0.338777 0.202219 53 201 0
0.543282 -0.335219 0.198902 53 201 0
0.542099 -0.329996 0.197369 53 201 0
0.542512 -0.324025 0.197293 53 201 0
0.545258 -0.319667 0.199341 53 201 0
0.549222 -0.316666 0.202619 53 201 0
0.553791 -0.316153 0.206354 53 201 0
0.558 -0.317628 0.209909 53 201 0
0.561033 -0.321701 0.213077 53 201 0
0.563354 -0.326666 0.215447 53 201 0
0.563554 -0.33248 0.216408 53 201 0
0.562725 -0.338347 0.21631 53 201 0
0.559978 -0.343184 0.214548 53 201 0
0.557144 -0.347942 0.21236 53 201 0
0.552879 -0.3504 0.209171 53 201 0
0.548308 -0.350033 0.205434 53 201 0
0.544248 -0.347529 0.20204 53 201 0
0.541604 -0.342929 0.19933 53 201 0
0.541803 -0.337026 0.19862 53 201 0
0.543543 -0.33164 0.199447 53 201 0
0.547418 -0.328103 0.20222 53 201 0
0.551348 -0.326596 0.20556 53 201 0
0.555615 -0.328352 0.209261 53 201 0
0.559455 -0.330986 0.21301 53 201 0
0.562292 -0.335257 0.215936 53 201 0
0.562856 -0.340936 0.217397 53 201 0
0.561964 -0.34681 0.217535 53 201 0
0.560283 -0.352502 0.216742 53 201 0
0.556834 -0.356537 0.214505 53 201 0
0.553306 -0.360451 0.211837 53 201 0
0.548574 -0.360444 0.208161 53 201 0
0.544387 -0.359147 0.204577 53 201 0
0.540989 -0.355247 0.201563 53 201 0
0.540876 -0.349602 0.2006 53 201 0
0.54215 -0.344018 0.200965 53 201 0
0.545037 -0.339141 0.202885 53 201 0
0.549572 -0.33784 0.206252 53 201 0
0.553725 -0.33714 0.209859 53 201 0
0.557385 -0.340264 0.213434 53 201 0
0.560684 -0.344015 0.216717 53 201 0
0.562062 -0.349384 0.218755 53 201 0
0.561613 -0.355311 0.219437 53 201 0
0.560322 -0.360976 0.219042 53 201 0
0.557551 -0.365919 0.217303 53 201 0
0.553758 -0.369687 0.214612 53 201 0
0.549346 -0.370654 0.211245 53 201 0
0.545022 -0.369848 0.207441 53 201 0
0.541701 -0.366359 0.203875 53 201 0
0.540012 -0.361185 0.201911 53 201 0
0.540211 -0.35521 0.201538 53 201 0
0.542785 -0.350271 0.2032 53 201 0
0.547274 -0.348549 0.206597 53 201 0
0.551777 -0.348273 0.21052 53 201 0
0.555998 -0.34958 0.214436 53 201 0
0.558775 -0.353635 0.217544 53 201 0
0.561215 -0.35845 0.220142 53 201 0
0.561206 -0.364237 0.221163 53 201 0
0.559673 -0.370013 0.22077 53 201 0
0.55735 -0.375313 0.219458 53 201 0
0.554186 -0.379632 0.217157 53 201 0
0.550059 -0.382443 0.213851 53 201 0
0.545662 -0.381374 0.210094 53 201 0
0.542155 -0.378478 0.20656 53 201 0
0.539421 -0.374334 0.20366 53 201 0
0.539765 -0.368557 0.202701 53 201 0
0.541516 -0.363009 0.203486 53 201 0
0.544419 -0.358714 0.205972 53 201 0
0.54888 -0.358326 0.209929 53 201 0
0.553119 -0.358752 0.214116 53 201 0
0.557146 -0.36095 0.217836 53 201 0
0.558976 -0.365963 0.220351 53 201 0
0.560642 -0.371288 0.222361 53 201 0
0.560566 -0.377196 0.222754 53 201 0
0.558642 -0.382321 0.221529 53 201 0
0.555612 -0.386833 0.219052 53 201 0
0.552382 -0.390773 0.216243 53 201 0
0.548621 -0.392119 0.212666 53 201 0
0.544887 -0.390995 0.20875 53 201 0
0.541997 -0.388069 0.206051 53 201 0
0.538995 -0.384363 0.203197 53 201 0
0.539291 -0.378566 0.202811 53 201 0
0.540447 -0.374205 0.203551 53 201 0
0.543419 -0.370093 0.206095 53 201 0
0.546842 -0.368635 0.209615 53 201 0
0.549779 -0.368196 0.213463 53 201 0
0.553187 -0.369747 0.21728 53 201 0
0.557178 -0.371927 0.220329 53 201 0
0.559096 -0.377237 0.221583 53 201 0
0.56057 -0.382703 0.222276 53 201 0
0.559265 -0.388067 0.220988 53 201 0
0.556929 -0.392712 0.218821 53 201 0
0.552924 -0.395545 0.215661 53 201 0
0.548609 -0.396714 0.212057 53 201 0
0.543964 -0.396166 0.208578 53 201 0
0.540634 -0.392633 0.205742 53 201 0
0.538703 -0.387678 0.203883 53 201 0
0.538577 -0.381865 0.203458 54 200 0
0.539681 -0.376242 0.204086 54 200 0
0.542407 -0.371777 0.206132 54 200 0
0.546549 -0.369487 0.209295 54 200 0
0.550135 -0.368196 0.212846 54 200 0
0.553505 -0.368578 0.217132 54 200 0
0.556531 -0.370565 0.219777 54 200 0
0.558505 -0.37377 0.221562 54 200 0
0.560399 -0.377417 0.223493 54 200 0
0.56024 -0.383141 0.223722 54 200 0
0.558324 -0.386891 0.222187 54 200 0
0.555588 -0.390445 0.219283 54 200 0
0.552009 -0.391919 0.215799 54 200 0
0.548029 -0.392097 0.211879 54 200 0
0.544323 -0.388924 0.20858 54 200 0
0.541501 -0.385482 0.205489 54 200 0
0.540177 -0.380265 0.203682 54 200 0
0.539003 -0.374632 0.202237 54 200 0
0.540955 -0.369344 0.202979 54 200 0
0.542574 -0.364045 0.20414 54 200 0
0.546041 -0.360833 0.207096 54 200 0
0.549512 -0.35831 0.210794 54 200 0
0.553782 -0.357794 0.214788 54 200 0
0.557421 -0.35989 0.218631 54 200 0
0.560634 -0.363748 0.221706 54 200 0
0.561006 -0.368987 0.222554 54 200 0
0.560667 -0.374805 0.222656 54 200 0
0.556881 -0.378671 0.220163 54 200 0
0.552569 -0.380698 0.216757 54 200 0
0.548785 -0.38205 0.213239 54 200 0
0.545617 -0.378688 0.209572 54 200 0
0.542744 -0.37537 0.206393 54 200 0
0.540792 -0.370389 0.203771 54 200 0
0.539823 -0.365263 0.202078 54 200 0
0.54174 -0.359619 0.202364 54 200 0
0.544053 -0.354257 0.203739 54 200 0
0.547084 -0.349855 0.206347 54 200 0
0.551131 -0.347024 0.209768 54 200 0
0.554718 -0.348624 0.213146 54 200 0
0.558848 -0.349272 0.21715 54 200 0
0.561353 -0.353568 0.219979 54 200 0
0.562758 -0.35873 0.221856 54 200 0
0.561164 -0.36439 0.221351 54 200 0
0.557326 -0.36818 0.218816 54 200 0
0.553381 -0.37078 0.215332 54 200 0
0.548907 -0.370628 0.211348 54 200 0
0.54535 -0.368189 0.207407 54 200 0
0.542889 -0.363995 0.204206 54 200 0
0.541259 -0.358709 0.20193 54 200 0
0.540737 -0.353091 0.200797 54 200 0
0.542877 -0.347754 0.201393 54 200 0
0.54552 -0.342666 0.203136 54 200 0
0.548896 -0.338436 0.205663 54 200 0
0.553229 -0.336422 0.209121 54 200 0
0.557557 -0.337801 0.213046 54 200 0
0.561426 -0.340695 0.216561 54 200 0
0.563586 -0.345369 0.219445 54 200 0
0.563754 -0.351158 0.220416 54 200 0
0.561111 -0.356113 0.219037 54 200 0
0.55731 -0.359465 0.216068 54 200 0
0.552892 -0.360448 0.212236 54 200 0
0.548439 -0.359799 0.208361 54 200 0
0.545213 -0.356522 0.20507 54 200 0
0.543108 -0.351543 0.202478 54 200 0
0.543048 -0.345804 0.201296 54 200 0
0.543373 -0.339822 0.200777 54 200 0
0.545083 -0.334341 0.201496 54 200 0
0.548781 -0.330529 0.203929 54 200 0
0.552919 -0.327272 0.206832 54 200 0
0.557265 -0.327498 0.210579 54 200 0
0.561325 -0.328752 0.214473 54 200 0
0.563883 -0.333533 0.217054 54 200 0
0.564907 -0.339047 0.218557 54 200 0
0.564285 -0.344728 0.218505 54 200 0
0.560769 -0.348584 0.216008 54 200 0
0.556627 -0.350662 0.212735 54 200 0
0.551933 -0.350323 0.209075 54 200 0
0.548262 -0.347247 0.205499 54 200 0
0.544978 -0.343296 0.202397 54 200 0
0.543674 -0.337844 0.200732 54 200 0
0.543924 -0.331893 0.200093 54 200 0
0.544184 -0.326125 0.199919 54 200 0
0.547996 -0.322117 0.202247 54 200 0
0.552056 -0.319022 0.205207 54 200 0
0.556479 -0.316686 0.208543 54 200 0
0.560963 -0.317314 0.212313 54 200 0
0.564341 -0.320756 0.21533 54 200 0
0.565726 -0.326237 0.217087 54 200 0
0.56602 -0.33211 0.217602 54 200 0
0.563095 -0.336101 0.215665 54 200 0
0.559197 -0.339579 0.212765 54 200 0
0.554683 -0.340494 0.209016 54 200 0
0.550481 -0.338363 0.205506 54 200 0
0.546737 -0.334767 0.202484 54 200 0
0.545256 -0.329243 0.200909 54 200 0
0.543988 -0.323678 0.199333 54 200 0
0.544479 -0.317746 0.199155 54 200 0
0.547289 -0.312803 0.200559 54 200 0
0.551348 -0.309271 0.203126 54 200 0
0.555842 -0.307054 0.206441 54 200 0
0.560626 -0.306613 0.210014 54 200 0
0.564349 -0.309484 0.213253 54 200 0
0.566735 -0.314524 0.215482 54 200 0
0.566779 -0.320307 0.215767 54 200 0
0.564637 -0.325742 0.214363 55 199 0
0.560664 -0.329239 0.211591 55 199 0
0.556199 -0.329757 0.208518 55 199 0
0.551561 -0.328342 0.205107 55 199 0
0.547812 -0.325257 0.202064 55 199 0
0.545459 -0.320205 0.199899 55 199 0
0.544523 -0.31437 0.198799 55 199 0
0.544854 -0.308482 0.198588 55 199 0
0.547856 -0.303562 0.200257 55 199 0
0.551593 -0.299524 0.202662 55 199 0
0.556032 -0.296907 0.205641 55 199 0
0.560962 -0.296346 0.208968 55 199 0
0.565196 -0.298979 0.212182 55 199 0
0.567532 -0.302767 0.214247 55 199 0
0.569113 -0.308196 0.215616 55 199 0
0.566834 -0.313302 0.214416 55 199 0
0.563732 -0.317701 0.212348 55 199 0
0.559132 -0.320025 0.209264 55 199 0
0.554353 -0.318793 0.206034 55 199 0
0.54993 -0.316203 0.202912 55 199 0
0.546544 -0.312311 0.200362 55 199 0
0.545086 -0.306698 0.198888 55 199 0
0.54612 -0.30117 0.198866 55 199 0
0.546257 -0.295203 0.198726 55 199 0
0.550184 -0.291562 0.200959 55 199 0
0.554088 -0.287905 0.203487 55 199 0
0.558665 -0.285583 0.206578 55 199 0
0.563353 -0.286152 0.209761 55 199 0
0.566927 -0.290041 0.21231 55 199 0
0.569336 -0.295261 0.214071 55 199 0
0.569592 -0.300928 0.21449 55 199 0
0.566597 -0.305472 0.212724 55 199 0
0.561932 -0.307818 0.209744 55 199 0
0.556997 -0.308422 0.206441 55 199 0
0.552398 -0.30704 0.203214 55 199 0
0.548958 -0.302881 0.200712 55 199 0
0.546264 -0.298054 0.198683 55 199 0
0.546457 -0.292052 0.198388 55 199 0
0.54761 -0.286379 0.198825 55 199 0
0.550288 -0.281218 0.200354 55 199 0
0.553353 -0.27645 0.202335 55 199 0
0.558336 -0.276097 0.2056 55 199 0
0.563144 -0.276669 0.208831 55 199 0
0.567402 -0.279387 0.211907 55 199 0
0.570319 -0.284135 0.214103 55 199 0
0.56945 -0.289878 0.213894 55 199 0
0.568042 -0.2954 0.213133 55 199 0
0.563969 -0.298671 0.210553 55 199 0
0.558979 -0.29888 0.207209 55 199 0
0.554179 -0.29783 0.203904 55 199 0
0.550103 -0.294502 0.201028 55 199 0
0.547204 -0.289878 0.198793 55 199 0
0.546711 -0.284106 0.197822 55 199 0
0.547273 -0.278182 0.1977 55 199 0
0.549951 -0.272956 0.198898 55 199 0
0.553527 -0.268559 0.200853 55 199 0
0.557897 -0.265586 0.203605 55 199 0
0.562829 -0.264797 0.206804 55 199 0
0.567309 -0.267104 0.20994 55 199 0
0.57115 -0.270634 0.212809 55 199 0
0.570843 -0.276623 0.213244 55 199 0
0.569715 -0.282332 0.213059 55 199 0
0.566096 -0.286483 0.210983 55 199 0
0.561641 -0.288314 0.208197 55 199 0
0.556771 -0.287976 0.204873 55 199 0
0.552614 -0.28495 0.201769 55 199 0
0.549901 -0.280249 0.199416 55 199 0
0.547571 -0.275047 0.197572 55 199 0
0.548068 -0.269374 0.197307 55 199 0
0.549553 -0.263729 0.197727 55 199 0
0.552675 -0.259126 0.199045 55 199 0
0.557161 -0.256756 0.20133 55 199 0
0.561872 -0.254705 0.204092 55 199 0
0.566659 -0.255602 0.207228 55 199 0
0.570634 -0.259007 0.210155 55 199 0
0.57228 -0.264039 0.212062 55 199 0
0.571386 -0.269268 0.212347 55 199 0
0.569255 -0.27433 0.211569 55 199 0
0.564951 -0.277216 0.209204 55 199 0
0.560111 -0.278613 0.206132 55 199 0
0.555934 -0.276645 0.20315 55 199 0
0.552151 -0.273023 0.200349 55 199 0
0.549328 -0.268572 0.198121 55 199 0
0.548662 -0.262819 0.19723 55 199 0
0.54975 -0.25842 0.197399 55 199 0
0.549983 -0.252425 0.197019 55 199 0
0.554508 -0.249379 0.199132 55 199 0
0.558606 -0.245727 0.20092 55 199 0
0.563736 -0.244486 0.203446 55 199 0
0.568646 -0.245458 0.20626 55 199 0
0.571334 -0.248672 0.208276 55 199 0
0.573615 -0.253473 0.210342 55 199 0
0.573422 -0.259036 0.211238 55 199 0
0.570011 -0.263465 0.210072 55 199 0
0.566121 -0.266253 0.208028 55 199 0
0.562925 -0.268644 0.206025 55 199 0
0.558092 -0.267732 0.202833 55 199 0
0.554132 -0.264308 0.200218 55 199 0
0.551783 -0.260256 0.198663 55 199 0
0.549839 -0.256635 0.197329 55 199 0
0.549966 -0.250723 0.196961 55 199 0
0.5502 -0.244828 0.196593 55 199 0
0.552407 -0.241296 0.197486 55 199 0
0.553958 -0.237932 0.198187 56 198 0
0.557754 -0.236198 0.199924 56 198 0
0.562587 -0.234885 0.202248 56 198 0
0.564705 -0.235692 0.203374 56 198 0
0.568692 -0.237687 0.205659 56 198 0
0.572563 -0.239772 0.208056 56 198 0
0.576273 -0.242089 0.210495 56 198 0
0.579985 -0.244392 0.212945 56 198 0
0.583647 -0.246817 0.215342 56 198 0
0.583163 -0.246698 0.216209 56 198 0
0.641725 -0.246942 0.243144 56 198 0
0.642063 -0.247079 0.242213 56 198 0
0.641875 -0.254732 0.242159 56 198 0
0.641641 -0.259948 0.242904 56 198 0
0.641042 -0.265143 0.243612 56 198 0
0.640688 -0.270347 0.244383 56 198 0
0.640491 -0.275557 0.2452 56 198 0
0.640169 -0.280765 0.24598 56 198 0
0.639747 -0.285976 0.246698 56 198 0
0.639245 -0.291187 0.247355 56 198 0
0.638903 -0.296401 0.248059 56 198 0
0.638407 -0.3016 0.248656 56 198 0
0.637261 -0.309331 0.249858 56 198 0
0.636478 -0.314108 0.251144 56 198 0
0.635736 -0.318938 0.252239 56 198 0
0.635053 -0.323783 0.253307 56 198 0
0.634347 -0.328612 0.25443 56 198 0
0.633688 -0.333435 0.255608 56 198 0
0.632963 -0.338262 0.256728 56 198 0
0.632359 -0.3431 0.257874 56 198 0
0.631729 -0.347931 0.259036 56 198 0
0.631135 -0.352773 0.260169 56 198 0
0.630546 -0.357623 0.261271 56 198 0
0.630023 -0.362506 0.262249 56 198 0
0.629459 -0.367379 0.263255 56 198 0
0.628926 -0.372287 0.264089 56 198 0
0.629633 -0.364555 0.263172 56 198 0
0.630254 -0.359777 0.261945 56 198 0
0.630851 -0.355001 0.260701 56 198 0
0.631434 -0.35019 0.259588 56 198 0
0.632049 -0.345395 0.258427 56 198 0
0.632856 -0.340604 0.257369 56 198 0
0.633499 -0.335807 0.256227 56 198 0
0.634203 -0.331018 0.255092 56 198 0
0.634895 -0.326227 0.253954 56 198 0
0.635632 -0.321416 0.252944 56 198 0
0.636551 -0.316637 0.251924 56 198 0
0.637382 -0.308381 0.249727 56 198 0
0.637568 -0.303537 0.248962 56 198 0
0.637892 -0.298702 0.248194 56 198 0
0.638266 -0.293872 0.247413 56 198 0
0.638631 -0.289024 0.246744 56 198 0
0.639014 -0.284175 0.246094 56 198 0
0.639408 -0.279331 0.245414 56 198 0
0.639901 -0.27449 0.244775 56 198 0
0.64038 -0.269647 0.244141 56 198 0
0.640895 -0.26481 0.243494 56 198 0
0.64142 -0.259976 0.24283 56 198 0
0.641859 -0.25513 0.242202 56 198 0
0.643548 -0.232337 0.238652 56 198 0
0.648052 -0.233877 0.240776 56 198 0
0.652388 -0.23551 0.24312 56 198 0
0.655921 -0.238635 0.245543 56 198 0
0.657051 -0.244174 0.246916 56 198 0
0.656744 -0.250066 0.24779 56 198 0
0.655515 -0.255713 0.248057 56 198 0
0.651935 -0.259428 0.247166 56 198 0
0.64762 -0.26235 0.245446 56 198 0
0.642958 -0.259737 0.242976 56 198 0
0.63839 -0.257009 0.240186 56 198 0
0.636442 -0.251921 0.238544 56 198 0
0.63704 -0.245975 0.237933 56 198 0
0.638967 -0.240622 0.23809 56 198 0
0.642457 -0.235863 0.239147 56 198 0
0.647452 -0.234816 0.241206 56 198 0
0.652391 -0.232633 0.243407 56 198 0
0.657297 -0.235018 0.245926 56 198 0
0.66209 -0.237243 0.248538 56 198 0
0.664641 -0.2424 0.250221 56 198 0
0.666274 -0.247838 0.251538 56 198 0
0.666478 -0.253793 0.252299 56 198 0
0.662569 -0.257891 0.250924 56 198 0
0.658237 -0.261627 0.249149 56 198 0
0.653058 -0.262439 0.246718 56 198 0
0.648925 -0.259008 0.244483 56 198 0
0.646005 -0.254137 0.242528 56 198 0
0.644544 -0.248599 0.241122 56 198 0
0.646821 -0.243068 0.241603 56 198 0
0.649458 -0.238102 0.242196 56 198 0
0.654639 -0.235695 0.244007 56 198 0
0.660208 -0.23517 0.245948 56 198 0
0.665648 -0.234601 0.248421 56 198 0
0.670116 -0.237959 0.250564 56 198 0
0.674245 -0.241551 0.252913 56 198 0
0.675962 -0.247031 0.254192 56 198 0
0.674416 -0.252737 0.254052 56 198 0
0.673207 -0.258497 0.254293 56 198 0
0.66829 -0.2614 0.252658 56 198 0
0.662687 -0.262012 0.250968 56 198 0
0.657859 -0.25944 0.248955 56 198 0
0.654577 -0.25526 0.247107 56 198 0
0.653259 -0.24998 0.245792 56 198 0
0.655018 -0.244766 0.245717 56 198 0
0.65755 -0.239691 0.245654 56 198 0
0.661736 -0.236823 0.246785 57 197 0
0.66605 -0.234589 0.247719 57 197 0
0.671113 -0.23401 0.249233 57 197 0
0.674805 -0.236218 0.249782 57 197 0
0.678157 -0.238561 0.251345 57 197 0
0.680899 -0.242647 0.252979 57 197 0
0.683114 -0.24683 0.254844 57 197 0
0.68269 -0.252701 0.255987 57 197 0
0.680301 -0.257845 0.256185 57 197 0
0.677685 -0.262792 0.256438 57 197 0
0.673062 -0.266423 0.255358 57 197 0
0.668181 -0.268517 0.254008 57 197 0
0.662688 -0.267641 0.252037 57 197 0
0.658629 -0.263732 0.250215 57 197 0
0.655337 -0.259926 0.248099 57 197 0
0.654585 -0.254245 0.246729 57 197 0
0.657232 -0.249174 0.247112 57 197 0
0.661559 -0.245577 0.248249 57 197 0
0.667104 -0.244931 0.250134 57 197 0
0.672674 -0.245257 0.25235 57 197 0
0.677177 -0.248302 0.254694 57 197 0
0.680068 -0.25315 0.256574 57 197 0
0.681139 -0.258933 0.25771 57 197 0
0.680505 -0.264884 0.258227 57 197 0
0.678197 -0.270351 0.258073 57 197 0
0.674965 -0.275255 0.257544 57 197 0
0.669955 -0.278103 0.256154 57 197 0
0.664443 -0.278135 0.253778 57 197 0
0.659644 -0.276789 0.251527 57 197 0
0.655908 -0.272498 0.249573 57 197 0
0.654917 -0.267225 0.248688 57 197 0
0.655273 -0.261451 0.248243 57 197 0
0.659336 -0.25751 0.249553 57 197 0
0.663939 -0.25414 0.251435 57 197 0
0.669251 -0.25517 0.253806 57 197 0
0.674211 -0.257432 0.256325 57 197 0
0.676726 -0.262079 0.257712 57 197 0
0.679487 -0.267006 0.259531 57 197 0
0.679342 -0.272987 0.260149 57 197 0
0.678621 -0.278782 0.260412 57 197 0
0.675298 -0.283447 0.259465 57 197 0
0.670356 -0.286434 0.257776 57 197 0
0.665241 -0.288666 0.2556 57 197 0
0.659949 -0.287427 0.253239 57 197 0
0.655575 -0.284046 0.250965 57 197 0
0.653992 -0.278472 0.249913 57 197 0
0.654771 -0.27264 0.249889 57 197 0
0.658178 -0.267943 0.25084 57 197 0
0.663311 -0.265597 0.252927 57 197 0
0.668273 -0.266108 0.255132 57 197 0
0.672768 -0.269309 0.257525 57 197 0
0.677143 -0.272435 0.260106 57 197 0
0.678881 -0.277916 0.261537 57 197 0
0.678682 -0.283878 0.262269 57 197 0
0.67715 -0.2895 0.262285 57 197 0
0.67413 -0.294652 0.261651 57 197 0
0.669648 -0.298149 0.259955 57 197 0
0.664123 -0.298434 0.257603 57 197 0
0.658865 -0.297148 0.255276 57 197 0
0.655072 -0.293042 0.253302 57 197 0
0.652948 -0.287689 0.251731 57 197 0
0.653217 -0.281809 0.251123 57 197 0
0.656898 -0.27724 0.252101 57 197 0
0.662062 -0.276154 0.254182 57 197 0
0.667512 -0.276465 0.256716 57 197 0
0.672249 -0.278741 0.25906 57 197 0
0.675399 -0.283213 0.260923 57 197 0
0.678158 -0.288104 0.26292 57 197 0
0.677872 -0.293891 0.263704 57 197 0
0.676554 -0.299711 0.263969 57 197 0
0.672998 -0.304041 0.263185 57 197 0
0.668087 -0.307164 0.261685 57 197 0
0.662682 -0.308262 0.259785 57 197 0
0.657244 -0.30781 0.257343 57 197 0
0.653254 -0.304058 0.25531 57 197 0
0.651598 -0.298595 0.253852 57 197 0
0.652001 -0.292942 0.253041 57 197 0
0.655766 -0.288754 0.254137 57 197 0
0.660591 -0.286105 0.255692 57 197 0
0.666194 -0.286489 0.257819 57 197 0
0.670665 -0.288879 0.259731 57 197 0
0.674896 -0.292068 0.262078 57 197 0
0.677512 -0.297144 0.26396 57 197 0
0.67699 -0.303045 0.264932 57 197 0
0.676204 -0.308956 0.265649 57 197 0
0.672887 -0.313581 0.265512 57 197 0
0.668085 -0.316614 0.26444 57 197 0
0.662799 -0.318839 0.26308 57 197 0
0.657128 -0.31855 0.261118 57 197 0
0.652863 -0.315521 0.258824 57 197 0
0.650517 -0.310763 0.256694 57 197 0
0.649753 -0.305312 0.255272 57 197 0
0.651783 -0.300558 0.255379 57 197 0
0.655559 -0.298831 0.256473 57 197 0
0.658962 -0.295948 0.257511 57 197 0
0.664082 -0.296216 0.259074 57 197 0
0.668215 -0.297638 0.260425 57 197 0
0.671561 -0.300653 0.261853 57 197 0
0.674555 -0.303169 0.263621 57 197 0
0.676349 -0.308057 0.265261 57 197 0
0.676587 -0.31313 0.266814 57 197 0
0.675005 -0.318639 0.267513 57 197 0
0.671995 -0.323298 0.267311 57 197 0
0.668177 -0.327065 0.266724 57 197 0
0.663109 -0.328908 0.265011 58 196 0
0.657771 -0.328714 0.262952 58 196 0
0.653141 -0.325997 0.260667 58 196 0
0.649604 -0.321698 0.258385 58 196 0
0.648875 -0.316241 0.257255 58 196 0
0.65073 -0.31063 0.257071 58 196 0
0.655484 -0.30785 0.258503 58 196 0
0.660676 -0.30669 0.260516 58 196 0
0.66617 -0.307125 0.262865 58 196 0
0.670374 -0.310712 0.265209 58 196 0
0.67345 -0.315359 0.267404 58 196 0
0.674846 -0.320889 0.268911 58 196 0
0.674653 -0.326794 0.269913 58 196 0
0.671663 -0.33198 0.269424 58 196 0
0.667694 -0.336298 0.268409 58 196 0
0.662612 -0.338938 0.266636 58 196 0
0.657186 -0.340177 0.264404 58 196 0
0.652357 -0.337722 0.262141 58 196 0
0.648348 -0.333865 0.259917 58 196 0
0.647329 -0.328394 0.258885 58 196 0
0.648308 -0.322563 0.258538 58 196 0
0.652767 -0.318878 0.260085 58 196 0
0.6579 -0.316791 0.262119 58 196 0
0.663215 -0.317147 0.2647 58 196 0
0.667267 -0.320865 0.266915 58 196 0
0.67082 -0.324596 0.269519 58 196 0
0.672444 -0.330113 0.271236 58 196 0
0.67135 -0.335559 0.271829 58 196 0
0.668878 -0.341046 0.271713 58 196 0
0.666157 -0.346226 0.271169 58 196 0
0.661012 -0.348634 0.269253 58 196 0
0.655634 -0.350365 0.267183 58 196 0
0.650943 -0.347557 0.264817 58 196 0
0.647158 -0.344039 0.262535 58 196 0
0.645083 -0.338714 0.260653 58 196 0
0.646632 -0.333101 0.260201 58 196 0
0.650314 -0.328802 0.26105 58 196 0
0.655364 -0.326262 0.262947 58 196 0
0.660642 -0.327164 0.265602 58 196 0
0.665372 -0.329469 0.268432 58 196 0
0.668373 -0.333843 0.270924 58 196 0
0.670265 -0.338908 0.27335 58 196 0
0.669451 -0.344832 0.274059 58 196 0
0.667496 -0.350491 0.274643 58 196 0
0.66435 -0.355224 0.274328 58 196 0
0.659527 -0.358454 0.272768 58 196 0
0.654431 -0.360471 0.270772 58 196 0
0.649482 -0.358512 0.268524 58 196 0
0.645515 -0.354925 0.266062 58 196 0
0.643252 -0.349766 0.263947 58 196 0
0.644036 -0.344104 0.26298 58 196 0
0.647346 -0.33933 0.263414 58 196 0
0.652489 -0.336976 0.265172 58 196 0
0.657962 -0.336861 0.267557 58 196 0
0.662299 -0.338927 0.270192 58 196 0
0.665691 -0.343081 0.272848 58 196 0
0.667532 -0.347998 0.275082 58 196 0
0.667991 -0.353762 0.276764 58 196 0
0.666983 -0.359382 0.277955 58 196 0
0.663503 -0.364233 0.277171 58 196 0
0.658737 -0.367638 0.276328 58 196 0
0.653453 -0.369775 0.274417 58 196 0
0.648471 -0.368784 0.272345 58 196 0
0.643972 -0.365644 0.269907 58 196 0
0.641167 -0.361149 0.267586 58 196 0
0.6413 -0.355353 0.266357 58 196 0
0.64385 -0.350788 0.266275 58 196 0
0.648479 -0.347342 0.267879 58 196 0
0.653871 -0.346479 0.270113 58 196 0
0.658812 -0.348435 0.272728 58 196 0
0.662897 -0.351705 0.275476 58 196 0
0.66549 -0.356611 0.277811 58 196 0
0.666375 -0.362349 0.279276 58 196 0
0.664844 -0.368093 0.279839 58 196 0
0.662124 -0.373458 0.279807 58 196 0
0.657268 -0.376342 0.278454 58 196 0
0.652553 -0.379792 0.277148 58 196 0
0.647235 -0.380053 0.274763 58 196 0
0.642684 -0.376893 0.272413 58 196 0
0.639476 -0.372799 0.270314 58 196 0
0.637852 -0.367784 0.268613 58 196 0
0.639835 -0.362448 0.268698 58 196 0
0.644486 -0.35899 0.270276 58 196 0
0.649298 -0.356419 0.272102 58 196 0
0.654567 -0.356539 0.274501 58 196 0
0.659038 -0.359654 0.276853 58 196 0
0.662304 -0.363812 0.278993 58 196 0
0.663782 -0.369445 0.280361 58 196 0
0.664434 -0.374755 0.281615 58 196 0
0.662169 -0.379983 0.281133 58 196 0
0.658726 -0.384727 0.280175 58 196 0
0.654469 -0.388601 0.278514 58 196 0
0.649547 -0.390337 0.276255 58 196 0
0.644889 -0.388657 0.274151 58 196 0
0.640385 -0.386335 0.271835 58 196 0
0.638261 -0.382115 0.270745 58 196 0
0.637004 -0.376656 0.269936 58 196 0
0.639151 -0.371955 0.270877 58 196 0
0.641858 -0.36895 0.271779 58 196 0
0.644765 -0.366735 0.272855 58 196 0
0.649789 -0.366273 0.274838 58 196 0
0.654621 -0.367249 0.277056 58 196 0
0.658692 -0.369863 0.279375 58 196 0
0.662074 -0.374303 0.281406 59 195 0
0.661882 -0.380244 0.281555 59 195 0
0.661789 -0.386302 0.28184 59 195 0
0.658384 -0.39096 0.280274 59 195 0
0.653607 -0.39383 0.277958 59 195 0
0.64837 -0.394306 0.275313 59 195 0
0.643418 -0.39193 0.272871 59 195 0
0.639768 -0.387996 0.271009 59 195 0
0.637217 -0.382679 0.269657 59 195 0
0.638039 -0.376847 0.270006 59 195 0
0.640498 -0.371429 0.27118 59 195 0
0.644909 -0.368295 0.27325 59 195 0
0.649626 -0.366273 0.27512 59 195 0
0.653729 -0.366316 0.276405 59 195 0
0.658208 -0.368106 0.278441 59 195 0
0.661297 -0.371898 0.280111 59 195 0
0.662583 -0.376099 0.281031 59 195 0
0.66259 -0.379939 0.28137 59 195 0
0.660595 -0.384802 0.28096 59 195 0
0.657171 -0.388045 0.279751 59 195 0
0.652385 -0.389821 0.277788 59 195 0
0.647277 -0.390179 0.275363 59 195 0
0.643922 -0.387627 0.273762 59 195 0
0.640342 -0.384879 0.271898 59 195 0
0.63808 -0.379795 0.270498 59 195 0
0.637202 -0.374359 0.269601 59 195 0
0.637883 -0.368554 0.269014 59 195 0
0.640747 -0.363852 0.269446 59 195 0
0.644641 -0.35938 0.270304 59 195 0
0.649277 -0.356409 0.271697 59 195 0
0.654814 -0.355984 0.273843 59 195 0
0.659615 -0.357938 0.276202 59 195 0
0.663391 -0.361362 0.278739 59 195 0
0.664246 -0.366803 0.280041 59 195 0
0.663382 -0.372123 0.280885 59 195 0
0.659312 -0.376428 0.280005 59 195 0
0.654439 -0.378717 0.278352 59 195 0
0.649923 -0.380321 0.276399 59 195 0
0.645371 -0.377357 0.274003 59 195 0
0.641591 -0.373603 0.271457 59 195 0
0.639563 -0.368408 0.269477 59 195 0
0.638121 -0.363338 0.267351 59 195 0
0.640744 -0.35872 0.26722 59 195 0
0.642683 -0.353587 0.266777 59 195 0
0.646886 -0.349453 0.267234 59 195 0
0.651457 -0.346348 0.268359 59 195 0
0.656971 -0.34619 0.270501 59 195 0
0.661904 -0.347432 0.273082 59 195 0
0.665199 -0.351794 0.275468 59 195 0
0.665995 -0.357182 0.277531 59 195 0
0.664847 -0.362957 0.278638 59 195 0
0.661333 -0.367567 0.278209 59 195 0
0.65607 -0.369239 0.276785 59 195 0
0.651281 -0.369333 0.274572 59 195 0
0.646631 -0.367465 0.271795 59 195 0
0.643197 -0.363492 0.269046 59 195 0
0.641327 -0.358378 0.266573 59 195 0
0.641748 -0.352657 0.264931 59 195 0
0.642858 -0.346948 0.263494 59 195 0
0.645733 -0.341751 0.263534 59 195 0
0.650243 -0.337897 0.264254 59 195 0
0.655453 -0.336744 0.265733 59 195 0
0.660945 -0.336984 0.2681 59 195 0
0.665705 -0.338857 0.2709 59 195 0
0.668584 -0.343411 0.273489 59 195 0
0.668066 -0.348825 0.274689 59 195 0
0.665894 -0.354179 0.27522 59 195 0
0.662253 -0.358221 0.274473 59 195 0
0.656764 -0.358818 0.272422 59 195 0
0.651382 -0.358515 0.269814 59 195 0
0.646999 -0.355672 0.266972 59 195 0
0.643916 -0.351279 0.264461 59 195 0
0.642685 -0.345844 0.262415 59 195 0
0.644559 -0.34038 0.261811 59 195 0
0.645602 -0.334576 0.260936 59 195 0
0.649384 -0.329983 0.261178 59 195 0
0.654097 -0.326693 0.26251 59 195 0
0.659427 -0.325172 0.26471 59 195 0
0.664415 -0.327037 0.267074 59 195 0
0.66825 -0.330936 0.269446 59 195 0
0.670989 -0.33545 0.271858 59 195 0
0.6695 -0.341055 0.272108 59 195 0
0.66644 -0.346162 0.271511 59 195 0
0.661923 -0.34903 0.26983 59 195 0
0.656632 -0.348527 0.267274 59 195 0
0.651602 -0.346887 0.264676 59 195 0
0.647718 -0.343169 0.262306 59 195 0
0.646066 -0.337683 0.260734 59 195 0
0.645041 -0.331954 0.259314 59 195 0
0.646997 -0.326777 0.259355 59 195 0
0.650449 -0.321937 0.25981 59 195 0
0.653856 -0.317702 0.260581 59 195 0
0.659269 -0.316644 0.262831 59 195 0
0.66468 -0.316043 0.265332 59 195 0
0.669082 -0.319094 0.2677 59 195 0
0.671266 -0.324442 0.26917 59 195 0
0.671631 -0.329847 0.269967 59 195 0
0.668424 -0.334748 0.268737 59 195 0
0.664213 -0.338361 0.267034 59 195 0
0.65904 -0.339133 0.264776 59 195 0
0.654034 -0.336999 0.262273 59 195 0
0.650465 -0.332845 0.2602 59 195 0
0.648064 -0.32769 0.258375 59 195 0
0.646418 -0.322191 0.25678 59 195 0
0.647642 -0.316562 0.256416 60 194 0
0.651357 -0.312114 0.257612 60 194 0
0.655491 -0.308049 0.259059 60 194 0
0.660298 -0.305448 0.260993 60 194 0
0.66571 -0.304771 0.263434 60 194 0
0.66908 -0.30923 0.265003 60 194 0
0.672457 -0.313161 0.266993 60 194 0
0.67281 -0.319049 0.267597 60 194 0
0.671423 -0.32438 0.267732 60 194 0
0.667253 -0.328387 0.266209 60 194 0
0.661829 -0.328232 0.263704 60 194 0
0.656726 -0.327742 0.26106 60 194 0
0.652491 -0.324377 0.258653 60 194 0
0.649749 -0.319441 0.256834 60 194 0
0.647807 -0.314036 0.255139 60 194 0
0.648281 -0.308136 0.254593 60 194 0
0.650192 -0.302478 0.254842 60 194 0
0.654428 -0.298491 0.256244 60 194 0
0.659317 -0.295501 0.257928 60 194 0
0.664707 -0.294778 0.260085 60 194 0
0.669817 -0.296396 0.262643 60 194 0
0.673048 -0.300868 0.264549 60 194 0
0.674493 -0.306331 0.265847 60 194 0
0.673466 -0.312213 0.266148 60 194 0
0.669888 -0.316834 0.265114 60 194 0
0.664977 -0.318771 0.26301 60 194 0
0.659563 -0.318612 0.260479 60 194 0
0.65462 -0.316534 0.257921 60 194 0
0.651415 -0.311937 0.255931 60 194 0
0.649313 -0.30663 0.254191 60 194 0
0.649198 -0.30081 0.25326 60 194 0
0.650904 -0.295152 0.253142 60 194 0
0.654868 -0.290935 0.254255 60 194 0
0.658502 -0.28675 0.255073 60 194 0
0.663838 -0.285676 0.257304 60 194 0
0.668775 -0.285249 0.259453 60 194 0
0.67317 -0.288473 0.261672 60 194 0
0.675894 -0.293284 0.263453 60 194 0
0.675797 -0.29923 0.264132 60 194 0
0.673504 -0.304612 0.263722 60 194 0
0.668554 -0.307493 0.262006 60 194 0
0.663281 -0.308281 0.259848 60 194 0
0.658395 -0.306585 0.257447 60 194 0
0.653988 -0.303479 0.254925 60 194 0
0.651648 -0.298589 0.25328 60 194 0
0.650359 -0.292923 0.251834 60 194 0
0.651415 -0.287108 0.251385 60 194 0
0.654491 -0.282182 0.251941 60 194 0
0.658558 -0.277986 0.253214 60 194 0
0.663274 -0.275038 0.254868 60 194 0
0.668714 -0.27533 0.257021 60 194 0
0.673679 -0.277614 0.259434 60 194 0
0.676393 -0.28242 0.260973 60 194 0
0.677082 -0.287062 0.262068 60 194 0
0.67606 -0.292672 0.262418 60 194 0
0.67219 -0.297087 0.261318 60 194 0
0.667178 -0.297897 0.259206 60 194 0
0.661937 -0.297671 0.256812 60 194 0
0.657229 -0.294913 0.254395 60 194 0
0.653818 -0.290702 0.252441 60 194 0
0.652798 -0.284994 0.251374 60 194 0
0.653543 -0.279099 0.2507 60 194 0
0.654343 -0.273295 0.250018 60 194 0
0.658038 -0.268944 0.250867 60 194 0
0.662371 -0.265154 0.252479 60 194 0
0.667623 -0.263889 0.254654 60 194 0
0.67276 -0.265498 0.256897 60 194 0
0.676377 -0.26971 0.258619 60 194 0
0.678811 -0.274916 0.260224 60 194 0
0.678162 -0.280419 0.260508 60 194 0
0.675268 -0.285118 0.259979 60 194 0
0.670381 -0.287891 0.25835 60 194 0
0.665026 -0.288668 0.255981 60 194 0
0.66038 -0.285933 0.253751 60 194 0
0.655888 -0.28283 0.251334 60 194 0
0.654044 -0.277498 0.250164 60 194 0
0.653906 -0.271573 0.249439 60 194 0
0.655104 -0.265768 0.249239 60 194 0
0.658051 -0.26066 0.249686 60 194 0
0.661828 -0.256856 0.250537 60 194 0
0.66672 -0.254275 0.252145 60 194 0
0.672266 -0.254616 0.254383 60 194 0
0.676987 -0.257353 0.256502 60 194 0
0.679814 -0.26236 0.258017 60 194 0
0.679928 -0.268052 0.258681 60 194 0
0.678159 -0.273537 0.258868 60 194 0
0.673786 -0.277389 0.257616 60 194 0
0.668487 -0.278037 0.255769 60 194 0
0.663119 -0.2771 0.253522 60 194 0
0.65851 -0.274111 0.251253 60 194 0
0.65562 -0.269214 0.249625 60 194 0
0.653566 -0.263816 0.248145 60 194 0
0.654486 -0.258125 0.247897 60 194 0
0.656593 -0.252897 0.247768 60 194 0
0.660655 -0.249017 0.248544 60 194 0
0.664901 -0.244892 0.249274 60 194 0
0.670457 -0.244454 0.251072 60 194 0
0.675516 -0.245329 0.252661 60 194 0
0.679458 -0.248571 0.254294 60 194 0
0.681239 -0.253688 0.255542 60 194 0
0.681594 -0.258827 0.256977 60 194 0
0.679282 -0.264168 0.257055 60 194 0
0.674825 -0.266785 0.256538 60 194 0
0.669831 -0.268616 0.254813 60 194 0
0.664861 -0.266883 0.253122 61 193 0
0.660505 -0.264578 0.251222 61 193 0
0.657313 -0.26155 0.249595 61 193 0
0.655816 -0.257003 0.248534 61 193 0
0.655305 -0.253553 0.247891 61 193 0
0.654872 -0.248475 0.246568 61 193 0
0.657024 -0.243576 0.246327 61 193 0
0.659896 -0.239955 0.246702 61 193 0
0.662743 -0.237332 0.247039 61 193 0
0.666314 -0.234595 0.247538 61 193 0
0.671197 -0.23401 0.249089 61 193 0
0.668599 -0.235497 0.248311 61 193 0
0.663991 -0.23776 0.247254 61 193 0
0.659345 -0.239882 0.246078 61 193 0
0.654651 -0.241793 0.244749 61 193 0
0.649961 -0.24365 0.243322 61 193 0
0.64527 -0.24542 0.241798 61 193 0
0.644954 -0.245274 0.242735 61 193 0
0.585246 -0.247509 0.217447 61 193 0
0.585717 -0.24761 0.21657 61 193 0
0.585717 -0.24761 0.21657 61 193 0
0.584934 -0.25529 0.217778 61 193 0
0.584971 -0.260331 0.218689 61 193 0
0.58475 -0.265383 0.219516 61 193 0
0.584599 -0.270448 0.220272 61 193 0
0.584574 -0.275527 0.220941 61 193 0
0.584453 -0.280619 0.221472 61 193 0
0.584173 -0.285716 0.221909 61 193 0
0.583921 -0.290818 0.22231 61 193 0
0.58373 -0.295929 0.22262 61 193 0
0.583552 -0.301041 0.222894 61 193 0
0.581845 -0.310816 0.223747 61 193 0
0.580919 -0.315822 0.22426 61 193 0
0.579983 -0.320841 0.224727 61 193 0
0.579146 -0.325871 0.22525 61 193 0
0.578031 -0.330853 0.225724 61 193 0
0.577105 -0.335853 0.22637 61 193 0
0.576196 -0.340858 0.227003 61 193 0
0.575125 -0.34585 0.227463 61 193 0
0.573998 -0.350829 0.227938 61 193 0
0.57311 -0.355842 0.228533 61 193 0
0.572226 -0.36086 0.229103 61 193 0
0.571109 -0.365833 0.229639 61 193 0
0.57022 -0.370843 0.230224 61 193 0
0.571437 -0.363065 0.229474 61 193 0
0.572708 -0.358487 0.229052 61 193 0
0.573687 -0.35385 0.228469 61 193 0
0.574696 -0.349215 0.22793 61 193 0
0.575844 -0.344603 0.227483 61 193 0
0.576754 -0.339943 0.226973 61 193 0
0.577681 -0.335279 0.226539 61 193 0
0.578604 -0.330622 0.226031 61 193 0
0.579533 -0.325966 0.22552 61 193 0
0.580509 -0.321312 0.225097 61 193 0
0.581421 -0.316646 0.224755 61 193 0
0.581918 -0.308617 0.223236 61 193 0
0.582327 -0.303773 0.222817 61 193 0
0.5825 -0.298904 0.222438 61 193 0
0.582728 -0.29404 0.222021 61 193 0
0.582845 -0.289168 0.22164 61 193 0
0.582995 -0.2843 0.221221 61 193 0
0.583163 -0.279437 0.220748 61 193 0
0.58335 -0.274577 0.220264 61 193 0
0.583428 -0.269731 0.21963 61 193 0
0.583743 -0.264898 0.218987 61 193 0
0.583888 -0.260089 0.218175 61 193 0
0.584374 -0.255271 0.217514 61 193 0
0.585228 -0.232458 0.215797 61 193 0
0.58876 -0.23445 0.217687 61 193 0
0.592288 -0.236466 0.219553 61 193 0
0.595646 -0.240625 0.221712 61 193 0
0.596779 -0.246018 0.222819 61 193 0
0.594872 -0.251438 0.222513 61 193 0
0.591751 -0.256362 0.22137 61 193 0
0.587735 -0.26035 0.21963 61 193 0
0.583122 -0.262923 0.217064 61 193 0
0.578318 -0.261329 0.214142 61 193 0
0.573548 -0.260264 0.211056 61 193 0
0.569915 -0.256126 0.208572 61 193 0
0.567575 -0.251051 0.206631 61 193 0
0.567739 -0.24505 0.206161 61 193 0
0.568986 -0.239212 0.206455 61 193 0
0.573075 -0.235759 0.208571 61 193 0
0.577706 -0.232969 0.211225 61 193 0
0.582108 -0.235009 0.214027 61 193 0
0.585962 -0.238251 0.216739 61 193 0
0.587956 -0.243673 0.218449 61 193 0
0.587756 -0.249594 0.218795 61 193 0
0.586047 -0.255297 0.217995 61 193 0
0.582355 -0.259234 0.215965 61 193 0
0.577543 -0.261659 0.213241 61 193 0
0.572553 -0.263003 0.210384 61 193 0
0.567968 -0.260862 0.207714 61 193 0
0.563891 -0.257212 0.205153 61 193 0
0.560224 -0.253572 0.202602 61 193 0
0.559296 -0.2477 0.201639 61 193 0
0.560414 -0.241875 0.201731 61 193 0
0.562582 -0.236407 0.202701 61 193 0
0.567648 -0.234906 0.20553 61 193 0
0.572872 -0.234898 0.208564 61 193 0
0.577369 -0.237433 0.21152 61 193 0
0.579949 -0.242423 0.213399 61 193 0
0.57988 -0.248412 0.213823 61 193 0
0.57864 -0.254231 0.213429 62 192 0
0.575101 -0.258639 0.211609 62 192 0
0.57042 -0.261193 0.209109 62 192 0
0.565475 -0.263137 0.206457 62 192 0
0.560753 -0.260656 0.203706 62 192 0
0.556155 -0.259197 0.200806 62 192 0
0.553307 -0.254245 0.198845 62 192 0
0.552198 -0.248636 0.197913 62 192 0
0.552411 -0.242622 0.19767 62 192 0
0.554678 -0.237934 0.198566 62 192 0
0.557514 -0.235006 0.199826 62 192 0
0.562566 -0.234885 0.202284 62 192 0
0.567459 -0.235624 0.204837 62 192 0
0.570883 -0.238097 0.206901 62 192 0
0.573094 -0.242314 0.208496 62 192 0
0.574199 -0.247678 0.209799 62 192 0
0.57428 -0.253415 0.210745 62 192 0
0.572294 -0.258744 0.210399 62 192 0
0.569537 -0.263604 0.20932 62 192 0
0.564903 -0.266298 0.206841 62 192 0
0.560556 -0.268684 0.204335 62 192 0
0.555654 -0.267436 0.201348 62 192 0
0.551511 -0.264638 0.19868 62 192 0
0.549537 -0.259667 0.197191 62 192 0
0.547956 -0.254345 0.195928 62 192 0
0.550154 -0.249049 0.196709 62 192 0
0.554381 -0.245576 0.198822 62 192 0
0.559064 -0.244456 0.201284 62 192 0
0.56417 -0.244501 0.204367 62 192 0
0.568264 -0.247545 0.207105 62 192 0
0.570708 -0.252545 0.209186 62 192 0
0.572428 -0.257944 0.210717 62 192 0
0.572137 -0.263888 0.211166 62 192 0
0.569564 -0.268744 0.210319 62 192 0
0.566247 -0.273372 0.208869 62 192 0
0.562216 -0.277154 0.206764 62 192 0
0.557298 -0.278773 0.203844 62 192 0
0.55257 -0.277707 0.200832 62 192 0
0.549034 -0.273643 0.198357 62 192 0
0.547295 -0.268233 0.196916 62 192 0
0.547642 -0.262343 0.196541 62 192 0
0.55115 -0.25784 0.198215 62 192 0
0.555219 -0.25455 0.200578 62 192 0
0.560232 -0.254695 0.203813 62 192 0
0.564905 -0.255874 0.206996 62 192 0
0.56741 -0.260484 0.209001 62 192 0
0.569472 -0.265822 0.210655 62 192 0
0.571321 -0.271114 0.212109 62 192 0
0.569321 -0.276671 0.211246 62 192 0
0.567857 -0.282049 0.210816 62 192 0
0.563661 -0.285525 0.208637 62 192 0
0.558816 -0.28764 0.205876 62 192 0
0.553831 -0.288321 0.202797 62 192 0
0.549643 -0.285697 0.199767 62 192 0
0.547121 -0.280752 0.197705 62 192 0
0.54604 -0.275259 0.196621 62 192 0
0.548016 -0.269801 0.197616 62 192 0
0.552133 -0.266656 0.200147 62 192 0
0.556841 -0.264876 0.203239 62 192 0
0.561787 -0.265289 0.206469 62 192 0
0.56576 -0.268259 0.209201 62 192 0
0.568392 -0.273209 0.211235 62 192 0
0.56885 -0.278951 0.211915 62 192 0
0.568723 -0.284911 0.212197 62 192 0
0.566724 -0.290362 0.21134 62 192 0
0.563117 -0.294672 0.209429 62 192 0
0.558907 -0.297883 0.206866 62 192 0
0.554097 -0.298574 0.203799 62 192 0
0.549743 -0.296051 0.200817 62 192 0
0.545935 -0.293115 0.198226 62 192 0
0.545258 -0.287329 0.197345 62 192 0
0.545577 -0.281454 0.197316 62 192 0
0.549012 -0.27746 0.199419 62 192 0
0.553198 -0.274245 0.202159 62 192 0
0.557922 -0.274639 0.205303 62 192 0
0.561941 -0.277769 0.208141 62 192 0
0.565584 -0.281319 0.210695 62 192 0
0.568398 -0.286124 0.212779 62 192 0
0.568189 -0.292084 0.213014 62 192 0
0.56753 -0.297812 0.212853 62 192 0
0.564577 -0.302721 0.211189 62 192 0
0.560733 -0.306137 0.208807 62 192 0
0.556181 -0.308442 0.205793 62 192 0
0.551223 -0.308713 0.202484 62 192 0
0.54719 -0.305962 0.199529 62 192 0
0.544976 -0.301597 0.197749 62 192 0
0.543123 -0.296243 0.196342 62 192 0
0.545227 -0.291514 0.19735 62 192 0
0.548328 -0.287735 0.199277 62 192 0
0.552092 -0.284537 0.201866 62 192 0
0.556815 -0.285412 0.20505 62 192 0
0.56086 -0.288227 0.208044 62 192 0
0.564396 -0.290999 0.210638 62 192 0
0.565933 -0.296384 0.212368 62 192 0
0.565593 -0.302317 0.212903 62 192 0
0.565325 -0.308269 0.213246 62 192 0
0.563243 -0.313604 0.21214 62 192 0
0.558888 -0.316244 0.209425 62 192 0
0.555168 -0.318665 0.206598 62 192 0
0.55046 -0.317993 0.203018 62 192 0
0.546286 -0.316914 0.199401 62 192 0
0.543342 -0.31327 0.196741 62 192 0
0.543511 -0.307466 0.196391 62 192 0
0.543853 -0.302143 0.196539 62 192 0
0.546554 -0.298652 0.198234 63 191 0
0.550543 -0.296262 0.200904 63 191 0
0.555007 -0.296017 0.204189 63 191 0
0.559031 -0.29655 0.207757 63 191 0
0.56111 -0.299754 0.209585 63 191 0
0.563775 -0.302437 0.211665 63 191 0
0.565339 -0.307005 0.213275 63 191 0
0.564741 -0.312875 0.214311 63 191 0
0.564226 -0.318737 0.214498 63 191 0
0.561553 -0.323637 0.213192 63 191 0
0.557867 -0.326325 0.210594 63 191 0
0.554654 -0.328653 0.20721 63 191 0
0.550264 -0.328449 0.203212 63 191 0
0.546174 -0.326972 0.199639 63 191 0
0.542988 -0.32276 0.196826 63 191 0
0.543065 -0.316863 0.196359 63 191 0
0.544755 -0.311236 0.197546 63 191 0
0.547927 -0.306839 0.199973 63 191 0
0.552549 -0.306332 0.203632 63 191 0
0.557075 -0.306792 0.207521 63 191 0
0.561174 -0.309112 0.21094 63 191 0
0.563269 -0.314154 0.213289 63 191 0
0.564378 -0.319702 0.214905 63 191 0
0.563948 -0.325659 0.215415 63 191 0
0.562298 -0.331345 0.214588 63 191 0
0.559707 -0.336269 0.212679 63 191 0
0.555491 -0.338931 0.209407 63 191 0
0.551113 -0.340298 0.205804 63 191 0
0.546634 -0.338777 0.202219 63 191 0
0.543282 -0.335219 0.198902 63 191 0
0.542099 -0.329996 0.197369 63 191 0
0.542512 -0.324025 0.197293 63 191 0
0.545258 -0.319667 0.199341 63 191 0
0.549222 -0.316666 0.202619 63 191 0
0.553791 -0.316153 0.206354 63 191 0
0.558 -0.317628 0.209909 63 191 0
0.561033 -0.321701 0.213077 63 191 0
0.563354 -0.326666 0.215447 63 191 0
0.563554 -0.33248 0.216408 63 191 0
0.562725 -0.338347 0.21631 63 191 0
0.559978 -0.343184 0.214548 63 191 0
0.557144 -0.347942 0.21236 63 191 0
0.552879 -0.3504 0.209171 63 191 0
0.548308 -0.350033 0.205434 63 191 0
0.544248 -0.347529 0.20204 63 191 0
0.541604 -0.342929 0.19933 63 191 0
0.541803 -0.337026 0.19862 63 191 0
0.543543 -0.33164 0.199447 63 191 0
0.547418 -0.328103 0.20222 63 191 0
0.551348 -0.326596 0.20556 63 191 0
0.555615 -0.328352 0.209261 63 191 0
0.559455 -0.330986 0.21301 63 191 0
0.562292 -0.335257 0.215936 63 191 0
0.562856 -0.340936 0.217397 63 191 0
0.561964 -0.34681 0.217535 63 191 0
0.560283 -0.352502 0.216742 63 191 0
0.556834 -0.356537 0.214505 63 191 0
0.553306 -0.360451 0.211837 63 191 0
0.548574 -0.360444 0.208161 63 191 0
0.544387 -0.359147 0.204577 63 191 0
0.540989 -0.355247 0.201563 63 191 0
0.540876 -0.349602 0.2006 63 191 0
0.54215 -0.344018 0.200965 63 191 0
0.545037 -0.339141 0.202885 63 191 0
0.549572 -0.33784 0.206252 63 191 0
0.553725 -0.33714 0.209859 63 191 0
0.557385 -0.340264 0.213434 63 191 0
0.560684 -0.344015 0.216717 63 191 0
0.562062 -0.349384 0.218755 63 191 0
0.561613 -0.355311 0.219437 63 191 0
0.560322 -0.360976 0.219042 63 191 0
0.557551 -0.365919 0.217303 63 191 0
0.553758 -0.369687 0.214612 63 191 0
0.549346 -0.370654 0.211245 63 191 0
0.545022 -0.369848 0.207441 63 191 0
0.541701 -0.366359 0.203875 63 191 0
0.540012 -0.361185 0.201911 63 191 0
0.540211 -0.35521 0.201538 63 191 0
0.542785 -0.350271 0.2032 63 191 0
0.547274 -0.348549 0.206597 63 191 0
0.551777 -0.348273 0.21052 63 191 0
0.555998 -0.34958 0.214436 63 191 0
0.558775 -0.353635 0.217544 63 191 0
0.561215 -0.35845 0.220142 63 191 0
0.561206 -0.364237 0.221163 63 191 0
0.559673 -0.370013 0.22077 63 191 0
0.55735 -0.375313 0.219458 63 191 0
0.554186 -0.379632 0.217157 63 191 0
0.550059 -0.382443 0.213851 63 191 0
0.545662 -0.381374 0.210094 63 191 0
0.542155 -0.378478 0.20656 63 191 0
0.539421 -0.374334 0.20366 63 191 0
0.539765 -0.368557 0.202701 63 191 0
0.541516 -0.363009 0.203486 63 191 0
0.544419 -0.358714 0.205972 63 191 0
0.54888 -0.358326 0.209929 63 191 0
0.553119 -0.358752 0.214116 63 191 0
0.557146 -0.36095 0.217836 63 191 0
0.558976 -0.365963 0.220351 63 191 0
0.560642 -0.371288 0.222361 63 191 0
0.560566 -0.377196 0.222754 63 191 0
0.558642 -0.382321 0.221529 63 191 0
0.555612 -0.386833 0.219052 63 191 0
0.552382 -0.390773 0.216243 64 190 0
0.548621 -0.392119 0.212666 64 190 0
0.544887 -0.390995 0.20875 64 190 0
0.541997 -0.388069 0.206051 64 190 0
0.538995 -0.384363 0.203197 64 190 0
0.539291 -0.378566 0.202811 64 190 0
0.540447 -0.374205 0.203551 64 190 0
0.543419 -0.370093 0.206095 64 190 0
0.546842 -0.368635 0.209615 64 190 0
0.549779 -0.368196 0.213463 64 190 0
0.553187 -0.369747 0.21728 64 190 0
0.557178 -0.371927 0.220329 64 190 0
0.559096 -0.377237 0.221583 64 190 0
0.56057 -0.382703 0.222276 64 190 0
0.559265 -0.388067 0.220988 64 190 0
0.556929 -0.392712 0.218821 64 190 0
0.552924 -0.395545 0.215661 64 190 0
0.548609 -0.396714 0.212057 64 190 0
0.543964 -0.396166 0.208578 64 190 0
0.540634 -0.392633 0.205742 64 190 0
0.538703 -0.387678 0.203883 64 190 0
0.538577 -0.381865 0.203458 64 190 0
0.539681 -0.376242 0.204086 64 190 0
0.542407 -0.371777 0.206132 64 190 0
0.546549 -0.369487 0.209295 64 190 0
0.550135 -0.368196 0.212846 64 190 0
0.553505 -0.368578 0.217132 64 190 0
0.556531 -0.370565 0.219777 64 190 0
0.558505 -0.37377 0.221562 64 190 0
0.560399 -0.377417 0.223493 64 190 0
0.56024 -0.383141 0.223722 64 190 0
0.558324 -0.386891 0.222187 64 190 0
0.555588 -0.390445 0.219283 64 190 0
0.552009 -0.391919 0.215799 64 190 0
0.548029 -0.392097 0.211879 64 190 0
0.544323 -0.388924 0.20858 64 190 0
0.541501 -0.385482 0.205489 64 190 0
0.540177 -0.380265 0.203682 64 190 0
0.539003 -0.374632 0.202237 64 190 0
0.540955 -0.369344 0.202979 64 190 0
0.542574 -0.364045 0.20414 64 190 0
0.546041 -0.360833 0.207096 64 190 0
0.549512 -0.35831 0.210794 64 190 0
0.553782 -0.357794 0.214788 64 190 0
0.557421 -0.35989 0.218631 64 190 0
0.560634 -0.363748 0.221706 64 190 0
0.561006 -0.368987 0.222554 64 190 0
0.560667 -0.374805 0.222656 64 190 0
0.556881 -0.378671 0.220163 64 190 0
0.552569 -0.380698 0.216757 64 190 0
0.548785 -0.38205 0.213239 64 190 0
0.545617 -0.378688 0.209572 64 190 0
0.542744 -0.37537 0.206393 64 190 0
0.540792 -0.370389 0.203771 64 190 0
0.539823 -0.365263 0.202078 64 190 0
0.54174 -0.359619 0.202364 64 190 0
0.544053 -0.354257 0.203739 64 190 0
0.547084 -0.349855 0.206347 64 190 0
0.551131 -0.347024 0.209768 64 190 0
0.554718 -0.348624 0.213146 64 190 0
0.558848 -0.349272 0.21715 64 190 0
0.561353 -0.353568 0.219979 64 190 0
0.562758 -0.35873 0.221856 64 190 0
0.561164 -0.36439 0.221351 64 190 0
0.557326 -0.36818 0.218816 64 190 0
0.553381 -0.37078 0.215332 64 190 0
0.548907 -0.370628 0.211348 64 190 0
0.54535 -0.368189 0.207407 64 190 0
0.542889 -0.363995 0.204206 64 190 0
0.541259 -0.358709 0.20193 64 190 0
0.540737 -0.353091 0.200797 64 190 0
0.542877 -0.347754 0.201393 64 190 0
0.54552 -0.342666 0.203136 64 190 0
0.548896 -0.338436 0.205663 64 190 0
0.553229 -0.336422 0.209121 64 190 0
0.557557 -0.337801 0.213046 64 190 0
0.561426 -0.340695 0.216561 64 190 0
0.563586 -0.345369 0.219445 64 190 0
0.563754 -0.351158 0.220416 64 190 0
0.561111 -0.356113 0.219037 64 190 0
0.55731 -0.359465 0.216068 64 190 0
0.552892 -0.360448 0.212236 64 190 0
0.548439 -0.359799 0.208361 64 190 0
0.545213 -0.356522 0.20507 64 190 0
0.543108 -0.351543 0.202478 64 190 0
0.543048 -0.345804 0.201296 64 190 0
0.543373 -0.339822 0.200777 64 190 0
0.545083 -0.334341 0.201496 64 190 0
0.548781 -0.330529 0.203929 64 190 0
0.552919 -0.327272 0.206832 64 190 0
0.557265 -0.327498 0.210579 64 190 0
0.561325 -0.328752 0.214473 64 190 0
0.563883 -0.333533 0.217054 64 190 0
0.564907 -0.339047 0.218557 64 190 0
0.564285 -0.344728 0.218505 64 190 0
0.560769 -0.348584 0.216008 64 190 0
0.556627 -0.350662 0.212735 64 190 0
0.551933 -0.350323 0.209075 64 190 0
0.548262 -0.347247 0.205499 64 190 0
0.544978 -0.343296 0.202397 64 190 0
0.543674 -0.337844 0.200732 64 190 0
0.543924 -0.331893 0.200093 64 190 0
0.544184 -0.326125 0.199919 64 190 0
0.547996 -0.322117 0.202247 64 190 0
0.552056 -0.319022 0.205207 65 189 0
0.556479 -0.316686 0.208543 65 189 0
0.560963 -0.317314 0.212313 65 189 0
0.564341 -0.320756 0.21533 65 189 0
0.565726 -0.326237 0.217087 65 189 0
0.56602 -0.33211 0.217602 65 189 0
0.563095 -0.336101 0.215665 65 189 0
0.559197 -0.339579 0.212765 65 189 0
0.554683 -0.340494 0.209016 65 189 0
0.550481 -0.338363 0.205506 65 189 0
0.546737 -0.334767 0.202484 65 189 0
0.545256 -0.329243 0.200909 65 189 0
0.543988 -0.323678 0.199333 65 189 0
0.544479 -0.317746 0.199155 65 189 0
0.547289 -0.312803 0.200559 65 189 0
0.551348 -0.309271 0.203126 65 189 0
0.555842 -0.307054 0.206441 65 189 0
0.560626 -0.306613 0.210014 65 189 0
0.564349 -0.309484 0.213253 65 189 0
0.566735 -0.314524 0.215482 65 189 0
0.566779 -0.320307 0.215767 65 189 0
0.564637 -0.325742 0.214363 65 189 0
0.560664 -0.329239 0.211591 65 189 0
0.556199 -0.329757 0.208518 65 189 0
0.551561 -0.328342 0.205107 65 189 0
0.547812 -0.325257 0.202064 65 189 0
0.545459 -0.320205 0.199899 65 189 0
0.544523 -0.31437 0.198799 65 189 0
0.544854 -0.308482 0.198588 65 189 0
0.547856 -0.303562 0.200257 65 189 0
0.551593 -0.299524 0.202662 65 189 0
0.556032 -0.296907 0.205641 65 189 0
0.560962 -0.296346 0.208968 65 189 0
0.565196 -0.298979 0.212182 65 189 0
0.567532 -0.302767 0.214247 65 189 0
0.569113 -0.308196 0.215616 65 189 0
0.566834 -0.313302 0.214416 65 189 0
0.563732 -0.317701 0.212348 65 189 0
0.559132 -0.320025 0.209264 65 189 0
0.554353 -0.318793 0.206034 65 189 0
0.54993 -0.316203 0.202912 65 189 0
0.546544 -0.312311 0.200362 65 189 0
0.545086 -0.306698 0.198888 65 189 0
0.54612 -0.30117 0.198866 65 189 0
0.546257 -0.295203 0.198726 65 189 0
0.550184 -0.291562 0.200959 65 189 0
0.554088 -0.287905 0.203487 65 189 0
0.558665 -0.285583 0.206578 65 189 0
0.563353 -0.286152 0.209761 65 189 0
0.566927 -0.290041 0.21231 65 189 0
0.569336 -0.295261 0.214071 65 189 0
0.569592 -0.300928 0.21449 65 189 0
0.566597 -0.305472 0.212724 65 189 0
0.561932 -0.307818 0.209744 65 189 0
0.556997 -0.308422 0.206441 65 189 0
0.552398 -0.30704 0.203214 65 189 0
0.548958 -0.302881 0.200712 65 189 0
0.546264 -0.298054 0.198683 65 189 0
0.546457 -0.292052 0.198388 65 189 0
0.54761 -0.286379 0.198825 65 189 0
0.550288 -0.281218 0.200354 65 189 0
0.553353 -0.27645 0.202335 65 189 0
0.558336 -0.276097 0.2056 65 189 0
0.563144 -0.276669 0.208831 65 189 0
0.567402 -0.279387 0.211907 65 189 0
0.570319 -0.284135 0.214103 65 189 0
0.56945 -0.289878 0.213894 65 189 0
0.568042 -0.2954 0.213133 65 189 0
0.563969 -0.298671 0.210553 65 189 0
0.558979 -0.29888 0.207209 65 189 0
0.554179 -0.29783 0.203904 65 189 0
0.550103 -0.294502 0.201028 65 189 0
0.547204 -0.289878 0.198793 65 189 0
0.546711 -0.284106 0.197822 65 189 0
0.547273 -0.278182 0.1977 65 189 0
0.549951 -0.272956 0.198898 65 189 0
0.553527 -0.268559 0.200853 65 189 0
0.557897 -0.265586 0.203605 65 189 0
0.562829 -0.264797 0.206804 65 189 0
0.567309 -0.267104 0.20994 65 189 0
0.57115 -0.270634 0.212809 65 189 0
0.570843 -0.276623 0.213244 65 189 0
0.569715 -0.282332 0.213059 65 189 0
0.566096 -0.286483 0.210983 65 189 0
0.561641 -0.288314 0.208197 65 189 0
0.556771 -0.287976 0.204873 65 189 0
0.552614 -0.28495 0.201769 65 189 0
0.549901 -0.280249 0.199416 65 189 0
0.547571 -0.275047 0.197572 65 189 0
0.548068 -0.269374 0.197307 65 189 0
0.549553 -0.263729 0.197727 65 189 0
0.552675 -0.259126 0.199045 65 189 0
0.557161 -0.256756 0.20133 65 189 0
0.561872 -0.254705 0.204092 65 189 0
0.566659 -0.255602 0.207228 65 189 0
0.570634 -0.259007 0.210155 65 189 0
0.57228 -0.264039 0.212062 65 189 0
0.571386 -0.269268 0.212347 65 189 0
0.569255 -0.27433 0.211569 65 189 0
0.564951 -0.277216 0.209204 65 189 0
0.560111 -0.278613 0.206132 65 189 0
0.555934 -0.276645 0.20315 65 189 0
0.552151 -0.273023 0.200349 65 189 0
0.549328 -0.268572 0.198121 65 189 0
0.548662 -0.262819 0.19723 66 188 0
0.54975 -0.25842 0.197399 66 188 0
0.549983 -0.252425 0.197019 66 188 0
0.554508 -0.249379 0.199132 66 188 0
0.558606 -0.245727 0.20092 66 188 0
0.563736 -0.244486 0.203446 66 188 0
0.568646 -0.245458 0.20626 66 188 0
0.571334 -0.248672 0.208276 66 188 0
0.573615 -0.253473 0.210342 66 188 0
0.573422 -0.259036 0.211238 66 188 0
0.570011 -0.263465 0.210072 66 188 0
0.566121 -0.266253 0.208028 66 188 0
0.562925 -0.268644 0.206025 66 188 0
0.558092 -0.267732 0.202833 66 188 0
0.554132 -0.264308 0.200218 66 188 0
0.551783 -0.260256 0.198663 66 188 0
0.549839 -0.256635 0.197329 66 188 0
0.549966 -0.250723 0.196961 66 188 0
0.5502 -0.244828 0.196593 66 188 0
0.552407 -0.241296 0.197486 66 188 0
0.553958 -0.237932 0.198187 66 188 0
0.557754 -0.236198 0.199924 66 188 0
0.562587 -0.234885 0.202248 66 188 0
0.564705 -0.235692 0.203374 66 188 0
0.568692 -0.237687 0.205659 66 188 0
0.572563 -0.239772 0.208056 66 188 0
0.576273 -0.242089 0.210495 66 188 0
0.579985 -0.244392 0.212945 66 188 0
0.583647 -0.246817 0.215342 66 188 0
0.583163 -0.246698 0.216209 66 188 0
0.641725 -0.246942 0.243144 66 188 0
0.642063 -0.247079 0.242213 66 188 0
0.641875 -0.254732 0.242159 66 188 0
0.641641 -0.259948 0.242904 66 188 0
0.641042 -0.265143 0.243612 66 188 0
0.640688 -0.270347 0.244383 66 188 0
0.640491 -0.275557 0.2452 66 188 0
0.640169 -0.280765 0.24598 66 188 0
0.639747 -0.285976 0.246698 66 188 0
0.639245 -0.291187 0.247355 66 188 0
0.638903 -0.296401 0.248059 66 188 0
0.638407 -0.3016 0.248656 66 188 0
0.637261 -0.309331 0.249858 66 188 0
0.636478 -0.314108 0.251144 66 188 0
0.635736 -0.318938 0.252239 66 188 0
0.635053 -0.323783 0.253307 66 188 0
0.634347 -0.328612 0.25443 66 188 0
0.633688 -0.333435 0.255608 66 188 0
0.632963 -0.338262 0.256728 66 188 0
0.632359 -0.3431 0.257874 66 188 0
0.631729 -0.347931 0.259036 66 188 0
0.631135 -0.352773 0.260169 66 188 0
0.630546 -0.357623 0.261271 66 188 0
0.630023 -0.362506 0.262249 66 188 0
0.629459 -0.367379 0.263255 66 188 0
0.628926 -0.372287 0.264089 66 188 0
0.629633 -0.364555 0.263172 66 188 0
0.630254 -0.359777 0.261945 66 188 0
0.630851 -0.355001 0.260701 66 188 0
0.631434 -0.35019 0.259588 66 188 0
0.632049 -0.345395 0.258427 66 188 0
0.632856 -0.340604 0.257369 66 188 0
0.633499 -0.335807 0.256227 66 188 0
0.634203 -0.331018 0.255092 66 188 0
0.634895 -0.326227 0.253954 66 188 0
0.635632 -0.321416 0.252944 66 188 0
0.636551 -0.316637 0.251924 66 188 0
0.637382 -0.308381 0.249727 66 188 0
0.637568 -0.303537 0.248962 66 188 0
0.637892 -0.298702 0.248194 66 188 0
0.638266 -0.293872 0.247413 66 188 0
0.638631 -0.289024 0.246744 66 188 0
0.639014 -0.284175 0.246094 66 188 0
0.639408 -0.279331 0.245414 66 188 0
0.639901 -0.27449 0.244775 66 188 0
0.64038 -0.269647 0.244141 66 188 0
0.640895 -0.26481 0.243494 66 188 0
0.64142 -0.259976 0.24283 66 188 0
0.641859 -0.25513 0.242202 66 188 0
0.643548 -0.232337 0.238652 66 188 0
0.648052 -0.233877 0.240776 66 188 0
0.652388 -0.23551 0.24312 66 188 0
0.655921 -0.238635 0.245543 66 188 0
0.657051 -0.244174 0.246916 66 188 0
0.656744 -0.250066 0.24779 66 188 0
0.655515 -0.255713 0.248057 66 188 0
0.651935 -0.259428 0.247166 66 188 0
0.64762 -0.26235 0.245446 66 188 0
0.642958 -0.259737 0.242976 66 188 0
0.63839 -0.257009 0.240186 66 188 0
0.636442 -0.251921 0.238544 66 188 0
0.63704 -0.245975 0.237933 66 188 0
0.638967 -0.240622 0.23809 66 188 0
0.642457 -0.235863 0.239147 66 188 0
0.647452 -0.234816 0.241206 66 188 0
0.652391 -0.232633 0.243407 66 188 0
0.657297 -0.235018 0.245926 66 188 0
0.66209 -0.237243 0.248538 66 188 0
0.664641 -0.2424 0.250221 66 188 0
0.666274 -0.247838 0.251538 66 188 0
0.666478 -0.253793 0.252299 66 188 0
0.662569 -0.257891 0.250924 66 188 0
0.658237 -0.261627 0.249149 66 188 0
0.653058 -0.262439 0.246718 67 187 0
0.648925 -0.259008 0.244483 67 187 0
0.646005 -0.254137 0.242528 67 187 0
0.644544 -0.248599 0.241122 67 187 0
0.646821 -0.243068 0.241603 67 187 0
0.649458 -0.238102 0.242196 67 187 0
0.654639 -0.235695 0.244007 67 187 0
0.660208 -0.23517 0.245948 67 187 0
0.665648 -0.234601 0.248421 67 187 0
0.670116 -0.237959 0.250564 67 187 0
0.674245 -0.241551 0.252913 67 187 0
0.675962 -0.247031 0.254192 67 187 0
0.674416 -0.252737 0.254052 67 187 0
0.673207 -0.258497 0.254293 67 187 0
0.66829 -0.2614 0.252658 67 187 0
0.662687 -0.262012 0.250968 67 187 0
0.657859 -0.25944 0.248955 67 187 0
0.654577 -0.25526 0.247107 67 187 0
0.653259 -0.24998 0.245792 67 187 0
0.655018 -0.244766 0.245717 67 187 0
0.65755 -0.239691 0.245654 67 187 0
0.661736 -0.236823 0.246785 67 187 0
0.66605 -0.234589 0.247719 67 187 0
0.671113 -0.23401 0.249233 67 187 0
0.674805 -0.236218 0.249782 67 187 0
0.678157 -0.238561 0.251345 67 187 0
0.680899 -0.242647 0.252979 67 187 0
0.683114 -0.24683 0.254844 67 187 0
0.68269 -0.252701 0.255987 67 187 0
0.680301 -0.257845 0.256185 67 187 0
0.677685 -0.262792 0.256438 67 187 0
0.673062 -0.266423 0.255358 67 187 0
0.668181 -0.268517 0.254008 67 187 0
0.662688 -0.267641 0.252037 67 187 0
0.658629 -0.263732 0.250215 67 187 0
0.655337 -0.259926 0.248099 67 187 0
0.654585 -0.254245 0.246729 67 187 0
0.657232 -0.249174 0.247112 67 187 0
0.661559 -0.245577 0.248249 67 187 0
0.667104 -0.244931 0.250134 67 187 0
0.672674 -0.245257 0.25235 67 187 0
0.677177 -0.248302 0.254694 67 187 0
0.680068 -0.25315 0.256574 67 187 0
0.681139 -0.258933 0.25771 67 187 0
0.680505 -0.264884 0.258227 67 187 0
0.678197 -0.270351 0.258073 67 187 0
0.674965 -0.275255 0.257544 67 187 0
0.669955 -0.278103 0.256154 67 187 0
0.664443 -0.278135 0.253778 67 187 0
0.659644 -0.276789 0.251527 67 187 0
0.655908 -0.272498 0.249573 67 187 0
0.654917 -0.267225 0.248688 67 187 0
0.655273 -0.261451 0.248243 67 187 0
0.659336 -0.25751 0.249553 67 187 0
0.663939 -0.25414 0.251435 67 187 0
0.669251 -0.25517 0.253806 67 187 0
0.674211 -0.257432 0.256325 67 187 0
0.676726 -0.262079 0.257712 67 187 0
0.679487 -0.267006 0.259531 67 187 0
0.679342 -0.272987 0.260149 67 187 0
0.678621 -0.278782 0.260412 67 187 0
0.675298 -0.283447 0.259465 67 187 0
0.670356 -0.286434 0.257776 67 187 0
0.665241 -0.288666 0.2556 67 187 0
0.659949 -0.287427 0.253239 67 187 0
0.655575 -0.284046 0.250965 67 187 0
0.653992 -0.278472 0.249913 67 187 0
0.654771 -0.27264 0.249889 67 187 0
0.658178 -0.267943 0.25084 67 187 0
0.663311 -0.265597 0.252927 67 187 0
0.668273 -0.266108 0.255132 67 187 0
0.672768 -0.269309 0.257525 67 187 0
0.677143 -0.272435 0.260106 67 187 0
0.678881 -0.277916 0.261537 67 187 0
0.678682 -0.283878 0.262269 67 187 0
0.67715 -0.2895 0.262285 67 187 0
0.67413 -0.294652 0.261651 67 187 0
0.669648 -0.298149 0.259955 67 187 0
0.664123 -0.298434 0.257603 67 187 0
0.658865 -0.297148 0.255276 67 187 0
0.655072 -0.293042 0.253302 67 187 0
0.652948 -0.287689 0.251731 67 187 0
0.653217 -0.281809 0.251123 67 187 0
0.656898 -0.27724 0.252101 67 187 0
0.662062 -0.276154 0.254182 67 187 0
0.667512 -0.276465 0.256716 67 187 0
0.672249 -0.278741 0.25906 67 187 0
0.675399 -0.283213 0.260923 67 187 0
0.678158 -0.288104 0.26292 67 187 0
0.677872 -0.293891 0.263704 67 187 0
0.676554 -0.299711 0.263969 67 187 0
0.672998 -0.304041 0.263185 67 187 0
0.668087 -0.307164 0.261685 67 187 0
0.662682 -0.308262 0.259785 67 187 0
0.657244 -0.30781 0.257343 67 187 0
0.653254 -0.304058 0.25531 67 187 0
0.651598 -0.298595 0.253852 67 187 0
0.652001 -0.292942 0.253041 67 187 0
0.655766 -0.288754 0.254137 67 187 0
0.660591 -0.286105 0.255692 67 187 0
0.666194 -0.286489 0.257819 67 187 0
0.670665 -0.288879 0.259731 67 187 0
0.674896 -0.292068 0.262078 67 187 0
0.677512 -0.297144 0.26396 67 187 0
0.67699 -0.303045 0.264932 68 186 0
0.676204 -0.308956 0.265649 68 186 0
0.672887 -0.313581 0.265512 68 186 0
0.668085 -0.316614 0.26444 68 186 0
0.662799 -0.318839 0.26308 68 186 0
0.657128 -0.31855 0.261118 68 186 0
0.652863 -0.315521 0.258824 68 186 0
0.650517 -0.310763 0.256694 68 186 0
0.649753 -0.305312 0.255272 68 186 0
0.651783 -0.300558 0.255379 68 186 0
0.655559 -0.298831 0.256473 68 186 0
0.658962 -0.295948 0.257511 68 186 0
0.664082 -0.296216 0.259074 68 186 0
0.668215 -0.297638 0.260425 68 186 0
0.671561 -0.300653 0.261853 68 186 0
0.674555 -0.303169 0.263621 68 186 0
0.676349 -0.308057 0.265261 68 186 0
0.676587 -0.31313 0.266814 68 186 0
0.675005 -0.318639 0.267513 68 186 0
0.671995 -0.323298 0.267311 68 186 0
0.668177 -0.327065 0.266724 68 186 0
0.663109 -0.328908 0.265011 68 186 0
0.657771 -0.328714 0.262952 68 186 0
0.653141 -0.325997 0.260667 68 186 0
0.649604 -0.321698 0.258385 68 186 0
0.648875 -0.316241 0.257255 68 186 0
0.65073 -0.31063 0.257071 68 186 0
0.655484 -0.30785 0.258503 68 186 0
0.660676 -0.30669 0.260516 68 186 0
0.66617 -0.307125 0.262865 68 186 0
0.670374 -0.310712 0.265209 68 186 0
0.67345 -0.315359 0.267404 68 186 0
0.674846 -0.320889 0.268911 68 186 0
0.674653 -0.326794 0.269913 68 186 0
0.671663 -0.33198 0.269424 68 186 0
0.667694 -0.336298 0.268409 68 186 0
0.662612 -0.338938 0.266636 68 186 0
0.657186 -0.340177 0.264404 68 186 0
0.652357 -0.337722 0.262141 68 186 0
0.648348 -0.333865 0.259917 68 186 0
0.647329 -0.328394 0.258885 68 186 0
0.648308 -0.322563 0.258538 68 186 0
0.652767 -0.318878 0.260085 68 186 0
0.6579 -0.316791 0.262119 68 186 0
0.663215 -0.317147 0.2647 68 186 0
0.667267 -0.320865 0.266915 68 186 0
0.67082 -0.324596 0.269519 68 186 0
0.672444 -0.330113 0.271236 68 186 0
0.67135 -0.335559 0.271829 68 186 0
0.668878 -0.341046 0.271713 68 186 0
0.666157 -0.346226 0.271169 68 186 0
0.661012 -0.348634 0.269253 68 186 0
0.655634 -0.350365 0.267183 68 186 0
0.650943 -0.347557 0.264817 68 186 0
0.647158 -0.344039 0.262535 68 186 0
0.645083 -0.338714 0.260653 68 186 0
0.646632 -0.333101 0.260201 68 186 0
0.650314 -0.328802 0.26105 68 186 0
0.655364 -0.326262 0.262947 68 186 0
0.660642 -0.327164 0.265602 68 186 0
0.665372 -0.329469 0.268432 68 186 0
0.668373 -0.333843 0.270924 68 186 0
0.670265 -0.338908 0.27335 68 186 0
0.669451 -0.344832 0.274059 68 186 0
0.667496 -0.350491 0.274643 68 186 0
0.66435 -0.355224 0.274328 68 186 0
0.659527 -0.358454 0.272768 68 186 0
0.654431 -0.360471 0.270772 68 186 0
0.649482 -0.358512 0.268524 68 186 0
0.645515 -0.354925 0.266062 68 186 0
0.643252 -0.349766 0.263947 68 186 0
0.644036 -0.344104 0.26298 68 186 0
0.647346 -0.33933 0.263414 68 186 0
0.652489 -0.336976 0.265172 68 186 0
0.657962 -0.336861 0.267557 68 186 0
0.662299 -0.338927 0.270192 68 186 0
0.665691 -0.343081 0.272848 68 186 0
0.667532 -0.347998 0.275082 68 186 0
0.667991 -0.353762 0.276764 68 186 0
0.666983 -0.359382 0.277955 68 186 0
0.663503 -0.364233 0.277171 68 186 0
0.658737 -0.367638 0.276328 68 186 0
0.653453 -0.369775 0.274417 68 186 0
0.648471 -0.368784 0.272345 68 186 0
0.643972 -0.365644 0.269907 68 186 0
0.641167 -0.361149 0.267586 68 186 0
0.6413 -0.355353 0.266357 68 186 0
0.64385 -0.350788 0.266275 68 186 0
0.648479 -0.347342 0.267879 68 186 0
0.653871 -0.346479 0.270113 68 186 0
0.658812 -0.348435 0.272728 68 186 0
0.662897 -0.351705 0.275476 68 186 0
0.66549 -0.356611 0.277811 68 186 0
0.666375 -0.362349 0.279276 68 186 0
0.664844 -0.368093 0.279839 68 186 0
0.662124 -0.373458 0.279807 68 186 0
0.657268 -0.376342 0.278454 68 186 0
0.652553 -0.379792 0.277148 68 186 0
0.647235 -0.380053 0.274763 68 186 0
0.642684 -0.376893 0.272413 68 186 0
0.639476 -0.372799 0.270314 68 186 0
0.637852 -0.367784 0.268613 68 186 0
0.639835 -0.362448 0.268698 68 186 0
0.644486 -0.35899 0.270276 68 186 0
0.649298 -0.356419 0.272102 69 185 0
0.654567 -0.356539 0.274501 69 185 0
0.659038 -0.359654 0.276853 69 185 0
0.662304 -0.363812 0.278993 69 185 0
0.663782 -0.369445 0.280361 69 185 0
0.664434 -0.374755 0.281615 69 185 0
0.662169 -0.379983 0.281133 69 185 0
0.658726 -0.384727 0.280175 69 185 0
0.654469 -0.388601 0.278514 69 185 0
0.649547 -0.390337 0.276255 69 185 0
0.644889 -0.388657 0.274151 69 185 0
0.640385 -0.386335 0.271835 69 185 0
0.638261 -0.382115 0.270745 69 185 0
0.637004 -0.376656 0.269936 69 185 0
0.639151 -0.371955 0.270877 69 185 0
0.641858 -0.36895 0.271779 69 185 0
0.644765 -0.366735 0.272855 69 185 0
0.649789 -0.366273 0.274838 69 185 0
0.654621 -0.367249 0.277056 69 185 0
0.658692 -0.369863 0.279375 69 185 0
0.662074 -0.374303 0.281406 69 185 0
0.661882 -0.380244 0.281555 69 185 0
0.661789 -0.386302 0.28184 69 185 0
0.658384 -0.39096 0.280274 69 185 0
0.653607 -0.39383 0.277958 69 185 0
0.64837 -0.394306 0.275313 69 185 0
0.643418 -0.39193 0.272871 69 185 0
0.639768 -0.387996 0.271009 69 185 0
0.637217 -0.382679 0.269657 69 185 0
0.638039 -0.376847 0.270006 69 185 0
0.640498 -0.371429 0.27118 69 185 0
0.644909 -0.368295 0.27325 69 185 0
0.649626 -0.366273 0.27512 69 185 0
0.653729 -0.366316 0.276405 69 185 0
0.658208 -0.368106 0.278441 69 185 0
0.661297 -0.371898 0.280111 69 185 0
0.662583 -0.376099 0.281031 69 185 0
0.66259 -0.379939 0.28137 69 185 0
0.660595 -0.384802 0.28096 69 185 0
0.657171 -0.388045 0.279751 69 185 0
0.652385 -0.389821 0.277788 69 185 0
0.647277 -0.390179 0.275363 69 185 0
0.643922 -0.387627 0.273762 69 185 0
0.640342 -0.384879 0.271898 69 185 0
0.63808 -0.379795 0.270498 69 185 0
0.637202 -0.374359 0.269601 69 185 0
0.637883 -0.368554 0.269014 69 185 0
0.640747 -0.363852 0.269446 69 185 0
0.644641 -0.35938 0.270304 69 185 0
0.649277 -0.356409 0.271697 69 185 0
0.654814 -0.355984 0.273843 69 185 0
0.659615 -0.357938 0.276202 69 185 0
0.663391 -0.361362 0.278739 69 185 0
0.664246 -0.366803 0.280041 69 185 0
0.663382 -0.372123 0.280885 69 185 0
0.659312 -0.376428 0.280005 69 185 0
0.654439 -0.378717 0.278352 69 185 0
0.649923 -0.380321 0.276399 69 185 0
0.645371 -0.377357 0.274003 69 185 0
0.641591 -0.373603 0.271457 69 185 0
0.639563 -0.368408 0.269477 69 185 0
0.638121 -0.363338 0.267351 69 185 0
0.640744 -0.35872 0.26722 69 185 0
0.642683 -0.353587 0.266777 69 185 0
0.646886 -0.349453 0.267234 69 185 0
0.651457 -0.346348 0.268359 69 185 0
0.656971 -0.34619 0.270501 69 185 0
0.661904 -0.347432 0.273082 69 185 0
0.665199 -0.351794 0.275468 69 185 0
0.665995 -0.357182 0.277531 69 185 0
0.664847 -0.362957 0.278638 69 185 0
0.661333 -0.367567 0.278209 69 185 0
0.65607 -0.369239 0.276785 69 185 0
0.651281 -0.369333 0.274572 69 185 0
0.646631 -0.367465 0.271795 69 185 0
0.643197 -0.363492 0.269046 69 185 0
0.641327 -0.358378 0.266573 69 185 0
0.641748 -0.352657 0.264931 69 185 0
0.642858 -0.346948 0.263494 69 185 0
0.645733 -0.341751 0.263534 69 185 0
0.650243 -0.337897 0.264254 69 185 0
0.655453 -0.336744 0.265733 69 185 0
0.660945 -0.336984 0.2681 69 185 0
0.665705 -0.338857 0.2709 69 185 0
0.668584 -0.343411 0.273489 69 185 0
0.668066 -0.348825 0.274689 69 185 0
0.665894 -0.354179 0.27522 69 185 0
0.662253 -0.358221 0.274473 69 185 0
0.656764 -0.358818 0.272422 69 185 0
0.651382 -0.358515 0.269814 69 185 0
0.646999 -0.355672 0.266972 69 185 0
0.643916 -0.351279 0.264461 69 185 0
0.642685 -0.345844 0.262415 69 185 0
0.644559 -0.34038 0.261811 69 185 0
0.645602 -0.334576 0.260936 69 185 0
0.649384 -0.329983 0.261178 69 185 0
0.654097 -0.326693 0.26251 69 185 0
0.659427 -0.325172 0.26471 69 185 0
0.664415 -0.327037 0.267074 69 185 0
0.66825 -0.330936 0.269446 69 185 0
0.670989 -0.33545 0.271858 69 185 0
0.6695 -0.341055 0.272108 69 185 0
0.66644 -0.346162 0.271511 69 185 0
0.661923 -0.34903 0.26983 70 184 0
0.656632 -0.348527 0.267274 70 184 0
0.651602 -0.346887 0.264676 70 184 0
0.647718 -0.343169 0.262306 70 184 0
0.646066 -0.337683 0.260734 70 184 0
0.645041 -0.331954 0.259314 70 184 0
0.646997 -0.326777 0.259355 70 184 0
0.650449 -0.321937 0.25981 70 184 0
0.653856 -0.317702 0.260581 70 184 0
0.659269 -0.316644 0.262831 70 184 0
0.66468 -0.316043 0.265332 70 184 0
0.669082 -0.319094 0.2677 70 184 0
0.671266 -0.324442 0.26917 70 184 0
0.671631 -0.329847 0.269967 70 184 0
0.668424 -0.334748 0.268737 70 184 0
0.664213 -0.338361 0.267034 70 184 0
0.65904 -0.339133 0.264776 70 184 0
0.654034 -0.336999 0.262273 70 184 0
0.650465 -0.332845 0.2602 70 184 0
0.648064 -0.32769 0.258375 70 184 0
0.646418 -0.322191 0.25678 70 184 0
0.647642 -0.316562 0.256416 70 184 0
0.651357 -0.312114 0.257612 70 184 0
0.655491 -0.308049 0.259059 70 184 0
0.660298 -0.305448 0.260993 70 184 0
0.66571 -0.304771 0.263434 70 184 0
0.66908 -0.30923 0.265003 70 184 0
0.672457 -0.313161 0.266993 70 184 0
0.67281 -0.319049 0.267597 70 184 0
0.671423 -0.32438 0.267732 70 184 0
0.667253 -0.328387 0.266209 70 184 0
0.661829 -0.328232 0.263704 70 184 0
0.656726 -0.327742 0.26106 70 184 0
0.652491 -0.324377 0.258653 70 184 0
0.649749 -0.319441 0.256834 70 184 0
0.647807 -0.314036 0.255139 70 184 0
0.648281 -0.308136 0.254593 70 184 0
0.650192 -0.302478 0.254842 70 184 0
0.654428 -0.298491 0.256244 70 184 0
0.659317 -0.295501 0.257928 70 184 0
0.664707 -0.294778 0.260085 70 184 0
0.669817 -0.296396 0.262643 70 184 0
0.673048 -0.300868 0.264549 70 184 0
0.674493 -0.306331 0.265847 70 184 0
0.673466 -0.312213 0.266148 70 184 0
0.669888 -0.316834 0.265114 70 184 0
0.664977 -0.318771 0.26301 70 184 0
0.659563 -0.318612 0.260479 70 184 0
0.65462 -0.316534 0.257921 70 184 0
0.651415 -0.311937 0.255931 70 184 0
0.649313 -0.30663 0.254191 70 184 0
0.649198 -0.30081 0.25326 70 184 0
0.650904 -0.295152 0.253142 70 184 0
0.654868 -0.290935 0.254255 70 184 0
0.658502 -0.28675 0.255073 70 184 0
0.663838 -0.285676 0.257304 70 184 0
0.668775 -0.285249 0.259453 70 184 0
0.67317 -0.288473 0.261672 70 184 0
0.675894 -0.293284 0.263453 70 184 0
0.675797 -0.29923 0.264132 70 184 0
0.673504 -0.304612 0.263722 70 184 0
0.668554 -0.307493 0.262006 70 184 0
0.663281 -0.308281 0.259848 70 184 0
0.658395 -0.306585 0.257447 70 184 0
0.653988 -0.303479 0.254925 70 184 0
0.651648 -0.298589 0.25328 70 184 0
0.650359 -0.292923 0.251834 70 184 0
0.651415 -0.287108 0.251385 70 184 0
0.654491 -0.282182 0.251941 70 184 0
0.658558 -0.277986 0.253214 70 184 0
0.663274 -0.275038 0.254868 70 184 0
0.668714 -0.27533 0.257021 70 184 0
0.673679 -0.277614 0.259434 70 184 0
0.676393 -0.28242 0.260973 70 184 0
0.677082 -0.287062 0.262068 70 184 0
0.67606 -0.292672 0.262418 70 184 0
0.67219 -0.297087 0.261318 70 184 0
0.667178 -0.297897 0.259206 70 184 0
0.661937 -0.297671 0.256812 70 184 0
0.657229 -0.294913 0.254395 70 184 0
0.653818 -0.290702 0.252441 70 184 0
0.652798 -0.284994 0.251374 70 184 0
0.653543 -0.279099 0.2507 70 184 0
0.654343 -0.273295 0.250018 70 184 0
0.658038 -0.268944 0.250867 70 184 0
0.662371 -0.265154 0.252479 70 184 0
0.667623 -0.263889 0.254654 70 184 0
0.67276 -0.265498 0.256897 70 184 0
0.676377 -0.26971 0.258619 70 184 0
0.678811 -0.274916 0.260224 70 184 0
0.678162 -0.280419 0.260508 70 184 0
0.675268 -0.285118 0.259979 70 184 0
0.670381 -0.287891 0.25835 70 184 0
0.665026 -0.288668 0.255981 70 184 0
0.66038 -0.285933 0.253751 70 184 0
0.655888 -0.28283 0.251334 70 184 0
0.654044 -0.277498 0.250164 70 184 0
0.653906 -0.271573 0.249439 70 184 0
0.655104 -0.265768 0.249239 70 184 0
0.658051 -0.26066 0.249686 70 184 0
0.661828 -0.256856 0.250537 70 184 0
0.66672 -0.254275 0.252145 70 184 0
0.672266 -0.254616 0.254383 70 184 0
0.676987 -0.257353 0.256502 70 184 0
0.679814 -0.26236 0.258017 71 183 0
0.679928 -0.268052 0.258681 71 183 0
0.678159 -0.273537 0.258868 71 183 0
0.673786 -0.277389 0.257616 71 183 0
0.668487 -0.278037 0.255769 71 183 0
0.663119 -0.2771 0.253522 71 183 0
0.65851 -0.274111 0.251253 71 183 0
0.65562 -0.269214 0.249625 71 183 0
0.653566 -0.263816 0.248145 71 183 0
0.654486 -0.258125 0.247897 71 183 0
0.656593 -0.252897 0.247768 71 183 0
0.660655 -0.249017 0.248544 71 183 0
0.664901 -0.244892 0.249274 71 183 0
0.670457 -0.244454 0.251072 71 183 0
0.675516 -0.245329 0.252661 71 183 0
0.679458 -0.248571 0.254294 71 183 0
0.681239 -0.253688 0.255542 71 183 0
0.681594 -0.258827 0.256977 71 183 0
0.679282 -0.264168 0.257055 71 183 0
0.674825 -0.266785 0.256538 71 183 0
0.669831 -0.268616 0.254813 71 183 0
0.664861 -0.266883 0.253122 71 183 0
0.660505 -0.264578 0.251222 71 183 0
0.657313 -0.26155 0.249595 71 183 0
0.655816 -0.257003 0.248534 71 183 0
0.655305 -0.253553 0.247891 71 183 0
0.654872 -0.248475 0.246568 71 183 0
0.657024 -0.243576 0.246327 71 183 0
0.659896 -0.239955 0.246702 71 183 0
0.662743 -0.237332 0.247039 71 183 0
0.666314 -0.234595 0.247538 71 183 0
0.671197 -0.23401 0.249089 71 183 0
0.668599 -0.235497 0.248311 71 183 0
0.663991 -0.23776 0.247254 71 183 0
0.659345 -0.239882 0.246078 71 183 0
0.654651 -0.241793 0.244749 71 183 0
0.649961 -0.24365 0.243322 71 183 0
0.64527 -0.24542 0.241798 71 183 0
0.644954 -0.245274 0.242735 71 183 0
0.585246 -0.247509 0.217447 71 183 0
0.585717 -0.24761 0.21657 71 183 0
0.585717 -0.24761 0.21657 71 183 0
0.584934 -0.25529 0.217778 71 183 0
0.584971 -0.260331 0.218689 71 183 0
0.58475 -0.265383 0.219516 71 183 0
0.584599 -0.270448 0.220272 71 183 0
0.584574 -0.275527 0.220941 71 183 0
0.584453 -0.280619 0.221472 71 183 0
0.584173 -0.285716 0.221909 71 183 0
0.583921 -0.290818 0.22231 71 183 0
0.58373 -0.295929 0.22262 71 183 0
0.583552 -0.301041 0.222894 71 183 0
0.581845 -0.310816 0.223747 71 183 0
0.580919 -0.315822 0.22426 71 183 0
0.579983 -0.320841 0.224727 71 183 0
0.579146 -0.325871 0.22525 71 183 0
0.578031 -0.330853 0.225724 71 183 0
0.577105 -0.335853 0.22637 71 183 0
0.576196 -0.340858 0.227003 71 183 0
0.575125 -0.34585 0.227463 71 183 0
0.573998 -0.350829 0.227938 71 183 0
0.57311 -0.355842 0.228533 71 183 0
0.572226 -0.36086 0.229103 71 183 0
0.571109 -0.365833 0.229639 71 183 0
0.57022 -0.370843 0.230224 71 183 0
0.571437 -0.363065 0.229474 71 183 0
0.572708 -0.358487 0.229052 71 183 0
0.573687 -0.35385 0.228469 71 183 0
0.574696 -0.349215 0.22793 71 183 0
0.575844 -0.344603 0.227483 71 183 0
0.576754 -0.339943 0.226973 71 183 0
0.577681 -0.335279 0.226539 71 183 0
0.578604 -0.330622 0.226031 71 183 0
0.579533 -0.325966 0.22552 71 183 0
0.580509 -0.321312 0.225097 71 183 0
0.581421 -0.316646 0.224755 71 183 0
0.581918 -0.308617 0.223236 71 183 0
0.582327 -0.303773 0.222817 71 183 0
0.5825 -0.298904 0.222438 71 183 0
0.582728 -0.29404 0.222021 71 183 0
0.582845 -0.289168 0.22164 71 183 0
0.582995 -0.2843 0.221221 71 183 0
0.583163 -0.279437 0.220748 71 183 0
0.58335 -0.274577 0.220264 71 183 0
0.583428 -0.269731 0.21963 71 183 0
0.583743 -0.264898 0.218987 71 183 0
0.583888 -0.260089 0.218175 71 183 0
0.584374 -0.255271 0.217514 71 183 0
0.585228 -0.232458 0.215797 71 183 0
0.58876 -0.23445 0.217687 71 183 0
0.592288 -0.236466 0.219553 71 183 0
0.595646 -0.240625 0.221712 71 183 0
0.596779 -0.246018 0.222819 71 183 0
0.594872 -0.251438 0.222513 71 183 0
0.591751 -0.256362 0.22137 71 183 0
0.587735 -0.26035 0.21963 71 183 0
0.583122 -0.262923 0.217064 71 183 0
0.578318 -0.261329 0.214142 71 183 0
0.573548 -0.260264 0.211056 71 183 0
0.569915 -0.256126 0.208572 71 183 0
0.567575 -0.251051 0.206631 71 183 0
0.567739 -0.24505 0.206161 71 183 0
0.568986 -0.239212 0.206455 71 183 0
0.573075 -0.235759 0.208571 72 182 0
0.577706 -0.232969 0.211225 72 182 0
0.582108 -0.235009 0.214027 72 182 0
0.585962 -0.238251 0.216739 72 182 0
0.587956 -0.243673 0.218449 72 182 0
0.587756 -0.249594 0.218795 72 182 0
0.586047 -0.255297 0.217995 72 182 0
0.582355 -0.259234 0.215965 72 182 0
0.577543 -0.261659 0.213241 72 182 0
0.572553 -0.263003 0.210384 72 182 0
0.567968 -0.260862 0.207714 72 182 0
0.563891 -0.257212 0.205153 72 182 0
0.560224 -0.253572 0.202602 72 182 0
0.559296 -0.2477 0.201639 72 182 0
0.560414 -0.241875 0.201731 72 182 0
0.562582 -0.236407 0.202701 72 182 0
0.567648 -0.234906 0.20553 72 182 0
0.572872 -0.234898 0.208564 72 182 0
0.577369 -0.237433 0.21152 72 182 0
0.579949 -0.242423 0.213399 72 182 0
0.57988 -0.248412 0.213823 72 182 0
0.57864 -0.254231 0.213429 72 182 0
0.575101 -0.258639 0.211609 72 182 0
0.57042 -0.261193 0.209109 72 182 0
0.565475 -0.263137 0.206457 72 182 0
0.560753 -0.260656 0.203706 72 182 0
0.556155 -0.259197 0.200806 72 182 0
0.553307 -0.254245 0.198845 72 182 0
0.552198 -0.248636 0.197913 72 182 0
0.552411 -0.242622 0.19767 72 182 0
0.554678 -0.237934 0.198566 72 182 0
0.557514 -0.235006 0.199826 72 182 0
0.562566 -0.234885 0.202284 72 182 0
0.567459 -0.235624 0.204837 72 182 0
0.570883 -0.238097 0.206901 72 182 0
0.573094 -0.242314 0.208496 72 182 0
0.574199 -0.247678 0.209799 72 182 0
0.57428 -0.253415 0.210745 72 182 0
0.572294 -0.258744 0.210399 72 182 0
0.569537 -0.263604 0.20932 72 182 0
0.564903 -0.266298 0.206841 72 182 0
0.560556 -0.268684 0.204335 72 182 0
0.555654 -0.267436 0.201348 72 182 0
0.551511 -0.264638 0.19868 72 182 0
0.549537 -0.259667 0.197191 72 182 0
0.547956 -0.254345 0.195928 72 182 0
0.550154 -0.249049 0.196709 72 182 0
0.554381 -0.245576 0.198822 72 182 0
0.559064 -0.244456 0.201284 72 182 0
0.56417 -0.244501 0.204367 72 182 0
0.568264 -0.247545 0.207105 72 182 0
0.570708 -0.252545 0.209186 72 182 0
0.572428 -0.257944 0.210717 72 182 0
0.572137 -0.263888 0.211166 72 182 0
0.569564 -0.268744 0.210319 72 182 0
0.566247 -0.273372 0.208869 72 182 0
0.562216 -0.277154 0.206764 72 182 0
0.557298 -0.278773 0.203844 72 182 0
0.55257 -0.277707 0.200832 72 182 0
0.549034 -0.273643 0.198357 72 182 0
0.547295 -0.268233 0.196916 72 182 0
0.547642 -0.262343 0.196541 72 182 0
0.55115 -0.25784 0.198215 72 182 0
0.555219 -0.25455 0.200578 72 182 0
0.560232 -0.254695 0.203813 72 182 0
0.564905 -0.255874 0.206996 72 182 0
0.56741 -0.260484 0.209001 72 182 0
0.569472 -0.265822 0.210655 72 182 0
0.571321 -0.271114 0.212109 72 182 0
0.569321 -0.276671 0.211246 72 182 0
0.567857 -0.282049 0.210816 72 182 0
0.563661 -0.285525 0.208637 72 182 0
0.558816 -0.28764 0.205876 72 182 0
0.553831 -0.288321 0.202797 72 182 0
0.549643 -0.285697 0.199767 72 182 0
0.547121 -0.280752 0.197705 72 182 0
0.54604 -0.275259 0.196621 72 182 0
0.548016 -0.269801 0.197616 72 182 0
0.552133 -0.266656 0.200147 72 182 0
0.556841 -0.264876 0.203239 72 182 0
0.561787 -0.265289 0.206469 72 182 0
0.56576 -0.268259 0.209201 72 182 0
0.568392 -0.273209 0.211235 72 182 0
0.56885 -0.278951 0.211915 72 182 0
0.568723 -0.284911 0.212197 72 182 0
0.566724 -0.290362 0.21134 72 182 0
0.563117 -0.294672 0.209429 72 182 0
0.558907 -0.297883 0.206866 72 182 0
0.554097 -0.298574 0.203799 72 182 0
0.549743 -0.296051 0.200817 72 182 0
0.545935 -0.293115 0.198226 72 182 0
0.545258 -0.287329 0.197345 72 182 0
0.545577 -0.281454 0.197316 72 182 0
0.549012 -0.27746 0.199419 72 182 0
0.553198 -0.274245 0.202159 72 182 0
0.557922 -0.274639 0.205303 72 182 0
0.561941 -0.277769 0.208141 72 182 0
0.565584 -0.281319 0.210695 72 182 0
0.568398 -0.286124 0.212779 72 182 0
0.568189 -0.292084 0.213014 72 182 0
0.56753 -0.297812 0.212853 72 182 0
0.564577 -0.302721 0.211189 72 182 0
0.560733 -0.306137 0.208807 72 182 0
0.556181 -0.308442 0.205793 72 182 0
0.551223 -0.308713 0.202484 73 181 0
0.54719 -0.305962 0.199529 73 181 0
0.544976 -0.301597 0.197749 73 181 0
0.543123 -0.296243 0.196342 73 181 0
0.545227 -0.291514 0.19735 73 181 0
0.548328 -0.287735 0.199277 73 181 0
0.552092 -0.284537 0.201866 73 181 0
0.556815 -0.285412 0.20505 73 181 0
0.56086 -0.288227 0.208044 73 181 0
0.564396 -0.290999 0.210638 73 181 0
0.565933 -0.296384 0.212368 73 181 0
0.565593 -0.302317 0.212903 73 181 0
0.565325 -0.308269 0.213246 73 181 0
0.563243 -0.313604 0.21214 73 181 0
0.558888 -0.316244 0.209425 73 181 0
0.555168 -0.318665 0.206598 73 181 0
0.55046 -0.317993 0.203018 73 181 0
0.546286 -0.316914 0.199401 73 181 0
0.543342 -0.31327 0.196741 73 181 0
0.543511 -0.307466 0.196391 73 181 0
0.543853 -0.302143 0.196539 73 181 0
0.546554 -0.298652 0.198234 73 181 0
0.550543 -0.296262 0.200904 73 181 0
0.555007 -0.296017 0.204189 73 181 0
0.559031 -0.29655 0.207757 73 181 0
0.56111 -0.299754 0.209585 73 181 0
0.563775 -0.302437 0.211665 73 181 0
0.565339 -0.307005 0.213275 73 181 0
0.564741 -0.312875 0.214311 73 181 0
0.564226 -0.318737 0.214498 73 181 0
0.561553 -0.323637 0.213192 73 181 0
0.557867 -0.326325 0.210594 73 181 0
0.554654 -0.328653 0.20721 73 181 0
0.550264 -0.328449 0.203212 73 181 0
0.546174 -0.326972 0.199639 73 181 0
0.542988 -0.32276 0.196826 73 181 0
0.543065 -0.316863 0.196359 73 181 0
0.544755 -0.311236 0.197546 73 181 0
0.547927 -0.306839 0.199973 73 181 0
0.552549 -0.306332 0.203632 73 181 0
0.557075 -0.306792 0.207521 73 181 0
0.561174 -0.309112 0.21094 73 181 0
0.563269 -0.314154 0.213289 73 181 0
0.564378 -0.319702 0.214905 73 181 0
0.563948 -0.325659 0.215415 73 181 0
0.562298 -0.331345 0.214588 73 181 0
0.559707 -0.336269 0.212679 73 181 0
0.555491 -0.338931 0.209407 73 181 0
0.551113 -0.340298 0.205804 73 181 0
0.546634 -0.338777 0.202219 73 181 0
0.543282 -0.335219 0.198902 73 181 0
0.542099 -0.329996 0.197369 73 181 0
0.542512 -0.324025 0.197293 73 181 0
0.545258 -0.319667 0.199341 73 181 0
0.549222 -0.316666 0.202619 73 181 0
0.553791 -0.316153 0.206354 73 181 0
0.558 -0.317628 0.209909 73 181 0
0.561033 -0.321701 0.213077 73 181 0
0.563354 -0.326666 0.215447 73 181 0
0.563554 -0.33248 0.216408 73 181 0
0.562725 -0.338347 0.21631 73 181 0
0.559978 -0.343184 0.214548 73 181 0
0.557144 -0.347942 0.21236 73 181 0
0.552879 -0.3504 0.209171 73 181 0
0.548308 -0.350033 0.205434 73 181 0
0.544248 -0.347529 0.20204 73 181 0
0.541604 -0.342929 0.19933 73 181 0
0.541803 -0.337026 0.19862 73 181 0
0.543543 -0.33164 0.199447 73 181 0
0.547418 -0.328103 0.20222 73 181 0
0.551348 -0.326596 0.20556 73 181 0
0.555615 -0.328352 0.209261 73 181 0
0.559455 -0.330986 0.21301 73 181 0
0.562292 -0.335257 0.215936 73 181 0
0.562856 -0.340936 0.217397 73 181 0
0.561964 -0.34681 0.217535 73 181 0
0.560283 -0.352502 0.216742 73 181 0
0.556834 -0.356537 0.214505 73 181 0
0.553306 -0.360451 0.211837 73 181 0
0.548574 -0.360444 0.208161 73 181 0
0.544387 -0.359147 0.204577 73 181 0
0.540989 -0.355247 0.201563 73 181 0
0.540876 -0.349602 0.2006 73 181 0
0.54215 -0.344018 0.200965 73 181 0
0.545037 -0.339141 0.202885 73 181 0
0.549572 -0.33784 0.206252 73 181 0
0.553725 -0.33714 0.209859 73 181 0
0.557385 -0.340264 0.213434 73 181 0
0.560684 -0.344015 0.216717 73 181 0
0.562062 -0.349384 0.218755 73 181 0
0.561613 -0.355311 0.219437 73 181 0
0.560322 -0.360976 0.219042 73 181 0
0.557551 -0.365919 0.217303 73 181 0
0.553758 -0.369687 0.214612 73 181 0
0.549346 -0.370654 0.211245 73 181 0
0.545022 -0.369848 0.207441 73 181 0
0.541701 -0.366359 0.203875 73 181 0
0.540012 -0.361185 0.201911 73 181 0
0.540211 -0.35521 0.201538 73 181 0
0.542785 -0.350271 0.2032 73 181 0
0.547274 -0.348549 0.206597 73 181 0
0.551777 -0.348273 0.21052 73 181 0
0.555998 -0.34958 0.214436 73 181 0
0.558775 -0.353635 0.217544 73 181 0
0.561215 -0.35845 0.220142 74 180 0
0.561206 -0.364237 0.221163 74 180 0
0.559673 -0.370013 0.22077 74 180 0
0.55735 -0.375313 0.219458 74 180 0
0.554186 -0.379632 0.217157 74 180 0
0.550059 -0.382443 0.213851 74 180 0
0.545662 -0.381374 0.210094 74 180 0
0.542155 -0.378478 0.20656 74 180 0
0.539421 -0.374334 0.20366 74 180 0
0.539765 -0.368557 0.202701 74 180 0
0.541516 -0.363009 0.203486 74 180 0
0.544419 -0.358714 0.205972 74 180 0
0.54888 -0.358326 0.209929 74 180 0
0.553119 -0.358752 0.214116 74 180 0
0.557146 -0.36095 0.217836 74 180 0
0.558976 -0.365963 0.220351 74 180 0
0.560642 -0.371288 0.222361 74 180 0
0.560566 -0.377196 0.222754 74 180 0
0.558642 -0.382321 0.221529 74 180 0
0.555612 -0.386833 0.219052 74 180 0
0.552382 -0.390773 0.216243 74 180 0
0.548621 -0.392119 0.212666 74 180 0
0.544887 -0.390995 0.20875 74 180 0
0.541997 -0.388069 0.206051 74 180 0
0.538995 -0.384363 0.203197 74 180 0
0.539291 -0.378566 0.202811 74 180 0
0.540447 -0.374205 0.203551 74 180 0
0.543419 -0.370093 0.206095 74 180 0
0.546842 -0.368635 0.209615 74 180 0
0.549779 -0.368196 0.213463 74 180 0
0.553187 -0.369747 0.21728 74 180 0
0.557178 -0.371927 0.220329 74 180 0
0.559096 -0.377237 0.221583 74 180 0
0.56057 -0.382703 0.222276 74 180 0
0.559265 -0.388067 0.220988 74 180 0
0.556929 -0.392712 0.218821 74 180 0
0.552924 -0.395545 0.215661 74 180 0
0.548609 -0.396714 0.212057 74 180 0
0.543964 -0.396166 0.208578 74 180 0
0.540634 -0.392633 0.205742 74 180 0
0.538703 -0.387678 0.203883 74 180 0
0.538577 -0.381865 0.203458 74 180 0
0.539681 -0.376242 0.204086 74 180 0
0.542407 -0.371777 0.206132 74 180 0
0.546549 -0.369487 0.209295 74 180 0
0.550135 -0.368196 0.212846 74 180 0
0.553505 -0.368578 0.217132 74 180 0
0.556531 -0.370565 0.219777 74 180 0
0.558505 -0.37377 0.221562 74 180 0
0.560399 -0.377417 0.223493 74 180 0
0.56024 -0.383141 0.223722 74 180 0
0.558324 -0.386891 0.222187 74 180 0
0.555588 -0.390445 0.219283 74 180 0
0.552009 -0.391919 0.215799 74 180 0
0.548029 -0.392097 0.211879 74 180 0
0.544323 -0.388924 0.20858 74 180 0
0.541501 -0.385482 0.205489 74 180 0
0.540177 -0.380265 0.203682 74 180 0
0.539003 -0.374632 0.202237 74 180 0
0.540955 -0.369344 0.202979 74 180 0
0.542574 -0.364045 0.20414 74 180 0
0.546041 -0.360833 0.207096 74 180 0
0.549512 -0.35831 0.210794 74 180 0
0.553782 -0.357794 0.214788 74 180 0
0.557421 -0.35989 0.218631 74 180 0
0.560634 -0.363748 0.221706 74 180 0
0.561006 -0.368987 0.222554 74 180 0
0.560667 -0.374805 0.222656 74 180 0
0.556881 -0.378671 0.220163 74 180 0
0.552569 -0.380698 0.216757 74 180 0
0.548785 -0.38205 0.213239 74 180 0
0.545617 -0.378688 0.209572 74 180 0
0.542744 -0.37537 0.206393 74 180 0
0.540792 -0.370389 0.203771 74 180 0
0.539823 -0.365263 0.202078 74 180 0
0.54174 -0.359619 0.202364 74 180 0
0.544053 -0.354257 0.203739 74 180 0
0.547084 -0.349855 0.206347 74 180 0
0.551131 -0.347024 0.209768 74 180 0
0.554718 -0.348624 0.213146 74 180 0
0.558848 -0.349272 0.21715 74 180 0
0.561353 -0.353568 0.219979 74 180 0
0.562758 -0.35873 0.221856 74 180 0
0.561164 -0.36439 0.221351 74 180 0
0.557326 -0.36818 0.218816 74 180 0
0.553381 -0.37078 0.215332 74 180 0
0.548907 -0.370628 0.211348 74 180 0
0.54535 -0.368189 0.207407 74 180 0
0.542889 -0.363995 0.204206 74 180 0
0.541259 -0.358709 0.20193 74 180 0
0.540737 -0.353091 0.200797 74 180 0
0.542877 -0.347754 0.201393 74 180 0
0.54552 -0.342666 0.203136 74 180 0
0.548896 -0.338436 0.205663 74 180 0
0.553229 -0.336422 0.209121 74 180 0
0.557557 -0.337801 0.213046 74 180 0
0.561426 -0.340695 0.216561 74 180 0
0.563586 -0.345369 0.219445 74 180 0
0.563754 -0.351158 0.220416 74 180 0
0.561111 -0.356113 0.219037 74 180 0
0.55731 -0.359465 0.216068 74 180 0
0.552892 -0.360448 0.212236 74 180 0
0.548439 -0.359799 0.208361 74 180 0
0.545213 -0.356522 0.20507 75 179 0
0.543108 -0.351543 0.202478 75 179 0
0.543048 -0.345804 0.201296 75 179 0
0.543373 -0.339822 0.200777 75 179 0
0.545083 -0.334341 0.201496 75 179 0
0.548781 -0.330529 0.203929 75 179 0
0.552919 -0.327272 0.206832 75 179 0
0.557265 -0.327498 0.210579 75 179 0
0.561325 -0.328752 0.214473 75 179 0
0.563883 -0.333533 0.217054 75 179 0
0.564907 -0.339047 0.218557 75 179 0
0.564285 -0.344728 0.218505 75 179 0
0.560769 -0.348584 0.216008 75 179 0
0.556627 -0.350662 0.212735 75 179 0
0.551933 -0.350323 0.209075 75 179 0
0.548262 -0.347247 0.205499 75 179 0
0.544978 -0.343296 0.202397 75 179 0
0.543674 -0.337844 0.200732 75 179 0
0.543924 -0.331893 0.200093 75 179 0
0.544184 -0.326125 0.199919 75 179 0
0.547996 -0.322117 0.202247 75 179 0
0.552056 -0.319022 0.205207 75 179 0
0.556479 -0.316686 0.208543 75 179 0
0.560963 -0.317314 0.212313 75 179 0
0.564341 -0.320756 0.21533 75 179 0
0.565726 -0.326237 0.217087 75 179 0
0.56602 -0.33211 0.217602 75 179 0
0.563095 -0.336101 0.215665 75 179 0
0.559197 -0.339579 0.212765 75 179 0
0.554683 -0.340494 0.209016 75 179 0
0.550481 -0.338363 0.205506 75 179 0
0.546737 -0.334767 0.202484 75 179 0
0.545256 -0.329243 0.200909 75 179 0
0.543988 -0.323678 0.199333 75 179 0
0.544479 -0.317746 0.199155 75 179 0
0.547289 -0.312803 0.200559 75 179 0
0.551348 -0.309271 0.203126 75 179 0
0.555842 -0.307054 0.206441 75 179 0
0.560626 -0.306613 0.210014 75 179 0
0.564349 -0.309484 0.213253 75 179 0
0.566735 -0.314524 0.215482 75 179 0
0.566779 -0.320307 0.215767 75 179 0
0.564637 -0.325742 0.214363 75 179 0
0.560664 -0.329239 0.211591 75 179 0
0.556199 -0.329757 0.208518 75 179 0
0.551561 -0.328342 0.205107 75 179 0
0.547812 -0.325257 0.202064 75 179 0
0.545459 -0.320205 0.199899 75 179 0
0.544523 -0.31437 0.198799 75 179 0
0.544854 -0.308482 0.198588 75 179 0
0.547856 -0.303562 0.200257 75 179 0
0.551593 -0.299524 0.202662 75 179 0
0.556032 -0.296907 0.205641 75 179 0
0.560962 -0.296346 0.208968 75 179 0
0.565196 -0.298979 0.212182 75 179 0
0.567532 -0.302767 0.214247 75 179 0
0.569113 -0.308196 0.215616 75 179 0
0.566834 -0.313302 0.214416 75 179 0
0.563732 -0.317701 0.212348 75 179 0
0.559132 -0.320025 0.209264 75 179 0
0.554353 -0.318793 0.206034 75 179 0
0.54993 -0.316203 0.202912 75 179 0
0.546544 -0.312311 0.200362 75 179 0
0.545086 -0.306698 0.198888 75 179 0
0.54612 -0.30117 0.198866 75 179 0
0.546257 -0.295203 0.198726 75 179 0
0.550184 -0.291562 0.200959 75 179 0
0.554088 -0.287905 0.203487 75 179 0
0.558665 -0.285583 0.206578 75 179 0
0.563353 -0.286152 0.209761 75 179 0
0.566927 -0.290041 0.21231 75 179 0
0.569336 -0.295261 0.214071 75 179 0
0.569592 -0.300928 0.21449 75 179 0
0.566597 -0.305472 0.212724 75 179 0
0.561932 -0.307818 0.209744 75 179 0
0.556997 -0.308422 0.206441 75 179 0
0.552398 -0.30704 0.203214 75 179 0
0.548958 -0.302881 0.200712 75 179 0
0.546264 -0.298054 0.198683 75 179 0
0.546457 -0.292052 0.198388 75 179 0
0.54761 -0.286379 0.198825 75 179 0
0.550288 -0.281218 0.200354 75 179 0
0.553353 -0.27645 0.202335 75 179 0
0.558336 -0.276097 0.2056 75 179 0
0.563144 -0.276669 0.208831 75 179 0
0.567402 -0.279387 0.211907 75 179 0
0.570319 -0.284135 0.214103 75 179 0
0.56945 -0.289878 0.213894 75 179 0
0.568042 -0.2954 0.213133 75 179 0
0.563969 -0.298671 0.210553 75 179 0
0.558979 -0.29888 0.207209 75 179 0
0.554179 -0.29783 0.203904 75 179 0
0.550103 -0.294502 0.201028 75 179 0
0.547204 -0.289878 0.198793 75 179 0
0.546711 -0.284106 0.197822 75 179 0
0.547273 -0.278182 0.1977 75 179 0
0.549951 -0.272956 0.198898 75 179 0
0.553527 -0.268559 0.200853 75 179 0
0.557897 -0.265586 0.203605 75 179 0
0.562829 -0.264797 0.206804 75 179 0
0.567309 -0.267104 0.20994 75 179 0
0.57115 -0.270634 0.212809 75 179 0
0.570843 -0.276623 0.213244 75 179 0
0.569715 -0.282332 0.213059 75 179 0
0.566096 -0.286483 0.210983 76 178 0
0.561641 -0.288314 0.208197 76 178 0
0.556771 -0.287976 0.204873 76 178 0
0.552614 -0.28495 0.201769 76 178 0
0.549901 -0.280249 0.199416 76 178 0
0.547571 -0.275047 0.197572 76 178 0
0.548068 -0.269374 0.197307 76 178 0
0.549553 -0.263729 0.197727 76 178 0
0.552675 -0.259126 0.199045 76 178 0
0.557161 -0.256756 0.20133 76 178 0
0.561872 -0.254705 0.204092 76 178 0
0.566659 -0.255602 0.207228 76 178 0
0.570634 -0.259007 0.210155 76 178 0
0.57228 -0.264039 0.212062 76 178 0
0.571386 -0.269268 0.212347 76 178 0
0.569255 -0.27433 0.211569 76 178 0
0.564951 -0.277216 0.209204 76 178 0
0.560111 -0.278613 0.206132 76 178 0
0.555934 -0.276645 0.20315 76 178 0
0.552151 -0.273023 0.200349 76 178 0
0.549328 -0.268572 0.198121 76 178 0
0.548662 -0.262819 0.19723 76 178 0
0.54975 -0.25842 0.197399 76 178 0
0.549983 -0.252425 0.197019 76 178 0
0.554508 -0.249379 0.199132 76 178 0
0.558606 -0.245727 0.20092 76 178 0
0.563736 -0.244486 0.203446 76 178 0
0.568646 -0.245458 0.20626 76 178 0
0.571334 -0.248672 0.208276 76 178 0
0.573615 -0.253473 0.210342 76 178 0
0.573422 -0.259036 0.211238 76 178 0
0.570011 -0.263465 0.210072 76 178 0
0.566121 -0.266253 0.208028 76 178 0
0.562925 -0.268644 0.206025 76 178 0
0.558092 -0.267732 0.202833 76 178 0
0.554132 -0.264308 0.200218 76 178 0
0.551783 -0.260256 0.198663 76 178 0
0.549839 -0.256635 0.197329 76 178 0
0.549966 -0.250723 0.196961 76 178 0
0.5502 -0.244828 0.196593 76 178 0
0.552407 -0.241296 0.197486 76 178 0
0.553958 -0.237932 0.198187 76 178 0
0.557754 -0.236198 0.199924 76 178 0
0.562587 -0.234885 0.202248 76 178 0
0.564705 -0.235692 0.203374 76 178 0
0.568692 -0.237687 0.205659 76 178 0
0.572563 -0.239772 0.208056 76 178 0
0.576273 -0.242089 0.210495 76 178 0
0.579985 -0.244392 0.212945 76 178 0
0.583647 -0.246817 0.215342 76 178 0
0.583163 -0.246698 0.216209 76 178 0
0.641725 -0.246942 0.243144 76 178 0
0.642063 -0.247079 0.242213 76 178 0
0.641875 -0.254732 0.242159 76 178 0
0.641641 -0.259948 0.242904 76 178 0
0.641042 -0.265143 0.243612 76 178 0
0.640688 -0.270347 0.244383 76 178 0
0.640491 -0.275557 0.2452 76 178 0
0.640169 -0.280765 0.24598 76 178 0
0.639747 -0.285976 0.246698 76 178 0
0.639245 -0.291187 0.247355 76 178 0
0.638903 -0.296401 0.248059 76 178 0
0.638407 -0.3016 0.248656 76 178 0
0.637261 -0.309331 0.249858 76 178 0
0.636478 -0.314108 0.251144 76 178 0
0.635736 -0.318938 0.252239 76 178 0
0.635053 -0.323783 0.253307 76 178 0
0.634347 -0.328612 0.25443 76 178 0
0.633688 -0.333435 0.255608 76 178 0
0.632963 -0.338262 0.256728 76 178 0
0.632359 -0.3431 0.257874 76 178 0
0.631729 -0.347931 0.259036 76 178 0
0.631135 -0.352773 0.260169 76 178 0
0.630546 -0.357623 0.261271 76 178 0
0.630023 -0.362506 0.262249 76 178 0
0.629459 -0.367379 0.263255 76 178 0
0.628926 -0.372287 0.264089 76 178 0
0.629633 -0.364555 0.263172 76 178 0
0.630254 -0.359777 0.261945 76 178 0
0.630851 -0.355001 0.260701 76 178 0
0.631434 -0.35019 0.259588 76 178 0
0.632049 -0.345395 0.258427 76 178 0
0.632856 -0.340604 0.257369 76 178 0
0.633499 -0.335807 0.256227 76 178 0
0.634203 -0.331018 0.255092 76 178 0
0.634895 -0.326227 0.253954 76 178 0
0.635632 -0.321416 0.252944 76 178 0
0.636551 -0.316637 0.251924 76 178 0
0.637382 -0.308381 0.249727 76 178 0
0.637568 -0.303537 0.248962 76 178 0
0.637892 -0.298702 0.248194 76 178 0
0.638266 -0.293872 0.247413 76 178 0
0.638631 -0.289024 0.246744 76 178 0
0.639014 -0.284175 0.246094 76 178 0
0.639408 -0.279331 0.245414 76 178 0
0.639901 -0.27449 0.244775 76 178 0
0.64038 -0.269647 0.244141 76 178 0
0.640895 -0.26481 0.243494 76 178 0
0.64142 -0.259976 0.24283 76 178 0
0.641859 -0.25513 0.242202 76 178 0
0.643548 -0.232337 0.238652 76 178 0
0.648052 -0.233877 0.240776 76 178 0
0.652388 -0.23551 0.24312 76 178 0
0.655921 -0.238635 0.245543 76 178 0
0.657051 -0.244174 0.246916 77 177 0
0.656744 -0.250066 0.24779 77 177 0
0.655515 -0.255713 0.248057 77 177 0
0.651935 -0.259428 0.247166 77 177 0
0.64762 -0.26235 0.245446 77 177 0
0.642958 -0.259737 0.242976 77 177 0
0.63839 -0.257009 0.240186 77 177 0
0.636442 -0.251921 0.238544 77 177 0
0.63704 -0.245975 0.237933 77 177 0
0.638967 -0.240622 0.23809 77 177 0
0.642457 -0.235863 0.239147 77 177 0
0.647452 -0.234816 0.241206 77 177 0
0.652391 -0.232633 0.243407 77 177 0
0.657297 -0.235018 0.245926 77 177 0
0.66209 -0.237243 0.248538 77 177 0
0.664641 -0.2424 0.250221 77 177 0
0.666274 -0.247838 0.251538 77 177 0
0.666478 -0.253793 0.252299 77 177 0
0.662569 -0.257891 0.250924 77 177 0
0.658237 -0.261627 0.249149 77 177 0
0.653058 -0.262439 0.246718 77 177 0
0.648925 -0.259008 0.244483 77 177 0
0.646005 -0.254137 0.242528 77 177 0
0.644544 -0.248599 0.241122 77 177 0
0.646821 -0.243068 0.241603 77 177 0
0.649458 -0.238102 0.242196 77 177 0
0.654639 -0.235695 0.244007 77 177 0
0.660208 -0.23517 0.245948 77 177 0
0.665648 -0.234601 0.248421 77 177 0
0.670116 -0.237959 0.250564 77 177 0
0.674245 -0.241551 0.252913 77 177 0
0.675962 -0.247031 0.254192 77 177 0
0.674416 -0.252737 0.254052 77 177 0
0.673207 -0.258497 0.254293 77 177 0
0.66829 -0.2614 0.252658 77 177 0
0.662687 -0.262012 0.250968 77 177 0
0.657859 -0.25944 0.248955 77 177 0
0.654577 -0.25526 0.247107 77 177 0
0.653259 -0.24998 0.245792 77 177 0
0.655018 -0.244766 0.245717 77 177 0
0.65755 -0.239691 0.245654 77 177 0
0.661736 -0.236823 0.246785 77 177 0
0.66605 -0.234589 0.247719 77 177 0
0.671113 -0.23401 0.249233 77 177 0
0.674805 -0.236218 0.249782 77 177 0
0.678157 -0.238561 0.251345 77 177 0
0.680899 -0.242647 0.252979 77 177 0
0.683114 -0.24683 0.254844 77 177 0
0.68269 -0.252701 0.255987 77 177 0
0.680301 -0.257845 0.256185 77 177 0
0.677685 -0.262792 0.256438 77 177 0
0.673062 -0.266423 0.255358 77 177 0
0.668181 -0.268517 0.254008 77 177 0
0.662688 -0.267641 0.252037 77 177 0
0.658629 -0.263732 0.250215 77 177 0
0.655337 -0.259926 0.248099 77 177 0
0.654585 -0.254245 0.246729 77 177 0
0.657232 -0.249174 0.247112 77 177 0
0.661559 -0.245577 0.248249 77 177 0
0.667104 -0.244931 0.250134 77 177 0
0.672674 -0.245257 0.25235 77 177 0
0.677177 -0.248302 0.254694 77 177 0
0.680068 -0.25315 0.256574 77 177 0
0.681139 -0.258933 0.25771 77 177 0
0.680505 -0.264884 0.258227 77 177 0
0.678197 -0.270351 0.258073 77 177 0
0.674965 -0.275255 0.257544 77 177 0
0.669955 -0.278103 0.256154 77 177 0
0.664443 -0.278135 0.253778 77 177 0
0.659644 -0.276789 0.251527 77 177 0
0.655908 -0.272498 0.249573 77 177 0
0.654917 -0.267225 0.248688 77 177 0
0.655273 -0.261451 0.248243 77 177 0
0.659336 -0.25751 0.249553 77 177 0
0.663939 -0.25414 0.251435 77 177 0
0.669251 -0.25517 0.253806 77 177 0
0.674211 -0.257432 0.256325 77 177 0
0.676726 -0.262079 0.257712 77 177 0
0.679487 -0.267006 0.259531 77 177 0
0.679342 -0.272987 0.260149 77 177 0
0.678621 -0.278782 0.260412 77 177 0
0.675298 -0.283447 0.259465 77 177 0
0.670356 -0.286434 0.257776 77 177 0
0.665241 -0.288666 0.2556 77 177 0
0.659949 -0.287427 0.253239 77 177 0
0.655575 -0.284046 0.250965 77 177 0
0.653992 -0.278472 0.249913 77 177 0
0.654771 -0.27264 0.249889 77 177 0
0.658178 -0.267943 0.25084 77 177 0
0.663311 -0.265597 0.252927 77 177 0
0.668273 -0.266108 0.255132 77 177 0
0.672768 -0.269309 0.257525 77 177 0
0.677143 -0.272435 0.260106 77 177 0
0.678881 -0.277916 0.261537 77 177 0
0.678682 -0.283878 0.262269 77 177 0
0.67715 -0.2895 0.262285 77 177 0
0.67413 -0.294652 0.261651 77 177 0
0.669648 -0.298149 0.259955 77 177 0
0.664123 -0.298434 0.257603 77 177 0
0.658865 -0.297148 0.255276 77 177 0
0.655072 -0.293042 0.253302 77 177 0
0.652948 -0.287689 0.251731 77 177 0
0.653217 -0.281809 0.251123 77 177 0
0.656898 -0.27724 0.252101 78 176 0
0.662062 -0.276154 0.254182 78 176 0
0.667512 -0.276465 0.256716 78 176 0
0.672249 -0.278741 0.25906 78 176 0
0.675399 -0.283213 0.260923 78 176 0
0.678158 -0.288104 0.26292 78 176 0
0.677872 -0.293891 0.263704 78 176 0
0.676554 -0.299711 0.263969 78 176 0
0.672998 -0.304041 0.263185 78 176 0
0.668087 -0.307164 0.261685 78 176 0
0.662682 -0.308262 0.259785 78 176 0
0.657244 -0.30781 0.257343 78 176 0
0.653254 -0.304058 0.25531 78 176 0
0.651598 -0.298595 0.253852 78 176 0
0.652001 -0.292942 0.253041 78 176 0
0.655766 -0.288754 0.254137 78 176 0
0.660591 -0.286105 0.255692 78 176 0
0.666194 -0.286489 0.257819 78 176 0
0.670665 -0.288879 0.259731 78 176 0
0.674896 -0.292068 0.262078 78 176 0
0.677512 -0.297144 0.26396 78 176 0
0.67699 -0.303045 0.264932 78 176 0
0.676204 -0.308956 0.265649 78 176 0
0.672887 -0.313581 0.265512 78 176 0
0.668085 -0.316614 0.26444 78 176 0
0.662799 -0.318839 0.26308 78 176 0
0.657128 -0.31855 0.261118 78 176 0
0.652863 -0.315521 0.258824 78 176 0
0.650517 -0.310763 0.256694 78 176 0
0.649753 -0.305312 0.255272 78 176 0
0.651783 -0.300558 0.255379 78 176 0
0.655559 -0.298831 0.256473 78 176 0
0.658962 -0.295948 0.257511 78 176 0
0.664082 -0.296216 0.259074 78 176 0
0.668215 -0.297638 0.260425 78 176 0
0.671561 -0.300653 0.261853 78 176 0
0.674555 -0.303169 0.263621 78 176 0
0.676349 -0.308057 0.265261 78 176 0
0.676587 -0.31313 0.266814 78 176 0
0.675005 -0.318639 0.267513 78 176 0
0.671995 -0.323298 0.267311 78 176 0
0.668177 -0.327065 0.266724 78 176 0
0.663109 -0.328908 0.265011 78 176 0
0.657771 -0.328714 0.262952 78 176 0
0.653141 -0.325997 0.260667 78 176 0
0.649604 -0.321698 0.258385 78 176 0
0.648875 -0.316241 0.257255 78 176 0
0.65073 -0.31063 0.257071 78 176 0
0.655484 -0.30785 0.258503 78 176 0
0.660676 -0.30669 0.260516 78 176 0
0.66617 -0.307125 0.262865 78 176 0
0.670374 -0.310712 0.265209 78 176 0
0.67345 -0.315359 0.267404 78 176 0
0.674846 -0.320889 0.268911 78 176 0
0.674653 -0.326794 0.269913 78 176 0
0.671663 -0.33198 0.269424 78 176 0
0.667694 -0.336298 0.268409 78 176 0
0.662612 -0.338938 0.266636 78 176 0
0.657186 -0.340177 0.264404 78 176 0
0.652357 -0.337722 0.262141 78 176 0
0.648348 -0.333865 0.259917 78 176 0
0.647329 -0.328394 0.258885 78 176 0
0.648308 -0.322563 0.258538 78 176 0
0.652767 -0.318878 0.260085 78 176 0
0.6579 -0.316791 0.262119 78 176 0
0.663215 -0.317147 0.2647 78 176 0
0.667267 -0.320865 0.266915 78 176 0
0.67082 -0.324596 0.269519 78 176 0
0.672444 -0.330113 0.271236 78 176 0
0.67135 -0.335559 0.271829 78 176 0
0.668878 -0.341046 0.271713 78 176 0
0.666157 -0.346226 0.271169 78 176 0
0.661012 -0.348634 0.269253 78 176 0
0.655634 -0.350365 0.267183 78 176 0
0.650943 -0.347557 0.264817 78 176 0
0.647158 -0.344039 0.262535 78 176 0
0.645083 -0.338714 0.260653 78 176 0
0.646632 -0.333101 0.260201 78 176 0
0.650314 -0.328802 0.26105 78 176 0
0.655364 -0.326262 0.262947 78 176 0
0.660642 -0.327164 0.265602 78 176 0
0.665372 -0.329469 0.268432 78 176 0
0.668373 -0.333843 0.270924 78 176 0
0.670265 -0.338908 0.27335 78 176 0
0.669451 -0.344832 0.274059 78 176 0
0.667496 -0.350491 0.274643 78 176 0
0.66435 -0.355224 0.274328 78 176 0
0.659527 -0.358454 0.272768 78 176 0
0.654431 -0.360471 0.270772 78 176 0
0.649482 -0.358512 0.268524 78 176 0
0.645515 -0.354925 0.266062 78 176 0
0.643252 -0.349766 0.263947 78 176 0
0.644036 -0.344104 0.26298 78 176 0
0.647346 -0.33933 0.263414 78 176 0
0.652489 -0.336976 0.265172 78 176 0
0.657962 -0.336861 0.267557 78 176 0
0.662299 -0.338927 0.270192 78 176 0
0.665691 -0.343081 0.272848 78 176 0
0.667532 -0.347998 0.275082 78 176 0
0.667991 -0.353762 0.276764 78 176 0
0.666983 -0.359382 0.277955 78 176 0
0.663503 -0.364233 0.277171 78 176 0
0.658737 -0.367638 0.276328 78 176 0
0.653453 -0.369775 0.274417 78 176 0
0.648471 -0.368784 0.272345 79 175 0
0.643972 -0.365644 0.269907 79 175 0
0.641167 -0.361149 0.267586 79 175 0
0.6413 -0.355353 0.266357 79 175 0
0.64385 -0.350788 0.266275 79 175 0
0.648479 -0.347342 0.267879 79 175 0
0.653871 -0.346479 0.270113 79 175 0
0.658812 -0.348435 0.272728 79 175 0
0.662897 -0.351705 0.275476 79 175 0
0.66549 -0.356611 0.277811 79 175 0
0.666375 -0.362349 0.279276 79 175 0
0.664844 -0.368093 0.279839 79 175 0
0.662124 -0.373458 0.279807 79 175 0
0.657268 -0.376342 0.278454 79 175 0
0.652553 -0.379792 0.277148 79 175 0
0.647235 -0.380053 0.274763 79 175 0
0.642684 -0.376893 0.272413 79 175 0
0.639476 -0.372799 0.270314 79 175 0
0.637852 -0.367784 0.268613 79 175 0
0.639835 -0.362448 0.268698 79 175 0
0.644486 -0.35899 0.270276 79 175 0
0.649298 -0.356419 0.272102 79 175 0
0.654567 -0.356539 0.274501 79 175 0
0.659038 -0.359654 0.276853 79 175 0
0.662304 -0.363812 0.278993 79 175 0
0.663782 -0.369445 0.280361 79 175 0
0.664434 -0.374755 0.281615 79 175 0
0.662169 -0.379983 0.281133 79 175 0
0.658726 -0.384727 0.280175 79 175 0
0.654469 -0.388601 0.278514 79 175 0
0.649547 -0.390337 0.276255 79 175 0
0.644889 -0.388657 0.274151 79 175 0
0.640385 -0.386335 0.271835 79 175 0
0.638261 -0.382115 0.270745 79 175 0
0.637004 -0.376656 0.269936 79 175 0
0.639151 -0.371955 0.270877 79 175 0
0.641858 -0.36895 0.271779 79 175 0
0.644765 -0.366735 0.272855 79 175 0
0.649789 -0.366273 0.274838 79 175 0
0.654621 -0.367249 0.277056 79 175 0
0.658692 -0.369863 0.279375 79 175 0
0.662074 -0.374303 0.281406 79 175 0
0.661882 -0.380244 0.281555 79 175 0
0.661789 -0.386302 0.28184 79 175 0
0.658384 -0.39096 0.280274 79 175 0
0.653607 -0.39383 0.277958 79 175 0
0.64837 -0.394306 0.275313 79 175 0
0.643418 -0.39193 0.272871 79 175 0
0.639768 -0.387996 0.271009 79 175 0
0.637217 -0.382679 0.269657 79 175 0
0.638039 -0.376847 0.270006 79 175 0
0.640498 -0.371429 0.27118 79 175 0
0.644909 -0.368295 0.27325 79 175 0
0.649626 -0.366273 0.27512 79 175 0
0.653729 -0.366316 0.276405 79 175 0
0.658208 -0.368106 0.278441 79 175 0
0.661297 -0.371898 0.280111 79 175 0
0.662583 -0.376099 0.281031 79 175 0
0.66259 -0.379939 0.28137 79 175 0
0.660595 -0.384802 0.28096 79 175 0
0.657171 -0.388045 0.279751 79 175 0
0.652385 -0.389821 0.277788 79 175 0
0.647277 -0.390179 0.275363 79 175 0
0.643922 -0.387627 0.273762 79 175 0
0.640342 -0.384879 0.271898 79 175 0
0.63808 -0.379795 0.270498 79 175 0
0.637202 -0.374359 0.269601 79 175 0
0.637883 -0.368554 0.269014 79 175 0
0.640747 -0.363852 0.269446 79 175 0
0.644641 -0.35938 0.270304 79 175 0
0.649277 -0.356409 0.271697 79 175 0
0.654814 -0.355984 0.273843 79 175 0
0.659615 -0.357938 0.276202 79 175 0
0.663391 -0.361362 0.278739 79 175 0
0.664246 -0.366803 0.280041 79 175 0
0.663382 -0.372123 0.280885 79 175 0
0.659312 -0.376428 0.280005 79 175 0
0.654439 -0.378717 0.278352 79 175 0
0.649923 -0.380321 0.276399 79 175 0
0.645371 -0.377357 0.274003 79 175 0
0.641591 -0.373603 0.271457 79 175 0
0.639563 -0.368408 0.269477 79 175 0
0.638121 -0.363338 0.267351 79 175 0
0.640744 -0.35872 0.26722 79 175 0
0.642683 -0.353587 0.266777 79 175 0
0.646886 -0.349453 0.267234 79 175 0
0.651457 -0.346348 0.268359 79 175 0
0.656971 -0.34619 0.270501 79 175 0
0.661904 -0.347432 0.273082 79 175 0
0.665199 -0.351794 0.275468 79 175 0
0.665995 -0.357182 0.277531 79 175 0
0.664847 -0.362957 0.278638 79 175 0
0.661333 -0.367567 0.278209 79 175 0
0.65607 -0.369239 0.276785 79 175 0
0.651281 -0.369333 0.274572 79 175 0
0.646631 -0.367465 0.271795 79 175 0
0.643197 -0.363492 0.269046 79 175 0
0.641327 -0.358378 0.266573 79 175 0
0.641748 -0.352657 0.264931 79 175 0
0.642858 -0.346948 0.263494 79 175 0
0.645733 -0.341751 0.263534 79 175 0
0.650243 -0.337897 0.264254 79 175 0
0.655453 -0.336744 0.265733 79 175 0
0.660945 -0.336984 0.2681 80 174 0
0.665705 -0.338857 0.2709 80 174 0
0.668584 -0.343411 0.273489 80 174 0
0.668066 -0.348825 0.274689 80 174 0
0.665894 -0.354179 0.27522 80 174 0
0.662253 -0.358221 0.274473 80 174 0
0.656764 -0.358818 0.272422 80 174 0
0.651382 -0.358515 0.269814 80 174 0
0.646999 -0.355672 0.266972 80 174 0
0.643916 -0.351279 0.264461 80 174 0
0.642685 -0.345844 0.262415 80 174 0
0.644559 -0.34038 0.261811 80 174 0
0.645602 -0.334576 0.260936 80 174 0
0.649384 -0.329983 0.261178 80 174 0
0.654097 -0.326693 0.26251 80 174 0
0.659427 -0.325172 0.26471 80 174 0
0.664415 -0.327037 0.267074 80 174 0
0.66825 -0.330936 0.269446 80 174 0
0.670989 -0.33545 0.271858 80 174 0
0.6695 -0.341055 0.272108 80 174 0
0.66644 -0.346162 0.271511 80 174 0
0.661923 -0.34903 0.26983 80 174 0
0.656632 -0.348527 0.267274 80 174 0
0.651602 -0.346887 0.264676 80 174 0
0.647718 -0.343169 0.262306 80 174 0
0.646066 -0.337683 0.260734 80 174 0
0.645041 -0.331954 0.259314 80 174 0
0.646997 -0.326777 0.259355 80 174 0
0.650449 -0.321937 0.25981 80 174 0
0.653856 -0.317702 0.260581 80 174 0
0.659269 -0.316644 0.262831 80 174 0
0.66468 -0.316043 0.265332 80 174 0
0.669082 -0.319094 0.2677 80 174 0
0.671266 -0.324442 0.26917 80 174 0
0.671631 -0.329847 0.269967 80 174 0
0.668424 -0.334748 0.268737 80 174 0
0.664213 -0.338361 0.267034 80 174 0
0.65904 -0.339133 0.264776 80 174 0
0.654034 -0.336999 0.262273 80 174 0
0.650465 -0.332845 0.2602 80 174 0
0.648064 -0.32769 0.258375 80 174 0
0.646418 -0.322191 0.25678 80 174 0
0.647642 -0.316562 0.256416 80 174 0
0.651357 -0.312114 0.257612 80 174 0
0.655491 -0.308049 0.259059 80 174 0
0.660298 -0.305448 0.260993 80 174 0
0.66571 -0.304771 0.263434 80 174 0
0.66908 -0.30923 0.265003 80 174 0
0.672457 -0.313161 0.266993 80 174 0
0.67281 -0.319049 0.267597 80 174 0
0.671423 -0.32438 0.267732 80 174 0
0.667253 -0.328387 0.266209 80 174 0
0.661829 -0.328232 0.263704 80 174 0
0.656726 -0.327742 0.26106 80 174 0
0.652491 -0.324377 0.258653 80 174 0
0.649749 -0.319441 0.256834 80 174 0
0.647807 -0.314036 0.255139 80 174 0
0.648281 -0.308136 0.254593 80 174 0
0.650192 -0.302478 0.254842 80 174 0
0.654428 -0.298491 0.256244 80 174 0
0.659317 -0.295501 0.257928 80 174 0
0.664707 -0.294778 0.260085 80 174 0
0.669817 -0.296396 0.262643 80 174 0
0.673048 -0.300868 0.264549 80 174 0
0.674493 -0.306331 0.265847 80 174 0
0.673466 -0.312213 0.266148 80 174 0
0.669888 -0.316834 0.265114 80 174 0
0.664977 -0.318771 0.26301 80 174 0
0.659563 -0.318612 0.260479 80 174 0
0.65462 -0.316534 0.257921 80 174 0
0.651415 -0.311937 0.255931 80 174 0
0.649313 -0.30663 0.254191 80 174 0
0.649198 -0.30081 0.25326 80 174 0
0.650904 -0.295152 0.253142 80 174 0
0.654868 -0.290935 0.254255 80 174 0
0.658502 -0.28675 0.255073 80 174 0
0.663838 -0.285676 0.257304 80 174 0
0.668775 -0.285249 0.259453 80 174 0
0.67317 -0.288473 0.261672 80 174 0
0.675894 -0.293284 0.263453 80 174 0
0.675797 -0.29923 0.264132 80 174 0
0.673504 -0.304612 0.263722 80 174 0
0.668554 -0.307493 0.262006 80 174 0
0.663281 -0.308281 0.259848 80 174 0
0.658395 -0.306585 0.257447 80 174 0
0.653988 -0.303479 0.254925 80 174 0
0.651648 -0.298589 0.25328 80 174 0
0.650359 -0.292923 0.251834 80 174 0
0.651415 -0.287108 0.251385 80 174 0
0.654491 -0.282182 0.251941 80 174 0
0.658558 -0.277986 0.253214 80 174 0
0.663274 -0.275038 0.254868 80 174 0
0.668714 -0.27533 0.257021 80 174 0
0.673679 -0.277614 0.259434 80 174 0
0.676393 -0.28242 0.260973 80 174 0
0.677082 -0.287062 0.262068 80 174 0
0.67606 -0.292672 0.262418 80 174 0
0.67219 -0.297087 0.261318 80 174 0
0.667178 -0.297897 0.259206 80 174 0
0.661937 -0.297671 0.256812 80 174 0
0.657229 -0.294913 0.254395 80 174 0
0.653818 -0.290702 0.252441 80 174 0
0.652798 -0.284994 0.251374 80 174 0
0.653543 -0.279099 0.2507 80 174 0
0.654343 -0.273295 0.250018 81 173 0
0.658038 -0.268944 0.250867 81 173 0
0.662371 -0.265154 0.252479 81 173 0
0.667623 -0.263889 0.254654 81 173 0
0.67276 -0.265498 0.256897 81 173 0
0.676377 -0.26971 0.258619 81 173 0
0.678811 -0.274916 0.260224 81 173 0
0.678162 -0.280419 0.260508 81 173 0
0.675268 -0.285118 0.259979 81 173 0
0.670381 -0.287891 0.25835 81 173 0
0.665026 -0.288668 0.255981 81 173 0
0.66038 -0.285933 0.253751 81 173 0
0.655888 -0.28283 0.251334 81 173 0
0.654044 -0.277498 0.250164 81 173 0
0.653906 -0.271573 0.249439 81 173 0
0.655104 -0.265768 0.249239 81 173 0
0.658051 -0.26066 0.249686 81 173 0
0.661828 -0.256856 0.250537 81 173 0
0.66672 -0.254275 0.252145 81 173 0
0.672266 -0.254616 0.254383 81 173 0
0.676987 -0.257353 0.256502 81 173 0
0.679814 -0.26236 0.258017 81 173 0
0.679928 -0.268052 0.258681 81 173 0
0.678159 -0.273537 0.258868 81 173 0
0.673786 -0.277389 0.257616 81 173 0
0.668487 -0.278037 0.255769 81 173 0
0.663119 -0.2771 0.253522 81 173 0
0.65851 -0.274111 0.251253 81 173 0
0.65562 -0.269214 0.249625 81 173 0
0.653566 -0.263816 0.248145 81 173 0
0.654486 -0.258125 0.247897 81 173 0
0.656593 -0.252897 0.247768 81 173 0
0.660655 -0.249017 0.248544 81 173 0
0.664901 -0.244892 0.249274 81 173 0
0.670457 -0.244454 0.251072 81 173 0
0.675516 -0.245329 0.252661 81 173 0
0.679458 -0.248571 0.254294 81 173 0
0.681239 -0.253688 0.255542 81 173 0
0.681594 -0.258827 0.256977 81 173 0
0.679282 -0.264168 0.257055 81 173 0
0.674825 -0.266785 0.256538 81 173 0
0.669831 -0.268616 0.254813 81 173 0
0.664861 -0.266883 0.253122 81 173 0
0.660505 -0.264578 0.251222 81 173 0
0.657313 -0.26155 0.249595 81 173 0
0.655816 -0.257003 0.248534 81 173 0
0.655305 -0.253553 0.247891 81 173 0
0.654872 -0.248475 0.246568 81 173 0
0.657024 -0.243576 0.246327 81 173 0
0.659896 -0.239955 0.246702 81 173 0
0.662743 -0.237332 0.247039 81 173 0
0.666314 -0.234595 0.247538 81 173 0
0.671197 -0.23401 0.249089 81 173 0
0.668599 -0.235497 0.248311 81 173 0
0.663991 -0.23776 0.247254 81 173 0
0.659345 -0.239882 0.246078 81 173 0
0.654651 -0.241793 0.244749 81 173 0
0.649961 -0.24365 0.243322 81 173 0
0.64527 -0.24542 0.241798 81 173 0
0.644954 -0.245274 0.242735 81 173 0
0.585246 -0.247509 0.217447 81 173 0
0.585717 -0.24761 0.21657 81 173 0
0.585717 -0.24761 0.21657 81 173 0
0.584934 -0.25529 0.217778 81 173 0
0.584971 -0.260331 0.218689 81 173 0
0.58475 -0.265383 0.219516 81 173 0
0.584599 -0.270448 0.220272 81 173 0
0.584574 -0.275527 0.220941 81 173 0
0.584453 -0.280619 0.221472 81 173 0
0.584173 -0.285716 0.221909 81 173 0
0.583921 -0.290818 0.22231 81 173 0
0.58373 -0.295929 0.22262 81 173 0
0.583552 -0.301041 0.222894 81 173 0
0.581845 -0.310816 0.223747 81 173 0
0.580919 -0.315822 0.22426 81 173 0
0.579983 -0.320841 0.224727 81 173 0
0.579146 -0.325871 0.22525 81 173 0
0.578031 -0.330853 0.225724 81 173 0
0.577105 -0.335853 0.22637 81 173 0
0.576196 -0.340858 0.227003 81 173 0
0.575125 -0.34585 0.227463 81 173 0
0.573998 -0.350829 0.227938 81 173 0
0.57311 -0.355842 0.228533 81 173 0
0.572226 -0.36086 0.229103 81 173 0
0.571109 -0.365833 0.229639 81 173 0
0.57022 -0.370843 0.230224 81 173 0
0.571437 -0.363065 0.229474 81 173 0
0.572708 -0.358487 0.229052 81 173 0
0.573687 -0.35385 0.228469 81 173 0
0.574696 -0.349215 0.22793 81 173 0
0.575844 -0.344603 0.227483 81 173 0
0.576754 -0.339943 0.226973 81 173 0
0.577681 -0.335279 0.226539 81 173 0
0.578604 -0.330622 0.226031 81 173 0
0.579533 -0.325966 0.22552 81 173 0
0.580509 -0.321312 0.225097 81 173 0
0.581421 -0.316646 0.224755 81 173 0
0.581918 -0.308617 0.223236 81 173 0
0.582327 -0.303773 0.222817 81 173 0
0.5825 -0.298904 0.222438 81 173 0
0.582728 -0.29404 0.222021 81 173 0
0.582845 -0.289168 0.22164 81 173 0
0.582995 -0.2843 0.221221 81 173 0
0.583163 -0.279437 0.220748 81 173 0
0.58335 -0.274577 0.220264 82 172 0
0.583428 -0.269731 0.21963 82 172 0
0.583743 -0.264898 0.218987 82 172 0
0.583888 -0.260089 0.218175 82 172 0
0.584374 -0.255271 0.217514 82 172 0
0.585228 -0.232458 0.215797 82 172 0
0.58876 -0.23445 0.217687 82 172 0
0.592288 -0.236466 0.219553 82 172 0
0.595646 -0.240625 0.221712 82 172 0
0.596779 -0.246018 0.222819 82 172 0
0.594872 -0.251438 0.222513 82 172 0
0.591751 -0.256362 0.22137 82 172 0
0.587735 -0.26035 0.21963 82 172 0
0.583122 -0.262923 0.217064 82 172 0
0.578318 -0.261329 0.214142 82 172 0
0.573548 -0.260264 0.211056 82 172 0
0.569915 -0.256126 0.208572 82 172 0
0.567575 -0.251051 0.206631 82 172 0
0.567739 -0.24505 0.206161 82 172 0
0.568986 -0.239212 0.206455 82 172 0
0.573075 -0.235759 0.208571 82 172 0
0.577706 -0.232969 0.211225 82 172 0
0.582108 -0.235009 0.214027 82 172 0
0.585962 -0.238251 0.216739 82 172 0
0.587956 -0.243673 0.218449 82 172 0
0.587756 -0.249594 0.218795 82 172 0
0.586047 -0.255297 0.217995 82 172 0
0.582355 -0.259234 0.215965 82 172 0
0.577543 -0.261659 0.213241 82 172 0
0.572553 -0.263003 0.210384 82 172 0
0.567968 -0.260862 0.207714 82 172 0
0.563891 -0.257212 0.205153 82 172 0
0.560224 -0.253572 0.202602 82 172 0
0.559296 -0.2477 0.201639 82 172 0
0.560414 -0.241875 0.201731 82 172 0
0.562582 -0.236407 0.202701 82 172 0
0.567648 -0.234906 0.20553 82 172 0
0.572872 -0.234898 0.208564 82 172 0
0.577369 -0.237433 0.21152 82 172 0
0.579949 -0.242423 0.213399 82 172 0
0.57988 -0.248412 0.213823 82 172 0
0.57864 -0.254231 0.213429 82 172 0
0.575101 -0.258639 0.211609 82 172 0
0.57042 -0.261193 0.209109 82 172 0
0.565475 -0.263137 0.206457 82 172 0
0.560753 -0.260656 0.203706 82 172 0
0.556155 -0.259197 0.200806 82 172 0
0.553307 -0.254245 0.198845 82 172 0
0.552198 -0.248636 0.197913 82 172 0
0.552411 -0.242622 0.19767 82 172 0
0.554678 -0.237934 0.198566 82 172 0
0.557514 -0.235006 0.199826 82 172 0
0.562566 -0.234885 0.202284 82 172 0
0.567459 -0.235624 0.204837 82 172 0
0.570883 -0.238097 0.206901 82 172 0
0.573094 -0.242314 0.208496 82 172 0
0.574199 -0.247678 0.209799 82 172 0
0.57428 -0.253415 0.210745 82 172 0
0.572294 -0.258744 0.210399 82 172 0
0.569537 -0.263604 0.20932 82 172 0
0.564903 -0.266298 0.206841 82 172 0
0.560556 -0.268684 0.204335 82 172 0
0.555654 -0.267436 0.201348 82 172 0
0.551511 -0.264638 0.19868 82 172 0
0.549537 -0.259667 0.197191 82 172 0
0.547956 -0.254345 0.195928 82 172 0
0.550154 -0.249049 0.196709 82 172 0
0.554381 -0.245576 0.198822 82 172 0
0.559064 -0.244456 0.201284 82 172 0
0.56417 -0.244501 0.204367 82 172 0
0.568264 -0.247545 0.207105 82 172 0
0.570708 -0.252545 0.209186 82 172 0
0.572428 -0.257944 0.210717 82 172 0
0.572137 -0.263888 0.211166 82 172 0
0.569564 -0.268744 0.210319 82 172 0
0.566247 -0.273372 0.208869 82 172 0
0.562216 -0.277154 0.206764 82 172 0
0.557298 -0.278773 0.203844 82 172 0
0.55257 -0.277707 0.200832 82 172 0
0.549034 -0.273643 0.198357 82 172 0
0.547295 -0.268233 0.196916 82 172 0
0.547642 -0.262343 0.196541 82 172 0
0.55115 -0.25784 0.198215 82 172 0
0.555219 -0.25455 0.200578 82 172 0
0.560232 -0.254695 0.203813 82 172 0
0.564905 -0.255874 0.206996 82 172 0
0.56741 -0.260484 0.209001 82 172 0
0.569472 -0.265822 0.210655 82 172 0
0.571321 -0.271114 0.212109 82 172 0
0.569321 -0.276671 0.211246 82 172 0
0.567857 -0.282049 0.210816 82 172 0
0.563661 -0.285525 0.208637 82 172 0
0.558816 -0.28764 0.205876 82 172 0
0.553831 -0.288321 0.202797 82 172 0
0.549643 -0.285697 0.199767 82 172 0
0.547121 -0.280752 0.197705 82 172 0
0.54604 -0.275259 0.196621 82 172 0
0.548016 -0.269801 0.197616 82 172 0
0.552133 -0.266656 0.200147 82 172 0
0.556841 -0.264876 0.203239 82 172 0
0.561787 -0.265289 0.206469 82 172 0
0.56576 -0.268259 0.209201 82 172 0
0.568392 -0.273209 0.211235 82 172 0
0.56885 -0.278951 0.211915 83 171 0
0.568723 -0.284911 0.212197 83 171 0
0.566724 -0.290362 0.21134 83 171 0
0.563117 -0.294672 0.209429 83 171 0
0.558907 -0.297883 0.206866 83 171 0
0.554097 -0.298574 0.203799 83 171 0
0.549743 -0.296051 0.200817 83 171 0
0.545935 -0.293115 0.198226 83 171 0
0.545258 -0.287329 0.197345 83 171 0
0.545577 -0.281454 0.197316 83 171 0
0.549012 -0.27746 0.199419 83 171 0
0.553198 -0.274245 0.202159 83 171 0
0.557922 -0.274639 0.205303 83 171 0
0.561941 -0.277769 0.208141 83 171 0
0.565584 -0.281319 0.210695 83 171 0
0.568398 -0.286124 0.212779 83 171 0
0.568189 -0.292084 0.213014 83 171 0
0.56753 -0.297812 0.212853 83 171 0
0.564577 -0.302721 0.211189 83 171 0
0.560733 -0.306137 0.208807 83 171 0
0.556181 -0.308442 0.205793 83 171 0
0.551223 -0.308713 0.202484 83 171 0
0.54719 -0.305962 0.199529 83 171 0
0.544976 -0.301597 0.197749 83 171 0
0.543123 -0.296243 0.196342 83 171 0
0.545227 -0.291514 0.19735 83 171 0
0.548328 -0.287735 0.199277 83 171 0
0.552092 -0.284537 0.201866 83 171 0
0.556815 -0.285412 0.20505 83 171 0
0.56086 -0.288227 0.208044 83 171 0
0.564396 -0.290999 0.210638 83 171 0
0.565933 -0.296384 0.212368 83 171 0
0.565593 -0.302317 0.212903 83 171 0
0.565325 -0.308269 0.213246 83 171 0
0.563243 -0.313604 0.21214 83 171 0
0.558888 -0.316244 0.209425 83 171 0
0.555168 -0.318665 0.206598 83 171 0
0.55046 -0.317993 0.203018 83 171 0
0.546286 -0.316914 0.199401 83 171 0
0.543342 -0.31327 0.196741 83 171 0
0.543511 -0.307466 0.196391 83 171 0
0.543853 -0.302143 0.196539 83 171 0
0.546554 -0.298652 0.198234 83 171 0
0.550543 -0.296262 0.200904 83 171 0
0.555007 -0.296017 0.204189 83 171 0
0.559031 -0.29655 0.207757 83 171 0
0.56111 -0.299754 0.209585 83 171 0
0.563775 -0.302437 0.211665 83 171 0
0.565339 -0.307005 0.213275 83 171 0
0.564741 -0.312875 0.214311 83 171 0
0.564226 -0.318737 0.214498 83 171 0
0.561553 -0.323637 0.213192 83 171 0
0.557867 -0.326325 0.210594 83 171 0
0.554654 -0.328653 0.20721 83 171 0
0.550264 -0.328449 0.203212 83 171 0
0.546174 -0.326972 0.199639 83 171 0
0.542988 -0.32276 0.196826 83 171 0
0.543065 -0.316863 0.196359 83 171 0
0.544755 -0.311236 0.197546 83 171 0
0.547927 -0.306839 0.199973 83 171 0
0.552549 -0.306332 0.203632 83 171 0
0.557075 -0.306792 0.207521 83 171 0
0.561174 -0.309112 0.21094 83 171 0
0.563269 -0.314154 0.213289 83 171 0
0.564378 -0.319702 0.214905 83 171 0
0.563948 -0.325659 0.215415 83 171 0
0.562298 -0.331345 0.214588 83 171 0
0.559707 -0.336269 0.212679 83 171 0
0.555491 -0.338931 0.209407 83 171 0
0.551113 -0.340298 0.205804 83 171 0
0.546634 -0.338777 0.202219 83 171 0
0.543282 -0.335219 0.198902 83 171 0
0.542099 -0.329996 0.197369 83 171 0
0.542512 -0.324025 0.197293 83 171 0
0.545258 -0.319667 0.199341 83 171 0
0.549222 -0.316666 0.202619 83 171 0
0.553791 -0.316153 0.206354 83 171 0
0.558 -0.317628 0.209909 83 171 0
0.561033 -0.321701 0.213077 83 171 0
0.563354 -0.326666 0.215447 83 171 0
0.563554 -0.33248 0.216408 83 171 0
0.562725 -0.338347 0.21631 83 171 0
0.559978 -0.343184 0.214548 83 171 0
0.557144 -0.347942 0.21236 83 171 0
0.552879 -0.3504 0.209171 83 171 0
0.548308 -0.350033 0.205434 83 171 0
0.544248 -0.347529 0.20204 83 171 0
0.541604 -0.342929 0.19933 83 171 0
0.541803 -0.337026 0.19862 83 171 0
0.543543 -0.33164 0.199447 83 171 0
0.547418 -0.328103 0.20222 83 171 0
0.551348 -0.326596 0.20556 83 171 0
0.555615 -0.328352 0.209261 83 171 0
0.559455 -0.330986 0.21301 83 171 0
0.562292 -0.335257 0.215936 83 171 0
0.562856 -0.340936 0.217397 83 171 0
0.561964 -0.34681 0.217535 83 171 0
0.560283 -0.352502 0.216742 83 171 0
0.556834 -0.356537 0.214505 83 171 0
0.553306 -0.360451 0.211837 83 171 0
0.548574 -0.360444 0.208161 83 171 0
0.544387 -0.359147 0.204577 83 171 0
0.540989 -0.355247 0.201563 83 171 0
0.540876 -0.349602 0.2006 83 171 0
0.54215 -0.344018 0.200965 84 170 0
0.545037 -0.339141 0.202885 84 170 0
0.549572 -0.33784 0.206252 84 170 0
0.553725 -0.33714 0.209859 84 170 0
0.557385 -0.340264 0.213434 84 170 0
0.560684 -0.344015 0.216717 84 170 0
0.562062 -0.349384 0.218755 84 170 0
0.561613 -0.355311 0.219437 84 170 0
0.560322 -0.360976 0.219042 84 170 0
0.557551 -0.365919 0.217303 84 170 0
0.553758 -0.369687 0.214612 84 170 0
0.549346 -0.370654 0.211245 84 170 0
0.545022 -0.369848 0.207441 84 170 0
0.541701 -0.366359 0.203875 84 170 0
0.540012 -0.361185 0.201911 84 170 0
0.540211 -0.35521 0.201538 84 170 0
0.542785 -0.350271 0.2032 84 170 0
0.547274 -0.348549 0.206597 84 170 0
0.551777 -0.348273 0.21052 84 170 0
0.555998 -0.34958 0.214436 84 170 0
0.558775 -0.353635 0.217544 84 170 0
0.561215 -0.35845 0.220142 84 170 0
0.561206 -0.364237 0.221163 84 170 0
0.559673 -0.370013 0.22077 84 170 0
0.55735 -0.375313 0.219458 84 170 0
0.554186 -0.379632 0.217157 84 170 0
0.550059 -0.382443 0.213851 84 170 0
0.545662 -0.381374 0.210094 84 170 0
0.542155 -0.378478 0.20656 84 170 0
0.539421 -0.374334 0.20366 84 170 0
0.539765 -0.368557 0.202701 84 170 0
0.541516 -0.363009 0.203486 84 170 0
0.544419 -0.358714 0.205972 84 170 0
0.54888 -0.358326 0.209929 84 170 0
0.553119 -0.358752 0.214116 84 170 0
0.557146 -0.36095 0.217836 84 170 0
0.558976 -0.365963 0.220351 84 170 0
0.560642 -0.371288 0.222361 84 170 0
0.560566 -0.377196 0.222754 84 170 0
0.558642 -0.382321 0.221529 84 170 0
0.555612 -0.386833 0.219052 84 170 0
0.552382 -0.390773 0.216243 84 170 0
0.548621 -0.392119 0.212666 84 170 0
0.544887 -0.390995 0.20875 84 170 0
0.541997 -0.388069 0.206051 84 170 0
0.538995 -0.384363 0.203197 84 170 0
0.539291 -0.378566 0.202811 84 170 0
0.540447 -0.374205 0.203551 84 170 0
0.543419 -0.370093 0.206095 84 170 0
0.546842 -0.368635 0.209615 84 170 0
0.549779 -0.368196 0.213463 84 170 0
0.553187 -0.369747 0.21728 84 170 0
0.557178 -0.371927 0.220329 84 170 0
0.559096 -0.377237 0.221583 84 170 0
0.56057 -0.382703 0.222276 84 170 0
0.559265 -0.388067 0.220988 84 170 0
0.556929 -0.392712 0.218821 84 170 0
0.552924 -0.395545 0.215661 84 170 0
0.548609 -0.396714 0.212057 84 170 0
0.543964 -0.396166 0.208578 84 170 0
0.540634 -0.392633 0.205742 84 170 0
0.538703 -0.387678 0.203883 84 170 0
0.538577 -0.381865 0.203458 84 170 0
0.539681 -0.376242 0.204086 84 170 0
0.542407 -0.371777 0.206132 84 170 0
0.546549 -0.369487 0.209295 84 170 0
0.550135 -0.368196 0.212846 84 170 0
0.553505 -0.368578 0.217132 84 170 0
0.556531 -0.370565 0.219777 84 170 0
0.558505 -0.37377 0.221562 84 170 0
0.560399 -0.377417 0.223493 84 170 0
0.56024 -0.383141 0.223722 84 170 0
0.558324 -0.386891 0.222187 84 170 0
0.555588 -0.390445 0.219283 84 170 0
0.552009 -0.391919 0.215799 84 170 0
0.548029 -0.392097 0.211879 84 170 0
0.544323 -0.388924 0.20858 84 170 0
0.541501 -0.385482 0.205489 84 170 0
0.540177 -0.380265 0.203682 84 170 0
0.539003 -0.374632 0.202237 84 170 0
0.540955 -0.369344 0.202979 84 170 0
0.542574 -0.364045 0.20414 84 170 0
0.546041 -0.360833 0.207096 84 170 0
0.549512 -0.35831 0.210794 84 170 0
0.553782 -0.357794 0.214788 84 170 0
0.557421 -0.35989 0.218631 84 170 0
0.560634 -0.363748 0.221706 84 170 0
0.561006 -0.368987 0.222554 84 170 0
0.560667 -0.374805 0.222656 84 170 0
0.556881 -0.378671 0.220163 84 170 0
0.552569 -0.380698 0.216757 84 170 0
0.548785 -0.38205 0.213239 84 170 0
0.545617 -0.378688 0.209572 84 170 0
0.542744 -0.37537 0.206393 84 170 0
0.540792 -0.370389 0.203771 84 170 0
0.539823 -0.365263 0.202078 84 170 0
0.54174 -0.359619 0.202364 84 170 0
0.544053 -0.354257 0.203739 84 170 0
0.547084 -0.349855 0.206347 84 170 0
0.551131 -0.347024 0.209768 84 170 0
0.554718 -0.348624 0.213146 84 170 0
0.558848 -0.349272 0.21715 84 170 0
0.561353 -0.353568 0.219979 84 170 0
0.562758 -0.35873 0.221856 85 169 0
0.561164 -0.36439 0.221351 85 169 0
0.557326 -0.36818 0.218816 85 169 0
0.553381 -0.37078 0.215332 85 169 0
0.548907 -0.370628 0.211348 85 169 0
0.54535 -0.368189 0.207407 85 169 0
0.542889 -0.363995 0.204206 85 169 0
0.541259 -0.358709 0.20193 85 169 0
0.540737 -0.353091 0.200797 85 169 0
0.542877 -0.347754 0.201393 85 169 0
0.54552 -0.342666 0.203136 85 169 0
0.548896 -0.338436 0.205663 85 169 0
0.553229 -0.336422 0.209121 85 169 0
0.557557 -0.337801 0.213046 85 169 0
0.561426 -0.340695 0.216561 85 169 0
0.563586 -0.345369 0.219445 85 169 0
0.563754 -0.351158 0.220416 85 169 0
0.561111 -0.356113 0.219037 85 169 0
0.55731 -0.359465 0.216068 85 169 0
0.552892 -0.360448 0.212236 85 169 0
0.548439 -0.359799 0.208361 85 169 0
0.545213 -0.356522 0.20507 85 169 0
0.543108 -0.351543 0.202478 85 169 0
0.543048 -0.345804 0.201296 85 169 0
0.543373 -0.339822 0.200777 85 169 0
0.545083 -0.334341 0.201496 85 169 0
0.548781 -0.330529 0.203929 85 169 0
0.552919 -0.327272 0.206832 85 169 0
0.557265 -0.327498 0.210579 85 169 0
0.561325 -0.328752 0.214473 85 169 0
0.563883 -0.333533 0.217054 85 169 0
0.564907 -0.339047 0.218557 85 169 0
0.564285 -0.344728 0.218505 85 169 0
0.560769 -0.348584 0.216008 85 169 0
0.556627 -0.350662 0.212735 85 169 0
0.551933 -0.350323 0.209075 85 169 0
0.548262 -0.347247 0.205499 85 169 0
0.544978 -0.343296 0.202397 85 169 0
0.543674 -0.337844 0.200732 85 169 0
0.543924 -0.331893 0.200093 85 169 0
0.544184 -0.326125 0.199919 85 169 0
0.547996 -0.322117 0.202247 85 169 0
0.552056 -0.319022 0.205207 85 169 0
0.556479 -0.316686 0.208543 85 169 0
0.560963 -0.317314 0.212313 85 169 0
0.564341 -0.320756 0.21533 85 169 0
0.565726 -0.326237 0.217087 85 169 0
0.56602 -0.33211 0.217602 85 169 0
0.563095 -0.336101 0.215665 85 169 0
0.559197 -0.339579 0.212765 85 169 0
0.554683 -0.340494 0.209016 85 169 0
0.550481 -0.338363 0.205506 85 169 0
0.546737 -0.334767 0.202484 85 169 0
0.545256 -0.329243 0.200909 85 169 0
0.543988 -0.323678 0.199333 85 169 0
0.544479 -0.317746 0.199155 85 169 0
0.547289 -0.312803 0.200559 85 169 0
0.551348 -0.309271 0.203126 85 169 0
0.555842 -0.307054 0.206441 85 169 0
0.560626 -0.306613 0.210014 85 169 0
0.564349 -0.309484 0.213253 85 169 0
0.566735 -0.314524 0.215482 85 169 0
0.566779 -0.320307 0.215767 85 169 0
0.564637 -0.325742 0.214363 85 169 0
0.560664 -0.329239 0.211591 85 169 0
0.556199 -0.329757 0.208518 85 169 0
0.551561 -0.328342 0.205107 85 169 0
0.547812 -0.325257 0.202064 85 169 0
0.545459 -0.320205 0.199899 85 169 0
0.544523 -0.31437 0.198799 85 169 0
0.544854 -0.308482 0.198588 85 169 0
0.547856 -0.303562 0.200257 85 169 0
0.551593 -0.299524 0.202662 85 169 0
0.556032 -0.296907 0.205641 85 169 0
0.560962 -0.296346 0.208968 85 169 0
0.565196 -0.298979 0.212182 85 169 0
0.567532 -0.302767 0.214247 85 169 0
0.569113 -0.308196 0.215616 85 169 0
0.566834 -0.313302 0.214416 85 169 0
0.563732 -0.317701 0.212348 85 169 0
0.559132 -0.320025 0.209264 85 169 0
0.554353 -0.318793 0.206034 85 169 0
0.54993 -0.316203 0.202912 85 169 0
0.546544 -0.312311 0.200362 85 169 0
0.545086 -0.306698 0.198888 85 169 0
0.54612 -0.30117 0.198866 85 169 0
0.546257 -0.295203 0.198726 85 169 0
0.550184 -0.291562 0.200959 85 169 0
0.554088 -0.287905 0.203487 85 169 0
0.558665 -0.285583 0.206578 85 169 0
0.563353 -0.286152 0.209761 85 169 0
0.566927 -0.290041 0.21231 85 169 0
0.569336 -0.295261 0.214071 85 169 0
0.569592 -0.300928 0.21449 85 169 0
0.566597 -0.305472 0.212724 85 169 0
0.561932 -0.307818 0.209744 85 169 0
0.556997 -0.308422 0.206441 85 169 0
0.552398 -0.30704 0.203214 85 169 0
0.548958 -0.302881 0.200712 85 169 0
0.546264 -0.298054 0.198683 85 169 0
0.546457 -0.292052 0.198388 85 169 0
0.54761 -0.286379 0.198825 85 169 0
0.550288 -0.281218 0.200354 85 169 0
0.553353 -0.27645 0.202335 85 169 0
0.558336 -0.276097 0.2056 86 168 0
0.563144 -0.276669 0.208831 86 168 0
0.567402 -0.279387 0.211907 86 168 0
0.570319 -0.284135 0.214103 86 168 0
0.56945 -0.289878 0.213894 86 168 0
0.568042 -0.2954 0.213133 86 168 0
0.563969 -0.298671 0.210553 86 168 0
0.558979 -0.29888 0.207209 86 168 0
0.554179 -0.29783 0.203904 86 168 0
0.550103 -0.294502 0.201028 86 168 0
0.547204 -0.289878 0.198793 86 168 0
0.546711 -0.284106 0.197822 86 168 0
0.547273 -0.278182 0.1977 86 168 0
0.549951 -0.272956 0.198898 86 168 0
0.553527 -0.268559 0.200853 86 168 0
0.557897 -0.265586 0.203605 86 168 0
0.562829 -0.264797 0.206804 86 168 0
0.567309 -0.267104 0.20994 86 168 0
0.57115 -0.270634 0.212809 86 168 0
0.570843 -0.276623 0.213244 86 168 0
0.569715 -0.282332 0.213059 86 168 0
0.566096 -0.286483 0.210983 86 168 0
0.561641 -0.288314 0.208197 86 168 0
0.556771 -0.287976 0.204873 86 168 0
0.552614 -0.28495 0.201769 86 168 0
0.549901 -0.280249 0.199416 86 168 0
0.547571 -0.275047 0.197572 86 168 0
0.548068 -0.269374 0.197307 86 168 0
0.549553 -0.263729 0.197727 86 168 0
0.552675 -0.259126 0.199045 86 168 0
0.557161 -0.256756 0.20133 86 168 0
0.561872 -0.254705 0.204092 86 168 0
0.566659 -0.255602 0.207228 86 168 0
0.570634 -0.259007 0.210155 86 168 0
0.57228 -0.264039 0.212062 86 168 0
0.571386 -0.269268 0.212347 86 168 0
0.569255 -0.27433 0.211569 86 168 0
0.564951 -0.277216 0.209204 86 168 0
0.560111 -0.278613 0.206132 86 168 0
0.555934 -0.276645 0.20315 86 168 0
0.552151 -0.273023 0.200349 86 168 0
0.549328 -0.268572 0.198121 86 168 0
0.548662 -0.262819 0.19723 86 168 0
0.54975 -0.25842 0.197399 86 168 0
0.549983 -0.252425 0.197019 86 168 0
0.554508 -0.249379 0.199132 86 168 0
0.558606 -0.245727 0.20092 86 168 0
0.563736 -0.244486 0.203446 86 168 0
0.568646 -0.245458 0.20626 86 168 0
0.571334 -0.248672 0.208276 86 168 0
0.573615 -0.253473 0.210342 86 168 0
0.573422 -0.259036 0.211238 86 168 0
0.570011 -0.263465 0.210072 86 168 0
0.566121 -0.266253 0.208028 86 168 0
0.562925 -0.268644 0.206025 86 168 0
0.558092 -0.267732 0.202833 86 168 0
0.554132 -0.264308 0.200218 86 168 0
0.551783 -0.260256 0.198663 86 168 0
0.549839 -0.256635 0.197329 86 168 0
0.549966 -0.250723 0.196961 86 168 0
0.5502 -0.244828 0.196593 86 168 0
0.552407 -0.241296 0.197486 86 168 0
0.553958 -0.237932 0.198187 86 168 0
0.557754 -0.236198 0.199924 86 168 0
0.562587 -0.234885 0.202248 86 168 0
0.564705 -0.235692 0.203374 86 168 0
0.568692 -0.237687 0.205659 86 168 0
0.572563 -0.239772 0.208056 86 168 0
0.576273 -0.242089 0.210495 86 168 0
0.579985 -0.244392 0.212945 86 168 0
0.583647 -0.246817 0.215342 86 168 0
0.583163 -0.246698 0.216209 86 168 0
0.641725 -0.246942 0.243144 86 168 0
0.642063 -0.247079 0.242213 86 168 0
0.641875 -0.254732 0.242159 86 168 0
0.641641 -0.259948 0.242904 86 168 0
0.641042 -0.265143 0.243612 86 168 0
0.640688 -0.270347 0.244383 86 168 0
0.640491 -0.275557 0.2452 86 168 0
0.640169 -0.280765 0.24598 86 168 0
0.639747 -0.285976 0.246698 86 168 0
0.639245 -0.291187 0.247355 86 168 0
0.638903 -0.296401 0.248059 86 168 0
0.638407 -0.3016 0.248656 86 168 0
0.637261 -0.309331 0.249858 86 168 0
0.636478 -0.314108 0.251144 86 168 0
0.635736 -0.318938 0.252239 86 168 0
0.635053 -0.323783 0.253307 86 168 0
0.634347 -0.328612 0.25443 86 168 0
0.633688 -0.333435 0.255608 86 168 0
0.632963 -0.338262 0.256728 86 168 0
0.632359 -0.3431 0.257874 86 168 0
0.631729 -0.347931 0.259036 86 168 0
0.631135 -0.352773 0.260169 86 168 0
0.630546 -0.357623 0.261271 86 168 0
0.630023 -0.362506 0.262249 86 168 0
0.629459 -0.367379 0.263255 86 168 0
0.628926 -0.372287 0.264089 86 168 0
0.629633 -0.364555 0.263172 86 168 0
0.630254 -0.359777 0.261945 86 168 0
0.630851 -0.355001 0.260701 86 168 0
0.631434 -0.35019 0.259588 86 168 0
0.632049 -0.345395 0.258427 86 168 0
0.632856 -0.340604 0.257369 86 168 0
0.633499 -0.335807 0.256227 87 167 0
0.634203 -0.331018 0.255092 87 167 0
0.634895 -0.326227 0.253954 87 167 0
0.635632 -0.321416 0.252944 87 167 0
0.636551 -0.316637 0.251924 87 167 0
0.637382 -0.308381 0.249727 87 167 0
0.637568 -0.303537 0.248962 87 167 0
0.637892 -0.298702 0.248194 87 167 0
0.638266 -0.293872 0.247413 87 167 0
0.638631 -0.289024 0.246744 87 167 0
0.639014 -0.284175 0.246094 87 167 0
0.639408 -0.279331 0.245414 87 167 0
0.639901 -0.27449 0.244775 87 167 0
0.64038 -0.269647 0.244141 87 167 0
0.640895 -0.26481 0.243494 87 167 0
0.64142 -0.259976 0.24283 87 167 0
0.641859 -0.25513 0.242202 87 167 0
0.643548 -0.232337 0.238652 87 167 0
0.648052 -0.233877 0.240776 87 167 0
0.652388 -0.23551 0.24312 87 167 0
0.655921 -0.238635 0.245543 87 167 0
0.657051 -0.244174 0.246916 87 167 0
0.656744 -0.250066 0.24779 87 167 0
0.655515 -0.255713 0.248057 87 167 0
0.651935 -0.259428 0.247166 87 167 0
0.64762 -0.26235 0.245446 87 167 0
0.642958 -0.259737 0.242976 87 167 0
0.63839 -0.257009 0.240186 87 167 0
0.636442 -0.251921 0.238544 87 167 0
0.63704 -0.245975 0.237933 87 167 0
0.638967 -0.240622 0.23809 87 167 0
0.642457 -0.235863 0.239147 87 167 0
0.647452 -0.234816 0.241206 87 167 0
0.652391 -0.232633 0.243407 87 167 0
0.657297 -0.235018 0.245926 87 167 0
0.66209 -0.237243 0.248538 87 167 0
0.664641 -0.2424 0.250221 87 167 0
0.666274 -0.247838 0.251538 87 167 0
0.666478 -0.253793 0.252299 87 167 0
0.662569 -0.257891 0.250924 87 167 0
0.658237 -0.261627 0.249149 87 167 0
0.653058 -0.262439 0.246718 87 167 0
0.648925 -0.259008 0.244483 87 167 0
0.646005 -0.254137 0.242528 87 167 0
0.644544 -0.248599 0.241122 87 167 0
0.646821 -0.243068 0.241603 87 167 0
0.649458 -0.238102 0.242196 87 167 0
0.654639 -0.235695 0.244007 87 167 0
0.660208 -0.23517 0.245948 87 167 0
0.665648 -0.234601 0.248421 87 167 0
0.670116 -0.237959 0.250564 87 167 0
0.674245 -0.241551 0.252913 87 167 0
0.675962 -0.247031 0.254192 87 167 0
0.674416 -0.252737 0.254052 87 167 0
0.673207 -0.258497 0.254293 87 167 0
0.66829 -0.2614 0.252658 87 167 0
0.662687 -0.262012 0.250968 87 167 0
0.657859 -0.25944 0.248955 87 167 0
0.654577 -0.25526 0.247107 87 167 0
0.653259 -0.24998 0.245792 87 167 0
0.655018 -0.244766 0.245717 87 167 0
0.65755 -0.239691 0.245654 87 167 0
0.661736 -0.236823 0.246785 87 167 0
0.66605 -0.234589 0.247719 87 167 0
0.671113 -0.23401 0.249233 87 167 0
0.674805 -0.236218 0.249782 87 167 0
0.678157 -0.238561 0.251345 87 167 0
0.680899 -0.242647 0.252979 87 167 0
0.683114 -0.24683 0.254844 87 167 0
0.68269 -0.252701 0.255987 87 167 0
0.680301 -0.257845 0.256185 87 167 0
0.677685 -0.262792 0.256438 87 167 0
0.673062 -0.266423 0.255358 87 167 0
0.668181 -0.268517 0.254008 87 167 0
0.662688 -0.267641 0.252037 87 167 0
0.658629 -0.263732 0.250215 87 167 0
0.655337 -0.259926 0.248099 87 167 0
0.654585 -0.254245 0.246729 87 167 0
0.657232 -0.249174 0.247112 87 167 0
0.661559 -0.245577 0.248249 87 167 0
0.667104 -0.244931 0.250134 87 167 0
0.672674 -0.245257 0.25235 87 167 0
0.677177 -0.248302 0.254694 87 167 0
0.680068 -0.25315 0.256574 87 167 0
0.681139 -0.258933 0.25771 87 167 0
0.680505 -0.264884 0.258227 87 167 0
0.678197 -0.270351 0.258073 87 167 0
0.674965 -0.275255 0.257544 87 167 0
0.669955 -0.278103 0.256154 87 167 0
0.664443 -0.278135 0.253778 87 167 0
0.659644 -0.276789 0.251527 87 167 0
0.655908 -0.272498 0.249573 87 167 0
0.654917 -0.267225 0.248688 87 167 0
0.655273 -0.261451 0.248243 87 167 0
0.659336 -0.25751 0.249553 87 167 0
0.663939 -0.25414 0.251435 87 167 0
0.669251 -0.25517 0.253806 87 167 0
0.674211 -0.257432 0.256325 87 167 0
0.676726 -0.262079 0.257712 87 167 0
0.679487 -0.267006 0.259531 87 167 0
0.679342 -0.272987 0.260149 87 167 0
0.678621 -0.278782 0.260412 87 167 0
0.675298 -0.283447 0.259465 87 167 0
0.670356 -0.286434 0.257776 88 166 0
0.665241 -0.288666 0.2556 88 166 0
0.659949 -0.287427 0.253239 88 166 0
0.655575 -0.284046 0.250965 88 166 0
0.653992 -0.278472 0.249913 88 166 0
0.654771 -0.27264 0.249889 88 166 0
0.658178 -0.267943 0.25084 88 166 0
0.663311 -0.265597 0.252927 88 166 0
0.668273 -0.266108 0.255132 88 166 0
0.672768 -0.269309 0.257525 88 166 0
0.677143 -0.272435 0.260106 88 166 0
0.678881 -0.277916 0.261537 88 166 0
0.678682 -0.283878 0.262269 88 166 0
0.67715 -0.2895 0.262285 88 166 0
0.67413 -0.294652 0.261651 88 166 0
0.669648 -0.298149 0.259955 88 166 0
0.664123 -0.298434 0.257603 88 166 0
0.658865 -0.297148 0.255276 88 166 0
0.655072 -0.293042 0.253302 88 166 0
0.652948 -0.287689 0.251731 88 166 0
0.653217 -0.281809 0.251123 88 166 0
0.656898 -0.27724 0.252101 88 166 0
0.662062 -0.276154 0.254182 88 166 0
0.667512 -0.276465 0.256716 88 166 0
0.672249 -0.278741 0.25906 88 166 0
0.675399 -0.283213 0.260923 88 166 0
0.678158 -0.288104 0.26292 88 166 0
0.677872 -0.293891 0.263704 88 166 0
0.676554 -0.299711 0.263969 88 166 0
0.672998 -0.304041 0.263185 88 166 0
0.668087 -0.307164 0.261685 88 166 0
0.662682 -0.308262 0.259785 88 166 0
0.657244 -0.30781 0.257343 88 166 0
0.653254 -0.304058 0.25531 88 166 0
0.651598 -0.298595 0.253852 88 166 0
0.652001 -0.292942 0.253041 88 166 0
0.655766 -0.288754 0.254137 88 166 0
0.660591 -0.286105 0.255692 88 166 0
0.666194 -0.286489 0.257819 88 166 0
0.670665 -0.288879 0.259731 88 166 0
0.674896 -0.292068 0.262078 88 166 0
0.677512 -0.297144 0.26396 88 166 0
0.67699 -0.303045 0.264932 88 166 0
0.676204 -0.308956 0.265649 88 166 0
0.672887 -0.313581 0.265512 88 166 0
0.668085 -0.316614 0.26444 88 166 0
0.662799 -0.318839 0.26308 88 166 0
0.657128 -0.31855 0.261118 88 166 0
0.652863 -0.315521 0.258824 88 166 0
0.650517 -0.310763 0.256694 88 166 0
0.649753 -0.305312 0.255272 88 166 0
0.651783 -0.300558 0.255379 88 166 0
0.655559 -0.298831 0.256473 88 166 0
0.658962 -0.295948 0.257511 88 166 0
0.664082 -0.296216 0.259074 88 166 0
0.668215 -0.297638 0.260425 88 166 0
0.671561 -0.300653 0.261853 88 166 0
0.674555 -0.303169 0.263621 88 166 0
0.676349 -0.308057 0.265261 88 166 0
0.676587 -0.31313 0.266814 88 166 0
0.675005 -0.318639 0.267513 88 166 0
0.671995 -0.323298 0.267311 88 166 0
0.668177 -0.327065 0.266724 88 166 0
0.663109 -0.328908 0.265011 88 166 0
0.657771 -0.328714 0.262952 88 166 0
0.653141 -0.325997 0.260667 88 166 0
0.649604 -0.321698 0.258385 88 166 0
0.648875 -0.316241 0.257255 88 166 0
0.65073 -0.31063 0.257071 88 166 0
0.655484 -0.30785 0.258503 88 166 0
0.660676 -0.30669 0.260516 88 166 0
0.66617 -0.307125 0.262865 88 166 0
0.670374 -0.310712 0.265209 88 166 0
0.67345 -0.315359 0.267404 88 166 0
0.674846 -0.320889 0.268911 88 166 0
0.674653 -0.326794 0.269913 88 166 0
0.671663 -0.33198 0.269424 88 166 0
0.667694 -0.336298 0.268409 88 166 0
0.662612 -0.338938 0.266636 88 166 0
0.657186 -0.340177 0.264404 88 166 0
0.652357 -0.337722 0.262141 88 166 0
0.648348 -0.333865 0.259917 88 166 0
0.647329 -0.328394 0.258885 88 166 0
0.648308 -0.322563 0.258538 88 166 0
0.652767 -0.318878 0.260085 88 166 0
0.6579 -0.316791 0.262119 88 166 0
0.663215 -0.317147 0.2647 88 166 0
0.667267 -0.320865 0.266915 88 166 0
0.67082 -0.324596 0.269519 88 166 0
0.672444 -0.330113 0.271236 88 166 0
0.67135 -0.335559 0.271829 88 166 0
0.668878 -0.341046 0.271713 88 166 0
0.666157 -0.346226 0.271169 88 166 0
0.661012 -0.348634 0.269253 88 166 0
0.655634 -0.350365 0.267183 88 166 0
0.650943 -0.347557 0.264817 88 166 0
0.647158 -0.344039 0.262535 88 166 0
0.645083 -0.338714 0.260653 88 166 0
0.646632 -0.333101 0.260201 88 166 0
0.650314 -0.328802 0.26105 88 166 0
0.655364 -0.326262 0.262947 88 166 0
0.660642 -0.327164 0.265602 88 166 0
0.665372 -0.329469 0.268432 88 166 0
0.668373 -0.333843 0.270924 88 166 0
0.670265 -0.338908 0.27335 89 165 0
0.669451 -0.344832 0.274059 89 165 0
0.667496 -0.350491 0.274643 89 165 0
0.66435 -0.355224 0.274328 89 165 0
0.659527 -0.358454 0.272768 89 165 0
0.654431 -0.360471 0.270772 89 165 0
0.649482 -0.358512 0.268524 89 165 0
0.645515 -0.354925 0.266062 89 165 0
0.643252 -0.349766 0.263947 89 165 0
0.644036 -0.344104 0.26298 89 165 0
0.647346 -0.33933 0.263414 89 165 0
0.652489 -0.336976 0.265172 89 165 0
0.657962 -0.336861 0.267557 89 165 0
0.662299 -0.338927 0.270192 89 165 0
0.665691 -0.343081 0.272848 89 165 0
0.667532 -0.347998 0.275082 89 165 0
0.667991 -0.353762 0.276764 89 165 0
0.666983 -0.359382 0.277955 89 165 0
0.663503 -0.364233 0.277171 89 165 0
0.658737 -0.367638 0.276328 89 165 0
0.653453 -0.369775 0.274417 89 165 0
0.648471 -0.368784 0.272345 89 165 0
0.643972 -0.365644 0.269907 89 165 0
0.641167 -0.361149 0.267586 89 165 0
0.6413 -0.355353 0.266357 89 165 0
0.64385 -0.350788 0.266275 89 165 0
0.648479 -0.347342 0.267879 89 165 0
0.653871 -0.346479 0.270113 89 165 0
0.658812 -0.348435 0.272728 89 165 0
0.662897 -0.351705 0.275476 89 165 0
0.66549 -0.356611 0.277811 89 165 0
0.666375 -0.362349 0.279276 89 165 0
0.664844 -0.368093 0.279839 89 165 0
0.662124 -0.373458 0.279807 89 165 0
0.657268 -0.376342 0.278454 89 165 0
0.652553 -0.379792 0.277148 89 165 0
0.647235 -0.380053 0.274763 89 165 0
0.642684 -0.376893 0.272413 89 165 0
0.639476 -0.372799 0.270314 89 165 0
0.637852 -0.367784 0.268613 89 165 0
0.639835 -0.362448 0.268698 89 165 0
0.644486 -0.35899 0.270276 89 165 0
0.649298 -0.356419 0.272102 89 165 0
0.654567 -0.356539 0.274501 89 165 0
0.659038 -0.359654 0.276853 89 165 0
0.662304 -0.363812 0.278993 89 165 0
0.663782 -0.369445 0.280361 89 165 0
0.664434 -0.374755 0.281615 89 165 0
0.662169 -0.379983 0.281133 89 165 0
0.658726 -0.384727 0.280175 89 165 0
0.654469 -0.388601 0.278514 89 165 0
0.649547 -0.390337 0.276255 89 165 0
0.644889 -0.388657 0.274151 89 165 0
0.640385 -0.386335 0.271835 89 165 0
0.638261 -0.382115 0.270745 89 165 0
0.637004 -0.376656 0.269936 89 165 0
0.639151 -0.371955 0.270877 89 165 0
0.641858 -0.36895 0.271779 89 165 0
0.644765 -0.366735 0.272855 89 165 0
0.649789 -0.366273 0.274838 89 165 0
0.654621 -0.367249 0.277056 89 165 0
0.658692 -0.369863 0.279375 89 165 0
0.662074 -0.374303 0.281406 89 165 0
0.661882 -0.380244 0.281555 89 165 0
0.661789 -0.386302 0.28184 89 165 0
0.658384 -0.39096 0.280274 89 165 0
0.653607 -0.39383 0.277958 89 165 0
0.64837 -0.394306 0.275313 89 165 0
0.643418 -0.39193 0.272871 89 165 0
0.639768 -0.387996 0.271009 89 165 0
0.637217 -0.382679 0.269657 89 165 0
0.638039 -0.376847 0.270006 89 165 0
0.640498 -0.371429 0.27118 89 165 0
0.644909 -0.368295 0.27325 89 165 0
0.649626 -0.366273 0.27512 89 165 0
0.653729 -0.366316 0.276405 89 165 0
0.658208 -0.368106 0.278441 89 165 0
0.661297 -0.371898 0.280111 89 165 0
0.662583 -0.376099 0.281031 89 165 0
0.66259 -0.379939 0.28137 89 165 0
0.660595 -0.384802 0.28096 89 165 0
0.657171 -0.388045 0.279751 89 165 0
0.652385 -0.389821 0.277788 89 165 0
0.647277 -0.390179 0.275363 89 165 0
0.643922 -0.387627 0.273762 89 165 0
0.640342 -0.384879 0.271898 89 165 0
0.63808 -0.379795 0.270498 89 165 0
0.637202 -0.374359 0.269601 89 165 0
0.637883 -0.368554 0.269014 89 165 0
0.640747 -0.363852 0.269446 89 165 0
0.644641 -0.35938 0.270304 89 165 0
0.649277 -0.356409 0.271697 89 165 0
0.654814 -0.355984 0.273843 89 165 0
0.659615 -0.357938 0.276202 89 165 0
0.663391 -0.361362 0.278739 89 165 0
0.664246 -0.366803 0.280041 89 165 0
0.663382 -0.372123 0.280885 89 165 0
0.659312 -0.376428 0.280005 89 165 0
0.654439 -0.378717 0.278352 89 165 0
0.649923 -0.380321 0.276399 89 165 0
0.645371 -0.377357 0.274003 89 165 0
0.641591 -0.373603 0.271457 89 165 0
0.639563 -0.368408 0.269477 89 165 0
0.638121 -0.363338 0.267351 89 165 0
0.640744 -0.35872 0.26722 90 164 0
0.642683 -0.353587 0.266777 90 164 0
0.646886 -0.349453 0.267234 90 164 0
0.651457 -0.346348 0.268359 90 164 0
0.656971 -0.34619 0.270501 90 164 0
0.661904 -0.347432 0.273082 90 164 0
0.665199 -0.351794 0.275468 90 164 0
0.665995 -0.357182 0.277531 90 164 0
0.664847 -0.362957 0.278638 90 164 0
0.661333 -0.367567 0.278209 90 164 0
0.65607 -0.369239 0.276785 90 164 0
0.651281 -0.369333 0.274572 90 164 0
0.646631 -0.367465 0.271795 90 164 0
0.643197 -0.363492 0.269046 90 164 0
0.641327 -0.358378 0.266573 90 164 0
0.641748 -0.352657 0.264931 90 164 0
0.642858 -0.346948 0.263494 90 164 0
0.645733 -0.341751 0.263534 90 164 0
0.650243 -0.337897 0.264254 90 164 0
0.655453 -0.336744 0.265733 90 164 0
0.660945 -0.336984 0.2681 90 164 0
0.665705 -0.338857 0.2709 90 164 0
0.668584 -0.343411 0.273489 90 164 0
0.668066 -0.348825 0.274689 90 164 0
0.665894 -0.354179 0.27522 90 164 0
0.662253 -0.358221 0.274473 90 164 0
0.656764 -0.358818 0.272422 90 164 0
0.651382 -0.358515 0.269814 90 164 0
0.646999 -0.355672 0.266972 90 164 0
0.643916 -0.351279 0.264461 90 164 0
0.642685 -0.345844 0.262415 90 164 0
0.644559 -0.34038 0.261811 90 164 0
0.645602 -0.334576 0.260936 90 164 0
0.649384 -0.329983 0.261178 90 164 0
0.654097 -0.326693 0.26251 90 164 0
0.659427 -0.325172 0.26471 90 164 0
0.664415 -0.327037 0.267074 90 164 0
0.66825 -0.330936 0.269446 90 164 0
0.670989 -0.33545 0.271858 90 164 0
0.6695 -0.341055 0.272108 90 164 0
0.66644 -0.346162 0.271511 90 164 0
0.661923 -0.34903 0.26983 90 164 0
0.656632 -0.348527 0.267274 90 164 0
0.651602 -0.346887 0.264676 90 164 0
0.647718 -0.343169 0.262306 90 164 0
0.646066 -0.337683 0.260734 90 164 0
0.645041 -0.331954 0.259314 90 164 0
0.646997 -0.326777 0.259355 90 164 0
0.650449 -0.321937 0.25981 90 164 0
0.653856 -0.317702 0.260581 90 164 0
0.659269 -0.316644 0.262831 90 164 0
0.66468 -0.316043 0.265332 90 164 0
0.669082 -0.319094 0.2677 90 164 0
0.671266 -0.324442 0.26917 90 164 0
0.671631 -0.329847 0.269967 90 164 0
0.668424 -0.334748 0.268737 90 164 0
0.664213 -0.338361 0.267034 90 164 0
0.65904 -0.339133 0.264776 90 164 0
0.654034 -0.336999 0.262273 90 164 0
0.650465 -0.332845 0.2602 90 164 0
0.648064 -0.32769 0.258375 90 164 0
0.646418 -0.322191 0.25678 90 164 0
0.647642 -0.316562 0.256416 90 164 0
0.651357 -0.312114 0.257612 90 164 0
0.655491 -0.308049 0.259059 90 164 0
0.660298 -0.305448 0.260993 90 164 0
0.66571 -0.304771 0.263434 90 164 0
0.66908 -0.30923 0.265003 90 164 0
0.672457 -0.313161 0.266993 90 164 0
0.67281 -0.319049 0.267597 90 164 0
0.671423 -0.32438 0.267732 90 164 0
0.667253 -0.328387 0.266209 90 164 0
0.661829 -0.328232 0.263704 90 164 0
0.656726 -0.327742 0.26106 90 164 0
0.652491 -0.324377 0.258653 90 164 0
0.649749 -0.319441 0.256834 90 164 0
0.647807 -0.314036 0.255139 90 164 0
0.648281 -0.308136 0.254593 90 164 0
0.650192 -0.302478 0.254842 90 164 0
0.654428 -0.298491 0.256244 90 164 0
0.659317 -0.295501 0.257928 90 164 0
0.664707 -0.294778 0.260085 90 164 0
0.669817 -0.296396 0.262643 90 164 0
0.673048 -0.300868 0.264549 90 164 0
0.674493 -0.306331 0.265847 90 164 0
0.673466 -0.312213 0.266148 90 164 0
0.669888 -0.316834 0.265114 90 164 0
0.664977 -0.318771 0.26301 90 164 0
0.659563 -0.318612 0.260479 90 164 0
0.65462 -0.316534 0.257921 90 164 0
0.651415 -0.311937 0.255931 90 164 0
0.649313 -0.30663 0.254191 90 164 0
0.649198 -0.30081 0.25326 90 164 0
0.650904 -0.295152 0.253142 90 164 0
0.654868 -0.290935 0.254255 90 164 0
0.658502 -0.28675 0.255073 90 164 0
0.663838 -0.285676 0.257304 90 164 0
0.668775 -0.285249 0.259453 90 164 0
0.67317 -0.288473 0.261672 90 164 0
0.675894 -0.293284 0.263453 90 164 0
0.675797 -0.29923 0.264132 90 164 0
0.673504 -0.304612 0.263722 90 164 0
0.668554 -0.307493 0.262006 90 164 0
0.663281 -0.308281 0.259848 91 163 0
0.658395 -0.306585 0.257447 91 163 0
0.653988 -0.303479 0.254925 91 163 0
0.651648 -0.298589 0.25328 91 163 0
0.650359 -0.292923 0.251834 91 163 0
0.651415 -0.287108 0.251385 91 163 0
0.654491 -0.282182 0.251941 91 163 0
0.658558 -0.277986 0.253214 91 163 0
0.663274 -0.275038 0.254868 91 163 0
0.668714 -0.27533 0.257021 91 163 0
0.673679 -0.277614 0.259434 91 163 0
0.676393 -0.28242 0.260973 91 163 0
0.677082 -0.287062 0.262068 91 163 0
0.67606 -0.292672 0.262418 91 163 0
0.67219 -0.297087 0.261318 91 163 0
0.667178 -0.297897 0.259206 91 163 0
0.661937 -0.297671 0.256812 91 163 0
0.657229 -0.294913 0.254395 91 163 0
0.653818 -0.290702 0.252441 91 163 0
0.652798 -0.284994 0.251374 91 163 0
0.653543 -0.279099 0.2507 91 163 0
0.654343 -0.273295 0.250018 91 163 0
0.658038 -0.268944 0.250867 91 163 0
0.662371 -0.265154 0.252479 91 163 0
0.667623 -0.263889 0.254654 91 163 0
0.67276 -0.265498 0.256897 91 163 0
0.676377 -0.26971 0.258619 91 163 0
0.678811 -0.274916 0.260224 91 163 0
0.678162 -0.280419 0.260508 91 163 0
0.675268 -0.285118 0.259979 91 163 0
0.670381 -0.287891 0.25835 91 163 0
0.665026 -0.288668 0.255981 91 163 0
0.66038 -0.285933 0.253751 91 163 0
0.655888 -0.28283 0.251334 91 163 0
0.654044 -0.277498 0.250164 91 163 0
0.653906 -0.271573 0.249439 91 163 0
0.655104 -0.265768 0.249239 91 163 0
0.658051 -0.26066 0.249686 91 163 0
0.661828 -0.256856 0.250537 91 163 0
0.66672 -0.254275 0.252145 91 163 0
0.672266 -0.254616 0.254383 91 163 0
0.676987 -0.257353 0.256502 91 163 0
0.679814 -0.26236 0.258017 91 163 0
0.679928 -0.268052 0.258681 91 163 0
0.678159 -0.273537 0.258868 91 163 0
0.673786 -0.277389 0.257616 91 163 0
0.668487 -0.278037 0.255769 91 163 0
0.663119 -0.2771 0.253522 91 163 0
0.65851 -0.274111 0.251253 91 163 0
0.65562 -0.269214 0.249625 91 163 0
0.653566 -0.263816 0.248145 91 163 0
0.654486 -0.258125 0.247897 91 163 0
0.656593 -0.252897 0.247768 91 163 0
0.660655 -0.249017 0.248544 91 163 0
0.664901 -0.244892 0.249274 91 163 0
0.670457 -0.244454 0.251072 91 163 0
0.675516 -0.245329 0.252661 91 163 0
0.679458 -0.248571 0.254294 91 163 0
0.681239 -0.253688 0.255542 91 163 0
0.681594 -0.258827 0.256977 91 163 0
0.679282 -0.264168 0.257055 91 163 0
0.674825 -0.266785 0.256538 91 163 0
0.669831 -0.268616 0.254813 91 163 0
0.664861 -0.266883 0.253122 91 163 0
0.660505 -0.264578 0.251222 91 163 0
0.657313 -0.26155 0.249595 91 163 0
0.655816 -0.257003 0.248534 91 163 0
0.655305 -0.253553 0.247891 91 163 0
0.654872 -0.248475 0.246568 91 163 0
0.657024 -0.243576 0.246327 91 163 0
0.659896 -0.239955 0.246702 91 163 0
0.662743 -0.237332 0.247039 91 163 0
0.666314 -0.234595 0.247538 91 163 0
0.671197 -0.23401 0.249089 91 163 0
0.668599 -0.235497 0.248311 91 163 0
0.663991 -0.23776 0.247254 91 163 0
0.659345 -0.239882 0.246078 91 163 0
0.654651 -0.241793 0.244749 91 163 0
0.649961 -0.24365 0.243322 91 163 0
0.64527 -0.24542 0.241798 91 163 0
0.644954 -0.245274 0.242735 91 163 0
0.585246 -0.247509 0.217447 91 163 0
0.585717 -0.24761 0.21657 91 163 0
0.585717 -0.24761 0.21657 91 163 0
0.584934 -0.25529 0.217778 91 163 0
0.584971 -0.260331 0.218689 91 163 0
0.58475 -0.265383 0.219516 91 163 0
0.584599 -0.270448 0.220272 91 163 0
0.584574 -0.275527 0.220941 91 163 0
0.584453 -0.280619 0.221472 91 163 0
0.584173 -0.285716 0.221909 91 163 0
0.583921 -0.290818 0.22231 91 163 0
0.58373 -0.295929 0.22262 91 163 0
0.583552 -0.301041 0.222894 91 163 0
0.581845 -0.310816 0.223747 91 163 0
0.580919 -0.315822 0.22426 91 163 0
0.579983 -0.320841 0.224727 91 163 0
0.579146 -0.325871 0.22525 91 163 0
0.578031 -0.330853 0.225724 91 163 0
0.577105 -0.335853 0.22637 91 163 0
0.576196 -0.340858 0.227003 91 163 0
0.575125 -0.34585 0.227463 91 163 0
0.573998 -0.350829 0.227938 91 163 0
0.57311 -0.355842 0.228533 91 163 0
0.572226 -0.36086 0.229103 92 162 0
0.571109 -0.365833 0.229639 92 162 0
0.57022 -0.370843 0.230224 92 162 0
0.571437 -0.363065 0.229474 92 162 0
0.572708 -0.358487 0.229052 92 162 0
0.573687 -0.35385 0.228469 92 162 0
0.574696 -0.349215 0.22793 92 162 0
0.575844 -0.344603 0.227483 92 162 0
0.576754 -0.339943 0.226973 92 162 0
0.577681 -0.335279 0.226539 92 162 0
0.578604 -0.330622 0.226031 92 162 0
0.579533 -0.325966 0.22552 92 162 0
0.580509 -0.321312 0.225097 92 162 0
0.581421 -0.316646 0.224755 92 162 0
0.581918 -0.308617 0.223236 92 162 0
0.582327 -0.303773 0.222817 92 162 0
0.5825 -0.298904 0.222438 92 162 0
0.582728 -0.29404 0.222021 92 162 0
0.582845 -0.289168 0.22164 92 162 0
0.582995 -0.2843 0.221221 92 162 0
0.583163 -0.279437 0.220748 92 162 0
0.58335 -0.274577 0.220264 92 162 0
0.583428 -0.269731 0.21963 92 162 0
0.583743 -0.264898 0.218987 92 162 0
0.583888 -0.260089 0.218175 92 162 0
0.584374 -0.255271 0.217514 92 162 0
0.585228 -0.232458 0.215797 92 162 0
0.58876 -0.23445 0.217687 92 162 0
0.592288 -0.236466 0.219553 92 162 0
0.595646 -0.240625 0.221712 92 162 0
0.596779 -0.246018 0.222819 92 162 0
0.594872 -0.251438 0.222513 92 162 0
0.591751 -0.256362 0.22137 92 162 0
0.587735 -0.26035 0.21963 92 162 0
0.583122 -0.262923 0.217064 92 162 0
0.578318 -0.261329 0.214142 92 162 0
0.573548 -0.260264 0.211056 92 162 0
0.569915 -0.256126 0.208572 92 162 0
0.567575 -0.251051 0.206631 92 162 0
0.567739 -0.24505 0.206161 92 162 0
0.568986 -0.239212 0.206455 92 162 0
0.573075 -0.235759 0.208571 92 162 0
0.577706 -0.232969 0.211225 92 162 0
0.582108 -0.235009 0.214027 92 162 0
0.585962 -0.238251 0.216739 92 162 0
0.587956 -0.243673 0.218449 92 162 0
0.587756 -0.249594 0.218795 92 162 0
0.586047 -0.255297 0.217995 92 162 0
0.582355 -0.259234 0.215965 92 162 0
0.577543 -0.261659 0.213241 92 162 0
0.572553 -0.263003 0.210384 92 162 0
0.567968 -0.260862 0.207714 92 162 0
0.563891 -0.257212 0.205153 92 162 0
0.560224 -0.253572 0.202602 92 162 0
0.559296 -0.2477 0.201639 92 162 0
0.560414 -0.241875 0.201731 92 162 0
0.562582 -0.236407 0.202701 92 162 0
0.567648 -0.234906 0.20553 92 162 0
0.572872 -0.234898 0.208564 92 162 0
0.577369 -0.237433 0.21152 92 162 0
0.579949 -0.242423 0.213399 92 162 0
0.57988 -0.248412 0.213823 92 162 0
0.57864 -0.254231 0.213429 92 162 0
0.575101 -0.258639 0.211609 92 162 0
0.57042 -0.261193 0.209109 92 162 0
0.565475 -0.263137 0.206457 92 162 0
0.560753 -0.260656 0.203706 92 162 0
0.556155 -0.259197 0.200806 92 162 0
0.553307 -0.254245 0.198845 92 162 0
0.552198 -0.248636 0.197913 92 162 0
0.552411 -0.242622 0.19767 92 162 0
0.554678 -0.237934 0.198566 92 162 0
0.557514 -0.235006 0.199826 92 162 0
0.562566 -0.234885 0.202284 92 162 0
0.567459 -0.235624 0.204837 92 162 0
0.570883 -0.238097 0.206901 92 162 0
0.573094 -0.242314 0.208496 92 162 0
0.574199 -0.247678 0.209799 92 162 0
0.57428 -0.253415 0.210745 92 162 0
0.572294 -0.258744 0.210399 92 162 0
0.569537 -0.263604 0.20932 92 162 0
0.564903 -0.266298 0.206841 92 162 0
0.560556 -0.268684 0.204335 92 162 0
0.555654 -0.267436 0.201348 92 162 0
0.551511 -0.264638 0.19868 92 162 0
0.549537 -0.259667 0.197191 92 162 0
0.547956 -0.254345 0.195928 92 162 0
0.550154 -0.249049 0.196709 92 162 0
0.554381 -0.245576 0.198822 92 162 0
0.559064 -0.244456 0.201284 92 162 0
0.56417 -0.244501 0.204367 92 162 0
0.568264 -0.247545 0.207105 92 162 0
0.570708 -0.252545 0.209186 92 162 0
0.572428 -0.257944 0.210717 92 162 0
0.572137 -0.263888 0.211166 92 162 0
0.569564 -0.268744 0.210319 92 162 0
0.566247 -0.273372 0.208869 92 162 0
0.562216 -0.277154 0.206764 92 162 0
0.557298 -0.278773 0.203844 92 162 0
0.55257 -0.277707 0.200832 92 162 0
0.549034 -0.273643 0.198357 92 162 0
0.547295 -0.268233 0.196916 92 162 0
0.547642 -0.262343 0.196541 92 162 0
0.55115 -0.25784 0.198215 93 161 0
0.555219 -0.25455 0.200578 93 161 0
0.560232 -0.254695 0.203813 93 161 0
0.564905 -0.255874 0.206996 93 161 0
0.56741 -0.260484 0.209001 93 161 0
0.569472 -0.265822 0.210655 93 161 0
0.571321 -0.271114 0.212109 93 161 0
0.569321 -0.276671 0.211246 93 161 0
0.567857 -0.282049 0.210816 93 161 0
0.563661 -0.285525 0.208637 93 161 0
0.558816 -0.28764 0.205876 93 161 0
0.553831 -0.288321 0.202797 93 161 0
0.549643 -0.285697 0.199767 93 161 0
0.547121 -0.280752 0.197705 93 161 0
0.54604 -0.275259 0.196621 93 161 0
0.548016 -0.269801 0.197616 93 161 0
0.552133 -0.266656 0.200147 93 161 0
0.556841 -0.264876 0.203239 93 161 0
0.561787 -0.265289 0.206469 93 161 0
0.56576 -0.268259 0.209201 93 161 0
0.568392 -0.273209 0.211235 93 161 0
0.56885 -0.278951 0.211915 93 161 0
0.568723 -0.284911 0.212197 93 161 0
0.566724 -0.290362 0.21134 93 161 0
0.563117 -0.294672 0.209429 93 161 0
0.558907 -0.297883 0.206866 93 161 0
0.554097 -0.298574 0.203799 93 161 0
0.549743 -0.296051 0.200817 93 161 0
0.545935 -0.293115 0.198226 93 161 0
0.545258 -0.287329 0.197345 93 161 0
0.545577 -0.281454 0.197316 93 161 0
0.549012 -0.27746 0.199419 93 161 0
0.553198 -0.274245 0.202159 93 161 0
0.557922 -0.274639 0.205303 93 161 0
0.561941 -0.277769 0.208141 93 161 0
0.565584 -0.281319 0.210695 93 161 0
0.568398 -0.286124 0.212779 93 161 0
0.568189 -0.292084 0.213014 93 161 0
0.56753 -0.297812 0.212853 93 161 0
0.564577 -0.302721 0.211189 93 161 0
0.560733 -0.306137 0.208807 93 161 0
0.556181 -0.308442 0.205793 93 161 0
0.551223 -0.308713 0.202484 93 161 0
0.54719 -0.305962 0.199529 93 161 0
0.544976 -0.301597 0.197749 93 161 0
0.543123 -0.296243 0.196342 93 161 0
0.545227 -0.291514 0.19735 93 161 0
0.548328 -0.287735 0.199277 93 161 0
0.552092 -0.284537 0.201866 93 161 0
0.556815 -0.285412 0.20505 93 161 0
0.56086 -0.288227 0.208044 93 161 0
0.564396 -0.290999 0.210638 93 161 0
0.565933 -0.296384 0.212368 93 161 0
0.565593 -0.302317 0.212903 93 161 0
0.565325 -0.308269 0.213246 93 161 0
0.563243 -0.313604 0.21214 93 161 0
0.558888 -0.316244 0.209425 93 161 0
0.555168 -0.318665 0.206598 93 161 0
0.55046 -0.317993 0.203018 93 161 0
0.546286 -0.316914 0.199401 93 161 0
0.543342 -0.31327 0.196741 93 161 0
0.543511 -0.307466 0.196391 93 161 0
0.543853 -0.302143 0.196539 93 161 0
0.546554 -0.298652 0.198234 93 161 0
0.550543 -0.296262 0.200904 93 161 0
0.555007 -0.296017 0.204189 93 161 0
0.559031 -0.29655 0.207757 93 161 0
0.56111 -0.299754 0.209585 93 161 0
0.563775 -0.302437 0.211665 93 161 0
0.565339 -0.307005 0.213275 93 161 0
0.564741 -0.312875 0.214311 93 161 0
0.564226 -0.318737 0.214498 93 161 0
0.561553 -0.323637 0.213192 93 161 0
0.557867 -0.326325 0.210594 93 161 0
0.554654 -0.328653 0.20721 93 161 0
0.550264 -0.328449 0.203212 93 161 0
0.546174 -0.326972 0.199639 93 161 0
0.542988 -0.32276 0.196826 93 161 0
0.543065 -0.316863 0.196359 93 161 0
0.544755 -0.311236 0.197546 93 161 0
0.547927 -0.306839 0.199973 93 161 0
0.552549 -0.306332 0.203632 93 161 0
0.557075 -0.306792 0.207521 93 161 0
0.561174 -0.309112 0.21094 93 161 0
0.563269 -0.314154 0.213289 93 161 0
0.564378 -0.319702 0.214905 93 161 0
0.563948 -0.325659 0.215415 93 161 0
0.562298 -0.331345 0.214588 93 161 0
0.559707 -0.336269 0.212679 93 161 0
0.555491 -0.338931 0.209407 93 161 0
0.551113 -0.340298 0.205804 93 161 0
0.546634 -0.338777 0.202219 93 161 0
0.543282 -0.335219 0.198902 93 161 0
0.542099 -0.329996 0.197369 93 161 0
0.542512 -0.324025 0.197293 93 161 0
0.545258 -0.319667 0.199341 93 161 0
0.549222 -0.316666 0.202619 93 161 0
0.553791 -0.316153 0.206354 93 161 0
0.558 -0.317628 0.209909 93 161 0
0.561033 -0.321701 0.213077 93 161 0
0.563354 -0.326666 0.215447 93 161 0
0.563554 -0.33248 0.216408 93 161 0
0.562725 -0.338347 0.21631 93 161 0
0.559978 -0.343184 0.214548 93 161 0
0.557144 -0.347942 0.21236 94 160 0
0.552879 -0.3504 0.209171 94 160 0
0.548308 -0.350033 0.205434 94 160 0
0.544248 -0.347529 0.20204 94 160 0
0.541604 -0.342929 0.19933 94 160 0
0.541803 -0.337026 0.19862 94 160 0
0.543543 -0.33164 0.199447 94 160 0
0.547418 -0.328103 0.20222 94 160 0
0.551348 -0.326596 0.20556 94 160 0
0.555615 -0.328352 0.209261 94 160 0
0.559455 -0.330986 0.21301 94 160 0
0.562292 -0.335257 0.215936 94 160 0
0.562856 -0.340936 0.217397 94 160 0
0.561964 -0.34681 0.217535 94 160 0
0.560283 -0.352502 0.216742 94 160 0
0.556834 -0.356537 0.214505 94 160 0
0.553306 -0.360451 0.211837 94 160 0
0.548574 -0.360444 0.208161 94 160 0
0.544387 -0.359147 0.204577 94 160 0
0.540989 -0.355247 0.201563 94 160 0
0.540876 -0.349602 0.2006 94 160 0
0.54215 -0.344018 0.200965 94 160 0
0.545037 -0.339141 0.202885 94 160 0
0.549572 -0.33784 0.206252 94 160 0
0.553725 -0.33714 0.209859 94 160 0
0.557385 -0.340264 0.213434 94 160 0
0.560684 -0.344015 0.216717 94 160 0
0.562062 -0.349384 0.218755 94 160 0
0.561613 -0.355311 0.219437 94 160 0
0.560322 -0.360976 0.219042 94 160 0
0.557551 -0.365919 0.217303 94 160 0
0.553758 -0.369687 0.214612 94 160 0
0.549346 -0.370654 0.211245 94 160 0
0.545022 -0.369848 0.207441 94 160 0
0.541701 -0.366359 0.203875 94 160 0
0.540012 -0.361185 0.201911 94 160 0
0.540211 -0.35521 0.201538 94 160 0
0.542785 -0.350271 0.2032 94 160 0
0.547274 -0.348549 0.206597 94 160 0
0.551777 -0.348273 0.21052 94 160 0
0.555998 -0.34958 0.214436 94 160 0
0.558775 -0.353635 0.217544 94 160 0
0.561215 -0.35845 0.220142 94 160 0
0.561206 -0.364237 0.221163 94 160 0
0.559673 -0.370013 0.22077 94 160 0
0.55735 -0.375313 0.219458 94 160 0
0.554186 -0.379632 0.217157 94 160 0
0.550059 -0.382443 0.213851 94 160 0
0.545662 -0.381374 0.210094 94 160 0
0.542155 -0.378478 0.20656 94 160 0
0.539421 -0.374334 0.20366 94 160 0
0.539765 -0.368557 0.202701 94 160 0
0.541516 -0.363009 0.203486 94 160 0
0.544419 -0.358714 0.205972 94 160 0
0.54888 -0.358326 0.209929 94 160 0
0.553119 -0.358752 0.214116 94 160 0
0.557146 -0.36095 0.217836 94 160 0
0.558976 -0.365963 0.220351 94 160 0
0.560642 -0.371288 0.222361 94 160 0
0.560566 -0.377196 0.222754 94 160 0
0.558642 -0.382321 0.221529 94 160 0
0.555612 -0.386833 0.219052 94 160 0
0.552382 -0.390773 0.216243 94 160 0
0.548621 -0.392119 0.212666 94 160 0
0.544887 -0.390995 0.20875 94 160 0
0.541997 -0.388069 0.206051 94 160 0
0.538995 -0.384363 0.203197 94 160 0
0.539291 -0.378566 0.202811 94 160 0
0.540447 -0.374205 0.203551 94 160 0
0.543419 -0.370093 0.206095 94 160 0
0.546842 -0.368635 0.209615 94 160 0
0.549779 -0.368196 0.213463 94 160 0
0.553187 -0.369747 0.21728 94 160 0
0.557178 -0.371927 0.220329 94 160 0
0.559096 -0.377237 0.221583 94 160 0
0.56057 -0.382703 0.222276 94 160 0
0.559265 -0.388067 0.220988 94 160 0
0.556929 -0.392712 0.218821 94 160 0
0.552924 -0.395545 0.215661 94 160 0
0.548609 -0.396714 0.212057 94 160 0
0.543964 -0.396166 0.208578 94 160 0
0.540634 -0.392633 0.205742 94 160 0
0.538703 -0.387678 0.203883 94 160 0
0.538577 -0.381865 0.203458 94 160 0
0.539681 -0.376242 0.204086 94 160 0
0.542407 -0.371777 0.206132 94 160 0
0.546549 -0.369487 0.209295 94 160 0
0.550135 -0.368196 0.212846 94 160 0
0.553505 -0.368578 0.217132 94 160 0
0.556531 -0.370565 0.219777 94 160 0
0.558505 -0.37377 0.221562 94 160 0
0.560399 -0.377417 0.223493 94 160 0
0.56024 -0.383141 0.223722 94 160 0
0.558324 -0.386891 0.222187 94 160 0
0.555588 -0.390445 0.219283 94 160 0
0.552009 -0.391919 0.215799 94 160 0
0.548029 -0.392097 0.211879 94 160 0
0.544323 -0.388924 0.20858 94 160 0
0.541501 -0.385482 0.205489 94 160 0
0.540177 -0.380265 0.203682 94 160 0
0.539003 -0.374632 0.202237 94 160 0
0.540955 -0.369344 0.202979 94 160 0
0.542574 -0.364045 0.20414 94 160 0
0.546041 -0.360833 0.207096 94 160 0
0.549512 -0.35831 0.210794 95 159 0
0.553782 -0.357794 0.214788 95 159 0
0.557421 -0.35989 0.218631 95 159 0
0.560634 -0.363748 0.221706 95 159 0
0.561006 -0.368987 0.222554 95 159 0
0.560667 -0.374805 0.222656 95 159 0
0.556881 -0.378671 0.220163 95 159 0
0.552569 -0.380698 0.216757 95 159 0
0.548785 -0.38205 0.213239 95 159 0
0.545617 -0.378688 0.209572 95 159 0
0.542744 -0.37537 0.206393 95 159 0
0.540792 -0.370389 0.203771 95 159 0
0.539823 -0.365263 0.202078 95 159 0
0.54174 -0.359619 0.202364 95 159 0
0.544053 -0.354257 0.203739 95 159 0
0.547084 -0.349855 0.206347 95 159 0
0.551131 -0.347024 0.209768 95 159 0
0.554718 -0.348624 0.213146 95 159 0
0.558848 -0.349272 0.21715 95 159 0
0.561353 -0.353568 0.219979 95 159 0
0.562758 -0.35873 0.221856 95 159 0
0.561164 -0.36439 0.221351 95 159 0
0.557326 -0.36818 0.218816 95 159 0
0.553381 -0.37078 0.215332 95 159 0
0.548907 -0.370628 0.211348 95 159 0
0.54535 -0.368189 0.207407 95 159 0
0.542889 -0.363995 0.204206 95 159 0
0.541259 -0.358709 0.20193 95 159 0
0.540737 -0.353091 0.200797 95 159 0
0.542877 -0.347754 0.201393 95 159 0
0.54552 -0.342666 0.203136 95 159 0
0.548896 -0.338436 0.205663 95 159 0
0.553229 -0.336422 0.209121 95 159 0
0.557557 -0.337801 0.213046 95 159 0
0.561426 -0.340695 0.216561 95 159 0
0.563586 -0.345369 0.219445 95 159 0
0.563754 -0.351158 0.220416 95 159 0
0.561111 -0.356113 0.219037 95 159 0
0.55731 -0.359465 0.216068 95 159 0
0.552892 -0.360448 0.212236 95 159 0
0.548439 -0.359799 0.208361 95 159 0
0.545213 -0.356522 0.20507 95 159 0
0.543108 -0.351543 0.202478 95 159 0
0.543048 -0.345804 0.201296 95 159 0
0.543373 -0.339822 0.200777 95 159 0
0.545083 -0.334341 0.201496 95 159 0
0.548781 -0.330529 0.203929 95 159 0
0.552919 -0.327272 0.206832 95 159 0
0.557265 -0.327498 0.210579 95 159 0
0.561325 -0.328752 0.214473 95 159 0
0.563883 -0.333533 0.217054 95 159 0
0.564907 -0.339047 0.218557 95 159 0
0.564285 -0.344728 0.218505 95 159 0
0.560769 -0.348584 0.216008 95 159 0
0.556627 -0.350662 0.212735 95 159 0
0.551933 -0.350323 0.209075 95 159 0
0.548262 -0.347247 0.205499 95 159 0
0.544978 -0.343296 0.202397 95 159 0
0.543674 -0.337844 0.200732 95 159 0
0.543924 -0.331893 0.200093 95 159 0
0.544184 -0.326125 0.199919 95 159 0
0.547996 -0.322117 0.202247 95 159 0
0.552056 -0.319022 0.205207 95 159 0
0.556479 -0.316686 0.208543 95 159 0
0.560963 -0.317314 0.212313 95 159 0
0.564341 -0.320756 0.21533 95 159 0
0.565726 -0.326237 0.217087 95 159 0
0.56602 -0.33211 0.217602 95 159 0
0.563095 -0.336101 0.215665 95 159 0
0.559197 -0.339579 0.212765 95 159 0
0.554683 -0.340494 0.209016 95 159 0
0.550481 -0.338363 0.205506 95 159 0
0.546737 -0.334767 0.202484 95 159 0
0.545256 -0.329243 0.200909 95 159 0
0.543988 -0.323678 0.199333 95 159 0
0.544479 -0.317746 0.199155 95 159 0
0.547289 -0.312803 0.200559 95 159 0
0.551348 -0.309271 0.203126 95 159 0
0.555842 -0.307054 0.206441 95 159 0
0.560626 -0.306613 0.210014 95 159 0
0.564349 -0.309484 0.213253 95 159 0
0.566735 -0.314524 0.215482 95 159 0
0.566779 -0.320307 0.215767 95 159 0
0.564637 -0.325742 0.214363 95 159 0
0.560664 -0.329239 0.211591 95 159 0
0.556199 -0.329757 0.208518 95 159 0
0.551561 -0.328342 0.205107 95 159 0
0.547812 -0.325257 0.202064 95 159 0
0.545459 -0.320205 0.199899 95 159 0
0.544523 -0.31437 0.198799 95 159 0
0.544854 -0.308482 0.198588 95 159 0
0.547856 -0.303562 0.200257 95 159 0
0.551593 -0.299524 0.202662 95 159 0
0.556032 -0.296907 0.205641 95 159 0
0.560962 -0.296346 0.208968 95 159 0
0.565196 -0.298979 0.212182 95 159 0
0.567532 -0.302767 0.214247 95 159 0
0.569113 -0.308196 0.215616 95 159 0
0.566834 -0.313302 0.214416 95 159 0
0.563732 -0.317701 0.212348 95 159 0
0.559132 -0.320025 0.209264 95 159 0
0.554353 -0.318793 0.206034 95 159 0
0.54993 -0.316203 0.202912 95 159 0
0.546544 -0.312311 0.200362 96 158 0
0.545086 -0.306698 0.198888 96 158 0
0.54612 -0.30117 0.198866 96 158 0
0.546257 -0.295203 0.198726 96 158 0
0.550184 -0.291562 0.200959 96 158 0
0.554088 -0.287905 0.203487 96 158 0
0.558665 -0.285583 0.206578 96 158 0
0.563353 -0.286152 0.209761 96 158 0
0.566927 -0.290041 0.21231 96 158 0
0.569336 -0.295261 0.214071 96 158 0
0.569592 -0.300928 0.21449 96 158 0
0.566597 -0.305472 0.212724 96 158 0
0.561932 -0.307818 0.209744 96 158 0
0.556997 -0.308422 0.206441 96 158 0
0.552398 -0.30704 0.203214 96 158 0
0.548958 -0.302881 0.200712 96 158 0
0.546264 -0.298054 0.198683 96 158 0
0.546457 -0.292052 0.198388 96 158 0
0.54761 -0.286379 0.198825 96 158 0
0.550288 -0.281218 0.200354 96 158 0
0.553353 -0.27645 0.202335 96 158 0
0.558336 -0.276097 0.2056 96 158 0
0.563144 -0.276669 0.208831 96 158 0
0.567402 -0.279387 0.211907 96 158 0
0.570319 -0.284135 0.214103 96 158 0
0.56945 -0.289878 0.213894 96 158 0
0.568042 -0.2954 0.213133 96 158 0
0.563969 -0.298671 0.210553 96 158 0
0.558979 -0.29888 0.207209 96 158 0
0.554179 -0.29783 0.203904 96 158 0
0.550103 -0.294502 0.201028 96 158 0
0.547204 -0.289878 0.198793 96 158 0
0.546711 -0.284106 0.197822 96 158 0
0.547273 -0.278182 0.1977 96 158 0
0.549951 -0.272956 0.198898 96 158 0
0.553527 -0.268559 0.200853 96 158 0
0.557897 -0.265586 0.203605 96 158 0
0.562829 -0.264797 0.206804 96 158 0
0.567309 -0.267104 0.20994 96 158 0
0.57115 -0.270634 0.212809 96 158 0
0.570843 -0.276623 0.213244 96 158 0
0.569715 -0.282332 0.213059 96 158 0
0.566096 -0.286483 0.210983 96 158 0
0.561641 -0.288314 0.208197 96 158 0
0.556771 -0.287976 0.204873 96 158 0
0.552614 -0.28495 0.201769 96 158 0
0.549901 -0.280249 0.199416 96 158 0
0.547571 -0.275047 0.197572 96 158 0
0.548068 -0.269374 0.197307 96 158 0
0.549553 -0.263729 0.197727 96 158 0
0.552675 -0.259126 0.199045 96 158 0
0.557161 -0.256756 0.20133 96 158 0
0.561872 -0.254705 0.204092 96 158 0
0.566659 -0.255602 0.207228 96 158 0
0.570634 -0.259007 0.210155 96 158 0
0.57228 -0.264039 0.212062 96 158 0
0.571386 -0.269268 0.212347 96 158 0
0.569255 -0.27433 0.211569 96 158 0
0.564951 -0.277216 0.209204 96 158 0
0.560111 -0.278613 0.206132 96 158 0
0.555934 -0.276645 0.20315 96 158 0
0.552151 -0.273023 0.200349 96 158 0
0.549328 -0.268572 0.198121 96 158 0
0.548662 -0.262819 0.19723 96 158 0
0.54975 -0.25842 0.197399 96 158 0
0.549983 -0.252425 0.197019 96 158 0
0.554508 -0.249379 0.199132 96 158 0
0.558606 -0.245727 0.20092 96 158 0
0.563736 -0.244486 0.203446 96 158 0
0.568646 -0.245458 0.20626 96 158 0
0.571334 -0.248672 0.208276 96 158 0
0.573615 -0.253473 0.210342 96 158 0
0.573422 -0.259036 0.211238 96 158 0
0.570011 -0.263465 0.210072 96 158 0
0.566121 -0.266253 0.208028 96 158 0
0.562925 -0.268644 0.206025 96 158 0
0.558092 -0.267732 0.202833 96 158 0
0.554132 -0.264308 0.200218 96 158 0
0.551783 -0.260256 0.198663 96 158 0
0.549839 -0.256635 0.197329 96 158 0
0.549966 -0.250723 0.196961 96 158 0
0.5502 -0.244828 0.196593 96 158 0
0.552407 -0.241296 0.197486 96 158 0
0.553958 -0.237932 0.198187 96 158 0
0.557754 -0.236198 0.199924 96 158 0
0.562587 -0.234885 0.202248 96 158 0
0.564705 -0.235692 0.203374 96 158 0
0.568692 -0.237687 0.205659 96 158 0
0.572563 -0.239772 0.208056 96 158 0
0.576273 -0.242089 0.210495 96 158 0
0.579985 -0.244392 0.212945 96 158 0
0.583647 -0.246817 0.215342 96 158 0
0.583163 -0.246698 0.216209 96 158 0
0.641725 -0.246942 0.243144 96 158 0
0.642063 -0.247079 0.242213 96 158 0
0.641875 -0.254732 0.242159 96 158 0
0.641641 -0.259948 0.242904 96 158 0
0.641042 -0.265143 0.243612 96 158 0
0.640688 -0.270347 0.244383 96 158 0
0.640491 -0.275557 0.2452 96 158 0
0.640169 -0.280765 0.24598 96 158 0
0.639747 -0.285976 0.246698 96 158 0
0.639245 -0.291187 0.247355 96 158 0
0.638903 -0.296401 0.248059 96 158 0
0.638407 -0.3016 0.248656 97 157 0
0.637261 -0.309331 0.249858 97 157 0
0.636478 -0.314108 0.251144 97 157 0
0.635736 -0.318938 0.252239 97 157 0
0.635053 -0.323783 0.253307 97 157 0
0.634347 -0.328612 0.25443 97 157 0
0.633688 -0.333435 0.255608 97 157 0
0.632963 -0.338262 0.256728 97 157 0
0.632359 -0.3431 0.257874 97 157 0
0.631729 -0.347931 0.259036 97 157 0
0.631135 -0.352773 0.260169 97 157 0
0.630546 -0.357623 0.261271 97 157 0
0.630023 -0.362506 0.262249 97 157 0
0.629459 -0.367379 0.263255 97 157 0
0.628926 -0.372287 0.264089 97 157 0
0.629633 -0.364555 0.263172 97 157 0
0.630254 -0.359777 0.261945 97 157 0
0.630851 -0.355001 0.260701 97 157 0
0.631434 -0.35019 0.259588 97 157 0
0.632049 -0.345395 0.258427 97 157 0
0.632856 -0.340604 0.257369 97 157 0
0.633499 -0.335807 0.256227 97 157 0
0.634203 -0.331018 0.255092 97 157 0
0.634895 -0.326227 0.253954 97 157 0
0.635632 -0.321416 0.252944 97 157 0
0.636551 -0.316637 0.251924 97 157 0
0.637382 -0.308381 0.249727 97 157 0
0.637568 -0.303537 0.248962 97 157 0
0.637892 -0.298702 0.248194 97 157 0
0.638266 -0.293872 0.247413 97 157 0
0.638631 -0.289024 0.246744 97 157 0
0.639014 -0.284175 0.246094 97 157 0
0.639408 -0.279331 0.245414 97 157 0
0.639901 -0.27449 0.244775 97 157 0
0.64038 -0.269647 0.244141 97 157 0
0.640895 -0.26481 0.243494 97 157 0
0.64142 -0.259976 0.24283 97 157 0
0.641859 -0.25513 0.242202 97 157 0
0.643548 -0.232337 0.238652 97 157 0
0.648052 -0.233877 0.240776 97 157 0
0.652388 -0.23551 0.24312 97 157 0
0.655921 -0.238635 0.245543 97 157 0
0.657051 -0.244174 0.246916 97 157 0
0.656744 -0.250066 0.24779 97 157 0
0.655515 -0.255713 0.248057 97 157 0
0.651935 -0.259428 0.247166 97 157 0
0.64762 -0.26235 0.245446 97 157 0
0.642958 -0.259737 0.242976 97 157 0
0.63839 -0.257009 0.240186 97 157 0
0.636442 -0.251921 0.238544 97 157 0
0.63704 -0.245975 0.237933 97 157 0
0.638967 -0.240622 0.23809 97 157 0
0.642457 -0.235863 0.239147 97 157 0
0.647452 -0.234816 0.241206 97 157 0
0.652391 -0.232633 0.243407 97 157 0
0.657297 -0.235018 0.245926 97 157 0
0.66209 -0.237243 0.248538 97 157 0
0.664641 -0.2424 0.250221 97 157 0
0.666274 -0.247838 0.251538 97 157 0
0.666478 -0.253793 0.252299 97 157 0
0.662569 -0.257891 0.250924 97 157 0
0.658237 -0.261627 0.249149 97 157 0
0.653058 -0.262439 0.246718 97 157 0
0.648925 -0.259008 0.244483 97 157 0
0.646005 -0.254137 0.242528 97 157 0
0.644544 -0.248599 0.241122 97 157 0
0.646821 -0.243068 0.241603 97 157 0
0.649458 -0.238102 0.242196 97 157 0
0.654639 -0.235695 0.244007 97 157 0
0.660208 -0.23517 0.245948 97 157 0
0.665648 -0.234601 0.248421 97 157 0
0.670116 -0.237959 0.250564 97 157 0
0.674245 -0.241551 0.252913 97 157 0
0.675962 -0.247031 0.254192 97 157 0
0.674416 -0.252737 0.254052 97 157 0
0.673207 -0.258497 0.254293 97 157 0
0.66829 -0.2614 0.252658 97 157 0
0.662687 -0.262012 0.250968 97 157 0
0.657859 -0.25944 0.248955 97 157 0
0.654577 -0.25526 0.247107 97 157 0
0.653259 -0.24998 0.245792 97 157 0
0.655018 -0.244766 0.245717 97 157 0
0.65755 -0.239691 0.245654 97 157 0
0.661736 -0.236823 0.246785 97 157 0
0.66605 -0.234589 0.247719 97 157 0
0.671113 -0.23401 0.249233 97 157 0
0.674805 -0.236218 0.249782 97 157 0
0.678157 -0.238561 0.251345 97 157 0
0.680899 -0.242647 0.252979 97 157 0
0.683114 -0.24683 0.254844 97 157 0
0.68269 -0.252701 0.255987 97 157 0
0.680301 -0.257845 0.256185 97 157 0
0.677685 -0.262792 0.256438 97 157 0
0.673062 -0.266423 0.255358 97 157 0
0.668181 -0.268517 0.254008 97 157 0
0.662688 -0.267641 0.252037 97 157 0
0.658629 -0.263732 0.250215 97 157 0
0.655337 -0.259926 0.248099 97 157 0
0.654585 -0.254245 0.246729 97 157 0
0.657232 -0.249174 0.247112 97 157 0
0.661559 -0.245577 0.248249 97 157 0
0.667104 -0.244931 0.250134 97 157 0
0.672674 -0.245257 0.25235 97 157 0
0.677177 -0.248302 0.254694 97 157 0
0.680068 -0.25315 0.256574 98 156 0
0.681139 -0.258933 0.25771 98 156 0
0.680505 -0.264884 0.258227 98 156 0
0.678197 -0.270351 0.258073 98 156 0
0.674965 -0.275255 0.257544 98 156 0
0.669955 -0.278103 0.256154 98 156 0
0.664443 -0.278135 0.253778 98 156 0
0.659644 -0.276789 0.251527 98 156 0
0.655908 -0.272498 0.249573 98 156 0
0.654917 -0.267225 0.248688 98 156 0
0.655273 -0.261451 0.248243 98 156 0
0.659336 -0.25751 0.249553 98 156 0
0.663939 -0.25414 0.251435 98 156 0
0.669251 -0.25517 0.253806 98 156 0
0.674211 -0.257432 0.256325 98 156 0
0.676726 -0.262079 0.257712 98 156 0
0.679487 -0.267006 0.259531 98 156 0
0.679342 -0.272987 0.260149 98 156 0
0.678621 -0.278782 0.260412 98 156 0
0.675298 -0.283447 0.259465 98 156 0
0.670356 -0.286434 0.257776 98 156 0
0.665241 -0.288666 0.2556 98 156 0
0.659949 -0.287427 0.253239 98 156 0
0.655575 -0.284046 0.250965 98 156 0
0.653992 -0.278472 0.249913 98 156 0
0.654771 -0.27264 0.249889 98 156 0
0.658178 -0.267943 0.25084 98 156 0
0.663311 -0.265597 0.252927 98 156 0
0.668273 -0.266108 0.255132 98 156 0
0.672768 -0.269309 0.257525 98 156 0
0.677143 -0.272435 0.260106 98 156 0
0.678881 -0.277916 0.261537 98 156 0
0.678682 -0.283878 0.262269 98 156 0
0.67715 -0.2895 0.262285 98 156 0
0.67413 -0.294652 0.261651 98 156 0
0.669648 -0.298149 0.259955 98 156 0
0.664123 -0.298434 0.257603 98 156 0
0.658865 -0.297148 0.255276 98 156 0
0.655072 -0.293042 0.253302 98 156 0
0.652948 -0.287689 0.251731 98 156 0
0.653217 -0.281809 0.251123 98 156 0
0.656898 -0.27724 0.252101 98 156 0
0.662062 -0.276154 0.254182 98 156 0
0.667512 -0.276465 0.256716 98 156 0
0.672249 -0.278741 0.25906 98 156 0
0.675399 -0.283213 0.260923 98 156 0
0.678158 -0.288104 0.26292 98 156 0
0.677872 -0.293891 0.263704 98 156 0
0.676554 -0.299711 0.263969 98 156 0
0.672998 -0.304041 0.263185 98 156 0
0.668087 -0.307164 0.261685 98 156 0
0.662682 -0.308262 0.259785 98 156 0
0.657244 -0.30781 0.257343 98 156 0
0.653254 -0.304058 0.25531 98 156 0
0.651598 -0.298595 0.253852 98 156 0
0.652001 -0.292942 0.253041 98 156 0
0.655766 -0.288754 0.254137 98 156 0
0.660591 -0.286105 0.255692 98 156 0
0.666194 -0.286489 0.257819 98 156 0
0.670665 -0.288879 0.259731 98 156 0
0.674896 -0.292068 0.262078 98 156 0
0.677512 -0.297144 0.26396 98 156 0
0.67699 -0.303045 0.264932 98 156 0
0.676204 -0.308956 0.265649 98 156 0
0.672887 -0.313581 0.265512 98 156 0
0.668085 -0.316614 0.26444 98 156 0
0.662799 -0.318839 0.26308 98 156 0
0.657128 -0.31855 0.261118 98 156 0
0.652863 -0.315521 0.258824 98 156 0
0.650517 -0.310763 0.256694 98 156 0
0.649753 -0.305312 0.255272 98 156 0
0.651783 -0.300558 0.255379 98 156 0
0.655559 -0.298831 0.256473 98 156 0
0.658962 -0.295948 0.257511 98 156 0
0.664082 -0.296216 0.259074 98 156 0
0.668215 -0.297638 0.260425 98 156 0
0.671561 -0.300653 0.261853 98 156 0
0.674555 -0.303169 0.263621 98 156 0
0.676349 -0.308057 0.265261 98 156 0
0.676587 -0.31313 0.266814 98 156 0
0.675005 -0.318639 0.267513 98 156 0
0.671995 -0.323298 0.267311 98 156 0
0.668177 -0.327065 0.266724 98 156 0
0.663109 -0.328908 0.265011 98 156 0
0.657771 -0.328714 0.262952 98 156 0
0.653141 -0.325997 0.260667 98 156 0
0.649604 -0.321698 0.258385 98 156 0
0.648875 -0.316241 0.257255 98 156 0
0.65073 -0.31063 0.257071 98 156 0
0.655484 -0.30785 0.258503 98 156 0
0.660676 -0.30669 0.260516 98 156 0
0.66617 -0.307125 0.262865 98 156 0
0.670374 -0.310712 0.265209 98 156 0
0.67345 -0.315359 0.267404 98 156 0
0.674846 -0.320889 0.268911 98 156 0
0.674653 -0.326794 0.269913 98 156 0
0.671663 -0.33198 0.269424 98 156 0
0.667694 -0.336298 0.268409 98 156 0
0.662612 -0.338938 0.266636 98 156 0
0.657186 -0.340177 0.264404 98 156 0
0.652357 -0.337722 0.262141 98 156 0
0.648348 -0.333865 0.259917 98 156 0
0.647329 -0.328394 0.258885 98 156 0
0.648308 -0.322563 0.258538 99 155 0
0.652767 -0.318878 0.260085 99 155 0
0.6579 -0.316791 0.262119 99 155 0
0.663215 -0.317147 0.2647 99 155 0
0.667267 -0.320865 0.266915 99 155 0
0.67082 -0.324596 0.269519 99 155 0
0.672444 -0.330113 0.271236 99 155 0
0.67135 -0.335559 0.271829 99 155 0
0.668878 -0.341046 0.271713 99 155 0
0.666157 -0.346226 0.271169 99 155 0
0.661012 -0.348634 0.269253 99 155 0
0.655634 -0.350365 0.267183 99 155 0
0.650943 -0.347557 0.264817 99 155 0
0.647158 -0.344039 0.262535 99 155 0
0.645083 -0.338714 0.260653 99 155 0
0.646632 -0.333101 0.260201 99 155 0
0.650314 -0.328802 0.26105 99 155 0
0.655364 -0.326262 0.262947 99 155 0
0.660642 -0.327164 0.265602 99 155 0
0.665372 -0.329469 0.268432 99 155 0
0.668373 -0.333843 0.270924 99 155 0
0.670265 -0.338908 0.27335 99 155 0
0.669451 -0.344832 0.274059 99 155 0
0.667496 -0.350491 0.274643 99 155 0
0.66435 -0.355224 0.274328 99 155 0
0.659527 -0.358454 0.272768 99 155 0
0.654431 -0.360471 0.270772 99 155 0
0.649482 -0.358512 0.268524 99 155 0
0.645515 -0.354925 0.266062 99 155 0
0.643252 -0.349766 0.263947 99 155 0
0.644036 -0.344104 0.26298 99 155 0
0.647346 -0.33933 0.263414 99 155 0
0.652489 -0.336976 0.265172 99 155 0
0.657962 -0.336861 0.267557 99 155 0
0.662299 -0.338927 0.270192 99 155 0
0.665691 -0.343081 0.272848 99 155 0
0.667532 -0.347998 0.275082 99 155 0
0.667991 -0.353762 0.276764 99 155 0
0.666983 -0.359382 0.277955 99 155 0
0.663503 -0.364233 0.277171 99 155 0
0.658737 -0.367638 0.276328 99 155 0
0.653453 -0.369775 0.274417 99 155 0
0.648471 -0.368784 0.272345 99 155 0
0.643972 -0.365644 0.269907 99 155 0
0.641167 -0.361149 0.267586 99 155 0
0.6413 -0.355353 0.266357 99 155 0
0.64385 -0.350788 0.266275 99 155 0
0.648479 -0.347342 0.267879 99 155 0
0.653871 -0.346479 0.270113 99 155 0
0.658812 -0.348435 0.272728 99 155 0
0.662897 -0.351705 0.275476 99 155 0
0.66549 -0.356611 0.277811 99 155 0
0.666375 -0.362349 0.279276 99 155 0
0.664844 -0.368093 0.279839 99 155 0
0.662124 -0.373458 0.279807 99 155 0
0.657268 -0.376342 0.278454 99 155 0
0.652553 -0.379792 0.277148 99 155 0
0.647235 -0.380053 0.274763 99 155 0
0.642684 -0.376893 0.272413 99 155 0
0.639476 -0.372799 0.270314 99 155 0
0.637852 -0.367784 0.268613 99 155 0
0.639835 -0.362448 0.268698 99 155 0
0.644486 -0.35899 0.270276 99 155 0
0.649298 -0.356419 0.272102 99 155 0
0.654567 -0.356539 0.274501 99 155 0
0.659038 -0.359654 0.276853 99 155 0
0.662304 -0.363812 0.278993 99 155 0
0.663782 -0.369445 0.280361 99 155 0
0.664434 -0.374755 0.281615 99 155 0
0.662169 -0.379983 0.281133 99 155 0
0.658726 -0.384727 0.280175 99 155 0
0.654469 -0.388601 0.278514 99 155 0
0.649547 -0.390337 0.276255 99 155 0
0.644889 -0.388657 0.274151 99 155 0
0.640385 -0.386335 0.271835 99 155 0
0.638261 -0.382115 0.270745 99 155 0
0.637004 -0.376656 0.269936 99 155 0
0.639151 -0.371955 0.270877 99 155 0
0.641858 -0.36895 0.271779 99 155 0
0.644765 -0.366735 0.272855 99 155 0
0.649789 -0.366273 0.274838 99 155 0
0.654621 -0.367249 0.277056 99 155 0
0.658692 -0.369863 0.279375 99 155 0
0.662074 -0.374303 0.281406 99 155 0
0.661882 -0.380244 0.281555 99 155 0
0.661789 -0.386302 0.28184 99 155 0
0.658384 -0.39096 0.280274 99 155 0
0.653607 -0.39383 0.277958 99 155 0
0.64837 -0.394306 0.275313 99 155 0
0.643418 -0.39193 0.272871 99 155 0
0.639768 -0.387996 0.271009 99 155 0
0.637217 -0.382679 0.269657 99 155 0
0.638039 -0.376847 0.270006 99 155 0
0.640498 -0.371429 0.27118 99 155 0
0.644909 -0.368295 0.27325 99 155 0
0.649626 -0.366273 0.27512 99 155 0
0.653729 -0.366316 0.276405 99 155 0
0.658208 -0.368106 0.278441 99 155 0
0.661297 -0.371898 0.280111 99 155 0
0.662583 -0.376099 0.281031 99 155 0
0.66259 -0.379939 0.28137 99 155 0
0.660595 -0.384802 0.28096 99 155 0
0.657171 -0.388045 0.279751 99 155 0
0.652385 -0.389821 0.277788 99 155 0
0.647277 -0.390179 0.275363 100 154 0
0.643922 -0.387627 0.273762 100 154 0
0.640342 -0.384879 0.271898 100 154 0
0.63808 -0.379795 0.270498 100 154 0
0.637202 -0.374359 0.269601 100 154 0
0.637883 -0.368554 0.269014 100 154 0
0.640747 -0.363852 0.269446 100 154 0
0.644641 -0.35938 0.270304 100 154 0
0.649277 -0.356409 0.271697 100 154 0
0.654814 -0.355984 0.273843 100 154 0
0.659615 -0.357938 0.276202 100 154 0
0.663391 -0.361362 0.278739 100 154 0
0.664246 -0.366803 0.280041 100 154 0
0.663382 -0.372123 0.280885 100 154 0
0.659312 -0.376428 0.280005 100 154 0
0.654439 -0.378717 0.278352 100 154 0
0.649923 -0.380321 0.276399 100 154 0
0.645371 -0.377357 0.274003 100 154 0
0.641591 -0.373603 0.271457 100 154 0
0.639563 -0.368408 0.269477 100 154 0
0.638121 -0.363338 0.267351 100 154 0
0.640744 -0.35872 0.26722 100 154 0
0.642683 -0.353587 0.266777 100 154 0
0.646886 -0.349453 0.267234 100 154 0
0.651457 -0.346348 0.268359 100 154 0
0.656971 -0.34619 0.270501 100 154 0
0.661904 -0.347432 0.273082 100 154 0
0.665199 -0.351794 0.275468 100 154 0
0.665995 -0.357182 0.277531 100 154 0
0.664847 -0.362957 0.278638 100 154 0
0.661333 -0.367567 0.278209 100 154 0
0.65607 -0.369239 0.276785 100 154 0
0.651281 -0.369333 0.274572 100 154 0
0.646631 -0.367465 0.271795 100 154 0
0.643197 -0.363492 0.269046 100 154 0
0.641327 -0.358378 0.266573 100 154 0
0.641748 -0.352657 0.264931 100 154 0
0.642858 -0.346948 0.263494 100 154 0
0.645733 -0.341751 0.263534 100 154 0
0.650243 -0.337897 0.264254 100 154 0
0.655453 -0.336744 0.265733 100 154 0
0.660945 -0.336984 0.2681 100 154 0
0.665705 -0.338857 0.2709 100 154 0
0.668584 -0.343411 0.273489 100 154 0
0.668066 -0.348825 0.274689 100 154 0
0.665894 -0.354179 0.27522 100 154 0
0.662253 -0.358221 0.274473 100 154 0
0.656764 -0.358818 0.272422 100 154 0
0.651382 -0.358515 0.269814 100 154 0
0.646999 -0.355672 0.266972 100 154 0
0.643916 -0.351279 0.264461 100 154 0
0.642685 -0.345844 0.262415 100 154 0
0.644559 -0.34038 0.261811 100 154 0
0.645602 -0.334576 0.260936 100 154 0
0.649384 -0.329983 0.261178 100 154 0
0.654097 -0.326693 0.26251 100 154 0
0.659427 -0.325172 0.26471 100 154 0
0.664415 -0.327037 0.267074 100 154 0
0.66825 -0.330936 0.269446 100 154 0
0.670989 -0.33545 0.271858 100 154 0
0.6695 -0.341055 0.272108 100 154 0
0.66644 -0.346162 0.271511 100 154 0
0.661923 -0.34903 0.26983 100 154 0
0.656632 -0.348527 0.267274 100 154 0
0.651602 -0.346887 0.264676 100 154 0
0.647718 -0.343169 0.262306 100 154 0
0.646066 -0.337683 0.260734 100 154 0
0.645041 -0.331954 0.259314 100 154 0
0.646997 -0.326777 0.259355 100 154 0
0.650449 -0.321937 0.25981 100 154 0
0.653856 -0.317702 0.260581 100 154 0
0.659269 -0.316644 0.262831 100 154 0
0.66468 -0.316043 0.265332 100 154 0
0.669082 -0.319094 0.2677 100 154 0
0.671266 -0.324442 0.26917 100 154 0
0.671631 -0.329847 0.269967 100 154 0
0.668424 -0.334748 0.268737 100 154 0
0.664213 -0.338361 0.267034 100 154 0
0.65904 -0.339133 0.264776 100 154 0
0.654034 -0.336999 0.262273 100 154 0
0.650465 -0.332845 0.2602 100 154 0
0.648064 -0.32769 0.258375 100 154 0
0.646418 -0.322191 0.25678 100 154 0
0.647642 -0.316562 0.256416 100 154 0
0.651357 -0.312114 0.257612 100 154 0
0.655491 -0.308049 0.259059 100 154 0
0.660298 -0.305448 0.260993 100 154 0
0.66571 -0.304771 0.263434 100 154 0
0.66908 -0.30923 0.265003 100 154 0
0.672457 -0.313161 0.266993 100 154 0
0.67281 -0.319049 0.267597 100 154 0
0.671423 -0.32438 0.267732 100 154 0
0.667253 -0.328387 0.266209 100 154 0
0.661829 -0.328232 0.263704 100 154 0
0.656726 -0.327742 0.26106 100 154 0
0.652491 -0.324377 0.258653 100 154 0
0.649749 -0.319441 0.256834 100 154 0
0.647807 -0.314036 0.255139 100 154 0
0.648281 -0.308136 0.254593 100 154 0
0.650192 -0.302478 0.254842 100 154 0
0.654428 -0.298491 0.256244 100 154 0
0.659317 -0.295501 0.257928 100 154 0
0.664707 -0.294778 0.260085 100 154 0
0.669817 -0.296396 0.262643 101 153 0
0.673048 -0.300868 0.264549 101 153 0
0.674493 -0.306331 0.265847 101 153 0
0.673466 -0.312213 0.266148 101 153 0
0.669888 -0.316834 0.265114 101 153 0
0.664977 -0.318771 0.26301 101 153 0
0.659563 -0.318612 0.260479 101 153 0
0.65462 -0.316534 0.257921 101 153 0
0.651415 -0.311937 0.255931 101 153 0
0.649313 -0.30663 0.254191 101 153 0
0.649198 -0.30081 0.25326 101 153 0
0.650904 -0.295152 0.253142 101 153 0
0.654868 -0.290935 0.254255 101 153 0
0.658502 -0.28675 0.255073 101 153 0
0.663838 -0.285676 0.257304 101 153 0
0.668775 -0.285249 0.259453 101 153 0
0.67317 -0.288473 0.261672 101 153 0
0.675894 -0.293284 0.263453 101 153 0
0.675797 -0.29923 0.264132 101 153 0
0.673504 -0.304612 0.263722 101 153 0
0.668554 -0.307493 0.262006 101 153 0
0.663281 -0.308281 0.259848 101 153 0
0.658395 -0.306585 0.257447 101 153 0
0.653988 -0.303479 0.254925 101 153 0
0.651648 -0.298589 0.25328 101 153 0
0.650359 -0.292923 0.251834 101 153 0
0.651415 -0.287108 0.251385 101 153 0
0.654491 -0.282182 0.251941 101 153 0
0.658558 -0.277986 0.253214 101 153 0
0.663274 -0.275038 0.254868 101 153 0
0.668714 -0.27533 0.257021 101 153 0
0.673679 -0.277614 0.259434 101 153 0
0.676393 -0.28242 0.260973 101 153 0
0.677082 -0.287062 0.262068 101 153 0
0.67606 -0.292672 0.262418 101 153 0
0.67219 -0.297087 0.261318 101 153 0
0.667178 -0.297897 0.259206 101 153 0
0.661937 -0.297671 0.256812 101 153 0
0.657229 -0.294913 0.254395 101 153 0
0.653818 -0.290702 0.252441 101 153 0
0.652798 -0.284994 0.251374 101 153 0
0.653543 -0.279099 0.2507 101 153 0
0.654343 -0.273295 0.250018 101 153 0
0.658038 -0.268944 0.250867 101 153 0
0.662371 -0.265154 0.252479 101 153 0
0.667623 -0.263889 0.254654 101 153 0
0.67276 -0.265498 0.256897 101 153 0
0.676377 -0.26971 0.258619 101 153 0
0.678811 -0.274916 0.260224 101 153 0
0.678162 -0.280419 0.260508 101 153 0
0.675268 -0.285118 0.259979 101 153 0
0.670381 -0.287891 0.25835 101 153 0
0.665026 -0.288668 0.255981 101 153 0
0.66038 -0.285933 0.253751 101 153 0
0.655888 -0.28283 0.251334 101 153 0
0.654044 -0.277498 0.250164 101 153 0
0.653906 -0.271573 0.249439 101 153 0
0.655104 -0.265768 0.249239 101 153 0
0.658051 -0.26066 0.249686 101 153 0
0.661828 -0.256856 0.250537 101 153 0
0.66672 -0.254275 0.252145 101 153 0
0.672266 -0.254616 0.254383 101 153 0
0.676987 -0.257353 0.256502 101 153 0
0.679814 -0.26236 0.258017 101 153 0
0.679928 -0.268052 0.258681 101 153 0
0.678159 -0.273537 0.258868 101 153 0
0.673786 -0.277389 0.257616 101 153 0
0.668487 -0.278037 0.255769 101 153 0
0.663119 -0.2771 0.253522 101 153 0
0.65851 -0.274111 0.251253 101 153 0
0.65562 -0.269214 0.249625 101 153 0
0.653566 -0.263816 0.248145 101 153 0
0.654486 -0.258125 0.247897 101 153 0
0.656593 -0.252897 0.247768 101 153 0
0.660655 -0.249017 0.248544 101 153 0
0.664901 -0.244892 0.249274 101 153 0
0.670457 -0.244454 0.251072 101 153 0
0.675516 -0.245329 0.252661 101 153 0
0.679458 -0.248571 0.254294 101 153 0
0.681239 -0.253688 0.255542 101 153 0
0.681594 -0.258827 0.256977 101 153 0
0.679282 -0.264168 0.257055 101 153 0
0.674825 -0.266785 0.256538 101 153 0
0.669831 -0.268616 0.254813 101 153 0
0.664861 -0.266883 0.253122 101 153 0
0.660505 -0.264578 0.251222 101 153 0
0.657313 -0.26155 0.249595 101 153 0
0.655816 -0.257003 0.248534 101 153 0
0.655305 -0.253553 0.247891 101 153 0
0.654872 -0.248475 0.246568 101 153 0
0.657024 -0.243576 0.246327 101 153 0
0.659896 -0.239955 0.246702 101 153 0
0.662743 -0.237332 0.247039 101 153 0
0.666314 -0.234595 0.247538 101 153 0
0.671197 -0.23401 0.249089 101 153 0
0.668599 -0.235497 0.248311 101 153 0
0.663991 -0.23776 0.247254 101 153 0
0.659345 -0.239882 0.246078 101 153 0
0.654651 -0.241793 0.244749 101 153 0
0.649961 -0.24365 0.243322 101 153 0
0.64527 -0.24542 0.241798 101 153 0
0.644954 -0.245274 0.242735 101 153 0
0.585246 -0.247509 0.217447 101 153 0
0.585717 -0.24761 0.21657 101 153 0
0.585717 -0.24761 0.21657 102 152 0
0.584934 -0.25529 0.217778 102 152 0
0.584971 -0.260331 0.218689 102 152 0
0.58475 -0.265383 0.219516 102 152 0
0.584599 -0.270448 0.220272 102 152 0
0.584574 -0.275527 0.220941 102 152 0
0.584453 -0.280619 0.221472 102 152 0
0.584173 -0.285716 0.221909 102 152 0
0.583921 -0.290818 0.22231 102 152 0
0.58373 -0.295929 0.22262 102 152 0
0.583552 -0.301041 0.222894 102 152 0
0.581845 -0.310816 0.223747 102 152 0
0.580919 -0.315822 0.22426 102 152 0
0.579983 -0.320841 0.224727 102 152 0
0.579146 -0.325871 0.22525 102 152 0
0.578031 -0.330853 0.225724 102 152 0
0.577105 -0.335853 0.22637 102 152 0
0.576196 -0.340858 0.227003 102 152 0
0.575125 -0.34585 0.227463 102 152 0
0.573998 -0.350829 0.227938 102 152 0
0.57311 -0.355842 0.228533 102 152 0
0.572226 -0.36086 0.229103 102 152 0
0.571109 -0.365833 0.229639 102 152 0
0.57022 -0.370843 0.230224 102 152 0
0.571437 -0.363065 0.229474 102 152 0
0.572708 -0.358487 0.229052 102 152 0
0.573687 -0.35385 0.228469 102 152 0
0.574696 -0.349215 0.22793 102 152 0
0.575844 -0.344603 0.227483 102 152 0
0.576754 -0.339943 0.226973 102 152 0
0.577681 -0.335279 0.226539 102 152 0
0.578604 -0.330622 0.226031 102 152 0
0.579533 -0.325966 0.22552 102 152 0
0.580509 -0.321312 0.225097 102 152 0
0.581421 -0.316646 0.224755 102 152 0
0.581918 -0.308617 0.223236 102 152 0
0.582327 -0.303773 0.222817 102 152 0
0.5825 -0.298904 0.222438 102 152 0
0.582728 -0.29404 0.222021 102 152 0
0.582845 -0.289168 0.22164 102 152 0
0.582995 -0.2843 0.221221 102 152 0
0.583163 -0.279437 0.220748 102 152 0
0.58335 -0.274577 0.220264 102 152 0
0.583428 -0.269731 0.21963 102 152 0
0.583743 -0.264898 0.218987 102 152 0
0.583888 -0.260089 0.218175 102 152 0
0.584374 -0.255271 0.217514 102 152 0
0.585228 -0.232458 0.215797 102 152 0
0.58876 -0.23445 0.217687 102 152 0
0.592288 -0.236466 0.219553 102 152 0
0.595646 -0.240625 0.221712 102 152 0
0.596779 -0.246018 0.222819 102 152 0
0.594872 -0.251438 0.222513 102 152 0
0.591751 -0.256362 0.22137 102 152 0
0.587735 -0.26035 0.21963 102 152 0
0.583122 -0.262923 0.217064 102 152 0
0.578318 -0.261329 0.214142 102 152 0
0.573548 -0.260264 0.211056 102 152 0
0.569915 -0.256126 0.208572 102 152 0
0.567575 -0.251051 0.206631 102 152 0
0.567739 -0.24505 0.206161 102 152 0
0.568986 -0.239212 0.206455 102 152 0
0.573075 -0.235759 0.208571 102 152 0
0.577706 -0.232969 0.211225 102 152 0
0.582108 -0.235009 0.214027 102 152 0
0.585962 -0.238251 0.216739 102 152 0
0.587956 -0.243673 0.218449 102 152 0
0.587756 -0.249594 0.218795 102 152 0
0.586047 -0.255297 0.217995 102 152 0
0.582355 -0.259234 0.215965 102 152 0
0.577543 -0.261659 0.213241 102 152 0
0.572553 -0.263003 0.210384 102 152 0
0.567968 -0.260862 0.207714 102 152 0
0.563891 -0.257212 0.205153 102 152 0
0.560224 -0.253572 0.202602 102 152 0
0.559296 -0.2477 0.201639 102 152 0
0.560414 -0.241875 0.201731 102 152 0
0.562582 -0.236407 0.202701 102 152 0
0.567648 -0.234906 0.20553 102 152 0
0.572872 -0.234898 0.208564 102 152 0
0.577369 -0.237433 0.21152 102 152 0
0.579949 -0.242423 0.213399 102 152 0
0.57988 -0.248412 0.213823 102 152 0
0.57864 -0.254231 0.213429 102 152 0
0.575101 -0.258639 0.211609 102 152 0
0.57042 -0.261193 0.209109 102 152 0
0.565475 -0.263137 0.206457 102 152 0
0.560753 -0.260656 0.203706 102 152 0
0.556155 -0.259197 0.200806 102 152 0
0.553307 -0.254245 0.198845 102 152 0
0.552198 -0.248636 0.197913 102 152 0
0.552411 -0.242622 0.19767 102 152 0
0.554678 -0.237934 0.198566 102 152 0
0.557514 -0.235006 0.199826 102 152 0
0.562566 -0.234885 0.202284 102 152 0
0.567459 -0.235624 0.204837 102 152 0
0.570883 -0.238097 0.206901 102 152 0
0.573094 -0.242314 0.208496 102 152 0
0.574199 -0.247678 0.209799 102 152 0
0.57428 -0.253415 0.210745 102 152 0
0.572294 -0.258744 0.210399 102 152 0
0.569537 -0.263604 0.20932 102 152 0
0.564903 -0.266298 0.206841 102 152 0
0.560556 -0.268684 0.204335 102 152 0
0.555654 -0.267436 0.201348 103 151 0
0.551511 -0.264638 0.19868 103 151 0
0.549537 -0.259667 0.197191 103 151 0
0.547956 -0.254345 0.195928 103 151 0
0.550154 -0.249049 0.196709 103 151 0
0.554381 -0.245576 0.198822 103 151 0
0.559064 -0.244456 0.201284 103 151 0
0.56417 -0.244501 0.204367 103 151 0
0.568264 -0.247545 0.207105 103 151 0
0.570708 -0.252545 0.209186 103 151 0
0.572428 -0.257944 0.210717 103 151 0
0.572137 -0.263888 0.211166 103 151 0
0.569564 -0.268744 0.210319 103 151 0
0.566247 -0.273372 0.208869 103 151 0
0.562216 -0.277154 0.206764 103 151 0
0.557298 -0.278773 0.203844 103 151 0
0.55257 -0.277707 0.200832 103 151 0
0.549034 -0.273643 0.198357 103 151 0
0.547295 -0.268233 0.196916 103 151 0
0.547642 -0.262343 0.196541 103 151 0
0.55115 -0.25784 0.198215 103 151 0
0.555219 -0.25455 0.200578 103 151 0
0.560232 -0.254695 0.203813 103 151 0
0.564905 -0.255874 0.206996 103 151 0
0.56741 -0.260484 0.209001 103 151 0
0.569472 -0.265822 0.210655 103 151 0
0.571321 -0.271114 0.212109 103 151 0
0.569321 -0.276671 0.211246 103 151 0
0.567857 -0.282049 0.210816 103 151 0
0.563661 -0.285525 0.208637 103 151 0
0.558816 -0.28764 0.205876 103 151 0
0.553831 -0.288321 0.202797 103 151 0
0.549643 -0.285697 0.199767 103 151 0
0.547121 -0.280752 0.197705 103 151 0
0.54604 -0.275259 0.196621 103 151 0
0.548016 -0.269801 0.197616 103 151 0
0.552133 -0.266656 0.200147 103 151 0
0.556841 -0.264876 0.203239 103 151 0
0.561787 -0.265289 0.206469 103 151 0
0.56576 -0.268259 0.209201 103 151 0
0.568392 -0.273209 0.211235 103 151 0
0.56885 -0.278951 0.211915 103 151 0
0.568723 -0.284911 0.212197 103 151 0
0.566724 -0.290362 0.21134 103 151 0
0.563117 -0.294672 0.209429 103 151 0
0.558907 -0.297883 0.206866 103 151 0
0.554097 -0.298574 0.203799 103 151 0
0.549743 -0.296051 0.200817 103 151 0
0.545935 -0.293115 0.198226 103 151 0
0.545258 -0.287329 0.197345 103 151 0
0.545577 -0.281454 0.197316 103 151 0
0.549012 -0.27746 0.199419 103 151 0
0.553198 -0.274245 0.202159 103 151 0
0.557922 -0.274639 0.205303 103 151 0
0.561941 -0.277769 0.208141 103 151 0
0.565584 -0.281319 0.210695 103 151 0
0.568398 -0.286124 0.212779 103 151 0
0.568189 -0.292084 0.213014 103 151 0
0.56753 -0.297812 0.212853 103 151 0
0.564577 -0.302721 0.211189 103 151 0
0.560733 -0.306137 0.208807 103 151 0
0.556181 -0.308442 0.205793 103 151 0
0.551223 -0.308713 0.202484 103 151 0
0.54719 -0.305962 0.199529 103 151 0
0.544976 -0.301597 0.197749 103 151 0
0.543123 -0.296243 0.196342 103 151 0
0.545227 -0.291514 0.19735 103 151 0
0.548328 -0.287735 0.199277 103 151 0
0.552092 -0.284537 0.201866 103 151 0
0.556815 -0.285412 0.20505 103 151 0
0.56086 -0.288227 0.208044 103 151 0
0.564396 -0.290999 0.210638 103 151 0
0.565933 -0.296384 0.212368 103 151 0
0.565593 -0.302317 0.212903 103 151 0
0.565325 -0.308269 0.213246 103 151 0
0.563243 -0.313604 0.21214 103 151 0
0.558888 -0.316244 0.209425 103 151 0
0.555168 -0.318665 0.206598 103 151 0
0.55046 -0.317993 0.203018 103 151 0
0.546286 -0.316914 0.199401 103 151 0
0.543342 -0.31327 0.196741 103 151 0
0.543511 -0.307466 0.196391 103 151 0
0.543853 -0.302143 0.196539 103 151 0
0.546554 -0.298652 0.198234 103 151 0
0.550543 -0.296262 0.200904 103 151 0
0.555007 -0.296017 0.204189 103 151 0
0.559031 -0.29655 0.207757 103 151 0
0.56111 -0.299754 0.209585 103 151 0
0.563775 -0.302437 0.211665 103 151 0
0.565339 -0.307005 0.213275 103 151 0
0.564741 -0.312875 0.214311 103 151 0
0.564226 -0.318737 0.214498 103 151 0
0.561553 -0.323637 0.213192 103 151 0
0.557867 -0.326325 0.210594 103 151 0
0.554654 -0.328653 0.20721 103 151 0
0.550264 -0.328449 0.203212 103 151 0
0.546174 -0.326972 0.199639 103 151 0
0.542988 -0.32276 0.196826 103 151 0
0.543065 -0.316863 0.196359 103 151 0
0.544755 -0.311236 0.197546 103 151 0
0.547927 -0.306839 0.199973 103 151 0
0.552549 -0.306332 0.203632 103 151 0
0.557075 -0.306792 0.207521 103 151 0
0.561174 -0.309112 0.21094 104 150 0
0.563269 -0.314154 0.213289 104 150 0
0.564378 -0.319702 0.214905 104 150 0
0.563948 -0.325659 0.215415 104 150 0
0.562298 -0.331345 0.214588 104 150 0
0.559707 -0.336269 0.212679 104 150 0
0.555491 -0.338931 0.209407 104 150 0
0.551113 -0.340298 0.205804 104 150 0
0.546634 -0.338777 0.202219 104 150 0
0.543282 -0.335219 0.198902 104 150 0
0.542099 -0.329996 0.197369 104 150 0
0.542512 -0.324025 0.197293 104 150 0
0.545258 -0.319667 0.199341 104 150 0
0.549222 -0.316666 0.202619 104 150 0
0.553791 -0.316153 0.206354 104 150 0
0.558 -0.317628 0.209909 104 150 0
0.561033 -0.321701 0.213077 104 150 0
0.563354 -0.326666 0.215447 104 150 0
0.563554 -0.33248 0.216408 104 150 0
0.562725 -0.338347 0.21631 104 150 0
0.559978 -0.343184 0.214548 104 150 0
0.557144 -0.347942 0.21236 104 150 0
0.552879 -0.3504 0.209171 104 150 0
0.548308 -0.350033 0.205434 104 150 0
0.544248 -0.347529 0.20204 104 150 0
0.541604 -0.342929 0.19933 104 150 0
0.541803 -0.337026 0.19862 104 150 0
0.543543 -0.33164 0.199447 104 150 0
0.547418 -0.328103 0.20222 104 150 0
0.551348 -0.326596 0.20556 104 150 0
0.555615 -0.328352 0.209261 104 150 0
0.559455 -0.330986 0.21301 104 150 0
0.562292 -0.335257 0.215936 104 150 0
0.562856 -0.340936 0.217397 104 150 0
0.561964 -0.34681 0.217535 104 150 0
0.560283 -0.352502 0.216742 104 150 0
0.556834 -0.356537 0.214505 104 150 0
0.553306 -0.360451 0.211837 104 150 0
0.548574 -0.360444 0.208161 104 150 0
0.544387 -0.359147 0.204577 104 150 0
0.540989 -0.355247 0.201563 104 150 0
0.540876 -0.349602 0.2006 104 150 0
0.54215 -0.344018 0.200965 104 150 0
0.545037 -0.339141 0.202885 104 150 0
0.549572 -0.33784 0.206252 104 150 0
0.553725 -0.33714 0.209859 104 150 0
0.557385 -0.340264 0.213434 104 150 0
0.560684 -0.344015 0.216717 104 150 0
0.562062 -0.349384 0.218755 104 150 0
0.561613 -0.355311 0.219437 104 150 0
0.560322 -0.360976 0.219042 104 150 0
0.557551 -0.365919 0.217303 104 150 0
0.553758 -0.369687 0.214612 104 150 0
0.549346 -0.370654 0.211245 104 150 0
0.545022 -0.369848 0.207441 104 150 0
0.541701 -0.366359 0.203875 104 150 0
0.540012 -0.361185 0.201911 104 150 0
0.540211 -0.35521 0.201538 104 150 0
0.542785 -0.350271 0.2032 104 150 0
0.547274 -0.348549 0.206597 104 150 0
0.551777 -0.348273 0.21052 104 150 0
0.555998 -0.34958 0.214436 104 150 0
0.558775 -0.353635 0.217544 104 150 0
0.561215 -0.35845 0.220142 104 150 0
0.561206 -0.364237 0.221163 104 150 0
0.559673 -0.370013 0.22077 104 150 0
0.55735 -0.375313 0.219458 104 150 0
0.554186 -0.379632 0.217157 104 150 0
0.550059 -0.382443 0.213851 104 150 0
0.545662 -0.381374 0.210094 104 150 0
0.542155 -0.378478 0.20656 104 150 0
0.539421 -0.374334 0.20366 104 150 0
0.539765 -0.368557 0.202701 104 150 0
0.541516 -0.363009 0.203486 104 150 0
0.544419 -0.358714 0.205972 104 150 0
0.54888 -0.358326 0.209929 104 150 0
0.553119 -0.358752 0.214116 104 150 0
0.557146 -0.36095 0.217836 104 150 0
0.558976 -0.365963 0.220351 104 150 0
0.560642 -0.371288 0.222361 104 150 0
0.560566 -0.377196 0.222754 104 150 0
0.558642 -0.382321 0.221529 104 150 0
0.555612 -0.386833 0.219052 104 150 0
0.552382 -0.390773 0.216243 104 150 0
0.548621 -0.392119 0.212666 104 150 0
0.544887 -0.390995 0.20875 104 150 0
0.541997 -0.388069 0.206051 104 150 0
0.538995 -0.384363 0.203197 104 150 0
0.539291 -0.378566 0.202811 104 150 0
0.540447 -0.374205 0.203551 104 150 0
0.543419 -0.370093 0.206095 104 150 0
0.546842 -0.368635 0.209615 104 150 0
0.549779 -0.368196 0.213463 104 150 0
0.553187 -0.369747 0.21728 104 150 0
0.557178 -0.371927 0.220329 104 150 0
0.559096 -0.377237 0.221583 104 150 0
0.56057 -0.382703 0.222276 104 150 0
0.559265 -0.388067 0.220988 104 150 0
0.556929 -0.392712 0.218821 104 150 0
0.552924 -0.395545 0.215661 104 150 0
0.548609 -0.396714 0.212057 104 150 0
0.543964 -0.396166 0.208578 104 150 0
0.540634 -0.392633 0.205742 104 150 0
0.538703 -0.387678 0.203883 104 150 0
0.538577 -0.381865 0.203458 105 149 0
0.539681 -0.376242 0.204086 105 149 0
0.542407 -0.371777 0.206132 105 149 0
0.546549 -0.369487 0.209295 105 149 0
0.550135 -0.368196 0.212846 105 149 0
0.553505 -0.368578 0.217132 105 149 0
0.556531 -0.370565 0.219777 105 149 0
0.558505 -0.37377 0.221562 105 149 0
0.560399 -0.377417 0.223493 105 149 0
0.56024 -0.383141 0.223722 105 149 0
0.558324 -0.386891 0.222187 105 149 0
0.555588 -0.390445 0.219283 105 149 0
0.552009 -0.391919 0.215799 105 149 0
0.548029 -0.392097 0.211879 105 149 0
0.544323 -0.388924 0.20858 105 149 0
0.541501 -0.385482 0.205489 105 149 0
0.540177 -0.380265 0.203682 105 149 0
0.539003 -0.374632 0.202237 105 149 0
0.540955 -0.369344 0.202979 105 149 0
0.542574 -0.364045 0.20414 105 149 0
0.546041 -0.360833 0.207096 105 149 0
0.549512 -0.35831 0.210794 105 149 0
0.553782 -0.357794 0.214788 105 149 0
0.557421 -0.35989 0.218631 105 149 0
0.560634 -0.363748 0.221706 105 149 0
0.561006 -0.368987 0.222554 105 149 0
0.560667 -0.374805 0.222656 105 149 0
0.556881 -0.378671 0.220163 105 149 0
0.552569 -0.380698 0.216757 105 149 0
0.548785 -0.38205 0.213239 105 149 0
0.545617 -0.378688 0.209572 105 149 0
0.542744 -0.37537 0.206393 105 149 0
0.540792 -0.370389 0.203771 105 149 0
0.539823 -0.365263 0.202078 105 149 0
0.54174 -0.359619 0.202364 105 149 0
0.544053 -0.354257 0.203739 105 149 0
0.547084 -0.349855 0.206347 105 149 0
0.551131 -0.347024 0.209768 105 149 0
0.554718 -0.348624 0.213146 105 149 0
0.558848 -0.349272 0.21715 105 149 0
0.561353 -0.353568 0.219979 105 149 0
0.562758 -0.35873 0.221856 105 149 0
0.561164 -0.36439 0.221351 105 149 0
0.557326 -0.36818 0.218816 105 149 0
0.553381 -0.37078 0.215332 105 149 0
0.548907 -0.370628 0.211348 105 149 0
0.54535 -0.368189 0.207407 105 149 0
0.542889 -0.363995 0.204206 105 149 0
0.541259 -0.358709 0.20193 105 149 0
0.540737 -0.353091 0.200797 105 149 0
0.542877 -0.347754 0.201393 105 149 0
0.54552 -0.342666 0.203136 105 149 0
0.548896 -0.338436 0.205663 105 149 0
0.553229 -0.336422 0.209121 105 149 0
0.557557 -0.337801 0.213046 105 149 0
0.561426 -0.340695 0.216561 105 149 0
0.563586 -0.345369 0.219445 105 149 0
0.563754 -0.351158 0.220416 105 149 0
0.561111 -0.356113 0.219037 105 149 0
0.55731 -0.359465 0.216068 105 149 0
0.552892 -0.360448 0.212236 105 149 0
0.548439 -0.359799 0.208361 105 149 0
0.545213 -0.356522 0.20507 105 149 0
0.543108 -0.351543 0.202478 105 149 0
0.543048 -0.345804 0.201296 105 149 0
0.543373 -0.339822 0.200777 105 149 0
0.545083 -0.334341 0.201496 105 149 0
0.548781 -0.330529 0.203929 105 149 0
0.552919 -0.327272 0.206832 105 149 0
0.557265 -0.327498 0.210579 105 149 0
0.561325 -0.328752 0.214473 105 149 0
0.563883 -0.333533 0.217054 105 149 0
0.564907 -0.339047 0.218557 105 149 0
0.564285 -0.344728 0.218505 105 149 0
0.560769 -0.348584 0.216008 105 149 0
0.556627 -0.350662 0.212735 105 149 0
0.551933 -0.350323 0.209075 105 149 0
0.548262 -0.347247 0.205499 105 149 0
0.544978 -0.343296 0.202397 105 149 0
0.543674 -0.337844 0.200732 105 149 0
0.543924 -0.331893 0.200093 105 149 0
0.544184 -0.326125 0.199919 105 149 0
0.547996 -0.322117 0.202247 105 149 0
0.552056 -0.319022 0.205207 105 149 0
0.556479 -0.316686 0.208543 105 149 0
0.560963 -0.317314 0.212313 105 149 0
0.564341 -0.320756 0.21533 105 149 0
0.565726 -0.326237 0.217087 105 149 0
0.56602 -0.33211 0.217602 105 149 0
0.563095 -0.336101 0.215665 105 149 0
0.559197 -0.339579 0.212765 105 149 0
0.554683 -0.340494 0.209016 105 149 0
0.550481 -0.338363 0.205506 105 149 0
0.546737 -0.334767 0.202484 105 149 0
0.545256 -0.329243 0.200909 105 149 0
0.543988 -0.323678 0.199333 105 149 0
0.544479 -0.317746 0.199155 105 149 0
0.547289 -0.312803 0.200559 105 149 0
0.551348 -0.309271 0.203126 105 149 0
0.555842 -0.307054 0.206441 105 149 0
0.560626 -0.306613 0.210014 105 149 0
0.564349 -0.309484 0.213253 105 149 0
0.566735 -0.314524 0.215482 105 149 0
0.566779 -0.320307 0.215767 105 149 0
0.564637 -0.325742 0.214363 106 148 0
0.560664 -0.329239 0.211591 106 148 0
0.556199 -0.329757 0.208518 106 148 0
0.551561 -0.328342 0.205107 106 148 0
0.547812 -0.325257 0.202064 106 148 0
0.545459 -0.320205 0.199899 106 148 0
0.544523 -0.31437 0.198799 106 148 0
0.544854 -0.308482 0.198588 106 148 0
0.547856 -0.303562 0.200257 106 148 0
0.551593 -0.299524 0.202662 106 148 0
0.556032 -0.296907 0.205641 106 148 0
0.560962 -0.296346 0.208968 106 148 0
0.565196 -0.298979 0.212182 106 148 0
0.567532 -0.302767 0.214247 106 148 0
0.569113 -0.308196 0.215616 106 148 0
0.566834 -0.313302 0.214416 106 148 0
0.563732 -0.317701 0.212348 106 148 0
0.559132 -0.320025 0.209264 106 148 0
0.554353 -0.318793 0.206034 106 148 0
0.54993 -0.316203 0.202912 106 148 0
0.546544 -0.312311 0.200362 106 148 0
0.545086 -0.306698 0.198888 106 148 0
0.54612 -0.30117 0.198866 106 148 0
0.546257 -0.295203 0.198726 106 148 0
0.550184 -0.291562 0.200959 106 148 0
0.554088 -0.287905 0.203487 106 148 0
0.558665 -0.285583 0.206578 106 148 0
0.563353 -0.286152 0.209761 106 148 0
0.566927 -0.290041 0.21231 106 148 0
0.569336 -0.295261 0.214071 106 148 0
0.569592 -0.300928 0.21449 106 148 0
0.566597 -0.305472 0.212724 106 148 0
0.561932 -0.307818 0.209744 106 148 0
0.556997 -0.308422 0.206441 106 148 0
0.552398 -0.30704 0.203214 106 148 0
0.548958 -0.302881 0.200712 106 148 0
0.546264 -0.298054 0.198683 106 148 0
0.546457 -0.292052 0.198388 106 148 0
0.54761 -0.286379 0.198825 106 148 0
0.550288 -0.281218 0.200354 106 148 0
0.553353 -0.27645 0.202335 106 148 0
0.558336 -0.276097 0.2056 106 148 0
0.563144 -0.276669 0.208831 106 148 0
0.567402 -0.279387 0.211907 106 148 0
0.570319 -0.284135 0.214103 106 148 0
0.56945 -0.289878 0.213894 106 148 0
0.568042 -0.2954 0.213133 106 148 0
0.563969 -0.298671 0.210553 106 148 0
0.558979 -0.29888 0.207209 106 148 0
0.554179 -0.29783 0.203904 106 148 0
0.550103 -0.294502 0.201028 106 148 0
0.547204 -0.289878 0.198793 106 148 0
0.546711 -0.284106 0.197822 106 148 0
0.547273 -0.278182 0.1977 106 148 0
0.549951 -0.272956 0.198898 106 148 0
0.553527 -0.268559 0.200853 106 148 0
0.557897 -0.265586 0.203605 106 148 0
0.562829 -0.264797 0.206804 106 148 0
0.567309 -0.267104 0.20994 106 148 0
0.57115 -0.270634 0.212809 106 148 0
0.570843 -0.276623 0.213244 106 148 0
0.569715 -0.282332 0.213059 106 148 0
0.566096 -0.286483 0.210983 106 148 0
0.561641 -0.288314 0.208197 106 148 0
0.556771 -0.287976 0.204873 106 148 0
0.552614 -0.28495 0.201769 106 148 0
0.549901 -0.280249 0.199416 106 148 0
0.547571 -0.275047 0.197572 106 148 0
0.548068 -0.269374 0.197307 106 148 0
0.549553 -0.263729 0.197727 106 148 0
0.552675 -0.259126 0.199045 106 148 0
0.557161 -0.256756 0.20133 106 148 0
0.561872 -0.254705 0.204092 106 148 0
0.566659 -0.255602 0.207228 106 148 0
0.570634 -0.259007 0.210155 106 148 0
0.57228 -0.264039 0.212062 106 148 0
0.571386 -0.269268 0.212347 106 148 0
0.569255 -0.27433 0.211569 106 148 0
0.564951 -0.277216 0.209204 106 148 0
0.560111 -0.278613 0.206132 106 148 0
0.555934 -0.276645 0.20315 106 148 0
0.552151 -0.273023 0.200349 106 148 0
0.549328 -0.268572 0.198121 106 148 0
0.548662 -0.262819 0.19723 106 148 0
0.54975 -0.25842 0.197399 106 148 0
0.549983 -0.252425 0.197019 106 148 0
0.554508 -0.249379 0.199132 106 148 0
0.558606 -0.245727 0.20092 106 148 0
0.563736 -0.244486 0.203446 106 148 0
0.568646 -0.245458 0.20626 106 148 0
0.571334 -0.248672 0.208276 106 148 0
0.573615 -0.253473 0.210342 106 148 0
0.573422 -0.259036 0.211238 106 148 0
0.570011 -0.263465 0.210072 106 148 0
0.566121 -0.266253 0.208028 106 148 0
0.562925 -0.268644 0.206025 106 148 0
0.558092 -0.267732 0.202833 106 148 0
0.554132 -0.264308 0.200218 106 148 0
0.551783 -0.260256 0.198663 106 148 0
0.549839 -0.256635 0.197329 106 148 0
0.549966 -0.250723 0.196961 106 148 0
0.5502 -0.244828 0.196593 106 148 0
0.552407 -0.241296 0.197486 106 148 0
0.553958 -0.237932 0.198187 107 147 0
0.557754 -0.236198 0.199924 107 147 0
0.562587 -0.234885 0.202248 107 147 0
0.564705 -0.235692 0.203374 107 147 0
0.568692 -0.237687 0.205659 107 147 0
0.572563 -0.239772 0.208056 107 147 0
0.576273 -0.242089 0.210495 107 147 0
0.579985 -0.244392 0.212945 107 147 0
0.583647 -0.246817 0.215342 107 147 0
0.583163 -0.246698 0.216209 107 147 0
0.641725 -0.246942 0.243144 107 147 0
0.642063 -0.247079 0.242213 107 147 0
0.641875 -0.254732 0.242159 107 147 0
0.641641 -0.259948 0.242904 107 147 0
0.641042 -0.265143 0.243612 107 147 0
0.640688 -0.270347 0.244383 107 147 0
0.640491 -0.275557 0.2452 107 147 0
0.640169 -0.280765 0.24598 107 147 0
0.639747 -0.285976 0.246698 107 147 0
0.639245 -0.291187 0.247355 107 147 0
0.638903 -0.296401 0.248059 107 147 0
0.638407 -0.3016 0.248656 107 147 0
0.637261 -0.309331 0.249858 107 147 0
0.636478 -0.314108 0.251144 107 147 0
0.635736 -0.318938 0.252239 107 147 0
0.635053 -0.323783 0.253307 107 147 0
0.634347 -0.328612 0.25443 107 147 0
0.633688 -0.333435 0.255608 107 147 0
0.632963 -0.338262 0.256728 107 147 0
0.632359 -0.3431 0.257874 107 147 0
0.631729 -0.347931 0.259036 107 147 0
0.631135 -0.352773 0.260169 107 147 0
0.630546 -0.357623 0.261271 107 147 0
0.630023 -0.362506 0.262249 107 147 0
0.629459 -0.367379 0.263255 107 147 0
0.628926 -0.372287 0.264089 107 147 0
0.629633 -0.364555 0.263172 107 147 0
0.630254 -0.359777 0.261945 107 147 0
0.630851 -0.355001 0.260701 107 147 0
0.631434 -0.35019 0.259588 107 147 0
0.632049 -0.345395 0.258427 107 147 0
0.632856 -0.340604 0.257369 107 147 0
0.633499 -0.335807 0.256227 107 147 0
0.634203 -0.331018 0.255092 107 147 0
0.634895 -0.326227 0.253954 107 147 0
0.635632 -0.321416 0.252944 107 147 0
0.636551 -0.316637 0.251924 107 147 0
0.637382 -0.308381 0.249727 107 147 0
0.637568 -0.303537 0.248962 107 147 0
0.637892 -0.298702 0.248194 107 147 0
0.638266 -0.293872 0.247413 107 147 0
0.638631 -0.289024 0.246744 107 147 0
0.639014 -0.284175 0.246094 107 147 0
0.639408 -0.279331 0.245414 107 147 0
0.639901 -0.27449 0.244775 107 147 0
0.64038 -0.269647 0.244141 107 147 0
0.640895 -0.26481 0.243494 107 147 0
0.64142 -0.259976 0.24283 107 147 0
0.641859 -0.25513 0.242202 107 147 0
0.643548 -0.232337 0.238652 107 147 0
0.648052 -0.233877 0.240776 107 147 0
0.652388 -0.23551 0.24312 107 147 0
0.655921 -0.238635 0.245543 107 147 0
0.657051 -0.244174 0.246916 107 147 0
0.656744 -0.250066 0.24779 107 147 0
0.655515 -0.255713 0.248057 107 147 0
0.651935 -0.259428 0.247166 107 147 0
0.64762 -0.26235 0.245446 107 147 0
0.642958 -0.259737 0.242976 107 147 0
0.63839 -0.257009 0.240186 107 147 0
0.636442 -0.251921 0.238544 107 147 0
0.63704 -0.245975 0.237933 107 147 0
0.638967 -0.240622 0.23809 107 147 0
0.642457 -0.235863 0.239147 107 147 0
0.647452 -0.234816 0.241206 107 147 0
0.652391 -0.232633 0.243407 107 147 0
0.657297 -0.235018 0.245926 107 147 0
0.66209 -0.237243 0.248538 107 147 0
0.664641 -0.2424 0.250221 107 147 0
0.666274 -0.247838 0.251538 107 147 0
0.666478 -0.253793 0.252299 107 147 0
0.662569 -0.257891 0.250924 107 147 0
0.658237 -0.261627 0.249149 107 147 0
0.653058 -0.262439 0.246718 107 147 0
0.648925 -0.259008 0.244483 107 147 0
0.646005 -0.254137 0.242528 107 147 0
0.644544 -0.248599 0.241122 107 147 0
0.646821 -0.243068 0.241603 107 147 0
0.649458 -0.238102 0.242196 107 147 0
0.654639 -0.235695 0.244007 107 147 0
0.660208 -0.23517 0.245948 107 147 0
0.665648 -0.234601 0.248421 107 147 0
0.670116 -0.237959 0.250564 107 147 0
0.674245 -0.241551 0.252913 107 147 0
0.675962 -0.247031 0.254192 107 147 0
0.674416 -0.252737 0.254052 107 147 0
0.673207 -0.258497 0.254293 107 147 0
0.66829 -0.2614 0.252658 107 147 0
0.662687 -0.262012 0.250968 107 147 0
0.657859 -0.25944 0.248955 107 147 0
0.654577 -0.25526 0.247107 107 147 0
0.653259 -0.24998 0.245792 107 147 0
0.655018 -0.244766 0.245717 107 147 0
0.65755 -0.239691 0.245654 107 147 0
0.661736 -0.236823 0.246785 108 146 0
0.66605 -0.234589 0.247719 108 146 0
0.671113 -0.23401 0.249233 108 146 0
0.674805 -0.236218 0.249782 108 146 0
0.678157 -0.238561 0.251345 108 146 0
0.680899 -0.242647 0.252979 108 146 0
0.683114 -0.24683 0.254844 108 146 0
0.68269 -0.252701 0.255987 108 146 0
0.680301 -0.257845 0.256185 108 146 0
0.677685 -0.262792 0.256438 108 146 0
0.673062 -0.266423 0.255358 108 146 0
0.668181 -0.268517 0.254008 108 146 0
0.662688 -0.267641 0.252037 108 146 0
0.658629 -0.263732 0.250215 108 146 0
0.655337 -0.259926 0.248099 108 146 0
0.654585 -0.254245 0.246729 108 146 0
0.657232 -0.249174 0.247112 108 146 0
0.661559 -0.245577 0.248249 108 146 0
0.667104 -0.244931 0.250134 108 146 0
0.672674 -0.245257 0.25235 108 146 0
0.677177 -0.248302 0.254694 108 146 0
0.680068 -0.25315 0.256574 108 146 0
0.681139 -0.258933 0.25771 108 146 0
0.680505 -0.264884 0.258227 108 146 0
0.678197 -0.270351 0.258073 108 146 0
0.674965 -0.275255 0.257544 108 146 0
0.669955 -0.278103 0.256154 108 146 0
0.664443 -0.278135 0.253778 108 146 0
0.659644 -0.276789 0.251527 108 146 0
0.655908 -0.272498 0.249573 108 146 0
0.654917 -0.267225 0.248688 108 146 0
0.655273 -0.261451 0.248243 108 146 0
0.659336 -0.25751 0.249553 108 146 0
0.663939 -0.25414 0.251435 108 146 0
0.669251 -0.25517 0.253806 108 146 0
0.674211 -0.257432 0.256325 108 146 0
0.676726 -0.262079 0.257712 108 146 0
0.679487 -0.267006 0.259531 108 146 0
0.679342 -0.272987 0.260149 108 146 0
0.678621 -0.278782 0.260412 108 146 0
0.675298 -0.283447 0.259465 108 146 0
0.670356 -0.286434 0.257776 108 146 0
0.665241 -0.288666 0.2556 108 146 0
0.659949 -0.287427 0.253239 108 146 0
0.655575 -0.284046 0.250965 108 146 0
0.653992 -0.278472 0.249913 108 146 0
0.654771 -0.27264 0.249889 108 146 0
0.658178 -0.267943 0.25084 108 146 0
0.663311 -0.265597 0.252927 108 146 0
0.668273 -0.266108 0.255132 108 146 0
0.672768 -0.269309 0.257525 108 146 0
0.677143 -0.272435 0.260106 108 146 0
0.678881 -0.277916 0.261537 108 146 0
0.678682 -0.283878 0.262269 108 146 0
0.67715 -0.2895 0.262285 108 146 0
0.67413 -0.294652 0.261651 108 146 0
0.669648 -0.298149 0.259955 108 146 0
0.664123 -0.298434 0.257603 108 146 0
0.658865 -0.297148 0.255276 108 146 0
0.655072 -0.293042 0.253302 108 146 0
0.652948 -0.287689 0.251731 108 146 0
0.653217 -0.281809 0.251123 108 146 0
0.656898 -0.27724 0.252101 108 146 0
0.662062 -0.276154 0.254182 108 146 0
0.667512 -0.276465 0.256716 108 146 0
0.672249 -0.278741 0.25906 108 146 0
0.675399 -0.283213 0.260923 108 146 0
0.678158 -0.288104 0.26292 108 146 0
0.677872 -0.293891 0.263704 108 146 0
0.676554 -0.299711 0.263969 108 146 0
0.672998 -0.304041 0.263185 108 146 0
0.668087 -0.307164 0.261685 108 146 0
0.662682 -0.308262 0.259785 108 146 0
0.657244 -0.30781 0.257343 108 146 0
0.653254 -0.304058 0.25531 108 146 0
0.651598 -0.298595 0.253852 108 146 0
0.652001 -0.292942 0.253041 108 146 0
0.655766 -0.288754 0.254137 108 146 0
0.660591 -0.286105 0.255692 108 146 0
0.666194 -0.286489 0.257819 108 146 0
0.670665 -0.288879 0.259731 108 146 0
0.674896 -0.292068 0.262078 108 146 0
0.677512 -0.297144 0.26396 108 146 0
0.67699 -0.303045 0.264932 108 146 0
0.676204 -0.308956 0.265649 108 146 0
0.672887 -0.313581 0.265512 108 146 0
0.668085 -0.316614 0.26444 108 146 0
0.662799 -0.318839 0.26308 108 146 0
0.657128 -0.31855 0.261118 108 146 0
0.652863 -0.315521 0.258824 108 146 0
0.650517 -0.310763 0.256694 108 146 0
0.649753 -0.305312 0.255272 108 146 0
0.651783 -0.300558 0.255379 108 146 0
0.655559 -0.298831 0.256473 108 146 0
0.658962 -0.295948 0.257511 108 146 0
0.664082 -0.296216 0.259074 108 146 0
0.668215 -0.297638 0.260425 108 146 0
0.671561 -0.300653 0.261853 108 146 0
0.674555 -0.303169 0.263621 108 146 0
0.676349 -0.308057 0.265261 108 146 0
0.676587 -0.31313 0.266814 108 146 0
0.675005 -0.318639 0.267513 108 146 0
0.671995 -0.323298 0.267311 108 146 0
0.668177 -0.327065 0.266724 109 145 0
0.663109 -0.328908 0.265011 109 145 0
0.657771 -0.328714 0.262952 109 145 0
0.653141 -0.325997 0.260667 109 145 0
0.649604 -0.321698 0.258385 109 145 0
0.648875 -0.316241 0.257255 109 145 0
0.65073 -0.31063 0.257071 109 145 0
0.655484 -0.30785 0.258503 109 145 0
0.660676 -0.30669 0.260516 109 145 0
0.66617 -0.307125 0.262865 109 145 0
0.670374 -0.310712 0.265209 109 145 0
0.67345 -0.315359 0.267404 109 145 0
0.674846 -0.320889 0.268911 109 145 0
0.674653 -0.326794 0.269913 109 145 0
0.671663 -0.33198 0.269424 109 145 0
0.667694 -0.336298 0.268409 109 145 0
0.662612 -0.338938 0.266636 109 145 0
0.657186 -0.340177 0.264404 109 145 0
0.652357 -0.337722 0.262141 109 145 0
0.648348 -0.333865 0.259917 109 145 0
0.647329 -0.328394 0.258885 109 145 0
0.648308 -0.322563 0.258538 109 145 0
0.652767 -0.318878 0.260085 109 145 0
0.6579 -0.316791 0.262119 109 145 0
0.663215 -0.317147 0.2647 109 145 0
0.667267 -0.320865 0.266915 109 145 0
0.67082 -0.324596 0.269519 109 145 0
0.672444 -0.330113 0.271236 109 145 0
0.67135 -0.335559 0.271829 109 145 0
0.668878 -0.341046 0.271713 109 145 0
0.666157 -0.346226 0.271169 109 145 0
0.661012 -0.348634 0.269253 109 145 0
0.655634 -0.350365 0.267183 109 145 0
0.650943 -0.347557 0.264817 109 145 0
0.647158 -0.344039 0.262535 109 145 0
0.645083 -0.338714 0.260653 109 145 0
0.646632 -0.333101 0.260201 109 145 0
0.650314 -0.328802 0.26105 109 145 0
0.655364 -0.326262 0.262947 109 145 0
0.660642 -0.327164 0.265602 109 145 0
0.665372 -0.329469 0.268432 109 145 0
0.668373 -0.333843 0.270924 109 145 0
0.670265 -0.338908 0.27335 109 145 0
0.669451 -0.344832 0.274059 109 145 0
0.667496 -0.350491 0.274643 109 145 0
0.66435 -0.355224 0.274328 109 145 0
0.659527 -0.358454 0.272768 109 145 0
0.654431 -0.360471 0.270772 109 145 0
0.649482 -0.358512 0.268524 109 145 0
0.645515 -0.354925 0.266062 109 145 0
0.643252 -0.349766 0.263947 109 145 0
0.644036 -0.344104 0.26298 109 145 0
0.647346 -0.33933 0.263414 109 145 0
0.652489 -0.336976 0.265172 109 145 0
0.657962 -0.336861 0.267557 109 145 0
0.662299 -0.338927 0.270192 109 145 0
0.665691 -0.343081 0.272848 109 145 0
0.667532 -0.347998 0.275082 109 145 0
0.667991 -0.353762 0.276764 109 145 0
0.666983 -0.359382 0.277955 109 145 0
0.663503 -0.364233 0.277171 109 145 0
0.658737 -0.367638 0.276328 109 145 0
0.653453 -0.369775 0.274417 109 145 0
0.648471 -0.368784 0.272345 109 145 0
0.643972 -0.365644 0.269907 109 145 0
0.641167 -0.361149 0.267586 109 145 0
0.6413 -0.355353 0.266357 109 145 0
0.64385 -0.350788 0.266275 109 145 0
0.648479 -0.347342 0.267879 109 145 0
0.653871 -0.346479 0.270113 109 145 0
0.658812 -0.348435 0.272728 109 145 0
0.662897 -0.351705 0.275476 109 145 0
0.66549 -0.356611 0.277811 109 145 0
0.666375 -0.362349 0.279276 109 145 0
0.664844 -0.368093 0.279839 109 145 0
0.662124 -0.373458 0.279807 109 145 0
0.657268 -0.376342 0.278454 109 145 0
0.652553 -0.379792 0.277148 109 145 0
0.647235 -0.380053 0.274763 109 145 0
0.642684 -0.376893 0.272413 109 145 0
0.639476 -0.372799 0.270314 109 145 0
0.637852 -0.367784 0.268613 109 145 0
0.639835 -0.362448 0.268698 109 145 0
0.644486 -0.35899 0.270276 109 145 0
0.649298 -0.356419 0.272102 109 145 0
0.654567 -0.356539 0.274501 109 145 0
0.659038 -0.359654 0.276853 109 145 0
0.662304 -0.363812 0.278993 109 145 0
0.663782 -0.369445 0.280361 109 145 0
0.664434 -0.374755 0.281615 109 145 0
0.662169 -0.379983 0.281133 109 145 0
0.658726 -0.384727 0.280175 109 145 0
0.654469 -0.388601 0.278514 109 145 0
0.649547 -0.390337 0.276255 109 145 0
0.644889 -0.388657 0.274151 109 145 0
0.640385 -0.386335 0.271835 109 145 0
0.638261 -0.382115 0.270745 109 145 0
0.637004 -0.376656 0.269936 109 145 0
0.639151 -0.371955 0.270877 109 145 0
0.641858 -0.36895 0.271779 109 145 0
0.644765 -0.366735 0.272855 109 145 0
0.649789 -0.366273 0.274838 109 145 0
0.654621 -0.367249 0.277056 109 145 0
0.658692 -0.369863 0.279375 109 145 0
0.662074 -0.374303 0.281406 110 144 0
0.661882 -0.380244 0.281555 110 144 0
0.661789 -0.386302 0.28184 110 144 0
0.658384 -0.39096 0.280274 110 144 0
0.653607 -0.39383 0.277958 110 144 0
0.64837 -0.394306 0.275313 110 144 0
0.643418 -0.39193 0.272871 110 144 0
0.639768 -0.387996 0.271009 110 144 0
0.637217 -0.382679 0.269657 110 144 0
0.638039 -0.376847 0.270006 110 144 0
0.640498 -0.371429 0.27118 110 144 0
0.644909 -0.368295 0.27325 110 144 0
0.649626 -0.366273 0.27512 110 144 0
0.653729 -0.366316 0.276405 110 144 0
0.658208 -0.368106 0.278441 110 144 0
0.661297 -0.371898 0.280111 110 144 0
0.662583 -0.376099 0.281031 110 144 0
0.66259 -0.379939 0.28137 110 144 0
0.660595 -0.384802 0.28096 110 144 0
0.657171 -0.388045 0.279751 110 144 0
0.652385 -0.389821 0.277788 110 144 0
0.647277 -0.390179 0.275363 110 144 0
0.643922 -0.387627 0.273762 110 144 0
0.640342 -0.384879 0.271898 110 144 0
0.63808 -0.379795 0.270498 110 144 0
0.637202 -0.374359 0.269601 110 144 0
0.637883 -0.368554 0.269014 110 144 0
0.640747 -0.363852 0.269446 110 144 0
0.644641 -0.35938 0.270304 110 144 0
0.649277 -0.356409 0.271697 110 144 0
0.654814 -0.355984 0.273843 110 144 0
0.659615 -0.357938 0.276202 110 144 0
0.663391 -0.361362 0.278739 110 144 0
0.664246 -0.366803 0.280041 110 144 0
0.663382 -0.372123 0.280885 110 144 0
0.659312 -0.376428 0.280005 110 144 0
0.654439 -0.378717 0.278352 110 144 0
0.649923 -0.380321 0.276399 110 144 0
0.645371 -0.377357 0.274003 110 144 0
0.641591 -0.373603 0.271457 110 144 0
0.639563 -0.368408 0.269477 110 144 0
0.638121 -0.363338 0.267351 110 144 0
0.640744 -0.35872 0.26722 110 144 0
0.642683 -0.353587 0.266777 110 144 0
0.646886 -0.349453 0.267234 110 144 0
0.651457 -0.346348 0.268359 110 144 0
0.656971 -0.34619 0.270501 110 144 0
0.661904 -0.347432 0.273082 110 144 0
0.665199 -0.351794 0.275468 110 144 0
0.665995 -0.357182 0.277531 110 144 0
0.664847 -0.362957 0.278638 110 144 0
0.661333 -0.367567 0.278209 110 144 0
0.65607 -0.369239 0.276785 110 144 0
0.651281 -0.369333 0.274572 110 144 0
0.646631 -0.367465 0.271795 110 144 0
0.643197 -0.363492 0.269046 110 144 0
0.641327 -0.358378 0.266573 110 144 0
0.641748 -0.352657 0.264931 110 144 0
0.642858 -0.346948 0.263494 110 144 0
0.645733 -0.341751 0.263534 110 144 0
0.650243 -0.337897 0.264254 110 144 0
0.655453 -0.336744 0.265733 110 144 0
0.660945 -0.336984 0.2681 110 144 0
0.665705 -0.338857 0.2709 110 144 0
0.668584 -0.343411 0.273489 110 144 0
0.668066 -0.348825 0.274689 110 144 0
0.665894 -0.354179 0.27522 110 144 0
0.662253 -0.358221 0.274473 110 144 0
0.656764 -0.358818 0.272422 110 144 0
0.651382 -0.358515 0.269814 110 144 0
0.646999 -0.355672 0.266972 110 144 0
0.643916 -0.351279 0.264461 110 144 0
0.642685 -0.345844 0.262415 110 144 0
0.644559 -0.34038 0.261811 110 144 0
0.645602 -0.334576 0.260936 110 144 0
0.649384 -0.329983 0.261178 110 144 0
0.654097 -0.326693 0.26251 110 144 0
0.659427 -0.325172 0.26471 110 144 0
0.664415 -0.327037 0.267074 110 144 0
0.66825 -0.330936 0.269446 110 144 0
0.670989 -0.33545 0.271858 110 144 0
0.6695 -0.341055 0.272108 110 144 0
0.66644 -0.346162 0.271511 110 144 0
0.661923 -0.34903 0.26983 110 144 0
0.656632 -0.348527 0.267274 110 144 0
0.651602 -0.346887 0.264676 110 144 0
0.647718 -0.343169 0.262306 110 144 0
0.646066 -0.337683 0.260734 110 144 0
0.645041 -0.331954 0.259314 110 144 0
0.646997 -0.326777 0.259355 110 144 0
0.650449 -0.321937 0.25981 110 144 0
0.653856 -0.317702 0.260581 110 144 0
0.659269 -0.316644 0.262831 110 144 0
0.66468 -0.316043 0.265332 110 144 0
0.669082 -0.319094 0.2677 110 144 0
0.671266 -0.324442 0.26917 110 144 0
0.671631 -0.329847 0.269967 110 144 0
0.668424 -0.334748 0.268737 110 144 0
0.664213 -0.338361 0.267034 110 144 0
0.65904 -0.339133 0.264776 110 144 0
0.654034 -0.336999 0.262273 110 144 0
0.650465 -0.332845 0.2602 110 144 0
0.648064 -0.32769 0.258375 110 144 0
0.646418 -0.322191 0.25678 110 144 0
0.647642 -0.316562 0.256416 111 143 0
0.651357 -0.312114 0.257612 111 143 0
0.655491 -0.308049 0.259059 111 143 0
0.660298 -0.305448 0.260993 111 143 0
0.66571 -0.304771 0.263434 111 143 0
0.66908 -0.30923 0.265003 111 143 0
0.672457 -0.313161 0.266993 111 143 0
0.67281 -0.319049 0.267597 111 143 0
0.671423 -0.32438 0.267732 111 143 0
0.667253 -0.328387 0.266209 111 143 0
0.661829 -0.328232 0.263704 111 143 0
0.656726 -0.327742 0.26106 111 143 0
0.652491 -0.324377 0.258653 111 143 0
0.649749 -0.319441 0.256834 111 143 0
0.647807 -0.314036 0.255139 111 143 0
0.648281 -0.308136 0.254593 111 143 0
0.650192 -0.302478 0.254842 111 143 0
0.654428 -0.298491 0.256244 111 143 0
0.659317 -0.295501 0.257928 111 143 0
0.664707 -0.294778 0.260085 111 143 0
0.669817 -0.296396 0.262643 111 143 0
0.673048 -0.300868 0.264549 111 143 0
0.674493 -0.306331 0.265847 111 143 0
0.673466 -0.312213 0.266148 111 143 0
0.669888 -0.316834 0.265114 111 143 0
0.664977 -0.318771 0.26301 111 143 0
0.659563 -0.318612 0.260479 111 143 0
0.65462 -0.316534 0.257921 111 143 0
0.651415 -0.311937 0.255931 111 143 0
0.649313 -0.30663 0.254191 111 143 0
0.649198 -0.30081 0.25326 111 143 0
0.650904 -0.295152 0.253142 111 143 0
0.654868 -0.290935 0.254255 111 143 0
0.658502 -0.28675 0.255073 111 143 0
0.663838 -0.285676 0.257304 111 143 0
0.668775 -0.285249 0.259453 111 143 0
0.67317 -0.288473 0.261672 111 143 0
0.675894 -0.293284 0.263453 111 143 0
0.675797 -0.29923 0.264132 111 143 0
0.673504 -0.304612 0.263722 111 143 0
0.668554 -0.307493 0.262006 111 143 0
0.663281 -0.308281 0.259848 111 143 0
0.658395 -0.306585 0.257447 111 143 0
0.653988 -0.303479 0.254925 111 143 0
0.651648 -0.298589 0.25328 111 143 0
0.650359 -0.292923 0.251834 111 143 0
0.651415 -0.287108 0.251385 111 143 0
0.654491 -0.282182 0.251941 111 143 0
0.658558 -0.277986 0.253214 111 143 0
0.663274 -0.275038 0.254868 111 143 0
0.668714 -0.27533 0.257021 111 143 0
0.673679 -0.277614 0.259434 111 143 0
0.676393 -0.28242 0.260973 111 143 0
0.677082 -0.287062 0.262068 111 143 0
0.67606 -0.292672 0.262418 111 143 0
0.67219 -0.297087 0.261318 111 143 0
0.667178 -0.297897 0.259206 111 143 0
0.661937 -0.297671 0.256812 111 143 0
0.657229 -0.294913 0.254395 111 143 0
0.653818 -0.290702 0.252441 111 143 0
0.652798 -0.284994 0.251374 111 143 0
0.653543 -0.279099 0.2507 111 143 0
0.654343 -0.273295 0.250018 111 143 0
0.658038 -0.268944 0.250867 111 143 0
0.662371 -0.265154 0.252479 111 143 0
0.667623 -0.263889 0.254654 111 143 0
0.67276 -0.265498 0.256897 111 143 0
0.676377 -0.26971 0.258619 111 143 0
0.678811 -0.274916 0.260224 111 143 0
0.678162 -0.280419 0.260508 111 143 0
0.675268 -0.285118 0.259979 111 143 0
0.670381 -0.287891 0.25835 111 143 0
0.665026 -0.288668 0.255981 111 143 0
0.66038 -0.285933 0.253751 111 143 0
0.655888 -0.28283 0.251334 111 143 0
0.654044 -0.277498 0.250164 111 143 0
0.653906 -0.271573 0.249439 111 143 0
0.655104 -0.265768 0.249239 111 143 0
0.658051 -0.26066 0.249686 111 143 0
0.661828 -0.256856 0.250537 111 143 0
0.66672 -0.254275 0.252145 111 143 0
0.672266 -0.254616 0.254383 111 143 0
0.676987 -0.257353 0.256502 111 143 0
0.679814 -0.26236 0.258017 111 143 0
0.679928 -0.268052 0.258681 111 143 0
0.678159 -0.273537 0.258868 111 143 0
0.673786 -0.277389 0.257616 111 143 0
0.668487 -0.278037 0.255769 111 143 0
0.663119 -0.2771 0.253522 111 143 0
0.65851 -0.274111 0.251253 111 143 0
0.65562 -0.269214 0.249625 111 143 0
0.653566 -0.263816 0.248145 111 143 0
0.654486 -0.258125 0.247897 111 143 0
0.656593 -0.252897 0.247768 111 143 0
0.660655 -0.249017 0.248544 111 143 0
0.664901 -0.244892 0.249274 111 143 0
0.670457 -0.244454 0.251072 111 143 0
0.675516 -0.245329 0.252661 111 143 0
0.679458 -0.248571 0.254294 111 143 0
0.681239 -0.253688 0.255542 111 143 0
0.681594 -0.258827 0.256977 111 143 0
0.679282 -0.264168 0.257055 111 143 0
0.674825 -0.266785 0.256538 111 143 0
0.669831 -0.268616 0.254813 112 142 0
0.664861 -0.266883 0.253122 112 142 0
0.660505 -0.264578 0.251222 112 142 0
0.657313 -0.26155 0.249595 112 142 0
0.655816 -0.257003 0.248534 112 142 0
0.655305 -0.253553 0.247891 112 142 0
0.654872 -0.248475 0.246568 112 142 0
0.657024 -0.243576 0.246327 112 142 0
0.659896 -0.239955 0.246702 112 142 0
0.662743 -0.237332 0.247039 112 142 0
0.666314 -0.234595 0.247538 112 142 0
0.671197 -0.23401 0.249089 112 142 0
0.668599 -0.235497 0.248311 112 142 0
0.663991 -0.23776 0.247254 112 142 0
0.659345 -0.239882 0.246078 112 142 0
0.654651 -0.241793 0.244749 112 142 0
0.649961 -0.24365 0.243322 112 142 0
0.64527 -0.24542 0.241798 112 142 0
0.644954 -0.245274 0.242735 112 142 0
0.585246 -0.247509 0.217447 112 142 0
0.585717 -0.24761 0.21657 112 142 0
0.585717 -0.24761 0.21657 112 142 0
0.584934 -0.25529 0.217778 112 142 0
0.584971 -0.260331 0.218689 112 142 0
0.58475 -0.265383 0.219516 112 142 0
0.584599 -0.270448 0.220272 112 142 0
0.584574 -0.275527 0.220941 112 142 0
0.584453 -0.280619 0.221472 112 142 0
0.584173 -0.285716 0.221909 112 142 0
0.583921 -0.290818 0.22231 112 142 0
0.58373 -0.295929 0.22262 112 142 0
0.583552 -0.301041 0.222894 112 142 0
0.581845 -0.310816 0.223747 112 142 0
0.580919 -0.315822 0.22426 112 142 0
0.579983 -0.320841 0.224727 112 142 0
0.579146 -0.325871 0.22525 112 142 0
0.578031 -0.330853 0.225724 112 142 0
0.577105 -0.335853 0.22637 112 142 0
0.576196 -0.340858 0.227003 112 142 0
0.575125 -0.34585 0.227463 112 142 0
0.573998 -0.350829 0.227938 112 142 0
0.57311 -0.355842 0.228533 112 142 0
0.572226 -0.36086 0.229103 112 142 0
0.571109 -0.365833 0.229639 112 142 0
0.57022 -0.370843 0.230224 112 142 0
0.571437 -0.363065 0.229474 112 142 0
0.572708 -0.358487 0.229052 112 142 0
0.573687 -0.35385 0.228469 112 142 0
0.574696 -0.349215 0.22793 112 142 0
0.575844 -0.344603 0.227483 112 142 0
0.576754 -0.339943 0.226973 112 142 0
0.577681 -0.335279 0.226539 112 142 0
0.578604 -0.330622 0.226031 112 142 0
0.579533 -0.325966 0.22552 112 142 0
0.580509 -0.321312 0.225097 112 142 0
0.581421 -0.316646 0.224755 112 142 0
0.581918 -0.308617 0.223236 112 142 0
0.582327 -0.303773 0.222817 112 142 0
0.5825 -0.298904 0.222438 112 142 0
0.582728 -0.29404 0.222021 112 142 0
0.582845 -0.289168 0.22164 112 142 0
0.582995 -0.2843 0.221221 112 142 0
0.583163 -0.279437 0.220748 112 142 0
0.58335 -0.274577 0.220264 112 142 0
0.583428 -0.269731 0.21963 112 142 0
0.583743 -0.264898 0.218987 112 142 0
0.583888 -0.260089 0.218175 112 142 0
0.584374 -0.255271 0.217514 112 142 0
0.585228 -0.232458 0.215797 112 142 0
0.58876 -0.23445 0.217687 112 142 0
0.592288 -0.236466 0.219553 112 142 0
0.595646 -0.240625 0.221712 112 142 0
0.596779 -0.246018 0.222819 112 142 0
0.594872 -0.251438 0.222513 112 142 0
0.591751 -0.256362 0.22137 112 142 0
0.587735 -0.26035 0.21963 112 142 0
0.583122 -0.262923 0.217064 112 142 0
0.578318 -0.261329 0.214142 112 142 0
0.573548 -0.260264 0.211056 112 142 0
0.569915 -0.256126 0.208572 112 142 0
0.567575 -0.251051 0.206631 112 142 0
0.567739 -0.24505 0.206161 112 142 0
0.568986 -0.239212 0.206455 112 142 0
0.573075 -0.235759 0.208571 112 142 0
0.577706 -0.232969 0.211225 112 142 0
0.582108 -0.235009 0.214027 112 142 0
0.585962 -0.238251 0.216739 112 142 0
0.587956 -0.243673 0.218449 112 142 0
0.587756 -0.249594 0.218795 112 142 0
0.586047 -0.255297 0.217995 112 142 0
0.582355 -0.259234 0.215965 112 142 0
0.577543 -0.261659 0.213241 112 142 0
0.572553 -0.263003 0.210384 112 142 0
0.567968 -0.260862 0.207714 112 142 0
0.563891 -0.257212 0.205153 112 142 0
0.560224 -0.253572 0.202602 112 142 0
0.559296 -0.2477 0.201639 112 142 0
0.560414 -0.241875 0.201731 112 142 0
0.562582 -0.236407 0.202701 112 142 0
0.567648 -0.234906 0.20553 112 142 0
0.572872 -0.234898 0.208564 112 142 0
0.577369 -0.237433 0.21152 112 142 0
0.579949 -0.242423 0.213399 112 142 0
0.57988 -0.248412 0.213823 112 142 0
0.57864 -0.254231 0.213429 113 141 0
0.575101 -0.258639 0.211609 113 141 0
0.57042 -0.261193 0.209109 113 141 0
0.565475 -0.263137 0.206457 113 141 0
0.560753 -0.260656 0.203706 113 141 0
0.556155 -0.259197 0.200806 113 141 0
0.553307 -0.254245 0.198845 113 141 0
0.552198 -0.248636 0.197913 113 141 0
0.552411 -0.242622 0.19767 113 141 0
0.554678 -0.237934 0.198566 113 141 0
0.557514 -0.235006 0.199826 113 141 0
0.562566 -0.234885 0.202284 113 141 0
0.567459 -0.235624 0.204837 113 141 0
0.570883 -0.238097 0.206901 113 141 0
0.573094 -0.242314 0.208496 113 141 0
0.574199 -0.247678 0.209799 113 141 0
0.57428 -0.253415 0.210745 113 141 0
0.572294 -0.258744 0.210399 113 141 0
0.569537 -0.263604 0.20932 113 141 0
0.564903 -0.266298 0.206841 113 141 0
0.560556 -0.268684 0.204335 113 141 0
0.555654 -0.267436 0.201348 113 141 0
0.551511 -0.264638 0.19868 113 141 0
0.549537 -0.259667 0.197191 113 141 0
0.547956 -0.254345 0.195928 113 141 0
0.550154 -0.249049 0.196709 113 141 0
0.554381 -0.245576 0.198822 113 141 0
0.559064 -0.244456 0.201284 113 141 0
0.56417 -0.244501 0.204367 113 141 0
0.568264 -0.247545 0.207105 113 141 0
0.570708 -0.252545 0.209186 113 141 0
0.572428 -0.257944 0.210717 113 141 0
0.572137 -0.263888 0.211166 113 141 0
0.569564 -0.268744 0.210319 113 141 0
0.566247 -0.273372 0.208869 113 141 0
0.562216 -0.277154 0.206764 113 141 0
0.557298 -0.278773 0.203844 113 141 0
0.55257 -0.277707 0.200832 113 141 0
0.549034 -0.273643 0.198357 113 141 0
0.547295 -0.268233 0.196916 113 141 0
0.547642 -0.262343 0.196541 113 141 0
0.55115 -0.25784 0.198215 113 141 0
0.555219 -0.25455 0.200578 113 141 0
0.560232 -0.254695 0.203813 113 141 0
0.564905 -0.255874 0.206996 113 141 0
0.56741 -0.260484 0.209001 113 141 0
0.569472 -0.265822 0.210655 113 141 0
0.571321 -0.271114 0.212109 113 141 0
0.569321 -0.276671 0.211246 113 141 0
0.567857 -0.282049 0.210816 113 141 0
0.563661 -0.285525 0.208637 113 141 0
0.558816 -0.28764 0.205876 113 141 0
0.553831 -0.288321 0.202797 113 141 0
0.549643 -0.285697 0.199767 113 141 0
0.547121 -0.280752 0.197705 113 141 0
0.54604 -0.275259 0.196621 113 141 0
0.548016 -0.269801 0.197616 113 141 0
0.552133 -0.266656 0.200147 113 141 0
0.556841 -0.264876 0.203239 113 141 0
0.561787 -0.265289 0.206469 113 141 0
0.56576 -0.268259 0.209201 113 141 0
0.568392 -0.273209 0.211235 113 141 0
0.56885 -0.278951 0.211915 113 141 0
0.568723 -0.284911 0.212197 113 141 0
0.566724 -0.290362 0.21134 113 141 0
0.563117 -0.294672 0.209429 113 141 0
0.558907 -0.297883 0.206866 113 141 0
0.554097 -0.298574 0.203799 113 141 0
0.549743 -0.296051 0.200817 113 141 0
0.545935 -0.293115 0.198226 113 141 0
0.545258 -0.287329 0.197345 113 141 0
0.545577 -0.281454 0.197316 113 141 0
0.549012 -0.27746 0.199419 113 141 0
0.553198 -0.274245 0.202159 113 141 0
0.557922 -0.274639 0.205303 113 141 0
0.561941 -0.277769 0.208141 113 141 0
0.565584 -0.281319 0.210695 113 141 0
0.568398 -0.286124 0.212779 113 141 0
0.568189 -0.292084 0.213014 113 141 0
0.56753 -0.297812 0.212853 113 141 0
0.564577 -0.302721 0.211189 113 141 0
0.560733 -0.306137 0.208807 113 141 0
0.556181 -0.308442 0.205793 113 141 0
0.551223 -0.308713 0.202484 113 141 0
0.54719 -0.305962 0.199529 113 141 0
0.544976 -0.301597 0.197749 113 141 0
0.543123 -0.296243 0.196342 113 141 0
0.545227 -0.291514 0.19735 113 141 0
0.548328 -0.287735 0.199277 113 141 0
0.552092 -0.284537 0.201866 113 141 0
0.556815 -0.285412 0.20505 113 141 0
0.56086 -0.288227 0.208044 113 141 0
0.564396 -0.290999 0.210638 113 141 0
0.565933 -0.296384 0.212368 113 141 0
0.565593 -0.302317 0.212903 113 141 0
0.565325 -0.308269 0.213246 113 141 0
0.563243 -0.313604 0.21214 113 141 0
0.558888 -0.316244 0.209425 113 141 0
0.555168 -0.318665 0.206598 113 141 0
0.55046 -0.317993 0.203018 113 141 0
0.546286 -0.316914 0.199401 113 141 0
0.543342 -0.31327 0.196741 113 141 0
0.543511 -0.307466 0.196391 113 141 0
0.543853 -0.302143 0.196539 113 141 0
0.546554 -0.298652 0.198234 114 140 0
0.550543 -0.296262 0.200904 114 140 0
0.555007 -0.296017 0.204189 114 140 0
0.559031 -0.29655 0.207757 114 140 0
0.56111 -0.299754 0.209585 114 140 0
0.563775 -0.302437 0.211665 114 140 0
0.565339 -0.307005 0.213275 114 140 0
0.564741 -0.312875 0.214311 114 140 0
0.564226 -0.318737 0.214498 114 140 0
0.561553 -0.323637 0.213192 114 140 0
0.557867 -0.326325 0.210594 114 140 0
0.554654 -0.328653 0.20721 114 140 0
0.550264 -0.328449 0.203212 114 140 0
0.546174 -0.326972 0.199639 114 140 0
0.542988 -0.32276 0.196826 114 140 0
0.543065 -0.316863 0.196359 114 140 0
0.544755 -0.311236 0.197546 114 140 0
0.547927 -0.306839 0.199973 114 140 0
0.552549 -0.306332 0.203632 114 140 0
0.557075 -0.306792 0.207521 114 140 0
0.561174 -0.309112 0.21094 114 140 0
0.563269 -0.314154 0.213289 114 140 0
0.564378 -0.319702 0.214905 114 140 0
0.563948 -0.325659 0.215415 114 140 0
0.562298 -0.331345 0.214588 114 140 0
0.559707 -0.336269 0.212679 114 140 0
0.555491 -0.338931 0.209407 114 140 0
0.551113 -0.340298 0.205804 114 140 0
0.546634 -0.338777 0.202219 114 140 0
0.543282 -0.335219 0.198902 114 140 0
0.542099 -0.329996 0.197369 114 140 0
0.542512 -0.324025 0.197293 114 140 0
0.545258 -0.319667 0.199341 114 140 0
0.549222 -0.316666 0.202619 114 140 0
0.553791 -0.316153 0.206354 114 140 0
0.558 -0.317628 0.209909 114 140 0
0.561033 -0.321701 0.213077 114 140 0
0.563354 -0.326666 0.215447 114 140 0
0.563554 -0.33248 0.216408 114 140 0
0.562725 -0.338347 0.21631 114 140 0
0.559978 -0.343184 0.214548 114 140 0
0.557144 -0.347942 0.21236 114 140 0
0.552879 -0.3504 0.209171 114 140 0
0.548308 -0.350033 0.205434 114 140 0
0.544248 -0.347529 0.20204 114 140 0
0.541604 -0.342929 0.19933 114 140 0
0.541803 -0.337026 0.19862 114 140 0
0.543543 -0.33164 0.199447 114 140 0
0.547418 -0.328103 0.20222 114 140 0
0.551348 -0.326596 0.20556 114 140 0
0.555615 -0.328352 0.209261 114 140 0
0.559455 -0.330986 0.21301 114 140 0
0.562292 -0.335257 0.215936 114 140 0
0.562856 -0.340936 0.217397 114 140 0
0.561964 -0.34681 0.217535 114 140 0
0.560283 -0.352502 0.216742 114 140 0
0.556834 -0.356537 0.214505 114 140 0
0.553306 -0.360451 0.211837 114 140 0
0.548574 -0.360444 0.208161 114 140 0
0.544387 -0.359147 0.204577 114 140 0
0.540989 -0.355247 0.201563 114 140 0
0.540876 -0.349602 0.2006 114 140 0
0.54215 -0.344018 0.200965 114 140 0
0.545037 -0.339141 0.202885 114 140 0
0.549572 -0.33784 0.206252 114 140 0
0.553725 -0.33714 0.209859 114 140 0
0.557385 -0.340264 0.213434 114 140 0
0.560684 -0.344015 0.216717 114 140 0
0.562062 -0.349384 0.218755 114 140 0
0.561613 -0.355311 0.219437 114 140 0
0.560322 -0.360976 0.219042 114 140 0
0.557551 -0.365919 0.217303 114 140 0
0.553758 -0.369687 0.214612 114 140 0
0.549346 -0.370654 0.211245 114 140 0
0.545022 -0.369848 0.207441 114 140 0
0.541701 -0.366359 0.203875 114 140 0
0.540012 -0.361185 0.201911 114 140 0
0.540211 -0.35521 0.201538 114 140 0
0.542785 -0.350271 0.2032 114 140 0
0.547274 -0.348549 0.206597 114 140 0
0.551777 -0.348273 0.21052 114 140 0
0.555998 -0.34958 0.214436 114 140 0
0.558775 -0.353635 0.217544 114 140 0
0.561215 -0.35845 0.220142 114 140 0
0.561206 -0.364237 0.221163 114 140 0
0.559673 -0.370013 0.22077 114 140 0
0.55735 -0.375313 0.219458 114 140 0
0.554186 -0.379632 0.217157 114 140 0
0.550059 -0.382443 0.213851 114 140 0
0.545662 -0.381374 0.210094 114 140 0
0.542155 -0.378478 0.20656 114 140 0
0.539421 -0.374334 0.20366 114 140 0
0.539765 -0.368557 0.202701 114 140 0
0.541516 -0.363009 0.203486 114 140 0
0.544419 -0.358714 0.205972 114 140 0
0.54888 -0.358326 0.209929 114 140 0
0.553119 -0.358752 0.214116 114 140 0
0.557146 -0.36095 0.217836 114 140 0
0.558976 -0.365963 0.220351 114 140 0
0.560642 -0.371288 0.222361 114 140 0
0.560566 -0.377196 0.222754 114 140 0
0.558642 -0.382321 0.221529 114 140 0
0.555612 -0.386833 0.219052 114 140 0
0.552382 -0.390773 0.216243 115 139 0
0.548621 -0.392119 0.212666 115 139 0
0.544887 -0.390995 0.20875 115 139 0
0.541997 -0.388069 0.206051 115 139 0
0.538995 -0.384363 0.203197 115 139 0
0.539291 -0.378566 0.202811 115 139 0
0.540447 -0.374205 0.203551 115 139 0
0.543419 -0.370093 0.206095 115 139 0
0.546842 -0.368635 0.209615 115 139 0
0.549779 -0.368196 0.213463 115 139 0
0.553187 -0.369747 0.21728 115 139 0
0.557178 -0.371927 0.220329 115 139 0
0.559096 -0.377237 0.221583 115 139 0
0.56057 -0.382703 0.222276 115 139 0
0.559265 -0.388067 0.220988 115 139 0
0.556929 -0.392712 0.218821 115 139 0
0.552924 -0.395545 0.215661 115 139 0
0.548609 -0.396714 0.212057 115 139 0
0.543964 -0.396166 0.208578 115 139 0
0.540634 -0.392633 0.205742 115 139 0
0.538703 -0.387678 0.203883 115 139 0
0.538577 -0.381865 0.203458 115 139 0
0.539681 -0.376242 0.204086 115 139 0
0.542407 -0.371777 0.206132 115 139 0
0.546549 -0.369487 0.209295 115 139 0
0.550135 -0.368196 0.212846 115 139 0
0.553505 -0.368578 0.217132 115 139 0
0.556531 -0.370565 0.219777 115 139 0
0.558505 -0.37377 0.221562 115 139 0
0.560399 -0.377417 0.223493 115 139 0
0.56024 -0.383141 0.223722 115 139 0
0.558324 -0.386891 0.222187 115 139 0
0.555588 -0.390445 0.219283 115 139 0
0.552009 -0.391919 0.215799 115 139 0
0.548029 -0.392097 0.211879 115 139 0
0.544323 -0.388924 0.20858 115 139 0
0.541501 -0.385482 0.205489 115 139 0
0.540177 -0.380265 0.203682 115 139 0
0.539003 -0.374632 0.202237 115 139 0
0.540955 -0.369344 0.202979 115 139 0
0.542574 -0.364045 0.20414 115 139 0
0.546041 -0.360833 0.207096 115 139 0
0.549512 -0.35831 0.210794 115 139 0
0.553782 -0.357794 0.214788 115 139 0
0.557421 -0.35989 0.218631 115 139 0
0.560634 -0.363748 0.221706 115 139 0
0.561006 -0.368987 0.222554 115 139 0
0.560667 -0.374805 0.222656 115 139 0
0.556881 -0.378671 0.220163 115 139 0
0.552569 -0.380698 0.216757 115 139 0
0.548785 -0.38205 0.213239 115 139 0
0.545617 -0.378688 0.209572 115 139 0
0.542744 -0.37537 0.206393 115 139 0
0.540792 -0.370389 0.203771 115 139 0
0.539823 -0.365263 0.202078 115 139 0
0.54174 -0.359619 0.202364 115 139 0
0.544053 -0.354257 0.203739 115 139 0
0.547084 -0.349855 0.206347 115 139 0
0.551131 -0.347024 0.209768 115 139 0
0.554718 -0.348624 0.213146 115 139 0
0.558848 -0.349272 0.21715 115 139 0
0.561353 -0.353568 0.219979 115 139 0
0.562758 -0.35873 0.221856 115 139 0
0.561164 -0.36439 0.221351 115 139 0
0.557326 -0.36818 0.218816 115 139 0
0.553381 -0.37078 0.215332 115 139 0
0.548907 -0.370628 0.211348 115 139 0
0.54535 -0.368189 0.207407 115 139 0
0.542889 -0.363995 0.204206 115 139 0
0.541259 -0.358709 0.20193 115 139 0
0.540737 -0.353091 0.200797 115 139 0
0.542877 -0.347754 0.201393 115 139 0
0.54552 -0.342666 0.203136 115 139 0
0.548896 -0.338436 0.205663 115 139 0
0.553229 -0.336422 0.209121 115 139 0
0.557557 -0.337801 0.213046 115 139 0
0.561426 -0.340695 0.216561 115 139 0
0.563586 -0.345369 0.219445 115 139 0
0.563754 -0.351158 0.220416 115 139 0
0.561111 -0.356113 0.219037 115 139 0
0.55731 -0.359465 0.216068 115 139 0
0.552892 -0.360448 0.212236 115 139 0
0.548439 -0.359799 0.208361 115 139 0
0.545213 -0.356522 0.20507 115 139 0
0.543108 -0.351543 0.202478 115 139 0
0.543048 -0.345804 0.201296 115 139 0
0.543373 -0.339822 0.200777 115 139 0
0.545083 -0.334341 0.201496 115 139 0
0.548781 -0.330529 0.203929 115 139 0
0.552919 -0.327272 0.206832 115 139 0
0.557265 -0.327498 0.210579 115 139 0
0.561325 -0.328752 0.214473 115 139 0
0.563883 -0.333533 0.217054 115 139 0
0.564907 -0.339047 0.218557 115 139 0
0.564285 -0.344728 0.218505 115 139 0
0.560769 -0.348584 0.216008 115 139 0
0.556627 -0.350662 0.212735 115 139 0
0.551933 -0.350323 0.209075 115 139 0
0.548262 -0.347247 0.205499 115 139 0
0.544978 -0.343296 0.202397 115 139 0
0.543674 -0.337844 0.200732 115 139 0
0.543924 -0.331893 0.200093 115 139 0
0.544184 -0.326125 0.199919 115 139 0
0.547996 -0.322117 0.202247 115 139 0
0.552056 -0.319022 0.205207 116 138 0
0.556479 -0.316686 0.208543 116 138 0
0.560963 -0.317314 0.212313 116 138 0
0.564341 -0.320756 0.21533 116 138 0
0.565726 -0.326237 0.217087 116 138 0
0.56602 -0.33211 0.217602 116 138 0
0.563095 -0.336101 0.215665 116 138 0
0.559197 -0.339579 0.212765 116 138 0
0.554683 -0.340494 0.209016 116 138 0
0.550481 -0.338363 0.205506 116 138 0
0.546737 -0.334767 0.202484 116 138 0
0.545256 -0.329243 0.200909 116 138 0
0.543988 -0.323678 0.199333 116 138 0
0.544479 -0.317746 0.199155 116 138 0
0.547289 -0.312803 0.200559 116 138 0
0.551348 -0.309271 0.203126 116 138 0
0.555842 -0.307054 0.206441 116 138 0
0.560626 -0.306613 0.210014 116 138 0
0.564349 -0.309484 0.213253 116 138 0
0.566735 -0.314524 0.215482 116 138 0
0.566779 -0.320307 0.215767 116 138 0
0.564637 -0.325742 0.214363 116 138 0
0.560664 -0.329239 0.211591 116 138 0
0.556199 -0.329757 0.208518 116 138 0
0.551561 -0.328342 0.205107 116 138 0
0.547812 -0.325257 0.202064 116 138 0
0.545459 -0.320205 0.199899 116 138 0
0.544523 -0.31437 0.198799 116 138 0
0.544854 -0.308482 0.198588 116 138 0
0.547856 -0.303562 0.200257 116 138 0
0.551593 -0.299524 0.202662 116 138 0
0.556032 -0.296907 0.205641 116 138 0
0.560962 -0.296346 0.208968 116 138 0
0.565196 -0.298979 0.212182 116 138 0
0.567532 -0.302767 0.214247 116 138 0
0.569113 -0.308196 0.215616 116 138 0
0.566834 -0.313302 0.214416 116 138 0
0.563732 -0.317701 0.212348 116 138 0
0.559132 -0.320025 0.209264 116 138 0
0.554353 -0.318793 0.206034 116 138 0
0.54993 -0.316203 0.202912 116 138 0
0.546544 -0.312311 0.200362 116 138 0
0.545086 -0.306698 0.198888 116 138 0
0.54612 -0.30117 0.198866 116 138 0
0.546257 -0.295203 0.198726 116 138 0
0.550184 -0.291562 0.200959 116 138 0
0.554088 -0.287905 0.203487 116 138 0
0.558665 -0.285583 0.206578 116 138 0
0.563353 -0.286152 0.209761 116 138 0
0.566927 -0.290041 0.21231 116 138 0
0.569336 -0.295261 0.214071 116 138 0
0.569592 -0.300928 0.21449 116 138 0
0.566597 -0.305472 0.212724 116 138 0
0.561932 -0.307818 0.209744 116 138 0
0.556997 -0.308422 0.206441 116 138 0
0.552398 -0.30704 0.203214 116 138 0
0.548958 -0.302881 0.200712 116 138 0
0.546264 -0.298054 0.198683 116 138 0
0.546457 -0.292052 0.198388 116 138 0
0.54761 -0.286379 0.198825 116 138 0
0.550288 -0.281218 0.200354 116 138 0
0.553353 -0.27645 0.202335 116 138 0
0.558336 -0.276097 0.2056 116 138 0
0.563144 -0.276669 0.208831 116 138 0
0.567402 -0.279387 0.211907 116 138 0
0.570319 -0.284135 0.214103 116 138 0
0.56945 -0.289878 0.213894 116 138 0
0.568042 -0.2954 0.213133 116 138 0
0.563969 -0.298671 0.210553 116 138 0
0.558979 -0.29888 0.207209 116 138 0
0.554179 -0.29783 0.203904 116 138 0
0.550103 -0.294502 0.201028 116 138 0
0.547204 -0.289878 0.198793 116 138 0
0.546711 -0.284106 0.197822 116 138 0
0.547273 -0.278182 0.1977 116 138 0
0.549951 -0.272956 0.198898 116 138 0
0.553527 -0.268559 0.200853 116 138 0
0.557897 -0.265586 0.203605 116 138 0
0.562829 -0.264797 0.206804 116 138 0
0.567309 -0.267104 0.20994 116 138 0
0.57115 -0.270634 0.212809 116 138 0
0.570843 -0.276623 0.213244 116 138 0
0.569715 -0.282332 0.213059 116 138 0
0.566096 -0.286483 0.210983 116 138 0
0.561641 -0.288314 0.208197 116 138 0
0.556771 -0.287976 0.204873 116 138 0
0.552614 -0.28495 0.201769 116 138 0
0.549901 -0.280249 0.199416 116 138 0
0.547571 -0.275047 0.197572 116 138 0
0.548068 -0.269374 0.197307 116 138 0
0.549553 -0.263729 0.197727 116 138 0
0.552675 -0.259126 0.199045 116 138 0
0.557161 -0.256756 0.20133 116 138 0
0.561872 -0.254705 0.204092 116 138 0
0.566659 -0.255602 0.207228 116 138 0
0.570634 -0.259007 0.210155 116 138 0
0.57228 -0.264039 0.212062 116 138 0
0.571386 -0.269268 0.212347 116 138 0
0.569255 -0.27433 0.211569 116 138 0
0.564951 -0.277216 0.209204 116 138 0
0.560111 -0.278613 0.206132 116 138 0
0.555934 -0.276645 0.20315 116 138 0
0.552151 -0.273023 0.200349 116 138 0
0.549328 -0.268572 0.198121 117 137 0
0.548662 -0.262819 0.19723 117 137 0
0.54975 -0.25842 0.197399 117 137 0
0.549983 -0.252425 0.197019 117 137 0
0.554508 -0.249379 0.199132 117 137 0
0.558606 -0.245727 0.20092 117 137 0
0.563736 -0.244486 0.203446 117 137 0
0.568646 -0.245458 0.20626 117 137 0
0.571334 -0.248672 0.208276 117 137 0
0.573615 -0.253473 0.210342 117 137 0
0.573422 -0.259036 0.211238 117 137 0
0.570011 -0.263465 0.210072 117 137 0
0.566121 -0.266253 0.208028 117 137 0
0.562925 -0.268644 0.206025 117 137 0
0.558092 -0.267732 0.202833 117 137 0
0.554132 -0.264308 0.200218 117 137 0
0.551783 -0.260256 0.198663 117 137 0
0.549839 -0.256635 0.197329 117 137 0
0.549966 -0.250723 0.196961 117 137 0
0.5502 -0.244828 0.196593 117 137 0
0.552407 -0.241296 0.197486 117 137 0
0.553958 -0.237932 0.198187 117 137 0
0.557754 -0.236198 0.199924 117 137 0
0.562587 -0.234885 0.202248 117 137 0
0.564705 -0.235692 0.203374 117 137 0
0.568692 -0.237687 0.205659 117 137 0
0.572563 -0.239772 0.208056 117 137 0
0.576273 -0.242089 0.210495 117 137 0
0.579985 -0.244392 0.212945 117 137 0
0.583647 -0.246817 0.215342 117 137 0
0.583163 -0.246698 0.216209 117 137 0
0.641725 -0.246942 0.243144 117 137 0
0.642063 -0.247079 0.242213 117 137 0
0.641875 -0.254732 0.242159 117 137 0
0.641641 -0.259948 0.242904 117 137 0
0.641042 -0.265143 0.243612 117 137 0
0.640688 -0.270347 0.244383 117 137 0
0.640491 -0.275557 0.2452 117 137 0
0.640169 -0.280765 0.24598 117 137 0
0.639747 -0.285976 0.246698 117 137 0
0.639245 -0.291187 0.247355 117 137 0
0.638903 -0.296401 0.248059 117 137 0
0.638407 -0.3016 0.248656 117 137 0
0.637261 -0.309331 0.249858 117 137 0
0.636478 -0.314108 0.251144 117 137 0
0.635736 -0.318938 0.252239 117 137 0
0.635053 -0.323783 0.253307 117 137 0
0.634347 -0.328612 0.25443 117 137 0
0.633688 -0.333435 0.255608 117 137 0
0.632963 -0.338262 0.256728 117 137 0
0.632359 -0.3431 0.257874 117 137 0
0.631729 -0.347931 0.259036 117 137 0
0.631135 -0.352773 0.260169 117 137 0
0.630546 -0.357623 0.261271 117 137 0
0.630023 -0.362506 0.262249 117 137 0
0.629459 -0.367379 0.263255 117 137 0
0.628926 -0.372287 0.264089 117 137 0
0.629633 -0.364555 0.263172 117 137 0
0.630254 -0.359777 0.261945 117 137 0
0.630851 -0.355001 0.260701 117 137 0
0.631434 -0.35019 0.259588 117 137 0
0.632049 -0.345395 0.258427 117 137 0
0.632856 -0.340604 0.257369 117 137 0
0.633499 -0.335807 0.256227 117 137 0
0.634203 -0.331018 0.255092 117 137 0
0.634895 -0.326227 0.253954 117 137 0
0.635632 -0.321416 0.252944 117 137 0
0.636551 -0.316637 0.251924 117 137 0
0.637382 -0.308381 0.249727 117 137 0
0.637568 -0.303537 0.248962 117 137 0
0.637892 -0.298702 0.248194 117 137 0
0.638266 -0.293872 0.247413 117 137 0
0.638631 -0.289024 0.246744 117 137 0
0.639014 -0.284175 0.246094 117 137 0
0.639408 -0.279331 0.245414 117 137 0
0.639901 -0.27449 0.244775 117 137 0
0.64038 -0.269647 0.244141 117 137 0
0.640895 -0.26481 0.243494 117 137 0
0.64142 -0.259976 0.24283 117 137 0
0.641859 -0.25513 0.242202 117 137 0
0.643548 -0.232337 0.238652 117 137 0
0.648052 -0.233877 0.240776 117 137 0
0.652388 -0.23551 0.24312 117 137 0
0.655921 -0.238635 0.245543 117 137 0
0.657051 -0.244174 0.246916 117 137 0
0.656744 -0.250066 0.24779 117 137 0
0.655515 -0.255713 0.248057 117 137 0
0.651935 -0.259428 0.247166 117 137 0
0.64762 -0.26235 0.245446 117 137 0
0.642958 -0.259737 0.242976 117 137 0
0.63839 -0.257009 0.240186 117 137 0
0.636442 -0.251921 0.238544 117 137 0
0.63704 -0.245975 0.237933 117 137 0
0.638967 -0.240622 0.23809 117 137 0
0.642457 -0.235863 0.239147 117 137 0
0.647452 -0.234816 0.241206 117 137 0
0.652391 -0.232633 0.243407 117 137 0
0.657297 -0.235018 0.245926 117 137 0
0.66209 -0.237243 0.248538 117 137 0
0.664641 -0.2424 0.250221 117 137 0
0.666274 -0.247838 0.251538 117 137 0
0.666478 -0.253793 0.252299 117 137 0
0.662569 -0.257891 0.250924 117 137 0
0.658237 -0.261627 0.249149 117 137 0
0.653058 -0.262439 0.246718 118 136 0
0.648925 -0.259008 0.244483 118 136 0
0.646005 -0.254137 0.242528 118 136 0
0.644544 -0.248599 0.241122 118 136 0
0.646821 -0.243068 0.241603 118 136 0
0.649458 -0.238102 0.242196 118 136 0
0.654639 -0.235695 0.244007 118 136 0
0.660208 -0.23517 0.245948 118 136 0
0.665648 -0.234601 0.248421 118 136 0
0.670116 -0.237959 0.250564 118 136 0
0.674245 -0.241551 0.252913 118 136 0
0.675962 -0.247031 0.254192 118 136 0
0.674416 -0.252737 0.254052 118 136 0
0.673207 -0.258497 0.254293 118 136 0
0.66829 -0.2614 0.252658 118 136 0
0.662687 -0.262012 0.250968 118 136 0
0.657859 -0.25944 0.248955 118 136 0
0.654577 -0.25526 0.247107 118 136 0
0.653259 -0.24998 0.245792 118 136 0
0.655018 -0.244766 0.245717 118 136 0
0.65755 -0.239691 0.245654 118 136 0
0.661736 -0.236823 0.246785 118 136 0
0.66605 -0.234589 0.247719 118 136 0
0.671113 -0.23401 0.249233 118 136 0
0.674805 -0.236218 0.249782 118 136 0
0.678157 -0.238561 0.251345 118 136 0
0.680899 -0.242647 0.252979 118 136 0
0.683114 -0.24683 0.254844 118 136 0
0.68269 -0.252701 0.255987 118 136 0
0.680301 -0.257845 0.256185 118 136 0
0.677685 -0.262792 0.256438 118 136 0
0.673062 -0.266423 0.255358 118 136 0
0.668181 -0.268517 0.254008 118 136 0
0.662688 -0.267641 0.252037 118 136 0
0.658629 -0.263732 0.250215 118 136 0
0.655337 -0.259926 0.248099 118 136 0
0.654585 -0.254245 0.246729 118 136 0
0.657232 -0.249174 0.247112 118 136 0
0.661559 -0.245577 0.248249 118 136 0
0.667104 -0.244931 0.250134 118 136 0
0.672674 -0.245257 0.25235 118 136 0
0.677177 -0.248302 0.254694 118 136 0
0.680068 -0.25315 0.256574 118 136 0
0.681139 -0.258933 0.25771 118 136 0
0.680505 -0.264884 0.258227 118 136 0
0.678197 -0.270351 0.258073 118 136 0
0.674965 -0.275255 0.257544 118 136 0
0.669955 -0.278103 0.256154 118 136 0
0.664443 -0.278135 0.253778 118 136 0
0.659644 -0.276789 0.251527 118 136 0
0.655908 -0.272498 0.249573 118 136 0
0.654917 -0.267225 0.248688 118 136 0
0.655273 -0.261451 0.248243 118 136 0
0.659336 -0.25751 0.249553 118 136 0
0.663939 -0.25414 0.251435 118 136 0
0.669251 -0.25517 0.253806 118 136 0
0.674211 -0.257432 0.256325 118 136 0
0.676726 -0.262079 0.257712 118 136 0
0.679487 -0.267006 0.259531 118 136 0
0.679342 -0.272987 0.260149 118 136 0
0.678621 -0.278782 0.260412 118 136 0
0.675298 -0.283447 0.259465 118 136 0
0.670356 -0.286434 0.257776 118 136 0
0.665241 -0.288666 0.2556 118 136 0
0.659949 -0.287427 0.253239 118 136 0
0.655575 -0.284046 0.250965 118 136 0
0.653992 -0.278472 0.249913 118 136 0
0.654771 -0.27264 0.249889 118 136 0
0.658178 -0.267943 0.25084 118 136 0
0.663311 -0.265597 0.252927 118 136 0
0.668273 -0.266108 0.255132 118 136 0
0.672768 -0.269309 0.257525 118 136 0
0.677143 -0.272435 0.260106 118 136 0
0.678881 -0.277916 0.261537 118 136 0
0.678682 -0.283878 0.262269 118 136 0
0.67715 -0.2895 0.262285 118 136 0
0.67413 -0.294652 0.261651 118 136 0
0.669648 -0.298149 0.259955 118 136 0
0.664123 -0.298434 0.257603 118 136 0
0.658865 -0.297148 0.255276 118 136 0
0.655072 -0.293042 0.253302 118 136 0
0.652948 -0.287689 0.251731 118 136 0
0.653217 -0.281809 0.251123 118 136 0
0.656898 -0.27724 0.252101 118 136 0
0.662062 -0.276154 0.254182 118 136 0
0.667512 -0.276465 0.256716 118 136 0
0.672249 -0.278741 0.25906 118 136 0
0.675399 -0.283213 0.260923 118 136 0
0.678158 -0.288104 0.26292 118 136 0
0.677872 -0.293891 0.263704 118 136 0
0.676554 -0.299711 0.263969 118 136 0
0.672998 -0.304041 0.263185 118 136 0
0.668087 -0.307164 0.261685 118 136 0
0.662682 -0.308262 0.259785 118 136 0
0.657244 -0.30781 0.257343 118 136 0
0.653254 -0.304058 0.25531 118 136 0
0.651598 -0.298595 0.253852 118 136 0
0.652001 -0.292942 0.253041 118 136 0
0.655766 -0.288754 0.254137 118 136 0
0.660591 -0.286105 0.255692 118 136 0
0.666194 -0.286489 0.257819 118 136 0
0.670665 -0.288879 0.259731 118 136 0
0.674896 -0.292068 0.262078 118 136 0
0.677512 -0.297144 0.26396 118 136 0
0.67699 -0.303045 0.264932 119 135 0
0.676204 -0.308956 0.265649 119 135 0
0.672887 -0.313581 0.265512 119 135 0
0.668085 -0.316614 0.26444 119 135 0
0.662799 -0.318839 0.26308 119 135 0
0.657128 -0.31855 0.261118 119 135 0
0.652863 -0.315521 0.258824 119 135 0
0.650517 -0.310763 0.256694 119 135 0
0.649753 -0.305312 0.255272 119 135 0
0.651783 -0.300558 0.255379 119 135 0
0.655559 -0.298831 0.256473 119 135 0
0.658962 -0.295948 0.257511 119 135 0
0.664082 -0.296216 0.259074 119 135 0
0.668215 -0.297638 0.260425 119 135 0
0.671561 -0.300653 0.261853 119 135 0
0.674555 -0.303169 0.263621 119 135 0
0.676349 -0.308057 0.265261 119 135 0
0.676587 -0.31313 0.266814 119 135 0
0.675005 -0.318639 0.267513 119 135 0
0.671995 -0.323298 0.267311 119 135 0
0.668177 -0.327065 0.266724 119 135 0
0.663109 -0.328908 0.265011 119 135 0
0.657771 -0.328714 0.262952 119 135 0
0.653141 -0.325997 0.260667 119 135 0
0.649604 -0.321698 0.258385 119 135 0
0.648875 -0.316241 0.257255 119 135 0
0.65073 -0.31063 0.257071 119 135 0
0.655484 -0.30785 0.258503 119 135 0
0.660676 -0.30669 0.260516 119 135 0
0.66617 -0.307125 0.262865 119 135 0
0.670374 -0.310712 0.265209 119 135 0
0.67345 -0.315359 0.267404 119 135 0
0.674846 -0.320889 0.268911 119 135 0
0.674653 -0.326794 0.269913 119 135 0
0.671663 -0.33198 0.269424 119 135 0
0.667694 -0.336298 0.268409 119 135 0
0.662612 -0.338938 0.266636 119 135 0
0.657186 -0.340177 0.264404 119 135 0
0.652357 -0.337722 0.262141 119 135 0
0.648348 -0.333865 0.259917 119 135 0
0.647329 -0.328394 0.258885 119 135 0
0.648308 -0.322563 0.258538 119 135 0
0.652767 -0.318878 0.260085 119 135 0
0.6579 -0.316791 0.262119 119 135 0
0.663215 -0.317147 0.2647 119 135 0
0.667267 -0.320865 0.266915 119 135 0
0.67082 -0.324596 0.269519 119 135 0
0.672444 -0.330113 0.271236 119 135 0
0.67135 -0.335559 0.271829 119 135 0
0.668878 -0.341046 0.271713 119 135 0
0.666157 -0.346226 0.271169 119 135 0
0.661012 -0.348634 0.269253 119 135 0
0.655634 -0.350365 0.267183 119 135 0
0.650943 -0.347557 0.264817 119 135 0
0.647158 -0.344039 0.262535 119 135 0
0.645083 -0.338714 0.260653 119 135 0
0.646632 -0.333101 0.260201 119 135 0
0.650314 -0.328802 0.26105 119 135 0
0.655364 -0.326262 0.262947 119 135 0
0.660642 -0.327164 0.265602 119 135 0
0.665372 -0.329469 0.268432 119 135 0
0.668373 -0.333843 0.270924 119 135 0
0.670265 -0.338908 0.27335 119 135 0
0.669451 -0.344832 0.274059 119 135 0
0.667496 -0.350491 0.274643 119 135 0
0.66435 -0.355224 0.274328 119 135 0
0.659527 -0.358454 0.272768 119 135 0
0.654431 -0.360471 0.270772 119 135 0
0.649482 -0.358512 0.268524 119 135 0
0.645515 -0.354925 0.266062 119 135 0
0.643252 -0.349766 0.263947 119 135 0
0.644036 -0.344104 0.26298 119 135 0
0.647346 -0.33933 0.263414 119 135 0
0.652489 -0.336976 0.265172 119 135 0
0.657962 -0.336861 0.267557 119 135 0
0.662299 -0.338927 0.270192 119 135 0
0.665691 -0.343081 0.272848 119 135 0
0.667532 -0.347998 0.275082 119 135 0
0.667991 -0.353762 0.276764 119 135 0
0.666983 -0.359382 0.277955 119 135 0
0.663503 -0.364233 0.277171 119 135 0
0.658737 -0.367638 0.276328 119 135 0
0.653453 -0.369775 0.274417 119 135 0
0.648471 -0.368784 0.272345 119 135 0
0.643972 -0.365644 0.269907 119 135 0
0.641167 -0.361149 0.267586 119 135 0
0.6413 -0.355353 0.266357 119 135 0
0.64385 -0.350788 0.266275 119 135 0
0.648479 -0.347342 0.267879 119 135 0
0.653871 -0.346479 0.270113 119 135 0
0.658812 -0.348435 0.272728 119 135 0
0.662897 -0.351705 0.275476 119 135 0
0.66549 -0.356611 0.277811 119 135 0
0.666375 -0.362349 0.279276 119 135 0
0.664844 -0.368093 0.279839 119 135 0
0.662124 -0.373458 0.279807 119 135 0
0.657268 -0.376342 0.278454 119 135 0
0.652553 -0.379792 0.277148 119 135 0
0.647235 -0.380053 0.274763 119 135 0
0.642684 -0.376893 0.272413 119 135 0
0.639476 -0.372799 0.270314 119 135 0
0.637852 -0.367784 0.268613 119 135 0
0.639835 -0.362448 0.268698 119 135 0
0.644486 -0.35899 0.270276 120 134 0
0.649298 -0.356419 0.272102 120 134 0
0.654567 -0.356539 0.274501 120 134 0
0.659038 -0.359654 0.276853 120 134 0
0.662304 -0.363812 0.278993 120 134 0
0.663782 -0.369445 0.280361 120 134 0
0.664434 -0.374755 0.281615 120 134 0
0.662169 -0.379983 0.281133 120 134 0
0.658726 -0.384727 0.280175 120 134 0
0.654469 -0.388601 0.278514 120 134 0
0.649547 -0.390337 0.276255 120 134 0
0.644889 -0.388657 0.274151 120 134 0
0.640385 -0.386335 0.271835 120 134 0
0.638261 -0.382115 0.270745 120 134 0
0.637004 -0.376656 0.269936 120 134 0
0.639151 -0.371955 0.270877 120 134 0
0.641858 -0.36895 0.271779 120 134 0
0.644765 -0.366735 0.272855 120 134 0
0.649789 -0.366273 0.274838 120 134 0
0.654621 -0.367249 0.277056 120 134 0
0.658692 -0.369863 0.279375 120 134 0
0.662074 -0.374303 0.281406 120 134 0
0.661882 -0.380244 0.281555 120 134 0
0.661789 -0.386302 0.28184 120 134 0
0.658384 -0.39096 0.280274 120 134 0
0.653607 -0.39383 0.277958 120 134 0
0.64837 -0.394306 0.275313 120 134 0
0.643418 -0.39193 0.272871 120 134 0
0.639768 -0.387996 0.271009 120 134 0
0.637217 -0.382679 0.269657 120 134 0
0.638039 -0.376847 0.270006 120 134 0
0.640498 -0.371429 0.27118 120 134 0
0.644909 -0.368295 0.27325 120 134 0
0.649626 -0.366273 0.27512 120 134 0
0.653729 -0.366316 0.276405 120 134 0
0.658208 -0.368106 0.278441 120 134 0
0.661297 -0.371898 0.280111 120 134 0
0.662583 -0.376099 0.281031 120 134 0
0.66259 -0.379939 0.28137 120 134 0
0.660595 -0.384802 0.28096 120 134 0
0.657171 -0.388045 0.279751 120 134 0
0.652385 -0.389821 0.277788 120 134 0
0.647277 -0.390179 0.275363 120 134 0
0.643922 -0.387627 0.273762 120 134 0
0.640342 -0.384879 0.271898 120 134 0
0.63808 -0.379795 0.270498 120 134 0
0.637202 -0.374359 0.269601 120 134 0
0.637883 -0.368554 0.269014 120 134 0
0.640747 -0.363852 0.269446 120 134 0
0.644641 -0.35938 0.270304 120 134 0
0.649277 -0.356409 0.271697 120 134 0
0.654814 -0.355984 0.273843 120 134 0
0.659615 -0.357938 0.276202 120 134 0
0.663391 -0.361362 0.278739 120 134 0
0.664246 -0.366803 0.280041 120 134 0
0.663382 -0.372123 0.280885 120 134 0
0.659312 -0.376428 0.280005 120 134 0
0.654439 -0.378717 0.278352 120 134 0
0.649923 -0.380321 0.276399 120 134 0
0.645371 -0.377357 0.274003 120 134 0
0.641591 -0.373603 0.271457 120 134 0
0.639563 -0.368408 0.269477 120 134 0
0.638121 -0.363338 0.267351 120 134 0
0.640744 -0.35872 0.26722 120 134 0
0.642683 -0.353587 0.266777 120 134 0
0.646886 -0.349453 0.267234 120 134 0
0.651457 -0.346348 0.268359 120 134 0
0.656971 -0.34619 0.270501 120 134 0
0.661904 -0.347432 0.273082 120 134 0
0.665199 -0.351794 0.275468 120 134 0
0.665995 -0.357182 0.277531 120 134 0
0.664847 -0.362957 0.278638 120 134 0
0.661333 -0.367567 0.278209 120 134 0
0.65607 -0.369239 0.276785 120 134 0
0.651281 -0.369333 0.274572 120 134 0
0.646631 -0.367465 0.271795 120 134 0
0.643197 -0.363492 0.269046 120 134 0
0.641327 -0.358378 0.266573 120 134 0
0.641748 -0.352657 0.264931 120 134 0
0.642858 -0.346948 0.263494 120 134 0
0.645733 -0.341751 0.263534 120 134 0
0.650243 -0.337897 0.264254 120 134 0
0.655453 -0.336744 0.265733 120 134 0
0.660945 -0.336984 0.2681 120 134 0
0.665705 -0.338857 0.2709 120 134 0
0.668584 -0.343411 0.273489 120 134 0
0.668066 -0.348825 0.274689 120 134 0
0.665894 -0.354179 0.27522 120 134 0
0.662253 -0.358221 0.274473 120 134 0
0.656764 -0.358818 0.272422 120 134 0
0.651382 -0.358515 0.269814 120 134 0
0.646999 -0.355672 0.266972 120 134 0
0.643916 -0.351279 0.264461 120 134 0
0.642685 -0.345844 0.262415 120 134 0
0.644559 -0.34038 0.261811 120 134 0
0.645602 -0.334576 0.260936 120 134 0
0.649384 -0.329983 0.261178 120 134 0
0.654097 -0.326693 0.26251 120 134 0
0.659427 -0.325172 0.26471 120 134 0
0.664415 -0.327037 0.267074 120 134 0
0.66825 -0.330936 0.269446 120 134 0
0.670989 -0.33545 0.271858 120 134 0
0.6695 -0.341055 0.272108 120 134 0
0.66644 -0.346162 0.271511 120 134 0
0.661923 -0.34903 0.26983 121 133 0
0.656632 -0.348527 0.267274 121 133 0
0.651602 -0.346887 0.264676 121 133 0
0.647718 -0.343169 0.262306 121 133 0
0.646066 -0.337683 0.260734 121 133 0
0.645041 -0.331954 0.259314 121 133 0
0.646997 -0.326777 0.259355 121 133 0
0.650449 -0.321937 0.25981 121 133 0
0.653856 -0.317702 0.260581 121 133 0
0.659269 -0.316644 0.262831 121 133 0
0.66468 -0.316043 0.265332 121 133 0
0.669082 -0.319094 0.2677 121 133 0
0.671266 -0.324442 0.26917 121 133 0
0.671631 -0.329847 0.269967 121 133 0
0.668424 -0.334748 0.268737 121 133 0
0.664213 -0.338361 0.267034 121 133 0
0.65904 -0.339133 0.264776 121 133 0
0.654034 -0.336999 0.262273 121 133 0
0.650465 -0.332845 0.2602 121 133 0
0.648064 -0.32769 0.258375 121 133 0
0.646418 -0.322191 0.25678 121 133 0
0.647642 -0.316562 0.256416 121 133 0
0.651357 -0.312114 0.257612 121 133 0
0.655491 -0.308049 0.259059 121 133 0
0.660298 -0.305448 0.260993 121 133 0
0.66571 -0.304771 0.263434 121 133 0
0.66908 -0.30923 0.265003 121 133 0
0.672457 -0.313161 0.266993 121 133 0
0.67281 -0.319049 0.267597 121 133 0
0.671423 -0.32438 0.267732 121 133 0
0.667253 -0.328387 0.266209 121 133 0
0.661829 -0.328232 0.263704 121 133 0
0.656726 -0.327742 0.26106 121 133 0
0.652491 -0.324377 0.258653 121 133 0
0.649749 -0.319441 0.256834 121 133 0
0.647807 -0.314036 0.255139 121 133 0
0.648281 -0.308136 0.254593 121 133 0
0.650192 -0.302478 0.254842 121 133 0
0.654428 -0.298491 0.256244 121 133 0
0.659317 -0.295501 0.257928 121 133 0
0.664707 -0.294778 0.260085 121 133 0
0.669817 -0.296396 0.262643 121 133 0
0.673048 -0.300868 0.264549 121 133 0
0.674493 -0.306331 0.265847 121 133 0
0.673466 -0.312213 0.266148 121 133 0
0.669888 -0.316834 0.265114 121 133 0
0.664977 -0.318771 0.26301 121 133 0
0.659563 -0.318612 0.260479 121 133 0
0.65462 -0.316534 0.257921 121 133 0
0.651415 -0.311937 0.255931 121 133 0
0.649313 -0.30663 0.254191 121 133 0
0.649198 -0.30081 0.25326 121 133 0
0.650904 -0.295152 0.253142 121 133 0
0.654868 -0.290935 0.254255 121 133 0
0.658502 -0.28675 0.255073 121 133 0
0.663838 -0.285676 0.257304 121 133 0
0.668775 -0.285249 0.259453 121 133 0
0.67317 -0.288473 0.261672 121 133 0
0.675894 -0.293284 0.263453 121 133 0
0.675797 -0.29923 0.264132 121 133 0
0.673504 -0.304612 0.263722 121 133 0
0.668554 -0.307493 0.262006 121 133 0
0.663281 -0.308281 0.259848 121 133 0
0.658395 -0.306585 0.257447 121 133 0
0.653988 -0.303479 0.254925 121 133 0
0.651648 -0.298589 0.25328 121 133 0
0.650359 -0.292923 0.251834 121 133 0
0.651415 -0.287108 0.251385 121 133 0
0.654491 -0.282182 0.251941 121 133 0
0.658558 -0.277986 0.253214 121 133 0
0.663274 -0.275038 0.254868 121 133 0
0.668714 -0.27533 0.257021 121 133 0
0.673679 -0.277614 0.259434 121 133 0
0.676393 -0.28242 0.260973 121 133 0
0.677082 -0.287062 0.262068 121 133 0
0.67606 -0.292672 0.262418 121 133 0
0.67219 -0.297087 0.261318 121 133 0
0.667178 -0.297897 0.259206 121 133 0
0.661937 -0.297671 0.256812 121 133 0
0.657229 -0.294913 0.254395 121 133 0
0.653818 -0.290702 0.252441 121 133 0
0.652798 -0.284994 0.251374 121 133 0
0.653543 -0.279099 0.2507 121 133 0
0.654343 -0.273295 0.250018 121 133 0
0.658038 -0.268944 0.250867 121 133 0
0.662371 -0.265154 0.252479 121 133 0
0.667623 -0.263889 0.254654 121 133 0
0.67276 -0.265498 0.256897 121 133 0
0.676377 -0.26971 0.258619 121 133 0
0.678811 -0.274916 0.260224 121 133 0
0.678162 -0.280419 0.260508 121 133 0
0.675268 -0.285118 0.259979 121 133 0
0.670381 -0.287891 0.25835 121 133 0
0.665026 -0.288668 0.255981 121 133 0
0.66038 -0.285933 0.253751 121 133 0
0.655888 -0.28283 0.251334 121 133 0
0.654044 -0.277498 0.250164 121 133 0
0.653906 -0.271573 0.249439 121 133 0
0.655104 -0.265768 0.249239 121 133 0
0.658051 -0.26066 0.249686 121 133 0
0.661828 -0.256856 0.250537 121 133 0
0.66672 -0.254275 0.252145 121 133 0
0.672266 -0.254616 0.254383 121 133 0
0.676987 -0.257353 0.256502 121 133 0
0.679814 -0.26236 0.258017 122 132 0
0.679928 -0.268052 0.258681 122 132 0
0.678159 -0.273537 0.258868 122 132 0
0.673786 -0.277389 0.257616 122 132 0
0.668487 -0.278037 0.255769 122 132 0
0.663119 -0.2771 0.253522 122 132 0
0.65851 -0.274111 0.251253 122 132 0
0.65562 -0.269214 0.249625 122 132 0
0.653566 -0.263816 0.248145 122 132 0
0.654486 -0.258125 0.247897 122 132 0
0.656593 -0.252897 0.247768 122 132 0
0.660655 -0.249017 0.248544 122 132 0
0.664901 -0.244892 0.249274 122 132 0
0.670457 -0.244454 0.251072 122 132 0
0.675516 -0.245329 0.252661 122 132 0
0.679458 -0.248571 0.254294 122 132 0
0.681239 -0.253688 0.255542 122 132 0
0.681594 -0.258827 0.256977 122 132 0
0.679282 -0.264168 0.257055 122 132 0
0.674825 -0.266785 0.256538 122 132 0
0.669831 -0.268616 0.254813 122 132 0
0.664861 -0.266883 0.253122 122 132 0
0.660505 -0.264578 0.251222 122 132 0
0.657313 -0.26155 0.249595 122 132 0
0.655816 -0.257003 0.248534 122 132 0
0.655305 -0.253553 0.247891 122 132 0
0.654872 -0.248475 0.246568 122 132 0
0.657024 -0.243576 0.246327 122 132 0
0.659896 -0.239955 0.246702 122 132 0
0.662743 -0.237332 0.247039 122 132 0
0.666314 -0.234595 0.247538 122 132 0
0.671197 -0.23401 0.249089 122 132 0
0.668599 -0.235497 0.248311 122 132 0
0.663991 -0.23776 0.247254 122 132 0
0.659345 -0.239882 0.246078 122 132 0
0.654651 -0.241793 0.244749 122 132 0
0.649961 -0.24365 0.243322 122 132 0
0.64527 -0.24542 0.241798 122 132 0
0.644954 -0.245274 0.242735 122 132 0
0.585246 -0.247509 0.217447 122 132 0
0.585717 -0.24761 0.21657 122 132 0
0.585717 -0.24761 0.21657 122 132 0
0.584934 -0.25529 0.217778 122 132 0
0.584971 -0.260331 0.218689 122 132 0
0.58475 -0.265383 0.219516 122 132 0
0.584599 -0.270448 0.220272 122 132 0
0.584574 -0.275527 0.220941 122 132 0
0.584453 -0.280619 0.221472 122 132 0
0.584173 -0.285716 0.221909 122 132 0
0.583921 -0.290818 0.22231 122 132 0
0.58373 -0.295929 0.22262 122 132 0
0.583552 -0.301041 0.222894 122 132 0
0.581845 -0.310816 0.223747 122 132 0
0.580919 -0.315822 0.22426 122 132 0
0.579983 -0.320841 0.224727 122 132 0
0.579146 -0.325871 0.22525 122 132 0
0.578031 -0.330853 0.225724 122 132 0
0.577105 -0.335853 0.22637 122 132 0
0.576196 -0.340858 0.227003 122 132 0
0.575125 -0.34585 0.227463 122 132 0
0.573998 -0.350829 0.227938 122 132 0
0.57311 -0.355842 0.228533 122 132 0
0.572226 -0.36086 0.229103 122 132 0
0.571109 -0.365833 0.229639 122 132 0
0.57022 -0.370843 0.230224 122 132 0
0.571437 -0.363065 0.229474 122 132 0
0.572708 -0.358487 0.229052 122 132 0
0.573687 -0.35385 0.228469 122 132 0
0.574696 -0.349215 0.22793 122 132 0
0.575844 -0.344603 0.227483 122 132 0
0.576754 -0.339943 0.226973 122 132 0
0.577681 -0.335279 0.226539 122 132 0
0.578604 -0.330622 0.226031 122 132 0
0.579533 -0.325966 0.22552 122 132 0
0.580509 -0.321312 0.225097 122 132 0
0.581421 -0.316646 0.224755 122 132 0
0.581918 -0.308617 0.223236 122 132 0
0.582327 -0.303773 0.222817 122 132 0
0.5825 -0.298904 0.222438 122 132 0
0.582728 -0.29404 0.222021 122 132 0
0.582845 -0.289168 0.22164 122 132 0
0.582995 -0.2843 0.221221 122 132 0
0.583163 -0.279437 0.220748 122 132 0
0.58335 -0.274577 0.220264 122 132 0
0.583428 -0.269731 0.21963 122 132 0
0.583743 -0.264898 0.218987 122 132 0
0.583888 -0.260089 0.218175 122 132 0
0.584374 -0.255271 0.217514 122 132 0
0.585228 -0.232458 0.215797 122 132 0
0.58876 -0.23445 0.217687 122 132 0
0.592288 -0.236466 0.219553 122 132 0
0.595646 -0.240625 0.221712 122 132 0
0.596779 -0.246018 0.222819 122 132 0
0.594872 -0.251438 0.222513 122 132 0
0.591751 -0.256362 0.22137 122 132 0
0.587735 -0.26035 0.21963 122 132 0
0.583122 -0.262923 0.217064 122 132 0
0.578318 -0.261329 0.214142 122 132 0
0.573548 -0.260264 0.211056 122 132 0
0.569915 -0.256126 0.208572 122 132 0
0.567575 -0.251051 0.206631 122 132 0
0.567739 -0.24505 0.206161 122 132 0
0.568986 -0.239212 0.206455 122 132 0
0.573075 -0.235759 0.208571 123 131 0
0.577706 -0.232969 0.211225 123 131 0
0.582108 -0.235009 0.214027 123 131 0
0.585962 -0.238251 0.216739 123 131 0
0.587956 -0.243673 0.218449 123 131 0
0.587756 -0.249594 0.218795 123 131 0
0.586047 -0.255297 0.217995 123 131 0
0.582355 -0.259234 0.215965 123 131 0
0.577543 -0.261659 0.213241 123 131 0
0.572553 -0.263003 0.210384 123 131 0
0.567968 -0.260862 0.207714 123 131 0
0.563891 -0.257212 0.205153 123 131 0
0.560224 -0.253572 0.202602 123 131 0
0.559296 -0.2477 0.201639 123 131 0
0.560414 -0.241875 0.201731 123 131 0
0.562582 -0.236407 0.202701 123 131 0
0.567648 -0.234906 0.20553 123 131 0
0.572872 -0.234898 0.208564 123 131 0
0.577369 -0.237433 0.21152 123 131 0
0.579949 -0.242423 0.213399 123 131 0
0.57988 -0.248412 0.213823 123 131 0
0.57864 -0.254231 0.213429 123 131 0
0.575101 -0.258639 0.211609 123 131 0
0.57042 -0.261193 0.209109 123 131 0
0.565475 -0.263137 0.206457 123 131 0
0.560753 -0.260656 0.203706 123 131 0
0.556155 -0.259197 0.200806 123 131 0
0.553307 -0.254245 0.198845 123 131 0
0.552198 -0.248636 0.197913 123 131 0
0.552411 -0.242622 0.19767 123 131 0
0.554678 -0.237934 0.198566 123 131 0
0.557514 -0.235006 0.199826 123 131 0
0.562566 -0.234885 0.202284 123 131 0
0.567459 -0.235624 0.204837 123 131 0
0.570883 -0.238097 0.206901 123 131 0
0.573094 -0.242314 0.208496 123 131 0
0.574199 -0.247678 0.209799 123 131 0
0.57428 -0.253415 0.210745 123 131 0
0.572294 -0.258744 0.210399 123 131 0
0.569537 -0.263604 0.20932 123 131 0
0.564903 -0.266298 0.206841 123 131 0
0.560556 -0.268684 0.204335 123 131 0
0.555654 -0.267436 0.201348 123 131 0
0.551511 -0.264638 0.19868 123 131 0
0.549537 -0.259667 0.197191 123 131 0
0.547956 -0.254345 0.195928 123 131 0
0.550154 -0.249049 0.196709 123 131 0
0.554381 -0.245576 0.198822 123 131 0
0.559064 -0.244456 0.201284 123 131 0
0.56417 -0.244501 0.204367 123 131 0
0.568264 -0.247545 0.207105 123 131 0
0.570708 -0.252545 0.209186 123 131 0
0.572428 -0.257944 0.210717 123 131 0
0.572137 -0.263888 0.211166 123 131 0
0.569564 -0.268744 0.210319 123 131 0
0.566247 -0.273372 0.208869 123 131 0
0.562216 -0.277154 0.206764 123 131 0
0.557298 -0.278773 0.203844 123 131 0
0.55257 -0.277707 0.200832 123 131 0
0.549034 -0.273643 0.198357 123 131 0
0.547295 -0.268233 0.196916 123 131 0
0.547642 -0.262343 0.196541 123 131 0
0.55115 -0.25784 0.198215 123 131 0
0.555219 -0.25455 0.200578 123 131 0
0.560232 -0.254695 0.203813 123 131 0
0.564905 -0.255874 0.206996 123 131 0
0.56741 -0.260484 0.209001 123 131 0
0.569472 -0.265822 0.210655 123 131 0
0.571321 -0.271114 0.212109 123 131 0
0.569321 -0.276671 0.211246 123 131 0
0.567857 -0.282049 0.210816 123 131 0
0.563661 -0.285525 0.208637 123 131 0
0.558816 -0.28764 0.205876 123 131 0
0.553831 -0.288321 0.202797 123 131 0
0.549643 -0.285697 0.199767 123 131 0
0.547121 -0.280752 0.197705 123 131 0
0.54604 -0.275259 0.196621 123 131 0
0.548016 -0.269801 0.197616 123 131 0
0.552133 -0.266656 0.200147 123 131 0
0.556841 -0.264876 0.203239 123 131 0
0.561787 -0.265289 0.206469 123 131 0
0.56576 -0.268259 0.209201 123 131 0
0.568392 -0.273209 0.211235 123 131 0
0.56885 -0.278951 0.211915 123 131 0
0.568723 -0.284911 0.212197 123 131 0
0.566724 -0.290362 0.21134 123 131 0
0.563117 -0.294672 0.209429 123 131 0
0.558907 -0.297883 0.206866 123 131 0
0.554097 -0.298574 0.203799 123 131 0
0.549743 -0.296051 0.200817 123 131 0
0.545935 -0.293115 0.198226 123 131 0
0.545258 -0.287329 0.197345 123 131 0
0.545577 -0.281454 0.197316 123 131 0
0.549012 -0.27746 0.199419 123 131 0
0.553198 -0.274245 0.202159 123 131 0
0.557922 -0.274639 0.205303 123 131 0
0.561941 -0.277769 0.208141 123 131 0
0.565584 -0.281319 0.210695 123 131 0
0.568398 -0.286124 0.212779 123 131 0
0.568189 -0.292084 0.213014 123 131 0
0.56753 -0.297812 0.212853 123 131 0
0.564577 -0.302721 0.211189 123 131 0
0.560733 -0.306137 0.208807 123 131 0
0.556181 -0.308442 0.205793 123 131 0
0.551223 -0.308713 0.202484 124 130 0
0.54719 -0.305962 0.199529 124 130 0
0.544976 -0.301597 0.197749 124 130 0
0.543123 -0.296243 0.196342 124 130 0
0.545227 -0.291514 0.19735 124 130 0
0.548328 -0.287735 0.199277 124 130 0
0.552092 -0.284537 0.201866 124 130 0
0.556815 -0.285412 0.20505 124 130 0
0.56086 -0.288227 0.208044 124 130 0
0.564396 -0.290999 0.210638 124 130 0
0.565933 -0.296384 0.212368 124 130 0
0.565593 -0.302317 0.212903 124 130 0
0.565325 -0.308269 0.213246 124 130 0
0.563243 -0.313604 0.21214 124 130 0
0.558888 -0.316244 0.209425 124 130 0
0.555168 -0.318665 0.206598 124 130 0
0.55046 -0.317993 0.203018 124 130 0
0.546286 -0.316914 0.199401 124 130 0
0.543342 -0.31327 0.196741 124 130 0
0.543511 -0.307466 0.196391 124 130 0
0.543853 -0.302143 0.196539 124 130 0
0.546554 -0.298652 0.198234 124 130 0
0.550543 -0.296262 0.200904 124 130 0
0.555007 -0.296017 0.204189 124 130 0
0.559031 -0.29655 0.207757 124 130 0
0.56111 -0.299754 0.209585 124 130 0
0.563775 -0.302437 0.211665 124 130 0
0.565339 -0.307005 0.213275 124 130 0
0.564741 -0.312875 0.214311 124 130 0
0.564226 -0.318737 0.214498 124 130 0
0.561553 -0.323637 0.213192 124 130 0
0.557867 -0.326325 0.210594 124 130 0
0.554654 -0.328653 0.20721 124 130 0
0.550264 -0.328449 0.203212 124 130 0
0.546174 -0.326972 0.199639 124 130 0
0.542988 -0.32276 0.196826 124 130 0
0.543065 -0.316863 0.196359 124 130 0
0.544755 -0.311236 0.197546 124 130 0
0.547927 -0.306839 0.199973 124 130 0
0.552549 -0.306332 0.203632 124 130 0
0.557075 -0.306792 0.207521 124 130 0
0.561174 -0.309112 0.21094 124 130 0
0.563269 -0.314154 0.213289 124 130 0
0.564378 -0.319702 0.214905 124 130 0
0.563948 -0.325659 0.215415 124 130 0
0.562298 -0.331345 0.214588 124 130 0
0.559707 -0.336269 0.212679 124 130 0
0.555491 -0.338931 0.209407 124 130 0
0.551113 -0.340298 0.205804 124 130 0
0.546634 -0.338777 0.202219 124 130 0
0.543282 -0.335219 0.198902 124 130 0
0.542099 -0.329996 0.197369 124 130 0
0.542512 -0.324025 0.197293 124 130 0
0.545258 -0.319667 0.199341 124 130 0
0.549222 -0.316666 0.202619 124 130 0
0.553791 -0.316153 0.206354 124 130 0
0.558 -0.317628 0.209909 124 130 0
0.561033 -0.321701 0.213077 124 130 0
0.563354 -0.326666 0.215447 124 130 0
0.563554 -0.33248 0.216408 124 130 0
0.562725 -0.338347 0.21631 124 130 0
0.559978 -0.343184 0.214548 124 130 0
0.557144 -0.347942 0.21236 124 130 0
0.552879 -0.3504 0.209171 124 130 0
0.548308 -0.350033 0.205434 124 130 0
0.544248 -0.347529 0.20204 124 130 0
0.541604 -0.342929 0.19933 124 130 0
0.541803 -0.337026 0.19862 124 130 0
0.543543 -0.33164 0.199447 124 130 0
0.547418 -0.328103 0.20222 124 130 0
0.551348 -0.326596 0.20556 124 130 0
0.555615 -0.328352 0.209261 124 130 0
0.559455 -0.330986 0.21301 124 130 0
0.562292 -0.335257 0.215936 124 130 0
0.562856 -0.340936 0.217397 124 130 0
0.561964 -0.34681 0.217535 124 130 0
0.560283 -0.352502 0.216742 124 130 0
0.556834 -0.356537 0.214505 124 130 0
0.553306 -0.360451 0.211837 124 130 0
0.548574 -0.360444 0.208161 124 130 0
0.544387 -0.359147 0.204577 124 130 0
0.540989 -0.355247 0.201563 124 130 0
0.540876 -0.349602 0.2006 124 130 0
0.54215 -0.344018 0.200965 124 130 0
0.545037 -0.339141 0.202885 124 130 0
0.549572 -0.33784 0.206252 124 130 0
0.553725 -0.33714 0.209859 124 130 0
0.557385 -0.340264 0.213434 124 130 0
0.560684 -0.344015 0.216717 124 130 0
0.562062 -0.349384 0.218755 124 130 0
0.561613 -0.355311 0.219437 124 130 0
0.560322 -0.360976 0.219042 124 130 0
0.557551 -0.365919 0.217303 124 130 0
0.553758 -0.369687 0.214612 124 130 0
0.549346 -0.370654 0.211245 124 130 0
0.545022 -0.369848 0.207441 124 130 0
0.541701 -0.366359 0.203875 124 130 0
0.540012 -0.361185 0.201911 124 130 0
0.540211 -0.35521 0.201538 124 130 0
0.542785 -0.350271 0.2032 124 130 0
0.547274 -0.348549 0.206597 124 130 0
0.551777 -0.348273 0.21052 124 130 0
0.555998 -0.34958 0.214436 124 130 0
0.558775 -0.353635 0.217544 125 129 0
0.561215 -0.35845 0.220142 125 129 0
0.561206 -0.364237 0.221163 125 129 0
0.559673 -0.370013 0.22077 125 129 0
0.55735 -0.375313 0.219458 125 129 0
0.554186 -0.379632 0.217157 125 129 0
0.550059 -0.382443 0.213851 125 129 0
0.545662 -0.381374 0.210094 125 129 0
0.542155 -0.378478 0.20656 125 129 0
0.539421 -0.374334 0.20366 125 129 0
0.539765 -0.368557 0.202701 125 129 0
0.541516 -0.363009 0.203486 125 129 0
0.544419 -0.358714 0.205972 125 129 0
0.54888 -0.358326 0.209929 125 129 0
0.553119 -0.358752 0.214116 125 129 0
0.557146 -0.36095 0.217836 125 129 0
0.558976 -0.365963 0.220351 125 129 0
0.560642 -0.371288 0.222361 125 129 0
0.560566 -0.377196 0.222754 125 129 0
0.558642 -0.382321 0.221529 125 129 0
0.555612 -0.386833 0.219052 125 129 0
0.552382 -0.390773 0.216243 125 129 0
0.548621 -0.392119 0.212666 125 129 0
0.544887 -0.390995 0.20875 125 129 0
0.541997 -0.388069 0.206051 125 129 0
0.538995 -0.384363 0.203197 125 129 0
0.539291 -0.378566 0.202811 125 129 0
0.540447 -0.374205 0.203551 125 129 0
0.543419 -0.370093 0.206095 125 129 0
0.546842 -0.368635 0.209615 125 129 0
0.549779 -0.368196 0.213463 125 129 0
0.553187 -0.369747 0.21728 125 129 0
0.557178 -0.371927 0.220329 125 129 0
0.559096 -0.377237 0.221583 125 129 0
0.56057 -0.382703 0.222276 125 129 0
0.559265 -0.388067 0.220988 125 129 0
0.556929 -0.392712 0.218821 125 129 0
0.552924 -0.395545 0.215661 125 129 0
0.548609 -0.396714 0.212057 125 129 0
0.543964 -0.396166 0.208578 125 129 0
0.540634 -0.392633 0.205742 125 129 0
0.538703 -0.387678 0.203883 125 129 0
0.538577 -0.381865 0.203458 125 129 0
0.539681 -0.376242 0.204086 125 129 0
0.542407 -0.371777 0.206132 125 129 0
0.546549 -0.369487 0.209295 125 129 0
0.550135 -0.368196 0.212846 125 129 0
0.553505 -0.368578 0.217132 125 129 0
0.556531 -0.370565 0.219777 125 129 0
0.558505 -0.37377 0.221562 125 129 0
0.560399 -0.377417 0.223493 125 129 0
0.56024 -0.383141 0.223722 125 129 0
0.558324 -0.386891 0.222187 125 129 0
0.555588 -0.390445 0.219283 125 129 0
0.552009 -0.391919 0.215799 125 129 0
0.548029 -0.392097 0.211879 125 129 0
0.544323 -0.388924 0.20858 125 129 0
0.541501 -0.385482 0.205489 125 129 0
0.540177 -0.380265 0.203682 125 129 0
0.539003 -0.374632 0.202237 125 129 0
0.540955 -0.369344 0.202979 125 129 0
0.542574 -0.364045 0.20414 125 129 0
0.546041 -0.360833 0.207096 125 129 0
0.549512 -0.35831 0.210794 125 129 0
0.553782 -0.357794 0.214788 125 129 0
0.557421 -0.35989 0.218631 125 129 0
0.560634 -0.363748 0.221706 125 129 0
0.561006 -0.368987 0.222554 125 129 0
0.560667 -0.374805 0.222656 125 129 0
0.556881 -0.378671 0.220163 125 129 0
0.552569 -0.380698 0.216757 125 129 0
0.548785 -0.38205 0.213239 125 129 0
0.545617 -0.378688 0.209572 125 129 0
0.542744 -0.37537 0.206393 125 129 0
0.540792 -0.370389 0.203771 125 129 0
0.539823 -0.365263 0.202078 125 129 0
0.54174 -0.359619 0.202364 125 129 0
0.544053 -0.354257 0.203739 125 129 0
0.547084 -0.349855 0.206347 125 129 0
0.551131 -0.347024 0.209768 125 129 0
0.554718 -0.348624 0.213146 125 129 0
0.558848 -0.349272 0.21715 125 129 0
0.561353 -0.353568 0.219979 125 129 0
0.562758 -0.35873 0.221856 125 129 0
0.561164 -0.36439 0.221351 125 129 0
0.557326 -0.36818 0.218816 125 129 0
0.553381 -0.37078 0.215332 125 129 0
0.548907 -0.370628 0.211348 125 129 0
0.54535 -0.368189 0.207407 125 129 0
0.542889 -0.363995 0.204206 125 129 0
0.541259 -0.358709 0.20193 125 129 0
0.540737 -0.353091 0.200797 125 129 0
0.542877 -0.347754 0.201393 125 129 0
0.54552 -0.342666 0.203136 125 129 0
0.548896 -0.338436 0.205663 125 129 0
0.553229 -0.336422 0.209121 125 129 0
0.557557 -0.337801 0.213046 125 129 0
0.561426 -0.340695 0.216561 125 129 0
0.563586 -0.345369 0.219445 125 129 0
0.563754 -0.351158 0.220416 125 129 0
0.561111 -0.356113 0.219037 125 129 0
0.55731 -0.359465 0.216068 125 129 0
0.552892 -0.360448 0.212236 125 129 0
0.548439 -0.359799 0.208361 125 129 0
0.545213 -0.356522 0.20507 126 128 0
0.543108 -0.351543 0.202478 126 128 0
0.543048 -0.345804 0.201296 126 128 0
0.543373 -0.339822 0.200777 126 128 0
0.545083 -0.334341 0.201496 126 128 0
0.548781 -0.330529 0.203929 126 128 0
0.552919 -0.327272 0.206832 126 128 0
0.557265 -0.327498 0.210579 126 128 0
0.561325 -0.328752 0.214473 126 128 0
0.563883 -0.333533 0.217054 126 128 0
0.564907 -0.339047 0.218557 126 128 0
0.564285 -0.344728 0.218505 126 128 0
0.560769 -0.348584 0.216008 126 128 0
0.556627 -0.350662 0.212735 126 128 0
0.551933 -0.350323 0.209075 126 128 0
0.548262 -0.347247 0.205499 126 128 0
0.544978 -0.343296 0.202397 126 128 0
0.543674 -0.337844 0.200732 126 128 0
0.543924 -0.331893 0.200093 126 128 0
0.544184 -0.326125 0.199919 126 128 0
0.547996 -0.322117 0.202247 126 128 0
0.552056 -0.319022 0.205207 126 128 0
0.556479 -0.316686 0.208543 126 128 0
0.560963 -0.317314 0.212313 126 128 0
0.564341 -0.320756 0.21533 126 128 0
0.565726 -0.326237 0.217087 126 128 0
0.56602 -0.33211 0.217602 126 128 0
0.563095 -0.336101 0.215665 126 128 0
0.559197 -0.339579 0.212765 126 128 0
0.554683 -0.340494 0.209016 126 128 0
0.550481 -0.338363 0.205506 126 128 0
0.546737 -0.334767 0.202484 126 128 0
0.545256 -0.329243 0.200909 126 128 0
0.543988 -0.323678 0.199333 126 128 0
0.544479 -0.317746 0.199155 126 128 0
0.547289 -0.312803 0.200559 126 128 0
0.551348 -0.309271 0.203126 126 128 0
0.555842 -0.307054 0.206441 126 128 0
0.560626 -0.306613 0.210014 126 128 0
0.564349 -0.309484 0.213253 126 128 0
0.566735 -0.314524 0.215482 126 128 0
0.566779 -0.320307 0.215767 126 128 0
0.564637 -0.325742 0.214363 126 128 0
0.560664 -0.329239 0.211591 126 128 0
0.556199 -0.329757 0.208518 126 128 0
0.551561 -0.328342 0.205107 126 128 0
0.547812 -0.325257 0.202064 126 128 0
0.545459 -0.320205 0.199899 126 128 0
0.544523 -0.31437 0.198799 126 128 0
0.544854 -0.308482 0.198588 126 128 0
0.547856 -0.303562 0.200257 126 128 0
0.551593 -0.299524 0.202662 126 128 0
0.556032 -0.296907 0.205641 126 128 0
0.560962 -0.296346 0.208968 126 128 0
0.565196 -0.298979 0.212182 126 128 0
0.567532 -0.302767 0.214247 126 128 0
0.569113 -0.308196 0.215616 126 128 0
0.566834 -0.313302 0.214416 126 128 0
0.563732 -0.317701 0.212348 126 128 0
0.559132 -0.320025 0.209264 126 128 0
0.554353 -0.318793 0.206034 126 128 0
0.54993 -0.316203 0.202912 126 128 0
0.546544 -0.312311 0.200362 126 128 0
0.545086 -0.306698 0.198888 126 128 0
0.54612 -0.30117 0.198866 126 128 0
0.546257 -0.295203 0.198726 126 128 0
0.550184 -0.291562 0.200959 126 128 0
0.554088 -0.287905 0.203487 126 128 0
0.558665 -0.285583 0.206578 126 128 0
0.563353 -0.286152 0.209761 126 128 0
0.566927 -0.290041 0.21231 126 128 0
0.569336 -0.295261 0.214071 126 128 0
0.569592 -0.300928 0.21449 126 128 0
0.566597 -0.305472 0.212724 126 128 0
0.561932 -0.307818 0.209744 126 128 0
0.556997 -0.308422 0.206441 126 128 0
0.552398 -0.30704 0.203214 126 128 0
0.548958 -0.302881 0.200712 126 128 0
0.546264 -0.298054 0.198683 126 128 0
0.546457 -0.292052 0.198388 126 128 0
0.54761 -0.286379 0.198825 126 128 0
0.550288 -0.281218 0.200354 126 128 0
0.553353 -0.27645 0.202335 126 128 0
0.558336 -0.276097 0.2056 126 128 0
0.563144 -0.276669 0.208831 126 128 0
0.567402 -0.279387 0.211907 126 128 0
0.570319 -0.284135 0.214103 126 128 0
0.56945 -0.289878 0.213894 126 128 0
0.568042 -0.2954 0.213133 126 128 0
0.563969 -0.298671 0.210553 126 128 0
0.558979 -0.29888 0.207209 126 128 0
0.554179 -0.29783 0.203904 126 128 0
0.550103 -0.294502 0.201028 126 128 0
0.547204 -0.289878 0.198793 126 128 0
0.546711 -0.284106 0.197822 126 128 0
0.547273 -0.278182 0.1977 126 128 0
0.549951 -0.272956 0.198898 126 128 0
0.553527 -0.268559 0.200853 126 128 0
0.557897 -0.265586 0.203605 126 128 0
0.562829 -0.264797 0.206804 126 128 0
0.567309 -0.267104 0.20994 126 128 0
0.57115 -0.270634 0.212809 126 128 0
0.570843 -0.276623 0.213244 126 128 0
0.569715 -0.282332 0.213059 126 128 0
0.566096 -0.286483 0.210983 127 127 0
0.561641 -0.288314 0.208197 127 127 0
0.556771 -0.287976 0.204873 127 127 0
0.552614 -0.28495 0.201769 127 127 0
0.549901 -0.280249 0.199416 127 127 0
0.547571 -0.275047 0.197572 127 127 0
0.548068 -0.269374 0.197307 127 127 0
0.549553 -0.263729 0.197727 127 127 0
0.552675 -0.259126 0.199045 127 127 0
0.557161 -0.256756 0.20133 127 127 0
0.561872 -0.254705 0.204092 127 127 0
0.566659 -0.255602 0.207228 127 127 0
0.570634 -0.259007 0.210155 127 127 0
0.57228 -0.264039 0.212062 127 127 0
0.571386 -0.269268 0.212347 127 127 0
0.569255 -0.27433 0.211569 127 127 0
0.564951 -0.277216 0.209204 127 127 0
0.560111 -0.278613 0.206132 127 127 0
0.555934 -0.276645 0.20315 127 127 0
0.552151 -0.273023 0.200349 127 127 0
0.549328 -0.268572 0.198121 127 127 0
0.548662 -0.262819 0.19723 127 127 0
0.54975 -0.25842 0.197399 127 127 0
0.549983 -0.252425 0.197019 127 127 0
0.554508 -0.249379 0.199132 127 127 0
0.558606 -0.245727 0.20092 127 127 0
0.563736 -0.244486 0.203446 127 127 0
0.568646 -0.245458 0.20626 127 127 0
0.571334 -0.248672 0.208276 127 127 0
0.573615 -0.253473 0.210342 127 127 0
0.573422 -0.259036 0.211238 127 127 0
0.570011 -0.263465 0.210072 127 127 0
0.566121 -0.266253 0.208028 127 127 0
0.562925 -0.268644 0.206025 127 127 0
0.558092 -0.267732 0.202833 127 127 0
0.554132 -0.264308 0.200218 127 127 0
0.551783 -0.260256 0.198663 127 127 0
0.549839 -0.256635 0.197329 127 127 0
0.549966 -0.250723 0.196961 127 127 0
0.5502 -0.244828 0.196593 127 127 0
0.552407 -0.241296 0.197486 127 127 0
0.553958 -0.237932 0.198187 127 127 0
0.557754 -0.236198 0.199924 127 127 0
0.562587 -0.234885 0.202248 127 127 0
0.564705 -0.235692 0.203374 127 127 0
0.568692 -0.237687 0.205659 127 127 0
0.572563 -0.239772 0.208056 127 127 0
0.576273 -0.242089 0.210495 127 127 0
0.579985 -0.244392 0.212945 127 127 0
0.583647 -0.246817 0.215342 127 127 0
0.583163 -0.246698 0.216209 127 127 0
0.641725 -0.246942 0.243144 127 127 0
0.642063 -0.247079 0.242213 127 127 0
0.641875 -0.254732 0.242159 127 127 0
0.641641 -0.259948 0.242904 127 127 0
0.641042 -0.265143 0.243612 127 127 0
0.640688 -0.270347 0.244383 127 127 0
0.640491 -0.275557 0.2452 127 127 0
0.640169 -0.280765 0.24598 127 127 0
0.639747 -0.285976 0.246698 127 127 0
0.639245 -0.291187 0.247355 127 127 0
0.638903 -0.296401 0.248059 127 127 0
0.638407 -0.3016 0.248656 127 127 0
0.637261 -0.309331 0.249858 127 127 0
0.636478 -0.314108 0.251144 127 127 0
0.635736 -0.318938 0.252239 127 127 0
0.635053 -0.323783 0.253307 127 127 0
0.634347 -0.328612 0.25443 127 127 0
0.633688 -0.333435 0.255608 127 127 0
0.632963 -0.338262 0.256728 127 127 0
0.632359 -0.3431 0.257874 127 127 0
0.631729 -0.347931 0.259036 127 127 0
0.631135 -0.352773 0.260169 127 127 0
0.630546 -0.357623 0.261271 127 127 0
0.630023 -0.362506 0.262249 127 127 0
0.629459 -0.367379 0.263255 127 127 0
0.628926 -0.372287 0.264089 127 127 0
0.629633 -0.364555 0.263172 127 127 0
0.630254 -0.359777 0.261945 127 127 0
0.630851 -0.355001 0.260701 127 127 0
0.631434 -0.35019 0.259588 127 127 0
0.632049 -0.345395 0.258427 127 127 0
0.632856 -0.340604 0.257369 127 127 0
0.633499 -0.335807 0.256227 127 127 0
0.634203 -0.331018 0.255092 127 127 0
0.634895 -0.326227 0.253954 127 127 0
0.635632 -0.321416 0.252944 127 127 0
0.636551 -0.316637 0.251924 127 127 0
0.637382 -0.308381 0.249727 127 127 0
0.637568 -0.303537 0.248962 127 127 0
0.637892 -0.298702 0.248194 127 127 0
0.638266 -0.293872 0.247413 127 127 0
0.638631 -0.289024 0.246744 127 127 0
0.639014 -0.284175 0.246094 127 127 0
0.639408 -0.279331 0.245414 127 127 0
0.639901 -0.27449 0.244775 127 127 0
0.64038 -0.269647 0.244141 127 127 0
0.640895 -0.26481 0.243494 127 127 0
0.64142 -0.259976 0.24283 127 127 0
0.641859 -0.25513 0.242202 127 127 0
0.643548 -0.232337 0.238652 127 127 0
0.648052 -0.233877 0.240776 127 127 0
0.652388 -0.23551 0.24312 127 127 0
0.655921 -0.238635 0.245543 128 126 0
0.657051 -0.244174 0.246916 128 126 0
0.656744 -0.250066 0.24779 128 126 0
0.655515 -0.255713 0.248057 128 126 0
0.651935 -0.259428 0.247166 128 126 0
0.64762 -0.26235 0.245446 128 126 0
0.642958 -0.259737 0.242976 128 126 0
0.63839 -0.257009 0.240186 128 126 0
0.636442 -0.251921 0.238544 128 126 0
0.63704 -0.245975 0.237933 128 126 0
0.638967 -0.240622 0.23809 128 126 0
0.642457 -0.235863 0.239147 128 126 0
0.647452 -0.234816 0.241206 128 126 0
0.652391 -0.232633 0.243407 128 126 0
0.657297 -0.235018 0.245926 128 126 0
0.66209 -0.237243 0.248538 128 126 0
0.664641 -0.2424 0.250221 128 126 0
0.666274 -0.247838 0.251538 128 126 0
0.666478 -0.253793 0.252299 128 126 0
0.662569 -0.257891 0.250924 128 126 0
0.658237 -0.261627 0.249149 128 126 0
0.653058 -0.262439 0.246718 128 126 0
0.648925 -0.259008 0.244483 128 126 0
0.646005 -0.254137 0.242528 128 126 0
0.644544 -0.248599 0.241122 128 126 0
0.646821 -0.243068 0.241603 128 126 0
0.649458 -0.238102 0.242196 128 126 0
0.654639 -0.235695 0.244007 128 126 0
0.660208 -0.23517 0.245948 128 126 0
0.665648 -0.234601 0.248421 128 126 0
0.670116 -0.237959 0.250564 128 126 0
0.674245 -0.241551 0.252913 128 126 0
0.675962 -0.247031 0.254192 128 126 0
0.674416 -0.252737 0.254052 128 126 0
0.673207 -0.258497 0.254293 128 126 0
0.66829 -0.2614 0.252658 128 126 0
0.662687 -0.262012 0.250968 128 126 0
0.657859 -0.25944 0.248955 128 126 0
0.654577 -0.25526 0.247107 128 126 0
0.653259 -0.24998 0.245792 128 126 0
0.655018 -0.244766 0.245717 128 126 0
0.65755 -0.239691 0.245654 128 126 0
0.661736 -0.236823 0.246785 128 126 0
0.66605 -0.234589 0.247719 128 126 0
0.671113 -0.23401 0.249233 128 126 0
0.674805 -0.236218 0.249782 128 126 0
0.678157 -0.238561 0.251345 128 126 0
0.680899 -0.242647 0.252979 128 126 0
0.683114 -0.24683 0.254844 128 126 0
0.68269 -0.252701 0.255987 128 126 0
0.680301 -0.257845 0.256185 128 126 0
0.677685 -0.262792 0.256438 128 126 0
0.673062 -0.266423 0.255358 128 126 0
0.668181 -0.268517 0.254008 128 126 0
0.662688 -0.267641 0.252037 128 126 0
0.658629 -0.263732 0.250215 128 126 0
0.655337 -0.259926 0.248099 128 126 0
0.654585 -0.254245 0.246729 128 126 0
0.657232 -0.249174 0.247112 128 126 0
0.661559 -0.245577 0.248249 128 126 0
0.667104 -0.244931 0.250134 128 126 0
0.672674 -0.245257 0.25235 128 126 0
0.677177 -0.248302 0.254694 128 126 0
0.680068 -0.25315 0.256574 128 126 0
0.681139 -0.258933 0.25771 128 126 0
0.680505 -0.264884 0.258227 128 126 0
0.678197 -0.270351 0.258073 128 126 0
0.674965 -0.275255 0.257544 128 126 0
0.669955 -0.278103 0.256154 128 126 0
0.664443 -0.278135 0.253778 128 126 0
0.659644 -0.276789 0.251527 128 126 0
0.655908 -0.272498 0.249573 128 126 0
0.654917 -0.267225 0.248688 128 126 0
0.655273 -0.261451 0.248243 128 126 0
0.659336 -0.25751 0.249553 128 126 0
0.663939 -0.25414 0.251435 128 126 0
0.669251 -0.25517 0.253806 128 126 0
0.674211 -0.257432 0.256325 128 126 0
0.676726 -0.262079 0.257712 128 126 0
0.679487 -0.267006 0.259531 128 126 0
0.679342 -0.272987 0.260149 128 126 0
0.678621 -0.278782 0.260412 128 126 0
0.675298 -0.283447 0.259465 128 126 0
0.670356 -0.286434 0.257776 128 126 0
0.665241 -0.288666 0.2556 128 126 0
0.659949 -0.287427 0.253239 128 126 0
0.655575 -0.284046 0.250965 128 126 0
0.653992 -0.278472 0.249913 128 126 0
0.654771 -0.27264 0.249889 128 126 0
0.658178 -0.267943 0.25084 128 126 0
0.663311 -0.265597 0.252927 128 126 0
0.668273 -0.266108 0.255132 128 126 0
0.672768 -0.269309 0.257525 128 126 0
0.677143 -0.272435 0.260106 128 126 0
0.678881 -0.277916 0.261537 128 126 0
0.678682 -0.283878 0.262269 128 126 0
0.67715 -0.2895 0.262285 128 126 0
0.67413 -0.294652 0.261651 128 126 0
0.669648 -0.298149 0.259955 128 126 0
0.664123 -0.298434 0.257603 128 126 0
0.658865 -0.297148 0.255276 128 126 0
0.655072 -0.293042 0.253302 128 126 0
0.652948 -0.287689 0.251731 128 126 0
0.653217 -0.281809 0.251123 128 126 0
0.656898 -0.27724 0.252101 129 125 0
0.662062 -0.276154 0.254182 129 125 0
0.667512 -0.276465 0.256716 129 125 0
0.672249 -0.278741 0.25906 129 125 0
0.675399 -0.283213 0.260923 129 125 0
0.678158 -0.288104 0.26292 129 125 0
0.677872 -0.293891 0.263704 129 125 0
0.676554 -0.299711 0.263969 129 125 0
0.672998 -0.304041 0.263185 129 125 0
0.668087 -0.307164 0.261685 129 125 0
0.662682 -0.308262 0.259785 129 125 0
0.657244 -0.30781 0.257343 129 125 0
0.653254 -0.304058 0.25531 129 125 0
0.651598 -0.298595 0.253852 129 125 0
0.652001 -0.292942 0.253041 129 125 0
0.655766 -0.288754 0.254137 129 125 0
0.660591 -0.286105 0.255692 129 125 0
0.666194 -0.286489 0.257819 129 125 0
0.670665 -0.288879 0.259731 129 125 0
0.674896 -0.292068 0.262078 129 125 0
0.677512 -0.297144 0.26396 129 125 0
0.67699 -0.303045 0.264932 129 125 0
0.676204 -0.308956 0.265649 129 125 0
0.672887 -0.313581 0.265512 129 125 0
0.668085 -0.316614 0.26444 129 125 0
0.662799 -0.318839 0.26308 129 125 0
0.657128 -0.31855 0.261118 129 125 0
0.652863 -0.315521 0.258824 129 125 0
0.650517 -0.310763 0.256694 129 125 0
0.649753 -0.305312 0.255272 129 125 0
0.651783 -0.300558 0.255379 129 125 0
0.655559 -0.298831 0.256473 129 125 0
0.658962 -0.295948 0.257511 129 125 0
0.664082 -0.296216 0.259074 129 125 0
0.668215 -0.297638 0.260425 129 125 0
0.671561 -0.300653 0.261853 129 125 0
0.674555 -0.303169 0.263621 129 125 0
0.676349 -0.308057 0.265261 129 125 0
0.676587 -0.31313 0.266814 129 125 0
0.675005 -0.318639 0.267513 129 125 0
0.671995 -0.323298 0.267311 129 125 0
0.668177 -0.327065 0.266724 129 125 0
0.663109 -0.328908 0.265011 129 125 0
0.657771 -0.328714 0.262952 129 125 0
0.653141 -0.325997 0.260667 129 125 0
0.649604 -0.321698 0.258385 129 125 0
0.648875 -0.316241 0.257255 129 125 0
0.65073 -0.31063 0.257071 129 125 0
0.655484 -0.30785 0.258503 129 125 0
0.660676 -0.30669 0.260516 129 125 0
0.66617 -0.307125 0.262865 129 125 0
0.670374 -0.310712 0.265209 129 125 0
0.67345 -0.315359 0.267404 129 125 0
0.674846 -0.320889 0.268911 129 125 0
0.674653 -0.326794 0.269913 129 125 0
0.671663 -0.33198 0.269424 129 125 0
0.667694 -0.336298 0.268409 129 125 0
0.662612 -0.338938 0.266636 129 125 0
0.657186 -0.340177 0.264404 129 125 0
0.652357 -0.337722 0.262141 129 125 0
0.648348 -0.333865 0.259917 129 125 0
0.647329 -0.328394 0.258885 129 125 0
0.648308 -0.322563 0.258538 129 125 0
0.652767 -0.318878 0.260085 129 125 0
0.6579 -0.316791 0.262119 129 125 0
0.663215 -0.317147 0.2647 129 125 0
0.667267 -0.320865 0.266915 129 125 0
0.67082 -0.324596 0.269519 129 125 0
0.672444 -0.330113 0.271236 129 125 0
0.67135 -0.335559 0.271829 129 125 0
0.668878 -0.341046 0.271713 129 125 0
0.666157 -0.346226 0.271169 129 125 0
0.661012 -0.348634 0.269253 129 125 0
0.655634 -0.350365 0.267183 129 125 0
0.650943 -0.347557 0.264817 129 125 0
0.647158 -0.344039 0.262535 129 125 0
0.645083 -0.338714 0.260653 129 125 0
0.646632 -0.333101 0.260201 129 125 0
0.650314 -0.328802 0.26105 129 125 0
0.655364 -0.326262 0.262947 129 125 0
0.660642 -0.327164 0.265602 129 125 0
0.665372 -0.329469 0.268432 129 125 0
0.668373 -0.333843 0.270924 129 125 0
0.670265 -0.338908 0.27335 129 125 0
0.669451 -0.344832 0.274059 129 125 0
0.667496 -0.350491 0.274643 129 125 0
0.66435 -0.355224 0.274328 129 125 0
0.659527 -0.358454 0.272768 129 125 0
0.654431 -0.360471 0.270772 129 125 0
0.649482 -0.358512 0.268524 129 125 0
0.645515 -0.354925 0.266062 129 125 0
0.643252 -0.349766 0.263947 129 125 0
0.644036 -0.344104 0.26298 129 125 0
0.647346 -0.33933 0.263414 129 125 0
0.652489 -0.336976 0.265172 129 125 0
0.657962 -0.336861 0.267557 129 125 0
0.662299 -0.338927 0.270192 129 125 0
0.665691 -0.343081 0.272848 129 125 0
0.667532 -0.347998 0.275082 129 125 0
0.667991 -0.353762 0.276764 129 125 0
0.666983 -0.359382 0.277955 129 125 0
0.663503 -0.364233 0.277171 129 125 0
0.658737 -0.367638 0.276328 129 125 0
0.653453 -0.369775 0.274417 129 125 0
0.648471 -0.368784 0.272345 130 124 0
0.643972 -0.365644 0.269907 130 124 0
0.641167 -0.361149 0.267586 130 124 0
0.6413 -0.355353 0.266357 130 124 0
0.64385 -0.350788 0.266275 130 124 0
0.648479 -0.347342 0.267879 130 124 0
0.653871 -0.346479 0.270113 130 124 0
0.658812 -0.348435 0.272728 130 124 0
0.662897 -0.351705 0.275476 130 124 0
0.66549 -0.356611 0.277811 130 124 0
0.666375 -0.362349 0.279276 130 124 0
0.664844 -0.368093 0.279839 130 124 0
0.662124 -0.373458 0.279807 130 124 0
0.657268 -0.376342 0.278454 130 124 0
0.652553 -0.379792 0.277148 130 124 0
0.647235 -0.380053 0.274763 130 124 0
0.642684 -0.376893 0.272413 130 124 0
0.639476 -0.372799 0.270314 130 124 0
0.637852 -0.367784 0.268613 130 124 0
0.639835 -0.362448 0.268698 130 124 0
0.644486 -0.35899 0.270276 130 124 0
0.649298 -0.356419 0.272102 130 124 0
0.654567 -0.356539 0.274501 130 124 0
0.659038 -0.359654 0.276853 130 124 0
0.662304 -0.363812 0.278993 130 124 0
0.663782 -0.369445 0.280361 130 124 0
0.664434 -0.374755 0.281615 130 124 0
0.662169 -0.379983 0.281133 130 124 0
0.658726 -0.384727 0.280175 130 124 0
0.654469 -0.388601 0.278514 130 124 0
0.649547 -0.390337 0.276255 130 124 0
0.644889 -0.388657 0.274151 130 124 0
0.640385 -0.386335 0.271835 130 124 0
0.638261 -0.382115 0.270745 130 124 0
0.637004 -0.376656 0.269936 130 124 0
0.639151 -0.371955 0.270877 130 124 0
0.641858 -0.36895 0.271779 130 124 0
0.644765 -0.366735 0.272855 130 124 0
0.649789 -0.366273 0.274838 130 124 0
0.654621 -0.367249 0.277056 130 124 0
0.658692 -0.369863 0.279375 130 124 0
0.662074 -0.374303 0.281406 130 124 0
0.661882 -0.380244 0.281555 130 124 0
0.661789 -0.386302 0.28184 130 124 0
0.658384 -0.39096 0.280274 130 124 0
0.653607 -0.39383 0.277958 130 124 0
0.64837 -0.394306 0.275313 130 124 0
0.643418 -0.39193 0.272871 130 124 0
0.639768 -0.387996 0.271009 130 124 0
0.637217 -0.382679 0.269657 130 124 0
0.638039 -0.376847 0.270006 130 124 0
0.640498 -0.371429 0.27118 130 124 0
0.644909 -0.368295 0.27325 130 124 0
0.649626 -0.366273 0.27512 130 124 0
0.653729 -0.366316 0.276405 130 124 0
0.658208 -0.368106 0.278441 130 124 0
0.661297 -0.371898 0.280111 130 124 0
0.662583 -0.376099 0.281031 130 124 0
0.66259 -0.379939 0.28137 130 124 0
0.660595 -0.384802 0.28096 130 124 0
0.657171 -0.388045 0.279751 130 124 0
0.652385 -0.389821 0.277788 130 124 0
0.647277 -0.390179 0.275363 130 124 0
0.643922 -0.387627 0.273762 130 124 0
0.640342 -0.384879 0.271898 130 124 0
0.63808 -0.379795 0.270498 130 124 0
0.637202 -0.374359 0.269601 130 124 0
0.637883 -0.368554 0.269014 130 124 0
0.640747 -0.363852 0.269446 130 124 0
0.644641 -0.35938 0.270304 130 124 0
0.649277 -0.356409 0.271697 130 124 0
0.654814 -0.355984 0.273843 130 124 0
0.659615 -0.357938 0.276202 130 124 0
0.663391 -0.361362 0.278739 130 124 0
0.664246 -0.366803 0.280041 130 124 0
0.663382 -0.372123 0.280885 130 124 0
0.659312 -0.376428 0.280005 130 124 0
0.654439 -0.378717 0.278352 130 124 0
0.649923 -0.380321 0.276399 130 124 0
0.645371 -0.377357 0.274003 130 124 0
0.641591 -0.373603 0.271457 130 124 0
0.639563 -0.368408 0.269477 130 124 0
0.638121 -0.363338 0.267351 130 124 0
0.640744 -0.35872 0.26722 130 124 0
0.642683 -0.353587 0.266777 130 124 0
0.646886 -0.349453 0.267234 130 124 0
0.651457 -0.346348 0.268359 130 124 0
0.656971 -0.34619 0.270501 130 124 0
0.661904 -0.347432 0.273082 130 124 0
0.665199 -0.351794 0.275468 130 124 0
0.665995 -0.357182 0.277531 130 124 0
0.664847 -0.362957 0.278638 130 124 0
0.661333 -0.367567 0.278209 130 124 0
0.65607 -0.369239 0.276785 130 124 0
0.651281 -0.369333 0.274572 130 124 0
0.646631 -0.367465 0.271795 130 124 0
0.643197 -0.363492 0.269046 130 124 0
0.641327 -0.358378 0.266573 130 124 0
0.641748 -0.352657 0.264931 130 124 0
0.642858 -0.346948 0.263494 130 124 0
0.645733 -0.341751 0.263534 130 124 0
0.650243 -0.337897 0.264254 130 124 0
0.655453 -0.336744 0.265733 130 124 0
0.660945 -0.336984 0.2681 131 123 0
0.665705 -0.338857 0.2709 131 123 0
0.668584 -0.343411 0.273489 131 123 0
0.668066 -0.348825 0.274689 131 123 0
0.665894 -0.354179 0.27522 131 123 0
0.662253 -0.358221 0.274473 131 123 0
0.656764 -0.358818 0.272422 131 123 0
0.651382 -0.358515 0.269814 131 123 0
0.646999 -0.355672 0.266972 131 123 0
0.643916 -0.351279 0.264461 131 123 0
0.642685 -0.345844 0.262415 131 123 0
0.644559 -0.34038 0.261811 131 123 0
0.645602 -0.334576 0.260936 131 123 0
0.649384 -0.329983 0.261178 131 123 0
0.654097 -0.326693 0.26251 131 123 0
0.659427 -0.325172 0.26471 131 123 0
0.664415 -0.327037 0.267074 131 123 0
0.66825 -0.330936 0.269446 131 123 0
0.670989 -0.33545 0.271858 131 123 0
0.6695 -0.341055 0.272108 131 123 0
0.66644 -0.346162 0.271511 131 123 0
0.661923 -0.34903 0.26983 131 123 0
0.656632 -0.348527 0.267274 131 123 0
0.651602 -0.346887 0.264676 131 123 0
0.647718 -0.343169 0.262306 131 123 0
0.646066 -0.337683 0.260734 131 123 0
0.645041 -0.331954 0.259314 131 123 0
0.646997 -0.326777 0.259355 131 123 0
0.650449 -0.321937 0.25981 131 123 0
0.653856 -0.317702 0.260581 131 123 0
0.659269 -0.316644 0.262831 131 123 0
0.66468 -0.316043 0.265332 131 123 0
0.669082 -0.319094 0.2677 131 123 0
0.671266 -0.324442 0.26917 131 123 0
0.671631 -0.329847 0.269967 131 123 0
0.668424 -0.334748 0.268737 131 123 0
0.664213 -0.338361 0.267034 131 123 0
0.65904 -0.339133 0.264776 131 123 0
0.654034 -0.336999 0.262273 131 123 0
0.650465 -0.332845 0.2602 131 123 0
0.648064 -0.32769 0.258375 131 123 0
0.646418 -0.322191 0.25678 131 123 0
0.647642 -0.316562 0.256416 131 123 0
0.651357 -0.312114 0.257612 131 123 0
0.655491 -0.308049 0.259059 131 123 0
0.660298 -0.305448 0.260993 131 123 0
0.66571 -0.304771 0.263434 131 123 0
0.66908 -0.30923 0.265003 131 123 0
0.672457 -0.313161 0.266993 131 123 0
0.67281 -0.319049 0.267597 131 123 0
0.671423 -0.32438 0.267732 131 123 0
0.667253 -0.328387 0.266209 131 123 0
0.661829 -0.328232 0.263704 131 123 0
0.656726 -0.327742 0.26106 131 123 0
0.652491 -0.324377 0.258653 131 123 0
0.649749 -0.319441 0.256834 131 123 0
0.647807 -0.314036 0.255139 131 123 0
0.648281 -0.308136 0.254593 131 123 0
0.650192 -0.302478 0.254842 131 123 0
0.654428 -0.298491 0.256244 131 123 0
0.659317 -0.295501 0.257928 131 123 0
0.664707 -0.294778 0.260085 131 123 0
0.669817 -0.296396 0.262643 131 123 0
0.673048 -0.300868 0.264549 131 123 0
0.674493 -0.306331 0.265847 131 123 0
0.673466 -0.312213 0.266148 131 123 0
0.669888 -0.316834 0.265114 131 123 0
0.664977 -0.318771 0.26301 131 123 0
0.659563 -0.318612 0.260479 131 123 0
0.65462 -0.316534 0.257921 131 123 0
0.651415 -0.311937 0.255931 131 123 0
0.649313 -0.30663 0.254191 131 123 0
0.649198 -0.30081 0.25326 131 123 0
0.650904 -0.295152 0.253142 131 123 0
0.654868 -0.290935 0.254255 131 123 0
0.658502 -0.28675 0.255073 131 123 0
0.663838 -0.285676 0.257304 131 123 0
0.668775 -0.285249 0.259453 131 123 0
0.67317 -0.288473 0.261672 131 123 0
0.675894 -0.293284 0.263453 131 123 0
0.675797 -0.29923 0.264132 131 123 0
0.673504 -0.304612 0.263722 131 123 0
0.668554 -0.307493 0.262006 131 123 0
0.663281 -0.308281 0.259848 131 123 0
0.658395 -0.306585 0.257447 131 123 0
0.653988 -0.303479 0.254925 131 123 0
0.651648 -0.298589 0.25328 131 123 0
0.650359 -0.292923 0.251834 131 123 0
0.651415 -0.287108 0.251385 131 123 0
0.654491 -0.282182 0.251941 131 123 0
0.658558 -0.277986 0.253214 131 123 0
0.663274 -0.275038 0.254868 131 123 0
0.668714 -0.27533 0.257021 131 123 0
0.673679 -0.277614 0.259434 131 123 0
0.676393 -0.28242 0.260973 131 123 0
0.677082 -0.287062 0.262068 131 123 0
0.67606 -0.292672 0.262418 131 123 0
0.67219 -0.297087 0.261318 131 123 0
0.667178 -0.297897 0.259206 131 123 0
0.661937 -0.297671 0.256812 131 123 0
0.657229 -0.294913 0.254395 131 123 0
0.653818 -0.290702 0.252441 131 123 0
0.652798 -0.284994 0.251374 131 123 0
0.653543 -0.279099 0.2507 131 123 0
0.654343 -0.273295 0.250018 132 122 0
0.658038 -0.268944 0.250867 132 122 0
0.662371 -0.265154 0.252479 132 122 0
0.667623 -0.263889 0.254654 132 122 0
0.67276 -0.265498 0.256897 132 122 0
0.676377 -0.26971 0.258619 132 122 0
0.678811 -0.274916 0.260224 132 122 0
0.678162 -0.280419 0.260508 132 122 0
0.675268 -0.285118 0.259979 132 122 0
0.670381 -0.287891 0.25835 132 122 0
0.665026 -0.288668 0.255981 132 122 0
0.66038 -0.285933 0.253751 132 122 0
0.655888 -0.28283 0.251334 132 122 0
0.654044 -0.277498 0.250164 132 122 0
0.653906 -0.271573 0.249439 132 122 0
0.655104 -0.265768 0.249239 132 122 0
0.658051 -0.26066 0.249686 132 122 0
0.661828 -0.256856 0.250537 132 122 0
0.66672 -0.254275 0.252145 132 122 0
0.672266 -0.254616 0.254383 132 122 0
0.676987 -0.257353 0.256502 132 122 0
0.679814 -0.26236 0.258017 132 122 0
0.679928 -0.268052 0.258681 132 122 0
0.678159 -0.273537 0.258868 132 122 0
0.673786 -0.277389 0.257616 132 122 0
0.668487 -0.278037 0.255769 132 122 0
0.663119 -0.2771 0.253522 132 122 0
0.65851 -0.274111 0.251253 132 122 0
0.65562 -0.269214 0.249625 132 122 0
0.653566 -0.263816 0.248145 132 122 0
0.654486 -0.258125 0.247897 132 122 0
0.656593 -0.252897 0.247768 132 122 0
0.660655 -0.249017 0.248544 132 122 0
0.664901 -0.244892 0.249274 132 122 0
0.670457 -0.244454 0.251072 132 122 0
0.675516 -0.245329 0.252661 132 122 0
0.679458 -0.248571 0.254294 132 122 0
0.681239 -0.253688 0.255542 132 122 0
0.681594 -0.258827 0.256977 132 122 0
0.679282 -0.264168 0.257055 132 122 0
0.674825 -0.266785 0.256538 132 122 0
0.669831 -0.268616 0.254813 132 122 0
0.664861 -0.266883 0.253122 132 122 0
0.660505 -0.264578 0.251222 132 122 0
0.657313 -0.26155 0.249595 132 122 0
0.655816 -0.257003 0.248534 132 122 0
0.655305 -0.253553 0.247891 132 122 0
0.654872 -0.248475 0.246568 132 122 0
0.657024 -0.243576 0.246327 132 122 0
0.659896 -0.239955 0.246702 132 122 0
0.662743 -0.237332 0.247039 132 122 0
0.666314 -0.234595 0.247538 132 122 0
0.671197 -0.23401 0.249089 132 122 0
0.668599 -0.235497 0.248311 132 122 0
0.663991 -0.23776 0.247254 132 122 0
0.659345 -0.239882 0.246078 132 122 0
0.654651 -0.241793 0.244749 132 122 0
0.649961 -0.24365 0.243322 132 122 0
0.64527 -0.24542 0.241798 132 122 0
0.644954 -0.245274 0.242735 132 122 0
0.585246 -0.247509 0.217447 132 122 0
0.585717 -0.24761 0.21657 132 122 0
0.585717 -0.24761 0.21657 132 122 0
0.584934 -0.25529 0.217778 132 122 0
0.584971 -0.260331 0.218689 132 122 0
0.58475 -0.265383 0.219516 132 122 0
0.584599 -0.270448 0.220272 132 122 0
0.584574 -0.275527 0.220941 132 122 0
0.584453 -0.280619 0.221472 132 122 0
0.584173 -0.285716 0.221909 132 122 0
0.583921 -0.290818 0.22231 132 122 0
0.58373 -0.295929 0.22262 132 122 0
0.583552 -0.301041 0.222894 132 122 0
0.581845 -0.310816 0.223747 132 122 0
0.580919 -0.315822 0.22426 132 122 0
0.579983 -0.320841 0.224727 132 122 0
0.579146 -0.325871 0.22525 132 122 0
0.578031 -0.330853 0.225724 132 122 0
0.577105 -0.335853 0.22637 132 122 0
0.576196 -0.340858 0.227003 132 122 0
0.575125 -0.34585 0.227463 132 122 0
0.573998 -0.350829 0.227938 132 122 0
0.57311 -0.355842 0.228533 132 122 0
0.572226 -0.36086 0.229103 132 122 0
0.571109 -0.365833 0.229639 132 122 0
0.57022 -0.370843 0.230224 132 122 0
0.571437 -0.363065 0.229474 132 122 0
0.572708 -0.358487 0.229052 132 122 0
0.573687 -0.35385 0.228469 132 122 0
0.574696 -0.349215 0.22793 132 122 0
0.575844 -0.344603 0.227483 132 122 0
0.576754 -0.339943 0.226973 132 122 0
0.577681 -0.335279 0.226539 132 122 0
0.578604 -0.330622 0.226031 132 122 0
0.579533 -0.325966 0.22552 132 122 0
0.580509 -0.321312 0.225097 132 122 0
0.581421 -0.316646 0.224755 132 122 0
0.581918 -0.308617 0.223236 132 122 0
0.582327 -0.303773 0.222817 132 122 0
0.5825 -0.298904 0.222438 132 122 0
0.582728 -0.29404 0.222021 132 122 0
0.582845 -0.289168 0.22164 132 122 0
0.582995 -0.2843 0.221221 132 122 0
0.583163 -0.279437 0.220748 133 121 0
0.58335 -0.274577 0.220264 133 121 0
0.583428 -0.269731 0.21963 133 121 0
0.583743 -0.264898 0.218987 133 121 0
0.583888 -0.260089 0.218175 133 121 0
0.584374 -0.255271 0.217514 133 121 0
0.585228 -0.232458 0.215797 133 121 0
0.58876 -0.23445 0.217687 133 121 0
0.592288 -0.236466 0.219553 133 121 0
0.595646 -0.240625 0.221712 133 121 0
0.596779 -0.246018 0.222819 133 121 0
0.594872 -0.251438 0.222513 133 121 0
0.591751 -0.256362 0.22137 133 121 0
0.587735 -0.26035 0.21963 133 121 0
0.583122 -0.262923 0.217064 133 121 0
0.578318 -0.261329 0.214142 133 121 0
0.573548 -0.260264 0.211056 133 121 0
0.569915 -0.256126 0.208572 133 121 0
0.567575 -0.251051 0.206631 133 121 0
0.567739 -0.24505 0.206161 133 121 0
0.568986 -0.239212 0.206455 133 121 0
0.573075 -0.235759 0.208571 133 121 0
0.577706 -0.232969 0.211225 133 121 0
0.582108 -0.235009 0.214027 133 121 0
0.585962 -0.238251 0.216739 133 121 0
0.587956 -0.243673 0.218449 133 121 0
0.587756 -0.249594 0.218795 133 121 0
0.586047 -0.255297 0.217995 133 121 0
0.582355 -0.259234 0.215965 133 121 0
0.577543 -0.261659 0.213241 133 121 0
0.572553 -0.263003 0.210384 133 121 0
0.567968 -0.260862 0.207714 133 121 0
0.563891 -0.257212 0.205153 133 121 0
0.560224 -0.253572 0.202602 133 121 0
0.559296 -0.2477 0.201639 133 121 0
0.560414 -0.241875 0.201731 133 121 0
0.562582 -0.236407 0.202701 133 121 0
0.567648 -0.234906 0.20553 133 121 0
0.572872 -0.234898 0.208564 133 121 0
0.577369 -0.237433 0.21152 133 121 0
0.579949 -0.242423 0.213399 133 121 0
0.57988 -0.248412 0.213823 133 121 0
0.57864 -0.254231 0.213429 133 121 0
0.575101 -0.258639 0.211609 133 121 0
0.57042 -0.261193 0.209109 133 121 0
0.565475 -0.263137 0.206457 133 121 0
0.560753 -0.260656 0.203706 133 121 0
0.556155 -0.259197 0.200806 133 121 0
0.553307 -0.254245 0.198845 133 121 0
0.552198 -0.248636 0.197913 133 121 0
0.552411 -0.242622 0.19767 133 121 0
0.554678 -0.237934 0.198566 133 121 0
0.557514 -0.235006 0.199826 133 121 0
0.562566 -0.234885 0.202284 133 121 0
0.567459 -0.235624 0.204837 133 121 0
0.570883 -0.238097 0.206901 133 121 0
0.573094 -0.242314 0.208496 133 121 0
0.574199 -0.247678 0.209799 133 121 0
0.57428 -0.253415 0.210745 133 121 0
0.572294 -0.258744 0.210399 133 121 0
0.569537 -0.263604 0.20932 133 121 0
0.564903 -0.266298 0.206841 133 121 0
0.560556 -0.268684 0.204335 133 121 0
0.555654 -0.267436 0.201348 133 121 0
0.551511 -0.264638 0.19868 133 121 0
0.549537 -0.259667 0.197191 133 121 0
0.547956 -0.254345 0.195928 133 121 0
0.550154 -0.249049 0.196709 133 121 0
0.554381 -0.245576 0.198822 133 121 0
0.559064 -0.244456 0.201284 133 121 0
0.56417 -0.244501 0.204367 133 121 0
0.568264 -0.247545 0.207105 133 121 0
0.570708 -0.252545 0.209186 133 121 0
0.572428 -0.257944 0.210717 133 121 0
0.572137 -0.263888 0.211166 133 121 0
0.569564 -0.268744 0.210319 133 121 0
0.566247 -0.273372 0.208869 133 121 0
0.562216 -0.277154 0.206764 133 121 0
0.557298 -0.278773 0.203844 133 121 0
0.55257 -0.277707 0.200832 133 121 0
0.549034 -0.273643 0.198357 133 121 0
0.547295 -0.268233 0.196916 133 121 0
0.547642 -0.262343 0.196541 133 121 0
0.55115 -0.25784 0.198215 133 121 0
0.555219 -0.25455 0.200578 133 121 0
0.560232 -0.254695 0.203813 133 121 0
0.564905 -0.255874 0.206996 133 121 0
0.56741 -0.260484 0.209001 133 121 0
0.569472 -0.265822 0.210655 133 121 0
0.571321 -0.271114 0.212109 133 121 0
0.569321 -0.276671 0.211246 133 121 0
0.567857 -0.282049 0.210816 133 121 0
0.563661 -0.285525 0.208637 133 121 0
0.558816 -0.28764 0.205876 133 121 0
0.553831 -0.288321 0.202797 133 121 0
0.549643 -0.285697 0.199767 133 121 0
0.547121 -0.280752 0.197705 133 121 0
0.54604 -0.275259 0.196621 133 121 0
0.548016 -0.269801 0.197616 133 121 0
0.552133 -0.266656 0.200147 133 121 0
0.556841 -0.264876 0.203239 133 121 0
0.561787 -0.265289 0.206469 133 121 0
0.56576 -0.268259 0.209201 133 121 0
0.568392 -0.273209 0.211235 133 121 0
0.56885 -0.278951 0.211915 134 120 0
0.568723 -0.284911 0.212197 134 120 0
0.566724 -0.290362 0.21134 134 120 0
0.563117 -0.294672 0.209429 134 120 0
0.558907 -0.297883 0.206866 134 120 0
0.554097 -0.298574 0.203799 134 120 0
0.549743 -0.296051 0.200817 134 120 0
0.545935 -0.293115 0.198226 134 120 0
0.545258 -0.287329 0.197345 134 120 0
0.545577 -0.281454 0.197316 134 120 0
0.549012 -0.27746 0.199419 134 120 0
0.553198 -0.274245 0.202159 134 120 0
0.557922 -0.274639 0.205303 134 120 0
0.561941 -0.277769 0.208141 134 120 0
0.565584 -0.281319 0.210695 134 120 0
0.568398 -0.286124 0.212779 134 120 0
0.568189 -0.292084 0.213014 134 120 0
0.56753 -0.297812 0.212853 134 120 0
0.564577 -0.302721 0.211189 134 120 0
0.560733 -0.306137 0.208807 134 120 0
0.556181 -0.308442 0.205793 134 120 0
0.551223 -0.308713 0.202484 134 120 0
0.54719 -0.305962 0.199529 134 120 0
0.544976 -0.301597 0.197749 134 120 0
0.543123 -0.296243 0.196342 134 120 0
0.545227 -0.291514 0.19735 134 120 0
0.548328 -0.287735 0.199277 134 120 0
0.552092 -0.284537 0.201866 134 120 0
0.556815 -0.285412 0.20505 134 120 0
0.56086 -0.288227 0.208044 134 120 0
0.564396 -0.290999 0.210638 134 120 0
0.565933 -0.296384 0.212368 134 120 0
0.565593 -0.302317 0.212903 134 120 0
0.565325 -0.308269 0.213246 134 120 0
0.563243 -0.313604 0.21214 134 120 0
0.558888 -0.316244 0.209425 134 120 0
0.555168 -0.318665 0.206598 134 120 0
0.55046 -0.317993 0.203018 134 120 0
0.546286 -0.316914 0.199401 134 120 0
0.543342 -0.31327 0.196741 134 120 0
0.543511 -0.307466 0.196391 134 120 0
0.543853 -0.302143 0.196539 134 120 0
0.546554 -0.298652 0.198234 134 120 0
0.550543 -0.296262 0.200904 134 120 0
0.555007 -0.296017 0.204189 134 120 0
0.559031 -0.29655 0.207757 134 120 0
0.56111 -0.299754 0.209585 134 120 0
0.563775 -0.302437 0.211665 134 120 0
0.565339 -0.307005 0.213275 134 120 0
0.564741 -0.312875 0.214311 134 120 0
0.564226 -0.318737 0.214498 134 120 0
0.561553 -0.323637 0.213192 134 120 0
0.557867 -0.326325 0.210594 134 120 0
0.554654 -0.328653 0.20721 134 120 0
0.550264 -0.328449 0.203212 134 120 0
0.546174 -0.326972 0.199639 134 120 0
0.542988 -0.32276 0.196826 134 120 0
0.543065 -0.316863 0.196359 134 120 0
0.544755 -0.311236 0.197546 134 120 0
0.547927 -0.306839 0.199973 134 120 0
0.552549 -0.306332 0.203632 134 120 0
0.557075 -0.306792 0.207521 134 120 0
0.561174 -0.309112 0.21094 134 120 0
0.563269 -0.314154 0.213289 134 120 0
0.564378 -0.319702 0.214905 134 120 0
0.563948 -0.325659 0.215415 134 120 0
0.562298 -0.331345 0.214588 134 120 0
0.559707 -0.336269 0.212679 134 120 0
0.555491 -0.338931 0.209407 134 120 0
0.551113 -0.340298 0.205804 134 120 0
0.546634 -0.338777 0.202219 134 120 0
0.543282 -0.335219 0.198902 134 120 0
0.542099 -0.329996 0.197369 134 120 0
0.542512 -0.324025 0.197293 134 120 0
0.545258 -0.319667 0.199341 134 120 0
0.549222 -0.316666 0.202619 134 120 0
0.553791 -0.316153 0.206354 134 120 0
0.558 -0.317628 0.209909 134 120 0
0.561033 -0.321701 0.213077 134 120 0
0.563354 -0.326666 0.215447 134 120 0
0.563554 -0.33248 0.216408 134 120 0
0.562725 -0.338347 0.21631 134 120 0
0.559978 -0.343184 0.214548 134 120 0
0.557144 -0.347942 0.21236 134 120 0
0.552879 -0.3504 0.209171 134 120 0
0.548308 -0.350033 0.205434 134 120 0
0.544248 -0.347529 0.20204 134 120 0
0.541604 -0.342929 0.19933 134 120 0
0.541803 -0.337026 0.19862 134 120 0
0.543543 -0.33164 0.199447 134 120 0
0.547418 -0.328103 0.20222 134 120 0
0.551348 -0.326596 0.20556 134 120 0
0.555615 -0.328352 0.209261 134 120 0
0.559455 -0.330986 0.21301 134 120 0
0.562292 -0.335257 0.215936 134 120 0
0.562856 -0.340936 0.217397 134 120 0
0.561964 -0.34681 0.217535 134 120 0
0.560283 -0.352502 0.216742 134 120 0
0.556834 -0.356537 0.214505 134 120 0
0.553306 -0.360451 0.211837 134 120 0
0.548574 -0.360444 0.208161 134 120 0
0.544387 -0.359147 0.204577 134 120 0
0.540989 -0.355247 0.201563 134 120 0
0.540876 -0.349602 0.2006 134 120 0
0.54215 -0.344018 0.200965 135 119 0
0.545037 -0.339141 0.202885 135 119 0
0.549572 -0.33784 0.206252 135 119 0
0.553725 -0.33714 0.209859 135 119 0
0.557385 -0.340264 0.213434 135 119 0
0.560684 -0.344015 0.216717 135 119 0
0.562062 -0.349384 0.218755 135 119 0
0.561613 -0.355311 0.219437 135 119 0
0.560322 -0.360976 0.219042 135 119 0
0.557551 -0.365919 0.217303 135 119 0
0.553758 -0.369687 0.214612 135 119 0
0.549346 -0.370654 0.211245 135 119 0
0.545022 -0.369848 0.207441 135 119 0
0.541701 -0.366359 0.203875 135 119 0
0.540012 -0.361185 0.201911 135 119 0
0.540211 -0.35521 0.201538 135 119 0
0.542785 -0.350271 0.2032 135 119 0
0.547274 -0.348549 0.206597 135 119 0
0.551777 -0.348273 0.21052 135 119 0
0.555998 -0.34958 0.214436 135 119 0
0.558775 -0.353635 0.217544 135 119 0
0.561215 -0.35845 0.220142 135 119 0
0.561206 -0.364237 0.221163 135 119 0
0.559673 -0.370013 0.22077 135 119 0
0.55735 -0.375313 0.219458 135 119 0
0.554186 -0.379632 0.217157 135 119 0
0.550059 -0.382443 0.213851 135 119 0
0.545662 -0.381374 0.210094 135 119 0
0.542155 -0.378478 0.20656 135 119 0
0.539421 -0.374334 0.20366 135 119 0
0.539765 -0.368557 0.202701 135 119 0
0.541516 -0.363009 0.203486 135 119 0
0.544419 -0.358714 0.205972 135 119 0
0.54888 -0.358326 0.209929 135 119 0
0.553119 -0.358752 0.214116 135 119 0
0.557146 -0.36095 0.217836 135 119 0
0.558976 -0.365963 0.220351 135 119 0
0.560642 -0.371288 0.222361 135 119 0
0.560566 -0.377196 0.222754 135 119 0
0.558642 -0.382321 0.221529 135 119 0
0.555612 -0.386833 0.219052 135 119 0
0.552382 -0.390773 0.216243 135 119 0
0.548621 -0.392119 0.212666 135 119 0
0.544887 -0.390995 0.20875 135 119 0
0.541997 -0.388069 0.206051 135 119 0
0.538995 -0.384363 0.203197 135 119 0
0.539291 -0.378566 0.202811 135 119 0
0.540447 -0.374205 0.203551 135 119 0
0.543419 -0.370093 0.206095 135 119 0
0.546842 -0.368635 0.209615 135 119 0
0.549779 -0.368196 0.213463 135 119 0
0.553187 -0.369747 0.21728 135 119 0
0.557178 -0.371927 0.220329 135 119 0
0.559096 -0.377237 0.221583 135 119 0
0.56057 -0.382703 0.222276 135 119 0
0.559265 -0.388067 0.220988 135 119 0
0.556929 -0.392712 0.218821 135 119 0
0.552924 -0.395545 0.215661 135 119 0
0.548609 -0.396714 0.212057 135 119 0
0.543964 -0.396166 0.208578 135 119 0
0.540634 -0.392633 0.205742 135 119 0
0.538703 -0.387678 0.203883 135 119 0
0.538577 -0.381865 0.203458 135 119 0
0.539681 -0.376242 0.204086 135 119 0
0.542407 -0.371777 0.206132 135 119 0
0.546549 -0.369487 0.209295 135 119 0
0.550135 -0.368196 0.212846 135 119 0
0.553505 -0.368578 0.217132 135 119 0
0.556531 -0.370565 0.219777 135 119 0
0.558505 -0.37377 0.221562 135 119 0
0.560399 -0.377417 0.223493 135 119 0
0.56024 -0.383141 0.223722 135 119 0
0.558324 -0.386891 0.222187 135 119 0
0.555588 -0.390445 0.219283 135 119 0
0.552009 -0.391919 0.215799 135 119 0
0.548029 -0.392097 0.211879 135 119 0
0.544323 -0.388924 0.20858 135 119 0
0.541501 -0.385482 0.205489 135 119 0
0.540177 -0.380265 0.203682 135 119 0
0.539003 -0.374632 0.202237 135 119 0
0.540955 -0.369344 0.202979 135 119 0
0.542574 -0.364045 0.20414 135 119 0
0.546041 -0.360833 0.207096 135 119 0
0.549512 -0.35831 0.210794 135 119 0
0.553782 -0.357794 0.214788 135 119 0
0.557421 -0.35989 0.218631 135 119 0
0.560634 -0.363748 0.221706 135 119 0
0.561006 -0.368987 0.222554 135 119 0
0.560667 -0.374805 0.222656 135 119 0
0.556881 -0.378671 0.220163 135 119 0
0.552569 -0.380698 0.216757 135 119 0
0.548785 -0.38205 0.213239 135 119 0
0.545617 -0.378688 0.209572 135 119 0
0.542744 -0.37537 0.206393 135 119 0
0.540792 -0.370389 0.203771 135 119 0
0.539823 -0.365263 0.202078 135 119 0
0.54174 -0.359619 0.202364 135 119 0
0.544053 -0.354257 0.203739 135 119 0
0.547084 -0.349855 0.206347 135 119 0
0.551131 -0.347024 0.209768 135 119 0
0.554718 -0.348624 0.213146 135 119 0
0.558848 -0.349272 0.21715 135 119 0
0.561353 -0.353568 0.219979 135 119 0
0.562758 -0.35873 0.221856 136 118 0
0.561164 -0.36439 0.221351 136 118 0
0.557326 -0.36818 0.218816 136 118 0
0.553381 -0.37078 0.215332 136 118 0
0.548907 -0.370628 0.211348 136 118 0
0.54535 -0.368189 0.207407 136 118 0
0.542889 -0.363995 0.204206 136 118 0
0.541259 -0.358709 0.20193 136 118 0
0.540737 -0.353091 0.200797 136 118 0
0.542877 -0.347754 0.201393 136 118 0
0.54552 -0.342666 0.203136 136 118 0
0.548896 -0.338436 0.205663 136 118 0
0.553229 -0.336422 0.209121 136 118 0
0.557557 -0.337801 0.213046 136 118 0
0.561426 -0.340695 0.216561 136 118 0
0.563586 -0.345369 0.219445 136 118 0
0.563754 -0.351158 0.220416 136 118 0
0.561111 -0.356113 0.219037 136 118 0
0.55731 -0.359465 0.216068 136 118 0
0.552892 -0.360448 0.212236 136 118 0
0.548439 -0.359799 0.208361 136 118 0
0.545213 -0.356522 0.20507 136 118 0
0.543108 -0.351543 0.202478 136 118 0
0.543048 -0.345804 0.201296 136 118 0
0.543373 -0.339822 0.200777 136 118 0
0.545083 -0.334341 0.201496 136 118 0
0.548781 -0.330529 0.203929 136 118 0
0.552919 -0.327272 0.206832 136 118 0
0.557265 -0.327498 0.210579 136 118 0
0.561325 -0.328752 0.214473 136 118 0
0.563883 -0.333533 0.217054 136 118 0
0.564907 -0.339047 0.218557 136 118 0
0.564285 -0.344728 0.218505 136 118 0
0.560769 -0.348584 0.216008 136 118 0
0.556627 -0.350662 0.212735 136 118 0
0.551933 -0.350323 0.209075 136 118 0
0.548262 -0.347247 0.205499 136 118 0
0.544978 -0.343296 0.202397 136 118 0
0.543674 -0.337844 0.200732 136 118 0
0.543924 -0.331893 0.200093 136 118 0
0.544184 -0.326125 0.199919 136 118 0
0.547996 -0.322117 0.202247 136 118 0
0.552056 -0.319022 0.205207 136 118 0
0.556479 -0.316686 0.208543 136 118 0
0.560963 -0.317314 0.212313 136 118 0
0.564341 -0.320756 0.21533 136 118 0
0.565726 -0.326237 0.217087 136 118 0
0.56602 -0.33211 0.217602 136 118 0
0.563095 -0.336101 0.215665 136 118 0
0.559197 -0.339579 0.212765 136 118 0
0.554683 -0.340494 0.209016 136 118 0
0.550481 -0.338363 0.205506 136 118 0
0.546737 -0.334767 0.202484 136 118 0
0.545256 -0.329243 0.200909 136 118 0
0.543988 -0.323678 0.199333 136 118 0
0.544479 -0.317746 0.199155 136 118 0
0.547289 -0.312803 0.200559 136 118 0
0.551348 -0.309271 0.203126 136 118 0
0.555842 -0.307054 0.206441 136 118 0
0.560626 -0.306613 0.210014 136 118 0
0.564349 -0.309484 0.213253 136 118 0
0.566735 -0.314524 0.215482 136 118 0
0.566779 -0.320307 0.215767 136 118 0
0.564637 -0.325742 0.214363 136 118 0
0.560664 -0.329239 0.211591 136 118 0
0.556199 -0.329757 0.208518 136 118 0
0.551561 -0.328342 0.205107 136 118 0
0.547812 -0.325257 0.202064 136 118 0
0.545459 -0.320205 0.199899 136 118 0
0.544523 -0.31437 0.198799 136 118 0
0.544854 -0.308482 0.198588 136 118 0
0.547856 -0.303562 0.200257 136 118 0
0.551593 -0.299524 0.202662 136 118 0
0.556032 -0.296907 0.205641 136 118 0
0.560962 -0.296346 0.208968 136 118 0
0.565196 -0.298979 0.212182 136 118 0
0.567532 -0.302767 0.214247 136 118 0
0.569113 -0.308196 0.215616 136 118 0
0.566834 -0.313302 0.214416 136 118 0
0.563732 -0.317701 0.212348 136 118 0
0.559132 -0.320025 0.209264 136 118 0
0.554353 -0.318793 0.206034 136 118 0
0.54993 -0.316203 0.202912 136 118 0
0.546544 -0.312311 0.200362 136 118 0
0.545086 -0.306698 0.198888 136 118 0
0.54612 -0.30117 0.198866 136 118 0
0.546257 -0.295203 0.198726 136 118 0
0.550184 -0.291562 0.200959 136 118 0
0.554088 -0.287905 0.203487 136 118 0
0.558665 -0.285583 0.206578 136 118 0
0.563353 -0.286152 0.209761 136 118 0
0.566927 -0.290041 0.21231 136 118 0
0.569336 -0.295261 0.214071 136 118 0
0.569592 -0.300928 0.21449 136 118 0
0.566597 -0.305472 0.212724 136 118 0
0.561932 -0.307818 0.209744 136 118 0
0.556997 -0.308422 0.206441 136 118 0
0.552398 -0.30704 0.203214 136 118 0
0.548958 -0.302881 0.200712 136 118 0
0.546264 -0.298054 0.198683 136 118 0
0.546457 -0.292052 0.198388 136 118 0
0.54761 -0.286379 0.198825 136 118 0
0.550288 -0.281218 0.200354 136 118 0
0.553353 -0.27645 0.202335 136 118 0
0.558336 -0.276097 0.2056 137 117 0
0.563144 -0.276669 0.208831 137 117 0
0.567402 -0.279387 0.211907 137 117 0
0.570319 -0.284135 0.214103 137 117 0
0.56945 -0.289878 0.213894 137 117 0
0.568042 -0.2954 0.213133 137 117 0
0.563969 -0.298671 0.210553 137 117 0
0.558979 -0.29888 0.207209 137 117 0
0.554179 -0.29783 0.203904 137 117 0
0.550103 -0.294502 0.201028 137 117 0
0.547204 -0.289878 0.198793 137 117 0
0.546711 -0.284106 0.197822 137 117 0
0.547273 -0.278182 0.1977 137 117 0
0.549951 -0.272956 0.198898 137 117 0
0.553527 -0.268559 0.200853 137 117 0
0.557897 -0.265586 0.203605 137 117 0
0.562829 -0.264797 0.206804 137 117 0
0.567309 -0.267104 0.20994 137 117 0
0.57115 -0.270634 0.212809 137 117 0
0.570843 -0.276623 0.213244 137 117 0
0.569715 -0.282332 0.213059 137 117 0
0.566096 -0.286483 0.210983 137 117 0
0.561641 -0.288314 0.208197 137 117 0
0.556771 -0.287976 0.204873 137 117 0
0.552614 -0.28495 0.201769 137 117 0
0.549901 -0.280249 0.199416 137 117 0
0.547571 -0.275047 0.197572 137 117 0
0.548068 -0.269374 0.197307 137 117 0
0.549553 -0.263729 0.197727 137 117 0
0.552675 -0.259126 0.199045 137 117 0
0.557161 -0.256756 0.20133 137 117 0
0.561872 -0.254705 0.204092 137 117 0
0.566659 -0.255602 0.207228 137 117 0
0.570634 -0.259007 0.210155 137 117 0
0.57228 -0.264039 0.212062 137 117 0
0.571386 -0.269268 0.212347 137 117 0
0.569255 -0.27433 0.211569 137 117 0
0.564951 -0.277216 0.209204 137 117 0
0.560111 -0.278613 0.206132 137 117 0
0.555934 -0.276645 0.20315 137 117 0
0.552151 -0.273023 0.200349 137 117 0
0.549328 -0.268572 0.198121 137 117 0
0.548662 -0.262819 0.19723 137 117 0
0.54975 -0.25842 0.197399 137 117 0
0.549983 -0.252425 0.197019 137 117 0
0.554508 -0.249379 0.199132 137 117 0
0.558606 -0.245727 0.20092 137 117 0
0.563736 -0.244486 0.203446 137 117 0
0.568646 -0.245458 0.20626 137 117 0
0.571334 -0.248672 0.208276 137 117 0
0.573615 -0.253473 0.210342 137 117 0
0.573422 -0.259036 0.211238 137 117 0
0.570011 -0.263465 0.210072 137 117 0
0.566121 -0.266253 0.208028 137 117 0
0.562925 -0.268644 0.206025 137 117 0
0.558092 -0.267732 0.202833 137 117 0
0.554132 -0.264308 0.200218 137 117 0
0.551783 -0.260256 0.198663 137 117 0
0.549839 -0.256635 0.197329 137 117 0
0.549966 -0.250723 0.196961 137 117 0
0.5502 -0.244828 0.196593 137 117 0
0.552407 -0.241296 0.197486 137 117 0
0.553958 -0.237932 0.198187 137 117 0
0.557754 -0.236198 0.199924 137 117 0
0.562587 -0.234885 0.202248 137 117 0
0.564705 -0.235692 0.203374 137 117 0
0.568692 -0.237687 0.205659 137 117 0
0.572563 -0.239772 0.208056 137 117 0
0.576273 -0.242089 0.210495 137 117 0
0.579985 -0.244392 0.212945 137 117 0
0.583647 -0.246817 0.215342 137 117 0
0.583163 -0.246698 0.216209 137 117 0
0.641725 -0.246942 0.243144 137 117 0
0.642063 -0.247079 0.242213 137 117 0
0.641875 -0.254732 0.242159 137 117 0
0.641641 -0.259948 0.242904 137 117 0
0.641042 -0.265143 0.243612 137 117 0
0.640688 -0.270347 0.244383 137 117 0
0.640491 -0.275557 0.2452 137 117 0
0.640169 -0.280765 0.24598 137 117 0
0.639747 -0.285976 0.246698 137 117 0
0.639245 -0.291187 0.247355 137 117 0
0.638903 -0.296401 0.248059 137 117 0
0.638407 -0.3016 0.248656 137 117 0
0.637261 -0.309331 0.249858 137 117 0
0.636478 -0.314108 0.251144 137 117 0
0.635736 -0.318938 0.252239 137 117 0
0.635053 -0.323783 0.253307 137 117 0
0.634347 -0.328612 0.25443 137 117 0
0.633688 -0.333435 0.255608 137 117 0
0.632963 -0.338262 0.256728 137 117 0
0.632359 -0.3431 0.257874 137 117 0
0.631729 -0.347931 0.259036 137 117 0
0.631135 -0.352773 0.260169 137 117 0
0.630546 -0.357623 0.261271 137 117 0
0.630023 -0.362506 0.262249 137 117 0
0.629459 -0.367379 0.263255 137 117 0
0.628926 -0.372287 0.264089 137 117 0
0.629633 -0.364555 0.263172 137 117 0
0.630254 -0.359777 0.261945 137 117 0
0.630851 -0.355001 0.260701 137 117 0
0.631434 -0.35019 0.259588 137 117 0
0.632049 -0.345395 0.258427 137 117 0
0.632856 -0.340604 0.257369 137 117 0
0.633499 -0.335807 0.256227 138 116 0
0.634203 -0.331018 0.255092 138 116 0
0.634895 -0.326227 0.253954 138 116 0
0.635632 -0.321416 0.252944 138 116 0
0.636551 -0.316637 0.251924 138 116 0
0.637382 -0.308381 0.249727 138 116 0
0.637568 -0.303537 0.248962 138 116 0
0.637892 -0.298702 0.248194 138 116 0
0.638266 -0.293872 0.247413 138 116 0
0.638631 -0.289024 0.246744 138 116 0
0.639014 -0.284175 0.246094 138 116 0
0.639408 -0.279331 0.245414 138 116 0
0.639901 -0.27449 0.244775 138 116 0
0.64038 -0.269647 0.244141 138 116 0
0.640895 -0.26481 0.243494 138 116 0
0.64142 -0.259976 0.24283 138 116 0
0.641859 -0.25513 0.242202 138 116 0
0.643548 -0.232337 0.238652 138 116 0
0.648052 -0.233877 0.240776 138 116 0
0.652388 -0.23551 0.24312 138 116 0
0.655921 -0.238635 0.245543 138 116 0
0.657051 -0.244174 0.246916 138 116 0
0.656744 -0.250066 0.24779 138 116 0
0.655515 -0.255713 0.248057 138 116 0
0.651935 -0.259428 0.247166 138 116 0
0.64762 -0.26235 0.245446 138 116 0
0.642958 -0.259737 0.242976 138 116 0
0.63839 -0.257009 0.240186 138 116 0
0.636442 -0.251921 0.238544 138 116 0
0.63704 -0.245975 0.237933 138 116 0
0.638967 -0.240622 0.23809 138 116 0
0.642457 -0.235863 0.239147 138 116 0
0.647452 -0.234816 0.241206 138 116 0
0.652391 -0.232633 0.243407 138 116 0
0.657297 -0.235018 0.245926 138 116 0
0.66209 -0.237243 0.248538 138 116 0
0.664641 -0.2424 0.250221 138 116 0
0.666274 -0.247838 0.251538 138 116 0
0.666478 -0.253793 0.252299 138 116 0
0.662569 -0.257891 0.250924 138 116 0
0.658237 -0.261627 0.249149 138 116 0
0.653058 -0.262439 0.246718 138 116 0
0.648925 -0.259008 0.244483 138 116 0
0.646005 -0.254137 0.242528 138 116 0
0.644544 -0.248599 0.241122 138 116 0
0.646821 -0.243068 0.241603 138 116 0
0.649458 -0.238102 0.242196 138 116 0
0.654639 -0.235695 0.244007 138 116 0
0.660208 -0.23517 0.245948 138 116 0
0.665648 -0.234601 0.248421 138 116 0
0.670116 -0.237959 0.250564 138 116 0
0.674245 -0.241551 0.252913 138 116 0
0.675962 -0.247031 0.254192 138 116 0
0.674416 -0.252737 0.254052 138 116 0
0.673207 -0.258497 0.254293 138 116 0
0.66829 -0.2614 0.252658 138 116 0
0.662687 -0.262012 0.250968 138 116 0
0.657859 -0.25944 0.248955 138 116 0
0.654577 -0.25526 0.247107 138 116 0
0.653259 -0.24998 0.245792 138 116 0
0.655018 -0.244766 0.245717 138 116 0
0.65755 -0.239691 0.245654 138 116 0
0.661736 -0.236823 0.246785 138 116 0
0.66605 -0.234589 0.247719 138 116 0
0.671113 -0.23401 0.249233 138 116 0
0.674805 -0.236218 0.249782 138 116 0
0.678157 -0.238561 0.251345 138 116 0
0.680899 -0.242647 0.252979 138 116 0
0.683114 -0.24683 0.254844 138 116 0
0.68269 -0.252701 0.255987 138 116 0
0.680301 -0.257845 0.256185 138 116 0
0.677685 -0.262792 0.256438 138 116 0
0.673062 -0.266423 0.255358 138 116 0
0.668181 -0.268517 0.254008 138 116 0
0.662688 -0.267641 0.252037 138 116 0
0.658629 -0.263732 0.250215 138 116 0
0.655337 -0.259926 0.248099 138 116 0
0.654585 -0.254245 0.246729 138 116 0
0.657232 -0.249174 0.247112 138 116 0
0.661559 -0.245577 0.248249 138 116 0
0.667104 -0.244931 0.250134 138 116 0
0.672674 -0.245257 0.25235 138 116 0
0.677177 -0.248302 0.254694 138 116 0
0.680068 -0.25315 0.256574 138 116 0
0.681139 -0.258933 0.25771 138 116 0
0.680505 -0.264884 0.258227 138 116 0
0.678197 -0.270351 0.258073 138 116 0
0.674965 -0.275255 0.257544 138 116 0
0.669955 -0.278103 0.256154 138 116 0
0.664443 -0.278135 0.253778 138 116 0
0.659644 -0.276789 0.251527 138 116 0
0.655908 -0.272498 0.249573 138 116 0
0.654917 -0.267225 0.248688 138 116 0
0.655273 -0.261451 0.248243 138 116 0
0.659336 -0.25751 0.249553 138 116 0
0.663939 -0.25414 0.251435 138 116 0
0.669251 -0.25517 0.253806 138 116 0
0.674211 -0.257432 0.256325 138 116 0
0.676726 -0.262079 0.257712 138 116 0
0.679487 -0.267006 0.259531 138 116 0
0.679342 -0.272987 0.260149 138 116 0
0.678621 -0.278782 0.260412 138 116 0
0.675298 -0.283447 0.259465 138 116 0
0.670356 -0.286434 0.257776 139 115 0
0.665241 -0.288666 0.2556 139 115 0
0.659949 -0.287427 0.253239 139 115 0
0.655575 -0.284046 0.250965 139 115 0
0.653992 -0.278472 0.249913 139 115 0
0.654771 -0.27264 0.249889 139 115 0
0.658178 -0.267943 0.25084 139 115 0
0.663311 -0.265597 0.252927 139 115 0
0.668273 -0.266108 0.255132 139 115 0
0.672768 -0.269309 0.257525 139 115 0
0.677143 -0.272435 0.260106 139 115 0
0.678881 -0.277916 0.261537 139 115 0
0.678682 -0.283878 0.262269 139 115 0
0.67715 -0.2895 0.262285 139 115 0
0.67413 -0.294652 0.261651 139 115 0
0.669648 -0.298149 0.259955 139 115 0
0.664123 -0.298434 0.257603 139 115 0
0.658865 -0.297148 0.255276 139 115 0
0.655072 -0.293042 0.253302 139 115 0
0.652948 -0.287689 0.251731 139 115 0
0.653217 -0.281809 0.251123 139 115 0
0.656898 -0.27724 0.252101 139 115 0
0.662062 -0.276154 0.254182 139 115 0
0.667512 -0.276465 0.256716 139 115 0
0.672249 -0.278741 0.25906 139 115 0
0.675399 -0.283213 0.260923 139 115 0
0.678158 -0.288104 0.26292 139 115 0
0.677872 -0.293891 0.263704 139 115 0
0.676554 -0.299711 0.263969 139 115 0
0.672998 -0.304041 0.263185 139 115 0
0.668087 -0.307164 0.261685 139 115 0
0.662682 -0.308262 0.259785 139 115 0
0.657244 -0.30781 0.257343 139 115 0
0.653254 -0.304058 0.25531 139 115 0
0.651598 -0.298595 0.253852 139 115 0
0.652001 -0.292942 0.253041 139 115 0
0.655766 -0.288754 0.254137 139 115 0
0.660591 -0.286105 0.255692 139 115 0
0.666194 -0.286489 0.257819 139 115 0
0.670665 -0.288879 0.259731 139 115 0
0.674896 -0.292068 0.262078 139 115 0
0.677512 -0.297144 0.26396 139 115 0
0.67699 -0.303045 0.264932 139 115 0
0.676204 -0.308956 0.265649 139 115 0
0.672887 -0.313581 0.265512 139 115 0
0.668085 -0.316614 0.26444 139 115 0
0.662799 -0.318839 0.26308 139 115 0
0.657128 -0.31855 0.261118 139 115 0
0.652863 -0.315521 0.258824 139 115 0
0.650517 -0.310763 0.256694 139 115 0
0.649753 -0.305312 0.255272 139 115 0
0.651783 -0.300558 0.255379 139 115 0
0.655559 -0.298831 0.256473 139 115 0
0.658962 -0.295948 0.257511 139 115 0
0.664082 -0.296216 0.259074 139 115 0
0.668215 -0.297638 0.260425 139 115 0
0.671561 -0.300653 0.261853 139 115 0
0.674555 -0.303169 0.263621 139 115 0
0.676349 -0.308057 0.265261 139 115 0
0.676587 -0.31313 0.266814 139 115 0
0.675005 -0.318639 0.267513 139 115 0
0.671995 -0.323298 0.267311 139 115 0
0.668177 -0.327065 0.266724 139 115 0
0.663109 -0.328908 0.265011 139 115 0
0.657771 -0.328714 0.262952 139 115 0
0.653141 -0.325997 0.260667 139 115 0
0.649604 -0.321698 0.258385 139 115 0
0.648875 -0.316241 0.257255 139 115 0
0.65073 -0.31063 0.257071 139 115 0
0.655484 -0.30785 0.258503 139 115 0
0.660676 -0.30669 0.260516 139 115 0
0.66617 -0.307125 0.262865 139 115 0
0.670374 -0.310712 0.265209 139 115 0
0.67345 -0.315359 0.267404 139 115 0
0.674846 -0.320889 0.268911 139 115 0
0.674653 -0.326794 0.269913 139 115 0
0.671663 -0.33198 0.269424 139 115 0
0.667694 -0.336298 0.268409 139 115 0
0.662612 -0.338938 0.266636 139 115 0
0.657186 -0.340177 0.264404 139 115 0
0.652357 -0.337722 0.262141 139 115 0
0.648348 -0.333865 0.259917 139 115 0
0.647329 -0.328394 0.258885 139 115 0
0.648308 -0.322563 0.258538 139 115 0
0.652767 -0.318878 0.260085 139 115 0
0.6579 -0.316791 0.262119 139 115 0
0.663215 -0.317147 0.2647 139 115 0
0.667267 -0.320865 0.266915 139 115 0
0.67082 -0.324596 0.269519 139 115 0
0.672444 -0.330113 0.271236 139 115 0
0.67135 -0.335559 0.271829 139 115 0
0.668878 -0.341046 0.271713 139 115 0
0.666157 -0.346226 0.271169 139 115 0
0.661012 -0.348634 0.269253 139 115 0
0.655634 -0.350365 0.267183 139 115 0
0.650943 -0.347557 0.264817 139 115 0
0.647158 -0.344039 0.262535 139 115 0
0.645083 -0.338714 0.260653 139 115 0
0.646632 -0.333101 0.260201 139 115 0
0.650314 -0.328802 0.26105 139 115 0
0.655364 -0.326262 0.262947 139 115 0
0.660642 -0.327164 0.265602 139 115 0
0.665372 -0.329469 0.268432 139 115 0
0.668373 -0.333843 0.270924 139 115 0
0.670265 -0.338908 0.27335 140 114 0
0.669451 -0.344832 0.274059 140 114 0
0.667496 -0.350491 0.274643 140 114 0
0.66435 -0.355224 0.274328 140 114 0
0.659527 -0.358454 0.272768 140 114 0
0.654431 -0.360471 0.270772 140 114 0
0.649482 -0.358512 0.268524 140 114 0
0.645515 -0.354925 0.266062 140 114 0
0.643252 -0.349766 0.263947 140 114 0
0.644036 -0.344104 0.26298 140 114 0
0.647346 -0.33933 0.263414 140 114 0
0.652489 -0.336976 0.265172 140 114 0
0.657962 -0.336861 0.267557 140 114 0
0.662299 -0.338927 0.270192 140 114 0
0.665691 -0.343081 0.272848 140 114 0
0.667532 -0.347998 0.275082 140 114 0
0.667991 -0.353762 0.276764 140 114 0
0.666983 -0.359382 0.277955 140 114 0
0.663503 -0.364233 0.277171 140 114 0
0.658737 -0.367638 0.276328 140 114 0
0.653453 -0.369775 0.274417 140 114 0
0.648471 -0.368784 0.272345 140 114 0
0.643972 -0.365644 0.269907 140 114 0
0.641167 -0.361149 0.267586 140 114 0
0.6413 -0.355353 0.266357 140 114 0
0.64385 -0.350788 0.266275 140 114 0
0.648479 -0.347342 0.267879 140 114 0
0.653871 -0.346479 0.270113 140 114 0
0.658812 -0.348435 0.272728 140 114 0
0.662897 -0.351705 0.275476 140 114 0
0.66549 -0.356611 0.277811 140 114 0
0.666375 -0.362349 0.279276 140 114 0
0.664844 -0.368093 0.279839 140 114 0
0.662124 -0.373458 0.279807 140 114 0
0.657268 -0.376342 0.278454 140 114 0
0.652553 -0.379792 0.277148 140 114 0
0.647235 -0.380053 0.274763 140 114 0
0.642684 -0.376893 0.272413 140 114 0
0.639476 -0.372799 0.270314 140 114 0
0.637852 -0.367784 0.268613 140 114 0
0.639835 -0.362448 0.268698 140 114 0
0.644486 -0.35899 0.270276 140 114 0
0.649298 -0.356419 0.272102 140 114 0
0.654567 -0.356539 0.274501 140 114 0
0.659038 -0.359654 0.276853 140 114 0
0.662304 -0.363812 0.278993 140 114 0
0.663782 -0.369445 0.280361 140 114 0
0.664434 -0.374755 0.281615 140 114 0
0.662169 -0.379983 0.281133 140 114 0
0.658726 -0.384727 0.280175 140 114 0
0.654469 -0.388601 0.278514 140 114 0
0.649547 -0.390337 0.276255 140 114 0
0.644889 -0.388657 0.274151 140 114 0
0.640385 -0.386335 0.271835 140 114 0
0.638261 -0.382115 0.270745 140 114 0
0.637004 -0.376656 0.269936 140 114 0
0.639151 -0.371955 0.270877 140 114 0
0.641858 -0.36895 0.271779 140 114 0
0.644765 -0.366735 0.272855 140 114 0
0.649789 -0.366273 0.274838 140 114 0
0.654621 -0.367249 0.277056 140 114 0
0.658692 -0.369863 0.279375 140 114 0
0.662074 -0.374303 0.281406 140 114 0
0.661882 -0.380244 0.281555 140 114 0
0.661789 -0.386302 0.28184 140 114 0
0.658384 -0.39096 0.280274 140 114 0
0.653607 -0.39383 0.277958 140 114 0
0.64837 -0.394306 0.275313 140 114 0
0.643418 -0.39193 0.272871 140 114 0
0.639768 -0.387996 0.271009 140 114 0
0.637217 -0.382679 0.269657 140 114 0
0.638039 -0.376847 0.270006 140 114 0
0.640498 -0.371429 0.27118 140 114 0
0.644909 -0.368295 0.27325 140 114 0
0.649626 -0.366273 0.27512 140 114 0
0.653729 -0.366316 0.276405 140 114 0
0.658208 -0.368106 0.278441 140 114 0
0.661297 -0.371898 0.280111 140 114 0
0.662583 -0.376099 0.281031 140 114 0
0.66259 -0.379939 0.28137 140 114 0
0.660595 -0.384802 0.28096 140 114 0
0.657171 -0.388045 0.279751 140 114 0
0.652385 -0.389821 0.277788 140 114 0
0.647277 -0.390179 0.275363 140 114 0
0.643922 -0.387627 0.273762 140 114 0
0.640342 -0.384879 0.271898 140 114 0
0.63808 -0.379795 0.270498 140 114 0
0.637202 -0.374359 0.269601 140 114 0
0.637883 -0.368554 0.269014 140 114 0
0.640747 -0.363852 0.269446 140 114 0
0.644641 -0.35938 0.270304 140 114 0
0.649277 -0.356409 0.271697 140 114 0
0.654814 -0.355984 0.273843 140 114 0
0.659615 -0.357938 0.276202 140 114 0
0.663391 -0.361362 0.278739 140 114 0
0.664246 -0.366803 0.280041 140 114 0
0.663382 -0.372123 0.280885 140 114 0
0.659312 -0.376428 0.280005 140 114 0
0.654439 -0.378717 0.278352 140 114 0
0.649923 -0.380321 0.276399 140 114 0
0.645371 -0.377357 0.274003 140 114 0
0.641591 -0.373603 0.271457 140 114 0
0.639563 -0.368408 0.269477 140 114 0
0.638121 -0.363338 0.267351 141 113 0
0.640744 -0.35872 0.26722 141 113 0
0.642683 -0.353587 0.266777 141 113 0
0.646886 -0.349453 0.267234 141 113 0
0.651457 -0.346348 0.268359 141 113 0
0.656971 -0.34619 0.270501 141 113 0
0.661904 -0.347432 0.273082 141 113 0
0.665199 -0.351794 0.275468 141 113 0
0.665995 -0.357182 0.277531 141 113 0
0.664847 -0.362957 0.278638 141 113 0
0.661333 -0.367567 0.278209 141 113 0
0.65607 -0.369239 0.276785 141 113 0
0.651281 -0.369333 0.274572 141 113 0
0.646631 -0.367465 0.271795 141 113 0
0.643197 -0.363492 0.269046 141 113 0
0.641327 -0.358378 0.266573 141 113 0
0.641748 -0.352657 0.264931 141 113 0
0.642858 -0.346948 0.263494 141 113 0
0.645733 -0.341751 0.263534 141 113 0
0.650243 -0.337897 0.264254 141 113 0
0.655453 -0.336744 0.265733 141 113 0
0.660945 -0.336984 0.2681 141 113 0
0.665705 -0.338857 0.2709 141 113 0
0.668584 -0.343411 0.273489 141 113 0
0.668066 -0.348825 0.274689 141 113 0
0.665894 -0.354179 0.27522 141 113 0
0.662253 -0.358221 0.274473 141 113 0
0.656764 -0.358818 0.272422 141 113 0
0.651382 -0.358515 0.269814 141 113 0
0.646999 -0.355672 0.266972 141 113 0
0.643916 -0.351279 0.264461 141 113 0
0.642685 -0.345844 0.262415 141 113 0
0.644559 -0.34038 0.261811 141 113 0
0.645602 -0.334576 0.260936 141 113 0
0.649384 -0.329983 0.261178 141 113 0
0.654097 -0.326693 0.26251 141 113 0
0.659427 -0.325172 0.26471 141 113 0
0.664415 -0.327037 0.267074 141 113 0
0.66825 -0.330936 0.269446 141 113 0
0.670989 -0.33545 0.271858 141 113 0
0.6695 -0.341055 0.272108 141 113 0
0.66644 -0.346162 0.271511 141 113 0
0.661923 -0.34903 0.26983 141 113 0
0.656632 -0.348527 0.267274 141 113 0
0.651602 -0.346887 0.264676 141 113 0
0.647718 -0.343169 0.262306 141 113 0
0.646066 -0.337683 0.260734 141 113 0
0.645041 -0.331954 0.259314 141 113 0
0.646997 -0.326777 0.259355 141 113 0
0.650449 -0.321937 0.25981 141 113 0
0.653856 -0.317702 0.260581 141 113 0
0.659269 -0.316644 0.262831 141 113 0
0.66468 -0.316043 0.265332 141 113 0
0.669082 -0.319094 0.2677 141 113 0
0.671266 -0.324442 0.26917 141 113 0
0.671631 -0.329847 0.269967 141 113 0
0.668424 -0.334748 0.268737 141 113 0
0.664213 -0.338361 0.267034 141 113 0
0.65904 -0.339133 0.264776 141 113 0
0.654034 -0.336999 0.262273 141 113 0
0.650465 -0.332845 0.2602 141 113 0
0.648064 -0.32769 0.258375 141 113 0
0.646418 -0.322191 0.25678 141 113 0
0.647642 -0.316562 0.256416 141 113 0
0.651357 -0.312114 0.257612 141 113 0
0.655491 -0.308049 0.259059 141 113 0
0.660298 -0.305448 0.260993 141 113 0
0.66571 -0.304771 0.263434 141 113 0
0.66908 -0.30923 0.265003 141 113 0
0.672457 -0.313161 0.266993 141 113 0
0.67281 -0.319049 0.267597 141 113 0
0.671423 -0.32438 0.267732 141 113 0
0.667253 -0.328387 0.266209 141 113 0
0.661829 -0.328232 0.263704 141 113 0
0.656726 -0.327742 0.26106 141 113 0
0.652491 -0.324377 0.258653 141 113 0
0.649749 -0.319441 0.256834 141 113 0
0.647807 -0.314036 0.255139 141 113 0
0.648281 -0.308136 0.254593 141 113 0
0.650192 -0.302478 0.254842 141 113 0
0.654428 -0.298491 0.256244 141 113 0
0.659317 -0.295501 0.257928 141 113 0
0.664707 -0.294778 0.260085 141 113 0
0.669817 -0.296396 0.262643 141 113 0
0.673048 -0.300868 0.264549 141 113 0
0.674493 -0.306331 0.265847 141 113 0
0.673466 -0.312213 0.266148 141 113 0
0.669888 -0.316834 0.265114 141 113 0
0.664977 -0.318771 0.26301 141 113 0
0.659563 -0.318612 0.260479 141 113 0
0.65462 -0.316534 0.257921 141 113 0
0.651415 -0.311937 0.255931 141 113 0
0.649313 -0.30663 0.254191 141 113 0
0.649198 -0.30081 0.25326 141 113 0
0.650904 -0.295152 0.253142 141 113 0
0.654868 -0.290935 0.254255 141 113 0
0.658502 -0.28675 0.255073 141 113 0
0.663838 -0.285676 0.257304 141 113 0
0.668775 -0.285249 0.259453 141 113 0
0.67317 -0.288473 0.261672 141 113 0
0.675894 -0.293284 0.263453 141 113 0
0.675797 -0.29923 0.264132 141 113 0
0.673504 -0.304612 0.263722 141 113 0
0.668554 -0.307493 0.262006 141 113 0
0.663281 -0.308281 0.259848 142 112 0
0.658395 -0.306585 0.257447 142 112 0
0.653988 -0.303479 0.254925 142 112 0
0.651648 -0.298589 0.25328 142 112 0
0.650359 -0.292923 0.251834 142 112 0
0.651415 -0.287108 0.251385 142 112 0
0.654491 -0.282182 0.251941 142 112 0
0.658558 -0.277986 0.253214 142 112 0
0.663274 -0.275038 0.254868 142 112 0
0.668714 -0.27533 0.257021 142 112 0
0.673679 -0.277614 0.259434 142 112 0
0.676393 -0.28242 0.260973 142 112 0
0.677082 -0.287062 0.262068 142 112 0
0.67606 -0.292672 0.262418 142 112 0
0.67219 -0.297087 0.261318 142 112 0
0.667178 -0.297897 0.259206 142 112 0
0.661937 -0.297671 0.256812 142 112 0
0.657229 -0.294913 0.254395 142 112 0
0.653818 -0.290702 0.252441 142 112 0
0.652798 -0.284994 0.251374 142 112 0
0.653543 -0.279099 0.2507 142 112 0
0.654343 -0.273295 0.250018 142 112 0
0.658038 -0.268944 0.250867 142 112 0
0.662371 -0.265154 0.252479 142 112 0
0.667623 -0.263889 0.254654 142 112 0
0.67276 -0.265498 0.256897 142 112 0
0.676377 -0.26971 0.258619 142 112 0
0.678811 -0.274916 0.260224 142 112 0
0.678162 -0.280419 0.260508 142 112 0
0.675268 -0.285118 0.259979 142 112 0
0.670381 -0.287891 0.25835 142 112 0
0.665026 -0.288668 0.255981 142 112 0
0.66038 -0.285933 0.253751 142 112 0
0.655888 -0.28283 0.251334 142 112 0
0.654044 -0.277498 0.250164 142 112 0
0.653906 -0.271573 0.249439 142 112 0
0.655104 -0.265768 0.249239 142 112 0
0.658051 -0.26066 0.249686 142 112 0
0.661828 -0.256856 0.250537 142 112 0
0.66672 -0.254275 0.252145 142 112 0
0.672266 -0.254616 0.254383 142 112 0
0.676987 -0.257353 0.256502 142 112 0
0.679814 -0.26236 0.258017 142 112 0
0.679928 -0.268052 0.258681 142 112 0
0.678159 -0.273537 0.258868 142 112 0
0.673786 -0.277389 0.257616 142 112 0
0.668487 -0.278037 0.255769 142 112 0
0.663119 -0.2771 0.253522 142 112 0
0.65851 -0.274111 0.251253 142 112 0
0.65562 -0.269214 0.249625 142 112 0
0.653566 -0.263816 0.248145 142 112 0
0.654486 -0.258125 0.247897 142 112 0
0.656593 -0.252897 0.247768 142 112 0
0.660655 -0.249017 0.248544 142 112 0
0.664901 -0.244892 0.249274 142 112 0
0.670457 -0.244454 0.251072 142 112 0
0.675516 -0.245329 0.252661 142 112 0
0.679458 -0.248571 0.254294 142 112 0
0.681239 -0.253688 0.255542 142 112 0
0.681594 -0.258827 0.256977 142 112 0
0.679282 -0.264168 0.257055 142 112 0
0.674825 -0.266785 0.256538 142 112 0
0.669831 -0.268616 0.254813 142 112 0
0.664861 -0.266883 0.253122 142 112 0
0.660505 -0.264578 0.251222 142 112 0
0.657313 -0.26155 0.249595 142 112 0
0.655816 -0.257003 0.248534 142 112 0
0.655305 -0.253553 0.247891 142 112 0
0.654872 -0.248475 0.246568 142 112 0
0.657024 -0.243576 0.246327 142 112 0
0.659896 -0.239955 0.246702 142 112 0
0.662743 -0.237332 0.247039 142 112 0
0.666314 -0.234595 0.247538 142 112 0
0.671197 -0.23401 0.249089 142 112 0
0.668599 -0.235497 0.248311 142 112 0
0.663991 -0.23776 0.247254 142 112 0
0.659345 -0.239882 0.246078 142 112 0
0.654651 -0.241793 0.244749 142 112 0
0.649961 -0.24365 0.243322 142 112 0
0.64527 -0.24542 0.241798 142 112 0
0.644954 -0.245274 0.242735 142 112 0
0.585246 -0.247509 0.217447 142 112 0
0.585717 -0.24761 0.21657 142 112 0
0.585717 -0.24761 0.21657 142 112 0
0.584934 -0.25529 0.217778 142 112 0
0.584971 -0.260331 0.218689 142 112 0
0.58475 -0.265383 0.219516 142 112 0
0.584599 -0.270448 0.220272 142 112 0
0.584574 -0.275527 0.220941 142 112 0
0.584453 -0.280619 0.221472 142 112 0
0.584173 -0.285716 0.221909 142 112 0
0.583921 -0.290818 0.22231 142 112 0
0.58373 -0.295929 0.22262 142 112 0
0.583552 -0.301041 0.222894 142 112 0
0.581845 -0.310816 0.223747 142 112 0
0.580919 -0.315822 0.22426 142 112 0
0.579983 -0.320841 0.224727 142 112 0
0.579146 -0.325871 0.22525 142 112 0
0.578031 -0.330853 0.225724 142 112 0
0.577105 -0.335853 0.22637 142 112 0
0.576196 -0.340858 0.227003 142 112 0
0.575125 -0.34585 0.227463 142 112 0
0.573998 -0.350829 0.227938 142 112 0
0.57311 -0.355842 0.228533 142 112 0
0.572226 -0.36086 0.229103 143 111 0
0.571109 -0.365833 0.229639 143 111 0
0.57022 -0.370843 0.230224 143 111 0
0.571437 -0.363065 0.229474 143 111 0
0.572708 -0.358487 0.229052 143 111 0
0.573687 -0.35385 0.228469 143 111 0
0.574696 -0.349215 0.22793 143 111 0
0.575844 -0.344603 0.227483 143 111 0
0.576754 -0.339943 0.226973 143 111 0
0.577681 -0.335279 0.226539 143 111 0
0.578604 -0.330622 0.226031 143 111 0
0.579533 -0.325966 0.22552 143 111 0
0.580509 -0.321312 0.225097 143 111 0
0.581421 -0.316646 0.224755 143 111 0
0.581918 -0.308617 0.223236 143 111 0
0.582327 -0.303773 0.222817 143 111 0
0.5825 -0.298904 0.222438 143 111 0
0.582728 -0.29404 0.222021 143 111 0
0.582845 -0.289168 0.22164 143 111 0
0.582995 -0.2843 0.221221 143 111 0
0.583163 -0.279437 0.220748 143 111 0
0.58335 -0.274577 0.220264 143 111 0
0.583428 -0.269731 0.21963 143 111 0
0.583743 -0.264898 0.218987 143 111 0
0.583888 -0.260089 0.218175 143 111 0
0.584374 -0.255271 0.217514 143 111 0
0.585228 -0.232458 0.215797 143 111 0
0.58876 -0.23445 0.217687 143 111 0
0.592288 -0.236466 0.219553 143 111 0
0.595646 -0.240625 0.221712 143 111 0
0.596779 -0.246018 0.222819 143 111 0
0.594872 -0.251438 0.222513 143 111 0
0.591751 -0.256362 0.22137 143 111 0
0.587735 -0.26035 0.21963 143 111 0
0.583122 -0.262923 0.217064 143 111 0
0.578318 -0.261329 0.214142 143 111 0
0.573548 -0.260264 0.211056 143 111 0
0.569915 -0.256126 0.208572 143 111 0
0.567575 -0.251051 0.206631 143 111 0
0.567739 -0.24505 0.206161 143 111 0
0.568986 -0.239212 0.206455 143 111 0
0.573075 -0.235759 0.208571 143 111 0
0.577706 -0.232969 0.211225 143 111 0
0.582108 -0.235009 0.214027 143 111 0
0.585962 -0.238251 0.216739 143 111 0
0.587956 -0.243673 0.218449 143 111 0
0.587756 -0.249594 0.218795 143 111 0
0.586047 -0.255297 0.217995 143 111 0
0.582355 -0.259234 0.215965 143 111 0
0.577543 -0.261659 0.213241 143 111 0
0.572553 -0.263003 0.210384 143 111 0
0.567968 -0.260862 0.207714 143 111 0
0.563891 -0.257212 0.205153 143 111 0
0.560224 -0.253572 0.202602 143 111 0
0.559296 -0.2477 0.201639 143 111 0
0.560414 -0.241875 0.201731 143 111 0
0.562582 -0.236407 0.202701 143 111 0
0.567648 -0.234906 0.20553 143 111 0
0.572872 -0.234898 0.208564 143 111 0
0.577369 -0.237433 0.21152 143 111 0
0.579949 -0.242423 0.213399 143 111 0
0.57988 -0.248412 0.213823 143 111 0
0.57864 -0.254231 0.213429 143 111 0
0.575101 -0.258639 0.211609 143 111 0
0.57042 -0.261193 0.209109 143 111 0
0.565475 -0.263137 0.206457 143 111 0
0.560753 -0.260656 0.203706 143 111 0
0.556155 -0.259197 0.200806 143 111 0
0.553307 -0.254245 0.198845 143 111 0
0.552198 -0.248636 0.197913 143 111 0
0.552411 -0.242622 0.19767 143 111 0
0.554678 -0.237934 0.198566 143 111 0
0.557514 -0.235006 0.199826 143 111 0
0.562566 -0.234885 0.202284 143 111 0
0.567459 -0.235624 0.204837 143 111 0
0.570883 -0.238097 0.206901 143 111 0
0.573094 -0.242314 0.208496 143 111 0
0.574199 -0.247678 0.209799 143 111 0
0.57428 -0.253415 0.210745 143 111 0
0.572294 -0.258744 0.210399 143 111 0
0.569537 -0.263604 0.20932 143 111 0
0.564903 -0.266298 0.206841 143 111 0
0.560556 -0.268684 0.204335 143 111 0
0.555654 -0.267436 0.201348 143 111 0
0.551511 -0.264638 0.19868 143 111 0
0.549537 -0.259667 0.197191 143 111 0
0.547956 -0.254345 0.195928 143 111 0
0.550154 -0.249049 0.196709 143 111 0
0.554381 -0.245576 0.198822 143 111 0
0.559064 -0.244456 0.201284 143 111 0
0.56417 -0.244501 0.204367 143 111 0
0.568264 -0.247545 0.207105 143 111 0
0.570708 -0.252545 0.209186 143 111 0
0.572428 -0.257944 0.210717 143 111 0
0.572137 -0.263888 0.211166 143 111 0
0.569564 -0.268744 0.210319 143 111 0
0.566247 -0.273372 0.208869 143 111 0
0.562216 -0.277154 0.206764 143 111 0
0.557298 -0.278773 0.203844 143 111 0
0.55257 -0.277707 0.200832 143 111 0
0.549034 -0.273643 0.198357 143 111 0
0.547295 -0.268233 0.196916 143 111 0
0.547642 -0.262343 0.196541 143 111 0
0.55115 -0.25784 0.198215 144 110 0
0.555219 -0.25455 0.200578 144 110 0
0.560232 -0.254695 0.203813 144 110 0
0.564905 -0.255874 0.206996 144 110 0
0.56741 -0.260484 0.209001 144 110 0
0.569472 -0.265822 0.210655 144 110 0
0.571321 -0.271114 0.212109 144 110 0
0.569321 -0.276671 0.211246 144 110 0
0.567857 -0.282049 0.210816 144 110 0
0.563661 -0.285525 0.208637 144 110 0
0.558816 -0.28764 0.205876 144 110 0
0.553831 -0.288321 0.202797 144 110 0
0.549643 -0.285697 0.199767 144 110 0
0.547121 -0.280752 0.197705 144 110 0
0.54604 -0.275259 0.196621 144 110 0
0.548016 -0.269801 0.197616 144 110 0
0.552133 -0.266656 0.200147 144 110 0
0.556841 -0.264876 0.203239 144 110 0
0.561787 -0.265289 0.206469 144 110 0
0.56576 -0.268259 0.209201 144 110 0
0.568392 -0.273209 0.211235 144 110 0
0.56885 -0.278951 0.211915 144 110 0
0.568723 -0.284911 0.212197 144 110 0
0.566724 -0.290362 0.21134 144 110 0
0.563117 -0.294672 0.209429 144 110 0
0.558907 -0.297883 0.206866 144 110 0
0.554097 -0.298574 0.203799 144 110 0
0.549743 -0.296051 0.200817 144 110 0
0.545935 -0.293115 0.198226 144 110 0
0.545258 -0.287329 0.197345 144 110 0
0.545577 -0.281454 0.197316 144 110 0
0.549012 -0.27746 0.199419 144 110 0
0.553198 -0.274245 0.202159 144 110 0
0.557922 -0.274639 0.205303 144 110 0
0.561941 -0.277769 0.208141 144 110 0
0.565584 -0.281319 0.210695 144 110 0
0.568398 -0.286124 0.212779 144 110 0
0.568189 -0.292084 0.213014 144 110 0
0.56753 -0.297812 0.212853 144 110 0
0.564577 -0.302721 0.211189 144 110 0
0.560733 -0.306137 0.208807 144 110 0
0.556181 -0.308442 0.205793 144 110 0
0.551223 -0.308713 0.202484 144 110 0
0.54719 -0.305962 0.199529 144 110 0
0.544976 -0.301597 0.197749 144 110 0
0.543123 -0.296243 0.196342 144 110 0
0.545227 -0.291514 0.19735 144 110 0
0.548328 -0.287735 0.199277 144 110 0
0.552092 -0.284537 0.201866 144 110 0
0.556815 -0.285412 0.20505 144 110 0
0.56086 -0.288227 0.208044 144 110 0
0.564396 -0.290999 0.210638 144 110 0
0.565933 -0.296384 0.212368 144 110 0
0.565593 -0.302317 0.212903 144 110 0
0.565325 -0.308269 0.213246 144 110 0
0.563243 -0.313604 0.21214 144 110 0
0.558888 -0.316244 0.209425 144 110 0
0.555168 -0.318665 0.206598 144 110 0
0.55046 -0.317993 0.203018 144 110 0
0.546286 -0.316914 0.199401 144 110 0
0.543342 -0.31327 0.196741 144 110 0
0.543511 -0.307466 0.196391 144 110 0
0.543853 -0.302143 0.196539 144 110 0
0.546554 -0.298652 0.198234 144 110 0
0.550543 -0.296262 0.200904 144 110 0
0.555007 -0.296017 0.204189 144 110 0
0.559031 -0.29655 0.207757 144 110 0
0.56111 -0.299754 0.209585 144 110 0
0.563775 -0.302437 0.211665 144 110 0
0.565339 -0.307005 0.213275 144 110 0
0.564741 -0.312875 0.214311 144 110 0
0.564226 -0.318737 0.214498 144 110 0
0.561553 -0.323637 0.213192 144 110 0
0.557867 -0.326325 0.210594 144 110 0
0.554654 -0.328653 0.20721 144 110 0
0.550264 -0.328449 0.203212 144 110 0
0.546174 -0.326972 0.199639 144 110 0
0.542988 -0.32276 0.196826 144 110 0
0.543065 -0.316863 0.196359 144 110 0
0.544755 -0.311236 0.197546 144 110 0
0.547927 -0.306839 0.199973 144 110 0
0.552549 -0.306332 0.203632 144 110 0
0.557075 -0.306792 0.207521 144 110 0
0.561174 -0.309112 0.21094 144 110 0
0.563269 -0.314154 0.213289 144 110 0
0.564378 -0.319702 0.214905 144 110 0
0.563948 -0.325659 0.215415 144 110 0
0.562298 -0.331345 0.214588 144 110 0
0.559707 -0.336269 0.212679 144 110 0
0.555491 -0.338931 0.209407 144 110 0
0.551113 -0.340298 0.205804 144 110 0
0.546634 -0.338777 0.202219 144 110 0
0.543282 -0.335219 0.198902 144 110 0
0.542099 -0.329996 0.197369 144 110 0
0.542512 -0.324025 0.197293 144 110 0
0.545258 -0.319667 0.199341 144 110 0
0.549222 -0.316666 0.202619 144 110 0
0.553791 -0.316153 0.206354 144 110 0
0.558 -0.317628 0.209909 144 110 0
0.561033 -0.321701 0.213077 144 110 0
0.563354 -0.326666 0.215447 144 110 0
0.563554 -0.33248 0.216408 144 110 0
0.562725 -0.338347 0.21631 144 110 0
0.559978 -0.343184 0.214548 144 110 0
0.557144 -0.347942 0.21236 145 109 0
0.552879 -0.3504 0.209171 145 109 0
0.548308 -0.350033 0.205434 145 109 0
0.544248 -0.347529 0.20204 145 109 0
0.541604 -0.342929 0.19933 145 109 0
0.541803 -0.337026 0.19862 145 109 0
0.543543 -0.33164 0.199447 145 109 0
0.547418 -0.328103 0.20222 145 109 0
0.551348 -0.326596 0.20556 145 109 0
0.555615 -0.328352 0.209261 145 109 0
0.559455 -0.330986 0.21301 145 109 0
0.562292 -0.335257 0.215936 145 109 0
0.562856 -0.340936 0.217397 145 109 0
0.561964 -0.34681 0.217535 145 109 0
0.560283 -0.352502 0.216742 145 109 0
0.556834 -0.356537 0.214505 145 109 0
0.553306 -0.360451 0.211837 145 109 0
0.548574 -0.360444 0.208161 145 109 0
0.544387 -0.359147 0.204577 145 109 0
0.540989 -0.355247 0.201563 145 109 0
0.540876 -0.349602 0.2006 145 109 0
0.54215 -0.344018 0.200965 145 109 0
0.545037 -0.339141 0.202885 145 109 0
0.549572 -0.33784 0.206252 145 109 0
0.553725 -0.33714 0.209859 145 109 0
0.557385 -0.340264 0.213434 145 109 0
0.560684 -0.344015 0.216717 145 109 0
0.562062 -0.349384 0.218755 145 109 0
0.561613 -0.355311 0.219437 145 109 0
0.560322 -0.360976 0.219042 145 109 0
0.557551 -0.365919 0.217303 145 109 0
0.553758 -0.369687 0.214612 145 109 0
0.549346 -0.370654 0.211245 145 109 0
0.545022 -0.369848 0.207441 145 109 0
0.541701 -0.366359 0.203875 145 109 0
0.540012 -0.361185 0.201911 145 109 0
0.540211 -0.35521 0.201538 145 109 0
0.542785 -0.350271 0.2032 145 109 0
0.547274 -0.348549 0.206597 145 109 0
0.551777 -0.348273 0.21052 145 109 0
0.555998 -0.34958 0.214436 145 109 0
0.558775 -0.353635 0.217544 145 109 0
0.561215 -0.35845 0.220142 145 109 0
0.561206 -0.364237 0.221163 145 109 0
0.559673 -0.370013 0.22077 145 109 0
0.55735 -0.375313 0.219458 145 109 0
0.554186 -0.379632 0.217157 145 109 0
0.550059 -0.382443 0.213851 145 109 0
0.545662 -0.381374 0.210094 145 109 0
0.542155 -0.378478 0.20656 145 109 0
0.539421 -0.374334 0.20366 145 109 0
0.539765 -0.368557 0.202701 145 109 0
0.541516 -0.363009 0.203486 145 109 0
0.544419 -0.358714 0.205972 145 109 0
0.54888 -0.358326 0.209929 145 109 0
0.553119 -0.358752 0.214116 145 109 0
0.557146 -0.36095 0.217836 145 109 0
0.558976 -0.365963 0.220351 145 109 0
0.560642 -0.371288 0.222361 145 109 0
0.560566 -0.377196 0.222754 145 109 0
0.558642 -0.382321 0.221529 145 109 0
0.555612 -0.386833 0.219052 145 109 0
0.552382 -0.390773 0.216243 145 109 0
0.548621 -0.392119 0.212666 145 109 0
0.544887 -0.390995 0.20875 145 109 0
0.541997 -0.388069 0.206051 145 109 0
0.538995 -0.384363 0.203197 145 109 0
0.539291 -0.378566 0.202811 145 109 0
0.540447 -0.374205 0.203551 145 109 0
0.543419 -0.370093 0.206095 145 109 0
0.546842 -0.368635 0.209615 145 109 0
0.549779 -0.368196 0.213463 145 109 0
0.553187 -0.369747 0.21728 145 109 0
0.557178 -0.371927 0.220329 145 109 0
0.559096 -0.377237 0.221583 145 109 0
0.56057 -0.382703 0.222276 145 109 0
0.559265 -0.388067 0.220988 145 109 0
0.556929 -0.392712 0.218821 145 109 0
0.552924 -0.395545 0.215661 145 109 0
0.548609 -0.396714 0.212057 145 109 0
0.543964 -0.396166 0.208578 145 109 0
0.540634 -0.392633 0.205742 145 109 0
0.538703 -0.387678 0.203883 145 109 0
0.538577 -0.381865 0.203458 145 109 0
0.539681 -0.376242 0.204086 145 109 0
0.542407 -0.371777 0.206132 145 109 0
0.546549 -0.369487 0.209295 145 109 0
0.550135 -0.368196 0.212846 145 109 0
0.553505 -0.368578 0.217132 145 109 0
0.556531 -0.370565 0.219777 145 109 0
0.558505 -0.37377 0.221562 145 109 0
0.560399 -0.377417 0.223493 145 109 0
0.56024 -0.383141 0.223722 145 109 0
0.558324 -0.386891 0.222187 145 109 0
0.555588 -0.390445 0.219283 145 109 0
0.552009 -0.391919 0.215799 145 109 0
0.548029 -0.392097 0.211879 145 109 0
0.544323 -0.388924 0.20858 145 109 0
0.541501 -0.385482 0.205489 145 109 0
0.540177 -0.380265 0.203682 145 109 0
0.539003 -0.374632 0.202237 145 109 0
0.540955 -0.369344 0.202979 145 109 0
0.542574 -0.364045 0.20414 145 109 0
0.546041 -0.360833 0.207096 145 109 0
0.549512 -0.35831 0.210794 146 108 0
0.553782 -0.357794 0.214788 146 108 0
0.557421 -0.35989 0.218631 146 108 0
0.560634 -0.363748 0.221706 146 108 0
0.561006 -0.368987 0.222554 146 108 0
0.560667 -0.374805 0.222656 146 108 0
0.556881 -0.378671 0.220163 146 108 0
0.552569 -0.380698 0.216757 146 108 0
0.548785 -0.38205 0.213239 146 108 0
0.545617 -0.378688 0.209572 146 108 0
0.542744 -0.37537 0.206393 146 108 0
0.540792 -0.370389 0.203771 146 108 0
0.539823 -0.365263 0.202078 146 108 0
0.54174 -0.359619 0.202364 146 108 0
0.544053 -0.354257 0.203739 146 108 0
0.547084 -0.349855 0.206347 146 108 0
0.551131 -0.347024 0.209768 146 108 0
0.554718 -0.348624 0.213146 146 108 0
0.558848 -0.349272 0.21715 146 108 0
0.561353 -0.353568 0.219979 146 108 0
0.562758 -0.35873 0.221856 146 108 0
0.561164 -0.36439 0.221351 146 108 0
0.557326 -0.36818 0.218816 146 108 0
0.553381 -0.37078 0.215332 146 108 0
0.548907 -0.370628 0.211348 146 108 0
0.54535 -0.368189 0.207407 146 108 0
0.542889 -0.363995 0.204206 146 108 0
0.541259 -0.358709 0.20193 146 108 0
0.540737 -0.353091 0.200797 146 108 0
0.542877 -0.347754 0.201393 146 108 0
0.54552 -0.342666 0.203136 146 108 0
0.548896 -0.338436 0.205663 146 108 0
0.553229 -0.336422 0.209121 146 108 0
0.557557 -0.337801 0.213046 146 108 0
0.561426 -0.340695 0.216561 146 108 0
0.563586 -0.345369 0.219445 146 108 0
0.563754 -0.351158 0.220416 146 108 0
0.561111 -0.356113 0.219037 146 108 0
0.55731 -0.359465 0.216068 146 108 0
0.552892 -0.360448 0.212236 146 108 0
0.548439 -0.359799 0.208361 146 108 0
0.545213 -0.356522 0.20507 146 108 0
0.543108 -0.351543 0.202478 146 108 0
0.543048 -0.345804 0.201296 146 108 0
0.543373 -0.339822 0.200777 146 108 0
0.545083 -0.334341 0.201496 146 108 0
0.548781 -0.330529 0.203929 146 108 0
0.552919 -0.327272 0.206832 146 108 0
0.557265 -0.327498 0.210579 146 108 0
0.561325 -0.328752 0.214473 146 108 0
0.563883 -0.333533 0.217054 146 108 0
0.564907 -0.339047 0.218557 146 108 0
0.564285 -0.344728 0.218505 146 108 0
0.560769 -0.348584 0.216008 146 108 0
0.556627 -0.350662 0.212735 146 108 0
0.551933 -0.350323 0.209075 146 108 0
0.548262 -0.347247 0.205499 146 108 0
0.544978 -0.343296 0.202397 146 108 0
0.543674 -0.337844 0.200732 146 108 0
0.543924 -0.331893 0.200093 146 108 0
0.544184 -0.326125 0.199919 146 108 0
0.547996 -0.322117 0.202247 146 108 0
0.552056 -0.319022 0.205207 146 108 0
0.556479 -0.316686 0.208543 146 108 0
0.560963 -0.317314 0.212313 146 108 0
0.564341 -0.320756 0.21533 146 108 0
0.565726 -0.326237 0.217087 146 108 0
0.56602 -0.33211 0.217602 146 108 0
0.563095 -0.336101 0.215665 146 108 0
0.559197 -0.339579 0.212765 146 108 0
0.554683 -0.340494 0.209016 146 108 0
0.550481 -0.338363 0.205506 146 108 0
0.546737 -0.334767 0.202484 146 108 0
0.545256 -0.329243 0.200909 146 108 0
0.543988 -0.323678 0.199333 146 108 0
0.544479 -0.317746 0.199155 146 108 0
0.547289 -0.312803 0.200559 146 108 0
0.551348 -0.309271 0.203126 146 108 0
0.555842 -0.307054 0.206441 146 108 0
0.560626 -0.306613 0.210014 146 108 0
0.564349 -0.309484 0.213253 146 108 0
0.566735 -0.314524 0.215482 146 108 0
0.566779 -0.320307 0.215767 146 108 0
0.564637 -0.325742 0.214363 146 108 0
0.560664 -0.329239 0.211591 146 108 0
0.556199 -0.329757 0.208518 146 108 0
0.551561 -0.328342 0.205107 146 108 0
0.547812 -0.325257 0.202064 146 108 0
0.545459 -0.320205 0.199899 146 108 0
0.544523 -0.31437 0.198799 146 108 0
0.544854 -0.308482 0.198588 146 108 0
0.547856 -0.303562 0.200257 146 108 0
0.551593 -0.299524 0.202662 146 108 0
0.556032 -0.296907 0.205641 146 108 0
0.560962 -0.296346 0.208968 146 108 0
0.565196 -0.298979 0.212182 146 108 0
0.567532 -0.302767 0.214247 146 108 0
0.569113 -0.308196 0.215616 146 108 0
0.566834 -0.313302 0.214416 146 108 0
0.563732 -0.317701 0.212348 146 108 0
0.559132 -0.320025 0.209264 146 108 0
0.554353 -0.318793 0.206034 146 108 0
0.54993 -0.316203 0.202912 146 108 0
0.546544 -0.312311 0.200362 147 107 0
0.545086 -0.306698 0.198888 147 107 0
0.54612 -0.30117 0.198866 147 107 0
0.546257 -0.295203 0.198726 147 107 0
0.550184 -0.291562 0.200959 147 107 0
0.554088 -0.287905 0.203487 147 107 0
0.558665 -0.285583 0.206578 147 107 0
0.563353 -0.286152 0.209761 147 107 0
0.566927 -0.290041 0.21231 147 107 0
0.569336 -0.295261 0.214071 147 107 0
0.569592 -0.300928 0.21449 147 107 0
0.566597 -0.305472 0.212724 147 107 0
0.561932 -0.307818 0.209744 147 107 0
0.556997 -0.308422 0.206441 147 107 0
0.552398 -0.30704 0.203214 147 107 0
0.548958 -0.302881 0.200712 147 107 0
0.546264 -0.298054 0.198683 147 107 0
0.546457 -0.292052 0.198388 147 107 0
0.54761 -0.286379 0.198825 147 107 0
0.550288 -0.281218 0.200354 147 107 0
0.553353 -0.27645 0.202335 147 107 0
0.558336 -0.276097 0.2056 147 107 0
0.563144 -0.276669 0.208831 147 107 0
0.567402 -0.279387 0.211907 147 107 0
0.570319 -0.284135 0.214103 147 107 0
0.56945 -0.289878 0.213894 147 107 0
0.568042 -0.2954 0.213133 147 107 0
0.563969 -0.298671 0.210553 147 107 0
0.558979 -0.29888 0.207209 147 107 0
0.554179 -0.29783 0.203904 147 107 0
0.550103 -0.294502 0.201028 147 107 0
0.547204 -0.289878 0.198793 147 107 0
0.546711 -0.284106 0.197822 147 107 0
0.547273 -0.278182 0.1977 147 107 0
0.549951 -0.272956 0.198898 147 107 0
0.553527 -0.268559 0.200853 147 107 0
0.557897 -0.265586 0.203605 147 107 0
0.562829 -0.264797 0.206804 147 107 0
0.567309 -0.267104 0.20994 147 107 0
0.57115 -0.270634 0.212809 147 107 0
0.570843 -0.276623 0.213244 147 107 0
0.569715 -0.282332 0.213059 147 107 0
0.566096 -0.286483 0.210983 147 107 0
0.561641 -0.288314 0.208197 147 107 0
0.556771 -0.287976 0.204873 147 107 0
0.552614 -0.28495 0.201769 147 107 0
0.549901 -0.280249 0.199416 147 107 0
0.547571 -0.275047 0.197572 147 107 0
0.548068 -0.269374 0.197307 147 107 0
0.549553 -0.263729 0.197727 147 107 0
0.552675 -0.259126 0.199045 147 107 0
0.557161 -0.256756 0.20133 147 107 0
0.561872 -0.254705 0.204092 147 107 0
0.566659 -0.255602 0.207228 147 107 0
0.570634 -0.259007 0.210155 147 107 0
0.57228 -0.264039 0.212062 147 107 0
0.571386 -0.269268 0.212347 147 107 0
0.569255 -0.27433 0.211569 147 107 0
0.564951 -0.277216 0.209204 147 107 0
0.560111 -0.278613 0.206132 147 107 0
0.555934 -0.276645 0.20315 147 107 0
0.552151 -0.273023 0.200349 147 107 0
0.549328 -0.268572 0.198121 147 107 0
0.548662 -0.262819 0.19723 147 107 0
0.54975 -0.25842 0.197399 147 107 0
0.549983 -0.252425 0.197019 147 107 0
0.554508 -0.249379 0.199132 147 107 0
0.558606 -0.245727 0.20092 147 107 0
0.563736 -0.244486 0.203446 147 107 0
0.568646 -0.245458 0.20626 147 107 0
0.571334 -0.248672 0.208276 147 107 0
0.573615 -0.253473 0.210342 147 107 0
0.573422 -0.259036 0.211238 147 107 0
0.570011 -0.263465 0.210072 147 107 0
0.566121 -0.266253 0.208028 147 107 0
0.562925 -0.268644 0.206025 147 107 0
0.558092 -0.267732 0.202833 147 107 0
0.554132 -0.264308 0.200218 147 107 0
0.551783 -0.260256 0.198663 147 107 0
0.549839 -0.256635 0.197329 147 107 0
0.549966 -0.250723 0.196961 147 107 0
0.5502 -0.244828 0.196593 147 107 0
0.552407 -0.241296 0.197486 147 107 0
0.553958 -0.237932 0.198187 147 107 0
0.557754 -0.236198 0.199924 147 107 0
0.562587 -0.234885 0.202248 147 107 0
0.564705 -0.235692 0.203374 147 107 0
0.568692 -0.237687 0.205659 147 107 0
0.572563 -0.239772 0.208056 147 107 0
0.576273 -0.242089 0.210495 147 107 0
0.579985 -0.244392 0.212945 147 107 0
0.583647 -0.246817 0.215342 147 107 0
0.583163 -0.246698 0.216209 147 107 0
0.641725 -0.246942 0.243144 147 107 0
0.642063 -0.247079 0.242213 147 107 0
0.641875 -0.254732 0.242159 147 107 0
0.641641 -0.259948 0.242904 147 107 0
0.641042 -0.265143 0.243612 147 107 0
0.640688 -0.270347 0.244383 147 107 0
0.640491 -0.275557 0.2452 147 107 0
0.640169 -0.280765 0.24598 147 107 0
0.639747 -0.285976 0.246698 147 107 0
0.639245 -0.291187 0.247355 147 107 0
0.638903 -0.296401 0.248059 147 107 0
0.638407 -0.3016 0.248656 148 106 0
0.637261 -0.309331 0.249858 148 106 0
0.636478 -0.314108 0.251144 148 106 0
0.635736 -0.318938 0.252239 148 106 0
0.635053 -0.323783 0.253307 148 106 0
0.634347 -0.328612 0.25443 148 106 0
0.633688 -0.333435 0.255608 148 106 0
0.632963 -0.338262 0.256728 148 106 0
0.632359 -0.3431 0.257874 148 106 0
0.631729 -0.347931 0.259036 148 106 0
0.631135 -0.352773 0.260169 148 106 0
0.630546 -0.357623 0.261271 148 106 0
0.630023 -0.362506 0.262249 148 106 0
0.629459 -0.367379 0.263255 148 106 0
0.628926 -0.372287 0.264089 148 106 0
0.629633 -0.364555 0.263172 148 106 0
0.630254 -0.359777 0.261945 148 106 0
0.630851 -0.355001 0.260701 148 106 0
0.631434 -0.35019 0.259588 148 106 0
0.632049 -0.345395 0.258427 148 106 0
0.632856 -0.340604 0.257369 148 106 0
0.633499 -0.335807 0.256227 148 106 0
0.634203 -0.331018 0.255092 148 106 0
0.634895 -0.326227 0.253954 148 106 0
0.635632 -0.321416 0.252944 148 106 0
0.636551 -0.316637 0.251924 148 106 0
0.637382 -0.308381 0.249727 148 106 0
0.637568 -0.303537 0.248962 148 106 0
0.637892 -0.298702 0.248194 148 106 0
0.638266 -0.293872 0.247413 148 106 0
0.638631 -0.289024 0.246744 148 106 0
0.639014 -0.284175 0.246094 148 106 0
0.639408 -0.279331 0.245414 148 106 0
0.639901 -0.27449 0.244775 148 106 0
0.64038 -0.269647 0.244141 148 106 0
0.640895 -0.26481 0.243494 148 106 0
0.64142 -0.259976 0.24283 148 106 0
0.641859 -0.25513 0.242202 148 106 0
0.643548 -0.232337 0.238652 148 106 0
0.648052 -0.233877 0.240776 148 106 0
0.652388 -0.23551 0.24312 148 106 0
0.655921 -0.238635 0.245543 148 106 0
0.657051 -0.244174 0.246916 148 106 0
0.656744 -0.250066 0.24779 148 106 0
0.655515 -0.255713 0.248057 148 106 0
0.651935 -0.259428 0.247166 148 106 0
0.64762 -0.26235 0.245446 148 106 0
0.642958 -0.259737 0.242976 148 106 0
0.63839 -0.257009 0.240186 148 106 0
0.636442 -0.251921 0.238544 148 106 0
0.63704 -0.245975 0.237933 148 106 0
0.638967 -0.240622 0.23809 148 106 0
0.642457 -0.235863 0.239147 148 106 0
0.647452 -0.234816 0.241206 148 106 0
0.652391 -0.232633 0.243407 148 106 0
0.657297 -0.235018 0.245926 148 106 0
0.66209 -0.237243 0.248538 148 106 0
0.664641 -0.2424 0.250221 148 106 0
0.666274 -0.247838 0.251538 148 106 0
0.666478 -0.253793 0.252299 148 106 0
0.662569 -0.257891 0.250924 148 106 0
0.658237 -0.261627 0.249149 148 106 0
0.653058 -0.262439 0.246718 148 106 0
0.648925 -0.259008 0.244483 148 106 0
0.646005 -0.254137 0.242528 148 106 0
0.644544 -0.248599 0.241122 148 106 0
0.646821 -0.243068 0.241603 148 106 0
0.649458 -0.238102 0.242196 148 106 0
0.654639 -0.235695 0.244007 148 106 0
0.660208 -0.23517 0.245948 148 106 0
0.665648 -0.234601 0.248421 148 106 0
0.670116 -0.237959 0.250564 148 106 0
0.674245 -0.241551 0.252913 148 106 0
0.675962 -0.247031 0.254192 148 106 0
0.674416 -0.252737 0.254052 148 106 0
0.673207 -0.258497 0.254293 148 106 0
0.66829 -0.2614 0.252658 148 106 0
0.662687 -0.262012 0.250968 148 106 0
0.657859 -0.25944 0.248955 148 106 0
0.654577 -0.25526 0.247107 148 106 0
0.653259 -0.24998 0.245792 148 106 0
0.655018 -0.244766 0.245717 148 106 0
0.65755 -0.239691 0.245654 148 106 0
0.661736 -0.236823 0.246785 148 106 0
0.66605 -0.234589 0.247719 148 106 0
0.671113 -0.23401 0.249233 148 106 0
0.674805 -0.236218 0.249782 148 106 0
0.678157 -0.238561 0.251345 148 106 0
0.680899 -0.242647 0.252979 148 106 0
0.683114 -0.24683 0.254844 148 106 0
0.68269 -0.252701 0.255987 148 106 0
0.680301 -0.257845 0.256185 148 106 0
0.677685 -0.262792 0.256438 148 106 0
0.673062 -0.266423 0.255358 148 106 0
0.668181 -0.268517 0.254008 148 106 0
0.662688 -0.267641 0.252037 148 106 0
0.658629 -0.263732 0.250215 148 106 0
0.655337 -0.259926 0.248099 148 106 0
0.654585 -0.254245 0.246729 148 106 0
0.657232 -0.249174 0.247112 148 106 0
0.661559 -0.245577 0.248249 148 106 0
0.667104 -0.244931 0.250134 148 106 0
0.672674 -0.245257 0.25235 148 106 0
0.677177 -0.248302 0.254694 149 105 0
0.680068 -0.25315 0.256574 149 105 0
0.681139 -0.258933 0.25771 149 105 0
0.680505 -0.264884 0.258227 149 105 0
0.678197 -0.270351 0.258073 149 105 0
0.674965 -0.275255 0.257544 149 105 0
0.669955 -0.278103 0.256154 149 105 0
0.664443 -0.278135 0.253778 149 105 0
0.659644 -0.276789 0.251527 149 105 0
0.655908 -0.272498 0.249573 149 105 0
0.654917 -0.267225 0.248688 149 105 0
0.655273 -0.261451 0.248243 149 105 0
0.659336 -0.25751 0.249553 149 105 0
0.663939 -0.25414 0.251435 149 105 0
0.669251 -0.25517 0.253806 149 105 0
0.674211 -0.257432 0.256325 149 105 0
0.676726 -0.262079 0.257712 149 105 0
0.679487 -0.267006 0.259531 149 105 0
0.679342 -0.272987 0.260149 149 105 0
0.678621 -0.278782 0.260412 149 105 0
0.675298 -0.283447 0.259465 149 105 0
0.670356 -0.286434 0.257776 149 105 0
0.665241 -0.288666 0.2556 149 105 0
0.659949 -0.287427 0.253239 149 105 0
0.655575 -0.284046 0.250965 149 105 0
0.653992 -0.278472 0.249913 149 105 0
0.654771 -0.27264 0.249889 149 105 0
0.658178 -0.267943 0.25084 149 105 0
0.663311 -0.265597 0.252927 149 105 0
0.668273 -0.266108 0.255132 149 105 0
0.672768 -0.269309 0.257525 149 105 0
0.677143 -0.272435 0.260106 149 105 0
0.678881 -0.277916 0.261537 149 105 0
0.678682 -0.283878 0.262269 149 105 0
0.67715 -0.2895 0.262285 149 105 0
0.67413 -0.294652 0.261651 149 105 0
0.669648 -0.298149 0.259955 149 105 0
0.664123 -0.298434 0.257603 149 105 0
0.658865 -0.297148 0.255276 149 105 0
0.655072 -0.293042 0.253302 149 105 0
0.652948 -0.287689 0.251731 149 105 0
0.653217 -0.281809 0.251123 149 105 0
0.656898 -0.27724 0.252101 149 105 0
0.662062 -0.276154 0.254182 149 105 0
0.667512 -0.276465 0.256716 149 105 0
0.672249 -0.278741 0.25906 149 105 0
0.675399 -0.283213 0.260923 149 105 0
0.678158 -0.288104 0.26292 149 105 0
0.677872 -0.293891 0.263704 149 105 0
0.676554 -0.299711 0.263969 149 105 0
0.672998 -0.304041 0.263185 149 105 0
0.668087 -0.307164 0.261685 149 105 0
0.662682 -0.308262 0.259785 149 105 0
0.657244 -0.30781 0.257343 149 105 0
0.653254 -0.304058 0.25531 149 105 0
0.651598 -0.298595 0.253852 149 105 0
0.652001 -0.292942 0.253041 149 105 0
0.655766 -0.288754 0.254137 149 105 0
0.660591 -0.286105 0.255692 149 105 0
0.666194 -0.286489 0.257819 149 105 0
0.670665 -0.288879 0.259731 149 105 0
0.674896 -0.292068 0.262078 149 105 0
0.677512 -0.297144 0.26396 149 105 0
0.67699 -0.303045 0.264932 149 105 0
0.676204 -0.308956 0.265649 149 105 0
0.672887 -0.313581 0.265512 149 105 0
0.668085 -0.316614 0.26444 149 105 0
0.662799 -0.318839 0.26308 149 105 0
0.657128 -0.31855 0.261118 149 105 0
0.652863 -0.315521 0.258824 149 105 0
0.650517 -0.310763 0.256694 149 105 0
0.649753 -0.305312 0.255272 149 105 0
0.651783 -0.300558 0.255379 149 105 0
0.655559 -0.298831 0.256473 149 105 0
0.658962 -0.295948 0.257511 149 105 0
0.664082 -0.296216 0.259074 149 105 0
0.668215 -0.297638 0.260425 149 105 0
0.671561 -0.300653 0.261853 149 105 0
0.674555 -0.303169 0.263621 149 105 0
0.676349 -0.308057 0.265261 149 105 0
0.676587 -0.31313 0.266814 149 105 0
0.675005 -0.318639 0.267513 149 105 0
0.671995 -0.323298 0.267311 149 105 0
0.668177 -0.327065 0.266724 149 105 0
0.663109 -0.328908 0.265011 149 105 0
0.657771 -0.328714 0.262952 149 105 0
0.653141 -0.325997 0.260667 149 105 0
0.649604 -0.321698 0.258385 149 105 0
0.648875 -0.316241 0.257255 149 105 0
0.65073 -0.31063 0.257071 149 105 0
0.655484 -0.30785 0.258503 149 105 0
0.660676 -0.30669 0.260516 149 105 0
0.66617 -0.307125 0.262865 149 105 0
0.670374 -0.310712 0.265209 149 105 0
0.67345 -0.315359 0.267404 149 105 0
0.674846 -0.320889 0.268911 149 105 0
0.674653 -0.326794 0.269913 149 105 0
0.671663 -0.33198 0.269424 149 105 0
0.667694 -0.336298 0.268409 149 105 0
0.662612 -0.338938 0.266636 149 105 0
0.657186 -0.340177 0.264404 149 105 0
0.652357 -0.337722 0.262141 149 105 0
0.648348 -0.333865 0.259917 149 105 0
0.647329 -0.328394 0.258885 149 105 0
0.648308 -0.322563 0.258538 150 104 0
0.652767 -0.318878 0.260085 150 104 0
0.6579 -0.316791 0.262119 150 104 0
0.663215 -0.317147 0.2647 150 104 0
0.667267 -0.320865 0.266915 150 104 0
0.67082 -0.324596 0.269519 150 104 0
0.672444 -0.330113 0.271236 150 104 0
0.67135 -0.335559 0.271829 150 104 0
0.668878 -0.341046 0.271713 150 104 0
0.666157 -0.346226 0.271169 150 104 0
0.661012 -0.348634 0.269253 150 104 0
0.655634 -0.350365 0.267183 150 104 0
0.650943 -0.347557 0.264817 150 104 0
0.647158 -0.344039 0.262535 150 104 0
0.645083 -0.338714 0.260653 150 104 0
0.646632 -0.333101 0.260201 150 104 0
0.650314 -0.328802 0.26105 150 104 0
0.655364 -0.326262 0.262947 150 104 0
0.660642 -0.327164 0.265602 150 104 0
0.665372 -0.329469 0.268432 150 104 0
0.668373 -0.333843 0.270924 150 104 0
0.670265 -0.338908 0.27335 150 104 0
0.669451 -0.344832 0.274059 150 104 0
0.667496 -0.350491 0.274643 150 104 0
0.66435 -0.355224 0.274328 150 104 0
0.659527 -0.358454 0.272768 150 104 0
0.654431 -0.360471 0.270772 150 104 0
0.649482 -0.358512 0.268524 150 104 0
0.645515 -0.354925 0.266062 150 104 0
0.643252 -0.349766 0.263947 150 104 0
0.644036 -0.344104 0.26298 150 104 0
0.647346 -0.33933 0.263414 150 104 0
0.652489 -0.336976 0.265172 150 104 0
0.657962 -0.336861 0.267557 150 104 0
0.662299 -0.338927 0.270192 150 104 0
0.665691 -0.343081 0.272848 150 104 0
0.667532 -0.347998 0.275082 150 104 0
0.667991 -0.353762 0.276764 150 104 0
0.666983 -0.359382 0.277955 150 104 0
0.663503 -0.364233 0.277171 150 104 0
0.658737 -0.367638 0.276328 150 104 0
0.653453 -0.369775 0.274417 150 104 0
0.648471 -0.368784 0.272345 150 104 0
0.643972 -0.365644 0.269907 150 104 0
0.641167 -0.361149 0.267586 150 104 0
0.6413 -0.355353 0.266357 150 104 0
0.64385 -0.350788 0.266275 150 104 0
0.648479 -0.347342 0.267879 150 104 0
0.653871 -0.346479 0.270113 150 104 0
0.658812 -0.348435 0.272728 150 104 0
0.662897 -0.351705 0.275476 150 104 0
0.66549 -0.356611 0.277811 150 104 0
0.666375 -0.362349 0.279276 150 104 0
0.664844 -0.368093 0.279839 150 104 0
0.662124 -0.373458 0.279807 150 104 0
0.657268 -0.376342 0.278454 150 104 0
0.652553 -0.379792 0.277148 150 104 0
0.647235 -0.380053 0.274763 150 104 0
0.642684 -0.376893 0.272413 150 104 0
0.639476 -0.372799 0.270314 150 104 0
0.637852 -0.367784 0.268613 150 104 0
0.639835 -0.362448 0.268698 150 104 0
0.644486 -0.35899 0.270276 150 104 0
0.649298 -0.356419 0.272102 150 104 0
0.654567 -0.356539 0.274501 150 104 0
0.659038 -0.359654 0.276853 150 104 0
0.662304 -0.363812 0.278993 150 104 0
0.663782 -0.369445 0.280361 150 104 0
0.664434 -0.374755 0.281615 150 104 0
0.662169 -0.379983 0.281133 150 104 0
0.658726 -0.384727 0.280175 150 104 0
0.654469 -0.388601 0.278514 150 104 0
0.649547 -0.390337 0.276255 150 104 0
0.644889 -0.388657 0.274151 150 104 0
0.640385 -0.386335 0.271835 150 104 0
0.638261 -0.382115 0.270745 150 104 0
0.637004 -0.376656 0.269936 150 104 0
0.639151 -0.371955 0.270877 150 104 0
0.641858 -0.36895 0.271779 150 104 0
0.644765 -0.366735 0.272855 150 104 0
0.649789 -0.366273 0.274838 150 104 0
0.654621 -0.367249 0.277056 150 104 0
0.658692 -0.369863 0.279375 150 104 0
0.662074 -0.374303 0.281406 150 104 0
0.661882 -0.380244 0.281555 150 104 0
0.661789 -0.386302 0.28184 150 104 0
0.658384 -0.39096 0.280274 150 104 0
0.653607 -0.39383 0.277958 150 104 0
0.64837 -0.394306 0.275313 150 104 0
0.643418 -0.39193 0.272871 150 104 0
0.639768 -0.387996 0.271009 150 104 0
0.637217 -0.382679 0.269657 150 104 0
0.638039 -0.376847 0.270006 150 104 0
0.640498 -0.371429 0.27118 150 104 0
0.644909 -0.368295 0.27325 150 104 0
0.649626 -0.366273 0.27512 150 104 0
0.653729 -0.366316 0.276405 150 104 0
0.658208 -0.368106 0.278441 150 104 0
0.661297 -0.371898 0.280111 150 104 0
0.662583 -0.376099 0.281031 150 104 0
0.66259 -0.379939 0.28137 150 104 0
0.660595 -0.384802 0.28096 150 104 0
0.657171 -0.388045 0.279751 150 104 0
0.652385 -0.389821 0.277788 150 104 0
0.647277 -0.390179 0.275363 151 103 0
0.643922 -0.387627 0.273762 151 103 0
0.640342 -0.384879 0.271898 151 103 0
0.63808 -0.379795 0.270498 151 103 0
0.637202 -0.374359 0.269601 151 103 0
0.637883 -0.368554 0.269014 151 103 0
0.640747 -0.363852 0.269446 151 103 0
0.644641 -0.35938 0.270304 151 103 0
0.649277 -0.356409 0.271697 151 103 0
0.654814 -0.355984 0.273843 151 103 0
0.659615 -0.357938 0.276202 151 103 0
0.663391 -0.361362 0.278739 151 103 0
0.664246 -0.366803 0.280041 151 103 0
0.663382 -0.372123 0.280885 151 103 0
0.659312 -0.376428 0.280005 151 103 0
0.654439 -0.378717 0.278352 151 103 0
0.649923 -0.380321 0.276399 151 103 0
0.645371 -0.377357 0.274003 151 103 0
0.641591 -0.373603 0.271457 151 103 0
0.639563 -0.368408 0.269477 151 103 0
0.638121 -0.363338 0.267351 151 103 0
0.640744 -0.35872 0.26722 151 103 0
0.642683 -0.353587 0.266777 151 103 0
0.646886 -0.349453 0.267234 151 103 0
0.651457 -0.346348 0.268359 151 103 0
0.656971 -0.34619 0.270501 151 103 0
0.661904 -0.347432 0.273082 151 103 0
0.665199 -0.351794 0.275468 151 103 0
0.665995 -0.357182 0.277531 151 103 0
0.664847 -0.362957 0.278638 151 103 0
0.661333 -0.367567 0.278209 151 103 0
0.65607 -0.369239 0.276785 151 103 0
0.651281 -0.369333 0.274572 151 103 0
0.646631 -0.367465 0.271795 151 103 0
0.643197 -0.363492 0.269046 151 103 0
0.641327 -0.358378 0.266573 151 103 0
0.641748 -0.352657 0.264931 151 103 0
0.642858 -0.346948 0.263494 151 103 0
0.645733 -0.341751 0.263534 151 103 0
0.650243 -0.337897 0.264254 151 103 0
0.655453 -0.336744 0.265733 151 103 0
0.660945 -0.336984 0.2681 151 103 0
0.665705 -0.338857 0.2709 151 103 0
0.668584 -0.343411 0.273489 151 103 0
0.668066 -0.348825 0.274689 151 103 0
0.665894 -0.354179 0.27522 151 103 0
0.662253 -0.358221 0.274473 151 103 0
0.656764 -0.358818 0.272422 151 103 0
0.651382 -0.358515 0.269814 151 103 0
0.646999 -0.355672 0.266972 151 103 0
0.643916 -0.351279 0.264461 151 103 0
0.642685 -0.345844 0.262415 151 103 0
0.644559 -0.34038 0.261811 151 103 0
0.645602 -0.334576 0.260936 151 103 0
0.649384 -0.329983 0.261178 151 103 0
0.654097 -0.326693 0.26251 151 103 0
0.659427 -0.325172 0.26471 151 103 0
0.664415 -0.327037 0.267074 151 103 0
0.66825 -0.330936 0.269446 151 103 0
0.670989 -0.33545 0.271858 151 103 0
0.6695 -0.341055 0.272108 151 103 0
0.66644 -0.346162 0.271511 151 103 0
0.661923 -0.34903 0.26983 151 103 0
0.656632 -0.348527 0.267274 151 103 0
0.651602 -0.346887 0.264676 151 103 0
0.647718 -0.343169 0.262306 151 103 0
0.646066 -0.337683 0.260734 151 103 0
0.645041 -0.331954 0.259314 151 103 0
0.646997 -0.326777 0.259355 151 103 0
0.650449 -0.321937 0.25981 151 103 0
0.653856 -0.317702 0.260581 151 103 0
0.659269 -0.316644 0.262831 151 103 0
0.66468 -0.316043 0.265332 151 103 0
0.669082 -0.319094 0.2677 151 103 0
0.671266 -0.324442 0.26917 151 103 0
0.671631 -0.329847 0.269967 151 103 0
0.668424 -0.334748 0.268737 151 103 0
0.664213 -0.338361 0.267034 151 103 0
0.65904 -0.339133 0.264776 151 103 0
0.654034 -0.336999 0.262273 151 103 0
0.650465 -0.332845 0.2602 151 103 0
0.648064 -0.32769 0.258375 151 103 0
0.646418 -0.322191 0.25678 151 103 0
0.647642 -0.316562 0.256416 151 103 0
0.651357 -0.312114 0.257612 151 103 0
0.655491 -0.308049 0.259059 151 103 0
0.660298 -0.305448 0.260993 151 103 0
0.66571 -0.304771 0.263434 151 103 0
0.66908 -0.30923 0.265003 151 103 0
0.672457 -0.313161 0.266993 151 103 0
0.67281 -0.319049 0.267597 151 103 0
0.671423 -0.32438 0.267732 151 103 0
0.667253 -0.328387 0.266209 151 103 0
0.661829 -0.328232 0.263704 151 103 0
0.656726 -0.327742 0.26106 151 103 0
0.652491 -0.324377 0.258653 151 103 0
0.649749 -0.319441 0.256834 151 103 0
0.647807 -0.314036 0.255139 151 103 0
0.648281 -0.308136 0.254593 151 103 0
0.650192 -0.302478 0.254842 151 103 0
0.654428 -0.298491 0.256244 151 103 0
0.659317 -0.295501 0.257928 151 103 0
0.664707 -0.294778 0.260085 151 103 0
0.669817 -0.296396 0.262643 152 102 0
0.673048 -0.300868 0.264549 152 102 0
0.674493 -0.306331 0.265847 152 102 0
0.673466 -0.312213 0.266148 152 102 0
0.669888 -0.316834 0.265114 152 102 0
0.664977 -0.318771 0.26301 152 102 0
0.659563 -0.318612 0.260479 152 102 0
0.65462 -0.316534 0.257921 152 102 0
0.651415 -0.311937 0.255931 152 102 0
0.649313 -0.30663 0.254191 152 102 0
0.649198 -0.30081 0.25326 152 102 0
0.650904 -0.295152 0.253142 152 102 0
0.654868 -0.290935 0.254255 152 102 0
0.658502 -0.28675 0.255073 152 102 0
0.663838 -0.285676 0.257304 152 102 0
0.668775 -0.285249 0.259453 152 102 0
0.67317 -0.288473 0.261672 152 102 0
0.675894 -0.293284 0.263453 152 102 0
0.675797 -0.29923 0.264132 152 102 0
0.673504 -0.304612 0.263722 152 102 0
0.668554 -0.307493 0.262006 152 102 0
0.663281 -0.308281 0.259848 152 102 0
0.658395 -0.306585 0.257447 152 102 0
0.653988 -0.303479 0.254925 152 102 0
0.651648 -0.298589 0.25328 152 102 0
0.650359 -0.292923 0.251834 152 102 0
0.651415 -0.287108 0.251385 152 102 0
0.654491 -0.282182 0.251941 152 102 0
0.658558 -0.277986 0.253214 152 102 0
0.663274 -0.275038 0.254868 152 102 0
0.668714 -0.27533 0.257021 152 102 0
0.673679 -0.277614 0.259434 152 102 0
0.676393 -0.28242 0.260973 152 102 0
0.677082 -0.287062 0.262068 152 102 0
0.67606 -0.292672 0.262418 152 102 0
0.67219 -0.297087 0.261318 152 102 0
0.667178 -0.297897 0.259206 152 102 0
0.661937 -0.297671 0.256812 152 102 0
0.657229 -0.294913 0.254395 152 102 0
0.653818 -0.290702 0.252441 152 102 0
0.652798 -0.284994 0.251374 152 102 0
0.653543 -0.279099 0.2507 152 102 0
0.654343 -0.273295 0.250018 152 102 0
0.658038 -0.268944 0.250867 152 102 0
0.662371 -0.265154 0.252479 152 102 0
0.667623 -0.263889 0.254654 152 102 0
0.67276 -0.265498 0.256897 152 102 0
0.676377 -0.26971 0.258619 152 102 0
0.678811 -0.274916 0.260224 152 102 0
0.678162 -0.280419 0.260508 152 102 0
0.675268 -0.285118 0.259979 152 102 0
0.670381 -0.287891 0.25835 152 102 0
0.665026 -0.288668 0.255981 152 102 0
0.66038 -0.285933 0.253751 152 102 0
0.655888 -0.28283 0.251334 152 102 0
0.654044 -0.277498 0.250164 152 102 0
0.653906 -0.271573 0.249439 152 102 0
0.655104 -0.265768 0.249239 152 102 0
0.658051 -0.26066 0.249686 152 102 0
0.661828 -0.256856 0.250537 152 102 0
0.66672 -0.254275 0.252145 152 102 0
0.672266 -0.254616 0.254383 152 102 0
0.676987 -0.257353 0.256502 152 102 0
0.679814 -0.26236 0.258017 152 102 0
0.679928 -0.268052 0.258681 152 102 0
0.678159 -0.273537 0.258868 152 102 0
0.673786 -0.277389 0.257616 152 102 0
0.668487 -0.278037 0.255769 152 102 0
0.663119 -0.2771 0.253522 152 102 0
0.65851 -0.274111 0.251253 152 102 0
0.65562 -0.269214 0.249625 152 102 0
0.653566 -0.263816 0.248145 152 102 0
0.654486 -0.258125 0.247897 152 102 0
0.656593 -0.252897 0.247768 152 102 0
0.660655 -0.249017 0.248544 152 102 0
0.664901 -0.244892 0.249274 152 102 0
0.670457 -0.244454 0.251072 152 102 0
0.675516 -0.245329 0.252661 152 102 0
0.679458 -0.248571 0.254294 152 102 0
0.681239 -0.253688 0.255542 152 102 0
0.681594 -0.258827 0.256977 152 102 0
0.679282 -0.264168 0.257055 152 102 0
0.674825 -0.266785 0.256538 152 102 0
0.669831 -0.268616 0.254813 152 102 0
0.664861 -0.266883 0.253122 152 102 0
0.660505 -0.264578 0.251222 152 102 0
0.657313 -0.26155 0.249595 152 102 0
0.655816 -0.257003 0.248534 152 102 0
0.655305 -0.253553 0.247891 152 102 0
0.654872 -0.248475 0.246568 152 102 0
0.657024 -0.243576 0.246327 152 102 0
0.659896 -0.239955 0.246702 152 102 0
0.662743 -0.237332 0.247039 152 102 0
0.666314 -0.234595 0.247538 152 102 0
0.671197 -0.23401 0.249089 152 102 0
0.668599 -0.235497 0.248311 152 102 0
0.663991 -0.23776 0.247254 152 102 0
0.659345 -0.239882 0.246078 152 102 0
0.654651 -0.241793 0.244749 152 102 0
0.649961 -0.24365 0.243322 152 102 0
0.64527 -0.24542 0.241798 152 102 0
0.644954 -0.245274 0.242735 152 102 0
0.585246 -0.247509 0.217447 152 102 0
0.585717 -0.24761 0.21657 152 102 0
0.585717 -0.24761 0.21657 153 101 0
0.584934 -0.25529 0.217778 153 101 0
0.584971 -0.260331 0.218689 153 101 0
0.58475 -0.265383 0.219516 153 101 0
0.584599 -0.270448 0.220272 153 101 0
0.584574 -0.275527 0.220941 153 101 0
0.584453 -0.280619 0.221472 153 101 0
0.584173 -0.285716 0.221909 153 101 0
0.583921 -0.290818 0.22231 153 101 0
0.58373 -0.295929 0.22262 153 101 0
0.583552 -0.301041 0.222894 153 101 0
0.581845 -0.310816 0.223747 153 101 0
0.580919 -0.315822 0.22426 153 101 0
0.579983 -0.320841 0.224727 153 101 0
0.579146 -0.325871 0.22525 153 101 0
0.578031 -0.330853 0.225724 153 101 0
0.577105 -0.335853 0.22637 153 101 0
0.576196 -0.340858 0.227003 153 101 0
0.575125 -0.34585 0.227463 153 101 0
0.573998 -0.350829 0.227938 153 101 0
0.57311 -0.355842 0.228533 153 101 0
0.572226 -0.36086 0.229103 153 101 0
0.571109 -0.365833 0.229639 153 101 0
0.57022 -0.370843 0.230224 153 101 0
0.571437 -0.363065 0.229474 153 101 0
0.572708 -0.358487 0.229052 153 101 0
0.573687 -0.35385 0.228469 153 101 0
0.574696 -0.349215 0.22793 153 101 0
0.575844 -0.344603 0.227483 153 101 0
0.576754 -0.339943 0.226973 153 101 0
0.577681 -0.335279 0.226539 153 101 0
0.578604 -0.330622 0.226031 153 101 0
0.579533 -0.325966 0.22552 153 101 0
0.580509 -0.321312 0.225097 153 101 0
0.581421 -0.316646 0.224755 153 101 0
0.581918 -0.308617 0.223236 153 101 0
0.582327 -0.303773 0.222817 153 101 0
0.5825 -0.298904 0.222438 153 101 0
0.582728 -0.29404 0.222021 153 101 0
0.582845 -0.289168 0.22164 153 101 0
0.582995 -0.2843 0.221221 153 101 0
0.583163 -0.279437 0.220748 153 101 0
0.58335 -0.274577 0.220264 153 101 0
0.583428 -0.269731 0.21963 153 101 0
0.583743 -0.264898 0.218987 153 101 0
0.583888 -0.260089 0.218175 153 101 0
0.584374 -0.255271 0.217514 153 101 0
0.585228 -0.232458 0.215797 153 101 0
0.58876 -0.23445 0.217687 153 101 0
0.592288 -0.236466 0.219553 153 101 0
0.595646 -0.240625 0.221712 153 101 0
0.596779 -0.246018 0.222819 153 101 0
0.594872 -0.251438 0.222513 153 101 0
0.591751 -0.256362 0.22137 153 101 0
0.587735 -0.26035 0.21963 153 101 0
0.583122 -0.262923 0.217064 153 101 0
0.578318 -0.261329 0.214142 153 101 0
0.573548 -0.260264 0.211056 153 101 0
0.569915 -0.256126 0.208572 153 101 0
0.567575 -0.251051 0.206631 153 101 0
0.567739 -0.24505 0.206161 153 101 0
0.568986 -0.239212 0.206455 153 101 0
0.573075 -0.235759 0.208571 153 101 0
0.577706 -0.232969 0.211225 153 101 0
0.582108 -0.235009 0.214027 153 101 0
0.585962 -0.238251 0.216739 153 101 0
0.587956 -0.243673 0.218449 153 101 0
0.587756 -0.249594 0.218795 153 101 0
0.586047 -0.255297 0.217995 153 101 0
0.582355 -0.259234 0.215965 153 101 0
0.577543 -0.261659 0.213241 153 101 0
0.572553 -0.263003 0.210384 153 101 0
0.567968 -0.260862 0.207714 153 101 0
0.563891 -0.257212 0.205153 153 101 0
0.560224 -0.253572 0.202602 153 101 0
0.559296 -0.2477 0.201639 153 101 0
0.560414 -0.241875 0.201731 153 101 0
0.562582 -0.236407 0.202701 153 101 0
0.567648 -0.234906 0.20553 153 101 0
0.572872 -0.234898 0.208564 153 101 0
0.577369 -0.237433 0.21152 153 101 0
0.579949 -0.242423 0.213399 153 101 0
0.57988 -0.248412 0.213823 153 101 0
0.57864 -0.254231 0.213429 153 101 0
0.575101 -0.258639 0.211609 153 101 0
0.57042 -0.261193 0.209109 153 101 0
0.565475 -0.263137 0.206457 153 101 0
0.560753 -0.260656 0.203706 153 101 0
0.556155 -0.259197 0.200806 153 101 0
0.553307 -0.254245 0.198845 153 101 0
0.552198 -0.248636 0.197913 153 101 0
0.552411 -0.242622 0.19767 153 101 0
0.554678 -0.237934 0.198566 153 101 0
0.557514 -0.235006 0.199826 153 101 0
0.562566 -0.234885 0.202284 153 101 0
0.567459 -0.235624 0.204837 153 101 0
0.570883 -0.238097 0.206901 153 101 0
0.573094 -0.242314 0.208496 153 101 0
0.574199 -0.247678 0.209799 153 101 0
0.57428 -0.253415 0.210745 153 101 0
0.572294 -0.258744 0.210399 153 101 0
0.569537 -0.263604 0.20932 153 101 0
0.564903 -0.266298 0.206841 153 101 0
0.560556 -0.268684 0.204335 153 101 0
0.555654 -0.267436 0.201348 154 100 0
0.551511 -0.264638 0.19868 154 100 0
0.549537 -0.259667 0.197191 154 100 0
0.547956 -0.254345 0.195928 154 100 0
0.550154 -0.249049 0.196709 154 100 0
0.554381 -0.245576 0.198822 154 100 0
0.559064 -0.244456 0.201284 154 100 0
0.56417 -0.244501 0.204367 154 100 0
0.568264 -0.247545 0.207105 154 100 0
0.570708 -0.252545 0.209186 154 100 0
0.572428 -0.257944 0.210717 154 100 0
0.572137 -0.263888 0.211166 154 100 0
0.569564 -0.268744 0.210319 154 100 0
0.566247 -0.273372 0.208869 154 100 0
0.562216 -0.277154 0.206764 154 100 0
0.557298 -0.278773 0.203844 154 100 0
0.55257 -0.277707 0.200832 154 100 0
0.549034 -0.273643 0.198357 154 100 0
0.547295 -0.268233 0.196916 154 100 0
0.547642 -0.262343 0.196541 154 100 0
0.55115 -0.25784 0.198215 154 100 0
0.555219 -0.25455 0.200578 154 100 0
0.560232 -0.254695 0.203813 154 100 0
0.564905 -0.255874 0.206996 154 100 0
0.56741 -0.260484 0.209001 154 100 0
0.569472 -0.265822 0.210655 154 100 0
0.571321 -0.271114 0.212109 154 100 0
0.569321 -0.276671 0.211246 154 100 0
0.567857 -0.282049 0.210816 154 100 0
0.563661 -0.285525 0.208637 154 100 0
0.558816 -0.28764 0.205876 154 100 0
0.553831 -0.288321 0.202797 154 100 0
0.549643 -0.285697 0.199767 154 100 0
0.547121 -0.280752 0.197705 154 100 0
0.54604 -0.275259 0.196621 154 100 0
0.548016 -0.269801 0.197616 154 100 0
0.552133 -0.266656 0.200147 154 100 0
0.556841 -0.264876 0.203239 154 100 0
0.561787 -0.265289 0.206469 154 100 0
0.56576 -0.268259 0.209201 154 100 0
0.568392 -0.273209 0.211235 154 100 0
0.56885 -0.278951 0.211915 154 100 0
0.568723 -0.284911 0.212197 154 100 0
0.566724 -0.290362 0.21134 154 100 0
0.563117 -0.294672 0.209429 154 100 0
0.558907 -0.297883 0.206866 154 100 0
0.554097 -0.298574 0.203799 154 100 0
0.549743 -0.296051 0.200817 154 100 0
0.545935 -0.293115 0.198226 154 100 0
0.545258 -0.287329 0.197345 154 100 0
0.545577 -0.281454 0.197316 154 100 0
0.549012 -0.27746 0.199419 154 100 0
0.553198 -0.274245 0.202159 154 100 0
0.557922 -0.274639 0.205303 154 100 0
0.561941 -0.277769 0.208141 154 100 0
0.565584 -0.281319 0.210695 154 100 0
0.568398 -0.286124 0.212779 154 100 0
0.568189 -0.292084 0.213014 154 100 0
0.56753 -0.297812 0.212853 154 100 0
0.564577 -0.302721 0.211189 154 100 0
0.560733 -0.306137 0.208807 154 100 0
0.556181 -0.308442 0.205793 154 100 0
0.551223 -0.308713 0.202484 154 100 0
0.54719 -0.305962 0.199529 154 100 0
0.544976 -0.301597 0.197749 154 100 0
0.543123 -0.296243 0.196342 154 100 0
0.545227 -0.291514 0.19735 154 100 0
0.548328 -0.287735 0.199277 154 100 0
0.552092 -0.284537 0.201866 154 100 0
0.556815 -0.285412 0.20505 154 100 0
0.56086 -0.288227 0.208044 154 100 0
0.564396 -0.290999 0.210638 154 100 0
0.565933 -0.296384 0.212368 154 100 0
0.565593 -0.302317 0.212903 154 100 0
0.565325 -0.308269 0.213246 154 100 0
0.563243 -0.313604 0.21214 154 100 0
0.558888 -0.316244 0.209425 154 100 0
0.555168 -0.318665 0.206598 154 100 0
0.55046 -0.317993 0.203018 154 100 0
0.546286 -0.316914 0.199401 154 100 0
0.543342 -0.31327 0.196741 154 100 0
0.543511 -0.307466 0.196391 154 100 0
0.543853 -0.302143 0.196539 154 100 0
0.546554 -0.298652 0.198234 154 100 0
0.550543 -0.296262 0.200904 154 100 0
0.555007 -0.296017 0.204189 154 100 0
0.559031 -0.29655 0.207757 154 100 0
0.56111 -0.299754 0.209585 154 100 0
0.563775 -0.302437 0.211665 154 100 0
0.565339 -0.307005 0.213275 154 100 0
0.564741 -0.312875 0.214311 154 100 0
0.564226 -0.318737 0.214498 154 100 0
0.561553 -0.323637 0.213192 154 100 0
0.557867 -0.326325 0.210594 154 100 0
0.554654 -0.328653 0.20721 154 100 0
0.550264 -0.328449 0.203212 154 100 0
0.546174 -0.326972 0.199639 154 100 0
0.542988 -0.32276 0.196826 154 100 0
0.543065 -0.316863 0.196359 154 100 0
0.544755 -0.311236 0.197546 154 100 0
0.547927 -0.306839 0.199973 154 100 0
0.552549 -0.306332 0.203632 154 100 0
0.557075 -0.306792 0.207521 154 100 0
0.561174 -0.309112 0.21094 155 99 0
0.563269 -0.314154 0.213289 155 99 0
0.564378 -0.319702 0.214905 155 99 0
0.563948 -0.325659 0.215415 155 99 0
0.562298 -0.331345 0.214588 155 99 0
0.559707 -0.336269 0.212679 155 99 0
0.555491 -0.338931 0.209407 155 99 0
0.551113 -0.340298 0.205804 155 99 0
0.546634 -0.338777 0.202219 155 99 0
0.543282 -0.335219 0.198902 155 99 0
0.542099 -0.329996 0.197369 155 99 0
0.542512 -0.324025 0.197293 155 99 0
0.545258 -0.319667 0.199341 155 99 0
0.549222 -0.316666 0.202619 155 99 0
0.553791 -0.316153 0.206354 155 99 0
0.558 -0.317628 0.209909 155 99 0
0.561033 -0.321701 0.213077 155 99 0
0.563354 -0.326666 0.215447 155 99 0
0.563554 -0.33248 0.216408 155 99 0
0.562725 -0.338347 0.21631 155 99 0
0.559978 -0.343184 0.214548 155 99 0
0.557144 -0.347942 0.21236 155 99 0
0.552879 -0.3504 0.209171 155 99 0
0.548308 -0.350033 0.205434 155 99 0
0.544248 -0.347529 0.20204 155 99 0
0.541604 -0.342929 0.19933 155 99 0
0.541803 -0.337026 0.19862 155 99 0
0.543543 -0.33164 0.199447 155 99 0
0.547418 -0.328103 0.20222 155 99 0
0.551348 -0.326596 0.20556 155 99 0
0.555615 -0.328352 0.209261 155 99 0
0.559455 -0.330986 0.21301 155 99 0
0.562292 -0.335257 0.215936 155 99 0
0.562856 -0.340936 0.217397 155 99 0
0.561964 -0.34681 0.217535 155 99 0
0.560283 -0.352502 0.216742 155 99 0
0.556834 -0.356537 0.214505 155 99 0
0.553306 -0.360451 0.211837 155 99 0
0.548574 -0.360444 0.208161 155 99 0
0.544387 -0.359147 0.204577 155 99 0
0.540989 -0.355247 0.201563 155 99 0
0.540876 -0.349602 0.2006 155 99 0
0.54215 -0.344018 0.200965 155 99 0
0.545037 -0.339141 0.202885 155 99 0
0.549572 -0.33784 0.206252 155 99 0
0.553725 -0.33714 0.209859 155 99 0
0.557385 -0.340264 0.213434 155 99 0
0.560684 -0.344015 0.216717 155 99 0
0.562062 -0.349384 0.218755 155 99 0
0.561613 -0.355311 0.219437 155 99 0
0.560322 -0.360976 0.219042 155 99 0
0.557551 -0.365919 0.217303 155 99 0
0.553758 -0.369687 0.214612 155 99 0
0.549346 -0.370654 0.211245 155 99 0
0.545022 -0.369848 0.207441 155 99 0
0.541701 -0.366359 0.203875 155 99 0
0.540012 -0.361185 0.201911 155 99 0
0.540211 -0.35521 0.201538 155 99 0
0.542785 -0.350271 0.2032 155 99 0
0.547274 -0.348549 0.206597 155 99 0
0.551777 -0.348273 0.21052 155 99 0
0.555998 -0.34958 0.214436 155 99 0
0.558775 -0.353635 0.217544 155 99 0
0.561215 -0.35845 0.220142 155 99 0
0.561206 -0.364237 0.221163 155 99 0
0.559673 -0.370013 0.22077 155 99 0
0.55735 -0.375313 0.219458 155 99 0
0.554186 -0.379632 0.217157 155 99 0
0.550059 -0.382443 0.213851 155 99 0
0.545662 -0.381374 0.210094 155 99 0
0.542155 -0.378478 0.20656 155 99 0
0.539421 -0.374334 0.20366 155 99 0
0.539765 -0.368557 0.202701 155 99 0
0.541516 -0.363009 0.203486 155 99 0
0.544419 -0.358714 0.205972 155 99 0
0.54888 -0.358326 0.209929 155 99 0
0.553119 -0.358752 0.214116 155 99 0
0.557146 -0.36095 0.217836 155 99 0
0.558976 -0.365963 0.220351 155 99 0
0.560642 -0.371288 0.222361 155 99 0
0.560566 -0.377196 0.222754 155 99 0
0.558642 -0.382321 0.221529 155 99 0
0.555612 -0.386833 0.219052 155 99 0
0.552382 -0.390773 0.216243 155 99 0
0.548621 -0.392119 0.212666 155 99 0
0.544887 -0.390995 0.20875 155 99 0
0.541997 -0.388069 0.206051 155 99 0
0.538995 -0.384363 0.203197 155 99 0
0.539291 -0.378566 0.202811 155 99 0
0.540447 -0.374205 0.203551 155 99 0
0.543419 -0.370093 0.206095 155 99 0
0.546842 -0.368635 0.209615 155 99 0
0.549779 -0.368196 0.213463 155 99 0
0.553187 -0.369747 0.21728 155 99 0
0.557178 -0.371927 0.220329 155 99 0
0.559096 -0.377237 0.221583 155 99 0
0.56057 -0.382703 0.222276 155 99 0
0.559265 -0.388067 0.220988 155 99 0
0.556929 -0.392712 0.218821 155 99 0
0.552924 -0.395545 0.215661 155 99 0
0.548609 -0.396714 0.212057 155 99 0
0.543964 -0.396166 0.208578 155 99 0
0.540634 -0.392633 0.205742 155 99 0
0.538703 -0.387678 0.203883 155 99 0
0.538577 -0.381865 0.203458 156 98 0
0.539681 -0.376242 0.204086 156 98 0
0.542407 -0.371777 0.206132 156 98 0
0.546549 -0.369487 0.209295 156 98 0
0.550135 -0.368196 0.212846 156 98 0
0.553505 -0.368578 0.217132 156 98 0
0.556531 -0.370565 0.219777 156 98 0
0.558505 -0.37377 0.221562 156 98 0
0.560399 -0.377417 0.223493 156 98 0
0.56024 -0.383141 0.223722 156 98 0
0.558324 -0.386891 0.222187 156 98 0
0.555588 -0.390445 0.219283 156 98 0
0.552009 -0.391919 0.215799 156 98 0
0.548029 -0.392097 0.211879 156 98 0
0.544323 -0.388924 0.20858 156 98 0
0.541501 -0.385482 0.205489 156 98 0
0.540177 -0.380265 0.203682 156 98 0
0.539003 -0.374632 0.202237 156 98 0
0.540955 -0.369344 0.202979 156 98 0
0.542574 -0.364045 0.20414 156 98 0
0.546041 -0.360833 0.207096 156 98 0
0.549512 -0.35831 0.210794 156 98 0
0.553782 -0.357794 0.214788 156 98 0
0.557421 -0.35989 0.218631 156 98 0
0.560634 -0.363748 0.221706 156 98 0
0.561006 -0.368987 0.222554 156 98 0
0.560667 -0.374805 0.222656 156 98 0
0.556881 -0.378671 0.220163 156 98 0
0.552569 -0.380698 0.216757 156 98 0
0.548785 -0.38205 0.213239 156 98 0
0.545617 -0.378688 0.209572 156 98 0
0.542744 -0.37537 0.206393 156 98 0
0.540792 -0.370389 0.203771 156 98 0
0.539823 -0.365263 0.202078 156 98 0
0.54174 -0.359619 0.202364 156 98 0
0.544053 -0.354257 0.203739 156 98 0
0.547084 -0.349855 0.206347 156 98 0
0.551131 -0.347024 0.209768 156 98 0
0.554718 -0.348624 0.213146 156 98 0
0.558848 -0.349272 0.21715 156 98 0
0.561353 -0.353568 0.219979 156 98 0
0.562758 -0.35873 0.221856 156 98 0
0.561164 -0.36439 0.221351 156 98 0
0.557326 -0.36818 0.218816 156 98 0
0.553381 -0.37078 0.215332 156 98 0
0.548907 -0.370628 0.211348 156 98 0
0.54535 -0.368189 0.207407 156 98 0
0.542889 -0.363995 0.204206 156 98 0
0.541259 -0.358709 0.20193 156 98 0
0.540737 -0.353091 0.200797 156 98 0
0.542877 -0.347754 0.201393 156 98 0
0.54552 -0.342666 0.203136 156 98 0
0.548896 -0.338436 0.205663 156 98 0
0.553229 -0.336422 0.209121 156 98 0
0.557557 -0.337801 0.213046 156 98 0
0.561426 -0.340695 0.216561 156 98 0
0.563586 -0.345369 0.219445 156 98 0
0.563754 -0.351158 0.220416 156 98 0
0.561111 -0.356113 0.219037 156 98 0
0.55731 -0.359465 0.216068 156 98 0
0.552892 -0.360448 0.212236 156 98 0
0.548439 -0.359799 0.208361 156 98 0
0.545213 -0.356522 0.20507 156 98 0
0.543108 -0.351543 0.202478 156 98 0
0.543048 -0.345804 0.201296 156 98 0
0.543373 -0.339822 0.200777 156 98 0
0.545083 -0.334341 0.201496 156 98 0
0.548781 -0.330529 0.203929 156 98 0
0.552919 -0.327272 0.206832 156 98 0
0.557265 -0.327498 0.210579 156 98 0
0.561325 -0.328752 0.214473 156 98 0
0.563883 -0.333533 0.217054 156 98 0
0.564907 -0.339047 0.218557 156 98 0
0.564285 -0.344728 0.218505 156 98 0
0.560769 -0.348584 0.216008 156 98 0
0.556627 -0.350662 0.212735 156 98 0
0.551933 -0.350323 0.209075 156 98 0
0.548262 -0.347247 0.205499 156 98 0
0.544978 -0.343296 0.202397 156 98 0
0.543674 -0.337844 0.200732 156 98 0
0.543924 -0.331893 0.200093 156 98 0
0.544184 -0.326125 0.199919 156 98 0
0.547996 -0.322117 0.202247 156 98 0
0.552056 -0.319022 0.205207 156 98 0
0.556479 -0.316686 0.208543 156 98 0
0.560963 -0.317314 0.212313 156 98 0
0.564341 -0.320756 0.21533 156 98 0
0.565726 -0.326237 0.217087 156 98 0
0.56602 -0.33211 0.217602 156 98 0
0.563095 -0.336101 0.215665 156 98 0
0.559197 -0.339579 0.212765 156 98 0
0.554683 -0.340494 0.209016 156 98 0
0.550481 -0.338363 0.205506 156 98 0
0.546737 -0.334767 0.202484 156 98 0
0.545256 -0.329243 0.200909 156 98 0
0.543988 -0.323678 0.199333 156 98 0
0.544479 -0.317746 0.199155 156 98 0
0.547289 -0.312803 0.200559 156 98 0
0.551348 -0.309271 0.203126 156 98 0
0.555842 -0.307054 0.206441 156 98 0
0.560626 -0.306613 0.210014 156 98 0
0.564349 -0.309484 0.213253 156 98 0
0.566735 -0.314524 0.215482 156 98 0
0.566779 -0.320307 0.215767 157 97 0
0.564637 -0.325742 0.214363 157 97 0
0.560664 -0.329239 0.211591 157 97 0
0.556199 -0.329757 0.208518 157 97 0
0.551561 -0.328342 0.205107 157 97 0
0.547812 -0.325257 0.202064 157 97 0
0.545459 -0.320205 0.199899 157 97 0
0.544523 -0.31437 0.198799 157 97 0
0.544854 -0.308482 0.198588 157 97 0
0.547856 -0.303562 0.200257 157 97 0
0.551593 -0.299524 0.202662 157 97 0
0.556032 -0.296907 0.205641 157 97 0
0.560962 -0.296346 0.208968 157 97 0
0.565196 -0.298979 0.212182 157 97 0
0.567532 -0.302767 0.214247 157 97 0
0.569113 -0.308196 0.215616 157 97 0
0.566834 -0.313302 0.214416 157 97 0
0.563732 -0.317701 0.212348 157 97 0
0.559132 -0.320025 0.209264 157 97 0
0.554353 -0.318793 0.206034 157 97 0
0.54993 -0.316203 0.202912 157 97 0
0.546544 -0.312311 0.200362 157 97 0
0.545086 -0.306698 0.198888 157 97 0
0.54612 -0.30117 0.198866 157 97 0
0.546257 -0.295203 0.198726 157 97 0
0.550184 -0.291562 0.200959 157 97 0
0.554088 -0.287905 0.203487 157 97 0
0.558665 -0.285583 0.206578 157 97 0
0.563353 -0.286152 0.209761 157 97 0
0.566927 -0.290041 0.21231 157 97 0
0.569336 -0.295261 0.214071 157 97 0
0.569592 -0.300928 0.21449 157 97 0
0.566597 -0.305472 0.212724 157 97 0
0.561932 -0.307818 0.209744 157 97 0
0.556997 -0.308422 0.206441 157 97 0
0.552398 -0.30704 0.203214 157 97 0
0.548958 -0.302881 0.200712 157 97 0
0.546264 -0.298054 0.198683 157 97 0
0.546457 -0.292052 0.198388 157 97 0
0.54761 -0.286379 0.198825 157 97 0
0.550288 -0.281218 0.200354 157 97 0
0.553353 -0.27645 0.202335 157 97 0
0.558336 -0.276097 0.2056 157 97 0
0.563144 -0.276669 0.208831 157 97 0
0.567402 -0.279387 0.211907 157 97 0
0.570319 -0.284135 0.214103 157 97 0
0.56945 -0.289878 0.213894 157 97 0
0.568042 -0.2954 0.213133 157 97 0
0.563969 -0.298671 0.210553 157 97 0
0.558979 -0.29888 0.207209 157 97 0
0.554179 -0.29783 0.203904 157 97 0
0.550103 -0.294502 0.201028 157 97 0
0.547204 -0.289878 0.198793 157 97 0
0.546711 -0.284106 0.197822 157 97 0
0.547273 -0.278182 0.1977 157 97 0
0.549951 -0.272956 0.198898 157 97 0
0.553527 -0.268559 0.200853 157 97 0
0.557897 -0.265586 0.203605 157 97 0
0.562829 -0.264797 0.206804 157 97 0
0.567309 -0.267104 0.20994 157 97 0
0.57115 -0.270634 0.212809 157 97 0
0.570843 -0.276623 0.213244 157 97 0
0.569715 -0.282332 0.213059 157 97 0
0.566096 -0.286483 0.210983 157 97 0
0.561641 -0.288314 0.208197 157 97 0
0.556771 -0.287976 0.204873 157 97 0
0.552614 -0.28495 0.201769 157 97 0
0.549901 -0.280249 0.199416 157 97 0
0.547571 -0.275047 0.197572 157 97 0
0.548068 -0.269374 0.197307 157 97 0
0.549553 -0.263729 0.197727 157 97 0
0.552675 -0.259126 0.199045 157 97 0
0.557161 -0.256756 0.20133 157 97 0
0.561872 -0.254705 0.204092 157 97 0
0.566659 -0.255602 0.207228 157 97 0
0.570634 -0.259007 0.210155 157 97 0
0.57228 -0.264039 0.212062 157 97 0
0.571386 -0.269268 0.212347 157 97 0
0.569255 -0.27433 0.211569 157 97 0
0.564951 -0.277216 0.209204 157 97 0
0.560111 -0.278613 0.206132 157 97 0
0.555934 -0.276645 0.20315 157 97 0
0.552151 -0.273023 0.200349 157 97 0
0.549328 -0.268572 0.198121 157 97 0
0.548662 -0.262819 0.19723 157 97 0
0.54975 -0.25842 0.197399 157 97 0
0.549983 -0.252425 0.197019 157 97 0
0.554508 -0.249379 0.199132 157 97 0
0.558606 -0.245727 0.20092 157 97 0
0.563736 -0.244486 0.203446 157 97 0
0.568646 -0.245458 0.20626 157 97 0
0.571334 -0.248672 0.208276 157 97 0
0.573615 -0.253473 0.210342 157 97 0
0.573422 -0.259036 0.211238 157 97 0
0.570011 -0.263465 0.210072 157 97 0
0.566121 -0.266253 0.208028 157 97 0
0.562925 -0.268644 0.206025 157 97 0
0.558092 -0.267732 0.202833 157 97 0
0.554132 -0.264308 0.200218 157 97 0
0.551783 -0.260256 0.198663 157 97 0
0.549839 -0.256635 0.197329 157 97 0
0.549966 -0.250723 0.196961 157 97 0
0.5502 -0.244828 0.196593 157 97 0
0.552407 -0.241296 0.197486 157 97 0
0.553958 -0.237932 0.198187 158 96 0
0.557754 -0.236198 0.199924 158 96 0
0.562587 -0.234885 0.202248 158 96 0
0.564705 -0.235692 0.203374 158 96 0
0.568692 -0.237687 0.205659 158 96 0
0.572563 -0.239772 0.208056 158 96 0
0.576273 -0.242089 0.210495 158 96 0
0.579985 -0.244392 0.212945 158 96 0
0.583647 -0.246817 0.215342 158 96 0
0.583163 -0.246698 0.216209 158 96 0
0.641725 -0.246942 0.243144 158 96 0
0.642063 -0.247079 0.242213 158 96 0
0.641875 -0.254732 0.242159 158 96 0
0.641641 -0.259948 0.242904 158 96 0
0.641042 -0.265143 0.243612 158 96 0
0.640688 -0.270347 0.244383 158 96 0
0.640491 -0.275557 0.2452 158 96 0
0.640169 -0.280765 0.24598 158 96 0
0.639747 -0.285976 0.246698 158 96 0
0.639245 -0.291187 0.247355 158 96 0
0.638903 -0.296401 0.248059 158 96 0
0.638407 -0.3016 0.248656 158 96 0
0.637261 -0.309331 0.249858 158 96 0
0.636478 -0.314108 0.251144 158 96 0
0.635736 -0.318938 0.252239 158 96 0
0.635053 -0.323783 0.253307 158 96 0
0.634347 -0.328612 0.25443 158 96 0
0.633688 -0.333435 0.255608 158 96 0
0.632963 -0.338262 0.256728 158 96 0
0.632359 -0.3431 0.257874 158 96 0
0.631729 -0.347931 0.259036 158 96 0
0.631135 -0.352773 0.260169 158 96 0
0.630546 -0.357623 0.261271 158 96 0
0.630023 -0.362506 0.262249 158 96 0
0.629459 -0.367379 0.263255 158 96 0
0.628926 -0.372287 0.264089 158 96 0
0.629633 -0.364555 0.263172 158 96 0
0.630254 -0.359777 0.261945 158 96 0
0.630851 -0.355001 0.260701 158 96 0
0.631434 -0.35019 0.259588 158 96 0
0.632049 -0.345395 0.258427 158 96 0
0.632856 -0.340604 0.257369 158 96 0
0.633499 -0.335807 0.256227 158 96 0
0.634203 -0.331018 0.255092 158 96 0
0.634895 -0.326227 0.253954 158 96 0
0.635632 -0.321416 0.252944 158 96 0
0.636551 -0.316637 0.251924 158 96 0
0.637382 -0.308381 0.249727 158 96 0
0.637568 -0.303537 0.248962 158 96 0
0.637892 -0.298702 0.248194 158 96 0
0.638266 -0.293872 0.247413 158 96 0
0.638631 -0.289024 0.246744 158 96 0
0.639014 -0.284175 0.246094 158 96 0
0.639408 -0.279331 0.245414 158 96 0
0.639901 -0.27449 0.244775 158 96 0
0.64038 -0.269647 0.244141 158 96 0
0.640895 -0.26481 0.243494 158 96 0
0.64142 -0.259976 0.24283 158 96 0
0.641859 -0.25513 0.242202 158 96 0
0.643548 -0.232337 0.238652 158 96 0
0.648052 -0.233877 0.240776 158 96 0
0.652388 -0.23551 0.24312 158 96 0
0.655921 -0.238635 0.245543 158 96 0
0.657051 -0.244174 0.246916 158 96 0
0.656744 -0.250066 0.24779 158 96 0
0.655515 -0.255713 0.248057 158 96 0
0.651935 -0.259428 0.247166 158 96 0
0.64762 -0.26235 0.245446 158 96 0
0.642958 -0.259737 0.242976 158 96 0
0.63839 -0.257009 0.240186 158 96 0
0.636442 -0.251921 0.238544 158 96 0
0.63704 -0.245975 0.237933 158 96 0
0.638967 -0.240622 0.23809 158 96 0
0.642457 -0.235863 0.239147 158 96 0
0.647452 -0.234816 0.241206 158 96 0
0.652391 -0.232633 0.243407 158 96 0
0.657297 -0.235018 0.245926 158 96 0
0.66209 -0.237243 0.248538 158 96 0
0.664641 -0.2424 0.250221 158 96 0
0.666274 -0.247838 0.251538 158 96 0
0.666478 -0.253793 0.252299 158 96 0
0.662569 -0.257891 0.250924 158 96 0
0.658237 -0.261627 0.249149 158 96 0
0.653058 -0.262439 0.246718 158 96 0
0.648925 -0.259008 0.244483 158 96 0
0.646005 -0.254137 0.242528 158 96 0
0.644544 -0.248599 0.241122 158 96 0
0.646821 -0.243068 0.241603 158 96 0
0.649458 -0.238102 0.242196 158 96 0
0.654639 -0.235695 0.244007 158 96 0
0.660208 -0.23517 0.245948 158 96 0
0.665648 -0.234601 0.248421 158 96 0
0.670116 -0.237959 0.250564 158 96 0
0.674245 -0.241551 0.252913 158 96 0
0.675962 -0.247031 0.254192 158 96 0
0.674416 -0.252737 0.254052 158 96 0
0.673207 -0.258497 0.254293 158 96 0
0.66829 -0.2614 0.252658 158 96 0
0.662687 -0.262012 0.250968 158 96 0
0.657859 -0.25944 0.248955 158 96 0
0.654577 -0.25526 0.247107 158 96 0
0.653259 -0.24998 0.245792 158 96 0
0.655018 -0.244766 0.245717 158 96 0
0.65755 -0.239691 0.245654 158 96 0
0.661736 -0.236823 0.246785 159 95 0
0.66605 -0.234589 0.247719 159 95 0
0.671113 -0.23401 0.249233 159 95 0
0.674805 -0.236218 0.249782 159 95 0
0.678157 -0.238561 0.251345 159 95 0
0.680899 -0.242647 0.252979 159 95 0
0.683114 -0.24683 0.254844 159 95 0
0.68269 -0.252701 0.255987 159 95 0
0.680301 -0.257845 0.256185 159 95 0
0.677685 -0.262792 0.256438 159 95 0
0.673062 -0.266423 0.255358 159 95 0
0.668181 -0.268517 0.254008 159 95 0
0.662688 -0.267641 0.252037 159 95 0
0.658629 -0.263732 0.250215 159 95 0
0.655337 -0.259926 0.248099 159 95 0
0.654585 -0.254245 0.246729 159 95 0
0.657232 -0.249174 0.247112 159 95 0
0.661559 -0.245577 0.248249 159 95 0
0.667104 -0.244931 0.250134 159 95 0
0.672674 -0.245257 0.25235 159 95 0
0.677177 -0.248302 0.254694 159 95 0
0.680068 -0.25315 0.256574 159 95 0
0.681139 -0.258933 0.25771 159 95 0
0.680505 -0.264884 0.258227 159 95 0
0.678197 -0.270351 0.258073 159 95 0
0.674965 -0.275255 0.257544 159 95 0
0.669955 -0.278103 0.256154 159 95 0
0.664443 -0.278135 0.253778 159 95 0
0.659644 -0.276789 0.251527 159 95 0
0.655908 -0.272498 0.249573 159 95 0
0.654917 -0.267225 0.248688 159 95 0
0.655273 -0.261451 0.248243 159 95 0
0.659336 -0.25751 0.249553 159 95 0
0.663939 -0.25414 0.251435 159 95 0
0.669251 -0.25517 0.253806 159 95 0
0.674211 -0.257432 0.256325 159 95 0
0.676726 -0.262079 0.257712 159 95 0
0.679487 -0.267006 0.259531 159 95 0
0.679342 -0.272987 0.260149 159 95 0
0.678621 -0.278782 0.260412 159 95 0
0.675298 -0.283447 0.259465 159 95 0
0.670356 -0.286434 0.257776 159 95 0
0.665241 -0.288666 0.2556 159 95 0
0.659949 -0.287427 0.253239 159 95 0
0.655575 -0.284046 0.250965 159 95 0
0.653992 -0.278472 0.249913 159 95 0
0.654771 -0.27264 0.249889 159 95 0
0.658178 -0.267943 0.25084 159 95 0
0.663311 -0.265597 0.252927 159 95 0
0.668273 -0.266108 0.255132 159 95 0
0.672768 -0.269309 0.257525 159 95 0
0.677143 -0.272435 0.260106 159 95 0
0.678881 -0.277916 0.261537 159 95 0
0.678682 -0.283878 0.262269 159 95 0
0.67715 -0.2895 0.262285 159 95 0
0.67413 -0.294652 0.261651 159 95 0
0.669648 -0.298149 0.259955 159 95 0
0.664123 -0.298434 0.257603 159 95 0
0.658865 -0.297148 0.255276 159 95 0
0.655072 -0.293042 0.253302 159 95 0
0.652948 -0.287689 0.251731 159 95 0
0.653217 -0.281809 0.251123 159 95 0
0.656898 -0.27724 0.252101 159 95 0
0.662062 -0.276154 0.254182 159 95 0
0.667512 -0.276465 0.256716 159 95 0
0.672249 -0.278741 0.25906 159 95 0
0.675399 -0.283213 0.260923 159 95 0
0.678158 -0.288104 0.26292 159 95 0
0.677872 -0.293891 0.263704 159 95 0
0.676554 -0.299711 0.263969 159 95 0
0.672998 -0.304041 0.263185 159 95 0
0.668087 -0.307164 0.261685 159 95 0
0.662682 -0.308262 0.259785 159 95 0
0.657244 -0.30781 0.257343 159 95 0
0.653254 -0.304058 0.25531 159 95 0
0.651598 -0.298595 0.253852 159 95 0
0.652001 -0.292942 0.253041 159 95 0
0.655766 -0.288754 0.254137 159 95 0
0.660591 -0.286105 0.255692 159 95 0
0.666194 -0.286489 0.257819 159 95 0
0.670665 -0.288879 0.259731 159 95 0
0.674896 -0.292068 0.262078 159 95 0
0.677512 -0.297144 0.26396 159 95 0
0.67699 -0.303045 0.264932 159 95 0
0.676204 -0.308956 0.265649 159 95 0
0.672887 -0.313581 0.265512 159 95 0
0.668085 -0.316614 0.26444 159 95 0
0.662799 -0.318839 0.26308 159 95 0
0.657128 -0.31855 0.261118 159 95 0
0.652863 -0.315521 0.258824 159 95 0
0.650517 -0.310763 0.256694 159 95 0
0.649753 -0.305312 0.255272 159 95 0
0.651783 -0.300558 0.255379 159 95 0
0.655559 -0.298831 0.256473 159 95 0
0.658962 -0.295948 0.257511 159 95 0
0.664082 -0.296216 0.259074 159 95 0
0.668215 -0.297638 0.260425 159 95 0
0.671561 -0.300653 0.261853 159 95 0
0.674555 -0.303169 0.263621 159 95 0
0.676349 -0.308057 0.265261 159 95 0
0.676587 -0.31313 0.266814 159 95 0
0.675005 -0.318639 0.267513 159 95 0
0.671995 -0.323298 0.267311 159 95 0
0.668177 -0.327065 0.266724 160 94 0
0.663109 -0.328908 0.265011 160 94 0
0.657771 -0.328714 0.262952 160 94 0
0.653141 -0.325997 0.260667 160 94 0
0.649604 -0.321698 0.258385 160 94 0
0.648875 -0.316241 0.257255 160 94 0
0.65073 -0.31063 0.257071 160 94 0
0.655484 -0.30785 0.258503 160 94 0
0.660676 -0.30669 0.260516 160 94 0
0.66617 -0.307125 0.262865 160 94 0
0.670374 -0.310712 0.265209 160 94 0
0.67345 -0.315359 0.267404 160 94 0
0.674846 -0.320889 0.268911 160 94 0
0.674653 -0.326794 0.269913 160 94 0
0.671663 -0.33198 0.269424 160 94 0
0.667694 -0.336298 0.268409 160 94 0
0.662612 -0.338938 0.266636 160 94 0
0.657186 -0.340177 0.264404 160 94 0
0.652357 -0.337722 0.262141 160 94 0
0.648348 -0.333865 0.259917 160 94 0
0.647329 -0.328394 0.258885 160 94 0
0.648308 -0.322563 0.258538 160 94 0
0.652767 -0.318878 0.260085 160 94 0
0.6579 -0.316791 0.262119 160 94 0
0.663215 -0.317147 0.2647 160 94 0
0.667267 -0.320865 0.266915 160 94 0
0.67082 -0.324596 0.269519 160 94 0
0.672444 -0.330113 0.271236 160 94 0
0.67135 -0.335559 0.271829 160 94 0
0.668878 -0.341046 0.271713 160 94 0
0.666157 -0.346226 0.271169 160 94 0
0.661012 -0.348634 0.269253 160 94 0
0.655634 -0.350365 0.267183 160 94 0
0.650943 -0.347557 0.264817 160 94 0
0.647158 -0.344039 0.262535 160 94 0
0.645083 -0.338714 0.260653 160 94 0
0.646632 -0.333101 0.260201 160 94 0
0.650314 -0.328802 0.26105 160 94 0
0.655364 -0.326262 0.262947 160 94 0
0.660642 -0.327164 0.265602 160 94 0
0.665372 -0.329469 0.268432 160 94 0
0.668373 -0.333843 0.270924 160 94 0
0.670265 -0.338908 0.27335 160 94 0
0.669451 -0.344832 0.274059 160 94 0
0.667496 -0.350491 0.274643 160 94 0
0.66435 -0.355224 0.274328 160 94 0
0.659527 -0.358454 0.272768 160 94 0
0.654431 -0.360471 0.270772 160 94 0
0.649482 -0.358512 0.268524 160 94 0
0.645515 -0.354925 0.266062 160 94 0
0.643252 -0.349766 0.263947 160 94 0
0.644036 -0.344104 0.26298 160 94 0
0.647346 -0.33933 0.263414 160 94 0
0.652489 -0.336976 0.265172 160 94 0
0.657962 -0.336861 0.267557 160 94 0
0.662299 -0.338927 0.270192 160 94 0
0.665691 -0.343081 0.272848 160 94 0
0.667532 -0.347998 0.275082 160 94 0
0.667991 -0.353762 0.276764 160 94 0
0.666983 -0.359382 0.277955 160 94 0
0.663503 -0.364233 0.277171 160 94 0
0.658737 -0.367638 0.276328 160 94 0
0.653453 -0.369775 0.274417 160 94 0
0.648471 -0.368784 0.272345 160 94 0
0.643972 -0.365644 0.269907 160 94 0
0.641167 -0.361149 0.267586 160 94 0
0.6413 -0.355353 0.266357 160 94 0
0.64385 -0.350788 0.266275 160 94 0
0.648479 -0.347342 0.267879 160 94 0
0.653871 -0.346479 0.270113 160 94 0
0.658812 -0.348435 0.272728 160 94 0
0.662897 -0.351705 0.275476 160 94 0
0.66549 -0.356611 0.277811 160 94 0
0.666375 -0.362349 0.279276 160 94 0
0.664844 -0.368093 0.279839 160 94 0
0.662124 -0.373458 0.279807 160 94 0
0.657268 -0.376342 0.278454 160 94 0
0.652553 -0.379792 0.277148 160 94 0
0.647235 -0.380053 0.274763 160 94 0
0.642684 -0.376893 0.272413 160 94 0
0.639476 -0.372799 0.270314 160 94 0
0.637852 -0.367784 0.268613 160 94 0
0.639835 -0.362448 0.268698 160 94 0
0.644486 -0.35899 0.270276 160 94 0
0.649298 -0.356419 0.272102 160 94 0
0.654567 -0.356539 0.274501 160 94 0
0.659038 -0.359654 0.276853 160 94 0
0.662304 -0.363812 0.278993 160 94 0
0.663782 -0.369445 0.280361 160 94 0
0.664434 -0.374755 0.281615 160 94 0
0.662169 -0.379983 0.281133 160 94 0
0.658726 -0.384727 0.280175 160 94 0
0.654469 -0.388601 0.278514 160 94 0
0.649547 -0.390337 0.276255 160 94 0
0.644889 -0.388657 0.274151 160 94 0
0.640385 -0.386335 0.271835 160 94 0
0.638261 -0.382115 0.270745 160 94 0
0.637004 -0.376656 0.269936 160 94 0
0.639151 -0.371955 0.270877 160 94 0
0.641858 -0.36895 0.271779 160 94 0
0.644765 -0.366735 0.272855 160 94 0
0.649789 -0.366273 0.274838 160 94 0
0.654621 -0.367249 0.277056 160 94 0
0.658692 -0.369863 0.279375 160 94 0
0.662074 -0.374303 0.281406 161 93 0
0.661882 -0.380244 0.281555 161 93 0
0.661789 -0.386302 0.28184 161 93 0
0.658384 -0.39096 0.280274 161 93 0
0.653607 -0.39383 0.277958 161 93 0
0.64837 -0.394306 0.275313 161 93 0
0.643418 -0.39193 0.272871 161 93 0
0.639768 -0.387996 0.271009 161 93 0
0.637217 -0.382679 0.269657 161 93 0
0.638039 -0.376847 0.270006 161 93 0
0.640498 -0.371429 0.27118 161 93 0
0.644909 -0.368295 0.27325 161 93 0
0.649626 -0.366273 0.27512 161 93 0
0.653729 -0.366316 0.276405 161 93 0
0.658208 -0.368106 0.278441 161 93 0
0.661297 -0.371898 0.280111 161 93 0
0.662583 -0.376099 0.281031 161 93 0
0.66259 -0.379939 0.28137 161 93 0
0.660595 -0.384802 0.28096 161 93 0
0.657171 -0.388045 0.279751 161 93 0
0.652385 -0.389821 0.277788 161 93 0
0.647277 -0.390179 0.275363 161 93 0
0.643922 -0.387627 0.273762 161 93 0
0.640342 -0.384879 0.271898 161 93 0
0.63808 -0.379795 0.270498 161 93 0
0.637202 -0.374359 0.269601 161 93 0
0.637883 -0.368554 0.269014 161 93 0
0.640747 -0.363852 0.269446 161 93 0
0.644641 -0.35938 0.270304 161 93 0
0.649277 -0.356409 0.271697 161 93 0
0.654814 -0.355984 0.273843 161 93 0
0.659615 -0.357938 0.276202 161 93 0
0.663391 -0.361362 0.278739 161 93 0
0.664246 -0.366803 0.280041 161 93 0
0.663382 -0.372123 0.280885 161 93 0
0.659312 -0.376428 0.280005 161 93 0
0.654439 -0.378717 0.278352 161 93 0
0.649923 -0.380321 0.276399 161 93 0
0.645371 -0.377357 0.274003 161 93 0
0.641591 -0.373603 0.271457 161 93 0
0.639563 -0.368408 0.269477 161 93 0
0.638121 -0.363338 0.267351 161 93 0
0.640744 -0.35872 0.26722 161 93 0
0.642683 -0.353587 0.266777 161 93 0
0.646886 -0.349453 0.267234 161 93 0
0.651457 -0.346348 0.268359 161 93 0
0.656971 -0.34619 0.270501 161 93 0
0.661904 -0.347432 0.273082 161 93 0
0.665199 -0.351794 0.275468 161 93 0
0.665995 -0.357182 0.277531 161 93 0
0.664847 -0.362957 0.278638 161 93 0
0.661333 -0.367567 0.278209 161 93 0
0.65607 -0.369239 0.276785 161 93 0
0.651281 -0.369333 0.274572 161 93 0
0.646631 -0.367465 0.271795 161 93 0
0.643197 -0.363492 0.269046 161 93 0
0.641327 -0.358378 0.266573 161 93 0
0.641748 -0.352657 0.264931 161 93 0
0.642858 -0.346948 0.263494 161 93 0
0.645733 -0.341751 0.263534 161 93 0
0.650243 -0.337897 0.264254 161 93 0
0.655453 -0.336744 0.265733 161 93 0
0.660945 -0.336984 0.2681 161 93 0
0.665705 -0.338857 0.2709 161 93 0
0.668584 -0.343411 0.273489 161 93 0
0.668066 -0.348825 0.274689 161 93 0
0.665894 -0.354179 0.27522 161 93 0
0.662253 -0.358221 0.274473 161 93 0
0.656764 -0.358818 0.272422 161 93 0
0.651382 -0.358515 0.269814 161 93 0
0.646999 -0.355672 0.266972 161 93 0
0.643916 -0.351279 0.264461 161 93 0
0.642685 -0.345844 0.262415 161 93 0
0.644559 -0.34038 0.261811 161 93 0
0.645602 -0.334576 0.260936 161 93 0
0.649384 -0.329983 0.261178 161 93 0
0.654097 -0.326693 0.26251 161 93 0
0.659427 -0.325172 0.26471 161 93 0
0.664415 -0.327037 0.267074 161 93 0
0.66825 -0.330936 0.269446 161 93 0
0.670989 -0.33545 0.271858 161 93 0
0.6695 -0.341055 0.272108 161 93 0
0.66644 -0.346162 0.271511 161 93 0
0.661923 -0.34903 0.26983 161 93 0
0.656632 -0.348527 0.267274 161 93 0
0.651602 -0.346887 0.264676 161 93 0
0.647718 -0.343169 0.262306 161 93 0
0.646066 -0.337683 0.260734 161 93 0
0.645041 -0.331954 0.259314 161 93 0
0.646997 -0.326777 0.259355 161 93 0
0.650449 -0.321937 0.25981 161 93 0
0.653856 -0.317702 0.260581 161 93 0
0.659269 -0.316644 0.262831 161 93 0
0.66468 -0.316043 0.265332 161 93 0
0.669082 -0.319094 0.2677 161 93 0
0.671266 -0.324442 0.26917 161 93 0
0.671631 -0.329847 0.269967 161 93 0
0.668424 -0.334748 0.268737 161 93 0
0.664213 -0.338361 0.267034 161 93 0
0.65904 -0.339133 0.264776 161 93 0
0.654034 -0.336999 0.262273 161 93 0
0.650465 -0.332845 0.2602 161 93 0
0.648064 -0.32769 0.258375 161 93 0
0.646418 -0.322191 0.25678 161 93 0
0.647642 -0.316562 0.256416 162 92 0
0.651357 -0.312114 0.257612 162 92 0
0.655491 -0.308049 0.259059 162 92 0
0.660298 -0.305448 0.260993 162 92 0
0.66571 -0.304771 0.263434 162 92 0
0.66908 -0.30923 0.265003 162 92 0
0.672457 -0.313161 0.266993 162 92 0
0.67281 -0.319049 0.267597 162 92 0
0.671423 -0.32438 0.267732 162 92 0
0.667253 -0.328387 0.266209 162 92 0
0.661829 -0.328232 0.263704 162 92 0
0.656726 -0.327742 0.26106 162 92 0
0.652491 -0.324377 0.258653 162 92 0
0.649749 -0.319441 0.256834 162 92 0
0.647807 -0.314036 0.255139 162 92 0
0.648281 -0.308136 0.254593 162 92 0
0.650192 -0.302478 0.254842 162 92 0
0.654428 -0.298491 0.256244 162 92 0
0.659317 -0.295501 0.257928 162 92 0
0.664707 -0.294778 0.260085 162 92 0
0.669817 -0.296396 0.262643 162 92 0
0.673048 -0.300868 0.264549 162 92 0
0.674493 -0.306331 0.265847 162 92 0
0.673466 -0.312213 0.266148 162 92 0
0.669888 -0.316834 0.265114 162 92 0
0.664977 -0.318771 0.26301 162 92 0
0.659563 -0.318612 0.260479 162 92 0
0.65462 -0.316534 0.257921 162 92 0
0.651415 -0.311937 0.255931 162 92 0
0.649313 -0.30663 0.254191 162 92 0
0.649198 -0.30081 0.25326 162 92 0
0.650904 -0.295152 0.253142 162 92 0
0.654868 -0.290935 0.254255 162 92 0
0.658502 -0.28675 0.255073 162 92 0
0.663838 -0.285676 0.257304 162 92 0
0.668775 -0.285249 0.259453 162 92 0
0.67317 -0.288473 0.261672 162 92 0
0.675894 -0.293284 0.263453 162 92 0
0.675797 -0.29923 0.264132 162 92 0
0.673504 -0.304612 0.263722 162 92 0
0.668554 -0.307493 0.262006 162 92 0
0.663281 -0.308281 0.259848 162 92 0
0.658395 -0.306585 0.257447 162 92 0
0.653988 -0.303479 0.254925 162 92 0
0.651648 -0.298589 0.25328 162 92 0
0.650359 -0.292923 0.251834 162 92 0
0.651415 -0.287108 0.251385 162 92 0
0.654491 -0.282182 0.251941 162 92 0
0.658558 -0.277986 0.253214 162 92 0
0.663274 -0.275038 0.254868 162 92 0
0.668714 -0.27533 0.257021 162 92 0
0.673679 -0.277614 0.259434 162 92 0
0.676393 -0.28242 0.260973 162 92 0
0.677082 -0.287062 0.262068 162 92 0
0.67606 -0.292672 0.262418 162 92 0
0.67219 -0.297087 0.261318 162 92 0
0.667178 -0.297897 0.259206 162 92 0
0.661937 -0.297671 0.256812 162 92 0
0.657229 -0.294913 0.254395 162 92 0
0.653818 -0.290702 0.252441 162 92 0
0.652798 -0.284994 0.251374 162 92 0
0.653543 -0.279099 0.2507 162 92 0
0.654343 -0.273295 0.250018 162 92 0
0.658038 -0.268944 0.250867 162 92 0
0.662371 -0.265154 0.252479 162 92 0
0.667623 -0.263889 0.254654 162 92 0
0.67276 -0.265498 0.256897 162 92 0
0.676377 -0.26971 0.258619 162 92 0
0.678811 -0.274916 0.260224 162 92 0
0.678162 -0.280419 0.260508 162 92 0
0.675268 -0.285118 0.259979 162 92 0
0.670381 -0.287891 0.25835 162 92 0
0.665026 -0.288668 0.255981 162 92 0
0.66038 -0.285933 0.253751 162 92 0
0.655888 -0.28283 0.251334 162 92 0
0.654044 -0.277498 0.250164 162 92 0
0.653906 -0.271573 0.249439 162 92 0
0.655104 -0.265768 0.249239 162 92 0
0.658051 -0.26066 0.249686 162 92 0
0.661828 -0.256856 0.250537 162 92 0
0.66672 -0.254275 0.252145 162 92 0
0.672266 -0.254616 0.254383 162 92 0
0.676987 -0.257353 0.256502 162 92 0
0.679814 -0.26236 0.258017 162 92 0
0.679928 -0.268052 0.258681 162 92 0
0.678159 -0.273537 0.258868 162 92 0
0.673786 -0.277389 0.257616 162 92 0
0.668487 -0.278037 0.255769 162 92 0
0.663119 -0.2771 0.253522 162 92 0
0.65851 -0.274111 0.251253 162 92 0
0.65562 -0.269214 0.249625 162 92 0
0.653566 -0.263816 0.248145 162 92 0
0.654486 -0.258125 0.247897 162 92 0
0.656593 -0.252897 0.247768 162 92 0
0.660655 -0.249017 0.248544 162 92 0
0.664901 -0.244892 0.249274 162 92 0
0.670457 -0.244454 0.251072 162 92 0
0.675516 -0.245329 0.252661 162 92 0
0.679458 -0.248571 0.254294 162 92 0
0.681239 -0.253688 0.255542 162 92 0
0.681594 -0.258827 0.256977 162 92 0
0.679282 -0.264168 0.257055 162 92 0
0.674825 -0.266785 0.256538 162 92 0
0.669831 -0.268616 0.254813 163 91 0
0.664861 -0.266883 0.253122 163 91 0
0.660505 -0.264578 0.251222 163 91 0
0.657313 -0.26155 0.249595 163 91 0
0.655816 -0.257003 0.248534 163 91 0
0.655305 -0.253553 0.247891 163 91 0
0.654872 -0.248475 0.246568 163 91 0
0.657024 -0.243576 0.246327 163 91 0
0.659896 -0.239955 0.246702 163 91 0
0.662743 -0.237332 0.247039 163 91 0
0.666314 -0.234595 0.247538 163 91 0
0.671197 -0.23401 0.249089 163 91 0
0.668599 -0.235497 0.248311 163 91 0
0.663991 -0.23776 0.247254 163 91 0
0.659345 -0.239882 0.246078 163 91 0
0.654651 -0.241793 0.244749 163 91 0
0.649961 -0.24365 0.243322 163 91 0
0.64527 -0.24542 0.241798 163 91 0
0.644954 -0.245274 0.242735 163 91 0
0.585246 -0.247509 0.217447 163 91 0
0.585717 -0.24761 0.21657 163 91 0
0.585717 -0.24761 0.21657 163 91 0
0.584934 -0.25529 0.217778 163 91 0
0.584971 -0.260331 0.218689 163 91 0
0.58475 -0.265383 0.219516 163 91 0
0.584599 -0.270448 0.220272 163 91 0
0.584574 -0.275527 0.220941 163 91 0
0.584453 -0.280619 0.221472 163 91 0
0.584173 -0.285716 0.221909 163 91 0
0.583921 -0.290818 0.22231 163 91 0
0.58373 -0.295929 0.22262 163 91 0
0.583552 -0.301041 0.222894 163 91 0
0.581845 -0.310816 0.223747 163 91 0
0.580919 -0.315822 0.22426 163 91 0
0.579983 -0.320841 0.224727 163 91 0
0.579146 -0.325871 0.22525 163 91 0
0.578031 -0.330853 0.225724 163 91 0
0.577105 -0.335853 0.22637 163 91 0
0.576196 -0.340858 0.227003 163 91 0
0.575125 -0.34585 0.227463 163 91 0
0.573998 -0.350829 0.227938 163 91 0
0.57311 -0.355842 0.228533 163 91 0
0.572226 -0.36086 0.229103 163 91 0
0.571109 -0.365833 0.229639 163 91 0
0.57022 -0.370843 0.230224 163 91 0
0.571437 -0.363065 0.229474 163 91 0
0.572708 -0.358487 0.229052 163 91 0
0.573687 -0.35385 0.228469 163 91 0
0.574696 -0.349215 0.22793 163 91 0
0.575844 -0.344603 0.227483 163 91 0
0.576754 -0.339943 0.226973 163 91 0
0.577681 -0.335279 0.226539 163 91 0
0.578604 -0.330622 0.226031 163 91 0
0.579533 -0.325966 0.22552 163 91 0
0.580509 -0.321312 0.225097 163 91 0
0.581421 -0.316646 0.224755 163 91 0
0.581918 -0.308617 0.223236 163 91 0
0.582327 -0.303773 0.222817 163 91 0
0.5825 -0.298904 0.222438 163 91 0
0.582728 -0.29404 0.222021 163 91 0
0.582845 -0.289168 0.22164 163 91 0
0.582995 -0.2843 0.221221 163 91 0
0.583163 -0.279437 0.220748 163 91 0
0.58335 -0.274577 0.220264 163 91 0
0.583428 -0.269731 0.21963 163 91 0
0.583743 -0.264898 0.218987 163 91 0
0.583888 -0.260089 0.218175 163 91 0
0.584374 -0.255271 0.217514 163 91 0
0.585228 -0.232458 0.215797 163 91 0
0.58876 -0.23445 0.217687 163 91 0
0.592288 -0.236466 0.219553 163 91 0
0.595646 -0.240625 0.221712 163 91 0
0.596779 -0.246018 0.222819 163 91 0
0.594872 -0.251438 0.222513 163 91 0
0.591751 -0.256362 0.22137 163 91 0
0.587735 -0.26035 0.21963 163 91 0
0.583122 -0.262923 0.217064 163 91 0
0.578318 -0.261329 0.214142 163 91 0
0.573548 -0.260264 0.211056 163 91 0
0.569915 -0.256126 0.208572 163 91 0
0.567575 -0.251051 0.206631 163 91 0
0.567739 -0.24505 0.206161 163 91 0
0.568986 -0.239212 0.206455 163 91 0
0.573075 -0.235759 0.208571 163 91 0
0.577706 -0.232969 0.211225 163 91 0
0.582108 -0.235009 0.214027 163 91 0
0.585962 -0.238251 0.216739 163 91 0
0.587956 -0.243673 0.218449 163 91 0
0.587756 -0.249594 0.218795 163 91 0
0.586047 -0.255297 0.217995 163 91 0
0.582355 -0.259234 0.215965 163 91 0
0.577543 -0.261659 0.213241 163 91 0
0.572553 -0.263003 0.210384 163 91 0
0.567968 -0.260862 0.207714 163 91 0
0.563891 -0.257212 0.205153 163 91 0
0.560224 -0.253572 0.202602 163 91 0
0.559296 -0.2477 0.201639 163 91 0
0.560414 -0.241875 0.201731 163 91 0
0.562582 -0.236407 0.202701 163 91 0
0.567648 -0.234906 0.20553 163 91 0
0.572872 -0.234898 0.208564 163 91 0
0.577369 -0.237433 0.21152 163 91 0
0.579949 -0.242423 0.213399 163 91 0
0.57988 -0.248412 0.213823 163 91 0
0.57864 -0.254231 0.213429 164 90 0
0.575101 -0.258639 0.211609 164 90 0
0.57042 -0.261193 0.209109 164 90 0
0.565475 -0.263137 0.206457 164 90 0
0.560753 -0.260656 0.203706 164 90 0
0.556155 -0.259197 0.200806 164 90 0
0.553307 -0.254245 0.198845 164 90 0
0.552198 -0.248636 0.197913 164 90 0
0.552411 -0.242622 0.19767 164 90 0
0.554678 -0.237934 0.198566 164 90 0
0.557514 -0.235006 0.199826 164 90 0
0.562566 -0.234885 0.202284 164 90 0
0.567459 -0.235624 0.204837 164 90 0
0.570883 -0.238097 0.206901 164 90 0
0.573094 -0.242314 0.208496 164 90 0
0.574199 -0.247678 0.209799 164 90 0
0.57428 -0.253415 0.210745 164 90 0
0.572294 -0.258744 0.210399 164 90 0
0.569537 -0.263604 0.20932 164 90 0
0.564903 -0.266298 0.206841 164 90 0
0.560556 -0.268684 0.204335 164 90 0
0.555654 -0.267436 0.201348 164 90 0
0.551511 -0.264638 0.19868 164 90 0
0.549537 -0.259667 0.197191 164 90 0
0.547956 -0.254345 0.195928 164 90 0
0.550154 -0.249049 0.196709 164 90 0
0.554381 -0.245576 0.198822 164 90 0
0.559064 -0.244456 0.201284 164 90 0
0.56417 -0.244501 0.204367 164 90 0
0.568264 -0.247545 0.207105 164 90 0
0.570708 -0.252545 0.209186 164 90 0
0.572428 -0.257944 0.210717 164 90 0
0.572137 -0.263888 0.211166 164 90 0
0.569564 -0.268744 0.210319 164 90 0
0.566247 -0.273372 0.208869 164 90 0
0.562216 -0.277154 0.206764 164 90 0
0.557298 -0.278773 0.203844 164 90 0
0.55257 -0.277707 0.200832 164 90 0
0.549034 -0.273643 0.198357 164 90 0
0.547295 -0.268233 0.196916 164 90 0
0.547642 -0.262343 0.196541 164 90 0
0.55115 -0.25784 0.198215 164 90 0
0.555219 -0.25455 0.200578 164 90 0
0.560232 -0.254695 0.203813 164 90 0
0.564905 -0.255874 0.206996 164 90 0
0.56741 -0.260484 0.209001 164 90 0
0.569472 -0.265822 0.210655 164 90 0
0.571321 -0.271114 0.212109 164 90 0
0.569321 -0.276671 0.211246 164 90 0
0.567857 -0.282049 0.210816 164 90 0
0.563661 -0.285525 0.208637 164 90 0
0.558816 -0.28764 0.205876 164 90 0
0.553831 -0.288321 0.202797 164 90 0
0.549643 -0.285697 0.199767 164 90 0
0.547121 -0.280752 0.197705 164 90 0
0.54604 -0.275259 0.196621 164 90 0
0.548016 -0.269801 0.197616 164 90 0
0.552133 -0.266656 0.200147 164 90 0
0.556841 -0.264876 0.203239 164 90 0
0.561787 -0.265289 0.206469 164 90 0
0.56576 -0.268259 0.209201 164 90 0
0.568392 -0.273209 0.211235 164 90 0
0.56885 -0.278951 0.211915 164 90 0
0.568723 -0.284911 0.212197 164 90 0
0.566724 -0.290362 0.21134 164 90 0
0.563117 -0.294672 0.209429 164 90 0
0.558907 -0.297883 0.206866 164 90 0
0.554097 -0.298574 0.203799 164 90 0
0.549743 -0.296051 0.200817 164 90 0
0.545935 -0.293115 0.198226 164 90 0
0.545258 -0.287329 0.197345 164 90 0
0.545577 -0.281454 0.197316 164 90 0
0.549012 -0.27746 0.199419 164 90 0
0.553198 -0.274245 0.202159 164 90 0
0.557922 -0.274639 0.205303 164 90 0
0.561941 -0.277769 0.208141 164 90 0
0.565584 -0.281319 0.210695 164 90 0
0.568398 -0.286124 0.212779 164 90 0
0.568189 -0.292084 0.213014 164 90 0
0.56753 -0.297812 0.212853 164 90 0
0.564577 -0.302721 0.211189 164 90 0
0.560733 -0.306137 0.208807 164 90 0
0.556181 -0.308442 0.205793 164 90 0
0.551223 -0.308713 0.202484 164 90 0
0.54719 -0.305962 0.199529 164 90 0
0.544976 -0.301597 0.197749 164 90 0
0.543123 -0.296243 0.196342 164 90 0
0.545227 -0.291514 0.19735 164 90 0
0.548328 -0.287735 0.199277 164 90 0
0.552092 -0.284537 0.201866 164 90 0
0.556815 -0.285412 0.20505 164 90 0
0.56086 -0.288227 0.208044 164 90 0
0.564396 -0.290999 0.210638 164 90 0
0.565933 -0.296384 0.212368 164 90 0
0.565593 -0.302317 0.212903 164 90 0
0.565325 -0.308269 0.213246 164 90 0
0.563243 -0.313604 0.21214 164 90 0
0.558888 -0.316244 0.209425 164 90 0
0.555168 -0.318665 0.206598 164 90 0
0.55046 -0.317993 0.203018 164 90 0
0.546286 -0.316914 0.199401 164 90 0
0.543342 -0.31327 0.196741 164 90 0
0.543511 -0.307466 0.196391 164 90 0
0.543853 -0.302143 0.196539 165 89 0
0.546554 -0.298652 0.198234 165 89 0
0.550543 -0.296262 0.200904 165 89 0
0.555007 -0.296017 0.204189 165 89 0
0.559031 -0.29655 0.207757 165 89 0
0.56111 -0.299754 0.209585 165 89 0
0.563775 -0.302437 0.211665 165 89 0
0.565339 -0.307005 0.213275 165 89 0
0.564741 -0.312875 0.214311 165 89 0
0.564226 -0.318737 0.214498 165 89 0
0.561553 -0.323637 0.213192 165 89 0
0.557867 -0.326325 0.210594 165 89 0
0.554654 -0.328653 0.20721 165 89 0
0.550264 -0.328449 0.203212 165 89 0
0.546174 -0.326972 0.199639 165 89 0
0.542988 -0.32276 0.196826 165 89 0
0.543065 -0.316863 0.196359 165 89 0
0.544755 -0.311236 0.197546 165 89 0
0.547927 -0.306839 0.199973 165 89 0
0.552549 -0.306332 0.203632 165 89 0
0.557075 -0.306792 0.207521 165 89 0
0.561174 -0.309112 0.21094 165 89 0
0.563269 -0.314154 0.213289 165 89 0
0.564378 -0.319702 0.214905 165 89 0
0.563948 -0.325659 0.215415 165 89 0
0.562298 -0.331345 0.214588 165 89 0
0.559707 -0.336269 0.212679 165 89 0
0.555491 -0.338931 0.209407 165 89 0
0.551113 -0.340298 0.205804 165 89 0
0.546634 -0.338777 0.202219 165 89 0
0.543282 -0.335219 0.198902 165 89 0
0.542099 -0.329996 0.197369 165 89 0
0.542512 -0.324025 0.197293 165 89 0
0.545258 -0.319667 0.199341 165 89 0
0.549222 -0.316666 0.202619 165 89 0
0.553791 -0.316153 0.206354 165 89 0
0.558 -0.317628 0.209909 165 89 0
0.561033 -0.321701 0.213077 165 89 0
0.563354 -0.326666 0.215447 165 89 0
0.563554 -0.33248 0.216408 165 89 0
0.562725 -0.338347 0.21631 165 89 0
0.559978 -0.343184 0.214548 165 89 0
0.557144 -0.347942 0.21236 165 89 0
0.552879 -0.3504 0.209171 165 89 0
0.548308 -0.350033 0.205434 165 89 0
0.544248 -0.347529 0.20204 165 89 0
0.541604 -0.342929 0.19933 165 89 0
0.541803 -0.337026 0.19862 165 89 0
0.543543 -0.33164 0.199447 165 89 0
0.547418 -0.328103 0.20222 165 89 0
0.551348 -0.326596 0.20556 165 89 0
0.555615 -0.328352 0.209261 165 89 0
0.559455 -0.330986 0.21301 165 89 0
0.562292 -0.335257 0.215936 165 89 0
0.562856 -0.340936 0.217397 165 89 0
0.561964 -0.34681 0.217535 165 89 0
0.560283 -0.352502 0.216742 165 89 0
0.556834 -0.356537 0.214505 165 89 0
0.553306 -0.360451 0.211837 165 89 0
0.548574 -0.360444 0.208161 165 89 0
0.544387 -0.359147 0.204577 165 89 0
0.540989 -0.355247 0.201563 165 89 0
0.540876 -0.349602 0.2006 165 89 0
0.54215 -0.344018 0.200965 165 89 0
0.545037 -0.339141 0.202885 165 89 0
0.549572 -0.33784 0.206252 165 89 0
0.553725 -0.33714 0.209859 165 89 0
0.557385 -0.340264 0.213434 165 89 0
0.560684 -0.344015 0.216717 165 89 0
0.562062 -0.349384 0.218755 165 89 0
0.561613 -0.355311 0.219437 165 89 0
0.560322 -0.360976 0.219042 165 89 0
0.557551 -0.365919 0.217303 165 89 0
0.553758 -0.369687 0.214612 165 89 0
0.549346 -0.370654 0.211245 165 89 0
0.545022 -0.369848 0.207441 165 89 0
0.541701 -0.366359 0.203875 165 89 0
0.540012 -0.361185 0.201911 165 89 0
0.540211 -0.35521 0.201538 165 89 0
0.542785 -0.350271 0.2032 165 89 0
0.547274 -0.348549 0.206597 165 89 0
0.551777 -0.348273 0.21052 165 89 0
0.555998 -0.34958 0.214436 165 89 0
0.558775 -0.353635 0.217544 165 89 0
0.561215 -0.35845 0.220142 165 89 0
0.561206 -0.364237 0.221163 165 89 0
0.559673 -0.370013 0.22077 165 89 0
0.55735 -0.375313 0.219458 165 89 0
0.554186 -0.379632 0.217157 165 89 0
0.550059 -0.382443 0.213851 165 89 0
0.545662 -0.381374 0.210094 165 89 0
0.542155 -0.378478 0.20656 165 89 0
0.539421 -0.374334 0.20366 165 89 0
0.539765 -0.368557 0.202701 165 89 0
0.541516 -0.363009 0.203486 165 89 0
0.544419 -0.358714 0.205972 165 89 0
0.54888 -0.358326 0.209929 165 89 0
0.553119 -0.358752 0.214116 165 89 0
0.557146 -0.36095 0.217836 165 89 0
0.558976 -0.365963 0.220351 165 89 0
0.560642 -0.371288 0.222361 165 89 0
0.560566 -0.377196 0.222754 165 89 0
0.558642 -0.382321 0.221529 165 89 0
0.555612 -0.386833 0.219052 165 89 0
0.552382 -0.390773 0.216243 166 88 0
0.548621 -0.392119 0.212666 166 88 0
0.544887 -0.390995 0.20875 166 88 0
0.541997 -0.388069 0.206051 166 88 0
0.538995 -0.384363 0.203197 166 88 0
0.539291 -0.378566 0.202811 166 88 0
0.540447 -0.374205 0.203551 166 88 0
0.543419 -0.370093 0.206095 166 88 0
0.546842 -0.368635 0.209615 166 88 0
0.549779 -0.368196 0.213463 166 88 0
0.553187 -0.369747 0.21728 166 88 0
0.557178 -0.371927 0.220329 166 88 0
0.559096 -0.377237 0.221583 166 88 0
0.56057 -0.382703 0.222276 166 88 0
0.559265 -0.388067 0.220988 166 88 0
0.556929 -0.392712 0.218821 166 88 0
0.552924 -0.395545 0.215661 166 88 0
0.548609 -0.396714 0.212057 166 88 0
0.543964 -0.396166 0.208578 166 88 0
0.540634 -0.392633 0.205742 166 88 0
0.538703 -0.387678 0.203883 166 88 0
0.538577 -0.381865 0.203458 166 88 0
0.539681 -0.376242 0.204086 166 88 0
0.542407 -0.371777 0.206132 166 88 0
0.546549 -0.369487 0.209295 166 88 0
0.550135 -0.368196 0.212846 166 88 0
0.553505 -0.368578 0.217132 166 88 0
0.556531 -0.370565 0.219777 166 88 0
0.558505 -0.37377 0.221562 166 88 0
0.560399 -0.377417 0.223493 166 88 0
0.56024 -0.383141 0.223722 166 88 0
0.558324 -0.386891 0.222187 166 88 0
0.555588 -0.390445 0.219283 166 88 0
0.552009 -0.391919 0.215799 166 88 0
0.548029 -0.392097 0.211879 166 88 0
0.544323 -0.388924 0.20858 166 88 0
0.541501 -0.385482 0.205489 166 88 0
0.540177 -0.380265 0.203682 166 88 0
0.539003 -0.374632 0.202237 166 88 0
0.540955 -0.369344 0.202979 166 88 0
0.542574 -0.364045 0.20414 166 88 0
0.546041 -0.360833 0.207096 166 88 0
0.549512 -0.35831 0.210794 166 88 0
0.553782 -0.357794 0.214788 166 88 0
0.557421 -0.35989 0.218631 166 88 0
0.560634 -0.363748 0.221706 166 88 0
0.561006 -0.368987 0.222554 166 88 0
0.560667 -0.374805 0.222656 166 88 0
0.556881 -0.378671 0.220163 166 88 0
0.552569 -0.380698 0.216757 166 88 0
0.548785 -0.38205 0.213239 166 88 0
0.545617 -0.378688 0.209572 166 88 0
0.542744 -0.37537 0.206393 166 88 0
0.540792 -0.370389 0.203771 166 88 0
0.539823 -0.365263 0.202078 166 88 0
0.54174 -0.359619 0.202364 166 88 0
0.544053 -0.354257 0.203739 166 88 0
0.547084 -0.349855 0.206347 166 88 0
0.551131 -0.347024 0.209768 166 88 0
0.554718 -0.348624 0.213146 166 88 0
0.558848 -0.349272 0.21715 166 88 0
0.561353 -0.353568 0.219979 166 88 0
0.562758 -0.35873 0.221856 166 88 0
0.561164 -0.36439 0.221351 166 88 0
0.557326 -0.36818 0.218816 166 88 0
0.553381 -0.37078 0.215332 166 88 0
0.548907 -0.370628 0.211348 166 88 0
0.54535 -0.368189 0.207407 166 88 0
0.542889 -0.363995 0.204206 166 88 0
0.541259 -0.358709 0.20193 166 88 0
0.540737 -0.353091 0.200797 166 88 0
0.542877 -0.347754 0.201393 166 88 0
0.54552 -0.342666 0.203136 166 88 0
0.548896 -0.338436 0.205663 166 88 0
0.553229 -0.336422 0.209121 166 88 0
0.557557 -0.337801 0.213046 166 88 0
0.561426 -0.340695 0.216561 166 88 0
0.563586 -0.345369 0.219445 166 88 0
0.563754 -0.351158 0.220416 166 88 0
0.561111 -0.356113 0.219037 166 88 0
0.55731 -0.359465 0.216068 166 88 0
0.552892 -0.360448 0.212236 166 88 0
0.548439 -0.359799 0.208361 166 88 0
0.545213 -0.356522 0.20507 166 88 0
0.543108 -0.351543 0.202478 166 88 0
0.543048 -0.345804 0.201296 166 88 0
0.543373 -0.339822 0.200777 166 88 0
0.545083 -0.334341 0.201496 166 88 0
0.548781 -0.330529 0.203929 166 88 0
0.552919 -0.327272 0.206832 166 88 0
0.557265 -0.327498 0.210579 166 88 0
0.561325 -0.328752 0.214473 166 88 0
0.563883 -0.333533 0.217054 166 88 0
0.564907 -0.339047 0.218557 166 88 0
0.564285 -0.344728 0.218505 166 88 0
0.560769 -0.348584 0.216008 166 88 0
0.556627 -0.350662 0.212735 166 88 0
0.551933 -0.350323 0.209075 166 88 0
0.548262 -0.347247 0.205499 166 88 0
0.544978 -0.343296 0.202397 166 88 0
0.543674 -0.337844 0.200732 166 88 0
0.543924 -0.331893 0.200093 166 88 0
0.544184 -0.326125 0.199919 166 88 0
0.547996 -0.322117 0.202247 166 88 0
0.552056 -0.319022 0.205207 167 87 0
0.556479 -0.316686 0.208543 167 87 0
0.560963 -0.317314 0.212313 167 87 0
0.564341 -0.320756 0.21533 167 87 0
0.565726 -0.326237 0.217087 167 87 0
0.56602 -0.33211 0.217602 167 87 0
0.563095 -0.336101 0.215665 167 87 0
0.559197 -0.339579 0.212765 167 87 0
0.554683 -0.340494 0.209016 167 87 0
0.550481 -0.338363 0.205506 167 87 0
0.546737 -0.334767 0.202484 167 87 0
0.545256 -0.329243 0.200909 167 87 0
0.543988 -0.323678 0.199333 167 87 0
0.544479 -0.317746 0.199155 167 87 0
0.547289 -0.312803 0.200559 167 87 0
0.551348 -0.309271 0.203126 167 87 0
0.555842 -0.307054 0.206441 167 87 0
0.560626 -0.306613 0.210014 167 87 0
0.564349 -0.309484 0.213253 167 87 0
0.566735 -0.314524 0.215482 167 87 0
0.566779 -0.320307 0.215767 167 87 0
0.564637 -0.325742 0.214363 167 87 0
0.560664 -0.329239 0.211591 167 87 0
0.556199 -0.329757 0.208518 167 87 0
0.551561 -0.328342 0.205107 167 87 0
0.547812 -0.325257 0.202064 167 87 0
0.545459 -0.320205 0.199899 167 87 0
0.544523 -0.31437 0.198799 167 87 0
0.544854 -0.308482 0.198588 167 87 0
0.547856 -0.303562 0.200257 167 87 0
0.551593 -0.299524 0.202662 167 87 0
0.556032 -0.296907 0.205641 167 87 0
0.560962 -0.296346 0.208968 167 87 0
0.565196 -0.298979 0.212182 167 87 0
0.567532 -0.302767 0.214247 167 87 0
0.569113 -0.308196 0.215616 167 87 0
0.566834 -0.313302 0.214416 167 87 0
0.563732 -0.317701 0.212348 167 87 0
0.559132 -0.320025 0.209264 167 87 0
0.554353 -0.318793 0.206034 167 87 0
0.54993 -0.316203 0.202912 167 87 0
0.546544 -0.312311 0.200362 167 87 0
0.545086 -0.306698 0.198888 167 87 0
0.54612 -0.30117 0.198866 167 87 0
0.546257 -0.295203 0.198726 167 87 0
0.550184 -0.291562 0.200959 167 87 0
0.554088 -0.287905 0.203487 167 87 0
0.558665 -0.285583 0.206578 167 87 0
0.563353 -0.286152 0.209761 167 87 0
0.566927 -0.290041 0.21231 167 87 0
0.569336 -0.295261 0.214071 167 87 0
0.569592 -0.300928 0.21449 167 87 0
0.566597 -0.305472 0.212724 167 87 0
0.561932 -0.307818 0.209744 167 87 0
0.556997 -0.308422 0.206441 167 87 0
0.552398 -0.30704 0.203214 167 87 0
0.548958 -0.302881 0.200712 167 87 0
0.546264 -0.298054 0.198683 167 87 0
0.546457 -0.292052 0.198388 167 87 0
0.54761 -0.286379 0.198825 167 87 0
0.550288 -0.281218 0.200354 167 87 0
0.553353 -0.27645 0.202335 167 87 0
0.558336 -0.276097 0.2056 167 87 0
0.563144 -0.276669 0.208831 167 87 0
0.567402 -0.279387 0.211907 167 87 0
0.570319 -0.284135 0.214103 167 87 0
0.56945 -0.289878 0.213894 167 87 0
0.568042 -0.2954 0.213133 167 87 0
0.563969 -0.298671 0.210553 167 87 0
0.558979 -0.29888 0.207209 167 87 0
0.554179 -0.29783 0.203904 167 87 0
0.550103 -0.294502 0.201028 167 87 0
0.547204 -0.289878 0.198793 167 87 0
0.546711 -0.284106 0.197822 167 87 0
0.547273 -0.278182 0.1977 167 87 0
0.549951 -0.272956 0.198898 167 87 0
0.553527 -0.268559 0.200853 167 87 0
0.557897 -0.265586 0.203605 167 87 0
0.562829 -0.264797 0.206804 167 87 0
0.567309 -0.267104 0.20994 167 87 0
0.57115 -0.270634 0.212809 167 87 0
0.570843 -0.276623 0.213244 167 87 0
0.569715 -0.282332 0.213059 167 87 0
0.566096 -0.286483 0.210983 167 87 0
0.561641 -0.288314 0.208197 167 87 0
0.556771 -0.287976 0.204873 167 87 0
0.552614 -0.28495 0.201769 167 87 0
0.549901 -0.280249 0.199416 167 87 0
0.547571 -0.275047 0.197572 167 87 0
0.548068 -0.269374 0.197307 167 87 0
0.549553 -0.263729 0.197727 167 87 0
0.552675 -0.259126 0.199045 167 87 0
0.557161 -0.256756 0.20133 167 87 0
0.561872 -0.254705 0.204092 167 87 0
0.566659 -0.255602 0.207228 167 87 0
0.570634 -0.259007 0.210155 167 87 0
0.57228 -0.264039 0.212062 167 87 0
0.571386 -0.269268 0.212347 167 87 0
0.569255 -0.27433 0.211569 167 87 0
0.564951 -0.277216 0.209204 167 87 0
0.560111 -0.278613 0.206132 167 87 0
0.555934 -0.276645 0.20315 167 87 0
0.552151 -0.273023 0.200349 167 87 0
0.549328 -0.268572 0.198121 168 86 0
0.548662 -0.262819 0.19723 168 86 0
0.54975 -0.25842 0.197399 168 86 0
0.549983 -0.252425 0.197019 168 86 0
0.554508 -0.249379 0.199132 168 86 0
0.558606 -0.245727 0.20092 168 86 0
0.563736 -0.244486 0.203446 168 86 0
0.568646 -0.245458 0.20626 168 86 0
0.571334 -0.248672 0.208276 168 86 0
0.573615 -0.253473 0.210342 168 86 0
0.573422 -0.259036 0.211238 168 86 0
0.570011 -0.263465 0.210072 168 86 0
0.566121 -0.266253 0.208028 168 86 0
0.562925 -0.268644 0.206025 168 86 0
0.558092 -0.267732 0.202833 168 86 0
0.554132 -0.264308 0.200218 168 86 0
0.551783 -0.260256 0.198663 168 86 0
0.549839 -0.256635 0.197329 168 86 0
0.549966 -0.250723 0.196961 168 86 0
0.5502 -0.244828 0.196593 168 86 0
0.552407 -0.241296 0.197486 168 86 0
0.553958 -0.237932 0.198187 168 86 0
0.557754 -0.236198 0.199924 168 86 0
0.562587 -0.234885 0.202248 168 86 0
0.564705 -0.235692 0.203374 168 86 0
0.568692 -0.237687 0.205659 168 86 0
0.572563 -0.239772 0.208056 168 86 0
0.576273 -0.242089 0.210495 168 86 0
0.579985 -0.244392 0.212945 168 86 0
0.583647 -0.246817 0.215342 168 86 0
0.583163 -0.246698 0.216209 168 86 0
0.641725 -0.246942 0.243144 168 86 0
0.642063 -0.247079 0.242213 168 86 0
0.641875 -0.254732 0.242159 168 86 0
0.641641 -0.259948 0.242904 168 86 0
0.641042 -0.265143 0.243612 168 86 0
0.640688 -0.270347 0.244383 168 86 0
0.640491 -0.275557 0.2452 168 86 0
0.640169 -0.280765 0.24598 168 86 0
0.639747 -0.285976 0.246698 168 86 0
0.639245 -0.291187 0.247355 168 86 0
0.638903 -0.296401 0.248059 168 86 0
0.638407 -0.3016 0.248656 168 86 0
0.637261 -0.309331 0.249858 168 86 0
0.636478 -0.314108 0.251144 168 86 0
0.635736 -0.318938 0.252239 168 86 0
0.635053 -0.323783 0.253307 168 86 0
0.634347 -0.328612 0.25443 168 86 0
0.633688 -0.333435 0.255608 168 86 0
0.632963 -0.338262 0.256728 168 86 0
0.632359 -0.3431 0.257874 168 86 0
0.631729 -0.347931 0.259036 168 86 0
0.631135 -0.352773 0.260169 168 86 0
0.630546 -0.357623 0.261271 168 86 0
0.630023 -0.362506 0.262249 168 86 0
0.629459 -0.367379 0.263255 168 86 0
0.628926 -0.372287 0.264089 168 86 0
0.629633 -0.364555 0.263172 168 86 0
0.630254 -0.359777 0.261945 168 86 0
0.630851 -0.355001 0.260701 168 86 0
0.631434 -0.35019 0.259588 168 86 0
0.632049 -0.345395 0.258427 168 86 0
0.632856 -0.340604 0.257369 168 86 0
0.633499 -0.335807 0.256227 168 86 0
0.634203 -0.331018 0.255092 168 86 0
0.634895 -0.326227 0.253954 168 86 0
0.635632 -0.321416 0.252944 168 86 0
0.636551 -0.316637 0.251924 168 86 0
0.637382 -0.308381 0.249727 168 86 0
0.637568 -0.303537 0.248962 168 86 0
0.637892 -0.298702 0.248194 168 86 0
0.638266 -0.293872 0.247413 168 86 0
0.638631 -0.289024 0.246744 168 86 0
0.639014 -0.284175 0.246094 168 86 0
0.639408 -0.279331 0.245414 168 86 0
0.639901 -0.27449 0.244775 168 86 0
0.64038 -0.269647 0.244141 168 86 0
0.640895 -0.26481 0.243494 168 86 0
0.64142 -0.259976 0.24283 168 86 0
0.641859 -0.25513 0.242202 168 86 0
0.643548 -0.232337 0.238652 168 86 0
0.648052 -0.233877 0.240776 168 86 0
0.652388 -0.23551 0.24312 168 86 0
0.655921 -0.238635 0.245543 168 86 0
0.657051 -0.244174 0.246916 168 86 0
0.656744 -0.250066 0.24779 168 86 0
0.655515 -0.255713 0.248057 168 86 0
0.651935 -0.259428 0.247166 168 86 0
0.64762 -0.26235 0.245446 168 86 0
0.642958 -0.259737 0.242976 168 86 0
0.63839 -0.257009 0.240186 168 86 0
0.636442 -0.251921 0.238544 168 86 0
0.63704 -0.245975 0.237933 168 86 0
0.638967 -0.240622 0.23809 168 86 0
0.642457 -0.235863 0.239147 168 86 0
0.647452 -0.234816 0.241206 168 86 0
0.652391 -0.232633 0.243407 168 86 0
0.657297 -0.235018 0.245926 168 86 0
0.66209 -0.237243 0.248538 168 86 0
0.664641 -0.2424 0.250221 168 86 0
0.666274 -0.247838 0.251538 168 86 0
0.666478 -0.253793 0.252299 168 86 0
0.662569 -0.257891 0.250924 168 86 0
0.658237 -0.261627 0.249149 168 86 0
0.653058 -0.262439 0.246718 169 85 0
0.648925 -0.259008 0.244483 169 85 0
0.646005 -0.254137 0.242528 169 85 0
0.644544 -0.248599 0.241122 169 85 0
0.646821 -0.243068 0.241603 169 85 0
0.649458 -0.238102 0.242196 169 85 0
0.654639 -0.235695 0.244007 169 85 0
0.660208 -0.23517 0.245948 169 85 0
0.665648 -0.234601 0.248421 169 85 0
0.670116 -0.237959 0.250564 169 85 0
0.674245 -0.241551 0.252913 169 85 0
0.675962 -0.247031 0.254192 169 85 0
0.674416 -0.252737 0.254052 169 85 0
0.673207 -0.258497 0.254293 169 85 0
0.66829 -0.2614 0.252658 169 85 0
0.662687 -0.262012 0.250968 169 85 0
0.657859 -0.25944 0.248955 169 85 0
0.654577 -0.25526 0.247107 169 85 0
0.653259 -0.24998 0.245792 169 85 0
0.655018 -0.244766 0.245717 169 85 0
0.65755 -0.239691 0.245654 169 85 0
0.661736 -0.236823 0.246785 169 85 0
0.66605 -0.234589 0.247719 169 85 0
0.671113 -0.23401 0.249233 169 85 0
0.674805 -0.236218 0.249782 169 85 0
0.678157 -0.238561 0.251345 169 85 0
0.680899 -0.242647 0.252979 169 85 0
0.683114 -0.24683 0.254844 169 85 0
0.68269 -0.252701 0.255987 169 85 0
0.680301 -0.257845 0.256185 169 85 0
0.677685 -0.262792 0.256438 169 85 0
0.673062 -0.266423 0.255358 169 85 0
0.668181 -0.268517 0.254008 169 85 0
0.662688 -0.267641 0.252037 169 85 0
0.658629 -0.263732 0.250215 169 85 0
0.655337 -0.259926 0.248099 169 85 0
0.654585 -0.254245 0.246729 169 85 0
0.657232 -0.249174 0.247112 169 85 0
0.661559 -0.245577 0.248249 169 85 0
0.667104 -0.244931 0.250134 169 85 0
0.672674 -0.245257 0.25235 169 85 0
0.677177 -0.248302 0.254694 169 85 0
0.680068 -0.25315 0.256574 169 85 0
0.681139 -0.258933 0.25771 169 85 0
0.680505 -0.264884 0.258227 169 85 0
0.678197 -0.270351 0.258073 169 85 0
0.674965 -0.275255 0.257544 169 85 0
0.669955 -0.278103 0.256154 169 85 0
0.664443 -0.278135 0.253778 169 85 0
0.659644 -0.276789 0.251527 169 85 0
0.655908 -0.272498 0.249573 169 85 0
0.654917 -0.267225 0.248688 169 85 0
0.655273 -0.261451 0.248243 169 85 0
0.659336 -0.25751 0.249553 169 85 0
0.663939 -0.25414 0.251435 169 85 0
0.669251 -0.25517 0.253806 169 85 0
0.674211 -0.257432 0.256325 169 85 0
0.676726 -0.262079 0.257712 169 85 0
0.679487 -0.267006 0.259531 169 85 0
0.679342 -0.272987 0.260149 169 85 0
0.678621 -0.278782 0.260412 169 85 0
0.675298 -0.283447 0.259465 169 85 0
0.670356 -0.286434 0.257776 169 85 0
0.665241 -0.288666 0.2556 169 85 0
0.659949 -0.287427 0.253239 169 85 0
0.655575 -0.284046 0.250965 169 85 0
0.653992 -0.278472 0.249913 169 85 0
0.654771 -0.27264 0.249889 169 85 0
0.658178 -0.267943 0.25084 169 85 0
0.663311 -0.265597 0.252927 169 85 0
0.668273 -0.266108 0.255132 169 85 0
0.672768 -0.269309 0.257525 169 85 0
0.677143 -0.272435 0.260106 169 85 0
0.678881 -0.277916 0.261537 169 85 0
0.678682 -0.283878 0.262269 169 85 0
0.67715 -0.2895 0.262285 169 85 0
0.67413 -0.294652 0.261651 169 85 0
0.669648 -0.298149 0.259955 169 85 0
0.664123 -0.298434 0.257603 169 85 0
0.658865 -0.297148 0.255276 169 85 0
0.655072 -0.293042 0.253302 169 85 0
0.652948 -0.287689 0.251731 169 85 0
0.653217 -0.281809 0.251123 169 85 0
0.656898 -0.27724 0.252101 169 85 0
0.662062 -0.276154 0.254182 169 85 0
0.667512 -0.276465 0.256716 169 85 0
0.672249 -0.278741 0.25906 169 85 0
0.675399 -0.283213 0.260923 169 85 0
0.678158 -0.288104 0.26292 169 85 0
0.677872 -0.293891 0.263704 169 85 0
0.676554 -0.299711 0.263969 169 85 0
0.672998 -0.304041 0.263185 169 85 0
0.668087 -0.307164 0.261685 169 85 0
0.662682 -0.308262 0.259785 169 85 0
0.657244 -0.30781 0.257343 169 85 0
0.653254 -0.304058 0.25531 169 85 0
0.651598 -0.298595 0.253852 169 85 0
0.652001 -0.292942 0.253041 169 85 0
0.655766 -0.288754 0.254137 169 85 0
0.660591 -0.286105 0.255692 169 85 0
0.666194 -0.286489 0.257819 169 85 0
0.670665 -0.288879 0.259731 169 85 0
0.674896 -0.292068 0.262078 169 85 0
0.677512 -0.297144 0.26396 170 84 0
0.67699 -0.303045 0.264932 170 84 0
0.676204 -0.308956 0.265649 170 84 0
0.672887 -0.313581 0.265512 170 84 0
0.668085 -0.316614 0.26444 170 84 0
0.662799 -0.318839 0.26308 170 84 0
0.657128 -0.31855 0.261118 170 84 0
0.652863 -0.315521 0.258824 170 84 0
0.650517 -0.310763 0.256694 170 84 0
0.649753 -0.305312 0.255272 170 84 0
0.651783 -0.300558 0.255379 170 84 0
0.655559 -0.298831 0.256473 170 84 0
0.658962 -0.295948 0.257511 170 84 0
0.664082 -0.296216 0.259074 170 84 0
0.668215 -0.297638 0.260425 170 84 0
0.671561 -0.300653 0.261853 170 84 0
0.674555 -0.303169 0.263621 170 84 0
0.676349 -0.308057 0.265261 170 84 0
0.676587 -0.31313 0.266814 170 84 0
0.675005 -0.318639 0.267513 170 84 0
0.671995 -0.323298 0.267311 170 84 0
0.668177 -0.327065 0.266724 170 84 0
0.663109 -0.328908 0.265011 170 84 0
0.657771 -0.328714 0.262952 170 84 0
0.653141 -0.325997 0.260667 170 84 0
0.649604 -0.321698 0.258385 170 84 0
0.648875 -0.316241 0.257255 170 84 0
0.65073 -0.31063 0.257071 170 84 0
0.655484 -0.30785 0.258503 170 84 0
0.660676 -0.30669 0.260516 170 84 0
0.66617 -0.307125 0.262865 170 84 0
0.670374 -0.310712 0.265209 170 84 0
0.67345 -0.315359 0.267404 170 84 0
0.674846 -0.320889 0.268911 170 84 0
0.674653 -0.326794 0.269913 170 84 0
0.671663 -0.33198 0.269424 170 84 0
0.667694 -0.336298 0.268409 170 84 0
0.662612 -0.338938 0.266636 170 84 0
0.657186 -0.340177 0.264404 170 84 0
0.652357 -0.337722 0.262141 170 84 0
0.648348 -0.333865 0.259917 170 84 0
0.647329 -0.328394 0.258885 170 84 0
0.648308 -0.322563 0.258538 170 84 0
0.652767 -0.318878 0.260085 170 84 0
0.6579 -0.316791 0.262119 170 84 0
0.663215 -0.317147 0.2647 170 84 0
0.667267 -0.320865 0.266915 170 84 0
0.67082 -0.324596 0.269519 170 84 0
0.672444 -0.330113 0.271236 170 84 0
0.67135 -0.335559 0.271829 170 84 0
0.668878 -0.341046 0.271713 170 84 0
0.666157 -0.346226 0.271169 170 84 0
0.661012 -0.348634 0.269253 170 84 0
0.655634 -0.350365 0.267183 170 84 0
0.650943 -0.347557 0.264817 170 84 0
0.647158 -0.344039 0.262535 170 84 0
0.645083 -0.338714 0.260653 170 84 0
0.646632 -0.333101 0.260201 170 84 0
0.650314 -0.328802 0.26105 170 84 0
0.655364 -0.326262 0.262947 170 84 0
0.660642 -0.327164 0.265602 170 84 0
0.665372 -0.329469 0.268432 170 84 0
0.668373 -0.333843 0.270924 170 84 0
0.670265 -0.338908 0.27335 170 84 0
0.669451 -0.344832 0.274059 170 84 0
0.667496 -0.350491 0.274643 170 84 0
0.66435 -0.355224 0.274328 170 84 0
0.659527 -0.358454 0.272768 170 84 0
0.654431 -0.360471 0.270772 170 84 0
0.649482 -0.358512 0.268524 170 84 0
0.645515 -0.354925 0.266062 170 84 0
0.643252 -0.349766 0.263947 170 84 0
0.644036 -0.344104 0.26298 170 84 0
0.647346 -0.33933 0.263414 170 84 0
0.652489 -0.336976 0.265172 170 84 0
0.657962 -0.336861 0.267557 170 84 0
0.662299 -0.338927 0.270192 170 84 0
0.665691 -0.343081 0.272848 170 84 0
0.667532 -0.347998 0.275082 170 84 0
0.667991 -0.353762 0.276764 170 84 0
0.666983 -0.359382 0.277955 170 84 0
0.663503 -0.364233 0.277171 170 84 0
0.658737 -0.367638 0.276328 170 84 0
0.653453 -0.369775 0.274417 170 84 0
0.648471 -0.368784 0.272345 170 84 0
0.643972 -0.365644 0.269907 170 84 0
0.641167 -0.361149 0.267586 170 84 0
0.6413 -0.355353 0.266357 170 84 0
0.64385 -0.350788 0.266275 170 84 0
0.648479 -0.347342 0.267879 170 84 0
0.653871 -0.346479 0.270113 170 84 0
0.658812 -0.348435 0.272728 170 84 0
0.662897 -0.351705 0.275476 170 84 0
0.66549 -0.356611 0.277811 170 84 0
0.666375 -0.362349 0.279276 170 84 0
0.664844 -0.368093 0.279839 170 84 0
0.662124 -0.373458 0.279807 170 84 0
0.657268 -0.376342 0.278454 170 84 0
0.652553 -0.379792 0.277148 170 84 0
0.647235 -0.380053 0.274763 170 84 0
0.642684 -0.376893 0.272413 170 84 0
0.639476 -0.372799 0.270314 170 84 0
0.637852 -0.367784 0.268613 170 84 0
0.639835 -0.362448 0.268698 170 84 0
0.644486 -0.35899 0.270276 171 83 0
0.649298 -0.356419 0.272102 171 83 0
0.654567 -0.356539 0.274501 171 83 0
0.659038 -0.359654 0.276853 171 83 0
0.662304 -0.363812 0.278993 171 83 0
0.663782 -0.369445 0.280361 171 83 0
0.664434 -0.374755 0.281615 171 83 0
0.662169 -0.379983 0.281133 171 83 0
0.658726 -0.384727 0.280175 171 83 0
0.654469 -0.388601 0.278514 171 83 0
0.649547 -0.390337 0.276255 171 83 0
0.644889 -0.388657 0.274151 171 83 0
0.640385 -0.386335 0.271835 171 83 0
0.638261 -0.382115 0.270745 171 83 0
0.637004 -0.376656 0.269936 171 83 0
0.639151 -0.371955 0.270877 171 83 0
0.641858 -0.36895 0.271779 171 83 0
0.644765 -0.366735 0.272855 171 83 0
0.649789 -0.366273 0.274838 171 83 0
0.654621 -0.367249 0.277056 171 83 0
0.658692 -0.369863 0.279375 171 83 0
0.662074 -0.374303 0.281406 171 83 0
0.661882 -0.380244 0.281555 171 83 0
0.661789 -0.386302 0.28184 171 83 0
0.658384 -0.39096 0.280274 171 83 0
0.653607 -0.39383 0.277958 171 83 0
0.64837 -0.394306 0.275313 171 83 0
0.643418 -0.39193 0.272871 171 83 0
0.639768 -0.387996 0.271009 171 83 0
0.637217 -0.382679 0.269657 171 83 0
0.638039 -0.376847 0.270006 171 83 0
0.640498 -0.371429 0.27118 171 83 0
0.644909 -0.368295 0.27325 171 83 0
0.649626 -0.366273 0.27512 171 83 0
0.653729 -0.366316 0.276405 171 83 0
0.658208 -0.368106 0.278441 171 83 0
0.661297 -0.371898 0.280111 171 83 0
0.662583 -0.376099 0.281031 171 83 0
0.66259 -0.379939 0.28137 171 83 0
0.660595 -0.384802 0.28096 171 83 0
0.657171 -0.388045 0.279751 171 83 0
0.652385 -0.389821 0.277788 171 83 0
0.647277 -0.390179 0.275363 171 83 0
0.643922 -0.387627 0.273762 171 83 0
0.640342 -0.384879 0.271898 171 83 0
0.63808 -0.379795 0.270498 171 83 0
0.637202 -0.374359 0.269601 171 83 0
0.637883 -0.368554 0.269014 171 83 0
0.640747 -0.363852 0.269446 171 83 0
0.644641 -0.35938 0.270304 171 83 0
0.649277 -0.356409 0.271697 171 83 0
0.654814 -0.355984 0.273843 171 83 0
0.659615 -0.357938 0.276202 171 83 0
0.663391 -0.361362 0.278739 171 83 0
0.664246 -0.366803 0.280041 171 83 0
0.663382 -0.372123 0.280885 171 83 0
0.659312 -0.376428 0.280005 171 83 0
0.654439 -0.378717 0.278352 171 83 0
0.649923 -0.380321 0.276399 171 83 0
0.645371 -0.377357 0.274003 171 83 0
0.641591 -0.373603 0.271457 171 83 0
0.639563 -0.368408 0.269477 171 83 0
0.638121 -0.363338 0.267351 171 83 0
0.640744 -0.35872 0.26722 171 83 0
0.642683 -0.353587 0.266777 171 83 0
0.646886 -0.349453 0.267234 171 83 0
0.651457 -0.346348 0.268359 171 83 0
0.656971 -0.34619 0.270501 171 83 0
0.661904 -0.347432 0.273082 171 83 0
0.665199 -0.351794 0.275468 171 83 0
0.665995 -0.357182 0.277531 171 83 0
0.664847 -0.362957 0.278638 171 83 0
0.661333 -0.367567 0.278209 171 83 0
0.65607 -0.369239 0.276785 171 83 0
0.651281 -0.369333 0.274572 171 83 0
0.646631 -0.367465 0.271795 171 83 0
0.643197 -0.363492 0.269046 171 83 0
0.641327 -0.358378 0.266573 171 83 0
0.641748 -0.352657 0.264931 171 83 0
0.642858 -0.346948 0.263494 171 83 0
0.645733 -0.341751 0.263534 171 83 0
0.650243 -0.337897 0.264254 171 83 0
0.655453 -0.336744 0.265733 171 83 0
0.660945 -0.336984 0.2681 171 83 0
0.665705 -0.338857 0.2709 171 83 0
0.668584 -0.343411 0.273489 171 83 0
0.668066 -0.348825 0.274689 171 83 0
0.665894 -0.354179 0.27522 171 83 0
0.662253 -0.358221 0.274473 171 83 0
0.656764 -0.358818 0.272422 171 83 0
0.651382 -0.358515 0.269814 171 83 0
0.646999 -0.355672 0.266972 171 83 0
0.643916 -0.351279 0.264461 171 83 0
0.642685 -0.345844 0.262415 171 83 0
0.644559 -0.34038 0.261811 171 83 0
0.645602 -0.334576 0.260936 171 83 0
0.649384 -0.329983 0.261178 171 83 0
0.654097 -0.326693 0.26251 171 83 0
0.659427 -0.325172 0.26471 171 83 0
0.664415 -0.327037 0.267074 171 83 0
0.66825 -0.330936 0.269446 171 83 0
0.670989 -0.33545 0.271858 171 83 0
0.6695 -0.341055 0.272108 171 83 0
0.66644 -0.346162 0.271511 171 83 0
0.661923 -0.34903 0.26983 172 82 0
0.656632 -0.348527 0.267274 172 82 0
0.651602 -0.346887 0.264676 172 82 0
0.647718 -0.343169 0.262306 172 82 0
0.646066 -0.337683 0.260734 172 82 0
0.645041 -0.331954 0.259314 172 82 0
0.646997 -0.326777 0.259355 172 82 0
0.650449 -0.321937 0.25981 172 82 0
0.653856 -0.317702 0.260581 172 82 0
0.659269 -0.316644 0.262831 172 82 0
0.66468 -0.316043 0.265332 172 82 0
0.669082 -0.319094 0.2677 172 82 0
0.671266 -0.324442 0.26917 172 82 0
0.671631 -0.329847 0.269967 172 82 0
0.668424 -0.334748 0.268737 172 82 0
0.664213 -0.338361 0.267034 172 82 0
0.65904 -0.339133 0.264776 172 82 0
0.654034 -0.336999 0.262273 172 82 0
0.650465 -0.332845 0.2602 172 82 0
0.648064 -0.32769 0.258375 172 82 0
0.646418 -0.322191 0.25678 172 82 0
0.647642 -0.316562 0.256416 172 82 0
0.651357 -0.312114 0.257612 172 82 0
0.655491 -0.308049 0.259059 172 82 0
0.660298 -0.305448 0.260993 172 82 0
0.66571 -0.304771 0.263434 172 82 0
0.66908 -0.30923 0.265003 172 82 0
0.672457 -0.313161 0.266993 172 82 0
0.67281 -0.319049 0.267597 172 82 0
0.671423 -0.32438 0.267732 172 82 0
0.667253 -0.328387 0.266209 172 82 0
0.661829 -0.328232 0.263704 172 82 0
0.656726 -0.327742 0.26106 172 82 0
0.652491 -0.324377 0.258653 172 82 0
0.649749 -0.319441 0.256834 172 82 0
0.647807 -0.314036 0.255139 172 82 0
0.648281 -0.308136 0.254593 172 82 0
0.650192 -0.302478 0.254842 172 82 0
0.654428 -0.298491 0.256244 172 82 0
0.659317 -0.295501 0.257928 172 82 0
0.664707 -0.294778 0.260085 172 82 0
0.669817 -0.296396 0.262643 172 82 0
0.673048 -0.300868 0.264549 172 82 0
0.674493 -0.306331 0.265847 172 82 0
0.673466 -0.312213 0.266148 172 82 0
0.669888 -0.316834 0.265114 172 82 0
0.664977 -0.318771 0.26301 172 82 0
0.659563 -0.318612 0.260479 172 82 0
0.65462 -0.316534 0.257921 172 82 0
0.651415 -0.311937 0.255931 172 82 0
0.649313 -0.30663 0.254191 172 82 0
0.649198 -0.30081 0.25326 172 82 0
0.650904 -0.295152 0.253142 172 82 0
0.654868 -0.290935 0.254255 172 82 0
0.658502 -0.28675 0.255073 172 82 0
0.663838 -0.285676 0.257304 172 82 0
0.668775 -0.285249 0.259453 172 82 0
0.67317 -0.288473 0.261672 172 82 0
0.675894 -0.293284 0.263453 172 82 0
0.675797 -0.29923 0.264132 172 82 0
0.673504 -0.304612 0.263722 172 82 0
0.668554 -0.307493 0.262006 172 82 0
0.663281 -0.308281 0.259848 172 82 0
0.658395 -0.306585 0.257447 172 82 0
0.653988 -0.303479 0.254925 172 82 0
0.651648 -0.298589 0.25328 172 82 0
0.650359 -0.292923 0.251834 172 82 0
0.651415 -0.287108 0.251385 172 82 0
0.654491 -0.282182 0.251941 172 82 0
0.658558 -0.277986 0.253214 172 82 0
0.663274 -0.275038 0.254868 172 82 0
0.668714 -0.27533 0.257021 172 82 0
0.673679 -0.277614 0.259434 172 82 0
0.676393 -0.28242 0.260973 172 82 0
0.677082 -0.287062 0.262068 172 82 0
0.67606 -0.292672 0.262418 172 82 0
0.67219 -0.297087 0.261318 172 82 0
0.667178 -0.297897 0.259206 172 82 0
0.661937 -0.297671 0.256812 172 82 0
0.657229 -0.294913 0.254395 172 82 0
0.653818 -0.290702 0.252441 172 82 0
0.652798 -0.284994 0.251374 172 82 0
0.653543 -0.279099 0.2507 172 82 0
0.654343 -0.273295 0.250018 172 82 0
0.658038 -0.268944 0.250867 172 82 0
0.662371 -0.265154 0.252479 172 82 0
0.667623 -0.263889 0.254654 172 82 0
0.67276 -0.265498 0.256897 172 82 0
0.676377 -0.26971 0.258619 172 82 0
0.678811 -0.274916 0.260224 172 82 0
0.678162 -0.280419 0.260508 172 82 0
0.675268 -0.285118 0.259979 172 82 0
0.670381 -0.287891 0.25835 172 82 0
0.665026 -0.288668 0.255981 172 82 0
0.66038 -0.285933 0.253751 172 82 0
0.655888 -0.28283 0.251334 172 82 0
0.654044 -0.277498 0.250164 172 82 0
0.653906 -0.271573 0.249439 172 82 0
0.655104 -0.265768 0.249239 172 82 0
0.658051 -0.26066 0.249686 172 82 0
0.661828 -0.256856 0.250537 172 82 0
0.66672 -0.254275 0.252145 172 82 0
0.672266 -0.254616 0.254383 172 82 0
0.676987 -0.257353 0.256502 173 81 0
0.679814 -0.26236 0.258017 173 81 0
0.679928 -0.268052 0.258681 173 81 0
0.678159 -0.273537 0.258868 173 81 0
0.673786 -0.277389 0.257616 173 81 0
0.668487 -0.278037 0.255769 173 81 0
0.663119 -0.2771 0.253522 173 81 0
0.65851 -0.274111 0.251253 173 81 0
0.65562 -0.269214 0.249625 173 81 0
0.653566 -0.263816 0.248145 173 81 0
0.654486 -0.258125 0.247897 173 81 0
0.656593 -0.252897 0.247768 173 81 0
0.660655 -0.249017 0.248544 173 81 0
0.664901 -0.244892 0.249274 173 81 0
0.670457 -0.244454 0.251072 173 81 0
0.675516 -0.245329 0.252661 173 81 0
0.679458 -0.248571 0.254294 173 81 0
0.681239 -0.253688 0.255542 173 81 0
0.681594 -0.258827 0.256977 173 81 0
0.679282 -0.264168 0.257055 173 81 0
0.674825 -0.266785 0.256538 173 81 0
0.669831 -0.268616 0.254813 173 81 0
0.664861 -0.266883 0.253122 173 81 0
0.660505 -0.264578 0.251222 173 81 0
0.657313 -0.26155 0.249595 173 81 0
0.655816 -0.257003 0.248534 173 81 0
0.655305 -0.253553 0.247891 173 81 0
0.654872 -0.248475 0.246568 173 81 0
0.657024 -0.243576 0.246327 173 81 0
0.659896 -0.239955 0.246702 173 81 0
0.662743 -0.237332 0.247039 173 81 0
0.666314 -0.234595 0.247538 173 81 0
0.671197 -0.23401 0.249089 173 81 0
0.668599 -0.235497 0.248311 173 81 0
0.663991 -0.23776 0.247254 173 81 0
0.659345 -0.239882 0.246078 173 81 0
0.654651 -0.241793 0.244749 173 81 0
0.649961 -0.24365 0.243322 173 81 0
0.64527 -0.24542 0.241798 173 81 0
0.644954 -0.245274 0.242735 173 81 0
0.585246 -0.247509 0.217447 173 81 0
0.585717 -0.24761 0.21657 173 81 0
0.585717 -0.24761 0.21657 173 81 0
0.584934 -0.25529 0.217778 173 81 0
0.584971 -0.260331 0.218689 173 81 0
0.58475 -0.265383 0.219516 173 81 0
0.584599 -0.270448 0.220272 173 81 0
0.584574 -0.275527 0.220941 173 81 0
0.584453 -0.280619 0.221472 173 81 0
0.584173 -0.285716 0.221909 173 81 0
0.583921 -0.290818 0.22231 173 81 0
0.58373 -0.295929 0.22262 173 81 0
0.583552 -0.301041 0.222894 173 81 0
0.581845 -0.310816 0.223747 173 81 0
0.580919 -0.315822 0.22426 173 81 0
0.579983 -0.320841 0.224727 173 81 0
0.579146 -0.325871 0.22525 173 81 0
0.578031 -0.330853 0.225724 173 81 0
0.577105 -0.335853 0.22637 173 81 0
0.576196 -0.340858 0.227003 173 81 0
0.575125 -0.34585 0.227463 173 81 0
0.573998 -0.350829 0.227938 173 81 0
0.57311 -0.355842 0.228533 173 81 0
0.572226 -0.36086 0.229103 173 81 0
0.571109 -0.365833 0.229639 173 81 0
0.57022 -0.370843 0.230224 173 81 0
0.571437 -0.363065 0.229474 173 81 0
0.572708 -0.358487 0.229052 173 81 0
0.573687 -0.35385 0.228469 173 81 0
0.574696 -0.349215 0.22793 173 81 0
0.575844 -0.344603 0.227483 173 81 0
0.576754 -0.339943 0.226973 173 81 0
0.577681 -0.335279 0.226539 173 81 0
0.578604 -0.330622 0.226031 173 81 0
0.579533 -0.325966 0.22552 173 81 0
0.580509 -0.321312 0.225097 173 81 0
0.581421 -0.316646 0.224755 173 81 0
0.581918 -0.308617 0.223236 173 81 0
0.582327 -0.303773 0.222817 173 81 0
0.5825 -0.298904 0.222438 173 81 0
0.582728 -0.29404 0.222021 173 81 0
0.582845 -0.289168 0.22164 173 81 0
0.582995 -0.2843 0.221221 173 81 0
0.583163 -0.279437 0.220748 173 81 0
0.58335 -0.274577 0.220264 173 81 0
0.583428 -0.269731 0.21963 173 81 0
0.583743 -0.264898 0.218987 173 81 0
0.583888 -0.260089 0.218175 173 81 0
0.584374 -0.255271 0.217514 173 81 0
0.585228 -0.232458 0.215797 173 81 0
0.58876 -0.23445 0.217687 173 81 0
0.592288 -0.236466 0.219553 173 81 0
0.595646 -0.240625 0.221712 173 81 0
0.596779 -0.246018 0.222819 173 81 0
0.594872 -0.251438 0.222513 173 81 0
0.591751 -0.256362 0.22137 173 81 0
0.587735 -0.26035 0.21963 173 81 0
0.583122 -0.262923 0.217064 173 81 0
0.578318 -0.261329 0.214142 173 81 0
0.573548 -0.260264 0.211056 173 81 0
0.569915 -0.256126 0.208572 173 81 0
0.567575 -0.251051 0.206631 173 81 0
0.567739 -0.24505 0.206161 173 81 0
0.568986 -0.239212 0.206455 173 81 0
0.573075 -0.235759 0.208571 174 80 0
0.577706 -0.232969 0.211225 174 80 0
0.582108 -0.235009 0.214027 174 80 0
0.585962 -0.238251 0.216739 174 80 0
0.587956 -0.243673 0.218449 174 80 0
0.587756 -0.249594 0.218795 174 80 0
0.586047 -0.255297 0.217995 174 80 0
0.582355 -0.259234 0.215965 174 80 0
0.577543 -0.261659 0.213241 174 80 0
0.572553 -0.263003 0.210384 174 80 0
0.567968 -0.260862 0.207714 174 80 0
0.563891 -0.257212 0.205153 174 80 0
0.560224 -0.253572 0.202602 174 80 0
0.559296 -0.2477 0.201639 174 80 0
0.560414 -0.241875 0.201731 174 80 0
0.562582 -0.236407 0.202701 174 80 0
0.567648 -0.234906 0.20553 174 80 0
0.572872 -0.234898 0.208564 174 80 0
0.577369 -0.237433 0.21152 174 80 0
0.579949 -0.242423 0.213399 174 80 0
0.57988 -0.248412 0.213823 174 80 0
0.57864 -0.254231 0.213429 174 80 0
0.575101 -0.258639 0.211609 174 80 0
0.57042 -0.261193 0.209109 174 80 0
0.565475 -0.263137 0.206457 174 80 0
0.560753 -0.260656 0.203706 174 80 0
0.556155 -0.259197 0.200806 174 80 0
0.553307 -0.254245 0.198845 174 80 0
0.552198 -0.248636 0.197913 174 80 0
0.552411 -0.242622 0.19767 174 80 0
0.554678 -0.237934 0.198566 174 80 0
0.557514 -0.235006 0.199826 174 80 0
0.562566 -0.234885 0.202284 174 80 0
0.567459 -0.235624 0.204837 174 80 0
0.570883 -0.238097 0.206901 174 80 0
0.573094 -0.242314 0.208496 174 80 0
0.574199 -0.247678 0.209799 174 80 0
0.57428 -0.253415 0.210745 174 80 0
0.572294 -0.258744 0.210399 174 80 0
0.569537 -0.263604 0.20932 174 80 0
0.564903 -0.266298 0.206841 174 80 0
0.560556 -0.268684 0.204335 174 80 0
0.555654 -0.267436 0.201348 174 80 0
0.551511 -0.264638 0.19868 174 80 0
0.549537 -0.259667 0.197191 174 80 0
0.547956 -0.254345 0.195928 174 80 0
0.550154 -0.249049 0.196709 174 80 0
0.554381 -0.245576 0.198822 174 80 0
0.559064 -0.244456 0.201284 174 80 0
0.56417 -0.244501 0.204367 174 80 0
0.568264 -0.247545 0.207105 174 80 0
0.570708 -0.252545 0.209186 174 80 0
0.572428 -0.257944 0.210717 174 80 0
0.572137 -0.263888 0.211166 174 80 0
0.569564 -0.268744 0.210319 174 80 0
0.566247 -0.273372 0.208869 174 80 0
0.562216 -0.277154 0.206764 174 80 0
0.557298 -0.278773 0.203844 174 80 0
0.55257 -0.277707 0.200832 174 80 0
0.549034 -0.273643 0.198357 174 80 0
0.547295 -0.268233 0.196916 174 80 0
0.547642 -0.262343 0.196541 174 80 0
0.55115 -0.25784 0.198215 174 80 0
0.555219 -0.25455 0.200578 174 80 0
0.560232 -0.254695 0.203813 174 80 0
0.564905 -0.255874 0.206996 174 80 0
0.56741 -0.260484 0.209001 174 80 0
0.569472 -0.265822 0.210655 174 80 0
0.571321 -0.271114 0.212109 174 80 0
0.569321 -0.276671 0.211246 174 80 0
0.567857 -0.282049 0.210816 174 80 0
0.563661 -0.285525 0.208637 174 80 0
0.558816 -0.28764 0.205876 174 80 0
0.553831 -0.288321 0.202797 174 80 0
0.549643 -0.285697 0.199767 174 80 0
0.547121 -0.280752 0.197705 174 80 0
0.54604 -0.275259 0.196621 174 80 0
0.548016 -0.269801 0.197616 174 80 0
0.552133 -0.266656 0.200147 174 80 0
0.556841 -0.264876 0.203239 174 80 0
0.561787 -0.265289 0.206469 174 80 0
0.56576 -0.268259 0.209201 174 80 0
0.568392 -0.273209 0.211235 174 80 0
0.56885 -0.278951 0.211915 174 80 0
0.568723 -0.284911 0.212197 174 80 0
0.566724 -0.290362 0.21134 174 80 0
0.563117 -0.294672 0.209429 174 80 0
0.558907 -0.297883 0.206866 174 80 0
0.554097 -0.298574 0.203799 174 80 0
0.549743 -0.296051 0.200817 174 80 0
0.545935 -0.293115 0.198226 174 80 0
0.545258 -0.287329 0.197345 174 80 0
0.545577 -0.281454 0.197316 174 80 0
0.549012 -0.27746 0.199419 174 80 0
0.553198 -0.274245 0.202159 174 80 0
0.557922 -0.274639 0.205303 174 80 0
0.561941 -0.277769 0.208141 174 80 0
0.565584 -0.281319 0.210695 174 80 0
0.568398 -0.286124 0.212779 174 80 0
0.568189 -0.292084 0.213014 174 80 0
0.56753 -0.297812 0.212853 174 80 0
0.564577 -0.302721 0.211189 174 80 0
0.560733 -0.306137 0.208807 174 80 0
0.556181 -0.308442 0.205793 174 80 0
0.551223 -0.308713 0.202484 175 79 0
0.54719 -0.305962 0.199529 175 79 0
0.544976 -0.301597 0.197749 175 79 0
0.543123 -0.296243 0.196342 175 79 0
0.545227 -0.291514 0.19735 175 79 0
0.548328 -0.287735 0.199277 175 79 0
0.552092 -0.284537 0.201866 175 79 0
0.556815 -0.285412 0.20505 175 79 0
0.56086 -0.288227 0.208044 175 79 0
0.564396 -0.290999 0.210638 175 79 0
0.565933 -0.296384 0.212368 175 79 0
0.565593 -0.302317 0.212903 175 79 0
0.565325 -0.308269 0.213246 175 79 0
0.563243 -0.313604 0.21214 175 79 0
0.558888 -0.316244 0.209425 175 79 0
0.555168 -0.318665 0.206598 175 79 0
0.55046 -0.317993 0.203018 175 79 0
0.546286 -0.316914 0.199401 175 79 0
0.543342 -0.31327 0.196741 175 79 0
0.543511 -0.307466 0.196391 175 79 0
0.543853 -0.302143 0.196539 175 79 0
0.546554 -0.298652 0.198234 175 79 0
0.550543 -0.296262 0.200904 175 79 0
0.555007 -0.296017 0.204189 175 79 0
0.559031 -0.29655 0.207757 175 79 0
0.56111 -0.299754 0.209585 175 79 0
0.563775 -0.302437 0.211665 175 79 0
0.565339 -0.307005 0.213275 175 79 0
0.564741 -0.312875 0.214311 175 79 0
0.564226 -0.318737 0.214498 175 79 0
0.561553 -0.323637 0.213192 175 79 0
0.557867 -0.326325 0.210594 175 79 0
0.554654 -0.328653 0.20721 175 79 0
0.550264 -0.328449 0.203212 175 79 0
0.546174 -0.326972 0.199639 175 79 0
0.542988 -0.32276 0.196826 175 79 0
0.543065 -0.316863 0.196359 175 79 0
0.544755 -0.311236 0.197546 175 79 0
0.547927 -0.306839 0.199973 175 79 0
0.552549 -0.306332 0.203632 175 79 0
0.557075 -0.306792 0.207521 175 79 0
0.561174 -0.309112 0.21094 175 79 0
0.563269 -0.314154 0.213289 175 79 0
0.564378 -0.319702 0.214905 175 79 0
0.563948 -0.325659 0.215415 175 79 0
0.562298 -0.331345 0.214588 175 79 0
0.559707 -0.336269 0.212679 175 79 0
0.555491 -0.338931 0.209407 175 79 0
0.551113 -0.340298 0.205804 175 79 0
0.546634 -0.338777 0.202219 175 79 0
0.543282 -0.335219 0.198902 175 79 0
0.542099 -0.329996 0.197369 175 79 0
0.542512 -0.324025 0.197293 175 79 0
0.545258 -0.319667 0.199341 175 79 0
0.549222 -0.316666 0.202619 175 79 0
0.553791 -0.316153 0.206354 175 79 0
0.558 -0.317628 0.209909 175 79 0
0.561033 -0.321701 0.213077 175 79 0
0.563354 -0.326666 0.215447 175 79 0
0.563554 -0.33248 0.216408 175 79 0
0.562725 -0.338347 0.21631 175 79 0
0.559978 -0.343184 0.214548 175 79 0
0.557144 -0.347942 0.21236 175 79 0
0.552879 -0.3504 0.209171 175 79 0
0.548308 -0.350033 0.205434 175 79 0
0.544248 -0.347529 0.20204 175 79 0
0.541604 -0.342929 0.19933 175 79 0
0.541803 -0.337026 0.19862 175 79 0
0.543543 -0.33164 0.199447 175 79 0
0.547418 -0.328103 0.20222 175 79 0
0.551348 -0.326596 0.20556 175 79 0
0.555615 -0.328352 0.209261 175 79 0
0.559455 -0.330986 0.21301 175 79 0
0.562292 -0.335257 0.215936 175 79 0
0.562856 -0.340936 0.217397 175 79 0
0.561964 -0.34681 0.217535 175 79 0
0.560283 -0.352502 0.216742 175 79 0
0.556834 -0.356537 0.214505 175 79 0
0.553306 -0.360451 0.211837 175 79 0
0.548574 -0.360444 0.208161 175 79 0
0.544387 -0.359147 0.204577 175 79 0
0.540989 -0.355247 0.201563 175 79 0
0.540876 -0.349602 0.2006 175 79 0
0.54215 -0.344018 0.200965 175 79 0
0.545037 -0.339141 0.202885 175 79 0
0.549572 -0.33784 0.206252 175 79 0
0.553725 -0.33714 0.209859 175 79 0
0.557385 -0.340264 0.213434 175 79 0
0.560684 -0.344015 0.216717 175 79 0
0.562062 -0.349384 0.218755 175 79 0
0.561613 -0.355311 0.219437 175 79 0
0.560322 -0.360976 0.219042 175 79 0
0.557551 -0.365919 0.217303 175 79 0
0.553758 -0.369687 0.214612 175 79 0
0.549346 -0.370654 0.211245 175 79 0
0.545022 -0.369848 0.207441 175 79 0
0.541701 -0.366359 0.203875 175 79 0
0.540012 -0.361185 0.201911 175 79 0
0.540211 -0.35521 0.201538 175 79 0
0.542785 -0.350271 0.2032 175 79 0
0.547274 -0.348549 0.206597 175 79 0
0.551777 -0.348273 0.21052 175 79 0
0.555998 -0.34958 0.214436 175 79 0
0.558775 -0.353635 0.217544 176 78 0
0.561215 -0.35845 0.220142 176 78 0
0.561206 -0.364237 0.221163 176 78 0
0.559673 -0.370013 0.22077 176 78 0
0.55735 -0.375313 0.219458 176 78 0
0.554186 -0.379632 0.217157 176 78 0
0.550059 -0.382443 0.213851 176 78 0
0.545662 -0.381374 0.210094 176 78 0
0.542155 -0.378478 0.20656 176 78 0
0.539421 -0.374334 0.20366 176 78 0
0.539765 -0.368557 0.202701 176 78 0
0.541516 -0.363009 0.203486 176 78 0
0.544419 -0.358714 0.205972 176 78 0
0.54888 -0.358326 0.209929 176 78 0
0.553119 -0.358752 0.214116 176 78 0
0.557146 -0.36095 0.217836 176 78 0
0.558976 -0.365963 0.220351 176 78 0
0.560642 -0.371288 0.222361 176 78 0
0.560566 -0.377196 0.222754 176 78 0
0.558642 -0.382321 0.221529 176 78 0
0.555612 -0.386833 0.219052 176 78 0
0.552382 -0.390773 0.216243 176 78 0
0.548621 -0.392119 0.212666 176 78 0
0.544887 -0.390995 0.20875 176 78 0
0.541997 -0.388069 0.206051 176 78 0
0.538995 -0.384363 0.203197 176 78 0
0.539291 -0.378566 0.202811 176 78 0
0.540447 -0.374205 0.203551 176 78 0
0.543419 -0.370093 0.206095 176 78 0
0.546842 -0.368635 0.209615 176 78 0
0.549779 -0.368196 0.213463 176 78 0
0.553187 -0.369747 0.21728 176 78 0
0.557178 -0.371927 0.220329 176 78 0
0.559096 -0.377237 0.221583 176 78 0
0.56057 -0.382703 0.222276 176 78 0
0.559265 -0.388067 0.220988 176 78 0
0.556929 -0.392712 0.218821 176 78 0
0.552924 -0.395545 0.215661 176 78 0
0.548609 -0.396714 0.212057 176 78 0
0.543964 -0.396166 0.208578 176 78 0
0.540634 -0.392633 0.205742 176 78 0
0.538703 -0.387678 0.203883 176 78 0
0.538577 -0.381865 0.203458 176 78 0
0.539681 -0.376242 0.204086 176 78 0
0.542407 -0.371777 0.206132 176 78 0
0.546549 -0.369487 0.209295 176 78 0
0.550135 -0.368196 0.212846 176 78 0
0.553505 -0.368578 0.217132 176 78 0
0.556531 -0.370565 0.219777 176 78 0
0.558505 -0.37377 0.221562 176 78 0
0.560399 -0.377417 0.223493 176 78 0
0.56024 -0.383141 0.223722 176 78 0
0.558324 -0.386891 0.222187 176 78 0
0.555588 -0.390445 0.219283 176 78 0
0.552009 -0.391919 0.215799 176 78 0
0.548029 -0.392097 0.211879 176 78 0
0.544323 -0.388924 0.20858 176 78 0
0.541501 -0.385482 0.205489 176 78 0
0.540177 -0.380265 0.203682 176 78 0
0.539003 -0.374632 0.202237 176 78 0
0.540955 -0.369344 0.202979 176 78 0
0.542574 -0.364045 0.20414 176 78 0
0.546041 -0.360833 0.207096 176 78 0
0.549512 -0.35831 0.210794 176 78 0
0.553782 -0.357794 0.214788 176 78 0
0.557421 -0.35989 0.218631 176 78 0
0.560634 -0.363748 0.221706 176 78 0
0.561006 -0.368987 0.222554 176 78 0
0.560667 -0.374805 0.222656 176 78 0
0.556881 -0.378671 0.220163 176 78 0
0.552569 -0.380698 0.216757 176 78 0
0.548785 -0.38205 0.213239 176 78 0
0.545617 -0.378688 0.209572 176 78 0
0.542744 -0.37537 0.206393 176 78 0
0.540792 -0.370389 0.203771 176 78 0
0.539823 -0.365263 0.202078 176 78 0
0.54174 -0.359619 0.202364 176 78 0
0.544053 -0.354257 0.203739 176 78 0
0.547084 -0.349855 0.206347 176 78 0
0.551131 -0.347024 0.209768 176 78 0
0.554718 -0.348624 0.213146 176 78 0
0.558848 -0.349272 0.21715 176 78 0
0.561353 -0.353568 0.219979 176 78 0
0.562758 -0.35873 0.221856 176 78 0
0.561164 -0.36439 0.221351 176 78 0
0.557326 -0.36818 0.218816 176 78 0
0.553381 -0.37078 0.215332 176 78 0
0.548907 -0.370628 0.211348 176 78 0
0.54535 -0.368189 0.207407 176 78 0
0.542889 -0.363995 0.204206 176 78 0
0.541259 -0.358709 0.20193 176 78 0
0.540737 -0.353091 0.200797 176 78 0
0.542877 -0.347754 0.201393 176 78 0
0.54552 -0.342666 0.203136 176 78 0
0.548896 -0.338436 0.205663 176 78 0
0.553229 -0.336422 0.209121 176 78 0
0.557557 -0.337801 0.213046 176 78 0
0.561426 -0.340695 0.216561 176 78 0
0.563586 -0.345369 0.219445 176 78 0
0.563754 -0.351158 0.220416 176 78 0
0.561111 -0.356113 0.219037 176 78 0
0.55731 -0.359465 0.216068 176 78 0
0.552892 -0.360448 0.212236 176 78 0
0.548439 -0.359799 0.208361 176 78 0
0.545213 -0.356522 0.20507 177 77 0
0.543108 -0.351543 0.202478 177 77 0
0.543048 -0.345804 0.201296 177 77 0
0.543373 -0.339822 0.200777 177 77 0
0.545083 -0.334341 0.201496 177 77 0
0.548781 -0.330529 0.203929 177 77 0
0.552919 -0.327272 0.206832 177 77 0
0.557265 -0.327498 0.210579 177 77 0
0.561325 -0.328752 0.214473 177 77 0
0.563883 -0.333533 0.217054 177 77 0
0.564907 -0.339047 0.218557 177 77 0
0.564285 -0.344728 0.218505 177 77 0
0.560769 -0.348584 0.216008 177 77 0
0.556627 -0.350662 0.212735 177 77 0
0.551933 -0.350323 0.209075 177 77 0
0.548262 -0.347247 0.205499 177 77 0
0.544978 -0.343296 0.202397 177 77 0
0.543674 -0.337844 0.200732 177 77 0
0.543924 -0.331893 0.200093 177 77 0
0.544184 -0.326125 0.199919 177 77 0
0.547996 -0.322117 0.202247 177 77 0
0.552056 -0.319022 0.205207 177 77 0
0.556479 -0.316686 0.208543 177 77 0
0.560963 -0.317314 0.212313 177 77 0
0.564341 -0.320756 0.21533 177 77 0
0.565726 -0.326237 0.217087 177 77 0
0.56602 -0.33211 0.217602 177 77 0
0.563095 -0.336101 0.215665 177 77 0
0.559197 -0.339579 0.212765 177 77 0
0.554683 -0.340494 0.209016 177 77 0
0.550481 -0.338363 0.205506 177 77 0
0.546737 -0.334767 0.202484 177 77 0
0.545256 -0.329243 0.200909 177 77 0
0.543988 -0.323678 0.199333 177 77 0
0.544479 -0.317746 0.199155 177 77 0
0.547289 -0.312803 0.200559 177 77 0
0.551348 -0.309271 0.203126 177 77 0
0.555842 -0.307054 0.206441 177 77 0
0.560626 -0.306613 0.210014 177 77 0
0.564349 -0.309484 0.213253 177 77 0
0.566735 -0.314524 0.215482 177 77 0
0.566779 -0.320307 0.215767 177 77 0
0.564637 -0.325742 0.214363 177 77 0
0.560664 -0.329239 0.211591 177 77 0
0.556199 -0.329757 0.208518 177 77 0
0.551561 -0.328342 0.205107 177 77 0
0.547812 -0.325257 0.202064 177 77 0
0.545459 -0.320205 0.199899 177 77 0
0.544523 -0.31437 0.198799 177 77 0
0.544854 -0.308482 0.198588 177 77 0
0.547856 -0.303562 0.200257 177 77 0
0.551593 -0.299524 0.202662 177 77 0
0.556032 -0.296907 0.205641 177 77 0
0.560962 -0.296346 0.208968 177 77 0
0.565196 -0.298979 0.212182 177 77 0
0.567532 -0.302767 0.214247 177 77 0
0.569113 -0.308196 0.215616 177 77 0
0.566834 -0.313302 0.214416 177 77 0
0.563732 -0.317701 0.212348 177 77 0
0.559132 -0.320025 0.209264 177 77 0
0.554353 -0.318793 0.206034 177 77 0
0.54993 -0.316203 0.202912 177 77 0
0.546544 -0.312311 0.200362 177 77 0
0.545086 -0.306698 0.198888 177 77 0
0.54612 -0.30117 0.198866 177 77 0
0.546257 -0.295203 0.198726 177 77 0
0.550184 -0.291562 0.200959 177 77 0
0.554088 -0.287905 0.203487 177 77 0
0.558665 -0.285583 0.206578 177 77 0
0.563353 -0.286152 0.209761 177 77 0
0.566927 -0.290041 0.21231 177 77 0
0.569336 -0.295261 0.214071 177 77 0
0.569592 -0.300928 0.21449 177 77 0
0.566597 -0.305472 0.212724 177 77 0
0.561932 -0.307818 0.209744 177 77 0
0.556997 -0.308422 0.206441 177 77 0
0.552398 -0.30704 0.203214 177 77 0
0.548958 -0.302881 0.200712 177 77 0
0.546264 -0.298054 0.198683 177 77 0
0.546457 -0.292052 0.198388 177 77 0
0.54761 -0.286379 0.198825 177 77 0
0.550288 -0.281218 0.200354 177 77 0
0.553353 -0.27645 0.202335 177 77 0
0.558336 -0.276097 0.2056 177 77 0
0.563144 -0.276669 0.208831 177 77 0
0.567402 -0.279387 0.211907 177 77 0
0.570319 -0.284135 0.214103 177 77 0
0.56945 -0.289878 0.213894 177 77 0
0.568042 -0.2954 0.213133 177 77 0
0.563969 -0.298671 0.210553 177 77 0
0.558979 -0.29888 0.207209 177 77 0
0.554179 -0.29783 0.203904 177 77 0
0.550103 -0.294502 0.201028 177 77 0
0.547204 -0.289878 0.198793 177 77 0
0.546711 -0.284106 0.197822 177 77 0
0.547273 -0.278182 0.1977 177 77 0
0.549951 -0.272956 0.198898 177 77 0
0.553527 -0.268559 0.200853 177 77 0
0.557897 -0.265586 0.203605 177 77 0
0.562829 -0.264797 0.206804 177 77 0
0.567309 -0.267104 0.20994 177 77 0
0.57115 -0.270634 0.212809 177 77 0
0.570843 -0.276623 0.213244 177 77 0
0.569715 -0.282332 0.213059 178 76 0
0.566096 -0.286483 0.210983 178 76 0
0.561641 -0.288314 0.208197 178 76 0
0.556771 -0.287976 0.204873 178 76 0
0.552614 -0.28495 0.201769 178 76 0
0.549901 -0.280249 0.199416 178 76 0
0.547571 -0.275047 0.197572 178 76 0
0.548068 -0.269374 0.197307 178 76 0
0.549553 -0.263729 0.197727 178 76 0
0.552675 -0.259126 0.199045 178 76 0
0.557161 -0.256756 0.20133 178 76 0
0.561872 -0.254705 0.204092 178 76 0
0.566659 -0.255602 0.207228 178 76 0
0.570634 -0.259007 0.210155 178 76 0
0.57228 -0.264039 0.212062 178 76 0
0.571386 -0.269268 0.212347 178 76 0
0.569255 -0.27433 0.211569 178 76 0
0.564951 -0.277216 0.209204 178 76 0
0.560111 -0.278613 0.206132 178 76 0
0.555934 -0.276645 0.20315 178 76 0
0.552151 -0.273023 0.200349 178 76 0
0.549328 -0.268572 0.198121 178 76 0
0.548662 -0.262819 0.19723 178 76 0
0.54975 -0.25842 0.197399 178 76 0
0.549983 -0.252425 0.197019 178 76 0
0.554508 -0.249379 0.199132 178 76 0
0.558606 -0.245727 0.20092 178 76 0
0.563736 -0.244486 0.203446 178 76 0
0.568646 -0.245458 0.20626 178 76 0
0.571334 -0.248672 0.208276 178 76 0
0.573615 -0.253473 0.210342 178 76 0
0.573422 -0.259036 0.211238 178 76 0
0.570011 -0.263465 0.210072 178 76 0
0.566121 -0.266253 0.208028 178 76 0
0.562925 -0.268644 0.206025 178 76 0
0.558092 -0.267732 0.202833 178 76 0
0.554132 -0.264308 0.200218 178 76 0
0.551783 -0.260256 0.198663 178 76 0
0.549839 -0.256635 0.197329 178 76 0
0.549966 -0.250723 0.196961 178 76 0
0.5502 -0.244828 0.196593 178 76 0
0.552407 -0.241296 0.197486 178 76 0
0.553958 -0.237932 0.198187 178 76 0
0.557754 -0.236198 0.199924 178 76 0
0.562587 -0.234885 0.202248 178 76 0
0.564705 -0.235692 0.203374 178 76 0
0.568692 -0.237687 0.205659 178 76 0
0.572563 -0.239772 0.208056 178 76 0
0.576273 -0.242089 0.210495 178 76 0
0.579985 -0.244392 0.212945 178 76 0
0.583647 -0.246817 0.215342 178 76 0
0.583163 -0.246698 0.216209 178 76 0
0.641725 -0.246942 0.243144 178 76 0
0.642063 -0.247079 0.242213 178 76 0
0.641875 -0.254732 0.242159 178 76 0
0.641641 -0.259948 0.242904 178 76 0
0.641042 -0.265143 0.243612 178 76 0
0.640688 -0.270347 0.244383 178 76 0
0.640491 -0.275557 0.2452 178 76 0
0.640169 -0.280765 0.24598 178 76 0
0.639747 -0.285976 0.246698 178 76 0
0.639245 -0.291187 0.247355 178 76 0
0.638903 -0.296401 0.248059 178 76 0
0.638407 -0.3016 0.248656 178 76 0
0.637261 -0.309331 0.249858 178 76 0
0.636478 -0.314108 0.251144 178 76 0
0.635736 -0.318938 0.252239 178 76 0
0.635053 -0.323783 0.253307 178 76 0
0.634347 -0.328612 0.25443 178 76 0
0.633688 -0.333435 0.255608 178 76 0
0.632963 -0.338262 0.256728 178 76 0
0.632359 -0.3431 0.257874 178 76 0
0.631729 -0.347931 0.259036 178 76 0
0.631135 -0.352773 0.260169 178 76 0
0.630546 -0.357623 0.261271 178 76 0
0.630023 -0.362506 0.262249 178 76 0
0.629459 -0.367379 0.263255 178 76 0
0.628926 -0.372287 0.264089 178 76 0
0.629633 -0.364555 0.263172 178 76 0
0.630254 -0.359777 0.261945 178 76 0
0.630851 -0.355001 0.260701 178 76 0
0.631434 -0.35019 0.259588 178 76 0
0.632049 -0.345395 0.258427 178 76 0
0.632856 -0.340604 0.257369 178 76 0
0.633499 -0.335807 0.256227 178 76 0
0.634203 -0.331018 0.255092 178 76 0
0.634895 -0.326227 0.253954 178 76 0
0.635632 -0.321416 0.252944 178 76 0
0.636551 -0.316637 0.251924 178 76 0
0.637382 -0.308381 0.249727 178 76 0
0.637568 -0.303537 0.248962 178 76 0
0.637892 -0.298702 0.248194 178 76 0
0.638266 -0.293872 0.247413 178 76 0
0.638631 -0.289024 0.246744 178 76 0
0.639014 -0.284175 0.246094 178 76 0
0.639408 -0.279331 0.245414 178 76 0
0.639901 -0.27449 0.244775 178 76 0
0.64038 -0.269647 0.244141 178 76 0
0.640895 -0.26481 0.243494 178 76 0
0.64142 -0.259976 0.24283 178 76 0
0.641859 -0.25513 0.242202 178 76 0
0.643548 -0.232337 0.238652 178 76 0
0.648052 -0.233877 0.240776 178 76 0
0.652388 -0.23551 0.24312 178 76 0
0.655921 -0.238635 0.245543 179 75 0
0.657051 -0.244174 0.246916 179 75 0
0.656744 -0.250066 0.24779 179 75 0
0.655515 -0.255713 0.248057 179 75 0
0.651935 -0.259428 0.247166 179 75 0
0.64762 -0.26235 0.245446 179 75 0
0.642958 -0.259737 0.242976 179 75 0
0.63839 -0.257009 0.240186 179 75 0
0.636442 -0.251921 0.238544 179 75 0
0.63704 -0.245975 0.237933 179 75 0
0.638967 -0.240622 0.23809 179 75 0
0.642457 -0.235863 0.239147 179 75 0
0.647452 -0.234816 0.241206 179 75 0
0.652391 -0.232633 0.243407 179 75 0
0.657297 -0.235018 0.245926 179 75 0
0.66209 -0.237243 0.248538 179 75 0
0.664641 -0.2424 0.250221 179 75 0
0.666274 -0.247838 0.251538 179 75 0
0.666478 -0.253793 0.252299 179 75 0
0.662569 -0.257891 0.250924 179 75 0
0.658237 -0.261627 0.249149 179 75 0
0.653058 -0.262439 0.246718 179 75 0
0.648925 -0.259008 0.244483 179 75 0
0.646005 -0.254137 0.242528 179 75 0
0.644544 -0.248599 0.241122 179 75 0
0.646821 -0.243068 0.241603 179 75 0
0.649458 -0.238102 0.242196 179 75 0
0.654639 -0.235695 0.244007 179 75 0
0.660208 -0.23517 0.245948 179 75 0
0.665648 -0.234601 0.248421 179 75 0
0.670116 -0.237959 0.250564 179 75 0
0.674245 -0.241551 0.252913 179 75 0
0.675962 -0.247031 0.254192 179 75 0
0.674416 -0.252737 0.254052 179 75 0
0.673207 -0.258497 0.254293 179 75 0
0.66829 -0.2614 0.252658 179 75 0
0.662687 -0.262012 0.250968 179 75 0
0.657859 -0.25944 0.248955 179 75 0
0.654577 -0.25526 0.247107 179 75 0
0.653259 -0.24998 0.245792 179 75 0
0.655018 -0.244766 0.245717 179 75 0
0.65755 -0.239691 0.245654 179 75 0
0.661736 -0.236823 0.246785 179 75 0
0.66605 -0.234589 0.247719 179 75 0
0.671113 -0.23401 0.249233 179 75 0
0.674805 -0.236218 0.249782 179 75 0
0.678157 -0.238561 0.251345 179 75 0
0.680899 -0.242647 0.252979 179 75 0
0.683114 -0.24683 0.254844 179 75 0
0.68269 -0.252701 0.255987 179 75 0
0.680301 -0.257845 0.256185 179 75 0
0.677685 -0.262792 0.256438 179 75 0
0.673062 -0.266423 0.255358 179 75 0
0.668181 -0.268517 0.254008 179 75 0
0.662688 -0.267641 0.252037 179 75 0
0.658629 -0.263732 0.250215 179 75 0
0.655337 -0.259926 0.248099 179 75 0
0.654585 -0.254245 0.246729 179 75 0
0.657232 -0.249174 0.247112 179 75 0
0.661559 -0.245577 0.248249 179 75 0
0.667104 -0.244931 0.250134 179 75 0
0.672674 -0.245257 0.25235 179 75 0
0.677177 -0.248302 0.254694 179 75 0
0.680068 -0.25315 0.256574 179 75 0
0.681139 -0.258933 0.25771 179 75 0
0.680505 -0.264884 0.258227 179 75 0
0.678197 -0.270351 0.258073 179 75 0
0.674965 -0.275255 0.257544 179 75 0
0.669955 -0.278103 0.256154 179 75 0
0.664443 -0.278135 0.253778 179 75 0
0.659644 -0.276789 0.251527 179 75 0
0.655908 -0.272498 0.249573 179 75 0
0.654917 -0.267225 0.248688 179 75 0
0.655273 -0.261451 0.248243 179 75 0
0.659336 -0.25751 0.249553 179 75 0
0.663939 -0.25414 0.251435 179 75 0
0.669251 -0.25517 0.253806 179 75 0
0.674211 -0.257432 0.256325 179 75 0
0.676726 -0.262079 0.257712 179 75 0
0.679487 -0.267006 0.259531 179 75 0
0.679342 -0.272987 0.260149 179 75 0
0.678621 -0.278782 0.260412 179 75 0
0.675298 -0.283447 0.259465 179 75 0
0.670356 -0.286434 0.257776 179 75 0
0.665241 -0.288666 0.2556 179 75 0
0.659949 -0.287427 0.253239 179 75 0
0.655575 -0.284046 0.250965 179 75 0
0.653992 -0.278472 0.249913 179 75 0
0.654771 -0.27264 0.249889 179 75 0
0.658178 -0.267943 0.25084 179 75 0
0.663311 -0.265597 0.252927 179 75 0
0.668273 -0.266108 0.255132 179 75 0
0.672768 -0.269309 0.257525 179 75 0
0.677143 -0.272435 0.260106 179 75 0
0.678881 -0.277916 0.261537 179 75 0
0.678682 -0.283878 0.262269 179 75 0
0.67715 -0.2895 0.262285 179 75 0
0.67413 -0.294652 0.261651 179 75 0
0.669648 -0.298149 0.259955 179 75 0
0.664123 -0.298434 0.257603 179 75 0
0.658865 -0.297148 0.255276 179 75 0
0.655072 -0.293042 0.253302 179 75 0
0.652948 -0.287689 0.251731 179 75 0
0.653217 -0.281809 0.251123 179 75 0
0.656898 -0.27724 0.252101 180 74 0
0.662062 -0.276154 0.254182 180 74 0
0.667512 -0.276465 0.256716 180 74 0
0.672249 -0.278741 0.25906 180 74 0
0.675399 -0.283213 0.260923 180 74 0
0.678158 -0.288104 0.26292 180 74 0
0.677872 -0.293891 0.263704 180 74 0
0.676554 -0.299711 0.263969 180 74 0
0.672998 -0.304041 0.263185 180 74 0
0.668087 -0.307164 0.261685 180 74 0
0.662682 -0.308262 0.259785 180 74 0
0.657244 -0.30781 0.257343 180 74 0
0.653254 -0.304058 0.25531 180 74 0
0.651598 -0.298595 0.253852 180 74 0
0.652001 -0.292942 0.253041 180 74 0
0.655766 -0.288754 0.254137 180 74 0
0.660591 -0.286105 0.255692 180 74 0
0.666194 -0.286489 0.257819 180 74 0
0.670665 -0.288879 0.259731 180 74 0
0.674896 -0.292068 0.262078 180 74 0
0.677512 -0.297144 0.26396 180 74 0
0.67699 -0.303045 0.264932 180 74 0
0.676204 -0.308956 0.265649 180 74 0
0.672887 -0.313581 0.265512 180 74 0
0.668085 -0.316614 0.26444 180 74 0
0.662799 -0.318839 0.26308 180 74 0
0.657128 -0.31855 0.261118 180 74 0
0.652863 -0.315521 0.258824 180 74 0
0.650517 -0.310763 0.256694 180 74 0
0.649753 -0.305312 0.255272 180 74 0
0.651783 -0.300558 0.255379 180 74 0
0.655559 -0.298831 0.256473 180 74 0
0.658962 -0.295948 0.257511 180 74 0
0.664082 -0.296216 0.259074 180 74 0
0.668215 -0.297638 0.260425 180 74 0
0.671561 -0.300653 0.261853 180 74 0
0.674555 -0.303169 0.263621 180 74 0
0.676349 -0.308057 0.265261 180 74 0
0.676587 -0.31313 0.266814 180 74 0
0.675005 -0.318639 0.267513 180 74 0
0.671995 -0.323298 0.267311 180 74 0
0.668177 -0.327065 0.266724 180 74 0
0.663109 -0.328908 0.265011 180 74 0
0.657771 -0.328714 0.262952 180 74 0
0.653141 -0.325997 0.260667 180 74 0
0.649604 -0.321698 0.258385 180 74 0
0.648875 -0.316241 0.257255 180 74 0
0.65073 -0.31063 0.257071 180 74 0
0.655484 -0.30785 0.258503 180 74 0
0.660676 -0.30669 0.260516 180 74 0
0.66617 -0.307125 0.262865 180 74 0
0.670374 -0.310712 0.265209 180 74 0
0.67345 -0.315359 0.267404 180 74 0
0.674846 -0.320889 0.268911 180 74 0
0.674653 -0.326794 0.269913 180 74 0
0.671663 -0.33198 0.269424 180 74 0
0.667694 -0.336298 0.268409 180 74 0
0.662612 -0.338938 0.266636 180 74 0
0.657186 -0.340177 0.264404 180 74 0
0.652357 -0.337722 0.262141 180 74 0
0.648348 -0.333865 0.259917 180 74 0
0.647329 -0.328394 0.258885 180 74 0
0.648308 -0.322563 0.258538 180 74 0
0.652767 -0.318878 0.260085 180 74 0
0.6579 -0.316791 0.262119 180 74 0
0.663215 -0.317147 0.2647 180 74 0
0.667267 -0.320865 0.266915 180 74 0
0.67082 -0.324596 0.269519 180 74 0
0.672444 -0.330113 0.271236 180 74 0
0.67135 -0.335559 0.271829 180 74 0
0.668878 -0.341046 0.271713 180 74 0
0.666157 -0.346226 0.271169 180 74 0
0.661012 -0.348634 0.269253 180 74 0
0.655634 -0.350365 0.267183 180 74 0
0.650943 -0.347557 0.264817 180 74 0
0.647158 -0.344039 0.262535 180 74 0
0.645083 -0.338714 0.260653 180 74 0
0.646632 -0.333101 0.260201 180 74 0
0.650314 -0.328802 0.26105 180 74 0
0.655364 -0.326262 0.262947 180 74 0
0.660642 -0.327164 0.265602 180 74 0
0.665372 -0.329469 0.268432 180 74 0
0.668373 -0.333843 0.270924 180 74 0
0.670265 -0.338908 0.27335 180 74 0
0.669451 -0.344832 0.274059 180 74 0
0.667496 -0.350491 0.274643 180 74 0
0.66435 -0.355224 0.274328 180 74 0
0.659527 -0.358454 0.272768 180 74 0
0.654431 -0.360471 0.270772 180 74 0
0.649482 -0.358512 0.268524 180 74 0
0.645515 -0.354925 0.266062 180 74 0
0.643252 -0.349766 0.263947 180 74 0
0.644036 -0.344104 0.26298 180 74 0
0.647346 -0.33933 0.263414 180 74 0
0.652489 -0.336976 0.265172 180 74 0
0.657962 -0.336861 0.267557 180 74 0
0.662299 -0.338927 0.270192 180 74 0
0.665691 -0.343081 0.272848 180 74 0
0.667532 -0.347998 0.275082 180 74 0
0.667991 -0.353762 0.276764 180 74 0
0.666983 -0.359382 0.277955 180 74 0
0.663503 -0.364233 0.277171 180 74 0
0.658737 -0.367638 0.276328 180 74 0
0.653453 -0.369775 0.274417 181 73 0
0.648471 -0.368784 0.272345 181 73 0
0.643972 -0.365644 0.269907 181 73 0
0.641167 -0.361149 0.267586 181 73 0
0.6413 -0.355353 0.266357 181 73 0
0.64385 -0.350788 0.266275 181 73 0
0.648479 -0.347342 0.267879 181 73 0
0.653871 -0.346479 0.270113 181 73 0
0.658812 -0.348435 0.272728 181 73 0
0.662897 -0.351705 0.275476 181 73 0
0.66549 -0.356611 0.277811 181 73 0
0.666375 -0.362349 0.279276 181 73 0
0.664844 -0.368093 0.279839 181 73 0
0.662124 -0.373458 0.279807 181 73 0
0.657268 -0.376342 0.278454 181 73 0
0.652553 -0.379792 0.277148 181 73 0
0.647235 -0.380053 0.274763 181 73 0
0.642684 -0.376893 0.272413 181 73 0
0.639476 -0.372799 0.270314 181 73 0
0.637852 -0.367784 0.268613 181 73 0
0.639835 -0.362448 0.268698 181 73 0
0.644486 -0.35899 0.270276 181 73 0
0.649298 -0.356419 0.272102 181 73 0
0.654567 -0.356539 0.274501 181 73 0
0.659038 -0.359654 0.276853 181 73 0
0.662304 -0.363812 0.278993 181 73 0
0.663782 -0.369445 0.280361 181 73 0
0.664434 -0.374755 0.281615 181 73 0
0.662169 -0.379983 0.281133 181 73 0
0.658726 -0.384727 0.280175 181 73 0
0.654469 -0.388601 0.278514 181 73 0
0.649547 -0.390337 0.276255 181 73 0
0.644889 -0.388657 0.274151 181 73 0
0.640385 -0.386335 0.271835 181 73 0
0.638261 -0.382115 0.270745 181 73 0
0.637004 -0.376656 0.269936 181 73 0
0.639151 -0.371955 0.270877 181 73 0
0.641858 -0.36895 0.271779 181 73 0
0.644765 -0.366735 0.272855 181 73 0
0.649789 -0.366273 0.274838 181 73 0
0.654621 -0.367249 0.277056 181 73 0
0.658692 -0.369863 0.279375 181 73 0
0.662074 -0.374303 0.281406 181 73 0
0.661882 -0.380244 0.281555 181 73 0
0.661789 -0.386302 0.28184 181 73 0
0.658384 -0.39096 0.280274 181 73 0
0.653607 -0.39383 0.277958 181 73 0
0.64837 -0.394306 0.275313 181 73 0
0.643418 -0.39193 0.272871 181 73 0
0.639768 -0.387996 0.271009 181 73 0
0.637217 -0.382679 0.269657 181 73 0
0.638039 -0.376847 0.270006 181 73 0
0.640498 -0.371429 0.27118 181 73 0
0.644909 -0.368295 0.27325 181 73 0
0.649626 -0.366273 0.27512 181 73 0
0.653729 -0.366316 0.276405 181 73 0
0.658208 -0.368106 0.278441 181 73 0
0.661297 -0.371898 0.280111 181 73 0
0.662583 -0.376099 0.281031 181 73 0
0.66259 -0.379939 0.28137 181 73 0
0.660595 -0.384802 0.28096 181 73 0
0.657171 -0.388045 0.279751 181 73 0
0.652385 -0.389821 0.277788 181 73 0
0.647277 -0.390179 0.275363 181 73 0
0.643922 -0.387627 0.273762 181 73 0
0.640342 -0.384879 0.271898 181 73 0
0.63808 -0.379795 0.270498 181 73 0
0.637202 -0.374359 0.269601 181 73 0
0.637883 -0.368554 0.269014 181 73 0
0.640747 -0.363852 0.269446 181 73 0
0.644641 -0.35938 0.270304 181 73 0
0.649277 -0.356409 0.271697 181 73 0
0.654814 -0.355984 0.273843 181 73 0
0.659615 -0.357938 0.276202 181 73 0
0.663391 -0.361362 0.278739 181 73 0
0.664246 -0.366803 0.280041 181 73 0
0.663382 -0.372123 0.280885 181 73 0
0.659312 -0.376428 0.280005 181 73 0
0.654439 -0.378717 0.278352 181 73 0
0.649923 -0.380321 0.276399 181 73 0
0.645371 -0.377357 0.274003 181 73 0
0.641591 -0.373603 0.271457 181 73 0
0.639563 -0.368408 0.269477 181 73 0
0.638121 -0.363338 0.267351 181 73 0
0.640744 -0.35872 0.26722 181 73 0
0.642683 -0.353587 0.266777 181 73 0
0.646886 -0.349453 0.267234 181 73 0
0.651457 -0.346348 0.268359 181 73 0
0.656971 -0.34619 0.270501 181 73 0
0.661904 -0.347432 0.273082 181 73 0
0.665199 -0.351794 0.275468 181 73 0
0.665995 -0.357182 0.277531 181 73 0
0.664847 -0.362957 0.278638 181 73 0
0.661333 -0.367567 0.278209 181 73 0
0.65607 -0.369239 0.276785 181 73 0
0.651281 -0.369333 0.274572 181 73 0
0.646631 -0.367465 0.271795 181 73 0
0.643197 -0.363492 0.269046 181 73 0
0.641327 -0.358378 0.266573 181 73 0
0.641748 -0.352657 0.264931 181 73 0
0.642858 -0.346948 0.263494 181 73 0
0.645733 -0.341751 0.263534 181 73 0
0.650243 -0.337897 0.264254 181 73 0
0.655453 -0.336744 0.265733 181 73 0
0.660945 -0.336984 0.2681 182 72 0
0.665705 -0.338857 0.2709 182 72 0
0.668584 -0.343411 0.273489 182 72 0
0.668066 -0.348825 0.274689 182 72 0
0.665894 -0.354179 0.27522 182 72 0
0.662253 -0.358221 0.274473 182 72 0
0.656764 -0.358818 0.272422 182 72 0
0.651382 -0.358515 0.269814 182 72 0
0.646999 -0.355672 0.266972 182 72 0
0.643916 -0.351279 0.264461 182 72 0
0.642685 -0.345844 0.262415 182 72 0
0.644559 -0.34038 0.261811 182 72 0
0.645602 -0.334576 0.260936 182 72 0
0.649384 -0.329983 0.261178 182 72 0
0.654097 -0.326693 0.26251 182 72 0
0.659427 -0.325172 0.26471 182 72 0
0.664415 -0.327037 0.267074 182 72 0
0.66825 -0.330936 0.269446 182 72 0
0.670989 -0.33545 0.271858 182 72 0
0.6695 -0.341055 0.272108 182 72 0
0.66644 -0.346162 0.271511 182 72 0
0.661923 -0.34903 0.26983 182 72 0
0.656632 -0.348527 0.267274 182 72 0
0.651602 -0.346887 0.264676 182 72 0
0.647718 -0.343169 0.262306 182 72 0
0.646066 -0.337683 0.260734 182 72 0
0.645041 -0.331954 0.259314 182 72 0
0.646997 -0.326777 0.259355 182 72 0
0.650449 -0.321937 0.25981 182 72 0
0.653856 -0.317702 0.260581 182 72 0
0.659269 -0.316644 0.262831 182 72 0
0.66468 -0.316043 0.265332 182 72 0
0.669082 -0.319094 0.2677 182 72 0
0.671266 -0.324442 0.26917 182 72 0
0.671631 -0.329847 0.269967 182 72 0
0.668424 -0.334748 0.268737 182 72 0
0.664213 -0.338361 0.267034 182 72 0
0.65904 -0.339133 0.264776 182 72 0
0.654034 -0.336999 0.262273 182 72 0
0.650465 -0.332845 0.2602 182 72 0
0.648064 -0.32769 0.258375 182 72 0
0.646418 -0.322191 0.25678 182 72 0
0.647642 -0.316562 0.256416 182 72 0
0.651357 -0.312114 0.257612 182 72 0
0.655491 -0.308049 0.259059 182 72 0
0.660298 -0.305448 0.260993 182 72 0
0.66571 -0.304771 0.263434 182 72 0
0.66908 -0.30923 0.265003 182 72 0
0.672457 -0.313161 0.266993 182 72 0
0.67281 -0.319049 0.267597 182 72 0
0.671423 -0.32438 0.267732 182 72 0
0.667253 -0.328387 0.266209 182 72 0
0.661829 -0.328232 0.263704 182 72 0
0.656726 -0.327742 0.26106 182 72 0
0.652491 -0.324377 0.258653 182 72 0
0.649749 -0.319441 0.256834 182 72 0
0.647807 -0.314036 0.255139 182 72 0
0.648281 -0.308136 0.254593 182 72 0
0.650192 -0.302478 0.254842 182 72 0
0.654428 -0.298491 0.256244 182 72 0
0.659317 -0.295501 0.257928 182 72 0
0.664707 -0.294778 0.260085 182 72 0
0.669817 -0.296396 0.262643 182 72 0
0.673048 -0.300868 0.264549 182 72 0
0.674493 -0.306331 0.265847 182 72 0
0.673466 -0.312213 0.266148 182 72 0
0.669888 -0.316834 0.265114 182 72 0
0.664977 -0.318771 0.26301 182 72 0
0.659563 -0.318612 0.260479 182 72 0
0.65462 -0.316534 0.257921 182 72 0
0.651415 -0.311937 0.255931 182 72 0
0.649313 -0.30663 0.254191 182 72 0
0.649198 -0.30081 0.25326 182 72 0
0.650904 -0.295152 0.253142 182 72 0
0.654868 -0.290935 0.254255 182 72 0
0.658502 -0.28675 0.255073 182 72 0
0.663838 -0.285676 0.257304 182 72 0
0.668775 -0.285249 0.259453 182 72 0
0.67317 -0.288473 0.261672 182 72 0
0.675894 -0.293284 0.263453 182 72 0
0.675797 -0.29923 0.264132 182 72 0
0.673504 -0.304612 0.263722 182 72 0
0.668554 -0.307493 0.262006 182 72 0
0.663281 -0.308281 0.259848 182 72 0
0.658395 -0.306585 0.257447 182 72 0
0.653988 -0.303479 0.254925 182 72 0
0.651648 -0.298589 0.25328 182 72 0
0.650359 -0.292923 0.251834 182 72 0
0.651415 -0.287108 0.251385 182 72 0
0.654491 -0.282182 0.251941 182 72 0
0.658558 -0.277986 0.253214 182 72 0
0.663274 -0.275038 0.254868 182 72 0
0.668714 -0.27533 0.257021 182 72 0
0.673679 -0.277614 0.259434 182 72 0
0.676393 -0.28242 0.260973 182 72 0
0.677082 -0.287062 0.262068 182 72 0
0.67606 -0.292672 0.262418 182 72 0
0.67219 -0.297087 0.261318 182 72 0
0.667178 -0.297897 0.259206 182 72 0
0.661937 -0.297671 0.256812 182 72 0
0.657229 -0.294913 0.254395 182 72 0
0.653818 -0.290702 0.252441 182 72 0
0.652798 -0.284994 0.251374 182 72 0
0.653543 -0.279099 0.2507 182 72 0
0.654343 -0.273295 0.250018 183 71 0
0.658038 -0.268944 0.250867 183 71 0
0.662371 -0.265154 0.252479 183 71 0
0.667623 -0.263889 0.254654 183 71 0
0.67276 -0.265498 0.256897 183 71 0
0.676377 -0.26971 0.258619 183 71 0
0.678811 -0.274916 0.260224 183 71 0
0.678162 -0.280419 0.260508 183 71 0
0.675268 -0.285118 0.259979 183 71 0
0.670381 -0.287891 0.25835 183 71 0
0.665026 -0.288668 0.255981 183 71 0
0.66038 -0.285933 0.253751 183 71 0
0.655888 -0.28283 0.251334 183 71 0
0.654044 -0.277498 0.250164 183 71 0
0.653906 -0.271573 0.249439 183 71 0
0.655104 -0.265768 0.249239 183 71 0
0.658051 -0.26066 0.249686 183 71 0
0.661828 -0.256856 0.250537 183 71 0
0.66672 -0.254275 0.252145 183 71 0
0.672266 -0.254616 0.254383 183 71 0
0.676987 -0.257353 0.256502 183 71 0
0.679814 -0.26236 0.258017 183 71 0
0.679928 -0.268052 0.258681 183 71 0
0.678159 -0.273537 0.258868 183 71 0
0.673786 -0.277389 0.257616 183 71 0
0.668487 -0.278037 0.255769 183 71 0
0.663119 -0.2771 0.253522 183 71 0
0.65851 -0.274111 0.251253 183 71 0
0.65562 -0.269214 0.249625 183 71 0
0.653566 -0.263816 0.248145 183 71 0
0.654486 -0.258125 0.247897 183 71 0
0.656593 -0.252897 0.247768 183 71 0
0.660655 -0.249017 0.248544 183 71 0
0.664901 -0.244892 0.249274 183 71 0
0.670457 -0.244454 0.251072 183 71 0
0.675516 -0.245329 0.252661 183 71 0
0.679458 -0.248571 0.254294 183 71 0
0.681239 -0.253688 0.255542 183 71 0
0.681594 -0.258827 0.256977 183 71 0
0.679282 -0.264168 0.257055 183 71 0
0.674825 -0.266785 0.256538 183 71 0
0.669831 -0.268616 0.254813 183 71 0
0.664861 -0.266883 0.253122 183 71 0
0.660505 -0.264578 0.251222 183 71 0
0.657313 -0.26155 0.249595 183 71 0
0.655816 -0.257003 0.248534 183 71 0
0.655305 -0.253553 0.247891 183 71 0
0.654872 -0.248475 0.246568 183 71 0
0.657024 -0.243576 0.246327 183 71 0
0.659896 -0.239955 0.246702 183 71 0
0.662743 -0.237332 0.247039 183 71 0
0.666314 -0.234595 0.247538 183 71 0
0.671197 -0.23401 0.249089 183 71 0
0.668599 -0.235497 0.248311 183 71 0
0.663991 -0.23776 0.247254 183 71 0
0.659345 -0.239882 0.246078 183 71 0
0.654651 -0.241793 0.244749 183 71 0
0.649961 -0.24365 0.243322 183 71 0
0.64527 -0.24542 0.241798 183 71 0
0.644954 -0.245274 0.242735 183 71 0
0.585246 -0.247509 0.217447 183 71 0
0.585717 -0.24761 0.21657 183 71 0
0.585717 -0.24761 0.21657 183 71 0
0.584934 -0.25529 0.217778 183 71 0
0.584971 -0.260331 0.218689 183 71 0
0.58475 -0.265383 0.219516 183 71 0
0.584599 -0.270448 0.220272 183 71 0
0.584574 -0.275527 0.220941 183 71 0
0.584453 -0.280619 0.221472 183 71 0
0.584173 -0.285716 0.221909 183 71 0
0.583921 -0.290818 0.22231 183 71 0
0.58373 -0.295929 0.22262 183 71 0
0.583552 -0.301041 0.222894 183 71 0
0.581845 -0.310816 0.223747 183 71 0
0.580919 -0.315822 0.22426 183 71 0
0.579983 -0.320841 0.224727 183 71 0
0.579146 -0.325871 0.22525 183 71 0
0.578031 -0.330853 0.225724 183 71 0
0.577105 -0.335853 0.22637 183 71 0
0.576196 -0.340858 0.227003 183 71 0
0.575125 -0.34585 0.227463 183 71 0
0.573998 -0.350829 0.227938 183 71 0
0.57311 -0.355842 0.228533 183 71 0
0.572226 -0.36086 0.229103 183 71 0
0.571109 -0.365833 0.229639 183 71 0
0.57022 -0.370843 0.230224 183 71 0
0.571437 -0.363065 0.229474 183 71 0
0.572708 -0.358487 0.229052 183 71 0
0.573687 -0.35385 0.228469 183 71 0
0.574696 -0.349215 0.22793 183 71 0
0.575844 -0.344603 0.227483 183 71 0
0.576754 -0.339943 0.226973 183 71 0
0.577681 -0.335279 0.226539 183 71 0
0.578604 -0.330622 0.226031 183 71 0
0.579533 -0.325966 0.22552 183 71 0
0.580509 -0.321312 0.225097 183 71 0
0.581421 -0.316646 0.224755 183 71 0
0.581918 -0.308617 0.223236 183 71 0
0.582327 -0.303773 0.222817 183 71 0
0.5825 -0.298904 0.222438 183 71 0
0.582728 -0.29404 0.222021 183 71 0
0.582845 -0.289168 0.22164 183 71 0
0.582995 -0.2843 0.221221 183 71 0
0.583163 -0.279437 0.220748 184 70 0
0.58335 -0.274577 0.220264 184 70 0
0.583428 -0.269731 0.21963 184 70 0
0.583743 -0.264898 0.218987 184 70 0
0.583888 -0.260089 0.218175 184 70 0
0.584374 -0.255271 0.217514 184 70 0
0.585228 -0.232458 0.215797 184 70 0
0.58876 -0.23445 0.217687 184 70 0
0.592288 -0.236466 0.219553 184 70 0
0.595646 -0.240625 0.221712 184 70 0
0.596779 -0.246018 0.222819 184 70 0
0.594872 -0.251438 0.222513 184 70 0
0.591751 -0.256362 0.22137 184 70 0
0.587735 -0.26035 0.21963 184 70 0
0.583122 -0.262923 0.217064 184 70 0
0.578318 -0.261329 0.214142 184 70 0
0.573548 -0.260264 0.211056 184 70 0
0.569915 -0.256126 0.208572 184 70 0
0.567575 -0.251051 0.206631 184 70 0
0.567739 -0.24505 0.206161 184 70 0
0.568986 -0.239212 0.206455 184 70 0
0.573075 -0.235759 0.208571 184 70 0
0.577706 -0.232969 0.211225 184 70 0
0.582108 -0.235009 0.214027 184 70 0
0.585962 -0.238251 0.216739 184 70 0
0.587956 -0.243673 0.218449 184 70 0
0.587756 -0.249594 0.218795 184 70 0
0.586047 -0.255297 0.217995 184 70 0
0.582355 -0.259234 0.215965 184 70 0
0.577543 -0.261659 0.213241 184 70 0
0.572553 -0.263003 0.210384 184 70 0
0.567968 -0.260862 0.207714 184 70 0
0.563891 -0.257212 0.205153 184 70 0
0.560224 -0.253572 0.202602 184 70 0
0.559296 -0.2477 0.201639 184 70 0
0.560414 -0.241875 0.201731 184 70 0
0.562582 -0.236407 0.202701 184 70 0
0.567648 -0.234906 0.20553 184 70 0
0.572872 -0.234898 0.208564 184 70 0
0.577369 -0.237433 0.21152 184 70 0
0.579949 -0.242423 0.213399 184 70 0
0.57988 -0.248412 0.213823 184 70 0
0.57864 -0.254231 0.213429 184 70 0
0.575101 -0.258639 0.211609 184 70 0
0.57042 -0.261193 0.209109 184 70 0
0.565475 -0.263137 0.206457 184 70 0
0.560753 -0.260656 0.203706 184 70 0
0.556155 -0.259197 0.200806 184 70 0
0.553307 -0.254245 0.198845 184 70 0
0.552198 -0.248636 0.197913 184 70 0
0.552411 -0.242622 0.19767 184 70 0
0.554678 -0.237934 0.198566 184 70 0
0.557514 -0.235006 0.199826 184 70 0
0.562566 -0.234885 0.202284 184 70 0
0.567459 -0.235624 0.204837 184 70 0
0.570883 -0.238097 0.206901 184 70 0
0.573094 -0.242314 0.208496 184 70 0
0.574199 -0.247678 0.209799 184 70 0
0.57428 -0.253415 0.210745 184 70 0
0.572294 -0.258744 0.210399 184 70 0
0.569537 -0.263604 0.20932 184 70 0
0.564903 -0.266298 0.206841 184 70 0
0.560556 -0.268684 0.204335 184 70 0
0.555654 -0.267436 0.201348 184 70 0
0.551511 -0.264638 0.19868 184 70 0
0.549537 -0.259667 0.197191 184 70 0
0.547956 -0.254345 0.195928 184 70 0
0.550154 -0.249049 0.196709 184 70 0
0.554381 -0.245576 0.198822 184 70 0
0.559064 -0.244456 0.201284 184 70 0
0.56417 -0.244501 0.204367 184 70 0
0.568264 -0.247545 0.207105 184 70 0
0.570708 -0.252545 0.209186 184 70 0
0.572428 -0.257944 0.210717 184 70 0
0.572137 -0.263888 0.211166 184 70 0
0.569564 -0.268744 0.210319 184 70 0
0.566247 -0.273372 0.208869 184 70 0
0.562216 -0.277154 0.206764 184 70 0
0.557298 -0.278773 0.203844 184 70 0
0.55257 -0.277707 0.200832 184 70 0
0.549034 -0.273643 0.198357 184 70 0
0.547295 -0.268233 0.196916 184 70 0
0.547642 -0.262343 0.196541 184 70 0
0.55115 -0.25784 0.198215 184 70 0
0.555219 -0.25455 0.200578 184 70 0
0.560232 -0.254695 0.203813 184 70 0
0.564905 -0.255874 0.206996 184 70 0
0.56741 -0.260484 0.209001 184 70 0
0.569472 -0.265822 0.210655 184 70 0
0.571321 -0.271114 0.212109 184 70 0
0.569321 -0.276671 0.211246 184 70 0
0.567857 -0.282049 0.210816 184 70 0
0.563661 -0.285525 0.208637 184 70 0
0.558816 -0.28764 0.205876 184 70 0
0.553831 -0.288321 0.202797 184 70 0
0.549643 -0.285697 0.199767 184 70 0
0.547121 -0.280752 0.197705 184 70 0
0.54604 -0.275259 0.196621 184 70 0
0.548016 -0.269801 0.197616 184 70 0
0.552133 -0.266656 0.200147 184 70 0
0.556841 -0.264876 0.203239 184 70 0
0.561787 -0.265289 0.206469 184 70 0
0.56576 -0.268259 0.209201 184 70 0
0.568392 -0.273209 0.211235 184 70 0
0.56885 -0.278951 0.211915 185 69 0
0.568723 -0.284911 0.212197 185 69 0
0.566724 -0.290362 0.21134 185 69 0
0.563117 -0.294672 0.209429 185 69 0
0.558907 -0.297883 0.206866 185 69 0
0.554097 -0.298574 0.203799 185 69 0
0.549743 -0.296051 0.200817 185 69 0
0.545935 -0.293115 0.198226 185 69 0
0.545258 -0.287329 0.197345 185 69 0
0.545577 -0.281454 0.197316 185 69 0
0.549012 -0.27746 0.199419 185 69 0
0.553198 -0.274245 0.202159 185 69 0
0.557922 -0.274639 0.205303 185 69 0
0.561941 -0.277769 0.208141 185 69 0
0.565584 -0.281319 0.210695 185 69 0
0.568398 -0.286124 0.212779 185 69 0
0.568189 -0.292084 0.213014 185 69 0
0.56753 -0.297812 0.212853 185 69 0
0.564577 -0.302721 0.211189 185 69 0
0.560733 -0.306137 0.208807 185 69 0
0.556181 -0.308442 0.205793 185 69 0
0.551223 -0.308713 0.202484 185 69 0
0.54719 -0.305962 0.199529 185 69 0
0.544976 -0.301597 0.197749 185 69 0
0.543123 -0.296243 0.196342 185 69 0
0.545227 -0.291514 0.19735 185 69 0
0.548328 -0.287735 0.199277 185 69 0
0.552092 -0.284537 0.201866 185 69 0
0.556815 -0.285412 0.20505 185 69 0
0.56086 -0.288227 0.208044 185 69 0
0.564396 -0.290999 0.210638 185 69 0
0.565933 -0.296384 0.212368 185 69 0
0.565593 -0.302317 0.212903 185 69 0
0.565325 -0.308269 0.213246 185 69 0
0.563243 -0.313604 0.21214 185 69 0
0.558888 -0.316244 0.209425 185 69 0
0.555168 -0.318665 0.206598 185 69 0
0.55046 -0.317993 0.203018 185 69 0
0.546286 -0.316914 0.199401 185 69 0
0.543342 -0.31327 0.196741 185 69 0
0.543511 -0.307466 0.196391 185 69 0
0.543853 -0.302143 0.196539 185 69 0
0.546554 -0.298652 0.198234 185 69 0
0.550543 -0.296262 0.200904 185 69 0
0.555007 -0.296017 0.204189 185 69 0
0.559031 -0.29655 0.207757 185 69 0
0.56111 -0.299754 0.209585 185 69 0
0.563775 -0.302437 0.211665 185 69 0
0.565339 -0.307005 0.213275 185 69 0
0.564741 -0.312875 0.214311 185 69 0
0.564226 -0.318737 0.214498 185 69 0
0.561553 -0.323637 0.213192 185 69 0
0.557867 -0.326325 0.210594 185 69 0
0.554654 -0.328653 0.20721 185 69 0
0.550264 -0.328449 0.203212 185 69 0
0.546174 -0.326972 0.199639 185 69 0
0.542988 -0.32276 0.196826 185 69 0
0.543065 -0.316863 0.196359 185 69 0
0.544755 -0.311236 0.197546 185 69 0
0.547927 -0.306839 0.199973 185 69 0
0.552549 -0.306332 0.203632 185 69 0
0.557075 -0.306792 0.207521 185 69 0
0.561174 -0.309112 0.21094 185 69 0
0.563269 -0.314154 0.213289 185 69 0
0.564378 -0.319702 0.214905 185 69 0
0.563948 -0.325659 0.215415 185 69 0
0.562298 -0.331345 0.214588 185 69 0
0.559707 -0.336269 0.212679 185 69 0
0.555491 -0.338931 0.209407 185 69 0
0.551113 -0.340298 0.205804 185 69 0
0.546634 -0.338777 0.202219 185 69 0
0.543282 -0.335219 0.198902 185 69 0
0.542099 -0.329996 0.197369 185 69 0
0.542512 -0.324025 0.197293 185 69 0
0.545258 -0.319667 0.199341 185 69 0
0.549222 -0.316666 0.202619 185 69 0
0.553791 -0.316153 0.206354 185 69 0
0.558 -0.317628 0.209909 185 69 0
0.561033 -0.321701 0.213077 185 69 0
0.563354 -0.326666 0.215447 185 69 0
0.563554 -0.33248 0.216408 185 69 0
0.562725 -0.338347 0.21631 185 69 0
0.559978 -0.343184 0.214548 185 69 0
0.557144 -0.347942 0.21236 185 69 0
0.552879 -0.3504 0.209171 185 69 0
0.548308 -0.350033 0.205434 185 69 0
0.544248 -0.347529 0.20204 185 69 0
0.541604 -0.342929 0.19933 185 69 0
0.541803 -0.337026 0.19862 185 69 0
0.543543 -0.33164 0.199447 185 69 0
0.547418 -0.328103 0.20222 185 69 0
0.551348 -0.326596 0.20556 185 69 0
0.555615 -0.328352 0.209261 185 69 0
0.559455 -0.330986 0.21301 185 69 0
0.562292 -0.335257 0.215936 185 69 0
0.562856 -0.340936 0.217397 185 69 0
0.561964 -0.34681 0.217535 185 69 0
0.560283 -0.352502 0.216742 185 69 0
0.556834 -0.356537 0.214505 185 69 0
0.553306 -0.360451 0.211837 185 69 0
0.548574 -0.360444 0.208161 185 69 0
0.544387 -0.359147 0.204577 185 69 0
0.540989 -0.355247 0.201563 185 69 0
0.540876 -0.349602 0.2006 186 68 0
0.54215 -0.344018 0.200965 186 68 0
0.545037 -0.339141 0.202885 186 68 0
0.549572 -0.33784 0.206252 186 68 0
0.553725 -0.33714 0.209859 186 68 0
0.557385 -0.340264 0.213434 186 68 0
0.560684 -0.344015 0.216717 186 68 0
0.562062 -0.349384 0.218755 186 68 0
0.561613 -0.355311 0.219437 186 68 0
0.560322 -0.360976 0.219042 186 68 0
0.557551 -0.365919 0.217303 186 68 0
0.553758 -0.369687 0.214612 186 68 0
0.549346 -0.370654 0.211245 186 68 0
0.545022 -0.369848 0.207441 186 68 0
0.541701 -0.366359 0.203875 186 68 0
0.540012 -0.361185 0.201911 186 68 0
0.540211 -0.35521 0.201538 186 68 0
0.542785 -0.350271 0.2032 186 68 0
0.547274 -0.348549 0.206597 186 68 0
0.551777 -0.348273 0.21052 186 68 0
0.555998 -0.34958 0.214436 186 68 0
0.558775 -0.353635 0.217544 186 68 0
0.561215 -0.35845 0.220142 186 68 0
0.561206 -0.364237 0.221163 186 68 0
0.559673 -0.370013 0.22077 186 68 0
0.55735 -0.375313 0.219458 186 68 0
0.554186 -0.379632 0.217157 186 68 0
0.550059 -0.382443 0.213851 186 68 0
0.545662 -0.381374 0.210094 186 68 0
0.542155 -0.378478 0.20656 186 68 0
0.539421 -0.374334 0.20366 186 68 0
0.539765 -0.368557 0.202701 186 68 0
0.541516 -0.363009 0.203486 186 68 0
0.544419 -0.358714 0.205972 186 68 0
0.54888 -0.358326 0.209929 186 68 0
0.553119 -0.358752 0.214116 186 68 0
0.557146 -0.36095 0.217836 186 68 0
0.558976 -0.365963 0.220351 186 68 0
0.560642 -0.371288 0.222361 186 68 0
0.560566 -0.377196 0.222754 186 68 0
0.558642 -0.382321 0.221529 186 68 0
0.555612 -0.386833 0.219052 186 68 0
0.552382 -0.390773 0.216243 186 68 0
0.548621 -0.392119 0.212666 186 68 0
0.544887 -0.390995 0.20875 186 68 0
0.541997 -0.388069 0.206051 186 68 0
0.538995 -0.384363 0.203197 186 68 0
0.539291 -0.378566 0.202811 186 68 0
0.540447 -0.374205 0.203551 186 68 0
0.543419 -0.370093 0.206095 186 68 0
0.546842 -0.368635 0.209615 186 68 0
0.549779 -0.368196 0.213463 186 68 0
0.553187 -0.369747 0.21728 186 68 0
0.557178 -0.371927 0.220329 186 68 0
0.559096 -0.377237 0.221583 186 68 0
0.56057 -0.382703 0.222276 186 68 0
0.559265 -0.388067 0.220988 186 68 0
0.556929 -0.392712 0.218821 186 68 0
0.552924 -0.395545 0.215661 186 68 0
0.548609 -0.396714 0.212057 186 68 0
0.543964 -0.396166 0.208578 186 68 0
0.540634 -0.392633 0.205742 186 68 0
0.538703 -0.387678 0.203883 186 68 0
0.538577 -0.381865 0.203458 186 68 0
0.539681 -0.376242 0.204086 186 68 0
0.542407 -0.371777 0.206132 186 68 0
0.546549 -0.369487 0.209295 186 68 0
0.550135 -0.368196 0.212846 186 68 0
0.553505 -0.368578 0.217132 186 68 0
0.556531 -0.370565 0.219777 186 68 0
0.558505 -0.37377 0.221562 186 68 0
0.560399 -0.377417 0.223493 186 68 0
0.56024 -0.383141 0.223722 186 68 0
0.558324 -0.386891 0.222187 186 68 0
0.555588 -0.390445 0.219283 186 68 0
0.552009 -0.391919 0.215799 186 68 0
0.548029 -0.392097 0.211879 186 68 0
0.544323 -0.388924 0.20858 186 68 0
0.541501 -0.385482 0.205489 186 68 0
0.540177 -0.380265 0.203682 186 68 0
0.539003 -0.374632 0.202237 186 68 0
0.540955 -0.369344 0.202979 186 68 0
0.542574 -0.364045 0.20414 186 68 0
0.546041 -0.360833 0.207096 186 68 0
0.549512 -0.35831 0.210794 186 68 0
0.553782 -0.357794 0.214788 186 68 0
0.557421 -0.35989 0.218631 186 68 0
0.560634 -0.363748 0.221706 186 68 0
0.561006 -0.368987 0.222554 186 68 0
0.560667 -0.374805 0.222656 186 68 0
0.556881 -0.378671 0.220163 186 68 0
0.552569 -0.380698 0.216757 186 68 0
0.548785 -0.38205 0.213239 186 68 0
0.545617 -0.378688 0.209572 186 68 0
0.542744 -0.37537 0.206393 186 68 0
0.540792 -0.370389 0.203771 186 68 0
0.539823 -0.365263 0.202078 186 68 0
0.54174 -0.359619 0.202364 186 68 0
0.544053 -0.354257 0.203739 186 68 0
0.547084 -0.349855 0.206347 186 68 0
0.551131 -0.347024 0.209768 186 68 0
0.554718 -0.348624 0.213146 186 68 0
0.558848 -0.349272 0.21715 186 68 0
0.561353 -0.353568 0.219979 186 68 0
0.562758 -0.35873 0.221856 187 67 0
0.561164 -0.36439 0.221351 187 67 0
0.557326 -0.36818 0.218816 187 67 0
0.553381 -0.37078 0.215332 187 67 0
0.548907 -0.370628 0.211348 187 67 0
0.54535 -0.368189 0.207407 187 67 0
0.542889 -0.363995 0.204206 187 67 0
0.541259 -0.358709 0.20193 187 67 0
0.540737 -0.353091 0.200797 187 67 0
0.542877 -0.347754 0.201393 187 67 0
0.54552 -0.342666 0.203136 187 67 0
0.548896 -0.338436 0.205663 187 67 0
0.553229 -0.336422 0.209121 187 67 0
0.557557 -0.337801 0.213046 187 67 0
0.561426 -0.340695 0.216561 187 67 0
0.563586 -0.345369 0.219445 187 67 0
0.563754 -0.351158 0.220416 187 67 0
0.561111 -0.356113 0.219037 187 67 0
0.55731 -0.359465 0.216068 187 67 0
0.552892 -0.360448 0.212236 187 67 0
0.548439 -0.359799 0.208361 187 67 0
0.545213 -0.356522 0.20507 187 67 0
0.543108 -0.351543 0.202478 187 67 0
0.543048 -0.345804 0.201296 187 67 0
0.543373 -0.339822 0.200777 187 67 0
0.545083 -0.334341 0.201496 187 67 0
0.548781 -0.330529 0.203929 187 67 0
0.552919 -0.327272 0.206832 187 67 0
0.557265 -0.327498 0.210579 187 67 0
0.561325 -0.328752 0.214473 187 67 0
0.563883 -0.333533 0.217054 187 67 0
0.564907 -0.339047 0.218557 187 67 0
0.564285 -0.344728 0.218505 187 67 0
0.560769 -0.348584 0.216008 187 67 0
0.556627 -0.350662 0.212735 187 67 0
0.551933 -0.350323 0.209075 187 67 0
0.548262 -0.347247 0.205499 187 67 0
0.544978 -0.343296 0.202397 187 67 0
0.543674 -0.337844 0.200732 187 67 0
0.543924 -0.331893 0.200093 187 67 0
0.544184 -0.326125 0.199919 187 67 0
0.547996 -0.322117 0.202247 187 67 0
0.552056 -0.319022 0.205207 187 67 0
0.556479 -0.316686 0.208543 187 67 0
0.560963 -0.317314 0.212313 187 67 0
0.564341 -0.320756 0.21533 187 67 0
0.565726 -0.326237 0.217087 187 67 0
0.56602 -0.33211 0.217602 187 67 0
0.563095 -0.336101 0.215665 187 67 0
0.559197 -0.339579 0.212765 187 67 0
0.554683 -0.340494 0.209016 187 67 0
0.550481 -0.338363 0.205506 187 67 0
0.546737 -0.334767 0.202484 187 67 0
0.545256 -0.329243 0.200909 187 67 0
0.543988 -0.323678 0.199333 187 67 0
0.544479 -0.317746 0.199155 187 67 0
0.547289 -0.312803 0.200559 187 67 0
0.551348 -0.309271 0.203126 187 67 0
0.555842 -0.307054 0.206441 187 67 0
0.560626 -0.306613 0.210014 187 67 0
0.564349 -0.309484 0.213253 187 67 0
0.566735 -0.314524 0.215482 187 67 0
0.566779 -0.320307 0.215767 187 67 0
0.564637 -0.325742 0.214363 187 67 0
0.560664 -0.329239 0.211591 187 67 0
0.556199 -0.329757 0.208518 187 67 0
0.551561 -0.328342 0.205107 187 67 0
0.547812 -0.325257 0.202064 187 67 0
0.545459 -0.320205 0.199899 187 67 0
0.544523 -0.31437 0.198799 187 67 0
0.544854 -0.308482 0.198588 187 67 0
0.547856 -0.303562 0.200257 187 67 0
0.551593 -0.299524 0.202662 187 67 0
0.556032 -0.296907 0.205641 187 67 0
0.560962 -0.296346 0.208968 187 67 0
0.565196 -0.298979 0.212182 187 67 0
0.567532 -0.302767 0.214247 187 67 0
0.569113 -0.308196 0.215616 187 67 0
0.566834 -0.313302 0.214416 187 67 0
0.563732 -0.317701 0.212348 187 67 0
0.559132 -0.320025 0.209264 187 67 0
0.554353 -0.318793 0.206034 187 67 0
0.54993 -0.316203 0.202912 187 67 0
0.546544 -0.312311 0.200362 187 67 0
0.545086 -0.306698 0.198888 187 67 0
0.54612 -0.30117 0.198866 187 67 0
0.546257 -0.295203 0.198726 187 67 0
0.550184 -0.291562 0.200959 187 67 0
0.554088 -0.287905 0.203487 187 67 0
0.558665 -0.285583 0.206578 187 67 0
0.563353 -0.286152 0.209761 187 67 0
0.566927 -0.290041 0.21231 187 67 0
0.569336 -0.295261 0.214071 187 67 0
0.569592 -0.300928 0.21449 187 67 0
0.566597 -0.305472 0.212724 187 67 0
0.561932 -0.307818 0.209744 187 67 0
0.556997 -0.308422 0.206441 187 67 0
0.552398 -0.30704 0.203214 187 67 0
0.548958 -0.302881 0.200712 187 67 0
0.546264 -0.298054 0.198683 187 67 0
0.546457 -0.292052 0.198388 187 67 0
0.54761 -0.286379 0.198825 187 67 0
0.550288 -0.281218 0.200354 187 67 0
0.553353 -0.27645 0.202335 187 67 0
0.558336 -0.276097 0.2056 188 66 0
0.563144 -0.276669 0.208831 188 66 0
0.567402 -0.279387 0.211907 188 66 0
0.570319 -0.284135 0.214103 188 66 0
0.56945 -0.289878 0.213894 188 66 0
0.568042 -0.2954 0.213133 188 66 0
0.563969 -0.298671 0.210553 188 66 0
0.558979 -0.29888 0.207209 188 66 0
0.554179 -0.29783 0.203904 188 66 0
0.550103 -0.294502 0.201028 188 66 0
0.547204 -0.289878 0.198793 188 66 0
0.546711 -0.284106 0.197822 188 66 0
0.547273 -0.278182 0.1977 188 66 0
0.549951 -0.272956 0.198898 188 66 0
0.553527 -0.268559 0.200853 188 66 0
0.557897 -0.265586 0.203605 188 66 0
0.562829 -0.264797 0.206804 188 66 0
0.567309 -0.267104 0.20994 188 66 0
0.57115 -0.270634 0.212809 188 66 0
0.570843 -0.276623 0.213244 188 66 0
0.569715 -0.282332 0.213059 188 66 0
0.566096 -0.286483 0.210983 188 66 0
0.561641 -0.288314 0.208197 188 66 0
0.556771 -0.287976 0.204873 188 66 0
0.552614 -0.28495 0.201769 188 66 0
0.549901 -0.280249 0.199416 188 66 0
0.547571 -0.275047 0.197572 188 66 0
0.548068 -0.269374 0.197307 188 66 0
0.549553 -0.263729 0.197727 188 66 0
0.552675 -0.259126 0.199045 188 66 0
0.557161 -0.256756 0.20133 188 66 0
0.561872 -0.254705 0.204092 188 66 0
0.566659 -0.255602 0.207228 188 66 0
0.570634 -0.259007 0.210155 188 66 0
0.57228 -0.264039 0.212062 188 66 0
0.571386 -0.269268 0.212347 188 66 0
0.569255 -0.27433 0.211569 188 66 0
0.564951 -0.277216 0.209204 188 66 0
0.560111 -0.278613 0.206132 188 66 0
0.555934 -0.276645 0.20315 188 66 0
0.552151 -0.273023 0.200349 188 66 0
0.549328 -0.268572 0.198121 188 66 0
0.548662 -0.262819 0.19723 188 66 0
0.54975 -0.25842 0.197399 188 66 0
0.549983 -0.252425 0.197019 188 66 0
0.554508 -0.249379 0.199132 188 66 0
0.558606 -0.245727 0.20092 188 66 0
0.563736 -0.244486 0.203446 188 66 0
0.568646 -0.245458 0.20626 188 66 0
0.571334 -0.248672 0.208276 188 66 0
0.573615 -0.253473 0.210342 188 66 0
0.573422 -0.259036 0.211238 188 66 0
0.570011 -0.263465 0.210072 188 66 0
0.566121 -0.266253 0.208028 188 66 0
0.562925 -0.268644 0.206025 188 66 0
0.558092 -0.267732 0.202833 188 66 0
0.554132 -0.264308 0.200218 188 66 0
0.551783 -0.260256 0.198663 188 66 0
0.549839 -0.256635 0.197329 188 66 0
0.549966 -0.250723 0.196961 188 66 0
0.5502 -0.244828 0.196593 188 66 0
0.552407 -0.241296 0.197486 188 66 0
0.553958 -0.237932 0.198187 188 66 0
0.557754 -0.236198 0.199924 188 66 0
0.562587 -0.234885 0.202248 188 66 0
0.564705 -0.235692 0.203374 188 66 0
0.568692 -0.237687 0.205659 188 66 0
0.572563 -0.239772 0.208056 188 66 0
0.576273 -0.242089 0.210495 188 66 0
0.579985 -0.244392 0.212945 188 66 0
0.583647 -0.246817 0.215342 188 66 0
0.583163 -0.246698 0.216209 188 66 0
0.641725 -0.246942 0.243144 188 66 0
0.642063 -0.247079 0.242213 188 66 0
0.641875 -0.254732 0.242159 188 66 0
0.641641 -0.259948 0.242904 188 66 0
0.641042 -0.265143 0.243612 188 66 0
0.640688 -0.270347 0.244383 188 66 0
0.640491 -0.275557 0.2452 188 66 0
0.640169 -0.280765 0.24598 188 66 0
0.639747 -0.285976 0.246698 188 66 0
0.639245 -0.291187 0.247355 188 66 0
0.638903 -0.296401 0.248059 188 66 0
0.638407 -0.3016 0.248656 188 66 0
0.637261 -0.309331 0.249858 188 66 0
0.636478 -0.314108 0.251144 188 66 0
0.635736 -0.318938 0.252239 188 66 0
0.635053 -0.323783 0.253307 188 66 0
0.634347 -0.328612 0.25443 188 66 0
0.633688 -0.333435 0.255608 188 66 0
0.632963 -0.338262 0.256728 188 66 0
0.632359 -0.3431 0.257874 188 66 0
0.631729 -0.347931 0.259036 188 66 0
0.631135 -0.352773 0.260169 188 66 0
0.630546 -0.357623 0.261271 188 66 0
0.630023 -0.362506 0.262249 188 66 0
0.629459 -0.367379 0.263255 188 66 0
0.628926 -0.372287 0.264089 188 66 0
0.629633 -0.364555 0.263172 188 66 0
0.630254 -0.359777 0.261945 188 66 0
0.630851 -0.355001 0.260701 188 66 0
0.631434 -0.35019 0.259588 188 66 0
0.632049 -0.345395 0.258427 188 66 0
0.632856 -0.340604 0.257369 189 65 0
0.633499 -0.335807 0.256227 189 65 0
0.634203 -0.331018 0.255092 189 65 0
0.634895 -0.326227 0.253954 189 65 0
0.635632 -0.321416 0.252944 189 65 0
0.636551 -0.316637 0.251924 189 65 0
0.637382 -0.308381 0.249727 189 65 0
0.637568 -0.303537 0.248962 189 65 0
0.637892 -0.298702 0.248194 189 65 0
0.638266 -0.293872 0.247413 189 65 0
0.638631 -0.289024 0.246744 189 65 0
0.639014 -0.284175 0.246094 189 65 0
0.639408 -0.279331 0.245414 189 65 0
0.639901 -0.27449 0.244775 189 65 0
0.64038 -0.269647 0.244141 189 65 0
0.640895 -0.26481 0.243494 189 65 0
0.64142 -0.259976 0.24283 189 65 0
0.641859 -0.25513 0.242202 189 65 0
0.643548 -0.232337 0.238652 189 65 0
0.648052 -0.233877 0.240776 189 65 0
0.652388 -0.23551 0.24312 189 65 0
0.655921 -0.238635 0.245543 189 65 0
0.657051 -0.244174 0.246916 189 65 0
0.656744 -0.250066 0.24779 189 65 0
0.655515 -0.255713 0.248057 189 65 0
0.651935 -0.259428 0.247166 189 65 0
0.64762 -0.26235 0.245446 189 65 0
0.642958 -0.259737 0.242976 189 65 0
0.63839 -0.257009 0.240186 189 65 0
0.636442 -0.251921 0.238544 189 65 0
0.63704 -0.245975 0.237933 189 65 0
0.638967 -0.240622 0.23809 189 65 0
0.642457 -0.235863 0.239147 189 65 0
0.647452 -0.234816 0.241206 189 65 0
0.652391 -0.232633 0.243407 189 65 0
0.657297 -0.235018 0.245926 189 65 0
0.66209 -0.237243 0.248538 189 65 0
0.664641 -0.2424 0.250221 189 65 0
0.666274 -0.247838 0.251538 189 65 0
0.666478 -0.253793 0.252299 189 65 0
0.662569 -0.257891 0.250924 189 65 0
0.658237 -0.261627 0.249149 189 65 0
0.653058 -0.262439 0.246718 189 65 0
0.648925 -0.259008 0.244483 189 65 0
0.646005 -0.254137 0.242528 189 65 0
0.644544 -0.248599 0.241122 189 65 0
0.646821 -0.243068 0.241603 189 65 0
0.649458 -0.238102 0.242196 189 65 0
0.654639 -0.235695 0.244007 189 65 0
0.660208 -0.23517 0.245948 189 65 0
0.665648 -0.234601 0.248421 189 65 0
0.670116 -0.237959 0.250564 189 65 0
0.674245 -0.241551 0.252913 189 65 0
0.675962 -0.247031 0.254192 189 65 0
0.674416 -0.252737 0.254052 189 65 0
0.673207 -0.258497 0.254293 189 65 0
0.66829 -0.2614 0.252658 189 65 0
0.662687 -0.262012 0.250968 189 65 0
0.657859 -0.25944 0.248955 189 65 0
0.654577 -0.25526 0.247107 189 65 0
0.653259 -0.24998 0.245792 189 65 0
0.655018 -0.244766 0.245717 189 65 0
0.65755 -0.239691 0.245654 189 65 0
0.661736 -0.236823 0.246785 189 65 0
0.66605 -0.234589 0.247719 189 65 0
0.671113 -0.23401 0.249233 189 65 0
0.674805 -0.236218 0.249782 189 65 0
0.678157 -0.238561 0.251345 189 65 0
0.680899 -0.242647 0.252979 189 65 0
0.683114 -0.24683 0.254844 189 65 0
0.68269 -0.252701 0.255987 189 65 0
0.680301 -0.257845 0.256185 189 65 0
0.677685 -0.262792 0.256438 189 65 0
0.673062 -0.266423 0.255358 189 65 0
0.668181 -0.268517 0.254008 189 65 0
0.662688 -0.267641 0.252037 189 65 0
0.658629 -0.263732 0.250215 189 65 0
0.655337 -0.259926 0.248099 189 65 0
0.654585 -0.254245 0.246729 189 65 0
0.657232 -0.249174 0.247112 189 65 0
0.661559 -0.245577 0.248249 189 65 0
0.667104 -0.244931 0.250134 189 65 0
0.672674 -0.245257 0.25235 189 65 0
0.677177 -0.248302 0.254694 189 65 0
0.680068 -0.25315 0.256574 189 65 0
0.681139 -0.258933 0.25771 189 65 0
0.680505 -0.264884 0.258227 189 65 0
0.678197 -0.270351 0.258073 189 65 0
0.674965 -0.275255 0.257544 189 65 0
0.669955 -0.278103 0.256154 189 65 0
0.664443 -0.278135 0.253778 189 65 0
0.659644 -0.276789 0.251527 189 65 0
0.655908 -0.272498 0.249573 189 65 0
0.654917 -0.267225 0.248688 189 65 0
0.655273 -0.261451 0.248243 189 65 0
0.659336 -0.25751 0.249553 189 65 0
0.663939 -0.25414 0.251435 189 65 0
0.669251 -0.25517 0.253806 189 65 0
0.674211 -0.257432 0.256325 189 65 0
0.676726 -0.262079 0.257712 189 65 0
0.679487 -0.267006 0.259531 189 65 0
0.679342 -0.272987 0.260149 189 65 0
0.678621 -0.278782 0.260412 189 65 0
0.675298 -0.283447 0.259465 189 65 0
0.670356 -0.286434 0.257776 190 64 0
0.665241 -0.288666 0.2556 190 64 0
0.659949 -0.287427 0.253239 190 64 0
0.655575 -0.284046 0.250965 190 64 0
0.653992 -0.278472 0.249913 190 64 0
0.654771 -0.27264 0.249889 190 64 0
0.658178 -0.267943 0.25084 190 64 0
0.663311 -0.265597 0.252927 190 64 0
0.668273 -0.266108 0.255132 190 64 0
0.672768 -0.269309 0.257525 190 64 0
0.677143 -0.272435 0.260106 190 64 0
0.678881 -0.277916 0.261537 190 64 0
0.678682 -0.283878 0.262269 190 64 0
0.67715 -0.2895 0.262285 190 64 0
0.67413 -0.294652 0.261651 190 64 0
0.669648 -0.298149 0.259955 190 64 0
0.664123 -0.298434 0.257603 190 64 0
0.658865 -0.297148 0.255276 190 64 0
0.655072 -0.293042 0.253302 190 64 0
0.652948 -0.287689 0.251731 190 64 0
0.653217 -0.281809 0.251123 190 64 0
0.656898 -0.27724 0.252101 190 64 0
0.662062 -0.276154 0.254182 190 64 0
0.667512 -0.276465 0.256716 190 64 0
0.672249 -0.278741 0.25906 190 64 0
0.675399 -0.283213 0.260923 190 64 0
0.678158 -0.288104 0.26292 190 64 0
0.677872 -0.293891 0.263704 190 64 0
0.676554 -0.299711 0.263969 190 64 0
0.672998 -0.304041 0.263185 190 64 0
0.668087 -0.307164 0.261685 190 64 0
0.662682 -0.308262 0.259785 190 64 0
0.657244 -0.30781 0.257343 190 64 0
0.653254 -0.304058 0.25531 190 64 0
0.651598 -0.298595 0.253852 190 64 0
0.652001 -0.292942 0.253041 190 64 0
0.655766 -0.288754 0.254137 190 64 0
0.660591 -0.286105 0.255692 190 64 0
0.666194 -0.286489 0.257819 190 64 0
0.670665 -0.288879 0.259731 190 64 0
0.674896 -0.292068 0.262078 190 64 0
0.677512 -0.297144 0.26396 190 64 0
0.67699 -0.303045 0.264932 190 64 0
0.676204 -0.308956 0.265649 190 64 0
0.672887 -0.313581 0.265512 190 64 0
0.668085 -0.316614 0.26444 190 64 0
0.662799 -0.318839 0.26308 190 64 0
0.657128 -0.31855 0.261118 190 64 0
0.652863 -0.315521 0.258824 190 64 0
0.650517 -0.310763 0.256694 190 64 0
0.649753 -0.305312 0.255272 190 64 0
0.651783 -0.300558 0.255379 190 64 0
0.655559 -0.298831 0.256473 190 64 0
0.658962 -0.295948 0.257511 190 64 0
0.664082 -0.296216 0.259074 190 64 0
0.668215 -0.297638 0.260425 190 64 0
0.671561 -0.300653 0.261853 190 64 0
0.674555 -0.303169 0.263621 190 64 0
0.676349 -0.308057 0.265261 190 64 0
0.676587 -0.31313 0.266814 190 64 0
0.675005 -0.318639 0.267513 190 64 0
0.671995 -0.323298 0.267311 190 64 0
0.668177 -0.327065 0.266724 190 64 0
0.663109 -0.328908 0.265011 190 64 0
0.657771 -0.328714 0.262952 190 64 0
0.653141 -0.325997 0.260667 190 64 0
0.649604 -0.321698 0.258385 190 64 0
0.648875 -0.316241 0.257255 190 64 0
0.65073 -0.31063 0.257071 190 64 0
0.655484 -0.30785 0.258503 190 64 0
0.660676 -0.30669 0.260516 190 64 0
0.66617 -0.307125 0.262865 190 64 0
0.670374 -0.310712 0.265209 190 64 0
0.67345 -0.315359 0.267404 190 64 0
0.674846 -0.320889 0.268911 190 64 0
0.674653 -0.326794 0.269913 190 64 0
0.671663 -0.33198 0.269424 190 64 0
0.667694 -0.336298 0.268409 190 64 0
0.662612 -0.338938 0.266636 190 64 0
0.657186 -0.340177 0.264404 190 64 0
0.652357 -0.337722 0.262141 190 64 0
0.648348 -0.333865 0.259917 190 64 0
0.647329 -0.328394 0.258885 190 64 0
0.648308 -0.322563 0.258538 190 64 0
0.652767 -0.318878 0.260085 190 64 0
0.6579 -0.316791 0.262119 190 64 0
0.663215 -0.317147 0.2647 190 64 0
0.667267 -0.320865 0.266915 190 64 0
0.67082 -0.324596 0.269519 190 64 0
0.672444 -0.330113 0.271236 190 64 0
0.67135 -0.335559 0.271829 190 64 0
0.668878 -0.341046 0.271713 190 64 0
0.666157 -0.346226 0.271169 190 64 0
0.661012 -0.348634 0.269253 190 64 0
0.655634 -0.350365 0.267183 190 64 0
0.650943 -0.347557 0.264817 190 64 0
0.647158 -0.344039 0.262535 190 64 0
0.645083 -0.338714 0.260653 190 64 0
0.646632 -0.333101 0.260201 190 64 0
0.650314 -0.328802 0.26105 190 64 0
0.655364 -0.326262 0.262947 190 64 0
0.660642 -0.327164 0.265602 190 64 0
0.665372 -0.329469 0.268432 190 64 0
0.668373 -0.333843 0.270924 190 64 0
0.670265 -0.338908 0.27335 191 63 0
0.669451 -0.344832 0.274059 191 63 0
0.667496 -0.350491 0.274643 191 63 0
0.66435 -0.355224 0.274328 191 63 0
0.659527 -0.358454 0.272768 191 63 0
0.654431 -0.360471 0.270772 191 63 0
0.649482 -0.358512 0.268524 191 63 0
0.645515 -0.354925 0.266062 191 63 0
0.643252 -0.349766 0.263947 191 63 0
0.644036 -0.344104 0.26298 191 63 0
0.647346 -0.33933 0.263414 191 63 0
0.652489 -0.336976 0.265172 191 63 0
0.657962 -0.336861 0.267557 191 63 0
0.662299 -0.338927 0.270192 191 63 0
0.665691 -0.343081 0.272848 191 63 0
0.667532 -0.347998 0.275082 191 63 0
0.667991 -0.353762 0.276764 191 63 0
0.666983 -0.359382 0.277955 191 63 0
0.663503 -0.364233 0.277171 191 63 0
0.658737 -0.367638 0.276328 191 63 0
0.653453 -0.369775 0.274417 191 63 0
0.648471 -0.368784 0.272345 191 63 0
0.643972 -0.365644 0.269907 191 63 0
0.641167 -0.361149 0.267586 191 63 0
0.6413 -0.355353 0.266357 191 63 0
0.64385 -0.350788 0.266275 191 63 0
0.648479 -0.347342 0.267879 191 63 0
0.653871 -0.346479 0.270113 191 63 0
0.658812 -0.348435 0.272728 191 63 0
0.662897 -0.351705 0.275476 191 63 0
0.66549 -0.356611 0.277811 191 63 0
0.666375 -0.362349 0.279276 191 63 0
0.664844 -0.368093 0.279839 191 63 0
0.662124 -0.373458 0.279807 191 63 0
0.657268 -0.376342 0.278454 191 63 0
0.652553 -0.379792 0.277148 191 63 0
0.647235 -0.380053 0.274763 191 63 0
0.642684 -0.376893 0.272413 191 63 0
0.639476 -0.372799 0.270314 191 63 0
0.637852 -0.367784 0.268613 191 63 0
0.639835 -0.362448 0.268698 191 63 0
0.644486 -0.35899 0.270276 191 63 0
0.649298 -0.356419 0.272102 191 63 0
0.654567 -0.356539 0.274501 191 63 0
0.659038 -0.359654 0.276853 191 63 0
0.662304 -0.363812 0.278993 191 63 0
0.663782 -0.369445 0.280361 191 63 0
0.664434 -0.374755 0.281615 191 63 0
0.662169 -0.379983 0.281133 191 63 0
0.658726 -0.384727 0.280175 191 63 0
0.654469 -0.388601 0.278514 191 63 0
0.649547 -0.390337 0.276255 191 63 0
0.644889 -0.388657 0.274151 191 63 0
0.640385 -0.386335 0.271835 191 63 0
0.638261 -0.382115 0.270745 191 63 0
0.637004 -0.376656 0.269936 191 63 0
0.639151 -0.371955 0.270877 191 63 0
0.641858 -0.36895 0.271779 191 63 0
0.644765 -0.366735 0.272855 191 63 0
0.649789 -0.366273 0.274838 191 63 0
0.654621 -0.367249 0.277056 191 63 0
0.658692 -0.369863 0.279375 191 63 0
0.662074 -0.374303 0.281406 191 63 0
0.661882 -0.380244 0.281555 191 63 0
0.661789 -0.386302 0.28184 191 63 0
0.658384 -0.39096 0.280274 191 63 0
0.653607 -0.39383 0.277958 191 63 0
0.64837 -0.394306 0.275313 191 63 0
0.643418 -0.39193 0.272871 191 63 0
0.639768 -0.387996 0.271009 191 63 0
0.637217 -0.382679 0.269657 191 63 0
0.638039 -0.376847 0.270006 191 63 0
0.640498 -0.371429 0.27118 191 63 0
0.644909 -0.368295 0.27325 191 63 0
0.649626 -0.366273 0.27512 191 63 0
0.653729 -0.366316 0.276405 191 63 0
0.658208 -0.368106 0.278441 191 63 0
0.661297 -0.371898 0.280111 191 63 0
0.662583 -0.376099 0.281031 191 63 0
0.66259 -0.379939 0.28137 191 63 0
0.660595 -0.384802 0.28096 191 63 0
0.657171 -0.388045 0.279751 191 63 0
0.652385 -0.389821 0.277788 191 63 0
0.647277 -0.390179 0.275363 191 63 0
0.643922 -0.387627 0.273762 191 63 0
0.640342 -0.384879 0.271898 191 63 0
0.63808 -0.379795 0.270498 191 63 0
0.637202 -0.374359 0.269601 191 63 0
0.637883 -0.368554 0.269014 191 63 0
0.640747 -0.363852 0.269446 191 63 0
0.644641 -0.35938 0.270304 191 63 0
0.649277 -0.356409 0.271697 191 63 0
0.654814 -0.355984 0.273843 191 63 0
0.659615 -0.357938 0.276202 191 63 0
0.663391 -0.361362 0.278739 191 63 0
0.664246 -0.366803 0.280041 191 63 0
0.663382 -0.372123 0.280885 191 63 0
0.659312 -0.376428 0.280005 191 63 0
0.654439 -0.378717 0.278352 191 63 0
0.649923 -0.380321 0.276399 191 63 0
0.645371 -0.377357 0.274003 191 63 0
0.641591 -0.373603 0.271457 191 63 0
0.639563 -0.368408 0.269477 191 63 0
0.638121 -0.363338 0.267351 192 62 0
0.640744 -0.35872 0.26722 192 62 0
0.642683 -0.353587 0.266777 192 62 0
0.646886 -0.349453 0.267234 192 62 0
0.651457 -0.346348 0.268359 192 62 0
0.656971 -0.34619 0.270501 192 62 0
0.661904 -0.347432 0.273082 192 62 0
0.665199 -0.351794 0.275468 192 62 0
0.665995 -0.357182 0.277531 192 62 0
0.664847 -0.362957 0.278638 192 62 0
0.661333 -0.367567 0.278209 192 62 0
0.65607 -0.369239 0.276785 192 62 0
0.651281 -0.369333 0.274572 192 62 0
0.646631 -0.367465 0.271795 192 62 0
0.643197 -0.363492 0.269046 192 62 0
0.641327 -0.358378 0.266573 192 62 0
0.641748 -0.352657 0.264931 192 62 0
0.642858 -0.346948 0.263494 192 62 0
0.645733 -0.341751 0.263534 192 62 0
0.650243 -0.337897 0.264254 192 62 0
0.655453 -0.336744 0.265733 192 62 0
0.660945 -0.336984 0.2681 192 62 0
0.665705 -0.338857 0.2709 192 62 0
0.668584 -0.343411 0.273489 192 62 0
0.668066 -0.348825 0.274689 192 62 0
0.665894 -0.354179 0.27522 192 62 0
0.662253 -0.358221 0.274473 192 62 0
0.656764 -0.358818 0.272422 192 62 0
0.651382 -0.358515 0.269814 192 62 0
0.646999 -0.355672 0.266972 192 62 0
0.643916 -0.351279 0.264461 192 62 0
0.642685 -0.345844 0.262415 192 62 0
0.644559 -0.34038 0.261811 192 62 0
0.645602 -0.334576 0.260936 192 62 0
0.649384 -0.329983 0.261178 192 62 0
0.654097 -0.326693 0.26251 192 62 0
0.659427 -0.325172 0.26471 192 62 0
0.664415 -0.327037 0.267074 192 62 0
0.66825 -0.330936 0.269446 192 62 0
0.670989 -0.33545 0.271858 192 62 0
0.6695 -0.341055 0.272108 192 62 0
0.66644 -0.346162 0.271511 192 62 0
0.661923 -0.34903 0.26983 192 62 0
0.656632 -0.348527 0.267274 192 62 0
0.651602 -0.346887 0.264676 192 62 0
0.647718 -0.343169 0.262306 192 62 0
0.646066 -0.337683 0.260734 192 62 0
0.645041 -0.331954 0.259314 192 62 0
0.646997 -0.326777 0.259355 192 62 0
0.650449 -0.321937 0.25981 192 62 0
0.653856 -0.317702 0.260581 192 62 0
0.659269 -0.316644 0.262831 192 62 0
0.66468 -0.316043 0.265332 192 62 0
0.669082 -0.319094 0.2677 192 62 0
0.671266 -0.324442 0.26917 192 62 0
0.671631 -0.329847 0.269967 192 62 0
0.668424 -0.334748 0.268737 192 62 0
0.664213 -0.338361 0.267034 192 62 0
0.65904 -0.339133 0.264776 192 62 0
0.654034 -0.336999 0.262273 192 62 0
0.650465 -0.332845 0.2602 192 62 0
0.648064 -0.32769 0.258375 192 62 0
0.646418 -0.322191 0.25678 192 62 0
0.647642 -0.316562 0.256416 192 62 0
0.651357 -0.312114 0.257612 192 62 0
0.655491 -0.308049 0.259059 192 62 0
0.660298 -0.305448 0.260993 192 62 0
0.66571 -0.304771 0.263434 192 62 0
0.66908 -0.30923 0.265003 192 62 0
0.672457 -0.313161 0.266993 192 62 0
0.67281 -0.319049 0.267597 192 62 0
0.671423 -0.32438 0.267732 192 62 0
0.667253 -0.328387 0.266209 192 62 0
0.661829 -0.328232 0.263704 192 62 0
0.656726 -0.327742 0.26106 192 62 0
0.652491 -0.324377 0.258653 192 62 0
0.649749 -0.319441 0.256834 192 62 0
0.647807 -0.314036 0.255139 192 62 0
0.648281 -0.308136 0.254593 192 62 0
0.650192 -0.302478 0.254842 192 62 0
0.654428 -0.298491 0.256244 192 62 0
0.659317 -0.295501 0.257928 192 62 0
0.664707 -0.294778 0.260085 192 62 0
0.669817 -0.296396 0.262643 192 62 0
0.673048 -0.300868 0.264549 192 62 0
0.674493 -0.306331 0.265847 192 62 0
0.673466 -0.312213 0.266148 192 62 0
0.669888 -0.316834 0.265114 192 62 0
0.664977 -0.318771 0.26301 192 62 0
0.659563 -0.318612 0.260479 192 62 0
0.65462 -0.316534 0.257921 192 62 0
0.651415 -0.311937 0.255931 192 62 0
0.649313 -0.30663 0.254191 192 62 0
0.649198 -0.30081 0.25326 192 62 0
0.650904 -0.295152 0.253142 192 62 0
0.654868 -0.290935 0.254255 192 62 0
0.658502 -0.28675 0.255073 192 62 0
0.663838 -0.285676 0.257304 192 62 0
0.668775 -0.285249 0.259453 192 62 0
0.67317 -0.288473 0.261672 192 62 0
0.675894 -0.293284 0.263453 192 62 0
0.675797 -0.29923 0.264132 192 62 0
0.673504 -0.304612 0.263722 192 62 0
0.668554 -0.307493 0.262006 192 62 0
0.663281 -0.308281 0.259848 193 61 0
0.658395 -0.306585 0.257447 193 61 0
0.653988 -0.303479 0.254925 193 61 0
0.651648 -0.298589 0.25328 193 61 0
0.650359 -0.292923 0.251834 193 61 0
0.651415 -0.287108 0.251385 193 61 0
0.654491 -0.282182 0.251941 193 61 0
0.658558 -0.277986 0.253214 193 61 0
0.663274 -0.275038 0.254868 193 61 0
0.668714 -0.27533 0.257021 193 61 0
0.673679 -0.277614 0.259434 193 61 0
0.676393 -0.28242 0.260973 193 61 0
0.677082 -0.287062 0.262068 193 61 0
0.67606 -0.292672 0.262418 193 61 0
0.67219 -0.297087 0.261318 193 61 0
0.667178 -0.297897 0.259206 193 61 0
0.661937 -0.297671 0.256812 193 61 0
0.657229 -0.294913 0.254395 193 61 0
0.653818 -0.290702 0.252441 193 61 0
0.652798 -0.284994 0.251374 193 61 0
0.653543 -0.279099 0.2507 193 61 0
0.654343 -0.273295 0.250018 193 61 0
0.658038 -0.268944 0.250867 193 61 0
0.662371 -0.265154 0.252479 193 61 0
0.667623 -0.263889 0.254654 193 61 0
0.67276 -0.265498 0.256897 193 61 0
0.676377 -0.26971 0.258619 193 61 0
0.678811 -0.274916 0.260224 193 61 0
0.678162 -0.280419 0.260508 193 61 0
0.675268 -0.285118 0.259979 193 61 0
0.670381 -0.287891 0.25835 193 61 0
0.665026 -0.288668 0.255981 193 61 0
0.66038 -0.285933 0.253751 193 61 0
0.655888 -0.28283 0.251334 193 61 0
0.654044 -0.277498 0.250164 193 61 0
0.653906 -0.271573 0.249439 193 61 0
0.655104 -0.265768 0.249239 193 61 0
0.658051 -0.26066 0.249686 193 61 0
0.661828 -0.256856 0.250537 193 61 0
0.66672 -0.254275 0.252145 193 61 0
0.672266 -0.254616 0.254383 193 61 0
0.676987 -0.257353 0.256502 193 61 0
0.679814 -0.26236 0.258017 193 61 0
0.679928 -0.268052 0.258681 193 61 0
0.678159 -0.273537 0.258868 193 61 0
0.673786 -0.277389 0.257616 193 61 0
0.668487 -0.278037 0.255769 193 61 0
0.663119 -0.2771 0.253522 193 61 0
0.65851 -0.274111 0.251253 193 61 0
0.65562 -0.269214 0.249625 193 61 0
0.653566 -0.263816 0.248145 193 61 0
0.654486 -0.258125 0.247897 193 61 0
0.656593 -0.252897 0.247768 193 61 0
0.660655 -0.249017 0.248544 193 61 0
0.664901 -0.244892 0.249274 193 61 0
0.670457 -0.244454 0.251072 193 61 0
0.675516 -0.245329 0.252661 193 61 0
0.679458 -0.248571 0.254294 193 61 0
0.681239 -0.253688 0.255542 193 61 0
0.681594 -0.258827 0.256977 193 61 0
0.679282 -0.264168 0.257055 193 61 0
0.674825 -0.266785 0.256538 193 61 0
0.669831 -0.268616 0.254813 193 61 0
0.664861 -0.266883 0.253122 193 61 0
0.660505 -0.264578 0.251222 193 61 0
0.657313 -0.26155 0.249595 193 61 0
0.655816 -0.257003 0.248534 193 61 0
0.655305 -0.253553 0.247891 193 61 0
0.654872 -0.248475 0.246568 193 61 0
0.657024 -0.243576 0.246327 193 61 0
0.659896 -0.239955 0.246702 193 61 0
0.662743 -0.237332 0.247039 193 61 0
0.666314 -0.234595 0.247538 193 61 0
0.671197 -0.23401 0.249089 193 61 0
0.668599 -0.235497 0.248311 193 61 0
0.663991 -0.23776 0.247254 193 61 0
0.659345 -0.239882 0.246078 193 61 0
0.654651 -0.241793 0.244749 193 61 0
0.649961 -0.24365 0.243322 193 61 0
0.64527 -0.24542 0.241798 193 61 0
0.644954 -0.245274 0.242735 193 61 0
0.585246 -0.247509 0.217447 193 61 0
0.585717 -0.24761 0.21657 193 61 0
0.585717 -0.24761 0.21657 193 61 0
0.584934 -0.25529 0.217778 193 61 0
0.584971 -0.260331 0.218689 193 61 0
0.58475 -0.265383 0.219516 193 61 0
0.584599 -0.270448 0.220272 193 61 0
0.584574 -0.275527 0.220941 193 61 0
0.584453 -0.280619 0.221472 193 61 0
0.584173 -0.285716 0.221909 193 61 0
0.583921 -0.290818 0.22231 193 61 0
0.58373 -0.295929 0.22262 193 61 0
0.583552 -0.301041 0.222894 193 61 0
0.581845 -0.310816 0.223747 193 61 0
0.580919 -0.315822 0.22426 193 61 0
0.579983 -0.320841 0.224727 193 61 0
0.579146 -0.325871 0.22525 193 61 0
0.578031 -0.330853 0.225724 193 61 0
0.577105 -0.335853 0.22637 193 61 0
0.576196 -0.340858 0.227003 193 61 0
0.575125 -0.34585 0.227463 193 61 0
0.573998 -0.350829 0.227938 193 61 0
0.57311 -0.355842 0.228533 194 60 0
0.572226 -0.36086 0.229103 194 60 0
0.571109 -0.365833 0.229639 194 60 0
0.57022 -0.370843 0.230224 194 60 0
0.571437 -0.363065 0.229474 194 60 0
0.572708 -0.358487 0.229052 194 60 0
0.573687 -0.35385 0.228469 194 60 0
0.574696 -0.349215 0.22793 194 60 0
0.575844 -0.344603 0.227483 194 60 0
0.576754 -0.339943 0.226973 194 60 0
0.577681 -0.335279 0.226539 194 60 0
0.578604 -0.330622 0.226031 194 60 0
0.579533 -0.325966 0.22552 194 60 0
0.580509 -0.321312 0.225097 194 60 0
0.581421 -0.316646 0.224755 194 60 0
0.581918 -0.308617 0.223236 194 60 0
0.582327 -0.303773 0.222817 194 60 0
0.5825 -0.298904 0.222438 194 60 0
0.582728 -0.29404 0.222021 194 60 0
0.582845 -0.289168 0.22164 194 60 0
0.582995 -0.2843 0.221221 194 60 0
0.583163 -0.279437 0.220748 194 60 0
0.58335 -0.274577 0.220264 194 60 0
0.583428 -0.269731 0.21963 194 60 0
0.583743 -0.264898 0.218987 194 60 0
0.583888 -0.260089 0.218175 194 60 0
0.584374 -0.255271 0.217514 194 60 0
0.585228 -0.232458 0.215797 194 60 0
0.58876 -0.23445 0.217687 194 60 0
0.592288 -0.236466 0.219553 194 60 0
0.595646 -0.240625 0.221712 194 60 0
0.596779 -0.246018 0.222819 194 60 0
0.594872 -0.251438 0.222513 194 60 0
0.591751 -0.256362 0.22137 194 60 0
0.587735 -0.26035 0.21963 194 60 0
0.583122 -0.262923 0.217064 194 60 0
0.578318 -0.261329 0.214142 194 60 0
0.573548 -0.260264 0.211056 194 60 0
0.569915 -0.256126 0.208572 194 60 0
0.567575 -0.251051 0.206631 194 60 0
0.567739 -0.24505 0.206161 194 60 0
0.568986 -0.239212 0.206455 194 60 0
0.573075 -0.235759 0.208571 194 60 0
0.577706 -0.232969 0.211225 194 60 0
0.582108 -0.235009 0.214027 194 60 0
0.585962 -0.238251 0.216739 194 60 0
0.587956 -0.243673 0.218449 194 60 0
0.587756 -0.249594 0.218795 194 60 0
0.586047 -0.255297 0.217995 194 60 0
0.582355 -0.259234 0.215965 194 60 0
0.577543 -0.261659 0.213241 194 60 0
0.572553 -0.263003 0.210384 194 60 0
0.567968 -0.260862 0.207714 194 60 0
0.563891 -0.257212 0.205153 194 60 0
0.560224 -0.253572 0.202602 194 60 0
0.559296 -0.2477 0.201639 194 60 0
0.560414 -0.241875 0.201731 194 60 0
0.562582 -0.236407 0.202701 194 60 0
0.567648 -0.234906 0.20553 194 60 0
0.572872 -0.234898 0.208564 194 60 0
0.577369 -0.237433 0.21152 194 60 0
0.579949 -0.242423 0.213399 194 60 0
0.57988 -0.248412 0.213823 194 60 0
0.57864 -0.254231 0.213429 194 60 0
0.575101 -0.258639 0.211609 194 60 0
0.57042 -0.261193 0.209109 194 60 0
0.565475 -0.263137 0.206457 194 60 0
0.560753 -0.260656 0.203706 194 60 0
0.556155 -0.259197 0.200806 194 60 0
0.553307 -0.254245 0.198845 194 60 0
0.552198 -0.248636 0.197913 194 60 0
0.552411 -0.242622 0.19767 194 60 0
0.554678 -0.237934 0.198566 194 60 0
0.557514 -0.235006 0.199826 194 60 0
0.562566 -0.234885 0.202284 194 60 0
0.567459 -0.235624 0.204837 194 60 0
0.570883 -0.238097 0.206901 194 60 0
0.573094 -0.242314 0.208496 194 60 0
0.574199 -0.247678 0.209799 194 60 0
0.57428 -0.253415 0.210745 194 60 0
0.572294 -0.258744 0.210399 194 60 0
0.569537 -0.263604 0.20932 194 60 0
0.564903 -0.266298 0.206841 194 60 0
0.560556 -0.268684 0.204335 194 60 0
0.555654 -0.267436 0.201348 194 60 0
0.551511 -0.264638 0.19868 194 60 0
0.549537 -0.259667 0.197191 194 60 0
0.547956 -0.254345 0.195928 194 60 0
0.550154 -0.249049 0.196709 194 60 0
0.554381 -0.245576 0.198822 194 60 0
0.559064 -0.244456 0.201284 194 60 0
0.56417 -0.244501 0.204367 194 60 0
0.568264 -0.247545 0.207105 194 60 0
0.570708 -0.252545 0.209186 194 60 0
0.572428 -0.257944 0.210717 194 60 0
0.572137 -0.263888 0.211166 194 60 0
0.569564 -0.268744 0.210319 194 60 0
0.566247 -0.273372 0.208869 194 60 0
0.562216 -0.277154 0.206764 194 60 0
0.557298 -0.278773 0.203844 194 60 0
0.55257 -0.277707 0.200832 194 60 0
0.549034 -0.273643 0.198357 194 60 0
0.547295 -0.268233 0.196916 194 60 0
0.547642 -0.262343 0.196541 194 60 0
0.55115 -0.25784 0.198215 195 59 0
0.555219 -0.25455 0.200578 195 59 0
0.560232 -0.254695 0.203813 195 59 0
0.564905 -0.255874 0.206996 195 59 0
0.56741 -0.260484 0.209001 195 59 0
0.569472 -0.265822 0.210655 195 59 0
0.571321 -0.271114 0.212109 195 59 0
0.569321 -0.276671 0.211246 195 59 0
0.567857 -0.282049 0.210816 195 59 0
0.563661 -0.285525 0.208637 195 59 0
0.558816 -0.28764 0.205876 195 59 0
0.553831 -0.288321 0.202797 195 59 0
0.549643 -0.285697 0.199767 195 59 0
0.547121 -0.280752 0.197705 195 59 0
0.54604 -0.275259 0.196621 195 59 0
0.548016 -0.269801 0.197616 195 59 0
0.552133 -0.266656 0.200147 195 59 0
0.556841 -0.264876 0.203239 195 59 0
0.561787 -0.265289 0.206469 195 59 0
0.56576 -0.268259 0.209201 195 59 0
0.568392 -0.273209 0.211235 195 59 0
0.56885 -0.278951 0.211915 195 59 0
0.568723 -0.284911 0.212197 195 59 0
0.566724 -0.290362 0.21134 195 59 0
0.563117 -0.294672 0.209429 195 59 0
0.558907 -0.297883 0.206866 195 59 0
0.554097 -0.298574 0.203799 195 59 0
0.549743 -0.296051 0.200817 195 59 0
0.545935 -0.293115 0.198226 195 59 0
0.545258 -0.287329 0.197345 195 59 0
0.545577 -0.281454 0.197316 195 59 0
0.549012 -0.27746 0.199419 195 59 0
0.553198 -0.274245 0.202159 195 59 0
0.557922 -0.274639 0.205303 195 59 0
0.561941 -0.277769 0.208141 195 59 0
0.565584 -0.281319 0.210695 195 59 0
0.568398 -0.286124 0.212779 195 59 0
0.568189 -0.292084 0.213014 195 59 0
0.56753 -0.297812 0.212853 195 59 0
0.564577 -0.302721 0.211189 195 59 0
0.560733 -0.306137 0.208807 195 59 0
0.556181 -0.308442 0.205793 195 59 0
0.551223 -0.308713 0.202484 195 59 0
0.54719 -0.305962 0.199529 195 59 0
0.544976 -0.301597 0.197749 195 59 0
0.543123 -0.296243 0.196342 195 59 0
0.545227 -0.291514 0.19735 195 59 0
0.548328 -0.287735 0.199277 195 59 0
0.552092 -0.284537 0.201866 195 59 0
0.556815 -0.285412 0.20505 195 59 0
0.56086 -0.288227 0.208044 195 59 0
0.564396 -0.290999 0.210638 195 59 0
0.565933 -0.296384 0.212368 195 59 0
0.565593 -0.302317 0.212903 195 59 0
0.565325 -0.308269 0.213246 195 59 0
0.563243 -0.313604 0.21214 195 59 0
0.558888 -0.316244 0.209425 195 59 0
0.555168 -0.318665 0.206598 195 59 0
0.55046 -0.317993 0.203018 195 59 0
0.546286 -0.316914 0.199401 195 59 0
0.543342 -0.31327 0.196741 195 59 0
0.543511 -0.307466 0.196391 195 59 0
0.543853 -0.302143 0.196539 195 59 0
0.546554 -0.298652 0.198234 195 59 0
0.550543 -0.296262 0.200904 195 59 0
0.555007 -0.296017 0.204189 195 59 0
0.559031 -0.29655 0.207757 195 59 0
0.56111 -0.299754 0.209585 195 59 0
0.563775 -0.302437 0.211665 195 59 0
0.565339 -0.307005 0.213275 195 59 0
0.564741 -0.312875 0.214311 195 59 0
0.564226 -0.318737 0.214498 195 59 0
0.561553 -0.323637 0.213192 195 59 0
0.557867 -0.326325 0.210594 195 59 0
0.554654 -0.328653 0.20721 195 59 0
0.550264 -0.328449 0.203212 195 59 0
0.546174 -0.326972 0.199639 195 59 0
0.542988 -0.32276 0.196826 195 59 0
0.543065 -0.316863 0.196359 195 59 0
0.544755 -0.311236 0.197546 195 59 0
0.547927 -0.306839 0.199973 195 59 0
0.552549 -0.306332 0.203632 195 59 0
0.557075 -0.306792 0.207521 195 59 0
0.561174 -0.309112 0.21094 195 59 0
0.563269 -0.314154 0.213289 195 59 0
0.564378 -0.319702 0.214905 195 59 0
0.563948 -0.325659 0.215415 195 59 0
0.562298 -0.331345 0.214588 195 59 0
0.559707 -0.336269 0.212679 195 59 0
0.555491 -0.338931 0.209407 195 59 0
0.551113 -0.340298 0.205804 195 59 0
0.546634 -0.338777 0.202219 195 59 0
0.543282 -0.335219 0.198902 195 59 0
0.542099 -0.329996 0.197369 195 59 0
0.542512 -0.324025 0.197293 195 59 0
0.545258 -0.319667 0.199341 195 59 0
0.549222 -0.316666 0.202619 195 59 0
0.553791 -0.316153 0.206354 195 59 0
0.558 -0.317628 0.209909 195 59 0
0.561033 -0.321701 0.213077 195 59 0
0.563354 -0.326666 0.215447 195 59 0
0.563554 -0.33248 0.216408 195 59 0
0.562725 -0.338347 0.21631 195 59 0
0.559978 -0.343184 0.214548 195 59 0
0.557144 -0.347942 0.21236 196 58 0
0.552879 -0.3504 0.209171 196 58 0
0.548308 -0.350033 0.205434 196 58 0
0.544248 -0.347529 0.20204 196 58 0
0.541604 -0.342929 0.19933 196 58 0
0.541803 -0.337026 0.19862 196 58 0
0.543543 -0.33164 0.199447 196 58 0
0.547418 -0.328103 0.20222 196 58 0
0.551348 -0.326596 0.20556 196 58 0
0.555615 -0.328352 0.209261 196 58 0
0.559455 -0.330986 0.21301 196 58 0
0.562292 -0.335257 0.215936 196 58 0
0.562856 -0.340936 0.217397 196 58 0
0.561964 -0.34681 0.217535 196 58 0
0.560283 -0.352502 0.216742 196 58 0
0.556834 -0.356537 0.214505 196 58 0
0.553306 -0.360451 0.211837 196 58 0
0.548574 -0.360444 0.208161 196 58 0
0.544387 -0.359147 0.204577 196 58 0
0.540989 -0.355247 0.201563 196 58 0
0.540876 -0.349602 0.2006 196 58 0
0.54215 -0.344018 0.200965 196 58 0
0.545037 -0.339141 0.202885 196 58 0
0.549572 -0.33784 0.206252 196 58 0
0.553725 -0.33714 0.209859 196 58 0
0.557385 -0.340264 0.213434 196 58 0
0.560684 -0.344015 0.216717 196 58 0
0.562062 -0.349384 0.218755 196 58 0
0.561613 -0.355311 0.219437 196 58 0
0.560322 -0.360976 0.219042 196 58 0
0.557551 -0.365919 0.217303 196 58 0
0.553758 -0.369687 0.214612 196 58 0
0.549346 -0.370654 0.211245 196 58 0
0.545022 -0.369848 0.207441 196 58 0
0.541701 -0.366359 0.203875 196 58 0
0.540012 -0.361185 0.201911 196 58 0
0.540211 -0.35521 0.201538 196 58 0
0.542785 -0.350271 0.2032 196 58 0
0.547274 -0.348549 0.206597 196 58 0
0.551777 -0.348273 0.21052 196 58 0
0.555998 -0.34958 0.214436 196 58 0
0.558775 -0.353635 0.217544 196 58 0
0.561215 -0.35845 0.220142 196 58 0
0.561206 -0.364237 0.221163 196 58 0
0.559673 -0.370013 0.22077 196 58 0
0.55735 -0.375313 0.219458 196 58 0
0.554186 -0.379632 0.217157 196 58 0
0.550059 -0.382443 0.213851 196 58 0
0.545662 -0.381374 0.210094 196 58 0
0.542155 -0.378478 0.20656 196 58 0
0.539421 -0.374334 0.20366 196 58 0
0.539765 -0.368557 0.202701 196 58 0
0.541516 -0.363009 0.203486 196 58 0
0.544419 -0.358714 0.205972 196 58 0
0.54888 -0.358326 0.209929 196 58 0
0.553119 -0.358752 0.214116 196 58 0
0.557146 -0.36095 0.217836 196 58 0
0.558976 -0.365963 0.220351 196 58 0
0.560642 -0.371288 0.222361 196 58 0
0.560566 -0.377196 0.222754 196 58 0
0.558642 -0.382321 0.221529 196 58 0
0.555612 -0.386833 0.219052 196 58 0
0.552382 -0.390773 0.216243 196 58 0
0.548621 -0.392119 0.212666 196 58 0
0.544887 -0.390995 0.20875 196 58 0
0.541997 -0.388069 0.206051 196 58 0
0.538995 -0.384363 0.203197 196 58 0
0.539291 -0.378566 0.202811 196 58 0
0.540447 -0.374205 0.203551 196 58 0
0.543419 -0.370093 0.206095 196 58 0
0.546842 -0.368635 0.209615 196 58 0
0.549779 -0.368196 0.213463 196 58 0
0.553187 -0.369747 0.21728 196 58 0
0.557178 -0.371927 0.220329 196 58 0
0.559096 -0.377237 0.221583 196 58 0
0.56057 -0.382703 0.222276 196 58 0
0.559265 -0.388067 0.220988 196 58 0
0.556929 -0.392712 0.218821 196 58 0
0.552924 -0.395545 0.215661 196 58 0
0.548609 -0.396714 0.212057 196 58 0
0.543964 -0.396166 0.208578 196 58 0
0.540634 -0.392633 0.205742 196 58 0
0.538703 -0.387678 0.203883 196 58 0
0.538577 -0.381865 0.203458 196 58 0
0.539681 -0.376242 0.204086 196 58 0
0.542407 -0.371777 0.206132 196 58 0
0.546549 -0.369487 0.209295 196 58 0
0.550135 -0.368196 0.212846 196 58 0
0.553505 -0.368578 0.217132 196 58 0
0.556531 -0.370565 0.219777 196 58 0
0.558505 -0.37377 0.221562 196 58 0
0.560399 -0.377417 0.223493 196 58 0
0.56024 -0.383141 0.223722 196 58 0
0.558324 -0.386891 0.222187 196 58 0
0.555588 -0.390445 0.219283 196 58 0
0.552009 -0.391919 0.215799 196 58 0
0.548029 -0.392097 0.211879 196 58 0
0.544323 -0.388924 0.20858 196 58 0
0.541501 -0.385482 0.205489 196 58 0
0.540177 -0.380265 0.203682 196 58 0
0.539003 -0.374632 0.202237 196 58 0
0.540955 -0.369344 0.202979 196 58 0
0.542574 -0.364045 0.20414 196 58 0
0.546041 -0.360833 0.207096 197 57 0
0.549512 -0.35831 0.210794 197 57 0
0.553782 -0.357794 0.214788 197 57 0
0.557421 -0.35989 0.218631 197 57 0
0.560634 -0.363748 0.221706 197 57 0
0.561006 -0.368987 0.222554 197 57 0
0.560667 -0.374805 0.222656 197 57 0
0.556881 -0.378671 0.220163 197 57 0
0.552569 -0.380698 0.216757 197 57 0
0.548785 -0.38205 0.213239 197 57 0
0.545617 -0.378688 0.209572 197 57 0
0.542744 -0.37537 0.206393 197 57 0
0.540792 -0.370389 0.203771 197 57 0
0.539823 -0.365263 0.202078 197 57 0
0.54174 -0.359619 0.202364 197 57 0
0.544053 -0.354257 0.203739 197 57 0
0.547084 -0.349855 0.206347 197 57 0
0.551131 -0.347024 0.209768 197 57 0
0.554718 -0.348624 0.213146 197 57 0
0.558848 -0.349272 0.21715 197 57 0
0.561353 -0.353568 0.219979 197 57 0
0.562758 -0.35873 0.221856 197 57 0
0.561164 -0.36439 0.221351 197 57 0
0.557326 -0.36818 0.218816 197 57 0
0.553381 -0.37078 0.215332 197 57 0
0.548907 -0.370628 0.211348 197 57 0
0.54535 -0.368189 0.207407 197 57 0
0.542889 -0.363995 0.204206 197 57 0
0.541259 -0.358709 0.20193 197 57 0
0.540737 -0.353091 0.200797 197 57 0
0.542877 -0.347754 0.201393 197 57 0
0.54552 -0.342666 0.203136 197 57 0
0.548896 -0.338436 0.205663 197 57 0
0.553229 -0.336422 0.209121 197 57 0
0.557557 -0.337801 0.213046 197 57 0
0.561426 -0.340695 0.216561 197 57 0
0.563586 -0.345369 0.219445 197 57 0
0.563754 -0.351158 0.220416 197 57 0
0.561111 -0.356113 0.219037 197 57 0
0.55731 -0.359465 0.216068 197 57 0
0.552892 -0.360448 0.212236 197 57 0
0.548439 -0.359799 0.208361 197 57 0
0.545213 -0.356522 0.20507 197 57 0
0.543108 -0.351543 0.202478 197 57 0
0.543048 -0.345804 0.201296 197 57 0
0.543373 -0.339822 0.200777 197 57 0
0.545083 -0.334341 0.201496 197 57 0
0.548781 -0.330529 0.203929 197 57 0
0.552919 -0.327272 0.206832 197 57 0
0.557265 -0.327498 0.210579 197 57 0
0.561325 -0.328752 0.214473 197 57 0
0.563883 -0.333533 0.217054 197 57 0
0.564907 -0.339047 0.218557 197 57 0
0.564285 -0.344728 0.218505 197 57 0
0.560769 -0.348584 0.216008 197 57 0
0.556627 -0.350662 0.212735 197 57 0
0.551933 -0.350323 0.209075 197 57 0
0.548262 -0.347247 0.205499 197 57 0
0.544978 -0.343296 0.202397 197 57 0
0.543674 -0.337844 0.200732 197 57 0
0.543924 -0.331893 0.200093 197 57 0
0.544184 -0.326125 0.199919 197 57 0
0.547996 -0.322117 0.202247 197 57 0
0.552056 -0.319022 0.205207 197 57 0
0.556479 -0.316686 0.208543 197 57 0
0.560963 -0.317314 0.212313 197 57 0
0.564341 -0.320756 0.21533 197 57 0
0.565726 -0.326237 0.217087 197 57 0
0.56602 -0.33211 0.217602 197 57 0
0.563095 -0.336101 0.215665 197 57 0
0.559197 -0.339579 0.212765 197 57 0
0.554683 -0.340494 0.209016 197 57 0
0.550481 -0.338363 0.205506 197 57 0
0.546737 -0.334767 0.202484 197 57 0
0.545256 -0.329243 0.200909 197 57 0
0.543988 -0.323678 0.199333 197 57 0
0.544479 -0.317746 0.199155 197 57 0
0.547289 -0.312803 0.200559 197 57 0
0.551348 -0.309271 0.203126 197 57 0
0.555842 -0.307054 0.206441 197 57 0
0.560626 -0.306613 0.210014 197 57 0
0.564349 -0.309484 0.213253 197 57 0
0.566735 -0.314524 0.215482 197 57 0
0.566779 -0.320307 0.215767 197 57 0
0.564637 -0.325742 0.214363 197 57 0
0.560664 -0.329239 0.211591 197 57 0
0.556199 -0.329757 0.208518 197 57 0
0.551561 -0.328342 0.205107 197 57 0
0.547812 -0.325257 0.202064 197 57 0
0.545459 -0.320205 0.199899 197 57 0
0.544523 -0.31437 0.198799 197 57 0
0.544854 -0.308482 0.198588 197 57 0
0.547856 -0.303562 0.200257 197 57 0
0.551593 -0.299524 0.202662 197 57 0
0.556032 -0.296907 0.205641 197 57 0
0.560962 -0.296346 0.208968 197 57 0
0.565196 -0.298979 0.212182 197 57 0
0.567532 -0.302767 0.214247 197 57 0
0.569113 -0.308196 0.215616 197 57 0
0.566834 -0.313302 0.214416 197 57 0
0.563732 -0.317701 0.212348 197 57 0
0.559132 -0.320025 0.209264 197 57 0
0.554353 -0.318793 0.206034 197 57 0
0.54993 -0.316203 0.202912 197 57 0
0.546544 -0.312311 0.200362 198 56 0
0.545086 -0.306698 0.198888 198 56 0
0.54612 -0.30117 0.198866 198 56 0
0.546257 -0.295203 0.198726 198 56 0
0.550184 -0.291562 0.200959 198 56 0
0.554088 -0.287905 0.203487 198 56 0
0.558665 -0.285583 0.206578 198 56 0
0.563353 -0.286152 0.209761 198 56 0
0.566927 -0.290041 0.21231 198 56 0
0.569336 -0.295261 0.214071 198 56 0
0.569592 -0.300928 0.21449 198 56 0
0.566597 -0.305472 0.212724 198 56 0
0.561932 -0.307818 0.209744 198 56 0
0.556997 -0.308422 0.206441 198 56 0
0.552398 -0.30704 0.203214 198 56 0
0.548958 -0.302881 0.200712 198 56 0
0.546264 -0.298054 0.198683 198 56 0
0.546457 -0.292052 0.198388 198 56 0
0.54761 -0.286379 0.198825 198 56 0
0.550288 -0.281218 0.200354 198 56 0
0.553353 -0.27645 0.202335 198 56 0
0.558336 -0.276097 0.2056 198 56 0
0.563144 -0.276669 0.208831 198 56 0
0.567402 -0.279387 0.211907 198 56 0
0.570319 -0.284135 0.214103 198 56 0
0.56945 -0.289878 0.213894 198 56 0
0.568042 -0.2954 0.213133 198 56 0
0.563969 -0.298671 0.210553 198 56 0
0.558979 -0.29888 0.207209 198 56 0
0.554179 -0.29783 0.203904 198 56 0
0.550103 -0.294502 0.201028 198 56 0
0.547204 -0.289878 0.198793 198 56 0
0.546711 -0.284106 0.197822 198 56 0
0.547273 -0.278182 0.1977 198 56 0
0.549951 -0.272956 0.198898 198 56 0
0.553527 -0.268559 0.200853 198 56 0
0.557897 -0.265586 0.203605 198 56 0
0.562829 -0.264797 0.206804 198 56 0
0.567309 -0.267104 0.20994 198 56 0
0.57115 -0.270634 0.212809 198 56 0
0.570843 -0.276623 0.213244 198 56 0
0.569715 -0.282332 0.213059 198 56 0
0.566096 -0.286483 0.210983 198 56 0
0.561641 -0.288314 0.208197 198 56 0
0.556771 -0.287976 0.204873 198 56 0
0.552614 -0.28495 0.201769 198 56 0
0.549901 -0.280249 0.199416 198 56 0
0.547571 -0.275047 0.197572 198 56 0
0.548068 -0.269374 0.197307 198 56 0
0.549553 -0.263729 0.197727 198 56 0
0.552675 -0.259126 0.199045 198 56 0
0.557161 -0.256756 0.20133 198 56 0
0.561872 -0.254705 0.204092 198 56 0
0.566659 -0.255602 0.207228 198 56 0
0.570634 -0.259007 0.210155 198 56 0
0.57228 -0.264039 0.212062 198 56 0
0.571386 -0.269268 0.212347 198 56 0
0.569255 -0.27433 0.211569 198 56 0
0.564951 -0.277216 0.209204 198 56 0
0.560111 -0.278613 0.206132 198 56 0
0.555934 -0.276645 0.20315 198 56 0
0.552151 -0.273023 0.200349 198 56 0
0.549328 -0.268572 0.198121 198 56 0
0.548662 -0.262819 0.19723 198 56 0
0.54975 -0.25842 0.197399 198 56 0
0.549983 -0.252425 0.197019 198 56 0
0.554508 -0.249379 0.199132 198 56 0
0.558606 -0.245727 0.20092 198 56 0
0.563736 -0.244486 0.203446 198 56 0
0.568646 -0.245458 0.20626 198 56 0
0.571334 -0.248672 0.208276 198 56 0
0.573615 -0.253473 0.210342 198 56 0
0.573422 -0.259036 0.211238 198 56 0
0.570011 -0.263465 0.210072 198 56 0
0.566121 -0.266253 0.208028 198 56 0
0.562925 -0.268644 0.206025 198 56 0
0.558092 -0.267732 0.202833 198 56 0
0.554132 -0.264308 0.200218 198 56 0
0.551783 -0.260256 0.198663 198 56 0
0.549839 -0.256635 0.197329 198 56 0
0.549966 -0.250723 0.196961 198 56 0
0.5502 -0.244828 0.196593 198 56 0
0.552407 -0.241296 0.197486 198 56 0
0.553958 -0.237932 0.198187 198 56 0
0.557754 -0.236198 0.199924 198 56 0
0.562587 -0.234885 0.202248 198 56 0
0.564705 -0.235692 0.203374 198 56 0
0.568692 -0.237687 0.205659 198 56 0
0.572563 -0.239772 0.208056 198 56 0
0.576273 -0.242089 0.210495 198 56 0
0.579985 -0.244392 0.212945 198 56 0
0.583647 -0.246817 0.215342 198 56 0
0.583163 -0.246698 0.216209 198 56 0
0.641725 -0.246942 0.243144 198 56 0
0.642063 -0.247079 0.242213 198 56 0
0.641875 -0.254732 0.242159 198 56 0
0.641641 -0.259948 0.242904 198 56 0
0.641042 -0.265143 0.243612 198 56 0
0.640688 -0.270347 0.244383 198 56 0
0.640491 -0.275557 0.2452 198 56 0
0.640169 -0.280765 0.24598 198 56 0
0.639747 -0.285976 0.246698 198 56 0
0.639245 -0.291187 0.247355 198 56 0
0.638903 -0.296401 0.248059 198 56 0
0.638407 -0.3016 0.248656 199 55 0
0.637261 -0.309331 0.249858 199 55 0
0.636478 -0.314108 0.251144 199 55 0
0.635736 -0.318938 0.252239 199 55 0
0.635053 -0.323783 0.253307 199 55 0
0.634347 -0.328612 0.25443 199 55 0
0.633688 -0.333435 0.255608 199 55 0
0.632963 -0.338262 0.256728 199 55 0
0.632359 -0.3431 0.257874 199 55 0
0.631729 -0.347931 0.259036 199 55 0
0.631135 -0.352773 0.260169 199 55 0
0.630546 -0.357623 0.261271 199 55 0
0.630023 -0.362506 0.262249 199 55 0
0.629459 -0.367379 0.263255 199 55 0
0.628926 -0.372287 0.264089 199 55 0
0.629633 -0.364555 0.263172 199 55 0
0.630254 -0.359777 0.261945 199 55 0
0.630851 -0.355001 0.260701 199 55 0
0.631434 -0.35019 0.259588 199 55 0
0.632049 -0.345395 0.258427 199 55 0
0.632856 -0.340604 0.257369 199 55 0
0.633499 -0.335807 0.256227 199 55 0
0.634203 -0.331018 0.255092 199 55 0
0.634895 -0.326227 0.253954 199 55 0
0.635632 -0.321416 0.252944 199 55 0
0.636551 -0.316637 0.251924 199 55 0
0.637382 -0.308381 0.249727 199 55 0
0.637568 -0.303537 0.248962 199 55 0
0.637892 -0.298702 0.248194 199 55 0
0.638266 -0.293872 0.247413 199 55 0
0.638631 -0.289024 0.246744 199 55 0
0.639014 -0.284175 0.246094 199 55 0
0.639408 -0.279331 0.245414 199 55 0
0.639901 -0.27449 0.244775 199 55 0
0.64038 -0.269647 0.244141 199 55 0
0.640895 -0.26481 0.243494 199 55 0
0.64142 -0.259976 0.24283 199 55 0
0.641859 -0.25513 0.242202 199 55 0
0.643548 -0.232337 0.238652 199 55 0
0.648052 -0.233877 0.240776 199 55 0
0.652388 -0.23551 0.24312 199 55 0
0.655921 -0.238635 0.245543 199 55 0
0.657051 -0.244174 0.246916 199 55 0
0.656744 -0.250066 0.24779 199 55 0
0.655515 -0.255713 0.248057 199 55 0
0.651935 -0.259428 0.247166 199 55 0
0.64762 -0.26235 0.245446 199 55 0
0.642958 -0.259737 0.242976 199 55 0
0.63839 -0.257009 0.240186 199 55 0
0.636442 -0.251921 0.238544 199 55 0
0.63704 -0.245975 0.237933 199 55 0
0.638967 -0.240622 0.23809 199 55 0
0.642457 -0.235863 0.239147 199 55 0
0.647452 -0.234816 0.241206 199 55 0
0.652391 -0.232633 0.243407 199 55 0
0.657297 -0.235018 0.245926 199 55 0
0.66209 -0.237243 0.248538 199 55 0
0.664641 -0.2424 0.250221 199 55 0
0.666274 -0.247838 0.251538 199 55 0
0.666478 -0.253793 0.252299 199 55 0
0.662569 -0.257891 0.250924 199 55 0
0.658237 -0.261627 0.249149 199 55 0
0.653058 -0.262439 0.246718 199 55 0
0.648925 -0.259008 0.244483 199 55 0
0.646005 -0.254137 0.242528 199 55 0
0.644544 -0.248599 0.241122 199 55 0
0.646821 -0.243068 0.241603 199 55 0
0.649458 -0.238102 0.242196 199 55 0
0.654639 -0.235695 0.244007 199 55 0
0.660208 -0.23517 0.245948 199 55 0
0.665648 -0.234601 0.248421 199 55 0
0.670116 -0.237959 0.250564 199 55 0
0.674245 -0.241551 0.252913 199 55 0
0.675962 -0.247031 0.254192 199 55 0
0.674416 -0.252737 0.254052 199 55 0
0.673207 -0.258497 0.254293 199 55 0
0.66829 -0.2614 0.252658 199 55 0
0.662687 -0.262012 0.250968 199 55 0
0.657859 -0.25944 0.248955 199 55 0
0.654577 -0.25526 0.247107 199 55 0
0.653259 -0.24998 0.245792 199 55 0
0.655018 -0.244766 0.245717 199 55 0
0.65755 -0.239691 0.245654 199 55 0
0.661736 -0.236823 0.246785 199 55 0
0.66605 -0.234589 0.247719 199 55 0
0.671113 -0.23401 0.249233 199 55 0
0.674805 -0.236218 0.249782 199 55 0
0.678157 -0.238561 0.251345 199 55 0
0.680899 -0.242647 0.252979 199 55 0
0.683114 -0.24683 0.254844 199 55 0
0.68269 -0.252701 0.255987 199 55 0
0.680301 -0.257845 0.256185 199 55 0
0.677685 -0.262792 0.256438 199 55 0
0.673062 -0.266423 0.255358 199 55 0
0.668181 -0.268517 0.254008 199 55 0
0.662688 -0.267641 0.252037 199 55 0
0.658629 -0.263732 0.250215 199 55 0
0.655337 -0.259926 0.248099 199 55 0
0.654585 -0.254245 0.246729 199 55 0
0.657232 -0.249174 0.247112 199 55 0
0.661559 -0.245577 0.248249 199 55 0
0.667104 -0.244931 0.250134 199 55 0
0.672674 -0.245257 0.25235 199 55 0
0.677177 -0.248302 0.254694 200 54 0
0.680068 -0.25315 0.256574 200 54 0
0.681139 -0.258933 0.25771 200 54 0
0.680505 -0.264884 0.258227 200 54 0
0.678197 -0.270351 0.258073 200 54 0
0.674965 -0.275255 0.257544 200 54 0
0.669955 -0.278103 0.256154 200 54 0
0.664443 -0.278135 0.253778 200 54 0
0.659644 -0.276789 0.251527 200 54 0
0.655908 -0.272498 0.249573 200 54 0
0.654917 -0.267225 0.248688 200 54 0
0.655273 -0.261451 0.248243 200 54 0
0.659336 -0.25751 0.249553 200 54 0
0.663939 -0.25414 0.251435 200 54 0
0.669251 -0.25517 0.253806 200 54 0
0.674211 -0.257432 0.256325 200 54 0
0.676726 -0.262079 0.257712 200 54 0
0.679487 -0.267006 0.259531 200 54 0
0.679342 -0.272987 0.260149 200 54 0
0.678621 -0.278782 0.260412 200 54 0
0.675298 -0.283447 0.259465 200 54 0
0.670356 -0.286434 0.257776 200 54 0
0.665241 -0.288666 0.2556 200 54 0
0.659949 -0.287427 0.253239 200 54 0
0.655575 -0.284046 0.250965 200 54 0
0.653992 -0.278472 0.249913 200 54 0
0.654771 -0.27264 0.249889 200 54 0
0.658178 -0.267943 0.25084 200 54 0
0.663311 -0.265597 0.252927 200 54 0
0.668273 -0.266108 0.255132 200 54 0
0.672768 -0.269309 0.257525 200 54 0
0.677143 -0.272435 0.260106 200 54 0
0.678881 -0.277916 0.261537 200 54 0
0.678682 -0.283878 0.262269 200 54 0
0.67715 -0.2895 0.262285 200 54 0
0.67413 -0.294652 0.261651 200 54 0
0.669648 -0.298149 0.259955 200 54 0
0.664123 -0.298434 0.257603 200 54 0
0.658865 -0.297148 0.255276 200 54 0
0.655072 -0.293042 0.253302 200 54 0
0.652948 -0.287689 0.251731 200 54 0
0.653217 -0.281809 0.251123 200 54 0
0.656898 -0.27724 0.252101 200 54 0
0.662062 -0.276154 0.254182 200 54 0
0.667512 -0.276465 0.256716 200 54 0
0.672249 -0.278741 0.25906 200 54 0
0.675399 -0.283213 0.260923 200 54 0
0.678158 -0.288104 0.26292 200 54 0
0.677872 -0.293891 0.263704 200 54 0
0.676554 -0.299711 0.263969 200 54 0
0.672998 -0.304041 0.263185 200 54 0
0.668087 -0.307164 0.261685 200 54 0
0.662682 -0.308262 0.259785 200 54 0
0.657244 -0.30781 0.257343 200 54 0
0.653254 -0.304058 0.25531 200 54 0
0.651598 -0.298595 0.253852 200 54 0
0.652001 -0.292942 0.253041 200 54 0
0.655766 -0.288754 0.254137 200 54 0
0.660591 -0.286105 0.255692 200 54 0
0.666194 -0.286489 0.257819 200 54 0
0.670665 -0.288879 0.259731 200 54 0
0.674896 -0.292068 0.262078 200 54 0
0.677512 -0.297144 0.26396 200 54 0
0.67699 -0.303045 0.264932 200 54 0
0.676204 -0.308956 0.265649 200 54 0
0.672887 -0.313581 0.265512 200 54 0
0.668085 -0.316614 0.26444 200 54 0
0.662799 -0.318839 0.26308 200 54 0
0.657128 -0.31855 0.261118 200 54 0
0.652863 -0.315521 0.258824 200 54 0
0.650517 -0.310763 0.256694 200 54 0
0.649753 -0.305312 0.255272 200 54 0
0.651783 -0.300558 0.255379 200 54 0
0.655559 -0.298831 0.256473 200 54 0
0.658962 -0.295948 0.257511 200 54 0
0.664082 -0.296216 0.259074 200 54 0
0.668215 -0.297638 0.260425 200 54 0
0.671561 -0.300653 0.261853 200 54 0
0.674555 -0.303169 0.263621 200 54 0
0.676349 -0.308057 0.265261 200 54 0
0.676587 -0.31313 0.266814 200 54 0
0.675005 -0.318639 0.267513 200 54 0
0.671995 -0.323298 0.267311 200 54 0
0.668177 -0.327065 0.266724 200 54 0
0.663109 -0.328908 0.265011 200 54 0
0.657771 -0.328714 0.262952 200 54 0
0.653141 -0.325997 0.260667 200 54 0
0.649604 -0.321698 0.258385 200 54 0
0.648875 -0.316241 0.257255 200 54 0
0.65073 -0.31063 0.257071 200 54 0
0.655484 -0.30785 0.258503 200 54 0
0.660676 -0.30669 0.260516 200 54 0
0.66617 -0.307125 0.262865 200 54 0
0.670374 -0.310712 0.265209 200 54 0
0.67345 -0.315359 0.267404 200 54 0
0.674846 -0.320889 0.268911 200 54 0
0.674653 -0.326794 0.269913 200 54 0
0.671663 -0.33198 0.269424 200 54 0
0.667694 -0.336298 0.268409 200 54 0
0.662612 -0.338938 0.266636 200 54 0
0.657186 -0.340177 0.264404 200 54 0
0.652357 -0.337722 0.262141 200 54 0
0.648348 -0.333865 0.259917 200 54 0
0.647329 -0.328394 0.258885 200 54 0
0.648308 -0.322563 0.258538 201 53 0
0.652767 -0.318878 0.260085 201 53 0
0.6579 -0.316791 0.262119 201 53 0
0.663215 -0.317147 0.2647 201 53 0
0.667267 -0.320865 0.266915 201 53 0
0.67082 -0.324596 0.269519 201 53 0
0.672444 -0.330113 0.271236 201 53 0
0.67135 -0.335559 0.271829 201 53 0
0.668878 -0.341046 0.271713 201 53 0
0.666157 -0.346226 0.271169 201 53 0
0.661012 -0.348634 0.269253 201 53 0
0.655634 -0.350365 0.267183 201 53 0
0.650943 -0.347557 0.264817 201 53 0
0.647158 -0.344039 0.262535 201 53 0
0.645083 -0.338714 0.260653 201 53 0
0.646632 -0.333101 0.260201 201 53 0
0.650314 -0.328802 0.26105 201 53 0
0.655364 -0.326262 0.262947 201 53 0
0.660642 -0.327164 0.265602 201 53 0
0.665372 -0.329469 0.268432 201 53 0
0.668373 -0.333843 0.270924 201 53 0
0.670265 -0.338908 0.27335 201 53 0
0.669451 -0.344832 0.274059 201 53 0
0.667496 -0.350491 0.274643 201 53 0
0.66435 -0.355224 0.274328 201 53 0
0.659527 -0.358454 0.272768 201 53 0
0.654431 -0.360471 0.270772 201 53 0
0.649482 -0.358512 0.268524 201 53 0
0.645515 -0.354925 0.266062 201 53 0
0.643252 -0.349766 0.263947 201 53 0
0.644036 -0.344104 0.26298 201 53 0
0.647346 -0.33933 0.263414 201 53 0
0.652489 -0.336976 0.265172 201 53 0
0.657962 -0.336861 0.267557 201 53 0
0.662299 -0.338927 0.270192 201 53 0
0.665691 -0.343081 0.272848 201 53 0
0.667532 -0.347998 0.275082 201 53 0
0.667991 -0.353762 0.276764 201 53 0
0.666983 -0.359382 0.277955 201 53 0
0.663503 -0.364233 0.277171 201 53 0
0.658737 -0.367638 0.276328 201 53 0
0.653453 -0.369775 0.274417 201 53 0
0.648471 -0.368784 0.272345 201 53 0
0.643972 -0.365644 0.269907 201 53 0
0.641167 -0.361149 0.267586 201 53 0
0.6413 -0.355353 0.266357 201 53 0
0.64385 -0.350788 0.266275 201 53 0
0.648479 -0.347342 0.267879 201 53 0
0.653871 -0.346479 0.270113 201 53 0
0.658812 -0.348435 0.272728 201 53 0
0.662897 -0.351705 0.275476 201 53 0
0.66549 -0.356611 0.277811 201 53 0
0.666375 -0.362349 0.279276 201 53 0
0.664844 -0.368093 0.279839 201 53 0
0.662124 -0.373458 0.279807 201 53 0
0.657268 -0.376342 0.278454 201 53 0
0.652553 -0.379792 0.277148 201 53 0
0.647235 -0.380053 0.274763 201 53 0
0.642684 -0.376893 0.272413 201 53 0
0.639476 -0.372799 0.270314 201 53 0
0.637852 -0.367784 0.268613 201 53 0
0.639835 -0.362448 0.268698 201 53 0
0.644486 -0.35899 0.270276 201 53 0
0.649298 -0.356419 0.272102 201 53 0
0.654567 -0.356539 0.274501 201 53 0
0.659038 -0.359654 0.276853 201 53 0
0.662304 -0.363812 0.278993 201 53 0
0.663782 -0.369445 0.280361 201 53 0
0.664434 -0.374755 0.281615 201 53 0
0.662169 -0.379983 0.281133 201 53 0
0.658726 -0.384727 0.280175 201 53 0
0.654469 -0.388601 0.278514 201 53 0
0.649547 -0.390337 0.276255 201 53 0
0.644889 -0.388657 0.274151 201 53 0
0.640385 -0.386335 0.271835 201 53 0
0.638261 -0.382115 0.270745 201 53 0
0.637004 -0.376656 0.269936 201 53 0
0.639151 -0.371955 0.270877 201 53 0
0.641858 -0.36895 0.271779 201 53 0
0.644765 -0.366735 0.272855 201 53 0
0.649789 -0.366273 0.274838 201 53 0
0.654621 -0.367249 0.277056 201 53 0
0.658692 -0.369863 0.279375 201 53 0
0.662074 -0.374303 0.281406 201 53 0
0.661882 -0.380244 0.281555 201 53 0
0.661789 -0.386302 0.28184 201 53 0
0.658384 -0.39096 0.280274 201 53 0
0.653607 -0.39383 0.277958 201 53 0
0.64837 -0.394306 0.275313 201 53 0
0.643418 -0.39193 0.272871 201 53 0
0.639768 -0.387996 0.271009 201 53 0
0.637217 -0.382679 0.269657 201 53 0
0.638039 -0.376847 0.270006 201 53 0
0.640498 -0.371429 0.27118 201 53 0
0.644909 -0.368295 0.27325 201 53 0
0.649626 -0.366273 0.27512 201 53 0
0.653729 -0.366316 0.276405 201 53 0
0.658208 -0.368106 0.278441 201 53 0
0.661297 -0.371898 0.280111 201 53 0
0.662583 -0.376099 0.281031 201 53 0
0.66259 -0.379939 0.28137 201 53 0
0.660595 -0.384802 0.28096 201 53 0
0.657171 -0.388045 0.279751 201 53 0
0.652385 -0.389821 0.277788 202 52 0
0.647277 -0.390179 0.275363 202 52 0
0.643922 -0.387627 0.273762 202 52 0
0.640342 -0.384879 0.271898 202 52 0
0.63808 -0.379795 0.270498 202 52 0
0.637202 -0.374359 0.269601 202 52 0
0.637883 -0.368554 0.269014 202 52 0
0.640747 -0.363852 0.269446 202 52 0
0.644641 -0.35938 0.270304 202 52 0
0.649277 -0.356409 0.271697 202 52 0
0.654814 -0.355984 0.273843 202 52 0
0.659615 -0.357938 0.276202 202 52 0
0.663391 -0.361362 0.278739 202 52 0
0.664246 -0.366803 0.280041 202 52 0
0.663382 -0.372123 0.280885 202 52 0
0.659312 -0.376428 0.280005 202 52 0
0.654439 -0.378717 0.278352 202 52 0
0.649923 -0.380321 0.276399 202 52 0
0.645371 -0.377357 0.274003 202 52 0
0.641591 -0.373603 0.271457 202 52 0
0.639563 -0.368408 0.269477 202 52 0
0.638121 -0.363338 0.267351 202 52 0
0.640744 -0.35872 0.26722 202 52 0
0.642683 -0.353587 0.266777 202 52 0
0.646886 -0.349453 0.267234 202 52 0
0.651457 -0.346348 0.268359 202 52 0
0.656971 -0.34619 0.270501 202 52 0
0.661904 -0.347432 0.273082 202 52 0
0.665199 -0.351794 0.275468 202 52 0
0.665995 -0.357182 0.277531 202 52 0
0.664847 -0.362957 0.278638 202 52 0
0.661333 -0.367567 0.278209 202 52 0
0.65607 -0.369239 0.276785 202 52 0
0.651281 -0.369333 0.274572 202 52 0
0.646631 -0.367465 0.271795 202 52 0
0.643197 -0.363492 0.269046 202 52 0
0.641327 -0.358378 0.266573 202 52 0
0.641748 -0.352657 0.264931 202 52 0
0.642858 -0.346948 0.263494 202 52 0
0.645733 -0.341751 0.263534 202 52 0
0.650243 -0.337897 0.264254 202 52 0
0.655453 -0.336744 0.265733 202 52 0
0.660945 -0.336984 0.2681 202 52 0
0.665705 -0.338857 0.2709 202 52 0
0.668584 -0.343411 0.273489 202 52 0
0.668066 -0.348825 0.274689 202 52 0
0.665894 -0.354179 0.27522 202 52 0
0.662253 -0.358221 0.274473 202 52 0
0.656764 -0.358818 0.272422 202 52 0
0.651382 -0.358515 0.269814 202 52 0
0.646999 -0.355672 0.266972 202 52 0
0.643916 -0.351279 0.264461 202 52 0
0.642685 -0.345844 0.262415 202 52 0
0.644559 -0.34038 0.261811 202 52 0
0.645602 -0.334576 0.260936 202 52 0
0.649384 -0.329983 0.261178 202 52 0
0.654097 -0.326693 0.26251 202 52 0
0.659427 -0.325172 0.26471 202 52 0
0.664415 -0.327037 0.267074 202 52 0
0.66825 -0.330936 0.269446 202 52 0
0.670989 -0.33545 0.271858 202 52 0
0.6695 -0.341055 0.272108 202 52 0
0.66644 -0.346162 0.271511 202 52 0
0.661923 -0.34903 0.26983 202 52 0
0.656632 -0.348527 0.267274 202 52 0
0.651602 -0.346887 0.264676 202 52 0
0.647718 -0.343169 0.262306 202 52 0
0.646066 -0.337683 0.260734 202 52 0
0.645041 -0.331954 0.259314 202 52 0
0.646997 -0.326777 0.259355 202 52 0
0.650449 -0.321937 0.25981 202 52 0
0.653856 -0.317702 0.260581 202 52 0
0.659269 -0.316644 0.262831 202 52 0
0.66468 -0.316043 0.265332 202 52 0
0.669082 -0.319094 0.2677 202 52 0
0.671266 -0.324442 0.26917 202 52 0
0.671631 -0.329847 0.269967 202 52 0
0.668424 -0.334748 0.268737 202 52 0
0.664213 -0.338361 0.267034 202 52 0
0.65904 -0.339133 0.264776 202 52 0
0.654034 -0.336999 0.262273 202 52 0
0.650465 -0.332845 0.2602 202 52 0
0.648064 -0.32769 0.258375 202 52 0
0.646418 -0.322191 0.25678 202 52 0
0.647642 -0.316562 0.256416 202 52 0
0.651357 -0.312114 0.257612 202 52 0
0.655491 -0.308049 0.259059 202 52 0
0.660298 -0.305448 0.260993 202 52 0
0.66571 -0.304771 0.263434 202 52 0
0.66908 -0.30923 0.265003 202 52 0
0.672457 -0.313161 0.266993 202 52 0
0.67281 -0.319049 0.267597 202 52 0
0.671423 -0.32438 0.267732 202 52 0
0.667253 -0.328387 0.266209 202 52 0
0.661829 -0.328232 0.263704 202 52 0
0.656726 -0.327742 0.26106 202 52 0
0.652491 -0.324377 0.258653 202 52 0
0.649749 -0.319441 0.256834 202 52 0
0.647807 -0.314036 0.255139 202 52 0
0.648281 -0.308136 0.254593 202 52 0
0.650192 -0.302478 0.254842 202 52 0
0.654428 -0.298491 0.256244 202 52 0
0.659317 -0.295501 0.257928 202 52 0
0.664707 -0.294778 0.260085 202 52 0
0.669817 -0.296396 0.262643 203 51 0
0.673048 -0.300868 0.264549 203 51 0
0.674493 -0.306331 0.265847 203 51 0
0.673466 -0.312213 0.266148 203 51 0
0.669888 -0.316834 0.265114 203 51 0
0.664977 -0.318771 0.26301 203 51 0
0.659563 -0.318612 0.260479 203 51 0
0.65462 -0.316534 0.257921 203 51 0
0.651415 -0.311937 0.255931 203 51 0
0.649313 -0.30663 0.254191 203 51 0
0.649198 -0.30081 0.25326 203 51 0
0.650904 -0.295152 0.253142 203 51 0
0.654868 -0.290935 0.254255 203 51 0
0.658502 -0.28675 0.255073 203 51 0
0.663838 -0.285676 0.257304 203 51 0
0.668775 -0.285249 0.259453 203 51 0
0.67317 -0.288473 0.261672 203 51 0
0.675894 -0.293284 0.263453 203 51 0
0.675797 -0.29923 0.264132 203 51 0
0.673504 -0.304612 0.263722 203 51 0
0.668554 -0.307493 0.262006 203 51 0
0.663281 -0.308281 0.259848 203 51 0
0.658395 -0.306585 0.257447 203 51 0
0.653988 -0.303479 0.254925 203 51 0
0.651648 -0.298589 0.25328 203 51 0
0.650359 -0.292923 0.251834 203 51 0
0.651415 -0.287108 0.251385 203 51 0
0.654491 -0.282182 0.251941 203 51 0
0.658558 -0.277986 0.253214 203 51 0
0.663274 -0.275038 0.254868 203 51 0
0.668714 -0.27533 0.257021 203 51 0
0.673679 -0.277614 0.259434 203 51 0
0.676393 -0.28242 0.260973 203 51 0
0.677082 -0.287062 0.262068 203 51 0
0.67606 -0.292672 0.262418 203 51 0
0.67219 -0.297087 0.261318 203 51 0
0.667178 -0.297897 0.259206 203 51 0
0.661937 -0.297671 0.256812 203 51 0
0.657229 -0.294913 0.254395 203 51 0
0.653818 -0.290702 0.252441 203 51 0
0.652798 -0.284994 0.251374 203 51 0
0.653543 -0.279099 0.2507 203 51 0
0.654343 -0.273295 0.250018 203 51 0
0.658038 -0.268944 0.250867 203 51 0
0.662371 -0.265154 0.252479 203 51 0
0.667623 -0.263889 0.254654 203 51 0
0.67276 -0.265498 0.256897 203 51 0
0.676377 -0.26971 0.258619 203 51 0
0.678811 -0.274916 0.260224 203 51 0
0.678162 -0.280419 0.260508 203 51 0
0.675268 -0.285118 0.259979 203 51 0
0.670381 -0.287891 0.25835 203 51 0
0.665026 -0.288668 0.255981 203 51 0
0.66038 -0.285933 0.253751 203 51 0
0.655888 -0.28283 0.251334 203 51 0
0.654044 -0.277498 0.250164 203 51 0
0.653906 -0.271573 0.249439 203 51 0
0.655104 -0.265768 0.249239 203 51 0
0.658051 -0.26066 0.249686 203 51 0
0.661828 -0.256856 0.250537 203 51 0
0.66672 -0.254275 0.252145 203 51 0
0.672266 -0.254616 0.254383 203 51 0
0.676987 -0.257353 0.256502 203 51 0
0.679814 -0.26236 0.258017 203 51 0
0.679928 -0.268052 0.258681 203 51 0
0.678159 -0.273537 0.258868 203 51 0
0.673786 -0.277389 0.257616 203 51 0
0.668487 -0.278037 0.255769 203 51 0
0.663119 -0.2771 0.253522 203 51 0
0.65851 -0.274111 0.251253 203 51 0
0.65562 -0.269214 0.249625 203 51 0
0.653566 -0.263816 0.248145 203 51 0
0.654486 -0.258125 0.247897 203 51 0
0.656593 -0.252897 0.247768 203 51 0
0.660655 -0.249017 0.248544 203 51 0
0.664901 -0.244892 0.249274 203 51 0
0.670457 -0.244454 0.251072 203 51 0
0.675516 -0.245329 0.252661 203 51 0
0.679458 -0.248571 0.254294 203 51 0
0.681239 -0.253688 0.255542 203 51 0
0.681594 -0.258827 0.256977 203 51 0
0.679282 -0.264168 0.257055 203 51 0
0.674825 -0.266785 0.256538 203 51 0
0.669831 -0.268616 0.254813 203 51 0
0.664861 -0.266883 0.253122 203 51 0
0.660505 -0.264578 0.251222 203 51 0
0.657313 -0.26155 0.249595 203 51 0
0.655816 -0.257003 0.248534 203 51 0
0.655305 -0.253553 0.247891 203 51 0
0.654872 -0.248475 0.246568 203 51 0
0.657024 -0.243576 0.246327 203 51 0
0.659896 -0.239955 0.246702 203 51 0
0.662743 -0.237332 0.247039 203 51 0
0.666314 -0.234595 0.247538 203 51 0
0.671197 -0.23401 0.249089 203 51 0
0.668599 -0.235497 0.248311 203 51 0
0.663991 -0.23776 0.247254 203 51 0
0.659345 -0.239882 0.246078 203 51 0
0.654651 -0.241793 0.244749 203 51 0
0.649961 -0.24365 0.243322 203 51 0
0.64527 -0.24542 0.241798 203 51 0
0.644954 -0.245274 0.242735 203 51 0
0.585246 -0.247509 0.217447 203 51 0
0.585717 -0.24761 0.21657 203 51 0
0.585717 -0.24761 0.21657 204 50 0
0.584934 -0.25529 0.217778 204 50 0
0.584971 -0.260331 0.218689 204 50 0
0.58475 -0.265383 0.219516 204 50 0
0.584599 -0.270448 0.220272 204 50 0
0.584574 -0.275527 0.220941 204 50 0
0.584453 -0.280619 0.221472 204 50 0
0.584173 -0.285716 0.221909 204 50 0
0.583921 -0.290818 0.22231 204 50 0
0.58373 -0.295929 0.22262 204 50 0
0.583552 -0.301041 0.222894 204 50 0
0.581845 -0.310816 0.223747 204 50 0
0.580919 -0.315822 0.22426 204 50 0
0.579983 -0.320841 0.224727 204 50 0
0.579146 -0.325871 0.22525 204 50 0
0.578031 -0.330853 0.225724 204 50 0
0.577105 -0.335853 0.22637 204 50 0
0.576196 -0.340858 0.227003 204 50 0
0.575125 -0.34585 0.227463 204 50 0
0.573998 -0.350829 0.227938 204 50 0
0.57311 -0.355842 0.228533 204 50 0
0.572226 -0.36086 0.229103 204 50 0
0.571109 -0.365833 0.229639 204 50 0
0.57022 -0.370843 0.230224 204 50 0
0.571437 -0.363065 0.229474 204 50 0
0.572708 -0.358487 0.229052 204 50 0
0.573687 -0.35385 0.228469 204 50 0
0.574696 -0.349215 0.22793 204 50 0
0.575844 -0.344603 0.227483 204 50 0
0.576754 -0.339943 0.226973 204 50 0
0.577681 -0.335279 0.226539 204 50 0
0.578604 -0.330622 0.226031 204 50 0
0.579533 -0.325966 0.22552 204 50 0
0.580509 -0.321312 0.225097 204 50 0
0.581421 -0.316646 0.224755 204 50 0
0.581918 -0.308617 0.223236 204 50 0
0.582327 -0.303773 0.222817 204 50 0
0.5825 -0.298904 0.222438 204 50 0
0.582728 -0.29404 0.222021 204 50 0
0.582845 -0.289168 0.22164 204 50 0
0.582995 -0.2843 0.221221 204 50 0
0.583163 -0.279437 0.220748 204 50 0
0.58335 -0.274577 0.220264 204 50 0
0.583428 -0.269731 0.21963 204 50 0
0.583743 -0.264898 0.218987 204 50 0
0.583888 -0.260089 0.218175 204 50 0
0.584374 -0.255271 0.217514 204 50 0
0.585228 -0.232458 0.215797 204 50 0
0.58876 -0.23445 0.217687 204 50 0
0.592288 -0.236466 0.219553 204 50 0
0.595646 -0.240625 0.221712 204 50 0
0.596779 -0.246018 0.222819 204 50 0
0.594872 -0.251438 0.222513 204 50 0
0.591751 -0.256362 0.22137 204 50 0
0.587735 -0.26035 0.21963 204 50 0
0.583122 -0.262923 0.217064 204 50 0
0.578318 -0.261329 0.214142 204 50 0
0.573548 -0.260264 0.211056 204 50 0
0.569915 -0.256126 0.208572 204 50 0
0.567575 -0.251051 0.206631 204 50 0
0.567739 -0.24505 0.206161 204 50 0
0.568986 -0.239212 0.206455 204 50 0
0.573075 -0.235759 0.208571 204 50 0
0.577706 -0.232969 0.211225 204 50 0
0.582108 -0.235009 0.214027 204 50 0
0.585962 -0.238251 0.216739 204 50 0
0.587956 -0.243673 0.218449 204 50 0
0.587756 -0.249594 0.218795 204 50 0
0.586047 -0.255297 0.217995 204 50 0
0.582355 -0.259234 0.215965 204 50 0
0.577543 -0.261659 0.213241 204 50 0
0.572553 -0.263003 0.210384 204 50 0
0.567968 -0.260862 0.207714 204 50 0
0.563891 -0.257212 0.205153 204 50 0
0.560224 -0.253572 0.202602 204 50 0
0.559296 -0.2477 0.201639 204 50 0
0.560414 -0.241875 0.201731 204 50 0
0.562582 -0.236407 0.202701 204 50 0
0.567648 -0.234906 0.20553 204 50 0
0.572872 -0.234898 0.208564 204 50 0
0.577369 -0.237433 0.21152 204 50 0
0.579949 -0.242423 0.213399 204 50 0
0.57988 -0.248412 0.213823 204 50 0
0.57864 -0.254231 0.213429 204 50 0
0.575101 -0.258639 0.211609 204 50 0
0.57042 -0.261193 0.209109 204 50 0
0.565475 -0.263137 0.206457 204 50 0
0.560753 -0.260656 0.203706 204 50 0
0.556155 -0.259197 0.200806 204 50 0
0.553307 -0.254245 0.198845 204 50 0
0.552198 -0.248636 0.197913 204 50 0
0.552411 -0.242622 0.19767 204 50 0
0.554678 -0.237934 0.198566 204 50 0
0.557514 -0.235006 0.199826 204 50 0
0.562566 -0.234885 0.202284 204 50 0
0.567459 -0.235624 0.204837 204 50 0
0.570883 -0.238097 0.206901 204 50 0
0.573094 -0.242314 0.208496 204 50 0
0.574199 -0.247678 0.209799 204 50 0
0.57428 -0.253415 0.210745 204 50 0
0.572294 -0.258744 0.210399 204 50 0
0.569537 -0.263604 0.20932 204 50 0
0.564903 -0.266298 0.206841 204 50 0
0.560556 -0.268684 0.204335 205 49 0
0.555654 -0.267436 0.201348 205 49 0
0.551511 -0.264638 0.19868 205 49 0
0.549537 -0.259667 0.197191 205 49 0
0.547956 -0.254345 0.195928 205 49 0
0.550154 -0.249049 0.196709 205 49 0
0.554381 -0.245576 0.198822 205 49 0
0.559064 -0.244456 0.201284 205 49 0
0.56417 -0.244501 0.204367 205 49 0
0.568264 -0.247545 0.207105 205 49 0
0.570708 -0.252545 0.209186 205 49 0
0.572428 -0.257944 0.210717 205 49 0
0.572137 -0.263888 0.211166 205 49 0
0.569564 -0.268744 0.210319 205 49 0
0.566247 -0.273372 0.208869 205 49 0
0.562216 -0.277154 0.206764 205 49 0
0.557298 -0.278773 0.203844 205 49 0
0.55257 -0.277707 0.200832 205 49 0
0.549034 -0.273643 0.198357 205 49 0
0.547295 -0.268233 0.196916 205 49 0
0.547642 -0.262343 0.196541 205 49 0
0.55115 -0.25784 0.198215 205 49 0
0.555219 -0.25455 0.200578 205 49 0
0.560232 -0.254695 0.203813 205 49 0
0.564905 -0.255874 0.206996 205 49 0
0.56741 -0.260484 0.209001 205 49 0
0.569472 -0.265822 0.210655 205 49 0
0.571321 -0.271114 0.212109 205 49 0
0.569321 -0.276671 0.211246 205 49 0
0.567857 -0.282049 0.210816 205 49 0
0.563661 -0.285525 0.208637 205 49 0
0.558816 -0.28764 0.205876 205 49 0
0.553831 -0.288321 0.202797 205 49 0
0.549643 -0.285697 0.199767 205 49 0
0.547121 -0.280752 0.197705 205 49 0
0.54604 -0.275259 0.196621 205 49 0
0.548016 -0.269801 0.197616 205 49 0
0.552133 -0.266656 0.200147 205 49 0
0.556841 -0.264876 0.203239 205 49 0
0.561787 -0.265289 0.206469 205 49 0
0.56576 -0.268259 0.209201 205 49 0
0.568392 -0.273209 0.211235 205 49 0
0.56885 -0.278951 0.211915 205 49 0
0.568723 -0.284911 0.212197 205 49 0
0.566724 -0.290362 0.21134 205 49 0
0.563117 -0.294672 0.209429 205 49 0
0.558907 -0.297883 0.206866 205 49 0
0.554097 -0.298574 0.203799 205 49 0
0.549743 -0.296051 0.200817 205 49 0
0.545935 -0.293115 0.198226 205 49 0
0.545258 -0.287329 0.197345 205 49 0
0.545577 -0.281454 0.197316 205 49 0
0.549012 -0.27746 0.199419 205 49 0
0.553198 -0.274245 0.202159 205 49 0
0.557922 -0.274639 0.205303 205 49 0
0.561941 -0.277769 0.208141 205 49 0
0.565584 -0.281319 0.210695 205 49 0
0.568398 -0.286124 0.212779 205 49 0
0.568189 -0.292084 0.213014 205 49 0
0.56753 -0.297812 0.212853 205 49 0
0.564577 -0.302721 0.211189 205 49 0
0.560733 -0.306137 0.208807 205 49 0
0.556181 -0.308442 0.205793 205 49 0
0.551223 -0.308713 0.202484 205 49 0
0.54719 -0.305962 0.199529 205 49 0
0.544976 -0.301597 0.197749 205 49 0
0.543123 -0.296243 0.196342 205 49 0
0.545227 -0.291514 0.19735 205 49 0
0.548328 -0.287735 0.199277 205 49 0
0.552092 -0.284537 0.201866 205 49 0
0.556815 -0.285412 0.20505 205 49 0
0.56086 -0.288227 0.208044 205 49 0
0.564396 -0.290999 0.210638 205 49 0
0.565933 -0.296384 0.212368 205 49 0
0.565593 -0.302317 0.212903 205 49 0
0.565325 -0.308269 0.213246 205 49 0
0.563243 -0.313604 0.21214 205 49 0
0.558888 -0.316244 0.209425 205 49 0
0.555168 -0.318665 0.206598 205 49 0
0.55046 -0.317993 0.203018 205 49 0
0.546286 -0.316914 0.199401 205 49 0
0.543342 -0.31327 0.196741 205 49 0
0.543511 -0.307466 0.196391 205 49 0
0.543853 -0.302143 0.196539 205 49 0
0.546554 -0.298652 0.198234 205 49 0
0.550543 -0.296262 0.200904 205 49 0
0.555007 -0.296017 0.204189 205 49 0
0.559031 -0.29655 0.207757 205 49 0
0.56111 -0.299754 0.209585 205 49 0
0.563775 -0.302437 0.211665 205 49 0
0.565339 -0.307005 0.213275 205 49 0
0.564741 -0.312875 0.214311 205 49 0
0.564226 -0.318737 0.214498 205 49 0
0.561553 -0.323637 0.213192 205 49 0
0.557867 -0.326325 0.210594 205 49 0
0.554654 -0.328653 0.20721 205 49 0
0.550264 -0.328449 0.203212 205 49 0
0.546174 -0.326972 0.199639 205 49 0
0.542988 -0.32276 0.196826 205 49 0
0.543065 -0.316863 0.196359 205 49 0
0.544755 -0.311236 0.197546 205 49 0
0.547927 -0.306839 0.199973 205 49 0
0.552549 -0.306332 0.203632 205 49 0
0.557075 -0.306792 0.207521 205 49 0
0.561174 -0.309112 0.21094 206 48 0
0.563269 -0.314154 0.213289 206 48 0
0.564378 -0.319702 0.214905 206 48 0
0.563948 -0.325659 0.215415 206 48 0
0.562298 -0.331345 0.214588 206 48 0
0.559707 -0.336269 0.212679 206 48 0
0.555491 -0.338931 0.209407 206 48 0
0.551113 -0.340298 0.205804 206 48 0
0.546634 -0.338777 0.202219 206 48 0
0.543282 -0.335219 0.198902 206 48 0
0.542099 -0.329996 0.197369 206 48 0
0.542512 -0.324025 0.197293 206 48 0
0.545258 -0.319667 0.199341 206 48 0
0.549222 -0.316666 0.202619 206 48 0
0.553791 -0.316153 0.206354 206 48 0
0.558 -0.317628 0.209909 206 48 0
0.561033 -0.321701 0.213077 206 48 0
0.563354 -0.326666 0.215447 206 48 0
0.563554 -0.33248 0.216408 206 48 0
0.562725 -0.338347 0.21631 206 48 0
0.559978 -0.343184 0.214548 206 48 0
0.557144 -0.347942 0.21236 206 48 0
0.552879 -0.3504 0.209171 206 48 0
0.548308 -0.350033 0.205434 206 48 0
0.544248 -0.347529 0.20204 206 48 0
0.541604 -0.342929 0.19933 206 48 0
0.541803 -0.337026 0.19862 206 48 0
0.543543 -0.33164 0.199447 206 48 0
0.547418 -0.328103 0.20222 206 48 0
0.551348 -0.326596 0.20556 206 48 0
0.555615 -0.328352 0.209261 206 48 0
0.559455 -0.330986 0.21301 206 48 0
0.562292 -0.335257 0.215936 206 48 0
0.562856 -0.340936 0.217397 206 48 0
0.561964 -0.34681 0.217535 206 48 0
0.560283 -0.352502 0.216742 206 48 0
0.556834 -0.356537 0.214505 206 48 0
0.553306 -0.360451 0.211837 206 48 0
0.548574 -0.360444 0.208161 206 48 0
0.544387 -0.359147 0.204577 206 48 0
0.540989 -0.355247 0.201563 206 48 0
0.540876 -0.349602 0.2006 206 48 0
0.54215 -0.344018 0.200965 206 48 0
0.545037 -0.339141 0.202885 206 48 0
0.549572 -0.33784 0.206252 206 48 0
0.553725 -0.33714 0.209859 206 48 0
0.557385 -0.340264 0.213434 206 48 0
0.560684 -0.344015 0.216717 206 48 0
0.562062 -0.349384 0.218755 206 48 0
0.561613 -0.355311 0.219437 206 48 0
0.560322 -0.360976 0.219042 206 48 0
0.557551 -0.365919 0.217303 206 48 0
0.553758 -0.369687 0.214612 206 48 0
0.549346 -0.370654 0.211245 206 48 0
0.545022 -0.369848 0.207441 206 48 0
0.541701 -0.366359 0.203875 206 48 0
0.540012 -0.361185 0.201911 206 48 0
0.540211 -0.35521 0.201538 206 48 0
0.542785 -0.350271 0.2032 206 48 0
0.547274 -0.348549 0.206597 206 48 0
0.551777 -0.348273 0.21052 206 48 0
0.555998 -0.34958 0.214436 206 48 0
0.558775 -0.353635 0.217544 206 48 0
0.561215 -0.35845 0.220142 206 48 0
0.561206 -0.364237 0.221163 206 48 0
0.559673 -0.370013 0.22077 206 48 0
0.55735 -0.375313 0.219458 206 48 0
0.554186 -0.379632 0.217157 206 48 0
0.550059 -0.382443 0.213851 206 48 0
0.545662 -0.381374 0.210094 206 48 0
0.542155 -0.378478 0.20656 206 48 0
0.539421 -0.374334 0.20366 206 48 0
0.539765 -0.368557 0.202701 206 48 0
0.541516 -0.363009 0.203486 206 48 0
0.544419 -0.358714 0.205972 206 48 0
0.54888 -0.358326 0.209929 206 48 0
0.553119 -0.358752 0.214116 206 48 0
0.557146 -0.36095 0.217836 206 48 0
0.558976 -0.365963 0.220351 206 48 0
0.560642 -0.371288 0.222361 206 48 0
0.560566 -0.377196 0.222754 206 48 0
0.558642 -0.382321 0.221529 206 48 0
0.555612 -0.386833 0.219052 206 48 0
0.552382 -0.390773 0.216243 206 48 0
0.548621 -0.392119 0.212666 206 48 0
0.544887 -0.390995 0.20875 206 48 0
0.541997 -0.388069 0.206051 206 48 0
0.538995 -0.384363 0.203197 206 48 0
0.539291 -0.378566 0.202811 206 48 0
0.540447 -0.374205 0.203551 206 48 0
0.543419 -0.370093 0.206095 206 48 0
0.546842 -0.368635 0.209615 206 48 0
0.549779 -0.368196 0.213463 206 48 0
0.553187 -0.369747 0.21728 206 48 0
0.557178 -0.371927 0.220329 206 48 0
0.559096 -0.377237 0.221583 206 48 0
0.56057 -0.382703 0.222276 206 48 0
0.559265 -0.388067 0.220988 206 48 0
0.556929 -0.392712 0.218821 206 48 0
0.552924 -0.395545 0.215661 206 48 0
0.548609 -0.396714 0.212057 206 48 0
0.543964 -0.396166 0.208578 206 48 0
0.540634 -0.392633 0.205742 206 48 0
0.538703 -0.387678 0.203883 206 48 0
0.538577 -0.381865 0.203458 207 47 0
0.539681 -0.376242 0.204086 207 47 0
0.542407 -0.371777 0.206132 207 47 0
0.546549 -0.369487 0.209295 207 47 0
0.550135 -0.368196 0.212846 207 47 0
0.553505 -0.368578 0.217132 207 47 0
0.556531 -0.370565 0.219777 207 47 0
0.558505 -0.37377 0.221562 207 47 0
0.560399 -0.377417 0.223493 207 47 0
0.56024 -0.383141 0.223722 207 47 0
0.558324 -0.386891 0.222187 207 47 0
0.555588 -0.390445 0.219283 207 47 0
0.552009 -0.391919 0.215799 207 47 0
0.548029 -0.392097 0.211879 207 47 0
0.544323 -0.388924 0.20858 207 47 0
0.541501 -0.385482 0.205489 207 47 0
0.540177 -0.380265 0.203682 207 47 0
0.539003 -0.374632 0.202237 207 47 0
0.540955 -0.369344 0.202979 207 47 0
0.542574 -0.364045 0.20414 207 47 0
0.546041 -0.360833 0.207096 207 47 0
0.549512 -0.35831 0.210794 207 47 0
0.553782 -0.357794 0.214788 207 47 0
0.557421 -0.35989 0.218631 207 47 0
0.560634 -0.363748 0.221706 207 47 0
0.561006 -0.368987 0.222554 207 47 0
0.560667 -0.374805 0.222656 207 47 0
0.556881 -0.378671 0.220163 207 47 0
0.552569 -0.380698 0.216757 207 47 0
0.548785 -0.38205 0.213239 207 47 0
0.545617 -0.378688 0.209572 207 47 0
0.542744 -0.37537 0.206393 207 47 0
0.540792 -0.370389 0.203771 207 47 0
0.539823 -0.365263 0.202078 207 47 0
0.54174 -0.359619 0.202364 207 47 0
0.544053 -0.354257 0.203739 207 47 0
0.547084 -0.349855 0.206347 207 47 0
0.551131 -0.347024 0.209768 207 47 0
0.554718 -0.348624 0.213146 207 47 0
0.558848 -0.349272 0.21715 207 47 0
0.561353 -0.353568 0.219979 207 47 0
0.562758 -0.35873 0.221856 207 47 0
0.561164 -0.36439 0.221351 207 47 0
0.557326 -0.36818 0.218816 207 47 0
0.553381 -0.37078 0.215332 207 47 0
0.548907 -0.370628 0.211348 207 47 0
0.54535 -0.368189 0.207407 207 47 0
0.542889 -0.363995 0.204206 207 47 0
0.541259 -0.358709 0.20193 207 47 0
0.540737 -0.353091 0.200797 207 47 0
0.542877 -0.347754 0.201393 207 47 0
0.54552 -0.342666 0.203136 207 47 0
0.548896 -0.338436 0.205663 207 47 0
0.553229 -0.336422 0.209121 207 47 0
0.557557 -0.337801 0.213046 207 47 0
0.561426 -0.340695 0.216561 207 47 0
0.563586 -0.345369 0.219445 207 47 0
0.563754 -0.351158 0.220416 207 47 0
0.561111 -0.356113 0.219037 207 47 0
0.55731 -0.359465 0.216068 207 47 0
0.552892 -0.360448 0.212236 207 47 0
0.548439 -0.359799 0.208361 207 47 0
0.545213 -0.356522 0.20507 207 47 0
0.543108 -0.351543 0.202478 207 47 0
0.543048 -0.345804 0.201296 207 47 0
0.543373 -0.339822 0.200777 207 47 0
0.545083 -0.334341 0.201496 207 47 0
0.548781 -0.330529 0.203929 207 47 0
0.552919 -0.327272 0.206832 207 47 0
0.557265 -0.327498 0.210579 207 47 0
0.561325 -0.328752 0.214473 207 47 0
0.563883 -0.333533 0.217054 207 47 0
0.564907 -0.339047 0.218557 207 47 0
0.564285 -0.344728 0.218505 207 47 0
0.560769 -0.348584 0.216008 207 47 0
0.556627 -0.350662 0.212735 207 47 0
0.551933 -0.350323 0.209075 207 47 0
0.548262 -0.347247 0.205499 207 47 0
0.544978 -0.343296 0.202397 207 47 0
0.543674 -0.337844 0.200732 207 47 0
0.543924 -0.331893 0.200093 207 47 0
0.544184 -0.326125 0.199919 207 47 0
0.547996 -0.322117 0.202247 207 47 0
0.552056 -0.319022 0.205207 207 47 0
0.556479 -0.316686 0.208543 207 47 0
0.560963 -0.317314 0.212313 207 47 0
0.564341 -0.320756 0.21533 207 47 0
0.565726 -0.326237 0.217087 207 47 0
0.56602 -0.33211 0.217602 207 47 0
0.563095 -0.336101 0.215665 207 47 0
0.559197 -0.339579 0.212765 207 47 0
0.554683 -0.340494 0.209016 207 47 0
0.550481 -0.338363 0.205506 207 47 0
0.546737 -0.334767 0.202484 207 47 0
0.545256 -0.329243 0.200909 207 47 0
0.543988 -0.323678 0.199333 207 47 0
0.544479 -0.317746 0.199155 207 47 0
0.547289 -0.312803 0.200559 207 47 0
0.551348 -0.309271 0.203126 207 47 0
0.555842 -0.307054 0.206441 207 47 0
0.560626 -0.306613 0.210014 207 47 0
0.564349 -0.309484 0.213253 207 47 0
0.566735 -0.314524 0.215482 207 47 0
0.566779 -0.320307 0.215767 208 46 0
0.564637 -0.325742 0.214363 208 46 0
0.560664 -0.329239 0.211591 208 46 0
0.556199 -0.329757 0.208518 208 46 0
0.551561 -0.328342 0.205107 208 46 0
0.547812 -0.325257 0.202064 208 46 0
0.545459 -0.320205 0.199899 208 46 0
0.544523 -0.31437 0.198799 208 46 0
0.544854 -0.308482 0.198588 208 46 0
0.547856 -0.303562 0.200257 208 46 0
0.551593 -0.299524 0.202662 208 46 0
0.556032 -0.296907 0.205641 208 46 0
0.560962 -0.296346 0.208968 208 46 0
0.565196 -0.298979 0.212182 208 46 0
0.567532 -0.302767 0.214247 208 46 0
0.569113 -0.308196 0.215616 208 46 0
0.566834 -0.313302 0.214416 208 46 0
0.563732 -0.317701 0.212348 208 46 0
0.559132 -0.320025 0.209264 208 46 0
0.554353 -0.318793 0.206034 208 46 0
0.54993 -0.316203 0.202912 208 46 0
0.546544 -0.312311 0.200362 208 46 0
0.545086 -0.306698 0.198888 208 46 0
0.54612 -0.30117 0.198866 208 46 0
0.546257 -0.295203 0.198726 208 46 0
0.550184 -0.291562 0.200959 208 46 0
0.554088 -0.287905 0.203487 208 46 0
0.558665 -0.285583 0.206578 208 46 0
0.563353 -0.286152 0.209761 208 46 0
0.566927 -0.290041 0.21231 208 46 0
0.569336 -0.295261 0.214071 208 46 0
0.569592 -0.300928 0.21449 208 46 0
0.566597 -0.305472 0.212724 208 46 0
0.561932 -0.307818 0.209744 208 46 0
0.556997 -0.308422 0.206441 208 46 0
0.552398 -0.30704 0.203214 208 46 0
0.548958 -0.302881 0.200712 208 46 0
0.546264 -0.298054 0.198683 208 46 0
0.546457 -0.292052 0.198388 208 46 0
0.54761 -0.286379 0.198825 208 46 0
0.550288 -0.281218 0.200354 208 46 0
0.553353 -0.27645 0.202335 208 46 0
0.558336 -0.276097 0.2056 208 46 0
0.563144 -0.276669 0.208831 208 46 0
0.567402 -0.279387 0.211907 208 46 0
0.570319 -0.284135 0.214103 208 46 0
0.56945 -0.289878 0.213894 208 46 0
0.568042 -0.2954 0.213133 208 46 0
0.563969 -0.298671 0.210553 208 46 0
0.558979 -0.29888 0.207209 208 46 0
0.554179 -0.29783 0.203904 208 46 0
0.550103 -0.294502 0.201028 208 46 0
0.547204 -0.289878 0.198793 208 46 0
0.546711 -0.284106 0.197822 208 46 0
0.547273 -0.278182 0.1977 208 46 0
0.549951 -0.272956 0.198898 208 46 0
0.553527 -0.268559 0.200853 208 46 0
0.557897 -0.265586 0.203605 208 46 0
0.562829 -0.264797 0.206804 208 46 0
0.567309 -0.267104 0.20994 208 46 0
0.57115 -0.270634 0.212809 208 46 0
0.570843 -0.276623 0.213244 208 46 0
0.569715 -0.282332 0.213059 208 46 0
0.566096 -0.286483 0.210983 208 46 0
0.561641 -0.288314 0.208197 208 46 0
0.556771 -0.287976 0.204873 208 46 0
0.552614 -0.28495 0.201769 208 46 0
0.549901 -0.280249 0.199416 208 46 0
0.547571 -0.275047 0.197572 208 46 0
0.548068 -0.269374 0.197307 208 46 0
0.549553 -0.263729 0.197727 208 46 0
0.552675 -0.259126 0.199045 208 46 0
0.557161 -0.256756 0.20133 208 46 0
0.561872 -0.254705 0.204092 208 46 0
0.566659 -0.255602 0.207228 208 46 0
0.570634 -0.259007 0.210155 208 46 0
0.57228 -0.264039 0.212062 208 46 0
0.571386 -0.269268 0.212347 208 46 0
0.569255 -0.27433 0.211569 208 46 0
0.564951 -0.277216 0.209204 208 46 0
0.560111 -0.278613 0.206132 208 46 0
0.555934 -0.276645 0.20315 208 46 0
0.552151 -0.273023 0.200349 208 46 0
0.549328 -0.268572 0.198121 208 46 0
0.548662 -0.262819 0.19723 208 46 0
0.54975 -0.25842 0.197399 208 46 0
0.549983 -0.252425 0.197019 208 46 0
0.554508 -0.249379 0.199132 208 46 0
0.558606 -0.245727 0.20092 208 46 0
0.563736 -0.244486 0.203446 208 46 0
0.568646 -0.245458 0.20626 208 46 0
0.571334 -0.248672 0.208276 208 46 0
0.573615 -0.253473 0.210342 208 46 0
0.573422 -0.259036 0.211238 208 46 0
0.570011 -0.263465 0.210072 208 46 0
0.566121 -0.266253 0.208028 208 46 0
0.562925 -0.268644 0.206025 208 46 0
0.558092 -0.267732 0.202833 208 46 0
0.554132 -0.264308 0.200218 208 46 0
0.551783 -0.260256 0.198663 208 46 0
0.549839 -0.256635 0.197329 208 46 0
0.549966 -0.250723 0.196961 208 46 0
0.5502 -0.244828 0.196593 208 46 0
0.552407 -0.241296 0.197486 208 46 0
0.553958 -0.237932 0.198187 209 45 0
0.557754 -0.236198 0.199924 209 45 0
0.562587 -0.234885 0.202248 209 45 0
0.564705 -0.235692 0.203374 209 45 0
0.568692 -0.237687 0.205659 209 45 0
0.572563 -0.239772 0.208056 209 45 0
0.576273 -0.242089 0.210495 209 45 0
0.579985 -0.244392 0.212945 209 45 0
0.583647 -0.246817 0.215342 209 45 0
0.583163 -0.246698 0.216209 209 45 0
0.641725 -0.246942 0.243144 209 45 0
0.642063 -0.247079 0.242213 209 45 0
0.641875 -0.254732 0.242159 209 45 0
0.641641 -0.259948 0.242904 209 45 0
0.641042 -0.265143 0.243612 209 45 0
0.640688 -0.270347 0.244383 209 45 0
0.640491 -0.275557 0.2452 209 45 0
0.640169 -0.280765 0.24598 209 45 0
0.639747 -0.285976 0.246698 209 45 0
0.639245 -0.291187 0.247355 209 45 0
0.638903 -0.296401 0.248059 209 45 0
0.638407 -0.3016 0.248656 209 45 0
0.637261 -0.309331 0.249858 209 45 0
0.636478 -0.314108 0.251144 209 45 0
0.635736 -0.318938 0.252239 209 45 0
0.635053 -0.323783 0.253307 209 45 0
0.634347 -0.328612 0.25443 209 45 0
0.633688 -0.333435 0.255608 209 45 0
0.632963 -0.338262 0.256728 209 45 0
0.632359 -0.3431 0.257874 209 45 0
0.631729 -0.347931 0.259036 209 45 0
0.631135 -0.352773 0.260169 209 45 0
0.630546 -0.357623 0.261271 209 45 0
0.630023 -0.362506 0.262249 209 45 0
0.629459 -0.367379 0.263255 209 45 0
0.628926 -0.372287 0.264089 209 45 0
0.629633 -0.364555 0.263172 209 45 0
0.630254 -0.359777 0.261945 209 45 0
0.630851 -0.355001 0.260701 209 45 0
0.631434 -0.35019 0.259588 209 45 0
0.632049 -0.345395 0.258427 209 45 0
0.632856 -0.340604 0.257369 209 45 0
0.633499 -0.335807 0.256227 209 45 0
0.634203 -0.331018 0.255092 209 45 0
0.634895 -0.326227 0.253954 209 45 0
0.635632 -0.321416 0.252944 209 45 0
0.636551 -0.316637 0.251924 209 45 0
0.637382 -0.308381 0.249727 209 45 0
0.637568 -0.303537 0.248962 209 45 0
0.637892 -0.298702 0.248194 209 45 0
0.638266 -0.293872 0.247413 209 45 0
0.638631 -0.289024 0.246744 209 45 0
0.639014 -0.284175 0.246094 209 45 0
0.639408 -0.279331 0.245414 209 45 0
0.639901 -0.27449 0.244775 209 45 0
0.64038 -0.269647 0.244141 209 45 0
0.640895 -0.26481 0.243494 209 45 0
0.64142 -0.259976 0.24283 209 45 0
0.641859 -0.25513 0.242202 209 45 0
0.643548 -0.232337 0.238652 209 45 0
0.648052 -0.233877 0.240776 209 45 0
0.652388 -0.23551 0.24312 209 45 0
0.655921 -0.238635 0.245543 209 45 0
0.657051 -0.244174 0.246916 209 45 0
0.656744 -0.250066 0.24779 209 45 0
0.655515 -0.255713 0.248057 209 45 0
0.651935 -0.259428 0.247166 209 45 0
0.64762 -0.26235 0.245446 209 45 0
0.642958 -0.259737 0.242976 209 45 0
0.63839 -0.257009 0.240186 209 45 0
0.636442 -0.251921 0.238544 209 45 0
0.63704 -0.245975 0.237933 209 45 0
0.638967 -0.240622 0.23809 209 45 0
0.642457 -0.235863 0.239147 209 45 0
0.647452 -0.234816 0.241206 209 45 0
0.652391 -0.232633 0.243407 209 45 0
0.657297 -0.235018 0.245926 209 45 0
0.66209 -0.237243 0.248538 209 45 0
0.664641 -0.2424 0.250221 209 45 0
0.666274 -0.247838 0.251538 209 45 0
0.666478 -0.253793 0.252299 209 45 0
0.662569 -0.257891 0.250924 209 45 0
0.658237 -0.261627 0.249149 209 45 0
0.653058 -0.262439 0.246718 209 45 0
0.648925 -0.259008 0.244483 209 45 0
0.646005 -0.254137 0.242528 209 45 0
0.644544 -0.248599 0.241122 209 45 0
0.646821 -0.243068 0.241603 209 45 0
0.649458 -0.238102 0.242196 209 45 0
0.654639 -0.235695 0.244007 209 45 0
0.660208 -0.23517 0.245948 209 45 0
0.665648 -0.234601 0.248421 209 45 0
0.670116 -0.237959 0.250564 209 45 0
0.674245 -0.241551 0.252913 209 45 0
0.675962 -0.247031 0.254192 209 45 0
0.674416 -0.252737 0.254052 209 45 0
0.673207 -0.258497 0.254293 209 45 0
0.66829 -0.2614 0.252658 209 45 0
0.662687 -0.262012 0.250968 209 45 0
0.657859 -0.25944 0.248955 209 45 0
0.654577 -0.25526 0.247107 209 45 0
0.653259 -0.24998 0.245792 209 45 0
0.655018 -0.244766 0.245717 209 45 0
0.65755 -0.239691 0.245654 210 44 0
0.661736 -0.236823 0.246785 210 44 0
0.66605 -0.234589 0.247719 210 44 0
0.671113 -0.23401 0.249233 210 44 0
0.674805 -0.236218 0.249782 210 44 0
0.678157 -0.238561 0.251345 210 44 0
0.680899 -0.242647 0.252979 210 44 0
0.683114 -0.24683 0.254844 210 44 0
0.68269 -0.252701 0.255987 210 44 0
0.680301 -0.257845 0.256185 210 44 0
0.677685 -0.262792 0.256438 210 44 0
0.673062 -0.266423 0.255358 210 44 0
0.668181 -0.268517 0.254008 210 44 0
0.662688 -0.267641 0.252037 210 44 0
0.658629 -0.263732 0.250215 210 44 0
0.655337 -0.259926 0.248099 210 44 0
0.654585 -0.254245 0.246729 210 44 0
0.657232 -0.249174 0.247112 210 44 0
0.661559 -0.245577 0.248249 210 44 0
0.667104 -0.244931 0.250134 210 44 0
0.672674 -0.245257 0.25235 210 44 0
0.677177 -0.248302 0.254694 210 44 0
0.680068 -0.25315 0.256574 210 44 0
0.681139 -0.258933 0.25771 210 44 0
0.680505 -0.264884 0.258227 210 44 0
0.678197 -0.270351 0.258073 210 44 0
0.674965 -0.275255 0.257544 210 44 0
0.669955 -0.278103 0.256154 210 44 0
0.664443 -0.278135 0.253778 210 44 0
0.659644 -0.276789 0.251527 210 44 0
0.655908 -0.272498 0.249573 210 44 0
0.654917 -0.267225 0.248688 210 44 0
0.655273 -0.261451 0.248243 210 44 0
0.659336 -0.25751 0.249553 210 44 0
0.663939 -0.25414 0.251435 210 44 0
0.669251 -0.25517 0.253806 210 44 0
0.674211 -0.257432 0.256325 210 44 0
0.676726 -0.262079 0.257712 210 44 0
0.679487 -0.267006 0.259531 210 44 0
0.679342 -0.272987 0.260149 210 44 0
0.678621 -0.278782 0.260412 210 44 0
0.675298 -0.283447 0.259465 210 44 0
0.670356 -0.286434 0.257776 210 44 0
0.665241 -0.288666 0.2556 210 44 0
0.659949 -0.287427 0.253239 210 44 0
0.655575 -0.284046 0.250965 210 44 0
0.653992 -0.278472 0.249913 210 44 0
0.654771 -0.27264 0.249889 210 44 0
0.658178 -0.267943 0.25084 210 44 0
0.663311 -0.265597 0.252927 210 44 0
0.668273 -0.266108 0.255132 210 44 0
0.672768 -0.269309 0.257525 210 44 0
0.677143 -0.272435 0.260106 210 44 0
0.678881 -0.277916 0.261537 210 44 0
0.678682 -0.283878 0.262269 210 44 0
0.67715 -0.2895 0.262285 210 44 0
0.67413 -0.294652 0.261651 210 44 0
0.669648 -0.298149 0.259955 210 44 0
0.664123 -0.298434 0.257603 210 44 0
0.658865 -0.297148 0.255276 210 44 0
0.655072 -0.293042 0.253302 210 44 0
0.652948 -0.287689 0.251731 210 44 0
0.653217 -0.281809 0.251123 210 44 0
0.656898 -0.27724 0.252101 210 44 0
0.662062 -0.276154 0.254182 210 44 0
0.667512 -0.276465 0.256716 210 44 0
0.672249 -0.278741 0.25906 210 44 0
0.675399 -0.283213 0.260923 210 44 0
0.678158 -0.288104 0.26292 210 44 0
0.677872 -0.293891 0.263704 210 44 0
0.676554 -0.299711 0.263969 210 44 0
0.672998 -0.304041 0.263185 210 44 0
0.668087 -0.307164 0.261685 210 44 0
0.662682 -0.308262 0.259785 210 44 0
0.657244 -0.30781 0.257343 210 44 0
0.653254 -0.304058 0.25531 210 44 0
0.651598 -0.298595 0.253852 210 44 0
0.652001 -0.292942 0.253041 210 44 0
0.655766 -0.288754 0.254137 210 44 0
0.660591 -0.286105 0.255692 210 44 0
0.666194 -0.286489 0.257819 210 44 0
0.670665 -0.288879 0.259731 210 44 0
0.674896 -0.292068 0.262078 210 44 0
0.677512 -0.297144 0.26396 210 44 0
0.67699 -0.303045 0.264932 210 44 0
0.676204 -0.308956 0.265649 210 44 0
0.672887 -0.313581 0.265512 210 44 0
0.668085 -0.316614 0.26444 210 44 0
0.662799 -0.318839 0.26308 210 44 0
0.657128 -0.31855 0.261118 210 44 0
0.652863 -0.315521 0.258824 210 44 0
0.650517 -0.310763 0.256694 210 44 0
0.649753 -0.305312 0.255272 210 44 0
0.651783 -0.300558 0.255379 210 44 0
0.655559 -0.298831 0.256473 210 44 0
0.658962 -0.295948 0.257511 210 44 0
0.664082 -0.296216 0.259074 210 44 0
0.668215 -0.297638 0.260425 210 44 0
0.671561 -0.300653 0.261853 210 44 0
0.674555 -0.303169 0.263621 210 44 0
0.676349 -0.308057 0.265261 210 44 0
0.676587 -0.31313 0.266814 210 44 0
0.675005 -0.318639 0.267513 210 44 0
0.671995 -0.323298 0.267311 210 44 0
0.668177 -0.327065 0.266724 211 43 0
0.663109 -0.328908 0.265011 211 43 0
0.657771 -0.328714 0.262952 211 43 0
0.653141 -0.325997 0.260667 211 43 0
0.649604 -0.321698 0.258385 211 43 0
0.648875 -0.316241 0.257255 211 43 0
0.65073 -0.31063 0.257071 211 43 0
0.655484 -0.30785 0.258503 211 43 0
0.660676 -0.30669 0.260516 211 43 0
0.66617 -0.307125 0.262865 211 43 0
0.670374 -0.310712 0.265209 211 43 0
0.67345 -0.315359 0.267404 211 43 0
0.674846 -0.320889 0.268911 211 43 0
0.674653 -0.326794 0.269913 211 43 0
0.671663 -0.33198 0.269424 211 43 0
0.667694 -0.336298 0.268409 211 43 0
0.662612 -0.338938 0.266636 211 43 0
0.657186 -0.340177 0.264404 211 43 0
0.652357 -0.337722 0.262141 211 43 0
0.648348 -0.333865 0.259917 211 43 0
0.647329 -0.328394 0.258885 211 43 0
0.648308 -0.322563 0.258538 211 43 0
0.652767 -0.318878 0.260085 211 43 0
0.6579 -0.316791 0.262119 211 43 0
0.663215 -0.317147 0.2647 211 43 0
0.667267 -0.320865 0.266915 211 43 0
0.67082 -0.324596 0.269519 211 43 0
0.672444 -0.330113 0.271236 211 43 0
0.67135 -0.335559 0.271829 211 43 0
0.668878 -0.341046 0.271713 211 43 0
0.666157 -0.346226 0.271169 211 43 0
0.661012 -0.348634 0.269253 211 43 0
0.655634 -0.350365 0.267183 211 43 0
0.650943 -0.347557 0.264817 211 43 0
0.647158 -0.344039 0.262535 211 43 0
0.645083 -0.338714 0.260653 211 43 0
0.646632 -0.333101 0.260201 211 43 0
0.650314 -0.328802 0.26105 211 43 0
0.655364 -0.326262 0.262947 211 43 0
0.660642 -0.327164 0.265602 211 43 0
0.665372 -0.329469 0.268432 211 43 0
0.668373 -0.333843 0.270924 211 43 0
0.670265 -0.338908 0.27335 211 43 0
0.669451 -0.344832 0.274059 211 43 0
0.667496 -0.350491 0.274643 211 43 0
0.66435 -0.355224 0.274328 211 43 0
0.659527 -0.358454 0.272768 211 43 0
0.654431 -0.360471 0.270772 211 43 0
0.649482 -0.358512 0.268524 211 43 0
0.645515 -0.354925 0.266062 211 43 0
0.643252 -0.349766 0.263947 211 43 0
0.644036 -0.344104 0.26298 211 43 0
0.647346 -0.33933 0.263414 211 43 0
0.652489 -0.336976 0.265172 211 43 0
0.657962 -0.336861 0.267557 211 43 0
0.662299 -0.338927 0.270192 211 43 0
0.665691 -0.343081 0.272848 211 43 0
0.667532 -0.347998 0.275082 211 43 0
0.667991 -0.353762 0.276764 211 43 0
0.666983 -0.359382 0.277955 211 43 0
0.663503 -0.364233 0.277171 211 43 0
0.658737 -0.367638 0.276328 211 43 0
0.653453 -0.369775 0.274417 211 43 0
0.648471 -0.368784 0.272345 211 43 0
0.643972 -0.365644 0.269907 211 43 0
0.641167 -0.361149 0.267586 211 43 0
0.6413 -0.355353 0.266357 211 43 0
0.64385 -0.350788 0.266275 211 43 0
0.648479 -0.347342 0.267879 211 43 0
0.653871 -0.346479 0.270113 211 43 0
0.658812 -0.348435 0.272728 211 43 0
0.662897 -0.351705 0.275476 211 43 0
0.66549 -0.356611 0.277811 211 43 0
0.666375 -0.362349 0.279276 211 43 0
0.664844 -0.368093 0.279839 211 43 0
0.662124 -0.373458 0.279807 211 43 0
0.657268 -0.376342 0.278454 211 43 0
0.652553 -0.379792 0.277148 211 43 0
0.647235 -0.380053 0.274763 211 43 0
0.642684 -0.376893 0.272413 211 43 0
0.639476 -0.372799 0.270314 211 43 0
0.637852 -0.367784 0.268613 211 43 0
0.639835 -0.362448 0.268698 211 43 0
0.644486 -0.35899 0.270276 211 43 0
0.649298 -0.356419 0.272102 211 43 0
0.654567 -0.356539 0.274501 211 43 0
0.659038 -0.359654 0.276853 211 43 0
0.662304 -0.363812 0.278993 211 43 0
0.663782 -0.369445 0.280361 211 43 0
0.664434 -0.374755 0.281615 211 43 0
0.662169 -0.379983 0.281133 211 43 0
0.658726 -0.384727 0.280175 211 43 0
0.654469 -0.388601 0.278514 211 43 0
0.649547 -0.390337 0.276255 211 43 0
0.644889 -0.388657 0.274151 211 43 0
0.640385 -0.386335 0.271835 211 43 0
0.638261 -0.382115 0.270745 211 43 0
0.637004 -0.376656 0.269936 211 43 0
0.639151 -0.371955 0.270877 211 43 0
0.641858 -0.36895 0.271779 211 43 0
0.644765 -0.366735 0.272855 211 43 0
0.649789 -0.366273 0.274838 211 43 0
0.654621 -0.367249 0.277056 211 43 0
0.658692 -0.369863 0.279375 211 43 0
0.662074 -0.374303 0.281406 212 42 0
0.661882 -0.380244 0.281555 212 42 0
0.661789 -0.386302 0.28184 212 42 0
0.658384 -0.39096 0.280274 212 42 0
0.653607 -0.39383 0.277958 212 42 0
0.64837 -0.394306 0.275313 212 42 0
0.643418 -0.39193 0.272871 212 42 0
0.639768 -0.387996 0.271009 212 42 0
0.637217 -0.382679 0.269657 212 42 0
0.638039 -0.376847 0.270006 212 42 0
0.640498 -0.371429 0.27118 212 42 0
0.644909 -0.368295 0.27325 212 42 0
0.649626 -0.366273 0.27512 212 42 0
0.653729 -0.366316 0.276405 212 42 0
0.658208 -0.368106 0.278441 212 42 0
0.661297 -0.371898 0.280111 212 42 0
0.662583 -0.376099 0.281031 212 42 0
0.66259 -0.379939 0.28137 212 42 0
0.660595 -0.384802 0.28096 212 42 0
0.657171 -0.388045 0.279751 212 42 0
0.652385 -0.389821 0.277788 212 42 0
0.647277 -0.390179 0.275363 212 42 0
0.643922 -0.387627 0.273762 212 42 0
0.640342 -0.384879 0.271898 212 42 0
0.63808 -0.379795 0.270498 212 42 0
0.637202 -0.374359 0.269601 212 42 0
0.637883 -0.368554 0.269014 212 42 0
0.640747 -0.363852 0.269446 212 42 0
0.644641 -0.35938 0.270304 212 42 0
0.649277 -0.356409 0.271697 212 42 0
0.654814 -0.355984 0.273843 212 42 0
0.659615 -0.357938 0.276202 212 42 0
0.663391 -0.361362 0.278739 212 42 0
0.664246 -0.366803 0.280041 212 42 0
0.663382 -0.372123 0.280885 212 42 0
0.659312 -0.376428 0.280005 212 42 0
0.654439 -0.378717 0.278352 212 42 0
0.649923 -0.380321 0.276399 212 42 0
0.645371 -0.377357 0.274003 212 42 0
0.641591 -0.373603 0.271457 212 42 0
0.639563 -0.368408 0.269477 212 42 0
0.638121 -0.363338 0.267351 212 42 0
0.640744 -0.35872 0.26722 212 42 0
0.642683 -0.353587 0.266777 212 42 0
0.646886 -0.349453 0.267234 212 42 0
0.651457 -0.346348 0.268359 212 42 0
0.656971 -0.34619 0.270501 212 42 0
0.661904 -0.347432 0.273082 212 42 0
0.665199 -0.351794 0.275468 212 42 0
0.665995 -0.357182 0.277531 212 42 0
0.664847 -0.362957 0.278638 212 42 0
0.661333 -0.367567 0.278209 212 42 0
0.65607 -0.369239 0.276785 212 42 0
0.651281 -0.369333 0.274572 212 42 0
0.646631 -0.367465 0.271795 212 42 0
0.643197 -0.363492 0.269046 212 42 0
0.641327 -0.358378 0.266573 212 42 0
0.641748 -0.352657 0.264931 212 42 0
0.642858 -0.346948 0.263494 212 42 0
0.645733 -0.341751 0.263534 212 42 0
0.650243 -0.337897 0.264254 212 42 0
0.655453 -0.336744 0.265733 212 42 0
0.660945 -0.336984 0.2681 212 42 0
0.665705 -0.338857 0.2709 212 42 0
0.668584 -0.343411 0.273489 212 42 0
0.668066 -0.348825 0.274689 212 42 0
0.665894 -0.354179 0.27522 212 42 0
0.662253 -0.358221 0.274473 212 42 0
0.656764 -0.358818 0.272422 212 42 0
0.651382 -0.358515 0.269814 212 42 0
0.646999 -0.355672 0.266972 212 42 0
0.643916 -0.351279 0.264461 212 42 0
0.642685 -0.345844 0.262415 212 42 0
0.644559 -0.34038 0.261811 212 42 0
0.645602 -0.334576 0.260936 212 42 0
0.649384 -0.329983 0.261178 212 42 0
0.654097 -0.326693 0.26251 212 42 0
0.659427 -0.325172 0.26471 212 42 0
0.664415 -0.327037 0.267074 212 42 0
0.66825 -0.330936 0.269446 212 42 0
0.670989 -0.33545 0.271858 212 42 0
0.6695 -0.341055 0.272108 212 42 0
0.66644 -0.346162 0.271511 212 42 0
0.661923 -0.34903 0.26983 212 42 0
0.656632 -0.348527 0.267274 212 42 0
0.651602 -0.346887 0.264676 212 42 0
0.647718 -0.343169 0.262306 212 42 0
0.646066 -0.337683 0.260734 212 42 0
0.645041 -0.331954 0.259314 212 42 0
0.646997 -0.326777 0.259355 212 42 0
0.650449 -0.321937 0.25981 212 42 0
0.653856 -0.317702 0.260581 212 42 0
0.659269 -0.316644 0.262831 212 42 0
0.66468 -0.316043 0.265332 212 42 0
0.669082 -0.319094 0.2677 212 42 0
0.671266 -0.324442 0.26917 212 42 0
0.671631 -0.329847 0.269967 212 42 0
0.668424 -0.334748 0.268737 212 42 0
0.664213 -0.338361 0.267034 212 42 0
0.65904 -0.339133 0.264776 212 42 0
0.654034 -0.336999 0.262273 212 42 0
0.650465 -0.332845 0.2602 212 42 0
0.648064 -0.32769 0.258375 212 42 0
0.646418 -0.322191 0.25678 213 41 0
0.647642 -0.316562 0.256416 213 41 0
0.651357 -0.312114 0.257612 213 41 0
0.655491 -0.308049 0.259059 213 41 0
0.660298 -0.305448 0.260993 213 41 0
0.66571 -0.304771 0.263434 213 41 0
0.66908 -0.30923 0.265003 213 41 0
0.672457 -0.313161 0.266993 213 41 0
0.67281 -0.319049 0.267597 213 41 0
0.671423 -0.32438 0.267732 213 41 0
0.667253 -0.328387 0.266209 213 41 0
0.661829 -0.328232 0.263704 213 41 0
0.656726 -0.327742 0.26106 213 41 0
0.652491 -0.324377 0.258653 213 41 0
0.649749 -0.319441 0.256834 213 41 0
0.647807 -0.314036 0.255139 213 41 0
0.648281 -0.308136 0.254593 213 41 0
0.650192 -0.302478 0.254842 213 41 0
0.654428 -0.298491 0.256244 213 41 0
0.659317 -0.295501 0.257928 213 41 0
0.664707 -0.294778 0.260085 213 41 0
0.669817 -0.296396 0.262643 213 41 0
0.673048 -0.300868 0.264549 213 41 0
0.674493 -0.306331 0.265847 213 41 0
0.673466 -0.312213 0.266148 213 41 0
0.669888 -0.316834 0.265114 213 41 0
0.664977 -0.318771 0.26301 213 41 0
0.659563 -0.318612 0.260479 213 41 0
0.65462 -0.316534 0.257921 213 41 0
0.651415 -0.311937 0.255931 213 41 0
0.649313 -0.30663 0.254191 213 41 0
0.649198 -0.30081 0.25326 213 41 0
0.650904 -0.295152 0.253142 213 41 0
0.654868 -0.290935 0.254255 213 41 0
0.658502 -0.28675 0.255073 213 41 0
0.663838 -0.285676 0.257304 213 41 0
0.668775 -0.285249 0.259453 213 41 0
0.67317 -0.288473 0.261672 213 41 0
0.675894 -0.293284 0.263453 213 41 0
0.675797 -0.29923 0.264132 213 41 0
0.673504 -0.304612 0.263722 213 41 0
0.668554 -0.307493 0.262006 213 41 0
0.663281 -0.308281 0.259848 213 41 0
0.658395 -0.306585 0.257447 213 41 0
0.653988 -0.303479 0.254925 213 41 0
0.651648 -0.298589 0.25328 213 41 0
0.650359 -0.292923 0.251834 213 41 0
0.651415 -0.287108 0.251385 213 41 0
0.654491 -0.282182 0.251941 213 41 0
0.658558 -0.277986 0.253214 213 41 0
0.663274 -0.275038 0.254868 213 41 0
0.668714 -0.27533 0.257021 213 41 0
0.673679 -0.277614 0.259434 213 41 0
0.676393 -0.28242 0.260973 213 41 0
0.677082 -0.287062 0.262068 213 41 0
0.67606 -0.292672 0.262418 213 41 0
0.67219 -0.297087 0.261318 213 41 0
0.667178 -0.297897 0.259206 213 41 0
0.661937 -0.297671 0.256812 213 41 0
0.657229 -0.294913 0.254395 213 41 0
0.653818 -0.290702 0.252441 213 41 0
0.652798 -0.284994 0.251374 213 41 0
0.653543 -0.279099 0.2507 213 41 0
0.654343 -0.273295 0.250018 213 41 0
0.658038 -0.268944 0.250867 213 41 0
0.662371 -0.265154 0.252479 213 41 0
0.667623 -0.263889 0.254654 213 41 0
0.67276 -0.265498 0.256897 213 41 0
0.676377 -0.26971 0.258619 213 41 0
0.678811 -0.274916 0.260224 213 41 0
0.678162 -0.280419 0.260508 213 41 0
0.675268 -0.285118 0.259979 213 41 0
0.670381 -0.287891 0.25835 213 41 0
0.665026 -0.288668 0.255981 213 41 0
0.66038 -0.285933 0.253751 213 41 0
0.655888 -0.28283 0.251334 213 41 0
0.654044 -0.277498 0.250164 213 41 0
0.653906 -0.271573 0.249439 213 41 0
0.655104 -0.265768 0.249239 213 41 0
0.658051 -0.26066 0.249686 213 41 0
0.661828 -0.256856 0.250537 213 41 0
0.66672 -0.254275 0.252145 213 41 0
0.672266 -0.254616 0.254383 213 41 0
0.676987 -0.257353 0.256502 213 41 0
0.679814 -0.26236 0.258017 213 41 0
0.679928 -0.268052 0.258681 213 41 0
0.678159 -0.273537 0.258868 213 41 0
0.673786 -0.277389 0.257616 213 41 0
0.668487 -0.278037 0.255769 213 41 0
0.663119 -0.2771 0.253522 213 41 0
0.65851 -0.274111 0.251253 213 41 0
0.65562 -0.269214 0.249625 213 41 0
0.653566 -0.263816 0.248145 213 41 0
0.654486 -0.258125 0.247897 213 41 0
0.656593 -0.252897 0.247768 213 41 0
0.660655 -0.249017 0.248544 213 41 0
0.664901 -0.244892 0.249274 213 41 0
0.670457 -0.244454 0.251072 213 41 0
0.675516 -0.245329 0.252661 213 41 0
0.679458 -0.248571 0.254294 213 41 0
0.681239 -0.253688 0.255542 213 41 0
0.681594 -0.258827 0.256977 213 41 0
0.679282 -0.264168 0.257055 213 41 0
0.674825 -0.266785 0.256538 213 41 0
0.669831 -0.268616 0.254813 214 40 0
0.664861 -0.266883 0.253122 214 40 0
0.660505 -0.264578 0.251222 214 40 0
0.657313 -0.26155 0.249595 214 40 0
0.655816 -0.257003 0.248534 214 40 0
0.655305 -0.253553 0.247891 214 40 0
0.654872 -0.248475 0.246568 214 40 0
0.657024 -0.243576 0.246327 214 40 0
0.659896 -0.239955 0.246702 214 40 0
0.662743 -0.237332 0.247039 214 40 0
0.666314 -0.234595 0.247538 214 40 0
0.671197 -0.23401 0.249089 214 40 0
0.668599 -0.235497 0.248311 214 40 0
0.663991 -0.23776 0.247254 214 40 0
0.659345 -0.239882 0.246078 214 40 0
0.654651 -0.241793 0.244749 214 40 0
0.649961 -0.24365 0.243322 214 40 0
0.64527 -0.24542 0.241798 214 40 0
0.644954 -0.245274 0.242735 214 40 0
0.585246 -0.247509 0.217447 214 40 0
0.585717 -0.24761 0.21657 214 40 0
0.585717 -0.24761 0.21657 214 40 0
0.584934 -0.25529 0.217778 214 40 0
0.584971 -0.260331 0.218689 214 40 0
0.58475 -0.265383 0.219516 214 40 0
0.584599 -0.270448 0.220272 214 40 0
0.584574 -0.275527 0.220941 214 40 0
0.584453 -0.280619 0.221472 214 40 0
0.584173 -0.285716 0.221909 214 40 0
0.583921 -0.290818 0.22231 214 40 0
0.58373 -0.295929 0.22262 214 40 0
0.583552 -0.301041 0.222894 214 40 0
0.581845 -0.310816 0.223747 214 40 0
0.580919 -0.315822 0.22426 214 40 0
0.579983 -0.320841 0.224727 214 40 0
0.579146 -0.325871 0.22525 214 40 0
0.578031 -0.330853 0.225724 214 40 0
0.577105 -0.335853 0.22637 214 40 0
0.576196 -0.340858 0.227003 214 40 0
0.575125 -0.34585 0.227463 214 40 0
0.573998 -0.350829 0.227938 214 40 0
0.57311 -0.355842 0.228533 214 40 0
0.572226 -0.36086 0.229103 214 40 0
0.571109 -0.365833 0.229639 214 40 0
0.57022 -0.370843 0.230224 214 40 0
0.571437 -0.363065 0.229474 214 40 0
0.572708 -0.358487 0.229052 214 40 0
0.573687 -0.35385 0.228469 214 40 0
0.574696 -0.349215 0.22793 214 40 0
0.575844 -0.344603 0.227483 214 40 0
0.576754 -0.339943 0.226973 214 40 0
0.577681 -0.335279 0.226539 214 40 0
0.578604 -0.330622 0.226031 214 40 0
0.579533 -0.325966 0.22552 214 40 0
0.580509 -0.321312 0.225097 214 40 0
0.581421 -0.316646 0.224755 214 40 0
0.581918 -0.308617 0.223236 214 40 0
0.582327 -0.303773 0.222817 214 40 0
0.5825 -0.298904 0.222438 214 40 0
0.582728 -0.29404 0.222021 214 40 0
0.582845 -0.289168 0.22164 214 40 0
0.582995 -0.2843 0.221221 214 40 0
0.583163 -0.279437 0.220748 214 40 0
0.58335 -0.274577 0.220264 214 40 0
0.583428 -0.269731 0.21963 214 40 0
0.583743 -0.264898 0.218987 214 40 0
0.583888 -0.260089 0.218175 214 40 0
0.584374 -0.255271 0.217514 214 40 0
0.585228 -0.232458 0.215797 214 40 0
0.58876 -0.23445 0.217687 214 40 0
0.592288 -0.236466 0.219553 214 40 0
0.595646 -0.240625 0.221712 214 40 0
0.596779 -0.246018 0.222819 214 40 0
0.594872 -0.251438 0.222513 214 40 0
0.591751 -0.256362 0.22137 214 40 0
0.587735 -0.26035 0.21963 214 40 0
0.583122 -0.262923 0.217064 214 40 0
0.578318 -0.261329 0.214142 214 40 0
0.573548 -0.260264 0.211056 214 40 0
0.569915 -0.256126 0.208572 214 40 0
0.567575 -0.251051 0.206631 214 40 0
0.567739 -0.24505 0.206161 214 40 0
0.568986 -0.239212 0.206455 214 40 0
0.573075 -0.235759 0.208571 214 40 0
0.577706 -0.232969 0.211225 214 40 0
0.582108 -0.235009 0.214027 214 40 0
0.585962 -0.238251 0.216739 214 40 0
0.587956 -0.243673 0.218449 214 40 0
0.587756 -0.249594 0.218795 214 40 0
0.586047 -0.255297 0.217995 214 40 0
0.582355 -0.259234 0.215965 214 40 0
0.577543 -0.261659 0.213241 214 40 0
0.572553 -0.263003 0.210384 214 40 0
0.567968 -0.260862 0.207714 214 40 0
0.563891 -0.257212 0.205153 214 40 0
0.560224 -0.253572 0.202602 214 40 0
0.559296 -0.2477 0.201639 214 40 0
0.560414 -0.241875 0.201731 214 40 0
0.562582 -0.236407 0.202701 214 40 0
0.567648 -0.234906 0.20553 214 40 0
0.572872 -0.234898 0.208564 214 40 0
0.577369 -0.237433 0.21152 214 40 0
0.579949 -0.242423 0.213399 214 40 0
0.57988 -0.248412 0.213823 214 40 0
0.57864 -0.254231 0.213429 215 39 0
0.575101 -0.258639 0.211609 215 39 0
0.57042 -0.261193 0.209109 215 39 0
0.565475 -0.263137 0.206457 215 39 0
0.560753 -0.260656 0.203706 215 39 0
0.556155 -0.259197 0.200806 215 39 0
0.553307 -0.254245 0.198845 215 39 0
0.552198 -0.248636 0.197913 215 39 0
0.552411 -0.242622 0.19767 215 39 0
0.554678 -0.237934 0.198566 215 39 0
0.557514 -0.235006 0.199826 215 39 0
0.562566 -0.234885 0.202284 215 39 0
0.567459 -0.235624 0.204837 215 39 0
0.570883 -0.238097 0.206901 215 39 0
0.573094 -0.242314 0.208496 215 39 0
0.574199 -0.247678 0.209799 215 39 0
0.57428 -0.253415 0.210745 215 39 0
0.572294 -0.258744 0.210399 215 39 0
0.569537 -0.263604 0.20932 215 39 0
0.564903 -0.266298 0.206841 215 39 0
0.560556 -0.268684 0.204335 215 39 0
0.555654 -0.267436 0.201348 215 39 0
0.551511 -0.264638 0.19868 215 39 0
0.549537 -0.259667 0.197191 215 39 0
0.547956 -0.254345 0.195928 215 39 0
0.550154 -0.249049 0.196709 215 39 0
0.554381 -0.245576 0.198822 215 39 0
0.559064 -0.244456 0.201284 215 39 0
0.56417 -0.244501 0.204367 215 39 0
0.568264 -0.247545 0.207105 215 39 0
0.570708 -0.252545 0.209186 215 39 0
0.572428 -0.257944 0.210717 215 39 0
0.572137 -0.263888 0.211166 215 39 0
0.569564 -0.268744 0.210319 215 39 0
0.566247 -0.273372 0.208869 215 39 0
0.562216 -0.277154 0.206764 215 39 0
0.557298 -0.278773 0.203844 215 39 0
0.55257 -0.277707 0.200832 215 39 0
0.549034 -0.273643 0.198357 215 39 0
0.547295 -0.268233 0.196916 215 39 0
0.547642 -0.262343 0.196541 215 39 0
0.55115 -0.25784 0.198215 215 39 0
0.555219 -0.25455 0.200578 215 39 0
0.560232 -0.254695 0.203813 215 39 0
0.564905 -0.255874 0.206996 215 39 0
0.56741 -0.260484 0.209001 215 39 0
0.569472 -0.265822 0.210655 215 39 0
0.571321 -0.271114 0.212109 215 39 0
0.569321 -0.276671 0.211246 215 39 0
0.567857 -0.282049 0.210816 215 39 0
0.563661 -0.285525 0.208637 215 39 0
0.558816 -0.28764 0.205876 215 39 0
0.553831 -0.288321 0.202797 215 39 0
0.549643 -0.285697 0.199767 215 39 0
0.547121 -0.280752 0.197705 215 39 0
0.54604 -0.275259 0.196621 215 39 0
0.548016 -0.269801 0.197616 215 39 0
0.552133 -0.266656 0.200147 215 39 0
0.556841 -0.264876 0.203239 215 39 0
0.561787 -0.265289 0.206469 215 39 0
0.56576 -0.268259 0.209201 215 39 0
0.568392 -0.273209 0.211235 215 39 0
0.56885 -0.278951 0.211915 215 39 0
0.568723 -0.284911 0.212197 215 39 0
0.566724 -0.290362 0.21134 215 39 0
0.563117 -0.294672 0.209429 215 39 0
0.558907 -0.297883 0.206866 215 39 0
0.554097 -0.298574 0.203799 215 39 0
0.549743 -0.296051 0.200817 215 39 0
0.545935 -0.293115 0.198226 215 39 0
0.545258 -0.287329 0.197345 215 39 0
0.545577 -0.281454 0.197316 215 39 0
0.549012 -0.27746 0.199419 215 39 0
0.553198 -0.274245 0.202159 215 39 0
0.557922 -0.274639 0.205303 215 39 0
0.561941 -0.277769 0.208141 215 39 0
0.565584 -0.281319 0.210695 215 39 0
0.568398 -0.286124 0.212779 215 39 0
0.568189 -0.292084 0.213014 215 39 0
0.56753 -0.297812 0.212853 215 39 0
0.564577 -0.302721 0.211189 215 39 0
0.560733 -0.306137 0.208807 215 39 0
0.556181 -0.308442 0.205793 215 39 0
0.551223 -0.308713 0.202484 215 39 0
0.54719 -0.305962 0.199529 215 39 0
0.544976 -0.301597 0.197749 215 39 0
0.543123 -0.296243 0.196342 215 39 0
0.545227 -0.291514 0.19735 215 39 0
0.548328 -0.287735 0.199277 215 39 0
0.552092 -0.284537 0.201866 215 39 0
0.556815 -0.285412 0.20505 215 39 0
0.56086 -0.288227 0.208044 215 39 0
0.564396 -0.290999 0.210638 215 39 0
0.565933 -0.296384 0.212368 215 39 0
0.565593 -0.302317 0.212903 215 39 0
0.565325 -0.308269 0.213246 215 39 0
0.563243 -0.313604 0.21214 215 39 0
0.558888 -0.316244 0.209425 215 39 0
0.555168 -0.318665 0.206598 215 39 0
0.55046 -0.317993 0.203018 215 39 0
0.546286 -0.316914 0.199401 215 39 0
0.543342 -0.31327 0.196741 215 39 0
0.543511 -0.307466 0.196391 215 39 0
0.543853 -0.302143 0.196539 216 38 0
0.546554 -0.298652 0.198234 216 38 0
0.550543 -0.296262 0.200904 216 38 0
0.555007 -0.296017 0.204189 216 38 0
0.559031 -0.29655 0.207757 216 38 0
0.56111 -0.299754 0.209585 216 38 0
0.563775 -0.302437 0.211665 216 38 0
0.565339 -0.307005 0.213275 216 38 0
0.564741 -0.312875 0.214311 216 38 0
0.564226 -0.318737 0.214498 216 38 0
0.561553 -0.323637 0.213192 216 38 0
0.557867 -0.326325 0.210594 216 38 0
0.554654 -0.328653 0.20721 216 38 0
0.550264 -0.328449 0.203212 216 38 0
0.546174 -0.326972 0.199639 216 38 0
0.542988 -0.32276 0.196826 216 38 0
0.543065 -0.316863 0.196359 216 38 0
0.544755 -0.311236 0.197546 216 38 0
0.547927 -0.306839 0.199973 216 38 0
0.552549 -0.306332 0.203632 216 38 0
0.557075 -0.306792 0.207521 216 38 0
0.561174 -0.309112 0.21094 216 38 0
0.563269 -0.314154 0.213289 216 38 0
0.564378 -0.319702 0.214905 216 38 0
0.563948 -0.325659 0.215415 216 38 0
0.562298 -0.331345 0.214588 216 38 0
0.559707 -0.336269 0.212679 216 38 0
0.555491 -0.338931 0.209407 216 38 0
0.551113 -0.340298 0.205804 216 38 0
0.546634 -0.338777 0.202219 216 38 0
0.543282 -0.335219 0.198902 216 38 0
0.542099 -0.329996 0.197369 216 38 0
0.542512 -0.324025 0.197293 216 38 0
0.545258 -0.319667 0.199341 216 38 0
0.549222 -0.316666 0.202619 216 38 0
0.553791 -0.316153 0.206354 216 38 0
0.558 -0.317628 0.209909 216 38 0
0.561033 -0.321701 0.213077 216 38 0
0.563354 -0.326666 0.215447 216 38 0
0.563554 -0.33248 0.216408 216 38 0
0.562725 -0.338347 0.21631 216 38 0
0.559978 -0.343184 0.214548 216 38 0
0.557144 -0.347942 0.21236 216 38 0
0.552879 -0.3504 0.209171 216 38 0
0.548308 -0.350033 0.205434 216 38 0
0.544248 -0.347529 0.20204 216 38 0
0.541604 -0.342929 0.19933 216 38 0
0.541803 -0.337026 0.19862 216 38 0
0.543543 -0.33164 0.199447 216 38 0
0.547418 -0.328103 0.20222 216 38 0
0.551348 -0.326596 0.20556 216 38 0
0.555615 -0.328352 0.209261 216 38 0
0.559455 -0.330986 0.21301 216 38 0
0.562292 -0.335257 0.215936 216 38 0
0.562856 -0.340936 0.217397 216 38 0
0.561964 -0.34681 0.217535 216 38 0
0.560283 -0.352502 0.216742 216 38 0
0.556834 -0.356537 0.214505 216 38 0
0.553306 -0.360451 0.211837 216 38 0
0.548574 -0.360444 0.208161 216 38 0
0.544387 -0.359147 0.204577 216 38 0
0.540989 -0.355247 0.201563 216 38 0
0.540876 -0.349602 0.2006 216 38 0
0.54215 -0.344018 0.200965 216 38 0
0.545037 -0.339141 0.202885 216 38 0
0.549572 -0.33784 0.206252 216 38 0
0.553725 -0.33714 0.209859 216 38 0
0.557385 -0.340264 0.213434 216 38 0
0.560684 -0.344015 0.216717 216 38 0
0.562062 -0.349384 0.218755 216 38 0
0.561613 -0.355311 0.219437 216 38 0
0.560322 -0.360976 0.219042 216 38 0
0.557551 -0.365919 0.217303 216 38 0
0.553758 -0.369687 0.214612 216 38 0
0.549346 -0.370654 0.211245 216 38 0
0.545022 -0.369848 0.207441 216 38 0
0.541701 -0.366359 0.203875 216 38 0
0.540012 -0.361185 0.201911 216 38 0
0.540211 -0.35521 0.201538 216 38 0
0.542785 -0.350271 0.2032 216 38 0
0.547274 -0.348549 0.206597 216 38 0
0.551777 -0.348273 0.21052 216 38 0
0.555998 -0.34958 0.214436 216 38 0
0.558775 -0.353635 0.217544 216 38 0
0.561215 -0.35845 0.220142 216 38 0
0.561206 -0.364237 0.221163 216 38 0
0.559673 -0.370013 0.22077 216 38 0
0.55735 -0.375313 0.219458 216 38 0
0.554186 -0.379632 0.217157 216 38 0
0.550059 -0.382443 0.213851 216 38 0
0.545662 -0.381374 0.210094 216 38 0
0.542155 -0.378478 0.20656 216 38 0
0.539421 -0.374334 0.20366 216 38 0
0.539765 -0.368557 0.202701 216 38 0
0.541516 -0.363009 0.203486 216 38 0
0.544419 -0.358714 0.205972 216 38 0
0.54888 -0.358326 0.209929 216 38 0
0.553119 -0.358752 0.214116 216 38 0
0.557146 -0.36095 0.217836 216 38 0
0.558976 -0.365963 0.220351 216 38 0
0.560642 -0.371288 0.222361 216 38 0
0.560566 -0.377196 0.222754 216 38 0
0.558642 -0.382321 0.221529 216 38 0
0.555612 -0.386833 0.219052 216 38 0
0.552382 -0.390773 0.216243 217 37 0
0.548621 -0.392119 0.212666 217 37 0
0.544887 -0.390995 0.20875 217 37 0
0.541997 -0.388069 0.206051 217 37 0
0.538995 -0.384363 0.203197 217 37 0
0.539291 -0.378566 0.202811 217 37 0
0.540447 -0.374205 0.203551 217 37 0
0.543419 -0.370093 0.206095 217 37 0
0.546842 -0.368635 0.209615 217 37 0
0.549779 -0.368196 0.213463 217 37 0
0.553187 -0.369747 0.21728 217 37 0
0.557178 -0.371927 0.220329 217 37 0
0.559096 -0.377237 0.221583 217 37 0
0.56057 -0.382703 0.222276 217 37 0
0.559265 -0.388067 0.220988 217 37 0
0.556929 -0.392712 0.218821 217 37 0
0.552924 -0.395545 0.215661 217 37 0
0.548609 -0.396714 0.212057 217 37 0
0.543964 -0.396166 0.208578 217 37 0
0.540634 -0.392633 0.205742 217 37 0
0.538703 -0.387678 0.203883 217 37 0
0.538577 -0.381865 0.203458 217 37 0
0.539681 -0.376242 0.204086 217 37 0
0.542407 -0.371777 0.206132 217 37 0
0.546549 -0.369487 0.209295 217 37 0
0.550135 -0.368196 0.212846 217 37 0
0.553505 -0.368578 0.217132 217 37 0
0.556531 -0.370565 0.219777 217 37 0
0.558505 -0.37377 0.221562 217 37 0
0.560399 -0.377417 0.223493 217 37 0
0.56024 -0.383141 0.223722 217 37 0
0.558324 -0.386891 0.222187 217 37 0
0.555588 -0.390445 0.219283 217 37 0
0.552009 -0.391919 0.215799 217 37 0
0.548029 -0.392097 0.211879 217 37 0
0.544323 -0.388924 0.20858 217 37 0
0.541501 -0.385482 0.205489 217 37 0
0.540177 -0.380265 0.203682 217 37 0
0.539003 -0.374632 0.202237 217 37 0
0.540955 -0.369344 0.202979 217 37 0
0.542574 -0.364045 0.20414 217 37 0
0.546041 -0.360833 0.207096 217 37 0
0.549512 -0.35831 0.210794 217 37 0
0.553782 -0.357794 0.214788 217 37 0
0.557421 -0.35989 0.218631 217 37 0
0.560634 -0.363748 0.221706 217 37 0
0.561006 -0.368987 0.222554 217 37 0
0.560667 -0.374805 0.222656 217 37 0
0.556881 -0.378671 0.220163 217 37 0
0.552569 -0.380698 0.216757 217 37 0
0.548785 -0.38205 0.213239 217 37 0
0.545617 -0.378688 0.209572 217 37 0
0.542744 -0.37537 0.206393 217 37 0
0.540792 -0.370389 0.203771 217 37 0
0.539823 -0.365263 0.202078 217 37 0
0.54174 -0.359619 0.202364 217 37 0
0.544053 -0.354257 0.203739 217 37 0
0.547084 -0.349855 0.206347 217 37 0
0.551131 -0.347024 0.209768 217 37 0
0.554718 -0.348624 0.213146 217 37 0
0.558848 -0.349272 0.21715 217 37 0
0.561353 -0.353568 0.219979 217 37 0
0.562758 -0.35873 0.221856 217 37 0
0.561164 -0.36439 0.221351 217 37 0
0.557326 -0.36818 0.218816 217 37 0
0.553381 -0.37078 0.215332 217 37 0
0.548907 -0.370628 0.211348 217 37 0
0.54535 -0.368189 0.207407 217 37 0
0.542889 -0.363995 0.204206 217 37 0
0.541259 -0.358709 0.20193 217 37 0
0.540737 -0.353091 0.200797 217 37 0
0.542877 -0.347754 0.201393 217 37 0
0.54552 -0.342666 0.203136 217 37 0
0.548896 -0.338436 0.205663 217 37 0
0.553229 -0.336422 0.209121 217 37 0
0.557557 -0.337801 0.213046 217 37 0
0.561426 -0.340695 0.216561 217 37 0
0.563586 -0.345369 0.219445 217 37 0
0.563754 -0.351158 0.220416 217 37 0
0.561111 -0.356113 0.219037 217 37 0
0.55731 -0.359465 0.216068 217 37 0
0.552892 -0.360448 0.212236 217 37 0
0.548439 -0.359799 0.208361 217 37 0
0.545213 -0.356522 0.20507 217 37 0
0.543108 -0.351543 0.202478 217 37 0
0.543048 -0.345804 0.201296 217 37 0
0.543373 -0.339822 0.200777 217 37 0
0.545083 -0.334341 0.201496 217 37 0
0.548781 -0.330529 0.203929 217 37 0
0.552919 -0.327272 0.206832 217 37 0
0.557265 -0.327498 0.210579 217 37 0
0.561325 -0.328752 0.214473 217 37 0
0.563883 -0.333533 0.217054 217 37 0
0.564907 -0.339047 0.218557 217 37 0
0.564285 -0.344728 0.218505 217 37 0
0.560769 -0.348584 0.216008 217 37 0
0.556627 -0.350662 0.212735 217 37 0
0.551933 -0.350323 0.209075 217 37 0
0.548262 -0.347247 0.205499 217 37 0
0.544978 -0.343296 0.202397 217 37 0
0.543674 -0.337844 0.200732 217 37 0
0.543924 -0.331893 0.200093 217 37 0
0.544184 -0.326125 0.199919 217 37 0
0.547996 -0.322117 0.202247 218 36 0
0.552056 -0.319022 0.205207 218 36 0
0.556479 -0.316686 0.208543 218 36 0
0.560963 -0.317314 0.212313 218 36 0
0.564341 -0.320756 0.21533 218 36 0
0.565726 -0.326237 0.217087 218 36 0
0.56602 -0.33211 0.217602 218 36 0
0.563095 -0.336101 0.215665 218 36 0
0.559197 -0.339579 0.212765 218 36 0
0.554683 -0.340494 0.209016 218 36 0
0.550481 -0.338363 0.205506 218 36 0
0.546737 -0.334767 0.202484 218 36 0
0.545256 -0.329243 0.200909 218 36 0
0.543988 -0.323678 0.199333 218 36 0
0.544479 -0.317746 0.199155 218 36 0
0.547289 -0.312803 0.200559 218 36 0
0.551348 -0.309271 0.203126 218 36 0
0.555842 -0.307054 0.206441 218 36 0
0.560626 -0.306613 0.210014 218 36 0
0.564349 -0.309484 0.213253 218 36 0
0.566735 -0.314524 0.215482 218 36 0
0.566779 -0.320307 0.215767 218 36 0
0.564637 -0.325742 0.214363 218 36 0
0.560664 -0.329239 0.211591 218 36 0
0.556199 -0.329757 0.208518 218 36 0
0.551561 -0.328342 0.205107 218 36 0
0.547812 -0.325257 0.202064 218 36 0
0.545459 -0.320205 0.199899 218 36 0
0.544523 -0.31437 0.198799 218 36 0
0.544854 -0.308482 0.198588 218 36 0
0.547856 -0.303562 0.200257 218 36 0
0.551593 -0.299524 0.202662 218 36 0
0.556032 -0.296907 0.205641 218 36 0
0.560962 -0.296346 0.208968 218 36 0
0.565196 -0.298979 0.212182 218 36 0
0.567532 -0.302767 0.214247 218 36 0
0.569113 -0.308196 0.215616 218 36 0
0.566834 -0.313302 0.214416 218 36 0
0.563732 -0.317701 0.212348 218 36 0
0.559132 -0.320025 0.209264 218 36 0
0.554353 -0.318793 0.206034 218 36 0
0.54993 -0.316203 0.202912 218 36 0
0.546544 -0.312311 0.200362 218 36 0
0.545086 -0.306698 0.198888 218 36 0
0.54612 -0.30117 0.198866 218 36 0
0.546257 -0.295203 0.198726 218 36 0
0.550184 -0.291562 0.200959 218 36 0
0.554088 -0.287905 0.203487 218 36 0
0.558665 -0.285583 0.206578 218 36 0
0.563353 -0.286152 0.209761 218 36 0
0.566927 -0.290041 0.21231 218 36 0
0.569336 -0.295261 0.214071 218 36 0
0.569592 -0.300928 0.21449 218 36 0
0.566597 -0.305472 0.212724 218 36 0
0.561932 -0.307818 0.209744 218 36 0
0.556997 -0.308422 0.206441 218 36 0
0.552398 -0.30704 0.203214 218 36 0
0.548958 -0.302881 0.200712 218 36 0
0.546264 -0.298054 0.198683 218 36 0
0.546457 -0.292052 0.198388 218 36 0
0.54761 -0.286379 0.198825 218 36 0
0.550288 -0.281218 0.200354 218 36 0
0.553353 -0.27645 0.202335 218 36 0
0.558336 -0.276097 0.2056 218 36 0
0.563144 -0.276669 0.208831 218 36 0
0.567402 -0.279387 0.211907 218 36 0
0.570319 -0.284135 0.214103 218 36 0
0.56945 -0.289878 0.213894 218 36 0
0.568042 -0.2954 0.213133 218 36 0
0.563969 -0.298671 0.210553 218 36 0
0.558979 -0.29888 0.207209 218 36 0
0.554179 -0.29783 0.203904 218 36 0
0.550103 -0.294502 0.201028 218 36 0
0.547204 -0.289878 0.198793 218 36 0
0.546711 -0.284106 0.197822 218 36 0
0.547273 -0.278182 0.1977 218 36 0
0.549951 -0.272956 0.198898 218 36 0
0.553527 -0.268559 0.200853 218 36 0
0.557897 -0.265586 0.203605 218 36 0
0.562829 -0.264797 0.206804 218 36 0
0.567309 -0.267104 0.20994 218 36 0
0.57115 -0.270634 0.212809 218 36 0
0.570843 -0.276623 0.213244 218 36 0
0.569715 -0.282332 0.213059 218 36 0
0.566096 -0.286483 0.210983 218 36 0
0.561641 -0.288314 0.208197 218 36 0
0.556771 -0.287976 0.204873 218 36 0
0.552614 -0.28495 0.201769 218 36 0
0.549901 -0.280249 0.199416 218 36 0
0.547571 -0.275047 0.197572 218 36 0
0.548068 -0.269374 0.197307 218 36 0
0.549553 -0.263729 0.197727 218 36 0
0.552675 -0.259126 0.199045 218 36 0
0.557161 -0.256756 0.20133 218 36 0
0.561872 -0.254705 0.204092 218 36 0
0.566659 -0.255602 0.207228 218 36 0
0.570634 -0.259007 0.210155 218 36 0
0.57228 -0.264039 0.212062 218 36 0
0.571386 -0.269268 0.212347 218 36 0
0.569255 -0.27433 0.211569 218 36 0
0.564951 -0.277216 0.209204 218 36 0
0.560111 -0.278613 0.206132 218 36 0
0.555934 -0.276645 0.20315 218 36 0
0.552151 -0.273023 0.200349 218 36 0
0.549328 -0.268572 0.198121 219 35 0
0.548662 -0.262819 0.19723 219 35 0
0.54975 -0.25842 0.197399 219 35 0
0.549983 -0.252425 0.197019 219 35 0
0.554508 -0.249379 0.199132 219 35 0
0.558606 -0.245727 0.20092 219 35 0
0.563736 -0.244486 0.203446 219 35 0
0.568646 -0.245458 0.20626 219 35 0
0.571334 -0.248672 0.208276 219 35 0
0.573615 -0.253473 0.210342 219 35 0
0.573422 -0.259036 0.211238 219 35 0
0.570011 -0.263465 0.210072 219 35 0
0.566121 -0.266253 0.208028 219 35 0
0.562925 -0.268644 0.206025 219 35 0
0.558092 -0.267732 0.202833 219 35 0
0.554132 -0.264308 0.200218 219 35 0
0.551783 -0.260256 0.198663 219 35 0
0.549839 -0.256635 0.197329 219 35 0
0.549966 -0.250723 0.196961 219 35 0
0.5502 -0.244828 0.196593 219 35 0
0.552407 -0.241296 0.197486 219 35 0
0.553958 -0.237932 0.198187 219 35 0
0.557754 -0.236198 0.199924 219 35 0
0.562587 -0.234885 0.202248 219 35 0
0.564705 -0.235692 0.203374 219 35 0
0.568692 -0.237687 0.205659 219 35 0
0.572563 -0.239772 0.208056 219 35 0
0.576273 -0.242089 0.210495 219 35 0
0.579985 -0.244392 0.212945 219 35 0
0.583647 -0.246817 0.215342 219 35 0
0.583163 -0.246698 0.216209 219 35 0
0.641725 -0.246942 0.243144 219 35 0
0.642063 -0.247079 0.242213 219 35 0
0.641875 -0.254732 0.242159 219 35 0
0.641641 -0.259948 0.242904 219 35 0
0.641042 -0.265143 0.243612 219 35 0
0.640688 -0.270347 0.244383 219 35 0
0.640491 -0.275557 0.2452 219 35 0
0.640169 -0.280765 0.24598 219 35 0
0.639747 -0.285976 0.246698 219 35 0
0.639245 -0.291187 0.247355 219 35 0
0.638903 -0.296401 0.248059 219 35 0
0.638407 -0.3016 0.248656 219 35 0
0.637261 -0.309331 0.249858 219 35 0
0.636478 -0.314108 0.251144 219 35 0
0.635736 -0.318938 0.252239 219 35 0
0.635053 -0.323783 0.253307 219 35 0
0.634347 -0.328612 0.25443 219 35 0
0.633688 -0.333435 0.255608 219 35 0
0.632963 -0.338262 0.256728 219 35 0
0.632359 -0.3431 0.257874 219 35 0
0.631729 -0.347931 0.259036 219 35 0
0.631135 -0.352773 0.260169 219 35 0
0.630546 -0.357623 0.261271 219 35 0
0.630023 -0.362506 0.262249 219 35 0
0.629459 -0.367379 0.263255 219 35 0
0.628926 -0.372287 0.264089 219 35 0
0.629633 -0.364555 0.263172 219 35 0
0.630254 -0.359777 0.261945 219 35 0
0.630851 -0.355001 0.260701 219 35 0
0.631434 -0.35019 0.259588 219 35 0
0.632049 -0.345395 0.258427 219 35 0
0.632856 -0.340604 0.257369 219 35 0
0.633499 -0.335807 0.256227 219 35 0
0.634203 -0.331018 0.255092 219 35 0
0.634895 -0.326227 0.253954 219 35 0
0.635632 -0.321416 0.252944 219 35 0
0.636551 -0.316637 0.251924 219 35 0
0.637382 -0.308381 0.249727 219 35 0
0.637568 -0.303537 0.248962 219 35 0
0.637892 -0.298702 0.248194 219 35 0
0.638266 -0.293872 0.247413 219 35 0
0.638631 -0.289024 0.246744 219 35 0
0.639014 -0.284175 0.246094 219 35 0
0.639408 -0.279331 0.245414 219 35 0
0.639901 -0.27449 0.244775 219 35 0
0.64038 -0.269647 0.244141 219 35 0
0.640895 -0.26481 0.243494 219 35 0
0.64142 -0.259976 0.24283 219 35 0
0.641859 -0.25513 0.242202 219 35 0
0.643548 -0.232337 0.238652 219 35 0
0.648052 -0.233877 0.240776 219 35 0
0.652388 -0.23551 0.24312 219 35 0
0.655921 -0.238635 0.245543 219 35 0
0.657051 -0.244174 0.246916 219 35 0
0.656744 -0.250066 0.24779 219 35 0
0.655515 -0.255713 0.248057 219 35 0
0.651935 -0.259428 0.247166 219 35 0
0.64762 -0.26235 0.245446 219 35 0
0.642958 -0.259737 0.242976 219 35 0
0.63839 -0.257009 0.240186 219 35 0
0.636442 -0.251921 0.238544 219 35 0
0.63704 -0.245975 0.237933 219 35 0
0.638967 -0.240622 0.23809 219 35 0
0.642457 -0.235863 0.239147 219 35 0
0.647452 -0.234816 0.241206 219 35 0
0.652391 -0.232633 0.243407 219 35 0
0.657297 -0.235018 0.245926 219 35 0
0.66209 -0.237243 0.248538 219 35 0
0.664641 -0.2424 0.250221 219 35 0
0.666274 -0.247838 0.251538 219 35 0
0.666478 -0.253793 0.252299 219 35 0
0.662569 -0.257891 0.250924 219 35 0
0.658237 -0.261627 0.249149 219 35 0
0.653058 -0.262439 0.246718 220 34 0
0.648925 -0.259008 0.244483 220 34 0
0.646005 -0.254137 0.242528 220 34 0
0.644544 -0.248599 0.241122 220 34 0
0.646821 -0.243068 0.241603 220 34 0
0.649458 -0.238102 0.242196 220 34 0
0.654639 -0.235695 0.244007 220 34 0
0.660208 -0.23517 0.245948 220 34 0
0.665648 -0.234601 0.248421 220 34 0
0.670116 -0.237959 0.250564 220 34 0
0.674245 -0.241551 0.252913 220 34 0
0.675962 -0.247031 0.254192 220 34 0
0.674416 -0.252737 0.254052 220 34 0
0.673207 -0.258497 0.254293 220 34 0
0.66829 -0.2614 0.252658 220 34 0
0.662687 -0.262012 0.250968 220 34 0
0.657859 -0.25944 0.248955 220 34 0
0.654577 -0.25526 0.247107 220 34 0
0.653259 -0.24998 0.245792 220 34 0
0.655018 -0.244766 0.245717 220 34 0
0.65755 -0.239691 0.245654 220 34 0
0.661736 -0.236823 0.246785 220 34 0
0.66605 -0.234589 0.247719 220 34 0
0.671113 -0.23401 0.249233 220 34 0
0.674805 -0.236218 0.249782 220 34 0
0.678157 -0.238561 0.251345 220 34 0
0.680899 -0.242647 0.252979 220 34 0
0.683114 -0.24683 0.254844 220 34 0
0.68269 -0.252701 0.255987 220 34 0
0.680301 -0.257845 0.256185 220 34 0
0.677685 -0.262792 0.256438 220 34 0
0.673062 -0.266423 0.255358 220 34 0
0.668181 -0.268517 0.254008 220 34 0
0.662688 -0.267641 0.252037 220 34 0
0.658629 -0.263732 0.250215 220 34 0
0.655337 -0.259926 0.248099 220 34 0
0.654585 -0.254245 0.246729 220 34 0
0.657232 -0.249174 0.247112 220 34 0
0.661559 -0.245577 0.248249 220 34 0
0.667104 -0.244931 0.250134 220 34 0
0.672674 -0.245257 0.25235 220 34 0
0.677177 -0.248302 0.254694 220 34 0
0.680068 -0.25315 0.256574 220 34 0
0.681139 -0.258933 0.25771 220 34 0
0.680505 -0.264884 0.258227 220 34 0
0.678197 -0.270351 0.258073 220 34 0
0.674965 -0.275255 0.257544 220 34 0
0.669955 -0.278103 0.256154 220 34 0
0.664443 -0.278135 0.253778 220 34 0
0.659644 -0.276789 0.251527 220 34 0
0.655908 -0.272498 0.249573 220 34 0
0.654917 -0.267225 0.248688 220 34 0
0.655273 -0.261451 0.248243 220 34 0
0.659336 -0.25751 0.249553 220 34 0
0.663939 -0.25414 0.251435 220 34 0
0.669251 -0.25517 0.253806 220 34 0
0.674211 -0.257432 0.256325 220 34 0
0.676726 -0.262079 0.257712 220 34 0
0.679487 -0.267006 0.259531 220 34 0
0.679342 -0.272987 0.260149 220 34 0
0.678621 -0.278782 0.260412 220 34 0
0.675298 -0.283447 0.259465 220 34 0
0.670356 -0.286434 0.257776 220 34 0
0.665241 -0.288666 0.2556 220 34 0
0.659949 -0.287427 0.253239 220 34 0
0.655575 -0.284046 0.250965 220 34 0
0.653992 -0.278472 0.249913 220 34 0
0.654771 -0.27264 0.249889 220 34 0
0.658178 -0.267943 0.25084 220 34 0
0.663311 -0.265597 0.252927 220 34 0
0.668273 -0.266108 0.255132 220 34 0
0.672768 -0.269309 0.257525 220 34 0
0.677143 -0.272435 0.260106 220 34 0
0.678881 -0.277916 0.261537 220 34 0
0.678682 -0.283878 0.262269 220 34 0
0.67715 -0.2895 0.262285 220 34 0
0.67413 -0.294652 0.261651 220 34 0
0.669648 -0.298149 0.259955 220 34 0
0.664123 -0.298434 0.257603 220 34 0
0.658865 -0.297148 0.255276 220 34 0
0.655072 -0.293042 0.253302 220 34 0
0.652948 -0.287689 0.251731 220 34 0
0.653217 -0.281809 0.251123 220 34 0
0.656898 -0.27724 0.252101 220 34 0
0.662062 -0.276154 0.254182 220 34 0
0.667512 -0.276465 0.256716 220 34 0
0.672249 -0.278741 0.25906 220 34 0
0.675399 -0.283213 0.260923 220 34 0
0.678158 -0.288104 0.26292 220 34 0
0.677872 -0.293891 0.263704 220 34 0
0.676554 -0.299711 0.263969 220 34 0
0.672998 -0.304041 0.263185 220 34 0
0.668087 -0.307164 0.261685 220 34 0
0.662682 -0.308262 0.259785 220 34 0
0.657244 -0.30781 0.257343 220 34 0
0.653254 -0.304058 0.25531 220 34 0
0.651598 -0.298595 0.253852 220 34 0
0.652001 -0.292942 0.253041 220 34 0
0.655766 -0.288754 0.254137 220 34 0
0.660591 -0.286105 0.255692 220 34 0
0.666194 -0.286489 0.257819 220 34 0
0.670665 -0.288879 0.259731 220 34 0
0.674896 -0.292068 0.262078 220 34 0
0.677512 -0.297144 0.26396 221 33 0
0.67699 -0.303045 0.264932 221 33 0
0.676204 -0.308956 0.265649 221 33 0
0.672887 -0.313581 0.265512 221 33 0
0.668085 -0.316614 0.26444 221 33 0
0.662799 -0.318839 0.26308 221 33 0
0.657128 -0.31855 0.261118 221 33 0
0.652863 -0.315521 0.258824 221 33 0
0.650517 -0.310763 0.256694 221 33 0
0.649753 -0.305312 0.255272 221 33 0
0.651783 -0.300558 0.255379 221 33 0
0.655559 -0.298831 0.256473 221 33 0
0.658962 -0.295948 0.257511 221 33 0
0.664082 -0.296216 0.259074 221 33 0
0.668215 -0.297638 0.260425 221 33 0
0.671561 -0.300653 0.261853 221 33 0
0.674555 -0.303169 0.263621 221 33 0
0.676349 -0.308057 0.265261 221 33 0
0.676587 -0.31313 0.266814 221 33 0
0.675005 -0.318639 0.267513 221 33 0
0.671995 -0.323298 0.267311 221 33 0
0.668177 -0.327065 0.266724 221 33 0
0.663109 -0.328908 0.265011 221 33 0
0.657771 -0.328714 0.262952 221 33 0
0.653141 -0.325997 0.260667 221 33 0
0.649604 -0.321698 0.258385 221 33 0
0.648875 -0.316241 0.257255 221 33 0
0.65073 -0.31063 0.257071 221 33 0
0.655484 -0.30785 0.258503 221 33 0
0.660676 -0.30669 0.260516 221 33 0
0.66617 -0.307125 0.262865 221 33 0
0.670374 -0.310712 0.265209 221 33 0
0.67345 -0.315359 0.267404 221 33 0
0.674846 -0.320889 0.268911 221 33 0
0.674653 -0.326794 0.269913 221 33 0
0.671663 -0.33198 0.269424 221 33 0
0.667694 -0.336298 0.268409 221 33 0
0.662612 -0.338938 0.266636 221 33 0
0.657186 -0.340177 0.264404 221 33 0
0.652357 -0.337722 0.262141 221 33 0
0.648348 -0.333865 0.259917 221 33 0
0.647329 -0.328394 0.258885 221 33 0
0.648308 -0.322563 0.258538 221 33 0
0.652767 -0.318878 0.260085 221 33 0
0.6579 -0.316791 0.262119 221 33 0
0.663215 -0.317147 0.2647 221 33 0
0.667267 -0.320865 0.266915 221 33 0
0.67082 -0.324596 0.269519 221 33 0
0.672444 -0.330113 0.271236 221 33 0
0.67135 -0.335559 0.271829 221 33 0
0.668878 -0.341046 0.271713 221 33 0
0.666157 -0.346226 0.271169 221 33 0
0.661012 -0.348634 0.269253 221 33 0
0.655634 -0.350365 0.267183 221 33 0
0.650943 -0.347557 0.264817 221 33 0
0.647158 -0.344039 0.262535 221 33 0
0.645083 -0.338714 0.260653 221 33 0
0.646632 -0.333101 0.260201 221 33 0
0.650314 -0.328802 0.26105 221 33 0
0.655364 -0.326262 0.262947 221 33 0
0.660642 -0.327164 0.265602 221 33 0
0.665372 -0.329469 0.268432 221 33 0
0.668373 -0.333843 0.270924 221 33 0
0.670265 -0.338908 0.27335 221 33 0
0.669451 -0.344832 0.274059 221 33 0
0.667496 -0.350491 0.274643 221 33 0
0.66435 -0.355224 0.274328 221 33 0
0.659527 -0.358454 0.272768 221 33 0
0.654431 -0.360471 0.270772 221 33 0
0.649482 -0.358512 0.268524 221 33 0
0.645515 -0.354925 0.266062 221 33 0
0.643252 -0.349766 0.263947 221 33 0
0.644036 -0.344104 0.26298 221 33 0
0.647346 -0.33933 0.263414 221 33 0
0.652489 -0.336976 0.265172 221 33 0
0.657962 -0.336861 0.267557 221 33 0
0.662299 -0.338927 0.270192 221 33 0
0.665691 -0.343081 0.272848 221 33 0
0.667532 -0.347998 0.275082 221 33 0
0.667991 -0.353762 0.276764 221 33 0
0.666983 -0.359382 0.277955 221 33 0
0.663503 -0.364233 0.277171 221 33 0
0.658737 -0.367638 0.276328 221 33 0
0.653453 -0.369775 0.274417 221 33 0
0.648471 -0.368784 0.272345 221 33 0
0.643972 -0.365644 0.269907 221 33 0
0.641167 -0.361149 0.267586 221 33 0
0.6413 -0.355353 0.266357 221 33 0
0.64385 -0.350788 0.266275 221 33 0
0.648479 -0.347342 0.267879 221 33 0
0.653871 -0.346479 0.270113 221 33 0
0.658812 -0.348435 0.272728 221 33 0
0.662897 -0.351705 0.275476 221 33 0
0.66549 -0.356611 0.277811 221 33 0
0.666375 -0.362349 0.279276 221 33 0
0.664844 -0.368093 0.279839 221 33 0
0.662124 -0.373458 0.279807 221 33 0
0.657268 -0.376342 0.278454 221 33 0
0.652553 -0.379792 0.277148 221 33 0
0.647235 -0.380053 0.274763 221 33 0
0.642684 -0.376893 0.272413 221 33 0
0.639476 -0.372799 0.270314 221 33 0
0.637852 -0.367784 0.268613 221 33 0
0.639835 -0.362448 0.268698 221 33 0
0.644486 -0.35899 0.270276 222 32 0
0.649298 -0.356419 0.272102 222 32 0
0.654567 -0.356539 0.274501 222 32 0
0.659038 -0.359654 0.276853 222 32 0
0.662304 -0.363812 0.278993 222 32 0
0.663782 -0.369445 0.280361 222 32 0
0.664434 -0.374755 0.281615 222 32 0
0.662169 -0.379983 0.281133 222 32 0
0.658726 -0.384727 0.280175 222 32 0
0.654469 -0.388601 0.278514 222 32 0
0.649547 -0.390337 0.276255 222 32 0
0.644889 -0.388657 0.274151 222 32 0
0.640385 -0.386335 0.271835 222 32 0
0.638261 -0.382115 0.270745 222 32 0
0.637004 -0.376656 0.269936 222 32 0
0.639151 -0.371955 0.270877 222 32 0
0.641858 -0.36895 0.271779 222 32 0
0.644765 -0.366735 0.272855 222 32 0
0.649789 -0.366273 0.274838 222 32 0
0.654621 -0.367249 0.277056 222 32 0
0.658692 -0.369863 0.279375 222 32 0
0.662074 -0.374303 0.281406 222 32 0
0.661882 -0.380244 0.281555 222 32 0
0.661789 -0.386302 0.28184 222 32 0
0.658384 -0.39096 0.280274 222 32 0
0.653607 -0.39383 0.277958 222 32 0
0.64837 -0.394306 0.275313 222 32 0
0.643418 -0.39193 0.272871 222 32 0
0.639768 -0.387996 0.271009 222 32 0
0.637217 -0.382679 0.269657 222 32 0
0.638039 -0.376847 0.270006 222 32 0
0.640498 -0.371429 0.27118 222 32 0
0.644909 -0.368295 0.27325 222 32 0
0.649626 -0.366273 0.27512 222 32 0
0.653729 -0.366316 0.276405 222 32 0
0.658208 -0.368106 0.278441 222 32 0
0.661297 -0.371898 0.280111 222 32 0
0.662583 -0.376099 0.281031 222 32 0
0.66259 -0.379939 0.28137 222 32 0
0.660595 -0.384802 0.28096 222 32 0
0.657171 -0.388045 0.279751 222 32 0
0.652385 -0.389821 0.277788 222 32 0
0.647277 -0.390179 0.275363 222 32 0
0.643922 -0.387627 0.273762 222 32 0
0.640342 -0.384879 0.271898 222 32 0
0.63808 -0.379795 0.270498 222 32 0
0.637202 -0.374359 0.269601 222 32 0
0.637883 -0.368554 0.269014 222 32 0
0.640747 -0.363852 0.269446 222 32 0
0.644641 -0.35938 0.270304 222 32 0
0.649277 -0.356409 0.271697 222 32 0
0.654814 -0.355984 0.273843 222 32 0
0.659615 -0.357938 0.276202 222 32 0
0.663391 -0.361362 0.278739 222 32 0
0.664246 -0.366803 0.280041 222 32 0
0.663382 -0.372123 0.280885 222 32 0
0.659312 -0.376428 0.280005 222 32 0
0.654439 -0.378717 0.278352 222 32 0
0.649923 -0.380321 0.276399 222 32 0
0.645371 -0.377357 0.274003 222 32 0
0.641591 -0.373603 0.271457 222 32 0
0.639563 -0.368408 0.269477 222 32 0
0.638121 -0.363338 0.267351 222 32 0
0.640744 -0.35872 0.26722 222 32 0
0.642683 -0.353587 0.266777 222 32 0
0.646886 -0.349453 0.267234 222 32 0
0.651457 -0.346348 0.268359 222 32 0
0.656971 -0.34619 0.270501 222 32 0
0.661904 -0.347432 0.273082 222 32 0
0.665199 -0.351794 0.275468 222 32 0
0.665995 -0.357182 0.277531 222 32 0
0.664847 -0.362957 0.278638 222 32 0
0.661333 -0.367567 0.278209 222 32 0
0.65607 -0.369239 0.276785 222 32 0
0.651281 -0.369333 0.274572 222 32 0
0.646631 -0.367465 0.271795 222 32 0
0.643197 -0.363492 0.269046 222 32 0
0.641327 -0.358378 0.266573 222 32 0
0.641748 -0.352657 0.264931 222 32 0
0.642858 -0.346948 0.263494 222 32 0
0.645733 -0.341751 0.263534 222 32 0
0.650243 -0.337897 0.264254 222 32 0
0.655453 -0.336744 0.265733 222 32 0
0.660945 -0.336984 0.2681 222 32 0
0.665705 -0.338857 0.2709 222 32 0
0.668584 -0.343411 0.273489 222 32 0
0.668066 -0.348825 0.274689 222 32 0
0.665894 -0.354179 0.27522 222 32 0
0.662253 -0.358221 0.274473 222 32 0
0.656764 -0.358818 0.272422 222 32 0
0.651382 -0.358515 0.269814 222 32 0
0.646999 -0.355672 0.266972 222 32 0
0.643916 -0.351279 0.264461 222 32 0
0.642685 -0.345844 0.262415 222 32 0
0.644559 -0.34038 0.261811 222 32 0
0.645602 -0.334576 0.260936 222 32 0
0.649384 -0.329983 0.261178 222 32 0
0.654097 -0.326693 0.26251 222 32 0
0.659427 -0.325172 0.26471 222 32 0
0.664415 -0.327037 0.267074 222 32 0
0.66825 -0.330936 0.269446 222 32 0
0.670989 -0.33545 0.271858 222 32 0
0.6695 -0.341055 0.272108 222 32 0
0.66644 -0.346162 0.271511 222 32 0
0.661923 -0.34903 0.26983 223 31 0
0.656632 -0.348527 0.267274 223 31 0
0.651602 -0.346887 0.264676 223 31 0
0.647718 -0.343169 0.262306 223 31 0
0.646066 -0.337683 0.260734 223 31 0
0.645041 -0.331954 0.259314 223 31 0
0.646997 -0.326777 0.259355 223 31 0
0.650449 -0.321937 0.25981 223 31 0
0.653856 -0.317702 0.260581 223 31 0
0.659269 -0.316644 0.262831 223 31 0
0.66468 -0.316043 0.265332 223 31 0
0.669082 -0.319094 0.2677 223 31 0
0.671266 -0.324442 0.26917 223 31 0
0.671631 -0.329847 0.269967 223 31 0
0.668424 -0.334748 0.268737 223 31 0
0.664213 -0.338361 0.267034 223 31 0
0.65904 -0.339133 0.264776 223 31 0
0.654034 -0.336999 0.262273 223 31 0
0.650465 -0.332845 0.2602 223 31 0
0.648064 -0.32769 0.258375 223 31 0
0.646418 -0.322191 0.25678 223 31 0
0.647642 -0.316562 0.256416 223 31 0
0.651357 -0.312114 0.257612 223 31 0
0.655491 -0.308049 0.259059 223 31 0
0.660298 -0.305448 0.260993 223 31 0
0.66571 -0.304771 0.263434 223 31 0
0.66908 -0.30923 0.265003 223 31 0
0.672457 -0.313161 0.266993 223 31 0
0.67281 -0.319049 0.267597 223 31 0
0.671423 -0.32438 0.267732 223 31 0
0.667253 -0.328387 0.266209 223 31 0
0.661829 -0.328232 0.263704 223 31 0
0.656726 -0.327742 0.26106 223 31 0
0.652491 -0.324377 0.258653 223 31 0
0.649749 -0.319441 0.256834 223 31 0
0.647807 -0.314036 0.255139 223 31 0
0.648281 -0.308136 0.254593 223 31 0
0.650192 -0.302478 0.254842 223 31 0
0.654428 -0.298491 0.256244 223 31 0
0.659317 -0.295501 0.257928 223 31 0
0.664707 -0.294778 0.260085 223 31 0
0.669817 -0.296396 0.262643 223 31 0
0.673048 -0.300868 0.264549 223 31 0
0.674493 -0.306331 0.265847 223 31 0
0.673466 -0.312213 0.266148 223 31 0
0.669888 -0.316834 0.265114 223 31 0
0.664977 -0.318771 0.26301 223 31 0
0.659563 -0.318612 0.260479 223 31 0
0.65462 -0.316534 0.257921 223 31 0
0.651415 -0.311937 0.255931 223 31 0
0.649313 -0.30663 0.254191 223 31 0
0.649198 -0.30081 0.25326 223 31 0
0.650904 -0.295152 0.253142 223 31 0
0.654868 -0.290935 0.254255 223 31 0
0.658502 -0.28675 0.255073 223 31 0
0.663838 -0.285676 0.257304 223 31 0
0.668775 -0.285249 0.259453 223 31 0
0.67317 -0.288473 0.261672 223 31 0
0.675894 -0.293284 0.263453 223 31 0
0.675797 -0.29923 0.264132 223 31 0
0.673504 -0.304612 0.263722 223 31 0
0.668554 -0.307493 0.262006 223 31 0
0.663281 -0.308281 0.259848 223 31 0
0.658395 -0.306585 0.257447 223 31 0
0.653988 -0.303479 0.254925 223 31 0
0.651648 -0.298589 0.25328 223 31 0
0.650359 -0.292923 0.251834 223 31 0
0.651415 -0.287108 0.251385 223 31 0
0.654491 -0.282182 0.251941 223 31 0
0.658558 -0.277986 0.253214 223 31 0
0.663274 -0.275038 0.254868 223 31 0
0.668714 -0.27533 0.257021 223 31 0
0.673679 -0.277614 0.259434 223 31 0
0.676393 -0.28242 0.260973 223 31 0
0.677082 -0.287062 0.262068 223 31 0
0.67606 -0.292672 0.262418 223 31 0
0.67219 -0.297087 0.261318 223 31 0
0.667178 -0.297897 0.259206 223 31 0
0.661937 -0.297671 0.256812 223 31 0
0.657229 -0.294913 0.254395 223 31 0
0.653818 -0.290702 0.252441 223 31 0
0.652798 -0.284994 0.251374 223 31 0
0.653543 -0.279099 0.2507 223 31 0
0.654343 -0.273295 0.250018 223 31 0
0.658038 -0.268944 0.250867 223 31 0
0.662371 -0.265154 0.252479 223 31 0
0.667623 -0.263889 0.254654 223 31 0
0.67276 -0.265498 0.256897 223 31 0
0.676377 -0.26971 0.258619 223 31 0
0.678811 -0.274916 0.260224 223 31 0
0.678162 -0.280419 0.260508 223 31 0
0.675268 -0.285118 0.259979 223 31 0
0.670381 -0.287891 0.25835 223 31 0
0.665026 -0.288668 0.255981 223 31 0
0.66038 -0.285933 0.253751 223 31 0
0.655888 -0.28283 0.251334 223 31 0
0.654044 -0.277498 0.250164 223 31 0
0.653906 -0.271573 0.249439 223 31 0
0.655104 -0.265768 0.249239 223 31 0
0.658051 -0.26066 0.249686 223 31 0
0.661828 -0.256856 0.250537 223 31 0
0.66672 -0.254275 0.252145 223 31 0
0.672266 -0.254616 0.254383 223 31 0
0.676987 -0.257353 0.256502 224 30 0
0.679814 -0.26236 0.258017 224 30 0
0.679928 -0.268052 0.258681 224 30 0
0.678159 -0.273537 0.258868 224 30 0
0.673786 -0.277389 0.257616 224 30 0
0.668487 -0.278037 0.255769 224 30 0
0.663119 -0.2771 0.253522 224 30 0
0.65851 -0.274111 0.251253 224 30 0
0.65562 -0.269214 0.249625 224 30 0
0.653566 -0.263816 0.248145 224 30 0
0.654486 -0.258125 0.247897 224 30 0
0.656593 -0.252897 0.247768 224 30 0
0.660655 -0.249017 0.248544 224 30 0
0.664901 -0.244892 0.249274 224 30 0
0.670457 -0.244454 0.251072 224 30 0
0.675516 -0.245329 0.252661 224 30 0
0.679458 -0.248571 0.254294 224 30 0
0.681239 -0.253688 0.255542 224 30 0
0.681594 -0.258827 0.256977 224 30 0
0.679282 -0.264168 0.257055 224 30 0
0.674825 -0.266785 0.256538 224 30 0
0.669831 -0.268616 0.254813 224 30 0
0.664861 -0.266883 0.253122 224 30 0
0.660505 -0.264578 0.251222 224 30 0
0.657313 -0.26155 0.249595 224 30 0
0.655816 -0.257003 0.248534 224 30 0
0.655305 -0.253553 0.247891 224 30 0
0.654872 -0.248475 0.246568 224 30 0
0.657024 -0.243576 0.246327 224 30 0
0.659896 -0.239955 0.246702 224 30 0
0.662743 -0.237332 0.247039 224 30 0
0.666314 -0.234595 0.247538 224 30 0
0.671197 -0.23401 0.249089 224 30 0
0.668599 -0.235497 0.248311 224 30 0
0.663991 -0.23776 0.247254 224 30 0
0.659345 -0.239882 0.246078 224 30 0
0.654651 -0.241793 0.244749 224 30 0
0.649961 -0.24365 0.243322 224 30 0
0.64527 -0.24542 0.241798 224 30 0
0.644954 -0.245274 0.242735 224 30 0
0.585246 -0.247509 0.217447 224 30 0
0.585717 -0.24761 0.21657 224 30 0
0.585717 -0.24761 0.21657 224 30 0
0.584934 -0.25529 0.217778 224 30 0
0.584971 -0.260331 0.218689 224 30 0
0.58475 -0.265383 0.219516 224 30 0
0.584599 -0.270448 0.220272 224 30 0
0.584574 -0.275527 0.220941 224 30 0
0.584453 -0.280619 0.221472 224 30 0
0.584173 -0.285716 0.221909 224 30 0
0.583921 -0.290818 0.22231 224 30 0
0.58373 -0.295929 0.22262 224 30 0
0.583552 -0.301041 0.222894 224 30 0
0.581845 -0.310816 0.223747 224 30 0
0.580919 -0.315822 0.22426 224 30 0
0.579983 -0.320841 0.224727 224 30 0
0.579146 -0.325871 0.22525 224 30 0
0.578031 -0.330853 0.225724 224 30 0
0.577105 -0.335853 0.22637 224 30 0
0.576196 -0.340858 0.227003 224 30 0
0.575125 -0.34585 0.227463 224 30 0
0.573998 -0.350829 0.227938 224 30 0
0.57311 -0.355842 0.228533 224 30 0
0.572226 -0.36086 0.229103 224 30 0
0.571109 -0.365833 0.229639 224 30 0
0.57022 -0.370843 0.230224 224 30 0
0.571437 -0.363065 0.229474 224 30 0
0.572708 -0.358487 0.229052 224 30 0
0.573687 -0.35385 0.228469 224 30 0
0.574696 -0.349215 0.22793 224 30 0
0.575844 -0.344603 0.227483 224 30 0
0.576754 -0.339943 0.226973 224 30 0
0.577681 -0.335279 0.226539 224 30 0
0.578604 -0.330622 0.226031 224 30 0
0.579533 -0.325966 0.22552 224 30 0
0.580509 -0.321312 0.225097 224 30 0
0.581421 -0.316646 0.224755 224 30 0
0.581918 -0.308617 0.223236 224 30 0
0.582327 -0.303773 0.222817 224 30 0
0.5825 -0.298904 0.222438 224 30 0
0.582728 -0.29404 0.222021 224 30 0
0.582845 -0.289168 0.22164 224 30 0
0.582995 -0.2843 0.221221 224 30 0
0.583163 -0.279437 0.220748 224 30 0
0.58335 -0.274577 0.220264 224 30 0
0.583428 -0.269731 0.21963 224 30 0
0.583743 -0.264898 0.218987 224 30 0
0.583888 -0.260089 0.218175 224 30 0
0.584374 -0.255271 0.217514 224 30 0
0.585228 -0.232458 0.215797 224 30 0
0.58876 -0.23445 0.217687 224 30 0
0.592288 -0.236466 0.219553 224 30 0
0.595646 -0.240625 0.221712 224 30 0
0.596779 -0.246018 0.222819 224 30 0
0.594872 -0.251438 0.222513 224 30 0
0.591751 -0.256362 0.22137 224 30 0
0.587735 -0.26035 0.21963 224 30 0
0.583122 -0.262923 0.217064 224 30 0
0.578318 -0.261329 0.214142 224 30 0
0.573548 -0.260264 0.211056 224 30 0
0.569915 -0.256126 0.208572 224 30 0
0.567575 -0.251051 0.206631 224 30 0
0.567739 -0.24505 0.206161 224 30 0
0.568986 -0.239212 0.206455 224 30 0
0.573075 -0.235759 0.208571 225 29 0
0.577706 -0.232969 0.211225 225 29 0
0.582108 -0.235009 0.214027 225 29 0
0.585962 -0.238251 0.216739 225 29 0
0.587956 -0.243673 0.218449 225 29 0
0.587756 -0.249594 0.218795 225 29 0
0.586047 -0.255297 0.217995 225 29 0
0.582355 -0.259234 0.215965 225 29 0
0.577543 -0.261659 0.213241 225 29 0
0.572553 -0.263003 0.210384 225 29 0
0.567968 -0.260862 0.207714 225 29 0
0.563891 -0.257212 0.205153 225 29 0
0.560224 -0.253572 0.202602 225 29 0
0.559296 -0.2477 0.201639 225 29 0
0.560414 -0.241875 0.201731 225 29 0
0.562582 -0.236407 0.202701 225 29 0
0.567648 -0.234906 0.20553 225 29 0
0.572872 -0.234898 0.208564 225 29 0
0.577369 -0.237433 0.21152 225 29 0
0.579949 -0.242423 0.213399 225 29 0
0.57988 -0.248412 0.213823 225 29 0
0.57864 -0.254231 0.213429 225 29 0
0.575101 -0.258639 0.211609 225 29 0
0.57042 -0.261193 0.209109 225 29 0
0.565475 -0.263137 0.206457 225 29 0
0.560753 -0.260656 0.203706 225 29 0
0.556155 -0.259197 0.200806 225 29 0
0.553307 -0.254245 0.198845 225 29 0
0.552198 -0.248636 0.197913 225 29 0
0.552411 -0.242622 0.19767 225 29 0
0.554678 -0.237934 0.198566 225 29 0
0.557514 -0.235006 0.199826 225 29 0
0.562566 -0.234885 0.202284 225 29 0
0.567459 -0.235624 0.204837 225 29 0
0.570883 -0.238097 0.206901 225 29 0
0.573094 -0.242314 0.208496 225 29 0
0.574199 -0.247678 0.209799 225 29 0
0.57428 -0.253415 0.210745 225 29 0
0.572294 -0.258744 0.210399 225 29 0
0.569537 -0.263604 0.20932 225 29 0
0.564903 -0.266298 0.206841 225 29 0
0.560556 -0.268684 0.204335 225 29 0
0.555654 -0.267436 0.201348 225 29 0
0.551511 -0.264638 0.19868 225 29 0
0.549537 -0.259667 0.197191 225 29 0
0.547956 -0.254345 0.195928 225 29 0
0.550154 -0.249049 0.196709 225 29 0
0.554381 -0.245576 0.198822 225 29 0
0.559064 -0.244456 0.201284 225 29 0
0.56417 -0.244501 0.204367 225 29 0
0.568264 -0.247545 0.207105 225 29 0
0.570708 -0.252545 0.209186 225 29 0
0.572428 -0.257944 0.210717 225 29 0
0.572137 -0.263888 0.211166 225 29 0
0.569564 -0.268744 0.210319 225 29 0
0.566247 -0.273372 0.208869 225 29 0
0.562216 -0.277154 0.206764 225 29 0
0.557298 -0.278773 0.203844 225 29 0
0.55257 -0.277707 0.200832 225 29 0
0.549034 -0.273643 0.198357 225 29 0
0.547295 -0.268233 0.196916 225 29 0
0.547642 -0.262343 0.196541 225 29 0
0.55115 -0.25784 0.198215 225 29 0
0.555219 -0.25455 0.200578 225 29 0
0.560232 -0.254695 0.203813 225 29 0
0.564905 -0.255874 0.206996 225 29 0
0.56741 -0.260484 0.209001 225 29 0
0.569472 -0.265822 0.210655 225 29 0
0.571321 -0.271114 0.212109 225 29 0
0.569321 -0.276671 0.211246 225 29 0
0.567857 -0.282049 0.210816 225 29 0
0.563661 -0.285525 0.208637 225 29 0
0.558816 -0.28764 0.205876 225 29 0
0.553831 -0.288321 0.202797 225 29 0
0.549643 -0.285697 0.199767 225 29 0
0.547121 -0.280752 0.197705 225 29 0
0.54604 -0.275259 0.196621 225 29 0
0.548016 -0.269801 0.197616 225 29 0
0.552133 -0.266656 0.200147 225 29 0
0.556841 -0.264876 0.203239 225 29 0
0.561787 -0.265289 0.206469 225 29 0
0.56576 -0.268259 0.209201 225 29 0
0.568392 -0.273209 0.211235 225 29 0
0.56885 -0.278951 0.211915 225 29 0
0.568723 -0.284911 0.212197 225 29 0
0.566724 -0.290362 0.21134 225 29 0
0.563117 -0.294672 0.209429 225 29 0
0.558907 -0.297883 0.206866 225 29 0
0.554097 -0.298574 0.203799 225 29 0
0.549743 -0.296051 0.200817 225 29 0
0.545935 -0.293115 0.198226 225 29 0
0.545258 -0.287329 0.197345 225 29 0
0.545577 -0.281454 0.197316 225 29 0
0.549012 -0.27746 0.199419 225 29 0
0.553198 -0.274245 0.202159 225 29 0
0.557922 -0.274639 0.205303 225 29 0
0.561941 -0.277769 0.208141 225 29 0
0.565584 -0.281319 0.210695 225 29 0
0.568398 -0.286124 0.212779 225 29 0
0.568189 -0.292084 0.213014 225 29 0
0.56753 -0.297812 0.212853 225 29 0
0.564577 -0.302721 0.211189 225 29 0
0.560733 -0.306137 0.208807 225 29 0
0.556181 -0.308442 0.205793 226 28 0
0.551223 -0.308713 0.202484 226 28 0
0.54719 -0.305962 0.199529 226 28 0
0.544976 -0.301597 0.197749 226 28 0
0.543123 -0.296243 0.196342 226 28 0
0.545227 -0.291514 0.19735 226 28 0
0.548328 -0.287735 0.199277 226 28 0
0.552092 -0.284537 0.201866 226 28 0
0.556815 -0.285412 0.20505 226 28 0
0.56086 -0.288227 0.208044 226 28 0
0.564396 -0.290999 0.210638 226 28 0
0.565933 -0.296384 0.212368 226 28 0
0.565593 -0.302317 0.212903 226 28 0
0.565325 -0.308269 0.213246 226 28 0
0.563243 -0.313604 0.21214 226 28 0
0.558888 -0.316244 0.209425 226 28 0
0.555168 -0.318665 0.206598 226 28 0
0.55046 -0.317993 0.203018 226 28 0
0.546286 -0.316914 0.199401 226 28 0
0.543342 -0.31327 0.196741 226 28 0
0.543511 -0.307466 0.196391 226 28 0
0.543853 -0.302143 0.196539 226 28 0
0.546554 -0.298652 0.198234 226 28 0
0.550543 -0.296262 0.200904 226 28 0
0.555007 -0.296017 0.204189 226 28 0
0.559031 -0.29655 0.207757 226 28 0
0.56111 -0.299754 0.209585 226 28 0
0.563775 -0.302437 0.211665 226 28 0
0.565339 -0.307005 0.213275 226 28 0
0.564741 -0.312875 0.214311 226 28 0
0.564226 -0.318737 0.214498 226 28 0
0.561553 -0.323637 0.213192 226 28 0
0.557867 -0.326325 0.210594 226 28 0
0.554654 -0.328653 0.20721 226 28 0
0.550264 -0.328449 0.203212 226 28 0
0.546174 -0.326972 0.199639 226 28 0
0.542988 -0.32276 0.196826 226 28 0
0.543065 -0.316863 0.196359 226 28 0
0.544755 -0.311236 0.197546 226 28 0
0.547927 -0.306839 0.199973 226 28 0
0.552549 -0.306332 0.203632 226 28 0
0.557075 -0.306792 0.207521 226 28 0
0.561174 -0.309112 0.21094 226 28 0
0.563269 -0.314154 0.213289 226 28 0
0.564378 -0.319702 0.214905 226 28 0
0.563948 -0.325659 0.215415 226 28 0
0.562298 -0.331345 0.214588 226 28 0
0.559707 -0.336269 0.212679 226 28 0
0.555491 -0.338931 0.209407 226 28 0
0.551113 -0.340298 0.205804 226 28 0
0.546634 -0.338777 0.202219 226 28 0
0.543282 -0.335219 0.198902 226 28 0
0.542099 -0.329996 0.197369 226 28 0
0.542512 -0.324025 0.197293 226 28 0
0.545258 -0.319667 0.199341 226 28 0
0.549222 -0.316666 0.202619 226 28 0
0.553791 -0.316153 0.206354 226 28 0
0.558 -0.317628 0.209909 226 28 0
0.561033 -0.321701 0.213077 226 28 0
0.563354 -0.326666 0.215447 226 28 0
0.563554 -0.33248 0.216408 226 28 0
0.562725 -0.338347 0.21631 226 28 0
0.559978 -0.343184 0.214548 226 28 0
0.557144 -0.347942 0.21236 226 28 0
0.552879 -0.3504 0.209171 226 28 0
0.548308 -0.350033 0.205434 226 28 0
0.544248 -0.347529 0.20204 226 28 0
0.541604 -0.342929 0.19933 226 28 0
0.541803 -0.337026 0.19862 226 28 0
0.543543 -0.33164 0.199447 226 28 0
0.547418 -0.328103 0.20222 226 28 0
0.551348 -0.326596 0.20556 226 28 0
0.555615 -0.328352 0.209261 226 28 0
0.559455 -0.330986 0.21301 226 28 0
0.562292 -0.335257 0.215936 226 28 0
0.562856 -0.340936 0.217397 226 28 0
0.561964 -0.34681 0.217535 226 28 0
0.560283 -0.352502 0.216742 226 28 0
0.556834 -0.356537 0.214505 226 28 0
0.553306 -0.360451 0.211837 226 28 0
0.548574 -0.360444 0.208161 226 28 0
0.544387 -0.359147 0.204577 226 28 0
0.540989 -0.355247 0.201563 226 28 0
0.540876 -0.349602 0.2006 226 28 0
0.54215 -0.344018 0.200965 226 28 0
0.545037 -0.339141 0.202885 226 28 0
0.549572 -0.33784 0.206252 226 28 0
0.553725 -0.33714 0.209859 226 28 0
0.557385 -0.340264 0.213434 226 28 0
0.560684 -0.344015 0.216717 226 28 0
0.562062 -0.349384 0.218755 226 28 0
0.561613 -0.355311 0.219437 226 28 0
0.560322 -0.360976 0.219042 226 28 0
0.557551 -0.365919 0.217303 226 28 0
0.553758 -0.369687 0.214612 226 28 0
0.549346 -0.370654 0.211245 226 28 0
0.545022 -0.369848 0.207441 226 28 0
0.541701 -0.366359 0.203875 226 28 0
0.540012 -0.361185 0.201911 226 28 0
0.540211 -0.35521 0.201538 226 28 0
0.542785 -0.350271 0.2032 226 28 0
0.547274 -0.348549 0.206597 226 28 0
0.551777 -0.348273 0.21052 226 28 0
0.555998 -0.34958 0.214436 226 28 0
0.558775 -0.353635 0.217544 227 27 0
0.561215 -0.35845 0.220142 227 27 0
0.561206 -0.364237 0.221163 227 27 0
0.559673 -0.370013 0.22077 227 27 0
0.55735 -0.375313 0.219458 227 27 0
0.554186 -0.379632 0.217157 227 27 0
0.550059 -0.382443 0.213851 227 27 0
0.545662 -0.381374 0.210094 227 27 0
0.542155 -0.378478 0.20656 227 27 0
0.539421 -0.374334 0.20366 227 27 0
0.539765 -0.368557 0.202701 227 27 0
0.541516 -0.363009 0.203486 227 27 0
0.544419 -0.358714 0.205972 227 27 0
0.54888 -0.358326 0.209929 227 27 0
0.553119 -0.358752 0.214116 227 27 0
0.557146 -0.36095 0.217836 227 27 0
0.558976 -0.365963 0.220351 227 27 0
0.560642 -0.371288 0.222361 227 27 0
0.560566 -0.377196 0.222754 227 27 0
0.558642 -0.382321 0.221529 227 27 0
0.555612 -0.386833 0.219052 227 27 0
0.552382 -0.390773 0.216243 227 27 0
0.548621 -0.392119 0.212666 227 27 0
0.544887 -0.390995 0.20875 227 27 0
0.541997 -0.388069 0.206051 227 27 0
0.538995 -0.384363 0.203197 227 27 0
0.539291 -0.378566 0.202811 227 27 0
0.540447 -0.374205 0.203551 227 27 0
0.543419 -0.370093 0.206095 227 27 0
0.546842 -0.368635 0.209615 227 27 0
0.549779 -0.368196 0.213463 227 27 0
0.553187 -0.369747 0.21728 227 27 0
0.557178 -0.371927 0.220329 227 27 0
0.559096 -0.377237 0.221583 227 27 0
0.56057 -0.382703 0.222276 227 27 0
0.559265 -0.388067 0.220988 227 27 0
0.556929 -0.392712 0.218821 227 27 0
0.552924 -0.395545 0.215661 227 27 0
0.548609 -0.396714 0.212057 227 27 0
0.543964 -0.396166 0.208578 227 27 0
0.540634 -0.392633 0.205742 227 27 0
0.538703 -0.387678 0.203883 227 27 0
0.538577 -0.381865 0.203458 227 27 0
0.539681 -0.376242 0.204086 227 27 0
0.542407 -0.371777 0.206132 227 27 0
0.546549 -0.369487 0.209295 227 27 0
0.550135 -0.368196 0.212846 227 27 0
0.553505 -0.368578 0.217132 227 27 0
0.556531 -0.370565 0.219777 227 27 0
0.558505 -0.37377 0.221562 227 27 0
0.560399 -0.377417 0.223493 227 27 0
0.56024 -0.383141 0.223722 227 27 0
0.558324 -0.386891 0.222187 227 27 0
0.555588 -0.390445 0.219283 227 27 0
0.552009 -0.391919 0.215799 227 27 0
0.548029 -0.392097 0.211879 227 27 0
0.544323 -0.388924 0.20858 227 27 0
0.541501 -0.385482 0.205489 227 27 0
0.540177 -0.380265 0.203682 227 27 0
0.539003 -0.374632 0.202237 227 27 0
0.540955 -0.369344 0.202979 227 27 0
0.542574 -0.364045 0.20414 227 27 0
0.546041 -0.360833 0.207096 227 27 0
0.549512 -0.35831 0.210794 227 27 0
0.553782 -0.357794 0.214788 227 27 0
0.557421 -0.35989 0.218631 227 27 0
0.560634 -0.363748 0.221706 227 27 0
0.561006 -0.368987 0.222554 227 27 0
0.560667 -0.374805 0.222656 227 27 0
0.556881 -0.378671 0.220163 227 27 0
0.552569 -0.380698 0.216757 227 27 0
0.548785 -0.38205 0.213239 227 27 0
0.545617 -0.378688 0.209572 227 27 0
0.542744 -0.37537 0.206393 227 27 0
0.540792 -0.370389 0.203771 227 27 0
0.539823 -0.365263 0.202078 227 27 0
0.54174 -0.359619 0.202364 227 27 0
0.544053 -0.354257 0.203739 227 27 0
0.547084 -0.349855 0.206347 227 27 0
0.551131 -0.347024 0.209768 227 27 0
0.554718 -0.348624 0.213146 227 27 0
0.558848 -0.349272 0.21715 227 27 0
0.561353 -0.353568 0.219979 227 27 0
0.562758 -0.35873 0.221856 227 27 0
0.561164 -0.36439 0.221351 227 27 0
0.557326 -0.36818 0.218816 227 27 0
0.553381 -0.37078 0.215332 227 27 0
0.548907 -0.370628 0.211348 227 27 0
0.54535 -0.368189 0.207407 227 27 0
0.542889 -0.363995 0.204206 227 27 0
0.541259 -0.358709 0.20193 227 27 0
0.540737 -0.353091 0.200797 227 27 0
0.542877 -0.347754 0.201393 227 27 0
0.54552 -0.342666 0.203136 227 27 0
0.548896 -0.338436 0.205663 227 27 0
0.553229 -0.336422 0.209121 227 27 0
0.557557 -0.337801 0.213046 227 27 0
0.561426 -0.340695 0.216561 227 27 0
0.563586 -0.345369 0.219445 227 27 0
0.563754 -0.351158 0.220416 227 27 0
0.561111 -0.356113 0.219037 227 27 0
0.55731 -0.359465 0.216068 227 27 0
0.552892 -0.360448 0.212236 227 27 0
0.548439 -0.359799 0.208361 227 27 0
0.545213 -0.356522 0.20507 228 26 0
0.543108 -0.351543 0.202478 228 26 0
0.543048 -0.345804 0.201296 228 26 0
0.543373 -0.339822 0.200777 228 26 0
0.545083 -0.334341 0.201496 228 26 0
0.548781 -0.330529 0.203929 228 26 0
0.552919 -0.327272 0.206832 228 26 0
0.557265 -0.327498 0.210579 228 26 0
0.561325 -0.328752 0.214473 228 26 0
0.563883 -0.333533 0.217054 228 26 0
0.564907 -0.339047 0.218557 228 26 0
0.564285 -0.344728 0.218505 228 26 0
0.560769 -0.348584 0.216008 228 26 0
0.556627 -0.350662 0.212735 228 26 0
0.551933 -0.350323 0.209075 228 26 0
0.548262 -0.347247 0.205499 228 26 0
0.544978 -0.343296 0.202397 228 26 0
0.543674 -0.337844 0.200732 228 26 0
0.543924 -0.331893 0.200093 228 26 0
0.544184 -0.326125 0.199919 228 26 0
0.547996 -0.322117 0.202247 228 26 0
0.552056 -0.319022 0.205207 228 26 0
0.556479 -0.316686 0.208543 228 26 0
0.560963 -0.317314 0.212313 228 26 0
0.564341 -0.320756 0.21533 228 26 0
0.565726 -0.326237 0.217087 228 26 0
0.56602 -0.33211 0.217602 228 26 0
0.563095 -0.336101 0.215665 228 26 0
0.559197 -0.339579 0.212765 228 26 0
0.554683 -0.340494 0.209016 228 26 0
0.550481 -0.338363 0.205506 228 26 0
0.546737 -0.334767 0.202484 228 26 0
0.545256 -0.329243 0.200909 228 26 0
0.543988 -0.323678 0.199333 228 26 0
0.544479 -0.317746 0.199155 228 26 0
0.547289 -0.312803 0.200559 228 26 0
0.551348 -0.309271 0.203126 228 26 0
0.555842 -0.307054 0.206441 228 26 0
0.560626 -0.306613 0.210014 228 26 0
0.564349 -0.309484 0.213253 228 26 0
0.566735 -0.314524 0.215482 228 26 0
0.566779 -0.320307 0.215767 228 26 0
0.564637 -0.325742 0.214363 228 26 0
0.560664 -0.329239 0.211591 228 26 0
0.556199 -0.329757 0.208518 228 26 0
0.551561 -0.328342 0.205107 228 26 0
0.547812 -0.325257 0.202064 228 26 0
0.545459 -0.320205 0.199899 228 26 0
0.544523 -0.31437 0.198799 228 26 0
0.544854 -0.308482 0.198588 228 26 0
0.547856 -0.303562 0.200257 228 26 0
0.551593 -0.299524 0.202662 228 26 0
0.556032 -0.296907 0.205641 228 26 0
0.560962 -0.296346 0.208968 228 26 0
0.565196 -0.298979 0.212182 228 26 0
0.567532 -0.302767 0.214247 228 26 0
0.569113 -0.308196 0.215616 228 26 0
0.566834 -0.313302 0.214416 228 26 0
0.563732 -0.317701 0.212348 228 26 0
0.559132 -0.320025 0.209264 228 26 0
0.554353 -0.318793 0.206034 228 26 0
0.54993 -0.316203 0.202912 228 26 0
0.546544 -0.312311 0.200362 228 26 0
0.545086 -0.306698 0.198888 228 26 0
0.54612 -0.30117 0.198866 228 26 0
0.546257 -0.295203 0.198726 228 26 0
0.550184 -0.291562 0.200959 228 26 0
0.554088 -0.287905 0.203487 228 26 0
0.558665 -0.285583 0.206578 228 26 0
0.563353 -0.286152 0.209761 228 26 0
0.566927 -0.290041 0.21231 228 26 0
0.569336 -0.295261 0.214071 228 26 0
0.569592 -0.300928 0.21449 228 26 0
0.566597 -0.305472 0.212724 228 26 0
0.561932 -0.307818 0.209744 228 26 0
0.556997 -0.308422 0.206441 228 26 0
0.552398 -0.30704 0.203214 228 26 0
0.548958 -0.302881 0.200712 228 26 0
0.546264 -0.298054 0.198683 228 26 0
0.546457 -0.292052 0.198388 228 26 0
0.54761 -0.286379 0.198825 228 26 0
0.550288 -0.281218 0.200354 228 26 0
0.553353 -0.27645 0.202335 228 26 0
0.558336 -0.276097 0.2056 228 26 0
0.563144 -0.276669 0.208831 228 26 0
0.567402 -0.279387 0.211907 228 26 0
0.570319 -0.284135 0.214103 228 26 0
0.56945 -0.289878 0.213894 228 26 0
0.568042 -0.2954 0.213133 228 26 0
0.563969 -0.298671 0.210553 228 26 0
0.558979 -0.29888 0.207209 228 26 0
0.554179 -0.29783 0.203904 228 26 0
0.550103 -0.294502 0.201028 228 26 0
0.547204 -0.289878 0.198793 228 26 0
0.546711 -0.284106 0.197822 228 26 0
0.547273 -0.278182 0.1977 228 26 0
0.549951 -0.272956 0.198898 228 26 0
0.553527 -0.268559 0.200853 228 26 0
0.557897 -0.265586 0.203605 228 26 0
0.562829 -0.264797 0.206804 228 26 0
0.567309 -0.267104 0.20994 228 26 0
0.57115 -0.270634 0.212809 228 26 0
0.570843 -0.276623 0.213244 228 26 0
0.569715 -0.282332 0.213059 229 25 0
0.566096 -0.286483 0.210983 229 25 0
0.561641 -0.288314 0.208197 229 25 0
0.556771 -0.287976 0.204873 229 25 0
0.552614 -0.28495 0.201769 229 25 0
0.549901 -0.280249 0.199416 229 25 0
0.547571 -0.275047 0.197572 229 25 0
0.548068 -0.269374 0.197307 229 25 0
0.549553 -0.263729 0.197727 229 25 0
0.552675 -0.259126 0.199045 229 25 0
0.557161 -0.256756 0.20133 229 25 0
0.561872 -0.254705 0.204092 229 25 0
0.566659 -0.255602 0.207228 229 25 0
0.570634 -0.259007 0.210155 229 25 0
0.57228 -0.264039 0.212062 229 25 0
0.571386 -0.269268 0.212347 229 25 0
0.569255 -0.27433 0.211569 229 25 0
0.564951 -0.277216 0.209204 229 25 0
0.560111 -0.278613 0.206132 229 25 0
0.555934 -0.276645 0.20315 229 25 0
0.552151 -0.273023 0.200349 229 25 0
0.549328 -0.268572 0.198121 229 25 0
0.548662 -0.262819 0.19723 229 25 0
0.54975 -0.25842 0.197399 229 25 0
0.549983 -0.252425 0.197019 229 25 0
0.554508 -0.249379 0.199132 229 25 0
0.558606 -0.245727 0.20092 229 25 0
0.563736 -0.244486 0.203446 229 25 0
0.568646 -0.245458 0.20626 229 25 0
0.571334 -0.248672 0.208276 229 25 0
0.573615 -0.253473 0.210342 229 25 0
0.573422 -0.259036 0.211238 229 25 0
0.570011 -0.263465 0.210072 229 25 0
0.566121 -0.266253 0.208028 229 25 0
0.562925 -0.268644 0.206025 229 25 0
0.558092 -0.267732 0.202833 229 25 0
0.554132 -0.264308 0.200218 229 25 0
0.551783 -0.260256 0.198663 229 25 0
0.549839 -0.256635 0.197329 229 25 0
0.549966 -0.250723 0.196961 229 25 0
0.5502 -0.244828 0.196593 229 25 0
0.552407 -0.241296 0.197486 229 25 0
0.553958 -0.237932 0.198187 229 25 0
0.557754 -0.236198 0.199924 229 25 0
0.562587 -0.234885 0.202248 229 25 0
0.564705 -0.235692 0.203374 229 25 0
0.568692 -0.237687 0.205659 229 25 0
0.572563 -0.239772 0.208056 229 25 0
0.576273 -0.242089 0.210495 229 25 0
0.579985 -0.244392 0.212945 229 25 0
0.583647 -0.246817 0.215342 229 25 0
0.583163 -0.246698 0.216209 229 25 0
0.641725 -0.246942 0.243144 229 25 0
0.642063 -0.247079 0.242213 229 25 0
0.641875 -0.254732 0.242159 229 25 0
0.641641 -0.259948 0.242904 229 25 0
0.641042 -0.265143 0.243612 229 25 0
0.640688 -0.270347 0.244383 229 25 0
0.640491 -0.275557 0.2452 229 25 0
0.640169 -0.280765 0.24598 229 25 0
0.639747 -0.285976 0.246698 229 25 0
0.639245 -0.291187 0.247355 229 25 0
0.638903 -0.296401 0.248059 229 25 0
0.638407 -0.3016 0.248656 229 25 0
0.637261 -0.309331 0.249858 229 25 0
0.636478 -0.314108 0.251144 229 25 0
0.635736 -0.318938 0.252239 229 25 0
0.635053 -0.323783 0.253307 229 25 0
0.634347 -0.328612 0.25443 229 25 0
0.633688 -0.333435 0.255608 229 25 0
0.632963 -0.338262 0.256728 229 25 0
0.632359 -0.3431 0.257874 229 25 0
0.631729 -0.347931 0.259036 229 25 0
0.631135 -0.352773 0.260169 229 25 0
0.630546 -0.357623 0.261271 229 25 0
0.630023 -0.362506 0.262249 229 25 0
0.629459 -0.367379 0.263255 229 25 0
0.628926 -0.372287 0.264089 229 25 0
0.629633 -0.364555 0.263172 229 25 0
0.630254 -0.359777 0.261945 229 25 0
0.630851 -0.355001 0.260701 229 25 0
0.631434 -0.35019 0.259588 229 25 0
0.632049 -0.345395 0.258427 229 25 0
0.632856 -0.340604 0.257369 229 25 0
0.633499 -0.335807 0.256227 229 25 0
0.634203 -0.331018 0.255092 229 25 0
0.634895 -0.326227 0.253954 229 25 0
0.635632 -0.321416 0.252944 229 25 0
0.636551 -0.316637 0.251924 229 25 0
0.637382 -0.308381 0.249727 229 25 0
0.637568 -0.303537 0.248962 229 25 0
0.637892 -0.298702 0.248194 229 25 0
0.638266 -0.293872 0.247413 229 25 0
0.638631 -0.289024 0.246744 229 25 0
0.639014 -0.284175 0.246094 229 25 0
0.639408 -0.279331 0.245414 229 25 0
0.639901 -0.27449 0.244775 229 25 0
0.64038 -0.269647 0.244141 229 25 0
0.640895 -0.26481 0.243494 229 25 0
0.64142 -0.259976 0.24283 229 25 0
0.641859 -0.25513 0.242202 229 25 0
0.643548 -0.232337 0.238652 229 25 0
0.648052 -0.233877 0.240776 229 25 0
0.652388 -0.23551 0.24312 229 25 0
0.655921 -0.238635 0.245543 230 24 0
0.657051 -0.244174 0.246916 230 24 0
0.656744 -0.250066 0.24779 230 24 0
0.655515 -0.255713 0.248057 230 24 0
0.651935 -0.259428 0.247166 230 24 0
0.64762 -0.26235 0.245446 230 24 0
0.642958 -0.259737 0.242976 230 24 0
0.63839 -0.257009 0.240186 230 24 0
0.636442 -0.251921 0.238544 230 24 0
0.63704 -0.245975 0.237933 230 24 0
0.638967 -0.240622 0.23809 230 24 0
0.642457 -0.235863 0.239147 230 24 0
0.647452 -0.234816 0.241206 230 24 0
0.652391 -0.232633 0.243407 230 24 0
0.657297 -0.235018 0.245926 230 24 0
0.66209 -0.237243 0.248538 230 24 0
0.664641 -0.2424 0.250221 230 24 0
0.666274 -0.247838 0.251538 230 24 0
0.666478 -0.253793 0.252299 230 24 0
0.662569 -0.257891 0.250924 230 24 0
0.658237 -0.261627 0.249149 230 24 0
0.653058 -0.262439 0.246718 230 24 0
0.648925 -0.259008 0.244483 230 24 0
0.646005 -0.254137 0.242528 230 24 0
0.644544 -0.248599 0.241122 230 24 0
0.646821 -0.243068 0.241603 230 24 0
0.649458 -0.238102 0.242196 230 24 0
0.654639 -0.235695 0.244007 230 24 0
0.660208 -0.23517 0.245948 230 24 0
0.665648 -0.234601 0.248421 230 24 0
0.670116 -0.237959 0.250564 230 24 0
0.674245 -0.241551 0.252913 230 24 0
0.675962 -0.247031 0.254192 230 24 0
0.674416 -0.252737 0.254052 230 24 0
0.673207 -0.258497 0.254293 230 24 0
0.66829 -0.2614 0.252658 230 24 0
0.662687 -0.262012 0.250968 230 24 0
0.657859 -0.25944 0.248955 230 24 0
0.654577 -0.25526 0.247107 230 24 0
0.653259 -0.24998 0.245792 230 24 0
0.655018 -0.244766 0.245717 230 24 0
0.65755 -0.239691 0.245654 230 24 0
0.661736 -0.236823 0.246785 230 24 0
0.66605 -0.234589 0.247719 230 24 0
0.671113 -0.23401 0.249233 230 24 0
0.674805 -0.236218 0.249782 230 24 0
0.678157 -0.238561 0.251345 230 24 0
0.680899 -0.242647 0.252979 230 24 0
0.683114 -0.24683 0.254844 230 24 0
0.68269 -0.252701 0.255987 230 24 0
0.680301 -0.257845 0.256185 230 24 0
0.677685 -0.262792 0.256438 230 24 0
0.673062 -0.266423 0.255358 230 24 0
0.668181 -0.268517 0.254008 230 24 0
0.662688 -0.267641 0.252037 230 24 0
0.658629 -0.263732 0.250215 230 24 0
0.655337 -0.259926 0.248099 230 24 0
0.654585 -0.254245 0.246729 230 24 0
0.657232 -0.249174 0.247112 230 24 0
0.661559 -0.245577 0.248249 230 24 0
0.667104 -0.244931 0.250134 230 24 0
0.672674 -0.245257 0.25235 230 24 0
0.677177 -0.248302 0.254694 230 24 0
0.680068 -0.25315 0.256574 230 24 0
0.681139 -0.258933 0.25771 230 24 0
0.680505 -0.264884 0.258227 230 24 0
0.678197 -0.270351 0.258073 230 24 0
0.674965 -0.275255 0.257544 230 24 0
0.669955 -0.278103 0.256154 230 24 0
0.664443 -0.278135 0.253778 230 24 0
0.659644 -0.276789 0.251527 230 24 0
0.655908 -0.272498 0.249573 230 24 0
0.654917 -0.267225 0.248688 230 24 0
0.655273 -0.261451 0.248243 230 24 0
0.659336 -0.25751 0.249553 230 24 0
0.663939 -0.25414 0.251435 230 24 0
0.669251 -0.25517 0.253806 230 24 0
0.674211 -0.257432 0.256325 230 24 0
0.676726 -0.262079 0.257712 230 24 0
0.679487 -0.267006 0.259531 230 24 0
0.679342 -0.272987 0.260149 230 24 0
0.678621 -0.278782 0.260412 230 24 0
0.675298 -0.283447 0.259465 230 24 0
0.670356 -0.286434 0.257776 230 24 0
0.665241 -0.288666 0.2556 230 24 0
0.659949 -0.287427 0.253239 230 24 0
0.655575 -0.284046 0.250965 230 24 0
0.653992 -0.278472 0.249913 230 24 0
0.654771 -0.27264 0.249889 230 24 0
0.658178 -0.267943 0.25084 230 24 0
0.663311 -0.265597 0.252927 230 24 0
0.668273 -0.266108 0.255132 230 24 0
0.672768 -0.269309 0.257525 230 24 0
0.677143 -0.272435 0.260106 230 24 0
0.678881 -0.277916 0.261537 230 24 0
0.678682 -0.283878 0.262269 230 24 0
0.67715 -0.2895 0.262285 230 24 0
0.67413 -0.294652 0.261651 230 24 0
0.669648 -0.298149 0.259955 230 24 0
0.664123 -0.298434 0.257603 230 24 0
0.658865 -0.297148 0.255276 230 24 0
0.655072 -0.293042 0.253302 230 24 0
0.652948 -0.287689 0.251731 230 24 0
0.653217 -0.281809 0.251123 230 24 0
0.656898 -0.27724 0.252101 231 23 0
0.662062 -0.276154 0.254182 231 23 0
0.667512 -0.276465 0.256716 231 23 0
0.672249 -0.278741 0.25906 231 23 0
0.675399 -0.283213 0.260923 231 23 0
0.678158 -0.288104 0.26292 231 23 0
0.677872 -0.293891 0.263704 231 23 0
0.676554 -0.299711 0.263969 231 23 0
0.672998 -0.304041 0.263185 231 23 0
0.668087 -0.307164 0.261685 231 23 0
0.662682 -0.308262 0.259785 231 23 0
0.657244 -0.30781 0.257343 231 23 0
0.653254 -0.304058 0.25531 231 23 0
0.651598 -0.298595 0.253852 231 23 0
0.652001 -0.292942 0.253041 231 23 0
0.655766 -0.288754 0.254137 231 23 0
0.660591 -0.286105 0.255692 231 23 0
0.666194 -0.286489 0.257819 231 23 0
0.670665 -0.288879 0.259731 231 23 0
0.674896 -0.292068 0.262078 231 23 0
0.677512 -0.297144 0.26396 231 23 0
0.67699 -0.303045 0.264932 231 23 0
0.676204 -0.308956 0.265649 231 23 0
0.672887 -0.313581 0.265512 231 23 0
0.668085 -0.316614 0.26444 231 23 0
0.662799 -0.318839 0.26308 231 23 0
0.657128 -0.31855 0.261118 231 23 0
0.652863 -0.315521 0.258824 231 23 0
0.650517 -0.310763 0.256694 231 23 0
0.649753 -0.305312 0.255272 231 23 0
0.651783 -0.300558 0.255379 231 23 0
0.655559 -0.298831 0.256473 231 23 0
0.658962 -0.295948 0.257511 231 23 0
0.664082 -0.296216 0.259074 231 23 0
0.668215 -0.297638 0.260425 231 23 0
0.671561 -0.300653 0.261853 231 23 0
0.674555 -0.303169 0.263621 231 23 0
0.676349 -0.308057 0.265261 231 23 0
0.676587 -0.31313 0.266814 231 23 0
0.675005 -0.318639 0.267513 231 23 0
0.671995 -0.323298 0.267311 231 23 0
0.668177 -0.327065 0.266724 231 23 0
0.663109 -0.328908 0.265011 231 23 0
0.657771 -0.328714 0.262952 231 23 0
0.653141 -0.325997 0.260667 231 23 0
0.649604 -0.321698 0.258385 231 23 0
0.648875 -0.316241 0.257255 231 23 0
0.65073 -0.31063 0.257071 231 23 0
0.655484 -0.30785 0.258503 231 23 0
0.660676 -0.30669 0.260516 231 23 0
0.66617 -0.307125 0.262865 231 23 0
0.670374 -0.310712 0.265209 231 23 0
0.67345 -0.315359 0.267404 231 23 0
0.674846 -0.320889 0.268911 231 23 0
0.674653 -0.326794 0.269913 231 23 0
0.671663 -0.33198 0.269424 231 23 0
0.667694 -0.336298 0.268409 231 23 0
0.662612 -0.338938 0.266636 231 23 0
0.657186 -0.340177 0.264404 231 23 0
0.652357 -0.337722 0.262141 231 23 0
0.648348 -0.333865 0.259917 231 23 0
0.647329 -0.328394 0.258885 231 23 0
0.648308 -0.322563 0.258538 231 23 0
0.652767 -0.318878 0.260085 231 23 0
0.6579 -0.316791 0.262119 231 23 0
0.663215 -0.317147 0.2647 231 23 0
0.667267 -0.320865 0.266915 231 23 0
0.67082 -0.324596 0.269519 231 23 0
0.672444 -0.330113 0.271236 231 23 0
0.67135 -0.335559 0.271829 231 23 0
0.668878 -0.341046 0.271713 231 23 0
0.666157 -0.346226 0.271169 231 23 0
0.661012 -0.348634 0.269253 231 23 0
0.655634 -0.350365 0.267183 231 23 0
0.650943 -0.347557 0.264817 231 23 0
0.647158 -0.344039 0.262535 231 23 0
0.645083 -0.338714 0.260653 231 23 0
0.646632 -0.333101 0.260201 231 23 0
0.650314 -0.328802 0.26105 231 23 0
0.655364 -0.326262 0.262947 231 23 0
0.660642 -0.327164 0.265602 231 23 0
0.665372 -0.329469 0.268432 231 23 0
0.668373 -0.333843 0.270924 231 23 0
0.670265 -0.338908 0.27335 231 23 0
0.669451 -0.344832 0.274059 231 23 0
0.667496 -0.350491 0.274643 231 23 0
0.66435 -0.355224 0.274328 231 23 0
0.659527 -0.358454 0.272768 231 23 0
0.654431 -0.360471 0.270772 231 23 0
0.649482 -0.358512 0.268524 231 23 0
0.645515 -0.354925 0.266062 231 23 0
0.643252 -0.349766 0.263947 231 23 0
0.644036 -0.344104 0.26298 231 23 0
0.647346 -0.33933 0.263414 231 23 0
0.652489 -0.336976 0.265172 231 23 0
0.657962 -0.336861 0.267557 231 23 0
0.662299 -0.338927 0.270192 231 23 0
0.665691 -0.343081 0.272848 231 23 0
0.667532 -0.347998 0.275082 231 23 0
0.667991 -0.353762 0.276764 231 23 0
0.666983 -0.359382 0.277955 231 23 0
0.663503 -0.364233 0.277171 231 23 0
0.658737 -0.367638 0.276328 231 23 0
0.653453 -0.369775 0.274417 232 22 0
0.648471 -0.368784 0.272345 232 22 0
0.643972 -0.365644 0.269907 232 22 0
0.641167 -0.361149 0.267586 232 22 0
0.6413 -0.355353 0.266357 232 22 0
0.64385 -0.350788 0.266275 232 22 0
0.648479 -0.347342 0.267879 232 22 0
0.653871 -0.346479 0.270113 232 22 0
0.658812 -0.348435 0.272728 232 22 0
0.662897 -0.351705 0.275476 232 22 0
0.66549 -0.356611 0.277811 232 22 0
0.666375 -0.362349 0.279276 232 22 0
0.664844 -0.368093 0.279839 232 22 0
0.662124 -0.373458 0.279807 232 22 0
0.657268 -0.376342 0.278454 232 22 0
0.652553 -0.379792 0.277148 232 22 0
0.647235 -0.380053 0.274763 232 22 0
0.642684 -0.376893 0.272413 232 22 0
0.639476 -0.372799 0.270314 232 22 0
0.637852 -0.367784 0.268613 232 22 0
0.639835 -0.362448 0.268698 232 22 0
0.644486 -0.35899 0.270276 232 22 0
0.649298 -0.356419 0.272102 232 22 0
0.654567 -0.356539 0.274501 232 22 0
0.659038 -0.359654 0.276853 232 22 0
0.662304 -0.363812 0.278993 232 22 0
0.663782 -0.369445 0.280361 232 22 0
0.664434 -0.374755 0.281615 232 22 0
0.662169 -0.379983 0.281133 232 22 0
0.658726 -0.384727 0.280175 232 22 0
0.654469 -0.388601 0.278514 232 22 0
0.649547 -0.390337 0.276255 232 22 0
0.644889 -0.388657 0.274151 232 22 0
0.640385 -0.386335 0.271835 232 22 0
0.638261 -0.382115 0.270745 232 22 0
0.637004 -0.376656 0.269936 232 22 0
0.639151 -0.371955 0.270877 232 22 0
0.641858 -0.36895 0.271779 232 22 0
0.644765 -0.366735 0.272855 232 22 0
0.649789 -0.366273 0.274838 232 22 0
0.654621 -0.367249 0.277056 232 22 0
0.658692 -0.369863 0.279375 232 22 0
0.662074 -0.374303 0.281406 232 22 0
0.661882 -0.380244 0.281555 232 22 0
0.661789 -0.386302 0.28184 232 22 0
0.658384 -0.39096 0.280274 232 22 0
0.653607 -0.39383 0.277958 232 22 0
0.64837 -0.394306 0.275313 232 22 0
0.643418 -0.39193 0.272871 232 22 0
0.639768 -0.387996 0.271009 232 22 0
0.637217 -0.382679 0.269657 232 22 0
0.638039 -0.376847 0.270006 232 22 0
0.640498 -0.371429 0.27118 232 22 0
0.644909 -0.368295 0.27325 232 22 0
0.649626 -0.366273 0.27512 232 22 0
0.653729 -0.366316 0.276405 232 22 0
0.658208 -0.368106 0.278441 232 22 0
0.661297 -0.371898 0.280111 232 22 0
0.662583 -0.376099 0.281031 232 22 0
0.66259 -0.379939 0.28137 232 22 0
0.660595 -0.384802 0.28096 232 22 0
0.657171 -0.388045 0.279751 232 22 0
0.652385 -0.389821 0.277788 232 22 0
0.647277 -0.390179 0.275363 232 22 0
0.643922 -0.387627 0.273762 232 22 0
0.640342 -0.384879 0.271898 232 22 0
0.63808 -0.379795 0.270498 232 22 0
0.637202 -0.374359 0.269601 232 22 0
0.637883 -0.368554 0.269014 232 22 0
0.640747 -0.363852 0.269446 232 22 0
0.644641 -0.35938 0.270304 232 22 0
0.649277 -0.356409 0.271697 232 22 0
0.654814 -0.355984 0.273843 232 22 0
0.659615 -0.357938 0.276202 232 22 0
0.663391 -0.361362 0.278739 232 22 0
0.664246 -0.366803 0.280041 232 22 0
0.663382 -0.372123 0.280885 232 22 0
0.659312 -0.376428 0.280005 232 22 0
0.654439 -0.378717 0.278352 232 22 0
0.649923 -0.380321 0.276399 232 22 0
0.645371 -0.377357 0.274003 232 22 0
0.641591 -0.373603 0.271457 232 22 0
0.639563 -0.368408 0.269477 232 22 0
0.638121 -0.363338 0.267351 232 22 0
0.640744 -0.35872 0.26722 232 22 0
0.642683 -0.353587 0.266777 232 22 0
0.646886 -0.349453 0.267234 232 22 0
0.651457 -0.346348 0.268359 232 22 0
0.656971 -0.34619 0.270501 232 22 0
0.661904 -0.347432 0.273082 232 22 0
0.665199 -0.351794 0.275468 232 22 0
0.665995 -0.357182 0.277531 232 22 0
0.664847 -0.362957 0.278638 232 22 0
0.661333 -0.367567 0.278209 232 22 0
0.65607 -0.369239 0.276785 232 22 0
0.651281 -0.369333 0.274572 232 22 0
0.646631 -0.367465 0.271795 232 22 0
0.643197 -0.363492 0.269046 232 22 0
0.641327 -0.358378 0.266573 232 22 0
0.641748 -0.352657 0.264931 232 22 0
0.642858 -0.346948 0.263494 232 22 0
0.645733 -0.341751 0.263534 232 22 0
0.650243 -0.337897 0.264254 232 22 0
0.655453 -0.336744 0.265733 232 22 0
0.660945 -0.336984 0.2681 233 21 0
0.665705 -0.338857 0.2709 233 21 0
0.668584 -0.343411 0.273489 233 21 0
0.668066 -0.348825 0.274689 233 21 0
0.665894 -0.354179 0.27522 233 21 0
0.662253 -0.358221 0.274473 233 21 0
0.656764 -0.358818 0.272422 233 21 0
0.651382 -0.358515 0.269814 233 21 0
0.646999 -0.355672 0.266972 233 21 0
0.643916 -0.351279 0.264461 233 21 0
0.642685 -0.345844 0.262415 233 21 0
0.644559 -0.34038 0.261811 233 21 0
0.645602 -0.334576 0.260936 233 21 0
0.649384 -0.329983 0.261178 233 21 0
0.654097 -0.326693 0.26251 233 21 0
0.659427 -0.325172 0.26471 233 21 0
0.664415 -0.327037 0.267074 233 21 0
0.66825 -0.330936 0.269446 233 21 0
0.670989 -0.33545 0.271858 233 21 0
0.6695 -0.341055 0.272108 233 21 0
0.66644 -0.346162 0.271511 233 21 0
0.661923 -0.34903 0.26983 233 21 0
0.656632 -0.348527 0.267274 233 21 0
0.651602 -0.346887 0.264676 233 21 0
0.647718 -0.343169 0.262306 233 21 0
0.646066 -0.337683 0.260734 233 21 0
0.645041 -0.331954 0.259314 233 21 0
0.646997 -0.326777 0.259355 233 21 0
0.650449 -0.321937 0.25981 233 21 0
0.653856 -0.317702 0.260581 233 21 0
0.659269 -0.316644 0.262831 233 21 0
0.66468 -0.316043 0.265332 233 21 0
0.669082 -0.319094 0.2677 233 21 0
0.671266 -0.324442 0.26917 233 21 0
0.671631 -0.329847 0.269967 233 21 0
0.668424 -0.334748 0.268737 233 21 0
0.664213 -0.338361 0.267034 233 21 0
0.65904 -0.339133 0.264776 233 21 0
0.654034 -0.336999 0.262273 233 21 0
0.650465 -0.332845 0.2602 233 21 0
0.648064 -0.32769 0.258375 233 21 0
0.646418 -0.322191 0.25678 233 21 0
0.647642 -0.316562 0.256416 233 21 0
0.651357 -0.312114 0.257612 233 21 0
0.655491 -0.308049 0.259059 233 21 0
0.660298 -0.305448 0.260993 233 21 0
0.66571 -0.304771 0.263434 233 21 0
0.66908 -0.30923 0.265003 233 21 0
0.672457 -0.313161 0.266993 233 21 0
0.67281 -0.319049 0.267597 233 21 0
0.671423 -0.32438 0.267732 233 21 0
0.667253 -0.328387 0.266209 233 21 0
0.661829 -0.328232 0.263704 233 21 0
0.656726 -0.327742 0.26106 233 21 0
0.652491 -0.324377 0.258653 233 21 0
0.649749 -0.319441 0.256834 233 21 0
0.647807 -0.314036 0.255139 233 21 0
0.648281 -0.308136 0.254593 233 21 0
0.650192 -0.302478 0.254842 233 21 0
0.654428 -0.298491 0.256244 233 21 0
0.659317 -0.295501 0.257928 233 21 0
0.664707 -0.294778 0.260085 233 21 0
0.669817 -0.296396 0.262643 233 21 0
0.673048 -0.300868 0.264549 233 21 0
0.674493 -0.306331 0.265847 233 21 0
0.673466 -0.312213 0.266148 233 21 0
0.669888 -0.316834 0.265114 233 21 0
0.664977 -0.318771 0.26301 233 21 0
0.659563 -0.318612 0.260479 233 21 0
0.65462 -0.316534 0.257921 233 21 0
0.651415 -0.311937 0.255931 233 21 0
0.649313 -0.30663 0.254191 233 21 0
0.649198 -0.30081 0.25326 233 21 0
0.650904 -0.295152 0.253142 233 21 0
0.654868 -0.290935 0.254255 233 21 0
0.658502 -0.28675 0.255073 233 21 0
0.663838 -0.285676 0.257304 233 21 0
0.668775 -0.285249 0.259453 233 21 0
0.67317 -0.288473 0.261672 233 21 0
0.675894 -0.293284 0.263453 233 21 0
0.675797 -0.29923 0.264132 233 21 0
0.673504 -0.304612 0.263722 233 21 0
0.668554 -0.307493 0.262006 233 21 0
0.663281 -0.308281 0.259848 233 21 0
0.658395 -0.306585 0.257447 233 21 0
0.653988 -0.303479 0.254925 233 21 0
0.651648 -0.298589 0.25328 233 21 0
0.650359 -0.292923 0.251834 233 21 0
0.651415 -0.287108 0.251385 233 21 0
0.654491 -0.282182 0.251941 233 21 0
0.658558 -0.277986 0.253214 233 21 0
0.663274 -0.275038 0.254868 233 21 0
0.668714 -0.27533 0.257021 233 21 0
0.673679 -0.277614 0.259434 233 21 0
0.676393 -0.28242 0.260973 233 21 0
0.677082 -0.287062 0.262068 233 21 0
0.67606 -0.292672 0.262418 233 21 0
0.67219 -0.297087 0.261318 233 21 0
0.667178 -0.297897 0.259206 233 21 0
0.661937 -0.297671 0.256812 233 21 0
0.657229 -0.294913 0.254395 233 21 0
0.653818 -0.290702 0.252441 233 21 0
0.652798 -0.284994 0.251374 233 21 0
0.653543 -0.279099 0.2507 234 20 0
0.654343 -0.273295 0.250018 234 20 0
0.658038 -0.268944 0.250867 234 20 0
0.662371 -0.265154 0.252479 234 20 0
0.667623 -0.263889 0.254654 234 20 0
0.67276 -0.265498 0.256897 234 20 0
0.676377 -0.26971 0.258619 234 20 0
0.678811 -0.274916 0.260224 234 20 0
0.678162 -0.280419 0.260508 234 20 0
0.675268 -0.285118 0.259979 234 20 0
0.670381 -0.287891 0.25835 234 20 0
0.665026 -0.288668 0.255981 234 20 0
0.66038 -0.285933 0.253751 234 20 0
0.655888 -0.28283 0.251334 234 20 0
0.654044 -0.277498 0.250164 234 20 0
0.653906 -0.271573 0.249439 234 20 0
0.655104 -0.265768 0.249239 234 20 0
0.658051 -0.26066 0.249686 234 20 0
0.661828 -0.256856 0.250537 234 20 0
0.66672 -0.254275 0.252145 234 20 0
0.672266 -0.254616 0.254383 234 20 0
0.676987 -0.257353 0.256502 234 20 0
0.679814 -0.26236 0.258017 234 20 0
0.679928 -0.268052 0.258681 234 20 0
0.678159 -0.273537 0.258868 234 20 0
0.673786 -0.277389 0.257616 234 20 0
0.668487 -0.278037 0.255769 234 20 0
0.663119 -0.2771 0.253522 234 20 0
0.65851 -0.274111 0.251253 234 20 0
0.65562 -0.269214 0.249625 234 20 0
0.653566 -0.263816 0.248145 234 20 0
0.654486 -0.258125 0.247897 234 20 0
0.656593 -0.252897 0.247768 234 20 0
0.660655 -0.249017 0.248544 234 20 0
0.664901 -0.244892 0.249274 234 20 0
0.670457 -0.244454 0.251072 234 20 0
0.675516 -0.245329 0.252661 234 20 0
0.679458 -0.248571 0.254294 234 20 0
0.681239 -0.253688 0.255542 234 20 0
0.681594 -0.258827 0.256977 234 20 0
0.679282 -0.264168 0.257055 234 20 0
0.674825 -0.266785 0.256538 234 20 0
0.669831 -0.268616 0.254813 234 20 0
0.664861 -0.266883 0.253122 234 20 0
0.660505 -0.264578 0.251222 234 20 0
0.657313 -0.26155 0.249595 234 20 0
0.655816 -0.257003 0.248534 234 20 0
0.655305 -0.253553 0.247891 234 20 0
0.654872 -0.248475 0.246568 234 20 0
0.657024 -0.243576 0.246327 234 20 0
0.659896 -0.239955 0.246702 234 20 0
0.662743 -0.237332 0.247039 234 20 0
0.666314 -0.234595 0.247538 234 20 0
0.671197 -0.23401 0.249089 234 20 0
0.668599 -0.235497 0.248311 234 20 0
0.663991 -0.23776 0.247254 234 20 0
0.659345 -0.239882 0.246078 234 20 0
0.654651 -0.241793 0.244749 234 20 0
0.649961 -0.24365 0.243322 234 20 0
0.64527 -0.24542 0.241798 234 20 0
0.644954 -0.245274 0.242735 234 20 0
0.585246 -0.247509 0.217447 234 20 0
0.585717 -0.24761 0.21657 234 20 0
0.585717 -0.24761 0.21657 234 20 0
0.584934 -0.25529 0.217778 234 20 0
0.584971 -0.260331 0.218689 234 20 0
0.58475 -0.265383 0.219516 234 20 0
0.584599 -0.270448 0.220272 234 20 0
0.584574 -0.275527 0.220941 234 20 0
0.584453 -0.280619 0.221472 234 20 0
0.584173 -0.285716 0.221909 234 20 0
0.583921 -0.290818 0.22231 234 20 0
0.58373 -0.295929 0.22262 234 20 0
0.583552 -0.301041 0.222894 234 20 0
0.581845 -0.310816 0.223747 234 20 0
0.580919 -0.315822 0.22426 234 20 0
0.579983 -0.320841 0.224727 234 20 0
0.579146 -0.325871 0.22525 234 20 0
0.578031 -0.330853 0.225724 234 20 0
0.577105 -0.335853 0.22637 234 20 0
0.576196 -0.340858 0.227003 234 20 0
0.575125 -0.34585 0.227463 234 20 0
0.573998 -0.350829 0.227938 234 20 0
0.57311 -0.355842 0.228533 234 20 0
0.572226 -0.36086 0.229103 234 20 0
0.571109 -0.365833 0.229639 234 20 0
0.57022 -0.370843 0.230224 234 20 0
0.571437 -0.363065 0.229474 234 20 0
0.572708 -0.358487 0.229052 234 20 0
0.573687 -0.35385 0.228469 234 20 0
0.574696 -0.349215 0.22793 234 20 0
0.575844 -0.344603 0.227483 234 20 0
0.576754 -0.339943 0.226973 234 20 0
0.577681 -0.335279 0.226539 234 20 0
0.578604 -0.330622 0.226031 234 20 0
0.579533 -0.325966 0.22552 234 20 0
0.580509 -0.321312 0.225097 234 20 0
0.581421 -0.316646 0.224755 234 20 0
0.581918 -0.308617 0.223236 234 20 0
0.582327 -0.303773 0.222817 234 20 0
0.5825 -0.298904 0.222438 234 20 0
0.582728 -0.29404 0.222021 234 20 0
0.582845 -0.289168 0.22164 234 20 0
0.582995 -0.2843 0.221221 234 20 0
0.583163 -0.279437 0.220748 235 19 0
0.58335 -0.274577 0.220264 235 19 0
0.583428 -0.269731 0.21963 235 19 0
0.583743 -0.264898 0.218987 235 19 0
0.583888 -0.260089 0.218175 235 19 0
0.584374 -0.255271 0.217514 235 19 0
0.585228 -0.232458 0.215797 235 19 0
0.58876 -0.23445 0.217687 235 19 0
0.592288 -0.236466 0.219553 235 19 0
0.595646 -0.240625 0.221712 235 19 0
0.596779 -0.246018 0.222819 235 19 0
0.594872 -0.251438 0.222513 235 19 0
0.591751 -0.256362 0.22137 235 19 0
0.587735 -0.26035 0.21963 235 19 0
0.583122 -0.262923 0.217064 235 19 0
0.578318 -0.261329 0.214142 235 19 0
0.573548 -0.260264 0.211056 235 19 0
0.569915 -0.256126 0.208572 235 19 0
0.567575 -0.251051 0.206631 235 19 0
0.567739 -0.24505 0.206161 235 19 0
0.568986 -0.239212 0.206455 235 19 0
0.573075 -0.235759 0.208571 235 19 0
0.577706 -0.232969 0.211225 235 19 0
0.582108 -0.235009 0.214027 235 19 0
0.585962 -0.238251 0.216739 235 19 0
0.587956 -0.243673 0.218449 235 19 0
0.587756 -0.249594 0.218795 235 19 0
0.586047 -0.255297 0.217995 235 19 0
0.582355 -0.259234 0.215965 235 19 0
0.577543 -0.261659 0.213241 235 19 0
0.572553 -0.263003 0.210384 235 19 0
0.567968 -0.260862 0.207714 235 19 0
0.563891 -0.257212 0.205153 235 19 0
0.560224 -0.253572 0.202602 235 19 0
0.559296 -0.2477 0.201639 235 19 0
0.560414 -0.241875 0.201731 235 19 0
0.562582 -0.236407 0.202701 235 19 0
0.567648 -0.234906 0.20553 235 19 0
0.572872 -0.234898 0.208564 235 19 0
0.577369 -0.237433 0.21152 235 19 0
0.579949 -0.242423 0.213399 235 19 0
0.57988 -0.248412 0.213823 235 19 0
0.57864 -0.254231 0.213429 235 19 0
0.575101 -0.258639 0.211609 235 19 0
0.57042 -0.261193 0.209109 235 19 0
0.565475 -0.263137 0.206457 235 19 0
0.560753 -0.260656 0.203706 235 19 0
0.556155 -0.259197 0.200806 235 19 0
0.553307 -0.254245 0.198845 235 19 0
0.552198 -0.248636 0.197913 235 19 0
0.552411 -0.242622 0.19767 235 19 0
0.554678 -0.237934 0.198566 235 19 0
0.557514 -0.235006 0.199826 235 19 0
0.562566 -0.234885 0.202284 235 19 0
0.567459 -0.235624 0.204837 235 19 0
0.570883 -0.238097 0.206901 235 19 0
0.573094 -0.242314 0.208496 235 19 0
0.574199 -0.247678 0.209799 235 19 0
0.57428 -0.253415 0.210745 235 19 0
0.572294 -0.258744 0.210399 235 19 0
0.569537 -0.263604 0.20932 235 19 0
0.564903 -0.266298 0.206841 235 19 0
0.560556 -0.268684 0.204335 235 19 0
0.555654 -0.267436 0.201348 235 19 0
0.551511 -0.264638 0.19868 235 19 0
0.549537 -0.259667 0.197191 235 19 0
0.547956 -0.254345 0.195928 235 19 0
0.550154 -0.249049 0.196709 235 19 0
0.554381 -0.245576 0.198822 235 19 0
0.559064 -0.244456 0.201284 235 19 0
0.56417 -0.244501 0.204367 235 19 0
0.568264 -0.247545 0.207105 235 19 0
0.570708 -0.252545 0.209186 235 19 0
0.572428 -0.257944 0.210717 235 19 0
0.572137 -0.263888 0.211166 235 19 0
0.569564 -0.268744 0.210319 235 19 0
0.566247 -0.273372 0.208869 235 19 0
0.562216 -0.277154 0.206764 235 19 0
0.557298 -0.278773 0.203844 235 19 0
0.55257 -0.277707 0.200832 235 19 0
0.549034 -0.273643 0.198357 235 19 0
0.547295 -0.268233 0.196916 235 19 0
0.547642 -0.262343 0.196541 235 19 0
0.55115 -0.25784 0.198215 235 19 0
0.555219 -0.25455 0.200578 235 19 0
0.560232 -0.254695 0.203813 235 19 0
0.564905 -0.255874 0.206996 235 19 0
0.56741 -0.260484 0.209001 235 19 0
0.569472 -0.265822 0.210655 235 19 0
0.571321 -0.271114 0.212109 235 19 0
0.569321 -0.276671 0.211246 235 19 0
0.567857 -0.282049 0.210816 235 19 0
0.563661 -0.285525 0.208637 235 19 0
0.558816 -0.28764 0.205876 235 19 0
0.553831 -0.288321 0.202797 235 19 0
0.549643 -0.285697 0.199767 235 19 0
0.547121 -0.280752 0.197705 235 19 0
0.54604 -0.275259 0.196621 235 19 0
0.548016 -0.269801 0.197616 235 19 0
0.552133 -0.266656 0.200147 235 19 0
0.556841 -0.264876 0.203239 235 19 0
0.561787 -0.265289 0.206469 235 19 0
0.56576 -0.268259 0.209201 235 19 0
0.568392 -0.273209 0.211235 235 19 0
0.56885 -0.278951 0.211915 236 18 0
0.568723 -0.284911 0.212197 236 18 0
0.566724 -0.290362 0.21134 236 18 0
0.563117 -0.294672 0.209429 236 18 0
0.558907 -0.297883 0.206866 236 18 0
0.554097 -0.298574 0.203799 236 18 0
0.549743 -0.296051 0.200817 236 18 0
0.545935 -0.293115 0.198226 236 18 0
0.545258 -0.287329 0.197345 236 18 0
0.545577 -0.281454 0.197316 236 18 0
0.549012 -0.27746 0.199419 236 18 0
0.553198 -0.274245 0.202159 236 18 0
0.557922 -0.274639 0.205303 236 18 0
0.561941 -0.277769 0.208141 236 18 0
0.565584 -0.281319 0.210695 236 18 0
0.568398 -0.286124 0.212779 236 18 0
0.568189 -0.292084 0.213014 236 18 0
0.56753 -0.297812 0.212853 236 18 0
0.564577 -0.302721 0.211189 236 18 0
0.560733 -0.306137 0.208807 236 18 0
0.556181 -0.308442 0.205793 236 18 0
0.551223 -0.308713 0.202484 236 18 0
0.54719 -0.305962 0.199529 236 18 0
0.544976 -0.301597 0.197749 236 18 0
0.543123 -0.296243 0.196342 236 18 0
0.545227 -0.291514 0.19735 236 18 0
0.548328 -0.287735 0.199277 236 18 0
0.552092 -0.284537 0.201866 236 18 0
0.556815 -0.285412 0.20505 236 18 0
0.56086 -0.288227 0.208044 236 18 0
0.564396 -0.290999 0.210638 236 18 0
0.565933 -0.296384 0.212368 236 18 0
0.565593 -0.302317 0.212903 236 18 0
0.565325 -0.308269 0.213246 236 18 0
0.563243 -0.313604 0.21214 236 18 0
0.558888 -0.316244 0.209425 236 18 0
0.555168 -0.318665 0.206598 236 18 0
0.55046 -0.317993 0.203018 236 18 0
0.546286 -0.316914 0.199401 236 18 0
0.543342 -0.31327 0.196741 236 18 0
0.543511 -0.307466 0.196391 236 18 0
0.543853 -0.302143 0.196539 236 18 0
0.546554 -0.298652 0.198234 236 18 0
0.550543 -0.296262 0.200904 236 18 0
0.555007 -0.296017 0.204189 236 18 0
0.559031 -0.29655 0.207757 236 18 0
0.56111 -0.299754 0.209585 236 18 0
0.563775 -0.302437 0.211665 236 18 0
0.565339 -0.307005 0.213275 236 18 0
0.564741 -0.312875 0.214311 236 18 0
0.564226 -0.318737 0.214498 236 18 0
0.561553 -0.323637 0.213192 236 18 0
0.557867 -0.326325 0.210594 236 18 0
0.554654 -0.328653 0.20721 236 18 0
0.550264 -0.328449 0.203212 236 18 0
0.546174 -0.326972 0.199639 236 18 0
0.542988 -0.32276 0.196826 236 18 0
0.543065 -0.316863 0.196359 236 18 0
0.544755 -0.311236 0.197546 236 18 0
0.547927 -0.306839 0.199973 236 18 0
0.552549 -0.306332 0.203632 236 18 0
0.557075 -0.306792 0.207521 236 18 0
0.561174 -0.309112 0.21094 236 18 0
0.563269 -0.314154 0.213289 236 18 0
0.564378 -0.319702 0.214905 236 18 0
0.563948 -0.325659 0.215415 236 18 0
0.562298 -0.331345 0.214588 236 18 0
0.559707 -0.336269 0.212679 236 18 0
0.555491 -0.338931 0.209407 236 18 0
0.551113 -0.340298 0.205804 236 18 0
0.546634 -0.338777 0.202219 236 18 0
0.543282 -0.335219 0.198902 236 18 0
0.542099 -0.329996 0.197369 236 18 0
0.542512 -0.324025 0.197293 236 18 0
0.545258 -0.319667 0.199341 236 18 0
0.549222 -0.316666 0.202619 236 18 0
0.553791 -0.316153 0.206354 236 18 0
0.558 -0.317628 0.209909 236 18 0
0.561033 -0.321701 0.213077 236 18 0
0.563354 -0.326666 0.215447 236 18 0
0.563554 -0.33248 0.216408 236 18 0
0.562725 -0.338347 0.21631 236 18 0
0.559978 -0.343184 0.214548 236 18 0
0.557144 -0.347942 0.21236 236 18 0
0.552879 -0.3504 0.209171 236 18 0
0.548308 -0.350033 0.205434 236 18 0
0.544248 -0.347529 0.20204 236 18 0
0.541604 -0.342929 0.19933 236 18 0
0.541803 -0.337026 0.19862 236 18 0
0.543543 -0.33164 0.199447 236 18 0
0.547418 -0.328103 0.20222 236 18 0
0.551348 -0.326596 0.20556 236 18 0
0.555615 -0.328352 0.209261 236 18 0
0.559455 -0.330986 0.21301 236 18 0
0.562292 -0.335257 0.215936 236 18 0
0.562856 -0.340936 0.217397 236 18 0
0.561964 -0.34681 0.217535 236 18 0
0.560283 -0.352502 0.216742 236 18 0
0.556834 -0.356537 0.214505 236 18 0
0.553306 -0.360451 0.211837 236 18 0
0.548574 -0.360444 0.208161 236 18 0
0.544387 -0.359147 0.204577 236 18 0
0.540989 -0.355247 0.201563 236 18 0
0.540876 -0.349602 0.2006 237 17 0
0.54215 -0.344018 0.200965 237 17 0
0.545037 -0.339141 0.202885 237 17 0
0.549572 -0.33784 0.206252 237 17 0
0.553725 -0.33714 0.209859 237 17 0
0.557385 -0.340264 0.213434 237 17 0
0.560684 -0.344015 0.216717 237 17 0
0.562062 -0.349384 0.218755 237 17 0
0.561613 -0.355311 0.219437 237 17 0
0.560322 -0.360976 0.219042 237 17 0
0.557551 -0.365919 0.217303 237 17 0
0.553758 -0.369687 0.214612 237 17 0
0.549346 -0.370654 0.211245 237 17 0
0.545022 -0.369848 0.207441 237 17 0
0.541701 -0.366359 0.203875 237 17 0
0.540012 -0.361185 0.201911 237 17 0
0.540211 -0.35521 0.201538 237 17 0
0.542785 -0.350271 0.2032 237 17 0
0.547274 -0.348549 0.206597 237 17 0
0.551777 -0.348273 0.21052 237 17 0
0.555998 -0.34958 0.214436 237 17 0
0.558775 -0.353635 0.217544 237 17 0
0.561215 -0.35845 0.220142 237 17 0
0.561206 -0.364237 0.221163 237 17 0
0.559673 -0.370013 0.22077 237 17 0
0.55735 -0.375313 0.219458 237 17 0
0.554186 -0.379632 0.217157 237 17 0
0.550059 -0.382443 0.213851 237 17 0
0.545662 -0.381374 0.210094 237 17 0
0.542155 -0.378478 0.20656 237 17 0
0.539421 -0.374334 0.20366 237 17 0
0.539765 -0.368557 0.202701 237 17 0
0.541516 -0.363009 0.203486 237 17 0
0.544419 -0.358714 0.205972 237 17 0
0.54888 -0.358326 0.209929 237 17 0
0.553119 -0.358752 0.214116 237 17 0
0.557146 -0.36095 0.217836 237 17 0
0.558976 -0.365963 0.220351 237 17 0
0.560642 -0.371288 0.222361 237 17 0
0.560566 -0.377196 0.222754 237 17 0
0.558642 -0.382321 0.221529 237 17 0
0.555612 -0.386833 0.219052 237 17 0
0.552382 -0.390773 0.216243 237 17 0
0.548621 -0.392119 0.212666 237 17 0
0.544887 -0.390995 0.20875 237 17 0
0.541997 -0.388069 0.206051 237 17 0
0.538995 -0.384363 0.203197 237 17 0
0.539291 -0.378566 0.202811 237 17 0
0.540447 -0.374205 0.203551 237 17 0
0.543419 -0.370093 0.206095 237 17 0
0.546842 -0.368635 0.209615 237 17 0
0.549779 -0.368196 0.213463 237 17 0
0.553187 -0.369747 0.21728 237 17 0
0.557178 -0.371927 0.220329 237 17 0
0.559096 -0.377237 0.221583 237 17 0
0.56057 -0.382703 0.222276 237 17 0
0.559265 -0.388067 0.220988 237 17 0
0.556929 -0.392712 0.218821 237 17 0
0.552924 -0.395545 0.215661 237 17 0
0.548609 -0.396714 0.212057 237 17 0
0.543964 -0.396166 0.208578 237 17 0
0.540634 -0.392633 0.205742 237 17 0
0.538703 -0.387678 0.203883 237 17 0
0.538577 -0.381865 0.203458 237 17 0
0.539681 -0.376242 0.204086 237 17 0
0.542407 -0.371777 0.206132 237 17 0
0.546549 -0.369487 0.209295 237 17 0
0.550135 -0.368196 0.212846 237 17 0
0.553505 -0.368578 0.217132 237 17 0
0.556531 -0.370565 0.219777 237 17 0
0.558505 -0.37377 0.221562 237 17 0
0.560399 -0.377417 0.223493 237 17 0
0.56024 -0.383141 0.223722 237 17 0
0.558324 -0.386891 0.222187 237 17 0
0.555588 -0.390445 0.219283 237 17 0
0.552009 -0.391919 0.215799 237 17 0
0.548029 -0.392097 0.211879 237 17 0
0.544323 -0.388924 0.20858 237 17 0
0.541501 -0.385482 0.205489 237 17 0
0.540177 -0.380265 0.203682 237 17 0
0.539003 -0.374632 0.202237 237 17 0
0.540955 -0.369344 0.202979 237 17 0
0.542574 -0.364045 0.20414 237 17 0
0.546041 -0.360833 0.207096 237 17 0
0.549512 -0.35831 0.210794 237 17 0
0.553782 -0.357794 0.214788 237 17 0
0.557421 -0.35989 0.218631 237 17 0
0.560634 -0.363748 0.221706 237 17 0
0.561006 -0.368987 0.222554 237 17 0
0.560667 -0.374805 0.222656 237 17 0
0.556881 -0.378671 0.220163 237 17 0
0.552569 -0.380698 0.216757 237 17 0
0.548785 -0.38205 0.213239 237 17 0
0.545617 -0.378688 0.209572 237 17 0
0.542744 -0.37537 0.206393 237 17 0
0.540792 -0.370389 0.203771 237 17 0
0.539823 -0.365263 0.202078 237 17 0
0.54174 -0.359619 0.202364 237 17 0
0.544053 -0.354257 0.203739 237 17 0
0.547084 -0.349855 0.206347 237 17 0
0.551131 -0.347024 0.209768 237 17 0
0.554718 -0.348624 0.213146 237 17 0
0.558848 -0.349272 0.21715 237 17 0
0.561353 -0.353568 0.219979 237 17 0
0.562758 -0.35873 0.221856 238 16 0
0.561164 -0.36439 0.221351 238 16 0
0.557326 -0.36818 0.218816 238 16 0
0.553381 -0.37078 0.215332 238 16 0
0.548907 -0.370628 0.211348 238 16 0
0.54535 -0.368189 0.207407 238 16 0
0.542889 -0.363995 0.204206 238 16 0
0.541259 -0.358709 0.20193 238 16 0
0.540737 -0.353091 0.200797 238 16 0
0.542877 -0.347754 0.201393 238 16 0
0.54552 -0.342666 0.203136 238 16 0
0.548896 -0.338436 0.205663 238 16 0
0.553229 -0.336422 0.209121 238 16 0
0.557557 -0.337801 0.213046 238 16 0
0.561426 -0.340695 0.216561 238 16 0
0.563586 -0.345369 0.219445 238 16 0
0.563754 -0.351158 0.220416 238 16 0
0.561111 -0.356113 0.219037 238 16 0
0.55731 -0.359465 0.216068 238 16 0
0.552892 -0.360448 0.212236 238 16 0
0.548439 -0.359799 0.208361 238 16 0
0.545213 -0.356522 0.20507 238 16 0
0.543108 -0.351543 0.202478 238 16 0
0.543048 -0.345804 0.201296 238 16 0
0.543373 -0.339822 0.200777 238 16 0
0.545083 -0.334341 0.201496 238 16 0
0.548781 -0.330529 0.203929 238 16 0
0.552919 -0.327272 0.206832 238 16 0
0.557265 -0.327498 0.210579 238 16 0
0.561325 -0.328752 0.214473 238 16 0
0.563883 -0.333533 0.217054 238 16 0
0.564907 -0.339047 0.218557 238 16 0
0.564285 -0.344728 0.218505 238 16 0
0.560769 -0.348584 0.216008 238 16 0
0.556627 -0.350662 0.212735 238 16 0
0.551933 -0.350323 0.209075 238 16 0
0.548262 -0.347247 0.205499 238 16 0
0.544978 -0.343296 0.202397 238 16 0
0.543674 -0.337844 0.200732 238 16 0
0.543924 -0.331893 0.200093 238 16 0
0.544184 -0.326125 0.199919 238 16 0
0.547996 -0.322117 0.202247 238 16 0
0.552056 -0.319022 0.205207 238 16 0
0.556479 -0.316686 0.208543 238 16 0
0.560963 -0.317314 0.212313 238 16 0
0.564341 -0.320756 0.21533 238 16 0
0.565726 -0.326237 0.217087 238 16 0
0.56602 -0.33211 0.217602 238 16 0
0.563095 -0.336101 0.215665 238 16 0
0.559197 -0.339579 0.212765 238 16 0
0.554683 -0.340494 0.209016 238 16 0
0.550481 -0.338363 0.205506 238 16 0
0.546737 -0.334767 0.202484 238 16 0
0.545256 -0.329243 0.200909 238 16 0
0.543988 -0.323678 0.199333 238 16 0
0.544479 -0.317746 0.199155 238 16 0
0.547289 -0.312803 0.200559 238 16 0
0.551348 -0.309271 0.203126 238 16 0
0.555842 -0.307054 0.206441 238 16 0
0.560626 -0.306613 0.210014 238 16 0
0.564349 -0.309484 0.213253 238 16 0
0.566735 -0.314524 0.215482 238 16 0
0.566779 -0.320307 0.215767 238 16 0
0.564637 -0.325742 0.214363 238 16 0
0.560664 -0.329239 0.211591 238 16 0
0.556199 -0.329757 0.208518 238 16 0
0.551561 -0.328342 0.205107 238 16 0
0.547812 -0.325257 0.202064 238 16 0
0.545459 -0.320205 0.199899 238 16 0
0.544523 -0.31437 0.198799 238 16 0
0.544854 -0.308482 0.198588 238 16 0
0.547856 -0.303562 0.200257 238 16 0
0.551593 -0.299524 0.202662 238 16 0
0.556032 -0.296907 0.205641 238 16 0
0.560962 -0.296346 0.208968 238 16 0
0.565196 -0.298979 0.212182 238 16 0
0.567532 -0.302767 0.214247 238 16 0
0.569113 -0.308196 0.215616 238 16 0
0.566834 -0.313302 0.214416 238 16 0
0.563732 -0.317701 0.212348 238 16 0
0.559132 -0.320025 0.209264 238 16 0
0.554353 -0.318793 0.206034 238 16 0
0.54993 -0.316203 0.202912 238 16 0
0.546544 -0.312311 0.200362 238 16 0
0.545086 -0.306698 0.198888 238 16 0
0.54612 -0.30117 0.198866 238 16 0
0.546257 -0.295203 0.198726 238 16 0
0.550184 -0.291562 0.200959 238 16 0
0.554088 -0.287905 0.203487 238 16 0
0.558665 -0.285583 0.206578 238 16 0
0.563353 -0.286152 0.209761 238 16 0
0.566927 -0.290041 0.21231 238 16 0
0.569336 -0.295261 0.214071 238 16 0
0.569592 -0.300928 0.21449 238 16 0
0.566597 -0.305472 0.212724 238 16 0
0.561932 -0.307818 0.209744 238 16 0
0.556997 -0.308422 0.206441 238 16 0
0.552398 -0.30704 0.203214 238 16 0
0.548958 -0.302881 0.200712 238 16 0
0.546264 -0.298054 0.198683 238 16 0
0.546457 -0.292052 0.198388 238 16 0
0.54761 -0.286379 0.198825 238 16 0
0.550288 -0.281218 0.200354 238 16 0
0.553353 -0.27645 0.202335 238 16 0
0.558336 -0.276097 0.2056 239 15 0
0.563144 -0.276669 0.208831 239 15 0
0.567402 -0.279387 0.211907 239 15 0
0.570319 -0.284135 0.214103 239 15 0
0.56945 -0.289878 0.213894 239 15 0
0.568042 -0.2954 0.213133 239 15 0
0.563969 -0.298671 0.210553 239 15 0
0.558979 -0.29888 0.207209 239 15 0
0.554179 -0.29783 0.203904 239 15 0
0.550103 -0.294502 0.201028 239 15 0
0.547204 -0.289878 0.198793 239 15 0
0.546711 -0.284106 0.197822 239 15 0
0.547273 -0.278182 0.1977 239 15 0
0.549951 -0.272956 0.198898 239 15 0
0.553527 -0.268559 0.200853 239 15 0
0.557897 -0.265586 0.203605 239 15 0
0.562829 -0.264797 0.206804 239 15 0
0.567309 -0.267104 0.20994 239 15 0
0.57115 -0.270634 0.212809 239 15 0
0.570843 -0.276623 0.213244 239 15 0
0.569715 -0.282332 0.213059 239 15 0
0.566096 -0.286483 0.210983 239 15 0
0.561641 -0.288314 0.208197 239 15 0
0.556771 -0.287976 0.204873 239 15 0
0.552614 -0.28495 0.201769 239 15 0
0.549901 -0.280249 0.199416 239 15 0
0.547571 -0.275047 0.197572 239 15 0
0.548068 -0.269374 0.197307 239 15 0
0.549553 -0.263729 0.197727 239 15 0
0.552675 -0.259126 0.199045 239 15 0
0.557161 -0.256756 0.20133 239 15 0
0.561872 -0.254705 0.204092 239 15 0
0.566659 -0.255602 0.207228 239 15 0
0.570634 -0.259007 0.210155 239 15 0
0.57228 -0.264039 0.212062 239 15 0
0.571386 -0.269268 0.212347 239 15 0
0.569255 -0.27433 0.211569 239 15 0
0.564951 -0.277216 0.209204 239 15 0
0.560111 -0.278613 0.206132 239 15 0
0.555934 -0.276645 0.20315 239 15 0
0.552151 -0.273023 0.200349 239 15 0
0.549328 -0.268572 0.198121 239 15 0
0.548662 -0.262819 0.19723 239 15 0
0.54975 -0.25842 0.197399 239 15 0
0.549983 -0.252425 0.197019 239 15 0
0.554508 -0.249379 0.199132 239 15 0
0.558606 -0.245727 0.20092 239 15 0
0.563736 -0.244486 0.203446 239 15 0
0.568646 -0.245458 0.20626 239 15 0
0.571334 -0.248672 0.208276 239 15 0
0.573615 -0.253473 0.210342 239 15 0
0.573422 -0.259036 0.211238 239 15 0
0.570011 -0.263465 0.210072 239 15 0
0.566121 -0.266253 0.208028 239 15 0
0.562925 -0.268644 0.206025 239 15 0
0.558092 -0.267732 0.202833 239 15 0
0.554132 -0.264308 0.200218 239 15 0
0.551783 -0.260256 0.198663 239 15 0
0.549839 -0.256635 0.197329 239 15 0
0.549966 -0.250723 0.196961 239 15 0
0.5502 -0.244828 0.196593 239 15 0
0.552407 -0.241296 0.197486 239 15 0
0.553958 -0.237932 0.198187 239 15 0
0.557754 -0.236198 0.199924 239 15 0
0.562587 -0.234885 0.202248 239 15 0
0.564705 -0.235692 0.203374 239 15 0
0.568692 -0.237687 0.205659 239 15 0
0.572563 -0.239772 0.208056 239 15 0
0.576273 -0.242089 0.210495 239 15 0
0.579985 -0.244392 0.212945 239 15 0
0.583647 -0.246817 0.215342 239 15 0
0.583163 -0.246698 0.216209 239 15 0
0.641725 -0.246942 0.243144 239 15 0
0.642063 -0.247079 0.242213 239 15 0
0.641875 -0.254732 0.242159 239 15 0
0.641641 -0.259948 0.242904 239 15 0
0.641042 -0.265143 0.243612 239 15 0
0.640688 -0.270347 0.244383 239 15 0
0.640491 -0.275557 0.2452 239 15 0
0.640169 -0.280765 0.24598 239 15 0
0.639747 -0.285976 0.246698 239 15 0
0.639245 -0.291187 0.247355 239 15 0
0.638903 -0.296401 0.248059 239 15 0
0.638407 -0.3016 0.248656 239 15 0
0.637261 -0.309331 0.249858 239 15 0
0.636478 -0.314108 0.251144 239 15 0
0.635736 -0.318938 0.252239 239 15 0
0.635053 -0.323783 0.253307 239 15 0
0.634347 -0.328612 0.25443 239 15 0
0.633688 -0.333435 0.255608 239 15 0
0.632963 -0.338262 0.256728 239 15 0
0.632359 -0.3431 0.257874 239 15 0
0.631729 -0.347931 0.259036 239 15 0
0.631135 -0.352773 0.260169 239 15 0
0.630546 -0.357623 0.261271 239 15 0
0.630023 -0.362506 0.262249 239 15 0
0.629459 -0.367379 0.263255 239 15 0
0.628926 -0.372287 0.264089 239 15 0
0.629633 -0.364555 0.263172 239 15 0
0.630254 -0.359777 0.261945 239 15 0
0.630851 -0.355001 0.260701 239 15 0
0.631434 -0.35019 0.259588 239 15 0
0.632049 -0.345395 0.258427 239 15 0
0.632856 -0.340604 0.257369 240 14 0
0.633499 -0.335807 0.256227 240 14 0
0.634203 -0.331018 0.255092 240 14 0
0.634895 -0.326227 0.253954 240 14 0
0.635632 -0.321416 0.252944 240 14 0
0.636551 -0.316637 0.251924 240 14 0
0.637382 -0.308381 0.249727 240 14 0
0.637568 -0.303537 0.248962 240 14 0
0.637892 -0.298702 0.248194 240 14 0
0.638266 -0.293872 0.247413 240 14 0
0.638631 -0.289024 0.246744 240 14 0
0.639014 -0.284175 0.246094 240 14 0
0.639408 -0.279331 0.245414 240 14 0
0.639901 -0.27449 0.244775 240 14 0
0.64038 -0.269647 0.244141 240 14 0
0.640895 -0.26481 0.243494 240 14 0
0.64142 -0.259976 0.24283 240 14 0
0.641859 -0.25513 0.242202 240 14 0
0.643548 -0.232337 0.238652 240 14 0
0.648052 -0.233877 0.240776 240 14 0
0.652388 -0.23551 0.24312 240 14 0
0.655921 -0.238635 0.245543 240 14 0
0.657051 -0.244174 0.246916 240 14 0
0.656744 -0.250066 0.24779 240 14 0
0.655515 -0.255713 0.248057 240 14 0
0.651935 -0.259428 0.247166 240 14 0
0.64762 -0.26235 0.245446 240 14 0
0.642958 -0.259737 0.242976 240 14 0
0.63839 -0.257009 0.240186 240 14 0
0.636442 -0.251921 0.238544 240 14 0
0.63704 -0.245975 0.237933 240 14 0
0.638967 -0.240622 0.23809 240 14 0
0.642457 -0.235863 0.239147 240 14 0
0.647452 -0.234816 0.241206 240 14 0
0.652391 -0.232633 0.243407 240 14 0
0.657297 -0.235018 0.245926 240 14 0
0.66209 -0.237243 0.248538 240 14 0
0.664641 -0.2424 0.250221 240 14 0
0.666274 -0.247838 0.251538 240 14 0
0.666478 -0.253793 0.252299 240 14 0
0.662569 -0.257891 0.250924 240 14 0
0.658237 -0.261627 0.249149 240 14 0
0.653058 -0.262439 0.246718 240 14 0
0.648925 -0.259008 0.244483 240 14 0
0.646005 -0.254137 0.242528 240 14 0
0.644544 -0.248599 0.241122 240 14 0
0.646821 -0.243068 0.241603 240 14 0
0.649458 -0.238102 0.242196 240 14 0
0.654639 -0.235695 0.244007 240 14 0
0.660208 -0.23517 0.245948 240 14 0
0.665648 -0.234601 0.248421 240 14 0
0.670116 -0.237959 0.250564 240 14 0
0.674245 -0.241551 0.252913 240 14 0
0.675962 -0.247031 0.254192 240 14 0
0.674416 -0.252737 0.254052 240 14 0
0.673207 -0.258497 0.254293 240 14 0
0.66829 -0.2614 0.252658 240 14 0
0.662687 -0.262012 0.250968 240 14 0
0.657859 -0.25944 0.248955 240 14 0
0.654577 -0.25526 0.247107 240 14 0
0.653259 -0.24998 0.245792 240 14 0
0.655018 -0.244766 0.245717 240 14 0
0.65755 -0.239691 0.245654 240 14 0
0.661736 -0.236823 0.246785 240 14 0
0.66605 -0.234589 0.247719 240 14 0
0.671113 -0.23401 0.249233 240 14 0
0.674805 -0.236218 0.249782 240 14 0
0.678157 -0.238561 0.251345 240 14 0
0.680899 -0.242647 0.252979 240 14 0
0.683114 -0.24683 0.254844 240 14 0
0.68269 -0.252701 0.255987 240 14 0
0.680301 -0.257845 0.256185 240 14 0
0.677685 -0.262792 0.256438 240 14 0
0.673062 -0.266423 0.255358 240 14 0
0.668181 -0.268517 0.254008 240 14 0
0.662688 -0.267641 0.252037 240 14 0
0.658629 -0.263732 0.250215 240 14 0
0.655337 -0.259926 0.248099 240 14 0
0.654585 -0.254245 0.246729 240 14 0
0.657232 -0.249174 0.247112 240 14 0
0.661559 -0.245577 0.248249 240 14 0
0.667104 -0.244931 0.250134 240 14 0
0.672674 -0.245257 0.25235 240 14 0
0.677177 -0.248302 0.254694 240 14 0
0.680068 -0.25315 0.256574 240 14 0
0.681139 -0.258933 0.25771 240 14 0
0.680505 -0.264884 0.258227 240 14 0
0.678197 -0.270351 0.258073 240 14 0
0.674965 -0.275255 0.257544 240 14 0
0.669955 -0.278103 0.256154 240 14 0
0.664443 -0.278135 0.253778 240 14 0
0.659644 -0.276789 0.251527 240 14 0
0.655908 -0.272498 0.249573 240 14 0
0.654917 -0.267225 0.248688 240 14 0
0.655273 -0.261451 0.248243 240 14 0
0.659336 -0.25751 0.249553 240 14 0
0.663939 -0.25414 0.251435 240 14 0
0.669251 -0.25517 0.253806 240 14 0
0.674211 -0.257432 0.256325 240 14 0
0.676726 -0.262079 0.257712 240 14 0
0.679487 -0.267006 0.259531 240 14 0
0.679342 -0.272987 0.260149 240 14 0
0.678621 -0.278782 0.260412 240 14 0
0.675298 -0.283447 0.259465 240 14 0
0.670356 -0.286434 0.257776 241 13 0
0.665241 -0.288666 0.2556 241 13 0
0.659949 -0.287427 0.253239 241 13 0
0.655575 -0.284046 0.250965 241 13 0
0.653992 -0.278472 0.249913 241 13 0
0.654771 -0.27264 0.249889 241 13 0
0.658178 -0.267943 0.25084 241 13 0
0.663311 -0.265597 0.252927 241 13 0
0.668273 -0.266108 0.255132 241 13 0
0.672768 -0.269309 0.257525 241 13 0
0.677143 -0.272435 0.260106 241 13 0
0.678881 -0.277916 0.261537 241 13 0
0.678682 -0.283878 0.262269 241 13 0
0.67715 -0.2895 0.262285 241 13 0
0.67413 -0.294652 0.261651 241 13 0
0.669648 -0.298149 0.259955 241 13 0
0.664123 -0.298434 0.257603 241 13 0
0.658865 -0.297148 0.255276 241 13 0
0.655072 -0.293042 0.253302 241 13 0
0.652948 -0.287689 0.251731 241 13 0
0.653217 -0.281809 0.251123 241 13 0
0.656898 -0.27724 0.252101 241 13 0
0.662062 -0.276154 0.254182 241 13 0
0.667512 -0.276465 0.256716 241 13 0
0.672249 -0.278741 0.25906 241 13 0
0.675399 -0.283213 0.260923 241 13 0
0.678158 -0.288104 0.26292 241 13 0
0.677872 -0.293891 0.263704 241 13 0
0.676554 -0.299711 0.263969 241 13 0
0.672998 -0.304041 0.263185 241 13 0
0.668087 -0.307164 0.261685 241 13 0
0.662682 -0.308262 0.259785 241 13 0
0.657244 -0.30781 0.257343 241 13 0
0.653254 -0.304058 0.25531 241 13 0
0.651598 -0.298595 0.253852 241 13 0
0.652001 -0.292942 0.253041 241 13 0
0.655766 -0.288754 0.254137 241 13 0
0.660591 -0.286105 0.255692 241 13 0
0.666194 -0.286489 0.257819 241 13 0
0.670665 -0.288879 0.259731 241 13 0
0.674896 -0.292068 0.262078 241 13 0
0.677512 -0.297144 0.26396 241 13 0
0.67699 -0.303045 0.264932 241 13 0
0.676204 -0.308956 0.265649 241 13 0
0.672887 -0.313581 0.265512 241 13 0
0.668085 -0.316614 0.26444 241 13 0
0.662799 -0.318839 0.26308 241 13 0
0.657128 -0.31855 0.261118 241 13 0
0.652863 -0.315521 0.258824 241 13 0
0.650517 -0.310763 0.256694 241 13 0
0.649753 -0.305312 0.255272 241 13 0
0.651783 -0.300558 0.255379 241 13 0
0.655559 -0.298831 0.256473 241 13 0
0.658962 -0.295948 0.257511 241 13 0
0.664082 -0.296216 0.259074 241 13 0
0.668215 -0.297638 0.260425 241 13 0
0.671561 -0.300653 0.261853 241 13 0
0.674555 -0.303169 0.263621 241 13 0
0.676349 -0.308057 0.265261 241 13 0
0.676587 -0.31313 0.266814 241 13 0
0.675005 -0.318639 0.267513 241 13 0
0.671995 -0.323298 0.267311 241 13 0
0.668177 -0.327065 0.266724 241 13 0
0.663109 -0.328908 0.265011 241 13 0
0.657771 -0.328714 0.262952 241 13 0
0.653141 -0.325997 0.260667 241 13 0
0.649604 -0.321698 0.258385 241 13 0
0.648875 -0.316241 0.257255 241 13 0
0.65073 -0.31063 0.257071 241 13 0
0.655484 -0.30785 0.258503 241 13 0
0.660676 -0.30669 0.260516 241 13 0
0.66617 -0.307125 0.262865 241 13 0
0.670374 -0.310712 0.265209 241 13 0
0.67345 -0.315359 0.267404 241 13 0
0.674846 -0.320889 0.268911 241 13 0
0.674653 -0.326794 0.269913 241 13 0
0.671663 -0.33198 0.269424 241 13 0
0.667694 -0.336298 0.268409 241 13 0
0.662612 -0.338938 0.266636 241 13 0
0.657186 -0.340177 0.264404 241 13 0
0.652357 -0.337722 0.262141 241 13 0
0.648348 -0.333865 0.259917 241 13 0
0.647329 -0.328394 0.258885 241 13 0
0.648308 -0.322563 0.258538 241 13 0
0.652767 -0.318878 0.260085 241 13 0
0.6579 -0.316791 0.262119 241 13 0
0.663215 -0.317147 0.2647 241 13 0
0.667267 -0.320865 0.266915 241 13 0
0.67082 -0.324596 0.269519 241 13 0
0.672444 -0.330113 0.271236 241 13 0
0.67135 -0.335559 0.271829 241 13 0
0.668878 -0.341046 0.271713 241 13 0
0.666157 -0.346226 0.271169 241 13 0
0.661012 -0.348634 0.269253 241 13 0
0.655634 -0.350365 0.267183 241 13 0
0.650943 -0.347557 0.264817 241 13 0
0.647158 -0.344039 0.262535 241 13 0
0.645083 -0.338714 0.260653 241 13 0
0.646632 -0.333101 0.260201 241 13 0
0.650314 -0.328802 0.26105 241 13 0
0.655364 -0.326262 0.262947 241 13 0
0.660642 -0.327164 0.265602 241 13 0
0.665372 -0.329469 0.268432 241 13 0
0.668373 -0.333843 0.270924 242 12 0
0.670265 -0.338908 0.27335 242 12 0
0.669451 -0.344832 0.274059 242 12 0
0.667496 -0.350491 0.274643 242 12 0
0.66435 -0.355224 0.274328 242 12 0
0.659527 -0.358454 0.272768 242 12 0
0.654431 -0.360471 0.270772 242 12 0
0.649482 -0.358512 0.268524 242 12 0
0.645515 -0.354925 0.266062 242 12 0
0.643252 -0.349766 0.263947 242 12 0
0.644036 -0.344104 0.26298 242 12 0
0.647346 -0.33933 0.263414 242 12 0
0.652489 -0.336976 0.265172 242 12 0
0.657962 -0.336861 0.267557 242 12 0
0.662299 -0.338927 0.270192 242 12 0
0.665691 -0.343081 0.272848 242 12 0
0.667532 -0.347998 0.275082 242 12 0
0.667991 -0.353762 0.276764 242 12 0
0.666983 -0.359382 0.277955 242 12 0
0.663503 -0.364233 0.277171 242 12 0
0.658737 -0.367638 0.276328 242 12 0
0.653453 -0.369775 0.274417 242 12 0
0.648471 -0.368784 0.272345 242 12 0
0.643972 -0.365644 0.269907 242 12 0
0.641167 -0.361149 0.267586 242 12 0
0.6413 -0.355353 0.266357 242 12 0
0.64385 -0.350788 0.266275 242 12 0
0.648479 -0.347342 0.267879 242 12 0
0.653871 -0.346479 0.270113 242 12 0
0.658812 -0.348435 0.272728 242 12 0
0.662897 -0.351705 0.275476 242 12 0
0.66549 -0.356611 0.277811 242 12 0
0.666375 -0.362349 0.279276 242 12 0
0.664844 -0.368093 0.279839 242 12 0
0.662124 -0.373458 0.279807 242 12 0
0.657268 -0.376342 0.278454 242 12 0
0.652553 -0.379792 0.277148 242 12 0
0.647235 -0.380053 0.274763 242 12 0
0.642684 -0.376893 0.272413 242 12 0
0.639476 -0.372799 0.270314 242 12 0
0.637852 -0.367784 0.268613 242 12 0
0.639835 -0.362448 0.268698 242 12 0
0.644486 -0.35899 0.270276 242 12 0
0.649298 -0.356419 0.272102 242 12 0
0.654567 -0.356539 0.274501 242 12 0
0.659038 -0.359654 0.276853 242 12 0
0.662304 -0.363812 0.278993 242 12 0
0.663782 -0.369445 0.280361 242 12 0
0.664434 -0.374755 0.281615 242 12 0
0.662169 -0.379983 0.281133 242 12 0
0.658726 -0.384727 0.280175 242 12 0
0.654469 -0.388601 0.278514 242 12 0
0.649547 -0.390337 0.276255 242 12 0
0.644889 -0.388657 0.274151 242 12 0
0.640385 -0.386335 0.271835 242 12 0
0.638261 -0.382115 0.270745 242 12 0
0.637004 -0.376656 0.269936 242 12 0
0.639151 -0.371955 0.270877 242 12 0
0.641858 -0.36895 0.271779 242 12 0
0.644765 -0.366735 0.272855 242 12 0
0.649789 -0.366273 0.274838 242 12 0
0.654621 -0.367249 0.277056 242 12 0
0.658692 -0.369863 0.279375 242 12 0
0.662074 -0.374303 0.281406 242 12 0
0.661882 -0.380244 0.281555 242 12 0
0.661789 -0.386302 0.28184 242 12 0
0.658384 -0.39096 0.280274 242 12 0
0.653607 -0.39383 0.277958 242 12 0
0.64837 -0.394306 0.275313 242 12 0
0.643418 -0.39193 0.272871 242 12 0
0.639768 -0.387996 0.271009 242 12 0
0.637217 -0.382679 0.269657 242 12 0
0.638039 -0.376847 0.270006 242 12 0
0.640498 -0.371429 0.27118 242 12 0
0.644909 -0.368295 0.27325 242 12 0
0.649626 -0.366273 0.27512 242 12 0
0.653729 -0.366316 0.276405 242 12 0
0.658208 -0.368106 0.278441 242 12 0
0.661297 -0.371898 0.280111 242 12 0
0.662583 -0.376099 0.281031 242 12 0
0.66259 -0.379939 0.28137 242 12 0
0.660595 -0.384802 0.28096 242 12 0
0.657171 -0.388045 0.279751 242 12 0
0.652385 -0.389821 0.277788 242 12 0
0.647277 -0.390179 0.275363 242 12 0
0.643922 -0.387627 0.273762 242 12 0
0.640342 -0.384879 0.271898 242 12 0
0.63808 -0.379795 0.270498 242 12 0
0.637202 -0.374359 0.269601 242 12 0
0.637883 -0.368554 0.269014 242 12 0
0.640747 -0.363852 0.269446 242 12 0
0.644641 -0.35938 0.270304 242 12 0
0.649277 -0.356409 0.271697 242 12 0
0.654814 -0.355984 0.273843 242 12 0
0.659615 -0.357938 0.276202 242 12 0
0.663391 -0.361362 0.278739 242 12 0
0.664246 -0.366803 0.280041 242 12 0
0.663382 -0.372123 0.280885 242 12 0
0.659312 -0.376428 0.280005 242 12 0
0.654439 -0.378717 0.278352 242 12 0
0.649923 -0.380321 0.276399 242 12 0
0.645371 -0.377357 0.274003 242 12 0
0.641591 -0.373603 0.271457 242 12 0
0.639563 -0.368408 0.269477 242 12 0
0.638121 -0.363338 0.267351 243 11 0
0.640744 -0.35872 0.26722 243 11 0
0.642683 -0.353587 0.266777 243 11 0
0.646886 -0.349453 0.267234 243 11 0
0.651457 -0.346348 0.268359 243 11 0
0.656971 -0.34619 0.270501 243 11 0
0.661904 -0.347432 0.273082 243 11 0
0.665199 -0.351794 0.275468 243 11 0
0.665995 -0.357182 0.277531 243 11 0
0.664847 -0.362957 0.278638 243 11 0
0.661333 -0.367567 0.278209 243 11 0
0.65607 -0.369239 0.276785 243 11 0
0.651281 -0.369333 0.274572 243 11 0
0.646631 -0.367465 0.271795 243 11 0
0.643197 -0.363492 0.269046 243 11 0
0.641327 -0.358378 0.266573 243 11 0
0.641748 -0.352657 0.264931 243 11 0
0.642858 -0.346948 0.263494 243 11 0
0.645733 -0.341751 0.263534 243 11 0
0.650243 -0.337897 0.264254 243 11 0
0.655453 -0.336744 0.265733 243 11 0
0.660945 -0.336984 0.2681 243 11 0
0.665705 -0.338857 0.2709 243 11 0
0.668584 -0.343411 0.273489 243 11 0
0.668066 -0.348825 0.274689 243 11 0
0.665894 -0.354179 0.27522 243 11 0
0.662253 -0.358221 0.274473 243 11 0
0.656764 -0.358818 0.272422 243 11 0
0.651382 -0.358515 0.269814 243 11 0
0.646999 -0.355672 0.266972 243 11 0
0.643916 -0.351279 0.264461 243 11 0
0.642685 -0.345844 0.262415 243 11 0
0.644559 -0.34038 0.261811 243 11 0
0.645602 -0.334576 0.260936 243 11 0
0.649384 -0.329983 0.261178 243 11 0
0.654097 -0.326693 0.26251 243 11 0
0.659427 -0.325172 0.26471 243 11 0
0.664415 -0.327037 0.267074 243 11 0
0.66825 -0.330936 0.269446 243 11 0
0.670989 -0.33545 0.271858 243 11 0
0.6695 -0.341055 0.272108 243 11 0
0.66644 -0.346162 0.271511 243 11 0
0.661923 -0.34903 0.26983 243 11 0
0.656632 -0.348527 0.267274 243 11 0
0.651602 -0.346887 0.264676 243 11 0
0.647718 -0.343169 0.262306 243 11 0
0.646066 -0.337683 0.260734 243 11 0
0.645041 -0.331954 0.259314 243 11 0
0.646997 -0.326777 0.259355 243 11 0
0.650449 -0.321937 0.25981 243 11 0
0.653856 -0.317702 0.260581 243 11 0
0.659269 -0.316644 0.262831 243 11 0
0.66468 -0.316043 0.265332 243 11 0
0.669082 -0.319094 0.2677 243 11 0
0.671266 -0.324442 0.26917 243 11 0
0.671631 -0.329847 0.269967 243 11 0
0.668424 -0.334748 0.268737 243 11 0
0.664213 -0.338361 0.267034 243 11 0
0.65904 -0.339133 0.264776 243 11 0
0.654034 -0.336999 0.262273 243 11 0
0.650465 -0.332845 0.2602 243 11 0
0.648064 -0.32769 0.258375 243 11 0
0.646418 -0.322191 0.25678 243 11 0
0.647642 -0.316562 0.256416 243 11 0
0.651357 -0.312114 0.257612 243 11 0
0.655491 -0.308049 0.259059 243 11 0
0.660298 -0.305448 0.260993 243 11 0
0.66571 -0.304771 0.263434 243 11 0
0.66908 -0.30923 0.265003 243 11 0
0.672457 -0.313161 0.266993 243 11 0
0.67281 -0.319049 0.267597 243 11 0
0.671423 -0.32438 0.267732 243 11 0
0.667253 -0.328387 0.266209 243 11 0
0.661829 -0.328232 0.263704 243 11 0
0.656726 -0.327742 0.26106 243 11 0
0.652491 -0.324377 0.258653 243 11 0
0.649749 -0.319441 0.256834 243 11 0
0.647807 -0.314036 0.255139 243 11 0
0.648281 -0.308136 0.254593 243 11 0
0.650192 -0.302478 0.254842 243 11 0
0.654428 -0.298491 0.256244 243 11 0
0.659317 -0.295501 0.257928 243 11 0
0.664707 -0.294778 0.260085 243 11 0
0.669817 -0.296396 0.262643 243 11 0
0.673048 -0.300868 0.264549 243 11 0
0.674493 -0.306331 0.265847 243 11 0
0.673466 -0.312213 0.266148 243 11 0
0.669888 -0.316834 0.265114 243 11 0
0.664977 -0.318771 0.26301 243 11 0
0.659563 -0.318612 0.260479 243 11 0
0.65462 -0.316534 0.257921 243 11 0
0.651415 -0.311937 0.255931 243 11 0
0.649313 -0.30663 0.254191 243 11 0
0.649198 -0.30081 0.25326 243 11 0
0.650904 -0.295152 0.253142 243 11 0
0.654868 -0.290935 0.254255 243 11 0
0.658502 -0.28675 0.255073 243 11 0
0.663838 -0.285676 0.257304 243 11 0
0.668775 -0.285249 0.259453 243 11 0
0.67317 -0.288473 0.261672 243 11 0
0.675894 -0.293284 0.263453 243 11 0
0.675797 -0.29923 0.264132 243 11 0
0.673504 -0.304612 0.263722 243 11 0
0.668554 -0.307493 0.262006 243 11 0
0.663281 -0.308281 0.259848 244 10 0
0.658395 -0.306585 0.257447 244 10 0
0.653988 -0.303479 0.254925 244 10 0
0.651648 -0.298589 0.25328 244 10 0
0.650359 -0.292923 0.251834 244 10 0
0.651415 -0.287108 0.251385 244 10 0
0.654491 -0.282182 0.251941 244 10 0
0.658558 -0.277986 0.253214 244 10 0
0.663274 -0.275038 0.254868 244 10 0
0.668714 -0.27533 0.257021 244 10 0
0.673679 -0.277614 0.259434 244 10 0
0.676393 -0.28242 0.260973 244 10 0
0.677082 -0.287062 0.262068 244 10 0
0.67606 -0.292672 0.262418 244 10 0
0.67219 -0.297087 0.261318 244 10 0
0.667178 -0.297897 0.259206 244 10 0
0.661937 -0.297671 0.256812 244 10 0
0.657229 -0.294913 0.254395 244 10 0
0.653818 -0.290702 0.252441 244 10 0
0.652798 -0.284994 0.251374 244 10 0
0.653543 -0.279099 0.2507 244 10 0
0.654343 -0.273295 0.250018 244 10 0
0.658038 -0.268944 0.250867 244 10 0
0.662371 -0.265154 0.252479 244 10 0
0.667623 -0.263889 0.254654 244 10 0
0.67276 -0.265498 0.256897 244 10 0
0.676377 -0.26971 0.258619 244 10 0
0.678811 -0.274916 0.260224 244 10 0
0.678162 -0.280419 0.260508 244 10 0
0.675268 -0.285118 0.259979 244 10 0
0.670381 -0.287891 0.25835 244 10 0
0.665026 -0.288668 0.255981 244 10 0
0.66038 -0.285933 0.253751 244 10 0
0.655888 -0.28283 0.251334 244 10 0
0.654044 -0.277498 0.250164 244 10 0
0.653906 -0.271573 0.249439 244 10 0
0.655104 -0.265768 0.249239 244 10 0
0.658051 -0.26066 0.249686 244 10 0
0.661828 -0.256856 0.250537 244 10 0
0.66672 -0.254275 0.252145 244 10 0
0.672266 -0.254616 0.254383 244 10 0
0.676987 -0.257353 0.256502 244 10 0
0.679814 -0.26236 0.258017 244 10 0
0.679928 -0.268052 0.258681 244 10 0
0.678159 -0.273537 0.258868 244 10 0
0.673786 -0.277389 0.257616 244 10 0
0.668487 -0.278037 0.255769 244 10 0
0.663119 -0.2771 0.253522 244 10 0
0.65851 -0.274111 0.251253 244 10 0
0.65562 -0.269214 0.249625 244 10 0
0.653566 -0.263816 0.248145 244 10 0
0.654486 -0.258125 0.247897 244 10 0
0.656593 -0.252897 0.247768 244 10 0
0.660655 -0.249017 0.248544 244 10 0
0.664901 -0.244892 0.249274 244 10 0
0.670457 -0.244454 0.251072 244 10 0
0.675516 -0.245329 0.252661 244 10 0
0.679458 -0.248571 0.254294 244 10 0
0.681239 -0.253688 0.255542 244 10 0
0.681594 -0.258827 0.256977 244 10 0
0.679282 -0.264168 0.257055 244 10 0
0.674825 -0.266785 0.256538 244 10 0
0.669831 -0.268616 0.254813 244 10 0
0.664861 -0.266883 0.253122 244 10 0
0.660505 -0.264578 0.251222 244 10 0
0.657313 -0.26155 0.249595 244 10 0
0.655816 -0.257003 0.248534 244 10 0
0.655305 -0.253553 0.247891 244 10 0
0.654872 -0.248475 0.246568 244 10 0
0.657024 -0.243576 0.246327 244 10 0
0.659896 -0.239955 0.246702 244 10 0
0.662743 -0.237332 0.247039 244 10 0
0.666314 -0.234595 0.247538 244 10 0
0.671197 -0.23401 0.249089 244 10 0
0.668599 -0.235497 0.248311 244 10 0
0.663991 -0.23776 0.247254 244 10 0
0.659345 -0.239882 0.246078 244 10 0
0.654651 -0.241793 0.244749 244 10 0
0.649961 -0.24365 0.243322 244 10 0
0.64527 -0.24542 0.241798 244 10 0
0.644954 -0.245274 0.242735 244 10 0
0.585246 -0.247509 0.217447 244 10 0
0.585717 -0.24761 0.21657 244 10 0
0.585717 -0.24761 0.21657 244 10 0
0.584934 -0.25529 0.217778 244 10 0
0.584971 -0.260331 0.218689 244 10 0
0.58475 -0.265383 0.219516 244 10 0
0.584599 -0.270448 0.220272 244 10 0
0.584574 -0.275527 0.220941 244 10 0
0.584453 -0.280619 0.221472 244 10 0
0.584173 -0.285716 0.221909 244 10 0
0.583921 -0.290818 0.22231 244 10 0
0.58373 -0.295929 0.22262 244 10 0
0.583552 -0.301041 0.222894 244 10 0
0.581845 -0.310816 0.223747 244 10 0
0.580919 -0.315822 0.22426 244 10 0
0.579983 -0.320841 0.224727 244 10 0
0.579146 -0.325871 0.22525 244 10 0
0.578031 -0.330853 0.225724 244 10 0
0.577105 -0.335853 0.22637 244 10 0
0.576196 -0.340858 0.227003 244 10 0
0.575125 -0.34585 0.227463 244 10 0
0.573998 -0.350829 0.227938 244 10 0
0.57311 -0.355842 0.228533 245 9 0
0.572226 -0.36086 0.229103 245 9 0
0.571109 -0.365833 0.229639 245 9 0
0.57022 -0.370843 0.230224 245 9 0
0.571437 -0.363065 0.229474 245 9 0
0.572708 -0.358487 0.229052 245 9 0
0.573687 -0.35385 0.228469 245 9 0
0.574696 -0.349215 0.22793 245 9 0
0.575844 -0.344603 0.227483 245 9 0
0.576754 -0.339943 0.226973 245 9 0
0.577681 -0.335279 0.226539 245 9 0
0.578604 -0.330622 0.226031 245 9 0
0.579533 -0.325966 0.22552 245 9 0
0.580509 -0.321312 0.225097 245 9 0
0.581421 -0.316646 0.224755 245 9 0
0.581918 -0.308617 0.223236 245 9 0
0.582327 -0.303773 0.222817 245 9 0
0.5825 -0.298904 0.222438 245 9 0
0.582728 -0.29404 0.222021 245 9 0
0.582845 -0.289168 0.22164 245 9 0
0.582995 -0.2843 0.221221 245 9 0
0.583163 -0.279437 0.220748 245 9 0
0.58335 -0.274577 0.220264 245 9 0
0.583428 -0.269731 0.21963 245 9 0
0.583743 -0.264898 0.218987 245 9 0
0.583888 -0.260089 0.218175 245 9 0
0.584374 -0.255271 0.217514 245 9 0
0.585228 -0.232458 0.215797 245 9 0
0.58876 -0.23445 0.217687 245 9 0
0.592288 -0.236466 0.219553 245 9 0
0.595646 -0.240625 0.221712 245 9 0
0.596779 -0.246018 0.222819 245 9 0
0.594872 -0.251438 0.222513 245 9 0
0.591751 -0.256362 0.22137 245 9 0
0.587735 -0.26035 0.21963 245 9 0
0.583122 -0.262923 0.217064 245 9 0
0.578318 -0.261329 0.214142 245 9 0
0.573548 -0.260264 0.211056 245 9 0
0.569915 -0.256126 0.208572 245 9 0
0.567575 -0.251051 0.206631 245 9 0
0.567739 -0.24505 0.206161 245 9 0
0.568986 -0.239212 0.206455 245 9 0
0.573075 -0.235759 0.208571 245 9 0
0.577706 -0.232969 0.211225 245 9 0
0.582108 -0.235009 0.214027 245 9 0
0.585962 -0.238251 0.216739 245 9 0
0.587956 -0.243673 0.218449 245 9 0
0.587756 -0.249594 0.218795 245 9 0
0.586047 -0.255297 0.217995 245 9 0
0.582355 -0.259234 0.215965 245 9 0
0.577543 -0.261659 0.213241 245 9 0
0.572553 -0.263003 0.210384 245 9 0
0.567968 -0.260862 0.207714 245 9 0
0.563891 -0.257212 0.205153 245 9 0
0.560224 -0.253572 0.202602 245 9 0
0.559296 -0.2477 0.201639 245 9 0
0.560414 -0.241875 0.201731 245 9 0
0.562582 -0.236407 0.202701 245 9 0
0.567648 -0.234906 0.20553 245 9 0
0.572872 -0.234898 0.208564 245 9 0
0.577369 -0.237433 0.21152 245 9 0
0.579949 -0.242423 0.213399 245 9 0
0.57988 -0.248412 0.213823 245 9 0
0.57864 -0.254231 0.213429 245 9 0
0.575101 -0.258639 0.211609 245 9 0
0.57042 -0.261193 0.209109 245 9 0
0.565475 -0.263137 0.206457 245 9 0
0.560753 -0.260656 0.203706 245 9 0
0.556155 -0.259197 0.200806 245 9 0
0.553307 -0.254245 0.198845 245 9 0
0.552198 -0.248636 0.197913 245 9 0
0.552411 -0.242622 0.19767 245 9 0
0.554678 -0.237934 0.198566 245 9 0
0.557514 -0.235006 0.199826 245 9 0
0.562566 -0.234885 0.202284 245 9 0
0.567459 -0.235624 0.204837 245 9 0
0.570883 -0.238097 0.206901 245 9 0
0.573094 -0.242314 0.208496 245 9 0
0.574199 -0.247678 0.209799 245 9 0
0.57428 -0.253415 0.210745 245 9 0
0.572294 -0.258744 0.210399 245 9 0
0.569537 -0.263604 0.20932 245 9 0
0.564903 -0.266298 0.206841 245 9 0
0.560556 -0.268684 0.204335 245 9 0
0.555654 -0.267436 0.201348 245 9 0
0.551511 -0.264638 0.19868 245 9 0
0.549537 -0.259667 0.197191 245 9 0
0.547956 -0.254345 0.195928 245 9 0
0.550154 -0.249049 0.196709 245 9 0
0.554381 -0.245576 0.198822 245 9 0
0.559064 -0.244456 0.201284 245 9 0
0.56417 -0.244501 0.204367 245 9 0
0.568264 -0.247545 0.207105 245 9 0
0.570708 -0.252545 0.209186 245 9 0
0.572428 -0.257944 0.210717 245 9 0
0.572137 -0.263888 0.211166 245 9 0
0.569564 -0.268744 0.210319 245 9 0
0.566247 -0.273372 0.208869 245 9 0
0.562216 -0.277154 0.206764 245 9 0
0.557298 -0.278773 0.203844 245 9 0
0.55257 -0.277707 0.200832 245 9 0
0.549034 -0.273643 0.198357 245 9 0
0.547295 -0.268233 0.196916 245 9 0
0.547642 -0.262343 0.196541 245 9 0
0.55115 -0.25784 0.198215 246 8 0
0.555219 -0.25455 0.200578 246 8 0
0.560232 -0.254695 0.203813 246 8 0
0.564905 -0.255874 0.206996 246 8 0
0.56741 -0.260484 0.209001 246 8 0
0.569472 -0.265822 0.210655 246 8 0
0.571321 -0.271114 0.212109 246 8 0
0.569321 -0.276671 0.211246 246 8 0
0.567857 -0.282049 0.210816 246 8 0
0.563661 -0.285525 0.208637 246 8 0
0.558816 -0.28764 0.205876 246 8 0
0.553831 -0.288321 0.202797 246 8 0
0.549643 -0.285697 0.199767 246 8 0
0.547121 -0.280752 0.197705 246 8 0
0.54604 -0.275259 0.196621 246 8 0
0.548016 -0.269801 0.197616 246 8 0
0.552133 -0.266656 0.200147 246 8 0
0.556841 -0.264876 0.203239 246 8 0
0.561787 -0.265289 0.206469 246 8 0
0.56576 -0.268259 0.209201 246 8 0
0.568392 -0.273209 0.211235 246 8 0
0.56885 -0.278951 0.211915 246 8 0
0.568723 -0.284911 0.212197 246 8 0
0.566724 -0.290362 0.21134 246 8 0
0.563117 -0.294672 0.209429 246 8 0
0.558907 -0.297883 0.206866 246 8 0
0.554097 -0.298574 0.203799 246 8 0
0.549743 -0.296051 0.200817 246 8 0
0.545935 -0.293115 0.198226 246 8 0
0.545258 -0.287329 0.197345 246 8 0
0.545577 -0.281454 0.197316 246 8 0
0.549012 -0.27746 0.199419 246 8 0
0.553198 -0.274245 0.202159 246 8 0
0.557922 -0.274639 0.205303 246 8 0
0.561941 -0.277769 0.208141 246 8 0
0.565584 -0.281319 0.210695 246 8 0
0.568398 -0.286124 0.212779 246 8 0
0.568189 -0.292084 0.213014 246 8 0
0.56753 -0.297812 0.212853 246 8 0
0.564577 -0.302721 0.211189 246 8 0
0.560733 -0.306137 0.208807 246 8 0
0.556181 -0.308442 0.205793 246 8 0
0.551223 -0.308713 0.202484 246 8 0
0.54719 -0.305962 0.199529 246 8 0
0.544976 -0.301597 0.197749 246 8 0
0.543123 -0.296243 0.196342 246 8 0
0.545227 -0.291514 0.19735 246 8 0
0.548328 -0.287735 0.199277 246 8 0
0.552092 -0.284537 0.201866 246 8 0
0.556815 -0.285412 0.20505 246 8 0
0.56086 -0.288227 0.208044 246 8 0
0.564396 -0.290999 0.210638 246 8 0
0.565933 -0.296384 0.212368 246 8 0
0.565593 -0.302317 0.212903 246 8 0
0.565325 -0.308269 0.213246 246 8 0
0.563243 -0.313604 0.21214 246 8 0
0.558888 -0.316244 0.209425 246 8 0
0.555168 -0.318665 0.206598 246 8 0
0.55046 -0.317993 0.203018 246 8 0
0.546286 -0.316914 0.199401 246 8 0
0.543342 -0.31327 0.196741 246 8 0
0.543511 -0.307466 0.196391 246 8 0
0.543853 -0.302143 0.196539 246 8 0
0.546554 -0.298652 0.198234 246 8 0
0.550543 -0.296262 0.200904 246 8 0
0.555007 -0.296017 0.204189 246 8 0
0.559031 -0.29655 0.207757 246 8 0
0.56111 -0.299754 0.209585 246 8 0
0.563775 -0.302437 0.211665 246 8 0
0.565339 -0.307005 0.213275 246 8 0
0.564741 -0.312875 0.214311 246 8 0
0.564226 -0.318737 0.214498 246 8 0
0.561553 -0.323637 0.213192 246 8 0
0.557867 -0.326325 0.210594 246 8 0
0.554654 -0.328653 0.20721 246 8 0
0.550264 -0.328449 0.203212 246 8 0
0.546174 -0.326972 0.199639 246 8 0
0.542988 -0.32276 0.196826 246 8 0
0.543065 -0.316863 0.196359 246 8 0
0.544755 -0.311236 0.197546 246 8 0
0.547927 -0.306839 0.199973 246 8 0
0.552549 -0.306332 0.203632 246 8 0
0.557075 -0.306792 0.207521 246 8 0
0.561174 -0.309112 0.21094 246 8 0
0.563269 -0.314154 0.213289 246 8 0
0.564378 -0.319702 0.214905 246 8 0
0.563948 -0.325659 0.215415 246 8 0
0.562298 -0.331345 0.214588 246 8 0
0.559707 -0.336269 0.212679 246 8 0
0.555491 -0.338931 0.209407 246 8 0
0.551113 -0.340298 0.205804 246 8 0
0.546634 -0.338777 0.202219 246 8 0
0.543282 -0.335219 0.198902 246 8 0
0.542099 -0.329996 0.197369 246 8 0
0.542512 -0.324025 0.197293 246 8 0
0.545258 -0.319667 0.199341 246 8 0
0.549222 -0.316666 0.202619 246 8 0
0.553791 -0.316153 0.206354 246 8 0
0.558 -0.317628 0.209909 246 8 0
0.561033 -0.321701 0.213077 246 8 0
0.563354 -0.326666 0.215447 246 8 0
0.563554 -0.33248 0.216408 246 8 0
0.562725 -0.338347 0.21631 246 8 0
0.559978 -0.343184 0.214548 246 8 0
0.557144 -0.347942 0.21236 247 7 0
0.552879 -0.3504 0.209171 247 7 0
0.548308 -0.350033 0.205434 247 7 0
0.544248 -0.347529 0.20204 247 7 0
0.541604 -0.342929 0.19933 247 7 0
0.541803 -0.337026 0.19862 247 7 0
0.543543 -0.33164 0.199447 247 7 0
0.547418 -0.328103 0.20222 247 7 0
0.551348 -0.326596 0.20556 247 7 0
0.555615 -0.328352 0.209261 247 7 0
0.559455 -0.330986 0.21301 247 7 0
0.562292 -0.335257 0.215936 247 7 0
0.562856 -0.340936 0.217397 247 7 0
0.561964 -0.34681 0.217535 247 7 0
0.560283 -0.352502 0.216742 247 7 0
0.556834 -0.356537 0.214505 247 7 0
0.553306 -0.360451 0.211837 247 7 0
0.548574 -0.360444 0.208161 247 7 0
0.544387 -0.359147 0.204577 247 7 0
0.540989 -0.355247 0.201563 247 7 0
0.540876 -0.349602 0.2006 247 7 0
0.54215 -0.344018 0.200965 247 7 0
0.545037 -0.339141 0.202885 247 7 0
0.549572 -0.33784 0.206252 247 7 0
0.553725 -0.33714 0.209859 247 7 0
0.557385 -0.340264 0.213434 247 7 0
0.560684 -0.344015 0.216717 247 7 0
0.562062 -0.349384 0.218755 247 7 0
0.561613 -0.355311 0.219437 247 7 0
0.560322 -0.360976 0.219042 247 7 0
0.557551 -0.365919 0.217303 247 7 0
0.553758 -0.369687 0.214612 247 7 0
0.549346 -0.370654 0.211245 247 7 0
0.545022 -0.369848 0.207441 247 7 0
0.541701 -0.366359 0.203875 247 7 0
0.540012 -0.361185 0.201911 247 7 0
0.540211 -0.35521 0.201538 247 7 0
0.542785 -0.350271 0.2032 247 7 0
0.547274 -0.348549 0.206597 247 7 0
0.551777 -0.348273 0.21052 247 7 0
0.555998 -0.34958 0.214436 247 7 0
0.558775 -0.353635 0.217544 247 7 0
0.561215 -0.35845 0.220142 247 7 0
0.561206 -0.364237 0.221163 247 7 0
0.559673 -0.370013 0.22077 247 7 0
0.55735 -0.375313 0.219458 247 7 0
0.554186 -0.379632 0.217157 247 7 0
0.550059 -0.382443 0.213851 247 7 0
0.545662 -0.381374 0.210094 247 7 0
0.542155 -0.378478 0.20656 247 7 0
0.539421 -0.374334 0.20366 247 7 0
0.539765 -0.368557 0.202701 247 7 0
0.541516 -0.363009 0.203486 247 7 0
0.544419 -0.358714 0.205972 247 7 0
0.54888 -0.358326 0.209929 247 7 0
0.553119 -0.358752 0.214116 247 7 0
0.557146 -0.36095 0.217836 247 7 0
0.558976 -0.365963 0.220351 247 7 0
0.560642 -0.371288 0.222361 247 7 0
0.560566 -0.377196 0.222754 247 7 0
0.558642 -0.382321 0.221529 247 7 0
0.555612 -0.386833 0.219052 247 7 0
0.552382 -0.390773 0.216243 247 7 0
0.548621 -0.392119 0.212666 247 7 0
0.544887 -0.390995 0.20875 247 7 0
0.541997 -0.388069 0.206051 247 7 0
0.538995 -0.384363 0.203197 247 7 0
0.539291 -0.378566 0.202811 247 7 0
0.540447 -0.374205 0.203551 247 7 0
0.543419 -0.370093 0.206095 247 7 0
0.546842 -0.368635 0.209615 247 7 0
0.549779 -0.368196 0.213463 247 7 0
0.553187 -0.369747 0.21728 247 7 0
0.557178 -0.371927 0.220329 247 7 0
0.559096 -0.377237 0.221583 247 7 0
0.56057 -0.382703 0.222276 247 7 0
0.559265 -0.388067 0.220988 247 7 0
0.556929 -0.392712 0.218821 247 7 0
0.552924 -0.395545 0.215661 247 7 0
0.548609 -0.396714 0.212057 247 7 0
0.543964 -0.396166 0.208578 247 7 0
0.540634 -0.392633 0.205742 247 7 0
0.538703 -0.387678 0.203883 247 7 0
0.538577 -0.381865 0.203458 247 7 0
0.539681 -0.376242 0.204086 247 7 0
0.542407 -0.371777 0.206132 247 7 0
0.546549 -0.369487 0.209295 247 7 0
0.550135 -0.368196 0.212846 247 7 0
0.553505 -0.368578 0.217132 247 7 0
0.556531 -0.370565 0.219777 247 7 0
0.558505 -0.37377 0.221562 247 7 0
0.560399 -0.377417 0.223493 247 7 0
0.56024 -0.383141 0.223722 247 7 0
0.558324 -0.386891 0.222187 247 7 0
0.555588 -0.390445 0.219283 247 7 0
0.552009 -0.391919 0.215799 247 7 0
0.548029 -0.392097 0.211879 247 7 0
0.544323 -0.388924 0.20858 247 7 0
0.541501 -0.385482 0.205489 247 7 0
0.540177 -0.380265 0.203682 247 7 0
0.539003 -0.374632 0.202237 247 7 0
0.540955 -0.369344 0.202979 247 7 0
0.542574 -0.364045 0.20414 247 7 0
0.546041 -0.360833 0.207096 248 6 0
0.549512 -0.35831 0.210794 248 6 0
0.553782 -0.357794 0.214788 248 6 0
0.557421 -0.35989 0.218631 248 6 0
0.560634 -0.363748 0.221706 248 6 0
0.561006 -0.368987 0.222554 248 6 0
0.560667 -0.374805 0.222656 248 6 0
0.556881 -0.378671 0.220163 248 6 0
0.552569 -0.380698 0.216757 248 6 0
0.548785 -0.38205 0.213239 248 6 0
0.545617 -0.378688 0.209572 248 6 0
0.542744 -0.37537 0.206393 248 6 0
0.540792 -0.370389 0.203771 248 6 0
0.539823 -0.365263 0.202078 248 6 0
0.54174 -0.359619 0.202364 248 6 0
0.544053 -0.354257 0.203739 248 6 0
0.547084 -0.349855 0.206347 248 6 0
0.551131 -0.347024 0.209768 248 6 0
0.554718 -0.348624 0.213146 248 6 0
0.558848 -0.349272 0.21715 248 6 0
0.561353 -0.353568 0.219979 248 6 0
0.562758 -0.35873 0.221856 248 6 0
0.561164 -0.36439 0.221351 248 6 0
0.557326 -0.36818 0.218816 248 6 0
0.553381 -0.37078 0.215332 248 6 0
0.548907 -0.370628 0.211348 248 6 0
0.54535 -0.368189 0.207407 248 6 0
0.542889 -0.363995 0.204206 248 6 0
0.541259 -0.358709 0.20193 248 6 0
0.540737 -0.353091 0.200797 248 6 0
0.542877 -0.347754 0.201393 248 6 0
0.54552 -0.342666 0.203136 248 6 0
0.548896 -0.338436 0.205663 248 6 0
0.553229 -0.336422 0.209121 248 6 0
0.557557 -0.337801 0.213046 248 6 0
0.561426 -0.340695 0.216561 248 6 0
0.563586 -0.345369 0.219445 248 6 0
0.563754 -0.351158 0.220416 248 6 0
0.561111 -0.356113 0.219037 248 6 0
0.55731 -0.359465 0.216068 248 6 0
0.552892 -0.360448 0.212236 248 6 0
0.548439 -0.359799 0.208361 248 6 0
0.545213 -0.356522 0.20507 248 6 0
0.543108 -0.351543 0.202478 248 6 0
0.543048 -0.345804 0.201296 248 6 0
0.543373 -0.339822 0.200777 248 6 0
0.545083 -0.334341 0.201496 248 6 0
0.548781 -0.330529 0.203929 248 6 0
0.552919 -0.327272 0.206832 248 6 0
0.557265 -0.327498 0.210579 248 6 0
0.561325 -0.328752 0.214473 248 6 0
0.563883 -0.333533 0.217054 248 6 0
0.564907 -0.339047 0.218557 248 6 0
0.564285 -0.344728 0.218505 248 6 0
0.560769 -0.348584 0.216008 248 6 0
0.556627 -0.350662 0.212735 248 6 0
0.551933 -0.350323 0.209075 248 6 0
0.548262 -0.347247 0.205499 248 6 0
0.544978 -0.343296 0.202397 248 6 0
0.543674 -0.337844 0.200732 248 6 0
0.543924 -0.331893 0.200093 248 6 0
0.544184 -0.326125 0.199919 248 6 0
0.547996 -0.322117 0.202247 248 6 0
0.552056 -0.319022 0.205207 248 6 0
0.556479 -0.316686 0.208543 248 6 0
0.560963 -0.317314 0.212313 248 6 0
0.564341 -0.320756 0.21533 248 6 0
0.565726 -0.326237 0.217087 248 6 0
0.56602 -0.33211 0.217602 248 6 0
0.563095 -0.336101 0.215665 248 6 0
0.559197 -0.339579 0.212765 248 6 0
0.554683 -0.340494 0.209016 248 6 0
0.550481 -0.338363 0.205506 248 6 0
0.546737 -0.334767 0.202484 248 6 0
0.545256 -0.329243 0.200909 248 6 0
0.543988 -0.323678 0.199333 248 6 0
0.544479 -0.317746 0.199155 248 6 0
0.547289 -0.312803 0.200559 248 6 0
0.551348 -0.309271 0.203126 248 6 0
0.555842 -0.307054 0.206441 248 6 0
0.560626 -0.306613 0.210014 248 6 0
0.564349 -0.309484 0.213253 248 6 0
0.566735 -0.314524 0.215482 248 6 0
0.566779 -0.320307 0.215767 248 6 0
0.564637 -0.325742 0.214363 248 6 0
0.560664 -0.329239 0.211591 248 6 0
0.556199 -0.329757 0.208518 248 6 0
0.551561 -0.328342 0.205107 248 6 0
0.547812 -0.325257 0.202064 248 6 0
0.545459 -0.320205 0.199899 248 6 0
0.544523 -0.31437 0.198799 248 6 0
0.544854 -0.308482 0.198588 248 6 0
0.547856 -0.303562 0.200257 248 6 0
0.551593 -0.299524 0.202662 248 6 0
0.556032 -0.296907 0.205641 248 6 0
0.560962 -0.296346 0.208968 248 6 0
0.565196 -0.298979 0.212182 248 6 0
0.567532 -0.302767 0.214247 248 6 0
0.569113 -0.308196 0.215616 248 6 0
0.566834 -0.313302 0.214416 248 6 0
0.563732 -0.317701 0.212348 248 6 0
0.559132 -0.320025 0.209264 248 6 0
0.554353 -0.318793 0.206034 248 6 0
0.54993 -0.316203 0.202912 248 6 0
0.546544 -0.312311 0.200362 249 5 0
0.545086 -0.306698 0.198888 249 5 0
0.54612 -0.30117 0.198866 249 5 0
0.546257 -0.295203 0.198726 249 5 0
0.550184 -0.291562 0.200959 249 5 0
0.554088 -0.287905 0.203487 249 5 0
0.558665 -0.285583 0.206578 249 5 0
0.563353 -0.286152 0.209761 249 5 0
0.566927 -0.290041 0.21231 249 5 0
0.569336 -0.295261 0.214071 249 5 0
0.569592 -0.300928 0.21449 249 5 0
0.566597 -0.305472 0.212724 249 5 0
0.561932 -0.307818 0.209744 249 5 0
0.556997 -0.308422 0.206441 249 5 0
0.552398 -0.30704 0.203214 249 5 0
0.548958 -0.302881 0.200712 249 5 0
0.546264 -0.298054 0.198683 249 5 0
0.546457 -0.292052 0.198388 249 5 0
0.54761 -0.286379 0.198825 249 5 0
0.550288 -0.281218 0.200354 249 5 0
0.553353 -0.27645 0.202335 249 5 0
0.558336 -0.276097 0.2056 249 5 0
0.563144 -0.276669 0.208831 249 5 0
0.567402 -0.279387 0.211907 249 5 0
0.570319 -0.284135 0.214103 249 5 0
0.56945 -0.289878 0.213894 249 5 0
0.568042 -0.2954 0.213133 249 5 0
0.563969 -0.298671 0.210553 249 5 0
0.558979 -0.29888 0.207209 249 5 0
0.554179 -0.29783 0.203904 249 5 0
0.550103 -0.294502 0.201028 249 5 0
0.547204 -0.289878 0.198793 249 5 0
0.546711 -0.284106 0.197822 249 5 0
0.547273 -0.278182 0.1977 249 5 0
0.549951 -0.272956 0.198898 249 5 0
0.553527 -0.268559 0.200853 249 5 0
0.557897 -0.265586 0.203605 249 5 0
0.562829 -0.264797 0.206804 249 5 0
0.567309 -0.267104 0.20994 249 5 0
0.57115 -0.270634 0.212809 249 5 0
0.570843 -0.276623 0.213244 249 5 0
0.569715 -0.282332 0.213059 249 5 0
0.566096 -0.286483 0.210983 249 5 0
0.561641 -0.288314 0.208197 249 5 0
0.556771 -0.287976 0.204873 249 5 0
0.552614 -0.28495 0.201769 249 5 0
0.549901 -0.280249 0.199416 249 5 0
0.547571 -0.275047 0.197572 249 5 0
0.548068 -0.269374 0.197307 249 5 0
0.549553 -0.263729 0.197727 249 5 0
0.552675 -0.259126 0.199045 249 5 0
0.557161 -0.256756 0.20133 249 5 0
0.561872 -0.254705 0.204092 249 5 0
0.566659 -0.255602 0.207228 249 5 0
0.570634 -0.259007 0.210155 249 5 0
0.57228 -0.264039 0.212062 249 5 0
0.571386 -0.269268 0.212347 249 5 0
0.569255 -0.27433 0.211569 249 5 0
0.564951 -0.277216 0.209204 249 5 0
0.560111 -0.278613 0.206132 249 5 0
0.555934 -0.276645 0.20315 249 5 0
0.552151 -0.273023 0.200349 249 5 0
0.549328 -0.268572 0.198121 249 5 0
0.548662 -0.262819 0.19723 249 5 0
0.54975 -0.25842 0.197399 249 5 0
0.549983 -0.252425 0.197019 249 5 0
0.554508 -0.249379 0.199132 249 5 0
0.558606 -0.245727 0.20092 249 5 0
0.563736 -0.244486 0.203446 249 5 0
0.568646 -0.245458 0.20626 249 5 0
0.571334 -0.248672 0.208276 249 5 0
0.573615 -0.253473 0.210342 249 5 0
0.573422 -0.259036 0.211238 249 5 0
0.570011 -0.263465 0.210072 249 5 0
0.566121 -0.266253 0.208028 249 5 0
0.562925 -0.268644 0.206025 249 5 0
0.558092 -0.267732 0.202833 249 5 0
0.554132 -0.264308 0.200218 249 5 0
0.551783 -0.260256 0.198663 249 5 0
0.549839 -0.256635 0.197329 249 5 0
0.549966 -0.250723 0.196961 249 5 0
0.5502 -0.244828 0.196593 249 5 0
0.552407 -0.241296 0.197486 249 5 0
0.553958 -0.237932 0.198187 249 5 0
0.557754 -0.236198 0.199924 249 5 0
0.562587 -0.234885 0.202248 249 5 0
0.564705 -0.235692 0.203374 249 5 0
0.568692 -0.237687 0.205659 249 5 0
0.572563 -0.239772 0.208056 249 5 0
0.576273 -0.242089 0.210495 249 5 0
0.579985 -0.244392 0.212945 249 5 0
0.583647 -0.246817 0.215342 249 5 0
0.583163 -0.246698 0.216209 249 5 0
0.641725 -0.246942 0.243144 249 5 0
0.642063 -0.247079 0.242213 249 5 0
0.641875 -0.254732 0.242159 249 5 0
0.641641 -0.259948 0.242904 249 5 0
0.641042 -0.265143 0.243612 249 5 0
0.640688 -0.270347 0.244383 249 5 0
0.640491 -0.275557 0.2452 249 5 0
0.640169 -0.280765 0.24598 249 5 0
0.639747 -0.285976 0.246698 249 5 0
0.639245 -0.291187 0.247355 249 5 0
0.638903 -0.296401 0.248059 250 4 0
0.638407 -0.3016 0.248656 250 4 0
0.637261 -0.309331 0.249858 250 4 0
0.636478 -0.314108 0.251144 250 4 0
0.635736 -0.318938 0.252239 250 4 0
0.635053 -0.323783 0.253307 250 4 0
0.634347 -0.328612 0.25443 250 4 0
0.633688 -0.333435 0.255608 250 4 0
0.632963 -0.338262 0.256728 250 4 0
0.632359 -0.3431 0.257874 250 4 0
0.631729 -0.347931 0.259036 250 4 0
0.631135 -0.352773 0.260169 250 4 0
0.630546 -0.357623 0.261271 250 4 0
0.630023 -0.362506 0.262249 250 4 0
0.629459 -0.367379 0.263255 250 4 0
0.628926 -0.372287 0.264089 250 4 0
0.629633 -0.364555 0.263172 250 4 0
0.630254 -0.359777 0.261945 250 4 0
0.630851 -0.355001 0.260701 250 4 0
0.631434 -0.35019 0.259588 250 4 0
0.632049 -0.345395 0.258427 250 4 0
0.632856 -0.340604 0.257369 250 4 0
0.633499 -0.335807 0.256227 250 4 0
0.634203 -0.331018 0.255092 250 4 0
0.634895 -0.326227 0.253954 250 4 0
0.635632 -0.321416 0.252944 250 4 0
0.636551 -0.316637 0.251924 250 4 0
0.637382 -0.308381 0.249727 250 4 0
0.637568 -0.303537 0.248962 250 4 0
0.637892 -0.298702 0.248194 250 4 0
0.638266 -0.293872 0.247413 250 4 0
0.638631 -0.289024 0.246744 250 4 0
0.639014 -0.284175 0.246094 250 4 0
0.639408 -0.279331 0.245414 250 4 0
0.639901 -0.27449 0.244775 250 4 0
0.64038 -0.269647 0.244141 250 4 0
0.640895 -0.26481 0.243494 250 4 0
0.64142 -0.259976 0.24283 250 4 0
0.641859 -0.25513 0.242202 250 4 0
0.643548 -0.232337 0.238652 250 4 0
0.648052 -0.233877 0.240776 250 4 0
0.652388 -0.23551 0.24312 250 4 0
0.655921 -0.238635 0.245543 250 4 0
0.657051 -0.244174 0.246916 250 4 0
0.656744 -0.250066 0.24779 250 4 0
0.655515 -0.255713 0.248057 250 4 0
0.651935 -0.259428 0.247166 250 4 0
0.64762 -0.26235 0.245446 250 4 0
0.642958 -0.259737 0.242976 250 4 0
0.63839 -0.257009 0.240186 250 4 0
0.636442 -0.251921 0.238544 250 4 0
0.63704 -0.245975 0.237933 250 4 0
0.638967 -0.240622 0.23809 250 4 0
0.642457 -0.235863 0.239147 250 4 0
0.647452 -0.234816 0.241206 250 4 0
0.652391 -0.232633 0.243407 250 4 0
0.657297 -0.235018 0.245926 250 4 0
0.66209 -0.237243 0.248538 250 4 0
0.664641 -0.2424 0.250221 250 4 0
0.666274 -0.247838 0.251538 250 4 0
0.666478 -0.253793 0.252299 250 4 0
0.662569 -0.257891 0.250924 250 4 0
0.658237 -0.261627 0.249149 250 4 0
0.653058 -0.262439 0.246718 250 4 0
0.648925 -0.259008 0.244483 250 4 0
0.646005 -0.254137 0.242528 250 4 0
0.644544 -0.248599 0.241122 250 4 0
0.646821 -0.243068 0.241603 250 4 0
0.649458 -0.238102 0.242196 250 4 0
0.654639 -0.235695 0.244007 250 4 0
0.660208 -0.23517 0.245948 250 4 0
0.665648 -0.234601 0.248421 250 4 0
0.670116 -0.237959 0.250564 250 4 0
0.674245 -0.241551 0.252913 250 4 0
0.675962 -0.247031 0.254192 250 4 0
0.674416 -0.252737 0.254052 250 4 0
0.673207 -0.258497 0.254293 250 4 0
0.66829 -0.2614 0.252658 250 4 0
0.662687 -0.262012 0.250968 250 4 0
0.657859 -0.25944 0.248955 250 4 0
0.654577 -0.25526 0.247107 250 4 0
0.653259 -0.24998 0.245792 250 4 0
0.655018 -0.244766 0.245717 250 4 0
0.65755 -0.239691 0.245654 250 4 0
0.661736 -0.236823 0.246785 250 4 0
0.66605 -0.234589 0.247719 250 4 0
0.671113 -0.23401 0.249233 250 4 0
0.674805 -0.236218 0.249782 250 4 0
0.678157 -0.238561 0.251345 250 4 0
0.680899 -0.242647 0.252979 250 4 0
0.683114 -0.24683 0.254844 250 4 0
0.68269 -0.252701 0.255987 250 4 0
0.680301 -0.257845 0.256185 250 4 0
0.677685 -0.262792 0.256438 250 4 0
0.673062 -0.266423 0.255358 250 4 0
0.668181 -0.268517 0.254008 250 4 0
0.662688 -0.267641 0.252037 250 4 0
0.658629 -0.263732 0.250215 250 4 0
0.655337 -0.259926 0.248099 250 4 0
0.654585 -0.254245 0.246729 250 4 0
0.657232 -0.249174 0.247112 250 4 0
0.661559 -0.245577 0.248249 250 4 0
0.667104 -0.244931 0.250134 250 4 0
0.672674 -0.245257 0.25235 250 4 0
0.677177 -0.248302 0.254694 251 3 0
0.680068 -0.25315 0.256574 251 3 0
0.681139 -0.258933 0.25771 251 3 0
0.680505 -0.264884 0.258227 251 3 0
0.678197 -0.270351 0.258073 251 3 0
0.674965 -0.275255 0.257544 251 3 0
0.669955 -0.278103 0.256154 251 3 0
0.664443 -0.278135 0.253778 251 3 0
0.659644 -0.276789 0.251527 251 3 0
0.655908 -0.272498 0.249573 251 3 0
0.654917 -0.267225 0.248688 251 3 0
0.655273 -0.261451 0.248243 251 3 0
0.659336 -0.25751 0.249553 251 3 0
0.663939 -0.25414 0.251435 251 3 0
0.669251 -0.25517 0.253806 251 3 0
0.674211 -0.257432 0.256325 251 3 0
0.676726 -0.262079 0.257712 251 3 0
0.679487 -0.267006 0.259531 251 3 0
0.679342 -0.272987 0.260149 251 3 0
0.678621 -0.278782 0.260412 251 3 0
0.675298 -0.283447 0.259465 251 3 0
0.670356 -0.286434 0.257776 251 3 0
0.665241 -0.288666 0.2556 251 3 0
0.659949 -0.287427 0.253239 251 3 0
0.655575 -0.284046 0.250965 251 3 0
0.653992 -0.278472 0.249913 251 3 0
0.654771 -0.27264 0.249889 251 3 0
0.658178 -0.267943 0.25084 251 3 0
0.663311 -0.265597 0.252927 251 3 0
0.668273 -0.266108 0.255132 251 3 0
0.672768 -0.269309 0.257525 251 3 0
0.677143 -0.272435 0.260106 251 3 0
0.678881 -0.277916 0.261537 251 3 0
0.678682 -0.283878 0.262269 251 3 0
0.67715 -0.2895 0.262285 251 3 0
0.67413 -0.294652 0.261651 251 3 0
0.669648 -0.298149 0.259955 251 3 0
0.664123 -0.298434 0.257603 251 3 0
0.658865 -0.297148 0.255276 251 3 0
0.655072 -0.293042 0.253302 251 3 0
0.652948 -0.287689 0.251731 251 3 0
0.653217 -0.281809 0.251123 251 3 0
0.656898 -0.27724 0.252101 251 3 0
0.662062 -0.276154 0.254182 251 3 0
0.667512 -0.276465 0.256716 251 3 0
0.672249 -0.278741 0.25906 251 3 0
0.675399 -0.283213 0.260923 251 3 0
0.678158 -0.288104 0.26292 251 3 0
0.677872 -0.293891 0.263704 251 3 0
0.676554 -0.299711 0.263969 251 3 0
0.672998 -0.304041 0.263185 251 3 0
0.668087 -0.307164 0.261685 251 3 0
0.662682 -0.308262 0.259785 251 3 0
0.657244 -0.30781 0.257343 251 3 0
0.653254 -0.304058 0.25531 251 3 0
0.651598 -0.298595 0.253852 251 3 0
0.652001 -0.292942 0.253041 251 3 0
0.655766 -0.288754 0.254137 251 3 0
0.660591 -0.286105 0.255692 251 3 0
0.666194 -0.286489 0.257819 251 3 0
0.670665 -0.288879 0.259731 251 3 0
0.674896 -0.292068 0.262078 251 3 0
0.677512 -0.297144 0.26396 251 3 0
0.67699 -0.303045 0.264932 251 3 0
0.676204 -0.308956 0.265649 251 3 0
0.672887 -0.313581 0.265512 251 3 0
0.668085 -0.316614 0.26444 251 3 0
0.662799 -0.318839 0.26308 251 3 0
0.657128 -0.31855 0.261118 251 3 0
0.652863 -0.315521 0.258824 251 3 0
0.650517 -0.310763 0.256694 251 3 0
0.649753 -0.305312 0.255272 251 3 0
0.651783 -0.300558 0.255379 251 3 0
0.655559 -0.298831 0.256473 251 3 0
0.658962 -0.295948 0.257511 251 3 0
0.664082 -0.296216 0.259074 251 3 0
0.668215 -0.297638 0.260425 251 3 0
0.671561 -0.300653 0.261853 251 3 0
0.674555 -0.303169 0.263621 251 3 0
0.676349 -0.308057 0.265261 251 3 0
0.676587 -0.31313 0.266814 251 3 0
0.675005 -0.318639 0.267513 251 3 0
0.671995 -0.323298 0.267311 251 3 0
0.668177 -0.327065 0.266724 251 3 0
0.663109 -0.328908 0.265011 251 3 0
0.657771 -0.328714 0.262952 251 3 0
0.653141 -0.325997 0.260667 251 3 0
0.649604 -0.321698 0.258385 251 3 0
0.648875 -0.316241 0.257255 251 3 0
0.65073 -0.31063 0.257071 251 3 0
0.655484 -0.30785 0.258503 251 3 0
0.660676 -0.30669 0.260516 251 3 0
0.66617 -0.307125 0.262865 251 3 0
0.670374 -0.310712 0.265209 251 3 0
0.67345 -0.315359 0.267404 251 3 0
0.674846 -0.320889 0.268911 251 3 0
0.674653 -0.326794 0.269913 251 3 0
0.671663 -0.33198 0.269424 251 3 0
0.667694 -0.336298 0.268409 251 3 0
0.662612 -0.338938 0.266636 251 3 0
0.657186 -0.340177 0.264404 251 3 0
0.652357 -0.337722 0.262141 251 3 0
0.648348 -0.333865 0.259917 251 3 0
0.647329 -0.328394 0.258885 251 3 0
0.648308 -0.322563 0.258538 252 2 0
0.652767 -0.318878 0.260085 252 2 0
0.6579 -0.316791 0.262119 252 2 0
0.663215 -0.317147 0.2647 252 2 0
0.667267 -0.320865 0.266915 252 2 0
0.67082 -0.324596 0.269519 252 2 0
0.672444 -0.330113 0.271236 252 2 0
0.67135 -0.335559 0.271829 252 2 0
0.668878 -0.341046 0.271713 252 2 0
0.666157 -0.346226 0.271169 252 2 0
0.661012 -0.348634 0.269253 252 2 0
0.655634 -0.350365 0.267183 252 2 0
0.650943 -0.347557 0.264817 252 2 0
0.647158 -0.344039 0.262535 252 2 0
0.645083 -0.338714 0.260653 252 2 0
0.646632 -0.333101 0.260201 252 2 0
0.650314 -0.328802 0.26105 252 2 0
0.655364 -0.326262 0.262947 252 2 0
0.660642 -0.327164 0.265602 252 2 0
0.665372 -0.329469 0.268432 252 2 0
0.668373 -0.333843 0.270924 252 2 0
0.670265 -0.338908 0.27335 252 2 0
0.669451 -0.344832 0.274059 252 2 0
0.667496 -0.350491 0.274643 252 2 0
0.66435 -0.355224 0.274328 252 2 0
0.659527 -0.358454 0.272768 252 2 0
0.654431 -0.360471 0.270772 252 2 0
0.649482 -0.358512 0.268524 252 2 0
0.645515 -0.354925 0.266062 252 2 0
0.643252 -0.349766 0.263947 252 2 0
0.644036 -0.344104 0.26298 252 2 0
0.647346 -0.33933 0.263414 252 2 0
0.652489 -0.336976 0.265172 252 2 0
0.657962 -0.336861 0.267557 252 2 0
0.662299 -0.338927 0.270192 252 2 0
0.665691 -0.343081 0.272848 252 2 0
0.667532 -0.347998 0.275082 252 2 0
0.667991 -0.353762 0.276764 252 2 0
0.666983 -0.359382 0.277955 252 2 0
0.663503 -0.364233 0.277171 252 2 0
0.658737 -0.367638 0.276328 252 2 0
0.653453 -0.369775 0.274417 252 2 0
0.648471 -0.368784 0.272345 252 2 0
0.643972 -0.365644 0.269907 252 2 0
0.641167 -0.361149 0.267586 252 2 0
0.6413 -0.355353 0.266357 252 2 0
0.64385 -0.350788 0.266275 252 2 0
0.648479 -0.347342 0.267879 252 2 0
0.653871 -0.346479 0.270113 252 2 0
0.658812 -0.348435 0.272728 252 2 0
0.662897 -0.351705 0.275476 252 2 0
0.66549 -0.356611 0.277811 252 2 0
0.666375 -0.362349 0.279276 252 2 0
0.664844 -0.368093 0.279839 252 2 0
0.662124 -0.373458 0.279807 252 2 0
0.657268 -0.376342 0.278454 252 2 0
0.652553 -0.379792 0.277148 252 2 0
0.647235 -0.380053 0.274763 252 2 0
0.642684 -0.376893 0.272413 252 2 0
0.639476 -0.372799 0.270314 252 2 0
0.637852 -0.367784 0.268613 252 2 0
0.639835 -0.362448 0.268698 252 2 0
0.644486 -0.35899 0.270276 252 2 0
0.649298 -0.356419 0.272102 252 2 0
0.654567 -0.356539 0.274501 252 2 0
0.659038 -0.359654 0.276853 252 2 0
0.662304 -0.363812 0.278993 252 2 0
0.663782 -0.369445 0.280361 252 2 0
0.664434 -0.374755 0.281615 252 2 0
0.662169 -0.379983 0.281133 252 2 0
0.658726 -0.384727 0.280175 252 2 0
0.654469 -0.388601 0.278514 252 2 0
0.649547 -0.390337 0.276255 252 2 0
0.644889 -0.388657 0.274151 252 2 0
0.640385 -0.386335 0.271835 252 2 0
0.638261 -0.382115 0.270745 252 2 0
0.637004 -0.376656 0.269936 252 2 0
0.639151 -0.371955 0.270877 252 2 0
0.641858 -0.36895 0.271779 252 2 0
0.644765 -0.366735 0.272855 252 2 0
0.649789 -0.366273 0.274838 252 2 0
0.654621 -0.367249 0.277056 252 2 0
0.658692 -0.369863 0.279375 252 2 0
0.662074 -0.374303 0.281406 252 2 0
0.661882 -0.380244 0.281555 252 2 0
0.661789 -0.386302 0.28184 252 2 0
0.658384 -0.39096 0.280274 252 2 0
0.653607 -0.39383 0.277958 252 2 0
0.64837 -0.394306 0.275313 252 2 0
0.643418 -0.39193 0.272871 252 2 0
0.639768 -0.387996 0.271009 252 2 0
0.637217 -0.382679 0.269657 252 2 0
0.638039 -0.376847 0.270006 252 2 0
0.640498 -0.371429 0.27118 252 2 0
0.644909 -0.368295 0.27325 252 2 0
0.649626 -0.366273 0.27512 252 2 0
0.653729 -0.366316 0.276405 252 2 0
0.658208 -0.368106 0.278441 252 2 0
0.661297 -0.371898 0.280111 252 2 0
0.662583 -0.376099 0.281031 252 2 0
0.66259 -0.379939 0.28137 252 2 0
0.660595 -0.384802 0.28096 252 2 0
0.657171 -0.388045 0.279751 252 2 0
0.652385 -0.389821 0.277788 253 1 0
0.647277 -0.390179 0.275363 253 1 0
0.643922 -0.387627 0.273762 253 1 0
0.640342 -0.384879 0.271898 253 1 0
0.63808 -0.379795 0.270498 253 1 0
0.637202 -0.374359 0.269601 253 1 0
0.637883 -0.368554 0.269014 253 1 0
0.640747 -0.363852 0.269446 253 1 0
0.644641 -0.35938 0.270304 253 1 0
0.649277 -0.356409 0.271697 253 1 0
0.654814 -0.355984 0.273843 253 1 0
0.659615 -0.357938 0.276202 253 1 0
0.663391 -0.361362 0.278739 253 1 0
0.664246 -0.366803 0.280041 253 1 0
0.663382 -0.372123 0.280885 253 1 0
0.659312 -0.376428 0.280005 253 1 0
0.654439 -0.378717 0.278352 253 1 0
0.649923 -0.380321 0.276399 253 1 0
0.645371 -0.377357 0.274003 253 1 0
0.641591 -0.373603 0.271457 253 1 0
0.639563 -0.368408 0.269477 253 1 0
0.638121 -0.363338 0.267351 253 1 0
0.640744 -0.35872 0.26722 253 1 0
0.642683 -0.353587 0.266777 253 1 0
0.646886 -0.349453 0.267234 253 1 0
0.651457 -0.346348 0.268359 253 1 0
0.656971 -0.34619 0.270501 253 1 0
0.661904 -0.347432 0.273082 253 1 0
0.665199 -0.351794 0.275468 253 1 0
0.665995 -0.357182 0.277531 253 1 0
0.664847 -0.362957 0.278638 253 1 0
0.661333 -0.367567 0.278209 253 1 0
0.65607 -0.369239 0.276785 253 1 0
0.651281 -0.369333 0.274572 253 1 0
0.646631 -0.367465 0.271795 253 1 0
0.643197 -0.363492 0.269046 253 1 0
0.641327 -0.358378 0.266573 253 1 0
0.641748 -0.352657 0.264931 253 1 0
0.642858 -0.346948 0.263494 253 1 0
0.645733 -0.341751 0.263534 253 1 0
0.650243 -0.337897 0.264254 253 1 0
0.655453 -0.336744 0.265733 253 1 0
0.660945 -0.336984 0.2681 253 1 0
0.665705 -0.338857 0.2709 253 1 0
0.668584 -0.343411 0.273489 253 1 0
0.668066 -0.348825 0.274689 253 1 0
0.665894 -0.354179 0.27522 253 1 0
0.662253 -0.358221 0.274473 253 1 0
0.656764 -0.358818 0.272422 253 1 0
0.651382 -0.358515 0.269814 253 1 0
0.646999 -0.355672 0.266972 253 1 0
0.643916 -0.351279 0.264461 253 1 0
0.642685 -0.345844 0.262415 253 1 0
0.644559 -0.34038 0.261811 253 1 0
0.645602 -0.334576 0.260936 253 1 0
0.649384 -0.329983 0.261178 253 1 0
0.654097 -0.326693 0.26251 253 1 0
0.659427 -0.325172 0.26471 253 1 0
0.664415 -0.327037 0.267074 253 1 0
0.66825 -0.330936 0.269446 253 1 0
0.670989 -0.33545 0.271858 253 1 0
0.6695 -0.341055 0.272108 253 1 0
0.66644 -0.346162 0.271511 253 1 0
0.661923 -0.34903 0.26983 253 1 0
0.656632 -0.348527 0.267274 253 1 0
0.651602 -0.346887 0.264676 253 1 0
0.647718 -0.343169 0.262306 253 1 0
0.646066 -0.337683 0.260734 253 1 0
0.645041 -0.331954 0.259314 253 1 0
0.646997 -0.326777 0.259355 253 1 0
0.650449 -0.321937 0.25981 253 1 0
0.653856 -0.317702 0.260581 253 1 0
0.659269 -0.316644 0.262831 253 1 0
0.66468 -0.316043 0.265332 253 1 0
0.669082 -0.319094 0.2677 253 1 0
0.671266 -0.324442 0.26917 253 1 0
0.671631 -0.329847 0.269967 253 1 0
0.668424 -0.334748 0.268737 253 1 0
0.664213 -0.338361 0.267034 253 1 0
0.65904 -0.339133 0.264776 253 1 0
0.654034 -0.336999 0.262273 253 1 0
0.650465 -0.332845 0.2602 253 1 0
0.648064 -0.32769 0.258375 253 1 0
0.646418 -0.322191 0.25678 253 1 0
0.647642 -0.316562 0.256416 253 1 0
0.651357 -0.312114 0.257612 253 1 0
0.655491 -0.308049 0.259059 253 1 0
0.660298 -0.305448 0.260993 253 1 0
0.66571 -0.304771 0.263434 253 1 0
0.66908 -0.30923 0.265003 253 1 0
0.672457 -0.313161 0.266993 253 1 0
0.67281 -0.319049 0.267597 253 1 0
0.671423 -0.32438 0.267732 253 1 0
0.667253 -0.328387 0.266209 253 1 0
0.661829 -0.328232 0.263704 253 1 0
0.656726 -0.327742 0.26106 253 1 0
0.652491 -0.324377 0.258653 253 1 0
0.649749 -0.319441 0.256834 253 1 0
0.647807 -0.314036 0.255139 253 1 0
0.648281 -0.308136 0.254593 253 1 0
0.650192 -0.302478 0.254842 253 1 0
0.654428 -0.298491 0.256244 253 1 0
0.659317 -0.295501 0.257928 253 1 0
0.664707 -0.294778 0.260085 253 1 0
0.669817 -0.296396 0.262643 254 0 0
0.673048 -0.300868 0.264549 254 0 0
0.674493 -0.306331 0.265847 254 0 0
0.673466 -0.312213 0.266148 254 0 0
0.669888 -0.316834 0.265114 254 0 0
0.664977 -0.318771 0.26301 254 0 0
0.659563 -0.318612 0.260479 254 0 0
0.65462 -0.316534 0.257921 254 0 0
0.651415 -0.311937 0.255931 254 0 0
0.649313 -0.30663 0.254191 254 0 0
0.649198 -0.30081 0.25326 254 0 0
0.650904 -0.295152 0.253142 254 0 0
0.654868 -0.290935 0.254255 254 0 0
0.658502 -0.28675 0.255073 254 0 0
0.663838 -0.285676 0.257304 254 0 0
0.668775 -0.285249 0.259453 254 0 0
0.67317 -0.288473 0.261672 254 0 0
0.675894 -0.293284 0.263453 254 0 0
0.675797 -0.29923 0.264132 254 0 0
0.673504 -0.304612 0.263722 254 0 0
0.668554 -0.307493 0.262006 254 0 0
0.663281 -0.308281 0.259848 254 0 0
0.658395 -0.306585 0.257447 254 0 0
0.653988 -0.303479 0.254925 254 0 0
0.651648 -0.298589 0.25328 254 0 0
0.650359 -0.292923 0.251834 254 0 0
0.651415 -0.287108 0.251385 254 0 0
0.654491 -0.282182 0.251941 254 0 0
0.658558 -0.277986 0.253214 254 0 0
0.663274 -0.275038 0.254868 254 0 0
0.668714 -0.27533 0.257021 254 0 0
0.673679 -0.277614 0.259434 254 0 0
0.676393 -0.28242 0.260973 254 0 0
0.677082 -0.287062 0.262068 254 0 0
0.67606 -0.292672 0.262418 254 0 0
0.67219 -0.297087 0.261318 254 0 0
0.667178 -0.297897 0.259206 254 0 0
0.661937 -0.297671 0.256812 254 0 0
0.657229 -0.294913 0.254395 254 0 0
0.653818 -0.290702 0.252441 254 0 0
0.652798 -0.284994 0.251374 254 0 0
0.653543 -0.279099 0.2507 254 0 0
0.654343 -0.273295 0.250018 254 0 0
0.658038 -0.268944 0.250867 254 0 0
0.662371 -0.265154 0.252479 254 0 0
0.667623 -0.263889 0.254654 254 0 0
0.67276 -0.265498 0.256897 254 0 0
0.676377 -0.26971 0.258619 254 0 0
0.678811 -0.274916 0.260224 254 0 0
0.678162 -0.280419 0.260508 254 0 0
0.675268 -0.285118 0.259979 254 0 0
0.670381 -0.287891 0.25835 254 0 0
0.665026 -0.288668 0.255981 254 0 0
0.66038 -0.285933 0.253751 254 0 0
0.655888 -0.28283 0.251334 254 0 0
0.654044 -0.277498 0.250164 254 0 0
0.653906 -0.271573 0.249439 254 0 0
0.655104 -0.265768 0.249239 254 0 0
0.658051 -0.26066 0.249686 254 0 0
0.661828 -0.256856 0.250537 254 0 0
0.66672 -0.254275 0.252145 254 0 0
0.672266 -0.254616 0.254383 254 0 0
0.676987 -0.257353 0.256502 254 0 0
0.679814 -0.26236 0.258017 254 0 0
0.679928 -0.268052 0.258681 254 0 0
0.678159 -0.273537 0.258868 254 0 0
0.673786 -0.277389 0.257616 254 0 0
0.668487 -0.278037 0.255769 254 0 0
0.663119 -0.2771 0.253522 254 0 0
0.65851 -0.274111 0.251253 254 0 0
0.65562 -0.269214 0.249625 254 0 0
0.653566 -0.263816 0.248145 254 0 0
0.654486 -0.258125 0.247897 254 0 0
0.656593 -0.252897 0.247768 254 0 0
0.660655 -0.249017 0.248544 254 0 0
0.664901 -0.244892 0.249274 254 0 0
0.670457 -0.244454 0.251072 254 0 0
0.675516 -0.245329 0.252661 254 0 0
0.679458 -0.248571 0.254294 254 0 0
0.681239 -0.253688 0.255542 254 0 0
0.681594 -0.258827 0.256977 254 0 0
0.679282 -0.264168 0.257055 254 0 0
0.674825 -0.266785 0.256538 254 0 0
0.669831 -0.268616 0.254813 254 0 0
0.664861 -0.266883 0.253122 254 0 0
0.660505 -0.264578 0.251222 254 0 0
0.657313 -0.26155 0.249595 254 0 0
0.655816 -0.257003 0.248534 254 0 0
0.655305 -0.253553 0.247891 254 0 0
0.654872 -0.248475 0.246568 254 0 0
0.657024 -0.243576 0.246327 254 0 0
0.659896 -0.239955 0.246702 254 0 0
0.662743 -0.237332 0.247039 254 0 0
0.666314 -0.234595 0.247538 254 0 0
0.671197 -0.23401 0.249089 254 0 0
0.668599 -0.235497 0.248311 254 0 0
0.663991 -0.23776 0.247254 254 0 0
0.659345 -0.239882 0.246078 254 0 0
0.654651 -0.241793 0.244749 254 0 0
0.649961 -0.24365 0.243322 254 0 0
0.64527 -0.24542 0.241798 254 0 0
0.644954 -0.245274 0.242735 254 0 0
0.585246 -0.247509 0.217447 254 0 0
0.585717 -0.24761 0.21657 255 0 0
