0.512812,0.145605,0.142225,2.539599,0.230476,1.416654,#TechStartPoint
0.512507,0.142528,0.142827,2.548188,0.215894,1.428005,#TechLinearMove
0.511909,0.137999,0.143732,2.554820,0.203907,1.440096,#TechLinearMove
0.511806,0.133482,0.144933,2.559305,0.197520,1.446926,#TechLinearMove
0.511510,0.128962,0.146088,2.564832,0.193211,1.452687,#TechLinearMove
0.511712,0.124535,0.147518,2.571736,0.190318,1.458893,#TechLinearMove
0.510720,0.116845,0.148764,2.580256,0.192071,1.455649,#TechLinearMove
0.510648,0.111779,0.149645,2.584348,0.186509,1.459215,#TechLinearMove
0.510424,0.106753,0.150735,2.590468,0.175436,1.466747,#TechLinearMove
0.510063,0.101735,0.151829,2.595016,0.167113,1.472328,#TechLinearMove
0.509675,0.096728,0.152969,2.598891,0.155425,1.479698,#TechLinearMove
0.509273,0.091729,0.154138,2.603280,0.141136,1.488714,#TechLinearMove
0.508868,0.086733,0.155316,2.608989,0.129206,1.496585,#TechLinearMove
0.508397,0.081717,0.156373,2.613730,0.121103,1.501923,#TechLinearMove
0.507761,0.076707,0.157370,2.618516,0.112255,1.507425,#TechLinearMove
0.507332,0.071663,0.158303,2.621874,0.103921,1.512257,#TechLinearMove
0.507421,0.061406,0.158143,2.633663,0.113747,1.508413,#TechLinearMove
0.507532,0.056551,0.157893,2.628651,0.100316,1.515176,#TechLinearMove
0.507430,0.051696,0.158119,2.624292,0.085801,1.522949,#TechLinearMove
0.507329,0.046839,0.158340,2.622311,0.077949,1.527175,#TechLinearMove
0.507349,0.041983,0.158615,2.621260,0.070943,1.530978,#TechLinearMove
0.507358,0.037135,0.158998,2.618435,0.060573,1.536438,#TechLinearMove
0.507314,0.032297,0.159501,2.617695,0.053901,1.540066,#TechLinearMove
0.507226,0.027472,0.160105,2.618934,0.049321,1.542723,#TechLinearMove
0.507104,0.022659,0.160792,2.621184,0.044855,1.545384,#TechLinearMove
0.506970,0.017849,0.161504,2.624554,0.042688,1.546791,#TechLinearMove
0.506860,0.013031,0.162157,2.628554,0.043000,1.546781,#TechLinearMove
0.506811,0.008196,0.162681,2.632612,0.043702,1.546516,#TechLinearMove
0.506825,0.003347,0.163062,2.636057,0.043768,1.546580,#TechLinearMove
0.506841,-0.001508,0.163347,2.638255,0.042195,1.547534,#TechLinearMove
0.506757,-0.006367,0.163535,2.641684,0.039377,1.549230,#TechLinearMove
0.506664,-0.011225,0.163755,2.645906,0.036753,1.550830,#TechLinearMove
0.506636,-0.016088,0.163807,2.647608,0.033989,1.552397,#TechLinearMove
0.506765,-0.023903,0.163520,2.650972,0.028794,1.555331,#TechLinearMove
0.506925,-0.028690,0.163708,2.656825,0.018730,1.560830,#TechLinearMove
0.507139,-0.033476,0.163972,2.663015,0.007942,1.566548,#TechLinearMove
0.507302,-0.038271,0.164119,2.667212,-0.001135,1.571304,#TechLinearMove
0.507466,-0.043066,0.164261,2.672673,-0.006854,1.574252,#TechLinearMove
0.507634,-0.047860,0.164404,2.676339,-0.012569,1.577169,#TechLinearMove
0.507811,-0.052655,0.164527,2.680962,-0.015444,1.578638,#TechLinearMove
0.508018,-0.057450,0.164567,2.682643,-0.020961,1.581447,#TechLinearMove
0.508113,-0.062246,0.164430,2.686760,-0.025452,1.583652,#TechLinearMove
0.508313,-0.067035,0.164191,2.691530,-0.031241,1.586363,#TechLinearMove
0.508488,-0.071826,0.163953,2.697177,-0.037085,1.589133,#TechLinearMove
0.508672,-0.076615,0.163696,2.701718,-0.044241,1.592578,#TechLinearMove
0.509438,-0.084660,0.163002,2.703968,-0.056618,1.597547,#TechLinearMove
0.509655,-0.089583,0.162670,2.711177,-0.070868,1.602870,#TechLinearMove
0.510003,-0.094498,0.162340,2.719554,-0.084605,1.607719,#TechLinearMove
0.510268,-0.099412,0.161927,2.726835,-0.095114,1.611308,#TechLinearMove
0.510495,-0.104326,0.161490,2.732736,-0.104559,1.614466,#TechLinearMove
0.510797,-0.109239,0.161086,2.737277,-0.111216,1.616582,#TechLinearMove
0.511074,-0.114157,0.160719,2.739178,-0.117363,1.618742,#TechLinearMove
0.511375,-0.119071,0.160323,2.743611,-0.122707,1.620209,#TechLinearMove
0.511692,-0.123978,0.159867,2.744889,-0.129891,1.622850,#TechLinearMove
0.511967,-0.128880,0.159329,2.745405,-0.135401,1.624928,#TechLinearMove
0.512342,-0.133781,0.158856,2.745651,-0.142460,1.627584,#TechLinearMove
0.512633,-0.138694,0.158463,2.746324,-0.154071,1.632029,#TechLinearMove
0.513304,-0.148954,0.156933,2.738670,-0.150401,1.633230,#TechLinearMove
0.513605,-0.153895,0.156276,2.736675,-0.137862,1.627402,#TechLinearMove
0.513933,-0.158830,0.155584,2.735212,-0.125278,1.621441,#TechLinearMove
0.514274,-0.163758,0.154856,2.734987,-0.117610,1.617755,#TechLinearMove
0.514615,-0.168688,0.154138,2.735124,-0.109572,1.613913,#TechLinearMove
0.514930,-0.173624,0.153450,2.734976,-0.101778,1.610229,#TechLinearMove
0.515228,-0.178567,0.152805,2.732768,-0.095728,1.607552,#TechLinearMove
0.515511,-0.183513,0.152179,2.727354,-0.088102,1.604542,#TechLinearMove
0.515799,-0.188457,0.151541,2.719949,-0.078266,1.600669,#TechLinearMove
0.516101,-0.193398,0.150882,2.710021,-0.065543,1.595516,#TechLinearMove
0.516439,-0.198336,0.150220,2.696984,-0.050053,1.589076,#TechLinearMove
0.516825,-0.203272,0.149569,2.682791,-0.033943,1.581913,#TechLinearMove
0.517208,-0.208208,0.148921,2.668010,-0.017201,1.573975,#TechLinearMove
0.517582,-0.213148,0.148296,2.653880,-0.002770,1.567192,#TechLinearMove
0.517939,-0.218093,0.147698,2.639950,0.010896,1.560637,#TechLinearMove
0.518365,-0.223025,0.147042,2.617327,0.036844,1.547164,#TechLinearMove
0.518884,-0.227941,0.146335,2.600065,0.061956,1.532812,#TechLinearMove
0.519378,-0.236016,0.145705,2.602957,0.059762,1.534517,#TechLinearMove
0.519292,-0.240789,0.146463,2.596795,0.074801,1.521909,#TechLinearMove
0.518883,-0.245472,0.147633,2.579068,0.093510,1.505496,#TechLinearMove
0.518500,-0.250180,0.148720,2.568829,0.104841,1.495414,#TechLinearMove
0.518051,-0.254846,0.149953,2.561910,0.116072,1.485660,#TechLinearMove
0.517563,-0.259483,0.151278,2.552007,0.129117,1.474421,#TechLinearMove
0.517285,-0.264132,0.152621,2.540711,0.145967,1.459805,#TechLinearMove
0.517022,-0.268798,0.153908,2.531284,0.160082,1.447387,#TechLinearMove
0.516673,-0.273503,0.155017,2.525611,0.174982,1.434934,#TechLinearMove
0.516408,-0.278220,0.156100,2.524843,0.186090,1.426116,#TechLinearMove
0.516320,-0.282981,0.156982,2.523544,0.201258,1.413563,#TechLinearMove
0.516556,-0.287771,0.157680,2.518749,0.221245,1.396333,#TechLinearMove
0.516515,-0.282331,0.156485,2.517357,0.218421,1.406805,#TechLinearMove
0.516319,-0.277251,0.155964,2.533674,0.190076,1.431971,#TechLinearMove
0.516418,-0.272234,0.154988,2.532097,0.175469,1.442352,#TechLinearMove
0.516725,-0.267266,0.153829,2.535027,0.158078,1.455681,#TechLinearMove
0.517216,-0.262377,0.152425,2.546854,0.138593,1.471784,#TechLinearMove
0.517806,-0.257562,0.150812,2.559629,0.121880,1.485760,#TechLinearMove
0.518411,-0.252772,0.149130,2.569299,0.107234,1.497373,#TechLinearMove
0.519007,-0.247961,0.147505,2.583325,0.087646,1.512589,#TechLinearMove
0.519325,-0.243149,0.145837,2.615365,0.059228,1.535725,#TechLinearMove
0.519254,-0.233023,0.145893,2.614232,0.045099,1.544053,#TechLinearMove
0.518717,-0.227957,0.146519,2.626576,0.025448,1.554639,#TechLinearMove
0.518257,-0.222890,0.147201,2.638152,0.004628,1.565412,#TechLinearMove
0.517914,-0.217797,0.147741,2.648486,-0.009714,1.572509,#TechLinearMove
0.517543,-0.212714,0.148348,2.658135,-0.021923,1.578213,#TechLinearMove
0.517155,-0.207636,0.148996,2.672408,-0.037602,1.585401,#TechLinearMove
0.516753,-0.202562,0.149659,2.683707,-0.051021,1.591136,#TechLinearMove
0.516350,-0.197487,0.150316,2.696934,-0.066427,1.597657,#TechLinearMove
0.516024,-0.192410,0.150995,2.706539,-0.077084,1.601814,#TechLinearMove
0.515709,-0.187331,0.151669,2.716985,-0.088974,1.606332,#TechLinearMove
0.515414,-0.182248,0.152318,2.728077,-0.098098,1.609327,#TechLinearMove
0.515126,-0.177163,0.152961,2.736218,-0.105361,1.611620,#TechLinearMove
0.514804,-0.172086,0.153645,2.740828,-0.112566,1.614279,#TechLinearMove
0.514475,-0.167016,0.154372,2.743621,-0.120823,1.617605,#TechLinearMove
0.514130,-0.161947,0.155106,2.747793,-0.132856,1.622504,#TechLinearMove
0.513820,-0.156871,0.155799,2.751837,-0.146331,1.627958,#TechLinearMove
0.513305,-0.148940,0.156905,2.737130,-0.151910,1.634170,#TechLinearMove
0.512973,-0.143844,0.157661,2.735309,-0.139572,1.629455,#TechLinearMove
0.512716,-0.138720,0.158234,2.734150,-0.133594,1.627240,#TechLinearMove
0.512389,-0.133601,0.158830,2.734112,-0.131104,1.626286,#TechLinearMove
0.512004,-0.128483,0.159389,2.731482,-0.125971,1.624627,#TechLinearMove
0.511636,-0.123359,0.159903,2.730833,-0.118291,1.621568,#TechLinearMove
0.511299,-0.118226,0.160358,2.732292,-0.112314,1.618923,#TechLinearMove
0.510985,-0.113089,0.160768,2.731335,-0.108082,1.617370,#TechLinearMove
0.510679,-0.107951,0.161173,2.729179,-0.102865,1.615546,#TechLinearMove
0.510359,-0.102815,0.161596,2.727038,-0.095261,1.612691,#TechLinearMove
0.510095,-0.097677,0.162036,2.723999,-0.084542,1.608658,#TechLinearMove
0.509953,-0.092528,0.162380,2.720039,-0.074675,1.605080,#TechLinearMove
0.509438,-0.084660,0.163002,2.720309,-0.079426,1.606535,#TechLinearMove
0.509027,-0.079657,0.163417,2.710078,-0.058922,1.597666,#TechLinearMove
0.508745,-0.074638,0.163752,2.702732,-0.048432,1.593193,#TechLinearMove
0.508367,-0.069623,0.164038,2.696504,-0.038535,1.588882,#TechLinearMove
0.507902,-0.064610,0.164227,2.690878,-0.029437,1.584711,#TechLinearMove
0.507535,-0.059588,0.164331,2.685716,-0.023142,1.581790,#TechLinearMove
0.507283,-0.054556,0.164327,2.681678,-0.019689,1.580187,#TechLinearMove
0.507076,-0.049524,0.164222,2.676917,-0.017372,1.579140,#TechLinearMove
0.506892,-0.044491,0.164071,2.671626,-0.012249,1.576653,#TechLinearMove
0.506601,-0.039467,0.163881,2.664608,-0.002651,1.571903,#TechLinearMove
0.506706,-0.034436,0.163647,2.657936,0.004293,1.568423,#TechLinearMove
0.506749,-0.024130,0.163554,2.649420,0.015498,1.562286,#TechLinearMove
0.506670,-0.019284,0.163714,2.647992,0.022485,1.558525,#TechLinearMove
0.506582,-0.014439,0.163608,2.647703,0.030490,1.554248,#TechLinearMove
0.506447,-0.009595,0.163427,2.645319,0.034741,1.551881,#TechLinearMove
0.506354,-0.004750,0.163225,2.642056,0.038942,1.549493,#TechLinearMove
0.506282,0.000092,0.162973,2.638693,0.042674,1.547327,#TechLinearMove
0.506245,0.004931,0.162646,2.636051,0.044227,1.546399,#TechLinearMove
0.506257,0.009762,0.162220,2.633323,0.044237,1.546348,#TechLinearMove
0.506333,0.014576,0.161651,2.630156,0.045631,1.545472,#TechLinearMove
0.506462,0.019376,0.160965,2.626816,0.048189,1.543911,#TechLinearMove
0.506604,0.024170,0.160252,2.623215,0.050467,1.542485,#TechLinearMove
0.506770,0.028971,0.159590,2.620178,0.054141,1.540255,#TechLinearMove
0.506998,0.033788,0.159078,2.619875,0.059891,1.537055,#TechLinearMove
0.507184,0.038617,0.158674,2.620336,0.069959,1.531500,#TechLinearMove
0.507321,0.043455,0.158369,2.620522,0.078508,1.526684,#TechLinearMove
0.507570,0.048266,0.157816,2.620003,0.090474,1.519953,#TechLinearMove
0.507681,0.053105,0.157567,2.622317,0.105813,1.511557,#TechLinearMove
0.507404,0.061038,0.158181,2.627087,0.106410,1.511413,#TechLinearMove
0.507440,0.065933,0.158074,2.621880,0.111310,1.508815,#TechLinearMove
0.507636,0.070809,0.157644,2.618423,0.117091,1.505801,#TechLinearMove
0.507779,0.075680,0.157173,2.615879,0.123362,1.502328,#TechLinearMove
0.507911,0.080509,0.156363,2.612874,0.131719,1.497536,#TechLinearMove
0.508156,0.085291,0.155323,2.608869,0.139994,1.492506,#TechLinearMove
0.508541,0.090045,0.154204,2.602177,0.149484,1.486163,#TechLinearMove
0.508926,0.094803,0.153099,2.599028,0.159179,1.480356,#TechLinearMove
0.509298,0.099567,0.152015,2.593847,0.170569,1.473120,#TechLinearMove
0.509653,0.104338,0.150957,2.588591,0.179938,1.466978,#TechLinearMove
0.509947,0.109098,0.149844,2.581492,0.192809,1.458561,#TechLinearMove
0.510510,0.113921,0.149201,2.574233,0.204131,1.451090,#TechLinearMove
0.510632,0.115925,0.148965,2.579286,0.204222,1.448053,#TechLinearMove
0.511205,0.121296,0.148002,2.572999,0.198945,1.448598,#TechLinearMove
0.511598,0.126622,0.146802,2.567120,0.193862,1.449517,#TechLinearMove
0.511778,0.131915,0.145370,2.559311,0.195543,1.445690,#TechLinearMove
0.511977,0.137215,0.143964,2.552877,0.204403,1.437644,#TechLinearMove
0.512507,0.142528,0.142827,2.547227,0.217036,1.426984,#TechLinearMove
0.511978,0.142785,0.143636,2.547227,0.217036,1.426984,#TechMoveTo
0.562201,0.147655,0.174562,2.515636,0.231806,1.425632,#TechMoveTo
0.562753,0.147386,0.173773,2.515636,0.231806,1.425632,#TechMoveTo
0.563173,0.144436,0.174830,2.511771,0.219686,1.423029,#TechLinearMove
0.562424,0.139239,0.176152,2.520413,0.195617,1.438936,#TechLinearMove
0.561700,0.134041,0.177477,2.526200,0.178371,1.450286,#TechLinearMove
0.561025,0.128819,0.178734,2.530377,0.167820,1.456470,#TechLinearMove
0.560424,0.123571,0.179921,2.534715,0.160894,1.459131,#TechLinearMove
0.559931,0.118333,0.180718,2.531169,0.165714,1.455501,#TechLinearMove
0.559443,0.113529,0.181608,2.532613,0.159093,1.460357,#TechLinearMove
0.559021,0.108684,0.182295,2.533389,0.153979,1.464035,#TechLinearMove
0.558560,0.103832,0.182907,2.535498,0.147164,1.469159,#TechLinearMove
0.558043,0.098988,0.183528,2.537365,0.135541,1.477451,#TechLinearMove
0.557523,0.094144,0.184153,2.539730,0.121017,1.487780,#TechLinearMove
0.556969,0.089313,0.184842,2.543114,0.104598,1.499472,#TechLinearMove
0.556362,0.084508,0.185654,2.547323,0.089105,1.510529,#TechLinearMove
0.555751,0.079723,0.186580,2.552259,0.077820,1.518764,#TechLinearMove
0.555204,0.074942,0.187560,2.557761,0.069584,1.524995,#TechLinearMove
0.554640,0.070171,0.188581,2.564860,0.059451,1.532535,#TechLinearMove
0.554923,0.060068,0.188383,2.561802,0.055745,1.534610,#TechLinearMove
0.555464,0.055102,0.188027,2.573669,0.043535,1.542273,#TechLinearMove
0.555819,0.050102,0.188268,2.588463,0.025173,1.553383,#TechLinearMove
0.556049,0.045088,0.188408,2.598296,0.012220,1.561011,#TechLinearMove
0.556300,0.040074,0.188503,2.607902,0.001297,1.567185,#TechLinearMove
0.556535,0.035059,0.188618,2.618086,-0.006967,1.571816,#TechLinearMove
0.556647,0.030042,0.188788,2.626238,-0.016097,1.576915,#TechLinearMove
0.556832,0.025030,0.189025,2.636579,-0.020893,1.579294,#TechLinearMove
0.557026,0.020016,0.189216,2.646694,-0.025708,1.581689,#TechLinearMove
0.557055,0.014996,0.189177,2.654667,-0.028486,1.582920,#TechLinearMove
0.557164,0.009979,0.188986,2.661419,-0.029032,1.582854,#TechLinearMove
0.557362,0.004975,0.188630,2.668049,-0.030337,1.583229,#TechLinearMove
0.557593,-0.000025,0.188230,2.675362,-0.032746,1.584046,#TechLinearMove
0.557979,-0.005021,0.187905,2.681657,-0.034133,1.584443,#TechLinearMove
0.558341,-0.010001,0.187372,2.692200,-0.041288,1.587517,#TechLinearMove
0.558705,-0.014986,0.186901,2.702323,-0.051366,1.591900,#TechLinearMove
0.558929,-0.022624,0.186670,2.701950,-0.044635,1.590257,#TechLinearMove
0.559198,-0.027520,0.186958,2.706025,-0.051670,1.593727,#TechLinearMove
0.559334,-0.032425,0.187175,2.709504,-0.053347,1.594700,#TechLinearMove
0.559512,-0.037333,0.187299,2.711885,-0.055897,1.595965,#TechLinearMove
0.559705,-0.042241,0.187398,2.714521,-0.057244,1.596653,#TechLinearMove
0.559884,-0.047150,0.187460,2.715939,-0.059322,1.597725,#TechLinearMove
0.559917,-0.052062,0.187398,2.719986,-0.065759,1.600550,#TechLinearMove
0.559990,-0.056972,0.187265,2.722748,-0.070084,1.602466,#TechLinearMove
0.560098,-0.061880,0.187075,2.725219,-0.076309,1.605258,#TechLinearMove
0.560388,-0.066780,0.186896,2.726221,-0.083261,1.608483,#TechLinearMove
0.560622,-0.071683,0.186705,2.729521,-0.092386,1.612617,#TechLinearMove
0.560852,-0.076588,0.186536,2.734230,-0.104223,1.617776,#TechLinearMove
0.561261,-0.084522,0.185859,2.732985,-0.107065,1.618071,#TechLinearMove
0.562027,-0.089213,0.185237,2.726850,-0.107955,1.619403,#TechLinearMove
0.562663,-0.093914,0.184551,2.722572,-0.113082,1.622346,#TechLinearMove
0.563252,-0.098630,0.183927,2.720177,-0.118677,1.625207,#TechLinearMove
0.563878,-0.103333,0.183243,2.715394,-0.123160,1.627978,#TechLinearMove
0.564517,-0.108030,0.182529,2.711656,-0.126843,1.630248,#TechLinearMove
0.564938,-0.112746,0.181780,2.707772,-0.132008,1.633231,#TechLinearMove
0.565324,-0.117475,0.181102,2.703488,-0.137703,1.636587,#TechLinearMove
0.565917,-0.122204,0.180600,2.697393,-0.144859,1.640983,#TechLinearMove
0.566550,-0.126933,0.180138,2.692386,-0.150669,1.644610,#TechLinearMove
0.567132,-0.131665,0.179640,2.684494,-0.154382,1.647859,#TechLinearMove
0.567768,-0.136403,0.179286,2.676945,-0.159981,1.651990,#TechLinearMove
0.569316,-0.146043,0.178063,2.675078,-0.151831,1.647596,#TechLinearMove
0.569945,-0.150911,0.177243,2.680019,-0.134459,1.638868,#TechLinearMove
0.570511,-0.155783,0.176396,2.681519,-0.112820,1.628620,#TechLinearMove
0.571152,-0.160670,0.175715,2.682609,-0.094919,1.619947,#TechLinearMove
0.571547,-0.165561,0.174903,2.683913,-0.080014,1.612773,#TechLinearMove
0.571906,-0.170463,0.174132,2.685109,-0.066573,1.606370,#TechLinearMove
0.572250,-0.175391,0.173534,2.687638,-0.053161,1.599921,#TechLinearMove
0.572498,-0.180343,0.173113,2.690496,-0.039570,1.593446,#TechLinearMove
0.572616,-0.185312,0.172900,2.693812,-0.026616,1.587354,#TechLinearMove
0.572489,-0.190277,0.173033,2.699294,-0.014632,1.581693,#TechLinearMove
0.572139,-0.195211,0.173556,2.706762,-0.003987,1.576664,#TechLinearMove
0.571710,-0.200112,0.174311,2.713919,0.006639,1.571757,#TechLinearMove
0.571236,-0.204998,0.175131,2.719107,0.018949,1.566338,#TechLinearMove
0.570800,-0.209878,0.176000,2.724884,0.031905,1.560777,#TechLinearMove
0.570418,-0.214744,0.176960,2.728865,0.048958,1.553329,#TechLinearMove
0.569662,-0.219496,0.178222,2.736465,0.067568,1.545494,#TechLinearMove
0.568807,-0.224186,0.179651,2.739353,0.090698,1.535730,#TechLinearMove
0.568966,-0.231695,0.179653,2.729752,0.109202,1.525135,#TechLinearMove
0.569612,-0.236334,0.178451,2.733984,0.125232,1.507360,#TechLinearMove
0.570199,-0.241039,0.177515,2.737664,0.138081,1.492528,#TechLinearMove
0.570742,-0.245785,0.176766,2.743929,0.146632,1.483955,#TechLinearMove
0.571176,-0.250555,0.176124,2.752781,0.150546,1.477950,#TechLinearMove
0.571725,-0.255346,0.175807,2.765163,0.148637,1.474617,#TechLinearMove
0.571898,-0.260175,0.175786,2.777796,0.140799,1.473753,#TechLinearMove
0.571939,-0.264974,0.176364,2.792005,0.137145,1.471838,#TechLinearMove
0.571735,-0.269676,0.177479,2.799408,0.143430,1.464884,#TechLinearMove
0.571160,-0.274192,0.179108,2.815930,0.145315,1.462335,#TechLinearMove
0.570301,-0.278556,0.180999,2.823776,0.152274,1.455906,#TechLinearMove
0.569595,-0.282933,0.182899,2.831709,0.162218,1.444271,#TechLinearMove
0.568622,-0.287091,0.185143,2.830916,0.187003,1.425997,#TechLinearMove
0.570599,-0.281883,0.181791,2.827795,0.199914,1.463484,#TechLinearMove
0.571270,-0.277424,0.179943,2.813204,0.187069,1.472647,#TechLinearMove
0.571840,-0.272876,0.178231,2.798401,0.178802,1.477314,#TechLinearMove
0.572222,-0.268203,0.176848,2.781364,0.178908,1.477347,#TechLinearMove
0.572251,-0.263416,0.175860,2.759941,0.182650,1.475189,#TechLinearMove
0.571985,-0.258562,0.175339,2.739920,0.185702,1.473956,#TechLinearMove
0.571610,-0.253687,0.175360,2.728973,0.187427,1.475349,#TechLinearMove
0.571247,-0.248837,0.175899,2.728012,0.183823,1.481011,#TechLinearMove
0.570535,-0.244071,0.176778,2.725316,0.176334,1.488801,#TechLinearMove
0.569935,-0.239359,0.177963,2.727980,0.157792,1.506459,#TechLinearMove
0.568932,-0.229114,0.179710,2.733001,0.118589,1.520904,#TechLinearMove
0.569464,-0.224213,0.178790,2.731544,0.085222,1.535690,#TechLinearMove
0.570168,-0.219396,0.177559,2.727980,0.058811,1.547347,#TechLinearMove
0.570605,-0.214457,0.176793,2.723032,0.038334,1.556416,#TechLinearMove
0.571023,-0.209508,0.176054,2.719171,0.022357,1.563680,#TechLinearMove
0.571476,-0.204570,0.175255,2.712771,0.011885,1.568373,#TechLinearMove
0.571926,-0.199633,0.174457,2.706990,-0.000066,1.573848,#TechLinearMove
0.572335,-0.194682,0.173724,2.702036,-0.012477,1.579690,#TechLinearMove
0.572612,-0.189697,0.173220,2.697120,-0.023801,1.585129,#TechLinearMove
0.572682,-0.184682,0.173095,2.692480,-0.035215,1.590714,#TechLinearMove
0.572571,-0.179668,0.173298,2.687248,-0.046329,1.596318,#TechLinearMove
0.572321,-0.174673,0.173735,2.683056,-0.058309,1.602309,#TechLinearMove
0.571967,-0.169704,0.174368,2.682662,-0.073095,1.609362,#TechLinearMove
0.571566,-0.164748,0.175079,2.682634,-0.092558,1.618758,#TechLinearMove
0.571161,-0.159795,0.175796,2.681924,-0.123074,1.633589,#TechLinearMove
0.570660,-0.154884,0.176718,2.676535,-0.144155,1.644298,#TechLinearMove
0.569919,-0.147701,0.178002,2.685583,-0.152706,1.645931,#TechLinearMove
0.569455,-0.142677,0.178822,2.687709,-0.152010,1.645462,#TechLinearMove
0.568604,-0.137659,0.179272,2.691900,-0.152715,1.645191,#TechLinearMove
0.567882,-0.132632,0.179853,2.694936,-0.152274,1.644551,#TechLinearMove
0.567177,-0.127598,0.180393,2.697118,-0.148607,1.642583,#TechLinearMove
0.566492,-0.122556,0.180884,2.700326,-0.143591,1.639812,#TechLinearMove
0.565801,-0.117516,0.181388,2.704668,-0.137273,1.636206,#TechLinearMove
0.565082,-0.112484,0.181931,2.708713,-0.131275,1.632852,#TechLinearMove
0.564468,-0.107461,0.182633,2.712117,-0.126611,1.630283,#TechLinearMove
0.563989,-0.102444,0.183485,2.715318,-0.120355,1.627050,#TechLinearMove
0.563509,-0.097424,0.184326,2.719110,-0.114130,1.623812,#TechLinearMove
0.562985,-0.092422,0.185242,2.722400,-0.109132,1.621257,#TechLinearMove
0.562348,-0.084516,0.186414,2.724124,-0.103810,1.617689,#TechLinearMove
0.561883,-0.079371,0.186674,2.726286,-0.097653,1.614170,#TechLinearMove
0.561427,-0.074216,0.186858,2.727989,-0.091258,1.610813,#TechLinearMove
0.561027,-0.069056,0.187085,2.728879,-0.084056,1.607308,#TechLinearMove
0.560656,-0.063893,0.187260,2.728130,-0.075549,1.603339,#TechLinearMove
0.560310,-0.058726,0.187386,2.727089,-0.067887,1.599764,#TechLinearMove
0.560017,-0.053555,0.187429,2.725166,-0.063095,1.597528,#TechLinearMove
0.559878,-0.048379,0.187453,2.722369,-0.059567,1.595904,#TechLinearMove
0.559859,-0.043199,0.187489,2.719330,-0.056522,1.594495,#TechLinearMove
0.559820,-0.038020,0.187557,2.714479,-0.054335,1.593375,#TechLinearMove
0.559898,-0.032844,0.187428,2.712441,-0.058552,1.594877,#TechLinearMove
0.559964,-0.022439,0.187307,2.709575,-0.051262,1.593045,#TechLinearMove
0.559600,-0.017295,0.187465,2.696900,-0.036364,1.586233,#TechLinearMove
0.559060,-0.012170,0.187824,2.686961,-0.026027,1.581410,#TechLinearMove
0.558691,-0.007025,0.188109,2.679858,-0.023311,1.580215,#TechLinearMove
0.558323,-0.001881,0.188407,2.673065,-0.021730,1.579595,#TechLinearMove
0.557928,0.003260,0.188737,2.667011,-0.020061,1.578887,#TechLinearMove
0.557569,0.008406,0.189013,2.658207,-0.017444,1.577829,#TechLinearMove
0.557292,0.013563,0.189140,2.652027,-0.014345,1.576353,#TechLinearMove
0.557086,0.018725,0.189137,2.646089,-0.010768,1.574550,#TechLinearMove
0.557072,0.023890,0.189136,2.638738,-0.010049,1.574262,#TechLinearMove
0.557106,0.029056,0.189079,2.629944,-0.006630,1.572419,#TechLinearMove
0.557007,0.034218,0.188915,2.619457,-0.001079,1.569253,#TechLinearMove
0.556997,0.039384,0.188910,2.610876,0.008901,1.563439,#TechLinearMove
0.556754,0.044543,0.188820,2.601961,0.021053,1.556368,#TechLinearMove
0.556773,0.049700,0.188519,2.588116,0.037864,1.546420,#TechLinearMove
0.556450,0.054849,0.188641,2.568464,0.054855,1.535626,#TechLinearMove
0.556167,0.062259,0.189569,2.561112,0.051267,1.537384,#TechLinearMove
0.555961,0.067348,0.188747,2.557969,0.059466,1.531511,#TechLinearMove
0.556042,0.072437,0.187894,2.555283,0.071025,1.523404,#TechLinearMove
0.556129,0.077542,0.187132,2.553616,0.082822,1.515254,#TechLinearMove
0.556373,0.082612,0.186188,2.552304,0.094503,1.507274,#TechLinearMove
0.556778,0.087669,0.185241,2.549935,0.107596,1.498175,#TechLinearMove
0.557347,0.092738,0.184434,2.546824,0.121497,1.488364,#TechLinearMove
0.557906,0.097812,0.183658,2.544031,0.134710,1.478927,#TechLinearMove
0.558446,0.102895,0.182925,2.540986,0.146521,1.470300,#TechLinearMove
0.558968,0.107996,0.182319,2.538802,0.160120,1.460632,#TechLinearMove
0.559340,0.113106,0.181679,2.532949,0.168456,1.453568,#TechLinearMove
0.559752,0.116309,0.181033,2.531689,0.171530,1.451624,#TechLinearMove
0.560188,0.121063,0.180253,2.525493,0.174367,1.450524,#TechLinearMove
0.560658,0.125793,0.179355,2.524602,0.176997,1.449945,#TechLinearMove
0.561216,0.130492,0.178347,2.525737,0.180165,1.449483,#TechLinearMove
0.561836,0.135150,0.177196,2.528638,0.190230,1.444672,#TechLinearMove
0.562494,0.139794,0.176011,2.524389,0.202314,1.436494,#TechLinearMove
0.563173,0.144436,0.174830,2.517207,0.220870,1.423850,#TechLinearMove
0.562620,0.144697,0.175621,2.517207,0.220870,1.423850,#TechMoveTo
0.512282,0.145878,0.143027,2.539599,0.230476,1.416654,#TechMoveTo
0.512812,0.145605,0.142225,2.539599,0.230476,1.416654,#TechMoveTo
0.510533,0.143556,0.141146,2.545466,0.219582,1.424799,#TechLinearMove
0.507338,0.140017,0.140031,2.553773,0.208008,1.435407,#TechLinearMove
0.503981,0.136648,0.138851,2.555416,0.201593,1.440532,#TechLinearMove
0.500663,0.133153,0.137958,2.561066,0.199434,1.444090,#TechLinearMove
0.497104,0.129913,0.137023,2.560050,0.205081,1.440883,#TechLinearMove
0.493779,0.126363,0.136457,2.560554,0.212966,1.436568,#TechLinearMove
0.490426,0.122831,0.135903,2.560583,0.217415,1.434597,#TechLinearMove
0.489678,0.117730,0.137607,2.568249,0.215323,1.435944,#TechLinearMove
0.489021,0.112925,0.138793,2.571211,0.205855,1.442170,#TechLinearMove
0.488587,0.108116,0.140078,2.569746,0.197439,1.446733,#TechLinearMove
0.488196,0.103312,0.141393,2.571230,0.186075,1.453840,#TechLinearMove
0.487768,0.098486,0.142613,2.574086,0.173919,1.461789,#TechLinearMove
0.487383,0.093631,0.143722,2.576591,0.161247,1.469949,#TechLinearMove
0.487048,0.088753,0.144752,2.578166,0.147965,1.478224,#TechLinearMove
0.486651,0.083858,0.145667,2.580245,0.135848,1.485858,#TechLinearMove
0.486248,0.078931,0.146378,2.584545,0.126263,1.492427,#TechLinearMove
0.485917,0.073968,0.146848,2.581223,0.117802,1.496884,#TechLinearMove
0.485727,0.069004,0.147386,2.580514,0.107027,1.503039,#TechLinearMove
0.485862,0.058978,0.147078,2.579860,0.092782,1.512267,#TechLinearMove
0.485795,0.053964,0.147209,2.580339,0.083855,1.518230,#TechLinearMove
0.485688,0.048956,0.147486,2.581549,0.079343,1.521512,#TechLinearMove
0.485644,0.043941,0.147596,2.579823,0.074695,1.524402,#TechLinearMove
0.485724,0.038929,0.147803,2.580630,0.070318,1.527417,#TechLinearMove
0.485797,0.033920,0.148083,2.580108,0.066072,1.530225,#TechLinearMove
0.485839,0.028915,0.148436,2.581218,0.063879,1.531883,#TechLinearMove
0.485866,0.023914,0.148829,2.580419,0.062105,1.533121,#TechLinearMove
0.485902,0.018914,0.149245,2.579961,0.060592,1.534220,#TechLinearMove
0.485949,0.013911,0.149622,2.578050,0.059914,1.534700,#TechLinearMove
0.486022,0.008905,0.149937,2.575716,0.058590,1.535562,#TechLinearMove
0.486099,0.003895,0.150193,2.574281,0.055840,1.537369,#TechLinearMove
0.486185,-0.001114,0.150473,2.572382,0.051678,1.540083,#TechLinearMove
0.486097,-0.006125,0.150701,2.570973,0.050862,1.540695,#TechLinearMove
0.486003,-0.011134,0.150978,2.567799,0.046647,1.543525,#TechLinearMove
0.485930,-0.016148,0.151122,2.565013,0.044639,1.545014,#TechLinearMove
0.485871,-0.023701,0.151279,2.561205,0.042855,1.544322,#TechLinearMove
0.485642,-0.028645,0.151860,2.563774,0.028810,1.552504,#TechLinearMove
0.485480,-0.033608,0.152294,2.563412,0.019813,1.557519,#TechLinearMove
0.485332,-0.038577,0.152646,2.562030,0.012040,1.562026,#TechLinearMove
0.485210,-0.043550,0.152953,2.562200,0.004500,1.566435,#TechLinearMove
0.485194,-0.048524,0.153263,2.561559,-0.002753,1.570653,#TechLinearMove
0.485317,-0.053498,0.153546,2.558134,-0.010216,1.574994,#TechLinearMove
0.485499,-0.058476,0.153698,2.555773,-0.017853,1.579484,#TechLinearMove
0.485719,-0.063455,0.153734,2.554177,-0.026373,1.584643,#TechLinearMove
0.485979,-0.068432,0.153701,2.552166,-0.035389,1.590181,#TechLinearMove
0.486296,-0.073405,0.153722,2.551474,-0.044408,1.595439,#TechLinearMove
0.486640,-0.078369,0.153634,2.549310,-0.060657,1.605247,#TechLinearMove
0.487209,-0.086410,0.153233,2.551821,-0.063980,1.610406,#TechLinearMove
0.487295,-0.091175,0.153026,2.547682,-0.073884,1.617528,#TechLinearMove
0.487526,-0.095929,0.152670,2.544420,-0.079402,1.621627,#TechLinearMove
0.487787,-0.100681,0.152304,2.541176,-0.083452,1.624739,#TechLinearMove
0.488074,-0.105429,0.151899,2.539216,-0.089454,1.629010,#TechLinearMove
0.488363,-0.110174,0.151464,2.542412,-0.094239,1.631866,#TechLinearMove
0.488687,-0.114910,0.150968,2.545666,-0.099622,1.635046,#TechLinearMove
0.489021,-0.119644,0.150452,2.549175,-0.104547,1.637772,#TechLinearMove
0.489427,-0.124375,0.149972,2.552777,-0.110539,1.641168,#TechLinearMove
0.489761,-0.129117,0.149533,2.555465,-0.116457,1.644663,#TechLinearMove
0.490119,-0.133854,0.149071,2.557737,-0.124313,1.649475,#TechLinearMove
0.490398,-0.138604,0.148712,2.560030,-0.135259,1.656205,#TechLinearMove
0.490811,-0.149296,0.147767,2.567617,-0.125354,1.649946,#TechLinearMove
0.491148,-0.154205,0.146963,2.558818,-0.118068,1.645397,#TechLinearMove
0.491466,-0.159121,0.146199,2.551687,-0.114189,1.642680,#TechLinearMove
0.491719,-0.164063,0.145591,2.545841,-0.112024,1.641544,#TechLinearMove
0.491984,-0.169003,0.144967,2.537101,-0.108813,1.640286,#TechLinearMove
0.492261,-0.173936,0.144301,2.529700,-0.106465,1.639301,#TechLinearMove
0.492630,-0.178865,0.143648,2.522892,-0.104516,1.638438,#TechLinearMove
0.493019,-0.183791,0.142979,2.516087,-0.102948,1.637793,#TechLinearMove
0.493453,-0.188711,0.142303,2.510313,-0.099852,1.635899,#TechLinearMove
0.493930,-0.193629,0.141634,2.504181,-0.096121,1.633590,#TechLinearMove
0.494415,-0.198540,0.140929,2.498108,-0.091562,1.630681,#TechLinearMove
0.494915,-0.203439,0.140145,2.491825,-0.084733,1.626080,#TechLinearMove
0.495453,-0.208320,0.139282,2.485338,-0.075159,1.619333,#TechLinearMove
0.496018,-0.213185,0.138352,2.480395,-0.063443,1.610542,#TechLinearMove
0.496618,-0.218042,0.137397,2.472043,-0.051874,1.601755,#TechLinearMove
0.497267,-0.222872,0.136350,2.463257,-0.038186,1.591039,#TechLinearMove
0.497816,-0.227713,0.135293,2.452898,-0.023335,1.579252,#TechLinearMove
0.498116,-0.235574,0.133420,2.444325,0.003399,1.562159,#TechLinearMove
0.497974,-0.240691,0.132670,2.440080,0.016089,1.555834,#TechLinearMove
0.497393,-0.245824,0.132337,2.438124,0.029015,1.548104,#TechLinearMove
0.496649,-0.250940,0.132296,2.436433,0.038758,1.542001,#TechLinearMove
0.495670,-0.256008,0.132637,2.436725,0.052374,1.532946,#TechLinearMove
0.494562,-0.260993,0.133445,2.438587,0.067457,1.522922,#TechLinearMove
0.493378,-0.265916,0.134518,2.437433,0.084231,1.510825,#TechLinearMove
0.492192,-0.270844,0.135567,2.427735,0.105133,1.493458,#TechLinearMove
0.491164,-0.275826,0.136511,2.413421,0.127260,1.473764,#TechLinearMove
0.490296,-0.280875,0.137238,2.396066,0.146966,1.455020,#TechLinearMove
0.489479,-0.285932,0.137968,2.376215,0.171917,1.431807,#TechLinearMove
0.489017,-0.291062,0.138161,2.342039,0.192101,1.408238,#TechLinearMove
0.489343,-0.285693,0.138918,2.350814,0.217053,1.372259,#TechLinearMove
0.490352,-0.280894,0.138394,2.381788,0.183319,1.408630,#TechLinearMove
0.491207,-0.276082,0.137700,2.400856,0.153189,1.438391,#TechLinearMove
0.492465,-0.271418,0.136708,2.413663,0.127416,1.461985,#TechLinearMove
0.493892,-0.266872,0.135417,2.424384,0.095789,1.489323,#TechLinearMove
0.495200,-0.262288,0.134140,2.427945,0.068132,1.511621,#TechLinearMove
0.496304,-0.257584,0.133129,2.424546,0.051979,1.522992,#TechLinearMove
0.497260,-0.252787,0.132494,2.420636,0.042255,1.529216,#TechLinearMove
0.498053,-0.247918,0.132305,2.417656,0.029545,1.538020,#TechLinearMove
0.498465,-0.243011,0.132396,2.412310,0.023230,1.540036,#TechLinearMove
0.498228,-0.232929,0.134250,2.428690,0.015096,1.551969,#TechLinearMove
0.497819,-0.228220,0.135312,2.447301,-0.005358,1.568211,#TechLinearMove
0.497261,-0.223515,0.136316,2.463027,-0.023402,1.581831,#TechLinearMove
0.496690,-0.218798,0.137256,2.472870,-0.038773,1.593540,#TechLinearMove
0.496119,-0.214078,0.138185,2.483003,-0.053031,1.604008,#TechLinearMove
0.495548,-0.209357,0.139107,2.490416,-0.067200,1.614335,#TechLinearMove
0.494996,-0.204626,0.139986,2.495533,-0.078681,1.622618,#TechLinearMove
0.494488,-0.199875,0.140783,2.500600,-0.087253,1.628542,#TechLinearMove
0.494007,-0.195106,0.141479,2.505327,-0.094169,1.633200,#TechLinearMove
0.493531,-0.190328,0.142118,2.509445,-0.099271,1.636577,#TechLinearMove
0.493102,-0.185547,0.142766,2.513656,-0.103641,1.639404,#TechLinearMove
0.492722,-0.180760,0.143402,2.516971,-0.106854,1.641557,#TechLinearMove
0.492368,-0.175970,0.144025,2.519829,-0.109016,1.643022,#TechLinearMove
0.492098,-0.171178,0.144684,2.525325,-0.112108,1.644670,#TechLinearMove
0.491835,-0.166382,0.145307,2.530582,-0.114372,1.645818,#TechLinearMove
0.491580,-0.161583,0.145917,2.541684,-0.118799,1.647735,#TechLinearMove
0.491240,-0.156826,0.146764,2.549300,-0.126071,1.652175,#TechLinearMove
0.490753,-0.149387,0.147903,2.554297,-0.118169,1.647694,#TechLinearMove
0.490622,-0.144377,0.148244,2.553529,-0.116449,1.646005,#TechLinearMove
0.490380,-0.139377,0.148653,2.556086,-0.111502,1.641890,#TechLinearMove
0.490072,-0.134382,0.149087,2.552732,-0.108949,1.640369,#TechLinearMove
0.489764,-0.129387,0.149517,2.550801,-0.104943,1.637680,#TechLinearMove
0.489446,-0.124397,0.149990,2.550747,-0.100756,1.634571,#TechLinearMove
0.489097,-0.119415,0.150527,2.549597,-0.096810,1.631786,#TechLinearMove
0.488726,-0.114437,0.151094,2.548981,-0.092865,1.628928,#TechLinearMove
0.488381,-0.109454,0.151619,2.549021,-0.089423,1.626293,#TechLinearMove
0.488069,-0.104461,0.152068,2.548991,-0.085808,1.623527,#TechLinearMove
0.487791,-0.099465,0.152513,2.550527,-0.081142,1.619710,#TechLinearMove
0.487570,-0.094461,0.152884,2.554182,-0.074347,1.614035,#TechLinearMove
0.487209,-0.086410,0.153233,2.564384,-0.075826,1.616960,#TechLinearMove
0.486948,-0.081208,0.153518,2.567170,-0.060778,1.607885,#TechLinearMove
0.486678,-0.076002,0.153665,2.564872,-0.045756,1.598977,#TechLinearMove
0.486288,-0.070801,0.153713,2.563068,-0.035330,1.592775,#TechLinearMove
0.485966,-0.065595,0.153760,2.562364,-0.025463,1.586873,#TechLinearMove
0.485728,-0.060385,0.153775,2.561856,-0.015761,1.581044,#TechLinearMove
0.485527,-0.055174,0.153665,2.560970,-0.004863,1.574510,#TechLinearMove
0.485382,-0.049966,0.153413,2.560380,0.004345,1.569036,#TechLinearMove
0.485283,-0.044764,0.153047,2.560653,0.012071,1.564469,#TechLinearMove
0.485278,-0.039558,0.152764,2.563865,0.022436,1.558413,#TechLinearMove
0.485411,-0.034357,0.152418,2.565689,0.035904,1.550618,#TechLinearMove
0.485839,-0.024133,0.151399,2.564281,0.037794,1.547775,#TechLinearMove
0.485865,-0.019271,0.151340,2.566744,0.042350,1.544779,#TechLinearMove
0.485947,-0.014414,0.151136,2.568462,0.045016,1.542949,#TechLinearMove
0.486052,-0.009560,0.150871,2.570105,0.047492,1.541336,#TechLinearMove
0.486140,-0.004705,0.150627,2.571250,0.049045,1.540308,#TechLinearMove
0.486119,0.000149,0.150358,2.573253,0.051671,1.538670,#TechLinearMove
0.486053,0.005004,0.150106,2.575581,0.054866,1.536690,#TechLinearMove
0.485977,0.009859,0.149862,2.578084,0.057213,1.535270,#TechLinearMove
0.485913,0.014712,0.149564,2.579587,0.058115,1.534697,#TechLinearMove
0.485876,0.019559,0.149191,2.580547,0.058110,1.534644,#TechLinearMove
0.485853,0.024405,0.148790,2.581684,0.058687,1.534238,#TechLinearMove
0.485828,0.029252,0.148407,2.581668,0.060822,1.532784,#TechLinearMove
0.485782,0.034102,0.148067,2.582094,0.064300,1.530521,#TechLinearMove
0.485716,0.038956,0.147803,2.582442,0.069393,1.527257,#TechLinearMove
0.485645,0.043813,0.147591,2.580950,0.073091,1.524652,#TechLinearMove
0.485743,0.048667,0.147334,2.579816,0.076357,1.522254,#TechLinearMove
0.485873,0.053517,0.147013,2.577998,0.083461,1.517379,#TechLinearMove
0.485475,0.061308,0.146967,2.580180,0.091253,1.513125,#TechLinearMove
0.485173,0.066064,0.146638,2.584129,0.097247,1.510486,#TechLinearMove
0.485094,0.070825,0.146247,2.582286,0.107806,1.504201,#TechLinearMove
0.485029,0.075583,0.145840,2.580132,0.115778,1.499254,#TechLinearMove
0.485067,0.080316,0.145191,2.578974,0.126084,1.492983,#TechLinearMove
0.485203,0.085022,0.144378,2.578439,0.137908,1.485827,#TechLinearMove
0.485638,0.089713,0.143579,2.577426,0.148581,1.479269,#TechLinearMove
0.485937,0.094380,0.142600,2.576289,0.163220,1.470419,#TechLinearMove
0.486268,0.099025,0.141532,2.571968,0.176555,1.461652,#TechLinearMove
0.486702,0.103644,0.140389,2.568774,0.188222,1.453957,#TechLinearMove
0.487159,0.108249,0.139198,2.566170,0.204442,1.443687,#TechLinearMove
0.487562,0.112868,0.138043,2.564086,0.217045,1.435941,#TechLinearMove
0.490291,0.117051,0.138279,2.569399,0.220597,1.433097,#TechLinearMove
0.493583,0.121137,0.138656,2.564403,0.211574,1.436918,#TechLinearMove
0.497023,0.125099,0.139154,2.563438,0.207039,1.439229,#TechLinearMove
0.500174,0.129316,0.139417,2.558693,0.202491,1.440463,#TechLinearMove
0.503548,0.133318,0.140037,2.556231,0.203276,1.439044,#TechLinearMove
0.506701,0.137505,0.140602,2.552312,0.205293,1.436436,#TechLinearMove
0.509866,0.141646,0.141255,2.547931,0.214935,1.428486,#TechLinearMove
0.509337,0.141901,0.142065,2.547931,0.214935,1.428486,#TechMoveTo
0.562201,0.147655,0.174562,2.515636,0.231806,1.425632,#TechMoveTo
0.562753,0.147386,0.173773,2.515636,0.231806,1.425632,#TechMoveTo
0.563861,0.144448,0.175287,2.515924,0.217265,1.425932,#TechLinearMove
0.565430,0.139985,0.178021,2.517326,0.199378,1.436431,#TechLinearMove
0.566879,0.135509,0.180815,2.519737,0.187021,1.444104,#TechLinearMove
0.568358,0.131126,0.183747,2.520708,0.179697,1.447862,#TechLinearMove
0.569792,0.126704,0.186644,2.521822,0.176559,1.448774,#TechLinearMove
0.571370,0.122345,0.189559,2.519227,0.173322,1.448044,#TechLinearMove
0.571867,0.117666,0.191116,2.523541,0.171949,1.449927,#TechLinearMove
0.572166,0.112993,0.192418,2.525556,0.160161,1.458266,#TechLinearMove
0.572463,0.108266,0.193527,2.528227,0.153514,1.463304,#TechLinearMove
0.572749,0.103515,0.194536,2.531904,0.143765,1.470602,#TechLinearMove
0.573083,0.098771,0.195561,2.535274,0.130648,1.480143,#TechLinearMove
0.573375,0.094014,0.196531,2.539090,0.117992,1.489398,#TechLinearMove
0.573652,0.089245,0.197443,2.543136,0.104471,1.499242,#TechLinearMove
0.574016,0.084496,0.198437,2.545641,0.088382,1.510570,#TechLinearMove
0.574287,0.079746,0.199455,2.547637,0.077647,1.518036,#TechLinearMove
0.574567,0.074992,0.200450,2.549641,0.067143,1.525252,#TechLinearMove
0.574912,0.070235,0.201406,2.552835,0.053287,1.534869,#TechLinearMove
0.575452,0.059646,0.201356,2.567975,0.047546,1.539662,#TechLinearMove
0.575963,0.054814,0.201080,2.582696,0.028553,1.551290,#TechLinearMove
0.576234,0.049953,0.201080,2.593683,0.008572,1.563090,#TechLinearMove
0.576431,0.045086,0.201089,2.601851,-0.000729,1.568367,#TechLinearMove
0.576647,0.040221,0.201039,2.608704,-0.013847,1.575924,#TechLinearMove
0.576881,0.035357,0.200979,2.617272,-0.025470,1.582373,#TechLinearMove
0.577183,0.030497,0.200919,2.625011,-0.035693,1.587935,#TechLinearMove
0.577459,0.025638,0.200763,2.632756,-0.041880,1.591060,#TechLinearMove
0.577684,0.020780,0.200502,2.641494,-0.045973,1.592812,#TechLinearMove
0.577923,0.015925,0.200207,2.650806,-0.050644,1.594758,#TechLinearMove
0.578214,0.011074,0.199885,2.660989,-0.054481,1.596084,#TechLinearMove
0.578605,0.006235,0.199506,2.671998,-0.056558,1.596316,#TechLinearMove
0.579132,0.001408,0.199133,2.682218,-0.059835,1.597207,#TechLinearMove
0.579651,-0.003417,0.198736,2.694314,-0.064211,1.598438,#TechLinearMove
0.580264,-0.008210,0.198126,2.710067,-0.069624,1.599921,#TechLinearMove
0.580781,-0.013026,0.197642,2.726709,-0.083782,1.605439,#TechLinearMove
0.581579,-0.020566,0.197962,2.729648,-0.082411,1.605642,#TechLinearMove
0.581548,-0.025499,0.198245,2.736554,-0.080460,1.605260,#TechLinearMove
0.581568,-0.030436,0.198412,2.740546,-0.075860,1.603908,#TechLinearMove
0.581683,-0.035374,0.198516,2.744822,-0.074374,1.603477,#TechLinearMove
0.581686,-0.040316,0.198507,2.750049,-0.072512,1.602811,#TechLinearMove
0.581711,-0.045256,0.198442,2.753181,-0.071633,1.602727,#TechLinearMove
0.581784,-0.050195,0.198316,2.755824,-0.072774,1.603499,#TechLinearMove
0.581914,-0.055131,0.198108,2.758779,-0.074576,1.604505,#TechLinearMove
0.582096,-0.060060,0.197821,2.761335,-0.078389,1.606355,#TechLinearMove
0.582460,-0.064979,0.197544,2.763520,-0.083007,1.608560,#TechLinearMove
0.582765,-0.069904,0.197295,2.767719,-0.088873,1.611426,#TechLinearMove
0.583077,-0.074830,0.197069,2.769804,-0.092981,1.613900,#TechLinearMove
0.583597,-0.082565,0.196218,2.767688,-0.088797,1.609031,#TechLinearMove
0.584331,-0.087423,0.195677,2.766277,-0.099118,1.613701,#TechLinearMove
0.584896,-0.092306,0.195145,2.765377,-0.106388,1.617023,#TechLinearMove
0.585451,-0.097190,0.194623,2.765516,-0.112079,1.619407,#TechLinearMove
0.586031,-0.102071,0.194090,2.767283,-0.118870,1.621999,#TechLinearMove
0.586600,-0.106953,0.193560,2.768929,-0.127467,1.625252,#TechLinearMove
0.586913,-0.111857,0.193016,2.769148,-0.135216,1.628444,#TechLinearMove
0.587231,-0.116764,0.192510,2.766497,-0.140499,1.631117,#TechLinearMove
0.587547,-0.121674,0.192017,2.765622,-0.145279,1.633301,#TechLinearMove
0.587845,-0.126587,0.191558,2.762628,-0.150239,1.635919,#TechLinearMove
0.588144,-0.131500,0.191094,2.756917,-0.156936,1.639818,#TechLinearMove
0.588401,-0.136417,0.190649,2.746690,-0.161770,1.643996,#TechLinearMove
0.589162,-0.148487,0.189403,2.745225,-0.141206,1.632676,#TechLinearMove
0.589677,-0.153432,0.188596,2.743591,-0.120497,1.622565,#TechLinearMove
0.590431,-0.158372,0.187978,2.747193,-0.100710,1.612260,#TechLinearMove
0.590949,-0.163360,0.187517,2.753159,-0.083157,1.603230,#TechLinearMove
0.591371,-0.168362,0.187112,2.757714,-0.070882,1.597020,#TechLinearMove
0.591748,-0.173374,0.186788,2.761688,-0.058464,1.590890,#TechLinearMove
0.592074,-0.178393,0.186547,2.766922,-0.046640,1.584904,#TechLinearMove
0.592342,-0.183420,0.186409,2.769248,-0.032012,1.578024,#TechLinearMove
0.592544,-0.188452,0.186366,2.768781,-0.014761,1.570288,#TechLinearMove
0.592696,-0.193486,0.186399,2.768492,0.001928,1.562690,#TechLinearMove
0.592845,-0.198520,0.186456,2.767667,0.019481,1.554768,#TechLinearMove
0.593015,-0.203553,0.186449,2.766450,0.036633,1.547159,#TechLinearMove
0.593149,-0.208586,0.186336,2.766236,0.052125,1.540294,#TechLinearMove
0.593148,-0.213618,0.186339,2.764224,0.071637,1.531284,#TechLinearMove
0.593137,-0.218653,0.186417,2.754483,0.099187,1.518182,#TechLinearMove
0.593341,-0.223679,0.186198,2.738815,0.133435,1.501828,#TechLinearMove
0.593834,-0.231300,0.184919,2.752017,0.116111,1.516047,#TechLinearMove
0.594942,-0.236194,0.184177,2.781523,0.126852,1.517703,#TechLinearMove
0.595418,-0.241246,0.183965,2.813257,0.127057,1.521830,#TechLinearMove
0.595754,-0.246307,0.183880,2.831893,0.131580,1.523567,#TechLinearMove
0.595732,-0.251359,0.184331,2.852283,0.137517,1.525467,#TechLinearMove
0.595332,-0.256313,0.185375,2.860823,0.148971,1.523957,#TechLinearMove
0.594678,-0.261167,0.186733,2.860259,0.165400,1.519706,#TechLinearMove
0.593957,-0.265950,0.188291,2.865173,0.180218,1.516991,#TechLinearMove
0.593351,-0.270749,0.189850,2.867280,0.204077,1.511236,#TechLinearMove
0.592770,-0.275585,0.191298,2.860214,0.234779,1.502528,#TechLinearMove
0.592012,-0.280307,0.192998,2.858547,0.267632,1.494114,#TechLinearMove
0.591680,-0.285159,0.194410,2.862155,0.302631,1.486013,#TechLinearMove
0.592092,-0.279935,0.194110,2.895611,0.248567,1.508538,#TechLinearMove
0.592652,-0.275415,0.192117,2.897179,0.205645,1.515276,#TechLinearMove
0.593286,-0.270861,0.190219,2.884227,0.189166,1.515432,#TechLinearMove
0.594002,-0.266326,0.188306,2.878145,0.171706,1.517385,#TechLinearMove
0.594921,-0.261815,0.186425,2.873132,0.155851,1.519257,#TechLinearMove
0.595874,-0.257233,0.184778,2.860694,0.150060,1.517747,#TechLinearMove
0.596238,-0.252417,0.183622,2.834276,0.157282,1.511476,#TechLinearMove
0.596195,-0.247473,0.183061,2.817259,0.151847,1.509160,#TechLinearMove
0.595828,-0.242542,0.182786,2.789478,0.140163,1.505792,#TechLinearMove
0.594262,-0.232071,0.184767,2.771998,0.137184,1.510877,#TechLinearMove
0.593704,-0.227293,0.185515,2.773875,0.103324,1.525647,#TechLinearMove
0.593436,-0.222443,0.185879,2.778827,0.072006,1.539323,#TechLinearMove
0.593187,-0.217592,0.186257,2.782281,0.046711,1.549506,#TechLinearMove
0.593032,-0.212731,0.186530,2.785507,0.026517,1.557527,#TechLinearMove
0.592860,-0.207863,0.186628,2.791312,0.004590,1.566634,#TechLinearMove
0.592810,-0.202992,0.186597,2.794134,-0.016021,1.575289,#TechLinearMove
0.592885,-0.198121,0.186502,2.793124,-0.032934,1.582436,#TechLinearMove
0.592990,-0.193251,0.186386,2.791284,-0.047766,1.588755,#TechLinearMove
0.593031,-0.188380,0.186323,2.788172,-0.060226,1.594309,#TechLinearMove
0.592991,-0.183508,0.186369,2.781729,-0.069785,1.599106,#TechLinearMove
0.592893,-0.178640,0.186541,2.773072,-0.080004,1.604428,#TechLinearMove
0.592706,-0.173782,0.186859,2.764246,-0.090412,1.609954,#TechLinearMove
0.592397,-0.168938,0.187275,2.755216,-0.097002,1.614224,#TechLinearMove
0.591937,-0.164110,0.187741,2.745262,-0.108566,1.620654,#TechLinearMove
0.591499,-0.159297,0.188355,2.734836,-0.123982,1.629373,#TechLinearMove
0.590868,-0.154535,0.189169,2.725429,-0.138859,1.638003,#TechLinearMove
0.590483,-0.146415,0.190419,2.744897,-0.138850,1.631756,#TechLinearMove
0.589706,-0.141367,0.190621,2.752749,-0.137359,1.630436,#TechLinearMove
0.589160,-0.136295,0.190977,2.760893,-0.136889,1.629323,#TechLinearMove
0.588648,-0.131222,0.191359,2.766232,-0.136322,1.628506,#TechLinearMove
0.588152,-0.126146,0.191727,2.770187,-0.133275,1.626991,#TechLinearMove
0.587642,-0.121074,0.192121,2.773351,-0.129562,1.625365,#TechLinearMove
0.587211,-0.116001,0.192589,2.774602,-0.125823,1.624025,#TechLinearMove
0.586880,-0.110926,0.193122,2.774597,-0.121236,1.622550,#TechLinearMove
0.586535,-0.105857,0.193693,2.773012,-0.115035,1.620654,#TechLinearMove
0.586157,-0.100795,0.194308,2.768934,-0.107909,1.618750,#TechLinearMove
0.585781,-0.095733,0.194928,2.767352,-0.100550,1.616535,#TechLinearMove
0.585392,-0.090673,0.195554,2.764954,-0.092846,1.614327,#TechLinearMove
0.584728,-0.082539,0.196645,2.770966,-0.085739,1.607508,#TechLinearMove
0.584421,-0.077347,0.197145,2.768374,-0.086569,1.607234,#TechLinearMove
0.583859,-0.072161,0.197425,2.766371,-0.085447,1.606395,#TechLinearMove
0.583394,-0.066967,0.197748,2.765020,-0.083210,1.605248,#TechLinearMove
0.582959,-0.061767,0.198021,2.763762,-0.081030,1.604106,#TechLinearMove
0.582543,-0.056564,0.198249,2.761605,-0.079214,1.603182,#TechLinearMove
0.582173,-0.051355,0.198404,2.758877,-0.078270,1.602657,#TechLinearMove
0.581860,-0.046140,0.198479,2.756087,-0.080153,1.603266,#TechLinearMove
0.581692,-0.040919,0.198526,2.752496,-0.083092,1.604376,#TechLinearMove
0.581596,-0.035697,0.198649,2.748014,-0.086850,1.605694,#TechLinearMove
0.581621,-0.030473,0.198622,2.742129,-0.095730,1.609052,#TechLinearMove
0.581958,-0.020219,0.198143,2.739898,-0.085257,1.605860,#TechLinearMove
0.581859,-0.015182,0.198310,2.723370,-0.070909,1.600290,#TechLinearMove
0.581277,-0.010203,0.198750,2.708160,-0.060154,1.595989,#TechLinearMove
0.580788,-0.005193,0.199023,2.696975,-0.055142,1.594159,#TechLinearMove
0.580258,-0.000192,0.199378,2.685527,-0.049993,1.592380,#TechLinearMove
0.579710,0.004805,0.199759,2.674905,-0.046796,1.591433,#TechLinearMove
0.579144,0.009799,0.200156,2.663852,-0.044737,1.591092,#TechLinearMove
0.578653,0.014808,0.200448,2.653940,-0.043264,1.590919,#TechLinearMove
0.578273,0.019828,0.200721,2.646197,-0.040726,1.589974,#TechLinearMove
0.577840,0.024847,0.200912,2.639208,-0.035313,1.587327,#TechLinearMove
0.577449,0.029873,0.201012,2.630714,-0.030637,1.585068,#TechLinearMove
0.577337,0.034910,0.201191,2.622455,-0.022495,1.580848,#TechLinearMove
0.577103,0.039945,0.201240,2.614826,-0.012928,1.575580,#TechLinearMove
0.576871,0.044981,0.201288,2.605986,-0.001845,1.569296,#TechLinearMove
0.576809,0.050022,0.201244,2.594498,0.016726,1.558613,#TechLinearMove
0.576314,0.055029,0.201487,2.582259,0.040814,1.544222,#TechLinearMove
0.575474,0.062648,0.201777,2.578056,0.036335,1.547301,#TechLinearMove
0.574858,0.067551,0.200993,2.569396,0.044311,1.541556,#TechLinearMove
0.574309,0.072453,0.200140,2.562684,0.059023,1.531433,#TechLinearMove
0.573937,0.077388,0.199400,2.556206,0.068591,1.524589,#TechLinearMove
0.573661,0.082311,0.198540,2.552410,0.080090,1.516550,#TechLinearMove
0.573302,0.087204,0.197542,2.549450,0.094592,1.506495,#TechLinearMove
0.572991,0.092105,0.196566,2.544635,0.111260,1.494592,#TechLinearMove
0.572705,0.096998,0.195545,2.538872,0.128495,1.482008,#TechLinearMove
0.572480,0.101893,0.194525,2.533590,0.142048,1.471938,#TechLinearMove
0.572311,0.106810,0.193597,2.526642,0.158573,1.459470,#TechLinearMove
0.571931,0.111689,0.192552,2.516530,0.175273,1.445963,#TechLinearMove
0.570895,0.113667,0.191150,2.513147,0.171509,1.447570,#TechLinearMove
0.569866,0.118223,0.189193,2.515345,0.176202,1.446714,#TechLinearMove
0.568958,0.122770,0.187163,2.519025,0.177988,1.447560,#TechLinearMove
0.568358,0.127388,0.185171,2.521674,0.180332,1.447697,#TechLinearMove
0.567201,0.131622,0.182645,2.524110,0.183573,1.447210,#TechLinearMove
0.565956,0.135779,0.180034,2.525386,0.188886,1.445079,#TechLinearMove
0.564740,0.140008,0.177529,2.522607,0.199600,1.438116,#TechLinearMove
0.563861,0.144448,0.175287,2.518539,0.215125,1.428137,#TechLinearMove
0.563308,0.144703,0.176080,2.518539,0.215125,1.428137,#TechMoveTo
0.512282,0.145878,0.143027,2.539599,0.230476,1.416654,#TechMoveTo
0.512812,0.145605,0.142225,2.539599,0.230476,1.416654,#TechMoveTo
0.512812,0.145605,0.142225,2.539599,0.230476,1.416654,#TechStartPoint
0.512507,0.142528,0.142827,2.548188,0.215894,1.428005,#TechLinearMove
0.511909,0.137999,0.143732,2.554820,0.203907,1.440096,#TechLinearMove
0.511806,0.133482,0.144933,2.559305,0.197520,1.446926,#TechLinearMove
0.511510,0.128962,0.146088,2.564832,0.193211,1.452687,#TechLinearMove
0.511712,0.124535,0.147518,2.571736,0.190318,1.458893,#TechLinearMove
0.510720,0.116845,0.148764,2.580256,0.192071,1.455649,#TechLinearMove
0.510648,0.111779,0.149645,2.584348,0.186509,1.459215,#TechLinearMove
0.510424,0.106753,0.150735,2.590468,0.175436,1.466747,#TechLinearMove
0.510063,0.101735,0.151829,2.595016,0.167113,1.472328,#TechLinearMove
0.509675,0.096728,0.152969,2.598891,0.155425,1.479698,#TechLinearMove
0.509273,0.091729,0.154138,2.603280,0.141136,1.488714,#TechLinearMove
0.508868,0.086733,0.155316,2.608989,0.129206,1.496585,#TechLinearMove
0.508397,0.081717,0.156373,2.613730,0.121103,1.501923,#TechLinearMove
0.507761,0.076707,0.157370,2.618516,0.112255,1.507425,#TechLinearMove
0.507332,0.071663,0.158303,2.621874,0.103921,1.512257,#TechLinearMove
0.507421,0.061406,0.158143,2.633663,0.113747,1.508413,#TechLinearMove
0.507532,0.056551,0.157893,2.628651,0.100316,1.515176,#TechLinearMove
0.507430,0.051696,0.158119,2.624292,0.085801,1.522949,#TechLinearMove
0.507329,0.046839,0.158340,2.622311,0.077949,1.527175,#TechLinearMove
0.507349,0.041983,0.158615,2.621260,0.070943,1.530978,#TechLinearMove
0.507358,0.037135,0.158998,2.618435,0.060573,1.536438,#TechLinearMove
0.507314,0.032297,0.159501,2.617695,0.053901,1.540066,#TechLinearMove
0.507226,0.027472,0.160105,2.618934,0.049321,1.542723,#TechLinearMove
0.507104,0.022659,0.160792,2.621184,0.044855,1.545384,#TechLinearMove
0.506970,0.017849,0.161504,2.624554,0.042688,1.546791,#TechLinearMove
0.506860,0.013031,0.162157,2.628554,0.043000,1.546781,#TechLinearMove
0.506811,0.008196,0.162681,2.632612,0.043702,1.546516,#TechLinearMove
0.506825,0.003347,0.163062,2.636057,0.043768,1.546580,#TechLinearMove
0.506841,-0.001508,0.163347,2.638255,0.042195,1.547534,#TechLinearMove
0.506757,-0.006367,0.163535,2.641684,0.039377,1.549230,#TechLinearMove
0.506664,-0.011225,0.163755,2.645906,0.036753,1.550830,#TechLinearMove
0.506636,-0.016088,0.163807,2.647608,0.033989,1.552397,#TechLinearMove
0.506765,-0.023903,0.163520,2.650972,0.028794,1.555331,#TechLinearMove
0.506925,-0.028690,0.163708,2.656825,0.018730,1.560830,#TechLinearMove
0.507139,-0.033476,0.163972,2.663015,0.007942,1.566548,#TechLinearMove
0.507302,-0.038271,0.164119,2.667212,-0.001135,1.571304,#TechLinearMove
0.507466,-0.043066,0.164261,2.672673,-0.006854,1.574252,#TechLinearMove
0.507634,-0.047860,0.164404,2.676339,-0.012569,1.577169,#TechLinearMove
0.507811,-0.052655,0.164527,2.680962,-0.015444,1.578638,#TechLinearMove
0.508018,-0.057450,0.164567,2.682643,-0.020961,1.581447,#TechLinearMove
0.508113,-0.062246,0.164430,2.686760,-0.025452,1.583652,#TechLinearMove
0.508313,-0.067035,0.164191,2.691530,-0.031241,1.586363,#TechLinearMove
0.508488,-0.071826,0.163953,2.697177,-0.037085,1.589133,#TechLinearMove
0.508672,-0.076615,0.163696,2.701718,-0.044241,1.592578,#TechLinearMove
0.509438,-0.084660,0.163002,2.703968,-0.056618,1.597547,#TechLinearMove
0.509655,-0.089583,0.162670,2.711177,-0.070868,1.602870,#TechLinearMove
0.510003,-0.094498,0.162340,2.719554,-0.084605,1.607719,#TechLinearMove
0.510268,-0.099412,0.161927,2.726835,-0.095114,1.611308,#TechLinearMove
0.510495,-0.104326,0.161490,2.732736,-0.104559,1.614466,#TechLinearMove
0.510797,-0.109239,0.161086,2.737277,-0.111216,1.616582,#TechLinearMove
0.511074,-0.114157,0.160719,2.739178,-0.117363,1.618742,#TechLinearMove
0.511375,-0.119071,0.160323,2.743611,-0.122707,1.620209,#TechLinearMove
0.511692,-0.123978,0.159867,2.744889,-0.129891,1.622850,#TechLinearMove
0.511967,-0.128880,0.159329,2.745405,-0.135401,1.624928,#TechLinearMove
0.512342,-0.133781,0.158856,2.745651,-0.142460,1.627584,#TechLinearMove
0.512633,-0.138694,0.158463,2.746324,-0.154071,1.632029,#TechLinearMove
0.513304,-0.148954,0.156933,2.738670,-0.150401,1.633230,#TechLinearMove
0.513605,-0.153895,0.156276,2.736675,-0.137862,1.627402,#TechLinearMove
0.513933,-0.158830,0.155584,2.735212,-0.125278,1.621441,#TechLinearMove
0.514274,-0.163758,0.154856,2.734987,-0.117610,1.617755,#TechLinearMove
0.514615,-0.168688,0.154138,2.735124,-0.109572,1.613913,#TechLinearMove
0.514930,-0.173624,0.153450,2.734976,-0.101778,1.610229,#TechLinearMove
0.515228,-0.178567,0.152805,2.732768,-0.095728,1.607552,#TechLinearMove
0.515511,-0.183513,0.152179,2.727354,-0.088102,1.604542,#TechLinearMove
0.515799,-0.188457,0.151541,2.719949,-0.078266,1.600669,#TechLinearMove
0.516101,-0.193398,0.150882,2.710021,-0.065543,1.595516,#TechLinearMove
0.516439,-0.198336,0.150220,2.696984,-0.050053,1.589076,#TechLinearMove
0.516825,-0.203272,0.149569,2.682791,-0.033943,1.581913,#TechLinearMove
0.517208,-0.208208,0.148921,2.668010,-0.017201,1.573975,#TechLinearMove
0.517582,-0.213148,0.148296,2.653880,-0.002770,1.567192,#TechLinearMove
0.517939,-0.218093,0.147698,2.639950,0.010896,1.560637,#TechLinearMove
0.518365,-0.223025,0.147042,2.617327,0.036844,1.547164,#TechLinearMove
0.518884,-0.227941,0.146335,2.600065,0.061956,1.532812,#TechLinearMove
0.519378,-0.236016,0.145705,2.602957,0.059762,1.534517,#TechLinearMove
0.519292,-0.240789,0.146463,2.596795,0.074801,1.521909,#TechLinearMove
0.518883,-0.245472,0.147633,2.579068,0.093510,1.505496,#TechLinearMove
0.518500,-0.250180,0.148720,2.568829,0.104841,1.495414,#TechLinearMove
0.518051,-0.254846,0.149953,2.561910,0.116072,1.485660,#TechLinearMove
0.517563,-0.259483,0.151278,2.552007,0.129117,1.474421,#TechLinearMove
0.517285,-0.264132,0.152621,2.540711,0.145967,1.459805,#TechLinearMove
0.517022,-0.268798,0.153908,2.531284,0.160082,1.447387,#TechLinearMove
0.516673,-0.273503,0.155017,2.525611,0.174982,1.434934,#TechLinearMove
0.516408,-0.278220,0.156100,2.524843,0.186090,1.426116,#TechLinearMove
0.516320,-0.282981,0.156982,2.523544,0.201258,1.413563,#TechLinearMove
0.516556,-0.287771,0.157680,2.518749,0.221245,1.396333,#TechLinearMove
0.516515,-0.282331,0.156485,2.517357,0.218421,1.406805,#TechLinearMove
0.516319,-0.277251,0.155964,2.533674,0.190076,1.431971,#TechLinearMove
0.516418,-0.272234,0.154988,2.532097,0.175469,1.442352,#TechLinearMove
0.516725,-0.267266,0.153829,2.535027,0.158078,1.455681,#TechLinearMove
0.517216,-0.262377,0.152425,2.546854,0.138593,1.471784,#TechLinearMove
0.517806,-0.257562,0.150812,2.559629,0.121880,1.485760,#TechLinearMove
0.518411,-0.252772,0.149130,2.569299,0.107234,1.497373,#TechLinearMove
0.519007,-0.247961,0.147505,2.583325,0.087646,1.512589,#TechLinearMove
0.519325,-0.243149,0.145837,2.615365,0.059228,1.535725,#TechLinearMove
0.519254,-0.233023,0.145893,2.614232,0.045099,1.544053,#TechLinearMove
0.518717,-0.227957,0.146519,2.626576,0.025448,1.554639,#TechLinearMove
0.518257,-0.222890,0.147201,2.638152,0.004628,1.565412,#TechLinearMove
0.517914,-0.217797,0.147741,2.648486,-0.009714,1.572509,#TechLinearMove
0.517543,-0.212714,0.148348,2.658135,-0.021923,1.578213,#TechLinearMove
0.517155,-0.207636,0.148996,2.672408,-0.037602,1.585401,#TechLinearMove
0.516753,-0.202562,0.149659,2.683707,-0.051021,1.591136,#TechLinearMove
0.516350,-0.197487,0.150316,2.696934,-0.066427,1.597657,#TechLinearMove
0.516024,-0.192410,0.150995,2.706539,-0.077084,1.601814,#TechLinearMove
0.515709,-0.187331,0.151669,2.716985,-0.088974,1.606332,#TechLinearMove
0.515414,-0.182248,0.152318,2.728077,-0.098098,1.609327,#TechLinearMove
0.515126,-0.177163,0.152961,2.736218,-0.105361,1.611620,#TechLinearMove
0.514804,-0.172086,0.153645,2.740828,-0.112566,1.614279,#TechLinearMove
0.514475,-0.167016,0.154372,2.743621,-0.120823,1.617605,#TechLinearMove
0.514130,-0.161947,0.155106,2.747793,-0.132856,1.622504,#TechLinearMove
0.513820,-0.156871,0.155799,2.751837,-0.146331,1.627958,#TechLinearMove
0.513305,-0.148940,0.156905,2.737130,-0.151910,1.634170,#TechLinearMove
0.512973,-0.143844,0.157661,2.735309,-0.139572,1.629455,#TechLinearMove
0.512716,-0.138720,0.158234,2.734150,-0.133594,1.627240,#TechLinearMove
0.512389,-0.133601,0.158830,2.734112,-0.131104,1.626286,#TechLinearMove
0.512004,-0.128483,0.159389,2.731482,-0.125971,1.624627,#TechLinearMove
0.511636,-0.123359,0.159903,2.730833,-0.118291,1.621568,#TechLinearMove
0.511299,-0.118226,0.160358,2.732292,-0.112314,1.618923,#TechLinearMove
0.510985,-0.113089,0.160768,2.731335,-0.108082,1.617370,#TechLinearMove
0.510679,-0.107951,0.161173,2.729179,-0.102865,1.615546,#TechLinearMove
0.510359,-0.102815,0.161596,2.727038,-0.095261,1.612691,#TechLinearMove
0.510095,-0.097677,0.162036,2.723999,-0.084542,1.608658,#TechLinearMove
0.509953,-0.092528,0.162380,2.720039,-0.074675,1.605080,#TechLinearMove
0.509438,-0.084660,0.163002,2.720309,-0.079426,1.606535,#TechLinearMove
0.509027,-0.079657,0.163417,2.710078,-0.058922,1.597666,#TechLinearMove
0.508745,-0.074638,0.163752,2.702732,-0.048432,1.593193,#TechLinearMove
0.508367,-0.069623,0.164038,2.696504,-0.038535,1.588882,#TechLinearMove
0.507902,-0.064610,0.164227,2.690878,-0.029437,1.584711,#TechLinearMove
0.507535,-0.059588,0.164331,2.685716,-0.023142,1.581790,#TechLinearMove
0.507283,-0.054556,0.164327,2.681678,-0.019689,1.580187,#TechLinearMove
0.507076,-0.049524,0.164222,2.676917,-0.017372,1.579140,#TechLinearMove
0.506892,-0.044491,0.164071,2.671626,-0.012249,1.576653,#TechLinearMove
0.506601,-0.039467,0.163881,2.664608,-0.002651,1.571903,#TechLinearMove
0.506706,-0.034436,0.163647,2.657936,0.004293,1.568423,#TechLinearMove
0.506749,-0.024130,0.163554,2.649420,0.015498,1.562286,#TechLinearMove
0.506670,-0.019284,0.163714,2.647992,0.022485,1.558525,#TechLinearMove
0.506582,-0.014439,0.163608,2.647703,0.030490,1.554248,#TechLinearMove
0.506447,-0.009595,0.163427,2.645319,0.034741,1.551881,#TechLinearMove
0.506354,-0.004750,0.163225,2.642056,0.038942,1.549493,#TechLinearMove
0.506282,0.000092,0.162973,2.638693,0.042674,1.547327,#TechLinearMove
0.506245,0.004931,0.162646,2.636051,0.044227,1.546399,#TechLinearMove
0.506257,0.009762,0.162220,2.633323,0.044237,1.546348,#TechLinearMove
0.506333,0.014576,0.161651,2.630156,0.045631,1.545472,#TechLinearMove
0.506462,0.019376,0.160965,2.626816,0.048189,1.543911,#TechLinearMove
0.506604,0.024170,0.160252,2.623215,0.050467,1.542485,#TechLinearMove
0.506770,0.028971,0.159590,2.620178,0.054141,1.540255,#TechLinearMove
0.506998,0.033788,0.159078,2.619875,0.059891,1.537055,#TechLinearMove
0.507184,0.038617,0.158674,2.620336,0.069959,1.531500,#TechLinearMove
0.507321,0.043455,0.158369,2.620522,0.078508,1.526684,#TechLinearMove
0.507570,0.048266,0.157816,2.620003,0.090474,1.519953,#TechLinearMove
0.507681,0.053105,0.157567,2.622317,0.105813,1.511557,#TechLinearMove
0.507404,0.061038,0.158181,2.627087,0.106410,1.511413,#TechLinearMove
0.507440,0.065933,0.158074,2.621880,0.111310,1.508815,#TechLinearMove
0.507636,0.070809,0.157644,2.618423,0.117091,1.505801,#TechLinearMove
0.507779,0.075680,0.157173,2.615879,0.123362,1.502328,#TechLinearMove
0.507911,0.080509,0.156363,2.612874,0.131719,1.497536,#TechLinearMove
0.508156,0.085291,0.155323,2.608869,0.139994,1.492506,#TechLinearMove
0.508541,0.090045,0.154204,2.602177,0.149484,1.486163,#TechLinearMove
0.508926,0.094803,0.153099,2.599028,0.159179,1.480356,#TechLinearMove
0.509298,0.099567,0.152015,2.593847,0.170569,1.473120,#TechLinearMove
0.509653,0.104338,0.150957,2.588591,0.179938,1.466978,#TechLinearMove
0.509947,0.109098,0.149844,2.581492,0.192809,1.458561,#TechLinearMove
0.510510,0.113921,0.149201,2.574233,0.204131,1.451090,#TechLinearMove
0.510632,0.115925,0.148965,2.579286,0.204222,1.448053,#TechLinearMove
0.511205,0.121296,0.148002,2.572999,0.198945,1.448598,#TechLinearMove
0.511598,0.126622,0.146802,2.567120,0.193862,1.449517,#TechLinearMove
0.511778,0.131915,0.145370,2.559311,0.195543,1.445690,#TechLinearMove
0.511977,0.137215,0.143964,2.552877,0.204403,1.437644,#TechLinearMove
0.512507,0.142528,0.142827,2.547227,0.217036,1.426984,#TechLinearMove
0.511978,0.142785,0.143636,2.547227,0.217036,1.426984,#TechMoveTo
0.562201,0.147655,0.174562,2.515636,0.231806,1.425632,#TechMoveTo
0.562753,0.147386,0.173773,2.515636,0.231806,1.425632,#TechMoveTo
0.563173,0.144436,0.174830,2.511771,0.219686,1.423029,#TechLinearMove
0.562424,0.139239,0.176152,2.520413,0.195617,1.438936,#TechLinearMove
0.561700,0.134041,0.177477,2.526200,0.178371,1.450286,#TechLinearMove
0.561025,0.128819,0.178734,2.530377,0.167820,1.456470,#TechLinearMove
0.560424,0.123571,0.179921,2.534715,0.160894,1.459131,#TechLinearMove
0.559931,0.118333,0.180718,2.531169,0.165714,1.455501,#TechLinearMove
0.559443,0.113529,0.181608,2.532613,0.159093,1.460357,#TechLinearMove
0.559021,0.108684,0.182295,2.533389,0.153979,1.464035,#TechLinearMove
0.558560,0.103832,0.182907,2.535498,0.147164,1.469159,#TechLinearMove
0.558043,0.098988,0.183528,2.537365,0.135541,1.477451,#TechLinearMove
0.557523,0.094144,0.184153,2.539730,0.121017,1.487780,#TechLinearMove
0.556969,0.089313,0.184842,2.543114,0.104598,1.499472,#TechLinearMove
0.556362,0.084508,0.185654,2.547323,0.089105,1.510529,#TechLinearMove
0.555751,0.079723,0.186580,2.552259,0.077820,1.518764,#TechLinearMove
0.555204,0.074942,0.187560,2.557761,0.069584,1.524995,#TechLinearMove
0.554640,0.070171,0.188581,2.564860,0.059451,1.532535,#TechLinearMove
0.554923,0.060068,0.188383,2.561802,0.055745,1.534610,#TechLinearMove
0.555464,0.055102,0.188027,2.573669,0.043535,1.542273,#TechLinearMove
0.555819,0.050102,0.188268,2.588463,0.025173,1.553383,#TechLinearMove
0.556049,0.045088,0.188408,2.598296,0.012220,1.561011,#TechLinearMove
0.556300,0.040074,0.188503,2.607902,0.001297,1.567185,#TechLinearMove
0.556535,0.035059,0.188618,2.618086,-0.006967,1.571816,#TechLinearMove
0.556647,0.030042,0.188788,2.626238,-0.016097,1.576915,#TechLinearMove
0.556832,0.025030,0.189025,2.636579,-0.020893,1.579294,#TechLinearMove
0.557026,0.020016,0.189216,2.646694,-0.025708,1.581689,#TechLinearMove
0.557055,0.014996,0.189177,2.654667,-0.028486,1.582920,#TechLinearMove
0.557164,0.009979,0.188986,2.661419,-0.029032,1.582854,#TechLinearMove
0.557362,0.004975,0.188630,2.668049,-0.030337,1.583229,#TechLinearMove
0.557593,-0.000025,0.188230,2.675362,-0.032746,1.584046,#TechLinearMove
0.557979,-0.005021,0.187905,2.681657,-0.034133,1.584443,#TechLinearMove
0.558341,-0.010001,0.187372,2.692200,-0.041288,1.587517,#TechLinearMove
0.558705,-0.014986,0.186901,2.702323,-0.051366,1.591900,#TechLinearMove
0.558929,-0.022624,0.186670,2.701950,-0.044635,1.590257,#TechLinearMove
0.559198,-0.027520,0.186958,2.706025,-0.051670,1.593727,#TechLinearMove
0.559334,-0.032425,0.187175,2.709504,-0.053347,1.594700,#TechLinearMove
0.559512,-0.037333,0.187299,2.711885,-0.055897,1.595965,#TechLinearMove
0.559705,-0.042241,0.187398,2.714521,-0.057244,1.596653,#TechLinearMove
0.559884,-0.047150,0.187460,2.715939,-0.059322,1.597725,#TechLinearMove
0.559917,-0.052062,0.187398,2.719986,-0.065759,1.600550,#TechLinearMove
0.559990,-0.056972,0.187265,2.722748,-0.070084,1.602466,#TechLinearMove
0.560098,-0.061880,0.187075,2.725219,-0.076309,1.605258,#TechLinearMove
0.560388,-0.066780,0.186896,2.726221,-0.083261,1.608483,#TechLinearMove
0.560622,-0.071683,0.186705,2.729521,-0.092386,1.612617,#TechLinearMove
0.560852,-0.076588,0.186536,2.734230,-0.104223,1.617776,#TechLinearMove
0.561261,-0.084522,0.185859,2.732985,-0.107065,1.618071,#TechLinearMove
0.562027,-0.089213,0.185237,2.726850,-0.107955,1.619403,#TechLinearMove
0.562663,-0.093914,0.184551,2.722572,-0.113082,1.622346,#TechLinearMove
0.563252,-0.098630,0.183927,2.720177,-0.118677,1.625207,#TechLinearMove
0.563878,-0.103333,0.183243,2.715394,-0.123160,1.627978,#TechLinearMove
0.564517,-0.108030,0.182529,2.711656,-0.126843,1.630248,#TechLinearMove
0.564938,-0.112746,0.181780,2.707772,-0.132008,1.633231,#TechLinearMove
0.565324,-0.117475,0.181102,2.703488,-0.137703,1.636587,#TechLinearMove
0.565917,-0.122204,0.180600,2.697393,-0.144859,1.640983,#TechLinearMove
0.566550,-0.126933,0.180138,2.692386,-0.150669,1.644610,#TechLinearMove
0.567132,-0.131665,0.179640,2.684494,-0.154382,1.647859,#TechLinearMove
0.567768,-0.136403,0.179286,2.676945,-0.159981,1.651990,#TechLinearMove
0.569316,-0.146043,0.178063,2.675078,-0.151831,1.647596,#TechLinearMove
0.569945,-0.150911,0.177243,2.680019,-0.134459,1.638868,#TechLinearMove
0.570511,-0.155783,0.176396,2.681519,-0.112820,1.628620,#TechLinearMove
0.571152,-0.160670,0.175715,2.682609,-0.094919,1.619947,#TechLinearMove
0.571547,-0.165561,0.174903,2.683913,-0.080014,1.612773,#TechLinearMove
0.571906,-0.170463,0.174132,2.685109,-0.066573,1.606370,#TechLinearMove
0.572250,-0.175391,0.173534,2.687638,-0.053161,1.599921,#TechLinearMove
0.572498,-0.180343,0.173113,2.690496,-0.039570,1.593446,#TechLinearMove
0.572616,-0.185312,0.172900,2.693812,-0.026616,1.587354,#TechLinearMove
0.572489,-0.190277,0.173033,2.699294,-0.014632,1.581693,#TechLinearMove
0.572139,-0.195211,0.173556,2.706762,-0.003987,1.576664,#TechLinearMove
0.571710,-0.200112,0.174311,2.713919,0.006639,1.571757,#TechLinearMove
0.571236,-0.204998,0.175131,2.719107,0.018949,1.566338,#TechLinearMove
0.570800,-0.209878,0.176000,2.724884,0.031905,1.560777,#TechLinearMove
0.570418,-0.214744,0.176960,2.728865,0.048958,1.553329,#TechLinearMove
0.569662,-0.219496,0.178222,2.736465,0.067568,1.545494,#TechLinearMove
0.568807,-0.224186,0.179651,2.739353,0.090698,1.535730,#TechLinearMove
0.568966,-0.231695,0.179653,2.729752,0.109202,1.525135,#TechLinearMove
0.569612,-0.236334,0.178451,2.733984,0.125232,1.507360,#TechLinearMove
0.570199,-0.241039,0.177515,2.737664,0.138081,1.492528,#TechLinearMove
0.570742,-0.245785,0.176766,2.743929,0.146632,1.483955,#TechLinearMove
0.571176,-0.250555,0.176124,2.752781,0.150546,1.477950,#TechLinearMove
0.571725,-0.255346,0.175807,2.765163,0.148637,1.474617,#TechLinearMove
0.571898,-0.260175,0.175786,2.777796,0.140799,1.473753,#TechLinearMove
0.571939,-0.264974,0.176364,2.792005,0.137145,1.471838,#TechLinearMove
0.571735,-0.269676,0.177479,2.799408,0.143430,1.464884,#TechLinearMove
0.571160,-0.274192,0.179108,2.815930,0.145315,1.462335,#TechLinearMove
0.570301,-0.278556,0.180999,2.823776,0.152274,1.455906,#TechLinearMove
0.569595,-0.282933,0.182899,2.831709,0.162218,1.444271,#TechLinearMove
0.568622,-0.287091,0.185143,2.830916,0.187003,1.425997,#TechLinearMove
0.570599,-0.281883,0.181791,2.827795,0.199914,1.463484,#TechLinearMove
0.571270,-0.277424,0.179943,2.813204,0.187069,1.472647,#TechLinearMove
0.571840,-0.272876,0.178231,2.798401,0.178802,1.477314,#TechLinearMove
0.572222,-0.268203,0.176848,2.781364,0.178908,1.477347,#TechLinearMove
0.572251,-0.263416,0.175860,2.759941,0.182650,1.475189,#TechLinearMove
0.571985,-0.258562,0.175339,2.739920,0.185702,1.473956,#TechLinearMove
0.571610,-0.253687,0.175360,2.728973,0.187427,1.475349,#TechLinearMove
0.571247,-0.248837,0.175899,2.728012,0.183823,1.481011,#TechLinearMove
0.570535,-0.244071,0.176778,2.725316,0.176334,1.488801,#TechLinearMove
0.569935,-0.239359,0.177963,2.727980,0.157792,1.506459,#TechLinearMove
0.568932,-0.229114,0.179710,2.733001,0.118589,1.520904,#TechLinearMove
0.569464,-0.224213,0.178790,2.731544,0.085222,1.535690,#TechLinearMove
0.570168,-0.219396,0.177559,2.727980,0.058811,1.547347,#TechLinearMove
0.570605,-0.214457,0.176793,2.723032,0.038334,1.556416,#TechLinearMove
0.571023,-0.209508,0.176054,2.719171,0.022357,1.563680,#TechLinearMove
0.571476,-0.204570,0.175255,2.712771,0.011885,1.568373,#TechLinearMove
0.571926,-0.199633,0.174457,2.706990,-0.000066,1.573848,#TechLinearMove
0.572335,-0.194682,0.173724,2.702036,-0.012477,1.579690,#TechLinearMove
0.572612,-0.189697,0.173220,2.697120,-0.023801,1.585129,#TechLinearMove
0.572682,-0.184682,0.173095,2.692480,-0.035215,1.590714,#TechLinearMove
0.572571,-0.179668,0.173298,2.687248,-0.046329,1.596318,#TechLinearMove
0.572321,-0.174673,0.173735,2.683056,-0.058309,1.602309,#TechLinearMove
0.571967,-0.169704,0.174368,2.682662,-0.073095,1.609362,#TechLinearMove
0.571566,-0.164748,0.175079,2.682634,-0.092558,1.618758,#TechLinearMove
0.571161,-0.159795,0.175796,2.681924,-0.123074,1.633589,#TechLinearMove
0.570660,-0.154884,0.176718,2.676535,-0.144155,1.644298,#TechLinearMove
0.569919,-0.147701,0.178002,2.685583,-0.152706,1.645931,#TechLinearMove
0.569455,-0.142677,0.178822,2.687709,-0.152010,1.645462,#TechLinearMove
0.568604,-0.137659,0.179272,2.691900,-0.152715,1.645191,#TechLinearMove
0.567882,-0.132632,0.179853,2.694936,-0.152274,1.644551,#TechLinearMove
0.567177,-0.127598,0.180393,2.697118,-0.148607,1.642583,#TechLinearMove
0.566492,-0.122556,0.180884,2.700326,-0.143591,1.639812,#TechLinearMove
0.565801,-0.117516,0.181388,2.704668,-0.137273,1.636206,#TechLinearMove
0.565082,-0.112484,0.181931,2.708713,-0.131275,1.632852,#TechLinearMove
0.564468,-0.107461,0.182633,2.712117,-0.126611,1.630283,#TechLinearMove
0.563989,-0.102444,0.183485,2.715318,-0.120355,1.627050,#TechLinearMove
0.563509,-0.097424,0.184326,2.719110,-0.114130,1.623812,#TechLinearMove
0.562985,-0.092422,0.185242,2.722400,-0.109132,1.621257,#TechLinearMove
0.562348,-0.084516,0.186414,2.724124,-0.103810,1.617689,#TechLinearMove
0.561883,-0.079371,0.186674,2.726286,-0.097653,1.614170,#TechLinearMove
0.561427,-0.074216,0.186858,2.727989,-0.091258,1.610813,#TechLinearMove
0.561027,-0.069056,0.187085,2.728879,-0.084056,1.607308,#TechLinearMove
0.560656,-0.063893,0.187260,2.728130,-0.075549,1.603339,#TechLinearMove
0.560310,-0.058726,0.187386,2.727089,-0.067887,1.599764,#TechLinearMove
0.560017,-0.053555,0.187429,2.725166,-0.063095,1.597528,#TechLinearMove
0.559878,-0.048379,0.187453,2.722369,-0.059567,1.595904,#TechLinearMove
0.559859,-0.043199,0.187489,2.719330,-0.056522,1.594495,#TechLinearMove
0.559820,-0.038020,0.187557,2.714479,-0.054335,1.593375,#TechLinearMove
0.559898,-0.032844,0.187428,2.712441,-0.058552,1.594877,#TechLinearMove
0.559964,-0.022439,0.187307,2.709575,-0.051262,1.593045,#TechLinearMove
0.559600,-0.017295,0.187465,2.696900,-0.036364,1.586233,#TechLinearMove
0.559060,-0.012170,0.187824,2.686961,-0.026027,1.581410,#TechLinearMove
0.558691,-0.007025,0.188109,2.679858,-0.023311,1.580215,#TechLinearMove
0.558323,-0.001881,0.188407,2.673065,-0.021730,1.579595,#TechLinearMove
0.557928,0.003260,0.188737,2.667011,-0.020061,1.578887,#TechLinearMove
0.557569,0.008406,0.189013,2.658207,-0.017444,1.577829,#TechLinearMove
0.557292,0.013563,0.189140,2.652027,-0.014345,1.576353,#TechLinearMove
0.557086,0.018725,0.189137,2.646089,-0.010768,1.574550,#TechLinearMove
0.557072,0.023890,0.189136,2.638738,-0.010049,1.574262,#TechLinearMove
0.557106,0.029056,0.189079,2.629944,-0.006630,1.572419,#TechLinearMove
0.557007,0.034218,0.188915,2.619457,-0.001079,1.569253,#TechLinearMove
0.556997,0.039384,0.188910,2.610876,0.008901,1.563439,#TechLinearMove
0.556754,0.044543,0.188820,2.601961,0.021053,1.556368,#TechLinearMove
0.556773,0.049700,0.188519,2.588116,0.037864,1.546420,#TechLinearMove
0.556450,0.054849,0.188641,2.568464,0.054855,1.535626,#TechLinearMove
0.556167,0.062259,0.189569,2.561112,0.051267,1.537384,#TechLinearMove
0.555961,0.067348,0.188747,2.557969,0.059466,1.531511,#TechLinearMove
0.556042,0.072437,0.187894,2.555283,0.071025,1.523404,#TechLinearMove
0.556129,0.077542,0.187132,2.553616,0.082822,1.515254,#TechLinearMove
0.556373,0.082612,0.186188,2.552304,0.094503,1.507274,#TechLinearMove
0.556778,0.087669,0.185241,2.549935,0.107596,1.498175,#TechLinearMove
0.557347,0.092738,0.184434,2.546824,0.121497,1.488364,#TechLinearMove
0.557906,0.097812,0.183658,2.544031,0.134710,1.478927,#TechLinearMove
0.558446,0.102895,0.182925,2.540986,0.146521,1.470300,#TechLinearMove
0.558968,0.107996,0.182319,2.538802,0.160120,1.460632,#TechLinearMove
0.559340,0.113106,0.181679,2.532949,0.168456,1.453568,#TechLinearMove
0.559752,0.116309,0.181033,2.531689,0.171530,1.451624,#TechLinearMove
0.560188,0.121063,0.180253,2.525493,0.174367,1.450524,#TechLinearMove
0.560658,0.125793,0.179355,2.524602,0.176997,1.449945,#TechLinearMove
0.561216,0.130492,0.178347,2.525737,0.180165,1.449483,#TechLinearMove
0.561836,0.135150,0.177196,2.528638,0.190230,1.444672,#TechLinearMove
0.562494,0.139794,0.176011,2.524389,0.202314,1.436494,#TechLinearMove
0.563173,0.144436,0.174830,2.517207,0.220870,1.423850,#TechLinearMove
0.562620,0.144697,0.175621,2.517207,0.220870,1.423850,#TechMoveTo
0.512282,0.145878,0.143027,2.539599,0.230476,1.416654,#TechMoveTo
0.512812,0.145605,0.142225,2.539599,0.230476,1.416654,#TechMoveTo
0.510533,0.143556,0.141146,2.545466,0.219582,1.424799,#TechLinearMove
0.507338,0.140017,0.140031,2.553773,0.208008,1.435407,#TechLinearMove
0.503981,0.136648,0.138851,2.555416,0.201593,1.440532,#TechLinearMove
0.500663,0.133153,0.137958,2.561066,0.199434,1.444090,#TechLinearMove
0.497104,0.129913,0.137023,2.560050,0.205081,1.440883,#TechLinearMove
0.493779,0.126363,0.136457,2.560554,0.212966,1.436568,#TechLinearMove
0.490426,0.122831,0.135903,2.560583,0.217415,1.434597,#TechLinearMove
0.489678,0.117730,0.137607,2.568249,0.215323,1.435944,#TechLinearMove
0.489021,0.112925,0.138793,2.571211,0.205855,1.442170,#TechLinearMove
0.488587,0.108116,0.140078,2.569746,0.197439,1.446733,#TechLinearMove
0.488196,0.103312,0.141393,2.571230,0.186075,1.453840,#TechLinearMove
0.487768,0.098486,0.142613,2.574086,0.173919,1.461789,#TechLinearMove
0.487383,0.093631,0.143722,2.576591,0.161247,1.469949,#TechLinearMove
0.487048,0.088753,0.144752,2.578166,0.147965,1.478224,#TechLinearMove
0.486651,0.083858,0.145667,2.580245,0.135848,1.485858,#TechLinearMove
0.486248,0.078931,0.146378,2.584545,0.126263,1.492427,#TechLinearMove
0.485917,0.073968,0.146848,2.581223,0.117802,1.496884,#TechLinearMove
0.485727,0.069004,0.147386,2.580514,0.107027,1.503039,#TechLinearMove
0.485862,0.058978,0.147078,2.579860,0.092782,1.512267,#TechLinearMove
0.485795,0.053964,0.147209,2.580339,0.083855,1.518230,#TechLinearMove
0.485688,0.048956,0.147486,2.581549,0.079343,1.521512,#TechLinearMove
0.485644,0.043941,0.147596,2.579823,0.074695,1.524402,#TechLinearMove
0.485724,0.038929,0.147803,2.580630,0.070318,1.527417,#TechLinearMove
0.485797,0.033920,0.148083,2.580108,0.066072,1.530225,#TechLinearMove
0.485839,0.028915,0.148436,2.581218,0.063879,1.531883,#TechLinearMove
0.485866,0.023914,0.148829,2.580419,0.062105,1.533121,#TechLinearMove
0.485902,0.018914,0.149245,2.579961,0.060592,1.534220,#TechLinearMove
0.485949,0.013911,0.149622,2.578050,0.059914,1.534700,#TechLinearMove
0.486022,0.008905,0.149937,2.575716,0.058590,1.535562,#TechLinearMove
0.486099,0.003895,0.150193,2.574281,0.055840,1.537369,#TechLinearMove
0.486185,-0.001114,0.150473,2.572382,0.051678,1.540083,#TechLinearMove
0.486097,-0.006125,0.150701,2.570973,0.050862,1.540695,#TechLinearMove
0.486003,-0.011134,0.150978,2.567799,0.046647,1.543525,#TechLinearMove
0.485930,-0.016148,0.151122,2.565013,0.044639,1.545014,#TechLinearMove
0.485871,-0.023701,0.151279,2.561205,0.042855,1.544322,#TechLinearMove
0.485642,-0.028645,0.151860,2.563774,0.028810,1.552504,#TechLinearMove
0.485480,-0.033608,0.152294,2.563412,0.019813,1.557519,#TechLinearMove
0.485332,-0.038577,0.152646,2.562030,0.012040,1.562026,#TechLinearMove
0.485210,-0.043550,0.152953,2.562200,0.004500,1.566435,#TechLinearMove
0.485194,-0.048524,0.153263,2.561559,-0.002753,1.570653,#TechLinearMove
0.485317,-0.053498,0.153546,2.558134,-0.010216,1.574994,#TechLinearMove
0.485499,-0.058476,0.153698,2.555773,-0.017853,1.579484,#TechLinearMove
0.485719,-0.063455,0.153734,2.554177,-0.026373,1.584643,#TechLinearMove
0.485979,-0.068432,0.153701,2.552166,-0.035389,1.590181,#TechLinearMove
0.486296,-0.073405,0.153722,2.551474,-0.044408,1.595439,#TechLinearMove
0.486640,-0.078369,0.153634,2.549310,-0.060657,1.605247,#TechLinearMove
0.487209,-0.086410,0.153233,2.551821,-0.063980,1.610406,#TechLinearMove
0.487295,-0.091175,0.153026,2.547682,-0.073884,1.617528,#TechLinearMove
0.487526,-0.095929,0.152670,2.544420,-0.079402,1.621627,#TechLinearMove
0.487787,-0.100681,0.152304,2.541176,-0.083452,1.624739,#TechLinearMove
0.488074,-0.105429,0.151899,2.539216,-0.089454,1.629010,#TechLinearMove
0.488363,-0.110174,0.151464,2.542412,-0.094239,1.631866,#TechLinearMove
0.488687,-0.114910,0.150968,2.545666,-0.099622,1.635046,#TechLinearMove
0.489021,-0.119644,0.150452,2.549175,-0.104547,1.637772,#TechLinearMove
0.489427,-0.124375,0.149972,2.552777,-0.110539,1.641168,#TechLinearMove
0.489761,-0.129117,0.149533,2.555465,-0.116457,1.644663,#TechLinearMove
0.490119,-0.133854,0.149071,2.557737,-0.124313,1.649475,#TechLinearMove
0.490398,-0.138604,0.148712,2.560030,-0.135259,1.656205,#TechLinearMove
0.490811,-0.149296,0.147767,2.567617,-0.125354,1.649946,#TechLinearMove
0.491148,-0.154205,0.146963,2.558818,-0.118068,1.645397,#TechLinearMove
0.491466,-0.159121,0.146199,2.551687,-0.114189,1.642680,#TechLinearMove
0.491719,-0.164063,0.145591,2.545841,-0.112024,1.641544,#TechLinearMove
0.491984,-0.169003,0.144967,2.537101,-0.108813,1.640286,#TechLinearMove
0.492261,-0.173936,0.144301,2.529700,-0.106465,1.639301,#TechLinearMove
0.492630,-0.178865,0.143648,2.522892,-0.104516,1.638438,#TechLinearMove
0.493019,-0.183791,0.142979,2.516087,-0.102948,1.637793,#TechLinearMove
0.493453,-0.188711,0.142303,2.510313,-0.099852,1.635899,#TechLinearMove
0.493930,-0.193629,0.141634,2.504181,-0.096121,1.633590,#TechLinearMove
0.494415,-0.198540,0.140929,2.498108,-0.091562,1.630681,#TechLinearMove
0.494915,-0.203439,0.140145,2.491825,-0.084733,1.626080,#TechLinearMove
0.495453,-0.208320,0.139282,2.485338,-0.075159,1.619333,#TechLinearMove
0.496018,-0.213185,0.138352,2.480395,-0.063443,1.610542,#TechLinearMove
0.496618,-0.218042,0.137397,2.472043,-0.051874,1.601755,#TechLinearMove
0.497267,-0.222872,0.136350,2.463257,-0.038186,1.591039,#TechLinearMove
0.497816,-0.227713,0.135293,2.452898,-0.023335,1.579252,#TechLinearMove
0.498116,-0.235574,0.133420,2.444325,0.003399,1.562159,#TechLinearMove
0.497974,-0.240691,0.132670,2.440080,0.016089,1.555834,#TechLinearMove
0.497393,-0.245824,0.132337,2.438124,0.029015,1.548104,#TechLinearMove
0.496649,-0.250940,0.132296,2.436433,0.038758,1.542001,#TechLinearMove
0.495670,-0.256008,0.132637,2.436725,0.052374,1.532946,#TechLinearMove
0.494562,-0.260993,0.133445,2.438587,0.067457,1.522922,#TechLinearMove
0.493378,-0.265916,0.134518,2.437433,0.084231,1.510825,#TechLinearMove
0.492192,-0.270844,0.135567,2.427735,0.105133,1.493458,#TechLinearMove
0.491164,-0.275826,0.136511,2.413421,0.127260,1.473764,#TechLinearMove
0.490296,-0.280875,0.137238,2.396066,0.146966,1.455020,#TechLinearMove
0.489479,-0.285932,0.137968,2.376215,0.171917,1.431807,#TechLinearMove
0.489017,-0.291062,0.138161,2.342039,0.192101,1.408238,#TechLinearMove
0.489343,-0.285693,0.138918,2.350814,0.217053,1.372259,#TechLinearMove
0.490352,-0.280894,0.138394,2.381788,0.183319,1.408630,#TechLinearMove
0.491207,-0.276082,0.137700,2.400856,0.153189,1.438391,#TechLinearMove
0.492465,-0.271418,0.136708,2.413663,0.127416,1.461985,#TechLinearMove
0.493892,-0.266872,0.135417,2.424384,0.095789,1.489323,#TechLinearMove
0.495200,-0.262288,0.134140,2.427945,0.068132,1.511621,#TechLinearMove
0.496304,-0.257584,0.133129,2.424546,0.051979,1.522992,#TechLinearMove
0.497260,-0.252787,0.132494,2.420636,0.042255,1.529216,#TechLinearMove
0.498053,-0.247918,0.132305,2.417656,0.029545,1.538020,#TechLinearMove
0.498465,-0.243011,0.132396,2.412310,0.023230,1.540036,#TechLinearMove
0.498228,-0.232929,0.134250,2.428690,0.015096,1.551969,#TechLinearMove
0.497819,-0.228220,0.135312,2.447301,-0.005358,1.568211,#TechLinearMove
0.497261,-0.223515,0.136316,2.463027,-0.023402,1.581831,#TechLinearMove
0.496690,-0.218798,0.137256,2.472870,-0.038773,1.593540,#TechLinearMove
0.496119,-0.214078,0.138185,2.483003,-0.053031,1.604008,#TechLinearMove
0.495548,-0.209357,0.139107,2.490416,-0.067200,1.614335,#TechLinearMove
0.494996,-0.204626,0.139986,2.495533,-0.078681,1.622618,#TechLinearMove
0.494488,-0.199875,0.140783,2.500600,-0.087253,1.628542,#TechLinearMove
0.494007,-0.195106,0.141479,2.505327,-0.094169,1.633200,#TechLinearMove
0.493531,-0.190328,0.142118,2.509445,-0.099271,1.636577,#TechLinearMove
0.493102,-0.185547,0.142766,2.513656,-0.103641,1.639404,#TechLinearMove
0.492722,-0.180760,0.143402,2.516971,-0.106854,1.641557,#TechLinearMove
0.492368,-0.175970,0.144025,2.519829,-0.109016,1.643022,#TechLinearMove
0.492098,-0.171178,0.144684,2.525325,-0.112108,1.644670,#TechLinearMove
0.491835,-0.166382,0.145307,2.530582,-0.114372,1.645818,#TechLinearMove
0.491580,-0.161583,0.145917,2.541684,-0.118799,1.647735,#TechLinearMove
0.491240,-0.156826,0.146764,2.549300,-0.126071,1.652175,#TechLinearMove
0.490753,-0.149387,0.147903,2.554297,-0.118169,1.647694,#TechLinearMove
0.490622,-0.144377,0.148244,2.553529,-0.116449,1.646005,#TechLinearMove
0.490380,-0.139377,0.148653,2.556086,-0.111502,1.641890,#TechLinearMove
0.490072,-0.134382,0.149087,2.552732,-0.108949,1.640369,#TechLinearMove
0.489764,-0.129387,0.149517,2.550801,-0.104943,1.637680,#TechLinearMove
0.489446,-0.124397,0.149990,2.550747,-0.100756,1.634571,#TechLinearMove
0.489097,-0.119415,0.150527,2.549597,-0.096810,1.631786,#TechLinearMove
0.488726,-0.114437,0.151094,2.548981,-0.092865,1.628928,#TechLinearMove
0.488381,-0.109454,0.151619,2.549021,-0.089423,1.626293,#TechLinearMove
0.488069,-0.104461,0.152068,2.548991,-0.085808,1.623527,#TechLinearMove
0.487791,-0.099465,0.152513,2.550527,-0.081142,1.619710,#TechLinearMove
0.487570,-0.094461,0.152884,2.554182,-0.074347,1.614035,#TechLinearMove
0.487209,-0.086410,0.153233,2.564384,-0.075826,1.616960,#TechLinearMove
0.486948,-0.081208,0.153518,2.567170,-0.060778,1.607885,#TechLinearMove
0.486678,-0.076002,0.153665,2.564872,-0.045756,1.598977,#TechLinearMove
0.486288,-0.070801,0.153713,2.563068,-0.035330,1.592775,#TechLinearMove
0.485966,-0.065595,0.153760,2.562364,-0.025463,1.586873,#TechLinearMove
0.485728,-0.060385,0.153775,2.561856,-0.015761,1.581044,#TechLinearMove
0.485527,-0.055174,0.153665,2.560970,-0.004863,1.574510,#TechLinearMove
0.485382,-0.049966,0.153413,2.560380,0.004345,1.569036,#TechLinearMove
0.485283,-0.044764,0.153047,2.560653,0.012071,1.564469,#TechLinearMove
0.485278,-0.039558,0.152764,2.563865,0.022436,1.558413,#TechLinearMove
0.485411,-0.034357,0.152418,2.565689,0.035904,1.550618,#TechLinearMove
0.485839,-0.024133,0.151399,2.564281,0.037794,1.547775,#TechLinearMove
0.485865,-0.019271,0.151340,2.566744,0.042350,1.544779,#TechLinearMove
0.485947,-0.014414,0.151136,2.568462,0.045016,1.542949,#TechLinearMove
0.486052,-0.009560,0.150871,2.570105,0.047492,1.541336,#TechLinearMove
0.486140,-0.004705,0.150627,2.571250,0.049045,1.540308,#TechLinearMove
0.486119,0.000149,0.150358,2.573253,0.051671,1.538670,#TechLinearMove
0.486053,0.005004,0.150106,2.575581,0.054866,1.536690,#TechLinearMove
0.485977,0.009859,0.149862,2.578084,0.057213,1.535270,#TechLinearMove
0.485913,0.014712,0.149564,2.579587,0.058115,1.534697,#TechLinearMove
0.485876,0.019559,0.149191,2.580547,0.058110,1.534644,#TechLinearMove
0.485853,0.024405,0.148790,2.581684,0.058687,1.534238,#TechLinearMove
0.485828,0.029252,0.148407,2.581668,0.060822,1.532784,#TechLinearMove
0.485782,0.034102,0.148067,2.582094,0.064300,1.530521,#TechLinearMove
0.485716,0.038956,0.147803,2.582442,0.069393,1.527257,#TechLinearMove
0.485645,0.043813,0.147591,2.580950,0.073091,1.524652,#TechLinearMove
0.485743,0.048667,0.147334,2.579816,0.076357,1.522254,#TechLinearMove
0.485873,0.053517,0.147013,2.577998,0.083461,1.517379,#TechLinearMove
0.485475,0.061308,0.146967,2.580180,0.091253,1.513125,#TechLinearMove
0.485173,0.066064,0.146638,2.584129,0.097247,1.510486,#TechLinearMove
0.485094,0.070825,0.146247,2.582286,0.107806,1.504201,#TechLinearMove
0.485029,0.075583,0.145840,2.580132,0.115778,1.499254,#TechLinearMove
0.485067,0.080316,0.145191,2.578974,0.126084,1.492983,#TechLinearMove
0.485203,0.085022,0.144378,2.578439,0.137908,1.485827,#TechLinearMove
0.485638,0.089713,0.143579,2.577426,0.148581,1.479269,#TechLinearMove
0.485937,0.094380,0.142600,2.576289,0.163220,1.470419,#TechLinearMove
0.486268,0.099025,0.141532,2.571968,0.176555,1.461652,#TechLinearMove
0.486702,0.103644,0.140389,2.568774,0.188222,1.453957,#TechLinearMove
0.487159,0.108249,0.139198,2.566170,0.204442,1.443687,#TechLinearMove
0.487562,0.112868,0.138043,2.564086,0.217045,1.435941,#TechLinearMove
0.490291,0.117051,0.138279,2.569399,0.220597,1.433097,#TechLinearMove
0.493583,0.121137,0.138656,2.564403,0.211574,1.436918,#TechLinearMove
0.497023,0.125099,0.139154,2.563438,0.207039,1.439229,#TechLinearMove
0.500174,0.129316,0.139417,2.558693,0.202491,1.440463,#TechLinearMove
0.503548,0.133318,0.140037,2.556231,0.203276,1.439044,#TechLinearMove
0.506701,0.137505,0.140602,2.552312,0.205293,1.436436,#TechLinearMove
0.509866,0.141646,0.141255,2.547931,0.214935,1.428486,#TechLinearMove
0.509337,0.141901,0.142065,2.547931,0.214935,1.428486,#TechMoveTo
0.562201,0.147655,0.174562,2.515636,0.231806,1.425632,#TechMoveTo
0.562753,0.147386,0.173773,2.515636,0.231806,1.425632,#TechMoveTo
0.563861,0.144448,0.175287,2.515924,0.217265,1.425932,#TechLinearMove
0.565430,0.139985,0.178021,2.517326,0.199378,1.436431,#TechLinearMove
0.566879,0.135509,0.180815,2.519737,0.187021,1.444104,#TechLinearMove
0.568358,0.131126,0.183747,2.520708,0.179697,1.447862,#TechLinearMove
0.569792,0.126704,0.186644,2.521822,0.176559,1.448774,#TechLinearMove
0.571370,0.122345,0.189559,2.519227,0.173322,1.448044,#TechLinearMove
0.571867,0.117666,0.191116,2.523541,0.171949,1.449927,#TechLinearMove
0.572166,0.112993,0.192418,2.525556,0.160161,1.458266,#TechLinearMove
0.572463,0.108266,0.193527,2.528227,0.153514,1.463304,#TechLinearMove
0.572749,0.103515,0.194536,2.531904,0.143765,1.470602,#TechLinearMove
0.573083,0.098771,0.195561,2.535274,0.130648,1.480143,#TechLinearMove
0.573375,0.094014,0.196531,2.539090,0.117992,1.489398,#TechLinearMove
0.573652,0.089245,0.197443,2.543136,0.104471,1.499242,#TechLinearMove
0.574016,0.084496,0.198437,2.545641,0.088382,1.510570,#TechLinearMove
0.574287,0.079746,0.199455,2.547637,0.077647,1.518036,#TechLinearMove
0.574567,0.074992,0.200450,2.549641,0.067143,1.525252,#TechLinearMove
0.574912,0.070235,0.201406,2.552835,0.053287,1.534869,#TechLinearMove
0.575452,0.059646,0.201356,2.567975,0.047546,1.539662,#TechLinearMove
0.575963,0.054814,0.201080,2.582696,0.028553,1.551290,#TechLinearMove
0.576234,0.049953,0.201080,2.593683,0.008572,1.563090,#TechLinearMove
0.576431,0.045086,0.201089,2.601851,-0.000729,1.568367,#TechLinearMove
0.576647,0.040221,0.201039,2.608704,-0.013847,1.575924,#TechLinearMove
0.576881,0.035357,0.200979,2.617272,-0.025470,1.582373,#TechLinearMove
0.577183,0.030497,0.200919,2.625011,-0.035693,1.587935,#TechLinearMove
0.577459,0.025638,0.200763,2.632756,-0.041880,1.591060,#TechLinearMove
0.577684,0.020780,0.200502,2.641494,-0.045973,1.592812,#TechLinearMove
0.577923,0.015925,0.200207,2.650806,-0.050644,1.594758,#TechLinearMove
0.578214,0.011074,0.199885,2.660989,-0.054481,1.596084,#TechLinearMove
0.578605,0.006235,0.199506,2.671998,-0.056558,1.596316,#TechLinearMove
0.579132,0.001408,0.199133,2.682218,-0.059835,1.597207,#TechLinearMove
0.579651,-0.003417,0.198736,2.694314,-0.064211,1.598438,#TechLinearMove
0.580264,-0.008210,0.198126,2.710067,-0.069624,1.599921,#TechLinearMove
0.580781,-0.013026,0.197642,2.726709,-0.083782,1.605439,#TechLinearMove
0.581579,-0.020566,0.197962,2.729648,-0.082411,1.605642,#TechLinearMove
0.581548,-0.025499,0.198245,2.736554,-0.080460,1.605260,#TechLinearMove
0.581568,-0.030436,0.198412,2.740546,-0.075860,1.603908,#TechLinearMove
0.581683,-0.035374,0.198516,2.744822,-0.074374,1.603477,#TechLinearMove
0.581686,-0.040316,0.198507,2.750049,-0.072512,1.602811,#TechLinearMove
0.581711,-0.045256,0.198442,2.753181,-0.071633,1.602727,#TechLinearMove
0.581784,-0.050195,0.198316,2.755824,-0.072774,1.603499,#TechLinearMove
0.581914,-0.055131,0.198108,2.758779,-0.074576,1.604505,#TechLinearMove
0.582096,-0.060060,0.197821,2.761335,-0.078389,1.606355,#TechLinearMove
0.582460,-0.064979,0.197544,2.763520,-0.083007,1.608560,#TechLinearMove
0.582765,-0.069904,0.197295,2.767719,-0.088873,1.611426,#TechLinearMove
0.583077,-0.074830,0.197069,2.769804,-0.092981,1.613900,#TechLinearMove
0.583597,-0.082565,0.196218,2.767688,-0.088797,1.609031,#TechLinearMove
0.584331,-0.087423,0.195677,2.766277,-0.099118,1.613701,#TechLinearMove
0.584896,-0.092306,0.195145,2.765377,-0.106388,1.617023,#TechLinearMove
0.585451,-0.097190,0.194623,2.765516,-0.112079,1.619407,#TechLinearMove
0.586031,-0.102071,0.194090,2.767283,-0.118870,1.621999,#TechLinearMove
0.586600,-0.106953,0.193560,2.768929,-0.127467,1.625252,#TechLinearMove
0.586913,-0.111857,0.193016,2.769148,-0.135216,1.628444,#TechLinearMove
0.587231,-0.116764,0.192510,2.766497,-0.140499,1.631117,#TechLinearMove
0.587547,-0.121674,0.192017,2.765622,-0.145279,1.633301,#TechLinearMove
0.587845,-0.126587,0.191558,2.762628,-0.150239,1.635919,#TechLinearMove
0.588144,-0.131500,0.191094,2.756917,-0.156936,1.639818,#TechLinearMove
0.588401,-0.136417,0.190649,2.746690,-0.161770,1.643996,#TechLinearMove
0.589162,-0.148487,0.189403,2.745225,-0.141206,1.632676,#TechLinearMove
0.589677,-0.153432,0.188596,2.743591,-0.120497,1.622565,#TechLinearMove
0.590431,-0.158372,0.187978,2.747193,-0.100710,1.612260,#TechLinearMove
0.590949,-0.163360,0.187517,2.753159,-0.083157,1.603230,#TechLinearMove
0.591371,-0.168362,0.187112,2.757714,-0.070882,1.597020,#TechLinearMove
0.591748,-0.173374,0.186788,2.761688,-0.058464,1.590890,#TechLinearMove
0.592074,-0.178393,0.186547,2.766922,-0.046640,1.584904,#TechLinearMove
0.592342,-0.183420,0.186409,2.769248,-0.032012,1.578024,#TechLinearMove
0.592544,-0.188452,0.186366,2.768781,-0.014761,1.570288,#TechLinearMove
0.592696,-0.193486,0.186399,2.768492,0.001928,1.562690,#TechLinearMove
0.592845,-0.198520,0.186456,2.767667,0.019481,1.554768,#TechLinearMove
0.593015,-0.203553,0.186449,2.766450,0.036633,1.547159,#TechLinearMove
0.593149,-0.208586,0.186336,2.766236,0.052125,1.540294,#TechLinearMove
0.593148,-0.213618,0.186339,2.764224,0.071637,1.531284,#TechLinearMove
0.593137,-0.218653,0.186417,2.754483,0.099187,1.518182,#TechLinearMove
0.593341,-0.223679,0.186198,2.738815,0.133435,1.501828,#TechLinearMove
0.593834,-0.231300,0.184919,2.752017,0.116111,1.516047,#TechLinearMove
0.594942,-0.236194,0.184177,2.781523,0.126852,1.517703,#TechLinearMove
0.595418,-0.241246,0.183965,2.813257,0.127057,1.521830,#TechLinearMove
0.595754,-0.246307,0.183880,2.831893,0.131580,1.523567,#TechLinearMove
0.595732,-0.251359,0.184331,2.852283,0.137517,1.525467,#TechLinearMove
0.595332,-0.256313,0.185375,2.860823,0.148971,1.523957,#TechLinearMove
0.594678,-0.261167,0.186733,2.860259,0.165400,1.519706,#TechLinearMove
0.593957,-0.265950,0.188291,2.865173,0.180218,1.516991,#TechLinearMove
0.593351,-0.270749,0.189850,2.867280,0.204077,1.511236,#TechLinearMove
0.592770,-0.275585,0.191298,2.860214,0.234779,1.502528,#TechLinearMove
0.592012,-0.280307,0.192998,2.858547,0.267632,1.494114,#TechLinearMove
0.591680,-0.285159,0.194410,2.862155,0.302631,1.486013,#TechLinearMove
0.592092,-0.279935,0.194110,2.895611,0.248567,1.508538,#TechLinearMove
0.592652,-0.275415,0.192117,2.897179,0.205645,1.515276,#TechLinearMove
0.593286,-0.270861,0.190219,2.884227,0.189166,1.515432,#TechLinearMove
0.594002,-0.266326,0.188306,2.878145,0.171706,1.517385,#TechLinearMove
0.594921,-0.261815,0.186425,2.873132,0.155851,1.519257,#TechLinearMove
0.595874,-0.257233,0.184778,2.860694,0.150060,1.517747,#TechLinearMove
0.596238,-0.252417,0.183622,2.834276,0.157282,1.511476,#TechLinearMove
0.596195,-0.247473,0.183061,2.817259,0.151847,1.509160,#TechLinearMove
0.595828,-0.242542,0.182786,2.789478,0.140163,1.505792,#TechLinearMove
0.594262,-0.232071,0.184767,2.771998,0.137184,1.510877,#TechLinearMove
0.593704,-0.227293,0.185515,2.773875,0.103324,1.525647,#TechLinearMove
0.593436,-0.222443,0.185879,2.778827,0.072006,1.539323,#TechLinearMove
0.593187,-0.217592,0.186257,2.782281,0.046711,1.549506,#TechLinearMove
0.593032,-0.212731,0.186530,2.785507,0.026517,1.557527,#TechLinearMove
0.592860,-0.207863,0.186628,2.791312,0.004590,1.566634,#TechLinearMove
0.592810,-0.202992,0.186597,2.794134,-0.016021,1.575289,#TechLinearMove
0.592885,-0.198121,0.186502,2.793124,-0.032934,1.582436,#TechLinearMove
0.592990,-0.193251,0.186386,2.791284,-0.047766,1.588755,#TechLinearMove
0.593031,-0.188380,0.186323,2.788172,-0.060226,1.594309,#TechLinearMove
0.592991,-0.183508,0.186369,2.781729,-0.069785,1.599106,#TechLinearMove
0.592893,-0.178640,0.186541,2.773072,-0.080004,1.604428,#TechLinearMove
0.592706,-0.173782,0.186859,2.764246,-0.090412,1.609954,#TechLinearMove
0.592397,-0.168938,0.187275,2.755216,-0.097002,1.614224,#TechLinearMove
0.591937,-0.164110,0.187741,2.745262,-0.108566,1.620654,#TechLinearMove
0.591499,-0.159297,0.188355,2.734836,-0.123982,1.629373,#TechLinearMove
0.590868,-0.154535,0.189169,2.725429,-0.138859,1.638003,#TechLinearMove
0.590483,-0.146415,0.190419,2.744897,-0.138850,1.631756,#TechLinearMove
0.589706,-0.141367,0.190621,2.752749,-0.137359,1.630436,#TechLinearMove
0.589160,-0.136295,0.190977,2.760893,-0.136889,1.629323,#TechLinearMove
0.588648,-0.131222,0.191359,2.766232,-0.136322,1.628506,#TechLinearMove
0.588152,-0.126146,0.191727,2.770187,-0.133275,1.626991,#TechLinearMove
0.587642,-0.121074,0.192121,2.773351,-0.129562,1.625365,#TechLinearMove
0.587211,-0.116001,0.192589,2.774602,-0.125823,1.624025,#TechLinearMove
0.586880,-0.110926,0.193122,2.774597,-0.121236,1.622550,#TechLinearMove
0.586535,-0.105857,0.193693,2.773012,-0.115035,1.620654,#TechLinearMove
0.586157,-0.100795,0.194308,2.768934,-0.107909,1.618750,#TechLinearMove
0.585781,-0.095733,0.194928,2.767352,-0.100550,1.616535,#TechLinearMove
0.585392,-0.090673,0.195554,2.764954,-0.092846,1.614327,#TechLinearMove
0.584728,-0.082539,0.196645,2.770966,-0.085739,1.607508,#TechLinearMove
0.584421,-0.077347,0.197145,2.768374,-0.086569,1.607234,#TechLinearMove
0.583859,-0.072161,0.197425,2.766371,-0.085447,1.606395,#TechLinearMove
0.583394,-0.066967,0.197748,2.765020,-0.083210,1.605248,#TechLinearMove
0.582959,-0.061767,0.198021,2.763762,-0.081030,1.604106,#TechLinearMove
0.582543,-0.056564,0.198249,2.761605,-0.079214,1.603182,#TechLinearMove
0.582173,-0.051355,0.198404,2.758877,-0.078270,1.602657,#TechLinearMove
0.581860,-0.046140,0.198479,2.756087,-0.080153,1.603266,#TechLinearMove
0.581692,-0.040919,0.198526,2.752496,-0.083092,1.604376,#TechLinearMove
0.581596,-0.035697,0.198649,2.748014,-0.086850,1.605694,#TechLinearMove
0.581621,-0.030473,0.198622,2.742129,-0.095730,1.609052,#TechLinearMove
0.581958,-0.020219,0.198143,2.739898,-0.085257,1.605860,#TechLinearMove
0.581859,-0.015182,0.198310,2.723370,-0.070909,1.600290,#TechLinearMove
0.581277,-0.010203,0.198750,2.708160,-0.060154,1.595989,#TechLinearMove
0.580788,-0.005193,0.199023,2.696975,-0.055142,1.594159,#TechLinearMove
0.580258,-0.000192,0.199378,2.685527,-0.049993,1.592380,#TechLinearMove
0.579710,0.004805,0.199759,2.674905,-0.046796,1.591433,#TechLinearMove
0.579144,0.009799,0.200156,2.663852,-0.044737,1.591092,#TechLinearMove
0.578653,0.014808,0.200448,2.653940,-0.043264,1.590919,#TechLinearMove
0.578273,0.019828,0.200721,2.646197,-0.040726,1.589974,#TechLinearMove
0.577840,0.024847,0.200912,2.639208,-0.035313,1.587327,#TechLinearMove
0.577449,0.029873,0.201012,2.630714,-0.030637,1.585068,#TechLinearMove
0.577337,0.034910,0.201191,2.622455,-0.022495,1.580848,#TechLinearMove
0.577103,0.039945,0.201240,2.614826,-0.012928,1.575580,#TechLinearMove
0.576871,0.044981,0.201288,2.605986,-0.001845,1.569296,#TechLinearMove
0.576809,0.050022,0.201244,2.594498,0.016726,1.558613,#TechLinearMove
0.576314,0.055029,0.201487,2.582259,0.040814,1.544222,#TechLinearMove
0.575474,0.062648,0.201777,2.578056,0.036335,1.547301,#TechLinearMove
0.574858,0.067551,0.200993,2.569396,0.044311,1.541556,#TechLinearMove
0.574309,0.072453,0.200140,2.562684,0.059023,1.531433,#TechLinearMove
0.573937,0.077388,0.199400,2.556206,0.068591,1.524589,#TechLinearMove
0.573661,0.082311,0.198540,2.552410,0.080090,1.516550,#TechLinearMove
0.573302,0.087204,0.197542,2.549450,0.094592,1.506495,#TechLinearMove
0.572991,0.092105,0.196566,2.544635,0.111260,1.494592,#TechLinearMove
0.572705,0.096998,0.195545,2.538872,0.128495,1.482008,#TechLinearMove
0.572480,0.101893,0.194525,2.533590,0.142048,1.471938,#TechLinearMove
0.572311,0.106810,0.193597,2.526642,0.158573,1.459470,#TechLinearMove
0.571931,0.111689,0.192552,2.516530,0.175273,1.445963,#TechLinearMove
0.570895,0.113667,0.191150,2.513147,0.171509,1.447570,#TechLinearMove
0.569866,0.118223,0.189193,2.515345,0.176202,1.446714,#TechLinearMove
0.568958,0.122770,0.187163,2.519025,0.177988,1.447560,#TechLinearMove
0.568358,0.127388,0.185171,2.521674,0.180332,1.447697,#TechLinearMove
0.567201,0.131622,0.182645,2.524110,0.183573,1.447210,#TechLinearMove
0.565956,0.135779,0.180034,2.525386,0.188886,1.445079,#TechLinearMove
0.564740,0.140008,0.177529,2.522607,0.199600,1.438116,#TechLinearMove
0.563861,0.144448,0.175287,2.518539,0.215125,1.428137,#TechLinearMove
0.563308,0.144703,0.176080,2.518539,0.215125,1.428137,#TechMoveTo
0.512282,0.145878,0.143027,2.539599,0.230476,1.416654,#TechMoveTo
0.512812,0.145605,0.142225,2.539599,0.230476,1.416654,#TechMoveTo
0.512812,0.145605,0.142225,2.539599,0.230476,1.416654,#TechStartPoint
0.512507,0.142528,0.142827,2.548188,0.215894,1.428005,#TechLinearMove
0.511909,0.137999,0.143732,2.554820,0.203907,1.440096,#TechLinearMove
0.511806,0.133482,0.144933,2.559305,0.197520,1.446926,#TechLinearMove
0.511510,0.128962,0.146088,2.564832,0.193211,1.452687,#TechLinearMove
0.511712,0.124535,0.147518,2.571736,0.190318,1.458893,#TechLinearMove
0.510720,0.116845,0.148764,2.580256,0.192071,1.455649,#TechLinearMove
0.510648,0.111779,0.149645,2.584348,0.186509,1.459215,#TechLinearMove
0.510424,0.106753,0.150735,2.590468,0.175436,1.466747,#TechLinearMove
0.510063,0.101735,0.151829,2.595016,0.167113,1.472328,#TechLinearMove
0.509675,0.096728,0.152969,2.598891,0.155425,1.479698,#TechLinearMove
0.509273,0.091729,0.154138,2.603280,0.141136,1.488714,#TechLinearMove
0.508868,0.086733,0.155316,2.608989,0.129206,1.496585,#TechLinearMove
0.508397,0.081717,0.156373,2.613730,0.121103,1.501923,#TechLinearMove
0.507761,0.076707,0.157370,2.618516,0.112255,1.507425,#TechLinearMove
0.507332,0.071663,0.158303,2.621874,0.103921,1.512257,#TechLinearMove
0.507421,0.061406,0.158143,2.633663,0.113747,1.508413,#TechLinearMove
0.507532,0.056551,0.157893,2.628651,0.100316,1.515176,#TechLinearMove
0.507430,0.051696,0.158119,2.624292,0.085801,1.522949,#TechLinearMove
0.507329,0.046839,0.158340,2.622311,0.077949,1.527175,#TechLinearMove
0.507349,0.041983,0.158615,2.621260,0.070943,1.530978,#TechLinearMove
0.507358,0.037135,0.158998,2.618435,0.060573,1.536438,#TechLinearMove
0.507314,0.032297,0.159501,2.617695,0.053901,1.540066,#TechLinearMove
0.507226,0.027472,0.160105,2.618934,0.049321,1.542723,#TechLinearMove
0.507104,0.022659,0.160792,2.621184,0.044855,1.545384,#TechLinearMove
0.506970,0.017849,0.161504,2.624554,0.042688,1.546791,#TechLinearMove
0.506860,0.013031,0.162157,2.628554,0.043000,1.546781,#TechLinearMove
0.506811,0.008196,0.162681,2.632612,0.043702,1.546516,#TechLinearMove
0.506825,0.003347,0.163062,2.636057,0.043768,1.546580,#TechLinearMove
0.506841,-0.001508,0.163347,2.638255,0.042195,1.547534,#TechLinearMove
0.506757,-0.006367,0.163535,2.641684,0.039377,1.549230,#TechLinearMove
0.506664,-0.011225,0.163755,2.645906,0.036753,1.550830,#TechLinearMove
0.506636,-0.016088,0.163807,2.647608,0.033989,1.552397,#TechLinearMove
0.506765,-0.023903,0.163520,2.650972,0.028794,1.555331,#TechLinearMove
0.506925,-0.028690,0.163708,2.656825,0.018730,1.560830,#TechLinearMove
0.507139,-0.033476,0.163972,2.663015,0.007942,1.566548,#TechLinearMove
0.507302,-0.038271,0.164119,2.667212,-0.001135,1.571304,#TechLinearMove
0.507466,-0.043066,0.164261,2.672673,-0.006854,1.574252,#TechLinearMove
0.507634,-0.047860,0.164404,2.676339,-0.012569,1.577169,#TechLinearMove
0.507811,-0.052655,0.164527,2.680962,-0.015444,1.578638,#TechLinearMove
0.508018,-0.057450,0.164567,2.682643,-0.020961,1.581447,#TechLinearMove
0.508113,-0.062246,0.164430,2.686760,-0.025452,1.583652,#TechLinearMove
0.508313,-0.067035,0.164191,2.691530,-0.031241,1.586363,#TechLinearMove
0.508488,-0.071826,0.163953,2.697177,-0.037085,1.589133,#TechLinearMove
0.508672,-0.076615,0.163696,2.701718,-0.044241,1.592578,#TechLinearMove
0.509438,-0.084660,0.163002,2.703968,-0.056618,1.597547,#TechLinearMove
0.509655,-0.089583,0.162670,2.711177,-0.070868,1.602870,#TechLinearMove
0.510003,-0.094498,0.162340,2.719554,-0.084605,1.607719,#TechLinearMove
0.510268,-0.099412,0.161927,2.726835,-0.095114,1.611308,#TechLinearMove
0.510495,-0.104326,0.161490,2.732736,-0.104559,1.614466,#TechLinearMove
0.510797,-0.109239,0.161086,2.737277,-0.111216,1.616582,#TechLinearMove
0.511074,-0.114157,0.160719,2.739178,-0.117363,1.618742,#TechLinearMove
0.511375,-0.119071,0.160323,2.743611,-0.122707,1.620209,#TechLinearMove
0.511692,-0.123978,0.159867,2.744889,-0.129891,1.622850,#TechLinearMove
0.511967,-0.128880,0.159329,2.745405,-0.135401,1.624928,#TechLinearMove
0.512342,-0.133781,0.158856,2.745651,-0.142460,1.627584,#TechLinearMove
0.512633,-0.138694,0.158463,2.746324,-0.154071,1.632029,#TechLinearMove
0.513304,-0.148954,0.156933,2.738670,-0.150401,1.633230,#TechLinearMove
0.513605,-0.153895,0.156276,2.736675,-0.137862,1.627402,#TechLinearMove
0.513933,-0.158830,0.155584,2.735212,-0.125278,1.621441,#TechLinearMove
0.514274,-0.163758,0.154856,2.734987,-0.117610,1.617755,#TechLinearMove
0.514615,-0.168688,0.154138,2.735124,-0.109572,1.613913,#TechLinearMove
0.514930,-0.173624,0.153450,2.734976,-0.101778,1.610229,#TechLinearMove
0.515228,-0.178567,0.152805,2.732768,-0.095728,1.607552,#TechLinearMove
0.515511,-0.183513,0.152179,2.727354,-0.088102,1.604542,#TechLinearMove
0.515799,-0.188457,0.151541,2.719949,-0.078266,1.600669,#TechLinearMove
0.516101,-0.193398,0.150882,2.710021,-0.065543,1.595516,#TechLinearMove
0.516439,-0.198336,0.150220,2.696984,-0.050053,1.589076,#TechLinearMove
0.516825,-0.203272,0.149569,2.682791,-0.033943,1.581913,#TechLinearMove
0.517208,-0.208208,0.148921,2.668010,-0.017201,1.573975,#TechLinearMove
0.517582,-0.213148,0.148296,2.653880,-0.002770,1.567192,#TechLinearMove
0.517939,-0.218093,0.147698,2.639950,0.010896,1.560637,#TechLinearMove
0.518365,-0.223025,0.147042,2.617327,0.036844,1.547164,#TechLinearMove
0.518884,-0.227941,0.146335,2.600065,0.061956,1.532812,#TechLinearMove
0.519378,-0.236016,0.145705,2.602957,0.059762,1.534517,#TechLinearMove
0.519292,-0.240789,0.146463,2.596795,0.074801,1.521909,#TechLinearMove
0.518883,-0.245472,0.147633,2.579068,0.093510,1.505496,#TechLinearMove
0.518500,-0.250180,0.148720,2.568829,0.104841,1.495414,#TechLinearMove
0.518051,-0.254846,0.149953,2.561910,0.116072,1.485660,#TechLinearMove
0.517563,-0.259483,0.151278,2.552007,0.129117,1.474421,#TechLinearMove
0.517285,-0.264132,0.152621,2.540711,0.145967,1.459805,#TechLinearMove
0.517022,-0.268798,0.153908,2.531284,0.160082,1.447387,#TechLinearMove
0.516673,-0.273503,0.155017,2.525611,0.174982,1.434934,#TechLinearMove
0.516408,-0.278220,0.156100,2.524843,0.186090,1.426116,#TechLinearMove
0.516320,-0.282981,0.156982,2.523544,0.201258,1.413563,#TechLinearMove
0.516556,-0.287771,0.157680,2.518749,0.221245,1.396333,#TechLinearMove
0.516515,-0.282331,0.156485,2.517357,0.218421,1.406805,#TechLinearMove
0.516319,-0.277251,0.155964,2.533674,0.190076,1.431971,#TechLinearMove
0.516418,-0.272234,0.154988,2.532097,0.175469,1.442352,#TechLinearMove
0.516725,-0.267266,0.153829,2.535027,0.158078,1.455681,#TechLinearMove
0.517216,-0.262377,0.152425,2.546854,0.138593,1.471784,#TechLinearMove
0.517806,-0.257562,0.150812,2.559629,0.121880,1.485760,#TechLinearMove
0.518411,-0.252772,0.149130,2.569299,0.107234,1.497373,#TechLinearMove
0.519007,-0.247961,0.147505,2.583325,0.087646,1.512589,#TechLinearMove
0.519325,-0.243149,0.145837,2.615365,0.059228,1.535725,#TechLinearMove
0.519254,-0.233023,0.145893,2.614232,0.045099,1.544053,#TechLinearMove
0.518717,-0.227957,0.146519,2.626576,0.025448,1.554639,#TechLinearMove
0.518257,-0.222890,0.147201,2.638152,0.004628,1.565412,#TechLinearMove
0.517914,-0.217797,0.147741,2.648486,-0.009714,1.572509,#TechLinearMove
0.517543,-0.212714,0.148348,2.658135,-0.021923,1.578213,#TechLinearMove
0.517155,-0.207636,0.148996,2.672408,-0.037602,1.585401,#TechLinearMove
0.516753,-0.202562,0.149659,2.683707,-0.051021,1.591136,#TechLinearMove
0.516350,-0.197487,0.150316,2.696934,-0.066427,1.597657,#TechLinearMove
0.516024,-0.192410,0.150995,2.706539,-0.077084,1.601814,#TechLinearMove
0.515709,-0.187331,0.151669,2.716985,-0.088974,1.606332,#TechLinearMove
0.515414,-0.182248,0.152318,2.728077,-0.098098,1.609327,#TechLinearMove
0.515126,-0.177163,0.152961,2.736218,-0.105361,1.611620,#TechLinearMove
0.514804,-0.172086,0.153645,2.740828,-0.112566,1.614279,#TechLinearMove
0.514475,-0.167016,0.154372,2.743621,-0.120823,1.617605,#TechLinearMove
0.514130,-0.161947,0.155106,2.747793,-0.132856,1.622504,#TechLinearMove
0.513820,-0.156871,0.155799,2.751837,-0.146331,1.627958,#TechLinearMove
0.513305,-0.148940,0.156905,2.737130,-0.151910,1.634170,#TechLinearMove
0.512973,-0.143844,0.157661,2.735309,-0.139572,1.629455,#TechLinearMove
0.512716,-0.138720,0.158234,2.734150,-0.133594,1.627240,#TechLinearMove
0.512389,-0.133601,0.158830,2.734112,-0.131104,1.626286,#TechLinearMove
0.512004,-0.128483,0.159389,2.731482,-0.125971,1.624627,#TechLinearMove
0.511636,-0.123359,0.159903,2.730833,-0.118291,1.621568,#TechLinearMove
0.511299,-0.118226,0.160358,2.732292,-0.112314,1.618923,#TechLinearMove
0.510985,-0.113089,0.160768,2.731335,-0.108082,1.617370,#TechLinearMove
0.510679,-0.107951,0.161173,2.729179,-0.102865,1.615546,#TechLinearMove
0.510359,-0.102815,0.161596,2.727038,-0.095261,1.612691,#TechLinearMove
0.510095,-0.097677,0.162036,2.723999,-0.084542,1.608658,#TechLinearMove
0.509953,-0.092528,0.162380,2.720039,-0.074675,1.605080,#TechLinearMove
0.509438,-0.084660,0.163002,2.720309,-0.079426,1.606535,#TechLinearMove
0.509027,-0.079657,0.163417,2.710078,-0.058922,1.597666,#TechLinearMove
0.508745,-0.074638,0.163752,2.702732,-0.048432,1.593193,#TechLinearMove
0.508367,-0.069623,0.164038,2.696504,-0.038535,1.588882,#TechLinearMove
0.507902,-0.064610,0.164227,2.690878,-0.029437,1.584711,#TechLinearMove
0.507535,-0.059588,0.164331,2.685716,-0.023142,1.581790,#TechLinearMove
0.507283,-0.054556,0.164327,2.681678,-0.019689,1.580187,#TechLinearMove
0.507076,-0.049524,0.164222,2.676917,-0.017372,1.579140,#TechLinearMove
0.506892,-0.044491,0.164071,2.671626,-0.012249,1.576653,#TechLinearMove
0.506601,-0.039467,0.163881,2.664608,-0.002651,1.571903,#TechLinearMove
0.506706,-0.034436,0.163647,2.657936,0.004293,1.568423,#TechLinearMove
0.506749,-0.024130,0.163554,2.649420,0.015498,1.562286,#TechLinearMove
0.506670,-0.019284,0.163714,2.647992,0.022485,1.558525,#TechLinearMove
0.506582,-0.014439,0.163608,2.647703,0.030490,1.554248,#TechLinearMove
0.506447,-0.009595,0.163427,2.645319,0.034741,1.551881,#TechLinearMove
0.506354,-0.004750,0.163225,2.642056,0.038942,1.549493,#TechLinearMove
0.506282,0.000092,0.162973,2.638693,0.042674,1.547327,#TechLinearMove
0.506245,0.004931,0.162646,2.636051,0.044227,1.546399,#TechLinearMove
0.506257,0.009762,0.162220,2.633323,0.044237,1.546348,#TechLinearMove
0.506333,0.014576,0.161651,2.630156,0.045631,1.545472,#TechLinearMove
0.506462,0.019376,0.160965,2.626816,0.048189,1.543911,#TechLinearMove
0.506604,0.024170,0.160252,2.623215,0.050467,1.542485,#TechLinearMove
0.506770,0.028971,0.159590,2.620178,0.054141,1.540255,#TechLinearMove
0.506998,0.033788,0.159078,2.619875,0.059891,1.537055,#TechLinearMove
0.507184,0.038617,0.158674,2.620336,0.069959,1.531500,#TechLinearMove
0.507321,0.043455,0.158369,2.620522,0.078508,1.526684,#TechLinearMove
0.507570,0.048266,0.157816,2.620003,0.090474,1.519953,#TechLinearMove
0.507681,0.053105,0.157567,2.622317,0.105813,1.511557,#TechLinearMove
0.507404,0.061038,0.158181,2.627087,0.106410,1.511413,#TechLinearMove
0.507440,0.065933,0.158074,2.621880,0.111310,1.508815,#TechLinearMove
0.507636,0.070809,0.157644,2.618423,0.117091,1.505801,#TechLinearMove
0.507779,0.075680,0.157173,2.615879,0.123362,1.502328,#TechLinearMove
0.507911,0.080509,0.156363,2.612874,0.131719,1.497536,#TechLinearMove
0.508156,0.085291,0.155323,2.608869,0.139994,1.492506,#TechLinearMove
0.508541,0.090045,0.154204,2.602177,0.149484,1.486163,#TechLinearMove
0.508926,0.094803,0.153099,2.599028,0.159179,1.480356,#TechLinearMove
0.509298,0.099567,0.152015,2.593847,0.170569,1.473120,#TechLinearMove
0.509653,0.104338,0.150957,2.588591,0.179938,1.466978,#TechLinearMove
0.509947,0.109098,0.149844,2.581492,0.192809,1.458561,#TechLinearMove
0.510510,0.113921,0.149201,2.574233,0.204131,1.451090,#TechLinearMove
0.510632,0.115925,0.148965,2.579286,0.204222,1.448053,#TechLinearMove
0.511205,0.121296,0.148002,2.572999,0.198945,1.448598,#TechLinearMove
0.511598,0.126622,0.146802,2.567120,0.193862,1.449517,#TechLinearMove
0.511778,0.131915,0.145370,2.559311,0.195543,1.445690,#TechLinearMove
0.511977,0.137215,0.143964,2.552877,0.204403,1.437644,#TechLinearMove
0.512507,0.142528,0.142827,2.547227,0.217036,1.426984,#TechLinearMove
0.511978,0.142785,0.143636,2.547227,0.217036,1.426984,#TechMoveTo
0.562201,0.147655,0.174562,2.515636,0.231806,1.425632,#TechMoveTo
0.562753,0.147386,0.173773,2.515636,0.231806,1.425632,#TechMoveTo
0.563173,0.144436,0.174830,2.511771,0.219686,1.423029,#TechLinearMove
0.562424,0.139239,0.176152,2.520413,0.195617,1.438936,#TechLinearMove
0.561700,0.134041,0.177477,2.526200,0.178371,1.450286,#TechLinearMove
0.561025,0.128819,0.178734,2.530377,0.167820,1.456470,#TechLinearMove
0.560424,0.123571,0.179921,2.534715,0.160894,1.459131,#TechLinearMove
0.559931,0.118333,0.180718,2.531169,0.165714,1.455501,#TechLinearMove
0.559443,0.113529,0.181608,2.532613,0.159093,1.460357,#TechLinearMove
0.559021,0.108684,0.182295,2.533389,0.153979,1.464035,#TechLinearMove
0.558560,0.103832,0.182907,2.535498,0.147164,1.469159,#TechLinearMove
0.558043,0.098988,0.183528,2.537365,0.135541,1.477451,#TechLinearMove
0.557523,0.094144,0.184153,2.539730,0.121017,1.487780,#TechLinearMove
0.556969,0.089313,0.184842,2.543114,0.104598,1.499472,#TechLinearMove
0.556362,0.084508,0.185654,2.547323,0.089105,1.510529,#TechLinearMove
0.555751,0.079723,0.186580,2.552259,0.077820,1.518764,#TechLinearMove
0.555204,0.074942,0.187560,2.557761,0.069584,1.524995,#TechLinearMove
0.554640,0.070171,0.188581,2.564860,0.059451,1.532535,#TechLinearMove
0.554923,0.060068,0.188383,2.561802,0.055745,1.534610,#TechLinearMove
0.555464,0.055102,0.188027,2.573669,0.043535,1.542273,#TechLinearMove
0.555819,0.050102,0.188268,2.588463,0.025173,1.553383,#TechLinearMove
0.556049,0.045088,0.188408,2.598296,0.012220,1.561011,#TechLinearMove
0.556300,0.040074,0.188503,2.607902,0.001297,1.567185,#TechLinearMove
0.556535,0.035059,0.188618,2.618086,-0.006967,1.571816,#TechLinearMove
0.556647,0.030042,0.188788,2.626238,-0.016097,1.576915,#TechLinearMove
0.556832,0.025030,0.189025,2.636579,-0.020893,1.579294,#TechLinearMove
0.557026,0.020016,0.189216,2.646694,-0.025708,1.581689,#TechLinearMove
0.557055,0.014996,0.189177,2.654667,-0.028486,1.582920,#TechLinearMove
0.557164,0.009979,0.188986,2.661419,-0.029032,1.582854,#TechLinearMove
0.557362,0.004975,0.188630,2.668049,-0.030337,1.583229,#TechLinearMove
0.557593,-0.000025,0.188230,2.675362,-0.032746,1.584046,#TechLinearMove
0.557979,-0.005021,0.187905,2.681657,-0.034133,1.584443,#TechLinearMove
0.558341,-0.010001,0.187372,2.692200,-0.041288,1.587517,#TechLinearMove
0.558705,-0.014986,0.186901,2.702323,-0.051366,1.591900,#TechLinearMove
0.558929,-0.022624,0.186670,2.701950,-0.044635,1.590257,#TechLinearMove
0.559198,-0.027520,0.186958,2.706025,-0.051670,1.593727,#TechLinearMove
0.559334,-0.032425,0.187175,2.709504,-0.053347,1.594700,#TechLinearMove
0.559512,-0.037333,0.187299,2.711885,-0.055897,1.595965,#TechLinearMove
0.559705,-0.042241,0.187398,2.714521,-0.057244,1.596653,#TechLinearMove
0.559884,-0.047150,0.187460,2.715939,-0.059322,1.597725,#TechLinearMove
0.559917,-0.052062,0.187398,2.719986,-0.065759,1.600550,#TechLinearMove
0.559990,-0.056972,0.187265,2.722748,-0.070084,1.602466,#TechLinearMove
0.560098,-0.061880,0.187075,2.725219,-0.076309,1.605258,#TechLinearMove
0.560388,-0.066780,0.186896,2.726221,-0.083261,1.608483,#TechLinearMove
0.560622,-0.071683,0.186705,2.729521,-0.092386,1.612617,#TechLinearMove
0.560852,-0.076588,0.186536,2.734230,-0.104223,1.617776,#TechLinearMove
0.561261,-0.084522,0.185859,2.732985,-0.107065,1.618071,#TechLinearMove
0.562027,-0.089213,0.185237,2.726850,-0.107955,1.619403,#TechLinearMove
0.562663,-0.093914,0.184551,2.722572,-0.113082,1.622346,#TechLinearMove
0.563252,-0.098630,0.183927,2.720177,-0.118677,1.625207,#TechLinearMove
0.563878,-0.103333,0.183243,2.715394,-0.123160,1.627978,#TechLinearMove
0.564517,-0.108030,0.182529,2.711656,-0.126843,1.630248,#TechLinearMove
0.564938,-0.112746,0.181780,2.707772,-0.132008,1.633231,#TechLinearMove
0.565324,-0.117475,0.181102,2.703488,-0.137703,1.636587,#TechLinearMove
0.565917,-0.122204,0.180600,2.697393,-0.144859,1.640983,#TechLinearMove
0.566550,-0.126933,0.180138,2.692386,-0.150669,1.644610,#TechLinearMove
0.567132,-0.131665,0.179640,2.684494,-0.154382,1.647859,#TechLinearMove
0.567768,-0.136403,0.179286,2.676945,-0.159981,1.651990,#TechLinearMove
0.569316,-0.146043,0.178063,2.675078,-0.151831,1.647596,#TechLinearMove
0.569945,-0.150911,0.177243,2.680019,-0.134459,1.638868,#TechLinearMove
0.570511,-0.155783,0.176396,2.681519,-0.112820,1.628620,#TechLinearMove
0.571152,-0.160670,0.175715,2.682609,-0.094919,1.619947,#TechLinearMove
0.571547,-0.165561,0.174903,2.683913,-0.080014,1.612773,#TechLinearMove
0.571906,-0.170463,0.174132,2.685109,-0.066573,1.606370,#TechLinearMove
0.572250,-0.175391,0.173534,2.687638,-0.053161,1.599921,#TechLinearMove
0.572498,-0.180343,0.173113,2.690496,-0.039570,1.593446,#TechLinearMove
0.572616,-0.185312,0.172900,2.693812,-0.026616,1.587354,#TechLinearMove
0.572489,-0.190277,0.173033,2.699294,-0.014632,1.581693,#TechLinearMove
0.572139,-0.195211,0.173556,2.706762,-0.003987,1.576664,#TechLinearMove
0.571710,-0.200112,0.174311,2.713919,0.006639,1.571757,#TechLinearMove
0.571236,-0.204998,0.175131,2.719107,0.018949,1.566338,#TechLinearMove
0.570800,-0.209878,0.176000,2.724884,0.031905,1.560777,#TechLinearMove
0.570418,-0.214744,0.176960,2.728865,0.048958,1.553329,#TechLinearMove
0.569662,-0.219496,0.178222,2.736465,0.067568,1.545494,#TechLinearMove
0.568807,-0.224186,0.179651,2.739353,0.090698,1.535730,#TechLinearMove
0.568966,-0.231695,0.179653,2.729752,0.109202,1.525135,#TechLinearMove
0.569612,-0.236334,0.178451,2.733984,0.125232,1.507360,#TechLinearMove
0.570199,-0.241039,0.177515,2.737664,0.138081,1.492528,#TechLinearMove
0.570742,-0.245785,0.176766,2.743929,0.146632,1.483955,#TechLinearMove
0.571176,-0.250555,0.176124,2.752781,0.150546,1.477950,#TechLinearMove
0.571725,-0.255346,0.175807,2.765163,0.148637,1.474617,#TechLinearMove
0.571898,-0.260175,0.175786,2.777796,0.140799,1.473753,#TechLinearMove
0.571939,-0.264974,0.176364,2.792005,0.137145,1.471838,#TechLinearMove
0.571735,-0.269676,0.177479,2.799408,0.143430,1.464884,#TechLinearMove
0.571160,-0.274192,0.179108,2.815930,0.145315,1.462335,#TechLinearMove
0.570301,-0.278556,0.180999,2.823776,0.152274,1.455906,#TechLinearMove
0.569595,-0.282933,0.182899,2.831709,0.162218,1.444271,#TechLinearMove
0.568622,-0.287091,0.185143,2.830916,0.187003,1.425997,#TechLinearMove
0.570599,-0.281883,0.181791,2.827795,0.199914,1.463484,#TechLinearMove
0.571270,-0.277424,0.179943,2.813204,0.187069,1.472647,#TechLinearMove
0.571840,-0.272876,0.178231,2.798401,0.178802,1.477314,#TechLinearMove
0.572222,-0.268203,0.176848,2.781364,0.178908,1.477347,#TechLinearMove
0.572251,-0.263416,0.175860,2.759941,0.182650,1.475189,#TechLinearMove
0.571985,-0.258562,0.175339,2.739920,0.185702,1.473956,#TechLinearMove
0.571610,-0.253687,0.175360,2.728973,0.187427,1.475349,#TechLinearMove
0.571247,-0.248837,0.175899,2.728012,0.183823,1.481011,#TechLinearMove
0.570535,-0.244071,0.176778,2.725316,0.176334,1.488801,#TechLinearMove
0.569935,-0.239359,0.177963,2.727980,0.157792,1.506459,#TechLinearMove
0.568932,-0.229114,0.179710,2.733001,0.118589,1.520904,#TechLinearMove
0.569464,-0.224213,0.178790,2.731544,0.085222,1.535690,#TechLinearMove
0.570168,-0.219396,0.177559,2.727980,0.058811,1.547347,#TechLinearMove
0.570605,-0.214457,0.176793,2.723032,0.038334,1.556416,#TechLinearMove
0.571023,-0.209508,0.176054,2.719171,0.022357,1.563680,#TechLinearMove
0.571476,-0.204570,0.175255,2.712771,0.011885,1.568373,#TechLinearMove
0.571926,-0.199633,0.174457,2.706990,-0.000066,1.573848,#TechLinearMove
0.572335,-0.194682,0.173724,2.702036,-0.012477,1.579690,#TechLinearMove
0.572612,-0.189697,0.173220,2.697120,-0.023801,1.585129,#TechLinearMove
0.572682,-0.184682,0.173095,2.692480,-0.035215,1.590714,#TechLinearMove
0.572571,-0.179668,0.173298,2.687248,-0.046329,1.596318,#TechLinearMove
0.572321,-0.174673,0.173735,2.683056,-0.058309,1.602309,#TechLinearMove
0.571967,-0.169704,0.174368,2.682662,-0.073095,1.609362,#TechLinearMove
0.571566,-0.164748,0.175079,2.682634,-0.092558,1.618758,#TechLinearMove
0.571161,-0.159795,0.175796,2.681924,-0.123074,1.633589,#TechLinearMove
0.570660,-0.154884,0.176718,2.676535,-0.144155,1.644298,#TechLinearMove
0.569919,-0.147701,0.178002,2.685583,-0.152706,1.645931,#TechLinearMove
0.569455,-0.142677,0.178822,2.687709,-0.152010,1.645462,#TechLinearMove
0.568604,-0.137659,0.179272,2.691900,-0.152715,1.645191,#TechLinearMove
0.567882,-0.132632,0.179853,2.694936,-0.152274,1.644551,#TechLinearMove
0.567177,-0.127598,0.180393,2.697118,-0.148607,1.642583,#TechLinearMove
0.566492,-0.122556,0.180884,2.700326,-0.143591,1.639812,#TechLinearMove
0.565801,-0.117516,0.181388,2.704668,-0.137273,1.636206,#TechLinearMove
0.565082,-0.112484,0.181931,2.708713,-0.131275,1.632852,#TechLinearMove
0.564468,-0.107461,0.182633,2.712117,-0.126611,1.630283,#TechLinearMove
0.563989,-0.102444,0.183485,2.715318,-0.120355,1.627050,#TechLinearMove
0.563509,-0.097424,0.184326,2.719110,-0.114130,1.623812,#TechLinearMove
0.562985,-0.092422,0.185242,2.722400,-0.109132,1.621257,#TechLinearMove
0.562348,-0.084516,0.186414,2.724124,-0.103810,1.617689,#TechLinearMove
0.561883,-0.079371,0.186674,2.726286,-0.097653,1.614170,#TechLinearMove
0.561427,-0.074216,0.186858,2.727989,-0.091258,1.610813,#TechLinearMove
0.561027,-0.069056,0.187085,2.728879,-0.084056,1.607308,#TechLinearMove
0.560656,-0.063893,0.187260,2.728130,-0.075549,1.603339,#TechLinearMove
0.560310,-0.058726,0.187386,2.727089,-0.067887,1.599764,#TechLinearMove
0.560017,-0.053555,0.187429,2.725166,-0.063095,1.597528,#TechLinearMove
0.559878,-0.048379,0.187453,2.722369,-0.059567,1.595904,#TechLinearMove
0.559859,-0.043199,0.187489,2.719330,-0.056522,1.594495,#TechLinearMove
0.559820,-0.038020,0.187557,2.714479,-0.054335,1.593375,#TechLinearMove
0.559898,-0.032844,0.187428,2.712441,-0.058552,1.594877,#TechLinearMove
0.559964,-0.022439,0.187307,2.709575,-0.051262,1.593045,#TechLinearMove
0.559600,-0.017295,0.187465,2.696900,-0.036364,1.586233,#TechLinearMove
0.559060,-0.012170,0.187824,2.686961,-0.026027,1.581410,#TechLinearMove
0.558691,-0.007025,0.188109,2.679858,-0.023311,1.580215,#TechLinearMove
0.558323,-0.001881,0.188407,2.673065,-0.021730,1.579595,#TechLinearMove
0.557928,0.003260,0.188737,2.667011,-0.020061,1.578887,#TechLinearMove
0.557569,0.008406,0.189013,2.658207,-0.017444,1.577829,#TechLinearMove
0.557292,0.013563,0.189140,2.652027,-0.014345,1.576353,#TechLinearMove
0.557086,0.018725,0.189137,2.646089,-0.010768,1.574550,#TechLinearMove
0.557072,0.023890,0.189136,2.638738,-0.010049,1.574262,#TechLinearMove
0.557106,0.029056,0.189079,2.629944,-0.006630,1.572419,#TechLinearMove
0.557007,0.034218,0.188915,2.619457,-0.001079,1.569253,#TechLinearMove
0.556997,0.039384,0.188910,2.610876,0.008901,1.563439,#TechLinearMove
0.556754,0.044543,0.188820,2.601961,0.021053,1.556368,#TechLinearMove
0.556773,0.049700,0.188519,2.588116,0.037864,1.546420,#TechLinearMove
0.556450,0.054849,0.188641,2.568464,0.054855,1.535626,#TechLinearMove
0.556167,0.062259,0.189569,2.561112,0.051267,1.537384,#TechLinearMove
0.555961,0.067348,0.188747,2.557969,0.059466,1.531511,#TechLinearMove
0.556042,0.072437,0.187894,2.555283,0.071025,1.523404,#TechLinearMove
0.556129,0.077542,0.187132,2.553616,0.082822,1.515254,#TechLinearMove
0.556373,0.082612,0.186188,2.552304,0.094503,1.507274,#TechLinearMove
0.556778,0.087669,0.185241,2.549935,0.107596,1.498175,#TechLinearMove
0.557347,0.092738,0.184434,2.546824,0.121497,1.488364,#TechLinearMove
0.557906,0.097812,0.183658,2.544031,0.134710,1.478927,#TechLinearMove
0.558446,0.102895,0.182925,2.540986,0.146521,1.470300,#TechLinearMove
0.558968,0.107996,0.182319,2.538802,0.160120,1.460632,#TechLinearMove
0.559340,0.113106,0.181679,2.532949,0.168456,1.453568,#TechLinearMove
0.559752,0.116309,0.181033,2.531689,0.171530,1.451624,#TechLinearMove
0.560188,0.121063,0.180253,2.525493,0.174367,1.450524,#TechLinearMove
0.560658,0.125793,0.179355,2.524602,0.176997,1.449945,#TechLinearMove
0.561216,0.130492,0.178347,2.525737,0.180165,1.449483,#TechLinearMove
0.561836,0.135150,0.177196,2.528638,0.190230,1.444672,#TechLinearMove
0.562494,0.139794,0.176011,2.524389,0.202314,1.436494,#TechLinearMove
0.563173,0.144436,0.174830,2.517207,0.220870,1.423850,#TechLinearMove
0.562620,0.144697,0.175621,2.517207,0.220870,1.423850,#TechMoveTo
0.512282,0.145878,0.143027,2.539599,0.230476,1.416654,#TechMoveTo
0.512812,0.145605,0.142225,2.539599,0.230476,1.416654,#TechMoveTo
0.510533,0.143556,0.141146,2.545466,0.219582,1.424799,#TechLinearMove
0.507338,0.140017,0.140031,2.553773,0.208008,1.435407,#TechLinearMove
0.503981,0.136648,0.138851,2.555416,0.201593,1.440532,#TechLinearMove
0.500663,0.133153,0.137958,2.561066,0.199434,1.444090,#TechLinearMove
0.497104,0.129913,0.137023,2.560050,0.205081,1.440883,#TechLinearMove
0.493779,0.126363,0.136457,2.560554,0.212966,1.436568,#TechLinearMove
0.490426,0.122831,0.135903,2.560583,0.217415,1.434597,#TechLinearMove
0.489678,0.117730,0.137607,2.568249,0.215323,1.435944,#TechLinearMove
0.489021,0.112925,0.138793,2.571211,0.205855,1.442170,#TechLinearMove
0.488587,0.108116,0.140078,2.569746,0.197439,1.446733,#TechLinearMove
0.488196,0.103312,0.141393,2.571230,0.186075,1.453840,#TechLinearMove
0.487768,0.098486,0.142613,2.574086,0.173919,1.461789,#TechLinearMove
0.487383,0.093631,0.143722,2.576591,0.161247,1.469949,#TechLinearMove
0.487048,0.088753,0.144752,2.578166,0.147965,1.478224,#TechLinearMove
0.486651,0.083858,0.145667,2.580245,0.135848,1.485858,#TechLinearMove
0.486248,0.078931,0.146378,2.584545,0.126263,1.492427,#TechLinearMove
0.485917,0.073968,0.146848,2.581223,0.117802,1.496884,#TechLinearMove
0.485727,0.069004,0.147386,2.580514,0.107027,1.503039,#TechLinearMove
0.485862,0.058978,0.147078,2.579860,0.092782,1.512267,#TechLinearMove
0.485795,0.053964,0.147209,2.580339,0.083855,1.518230,#TechLinearMove
0.485688,0.048956,0.147486,2.581549,0.079343,1.521512,#TechLinearMove
0.485644,0.043941,0.147596,2.579823,0.074695,1.524402,#TechLinearMove
0.485724,0.038929,0.147803,2.580630,0.070318,1.527417,#TechLinearMove
0.485797,0.033920,0.148083,2.580108,0.066072,1.530225,#TechLinearMove
0.485839,0.028915,0.148436,2.581218,0.063879,1.531883,#TechLinearMove
0.485866,0.023914,0.148829,2.580419,0.062105,1.533121,#TechLinearMove
0.485902,0.018914,0.149245,2.579961,0.060592,1.534220,#TechLinearMove
0.485949,0.013911,0.149622,2.578050,0.059914,1.534700,#TechLinearMove
0.486022,0.008905,0.149937,2.575716,0.058590,1.535562,#TechLinearMove
0.486099,0.003895,0.150193,2.574281,0.055840,1.537369,#TechLinearMove
0.486185,-0.001114,0.150473,2.572382,0.051678,1.540083,#TechLinearMove
0.486097,-0.006125,0.150701,2.570973,0.050862,1.540695,#TechLinearMove
0.486003,-0.011134,0.150978,2.567799,0.046647,1.543525,#TechLinearMove
0.485930,-0.016148,0.151122,2.565013,0.044639,1.545014,#TechLinearMove
0.485871,-0.023701,0.151279,2.561205,0.042855,1.544322,#TechLinearMove
0.485642,-0.028645,0.151860,2.563774,0.028810,1.552504,#TechLinearMove
0.485480,-0.033608,0.152294,2.563412,0.019813,1.557519,#TechLinearMove
0.485332,-0.038577,0.152646,2.562030,0.012040,1.562026,#TechLinearMove
0.485210,-0.043550,0.152953,2.562200,0.004500,1.566435,#TechLinearMove
0.485194,-0.048524,0.153263,2.561559,-0.002753,1.570653,#TechLinearMove
0.485317,-0.053498,0.153546,2.558134,-0.010216,1.574994,#TechLinearMove
0.485499,-0.058476,0.153698,2.555773,-0.017853,1.579484,#TechLinearMove
0.485719,-0.063455,0.153734,2.554177,-0.026373,1.584643,#TechLinearMove
0.485979,-0.068432,0.153701,2.552166,-0.035389,1.590181,#TechLinearMove
0.486296,-0.073405,0.153722,2.551474,-0.044408,1.595439,#TechLinearMove
0.486640,-0.078369,0.153634,2.549310,-0.060657,1.605247,#TechLinearMove
0.487209,-0.086410,0.153233,2.551821,-0.063980,1.610406,#TechLinearMove
0.487295,-0.091175,0.153026,2.547682,-0.073884,1.617528,#TechLinearMove
0.487526,-0.095929,0.152670,2.544420,-0.079402,1.621627,#TechLinearMove
0.487787,-0.100681,0.152304,2.541176,-0.083452,1.624739,#TechLinearMove
0.488074,-0.105429,0.151899,2.539216,-0.089454,1.629010,#TechLinearMove
0.488363,-0.110174,0.151464,2.542412,-0.094239,1.631866,#TechLinearMove
0.488687,-0.114910,0.150968,2.545666,-0.099622,1.635046,#TechLinearMove
0.489021,-0.119644,0.150452,2.549175,-0.104547,1.637772,#TechLinearMove
0.489427,-0.124375,0.149972,2.552777,-0.110539,1.641168,#TechLinearMove
0.489761,-0.129117,0.149533,2.555465,-0.116457,1.644663,#TechLinearMove
0.490119,-0.133854,0.149071,2.557737,-0.124313,1.649475,#TechLinearMove
0.490398,-0.138604,0.148712,2.560030,-0.135259,1.656205,#TechLinearMove
0.490811,-0.149296,0.147767,2.567617,-0.125354,1.649946,#TechLinearMove
0.491148,-0.154205,0.146963,2.558818,-0.118068,1.645397,#TechLinearMove
0.491466,-0.159121,0.146199,2.551687,-0.114189,1.642680,#TechLinearMove
0.491719,-0.164063,0.145591,2.545841,-0.112024,1.641544,#TechLinearMove
0.491984,-0.169003,0.144967,2.537101,-0.108813,1.640286,#TechLinearMove
0.492261,-0.173936,0.144301,2.529700,-0.106465,1.639301,#TechLinearMove
0.492630,-0.178865,0.143648,2.522892,-0.104516,1.638438,#TechLinearMove
0.493019,-0.183791,0.142979,2.516087,-0.102948,1.637793,#TechLinearMove
0.493453,-0.188711,0.142303,2.510313,-0.099852,1.635899,#TechLinearMove
0.493930,-0.193629,0.141634,2.504181,-0.096121,1.633590,#TechLinearMove
0.494415,-0.198540,0.140929,2.498108,-0.091562,1.630681,#TechLinearMove
0.494915,-0.203439,0.140145,2.491825,-0.084733,1.626080,#TechLinearMove
0.495453,-0.208320,0.139282,2.485338,-0.075159,1.619333,#TechLinearMove
0.496018,-0.213185,0.138352,2.480395,-0.063443,1.610542,#TechLinearMove
0.496618,-0.218042,0.137397,2.472043,-0.051874,1.601755,#TechLinearMove
0.497267,-0.222872,0.136350,2.463257,-0.038186,1.591039,#TechLinearMove
0.497816,-0.227713,0.135293,2.452898,-0.023335,1.579252,#TechLinearMove
0.498116,-0.235574,0.133420,2.444325,0.003399,1.562159,#TechLinearMove
0.497974,-0.240691,0.132670,2.440080,0.016089,1.555834,#TechLinearMove
0.497393,-0.245824,0.132337,2.438124,0.029015,1.548104,#TechLinearMove
0.496649,-0.250940,0.132296,2.436433,0.038758,1.542001,#TechLinearMove
0.495670,-0.256008,0.132637,2.436725,0.052374,1.532946,#TechLinearMove
0.494562,-0.260993,0.133445,2.438587,0.067457,1.522922,#TechLinearMove
0.493378,-0.265916,0.134518,2.437433,0.084231,1.510825,#TechLinearMove
0.492192,-0.270844,0.135567,2.427735,0.105133,1.493458,#TechLinearMove
0.491164,-0.275826,0.136511,2.413421,0.127260,1.473764,#TechLinearMove
0.490296,-0.280875,0.137238,2.396066,0.146966,1.455020,#TechLinearMove
0.489479,-0.285932,0.137968,2.376215,0.171917,1.431807,#TechLinearMove
0.489017,-0.291062,0.138161,2.342039,0.192101,1.408238,#TechLinearMove
0.489343,-0.285693,0.138918,2.350814,0.217053,1.372259,#TechLinearMove
0.490352,-0.280894,0.138394,2.381788,0.183319,1.408630,#TechLinearMove
0.491207,-0.276082,0.137700,2.400856,0.153189,1.438391,#TechLinearMove
0.492465,-0.271418,0.136708,2.413663,0.127416,1.461985,#TechLinearMove
0.493892,-0.266872,0.135417,2.424384,0.095789,1.489323,#TechLinearMove
0.495200,-0.262288,0.134140,2.427945,0.068132,1.511621,#TechLinearMove
0.496304,-0.257584,0.133129,2.424546,0.051979,1.522992,#TechLinearMove
0.497260,-0.252787,0.132494,2.420636,0.042255,1.529216,#TechLinearMove
0.498053,-0.247918,0.132305,2.417656,0.029545,1.538020,#TechLinearMove
0.498465,-0.243011,0.132396,2.412310,0.023230,1.540036,#TechLinearMove
0.498228,-0.232929,0.134250,2.428690,0.015096,1.551969,#TechLinearMove
0.497819,-0.228220,0.135312,2.447301,-0.005358,1.568211,#TechLinearMove
0.497261,-0.223515,0.136316,2.463027,-0.023402,1.581831,#TechLinearMove
0.496690,-0.218798,0.137256,2.472870,-0.038773,1.593540,#TechLinearMove
0.496119,-0.214078,0.138185,2.483003,-0.053031,1.604008,#TechLinearMove
0.495548,-0.209357,0.139107,2.490416,-0.067200,1.614335,#TechLinearMove
0.494996,-0.204626,0.139986,2.495533,-0.078681,1.622618,#TechLinearMove
0.494488,-0.199875,0.140783,2.500600,-0.087253,1.628542,#TechLinearMove
0.494007,-0.195106,0.141479,2.505327,-0.094169,1.633200,#TechLinearMove
0.493531,-0.190328,0.142118,2.509445,-0.099271,1.636577,#TechLinearMove
0.493102,-0.185547,0.142766,2.513656,-0.103641,1.639404,#TechLinearMove
0.492722,-0.180760,0.143402,2.516971,-0.106854,1.641557,#TechLinearMove
0.492368,-0.175970,0.144025,2.519829,-0.109016,1.643022,#TechLinearMove
0.492098,-0.171178,0.144684,2.525325,-0.112108,1.644670,#TechLinearMove
0.491835,-0.166382,0.145307,2.530582,-0.114372,1.645818,#TechLinearMove
0.491580,-0.161583,0.145917,2.541684,-0.118799,1.647735,#TechLinearMove
0.491240,-0.156826,0.146764,2.549300,-0.126071,1.652175,#TechLinearMove
0.490753,-0.149387,0.147903,2.554297,-0.118169,1.647694,#TechLinearMove
0.490622,-0.144377,0.148244,2.553529,-0.116449,1.646005,#TechLinearMove
0.490380,-0.139377,0.148653,2.556086,-0.111502,1.641890,#TechLinearMove
0.490072,-0.134382,0.149087,2.552732,-0.108949,1.640369,#TechLinearMove
0.489764,-0.129387,0.149517,2.550801,-0.104943,1.637680,#TechLinearMove
0.489446,-0.124397,0.149990,2.550747,-0.100756,1.634571,#TechLinearMove
0.489097,-0.119415,0.150527,2.549597,-0.096810,1.631786,#TechLinearMove
0.488726,-0.114437,0.151094,2.548981,-0.092865,1.628928,#TechLinearMove
0.488381,-0.109454,0.151619,2.549021,-0.089423,1.626293,#TechLinearMove
0.488069,-0.104461,0.152068,2.548991,-0.085808,1.623527,#TechLinearMove
0.487791,-0.099465,0.152513,2.550527,-0.081142,1.619710,#TechLinearMove
0.487570,-0.094461,0.152884,2.554182,-0.074347,1.614035,#TechLinearMove
0.487209,-0.086410,0.153233,2.564384,-0.075826,1.616960,#TechLinearMove
0.486948,-0.081208,0.153518,2.567170,-0.060778,1.607885,#TechLinearMove
0.486678,-0.076002,0.153665,2.564872,-0.045756,1.598977,#TechLinearMove
0.486288,-0.070801,0.153713,2.563068,-0.035330,1.592775,#TechLinearMove
0.485966,-0.065595,0.153760,2.562364,-0.025463,1.586873,#TechLinearMove
0.485728,-0.060385,0.153775,2.561856,-0.015761,1.581044,#TechLinearMove
0.485527,-0.055174,0.153665,2.560970,-0.004863,1.574510,#TechLinearMove
0.485382,-0.049966,0.153413,2.560380,0.004345,1.569036,#TechLinearMove
0.485283,-0.044764,0.153047,2.560653,0.012071,1.564469,#TechLinearMove
0.485278,-0.039558,0.152764,2.563865,0.022436,1.558413,#TechLinearMove
0.485411,-0.034357,0.152418,2.565689,0.035904,1.550618,#TechLinearMove
0.485839,-0.024133,0.151399,2.564281,0.037794,1.547775,#TechLinearMove
0.485865,-0.019271,0.151340,2.566744,0.042350,1.544779,#TechLinearMove
0.485947,-0.014414,0.151136,2.568462,0.045016,1.542949,#TechLinearMove
0.486052,-0.009560,0.150871,2.570105,0.047492,1.541336,#TechLinearMove
0.486140,-0.004705,0.150627,2.571250,0.049045,1.540308,#TechLinearMove
0.486119,0.000149,0.150358,2.573253,0.051671,1.538670,#TechLinearMove
0.486053,0.005004,0.150106,2.575581,0.054866,1.536690,#TechLinearMove
0.485977,0.009859,0.149862,2.578084,0.057213,1.535270,#TechLinearMove
0.485913,0.014712,0.149564,2.579587,0.058115,1.534697,#TechLinearMove
0.485876,0.019559,0.149191,2.580547,0.058110,1.534644,#TechLinearMove
0.485853,0.024405,0.148790,2.581684,0.058687,1.534238,#TechLinearMove
0.485828,0.029252,0.148407,2.581668,0.060822,1.532784,#TechLinearMove
0.485782,0.034102,0.148067,2.582094,0.064300,1.530521,#TechLinearMove
0.485716,0.038956,0.147803,2.582442,0.069393,1.527257,#TechLinearMove
0.485645,0.043813,0.147591,2.580950,0.073091,1.524652,#TechLinearMove
0.485743,0.048667,0.147334,2.579816,0.076357,1.522254,#TechLinearMove
0.485873,0.053517,0.147013,2.577998,0.083461,1.517379,#TechLinearMove
0.485475,0.061308,0.146967,2.580180,0.091253,1.513125,#TechLinearMove
0.485173,0.066064,0.146638,2.584129,0.097247,1.510486,#TechLinearMove
0.485094,0.070825,0.146247,2.582286,0.107806,1.504201,#TechLinearMove
0.485029,0.075583,0.145840,2.580132,0.115778,1.499254,#TechLinearMove
0.485067,0.080316,0.145191,2.578974,0.126084,1.492983,#TechLinearMove
0.485203,0.085022,0.144378,2.578439,0.137908,1.485827,#TechLinearMove
0.485638,0.089713,0.143579,2.577426,0.148581,1.479269,#TechLinearMove
0.485937,0.094380,0.142600,2.576289,0.163220,1.470419,#TechLinearMove
0.486268,0.099025,0.141532,2.571968,0.176555,1.461652,#TechLinearMove
0.486702,0.103644,0.140389,2.568774,0.188222,1.453957,#TechLinearMove
0.487159,0.108249,0.139198,2.566170,0.204442,1.443687,#TechLinearMove
0.487562,0.112868,0.138043,2.564086,0.217045,1.435941,#TechLinearMove
0.490291,0.117051,0.138279,2.569399,0.220597,1.433097,#TechLinearMove
0.493583,0.121137,0.138656,2.564403,0.211574,1.436918,#TechLinearMove
0.497023,0.125099,0.139154,2.563438,0.207039,1.439229,#TechLinearMove
0.500174,0.129316,0.139417,2.558693,0.202491,1.440463,#TechLinearMove
0.503548,0.133318,0.140037,2.556231,0.203276,1.439044,#TechLinearMove
0.506701,0.137505,0.140602,2.552312,0.205293,1.436436,#TechLinearMove
0.509866,0.141646,0.141255,2.547931,0.214935,1.428486,#TechLinearMove
0.509337,0.141901,0.142065,2.547931,0.214935,1.428486,#TechMoveTo
0.562201,0.147655,0.174562,2.515636,0.231806,1.425632,#TechMoveTo
0.562753,0.147386,0.173773,2.515636,0.231806,1.425632,#TechMoveTo
0.563861,0.144448,0.175287,2.515924,0.217265,1.425932,#TechLinearMove
0.565430,0.139985,0.178021,2.517326,0.199378,1.436431,#TechLinearMove
0.566879,0.135509,0.180815,2.519737,0.187021,1.444104,#TechLinearMove
0.568358,0.131126,0.183747,2.520708,0.179697,1.447862,#TechLinearMove
0.569792,0.126704,0.186644,2.521822,0.176559,1.448774,#TechLinearMove
0.571370,0.122345,0.189559,2.519227,0.173322,1.448044,#TechLinearMove
0.571867,0.117666,0.191116,2.523541,0.171949,1.449927,#TechLinearMove
0.572166,0.112993,0.192418,2.525556,0.160161,1.458266,#TechLinearMove
0.572463,0.108266,0.193527,2.528227,0.153514,1.463304,#TechLinearMove
0.572749,0.103515,0.194536,2.531904,0.143765,1.470602,#TechLinearMove
0.573083,0.098771,0.195561,2.535274,0.130648,1.480143,#TechLinearMove
0.573375,0.094014,0.196531,2.539090,0.117992,1.489398,#TechLinearMove
0.573652,0.089245,0.197443,2.543136,0.104471,1.499242,#TechLinearMove
0.574016,0.084496,0.198437,2.545641,0.088382,1.510570,#TechLinearMove
0.574287,0.079746,0.199455,2.547637,0.077647,1.518036,#TechLinearMove
0.574567,0.074992,0.200450,2.549641,0.067143,1.525252,#TechLinearMove
0.574912,0.070235,0.201406,2.552835,0.053287,1.534869,#TechLinearMove
0.575452,0.059646,0.201356,2.567975,0.047546,1.539662,#TechLinearMove
0.575963,0.054814,0.201080,2.582696,0.028553,1.551290,#TechLinearMove
0.576234,0.049953,0.201080,2.593683,0.008572,1.563090,#TechLinearMove
0.576431,0.045086,0.201089,2.601851,-0.000729,1.568367,#TechLinearMove
0.576647,0.040221,0.201039,2.608704,-0.013847,1.575924,#TechLinearMove
0.576881,0.035357,0.200979,2.617272,-0.025470,1.582373,#TechLinearMove
0.577183,0.030497,0.200919,2.625011,-0.035693,1.587935,#TechLinearMove
0.577459,0.025638,0.200763,2.632756,-0.041880,1.591060,#TechLinearMove
0.577684,0.020780,0.200502,2.641494,-0.045973,1.592812,#TechLinearMove
0.577923,0.015925,0.200207,2.650806,-0.050644,1.594758,#TechLinearMove
0.578214,0.011074,0.199885,2.660989,-0.054481,1.596084,#TechLinearMove
0.578605,0.006235,0.199506,2.671998,-0.056558,1.596316,#TechLinearMove
0.579132,0.001408,0.199133,2.682218,-0.059835,1.597207,#TechLinearMove
0.579651,-0.003417,0.198736,2.694314,-0.064211,1.598438,#TechLinearMove
0.580264,-0.008210,0.198126,2.710067,-0.069624,1.599921,#TechLinearMove
0.580781,-0.013026,0.197642,2.726709,-0.083782,1.605439,#TechLinearMove
0.581579,-0.020566,0.197962,2.729648,-0.082411,1.605642,#TechLinearMove
0.581548,-0.025499,0.198245,2.736554,-0.080460,1.605260,#TechLinearMove
0.581568,-0.030436,0.198412,2.740546,-0.075860,1.603908,#TechLinearMove
0.581683,-0.035374,0.198516,2.744822,-0.074374,1.603477,#TechLinearMove
0.581686,-0.040316,0.198507,2.750049,-0.072512,1.602811,#TechLinearMove
0.581711,-0.045256,0.198442,2.753181,-0.071633,1.602727,#TechLinearMove
0.581784,-0.050195,0.198316,2.755824,-0.072774,1.603499,#TechLinearMove
0.581914,-0.055131,0.198108,2.758779,-0.074576,1.604505,#TechLinearMove
0.582096,-0.060060,0.197821,2.761335,-0.078389,1.606355,#TechLinearMove
0.582460,-0.064979,0.197544,2.763520,-0.083007,1.608560,#TechLinearMove
0.582765,-0.069904,0.197295,2.767719,-0.088873,1.611426,#TechLinearMove
0.583077,-0.074830,0.197069,2.769804,-0.092981,1.613900,#TechLinearMove
0.583597,-0.082565,0.196218,2.767688,-0.088797,1.609031,#TechLinearMove
0.584331,-0.087423,0.195677,2.766277,-0.099118,1.613701,#TechLinearMove
0.584896,-0.092306,0.195145,2.765377,-0.106388,1.617023,#TechLinearMove
0.585451,-0.097190,0.194623,2.765516,-0.112079,1.619407,#TechLinearMove
0.586031,-0.102071,0.194090,2.767283,-0.118870,1.621999,#TechLinearMove
0.586600,-0.106953,0.193560,2.768929,-0.127467,1.625252,#TechLinearMove
0.586913,-0.111857,0.193016,2.769148,-0.135216,1.628444,#TechLinearMove
0.587231,-0.116764,0.192510,2.766497,-0.140499,1.631117,#TechLinearMove
0.587547,-0.121674,0.192017,2.765622,-0.145279,1.633301,#TechLinearMove
0.587845,-0.126587,0.191558,2.762628,-0.150239,1.635919,#TechLinearMove
0.588144,-0.131500,0.191094,2.756917,-0.156936,1.639818,#TechLinearMove
0.588401,-0.136417,0.190649,2.746690,-0.161770,1.643996,#TechLinearMove
0.589162,-0.148487,0.189403,2.745225,-0.141206,1.632676,#TechLinearMove
0.589677,-0.153432,0.188596,2.743591,-0.120497,1.622565,#TechLinearMove
0.590431,-0.158372,0.187978,2.747193,-0.100710,1.612260,#TechLinearMove
0.590949,-0.163360,0.187517,2.753159,-0.083157,1.603230,#TechLinearMove
0.591371,-0.168362,0.187112,2.757714,-0.070882,1.597020,#TechLinearMove
0.591748,-0.173374,0.186788,2.761688,-0.058464,1.590890,#TechLinearMove
0.592074,-0.178393,0.186547,2.766922,-0.046640,1.584904,#TechLinearMove
0.592342,-0.183420,0.186409,2.769248,-0.032012,1.578024,#TechLinearMove
0.592544,-0.188452,0.186366,2.768781,-0.014761,1.570288,#TechLinearMove
0.592696,-0.193486,0.186399,2.768492,0.001928,1.562690,#TechLinearMove
0.592845,-0.198520,0.186456,2.767667,0.019481,1.554768,#TechLinearMove
0.593015,-0.203553,0.186449,2.766450,0.036633,1.547159,#TechLinearMove
0.593149,-0.208586,0.186336,2.766236,0.052125,1.540294,#TechLinearMove
0.593148,-0.213618,0.186339,2.764224,0.071637,1.531284,#TechLinearMove
0.593137,-0.218653,0.186417,2.754483,0.099187,1.518182,#TechLinearMove
0.593341,-0.223679,0.186198,2.738815,0.133435,1.501828,#TechLinearMove
0.593834,-0.231300,0.184919,2.752017,0.116111,1.516047,#TechLinearMove
0.594942,-0.236194,0.184177,2.781523,0.126852,1.517703,#TechLinearMove
0.595418,-0.241246,0.183965,2.813257,0.127057,1.521830,#TechLinearMove
0.595754,-0.246307,0.183880,2.831893,0.131580,1.523567,#TechLinearMove
0.595732,-0.251359,0.184331,2.852283,0.137517,1.525467,#TechLinearMove
0.595332,-0.256313,0.185375,2.860823,0.148971,1.523957,#TechLinearMove
0.594678,-0.261167,0.186733,2.860259,0.165400,1.519706,#TechLinearMove
0.593957,-0.265950,0.188291,2.865173,0.180218,1.516991,#TechLinearMove
0.593351,-0.270749,0.189850,2.867280,0.204077,1.511236,#TechLinearMove
0.592770,-0.275585,0.191298,2.860214,0.234779,1.502528,#TechLinearMove
0.592012,-0.280307,0.192998,2.858547,0.267632,1.494114,#TechLinearMove
0.591680,-0.285159,0.194410,2.862155,0.302631,1.486013,#TechLinearMove
0.592092,-0.279935,0.194110,2.895611,0.248567,1.508538,#TechLinearMove
0.592652,-0.275415,0.192117,2.897179,0.205645,1.515276,#TechLinearMove
0.593286,-0.270861,0.190219,2.884227,0.189166,1.515432,#TechLinearMove
0.594002,-0.266326,0.188306,2.878145,0.171706,1.517385,#TechLinearMove
0.594921,-0.261815,0.186425,2.873132,0.155851,1.519257,#TechLinearMove
0.595874,-0.257233,0.184778,2.860694,0.150060,1.517747,#TechLinearMove
0.596238,-0.252417,0.183622,2.834276,0.157282,1.511476,#TechLinearMove
0.596195,-0.247473,0.183061,2.817259,0.151847,1.509160,#TechLinearMove
0.595828,-0.242542,0.182786,2.789478,0.140163,1.505792,#TechLinearMove
0.594262,-0.232071,0.184767,2.771998,0.137184,1.510877,#TechLinearMove
0.593704,-0.227293,0.185515,2.773875,0.103324,1.525647,#TechLinearMove
0.593436,-0.222443,0.185879,2.778827,0.072006,1.539323,#TechLinearMove
0.593187,-0.217592,0.186257,2.782281,0.046711,1.549506,#TechLinearMove
0.593032,-0.212731,0.186530,2.785507,0.026517,1.557527,#TechLinearMove
0.592860,-0.207863,0.186628,2.791312,0.004590,1.566634,#TechLinearMove
0.592810,-0.202992,0.186597,2.794134,-0.016021,1.575289,#TechLinearMove
0.592885,-0.198121,0.186502,2.793124,-0.032934,1.582436,#TechLinearMove
0.592990,-0.193251,0.186386,2.791284,-0.047766,1.588755,#TechLinearMove
0.593031,-0.188380,0.186323,2.788172,-0.060226,1.594309,#TechLinearMove
0.592991,-0.183508,0.186369,2.781729,-0.069785,1.599106,#TechLinearMove
0.592893,-0.178640,0.186541,2.773072,-0.080004,1.604428,#TechLinearMove
0.592706,-0.173782,0.186859,2.764246,-0.090412,1.609954,#TechLinearMove
0.592397,-0.168938,0.187275,2.755216,-0.097002,1.614224,#TechLinearMove
0.591937,-0.164110,0.187741,2.745262,-0.108566,1.620654,#TechLinearMove
0.591499,-0.159297,0.188355,2.734836,-0.123982,1.629373,#TechLinearMove
0.590868,-0.154535,0.189169,2.725429,-0.138859,1.638003,#TechLinearMove
0.590483,-0.146415,0.190419,2.744897,-0.138850,1.631756,#TechLinearMove
0.589706,-0.141367,0.190621,2.752749,-0.137359,1.630436,#TechLinearMove
0.589160,-0.136295,0.190977,2.760893,-0.136889,1.629323,#TechLinearMove
0.588648,-0.131222,0.191359,2.766232,-0.136322,1.628506,#TechLinearMove
0.588152,-0.126146,0.191727,2.770187,-0.133275,1.626991,#TechLinearMove
0.587642,-0.121074,0.192121,2.773351,-0.129562,1.625365,#TechLinearMove
0.587211,-0.116001,0.192589,2.774602,-0.125823,1.624025,#TechLinearMove
0.586880,-0.110926,0.193122,2.774597,-0.121236,1.622550,#TechLinearMove
0.586535,-0.105857,0.193693,2.773012,-0.115035,1.620654,#TechLinearMove
0.586157,-0.100795,0.194308,2.768934,-0.107909,1.618750,#TechLinearMove
0.585781,-0.095733,0.194928,2.767352,-0.100550,1.616535,#TechLinearMove
0.585392,-0.090673,0.195554,2.764954,-0.092846,1.614327,#TechLinearMove
0.584728,-0.082539,0.196645,2.770966,-0.085739,1.607508,#TechLinearMove
0.584421,-0.077347,0.197145,2.768374,-0.086569,1.607234,#TechLinearMove
0.583859,-0.072161,0.197425,2.766371,-0.085447,1.606395,#TechLinearMove
0.583394,-0.066967,0.197748,2.765020,-0.083210,1.605248,#TechLinearMove
0.582959,-0.061767,0.198021,2.763762,-0.081030,1.604106,#TechLinearMove
0.582543,-0.056564,0.198249,2.761605,-0.079214,1.603182,#TechLinearMove
0.582173,-0.051355,0.198404,2.758877,-0.078270,1.602657,#TechLinearMove
0.581860,-0.046140,0.198479,2.756087,-0.080153,1.603266,#TechLinearMove
0.581692,-0.040919,0.198526,2.752496,-0.083092,1.604376,#TechLinearMove
0.581596,-0.035697,0.198649,2.748014,-0.086850,1.605694,#TechLinearMove
0.581621,-0.030473,0.198622,2.742129,-0.095730,1.609052,#TechLinearMove
0.581958,-0.020219,0.198143,2.739898,-0.085257,1.605860,#TechLinearMove
0.581859,-0.015182,0.198310,2.723370,-0.070909,1.600290,#TechLinearMove
0.581277,-0.010203,0.198750,2.708160,-0.060154,1.595989,#TechLinearMove
0.580788,-0.005193,0.199023,2.696975,-0.055142,1.594159,#TechLinearMove
0.580258,-0.000192,0.199378,2.685527,-0.049993,1.592380,#TechLinearMove
0.579710,0.004805,0.199759,2.674905,-0.046796,1.591433,#TechLinearMove
0.579144,0.009799,0.200156,2.663852,-0.044737,1.591092,#TechLinearMove
0.578653,0.014808,0.200448,2.653940,-0.043264,1.590919,#TechLinearMove
0.578273,0.019828,0.200721,2.646197,-0.040726,1.589974,#TechLinearMove
0.577840,0.024847,0.200912,2.639208,-0.035313,1.587327,#TechLinearMove
0.577449,0.029873,0.201012,2.630714,-0.030637,1.585068,#TechLinearMove
0.577337,0.034910,0.201191,2.622455,-0.022495,1.580848,#TechLinearMove
0.577103,0.039945,0.201240,2.614826,-0.012928,1.575580,#TechLinearMove
0.576871,0.044981,0.201288,2.605986,-0.001845,1.569296,#TechLinearMove
0.576809,0.050022,0.201244,2.594498,0.016726,1.558613,#TechLinearMove
0.576314,0.055029,0.201487,2.582259,0.040814,1.544222,#TechLinearMove
0.575474,0.062648,0.201777,2.578056,0.036335,1.547301,#TechLinearMove
0.574858,0.067551,0.200993,2.569396,0.044311,1.541556,#TechLinearMove
0.574309,0.072453,0.200140,2.562684,0.059023,1.531433,#TechLinearMove
0.573937,0.077388,0.199400,2.556206,0.068591,1.524589,#TechLinearMove
0.573661,0.082311,0.198540,2.552410,0.080090,1.516550,#TechLinearMove
0.573302,0.087204,0.197542,2.549450,0.094592,1.506495,#TechLinearMove
0.572991,0.092105,0.196566,2.544635,0.111260,1.494592,#TechLinearMove
0.572705,0.096998,0.195545,2.538872,0.128495,1.482008,#TechLinearMove
0.572480,0.101893,0.194525,2.533590,0.142048,1.471938,#TechLinearMove
0.572311,0.106810,0.193597,2.526642,0.158573,1.459470,#TechLinearMove
0.571931,0.111689,0.192552,2.516530,0.175273,1.445963,#TechLinearMove
0.570895,0.113667,0.191150,2.513147,0.171509,1.447570,#TechLinearMove
0.569866,0.118223,0.189193,2.515345,0.176202,1.446714,#TechLinearMove
0.568958,0.122770,0.187163,2.519025,0.177988,1.447560,#TechLinearMove
0.568358,0.127388,0.185171,2.521674,0.180332,1.447697,#TechLinearMove
0.567201,0.131622,0.182645,2.524110,0.183573,1.447210,#TechLinearMove
0.565956,0.135779,0.180034,2.525386,0.188886,1.445079,#TechLinearMove
0.564740,0.140008,0.177529,2.522607,0.199600,1.438116,#TechLinearMove
0.563861,0.144448,0.175287,2.518539,0.215125,1.428137,#TechLinearMove
0.563308,0.144703,0.176080,2.518539,0.215125,1.428137,#TechMoveTo
0.512282,0.145878,0.143027,2.539599,0.230476,1.416654,#TechMoveTo
0.512812,0.145605,0.142225,2.539599,0.230476,1.416654,#TechMoveTo
0.512812,0.145605,0.142225,2.539599,0.230476,1.416654,#TechStartPoint
0.512507,0.142528,0.142827,2.548188,0.215894,1.428005,#TechLinearMove
0.511909,0.137999,0.143732,2.554820,0.203907,1.440096,#TechLinearMove
0.511806,0.133482,0.144933,2.559305,0.197520,1.446926,#TechLinearMove
0.511510,0.128962,0.146088,2.564832,0.193211,1.452687,#TechLinearMove
0.511712,0.124535,0.147518,2.571736,0.190318,1.458893,#TechLinearMove
0.510720,0.116845,0.148764,2.580256,0.192071,1.455649,#TechLinearMove
0.510648,0.111779,0.149645,2.584348,0.186509,1.459215,#TechLinearMove
0.510424,0.106753,0.150735,2.590468,0.175436,1.466747,#TechLinearMove
0.510063,0.101735,0.151829,2.595016,0.167113,1.472328,#TechLinearMove
0.509675,0.096728,0.152969,2.598891,0.155425,1.479698,#TechLinearMove
0.509273,0.091729,0.154138,2.603280,0.141136,1.488714,#TechLinearMove
0.508868,0.086733,0.155316,2.608989,0.129206,1.496585,#TechLinearMove
0.508397,0.081717,0.156373,2.613730,0.121103,1.501923,#TechLinearMove
0.507761,0.076707,0.157370,2.618516,0.112255,1.507425,#TechLinearMove
0.507332,0.071663,0.158303,2.621874,0.103921,1.512257,#TechLinearMove
0.507421,0.061406,0.158143,2.633663,0.113747,1.508413,#TechLinearMove
0.507532,0.056551,0.157893,2.628651,0.100316,1.515176,#TechLinearMove
0.507430,0.051696,0.158119,2.624292,0.085801,1.522949,#TechLinearMove
0.507329,0.046839,0.158340,2.622311,0.077949,1.527175,#TechLinearMove
0.507349,0.041983,0.158615,2.621260,0.070943,1.530978,#TechLinearMove
0.507358,0.037135,0.158998,2.618435,0.060573,1.536438,#TechLinearMove
0.507314,0.032297,0.159501,2.617695,0.053901,1.540066,#TechLinearMove
0.507226,0.027472,0.160105,2.618934,0.049321,1.542723,#TechLinearMove
0.507104,0.022659,0.160792,2.621184,0.044855,1.545384,#TechLinearMove
0.506970,0.017849,0.161504,2.624554,0.042688,1.546791,#TechLinearMove
0.506860,0.013031,0.162157,2.628554,0.043000,1.546781,#TechLinearMove
0.506811,0.008196,0.162681,2.632612,0.043702,1.546516,#TechLinearMove
0.506825,0.003347,0.163062,2.636057,0.043768,1.546580,#TechLinearMove
0.506841,-0.001508,0.163347,2.638255,0.042195,1.547534,#TechLinearMove
0.506757,-0.006367,0.163535,2.641684,0.039377,1.549230,#TechLinearMove
0.506664,-0.011225,0.163755,2.645906,0.036753,1.550830,#TechLinearMove
0.506636,-0.016088,0.163807,2.647608,0.033989,1.552397,#TechLinearMove
0.506765,-0.023903,0.163520,2.650972,0.028794,1.555331,#TechLinearMove
0.506925,-0.028690,0.163708,2.656825,0.018730,1.560830,#TechLinearMove
0.507139,-0.033476,0.163972,2.663015,0.007942,1.566548,#TechLinearMove
0.507302,-0.038271,0.164119,2.667212,-0.001135,1.571304,#TechLinearMove
0.507466,-0.043066,0.164261,2.672673,-0.006854,1.574252,#TechLinearMove
0.507634,-0.047860,0.164404,2.676339,-0.012569,1.577169,#TechLinearMove
0.507811,-0.052655,0.164527,2.680962,-0.015444,1.578638,#TechLinearMove
0.508018,-0.057450,0.164567,2.682643,-0.020961,1.581447,#TechLinearMove
0.508113,-0.062246,0.164430,2.686760,-0.025452,1.583652,#TechLinearMove
0.508313,-0.067035,0.164191,2.691530,-0.031241,1.586363,#TechLinearMove
0.508488,-0.071826,0.163953,2.697177,-0.037085,1.589133,#TechLinearMove
0.508672,-0.076615,0.163696,2.701718,-0.044241,1.592578,#TechLinearMove
0.509438,-0.084660,0.163002,2.703968,-0.056618,1.597547,#TechLinearMove
0.509655,-0.089583,0.162670,2.711177,-0.070868,1.602870,#TechLinearMove
0.510003,-0.094498,0.162340,2.719554,-0.084605,1.607719,#TechLinearMove
0.510268,-0.099412,0.161927,2.726835,-0.095114,1.611308,#TechLinearMove
0.510495,-0.104326,0.161490,2.732736,-0.104559,1.614466,#TechLinearMove
0.510797,-0.109239,0.161086,2.737277,-0.111216,1.616582,#TechLinearMove
0.511074,-0.114157,0.160719,2.739178,-0.117363,1.618742,#TechLinearMove
0.511375,-0.119071,0.160323,2.743611,-0.122707,1.620209,#TechLinearMove
0.511692,-0.123978,0.159867,2.744889,-0.129891,1.622850,#TechLinearMove
0.511967,-0.128880,0.159329,2.745405,-0.135401,1.624928,#TechLinearMove
0.512342,-0.133781,0.158856,2.745651,-0.142460,1.627584,#TechLinearMove
0.512633,-0.138694,0.158463,2.746324,-0.154071,1.632029,#TechLinearMove
0.513304,-0.148954,0.156933,2.738670,-0.150401,1.633230,#TechLinearMove
0.513605,-0.153895,0.156276,2.736675,-0.137862,1.627402,#TechLinearMove
0.513933,-0.158830,0.155584,2.735212,-0.125278,1.621441,#TechLinearMove
0.514274,-0.163758,0.154856,2.734987,-0.117610,1.617755,#TechLinearMove
0.514615,-0.168688,0.154138,2.735124,-0.109572,1.613913,#TechLinearMove
0.514930,-0.173624,0.153450,2.734976,-0.101778,1.610229,#TechLinearMove
0.515228,-0.178567,0.152805,2.732768,-0.095728,1.607552,#TechLinearMove
0.515511,-0.183513,0.152179,2.727354,-0.088102,1.604542,#TechLinearMove
0.515799,-0.188457,0.151541,2.719949,-0.078266,1.600669,#TechLinearMove
0.516101,-0.193398,0.150882,2.710021,-0.065543,1.595516,#TechLinearMove
0.516439,-0.198336,0.150220,2.696984,-0.050053,1.589076,#TechLinearMove
0.516825,-0.203272,0.149569,2.682791,-0.033943,1.581913,#TechLinearMove
0.517208,-0.208208,0.148921,2.668010,-0.017201,1.573975,#TechLinearMove
0.517582,-0.213148,0.148296,2.653880,-0.002770,1.567192,#TechLinearMove
0.517939,-0.218093,0.147698,2.639950,0.010896,1.560637,#TechLinearMove
0.518365,-0.223025,0.147042,2.617327,0.036844,1.547164,#TechLinearMove
0.518884,-0.227941,0.146335,2.600065,0.061956,1.532812,#TechLinearMove
0.519378,-0.236016,0.145705,2.602957,0.059762,1.534517,#TechLinearMove
0.519292,-0.240789,0.146463,2.596795,0.074801,1.521909,#TechLinearMove
0.518883,-0.245472,0.147633,2.579068,0.093510,1.505496,#TechLinearMove
0.518500,-0.250180,0.148720,2.568829,0.104841,1.495414,#TechLinearMove
0.518051,-0.254846,0.149953,2.561910,0.116072,1.485660,#TechLinearMove
0.517563,-0.259483,0.151278,2.552007,0.129117,1.474421,#TechLinearMove
0.517285,-0.264132,0.152621,2.540711,0.145967,1.459805,#TechLinearMove
0.517022,-0.268798,0.153908,2.531284,0.160082,1.447387,#TechLinearMove
0.516673,-0.273503,0.155017,2.525611,0.174982,1.434934,#TechLinearMove
0.516408,-0.278220,0.156100,2.524843,0.186090,1.426116,#TechLinearMove
0.516320,-0.282981,0.156982,2.523544,0.201258,1.413563,#TechLinearMove
0.516556,-0.287771,0.157680,2.518749,0.221245,1.396333,#TechLinearMove
0.516515,-0.282331,0.156485,2.517357,0.218421,1.406805,#TechLinearMove
0.516319,-0.277251,0.155964,2.533674,0.190076,1.431971,#TechLinearMove
0.516418,-0.272234,0.154988,2.532097,0.175469,1.442352,#TechLinearMove
0.516725,-0.267266,0.153829,2.535027,0.158078,1.455681,#TechLinearMove
0.517216,-0.262377,0.152425,2.546854,0.138593,1.471784,#TechLinearMove
0.517806,-0.257562,0.150812,2.559629,0.121880,1.485760,#TechLinearMove
0.518411,-0.252772,0.149130,2.569299,0.107234,1.497373,#TechLinearMove
0.519007,-0.247961,0.147505,2.583325,0.087646,1.512589,#TechLinearMove
0.519325,-0.243149,0.145837,2.615365,0.059228,1.535725,#TechLinearMove
0.519254,-0.233023,0.145893,2.614232,0.045099,1.544053,#TechLinearMove
0.518717,-0.227957,0.146519,2.626576,0.025448,1.554639,#TechLinearMove
0.518257,-0.222890,0.147201,2.638152,0.004628,1.565412,#TechLinearMove
0.517914,-0.217797,0.147741,2.648486,-0.009714,1.572509,#TechLinearMove
0.517543,-0.212714,0.148348,2.658135,-0.021923,1.578213,#TechLinearMove
0.517155,-0.207636,0.148996,2.672408,-0.037602,1.585401,#TechLinearMove
0.516753,-0.202562,0.149659,2.683707,-0.051021,1.591136,#TechLinearMove
0.516350,-0.197487,0.150316,2.696934,-0.066427,1.597657,#TechLinearMove
0.516024,-0.192410,0.150995,2.706539,-0.077084,1.601814,#TechLinearMove
0.515709,-0.187331,0.151669,2.716985,-0.088974,1.606332,#TechLinearMove
0.515414,-0.182248,0.152318,2.728077,-0.098098,1.609327,#TechLinearMove
0.515126,-0.177163,0.152961,2.736218,-0.105361,1.611620,#TechLinearMove
0.514804,-0.172086,0.153645,2.740828,-0.112566,1.614279,#TechLinearMove
0.514475,-0.167016,0.154372,2.743621,-0.120823,1.617605,#TechLinearMove
0.514130,-0.161947,0.155106,2.747793,-0.132856,1.622504,#TechLinearMove
0.513820,-0.156871,0.155799,2.751837,-0.146331,1.627958,#TechLinearMove
0.513305,-0.148940,0.156905,2.737130,-0.151910,1.634170,#TechLinearMove
0.512973,-0.143844,0.157661,2.735309,-0.139572,1.629455,#TechLinearMove
0.512716,-0.138720,0.158234,2.734150,-0.133594,1.627240,#TechLinearMove
0.512389,-0.133601,0.158830,2.734112,-0.131104,1.626286,#TechLinearMove
0.512004,-0.128483,0.159389,2.731482,-0.125971,1.624627,#TechLinearMove
0.511636,-0.123359,0.159903,2.730833,-0.118291,1.621568,#TechLinearMove
0.511299,-0.118226,0.160358,2.732292,-0.112314,1.618923,#TechLinearMove
0.510985,-0.113089,0.160768,2.731335,-0.108082,1.617370,#TechLinearMove
0.510679,-0.107951,0.161173,2.729179,-0.102865,1.615546,#TechLinearMove
0.510359,-0.102815,0.161596,2.727038,-0.095261,1.612691,#TechLinearMove
0.510095,-0.097677,0.162036,2.723999,-0.084542,1.608658,#TechLinearMove
0.509953,-0.092528,0.162380,2.720039,-0.074675,1.605080,#TechLinearMove
0.509438,-0.084660,0.163002,2.720309,-0.079426,1.606535,#TechLinearMove
0.509027,-0.079657,0.163417,2.710078,-0.058922,1.597666,#TechLinearMove
0.508745,-0.074638,0.163752,2.702732,-0.048432,1.593193,#TechLinearMove
0.508367,-0.069623,0.164038,2.696504,-0.038535,1.588882,#TechLinearMove
0.507902,-0.064610,0.164227,2.690878,-0.029437,1.584711,#TechLinearMove
0.507535,-0.059588,0.164331,2.685716,-0.023142,1.581790,#TechLinearMove
0.507283,-0.054556,0.164327,2.681678,-0.019689,1.580187,#TechLinearMove
0.507076,-0.049524,0.164222,2.676917,-0.017372,1.579140,#TechLinearMove
0.506892,-0.044491,0.164071,2.671626,-0.012249,1.576653,#TechLinearMove
0.506601,-0.039467,0.163881,2.664608,-0.002651,1.571903,#TechLinearMove
0.506706,-0.034436,0.163647,2.657936,0.004293,1.568423,#TechLinearMove
0.506749,-0.024130,0.163554,2.649420,0.015498,1.562286,#TechLinearMove
0.506670,-0.019284,0.163714,2.647992,0.022485,1.558525,#TechLinearMove
0.506582,-0.014439,0.163608,2.647703,0.030490,1.554248,#TechLinearMove
0.506447,-0.009595,0.163427,2.645319,0.034741,1.551881,#TechLinearMove
0.506354,-0.004750,0.163225,2.642056,0.038942,1.549493,#TechLinearMove
0.506282,0.000092,0.162973,2.638693,0.042674,1.547327,#TechLinearMove
0.506245,0.004931,0.162646,2.636051,0.044227,1.546399,#TechLinearMove
0.506257,0.009762,0.162220,2.633323,0.044237,1.546348,#TechLinearMove
0.506333,0.014576,0.161651,2.630156,0.045631,1.545472,#TechLinearMove
0.506462,0.019376,0.160965,2.626816,0.048189,1.543911,#TechLinearMove
0.506604,0.024170,0.160252,2.623215,0.050467,1.542485,#TechLinearMove
0.506770,0.028971,0.159590,2.620178,0.054141,1.540255,#TechLinearMove
0.506998,0.033788,0.159078,2.619875,0.059891,1.537055,#TechLinearMove
0.507184,0.038617,0.158674,2.620336,0.069959,1.531500,#TechLinearMove
0.507321,0.043455,0.158369,2.620522,0.078508,1.526684,#TechLinearMove
0.507570,0.048266,0.157816,2.620003,0.090474,1.519953,#TechLinearMove
0.507681,0.053105,0.157567,2.622317,0.105813,1.511557,#TechLinearMove
0.507404,0.061038,0.158181,2.627087,0.106410,1.511413,#TechLinearMove
0.507440,0.065933,0.158074,2.621880,0.111310,1.508815,#TechLinearMove
0.507636,0.070809,0.157644,2.618423,0.117091,1.505801,#TechLinearMove
0.507779,0.075680,0.157173,2.615879,0.123362,1.502328,#TechLinearMove
0.507911,0.080509,0.156363,2.612874,0.131719,1.497536,#TechLinearMove
0.508156,0.085291,0.155323,2.608869,0.139994,1.492506,#TechLinearMove
0.508541,0.090045,0.154204,2.602177,0.149484,1.486163,#TechLinearMove
0.508926,0.094803,0.153099,2.599028,0.159179,1.480356,#TechLinearMove
0.509298,0.099567,0.152015,2.593847,0.170569,1.473120,#TechLinearMove
0.509653,0.104338,0.150957,2.588591,0.179938,1.466978,#TechLinearMove
0.509947,0.109098,0.149844,2.581492,0.192809,1.458561,#TechLinearMove
0.510510,0.113921,0.149201,2.574233,0.204131,1.451090,#TechLinearMove
0.510632,0.115925,0.148965,2.579286,0.204222,1.448053,#TechLinearMove
0.511205,0.121296,0.148002,2.572999,0.198945,1.448598,#TechLinearMove
0.511598,0.126622,0.146802,2.567120,0.193862,1.449517,#TechLinearMove
0.511778,0.131915,0.145370,2.559311,0.195543,1.445690,#TechLinearMove
0.511977,0.137215,0.143964,2.552877,0.204403,1.437644,#TechLinearMove
0.512507,0.142528,0.142827,2.547227,0.217036,1.426984,#TechLinearMove
0.511978,0.142785,0.143636,2.547227,0.217036,1.426984,#TechMoveTo
0.562201,0.147655,0.174562,2.515636,0.231806,1.425632,#TechMoveTo
0.562753,0.147386,0.173773,2.515636,0.231806,1.425632,#TechMoveTo
0.563173,0.144436,0.174830,2.511771,0.219686,1.423029,#TechLinearMove
0.562424,0.139239,0.176152,2.520413,0.195617,1.438936,#TechLinearMove
0.561700,0.134041,0.177477,2.526200,0.178371,1.450286,#TechLinearMove
0.561025,0.128819,0.178734,2.530377,0.167820,1.456470,#TechLinearMove
0.560424,0.123571,0.179921,2.534715,0.160894,1.459131,#TechLinearMove
0.559931,0.118333,0.180718,2.531169,0.165714,1.455501,#TechLinearMove
0.559443,0.113529,0.181608,2.532613,0.159093,1.460357,#TechLinearMove
0.559021,0.108684,0.182295,2.533389,0.153979,1.464035,#TechLinearMove
0.558560,0.103832,0.182907,2.535498,0.147164,1.469159,#TechLinearMove
0.558043,0.098988,0.183528,2.537365,0.135541,1.477451,#TechLinearMove
0.557523,0.094144,0.184153,2.539730,0.121017,1.487780,#TechLinearMove
0.556969,0.089313,0.184842,2.543114,0.104598,1.499472,#TechLinearMove
0.556362,0.084508,0.185654,2.547323,0.089105,1.510529,#TechLinearMove
0.555751,0.079723,0.186580,2.552259,0.077820,1.518764,#TechLinearMove
0.555204,0.074942,0.187560,2.557761,0.069584,1.524995,#TechLinearMove
0.554640,0.070171,0.188581,2.564860,0.059451,1.532535,#TechLinearMove
0.554923,0.060068,0.188383,2.561802,0.055745,1.534610,#TechLinearMove
0.555464,0.055102,0.188027,2.573669,0.043535,1.542273,#TechLinearMove
0.555819,0.050102,0.188268,2.588463,0.025173,1.553383,#TechLinearMove
0.556049,0.045088,0.188408,2.598296,0.012220,1.561011,#TechLinearMove
0.556300,0.040074,0.188503,2.607902,0.001297,1.567185,#TechLinearMove
0.556535,0.035059,0.188618,2.618086,-0.006967,1.571816,#TechLinearMove
0.556647,0.030042,0.188788,2.626238,-0.016097,1.576915,#TechLinearMove
0.556832,0.025030,0.189025,2.636579,-0.020893,1.579294,#TechLinearMove
0.557026,0.020016,0.189216,2.646694,-0.025708,1.581689,#TechLinearMove
0.557055,0.014996,0.189177,2.654667,-0.028486,1.582920,#TechLinearMove
0.557164,0.009979,0.188986,2.661419,-0.029032,1.582854,#TechLinearMove
0.557362,0.004975,0.188630,2.668049,-0.030337,1.583229,#TechLinearMove
0.557593,-0.000025,0.188230,2.675362,-0.032746,1.584046,#TechLinearMove
0.557979,-0.005021,0.187905,2.681657,-0.034133,1.584443,#TechLinearMove
0.558341,-0.010001,0.187372,2.692200,-0.041288,1.587517,#TechLinearMove
0.558705,-0.014986,0.186901,2.702323,-0.051366,1.591900,#TechLinearMove
0.558929,-0.022624,0.186670,2.701950,-0.044635,1.590257,#TechLinearMove
0.559198,-0.027520,0.186958,2.706025,-0.051670,1.593727,#TechLinearMove
0.559334,-0.032425,0.187175,2.709504,-0.053347,1.594700,#TechLinearMove
0.559512,-0.037333,0.187299,2.711885,-0.055897,1.595965,#TechLinearMove
0.559705,-0.042241,0.187398,2.714521,-0.057244,1.596653,#TechLinearMove
0.559884,-0.047150,0.187460,2.715939,-0.059322,1.597725,#TechLinearMove
0.559917,-0.052062,0.187398,2.719986,-0.065759,1.600550,#TechLinearMove
0.559990,-0.056972,0.187265,2.722748,-0.070084,1.602466,#TechLinearMove
0.560098,-0.061880,0.187075,2.725219,-0.076309,1.605258,#TechLinearMove
0.560388,-0.066780,0.186896,2.726221,-0.083261,1.608483,#TechLinearMove
0.560622,-0.071683,0.186705,2.729521,-0.092386,1.612617,#TechLinearMove
0.560852,-0.076588,0.186536,2.734230,-0.104223,1.617776,#TechLinearMove
0.561261,-0.084522,0.185859,2.732985,-0.107065,1.618071,#TechLinearMove
0.562027,-0.089213,0.185237,2.726850,-0.107955,1.619403,#TechLinearMove
0.562663,-0.093914,0.184551,2.722572,-0.113082,1.622346,#TechLinearMove
0.563252,-0.098630,0.183927,2.720177,-0.118677,1.625207,#TechLinearMove
0.563878,-0.103333,0.183243,2.715394,-0.123160,1.627978,#TechLinearMove
0.564517,-0.108030,0.182529,2.711656,-0.126843,1.630248,#TechLinearMove
0.564938,-0.112746,0.181780,2.707772,-0.132008,1.633231,#TechLinearMove
0.565324,-0.117475,0.181102,2.703488,-0.137703,1.636587,#TechLinearMove
0.565917,-0.122204,0.180600,2.697393,-0.144859,1.640983,#TechLinearMove
0.566550,-0.126933,0.180138,2.692386,-0.150669,1.644610,#TechLinearMove
0.567132,-0.131665,0.179640,2.684494,-0.154382,1.647859,#TechLinearMove
0.567768,-0.136403,0.179286,2.676945,-0.159981,1.651990,#TechLinearMove
0.569316,-0.146043,0.178063,2.675078,-0.151831,1.647596,#TechLinearMove
0.569945,-0.150911,0.177243,2.680019,-0.134459,1.638868,#TechLinearMove
0.570511,-0.155783,0.176396,2.681519,-0.112820,1.628620,#TechLinearMove
0.571152,-0.160670,0.175715,2.682609,-0.094919,1.619947,#TechLinearMove
0.571547,-0.165561,0.174903,2.683913,-0.080014,1.612773,#TechLinearMove
0.571906,-0.170463,0.174132,2.685109,-0.066573,1.606370,#TechLinearMove
0.572250,-0.175391,0.173534,2.687638,-0.053161,1.599921,#TechLinearMove
0.572498,-0.180343,0.173113,2.690496,-0.039570,1.593446,#TechLinearMove
0.572616,-0.185312,0.172900,2.693812,-0.026616,1.587354,#TechLinearMove
0.572489,-0.190277,0.173033,2.699294,-0.014632,1.581693,#TechLinearMove
0.572139,-0.195211,0.173556,2.706762,-0.003987,1.576664,#TechLinearMove
0.571710,-0.200112,0.174311,2.713919,0.006639,1.571757,#TechLinearMove
0.571236,-0.204998,0.175131,2.719107,0.018949,1.566338,#TechLinearMove
0.570800,-0.209878,0.176000,2.724884,0.031905,1.560777,#TechLinearMove
0.570418,-0.214744,0.176960,2.728865,0.048958,1.553329,#TechLinearMove
0.569662,-0.219496,0.178222,2.736465,0.067568,1.545494,#TechLinearMove
0.568807,-0.224186,0.179651,2.739353,0.090698,1.535730,#TechLinearMove
0.568966,-0.231695,0.179653,2.729752,0.109202,1.525135,#TechLinearMove
0.569612,-0.236334,0.178451,2.733984,0.125232,1.507360,#TechLinearMove
0.570199,-0.241039,0.177515,2.737664,0.138081,1.492528,#TechLinearMove
0.570742,-0.245785,0.176766,2.743929,0.146632,1.483955,#TechLinearMove
0.571176,-0.250555,0.176124,2.752781,0.150546,1.477950,#TechLinearMove
0.571725,-0.255346,0.175807,2.765163,0.148637,1.474617,#TechLinearMove
0.571898,-0.260175,0.175786,2.777796,0.140799,1.473753,#TechLinearMove
0.571939,-0.264974,0.176364,2.792005,0.137145,1.471838,#TechLinearMove
0.571735,-0.269676,0.177479,2.799408,0.143430,1.464884,#TechLinearMove
0.571160,-0.274192,0.179108,2.815930,0.145315,1.462335,#TechLinearMove
0.570301,-0.278556,0.180999,2.823776,0.152274,1.455906,#TechLinearMove
0.569595,-0.282933,0.182899,2.831709,0.162218,1.444271,#TechLinearMove
0.568622,-0.287091,0.185143,2.830916,0.187003,1.425997,#TechLinearMove
0.570599,-0.281883,0.181791,2.827795,0.199914,1.463484,#TechLinearMove
0.571270,-0.277424,0.179943,2.813204,0.187069,1.472647,#TechLinearMove
0.571840,-0.272876,0.178231,2.798401,0.178802,1.477314,#TechLinearMove
0.572222,-0.268203,0.176848,2.781364,0.178908,1.477347,#TechLinearMove
0.572251,-0.263416,0.175860,2.759941,0.182650,1.475189,#TechLinearMove
0.571985,-0.258562,0.175339,2.739920,0.185702,1.473956,#TechLinearMove
0.571610,-0.253687,0.175360,2.728973,0.187427,1.475349,#TechLinearMove
0.571247,-0.248837,0.175899,2.728012,0.183823,1.481011,#TechLinearMove
0.570535,-0.244071,0.176778,2.725316,0.176334,1.488801,#TechLinearMove
0.569935,-0.239359,0.177963,2.727980,0.157792,1.506459,#TechLinearMove
0.568932,-0.229114,0.179710,2.733001,0.118589,1.520904,#TechLinearMove
0.569464,-0.224213,0.178790,2.731544,0.085222,1.535690,#TechLinearMove
0.570168,-0.219396,0.177559,2.727980,0.058811,1.547347,#TechLinearMove
0.570605,-0.214457,0.176793,2.723032,0.038334,1.556416,#TechLinearMove
0.571023,-0.209508,0.176054,2.719171,0.022357,1.563680,#TechLinearMove
0.571476,-0.204570,0.175255,2.712771,0.011885,1.568373,#TechLinearMove
0.571926,-0.199633,0.174457,2.706990,-0.000066,1.573848,#TechLinearMove
0.572335,-0.194682,0.173724,2.702036,-0.012477,1.579690,#TechLinearMove
0.572612,-0.189697,0.173220,2.697120,-0.023801,1.585129,#TechLinearMove
0.572682,-0.184682,0.173095,2.692480,-0.035215,1.590714,#TechLinearMove
0.572571,-0.179668,0.173298,2.687248,-0.046329,1.596318,#TechLinearMove
0.572321,-0.174673,0.173735,2.683056,-0.058309,1.602309,#TechLinearMove
0.571967,-0.169704,0.174368,2.682662,-0.073095,1.609362,#TechLinearMove
0.571566,-0.164748,0.175079,2.682634,-0.092558,1.618758,#TechLinearMove
0.571161,-0.159795,0.175796,2.681924,-0.123074,1.633589,#TechLinearMove
0.570660,-0.154884,0.176718,2.676535,-0.144155,1.644298,#TechLinearMove
0.569919,-0.147701,0.178002,2.685583,-0.152706,1.645931,#TechLinearMove
0.569455,-0.142677,0.178822,2.687709,-0.152010,1.645462,#TechLinearMove
0.568604,-0.137659,0.179272,2.691900,-0.152715,1.645191,#TechLinearMove
0.567882,-0.132632,0.179853,2.694936,-0.152274,1.644551,#TechLinearMove
0.567177,-0.127598,0.180393,2.697118,-0.148607,1.642583,#TechLinearMove
0.566492,-0.122556,0.180884,2.700326,-0.143591,1.639812,#TechLinearMove
0.565801,-0.117516,0.181388,2.704668,-0.137273,1.636206,#TechLinearMove
0.565082,-0.112484,0.181931,2.708713,-0.131275,1.632852,#TechLinearMove
0.564468,-0.107461,0.182633,2.712117,-0.126611,1.630283,#TechLinearMove
0.563989,-0.102444,0.183485,2.715318,-0.120355,1.627050,#TechLinearMove
0.563509,-0.097424,0.184326,2.719110,-0.114130,1.623812,#TechLinearMove
0.562985,-0.092422,0.185242,2.722400,-0.109132,1.621257,#TechLinearMove
0.562348,-0.084516,0.186414,2.724124,-0.103810,1.617689,#TechLinearMove
0.561883,-0.079371,0.186674,2.726286,-0.097653,1.614170,#TechLinearMove
0.561427,-0.074216,0.186858,2.727989,-0.091258,1.610813,#TechLinearMove
0.561027,-0.069056,0.187085,2.728879,-0.084056,1.607308,#TechLinearMove
0.560656,-0.063893,0.187260,2.728130,-0.075549,1.603339,#TechLinearMove
0.560310,-0.058726,0.187386,2.727089,-0.067887,1.599764,#TechLinearMove
0.560017,-0.053555,0.187429,2.725166,-0.063095,1.597528,#TechLinearMove
0.559878,-0.048379,0.187453,2.722369,-0.059567,1.595904,#TechLinearMove
0.559859,-0.043199,0.187489,2.719330,-0.056522,1.594495,#TechLinearMove
0.559820,-0.038020,0.187557,2.714479,-0.054335,1.593375,#TechLinearMove
0.559898,-0.032844,0.187428,2.712441,-0.058552,1.594877,#TechLinearMove
0.559964,-0.022439,0.187307,2.709575,-0.051262,1.593045,#TechLinearMove
0.559600,-0.017295,0.187465,2.696900,-0.036364,1.586233,#TechLinearMove
0.559060,-0.012170,0.187824,2.686961,-0.026027,1.581410,#TechLinearMove
0.558691,-0.007025,0.188109,2.679858,-0.023311,1.580215,#TechLinearMove
0.558323,-0.001881,0.188407,2.673065,-0.021730,1.579595,#TechLinearMove
0.557928,0.003260,0.188737,2.667011,-0.020061,1.578887,#TechLinearMove
0.557569,0.008406,0.189013,2.658207,-0.017444,1.577829,#TechLinearMove
0.557292,0.013563,0.189140,2.652027,-0.014345,1.576353,#TechLinearMove
0.557086,0.018725,0.189137,2.646089,-0.010768,1.574550,#TechLinearMove
0.557072,0.023890,0.189136,2.638738,-0.010049,1.574262,#TechLinearMove
0.557106,0.029056,0.189079,2.629944,-0.006630,1.572419,#TechLinearMove
0.557007,0.034218,0.188915,2.619457,-0.001079,1.569253,#TechLinearMove
0.556997,0.039384,0.188910,2.610876,0.008901,1.563439,#TechLinearMove
0.556754,0.044543,0.188820,2.601961,0.021053,1.556368,#TechLinearMove
0.556773,0.049700,0.188519,2.588116,0.037864,1.546420,#TechLinearMove
0.556450,0.054849,0.188641,2.568464,0.054855,1.535626,#TechLinearMove
0.556167,0.062259,0.189569,2.561112,0.051267,1.537384,#TechLinearMove
0.555961,0.067348,0.188747,2.557969,0.059466,1.531511,#TechLinearMove
0.556042,0.072437,0.187894,2.555283,0.071025,1.523404,#TechLinearMove
0.556129,0.077542,0.187132,2.553616,0.082822,1.515254,#TechLinearMove
0.556373,0.082612,0.186188,2.552304,0.094503,1.507274,#TechLinearMove
0.556778,0.087669,0.185241,2.549935,0.107596,1.498175,#TechLinearMove
0.557347,0.092738,0.184434,2.546824,0.121497,1.488364,#TechLinearMove
0.557906,0.097812,0.183658,2.544031,0.134710,1.478927,#TechLinearMove
0.558446,0.102895,0.182925,2.540986,0.146521,1.470300,#TechLinearMove
0.558968,0.107996,0.182319,2.538802,0.160120,1.460632,#TechLinearMove
0.559340,0.113106,0.181679,2.532949,0.168456,1.453568,#TechLinearMove
0.559752,0.116309,0.181033,2.531689,0.171530,1.451624,#TechLinearMove
0.560188,0.121063,0.180253,2.525493,0.174367,1.450524,#TechLinearMove
0.560658,0.125793,0.179355,2.524602,0.176997,1.449945,#TechLinearMove
0.561216,0.130492,0.178347,2.525737,0.180165,1.449483,#TechLinearMove
0.561836,0.135150,0.177196,2.528638,0.190230,1.444672,#TechLinearMove
0.562494,0.139794,0.176011,2.524389,0.202314,1.436494,#TechLinearMove
0.563173,0.144436,0.174830,2.517207,0.220870,1.423850,#TechLinearMove
0.562620,0.144697,0.175621,2.517207,0.220870,1.423850,#TechMoveTo
0.512282,0.145878,0.143027,2.539599,0.230476,1.416654,#TechMoveTo
0.512812,0.145605,0.142225,2.539599,0.230476,1.416654,#TechMoveTo
0.510533,0.143556,0.141146,2.545466,0.219582,1.424799,#TechLinearMove
0.507338,0.140017,0.140031,2.553773,0.208008,1.435407,#TechLinearMove
0.503981,0.136648,0.138851,2.555416,0.201593,1.440532,#TechLinearMove
0.500663,0.133153,0.137958,2.561066,0.199434,1.444090,#TechLinearMove
0.497104,0.129913,0.137023,2.560050,0.205081,1.440883,#TechLinearMove
0.493779,0.126363,0.136457,2.560554,0.212966,1.436568,#TechLinearMove
0.490426,0.122831,0.135903,2.560583,0.217415,1.434597,#TechLinearMove
0.489678,0.117730,0.137607,2.568249,0.215323,1.435944,#TechLinearMove
0.489021,0.112925,0.138793,2.571211,0.205855,1.442170,#TechLinearMove
0.488587,0.108116,0.140078,2.569746,0.197439,1.446733,#TechLinearMove
0.488196,0.103312,0.141393,2.571230,0.186075,1.453840,#TechLinearMove
0.487768,0.098486,0.142613,2.574086,0.173919,1.461789,#TechLinearMove
0.487383,0.093631,0.143722,2.576591,0.161247,1.469949,#TechLinearMove
0.487048,0.088753,0.144752,2.578166,0.147965,1.478224,#TechLinearMove
0.486651,0.083858,0.145667,2.580245,0.135848,1.485858,#TechLinearMove
0.486248,0.078931,0.146378,2.584545,0.126263,1.492427,#TechLinearMove
0.485917,0.073968,0.146848,2.581223,0.117802,1.496884,#TechLinearMove
0.485727,0.069004,0.147386,2.580514,0.107027,1.503039,#TechLinearMove
0.485862,0.058978,0.147078,2.579860,0.092782,1.512267,#TechLinearMove
0.485795,0.053964,0.147209,2.580339,0.083855,1.518230,#TechLinearMove
0.485688,0.048956,0.147486,2.581549,0.079343,1.521512,#TechLinearMove
0.485644,0.043941,0.147596,2.579823,0.074695,1.524402,#TechLinearMove
0.485724,0.038929,0.147803,2.580630,0.070318,1.527417,#TechLinearMove
0.485797,0.033920,0.148083,2.580108,0.066072,1.530225,#TechLinearMove
0.485839,0.028915,0.148436,2.581218,0.063879,1.531883,#TechLinearMove
0.485866,0.023914,0.148829,2.580419,0.062105,1.533121,#TechLinearMove
0.485902,0.018914,0.149245,2.579961,0.060592,1.534220,#TechLinearMove
0.485949,0.013911,0.149622,2.578050,0.059914,1.534700,#TechLinearMove
0.486022,0.008905,0.149937,2.575716,0.058590,1.535562,#TechLinearMove
0.486099,0.003895,0.150193,2.574281,0.055840,1.537369,#TechLinearMove
0.486185,-0.001114,0.150473,2.572382,0.051678,1.540083,#TechLinearMove
0.486097,-0.006125,0.150701,2.570973,0.050862,1.540695,#TechLinearMove
0.486003,-0.011134,0.150978,2.567799,0.046647,1.543525,#TechLinearMove
0.485930,-0.016148,0.151122,2.565013,0.044639,1.545014,#TechLinearMove
0.485871,-0.023701,0.151279,2.561205,0.042855,1.544322,#TechLinearMove
0.485642,-0.028645,0.151860,2.563774,0.028810,1.552504,#TechLinearMove
0.485480,-0.033608,0.152294,2.563412,0.019813,1.557519,#TechLinearMove
0.485332,-0.038577,0.152646,2.562030,0.012040,1.562026,#TechLinearMove
0.485210,-0.043550,0.152953,2.562200,0.004500,1.566435,#TechLinearMove
0.485194,-0.048524,0.153263,2.561559,-0.002753,1.570653,#TechLinearMove
0.485317,-0.053498,0.153546,2.558134,-0.010216,1.574994,#TechLinearMove
0.485499,-0.058476,0.153698,2.555773,-0.017853,1.579484,#TechLinearMove
0.485719,-0.063455,0.153734,2.554177,-0.026373,1.584643,#TechLinearMove
0.485979,-0.068432,0.153701,2.552166,-0.035389,1.590181,#TechLinearMove
0.486296,-0.073405,0.153722,2.551474,-0.044408,1.595439,#TechLinearMove
0.486640,-0.078369,0.153634,2.549310,-0.060657,1.605247,#TechLinearMove
0.487209,-0.086410,0.153233,2.551821,-0.063980,1.610406,#TechLinearMove
0.487295,-0.091175,0.153026,2.547682,-0.073884,1.617528,#TechLinearMove
0.487526,-0.095929,0.152670,2.544420,-0.079402,1.621627,#TechLinearMove
0.487787,-0.100681,0.152304,2.541176,-0.083452,1.624739,#TechLinearMove
0.488074,-0.105429,0.151899,2.539216,-0.089454,1.629010,#TechLinearMove
0.488363,-0.110174,0.151464,2.542412,-0.094239,1.631866,#TechLinearMove
0.488687,-0.114910,0.150968,2.545666,-0.099622,1.635046,#TechLinearMove
0.489021,-0.119644,0.150452,2.549175,-0.104547,1.637772,#TechLinearMove
0.489427,-0.124375,0.149972,2.552777,-0.110539,1.641168,#TechLinearMove
0.489761,-0.129117,0.149533,2.555465,-0.116457,1.644663,#TechLinearMove
0.490119,-0.133854,0.149071,2.557737,-0.124313,1.649475,#TechLinearMove
0.490398,-0.138604,0.148712,2.560030,-0.135259,1.656205,#TechLinearMove
0.490811,-0.149296,0.147767,2.567617,-0.125354,1.649946,#TechLinearMove
0.491148,-0.154205,0.146963,2.558818,-0.118068,1.645397,#TechLinearMove
0.491466,-0.159121,0.146199,2.551687,-0.114189,1.642680,#TechLinearMove
0.491719,-0.164063,0.145591,2.545841,-0.112024,1.641544,#TechLinearMove
0.491984,-0.169003,0.144967,2.537101,-0.108813,1.640286,#TechLinearMove
0.492261,-0.173936,0.144301,2.529700,-0.106465,1.639301,#TechLinearMove
0.492630,-0.178865,0.143648,2.522892,-0.104516,1.638438,#TechLinearMove
0.493019,-0.183791,0.142979,2.516087,-0.102948,1.637793,#TechLinearMove
0.493453,-0.188711,0.142303,2.510313,-0.099852,1.635899,#TechLinearMove
0.493930,-0.193629,0.141634,2.504181,-0.096121,1.633590,#TechLinearMove
0.494415,-0.198540,0.140929,2.498108,-0.091562,1.630681,#TechLinearMove
0.494915,-0.203439,0.140145,2.491825,-0.084733,1.626080,#TechLinearMove
0.495453,-0.208320,0.139282,2.485338,-0.075159,1.619333,#TechLinearMove
0.496018,-0.213185,0.138352,2.480395,-0.063443,1.610542,#TechLinearMove
0.496618,-0.218042,0.137397,2.472043,-0.051874,1.601755,#TechLinearMove
0.497267,-0.222872,0.136350,2.463257,-0.038186,1.591039,#TechLinearMove
0.497816,-0.227713,0.135293,2.452898,-0.023335,1.579252,#TechLinearMove
0.498116,-0.235574,0.133420,2.444325,0.003399,1.562159,#TechLinearMove
0.497974,-0.240691,0.132670,2.440080,0.016089,1.555834,#TechLinearMove
0.497393,-0.245824,0.132337,2.438124,0.029015,1.548104,#TechLinearMove
0.496649,-0.250940,0.132296,2.436433,0.038758,1.542001,#TechLinearMove
0.495670,-0.256008,0.132637,2.436725,0.052374,1.532946,#TechLinearMove
0.494562,-0.260993,0.133445,2.438587,0.067457,1.522922,#TechLinearMove
0.493378,-0.265916,0.134518,2.437433,0.084231,1.510825,#TechLinearMove
0.492192,-0.270844,0.135567,2.427735,0.105133,1.493458,#TechLinearMove
0.491164,-0.275826,0.136511,2.413421,0.127260,1.473764,#TechLinearMove
0.490296,-0.280875,0.137238,2.396066,0.146966,1.455020,#TechLinearMove
0.489479,-0.285932,0.137968,2.376215,0.171917,1.431807,#TechLinearMove
0.489017,-0.291062,0.138161,2.342039,0.192101,1.408238,#TechLinearMove
0.489343,-0.285693,0.138918,2.350814,0.217053,1.372259,#TechLinearMove
0.490352,-0.280894,0.138394,2.381788,0.183319,1.408630,#TechLinearMove
0.491207,-0.276082,0.137700,2.400856,0.153189,1.438391,#TechLinearMove
0.492465,-0.271418,0.136708,2.413663,0.127416,1.461985,#TechLinearMove
0.493892,-0.266872,0.135417,2.424384,0.095789,1.489323,#TechLinearMove
0.495200,-0.262288,0.134140,2.427945,0.068132,1.511621,#TechLinearMove
0.496304,-0.257584,0.133129,2.424546,0.051979,1.522992,#TechLinearMove
0.497260,-0.252787,0.132494,2.420636,0.042255,1.529216,#TechLinearMove
0.498053,-0.247918,0.132305,2.417656,0.029545,1.538020,#TechLinearMove
0.498465,-0.243011,0.132396,2.412310,0.023230,1.540036,#TechLinearMove
0.498228,-0.232929,0.134250,2.428690,0.015096,1.551969,#TechLinearMove
0.497819,-0.228220,0.135312,2.447301,-0.005358,1.568211,#TechLinearMove
0.497261,-0.223515,0.136316,2.463027,-0.023402,1.581831,#TechLinearMove
0.496690,-0.218798,0.137256,2.472870,-0.038773,1.593540,#TechLinearMove
0.496119,-0.214078,0.138185,2.483003,-0.053031,1.604008,#TechLinearMove
0.495548,-0.209357,0.139107,2.490416,-0.067200,1.614335,#TechLinearMove
0.494996,-0.204626,0.139986,2.495533,-0.078681,1.622618,#TechLinearMove
0.494488,-0.199875,0.140783,2.500600,-0.087253,1.628542,#TechLinearMove
0.494007,-0.195106,0.141479,2.505327,-0.094169,1.633200,#TechLinearMove
0.493531,-0.190328,0.142118,2.509445,-0.099271,1.636577,#TechLinearMove
0.493102,-0.185547,0.142766,2.513656,-0.103641,1.639404,#TechLinearMove
0.492722,-0.180760,0.143402,2.516971,-0.106854,1.641557,#TechLinearMove
0.492368,-0.175970,0.144025,2.519829,-0.109016,1.643022,#TechLinearMove
0.492098,-0.171178,0.144684,2.525325,-0.112108,1.644670,#TechLinearMove
0.491835,-0.166382,0.145307,2.530582,-0.114372,1.645818,#TechLinearMove
0.491580,-0.161583,0.145917,2.541684,-0.118799,1.647735,#TechLinearMove
0.491240,-0.156826,0.146764,2.549300,-0.126071,1.652175,#TechLinearMove
0.490753,-0.149387,0.147903,2.554297,-0.118169,1.647694,#TechLinearMove
0.490622,-0.144377,0.148244,2.553529,-0.116449,1.646005,#TechLinearMove
0.490380,-0.139377,0.148653,2.556086,-0.111502,1.641890,#TechLinearMove
0.490072,-0.134382,0.149087,2.552732,-0.108949,1.640369,#TechLinearMove
0.489764,-0.129387,0.149517,2.550801,-0.104943,1.637680,#TechLinearMove
0.489446,-0.124397,0.149990,2.550747,-0.100756,1.634571,#TechLinearMove
0.489097,-0.119415,0.150527,2.549597,-0.096810,1.631786,#TechLinearMove
0.488726,-0.114437,0.151094,2.548981,-0.092865,1.628928,#TechLinearMove
0.488381,-0.109454,0.151619,2.549021,-0.089423,1.626293,#TechLinearMove
0.488069,-0.104461,0.152068,2.548991,-0.085808,1.623527,#TechLinearMove
0.487791,-0.099465,0.152513,2.550527,-0.081142,1.619710,#TechLinearMove
0.487570,-0.094461,0.152884,2.554182,-0.074347,1.614035,#TechLinearMove
0.487209,-0.086410,0.153233,2.564384,-0.075826,1.616960,#TechLinearMove
0.486948,-0.081208,0.153518,2.567170,-0.060778,1.607885,#TechLinearMove
0.486678,-0.076002,0.153665,2.564872,-0.045756,1.598977,#TechLinearMove
0.486288,-0.070801,0.153713,2.563068,-0.035330,1.592775,#TechLinearMove
0.485966,-0.065595,0.153760,2.562364,-0.025463,1.586873,#TechLinearMove
0.485728,-0.060385,0.153775,2.561856,-0.015761,1.581044,#TechLinearMove
0.485527,-0.055174,0.153665,2.560970,-0.004863,1.574510,#TechLinearMove
0.485382,-0.049966,0.153413,2.560380,0.004345,1.569036,#TechLinearMove
0.485283,-0.044764,0.153047,2.560653,0.012071,1.564469,#TechLinearMove
0.485278,-0.039558,0.152764,2.563865,0.022436,1.558413,#TechLinearMove
0.485411,-0.034357,0.152418,2.565689,0.035904,1.550618,#TechLinearMove
0.485839,-0.024133,0.151399,2.564281,0.037794,1.547775,#TechLinearMove
0.485865,-0.019271,0.151340,2.566744,0.042350,1.544779,#TechLinearMove
0.485947,-0.014414,0.151136,2.568462,0.045016,1.542949,#TechLinearMove
0.486052,-0.009560,0.150871,2.570105,0.047492,1.541336,#TechLinearMove
0.486140,-0.004705,0.150627,2.571250,0.049045,1.540308,#TechLinearMove
0.486119,0.000149,0.150358,2.573253,0.051671,1.538670,#TechLinearMove
0.486053,0.005004,0.150106,2.575581,0.054866,1.536690,#TechLinearMove
0.485977,0.009859,0.149862,2.578084,0.057213,1.535270,#TechLinearMove
0.485913,0.014712,0.149564,2.579587,0.058115,1.534697,#TechLinearMove
0.485876,0.019559,0.149191,2.580547,0.058110,1.534644,#TechLinearMove
0.485853,0.024405,0.148790,2.581684,0.058687,1.534238,#TechLinearMove
0.485828,0.029252,0.148407,2.581668,0.060822,1.532784,#TechLinearMove
0.485782,0.034102,0.148067,2.582094,0.064300,1.530521,#TechLinearMove
0.485716,0.038956,0.147803,2.582442,0.069393,1.527257,#TechLinearMove
0.485645,0.043813,0.147591,2.580950,0.073091,1.524652,#TechLinearMove
0.485743,0.048667,0.147334,2.579816,0.076357,1.522254,#TechLinearMove
0.485873,0.053517,0.147013,2.577998,0.083461,1.517379,#TechLinearMove
0.485475,0.061308,0.146967,2.580180,0.091253,1.513125,#TechLinearMove
0.485173,0.066064,0.146638,2.584129,0.097247,1.510486,#TechLinearMove
0.485094,0.070825,0.146247,2.582286,0.107806,1.504201,#TechLinearMove
0.485029,0.075583,0.145840,2.580132,0.115778,1.499254,#TechLinearMove
0.485067,0.080316,0.145191,2.578974,0.126084,1.492983,#TechLinearMove
0.485203,0.085022,0.144378,2.578439,0.137908,1.485827,#TechLinearMove
0.485638,0.089713,0.143579,2.577426,0.148581,1.479269,#TechLinearMove
0.485937,0.094380,0.142600,2.576289,0.163220,1.470419,#TechLinearMove
0.486268,0.099025,0.141532,2.571968,0.176555,1.461652,#TechLinearMove
0.486702,0.103644,0.140389,2.568774,0.188222,1.453957,#TechLinearMove
0.487159,0.108249,0.139198,2.566170,0.204442,1.443687,#TechLinearMove
0.487562,0.112868,0.138043,2.564086,0.217045,1.435941,#TechLinearMove
0.490291,0.117051,0.138279,2.569399,0.220597,1.433097,#TechLinearMove
0.493583,0.121137,0.138656,2.564403,0.211574,1.436918,#TechLinearMove
0.497023,0.125099,0.139154,2.563438,0.207039,1.439229,#TechLinearMove
0.500174,0.129316,0.139417,2.558693,0.202491,1.440463,#TechLinearMove
0.503548,0.133318,0.140037,2.556231,0.203276,1.439044,#TechLinearMove
0.506701,0.137505,0.140602,2.552312,0.205293,1.436436,#TechLinearMove
0.509866,0.141646,0.141255,2.547931,0.214935,1.428486,#TechLinearMove
0.509337,0.141901,0.142065,2.547931,0.214935,1.428486,#TechMoveTo
0.562201,0.147655,0.174562,2.515636,0.231806,1.425632,#TechMoveTo
0.562753,0.147386,0.173773,2.515636,0.231806,1.425632,#TechMoveTo
0.563861,0.144448,0.175287,2.515924,0.217265,1.425932,#TechLinearMove
0.565430,0.139985,0.178021,2.517326,0.199378,1.436431,#TechLinearMove
0.566879,0.135509,0.180815,2.519737,0.187021,1.444104,#TechLinearMove
0.568358,0.131126,0.183747,2.520708,0.179697,1.447862,#TechLinearMove
0.569792,0.126704,0.186644,2.521822,0.176559,1.448774,#TechLinearMove
0.571370,0.122345,0.189559,2.519227,0.173322,1.448044,#TechLinearMove
0.571867,0.117666,0.191116,2.523541,0.171949,1.449927,#TechLinearMove
0.572166,0.112993,0.192418,2.525556,0.160161,1.458266,#TechLinearMove
0.572463,0.108266,0.193527,2.528227,0.153514,1.463304,#TechLinearMove
0.572749,0.103515,0.194536,2.531904,0.143765,1.470602,#TechLinearMove
0.573083,0.098771,0.195561,2.535274,0.130648,1.480143,#TechLinearMove
0.573375,0.094014,0.196531,2.539090,0.117992,1.489398,#TechLinearMove
0.573652,0.089245,0.197443,2.543136,0.104471,1.499242,#TechLinearMove
0.574016,0.084496,0.198437,2.545641,0.088382,1.510570,#TechLinearMove
0.574287,0.079746,0.199455,2.547637,0.077647,1.518036,#TechLinearMove
0.574567,0.074992,0.200450,2.549641,0.067143,1.525252,#TechLinearMove
0.574912,0.070235,0.201406,2.552835,0.053287,1.534869,#TechLinearMove
0.575452,0.059646,0.201356,2.567975,0.047546,1.539662,#TechLinearMove
0.575963,0.054814,0.201080,2.582696,0.028553,1.551290,#TechLinearMove
0.576234,0.049953,0.201080,2.593683,0.008572,1.563090,#TechLinearMove
0.576431,0.045086,0.201089,2.601851,-0.000729,1.568367,#TechLinearMove
0.576647,0.040221,0.201039,2.608704,-0.013847,1.575924,#TechLinearMove
0.576881,0.035357,0.200979,2.617272,-0.025470,1.582373,#TechLinearMove
0.577183,0.030497,0.200919,2.625011,-0.035693,1.587935,#TechLinearMove
0.577459,0.025638,0.200763,2.632756,-0.041880,1.591060,#TechLinearMove
0.577684,0.020780,0.200502,2.641494,-0.045973,1.592812,#TechLinearMove
0.577923,0.015925,0.200207,2.650806,-0.050644,1.594758,#TechLinearMove
0.578214,0.011074,0.199885,2.660989,-0.054481,1.596084,#TechLinearMove
0.578605,0.006235,0.199506,2.671998,-0.056558,1.596316,#TechLinearMove
0.579132,0.001408,0.199133,2.682218,-0.059835,1.597207,#TechLinearMove
0.579651,-0.003417,0.198736,2.694314,-0.064211,1.598438,#TechLinearMove
0.580264,-0.008210,0.198126,2.710067,-0.069624,1.599921,#TechLinearMove
0.580781,-0.013026,0.197642,2.726709,-0.083782,1.605439,#TechLinearMove
0.581579,-0.020566,0.197962,2.729648,-0.082411,1.605642,#TechLinearMove
0.581548,-0.025499,0.198245,2.736554,-0.080460,1.605260,#TechLinearMove
0.581568,-0.030436,0.198412,2.740546,-0.075860,1.603908,#TechLinearMove
0.581683,-0.035374,0.198516,2.744822,-0.074374,1.603477,#TechLinearMove
0.581686,-0.040316,0.198507,2.750049,-0.072512,1.602811,#TechLinearMove
0.581711,-0.045256,0.198442,2.753181,-0.071633,1.602727,#TechLinearMove
0.581784,-0.050195,0.198316,2.755824,-0.072774,1.603499,#TechLinearMove
0.581914,-0.055131,0.198108,2.758779,-0.074576,1.604505,#TechLinearMove
0.582096,-0.060060,0.197821,2.761335,-0.078389,1.606355,#TechLinearMove
0.582460,-0.064979,0.197544,2.763520,-0.083007,1.608560,#TechLinearMove
0.582765,-0.069904,0.197295,2.767719,-0.088873,1.611426,#TechLinearMove
0.583077,-0.074830,0.197069,2.769804,-0.092981,1.613900,#TechLinearMove
0.583597,-0.082565,0.196218,2.767688,-0.088797,1.609031,#TechLinearMove
0.584331,-0.087423,0.195677,2.766277,-0.099118,1.613701,#TechLinearMove
0.584896,-0.092306,0.195145,2.765377,-0.106388,1.617023,#TechLinearMove
0.585451,-0.097190,0.194623,2.765516,-0.112079,1.619407,#TechLinearMove
0.586031,-0.102071,0.194090,2.767283,-0.118870,1.621999,#TechLinearMove
0.586600,-0.106953,0.193560,2.768929,-0.127467,1.625252,#TechLinearMove
0.586913,-0.111857,0.193016,2.769148,-0.135216,1.628444,#TechLinearMove
0.587231,-0.116764,0.192510,2.766497,-0.140499,1.631117,#TechLinearMove
0.587547,-0.121674,0.192017,2.765622,-0.145279,1.633301,#TechLinearMove
0.587845,-0.126587,0.191558,2.762628,-0.150239,1.635919,#TechLinearMove
0.588144,-0.131500,0.191094,2.756917,-0.156936,1.639818,#TechLinearMove
0.588401,-0.136417,0.190649,2.746690,-0.161770,1.643996,#TechLinearMove
0.589162,-0.148487,0.189403,2.745225,-0.141206,1.632676,#TechLinearMove
0.589677,-0.153432,0.188596,2.743591,-0.120497,1.622565,#TechLinearMove
0.590431,-0.158372,0.187978,2.747193,-0.100710,1.612260,#TechLinearMove
0.590949,-0.163360,0.187517,2.753159,-0.083157,1.603230,#TechLinearMove
0.591371,-0.168362,0.187112,2.757714,-0.070882,1.597020,#TechLinearMove
0.591748,-0.173374,0.186788,2.761688,-0.058464,1.590890,#TechLinearMove
0.592074,-0.178393,0.186547,2.766922,-0.046640,1.584904,#TechLinearMove
0.592342,-0.183420,0.186409,2.769248,-0.032012,1.578024,#TechLinearMove
0.592544,-0.188452,0.186366,2.768781,-0.014761,1.570288,#TechLinearMove
0.592696,-0.193486,0.186399,2.768492,0.001928,1.562690,#TechLinearMove
0.592845,-0.198520,0.186456,2.767667,0.019481,1.554768,#TechLinearMove
0.593015,-0.203553,0.186449,2.766450,0.036633,1.547159,#TechLinearMove
0.593149,-0.208586,0.186336,2.766236,0.052125,1.540294,#TechLinearMove
0.593148,-0.213618,0.186339,2.764224,0.071637,1.531284,#TechLinearMove
0.593137,-0.218653,0.186417,2.754483,0.099187,1.518182,#TechLinearMove
0.593341,-0.223679,0.186198,2.738815,0.133435,1.501828,#TechLinearMove
0.593834,-0.231300,0.184919,2.752017,0.116111,1.516047,#TechLinearMove
0.594942,-0.236194,0.184177,2.781523,0.126852,1.517703,#TechLinearMove
0.595418,-0.241246,0.183965,2.813257,0.127057,1.521830,#TechLinearMove
0.595754,-0.246307,0.183880,2.831893,0.131580,1.523567,#TechLinearMove
0.595732,-0.251359,0.184331,2.852283,0.137517,1.525467,#TechLinearMove
0.595332,-0.256313,0.185375,2.860823,0.148971,1.523957,#TechLinearMove
0.594678,-0.261167,0.186733,2.860259,0.165400,1.519706,#TechLinearMove
0.593957,-0.265950,0.188291,2.865173,0.180218,1.516991,#TechLinearMove
0.593351,-0.270749,0.189850,2.867280,0.204077,1.511236,#TechLinearMove
0.592770,-0.275585,0.191298,2.860214,0.234779,1.502528,#TechLinearMove
0.592012,-0.280307,0.192998,2.858547,0.267632,1.494114,#TechLinearMove
0.591680,-0.285159,0.194410,2.862155,0.302631,1.486013,#TechLinearMove
0.592092,-0.279935,0.194110,2.895611,0.248567,1.508538,#TechLinearMove
0.592652,-0.275415,0.192117,2.897179,0.205645,1.515276,#TechLinearMove
0.593286,-0.270861,0.190219,2.884227,0.189166,1.515432,#TechLinearMove
0.594002,-0.266326,0.188306,2.878145,0.171706,1.517385,#TechLinearMove
0.594921,-0.261815,0.186425,2.873132,0.155851,1.519257,#TechLinearMove
0.595874,-0.257233,0.184778,2.860694,0.150060,1.517747,#TechLinearMove
0.596238,-0.252417,0.183622,2.834276,0.157282,1.511476,#TechLinearMove
0.596195,-0.247473,0.183061,2.817259,0.151847,1.509160,#TechLinearMove
0.595828,-0.242542,0.182786,2.789478,0.140163,1.505792,#TechLinearMove
0.594262,-0.232071,0.184767,2.771998,0.137184,1.510877,#TechLinearMove
0.593704,-0.227293,0.185515,2.773875,0.103324,1.525647,#TechLinearMove
0.593436,-0.222443,0.185879,2.778827,0.072006,1.539323,#TechLinearMove
0.593187,-0.217592,0.186257,2.782281,0.046711,1.549506,#TechLinearMove
0.593032,-0.212731,0.186530,2.785507,0.026517,1.557527,#TechLinearMove
0.592860,-0.207863,0.186628,2.791312,0.004590,1.566634,#TechLinearMove
0.592810,-0.202992,0.186597,2.794134,-0.016021,1.575289,#TechLinearMove
0.592885,-0.198121,0.186502,2.793124,-0.032934,1.582436,#TechLinearMove
0.592990,-0.193251,0.186386,2.791284,-0.047766,1.588755,#TechLinearMove
0.593031,-0.188380,0.186323,2.788172,-0.060226,1.594309,#TechLinearMove
0.592991,-0.183508,0.186369,2.781729,-0.069785,1.599106,#TechLinearMove
0.592893,-0.178640,0.186541,2.773072,-0.080004,1.604428,#TechLinearMove
0.592706,-0.173782,0.186859,2.764246,-0.090412,1.609954,#TechLinearMove
0.592397,-0.168938,0.187275,2.755216,-0.097002,1.614224,#TechLinearMove
0.591937,-0.164110,0.187741,2.745262,-0.108566,1.620654,#TechLinearMove
0.591499,-0.159297,0.188355,2.734836,-0.123982,1.629373,#TechLinearMove
0.590868,-0.154535,0.189169,2.725429,-0.138859,1.638003,#TechLinearMove
0.590483,-0.146415,0.190419,2.744897,-0.138850,1.631756,#TechLinearMove
0.589706,-0.141367,0.190621,2.752749,-0.137359,1.630436,#TechLinearMove
0.589160,-0.136295,0.190977,2.760893,-0.136889,1.629323,#TechLinearMove
0.588648,-0.131222,0.191359,2.766232,-0.136322,1.628506,#TechLinearMove
0.588152,-0.126146,0.191727,2.770187,-0.133275,1.626991,#TechLinearMove
0.587642,-0.121074,0.192121,2.773351,-0.129562,1.625365,#TechLinearMove
0.587211,-0.116001,0.192589,2.774602,-0.125823,1.624025,#TechLinearMove
0.586880,-0.110926,0.193122,2.774597,-0.121236,1.622550,#TechLinearMove
0.586535,-0.105857,0.193693,2.773012,-0.115035,1.620654,#TechLinearMove
0.586157,-0.100795,0.194308,2.768934,-0.107909,1.618750,#TechLinearMove
0.585781,-0.095733,0.194928,2.767352,-0.100550,1.616535,#TechLinearMove
0.585392,-0.090673,0.195554,2.764954,-0.092846,1.614327,#TechLinearMove
0.584728,-0.082539,0.196645,2.770966,-0.085739,1.607508,#TechLinearMove
0.584421,-0.077347,0.197145,2.768374,-0.086569,1.607234,#TechLinearMove
0.583859,-0.072161,0.197425,2.766371,-0.085447,1.606395,#TechLinearMove
0.583394,-0.066967,0.197748,2.765020,-0.083210,1.605248,#TechLinearMove
0.582959,-0.061767,0.198021,2.763762,-0.081030,1.604106,#TechLinearMove
0.582543,-0.056564,0.198249,2.761605,-0.079214,1.603182,#TechLinearMove
0.582173,-0.051355,0.198404,2.758877,-0.078270,1.602657,#TechLinearMove
0.581860,-0.046140,0.198479,2.756087,-0.080153,1.603266,#TechLinearMove
0.581692,-0.040919,0.198526,2.752496,-0.083092,1.604376,#TechLinearMove
0.581596,-0.035697,0.198649,2.748014,-0.086850,1.605694,#TechLinearMove
0.581621,-0.030473,0.198622,2.742129,-0.095730,1.609052,#TechLinearMove
0.581958,-0.020219,0.198143,2.739898,-0.085257,1.605860,#TechLinearMove
0.581859,-0.015182,0.198310,2.723370,-0.070909,1.600290,#TechLinearMove
0.581277,-0.010203,0.198750,2.708160,-0.060154,1.595989,#TechLinearMove
0.580788,-0.005193,0.199023,2.696975,-0.055142,1.594159,#TechLinearMove
0.580258,-0.000192,0.199378,2.685527,-0.049993,1.592380,#TechLinearMove
0.579710,0.004805,0.199759,2.674905,-0.046796,1.591433,#TechLinearMove
0.579144,0.009799,0.200156,2.663852,-0.044737,1.591092,#TechLinearMove
0.578653,0.014808,0.200448,2.653940,-0.043264,1.590919,#TechLinearMove
0.578273,0.019828,0.200721,2.646197,-0.040726,1.589974,#TechLinearMove
0.577840,0.024847,0.200912,2.639208,-0.035313,1.587327,#TechLinearMove
0.577449,0.029873,0.201012,2.630714,-0.030637,1.585068,#TechLinearMove
0.577337,0.034910,0.201191,2.622455,-0.022495,1.580848,#TechLinearMove
0.577103,0.039945,0.201240,2.614826,-0.012928,1.575580,#TechLinearMove
0.576871,0.044981,0.201288,2.605986,-0.001845,1.569296,#TechLinearMove
0.576809,0.050022,0.201244,2.594498,0.016726,1.558613,#TechLinearMove
0.576314,0.055029,0.201487,2.582259,0.040814,1.544222,#TechLinearMove
0.575474,0.062648,0.201777,2.578056,0.036335,1.547301,#TechLinearMove
0.574858,0.067551,0.200993,2.569396,0.044311,1.541556,#TechLinearMove
0.574309,0.072453,0.200140,2.562684,0.059023,1.531433,#TechLinearMove
0.573937,0.077388,0.199400,2.556206,0.068591,1.524589,#TechLinearMove
0.573661,0.082311,0.198540,2.552410,0.080090,1.516550,#TechLinearMove
0.573302,0.087204,0.197542,2.549450,0.094592,1.506495,#TechLinearMove
0.572991,0.092105,0.196566,2.544635,0.111260,1.494592,#TechLinearMove
0.572705,0.096998,0.195545,2.538872,0.128495,1.482008,#TechLinearMove
0.572480,0.101893,0.194525,2.533590,0.142048,1.471938,#TechLinearMove
0.572311,0.106810,0.193597,2.526642,0.158573,1.459470,#TechLinearMove
0.571931,0.111689,0.192552,2.516530,0.175273,1.445963,#TechLinearMove
0.570895,0.113667,0.191150,2.513147,0.171509,1.447570,#TechLinearMove
0.569866,0.118223,0.189193,2.515345,0.176202,1.446714,#TechLinearMove
0.568958,0.122770,0.187163,2.519025,0.177988,1.447560,#TechLinearMove
0.568358,0.127388,0.185171,2.521674,0.180332,1.447697,#TechLinearMove
0.567201,0.131622,0.182645,2.524110,0.183573,1.447210,#TechLinearMove
0.565956,0.135779,0.180034,2.525386,0.188886,1.445079,#TechLinearMove
0.564740,0.140008,0.177529,2.522607,0.199600,1.438116,#TechLinearMove
0.563861,0.144448,0.175287,2.518539,0.215125,1.428137,#TechLinearMove
0.563308,0.144703,0.176080,2.518539,0.215125,1.428137,#TechMoveTo
0.512282,0.145878,0.143027,2.539599,0.230476,1.416654,#TechMoveTo
0.512812,0.145605,0.142225,2.539599,0.230476,1.416654,#TechMoveTo
0.512812,0.145605,0.142225,2.539599,0.230476,1.416654,#TechStartPoint
0.512507,0.142528,0.142827,2.548188,0.215894,1.428005,#TechLinearMove
0.511909,0.137999,0.143732,2.554820,0.203907,1.440096,#TechLinearMove
0.511806,0.133482,0.144933,2.559305,0.197520,1.446926,#TechLinearMove
0.511510,0.128962,0.146088,2.564832,0.193211,1.452687,#TechLinearMove
0.511712,0.124535,0.147518,2.571736,0.190318,1.458893,#TechLinearMove
0.510720,0.116845,0.148764,2.580256,0.192071,1.455649,#TechLinearMove
0.510648,0.111779,0.149645,2.584348,0.186509,1.459215,#TechLinearMove
0.510424,0.106753,0.150735,2.590468,0.175436,1.466747,#TechLinearMove
0.510063,0.101735,0.151829,2.595016,0.167113,1.472328,#TechLinearMove
0.509675,0.096728,0.152969,2.598891,0.155425,1.479698,#TechLinearMove
0.509273,0.091729,0.154138,2.603280,0.141136,1.488714,#TechLinearMove
0.508868,0.086733,0.155316,2.608989,0.129206,1.496585,#TechLinearMove
0.508397,0.081717,0.156373,2.613730,0.121103,1.501923,#TechLinearMove
0.507761,0.076707,0.157370,2.618516,0.112255,1.507425,#TechLinearMove
0.507332,0.071663,0.158303,2.621874,0.103921,1.512257,#TechLinearMove
0.507421,0.061406,0.158143,2.633663,0.113747,1.508413,#TechLinearMove
0.507532,0.056551,0.157893,2.628651,0.100316,1.515176,#TechLinearMove
0.507430,0.051696,0.158119,2.624292,0.085801,1.522949,#TechLinearMove
0.507329,0.046839,0.158340,2.622311,0.077949,1.527175,#TechLinearMove
0.507349,0.041983,0.158615,2.621260,0.070943,1.530978,#TechLinearMove
0.507358,0.037135,0.158998,2.618435,0.060573,1.536438,#TechLinearMove
0.507314,0.032297,0.159501,2.617695,0.053901,1.540066,#TechLinearMove
0.507226,0.027472,0.160105,2.618934,0.049321,1.542723,#TechLinearMove
0.507104,0.022659,0.160792,2.621184,0.044855,1.545384,#TechLinearMove
0.506970,0.017849,0.161504,2.624554,0.042688,1.546791,#TechLinearMove
0.506860,0.013031,0.162157,2.628554,0.043000,1.546781,#TechLinearMove
0.506811,0.008196,0.162681,2.632612,0.043702,1.546516,#TechLinearMove
0.506825,0.003347,0.163062,2.636057,0.043768,1.546580,#TechLinearMove
0.506841,-0.001508,0.163347,2.638255,0.042195,1.547534,#TechLinearMove
0.506757,-0.006367,0.163535,2.641684,0.039377,1.549230,#TechLinearMove
0.506664,-0.011225,0.163755,2.645906,0.036753,1.550830,#TechLinearMove
0.506636,-0.016088,0.163807,2.647608,0.033989,1.552397,#TechLinearMove
0.506765,-0.023903,0.163520,2.650972,0.028794,1.555331,#TechLinearMove
0.506925,-0.028690,0.163708,2.656825,0.018730,1.560830,#TechLinearMove
0.507139,-0.033476,0.163972,2.663015,0.007942,1.566548,#TechLinearMove
0.507302,-0.038271,0.164119,2.667212,-0.001135,1.571304,#TechLinearMove
0.507466,-0.043066,0.164261,2.672673,-0.006854,1.574252,#TechLinearMove
0.507634,-0.047860,0.164404,2.676339,-0.012569,1.577169,#TechLinearMove
0.507811,-0.052655,0.164527,2.680962,-0.015444,1.578638,#TechLinearMove
0.508018,-0.057450,0.164567,2.682643,-0.020961,1.581447,#TechLinearMove
0.508113,-0.062246,0.164430,2.686760,-0.025452,1.583652,#TechLinearMove
0.508313,-0.067035,0.164191,2.691530,-0.031241,1.586363,#TechLinearMove
0.508488,-0.071826,0.163953,2.697177,-0.037085,1.589133,#TechLinearMove
0.508672,-0.076615,0.163696,2.701718,-0.044241,1.592578,#TechLinearMove
0.509438,-0.084660,0.163002,2.703968,-0.056618,1.597547,#TechLinearMove
0.509655,-0.089583,0.162670,2.711177,-0.070868,1.602870,#TechLinearMove
0.510003,-0.094498,0.162340,2.719554,-0.084605,1.607719,#TechLinearMove
0.510268,-0.099412,0.161927,2.726835,-0.095114,1.611308,#TechLinearMove
0.510495,-0.104326,0.161490,2.732736,-0.104559,1.614466,#TechLinearMove
0.510797,-0.109239,0.161086,2.737277,-0.111216,1.616582,#TechLinearMove
0.511074,-0.114157,0.160719,2.739178,-0.117363,1.618742,#TechLinearMove
0.511375,-0.119071,0.160323,2.743611,-0.122707,1.620209,#TechLinearMove
0.511692,-0.123978,0.159867,2.744889,-0.129891,1.622850,#TechLinearMove
0.511967,-0.128880,0.159329,2.745405,-0.135401,1.624928,#TechLinearMove
0.512342,-0.133781,0.158856,2.745651,-0.142460,1.627584,#TechLinearMove
0.512633,-0.138694,0.158463,2.746324,-0.154071,1.632029,#TechLinearMove
0.513304,-0.148954,0.156933,2.738670,-0.150401,1.633230,#TechLinearMove
0.513605,-0.153895,0.156276,2.736675,-0.137862,1.627402,#TechLinearMove
0.513933,-0.158830,0.155584,2.735212,-0.125278,1.621441,#TechLinearMove
0.514274,-0.163758,0.154856,2.734987,-0.117610,1.617755,#TechLinearMove
0.514615,-0.168688,0.154138,2.735124,-0.109572,1.613913,#TechLinearMove
0.514930,-0.173624,0.153450,2.734976,-0.101778,1.610229,#TechLinearMove
0.515228,-0.178567,0.152805,2.732768,-0.095728,1.607552,#TechLinearMove
0.515511,-0.183513,0.152179,2.727354,-0.088102,1.604542,#TechLinearMove
0.515799,-0.188457,0.151541,2.719949,-0.078266,1.600669,#TechLinearMove
0.516101,-0.193398,0.150882,2.710021,-0.065543,1.595516,#TechLinearMove
0.516439,-0.198336,0.150220,2.696984,-0.050053,1.589076,#TechLinearMove
0.516825,-0.203272,0.149569,2.682791,-0.033943,1.581913,#TechLinearMove
0.517208,-0.208208,0.148921,2.668010,-0.017201,1.573975,#TechLinearMove
0.517582,-0.213148,0.148296,2.653880,-0.002770,1.567192,#TechLinearMove
0.517939,-0.218093,0.147698,2.639950,0.010896,1.560637,#TechLinearMove
0.518365,-0.223025,0.147042,2.617327,0.036844,1.547164,#TechLinearMove
0.518884,-0.227941,0.146335,2.600065,0.061956,1.532812,#TechLinearMove
0.519378,-0.236016,0.145705,2.602957,0.059762,1.534517,#TechLinearMove
0.519292,-0.240789,0.146463,2.596795,0.074801,1.521909,#TechLinearMove
0.518883,-0.245472,0.147633,2.579068,0.093510,1.505496,#TechLinearMove
0.518500,-0.250180,0.148720,2.568829,0.104841,1.495414,#TechLinearMove
0.518051,-0.254846,0.149953,2.561910,0.116072,1.485660,#TechLinearMove
0.517563,-0.259483,0.151278,2.552007,0.129117,1.474421,#TechLinearMove
0.517285,-0.264132,0.152621,2.540711,0.145967,1.459805,#TechLinearMove
0.517022,-0.268798,0.153908,2.531284,0.160082,1.447387,#TechLinearMove
0.516673,-0.273503,0.155017,2.525611,0.174982,1.434934,#TechLinearMove
0.516408,-0.278220,0.156100,2.524843,0.186090,1.426116,#TechLinearMove
0.516320,-0.282981,0.156982,2.523544,0.201258,1.413563,#TechLinearMove
0.516556,-0.287771,0.157680,2.518749,0.221245,1.396333,#TechLinearMove
0.516515,-0.282331,0.156485,2.517357,0.218421,1.406805,#TechLinearMove
0.516319,-0.277251,0.155964,2.533674,0.190076,1.431971,#TechLinearMove
0.516418,-0.272234,0.154988,2.532097,0.175469,1.442352,#TechLinearMove
0.516725,-0.267266,0.153829,2.535027,0.158078,1.455681,#TechLinearMove
0.517216,-0.262377,0.152425,2.546854,0.138593,1.471784,#TechLinearMove
0.517806,-0.257562,0.150812,2.559629,0.121880,1.485760,#TechLinearMove
0.518411,-0.252772,0.149130,2.569299,0.107234,1.497373,#TechLinearMove
0.519007,-0.247961,0.147505,2.583325,0.087646,1.512589,#TechLinearMove
0.519325,-0.243149,0.145837,2.615365,0.059228,1.535725,#TechLinearMove
0.519254,-0.233023,0.145893,2.614232,0.045099,1.544053,#TechLinearMove
0.518717,-0.227957,0.146519,2.626576,0.025448,1.554639,#TechLinearMove
0.518257,-0.222890,0.147201,2.638152,0.004628,1.565412,#TechLinearMove
0.517914,-0.217797,0.147741,2.648486,-0.009714,1.572509,#TechLinearMove
0.517543,-0.212714,0.148348,2.658135,-0.021923,1.578213,#TechLinearMove
0.517155,-0.207636,0.148996,2.672408,-0.037602,1.585401,#TechLinearMove
0.516753,-0.202562,0.149659,2.683707,-0.051021,1.591136,#TechLinearMove
0.516350,-0.197487,0.150316,2.696934,-0.066427,1.597657,#TechLinearMove
0.516024,-0.192410,0.150995,2.706539,-0.077084,1.601814,#TechLinearMove
0.515709,-0.187331,0.151669,2.716985,-0.088974,1.606332,#TechLinearMove
0.515414,-0.182248,0.152318,2.728077,-0.098098,1.609327,#TechLinearMove
0.515126,-0.177163,0.152961,2.736218,-0.105361,1.611620,#TechLinearMove
0.514804,-0.172086,0.153645,2.740828,-0.112566,1.614279,#TechLinearMove
0.514475,-0.167016,0.154372,2.743621,-0.120823,1.617605,#TechLinearMove
0.514130,-0.161947,0.155106,2.747793,-0.132856,1.622504,#TechLinearMove
0.513820,-0.156871,0.155799,2.751837,-0.146331,1.627958,#TechLinearMove
0.513305,-0.148940,0.156905,2.737130,-0.151910,1.634170,#TechLinearMove
0.512973,-0.143844,0.157661,2.735309,-0.139572,1.629455,#TechLinearMove
0.512716,-0.138720,0.158234,2.734150,-0.133594,1.627240,#TechLinearMove
0.512389,-0.133601,0.158830,2.734112,-0.131104,1.626286,#TechLinearMove
0.512004,-0.128483,0.159389,2.731482,-0.125971,1.624627,#TechLinearMove
0.511636,-0.123359,0.159903,2.730833,-0.118291,1.621568,#TechLinearMove
0.511299,-0.118226,0.160358,2.732292,-0.112314,1.618923,#TechLinearMove
0.510985,-0.113089,0.160768,2.731335,-0.108082,1.617370,#TechLinearMove
0.510679,-0.107951,0.161173,2.729179,-0.102865,1.615546,#TechLinearMove
0.510359,-0.102815,0.161596,2.727038,-0.095261,1.612691,#TechLinearMove
0.510095,-0.097677,0.162036,2.723999,-0.084542,1.608658,#TechLinearMove
0.509953,-0.092528,0.162380,2.720039,-0.074675,1.605080,#TechLinearMove
0.509438,-0.084660,0.163002,2.720309,-0.079426,1.606535,#TechLinearMove
0.509027,-0.079657,0.163417,2.710078,-0.058922,1.597666,#TechLinearMove
0.508745,-0.074638,0.163752,2.702732,-0.048432,1.593193,#TechLinearMove
0.508367,-0.069623,0.164038,2.696504,-0.038535,1.588882,#TechLinearMove
0.507902,-0.064610,0.164227,2.690878,-0.029437,1.584711,#TechLinearMove
0.507535,-0.059588,0.164331,2.685716,-0.023142,1.581790,#TechLinearMove
0.507283,-0.054556,0.164327,2.681678,-0.019689,1.580187,#TechLinearMove
0.507076,-0.049524,0.164222,2.676917,-0.017372,1.579140,#TechLinearMove
0.506892,-0.044491,0.164071,2.671626,-0.012249,1.576653,#TechLinearMove
0.506601,-0.039467,0.163881,2.664608,-0.002651,1.571903,#TechLinearMove
0.506706,-0.034436,0.163647,2.657936,0.004293,1.568423,#TechLinearMove
0.506749,-0.024130,0.163554,2.649420,0.015498,1.562286,#TechLinearMove
0.506670,-0.019284,0.163714,2.647992,0.022485,1.558525,#TechLinearMove
0.506582,-0.014439,0.163608,2.647703,0.030490,1.554248,#TechLinearMove
0.506447,-0.009595,0.163427,2.645319,0.034741,1.551881,#TechLinearMove
0.506354,-0.004750,0.163225,2.642056,0.038942,1.549493,#TechLinearMove
0.506282,0.000092,0.162973,2.638693,0.042674,1.547327,#TechLinearMove
0.506245,0.004931,0.162646,2.636051,0.044227,1.546399,#TechLinearMove
0.506257,0.009762,0.162220,2.633323,0.044237,1.546348,#TechLinearMove
0.506333,0.014576,0.161651,2.630156,0.045631,1.545472,#TechLinearMove
0.506462,0.019376,0.160965,2.626816,0.048189,1.543911,#TechLinearMove
0.506604,0.024170,0.160252,2.623215,0.050467,1.542485,#TechLinearMove
0.506770,0.028971,0.159590,2.620178,0.054141,1.540255,#TechLinearMove
0.506998,0.033788,0.159078,2.619875,0.059891,1.537055,#TechLinearMove
0.507184,0.038617,0.158674,2.620336,0.069959,1.531500,#TechLinearMove
0.507321,0.043455,0.158369,2.620522,0.078508,1.526684,#TechLinearMove
0.507570,0.048266,0.157816,2.620003,0.090474,1.519953,#TechLinearMove
0.507681,0.053105,0.157567,2.622317,0.105813,1.511557,#TechLinearMove
0.507404,0.061038,0.158181,2.627087,0.106410,1.511413,#TechLinearMove
0.507440,0.065933,0.158074,2.621880,0.111310,1.508815,#TechLinearMove
0.507636,0.070809,0.157644,2.618423,0.117091,1.505801,#TechLinearMove
0.507779,0.075680,0.157173,2.615879,0.123362,1.502328,#TechLinearMove
0.507911,0.080509,0.156363,2.612874,0.131719,1.497536,#TechLinearMove
0.508156,0.085291,0.155323,2.608869,0.139994,1.492506,#TechLinearMove
0.508541,0.090045,0.154204,2.602177,0.149484,1.486163,#TechLinearMove
0.508926,0.094803,0.153099,2.599028,0.159179,1.480356,#TechLinearMove
0.509298,0.099567,0.152015,2.593847,0.170569,1.473120,#TechLinearMove
0.509653,0.104338,0.150957,2.588591,0.179938,1.466978,#TechLinearMove
0.509947,0.109098,0.149844,2.581492,0.192809,1.458561,#TechLinearMove
0.510510,0.113921,0.149201,2.574233,0.204131,1.451090,#TechLinearMove
0.510632,0.115925,0.148965,2.579286,0.204222,1.448053,#TechLinearMove
0.511205,0.121296,0.148002,2.572999,0.198945,1.448598,#TechLinearMove
0.511598,0.126622,0.146802,2.567120,0.193862,1.449517,#TechLinearMove
0.511778,0.131915,0.145370,2.559311,0.195543,1.445690,#TechLinearMove
0.511977,0.137215,0.143964,2.552877,0.204403,1.437644,#TechLinearMove
0.512507,0.142528,0.142827,2.547227,0.217036,1.426984,#TechLinearMove
0.511978,0.142785,0.143636,2.547227,0.217036,1.426984,#TechMoveTo
0.562201,0.147655,0.174562,2.515636,0.231806,1.425632,#TechMoveTo
0.562753,0.147386,0.173773,2.515636,0.231806,1.425632,#TechMoveTo
0.563173,0.144436,0.174830,2.511771,0.219686,1.423029,#TechLinearMove
0.562424,0.139239,0.176152,2.520413,0.195617,1.438936,#TechLinearMove
0.561700,0.134041,0.177477,2.526200,0.178371,1.450286,#TechLinearMove
0.561025,0.128819,0.178734,2.530377,0.167820,1.456470,#TechLinearMove
0.560424,0.123571,0.179921,2.534715,0.160894,1.459131,#TechLinearMove
0.559931,0.118333,0.180718,2.531169,0.165714,1.455501,#TechLinearMove
0.559443,0.113529,0.181608,2.532613,0.159093,1.460357,#TechLinearMove
0.559021,0.108684,0.182295,2.533389,0.153979,1.464035,#TechLinearMove
0.558560,0.103832,0.182907,2.535498,0.147164,1.469159,#TechLinearMove
0.558043,0.098988,0.183528,2.537365,0.135541,1.477451,#TechLinearMove
0.557523,0.094144,0.184153,2.539730,0.121017,1.487780,#TechLinearMove
0.556969,0.089313,0.184842,2.543114,0.104598,1.499472,#TechLinearMove
0.556362,0.084508,0.185654,2.547323,0.089105,1.510529,#TechLinearMove
0.555751,0.079723,0.186580,2.552259,0.077820,1.518764,#TechLinearMove
0.555204,0.074942,0.187560,2.557761,0.069584,1.524995,#TechLinearMove
0.554640,0.070171,0.188581,2.564860,0.059451,1.532535,#TechLinearMove
0.554923,0.060068,0.188383,2.561802,0.055745,1.534610,#TechLinearMove
0.555464,0.055102,0.188027,2.573669,0.043535,1.542273,#TechLinearMove
0.555819,0.050102,0.188268,2.588463,0.025173,1.553383,#TechLinearMove
0.556049,0.045088,0.188408,2.598296,0.012220,1.561011,#TechLinearMove
0.556300,0.040074,0.188503,2.607902,0.001297,1.567185,#TechLinearMove
0.556535,0.035059,0.188618,2.618086,-0.006967,1.571816,#TechLinearMove
0.556647,0.030042,0.188788,2.626238,-0.016097,1.576915,#TechLinearMove
0.556832,0.025030,0.189025,2.636579,-0.020893,1.579294,#TechLinearMove
0.557026,0.020016,0.189216,2.646694,-0.025708,1.581689,#TechLinearMove
0.557055,0.014996,0.189177,2.654667,-0.028486,1.582920,#TechLinearMove
0.557164,0.009979,0.188986,2.661419,-0.029032,1.582854,#TechLinearMove
0.557362,0.004975,0.188630,2.668049,-0.030337,1.583229,#TechLinearMove
0.557593,-0.000025,0.188230,2.675362,-0.032746,1.584046,#TechLinearMove
0.557979,-0.005021,0.187905,2.681657,-0.034133,1.584443,#TechLinearMove
0.558341,-0.010001,0.187372,2.692200,-0.041288,1.587517,#TechLinearMove
0.558705,-0.014986,0.186901,2.702323,-0.051366,1.591900,#TechLinearMove
0.558929,-0.022624,0.186670,2.701950,-0.044635,1.590257,#TechLinearMove
0.559198,-0.027520,0.186958,2.706025,-0.051670,1.593727,#TechLinearMove
0.559334,-0.032425,0.187175,2.709504,-0.053347,1.594700,#TechLinearMove
0.559512,-0.037333,0.187299,2.711885,-0.055897,1.595965,#TechLinearMove
0.559705,-0.042241,0.187398,2.714521,-0.057244,1.596653,#TechLinearMove
0.559884,-0.047150,0.187460,2.715939,-0.059322,1.597725,#TechLinearMove
0.559917,-0.052062,0.187398,2.719986,-0.065759,1.600550,#TechLinearMove
0.559990,-0.056972,0.187265,2.722748,-0.070084,1.602466,#TechLinearMove
0.560098,-0.061880,0.187075,2.725219,-0.076309,1.605258,#TechLinearMove
0.560388,-0.066780,0.186896,2.726221,-0.083261,1.608483,#TechLinearMove
0.560622,-0.071683,0.186705,2.729521,-0.092386,1.612617,#TechLinearMove
0.560852,-0.076588,0.186536,2.734230,-0.104223,1.617776,#TechLinearMove
0.561261,-0.084522,0.185859,2.732985,-0.107065,1.618071,#TechLinearMove
0.562027,-0.089213,0.185237,2.726850,-0.107955,1.619403,#TechLinearMove
0.562663,-0.093914,0.184551,2.722572,-0.113082,1.622346,#TechLinearMove
0.563252,-0.098630,0.183927,2.720177,-0.118677,1.625207,#TechLinearMove
0.563878,-0.103333,0.183243,2.715394,-0.123160,1.627978,#TechLinearMove
0.564517,-0.108030,0.182529,2.711656,-0.126843,1.630248,#TechLinearMove
0.564938,-0.112746,0.181780,2.707772,-0.132008,1.633231,#TechLinearMove
0.565324,-0.117475,0.181102,2.703488,-0.137703,1.636587,#TechLinearMove
0.565917,-0.122204,0.180600,2.697393,-0.144859,1.640983,#TechLinearMove
0.566550,-0.126933,0.180138,2.692386,-0.150669,1.644610,#TechLinearMove
0.567132,-0.131665,0.179640,2.684494,-0.154382,1.647859,#TechLinearMove
0.567768,-0.136403,0.179286,2.676945,-0.159981,1.651990,#TechLinearMove
0.569316,-0.146043,0.178063,2.675078,-0.151831,1.647596,#TechLinearMove
0.569945,-0.150911,0.177243,2.680019,-0.134459,1.638868,#TechLinearMove
0.570511,-0.155783,0.176396,2.681519,-0.112820,1.628620,#TechLinearMove
0.571152,-0.160670,0.175715,2.682609,-0.094919,1.619947,#TechLinearMove
0.571547,-0.165561,0.174903,2.683913,-0.080014,1.612773,#TechLinearMove
0.571906,-0.170463,0.174132,2.685109,-0.066573,1.606370,#TechLinearMove
0.572250,-0.175391,0.173534,2.687638,-0.053161,1.599921,#TechLinearMove
0.572498,-0.180343,0.173113,2.690496,-0.039570,1.593446,#TechLinearMove
0.572616,-0.185312,0.172900,2.693812,-0.026616,1.587354,#TechLinearMove
0.572489,-0.190277,0.173033,2.699294,-0.014632,1.581693,#TechLinearMove
0.572139,-0.195211,0.173556,2.706762,-0.003987,1.576664,#TechLinearMove
0.571710,-0.200112,0.174311,2.713919,0.006639,1.571757,#TechLinearMove
0.571236,-0.204998,0.175131,2.719107,0.018949,1.566338,#TechLinearMove
0.570800,-0.209878,0.176000,2.724884,0.031905,1.560777,#TechLinearMove
0.570418,-0.214744,0.176960,2.728865,0.048958,1.553329,#TechLinearMove
0.569662,-0.219496,0.178222,2.736465,0.067568,1.545494,#TechLinearMove
0.568807,-0.224186,0.179651,2.739353,0.090698,1.535730,#TechLinearMove
0.568966,-0.231695,0.179653,2.729752,0.109202,1.525135,#TechLinearMove
0.569612,-0.236334,0.178451,2.733984,0.125232,1.507360,#TechLinearMove
0.570199,-0.241039,0.177515,2.737664,0.138081,1.492528,#TechLinearMove
0.570742,-0.245785,0.176766,2.743929,0.146632,1.483955,#TechLinearMove
0.571176,-0.250555,0.176124,2.752781,0.150546,1.477950,#TechLinearMove
0.571725,-0.255346,0.175807,2.765163,0.148637,1.474617,#TechLinearMove
0.571898,-0.260175,0.175786,2.777796,0.140799,1.473753,#TechLinearMove
0.571939,-0.264974,0.176364,2.792005,0.137145,1.471838,#TechLinearMove
0.571735,-0.269676,0.177479,2.799408,0.143430,1.464884,#TechLinearMove
0.571160,-0.274192,0.179108,2.815930,0.145315,1.462335,#TechLinearMove
0.570301,-0.278556,0.180999,2.823776,0.152274,1.455906,#TechLinearMove
0.569595,-0.282933,0.182899,2.831709,0.162218,1.444271,#TechLinearMove
0.568622,-0.287091,0.185143,2.830916,0.187003,1.425997,#TechLinearMove
0.570599,-0.281883,0.181791,2.827795,0.199914,1.463484,#TechLinearMove
0.571270,-0.277424,0.179943,2.813204,0.187069,1.472647,#TechLinearMove
0.571840,-0.272876,0.178231,2.798401,0.178802,1.477314,#TechLinearMove
0.572222,-0.268203,0.176848,2.781364,0.178908,1.477347,#TechLinearMove
0.572251,-0.263416,0.175860,2.759941,0.182650,1.475189,#TechLinearMove
0.571985,-0.258562,0.175339,2.739920,0.185702,1.473956,#TechLinearMove
0.571610,-0.253687,0.175360,2.728973,0.187427,1.475349,#TechLinearMove
0.571247,-0.248837,0.175899,2.728012,0.183823,1.481011,#TechLinearMove
0.570535,-0.244071,0.176778,2.725316,0.176334,1.488801,#TechLinearMove
0.569935,-0.239359,0.177963,2.727980,0.157792,1.506459,#TechLinearMove
0.568932,-0.229114,0.179710,2.733001,0.118589,1.520904,#TechLinearMove
0.569464,-0.224213,0.178790,2.731544,0.085222,1.535690,#TechLinearMove
0.570168,-0.219396,0.177559,2.727980,0.058811,1.547347,#TechLinearMove
0.570605,-0.214457,0.176793,2.723032,0.038334,1.556416,#TechLinearMove
0.571023,-0.209508,0.176054,2.719171,0.022357,1.563680,#TechLinearMove
0.571476,-0.204570,0.175255,2.712771,0.011885,1.568373,#TechLinearMove
0.571926,-0.199633,0.174457,2.706990,-0.000066,1.573848,#TechLinearMove
0.572335,-0.194682,0.173724,2.702036,-0.012477,1.579690,#TechLinearMove
0.572612,-0.189697,0.173220,2.697120,-0.023801,1.585129,#TechLinearMove
0.572682,-0.184682,0.173095,2.692480,-0.035215,1.590714,#TechLinearMove
0.572571,-0.179668,0.173298,2.687248,-0.046329,1.596318,#TechLinearMove
0.572321,-0.174673,0.173735,2.683056,-0.058309,1.602309,#TechLinearMove
0.571967,-0.169704,0.174368,2.682662,-0.073095,1.609362,#TechLinearMove
0.571566,-0.164748,0.175079,2.682634,-0.092558,1.618758,#TechLinearMove
0.571161,-0.159795,0.175796,2.681924,-0.123074,1.633589,#TechLinearMove
0.570660,-0.154884,0.176718,2.676535,-0.144155,1.644298,#TechLinearMove
0.569919,-0.147701,0.178002,2.685583,-0.152706,1.645931,#TechLinearMove
0.569455,-0.142677,0.178822,2.687709,-0.152010,1.645462,#TechLinearMove
0.568604,-0.137659,0.179272,2.691900,-0.152715,1.645191,#TechLinearMove
0.567882,-0.132632,0.179853,2.694936,-0.152274,1.644551,#TechLinearMove
0.567177,-0.127598,0.180393,2.697118,-0.148607,1.642583,#TechLinearMove
0.566492,-0.122556,0.180884,2.700326,-0.143591,1.639812,#TechLinearMove
0.565801,-0.117516,0.181388,2.704668,-0.137273,1.636206,#TechLinearMove
0.565082,-0.112484,0.181931,2.708713,-0.131275,1.632852,#TechLinearMove
0.564468,-0.107461,0.182633,2.712117,-0.126611,1.630283,#TechLinearMove
0.563989,-0.102444,0.183485,2.715318,-0.120355,1.627050,#TechLinearMove
0.563509,-0.097424,0.184326,2.719110,-0.114130,1.623812,#TechLinearMove
0.562985,-0.092422,0.185242,2.722400,-0.109132,1.621257,#TechLinearMove
0.562348,-0.084516,0.186414,2.724124,-0.103810,1.617689,#TechLinearMove
0.561883,-0.079371,0.186674,2.726286,-0.097653,1.614170,#TechLinearMove
0.561427,-0.074216,0.186858,2.727989,-0.091258,1.610813,#TechLinearMove
0.561027,-0.069056,0.187085,2.728879,-0.084056,1.607308,#TechLinearMove
0.560656,-0.063893,0.187260,2.728130,-0.075549,1.603339,#TechLinearMove
0.560310,-0.058726,0.187386,2.727089,-0.067887,1.599764,#TechLinearMove
0.560017,-0.053555,0.187429,2.725166,-0.063095,1.597528,#TechLinearMove
0.559878,-0.048379,0.187453,2.722369,-0.059567,1.595904,#TechLinearMove
0.559859,-0.043199,0.187489,2.719330,-0.056522,1.594495,#TechLinearMove
0.559820,-0.038020,0.187557,2.714479,-0.054335,1.593375,#TechLinearMove
0.559898,-0.032844,0.187428,2.712441,-0.058552,1.594877,#TechLinearMove
0.559964,-0.022439,0.187307,2.709575,-0.051262,1.593045,#TechLinearMove
0.559600,-0.017295,0.187465,2.696900,-0.036364,1.586233,#TechLinearMove
0.559060,-0.012170,0.187824,2.686961,-0.026027,1.581410,#TechLinearMove
0.558691,-0.007025,0.188109,2.679858,-0.023311,1.580215,#TechLinearMove
0.558323,-0.001881,0.188407,2.673065,-0.021730,1.579595,#TechLinearMove
0.557928,0.003260,0.188737,2.667011,-0.020061,1.578887,#TechLinearMove
0.557569,0.008406,0.189013,2.658207,-0.017444,1.577829,#TechLinearMove
0.557292,0.013563,0.189140,2.652027,-0.014345,1.576353,#TechLinearMove
0.557086,0.018725,0.189137,2.646089,-0.010768,1.574550,#TechLinearMove
0.557072,0.023890,0.189136,2.638738,-0.010049,1.574262,#TechLinearMove
0.557106,0.029056,0.189079,2.629944,-0.006630,1.572419,#TechLinearMove
0.557007,0.034218,0.188915,2.619457,-0.001079,1.569253,#TechLinearMove
0.556997,0.039384,0.188910,2.610876,0.008901,1.563439,#TechLinearMove
0.556754,0.044543,0.188820,2.601961,0.021053,1.556368,#TechLinearMove
0.556773,0.049700,0.188519,2.588116,0.037864,1.546420,#TechLinearMove
0.556450,0.054849,0.188641,2.568464,0.054855,1.535626,#TechLinearMove
0.556167,0.062259,0.189569,2.561112,0.051267,1.537384,#TechLinearMove
0.555961,0.067348,0.188747,2.557969,0.059466,1.531511,#TechLinearMove
0.556042,0.072437,0.187894,2.555283,0.071025,1.523404,#TechLinearMove
0.556129,0.077542,0.187132,2.553616,0.082822,1.515254,#TechLinearMove
0.556373,0.082612,0.186188,2.552304,0.094503,1.507274,#TechLinearMove
0.556778,0.087669,0.185241,2.549935,0.107596,1.498175,#TechLinearMove
0.557347,0.092738,0.184434,2.546824,0.121497,1.488364,#TechLinearMove
0.557906,0.097812,0.183658,2.544031,0.134710,1.478927,#TechLinearMove
0.558446,0.102895,0.182925,2.540986,0.146521,1.470300,#TechLinearMove
0.558968,0.107996,0.182319,2.538802,0.160120,1.460632,#TechLinearMove
0.559340,0.113106,0.181679,2.532949,0.168456,1.453568,#TechLinearMove
0.559752,0.116309,0.181033,2.531689,0.171530,1.451624,#TechLinearMove
0.560188,0.121063,0.180253,2.525493,0.174367,1.450524,#TechLinearMove
0.560658,0.125793,0.179355,2.524602,0.176997,1.449945,#TechLinearMove
0.561216,0.130492,0.178347,2.525737,0.180165,1.449483,#TechLinearMove
0.561836,0.135150,0.177196,2.528638,0.190230,1.444672,#TechLinearMove
0.562494,0.139794,0.176011,2.524389,0.202314,1.436494,#TechLinearMove
0.563173,0.144436,0.174830,2.517207,0.220870,1.423850,#TechLinearMove
0.562620,0.144697,0.175621,2.517207,0.220870,1.423850,#TechMoveTo
0.512282,0.145878,0.143027,2.539599,0.230476,1.416654,#TechMoveTo
0.512812,0.145605,0.142225,2.539599,0.230476,1.416654,#TechMoveTo
0.510533,0.143556,0.141146,2.545466,0.219582,1.424799,#TechLinearMove
0.507338,0.140017,0.140031,2.553773,0.208008,1.435407,#TechLinearMove
0.503981,0.136648,0.138851,2.555416,0.201593,1.440532,#TechLinearMove
0.500663,0.133153,0.137958,2.561066,0.199434,1.444090,#TechLinearMove
0.497104,0.129913,0.137023,2.560050,0.205081,1.440883,#TechLinearMove
0.493779,0.126363,0.136457,2.560554,0.212966,1.436568,#TechLinearMove
0.490426,0.122831,0.135903,2.560583,0.217415,1.434597,#TechLinearMove
0.489678,0.117730,0.137607,2.568249,0.215323,1.435944,#TechLinearMove
0.489021,0.112925,0.138793,2.571211,0.205855,1.442170,#TechLinearMove
0.488587,0.108116,0.140078,2.569746,0.197439,1.446733,#TechLinearMove
0.488196,0.103312,0.141393,2.571230,0.186075,1.453840,#TechLinearMove
0.487768,0.098486,0.142613,2.574086,0.173919,1.461789,#TechLinearMove
0.487383,0.093631,0.143722,2.576591,0.161247,1.469949,#TechLinearMove
0.487048,0.088753,0.144752,2.578166,0.147965,1.478224,#TechLinearMove
0.486651,0.083858,0.145667,2.580245,0.135848,1.485858,#TechLinearMove
0.486248,0.078931,0.146378,2.584545,0.126263,1.492427,#TechLinearMove
0.485917,0.073968,0.146848,2.581223,0.117802,1.496884,#TechLinearMove
0.485727,0.069004,0.147386,2.580514,0.107027,1.503039,#TechLinearMove
0.485862,0.058978,0.147078,2.579860,0.092782,1.512267,#TechLinearMove
0.485795,0.053964,0.147209,2.580339,0.083855,1.518230,#TechLinearMove
0.485688,0.048956,0.147486,2.581549,0.079343,1.521512,#TechLinearMove
0.485644,0.043941,0.147596,2.579823,0.074695,1.524402,#TechLinearMove
0.485724,0.038929,0.147803,2.580630,0.070318,1.527417,#TechLinearMove
0.485797,0.033920,0.148083,2.580108,0.066072,1.530225,#TechLinearMove
0.485839,0.028915,0.148436,2.581218,0.063879,1.531883,#TechLinearMove
0.485866,0.023914,0.148829,2.580419,0.062105,1.533121,#TechLinearMove
0.485902,0.018914,0.149245,2.579961,0.060592,1.534220,#TechLinearMove
0.485949,0.013911,0.149622,2.578050,0.059914,1.534700,#TechLinearMove
0.486022,0.008905,0.149937,2.575716,0.058590,1.535562,#TechLinearMove
0.486099,0.003895,0.150193,2.574281,0.055840,1.537369,#TechLinearMove
0.486185,-0.001114,0.150473,2.572382,0.051678,1.540083,#TechLinearMove
0.486097,-0.006125,0.150701,2.570973,0.050862,1.540695,#TechLinearMove
0.486003,-0.011134,0.150978,2.567799,0.046647,1.543525,#TechLinearMove
0.485930,-0.016148,0.151122,2.565013,0.044639,1.545014,#TechLinearMove
0.485871,-0.023701,0.151279,2.561205,0.042855,1.544322,#TechLinearMove
0.485642,-0.028645,0.151860,2.563774,0.028810,1.552504,#TechLinearMove
0.485480,-0.033608,0.152294,2.563412,0.019813,1.557519,#TechLinearMove
0.485332,-0.038577,0.152646,2.562030,0.012040,1.562026,#TechLinearMove
0.485210,-0.043550,0.152953,2.562200,0.004500,1.566435,#TechLinearMove
0.485194,-0.048524,0.153263,2.561559,-0.002753,1.570653,#TechLinearMove
0.485317,-0.053498,0.153546,2.558134,-0.010216,1.574994,#TechLinearMove
0.485499,-0.058476,0.153698,2.555773,-0.017853,1.579484,#TechLinearMove
0.485719,-0.063455,0.153734,2.554177,-0.026373,1.584643,#TechLinearMove
0.485979,-0.068432,0.153701,2.552166,-0.035389,1.590181,#TechLinearMove
0.486296,-0.073405,0.153722,2.551474,-0.044408,1.595439,#TechLinearMove
0.486640,-0.078369,0.153634,2.549310,-0.060657,1.605247,#TechLinearMove
0.487209,-0.086410,0.153233,2.551821,-0.063980,1.610406,#TechLinearMove
0.487295,-0.091175,0.153026,2.547682,-0.073884,1.617528,#TechLinearMove
0.487526,-0.095929,0.152670,2.544420,-0.079402,1.621627,#TechLinearMove
0.487787,-0.100681,0.152304,2.541176,-0.083452,1.624739,#TechLinearMove
0.488074,-0.105429,0.151899,2.539216,-0.089454,1.629010,#TechLinearMove
0.488363,-0.110174,0.151464,2.542412,-0.094239,1.631866,#TechLinearMove
0.488687,-0.114910,0.150968,2.545666,-0.099622,1.635046,#TechLinearMove
0.489021,-0.119644,0.150452,2.549175,-0.104547,1.637772,#TechLinearMove
0.489427,-0.124375,0.149972,2.552777,-0.110539,1.641168,#TechLinearMove
0.489761,-0.129117,0.149533,2.555465,-0.116457,1.644663,#TechLinearMove
0.490119,-0.133854,0.149071,2.557737,-0.124313,1.649475,#TechLinearMove
0.490398,-0.138604,0.148712,2.560030,-0.135259,1.656205,#TechLinearMove
0.490811,-0.149296,0.147767,2.567617,-0.125354,1.649946,#TechLinearMove
0.491148,-0.154205,0.146963,2.558818,-0.118068,1.645397,#TechLinearMove
0.491466,-0.159121,0.146199,2.551687,-0.114189,1.642680,#TechLinearMove
0.491719,-0.164063,0.145591,2.545841,-0.112024,1.641544,#TechLinearMove
0.491984,-0.169003,0.144967,2.537101,-0.108813,1.640286,#TechLinearMove
0.492261,-0.173936,0.144301,2.529700,-0.106465,1.639301,#TechLinearMove
0.492630,-0.178865,0.143648,2.522892,-0.104516,1.638438,#TechLinearMove
0.493019,-0.183791,0.142979,2.516087,-0.102948,1.637793,#TechLinearMove
0.493453,-0.188711,0.142303,2.510313,-0.099852,1.635899,#TechLinearMove
0.493930,-0.193629,0.141634,2.504181,-0.096121,1.633590,#TechLinearMove
0.494415,-0.198540,0.140929,2.498108,-0.091562,1.630681,#TechLinearMove
0.494915,-0.203439,0.140145,2.491825,-0.084733,1.626080,#TechLinearMove
0.495453,-0.208320,0.139282,2.485338,-0.075159,1.619333,#TechLinearMove
0.496018,-0.213185,0.138352,2.480395,-0.063443,1.610542,#TechLinearMove
0.496618,-0.218042,0.137397,2.472043,-0.051874,1.601755,#TechLinearMove
0.497267,-0.222872,0.136350,2.463257,-0.038186,1.591039,#TechLinearMove
0.497816,-0.227713,0.135293,2.452898,-0.023335,1.579252,#TechLinearMove
0.498116,-0.235574,0.133420,2.444325,0.003399,1.562159,#TechLinearMove
0.497974,-0.240691,0.132670,2.440080,0.016089,1.555834,#TechLinearMove
0.497393,-0.245824,0.132337,2.438124,0.029015,1.548104,#TechLinearMove
0.496649,-0.250940,0.132296,2.436433,0.038758,1.542001,#TechLinearMove
0.495670,-0.256008,0.132637,2.436725,0.052374,1.532946,#TechLinearMove
0.494562,-0.260993,0.133445,2.438587,0.067457,1.522922,#TechLinearMove
0.493378,-0.265916,0.134518,2.437433,0.084231,1.510825,#TechLinearMove
0.492192,-0.270844,0.135567,2.427735,0.105133,1.493458,#TechLinearMove
0.491164,-0.275826,0.136511,2.413421,0.127260,1.473764,#TechLinearMove
0.490296,-0.280875,0.137238,2.396066,0.146966,1.455020,#TechLinearMove
0.489479,-0.285932,0.137968,2.376215,0.171917,1.431807,#TechLinearMove
0.489017,-0.291062,0.138161,2.342039,0.192101,1.408238,#TechLinearMove
0.489343,-0.285693,0.138918,2.350814,0.217053,1.372259,#TechLinearMove
0.490352,-0.280894,0.138394,2.381788,0.183319,1.408630,#TechLinearMove
0.491207,-0.276082,0.137700,2.400856,0.153189,1.438391,#TechLinearMove
0.492465,-0.271418,0.136708,2.413663,0.127416,1.461985,#TechLinearMove
0.493892,-0.266872,0.135417,2.424384,0.095789,1.489323,#TechLinearMove
0.495200,-0.262288,0.134140,2.427945,0.068132,1.511621,#TechLinearMove
0.496304,-0.257584,0.133129,2.424546,0.051979,1.522992,#TechLinearMove
0.497260,-0.252787,0.132494,2.420636,0.042255,1.529216,#TechLinearMove
0.498053,-0.247918,0.132305,2.417656,0.029545,1.538020,#TechLinearMove
0.498465,-0.243011,0.132396,2.412310,0.023230,1.540036,#TechLinearMove
0.498228,-0.232929,0.134250,2.428690,0.015096,1.551969,#TechLinearMove
0.497819,-0.228220,0.135312,2.447301,-0.005358,1.568211,#TechLinearMove
0.497261,-0.223515,0.136316,2.463027,-0.023402,1.581831,#TechLinearMove
0.496690,-0.218798,0.137256,2.472870,-0.038773,1.593540,#TechLinearMove
0.496119,-0.214078,0.138185,2.483003,-0.053031,1.604008,#TechLinearMove
0.495548,-0.209357,0.139107,2.490416,-0.067200,1.614335,#TechLinearMove
0.494996,-0.204626,0.139986,2.495533,-0.078681,1.622618,#TechLinearMove
0.494488,-0.199875,0.140783,2.500600,-0.087253,1.628542,#TechLinearMove
0.494007,-0.195106,0.141479,2.505327,-0.094169,1.633200,#TechLinearMove
0.493531,-0.190328,0.142118,2.509445,-0.099271,1.636577,#TechLinearMove
0.493102,-0.185547,0.142766,2.513656,-0.103641,1.639404,#TechLinearMove
0.492722,-0.180760,0.143402,2.516971,-0.106854,1.641557,#TechLinearMove
0.492368,-0.175970,0.144025,2.519829,-0.109016,1.643022,#TechLinearMove
0.492098,-0.171178,0.144684,2.525325,-0.112108,1.644670,#TechLinearMove
0.491835,-0.166382,0.145307,2.530582,-0.114372,1.645818,#TechLinearMove
0.491580,-0.161583,0.145917,2.541684,-0.118799,1.647735,#TechLinearMove
0.491240,-0.156826,0.146764,2.549300,-0.126071,1.652175,#TechLinearMove
0.490753,-0.149387,0.147903,2.554297,-0.118169,1.647694,#TechLinearMove
0.490622,-0.144377,0.148244,2.553529,-0.116449,1.646005,#TechLinearMove
0.490380,-0.139377,0.148653,2.556086,-0.111502,1.641890,#TechLinearMove
0.490072,-0.134382,0.149087,2.552732,-0.108949,1.640369,#TechLinearMove
0.489764,-0.129387,0.149517,2.550801,-0.104943,1.637680,#TechLinearMove
0.489446,-0.124397,0.149990,2.550747,-0.100756,1.634571,#TechLinearMove
0.489097,-0.119415,0.150527,2.549597,-0.096810,1.631786,#TechLinearMove
0.488726,-0.114437,0.151094,2.548981,-0.092865,1.628928,#TechLinearMove
0.488381,-0.109454,0.151619,2.549021,-0.089423,1.626293,#TechLinearMove
0.488069,-0.104461,0.152068,2.548991,-0.085808,1.623527,#TechLinearMove
0.487791,-0.099465,0.152513,2.550527,-0.081142,1.619710,#TechLinearMove
0.487570,-0.094461,0.152884,2.554182,-0.074347,1.614035,#TechLinearMove
0.487209,-0.086410,0.153233,2.564384,-0.075826,1.616960,#TechLinearMove
0.486948,-0.081208,0.153518,2.567170,-0.060778,1.607885,#TechLinearMove
0.486678,-0.076002,0.153665,2.564872,-0.045756,1.598977,#TechLinearMove
0.486288,-0.070801,0.153713,2.563068,-0.035330,1.592775,#TechLinearMove
0.485966,-0.065595,0.153760,2.562364,-0.025463,1.586873,#TechLinearMove
0.485728,-0.060385,0.153775,2.561856,-0.015761,1.581044,#TechLinearMove
0.485527,-0.055174,0.153665,2.560970,-0.004863,1.574510,#TechLinearMove
0.485382,-0.049966,0.153413,2.560380,0.004345,1.569036,#TechLinearMove
0.485283,-0.044764,0.153047,2.560653,0.012071,1.564469,#TechLinearMove
0.485278,-0.039558,0.152764,2.563865,0.022436,1.558413,#TechLinearMove
0.485411,-0.034357,0.152418,2.565689,0.035904,1.550618,#TechLinearMove
0.485839,-0.024133,0.151399,2.564281,0.037794,1.547775,#TechLinearMove
0.485865,-0.019271,0.151340,2.566744,0.042350,1.544779,#TechLinearMove
0.485947,-0.014414,0.151136,2.568462,0.045016,1.542949,#TechLinearMove
0.486052,-0.009560,0.150871,2.570105,0.047492,1.541336,#TechLinearMove
0.486140,-0.004705,0.150627,2.571250,0.049045,1.540308,#TechLinearMove
0.486119,0.000149,0.150358,2.573253,0.051671,1.538670,#TechLinearMove
0.486053,0.005004,0.150106,2.575581,0.054866,1.536690,#TechLinearMove
0.485977,0.009859,0.149862,2.578084,0.057213,1.535270,#TechLinearMove
0.485913,0.014712,0.149564,2.579587,0.058115,1.534697,#TechLinearMove
0.485876,0.019559,0.149191,2.580547,0.058110,1.534644,#TechLinearMove
0.485853,0.024405,0.148790,2.581684,0.058687,1.534238,#TechLinearMove
0.485828,0.029252,0.148407,2.581668,0.060822,1.532784,#TechLinearMove
0.485782,0.034102,0.148067,2.582094,0.064300,1.530521,#TechLinearMove
0.485716,0.038956,0.147803,2.582442,0.069393,1.527257,#TechLinearMove
0.485645,0.043813,0.147591,2.580950,0.073091,1.524652,#TechLinearMove
0.485743,0.048667,0.147334,2.579816,0.076357,1.522254,#TechLinearMove
0.485873,0.053517,0.147013,2.577998,0.083461,1.517379,#TechLinearMove
0.485475,0.061308,0.146967,2.580180,0.091253,1.513125,#TechLinearMove
0.485173,0.066064,0.146638,2.584129,0.097247,1.510486,#TechLinearMove
0.485094,0.070825,0.146247,2.582286,0.107806,1.504201,#TechLinearMove
0.485029,0.075583,0.145840,2.580132,0.115778,1.499254,#TechLinearMove
0.485067,0.080316,0.145191,2.578974,0.126084,1.492983,#TechLinearMove
0.485203,0.085022,0.144378,2.578439,0.137908,1.485827,#TechLinearMove
0.485638,0.089713,0.143579,2.577426,0.148581,1.479269,#TechLinearMove
0.485937,0.094380,0.142600,2.576289,0.163220,1.470419,#TechLinearMove
0.486268,0.099025,0.141532,2.571968,0.176555,1.461652,#TechLinearMove
0.486702,0.103644,0.140389,2.568774,0.188222,1.453957,#TechLinearMove
0.487159,0.108249,0.139198,2.566170,0.204442,1.443687,#TechLinearMove
0.487562,0.112868,0.138043,2.564086,0.217045,1.435941,#TechLinearMove
0.490291,0.117051,0.138279,2.569399,0.220597,1.433097,#TechLinearMove
0.493583,0.121137,0.138656,2.564403,0.211574,1.436918,#TechLinearMove
0.497023,0.125099,0.139154,2.563438,0.207039,1.439229,#TechLinearMove
0.500174,0.129316,0.139417,2.558693,0.202491,1.440463,#TechLinearMove
0.503548,0.133318,0.140037,2.556231,0.203276,1.439044,#TechLinearMove
0.506701,0.137505,0.140602,2.552312,0.205293,1.436436,#TechLinearMove
0.509866,0.141646,0.141255,2.547931,0.214935,1.428486,#TechLinearMove
0.509337,0.141901,0.142065,2.547931,0.214935,1.428486,#TechMoveTo
0.562201,0.147655,0.174562,2.515636,0.231806,1.425632,#TechMoveTo
0.562753,0.147386,0.173773,2.515636,0.231806,1.425632,#TechMoveTo
0.563861,0.144448,0.175287,2.515924,0.217265,1.425932,#TechLinearMove
0.565430,0.139985,0.178021,2.517326,0.199378,1.436431,#TechLinearMove
0.566879,0.135509,0.180815,2.519737,0.187021,1.444104,#TechLinearMove
0.568358,0.131126,0.183747,2.520708,0.179697,1.447862,#TechLinearMove
0.569792,0.126704,0.186644,2.521822,0.176559,1.448774,#TechLinearMove
0.571370,0.122345,0.189559,2.519227,0.173322,1.448044,#TechLinearMove
0.571867,0.117666,0.191116,2.523541,0.171949,1.449927,#TechLinearMove
0.572166,0.112993,0.192418,2.525556,0.160161,1.458266,#TechLinearMove
0.572463,0.108266,0.193527,2.528227,0.153514,1.463304,#TechLinearMove
0.572749,0.103515,0.194536,2.531904,0.143765,1.470602,#TechLinearMove
0.573083,0.098771,0.195561,2.535274,0.130648,1.480143,#TechLinearMove
0.573375,0.094014,0.196531,2.539090,0.117992,1.489398,#TechLinearMove
0.573652,0.089245,0.197443,2.543136,0.104471,1.499242,#TechLinearMove
0.574016,0.084496,0.198437,2.545641,0.088382,1.510570,#TechLinearMove
0.574287,0.079746,0.199455,2.547637,0.077647,1.518036,#TechLinearMove
0.574567,0.074992,0.200450,2.549641,0.067143,1.525252,#TechLinearMove
0.574912,0.070235,0.201406,2.552835,0.053287,1.534869,#TechLinearMove
0.575452,0.059646,0.201356,2.567975,0.047546,1.539662,#TechLinearMove
0.575963,0.054814,0.201080,2.582696,0.028553,1.551290,#TechLinearMove
0.576234,0.049953,0.201080,2.593683,0.008572,1.563090,#TechLinearMove
0.576431,0.045086,0.201089,2.601851,-0.000729,1.568367,#TechLinearMove
0.576647,0.040221,0.201039,2.608704,-0.013847,1.575924,#TechLinearMove
0.576881,0.035357,0.200979,2.617272,-0.025470,1.582373,#TechLinearMove
0.577183,0.030497,0.200919,2.625011,-0.035693,1.587935,#TechLinearMove
0.577459,0.025638,0.200763,2.632756,-0.041880,1.591060,#TechLinearMove
0.577684,0.020780,0.200502,2.641494,-0.045973,1.592812,#TechLinearMove
0.577923,0.015925,0.200207,2.650806,-0.050644,1.594758,#TechLinearMove
0.578214,0.011074,0.199885,2.660989,-0.054481,1.596084,#TechLinearMove
0.578605,0.006235,0.199506,2.671998,-0.056558,1.596316,#TechLinearMove
0.579132,0.001408,0.199133,2.682218,-0.059835,1.597207,#TechLinearMove
0.579651,-0.003417,0.198736,2.694314,-0.064211,1.598438,#TechLinearMove
0.580264,-0.008210,0.198126,2.710067,-0.069624,1.599921,#TechLinearMove
0.580781,-0.013026,0.197642,2.726709,-0.083782,1.605439,#TechLinearMove
0.581579,-0.020566,0.197962,2.729648,-0.082411,1.605642,#TechLinearMove
0.581548,-0.025499,0.198245,2.736554,-0.080460,1.605260,#TechLinearMove
0.581568,-0.030436,0.198412,2.740546,-0.075860,1.603908,#TechLinearMove
0.581683,-0.035374,0.198516,2.744822,-0.074374,1.603477,#TechLinearMove
0.581686,-0.040316,0.198507,2.750049,-0.072512,1.602811,#TechLinearMove
0.581711,-0.045256,0.198442,2.753181,-0.071633,1.602727,#TechLinearMove
0.581784,-0.050195,0.198316,2.755824,-0.072774,1.603499,#TechLinearMove
0.581914,-0.055131,0.198108,2.758779,-0.074576,1.604505,#TechLinearMove
0.582096,-0.060060,0.197821,2.761335,-0.078389,1.606355,#TechLinearMove
0.582460,-0.064979,0.197544,2.763520,-0.083007,1.608560,#TechLinearMove
0.582765,-0.069904,0.197295,2.767719,-0.088873,1.611426,#TechLinearMove
0.583077,-0.074830,0.197069,2.769804,-0.092981,1.613900,#TechLinearMove
0.583597,-0.082565,0.196218,2.767688,-0.088797,1.609031,#TechLinearMove
0.584331,-0.087423,0.195677,2.766277,-0.099118,1.613701,#TechLinearMove
0.584896,-0.092306,0.195145,2.765377,-0.106388,1.617023,#TechLinearMove
0.585451,-0.097190,0.194623,2.765516,-0.112079,1.619407,#TechLinearMove
0.586031,-0.102071,0.194090,2.767283,-0.118870,1.621999,#TechLinearMove
0.586600,-0.106953,0.193560,2.768929,-0.127467,1.625252,#TechLinearMove
0.586913,-0.111857,0.193016,2.769148,-0.135216,1.628444,#TechLinearMove
0.587231,-0.116764,0.192510,2.766497,-0.140499,1.631117,#TechLinearMove
0.587547,-0.121674,0.192017,2.765622,-0.145279,1.633301,#TechLinearMove
0.587845,-0.126587,0.191558,2.762628,-0.150239,1.635919,#TechLinearMove
0.588144,-0.131500,0.191094,2.756917,-0.156936,1.639818,#TechLinearMove
0.588401,-0.136417,0.190649,2.746690,-0.161770,1.643996,#TechLinearMove
0.589162,-0.148487,0.189403,2.745225,-0.141206,1.632676,#TechLinearMove
0.589677,-0.153432,0.188596,2.743591,-0.120497,1.622565,#TechLinearMove
0.590431,-0.158372,0.187978,2.747193,-0.100710,1.612260,#TechLinearMove
0.590949,-0.163360,0.187517,2.753159,-0.083157,1.603230,#TechLinearMove
0.591371,-0.168362,0.187112,2.757714,-0.070882,1.597020,#TechLinearMove
0.591748,-0.173374,0.186788,2.761688,-0.058464,1.590890,#TechLinearMove
0.592074,-0.178393,0.186547,2.766922,-0.046640,1.584904,#TechLinearMove
0.592342,-0.183420,0.186409,2.769248,-0.032012,1.578024,#TechLinearMove
0.592544,-0.188452,0.186366,2.768781,-0.014761,1.570288,#TechLinearMove
0.592696,-0.193486,0.186399,2.768492,0.001928,1.562690,#TechLinearMove
0.592845,-0.198520,0.186456,2.767667,0.019481,1.554768,#TechLinearMove
0.593015,-0.203553,0.186449,2.766450,0.036633,1.547159,#TechLinearMove
0.593149,-0.208586,0.186336,2.766236,0.052125,1.540294,#TechLinearMove
0.593148,-0.213618,0.186339,2.764224,0.071637,1.531284,#TechLinearMove
0.593137,-0.218653,0.186417,2.754483,0.099187,1.518182,#TechLinearMove
0.593341,-0.223679,0.186198,2.738815,0.133435,1.501828,#TechLinearMove
0.593834,-0.231300,0.184919,2.752017,0.116111,1.516047,#TechLinearMove
0.594942,-0.236194,0.184177,2.781523,0.126852,1.517703,#TechLinearMove
0.595418,-0.241246,0.183965,2.813257,0.127057,1.521830,#TechLinearMove
0.595754,-0.246307,0.183880,2.831893,0.131580,1.523567,#TechLinearMove
0.595732,-0.251359,0.184331,2.852283,0.137517,1.525467,#TechLinearMove
0.595332,-0.256313,0.185375,2.860823,0.148971,1.523957,#TechLinearMove
0.594678,-0.261167,0.186733,2.860259,0.165400,1.519706,#TechLinearMove
0.593957,-0.265950,0.188291,2.865173,0.180218,1.516991,#TechLinearMove
0.593351,-0.270749,0.189850,2.867280,0.204077,1.511236,#TechLinearMove
0.592770,-0.275585,0.191298,2.860214,0.234779,1.502528,#TechLinearMove
0.592012,-0.280307,0.192998,2.858547,0.267632,1.494114,#TechLinearMove
0.591680,-0.285159,0.194410,2.862155,0.302631,1.486013,#TechLinearMove
0.592092,-0.279935,0.194110,2.895611,0.248567,1.508538,#TechLinearMove
0.592652,-0.275415,0.192117,2.897179,0.205645,1.515276,#TechLinearMove
0.593286,-0.270861,0.190219,2.884227,0.189166,1.515432,#TechLinearMove
0.594002,-0.266326,0.188306,2.878145,0.171706,1.517385,#TechLinearMove
0.594921,-0.261815,0.186425,2.873132,0.155851,1.519257,#TechLinearMove
0.595874,-0.257233,0.184778,2.860694,0.150060,1.517747,#TechLinearMove
0.596238,-0.252417,0.183622,2.834276,0.157282,1.511476,#TechLinearMove
0.596195,-0.247473,0.183061,2.817259,0.151847,1.509160,#TechLinearMove
0.595828,-0.242542,0.182786,2.789478,0.140163,1.505792,#TechLinearMove
0.594262,-0.232071,0.184767,2.771998,0.137184,1.510877,#TechLinearMove
0.593704,-0.227293,0.185515,2.773875,0.103324,1.525647,#TechLinearMove
0.593436,-0.222443,0.185879,2.778827,0.072006,1.539323,#TechLinearMove
0.593187,-0.217592,0.186257,2.782281,0.046711,1.549506,#TechLinearMove
0.593032,-0.212731,0.186530,2.785507,0.026517,1.557527,#TechLinearMove
0.592860,-0.207863,0.186628,2.791312,0.004590,1.566634,#TechLinearMove
0.592810,-0.202992,0.186597,2.794134,-0.016021,1.575289,#TechLinearMove
0.592885,-0.198121,0.186502,2.793124,-0.032934,1.582436,#TechLinearMove
0.592990,-0.193251,0.186386,2.791284,-0.047766,1.588755,#TechLinearMove
0.593031,-0.188380,0.186323,2.788172,-0.060226,1.594309,#TechLinearMove
0.592991,-0.183508,0.186369,2.781729,-0.069785,1.599106,#TechLinearMove
0.592893,-0.178640,0.186541,2.773072,-0.080004,1.604428,#TechLinearMove
0.592706,-0.173782,0.186859,2.764246,-0.090412,1.609954,#TechLinearMove
0.592397,-0.168938,0.187275,2.755216,-0.097002,1.614224,#TechLinearMove
0.591937,-0.164110,0.187741,2.745262,-0.108566,1.620654,#TechLinearMove
0.591499,-0.159297,0.188355,2.734836,-0.123982,1.629373,#TechLinearMove
0.590868,-0.154535,0.189169,2.725429,-0.138859,1.638003,#TechLinearMove
0.590483,-0.146415,0.190419,2.744897,-0.138850,1.631756,#TechLinearMove
0.589706,-0.141367,0.190621,2.752749,-0.137359,1.630436,#TechLinearMove
0.589160,-0.136295,0.190977,2.760893,-0.136889,1.629323,#TechLinearMove
0.588648,-0.131222,0.191359,2.766232,-0.136322,1.628506,#TechLinearMove
0.588152,-0.126146,0.191727,2.770187,-0.133275,1.626991,#TechLinearMove
0.587642,-0.121074,0.192121,2.773351,-0.129562,1.625365,#TechLinearMove
0.587211,-0.116001,0.192589,2.774602,-0.125823,1.624025,#TechLinearMove
0.586880,-0.110926,0.193122,2.774597,-0.121236,1.622550,#TechLinearMove
0.586535,-0.105857,0.193693,2.773012,-0.115035,1.620654,#TechLinearMove
0.586157,-0.100795,0.194308,2.768934,-0.107909,1.618750,#TechLinearMove
0.585781,-0.095733,0.194928,2.767352,-0.100550,1.616535,#TechLinearMove
0.585392,-0.090673,0.195554,2.764954,-0.092846,1.614327,#TechLinearMove
0.584728,-0.082539,0.196645,2.770966,-0.085739,1.607508,#TechLinearMove
0.584421,-0.077347,0.197145,2.768374,-0.086569,1.607234,#TechLinearMove
0.583859,-0.072161,0.197425,2.766371,-0.085447,1.606395,#TechLinearMove
0.583394,-0.066967,0.197748,2.765020,-0.083210,1.605248,#TechLinearMove
0.582959,-0.061767,0.198021,2.763762,-0.081030,1.604106,#TechLinearMove
0.582543,-0.056564,0.198249,2.761605,-0.079214,1.603182,#TechLinearMove
0.582173,-0.051355,0.198404,2.758877,-0.078270,1.602657,#TechLinearMove
0.581860,-0.046140,0.198479,2.756087,-0.080153,1.603266,#TechLinearMove
0.581692,-0.040919,0.198526,2.752496,-0.083092,1.604376,#TechLinearMove
0.581596,-0.035697,0.198649,2.748014,-0.086850,1.605694,#TechLinearMove
0.581621,-0.030473,0.198622,2.742129,-0.095730,1.609052,#TechLinearMove
0.581958,-0.020219,0.198143,2.739898,-0.085257,1.605860,#TechLinearMove
0.581859,-0.015182,0.198310,2.723370,-0.070909,1.600290,#TechLinearMove
0.581277,-0.010203,0.198750,2.708160,-0.060154,1.595989,#TechLinearMove
0.580788,-0.005193,0.199023,2.696975,-0.055142,1.594159,#TechLinearMove
0.580258,-0.000192,0.199378,2.685527,-0.049993,1.592380,#TechLinearMove
0.579710,0.004805,0.199759,2.674905,-0.046796,1.591433,#TechLinearMove
0.579144,0.009799,0.200156,2.663852,-0.044737,1.591092,#TechLinearMove
0.578653,0.014808,0.200448,2.653940,-0.043264,1.590919,#TechLinearMove
0.578273,0.019828,0.200721,2.646197,-0.040726,1.589974,#TechLinearMove
0.577840,0.024847,0.200912,2.639208,-0.035313,1.587327,#TechLinearMove
0.577449,0.029873,0.201012,2.630714,-0.030637,1.585068,#TechLinearMove
0.577337,0.034910,0.201191,2.622455,-0.022495,1.580848,#TechLinearMove
0.577103,0.039945,0.201240,2.614826,-0.012928,1.575580,#TechLinearMove
0.576871,0.044981,0.201288,2.605986,-0.001845,1.569296,#TechLinearMove
0.576809,0.050022,0.201244,2.594498,0.016726,1.558613,#TechLinearMove
0.576314,0.055029,0.201487,2.582259,0.040814,1.544222,#TechLinearMove
0.575474,0.062648,0.201777,2.578056,0.036335,1.547301,#TechLinearMove
0.574858,0.067551,0.200993,2.569396,0.044311,1.541556,#TechLinearMove
0.574309,0.072453,0.200140,2.562684,0.059023,1.531433,#TechLinearMove
0.573937,0.077388,0.199400,2.556206,0.068591,1.524589,#TechLinearMove
0.573661,0.082311,0.198540,2.552410,0.080090,1.516550,#TechLinearMove
0.573302,0.087204,0.197542,2.549450,0.094592,1.506495,#TechLinearMove
0.572991,0.092105,0.196566,2.544635,0.111260,1.494592,#TechLinearMove
0.572705,0.096998,0.195545,2.538872,0.128495,1.482008,#TechLinearMove
0.572480,0.101893,0.194525,2.533590,0.142048,1.471938,#TechLinearMove
0.572311,0.106810,0.193597,2.526642,0.158573,1.459470,#TechLinearMove
0.571931,0.111689,0.192552,2.516530,0.175273,1.445963,#TechLinearMove
0.570895,0.113667,0.191150,2.513147,0.171509,1.447570,#TechLinearMove
0.569866,0.118223,0.189193,2.515345,0.176202,1.446714,#TechLinearMove
0.568958,0.122770,0.187163,2.519025,0.177988,1.447560,#TechLinearMove
0.568358,0.127388,0.185171,2.521674,0.180332,1.447697,#TechLinearMove
0.567201,0.131622,0.182645,2.524110,0.183573,1.447210,#TechLinearMove
0.565956,0.135779,0.180034,2.525386,0.188886,1.445079,#TechLinearMove
0.564740,0.140008,0.177529,2.522607,0.199600,1.438116,#TechLinearMove
0.563861,0.144448,0.175287,2.518539,0.215125,1.428137,#TechLinearMove
0.563308,0.144703,0.176080,2.518539,0.215125,1.428137,#TechMoveTo
0.512282,0.145878,0.143027,2.539599,0.230476,1.416654,#TechMoveTo
0.512812,0.145605,0.142225,2.539599,0.230476,1.416654,#TechMoveTo
0.512812,0.145605,0.142225,2.539599,0.230476,1.416654,#TechStartPoint
0.512507,0.142528,0.142827,2.548188,0.215894,1.428005,#TechLinearMove
0.511909,0.137999,0.143732,2.554820,0.203907,1.440096,#TechLinearMove
0.511806,0.133482,0.144933,2.559305,0.197520,1.446926,#TechLinearMove
0.511510,0.128962,0.146088,2.564832,0.193211,1.452687,#TechLinearMove
0.511712,0.124535,0.147518,2.571736,0.190318,1.458893,#TechLinearMove
0.510720,0.116845,0.148764,2.580256,0.192071,1.455649,#TechLinearMove
0.510648,0.111779,0.149645,2.584348,0.186509,1.459215,#TechLinearMove
0.510424,0.106753,0.150735,2.590468,0.175436,1.466747,#TechLinearMove
0.510063,0.101735,0.151829,2.595016,0.167113,1.472328,#TechLinearMove
0.509675,0.096728,0.152969,2.598891,0.155425,1.479698,#TechLinearMove
0.509273,0.091729,0.154138,2.603280,0.141136,1.488714,#TechLinearMove
0.508868,0.086733,0.155316,2.608989,0.129206,1.496585,#TechLinearMove
0.508397,0.081717,0.156373,2.613730,0.121103,1.501923,#TechLinearMove
0.507761,0.076707,0.157370,2.618516,0.112255,1.507425,#TechLinearMove
0.507332,0.071663,0.158303,2.621874,0.103921,1.512257,#TechLinearMove
0.507421,0.061406,0.158143,2.633663,0.113747,1.508413,#TechLinearMove
0.507532,0.056551,0.157893,2.628651,0.100316,1.515176,#TechLinearMove
0.507430,0.051696,0.158119,2.624292,0.085801,1.522949,#TechLinearMove
0.507329,0.046839,0.158340,2.622311,0.077949,1.527175,#TechLinearMove
0.507349,0.041983,0.158615,2.621260,0.070943,1.530978,#TechLinearMove
0.507358,0.037135,0.158998,2.618435,0.060573,1.536438,#TechLinearMove
0.507314,0.032297,0.159501,2.617695,0.053901,1.540066,#TechLinearMove
0.507226,0.027472,0.160105,2.618934,0.049321,1.542723,#TechLinearMove
0.507104,0.022659,0.160792,2.621184,0.044855,1.545384,#TechLinearMove
0.506970,0.017849,0.161504,2.624554,0.042688,1.546791,#TechLinearMove
0.506860,0.013031,0.162157,2.628554,0.043000,1.546781,#TechLinearMove
0.506811,0.008196,0.162681,2.632612,0.043702,1.546516,#TechLinearMove
0.506825,0.003347,0.163062,2.636057,0.043768,1.546580,#TechLinearMove
0.506841,-0.001508,0.163347,2.638255,0.042195,1.547534,#TechLinearMove
0.506757,-0.006367,0.163535,2.641684,0.039377,1.549230,#TechLinearMove
0.506664,-0.011225,0.163755,2.645906,0.036753,1.550830,#TechLinearMove
0.506636,-0.016088,0.163807,2.647608,0.033989,1.552397,#TechLinearMove
0.506765,-0.023903,0.163520,2.650972,0.028794,1.555331,#TechLinearMove
0.506925,-0.028690,0.163708,2.656825,0.018730,1.560830,#TechLinearMove
0.507139,-0.033476,0.163972,2.663015,0.007942,1.566548,#TechLinearMove
0.507302,-0.038271,0.164119,2.667212,-0.001135,1.571304,#TechLinearMove
0.507466,-0.043066,0.164261,2.672673,-0.006854,1.574252,#TechLinearMove
0.507634,-0.047860,0.164404,2.676339,-0.012569,1.577169,#TechLinearMove
0.507811,-0.052655,0.164527,2.680962,-0.015444,1.578638,#TechLinearMove
0.508018,-0.057450,0.164567,2.682643,-0.020961,1.581447,#TechLinearMove
0.508113,-0.062246,0.164430,2.686760,-0.025452,1.583652,#TechLinearMove
0.508313,-0.067035,0.164191,2.691530,-0.031241,1.586363,#TechLinearMove
0.508488,-0.071826,0.163953,2.697177,-0.037085,1.589133,#TechLinearMove
0.508672,-0.076615,0.163696,2.701718,-0.044241,1.592578,#TechLinearMove
0.509438,-0.084660,0.163002,2.703968,-0.056618,1.597547,#TechLinearMove
0.509655,-0.089583,0.162670,2.711177,-0.070868,1.602870,#TechLinearMove
0.510003,-0.094498,0.162340,2.719554,-0.084605,1.607719,#TechLinearMove
0.510268,-0.099412,0.161927,2.726835,-0.095114,1.611308,#TechLinearMove
0.510495,-0.104326,0.161490,2.732736,-0.104559,1.614466,#TechLinearMove
0.510797,-0.109239,0.161086,2.737277,-0.111216,1.616582,#TechLinearMove
0.511074,-0.114157,0.160719,2.739178,-0.117363,1.618742,#TechLinearMove
0.511375,-0.119071,0.160323,2.743611,-0.122707,1.620209,#TechLinearMove
0.511692,-0.123978,0.159867,2.744889,-0.129891,1.622850,#TechLinearMove
0.511967,-0.128880,0.159329,2.745405,-0.135401,1.624928,#TechLinearMove
0.512342,-0.133781,0.158856,2.745651,-0.142460,1.627584,#TechLinearMove
0.512633,-0.138694,0.158463,2.746324,-0.154071,1.632029,#TechLinearMove
0.513304,-0.148954,0.156933,2.738670,-0.150401,1.633230,#TechLinearMove
0.513605,-0.153895,0.156276,2.736675,-0.137862,1.627402,#TechLinearMove
0.513933,-0.158830,0.155584,2.735212,-0.125278,1.621441,#TechLinearMove
0.514274,-0.163758,0.154856,2.734987,-0.117610,1.617755,#TechLinearMove
0.514615,-0.168688,0.154138,2.735124,-0.109572,1.613913,#TechLinearMove
0.514930,-0.173624,0.153450,2.734976,-0.101778,1.610229,#TechLinearMove
0.515228,-0.178567,0.152805,2.732768,-0.095728,1.607552,#TechLinearMove
0.515511,-0.183513,0.152179,2.727354,-0.088102,1.604542,#TechLinearMove
0.515799,-0.188457,0.151541,2.719949,-0.078266,1.600669,#TechLinearMove
0.516101,-0.193398,0.150882,2.710021,-0.065543,1.595516,#TechLinearMove
0.516439,-0.198336,0.150220,2.696984,-0.050053,1.589076,#TechLinearMove
0.516825,-0.203272,0.149569,2.682791,-0.033943,1.581913,#TechLinearMove
0.517208,-0.208208,0.148921,2.668010,-0.017201,1.573975,#TechLinearMove
0.517582,-0.213148,0.148296,2.653880,-0.002770,1.567192,#TechLinearMove
0.517939,-0.218093,0.147698,2.639950,0.010896,1.560637,#TechLinearMove
0.518365,-0.223025,0.147042,2.617327,0.036844,1.547164,#TechLinearMove
0.518884,-0.227941,0.146335,2.600065,0.061956,1.532812,#TechLinearMove
0.519378,-0.236016,0.145705,2.602957,0.059762,1.534517,#TechLinearMove
0.519292,-0.240789,0.146463,2.596795,0.074801,1.521909,#TechLinearMove
0.518883,-0.245472,0.147633,2.579068,0.093510,1.505496,#TechLinearMove
0.518500,-0.250180,0.148720,2.568829,0.104841,1.495414,#TechLinearMove
0.518051,-0.254846,0.149953,2.561910,0.116072,1.485660,#TechLinearMove
0.517563,-0.259483,0.151278,2.552007,0.129117,1.474421,#TechLinearMove
0.517285,-0.264132,0.152621,2.540711,0.145967,1.459805,#TechLinearMove
0.517022,-0.268798,0.153908,2.531284,0.160082,1.447387,#TechLinearMove
0.516673,-0.273503,0.155017,2.525611,0.174982,1.434934,#TechLinearMove
0.516408,-0.278220,0.156100,2.524843,0.186090,1.426116,#TechLinearMove
0.516320,-0.282981,0.156982,2.523544,0.201258,1.413563,#TechLinearMove
0.516556,-0.287771,0.157680,2.518749,0.221245,1.396333,#TechLinearMove
0.516515,-0.282331,0.156485,2.517357,0.218421,1.406805,#TechLinearMove
0.516319,-0.277251,0.155964,2.533674,0.190076,1.431971,#TechLinearMove
0.516418,-0.272234,0.154988,2.532097,0.175469,1.442352,#TechLinearMove
0.516725,-0.267266,0.153829,2.535027,0.158078,1.455681,#TechLinearMove
0.517216,-0.262377,0.152425,2.546854,0.138593,1.471784,#TechLinearMove
0.517806,-0.257562,0.150812,2.559629,0.121880,1.485760,#TechLinearMove
0.518411,-0.252772,0.149130,2.569299,0.107234,1.497373,#TechLinearMove
0.519007,-0.247961,0.147505,2.583325,0.087646,1.512589,#TechLinearMove
0.519325,-0.243149,0.145837,2.615365,0.059228,1.535725,#TechLinearMove
0.519254,-0.233023,0.145893,2.614232,0.045099,1.544053,#TechLinearMove
0.518717,-0.227957,0.146519,2.626576,0.025448,1.554639,#TechLinearMove
0.518257,-0.222890,0.147201,2.638152,0.004628,1.565412,#TechLinearMove
0.517914,-0.217797,0.147741,2.648486,-0.009714,1.572509,#TechLinearMove
0.517543,-0.212714,0.148348,2.658135,-0.021923,1.578213,#TechLinearMove
0.517155,-0.207636,0.148996,2.672408,-0.037602,1.585401,#TechLinearMove
0.516753,-0.202562,0.149659,2.683707,-0.051021,1.591136,#TechLinearMove
0.516350,-0.197487,0.150316,2.696934,-0.066427,1.597657,#TechLinearMove
0.516024,-0.192410,0.150995,2.706539,-0.077084,1.601814,#TechLinearMove
0.515709,-0.187331,0.151669,2.716985,-0.088974,1.606332,#TechLinearMove
0.515414,-0.182248,0.152318,2.728077,-0.098098,1.609327,#TechLinearMove
0.515126,-0.177163,0.152961,2.736218,-0.105361,1.611620,#TechLinearMove
0.514804,-0.172086,0.153645,2.740828,-0.112566,1.614279,#TechLinearMove
0.514475,-0.167016,0.154372,2.743621,-0.120823,1.617605,#TechLinearMove
0.514130,-0.161947,0.155106,2.747793,-0.132856,1.622504,#TechLinearMove
0.513820,-0.156871,0.155799,2.751837,-0.146331,1.627958,#TechLinearMove
0.513305,-0.148940,0.156905,2.737130,-0.151910,1.634170,#TechLinearMove
0.512973,-0.143844,0.157661,2.735309,-0.139572,1.629455,#TechLinearMove
0.512716,-0.138720,0.158234,2.734150,-0.133594,1.627240,#TechLinearMove
0.512389,-0.133601,0.158830,2.734112,-0.131104,1.626286,#TechLinearMove
0.512004,-0.128483,0.159389,2.731482,-0.125971,1.624627,#TechLinearMove
0.511636,-0.123359,0.159903,2.730833,-0.118291,1.621568,#TechLinearMove
0.511299,-0.118226,0.160358,2.732292,-0.112314,1.618923,#TechLinearMove
0.510985,-0.113089,0.160768,2.731335,-0.108082,1.617370,#TechLinearMove
0.510679,-0.107951,0.161173,2.729179,-0.102865,1.615546,#TechLinearMove
0.510359,-0.102815,0.161596,2.727038,-0.095261,1.612691,#TechLinearMove
0.510095,-0.097677,0.162036,2.723999,-0.084542,1.608658,#TechLinearMove
0.509953,-0.092528,0.162380,2.720039,-0.074675,1.605080,#TechLinearMove
0.509438,-0.084660,0.163002,2.720309,-0.079426,1.606535,#TechLinearMove
0.509027,-0.079657,0.163417,2.710078,-0.058922,1.597666,#TechLinearMove
0.508745,-0.074638,0.163752,2.702732,-0.048432,1.593193,#TechLinearMove
0.508367,-0.069623,0.164038,2.696504,-0.038535,1.588882,#TechLinearMove
0.507902,-0.064610,0.164227,2.690878,-0.029437,1.584711,#TechLinearMove
0.507535,-0.059588,0.164331,2.685716,-0.023142,1.581790,#TechLinearMove
0.507283,-0.054556,0.164327,2.681678,-0.019689,1.580187,#TechLinearMove
0.507076,-0.049524,0.164222,2.676917,-0.017372,1.579140,#TechLinearMove
0.506892,-0.044491,0.164071,2.671626,-0.012249,1.576653,#TechLinearMove
0.506601,-0.039467,0.163881,2.664608,-0.002651,1.571903,#TechLinearMove
0.506706,-0.034436,0.163647,2.657936,0.004293,1.568423,#TechLinearMove
0.506749,-0.024130,0.163554,2.649420,0.015498,1.562286,#TechLinearMove
0.506670,-0.019284,0.163714,2.647992,0.022485,1.558525,#TechLinearMove
0.506582,-0.014439,0.163608,2.647703,0.030490,1.554248,#TechLinearMove
0.506447,-0.009595,0.163427,2.645319,0.034741,1.551881,#TechLinearMove
0.506354,-0.004750,0.163225,2.642056,0.038942,1.549493,#TechLinearMove
0.506282,0.000092,0.162973,2.638693,0.042674,1.547327,#TechLinearMove
0.506245,0.004931,0.162646,2.636051,0.044227,1.546399,#TechLinearMove
0.506257,0.009762,0.162220,2.633323,0.044237,1.546348,#TechLinearMove
0.506333,0.014576,0.161651,2.630156,0.045631,1.545472,#TechLinearMove
0.506462,0.019376,0.160965,2.626816,0.048189,1.543911,#TechLinearMove
0.506604,0.024170,0.160252,2.623215,0.050467,1.542485,#TechLinearMove
0.506770,0.028971,0.159590,2.620178,0.054141,1.540255,#TechLinearMove
0.506998,0.033788,0.159078,2.619875,0.059891,1.537055,#TechLinearMove
0.507184,0.038617,0.158674,2.620336,0.069959,1.531500,#TechLinearMove
0.507321,0.043455,0.158369,2.620522,0.078508,1.526684,#TechLinearMove
0.507570,0.048266,0.157816,2.620003,0.090474,1.519953,#TechLinearMove
0.507681,0.053105,0.157567,2.622317,0.105813,1.511557,#TechLinearMove
0.507404,0.061038,0.158181,2.627087,0.106410,1.511413,#TechLinearMove
0.507440,0.065933,0.158074,2.621880,0.111310,1.508815,#TechLinearMove
0.507636,0.070809,0.157644,2.618423,0.117091,1.505801,#TechLinearMove
0.507779,0.075680,0.157173,2.615879,0.123362,1.502328,#TechLinearMove
0.507911,0.080509,0.156363,2.612874,0.131719,1.497536,#TechLinearMove
0.508156,0.085291,0.155323,2.608869,0.139994,1.492506,#TechLinearMove
0.508541,0.090045,0.154204,2.602177,0.149484,1.486163,#TechLinearMove
0.508926,0.094803,0.153099,2.599028,0.159179,1.480356,#TechLinearMove
0.509298,0.099567,0.152015,2.593847,0.170569,1.473120,#TechLinearMove
0.509653,0.104338,0.150957,2.588591,0.179938,1.466978,#TechLinearMove
0.509947,0.109098,0.149844,2.581492,0.192809,1.458561,#TechLinearMove
0.510510,0.113921,0.149201,2.574233,0.204131,1.451090,#TechLinearMove
0.510632,0.115925,0.148965,2.579286,0.204222,1.448053,#TechLinearMove
0.511205,0.121296,0.148002,2.572999,0.198945,1.448598,#TechLinearMove
0.511598,0.126622,0.146802,2.567120,0.193862,1.449517,#TechLinearMove
0.511778,0.131915,0.145370,2.559311,0.195543,1.445690,#TechLinearMove
0.511977,0.137215,0.143964,2.552877,0.204403,1.437644,#TechLinearMove
0.512507,0.142528,0.142827,2.547227,0.217036,1.426984,#TechLinearMove
0.511978,0.142785,0.143636,2.547227,0.217036,1.426984,#TechMoveTo
0.562201,0.147655,0.174562,2.515636,0.231806,1.425632,#TechMoveTo
0.562753,0.147386,0.173773,2.515636,0.231806,1.425632,#TechMoveTo
0.563173,0.144436,0.174830,2.511771,0.219686,1.423029,#TechLinearMove
0.562424,0.139239,0.176152,2.520413,0.195617,1.438936,#TechLinearMove
0.561700,0.134041,0.177477,2.526200,0.178371,1.450286,#TechLinearMove
0.561025,0.128819,0.178734,2.530377,0.167820,1.456470,#TechLinearMove
0.560424,0.123571,0.179921,2.534715,0.160894,1.459131,#TechLinearMove
0.559931,0.118333,0.180718,2.531169,0.165714,1.455501,#TechLinearMove
0.559443,0.113529,0.181608,2.532613,0.159093,1.460357,#TechLinearMove
0.559021,0.108684,0.182295,2.533389,0.153979,1.464035,#TechLinearMove
0.558560,0.103832,0.182907,2.535498,0.147164,1.469159,#TechLinearMove
0.558043,0.098988,0.183528,2.537365,0.135541,1.477451,#TechLinearMove
0.557523,0.094144,0.184153,2.539730,0.121017,1.487780,#TechLinearMove
0.556969,0.089313,0.184842,2.543114,0.104598,1.499472,#TechLinearMove
0.556362,0.084508,0.185654,2.547323,0.089105,1.510529,#TechLinearMove
0.555751,0.079723,0.186580,2.552259,0.077820,1.518764,#TechLinearMove
0.555204,0.074942,0.187560,2.557761,0.069584,1.524995,#TechLinearMove
0.554640,0.070171,0.188581,2.564860,0.059451,1.532535,#TechLinearMove
0.554923,0.060068,0.188383,2.561802,0.055745,1.534610,#TechLinearMove
0.555464,0.055102,0.188027,2.573669,0.043535,1.542273,#TechLinearMove
0.555819,0.050102,0.188268,2.588463,0.025173,1.553383,#TechLinearMove
0.556049,0.045088,0.188408,2.598296,0.012220,1.561011,#TechLinearMove
0.556300,0.040074,0.188503,2.607902,0.001297,1.567185,#TechLinearMove
0.556535,0.035059,0.188618,2.618086,-0.006967,1.571816,#TechLinearMove
0.556647,0.030042,0.188788,2.626238,-0.016097,1.576915,#TechLinearMove
0.556832,0.025030,0.189025,2.636579,-0.020893,1.579294,#TechLinearMove
0.557026,0.020016,0.189216,2.646694,-0.025708,1.581689,#TechLinearMove
0.557055,0.014996,0.189177,2.654667,-0.028486,1.582920,#TechLinearMove
0.557164,0.009979,0.188986,2.661419,-0.029032,1.582854,#TechLinearMove
0.557362,0.004975,0.188630,2.668049,-0.030337,1.583229,#TechLinearMove
0.557593,-0.000025,0.188230,2.675362,-0.032746,1.584046,#TechLinearMove
0.557979,-0.005021,0.187905,2.681657,-0.034133,1.584443,#TechLinearMove
0.558341,-0.010001,0.187372,2.692200,-0.041288,1.587517,#TechLinearMove
0.558705,-0.014986,0.186901,2.702323,-0.051366,1.591900,#TechLinearMove
0.558929,-0.022624,0.186670,2.701950,-0.044635,1.590257,#TechLinearMove
0.559198,-0.027520,0.186958,2.706025,-0.051670,1.593727,#TechLinearMove
0.559334,-0.032425,0.187175,2.709504,-0.053347,1.594700,#TechLinearMove
0.559512,-0.037333,0.187299,2.711885,-0.055897,1.595965,#TechLinearMove
0.559705,-0.042241,0.187398,2.714521,-0.057244,1.596653,#TechLinearMove
0.559884,-0.047150,0.187460,2.715939,-0.059322,1.597725,#TechLinearMove
0.559917,-0.052062,0.187398,2.719986,-0.065759,1.600550,#TechLinearMove
0.559990,-0.056972,0.187265,2.722748,-0.070084,1.602466,#TechLinearMove
0.560098,-0.061880,0.187075,2.725219,-0.076309,1.605258,#TechLinearMove
0.560388,-0.066780,0.186896,2.726221,-0.083261,1.608483,#TechLinearMove
0.560622,-0.071683,0.186705,2.729521,-0.092386,1.612617,#TechLinearMove
0.560852,-0.076588,0.186536,2.734230,-0.104223,1.617776,#TechLinearMove
0.561261,-0.084522,0.185859,2.732985,-0.107065,1.618071,#TechLinearMove
0.562027,-0.089213,0.185237,2.726850,-0.107955,1.619403,#TechLinearMove
0.562663,-0.093914,0.184551,2.722572,-0.113082,1.622346,#TechLinearMove
0.563252,-0.098630,0.183927,2.720177,-0.118677,1.625207,#TechLinearMove
0.563878,-0.103333,0.183243,2.715394,-0.123160,1.627978,#TechLinearMove
0.564517,-0.108030,0.182529,2.711656,-0.126843,1.630248,#TechLinearMove
0.564938,-0.112746,0.181780,2.707772,-0.132008,1.633231,#TechLinearMove
0.565324,-0.117475,0.181102,2.703488,-0.137703,1.636587,#TechLinearMove
0.565917,-0.122204,0.180600,2.697393,-0.144859,1.640983,#TechLinearMove
0.566550,-0.126933,0.180138,2.692386,-0.150669,1.644610,#TechLinearMove
0.567132,-0.131665,0.179640,2.684494,-0.154382,1.647859,#TechLinearMove
0.567768,-0.136403,0.179286,2.676945,-0.159981,1.651990,#TechLinearMove
0.569316,-0.146043,0.178063,2.675078,-0.151831,1.647596,#TechLinearMove
0.569945,-0.150911,0.177243,2.680019,-0.134459,1.638868,#TechLinearMove
0.570511,-0.155783,0.176396,2.681519,-0.112820,1.628620,#TechLinearMove
0.571152,-0.160670,0.175715,2.682609,-0.094919,1.619947,#TechLinearMove
0.571547,-0.165561,0.174903,2.683913,-0.080014,1.612773,#TechLinearMove
0.571906,-0.170463,0.174132,2.685109,-0.066573,1.606370,#TechLinearMove
0.572250,-0.175391,0.173534,2.687638,-0.053161,1.599921,#TechLinearMove
0.572498,-0.180343,0.173113,2.690496,-0.039570,1.593446,#TechLinearMove
0.572616,-0.185312,0.172900,2.693812,-0.026616,1.587354,#TechLinearMove
0.572489,-0.190277,0.173033,2.699294,-0.014632,1.581693,#TechLinearMove
0.572139,-0.195211,0.173556,2.706762,-0.003987,1.576664,#TechLinearMove
0.571710,-0.200112,0.174311,2.713919,0.006639,1.571757,#TechLinearMove
0.571236,-0.204998,0.175131,2.719107,0.018949,1.566338,#TechLinearMove
0.570800,-0.209878,0.176000,2.724884,0.031905,1.560777,#TechLinearMove
0.570418,-0.214744,0.176960,2.728865,0.048958,1.553329,#TechLinearMove
0.569662,-0.219496,0.178222,2.736465,0.067568,1.545494,#TechLinearMove
0.568807,-0.224186,0.179651,2.739353,0.090698,1.535730,#TechLinearMove
0.568966,-0.231695,0.179653,2.729752,0.109202,1.525135,#TechLinearMove
0.569612,-0.236334,0.178451,2.733984,0.125232,1.507360,#TechLinearMove
0.570199,-0.241039,0.177515,2.737664,0.138081,1.492528,#TechLinearMove
0.570742,-0.245785,0.176766,2.743929,0.146632,1.483955,#TechLinearMove
0.571176,-0.250555,0.176124,2.752781,0.150546,1.477950,#TechLinearMove
0.571725,-0.255346,0.175807,2.765163,0.148637,1.474617,#TechLinearMove
0.571898,-0.260175,0.175786,2.777796,0.140799,1.473753,#TechLinearMove
0.571939,-0.264974,0.176364,2.792005,0.137145,1.471838,#TechLinearMove
0.571735,-0.269676,0.177479,2.799408,0.143430,1.464884,#TechLinearMove
0.571160,-0.274192,0.179108,2.815930,0.145315,1.462335,#TechLinearMove
0.570301,-0.278556,0.180999,2.823776,0.152274,1.455906,#TechLinearMove
0.569595,-0.282933,0.182899,2.831709,0.162218,1.444271,#TechLinearMove
0.568622,-0.287091,0.185143,2.830916,0.187003,1.425997,#TechLinearMove
0.570599,-0.281883,0.181791,2.827795,0.199914,1.463484,#TechLinearMove
0.571270,-0.277424,0.179943,2.813204,0.187069,1.472647,#TechLinearMove
0.571840,-0.272876,0.178231,2.798401,0.178802,1.477314,#TechLinearMove
0.572222,-0.268203,0.176848,2.781364,0.178908,1.477347,#TechLinearMove
0.572251,-0.263416,0.175860,2.759941,0.182650,1.475189,#TechLinearMove
0.571985,-0.258562,0.175339,2.739920,0.185702,1.473956,#TechLinearMove
0.571610,-0.253687,0.175360,2.728973,0.187427,1.475349,#TechLinearMove
0.571247,-0.248837,0.175899,2.728012,0.183823,1.481011,#TechLinearMove
0.570535,-0.244071,0.176778,2.725316,0.176334,1.488801,#TechLinearMove
0.569935,-0.239359,0.177963,2.727980,0.157792,1.506459,#TechLinearMove
0.568932,-0.229114,0.179710,2.733001,0.118589,1.520904,#TechLinearMove
0.569464,-0.224213,0.178790,2.731544,0.085222,1.535690,#TechLinearMove
0.570168,-0.219396,0.177559,2.727980,0.058811,1.547347,#TechLinearMove
0.570605,-0.214457,0.176793,2.723032,0.038334,1.556416,#TechLinearMove
0.571023,-0.209508,0.176054,2.719171,0.022357,1.563680,#TechLinearMove
0.571476,-0.204570,0.175255,2.712771,0.011885,1.568373,#TechLinearMove
0.571926,-0.199633,0.174457,2.706990,-0.000066,1.573848,#TechLinearMove
0.572335,-0.194682,0.173724,2.702036,-0.012477,1.579690,#TechLinearMove
0.572612,-0.189697,0.173220,2.697120,-0.023801,1.585129,#TechLinearMove
0.572682,-0.184682,0.173095,2.692480,-0.035215,1.590714,#TechLinearMove
0.572571,-0.179668,0.173298,2.687248,-0.046329,1.596318,#TechLinearMove
0.572321,-0.174673,0.173735,2.683056,-0.058309,1.602309,#TechLinearMove
0.571967,-0.169704,0.174368,2.682662,-0.073095,1.609362,#TechLinearMove
0.571566,-0.164748,0.175079,2.682634,-0.092558,1.618758,#TechLinearMove
0.571161,-0.159795,0.175796,2.681924,-0.123074,1.633589,#TechLinearMove
0.570660,-0.154884,0.176718,2.676535,-0.144155,1.644298,#TechLinearMove
0.569919,-0.147701,0.178002,2.685583,-0.152706,1.645931,#TechLinearMove
0.569455,-0.142677,0.178822,2.687709,-0.152010,1.645462,#TechLinearMove
0.568604,-0.137659,0.179272,2.691900,-0.152715,1.645191,#TechLinearMove
0.567882,-0.132632,0.179853,2.694936,-0.152274,1.644551,#TechLinearMove
0.567177,-0.127598,0.180393,2.697118,-0.148607,1.642583,#TechLinearMove
0.566492,-0.122556,0.180884,2.700326,-0.143591,1.639812,#TechLinearMove
0.565801,-0.117516,0.181388,2.704668,-0.137273,1.636206,#TechLinearMove
0.565082,-0.112484,0.181931,2.708713,-0.131275,1.632852,#TechLinearMove
0.564468,-0.107461,0.182633,2.712117,-0.126611,1.630283,#TechLinearMove
0.563989,-0.102444,0.183485,2.715318,-0.120355,1.627050,#TechLinearMove
0.563509,-0.097424,0.184326,2.719110,-0.114130,1.623812,#TechLinearMove
0.562985,-0.092422,0.185242,2.722400,-0.109132,1.621257,#TechLinearMove
0.562348,-0.084516,0.186414,2.724124,-0.103810,1.617689,#TechLinearMove
0.561883,-0.079371,0.186674,2.726286,-0.097653,1.614170,#TechLinearMove
0.561427,-0.074216,0.186858,2.727989,-0.091258,1.610813,#TechLinearMove
0.561027,-0.069056,0.187085,2.728879,-0.084056,1.607308,#TechLinearMove
0.560656,-0.063893,0.187260,2.728130,-0.075549,1.603339,#TechLinearMove
0.560310,-0.058726,0.187386,2.727089,-0.067887,1.599764,#TechLinearMove
0.560017,-0.053555,0.187429,2.725166,-0.063095,1.597528,#TechLinearMove
0.559878,-0.048379,0.187453,2.722369,-0.059567,1.595904,#TechLinearMove
0.559859,-0.043199,0.187489,2.719330,-0.056522,1.594495,#TechLinearMove
0.559820,-0.038020,0.187557,2.714479,-0.054335,1.593375,#TechLinearMove
0.559898,-0.032844,0.187428,2.712441,-0.058552,1.594877,#TechLinearMove
0.559964,-0.022439,0.187307,2.709575,-0.051262,1.593045,#TechLinearMove
0.559600,-0.017295,0.187465,2.696900,-0.036364,1.586233,#TechLinearMove
0.559060,-0.012170,0.187824,2.686961,-0.026027,1.581410,#TechLinearMove
0.558691,-0.007025,0.188109,2.679858,-0.023311,1.580215,#TechLinearMove
0.558323,-0.001881,0.188407,2.673065,-0.021730,1.579595,#TechLinearMove
0.557928,0.003260,0.188737,2.667011,-0.020061,1.578887,#TechLinearMove
0.557569,0.008406,0.189013,2.658207,-0.017444,1.577829,#TechLinearMove
0.557292,0.013563,0.189140,2.652027,-0.014345,1.576353,#TechLinearMove
0.557086,0.018725,0.189137,2.646089,-0.010768,1.574550,#TechLinearMove
0.557072,0.023890,0.189136,2.638738,-0.010049,1.574262,#TechLinearMove
0.557106,0.029056,0.189079,2.629944,-0.006630,1.572419,#TechLinearMove
0.557007,0.034218,0.188915,2.619457,-0.001079,1.569253,#TechLinearMove
0.556997,0.039384,0.188910,2.610876,0.008901,1.563439,#TechLinearMove
0.556754,0.044543,0.188820,2.601961,0.021053,1.556368,#TechLinearMove
0.556773,0.049700,0.188519,2.588116,0.037864,1.546420,#TechLinearMove
0.556450,0.054849,0.188641,2.568464,0.054855,1.535626,#TechLinearMove
0.556167,0.062259,0.189569,2.561112,0.051267,1.537384,#TechLinearMove
0.555961,0.067348,0.188747,2.557969,0.059466,1.531511,#TechLinearMove
0.556042,0.072437,0.187894,2.555283,0.071025,1.523404,#TechLinearMove
0.556129,0.077542,0.187132,2.553616,0.082822,1.515254,#TechLinearMove
0.556373,0.082612,0.186188,2.552304,0.094503,1.507274,#TechLinearMove
0.556778,0.087669,0.185241,2.549935,0.107596,1.498175,#TechLinearMove
0.557347,0.092738,0.184434,2.546824,0.121497,1.488364,#TechLinearMove
0.557906,0.097812,0.183658,2.544031,0.134710,1.478927,#TechLinearMove
0.558446,0.102895,0.182925,2.540986,0.146521,1.470300,#TechLinearMove
0.558968,0.107996,0.182319,2.538802,0.160120,1.460632,#TechLinearMove
0.559340,0.113106,0.181679,2.532949,0.168456,1.453568,#TechLinearMove
0.559752,0.116309,0.181033,2.531689,0.171530,1.451624,#TechLinearMove
0.560188,0.121063,0.180253,2.525493,0.174367,1.450524,#TechLinearMove
0.560658,0.125793,0.179355,2.524602,0.176997,1.449945,#TechLinearMove
0.561216,0.130492,0.178347,2.525737,0.180165,1.449483,#TechLinearMove
0.561836,0.135150,0.177196,2.528638,0.190230,1.444672,#TechLinearMove
0.562494,0.139794,0.176011,2.524389,0.202314,1.436494,#TechLinearMove
0.563173,0.144436,0.174830,2.517207,0.220870,1.423850,#TechLinearMove
0.562620,0.144697,0.175621,2.517207,0.220870,1.423850,#TechMoveTo
0.512282,0.145878,0.143027,2.539599,0.230476,1.416654,#TechMoveTo
0.512812,0.145605,0.142225,2.539599,0.230476,1.416654,#TechMoveTo
0.510533,0.143556,0.141146,2.545466,0.219582,1.424799,#TechLinearMove
0.507338,0.140017,0.140031,2.553773,0.208008,1.435407,#TechLinearMove
0.503981,0.136648,0.138851,2.555416,0.201593,1.440532,#TechLinearMove
0.500663,0.133153,0.137958,2.561066,0.199434,1.444090,#TechLinearMove
0.497104,0.129913,0.137023,2.560050,0.205081,1.440883,#TechLinearMove
0.493779,0.126363,0.136457,2.560554,0.212966,1.436568,#TechLinearMove
0.490426,0.122831,0.135903,2.560583,0.217415,1.434597,#TechLinearMove
0.489678,0.117730,0.137607,2.568249,0.215323,1.435944,#TechLinearMove
0.489021,0.112925,0.138793,2.571211,0.205855,1.442170,#TechLinearMove
0.488587,0.108116,0.140078,2.569746,0.197439,1.446733,#TechLinearMove
0.488196,0.103312,0.141393,2.571230,0.186075,1.453840,#TechLinearMove
0.487768,0.098486,0.142613,2.574086,0.173919,1.461789,#TechLinearMove
0.487383,0.093631,0.143722,2.576591,0.161247,1.469949,#TechLinearMove
0.487048,0.088753,0.144752,2.578166,0.147965,1.478224,#TechLinearMove
0.486651,0.083858,0.145667,2.580245,0.135848,1.485858,#TechLinearMove
0.486248,0.078931,0.146378,2.584545,0.126263,1.492427,#TechLinearMove
0.485917,0.073968,0.146848,2.581223,0.117802,1.496884,#TechLinearMove
0.485727,0.069004,0.147386,2.580514,0.107027,1.503039,#TechLinearMove
0.485862,0.058978,0.147078,2.579860,0.092782,1.512267,#TechLinearMove
0.485795,0.053964,0.147209,2.580339,0.083855,1.518230,#TechLinearMove
0.485688,0.048956,0.147486,2.581549,0.079343,1.521512,#TechLinearMove
0.485644,0.043941,0.147596,2.579823,0.074695,1.524402,#TechLinearMove
0.485724,0.038929,0.147803,2.580630,0.070318,1.527417,#TechLinearMove
0.485797,0.033920,0.148083,2.580108,0.066072,1.530225,#TechLinearMove
0.485839,0.028915,0.148436,2.581218,0.063879,1.531883,#TechLinearMove
0.485866,0.023914,0.148829,2.580419,0.062105,1.533121,#TechLinearMove
0.485902,0.018914,0.149245,2.579961,0.060592,1.534220,#TechLinearMove
0.485949,0.013911,0.149622,2.578050,0.059914,1.534700,#TechLinearMove
0.486022,0.008905,0.149937,2.575716,0.058590,1.535562,#TechLinearMove
0.486099,0.003895,0.150193,2.574281,0.055840,1.537369,#TechLinearMove
0.486185,-0.001114,0.150473,2.572382,0.051678,1.540083,#TechLinearMove
0.486097,-0.006125,0.150701,2.570973,0.050862,1.540695,#TechLinearMove
0.486003,-0.011134,0.150978,2.567799,0.046647,1.543525,#TechLinearMove
0.485930,-0.016148,0.151122,2.565013,0.044639,1.545014,#TechLinearMove
0.485871,-0.023701,0.151279,2.561205,0.042855,1.544322,#TechLinearMove
0.485642,-0.028645,0.151860,2.563774,0.028810,1.552504,#TechLinearMove
0.485480,-0.033608,0.152294,2.563412,0.019813,1.557519,#TechLinearMove
0.485332,-0.038577,0.152646,2.562030,0.012040,1.562026,#TechLinearMove
0.485210,-0.043550,0.152953,2.562200,0.004500,1.566435,#TechLinearMove
0.485194,-0.048524,0.153263,2.561559,-0.002753,1.570653,#TechLinearMove
0.485317,-0.053498,0.153546,2.558134,-0.010216,1.574994,#TechLinearMove
0.485499,-0.058476,0.153698,2.555773,-0.017853,1.579484,#TechLinearMove
0.485719,-0.063455,0.153734,2.554177,-0.026373,1.584643,#TechLinearMove
0.485979,-0.068432,0.153701,2.552166,-0.035389,1.590181,#TechLinearMove
0.486296,-0.073405,0.153722,2.551474,-0.044408,1.595439,#TechLinearMove
0.486640,-0.078369,0.153634,2.549310,-0.060657,1.605247,#TechLinearMove
0.487209,-0.086410,0.153233,2.551821,-0.063980,1.610406,#TechLinearMove
0.487295,-0.091175,0.153026,2.547682,-0.073884,1.617528,#TechLinearMove
0.487526,-0.095929,0.152670,2.544420,-0.079402,1.621627,#TechLinearMove
0.487787,-0.100681,0.152304,2.541176,-0.083452,1.624739,#TechLinearMove
0.488074,-0.105429,0.151899,2.539216,-0.089454,1.629010,#TechLinearMove
0.488363,-0.110174,0.151464,2.542412,-0.094239,1.631866,#TechLinearMove
0.488687,-0.114910,0.150968,2.545666,-0.099622,1.635046,#TechLinearMove
0.489021,-0.119644,0.150452,2.549175,-0.104547,1.637772,#TechLinearMove
0.489427,-0.124375,0.149972,2.552777,-0.110539,1.641168,#TechLinearMove
0.489761,-0.129117,0.149533,2.555465,-0.116457,1.644663,#TechLinearMove
0.490119,-0.133854,0.149071,2.557737,-0.124313,1.649475,#TechLinearMove
0.490398,-0.138604,0.148712,2.560030,-0.135259,1.656205,#TechLinearMove
0.490811,-0.149296,0.147767,2.567617,-0.125354,1.649946,#TechLinearMove
0.491148,-0.154205,0.146963,2.558818,-0.118068,1.645397,#TechLinearMove
0.491466,-0.159121,0.146199,2.551687,-0.114189,1.642680,#TechLinearMove
0.491719,-0.164063,0.145591,2.545841,-0.112024,1.641544,#TechLinearMove
0.491984,-0.169003,0.144967,2.537101,-0.108813,1.640286,#TechLinearMove
0.492261,-0.173936,0.144301,2.529700,-0.106465,1.639301,#TechLinearMove
0.492630,-0.178865,0.143648,2.522892,-0.104516,1.638438,#TechLinearMove
0.493019,-0.183791,0.142979,2.516087,-0.102948,1.637793,#TechLinearMove
0.493453,-0.188711,0.142303,2.510313,-0.099852,1.635899,#TechLinearMove
0.493930,-0.193629,0.141634,2.504181,-0.096121,1.633590,#TechLinearMove
0.494415,-0.198540,0.140929,2.498108,-0.091562,1.630681,#TechLinearMove
0.494915,-0.203439,0.140145,2.491825,-0.084733,1.626080,#TechLinearMove
0.495453,-0.208320,0.139282,2.485338,-0.075159,1.619333,#TechLinearMove
0.496018,-0.213185,0.138352,2.480395,-0.063443,1.610542,#TechLinearMove
0.496618,-0.218042,0.137397,2.472043,-0.051874,1.601755,#TechLinearMove
0.497267,-0.222872,0.136350,2.463257,-0.038186,1.591039,#TechLinearMove
0.497816,-0.227713,0.135293,2.452898,-0.023335,1.579252,#TechLinearMove
0.498116,-0.235574,0.133420,2.444325,0.003399,1.562159,#TechLinearMove
0.497974,-0.240691,0.132670,2.440080,0.016089,1.555834,#TechLinearMove
0.497393,-0.245824,0.132337,2.438124,0.029015,1.548104,#TechLinearMove
0.496649,-0.250940,0.132296,2.436433,0.038758,1.542001,#TechLinearMove
0.495670,-0.256008,0.132637,2.436725,0.052374,1.532946,#TechLinearMove
0.494562,-0.260993,0.133445,2.438587,0.067457,1.522922,#TechLinearMove
0.493378,-0.265916,0.134518,2.437433,0.084231,1.510825,#TechLinearMove
0.492192,-0.270844,0.135567,2.427735,0.105133,1.493458,#TechLinearMove
0.491164,-0.275826,0.136511,2.413421,0.127260,1.473764,#TechLinearMove
0.490296,-0.280875,0.137238,2.396066,0.146966,1.455020,#TechLinearMove
0.489479,-0.285932,0.137968,2.376215,0.171917,1.431807,#TechLinearMove
0.489017,-0.291062,0.138161,2.342039,0.192101,1.408238,#TechLinearMove
0.489343,-0.285693,0.138918,2.350814,0.217053,1.372259,#TechLinearMove
0.490352,-0.280894,0.138394,2.381788,0.183319,1.408630,#TechLinearMove
0.491207,-0.276082,0.137700,2.400856,0.153189,1.438391,#TechLinearMove
0.492465,-0.271418,0.136708,2.413663,0.127416,1.461985,#TechLinearMove
0.493892,-0.266872,0.135417,2.424384,0.095789,1.489323,#TechLinearMove
0.495200,-0.262288,0.134140,2.427945,0.068132,1.511621,#TechLinearMove
0.496304,-0.257584,0.133129,2.424546,0.051979,1.522992,#TechLinearMove
0.497260,-0.252787,0.132494,2.420636,0.042255,1.529216,#TechLinearMove
0.498053,-0.247918,0.132305,2.417656,0.029545,1.538020,#TechLinearMove
0.498465,-0.243011,0.132396,2.412310,0.023230,1.540036,#TechLinearMove
0.498228,-0.232929,0.134250,2.428690,0.015096,1.551969,#TechLinearMove
0.497819,-0.228220,0.135312,2.447301,-0.005358,1.568211,#TechLinearMove
0.497261,-0.223515,0.136316,2.463027,-0.023402,1.581831,#TechLinearMove
0.496690,-0.218798,0.137256,2.472870,-0.038773,1.593540,#TechLinearMove
0.496119,-0.214078,0.138185,2.483003,-0.053031,1.604008,#TechLinearMove
0.495548,-0.209357,0.139107,2.490416,-0.067200,1.614335,#TechLinearMove
0.494996,-0.204626,0.139986,2.495533,-0.078681,1.622618,#TechLinearMove
0.494488,-0.199875,0.140783,2.500600,-0.087253,1.628542,#TechLinearMove
0.494007,-0.195106,0.141479,2.505327,-0.094169,1.633200,#TechLinearMove
0.493531,-0.190328,0.142118,2.509445,-0.099271,1.636577,#TechLinearMove
0.493102,-0.185547,0.142766,2.513656,-0.103641,1.639404,#TechLinearMove
0.492722,-0.180760,0.143402,2.516971,-0.106854,1.641557,#TechLinearMove
0.492368,-0.175970,0.144025,2.519829,-0.109016,1.643022,#TechLinearMove
0.492098,-0.171178,0.144684,2.525325,-0.112108,1.644670,#TechLinearMove
0.491835,-0.166382,0.145307,2.530582,-0.114372,1.645818,#TechLinearMove
0.491580,-0.161583,0.145917,2.541684,-0.118799,1.647735,#TechLinearMove
0.491240,-0.156826,0.146764,2.549300,-0.126071,1.652175,#TechLinearMove
0.490753,-0.149387,0.147903,2.554297,-0.118169,1.647694,#TechLinearMove
0.490622,-0.144377,0.148244,2.553529,-0.116449,1.646005,#TechLinearMove
0.490380,-0.139377,0.148653,2.556086,-0.111502,1.641890,#TechLinearMove
0.490072,-0.134382,0.149087,2.552732,-0.108949,1.640369,#TechLinearMove
0.489764,-0.129387,0.149517,2.550801,-0.104943,1.637680,#TechLinearMove
0.489446,-0.124397,0.149990,2.550747,-0.100756,1.634571,#TechLinearMove
0.489097,-0.119415,0.150527,2.549597,-0.096810,1.631786,#TechLinearMove
0.488726,-0.114437,0.151094,2.548981,-0.092865,1.628928,#TechLinearMove
0.488381,-0.109454,0.151619,2.549021,-0.089423,1.626293,#TechLinearMove
0.488069,-0.104461,0.152068,2.548991,-0.085808,1.623527,#TechLinearMove
0.487791,-0.099465,0.152513,2.550527,-0.081142,1.619710,#TechLinearMove
0.487570,-0.094461,0.152884,2.554182,-0.074347,1.614035,#TechLinearMove
0.487209,-0.086410,0.153233,2.564384,-0.075826,1.616960,#TechLinearMove
0.486948,-0.081208,0.153518,2.567170,-0.060778,1.607885,#TechLinearMove
0.486678,-0.076002,0.153665,2.564872,-0.045756,1.598977,#TechLinearMove
0.486288,-0.070801,0.153713,2.563068,-0.035330,1.592775,#TechLinearMove
0.485966,-0.065595,0.153760,2.562364,-0.025463,1.586873,#TechLinearMove
0.485728,-0.060385,0.153775,2.561856,-0.015761,1.581044,#TechLinearMove
0.485527,-0.055174,0.153665,2.560970,-0.004863,1.574510,#TechLinearMove
0.485382,-0.049966,0.153413,2.560380,0.004345,1.569036,#TechLinearMove
0.485283,-0.044764,0.153047,2.560653,0.012071,1.564469,#TechLinearMove
0.485278,-0.039558,0.152764,2.563865,0.022436,1.558413,#TechLinearMove
0.485411,-0.034357,0.152418,2.565689,0.035904,1.550618,#TechLinearMove
0.485839,-0.024133,0.151399,2.564281,0.037794,1.547775,#TechLinearMove
0.485865,-0.019271,0.151340,2.566744,0.042350,1.544779,#TechLinearMove
0.485947,-0.014414,0.151136,2.568462,0.045016,1.542949,#TechLinearMove
0.486052,-0.009560,0.150871,2.570105,0.047492,1.541336,#TechLinearMove
0.486140,-0.004705,0.150627,2.571250,0.049045,1.540308,#TechLinearMove
0.486119,0.000149,0.150358,2.573253,0.051671,1.538670,#TechLinearMove
0.486053,0.005004,0.150106,2.575581,0.054866,1.536690,#TechLinearMove
0.485977,0.009859,0.149862,2.578084,0.057213,1.535270,#TechLinearMove
0.485913,0.014712,0.149564,2.579587,0.058115,1.534697,#TechLinearMove
0.485876,0.019559,0.149191,2.580547,0.058110,1.534644,#TechLinearMove
0.485853,0.024405,0.148790,2.581684,0.058687,1.534238,#TechLinearMove
0.485828,0.029252,0.148407,2.581668,0.060822,1.532784,#TechLinearMove
0.485782,0.034102,0.148067,2.582094,0.064300,1.530521,#TechLinearMove
0.485716,0.038956,0.147803,2.582442,0.069393,1.527257,#TechLinearMove
0.485645,0.043813,0.147591,2.580950,0.073091,1.524652,#TechLinearMove
0.485743,0.048667,0.147334,2.579816,0.076357,1.522254,#TechLinearMove
0.485873,0.053517,0.147013,2.577998,0.083461,1.517379,#TechLinearMove
0.485475,0.061308,0.146967,2.580180,0.091253,1.513125,#TechLinearMove
0.485173,0.066064,0.146638,2.584129,0.097247,1.510486,#TechLinearMove
0.485094,0.070825,0.146247,2.582286,0.107806,1.504201,#TechLinearMove
0.485029,0.075583,0.145840,2.580132,0.115778,1.499254,#TechLinearMove
0.485067,0.080316,0.145191,2.578974,0.126084,1.492983,#TechLinearMove
0.485203,0.085022,0.144378,2.578439,0.137908,1.485827,#TechLinearMove
0.485638,0.089713,0.143579,2.577426,0.148581,1.479269,#TechLinearMove
0.485937,0.094380,0.142600,2.576289,0.163220,1.470419,#TechLinearMove
0.486268,0.099025,0.141532,2.571968,0.176555,1.461652,#TechLinearMove
0.486702,0.103644,0.140389,2.568774,0.188222,1.453957,#TechLinearMove
0.487159,0.108249,0.139198,2.566170,0.204442,1.443687,#TechLinearMove
0.487562,0.112868,0.138043,2.564086,0.217045,1.435941,#TechLinearMove
0.490291,0.117051,0.138279,2.569399,0.220597,1.433097,#TechLinearMove
0.493583,0.121137,0.138656,2.564403,0.211574,1.436918,#TechLinearMove
0.497023,0.125099,0.139154,2.563438,0.207039,1.439229,#TechLinearMove
0.500174,0.129316,0.139417,2.558693,0.202491,1.440463,#TechLinearMove
0.503548,0.133318,0.140037,2.556231,0.203276,1.439044,#TechLinearMove
0.506701,0.137505,0.140602,2.552312,0.205293,1.436436,#TechLinearMove
0.509866,0.141646,0.141255,2.547931,0.214935,1.428486,#TechLinearMove
0.509337,0.141901,0.142065,2.547931,0.214935,1.428486,#TechMoveTo
0.562201,0.147655,0.174562,2.515636,0.231806,1.425632,#TechMoveTo
0.562753,0.147386,0.173773,2.515636,0.231806,1.425632,#TechMoveTo
0.563861,0.144448,0.175287,2.515924,0.217265,1.425932,#TechLinearMove
0.565430,0.139985,0.178021,2.517326,0.199378,1.436431,#TechLinearMove
0.566879,0.135509,0.180815,2.519737,0.187021,1.444104,#TechLinearMove
0.568358,0.131126,0.183747,2.520708,0.179697,1.447862,#TechLinearMove
0.569792,0.126704,0.186644,2.521822,0.176559,1.448774,#TechLinearMove
0.571370,0.122345,0.189559,2.519227,0.173322,1.448044,#TechLinearMove
0.571867,0.117666,0.191116,2.523541,0.171949,1.449927,#TechLinearMove
0.572166,0.112993,0.192418,2.525556,0.160161,1.458266,#TechLinearMove
0.572463,0.108266,0.193527,2.528227,0.153514,1.463304,#TechLinearMove
0.572749,0.103515,0.194536,2.531904,0.143765,1.470602,#TechLinearMove
0.573083,0.098771,0.195561,2.535274,0.130648,1.480143,#TechLinearMove
0.573375,0.094014,0.196531,2.539090,0.117992,1.489398,#TechLinearMove
0.573652,0.089245,0.197443,2.543136,0.104471,1.499242,#TechLinearMove
0.574016,0.084496,0.198437,2.545641,0.088382,1.510570,#TechLinearMove
0.574287,0.079746,0.199455,2.547637,0.077647,1.518036,#TechLinearMove
0.574567,0.074992,0.200450,2.549641,0.067143,1.525252,#TechLinearMove
0.574912,0.070235,0.201406,2.552835,0.053287,1.534869,#TechLinearMove
0.575452,0.059646,0.201356,2.567975,0.047546,1.539662,#TechLinearMove
0.575963,0.054814,0.201080,2.582696,0.028553,1.551290,#TechLinearMove
0.576234,0.049953,0.201080,2.593683,0.008572,1.563090,#TechLinearMove
0.576431,0.045086,0.201089,2.601851,-0.000729,1.568367,#TechLinearMove
0.576647,0.040221,0.201039,2.608704,-0.013847,1.575924,#TechLinearMove
0.576881,0.035357,0.200979,2.617272,-0.025470,1.582373,#TechLinearMove
0.577183,0.030497,0.200919,2.625011,-0.035693,1.587935,#TechLinearMove
0.577459,0.025638,0.200763,2.632756,-0.041880,1.591060,#TechLinearMove
0.577684,0.020780,0.200502,2.641494,-0.045973,1.592812,#TechLinearMove
0.577923,0.015925,0.200207,2.650806,-0.050644,1.594758,#TechLinearMove
0.578214,0.011074,0.199885,2.660989,-0.054481,1.596084,#TechLinearMove
0.578605,0.006235,0.199506,2.671998,-0.056558,1.596316,#TechLinearMove
0.579132,0.001408,0.199133,2.682218,-0.059835,1.597207,#TechLinearMove
0.579651,-0.003417,0.198736,2.694314,-0.064211,1.598438,#TechLinearMove
0.580264,-0.008210,0.198126,2.710067,-0.069624,1.599921,#TechLinearMove
0.580781,-0.013026,0.197642,2.726709,-0.083782,1.605439,#TechLinearMove
0.581579,-0.020566,0.197962,2.729648,-0.082411,1.605642,#TechLinearMove
0.581548,-0.025499,0.198245,2.736554,-0.080460,1.605260,#TechLinearMove
0.581568,-0.030436,0.198412,2.740546,-0.075860,1.603908,#TechLinearMove
0.581683,-0.035374,0.198516,2.744822,-0.074374,1.603477,#TechLinearMove
0.581686,-0.040316,0.198507,2.750049,-0.072512,1.602811,#TechLinearMove
0.581711,-0.045256,0.198442,2.753181,-0.071633,1.602727,#TechLinearMove
0.581784,-0.050195,0.198316,2.755824,-0.072774,1.603499,#TechLinearMove
0.581914,-0.055131,0.198108,2.758779,-0.074576,1.604505,#TechLinearMove
0.582096,-0.060060,0.197821,2.761335,-0.078389,1.606355,#TechLinearMove
0.582460,-0.064979,0.197544,2.763520,-0.083007,1.608560,#TechLinearMove
0.582765,-0.069904,0.197295,2.767719,-0.088873,1.611426,#TechLinearMove
0.583077,-0.074830,0.197069,2.769804,-0.092981,1.613900,#TechLinearMove
0.583597,-0.082565,0.196218,2.767688,-0.088797,1.609031,#TechLinearMove
0.584331,-0.087423,0.195677,2.766277,-0.099118,1.613701,#TechLinearMove
0.584896,-0.092306,0.195145,2.765377,-0.106388,1.617023,#TechLinearMove
0.585451,-0.097190,0.194623,2.765516,-0.112079,1.619407,#TechLinearMove
0.586031,-0.102071,0.194090,2.767283,-0.118870,1.621999,#TechLinearMove
0.586600,-0.106953,0.193560,2.768929,-0.127467,1.625252,#TechLinearMove
0.586913,-0.111857,0.193016,2.769148,-0.135216,1.628444,#TechLinearMove
0.587231,-0.116764,0.192510,2.766497,-0.140499,1.631117,#TechLinearMove
0.587547,-0.121674,0.192017,2.765622,-0.145279,1.633301,#TechLinearMove
0.587845,-0.126587,0.191558,2.762628,-0.150239,1.635919,#TechLinearMove
0.588144,-0.131500,0.191094,2.756917,-0.156936,1.639818,#TechLinearMove
0.588401,-0.136417,0.190649,2.746690,-0.161770,1.643996,#TechLinearMove
0.589162,-0.148487,0.189403,2.745225,-0.141206,1.632676,#TechLinearMove
0.589677,-0.153432,0.188596,2.743591,-0.120497,1.622565,#TechLinearMove
0.590431,-0.158372,0.187978,2.747193,-0.100710,1.612260,#TechLinearMove
0.590949,-0.163360,0.187517,2.753159,-0.083157,1.603230,#TechLinearMove
0.591371,-0.168362,0.187112,2.757714,-0.070882,1.597020,#TechLinearMove
0.591748,-0.173374,0.186788,2.761688,-0.058464,1.590890,#TechLinearMove
0.592074,-0.178393,0.186547,2.766922,-0.046640,1.584904,#TechLinearMove
0.592342,-0.183420,0.186409,2.769248,-0.032012,1.578024,#TechLinearMove
0.592544,-0.188452,0.186366,2.768781,-0.014761,1.570288,#TechLinearMove
0.592696,-0.193486,0.186399,2.768492,0.001928,1.562690,#TechLinearMove
0.592845,-0.198520,0.186456,2.767667,0.019481,1.554768,#TechLinearMove
0.593015,-0.203553,0.186449,2.766450,0.036633,1.547159,#TechLinearMove
0.593149,-0.208586,0.186336,2.766236,0.052125,1.540294,#TechLinearMove
0.593148,-0.213618,0.186339,2.764224,0.071637,1.531284,#TechLinearMove
0.593137,-0.218653,0.186417,2.754483,0.099187,1.518182,#TechLinearMove
0.593341,-0.223679,0.186198,2.738815,0.133435,1.501828,#TechLinearMove
0.593834,-0.231300,0.184919,2.752017,0.116111,1.516047,#TechLinearMove
0.594942,-0.236194,0.184177,2.781523,0.126852,1.517703,#TechLinearMove
0.595418,-0.241246,0.183965,2.813257,0.127057,1.521830,#TechLinearMove
0.595754,-0.246307,0.183880,2.831893,0.131580,1.523567,#TechLinearMove
0.595732,-0.251359,0.184331,2.852283,0.137517,1.525467,#TechLinearMove
0.595332,-0.256313,0.185375,2.860823,0.148971,1.523957,#TechLinearMove
0.594678,-0.261167,0.186733,2.860259,0.165400,1.519706,#TechLinearMove
0.593957,-0.265950,0.188291,2.865173,0.180218,1.516991,#TechLinearMove
0.593351,-0.270749,0.189850,2.867280,0.204077,1.511236,#TechLinearMove
0.592770,-0.275585,0.191298,2.860214,0.234779,1.502528,#TechLinearMove
0.592012,-0.280307,0.192998,2.858547,0.267632,1.494114,#TechLinearMove
0.591680,-0.285159,0.194410,2.862155,0.302631,1.486013,#TechLinearMove
0.592092,-0.279935,0.194110,2.895611,0.248567,1.508538,#TechLinearMove
0.592652,-0.275415,0.192117,2.897179,0.205645,1.515276,#TechLinearMove
0.593286,-0.270861,0.190219,2.884227,0.189166,1.515432,#TechLinearMove
0.594002,-0.266326,0.188306,2.878145,0.171706,1.517385,#TechLinearMove
0.594921,-0.261815,0.186425,2.873132,0.155851,1.519257,#TechLinearMove
0.595874,-0.257233,0.184778,2.860694,0.150060,1.517747,#TechLinearMove
0.596238,-0.252417,0.183622,2.834276,0.157282,1.511476,#TechLinearMove
0.596195,-0.247473,0.183061,2.817259,0.151847,1.509160,#TechLinearMove
0.595828,-0.242542,0.182786,2.789478,0.140163,1.505792,#TechLinearMove
0.594262,-0.232071,0.184767,2.771998,0.137184,1.510877,#TechLinearMove
0.593704,-0.227293,0.185515,2.773875,0.103324,1.525647,#TechLinearMove
0.593436,-0.222443,0.185879,2.778827,0.072006,1.539323,#TechLinearMove
0.593187,-0.217592,0.186257,2.782281,0.046711,1.549506,#TechLinearMove
0.593032,-0.212731,0.186530,2.785507,0.026517,1.557527,#TechLinearMove
0.592860,-0.207863,0.186628,2.791312,0.004590,1.566634,#TechLinearMove
0.592810,-0.202992,0.186597,2.794134,-0.016021,1.575289,#TechLinearMove
0.592885,-0.198121,0.186502,2.793124,-0.032934,1.582436,#TechLinearMove
0.592990,-0.193251,0.186386,2.791284,-0.047766,1.588755,#TechLinearMove
0.593031,-0.188380,0.186323,2.788172,-0.060226,1.594309,#TechLinearMove
0.592991,-0.183508,0.186369,2.781729,-0.069785,1.599106,#TechLinearMove
0.592893,-0.178640,0.186541,2.773072,-0.080004,1.604428,#TechLinearMove
0.592706,-0.173782,0.186859,2.764246,-0.090412,1.609954,#TechLinearMove
0.592397,-0.168938,0.187275,2.755216,-0.097002,1.614224,#TechLinearMove
0.591937,-0.164110,0.187741,2.745262,-0.108566,1.620654,#TechLinearMove
0.591499,-0.159297,0.188355,2.734836,-0.123982,1.629373,#TechLinearMove
0.590868,-0.154535,0.189169,2.725429,-0.138859,1.638003,#TechLinearMove
0.590483,-0.146415,0.190419,2.744897,-0.138850,1.631756,#TechLinearMove
0.589706,-0.141367,0.190621,2.752749,-0.137359,1.630436,#TechLinearMove
0.589160,-0.136295,0.190977,2.760893,-0.136889,1.629323,#TechLinearMove
0.588648,-0.131222,0.191359,2.766232,-0.136322,1.628506,#TechLinearMove
0.588152,-0.126146,0.191727,2.770187,-0.133275,1.626991,#TechLinearMove
0.587642,-0.121074,0.192121,2.773351,-0.129562,1.625365,#TechLinearMove
0.587211,-0.116001,0.192589,2.774602,-0.125823,1.624025,#TechLinearMove
0.586880,-0.110926,0.193122,2.774597,-0.121236,1.622550,#TechLinearMove
0.586535,-0.105857,0.193693,2.773012,-0.115035,1.620654,#TechLinearMove
0.586157,-0.100795,0.194308,2.768934,-0.107909,1.618750,#TechLinearMove
0.585781,-0.095733,0.194928,2.767352,-0.100550,1.616535,#TechLinearMove
0.585392,-0.090673,0.195554,2.764954,-0.092846,1.614327,#TechLinearMove
0.584728,-0.082539,0.196645,2.770966,-0.085739,1.607508,#TechLinearMove
0.584421,-0.077347,0.197145,2.768374,-0.086569,1.607234,#TechLinearMove
0.583859,-0.072161,0.197425,2.766371,-0.085447,1.606395,#TechLinearMove
0.583394,-0.066967,0.197748,2.765020,-0.083210,1.605248,#TechLinearMove
0.582959,-0.061767,0.198021,2.763762,-0.081030,1.604106,#TechLinearMove
0.582543,-0.056564,0.198249,2.761605,-0.079214,1.603182,#TechLinearMove
0.582173,-0.051355,0.198404,2.758877,-0.078270,1.602657,#TechLinearMove
0.581860,-0.046140,0.198479,2.756087,-0.080153,1.603266,#TechLinearMove
0.581692,-0.040919,0.198526,2.752496,-0.083092,1.604376,#TechLinearMove
0.581596,-0.035697,0.198649,2.748014,-0.086850,1.605694,#TechLinearMove
0.581621,-0.030473,0.198622,2.742129,-0.095730,1.609052,#TechLinearMove
0.581958,-0.020219,0.198143,2.739898,-0.085257,1.605860,#TechLinearMove
0.581859,-0.015182,0.198310,2.723370,-0.070909,1.600290,#TechLinearMove
0.581277,-0.010203,0.198750,2.708160,-0.060154,1.595989,#TechLinearMove
0.580788,-0.005193,0.199023,2.696975,-0.055142,1.594159,#TechLinearMove
0.580258,-0.000192,0.199378,2.685527,-0.049993,1.592380,#TechLinearMove
0.579710,0.004805,0.199759,2.674905,-0.046796,1.591433,#TechLinearMove
0.579144,0.009799,0.200156,2.663852,-0.044737,1.591092,#TechLinearMove
0.578653,0.014808,0.200448,2.653940,-0.043264,1.590919,#TechLinearMove
0.578273,0.019828,0.200721,2.646197,-0.040726,1.589974,#TechLinearMove
0.577840,0.024847,0.200912,2.639208,-0.035313,1.587327,#TechLinearMove
0.577449,0.029873,0.201012,2.630714,-0.030637,1.585068,#TechLinearMove
0.577337,0.034910,0.201191,2.622455,-0.022495,1.580848,#TechLinearMove
0.577103,0.039945,0.201240,2.614826,-0.012928,1.575580,#TechLinearMove
0.576871,0.044981,0.201288,2.605986,-0.001845,1.569296,#TechLinearMove
0.576809,0.050022,0.201244,2.594498,0.016726,1.558613,#TechLinearMove
0.576314,0.055029,0.201487,2.582259,0.040814,1.544222,#TechLinearMove
0.575474,0.062648,0.201777,2.578056,0.036335,1.547301,#TechLinearMove
0.574858,0.067551,0.200993,2.569396,0.044311,1.541556,#TechLinearMove
0.574309,0.072453,0.200140,2.562684,0.059023,1.531433,#TechLinearMove
0.573937,0.077388,0.199400,2.556206,0.068591,1.524589,#TechLinearMove
0.573661,0.082311,0.198540,2.552410,0.080090,1.516550,#TechLinearMove
0.573302,0.087204,0.197542,2.549450,0.094592,1.506495,#TechLinearMove
0.572991,0.092105,0.196566,2.544635,0.111260,1.494592,#TechLinearMove
0.572705,0.096998,0.195545,2.538872,0.128495,1.482008,#TechLinearMove
0.572480,0.101893,0.194525,2.533590,0.142048,1.471938,#TechLinearMove
0.572311,0.106810,0.193597,2.526642,0.158573,1.459470,#TechLinearMove
0.571931,0.111689,0.192552,2.516530,0.175273,1.445963,#TechLinearMove
0.570895,0.113667,0.191150,2.513147,0.171509,1.447570,#TechLinearMove
0.569866,0.118223,0.189193,2.515345,0.176202,1.446714,#TechLinearMove
0.568958,0.122770,0.187163,2.519025,0.177988,1.447560,#TechLinearMove
0.568358,0.127388,0.185171,2.521674,0.180332,1.447697,#TechLinearMove
0.567201,0.131622,0.182645,2.524110,0.183573,1.447210,#TechLinearMove
0.565956,0.135779,0.180034,2.525386,0.188886,1.445079,#TechLinearMove
0.564740,0.140008,0.177529,2.522607,0.199600,1.438116,#TechLinearMove
0.563861,0.144448,0.175287,2.518539,0.215125,1.428137,#TechLinearMove
0.563308,0.144703,0.176080,2.518539,0.215125,1.428137,#TechMoveTo
0.512282,0.145878,0.143027,2.539599,0.230476,1.416654,#TechMoveTo
0.512812,0.145605,0.142225,2.539599,0.230476,1.416654,#TechMoveTo
0.512812,0.145605,0.142225,2.539599,0.230476,1.416654,#TechStartPoint
0.512507,0.142528,0.142827,2.548188,0.215894,1.428005,#TechLinearMove
0.511909,0.137999,0.143732,2.554820,0.203907,1.440096,#TechLinearMove
0.511806,0.133482,0.144933,2.559305,0.197520,1.446926,#TechLinearMove
0.511510,0.128962,0.146088,2.564832,0.193211,1.452687,#TechLinearMove
0.511712,0.124535,0.147518,2.571736,0.190318,1.458893,#TechLinearMove
0.510720,0.116845,0.148764,2.580256,0.192071,1.455649,#TechLinearMove
0.510648,0.111779,0.149645,2.584348,0.186509,1.459215,#TechLinearMove
0.510424,0.106753,0.150735,2.590468,0.175436,1.466747,#TechLinearMove
0.510063,0.101735,0.151829,2.595016,0.167113,1.472328,#TechLinearMove
0.509675,0.096728,0.152969,2.598891,0.155425,1.479698,#TechLinearMove
0.509273,0.091729,0.154138,2.603280,0.141136,1.488714,#TechLinearMove
0.508868,0.086733,0.155316,2.608989,0.129206,1.496585,#TechLinearMove
0.508397,0.081717,0.156373,2.613730,0.121103,1.501923,#TechLinearMove
0.507761,0.076707,0.157370,2.618516,0.112255,1.507425,#TechLinearMove
0.507332,0.071663,0.158303,2.621874,0.103921,1.512257,#TechLinearMove
0.507421,0.061406,0.158143,2.633663,0.113747,1.508413,#TechLinearMove
0.507532,0.056551,0.157893,2.628651,0.100316,1.515176,#TechLinearMove
0.507430,0.051696,0.158119,2.624292,0.085801,1.522949,#TechLinearMove
0.507329,0.046839,0.158340,2.622311,0.077949,1.527175,#TechLinearMove
0.507349,0.041983,0.158615,2.621260,0.070943,1.530978,#TechLinearMove
0.507358,0.037135,0.158998,2.618435,0.060573,1.536438,#TechLinearMove
0.507314,0.032297,0.159501,2.617695,0.053901,1.540066,#TechLinearMove
0.507226,0.027472,0.160105,2.618934,0.049321,1.542723,#TechLinearMove
0.507104,0.022659,0.160792,2.621184,0.044855,1.545384,#TechLinearMove
0.506970,0.017849,0.161504,2.624554,0.042688,1.546791,#TechLinearMove
0.506860,0.013031,0.162157,2.628554,0.043000,1.546781,#TechLinearMove
0.506811,0.008196,0.162681,2.632612,0.043702,1.546516,#TechLinearMove
0.506825,0.003347,0.163062,2.636057,0.043768,1.546580,#TechLinearMove
0.506841,-0.001508,0.163347,2.638255,0.042195,1.547534,#TechLinearMove
0.506757,-0.006367,0.163535,2.641684,0.039377,1.549230,#TechLinearMove
0.506664,-0.011225,0.163755,2.645906,0.036753,1.550830,#TechLinearMove
0.506636,-0.016088,0.163807,2.647608,0.033989,1.552397,#TechLinearMove
0.506765,-0.023903,0.163520,2.650972,0.028794,1.555331,#TechLinearMove
0.506925,-0.028690,0.163708,2.656825,0.018730,1.560830,#TechLinearMove
0.507139,-0.033476,0.163972,2.663015,0.007942,1.566548,#TechLinearMove
0.507302,-0.038271,0.164119,2.667212,-0.001135,1.571304,#TechLinearMove
0.507466,-0.043066,0.164261,2.672673,-0.006854,1.574252,#TechLinearMove
0.507634,-0.047860,0.164404,2.676339,-0.012569,1.577169,#TechLinearMove
0.507811,-0.052655,0.164527,2.680962,-0.015444,1.578638,#TechLinearMove
0.508018,-0.057450,0.164567,2.682643,-0.020961,1.581447,#TechLinearMove
0.508113,-0.062246,0.164430,2.686760,-0.025452,1.583652,#TechLinearMove
0.508313,-0.067035,0.164191,2.691530,-0.031241,1.586363,#TechLinearMove
0.508488,-0.071826,0.163953,2.697177,-0.037085,1.589133,#TechLinearMove
0.508672,-0.076615,0.163696,2.701718,-0.044241,1.592578,#TechLinearMove
0.509438,-0.084660,0.163002,2.703968,-0.056618,1.597547,#TechLinearMove
0.509655,-0.089583,0.162670,2.711177,-0.070868,1.602870,#TechLinearMove
0.510003,-0.094498,0.162340,2.719554,-0.084605,1.607719,#TechLinearMove
0.510268,-0.099412,0.161927,2.726835,-0.095114,1.611308,#TechLinearMove
0.510495,-0.104326,0.161490,2.732736,-0.104559,1.614466,#TechLinearMove
0.510797,-0.109239,0.161086,2.737277,-0.111216,1.616582,#TechLinearMove
0.511074,-0.114157,0.160719,2.739178,-0.117363,1.618742,#TechLinearMove
0.511375,-0.119071,0.160323,2.743611,-0.122707,1.620209,#TechLinearMove
0.511692,-0.123978,0.159867,2.744889,-0.129891,1.622850,#TechLinearMove
0.511967,-0.128880,0.159329,2.745405,-0.135401,1.624928,#TechLinearMove
0.512342,-0.133781,0.158856,2.745651,-0.142460,1.627584,#TechLinearMove
0.512633,-0.138694,0.158463,2.746324,-0.154071,1.632029,#TechLinearMove
0.513304,-0.148954,0.156933,2.738670,-0.150401,1.633230,#TechLinearMove
0.513605,-0.153895,0.156276,2.736675,-0.137862,1.627402,#TechLinearMove
0.513933,-0.158830,0.155584,2.735212,-0.125278,1.621441,#TechLinearMove
0.514274,-0.163758,0.154856,2.734987,-0.117610,1.617755,#TechLinearMove
0.514615,-0.168688,0.154138,2.735124,-0.109572,1.613913,#TechLinearMove
0.514930,-0.173624,0.153450,2.734976,-0.101778,1.610229,#TechLinearMove
0.515228,-0.178567,0.152805,2.732768,-0.095728,1.607552,#TechLinearMove
0.515511,-0.183513,0.152179,2.727354,-0.088102,1.604542,#TechLinearMove
0.515799,-0.188457,0.151541,2.719949,-0.078266,1.600669,#TechLinearMove
0.516101,-0.193398,0.150882,2.710021,-0.065543,1.595516,#TechLinearMove
0.516439,-0.198336,0.150220,2.696984,-0.050053,1.589076,#TechLinearMove
0.516825,-0.203272,0.149569,2.682791,-0.033943,1.581913,#TechLinearMove
0.517208,-0.208208,0.148921,2.668010,-0.017201,1.573975,#TechLinearMove
0.517582,-0.213148,0.148296,2.653880,-0.002770,1.567192,#TechLinearMove
0.517939,-0.218093,0.147698,2.639950,0.010896,1.560637,#TechLinearMove
0.518365,-0.223025,0.147042,2.617327,0.036844,1.547164,#TechLinearMove
0.518884,-0.227941,0.146335,2.600065,0.061956,1.532812,#TechLinearMove
0.519378,-0.236016,0.145705,2.602957,0.059762,1.534517,#TechLinearMove
0.519292,-0.240789,0.146463,2.596795,0.074801,1.521909,#TechLinearMove
0.518883,-0.245472,0.147633,2.579068,0.093510,1.505496,#TechLinearMove
0.518500,-0.250180,0.148720,2.568829,0.104841,1.495414,#TechLinearMove
0.518051,-0.254846,0.149953,2.561910,0.116072,1.485660,#TechLinearMove
0.517563,-0.259483,0.151278,2.552007,0.129117,1.474421,#TechLinearMove
0.517285,-0.264132,0.152621,2.540711,0.145967,1.459805,#TechLinearMove
0.517022,-0.268798,0.153908,2.531284,0.160082,1.447387,#TechLinearMove
0.516673,-0.273503,0.155017,2.525611,0.174982,1.434934,#TechLinearMove
0.516408,-0.278220,0.156100,2.524843,0.186090,1.426116,#TechLinearMove
0.516320,-0.282981,0.156982,2.523544,0.201258,1.413563,#TechLinearMove
0.516556,-0.287771,0.157680,2.518749,0.221245,1.396333,#TechLinearMove
0.516515,-0.282331,0.156485,2.517357,0.218421,1.406805,#TechLinearMove
0.516319,-0.277251,0.155964,2.533674,0.190076,1.431971,#TechLinearMove
0.516418,-0.272234,0.154988,2.532097,0.175469,1.442352,#TechLinearMove
0.516725,-0.267266,0.153829,2.535027,0.158078,1.455681,#TechLinearMove
0.517216,-0.262377,0.152425,2.546854,0.138593,1.471784,#TechLinearMove
0.517806,-0.257562,0.150812,2.559629,0.121880,1.485760,#TechLinearMove
0.518411,-0.252772,0.149130,2.569299,0.107234,1.497373,#TechLinearMove
0.519007,-0.247961,0.147505,2.583325,0.087646,1.512589,#TechLinearMove
0.519325,-0.243149,0.145837,2.615365,0.059228,1.535725,#TechLinearMove
0.519254,-0.233023,0.145893,2.614232,0.045099,1.544053,#TechLinearMove
0.518717,-0.227957,0.146519,2.626576,0.025448,1.554639,#TechLinearMove
0.518257,-0.222890,0.147201,2.638152,0.004628,1.565412,#TechLinearMove
0.517914,-0.217797,0.147741,2.648486,-0.009714,1.572509,#TechLinearMove
0.517543,-0.212714,0.148348,2.658135,-0.021923,1.578213,#TechLinearMove
0.517155,-0.207636,0.148996,2.672408,-0.037602,1.585401,#TechLinearMove
0.516753,-0.202562,0.149659,2.683707,-0.051021,1.591136,#TechLinearMove
0.516350,-0.197487,0.150316,2.696934,-0.066427,1.597657,#TechLinearMove
0.516024,-0.192410,0.150995,2.706539,-0.077084,1.601814,#TechLinearMove
0.515709,-0.187331,0.151669,2.716985,-0.088974,1.606332,#TechLinearMove
0.515414,-0.182248,0.152318,2.728077,-0.098098,1.609327,#TechLinearMove
0.515126,-0.177163,0.152961,2.736218,-0.105361,1.611620,#TechLinearMove
0.514804,-0.172086,0.153645,2.740828,-0.112566,1.614279,#TechLinearMove
0.514475,-0.167016,0.154372,2.743621,-0.120823,1.617605,#TechLinearMove
0.514130,-0.161947,0.155106,2.747793,-0.132856,1.622504,#TechLinearMove
0.513820,-0.156871,0.155799,2.751837,-0.146331,1.627958,#TechLinearMove
0.513305,-0.148940,0.156905,2.737130,-0.151910,1.634170,#TechLinearMove
0.512973,-0.143844,0.157661,2.735309,-0.139572,1.629455,#TechLinearMove
0.512716,-0.138720,0.158234,2.734150,-0.133594,1.627240,#TechLinearMove
0.512389,-0.133601,0.158830,2.734112,-0.131104,1.626286,#TechLinearMove
0.512004,-0.128483,0.159389,2.731482,-0.125971,1.624627,#TechLinearMove
0.511636,-0.123359,0.159903,2.730833,-0.118291,1.621568,#TechLinearMove
0.511299,-0.118226,0.160358,2.732292,-0.112314,1.618923,#TechLinearMove
0.510985,-0.113089,0.160768,2.731335,-0.108082,1.617370,#TechLinearMove
0.510679,-0.107951,0.161173,2.729179,-0.102865,1.615546,#TechLinearMove
0.510359,-0.102815,0.161596,2.727038,-0.095261,1.612691,#TechLinearMove
0.510095,-0.097677,0.162036,2.723999,-0.084542,1.608658,#TechLinearMove
0.509953,-0.092528,0.162380,2.720039,-0.074675,1.605080,#TechLinearMove
0.509438,-0.084660,0.163002,2.720309,-0.079426,1.606535,#TechLinearMove
0.509027,-0.079657,0.163417,2.710078,-0.058922,1.597666,#TechLinearMove
0.508745,-0.074638,0.163752,2.702732,-0.048432,1.593193,#TechLinearMove
0.508367,-0.069623,0.164038,2.696504,-0.038535,1.588882,#TechLinearMove
0.507902,-0.064610,0.164227,2.690878,-0.029437,1.584711,#TechLinearMove
0.507535,-0.059588,0.164331,2.685716,-0.023142,1.581790,#TechLinearMove
0.507283,-0.054556,0.164327,2.681678,-0.019689,1.580187,#TechLinearMove
0.507076,-0.049524,0.164222,2.676917,-0.017372,1.579140,#TechLinearMove
0.506892,-0.044491,0.164071,2.671626,-0.012249,1.576653,#TechLinearMove
0.506601,-0.039467,0.163881,2.664608,-0.002651,1.571903,#TechLinearMove
0.506706,-0.034436,0.163647,2.657936,0.004293,1.568423,#TechLinearMove
0.506749,-0.024130,0.163554,2.649420,0.015498,1.562286,#TechLinearMove
0.506670,-0.019284,0.163714,2.647992,0.022485,1.558525,#TechLinearMove
0.506582,-0.014439,0.163608,2.647703,0.030490,1.554248,#TechLinearMove
0.506447,-0.009595,0.163427,2.645319,0.034741,1.551881,#TechLinearMove
0.506354,-0.004750,0.163225,2.642056,0.038942,1.549493,#TechLinearMove
0.506282,0.000092,0.162973,2.638693,0.042674,1.547327,#TechLinearMove
0.506245,0.004931,0.162646,2.636051,0.044227,1.546399,#TechLinearMove
0.506257,0.009762,0.162220,2.633323,0.044237,1.546348,#TechLinearMove
0.506333,0.014576,0.161651,2.630156,0.045631,1.545472,#TechLinearMove
0.506462,0.019376,0.160965,2.626816,0.048189,1.543911,#TechLinearMove
0.506604,0.024170,0.160252,2.623215,0.050467,1.542485,#TechLinearMove
0.506770,0.028971,0.159590,2.620178,0.054141,1.540255,#TechLinearMove
0.506998,0.033788,0.159078,2.619875,0.059891,1.537055,#TechLinearMove
0.507184,0.038617,0.158674,2.620336,0.069959,1.531500,#TechLinearMove
0.507321,0.043455,0.158369,2.620522,0.078508,1.526684,#TechLinearMove
0.507570,0.048266,0.157816,2.620003,0.090474,1.519953,#TechLinearMove
0.507681,0.053105,0.157567,2.622317,0.105813,1.511557,#TechLinearMove
0.507404,0.061038,0.158181,2.627087,0.106410,1.511413,#TechLinearMove
0.507440,0.065933,0.158074,2.621880,0.111310,1.508815,#TechLinearMove
0.507636,0.070809,0.157644,2.618423,0.117091,1.505801,#TechLinearMove
0.507779,0.075680,0.157173,2.615879,0.123362,1.502328,#TechLinearMove
0.507911,0.080509,0.156363,2.612874,0.131719,1.497536,#TechLinearMove
0.508156,0.085291,0.155323,2.608869,0.139994,1.492506,#TechLinearMove
0.508541,0.090045,0.154204,2.602177,0.149484,1.486163,#TechLinearMove
0.508926,0.094803,0.153099,2.599028,0.159179,1.480356,#TechLinearMove
0.509298,0.099567,0.152015,2.593847,0.170569,1.473120,#TechLinearMove
0.509653,0.104338,0.150957,2.588591,0.179938,1.466978,#TechLinearMove
0.509947,0.109098,0.149844,2.581492,0.192809,1.458561,#TechLinearMove
0.510510,0.113921,0.149201,2.574233,0.204131,1.451090,#TechLinearMove
0.510632,0.115925,0.148965,2.579286,0.204222,1.448053,#TechLinearMove
0.511205,0.121296,0.148002,2.572999,0.198945,1.448598,#TechLinearMove
0.511598,0.126622,0.146802,2.567120,0.193862,1.449517,#TechLinearMove
0.511778,0.131915,0.145370,2.559311,0.195543,1.445690,#TechLinearMove
0.511977,0.137215,0.143964,2.552877,0.204403,1.437644,#TechLinearMove
0.512507,0.142528,0.142827,2.547227,0.217036,1.426984,#TechLinearMove
0.511978,0.142785,0.143636,2.547227,0.217036,1.426984,#TechMoveTo
0.562201,0.147655,0.174562,2.515636,0.231806,1.425632,#TechMoveTo
0.562753,0.147386,0.173773,2.515636,0.231806,1.425632,#TechMoveTo
0.563173,0.144436,0.174830,2.511771,0.219686,1.423029,#TechLinearMove
0.562424,0.139239,0.176152,2.520413,0.195617,1.438936,#TechLinearMove
0.561700,0.134041,0.177477,2.526200,0.178371,1.450286,#TechLinearMove
0.561025,0.128819,0.178734,2.530377,0.167820,1.456470,#TechLinearMove
0.560424,0.123571,0.179921,2.534715,0.160894,1.459131,#TechLinearMove
0.559931,0.118333,0.180718,2.531169,0.165714,1.455501,#TechLinearMove
0.559443,0.113529,0.181608,2.532613,0.159093,1.460357,#TechLinearMove
0.559021,0.108684,0.182295,2.533389,0.153979,1.464035,#TechLinearMove
0.558560,0.103832,0.182907,2.535498,0.147164,1.469159,#TechLinearMove
0.558043,0.098988,0.183528,2.537365,0.135541,1.477451,#TechLinearMove
0.557523,0.094144,0.184153,2.539730,0.121017,1.487780,#TechLinearMove
0.556969,0.089313,0.184842,2.543114,0.104598,1.499472,#TechLinearMove
0.556362,0.084508,0.185654,2.547323,0.089105,1.510529,#TechLinearMove
0.555751,0.079723,0.186580,2.552259,0.077820,1.518764,#TechLinearMove
0.555204,0.074942,0.187560,2.557761,0.069584,1.524995,#TechLinearMove
0.554640,0.070171,0.188581,2.564860,0.059451,1.532535,#TechLinearMove
0.554923,0.060068,0.188383,2.561802,0.055745,1.534610,#TechLinearMove
0.555464,0.055102,0.188027,2.573669,0.043535,1.542273,#TechLinearMove
0.555819,0.050102,0.188268,2.588463,0.025173,1.553383,#TechLinearMove
0.556049,0.045088,0.188408,2.598296,0.012220,1.561011,#TechLinearMove
0.556300,0.040074,0.188503,2.607902,0.001297,1.567185,#TechLinearMove
0.556535,0.035059,0.188618,2.618086,-0.006967,1.571816,#TechLinearMove
0.556647,0.030042,0.188788,2.626238,-0.016097,1.576915,#TechLinearMove
0.556832,0.025030,0.189025,2.636579,-0.020893,1.579294,#TechLinearMove
0.557026,0.020016,0.189216,2.646694,-0.025708,1.581689,#TechLinearMove
0.557055,0.014996,0.189177,2.654667,-0.028486,1.582920,#TechLinearMove
0.557164,0.009979,0.188986,2.661419,-0.029032,1.582854,#TechLinearMove
0.557362,0.004975,0.188630,2.668049,-0.030337,1.583229,#TechLinearMove
0.557593,-0.000025,0.188230,2.675362,-0.032746,1.584046,#TechLinearMove
0.557979,-0.005021,0.187905,2.681657,-0.034133,1.584443,#TechLinearMove
0.558341,-0.010001,0.187372,2.692200,-0.041288,1.587517,#TechLinearMove
0.558705,-0.014986,0.186901,2.702323,-0.051366,1.591900,#TechLinearMove
0.558929,-0.022624,0.186670,2.701950,-0.044635,1.590257,#TechLinearMove
0.559198,-0.027520,0.186958,2.706025,-0.051670,1.593727,#TechLinearMove
0.559334,-0.032425,0.187175,2.709504,-0.053347,1.594700,#TechLinearMove
0.559512,-0.037333,0.187299,2.711885,-0.055897,1.595965,#TechLinearMove
0.559705,-0.042241,0.187398,2.714521,-0.057244,1.596653,#TechLinearMove
0.559884,-0.047150,0.187460,2.715939,-0.059322,1.597725,#TechLinearMove
0.559917,-0.052062,0.187398,2.719986,-0.065759,1.600550,#TechLinearMove
0.559990,-0.056972,0.187265,2.722748,-0.070084,1.602466,#TechLinearMove
0.560098,-0.061880,0.187075,2.725219,-0.076309,1.605258,#TechLinearMove
0.560388,-0.066780,0.186896,2.726221,-0.083261,1.608483,#TechLinearMove
0.560622,-0.071683,0.186705,2.729521,-0.092386,1.612617,#TechLinearMove
0.560852,-0.076588,0.186536,2.734230,-0.104223,1.617776,#TechLinearMove
0.561261,-0.084522,0.185859,2.732985,-0.107065,1.618071,#TechLinearMove
0.562027,-0.089213,0.185237,2.726850,-0.107955,1.619403,#TechLinearMove
0.562663,-0.093914,0.184551,2.722572,-0.113082,1.622346,#TechLinearMove
0.563252,-0.098630,0.183927,2.720177,-0.118677,1.625207,#TechLinearMove
0.563878,-0.103333,0.183243,2.715394,-0.123160,1.627978,#TechLinearMove
0.564517,-0.108030,0.182529,2.711656,-0.126843,1.630248,#TechLinearMove
0.564938,-0.112746,0.181780,2.707772,-0.132008,1.633231,#TechLinearMove
0.565324,-0.117475,0.181102,2.703488,-0.137703,1.636587,#TechLinearMove
0.565917,-0.122204,0.180600,2.697393,-0.144859,1.640983,#TechLinearMove
0.566550,-0.126933,0.180138,2.692386,-0.150669,1.644610,#TechLinearMove
0.567132,-0.131665,0.179640,2.684494,-0.154382,1.647859,#TechLinearMove
0.567768,-0.136403,0.179286,2.676945,-0.159981,1.651990,#TechLinearMove
0.569316,-0.146043,0.178063,2.675078,-0.151831,1.647596,#TechLinearMove
0.569945,-0.150911,0.177243,2.680019,-0.134459,1.638868,#TechLinearMove
0.570511,-0.155783,0.176396,2.681519,-0.112820,1.628620,#TechLinearMove
0.571152,-0.160670,0.175715,2.682609,-0.094919,1.619947,#TechLinearMove
0.571547,-0.165561,0.174903,2.683913,-0.080014,1.612773,#TechLinearMove
0.571906,-0.170463,0.174132,2.685109,-0.066573,1.606370,#TechLinearMove
0.572250,-0.175391,0.173534,2.687638,-0.053161,1.599921,#TechLinearMove
0.572498,-0.180343,0.173113,2.690496,-0.039570,1.593446,#TechLinearMove
0.572616,-0.185312,0.172900,2.693812,-0.026616,1.587354,#TechLinearMove
0.572489,-0.190277,0.173033,2.699294,-0.014632,1.581693,#TechLinearMove
0.572139,-0.195211,0.173556,2.706762,-0.003987,1.576664,#TechLinearMove
0.571710,-0.200112,0.174311,2.713919,0.006639,1.571757,#TechLinearMove
0.571236,-0.204998,0.175131,2.719107,0.018949,1.566338,#TechLinearMove
0.570800,-0.209878,0.176000,2.724884,0.031905,1.560777,#TechLinearMove
0.570418,-0.214744,0.176960,2.728865,0.048958,1.553329,#TechLinearMove
0.569662,-0.219496,0.178222,2.736465,0.067568,1.545494,#TechLinearMove
0.568807,-0.224186,0.179651,2.739353,0.090698,1.535730,#TechLinearMove
0.568966,-0.231695,0.179653,2.729752,0.109202,1.525135,#TechLinearMove
0.569612,-0.236334,0.178451,2.733984,0.125232,1.507360,#TechLinearMove
0.570199,-0.241039,0.177515,2.737664,0.138081,1.492528,#TechLinearMove
0.570742,-0.245785,0.176766,2.743929,0.146632,1.483955,#TechLinearMove
0.571176,-0.250555,0.176124,2.752781,0.150546,1.477950,#TechLinearMove
0.571725,-0.255346,0.175807,2.765163,0.148637,1.474617,#TechLinearMove
0.571898,-0.260175,0.175786,2.777796,0.140799,1.473753,#TechLinearMove
0.571939,-0.264974,0.176364,2.792005,0.137145,1.471838,#TechLinearMove
0.571735,-0.269676,0.177479,2.799408,0.143430,1.464884,#TechLinearMove
0.571160,-0.274192,0.179108,2.815930,0.145315,1.462335,#TechLinearMove
0.570301,-0.278556,0.180999,2.823776,0.152274,1.455906,#TechLinearMove
0.569595,-0.282933,0.182899,2.831709,0.162218,1.444271,#TechLinearMove
0.568622,-0.287091,0.185143,2.830916,0.187003,1.425997,#TechLinearMove
0.570599,-0.281883,0.181791,2.827795,0.199914,1.463484,#TechLinearMove
0.571270,-0.277424,0.179943,2.813204,0.187069,1.472647,#TechLinearMove
0.571840,-0.272876,0.178231,2.798401,0.178802,1.477314,#TechLinearMove
0.572222,-0.268203,0.176848,2.781364,0.178908,1.477347,#TechLinearMove
0.572251,-0.263416,0.175860,2.759941,0.182650,1.475189,#TechLinearMove
0.571985,-0.258562,0.175339,2.739920,0.185702,1.473956,#TechLinearMove
0.571610,-0.253687,0.175360,2.728973,0.187427,1.475349,#TechLinearMove
0.571247,-0.248837,0.175899,2.728012,0.183823,1.481011,#TechLinearMove
0.570535,-0.244071,0.176778,2.725316,0.176334,1.488801,#TechLinearMove
0.569935,-0.239359,0.177963,2.727980,0.157792,1.506459,#TechLinearMove
0.568932,-0.229114,0.179710,2.733001,0.118589,1.520904,#TechLinearMove
0.569464,-0.224213,0.178790,2.731544,0.085222,1.535690,#TechLinearMove
0.570168,-0.219396,0.177559,2.727980,0.058811,1.547347,#TechLinearMove
0.570605,-0.214457,0.176793,2.723032,0.038334,1.556416,#TechLinearMove
0.571023,-0.209508,0.176054,2.719171,0.022357,1.563680,#TechLinearMove
0.571476,-0.204570,0.175255,2.712771,0.011885,1.568373,#TechLinearMove
0.571926,-0.199633,0.174457,2.706990,-0.000066,1.573848,#TechLinearMove
0.572335,-0.194682,0.173724,2.702036,-0.012477,1.579690,#TechLinearMove
0.572612,-0.189697,0.173220,2.697120,-0.023801,1.585129,#TechLinearMove
0.572682,-0.184682,0.173095,2.692480,-0.035215,1.590714,#TechLinearMove
0.572571,-0.179668,0.173298,2.687248,-0.046329,1.596318,#TechLinearMove
0.572321,-0.174673,0.173735,2.683056,-0.058309,1.602309,#TechLinearMove
0.571967,-0.169704,0.174368,2.682662,-0.073095,1.609362,#TechLinearMove
0.571566,-0.164748,0.175079,2.682634,-0.092558,1.618758,#TechLinearMove
0.571161,-0.159795,0.175796,2.681924,-0.123074,1.633589,#TechLinearMove
0.570660,-0.154884,0.176718,2.676535,-0.144155,1.644298,#TechLinearMove
0.569919,-0.147701,0.178002,2.685583,-0.152706,1.645931,#TechLinearMove
0.569455,-0.142677,0.178822,2.687709,-0.152010,1.645462,#TechLinearMove
0.568604,-0.137659,0.179272,2.691900,-0.152715,1.645191,#TechLinearMove
0.567882,-0.132632,0.179853,2.694936,-0.152274,1.644551,#TechLinearMove
0.567177,-0.127598,0.180393,2.697118,-0.148607,1.642583,#TechLinearMove
0.566492,-0.122556,0.180884,2.700326,-0.143591,1.639812,#TechLinearMove
0.565801,-0.117516,0.181388,2.704668,-0.137273,1.636206,#TechLinearMove
0.565082,-0.112484,0.181931,2.708713,-0.131275,1.632852,#TechLinearMove
0.564468,-0.107461,0.182633,2.712117,-0.126611,1.630283,#TechLinearMove
0.563989,-0.102444,0.183485,2.715318,-0.120355,1.627050,#TechLinearMove
0.563509,-0.097424,0.184326,2.719110,-0.114130,1.623812,#TechLinearMove
0.562985,-0.092422,0.185242,2.722400,-0.109132,1.621257,#TechLinearMove
0.562348,-0.084516,0.186414,2.724124,-0.103810,1.617689,#TechLinearMove
0.561883,-0.079371,0.186674,2.726286,-0.097653,1.614170,#TechLinearMove
0.561427,-0.074216,0.186858,2.727989,-0.091258,1.610813,#TechLinearMove
0.561027,-0.069056,0.187085,2.728879,-0.084056,1.607308,#TechLinearMove
0.560656,-0.063893,0.187260,2.728130,-0.075549,1.603339,#TechLinearMove
0.560310,-0.058726,0.187386,2.727089,-0.067887,1.599764,#TechLinearMove
0.560017,-0.053555,0.187429,2.725166,-0.063095,1.597528,#TechLinearMove
0.559878,-0.048379,0.187453,2.722369,-0.059567,1.595904,#TechLinearMove
0.559859,-0.043199,0.187489,2.719330,-0.056522,1.594495,#TechLinearMove
0.559820,-0.038020,0.187557,2.714479,-0.054335,1.593375,#TechLinearMove
0.559898,-0.032844,0.187428,2.712441,-0.058552,1.594877,#TechLinearMove
0.559964,-0.022439,0.187307,2.709575,-0.051262,1.593045,#TechLinearMove
0.559600,-0.017295,0.187465,2.696900,-0.036364,1.586233,#TechLinearMove
0.559060,-0.012170,0.187824,2.686961,-0.026027,1.581410,#TechLinearMove
0.558691,-0.007025,0.188109,2.679858,-0.023311,1.580215,#TechLinearMove
0.558323,-0.001881,0.188407,2.673065,-0.021730,1.579595,#TechLinearMove
0.557928,0.003260,0.188737,2.667011,-0.020061,1.578887,#TechLinearMove
0.557569,0.008406,0.189013,2.658207,-0.017444,1.577829,#TechLinearMove
0.557292,0.013563,0.189140,2.652027,-0.014345,1.576353,#TechLinearMove
0.557086,0.018725,0.189137,2.646089,-0.010768,1.574550,#TechLinearMove
0.557072,0.023890,0.189136,2.638738,-0.010049,1.574262,#TechLinearMove
0.557106,0.029056,0.189079,2.629944,-0.006630,1.572419,#TechLinearMove
0.557007,0.034218,0.188915,2.619457,-0.001079,1.569253,#TechLinearMove
0.556997,0.039384,0.188910,2.610876,0.008901,1.563439,#TechLinearMove
0.556754,0.044543,0.188820,2.601961,0.021053,1.556368,#TechLinearMove
0.556773,0.049700,0.188519,2.588116,0.037864,1.546420,#TechLinearMove
0.556450,0.054849,0.188641,2.568464,0.054855,1.535626,#TechLinearMove
0.556167,0.062259,0.189569,2.561112,0.051267,1.537384,#TechLinearMove
0.555961,0.067348,0.188747,2.557969,0.059466,1.531511,#TechLinearMove
0.556042,0.072437,0.187894,2.555283,0.071025,1.523404,#TechLinearMove
0.556129,0.077542,0.187132,2.553616,0.082822,1.515254,#TechLinearMove
0.556373,0.082612,0.186188,2.552304,0.094503,1.507274,#TechLinearMove
0.556778,0.087669,0.185241,2.549935,0.107596,1.498175,#TechLinearMove
0.557347,0.092738,0.184434,2.546824,0.121497,1.488364,#TechLinearMove
0.557906,0.097812,0.183658,2.544031,0.134710,1.478927,#TechLinearMove
0.558446,0.102895,0.182925,2.540986,0.146521,1.470300,#TechLinearMove
0.558968,0.107996,0.182319,2.538802,0.160120,1.460632,#TechLinearMove
0.559340,0.113106,0.181679,2.532949,0.168456,1.453568,#TechLinearMove
0.559752,0.116309,0.181033,2.531689,0.171530,1.451624,#TechLinearMove
0.560188,0.121063,0.180253,2.525493,0.174367,1.450524,#TechLinearMove
0.560658,0.125793,0.179355,2.524602,0.176997,1.449945,#TechLinearMove
0.561216,0.130492,0.178347,2.525737,0.180165,1.449483,#TechLinearMove
0.561836,0.135150,0.177196,2.528638,0.190230,1.444672,#TechLinearMove
0.562494,0.139794,0.176011,2.524389,0.202314,1.436494,#TechLinearMove
0.563173,0.144436,0.174830,2.517207,0.220870,1.423850,#TechLinearMove
0.562620,0.144697,0.175621,2.517207,0.220870,1.423850,#TechMoveTo
0.512282,0.145878,0.143027,2.539599,0.230476,1.416654,#TechMoveTo
0.512812,0.145605,0.142225,2.539599,0.230476,1.416654,#TechMoveTo
0.510533,0.143556,0.141146,2.545466,0.219582,1.424799,#TechLinearMove
0.507338,0.140017,0.140031,2.553773,0.208008,1.435407,#TechLinearMove
0.503981,0.136648,0.138851,2.555416,0.201593,1.440532,#TechLinearMove
0.500663,0.133153,0.137958,2.561066,0.199434,1.444090,#TechLinearMove
0.497104,0.129913,0.137023,2.560050,0.205081,1.440883,#TechLinearMove
0.493779,0.126363,0.136457,2.560554,0.212966,1.436568,#TechLinearMove
0.490426,0.122831,0.135903,2.560583,0.217415,1.434597,#TechLinearMove
0.489678,0.117730,0.137607,2.568249,0.215323,1.435944,#TechLinearMove
0.489021,0.112925,0.138793,2.571211,0.205855,1.442170,#TechLinearMove
0.488587,0.108116,0.140078,2.569746,0.197439,1.446733,#TechLinearMove
0.488196,0.103312,0.141393,2.571230,0.186075,1.453840,#TechLinearMove
0.487768,0.098486,0.142613,2.574086,0.173919,1.461789,#TechLinearMove
0.487383,0.093631,0.143722,2.576591,0.161247,1.469949,#TechLinearMove
0.487048,0.088753,0.144752,2.578166,0.147965,1.478224,#TechLinearMove
0.486651,0.083858,0.145667,2.580245,0.135848,1.485858,#TechLinearMove
0.486248,0.078931,0.146378,2.584545,0.126263,1.492427,#TechLinearMove
0.485917,0.073968,0.146848,2.581223,0.117802,1.496884,#TechLinearMove
0.485727,0.069004,0.147386,2.580514,0.107027,1.503039,#TechLinearMove
0.485862,0.058978,0.147078,2.579860,0.092782,1.512267,#TechLinearMove
0.485795,0.053964,0.147209,2.580339,0.083855,1.518230,#TechLinearMove
0.485688,0.048956,0.147486,2.581549,0.079343,1.521512,#TechLinearMove
0.485644,0.043941,0.147596,2.579823,0.074695,1.524402,#TechLinearMove
0.485724,0.038929,0.147803,2.580630,0.070318,1.527417,#TechLinearMove
0.485797,0.033920,0.148083,2.580108,0.066072,1.530225,#TechLinearMove
0.485839,0.028915,0.148436,2.581218,0.063879,1.531883,#TechLinearMove
0.485866,0.023914,0.148829,2.580419,0.062105,1.533121,#TechLinearMove
0.485902,0.018914,0.149245,2.579961,0.060592,1.534220,#TechLinearMove
0.485949,0.013911,0.149622,2.578050,0.059914,1.534700,#TechLinearMove
0.486022,0.008905,0.149937,2.575716,0.058590,1.535562,#TechLinearMove
0.486099,0.003895,0.150193,2.574281,0.055840,1.537369,#TechLinearMove
0.486185,-0.001114,0.150473,2.572382,0.051678,1.540083,#TechLinearMove
0.486097,-0.006125,0.150701,2.570973,0.050862,1.540695,#TechLinearMove
0.486003,-0.011134,0.150978,2.567799,0.046647,1.543525,#TechLinearMove
0.485930,-0.016148,0.151122,2.565013,0.044639,1.545014,#TechLinearMove
0.485871,-0.023701,0.151279,2.561205,0.042855,1.544322,#TechLinearMove
0.485642,-0.028645,0.151860,2.563774,0.028810,1.552504,#TechLinearMove
0.485480,-0.033608,0.152294,2.563412,0.019813,1.557519,#TechLinearMove
0.485332,-0.038577,0.152646,2.562030,0.012040,1.562026,#TechLinearMove
0.485210,-0.043550,0.152953,2.562200,0.004500,1.566435,#TechLinearMove
0.485194,-0.048524,0.153263,2.561559,-0.002753,1.570653,#TechLinearMove
0.485317,-0.053498,0.153546,2.558134,-0.010216,1.574994,#TechLinearMove
0.485499,-0.058476,0.153698,2.555773,-0.017853,1.579484,#TechLinearMove
0.485719,-0.063455,0.153734,2.554177,-0.026373,1.584643,#TechLinearMove
0.485979,-0.068432,0.153701,2.552166,-0.035389,1.590181,#TechLinearMove
0.486296,-0.073405,0.153722,2.551474,-0.044408,1.595439,#TechLinearMove
0.486640,-0.078369,0.153634,2.549310,-0.060657,1.605247,#TechLinearMove
0.487209,-0.086410,0.153233,2.551821,-0.063980,1.610406,#TechLinearMove
0.487295,-0.091175,0.153026,2.547682,-0.073884,1.617528,#TechLinearMove
0.487526,-0.095929,0.152670,2.544420,-0.079402,1.621627,#TechLinearMove
0.487787,-0.100681,0.152304,2.541176,-0.083452,1.624739,#TechLinearMove
0.488074,-0.105429,0.151899,2.539216,-0.089454,1.629010,#TechLinearMove
0.488363,-0.110174,0.151464,2.542412,-0.094239,1.631866,#TechLinearMove
0.488687,-0.114910,0.150968,2.545666,-0.099622,1.635046,#TechLinearMove
0.489021,-0.119644,0.150452,2.549175,-0.104547,1.637772,#TechLinearMove
0.489427,-0.124375,0.149972,2.552777,-0.110539,1.641168,#TechLinearMove
0.489761,-0.129117,0.149533,2.555465,-0.116457,1.644663,#TechLinearMove
0.490119,-0.133854,0.149071,2.557737,-0.124313,1.649475,#TechLinearMove
0.490398,-0.138604,0.148712,2.560030,-0.135259,1.656205,#TechLinearMove
0.490811,-0.149296,0.147767,2.567617,-0.125354,1.649946,#TechLinearMove
0.491148,-0.154205,0.146963,2.558818,-0.118068,1.645397,#TechLinearMove
0.491466,-0.159121,0.146199,2.551687,-0.114189,1.642680,#TechLinearMove
0.491719,-0.164063,0.145591,2.545841,-0.112024,1.641544,#TechLinearMove
0.491984,-0.169003,0.144967,2.537101,-0.108813,1.640286,#TechLinearMove
0.492261,-0.173936,0.144301,2.529700,-0.106465,1.639301,#TechLinearMove
0.492630,-0.178865,0.143648,2.522892,-0.104516,1.638438,#TechLinearMove
0.493019,-0.183791,0.142979,2.516087,-0.102948,1.637793,#TechLinearMove
0.493453,-0.188711,0.142303,2.510313,-0.099852,1.635899,#TechLinearMove
0.493930,-0.193629,0.141634,2.504181,-0.096121,1.633590,#TechLinearMove
0.494415,-0.198540,0.140929,2.498108,-0.091562,1.630681,#TechLinearMove
0.494915,-0.203439,0.140145,2.491825,-0.084733,1.626080,#TechLinearMove
0.495453,-0.208320,0.139282,2.485338,-0.075159,1.619333,#TechLinearMove
0.496018,-0.213185,0.138352,2.480395,-0.063443,1.610542,#TechLinearMove
0.496618,-0.218042,0.137397,2.472043,-0.051874,1.601755,#TechLinearMove
0.497267,-0.222872,0.136350,2.463257,-0.038186,1.591039,#TechLinearMove
0.497816,-0.227713,0.135293,2.452898,-0.023335,1.579252,#TechLinearMove
0.498116,-0.235574,0.133420,2.444325,0.003399,1.562159,#TechLinearMove
0.497974,-0.240691,0.132670,2.440080,0.016089,1.555834,#TechLinearMove
0.497393,-0.245824,0.132337,2.438124,0.029015,1.548104,#TechLinearMove
0.496649,-0.250940,0.132296,2.436433,0.038758,1.542001,#TechLinearMove
0.495670,-0.256008,0.132637,2.436725,0.052374,1.532946,#TechLinearMove
0.494562,-0.260993,0.133445,2.438587,0.067457,1.522922,#TechLinearMove
0.493378,-0.265916,0.134518,2.437433,0.084231,1.510825,#TechLinearMove
0.492192,-0.270844,0.135567,2.427735,0.105133,1.493458,#TechLinearMove
0.491164,-0.275826,0.136511,2.413421,0.127260,1.473764,#TechLinearMove
0.490296,-0.280875,0.137238,2.396066,0.146966,1.455020,#TechLinearMove
0.489479,-0.285932,0.137968,2.376215,0.171917,1.431807,#TechLinearMove
0.489017,-0.291062,0.138161,2.342039,0.192101,1.408238,#TechLinearMove
0.489343,-0.285693,0.138918,2.350814,0.217053,1.372259,#TechLinearMove
0.490352,-0.280894,0.138394,2.381788,0.183319,1.408630,#TechLinearMove
0.491207,-0.276082,0.137700,2.400856,0.153189,1.438391,#TechLinearMove
0.492465,-0.271418,0.136708,2.413663,0.127416,1.461985,#TechLinearMove
0.493892,-0.266872,0.135417,2.424384,0.095789,1.489323,#TechLinearMove
0.495200,-0.262288,0.134140,2.427945,0.068132,1.511621,#TechLinearMove
0.496304,-0.257584,0.133129,2.424546,0.051979,1.522992,#TechLinearMove
0.497260,-0.252787,0.132494,2.420636,0.042255,1.529216,#TechLinearMove
0.498053,-0.247918,0.132305,2.417656,0.029545,1.538020,#TechLinearMove
0.498465,-0.243011,0.132396,2.412310,0.023230,1.540036,#TechLinearMove
0.498228,-0.232929,0.134250,2.428690,0.015096,1.551969,#TechLinearMove
0.497819,-0.228220,0.135312,2.447301,-0.005358,1.568211,#TechLinearMove
0.497261,-0.223515,0.136316,2.463027,-0.023402,1.581831,#TechLinearMove
0.496690,-0.218798,0.137256,2.472870,-0.038773,1.593540,#TechLinearMove
0.496119,-0.214078,0.138185,2.483003,-0.053031,1.604008,#TechLinearMove
0.495548,-0.209357,0.139107,2.490416,-0.067200,1.614335,#TechLinearMove
0.494996,-0.204626,0.139986,2.495533,-0.078681,1.622618,#TechLinearMove
0.494488,-0.199875,0.140783,2.500600,-0.087253,1.628542,#TechLinearMove
0.494007,-0.195106,0.141479,2.505327,-0.094169,1.633200,#TechLinearMove
0.493531,-0.190328,0.142118,2.509445,-0.099271,1.636577,#TechLinearMove
0.493102,-0.185547,0.142766,2.513656,-0.103641,1.639404,#TechLinearMove
0.492722,-0.180760,0.143402,2.516971,-0.106854,1.641557,#TechLinearMove
0.492368,-0.175970,0.144025,2.519829,-0.109016,1.643022,#TechLinearMove
0.492098,-0.171178,0.144684,2.525325,-0.112108,1.644670,#TechLinearMove
0.491835,-0.166382,0.145307,2.530582,-0.114372,1.645818,#TechLinearMove
0.491580,-0.161583,0.145917,2.541684,-0.118799,1.647735,#TechLinearMove
0.491240,-0.156826,0.146764,2.549300,-0.126071,1.652175,#TechLinearMove
0.490753,-0.149387,0.147903,2.554297,-0.118169,1.647694,#TechLinearMove
0.490622,-0.144377,0.148244,2.553529,-0.116449,1.646005,#TechLinearMove
0.490380,-0.139377,0.148653,2.556086,-0.111502,1.641890,#TechLinearMove
0.490072,-0.134382,0.149087,2.552732,-0.108949,1.640369,#TechLinearMove
0.489764,-0.129387,0.149517,2.550801,-0.104943,1.637680,#TechLinearMove
0.489446,-0.124397,0.149990,2.550747,-0.100756,1.634571,#TechLinearMove
0.489097,-0.119415,0.150527,2.549597,-0.096810,1.631786,#TechLinearMove
0.488726,-0.114437,0.151094,2.548981,-0.092865,1.628928,#TechLinearMove
0.488381,-0.109454,0.151619,2.549021,-0.089423,1.626293,#TechLinearMove
0.488069,-0.104461,0.152068,2.548991,-0.085808,1.623527,#TechLinearMove
0.487791,-0.099465,0.152513,2.550527,-0.081142,1.619710,#TechLinearMove
0.487570,-0.094461,0.152884,2.554182,-0.074347,1.614035,#TechLinearMove
0.487209,-0.086410,0.153233,2.564384,-0.075826,1.616960,#TechLinearMove
0.486948,-0.081208,0.153518,2.567170,-0.060778,1.607885,#TechLinearMove
0.486678,-0.076002,0.153665,2.564872,-0.045756,1.598977,#TechLinearMove
0.486288,-0.070801,0.153713,2.563068,-0.035330,1.592775,#TechLinearMove
0.485966,-0.065595,0.153760,2.562364,-0.025463,1.586873,#TechLinearMove
0.485728,-0.060385,0.153775,2.561856,-0.015761,1.581044,#TechLinearMove
0.485527,-0.055174,0.153665,2.560970,-0.004863,1.574510,#TechLinearMove
0.485382,-0.049966,0.153413,2.560380,0.004345,1.569036,#TechLinearMove
0.485283,-0.044764,0.153047,2.560653,0.012071,1.564469,#TechLinearMove
0.485278,-0.039558,0.152764,2.563865,0.022436,1.558413,#TechLinearMove
0.485411,-0.034357,0.152418,2.565689,0.035904,1.550618,#TechLinearMove
0.485839,-0.024133,0.151399,2.564281,0.037794,1.547775,#TechLinearMove
0.485865,-0.019271,0.151340,2.566744,0.042350,1.544779,#TechLinearMove
0.485947,-0.014414,0.151136,2.568462,0.045016,1.542949,#TechLinearMove
0.486052,-0.009560,0.150871,2.570105,0.047492,1.541336,#TechLinearMove
0.486140,-0.004705,0.150627,2.571250,0.049045,1.540308,#TechLinearMove
0.486119,0.000149,0.150358,2.573253,0.051671,1.538670,#TechLinearMove
0.486053,0.005004,0.150106,2.575581,0.054866,1.536690,#TechLinearMove
0.485977,0.009859,0.149862,2.578084,0.057213,1.535270,#TechLinearMove
0.485913,0.014712,0.149564,2.579587,0.058115,1.534697,#TechLinearMove
0.485876,0.019559,0.149191,2.580547,0.058110,1.534644,#TechLinearMove
0.485853,0.024405,0.148790,2.581684,0.058687,1.534238,#TechLinearMove
0.485828,0.029252,0.148407,2.581668,0.060822,1.532784,#TechLinearMove
0.485782,0.034102,0.148067,2.582094,0.064300,1.530521,#TechLinearMove
0.485716,0.038956,0.147803,2.582442,0.069393,1.527257,#TechLinearMove
0.485645,0.043813,0.147591,2.580950,0.073091,1.524652,#TechLinearMove
0.485743,0.048667,0.147334,2.579816,0.076357,1.522254,#TechLinearMove
0.485873,0.053517,0.147013,2.577998,0.083461,1.517379,#TechLinearMove
0.485475,0.061308,0.146967,2.580180,0.091253,1.513125,#TechLinearMove
0.485173,0.066064,0.146638,2.584129,0.097247,1.510486,#TechLinearMove
0.485094,0.070825,0.146247,2.582286,0.107806,1.504201,#TechLinearMove
0.485029,0.075583,0.145840,2.580132,0.115778,1.499254,#TechLinearMove
0.485067,0.080316,0.145191,2.578974,0.126084,1.492983,#TechLinearMove
0.485203,0.085022,0.144378,2.578439,0.137908,1.485827,#TechLinearMove
0.485638,0.089713,0.143579,2.577426,0.148581,1.479269,#TechLinearMove
0.485937,0.094380,0.142600,2.576289,0.163220,1.470419,#TechLinearMove
0.486268,0.099025,0.141532,2.571968,0.176555,1.461652,#TechLinearMove
0.486702,0.103644,0.140389,2.568774,0.188222,1.453957,#TechLinearMove
0.487159,0.108249,0.139198,2.566170,0.204442,1.443687,#TechLinearMove
0.487562,0.112868,0.138043,2.564086,0.217045,1.435941,#TechLinearMove
0.490291,0.117051,0.138279,2.569399,0.220597,1.433097,#TechLinearMove
0.493583,0.121137,0.138656,2.564403,0.211574,1.436918,#TechLinearMove
0.497023,0.125099,0.139154,2.563438,0.207039,1.439229,#TechLinearMove
0.500174,0.129316,0.139417,2.558693,0.202491,1.440463,#TechLinearMove
0.503548,0.133318,0.140037,2.556231,0.203276,1.439044,#TechLinearMove
0.506701,0.137505,0.140602,2.552312,0.205293,1.436436,#TechLinearMove
0.509866,0.141646,0.141255,2.547931,0.214935,1.428486,#TechLinearMove
0.509337,0.141901,0.142065,2.547931,0.214935,1.428486,#TechMoveTo
0.562201,0.147655,0.174562,2.515636,0.231806,1.425632,#TechMoveTo
0.562753,0.147386,0.173773,2.515636,0.231806,1.425632,#TechMoveTo
0.563861,0.144448,0.175287,2.515924,0.217265,1.425932,#TechLinearMove
0.565430,0.139985,0.178021,2.517326,0.199378,1.436431,#TechLinearMove
0.566879,0.135509,0.180815,2.519737,0.187021,1.444104,#TechLinearMove
0.568358,0.131126,0.183747,2.520708,0.179697,1.447862,#TechLinearMove
0.569792,0.126704,0.186644,2.521822,0.176559,1.448774,#TechLinearMove
0.571370,0.122345,0.189559,2.519227,0.173322,1.448044,#TechLinearMove
0.571867,0.117666,0.191116,2.523541,0.171949,1.449927,#TechLinearMove
0.572166,0.112993,0.192418,2.525556,0.160161,1.458266,#TechLinearMove
0.572463,0.108266,0.193527,2.528227,0.153514,1.463304,#TechLinearMove
0.572749,0.103515,0.194536,2.531904,0.143765,1.470602,#TechLinearMove
0.573083,0.098771,0.195561,2.535274,0.130648,1.480143,#TechLinearMove
0.573375,0.094014,0.196531,2.539090,0.117992,1.489398,#TechLinearMove
0.573652,0.089245,0.197443,2.543136,0.104471,1.499242,#TechLinearMove
0.574016,0.084496,0.198437,2.545641,0.088382,1.510570,#TechLinearMove
0.574287,0.079746,0.199455,2.547637,0.077647,1.518036,#TechLinearMove
0.574567,0.074992,0.200450,2.549641,0.067143,1.525252,#TechLinearMove
0.574912,0.070235,0.201406,2.552835,0.053287,1.534869,#TechLinearMove
0.575452,0.059646,0.201356,2.567975,0.047546,1.539662,#TechLinearMove
0.575963,0.054814,0.201080,2.582696,0.028553,1.551290,#TechLinearMove
0.576234,0.049953,0.201080,2.593683,0.008572,1.563090,#TechLinearMove
0.576431,0.045086,0.201089,2.601851,-0.000729,1.568367,#TechLinearMove
0.576647,0.040221,0.201039,2.608704,-0.013847,1.575924,#TechLinearMove
0.576881,0.035357,0.200979,2.617272,-0.025470,1.582373,#TechLinearMove
0.577183,0.030497,0.200919,2.625011,-0.035693,1.587935,#TechLinearMove
0.577459,0.025638,0.200763,2.632756,-0.041880,1.591060,#TechLinearMove
0.577684,0.020780,0.200502,2.641494,-0.045973,1.592812,#TechLinearMove
0.577923,0.015925,0.200207,2.650806,-0.050644,1.594758,#TechLinearMove
0.578214,0.011074,0.199885,2.660989,-0.054481,1.596084,#TechLinearMove
0.578605,0.006235,0.199506,2.671998,-0.056558,1.596316,#TechLinearMove
0.579132,0.001408,0.199133,2.682218,-0.059835,1.597207,#TechLinearMove
0.579651,-0.003417,0.198736,2.694314,-0.064211,1.598438,#TechLinearMove
0.580264,-0.008210,0.198126,2.710067,-0.069624,1.599921,#TechLinearMove
0.580781,-0.013026,0.197642,2.726709,-0.083782,1.605439,#TechLinearMove
0.581579,-0.020566,0.197962,2.729648,-0.082411,1.605642,#TechLinearMove
0.581548,-0.025499,0.198245,2.736554,-0.080460,1.605260,#TechLinearMove
0.581568,-0.030436,0.198412,2.740546,-0.075860,1.603908,#TechLinearMove
0.581683,-0.035374,0.198516,2.744822,-0.074374,1.603477,#TechLinearMove
0.581686,-0.040316,0.198507,2.750049,-0.072512,1.602811,#TechLinearMove
0.581711,-0.045256,0.198442,2.753181,-0.071633,1.602727,#TechLinearMove
0.581784,-0.050195,0.198316,2.755824,-0.072774,1.603499,#TechLinearMove
0.581914,-0.055131,0.198108,2.758779,-0.074576,1.604505,#TechLinearMove
0.582096,-0.060060,0.197821,2.761335,-0.078389,1.606355,#TechLinearMove
0.582460,-0.064979,0.197544,2.763520,-0.083007,1.608560,#TechLinearMove
0.582765,-0.069904,0.197295,2.767719,-0.088873,1.611426,#TechLinearMove
0.583077,-0.074830,0.197069,2.769804,-0.092981,1.613900,#TechLinearMove
0.583597,-0.082565,0.196218,2.767688,-0.088797,1.609031,#TechLinearMove
0.584331,-0.087423,0.195677,2.766277,-0.099118,1.613701,#TechLinearMove
0.584896,-0.092306,0.195145,2.765377,-0.106388,1.617023,#TechLinearMove
0.585451,-0.097190,0.194623,2.765516,-0.112079,1.619407,#TechLinearMove
0.586031,-0.102071,0.194090,2.767283,-0.118870,1.621999,#TechLinearMove
0.586600,-0.106953,0.193560,2.768929,-0.127467,1.625252,#TechLinearMove
0.586913,-0.111857,0.193016,2.769148,-0.135216,1.628444,#TechLinearMove
0.587231,-0.116764,0.192510,2.766497,-0.140499,1.631117,#TechLinearMove
0.587547,-0.121674,0.192017,2.765622,-0.145279,1.633301,#TechLinearMove
0.587845,-0.126587,0.191558,2.762628,-0.150239,1.635919,#TechLinearMove
0.588144,-0.131500,0.191094,2.756917,-0.156936,1.639818,#TechLinearMove
0.588401,-0.136417,0.190649,2.746690,-0.161770,1.643996,#TechLinearMove
0.589162,-0.148487,0.189403,2.745225,-0.141206,1.632676,#TechLinearMove
0.589677,-0.153432,0.188596,2.743591,-0.120497,1.622565,#TechLinearMove
0.590431,-0.158372,0.187978,2.747193,-0.100710,1.612260,#TechLinearMove
0.590949,-0.163360,0.187517,2.753159,-0.083157,1.603230,#TechLinearMove
0.591371,-0.168362,0.187112,2.757714,-0.070882,1.597020,#TechLinearMove
0.591748,-0.173374,0.186788,2.761688,-0.058464,1.590890,#TechLinearMove
0.592074,-0.178393,0.186547,2.766922,-0.046640,1.584904,#TechLinearMove
0.592342,-0.183420,0.186409,2.769248,-0.032012,1.578024,#TechLinearMove
0.592544,-0.188452,0.186366,2.768781,-0.014761,1.570288,#TechLinearMove
0.592696,-0.193486,0.186399,2.768492,0.001928,1.562690,#TechLinearMove
0.592845,-0.198520,0.186456,2.767667,0.019481,1.554768,#TechLinearMove
0.593015,-0.203553,0.186449,2.766450,0.036633,1.547159,#TechLinearMove
0.593149,-0.208586,0.186336,2.766236,0.052125,1.540294,#TechLinearMove
0.593148,-0.213618,0.186339,2.764224,0.071637,1.531284,#TechLinearMove
0.593137,-0.218653,0.186417,2.754483,0.099187,1.518182,#TechLinearMove
0.593341,-0.223679,0.186198,2.738815,0.133435,1.501828,#TechLinearMove
0.593834,-0.231300,0.184919,2.752017,0.116111,1.516047,#TechLinearMove
0.594942,-0.236194,0.184177,2.781523,0.126852,1.517703,#TechLinearMove
0.595418,-0.241246,0.183965,2.813257,0.127057,1.521830,#TechLinearMove
0.595754,-0.246307,0.183880,2.831893,0.131580,1.523567,#TechLinearMove
0.595732,-0.251359,0.184331,2.852283,0.137517,1.525467,#TechLinearMove
0.595332,-0.256313,0.185375,2.860823,0.148971,1.523957,#TechLinearMove
0.594678,-0.261167,0.186733,2.860259,0.165400,1.519706,#TechLinearMove
0.593957,-0.265950,0.188291,2.865173,0.180218,1.516991,#TechLinearMove
0.593351,-0.270749,0.189850,2.867280,0.204077,1.511236,#TechLinearMove
0.592770,-0.275585,0.191298,2.860214,0.234779,1.502528,#TechLinearMove
0.592012,-0.280307,0.192998,2.858547,0.267632,1.494114,#TechLinearMove
0.591680,-0.285159,0.194410,2.862155,0.302631,1.486013,#TechLinearMove
0.592092,-0.279935,0.194110,2.895611,0.248567,1.508538,#TechLinearMove
0.592652,-0.275415,0.192117,2.897179,0.205645,1.515276,#TechLinearMove
0.593286,-0.270861,0.190219,2.884227,0.189166,1.515432,#TechLinearMove
0.594002,-0.266326,0.188306,2.878145,0.171706,1.517385,#TechLinearMove
0.594921,-0.261815,0.186425,2.873132,0.155851,1.519257,#TechLinearMove
0.595874,-0.257233,0.184778,2.860694,0.150060,1.517747,#TechLinearMove
0.596238,-0.252417,0.183622,2.834276,0.157282,1.511476,#TechLinearMove
0.596195,-0.247473,0.183061,2.817259,0.151847,1.509160,#TechLinearMove
0.595828,-0.242542,0.182786,2.789478,0.140163,1.505792,#TechLinearMove
0.594262,-0.232071,0.184767,2.771998,0.137184,1.510877,#TechLinearMove
0.593704,-0.227293,0.185515,2.773875,0.103324,1.525647,#TechLinearMove
0.593436,-0.222443,0.185879,2.778827,0.072006,1.539323,#TechLinearMove
0.593187,-0.217592,0.186257,2.782281,0.046711,1.549506,#TechLinearMove
0.593032,-0.212731,0.186530,2.785507,0.026517,1.557527,#TechLinearMove
0.592860,-0.207863,0.186628,2.791312,0.004590,1.566634,#TechLinearMove
0.592810,-0.202992,0.186597,2.794134,-0.016021,1.575289,#TechLinearMove
0.592885,-0.198121,0.186502,2.793124,-0.032934,1.582436,#TechLinearMove
0.592990,-0.193251,0.186386,2.791284,-0.047766,1.588755,#TechLinearMove
0.593031,-0.188380,0.186323,2.788172,-0.060226,1.594309,#TechLinearMove
0.592991,-0.183508,0.186369,2.781729,-0.069785,1.599106,#TechLinearMove
0.592893,-0.178640,0.186541,2.773072,-0.080004,1.604428,#TechLinearMove
0.592706,-0.173782,0.186859,2.764246,-0.090412,1.609954,#TechLinearMove
0.592397,-0.168938,0.187275,2.755216,-0.097002,1.614224,#TechLinearMove
0.591937,-0.164110,0.187741,2.745262,-0.108566,1.620654,#TechLinearMove
0.591499,-0.159297,0.188355,2.734836,-0.123982,1.629373,#TechLinearMove
0.590868,-0.154535,0.189169,2.725429,-0.138859,1.638003,#TechLinearMove
0.590483,-0.146415,0.190419,2.744897,-0.138850,1.631756,#TechLinearMove
0.589706,-0.141367,0.190621,2.752749,-0.137359,1.630436,#TechLinearMove
0.589160,-0.136295,0.190977,2.760893,-0.136889,1.629323,#TechLinearMove
0.588648,-0.131222,0.191359,2.766232,-0.136322,1.628506,#TechLinearMove
0.588152,-0.126146,0.191727,2.770187,-0.133275,1.626991,#TechLinearMove
0.587642,-0.121074,0.192121,2.773351,-0.129562,1.625365,#TechLinearMove
0.587211,-0.116001,0.192589,2.774602,-0.125823,1.624025,#TechLinearMove
0.586880,-0.110926,0.193122,2.774597,-0.121236,1.622550,#TechLinearMove
0.586535,-0.105857,0.193693,2.773012,-0.115035,1.620654,#TechLinearMove
0.586157,-0.100795,0.194308,2.768934,-0.107909,1.618750,#TechLinearMove
0.585781,-0.095733,0.194928,2.767352,-0.100550,1.616535,#TechLinearMove
0.585392,-0.090673,0.195554,2.764954,-0.092846,1.614327,#TechLinearMove
0.584728,-0.082539,0.196645,2.770966,-0.085739,1.607508,#TechLinearMove
0.584421,-0.077347,0.197145,2.768374,-0.086569,1.607234,#TechLinearMove
0.583859,-0.072161,0.197425,2.766371,-0.085447,1.606395,#TechLinearMove
0.583394,-0.066967,0.197748,2.765020,-0.083210,1.605248,#TechLinearMove
0.582959,-0.061767,0.198021,2.763762,-0.081030,1.604106,#TechLinearMove
0.582543,-0.056564,0.198249,2.761605,-0.079214,1.603182,#TechLinearMove
0.582173,-0.051355,0.198404,2.758877,-0.078270,1.602657,#TechLinearMove
0.581860,-0.046140,0.198479,2.756087,-0.080153,1.603266,#TechLinearMove
0.581692,-0.040919,0.198526,2.752496,-0.083092,1.604376,#TechLinearMove
0.581596,-0.035697,0.198649,2.748014,-0.086850,1.605694,#TechLinearMove
0.581621,-0.030473,0.198622,2.742129,-0.095730,1.609052,#TechLinearMove
0.581958,-0.020219,0.198143,2.739898,-0.085257,1.605860,#TechLinearMove
0.581859,-0.015182,0.198310,2.723370,-0.070909,1.600290,#TechLinearMove
0.581277,-0.010203,0.198750,2.708160,-0.060154,1.595989,#TechLinearMove
0.580788,-0.005193,0.199023,2.696975,-0.055142,1.594159,#TechLinearMove
0.580258,-0.000192,0.199378,2.685527,-0.049993,1.592380,#TechLinearMove
0.579710,0.004805,0.199759,2.674905,-0.046796,1.591433,#TechLinearMove
0.579144,0.009799,0.200156,2.663852,-0.044737,1.591092,#TechLinearMove
0.578653,0.014808,0.200448,2.653940,-0.043264,1.590919,#TechLinearMove
0.578273,0.019828,0.200721,2.646197,-0.040726,1.589974,#TechLinearMove
0.577840,0.024847,0.200912,2.639208,-0.035313,1.587327,#TechLinearMove
0.577449,0.029873,0.201012,2.630714,-0.030637,1.585068,#TechLinearMove
0.577337,0.034910,0.201191,2.622455,-0.022495,1.580848,#TechLinearMove
0.577103,0.039945,0.201240,2.614826,-0.012928,1.575580,#TechLinearMove
0.576871,0.044981,0.201288,2.605986,-0.001845,1.569296,#TechLinearMove
0.576809,0.050022,0.201244,2.594498,0.016726,1.558613,#TechLinearMove
0.576314,0.055029,0.201487,2.582259,0.040814,1.544222,#TechLinearMove
0.575474,0.062648,0.201777,2.578056,0.036335,1.547301,#TechLinearMove
0.574858,0.067551,0.200993,2.569396,0.044311,1.541556,#TechLinearMove
0.574309,0.072453,0.200140,2.562684,0.059023,1.531433,#TechLinearMove
0.573937,0.077388,0.199400,2.556206,0.068591,1.524589,#TechLinearMove
0.573661,0.082311,0.198540,2.552410,0.080090,1.516550,#TechLinearMove
0.573302,0.087204,0.197542,2.549450,0.094592,1.506495,#TechLinearMove
0.572991,0.092105,0.196566,2.544635,0.111260,1.494592,#TechLinearMove
0.572705,0.096998,0.195545,2.538872,0.128495,1.482008,#TechLinearMove
0.572480,0.101893,0.194525,2.533590,0.142048,1.471938,#TechLinearMove
0.572311,0.106810,0.193597,2.526642,0.158573,1.459470,#TechLinearMove
0.571931,0.111689,0.192552,2.516530,0.175273,1.445963,#TechLinearMove
0.570895,0.113667,0.191150,2.513147,0.171509,1.447570,#TechLinearMove
0.569866,0.118223,0.189193,2.515345,0.176202,1.446714,#TechLinearMove
0.568958,0.122770,0.187163,2.519025,0.177988,1.447560,#TechLinearMove
0.568358,0.127388,0.185171,2.521674,0.180332,1.447697,#TechLinearMove
0.567201,0.131622,0.182645,2.524110,0.183573,1.447210,#TechLinearMove
0.565956,0.135779,0.180034,2.525386,0.188886,1.445079,#TechLinearMove
0.564740,0.140008,0.177529,2.522607,0.199600,1.438116,#TechLinearMove
0.563861,0.144448,0.175287,2.518539,0.215125,1.428137,#TechLinearMove
0.563308,0.144703,0.176080,2.518539,0.215125,1.428137,#TechMoveTo
0.512282,0.145878,0.143027,2.539599,0.230476,1.416654,#TechMoveTo
0.512812,0.145605,0.142225,2.539599,0.230476,1.416654,#TechMoveTo
0.512812,0.145605,0.142225,2.539599,0.230476,1.416654,#TechStartPoint
0.512507,0.142528,0.142827,2.548188,0.215894,1.428005,#TechLinearMove
0.511909,0.137999,0.143732,2.554820,0.203907,1.440096,#TechLinearMove
0.511806,0.133482,0.144933,2.559305,0.197520,1.446926,#TechLinearMove
0.511510,0.128962,0.146088,2.564832,0.193211,1.452687,#TechLinearMove
0.511712,0.124535,0.147518,2.571736,0.190318,1.458893,#TechLinearMove
0.510720,0.116845,0.148764,2.580256,0.192071,1.455649,#TechLinearMove
0.510648,0.111779,0.149645,2.584348,0.186509,1.459215,#TechLinearMove
0.510424,0.106753,0.150735,2.590468,0.175436,1.466747,#TechLinearMove
0.510063,0.101735,0.151829,2.595016,0.167113,1.472328,#TechLinearMove
0.509675,0.096728,0.152969,2.598891,0.155425,1.479698,#TechLinearMove
0.509273,0.091729,0.154138,2.603280,0.141136,1.488714,#TechLinearMove
0.508868,0.086733,0.155316,2.608989,0.129206,1.496585,#TechLinearMove
0.508397,0.081717,0.156373,2.613730,0.121103,1.501923,#TechLinearMove
0.507761,0.076707,0.157370,2.618516,0.112255,1.507425,#TechLinearMove
0.507332,0.071663,0.158303,2.621874,0.103921,1.512257,#TechLinearMove
0.507421,0.061406,0.158143,2.633663,0.113747,1.508413,#TechLinearMove
0.507532,0.056551,0.157893,2.628651,0.100316,1.515176,#TechLinearMove
0.507430,0.051696,0.158119,2.624292,0.085801,1.522949,#TechLinearMove
0.507329,0.046839,0.158340,2.622311,0.077949,1.527175,#TechLinearMove
0.507349,0.041983,0.158615,2.621260,0.070943,1.530978,#TechLinearMove
0.507358,0.037135,0.158998,2.618435,0.060573,1.536438,#TechLinearMove
0.507314,0.032297,0.159501,2.617695,0.053901,1.540066,#TechLinearMove
0.507226,0.027472,0.160105,2.618934,0.049321,1.542723,#TechLinearMove
0.507104,0.022659,0.160792,2.621184,0.044855,1.545384,#TechLinearMove
0.506970,0.017849,0.161504,2.624554,0.042688,1.546791,#TechLinearMove
0.506860,0.013031,0.162157,2.628554,0.043000,1.546781,#TechLinearMove
0.506811,0.008196,0.162681,2.632612,0.043702,1.546516,#TechLinearMove
0.506825,0.003347,0.163062,2.636057,0.043768,1.546580,#TechLinearMove
0.506841,-0.001508,0.163347,2.638255,0.042195,1.547534,#TechLinearMove
0.506757,-0.006367,0.163535,2.641684,0.039377,1.549230,#TechLinearMove
0.506664,-0.011225,0.163755,2.645906,0.036753,1.550830,#TechLinearMove
0.506636,-0.016088,0.163807,2.647608,0.033989,1.552397,#TechLinearMove
0.506765,-0.023903,0.163520,2.650972,0.028794,1.555331,#TechLinearMove
0.506925,-0.028690,0.163708,2.656825,0.018730,1.560830,#TechLinearMove
0.507139,-0.033476,0.163972,2.663015,0.007942,1.566548,#TechLinearMove
0.507302,-0.038271,0.164119,2.667212,-0.001135,1.571304,#TechLinearMove
0.507466,-0.043066,0.164261,2.672673,-0.006854,1.574252,#TechLinearMove
0.507634,-0.047860,0.164404,2.676339,-0.012569,1.577169,#TechLinearMove
0.507811,-0.052655,0.164527,2.680962,-0.015444,1.578638,#TechLinearMove
0.508018,-0.057450,0.164567,2.682643,-0.020961,1.581447,#TechLinearMove
0.508113,-0.062246,0.164430,2.686760,-0.025452,1.583652,#TechLinearMove
0.508313,-0.067035,0.164191,2.691530,-0.031241,1.586363,#TechLinearMove
0.508488,-0.071826,0.163953,2.697177,-0.037085,1.589133,#TechLinearMove
0.508672,-0.076615,0.163696,2.701718,-0.044241,1.592578,#TechLinearMove
0.509438,-0.084660,0.163002,2.703968,-0.056618,1.597547,#TechLinearMove
0.509655,-0.089583,0.162670,2.711177,-0.070868,1.602870,#TechLinearMove
0.510003,-0.094498,0.162340,2.719554,-0.084605,1.607719,#TechLinearMove
0.510268,-0.099412,0.161927,2.726835,-0.095114,1.611308,#TechLinearMove
0.510495,-0.104326,0.161490,2.732736,-0.104559,1.614466,#TechLinearMove
0.510797,-0.109239,0.161086,2.737277,-0.111216,1.616582,#TechLinearMove
0.511074,-0.114157,0.160719,2.739178,-0.117363,1.618742,#TechLinearMove
0.511375,-0.119071,0.160323,2.743611,-0.122707,1.620209,#TechLinearMove
0.511692,-0.123978,0.159867,2.744889,-0.129891,1.622850,#TechLinearMove
0.511967,-0.128880,0.159329,2.745405,-0.135401,1.624928,#TechLinearMove
0.512342,-0.133781,0.158856,2.745651,-0.142460,1.627584,#TechLinearMove
0.512633,-0.138694,0.158463,2.746324,-0.154071,1.632029,#TechLinearMove
0.513304,-0.148954,0.156933,2.738670,-0.150401,1.633230,#TechLinearMove
0.513605,-0.153895,0.156276,2.736675,-0.137862,1.627402,#TechLinearMove
0.513933,-0.158830,0.155584,2.735212,-0.125278,1.621441,#TechLinearMove
0.514274,-0.163758,0.154856,2.734987,-0.117610,1.617755,#TechLinearMove
0.514615,-0.168688,0.154138,2.735124,-0.109572,1.613913,#TechLinearMove
0.514930,-0.173624,0.153450,2.734976,-0.101778,1.610229,#TechLinearMove
0.515228,-0.178567,0.152805,2.732768,-0.095728,1.607552,#TechLinearMove
0.515511,-0.183513,0.152179,2.727354,-0.088102,1.604542,#TechLinearMove
0.515799,-0.188457,0.151541,2.719949,-0.078266,1.600669,#TechLinearMove
0.516101,-0.193398,0.150882,2.710021,-0.065543,1.595516,#TechLinearMove
0.516439,-0.198336,0.150220,2.696984,-0.050053,1.589076,#TechLinearMove
0.516825,-0.203272,0.149569,2.682791,-0.033943,1.581913,#TechLinearMove
0.517208,-0.208208,0.148921,2.668010,-0.017201,1.573975,#TechLinearMove
0.517582,-0.213148,0.148296,2.653880,-0.002770,1.567192,#TechLinearMove
0.517939,-0.218093,0.147698,2.639950,0.010896,1.560637,#TechLinearMove
0.518365,-0.223025,0.147042,2.617327,0.036844,1.547164,#TechLinearMove
0.518884,-0.227941,0.146335,2.600065,0.061956,1.532812,#TechLinearMove
0.519378,-0.236016,0.145705,2.602957,0.059762,1.534517,#TechLinearMove
0.519292,-0.240789,0.146463,2.596795,0.074801,1.521909,#TechLinearMove
0.518883,-0.245472,0.147633,2.579068,0.093510,1.505496,#TechLinearMove
0.518500,-0.250180,0.148720,2.568829,0.104841,1.495414,#TechLinearMove
0.518051,-0.254846,0.149953,2.561910,0.116072,1.485660,#TechLinearMove
0.517563,-0.259483,0.151278,2.552007,0.129117,1.474421,#TechLinearMove
0.517285,-0.264132,0.152621,2.540711,0.145967,1.459805,#TechLinearMove
0.517022,-0.268798,0.153908,2.531284,0.160082,1.447387,#TechLinearMove
0.516673,-0.273503,0.155017,2.525611,0.174982,1.434934,#TechLinearMove
0.516408,-0.278220,0.156100,2.524843,0.186090,1.426116,#TechLinearMove
0.516320,-0.282981,0.156982,2.523544,0.201258,1.413563,#TechLinearMove
0.516556,-0.287771,0.157680,2.518749,0.221245,1.396333,#TechLinearMove
0.516515,-0.282331,0.156485,2.517357,0.218421,1.406805,#TechLinearMove
0.516319,-0.277251,0.155964,2.533674,0.190076,1.431971,#TechLinearMove
0.516418,-0.272234,0.154988,2.532097,0.175469,1.442352,#TechLinearMove
0.516725,-0.267266,0.153829,2.535027,0.158078,1.455681,#TechLinearMove
0.517216,-0.262377,0.152425,2.546854,0.138593,1.471784,#TechLinearMove
0.517806,-0.257562,0.150812,2.559629,0.121880,1.485760,#TechLinearMove
0.518411,-0.252772,0.149130,2.569299,0.107234,1.497373,#TechLinearMove
0.519007,-0.247961,0.147505,2.583325,0.087646,1.512589,#TechLinearMove
0.519325,-0.243149,0.145837,2.615365,0.059228,1.535725,#TechLinearMove
0.519254,-0.233023,0.145893,2.614232,0.045099,1.544053,#TechLinearMove
0.518717,-0.227957,0.146519,2.626576,0.025448,1.554639,#TechLinearMove
0.518257,-0.222890,0.147201,2.638152,0.004628,1.565412,#TechLinearMove
0.517914,-0.217797,0.147741,2.648486,-0.009714,1.572509,#TechLinearMove
0.517543,-0.212714,0.148348,2.658135,-0.021923,1.578213,#TechLinearMove
0.517155,-0.207636,0.148996,2.672408,-0.037602,1.585401,#TechLinearMove
0.516753,-0.202562,0.149659,2.683707,-0.051021,1.591136,#TechLinearMove
0.516350,-0.197487,0.150316,2.696934,-0.066427,1.597657,#TechLinearMove
0.516024,-0.192410,0.150995,2.706539,-0.077084,1.601814,#TechLinearMove
0.515709,-0.187331,0.151669,2.716985,-0.088974,1.606332,#TechLinearMove
0.515414,-0.182248,0.152318,2.728077,-0.098098,1.609327,#TechLinearMove
0.515126,-0.177163,0.152961,2.736218,-0.105361,1.611620,#TechLinearMove
0.514804,-0.172086,0.153645,2.740828,-0.112566,1.614279,#TechLinearMove
0.514475,-0.167016,0.154372,2.743621,-0.120823,1.617605,#TechLinearMove
0.514130,-0.161947,0.155106,2.747793,-0.132856,1.622504,#TechLinearMove
0.513820,-0.156871,0.155799,2.751837,-0.146331,1.627958,#TechLinearMove
0.513305,-0.148940,0.156905,2.737130,-0.151910,1.634170,#TechLinearMove
0.512973,-0.143844,0.157661,2.735309,-0.139572,1.629455,#TechLinearMove
0.512716,-0.138720,0.158234,2.734150,-0.133594,1.627240,#TechLinearMove
0.512389,-0.133601,0.158830,2.734112,-0.131104,1.626286,#TechLinearMove
0.512004,-0.128483,0.159389,2.731482,-0.125971,1.624627,#TechLinearMove
0.511636,-0.123359,0.159903,2.730833,-0.118291,1.621568,#TechLinearMove
0.511299,-0.118226,0.160358,2.732292,-0.112314,1.618923,#TechLinearMove
0.510985,-0.113089,0.160768,2.731335,-0.108082,1.617370,#TechLinearMove
0.510679,-0.107951,0.161173,2.729179,-0.102865,1.615546,#TechLinearMove
0.510359,-0.102815,0.161596,2.727038,-0.095261,1.612691,#TechLinearMove
0.510095,-0.097677,0.162036,2.723999,-0.084542,1.608658,#TechLinearMove
0.509953,-0.092528,0.162380,2.720039,-0.074675,1.605080,#TechLinearMove
0.509438,-0.084660,0.163002,2.720309,-0.079426,1.606535,#TechLinearMove
0.509027,-0.079657,0.163417,2.710078,-0.058922,1.597666,#TechLinearMove
0.508745,-0.074638,0.163752,2.702732,-0.048432,1.593193,#TechLinearMove
0.508367,-0.069623,0.164038,2.696504,-0.038535,1.588882,#TechLinearMove
0.507902,-0.064610,0.164227,2.690878,-0.029437,1.584711,#TechLinearMove
0.507535,-0.059588,0.164331,2.685716,-0.023142,1.581790,#TechLinearMove
0.507283,-0.054556,0.164327,2.681678,-0.019689,1.580187,#TechLinearMove
0.507076,-0.049524,0.164222,2.676917,-0.017372,1.579140,#TechLinearMove
0.506892,-0.044491,0.164071,2.671626,-0.012249,1.576653,#TechLinearMove
0.506601,-0.039467,0.163881,2.664608,-0.002651,1.571903,#TechLinearMove
0.506706,-0.034436,0.163647,2.657936,0.004293,1.568423,#TechLinearMove
0.506749,-0.024130,0.163554,2.649420,0.015498,1.562286,#TechLinearMove
0.506670,-0.019284,0.163714,2.647992,0.022485,1.558525,#TechLinearMove
0.506582,-0.014439,0.163608,2.647703,0.030490,1.554248,#TechLinearMove
0.506447,-0.009595,0.163427,2.645319,0.034741,1.551881,#TechLinearMove
0.506354,-0.004750,0.163225,2.642056,0.038942,1.549493,#TechLinearMove
0.506282,0.000092,0.162973,2.638693,0.042674,1.547327,#TechLinearMove
0.506245,0.004931,0.162646,2.636051,0.044227,1.546399,#TechLinearMove
0.506257,0.009762,0.162220,2.633323,0.044237,1.546348,#TechLinearMove
0.506333,0.014576,0.161651,2.630156,0.045631,1.545472,#TechLinearMove
0.506462,0.019376,0.160965,2.626816,0.048189,1.543911,#TechLinearMove
0.506604,0.024170,0.160252,2.623215,0.050467,1.542485,#TechLinearMove
0.506770,0.028971,0.159590,2.620178,0.054141,1.540255,#TechLinearMove
0.506998,0.033788,0.159078,2.619875,0.059891,1.537055,#TechLinearMove
0.507184,0.038617,0.158674,2.620336,0.069959,1.531500,#TechLinearMove
0.507321,0.043455,0.158369,2.620522,0.078508,1.526684,#TechLinearMove
0.507570,0.048266,0.157816,2.620003,0.090474,1.519953,#TechLinearMove
0.507681,0.053105,0.157567,2.622317,0.105813,1.511557,#TechLinearMove
0.507404,0.061038,0.158181,2.627087,0.106410,1.511413,#TechLinearMove
0.507440,0.065933,0.158074,2.621880,0.111310,1.508815,#TechLinearMove
0.507636,0.070809,0.157644,2.618423,0.117091,1.505801,#TechLinearMove
0.507779,0.075680,0.157173,2.615879,0.123362,1.502328,#TechLinearMove
0.507911,0.080509,0.156363,2.612874,0.131719,1.497536,#TechLinearMove
0.508156,0.085291,0.155323,2.608869,0.139994,1.492506,#TechLinearMove
0.508541,0.090045,0.154204,2.602177,0.149484,1.486163,#TechLinearMove
0.508926,0.094803,0.153099,2.599028,0.159179,1.480356,#TechLinearMove
0.509298,0.099567,0.152015,2.593847,0.170569,1.473120,#TechLinearMove
0.509653,0.104338,0.150957,2.588591,0.179938,1.466978,#TechLinearMove
0.509947,0.109098,0.149844,2.581492,0.192809,1.458561,#TechLinearMove
0.510510,0.113921,0.149201,2.574233,0.204131,1.451090,#TechLinearMove
0.510632,0.115925,0.148965,2.579286,0.204222,1.448053,#TechLinearMove
0.511205,0.121296,0.148002,2.572999,0.198945,1.448598,#TechLinearMove
0.511598,0.126622,0.146802,2.567120,0.193862,1.449517,#TechLinearMove
0.511778,0.131915,0.145370,2.559311,0.195543,1.445690,#TechLinearMove
0.511977,0.137215,0.143964,2.552877,0.204403,1.437644,#TechLinearMove
0.512507,0.142528,0.142827,2.547227,0.217036,1.426984,#TechLinearMove
0.511978,0.142785,0.143636,2.547227,0.217036,1.426984,#TechMoveTo
0.562201,0.147655,0.174562,2.515636,0.231806,1.425632,#TechMoveTo
0.562753,0.147386,0.173773,2.515636,0.231806,1.425632,#TechMoveTo
0.563173,0.144436,0.174830,2.511771,0.219686,1.423029,#TechLinearMove
0.562424,0.139239,0.176152,2.520413,0.195617,1.438936,#TechLinearMove
0.561700,0.134041,0.177477,2.526200,0.178371,1.450286,#TechLinearMove
0.561025,0.128819,0.178734,2.530377,0.167820,1.456470,#TechLinearMove
0.560424,0.123571,0.179921,2.534715,0.160894,1.459131,#TechLinearMove
0.559931,0.118333,0.180718,2.531169,0.165714,1.455501,#TechLinearMove
0.559443,0.113529,0.181608,2.532613,0.159093,1.460357,#TechLinearMove
0.559021,0.108684,0.182295,2.533389,0.153979,1.464035,#TechLinearMove
0.558560,0.103832,0.182907,2.535498,0.147164,1.469159,#TechLinearMove
0.558043,0.098988,0.183528,2.537365,0.135541,1.477451,#TechLinearMove
0.557523,0.094144,0.184153,2.539730,0.121017,1.487780,#TechLinearMove
0.556969,0.089313,0.184842,2.543114,0.104598,1.499472,#TechLinearMove
0.556362,0.084508,0.185654,2.547323,0.089105,1.510529,#TechLinearMove
0.555751,0.079723,0.186580,2.552259,0.077820,1.518764,#TechLinearMove
0.555204,0.074942,0.187560,2.557761,0.069584,1.524995,#TechLinearMove
0.554640,0.070171,0.188581,2.564860,0.059451,1.532535,#TechLinearMove
0.554923,0.060068,0.188383,2.561802,0.055745,1.534610,#TechLinearMove
0.555464,0.055102,0.188027,2.573669,0.043535,1.542273,#TechLinearMove
0.555819,0.050102,0.188268,2.588463,0.025173,1.553383,#TechLinearMove
0.556049,0.045088,0.188408,2.598296,0.012220,1.561011,#TechLinearMove
0.556300,0.040074,0.188503,2.607902,0.001297,1.567185,#TechLinearMove
0.556535,0.035059,0.188618,2.618086,-0.006967,1.571816,#TechLinearMove
0.556647,0.030042,0.188788,2.626238,-0.016097,1.576915,#TechLinearMove
0.556832,0.025030,0.189025,2.636579,-0.020893,1.579294,#TechLinearMove
0.557026,0.020016,0.189216,2.646694,-0.025708,1.581689,#TechLinearMove
0.557055,0.014996,0.189177,2.654667,-0.028486,1.582920,#TechLinearMove
0.557164,0.009979,0.188986,2.661419,-0.029032,1.582854,#TechLinearMove
0.557362,0.004975,0.188630,2.668049,-0.030337,1.583229,#TechLinearMove
0.557593,-0.000025,0.188230,2.675362,-0.032746,1.584046,#TechLinearMove
0.557979,-0.005021,0.187905,2.681657,-0.034133,1.584443,#TechLinearMove
0.558341,-0.010001,0.187372,2.692200,-0.041288,1.587517,#TechLinearMove
0.558705,-0.014986,0.186901,2.702323,-0.051366,1.591900,#TechLinearMove
0.558929,-0.022624,0.186670,2.701950,-0.044635,1.590257,#TechLinearMove
0.559198,-0.027520,0.186958,2.706025,-0.051670,1.593727,#TechLinearMove
0.559334,-0.032425,0.187175,2.709504,-0.053347,1.594700,#TechLinearMove
0.559512,-0.037333,0.187299,2.711885,-0.055897,1.595965,#TechLinearMove
0.559705,-0.042241,0.187398,2.714521,-0.057244,1.596653,#TechLinearMove
0.559884,-0.047150,0.187460,2.715939,-0.059322,1.597725,#TechLinearMove
0.559917,-0.052062,0.187398,2.719986,-0.065759,1.600550,#TechLinearMove
0.559990,-0.056972,0.187265,2.722748,-0.070084,1.602466,#TechLinearMove
0.560098,-0.061880,0.187075,2.725219,-0.076309,1.605258,#TechLinearMove
0.560388,-0.066780,0.186896,2.726221,-0.083261,1.608483,#TechLinearMove
0.560622,-0.071683,0.186705,2.729521,-0.092386,1.612617,#TechLinearMove
0.560852,-0.076588,0.186536,2.734230,-0.104223,1.617776,#TechLinearMove
0.561261,-0.084522,0.185859,2.732985,-0.107065,1.618071,#TechLinearMove
0.562027,-0.089213,0.185237,2.726850,-0.107955,1.619403,#TechLinearMove
0.562663,-0.093914,0.184551,2.722572,-0.113082,1.622346,#TechLinearMove
0.563252,-0.098630,0.183927,2.720177,-0.118677,1.625207,#TechLinearMove
0.563878,-0.103333,0.183243,2.715394,-0.123160,1.627978,#TechLinearMove
0.564517,-0.108030,0.182529,2.711656,-0.126843,1.630248,#TechLinearMove
0.564938,-0.112746,0.181780,2.707772,-0.132008,1.633231,#TechLinearMove
0.565324,-0.117475,0.181102,2.703488,-0.137703,1.636587,#TechLinearMove
0.565917,-0.122204,0.180600,2.697393,-0.144859,1.640983,#TechLinearMove
0.566550,-0.126933,0.180138,2.692386,-0.150669,1.644610,#TechLinearMove
0.567132,-0.131665,0.179640,2.684494,-0.154382,1.647859,#TechLinearMove
0.567768,-0.136403,0.179286,2.676945,-0.159981,1.651990,#TechLinearMove
0.569316,-0.146043,0.178063,2.675078,-0.151831,1.647596,#TechLinearMove
0.569945,-0.150911,0.177243,2.680019,-0.134459,1.638868,#TechLinearMove
0.570511,-0.155783,0.176396,2.681519,-0.112820,1.628620,#TechLinearMove
0.571152,-0.160670,0.175715,2.682609,-0.094919,1.619947,#TechLinearMove
0.571547,-0.165561,0.174903,2.683913,-0.080014,1.612773,#TechLinearMove
0.571906,-0.170463,0.174132,2.685109,-0.066573,1.606370,#TechLinearMove
0.572250,-0.175391,0.173534,2.687638,-0.053161,1.599921,#TechLinearMove
0.572498,-0.180343,0.173113,2.690496,-0.039570,1.593446,#TechLinearMove
0.572616,-0.185312,0.172900,2.693812,-0.026616,1.587354,#TechLinearMove
0.572489,-0.190277,0.173033,2.699294,-0.014632,1.581693,#TechLinearMove
0.572139,-0.195211,0.173556,2.706762,-0.003987,1.576664,#TechLinearMove
0.571710,-0.200112,0.174311,2.713919,0.006639,1.571757,#TechLinearMove
0.571236,-0.204998,0.175131,2.719107,0.018949,1.566338,#TechLinearMove
0.570800,-0.209878,0.176000,2.724884,0.031905,1.560777,#TechLinearMove
0.570418,-0.214744,0.176960,2.728865,0.048958,1.553329,#TechLinearMove
0.569662,-0.219496,0.178222,2.736465,0.067568,1.545494,#TechLinearMove
0.568807,-0.224186,0.179651,2.739353,0.090698,1.535730,#TechLinearMove
0.568966,-0.231695,0.179653,2.729752,0.109202,1.525135,#TechLinearMove
0.569612,-0.236334,0.178451,2.733984,0.125232,1.507360,#TechLinearMove
0.570199,-0.241039,0.177515,2.737664,0.138081,1.492528,#TechLinearMove
0.570742,-0.245785,0.176766,2.743929,0.146632,1.483955,#TechLinearMove
0.571176,-0.250555,0.176124,2.752781,0.150546,1.477950,#TechLinearMove
0.571725,-0.255346,0.175807,2.765163,0.148637,1.474617,#TechLinearMove
0.571898,-0.260175,0.175786,2.777796,0.140799,1.473753,#TechLinearMove
0.571939,-0.264974,0.176364,2.792005,0.137145,1.471838,#TechLinearMove
0.571735,-0.269676,0.177479,2.799408,0.143430,1.464884,#TechLinearMove
0.571160,-0.274192,0.179108,2.815930,0.145315,1.462335,#TechLinearMove
0.570301,-0.278556,0.180999,2.823776,0.152274,1.455906,#TechLinearMove
0.569595,-0.282933,0.182899,2.831709,0.162218,1.444271,#TechLinearMove
0.568622,-0.287091,0.185143,2.830916,0.187003,1.425997,#TechLinearMove
0.570599,-0.281883,0.181791,2.827795,0.199914,1.463484,#TechLinearMove
0.571270,-0.277424,0.179943,2.813204,0.187069,1.472647,#TechLinearMove
0.571840,-0.272876,0.178231,2.798401,0.178802,1.477314,#TechLinearMove
0.572222,-0.268203,0.176848,2.781364,0.178908,1.477347,#TechLinearMove
0.572251,-0.263416,0.175860,2.759941,0.182650,1.475189,#TechLinearMove
0.571985,-0.258562,0.175339,2.739920,0.185702,1.473956,#TechLinearMove
0.571610,-0.253687,0.175360,2.728973,0.187427,1.475349,#TechLinearMove
0.571247,-0.248837,0.175899,2.728012,0.183823,1.481011,#TechLinearMove
0.570535,-0.244071,0.176778,2.725316,0.176334,1.488801,#TechLinearMove
0.569935,-0.239359,0.177963,2.727980,0.157792,1.506459,#TechLinearMove
0.568932,-0.229114,0.179710,2.733001,0.118589,1.520904,#TechLinearMove
0.569464,-0.224213,0.178790,2.731544,0.085222,1.535690,#TechLinearMove
0.570168,-0.219396,0.177559,2.727980,0.058811,1.547347,#TechLinearMove
0.570605,-0.214457,0.176793,2.723032,0.038334,1.556416,#TechLinearMove
0.571023,-0.209508,0.176054,2.719171,0.022357,1.563680,#TechLinearMove
0.571476,-0.204570,0.175255,2.712771,0.011885,1.568373,#TechLinearMove
0.571926,-0.199633,0.174457,2.706990,-0.000066,1.573848,#TechLinearMove
0.572335,-0.194682,0.173724,2.702036,-0.012477,1.579690,#TechLinearMove
0.572612,-0.189697,0.173220,2.697120,-0.023801,1.585129,#TechLinearMove
0.572682,-0.184682,0.173095,2.692480,-0.035215,1.590714,#TechLinearMove
0.572571,-0.179668,0.173298,2.687248,-0.046329,1.596318,#TechLinearMove
0.572321,-0.174673,0.173735,2.683056,-0.058309,1.602309,#TechLinearMove
0.571967,-0.169704,0.174368,2.682662,-0.073095,1.609362,#TechLinearMove
0.571566,-0.164748,0.175079,2.682634,-0.092558,1.618758,#TechLinearMove
0.571161,-0.159795,0.175796,2.681924,-0.123074,1.633589,#TechLinearMove
0.570660,-0.154884,0.176718,2.676535,-0.144155,1.644298,#TechLinearMove
0.569919,-0.147701,0.178002,2.685583,-0.152706,1.645931,#TechLinearMove
0.569455,-0.142677,0.178822,2.687709,-0.152010,1.645462,#TechLinearMove
0.568604,-0.137659,0.179272,2.691900,-0.152715,1.645191,#TechLinearMove
0.567882,-0.132632,0.179853,2.694936,-0.152274,1.644551,#TechLinearMove
0.567177,-0.127598,0.180393,2.697118,-0.148607,1.642583,#TechLinearMove
0.566492,-0.122556,0.180884,2.700326,-0.143591,1.639812,#TechLinearMove
0.565801,-0.117516,0.181388,2.704668,-0.137273,1.636206,#TechLinearMove
0.565082,-0.112484,0.181931,2.708713,-0.131275,1.632852,#TechLinearMove
0.564468,-0.107461,0.182633,2.712117,-0.126611,1.630283,#TechLinearMove
0.563989,-0.102444,0.183485,2.715318,-0.120355,1.627050,#TechLinearMove
0.563509,-0.097424,0.184326,2.719110,-0.114130,1.623812,#TechLinearMove
0.562985,-0.092422,0.185242,2.722400,-0.109132,1.621257,#TechLinearMove
0.562348,-0.084516,0.186414,2.724124,-0.103810,1.617689,#TechLinearMove
0.561883,-0.079371,0.186674,2.726286,-0.097653,1.614170,#TechLinearMove
0.561427,-0.074216,0.186858,2.727989,-0.091258,1.610813,#TechLinearMove
0.561027,-0.069056,0.187085,2.728879,-0.084056,1.607308,#TechLinearMove
0.560656,-0.063893,0.187260,2.728130,-0.075549,1.603339,#TechLinearMove
0.560310,-0.058726,0.187386,2.727089,-0.067887,1.599764,#TechLinearMove
0.560017,-0.053555,0.187429,2.725166,-0.063095,1.597528,#TechLinearMove
0.559878,-0.048379,0.187453,2.722369,-0.059567,1.595904,#TechLinearMove
0.559859,-0.043199,0.187489,2.719330,-0.056522,1.594495,#TechLinearMove
0.559820,-0.038020,0.187557,2.714479,-0.054335,1.593375,#TechLinearMove
0.559898,-0.032844,0.187428,2.712441,-0.058552,1.594877,#TechLinearMove
0.559964,-0.022439,0.187307,2.709575,-0.051262,1.593045,#TechLinearMove
0.559600,-0.017295,0.187465,2.696900,-0.036364,1.586233,#TechLinearMove
0.559060,-0.012170,0.187824,2.686961,-0.026027,1.581410,#TechLinearMove
0.558691,-0.007025,0.188109,2.679858,-0.023311,1.580215,#TechLinearMove
0.558323,-0.001881,0.188407,2.673065,-0.021730,1.579595,#TechLinearMove
0.557928,0.003260,0.188737,2.667011,-0.020061,1.578887,#TechLinearMove
0.557569,0.008406,0.189013,2.658207,-0.017444,1.577829,#TechLinearMove
0.557292,0.013563,0.189140,2.652027,-0.014345,1.576353,#TechLinearMove
0.557086,0.018725,0.189137,2.646089,-0.010768,1.574550,#TechLinearMove
0.557072,0.023890,0.189136,2.638738,-0.010049,1.574262,#TechLinearMove
0.557106,0.029056,0.189079,2.629944,-0.006630,1.572419,#TechLinearMove
0.557007,0.034218,0.188915,2.619457,-0.001079,1.569253,#TechLinearMove
0.556997,0.039384,0.188910,2.610876,0.008901,1.563439,#TechLinearMove
0.556754,0.044543,0.188820,2.601961,0.021053,1.556368,#TechLinearMove
0.556773,0.049700,0.188519,2.588116,0.037864,1.546420,#TechLinearMove
0.556450,0.054849,0.188641,2.568464,0.054855,1.535626,#TechLinearMove
0.556167,0.062259,0.189569,2.561112,0.051267,1.537384,#TechLinearMove
0.555961,0.067348,0.188747,2.557969,0.059466,1.531511,#TechLinearMove
0.556042,0.072437,0.187894,2.555283,0.071025,1.523404,#TechLinearMove
0.556129,0.077542,0.187132,2.553616,0.082822,1.515254,#TechLinearMove
0.556373,0.082612,0.186188,2.552304,0.094503,1.507274,#TechLinearMove
0.556778,0.087669,0.185241,2.549935,0.107596,1.498175,#TechLinearMove
0.557347,0.092738,0.184434,2.546824,0.121497,1.488364,#TechLinearMove
0.557906,0.097812,0.183658,2.544031,0.134710,1.478927,#TechLinearMove
0.558446,0.102895,0.182925,2.540986,0.146521,1.470300,#TechLinearMove
0.558968,0.107996,0.182319,2.538802,0.160120,1.460632,#TechLinearMove
0.559340,0.113106,0.181679,2.532949,0.168456,1.453568,#TechLinearMove
0.559752,0.116309,0.181033,2.531689,0.171530,1.451624,#TechLinearMove
0.560188,0.121063,0.180253,2.525493,0.174367,1.450524,#TechLinearMove
0.560658,0.125793,0.179355,2.524602,0.176997,1.449945,#TechLinearMove
0.561216,0.130492,0.178347,2.525737,0.180165,1.449483,#TechLinearMove
0.561836,0.135150,0.177196,2.528638,0.190230,1.444672,#TechLinearMove
0.562494,0.139794,0.176011,2.524389,0.202314,1.436494,#TechLinearMove
0.563173,0.144436,0.174830,2.517207,0.220870,1.423850,#TechLinearMove
0.562620,0.144697,0.175621,2.517207,0.220870,1.423850,#TechMoveTo
0.512282,0.145878,0.143027,2.539599,0.230476,1.416654,#TechMoveTo
0.512812,0.145605,0.142225,2.539599,0.230476,1.416654,#TechMoveTo
0.510533,0.143556,0.141146,2.545466,0.219582,1.424799,#TechLinearMove
0.507338,0.140017,0.140031,2.553773,0.208008,1.435407,#TechLinearMove
0.503981,0.136648,0.138851,2.555416,0.201593,1.440532,#TechLinearMove
0.500663,0.133153,0.137958,2.561066,0.199434,1.444090,#TechLinearMove
0.497104,0.129913,0.137023,2.560050,0.205081,1.440883,#TechLinearMove
0.493779,0.126363,0.136457,2.560554,0.212966,1.436568,#TechLinearMove
0.490426,0.122831,0.135903,2.560583,0.217415,1.434597,#TechLinearMove
0.489678,0.117730,0.137607,2.568249,0.215323,1.435944,#TechLinearMove
0.489021,0.112925,0.138793,2.571211,0.205855,1.442170,#TechLinearMove
0.488587,0.108116,0.140078,2.569746,0.197439,1.446733,#TechLinearMove
0.488196,0.103312,0.141393,2.571230,0.186075,1.453840,#TechLinearMove
0.487768,0.098486,0.142613,2.574086,0.173919,1.461789,#TechLinearMove
0.487383,0.093631,0.143722,2.576591,0.161247,1.469949,#TechLinearMove
0.487048,0.088753,0.144752,2.578166,0.147965,1.478224,#TechLinearMove
0.486651,0.083858,0.145667,2.580245,0.135848,1.485858,#TechLinearMove
0.486248,0.078931,0.146378,2.584545,0.126263,1.492427,#TechLinearMove
0.485917,0.073968,0.146848,2.581223,0.117802,1.496884,#TechLinearMove
0.485727,0.069004,0.147386,2.580514,0.107027,1.503039,#TechLinearMove
0.485862,0.058978,0.147078,2.579860,0.092782,1.512267,#TechLinearMove
0.485795,0.053964,0.147209,2.580339,0.083855,1.518230,#TechLinearMove
0.485688,0.048956,0.147486,2.581549,0.079343,1.521512,#TechLinearMove
0.485644,0.043941,0.147596,2.579823,0.074695,1.524402,#TechLinearMove
0.485724,0.038929,0.147803,2.580630,0.070318,1.527417,#TechLinearMove
0.485797,0.033920,0.148083,2.580108,0.066072,1.530225,#TechLinearMove
0.485839,0.028915,0.148436,2.581218,0.063879,1.531883,#TechLinearMove
0.485866,0.023914,0.148829,2.580419,0.062105,1.533121,#TechLinearMove
0.485902,0.018914,0.149245,2.579961,0.060592,1.534220,#TechLinearMove
0.485949,0.013911,0.149622,2.578050,0.059914,1.534700,#TechLinearMove
0.486022,0.008905,0.149937,2.575716,0.058590,1.535562,#TechLinearMove
0.486099,0.003895,0.150193,2.574281,0.055840,1.537369,#TechLinearMove
0.486185,-0.001114,0.150473,2.572382,0.051678,1.540083,#TechLinearMove
0.486097,-0.006125,0.150701,2.570973,0.050862,1.540695,#TechLinearMove
0.486003,-0.011134,0.150978,2.567799,0.046647,1.543525,#TechLinearMove
0.485930,-0.016148,0.151122,2.565013,0.044639,1.545014,#TechLinearMove
0.485871,-0.023701,0.151279,2.561205,0.042855,1.544322,#TechLinearMove
0.485642,-0.028645,0.151860,2.563774,0.028810,1.552504,#TechLinearMove
0.485480,-0.033608,0.152294,2.563412,0.019813,1.557519,#TechLinearMove
0.485332,-0.038577,0.152646,2.562030,0.012040,1.562026,#TechLinearMove
0.485210,-0.043550,0.152953,2.562200,0.004500,1.566435,#TechLinearMove
0.485194,-0.048524,0.153263,2.561559,-0.002753,1.570653,#TechLinearMove
0.485317,-0.053498,0.153546,2.558134,-0.010216,1.574994,#TechLinearMove
0.485499,-0.058476,0.153698,2.555773,-0.017853,1.579484,#TechLinearMove
0.485719,-0.063455,0.153734,2.554177,-0.026373,1.584643,#TechLinearMove
0.485979,-0.068432,0.153701,2.552166,-0.035389,1.590181,#TechLinearMove
0.486296,-0.073405,0.153722,2.551474,-0.044408,1.595439,#TechLinearMove
0.486640,-0.078369,0.153634,2.549310,-0.060657,1.605247,#TechLinearMove
0.487209,-0.086410,0.153233,2.551821,-0.063980,1.610406,#TechLinearMove
0.487295,-0.091175,0.153026,2.547682,-0.073884,1.617528,#TechLinearMove
0.487526,-0.095929,0.152670,2.544420,-0.079402,1.621627,#TechLinearMove
0.487787,-0.100681,0.152304,2.541176,-0.083452,1.624739,#TechLinearMove
0.488074,-0.105429,0.151899,2.539216,-0.089454,1.629010,#TechLinearMove
0.488363,-0.110174,0.151464,2.542412,-0.094239,1.631866,#TechLinearMove
0.488687,-0.114910,0.150968,2.545666,-0.099622,1.635046,#TechLinearMove
0.489021,-0.119644,0.150452,2.549175,-0.104547,1.637772,#TechLinearMove
0.489427,-0.124375,0.149972,2.552777,-0.110539,1.641168,#TechLinearMove
0.489761,-0.129117,0.149533,2.555465,-0.116457,1.644663,#TechLinearMove
0.490119,-0.133854,0.149071,2.557737,-0.124313,1.649475,#TechLinearMove
0.490398,-0.138604,0.148712,2.560030,-0.135259,1.656205,#TechLinearMove
0.490811,-0.149296,0.147767,2.567617,-0.125354,1.649946,#TechLinearMove
0.491148,-0.154205,0.146963,2.558818,-0.118068,1.645397,#TechLinearMove
0.491466,-0.159121,0.146199,2.551687,-0.114189,1.642680,#TechLinearMove
0.491719,-0.164063,0.145591,2.545841,-0.112024,1.641544,#TechLinearMove
0.491984,-0.169003,0.144967,2.537101,-0.108813,1.640286,#TechLinearMove
0.492261,-0.173936,0.144301,2.529700,-0.106465,1.639301,#TechLinearMove
0.492630,-0.178865,0.143648,2.522892,-0.104516,1.638438,#TechLinearMove
0.493019,-0.183791,0.142979,2.516087,-0.102948,1.637793,#TechLinearMove
0.493453,-0.188711,0.142303,2.510313,-0.099852,1.635899,#TechLinearMove
0.493930,-0.193629,0.141634,2.504181,-0.096121,1.633590,#TechLinearMove
0.494415,-0.198540,0.140929,2.498108,-0.091562,1.630681,#TechLinearMove
0.494915,-0.203439,0.140145,2.491825,-0.084733,1.626080,#TechLinearMove
0.495453,-0.208320,0.139282,2.485338,-0.075159,1.619333,#TechLinearMove
0.496018,-0.213185,0.138352,2.480395,-0.063443,1.610542,#TechLinearMove
0.496618,-0.218042,0.137397,2.472043,-0.051874,1.601755,#TechLinearMove
0.497267,-0.222872,0.136350,2.463257,-0.038186,1.591039,#TechLinearMove
0.497816,-0.227713,0.135293,2.452898,-0.023335,1.579252,#TechLinearMove
0.498116,-0.235574,0.133420,2.444325,0.003399,1.562159,#TechLinearMove
0.497974,-0.240691,0.132670,2.440080,0.016089,1.555834,#TechLinearMove
0.497393,-0.245824,0.132337,2.438124,0.029015,1.548104,#TechLinearMove
0.496649,-0.250940,0.132296,2.436433,0.038758,1.542001,#TechLinearMove
0.495670,-0.256008,0.132637,2.436725,0.052374,1.532946,#TechLinearMove
0.494562,-0.260993,0.133445,2.438587,0.067457,1.522922,#TechLinearMove
0.493378,-0.265916,0.134518,2.437433,0.084231,1.510825,#TechLinearMove
0.492192,-0.270844,0.135567,2.427735,0.105133,1.493458,#TechLinearMove
0.491164,-0.275826,0.136511,2.413421,0.127260,1.473764,#TechLinearMove
0.490296,-0.280875,0.137238,2.396066,0.146966,1.455020,#TechLinearMove
0.489479,-0.285932,0.137968,2.376215,0.171917,1.431807,#TechLinearMove
0.489017,-0.291062,0.138161,2.342039,0.192101,1.408238,#TechLinearMove
0.489343,-0.285693,0.138918,2.350814,0.217053,1.372259,#TechLinearMove
0.490352,-0.280894,0.138394,2.381788,0.183319,1.408630,#TechLinearMove
0.491207,-0.276082,0.137700,2.400856,0.153189,1.438391,#TechLinearMove
0.492465,-0.271418,0.136708,2.413663,0.127416,1.461985,#TechLinearMove
0.493892,-0.266872,0.135417,2.424384,0.095789,1.489323,#TechLinearMove
0.495200,-0.262288,0.134140,2.427945,0.068132,1.511621,#TechLinearMove
0.496304,-0.257584,0.133129,2.424546,0.051979,1.522992,#TechLinearMove
0.497260,-0.252787,0.132494,2.420636,0.042255,1.529216,#TechLinearMove
0.498053,-0.247918,0.132305,2.417656,0.029545,1.538020,#TechLinearMove
0.498465,-0.243011,0.132396,2.412310,0.023230,1.540036,#TechLinearMove
0.498228,-0.232929,0.134250,2.428690,0.015096,1.551969,#TechLinearMove
0.497819,-0.228220,0.135312,2.447301,-0.005358,1.568211,#TechLinearMove
0.497261,-0.223515,0.136316,2.463027,-0.023402,1.581831,#TechLinearMove
0.496690,-0.218798,0.137256,2.472870,-0.038773,1.593540,#TechLinearMove
0.496119,-0.214078,0.138185,2.483003,-0.053031,1.604008,#TechLinearMove
0.495548,-0.209357,0.139107,2.490416,-0.067200,1.614335,#TechLinearMove
0.494996,-0.204626,0.139986,2.495533,-0.078681,1.622618,#TechLinearMove
0.494488,-0.199875,0.140783,2.500600,-0.087253,1.628542,#TechLinearMove
0.494007,-0.195106,0.141479,2.505327,-0.094169,1.633200,#TechLinearMove
0.493531,-0.190328,0.142118,2.509445,-0.099271,1.636577,#TechLinearMove
0.493102,-0.185547,0.142766,2.513656,-0.103641,1.639404,#TechLinearMove
0.492722,-0.180760,0.143402,2.516971,-0.106854,1.641557,#TechLinearMove
0.492368,-0.175970,0.144025,2.519829,-0.109016,1.643022,#TechLinearMove
0.492098,-0.171178,0.144684,2.525325,-0.112108,1.644670,#TechLinearMove
0.491835,-0.166382,0.145307,2.530582,-0.114372,1.645818,#TechLinearMove
0.491580,-0.161583,0.145917,2.541684,-0.118799,1.647735,#TechLinearMove
0.491240,-0.156826,0.146764,2.549300,-0.126071,1.652175,#TechLinearMove
0.490753,-0.149387,0.147903,2.554297,-0.118169,1.647694,#TechLinearMove
0.490622,-0.144377,0.148244,2.553529,-0.116449,1.646005,#TechLinearMove
0.490380,-0.139377,0.148653,2.556086,-0.111502,1.641890,#TechLinearMove
0.490072,-0.134382,0.149087,2.552732,-0.108949,1.640369,#TechLinearMove
0.489764,-0.129387,0.149517,2.550801,-0.104943,1.637680,#TechLinearMove
0.489446,-0.124397,0.149990,2.550747,-0.100756,1.634571,#TechLinearMove
0.489097,-0.119415,0.150527,2.549597,-0.096810,1.631786,#TechLinearMove
0.488726,-0.114437,0.151094,2.548981,-0.092865,1.628928,#TechLinearMove
0.488381,-0.109454,0.151619,2.549021,-0.089423,1.626293,#TechLinearMove
0.488069,-0.104461,0.152068,2.548991,-0.085808,1.623527,#TechLinearMove
0.487791,-0.099465,0.152513,2.550527,-0.081142,1.619710,#TechLinearMove
0.487570,-0.094461,0.152884,2.554182,-0.074347,1.614035,#TechLinearMove
0.487209,-0.086410,0.153233,2.564384,-0.075826,1.616960,#TechLinearMove
0.486948,-0.081208,0.153518,2.567170,-0.060778,1.607885,#TechLinearMove
0.486678,-0.076002,0.153665,2.564872,-0.045756,1.598977,#TechLinearMove
0.486288,-0.070801,0.153713,2.563068,-0.035330,1.592775,#TechLinearMove
0.485966,-0.065595,0.153760,2.562364,-0.025463,1.586873,#TechLinearMove
0.485728,-0.060385,0.153775,2.561856,-0.015761,1.581044,#TechLinearMove
0.485527,-0.055174,0.153665,2.560970,-0.004863,1.574510,#TechLinearMove
0.485382,-0.049966,0.153413,2.560380,0.004345,1.569036,#TechLinearMove
0.485283,-0.044764,0.153047,2.560653,0.012071,1.564469,#TechLinearMove
0.485278,-0.039558,0.152764,2.563865,0.022436,1.558413,#TechLinearMove
0.485411,-0.034357,0.152418,2.565689,0.035904,1.550618,#TechLinearMove
0.485839,-0.024133,0.151399,2.564281,0.037794,1.547775,#TechLinearMove
0.485865,-0.019271,0.151340,2.566744,0.042350,1.544779,#TechLinearMove
0.485947,-0.014414,0.151136,2.568462,0.045016,1.542949,#TechLinearMove
0.486052,-0.009560,0.150871,2.570105,0.047492,1.541336,#TechLinearMove
0.486140,-0.004705,0.150627,2.571250,0.049045,1.540308,#TechLinearMove
0.486119,0.000149,0.150358,2.573253,0.051671,1.538670,#TechLinearMove
0.486053,0.005004,0.150106,2.575581,0.054866,1.536690,#TechLinearMove
0.485977,0.009859,0.149862,2.578084,0.057213,1.535270,#TechLinearMove
0.485913,0.014712,0.149564,2.579587,0.058115,1.534697,#TechLinearMove
0.485876,0.019559,0.149191,2.580547,0.058110,1.534644,#TechLinearMove
0.485853,0.024405,0.148790,2.581684,0.058687,1.534238,#TechLinearMove
0.485828,0.029252,0.148407,2.581668,0.060822,1.532784,#TechLinearMove
0.485782,0.034102,0.148067,2.582094,0.064300,1.530521,#TechLinearMove
0.485716,0.038956,0.147803,2.582442,0.069393,1.527257,#TechLinearMove
0.485645,0.043813,0.147591,2.580950,0.073091,1.524652,#TechLinearMove
0.485743,0.048667,0.147334,2.579816,0.076357,1.522254,#TechLinearMove
0.485873,0.053517,0.147013,2.577998,0.083461,1.517379,#TechLinearMove
0.485475,0.061308,0.146967,2.580180,0.091253,1.513125,#TechLinearMove
0.485173,0.066064,0.146638,2.584129,0.097247,1.510486,#TechLinearMove
0.485094,0.070825,0.146247,2.582286,0.107806,1.504201,#TechLinearMove
0.485029,0.075583,0.145840,2.580132,0.115778,1.499254,#TechLinearMove
0.485067,0.080316,0.145191,2.578974,0.126084,1.492983,#TechLinearMove
0.485203,0.085022,0.144378,2.578439,0.137908,1.485827,#TechLinearMove
0.485638,0.089713,0.143579,2.577426,0.148581,1.479269,#TechLinearMove
0.485937,0.094380,0.142600,2.576289,0.163220,1.470419,#TechLinearMove
0.486268,0.099025,0.141532,2.571968,0.176555,1.461652,#TechLinearMove
0.486702,0.103644,0.140389,2.568774,0.188222,1.453957,#TechLinearMove
0.487159,0.108249,0.139198,2.566170,0.204442,1.443687,#TechLinearMove
0.487562,0.112868,0.138043,2.564086,0.217045,1.435941,#TechLinearMove
0.490291,0.117051,0.138279,2.569399,0.220597,1.433097,#TechLinearMove
0.493583,0.121137,0.138656,2.564403,0.211574,1.436918,#TechLinearMove
0.497023,0.125099,0.139154,2.563438,0.207039,1.439229,#TechLinearMove
0.500174,0.129316,0.139417,2.558693,0.202491,1.440463,#TechLinearMove
0.503548,0.133318,0.140037,2.556231,0.203276,1.439044,#TechLinearMove
0.506701,0.137505,0.140602,2.552312,0.205293,1.436436,#TechLinearMove
0.509866,0.141646,0.141255,2.547931,0.214935,1.428486,#TechLinearMove
0.509337,0.141901,0.142065,2.547931,0.214935,1.428486,#TechMoveTo
0.562201,0.147655,0.174562,2.515636,0.231806,1.425632,#TechMoveTo
0.562753,0.147386,0.173773,2.515636,0.231806,1.425632,#TechMoveTo
0.563861,0.144448,0.175287,2.515924,0.217265,1.425932,#TechLinearMove
0.565430,0.139985,0.178021,2.517326,0.199378,1.436431,#TechLinearMove
0.566879,0.135509,0.180815,2.519737,0.187021,1.444104,#TechLinearMove
0.568358,0.131126,0.183747,2.520708,0.179697,1.447862,#TechLinearMove
0.569792,0.126704,0.186644,2.521822,0.176559,1.448774,#TechLinearMove
0.571370,0.122345,0.189559,2.519227,0.173322,1.448044,#TechLinearMove
0.571867,0.117666,0.191116,2.523541,0.171949,1.449927,#TechLinearMove
0.572166,0.112993,0.192418,2.525556,0.160161,1.458266,#TechLinearMove
0.572463,0.108266,0.193527,2.528227,0.153514,1.463304,#TechLinearMove
0.572749,0.103515,0.194536,2.531904,0.143765,1.470602,#TechLinearMove
0.573083,0.098771,0.195561,2.535274,0.130648,1.480143,#TechLinearMove
0.573375,0.094014,0.196531,2.539090,0.117992,1.489398,#TechLinearMove
0.573652,0.089245,0.197443,2.543136,0.104471,1.499242,#TechLinearMove
0.574016,0.084496,0.198437,2.545641,0.088382,1.510570,#TechLinearMove
0.574287,0.079746,0.199455,2.547637,0.077647,1.518036,#TechLinearMove
0.574567,0.074992,0.200450,2.549641,0.067143,1.525252,#TechLinearMove
0.574912,0.070235,0.201406,2.552835,0.053287,1.534869,#TechLinearMove
0.575452,0.059646,0.201356,2.567975,0.047546,1.539662,#TechLinearMove
0.575963,0.054814,0.201080,2.582696,0.028553,1.551290,#TechLinearMove
0.576234,0.049953,0.201080,2.593683,0.008572,1.563090,#TechLinearMove
0.576431,0.045086,0.201089,2.601851,-0.000729,1.568367,#TechLinearMove
0.576647,0.040221,0.201039,2.608704,-0.013847,1.575924,#TechLinearMove
0.576881,0.035357,0.200979,2.617272,-0.025470,1.582373,#TechLinearMove
0.577183,0.030497,0.200919,2.625011,-0.035693,1.587935,#TechLinearMove
0.577459,0.025638,0.200763,2.632756,-0.041880,1.591060,#TechLinearMove
0.577684,0.020780,0.200502,2.641494,-0.045973,1.592812,#TechLinearMove
0.577923,0.015925,0.200207,2.650806,-0.050644,1.594758,#TechLinearMove
0.578214,0.011074,0.199885,2.660989,-0.054481,1.596084,#TechLinearMove
0.578605,0.006235,0.199506,2.671998,-0.056558,1.596316,#TechLinearMove
0.579132,0.001408,0.199133,2.682218,-0.059835,1.597207,#TechLinearMove
0.579651,-0.003417,0.198736,2.694314,-0.064211,1.598438,#TechLinearMove
0.580264,-0.008210,0.198126,2.710067,-0.069624,1.599921,#TechLinearMove
0.580781,-0.013026,0.197642,2.726709,-0.083782,1.605439,#TechLinearMove
0.581579,-0.020566,0.197962,2.729648,-0.082411,1.605642,#TechLinearMove
0.581548,-0.025499,0.198245,2.736554,-0.080460,1.605260,#TechLinearMove
0.581568,-0.030436,0.198412,2.740546,-0.075860,1.603908,#TechLinearMove
0.581683,-0.035374,0.198516,2.744822,-0.074374,1.603477,#TechLinearMove
0.581686,-0.040316,0.198507,2.750049,-0.072512,1.602811,#TechLinearMove
0.581711,-0.045256,0.198442,2.753181,-0.071633,1.602727,#TechLinearMove
0.581784,-0.050195,0.198316,2.755824,-0.072774,1.603499,#TechLinearMove
0.581914,-0.055131,0.198108,2.758779,-0.074576,1.604505,#TechLinearMove
0.582096,-0.060060,0.197821,2.761335,-0.078389,1.606355,#TechLinearMove
0.582460,-0.064979,0.197544,2.763520,-0.083007,1.608560,#TechLinearMove
0.582765,-0.069904,0.197295,2.767719,-0.088873,1.611426,#TechLinearMove
0.583077,-0.074830,0.197069,2.769804,-0.092981,1.613900,#TechLinearMove
0.583597,-0.082565,0.196218,2.767688,-0.088797,1.609031,#TechLinearMove
0.584331,-0.087423,0.195677,2.766277,-0.099118,1.613701,#TechLinearMove
0.584896,-0.092306,0.195145,2.765377,-0.106388,1.617023,#TechLinearMove
0.585451,-0.097190,0.194623,2.765516,-0.112079,1.619407,#TechLinearMove
0.586031,-0.102071,0.194090,2.767283,-0.118870,1.621999,#TechLinearMove
0.586600,-0.106953,0.193560,2.768929,-0.127467,1.625252,#TechLinearMove
0.586913,-0.111857,0.193016,2.769148,-0.135216,1.628444,#TechLinearMove
0.587231,-0.116764,0.192510,2.766497,-0.140499,1.631117,#TechLinearMove
0.587547,-0.121674,0.192017,2.765622,-0.145279,1.633301,#TechLinearMove
0.587845,-0.126587,0.191558,2.762628,-0.150239,1.635919,#TechLinearMove
0.588144,-0.131500,0.191094,2.756917,-0.156936,1.639818,#TechLinearMove
0.588401,-0.136417,0.190649,2.746690,-0.161770,1.643996,#TechLinearMove
0.589162,-0.148487,0.189403,2.745225,-0.141206,1.632676,#TechLinearMove
0.589677,-0.153432,0.188596,2.743591,-0.120497,1.622565,#TechLinearMove
0.590431,-0.158372,0.187978,2.747193,-0.100710,1.612260,#TechLinearMove
0.590949,-0.163360,0.187517,2.753159,-0.083157,1.603230,#TechLinearMove
0.591371,-0.168362,0.187112,2.757714,-0.070882,1.597020,#TechLinearMove
0.591748,-0.173374,0.186788,2.761688,-0.058464,1.590890,#TechLinearMove
0.592074,-0.178393,0.186547,2.766922,-0.046640,1.584904,#TechLinearMove
0.592342,-0.183420,0.186409,2.769248,-0.032012,1.578024,#TechLinearMove
0.592544,-0.188452,0.186366,2.768781,-0.014761,1.570288,#TechLinearMove
0.592696,-0.193486,0.186399,2.768492,0.001928,1.562690,#TechLinearMove
0.592845,-0.198520,0.186456,2.767667,0.019481,1.554768,#TechLinearMove
0.593015,-0.203553,0.186449,2.766450,0.036633,1.547159,#TechLinearMove
0.593149,-0.208586,0.186336,2.766236,0.052125,1.540294,#TechLinearMove
0.593148,-0.213618,0.186339,2.764224,0.071637,1.531284,#TechLinearMove
0.593137,-0.218653,0.186417,2.754483,0.099187,1.518182,#TechLinearMove
0.593341,-0.223679,0.186198,2.738815,0.133435,1.501828,#TechLinearMove
0.593834,-0.231300,0.184919,2.752017,0.116111,1.516047,#TechLinearMove
0.594942,-0.236194,0.184177,2.781523,0.126852,1.517703,#TechLinearMove
0.595418,-0.241246,0.183965,2.813257,0.127057,1.521830,#TechLinearMove
0.595754,-0.246307,0.183880,2.831893,0.131580,1.523567,#TechLinearMove
0.595732,-0.251359,0.184331,2.852283,0.137517,1.525467,#TechLinearMove
0.595332,-0.256313,0.185375,2.860823,0.148971,1.523957,#TechLinearMove
0.594678,-0.261167,0.186733,2.860259,0.165400,1.519706,#TechLinearMove
0.593957,-0.265950,0.188291,2.865173,0.180218,1.516991,#TechLinearMove
0.593351,-0.270749,0.189850,2.867280,0.204077,1.511236,#TechLinearMove
0.592770,-0.275585,0.191298,2.860214,0.234779,1.502528,#TechLinearMove
0.592012,-0.280307,0.192998,2.858547,0.267632,1.494114,#TechLinearMove
0.591680,-0.285159,0.194410,2.862155,0.302631,1.486013,#TechLinearMove
0.592092,-0.279935,0.194110,2.895611,0.248567,1.508538,#TechLinearMove
0.592652,-0.275415,0.192117,2.897179,0.205645,1.515276,#TechLinearMove
0.593286,-0.270861,0.190219,2.884227,0.189166,1.515432,#TechLinearMove
0.594002,-0.266326,0.188306,2.878145,0.171706,1.517385,#TechLinearMove
0.594921,-0.261815,0.186425,2.873132,0.155851,1.519257,#TechLinearMove
0.595874,-0.257233,0.184778,2.860694,0.150060,1.517747,#TechLinearMove
0.596238,-0.252417,0.183622,2.834276,0.157282,1.511476,#TechLinearMove
0.596195,-0.247473,0.183061,2.817259,0.151847,1.509160,#TechLinearMove
0.595828,-0.242542,0.182786,2.789478,0.140163,1.505792,#TechLinearMove
0.594262,-0.232071,0.184767,2.771998,0.137184,1.510877,#TechLinearMove
0.593704,-0.227293,0.185515,2.773875,0.103324,1.525647,#TechLinearMove
0.593436,-0.222443,0.185879,2.778827,0.072006,1.539323,#TechLinearMove
0.593187,-0.217592,0.186257,2.782281,0.046711,1.549506,#TechLinearMove
0.593032,-0.212731,0.186530,2.785507,0.026517,1.557527,#TechLinearMove
0.592860,-0.207863,0.186628,2.791312,0.004590,1.566634,#TechLinearMove
0.592810,-0.202992,0.186597,2.794134,-0.016021,1.575289,#TechLinearMove
0.592885,-0.198121,0.186502,2.793124,-0.032934,1.582436,#TechLinearMove
0.592990,-0.193251,0.186386,2.791284,-0.047766,1.588755,#TechLinearMove
0.593031,-0.188380,0.186323,2.788172,-0.060226,1.594309,#TechLinearMove
0.592991,-0.183508,0.186369,2.781729,-0.069785,1.599106,#TechLinearMove
0.592893,-0.178640,0.186541,2.773072,-0.080004,1.604428,#TechLinearMove
0.592706,-0.173782,0.186859,2.764246,-0.090412,1.609954,#TechLinearMove
0.592397,-0.168938,0.187275,2.755216,-0.097002,1.614224,#TechLinearMove
0.591937,-0.164110,0.187741,2.745262,-0.108566,1.620654,#TechLinearMove
0.591499,-0.159297,0.188355,2.734836,-0.123982,1.629373,#TechLinearMove
0.590868,-0.154535,0.189169,2.725429,-0.138859,1.638003,#TechLinearMove
0.590483,-0.146415,0.190419,2.744897,-0.138850,1.631756,#TechLinearMove
0.589706,-0.141367,0.190621,2.752749,-0.137359,1.630436,#TechLinearMove
0.589160,-0.136295,0.190977,2.760893,-0.136889,1.629323,#TechLinearMove
0.588648,-0.131222,0.191359,2.766232,-0.136322,1.628506,#TechLinearMove
0.588152,-0.126146,0.191727,2.770187,-0.133275,1.626991,#TechLinearMove
0.587642,-0.121074,0.192121,2.773351,-0.129562,1.625365,#TechLinearMove
0.587211,-0.116001,0.192589,2.774602,-0.125823,1.624025,#TechLinearMove
0.586880,-0.110926,0.193122,2.774597,-0.121236,1.622550,#TechLinearMove
0.586535,-0.105857,0.193693,2.773012,-0.115035,1.620654,#TechLinearMove
0.586157,-0.100795,0.194308,2.768934,-0.107909,1.618750,#TechLinearMove
0.585781,-0.095733,0.194928,2.767352,-0.100550,1.616535,#TechLinearMove
0.585392,-0.090673,0.195554,2.764954,-0.092846,1.614327,#TechLinearMove
0.584728,-0.082539,0.196645,2.770966,-0.085739,1.607508,#TechLinearMove
0.584421,-0.077347,0.197145,2.768374,-0.086569,1.607234,#TechLinearMove
0.583859,-0.072161,0.197425,2.766371,-0.085447,1.606395,#TechLinearMove
0.583394,-0.066967,0.197748,2.765020,-0.083210,1.605248,#TechLinearMove
0.582959,-0.061767,0.198021,2.763762,-0.081030,1.604106,#TechLinearMove
0.582543,-0.056564,0.198249,2.761605,-0.079214,1.603182,#TechLinearMove
0.582173,-0.051355,0.198404,2.758877,-0.078270,1.602657,#TechLinearMove
0.581860,-0.046140,0.198479,2.756087,-0.080153,1.603266,#TechLinearMove
0.581692,-0.040919,0.198526,2.752496,-0.083092,1.604376,#TechLinearMove
0.581596,-0.035697,0.198649,2.748014,-0.086850,1.605694,#TechLinearMove
0.581621,-0.030473,0.198622,2.742129,-0.095730,1.609052,#TechLinearMove
0.581958,-0.020219,0.198143,2.739898,-0.085257,1.605860,#TechLinearMove
0.581859,-0.015182,0.198310,2.723370,-0.070909,1.600290,#TechLinearMove
0.581277,-0.010203,0.198750,2.708160,-0.060154,1.595989,#TechLinearMove
0.580788,-0.005193,0.199023,2.696975,-0.055142,1.594159,#TechLinearMove
0.580258,-0.000192,0.199378,2.685527,-0.049993,1.592380,#TechLinearMove
0.579710,0.004805,0.199759,2.674905,-0.046796,1.591433,#TechLinearMove
0.579144,0.009799,0.200156,2.663852,-0.044737,1.591092,#TechLinearMove
0.578653,0.014808,0.200448,2.653940,-0.043264,1.590919,#TechLinearMove
0.578273,0.019828,0.200721,2.646197,-0.040726,1.589974,#TechLinearMove
0.577840,0.024847,0.200912,2.639208,-0.035313,1.587327,#TechLinearMove
0.577449,0.029873,0.201012,2.630714,-0.030637,1.585068,#TechLinearMove
0.577337,0.034910,0.201191,2.622455,-0.022495,1.580848,#TechLinearMove
0.577103,0.039945,0.201240,2.614826,-0.012928,1.575580,#TechLinearMove
0.576871,0.044981,0.201288,2.605986,-0.001845,1.569296,#TechLinearMove
0.576809,0.050022,0.201244,2.594498,0.016726,1.558613,#TechLinearMove
0.576314,0.055029,0.201487,2.582259,0.040814,1.544222,#TechLinearMove
0.575474,0.062648,0.201777,2.578056,0.036335,1.547301,#TechLinearMove
0.574858,0.067551,0.200993,2.569396,0.044311,1.541556,#TechLinearMove
0.574309,0.072453,0.200140,2.562684,0.059023,1.531433,#TechLinearMove
0.573937,0.077388,0.199400,2.556206,0.068591,1.524589,#TechLinearMove
0.573661,0.082311,0.198540,2.552410,0.080090,1.516550,#TechLinearMove
0.573302,0.087204,0.197542,2.549450,0.094592,1.506495,#TechLinearMove
0.572991,0.092105,0.196566,2.544635,0.111260,1.494592,#TechLinearMove
0.572705,0.096998,0.195545,2.538872,0.128495,1.482008,#TechLinearMove
0.572480,0.101893,0.194525,2.533590,0.142048,1.471938,#TechLinearMove
0.572311,0.106810,0.193597,2.526642,0.158573,1.459470,#TechLinearMove
0.571931,0.111689,0.192552,2.516530,0.175273,1.445963,#TechLinearMove
0.570895,0.113667,0.191150,2.513147,0.171509,1.447570,#TechLinearMove
0.569866,0.118223,0.189193,2.515345,0.176202,1.446714,#TechLinearMove
0.568958,0.122770,0.187163,2.519025,0.177988,1.447560,#TechLinearMove
0.568358,0.127388,0.185171,2.521674,0.180332,1.447697,#TechLinearMove
0.567201,0.131622,0.182645,2.524110,0.183573,1.447210,#TechLinearMove
0.565956,0.135779,0.180034,2.525386,0.188886,1.445079,#TechLinearMove
0.564740,0.140008,0.177529,2.522607,0.199600,1.438116,#TechLinearMove
0.563861,0.144448,0.175287,2.518539,0.215125,1.428137,#TechLinearMove
0.563308,0.144703,0.176080,2.518539,0.215125,1.428137,#TechMoveTo
0.512282,0.145878,0.143027,2.539599,0.230476,1.416654,#TechMoveTo
0.512812,0.145605,0.142225,2.539599,0.230476,1.416654,#TechMoveTo
0.512812,0.145605,0.142225,2.539599,0.230476,1.416654,#TechStartPoint
0.512507,0.142528,0.142827,2.548188,0.215894,1.428005,#TechLinearMove
0.511909,0.137999,0.143732,2.554820,0.203907,1.440096,#TechLinearMove
0.511806,0.133482,0.144933,2.559305,0.197520,1.446926,#TechLinearMove
0.511510,0.128962,0.146088,2.564832,0.193211,1.452687,#TechLinearMove
0.511712,0.124535,0.147518,2.571736,0.190318,1.458893,#TechLinearMove
0.510720,0.116845,0.148764,2.580256,0.192071,1.455649,#TechLinearMove
0.510648,0.111779,0.149645,2.584348,0.186509,1.459215,#TechLinearMove
0.510424,0.106753,0.150735,2.590468,0.175436,1.466747,#TechLinearMove
0.510063,0.101735,0.151829,2.595016,0.167113,1.472328,#TechLinearMove
0.509675,0.096728,0.152969,2.598891,0.155425,1.479698,#TechLinearMove
0.509273,0.091729,0.154138,2.603280,0.141136,1.488714,#TechLinearMove
0.508868,0.086733,0.155316,2.608989,0.129206,1.496585,#TechLinearMove
0.508397,0.081717,0.156373,2.613730,0.121103,1.501923,#TechLinearMove
0.507761,0.076707,0.157370,2.618516,0.112255,1.507425,#TechLinearMove
0.507332,0.071663,0.158303,2.621874,0.103921,1.512257,#TechLinearMove
0.507421,0.061406,0.158143,2.633663,0.113747,1.508413,#TechLinearMove
0.507532,0.056551,0.157893,2.628651,0.100316,1.515176,#TechLinearMove
0.507430,0.051696,0.158119,2.624292,0.085801,1.522949,#TechLinearMove
0.507329,0.046839,0.158340,2.622311,0.077949,1.527175,#TechLinearMove
0.507349,0.041983,0.158615,2.621260,0.070943,1.530978,#TechLinearMove
0.507358,0.037135,0.158998,2.618435,0.060573,1.536438,#TechLinearMove
0.507314,0.032297,0.159501,2.617695,0.053901,1.540066,#TechLinearMove
0.507226,0.027472,0.160105,2.618934,0.049321,1.542723,#TechLinearMove
0.507104,0.022659,0.160792,2.621184,0.044855,1.545384,#TechLinearMove
0.506970,0.017849,0.161504,2.624554,0.042688,1.546791,#TechLinearMove
0.506860,0.013031,0.162157,2.628554,0.043000,1.546781,#TechLinearMove
0.506811,0.008196,0.162681,2.632612,0.043702,1.546516,#TechLinearMove
0.506825,0.003347,0.163062,2.636057,0.043768,1.546580,#TechLinearMove
0.506841,-0.001508,0.163347,2.638255,0.042195,1.547534,#TechLinearMove
0.506757,-0.006367,0.163535,2.641684,0.039377,1.549230,#TechLinearMove
0.506664,-0.011225,0.163755,2.645906,0.036753,1.550830,#TechLinearMove
0.506636,-0.016088,0.163807,2.647608,0.033989,1.552397,#TechLinearMove
0.506765,-0.023903,0.163520,2.650972,0.028794,1.555331,#TechLinearMove
0.506925,-0.028690,0.163708,2.656825,0.018730,1.560830,#TechLinearMove
0.507139,-0.033476,0.163972,2.663015,0.007942,1.566548,#TechLinearMove
0.507302,-0.038271,0.164119,2.667212,-0.001135,1.571304,#TechLinearMove
0.507466,-0.043066,0.164261,2.672673,-0.006854,1.574252,#TechLinearMove
0.507634,-0.047860,0.164404,2.676339,-0.012569,1.577169,#TechLinearMove
0.507811,-0.052655,0.164527,2.680962,-0.015444,1.578638,#TechLinearMove
0.508018,-0.057450,0.164567,2.682643,-0.020961,1.581447,#TechLinearMove
0.508113,-0.062246,0.164430,2.686760,-0.025452,1.583652,#TechLinearMove
0.508313,-0.067035,0.164191,2.691530,-0.031241,1.586363,#TechLinearMove
0.508488,-0.071826,0.163953,2.697177,-0.037085,1.589133,#TechLinearMove
0.508672,-0.076615,0.163696,2.701718,-0.044241,1.592578,#TechLinearMove
0.509438,-0.084660,0.163002,2.703968,-0.056618,1.597547,#TechLinearMove
0.509655,-0.089583,0.162670,2.711177,-0.070868,1.602870,#TechLinearMove
0.510003,-0.094498,0.162340,2.719554,-0.084605,1.607719,#TechLinearMove
0.510268,-0.099412,0.161927,2.726835,-0.095114,1.611308,#TechLinearMove
0.510495,-0.104326,0.161490,2.732736,-0.104559,1.614466,#TechLinearMove
0.510797,-0.109239,0.161086,2.737277,-0.111216,1.616582,#TechLinearMove
0.511074,-0.114157,0.160719,2.739178,-0.117363,1.618742,#TechLinearMove
0.511375,-0.119071,0.160323,2.743611,-0.122707,1.620209,#TechLinearMove
0.511692,-0.123978,0.159867,2.744889,-0.129891,1.622850,#TechLinearMove
0.511967,-0.128880,0.159329,2.745405,-0.135401,1.624928,#TechLinearMove
0.512342,-0.133781,0.158856,2.745651,-0.142460,1.627584,#TechLinearMove
0.512633,-0.138694,0.158463,2.746324,-0.154071,1.632029,#TechLinearMove
0.513304,-0.148954,0.156933,2.738670,-0.150401,1.633230,#TechLinearMove
0.513605,-0.153895,0.156276,2.736675,-0.137862,1.627402,#TechLinearMove
0.513933,-0.158830,0.155584,2.735212,-0.125278,1.621441,#TechLinearMove
0.514274,-0.163758,0.154856,2.734987,-0.117610,1.617755,#TechLinearMove
0.514615,-0.168688,0.154138,2.735124,-0.109572,1.613913,#TechLinearMove
0.514930,-0.173624,0.153450,2.734976,-0.101778,1.610229,#TechLinearMove
0.515228,-0.178567,0.152805,2.732768,-0.095728,1.607552,#TechLinearMove
0.515511,-0.183513,0.152179,2.727354,-0.088102,1.604542,#TechLinearMove
0.515799,-0.188457,0.151541,2.719949,-0.078266,1.600669,#TechLinearMove
0.516101,-0.193398,0.150882,2.710021,-0.065543,1.595516,#TechLinearMove
0.516439,-0.198336,0.150220,2.696984,-0.050053,1.589076,#TechLinearMove
0.516825,-0.203272,0.149569,2.682791,-0.033943,1.581913,#TechLinearMove
0.517208,-0.208208,0.148921,2.668010,-0.017201,1.573975,#TechLinearMove
0.517582,-0.213148,0.148296,2.653880,-0.002770,1.567192,#TechLinearMove
0.517939,-0.218093,0.147698,2.639950,0.010896,1.560637,#TechLinearMove
0.518365,-0.223025,0.147042,2.617327,0.036844,1.547164,#TechLinearMove
0.518884,-0.227941,0.146335,2.600065,0.061956,1.532812,#TechLinearMove
0.519378,-0.236016,0.145705,2.602957,0.059762,1.534517,#TechLinearMove
0.519292,-0.240789,0.146463,2.596795,0.074801,1.521909,#TechLinearMove
0.518883,-0.245472,0.147633,2.579068,0.093510,1.505496,#TechLinearMove
0.518500,-0.250180,0.148720,2.568829,0.104841,1.495414,#TechLinearMove
0.518051,-0.254846,0.149953,2.561910,0.116072,1.485660,#TechLinearMove
0.517563,-0.259483,0.151278,2.552007,0.129117,1.474421,#TechLinearMove
0.517285,-0.264132,0.152621,2.540711,0.145967,1.459805,#TechLinearMove
0.517022,-0.268798,0.153908,2.531284,0.160082,1.447387,#TechLinearMove
0.516673,-0.273503,0.155017,2.525611,0.174982,1.434934,#TechLinearMove
0.516408,-0.278220,0.156100,2.524843,0.186090,1.426116,#TechLinearMove
0.516320,-0.282981,0.156982,2.523544,0.201258,1.413563,#TechLinearMove
0.516556,-0.287771,0.157680,2.518749,0.221245,1.396333,#TechLinearMove
0.516515,-0.282331,0.156485,2.517357,0.218421,1.406805,#TechLinearMove
0.516319,-0.277251,0.155964,2.533674,0.190076,1.431971,#TechLinearMove
0.516418,-0.272234,0.154988,2.532097,0.175469,1.442352,#TechLinearMove
0.516725,-0.267266,0.153829,2.535027,0.158078,1.455681,#TechLinearMove
0.517216,-0.262377,0.152425,2.546854,0.138593,1.471784,#TechLinearMove
0.517806,-0.257562,0.150812,2.559629,0.121880,1.485760,#TechLinearMove
0.518411,-0.252772,0.149130,2.569299,0.107234,1.497373,#TechLinearMove
0.519007,-0.247961,0.147505,2.583325,0.087646,1.512589,#TechLinearMove
0.519325,-0.243149,0.145837,2.615365,0.059228,1.535725,#TechLinearMove
0.519254,-0.233023,0.145893,2.614232,0.045099,1.544053,#TechLinearMove
0.518717,-0.227957,0.146519,2.626576,0.025448,1.554639,#TechLinearMove
0.518257,-0.222890,0.147201,2.638152,0.004628,1.565412,#TechLinearMove
0.517914,-0.217797,0.147741,2.648486,-0.009714,1.572509,#TechLinearMove
0.517543,-0.212714,0.148348,2.658135,-0.021923,1.578213,#TechLinearMove
0.517155,-0.207636,0.148996,2.672408,-0.037602,1.585401,#TechLinearMove
0.516753,-0.202562,0.149659,2.683707,-0.051021,1.591136,#TechLinearMove
0.516350,-0.197487,0.150316,2.696934,-0.066427,1.597657,#TechLinearMove
0.516024,-0.192410,0.150995,2.706539,-0.077084,1.601814,#TechLinearMove
0.515709,-0.187331,0.151669,2.716985,-0.088974,1.606332,#TechLinearMove
0.515414,-0.182248,0.152318,2.728077,-0.098098,1.609327,#TechLinearMove
0.515126,-0.177163,0.152961,2.736218,-0.105361,1.611620,#TechLinearMove
0.514804,-0.172086,0.153645,2.740828,-0.112566,1.614279,#TechLinearMove
0.514475,-0.167016,0.154372,2.743621,-0.120823,1.617605,#TechLinearMove
0.514130,-0.161947,0.155106,2.747793,-0.132856,1.622504,#TechLinearMove
0.513820,-0.156871,0.155799,2.751837,-0.146331,1.627958,#TechLinearMove
0.513305,-0.148940,0.156905,2.737130,-0.151910,1.634170,#TechLinearMove
0.512973,-0.143844,0.157661,2.735309,-0.139572,1.629455,#TechLinearMove
0.512716,-0.138720,0.158234,2.734150,-0.133594,1.627240,#TechLinearMove
0.512389,-0.133601,0.158830,2.734112,-0.131104,1.626286,#TechLinearMove
0.512004,-0.128483,0.159389,2.731482,-0.125971,1.624627,#TechLinearMove
0.511636,-0.123359,0.159903,2.730833,-0.118291,1.621568,#TechLinearMove
0.511299,-0.118226,0.160358,2.732292,-0.112314,1.618923,#TechLinearMove
0.510985,-0.113089,0.160768,2.731335,-0.108082,1.617370,#TechLinearMove
0.510679,-0.107951,0.161173,2.729179,-0.102865,1.615546,#TechLinearMove
0.510359,-0.102815,0.161596,2.727038,-0.095261,1.612691,#TechLinearMove
0.510095,-0.097677,0.162036,2.723999,-0.084542,1.608658,#TechLinearMove
0.509953,-0.092528,0.162380,2.720039,-0.074675,1.605080,#TechLinearMove
0.509438,-0.084660,0.163002,2.720309,-0.079426,1.606535,#TechLinearMove
0.509027,-0.079657,0.163417,2.710078,-0.058922,1.597666,#TechLinearMove
0.508745,-0.074638,0.163752,2.702732,-0.048432,1.593193,#TechLinearMove
0.508367,-0.069623,0.164038,2.696504,-0.038535,1.588882,#TechLinearMove
0.507902,-0.064610,0.164227,2.690878,-0.029437,1.584711,#TechLinearMove
0.507535,-0.059588,0.164331,2.685716,-0.023142,1.581790,#TechLinearMove
0.507283,-0.054556,0.164327,2.681678,-0.019689,1.580187,#TechLinearMove
0.507076,-0.049524,0.164222,2.676917,-0.017372,1.579140,#TechLinearMove
0.506892,-0.044491,0.164071,2.671626,-0.012249,1.576653,#TechLinearMove
0.506601,-0.039467,0.163881,2.664608,-0.002651,1.571903,#TechLinearMove
0.506706,-0.034436,0.163647,2.657936,0.004293,1.568423,#TechLinearMove
0.506749,-0.024130,0.163554,2.649420,0.015498,1.562286,#TechLinearMove
0.506670,-0.019284,0.163714,2.647992,0.022485,1.558525,#TechLinearMove
0.506582,-0.014439,0.163608,2.647703,0.030490,1.554248,#TechLinearMove
0.506447,-0.009595,0.163427,2.645319,0.034741,1.551881,#TechLinearMove
0.506354,-0.004750,0.163225,2.642056,0.038942,1.549493,#TechLinearMove
0.506282,0.000092,0.162973,2.638693,0.042674,1.547327,#TechLinearMove
0.506245,0.004931,0.162646,2.636051,0.044227,1.546399,#TechLinearMove
0.506257,0.009762,0.162220,2.633323,0.044237,1.546348,#TechLinearMove
0.506333,0.014576,0.161651,2.630156,0.045631,1.545472,#TechLinearMove
0.506462,0.019376,0.160965,2.626816,0.048189,1.543911,#TechLinearMove
0.506604,0.024170,0.160252,2.623215,0.050467,1.542485,#TechLinearMove
0.506770,0.028971,0.159590,2.620178,0.054141,1.540255,#TechLinearMove
0.506998,0.033788,0.159078,2.619875,0.059891,1.537055,#TechLinearMove
0.507184,0.038617,0.158674,2.620336,0.069959,1.531500,#TechLinearMove
0.507321,0.043455,0.158369,2.620522,0.078508,1.526684,#TechLinearMove
0.507570,0.048266,0.157816,2.620003,0.090474,1.519953,#TechLinearMove
0.507681,0.053105,0.157567,2.622317,0.105813,1.511557,#TechLinearMove
0.507404,0.061038,0.158181,2.627087,0.106410,1.511413,#TechLinearMove
0.507440,0.065933,0.158074,2.621880,0.111310,1.508815,#TechLinearMove
0.507636,0.070809,0.157644,2.618423,0.117091,1.505801,#TechLinearMove
0.507779,0.075680,0.157173,2.615879,0.123362,1.502328,#TechLinearMove
0.507911,0.080509,0.156363,2.612874,0.131719,1.497536,#TechLinearMove
0.508156,0.085291,0.155323,2.608869,0.139994,1.492506,#TechLinearMove
0.508541,0.090045,0.154204,2.602177,0.149484,1.486163,#TechLinearMove
0.508926,0.094803,0.153099,2.599028,0.159179,1.480356,#TechLinearMove
0.509298,0.099567,0.152015,2.593847,0.170569,1.473120,#TechLinearMove
0.509653,0.104338,0.150957,2.588591,0.179938,1.466978,#TechLinearMove
0.509947,0.109098,0.149844,2.581492,0.192809,1.458561,#TechLinearMove
0.510510,0.113921,0.149201,2.574233,0.204131,1.451090,#TechLinearMove
0.510632,0.115925,0.148965,2.579286,0.204222,1.448053,#TechLinearMove
0.511205,0.121296,0.148002,2.572999,0.198945,1.448598,#TechLinearMove
0.511598,0.126622,0.146802,2.567120,0.193862,1.449517,#TechLinearMove
0.511778,0.131915,0.145370,2.559311,0.195543,1.445690,#TechLinearMove
0.511977,0.137215,0.143964,2.552877,0.204403,1.437644,#TechLinearMove
0.512507,0.142528,0.142827,2.547227,0.217036,1.426984,#TechLinearMove
0.511978,0.142785,0.143636,2.547227,0.217036,1.426984,#TechMoveTo
0.562201,0.147655,0.174562,2.515636,0.231806,1.425632,#TechMoveTo
0.562753,0.147386,0.173773,2.515636,0.231806,1.425632,#TechMoveTo
0.563173,0.144436,0.174830,2.511771,0.219686,1.423029,#TechLinearMove
0.562424,0.139239,0.176152,2.520413,0.195617,1.438936,#TechLinearMove
0.561700,0.134041,0.177477,2.526200,0.178371,1.450286,#TechLinearMove
0.561025,0.128819,0.178734,2.530377,0.167820,1.456470,#TechLinearMove
0.560424,0.123571,0.179921,2.534715,0.160894,1.459131,#TechLinearMove
0.559931,0.118333,0.180718,2.531169,0.165714,1.455501,#TechLinearMove
0.559443,0.113529,0.181608,2.532613,0.159093,1.460357,#TechLinearMove
0.559021,0.108684,0.182295,2.533389,0.153979,1.464035,#TechLinearMove
0.558560,0.103832,0.182907,2.535498,0.147164,1.469159,#TechLinearMove
0.558043,0.098988,0.183528,2.537365,0.135541,1.477451,#TechLinearMove
0.557523,0.094144,0.184153,2.539730,0.121017,1.487780,#TechLinearMove
0.556969,0.089313,0.184842,2.543114,0.104598,1.499472,#TechLinearMove
0.556362,0.084508,0.185654,2.547323,0.089105,1.510529,#TechLinearMove
0.555751,0.079723,0.186580,2.552259,0.077820,1.518764,#TechLinearMove
0.555204,0.074942,0.187560,2.557761,0.069584,1.524995,#TechLinearMove
0.554640,0.070171,0.188581,2.564860,0.059451,1.532535,#TechLinearMove
0.554923,0.060068,0.188383,2.561802,0.055745,1.534610,#TechLinearMove
0.555464,0.055102,0.188027,2.573669,0.043535,1.542273,#TechLinearMove
0.555819,0.050102,0.188268,2.588463,0.025173,1.553383,#TechLinearMove
0.556049,0.045088,0.188408,2.598296,0.012220,1.561011,#TechLinearMove
0.556300,0.040074,0.188503,2.607902,0.001297,1.567185,#TechLinearMove
0.556535,0.035059,0.188618,2.618086,-0.006967,1.571816,#TechLinearMove
0.556647,0.030042,0.188788,2.626238,-0.016097,1.576915,#TechLinearMove
0.556832,0.025030,0.189025,2.636579,-0.020893,1.579294,#TechLinearMove
0.557026,0.020016,0.189216,2.646694,-0.025708,1.581689,#TechLinearMove
0.557055,0.014996,0.189177,2.654667,-0.028486,1.582920,#TechLinearMove
0.557164,0.009979,0.188986,2.661419,-0.029032,1.582854,#TechLinearMove
0.557362,0.004975,0.188630,2.668049,-0.030337,1.583229,#TechLinearMove
0.557593,-0.000025,0.188230,2.675362,-0.032746,1.584046,#TechLinearMove
0.557979,-0.005021,0.187905,2.681657,-0.034133,1.584443,#TechLinearMove
0.558341,-0.010001,0.187372,2.692200,-0.041288,1.587517,#TechLinearMove
0.558705,-0.014986,0.186901,2.702323,-0.051366,1.591900,#TechLinearMove
0.558929,-0.022624,0.186670,2.701950,-0.044635,1.590257,#TechLinearMove
0.559198,-0.027520,0.186958,2.706025,-0.051670,1.593727,#TechLinearMove
0.559334,-0.032425,0.187175,2.709504,-0.053347,1.594700,#TechLinearMove
0.559512,-0.037333,0.187299,2.711885,-0.055897,1.595965,#TechLinearMove
0.559705,-0.042241,0.187398,2.714521,-0.057244,1.596653,#TechLinearMove
0.559884,-0.047150,0.187460,2.715939,-0.059322,1.597725,#TechLinearMove
0.559917,-0.052062,0.187398,2.719986,-0.065759,1.600550,#TechLinearMove
0.559990,-0.056972,0.187265,2.722748,-0.070084,1.602466,#TechLinearMove
0.560098,-0.061880,0.187075,2.725219,-0.076309,1.605258,#TechLinearMove
0.560388,-0.066780,0.186896,2.726221,-0.083261,1.608483,#TechLinearMove
0.560622,-0.071683,0.186705,2.729521,-0.092386,1.612617,#TechLinearMove
0.560852,-0.076588,0.186536,2.734230,-0.104223,1.617776,#TechLinearMove
0.561261,-0.084522,0.185859,2.732985,-0.107065,1.618071,#TechLinearMove
0.562027,-0.089213,0.185237,2.726850,-0.107955,1.619403,#TechLinearMove
0.562663,-0.093914,0.184551,2.722572,-0.113082,1.622346,#TechLinearMove
0.563252,-0.098630,0.183927,2.720177,-0.118677,1.625207,#TechLinearMove
0.563878,-0.103333,0.183243,2.715394,-0.123160,1.627978,#TechLinearMove
0.564517,-0.108030,0.182529,2.711656,-0.126843,1.630248,#TechLinearMove
0.564938,-0.112746,0.181780,2.707772,-0.132008,1.633231,#TechLinearMove
0.565324,-0.117475,0.181102,2.703488,-0.137703,1.636587,#TechLinearMove
0.565917,-0.122204,0.180600,2.697393,-0.144859,1.640983,#TechLinearMove
0.566550,-0.126933,0.180138,2.692386,-0.150669,1.644610,#TechLinearMove
0.567132,-0.131665,0.179640,2.684494,-0.154382,1.647859,#TechLinearMove
0.567768,-0.136403,0.179286,2.676945,-0.159981,1.651990,#TechLinearMove
0.569316,-0.146043,0.178063,2.675078,-0.151831,1.647596,#TechLinearMove
0.569945,-0.150911,0.177243,2.680019,-0.134459,1.638868,#TechLinearMove
0.570511,-0.155783,0.176396,2.681519,-0.112820,1.628620,#TechLinearMove
0.571152,-0.160670,0.175715,2.682609,-0.094919,1.619947,#TechLinearMove
0.571547,-0.165561,0.174903,2.683913,-0.080014,1.612773,#TechLinearMove
0.571906,-0.170463,0.174132,2.685109,-0.066573,1.606370,#TechLinearMove
0.572250,-0.175391,0.173534,2.687638,-0.053161,1.599921,#TechLinearMove
0.572498,-0.180343,0.173113,2.690496,-0.039570,1.593446,#TechLinearMove
0.572616,-0.185312,0.172900,2.693812,-0.026616,1.587354,#TechLinearMove
0.572489,-0.190277,0.173033,2.699294,-0.014632,1.581693,#TechLinearMove
0.572139,-0.195211,0.173556,2.706762,-0.003987,1.576664,#TechLinearMove
0.571710,-0.200112,0.174311,2.713919,0.006639,1.571757,#TechLinearMove
0.571236,-0.204998,0.175131,2.719107,0.018949,1.566338,#TechLinearMove
0.570800,-0.209878,0.176000,2.724884,0.031905,1.560777,#TechLinearMove
0.570418,-0.214744,0.176960,2.728865,0.048958,1.553329,#TechLinearMove
0.569662,-0.219496,0.178222,2.736465,0.067568,1.545494,#TechLinearMove
0.568807,-0.224186,0.179651,2.739353,0.090698,1.535730,#TechLinearMove
0.568966,-0.231695,0.179653,2.729752,0.109202,1.525135,#TechLinearMove
0.569612,-0.236334,0.178451,2.733984,0.125232,1.507360,#TechLinearMove
0.570199,-0.241039,0.177515,2.737664,0.138081,1.492528,#TechLinearMove
0.570742,-0.245785,0.176766,2.743929,0.146632,1.483955,#TechLinearMove
0.571176,-0.250555,0.176124,2.752781,0.150546,1.477950,#TechLinearMove
0.571725,-0.255346,0.175807,2.765163,0.148637,1.474617,#TechLinearMove
0.571898,-0.260175,0.175786,2.777796,0.140799,1.473753,#TechLinearMove
0.571939,-0.264974,0.176364,2.792005,0.137145,1.471838,#TechLinearMove
0.571735,-0.269676,0.177479,2.799408,0.143430,1.464884,#TechLinearMove
0.571160,-0.274192,0.179108,2.815930,0.145315,1.462335,#TechLinearMove
0.570301,-0.278556,0.180999,2.823776,0.152274,1.455906,#TechLinearMove
0.569595,-0.282933,0.182899,2.831709,0.162218,1.444271,#TechLinearMove
0.568622,-0.287091,0.185143,2.830916,0.187003,1.425997,#TechLinearMove
0.570599,-0.281883,0.181791,2.827795,0.199914,1.463484,#TechLinearMove
0.571270,-0.277424,0.179943,2.813204,0.187069,1.472647,#TechLinearMove
0.571840,-0.272876,0.178231,2.798401,0.178802,1.477314,#TechLinearMove
0.572222,-0.268203,0.176848,2.781364,0.178908,1.477347,#TechLinearMove
0.572251,-0.263416,0.175860,2.759941,0.182650,1.475189,#TechLinearMove
0.571985,-0.258562,0.175339,2.739920,0.185702,1.473956,#TechLinearMove
0.571610,-0.253687,0.175360,2.728973,0.187427,1.475349,#TechLinearMove
0.571247,-0.248837,0.175899,2.728012,0.183823,1.481011,#TechLinearMove
0.570535,-0.244071,0.176778,2.725316,0.176334,1.488801,#TechLinearMove
0.569935,-0.239359,0.177963,2.727980,0.157792,1.506459,#TechLinearMove
0.568932,-0.229114,0.179710,2.733001,0.118589,1.520904,#TechLinearMove
0.569464,-0.224213,0.178790,2.731544,0.085222,1.535690,#TechLinearMove
0.570168,-0.219396,0.177559,2.727980,0.058811,1.547347,#TechLinearMove
0.570605,-0.214457,0.176793,2.723032,0.038334,1.556416,#TechLinearMove
0.571023,-0.209508,0.176054,2.719171,0.022357,1.563680,#TechLinearMove
0.571476,-0.204570,0.175255,2.712771,0.011885,1.568373,#TechLinearMove
0.571926,-0.199633,0.174457,2.706990,-0.000066,1.573848,#TechLinearMove
0.572335,-0.194682,0.173724,2.702036,-0.012477,1.579690,#TechLinearMove
0.572612,-0.189697,0.173220,2.697120,-0.023801,1.585129,#TechLinearMove
0.572682,-0.184682,0.173095,2.692480,-0.035215,1.590714,#TechLinearMove
0.572571,-0.179668,0.173298,2.687248,-0.046329,1.596318,#TechLinearMove
0.572321,-0.174673,0.173735,2.683056,-0.058309,1.602309,#TechLinearMove
0.571967,-0.169704,0.174368,2.682662,-0.073095,1.609362,#TechLinearMove
0.571566,-0.164748,0.175079,2.682634,-0.092558,1.618758,#TechLinearMove
0.571161,-0.159795,0.175796,2.681924,-0.123074,1.633589,#TechLinearMove
0.570660,-0.154884,0.176718,2.676535,-0.144155,1.644298,#TechLinearMove
0.569919,-0.147701,0.178002,2.685583,-0.152706,1.645931,#TechLinearMove
0.569455,-0.142677,0.178822,2.687709,-0.152010,1.645462,#TechLinearMove
0.568604,-0.137659,0.179272,2.691900,-0.152715,1.645191,#TechLinearMove
0.567882,-0.132632,0.179853,2.694936,-0.152274,1.644551,#TechLinearMove
0.567177,-0.127598,0.180393,2.697118,-0.148607,1.642583,#TechLinearMove
0.566492,-0.122556,0.180884,2.700326,-0.143591,1.639812,#TechLinearMove
0.565801,-0.117516,0.181388,2.704668,-0.137273,1.636206,#TechLinearMove
0.565082,-0.112484,0.181931,2.708713,-0.131275,1.632852,#TechLinearMove
0.564468,-0.107461,0.182633,2.712117,-0.126611,1.630283,#TechLinearMove
0.563989,-0.102444,0.183485,2.715318,-0.120355,1.627050,#TechLinearMove
0.563509,-0.097424,0.184326,2.719110,-0.114130,1.623812,#TechLinearMove
0.562985,-0.092422,0.185242,2.722400,-0.109132,1.621257,#TechLinearMove
0.562348,-0.084516,0.186414,2.724124,-0.103810,1.617689,#TechLinearMove
0.561883,-0.079371,0.186674,2.726286,-0.097653,1.614170,#TechLinearMove
0.561427,-0.074216,0.186858,2.727989,-0.091258,1.610813,#TechLinearMove
0.561027,-0.069056,0.187085,2.728879,-0.084056,1.607308,#TechLinearMove
0.560656,-0.063893,0.187260,2.728130,-0.075549,1.603339,#TechLinearMove
0.560310,-0.058726,0.187386,2.727089,-0.067887,1.599764,#TechLinearMove
0.560017,-0.053555,0.187429,2.725166,-0.063095,1.597528,#TechLinearMove
0.559878,-0.048379,0.187453,2.722369,-0.059567,1.595904,#TechLinearMove
0.559859,-0.043199,0.187489,2.719330,-0.056522,1.594495,#TechLinearMove
0.559820,-0.038020,0.187557,2.714479,-0.054335,1.593375,#TechLinearMove
0.559898,-0.032844,0.187428,2.712441,-0.058552,1.594877,#TechLinearMove
0.559964,-0.022439,0.187307,2.709575,-0.051262,1.593045,#TechLinearMove
0.559600,-0.017295,0.187465,2.696900,-0.036364,1.586233,#TechLinearMove
0.559060,-0.012170,0.187824,2.686961,-0.026027,1.581410,#TechLinearMove
0.558691,-0.007025,0.188109,2.679858,-0.023311,1.580215,#TechLinearMove
0.558323,-0.001881,0.188407,2.673065,-0.021730,1.579595,#TechLinearMove
0.557928,0.003260,0.188737,2.667011,-0.020061,1.578887,#TechLinearMove
0.557569,0.008406,0.189013,2.658207,-0.017444,1.577829,#TechLinearMove
0.557292,0.013563,0.189140,2.652027,-0.014345,1.576353,#TechLinearMove
0.557086,0.018725,0.189137,2.646089,-0.010768,1.574550,#TechLinearMove
0.557072,0.023890,0.189136,2.638738,-0.010049,1.574262,#TechLinearMove
0.557106,0.029056,0.189079,2.629944,-0.006630,1.572419,#TechLinearMove
0.557007,0.034218,0.188915,2.619457,-0.001079,1.569253,#TechLinearMove
0.556997,0.039384,0.188910,2.610876,0.008901,1.563439,#TechLinearMove
0.556754,0.044543,0.188820,2.601961,0.021053,1.556368,#TechLinearMove
0.556773,0.049700,0.188519,2.588116,0.037864,1.546420,#TechLinearMove
0.556450,0.054849,0.188641,2.568464,0.054855,1.535626,#TechLinearMove
0.556167,0.062259,0.189569,2.561112,0.051267,1.537384,#TechLinearMove
0.555961,0.067348,0.188747,2.557969,0.059466,1.531511,#TechLinearMove
0.556042,0.072437,0.187894,2.555283,0.071025,1.523404,#TechLinearMove
0.556129,0.077542,0.187132,2.553616,0.082822,1.515254,#TechLinearMove
0.556373,0.082612,0.186188,2.552304,0.094503,1.507274,#TechLinearMove
0.556778,0.087669,0.185241,2.549935,0.107596,1.498175,#TechLinearMove
0.557347,0.092738,0.184434,2.546824,0.121497,1.488364,#TechLinearMove
0.557906,0.097812,0.183658,2.544031,0.134710,1.478927,#TechLinearMove
0.558446,0.102895,0.182925,2.540986,0.146521,1.470300,#TechLinearMove
0.558968,0.107996,0.182319,2.538802,0.160120,1.460632,#TechLinearMove
0.559340,0.113106,0.181679,2.532949,0.168456,1.453568,#TechLinearMove
0.559752,0.116309,0.181033,2.531689,0.171530,1.451624,#TechLinearMove
0.560188,0.121063,0.180253,2.525493,0.174367,1.450524,#TechLinearMove
0.560658,0.125793,0.179355,2.524602,0.176997,1.449945,#TechLinearMove
0.561216,0.130492,0.178347,2.525737,0.180165,1.449483,#TechLinearMove
0.561836,0.135150,0.177196,2.528638,0.190230,1.444672,#TechLinearMove
0.562494,0.139794,0.176011,2.524389,0.202314,1.436494,#TechLinearMove
0.563173,0.144436,0.174830,2.517207,0.220870,1.423850,#TechLinearMove
0.562620,0.144697,0.175621,2.517207,0.220870,1.423850,#TechMoveTo
0.512282,0.145878,0.143027,2.539599,0.230476,1.416654,#TechMoveTo
0.512812,0.145605,0.142225,2.539599,0.230476,1.416654,#TechMoveTo
0.510533,0.143556,0.141146,2.545466,0.219582,1.424799,#TechLinearMove
0.507338,0.140017,0.140031,2.553773,0.208008,1.435407,#TechLinearMove
0.503981,0.136648,0.138851,2.555416,0.201593,1.440532,#TechLinearMove
0.500663,0.133153,0.137958,2.561066,0.199434,1.444090,#TechLinearMove
0.497104,0.129913,0.137023,2.560050,0.205081,1.440883,#TechLinearMove
0.493779,0.126363,0.136457,2.560554,0.212966,1.436568,#TechLinearMove
0.490426,0.122831,0.135903,2.560583,0.217415,1.434597,#TechLinearMove
0.489678,0.117730,0.137607,2.568249,0.215323,1.435944,#TechLinearMove
0.489021,0.112925,0.138793,2.571211,0.205855,1.442170,#TechLinearMove
0.488587,0.108116,0.140078,2.569746,0.197439,1.446733,#TechLinearMove
0.488196,0.103312,0.141393,2.571230,0.186075,1.453840,#TechLinearMove
0.487768,0.098486,0.142613,2.574086,0.173919,1.461789,#TechLinearMove
0.487383,0.093631,0.143722,2.576591,0.161247,1.469949,#TechLinearMove
0.487048,0.088753,0.144752,2.578166,0.147965,1.478224,#TechLinearMove
0.486651,0.083858,0.145667,2.580245,0.135848,1.485858,#TechLinearMove
0.486248,0.078931,0.146378,2.584545,0.126263,1.492427,#TechLinearMove
0.485917,0.073968,0.146848,2.581223,0.117802,1.496884,#TechLinearMove
0.485727,0.069004,0.147386,2.580514,0.107027,1.503039,#TechLinearMove
0.485862,0.058978,0.147078,2.579860,0.092782,1.512267,#TechLinearMove
0.485795,0.053964,0.147209,2.580339,0.083855,1.518230,#TechLinearMove
0.485688,0.048956,0.147486,2.581549,0.079343,1.521512,#TechLinearMove
0.485644,0.043941,0.147596,2.579823,0.074695,1.524402,#TechLinearMove
0.485724,0.038929,0.147803,2.580630,0.070318,1.527417,#TechLinearMove
0.485797,0.033920,0.148083,2.580108,0.066072,1.530225,#TechLinearMove
0.485839,0.028915,0.148436,2.581218,0.063879,1.531883,#TechLinearMove
0.485866,0.023914,0.148829,2.580419,0.062105,1.533121,#TechLinearMove
0.485902,0.018914,0.149245,2.579961,0.060592,1.534220,#TechLinearMove
0.485949,0.013911,0.149622,2.578050,0.059914,1.534700,#TechLinearMove
0.486022,0.008905,0.149937,2.575716,0.058590,1.535562,#TechLinearMove
0.486099,0.003895,0.150193,2.574281,0.055840,1.537369,#TechLinearMove
0.486185,-0.001114,0.150473,2.572382,0.051678,1.540083,#TechLinearMove
0.486097,-0.006125,0.150701,2.570973,0.050862,1.540695,#TechLinearMove
0.486003,-0.011134,0.150978,2.567799,0.046647,1.543525,#TechLinearMove
0.485930,-0.016148,0.151122,2.565013,0.044639,1.545014,#TechLinearMove
0.485871,-0.023701,0.151279,2.561205,0.042855,1.544322,#TechLinearMove
0.485642,-0.028645,0.151860,2.563774,0.028810,1.552504,#TechLinearMove
0.485480,-0.033608,0.152294,2.563412,0.019813,1.557519,#TechLinearMove
0.485332,-0.038577,0.152646,2.562030,0.012040,1.562026,#TechLinearMove
0.485210,-0.043550,0.152953,2.562200,0.004500,1.566435,#TechLinearMove
0.485194,-0.048524,0.153263,2.561559,-0.002753,1.570653,#TechLinearMove
0.485317,-0.053498,0.153546,2.558134,-0.010216,1.574994,#TechLinearMove
0.485499,-0.058476,0.153698,2.555773,-0.017853,1.579484,#TechLinearMove
0.485719,-0.063455,0.153734,2.554177,-0.026373,1.584643,#TechLinearMove
0.485979,-0.068432,0.153701,2.552166,-0.035389,1.590181,#TechLinearMove
0.486296,-0.073405,0.153722,2.551474,-0.044408,1.595439,#TechLinearMove
0.486640,-0.078369,0.153634,2.549310,-0.060657,1.605247,#TechLinearMove
0.487209,-0.086410,0.153233,2.551821,-0.063980,1.610406,#TechLinearMove
0.487295,-0.091175,0.153026,2.547682,-0.073884,1.617528,#TechLinearMove
0.487526,-0.095929,0.152670,2.544420,-0.079402,1.621627,#TechLinearMove
0.487787,-0.100681,0.152304,2.541176,-0.083452,1.624739,#TechLinearMove
0.488074,-0.105429,0.151899,2.539216,-0.089454,1.629010,#TechLinearMove
0.488363,-0.110174,0.151464,2.542412,-0.094239,1.631866,#TechLinearMove
0.488687,-0.114910,0.150968,2.545666,-0.099622,1.635046,#TechLinearMove
0.489021,-0.119644,0.150452,2.549175,-0.104547,1.637772,#TechLinearMove
0.489427,-0.124375,0.149972,2.552777,-0.110539,1.641168,#TechLinearMove
0.489761,-0.129117,0.149533,2.555465,-0.116457,1.644663,#TechLinearMove
0.490119,-0.133854,0.149071,2.557737,-0.124313,1.649475,#TechLinearMove
0.490398,-0.138604,0.148712,2.560030,-0.135259,1.656205,#TechLinearMove
0.490811,-0.149296,0.147767,2.567617,-0.125354,1.649946,#TechLinearMove
0.491148,-0.154205,0.146963,2.558818,-0.118068,1.645397,#TechLinearMove
0.491466,-0.159121,0.146199,2.551687,-0.114189,1.642680,#TechLinearMove
0.491719,-0.164063,0.145591,2.545841,-0.112024,1.641544,#TechLinearMove
0.491984,-0.169003,0.144967,2.537101,-0.108813,1.640286,#TechLinearMove
0.492261,-0.173936,0.144301,2.529700,-0.106465,1.639301,#TechLinearMove
0.492630,-0.178865,0.143648,2.522892,-0.104516,1.638438,#TechLinearMove
0.493019,-0.183791,0.142979,2.516087,-0.102948,1.637793,#TechLinearMove
0.493453,-0.188711,0.142303,2.510313,-0.099852,1.635899,#TechLinearMove
0.493930,-0.193629,0.141634,2.504181,-0.096121,1.633590,#TechLinearMove
0.494415,-0.198540,0.140929,2.498108,-0.091562,1.630681,#TechLinearMove
0.494915,-0.203439,0.140145,2.491825,-0.084733,1.626080,#TechLinearMove
0.495453,-0.208320,0.139282,2.485338,-0.075159,1.619333,#TechLinearMove
0.496018,-0.213185,0.138352,2.480395,-0.063443,1.610542,#TechLinearMove
0.496618,-0.218042,0.137397,2.472043,-0.051874,1.601755,#TechLinearMove
0.497267,-0.222872,0.136350,2.463257,-0.038186,1.591039,#TechLinearMove
0.497816,-0.227713,0.135293,2.452898,-0.023335,1.579252,#TechLinearMove
0.498116,-0.235574,0.133420,2.444325,0.003399,1.562159,#TechLinearMove
0.497974,-0.240691,0.132670,2.440080,0.016089,1.555834,#TechLinearMove
0.497393,-0.245824,0.132337,2.438124,0.029015,1.548104,#TechLinearMove
0.496649,-0.250940,0.132296,2.436433,0.038758,1.542001,#TechLinearMove
0.495670,-0.256008,0.132637,2.436725,0.052374,1.532946,#TechLinearMove
0.494562,-0.260993,0.133445,2.438587,0.067457,1.522922,#TechLinearMove
0.493378,-0.265916,0.134518,2.437433,0.084231,1.510825,#TechLinearMove
0.492192,-0.270844,0.135567,2.427735,0.105133,1.493458,#TechLinearMove
0.491164,-0.275826,0.136511,2.413421,0.127260,1.473764,#TechLinearMove
0.490296,-0.280875,0.137238,2.396066,0.146966,1.455020,#TechLinearMove
0.489479,-0.285932,0.137968,2.376215,0.171917,1.431807,#TechLinearMove
0.489017,-0.291062,0.138161,2.342039,0.192101,1.408238,#TechLinearMove
0.489343,-0.285693,0.138918,2.350814,0.217053,1.372259,#TechLinearMove
0.490352,-0.280894,0.138394,2.381788,0.183319,1.408630,#TechLinearMove
0.491207,-0.276082,0.137700,2.400856,0.153189,1.438391,#TechLinearMove
0.492465,-0.271418,0.136708,2.413663,0.127416,1.461985,#TechLinearMove
0.493892,-0.266872,0.135417,2.424384,0.095789,1.489323,#TechLinearMove
0.495200,-0.262288,0.134140,2.427945,0.068132,1.511621,#TechLinearMove
0.496304,-0.257584,0.133129,2.424546,0.051979,1.522992,#TechLinearMove
0.497260,-0.252787,0.132494,2.420636,0.042255,1.529216,#TechLinearMove
0.498053,-0.247918,0.132305,2.417656,0.029545,1.538020,#TechLinearMove
0.498465,-0.243011,0.132396,2.412310,0.023230,1.540036,#TechLinearMove
0.498228,-0.232929,0.134250,2.428690,0.015096,1.551969,#TechLinearMove
0.497819,-0.228220,0.135312,2.447301,-0.005358,1.568211,#TechLinearMove
0.497261,-0.223515,0.136316,2.463027,-0.023402,1.581831,#TechLinearMove
0.496690,-0.218798,0.137256,2.472870,-0.038773,1.593540,#TechLinearMove
0.496119,-0.214078,0.138185,2.483003,-0.053031,1.604008,#TechLinearMove
0.495548,-0.209357,0.139107,2.490416,-0.067200,1.614335,#TechLinearMove
0.494996,-0.204626,0.139986,2.495533,-0.078681,1.622618,#TechLinearMove
0.494488,-0.199875,0.140783,2.500600,-0.087253,1.628542,#TechLinearMove
0.494007,-0.195106,0.141479,2.505327,-0.094169,1.633200,#TechLinearMove
0.493531,-0.190328,0.142118,2.509445,-0.099271,1.636577,#TechLinearMove
0.493102,-0.185547,0.142766,2.513656,-0.103641,1.639404,#TechLinearMove
0.492722,-0.180760,0.143402,2.516971,-0.106854,1.641557,#TechLinearMove
0.492368,-0.175970,0.144025,2.519829,-0.109016,1.643022,#TechLinearMove
0.492098,-0.171178,0.144684,2.525325,-0.112108,1.644670,#TechLinearMove
0.491835,-0.166382,0.145307,2.530582,-0.114372,1.645818,#TechLinearMove
0.491580,-0.161583,0.145917,2.541684,-0.118799,1.647735,#TechLinearMove
0.491240,-0.156826,0.146764,2.549300,-0.126071,1.652175,#TechLinearMove
0.490753,-0.149387,0.147903,2.554297,-0.118169,1.647694,#TechLinearMove
0.490622,-0.144377,0.148244,2.553529,-0.116449,1.646005,#TechLinearMove
0.490380,-0.139377,0.148653,2.556086,-0.111502,1.641890,#TechLinearMove
0.490072,-0.134382,0.149087,2.552732,-0.108949,1.640369,#TechLinearMove
0.489764,-0.129387,0.149517,2.550801,-0.104943,1.637680,#TechLinearMove
0.489446,-0.124397,0.149990,2.550747,-0.100756,1.634571,#TechLinearMove
0.489097,-0.119415,0.150527,2.549597,-0.096810,1.631786,#TechLinearMove
0.488726,-0.114437,0.151094,2.548981,-0.092865,1.628928,#TechLinearMove
0.488381,-0.109454,0.151619,2.549021,-0.089423,1.626293,#TechLinearMove
0.488069,-0.104461,0.152068,2.548991,-0.085808,1.623527,#TechLinearMove
0.487791,-0.099465,0.152513,2.550527,-0.081142,1.619710,#TechLinearMove
0.487570,-0.094461,0.152884,2.554182,-0.074347,1.614035,#TechLinearMove
0.487209,-0.086410,0.153233,2.564384,-0.075826,1.616960,#TechLinearMove
0.486948,-0.081208,0.153518,2.567170,-0.060778,1.607885,#TechLinearMove
0.486678,-0.076002,0.153665,2.564872,-0.045756,1.598977,#TechLinearMove
0.486288,-0.070801,0.153713,2.563068,-0.035330,1.592775,#TechLinearMove
0.485966,-0.065595,0.153760,2.562364,-0.025463,1.586873,#TechLinearMove
0.485728,-0.060385,0.153775,2.561856,-0.015761,1.581044,#TechLinearMove
0.485527,-0.055174,0.153665,2.560970,-0.004863,1.574510,#TechLinearMove
0.485382,-0.049966,0.153413,2.560380,0.004345,1.569036,#TechLinearMove
0.485283,-0.044764,0.153047,2.560653,0.012071,1.564469,#TechLinearMove
0.485278,-0.039558,0.152764,2.563865,0.022436,1.558413,#TechLinearMove
0.485411,-0.034357,0.152418,2.565689,0.035904,1.550618,#TechLinearMove
0.485839,-0.024133,0.151399,2.564281,0.037794,1.547775,#TechLinearMove
0.485865,-0.019271,0.151340,2.566744,0.042350,1.544779,#TechLinearMove
0.485947,-0.014414,0.151136,2.568462,0.045016,1.542949,#TechLinearMove
0.486052,-0.009560,0.150871,2.570105,0.047492,1.541336,#TechLinearMove
0.486140,-0.004705,0.150627,2.571250,0.049045,1.540308,#TechLinearMove
0.486119,0.000149,0.150358,2.573253,0.051671,1.538670,#TechLinearMove
0.486053,0.005004,0.150106,2.575581,0.054866,1.536690,#TechLinearMove
0.485977,0.009859,0.149862,2.578084,0.057213,1.535270,#TechLinearMove
0.485913,0.014712,0.149564,2.579587,0.058115,1.534697,#TechLinearMove
0.485876,0.019559,0.149191,2.580547,0.058110,1.534644,#TechLinearMove
0.485853,0.024405,0.148790,2.581684,0.058687,1.534238,#TechLinearMove
0.485828,0.029252,0.148407,2.581668,0.060822,1.532784,#TechLinearMove
0.485782,0.034102,0.148067,2.582094,0.064300,1.530521,#TechLinearMove
0.485716,0.038956,0.147803,2.582442,0.069393,1.527257,#TechLinearMove
0.485645,0.043813,0.147591,2.580950,0.073091,1.524652,#TechLinearMove
0.485743,0.048667,0.147334,2.579816,0.076357,1.522254,#TechLinearMove
0.485873,0.053517,0.147013,2.577998,0.083461,1.517379,#TechLinearMove
0.485475,0.061308,0.146967,2.580180,0.091253,1.513125,#TechLinearMove
0.485173,0.066064,0.146638,2.584129,0.097247,1.510486,#TechLinearMove
0.485094,0.070825,0.146247,2.582286,0.107806,1.504201,#TechLinearMove
0.485029,0.075583,0.145840,2.580132,0.115778,1.499254,#TechLinearMove
0.485067,0.080316,0.145191,2.578974,0.126084,1.492983,#TechLinearMove
0.485203,0.085022,0.144378,2.578439,0.137908,1.485827,#TechLinearMove
0.485638,0.089713,0.143579,2.577426,0.148581,1.479269,#TechLinearMove
0.485937,0.094380,0.142600,2.576289,0.163220,1.470419,#TechLinearMove
0.486268,0.099025,0.141532,2.571968,0.176555,1.461652,#TechLinearMove
0.486702,0.103644,0.140389,2.568774,0.188222,1.453957,#TechLinearMove
0.487159,0.108249,0.139198,2.566170,0.204442,1.443687,#TechLinearMove
0.487562,0.112868,0.138043,2.564086,0.217045,1.435941,#TechLinearMove
0.490291,0.117051,0.138279,2.569399,0.220597,1.433097,#TechLinearMove
0.493583,0.121137,0.138656,2.564403,0.211574,1.436918,#TechLinearMove
0.497023,0.125099,0.139154,2.563438,0.207039,1.439229,#TechLinearMove
0.500174,0.129316,0.139417,2.558693,0.202491,1.440463,#TechLinearMove
0.503548,0.133318,0.140037,2.556231,0.203276,1.439044,#TechLinearMove
0.506701,0.137505,0.140602,2.552312,0.205293,1.436436,#TechLinearMove
0.509866,0.141646,0.141255,2.547931,0.214935,1.428486,#TechLinearMove
0.509337,0.141901,0.142065,2.547931,0.214935,1.428486,#TechMoveTo
0.562201,0.147655,0.174562,2.515636,0.231806,1.425632,#TechMoveTo
0.562753,0.147386,0.173773,2.515636,0.231806,1.425632,#TechMoveTo
0.563861,0.144448,0.175287,2.515924,0.217265,1.425932,#TechLinearMove
0.565430,0.139985,0.178021,2.517326,0.199378,1.436431,#TechLinearMove
0.566879,0.135509,0.180815,2.519737,0.187021,1.444104,#TechLinearMove
0.568358,0.131126,0.183747,2.520708,0.179697,1.447862,#TechLinearMove
0.569792,0.126704,0.186644,2.521822,0.176559,1.448774,#TechLinearMove
0.571370,0.122345,0.189559,2.519227,0.173322,1.448044,#TechLinearMove
0.571867,0.117666,0.191116,2.523541,0.171949,1.449927,#TechLinearMove
0.572166,0.112993,0.192418,2.525556,0.160161,1.458266,#TechLinearMove
0.572463,0.108266,0.193527,2.528227,0.153514,1.463304,#TechLinearMove
0.572749,0.103515,0.194536,2.531904,0.143765,1.470602,#TechLinearMove
0.573083,0.098771,0.195561,2.535274,0.130648,1.480143,#TechLinearMove
0.573375,0.094014,0.196531,2.539090,0.117992,1.489398,#TechLinearMove
0.573652,0.089245,0.197443,2.543136,0.104471,1.499242,#TechLinearMove
0.574016,0.084496,0.198437,2.545641,0.088382,1.510570,#TechLinearMove
0.574287,0.079746,0.199455,2.547637,0.077647,1.518036,#TechLinearMove
0.574567,0.074992,0.200450,2.549641,0.067143,1.525252,#TechLinearMove
0.574912,0.070235,0.201406,2.552835,0.053287,1.534869,#TechLinearMove
0.575452,0.059646,0.201356,2.567975,0.047546,1.539662,#TechLinearMove
0.575963,0.054814,0.201080,2.582696,0.028553,1.551290,#TechLinearMove
0.576234,0.049953,0.201080,2.593683,0.008572,1.563090,#TechLinearMove
0.576431,0.045086,0.201089,2.601851,-0.000729,1.568367,#TechLinearMove
0.576647,0.040221,0.201039,2.608704,-0.013847,1.575924,#TechLinearMove
0.576881,0.035357,0.200979,2.617272,-0.025470,1.582373,#TechLinearMove
0.577183,0.030497,0.200919,2.625011,-0.035693,1.587935,#TechLinearMove
0.577459,0.025638,0.200763,2.632756,-0.041880,1.591060,#TechLinearMove
0.577684,0.020780,0.200502,2.641494,-0.045973,1.592812,#TechLinearMove
0.577923,0.015925,0.200207,2.650806,-0.050644,1.594758,#TechLinearMove
0.578214,0.011074,0.199885,2.660989,-0.054481,1.596084,#TechLinearMove
0.578605,0.006235,0.199506,2.671998,-0.056558,1.596316,#TechLinearMove
0.579132,0.001408,0.199133,2.682218,-0.059835,1.597207,#TechLinearMove
0.579651,-0.003417,0.198736,2.694314,-0.064211,1.598438,#TechLinearMove
0.580264,-0.008210,0.198126,2.710067,-0.069624,1.599921,#TechLinearMove
0.580781,-0.013026,0.197642,2.726709,-0.083782,1.605439,#TechLinearMove
0.581579,-0.020566,0.197962,2.729648,-0.082411,1.605642,#TechLinearMove
0.581548,-0.025499,0.198245,2.736554,-0.080460,1.605260,#TechLinearMove
0.581568,-0.030436,0.198412,2.740546,-0.075860,1.603908,#TechLinearMove
0.581683,-0.035374,0.198516,2.744822,-0.074374,1.603477,#TechLinearMove
0.581686,-0.040316,0.198507,2.750049,-0.072512,1.602811,#TechLinearMove
0.581711,-0.045256,0.198442,2.753181,-0.071633,1.602727,#TechLinearMove
0.581784,-0.050195,0.198316,2.755824,-0.072774,1.603499,#TechLinearMove
0.581914,-0.055131,0.198108,2.758779,-0.074576,1.604505,#TechLinearMove
0.582096,-0.060060,0.197821,2.761335,-0.078389,1.606355,#TechLinearMove
0.582460,-0.064979,0.197544,2.763520,-0.083007,1.608560,#TechLinearMove
0.582765,-0.069904,0.197295,2.767719,-0.088873,1.611426,#TechLinearMove
0.583077,-0.074830,0.197069,2.769804,-0.092981,1.613900,#TechLinearMove
0.583597,-0.082565,0.196218,2.767688,-0.088797,1.609031,#TechLinearMove
0.584331,-0.087423,0.195677,2.766277,-0.099118,1.613701,#TechLinearMove
0.584896,-0.092306,0.195145,2.765377,-0.106388,1.617023,#TechLinearMove
0.585451,-0.097190,0.194623,2.765516,-0.112079,1.619407,#TechLinearMove
0.586031,-0.102071,0.194090,2.767283,-0.118870,1.621999,#TechLinearMove
0.586600,-0.106953,0.193560,2.768929,-0.127467,1.625252,#TechLinearMove
0.586913,-0.111857,0.193016,2.769148,-0.135216,1.628444,#TechLinearMove
0.587231,-0.116764,0.192510,2.766497,-0.140499,1.631117,#TechLinearMove
0.587547,-0.121674,0.192017,2.765622,-0.145279,1.633301,#TechLinearMove
0.587845,-0.126587,0.191558,2.762628,-0.150239,1.635919,#TechLinearMove
0.588144,-0.131500,0.191094,2.756917,-0.156936,1.639818,#TechLinearMove
0.588401,-0.136417,0.190649,2.746690,-0.161770,1.643996,#TechLinearMove
0.589162,-0.148487,0.189403,2.745225,-0.141206,1.632676,#TechLinearMove
0.589677,-0.153432,0.188596,2.743591,-0.120497,1.622565,#TechLinearMove
0.590431,-0.158372,0.187978,2.747193,-0.100710,1.612260,#TechLinearMove
0.590949,-0.163360,0.187517,2.753159,-0.083157,1.603230,#TechLinearMove
0.591371,-0.168362,0.187112,2.757714,-0.070882,1.597020,#TechLinearMove
0.591748,-0.173374,0.186788,2.761688,-0.058464,1.590890,#TechLinearMove
0.592074,-0.178393,0.186547,2.766922,-0.046640,1.584904,#TechLinearMove
0.592342,-0.183420,0.186409,2.769248,-0.032012,1.578024,#TechLinearMove
0.592544,-0.188452,0.186366,2.768781,-0.014761,1.570288,#TechLinearMove
0.592696,-0.193486,0.186399,2.768492,0.001928,1.562690,#TechLinearMove
0.592845,-0.198520,0.186456,2.767667,0.019481,1.554768,#TechLinearMove
0.593015,-0.203553,0.186449,2.766450,0.036633,1.547159,#TechLinearMove
0.593149,-0.208586,0.186336,2.766236,0.052125,1.540294,#TechLinearMove
0.593148,-0.213618,0.186339,2.764224,0.071637,1.531284,#TechLinearMove
0.593137,-0.218653,0.186417,2.754483,0.099187,1.518182,#TechLinearMove
0.593341,-0.223679,0.186198,2.738815,0.133435,1.501828,#TechLinearMove
0.593834,-0.231300,0.184919,2.752017,0.116111,1.516047,#TechLinearMove
0.594942,-0.236194,0.184177,2.781523,0.126852,1.517703,#TechLinearMove
0.595418,-0.241246,0.183965,2.813257,0.127057,1.521830,#TechLinearMove
0.595754,-0.246307,0.183880,2.831893,0.131580,1.523567,#TechLinearMove
0.595732,-0.251359,0.184331,2.852283,0.137517,1.525467,#TechLinearMove
0.595332,-0.256313,0.185375,2.860823,0.148971,1.523957,#TechLinearMove
0.594678,-0.261167,0.186733,2.860259,0.165400,1.519706,#TechLinearMove
0.593957,-0.265950,0.188291,2.865173,0.180218,1.516991,#TechLinearMove
0.593351,-0.270749,0.189850,2.867280,0.204077,1.511236,#TechLinearMove
0.592770,-0.275585,0.191298,2.860214,0.234779,1.502528,#TechLinearMove
0.592012,-0.280307,0.192998,2.858547,0.267632,1.494114,#TechLinearMove
0.591680,-0.285159,0.194410,2.862155,0.302631,1.486013,#TechLinearMove
0.592092,-0.279935,0.194110,2.895611,0.248567,1.508538,#TechLinearMove
0.592652,-0.275415,0.192117,2.897179,0.205645,1.515276,#TechLinearMove
0.593286,-0.270861,0.190219,2.884227,0.189166,1.515432,#TechLinearMove
0.594002,-0.266326,0.188306,2.878145,0.171706,1.517385,#TechLinearMove
0.594921,-0.261815,0.186425,2.873132,0.155851,1.519257,#TechLinearMove
0.595874,-0.257233,0.184778,2.860694,0.150060,1.517747,#TechLinearMove
0.596238,-0.252417,0.183622,2.834276,0.157282,1.511476,#TechLinearMove
0.596195,-0.247473,0.183061,2.817259,0.151847,1.509160,#TechLinearMove
0.595828,-0.242542,0.182786,2.789478,0.140163,1.505792,#TechLinearMove
0.594262,-0.232071,0.184767,2.771998,0.137184,1.510877,#TechLinearMove
0.593704,-0.227293,0.185515,2.773875,0.103324,1.525647,#TechLinearMove
0.593436,-0.222443,0.185879,2.778827,0.072006,1.539323,#TechLinearMove
0.593187,-0.217592,0.186257,2.782281,0.046711,1.549506,#TechLinearMove
0.593032,-0.212731,0.186530,2.785507,0.026517,1.557527,#TechLinearMove
0.592860,-0.207863,0.186628,2.791312,0.004590,1.566634,#TechLinearMove
0.592810,-0.202992,0.186597,2.794134,-0.016021,1.575289,#TechLinearMove
0.592885,-0.198121,0.186502,2.793124,-0.032934,1.582436,#TechLinearMove
0.592990,-0.193251,0.186386,2.791284,-0.047766,1.588755,#TechLinearMove
0.593031,-0.188380,0.186323,2.788172,-0.060226,1.594309,#TechLinearMove
0.592991,-0.183508,0.186369,2.781729,-0.069785,1.599106,#TechLinearMove
0.592893,-0.178640,0.186541,2.773072,-0.080004,1.604428,#TechLinearMove
0.592706,-0.173782,0.186859,2.764246,-0.090412,1.609954,#TechLinearMove
0.592397,-0.168938,0.187275,2.755216,-0.097002,1.614224,#TechLinearMove
0.591937,-0.164110,0.187741,2.745262,-0.108566,1.620654,#TechLinearMove
0.591499,-0.159297,0.188355,2.734836,-0.123982,1.629373,#TechLinearMove
0.590868,-0.154535,0.189169,2.725429,-0.138859,1.638003,#TechLinearMove
0.590483,-0.146415,0.190419,2.744897,-0.138850,1.631756,#TechLinearMove
0.589706,-0.141367,0.190621,2.752749,-0.137359,1.630436,#TechLinearMove
0.589160,-0.136295,0.190977,2.760893,-0.136889,1.629323,#TechLinearMove
0.588648,-0.131222,0.191359,2.766232,-0.136322,1.628506,#TechLinearMove
0.588152,-0.126146,0.191727,2.770187,-0.133275,1.626991,#TechLinearMove
0.587642,-0.121074,0.192121,2.773351,-0.129562,1.625365,#TechLinearMove
0.587211,-0.116001,0.192589,2.774602,-0.125823,1.624025,#TechLinearMove
0.586880,-0.110926,0.193122,2.774597,-0.121236,1.622550,#TechLinearMove
0.586535,-0.105857,0.193693,2.773012,-0.115035,1.620654,#TechLinearMove
0.586157,-0.100795,0.194308,2.768934,-0.107909,1.618750,#TechLinearMove
0.585781,-0.095733,0.194928,2.767352,-0.100550,1.616535,#TechLinearMove
0.585392,-0.090673,0.195554,2.764954,-0.092846,1.614327,#TechLinearMove
0.584728,-0.082539,0.196645,2.770966,-0.085739,1.607508,#TechLinearMove
0.584421,-0.077347,0.197145,2.768374,-0.086569,1.607234,#TechLinearMove
0.583859,-0.072161,0.197425,2.766371,-0.085447,1.606395,#TechLinearMove
0.583394,-0.066967,0.197748,2.765020,-0.083210,1.605248,#TechLinearMove
0.582959,-0.061767,0.198021,2.763762,-0.081030,1.604106,#TechLinearMove
0.582543,-0.056564,0.198249,2.761605,-0.079214,1.603182,#TechLinearMove
0.582173,-0.051355,0.198404,2.758877,-0.078270,1.602657,#TechLinearMove
0.581860,-0.046140,0.198479,2.756087,-0.080153,1.603266,#TechLinearMove
0.581692,-0.040919,0.198526,2.752496,-0.083092,1.604376,#TechLinearMove
0.581596,-0.035697,0.198649,2.748014,-0.086850,1.605694,#TechLinearMove
0.581621,-0.030473,0.198622,2.742129,-0.095730,1.609052,#TechLinearMove
0.581958,-0.020219,0.198143,2.739898,-0.085257,1.605860,#TechLinearMove
0.581859,-0.015182,0.198310,2.723370,-0.070909,1.600290,#TechLinearMove
0.581277,-0.010203,0.198750,2.708160,-0.060154,1.595989,#TechLinearMove
0.580788,-0.005193,0.199023,2.696975,-0.055142,1.594159,#TechLinearMove
0.580258,-0.000192,0.199378,2.685527,-0.049993,1.592380,#TechLinearMove
0.579710,0.004805,0.199759,2.674905,-0.046796,1.591433,#TechLinearMove
0.579144,0.009799,0.200156,2.663852,-0.044737,1.591092,#TechLinearMove
0.578653,0.014808,0.200448,2.653940,-0.043264,1.590919,#TechLinearMove
0.578273,0.019828,0.200721,2.646197,-0.040726,1.589974,#TechLinearMove
0.577840,0.024847,0.200912,2.639208,-0.035313,1.587327,#TechLinearMove
0.577449,0.029873,0.201012,2.630714,-0.030637,1.585068,#TechLinearMove
0.577337,0.034910,0.201191,2.622455,-0.022495,1.580848,#TechLinearMove
0.577103,0.039945,0.201240,2.614826,-0.012928,1.575580,#TechLinearMove
0.576871,0.044981,0.201288,2.605986,-0.001845,1.569296,#TechLinearMove
0.576809,0.050022,0.201244,2.594498,0.016726,1.558613,#TechLinearMove
0.576314,0.055029,0.201487,2.582259,0.040814,1.544222,#TechLinearMove
0.575474,0.062648,0.201777,2.578056,0.036335,1.547301,#TechLinearMove
0.574858,0.067551,0.200993,2.569396,0.044311,1.541556,#TechLinearMove
0.574309,0.072453,0.200140,2.562684,0.059023,1.531433,#TechLinearMove
0.573937,0.077388,0.199400,2.556206,0.068591,1.524589,#TechLinearMove
0.573661,0.082311,0.198540,2.552410,0.080090,1.516550,#TechLinearMove
0.573302,0.087204,0.197542,2.549450,0.094592,1.506495,#TechLinearMove
0.572991,0.092105,0.196566,2.544635,0.111260,1.494592,#TechLinearMove
0.572705,0.096998,0.195545,2.538872,0.128495,1.482008,#TechLinearMove
0.572480,0.101893,0.194525,2.533590,0.142048,1.471938,#TechLinearMove
0.572311,0.106810,0.193597,2.526642,0.158573,1.459470,#TechLinearMove
0.571931,0.111689,0.192552,2.516530,0.175273,1.445963,#TechLinearMove
0.570895,0.113667,0.191150,2.513147,0.171509,1.447570,#TechLinearMove
0.569866,0.118223,0.189193,2.515345,0.176202,1.446714,#TechLinearMove
0.568958,0.122770,0.187163,2.519025,0.177988,1.447560,#TechLinearMove
0.568358,0.127388,0.185171,2.521674,0.180332,1.447697,#TechLinearMove
0.567201,0.131622,0.182645,2.524110,0.183573,1.447210,#TechLinearMove
0.565956,0.135779,0.180034,2.525386,0.188886,1.445079,#TechLinearMove
0.564740,0.140008,0.177529,2.522607,0.199600,1.438116,#TechLinearMove
0.563861,0.144448,0.175287,2.518539,0.215125,1.428137,#TechLinearMove
0.563308,0.144703,0.176080,2.518539,0.215125,1.428137,#TechMoveTo
0.512282,0.145878,0.143027,2.539599,0.230476,1.416654,#TechMoveTo
0.512812,0.145605,0.142225,2.539599,0.230476,1.416654,#TechMoveTo
0.512812,0.145605,0.142225,2.539599,0.230476,1.416654,#TechStartPoint
0.512507,0.142528,0.142827,2.548188,0.215894,1.428005,#TechLinearMove
0.511909,0.137999,0.143732,2.554820,0.203907,1.440096,#TechLinearMove
0.511806,0.133482,0.144933,2.559305,0.197520,1.446926,#TechLinearMove
0.511510,0.128962,0.146088,2.564832,0.193211,1.452687,#TechLinearMove
0.511712,0.124535,0.147518,2.571736,0.190318,1.458893,#TechLinearMove
0.510720,0.116845,0.148764,2.580256,0.192071,1.455649,#TechLinearMove
0.510648,0.111779,0.149645,2.584348,0.186509,1.459215,#TechLinearMove
0.510424,0.106753,0.150735,2.590468,0.175436,1.466747,#TechLinearMove
0.510063,0.101735,0.151829,2.595016,0.167113,1.472328,#TechLinearMove
0.509675,0.096728,0.152969,2.598891,0.155425,1.479698,#TechLinearMove
0.509273,0.091729,0.154138,2.603280,0.141136,1.488714,#TechLinearMove
0.508868,0.086733,0.155316,2.608989,0.129206,1.496585,#TechLinearMove
0.508397,0.081717,0.156373,2.613730,0.121103,1.501923,#TechLinearMove
0.507761,0.076707,0.157370,2.618516,0.112255,1.507425,#TechLinearMove
0.507332,0.071663,0.158303,2.621874,0.103921,1.512257,#TechLinearMove
0.507421,0.061406,0.158143,2.633663,0.113747,1.508413,#TechLinearMove
0.507532,0.056551,0.157893,2.628651,0.100316,1.515176,#TechLinearMove
0.507430,0.051696,0.158119,2.624292,0.085801,1.522949,#TechLinearMove
0.507329,0.046839,0.158340,2.622311,0.077949,1.527175,#TechLinearMove
0.507349,0.041983,0.158615,2.621260,0.070943,1.530978,#TechLinearMove
0.507358,0.037135,0.158998,2.618435,0.060573,1.536438,#TechLinearMove
0.507314,0.032297,0.159501,2.617695,0.053901,1.540066,#TechLinearMove
0.507226,0.027472,0.160105,2.618934,0.049321,1.542723,#TechLinearMove
0.507104,0.022659,0.160792,2.621184,0.044855,1.545384,#TechLinearMove
0.506970,0.017849,0.161504,2.624554,0.042688,1.546791,#TechLinearMove
0.506860,0.013031,0.162157,2.628554,0.043000,1.546781,#TechLinearMove
0.506811,0.008196,0.162681,2.632612,0.043702,1.546516,#TechLinearMove
0.506825,0.003347,0.163062,2.636057,0.043768,1.546580,#TechLinearMove
0.506841,-0.001508,0.163347,2.638255,0.042195,1.547534,#TechLinearMove
0.506757,-0.006367,0.163535,2.641684,0.039377,1.549230,#TechLinearMove
0.506664,-0.011225,0.163755,2.645906,0.036753,1.550830,#TechLinearMove
0.506636,-0.016088,0.163807,2.647608,0.033989,1.552397,#TechLinearMove
0.506765,-0.023903,0.163520,2.650972,0.028794,1.555331,#TechLinearMove
0.506925,-0.028690,0.163708,2.656825,0.018730,1.560830,#TechLinearMove
0.507139,-0.033476,0.163972,2.663015,0.007942,1.566548,#TechLinearMove
0.507302,-0.038271,0.164119,2.667212,-0.001135,1.571304,#TechLinearMove
0.507466,-0.043066,0.164261,2.672673,-0.006854,1.574252,#TechLinearMove
0.507634,-0.047860,0.164404,2.676339,-0.012569,1.577169,#TechLinearMove
0.507811,-0.052655,0.164527,2.680962,-0.015444,1.578638,#TechLinearMove
0.508018,-0.057450,0.164567,2.682643,-0.020961,1.581447,#TechLinearMove
0.508113,-0.062246,0.164430,2.686760,-0.025452,1.583652,#TechLinearMove
0.508313,-0.067035,0.164191,2.691530,-0.031241,1.586363,#TechLinearMove
0.508488,-0.071826,0.163953,2.697177,-0.037085,1.589133,#TechLinearMove
0.508672,-0.076615,0.163696,2.701718,-0.044241,1.592578,#TechLinearMove
0.509438,-0.084660,0.163002,2.703968,-0.056618,1.597547,#TechLinearMove
0.509655,-0.089583,0.162670,2.711177,-0.070868,1.602870,#TechLinearMove
0.510003,-0.094498,0.162340,2.719554,-0.084605,1.607719,#TechLinearMove
0.510268,-0.099412,0.161927,2.726835,-0.095114,1.611308,#TechLinearMove
0.510495,-0.104326,0.161490,2.732736,-0.104559,1.614466,#TechLinearMove
0.510797,-0.109239,0.161086,2.737277,-0.111216,1.616582,#TechLinearMove
0.511074,-0.114157,0.160719,2.739178,-0.117363,1.618742,#TechLinearMove
0.511375,-0.119071,0.160323,2.743611,-0.122707,1.620209,#TechLinearMove
0.511692,-0.123978,0.159867,2.744889,-0.129891,1.622850,#TechLinearMove
0.511967,-0.128880,0.159329,2.745405,-0.135401,1.624928,#TechLinearMove
0.512342,-0.133781,0.158856,2.745651,-0.142460,1.627584,#TechLinearMove
0.512633,-0.138694,0.158463,2.746324,-0.154071,1.632029,#TechLinearMove
0.513304,-0.148954,0.156933,2.738670,-0.150401,1.633230,#TechLinearMove
0.513605,-0.153895,0.156276,2.736675,-0.137862,1.627402,#TechLinearMove
0.513933,-0.158830,0.155584,2.735212,-0.125278,1.621441,#TechLinearMove
0.514274,-0.163758,0.154856,2.734987,-0.117610,1.617755,#TechLinearMove
0.514615,-0.168688,0.154138,2.735124,-0.109572,1.613913,#TechLinearMove
0.514930,-0.173624,0.153450,2.734976,-0.101778,1.610229,#TechLinearMove
0.515228,-0.178567,0.152805,2.732768,-0.095728,1.607552,#TechLinearMove
0.515511,-0.183513,0.152179,2.727354,-0.088102,1.604542,#TechLinearMove
0.515799,-0.188457,0.151541,2.719949,-0.078266,1.600669,#TechLinearMove
0.516101,-0.193398,0.150882,2.710021,-0.065543,1.595516,#TechLinearMove
0.516439,-0.198336,0.150220,2.696984,-0.050053,1.589076,#TechLinearMove
0.516825,-0.203272,0.149569,2.682791,-0.033943,1.581913,#TechLinearMove
0.517208,-0.208208,0.148921,2.668010,-0.017201,1.573975,#TechLinearMove
0.517582,-0.213148,0.148296,2.653880,-0.002770,1.567192,#TechLinearMove
0.517939,-0.218093,0.147698,2.639950,0.010896,1.560637,#TechLinearMove
0.518365,-0.223025,0.147042,2.617327,0.036844,1.547164,#TechLinearMove
0.518884,-0.227941,0.146335,2.600065,0.061956,1.532812,#TechLinearMove
0.519378,-0.236016,0.145705,2.602957,0.059762,1.534517,#TechLinearMove
0.519292,-0.240789,0.146463,2.596795,0.074801,1.521909,#TechLinearMove
0.518883,-0.245472,0.147633,2.579068,0.093510,1.505496,#TechLinearMove
0.518500,-0.250180,0.148720,2.568829,0.104841,1.495414,#TechLinearMove
0.518051,-0.254846,0.149953,2.561910,0.116072,1.485660,#TechLinearMove
0.517563,-0.259483,0.151278,2.552007,0.129117,1.474421,#TechLinearMove
0.517285,-0.264132,0.152621,2.540711,0.145967,1.459805,#TechLinearMove
0.517022,-0.268798,0.153908,2.531284,0.160082,1.447387,#TechLinearMove
0.516673,-0.273503,0.155017,2.525611,0.174982,1.434934,#TechLinearMove
0.516408,-0.278220,0.156100,2.524843,0.186090,1.426116,#TechLinearMove
0.516320,-0.282981,0.156982,2.523544,0.201258,1.413563,#TechLinearMove
0.516556,-0.287771,0.157680,2.518749,0.221245,1.396333,#TechLinearMove
0.516515,-0.282331,0.156485,2.517357,0.218421,1.406805,#TechLinearMove
0.516319,-0.277251,0.155964,2.533674,0.190076,1.431971,#TechLinearMove
0.516418,-0.272234,0.154988,2.532097,0.175469,1.442352,#TechLinearMove
0.516725,-0.267266,0.153829,2.535027,0.158078,1.455681,#TechLinearMove
0.517216,-0.262377,0.152425,2.546854,0.138593,1.471784,#TechLinearMove
0.517806,-0.257562,0.150812,2.559629,0.121880,1.485760,#TechLinearMove
0.518411,-0.252772,0.149130,2.569299,0.107234,1.497373,#TechLinearMove
0.519007,-0.247961,0.147505,2.583325,0.087646,1.512589,#TechLinearMove
0.519325,-0.243149,0.145837,2.615365,0.059228,1.535725,#TechLinearMove
0.519254,-0.233023,0.145893,2.614232,0.045099,1.544053,#TechLinearMove
0.518717,-0.227957,0.146519,2.626576,0.025448,1.554639,#TechLinearMove
0.518257,-0.222890,0.147201,2.638152,0.004628,1.565412,#TechLinearMove
0.517914,-0.217797,0.147741,2.648486,-0.009714,1.572509,#TechLinearMove
0.517543,-0.212714,0.148348,2.658135,-0.021923,1.578213,#TechLinearMove
0.517155,-0.207636,0.148996,2.672408,-0.037602,1.585401,#TechLinearMove
0.516753,-0.202562,0.149659,2.683707,-0.051021,1.591136,#TechLinearMove
0.516350,-0.197487,0.150316,2.696934,-0.066427,1.597657,#TechLinearMove
0.516024,-0.192410,0.150995,2.706539,-0.077084,1.601814,#TechLinearMove
0.515709,-0.187331,0.151669,2.716985,-0.088974,1.606332,#TechLinearMove
0.515414,-0.182248,0.152318,2.728077,-0.098098,1.609327,#TechLinearMove
0.515126,-0.177163,0.152961,2.736218,-0.105361,1.611620,#TechLinearMove
0.514804,-0.172086,0.153645,2.740828,-0.112566,1.614279,#TechLinearMove
0.514475,-0.167016,0.154372,2.743621,-0.120823,1.617605,#TechLinearMove
0.514130,-0.161947,0.155106,2.747793,-0.132856,1.622504,#TechLinearMove
0.513820,-0.156871,0.155799,2.751837,-0.146331,1.627958,#TechLinearMove
0.513305,-0.148940,0.156905,2.737130,-0.151910,1.634170,#TechLinearMove
0.512973,-0.143844,0.157661,2.735309,-0.139572,1.629455,#TechLinearMove
0.512716,-0.138720,0.158234,2.734150,-0.133594,1.627240,#TechLinearMove
0.512389,-0.133601,0.158830,2.734112,-0.131104,1.626286,#TechLinearMove
0.512004,-0.128483,0.159389,2.731482,-0.125971,1.624627,#TechLinearMove
0.511636,-0.123359,0.159903,2.730833,-0.118291,1.621568,#TechLinearMove
0.511299,-0.118226,0.160358,2.732292,-0.112314,1.618923,#TechLinearMove
0.510985,-0.113089,0.160768,2.731335,-0.108082,1.617370,#TechLinearMove
0.510679,-0.107951,0.161173,2.729179,-0.102865,1.615546,#TechLinearMove
0.510359,-0.102815,0.161596,2.727038,-0.095261,1.612691,#TechLinearMove
0.510095,-0.097677,0.162036,2.723999,-0.084542,1.608658,#TechLinearMove
0.509953,-0.092528,0.162380,2.720039,-0.074675,1.605080,#TechLinearMove
0.509438,-0.084660,0.163002,2.720309,-0.079426,1.606535,#TechLinearMove
0.509027,-0.079657,0.163417,2.710078,-0.058922,1.597666,#TechLinearMove
0.508745,-0.074638,0.163752,2.702732,-0.048432,1.593193,#TechLinearMove
0.508367,-0.069623,0.164038,2.696504,-0.038535,1.588882,#TechLinearMove
0.507902,-0.064610,0.164227,2.690878,-0.029437,1.584711,#TechLinearMove
0.507535,-0.059588,0.164331,2.685716,-0.023142,1.581790,#TechLinearMove
0.507283,-0.054556,0.164327,2.681678,-0.019689,1.580187,#TechLinearMove
0.507076,-0.049524,0.164222,2.676917,-0.017372,1.579140,#TechLinearMove
0.506892,-0.044491,0.164071,2.671626,-0.012249,1.576653,#TechLinearMove
0.506601,-0.039467,0.163881,2.664608,-0.002651,1.571903,#TechLinearMove
0.506706,-0.034436,0.163647,2.657936,0.004293,1.568423,#TechLinearMove
0.506749,-0.024130,0.163554,2.649420,0.015498,1.562286,#TechLinearMove
0.506670,-0.019284,0.163714,2.647992,0.022485,1.558525,#TechLinearMove
0.506582,-0.014439,0.163608,2.647703,0.030490,1.554248,#TechLinearMove
0.506447,-0.009595,0.163427,2.645319,0.034741,1.551881,#TechLinearMove
0.506354,-0.004750,0.163225,2.642056,0.038942,1.549493,#TechLinearMove
0.506282,0.000092,0.162973,2.638693,0.042674,1.547327,#TechLinearMove
0.506245,0.004931,0.162646,2.636051,0.044227,1.546399,#TechLinearMove
0.506257,0.009762,0.162220,2.633323,0.044237,1.546348,#TechLinearMove
0.506333,0.014576,0.161651,2.630156,0.045631,1.545472,#TechLinearMove
0.506462,0.019376,0.160965,2.626816,0.048189,1.543911,#TechLinearMove
0.506604,0.024170,0.160252,2.623215,0.050467,1.542485,#TechLinearMove
0.506770,0.028971,0.159590,2.620178,0.054141,1.540255,#TechLinearMove
0.506998,0.033788,0.159078,2.619875,0.059891,1.537055,#TechLinearMove
0.507184,0.038617,0.158674,2.620336,0.069959,1.531500,#TechLinearMove
0.507321,0.043455,0.158369,2.620522,0.078508,1.526684,#TechLinearMove
0.507570,0.048266,0.157816,2.620003,0.090474,1.519953,#TechLinearMove
0.507681,0.053105,0.157567,2.622317,0.105813,1.511557,#TechLinearMove
0.507404,0.061038,0.158181,2.627087,0.106410,1.511413,#TechLinearMove
0.507440,0.065933,0.158074,2.621880,0.111310,1.508815,#TechLinearMove
0.507636,0.070809,0.157644,2.618423,0.117091,1.505801,#TechLinearMove
0.507779,0.075680,0.157173,2.615879,0.123362,1.502328,#TechLinearMove
0.507911,0.080509,0.156363,2.612874,0.131719,1.497536,#TechLinearMove
0.508156,0.085291,0.155323,2.608869,0.139994,1.492506,#TechLinearMove
0.508541,0.090045,0.154204,2.602177,0.149484,1.486163,#TechLinearMove
0.508926,0.094803,0.153099,2.599028,0.159179,1.480356,#TechLinearMove
0.509298,0.099567,0.152015,2.593847,0.170569,1.473120,#TechLinearMove
0.509653,0.104338,0.150957,2.588591,0.179938,1.466978,#TechLinearMove
0.509947,0.109098,0.149844,2.581492,0.192809,1.458561,#TechLinearMove
0.510510,0.113921,0.149201,2.574233,0.204131,1.451090,#TechLinearMove
0.510632,0.115925,0.148965,2.579286,0.204222,1.448053,#TechLinearMove
0.511205,0.121296,0.148002,2.572999,0.198945,1.448598,#TechLinearMove
0.511598,0.126622,0.146802,2.567120,0.193862,1.449517,#TechLinearMove
0.511778,0.131915,0.145370,2.559311,0.195543,1.445690,#TechLinearMove
0.511977,0.137215,0.143964,2.552877,0.204403,1.437644,#TechLinearMove
0.512507,0.142528,0.142827,2.547227,0.217036,1.426984,#TechLinearMove
0.511978,0.142785,0.143636,2.547227,0.217036,1.426984,#TechMoveTo
0.562201,0.147655,0.174562,2.515636,0.231806,1.425632,#TechMoveTo
0.562753,0.147386,0.173773,2.515636,0.231806,1.425632,#TechMoveTo
0.563173,0.144436,0.174830,2.511771,0.219686,1.423029,#TechLinearMove
0.562424,0.139239,0.176152,2.520413,0.195617,1.438936,#TechLinearMove
0.561700,0.134041,0.177477,2.526200,0.178371,1.450286,#TechLinearMove
0.561025,0.128819,0.178734,2.530377,0.167820,1.456470,#TechLinearMove
0.560424,0.123571,0.179921,2.534715,0.160894,1.459131,#TechLinearMove
0.559931,0.118333,0.180718,2.531169,0.165714,1.455501,#TechLinearMove
0.559443,0.113529,0.181608,2.532613,0.159093,1.460357,#TechLinearMove
0.559021,0.108684,0.182295,2.533389,0.153979,1.464035,#TechLinearMove
0.558560,0.103832,0.182907,2.535498,0.147164,1.469159,#TechLinearMove
0.558043,0.098988,0.183528,2.537365,0.135541,1.477451,#TechLinearMove
0.557523,0.094144,0.184153,2.539730,0.121017,1.487780,#TechLinearMove
0.556969,0.089313,0.184842,2.543114,0.104598,1.499472,#TechLinearMove
0.556362,0.084508,0.185654,2.547323,0.089105,1.510529,#TechLinearMove
0.555751,0.079723,0.186580,2.552259,0.077820,1.518764,#TechLinearMove
0.555204,0.074942,0.187560,2.557761,0.069584,1.524995,#TechLinearMove
0.554640,0.070171,0.188581,2.564860,0.059451,1.532535,#TechLinearMove
0.554923,0.060068,0.188383,2.561802,0.055745,1.534610,#TechLinearMove
0.555464,0.055102,0.188027,2.573669,0.043535,1.542273,#TechLinearMove
0.555819,0.050102,0.188268,2.588463,0.025173,1.553383,#TechLinearMove
0.556049,0.045088,0.188408,2.598296,0.012220,1.561011,#TechLinearMove
0.556300,0.040074,0.188503,2.607902,0.001297,1.567185,#TechLinearMove
0.556535,0.035059,0.188618,2.618086,-0.006967,1.571816,#TechLinearMove
0.556647,0.030042,0.188788,2.626238,-0.016097,1.576915,#TechLinearMove
0.556832,0.025030,0.189025,2.636579,-0.020893,1.579294,#TechLinearMove
0.557026,0.020016,0.189216,2.646694,-0.025708,1.581689,#TechLinearMove
0.557055,0.014996,0.189177,2.654667,-0.028486,1.582920,#TechLinearMove
0.557164,0.009979,0.188986,2.661419,-0.029032,1.582854,#TechLinearMove
0.557362,0.004975,0.188630,2.668049,-0.030337,1.583229,#TechLinearMove
0.557593,-0.000025,0.188230,2.675362,-0.032746,1.584046,#TechLinearMove
0.557979,-0.005021,0.187905,2.681657,-0.034133,1.584443,#TechLinearMove
0.558341,-0.010001,0.187372,2.692200,-0.041288,1.587517,#TechLinearMove
0.558705,-0.014986,0.186901,2.702323,-0.051366,1.591900,#TechLinearMove
0.558929,-0.022624,0.186670,2.701950,-0.044635,1.590257,#TechLinearMove
0.559198,-0.027520,0.186958,2.706025,-0.051670,1.593727,#TechLinearMove
0.559334,-0.032425,0.187175,2.709504,-0.053347,1.594700,#TechLinearMove
0.559512,-0.037333,0.187299,2.711885,-0.055897,1.595965,#TechLinearMove
0.559705,-0.042241,0.187398,2.714521,-0.057244,1.596653,#TechLinearMove
0.559884,-0.047150,0.187460,2.715939,-0.059322,1.597725,#TechLinearMove
0.559917,-0.052062,0.187398,2.719986,-0.065759,1.600550,#TechLinearMove
0.559990,-0.056972,0.187265,2.722748,-0.070084,1.602466,#TechLinearMove
0.560098,-0.061880,0.187075,2.725219,-0.076309,1.605258,#TechLinearMove
0.560388,-0.066780,0.186896,2.726221,-0.083261,1.608483,#TechLinearMove
0.560622,-0.071683,0.186705,2.729521,-0.092386,1.612617,#TechLinearMove
0.560852,-0.076588,0.186536,2.734230,-0.104223,1.617776,#TechLinearMove
0.561261,-0.084522,0.185859,2.732985,-0.107065,1.618071,#TechLinearMove
0.562027,-0.089213,0.185237,2.726850,-0.107955,1.619403,#TechLinearMove
0.562663,-0.093914,0.184551,2.722572,-0.113082,1.622346,#TechLinearMove
0.563252,-0.098630,0.183927,2.720177,-0.118677,1.625207,#TechLinearMove
0.563878,-0.103333,0.183243,2.715394,-0.123160,1.627978,#TechLinearMove
0.564517,-0.108030,0.182529,2.711656,-0.126843,1.630248,#TechLinearMove
0.564938,-0.112746,0.181780,2.707772,-0.132008,1.633231,#TechLinearMove
0.565324,-0.117475,0.181102,2.703488,-0.137703,1.636587,#TechLinearMove
0.565917,-0.122204,0.180600,2.697393,-0.144859,1.640983,#TechLinearMove
0.566550,-0.126933,0.180138,2.692386,-0.150669,1.644610,#TechLinearMove
0.567132,-0.131665,0.179640,2.684494,-0.154382,1.647859,#TechLinearMove
0.567768,-0.136403,0.179286,2.676945,-0.159981,1.651990,#TechLinearMove
0.569316,-0.146043,0.178063,2.675078,-0.151831,1.647596,#TechLinearMove
0.569945,-0.150911,0.177243,2.680019,-0.134459,1.638868,#TechLinearMove
0.570511,-0.155783,0.176396,2.681519,-0.112820,1.628620,#TechLinearMove
0.571152,-0.160670,0.175715,2.682609,-0.094919,1.619947,#TechLinearMove
0.571547,-0.165561,0.174903,2.683913,-0.080014,1.612773,#TechLinearMove
0.571906,-0.170463,0.174132,2.685109,-0.066573,1.606370,#TechLinearMove
0.572250,-0.175391,0.173534,2.687638,-0.053161,1.599921,#TechLinearMove
0.572498,-0.180343,0.173113,2.690496,-0.039570,1.593446,#TechLinearMove
0.572616,-0.185312,0.172900,2.693812,-0.026616,1.587354,#TechLinearMove
0.572489,-0.190277,0.173033,2.699294,-0.014632,1.581693,#TechLinearMove
0.572139,-0.195211,0.173556,2.706762,-0.003987,1.576664,#TechLinearMove
0.571710,-0.200112,0.174311,2.713919,0.006639,1.571757,#TechLinearMove
0.571236,-0.204998,0.175131,2.719107,0.018949,1.566338,#TechLinearMove
0.570800,-0.209878,0.176000,2.724884,0.031905,1.560777,#TechLinearMove
0.570418,-0.214744,0.176960,2.728865,0.048958,1.553329,#TechLinearMove
0.569662,-0.219496,0.178222,2.736465,0.067568,1.545494,#TechLinearMove
0.568807,-0.224186,0.179651,2.739353,0.090698,1.535730,#TechLinearMove
0.568966,-0.231695,0.179653,2.729752,0.109202,1.525135,#TechLinearMove
0.569612,-0.236334,0.178451,2.733984,0.125232,1.507360,#TechLinearMove
0.570199,-0.241039,0.177515,2.737664,0.138081,1.492528,#TechLinearMove
0.570742,-0.245785,0.176766,2.743929,0.146632,1.483955,#TechLinearMove
0.571176,-0.250555,0.176124,2.752781,0.150546,1.477950,#TechLinearMove
0.571725,-0.255346,0.175807,2.765163,0.148637,1.474617,#TechLinearMove
0.571898,-0.260175,0.175786,2.777796,0.140799,1.473753,#TechLinearMove
0.571939,-0.264974,0.176364,2.792005,0.137145,1.471838,#TechLinearMove
0.571735,-0.269676,0.177479,2.799408,0.143430,1.464884,#TechLinearMove
0.571160,-0.274192,0.179108,2.815930,0.145315,1.462335,#TechLinearMove
0.570301,-0.278556,0.180999,2.823776,0.152274,1.455906,#TechLinearMove
0.569595,-0.282933,0.182899,2.831709,0.162218,1.444271,#TechLinearMove
0.568622,-0.287091,0.185143,2.830916,0.187003,1.425997,#TechLinearMove
0.570599,-0.281883,0.181791,2.827795,0.199914,1.463484,#TechLinearMove
0.571270,-0.277424,0.179943,2.813204,0.187069,1.472647,#TechLinearMove
0.571840,-0.272876,0.178231,2.798401,0.178802,1.477314,#TechLinearMove
0.572222,-0.268203,0.176848,2.781364,0.178908,1.477347,#TechLinearMove
0.572251,-0.263416,0.175860,2.759941,0.182650,1.475189,#TechLinearMove
0.571985,-0.258562,0.175339,2.739920,0.185702,1.473956,#TechLinearMove
0.571610,-0.253687,0.175360,2.728973,0.187427,1.475349,#TechLinearMove
0.571247,-0.248837,0.175899,2.728012,0.183823,1.481011,#TechLinearMove
0.570535,-0.244071,0.176778,2.725316,0.176334,1.488801,#TechLinearMove
0.569935,-0.239359,0.177963,2.727980,0.157792,1.506459,#TechLinearMove
0.568932,-0.229114,0.179710,2.733001,0.118589,1.520904,#TechLinearMove
0.569464,-0.224213,0.178790,2.731544,0.085222,1.535690,#TechLinearMove
0.570168,-0.219396,0.177559,2.727980,0.058811,1.547347,#TechLinearMove
0.570605,-0.214457,0.176793,2.723032,0.038334,1.556416,#TechLinearMove
0.571023,-0.209508,0.176054,2.719171,0.022357,1.563680,#TechLinearMove
0.571476,-0.204570,0.175255,2.712771,0.011885,1.568373,#TechLinearMove
0.571926,-0.199633,0.174457,2.706990,-0.000066,1.573848,#TechLinearMove
0.572335,-0.194682,0.173724,2.702036,-0.012477,1.579690,#TechLinearMove
0.572612,-0.189697,0.173220,2.697120,-0.023801,1.585129,#TechLinearMove
0.572682,-0.184682,0.173095,2.692480,-0.035215,1.590714,#TechLinearMove
0.572571,-0.179668,0.173298,2.687248,-0.046329,1.596318,#TechLinearMove
0.572321,-0.174673,0.173735,2.683056,-0.058309,1.602309,#TechLinearMove
0.571967,-0.169704,0.174368,2.682662,-0.073095,1.609362,#TechLinearMove
0.571566,-0.164748,0.175079,2.682634,-0.092558,1.618758,#TechLinearMove
0.571161,-0.159795,0.175796,2.681924,-0.123074,1.633589,#TechLinearMove
0.570660,-0.154884,0.176718,2.676535,-0.144155,1.644298,#TechLinearMove
0.569919,-0.147701,0.178002,2.685583,-0.152706,1.645931,#TechLinearMove
0.569455,-0.142677,0.178822,2.687709,-0.152010,1.645462,#TechLinearMove
0.568604,-0.137659,0.179272,2.691900,-0.152715,1.645191,#TechLinearMove
0.567882,-0.132632,0.179853,2.694936,-0.152274,1.644551,#TechLinearMove
0.567177,-0.127598,0.180393,2.697118,-0.148607,1.642583,#TechLinearMove
0.566492,-0.122556,0.180884,2.700326,-0.143591,1.639812,#TechLinearMove
0.565801,-0.117516,0.181388,2.704668,-0.137273,1.636206,#TechLinearMove
0.565082,-0.112484,0.181931,2.708713,-0.131275,1.632852,#TechLinearMove
0.564468,-0.107461,0.182633,2.712117,-0.126611,1.630283,#TechLinearMove
0.563989,-0.102444,0.183485,2.715318,-0.120355,1.627050,#TechLinearMove
0.563509,-0.097424,0.184326,2.719110,-0.114130,1.623812,#TechLinearMove
0.562985,-0.092422,0.185242,2.722400,-0.109132,1.621257,#TechLinearMove
0.562348,-0.084516,0.186414,2.724124,-0.103810,1.617689,#TechLinearMove
0.561883,-0.079371,0.186674,2.726286,-0.097653,1.614170,#TechLinearMove
0.561427,-0.074216,0.186858,2.727989,-0.091258,1.610813,#TechLinearMove
0.561027,-0.069056,0.187085,2.728879,-0.084056,1.607308,#TechLinearMove
0.560656,-0.063893,0.187260,2.728130,-0.075549,1.603339,#TechLinearMove
0.560310,-0.058726,0.187386,2.727089,-0.067887,1.599764,#TechLinearMove
0.560017,-0.053555,0.187429,2.725166,-0.063095,1.597528,#TechLinearMove
0.559878,-0.048379,0.187453,2.722369,-0.059567,1.595904,#TechLinearMove
0.559859,-0.043199,0.187489,2.719330,-0.056522,1.594495,#TechLinearMove
0.559820,-0.038020,0.187557,2.714479,-0.054335,1.593375,#TechLinearMove
0.559898,-0.032844,0.187428,2.712441,-0.058552,1.594877,#TechLinearMove
0.559964,-0.022439,0.187307,2.709575,-0.051262,1.593045,#TechLinearMove
0.559600,-0.017295,0.187465,2.696900,-0.036364,1.586233,#TechLinearMove
0.559060,-0.012170,0.187824,2.686961,-0.026027,1.581410,#TechLinearMove
0.558691,-0.007025,0.188109,2.679858,-0.023311,1.580215,#TechLinearMove
0.558323,-0.001881,0.188407,2.673065,-0.021730,1.579595,#TechLinearMove
0.557928,0.003260,0.188737,2.667011,-0.020061,1.578887,#TechLinearMove
0.557569,0.008406,0.189013,2.658207,-0.017444,1.577829,#TechLinearMove
0.557292,0.013563,0.189140,2.652027,-0.014345,1.576353,#TechLinearMove
0.557086,0.018725,0.189137,2.646089,-0.010768,1.574550,#TechLinearMove
0.557072,0.023890,0.189136,2.638738,-0.010049,1.574262,#TechLinearMove
0.557106,0.029056,0.189079,2.629944,-0.006630,1.572419,#TechLinearMove
0.557007,0.034218,0.188915,2.619457,-0.001079,1.569253,#TechLinearMove
0.556997,0.039384,0.188910,2.610876,0.008901,1.563439,#TechLinearMove
0.556754,0.044543,0.188820,2.601961,0.021053,1.556368,#TechLinearMove
0.556773,0.049700,0.188519,2.588116,0.037864,1.546420,#TechLinearMove
0.556450,0.054849,0.188641,2.568464,0.054855,1.535626,#TechLinearMove
0.556167,0.062259,0.189569,2.561112,0.051267,1.537384,#TechLinearMove
0.555961,0.067348,0.188747,2.557969,0.059466,1.531511,#TechLinearMove
0.556042,0.072437,0.187894,2.555283,0.071025,1.523404,#TechLinearMove
0.556129,0.077542,0.187132,2.553616,0.082822,1.515254,#TechLinearMove
0.556373,0.082612,0.186188,2.552304,0.094503,1.507274,#TechLinearMove
0.556778,0.087669,0.185241,2.549935,0.107596,1.498175,#TechLinearMove
0.557347,0.092738,0.184434,2.546824,0.121497,1.488364,#TechLinearMove
0.557906,0.097812,0.183658,2.544031,0.134710,1.478927,#TechLinearMove
0.558446,0.102895,0.182925,2.540986,0.146521,1.470300,#TechLinearMove
0.558968,0.107996,0.182319,2.538802,0.160120,1.460632,#TechLinearMove
0.559340,0.113106,0.181679,2.532949,0.168456,1.453568,#TechLinearMove
0.559752,0.116309,0.181033,2.531689,0.171530,1.451624,#TechLinearMove
0.560188,0.121063,0.180253,2.525493,0.174367,1.450524,#TechLinearMove
0.560658,0.125793,0.179355,2.524602,0.176997,1.449945,#TechLinearMove
0.561216,0.130492,0.178347,2.525737,0.180165,1.449483,#TechLinearMove
0.561836,0.135150,0.177196,2.528638,0.190230,1.444672,#TechLinearMove
0.562494,0.139794,0.176011,2.524389,0.202314,1.436494,#TechLinearMove
0.563173,0.144436,0.174830,2.517207,0.220870,1.423850,#TechLinearMove
0.562620,0.144697,0.175621,2.517207,0.220870,1.423850,#TechMoveTo
0.512282,0.145878,0.143027,2.539599,0.230476,1.416654,#TechMoveTo
0.512812,0.145605,0.142225,2.539599,0.230476,1.416654,#TechMoveTo
0.510533,0.143556,0.141146,2.545466,0.219582,1.424799,#TechLinearMove
0.507338,0.140017,0.140031,2.553773,0.208008,1.435407,#TechLinearMove
0.503981,0.136648,0.138851,2.555416,0.201593,1.440532,#TechLinearMove
0.500663,0.133153,0.137958,2.561066,0.199434,1.444090,#TechLinearMove
0.497104,0.129913,0.137023,2.560050,0.205081,1.440883,#TechLinearMove
0.493779,0.126363,0.136457,2.560554,0.212966,1.436568,#TechLinearMove
0.490426,0.122831,0.135903,2.560583,0.217415,1.434597,#TechLinearMove
0.489678,0.117730,0.137607,2.568249,0.215323,1.435944,#TechLinearMove
0.489021,0.112925,0.138793,2.571211,0.205855,1.442170,#TechLinearMove
0.488587,0.108116,0.140078,2.569746,0.197439,1.446733,#TechLinearMove
0.488196,0.103312,0.141393,2.571230,0.186075,1.453840,#TechLinearMove
0.487768,0.098486,0.142613,2.574086,0.173919,1.461789,#TechLinearMove
0.487383,0.093631,0.143722,2.576591,0.161247,1.469949,#TechLinearMove
0.487048,0.088753,0.144752,2.578166,0.147965,1.478224,#TechLinearMove
0.486651,0.083858,0.145667,2.580245,0.135848,1.485858,#TechLinearMove
0.486248,0.078931,0.146378,2.584545,0.126263,1.492427,#TechLinearMove
0.485917,0.073968,0.146848,2.581223,0.117802,1.496884,#TechLinearMove
0.485727,0.069004,0.147386,2.580514,0.107027,1.503039,#TechLinearMove
0.485862,0.058978,0.147078,2.579860,0.092782,1.512267,#TechLinearMove
0.485795,0.053964,0.147209,2.580339,0.083855,1.518230,#TechLinearMove
0.485688,0.048956,0.147486,2.581549,0.079343,1.521512,#TechLinearMove
0.485644,0.043941,0.147596,2.579823,0.074695,1.524402,#TechLinearMove
0.485724,0.038929,0.147803,2.580630,0.070318,1.527417,#TechLinearMove
0.485797,0.033920,0.148083,2.580108,0.066072,1.530225,#TechLinearMove
0.485839,0.028915,0.148436,2.581218,0.063879,1.531883,#TechLinearMove
0.485866,0.023914,0.148829,2.580419,0.062105,1.533121,#TechLinearMove
0.485902,0.018914,0.149245,2.579961,0.060592,1.534220,#TechLinearMove
0.485949,0.013911,0.149622,2.578050,0.059914,1.534700,#TechLinearMove
0.486022,0.008905,0.149937,2.575716,0.058590,1.535562,#TechLinearMove
0.486099,0.003895,0.150193,2.574281,0.055840,1.537369,#TechLinearMove
0.486185,-0.001114,0.150473,2.572382,0.051678,1.540083,#TechLinearMove
0.486097,-0.006125,0.150701,2.570973,0.050862,1.540695,#TechLinearMove
0.486003,-0.011134,0.150978,2.567799,0.046647,1.543525,#TechLinearMove
0.485930,-0.016148,0.151122,2.565013,0.044639,1.545014,#TechLinearMove
0.485871,-0.023701,0.151279,2.561205,0.042855,1.544322,#TechLinearMove
0.485642,-0.028645,0.151860,2.563774,0.028810,1.552504,#TechLinearMove
0.485480,-0.033608,0.152294,2.563412,0.019813,1.557519,#TechLinearMove
0.485332,-0.038577,0.152646,2.562030,0.012040,1.562026,#TechLinearMove
0.485210,-0.043550,0.152953,2.562200,0.004500,1.566435,#TechLinearMove
0.485194,-0.048524,0.153263,2.561559,-0.002753,1.570653,#TechLinearMove
0.485317,-0.053498,0.153546,2.558134,-0.010216,1.574994,#TechLinearMove
0.485499,-0.058476,0.153698,2.555773,-0.017853,1.579484,#TechLinearMove
0.485719,-0.063455,0.153734,2.554177,-0.026373,1.584643,#TechLinearMove
0.485979,-0.068432,0.153701,2.552166,-0.035389,1.590181,#TechLinearMove
0.486296,-0.073405,0.153722,2.551474,-0.044408,1.595439,#TechLinearMove
0.486640,-0.078369,0.153634,2.549310,-0.060657,1.605247,#TechLinearMove
0.487209,-0.086410,0.153233,2.551821,-0.063980,1.610406,#TechLinearMove
0.487295,-0.091175,0.153026,2.547682,-0.073884,1.617528,#TechLinearMove
0.487526,-0.095929,0.152670,2.544420,-0.079402,1.621627,#TechLinearMove
0.487787,-0.100681,0.152304,2.541176,-0.083452,1.624739,#TechLinearMove
0.488074,-0.105429,0.151899,2.539216,-0.089454,1.629010,#TechLinearMove
0.488363,-0.110174,0.151464,2.542412,-0.094239,1.631866,#TechLinearMove
0.488687,-0.114910,0.150968,2.545666,-0.099622,1.635046,#TechLinearMove
0.489021,-0.119644,0.150452,2.549175,-0.104547,1.637772,#TechLinearMove
0.489427,-0.124375,0.149972,2.552777,-0.110539,1.641168,#TechLinearMove
0.489761,-0.129117,0.149533,2.555465,-0.116457,1.644663,#TechLinearMove
0.490119,-0.133854,0.149071,2.557737,-0.124313,1.649475,#TechLinearMove
0.490398,-0.138604,0.148712,2.560030,-0.135259,1.656205,#TechLinearMove
0.490811,-0.149296,0.147767,2.567617,-0.125354,1.649946,#TechLinearMove
0.491148,-0.154205,0.146963,2.558818,-0.118068,1.645397,#TechLinearMove
0.491466,-0.159121,0.146199,2.551687,-0.114189,1.642680,#TechLinearMove
0.491719,-0.164063,0.145591,2.545841,-0.112024,1.641544,#TechLinearMove
0.491984,-0.169003,0.144967,2.537101,-0.108813,1.640286,#TechLinearMove
0.492261,-0.173936,0.144301,2.529700,-0.106465,1.639301,#TechLinearMove
0.492630,-0.178865,0.143648,2.522892,-0.104516,1.638438,#TechLinearMove
0.493019,-0.183791,0.142979,2.516087,-0.102948,1.637793,#TechLinearMove
0.493453,-0.188711,0.142303,2.510313,-0.099852,1.635899,#TechLinearMove
0.493930,-0.193629,0.141634,2.504181,-0.096121,1.633590,#TechLinearMove
0.494415,-0.198540,0.140929,2.498108,-0.091562,1.630681,#TechLinearMove
0.494915,-0.203439,0.140145,2.491825,-0.084733,1.626080,#TechLinearMove
0.495453,-0.208320,0.139282,2.485338,-0.075159,1.619333,#TechLinearMove
0.496018,-0.213185,0.138352,2.480395,-0.063443,1.610542,#TechLinearMove
0.496618,-0.218042,0.137397,2.472043,-0.051874,1.601755,#TechLinearMove
0.497267,-0.222872,0.136350,2.463257,-0.038186,1.591039,#TechLinearMove
0.497816,-0.227713,0.135293,2.452898,-0.023335,1.579252,#TechLinearMove
0.498116,-0.235574,0.133420,2.444325,0.003399,1.562159,#TechLinearMove
0.497974,-0.240691,0.132670,2.440080,0.016089,1.555834,#TechLinearMove
0.497393,-0.245824,0.132337,2.438124,0.029015,1.548104,#TechLinearMove
0.496649,-0.250940,0.132296,2.436433,0.038758,1.542001,#TechLinearMove
0.495670,-0.256008,0.132637,2.436725,0.052374,1.532946,#TechLinearMove
0.494562,-0.260993,0.133445,2.438587,0.067457,1.522922,#TechLinearMove
0.493378,-0.265916,0.134518,2.437433,0.084231,1.510825,#TechLinearMove
0.492192,-0.270844,0.135567,2.427735,0.105133,1.493458,#TechLinearMove
0.491164,-0.275826,0.136511,2.413421,0.127260,1.473764,#TechLinearMove
0.490296,-0.280875,0.137238,2.396066,0.146966,1.455020,#TechLinearMove
0.489479,-0.285932,0.137968,2.376215,0.171917,1.431807,#TechLinearMove
0.489017,-0.291062,0.138161,2.342039,0.192101,1.408238,#TechLinearMove
0.489343,-0.285693,0.138918,2.350814,0.217053,1.372259,#TechLinearMove
0.490352,-0.280894,0.138394,2.381788,0.183319,1.408630,#TechLinearMove
0.491207,-0.276082,0.137700,2.400856,0.153189,1.438391,#TechLinearMove
0.492465,-0.271418,0.136708,2.413663,0.127416,1.461985,#TechLinearMove
0.493892,-0.266872,0.135417,2.424384,0.095789,1.489323,#TechLinearMove
0.495200,-0.262288,0.134140,2.427945,0.068132,1.511621,#TechLinearMove
0.496304,-0.257584,0.133129,2.424546,0.051979,1.522992,#TechLinearMove
0.497260,-0.252787,0.132494,2.420636,0.042255,1.529216,#TechLinearMove
0.498053,-0.247918,0.132305,2.417656,0.029545,1.538020,#TechLinearMove
0.498465,-0.243011,0.132396,2.412310,0.023230,1.540036,#TechLinearMove
0.498228,-0.232929,0.134250,2.428690,0.015096,1.551969,#TechLinearMove
0.497819,-0.228220,0.135312,2.447301,-0.005358,1.568211,#TechLinearMove
0.497261,-0.223515,0.136316,2.463027,-0.023402,1.581831,#TechLinearMove
0.496690,-0.218798,0.137256,2.472870,-0.038773,1.593540,#TechLinearMove
0.496119,-0.214078,0.138185,2.483003,-0.053031,1.604008,#TechLinearMove
0.495548,-0.209357,0.139107,2.490416,-0.067200,1.614335,#TechLinearMove
0.494996,-0.204626,0.139986,2.495533,-0.078681,1.622618,#TechLinearMove
0.494488,-0.199875,0.140783,2.500600,-0.087253,1.628542,#TechLinearMove
0.494007,-0.195106,0.141479,2.505327,-0.094169,1.633200,#TechLinearMove
0.493531,-0.190328,0.142118,2.509445,-0.099271,1.636577,#TechLinearMove
0.493102,-0.185547,0.142766,2.513656,-0.103641,1.639404,#TechLinearMove
0.492722,-0.180760,0.143402,2.516971,-0.106854,1.641557,#TechLinearMove
0.492368,-0.175970,0.144025,2.519829,-0.109016,1.643022,#TechLinearMove
0.492098,-0.171178,0.144684,2.525325,-0.112108,1.644670,#TechLinearMove
0.491835,-0.166382,0.145307,2.530582,-0.114372,1.645818,#TechLinearMove
0.491580,-0.161583,0.145917,2.541684,-0.118799,1.647735,#TechLinearMove
0.491240,-0.156826,0.146764,2.549300,-0.126071,1.652175,#TechLinearMove
0.490753,-0.149387,0.147903,2.554297,-0.118169,1.647694,#TechLinearMove
0.490622,-0.144377,0.148244,2.553529,-0.116449,1.646005,#TechLinearMove
0.490380,-0.139377,0.148653,2.556086,-0.111502,1.641890,#TechLinearMove
0.490072,-0.134382,0.149087,2.552732,-0.108949,1.640369,#TechLinearMove
0.489764,-0.129387,0.149517,2.550801,-0.104943,1.637680,#TechLinearMove
0.489446,-0.124397,0.149990,2.550747,-0.100756,1.634571,#TechLinearMove
0.489097,-0.119415,0.150527,2.549597,-0.096810,1.631786,#TechLinearMove
0.488726,-0.114437,0.151094,2.548981,-0.092865,1.628928,#TechLinearMove
0.488381,-0.109454,0.151619,2.549021,-0.089423,1.626293,#TechLinearMove
0.488069,-0.104461,0.152068,2.548991,-0.085808,1.623527,#TechLinearMove
0.487791,-0.099465,0.152513,2.550527,-0.081142,1.619710,#TechLinearMove
0.487570,-0.094461,0.152884,2.554182,-0.074347,1.614035,#TechLinearMove
0.487209,-0.086410,0.153233,2.564384,-0.075826,1.616960,#TechLinearMove
0.486948,-0.081208,0.153518,2.567170,-0.060778,1.607885,#TechLinearMove
0.486678,-0.076002,0.153665,2.564872,-0.045756,1.598977,#TechLinearMove
0.486288,-0.070801,0.153713,2.563068,-0.035330,1.592775,#TechLinearMove
0.485966,-0.065595,0.153760,2.562364,-0.025463,1.586873,#TechLinearMove
0.485728,-0.060385,0.153775,2.561856,-0.015761,1.581044,#TechLinearMove
0.485527,-0.055174,0.153665,2.560970,-0.004863,1.574510,#TechLinearMove
0.485382,-0.049966,0.153413,2.560380,0.004345,1.569036,#TechLinearMove
0.485283,-0.044764,0.153047,2.560653,0.012071,1.564469,#TechLinearMove
0.485278,-0.039558,0.152764,2.563865,0.022436,1.558413,#TechLinearMove
0.485411,-0.034357,0.152418,2.565689,0.035904,1.550618,#TechLinearMove
0.485839,-0.024133,0.151399,2.564281,0.037794,1.547775,#TechLinearMove
0.485865,-0.019271,0.151340,2.566744,0.042350,1.544779,#TechLinearMove
0.485947,-0.014414,0.151136,2.568462,0.045016,1.542949,#TechLinearMove
0.486052,-0.009560,0.150871,2.570105,0.047492,1.541336,#TechLinearMove
0.486140,-0.004705,0.150627,2.571250,0.049045,1.540308,#TechLinearMove
0.486119,0.000149,0.150358,2.573253,0.051671,1.538670,#TechLinearMove
0.486053,0.005004,0.150106,2.575581,0.054866,1.536690,#TechLinearMove
0.485977,0.009859,0.149862,2.578084,0.057213,1.535270,#TechLinearMove
0.485913,0.014712,0.149564,2.579587,0.058115,1.534697,#TechLinearMove
0.485876,0.019559,0.149191,2.580547,0.058110,1.534644,#TechLinearMove
0.485853,0.024405,0.148790,2.581684,0.058687,1.534238,#TechLinearMove
0.485828,0.029252,0.148407,2.581668,0.060822,1.532784,#TechLinearMove
0.485782,0.034102,0.148067,2.582094,0.064300,1.530521,#TechLinearMove
0.485716,0.038956,0.147803,2.582442,0.069393,1.527257,#TechLinearMove
0.485645,0.043813,0.147591,2.580950,0.073091,1.524652,#TechLinearMove
0.485743,0.048667,0.147334,2.579816,0.076357,1.522254,#TechLinearMove
0.485873,0.053517,0.147013,2.577998,0.083461,1.517379,#TechLinearMove
0.485475,0.061308,0.146967,2.580180,0.091253,1.513125,#TechLinearMove
0.485173,0.066064,0.146638,2.584129,0.097247,1.510486,#TechLinearMove
0.485094,0.070825,0.146247,2.582286,0.107806,1.504201,#TechLinearMove
0.485029,0.075583,0.145840,2.580132,0.115778,1.499254,#TechLinearMove
0.485067,0.080316,0.145191,2.578974,0.126084,1.492983,#TechLinearMove
0.485203,0.085022,0.144378,2.578439,0.137908,1.485827,#TechLinearMove
0.485638,0.089713,0.143579,2.577426,0.148581,1.479269,#TechLinearMove
0.485937,0.094380,0.142600,2.576289,0.163220,1.470419,#TechLinearMove
0.486268,0.099025,0.141532,2.571968,0.176555,1.461652,#TechLinearMove
0.486702,0.103644,0.140389,2.568774,0.188222,1.453957,#TechLinearMove
0.487159,0.108249,0.139198,2.566170,0.204442,1.443687,#TechLinearMove
0.487562,0.112868,0.138043,2.564086,0.217045,1.435941,#TechLinearMove
0.490291,0.117051,0.138279,2.569399,0.220597,1.433097,#TechLinearMove
0.493583,0.121137,0.138656,2.564403,0.211574,1.436918,#TechLinearMove
0.497023,0.125099,0.139154,2.563438,0.207039,1.439229,#TechLinearMove
0.500174,0.129316,0.139417,2.558693,0.202491,1.440463,#TechLinearMove
0.503548,0.133318,0.140037,2.556231,0.203276,1.439044,#TechLinearMove
0.506701,0.137505,0.140602,2.552312,0.205293,1.436436,#TechLinearMove
0.509866,0.141646,0.141255,2.547931,0.214935,1.428486,#TechLinearMove
0.509337,0.141901,0.142065,2.547931,0.214935,1.428486,#TechMoveTo
0.562201,0.147655,0.174562,2.515636,0.231806,1.425632,#TechMoveTo
0.562753,0.147386,0.173773,2.515636,0.231806,1.425632,#TechMoveTo
0.563861,0.144448,0.175287,2.515924,0.217265,1.425932,#TechLinearMove
0.565430,0.139985,0.178021,2.517326,0.199378,1.436431,#TechLinearMove
0.566879,0.135509,0.180815,2.519737,0.187021,1.444104,#TechLinearMove
0.568358,0.131126,0.183747,2.520708,0.179697,1.447862,#TechLinearMove
0.569792,0.126704,0.186644,2.521822,0.176559,1.448774,#TechLinearMove
0.571370,0.122345,0.189559,2.519227,0.173322,1.448044,#TechLinearMove
0.571867,0.117666,0.191116,2.523541,0.171949,1.449927,#TechLinearMove
0.572166,0.112993,0.192418,2.525556,0.160161,1.458266,#TechLinearMove
0.572463,0.108266,0.193527,2.528227,0.153514,1.463304,#TechLinearMove
0.572749,0.103515,0.194536,2.531904,0.143765,1.470602,#TechLinearMove
0.573083,0.098771,0.195561,2.535274,0.130648,1.480143,#TechLinearMove
0.573375,0.094014,0.196531,2.539090,0.117992,1.489398,#TechLinearMove
0.573652,0.089245,0.197443,2.543136,0.104471,1.499242,#TechLinearMove
0.574016,0.084496,0.198437,2.545641,0.088382,1.510570,#TechLinearMove
0.574287,0.079746,0.199455,2.547637,0.077647,1.518036,#TechLinearMove
0.574567,0.074992,0.200450,2.549641,0.067143,1.525252,#TechLinearMove
0.574912,0.070235,0.201406,2.552835,0.053287,1.534869,#TechLinearMove
0.575452,0.059646,0.201356,2.567975,0.047546,1.539662,#TechLinearMove
0.575963,0.054814,0.201080,2.582696,0.028553,1.551290,#TechLinearMove
0.576234,0.049953,0.201080,2.593683,0.008572,1.563090,#TechLinearMove
0.576431,0.045086,0.201089,2.601851,-0.000729,1.568367,#TechLinearMove
0.576647,0.040221,0.201039,2.608704,-0.013847,1.575924,#TechLinearMove
0.576881,0.035357,0.200979,2.617272,-0.025470,1.582373,#TechLinearMove
0.577183,0.030497,0.200919,2.625011,-0.035693,1.587935,#TechLinearMove
0.577459,0.025638,0.200763,2.632756,-0.041880,1.591060,#TechLinearMove
0.577684,0.020780,0.200502,2.641494,-0.045973,1.592812,#TechLinearMove
0.577923,0.015925,0.200207,2.650806,-0.050644,1.594758,#TechLinearMove
0.578214,0.011074,0.199885,2.660989,-0.054481,1.596084,#TechLinearMove
0.578605,0.006235,0.199506,2.671998,-0.056558,1.596316,#TechLinearMove
0.579132,0.001408,0.199133,2.682218,-0.059835,1.597207,#TechLinearMove
0.579651,-0.003417,0.198736,2.694314,-0.064211,1.598438,#TechLinearMove
0.580264,-0.008210,0.198126,2.710067,-0.069624,1.599921,#TechLinearMove
0.580781,-0.013026,0.197642,2.726709,-0.083782,1.605439,#TechLinearMove
0.581579,-0.020566,0.197962,2.729648,-0.082411,1.605642,#TechLinearMove
0.581548,-0.025499,0.198245,2.736554,-0.080460,1.605260,#TechLinearMove
0.581568,-0.030436,0.198412,2.740546,-0.075860,1.603908,#TechLinearMove
0.581683,-0.035374,0.198516,2.744822,-0.074374,1.603477,#TechLinearMove
0.581686,-0.040316,0.198507,2.750049,-0.072512,1.602811,#TechLinearMove
0.581711,-0.045256,0.198442,2.753181,-0.071633,1.602727,#TechLinearMove
0.581784,-0.050195,0.198316,2.755824,-0.072774,1.603499,#TechLinearMove
0.581914,-0.055131,0.198108,2.758779,-0.074576,1.604505,#TechLinearMove
0.582096,-0.060060,0.197821,2.761335,-0.078389,1.606355,#TechLinearMove
0.582460,-0.064979,0.197544,2.763520,-0.083007,1.608560,#TechLinearMove
0.582765,-0.069904,0.197295,2.767719,-0.088873,1.611426,#TechLinearMove
0.583077,-0.074830,0.197069,2.769804,-0.092981,1.613900,#TechLinearMove
0.583597,-0.082565,0.196218,2.767688,-0.088797,1.609031,#TechLinearMove
0.584331,-0.087423,0.195677,2.766277,-0.099118,1.613701,#TechLinearMove
0.584896,-0.092306,0.195145,2.765377,-0.106388,1.617023,#TechLinearMove
0.585451,-0.097190,0.194623,2.765516,-0.112079,1.619407,#TechLinearMove
0.586031,-0.102071,0.194090,2.767283,-0.118870,1.621999,#TechLinearMove
0.586600,-0.106953,0.193560,2.768929,-0.127467,1.625252,#TechLinearMove
0.586913,-0.111857,0.193016,2.769148,-0.135216,1.628444,#TechLinearMove
0.587231,-0.116764,0.192510,2.766497,-0.140499,1.631117,#TechLinearMove
0.587547,-0.121674,0.192017,2.765622,-0.145279,1.633301,#TechLinearMove
0.587845,-0.126587,0.191558,2.762628,-0.150239,1.635919,#TechLinearMove
0.588144,-0.131500,0.191094,2.756917,-0.156936,1.639818,#TechLinearMove
0.588401,-0.136417,0.190649,2.746690,-0.161770,1.643996,#TechLinearMove
0.589162,-0.148487,0.189403,2.745225,-0.141206,1.632676,#TechLinearMove
0.589677,-0.153432,0.188596,2.743591,-0.120497,1.622565,#TechLinearMove
0.590431,-0.158372,0.187978,2.747193,-0.100710,1.612260,#TechLinearMove
0.590949,-0.163360,0.187517,2.753159,-0.083157,1.603230,#TechLinearMove
0.591371,-0.168362,0.187112,2.757714,-0.070882,1.597020,#TechLinearMove
0.591748,-0.173374,0.186788,2.761688,-0.058464,1.590890,#TechLinearMove
0.592074,-0.178393,0.186547,2.766922,-0.046640,1.584904,#TechLinearMove
0.592342,-0.183420,0.186409,2.769248,-0.032012,1.578024,#TechLinearMove
0.592544,-0.188452,0.186366,2.768781,-0.014761,1.570288,#TechLinearMove
0.592696,-0.193486,0.186399,2.768492,0.001928,1.562690,#TechLinearMove
0.592845,-0.198520,0.186456,2.767667,0.019481,1.554768,#TechLinearMove
0.593015,-0.203553,0.186449,2.766450,0.036633,1.547159,#TechLinearMove
0.593149,-0.208586,0.186336,2.766236,0.052125,1.540294,#TechLinearMove
0.593148,-0.213618,0.186339,2.764224,0.071637,1.531284,#TechLinearMove
0.593137,-0.218653,0.186417,2.754483,0.099187,1.518182,#TechLinearMove
0.593341,-0.223679,0.186198,2.738815,0.133435,1.501828,#TechLinearMove
0.593834,-0.231300,0.184919,2.752017,0.116111,1.516047,#TechLinearMove
0.594942,-0.236194,0.184177,2.781523,0.126852,1.517703,#TechLinearMove
0.595418,-0.241246,0.183965,2.813257,0.127057,1.521830,#TechLinearMove
0.595754,-0.246307,0.183880,2.831893,0.131580,1.523567,#TechLinearMove
0.595732,-0.251359,0.184331,2.852283,0.137517,1.525467,#TechLinearMove
0.595332,-0.256313,0.185375,2.860823,0.148971,1.523957,#TechLinearMove
0.594678,-0.261167,0.186733,2.860259,0.165400,1.519706,#TechLinearMove
0.593957,-0.265950,0.188291,2.865173,0.180218,1.516991,#TechLinearMove
0.593351,-0.270749,0.189850,2.867280,0.204077,1.511236,#TechLinearMove
0.592770,-0.275585,0.191298,2.860214,0.234779,1.502528,#TechLinearMove
0.592012,-0.280307,0.192998,2.858547,0.267632,1.494114,#TechLinearMove
0.591680,-0.285159,0.194410,2.862155,0.302631,1.486013,#TechLinearMove
0.592092,-0.279935,0.194110,2.895611,0.248567,1.508538,#TechLinearMove
0.592652,-0.275415,0.192117,2.897179,0.205645,1.515276,#TechLinearMove
0.593286,-0.270861,0.190219,2.884227,0.189166,1.515432,#TechLinearMove
0.594002,-0.266326,0.188306,2.878145,0.171706,1.517385,#TechLinearMove
0.594921,-0.261815,0.186425,2.873132,0.155851,1.519257,#TechLinearMove
0.595874,-0.257233,0.184778,2.860694,0.150060,1.517747,#TechLinearMove
0.596238,-0.252417,0.183622,2.834276,0.157282,1.511476,#TechLinearMove
0.596195,-0.247473,0.183061,2.817259,0.151847,1.509160,#TechLinearMove
0.595828,-0.242542,0.182786,2.789478,0.140163,1.505792,#TechLinearMove
0.594262,-0.232071,0.184767,2.771998,0.137184,1.510877,#TechLinearMove
0.593704,-0.227293,0.185515,2.773875,0.103324,1.525647,#TechLinearMove
0.593436,-0.222443,0.185879,2.778827,0.072006,1.539323,#TechLinearMove
0.593187,-0.217592,0.186257,2.782281,0.046711,1.549506,#TechLinearMove
0.593032,-0.212731,0.186530,2.785507,0.026517,1.557527,#TechLinearMove
0.592860,-0.207863,0.186628,2.791312,0.004590,1.566634,#TechLinearMove
0.592810,-0.202992,0.186597,2.794134,-0.016021,1.575289,#TechLinearMove
0.592885,-0.198121,0.186502,2.793124,-0.032934,1.582436,#TechLinearMove
0.592990,-0.193251,0.186386,2.791284,-0.047766,1.588755,#TechLinearMove
0.593031,-0.188380,0.186323,2.788172,-0.060226,1.594309,#TechLinearMove
0.592991,-0.183508,0.186369,2.781729,-0.069785,1.599106,#TechLinearMove
0.592893,-0.178640,0.186541,2.773072,-0.080004,1.604428,#TechLinearMove
0.592706,-0.173782,0.186859,2.764246,-0.090412,1.609954,#TechLinearMove
0.592397,-0.168938,0.187275,2.755216,-0.097002,1.614224,#TechLinearMove
0.591937,-0.164110,0.187741,2.745262,-0.108566,1.620654,#TechLinearMove
0.591499,-0.159297,0.188355,2.734836,-0.123982,1.629373,#TechLinearMove
0.590868,-0.154535,0.189169,2.725429,-0.138859,1.638003,#TechLinearMove
0.590483,-0.146415,0.190419,2.744897,-0.138850,1.631756,#TechLinearMove
0.589706,-0.141367,0.190621,2.752749,-0.137359,1.630436,#TechLinearMove
0.589160,-0.136295,0.190977,2.760893,-0.136889,1.629323,#TechLinearMove
0.588648,-0.131222,0.191359,2.766232,-0.136322,1.628506,#TechLinearMove
0.588152,-0.126146,0.191727,2.770187,-0.133275,1.626991,#TechLinearMove
0.587642,-0.121074,0.192121,2.773351,-0.129562,1.625365,#TechLinearMove
0.587211,-0.116001,0.192589,2.774602,-0.125823,1.624025,#TechLinearMove
0.586880,-0.110926,0.193122,2.774597,-0.121236,1.622550,#TechLinearMove
0.586535,-0.105857,0.193693,2.773012,-0.115035,1.620654,#TechLinearMove
0.586157,-0.100795,0.194308,2.768934,-0.107909,1.618750,#TechLinearMove
0.585781,-0.095733,0.194928,2.767352,-0.100550,1.616535,#TechLinearMove
0.585392,-0.090673,0.195554,2.764954,-0.092846,1.614327,#TechLinearMove
0.584728,-0.082539,0.196645,2.770966,-0.085739,1.607508,#TechLinearMove
0.584421,-0.077347,0.197145,2.768374,-0.086569,1.607234,#TechLinearMove
0.583859,-0.072161,0.197425,2.766371,-0.085447,1.606395,#TechLinearMove
0.583394,-0.066967,0.197748,2.765020,-0.083210,1.605248,#TechLinearMove
0.582959,-0.061767,0.198021,2.763762,-0.081030,1.604106,#TechLinearMove
0.582543,-0.056564,0.198249,2.761605,-0.079214,1.603182,#TechLinearMove
0.582173,-0.051355,0.198404,2.758877,-0.078270,1.602657,#TechLinearMove
0.581860,-0.046140,0.198479,2.756087,-0.080153,1.603266,#TechLinearMove
0.581692,-0.040919,0.198526,2.752496,-0.083092,1.604376,#TechLinearMove
0.581596,-0.035697,0.198649,2.748014,-0.086850,1.605694,#TechLinearMove
0.581621,-0.030473,0.198622,2.742129,-0.095730,1.609052,#TechLinearMove
0.581958,-0.020219,0.198143,2.739898,-0.085257,1.605860,#TechLinearMove
0.581859,-0.015182,0.198310,2.723370,-0.070909,1.600290,#TechLinearMove
0.581277,-0.010203,0.198750,2.708160,-0.060154,1.595989,#TechLinearMove
0.580788,-0.005193,0.199023,2.696975,-0.055142,1.594159,#TechLinearMove
0.580258,-0.000192,0.199378,2.685527,-0.049993,1.592380,#TechLinearMove
0.579710,0.004805,0.199759,2.674905,-0.046796,1.591433,#TechLinearMove
0.579144,0.009799,0.200156,2.663852,-0.044737,1.591092,#TechLinearMove
0.578653,0.014808,0.200448,2.653940,-0.043264,1.590919,#TechLinearMove
0.578273,0.019828,0.200721,2.646197,-0.040726,1.589974,#TechLinearMove
0.577840,0.024847,0.200912,2.639208,-0.035313,1.587327,#TechLinearMove
0.577449,0.029873,0.201012,2.630714,-0.030637,1.585068,#TechLinearMove
0.577337,0.034910,0.201191,2.622455,-0.022495,1.580848,#TechLinearMove
0.577103,0.039945,0.201240,2.614826,-0.012928,1.575580,#TechLinearMove
0.576871,0.044981,0.201288,2.605986,-0.001845,1.569296,#TechLinearMove
0.576809,0.050022,0.201244,2.594498,0.016726,1.558613,#TechLinearMove
0.576314,0.055029,0.201487,2.582259,0.040814,1.544222,#TechLinearMove
0.575474,0.062648,0.201777,2.578056,0.036335,1.547301,#TechLinearMove
0.574858,0.067551,0.200993,2.569396,0.044311,1.541556,#TechLinearMove
0.574309,0.072453,0.200140,2.562684,0.059023,1.531433,#TechLinearMove
0.573937,0.077388,0.199400,2.556206,0.068591,1.524589,#TechLinearMove
0.573661,0.082311,0.198540,2.552410,0.080090,1.516550,#TechLinearMove
0.573302,0.087204,0.197542,2.549450,0.094592,1.506495,#TechLinearMove
0.572991,0.092105,0.196566,2.544635,0.111260,1.494592,#TechLinearMove
0.572705,0.096998,0.195545,2.538872,0.128495,1.482008,#TechLinearMove
0.572480,0.101893,0.194525,2.533590,0.142048,1.471938,#TechLinearMove
0.572311,0.106810,0.193597,2.526642,0.158573,1.459470,#TechLinearMove
0.571931,0.111689,0.192552,2.516530,0.175273,1.445963,#TechLinearMove
0.570895,0.113667,0.191150,2.513147,0.171509,1.447570,#TechLinearMove
0.569866,0.118223,0.189193,2.515345,0.176202,1.446714,#TechLinearMove
0.568958,0.122770,0.187163,2.519025,0.177988,1.447560,#TechLinearMove
0.568358,0.127388,0.185171,2.521674,0.180332,1.447697,#TechLinearMove
0.567201,0.131622,0.182645,2.524110,0.183573,1.447210,#TechLinearMove
0.565956,0.135779,0.180034,2.525386,0.188886,1.445079,#TechLinearMove
0.564740,0.140008,0.177529,2.522607,0.199600,1.438116,#TechLinearMove
0.563861,0.144448,0.175287,2.518539,0.215125,1.428137,#TechLinearMove
0.563308,0.144703,0.176080,2.518539,0.215125,1.428137,#TechMoveTo
0.512282,0.145878,0.143027,2.539599,0.230476,1.416654,#TechMoveTo
0.512812,0.145605,0.142225,2.539599,0.230476,1.416654,#TechMoveTo
0.512812,0.145605,0.142225,2.539599,0.230476,1.416654,#TechStartPoint
0.512507,0.142528,0.142827,2.548188,0.215894,1.428005,#TechLinearMove
0.511909,0.137999,0.143732,2.554820,0.203907,1.440096,#TechLinearMove
0.511806,0.133482,0.144933,2.559305,0.197520,1.446926,#TechLinearMove
0.511510,0.128962,0.146088,2.564832,0.193211,1.452687,#TechLinearMove
0.511712,0.124535,0.147518,2.571736,0.190318,1.458893,#TechLinearMove
0.510720,0.116845,0.148764,2.580256,0.192071,1.455649,#TechLinearMove
0.510648,0.111779,0.149645,2.584348,0.186509,1.459215,#TechLinearMove
0.510424,0.106753,0.150735,2.590468,0.175436,1.466747,#TechLinearMove
0.510063,0.101735,0.151829,2.595016,0.167113,1.472328,#TechLinearMove
0.509675,0.096728,0.152969,2.598891,0.155425,1.479698,#TechLinearMove
0.509273,0.091729,0.154138,2.603280,0.141136,1.488714,#TechLinearMove
0.508868,0.086733,0.155316,2.608989,0.129206,1.496585,#TechLinearMove
0.508397,0.081717,0.156373,2.613730,0.121103,1.501923,#TechLinearMove
0.507761,0.076707,0.157370,2.618516,0.112255,1.507425,#TechLinearMove
0.507332,0.071663,0.158303,2.621874,0.103921,1.512257,#TechLinearMove
0.507421,0.061406,0.158143,2.633663,0.113747,1.508413,#TechLinearMove
0.507532,0.056551,0.157893,2.628651,0.100316,1.515176,#TechLinearMove
0.507430,0.051696,0.158119,2.624292,0.085801,1.522949,#TechLinearMove
0.507329,0.046839,0.158340,2.622311,0.077949,1.527175,#TechLinearMove
0.507349,0.041983,0.158615,2.621260,0.070943,1.530978,#TechLinearMove
0.507358,0.037135,0.158998,2.618435,0.060573,1.536438,#TechLinearMove
0.507314,0.032297,0.159501,2.617695,0.053901,1.540066,#TechLinearMove
0.507226,0.027472,0.160105,2.618934,0.049321,1.542723,#TechLinearMove
0.507104,0.022659,0.160792,2.621184,0.044855,1.545384,#TechLinearMove
0.506970,0.017849,0.161504,2.624554,0.042688,1.546791,#TechLinearMove
0.506860,0.013031,0.162157,2.628554,0.043000,1.546781,#TechLinearMove
0.506811,0.008196,0.162681,2.632612,0.043702,1.546516,#TechLinearMove
0.506825,0.003347,0.163062,2.636057,0.043768,1.546580,#TechLinearMove
0.506841,-0.001508,0.163347,2.638255,0.042195,1.547534,#TechLinearMove
0.506757,-0.006367,0.163535,2.641684,0.039377,1.549230,#TechLinearMove
0.506664,-0.011225,0.163755,2.645906,0.036753,1.550830,#TechLinearMove
0.506636,-0.016088,0.163807,2.647608,0.033989,1.552397,#TechLinearMove
0.506765,-0.023903,0.163520,2.650972,0.028794,1.555331,#TechLinearMove
0.506925,-0.028690,0.163708,2.656825,0.018730,1.560830,#TechLinearMove
0.507139,-0.033476,0.163972,2.663015,0.007942,1.566548,#TechLinearMove
0.507302,-0.038271,0.164119,2.667212,-0.001135,1.571304,#TechLinearMove
0.507466,-0.043066,0.164261,2.672673,-0.006854,1.574252,#TechLinearMove
0.507634,-0.047860,0.164404,2.676339,-0.012569,1.577169,#TechLinearMove
0.507811,-0.052655,0.164527,2.680962,-0.015444,1.578638,#TechLinearMove
0.508018,-0.057450,0.164567,2.682643,-0.020961,1.581447,#TechLinearMove
0.508113,-0.062246,0.164430,2.686760,-0.025452,1.583652,#TechLinearMove
0.508313,-0.067035,0.164191,2.691530,-0.031241,1.586363,#TechLinearMove
0.508488,-0.071826,0.163953,2.697177,-0.037085,1.589133,#TechLinearMove
0.508672,-0.076615,0.163696,2.701718,-0.044241,1.592578,#TechLinearMove
0.509438,-0.084660,0.163002,2.703968,-0.056618,1.597547,#TechLinearMove
0.509655,-0.089583,0.162670,2.711177,-0.070868,1.602870,#TechLinearMove
0.510003,-0.094498,0.162340,2.719554,-0.084605,1.607719,#TechLinearMove
0.510268,-0.099412,0.161927,2.726835,-0.095114,1.611308,#TechLinearMove
0.510495,-0.104326,0.161490,2.732736,-0.104559,1.614466,#TechLinearMove
0.510797,-0.109239,0.161086,2.737277,-0.111216,1.616582,#TechLinearMove
0.511074,-0.114157,0.160719,2.739178,-0.117363,1.618742,#TechLinearMove
0.511375,-0.119071,0.160323,2.743611,-0.122707,1.620209,#TechLinearMove
0.511692,-0.123978,0.159867,2.744889,-0.129891,1.622850,#TechLinearMove
0.511967,-0.128880,0.159329,2.745405,-0.135401,1.624928,#TechLinearMove
0.512342,-0.133781,0.158856,2.745651,-0.142460,1.627584,#TechLinearMove
0.512633,-0.138694,0.158463,2.746324,-0.154071,1.632029,#TechLinearMove
0.513304,-0.148954,0.156933,2.738670,-0.150401,1.633230,#TechLinearMove
0.513605,-0.153895,0.156276,2.736675,-0.137862,1.627402,#TechLinearMove
0.513933,-0.158830,0.155584,2.735212,-0.125278,1.621441,#TechLinearMove
0.514274,-0.163758,0.154856,2.734987,-0.117610,1.617755,#TechLinearMove
0.514615,-0.168688,0.154138,2.735124,-0.109572,1.613913,#TechLinearMove
0.514930,-0.173624,0.153450,2.734976,-0.101778,1.610229,#TechLinearMove
0.515228,-0.178567,0.152805,2.732768,-0.095728,1.607552,#TechLinearMove
0.515511,-0.183513,0.152179,2.727354,-0.088102,1.604542,#TechLinearMove
0.515799,-0.188457,0.151541,2.719949,-0.078266,1.600669,#TechLinearMove
0.516101,-0.193398,0.150882,2.710021,-0.065543,1.595516,#TechLinearMove
0.516439,-0.198336,0.150220,2.696984,-0.050053,1.589076,#TechLinearMove
0.516825,-0.203272,0.149569,2.682791,-0.033943,1.581913,#TechLinearMove
0.517208,-0.208208,0.148921,2.668010,-0.017201,1.573975,#TechLinearMove
0.517582,-0.213148,0.148296,2.653880,-0.002770,1.567192,#TechLinearMove
0.517939,-0.218093,0.147698,2.639950,0.010896,1.560637,#TechLinearMove
0.518365,-0.223025,0.147042,2.617327,0.036844,1.547164,#TechLinearMove
0.518884,-0.227941,0.146335,2.600065,0.061956,1.532812,#TechLinearMove
0.519378,-0.236016,0.145705,2.602957,0.059762,1.534517,#TechLinearMove
0.519292,-0.240789,0.146463,2.596795,0.074801,1.521909,#TechLinearMove
0.518883,-0.245472,0.147633,2.579068,0.093510,1.505496,#TechLinearMove
0.518500,-0.250180,0.148720,2.568829,0.104841,1.495414,#TechLinearMove
0.518051,-0.254846,0.149953,2.561910,0.116072,1.485660,#TechLinearMove
0.517563,-0.259483,0.151278,2.552007,0.129117,1.474421,#TechLinearMove
0.517285,-0.264132,0.152621,2.540711,0.145967,1.459805,#TechLinearMove
0.517022,-0.268798,0.153908,2.531284,0.160082,1.447387,#TechLinearMove
0.516673,-0.273503,0.155017,2.525611,0.174982,1.434934,#TechLinearMove
0.516408,-0.278220,0.156100,2.524843,0.186090,1.426116,#TechLinearMove
0.516320,-0.282981,0.156982,2.523544,0.201258,1.413563,#TechLinearMove
0.516556,-0.287771,0.157680,2.518749,0.221245,1.396333,#TechLinearMove
0.516515,-0.282331,0.156485,2.517357,0.218421,1.406805,#TechLinearMove
0.516319,-0.277251,0.155964,2.533674,0.190076,1.431971,#TechLinearMove
0.516418,-0.272234,0.154988,2.532097,0.175469,1.442352,#TechLinearMove
0.516725,-0.267266,0.153829,2.535027,0.158078,1.455681,#TechLinearMove
0.517216,-0.262377,0.152425,2.546854,0.138593,1.471784,#TechLinearMove
0.517806,-0.257562,0.150812,2.559629,0.121880,1.485760,#TechLinearMove
0.518411,-0.252772,0.149130,2.569299,0.107234,1.497373,#TechLinearMove
0.519007,-0.247961,0.147505,2.583325,0.087646,1.512589,#TechLinearMove
0.519325,-0.243149,0.145837,2.615365,0.059228,1.535725,#TechLinearMove
0.519254,-0.233023,0.145893,2.614232,0.045099,1.544053,#TechLinearMove
0.518717,-0.227957,0.146519,2.626576,0.025448,1.554639,#TechLinearMove
0.518257,-0.222890,0.147201,2.638152,0.004628,1.565412,#TechLinearMove
0.517914,-0.217797,0.147741,2.648486,-0.009714,1.572509,#TechLinearMove
0.517543,-0.212714,0.148348,2.658135,-0.021923,1.578213,#TechLinearMove
0.517155,-0.207636,0.148996,2.672408,-0.037602,1.585401,#TechLinearMove
0.516753,-0.202562,0.149659,2.683707,-0.051021,1.591136,#TechLinearMove
0.516350,-0.197487,0.150316,2.696934,-0.066427,1.597657,#TechLinearMove
0.516024,-0.192410,0.150995,2.706539,-0.077084,1.601814,#TechLinearMove
0.515709,-0.187331,0.151669,2.716985,-0.088974,1.606332,#TechLinearMove
0.515414,-0.182248,0.152318,2.728077,-0.098098,1.609327,#TechLinearMove
0.515126,-0.177163,0.152961,2.736218,-0.105361,1.611620,#TechLinearMove
0.514804,-0.172086,0.153645,2.740828,-0.112566,1.614279,#TechLinearMove
0.514475,-0.167016,0.154372,2.743621,-0.120823,1.617605,#TechLinearMove
0.514130,-0.161947,0.155106,2.747793,-0.132856,1.622504,#TechLinearMove
0.513820,-0.156871,0.155799,2.751837,-0.146331,1.627958,#TechLinearMove
0.513305,-0.148940,0.156905,2.737130,-0.151910,1.634170,#TechLinearMove
0.512973,-0.143844,0.157661,2.735309,-0.139572,1.629455,#TechLinearMove
0.512716,-0.138720,0.158234,2.734150,-0.133594,1.627240,#TechLinearMove
0.512389,-0.133601,0.158830,2.734112,-0.131104,1.626286,#TechLinearMove
0.512004,-0.128483,0.159389,2.731482,-0.125971,1.624627,#TechLinearMove
0.511636,-0.123359,0.159903,2.730833,-0.118291,1.621568,#TechLinearMove
0.511299,-0.118226,0.160358,2.732292,-0.112314,1.618923,#TechLinearMove
0.510985,-0.113089,0.160768,2.731335,-0.108082,1.617370,#TechLinearMove
0.510679,-0.107951,0.161173,2.729179,-0.102865,1.615546,#TechLinearMove
0.510359,-0.102815,0.161596,2.727038,-0.095261,1.612691,#TechLinearMove
0.510095,-0.097677,0.162036,2.723999,-0.084542,1.608658,#TechLinearMove
0.509953,-0.092528,0.162380,2.720039,-0.074675,1.605080,#TechLinearMove
0.509438,-0.084660,0.163002,2.720309,-0.079426,1.606535,#TechLinearMove
0.509027,-0.079657,0.163417,2.710078,-0.058922,1.597666,#TechLinearMove
0.508745,-0.074638,0.163752,2.702732,-0.048432,1.593193,#TechLinearMove
0.508367,-0.069623,0.164038,2.696504,-0.038535,1.588882,#TechLinearMove
0.507902,-0.064610,0.164227,2.690878,-0.029437,1.584711,#TechLinearMove
0.507535,-0.059588,0.164331,2.685716,-0.023142,1.581790,#TechLinearMove
0.507283,-0.054556,0.164327,2.681678,-0.019689,1.580187,#TechLinearMove
0.507076,-0.049524,0.164222,2.676917,-0.017372,1.579140,#TechLinearMove
0.506892,-0.044491,0.164071,2.671626,-0.012249,1.576653,#TechLinearMove
0.506601,-0.039467,0.163881,2.664608,-0.002651,1.571903,#TechLinearMove
0.506706,-0.034436,0.163647,2.657936,0.004293,1.568423,#TechLinearMove
0.506749,-0.024130,0.163554,2.649420,0.015498,1.562286,#TechLinearMove
0.506670,-0.019284,0.163714,2.647992,0.022485,1.558525,#TechLinearMove
0.506582,-0.014439,0.163608,2.647703,0.030490,1.554248,#TechLinearMove
0.506447,-0.009595,0.163427,2.645319,0.034741,1.551881,#TechLinearMove
0.506354,-0.004750,0.163225,2.642056,0.038942,1.549493,#TechLinearMove
0.506282,0.000092,0.162973,2.638693,0.042674,1.547327,#TechLinearMove
0.506245,0.004931,0.162646,2.636051,0.044227,1.546399,#TechLinearMove
0.506257,0.009762,0.162220,2.633323,0.044237,1.546348,#TechLinearMove
0.506333,0.014576,0.161651,2.630156,0.045631,1.545472,#TechLinearMove
0.506462,0.019376,0.160965,2.626816,0.048189,1.543911,#TechLinearMove
0.506604,0.024170,0.160252,2.623215,0.050467,1.542485,#TechLinearMove
0.506770,0.028971,0.159590,2.620178,0.054141,1.540255,#TechLinearMove
0.506998,0.033788,0.159078,2.619875,0.059891,1.537055,#TechLinearMove
0.507184,0.038617,0.158674,2.620336,0.069959,1.531500,#TechLinearMove
0.507321,0.043455,0.158369,2.620522,0.078508,1.526684,#TechLinearMove
0.507570,0.048266,0.157816,2.620003,0.090474,1.519953,#TechLinearMove
0.507681,0.053105,0.157567,2.622317,0.105813,1.511557,#TechLinearMove
0.507404,0.061038,0.158181,2.627087,0.106410,1.511413,#TechLinearMove
0.507440,0.065933,0.158074,2.621880,0.111310,1.508815,#TechLinearMove
0.507636,0.070809,0.157644,2.618423,0.117091,1.505801,#TechLinearMove
0.507779,0.075680,0.157173,2.615879,0.123362,1.502328,#TechLinearMove
0.507911,0.080509,0.156363,2.612874,0.131719,1.497536,#TechLinearMove
0.508156,0.085291,0.155323,2.608869,0.139994,1.492506,#TechLinearMove
0.508541,0.090045,0.154204,2.602177,0.149484,1.486163,#TechLinearMove
0.508926,0.094803,0.153099,2.599028,0.159179,1.480356,#TechLinearMove
0.509298,0.099567,0.152015,2.593847,0.170569,1.473120,#TechLinearMove
0.509653,0.104338,0.150957,2.588591,0.179938,1.466978,#TechLinearMove
0.509947,0.109098,0.149844,2.581492,0.192809,1.458561,#TechLinearMove
0.510510,0.113921,0.149201,2.574233,0.204131,1.451090,#TechLinearMove
0.510632,0.115925,0.148965,2.579286,0.204222,1.448053,#TechLinearMove
0.511205,0.121296,0.148002,2.572999,0.198945,1.448598,#TechLinearMove
0.511598,0.126622,0.146802,2.567120,0.193862,1.449517,#TechLinearMove
0.511778,0.131915,0.145370,2.559311,0.195543,1.445690,#TechLinearMove
0.511977,0.137215,0.143964,2.552877,0.204403,1.437644,#TechLinearMove
0.512507,0.142528,0.142827,2.547227,0.217036,1.426984,#TechLinearMove
0.511978,0.142785,0.143636,2.547227,0.217036,1.426984,#TechMoveTo
0.562201,0.147655,0.174562,2.515636,0.231806,1.425632,#TechMoveTo
0.562753,0.147386,0.173773,2.515636,0.231806,1.425632,#TechMoveTo
0.563173,0.144436,0.174830,2.511771,0.219686,1.423029,#TechLinearMove
0.562424,0.139239,0.176152,2.520413,0.195617,1.438936,#TechLinearMove
0.561700,0.134041,0.177477,2.526200,0.178371,1.450286,#TechLinearMove
0.561025,0.128819,0.178734,2.530377,0.167820,1.456470,#TechLinearMove
0.560424,0.123571,0.179921,2.534715,0.160894,1.459131,#TechLinearMove
0.559931,0.118333,0.180718,2.531169,0.165714,1.455501,#TechLinearMove
0.559443,0.113529,0.181608,2.532613,0.159093,1.460357,#TechLinearMove
0.559021,0.108684,0.182295,2.533389,0.153979,1.464035,#TechLinearMove
0.558560,0.103832,0.182907,2.535498,0.147164,1.469159,#TechLinearMove
0.558043,0.098988,0.183528,2.537365,0.135541,1.477451,#TechLinearMove
0.557523,0.094144,0.184153,2.539730,0.121017,1.487780,#TechLinearMove
0.556969,0.089313,0.184842,2.543114,0.104598,1.499472,#TechLinearMove
0.556362,0.084508,0.185654,2.547323,0.089105,1.510529,#TechLinearMove
0.555751,0.079723,0.186580,2.552259,0.077820,1.518764,#TechLinearMove
0.555204,0.074942,0.187560,2.557761,0.069584,1.524995,#TechLinearMove
0.554640,0.070171,0.188581,2.564860,0.059451,1.532535,#TechLinearMove
0.554923,0.060068,0.188383,2.561802,0.055745,1.534610,#TechLinearMove
0.555464,0.055102,0.188027,2.573669,0.043535,1.542273,#TechLinearMove
0.555819,0.050102,0.188268,2.588463,0.025173,1.553383,#TechLinearMove
0.556049,0.045088,0.188408,2.598296,0.012220,1.561011,#TechLinearMove
0.556300,0.040074,0.188503,2.607902,0.001297,1.567185,#TechLinearMove
0.556535,0.035059,0.188618,2.618086,-0.006967,1.571816,#TechLinearMove
0.556647,0.030042,0.188788,2.626238,-0.016097,1.576915,#TechLinearMove
0.556832,0.025030,0.189025,2.636579,-0.020893,1.579294,#TechLinearMove
0.557026,0.020016,0.189216,2.646694,-0.025708,1.581689,#TechLinearMove
0.557055,0.014996,0.189177,2.654667,-0.028486,1.582920,#TechLinearMove
0.557164,0.009979,0.188986,2.661419,-0.029032,1.582854,#TechLinearMove
0.557362,0.004975,0.188630,2.668049,-0.030337,1.583229,#TechLinearMove
0.557593,-0.000025,0.188230,2.675362,-0.032746,1.584046,#TechLinearMove
0.557979,-0.005021,0.187905,2.681657,-0.034133,1.584443,#TechLinearMove
0.558341,-0.010001,0.187372,2.692200,-0.041288,1.587517,#TechLinearMove
0.558705,-0.014986,0.186901,2.702323,-0.051366,1.591900,#TechLinearMove
0.558929,-0.022624,0.186670,2.701950,-0.044635,1.590257,#TechLinearMove
0.559198,-0.027520,0.186958,2.706025,-0.051670,1.593727,#TechLinearMove
0.559334,-0.032425,0.187175,2.709504,-0.053347,1.594700,#TechLinearMove
0.559512,-0.037333,0.187299,2.711885,-0.055897,1.595965,#TechLinearMove
0.559705,-0.042241,0.187398,2.714521,-0.057244,1.596653,#TechLinearMove
0.559884,-0.047150,0.187460,2.715939,-0.059322,1.597725,#TechLinearMove
0.559917,-0.052062,0.187398,2.719986,-0.065759,1.600550,#TechLinearMove
0.559990,-0.056972,0.187265,2.722748,-0.070084,1.602466,#TechLinearMove
0.560098,-0.061880,0.187075,2.725219,-0.076309,1.605258,#TechLinearMove
0.560388,-0.066780,0.186896,2.726221,-0.083261,1.608483,#TechLinearMove
0.560622,-0.071683,0.186705,2.729521,-0.092386,1.612617,#TechLinearMove
0.560852,-0.076588,0.186536,2.734230,-0.104223,1.617776,#TechLinearMove
0.561261,-0.084522,0.185859,2.732985,-0.107065,1.618071,#TechLinearMove
0.562027,-0.089213,0.185237,2.726850,-0.107955,1.619403,#TechLinearMove
0.562663,-0.093914,0.184551,2.722572,-0.113082,1.622346,#TechLinearMove
0.563252,-0.098630,0.183927,2.720177,-0.118677,1.625207,#TechLinearMove
0.563878,-0.103333,0.183243,2.715394,-0.123160,1.627978,#TechLinearMove
0.564517,-0.108030,0.182529,2.711656,-0.126843,1.630248,#TechLinearMove
0.564938,-0.112746,0.181780,2.707772,-0.132008,1.633231,#TechLinearMove
0.565324,-0.117475,0.181102,2.703488,-0.137703,1.636587,#TechLinearMove
0.565917,-0.122204,0.180600,2.697393,-0.144859,1.640983,#TechLinearMove
0.566550,-0.126933,0.180138,2.692386,-0.150669,1.644610,#TechLinearMove
0.567132,-0.131665,0.179640,2.684494,-0.154382,1.647859,#TechLinearMove
0.567768,-0.136403,0.179286,2.676945,-0.159981,1.651990,#TechLinearMove
0.569316,-0.146043,0.178063,2.675078,-0.151831,1.647596,#TechLinearMove
0.569945,-0.150911,0.177243,2.680019,-0.134459,1.638868,#TechLinearMove
0.570511,-0.155783,0.176396,2.681519,-0.112820,1.628620,#TechLinearMove
0.571152,-0.160670,0.175715,2.682609,-0.094919,1.619947,#TechLinearMove
0.571547,-0.165561,0.174903,2.683913,-0.080014,1.612773,#TechLinearMove
0.571906,-0.170463,0.174132,2.685109,-0.066573,1.606370,#TechLinearMove
0.572250,-0.175391,0.173534,2.687638,-0.053161,1.599921,#TechLinearMove
0.572498,-0.180343,0.173113,2.690496,-0.039570,1.593446,#TechLinearMove
0.572616,-0.185312,0.172900,2.693812,-0.026616,1.587354,#TechLinearMove
0.572489,-0.190277,0.173033,2.699294,-0.014632,1.581693,#TechLinearMove
0.572139,-0.195211,0.173556,2.706762,-0.003987,1.576664,#TechLinearMove
0.571710,-0.200112,0.174311,2.713919,0.006639,1.571757,#TechLinearMove
0.571236,-0.204998,0.175131,2.719107,0.018949,1.566338,#TechLinearMove
0.570800,-0.209878,0.176000,2.724884,0.031905,1.560777,#TechLinearMove
0.570418,-0.214744,0.176960,2.728865,0.048958,1.553329,#TechLinearMove
0.569662,-0.219496,0.178222,2.736465,0.067568,1.545494,#TechLinearMove
0.568807,-0.224186,0.179651,2.739353,0.090698,1.535730,#TechLinearMove
0.568966,-0.231695,0.179653,2.729752,0.109202,1.525135,#TechLinearMove
0.569612,-0.236334,0.178451,2.733984,0.125232,1.507360,#TechLinearMove
0.570199,-0.241039,0.177515,2.737664,0.138081,1.492528,#TechLinearMove
0.570742,-0.245785,0.176766,2.743929,0.146632,1.483955,#TechLinearMove
0.571176,-0.250555,0.176124,2.752781,0.150546,1.477950,#TechLinearMove
0.571725,-0.255346,0.175807,2.765163,0.148637,1.474617,#TechLinearMove
0.571898,-0.260175,0.175786,2.777796,0.140799,1.473753,#TechLinearMove
0.571939,-0.264974,0.176364,2.792005,0.137145,1.471838,#TechLinearMove
0.571735,-0.269676,0.177479,2.799408,0.143430,1.464884,#TechLinearMove
0.571160,-0.274192,0.179108,2.815930,0.145315,1.462335,#TechLinearMove
0.570301,-0.278556,0.180999,2.823776,0.152274,1.455906,#TechLinearMove
0.569595,-0.282933,0.182899,2.831709,0.162218,1.444271,#TechLinearMove
0.568622,-0.287091,0.185143,2.830916,0.187003,1.425997,#TechLinearMove
0.570599,-0.281883,0.181791,2.827795,0.199914,1.463484,#TechLinearMove
0.571270,-0.277424,0.179943,2.813204,0.187069,1.472647,#TechLinearMove
0.571840,-0.272876,0.178231,2.798401,0.178802,1.477314,#TechLinearMove
0.572222,-0.268203,0.176848,2.781364,0.178908,1.477347,#TechLinearMove
0.572251,-0.263416,0.175860,2.759941,0.182650,1.475189,#TechLinearMove
0.571985,-0.258562,0.175339,2.739920,0.185702,1.473956,#TechLinearMove
0.571610,-0.253687,0.175360,2.728973,0.187427,1.475349,#TechLinearMove
0.571247,-0.248837,0.175899,2.728012,0.183823,1.481011,#TechLinearMove
0.570535,-0.244071,0.176778,2.725316,0.176334,1.488801,#TechLinearMove
0.569935,-0.239359,0.177963,2.727980,0.157792,1.506459,#TechLinearMove
0.568932,-0.229114,0.179710,2.733001,0.118589,1.520904,#TechLinearMove
0.569464,-0.224213,0.178790,2.731544,0.085222,1.535690,#TechLinearMove
0.570168,-0.219396,0.177559,2.727980,0.058811,1.547347,#TechLinearMove
0.570605,-0.214457,0.176793,2.723032,0.038334,1.556416,#TechLinearMove
0.571023,-0.209508,0.176054,2.719171,0.022357,1.563680,#TechLinearMove
0.571476,-0.204570,0.175255,2.712771,0.011885,1.568373,#TechLinearMove
0.571926,-0.199633,0.174457,2.706990,-0.000066,1.573848,#TechLinearMove
0.572335,-0.194682,0.173724,2.702036,-0.012477,1.579690,#TechLinearMove
0.572612,-0.189697,0.173220,2.697120,-0.023801,1.585129,#TechLinearMove
0.572682,-0.184682,0.173095,2.692480,-0.035215,1.590714,#TechLinearMove
0.572571,-0.179668,0.173298,2.687248,-0.046329,1.596318,#TechLinearMove
0.572321,-0.174673,0.173735,2.683056,-0.058309,1.602309,#TechLinearMove
0.571967,-0.169704,0.174368,2.682662,-0.073095,1.609362,#TechLinearMove
0.571566,-0.164748,0.175079,2.682634,-0.092558,1.618758,#TechLinearMove
0.571161,-0.159795,0.175796,2.681924,-0.123074,1.633589,#TechLinearMove
0.570660,-0.154884,0.176718,2.676535,-0.144155,1.644298,#TechLinearMove
0.569919,-0.147701,0.178002,2.685583,-0.152706,1.645931,#TechLinearMove
0.569455,-0.142677,0.178822,2.687709,-0.152010,1.645462,#TechLinearMove
0.568604,-0.137659,0.179272,2.691900,-0.152715,1.645191,#TechLinearMove
0.567882,-0.132632,0.179853,2.694936,-0.152274,1.644551,#TechLinearMove
0.567177,-0.127598,0.180393,2.697118,-0.148607,1.642583,#TechLinearMove
0.566492,-0.122556,0.180884,2.700326,-0.143591,1.639812,#TechLinearMove
0.565801,-0.117516,0.181388,2.704668,-0.137273,1.636206,#TechLinearMove
0.565082,-0.112484,0.181931,2.708713,-0.131275,1.632852,#TechLinearMove
0.564468,-0.107461,0.182633,2.712117,-0.126611,1.630283,#TechLinearMove
0.563989,-0.102444,0.183485,2.715318,-0.120355,1.627050,#TechLinearMove
0.563509,-0.097424,0.184326,2.719110,-0.114130,1.623812,#TechLinearMove
0.562985,-0.092422,0.185242,2.722400,-0.109132,1.621257,#TechLinearMove
0.562348,-0.084516,0.186414,2.724124,-0.103810,1.617689,#TechLinearMove
0.561883,-0.079371,0.186674,2.726286,-0.097653,1.614170,#TechLinearMove
0.561427,-0.074216,0.186858,2.727989,-0.091258,1.610813,#TechLinearMove
0.561027,-0.069056,0.187085,2.728879,-0.084056,1.607308,#TechLinearMove
0.560656,-0.063893,0.187260,2.728130,-0.075549,1.603339,#TechLinearMove
0.560310,-0.058726,0.187386,2.727089,-0.067887,1.599764,#TechLinearMove
0.560017,-0.053555,0.187429,2.725166,-0.063095,1.597528,#TechLinearMove
0.559878,-0.048379,0.187453,2.722369,-0.059567,1.595904,#TechLinearMove
0.559859,-0.043199,0.187489,2.719330,-0.056522,1.594495,#TechLinearMove
0.559820,-0.038020,0.187557,2.714479,-0.054335,1.593375,#TechLinearMove
0.559898,-0.032844,0.187428,2.712441,-0.058552,1.594877,#TechLinearMove
0.559964,-0.022439,0.187307,2.709575,-0.051262,1.593045,#TechLinearMove
0.559600,-0.017295,0.187465,2.696900,-0.036364,1.586233,#TechLinearMove
0.559060,-0.012170,0.187824,2.686961,-0.026027,1.581410,#TechLinearMove
0.558691,-0.007025,0.188109,2.679858,-0.023311,1.580215,#TechLinearMove
0.558323,-0.001881,0.188407,2.673065,-0.021730,1.579595,#TechLinearMove
0.557928,0.003260,0.188737,2.667011,-0.020061,1.578887,#TechLinearMove
0.557569,0.008406,0.189013,2.658207,-0.017444,1.577829,#TechLinearMove
0.557292,0.013563,0.189140,2.652027,-0.014345,1.576353,#TechLinearMove
0.557086,0.018725,0.189137,2.646089,-0.010768,1.574550,#TechLinearMove
0.557072,0.023890,0.189136,2.638738,-0.010049,1.574262,#TechLinearMove
0.557106,0.029056,0.189079,2.629944,-0.006630,1.572419,#TechLinearMove
0.557007,0.034218,0.188915,2.619457,-0.001079,1.569253,#TechLinearMove
0.556997,0.039384,0.188910,2.610876,0.008901,1.563439,#TechLinearMove
0.556754,0.044543,0.188820,2.601961,0.021053,1.556368,#TechLinearMove
0.556773,0.049700,0.188519,2.588116,0.037864,1.546420,#TechLinearMove
0.556450,0.054849,0.188641,2.568464,0.054855,1.535626,#TechLinearMove
0.556167,0.062259,0.189569,2.561112,0.051267,1.537384,#TechLinearMove
0.555961,0.067348,0.188747,2.557969,0.059466,1.531511,#TechLinearMove
0.556042,0.072437,0.187894,2.555283,0.071025,1.523404,#TechLinearMove
0.556129,0.077542,0.187132,2.553616,0.082822,1.515254,#TechLinearMove
0.556373,0.082612,0.186188,2.552304,0.094503,1.507274,#TechLinearMove
0.556778,0.087669,0.185241,2.549935,0.107596,1.498175,#TechLinearMove
0.557347,0.092738,0.184434,2.546824,0.121497,1.488364,#TechLinearMove
0.557906,0.097812,0.183658,2.544031,0.134710,1.478927,#TechLinearMove
0.558446,0.102895,0.182925,2.540986,0.146521,1.470300,#TechLinearMove
0.558968,0.107996,0.182319,2.538802,0.160120,1.460632,#TechLinearMove
0.559340,0.113106,0.181679,2.532949,0.168456,1.453568,#TechLinearMove
0.559752,0.116309,0.181033,2.531689,0.171530,1.451624,#TechLinearMove
0.560188,0.121063,0.180253,2.525493,0.174367,1.450524,#TechLinearMove
0.560658,0.125793,0.179355,2.524602,0.176997,1.449945,#TechLinearMove
0.561216,0.130492,0.178347,2.525737,0.180165,1.449483,#TechLinearMove
0.561836,0.135150,0.177196,2.528638,0.190230,1.444672,#TechLinearMove
0.562494,0.139794,0.176011,2.524389,0.202314,1.436494,#TechLinearMove
0.563173,0.144436,0.174830,2.517207,0.220870,1.423850,#TechLinearMove
0.562620,0.144697,0.175621,2.517207,0.220870,1.423850,#TechMoveTo
0.512282,0.145878,0.143027,2.539599,0.230476,1.416654,#TechMoveTo
0.512812,0.145605,0.142225,2.539599,0.230476,1.416654,#TechMoveTo
0.510533,0.143556,0.141146,2.545466,0.219582,1.424799,#TechLinearMove
0.507338,0.140017,0.140031,2.553773,0.208008,1.435407,#TechLinearMove
0.503981,0.136648,0.138851,2.555416,0.201593,1.440532,#TechLinearMove
0.500663,0.133153,0.137958,2.561066,0.199434,1.444090,#TechLinearMove
0.497104,0.129913,0.137023,2.560050,0.205081,1.440883,#TechLinearMove
0.493779,0.126363,0.136457,2.560554,0.212966,1.436568,#TechLinearMove
0.490426,0.122831,0.135903,2.560583,0.217415,1.434597,#TechLinearMove
0.489678,0.117730,0.137607,2.568249,0.215323,1.435944,#TechLinearMove
0.489021,0.112925,0.138793,2.571211,0.205855,1.442170,#TechLinearMove
0.488587,0.108116,0.140078,2.569746,0.197439,1.446733,#TechLinearMove
0.488196,0.103312,0.141393,2.571230,0.186075,1.453840,#TechLinearMove
0.487768,0.098486,0.142613,2.574086,0.173919,1.461789,#TechLinearMove
0.487383,0.093631,0.143722,2.576591,0.161247,1.469949,#TechLinearMove
0.487048,0.088753,0.144752,2.578166,0.147965,1.478224,#TechLinearMove
0.486651,0.083858,0.145667,2.580245,0.135848,1.485858,#TechLinearMove
0.486248,0.078931,0.146378,2.584545,0.126263,1.492427,#TechLinearMove
0.485917,0.073968,0.146848,2.581223,0.117802,1.496884,#TechLinearMove
0.485727,0.069004,0.147386,2.580514,0.107027,1.503039,#TechLinearMove
0.485862,0.058978,0.147078,2.579860,0.092782,1.512267,#TechLinearMove
0.485795,0.053964,0.147209,2.580339,0.083855,1.518230,#TechLinearMove
0.485688,0.048956,0.147486,2.581549,0.079343,1.521512,#TechLinearMove
0.485644,0.043941,0.147596,2.579823,0.074695,1.524402,#TechLinearMove
0.485724,0.038929,0.147803,2.580630,0.070318,1.527417,#TechLinearMove
0.485797,0.033920,0.148083,2.580108,0.066072,1.530225,#TechLinearMove
0.485839,0.028915,0.148436,2.581218,0.063879,1.531883,#TechLinearMove
0.485866,0.023914,0.148829,2.580419,0.062105,1.533121,#TechLinearMove
0.485902,0.018914,0.149245,2.579961,0.060592,1.534220,#TechLinearMove
0.485949,0.013911,0.149622,2.578050,0.059914,1.534700,#TechLinearMove
0.486022,0.008905,0.149937,2.575716,0.058590,1.535562,#TechLinearMove
0.486099,0.003895,0.150193,2.574281,0.055840,1.537369,#TechLinearMove
0.486185,-0.001114,0.150473,2.572382,0.051678,1.540083,#TechLinearMove
0.486097,-0.006125,0.150701,2.570973,0.050862,1.540695,#TechLinearMove
0.486003,-0.011134,0.150978,2.567799,0.046647,1.543525,#TechLinearMove
0.485930,-0.016148,0.151122,2.565013,0.044639,1.545014,#TechLinearMove
0.485871,-0.023701,0.151279,2.561205,0.042855,1.544322,#TechLinearMove
0.485642,-0.028645,0.151860,2.563774,0.028810,1.552504,#TechLinearMove
0.485480,-0.033608,0.152294,2.563412,0.019813,1.557519,#TechLinearMove
0.485332,-0.038577,0.152646,2.562030,0.012040,1.562026,#TechLinearMove
0.485210,-0.043550,0.152953,2.562200,0.004500,1.566435,#TechLinearMove
0.485194,-0.048524,0.153263,2.561559,-0.002753,1.570653,#TechLinearMove
0.485317,-0.053498,0.153546,2.558134,-0.010216,1.574994,#TechLinearMove
0.485499,-0.058476,0.153698,2.555773,-0.017853,1.579484,#TechLinearMove
0.485719,-0.063455,0.153734,2.554177,-0.026373,1.584643,#TechLinearMove
0.485979,-0.068432,0.153701,2.552166,-0.035389,1.590181,#TechLinearMove
0.486296,-0.073405,0.153722,2.551474,-0.044408,1.595439,#TechLinearMove
0.486640,-0.078369,0.153634,2.549310,-0.060657,1.605247,#TechLinearMove
0.487209,-0.086410,0.153233,2.551821,-0.063980,1.610406,#TechLinearMove
0.487295,-0.091175,0.153026,2.547682,-0.073884,1.617528,#TechLinearMove
0.487526,-0.095929,0.152670,2.544420,-0.079402,1.621627,#TechLinearMove
0.487787,-0.100681,0.152304,2.541176,-0.083452,1.624739,#TechLinearMove
0.488074,-0.105429,0.151899,2.539216,-0.089454,1.629010,#TechLinearMove
0.488363,-0.110174,0.151464,2.542412,-0.094239,1.631866,#TechLinearMove
0.488687,-0.114910,0.150968,2.545666,-0.099622,1.635046,#TechLinearMove
0.489021,-0.119644,0.150452,2.549175,-0.104547,1.637772,#TechLinearMove
0.489427,-0.124375,0.149972,2.552777,-0.110539,1.641168,#TechLinearMove
0.489761,-0.129117,0.149533,2.555465,-0.116457,1.644663,#TechLinearMove
0.490119,-0.133854,0.149071,2.557737,-0.124313,1.649475,#TechLinearMove
0.490398,-0.138604,0.148712,2.560030,-0.135259,1.656205,#TechLinearMove
0.490811,-0.149296,0.147767,2.567617,-0.125354,1.649946,#TechLinearMove
0.491148,-0.154205,0.146963,2.558818,-0.118068,1.645397,#TechLinearMove
0.491466,-0.159121,0.146199,2.551687,-0.114189,1.642680,#TechLinearMove
0.491719,-0.164063,0.145591,2.545841,-0.112024,1.641544,#TechLinearMove
0.491984,-0.169003,0.144967,2.537101,-0.108813,1.640286,#TechLinearMove
0.492261,-0.173936,0.144301,2.529700,-0.106465,1.639301,#TechLinearMove
0.492630,-0.178865,0.143648,2.522892,-0.104516,1.638438,#TechLinearMove
0.493019,-0.183791,0.142979,2.516087,-0.102948,1.637793,#TechLinearMove
0.493453,-0.188711,0.142303,2.510313,-0.099852,1.635899,#TechLinearMove
0.493930,-0.193629,0.141634,2.504181,-0.096121,1.633590,#TechLinearMove
0.494415,-0.198540,0.140929,2.498108,-0.091562,1.630681,#TechLinearMove
0.494915,-0.203439,0.140145,2.491825,-0.084733,1.626080,#TechLinearMove
0.495453,-0.208320,0.139282,2.485338,-0.075159,1.619333,#TechLinearMove
0.496018,-0.213185,0.138352,2.480395,-0.063443,1.610542,#TechLinearMove
0.496618,-0.218042,0.137397,2.472043,-0.051874,1.601755,#TechLinearMove
0.497267,-0.222872,0.136350,2.463257,-0.038186,1.591039,#TechLinearMove
0.497816,-0.227713,0.135293,2.452898,-0.023335,1.579252,#TechLinearMove
0.498116,-0.235574,0.133420,2.444325,0.003399,1.562159,#TechLinearMove
0.497974,-0.240691,0.132670,2.440080,0.016089,1.555834,#TechLinearMove
0.497393,-0.245824,0.132337,2.438124,0.029015,1.548104,#TechLinearMove
0.496649,-0.250940,0.132296,2.436433,0.038758,1.542001,#TechLinearMove
0.495670,-0.256008,0.132637,2.436725,0.052374,1.532946,#TechLinearMove
0.494562,-0.260993,0.133445,2.438587,0.067457,1.522922,#TechLinearMove
0.493378,-0.265916,0.134518,2.437433,0.084231,1.510825,#TechLinearMove
0.492192,-0.270844,0.135567,2.427735,0.105133,1.493458,#TechLinearMove
0.491164,-0.275826,0.136511,2.413421,0.127260,1.473764,#TechLinearMove
0.490296,-0.280875,0.137238,2.396066,0.146966,1.455020,#TechLinearMove
0.489479,-0.285932,0.137968,2.376215,0.171917,1.431807,#TechLinearMove
0.489017,-0.291062,0.138161,2.342039,0.192101,1.408238,#TechLinearMove
0.489343,-0.285693,0.138918,2.350814,0.217053,1.372259,#TechLinearMove
0.490352,-0.280894,0.138394,2.381788,0.183319,1.408630,#TechLinearMove
0.491207,-0.276082,0.137700,2.400856,0.153189,1.438391,#TechLinearMove
0.492465,-0.271418,0.136708,2.413663,0.127416,1.461985,#TechLinearMove
0.493892,-0.266872,0.135417,2.424384,0.095789,1.489323,#TechLinearMove
0.495200,-0.262288,0.134140,2.427945,0.068132,1.511621,#TechLinearMove
0.496304,-0.257584,0.133129,2.424546,0.051979,1.522992,#TechLinearMove
0.497260,-0.252787,0.132494,2.420636,0.042255,1.529216,#TechLinearMove
0.498053,-0.247918,0.132305,2.417656,0.029545,1.538020,#TechLinearMove
0.498465,-0.243011,0.132396,2.412310,0.023230,1.540036,#TechLinearMove
0.498228,-0.232929,0.134250,2.428690,0.015096,1.551969,#TechLinearMove
0.497819,-0.228220,0.135312,2.447301,-0.005358,1.568211,#TechLinearMove
0.497261,-0.223515,0.136316,2.463027,-0.023402,1.581831,#TechLinearMove
0.496690,-0.218798,0.137256,2.472870,-0.038773,1.593540,#TechLinearMove
0.496119,-0.214078,0.138185,2.483003,-0.053031,1.604008,#TechLinearMove
0.495548,-0.209357,0.139107,2.490416,-0.067200,1.614335,#TechLinearMove
0.494996,-0.204626,0.139986,2.495533,-0.078681,1.622618,#TechLinearMove
0.494488,-0.199875,0.140783,2.500600,-0.087253,1.628542,#TechLinearMove
0.494007,-0.195106,0.141479,2.505327,-0.094169,1.633200,#TechLinearMove
0.493531,-0.190328,0.142118,2.509445,-0.099271,1.636577,#TechLinearMove
0.493102,-0.185547,0.142766,2.513656,-0.103641,1.639404,#TechLinearMove
0.492722,-0.180760,0.143402,2.516971,-0.106854,1.641557,#TechLinearMove
0.492368,-0.175970,0.144025,2.519829,-0.109016,1.643022,#TechLinearMove
0.492098,-0.171178,0.144684,2.525325,-0.112108,1.644670,#TechLinearMove
0.491835,-0.166382,0.145307,2.530582,-0.114372,1.645818,#TechLinearMove
0.491580,-0.161583,0.145917,2.541684,-0.118799,1.647735,#TechLinearMove
0.491240,-0.156826,0.146764,2.549300,-0.126071,1.652175,#TechLinearMove
0.490753,-0.149387,0.147903,2.554297,-0.118169,1.647694,#TechLinearMove
0.490622,-0.144377,0.148244,2.553529,-0.116449,1.646005,#TechLinearMove
0.490380,-0.139377,0.148653,2.556086,-0.111502,1.641890,#TechLinearMove
0.490072,-0.134382,0.149087,2.552732,-0.108949,1.640369,#TechLinearMove
0.489764,-0.129387,0.149517,2.550801,-0.104943,1.637680,#TechLinearMove
0.489446,-0.124397,0.149990,2.550747,-0.100756,1.634571,#TechLinearMove
0.489097,-0.119415,0.150527,2.549597,-0.096810,1.631786,#TechLinearMove
0.488726,-0.114437,0.151094,2.548981,-0.092865,1.628928,#TechLinearMove
0.488381,-0.109454,0.151619,2.549021,-0.089423,1.626293,#TechLinearMove
0.488069,-0.104461,0.152068,2.548991,-0.085808,1.623527,#TechLinearMove
0.487791,-0.099465,0.152513,2.550527,-0.081142,1.619710,#TechLinearMove
0.487570,-0.094461,0.152884,2.554182,-0.074347,1.614035,#TechLinearMove
0.487209,-0.086410,0.153233,2.564384,-0.075826,1.616960,#TechLinearMove
0.486948,-0.081208,0.153518,2.567170,-0.060778,1.607885,#TechLinearMove
0.486678,-0.076002,0.153665,2.564872,-0.045756,1.598977,#TechLinearMove
0.486288,-0.070801,0.153713,2.563068,-0.035330,1.592775,#TechLinearMove
0.485966,-0.065595,0.153760,2.562364,-0.025463,1.586873,#TechLinearMove
0.485728,-0.060385,0.153775,2.561856,-0.015761,1.581044,#TechLinearMove
0.485527,-0.055174,0.153665,2.560970,-0.004863,1.574510,#TechLinearMove
0.485382,-0.049966,0.153413,2.560380,0.004345,1.569036,#TechLinearMove
0.485283,-0.044764,0.153047,2.560653,0.012071,1.564469,#TechLinearMove
0.485278,-0.039558,0.152764,2.563865,0.022436,1.558413,#TechLinearMove
0.485411,-0.034357,0.152418,2.565689,0.035904,1.550618,#TechLinearMove
0.485839,-0.024133,0.151399,2.564281,0.037794,1.547775,#TechLinearMove
0.485865,-0.019271,0.151340,2.566744,0.042350,1.544779,#TechLinearMove
0.485947,-0.014414,0.151136,2.568462,0.045016,1.542949,#TechLinearMove
0.486052,-0.009560,0.150871,2.570105,0.047492,1.541336,#TechLinearMove
0.486140,-0.004705,0.150627,2.571250,0.049045,1.540308,#TechLinearMove
0.486119,0.000149,0.150358,2.573253,0.051671,1.538670,#TechLinearMove
0.486053,0.005004,0.150106,2.575581,0.054866,1.536690,#TechLinearMove
0.485977,0.009859,0.149862,2.578084,0.057213,1.535270,#TechLinearMove
0.485913,0.014712,0.149564,2.579587,0.058115,1.534697,#TechLinearMove
0.485876,0.019559,0.149191,2.580547,0.058110,1.534644,#TechLinearMove
0.485853,0.024405,0.148790,2.581684,0.058687,1.534238,#TechLinearMove
0.485828,0.029252,0.148407,2.581668,0.060822,1.532784,#TechLinearMove
0.485782,0.034102,0.148067,2.582094,0.064300,1.530521,#TechLinearMove
0.485716,0.038956,0.147803,2.582442,0.069393,1.527257,#TechLinearMove
0.485645,0.043813,0.147591,2.580950,0.073091,1.524652,#TechLinearMove
0.485743,0.048667,0.147334,2.579816,0.076357,1.522254,#TechLinearMove
0.485873,0.053517,0.147013,2.577998,0.083461,1.517379,#TechLinearMove
0.485475,0.061308,0.146967,2.580180,0.091253,1.513125,#TechLinearMove
0.485173,0.066064,0.146638,2.584129,0.097247,1.510486,#TechLinearMove
0.485094,0.070825,0.146247,2.582286,0.107806,1.504201,#TechLinearMove
0.485029,0.075583,0.145840,2.580132,0.115778,1.499254,#TechLinearMove
0.485067,0.080316,0.145191,2.578974,0.126084,1.492983,#TechLinearMove
0.485203,0.085022,0.144378,2.578439,0.137908,1.485827,#TechLinearMove
0.485638,0.089713,0.143579,2.577426,0.148581,1.479269,#TechLinearMove
0.485937,0.094380,0.142600,2.576289,0.163220,1.470419,#TechLinearMove
0.486268,0.099025,0.141532,2.571968,0.176555,1.461652,#TechLinearMove
0.486702,0.103644,0.140389,2.568774,0.188222,1.453957,#TechLinearMove
0.487159,0.108249,0.139198,2.566170,0.204442,1.443687,#TechLinearMove
0.487562,0.112868,0.138043,2.564086,0.217045,1.435941,#TechLinearMove
0.490291,0.117051,0.138279,2.569399,0.220597,1.433097,#TechLinearMove
0.493583,0.121137,0.138656,2.564403,0.211574,1.436918,#TechLinearMove
0.497023,0.125099,0.139154,2.563438,0.207039,1.439229,#TechLinearMove
0.500174,0.129316,0.139417,2.558693,0.202491,1.440463,#TechLinearMove
0.503548,0.133318,0.140037,2.556231,0.203276,1.439044,#TechLinearMove
0.506701,0.137505,0.140602,2.552312,0.205293,1.436436,#TechLinearMove
0.509866,0.141646,0.141255,2.547931,0.214935,1.428486,#TechLinearMove
0.509337,0.141901,0.142065,2.547931,0.214935,1.428486,#TechMoveTo
0.562201,0.147655,0.174562,2.515636,0.231806,1.425632,#TechMoveTo
0.562753,0.147386,0.173773,2.515636,0.231806,1.425632,#TechMoveTo
0.563861,0.144448,0.175287,2.515924,0.217265,1.425932,#TechLinearMove
0.565430,0.139985,0.178021,2.517326,0.199378,1.436431,#TechLinearMove
0.566879,0.135509,0.180815,2.519737,0.187021,1.444104,#TechLinearMove
0.568358,0.131126,0.183747,2.520708,0.179697,1.447862,#TechLinearMove
0.569792,0.126704,0.186644,2.521822,0.176559,1.448774,#TechLinearMove
0.571370,0.122345,0.189559,2.519227,0.173322,1.448044,#TechLinearMove
0.571867,0.117666,0.191116,2.523541,0.171949,1.449927,#TechLinearMove
0.572166,0.112993,0.192418,2.525556,0.160161,1.458266,#TechLinearMove
0.572463,0.108266,0.193527,2.528227,0.153514,1.463304,#TechLinearMove
0.572749,0.103515,0.194536,2.531904,0.143765,1.470602,#TechLinearMove
0.573083,0.098771,0.195561,2.535274,0.130648,1.480143,#TechLinearMove
0.573375,0.094014,0.196531,2.539090,0.117992,1.489398,#TechLinearMove
0.573652,0.089245,0.197443,2.543136,0.104471,1.499242,#TechLinearMove
0.574016,0.084496,0.198437,2.545641,0.088382,1.510570,#TechLinearMove
0.574287,0.079746,0.199455,2.547637,0.077647,1.518036,#TechLinearMove
0.574567,0.074992,0.200450,2.549641,0.067143,1.525252,#TechLinearMove
0.574912,0.070235,0.201406,2.552835,0.053287,1.534869,#TechLinearMove
0.575452,0.059646,0.201356,2.567975,0.047546,1.539662,#TechLinearMove
0.575963,0.054814,0.201080,2.582696,0.028553,1.551290,#TechLinearMove
0.576234,0.049953,0.201080,2.593683,0.008572,1.563090,#TechLinearMove
0.576431,0.045086,0.201089,2.601851,-0.000729,1.568367,#TechLinearMove
0.576647,0.040221,0.201039,2.608704,-0.013847,1.575924,#TechLinearMove
0.576881,0.035357,0.200979,2.617272,-0.025470,1.582373,#TechLinearMove
0.577183,0.030497,0.200919,2.625011,-0.035693,1.587935,#TechLinearMove
0.577459,0.025638,0.200763,2.632756,-0.041880,1.591060,#TechLinearMove
0.577684,0.020780,0.200502,2.641494,-0.045973,1.592812,#TechLinearMove
0.577923,0.015925,0.200207,2.650806,-0.050644,1.594758,#TechLinearMove
0.578214,0.011074,0.199885,2.660989,-0.054481,1.596084,#TechLinearMove
0.578605,0.006235,0.199506,2.671998,-0.056558,1.596316,#TechLinearMove
0.579132,0.001408,0.199133,2.682218,-0.059835,1.597207,#TechLinearMove
0.579651,-0.003417,0.198736,2.694314,-0.064211,1.598438,#TechLinearMove
0.580264,-0.008210,0.198126,2.710067,-0.069624,1.599921,#TechLinearMove
0.580781,-0.013026,0.197642,2.726709,-0.083782,1.605439,#TechLinearMove
0.581579,-0.020566,0.197962,2.729648,-0.082411,1.605642,#TechLinearMove
0.581548,-0.025499,0.198245,2.736554,-0.080460,1.605260,#TechLinearMove
0.581568,-0.030436,0.198412,2.740546,-0.075860,1.603908,#TechLinearMove
0.581683,-0.035374,0.198516,2.744822,-0.074374,1.603477,#TechLinearMove
0.581686,-0.040316,0.198507,2.750049,-0.072512,1.602811,#TechLinearMove
0.581711,-0.045256,0.198442,2.753181,-0.071633,1.602727,#TechLinearMove
0.581784,-0.050195,0.198316,2.755824,-0.072774,1.603499,#TechLinearMove
0.581914,-0.055131,0.198108,2.758779,-0.074576,1.604505,#TechLinearMove
0.582096,-0.060060,0.197821,2.761335,-0.078389,1.606355,#TechLinearMove
0.582460,-0.064979,0.197544,2.763520,-0.083007,1.608560,#TechLinearMove
0.582765,-0.069904,0.197295,2.767719,-0.088873,1.611426,#TechLinearMove
0.583077,-0.074830,0.197069,2.769804,-0.092981,1.613900,#TechLinearMove
0.583597,-0.082565,0.196218,2.767688,-0.088797,1.609031,#TechLinearMove
0.584331,-0.087423,0.195677,2.766277,-0.099118,1.613701,#TechLinearMove
0.584896,-0.092306,0.195145,2.765377,-0.106388,1.617023,#TechLinearMove
0.585451,-0.097190,0.194623,2.765516,-0.112079,1.619407,#TechLinearMove
0.586031,-0.102071,0.194090,2.767283,-0.118870,1.621999,#TechLinearMove
0.586600,-0.106953,0.193560,2.768929,-0.127467,1.625252,#TechLinearMove
0.586913,-0.111857,0.193016,2.769148,-0.135216,1.628444,#TechLinearMove
0.587231,-0.116764,0.192510,2.766497,-0.140499,1.631117,#TechLinearMove
0.587547,-0.121674,0.192017,2.765622,-0.145279,1.633301,#TechLinearMove
0.587845,-0.126587,0.191558,2.762628,-0.150239,1.635919,#TechLinearMove
0.588144,-0.131500,0.191094,2.756917,-0.156936,1.639818,#TechLinearMove
0.588401,-0.136417,0.190649,2.746690,-0.161770,1.643996,#TechLinearMove
0.589162,-0.148487,0.189403,2.745225,-0.141206,1.632676,#TechLinearMove
0.589677,-0.153432,0.188596,2.743591,-0.120497,1.622565,#TechLinearMove
0.590431,-0.158372,0.187978,2.747193,-0.100710,1.612260,#TechLinearMove
0.590949,-0.163360,0.187517,2.753159,-0.083157,1.603230,#TechLinearMove
0.591371,-0.168362,0.187112,2.757714,-0.070882,1.597020,#TechLinearMove
0.591748,-0.173374,0.186788,2.761688,-0.058464,1.590890,#TechLinearMove
0.592074,-0.178393,0.186547,2.766922,-0.046640,1.584904,#TechLinearMove
0.592342,-0.183420,0.186409,2.769248,-0.032012,1.578024,#TechLinearMove
0.592544,-0.188452,0.186366,2.768781,-0.014761,1.570288,#TechLinearMove
0.592696,-0.193486,0.186399,2.768492,0.001928,1.562690,#TechLinearMove
0.592845,-0.198520,0.186456,2.767667,0.019481,1.554768,#TechLinearMove
0.593015,-0.203553,0.186449,2.766450,0.036633,1.547159,#TechLinearMove
0.593149,-0.208586,0.186336,2.766236,0.052125,1.540294,#TechLinearMove
0.593148,-0.213618,0.186339,2.764224,0.071637,1.531284,#TechLinearMove
0.593137,-0.218653,0.186417,2.754483,0.099187,1.518182,#TechLinearMove
0.593341,-0.223679,0.186198,2.738815,0.133435,1.501828,#TechLinearMove
0.593834,-0.231300,0.184919,2.752017,0.116111,1.516047,#TechLinearMove
0.594942,-0.236194,0.184177,2.781523,0.126852,1.517703,#TechLinearMove
0.595418,-0.241246,0.183965,2.813257,0.127057,1.521830,#TechLinearMove
0.595754,-0.246307,0.183880,2.831893,0.131580,1.523567,#TechLinearMove
0.595732,-0.251359,0.184331,2.852283,0.137517,1.525467,#TechLinearMove
0.595332,-0.256313,0.185375,2.860823,0.148971,1.523957,#TechLinearMove
0.594678,-0.261167,0.186733,2.860259,0.165400,1.519706,#TechLinearMove
0.593957,-0.265950,0.188291,2.865173,0.180218,1.516991,#TechLinearMove
0.593351,-0.270749,0.189850,2.867280,0.204077,1.511236,#TechLinearMove
0.592770,-0.275585,0.191298,2.860214,0.234779,1.502528,#TechLinearMove
0.592012,-0.280307,0.192998,2.858547,0.267632,1.494114,#TechLinearMove
0.591680,-0.285159,0.194410,2.862155,0.302631,1.486013,#TechLinearMove
0.592092,-0.279935,0.194110,2.895611,0.248567,1.508538,#TechLinearMove
0.592652,-0.275415,0.192117,2.897179,0.205645,1.515276,#TechLinearMove
0.593286,-0.270861,0.190219,2.884227,0.189166,1.515432,#TechLinearMove
0.594002,-0.266326,0.188306,2.878145,0.171706,1.517385,#TechLinearMove
0.594921,-0.261815,0.186425,2.873132,0.155851,1.519257,#TechLinearMove
0.595874,-0.257233,0.184778,2.860694,0.150060,1.517747,#TechLinearMove
0.596238,-0.252417,0.183622,2.834276,0.157282,1.511476,#TechLinearMove
0.596195,-0.247473,0.183061,2.817259,0.151847,1.509160,#TechLinearMove
0.595828,-0.242542,0.182786,2.789478,0.140163,1.505792,#TechLinearMove
0.594262,-0.232071,0.184767,2.771998,0.137184,1.510877,#TechLinearMove
0.593704,-0.227293,0.185515,2.773875,0.103324,1.525647,#TechLinearMove
0.593436,-0.222443,0.185879,2.778827,0.072006,1.539323,#TechLinearMove
0.593187,-0.217592,0.186257,2.782281,0.046711,1.549506,#TechLinearMove
0.593032,-0.212731,0.186530,2.785507,0.026517,1.557527,#TechLinearMove
0.592860,-0.207863,0.186628,2.791312,0.004590,1.566634,#TechLinearMove
0.592810,-0.202992,0.186597,2.794134,-0.016021,1.575289,#TechLinearMove
0.592885,-0.198121,0.186502,2.793124,-0.032934,1.582436,#TechLinearMove
0.592990,-0.193251,0.186386,2.791284,-0.047766,1.588755,#TechLinearMove
0.593031,-0.188380,0.186323,2.788172,-0.060226,1.594309,#TechLinearMove
0.592991,-0.183508,0.186369,2.781729,-0.069785,1.599106,#TechLinearMove
0.592893,-0.178640,0.186541,2.773072,-0.080004,1.604428,#TechLinearMove
0.592706,-0.173782,0.186859,2.764246,-0.090412,1.609954,#TechLinearMove
0.592397,-0.168938,0.187275,2.755216,-0.097002,1.614224,#TechLinearMove
0.591937,-0.164110,0.187741,2.745262,-0.108566,1.620654,#TechLinearMove
0.591499,-0.159297,0.188355,2.734836,-0.123982,1.629373,#TechLinearMove
0.590868,-0.154535,0.189169,2.725429,-0.138859,1.638003,#TechLinearMove
0.590483,-0.146415,0.190419,2.744897,-0.138850,1.631756,#TechLinearMove
0.589706,-0.141367,0.190621,2.752749,-0.137359,1.630436,#TechLinearMove
0.589160,-0.136295,0.190977,2.760893,-0.136889,1.629323,#TechLinearMove
0.588648,-0.131222,0.191359,2.766232,-0.136322,1.628506,#TechLinearMove
0.588152,-0.126146,0.191727,2.770187,-0.133275,1.626991,#TechLinearMove
0.587642,-0.121074,0.192121,2.773351,-0.129562,1.625365,#TechLinearMove
0.587211,-0.116001,0.192589,2.774602,-0.125823,1.624025,#TechLinearMove
0.586880,-0.110926,0.193122,2.774597,-0.121236,1.622550,#TechLinearMove
0.586535,-0.105857,0.193693,2.773012,-0.115035,1.620654,#TechLinearMove
0.586157,-0.100795,0.194308,2.768934,-0.107909,1.618750,#TechLinearMove
0.585781,-0.095733,0.194928,2.767352,-0.100550,1.616535,#TechLinearMove
0.585392,-0.090673,0.195554,2.764954,-0.092846,1.614327,#TechLinearMove
0.584728,-0.082539,0.196645,2.770966,-0.085739,1.607508,#TechLinearMove
0.584421,-0.077347,0.197145,2.768374,-0.086569,1.607234,#TechLinearMove
0.583859,-0.072161,0.197425,2.766371,-0.085447,1.606395,#TechLinearMove
0.583394,-0.066967,0.197748,2.765020,-0.083210,1.605248,#TechLinearMove
0.582959,-0.061767,0.198021,2.763762,-0.081030,1.604106,#TechLinearMove
0.582543,-0.056564,0.198249,2.761605,-0.079214,1.603182,#TechLinearMove
0.582173,-0.051355,0.198404,2.758877,-0.078270,1.602657,#TechLinearMove
0.581860,-0.046140,0.198479,2.756087,-0.080153,1.603266,#TechLinearMove
0.581692,-0.040919,0.198526,2.752496,-0.083092,1.604376,#TechLinearMove
0.581596,-0.035697,0.198649,2.748014,-0.086850,1.605694,#TechLinearMove
0.581621,-0.030473,0.198622,2.742129,-0.095730,1.609052,#TechLinearMove
0.581958,-0.020219,0.198143,2.739898,-0.085257,1.605860,#TechLinearMove
0.581859,-0.015182,0.198310,2.723370,-0.070909,1.600290,#TechLinearMove
0.581277,-0.010203,0.198750,2.708160,-0.060154,1.595989,#TechLinearMove
0.580788,-0.005193,0.199023,2.696975,-0.055142,1.594159,#TechLinearMove
0.580258,-0.000192,0.199378,2.685527,-0.049993,1.592380,#TechLinearMove
0.579710,0.004805,0.199759,2.674905,-0.046796,1.591433,#TechLinearMove
0.579144,0.009799,0.200156,2.663852,-0.044737,1.591092,#TechLinearMove
0.578653,0.014808,0.200448,2.653940,-0.043264,1.590919,#TechLinearMove
0.578273,0.019828,0.200721,2.646197,-0.040726,1.589974,#TechLinearMove
0.577840,0.024847,0.200912,2.639208,-0.035313,1.587327,#TechLinearMove
0.577449,0.029873,0.201012,2.630714,-0.030637,1.585068,#TechLinearMove
0.577337,0.034910,0.201191,2.622455,-0.022495,1.580848,#TechLinearMove
0.577103,0.039945,0.201240,2.614826,-0.012928,1.575580,#TechLinearMove
0.576871,0.044981,0.201288,2.605986,-0.001845,1.569296,#TechLinearMove
0.576809,0.050022,0.201244,2.594498,0.016726,1.558613,#TechLinearMove
0.576314,0.055029,0.201487,2.582259,0.040814,1.544222,#TechLinearMove
0.575474,0.062648,0.201777,2.578056,0.036335,1.547301,#TechLinearMove
0.574858,0.067551,0.200993,2.569396,0.044311,1.541556,#TechLinearMove
0.574309,0.072453,0.200140,2.562684,0.059023,1.531433,#TechLinearMove
0.573937,0.077388,0.199400,2.556206,0.068591,1.524589,#TechLinearMove
0.573661,0.082311,0.198540,2.552410,0.080090,1.516550,#TechLinearMove
0.573302,0.087204,0.197542,2.549450,0.094592,1.506495,#TechLinearMove
0.572991,0.092105,0.196566,2.544635,0.111260,1.494592,#TechLinearMove
0.572705,0.096998,0.195545,2.538872,0.128495,1.482008,#TechLinearMove
0.572480,0.101893,0.194525,2.533590,0.142048,1.471938,#TechLinearMove
0.572311,0.106810,0.193597,2.526642,0.158573,1.459470,#TechLinearMove
0.571931,0.111689,0.192552,2.516530,0.175273,1.445963,#TechLinearMove
0.570895,0.113667,0.191150,2.513147,0.171509,1.447570,#TechLinearMove
0.569866,0.118223,0.189193,2.515345,0.176202,1.446714,#TechLinearMove
0.568958,0.122770,0.187163,2.519025,0.177988,1.447560,#TechLinearMove
0.568358,0.127388,0.185171,2.521674,0.180332,1.447697,#TechLinearMove
0.567201,0.131622,0.182645,2.524110,0.183573,1.447210,#TechLinearMove
0.565956,0.135779,0.180034,2.525386,0.188886,1.445079,#TechLinearMove
0.564740,0.140008,0.177529,2.522607,0.199600,1.438116,#TechLinearMove
0.563861,0.144448,0.175287,2.518539,0.215125,1.428137,#TechLinearMove
0.563308,0.144703,0.176080,2.518539,0.215125,1.428137,#TechMoveTo
0.512282,0.145878,0.143027,2.539599,0.230476,1.416654,#TechMoveTo
0.512812,0.145605,0.142225,2.539599,0.230476,1.416654,#TechMoveTo
0.512812,0.145605,0.142225,2.539599,0.230476,1.416654,#TechStartPoint
0.512507,0.142528,0.142827,2.548188,0.215894,1.428005,#TechLinearMove
0.511909,0.137999,0.143732,2.554820,0.203907,1.440096,#TechLinearMove
0.511806,0.133482,0.144933,2.559305,0.197520,1.446926,#TechLinearMove
0.511510,0.128962,0.146088,2.564832,0.193211,1.452687,#TechLinearMove
0.511712,0.124535,0.147518,2.571736,0.190318,1.458893,#TechLinearMove
0.510720,0.116845,0.148764,2.580256,0.192071,1.455649,#TechLinearMove
0.510648,0.111779,0.149645,2.584348,0.186509,1.459215,#TechLinearMove
0.510424,0.106753,0.150735,2.590468,0.175436,1.466747,#TechLinearMove
0.510063,0.101735,0.151829,2.595016,0.167113,1.472328,#TechLinearMove
0.509675,0.096728,0.152969,2.598891,0.155425,1.479698,#TechLinearMove
0.509273,0.091729,0.154138,2.603280,0.141136,1.488714,#TechLinearMove
0.508868,0.086733,0.155316,2.608989,0.129206,1.496585,#TechLinearMove
0.508397,0.081717,0.156373,2.613730,0.121103,1.501923,#TechLinearMove
0.507761,0.076707,0.157370,2.618516,0.112255,1.507425,#TechLinearMove
0.507332,0.071663,0.158303,2.621874,0.103921,1.512257,#TechLinearMove
0.507421,0.061406,0.158143,2.633663,0.113747,1.508413,#TechLinearMove
0.507532,0.056551,0.157893,2.628651,0.100316,1.515176,#TechLinearMove
0.507430,0.051696,0.158119,2.624292,0.085801,1.522949,#TechLinearMove
0.507329,0.046839,0.158340,2.622311,0.077949,1.527175,#TechLinearMove
0.507349,0.041983,0.158615,2.621260,0.070943,1.530978,#TechLinearMove
0.507358,0.037135,0.158998,2.618435,0.060573,1.536438,#TechLinearMove
0.507314,0.032297,0.159501,2.617695,0.053901,1.540066,#TechLinearMove
0.507226,0.027472,0.160105,2.618934,0.049321,1.542723,#TechLinearMove
0.507104,0.022659,0.160792,2.621184,0.044855,1.545384,#TechLinearMove
0.506970,0.017849,0.161504,2.624554,0.042688,1.546791,#TechLinearMove
0.506860,0.013031,0.162157,2.628554,0.043000,1.546781,#TechLinearMove
0.506811,0.008196,0.162681,2.632612,0.043702,1.546516,#TechLinearMove
0.506825,0.003347,0.163062,2.636057,0.043768,1.546580,#TechLinearMove
0.506841,-0.001508,0.163347,2.638255,0.042195,1.547534,#TechLinearMove
0.506757,-0.006367,0.163535,2.641684,0.039377,1.549230,#TechLinearMove
0.506664,-0.011225,0.163755,2.645906,0.036753,1.550830,#TechLinearMove
0.506636,-0.016088,0.163807,2.647608,0.033989,1.552397,#TechLinearMove
0.506765,-0.023903,0.163520,2.650972,0.028794,1.555331,#TechLinearMove
0.506925,-0.028690,0.163708,2.656825,0.018730,1.560830,#TechLinearMove
0.507139,-0.033476,0.163972,2.663015,0.007942,1.566548,#TechLinearMove
0.507302,-0.038271,0.164119,2.667212,-0.001135,1.571304,#TechLinearMove
0.507466,-0.043066,0.164261,2.672673,-0.006854,1.574252,#TechLinearMove
0.507634,-0.047860,0.164404,2.676339,-0.012569,1.577169,#TechLinearMove
0.507811,-0.052655,0.164527,2.680962,-0.015444,1.578638,#TechLinearMove
0.508018,-0.057450,0.164567,2.682643,-0.020961,1.581447,#TechLinearMove
0.508113,-0.062246,0.164430,2.686760,-0.025452,1.583652,#TechLinearMove
0.508313,-0.067035,0.164191,2.691530,-0.031241,1.586363,#TechLinearMove
0.508488,-0.071826,0.163953,2.697177,-0.037085,1.589133,#TechLinearMove
0.508672,-0.076615,0.163696,2.701718,-0.044241,1.592578,#TechLinearMove
0.509438,-0.084660,0.163002,2.703968,-0.056618,1.597547,#TechLinearMove
0.509655,-0.089583,0.162670,2.711177,-0.070868,1.602870,#TechLinearMove
0.510003,-0.094498,0.162340,2.719554,-0.084605,1.607719,#TechLinearMove
0.510268,-0.099412,0.161927,2.726835,-0.095114,1.611308,#TechLinearMove
0.510495,-0.104326,0.161490,2.732736,-0.104559,1.614466,#TechLinearMove
0.510797,-0.109239,0.161086,2.737277,-0.111216,1.616582,#TechLinearMove
0.511074,-0.114157,0.160719,2.739178,-0.117363,1.618742,#TechLinearMove
0.511375,-0.119071,0.160323,2.743611,-0.122707,1.620209,#TechLinearMove
0.511692,-0.123978,0.159867,2.744889,-0.129891,1.622850,#TechLinearMove
0.511967,-0.128880,0.159329,2.745405,-0.135401,1.624928,#TechLinearMove
0.512342,-0.133781,0.158856,2.745651,-0.142460,1.627584,#TechLinearMove
0.512633,-0.138694,0.158463,2.746324,-0.154071,1.632029,#TechLinearMove
0.513304,-0.148954,0.156933,2.738670,-0.150401,1.633230,#TechLinearMove
0.513605,-0.153895,0.156276,2.736675,-0.137862,1.627402,#TechLinearMove
0.513933,-0.158830,0.155584,2.735212,-0.125278,1.621441,#TechLinearMove
0.514274,-0.163758,0.154856,2.734987,-0.117610,1.617755,#TechLinearMove
0.514615,-0.168688,0.154138,2.735124,-0.109572,1.613913,#TechLinearMove
0.514930,-0.173624,0.153450,2.734976,-0.101778,1.610229,#TechLinearMove
0.515228,-0.178567,0.152805,2.732768,-0.095728,1.607552,#TechLinearMove
0.515511,-0.183513,0.152179,2.727354,-0.088102,1.604542,#TechLinearMove
0.515799,-0.188457,0.151541,2.719949,-0.078266,1.600669,#TechLinearMove
0.516101,-0.193398,0.150882,2.710021,-0.065543,1.595516,#TechLinearMove
0.516439,-0.198336,0.150220,2.696984,-0.050053,1.589076,#TechLinearMove
0.516825,-0.203272,0.149569,2.682791,-0.033943,1.581913,#TechLinearMove
0.517208,-0.208208,0.148921,2.668010,-0.017201,1.573975,#TechLinearMove
0.517582,-0.213148,0.148296,2.653880,-0.002770,1.567192,#TechLinearMove
0.517939,-0.218093,0.147698,2.639950,0.010896,1.560637,#TechLinearMove
0.518365,-0.223025,0.147042,2.617327,0.036844,1.547164,#TechLinearMove
0.518884,-0.227941,0.146335,2.600065,0.061956,1.532812,#TechLinearMove
0.519378,-0.236016,0.145705,2.602957,0.059762,1.534517,#TechLinearMove
0.519292,-0.240789,0.146463,2.596795,0.074801,1.521909,#TechLinearMove
0.518883,-0.245472,0.147633,2.579068,0.093510,1.505496,#TechLinearMove
0.518500,-0.250180,0.148720,2.568829,0.104841,1.495414,#TechLinearMove
0.518051,-0.254846,0.149953,2.561910,0.116072,1.485660,#TechLinearMove
0.517563,-0.259483,0.151278,2.552007,0.129117,1.474421,#TechLinearMove
0.517285,-0.264132,0.152621,2.540711,0.145967,1.459805,#TechLinearMove
0.517022,-0.268798,0.153908,2.531284,0.160082,1.447387,#TechLinearMove
0.516673,-0.273503,0.155017,2.525611,0.174982,1.434934,#TechLinearMove
0.516408,-0.278220,0.156100,2.524843,0.186090,1.426116,#TechLinearMove
0.516320,-0.282981,0.156982,2.523544,0.201258,1.413563,#TechLinearMove
0.516556,-0.287771,0.157680,2.518749,0.221245,1.396333,#TechLinearMove
0.516515,-0.282331,0.156485,2.517357,0.218421,1.406805,#TechLinearMove
0.516319,-0.277251,0.155964,2.533674,0.190076,1.431971,#TechLinearMove
0.516418,-0.272234,0.154988,2.532097,0.175469,1.442352,#TechLinearMove
0.516725,-0.267266,0.153829,2.535027,0.158078,1.455681,#TechLinearMove
0.517216,-0.262377,0.152425,2.546854,0.138593,1.471784,#TechLinearMove
0.517806,-0.257562,0.150812,2.559629,0.121880,1.485760,#TechLinearMove
0.518411,-0.252772,0.149130,2.569299,0.107234,1.497373,#TechLinearMove
0.519007,-0.247961,0.147505,2.583325,0.087646,1.512589,#TechLinearMove
0.519325,-0.243149,0.145837,2.615365,0.059228,1.535725,#TechLinearMove
0.519254,-0.233023,0.145893,2.614232,0.045099,1.544053,#TechLinearMove
0.518717,-0.227957,0.146519,2.626576,0.025448,1.554639,#TechLinearMove
0.518257,-0.222890,0.147201,2.638152,0.004628,1.565412,#TechLinearMove
0.517914,-0.217797,0.147741,2.648486,-0.009714,1.572509,#TechLinearMove
0.517543,-0.212714,0.148348,2.658135,-0.021923,1.578213,#TechLinearMove
0.517155,-0.207636,0.148996,2.672408,-0.037602,1.585401,#TechLinearMove
0.516753,-0.202562,0.149659,2.683707,-0.051021,1.591136,#TechLinearMove
0.516350,-0.197487,0.150316,2.696934,-0.066427,1.597657,#TechLinearMove
0.516024,-0.192410,0.150995,2.706539,-0.077084,1.601814,#TechLinearMove
0.515709,-0.187331,0.151669,2.716985,-0.088974,1.606332,#TechLinearMove
0.515414,-0.182248,0.152318,2.728077,-0.098098,1.609327,#TechLinearMove
0.515126,-0.177163,0.152961,2.736218,-0.105361,1.611620,#TechLinearMove
0.514804,-0.172086,0.153645,2.740828,-0.112566,1.614279,#TechLinearMove
0.514475,-0.167016,0.154372,2.743621,-0.120823,1.617605,#TechLinearMove
0.514130,-0.161947,0.155106,2.747793,-0.132856,1.622504,#TechLinearMove
0.513820,-0.156871,0.155799,2.751837,-0.146331,1.627958,#TechLinearMove
0.513305,-0.148940,0.156905,2.737130,-0.151910,1.634170,#TechLinearMove
0.512973,-0.143844,0.157661,2.735309,-0.139572,1.629455,#TechLinearMove
0.512716,-0.138720,0.158234,2.734150,-0.133594,1.627240,#TechLinearMove
0.512389,-0.133601,0.158830,2.734112,-0.131104,1.626286,#TechLinearMove
0.512004,-0.128483,0.159389,2.731482,-0.125971,1.624627,#TechLinearMove
0.511636,-0.123359,0.159903,2.730833,-0.118291,1.621568,#TechLinearMove
0.511299,-0.118226,0.160358,2.732292,-0.112314,1.618923,#TechLinearMove
0.510985,-0.113089,0.160768,2.731335,-0.108082,1.617370,#TechLinearMove
0.510679,-0.107951,0.161173,2.729179,-0.102865,1.615546,#TechLinearMove
0.510359,-0.102815,0.161596,2.727038,-0.095261,1.612691,#TechLinearMove
0.510095,-0.097677,0.162036,2.723999,-0.084542,1.608658,#TechLinearMove
0.509953,-0.092528,0.162380,2.720039,-0.074675,1.605080,#TechLinearMove
0.509438,-0.084660,0.163002,2.720309,-0.079426,1.606535,#TechLinearMove
0.509027,-0.079657,0.163417,2.710078,-0.058922,1.597666,#TechLinearMove
0.508745,-0.074638,0.163752,2.702732,-0.048432,1.593193,#TechLinearMove
0.508367,-0.069623,0.164038,2.696504,-0.038535,1.588882,#TechLinearMove
0.507902,-0.064610,0.164227,2.690878,-0.029437,1.584711,#TechLinearMove
0.507535,-0.059588,0.164331,2.685716,-0.023142,1.581790,#TechLinearMove
0.507283,-0.054556,0.164327,2.681678,-0.019689,1.580187,#TechLinearMove
0.507076,-0.049524,0.164222,2.676917,-0.017372,1.579140,#TechLinearMove
0.506892,-0.044491,0.164071,2.671626,-0.012249,1.576653,#TechLinearMove
0.506601,-0.039467,0.163881,2.664608,-0.002651,1.571903,#TechLinearMove
0.506706,-0.034436,0.163647,2.657936,0.004293,1.568423,#TechLinearMove
0.506749,-0.024130,0.163554,2.649420,0.015498,1.562286,#TechLinearMove
0.506670,-0.019284,0.163714,2.647992,0.022485,1.558525,#TechLinearMove
0.506582,-0.014439,0.163608,2.647703,0.030490,1.554248,#TechLinearMove
0.506447,-0.009595,0.163427,2.645319,0.034741,1.551881,#TechLinearMove
0.506354,-0.004750,0.163225,2.642056,0.038942,1.549493,#TechLinearMove
0.506282,0.000092,0.162973,2.638693,0.042674,1.547327,#TechLinearMove
0.506245,0.004931,0.162646,2.636051,0.044227,1.546399,#TechLinearMove
0.506257,0.009762,0.162220,2.633323,0.044237,1.546348,#TechLinearMove
0.506333,0.014576,0.161651,2.630156,0.045631,1.545472,#TechLinearMove
0.506462,0.019376,0.160965,2.626816,0.048189,1.543911,#TechLinearMove
0.506604,0.024170,0.160252,2.623215,0.050467,1.542485,#TechLinearMove
0.506770,0.028971,0.159590,2.620178,0.054141,1.540255,#TechLinearMove
0.506998,0.033788,0.159078,2.619875,0.059891,1.537055,#TechLinearMove
0.507184,0.038617,0.158674,2.620336,0.069959,1.531500,#TechLinearMove
0.507321,0.043455,0.158369,2.620522,0.078508,1.526684,#TechLinearMove
0.507570,0.048266,0.157816,2.620003,0.090474,1.519953,#TechLinearMove
0.507681,0.053105,0.157567,2.622317,0.105813,1.511557,#TechLinearMove
0.507404,0.061038,0.158181,2.627087,0.106410,1.511413,#TechLinearMove
0.507440,0.065933,0.158074,2.621880,0.111310,1.508815,#TechLinearMove
0.507636,0.070809,0.157644,2.618423,0.117091,1.505801,#TechLinearMove
0.507779,0.075680,0.157173,2.615879,0.123362,1.502328,#TechLinearMove
0.507911,0.080509,0.156363,2.612874,0.131719,1.497536,#TechLinearMove
0.508156,0.085291,0.155323,2.608869,0.139994,1.492506,#TechLinearMove
0.508541,0.090045,0.154204,2.602177,0.149484,1.486163,#TechLinearMove
0.508926,0.094803,0.153099,2.599028,0.159179,1.480356,#TechLinearMove
0.509298,0.099567,0.152015,2.593847,0.170569,1.473120,#TechLinearMove
0.509653,0.104338,0.150957,2.588591,0.179938,1.466978,#TechLinearMove
0.509947,0.109098,0.149844,2.581492,0.192809,1.458561,#TechLinearMove
0.510510,0.113921,0.149201,2.574233,0.204131,1.451090,#TechLinearMove
0.510632,0.115925,0.148965,2.579286,0.204222,1.448053,#TechLinearMove
0.511205,0.121296,0.148002,2.572999,0.198945,1.448598,#TechLinearMove
0.511598,0.126622,0.146802,2.567120,0.193862,1.449517,#TechLinearMove
0.511778,0.131915,0.145370,2.559311,0.195543,1.445690,#TechLinearMove
0.511977,0.137215,0.143964,2.552877,0.204403,1.437644,#TechLinearMove
0.512507,0.142528,0.142827,2.547227,0.217036,1.426984,#TechLinearMove
0.511978,0.142785,0.143636,2.547227,0.217036,1.426984,#TechMoveTo
0.562201,0.147655,0.174562,2.515636,0.231806,1.425632,#TechMoveTo
0.562753,0.147386,0.173773,2.515636,0.231806,1.425632,#TechMoveTo
0.563173,0.144436,0.174830,2.511771,0.219686,1.423029,#TechLinearMove
0.562424,0.139239,0.176152,2.520413,0.195617,1.438936,#TechLinearMove
0.561700,0.134041,0.177477,2.526200,0.178371,1.450286,#TechLinearMove
0.561025,0.128819,0.178734,2.530377,0.167820,1.456470,#TechLinearMove
0.560424,0.123571,0.179921,2.534715,0.160894,1.459131,#TechLinearMove
0.559931,0.118333,0.180718,2.531169,0.165714,1.455501,#TechLinearMove
0.559443,0.113529,0.181608,2.532613,0.159093,1.460357,#TechLinearMove
0.559021,0.108684,0.182295,2.533389,0.153979,1.464035,#TechLinearMove
0.558560,0.103832,0.182907,2.535498,0.147164,1.469159,#TechLinearMove
0.558043,0.098988,0.183528,2.537365,0.135541,1.477451,#TechLinearMove
0.557523,0.094144,0.184153,2.539730,0.121017,1.487780,#TechLinearMove
0.556969,0.089313,0.184842,2.543114,0.104598,1.499472,#TechLinearMove
0.556362,0.084508,0.185654,2.547323,0.089105,1.510529,#TechLinearMove
0.555751,0.079723,0.186580,2.552259,0.077820,1.518764,#TechLinearMove
0.555204,0.074942,0.187560,2.557761,0.069584,1.524995,#TechLinearMove
0.554640,0.070171,0.188581,2.564860,0.059451,1.532535,#TechLinearMove
0.554923,0.060068,0.188383,2.561802,0.055745,1.534610,#TechLinearMove
0.555464,0.055102,0.188027,2.573669,0.043535,1.542273,#TechLinearMove
0.555819,0.050102,0.188268,2.588463,0.025173,1.553383,#TechLinearMove
0.556049,0.045088,0.188408,2.598296,0.012220,1.561011,#TechLinearMove
0.556300,0.040074,0.188503,2.607902,0.001297,1.567185,#TechLinearMove
0.556535,0.035059,0.188618,2.618086,-0.006967,1.571816,#TechLinearMove
0.556647,0.030042,0.188788,2.626238,-0.016097,1.576915,#TechLinearMove
0.556832,0.025030,0.189025,2.636579,-0.020893,1.579294,#TechLinearMove
0.557026,0.020016,0.189216,2.646694,-0.025708,1.581689,#TechLinearMove
0.557055,0.014996,0.189177,2.654667,-0.028486,1.582920,#TechLinearMove
0.557164,0.009979,0.188986,2.661419,-0.029032,1.582854,#TechLinearMove
0.557362,0.004975,0.188630,2.668049,-0.030337,1.583229,#TechLinearMove
0.557593,-0.000025,0.188230,2.675362,-0.032746,1.584046,#TechLinearMove
0.557979,-0.005021,0.187905,2.681657,-0.034133,1.584443,#TechLinearMove
0.558341,-0.010001,0.187372,2.692200,-0.041288,1.587517,#TechLinearMove
0.558705,-0.014986,0.186901,2.702323,-0.051366,1.591900,#TechLinearMove
0.558929,-0.022624,0.186670,2.701950,-0.044635,1.590257,#TechLinearMove
0.559198,-0.027520,0.186958,2.706025,-0.051670,1.593727,#TechLinearMove
0.559334,-0.032425,0.187175,2.709504,-0.053347,1.594700,#TechLinearMove
0.559512,-0.037333,0.187299,2.711885,-0.055897,1.595965,#TechLinearMove
0.559705,-0.042241,0.187398,2.714521,-0.057244,1.596653,#TechLinearMove
0.559884,-0.047150,0.187460,2.715939,-0.059322,1.597725,#TechLinearMove
0.559917,-0.052062,0.187398,2.719986,-0.065759,1.600550,#TechLinearMove
0.559990,-0.056972,0.187265,2.722748,-0.070084,1.602466,#TechLinearMove
0.560098,-0.061880,0.187075,2.725219,-0.076309,1.605258,#TechLinearMove
0.560388,-0.066780,0.186896,2.726221,-0.083261,1.608483,#TechLinearMove
0.560622,-0.071683,0.186705,2.729521,-0.092386,1.612617,#TechLinearMove
0.560852,-0.076588,0.186536,2.734230,-0.104223,1.617776,#TechLinearMove
0.561261,-0.084522,0.185859,2.732985,-0.107065,1.618071,#TechLinearMove
0.562027,-0.089213,0.185237,2.726850,-0.107955,1.619403,#TechLinearMove
0.562663,-0.093914,0.184551,2.722572,-0.113082,1.622346,#TechLinearMove
0.563252,-0.098630,0.183927,2.720177,-0.118677,1.625207,#TechLinearMove
0.563878,-0.103333,0.183243,2.715394,-0.123160,1.627978,#TechLinearMove
0.564517,-0.108030,0.182529,2.711656,-0.126843,1.630248,#TechLinearMove
0.564938,-0.112746,0.181780,2.707772,-0.132008,1.633231,#TechLinearMove
0.565324,-0.117475,0.181102,2.703488,-0.137703,1.636587,#TechLinearMove
0.565917,-0.122204,0.180600,2.697393,-0.144859,1.640983,#TechLinearMove
0.566550,-0.126933,0.180138,2.692386,-0.150669,1.644610,#TechLinearMove
0.567132,-0.131665,0.179640,2.684494,-0.154382,1.647859,#TechLinearMove
0.567768,-0.136403,0.179286,2.676945,-0.159981,1.651990,#TechLinearMove
0.569316,-0.146043,0.178063,2.675078,-0.151831,1.647596,#TechLinearMove
0.569945,-0.150911,0.177243,2.680019,-0.134459,1.638868,#TechLinearMove
0.570511,-0.155783,0.176396,2.681519,-0.112820,1.628620,#TechLinearMove
0.571152,-0.160670,0.175715,2.682609,-0.094919,1.619947,#TechLinearMove
0.571547,-0.165561,0.174903,2.683913,-0.080014,1.612773,#TechLinearMove
0.571906,-0.170463,0.174132,2.685109,-0.066573,1.606370,#TechLinearMove
0.572250,-0.175391,0.173534,2.687638,-0.053161,1.599921,#TechLinearMove
0.572498,-0.180343,0.173113,2.690496,-0.039570,1.593446,#TechLinearMove
0.572616,-0.185312,0.172900,2.693812,-0.026616,1.587354,#TechLinearMove
0.572489,-0.190277,0.173033,2.699294,-0.014632,1.581693,#TechLinearMove
0.572139,-0.195211,0.173556,2.706762,-0.003987,1.576664,#TechLinearMove
0.571710,-0.200112,0.174311,2.713919,0.006639,1.571757,#TechLinearMove
0.571236,-0.204998,0.175131,2.719107,0.018949,1.566338,#TechLinearMove
0.570800,-0.209878,0.176000,2.724884,0.031905,1.560777,#TechLinearMove
0.570418,-0.214744,0.176960,2.728865,0.048958,1.553329,#TechLinearMove
0.569662,-0.219496,0.178222,2.736465,0.067568,1.545494,#TechLinearMove
0.568807,-0.224186,0.179651,2.739353,0.090698,1.535730,#TechLinearMove
0.568966,-0.231695,0.179653,2.729752,0.109202,1.525135,#TechLinearMove
0.569612,-0.236334,0.178451,2.733984,0.125232,1.507360,#TechLinearMove
0.570199,-0.241039,0.177515,2.737664,0.138081,1.492528,#TechLinearMove
0.570742,-0.245785,0.176766,2.743929,0.146632,1.483955,#TechLinearMove
0.571176,-0.250555,0.176124,2.752781,0.150546,1.477950,#TechLinearMove
0.571725,-0.255346,0.175807,2.765163,0.148637,1.474617,#TechLinearMove
0.571898,-0.260175,0.175786,2.777796,0.140799,1.473753,#TechLinearMove
0.571939,-0.264974,0.176364,2.792005,0.137145,1.471838,#TechLinearMove
0.571735,-0.269676,0.177479,2.799408,0.143430,1.464884,#TechLinearMove
0.571160,-0.274192,0.179108,2.815930,0.145315,1.462335,#TechLinearMove
0.570301,-0.278556,0.180999,2.823776,0.152274,1.455906,#TechLinearMove
0.569595,-0.282933,0.182899,2.831709,0.162218,1.444271,#TechLinearMove
0.568622,-0.287091,0.185143,2.830916,0.187003,1.425997,#TechLinearMove
0.570599,-0.281883,0.181791,2.827795,0.199914,1.463484,#TechLinearMove
0.571270,-0.277424,0.179943,2.813204,0.187069,1.472647,#TechLinearMove
0.571840,-0.272876,0.178231,2.798401,0.178802,1.477314,#TechLinearMove
0.572222,-0.268203,0.176848,2.781364,0.178908,1.477347,#TechLinearMove
0.572251,-0.263416,0.175860,2.759941,0.182650,1.475189,#TechLinearMove
0.571985,-0.258562,0.175339,2.739920,0.185702,1.473956,#TechLinearMove
0.571610,-0.253687,0.175360,2.728973,0.187427,1.475349,#TechLinearMove
0.571247,-0.248837,0.175899,2.728012,0.183823,1.481011,#TechLinearMove
0.570535,-0.244071,0.176778,2.725316,0.176334,1.488801,#TechLinearMove
0.569935,-0.239359,0.177963,2.727980,0.157792,1.506459,#TechLinearMove
0.568932,-0.229114,0.179710,2.733001,0.118589,1.520904,#TechLinearMove
0.569464,-0.224213,0.178790,2.731544,0.085222,1.535690,#TechLinearMove
0.570168,-0.219396,0.177559,2.727980,0.058811,1.547347,#TechLinearMove
0.570605,-0.214457,0.176793,2.723032,0.038334,1.556416,#TechLinearMove
0.571023,-0.209508,0.176054,2.719171,0.022357,1.563680,#TechLinearMove
0.571476,-0.204570,0.175255,2.712771,0.011885,1.568373,#TechLinearMove
0.571926,-0.199633,0.174457,2.706990,-0.000066,1.573848,#TechLinearMove
0.572335,-0.194682,0.173724,2.702036,-0.012477,1.579690,#TechLinearMove
0.572612,-0.189697,0.173220,2.697120,-0.023801,1.585129,#TechLinearMove
0.572682,-0.184682,0.173095,2.692480,-0.035215,1.590714,#TechLinearMove
0.572571,-0.179668,0.173298,2.687248,-0.046329,1.596318,#TechLinearMove
0.572321,-0.174673,0.173735,2.683056,-0.058309,1.602309,#TechLinearMove
0.571967,-0.169704,0.174368,2.682662,-0.073095,1.609362,#TechLinearMove
0.571566,-0.164748,0.175079,2.682634,-0.092558,1.618758,#TechLinearMove
0.571161,-0.159795,0.175796,2.681924,-0.123074,1.633589,#TechLinearMove
0.570660,-0.154884,0.176718,2.676535,-0.144155,1.644298,#TechLinearMove
0.569919,-0.147701,0.178002,2.685583,-0.152706,1.645931,#TechLinearMove
0.569455,-0.142677,0.178822,2.687709,-0.152010,1.645462,#TechLinearMove
0.568604,-0.137659,0.179272,2.691900,-0.152715,1.645191,#TechLinearMove
0.567882,-0.132632,0.179853,2.694936,-0.152274,1.644551,#TechLinearMove
0.567177,-0.127598,0.180393,2.697118,-0.148607,1.642583,#TechLinearMove
0.566492,-0.122556,0.180884,2.700326,-0.143591,1.639812,#TechLinearMove
0.565801,-0.117516,0.181388,2.704668,-0.137273,1.636206,#TechLinearMove
0.565082,-0.112484,0.181931,2.708713,-0.131275,1.632852,#TechLinearMove
0.564468,-0.107461,0.182633,2.712117,-0.126611,1.630283,#TechLinearMove
0.563989,-0.102444,0.183485,2.715318,-0.120355,1.627050,#TechLinearMove
0.563509,-0.097424,0.184326,2.719110,-0.114130,1.623812,#TechLinearMove
0.562985,-0.092422,0.185242,2.722400,-0.109132,1.621257,#TechLinearMove
0.562348,-0.084516,0.186414,2.724124,-0.103810,1.617689,#TechLinearMove
0.561883,-0.079371,0.186674,2.726286,-0.097653,1.614170,#TechLinearMove
0.561427,-0.074216,0.186858,2.727989,-0.091258,1.610813,#TechLinearMove
0.561027,-0.069056,0.187085,2.728879,-0.084056,1.607308,#TechLinearMove
0.560656,-0.063893,0.187260,2.728130,-0.075549,1.603339,#TechLinearMove
0.560310,-0.058726,0.187386,2.727089,-0.067887,1.599764,#TechLinearMove
0.560017,-0.053555,0.187429,2.725166,-0.063095,1.597528,#TechLinearMove
0.559878,-0.048379,0.187453,2.722369,-0.059567,1.595904,#TechLinearMove
0.559859,-0.043199,0.187489,2.719330,-0.056522,1.594495,#TechLinearMove
0.559820,-0.038020,0.187557,2.714479,-0.054335,1.593375,#TechLinearMove
0.559898,-0.032844,0.187428,2.712441,-0.058552,1.594877,#TechLinearMove
0.559964,-0.022439,0.187307,2.709575,-0.051262,1.593045,#TechLinearMove
0.559600,-0.017295,0.187465,2.696900,-0.036364,1.586233,#TechLinearMove
0.559060,-0.012170,0.187824,2.686961,-0.026027,1.581410,#TechLinearMove
0.558691,-0.007025,0.188109,2.679858,-0.023311,1.580215,#TechLinearMove
0.558323,-0.001881,0.188407,2.673065,-0.021730,1.579595,#TechLinearMove
0.557928,0.003260,0.188737,2.667011,-0.020061,1.578887,#TechLinearMove
0.557569,0.008406,0.189013,2.658207,-0.017444,1.577829,#TechLinearMove
0.557292,0.013563,0.189140,2.652027,-0.014345,1.576353,#TechLinearMove
0.557086,0.018725,0.189137,2.646089,-0.010768,1.574550,#TechLinearMove
0.557072,0.023890,0.189136,2.638738,-0.010049,1.574262,#TechLinearMove
0.557106,0.029056,0.189079,2.629944,-0.006630,1.572419,#TechLinearMove
0.557007,0.034218,0.188915,2.619457,-0.001079,1.569253,#TechLinearMove
0.556997,0.039384,0.188910,2.610876,0.008901,1.563439,#TechLinearMove
0.556754,0.044543,0.188820,2.601961,0.021053,1.556368,#TechLinearMove
0.556773,0.049700,0.188519,2.588116,0.037864,1.546420,#TechLinearMove
0.556450,0.054849,0.188641,2.568464,0.054855,1.535626,#TechLinearMove
0.556167,0.062259,0.189569,2.561112,0.051267,1.537384,#TechLinearMove
0.555961,0.067348,0.188747,2.557969,0.059466,1.531511,#TechLinearMove
0.556042,0.072437,0.187894,2.555283,0.071025,1.523404,#TechLinearMove
0.556129,0.077542,0.187132,2.553616,0.082822,1.515254,#TechLinearMove
0.556373,0.082612,0.186188,2.552304,0.094503,1.507274,#TechLinearMove
0.556778,0.087669,0.185241,2.549935,0.107596,1.498175,#TechLinearMove
0.557347,0.092738,0.184434,2.546824,0.121497,1.488364,#TechLinearMove
0.557906,0.097812,0.183658,2.544031,0.134710,1.478927,#TechLinearMove
0.558446,0.102895,0.182925,2.540986,0.146521,1.470300,#TechLinearMove
0.558968,0.107996,0.182319,2.538802,0.160120,1.460632,#TechLinearMove
0.559340,0.113106,0.181679,2.532949,0.168456,1.453568,#TechLinearMove
0.559752,0.116309,0.181033,2.531689,0.171530,1.451624,#TechLinearMove
0.560188,0.121063,0.180253,2.525493,0.174367,1.450524,#TechLinearMove
0.560658,0.125793,0.179355,2.524602,0.176997,1.449945,#TechLinearMove
0.561216,0.130492,0.178347,2.525737,0.180165,1.449483,#TechLinearMove
0.561836,0.135150,0.177196,2.528638,0.190230,1.444672,#TechLinearMove
0.562494,0.139794,0.176011,2.524389,0.202314,1.436494,#TechLinearMove
0.563173,0.144436,0.174830,2.517207,0.220870,1.423850,#TechLinearMove
0.562620,0.144697,0.175621,2.517207,0.220870,1.423850,#TechMoveTo
0.512282,0.145878,0.143027,2.539599,0.230476,1.416654,#TechMoveTo
0.512812,0.145605,0.142225,2.539599,0.230476,1.416654,#TechMoveTo
0.510533,0.143556,0.141146,2.545466,0.219582,1.424799,#TechLinearMove
0.507338,0.140017,0.140031,2.553773,0.208008,1.435407,#TechLinearMove
0.503981,0.136648,0.138851,2.555416,0.201593,1.440532,#TechLinearMove
0.500663,0.133153,0.137958,2.561066,0.199434,1.444090,#TechLinearMove
0.497104,0.129913,0.137023,2.560050,0.205081,1.440883,#TechLinearMove
0.493779,0.126363,0.136457,2.560554,0.212966,1.436568,#TechLinearMove
0.490426,0.122831,0.135903,2.560583,0.217415,1.434597,#TechLinearMove
0.489678,0.117730,0.137607,2.568249,0.215323,1.435944,#TechLinearMove
0.489021,0.112925,0.138793,2.571211,0.205855,1.442170,#TechLinearMove
0.488587,0.108116,0.140078,2.569746,0.197439,1.446733,#TechLinearMove
0.488196,0.103312,0.141393,2.571230,0.186075,1.453840,#TechLinearMove
0.487768,0.098486,0.142613,2.574086,0.173919,1.461789,#TechLinearMove
0.487383,0.093631,0.143722,2.576591,0.161247,1.469949,#TechLinearMove
0.487048,0.088753,0.144752,2.578166,0.147965,1.478224,#TechLinearMove
0.486651,0.083858,0.145667,2.580245,0.135848,1.485858,#TechLinearMove
0.486248,0.078931,0.146378,2.584545,0.126263,1.492427,#TechLinearMove
0.485917,0.073968,0.146848,2.581223,0.117802,1.496884,#TechLinearMove
0.485727,0.069004,0.147386,2.580514,0.107027,1.503039,#TechLinearMove
0.485862,0.058978,0.147078,2.579860,0.092782,1.512267,#TechLinearMove
0.485795,0.053964,0.147209,2.580339,0.083855,1.518230,#TechLinearMove
0.485688,0.048956,0.147486,2.581549,0.079343,1.521512,#TechLinearMove
0.485644,0.043941,0.147596,2.579823,0.074695,1.524402,#TechLinearMove
0.485724,0.038929,0.147803,2.580630,0.070318,1.527417,#TechLinearMove
0.485797,0.033920,0.148083,2.580108,0.066072,1.530225,#TechLinearMove
0.485839,0.028915,0.148436,2.581218,0.063879,1.531883,#TechLinearMove
0.485866,0.023914,0.148829,2.580419,0.062105,1.533121,#TechLinearMove
0.485902,0.018914,0.149245,2.579961,0.060592,1.534220,#TechLinearMove
0.485949,0.013911,0.149622,2.578050,0.059914,1.534700,#TechLinearMove
0.486022,0.008905,0.149937,2.575716,0.058590,1.535562,#TechLinearMove
0.486099,0.003895,0.150193,2.574281,0.055840,1.537369,#TechLinearMove
0.486185,-0.001114,0.150473,2.572382,0.051678,1.540083,#TechLinearMove
0.486097,-0.006125,0.150701,2.570973,0.050862,1.540695,#TechLinearMove
0.486003,-0.011134,0.150978,2.567799,0.046647,1.543525,#TechLinearMove
0.485930,-0.016148,0.151122,2.565013,0.044639,1.545014,#TechLinearMove
0.485871,-0.023701,0.151279,2.561205,0.042855,1.544322,#TechLinearMove
0.485642,-0.028645,0.151860,2.563774,0.028810,1.552504,#TechLinearMove
0.485480,-0.033608,0.152294,2.563412,0.019813,1.557519,#TechLinearMove
0.485332,-0.038577,0.152646,2.562030,0.012040,1.562026,#TechLinearMove
0.485210,-0.043550,0.152953,2.562200,0.004500,1.566435,#TechLinearMove
0.485194,-0.048524,0.153263,2.561559,-0.002753,1.570653,#TechLinearMove
0.485317,-0.053498,0.153546,2.558134,-0.010216,1.574994,#TechLinearMove
0.485499,-0.058476,0.153698,2.555773,-0.017853,1.579484,#TechLinearMove
0.485719,-0.063455,0.153734,2.554177,-0.026373,1.584643,#TechLinearMove
0.485979,-0.068432,0.153701,2.552166,-0.035389,1.590181,#TechLinearMove
0.486296,-0.073405,0.153722,2.551474,-0.044408,1.595439,#TechLinearMove
0.486640,-0.078369,0.153634,2.549310,-0.060657,1.605247,#TechLinearMove
0.487209,-0.086410,0.153233,2.551821,-0.063980,1.610406,#TechLinearMove
0.487295,-0.091175,0.153026,2.547682,-0.073884,1.617528,#TechLinearMove
0.487526,-0.095929,0.152670,2.544420,-0.079402,1.621627,#TechLinearMove
0.487787,-0.100681,0.152304,2.541176,-0.083452,1.624739,#TechLinearMove
0.488074,-0.105429,0.151899,2.539216,-0.089454,1.629010,#TechLinearMove
0.488363,-0.110174,0.151464,2.542412,-0.094239,1.631866,#TechLinearMove
0.488687,-0.114910,0.150968,2.545666,-0.099622,1.635046,#TechLinearMove
0.489021,-0.119644,0.150452,2.549175,-0.104547,1.637772,#TechLinearMove
0.489427,-0.124375,0.149972,2.552777,-0.110539,1.641168,#TechLinearMove
0.489761,-0.129117,0.149533,2.555465,-0.116457,1.644663,#TechLinearMove
0.490119,-0.133854,0.149071,2.557737,-0.124313,1.649475,#TechLinearMove
0.490398,-0.138604,0.148712,2.560030,-0.135259,1.656205,#TechLinearMove
0.490811,-0.149296,0.147767,2.567617,-0.125354,1.649946,#TechLinearMove
0.491148,-0.154205,0.146963,2.558818,-0.118068,1.645397,#TechLinearMove
0.491466,-0.159121,0.146199,2.551687,-0.114189,1.642680,#TechLinearMove
0.491719,-0.164063,0.145591,2.545841,-0.112024,1.641544,#TechLinearMove
0.491984,-0.169003,0.144967,2.537101,-0.108813,1.640286,#TechLinearMove
0.492261,-0.173936,0.144301,2.529700,-0.106465,1.639301,#TechLinearMove
0.492630,-0.178865,0.143648,2.522892,-0.104516,1.638438,#TechLinearMove
0.493019,-0.183791,0.142979,2.516087,-0.102948,1.637793,#TechLinearMove
0.493453,-0.188711,0.142303,2.510313,-0.099852,1.635899,#TechLinearMove
0.493930,-0.193629,0.141634,2.504181,-0.096121,1.633590,#TechLinearMove
0.494415,-0.198540,0.140929,2.498108,-0.091562,1.630681,#TechLinearMove
0.494915,-0.203439,0.140145,2.491825,-0.084733,1.626080,#TechLinearMove
0.495453,-0.208320,0.139282,2.485338,-0.075159,1.619333,#TechLinearMove
0.496018,-0.213185,0.138352,2.480395,-0.063443,1.610542,#TechLinearMove
0.496618,-0.218042,0.137397,2.472043,-0.051874,1.601755,#TechLinearMove
0.497267,-0.222872,0.136350,2.463257,-0.038186,1.591039,#TechLinearMove
0.497816,-0.227713,0.135293,2.452898,-0.023335,1.579252,#TechLinearMove
0.498116,-0.235574,0.133420,2.444325,0.003399,1.562159,#TechLinearMove
0.497974,-0.240691,0.132670,2.440080,0.016089,1.555834,#TechLinearMove
0.497393,-0.245824,0.132337,2.438124,0.029015,1.548104,#TechLinearMove
0.496649,-0.250940,0.132296,2.436433,0.038758,1.542001,#TechLinearMove
0.495670,-0.256008,0.132637,2.436725,0.052374,1.532946,#TechLinearMove
0.494562,-0.260993,0.133445,2.438587,0.067457,1.522922,#TechLinearMove
0.493378,-0.265916,0.134518,2.437433,0.084231,1.510825,#TechLinearMove
0.492192,-0.270844,0.135567,2.427735,0.105133,1.493458,#TechLinearMove
0.491164,-0.275826,0.136511,2.413421,0.127260,1.473764,#TechLinearMove
0.490296,-0.280875,0.137238,2.396066,0.146966,1.455020,#TechLinearMove
0.489479,-0.285932,0.137968,2.376215,0.171917,1.431807,#TechLinearMove
0.489017,-0.291062,0.138161,2.342039,0.192101,1.408238,#TechLinearMove
0.489343,-0.285693,0.138918,2.350814,0.217053,1.372259,#TechLinearMove
0.490352,-0.280894,0.138394,2.381788,0.183319,1.408630,#TechLinearMove
0.491207,-0.276082,0.137700,2.400856,0.153189,1.438391,#TechLinearMove
0.492465,-0.271418,0.136708,2.413663,0.127416,1.461985,#TechLinearMove
0.493892,-0.266872,0.135417,2.424384,0.095789,1.489323,#TechLinearMove
0.495200,-0.262288,0.134140,2.427945,0.068132,1.511621,#TechLinearMove
0.496304,-0.257584,0.133129,2.424546,0.051979,1.522992,#TechLinearMove
0.497260,-0.252787,0.132494,2.420636,0.042255,1.529216,#TechLinearMove
0.498053,-0.247918,0.132305,2.417656,0.029545,1.538020,#TechLinearMove
0.498465,-0.243011,0.132396,2.412310,0.023230,1.540036,#TechLinearMove
0.498228,-0.232929,0.134250,2.428690,0.015096,1.551969,#TechLinearMove
0.497819,-0.228220,0.135312,2.447301,-0.005358,1.568211,#TechLinearMove
0.497261,-0.223515,0.136316,2.463027,-0.023402,1.581831,#TechLinearMove
0.496690,-0.218798,0.137256,2.472870,-0.038773,1.593540,#TechLinearMove
0.496119,-0.214078,0.138185,2.483003,-0.053031,1.604008,#TechLinearMove
0.495548,-0.209357,0.139107,2.490416,-0.067200,1.614335,#TechLinearMove
0.494996,-0.204626,0.139986,2.495533,-0.078681,1.622618,#TechLinearMove
0.494488,-0.199875,0.140783,2.500600,-0.087253,1.628542,#TechLinearMove
0.494007,-0.195106,0.141479,2.505327,-0.094169,1.633200,#TechLinearMove
0.493531,-0.190328,0.142118,2.509445,-0.099271,1.636577,#TechLinearMove
0.493102,-0.185547,0.142766,2.513656,-0.103641,1.639404,#TechLinearMove
0.492722,-0.180760,0.143402,2.516971,-0.106854,1.641557,#TechLinearMove
0.492368,-0.175970,0.144025,2.519829,-0.109016,1.643022,#TechLinearMove
0.492098,-0.171178,0.144684,2.525325,-0.112108,1.644670,#TechLinearMove
0.491835,-0.166382,0.145307,2.530582,-0.114372,1.645818,#TechLinearMove
0.491580,-0.161583,0.145917,2.541684,-0.118799,1.647735,#TechLinearMove
0.491240,-0.156826,0.146764,2.549300,-0.126071,1.652175,#TechLinearMove
0.490753,-0.149387,0.147903,2.554297,-0.118169,1.647694,#TechLinearMove
0.490622,-0.144377,0.148244,2.553529,-0.116449,1.646005,#TechLinearMove
0.490380,-0.139377,0.148653,2.556086,-0.111502,1.641890,#TechLinearMove
0.490072,-0.134382,0.149087,2.552732,-0.108949,1.640369,#TechLinearMove
0.489764,-0.129387,0.149517,2.550801,-0.104943,1.637680,#TechLinearMove
0.489446,-0.124397,0.149990,2.550747,-0.100756,1.634571,#TechLinearMove
0.489097,-0.119415,0.150527,2.549597,-0.096810,1.631786,#TechLinearMove
0.488726,-0.114437,0.151094,2.548981,-0.092865,1.628928,#TechLinearMove
0.488381,-0.109454,0.151619,2.549021,-0.089423,1.626293,#TechLinearMove
0.488069,-0.104461,0.152068,2.548991,-0.085808,1.623527,#TechLinearMove
0.487791,-0.099465,0.152513,2.550527,-0.081142,1.619710,#TechLinearMove
0.487570,-0.094461,0.152884,2.554182,-0.074347,1.614035,#TechLinearMove
0.487209,-0.086410,0.153233,2.564384,-0.075826,1.616960,#TechLinearMove
0.486948,-0.081208,0.153518,2.567170,-0.060778,1.607885,#TechLinearMove
0.486678,-0.076002,0.153665,2.564872,-0.045756,1.598977,#TechLinearMove
0.486288,-0.070801,0.153713,2.563068,-0.035330,1.592775,#TechLinearMove
0.485966,-0.065595,0.153760,2.562364,-0.025463,1.586873,#TechLinearMove
0.485728,-0.060385,0.153775,2.561856,-0.015761,1.581044,#TechLinearMove
0.485527,-0.055174,0.153665,2.560970,-0.004863,1.574510,#TechLinearMove
0.485382,-0.049966,0.153413,2.560380,0.004345,1.569036,#TechLinearMove
0.485283,-0.044764,0.153047,2.560653,0.012071,1.564469,#TechLinearMove
0.485278,-0.039558,0.152764,2.563865,0.022436,1.558413,#TechLinearMove
0.485411,-0.034357,0.152418,2.565689,0.035904,1.550618,#TechLinearMove
0.485839,-0.024133,0.151399,2.564281,0.037794,1.547775,#TechLinearMove
0.485865,-0.019271,0.151340,2.566744,0.042350,1.544779,#TechLinearMove
0.485947,-0.014414,0.151136,2.568462,0.045016,1.542949,#TechLinearMove
0.486052,-0.009560,0.150871,2.570105,0.047492,1.541336,#TechLinearMove
0.486140,-0.004705,0.150627,2.571250,0.049045,1.540308,#TechLinearMove
0.486119,0.000149,0.150358,2.573253,0.051671,1.538670,#TechLinearMove
0.486053,0.005004,0.150106,2.575581,0.054866,1.536690,#TechLinearMove
0.485977,0.009859,0.149862,2.578084,0.057213,1.535270,#TechLinearMove
0.485913,0.014712,0.149564,2.579587,0.058115,1.534697,#TechLinearMove
0.485876,0.019559,0.149191,2.580547,0.058110,1.534644,#TechLinearMove
0.485853,0.024405,0.148790,2.581684,0.058687,1.534238,#TechLinearMove
0.485828,0.029252,0.148407,2.581668,0.060822,1.532784,#TechLinearMove
0.485782,0.034102,0.148067,2.582094,0.064300,1.530521,#TechLinearMove
0.485716,0.038956,0.147803,2.582442,0.069393,1.527257,#TechLinearMove
0.485645,0.043813,0.147591,2.580950,0.073091,1.524652,#TechLinearMove
0.485743,0.048667,0.147334,2.579816,0.076357,1.522254,#TechLinearMove
0.485873,0.053517,0.147013,2.577998,0.083461,1.517379,#TechLinearMove
0.485475,0.061308,0.146967,2.580180,0.091253,1.513125,#TechLinearMove
0.485173,0.066064,0.146638,2.584129,0.097247,1.510486,#TechLinearMove
0.485094,0.070825,0.146247,2.582286,0.107806,1.504201,#TechLinearMove
0.485029,0.075583,0.145840,2.580132,0.115778,1.499254,#TechLinearMove
0.485067,0.080316,0.145191,2.578974,0.126084,1.492983,#TechLinearMove
0.485203,0.085022,0.144378,2.578439,0.137908,1.485827,#TechLinearMove
0.485638,0.089713,0.143579,2.577426,0.148581,1.479269,#TechLinearMove
0.485937,0.094380,0.142600,2.576289,0.163220,1.470419,#TechLinearMove
0.486268,0.099025,0.141532,2.571968,0.176555,1.461652,#TechLinearMove
0.486702,0.103644,0.140389,2.568774,0.188222,1.453957,#TechLinearMove
0.487159,0.108249,0.139198,2.566170,0.204442,1.443687,#TechLinearMove
0.487562,0.112868,0.138043,2.564086,0.217045,1.435941,#TechLinearMove
0.490291,0.117051,0.138279,2.569399,0.220597,1.433097,#TechLinearMove
0.493583,0.121137,0.138656,2.564403,0.211574,1.436918,#TechLinearMove
0.497023,0.125099,0.139154,2.563438,0.207039,1.439229,#TechLinearMove
0.500174,0.129316,0.139417,2.558693,0.202491,1.440463,#TechLinearMove
0.503548,0.133318,0.140037,2.556231,0.203276,1.439044,#TechLinearMove
0.506701,0.137505,0.140602,2.552312,0.205293,1.436436,#TechLinearMove
0.509866,0.141646,0.141255,2.547931,0.214935,1.428486,#TechLinearMove
0.509337,0.141901,0.142065,2.547931,0.214935,1.428486,#TechMoveTo
0.562201,0.147655,0.174562,2.515636,0.231806,1.425632,#TechMoveTo
0.562753,0.147386,0.173773,2.515636,0.231806,1.425632,#TechMoveTo
0.563861,0.144448,0.175287,2.515924,0.217265,1.425932,#TechLinearMove
0.565430,0.139985,0.178021,2.517326,0.199378,1.436431,#TechLinearMove
0.566879,0.135509,0.180815,2.519737,0.187021,1.444104,#TechLinearMove
0.568358,0.131126,0.183747,2.520708,0.179697,1.447862,#TechLinearMove
0.569792,0.126704,0.186644,2.521822,0.176559,1.448774,#TechLinearMove
0.571370,0.122345,0.189559,2.519227,0.173322,1.448044,#TechLinearMove
0.571867,0.117666,0.191116,2.523541,0.171949,1.449927,#TechLinearMove
0.572166,0.112993,0.192418,2.525556,0.160161,1.458266,#TechLinearMove
0.572463,0.108266,0.193527,2.528227,0.153514,1.463304,#TechLinearMove
0.572749,0.103515,0.194536,2.531904,0.143765,1.470602,#TechLinearMove
0.573083,0.098771,0.195561,2.535274,0.130648,1.480143,#TechLinearMove
0.573375,0.094014,0.196531,2.539090,0.117992,1.489398,#TechLinearMove
0.573652,0.089245,0.197443,2.543136,0.104471,1.499242,#TechLinearMove
0.574016,0.084496,0.198437,2.545641,0.088382,1.510570,#TechLinearMove
0.574287,0.079746,0.199455,2.547637,0.077647,1.518036,#TechLinearMove
0.574567,0.074992,0.200450,2.549641,0.067143,1.525252,#TechLinearMove
0.574912,0.070235,0.201406,2.552835,0.053287,1.534869,#TechLinearMove
0.575452,0.059646,0.201356,2.567975,0.047546,1.539662,#TechLinearMove
0.575963,0.054814,0.201080,2.582696,0.028553,1.551290,#TechLinearMove
0.576234,0.049953,0.201080,2.593683,0.008572,1.563090,#TechLinearMove
0.576431,0.045086,0.201089,2.601851,-0.000729,1.568367,#TechLinearMove
0.576647,0.040221,0.201039,2.608704,-0.013847,1.575924,#TechLinearMove
0.576881,0.035357,0.200979,2.617272,-0.025470,1.582373,#TechLinearMove
0.577183,0.030497,0.200919,2.625011,-0.035693,1.587935,#TechLinearMove
0.577459,0.025638,0.200763,2.632756,-0.041880,1.591060,#TechLinearMove
0.577684,0.020780,0.200502,2.641494,-0.045973,1.592812,#TechLinearMove
0.577923,0.015925,0.200207,2.650806,-0.050644,1.594758,#TechLinearMove
0.578214,0.011074,0.199885,2.660989,-0.054481,1.596084,#TechLinearMove
0.578605,0.006235,0.199506,2.671998,-0.056558,1.596316,#TechLinearMove
0.579132,0.001408,0.199133,2.682218,-0.059835,1.597207,#TechLinearMove
0.579651,-0.003417,0.198736,2.694314,-0.064211,1.598438,#TechLinearMove
0.580264,-0.008210,0.198126,2.710067,-0.069624,1.599921,#TechLinearMove
0.580781,-0.013026,0.197642,2.726709,-0.083782,1.605439,#TechLinearMove
0.581579,-0.020566,0.197962,2.729648,-0.082411,1.605642,#TechLinearMove
0.581548,-0.025499,0.198245,2.736554,-0.080460,1.605260,#TechLinearMove
0.581568,-0.030436,0.198412,2.740546,-0.075860,1.603908,#TechLinearMove
0.581683,-0.035374,0.198516,2.744822,-0.074374,1.603477,#TechLinearMove
0.581686,-0.040316,0.198507,2.750049,-0.072512,1.602811,#TechLinearMove
0.581711,-0.045256,0.198442,2.753181,-0.071633,1.602727,#TechLinearMove
0.581784,-0.050195,0.198316,2.755824,-0.072774,1.603499,#TechLinearMove
0.581914,-0.055131,0.198108,2.758779,-0.074576,1.604505,#TechLinearMove
0.582096,-0.060060,0.197821,2.761335,-0.078389,1.606355,#TechLinearMove
0.582460,-0.064979,0.197544,2.763520,-0.083007,1.608560,#TechLinearMove
0.582765,-0.069904,0.197295,2.767719,-0.088873,1.611426,#TechLinearMove
0.583077,-0.074830,0.197069,2.769804,-0.092981,1.613900,#TechLinearMove
0.583597,-0.082565,0.196218,2.767688,-0.088797,1.609031,#TechLinearMove
0.584331,-0.087423,0.195677,2.766277,-0.099118,1.613701,#TechLinearMove
0.584896,-0.092306,0.195145,2.765377,-0.106388,1.617023,#TechLinearMove
0.585451,-0.097190,0.194623,2.765516,-0.112079,1.619407,#TechLinearMove
0.586031,-0.102071,0.194090,2.767283,-0.118870,1.621999,#TechLinearMove
0.586600,-0.106953,0.193560,2.768929,-0.127467,1.625252,#TechLinearMove
0.586913,-0.111857,0.193016,2.769148,-0.135216,1.628444,#TechLinearMove
0.587231,-0.116764,0.192510,2.766497,-0.140499,1.631117,#TechLinearMove
0.587547,-0.121674,0.192017,2.765622,-0.145279,1.633301,#TechLinearMove
0.587845,-0.126587,0.191558,2.762628,-0.150239,1.635919,#TechLinearMove
0.588144,-0.131500,0.191094,2.756917,-0.156936,1.639818,#TechLinearMove
0.588401,-0.136417,0.190649,2.746690,-0.161770,1.643996,#TechLinearMove
0.589162,-0.148487,0.189403,2.745225,-0.141206,1.632676,#TechLinearMove
0.589677,-0.153432,0.188596,2.743591,-0.120497,1.622565,#TechLinearMove
0.590431,-0.158372,0.187978,2.747193,-0.100710,1.612260,#TechLinearMove
0.590949,-0.163360,0.187517,2.753159,-0.083157,1.603230,#TechLinearMove
0.591371,-0.168362,0.187112,2.757714,-0.070882,1.597020,#TechLinearMove
0.591748,-0.173374,0.186788,2.761688,-0.058464,1.590890,#TechLinearMove
0.592074,-0.178393,0.186547,2.766922,-0.046640,1.584904,#TechLinearMove
0.592342,-0.183420,0.186409,2.769248,-0.032012,1.578024,#TechLinearMove
0.592544,-0.188452,0.186366,2.768781,-0.014761,1.570288,#TechLinearMove
0.592696,-0.193486,0.186399,2.768492,0.001928,1.562690,#TechLinearMove
0.592845,-0.198520,0.186456,2.767667,0.019481,1.554768,#TechLinearMove
0.593015,-0.203553,0.186449,2.766450,0.036633,1.547159,#TechLinearMove
0.593149,-0.208586,0.186336,2.766236,0.052125,1.540294,#TechLinearMove
0.593148,-0.213618,0.186339,2.764224,0.071637,1.531284,#TechLinearMove
0.593137,-0.218653,0.186417,2.754483,0.099187,1.518182,#TechLinearMove
0.593341,-0.223679,0.186198,2.738815,0.133435,1.501828,#TechLinearMove
0.593834,-0.231300,0.184919,2.752017,0.116111,1.516047,#TechLinearMove
0.594942,-0.236194,0.184177,2.781523,0.126852,1.517703,#TechLinearMove
0.595418,-0.241246,0.183965,2.813257,0.127057,1.521830,#TechLinearMove
0.595754,-0.246307,0.183880,2.831893,0.131580,1.523567,#TechLinearMove
0.595732,-0.251359,0.184331,2.852283,0.137517,1.525467,#TechLinearMove
0.595332,-0.256313,0.185375,2.860823,0.148971,1.523957,#TechLinearMove
0.594678,-0.261167,0.186733,2.860259,0.165400,1.519706,#TechLinearMove
0.593957,-0.265950,0.188291,2.865173,0.180218,1.516991,#TechLinearMove
0.593351,-0.270749,0.189850,2.867280,0.204077,1.511236,#TechLinearMove
0.592770,-0.275585,0.191298,2.860214,0.234779,1.502528,#TechLinearMove
0.592012,-0.280307,0.192998,2.858547,0.267632,1.494114,#TechLinearMove
0.591680,-0.285159,0.194410,2.862155,0.302631,1.486013,#TechLinearMove
0.592092,-0.279935,0.194110,2.895611,0.248567,1.508538,#TechLinearMove
0.592652,-0.275415,0.192117,2.897179,0.205645,1.515276,#TechLinearMove
0.593286,-0.270861,0.190219,2.884227,0.189166,1.515432,#TechLinearMove
0.594002,-0.266326,0.188306,2.878145,0.171706,1.517385,#TechLinearMove
0.594921,-0.261815,0.186425,2.873132,0.155851,1.519257,#TechLinearMove
0.595874,-0.257233,0.184778,2.860694,0.150060,1.517747,#TechLinearMove
0.596238,-0.252417,0.183622,2.834276,0.157282,1.511476,#TechLinearMove
0.596195,-0.247473,0.183061,2.817259,0.151847,1.509160,#TechLinearMove
0.595828,-0.242542,0.182786,2.789478,0.140163,1.505792,#TechLinearMove
0.594262,-0.232071,0.184767,2.771998,0.137184,1.510877,#TechLinearMove
0.593704,-0.227293,0.185515,2.773875,0.103324,1.525647,#TechLinearMove
0.593436,-0.222443,0.185879,2.778827,0.072006,1.539323,#TechLinearMove
0.593187,-0.217592,0.186257,2.782281,0.046711,1.549506,#TechLinearMove
0.593032,-0.212731,0.186530,2.785507,0.026517,1.557527,#TechLinearMove
0.592860,-0.207863,0.186628,2.791312,0.004590,1.566634,#TechLinearMove
0.592810,-0.202992,0.186597,2.794134,-0.016021,1.575289,#TechLinearMove
0.592885,-0.198121,0.186502,2.793124,-0.032934,1.582436,#TechLinearMove
0.592990,-0.193251,0.186386,2.791284,-0.047766,1.588755,#TechLinearMove
0.593031,-0.188380,0.186323,2.788172,-0.060226,1.594309,#TechLinearMove
0.592991,-0.183508,0.186369,2.781729,-0.069785,1.599106,#TechLinearMove
0.592893,-0.178640,0.186541,2.773072,-0.080004,1.604428,#TechLinearMove
0.592706,-0.173782,0.186859,2.764246,-0.090412,1.609954,#TechLinearMove
0.592397,-0.168938,0.187275,2.755216,-0.097002,1.614224,#TechLinearMove
0.591937,-0.164110,0.187741,2.745262,-0.108566,1.620654,#TechLinearMove
0.591499,-0.159297,0.188355,2.734836,-0.123982,1.629373,#TechLinearMove
0.590868,-0.154535,0.189169,2.725429,-0.138859,1.638003,#TechLinearMove
0.590483,-0.146415,0.190419,2.744897,-0.138850,1.631756,#TechLinearMove
0.589706,-0.141367,0.190621,2.752749,-0.137359,1.630436,#TechLinearMove
0.589160,-0.136295,0.190977,2.760893,-0.136889,1.629323,#TechLinearMove
0.588648,-0.131222,0.191359,2.766232,-0.136322,1.628506,#TechLinearMove
0.588152,-0.126146,0.191727,2.770187,-0.133275,1.626991,#TechLinearMove
0.587642,-0.121074,0.192121,2.773351,-0.129562,1.625365,#TechLinearMove
0.587211,-0.116001,0.192589,2.774602,-0.125823,1.624025,#TechLinearMove
0.586880,-0.110926,0.193122,2.774597,-0.121236,1.622550,#TechLinearMove
0.586535,-0.105857,0.193693,2.773012,-0.115035,1.620654,#TechLinearMove
0.586157,-0.100795,0.194308,2.768934,-0.107909,1.618750,#TechLinearMove
0.585781,-0.095733,0.194928,2.767352,-0.100550,1.616535,#TechLinearMove
0.585392,-0.090673,0.195554,2.764954,-0.092846,1.614327,#TechLinearMove
0.584728,-0.082539,0.196645,2.770966,-0.085739,1.607508,#TechLinearMove
0.584421,-0.077347,0.197145,2.768374,-0.086569,1.607234,#TechLinearMove
0.583859,-0.072161,0.197425,2.766371,-0.085447,1.606395,#TechLinearMove
0.583394,-0.066967,0.197748,2.765020,-0.083210,1.605248,#TechLinearMove
0.582959,-0.061767,0.198021,2.763762,-0.081030,1.604106,#TechLinearMove
0.582543,-0.056564,0.198249,2.761605,-0.079214,1.603182,#TechLinearMove
0.582173,-0.051355,0.198404,2.758877,-0.078270,1.602657,#TechLinearMove
0.581860,-0.046140,0.198479,2.756087,-0.080153,1.603266,#TechLinearMove
0.581692,-0.040919,0.198526,2.752496,-0.083092,1.604376,#TechLinearMove
0.581596,-0.035697,0.198649,2.748014,-0.086850,1.605694,#TechLinearMove
0.581621,-0.030473,0.198622,2.742129,-0.095730,1.609052,#TechLinearMove
0.581958,-0.020219,0.198143,2.739898,-0.085257,1.605860,#TechLinearMove
0.581859,-0.015182,0.198310,2.723370,-0.070909,1.600290,#TechLinearMove
0.581277,-0.010203,0.198750,2.708160,-0.060154,1.595989,#TechLinearMove
0.580788,-0.005193,0.199023,2.696975,-0.055142,1.594159,#TechLinearMove
0.580258,-0.000192,0.199378,2.685527,-0.049993,1.592380,#TechLinearMove
0.579710,0.004805,0.199759,2.674905,-0.046796,1.591433,#TechLinearMove
0.579144,0.009799,0.200156,2.663852,-0.044737,1.591092,#TechLinearMove
0.578653,0.014808,0.200448,2.653940,-0.043264,1.590919,#TechLinearMove
0.578273,0.019828,0.200721,2.646197,-0.040726,1.589974,#TechLinearMove
0.577840,0.024847,0.200912,2.639208,-0.035313,1.587327,#TechLinearMove
0.577449,0.029873,0.201012,2.630714,-0.030637,1.585068,#TechLinearMove
0.577337,0.034910,0.201191,2.622455,-0.022495,1.580848,#TechLinearMove
0.577103,0.039945,0.201240,2.614826,-0.012928,1.575580,#TechLinearMove
0.576871,0.044981,0.201288,2.605986,-0.001845,1.569296,#TechLinearMove
0.576809,0.050022,0.201244,2.594498,0.016726,1.558613,#TechLinearMove
0.576314,0.055029,0.201487,2.582259,0.040814,1.544222,#TechLinearMove
0.575474,0.062648,0.201777,2.578056,0.036335,1.547301,#TechLinearMove
0.574858,0.067551,0.200993,2.569396,0.044311,1.541556,#TechLinearMove
0.574309,0.072453,0.200140,2.562684,0.059023,1.531433,#TechLinearMove
0.573937,0.077388,0.199400,2.556206,0.068591,1.524589,#TechLinearMove
0.573661,0.082311,0.198540,2.552410,0.080090,1.516550,#TechLinearMove
0.573302,0.087204,0.197542,2.549450,0.094592,1.506495,#TechLinearMove
0.572991,0.092105,0.196566,2.544635,0.111260,1.494592,#TechLinearMove
0.572705,0.096998,0.195545,2.538872,0.128495,1.482008,#TechLinearMove
0.572480,0.101893,0.194525,2.533590,0.142048,1.471938,#TechLinearMove
0.572311,0.106810,0.193597,2.526642,0.158573,1.459470,#TechLinearMove
0.571931,0.111689,0.192552,2.516530,0.175273,1.445963,#TechLinearMove
0.570895,0.113667,0.191150,2.513147,0.171509,1.447570,#TechLinearMove
0.569866,0.118223,0.189193,2.515345,0.176202,1.446714,#TechLinearMove
0.568958,0.122770,0.187163,2.519025,0.177988,1.447560,#TechLinearMove
0.568358,0.127388,0.185171,2.521674,0.180332,1.447697,#TechLinearMove
0.567201,0.131622,0.182645,2.524110,0.183573,1.447210,#TechLinearMove
0.565956,0.135779,0.180034,2.525386,0.188886,1.445079,#TechLinearMove
0.564740,0.140008,0.177529,2.522607,0.199600,1.438116,#TechLinearMove
0.563861,0.144448,0.175287,2.518539,0.215125,1.428137,#TechLinearMove
0.563308,0.144703,0.176080,2.518539,0.215125,1.428137,#TechMoveTo
0.512282,0.145878,0.143027,2.539599,0.230476,1.416654,#TechMoveTo
0.512812,0.145605,0.142225,2.539599,0.230476,1.416654,#TechMoveTo
0.512812,0.145605,0.142225,2.539599,0.230476,1.416654,#TechStartPoint
0.512507,0.142528,0.142827,2.548188,0.215894,1.428005,#TechLinearMove
0.511909,0.137999,0.143732,2.554820,0.203907,1.440096,#TechLinearMove
0.511806,0.133482,0.144933,2.559305,0.197520,1.446926,#TechLinearMove
0.511510,0.128962,0.146088,2.564832,0.193211,1.452687,#TechLinearMove
0.511712,0.124535,0.147518,2.571736,0.190318,1.458893,#TechLinearMove
0.510720,0.116845,0.148764,2.580256,0.192071,1.455649,#TechLinearMove
0.510648,0.111779,0.149645,2.584348,0.186509,1.459215,#TechLinearMove
0.510424,0.106753,0.150735,2.590468,0.175436,1.466747,#TechLinearMove
0.510063,0.101735,0.151829,2.595016,0.167113,1.472328,#TechLinearMove
0.509675,0.096728,0.152969,2.598891,0.155425,1.479698,#TechLinearMove
0.509273,0.091729,0.154138,2.603280,0.141136,1.488714,#TechLinearMove
0.508868,0.086733,0.155316,2.608989,0.129206,1.496585,#TechLinearMove
0.508397,0.081717,0.156373,2.613730,0.121103,1.501923,#TechLinearMove
0.507761,0.076707,0.157370,2.618516,0.112255,1.507425,#TechLinearMove
0.507332,0.071663,0.158303,2.621874,0.103921,1.512257,#TechLinearMove
0.507421,0.061406,0.158143,2.633663,0.113747,1.508413,#TechLinearMove
0.507532,0.056551,0.157893,2.628651,0.100316,1.515176,#TechLinearMove
0.507430,0.051696,0.158119,2.624292,0.085801,1.522949,#TechLinearMove
0.507329,0.046839,0.158340,2.622311,0.077949,1.527175,#TechLinearMove
0.507349,0.041983,0.158615,2.621260,0.070943,1.530978,#TechLinearMove
0.507358,0.037135,0.158998,2.618435,0.060573,1.536438,#TechLinearMove
0.507314,0.032297,0.159501,2.617695,0.053901,1.540066,#TechLinearMove
0.507226,0.027472,0.160105,2.618934,0.049321,1.542723,#TechLinearMove
0.507104,0.022659,0.160792,2.621184,0.044855,1.545384,#TechLinearMove
0.506970,0.017849,0.161504,2.624554,0.042688,1.546791,#TechLinearMove
0.506860,0.013031,0.162157,2.628554,0.043000,1.546781,#TechLinearMove
0.506811,0.008196,0.162681,2.632612,0.043702,1.546516,#TechLinearMove
0.506825,0.003347,0.163062,2.636057,0.043768,1.546580,#TechLinearMove
0.506841,-0.001508,0.163347,2.638255,0.042195,1.547534,#TechLinearMove
0.506757,-0.006367,0.163535,2.641684,0.039377,1.549230,#TechLinearMove
0.506664,-0.011225,0.163755,2.645906,0.036753,1.550830,#TechLinearMove
0.506636,-0.016088,0.163807,2.647608,0.033989,1.552397,#TechLinearMove
0.506765,-0.023903,0.163520,2.650972,0.028794,1.555331,#TechLinearMove
0.506925,-0.028690,0.163708,2.656825,0.018730,1.560830,#TechLinearMove
0.507139,-0.033476,0.163972,2.663015,0.007942,1.566548,#TechLinearMove
0.507302,-0.038271,0.164119,2.667212,-0.001135,1.571304,#TechLinearMove
0.507466,-0.043066,0.164261,2.672673,-0.006854,1.574252,#TechLinearMove
0.507634,-0.047860,0.164404,2.676339,-0.012569,1.577169,#TechLinearMove
0.507811,-0.052655,0.164527,2.680962,-0.015444,1.578638,#TechLinearMove
0.508018,-0.057450,0.164567,2.682643,-0.020961,1.581447,#TechLinearMove
0.508113,-0.062246,0.164430,2.686760,-0.025452,1.583652,#TechLinearMove
0.508313,-0.067035,0.164191,2.691530,-0.031241,1.586363,#TechLinearMove
0.508488,-0.071826,0.163953,2.697177,-0.037085,1.589133,#TechLinearMove
0.508672,-0.076615,0.163696,2.701718,-0.044241,1.592578,#TechLinearMove
0.509438,-0.084660,0.163002,2.703968,-0.056618,1.597547,#TechLinearMove
0.509655,-0.089583,0.162670,2.711177,-0.070868,1.602870,#TechLinearMove
0.510003,-0.094498,0.162340,2.719554,-0.084605,1.607719,#TechLinearMove
0.510268,-0.099412,0.161927,2.726835,-0.095114,1.611308,#TechLinearMove
0.510495,-0.104326,0.161490,2.732736,-0.104559,1.614466,#TechLinearMove
0.510797,-0.109239,0.161086,2.737277,-0.111216,1.616582,#TechLinearMove
0.511074,-0.114157,0.160719,2.739178,-0.117363,1.618742,#TechLinearMove
0.511375,-0.119071,0.160323,2.743611,-0.122707,1.620209,#TechLinearMove
0.511692,-0.123978,0.159867,2.744889,-0.129891,1.622850,#TechLinearMove
0.511967,-0.128880,0.159329,2.745405,-0.135401,1.624928,#TechLinearMove
0.512342,-0.133781,0.158856,2.745651,-0.142460,1.627584,#TechLinearMove
0.512633,-0.138694,0.158463,2.746324,-0.154071,1.632029,#TechLinearMove
0.513304,-0.148954,0.156933,2.738670,-0.150401,1.633230,#TechLinearMove
0.513605,-0.153895,0.156276,2.736675,-0.137862,1.627402,#TechLinearMove
0.513933,-0.158830,0.155584,2.735212,-0.125278,1.621441,#TechLinearMove
0.514274,-0.163758,0.154856,2.734987,-0.117610,1.617755,#TechLinearMove
0.514615,-0.168688,0.154138,2.735124,-0.109572,1.613913,#TechLinearMove
0.514930,-0.173624,0.153450,2.734976,-0.101778,1.610229,#TechLinearMove
0.515228,-0.178567,0.152805,2.732768,-0.095728,1.607552,#TechLinearMove
0.515511,-0.183513,0.152179,2.727354,-0.088102,1.604542,#TechLinearMove
0.515799,-0.188457,0.151541,2.719949,-0.078266,1.600669,#TechLinearMove
0.516101,-0.193398,0.150882,2.710021,-0.065543,1.595516,#TechLinearMove
0.516439,-0.198336,0.150220,2.696984,-0.050053,1.589076,#TechLinearMove
0.516825,-0.203272,0.149569,2.682791,-0.033943,1.581913,#TechLinearMove
0.517208,-0.208208,0.148921,2.668010,-0.017201,1.573975,#TechLinearMove
0.517582,-0.213148,0.148296,2.653880,-0.002770,1.567192,#TechLinearMove
0.517939,-0.218093,0.147698,2.639950,0.010896,1.560637,#TechLinearMove
0.518365,-0.223025,0.147042,2.617327,0.036844,1.547164,#TechLinearMove
0.518884,-0.227941,0.146335,2.600065,0.061956,1.532812,#TechLinearMove
0.519378,-0.236016,0.145705,2.602957,0.059762,1.534517,#TechLinearMove
0.519292,-0.240789,0.146463,2.596795,0.074801,1.521909,#TechLinearMove
0.518883,-0.245472,0.147633,2.579068,0.093510,1.505496,#TechLinearMove
0.518500,-0.250180,0.148720,2.568829,0.104841,1.495414,#TechLinearMove
0.518051,-0.254846,0.149953,2.561910,0.116072,1.485660,#TechLinearMove
0.517563,-0.259483,0.151278,2.552007,0.129117,1.474421,#TechLinearMove
0.517285,-0.264132,0.152621,2.540711,0.145967,1.459805,#TechLinearMove
0.517022,-0.268798,0.153908,2.531284,0.160082,1.447387,#TechLinearMove
0.516673,-0.273503,0.155017,2.525611,0.174982,1.434934,#TechLinearMove
0.516408,-0.278220,0.156100,2.524843,0.186090,1.426116,#TechLinearMove
0.516320,-0.282981,0.156982,2.523544,0.201258,1.413563,#TechLinearMove
0.516556,-0.287771,0.157680,2.518749,0.221245,1.396333,#TechLinearMove
0.516515,-0.282331,0.156485,2.517357,0.218421,1.406805,#TechLinearMove
0.516319,-0.277251,0.155964,2.533674,0.190076,1.431971,#TechLinearMove
0.516418,-0.272234,0.154988,2.532097,0.175469,1.442352,#TechLinearMove
0.516725,-0.267266,0.153829,2.535027,0.158078,1.455681,#TechLinearMove
0.517216,-0.262377,0.152425,2.546854,0.138593,1.471784,#TechLinearMove
0.517806,-0.257562,0.150812,2.559629,0.121880,1.485760,#TechLinearMove
0.518411,-0.252772,0.149130,2.569299,0.107234,1.497373,#TechLinearMove
0.519007,-0.247961,0.147505,2.583325,0.087646,1.512589,#TechLinearMove
0.519325,-0.243149,0.145837,2.615365,0.059228,1.535725,#TechLinearMove
0.519254,-0.233023,0.145893,2.614232,0.045099,1.544053,#TechLinearMove
0.518717,-0.227957,0.146519,2.626576,0.025448,1.554639,#TechLinearMove
0.518257,-0.222890,0.147201,2.638152,0.004628,1.565412,#TechLinearMove
0.517914,-0.217797,0.147741,2.648486,-0.009714,1.572509,#TechLinearMove
0.517543,-0.212714,0.148348,2.658135,-0.021923,1.578213,#TechLinearMove
0.517155,-0.207636,0.148996,2.672408,-0.037602,1.585401,#TechLinearMove
0.516753,-0.202562,0.149659,2.683707,-0.051021,1.591136,#TechLinearMove
0.516350,-0.197487,0.150316,2.696934,-0.066427,1.597657,#TechLinearMove
0.516024,-0.192410,0.150995,2.706539,-0.077084,1.601814,#TechLinearMove
0.515709,-0.187331,0.151669,2.716985,-0.088974,1.606332,#TechLinearMove
0.515414,-0.182248,0.152318,2.728077,-0.098098,1.609327,#TechLinearMove
0.515126,-0.177163,0.152961,2.736218,-0.105361,1.611620,#TechLinearMove
0.514804,-0.172086,0.153645,2.740828,-0.112566,1.614279,#TechLinearMove
0.514475,-0.167016,0.154372,2.743621,-0.120823,1.617605,#TechLinearMove
0.514130,-0.161947,0.155106,2.747793,-0.132856,1.622504,#TechLinearMove
0.513820,-0.156871,0.155799,2.751837,-0.146331,1.627958,#TechLinearMove
0.513305,-0.148940,0.156905,2.737130,-0.151910,1.634170,#TechLinearMove
0.512973,-0.143844,0.157661,2.735309,-0.139572,1.629455,#TechLinearMove
0.512716,-0.138720,0.158234,2.734150,-0.133594,1.627240,#TechLinearMove
0.512389,-0.133601,0.158830,2.734112,-0.131104,1.626286,#TechLinearMove
0.512004,-0.128483,0.159389,2.731482,-0.125971,1.624627,#TechLinearMove
0.511636,-0.123359,0.159903,2.730833,-0.118291,1.621568,#TechLinearMove
0.511299,-0.118226,0.160358,2.732292,-0.112314,1.618923,#TechLinearMove
0.510985,-0.113089,0.160768,2.731335,-0.108082,1.617370,#TechLinearMove
0.510679,-0.107951,0.161173,2.729179,-0.102865,1.615546,#TechLinearMove
0.510359,-0.102815,0.161596,2.727038,-0.095261,1.612691,#TechLinearMove
0.510095,-0.097677,0.162036,2.723999,-0.084542,1.608658,#TechLinearMove
0.509953,-0.092528,0.162380,2.720039,-0.074675,1.605080,#TechLinearMove
0.509438,-0.084660,0.163002,2.720309,-0.079426,1.606535,#TechLinearMove
0.509027,-0.079657,0.163417,2.710078,-0.058922,1.597666,#TechLinearMove
0.508745,-0.074638,0.163752,2.702732,-0.048432,1.593193,#TechLinearMove
0.508367,-0.069623,0.164038,2.696504,-0.038535,1.588882,#TechLinearMove
0.507902,-0.064610,0.164227,2.690878,-0.029437,1.584711,#TechLinearMove
0.507535,-0.059588,0.164331,2.685716,-0.023142,1.581790,#TechLinearMove
0.507283,-0.054556,0.164327,2.681678,-0.019689,1.580187,#TechLinearMove
0.507076,-0.049524,0.164222,2.676917,-0.017372,1.579140,#TechLinearMove
0.506892,-0.044491,0.164071,2.671626,-0.012249,1.576653,#TechLinearMove
0.506601,-0.039467,0.163881,2.664608,-0.002651,1.571903,#TechLinearMove
0.506706,-0.034436,0.163647,2.657936,0.004293,1.568423,#TechLinearMove
0.506749,-0.024130,0.163554,2.649420,0.015498,1.562286,#TechLinearMove
0.506670,-0.019284,0.163714,2.647992,0.022485,1.558525,#TechLinearMove
0.506582,-0.014439,0.163608,2.647703,0.030490,1.554248,#TechLinearMove
0.506447,-0.009595,0.163427,2.645319,0.034741,1.551881,#TechLinearMove
0.506354,-0.004750,0.163225,2.642056,0.038942,1.549493,#TechLinearMove
0.506282,0.000092,0.162973,2.638693,0.042674,1.547327,#TechLinearMove
0.506245,0.004931,0.162646,2.636051,0.044227,1.546399,#TechLinearMove
0.506257,0.009762,0.162220,2.633323,0.044237,1.546348,#TechLinearMove
0.506333,0.014576,0.161651,2.630156,0.045631,1.545472,#TechLinearMove
0.506462,0.019376,0.160965,2.626816,0.048189,1.543911,#TechLinearMove
0.506604,0.024170,0.160252,2.623215,0.050467,1.542485,#TechLinearMove
0.506770,0.028971,0.159590,2.620178,0.054141,1.540255,#TechLinearMove
0.506998,0.033788,0.159078,2.619875,0.059891,1.537055,#TechLinearMove
0.507184,0.038617,0.158674,2.620336,0.069959,1.531500,#TechLinearMove
0.507321,0.043455,0.158369,2.620522,0.078508,1.526684,#TechLinearMove
0.507570,0.048266,0.157816,2.620003,0.090474,1.519953,#TechLinearMove
0.507681,0.053105,0.157567,2.622317,0.105813,1.511557,#TechLinearMove
0.507404,0.061038,0.158181,2.627087,0.106410,1.511413,#TechLinearMove
0.507440,0.065933,0.158074,2.621880,0.111310,1.508815,#TechLinearMove
0.507636,0.070809,0.157644,2.618423,0.117091,1.505801,#TechLinearMove
0.507779,0.075680,0.157173,2.615879,0.123362,1.502328,#TechLinearMove
0.507911,0.080509,0.156363,2.612874,0.131719,1.497536,#TechLinearMove
0.508156,0.085291,0.155323,2.608869,0.139994,1.492506,#TechLinearMove
0.508541,0.090045,0.154204,2.602177,0.149484,1.486163,#TechLinearMove
0.508926,0.094803,0.153099,2.599028,0.159179,1.480356,#TechLinearMove
0.509298,0.099567,0.152015,2.593847,0.170569,1.473120,#TechLinearMove
0.509653,0.104338,0.150957,2.588591,0.179938,1.466978,#TechLinearMove
0.509947,0.109098,0.149844,2.581492,0.192809,1.458561,#TechLinearMove
0.510510,0.113921,0.149201,2.574233,0.204131,1.451090,#TechLinearMove
0.510632,0.115925,0.148965,2.579286,0.204222,1.448053,#TechLinearMove
0.511205,0.121296,0.148002,2.572999,0.198945,1.448598,#TechLinearMove
0.511598,0.126622,0.146802,2.567120,0.193862,1.449517,#TechLinearMove
0.511778,0.131915,0.145370,2.559311,0.195543,1.445690,#TechLinearMove
0.511977,0.137215,0.143964,2.552877,0.204403,1.437644,#TechLinearMove
0.512507,0.142528,0.142827,2.547227,0.217036,1.426984,#TechLinearMove
0.511978,0.142785,0.143636,2.547227,0.217036,1.426984,#TechMoveTo
0.562201,0.147655,0.174562,2.515636,0.231806,1.425632,#TechMoveTo
0.562753,0.147386,0.173773,2.515636,0.231806,1.425632,#TechMoveTo
0.563173,0.144436,0.174830,2.511771,0.219686,1.423029,#TechLinearMove
0.562424,0.139239,0.176152,2.520413,0.195617,1.438936,#TechLinearMove
0.561700,0.134041,0.177477,2.526200,0.178371,1.450286,#TechLinearMove
0.561025,0.128819,0.178734,2.530377,0.167820,1.456470,#TechLinearMove
0.560424,0.123571,0.179921,2.534715,0.160894,1.459131,#TechLinearMove
0.559931,0.118333,0.180718,2.531169,0.165714,1.455501,#TechLinearMove
0.559443,0.113529,0.181608,2.532613,0.159093,1.460357,#TechLinearMove
0.559021,0.108684,0.182295,2.533389,0.153979,1.464035,#TechLinearMove
0.558560,0.103832,0.182907,2.535498,0.147164,1.469159,#TechLinearMove
0.558043,0.098988,0.183528,2.537365,0.135541,1.477451,#TechLinearMove
0.557523,0.094144,0.184153,2.539730,0.121017,1.487780,#TechLinearMove
0.556969,0.089313,0.184842,2.543114,0.104598,1.499472,#TechLinearMove
0.556362,0.084508,0.185654,2.547323,0.089105,1.510529,#TechLinearMove
0.555751,0.079723,0.186580,2.552259,0.077820,1.518764,#TechLinearMove
0.555204,0.074942,0.187560,2.557761,0.069584,1.524995,#TechLinearMove
0.554640,0.070171,0.188581,2.564860,0.059451,1.532535,#TechLinearMove
0.554923,0.060068,0.188383,2.561802,0.055745,1.534610,#TechLinearMove
0.555464,0.055102,0.188027,2.573669,0.043535,1.542273,#TechLinearMove
0.555819,0.050102,0.188268,2.588463,0.025173,1.553383,#TechLinearMove
0.556049,0.045088,0.188408,2.598296,0.012220,1.561011,#TechLinearMove
0.556300,0.040074,0.188503,2.607902,0.001297,1.567185,#TechLinearMove
0.556535,0.035059,0.188618,2.618086,-0.006967,1.571816,#TechLinearMove
0.556647,0.030042,0.188788,2.626238,-0.016097,1.576915,#TechLinearMove
0.556832,0.025030,0.189025,2.636579,-0.020893,1.579294,#TechLinearMove
0.557026,0.020016,0.189216,2.646694,-0.025708,1.581689,#TechLinearMove
0.557055,0.014996,0.189177,2.654667,-0.028486,1.582920,#TechLinearMove
0.557164,0.009979,0.188986,2.661419,-0.029032,1.582854,#TechLinearMove
0.557362,0.004975,0.188630,2.668049,-0.030337,1.583229,#TechLinearMove
0.557593,-0.000025,0.188230,2.675362,-0.032746,1.584046,#TechLinearMove
0.557979,-0.005021,0.187905,2.681657,-0.034133,1.584443,#TechLinearMove
0.558341,-0.010001,0.187372,2.692200,-0.041288,1.587517,#TechLinearMove
0.558705,-0.014986,0.186901,2.702323,-0.051366,1.591900,#TechLinearMove
0.558929,-0.022624,0.186670,2.701950,-0.044635,1.590257,#TechLinearMove
0.559198,-0.027520,0.186958,2.706025,-0.051670,1.593727,#TechLinearMove
0.559334,-0.032425,0.187175,2.709504,-0.053347,1.594700,#TechLinearMove
0.559512,-0.037333,0.187299,2.711885,-0.055897,1.595965,#TechLinearMove
0.559705,-0.042241,0.187398,2.714521,-0.057244,1.596653,#TechLinearMove
0.559884,-0.047150,0.187460,2.715939,-0.059322,1.597725,#TechLinearMove
0.559917,-0.052062,0.187398,2.719986,-0.065759,1.600550,#TechLinearMove
0.559990,-0.056972,0.187265,2.722748,-0.070084,1.602466,#TechLinearMove
0.560098,-0.061880,0.187075,2.725219,-0.076309,1.605258,#TechLinearMove
0.560388,-0.066780,0.186896,2.726221,-0.083261,1.608483,#TechLinearMove
0.560622,-0.071683,0.186705,2.729521,-0.092386,1.612617,#TechLinearMove
0.560852,-0.076588,0.186536,2.734230,-0.104223,1.617776,#TechLinearMove
0.561261,-0.084522,0.185859,2.732985,-0.107065,1.618071,#TechLinearMove
0.562027,-0.089213,0.185237,2.726850,-0.107955,1.619403,#TechLinearMove
0.562663,-0.093914,0.184551,2.722572,-0.113082,1.622346,#TechLinearMove
0.563252,-0.098630,0.183927,2.720177,-0.118677,1.625207,#TechLinearMove
0.563878,-0.103333,0.183243,2.715394,-0.123160,1.627978,#TechLinearMove
0.564517,-0.108030,0.182529,2.711656,-0.126843,1.630248,#TechLinearMove
0.564938,-0.112746,0.181780,2.707772,-0.132008,1.633231,#TechLinearMove
0.565324,-0.117475,0.181102,2.703488,-0.137703,1.636587,#TechLinearMove
0.565917,-0.122204,0.180600,2.697393,-0.144859,1.640983,#TechLinearMove
0.566550,-0.126933,0.180138,2.692386,-0.150669,1.644610,#TechLinearMove
0.567132,-0.131665,0.179640,2.684494,-0.154382,1.647859,#TechLinearMove
0.567768,-0.136403,0.179286,2.676945,-0.159981,1.651990,#TechLinearMove
0.569316,-0.146043,0.178063,2.675078,-0.151831,1.647596,#TechLinearMove
0.569945,-0.150911,0.177243,2.680019,-0.134459,1.638868,#TechLinearMove
0.570511,-0.155783,0.176396,2.681519,-0.112820,1.628620,#TechLinearMove
0.571152,-0.160670,0.175715,2.682609,-0.094919,1.619947,#TechLinearMove
0.571547,-0.165561,0.174903,2.683913,-0.080014,1.612773,#TechLinearMove
0.571906,-0.170463,0.174132,2.685109,-0.066573,1.606370,#TechLinearMove
0.572250,-0.175391,0.173534,2.687638,-0.053161,1.599921,#TechLinearMove
0.572498,-0.180343,0.173113,2.690496,-0.039570,1.593446,#TechLinearMove
0.572616,-0.185312,0.172900,2.693812,-0.026616,1.587354,#TechLinearMove
0.572489,-0.190277,0.173033,2.699294,-0.014632,1.581693,#TechLinearMove
0.572139,-0.195211,0.173556,2.706762,-0.003987,1.576664,#TechLinearMove
0.571710,-0.200112,0.174311,2.713919,0.006639,1.571757,#TechLinearMove
0.571236,-0.204998,0.175131,2.719107,0.018949,1.566338,#TechLinearMove
0.570800,-0.209878,0.176000,2.724884,0.031905,1.560777,#TechLinearMove
0.570418,-0.214744,0.176960,2.728865,0.048958,1.553329,#TechLinearMove
0.569662,-0.219496,0.178222,2.736465,0.067568,1.545494,#TechLinearMove
0.568807,-0.224186,0.179651,2.739353,0.090698,1.535730,#TechLinearMove
0.568966,-0.231695,0.179653,2.729752,0.109202,1.525135,#TechLinearMove
0.569612,-0.236334,0.178451,2.733984,0.125232,1.507360,#TechLinearMove
0.570199,-0.241039,0.177515,2.737664,0.138081,1.492528,#TechLinearMove
0.570742,-0.245785,0.176766,2.743929,0.146632,1.483955,#TechLinearMove
0.571176,-0.250555,0.176124,2.752781,0.150546,1.477950,#TechLinearMove
0.571725,-0.255346,0.175807,2.765163,0.148637,1.474617,#TechLinearMove
0.571898,-0.260175,0.175786,2.777796,0.140799,1.473753,#TechLinearMove
0.571939,-0.264974,0.176364,2.792005,0.137145,1.471838,#TechLinearMove
0.571735,-0.269676,0.177479,2.799408,0.143430,1.464884,#TechLinearMove
0.571160,-0.274192,0.179108,2.815930,0.145315,1.462335,#TechLinearMove
0.570301,-0.278556,0.180999,2.823776,0.152274,1.455906,#TechLinearMove
0.569595,-0.282933,0.182899,2.831709,0.162218,1.444271,#TechLinearMove
0.568622,-0.287091,0.185143,2.830916,0.187003,1.425997,#TechLinearMove
0.570599,-0.281883,0.181791,2.827795,0.199914,1.463484,#TechLinearMove
0.571270,-0.277424,0.179943,2.813204,0.187069,1.472647,#TechLinearMove
0.571840,-0.272876,0.178231,2.798401,0.178802,1.477314,#TechLinearMove
0.572222,-0.268203,0.176848,2.781364,0.178908,1.477347,#TechLinearMove
0.572251,-0.263416,0.175860,2.759941,0.182650,1.475189,#TechLinearMove
0.571985,-0.258562,0.175339,2.739920,0.185702,1.473956,#TechLinearMove
0.571610,-0.253687,0.175360,2.728973,0.187427,1.475349,#TechLinearMove
0.571247,-0.248837,0.175899,2.728012,0.183823,1.481011,#TechLinearMove
0.570535,-0.244071,0.176778,2.725316,0.176334,1.488801,#TechLinearMove
0.569935,-0.239359,0.177963,2.727980,0.157792,1.506459,#TechLinearMove
0.568932,-0.229114,0.179710,2.733001,0.118589,1.520904,#TechLinearMove
0.569464,-0.224213,0.178790,2.731544,0.085222,1.535690,#TechLinearMove
0.570168,-0.219396,0.177559,2.727980,0.058811,1.547347,#TechLinearMove
0.570605,-0.214457,0.176793,2.723032,0.038334,1.556416,#TechLinearMove
0.571023,-0.209508,0.176054,2.719171,0.022357,1.563680,#TechLinearMove
0.571476,-0.204570,0.175255,2.712771,0.011885,1.568373,#TechLinearMove
0.571926,-0.199633,0.174457,2.706990,-0.000066,1.573848,#TechLinearMove
0.572335,-0.194682,0.173724,2.702036,-0.012477,1.579690,#TechLinearMove
0.572612,-0.189697,0.173220,2.697120,-0.023801,1.585129,#TechLinearMove
0.572682,-0.184682,0.173095,2.692480,-0.035215,1.590714,#TechLinearMove
0.572571,-0.179668,0.173298,2.687248,-0.046329,1.596318,#TechLinearMove
0.572321,-0.174673,0.173735,2.683056,-0.058309,1.602309,#TechLinearMove
0.571967,-0.169704,0.174368,2.682662,-0.073095,1.609362,#TechLinearMove
0.571566,-0.164748,0.175079,2.682634,-0.092558,1.618758,#TechLinearMove
0.571161,-0.159795,0.175796,2.681924,-0.123074,1.633589,#TechLinearMove
0.570660,-0.154884,0.176718,2.676535,-0.144155,1.644298,#TechLinearMove
0.569919,-0.147701,0.178002,2.685583,-0.152706,1.645931,#TechLinearMove
0.569455,-0.142677,0.178822,2.687709,-0.152010,1.645462,#TechLinearMove
0.568604,-0.137659,0.179272,2.691900,-0.152715,1.645191,#TechLinearMove
0.567882,-0.132632,0.179853,2.694936,-0.152274,1.644551,#TechLinearMove
0.567177,-0.127598,0.180393,2.697118,-0.148607,1.642583,#TechLinearMove
0.566492,-0.122556,0.180884,2.700326,-0.143591,1.639812,#TechLinearMove
0.565801,-0.117516,0.181388,2.704668,-0.137273,1.636206,#TechLinearMove
0.565082,-0.112484,0.181931,2.708713,-0.131275,1.632852,#TechLinearMove
0.564468,-0.107461,0.182633,2.712117,-0.126611,1.630283,#TechLinearMove
0.563989,-0.102444,0.183485,2.715318,-0.120355,1.627050,#TechLinearMove
0.563509,-0.097424,0.184326,2.719110,-0.114130,1.623812,#TechLinearMove
0.562985,-0.092422,0.185242,2.722400,-0.109132,1.621257,#TechLinearMove
0.562348,-0.084516,0.186414,2.724124,-0.103810,1.617689,#TechLinearMove
0.561883,-0.079371,0.186674,2.726286,-0.097653,1.614170,#TechLinearMove
0.561427,-0.074216,0.186858,2.727989,-0.091258,1.610813,#TechLinearMove
0.561027,-0.069056,0.187085,2.728879,-0.084056,1.607308,#TechLinearMove
0.560656,-0.063893,0.187260,2.728130,-0.075549,1.603339,#TechLinearMove
0.560310,-0.058726,0.187386,2.727089,-0.067887,1.599764,#TechLinearMove
0.560017,-0.053555,0.187429,2.725166,-0.063095,1.597528,#TechLinearMove
0.559878,-0.048379,0.187453,2.722369,-0.059567,1.595904,#TechLinearMove
0.559859,-0.043199,0.187489,2.719330,-0.056522,1.594495,#TechLinearMove
0.559820,-0.038020,0.187557,2.714479,-0.054335,1.593375,#TechLinearMove
0.559898,-0.032844,0.187428,2.712441,-0.058552,1.594877,#TechLinearMove
0.559964,-0.022439,0.187307,2.709575,-0.051262,1.593045,#TechLinearMove
0.559600,-0.017295,0.187465,2.696900,-0.036364,1.586233,#TechLinearMove
0.559060,-0.012170,0.187824,2.686961,-0.026027,1.581410,#TechLinearMove
0.558691,-0.007025,0.188109,2.679858,-0.023311,1.580215,#TechLinearMove
0.558323,-0.001881,0.188407,2.673065,-0.021730,1.579595,#TechLinearMove
0.557928,0.003260,0.188737,2.667011,-0.020061,1.578887,#TechLinearMove
0.557569,0.008406,0.189013,2.658207,-0.017444,1.577829,#TechLinearMove
0.557292,0.013563,0.189140,2.652027,-0.014345,1.576353,#TechLinearMove
0.557086,0.018725,0.189137,2.646089,-0.010768,1.574550,#TechLinearMove
0.557072,0.023890,0.189136,2.638738,-0.010049,1.574262,#TechLinearMove
0.557106,0.029056,0.189079,2.629944,-0.006630,1.572419,#TechLinearMove
0.557007,0.034218,0.188915,2.619457,-0.001079,1.569253,#TechLinearMove
0.556997,0.039384,0.188910,2.610876,0.008901,1.563439,#TechLinearMove
0.556754,0.044543,0.188820,2.601961,0.021053,1.556368,#TechLinearMove
0.556773,0.049700,0.188519,2.588116,0.037864,1.546420,#TechLinearMove
0.556450,0.054849,0.188641,2.568464,0.054855,1.535626,#TechLinearMove
0.556167,0.062259,0.189569,2.561112,0.051267,1.537384,#TechLinearMove
0.555961,0.067348,0.188747,2.557969,0.059466,1.531511,#TechLinearMove
0.556042,0.072437,0.187894,2.555283,0.071025,1.523404,#TechLinearMove
0.556129,0.077542,0.187132,2.553616,0.082822,1.515254,#TechLinearMove
0.556373,0.082612,0.186188,2.552304,0.094503,1.507274,#TechLinearMove
0.556778,0.087669,0.185241,2.549935,0.107596,1.498175,#TechLinearMove
0.557347,0.092738,0.184434,2.546824,0.121497,1.488364,#TechLinearMove
0.557906,0.097812,0.183658,2.544031,0.134710,1.478927,#TechLinearMove
0.558446,0.102895,0.182925,2.540986,0.146521,1.470300,#TechLinearMove
0.558968,0.107996,0.182319,2.538802,0.160120,1.460632,#TechLinearMove
0.559340,0.113106,0.181679,2.532949,0.168456,1.453568,#TechLinearMove
0.559752,0.116309,0.181033,2.531689,0.171530,1.451624,#TechLinearMove
0.560188,0.121063,0.180253,2.525493,0.174367,1.450524,#TechLinearMove
0.560658,0.125793,0.179355,2.524602,0.176997,1.449945,#TechLinearMove
0.561216,0.130492,0.178347,2.525737,0.180165,1.449483,#TechLinearMove
0.561836,0.135150,0.177196,2.528638,0.190230,1.444672,#TechLinearMove
0.562494,0.139794,0.176011,2.524389,0.202314,1.436494,#TechLinearMove
0.563173,0.144436,0.174830,2.517207,0.220870,1.423850,#TechLinearMove
0.562620,0.144697,0.175621,2.517207,0.220870,1.423850,#TechMoveTo
0.512282,0.145878,0.143027,2.539599,0.230476,1.416654,#TechMoveTo
0.512812,0.145605,0.142225,2.539599,0.230476,1.416654,#TechMoveTo
0.510533,0.143556,0.141146,2.545466,0.219582,1.424799,#TechLinearMove
0.507338,0.140017,0.140031,2.553773,0.208008,1.435407,#TechLinearMove
0.503981,0.136648,0.138851,2.555416,0.201593,1.440532,#TechLinearMove
0.500663,0.133153,0.137958,2.561066,0.199434,1.444090,#TechLinearMove
0.497104,0.129913,0.137023,2.560050,0.205081,1.440883,#TechLinearMove
0.493779,0.126363,0.136457,2.560554,0.212966,1.436568,#TechLinearMove
0.490426,0.122831,0.135903,2.560583,0.217415,1.434597,#TechLinearMove
0.489678,0.117730,0.137607,2.568249,0.215323,1.435944,#TechLinearMove
0.489021,0.112925,0.138793,2.571211,0.205855,1.442170,#TechLinearMove
0.488587,0.108116,0.140078,2.569746,0.197439,1.446733,#TechLinearMove
0.488196,0.103312,0.141393,2.571230,0.186075,1.453840,#TechLinearMove
0.487768,0.098486,0.142613,2.574086,0.173919,1.461789,#TechLinearMove
0.487383,0.093631,0.143722,2.576591,0.161247,1.469949,#TechLinearMove
0.487048,0.088753,0.144752,2.578166,0.147965,1.478224,#TechLinearMove
0.486651,0.083858,0.145667,2.580245,0.135848,1.485858,#TechLinearMove
0.486248,0.078931,0.146378,2.584545,0.126263,1.492427,#TechLinearMove
0.485917,0.073968,0.146848,2.581223,0.117802,1.496884,#TechLinearMove
0.485727,0.069004,0.147386,2.580514,0.107027,1.503039,#TechLinearMove
0.485862,0.058978,0.147078,2.579860,0.092782,1.512267,#TechLinearMove
0.485795,0.053964,0.147209,2.580339,0.083855,1.518230,#TechLinearMove
0.485688,0.048956,0.147486,2.581549,0.079343,1.521512,#TechLinearMove
0.485644,0.043941,0.147596,2.579823,0.074695,1.524402,#TechLinearMove
0.485724,0.038929,0.147803,2.580630,0.070318,1.527417,#TechLinearMove
0.485797,0.033920,0.148083,2.580108,0.066072,1.530225,#TechLinearMove
0.485839,0.028915,0.148436,2.581218,0.063879,1.531883,#TechLinearMove
0.485866,0.023914,0.148829,2.580419,0.062105,1.533121,#TechLinearMove
0.485902,0.018914,0.149245,2.579961,0.060592,1.534220,#TechLinearMove
0.485949,0.013911,0.149622,2.578050,0.059914,1.534700,#TechLinearMove
0.486022,0.008905,0.149937,2.575716,0.058590,1.535562,#TechLinearMove
0.486099,0.003895,0.150193,2.574281,0.055840,1.537369,#TechLinearMove
0.486185,-0.001114,0.150473,2.572382,0.051678,1.540083,#TechLinearMove
0.486097,-0.006125,0.150701,2.570973,0.050862,1.540695,#TechLinearMove
0.486003,-0.011134,0.150978,2.567799,0.046647,1.543525,#TechLinearMove
0.485930,-0.016148,0.151122,2.565013,0.044639,1.545014,#TechLinearMove
0.485871,-0.023701,0.151279,2.561205,0.042855,1.544322,#TechLinearMove
0.485642,-0.028645,0.151860,2.563774,0.028810,1.552504,#TechLinearMove
0.485480,-0.033608,0.152294,2.563412,0.019813,1.557519,#TechLinearMove
0.485332,-0.038577,0.152646,2.562030,0.012040,1.562026,#TechLinearMove
0.485210,-0.043550,0.152953,2.562200,0.004500,1.566435,#TechLinearMove
0.485194,-0.048524,0.153263,2.561559,-0.002753,1.570653,#TechLinearMove
0.485317,-0.053498,0.153546,2.558134,-0.010216,1.574994,#TechLinearMove
0.485499,-0.058476,0.153698,2.555773,-0.017853,1.579484,#TechLinearMove
0.485719,-0.063455,0.153734,2.554177,-0.026373,1.584643,#TechLinearMove
0.485979,-0.068432,0.153701,2.552166,-0.035389,1.590181,#TechLinearMove
0.486296,-0.073405,0.153722,2.551474,-0.044408,1.595439,#TechLinearMove
0.486640,-0.078369,0.153634,2.549310,-0.060657,1.605247,#TechLinearMove
0.487209,-0.086410,0.153233,2.551821,-0.063980,1.610406,#TechLinearMove
0.487295,-0.091175,0.153026,2.547682,-0.073884,1.617528,#TechLinearMove
0.487526,-0.095929,0.152670,2.544420,-0.079402,1.621627,#TechLinearMove
0.487787,-0.100681,0.152304,2.541176,-0.083452,1.624739,#TechLinearMove
0.488074,-0.105429,0.151899,2.539216,-0.089454,1.629010,#TechLinearMove
0.488363,-0.110174,0.151464,2.542412,-0.094239,1.631866,#TechLinearMove
0.488687,-0.114910,0.150968,2.545666,-0.099622,1.635046,#TechLinearMove
0.489021,-0.119644,0.150452,2.549175,-0.104547,1.637772,#TechLinearMove
0.489427,-0.124375,0.149972,2.552777,-0.110539,1.641168,#TechLinearMove
0.489761,-0.129117,0.149533,2.555465,-0.116457,1.644663,#TechLinearMove
0.490119,-0.133854,0.149071,2.557737,-0.124313,1.649475,#TechLinearMove
0.490398,-0.138604,0.148712,2.560030,-0.135259,1.656205,#TechLinearMove
0.490811,-0.149296,0.147767,2.567617,-0.125354,1.649946,#TechLinearMove
0.491148,-0.154205,0.146963,2.558818,-0.118068,1.645397,#TechLinearMove
0.491466,-0.159121,0.146199,2.551687,-0.114189,1.642680,#TechLinearMove
0.491719,-0.164063,0.145591,2.545841,-0.112024,1.641544,#TechLinearMove
0.491984,-0.169003,0.144967,2.537101,-0.108813,1.640286,#TechLinearMove
0.492261,-0.173936,0.144301,2.529700,-0.106465,1.639301,#TechLinearMove
0.492630,-0.178865,0.143648,2.522892,-0.104516,1.638438,#TechLinearMove
0.493019,-0.183791,0.142979,2.516087,-0.102948,1.637793,#TechLinearMove
0.493453,-0.188711,0.142303,2.510313,-0.099852,1.635899,#TechLinearMove
0.493930,-0.193629,0.141634,2.504181,-0.096121,1.633590,#TechLinearMove
0.494415,-0.198540,0.140929,2.498108,-0.091562,1.630681,#TechLinearMove
0.494915,-0.203439,0.140145,2.491825,-0.084733,1.626080,#TechLinearMove
0.495453,-0.208320,0.139282,2.485338,-0.075159,1.619333,#TechLinearMove
0.496018,-0.213185,0.138352,2.480395,-0.063443,1.610542,#TechLinearMove
0.496618,-0.218042,0.137397,2.472043,-0.051874,1.601755,#TechLinearMove
0.497267,-0.222872,0.136350,2.463257,-0.038186,1.591039,#TechLinearMove
0.497816,-0.227713,0.135293,2.452898,-0.023335,1.579252,#TechLinearMove
0.498116,-0.235574,0.133420,2.444325,0.003399,1.562159,#TechLinearMove
0.497974,-0.240691,0.132670,2.440080,0.016089,1.555834,#TechLinearMove
0.497393,-0.245824,0.132337,2.438124,0.029015,1.548104,#TechLinearMove
0.496649,-0.250940,0.132296,2.436433,0.038758,1.542001,#TechLinearMove
0.495670,-0.256008,0.132637,2.436725,0.052374,1.532946,#TechLinearMove
0.494562,-0.260993,0.133445,2.438587,0.067457,1.522922,#TechLinearMove
0.493378,-0.265916,0.134518,2.437433,0.084231,1.510825,#TechLinearMove
0.492192,-0.270844,0.135567,2.427735,0.105133,1.493458,#TechLinearMove
0.491164,-0.275826,0.136511,2.413421,0.127260,1.473764,#TechLinearMove
0.490296,-0.280875,0.137238,2.396066,0.146966,1.455020,#TechLinearMove
0.489479,-0.285932,0.137968,2.376215,0.171917,1.431807,#TechLinearMove
0.489017,-0.291062,0.138161,2.342039,0.192101,1.408238,#TechLinearMove
0.489343,-0.285693,0.138918,2.350814,0.217053,1.372259,#TechLinearMove
0.490352,-0.280894,0.138394,2.381788,0.183319,1.408630,#TechLinearMove
0.491207,-0.276082,0.137700,2.400856,0.153189,1.438391,#TechLinearMove
0.492465,-0.271418,0.136708,2.413663,0.127416,1.461985,#TechLinearMove
0.493892,-0.266872,0.135417,2.424384,0.095789,1.489323,#TechLinearMove
0.495200,-0.262288,0.134140,2.427945,0.068132,1.511621,#TechLinearMove
0.496304,-0.257584,0.133129,2.424546,0.051979,1.522992,#TechLinearMove
0.497260,-0.252787,0.132494,2.420636,0.042255,1.529216,#TechLinearMove
0.498053,-0.247918,0.132305,2.417656,0.029545,1.538020,#TechLinearMove
0.498465,-0.243011,0.132396,2.412310,0.023230,1.540036,#TechLinearMove
0.498228,-0.232929,0.134250,2.428690,0.015096,1.551969,#TechLinearMove
0.497819,-0.228220,0.135312,2.447301,-0.005358,1.568211,#TechLinearMove
0.497261,-0.223515,0.136316,2.463027,-0.023402,1.581831,#TechLinearMove
0.496690,-0.218798,0.137256,2.472870,-0.038773,1.593540,#TechLinearMove
0.496119,-0.214078,0.138185,2.483003,-0.053031,1.604008,#TechLinearMove
0.495548,-0.209357,0.139107,2.490416,-0.067200,1.614335,#TechLinearMove
0.494996,-0.204626,0.139986,2.495533,-0.078681,1.622618,#TechLinearMove
0.494488,-0.199875,0.140783,2.500600,-0.087253,1.628542,#TechLinearMove
0.494007,-0.195106,0.141479,2.505327,-0.094169,1.633200,#TechLinearMove
0.493531,-0.190328,0.142118,2.509445,-0.099271,1.636577,#TechLinearMove
0.493102,-0.185547,0.142766,2.513656,-0.103641,1.639404,#TechLinearMove
0.492722,-0.180760,0.143402,2.516971,-0.106854,1.641557,#TechLinearMove
0.492368,-0.175970,0.144025,2.519829,-0.109016,1.643022,#TechLinearMove
0.492098,-0.171178,0.144684,2.525325,-0.112108,1.644670,#TechLinearMove
0.491835,-0.166382,0.145307,2.530582,-0.114372,1.645818,#TechLinearMove
0.491580,-0.161583,0.145917,2.541684,-0.118799,1.647735,#TechLinearMove
0.491240,-0.156826,0.146764,2.549300,-0.126071,1.652175,#TechLinearMove
0.490753,-0.149387,0.147903,2.554297,-0.118169,1.647694,#TechLinearMove
0.490622,-0.144377,0.148244,2.553529,-0.116449,1.646005,#TechLinearMove
0.490380,-0.139377,0.148653,2.556086,-0.111502,1.641890,#TechLinearMove
0.490072,-0.134382,0.149087,2.552732,-0.108949,1.640369,#TechLinearMove
0.489764,-0.129387,0.149517,2.550801,-0.104943,1.637680,#TechLinearMove
0.489446,-0.124397,0.149990,2.550747,-0.100756,1.634571,#TechLinearMove
0.489097,-0.119415,0.150527,2.549597,-0.096810,1.631786,#TechLinearMove
0.488726,-0.114437,0.151094,2.548981,-0.092865,1.628928,#TechLinearMove
0.488381,-0.109454,0.151619,2.549021,-0.089423,1.626293,#TechLinearMove
0.488069,-0.104461,0.152068,2.548991,-0.085808,1.623527,#TechLinearMove
0.487791,-0.099465,0.152513,2.550527,-0.081142,1.619710,#TechLinearMove
0.487570,-0.094461,0.152884,2.554182,-0.074347,1.614035,#TechLinearMove
0.487209,-0.086410,0.153233,2.564384,-0.075826,1.616960,#TechLinearMove
0.486948,-0.081208,0.153518,2.567170,-0.060778,1.607885,#TechLinearMove
0.486678,-0.076002,0.153665,2.564872,-0.045756,1.598977,#TechLinearMove
0.486288,-0.070801,0.153713,2.563068,-0.035330,1.592775,#TechLinearMove
0.485966,-0.065595,0.153760,2.562364,-0.025463,1.586873,#TechLinearMove
0.485728,-0.060385,0.153775,2.561856,-0.015761,1.581044,#TechLinearMove
0.485527,-0.055174,0.153665,2.560970,-0.004863,1.574510,#TechLinearMove
0.485382,-0.049966,0.153413,2.560380,0.004345,1.569036,#TechLinearMove
0.485283,-0.044764,0.153047,2.560653,0.012071,1.564469,#TechLinearMove
0.485278,-0.039558,0.152764,2.563865,0.022436,1.558413,#TechLinearMove
0.485411,-0.034357,0.152418,2.565689,0.035904,1.550618,#TechLinearMove
0.485839,-0.024133,0.151399,2.564281,0.037794,1.547775,#TechLinearMove
0.485865,-0.019271,0.151340,2.566744,0.042350,1.544779,#TechLinearMove
0.485947,-0.014414,0.151136,2.568462,0.045016,1.542949,#TechLinearMove
0.486052,-0.009560,0.150871,2.570105,0.047492,1.541336,#TechLinearMove
0.486140,-0.004705,0.150627,2.571250,0.049045,1.540308,#TechLinearMove
0.486119,0.000149,0.150358,2.573253,0.051671,1.538670,#TechLinearMove
0.486053,0.005004,0.150106,2.575581,0.054866,1.536690,#TechLinearMove
0.485977,0.009859,0.149862,2.578084,0.057213,1.535270,#TechLinearMove
0.485913,0.014712,0.149564,2.579587,0.058115,1.534697,#TechLinearMove
0.485876,0.019559,0.149191,2.580547,0.058110,1.534644,#TechLinearMove
0.485853,0.024405,0.148790,2.581684,0.058687,1.534238,#TechLinearMove
0.485828,0.029252,0.148407,2.581668,0.060822,1.532784,#TechLinearMove
0.485782,0.034102,0.148067,2.582094,0.064300,1.530521,#TechLinearMove
0.485716,0.038956,0.147803,2.582442,0.069393,1.527257,#TechLinearMove
0.485645,0.043813,0.147591,2.580950,0.073091,1.524652,#TechLinearMove
0.485743,0.048667,0.147334,2.579816,0.076357,1.522254,#TechLinearMove
0.485873,0.053517,0.147013,2.577998,0.083461,1.517379,#TechLinearMove
0.485475,0.061308,0.146967,2.580180,0.091253,1.513125,#TechLinearMove
0.485173,0.066064,0.146638,2.584129,0.097247,1.510486,#TechLinearMove
0.485094,0.070825,0.146247,2.582286,0.107806,1.504201,#TechLinearMove
0.485029,0.075583,0.145840,2.580132,0.115778,1.499254,#TechLinearMove
0.485067,0.080316,0.145191,2.578974,0.126084,1.492983,#TechLinearMove
0.485203,0.085022,0.144378,2.578439,0.137908,1.485827,#TechLinearMove
0.485638,0.089713,0.143579,2.577426,0.148581,1.479269,#TechLinearMove
0.485937,0.094380,0.142600,2.576289,0.163220,1.470419,#TechLinearMove
0.486268,0.099025,0.141532,2.571968,0.176555,1.461652,#TechLinearMove
0.486702,0.103644,0.140389,2.568774,0.188222,1.453957,#TechLinearMove
0.487159,0.108249,0.139198,2.566170,0.204442,1.443687,#TechLinearMove
0.487562,0.112868,0.138043,2.564086,0.217045,1.435941,#TechLinearMove
0.490291,0.117051,0.138279,2.569399,0.220597,1.433097,#TechLinearMove
0.493583,0.121137,0.138656,2.564403,0.211574,1.436918,#TechLinearMove
0.497023,0.125099,0.139154,2.563438,0.207039,1.439229,#TechLinearMove
0.500174,0.129316,0.139417,2.558693,0.202491,1.440463,#TechLinearMove
0.503548,0.133318,0.140037,2.556231,0.203276,1.439044,#TechLinearMove
0.506701,0.137505,0.140602,2.552312,0.205293,1.436436,#TechLinearMove
0.509866,0.141646,0.141255,2.547931,0.214935,1.428486,#TechLinearMove
0.509337,0.141901,0.142065,2.547931,0.214935,1.428486,#TechMoveTo
0.562201,0.147655,0.174562,2.515636,0.231806,1.425632,#TechMoveTo
0.562753,0.147386,0.173773,2.515636,0.231806,1.425632,#TechMoveTo
0.563861,0.144448,0.175287,2.515924,0.217265,1.425932,#TechLinearMove
0.565430,0.139985,0.178021,2.517326,0.199378,1.436431,#TechLinearMove
0.566879,0.135509,0.180815,2.519737,0.187021,1.444104,#TechLinearMove
0.568358,0.131126,0.183747,2.520708,0.179697,1.447862,#TechLinearMove
0.569792,0.126704,0.186644,2.521822,0.176559,1.448774,#TechLinearMove
0.571370,0.122345,0.189559,2.519227,0.173322,1.448044,#TechLinearMove
0.571867,0.117666,0.191116,2.523541,0.171949,1.449927,#TechLinearMove
0.572166,0.112993,0.192418,2.525556,0.160161,1.458266,#TechLinearMove
0.572463,0.108266,0.193527,2.528227,0.153514,1.463304,#TechLinearMove
0.572749,0.103515,0.194536,2.531904,0.143765,1.470602,#TechLinearMove
0.573083,0.098771,0.195561,2.535274,0.130648,1.480143,#TechLinearMove
0.573375,0.094014,0.196531,2.539090,0.117992,1.489398,#TechLinearMove
0.573652,0.089245,0.197443,2.543136,0.104471,1.499242,#TechLinearMove
0.574016,0.084496,0.198437,2.545641,0.088382,1.510570,#TechLinearMove
0.574287,0.079746,0.199455,2.547637,0.077647,1.518036,#TechLinearMove
0.574567,0.074992,0.200450,2.549641,0.067143,1.525252,#TechLinearMove
0.574912,0.070235,0.201406,2.552835,0.053287,1.534869,#TechLinearMove
0.575452,0.059646,0.201356,2.567975,0.047546,1.539662,#TechLinearMove
0.575963,0.054814,0.201080,2.582696,0.028553,1.551290,#TechLinearMove
0.576234,0.049953,0.201080,2.593683,0.008572,1.563090,#TechLinearMove
0.576431,0.045086,0.201089,2.601851,-0.000729,1.568367,#TechLinearMove
0.576647,0.040221,0.201039,2.608704,-0.013847,1.575924,#TechLinearMove
0.576881,0.035357,0.200979,2.617272,-0.025470,1.582373,#TechLinearMove
0.577183,0.030497,0.200919,2.625011,-0.035693,1.587935,#TechLinearMove
0.577459,0.025638,0.200763,2.632756,-0.041880,1.591060,#TechLinearMove
0.577684,0.020780,0.200502,2.641494,-0.045973,1.592812,#TechLinearMove
0.577923,0.015925,0.200207,2.650806,-0.050644,1.594758,#TechLinearMove
0.578214,0.011074,0.199885,2.660989,-0.054481,1.596084,#TechLinearMove
0.578605,0.006235,0.199506,2.671998,-0.056558,1.596316,#TechLinearMove
0.579132,0.001408,0.199133,2.682218,-0.059835,1.597207,#TechLinearMove
0.579651,-0.003417,0.198736,2.694314,-0.064211,1.598438,#TechLinearMove
0.580264,-0.008210,0.198126,2.710067,-0.069624,1.599921,#TechLinearMove
0.580781,-0.013026,0.197642,2.726709,-0.083782,1.605439,#TechLinearMove
0.581579,-0.020566,0.197962,2.729648,-0.082411,1.605642,#TechLinearMove
0.581548,-0.025499,0.198245,2.736554,-0.080460,1.605260,#TechLinearMove
0.581568,-0.030436,0.198412,2.740546,-0.075860,1.603908,#TechLinearMove
0.581683,-0.035374,0.198516,2.744822,-0.074374,1.603477,#TechLinearMove
0.581686,-0.040316,0.198507,2.750049,-0.072512,1.602811,#TechLinearMove
0.581711,-0.045256,0.198442,2.753181,-0.071633,1.602727,#TechLinearMove
0.581784,-0.050195,0.198316,2.755824,-0.072774,1.603499,#TechLinearMove
0.581914,-0.055131,0.198108,2.758779,-0.074576,1.604505,#TechLinearMove
0.582096,-0.060060,0.197821,2.761335,-0.078389,1.606355,#TechLinearMove
0.582460,-0.064979,0.197544,2.763520,-0.083007,1.608560,#TechLinearMove
0.582765,-0.069904,0.197295,2.767719,-0.088873,1.611426,#TechLinearMove
0.583077,-0.074830,0.197069,2.769804,-0.092981,1.613900,#TechLinearMove
0.583597,-0.082565,0.196218,2.767688,-0.088797,1.609031,#TechLinearMove
0.584331,-0.087423,0.195677,2.766277,-0.099118,1.613701,#TechLinearMove
0.584896,-0.092306,0.195145,2.765377,-0.106388,1.617023,#TechLinearMove
0.585451,-0.097190,0.194623,2.765516,-0.112079,1.619407,#TechLinearMove
0.586031,-0.102071,0.194090,2.767283,-0.118870,1.621999,#TechLinearMove
0.586600,-0.106953,0.193560,2.768929,-0.127467,1.625252,#TechLinearMove
0.586913,-0.111857,0.193016,2.769148,-0.135216,1.628444,#TechLinearMove
0.587231,-0.116764,0.192510,2.766497,-0.140499,1.631117,#TechLinearMove
0.587547,-0.121674,0.192017,2.765622,-0.145279,1.633301,#TechLinearMove
0.587845,-0.126587,0.191558,2.762628,-0.150239,1.635919,#TechLinearMove
0.588144,-0.131500,0.191094,2.756917,-0.156936,1.639818,#TechLinearMove
0.588401,-0.136417,0.190649,2.746690,-0.161770,1.643996,#TechLinearMove
0.589162,-0.148487,0.189403,2.745225,-0.141206,1.632676,#TechLinearMove
0.589677,-0.153432,0.188596,2.743591,-0.120497,1.622565,#TechLinearMove
0.590431,-0.158372,0.187978,2.747193,-0.100710,1.612260,#TechLinearMove
0.590949,-0.163360,0.187517,2.753159,-0.083157,1.603230,#TechLinearMove
0.591371,-0.168362,0.187112,2.757714,-0.070882,1.597020,#TechLinearMove
0.591748,-0.173374,0.186788,2.761688,-0.058464,1.590890,#TechLinearMove
0.592074,-0.178393,0.186547,2.766922,-0.046640,1.584904,#TechLinearMove
0.592342,-0.183420,0.186409,2.769248,-0.032012,1.578024,#TechLinearMove
0.592544,-0.188452,0.186366,2.768781,-0.014761,1.570288,#TechLinearMove
0.592696,-0.193486,0.186399,2.768492,0.001928,1.562690,#TechLinearMove
0.592845,-0.198520,0.186456,2.767667,0.019481,1.554768,#TechLinearMove
0.593015,-0.203553,0.186449,2.766450,0.036633,1.547159,#TechLinearMove
0.593149,-0.208586,0.186336,2.766236,0.052125,1.540294,#TechLinearMove
0.593148,-0.213618,0.186339,2.764224,0.071637,1.531284,#TechLinearMove
0.593137,-0.218653,0.186417,2.754483,0.099187,1.518182,#TechLinearMove
0.593341,-0.223679,0.186198,2.738815,0.133435,1.501828,#TechLinearMove
0.593834,-0.231300,0.184919,2.752017,0.116111,1.516047,#TechLinearMove
0.594942,-0.236194,0.184177,2.781523,0.126852,1.517703,#TechLinearMove
0.595418,-0.241246,0.183965,2.813257,0.127057,1.521830,#TechLinearMove
0.595754,-0.246307,0.183880,2.831893,0.131580,1.523567,#TechLinearMove
0.595732,-0.251359,0.184331,2.852283,0.137517,1.525467,#TechLinearMove
0.595332,-0.256313,0.185375,2.860823,0.148971,1.523957,#TechLinearMove
0.594678,-0.261167,0.186733,2.860259,0.165400,1.519706,#TechLinearMove
0.593957,-0.265950,0.188291,2.865173,0.180218,1.516991,#TechLinearMove
0.593351,-0.270749,0.189850,2.867280,0.204077,1.511236,#TechLinearMove
0.592770,-0.275585,0.191298,2.860214,0.234779,1.502528,#TechLinearMove
0.592012,-0.280307,0.192998,2.858547,0.267632,1.494114,#TechLinearMove
0.591680,-0.285159,0.194410,2.862155,0.302631,1.486013,#TechLinearMove
0.592092,-0.279935,0.194110,2.895611,0.248567,1.508538,#TechLinearMove
0.592652,-0.275415,0.192117,2.897179,0.205645,1.515276,#TechLinearMove
0.593286,-0.270861,0.190219,2.884227,0.189166,1.515432,#TechLinearMove
0.594002,-0.266326,0.188306,2.878145,0.171706,1.517385,#TechLinearMove
0.594921,-0.261815,0.186425,2.873132,0.155851,1.519257,#TechLinearMove
0.595874,-0.257233,0.184778,2.860694,0.150060,1.517747,#TechLinearMove
0.596238,-0.252417,0.183622,2.834276,0.157282,1.511476,#TechLinearMove
0.596195,-0.247473,0.183061,2.817259,0.151847,1.509160,#TechLinearMove
0.595828,-0.242542,0.182786,2.789478,0.140163,1.505792,#TechLinearMove
0.594262,-0.232071,0.184767,2.771998,0.137184,1.510877,#TechLinearMove
0.593704,-0.227293,0.185515,2.773875,0.103324,1.525647,#TechLinearMove
0.593436,-0.222443,0.185879,2.778827,0.072006,1.539323,#TechLinearMove
0.593187,-0.217592,0.186257,2.782281,0.046711,1.549506,#TechLinearMove
0.593032,-0.212731,0.186530,2.785507,0.026517,1.557527,#TechLinearMove
0.592860,-0.207863,0.186628,2.791312,0.004590,1.566634,#TechLinearMove
0.592810,-0.202992,0.186597,2.794134,-0.016021,1.575289,#TechLinearMove
0.592885,-0.198121,0.186502,2.793124,-0.032934,1.582436,#TechLinearMove
0.592990,-0.193251,0.186386,2.791284,-0.047766,1.588755,#TechLinearMove
0.593031,-0.188380,0.186323,2.788172,-0.060226,1.594309,#TechLinearMove
0.592991,-0.183508,0.186369,2.781729,-0.069785,1.599106,#TechLinearMove
0.592893,-0.178640,0.186541,2.773072,-0.080004,1.604428,#TechLinearMove
0.592706,-0.173782,0.186859,2.764246,-0.090412,1.609954,#TechLinearMove
0.592397,-0.168938,0.187275,2.755216,-0.097002,1.614224,#TechLinearMove
0.591937,-0.164110,0.187741,2.745262,-0.108566,1.620654,#TechLinearMove
0.591499,-0.159297,0.188355,2.734836,-0.123982,1.629373,#TechLinearMove
0.590868,-0.154535,0.189169,2.725429,-0.138859,1.638003,#TechLinearMove
0.590483,-0.146415,0.190419,2.744897,-0.138850,1.631756,#TechLinearMove
0.589706,-0.141367,0.190621,2.752749,-0.137359,1.630436,#TechLinearMove
0.589160,-0.136295,0.190977,2.760893,-0.136889,1.629323,#TechLinearMove
0.588648,-0.131222,0.191359,2.766232,-0.136322,1.628506,#TechLinearMove
0.588152,-0.126146,0.191727,2.770187,-0.133275,1.626991,#TechLinearMove
0.587642,-0.121074,0.192121,2.773351,-0.129562,1.625365,#TechLinearMove
0.587211,-0.116001,0.192589,2.774602,-0.125823,1.624025,#TechLinearMove
0.586880,-0.110926,0.193122,2.774597,-0.121236,1.622550,#TechLinearMove
0.586535,-0.105857,0.193693,2.773012,-0.115035,1.620654,#TechLinearMove
0.586157,-0.100795,0.194308,2.768934,-0.107909,1.618750,#TechLinearMove
0.585781,-0.095733,0.194928,2.767352,-0.100550,1.616535,#TechLinearMove
0.585392,-0.090673,0.195554,2.764954,-0.092846,1.614327,#TechLinearMove
0.584728,-0.082539,0.196645,2.770966,-0.085739,1.607508,#TechLinearMove
0.584421,-0.077347,0.197145,2.768374,-0.086569,1.607234,#TechLinearMove
0.583859,-0.072161,0.197425,2.766371,-0.085447,1.606395,#TechLinearMove
0.583394,-0.066967,0.197748,2.765020,-0.083210,1.605248,#TechLinearMove
0.582959,-0.061767,0.198021,2.763762,-0.081030,1.604106,#TechLinearMove
0.582543,-0.056564,0.198249,2.761605,-0.079214,1.603182,#TechLinearMove
0.582173,-0.051355,0.198404,2.758877,-0.078270,1.602657,#TechLinearMove
0.581860,-0.046140,0.198479,2.756087,-0.080153,1.603266,#TechLinearMove
0.581692,-0.040919,0.198526,2.752496,-0.083092,1.604376,#TechLinearMove
0.581596,-0.035697,0.198649,2.748014,-0.086850,1.605694,#TechLinearMove
0.581621,-0.030473,0.198622,2.742129,-0.095730,1.609052,#TechLinearMove
0.581958,-0.020219,0.198143,2.739898,-0.085257,1.605860,#TechLinearMove
0.581859,-0.015182,0.198310,2.723370,-0.070909,1.600290,#TechLinearMove
0.581277,-0.010203,0.198750,2.708160,-0.060154,1.595989,#TechLinearMove
0.580788,-0.005193,0.199023,2.696975,-0.055142,1.594159,#TechLinearMove
0.580258,-0.000192,0.199378,2.685527,-0.049993,1.592380,#TechLinearMove
0.579710,0.004805,0.199759,2.674905,-0.046796,1.591433,#TechLinearMove
0.579144,0.009799,0.200156,2.663852,-0.044737,1.591092,#TechLinearMove
0.578653,0.014808,0.200448,2.653940,-0.043264,1.590919,#TechLinearMove
0.578273,0.019828,0.200721,2.646197,-0.040726,1.589974,#TechLinearMove
0.577840,0.024847,0.200912,2.639208,-0.035313,1.587327,#TechLinearMove
0.577449,0.029873,0.201012,2.630714,-0.030637,1.585068,#TechLinearMove
0.577337,0.034910,0.201191,2.622455,-0.022495,1.580848,#TechLinearMove
0.577103,0.039945,0.201240,2.614826,-0.012928,1.575580,#TechLinearMove
0.576871,0.044981,0.201288,2.605986,-0.001845,1.569296,#TechLinearMove
0.576809,0.050022,0.201244,2.594498,0.016726,1.558613,#TechLinearMove
0.576314,0.055029,0.201487,2.582259,0.040814,1.544222,#TechLinearMove
0.575474,0.062648,0.201777,2.578056,0.036335,1.547301,#TechLinearMove
0.574858,0.067551,0.200993,2.569396,0.044311,1.541556,#TechLinearMove
0.574309,0.072453,0.200140,2.562684,0.059023,1.531433,#TechLinearMove
0.573937,0.077388,0.199400,2.556206,0.068591,1.524589,#TechLinearMove
0.573661,0.082311,0.198540,2.552410,0.080090,1.516550,#TechLinearMove
0.573302,0.087204,0.197542,2.549450,0.094592,1.506495,#TechLinearMove
0.572991,0.092105,0.196566,2.544635,0.111260,1.494592,#TechLinearMove
0.572705,0.096998,0.195545,2.538872,0.128495,1.482008,#TechLinearMove
0.572480,0.101893,0.194525,2.533590,0.142048,1.471938,#TechLinearMove
0.572311,0.106810,0.193597,2.526642,0.158573,1.459470,#TechLinearMove
0.571931,0.111689,0.192552,2.516530,0.175273,1.445963,#TechLinearMove
0.570895,0.113667,0.191150,2.513147,0.171509,1.447570,#TechLinearMove
0.569866,0.118223,0.189193,2.515345,0.176202,1.446714,#TechLinearMove
0.568958,0.122770,0.187163,2.519025,0.177988,1.447560,#TechLinearMove
0.568358,0.127388,0.185171,2.521674,0.180332,1.447697,#TechLinearMove
0.567201,0.131622,0.182645,2.524110,0.183573,1.447210,#TechLinearMove
0.565956,0.135779,0.180034,2.525386,0.188886,1.445079,#TechLinearMove
0.564740,0.140008,0.177529,2.522607,0.199600,1.438116,#TechLinearMove
0.563861,0.144448,0.175287,2.518539,0.215125,1.428137,#TechLinearMove
0.563308,0.144703,0.176080,2.518539,0.215125,1.428137,#TechMoveTo
0.512282,0.145878,0.143027,2.539599,0.230476,1.416654,#TechMoveTo
0.512812,0.145605,0.142225,2.539599,0.230476,1.416654,#TechMoveTo
0.512812,0.145605,0.142225,2.539599,0.230476,1.416654,#TechStartPoint
0.512507,0.142528,0.142827,2.548188,0.215894,1.428005,#TechLinearMove
0.511909,0.137999,0.143732,2.554820,0.203907,1.440096,#TechLinearMove
0.511806,0.133482,0.144933,2.559305,0.197520,1.446926,#TechLinearMove
0.511510,0.128962,0.146088,2.564832,0.193211,1.452687,#TechLinearMove
0.511712,0.124535,0.147518,2.571736,0.190318,1.458893,#TechLinearMove
0.510720,0.116845,0.148764,2.580256,0.192071,1.455649,#TechLinearMove
0.510648,0.111779,0.149645,2.584348,0.186509,1.459215,#TechLinearMove
0.510424,0.106753,0.150735,2.590468,0.175436,1.466747,#TechLinearMove
0.510063,0.101735,0.151829,2.595016,0.167113,1.472328,#TechLinearMove
0.509675,0.096728,0.152969,2.598891,0.155425,1.479698,#TechLinearMove
0.509273,0.091729,0.154138,2.603280,0.141136,1.488714,#TechLinearMove
0.508868,0.086733,0.155316,2.608989,0.129206,1.496585,#TechLinearMove
0.508397,0.081717,0.156373,2.613730,0.121103,1.501923,#TechLinearMove
0.507761,0.076707,0.157370,2.618516,0.112255,1.507425,#TechLinearMove
0.507332,0.071663,0.158303,2.621874,0.103921,1.512257,#TechLinearMove
0.507421,0.061406,0.158143,2.633663,0.113747,1.508413,#TechLinearMove
0.507532,0.056551,0.157893,2.628651,0.100316,1.515176,#TechLinearMove
0.507430,0.051696,0.158119,2.624292,0.085801,1.522949,#TechLinearMove
0.507329,0.046839,0.158340,2.622311,0.077949,1.527175,#TechLinearMove
0.507349,0.041983,0.158615,2.621260,0.070943,1.530978,#TechLinearMove
0.507358,0.037135,0.158998,2.618435,0.060573,1.536438,#TechLinearMove
0.507314,0.032297,0.159501,2.617695,0.053901,1.540066,#TechLinearMove
0.507226,0.027472,0.160105,2.618934,0.049321,1.542723,#TechLinearMove
0.507104,0.022659,0.160792,2.621184,0.044855,1.545384,#TechLinearMove
0.506970,0.017849,0.161504,2.624554,0.042688,1.546791,#TechLinearMove
0.506860,0.013031,0.162157,2.628554,0.043000,1.546781,#TechLinearMove
0.506811,0.008196,0.162681,2.632612,0.043702,1.546516,#TechLinearMove
0.506825,0.003347,0.163062,2.636057,0.043768,1.546580,#TechLinearMove
0.506841,-0.001508,0.163347,2.638255,0.042195,1.547534,#TechLinearMove
0.506757,-0.006367,0.163535,2.641684,0.039377,1.549230,#TechLinearMove
0.506664,-0.011225,0.163755,2.645906,0.036753,1.550830,#TechLinearMove
0.506636,-0.016088,0.163807,2.647608,0.033989,1.552397,#TechLinearMove
0.506765,-0.023903,0.163520,2.650972,0.028794,1.555331,#TechLinearMove
0.506925,-0.028690,0.163708,2.656825,0.018730,1.560830,#TechLinearMove
0.507139,-0.033476,0.163972,2.663015,0.007942,1.566548,#TechLinearMove
0.507302,-0.038271,0.164119,2.667212,-0.001135,1.571304,#TechLinearMove
0.507466,-0.043066,0.164261,2.672673,-0.006854,1.574252,#TechLinearMove
0.507634,-0.047860,0.164404,2.676339,-0.012569,1.577169,#TechLinearMove
0.507811,-0.052655,0.164527,2.680962,-0.015444,1.578638,#TechLinearMove
0.508018,-0.057450,0.164567,2.682643,-0.020961,1.581447,#TechLinearMove
0.508113,-0.062246,0.164430,2.686760,-0.025452,1.583652,#TechLinearMove
0.508313,-0.067035,0.164191,2.691530,-0.031241,1.586363,#TechLinearMove
0.508488,-0.071826,0.163953,2.697177,-0.037085,1.589133,#TechLinearMove
0.508672,-0.076615,0.163696,2.701718,-0.044241,1.592578,#TechLinearMove
0.509438,-0.084660,0.163002,2.703968,-0.056618,1.597547,#TechLinearMove
0.509655,-0.089583,0.162670,2.711177,-0.070868,1.602870,#TechLinearMove
0.510003,-0.094498,0.162340,2.719554,-0.084605,1.607719,#TechLinearMove
0.510268,-0.099412,0.161927,2.726835,-0.095114,1.611308,#TechLinearMove
0.510495,-0.104326,0.161490,2.732736,-0.104559,1.614466,#TechLinearMove
0.510797,-0.109239,0.161086,2.737277,-0.111216,1.616582,#TechLinearMove
0.511074,-0.114157,0.160719,2.739178,-0.117363,1.618742,#TechLinearMove
0.511375,-0.119071,0.160323,2.743611,-0.122707,1.620209,#TechLinearMove
0.511692,-0.123978,0.159867,2.744889,-0.129891,1.622850,#TechLinearMove
0.511967,-0.128880,0.159329,2.745405,-0.135401,1.624928,#TechLinearMove
0.512342,-0.133781,0.158856,2.745651,-0.142460,1.627584,#TechLinearMove
0.512633,-0.138694,0.158463,2.746324,-0.154071,1.632029,#TechLinearMove
0.513304,-0.148954,0.156933,2.738670,-0.150401,1.633230,#TechLinearMove
0.513605,-0.153895,0.156276,2.736675,-0.137862,1.627402,#TechLinearMove
0.513933,-0.158830,0.155584,2.735212,-0.125278,1.621441,#TechLinearMove
0.514274,-0.163758,0.154856,2.734987,-0.117610,1.617755,#TechLinearMove
0.514615,-0.168688,0.154138,2.735124,-0.109572,1.613913,#TechLinearMove
0.514930,-0.173624,0.153450,2.734976,-0.101778,1.610229,#TechLinearMove
0.515228,-0.178567,0.152805,2.732768,-0.095728,1.607552,#TechLinearMove
0.515511,-0.183513,0.152179,2.727354,-0.088102,1.604542,#TechLinearMove
0.515799,-0.188457,0.151541,2.719949,-0.078266,1.600669,#TechLinearMove
0.516101,-0.193398,0.150882,2.710021,-0.065543,1.595516,#TechLinearMove
0.516439,-0.198336,0.150220,2.696984,-0.050053,1.589076,#TechLinearMove
0.516825,-0.203272,0.149569,2.682791,-0.033943,1.581913,#TechLinearMove
0.517208,-0.208208,0.148921,2.668010,-0.017201,1.573975,#TechLinearMove
0.517582,-0.213148,0.148296,2.653880,-0.002770,1.567192,#TechLinearMove
0.517939,-0.218093,0.147698,2.639950,0.010896,1.560637,#TechLinearMove
0.518365,-0.223025,0.147042,2.617327,0.036844,1.547164,#TechLinearMove
0.518884,-0.227941,0.146335,2.600065,0.061956,1.532812,#TechLinearMove
0.519378,-0.236016,0.145705,2.602957,0.059762,1.534517,#TechLinearMove
0.519292,-0.240789,0.146463,2.596795,0.074801,1.521909,#TechLinearMove
0.518883,-0.245472,0.147633,2.579068,0.093510,1.505496,#TechLinearMove
0.518500,-0.250180,0.148720,2.568829,0.104841,1.495414,#TechLinearMove
0.518051,-0.254846,0.149953,2.561910,0.116072,1.485660,#TechLinearMove
0.517563,-0.259483,0.151278,2.552007,0.129117,1.474421,#TechLinearMove
0.517285,-0.264132,0.152621,2.540711,0.145967,1.459805,#TechLinearMove
0.517022,-0.268798,0.153908,2.531284,0.160082,1.447387,#TechLinearMove
0.516673,-0.273503,0.155017,2.525611,0.174982,1.434934,#TechLinearMove
0.516408,-0.278220,0.156100,2.524843,0.186090,1.426116,#TechLinearMove
0.516320,-0.282981,0.156982,2.523544,0.201258,1.413563,#TechLinearMove
0.516556,-0.287771,0.157680,2.518749,0.221245,1.396333,#TechLinearMove
0.516515,-0.282331,0.156485,2.517357,0.218421,1.406805,#TechLinearMove
0.516319,-0.277251,0.155964,2.533674,0.190076,1.431971,#TechLinearMove
0.516418,-0.272234,0.154988,2.532097,0.175469,1.442352,#TechLinearMove
0.516725,-0.267266,0.153829,2.535027,0.158078,1.455681,#TechLinearMove
0.517216,-0.262377,0.152425,2.546854,0.138593,1.471784,#TechLinearMove
0.517806,-0.257562,0.150812,2.559629,0.121880,1.485760,#TechLinearMove
0.518411,-0.252772,0.149130,2.569299,0.107234,1.497373,#TechLinearMove
0.519007,-0.247961,0.147505,2.583325,0.087646,1.512589,#TechLinearMove
0.519325,-0.243149,0.145837,2.615365,0.059228,1.535725,#TechLinearMove
0.519254,-0.233023,0.145893,2.614232,0.045099,1.544053,#TechLinearMove
0.518717,-0.227957,0.146519,2.626576,0.025448,1.554639,#TechLinearMove
0.518257,-0.222890,0.147201,2.638152,0.004628,1.565412,#TechLinearMove
0.517914,-0.217797,0.147741,2.648486,-0.009714,1.572509,#TechLinearMove
0.517543,-0.212714,0.148348,2.658135,-0.021923,1.578213,#TechLinearMove
0.517155,-0.207636,0.148996,2.672408,-0.037602,1.585401,#TechLinearMove
0.516753,-0.202562,0.149659,2.683707,-0.051021,1.591136,#TechLinearMove
0.516350,-0.197487,0.150316,2.696934,-0.066427,1.597657,#TechLinearMove
0.516024,-0.192410,0.150995,2.706539,-0.077084,1.601814,#TechLinearMove
0.515709,-0.187331,0.151669,2.716985,-0.088974,1.606332,#TechLinearMove
0.515414,-0.182248,0.152318,2.728077,-0.098098,1.609327,#TechLinearMove
0.515126,-0.177163,0.152961,2.736218,-0.105361,1.611620,#TechLinearMove
0.514804,-0.172086,0.153645,2.740828,-0.112566,1.614279,#TechLinearMove
0.514475,-0.167016,0.154372,2.743621,-0.120823,1.617605,#TechLinearMove
0.514130,-0.161947,0.155106,2.747793,-0.132856,1.622504,#TechLinearMove
0.513820,-0.156871,0.155799,2.751837,-0.146331,1.627958,#TechLinearMove
0.513305,-0.148940,0.156905,2.737130,-0.151910,1.634170,#TechLinearMove
0.512973,-0.143844,0.157661,2.735309,-0.139572,1.629455,#TechLinearMove
0.512716,-0.138720,0.158234,2.734150,-0.133594,1.627240,#TechLinearMove
0.512389,-0.133601,0.158830,2.734112,-0.131104,1.626286,#TechLinearMove
0.512004,-0.128483,0.159389,2.731482,-0.125971,1.624627,#TechLinearMove
0.511636,-0.123359,0.159903,2.730833,-0.118291,1.621568,#TechLinearMove
0.511299,-0.118226,0.160358,2.732292,-0.112314,1.618923,#TechLinearMove
0.510985,-0.113089,0.160768,2.731335,-0.108082,1.617370,#TechLinearMove
0.510679,-0.107951,0.161173,2.729179,-0.102865,1.615546,#TechLinearMove
0.510359,-0.102815,0.161596,2.727038,-0.095261,1.612691,#TechLinearMove
0.510095,-0.097677,0.162036,2.723999,-0.084542,1.608658,#TechLinearMove
0.509953,-0.092528,0.162380,2.720039,-0.074675,1.605080,#TechLinearMove
0.509438,-0.084660,0.163002,2.720309,-0.079426,1.606535,#TechLinearMove
0.509027,-0.079657,0.163417,2.710078,-0.058922,1.597666,#TechLinearMove
0.508745,-0.074638,0.163752,2.702732,-0.048432,1.593193,#TechLinearMove
0.508367,-0.069623,0.164038,2.696504,-0.038535,1.588882,#TechLinearMove
0.507902,-0.064610,0.164227,2.690878,-0.029437,1.584711,#TechLinearMove
0.507535,-0.059588,0.164331,2.685716,-0.023142,1.581790,#TechLinearMove
0.507283,-0.054556,0.164327,2.681678,-0.019689,1.580187,#TechLinearMove
0.507076,-0.049524,0.164222,2.676917,-0.017372,1.579140,#TechLinearMove
0.506892,-0.044491,0.164071,2.671626,-0.012249,1.576653,#TechLinearMove
0.506601,-0.039467,0.163881,2.664608,-0.002651,1.571903,#TechLinearMove
0.506706,-0.034436,0.163647,2.657936,0.004293,1.568423,#TechLinearMove
0.506749,-0.024130,0.163554,2.649420,0.015498,1.562286,#TechLinearMove
0.506670,-0.019284,0.163714,2.647992,0.022485,1.558525,#TechLinearMove
0.506582,-0.014439,0.163608,2.647703,0.030490,1.554248,#TechLinearMove
0.506447,-0.009595,0.163427,2.645319,0.034741,1.551881,#TechLinearMove
0.506354,-0.004750,0.163225,2.642056,0.038942,1.549493,#TechLinearMove
0.506282,0.000092,0.162973,2.638693,0.042674,1.547327,#TechLinearMove
0.506245,0.004931,0.162646,2.636051,0.044227,1.546399,#TechLinearMove
0.506257,0.009762,0.162220,2.633323,0.044237,1.546348,#TechLinearMove
0.506333,0.014576,0.161651,2.630156,0.045631,1.545472,#TechLinearMove
0.506462,0.019376,0.160965,2.626816,0.048189,1.543911,#TechLinearMove
0.506604,0.024170,0.160252,2.623215,0.050467,1.542485,#TechLinearMove
0.506770,0.028971,0.159590,2.620178,0.054141,1.540255,#TechLinearMove
0.506998,0.033788,0.159078,2.619875,0.059891,1.537055,#TechLinearMove
0.507184,0.038617,0.158674,2.620336,0.069959,1.531500,#TechLinearMove
0.507321,0.043455,0.158369,2.620522,0.078508,1.526684,#TechLinearMove
0.507570,0.048266,0.157816,2.620003,0.090474,1.519953,#TechLinearMove
0.507681,0.053105,0.157567,2.622317,0.105813,1.511557,#TechLinearMove
0.507404,0.061038,0.158181,2.627087,0.106410,1.511413,#TechLinearMove
0.507440,0.065933,0.158074,2.621880,0.111310,1.508815,#TechLinearMove
0.507636,0.070809,0.157644,2.618423,0.117091,1.505801,#TechLinearMove
0.507779,0.075680,0.157173,2.615879,0.123362,1.502328,#TechLinearMove
0.507911,0.080509,0.156363,2.612874,0.131719,1.497536,#TechLinearMove
0.508156,0.085291,0.155323,2.608869,0.139994,1.492506,#TechLinearMove
0.508541,0.090045,0.154204,2.602177,0.149484,1.486163,#TechLinearMove
0.508926,0.094803,0.153099,2.599028,0.159179,1.480356,#TechLinearMove
0.509298,0.099567,0.152015,2.593847,0.170569,1.473120,#TechLinearMove
0.509653,0.104338,0.150957,2.588591,0.179938,1.466978,#TechLinearMove
0.509947,0.109098,0.149844,2.581492,0.192809,1.458561,#TechLinearMove
0.510510,0.113921,0.149201,2.574233,0.204131,1.451090,#TechLinearMove
0.510632,0.115925,0.148965,2.579286,0.204222,1.448053,#TechLinearMove
0.511205,0.121296,0.148002,2.572999,0.198945,1.448598,#TechLinearMove
0.511598,0.126622,0.146802,2.567120,0.193862,1.449517,#TechLinearMove
0.511778,0.131915,0.145370,2.559311,0.195543,1.445690,#TechLinearMove
0.511977,0.137215,0.143964,2.552877,0.204403,1.437644,#TechLinearMove
0.512507,0.142528,0.142827,2.547227,0.217036,1.426984,#TechLinearMove
0.511978,0.142785,0.143636,2.547227,0.217036,1.426984,#TechMoveTo
0.562201,0.147655,0.174562,2.515636,0.231806,1.425632,#TechMoveTo
0.562753,0.147386,0.173773,2.515636,0.231806,1.425632,#TechMoveTo
0.563173,0.144436,0.174830,2.511771,0.219686,1.423029,#TechLinearMove
0.562424,0.139239,0.176152,2.520413,0.195617,1.438936,#TechLinearMove
0.561700,0.134041,0.177477,2.526200,0.178371,1.450286,#TechLinearMove
0.561025,0.128819,0.178734,2.530377,0.167820,1.456470,#TechLinearMove
0.560424,0.123571,0.179921,2.534715,0.160894,1.459131,#TechLinearMove
0.559931,0.118333,0.180718,2.531169,0.165714,1.455501,#TechLinearMove
0.559443,0.113529,0.181608,2.532613,0.159093,1.460357,#TechLinearMove
0.559021,0.108684,0.182295,2.533389,0.153979,1.464035,#TechLinearMove
0.558560,0.103832,0.182907,2.535498,0.147164,1.469159,#TechLinearMove
0.558043,0.098988,0.183528,2.537365,0.135541,1.477451,#TechLinearMove
0.557523,0.094144,0.184153,2.539730,0.121017,1.487780,#TechLinearMove
0.556969,0.089313,0.184842,2.543114,0.104598,1.499472,#TechLinearMove
0.556362,0.084508,0.185654,2.547323,0.089105,1.510529,#TechLinearMove
0.555751,0.079723,0.186580,2.552259,0.077820,1.518764,#TechLinearMove
0.555204,0.074942,0.187560,2.557761,0.069584,1.524995,#TechLinearMove
0.554640,0.070171,0.188581,2.564860,0.059451,1.532535,#TechLinearMove
0.554923,0.060068,0.188383,2.561802,0.055745,1.534610,#TechLinearMove
0.555464,0.055102,0.188027,2.573669,0.043535,1.542273,#TechLinearMove
0.555819,0.050102,0.188268,2.588463,0.025173,1.553383,#TechLinearMove
0.556049,0.045088,0.188408,2.598296,0.012220,1.561011,#TechLinearMove
0.556300,0.040074,0.188503,2.607902,0.001297,1.567185,#TechLinearMove
0.556535,0.035059,0.188618,2.618086,-0.006967,1.571816,#TechLinearMove
0.556647,0.030042,0.188788,2.626238,-0.016097,1.576915,#TechLinearMove
0.556832,0.025030,0.189025,2.636579,-0.020893,1.579294,#TechLinearMove
0.557026,0.020016,0.189216,2.646694,-0.025708,1.581689,#TechLinearMove
0.557055,0.014996,0.189177,2.654667,-0.028486,1.582920,#TechLinearMove
0.557164,0.009979,0.188986,2.661419,-0.029032,1.582854,#TechLinearMove
0.557362,0.004975,0.188630,2.668049,-0.030337,1.583229,#TechLinearMove
0.557593,-0.000025,0.188230,2.675362,-0.032746,1.584046,#TechLinearMove
0.557979,-0.005021,0.187905,2.681657,-0.034133,1.584443,#TechLinearMove
0.558341,-0.010001,0.187372,2.692200,-0.041288,1.587517,#TechLinearMove
0.558705,-0.014986,0.186901,2.702323,-0.051366,1.591900,#TechLinearMove
0.558929,-0.022624,0.186670,2.701950,-0.044635,1.590257,#TechLinearMove
0.559198,-0.027520,0.186958,2.706025,-0.051670,1.593727,#TechLinearMove
0.559334,-0.032425,0.187175,2.709504,-0.053347,1.594700,#TechLinearMove
0.559512,-0.037333,0.187299,2.711885,-0.055897,1.595965,#TechLinearMove
0.559705,-0.042241,0.187398,2.714521,-0.057244,1.596653,#TechLinearMove
0.559884,-0.047150,0.187460,2.715939,-0.059322,1.597725,#TechLinearMove
0.559917,-0.052062,0.187398,2.719986,-0.065759,1.600550,#TechLinearMove
0.559990,-0.056972,0.187265,2.722748,-0.070084,1.602466,#TechLinearMove
0.560098,-0.061880,0.187075,2.725219,-0.076309,1.605258,#TechLinearMove
0.560388,-0.066780,0.186896,2.726221,-0.083261,1.608483,#TechLinearMove
0.560622,-0.071683,0.186705,2.729521,-0.092386,1.612617,#TechLinearMove
0.560852,-0.076588,0.186536,2.734230,-0.104223,1.617776,#TechLinearMove
0.561261,-0.084522,0.185859,2.732985,-0.107065,1.618071,#TechLinearMove
0.562027,-0.089213,0.185237,2.726850,-0.107955,1.619403,#TechLinearMove
0.562663,-0.093914,0.184551,2.722572,-0.113082,1.622346,#TechLinearMove
0.563252,-0.098630,0.183927,2.720177,-0.118677,1.625207,#TechLinearMove
0.563878,-0.103333,0.183243,2.715394,-0.123160,1.627978,#TechLinearMove
0.564517,-0.108030,0.182529,2.711656,-0.126843,1.630248,#TechLinearMove
0.564938,-0.112746,0.181780,2.707772,-0.132008,1.633231,#TechLinearMove
0.565324,-0.117475,0.181102,2.703488,-0.137703,1.636587,#TechLinearMove
0.565917,-0.122204,0.180600,2.697393,-0.144859,1.640983,#TechLinearMove
0.566550,-0.126933,0.180138,2.692386,-0.150669,1.644610,#TechLinearMove
0.567132,-0.131665,0.179640,2.684494,-0.154382,1.647859,#TechLinearMove
0.567768,-0.136403,0.179286,2.676945,-0.159981,1.651990,#TechLinearMove
0.569316,-0.146043,0.178063,2.675078,-0.151831,1.647596,#TechLinearMove
0.569945,-0.150911,0.177243,2.680019,-0.134459,1.638868,#TechLinearMove
0.570511,-0.155783,0.176396,2.681519,-0.112820,1.628620,#TechLinearMove
0.571152,-0.160670,0.175715,2.682609,-0.094919,1.619947,#TechLinearMove
0.571547,-0.165561,0.174903,2.683913,-0.080014,1.612773,#TechLinearMove
0.571906,-0.170463,0.174132,2.685109,-0.066573,1.606370,#TechLinearMove
0.572250,-0.175391,0.173534,2.687638,-0.053161,1.599921,#TechLinearMove
0.572498,-0.180343,0.173113,2.690496,-0.039570,1.593446,#TechLinearMove
0.572616,-0.185312,0.172900,2.693812,-0.026616,1.587354,#TechLinearMove
0.572489,-0.190277,0.173033,2.699294,-0.014632,1.581693,#TechLinearMove
0.572139,-0.195211,0.173556,2.706762,-0.003987,1.576664,#TechLinearMove
0.571710,-0.200112,0.174311,2.713919,0.006639,1.571757,#TechLinearMove
0.571236,-0.204998,0.175131,2.719107,0.018949,1.566338,#TechLinearMove
0.570800,-0.209878,0.176000,2.724884,0.031905,1.560777,#TechLinearMove
0.570418,-0.214744,0.176960,2.728865,0.048958,1.553329,#TechLinearMove
0.569662,-0.219496,0.178222,2.736465,0.067568,1.545494,#TechLinearMove
0.568807,-0.224186,0.179651,2.739353,0.090698,1.535730,#TechLinearMove
0.568966,-0.231695,0.179653,2.729752,0.109202,1.525135,#TechLinearMove
0.569612,-0.236334,0.178451,2.733984,0.125232,1.507360,#TechLinearMove
0.570199,-0.241039,0.177515,2.737664,0.138081,1.492528,#TechLinearMove
0.570742,-0.245785,0.176766,2.743929,0.146632,1.483955,#TechLinearMove
0.571176,-0.250555,0.176124,2.752781,0.150546,1.477950,#TechLinearMove
0.571725,-0.255346,0.175807,2.765163,0.148637,1.474617,#TechLinearMove
0.571898,-0.260175,0.175786,2.777796,0.140799,1.473753,#TechLinearMove
0.571939,-0.264974,0.176364,2.792005,0.137145,1.471838,#TechLinearMove
0.571735,-0.269676,0.177479,2.799408,0.143430,1.464884,#TechLinearMove
0.571160,-0.274192,0.179108,2.815930,0.145315,1.462335,#TechLinearMove
0.570301,-0.278556,0.180999,2.823776,0.152274,1.455906,#TechLinearMove
0.569595,-0.282933,0.182899,2.831709,0.162218,1.444271,#TechLinearMove
0.568622,-0.287091,0.185143,2.830916,0.187003,1.425997,#TechLinearMove
0.570599,-0.281883,0.181791,2.827795,0.199914,1.463484,#TechLinearMove
0.571270,-0.277424,0.179943,2.813204,0.187069,1.472647,#TechLinearMove
0.571840,-0.272876,0.178231,2.798401,0.178802,1.477314,#TechLinearMove
0.572222,-0.268203,0.176848,2.781364,0.178908,1.477347,#TechLinearMove
0.572251,-0.263416,0.175860,2.759941,0.182650,1.475189,#TechLinearMove
0.571985,-0.258562,0.175339,2.739920,0.185702,1.473956,#TechLinearMove
0.571610,-0.253687,0.175360,2.728973,0.187427,1.475349,#TechLinearMove
0.571247,-0.248837,0.175899,2.728012,0.183823,1.481011,#TechLinearMove
0.570535,-0.244071,0.176778,2.725316,0.176334,1.488801,#TechLinearMove
0.569935,-0.239359,0.177963,2.727980,0.157792,1.506459,#TechLinearMove
0.568932,-0.229114,0.179710,2.733001,0.118589,1.520904,#TechLinearMove
0.569464,-0.224213,0.178790,2.731544,0.085222,1.535690,#TechLinearMove
0.570168,-0.219396,0.177559,2.727980,0.058811,1.547347,#TechLinearMove
0.570605,-0.214457,0.176793,2.723032,0.038334,1.556416,#TechLinearMove
0.571023,-0.209508,0.176054,2.719171,0.022357,1.563680,#TechLinearMove
0.571476,-0.204570,0.175255,2.712771,0.011885,1.568373,#TechLinearMove
0.571926,-0.199633,0.174457,2.706990,-0.000066,1.573848,#TechLinearMove
0.572335,-0.194682,0.173724,2.702036,-0.012477,1.579690,#TechLinearMove
0.572612,-0.189697,0.173220,2.697120,-0.023801,1.585129,#TechLinearMove
0.572682,-0.184682,0.173095,2.692480,-0.035215,1.590714,#TechLinearMove
0.572571,-0.179668,0.173298,2.687248,-0.046329,1.596318,#TechLinearMove
0.572321,-0.174673,0.173735,2.683056,-0.058309,1.602309,#TechLinearMove
0.571967,-0.169704,0.174368,2.682662,-0.073095,1.609362,#TechLinearMove
0.571566,-0.164748,0.175079,2.682634,-0.092558,1.618758,#TechLinearMove
0.571161,-0.159795,0.175796,2.681924,-0.123074,1.633589,#TechLinearMove
0.570660,-0.154884,0.176718,2.676535,-0.144155,1.644298,#TechLinearMove
0.569919,-0.147701,0.178002,2.685583,-0.152706,1.645931,#TechLinearMove
0.569455,-0.142677,0.178822,2.687709,-0.152010,1.645462,#TechLinearMove
0.568604,-0.137659,0.179272,2.691900,-0.152715,1.645191,#TechLinearMove
0.567882,-0.132632,0.179853,2.694936,-0.152274,1.644551,#TechLinearMove
0.567177,-0.127598,0.180393,2.697118,-0.148607,1.642583,#TechLinearMove
0.566492,-0.122556,0.180884,2.700326,-0.143591,1.639812,#TechLinearMove
0.565801,-0.117516,0.181388,2.704668,-0.137273,1.636206,#TechLinearMove
0.565082,-0.112484,0.181931,2.708713,-0.131275,1.632852,#TechLinearMove
0.564468,-0.107461,0.182633,2.712117,-0.126611,1.630283,#TechLinearMove
0.563989,-0.102444,0.183485,2.715318,-0.120355,1.627050,#TechLinearMove
0.563509,-0.097424,0.184326,2.719110,-0.114130,1.623812,#TechLinearMove
0.562985,-0.092422,0.185242,2.722400,-0.109132,1.621257,#TechLinearMove
0.562348,-0.084516,0.186414,2.724124,-0.103810,1.617689,#TechLinearMove
0.561883,-0.079371,0.186674,2.726286,-0.097653,1.614170,#TechLinearMove
0.561427,-0.074216,0.186858,2.727989,-0.091258,1.610813,#TechLinearMove
0.561027,-0.069056,0.187085,2.728879,-0.084056,1.607308,#TechLinearMove
0.560656,-0.063893,0.187260,2.728130,-0.075549,1.603339,#TechLinearMove
0.560310,-0.058726,0.187386,2.727089,-0.067887,1.599764,#TechLinearMove
0.560017,-0.053555,0.187429,2.725166,-0.063095,1.597528,#TechLinearMove
0.559878,-0.048379,0.187453,2.722369,-0.059567,1.595904,#TechLinearMove
0.559859,-0.043199,0.187489,2.719330,-0.056522,1.594495,#TechLinearMove
0.559820,-0.038020,0.187557,2.714479,-0.054335,1.593375,#TechLinearMove
0.559898,-0.032844,0.187428,2.712441,-0.058552,1.594877,#TechLinearMove
0.559964,-0.022439,0.187307,2.709575,-0.051262,1.593045,#TechLinearMove
0.559600,-0.017295,0.187465,2.696900,-0.036364,1.586233,#TechLinearMove
0.559060,-0.012170,0.187824,2.686961,-0.026027,1.581410,#TechLinearMove
0.558691,-0.007025,0.188109,2.679858,-0.023311,1.580215,#TechLinearMove
0.558323,-0.001881,0.188407,2.673065,-0.021730,1.579595,#TechLinearMove
0.557928,0.003260,0.188737,2.667011,-0.020061,1.578887,#TechLinearMove
0.557569,0.008406,0.189013,2.658207,-0.017444,1.577829,#TechLinearMove
0.557292,0.013563,0.189140,2.652027,-0.014345,1.576353,#TechLinearMove
0.557086,0.018725,0.189137,2.646089,-0.010768,1.574550,#TechLinearMove
0.557072,0.023890,0.189136,2.638738,-0.010049,1.574262,#TechLinearMove
0.557106,0.029056,0.189079,2.629944,-0.006630,1.572419,#TechLinearMove
0.557007,0.034218,0.188915,2.619457,-0.001079,1.569253,#TechLinearMove
0.556997,0.039384,0.188910,2.610876,0.008901,1.563439,#TechLinearMove
0.556754,0.044543,0.188820,2.601961,0.021053,1.556368,#TechLinearMove
0.556773,0.049700,0.188519,2.588116,0.037864,1.546420,#TechLinearMove
0.556450,0.054849,0.188641,2.568464,0.054855,1.535626,#TechLinearMove
0.556167,0.062259,0.189569,2.561112,0.051267,1.537384,#TechLinearMove
0.555961,0.067348,0.188747,2.557969,0.059466,1.531511,#TechLinearMove
0.556042,0.072437,0.187894,2.555283,0.071025,1.523404,#TechLinearMove
0.556129,0.077542,0.187132,2.553616,0.082822,1.515254,#TechLinearMove
0.556373,0.082612,0.186188,2.552304,0.094503,1.507274,#TechLinearMove
0.556778,0.087669,0.185241,2.549935,0.107596,1.498175,#TechLinearMove
0.557347,0.092738,0.184434,2.546824,0.121497,1.488364,#TechLinearMove
0.557906,0.097812,0.183658,2.544031,0.134710,1.478927,#TechLinearMove
0.558446,0.102895,0.182925,2.540986,0.146521,1.470300,#TechLinearMove
0.558968,0.107996,0.182319,2.538802,0.160120,1.460632,#TechLinearMove
0.559340,0.113106,0.181679,2.532949,0.168456,1.453568,#TechLinearMove
0.559752,0.116309,0.181033,2.531689,0.171530,1.451624,#TechLinearMove
0.560188,0.121063,0.180253,2.525493,0.174367,1.450524,#TechLinearMove
0.560658,0.125793,0.179355,2.524602,0.176997,1.449945,#TechLinearMove
0.561216,0.130492,0.178347,2.525737,0.180165,1.449483,#TechLinearMove
0.561836,0.135150,0.177196,2.528638,0.190230,1.444672,#TechLinearMove
0.562494,0.139794,0.176011,2.524389,0.202314,1.436494,#TechLinearMove
0.563173,0.144436,0.174830,2.517207,0.220870,1.423850,#TechLinearMove
0.562620,0.144697,0.175621,2.517207,0.220870,1.423850,#TechMoveTo
0.512282,0.145878,0.143027,2.539599,0.230476,1.416654,#TechMoveTo
0.512812,0.145605,0.142225,2.539599,0.230476,1.416654,#TechMoveTo
0.510533,0.143556,0.141146,2.545466,0.219582,1.424799,#TechLinearMove
0.507338,0.140017,0.140031,2.553773,0.208008,1.435407,#TechLinearMove
0.503981,0.136648,0.138851,2.555416,0.201593,1.440532,#TechLinearMove
0.500663,0.133153,0.137958,2.561066,0.199434,1.444090,#TechLinearMove
0.497104,0.129913,0.137023,2.560050,0.205081,1.440883,#TechLinearMove
0.493779,0.126363,0.136457,2.560554,0.212966,1.436568,#TechLinearMove
0.490426,0.122831,0.135903,2.560583,0.217415,1.434597,#TechLinearMove
0.489678,0.117730,0.137607,2.568249,0.215323,1.435944,#TechLinearMove
0.489021,0.112925,0.138793,2.571211,0.205855,1.442170,#TechLinearMove
0.488587,0.108116,0.140078,2.569746,0.197439,1.446733,#TechLinearMove
0.488196,0.103312,0.141393,2.571230,0.186075,1.453840,#TechLinearMove
0.487768,0.098486,0.142613,2.574086,0.173919,1.461789,#TechLinearMove
0.487383,0.093631,0.143722,2.576591,0.161247,1.469949,#TechLinearMove
0.487048,0.088753,0.144752,2.578166,0.147965,1.478224,#TechLinearMove
0.486651,0.083858,0.145667,2.580245,0.135848,1.485858,#TechLinearMove
0.486248,0.078931,0.146378,2.584545,0.126263,1.492427,#TechLinearMove
0.485917,0.073968,0.146848,2.581223,0.117802,1.496884,#TechLinearMove
0.485727,0.069004,0.147386,2.580514,0.107027,1.503039,#TechLinearMove
0.485862,0.058978,0.147078,2.579860,0.092782,1.512267,#TechLinearMove
0.485795,0.053964,0.147209,2.580339,0.083855,1.518230,#TechLinearMove
0.485688,0.048956,0.147486,2.581549,0.079343,1.521512,#TechLinearMove
0.485644,0.043941,0.147596,2.579823,0.074695,1.524402,#TechLinearMove
0.485724,0.038929,0.147803,2.580630,0.070318,1.527417,#TechLinearMove
0.485797,0.033920,0.148083,2.580108,0.066072,1.530225,#TechLinearMove
0.485839,0.028915,0.148436,2.581218,0.063879,1.531883,#TechLinearMove
0.485866,0.023914,0.148829,2.580419,0.062105,1.533121,#TechLinearMove
0.485902,0.018914,0.149245,2.579961,0.060592,1.534220,#TechLinearMove
0.485949,0.013911,0.149622,2.578050,0.059914,1.534700,#TechLinearMove
0.486022,0.008905,0.149937,2.575716,0.058590,1.535562,#TechLinearMove
0.486099,0.003895,0.150193,2.574281,0.055840,1.537369,#TechLinearMove
0.486185,-0.001114,0.150473,2.572382,0.051678,1.540083,#TechLinearMove
0.486097,-0.006125,0.150701,2.570973,0.050862,1.540695,#TechLinearMove
0.486003,-0.011134,0.150978,2.567799,0.046647,1.543525,#TechLinearMove
0.485930,-0.016148,0.151122,2.565013,0.044639,1.545014,#TechLinearMove
0.485871,-0.023701,0.151279,2.561205,0.042855,1.544322,#TechLinearMove
0.485642,-0.028645,0.151860,2.563774,0.028810,1.552504,#TechLinearMove
0.485480,-0.033608,0.152294,2.563412,0.019813,1.557519,#TechLinearMove
0.485332,-0.038577,0.152646,2.562030,0.012040,1.562026,#TechLinearMove
0.485210,-0.043550,0.152953,2.562200,0.004500,1.566435,#TechLinearMove
0.485194,-0.048524,0.153263,2.561559,-0.002753,1.570653,#TechLinearMove
0.485317,-0.053498,0.153546,2.558134,-0.010216,1.574994,#TechLinearMove
0.485499,-0.058476,0.153698,2.555773,-0.017853,1.579484,#TechLinearMove
0.485719,-0.063455,0.153734,2.554177,-0.026373,1.584643,#TechLinearMove
0.485979,-0.068432,0.153701,2.552166,-0.035389,1.590181,#TechLinearMove
0.486296,-0.073405,0.153722,2.551474,-0.044408,1.595439,#TechLinearMove
0.486640,-0.078369,0.153634,2.549310,-0.060657,1.605247,#TechLinearMove
0.487209,-0.086410,0.153233,2.551821,-0.063980,1.610406,#TechLinearMove
0.487295,-0.091175,0.153026,2.547682,-0.073884,1.617528,#TechLinearMove
0.487526,-0.095929,0.152670,2.544420,-0.079402,1.621627,#TechLinearMove
0.487787,-0.100681,0.152304,2.541176,-0.083452,1.624739,#TechLinearMove
0.488074,-0.105429,0.151899,2.539216,-0.089454,1.629010,#TechLinearMove
0.488363,-0.110174,0.151464,2.542412,-0.094239,1.631866,#TechLinearMove
0.488687,-0.114910,0.150968,2.545666,-0.099622,1.635046,#TechLinearMove
0.489021,-0.119644,0.150452,2.549175,-0.104547,1.637772,#TechLinearMove
0.489427,-0.124375,0.149972,2.552777,-0.110539,1.641168,#TechLinearMove
0.489761,-0.129117,0.149533,2.555465,-0.116457,1.644663,#TechLinearMove
0.490119,-0.133854,0.149071,2.557737,-0.124313,1.649475,#TechLinearMove
0.490398,-0.138604,0.148712,2.560030,-0.135259,1.656205,#TechLinearMove
0.490811,-0.149296,0.147767,2.567617,-0.125354,1.649946,#TechLinearMove
0.491148,-0.154205,0.146963,2.558818,-0.118068,1.645397,#TechLinearMove
0.491466,-0.159121,0.146199,2.551687,-0.114189,1.642680,#TechLinearMove
0.491719,-0.164063,0.145591,2.545841,-0.112024,1.641544,#TechLinearMove
0.491984,-0.169003,0.144967,2.537101,-0.108813,1.640286,#TechLinearMove
0.492261,-0.173936,0.144301,2.529700,-0.106465,1.639301,#TechLinearMove
0.492630,-0.178865,0.143648,2.522892,-0.104516,1.638438,#TechLinearMove
0.493019,-0.183791,0.142979,2.516087,-0.102948,1.637793,#TechLinearMove
0.493453,-0.188711,0.142303,2.510313,-0.099852,1.635899,#TechLinearMove
0.493930,-0.193629,0.141634,2.504181,-0.096121,1.633590,#TechLinearMove
0.494415,-0.198540,0.140929,2.498108,-0.091562,1.630681,#TechLinearMove
0.494915,-0.203439,0.140145,2.491825,-0.084733,1.626080,#TechLinearMove
0.495453,-0.208320,0.139282,2.485338,-0.075159,1.619333,#TechLinearMove
0.496018,-0.213185,0.138352,2.480395,-0.063443,1.610542,#TechLinearMove
0.496618,-0.218042,0.137397,2.472043,-0.051874,1.601755,#TechLinearMove
0.497267,-0.222872,0.136350,2.463257,-0.038186,1.591039,#TechLinearMove
0.497816,-0.227713,0.135293,2.452898,-0.023335,1.579252,#TechLinearMove
0.498116,-0.235574,0.133420,2.444325,0.003399,1.562159,#TechLinearMove
0.497974,-0.240691,0.132670,2.440080,0.016089,1.555834,#TechLinearMove
0.497393,-0.245824,0.132337,2.438124,0.029015,1.548104,#TechLinearMove
0.496649,-0.250940,0.132296,2.436433,0.038758,1.542001,#TechLinearMove
0.495670,-0.256008,0.132637,2.436725,0.052374,1.532946,#TechLinearMove
0.494562,-0.260993,0.133445,2.438587,0.067457,1.522922,#TechLinearMove
0.493378,-0.265916,0.134518,2.437433,0.084231,1.510825,#TechLinearMove
0.492192,-0.270844,0.135567,2.427735,0.105133,1.493458,#TechLinearMove
0.491164,-0.275826,0.136511,2.413421,0.127260,1.473764,#TechLinearMove
0.490296,-0.280875,0.137238,2.396066,0.146966,1.455020,#TechLinearMove
0.489479,-0.285932,0.137968,2.376215,0.171917,1.431807,#TechLinearMove
0.489017,-0.291062,0.138161,2.342039,0.192101,1.408238,#TechLinearMove
0.489343,-0.285693,0.138918,2.350814,0.217053,1.372259,#TechLinearMove
0.490352,-0.280894,0.138394,2.381788,0.183319,1.408630,#TechLinearMove
0.491207,-0.276082,0.137700,2.400856,0.153189,1.438391,#TechLinearMove
0.492465,-0.271418,0.136708,2.413663,0.127416,1.461985,#TechLinearMove
0.493892,-0.266872,0.135417,2.424384,0.095789,1.489323,#TechLinearMove
0.495200,-0.262288,0.134140,2.427945,0.068132,1.511621,#TechLinearMove
0.496304,-0.257584,0.133129,2.424546,0.051979,1.522992,#TechLinearMove
0.497260,-0.252787,0.132494,2.420636,0.042255,1.529216,#TechLinearMove
0.498053,-0.247918,0.132305,2.417656,0.029545,1.538020,#TechLinearMove
0.498465,-0.243011,0.132396,2.412310,0.023230,1.540036,#TechLinearMove
0.498228,-0.232929,0.134250,2.428690,0.015096,1.551969,#TechLinearMove
0.497819,-0.228220,0.135312,2.447301,-0.005358,1.568211,#TechLinearMove
0.497261,-0.223515,0.136316,2.463027,-0.023402,1.581831,#TechLinearMove
0.496690,-0.218798,0.137256,2.472870,-0.038773,1.593540,#TechLinearMove
0.496119,-0.214078,0.138185,2.483003,-0.053031,1.604008,#TechLinearMove
0.495548,-0.209357,0.139107,2.490416,-0.067200,1.614335,#TechLinearMove
0.494996,-0.204626,0.139986,2.495533,-0.078681,1.622618,#TechLinearMove
0.494488,-0.199875,0.140783,2.500600,-0.087253,1.628542,#TechLinearMove
0.494007,-0.195106,0.141479,2.505327,-0.094169,1.633200,#TechLinearMove
0.493531,-0.190328,0.142118,2.509445,-0.099271,1.636577,#TechLinearMove
0.493102,-0.185547,0.142766,2.513656,-0.103641,1.639404,#TechLinearMove
0.492722,-0.180760,0.143402,2.516971,-0.106854,1.641557,#TechLinearMove
0.492368,-0.175970,0.144025,2.519829,-0.109016,1.643022,#TechLinearMove
0.492098,-0.171178,0.144684,2.525325,-0.112108,1.644670,#TechLinearMove
0.491835,-0.166382,0.145307,2.530582,-0.114372,1.645818,#TechLinearMove
0.491580,-0.161583,0.145917,2.541684,-0.118799,1.647735,#TechLinearMove
0.491240,-0.156826,0.146764,2.549300,-0.126071,1.652175,#TechLinearMove
0.490753,-0.149387,0.147903,2.554297,-0.118169,1.647694,#TechLinearMove
0.490622,-0.144377,0.148244,2.553529,-0.116449,1.646005,#TechLinearMove
0.490380,-0.139377,0.148653,2.556086,-0.111502,1.641890,#TechLinearMove
0.490072,-0.134382,0.149087,2.552732,-0.108949,1.640369,#TechLinearMove
0.489764,-0.129387,0.149517,2.550801,-0.104943,1.637680,#TechLinearMove
0.489446,-0.124397,0.149990,2.550747,-0.100756,1.634571,#TechLinearMove
0.489097,-0.119415,0.150527,2.549597,-0.096810,1.631786,#TechLinearMove
0.488726,-0.114437,0.151094,2.548981,-0.092865,1.628928,#TechLinearMove
0.488381,-0.109454,0.151619,2.549021,-0.089423,1.626293,#TechLinearMove
0.488069,-0.104461,0.152068,2.548991,-0.085808,1.623527,#TechLinearMove
0.487791,-0.099465,0.152513,2.550527,-0.081142,1.619710,#TechLinearMove
0.487570,-0.094461,0.152884,2.554182,-0.074347,1.614035,#TechLinearMove
0.487209,-0.086410,0.153233,2.564384,-0.075826,1.616960,#TechLinearMove
0.486948,-0.081208,0.153518,2.567170,-0.060778,1.607885,#TechLinearMove
0.486678,-0.076002,0.153665,2.564872,-0.045756,1.598977,#TechLinearMove
0.486288,-0.070801,0.153713,2.563068,-0.035330,1.592775,#TechLinearMove
0.485966,-0.065595,0.153760,2.562364,-0.025463,1.586873,#TechLinearMove
0.485728,-0.060385,0.153775,2.561856,-0.015761,1.581044,#TechLinearMove
0.485527,-0.055174,0.153665,2.560970,-0.004863,1.574510,#TechLinearMove
0.485382,-0.049966,0.153413,2.560380,0.004345,1.569036,#TechLinearMove
0.485283,-0.044764,0.153047,2.560653,0.012071,1.564469,#TechLinearMove
0.485278,-0.039558,0.152764,2.563865,0.022436,1.558413,#TechLinearMove
0.485411,-0.034357,0.152418,2.565689,0.035904,1.550618,#TechLinearMove
0.485839,-0.024133,0.151399,2.564281,0.037794,1.547775,#TechLinearMove
0.485865,-0.019271,0.151340,2.566744,0.042350,1.544779,#TechLinearMove
0.485947,-0.014414,0.151136,2.568462,0.045016,1.542949,#TechLinearMove
0.486052,-0.009560,0.150871,2.570105,0.047492,1.541336,#TechLinearMove
0.486140,-0.004705,0.150627,2.571250,0.049045,1.540308,#TechLinearMove
0.486119,0.000149,0.150358,2.573253,0.051671,1.538670,#TechLinearMove
0.486053,0.005004,0.150106,2.575581,0.054866,1.536690,#TechLinearMove
0.485977,0.009859,0.149862,2.578084,0.057213,1.535270,#TechLinearMove
0.485913,0.014712,0.149564,2.579587,0.058115,1.534697,#TechLinearMove
0.485876,0.019559,0.149191,2.580547,0.058110,1.534644,#TechLinearMove
0.485853,0.024405,0.148790,2.581684,0.058687,1.534238,#TechLinearMove
0.485828,0.029252,0.148407,2.581668,0.060822,1.532784,#TechLinearMove
0.485782,0.034102,0.148067,2.582094,0.064300,1.530521,#TechLinearMove
0.485716,0.038956,0.147803,2.582442,0.069393,1.527257,#TechLinearMove
0.485645,0.043813,0.147591,2.580950,0.073091,1.524652,#TechLinearMove
0.485743,0.048667,0.147334,2.579816,0.076357,1.522254,#TechLinearMove
0.485873,0.053517,0.147013,2.577998,0.083461,1.517379,#TechLinearMove
0.485475,0.061308,0.146967,2.580180,0.091253,1.513125,#TechLinearMove
0.485173,0.066064,0.146638,2.584129,0.097247,1.510486,#TechLinearMove
0.485094,0.070825,0.146247,2.582286,0.107806,1.504201,#TechLinearMove
0.485029,0.075583,0.145840,2.580132,0.115778,1.499254,#TechLinearMove
0.485067,0.080316,0.145191,2.578974,0.126084,1.492983,#TechLinearMove
0.485203,0.085022,0.144378,2.578439,0.137908,1.485827,#TechLinearMove
0.485638,0.089713,0.143579,2.577426,0.148581,1.479269,#TechLinearMove
0.485937,0.094380,0.142600,2.576289,0.163220,1.470419,#TechLinearMove
0.486268,0.099025,0.141532,2.571968,0.176555,1.461652,#TechLinearMove
0.486702,0.103644,0.140389,2.568774,0.188222,1.453957,#TechLinearMove
0.487159,0.108249,0.139198,2.566170,0.204442,1.443687,#TechLinearMove
0.487562,0.112868,0.138043,2.564086,0.217045,1.435941,#TechLinearMove
0.490291,0.117051,0.138279,2.569399,0.220597,1.433097,#TechLinearMove
0.493583,0.121137,0.138656,2.564403,0.211574,1.436918,#TechLinearMove
0.497023,0.125099,0.139154,2.563438,0.207039,1.439229,#TechLinearMove
0.500174,0.129316,0.139417,2.558693,0.202491,1.440463,#TechLinearMove
0.503548,0.133318,0.140037,2.556231,0.203276,1.439044,#TechLinearMove
0.506701,0.137505,0.140602,2.552312,0.205293,1.436436,#TechLinearMove
0.509866,0.141646,0.141255,2.547931,0.214935,1.428486,#TechLinearMove
0.509337,0.141901,0.142065,2.547931,0.214935,1.428486,#TechMoveTo
0.562201,0.147655,0.174562,2.515636,0.231806,1.425632,#TechMoveTo
0.562753,0.147386,0.173773,2.515636,0.231806,1.425632,#TechMoveTo
0.563861,0.144448,0.175287,2.515924,0.217265,1.425932,#TechLinearMove
0.565430,0.139985,0.178021,2.517326,0.199378,1.436431,#TechLinearMove
0.566879,0.135509,0.180815,2.519737,0.187021,1.444104,#TechLinearMove
0.568358,0.131126,0.183747,2.520708,0.179697,1.447862,#TechLinearMove
0.569792,0.126704,0.186644,2.521822,0.176559,1.448774,#TechLinearMove
0.571370,0.122345,0.189559,2.519227,0.173322,1.448044,#TechLinearMove
0.571867,0.117666,0.191116,2.523541,0.171949,1.449927,#TechLinearMove
0.572166,0.112993,0.192418,2.525556,0.160161,1.458266,#TechLinearMove
0.572463,0.108266,0.193527,2.528227,0.153514,1.463304,#TechLinearMove
0.572749,0.103515,0.194536,2.531904,0.143765,1.470602,#TechLinearMove
0.573083,0.098771,0.195561,2.535274,0.130648,1.480143,#TechLinearMove
0.573375,0.094014,0.196531,2.539090,0.117992,1.489398,#TechLinearMove
0.573652,0.089245,0.197443,2.543136,0.104471,1.499242,#TechLinearMove
0.574016,0.084496,0.198437,2.545641,0.088382,1.510570,#TechLinearMove
0.574287,0.079746,0.199455,2.547637,0.077647,1.518036,#TechLinearMove
0.574567,0.074992,0.200450,2.549641,0.067143,1.525252,#TechLinearMove
0.574912,0.070235,0.201406,2.552835,0.053287,1.534869,#TechLinearMove
0.575452,0.059646,0.201356,2.567975,0.047546,1.539662,#TechLinearMove
0.575963,0.054814,0.201080,2.582696,0.028553,1.551290,#TechLinearMove
0.576234,0.049953,0.201080,2.593683,0.008572,1.563090,#TechLinearMove
0.576431,0.045086,0.201089,2.601851,-0.000729,1.568367,#TechLinearMove
0.576647,0.040221,0.201039,2.608704,-0.013847,1.575924,#TechLinearMove
0.576881,0.035357,0.200979,2.617272,-0.025470,1.582373,#TechLinearMove
0.577183,0.030497,0.200919,2.625011,-0.035693,1.587935,#TechLinearMove
0.577459,0.025638,0.200763,2.632756,-0.041880,1.591060,#TechLinearMove
0.577684,0.020780,0.200502,2.641494,-0.045973,1.592812,#TechLinearMove
0.577923,0.015925,0.200207,2.650806,-0.050644,1.594758,#TechLinearMove
0.578214,0.011074,0.199885,2.660989,-0.054481,1.596084,#TechLinearMove
0.578605,0.006235,0.199506,2.671998,-0.056558,1.596316,#TechLinearMove
0.579132,0.001408,0.199133,2.682218,-0.059835,1.597207,#TechLinearMove
0.579651,-0.003417,0.198736,2.694314,-0.064211,1.598438,#TechLinearMove
0.580264,-0.008210,0.198126,2.710067,-0.069624,1.599921,#TechLinearMove
0.580781,-0.013026,0.197642,2.726709,-0.083782,1.605439,#TechLinearMove
0.581579,-0.020566,0.197962,2.729648,-0.082411,1.605642,#TechLinearMove
0.581548,-0.025499,0.198245,2.736554,-0.080460,1.605260,#TechLinearMove
0.581568,-0.030436,0.198412,2.740546,-0.075860,1.603908,#TechLinearMove
0.581683,-0.035374,0.198516,2.744822,-0.074374,1.603477,#TechLinearMove
0.581686,-0.040316,0.198507,2.750049,-0.072512,1.602811,#TechLinearMove
0.581711,-0.045256,0.198442,2.753181,-0.071633,1.602727,#TechLinearMove
0.581784,-0.050195,0.198316,2.755824,-0.072774,1.603499,#TechLinearMove
0.581914,-0.055131,0.198108,2.758779,-0.074576,1.604505,#TechLinearMove
0.582096,-0.060060,0.197821,2.761335,-0.078389,1.606355,#TechLinearMove
0.582460,-0.064979,0.197544,2.763520,-0.083007,1.608560,#TechLinearMove
0.582765,-0.069904,0.197295,2.767719,-0.088873,1.611426,#TechLinearMove
0.583077,-0.074830,0.197069,2.769804,-0.092981,1.613900,#TechLinearMove
0.583597,-0.082565,0.196218,2.767688,-0.088797,1.609031,#TechLinearMove
0.584331,-0.087423,0.195677,2.766277,-0.099118,1.613701,#TechLinearMove
0.584896,-0.092306,0.195145,2.765377,-0.106388,1.617023,#TechLinearMove
0.585451,-0.097190,0.194623,2.765516,-0.112079,1.619407,#TechLinearMove
0.586031,-0.102071,0.194090,2.767283,-0.118870,1.621999,#TechLinearMove
0.586600,-0.106953,0.193560,2.768929,-0.127467,1.625252,#TechLinearMove
0.586913,-0.111857,0.193016,2.769148,-0.135216,1.628444,#TechLinearMove
0.587231,-0.116764,0.192510,2.766497,-0.140499,1.631117,#TechLinearMove
0.587547,-0.121674,0.192017,2.765622,-0.145279,1.633301,#TechLinearMove
0.587845,-0.126587,0.191558,2.762628,-0.150239,1.635919,#TechLinearMove
0.588144,-0.131500,0.191094,2.756917,-0.156936,1.639818,#TechLinearMove
0.588401,-0.136417,0.190649,2.746690,-0.161770,1.643996,#TechLinearMove
0.589162,-0.148487,0.189403,2.745225,-0.141206,1.632676,#TechLinearMove
0.589677,-0.153432,0.188596,2.743591,-0.120497,1.622565,#TechLinearMove
0.590431,-0.158372,0.187978,2.747193,-0.100710,1.612260,#TechLinearMove
0.590949,-0.163360,0.187517,2.753159,-0.083157,1.603230,#TechLinearMove
0.591371,-0.168362,0.187112,2.757714,-0.070882,1.597020,#TechLinearMove
0.591748,-0.173374,0.186788,2.761688,-0.058464,1.590890,#TechLinearMove
0.592074,-0.178393,0.186547,2.766922,-0.046640,1.584904,#TechLinearMove
0.592342,-0.183420,0.186409,2.769248,-0.032012,1.578024,#TechLinearMove
0.592544,-0.188452,0.186366,2.768781,-0.014761,1.570288,#TechLinearMove
0.592696,-0.193486,0.186399,2.768492,0.001928,1.562690,#TechLinearMove
0.592845,-0.198520,0.186456,2.767667,0.019481,1.554768,#TechLinearMove
0.593015,-0.203553,0.186449,2.766450,0.036633,1.547159,#TechLinearMove
0.593149,-0.208586,0.186336,2.766236,0.052125,1.540294,#TechLinearMove
0.593148,-0.213618,0.186339,2.764224,0.071637,1.531284,#TechLinearMove
0.593137,-0.218653,0.186417,2.754483,0.099187,1.518182,#TechLinearMove
0.593341,-0.223679,0.186198,2.738815,0.133435,1.501828,#TechLinearMove
0.593834,-0.231300,0.184919,2.752017,0.116111,1.516047,#TechLinearMove
0.594942,-0.236194,0.184177,2.781523,0.126852,1.517703,#TechLinearMove
0.595418,-0.241246,0.183965,2.813257,0.127057,1.521830,#TechLinearMove
0.595754,-0.246307,0.183880,2.831893,0.131580,1.523567,#TechLinearMove
0.595732,-0.251359,0.184331,2.852283,0.137517,1.525467,#TechLinearMove
0.595332,-0.256313,0.185375,2.860823,0.148971,1.523957,#TechLinearMove
0.594678,-0.261167,0.186733,2.860259,0.165400,1.519706,#TechLinearMove
0.593957,-0.265950,0.188291,2.865173,0.180218,1.516991,#TechLinearMove
0.593351,-0.270749,0.189850,2.867280,0.204077,1.511236,#TechLinearMove
0.592770,-0.275585,0.191298,2.860214,0.234779,1.502528,#TechLinearMove
0.592012,-0.280307,0.192998,2.858547,0.267632,1.494114,#TechLinearMove
0.591680,-0.285159,0.194410,2.862155,0.302631,1.486013,#TechLinearMove
0.592092,-0.279935,0.194110,2.895611,0.248567,1.508538,#TechLinearMove
0.592652,-0.275415,0.192117,2.897179,0.205645,1.515276,#TechLinearMove
0.593286,-0.270861,0.190219,2.884227,0.189166,1.515432,#TechLinearMove
0.594002,-0.266326,0.188306,2.878145,0.171706,1.517385,#TechLinearMove
0.594921,-0.261815,0.186425,2.873132,0.155851,1.519257,#TechLinearMove
0.595874,-0.257233,0.184778,2.860694,0.150060,1.517747,#TechLinearMove
0.596238,-0.252417,0.183622,2.834276,0.157282,1.511476,#TechLinearMove
0.596195,-0.247473,0.183061,2.817259,0.151847,1.509160,#TechLinearMove
0.595828,-0.242542,0.182786,2.789478,0.140163,1.505792,#TechLinearMove
0.594262,-0.232071,0.184767,2.771998,0.137184,1.510877,#TechLinearMove
0.593704,-0.227293,0.185515,2.773875,0.103324,1.525647,#TechLinearMove
0.593436,-0.222443,0.185879,2.778827,0.072006,1.539323,#TechLinearMove
0.593187,-0.217592,0.186257,2.782281,0.046711,1.549506,#TechLinearMove
0.593032,-0.212731,0.186530,2.785507,0.026517,1.557527,#TechLinearMove
0.592860,-0.207863,0.186628,2.791312,0.004590,1.566634,#TechLinearMove
0.592810,-0.202992,0.186597,2.794134,-0.016021,1.575289,#TechLinearMove
0.592885,-0.198121,0.186502,2.793124,-0.032934,1.582436,#TechLinearMove
0.592990,-0.193251,0.186386,2.791284,-0.047766,1.588755,#TechLinearMove
0.593031,-0.188380,0.186323,2.788172,-0.060226,1.594309,#TechLinearMove
0.592991,-0.183508,0.186369,2.781729,-0.069785,1.599106,#TechLinearMove
0.592893,-0.178640,0.186541,2.773072,-0.080004,1.604428,#TechLinearMove
0.592706,-0.173782,0.186859,2.764246,-0.090412,1.609954,#TechLinearMove
0.592397,-0.168938,0.187275,2.755216,-0.097002,1.614224,#TechLinearMove
0.591937,-0.164110,0.187741,2.745262,-0.108566,1.620654,#TechLinearMove
0.591499,-0.159297,0.188355,2.734836,-0.123982,1.629373,#TechLinearMove
0.590868,-0.154535,0.189169,2.725429,-0.138859,1.638003,#TechLinearMove
0.590483,-0.146415,0.190419,2.744897,-0.138850,1.631756,#TechLinearMove
0.589706,-0.141367,0.190621,2.752749,-0.137359,1.630436,#TechLinearMove
0.589160,-0.136295,0.190977,2.760893,-0.136889,1.629323,#TechLinearMove
0.588648,-0.131222,0.191359,2.766232,-0.136322,1.628506,#TechLinearMove
0.588152,-0.126146,0.191727,2.770187,-0.133275,1.626991,#TechLinearMove
0.587642,-0.121074,0.192121,2.773351,-0.129562,1.625365,#TechLinearMove
0.587211,-0.116001,0.192589,2.774602,-0.125823,1.624025,#TechLinearMove
0.586880,-0.110926,0.193122,2.774597,-0.121236,1.622550,#TechLinearMove
0.586535,-0.105857,0.193693,2.773012,-0.115035,1.620654,#TechLinearMove
0.586157,-0.100795,0.194308,2.768934,-0.107909,1.618750,#TechLinearMove
0.585781,-0.095733,0.194928,2.767352,-0.100550,1.616535,#TechLinearMove
0.585392,-0.090673,0.195554,2.764954,-0.092846,1.614327,#TechLinearMove
0.584728,-0.082539,0.196645,2.770966,-0.085739,1.607508,#TechLinearMove
0.584421,-0.077347,0.197145,2.768374,-0.086569,1.607234,#TechLinearMove
0.583859,-0.072161,0.197425,2.766371,-0.085447,1.606395,#TechLinearMove
0.583394,-0.066967,0.197748,2.765020,-0.083210,1.605248,#TechLinearMove
0.582959,-0.061767,0.198021,2.763762,-0.081030,1.604106,#TechLinearMove
0.582543,-0.056564,0.198249,2.761605,-0.079214,1.603182,#TechLinearMove
0.582173,-0.051355,0.198404,2.758877,-0.078270,1.602657,#TechLinearMove
0.581860,-0.046140,0.198479,2.756087,-0.080153,1.603266,#TechLinearMove
0.581692,-0.040919,0.198526,2.752496,-0.083092,1.604376,#TechLinearMove
0.581596,-0.035697,0.198649,2.748014,-0.086850,1.605694,#TechLinearMove
0.581621,-0.030473,0.198622,2.742129,-0.095730,1.609052,#TechLinearMove
0.581958,-0.020219,0.198143,2.739898,-0.085257,1.605860,#TechLinearMove
0.581859,-0.015182,0.198310,2.723370,-0.070909,1.600290,#TechLinearMove
0.581277,-0.010203,0.198750,2.708160,-0.060154,1.595989,#TechLinearMove
0.580788,-0.005193,0.199023,2.696975,-0.055142,1.594159,#TechLinearMove
0.580258,-0.000192,0.199378,2.685527,-0.049993,1.592380,#TechLinearMove
0.579710,0.004805,0.199759,2.674905,-0.046796,1.591433,#TechLinearMove
0.579144,0.009799,0.200156,2.663852,-0.044737,1.591092,#TechLinearMove
0.578653,0.014808,0.200448,2.653940,-0.043264,1.590919,#TechLinearMove
0.578273,0.019828,0.200721,2.646197,-0.040726,1.589974,#TechLinearMove
0.577840,0.024847,0.200912,2.639208,-0.035313,1.587327,#TechLinearMove
0.577449,0.029873,0.201012,2.630714,-0.030637,1.585068,#TechLinearMove
0.577337,0.034910,0.201191,2.622455,-0.022495,1.580848,#TechLinearMove
0.577103,0.039945,0.201240,2.614826,-0.012928,1.575580,#TechLinearMove
0.576871,0.044981,0.201288,2.605986,-0.001845,1.569296,#TechLinearMove
0.576809,0.050022,0.201244,2.594498,0.016726,1.558613,#TechLinearMove
0.576314,0.055029,0.201487,2.582259,0.040814,1.544222,#TechLinearMove
0.575474,0.062648,0.201777,2.578056,0.036335,1.547301,#TechLinearMove
0.574858,0.067551,0.200993,2.569396,0.044311,1.541556,#TechLinearMove
0.574309,0.072453,0.200140,2.562684,0.059023,1.531433,#TechLinearMove
0.573937,0.077388,0.199400,2.556206,0.068591,1.524589,#TechLinearMove
0.573661,0.082311,0.198540,2.552410,0.080090,1.516550,#TechLinearMove
0.573302,0.087204,0.197542,2.549450,0.094592,1.506495,#TechLinearMove
0.572991,0.092105,0.196566,2.544635,0.111260,1.494592,#TechLinearMove
0.572705,0.096998,0.195545,2.538872,0.128495,1.482008,#TechLinearMove
0.572480,0.101893,0.194525,2.533590,0.142048,1.471938,#TechLinearMove
0.572311,0.106810,0.193597,2.526642,0.158573,1.459470,#TechLinearMove
0.571931,0.111689,0.192552,2.516530,0.175273,1.445963,#TechLinearMove
0.570895,0.113667,0.191150,2.513147,0.171509,1.447570,#TechLinearMove
0.569866,0.118223,0.189193,2.515345,0.176202,1.446714,#TechLinearMove
0.568958,0.122770,0.187163,2.519025,0.177988,1.447560,#TechLinearMove
0.568358,0.127388,0.185171,2.521674,0.180332,1.447697,#TechLinearMove
0.567201,0.131622,0.182645,2.524110,0.183573,1.447210,#TechLinearMove
0.565956,0.135779,0.180034,2.525386,0.188886,1.445079,#TechLinearMove
0.564740,0.140008,0.177529,2.522607,0.199600,1.438116,#TechLinearMove
0.563861,0.144448,0.175287,2.518539,0.215125,1.428137,#TechLinearMove
0.563308,0.144703,0.176080,2.518539,0.215125,1.428137,#TechMoveTo
0.512282,0.145878,0.143027,2.539599,0.230476,1.416654,#TechMoveTo
0.512812,0.145605,0.142225,2.539599,0.230476,1.416654,#TechMoveTo
0.512812,0.145605,0.142225,2.539599,0.230476,1.416654,#TechStartPoint
0.512507,0.142528,0.142827,2.548188,0.215894,1.428005,#TechLinearMove
0.511909,0.137999,0.143732,2.554820,0.203907,1.440096,#TechLinearMove
0.511806,0.133482,0.144933,2.559305,0.197520,1.446926,#TechLinearMove
0.511510,0.128962,0.146088,2.564832,0.193211,1.452687,#TechLinearMove
0.511712,0.124535,0.147518,2.571736,0.190318,1.458893,#TechLinearMove
0.510720,0.116845,0.148764,2.580256,0.192071,1.455649,#TechLinearMove
0.510648,0.111779,0.149645,2.584348,0.186509,1.459215,#TechLinearMove
0.510424,0.106753,0.150735,2.590468,0.175436,1.466747,#TechLinearMove
0.510063,0.101735,0.151829,2.595016,0.167113,1.472328,#TechLinearMove
0.509675,0.096728,0.152969,2.598891,0.155425,1.479698,#TechLinearMove
0.509273,0.091729,0.154138,2.603280,0.141136,1.488714,#TechLinearMove
0.508868,0.086733,0.155316,2.608989,0.129206,1.496585,#TechLinearMove
0.508397,0.081717,0.156373,2.613730,0.121103,1.501923,#TechLinearMove
0.507761,0.076707,0.157370,2.618516,0.112255,1.507425,#TechLinearMove
0.507332,0.071663,0.158303,2.621874,0.103921,1.512257,#TechLinearMove
0.507421,0.061406,0.158143,2.633663,0.113747,1.508413,#TechLinearMove
0.507532,0.056551,0.157893,2.628651,0.100316,1.515176,#TechLinearMove
0.507430,0.051696,0.158119,2.624292,0.085801,1.522949,#TechLinearMove
0.507329,0.046839,0.158340,2.622311,0.077949,1.527175,#TechLinearMove
0.507349,0.041983,0.158615,2.621260,0.070943,1.530978,#TechLinearMove
0.507358,0.037135,0.158998,2.618435,0.060573,1.536438,#TechLinearMove
0.507314,0.032297,0.159501,2.617695,0.053901,1.540066,#TechLinearMove
0.507226,0.027472,0.160105,2.618934,0.049321,1.542723,#TechLinearMove
0.507104,0.022659,0.160792,2.621184,0.044855,1.545384,#TechLinearMove
0.506970,0.017849,0.161504,2.624554,0.042688,1.546791,#TechLinearMove
0.506860,0.013031,0.162157,2.628554,0.043000,1.546781,#TechLinearMove
0.506811,0.008196,0.162681,2.632612,0.043702,1.546516,#TechLinearMove
0.506825,0.003347,0.163062,2.636057,0.043768,1.546580,#TechLinearMove
0.506841,-0.001508,0.163347,2.638255,0.042195,1.547534,#TechLinearMove
0.506757,-0.006367,0.163535,2.641684,0.039377,1.549230,#TechLinearMove
0.506664,-0.011225,0.163755,2.645906,0.036753,1.550830,#TechLinearMove
0.506636,-0.016088,0.163807,2.647608,0.033989,1.552397,#TechLinearMove
0.506765,-0.023903,0.163520,2.650972,0.028794,1.555331,#TechLinearMove
0.506925,-0.028690,0.163708,2.656825,0.018730,1.560830,#TechLinearMove
0.507139,-0.033476,0.163972,2.663015,0.007942,1.566548,#TechLinearMove
0.507302,-0.038271,0.164119,2.667212,-0.001135,1.571304,#TechLinearMove
0.507466,-0.043066,0.164261,2.672673,-0.006854,1.574252,#TechLinearMove
0.507634,-0.047860,0.164404,2.676339,-0.012569,1.577169,#TechLinearMove
0.507811,-0.052655,0.164527,2.680962,-0.015444,1.578638,#TechLinearMove
0.508018,-0.057450,0.164567,2.682643,-0.020961,1.581447,#TechLinearMove
0.508113,-0.062246,0.164430,2.686760,-0.025452,1.583652,#TechLinearMove
0.508313,-0.067035,0.164191,2.691530,-0.031241,1.586363,#TechLinearMove
0.508488,-0.071826,0.163953,2.697177,-0.037085,1.589133,#TechLinearMove
0.508672,-0.076615,0.163696,2.701718,-0.044241,1.592578,#TechLinearMove
0.509438,-0.084660,0.163002,2.703968,-0.056618,1.597547,#TechLinearMove
0.509655,-0.089583,0.162670,2.711177,-0.070868,1.602870,#TechLinearMove
0.510003,-0.094498,0.162340,2.719554,-0.084605,1.607719,#TechLinearMove
0.510268,-0.099412,0.161927,2.726835,-0.095114,1.611308,#TechLinearMove
0.510495,-0.104326,0.161490,2.732736,-0.104559,1.614466,#TechLinearMove
0.510797,-0.109239,0.161086,2.737277,-0.111216,1.616582,#TechLinearMove
0.511074,-0.114157,0.160719,2.739178,-0.117363,1.618742,#TechLinearMove
0.511375,-0.119071,0.160323,2.743611,-0.122707,1.620209,#TechLinearMove
0.511692,-0.123978,0.159867,2.744889,-0.129891,1.622850,#TechLinearMove
0.511967,-0.128880,0.159329,2.745405,-0.135401,1.624928,#TechLinearMove
0.512342,-0.133781,0.158856,2.745651,-0.142460,1.627584,#TechLinearMove
0.512633,-0.138694,0.158463,2.746324,-0.154071,1.632029,#TechLinearMove
0.513304,-0.148954,0.156933,2.738670,-0.150401,1.633230,#TechLinearMove
0.513605,-0.153895,0.156276,2.736675,-0.137862,1.627402,#TechLinearMove
0.513933,-0.158830,0.155584,2.735212,-0.125278,1.621441,#TechLinearMove
0.514274,-0.163758,0.154856,2.734987,-0.117610,1.617755,#TechLinearMove
0.514615,-0.168688,0.154138,2.735124,-0.109572,1.613913,#TechLinearMove
0.514930,-0.173624,0.153450,2.734976,-0.101778,1.610229,#TechLinearMove
0.515228,-0.178567,0.152805,2.732768,-0.095728,1.607552,#TechLinearMove
0.515511,-0.183513,0.152179,2.727354,-0.088102,1.604542,#TechLinearMove
0.515799,-0.188457,0.151541,2.719949,-0.078266,1.600669,#TechLinearMove
0.516101,-0.193398,0.150882,2.710021,-0.065543,1.595516,#TechLinearMove
0.516439,-0.198336,0.150220,2.696984,-0.050053,1.589076,#TechLinearMove
0.516825,-0.203272,0.149569,2.682791,-0.033943,1.581913,#TechLinearMove
0.517208,-0.208208,0.148921,2.668010,-0.017201,1.573975,#TechLinearMove
0.517582,-0.213148,0.148296,2.653880,-0.002770,1.567192,#TechLinearMove
0.517939,-0.218093,0.147698,2.639950,0.010896,1.560637,#TechLinearMove
0.518365,-0.223025,0.147042,2.617327,0.036844,1.547164,#TechLinearMove
0.518884,-0.227941,0.146335,2.600065,0.061956,1.532812,#TechLinearMove
0.519378,-0.236016,0.145705,2.602957,0.059762,1.534517,#TechLinearMove
0.519292,-0.240789,0.146463,2.596795,0.074801,1.521909,#TechLinearMove
0.518883,-0.245472,0.147633,2.579068,0.093510,1.505496,#TechLinearMove
0.518500,-0.250180,0.148720,2.568829,0.104841,1.495414,#TechLinearMove
0.518051,-0.254846,0.149953,2.561910,0.116072,1.485660,#TechLinearMove
0.517563,-0.259483,0.151278,2.552007,0.129117,1.474421,#TechLinearMove
0.517285,-0.264132,0.152621,2.540711,0.145967,1.459805,#TechLinearMove
0.517022,-0.268798,0.153908,2.531284,0.160082,1.447387,#TechLinearMove
0.516673,-0.273503,0.155017,2.525611,0.174982,1.434934,#TechLinearMove
0.516408,-0.278220,0.156100,2.524843,0.186090,1.426116,#TechLinearMove
0.516320,-0.282981,0.156982,2.523544,0.201258,1.413563,#TechLinearMove
0.516556,-0.287771,0.157680,2.518749,0.221245,1.396333,#TechLinearMove
0.516515,-0.282331,0.156485,2.517357,0.218421,1.406805,#TechLinearMove
0.516319,-0.277251,0.155964,2.533674,0.190076,1.431971,#TechLinearMove
0.516418,-0.272234,0.154988,2.532097,0.175469,1.442352,#TechLinearMove
0.516725,-0.267266,0.153829,2.535027,0.158078,1.455681,#TechLinearMove
0.517216,-0.262377,0.152425,2.546854,0.138593,1.471784,#TechLinearMove
0.517806,-0.257562,0.150812,2.559629,0.121880,1.485760,#TechLinearMove
0.518411,-0.252772,0.149130,2.569299,0.107234,1.497373,#TechLinearMove
0.519007,-0.247961,0.147505,2.583325,0.087646,1.512589,#TechLinearMove
0.519325,-0.243149,0.145837,2.615365,0.059228,1.535725,#TechLinearMove
0.519254,-0.233023,0.145893,2.614232,0.045099,1.544053,#TechLinearMove
0.518717,-0.227957,0.146519,2.626576,0.025448,1.554639,#TechLinearMove
0.518257,-0.222890,0.147201,2.638152,0.004628,1.565412,#TechLinearMove
0.517914,-0.217797,0.147741,2.648486,-0.009714,1.572509,#TechLinearMove
0.517543,-0.212714,0.148348,2.658135,-0.021923,1.578213,#TechLinearMove
0.517155,-0.207636,0.148996,2.672408,-0.037602,1.585401,#TechLinearMove
0.516753,-0.202562,0.149659,2.683707,-0.051021,1.591136,#TechLinearMove
0.516350,-0.197487,0.150316,2.696934,-0.066427,1.597657,#TechLinearMove
0.516024,-0.192410,0.150995,2.706539,-0.077084,1.601814,#TechLinearMove
0.515709,-0.187331,0.151669,2.716985,-0.088974,1.606332,#TechLinearMove
0.515414,-0.182248,0.152318,2.728077,-0.098098,1.609327,#TechLinearMove
0.515126,-0.177163,0.152961,2.736218,-0.105361,1.611620,#TechLinearMove
0.514804,-0.172086,0.153645,2.740828,-0.112566,1.614279,#TechLinearMove
0.514475,-0.167016,0.154372,2.743621,-0.120823,1.617605,#TechLinearMove
0.514130,-0.161947,0.155106,2.747793,-0.132856,1.622504,#TechLinearMove
0.513820,-0.156871,0.155799,2.751837,-0.146331,1.627958,#TechLinearMove
0.513305,-0.148940,0.156905,2.737130,-0.151910,1.634170,#TechLinearMove
0.512973,-0.143844,0.157661,2.735309,-0.139572,1.629455,#TechLinearMove
0.512716,-0.138720,0.158234,2.734150,-0.133594,1.627240,#TechLinearMove
0.512389,-0.133601,0.158830,2.734112,-0.131104,1.626286,#TechLinearMove
0.512004,-0.128483,0.159389,2.731482,-0.125971,1.624627,#TechLinearMove
0.511636,-0.123359,0.159903,2.730833,-0.118291,1.621568,#TechLinearMove
0.511299,-0.118226,0.160358,2.732292,-0.112314,1.618923,#TechLinearMove
0.510985,-0.113089,0.160768,2.731335,-0.108082,1.617370,#TechLinearMove
0.510679,-0.107951,0.161173,2.729179,-0.102865,1.615546,#TechLinearMove
0.510359,-0.102815,0.161596,2.727038,-0.095261,1.612691,#TechLinearMove
0.510095,-0.097677,0.162036,2.723999,-0.084542,1.608658,#TechLinearMove
0.509953,-0.092528,0.162380,2.720039,-0.074675,1.605080,#TechLinearMove
0.509438,-0.084660,0.163002,2.720309,-0.079426,1.606535,#TechLinearMove
0.509027,-0.079657,0.163417,2.710078,-0.058922,1.597666,#TechLinearMove
0.508745,-0.074638,0.163752,2.702732,-0.048432,1.593193,#TechLinearMove
0.508367,-0.069623,0.164038,2.696504,-0.038535,1.588882,#TechLinearMove
0.507902,-0.064610,0.164227,2.690878,-0.029437,1.584711,#TechLinearMove
0.507535,-0.059588,0.164331,2.685716,-0.023142,1.581790,#TechLinearMove
0.507283,-0.054556,0.164327,2.681678,-0.019689,1.580187,#TechLinearMove
0.507076,-0.049524,0.164222,2.676917,-0.017372,1.579140,#TechLinearMove
0.506892,-0.044491,0.164071,2.671626,-0.012249,1.576653,#TechLinearMove
0.506601,-0.039467,0.163881,2.664608,-0.002651,1.571903,#TechLinearMove
0.506706,-0.034436,0.163647,2.657936,0.004293,1.568423,#TechLinearMove
0.506749,-0.024130,0.163554,2.649420,0.015498,1.562286,#TechLinearMove
0.506670,-0.019284,0.163714,2.647992,0.022485,1.558525,#TechLinearMove
0.506582,-0.014439,0.163608,2.647703,0.030490,1.554248,#TechLinearMove
0.506447,-0.009595,0.163427,2.645319,0.034741,1.551881,#TechLinearMove
0.506354,-0.004750,0.163225,2.642056,0.038942,1.549493,#TechLinearMove
0.506282,0.000092,0.162973,2.638693,0.042674,1.547327,#TechLinearMove
0.506245,0.004931,0.162646,2.636051,0.044227,1.546399,#TechLinearMove
0.506257,0.009762,0.162220,2.633323,0.044237,1.546348,#TechLinearMove
0.506333,0.014576,0.161651,2.630156,0.045631,1.545472,#TechLinearMove
0.506462,0.019376,0.160965,2.626816,0.048189,1.543911,#TechLinearMove
0.506604,0.024170,0.160252,2.623215,0.050467,1.542485,#TechLinearMove
0.506770,0.028971,0.159590,2.620178,0.054141,1.540255,#TechLinearMove
0.506998,0.033788,0.159078,2.619875,0.059891,1.537055,#TechLinearMove
0.507184,0.038617,0.158674,2.620336,0.069959,1.531500,#TechLinearMove
0.507321,0.043455,0.158369,2.620522,0.078508,1.526684,#TechLinearMove
0.507570,0.048266,0.157816,2.620003,0.090474,1.519953,#TechLinearMove
0.507681,0.053105,0.157567,2.622317,0.105813,1.511557,#TechLinearMove
0.507404,0.061038,0.158181,2.627087,0.106410,1.511413,#TechLinearMove
0.507440,0.065933,0.158074,2.621880,0.111310,1.508815,#TechLinearMove
0.507636,0.070809,0.157644,2.618423,0.117091,1.505801,#TechLinearMove
0.507779,0.075680,0.157173,2.615879,0.123362,1.502328,#TechLinearMove
0.507911,0.080509,0.156363,2.612874,0.131719,1.497536,#TechLinearMove
0.508156,0.085291,0.155323,2.608869,0.139994,1.492506,#TechLinearMove
0.508541,0.090045,0.154204,2.602177,0.149484,1.486163,#TechLinearMove
0.508926,0.094803,0.153099,2.599028,0.159179,1.480356,#TechLinearMove
0.509298,0.099567,0.152015,2.593847,0.170569,1.473120,#TechLinearMove
0.509653,0.104338,0.150957,2.588591,0.179938,1.466978,#TechLinearMove
0.509947,0.109098,0.149844,2.581492,0.192809,1.458561,#TechLinearMove
0.510510,0.113921,0.149201,2.574233,0.204131,1.451090,#TechLinearMove
0.510632,0.115925,0.148965,2.579286,0.204222,1.448053,#TechLinearMove
0.511205,0.121296,0.148002,2.572999,0.198945,1.448598,#TechLinearMove
0.511598,0.126622,0.146802,2.567120,0.193862,1.449517,#TechLinearMove
0.511778,0.131915,0.145370,2.559311,0.195543,1.445690,#TechLinearMove
0.511977,0.137215,0.143964,2.552877,0.204403,1.437644,#TechLinearMove
0.512507,0.142528,0.142827,2.547227,0.217036,1.426984,#TechLinearMove
0.511978,0.142785,0.143636,2.547227,0.217036,1.426984,#TechMoveTo
0.562201,0.147655,0.174562,2.515636,0.231806,1.425632,#TechMoveTo
0.562753,0.147386,0.173773,2.515636,0.231806,1.425632,#TechMoveTo
0.563173,0.144436,0.174830,2.511771,0.219686,1.423029,#TechLinearMove
0.562424,0.139239,0.176152,2.520413,0.195617,1.438936,#TechLinearMove
0.561700,0.134041,0.177477,2.526200,0.178371,1.450286,#TechLinearMove
0.561025,0.128819,0.178734,2.530377,0.167820,1.456470,#TechLinearMove
0.560424,0.123571,0.179921,2.534715,0.160894,1.459131,#TechLinearMove
0.559931,0.118333,0.180718,2.531169,0.165714,1.455501,#TechLinearMove
0.559443,0.113529,0.181608,2.532613,0.159093,1.460357,#TechLinearMove
0.559021,0.108684,0.182295,2.533389,0.153979,1.464035,#TechLinearMove
0.558560,0.103832,0.182907,2.535498,0.147164,1.469159,#TechLinearMove
0.558043,0.098988,0.183528,2.537365,0.135541,1.477451,#TechLinearMove
0.557523,0.094144,0.184153,2.539730,0.121017,1.487780,#TechLinearMove
0.556969,0.089313,0.184842,2.543114,0.104598,1.499472,#TechLinearMove
0.556362,0.084508,0.185654,2.547323,0.089105,1.510529,#TechLinearMove
0.555751,0.079723,0.186580,2.552259,0.077820,1.518764,#TechLinearMove
0.555204,0.074942,0.187560,2.557761,0.069584,1.524995,#TechLinearMove
0.554640,0.070171,0.188581,2.564860,0.059451,1.532535,#TechLinearMove
0.554923,0.060068,0.188383,2.561802,0.055745,1.534610,#TechLinearMove
0.555464,0.055102,0.188027,2.573669,0.043535,1.542273,#TechLinearMove
0.555819,0.050102,0.188268,2.588463,0.025173,1.553383,#TechLinearMove
0.556049,0.045088,0.188408,2.598296,0.012220,1.561011,#TechLinearMove
0.556300,0.040074,0.188503,2.607902,0.001297,1.567185,#TechLinearMove
0.556535,0.035059,0.188618,2.618086,-0.006967,1.571816,#TechLinearMove
0.556647,0.030042,0.188788,2.626238,-0.016097,1.576915,#TechLinearMove
0.556832,0.025030,0.189025,2.636579,-0.020893,1.579294,#TechLinearMove
0.557026,0.020016,0.189216,2.646694,-0.025708,1.581689,#TechLinearMove
0.557055,0.014996,0.189177,2.654667,-0.028486,1.582920,#TechLinearMove
0.557164,0.009979,0.188986,2.661419,-0.029032,1.582854,#TechLinearMove
0.557362,0.004975,0.188630,2.668049,-0.030337,1.583229,#TechLinearMove
0.557593,-0.000025,0.188230,2.675362,-0.032746,1.584046,#TechLinearMove
0.557979,-0.005021,0.187905,2.681657,-0.034133,1.584443,#TechLinearMove
0.558341,-0.010001,0.187372,2.692200,-0.041288,1.587517,#TechLinearMove
0.558705,-0.014986,0.186901,2.702323,-0.051366,1.591900,#TechLinearMove
0.558929,-0.022624,0.186670,2.701950,-0.044635,1.590257,#TechLinearMove
0.559198,-0.027520,0.186958,2.706025,-0.051670,1.593727,#TechLinearMove
0.559334,-0.032425,0.187175,2.709504,-0.053347,1.594700,#TechLinearMove
0.559512,-0.037333,0.187299,2.711885,-0.055897,1.595965,#TechLinearMove
0.559705,-0.042241,0.187398,2.714521,-0.057244,1.596653,#TechLinearMove
0.559884,-0.047150,0.187460,2.715939,-0.059322,1.597725,#TechLinearMove
0.559917,-0.052062,0.187398,2.719986,-0.065759,1.600550,#TechLinearMove
0.559990,-0.056972,0.187265,2.722748,-0.070084,1.602466,#TechLinearMove
0.560098,-0.061880,0.187075,2.725219,-0.076309,1.605258,#TechLinearMove
0.560388,-0.066780,0.186896,2.726221,-0.083261,1.608483,#TechLinearMove
0.560622,-0.071683,0.186705,2.729521,-0.092386,1.612617,#TechLinearMove
0.560852,-0.076588,0.186536,2.734230,-0.104223,1.617776,#TechLinearMove
0.561261,-0.084522,0.185859,2.732985,-0.107065,1.618071,#TechLinearMove
0.562027,-0.089213,0.185237,2.726850,-0.107955,1.619403,#TechLinearMove
0.562663,-0.093914,0.184551,2.722572,-0.113082,1.622346,#TechLinearMove
0.563252,-0.098630,0.183927,2.720177,-0.118677,1.625207,#TechLinearMove
0.563878,-0.103333,0.183243,2.715394,-0.123160,1.627978,#TechLinearMove
0.564517,-0.108030,0.182529,2.711656,-0.126843,1.630248,#TechLinearMove
0.564938,-0.112746,0.181780,2.707772,-0.132008,1.633231,#TechLinearMove
0.565324,-0.117475,0.181102,2.703488,-0.137703,1.636587,#TechLinearMove
0.565917,-0.122204,0.180600,2.697393,-0.144859,1.640983,#TechLinearMove
0.566550,-0.126933,0.180138,2.692386,-0.150669,1.644610,#TechLinearMove
0.567132,-0.131665,0.179640,2.684494,-0.154382,1.647859,#TechLinearMove
0.567768,-0.136403,0.179286,2.676945,-0.159981,1.651990,#TechLinearMove
0.569316,-0.146043,0.178063,2.675078,-0.151831,1.647596,#TechLinearMove
0.569945,-0.150911,0.177243,2.680019,-0.134459,1.638868,#TechLinearMove
0.570511,-0.155783,0.176396,2.681519,-0.112820,1.628620,#TechLinearMove
0.571152,-0.160670,0.175715,2.682609,-0.094919,1.619947,#TechLinearMove
0.571547,-0.165561,0.174903,2.683913,-0.080014,1.612773,#TechLinearMove
0.571906,-0.170463,0.174132,2.685109,-0.066573,1.606370,#TechLinearMove
0.572250,-0.175391,0.173534,2.687638,-0.053161,1.599921,#TechLinearMove
0.572498,-0.180343,0.173113,2.690496,-0.039570,1.593446,#TechLinearMove
0.572616,-0.185312,0.172900,2.693812,-0.026616,1.587354,#TechLinearMove
0.572489,-0.190277,0.173033,2.699294,-0.014632,1.581693,#TechLinearMove
0.572139,-0.195211,0.173556,2.706762,-0.003987,1.576664,#TechLinearMove
0.571710,-0.200112,0.174311,2.713919,0.006639,1.571757,#TechLinearMove
0.571236,-0.204998,0.175131,2.719107,0.018949,1.566338,#TechLinearMove
0.570800,-0.209878,0.176000,2.724884,0.031905,1.560777,#TechLinearMove
0.570418,-0.214744,0.176960,2.728865,0.048958,1.553329,#TechLinearMove
0.569662,-0.219496,0.178222,2.736465,0.067568,1.545494,#TechLinearMove
0.568807,-0.224186,0.179651,2.739353,0.090698,1.535730,#TechLinearMove
0.568966,-0.231695,0.179653,2.729752,0.109202,1.525135,#TechLinearMove
0.569612,-0.236334,0.178451,2.733984,0.125232,1.507360,#TechLinearMove
0.570199,-0.241039,0.177515,2.737664,0.138081,1.492528,#TechLinearMove
0.570742,-0.245785,0.176766,2.743929,0.146632,1.483955,#TechLinearMove
0.571176,-0.250555,0.176124,2.752781,0.150546,1.477950,#TechLinearMove
0.571725,-0.255346,0.175807,2.765163,0.148637,1.474617,#TechLinearMove
0.571898,-0.260175,0.175786,2.777796,0.140799,1.473753,#TechLinearMove
0.571939,-0.264974,0.176364,2.792005,0.137145,1.471838,#TechLinearMove
0.571735,-0.269676,0.177479,2.799408,0.143430,1.464884,#TechLinearMove
0.571160,-0.274192,0.179108,2.815930,0.145315,1.462335,#TechLinearMove
0.570301,-0.278556,0.180999,2.823776,0.152274,1.455906,#TechLinearMove
0.569595,-0.282933,0.182899,2.831709,0.162218,1.444271,#TechLinearMove
0.568622,-0.287091,0.185143,2.830916,0.187003,1.425997,#TechLinearMove
0.570599,-0.281883,0.181791,2.827795,0.199914,1.463484,#TechLinearMove
0.571270,-0.277424,0.179943,2.813204,0.187069,1.472647,#TechLinearMove
0.571840,-0.272876,0.178231,2.798401,0.178802,1.477314,#TechLinearMove
0.572222,-0.268203,0.176848,2.781364,0.178908,1.477347,#TechLinearMove
0.572251,-0.263416,0.175860,2.759941,0.182650,1.475189,#TechLinearMove
0.571985,-0.258562,0.175339,2.739920,0.185702,1.473956,#TechLinearMove
0.571610,-0.253687,0.175360,2.728973,0.187427,1.475349,#TechLinearMove
0.571247,-0.248837,0.175899,2.728012,0.183823,1.481011,#TechLinearMove
0.570535,-0.244071,0.176778,2.725316,0.176334,1.488801,#TechLinearMove
0.569935,-0.239359,0.177963,2.727980,0.157792,1.506459,#TechLinearMove
0.568932,-0.229114,0.179710,2.733001,0.118589,1.520904,#TechLinearMove
0.569464,-0.224213,0.178790,2.731544,0.085222,1.535690,#TechLinearMove
0.570168,-0.219396,0.177559,2.727980,0.058811,1.547347,#TechLinearMove
0.570605,-0.214457,0.176793,2.723032,0.038334,1.556416,#TechLinearMove
0.571023,-0.209508,0.176054,2.719171,0.022357,1.563680,#TechLinearMove
0.571476,-0.204570,0.175255,2.712771,0.011885,1.568373,#TechLinearMove
0.571926,-0.199633,0.174457,2.706990,-0.000066,1.573848,#TechLinearMove
0.572335,-0.194682,0.173724,2.702036,-0.012477,1.579690,#TechLinearMove
0.572612,-0.189697,0.173220,2.697120,-0.023801,1.585129,#TechLinearMove
0.572682,-0.184682,0.173095,2.692480,-0.035215,1.590714,#TechLinearMove
0.572571,-0.179668,0.173298,2.687248,-0.046329,1.596318,#TechLinearMove
0.572321,-0.174673,0.173735,2.683056,-0.058309,1.602309,#TechLinearMove
0.571967,-0.169704,0.174368,2.682662,-0.073095,1.609362,#TechLinearMove
0.571566,-0.164748,0.175079,2.682634,-0.092558,1.618758,#TechLinearMove
0.571161,-0.159795,0.175796,2.681924,-0.123074,1.633589,#TechLinearMove
0.570660,-0.154884,0.176718,2.676535,-0.144155,1.644298,#TechLinearMove
0.569919,-0.147701,0.178002,2.685583,-0.152706,1.645931,#TechLinearMove
0.569455,-0.142677,0.178822,2.687709,-0.152010,1.645462,#TechLinearMove
0.568604,-0.137659,0.179272,2.691900,-0.152715,1.645191,#TechLinearMove
0.567882,-0.132632,0.179853,2.694936,-0.152274,1.644551,#TechLinearMove
0.567177,-0.127598,0.180393,2.697118,-0.148607,1.642583,#TechLinearMove
0.566492,-0.122556,0.180884,2.700326,-0.143591,1.639812,#TechLinearMove
0.565801,-0.117516,0.181388,2.704668,-0.137273,1.636206,#TechLinearMove
0.565082,-0.112484,0.181931,2.708713,-0.131275,1.632852,#TechLinearMove
0.564468,-0.107461,0.182633,2.712117,-0.126611,1.630283,#TechLinearMove
0.563989,-0.102444,0.183485,2.715318,-0.120355,1.627050,#TechLinearMove
0.563509,-0.097424,0.184326,2.719110,-0.114130,1.623812,#TechLinearMove
0.562985,-0.092422,0.185242,2.722400,-0.109132,1.621257,#TechLinearMove
0.562348,-0.084516,0.186414,2.724124,-0.103810,1.617689,#TechLinearMove
0.561883,-0.079371,0.186674,2.726286,-0.097653,1.614170,#TechLinearMove
0.561427,-0.074216,0.186858,2.727989,-0.091258,1.610813,#TechLinearMove
0.561027,-0.069056,0.187085,2.728879,-0.084056,1.607308,#TechLinearMove
0.560656,-0.063893,0.187260,2.728130,-0.075549,1.603339,#TechLinearMove
0.560310,-0.058726,0.187386,2.727089,-0.067887,1.599764,#TechLinearMove
0.560017,-0.053555,0.187429,2.725166,-0.063095,1.597528,#TechLinearMove
0.559878,-0.048379,0.187453,2.722369,-0.059567,1.595904,#TechLinearMove
0.559859,-0.043199,0.187489,2.719330,-0.056522,1.594495,#TechLinearMove
0.559820,-0.038020,0.187557,2.714479,-0.054335,1.593375,#TechLinearMove
0.559898,-0.032844,0.187428,2.712441,-0.058552,1.594877,#TechLinearMove
0.559964,-0.022439,0.187307,2.709575,-0.051262,1.593045,#TechLinearMove
0.559600,-0.017295,0.187465,2.696900,-0.036364,1.586233,#TechLinearMove
0.559060,-0.012170,0.187824,2.686961,-0.026027,1.581410,#TechLinearMove
0.558691,-0.007025,0.188109,2.679858,-0.023311,1.580215,#TechLinearMove
0.558323,-0.001881,0.188407,2.673065,-0.021730,1.579595,#TechLinearMove
0.557928,0.003260,0.188737,2.667011,-0.020061,1.578887,#TechLinearMove
0.557569,0.008406,0.189013,2.658207,-0.017444,1.577829,#TechLinearMove
0.557292,0.013563,0.189140,2.652027,-0.014345,1.576353,#TechLinearMove
0.557086,0.018725,0.189137,2.646089,-0.010768,1.574550,#TechLinearMove
0.557072,0.023890,0.189136,2.638738,-0.010049,1.574262,#TechLinearMove
0.557106,0.029056,0.189079,2.629944,-0.006630,1.572419,#TechLinearMove
0.557007,0.034218,0.188915,2.619457,-0.001079,1.569253,#TechLinearMove
0.556997,0.039384,0.188910,2.610876,0.008901,1.563439,#TechLinearMove
0.556754,0.044543,0.188820,2.601961,0.021053,1.556368,#TechLinearMove
0.556773,0.049700,0.188519,2.588116,0.037864,1.546420,#TechLinearMove
0.556450,0.054849,0.188641,2.568464,0.054855,1.535626,#TechLinearMove
0.556167,0.062259,0.189569,2.561112,0.051267,1.537384,#TechLinearMove
0.555961,0.067348,0.188747,2.557969,0.059466,1.531511,#TechLinearMove
0.556042,0.072437,0.187894,2.555283,0.071025,1.523404,#TechLinearMove
0.556129,0.077542,0.187132,2.553616,0.082822,1.515254,#TechLinearMove
0.556373,0.082612,0.186188,2.552304,0.094503,1.507274,#TechLinearMove
0.556778,0.087669,0.185241,2.549935,0.107596,1.498175,#TechLinearMove
0.557347,0.092738,0.184434,2.546824,0.121497,1.488364,#TechLinearMove
0.557906,0.097812,0.183658,2.544031,0.134710,1.478927,#TechLinearMove
0.558446,0.102895,0.182925,2.540986,0.146521,1.470300,#TechLinearMove
0.558968,0.107996,0.182319,2.538802,0.160120,1.460632,#TechLinearMove
0.559340,0.113106,0.181679,2.532949,0.168456,1.453568,#TechLinearMove
0.559752,0.116309,0.181033,2.531689,0.171530,1.451624,#TechLinearMove
0.560188,0.121063,0.180253,2.525493,0.174367,1.450524,#TechLinearMove
0.560658,0.125793,0.179355,2.524602,0.176997,1.449945,#TechLinearMove
0.561216,0.130492,0.178347,2.525737,0.180165,1.449483,#TechLinearMove
0.561836,0.135150,0.177196,2.528638,0.190230,1.444672,#TechLinearMove
0.562494,0.139794,0.176011,2.524389,0.202314,1.436494,#TechLinearMove
0.563173,0.144436,0.174830,2.517207,0.220870,1.423850,#TechLinearMove
0.562620,0.144697,0.175621,2.517207,0.220870,1.423850,#TechMoveTo
0.512282,0.145878,0.143027,2.539599,0.230476,1.416654,#TechMoveTo
0.512812,0.145605,0.142225,2.539599,0.230476,1.416654,#TechMoveTo
0.510533,0.143556,0.141146,2.545466,0.219582,1.424799,#TechLinearMove
0.507338,0.140017,0.140031,2.553773,0.208008,1.435407,#TechLinearMove
0.503981,0.136648,0.138851,2.555416,0.201593,1.440532,#TechLinearMove
0.500663,0.133153,0.137958,2.561066,0.199434,1.444090,#TechLinearMove
0.497104,0.129913,0.137023,2.560050,0.205081,1.440883,#TechLinearMove
0.493779,0.126363,0.136457,2.560554,0.212966,1.436568,#TechLinearMove
0.490426,0.122831,0.135903,2.560583,0.217415,1.434597,#TechLinearMove
0.489678,0.117730,0.137607,2.568249,0.215323,1.435944,#TechLinearMove
0.489021,0.112925,0.138793,2.571211,0.205855,1.442170,#TechLinearMove
0.488587,0.108116,0.140078,2.569746,0.197439,1.446733,#TechLinearMove
0.488196,0.103312,0.141393,2.571230,0.186075,1.453840,#TechLinearMove
0.487768,0.098486,0.142613,2.574086,0.173919,1.461789,#TechLinearMove
0.487383,0.093631,0.143722,2.576591,0.161247,1.469949,#TechLinearMove
0.487048,0.088753,0.144752,2.578166,0.147965,1.478224,#TechLinearMove
0.486651,0.083858,0.145667,2.580245,0.135848,1.485858,#TechLinearMove
0.486248,0.078931,0.146378,2.584545,0.126263,1.492427,#TechLinearMove
0.485917,0.073968,0.146848,2.581223,0.117802,1.496884,#TechLinearMove
0.485727,0.069004,0.147386,2.580514,0.107027,1.503039,#TechLinearMove
0.485862,0.058978,0.147078,2.579860,0.092782,1.512267,#TechLinearMove
0.485795,0.053964,0.147209,2.580339,0.083855,1.518230,#TechLinearMove
0.485688,0.048956,0.147486,2.581549,0.079343,1.521512,#TechLinearMove
0.485644,0.043941,0.147596,2.579823,0.074695,1.524402,#TechLinearMove
0.485724,0.038929,0.147803,2.580630,0.070318,1.527417,#TechLinearMove
0.485797,0.033920,0.148083,2.580108,0.066072,1.530225,#TechLinearMove
0.485839,0.028915,0.148436,2.581218,0.063879,1.531883,#TechLinearMove
0.485866,0.023914,0.148829,2.580419,0.062105,1.533121,#TechLinearMove
0.485902,0.018914,0.149245,2.579961,0.060592,1.534220,#TechLinearMove
0.485949,0.013911,0.149622,2.578050,0.059914,1.534700,#TechLinearMove
0.486022,0.008905,0.149937,2.575716,0.058590,1.535562,#TechLinearMove
0.486099,0.003895,0.150193,2.574281,0.055840,1.537369,#TechLinearMove
0.486185,-0.001114,0.150473,2.572382,0.051678,1.540083,#TechLinearMove
0.486097,-0.006125,0.150701,2.570973,0.050862,1.540695,#TechLinearMove
0.486003,-0.011134,0.150978,2.567799,0.046647,1.543525,#TechLinearMove
0.485930,-0.016148,0.151122,2.565013,0.044639,1.545014,#TechLinearMove
0.485871,-0.023701,0.151279,2.561205,0.042855,1.544322,#TechLinearMove
0.485642,-0.028645,0.151860,2.563774,0.028810,1.552504,#TechLinearMove
0.485480,-0.033608,0.152294,2.563412,0.019813,1.557519,#TechLinearMove
0.485332,-0.038577,0.152646,2.562030,0.012040,1.562026,#TechLinearMove
0.485210,-0.043550,0.152953,2.562200,0.004500,1.566435,#TechLinearMove
0.485194,-0.048524,0.153263,2.561559,-0.002753,1.570653,#TechLinearMove
0.485317,-0.053498,0.153546,2.558134,-0.010216,1.574994,#TechLinearMove
0.485499,-0.058476,0.153698,2.555773,-0.017853,1.579484,#TechLinearMove
0.485719,-0.063455,0.153734,2.554177,-0.026373,1.584643,#TechLinearMove
0.485979,-0.068432,0.153701,2.552166,-0.035389,1.590181,#TechLinearMove
0.486296,-0.073405,0.153722,2.551474,-0.044408,1.595439,#TechLinearMove
0.486640,-0.078369,0.153634,2.549310,-0.060657,1.605247,#TechLinearMove
0.487209,-0.086410,0.153233,2.551821,-0.063980,1.610406,#TechLinearMove
0.487295,-0.091175,0.153026,2.547682,-0.073884,1.617528,#TechLinearMove
0.487526,-0.095929,0.152670,2.544420,-0.079402,1.621627,#TechLinearMove
0.487787,-0.100681,0.152304,2.541176,-0.083452,1.624739,#TechLinearMove
0.488074,-0.105429,0.151899,2.539216,-0.089454,1.629010,#TechLinearMove
0.488363,-0.110174,0.151464,2.542412,-0.094239,1.631866,#TechLinearMove
0.488687,-0.114910,0.150968,2.545666,-0.099622,1.635046,#TechLinearMove
0.489021,-0.119644,0.150452,2.549175,-0.104547,1.637772,#TechLinearMove
0.489427,-0.124375,0.149972,2.552777,-0.110539,1.641168,#TechLinearMove
0.489761,-0.129117,0.149533,2.555465,-0.116457,1.644663,#TechLinearMove
0.490119,-0.133854,0.149071,2.557737,-0.124313,1.649475,#TechLinearMove
0.490398,-0.138604,0.148712,2.560030,-0.135259,1.656205,#TechLinearMove
0.490811,-0.149296,0.147767,2.567617,-0.125354,1.649946,#TechLinearMove
0.491148,-0.154205,0.146963,2.558818,-0.118068,1.645397,#TechLinearMove
0.491466,-0.159121,0.146199,2.551687,-0.114189,1.642680,#TechLinearMove
0.491719,-0.164063,0.145591,2.545841,-0.112024,1.641544,#TechLinearMove
0.491984,-0.169003,0.144967,2.537101,-0.108813,1.640286,#TechLinearMove
0.492261,-0.173936,0.144301,2.529700,-0.106465,1.639301,#TechLinearMove
0.492630,-0.178865,0.143648,2.522892,-0.104516,1.638438,#TechLinearMove
0.493019,-0.183791,0.142979,2.516087,-0.102948,1.637793,#TechLinearMove
0.493453,-0.188711,0.142303,2.510313,-0.099852,1.635899,#TechLinearMove
0.493930,-0.193629,0.141634,2.504181,-0.096121,1.633590,#TechLinearMove
0.494415,-0.198540,0.140929,2.498108,-0.091562,1.630681,#TechLinearMove
0.494915,-0.203439,0.140145,2.491825,-0.084733,1.626080,#TechLinearMove
0.495453,-0.208320,0.139282,2.485338,-0.075159,1.619333,#TechLinearMove
0.496018,-0.213185,0.138352,2.480395,-0.063443,1.610542,#TechLinearMove
0.496618,-0.218042,0.137397,2.472043,-0.051874,1.601755,#TechLinearMove
0.497267,-0.222872,0.136350,2.463257,-0.038186,1.591039,#TechLinearMove
0.497816,-0.227713,0.135293,2.452898,-0.023335,1.579252,#TechLinearMove
0.498116,-0.235574,0.133420,2.444325,0.003399,1.562159,#TechLinearMove
0.497974,-0.240691,0.132670,2.440080,0.016089,1.555834,#TechLinearMove
0.497393,-0.245824,0.132337,2.438124,0.029015,1.548104,#TechLinearMove
0.496649,-0.250940,0.132296,2.436433,0.038758,1.542001,#TechLinearMove
0.495670,-0.256008,0.132637,2.436725,0.052374,1.532946,#TechLinearMove
0.494562,-0.260993,0.133445,2.438587,0.067457,1.522922,#TechLinearMove
0.493378,-0.265916,0.134518,2.437433,0.084231,1.510825,#TechLinearMove
0.492192,-0.270844,0.135567,2.427735,0.105133,1.493458,#TechLinearMove
0.491164,-0.275826,0.136511,2.413421,0.127260,1.473764,#TechLinearMove
0.490296,-0.280875,0.137238,2.396066,0.146966,1.455020,#TechLinearMove
0.489479,-0.285932,0.137968,2.376215,0.171917,1.431807,#TechLinearMove
0.489017,-0.291062,0.138161,2.342039,0.192101,1.408238,#TechLinearMove
0.489343,-0.285693,0.138918,2.350814,0.217053,1.372259,#TechLinearMove
0.490352,-0.280894,0.138394,2.381788,0.183319,1.408630,#TechLinearMove
0.491207,-0.276082,0.137700,2.400856,0.153189,1.438391,#TechLinearMove
0.492465,-0.271418,0.136708,2.413663,0.127416,1.461985,#TechLinearMove
0.493892,-0.266872,0.135417,2.424384,0.095789,1.489323,#TechLinearMove
0.495200,-0.262288,0.134140,2.427945,0.068132,1.511621,#TechLinearMove
0.496304,-0.257584,0.133129,2.424546,0.051979,1.522992,#TechLinearMove
0.497260,-0.252787,0.132494,2.420636,0.042255,1.529216,#TechLinearMove
0.498053,-0.247918,0.132305,2.417656,0.029545,1.538020,#TechLinearMove
0.498465,-0.243011,0.132396,2.412310,0.023230,1.540036,#TechLinearMove
0.498228,-0.232929,0.134250,2.428690,0.015096,1.551969,#TechLinearMove
0.497819,-0.228220,0.135312,2.447301,-0.005358,1.568211,#TechLinearMove
0.497261,-0.223515,0.136316,2.463027,-0.023402,1.581831,#TechLinearMove
0.496690,-0.218798,0.137256,2.472870,-0.038773,1.593540,#TechLinearMove
0.496119,-0.214078,0.138185,2.483003,-0.053031,1.604008,#TechLinearMove
0.495548,-0.209357,0.139107,2.490416,-0.067200,1.614335,#TechLinearMove
0.494996,-0.204626,0.139986,2.495533,-0.078681,1.622618,#TechLinearMove
0.494488,-0.199875,0.140783,2.500600,-0.087253,1.628542,#TechLinearMove
0.494007,-0.195106,0.141479,2.505327,-0.094169,1.633200,#TechLinearMove
0.493531,-0.190328,0.142118,2.509445,-0.099271,1.636577,#TechLinearMove
0.493102,-0.185547,0.142766,2.513656,-0.103641,1.639404,#TechLinearMove
0.492722,-0.180760,0.143402,2.516971,-0.106854,1.641557,#TechLinearMove
0.492368,-0.175970,0.144025,2.519829,-0.109016,1.643022,#TechLinearMove
0.492098,-0.171178,0.144684,2.525325,-0.112108,1.644670,#TechLinearMove
0.491835,-0.166382,0.145307,2.530582,-0.114372,1.645818,#TechLinearMove
0.491580,-0.161583,0.145917,2.541684,-0.118799,1.647735,#TechLinearMove
0.491240,-0.156826,0.146764,2.549300,-0.126071,1.652175,#TechLinearMove
0.490753,-0.149387,0.147903,2.554297,-0.118169,1.647694,#TechLinearMove
0.490622,-0.144377,0.148244,2.553529,-0.116449,1.646005,#TechLinearMove
0.490380,-0.139377,0.148653,2.556086,-0.111502,1.641890,#TechLinearMove
0.490072,-0.134382,0.149087,2.552732,-0.108949,1.640369,#TechLinearMove
0.489764,-0.129387,0.149517,2.550801,-0.104943,1.637680,#TechLinearMove
0.489446,-0.124397,0.149990,2.550747,-0.100756,1.634571,#TechLinearMove
0.489097,-0.119415,0.150527,2.549597,-0.096810,1.631786,#TechLinearMove
0.488726,-0.114437,0.151094,2.548981,-0.092865,1.628928,#TechLinearMove
0.488381,-0.109454,0.151619,2.549021,-0.089423,1.626293,#TechLinearMove
0.488069,-0.104461,0.152068,2.548991,-0.085808,1.623527,#TechLinearMove
0.487791,-0.099465,0.152513,2.550527,-0.081142,1.619710,#TechLinearMove
0.487570,-0.094461,0.152884,2.554182,-0.074347,1.614035,#TechLinearMove
0.487209,-0.086410,0.153233,2.564384,-0.075826,1.616960,#TechLinearMove
0.486948,-0.081208,0.153518,2.567170,-0.060778,1.607885,#TechLinearMove
0.486678,-0.076002,0.153665,2.564872,-0.045756,1.598977,#TechLinearMove
0.486288,-0.070801,0.153713,2.563068,-0.035330,1.592775,#TechLinearMove
0.485966,-0.065595,0.153760,2.562364,-0.025463,1.586873,#TechLinearMove
0.485728,-0.060385,0.153775,2.561856,-0.015761,1.581044,#TechLinearMove
0.485527,-0.055174,0.153665,2.560970,-0.004863,1.574510,#TechLinearMove
0.485382,-0.049966,0.153413,2.560380,0.004345,1.569036,#TechLinearMove
0.485283,-0.044764,0.153047,2.560653,0.012071,1.564469,#TechLinearMove
0.485278,-0.039558,0.152764,2.563865,0.022436,1.558413,#TechLinearMove
0.485411,-0.034357,0.152418,2.565689,0.035904,1.550618,#TechLinearMove
0.485839,-0.024133,0.151399,2.564281,0.037794,1.547775,#TechLinearMove
0.485865,-0.019271,0.151340,2.566744,0.042350,1.544779,#TechLinearMove
0.485947,-0.014414,0.151136,2.568462,0.045016,1.542949,#TechLinearMove
0.486052,-0.009560,0.150871,2.570105,0.047492,1.541336,#TechLinearMove
0.486140,-0.004705,0.150627,2.571250,0.049045,1.540308,#TechLinearMove
0.486119,0.000149,0.150358,2.573253,0.051671,1.538670,#TechLinearMove
0.486053,0.005004,0.150106,2.575581,0.054866,1.536690,#TechLinearMove
0.485977,0.009859,0.149862,2.578084,0.057213,1.535270,#TechLinearMove
0.485913,0.014712,0.149564,2.579587,0.058115,1.534697,#TechLinearMove
0.485876,0.019559,0.149191,2.580547,0.058110,1.534644,#TechLinearMove
0.485853,0.024405,0.148790,2.581684,0.058687,1.534238,#TechLinearMove
0.485828,0.029252,0.148407,2.581668,0.060822,1.532784,#TechLinearMove
0.485782,0.034102,0.148067,2.582094,0.064300,1.530521,#TechLinearMove
0.485716,0.038956,0.147803,2.582442,0.069393,1.527257,#TechLinearMove
0.485645,0.043813,0.147591,2.580950,0.073091,1.524652,#TechLinearMove
0.485743,0.048667,0.147334,2.579816,0.076357,1.522254,#TechLinearMove
0.485873,0.053517,0.147013,2.577998,0.083461,1.517379,#TechLinearMove
0.485475,0.061308,0.146967,2.580180,0.091253,1.513125,#TechLinearMove
0.485173,0.066064,0.146638,2.584129,0.097247,1.510486,#TechLinearMove
0.485094,0.070825,0.146247,2.582286,0.107806,1.504201,#TechLinearMove
0.485029,0.075583,0.145840,2.580132,0.115778,1.499254,#TechLinearMove
0.485067,0.080316,0.145191,2.578974,0.126084,1.492983,#TechLinearMove
0.485203,0.085022,0.144378,2.578439,0.137908,1.485827,#TechLinearMove
0.485638,0.089713,0.143579,2.577426,0.148581,1.479269,#TechLinearMove
0.485937,0.094380,0.142600,2.576289,0.163220,1.470419,#TechLinearMove
0.486268,0.099025,0.141532,2.571968,0.176555,1.461652,#TechLinearMove
0.486702,0.103644,0.140389,2.568774,0.188222,1.453957,#TechLinearMove
0.487159,0.108249,0.139198,2.566170,0.204442,1.443687,#TechLinearMove
0.487562,0.112868,0.138043,2.564086,0.217045,1.435941,#TechLinearMove
0.490291,0.117051,0.138279,2.569399,0.220597,1.433097,#TechLinearMove
0.493583,0.121137,0.138656,2.564403,0.211574,1.436918,#TechLinearMove
0.497023,0.125099,0.139154,2.563438,0.207039,1.439229,#TechLinearMove
0.500174,0.129316,0.139417,2.558693,0.202491,1.440463,#TechLinearMove
0.503548,0.133318,0.140037,2.556231,0.203276,1.439044,#TechLinearMove
0.506701,0.137505,0.140602,2.552312,0.205293,1.436436,#TechLinearMove
0.509866,0.141646,0.141255,2.547931,0.214935,1.428486,#TechLinearMove
0.509337,0.141901,0.142065,2.547931,0.214935,1.428486,#TechMoveTo
0.562201,0.147655,0.174562,2.515636,0.231806,1.425632,#TechMoveTo
0.562753,0.147386,0.173773,2.515636,0.231806,1.425632,#TechMoveTo
0.563861,0.144448,0.175287,2.515924,0.217265,1.425932,#TechLinearMove
0.565430,0.139985,0.178021,2.517326,0.199378,1.436431,#TechLinearMove
0.566879,0.135509,0.180815,2.519737,0.187021,1.444104,#TechLinearMove
0.568358,0.131126,0.183747,2.520708,0.179697,1.447862,#TechLinearMove
0.569792,0.126704,0.186644,2.521822,0.176559,1.448774,#TechLinearMove
0.571370,0.122345,0.189559,2.519227,0.173322,1.448044,#TechLinearMove
0.571867,0.117666,0.191116,2.523541,0.171949,1.449927,#TechLinearMove
0.572166,0.112993,0.192418,2.525556,0.160161,1.458266,#TechLinearMove
0.572463,0.108266,0.193527,2.528227,0.153514,1.463304,#TechLinearMove
0.572749,0.103515,0.194536,2.531904,0.143765,1.470602,#TechLinearMove
0.573083,0.098771,0.195561,2.535274,0.130648,1.480143,#TechLinearMove
0.573375,0.094014,0.196531,2.539090,0.117992,1.489398,#TechLinearMove
0.573652,0.089245,0.197443,2.543136,0.104471,1.499242,#TechLinearMove
0.574016,0.084496,0.198437,2.545641,0.088382,1.510570,#TechLinearMove
0.574287,0.079746,0.199455,2.547637,0.077647,1.518036,#TechLinearMove
0.574567,0.074992,0.200450,2.549641,0.067143,1.525252,#TechLinearMove
0.574912,0.070235,0.201406,2.552835,0.053287,1.534869,#TechLinearMove
0.575452,0.059646,0.201356,2.567975,0.047546,1.539662,#TechLinearMove
0.575963,0.054814,0.201080,2.582696,0.028553,1.551290,#TechLinearMove
0.576234,0.049953,0.201080,2.593683,0.008572,1.563090,#TechLinearMove
0.576431,0.045086,0.201089,2.601851,-0.000729,1.568367,#TechLinearMove
0.576647,0.040221,0.201039,2.608704,-0.013847,1.575924,#TechLinearMove
0.576881,0.035357,0.200979,2.617272,-0.025470,1.582373,#TechLinearMove
0.577183,0.030497,0.200919,2.625011,-0.035693,1.587935,#TechLinearMove
0.577459,0.025638,0.200763,2.632756,-0.041880,1.591060,#TechLinearMove
0.577684,0.020780,0.200502,2.641494,-0.045973,1.592812,#TechLinearMove
0.577923,0.015925,0.200207,2.650806,-0.050644,1.594758,#TechLinearMove
0.578214,0.011074,0.199885,2.660989,-0.054481,1.596084,#TechLinearMove
0.578605,0.006235,0.199506,2.671998,-0.056558,1.596316,#TechLinearMove
0.579132,0.001408,0.199133,2.682218,-0.059835,1.597207,#TechLinearMove
0.579651,-0.003417,0.198736,2.694314,-0.064211,1.598438,#TechLinearMove
0.580264,-0.008210,0.198126,2.710067,-0.069624,1.599921,#TechLinearMove
0.580781,-0.013026,0.197642,2.726709,-0.083782,1.605439,#TechLinearMove
0.581579,-0.020566,0.197962,2.729648,-0.082411,1.605642,#TechLinearMove
0.581548,-0.025499,0.198245,2.736554,-0.080460,1.605260,#TechLinearMove
0.581568,-0.030436,0.198412,2.740546,-0.075860,1.603908,#TechLinearMove
0.581683,-0.035374,0.198516,2.744822,-0.074374,1.603477,#TechLinearMove
0.581686,-0.040316,0.198507,2.750049,-0.072512,1.602811,#TechLinearMove
0.581711,-0.045256,0.198442,2.753181,-0.071633,1.602727,#TechLinearMove
0.581784,-0.050195,0.198316,2.755824,-0.072774,1.603499,#TechLinearMove
0.581914,-0.055131,0.198108,2.758779,-0.074576,1.604505,#TechLinearMove
0.582096,-0.060060,0.197821,2.761335,-0.078389,1.606355,#TechLinearMove
0.582460,-0.064979,0.197544,2.763520,-0.083007,1.608560,#TechLinearMove
0.582765,-0.069904,0.197295,2.767719,-0.088873,1.611426,#TechLinearMove
0.583077,-0.074830,0.197069,2.769804,-0.092981,1.613900,#TechLinearMove
0.583597,-0.082565,0.196218,2.767688,-0.088797,1.609031,#TechLinearMove
0.584331,-0.087423,0.195677,2.766277,-0.099118,1.613701,#TechLinearMove
0.584896,-0.092306,0.195145,2.765377,-0.106388,1.617023,#TechLinearMove
0.585451,-0.097190,0.194623,2.765516,-0.112079,1.619407,#TechLinearMove
0.586031,-0.102071,0.194090,2.767283,-0.118870,1.621999,#TechLinearMove
0.586600,-0.106953,0.193560,2.768929,-0.127467,1.625252,#TechLinearMove
0.586913,-0.111857,0.193016,2.769148,-0.135216,1.628444,#TechLinearMove
0.587231,-0.116764,0.192510,2.766497,-0.140499,1.631117,#TechLinearMove
0.587547,-0.121674,0.192017,2.765622,-0.145279,1.633301,#TechLinearMove
0.587845,-0.126587,0.191558,2.762628,-0.150239,1.635919,#TechLinearMove
0.588144,-0.131500,0.191094,2.756917,-0.156936,1.639818,#TechLinearMove
0.588401,-0.136417,0.190649,2.746690,-0.161770,1.643996,#TechLinearMove
0.589162,-0.148487,0.189403,2.745225,-0.141206,1.632676,#TechLinearMove
0.589677,-0.153432,0.188596,2.743591,-0.120497,1.622565,#TechLinearMove
0.590431,-0.158372,0.187978,2.747193,-0.100710,1.612260,#TechLinearMove
0.590949,-0.163360,0.187517,2.753159,-0.083157,1.603230,#TechLinearMove
0.591371,-0.168362,0.187112,2.757714,-0.070882,1.597020,#TechLinearMove
0.591748,-0.173374,0.186788,2.761688,-0.058464,1.590890,#TechLinearMove
0.592074,-0.178393,0.186547,2.766922,-0.046640,1.584904,#TechLinearMove
0.592342,-0.183420,0.186409,2.769248,-0.032012,1.578024,#TechLinearMove
0.592544,-0.188452,0.186366,2.768781,-0.014761,1.570288,#TechLinearMove
0.592696,-0.193486,0.186399,2.768492,0.001928,1.562690,#TechLinearMove
0.592845,-0.198520,0.186456,2.767667,0.019481,1.554768,#TechLinearMove
0.593015,-0.203553,0.186449,2.766450,0.036633,1.547159,#TechLinearMove
0.593149,-0.208586,0.186336,2.766236,0.052125,1.540294,#TechLinearMove
0.593148,-0.213618,0.186339,2.764224,0.071637,1.531284,#TechLinearMove
0.593137,-0.218653,0.186417,2.754483,0.099187,1.518182,#TechLinearMove
0.593341,-0.223679,0.186198,2.738815,0.133435,1.501828,#TechLinearMove
0.593834,-0.231300,0.184919,2.752017,0.116111,1.516047,#TechLinearMove
0.594942,-0.236194,0.184177,2.781523,0.126852,1.517703,#TechLinearMove
0.595418,-0.241246,0.183965,2.813257,0.127057,1.521830,#TechLinearMove
0.595754,-0.246307,0.183880,2.831893,0.131580,1.523567,#TechLinearMove
0.595732,-0.251359,0.184331,2.852283,0.137517,1.525467,#TechLinearMove
0.595332,-0.256313,0.185375,2.860823,0.148971,1.523957,#TechLinearMove
0.594678,-0.261167,0.186733,2.860259,0.165400,1.519706,#TechLinearMove
0.593957,-0.265950,0.188291,2.865173,0.180218,1.516991,#TechLinearMove
0.593351,-0.270749,0.189850,2.867280,0.204077,1.511236,#TechLinearMove
0.592770,-0.275585,0.191298,2.860214,0.234779,1.502528,#TechLinearMove
0.592012,-0.280307,0.192998,2.858547,0.267632,1.494114,#TechLinearMove
0.591680,-0.285159,0.194410,2.862155,0.302631,1.486013,#TechLinearMove
0.592092,-0.279935,0.194110,2.895611,0.248567,1.508538,#TechLinearMove
0.592652,-0.275415,0.192117,2.897179,0.205645,1.515276,#TechLinearMove
0.593286,-0.270861,0.190219,2.884227,0.189166,1.515432,#TechLinearMove
0.594002,-0.266326,0.188306,2.878145,0.171706,1.517385,#TechLinearMove
0.594921,-0.261815,0.186425,2.873132,0.155851,1.519257,#TechLinearMove
0.595874,-0.257233,0.184778,2.860694,0.150060,1.517747,#TechLinearMove
0.596238,-0.252417,0.183622,2.834276,0.157282,1.511476,#TechLinearMove
0.596195,-0.247473,0.183061,2.817259,0.151847,1.509160,#TechLinearMove
0.595828,-0.242542,0.182786,2.789478,0.140163,1.505792,#TechLinearMove
0.594262,-0.232071,0.184767,2.771998,0.137184,1.510877,#TechLinearMove
0.593704,-0.227293,0.185515,2.773875,0.103324,1.525647,#TechLinearMove
0.593436,-0.222443,0.185879,2.778827,0.072006,1.539323,#TechLinearMove
0.593187,-0.217592,0.186257,2.782281,0.046711,1.549506,#TechLinearMove
0.593032,-0.212731,0.186530,2.785507,0.026517,1.557527,#TechLinearMove
0.592860,-0.207863,0.186628,2.791312,0.004590,1.566634,#TechLinearMove
0.592810,-0.202992,0.186597,2.794134,-0.016021,1.575289,#TechLinearMove
0.592885,-0.198121,0.186502,2.793124,-0.032934,1.582436,#TechLinearMove
0.592990,-0.193251,0.186386,2.791284,-0.047766,1.588755,#TechLinearMove
0.593031,-0.188380,0.186323,2.788172,-0.060226,1.594309,#TechLinearMove
0.592991,-0.183508,0.186369,2.781729,-0.069785,1.599106,#TechLinearMove
0.592893,-0.178640,0.186541,2.773072,-0.080004,1.604428,#TechLinearMove
0.592706,-0.173782,0.186859,2.764246,-0.090412,1.609954,#TechLinearMove
0.592397,-0.168938,0.187275,2.755216,-0.097002,1.614224,#TechLinearMove
0.591937,-0.164110,0.187741,2.745262,-0.108566,1.620654,#TechLinearMove
0.591499,-0.159297,0.188355,2.734836,-0.123982,1.629373,#TechLinearMove
0.590868,-0.154535,0.189169,2.725429,-0.138859,1.638003,#TechLinearMove
0.590483,-0.146415,0.190419,2.744897,-0.138850,1.631756,#TechLinearMove
0.589706,-0.141367,0.190621,2.752749,-0.137359,1.630436,#TechLinearMove
0.589160,-0.136295,0.190977,2.760893,-0.136889,1.629323,#TechLinearMove
0.588648,-0.131222,0.191359,2.766232,-0.136322,1.628506,#TechLinearMove
0.588152,-0.126146,0.191727,2.770187,-0.133275,1.626991,#TechLinearMove
0.587642,-0.121074,0.192121,2.773351,-0.129562,1.625365,#TechLinearMove
0.587211,-0.116001,0.192589,2.774602,-0.125823,1.624025,#TechLinearMove
0.586880,-0.110926,0.193122,2.774597,-0.121236,1.622550,#TechLinearMove
0.586535,-0.105857,0.193693,2.773012,-0.115035,1.620654,#TechLinearMove
0.586157,-0.100795,0.194308,2.768934,-0.107909,1.618750,#TechLinearMove
0.585781,-0.095733,0.194928,2.767352,-0.100550,1.616535,#TechLinearMove
0.585392,-0.090673,0.195554,2.764954,-0.092846,1.614327,#TechLinearMove
0.584728,-0.082539,0.196645,2.770966,-0.085739,1.607508,#TechLinearMove
0.584421,-0.077347,0.197145,2.768374,-0.086569,1.607234,#TechLinearMove
0.583859,-0.072161,0.197425,2.766371,-0.085447,1.606395,#TechLinearMove
0.583394,-0.066967,0.197748,2.765020,-0.083210,1.605248,#TechLinearMove
0.582959,-0.061767,0.198021,2.763762,-0.081030,1.604106,#TechLinearMove
0.582543,-0.056564,0.198249,2.761605,-0.079214,1.603182,#TechLinearMove
0.582173,-0.051355,0.198404,2.758877,-0.078270,1.602657,#TechLinearMove
0.581860,-0.046140,0.198479,2.756087,-0.080153,1.603266,#TechLinearMove
0.581692,-0.040919,0.198526,2.752496,-0.083092,1.604376,#TechLinearMove
0.581596,-0.035697,0.198649,2.748014,-0.086850,1.605694,#TechLinearMove
0.581621,-0.030473,0.198622,2.742129,-0.095730,1.609052,#TechLinearMove
0.581958,-0.020219,0.198143,2.739898,-0.085257,1.605860,#TechLinearMove
0.581859,-0.015182,0.198310,2.723370,-0.070909,1.600290,#TechLinearMove
0.581277,-0.010203,0.198750,2.708160,-0.060154,1.595989,#TechLinearMove
0.580788,-0.005193,0.199023,2.696975,-0.055142,1.594159,#TechLinearMove
0.580258,-0.000192,0.199378,2.685527,-0.049993,1.592380,#TechLinearMove
0.579710,0.004805,0.199759,2.674905,-0.046796,1.591433,#TechLinearMove
0.579144,0.009799,0.200156,2.663852,-0.044737,1.591092,#TechLinearMove
0.578653,0.014808,0.200448,2.653940,-0.043264,1.590919,#TechLinearMove
0.578273,0.019828,0.200721,2.646197,-0.040726,1.589974,#TechLinearMove
0.577840,0.024847,0.200912,2.639208,-0.035313,1.587327,#TechLinearMove
0.577449,0.029873,0.201012,2.630714,-0.030637,1.585068,#TechLinearMove
0.577337,0.034910,0.201191,2.622455,-0.022495,1.580848,#TechLinearMove
0.577103,0.039945,0.201240,2.614826,-0.012928,1.575580,#TechLinearMove
0.576871,0.044981,0.201288,2.605986,-0.001845,1.569296,#TechLinearMove
0.576809,0.050022,0.201244,2.594498,0.016726,1.558613,#TechLinearMove
0.576314,0.055029,0.201487,2.582259,0.040814,1.544222,#TechLinearMove
0.575474,0.062648,0.201777,2.578056,0.036335,1.547301,#TechLinearMove
0.574858,0.067551,0.200993,2.569396,0.044311,1.541556,#TechLinearMove
0.574309,0.072453,0.200140,2.562684,0.059023,1.531433,#TechLinearMove
0.573937,0.077388,0.199400,2.556206,0.068591,1.524589,#TechLinearMove
0.573661,0.082311,0.198540,2.552410,0.080090,1.516550,#TechLinearMove
0.573302,0.087204,0.197542,2.549450,0.094592,1.506495,#TechLinearMove
0.572991,0.092105,0.196566,2.544635,0.111260,1.494592,#TechLinearMove
0.572705,0.096998,0.195545,2.538872,0.128495,1.482008,#TechLinearMove
0.572480,0.101893,0.194525,2.533590,0.142048,1.471938,#TechLinearMove
0.572311,0.106810,0.193597,2.526642,0.158573,1.459470,#TechLinearMove
0.571931,0.111689,0.192552,2.516530,0.175273,1.445963,#TechLinearMove
0.570895,0.113667,0.191150,2.513147,0.171509,1.447570,#TechLinearMove
0.569866,0.118223,0.189193,2.515345,0.176202,1.446714,#TechLinearMove
0.568958,0.122770,0.187163,2.519025,0.177988,1.447560,#TechLinearMove
0.568358,0.127388,0.185171,2.521674,0.180332,1.447697,#TechLinearMove
0.567201,0.131622,0.182645,2.524110,0.183573,1.447210,#TechLinearMove
0.565956,0.135779,0.180034,2.525386,0.188886,1.445079,#TechLinearMove
0.564740,0.140008,0.177529,2.522607,0.199600,1.438116,#TechLinearMove
0.563861,0.144448,0.175287,2.518539,0.215125,1.428137,#TechLinearMove
0.563308,0.144703,0.176080,2.518539,0.215125,1.428137,#TechMoveTo
0.512282,0.145878,0.143027,2.539599,0.230476,1.416654,#TechMoveTo
0.512812,0.145605,0.142225,2.539599,0.230476,1.416654,#TechMoveTo
0.512812,0.145605,0.142225,2.539599,0.230476,1.416654,#TechStartPoint
0.512507,0.142528,0.142827,2.548188,0.215894,1.428005,#TechLinearMove
0.511909,0.137999,0.143732,2.554820,0.203907,1.440096,#TechLinearMove
0.511806,0.133482,0.144933,2.559305,0.197520,1.446926,#TechLinearMove
0.511510,0.128962,0.146088,2.564832,0.193211,1.452687,#TechLinearMove
0.511712,0.124535,0.147518,2.571736,0.190318,1.458893,#TechLinearMove
0.510720,0.116845,0.148764,2.580256,0.192071,1.455649,#TechLinearMove
0.510648,0.111779,0.149645,2.584348,0.186509,1.459215,#TechLinearMove
0.510424,0.106753,0.150735,2.590468,0.175436,1.466747,#TechLinearMove
0.510063,0.101735,0.151829,2.595016,0.167113,1.472328,#TechLinearMove
0.509675,0.096728,0.152969,2.598891,0.155425,1.479698,#TechLinearMove
0.509273,0.091729,0.154138,2.603280,0.141136,1.488714,#TechLinearMove
0.508868,0.086733,0.155316,2.608989,0.129206,1.496585,#TechLinearMove
0.508397,0.081717,0.156373,2.613730,0.121103,1.501923,#TechLinearMove
0.507761,0.076707,0.157370,2.618516,0.112255,1.507425,#TechLinearMove
0.507332,0.071663,0.158303,2.621874,0.103921,1.512257,#TechLinearMove
0.507421,0.061406,0.158143,2.633663,0.113747,1.508413,#TechLinearMove
0.507532,0.056551,0.157893,2.628651,0.100316,1.515176,#TechLinearMove
0.507430,0.051696,0.158119,2.624292,0.085801,1.522949,#TechLinearMove
0.507329,0.046839,0.158340,2.622311,0.077949,1.527175,#TechLinearMove
0.507349,0.041983,0.158615,2.621260,0.070943,1.530978,#TechLinearMove
0.507358,0.037135,0.158998,2.618435,0.060573,1.536438,#TechLinearMove
0.507314,0.032297,0.159501,2.617695,0.053901,1.540066,#TechLinearMove
0.507226,0.027472,0.160105,2.618934,0.049321,1.542723,#TechLinearMove
0.507104,0.022659,0.160792,2.621184,0.044855,1.545384,#TechLinearMove
0.506970,0.017849,0.161504,2.624554,0.042688,1.546791,#TechLinearMove
0.506860,0.013031,0.162157,2.628554,0.043000,1.546781,#TechLinearMove
0.506811,0.008196,0.162681,2.632612,0.043702,1.546516,#TechLinearMove
0.506825,0.003347,0.163062,2.636057,0.043768,1.546580,#TechLinearMove
0.506841,-0.001508,0.163347,2.638255,0.042195,1.547534,#TechLinearMove
0.506757,-0.006367,0.163535,2.641684,0.039377,1.549230,#TechLinearMove
0.506664,-0.011225,0.163755,2.645906,0.036753,1.550830,#TechLinearMove
0.506636,-0.016088,0.163807,2.647608,0.033989,1.552397,#TechLinearMove
0.506765,-0.023903,0.163520,2.650972,0.028794,1.555331,#TechLinearMove
0.506925,-0.028690,0.163708,2.656825,0.018730,1.560830,#TechLinearMove
0.507139,-0.033476,0.163972,2.663015,0.007942,1.566548,#TechLinearMove
0.507302,-0.038271,0.164119,2.667212,-0.001135,1.571304,#TechLinearMove
0.507466,-0.043066,0.164261,2.672673,-0.006854,1.574252,#TechLinearMove
0.507634,-0.047860,0.164404,2.676339,-0.012569,1.577169,#TechLinearMove
0.507811,-0.052655,0.164527,2.680962,-0.015444,1.578638,#TechLinearMove
0.508018,-0.057450,0.164567,2.682643,-0.020961,1.581447,#TechLinearMove
0.508113,-0.062246,0.164430,2.686760,-0.025452,1.583652,#TechLinearMove
0.508313,-0.067035,0.164191,2.691530,-0.031241,1.586363,#TechLinearMove
0.508488,-0.071826,0.163953,2.697177,-0.037085,1.589133,#TechLinearMove
0.508672,-0.076615,0.163696,2.701718,-0.044241,1.592578,#TechLinearMove
0.509438,-0.084660,0.163002,2.703968,-0.056618,1.597547,#TechLinearMove
0.509655,-0.089583,0.162670,2.711177,-0.070868,1.602870,#TechLinearMove
0.510003,-0.094498,0.162340,2.719554,-0.084605,1.607719,#TechLinearMove
0.510268,-0.099412,0.161927,2.726835,-0.095114,1.611308,#TechLinearMove
0.510495,-0.104326,0.161490,2.732736,-0.104559,1.614466,#TechLinearMove
0.510797,-0.109239,0.161086,2.737277,-0.111216,1.616582,#TechLinearMove
0.511074,-0.114157,0.160719,2.739178,-0.117363,1.618742,#TechLinearMove
0.511375,-0.119071,0.160323,2.743611,-0.122707,1.620209,#TechLinearMove
0.511692,-0.123978,0.159867,2.744889,-0.129891,1.622850,#TechLinearMove
0.511967,-0.128880,0.159329,2.745405,-0.135401,1.624928,#TechLinearMove
0.512342,-0.133781,0.158856,2.745651,-0.142460,1.627584,#TechLinearMove
0.512633,-0.138694,0.158463,2.746324,-0.154071,1.632029,#TechLinearMove
0.513304,-0.148954,0.156933,2.738670,-0.150401,1.633230,#TechLinearMove
0.513605,-0.153895,0.156276,2.736675,-0.137862,1.627402,#TechLinearMove
0.513933,-0.158830,0.155584,2.735212,-0.125278,1.621441,#TechLinearMove
0.514274,-0.163758,0.154856,2.734987,-0.117610,1.617755,#TechLinearMove
0.514615,-0.168688,0.154138,2.735124,-0.109572,1.613913,#TechLinearMove
0.514930,-0.173624,0.153450,2.734976,-0.101778,1.610229,#TechLinearMove
0.515228,-0.178567,0.152805,2.732768,-0.095728,1.607552,#TechLinearMove
0.515511,-0.183513,0.152179,2.727354,-0.088102,1.604542,#TechLinearMove
0.515799,-0.188457,0.151541,2.719949,-0.078266,1.600669,#TechLinearMove
0.516101,-0.193398,0.150882,2.710021,-0.065543,1.595516,#TechLinearMove
0.516439,-0.198336,0.150220,2.696984,-0.050053,1.589076,#TechLinearMove
0.516825,-0.203272,0.149569,2.682791,-0.033943,1.581913,#TechLinearMove
0.517208,-0.208208,0.148921,2.668010,-0.017201,1.573975,#TechLinearMove
0.517582,-0.213148,0.148296,2.653880,-0.002770,1.567192,#TechLinearMove
0.517939,-0.218093,0.147698,2.639950,0.010896,1.560637,#TechLinearMove
0.518365,-0.223025,0.147042,2.617327,0.036844,1.547164,#TechLinearMove
0.518884,-0.227941,0.146335,2.600065,0.061956,1.532812,#TechLinearMove
0.519378,-0.236016,0.145705,2.602957,0.059762,1.534517,#TechLinearMove
0.519292,-0.240789,0.146463,2.596795,0.074801,1.521909,#TechLinearMove
0.518883,-0.245472,0.147633,2.579068,0.093510,1.505496,#TechLinearMove
0.518500,-0.250180,0.148720,2.568829,0.104841,1.495414,#TechLinearMove
0.518051,-0.254846,0.149953,2.561910,0.116072,1.485660,#TechLinearMove
0.517563,-0.259483,0.151278,2.552007,0.129117,1.474421,#TechLinearMove
0.517285,-0.264132,0.152621,2.540711,0.145967,1.459805,#TechLinearMove
0.517022,-0.268798,0.153908,2.531284,0.160082,1.447387,#TechLinearMove
0.516673,-0.273503,0.155017,2.525611,0.174982,1.434934,#TechLinearMove
0.516408,-0.278220,0.156100,2.524843,0.186090,1.426116,#TechLinearMove
0.516320,-0.282981,0.156982,2.523544,0.201258,1.413563,#TechLinearMove
0.516556,-0.287771,0.157680,2.518749,0.221245,1.396333,#TechLinearMove
0.516515,-0.282331,0.156485,2.517357,0.218421,1.406805,#TechLinearMove
0.516319,-0.277251,0.155964,2.533674,0.190076,1.431971,#TechLinearMove
0.516418,-0.272234,0.154988,2.532097,0.175469,1.442352,#TechLinearMove
0.516725,-0.267266,0.153829,2.535027,0.158078,1.455681,#TechLinearMove
0.517216,-0.262377,0.152425,2.546854,0.138593,1.471784,#TechLinearMove
0.517806,-0.257562,0.150812,2.559629,0.121880,1.485760,#TechLinearMove
0.518411,-0.252772,0.149130,2.569299,0.107234,1.497373,#TechLinearMove
0.519007,-0.247961,0.147505,2.583325,0.087646,1.512589,#TechLinearMove
0.519325,-0.243149,0.145837,2.615365,0.059228,1.535725,#TechLinearMove
0.519254,-0.233023,0.145893,2.614232,0.045099,1.544053,#TechLinearMove
0.518717,-0.227957,0.146519,2.626576,0.025448,1.554639,#TechLinearMove
0.518257,-0.222890,0.147201,2.638152,0.004628,1.565412,#TechLinearMove
0.517914,-0.217797,0.147741,2.648486,-0.009714,1.572509,#TechLinearMove
0.517543,-0.212714,0.148348,2.658135,-0.021923,1.578213,#TechLinearMove
0.517155,-0.207636,0.148996,2.672408,-0.037602,1.585401,#TechLinearMove
0.516753,-0.202562,0.149659,2.683707,-0.051021,1.591136,#TechLinearMove
0.516350,-0.197487,0.150316,2.696934,-0.066427,1.597657,#TechLinearMove
0.516024,-0.192410,0.150995,2.706539,-0.077084,1.601814,#TechLinearMove
0.515709,-0.187331,0.151669,2.716985,-0.088974,1.606332,#TechLinearMove
0.515414,-0.182248,0.152318,2.728077,-0.098098,1.609327,#TechLinearMove
0.515126,-0.177163,0.152961,2.736218,-0.105361,1.611620,#TechLinearMove
0.514804,-0.172086,0.153645,2.740828,-0.112566,1.614279,#TechLinearMove
0.514475,-0.167016,0.154372,2.743621,-0.120823,1.617605,#TechLinearMove
0.514130,-0.161947,0.155106,2.747793,-0.132856,1.622504,#TechLinearMove
0.513820,-0.156871,0.155799,2.751837,-0.146331,1.627958,#TechLinearMove
0.513305,-0.148940,0.156905,2.737130,-0.151910,1.634170,#TechLinearMove
0.512973,-0.143844,0.157661,2.735309,-0.139572,1.629455,#TechLinearMove
0.512716,-0.138720,0.158234,2.734150,-0.133594,1.627240,#TechLinearMove
0.512389,-0.133601,0.158830,2.734112,-0.131104,1.626286,#TechLinearMove
0.512004,-0.128483,0.159389,2.731482,-0.125971,1.624627,#TechLinearMove
0.511636,-0.123359,0.159903,2.730833,-0.118291,1.621568,#TechLinearMove
0.511299,-0.118226,0.160358,2.732292,-0.112314,1.618923,#TechLinearMove
0.510985,-0.113089,0.160768,2.731335,-0.108082,1.617370,#TechLinearMove
0.510679,-0.107951,0.161173,2.729179,-0.102865,1.615546,#TechLinearMove
0.510359,-0.102815,0.161596,2.727038,-0.095261,1.612691,#TechLinearMove
0.510095,-0.097677,0.162036,2.723999,-0.084542,1.608658,#TechLinearMove
0.509953,-0.092528,0.162380,2.720039,-0.074675,1.605080,#TechLinearMove
0.509438,-0.084660,0.163002,2.720309,-0.079426,1.606535,#TechLinearMove
0.509027,-0.079657,0.163417,2.710078,-0.058922,1.597666,#TechLinearMove
0.508745,-0.074638,0.163752,2.702732,-0.048432,1.593193,#TechLinearMove
0.508367,-0.069623,0.164038,2.696504,-0.038535,1.588882,#TechLinearMove
0.507902,-0.064610,0.164227,2.690878,-0.029437,1.584711,#TechLinearMove
0.507535,-0.059588,0.164331,2.685716,-0.023142,1.581790,#TechLinearMove
0.507283,-0.054556,0.164327,2.681678,-0.019689,1.580187,#TechLinearMove
0.507076,-0.049524,0.164222,2.676917,-0.017372,1.579140,#TechLinearMove
0.506892,-0.044491,0.164071,2.671626,-0.012249,1.576653,#TechLinearMove
0.506601,-0.039467,0.163881,2.664608,-0.002651,1.571903,#TechLinearMove
0.506706,-0.034436,0.163647,2.657936,0.004293,1.568423,#TechLinearMove
0.506749,-0.024130,0.163554,2.649420,0.015498,1.562286,#TechLinearMove
0.506670,-0.019284,0.163714,2.647992,0.022485,1.558525,#TechLinearMove
0.506582,-0.014439,0.163608,2.647703,0.030490,1.554248,#TechLinearMove
0.506447,-0.009595,0.163427,2.645319,0.034741,1.551881,#TechLinearMove
0.506354,-0.004750,0.163225,2.642056,0.038942,1.549493,#TechLinearMove
0.506282,0.000092,0.162973,2.638693,0.042674,1.547327,#TechLinearMove
0.506245,0.004931,0.162646,2.636051,0.044227,1.546399,#TechLinearMove
0.506257,0.009762,0.162220,2.633323,0.044237,1.546348,#TechLinearMove
0.506333,0.014576,0.161651,2.630156,0.045631,1.545472,#TechLinearMove
0.506462,0.019376,0.160965,2.626816,0.048189,1.543911,#TechLinearMove
0.506604,0.024170,0.160252,2.623215,0.050467,1.542485,#TechLinearMove
0.506770,0.028971,0.159590,2.620178,0.054141,1.540255,#TechLinearMove
0.506998,0.033788,0.159078,2.619875,0.059891,1.537055,#TechLinearMove
0.507184,0.038617,0.158674,2.620336,0.069959,1.531500,#TechLinearMove
0.507321,0.043455,0.158369,2.620522,0.078508,1.526684,#TechLinearMove
0.507570,0.048266,0.157816,2.620003,0.090474,1.519953,#TechLinearMove
0.507681,0.053105,0.157567,2.622317,0.105813,1.511557,#TechLinearMove
0.507404,0.061038,0.158181,2.627087,0.106410,1.511413,#TechLinearMove
0.507440,0.065933,0.158074,2.621880,0.111310,1.508815,#TechLinearMove
0.507636,0.070809,0.157644,2.618423,0.117091,1.505801,#TechLinearMove
0.507779,0.075680,0.157173,2.615879,0.123362,1.502328,#TechLinearMove
0.507911,0.080509,0.156363,2.612874,0.131719,1.497536,#TechLinearMove
0.508156,0.085291,0.155323,2.608869,0.139994,1.492506,#TechLinearMove
0.508541,0.090045,0.154204,2.602177,0.149484,1.486163,#TechLinearMove
0.508926,0.094803,0.153099,2.599028,0.159179,1.480356,#TechLinearMove
0.509298,0.099567,0.152015,2.593847,0.170569,1.473120,#TechLinearMove
0.509653,0.104338,0.150957,2.588591,0.179938,1.466978,#TechLinearMove
0.509947,0.109098,0.149844,2.581492,0.192809,1.458561,#TechLinearMove
0.510510,0.113921,0.149201,2.574233,0.204131,1.451090,#TechLinearMove
0.510632,0.115925,0.148965,2.579286,0.204222,1.448053,#TechLinearMove
0.511205,0.121296,0.148002,2.572999,0.198945,1.448598,#TechLinearMove
0.511598,0.126622,0.146802,2.567120,0.193862,1.449517,#TechLinearMove
0.511778,0.131915,0.145370,2.559311,0.195543,1.445690,#TechLinearMove
0.511977,0.137215,0.143964,2.552877,0.204403,1.437644,#TechLinearMove
0.512507,0.142528,0.142827,2.547227,0.217036,1.426984,#TechLinearMove
0.511978,0.142785,0.143636,2.547227,0.217036,1.426984,#TechMoveTo
0.562201,0.147655,0.174562,2.515636,0.231806,1.425632,#TechMoveTo
0.562753,0.147386,0.173773,2.515636,0.231806,1.425632,#TechMoveTo
0.563173,0.144436,0.174830,2.511771,0.219686,1.423029,#TechLinearMove
0.562424,0.139239,0.176152,2.520413,0.195617,1.438936,#TechLinearMove
0.561700,0.134041,0.177477,2.526200,0.178371,1.450286,#TechLinearMove
0.561025,0.128819,0.178734,2.530377,0.167820,1.456470,#TechLinearMove
0.560424,0.123571,0.179921,2.534715,0.160894,1.459131,#TechLinearMove
0.559931,0.118333,0.180718,2.531169,0.165714,1.455501,#TechLinearMove
0.559443,0.113529,0.181608,2.532613,0.159093,1.460357,#TechLinearMove
0.559021,0.108684,0.182295,2.533389,0.153979,1.464035,#TechLinearMove
0.558560,0.103832,0.182907,2.535498,0.147164,1.469159,#TechLinearMove
0.558043,0.098988,0.183528,2.537365,0.135541,1.477451,#TechLinearMove
0.557523,0.094144,0.184153,2.539730,0.121017,1.487780,#TechLinearMove
0.556969,0.089313,0.184842,2.543114,0.104598,1.499472,#TechLinearMove
0.556362,0.084508,0.185654,2.547323,0.089105,1.510529,#TechLinearMove
0.555751,0.079723,0.186580,2.552259,0.077820,1.518764,#TechLinearMove
0.555204,0.074942,0.187560,2.557761,0.069584,1.524995,#TechLinearMove
0.554640,0.070171,0.188581,2.564860,0.059451,1.532535,#TechLinearMove
0.554923,0.060068,0.188383,2.561802,0.055745,1.534610,#TechLinearMove
0.555464,0.055102,0.188027,2.573669,0.043535,1.542273,#TechLinearMove
0.555819,0.050102,0.188268,2.588463,0.025173,1.553383,#TechLinearMove
0.556049,0.045088,0.188408,2.598296,0.012220,1.561011,#TechLinearMove
0.556300,0.040074,0.188503,2.607902,0.001297,1.567185,#TechLinearMove
0.556535,0.035059,0.188618,2.618086,-0.006967,1.571816,#TechLinearMove
0.556647,0.030042,0.188788,2.626238,-0.016097,1.576915,#TechLinearMove
0.556832,0.025030,0.189025,2.636579,-0.020893,1.579294,#TechLinearMove
0.557026,0.020016,0.189216,2.646694,-0.025708,1.581689,#TechLinearMove
0.557055,0.014996,0.189177,2.654667,-0.028486,1.582920,#TechLinearMove
0.557164,0.009979,0.188986,2.661419,-0.029032,1.582854,#TechLinearMove
0.557362,0.004975,0.188630,2.668049,-0.030337,1.583229,#TechLinearMove
0.557593,-0.000025,0.188230,2.675362,-0.032746,1.584046,#TechLinearMove
0.557979,-0.005021,0.187905,2.681657,-0.034133,1.584443,#TechLinearMove
0.558341,-0.010001,0.187372,2.692200,-0.041288,1.587517,#TechLinearMove
0.558705,-0.014986,0.186901,2.702323,-0.051366,1.591900,#TechLinearMove
0.558929,-0.022624,0.186670,2.701950,-0.044635,1.590257,#TechLinearMove
0.559198,-0.027520,0.186958,2.706025,-0.051670,1.593727,#TechLinearMove
0.559334,-0.032425,0.187175,2.709504,-0.053347,1.594700,#TechLinearMove
0.559512,-0.037333,0.187299,2.711885,-0.055897,1.595965,#TechLinearMove
0.559705,-0.042241,0.187398,2.714521,-0.057244,1.596653,#TechLinearMove
0.559884,-0.047150,0.187460,2.715939,-0.059322,1.597725,#TechLinearMove
0.559917,-0.052062,0.187398,2.719986,-0.065759,1.600550,#TechLinearMove
0.559990,-0.056972,0.187265,2.722748,-0.070084,1.602466,#TechLinearMove
0.560098,-0.061880,0.187075,2.725219,-0.076309,1.605258,#TechLinearMove
0.560388,-0.066780,0.186896,2.726221,-0.083261,1.608483,#TechLinearMove
0.560622,-0.071683,0.186705,2.729521,-0.092386,1.612617,#TechLinearMove
0.560852,-0.076588,0.186536,2.734230,-0.104223,1.617776,#TechLinearMove
0.561261,-0.084522,0.185859,2.732985,-0.107065,1.618071,#TechLinearMove
0.562027,-0.089213,0.185237,2.726850,-0.107955,1.619403,#TechLinearMove
0.562663,-0.093914,0.184551,2.722572,-0.113082,1.622346,#TechLinearMove
0.563252,-0.098630,0.183927,2.720177,-0.118677,1.625207,#TechLinearMove
0.563878,-0.103333,0.183243,2.715394,-0.123160,1.627978,#TechLinearMove
0.564517,-0.108030,0.182529,2.711656,-0.126843,1.630248,#TechLinearMove
0.564938,-0.112746,0.181780,2.707772,-0.132008,1.633231,#TechLinearMove
0.565324,-0.117475,0.181102,2.703488,-0.137703,1.636587,#TechLinearMove
0.565917,-0.122204,0.180600,2.697393,-0.144859,1.640983,#TechLinearMove
0.566550,-0.126933,0.180138,2.692386,-0.150669,1.644610,#TechLinearMove
0.567132,-0.131665,0.179640,2.684494,-0.154382,1.647859,#TechLinearMove
0.567768,-0.136403,0.179286,2.676945,-0.159981,1.651990,#TechLinearMove
0.569316,-0.146043,0.178063,2.675078,-0.151831,1.647596,#TechLinearMove
0.569945,-0.150911,0.177243,2.680019,-0.134459,1.638868,#TechLinearMove
0.570511,-0.155783,0.176396,2.681519,-0.112820,1.628620,#TechLinearMove
0.571152,-0.160670,0.175715,2.682609,-0.094919,1.619947,#TechLinearMove
0.571547,-0.165561,0.174903,2.683913,-0.080014,1.612773,#TechLinearMove
0.571906,-0.170463,0.174132,2.685109,-0.066573,1.606370,#TechLinearMove
0.572250,-0.175391,0.173534,2.687638,-0.053161,1.599921,#TechLinearMove
0.572498,-0.180343,0.173113,2.690496,-0.039570,1.593446,#TechLinearMove
0.572616,-0.185312,0.172900,2.693812,-0.026616,1.587354,#TechLinearMove
0.572489,-0.190277,0.173033,2.699294,-0.014632,1.581693,#TechLinearMove
0.572139,-0.195211,0.173556,2.706762,-0.003987,1.576664,#TechLinearMove
0.571710,-0.200112,0.174311,2.713919,0.006639,1.571757,#TechLinearMove
0.571236,-0.204998,0.175131,2.719107,0.018949,1.566338,#TechLinearMove
0.570800,-0.209878,0.176000,2.724884,0.031905,1.560777,#TechLinearMove
0.570418,-0.214744,0.176960,2.728865,0.048958,1.553329,#TechLinearMove
0.569662,-0.219496,0.178222,2.736465,0.067568,1.545494,#TechLinearMove
0.568807,-0.224186,0.179651,2.739353,0.090698,1.535730,#TechLinearMove
0.568966,-0.231695,0.179653,2.729752,0.109202,1.525135,#TechLinearMove
0.569612,-0.236334,0.178451,2.733984,0.125232,1.507360,#TechLinearMove
0.570199,-0.241039,0.177515,2.737664,0.138081,1.492528,#TechLinearMove
0.570742,-0.245785,0.176766,2.743929,0.146632,1.483955,#TechLinearMove
0.571176,-0.250555,0.176124,2.752781,0.150546,1.477950,#TechLinearMove
0.571725,-0.255346,0.175807,2.765163,0.148637,1.474617,#TechLinearMove
0.571898,-0.260175,0.175786,2.777796,0.140799,1.473753,#TechLinearMove
0.571939,-0.264974,0.176364,2.792005,0.137145,1.471838,#TechLinearMove
0.571735,-0.269676,0.177479,2.799408,0.143430,1.464884,#TechLinearMove
0.571160,-0.274192,0.179108,2.815930,0.145315,1.462335,#TechLinearMove
0.570301,-0.278556,0.180999,2.823776,0.152274,1.455906,#TechLinearMove
0.569595,-0.282933,0.182899,2.831709,0.162218,1.444271,#TechLinearMove
0.568622,-0.287091,0.185143,2.830916,0.187003,1.425997,#TechLinearMove
0.570599,-0.281883,0.181791,2.827795,0.199914,1.463484,#TechLinearMove
0.571270,-0.277424,0.179943,2.813204,0.187069,1.472647,#TechLinearMove
0.571840,-0.272876,0.178231,2.798401,0.178802,1.477314,#TechLinearMove
0.572222,-0.268203,0.176848,2.781364,0.178908,1.477347,#TechLinearMove
0.572251,-0.263416,0.175860,2.759941,0.182650,1.475189,#TechLinearMove
0.571985,-0.258562,0.175339,2.739920,0.185702,1.473956,#TechLinearMove
0.571610,-0.253687,0.175360,2.728973,0.187427,1.475349,#TechLinearMove
0.571247,-0.248837,0.175899,2.728012,0.183823,1.481011,#TechLinearMove
0.570535,-0.244071,0.176778,2.725316,0.176334,1.488801,#TechLinearMove
0.569935,-0.239359,0.177963,2.727980,0.157792,1.506459,#TechLinearMove
0.568932,-0.229114,0.179710,2.733001,0.118589,1.520904,#TechLinearMove
0.569464,-0.224213,0.178790,2.731544,0.085222,1.535690,#TechLinearMove
0.570168,-0.219396,0.177559,2.727980,0.058811,1.547347,#TechLinearMove
0.570605,-0.214457,0.176793,2.723032,0.038334,1.556416,#TechLinearMove
0.571023,-0.209508,0.176054,2.719171,0.022357,1.563680,#TechLinearMove
0.571476,-0.204570,0.175255,2.712771,0.011885,1.568373,#TechLinearMove
0.571926,-0.199633,0.174457,2.706990,-0.000066,1.573848,#TechLinearMove
0.572335,-0.194682,0.173724,2.702036,-0.012477,1.579690,#TechLinearMove
0.572612,-0.189697,0.173220,2.697120,-0.023801,1.585129,#TechLinearMove
0.572682,-0.184682,0.173095,2.692480,-0.035215,1.590714,#TechLinearMove
0.572571,-0.179668,0.173298,2.687248,-0.046329,1.596318,#TechLinearMove
0.572321,-0.174673,0.173735,2.683056,-0.058309,1.602309,#TechLinearMove
0.571967,-0.169704,0.174368,2.682662,-0.073095,1.609362,#TechLinearMove
0.571566,-0.164748,0.175079,2.682634,-0.092558,1.618758,#TechLinearMove
0.571161,-0.159795,0.175796,2.681924,-0.123074,1.633589,#TechLinearMove
0.570660,-0.154884,0.176718,2.676535,-0.144155,1.644298,#TechLinearMove
0.569919,-0.147701,0.178002,2.685583,-0.152706,1.645931,#TechLinearMove
0.569455,-0.142677,0.178822,2.687709,-0.152010,1.645462,#TechLinearMove
0.568604,-0.137659,0.179272,2.691900,-0.152715,1.645191,#TechLinearMove
0.567882,-0.132632,0.179853,2.694936,-0.152274,1.644551,#TechLinearMove
0.567177,-0.127598,0.180393,2.697118,-0.148607,1.642583,#TechLinearMove
0.566492,-0.122556,0.180884,2.700326,-0.143591,1.639812,#TechLinearMove
0.565801,-0.117516,0.181388,2.704668,-0.137273,1.636206,#TechLinearMove
0.565082,-0.112484,0.181931,2.708713,-0.131275,1.632852,#TechLinearMove
0.564468,-0.107461,0.182633,2.712117,-0.126611,1.630283,#TechLinearMove
0.563989,-0.102444,0.183485,2.715318,-0.120355,1.627050,#TechLinearMove
0.563509,-0.097424,0.184326,2.719110,-0.114130,1.623812,#TechLinearMove
0.562985,-0.092422,0.185242,2.722400,-0.109132,1.621257,#TechLinearMove
0.562348,-0.084516,0.186414,2.724124,-0.103810,1.617689,#TechLinearMove
0.561883,-0.079371,0.186674,2.726286,-0.097653,1.614170,#TechLinearMove
0.561427,-0.074216,0.186858,2.727989,-0.091258,1.610813,#TechLinearMove
0.561027,-0.069056,0.187085,2.728879,-0.084056,1.607308,#TechLinearMove
0.560656,-0.063893,0.187260,2.728130,-0.075549,1.603339,#TechLinearMove
0.560310,-0.058726,0.187386,2.727089,-0.067887,1.599764,#TechLinearMove
0.560017,-0.053555,0.187429,2.725166,-0.063095,1.597528,#TechLinearMove
0.559878,-0.048379,0.187453,2.722369,-0.059567,1.595904,#TechLinearMove
0.559859,-0.043199,0.187489,2.719330,-0.056522,1.594495,#TechLinearMove
0.559820,-0.038020,0.187557,2.714479,-0.054335,1.593375,#TechLinearMove
0.559898,-0.032844,0.187428,2.712441,-0.058552,1.594877,#TechLinearMove
0.559964,-0.022439,0.187307,2.709575,-0.051262,1.593045,#TechLinearMove
0.559600,-0.017295,0.187465,2.696900,-0.036364,1.586233,#TechLinearMove
0.559060,-0.012170,0.187824,2.686961,-0.026027,1.581410,#TechLinearMove
0.558691,-0.007025,0.188109,2.679858,-0.023311,1.580215,#TechLinearMove
0.558323,-0.001881,0.188407,2.673065,-0.021730,1.579595,#TechLinearMove
0.557928,0.003260,0.188737,2.667011,-0.020061,1.578887,#TechLinearMove
0.557569,0.008406,0.189013,2.658207,-0.017444,1.577829,#TechLinearMove
0.557292,0.013563,0.189140,2.652027,-0.014345,1.576353,#TechLinearMove
0.557086,0.018725,0.189137,2.646089,-0.010768,1.574550,#TechLinearMove
0.557072,0.023890,0.189136,2.638738,-0.010049,1.574262,#TechLinearMove
0.557106,0.029056,0.189079,2.629944,-0.006630,1.572419,#TechLinearMove
0.557007,0.034218,0.188915,2.619457,-0.001079,1.569253,#TechLinearMove
0.556997,0.039384,0.188910,2.610876,0.008901,1.563439,#TechLinearMove
0.556754,0.044543,0.188820,2.601961,0.021053,1.556368,#TechLinearMove
0.556773,0.049700,0.188519,2.588116,0.037864,1.546420,#TechLinearMove
0.556450,0.054849,0.188641,2.568464,0.054855,1.535626,#TechLinearMove
0.556167,0.062259,0.189569,2.561112,0.051267,1.537384,#TechLinearMove
0.555961,0.067348,0.188747,2.557969,0.059466,1.531511,#TechLinearMove
0.556042,0.072437,0.187894,2.555283,0.071025,1.523404,#TechLinearMove
0.556129,0.077542,0.187132,2.553616,0.082822,1.515254,#TechLinearMove
0.556373,0.082612,0.186188,2.552304,0.094503,1.507274,#TechLinearMove
0.556778,0.087669,0.185241,2.549935,0.107596,1.498175,#TechLinearMove
0.557347,0.092738,0.184434,2.546824,0.121497,1.488364,#TechLinearMove
0.557906,0.097812,0.183658,2.544031,0.134710,1.478927,#TechLinearMove
0.558446,0.102895,0.182925,2.540986,0.146521,1.470300,#TechLinearMove
0.558968,0.107996,0.182319,2.538802,0.160120,1.460632,#TechLinearMove
0.559340,0.113106,0.181679,2.532949,0.168456,1.453568,#TechLinearMove
0.559752,0.116309,0.181033,2.531689,0.171530,1.451624,#TechLinearMove
0.560188,0.121063,0.180253,2.525493,0.174367,1.450524,#TechLinearMove
0.560658,0.125793,0.179355,2.524602,0.176997,1.449945,#TechLinearMove
0.561216,0.130492,0.178347,2.525737,0.180165,1.449483,#TechLinearMove
0.561836,0.135150,0.177196,2.528638,0.190230,1.444672,#TechLinearMove
0.562494,0.139794,0.176011,2.524389,0.202314,1.436494,#TechLinearMove
0.563173,0.144436,0.174830,2.517207,0.220870,1.423850,#TechLinearMove
0.562620,0.144697,0.175621,2.517207,0.220870,1.423850,#TechMoveTo
0.512282,0.145878,0.143027,2.539599,0.230476,1.416654,#TechMoveTo
0.512812,0.145605,0.142225,2.539599,0.230476,1.416654,#TechMoveTo
0.510533,0.143556,0.141146,2.545466,0.219582,1.424799,#TechLinearMove
0.507338,0.140017,0.140031,2.553773,0.208008,1.435407,#TechLinearMove
0.503981,0.136648,0.138851,2.555416,0.201593,1.440532,#TechLinearMove
0.500663,0.133153,0.137958,2.561066,0.199434,1.444090,#TechLinearMove
0.497104,0.129913,0.137023,2.560050,0.205081,1.440883,#TechLinearMove
0.493779,0.126363,0.136457,2.560554,0.212966,1.436568,#TechLinearMove
0.490426,0.122831,0.135903,2.560583,0.217415,1.434597,#TechLinearMove
0.489678,0.117730,0.137607,2.568249,0.215323,1.435944,#TechLinearMove
0.489021,0.112925,0.138793,2.571211,0.205855,1.442170,#TechLinearMove
0.488587,0.108116,0.140078,2.569746,0.197439,1.446733,#TechLinearMove
0.488196,0.103312,0.141393,2.571230,0.186075,1.453840,#TechLinearMove
0.487768,0.098486,0.142613,2.574086,0.173919,1.461789,#TechLinearMove
0.487383,0.093631,0.143722,2.576591,0.161247,1.469949,#TechLinearMove
0.487048,0.088753,0.144752,2.578166,0.147965,1.478224,#TechLinearMove
0.486651,0.083858,0.145667,2.580245,0.135848,1.485858,#TechLinearMove
0.486248,0.078931,0.146378,2.584545,0.126263,1.492427,#TechLinearMove
0.485917,0.073968,0.146848,2.581223,0.117802,1.496884,#TechLinearMove
0.485727,0.069004,0.147386,2.580514,0.107027,1.503039,#TechLinearMove
0.485862,0.058978,0.147078,2.579860,0.092782,1.512267,#TechLinearMove
0.485795,0.053964,0.147209,2.580339,0.083855,1.518230,#TechLinearMove
0.485688,0.048956,0.147486,2.581549,0.079343,1.521512,#TechLinearMove
0.485644,0.043941,0.147596,2.579823,0.074695,1.524402,#TechLinearMove
0.485724,0.038929,0.147803,2.580630,0.070318,1.527417,#TechLinearMove
0.485797,0.033920,0.148083,2.580108,0.066072,1.530225,#TechLinearMove
0.485839,0.028915,0.148436,2.581218,0.063879,1.531883,#TechLinearMove
0.485866,0.023914,0.148829,2.580419,0.062105,1.533121,#TechLinearMove
0.485902,0.018914,0.149245,2.579961,0.060592,1.534220,#TechLinearMove
0.485949,0.013911,0.149622,2.578050,0.059914,1.534700,#TechLinearMove
0.486022,0.008905,0.149937,2.575716,0.058590,1.535562,#TechLinearMove
0.486099,0.003895,0.150193,2.574281,0.055840,1.537369,#TechLinearMove
0.486185,-0.001114,0.150473,2.572382,0.051678,1.540083,#TechLinearMove
0.486097,-0.006125,0.150701,2.570973,0.050862,1.540695,#TechLinearMove
0.486003,-0.011134,0.150978,2.567799,0.046647,1.543525,#TechLinearMove
0.485930,-0.016148,0.151122,2.565013,0.044639,1.545014,#TechLinearMove
0.485871,-0.023701,0.151279,2.561205,0.042855,1.544322,#TechLinearMove
0.485642,-0.028645,0.151860,2.563774,0.028810,1.552504,#TechLinearMove
0.485480,-0.033608,0.152294,2.563412,0.019813,1.557519,#TechLinearMove
0.485332,-0.038577,0.152646,2.562030,0.012040,1.562026,#TechLinearMove
0.485210,-0.043550,0.152953,2.562200,0.004500,1.566435,#TechLinearMove
0.485194,-0.048524,0.153263,2.561559,-0.002753,1.570653,#TechLinearMove
0.485317,-0.053498,0.153546,2.558134,-0.010216,1.574994,#TechLinearMove
0.485499,-0.058476,0.153698,2.555773,-0.017853,1.579484,#TechLinearMove
0.485719,-0.063455,0.153734,2.554177,-0.026373,1.584643,#TechLinearMove
0.485979,-0.068432,0.153701,2.552166,-0.035389,1.590181,#TechLinearMove
0.486296,-0.073405,0.153722,2.551474,-0.044408,1.595439,#TechLinearMove
0.486640,-0.078369,0.153634,2.549310,-0.060657,1.605247,#TechLinearMove
0.487209,-0.086410,0.153233,2.551821,-0.063980,1.610406,#TechLinearMove
0.487295,-0.091175,0.153026,2.547682,-0.073884,1.617528,#TechLinearMove
0.487526,-0.095929,0.152670,2.544420,-0.079402,1.621627,#TechLinearMove
0.487787,-0.100681,0.152304,2.541176,-0.083452,1.624739,#TechLinearMove
0.488074,-0.105429,0.151899,2.539216,-0.089454,1.629010,#TechLinearMove
0.488363,-0.110174,0.151464,2.542412,-0.094239,1.631866,#TechLinearMove
0.488687,-0.114910,0.150968,2.545666,-0.099622,1.635046,#TechLinearMove
0.489021,-0.119644,0.150452,2.549175,-0.104547,1.637772,#TechLinearMove
0.489427,-0.124375,0.149972,2.552777,-0.110539,1.641168,#TechLinearMove
0.489761,-0.129117,0.149533,2.555465,-0.116457,1.644663,#TechLinearMove
0.490119,-0.133854,0.149071,2.557737,-0.124313,1.649475,#TechLinearMove
0.490398,-0.138604,0.148712,2.560030,-0.135259,1.656205,#TechLinearMove
0.490811,-0.149296,0.147767,2.567617,-0.125354,1.649946,#TechLinearMove
0.491148,-0.154205,0.146963,2.558818,-0.118068,1.645397,#TechLinearMove
0.491466,-0.159121,0.146199,2.551687,-0.114189,1.642680,#TechLinearMove
0.491719,-0.164063,0.145591,2.545841,-0.112024,1.641544,#TechLinearMove
0.491984,-0.169003,0.144967,2.537101,-0.108813,1.640286,#TechLinearMove
0.492261,-0.173936,0.144301,2.529700,-0.106465,1.639301,#TechLinearMove
0.492630,-0.178865,0.143648,2.522892,-0.104516,1.638438,#TechLinearMove
0.493019,-0.183791,0.142979,2.516087,-0.102948,1.637793,#TechLinearMove
0.493453,-0.188711,0.142303,2.510313,-0.099852,1.635899,#TechLinearMove
0.493930,-0.193629,0.141634,2.504181,-0.096121,1.633590,#TechLinearMove
0.494415,-0.198540,0.140929,2.498108,-0.091562,1.630681,#TechLinearMove
0.494915,-0.203439,0.140145,2.491825,-0.084733,1.626080,#TechLinearMove
0.495453,-0.208320,0.139282,2.485338,-0.075159,1.619333,#TechLinearMove
0.496018,-0.213185,0.138352,2.480395,-0.063443,1.610542,#TechLinearMove
0.496618,-0.218042,0.137397,2.472043,-0.051874,1.601755,#TechLinearMove
0.497267,-0.222872,0.136350,2.463257,-0.038186,1.591039,#TechLinearMove
0.497816,-0.227713,0.135293,2.452898,-0.023335,1.579252,#TechLinearMove
0.498116,-0.235574,0.133420,2.444325,0.003399,1.562159,#TechLinearMove
0.497974,-0.240691,0.132670,2.440080,0.016089,1.555834,#TechLinearMove
0.497393,-0.245824,0.132337,2.438124,0.029015,1.548104,#TechLinearMove
0.496649,-0.250940,0.132296,2.436433,0.038758,1.542001,#TechLinearMove
0.495670,-0.256008,0.132637,2.436725,0.052374,1.532946,#TechLinearMove
0.494562,-0.260993,0.133445,2.438587,0.067457,1.522922,#TechLinearMove
0.493378,-0.265916,0.134518,2.437433,0.084231,1.510825,#TechLinearMove
0.492192,-0.270844,0.135567,2.427735,0.105133,1.493458,#TechLinearMove
0.491164,-0.275826,0.136511,2.413421,0.127260,1.473764,#TechLinearMove
0.490296,-0.280875,0.137238,2.396066,0.146966,1.455020,#TechLinearMove
0.489479,-0.285932,0.137968,2.376215,0.171917,1.431807,#TechLinearMove
0.489017,-0.291062,0.138161,2.342039,0.192101,1.408238,#TechLinearMove
0.489343,-0.285693,0.138918,2.350814,0.217053,1.372259,#TechLinearMove
0.490352,-0.280894,0.138394,2.381788,0.183319,1.408630,#TechLinearMove
0.491207,-0.276082,0.137700,2.400856,0.153189,1.438391,#TechLinearMove
0.492465,-0.271418,0.136708,2.413663,0.127416,1.461985,#TechLinearMove
0.493892,-0.266872,0.135417,2.424384,0.095789,1.489323,#TechLinearMove
0.495200,-0.262288,0.134140,2.427945,0.068132,1.511621,#TechLinearMove
0.496304,-0.257584,0.133129,2.424546,0.051979,1.522992,#TechLinearMove
0.497260,-0.252787,0.132494,2.420636,0.042255,1.529216,#TechLinearMove
0.498053,-0.247918,0.132305,2.417656,0.029545,1.538020,#TechLinearMove
0.498465,-0.243011,0.132396,2.412310,0.023230,1.540036,#TechLinearMove
0.498228,-0.232929,0.134250,2.428690,0.015096,1.551969,#TechLinearMove
0.497819,-0.228220,0.135312,2.447301,-0.005358,1.568211,#TechLinearMove
0.497261,-0.223515,0.136316,2.463027,-0.023402,1.581831,#TechLinearMove
0.496690,-0.218798,0.137256,2.472870,-0.038773,1.593540,#TechLinearMove
0.496119,-0.214078,0.138185,2.483003,-0.053031,1.604008,#TechLinearMove
0.495548,-0.209357,0.139107,2.490416,-0.067200,1.614335,#TechLinearMove
0.494996,-0.204626,0.139986,2.495533,-0.078681,1.622618,#TechLinearMove
0.494488,-0.199875,0.140783,2.500600,-0.087253,1.628542,#TechLinearMove
0.494007,-0.195106,0.141479,2.505327,-0.094169,1.633200,#TechLinearMove
0.493531,-0.190328,0.142118,2.509445,-0.099271,1.636577,#TechLinearMove
0.493102,-0.185547,0.142766,2.513656,-0.103641,1.639404,#TechLinearMove
0.492722,-0.180760,0.143402,2.516971,-0.106854,1.641557,#TechLinearMove
0.492368,-0.175970,0.144025,2.519829,-0.109016,1.643022,#TechLinearMove
0.492098,-0.171178,0.144684,2.525325,-0.112108,1.644670,#TechLinearMove
0.491835,-0.166382,0.145307,2.530582,-0.114372,1.645818,#TechLinearMove
0.491580,-0.161583,0.145917,2.541684,-0.118799,1.647735,#TechLinearMove
0.491240,-0.156826,0.146764,2.549300,-0.126071,1.652175,#TechLinearMove
0.490753,-0.149387,0.147903,2.554297,-0.118169,1.647694,#TechLinearMove
0.490622,-0.144377,0.148244,2.553529,-0.116449,1.646005,#TechLinearMove
0.490380,-0.139377,0.148653,2.556086,-0.111502,1.641890,#TechLinearMove
0.490072,-0.134382,0.149087,2.552732,-0.108949,1.640369,#TechLinearMove
0.489764,-0.129387,0.149517,2.550801,-0.104943,1.637680,#TechLinearMove
0.489446,-0.124397,0.149990,2.550747,-0.100756,1.634571,#TechLinearMove
0.489097,-0.119415,0.150527,2.549597,-0.096810,1.631786,#TechLinearMove
0.488726,-0.114437,0.151094,2.548981,-0.092865,1.628928,#TechLinearMove
0.488381,-0.109454,0.151619,2.549021,-0.089423,1.626293,#TechLinearMove
0.488069,-0.104461,0.152068,2.548991,-0.085808,1.623527,#TechLinearMove
0.487791,-0.099465,0.152513,2.550527,-0.081142,1.619710,#TechLinearMove
0.487570,-0.094461,0.152884,2.554182,-0.074347,1.614035,#TechLinearMove
0.487209,-0.086410,0.153233,2.564384,-0.075826,1.616960,#TechLinearMove
0.486948,-0.081208,0.153518,2.567170,-0.060778,1.607885,#TechLinearMove
0.486678,-0.076002,0.153665,2.564872,-0.045756,1.598977,#TechLinearMove
0.486288,-0.070801,0.153713,2.563068,-0.035330,1.592775,#TechLinearMove
0.485966,-0.065595,0.153760,2.562364,-0.025463,1.586873,#TechLinearMove
0.485728,-0.060385,0.153775,2.561856,-0.015761,1.581044,#TechLinearMove
0.485527,-0.055174,0.153665,2.560970,-0.004863,1.574510,#TechLinearMove
0.485382,-0.049966,0.153413,2.560380,0.004345,1.569036,#TechLinearMove
0.485283,-0.044764,0.153047,2.560653,0.012071,1.564469,#TechLinearMove
0.485278,-0.039558,0.152764,2.563865,0.022436,1.558413,#TechLinearMove
0.485411,-0.034357,0.152418,2.565689,0.035904,1.550618,#TechLinearMove
0.485839,-0.024133,0.151399,2.564281,0.037794,1.547775,#TechLinearMove
0.485865,-0.019271,0.151340,2.566744,0.042350,1.544779,#TechLinearMove
0.485947,-0.014414,0.151136,2.568462,0.045016,1.542949,#TechLinearMove
0.486052,-0.009560,0.150871,2.570105,0.047492,1.541336,#TechLinearMove
0.486140,-0.004705,0.150627,2.571250,0.049045,1.540308,#TechLinearMove
0.486119,0.000149,0.150358,2.573253,0.051671,1.538670,#TechLinearMove
0.486053,0.005004,0.150106,2.575581,0.054866,1.536690,#TechLinearMove
0.485977,0.009859,0.149862,2.578084,0.057213,1.535270,#TechLinearMove
0.485913,0.014712,0.149564,2.579587,0.058115,1.534697,#TechLinearMove
0.485876,0.019559,0.149191,2.580547,0.058110,1.534644,#TechLinearMove
0.485853,0.024405,0.148790,2.581684,0.058687,1.534238,#TechLinearMove
0.485828,0.029252,0.148407,2.581668,0.060822,1.532784,#TechLinearMove
0.485782,0.034102,0.148067,2.582094,0.064300,1.530521,#TechLinearMove
0.485716,0.038956,0.147803,2.582442,0.069393,1.527257,#TechLinearMove
0.485645,0.043813,0.147591,2.580950,0.073091,1.524652,#TechLinearMove
0.485743,0.048667,0.147334,2.579816,0.076357,1.522254,#TechLinearMove
0.485873,0.053517,0.147013,2.577998,0.083461,1.517379,#TechLinearMove
0.485475,0.061308,0.146967,2.580180,0.091253,1.513125,#TechLinearMove
0.485173,0.066064,0.146638,2.584129,0.097247,1.510486,#TechLinearMove
0.485094,0.070825,0.146247,2.582286,0.107806,1.504201,#TechLinearMove
0.485029,0.075583,0.145840,2.580132,0.115778,1.499254,#TechLinearMove
0.485067,0.080316,0.145191,2.578974,0.126084,1.492983,#TechLinearMove
0.485203,0.085022,0.144378,2.578439,0.137908,1.485827,#TechLinearMove
0.485638,0.089713,0.143579,2.577426,0.148581,1.479269,#TechLinearMove
0.485937,0.094380,0.142600,2.576289,0.163220,1.470419,#TechLinearMove
0.486268,0.099025,0.141532,2.571968,0.176555,1.461652,#TechLinearMove
0.486702,0.103644,0.140389,2.568774,0.188222,1.453957,#TechLinearMove
0.487159,0.108249,0.139198,2.566170,0.204442,1.443687,#TechLinearMove
0.487562,0.112868,0.138043,2.564086,0.217045,1.435941,#TechLinearMove
0.490291,0.117051,0.138279,2.569399,0.220597,1.433097,#TechLinearMove
0.493583,0.121137,0.138656,2.564403,0.211574,1.436918,#TechLinearMove
0.497023,0.125099,0.139154,2.563438,0.207039,1.439229,#TechLinearMove
0.500174,0.129316,0.139417,2.558693,0.202491,1.440463,#TechLinearMove
0.503548,0.133318,0.140037,2.556231,0.203276,1.439044,#TechLinearMove
0.506701,0.137505,0.140602,2.552312,0.205293,1.436436,#TechLinearMove
0.509866,0.141646,0.141255,2.547931,0.214935,1.428486,#TechLinearMove
0.509337,0.141901,0.142065,2.547931,0.214935,1.428486,#TechMoveTo
0.562201,0.147655,0.174562,2.515636,0.231806,1.425632,#TechMoveTo
0.562753,0.147386,0.173773,2.515636,0.231806,1.425632,#TechMoveTo
0.563861,0.144448,0.175287,2.515924,0.217265,1.425932,#TechLinearMove
0.565430,0.139985,0.178021,2.517326,0.199378,1.436431,#TechLinearMove
0.566879,0.135509,0.180815,2.519737,0.187021,1.444104,#TechLinearMove
0.568358,0.131126,0.183747,2.520708,0.179697,1.447862,#TechLinearMove
0.569792,0.126704,0.186644,2.521822,0.176559,1.448774,#TechLinearMove
0.571370,0.122345,0.189559,2.519227,0.173322,1.448044,#TechLinearMove
0.571867,0.117666,0.191116,2.523541,0.171949,1.449927,#TechLinearMove
0.572166,0.112993,0.192418,2.525556,0.160161,1.458266,#TechLinearMove
0.572463,0.108266,0.193527,2.528227,0.153514,1.463304,#TechLinearMove
0.572749,0.103515,0.194536,2.531904,0.143765,1.470602,#TechLinearMove
0.573083,0.098771,0.195561,2.535274,0.130648,1.480143,#TechLinearMove
0.573375,0.094014,0.196531,2.539090,0.117992,1.489398,#TechLinearMove
0.573652,0.089245,0.197443,2.543136,0.104471,1.499242,#TechLinearMove
0.574016,0.084496,0.198437,2.545641,0.088382,1.510570,#TechLinearMove
0.574287,0.079746,0.199455,2.547637,0.077647,1.518036,#TechLinearMove
0.574567,0.074992,0.200450,2.549641,0.067143,1.525252,#TechLinearMove
0.574912,0.070235,0.201406,2.552835,0.053287,1.534869,#TechLinearMove
0.575452,0.059646,0.201356,2.567975,0.047546,1.539662,#TechLinearMove
0.575963,0.054814,0.201080,2.582696,0.028553,1.551290,#TechLinearMove
0.576234,0.049953,0.201080,2.593683,0.008572,1.563090,#TechLinearMove
0.576431,0.045086,0.201089,2.601851,-0.000729,1.568367,#TechLinearMove
0.576647,0.040221,0.201039,2.608704,-0.013847,1.575924,#TechLinearMove
0.576881,0.035357,0.200979,2.617272,-0.025470,1.582373,#TechLinearMove
0.577183,0.030497,0.200919,2.625011,-0.035693,1.587935,#TechLinearMove
0.577459,0.025638,0.200763,2.632756,-0.041880,1.591060,#TechLinearMove
0.577684,0.020780,0.200502,2.641494,-0.045973,1.592812,#TechLinearMove
0.577923,0.015925,0.200207,2.650806,-0.050644,1.594758,#TechLinearMove
0.578214,0.011074,0.199885,2.660989,-0.054481,1.596084,#TechLinearMove
0.578605,0.006235,0.199506,2.671998,-0.056558,1.596316,#TechLinearMove
0.579132,0.001408,0.199133,2.682218,-0.059835,1.597207,#TechLinearMove
0.579651,-0.003417,0.198736,2.694314,-0.064211,1.598438,#TechLinearMove
0.580264,-0.008210,0.198126,2.710067,-0.069624,1.599921,#TechLinearMove
0.580781,-0.013026,0.197642,2.726709,-0.083782,1.605439,#TechLinearMove
0.581579,-0.020566,0.197962,2.729648,-0.082411,1.605642,#TechLinearMove
0.581548,-0.025499,0.198245,2.736554,-0.080460,1.605260,#TechLinearMove
0.581568,-0.030436,0.198412,2.740546,-0.075860,1.603908,#TechLinearMove
0.581683,-0.035374,0.198516,2.744822,-0.074374,1.603477,#TechLinearMove
0.581686,-0.040316,0.198507,2.750049,-0.072512,1.602811,#TechLinearMove
0.581711,-0.045256,0.198442,2.753181,-0.071633,1.602727,#TechLinearMove
0.581784,-0.050195,0.198316,2.755824,-0.072774,1.603499,#TechLinearMove
0.581914,-0.055131,0.198108,2.758779,-0.074576,1.604505,#TechLinearMove
0.582096,-0.060060,0.197821,2.761335,-0.078389,1.606355,#TechLinearMove
0.582460,-0.064979,0.197544,2.763520,-0.083007,1.608560,#TechLinearMove
0.582765,-0.069904,0.197295,2.767719,-0.088873,1.611426,#TechLinearMove
0.583077,-0.074830,0.197069,2.769804,-0.092981,1.613900,#TechLinearMove
0.583597,-0.082565,0.196218,2.767688,-0.088797,1.609031,#TechLinearMove
0.584331,-0.087423,0.195677,2.766277,-0.099118,1.613701,#TechLinearMove
0.584896,-0.092306,0.195145,2.765377,-0.106388,1.617023,#TechLinearMove
0.585451,-0.097190,0.194623,2.765516,-0.112079,1.619407,#TechLinearMove
0.586031,-0.102071,0.194090,2.767283,-0.118870,1.621999,#TechLinearMove
0.586600,-0.106953,0.193560,2.768929,-0.127467,1.625252,#TechLinearMove
0.586913,-0.111857,0.193016,2.769148,-0.135216,1.628444,#TechLinearMove
0.587231,-0.116764,0.192510,2.766497,-0.140499,1.631117,#TechLinearMove
0.587547,-0.121674,0.192017,2.765622,-0.145279,1.633301,#TechLinearMove
0.587845,-0.126587,0.191558,2.762628,-0.150239,1.635919,#TechLinearMove
0.588144,-0.131500,0.191094,2.756917,-0.156936,1.639818,#TechLinearMove
0.588401,-0.136417,0.190649,2.746690,-0.161770,1.643996,#TechLinearMove
0.589162,-0.148487,0.189403,2.745225,-0.141206,1.632676,#TechLinearMove
0.589677,-0.153432,0.188596,2.743591,-0.120497,1.622565,#TechLinearMove
0.590431,-0.158372,0.187978,2.747193,-0.100710,1.612260,#TechLinearMove
0.590949,-0.163360,0.187517,2.753159,-0.083157,1.603230,#TechLinearMove
0.591371,-0.168362,0.187112,2.757714,-0.070882,1.597020,#TechLinearMove
0.591748,-0.173374,0.186788,2.761688,-0.058464,1.590890,#TechLinearMove
0.592074,-0.178393,0.186547,2.766922,-0.046640,1.584904,#TechLinearMove
0.592342,-0.183420,0.186409,2.769248,-0.032012,1.578024,#TechLinearMove
0.592544,-0.188452,0.186366,2.768781,-0.014761,1.570288,#TechLinearMove
0.592696,-0.193486,0.186399,2.768492,0.001928,1.562690,#TechLinearMove
0.592845,-0.198520,0.186456,2.767667,0.019481,1.554768,#TechLinearMove
0.593015,-0.203553,0.186449,2.766450,0.036633,1.547159,#TechLinearMove
0.593149,-0.208586,0.186336,2.766236,0.052125,1.540294,#TechLinearMove
0.593148,-0.213618,0.186339,2.764224,0.071637,1.531284,#TechLinearMove
0.593137,-0.218653,0.186417,2.754483,0.099187,1.518182,#TechLinearMove
0.593341,-0.223679,0.186198,2.738815,0.133435,1.501828,#TechLinearMove
0.593834,-0.231300,0.184919,2.752017,0.116111,1.516047,#TechLinearMove
0.594942,-0.236194,0.184177,2.781523,0.126852,1.517703,#TechLinearMove
0.595418,-0.241246,0.183965,2.813257,0.127057,1.521830,#TechLinearMove
0.595754,-0.246307,0.183880,2.831893,0.131580,1.523567,#TechLinearMove
0.595732,-0.251359,0.184331,2.852283,0.137517,1.525467,#TechLinearMove
0.595332,-0.256313,0.185375,2.860823,0.148971,1.523957,#TechLinearMove
0.594678,-0.261167,0.186733,2.860259,0.165400,1.519706,#TechLinearMove
0.593957,-0.265950,0.188291,2.865173,0.180218,1.516991,#TechLinearMove
0.593351,-0.270749,0.189850,2.867280,0.204077,1.511236,#TechLinearMove
0.592770,-0.275585,0.191298,2.860214,0.234779,1.502528,#TechLinearMove
0.592012,-0.280307,0.192998,2.858547,0.267632,1.494114,#TechLinearMove
0.591680,-0.285159,0.194410,2.862155,0.302631,1.486013,#TechLinearMove
0.592092,-0.279935,0.194110,2.895611,0.248567,1.508538,#TechLinearMove
0.592652,-0.275415,0.192117,2.897179,0.205645,1.515276,#TechLinearMove
0.593286,-0.270861,0.190219,2.884227,0.189166,1.515432,#TechLinearMove
0.594002,-0.266326,0.188306,2.878145,0.171706,1.517385,#TechLinearMove
0.594921,-0.261815,0.186425,2.873132,0.155851,1.519257,#TechLinearMove
0.595874,-0.257233,0.184778,2.860694,0.150060,1.517747,#TechLinearMove
0.596238,-0.252417,0.183622,2.834276,0.157282,1.511476,#TechLinearMove
0.596195,-0.247473,0.183061,2.817259,0.151847,1.509160,#TechLinearMove
0.595828,-0.242542,0.182786,2.789478,0.140163,1.505792,#TechLinearMove
0.594262,-0.232071,0.184767,2.771998,0.137184,1.510877,#TechLinearMove
0.593704,-0.227293,0.185515,2.773875,0.103324,1.525647,#TechLinearMove
0.593436,-0.222443,0.185879,2.778827,0.072006,1.539323,#TechLinearMove
0.593187,-0.217592,0.186257,2.782281,0.046711,1.549506,#TechLinearMove
0.593032,-0.212731,0.186530,2.785507,0.026517,1.557527,#TechLinearMove
0.592860,-0.207863,0.186628,2.791312,0.004590,1.566634,#TechLinearMove
0.592810,-0.202992,0.186597,2.794134,-0.016021,1.575289,#TechLinearMove
0.592885,-0.198121,0.186502,2.793124,-0.032934,1.582436,#TechLinearMove
0.592990,-0.193251,0.186386,2.791284,-0.047766,1.588755,#TechLinearMove
0.593031,-0.188380,0.186323,2.788172,-0.060226,1.594309,#TechLinearMove
0.592991,-0.183508,0.186369,2.781729,-0.069785,1.599106,#TechLinearMove
0.592893,-0.178640,0.186541,2.773072,-0.080004,1.604428,#TechLinearMove
0.592706,-0.173782,0.186859,2.764246,-0.090412,1.609954,#TechLinearMove
0.592397,-0.168938,0.187275,2.755216,-0.097002,1.614224,#TechLinearMove
0.591937,-0.164110,0.187741,2.745262,-0.108566,1.620654,#TechLinearMove
0.591499,-0.159297,0.188355,2.734836,-0.123982,1.629373,#TechLinearMove
0.590868,-0.154535,0.189169,2.725429,-0.138859,1.638003,#TechLinearMove
0.590483,-0.146415,0.190419,2.744897,-0.138850,1.631756,#TechLinearMove
0.589706,-0.141367,0.190621,2.752749,-0.137359,1.630436,#TechLinearMove
0.589160,-0.136295,0.190977,2.760893,-0.136889,1.629323,#TechLinearMove
0.588648,-0.131222,0.191359,2.766232,-0.136322,1.628506,#TechLinearMove
0.588152,-0.126146,0.191727,2.770187,-0.133275,1.626991,#TechLinearMove
0.587642,-0.121074,0.192121,2.773351,-0.129562,1.625365,#TechLinearMove
0.587211,-0.116001,0.192589,2.774602,-0.125823,1.624025,#TechLinearMove
0.586880,-0.110926,0.193122,2.774597,-0.121236,1.622550,#TechLinearMove
0.586535,-0.105857,0.193693,2.773012,-0.115035,1.620654,#TechLinearMove
0.586157,-0.100795,0.194308,2.768934,-0.107909,1.618750,#TechLinearMove
0.585781,-0.095733,0.194928,2.767352,-0.100550,1.616535,#TechLinearMove
0.585392,-0.090673,0.195554,2.764954,-0.092846,1.614327,#TechLinearMove
0.584728,-0.082539,0.196645,2.770966,-0.085739,1.607508,#TechLinearMove
0.584421,-0.077347,0.197145,2.768374,-0.086569,1.607234,#TechLinearMove
0.583859,-0.072161,0.197425,2.766371,-0.085447,1.606395,#TechLinearMove
0.583394,-0.066967,0.197748,2.765020,-0.083210,1.605248,#TechLinearMove
0.582959,-0.061767,0.198021,2.763762,-0.081030,1.604106,#TechLinearMove
0.582543,-0.056564,0.198249,2.761605,-0.079214,1.603182,#TechLinearMove
0.582173,-0.051355,0.198404,2.758877,-0.078270,1.602657,#TechLinearMove
0.581860,-0.046140,0.198479,2.756087,-0.080153,1.603266,#TechLinearMove
0.581692,-0.040919,0.198526,2.752496,-0.083092,1.604376,#TechLinearMove
0.581596,-0.035697,0.198649,2.748014,-0.086850,1.605694,#TechLinearMove
0.581621,-0.030473,0.198622,2.742129,-0.095730,1.609052,#TechLinearMove
0.581958,-0.020219,0.198143,2.739898,-0.085257,1.605860,#TechLinearMove
0.581859,-0.015182,0.198310,2.723370,-0.070909,1.600290,#TechLinearMove
0.581277,-0.010203,0.198750,2.708160,-0.060154,1.595989,#TechLinearMove
0.580788,-0.005193,0.199023,2.696975,-0.055142,1.594159,#TechLinearMove
0.580258,-0.000192,0.199378,2.685527,-0.049993,1.592380,#TechLinearMove
0.579710,0.004805,0.199759,2.674905,-0.046796,1.591433,#TechLinearMove
0.579144,0.009799,0.200156,2.663852,-0.044737,1.591092,#TechLinearMove
0.578653,0.014808,0.200448,2.653940,-0.043264,1.590919,#TechLinearMove
0.578273,0.019828,0.200721,2.646197,-0.040726,1.589974,#TechLinearMove
0.577840,0.024847,0.200912,2.639208,-0.035313,1.587327,#TechLinearMove
0.577449,0.029873,0.201012,2.630714,-0.030637,1.585068,#TechLinearMove
0.577337,0.034910,0.201191,2.622455,-0.022495,1.580848,#TechLinearMove
0.577103,0.039945,0.201240,2.614826,-0.012928,1.575580,#TechLinearMove
0.576871,0.044981,0.201288,2.605986,-0.001845,1.569296,#TechLinearMove
0.576809,0.050022,0.201244,2.594498,0.016726,1.558613,#TechLinearMove
0.576314,0.055029,0.201487,2.582259,0.040814,1.544222,#TechLinearMove
0.575474,0.062648,0.201777,2.578056,0.036335,1.547301,#TechLinearMove
0.574858,0.067551,0.200993,2.569396,0.044311,1.541556,#TechLinearMove
0.574309,0.072453,0.200140,2.562684,0.059023,1.531433,#TechLinearMove
0.573937,0.077388,0.199400,2.556206,0.068591,1.524589,#TechLinearMove
0.573661,0.082311,0.198540,2.552410,0.080090,1.516550,#TechLinearMove
0.573302,0.087204,0.197542,2.549450,0.094592,1.506495,#TechLinearMove
0.572991,0.092105,0.196566,2.544635,0.111260,1.494592,#TechLinearMove
0.572705,0.096998,0.195545,2.538872,0.128495,1.482008,#TechLinearMove
0.572480,0.101893,0.194525,2.533590,0.142048,1.471938,#TechLinearMove
0.572311,0.106810,0.193597,2.526642,0.158573,1.459470,#TechLinearMove
0.571931,0.111689,0.192552,2.516530,0.175273,1.445963,#TechLinearMove
0.570895,0.113667,0.191150,2.513147,0.171509,1.447570,#TechLinearMove
0.569866,0.118223,0.189193,2.515345,0.176202,1.446714,#TechLinearMove
0.568958,0.122770,0.187163,2.519025,0.177988,1.447560,#TechLinearMove
0.568358,0.127388,0.185171,2.521674,0.180332,1.447697,#TechLinearMove
0.567201,0.131622,0.182645,2.524110,0.183573,1.447210,#TechLinearMove
0.565956,0.135779,0.180034,2.525386,0.188886,1.445079,#TechLinearMove
0.564740,0.140008,0.177529,2.522607,0.199600,1.438116,#TechLinearMove
0.563861,0.144448,0.175287,2.518539,0.215125,1.428137,#TechLinearMove
0.563308,0.144703,0.176080,2.518539,0.215125,1.428137,#TechMoveTo
0.512282,0.145878,0.143027,2.539599,0.230476,1.416654,#TechMoveTo
0.512812,0.145605,0.142225,2.539599,0.230476,1.416654,#TechMoveTo
0.512812,0.145605,0.142225,2.539599,0.230476,1.416654,#TechStartPoint
0.512507,0.142528,0.142827,2.548188,0.215894,1.428005,#TechLinearMove
0.511909,0.137999,0.143732,2.554820,0.203907,1.440096,#TechLinearMove
0.511806,0.133482,0.144933,2.559305,0.197520,1.446926,#TechLinearMove
0.511510,0.128962,0.146088,2.564832,0.193211,1.452687,#TechLinearMove
0.511712,0.124535,0.147518,2.571736,0.190318,1.458893,#TechLinearMove
0.510720,0.116845,0.148764,2.580256,0.192071,1.455649,#TechLinearMove
0.510648,0.111779,0.149645,2.584348,0.186509,1.459215,#TechLinearMove
0.510424,0.106753,0.150735,2.590468,0.175436,1.466747,#TechLinearMove
0.510063,0.101735,0.151829,2.595016,0.167113,1.472328,#TechLinearMove
0.509675,0.096728,0.152969,2.598891,0.155425,1.479698,#TechLinearMove
0.509273,0.091729,0.154138,2.603280,0.141136,1.488714,#TechLinearMove
0.508868,0.086733,0.155316,2.608989,0.129206,1.496585,#TechLinearMove
0.508397,0.081717,0.156373,2.613730,0.121103,1.501923,#TechLinearMove
0.507761,0.076707,0.157370,2.618516,0.112255,1.507425,#TechLinearMove
0.507332,0.071663,0.158303,2.621874,0.103921,1.512257,#TechLinearMove
0.507421,0.061406,0.158143,2.633663,0.113747,1.508413,#TechLinearMove
0.507532,0.056551,0.157893,2.628651,0.100316,1.515176,#TechLinearMove
0.507430,0.051696,0.158119,2.624292,0.085801,1.522949,#TechLinearMove
0.507329,0.046839,0.158340,2.622311,0.077949,1.527175,#TechLinearMove
0.507349,0.041983,0.158615,2.621260,0.070943,1.530978,#TechLinearMove
0.507358,0.037135,0.158998,2.618435,0.060573,1.536438,#TechLinearMove
0.507314,0.032297,0.159501,2.617695,0.053901,1.540066,#TechLinearMove
0.507226,0.027472,0.160105,2.618934,0.049321,1.542723,#TechLinearMove
0.507104,0.022659,0.160792,2.621184,0.044855,1.545384,#TechLinearMove
0.506970,0.017849,0.161504,2.624554,0.042688,1.546791,#TechLinearMove
0.506860,0.013031,0.162157,2.628554,0.043000,1.546781,#TechLinearMove
0.506811,0.008196,0.162681,2.632612,0.043702,1.546516,#TechLinearMove
0.506825,0.003347,0.163062,2.636057,0.043768,1.546580,#TechLinearMove
0.506841,-0.001508,0.163347,2.638255,0.042195,1.547534,#TechLinearMove
0.506757,-0.006367,0.163535,2.641684,0.039377,1.549230,#TechLinearMove
0.506664,-0.011225,0.163755,2.645906,0.036753,1.550830,#TechLinearMove
0.506636,-0.016088,0.163807,2.647608,0.033989,1.552397,#TechLinearMove
0.506765,-0.023903,0.163520,2.650972,0.028794,1.555331,#TechLinearMove
0.506925,-0.028690,0.163708,2.656825,0.018730,1.560830,#TechLinearMove
0.507139,-0.033476,0.163972,2.663015,0.007942,1.566548,#TechLinearMove
0.507302,-0.038271,0.164119,2.667212,-0.001135,1.571304,#TechLinearMove
0.507466,-0.043066,0.164261,2.672673,-0.006854,1.574252,#TechLinearMove
0.507634,-0.047860,0.164404,2.676339,-0.012569,1.577169,#TechLinearMove
0.507811,-0.052655,0.164527,2.680962,-0.015444,1.578638,#TechLinearMove
0.508018,-0.057450,0.164567,2.682643,-0.020961,1.581447,#TechLinearMove
0.508113,-0.062246,0.164430,2.686760,-0.025452,1.583652,#TechLinearMove
0.508313,-0.067035,0.164191,2.691530,-0.031241,1.586363,#TechLinearMove
0.508488,-0.071826,0.163953,2.697177,-0.037085,1.589133,#TechLinearMove
0.508672,-0.076615,0.163696,2.701718,-0.044241,1.592578,#TechLinearMove
0.509438,-0.084660,0.163002,2.703968,-0.056618,1.597547,#TechLinearMove
0.509655,-0.089583,0.162670,2.711177,-0.070868,1.602870,#TechLinearMove
0.510003,-0.094498,0.162340,2.719554,-0.084605,1.607719,#TechLinearMove
0.510268,-0.099412,0.161927,2.726835,-0.095114,1.611308,#TechLinearMove
0.510495,-0.104326,0.161490,2.732736,-0.104559,1.614466,#TechLinearMove
0.510797,-0.109239,0.161086,2.737277,-0.111216,1.616582,#TechLinearMove
0.511074,-0.114157,0.160719,2.739178,-0.117363,1.618742,#TechLinearMove
0.511375,-0.119071,0.160323,2.743611,-0.122707,1.620209,#TechLinearMove
0.511692,-0.123978,0.159867,2.744889,-0.129891,1.622850,#TechLinearMove
0.511967,-0.128880,0.159329,2.745405,-0.135401,1.624928,#TechLinearMove
0.512342,-0.133781,0.158856,2.745651,-0.142460,1.627584,#TechLinearMove
0.512633,-0.138694,0.158463,2.746324,-0.154071,1.632029,#TechLinearMove
0.513304,-0.148954,0.156933,2.738670,-0.150401,1.633230,#TechLinearMove
0.513605,-0.153895,0.156276,2.736675,-0.137862,1.627402,#TechLinearMove
0.513933,-0.158830,0.155584,2.735212,-0.125278,1.621441,#TechLinearMove
0.514274,-0.163758,0.154856,2.734987,-0.117610,1.617755,#TechLinearMove
0.514615,-0.168688,0.154138,2.735124,-0.109572,1.613913,#TechLinearMove
0.514930,-0.173624,0.153450,2.734976,-0.101778,1.610229,#TechLinearMove
0.515228,-0.178567,0.152805,2.732768,-0.095728,1.607552,#TechLinearMove
0.515511,-0.183513,0.152179,2.727354,-0.088102,1.604542,#TechLinearMove
0.515799,-0.188457,0.151541,2.719949,-0.078266,1.600669,#TechLinearMove
0.516101,-0.193398,0.150882,2.710021,-0.065543,1.595516,#TechLinearMove
0.516439,-0.198336,0.150220,2.696984,-0.050053,1.589076,#TechLinearMove
0.516825,-0.203272,0.149569,2.682791,-0.033943,1.581913,#TechLinearMove
0.517208,-0.208208,0.148921,2.668010,-0.017201,1.573975,#TechLinearMove
0.517582,-0.213148,0.148296,2.653880,-0.002770,1.567192,#TechLinearMove
0.517939,-0.218093,0.147698,2.639950,0.010896,1.560637,#TechLinearMove
0.518365,-0.223025,0.147042,2.617327,0.036844,1.547164,#TechLinearMove
0.518884,-0.227941,0.146335,2.600065,0.061956,1.532812,#TechLinearMove
0.519378,-0.236016,0.145705,2.602957,0.059762,1.534517,#TechLinearMove
0.519292,-0.240789,0.146463,2.596795,0.074801,1.521909,#TechLinearMove
0.518883,-0.245472,0.147633,2.579068,0.093510,1.505496,#TechLinearMove
0.518500,-0.250180,0.148720,2.568829,0.104841,1.495414,#TechLinearMove
0.518051,-0.254846,0.149953,2.561910,0.116072,1.485660,#TechLinearMove
0.517563,-0.259483,0.151278,2.552007,0.129117,1.474421,#TechLinearMove
0.517285,-0.264132,0.152621,2.540711,0.145967,1.459805,#TechLinearMove
0.517022,-0.268798,0.153908,2.531284,0.160082,1.447387,#TechLinearMove
0.516673,-0.273503,0.155017,2.525611,0.174982,1.434934,#TechLinearMove
0.516408,-0.278220,0.156100,2.524843,0.186090,1.426116,#TechLinearMove
0.516320,-0.282981,0.156982,2.523544,0.201258,1.413563,#TechLinearMove
0.516556,-0.287771,0.157680,2.518749,0.221245,1.396333,#TechLinearMove
0.516515,-0.282331,0.156485,2.517357,0.218421,1.406805,#TechLinearMove
0.516319,-0.277251,0.155964,2.533674,0.190076,1.431971,#TechLinearMove
0.516418,-0.272234,0.154988,2.532097,0.175469,1.442352,#TechLinearMove
0.516725,-0.267266,0.153829,2.535027,0.158078,1.455681,#TechLinearMove
0.517216,-0.262377,0.152425,2.546854,0.138593,1.471784,#TechLinearMove
0.517806,-0.257562,0.150812,2.559629,0.121880,1.485760,#TechLinearMove
0.518411,-0.252772,0.149130,2.569299,0.107234,1.497373,#TechLinearMove
0.519007,-0.247961,0.147505,2.583325,0.087646,1.512589,#TechLinearMove
0.519325,-0.243149,0.145837,2.615365,0.059228,1.535725,#TechLinearMove
0.519254,-0.233023,0.145893,2.614232,0.045099,1.544053,#TechLinearMove
0.518717,-0.227957,0.146519,2.626576,0.025448,1.554639,#TechLinearMove
0.518257,-0.222890,0.147201,2.638152,0.004628,1.565412,#TechLinearMove
0.517914,-0.217797,0.147741,2.648486,-0.009714,1.572509,#TechLinearMove
0.517543,-0.212714,0.148348,2.658135,-0.021923,1.578213,#TechLinearMove
0.517155,-0.207636,0.148996,2.672408,-0.037602,1.585401,#TechLinearMove
0.516753,-0.202562,0.149659,2.683707,-0.051021,1.591136,#TechLinearMove
0.516350,-0.197487,0.150316,2.696934,-0.066427,1.597657,#TechLinearMove
0.516024,-0.192410,0.150995,2.706539,-0.077084,1.601814,#TechLinearMove
0.515709,-0.187331,0.151669,2.716985,-0.088974,1.606332,#TechLinearMove
0.515414,-0.182248,0.152318,2.728077,-0.098098,1.609327,#TechLinearMove
0.515126,-0.177163,0.152961,2.736218,-0.105361,1.611620,#TechLinearMove
0.514804,-0.172086,0.153645,2.740828,-0.112566,1.614279,#TechLinearMove
0.514475,-0.167016,0.154372,2.743621,-0.120823,1.617605,#TechLinearMove
0.514130,-0.161947,0.155106,2.747793,-0.132856,1.622504,#TechLinearMove
0.513820,-0.156871,0.155799,2.751837,-0.146331,1.627958,#TechLinearMove
0.513305,-0.148940,0.156905,2.737130,-0.151910,1.634170,#TechLinearMove
0.512973,-0.143844,0.157661,2.735309,-0.139572,1.629455,#TechLinearMove
0.512716,-0.138720,0.158234,2.734150,-0.133594,1.627240,#TechLinearMove
0.512389,-0.133601,0.158830,2.734112,-0.131104,1.626286,#TechLinearMove
0.512004,-0.128483,0.159389,2.731482,-0.125971,1.624627,#TechLinearMove
0.511636,-0.123359,0.159903,2.730833,-0.118291,1.621568,#TechLinearMove
0.511299,-0.118226,0.160358,2.732292,-0.112314,1.618923,#TechLinearMove
0.510985,-0.113089,0.160768,2.731335,-0.108082,1.617370,#TechLinearMove
0.510679,-0.107951,0.161173,2.729179,-0.102865,1.615546,#TechLinearMove
0.510359,-0.102815,0.161596,2.727038,-0.095261,1.612691,#TechLinearMove
0.510095,-0.097677,0.162036,2.723999,-0.084542,1.608658,#TechLinearMove
0.509953,-0.092528,0.162380,2.720039,-0.074675,1.605080,#TechLinearMove
0.509438,-0.084660,0.163002,2.720309,-0.079426,1.606535,#TechLinearMove
0.509027,-0.079657,0.163417,2.710078,-0.058922,1.597666,#TechLinearMove
0.508745,-0.074638,0.163752,2.702732,-0.048432,1.593193,#TechLinearMove
0.508367,-0.069623,0.164038,2.696504,-0.038535,1.588882,#TechLinearMove
0.507902,-0.064610,0.164227,2.690878,-0.029437,1.584711,#TechLinearMove
0.507535,-0.059588,0.164331,2.685716,-0.023142,1.581790,#TechLinearMove
0.507283,-0.054556,0.164327,2.681678,-0.019689,1.580187,#TechLinearMove
0.507076,-0.049524,0.164222,2.676917,-0.017372,1.579140,#TechLinearMove
0.506892,-0.044491,0.164071,2.671626,-0.012249,1.576653,#TechLinearMove
0.506601,-0.039467,0.163881,2.664608,-0.002651,1.571903,#TechLinearMove
0.506706,-0.034436,0.163647,2.657936,0.004293,1.568423,#TechLinearMove
0.506749,-0.024130,0.163554,2.649420,0.015498,1.562286,#TechLinearMove
0.506670,-0.019284,0.163714,2.647992,0.022485,1.558525,#TechLinearMove
0.506582,-0.014439,0.163608,2.647703,0.030490,1.554248,#TechLinearMove
0.506447,-0.009595,0.163427,2.645319,0.034741,1.551881,#TechLinearMove
0.506354,-0.004750,0.163225,2.642056,0.038942,1.549493,#TechLinearMove
0.506282,0.000092,0.162973,2.638693,0.042674,1.547327,#TechLinearMove
0.506245,0.004931,0.162646,2.636051,0.044227,1.546399,#TechLinearMove
0.506257,0.009762,0.162220,2.633323,0.044237,1.546348,#TechLinearMove
0.506333,0.014576,0.161651,2.630156,0.045631,1.545472,#TechLinearMove
0.506462,0.019376,0.160965,2.626816,0.048189,1.543911,#TechLinearMove
0.506604,0.024170,0.160252,2.623215,0.050467,1.542485,#TechLinearMove
0.506770,0.028971,0.159590,2.620178,0.054141,1.540255,#TechLinearMove
0.506998,0.033788,0.159078,2.619875,0.059891,1.537055,#TechLinearMove
0.507184,0.038617,0.158674,2.620336,0.069959,1.531500,#TechLinearMove
0.507321,0.043455,0.158369,2.620522,0.078508,1.526684,#TechLinearMove
0.507570,0.048266,0.157816,2.620003,0.090474,1.519953,#TechLinearMove
0.507681,0.053105,0.157567,2.622317,0.105813,1.511557,#TechLinearMove
0.507404,0.061038,0.158181,2.627087,0.106410,1.511413,#TechLinearMove
0.507440,0.065933,0.158074,2.621880,0.111310,1.508815,#TechLinearMove
0.507636,0.070809,0.157644,2.618423,0.117091,1.505801,#TechLinearMove
0.507779,0.075680,0.157173,2.615879,0.123362,1.502328,#TechLinearMove
0.507911,0.080509,0.156363,2.612874,0.131719,1.497536,#TechLinearMove
0.508156,0.085291,0.155323,2.608869,0.139994,1.492506,#TechLinearMove
0.508541,0.090045,0.154204,2.602177,0.149484,1.486163,#TechLinearMove
0.508926,0.094803,0.153099,2.599028,0.159179,1.480356,#TechLinearMove
0.509298,0.099567,0.152015,2.593847,0.170569,1.473120,#TechLinearMove
0.509653,0.104338,0.150957,2.588591,0.179938,1.466978,#TechLinearMove
0.509947,0.109098,0.149844,2.581492,0.192809,1.458561,#TechLinearMove
0.510510,0.113921,0.149201,2.574233,0.204131,1.451090,#TechLinearMove
0.510632,0.115925,0.148965,2.579286,0.204222,1.448053,#TechLinearMove
0.511205,0.121296,0.148002,2.572999,0.198945,1.448598,#TechLinearMove
0.511598,0.126622,0.146802,2.567120,0.193862,1.449517,#TechLinearMove
0.511778,0.131915,0.145370,2.559311,0.195543,1.445690,#TechLinearMove
0.511977,0.137215,0.143964,2.552877,0.204403,1.437644,#TechLinearMove
0.512507,0.142528,0.142827,2.547227,0.217036,1.426984,#TechLinearMove
0.511978,0.142785,0.143636,2.547227,0.217036,1.426984,#TechMoveTo
0.562201,0.147655,0.174562,2.515636,0.231806,1.425632,#TechMoveTo
0.562753,0.147386,0.173773,2.515636,0.231806,1.425632,#TechMoveTo
0.563173,0.144436,0.174830,2.511771,0.219686,1.423029,#TechLinearMove
0.562424,0.139239,0.176152,2.520413,0.195617,1.438936,#TechLinearMove
0.561700,0.134041,0.177477,2.526200,0.178371,1.450286,#TechLinearMove
0.561025,0.128819,0.178734,2.530377,0.167820,1.456470,#TechLinearMove
0.560424,0.123571,0.179921,2.534715,0.160894,1.459131,#TechLinearMove
0.559931,0.118333,0.180718,2.531169,0.165714,1.455501,#TechLinearMove
0.559443,0.113529,0.181608,2.532613,0.159093,1.460357,#TechLinearMove
0.559021,0.108684,0.182295,2.533389,0.153979,1.464035,#TechLinearMove
0.558560,0.103832,0.182907,2.535498,0.147164,1.469159,#TechLinearMove
0.558043,0.098988,0.183528,2.537365,0.135541,1.477451,#TechLinearMove
0.557523,0.094144,0.184153,2.539730,0.121017,1.487780,#TechLinearMove
0.556969,0.089313,0.184842,2.543114,0.104598,1.499472,#TechLinearMove
0.556362,0.084508,0.185654,2.547323,0.089105,1.510529,#TechLinearMove
0.555751,0.079723,0.186580,2.552259,0.077820,1.518764,#TechLinearMove
0.555204,0.074942,0.187560,2.557761,0.069584,1.524995,#TechLinearMove
0.554640,0.070171,0.188581,2.564860,0.059451,1.532535,#TechLinearMove
0.554923,0.060068,0.188383,2.561802,0.055745,1.534610,#TechLinearMove
0.555464,0.055102,0.188027,2.573669,0.043535,1.542273,#TechLinearMove
0.555819,0.050102,0.188268,2.588463,0.025173,1.553383,#TechLinearMove
0.556049,0.045088,0.188408,2.598296,0.012220,1.561011,#TechLinearMove
0.556300,0.040074,0.188503,2.607902,0.001297,1.567185,#TechLinearMove
0.556535,0.035059,0.188618,2.618086,-0.006967,1.571816,#TechLinearMove
0.556647,0.030042,0.188788,2.626238,-0.016097,1.576915,#TechLinearMove
0.556832,0.025030,0.189025,2.636579,-0.020893,1.579294,#TechLinearMove
0.557026,0.020016,0.189216,2.646694,-0.025708,1.581689,#TechLinearMove
0.557055,0.014996,0.189177,2.654667,-0.028486,1.582920,#TechLinearMove
0.557164,0.009979,0.188986,2.661419,-0.029032,1.582854,#TechLinearMove
0.557362,0.004975,0.188630,2.668049,-0.030337,1.583229,#TechLinearMove
0.557593,-0.000025,0.188230,2.675362,-0.032746,1.584046,#TechLinearMove
0.557979,-0.005021,0.187905,2.681657,-0.034133,1.584443,#TechLinearMove
0.558341,-0.010001,0.187372,2.692200,-0.041288,1.587517,#TechLinearMove
0.558705,-0.014986,0.186901,2.702323,-0.051366,1.591900,#TechLinearMove
0.558929,-0.022624,0.186670,2.701950,-0.044635,1.590257,#TechLinearMove
0.559198,-0.027520,0.186958,2.706025,-0.051670,1.593727,#TechLinearMove
0.559334,-0.032425,0.187175,2.709504,-0.053347,1.594700,#TechLinearMove
0.559512,-0.037333,0.187299,2.711885,-0.055897,1.595965,#TechLinearMove
0.559705,-0.042241,0.187398,2.714521,-0.057244,1.596653,#TechLinearMove
0.559884,-0.047150,0.187460,2.715939,-0.059322,1.597725,#TechLinearMove
0.559917,-0.052062,0.187398,2.719986,-0.065759,1.600550,#TechLinearMove
0.559990,-0.056972,0.187265,2.722748,-0.070084,1.602466,#TechLinearMove
0.560098,-0.061880,0.187075,2.725219,-0.076309,1.605258,#TechLinearMove
0.560388,-0.066780,0.186896,2.726221,-0.083261,1.608483,#TechLinearMove
0.560622,-0.071683,0.186705,2.729521,-0.092386,1.612617,#TechLinearMove
0.560852,-0.076588,0.186536,2.734230,-0.104223,1.617776,#TechLinearMove
0.561261,-0.084522,0.185859,2.732985,-0.107065,1.618071,#TechLinearMove
0.562027,-0.089213,0.185237,2.726850,-0.107955,1.619403,#TechLinearMove
0.562663,-0.093914,0.184551,2.722572,-0.113082,1.622346,#TechLinearMove
0.563252,-0.098630,0.183927,2.720177,-0.118677,1.625207,#TechLinearMove
0.563878,-0.103333,0.183243,2.715394,-0.123160,1.627978,#TechLinearMove
0.564517,-0.108030,0.182529,2.711656,-0.126843,1.630248,#TechLinearMove
0.564938,-0.112746,0.181780,2.707772,-0.132008,1.633231,#TechLinearMove
0.565324,-0.117475,0.181102,2.703488,-0.137703,1.636587,#TechLinearMove
0.565917,-0.122204,0.180600,2.697393,-0.144859,1.640983,#TechLinearMove
0.566550,-0.126933,0.180138,2.692386,-0.150669,1.644610,#TechLinearMove
0.567132,-0.131665,0.179640,2.684494,-0.154382,1.647859,#TechLinearMove
0.567768,-0.136403,0.179286,2.676945,-0.159981,1.651990,#TechLinearMove
0.569316,-0.146043,0.178063,2.675078,-0.151831,1.647596,#TechLinearMove
0.569945,-0.150911,0.177243,2.680019,-0.134459,1.638868,#TechLinearMove
0.570511,-0.155783,0.176396,2.681519,-0.112820,1.628620,#TechLinearMove
0.571152,-0.160670,0.175715,2.682609,-0.094919,1.619947,#TechLinearMove
0.571547,-0.165561,0.174903,2.683913,-0.080014,1.612773,#TechLinearMove
0.571906,-0.170463,0.174132,2.685109,-0.066573,1.606370,#TechLinearMove
0.572250,-0.175391,0.173534,2.687638,-0.053161,1.599921,#TechLinearMove
0.572498,-0.180343,0.173113,2.690496,-0.039570,1.593446,#TechLinearMove
0.572616,-0.185312,0.172900,2.693812,-0.026616,1.587354,#TechLinearMove
0.572489,-0.190277,0.173033,2.699294,-0.014632,1.581693,#TechLinearMove
0.572139,-0.195211,0.173556,2.706762,-0.003987,1.576664,#TechLinearMove
0.571710,-0.200112,0.174311,2.713919,0.006639,1.571757,#TechLinearMove
0.571236,-0.204998,0.175131,2.719107,0.018949,1.566338,#TechLinearMove
0.570800,-0.209878,0.176000,2.724884,0.031905,1.560777,#TechLinearMove
0.570418,-0.214744,0.176960,2.728865,0.048958,1.553329,#TechLinearMove
0.569662,-0.219496,0.178222,2.736465,0.067568,1.545494,#TechLinearMove
0.568807,-0.224186,0.179651,2.739353,0.090698,1.535730,#TechLinearMove
0.568966,-0.231695,0.179653,2.729752,0.109202,1.525135,#TechLinearMove
0.569612,-0.236334,0.178451,2.733984,0.125232,1.507360,#TechLinearMove
0.570199,-0.241039,0.177515,2.737664,0.138081,1.492528,#TechLinearMove
0.570742,-0.245785,0.176766,2.743929,0.146632,1.483955,#TechLinearMove
0.571176,-0.250555,0.176124,2.752781,0.150546,1.477950,#TechLinearMove
0.571725,-0.255346,0.175807,2.765163,0.148637,1.474617,#TechLinearMove
0.571898,-0.260175,0.175786,2.777796,0.140799,1.473753,#TechLinearMove
0.571939,-0.264974,0.176364,2.792005,0.137145,1.471838,#TechLinearMove
0.571735,-0.269676,0.177479,2.799408,0.143430,1.464884,#TechLinearMove
0.571160,-0.274192,0.179108,2.815930,0.145315,1.462335,#TechLinearMove
0.570301,-0.278556,0.180999,2.823776,0.152274,1.455906,#TechLinearMove
0.569595,-0.282933,0.182899,2.831709,0.162218,1.444271,#TechLinearMove
0.568622,-0.287091,0.185143,2.830916,0.187003,1.425997,#TechLinearMove
0.570599,-0.281883,0.181791,2.827795,0.199914,1.463484,#TechLinearMove
0.571270,-0.277424,0.179943,2.813204,0.187069,1.472647,#TechLinearMove
0.571840,-0.272876,0.178231,2.798401,0.178802,1.477314,#TechLinearMove
0.572222,-0.268203,0.176848,2.781364,0.178908,1.477347,#TechLinearMove
0.572251,-0.263416,0.175860,2.759941,0.182650,1.475189,#TechLinearMove
0.571985,-0.258562,0.175339,2.739920,0.185702,1.473956,#TechLinearMove
0.571610,-0.253687,0.175360,2.728973,0.187427,1.475349,#TechLinearMove
0.571247,-0.248837,0.175899,2.728012,0.183823,1.481011,#TechLinearMove
0.570535,-0.244071,0.176778,2.725316,0.176334,1.488801,#TechLinearMove
0.569935,-0.239359,0.177963,2.727980,0.157792,1.506459,#TechLinearMove
0.568932,-0.229114,0.179710,2.733001,0.118589,1.520904,#TechLinearMove
0.569464,-0.224213,0.178790,2.731544,0.085222,1.535690,#TechLinearMove
0.570168,-0.219396,0.177559,2.727980,0.058811,1.547347,#TechLinearMove
0.570605,-0.214457,0.176793,2.723032,0.038334,1.556416,#TechLinearMove
0.571023,-0.209508,0.176054,2.719171,0.022357,1.563680,#TechLinearMove
0.571476,-0.204570,0.175255,2.712771,0.011885,1.568373,#TechLinearMove
0.571926,-0.199633,0.174457,2.706990,-0.000066,1.573848,#TechLinearMove
0.572335,-0.194682,0.173724,2.702036,-0.012477,1.579690,#TechLinearMove
0.572612,-0.189697,0.173220,2.697120,-0.023801,1.585129,#TechLinearMove
0.572682,-0.184682,0.173095,2.692480,-0.035215,1.590714,#TechLinearMove
0.572571,-0.179668,0.173298,2.687248,-0.046329,1.596318,#TechLinearMove
0.572321,-0.174673,0.173735,2.683056,-0.058309,1.602309,#TechLinearMove
0.571967,-0.169704,0.174368,2.682662,-0.073095,1.609362,#TechLinearMove
0.571566,-0.164748,0.175079,2.682634,-0.092558,1.618758,#TechLinearMove
0.571161,-0.159795,0.175796,2.681924,-0.123074,1.633589,#TechLinearMove
0.570660,-0.154884,0.176718,2.676535,-0.144155,1.644298,#TechLinearMove
0.569919,-0.147701,0.178002,2.685583,-0.152706,1.645931,#TechLinearMove
0.569455,-0.142677,0.178822,2.687709,-0.152010,1.645462,#TechLinearMove
0.568604,-0.137659,0.179272,2.691900,-0.152715,1.645191,#TechLinearMove
0.567882,-0.132632,0.179853,2.694936,-0.152274,1.644551,#TechLinearMove
0.567177,-0.127598,0.180393,2.697118,-0.148607,1.642583,#TechLinearMove
0.566492,-0.122556,0.180884,2.700326,-0.143591,1.639812,#TechLinearMove
0.565801,-0.117516,0.181388,2.704668,-0.137273,1.636206,#TechLinearMove
0.565082,-0.112484,0.181931,2.708713,-0.131275,1.632852,#TechLinearMove
0.564468,-0.107461,0.182633,2.712117,-0.126611,1.630283,#TechLinearMove
0.563989,-0.102444,0.183485,2.715318,-0.120355,1.627050,#TechLinearMove
0.563509,-0.097424,0.184326,2.719110,-0.114130,1.623812,#TechLinearMove
0.562985,-0.092422,0.185242,2.722400,-0.109132,1.621257,#TechLinearMove
0.562348,-0.084516,0.186414,2.724124,-0.103810,1.617689,#TechLinearMove
0.561883,-0.079371,0.186674,2.726286,-0.097653,1.614170,#TechLinearMove
0.561427,-0.074216,0.186858,2.727989,-0.091258,1.610813,#TechLinearMove
0.561027,-0.069056,0.187085,2.728879,-0.084056,1.607308,#TechLinearMove
0.560656,-0.063893,0.187260,2.728130,-0.075549,1.603339,#TechLinearMove
0.560310,-0.058726,0.187386,2.727089,-0.067887,1.599764,#TechLinearMove
0.560017,-0.053555,0.187429,2.725166,-0.063095,1.597528,#TechLinearMove
0.559878,-0.048379,0.187453,2.722369,-0.059567,1.595904,#TechLinearMove
0.559859,-0.043199,0.187489,2.719330,-0.056522,1.594495,#TechLinearMove
0.559820,-0.038020,0.187557,2.714479,-0.054335,1.593375,#TechLinearMove
0.559898,-0.032844,0.187428,2.712441,-0.058552,1.594877,#TechLinearMove
0.559964,-0.022439,0.187307,2.709575,-0.051262,1.593045,#TechLinearMove
0.559600,-0.017295,0.187465,2.696900,-0.036364,1.586233,#TechLinearMove
0.559060,-0.012170,0.187824,2.686961,-0.026027,1.581410,#TechLinearMove
0.558691,-0.007025,0.188109,2.679858,-0.023311,1.580215,#TechLinearMove
0.558323,-0.001881,0.188407,2.673065,-0.021730,1.579595,#TechLinearMove
0.557928,0.003260,0.188737,2.667011,-0.020061,1.578887,#TechLinearMove
0.557569,0.008406,0.189013,2.658207,-0.017444,1.577829,#TechLinearMove
0.557292,0.013563,0.189140,2.652027,-0.014345,1.576353,#TechLinearMove
0.557086,0.018725,0.189137,2.646089,-0.010768,1.574550,#TechLinearMove
0.557072,0.023890,0.189136,2.638738,-0.010049,1.574262,#TechLinearMove
0.557106,0.029056,0.189079,2.629944,-0.006630,1.572419,#TechLinearMove
0.557007,0.034218,0.188915,2.619457,-0.001079,1.569253,#TechLinearMove
0.556997,0.039384,0.188910,2.610876,0.008901,1.563439,#TechLinearMove
0.556754,0.044543,0.188820,2.601961,0.021053,1.556368,#TechLinearMove
0.556773,0.049700,0.188519,2.588116,0.037864,1.546420,#TechLinearMove
0.556450,0.054849,0.188641,2.568464,0.054855,1.535626,#TechLinearMove
0.556167,0.062259,0.189569,2.561112,0.051267,1.537384,#TechLinearMove
0.555961,0.067348,0.188747,2.557969,0.059466,1.531511,#TechLinearMove
0.556042,0.072437,0.187894,2.555283,0.071025,1.523404,#TechLinearMove
0.556129,0.077542,0.187132,2.553616,0.082822,1.515254,#TechLinearMove
0.556373,0.082612,0.186188,2.552304,0.094503,1.507274,#TechLinearMove
0.556778,0.087669,0.185241,2.549935,0.107596,1.498175,#TechLinearMove
0.557347,0.092738,0.184434,2.546824,0.121497,1.488364,#TechLinearMove
0.557906,0.097812,0.183658,2.544031,0.134710,1.478927,#TechLinearMove
0.558446,0.102895,0.182925,2.540986,0.146521,1.470300,#TechLinearMove
0.558968,0.107996,0.182319,2.538802,0.160120,1.460632,#TechLinearMove
0.559340,0.113106,0.181679,2.532949,0.168456,1.453568,#TechLinearMove
0.559752,0.116309,0.181033,2.531689,0.171530,1.451624,#TechLinearMove
0.560188,0.121063,0.180253,2.525493,0.174367,1.450524,#TechLinearMove
0.560658,0.125793,0.179355,2.524602,0.176997,1.449945,#TechLinearMove
0.561216,0.130492,0.178347,2.525737,0.180165,1.449483,#TechLinearMove
0.561836,0.135150,0.177196,2.528638,0.190230,1.444672,#TechLinearMove
0.562494,0.139794,0.176011,2.524389,0.202314,1.436494,#TechLinearMove
0.563173,0.144436,0.174830,2.517207,0.220870,1.423850,#TechLinearMove
0.562620,0.144697,0.175621,2.517207,0.220870,1.423850,#TechMoveTo
0.512282,0.145878,0.143027,2.539599,0.230476,1.416654,#TechMoveTo
0.512812,0.145605,0.142225,2.539599,0.230476,1.416654,#TechMoveTo
0.510533,0.143556,0.141146,2.545466,0.219582,1.424799,#TechLinearMove
0.507338,0.140017,0.140031,2.553773,0.208008,1.435407,#TechLinearMove
0.503981,0.136648,0.138851,2.555416,0.201593,1.440532,#TechLinearMove
0.500663,0.133153,0.137958,2.561066,0.199434,1.444090,#TechLinearMove
0.497104,0.129913,0.137023,2.560050,0.205081,1.440883,#TechLinearMove
0.493779,0.126363,0.136457,2.560554,0.212966,1.436568,#TechLinearMove
0.490426,0.122831,0.135903,2.560583,0.217415,1.434597,#TechLinearMove
0.489678,0.117730,0.137607,2.568249,0.215323,1.435944,#TechLinearMove
0.489021,0.112925,0.138793,2.571211,0.205855,1.442170,#TechLinearMove
0.488587,0.108116,0.140078,2.569746,0.197439,1.446733,#TechLinearMove
0.488196,0.103312,0.141393,2.571230,0.186075,1.453840,#TechLinearMove
0.487768,0.098486,0.142613,2.574086,0.173919,1.461789,#TechLinearMove
0.487383,0.093631,0.143722,2.576591,0.161247,1.469949,#TechLinearMove
0.487048,0.088753,0.144752,2.578166,0.147965,1.478224,#TechLinearMove
0.486651,0.083858,0.145667,2.580245,0.135848,1.485858,#TechLinearMove
0.486248,0.078931,0.146378,2.584545,0.126263,1.492427,#TechLinearMove
0.485917,0.073968,0.146848,2.581223,0.117802,1.496884,#TechLinearMove
0.485727,0.069004,0.147386,2.580514,0.107027,1.503039,#TechLinearMove
0.485862,0.058978,0.147078,2.579860,0.092782,1.512267,#TechLinearMove
0.485795,0.053964,0.147209,2.580339,0.083855,1.518230,#TechLinearMove
0.485688,0.048956,0.147486,2.581549,0.079343,1.521512,#TechLinearMove
0.485644,0.043941,0.147596,2.579823,0.074695,1.524402,#TechLinearMove
0.485724,0.038929,0.147803,2.580630,0.070318,1.527417,#TechLinearMove
0.485797,0.033920,0.148083,2.580108,0.066072,1.530225,#TechLinearMove
0.485839,0.028915,0.148436,2.581218,0.063879,1.531883,#TechLinearMove
0.485866,0.023914,0.148829,2.580419,0.062105,1.533121,#TechLinearMove
0.485902,0.018914,0.149245,2.579961,0.060592,1.534220,#TechLinearMove
0.485949,0.013911,0.149622,2.578050,0.059914,1.534700,#TechLinearMove
0.486022,0.008905,0.149937,2.575716,0.058590,1.535562,#TechLinearMove
0.486099,0.003895,0.150193,2.574281,0.055840,1.537369,#TechLinearMove
0.486185,-0.001114,0.150473,2.572382,0.051678,1.540083,#TechLinearMove
0.486097,-0.006125,0.150701,2.570973,0.050862,1.540695,#TechLinearMove
0.486003,-0.011134,0.150978,2.567799,0.046647,1.543525,#TechLinearMove
0.485930,-0.016148,0.151122,2.565013,0.044639,1.545014,#TechLinearMove
0.485871,-0.023701,0.151279,2.561205,0.042855,1.544322,#TechLinearMove
0.485642,-0.028645,0.151860,2.563774,0.028810,1.552504,#TechLinearMove
0.485480,-0.033608,0.152294,2.563412,0.019813,1.557519,#TechLinearMove
0.485332,-0.038577,0.152646,2.562030,0.012040,1.562026,#TechLinearMove
0.485210,-0.043550,0.152953,2.562200,0.004500,1.566435,#TechLinearMove
0.485194,-0.048524,0.153263,2.561559,-0.002753,1.570653,#TechLinearMove
0.485317,-0.053498,0.153546,2.558134,-0.010216,1.574994,#TechLinearMove
0.485499,-0.058476,0.153698,2.555773,-0.017853,1.579484,#TechLinearMove
0.485719,-0.063455,0.153734,2.554177,-0.026373,1.584643,#TechLinearMove
0.485979,-0.068432,0.153701,2.552166,-0.035389,1.590181,#TechLinearMove
0.486296,-0.073405,0.153722,2.551474,-0.044408,1.595439,#TechLinearMove
0.486640,-0.078369,0.153634,2.549310,-0.060657,1.605247,#TechLinearMove
0.487209,-0.086410,0.153233,2.551821,-0.063980,1.610406,#TechLinearMove
0.487295,-0.091175,0.153026,2.547682,-0.073884,1.617528,#TechLinearMove
0.487526,-0.095929,0.152670,2.544420,-0.079402,1.621627,#TechLinearMove
0.487787,-0.100681,0.152304,2.541176,-0.083452,1.624739,#TechLinearMove
0.488074,-0.105429,0.151899,2.539216,-0.089454,1.629010,#TechLinearMove
0.488363,-0.110174,0.151464,2.542412,-0.094239,1.631866,#TechLinearMove
0.488687,-0.114910,0.150968,2.545666,-0.099622,1.635046,#TechLinearMove
0.489021,-0.119644,0.150452,2.549175,-0.104547,1.637772,#TechLinearMove
0.489427,-0.124375,0.149972,2.552777,-0.110539,1.641168,#TechLinearMove
0.489761,-0.129117,0.149533,2.555465,-0.116457,1.644663,#TechLinearMove
0.490119,-0.133854,0.149071,2.557737,-0.124313,1.649475,#TechLinearMove
0.490398,-0.138604,0.148712,2.560030,-0.135259,1.656205,#TechLinearMove
0.490811,-0.149296,0.147767,2.567617,-0.125354,1.649946,#TechLinearMove
0.491148,-0.154205,0.146963,2.558818,-0.118068,1.645397,#TechLinearMove
0.491466,-0.159121,0.146199,2.551687,-0.114189,1.642680,#TechLinearMove
0.491719,-0.164063,0.145591,2.545841,-0.112024,1.641544,#TechLinearMove
0.491984,-0.169003,0.144967,2.537101,-0.108813,1.640286,#TechLinearMove
0.492261,-0.173936,0.144301,2.529700,-0.106465,1.639301,#TechLinearMove
0.492630,-0.178865,0.143648,2.522892,-0.104516,1.638438,#TechLinearMove
0.493019,-0.183791,0.142979,2.516087,-0.102948,1.637793,#TechLinearMove
0.493453,-0.188711,0.142303,2.510313,-0.099852,1.635899,#TechLinearMove
0.493930,-0.193629,0.141634,2.504181,-0.096121,1.633590,#TechLinearMove
0.494415,-0.198540,0.140929,2.498108,-0.091562,1.630681,#TechLinearMove
0.494915,-0.203439,0.140145,2.491825,-0.084733,1.626080,#TechLinearMove
0.495453,-0.208320,0.139282,2.485338,-0.075159,1.619333,#TechLinearMove
0.496018,-0.213185,0.138352,2.480395,-0.063443,1.610542,#TechLinearMove
0.496618,-0.218042,0.137397,2.472043,-0.051874,1.601755,#TechLinearMove
0.497267,-0.222872,0.136350,2.463257,-0.038186,1.591039,#TechLinearMove
0.497816,-0.227713,0.135293,2.452898,-0.023335,1.579252,#TechLinearMove
0.498116,-0.235574,0.133420,2.444325,0.003399,1.562159,#TechLinearMove
0.497974,-0.240691,0.132670,2.440080,0.016089,1.555834,#TechLinearMove
0.497393,-0.245824,0.132337,2.438124,0.029015,1.548104,#TechLinearMove
0.496649,-0.250940,0.132296,2.436433,0.038758,1.542001,#TechLinearMove
0.495670,-0.256008,0.132637,2.436725,0.052374,1.532946,#TechLinearMove
0.494562,-0.260993,0.133445,2.438587,0.067457,1.522922,#TechLinearMove
0.493378,-0.265916,0.134518,2.437433,0.084231,1.510825,#TechLinearMove
0.492192,-0.270844,0.135567,2.427735,0.105133,1.493458,#TechLinearMove
0.491164,-0.275826,0.136511,2.413421,0.127260,1.473764,#TechLinearMove
0.490296,-0.280875,0.137238,2.396066,0.146966,1.455020,#TechLinearMove
0.489479,-0.285932,0.137968,2.376215,0.171917,1.431807,#TechLinearMove
0.489017,-0.291062,0.138161,2.342039,0.192101,1.408238,#TechLinearMove
0.489343,-0.285693,0.138918,2.350814,0.217053,1.372259,#TechLinearMove
0.490352,-0.280894,0.138394,2.381788,0.183319,1.408630,#TechLinearMove
0.491207,-0.276082,0.137700,2.400856,0.153189,1.438391,#TechLinearMove
0.492465,-0.271418,0.136708,2.413663,0.127416,1.461985,#TechLinearMove
0.493892,-0.266872,0.135417,2.424384,0.095789,1.489323,#TechLinearMove
0.495200,-0.262288,0.134140,2.427945,0.068132,1.511621,#TechLinearMove
0.496304,-0.257584,0.133129,2.424546,0.051979,1.522992,#TechLinearMove
0.497260,-0.252787,0.132494,2.420636,0.042255,1.529216,#TechLinearMove
0.498053,-0.247918,0.132305,2.417656,0.029545,1.538020,#TechLinearMove
0.498465,-0.243011,0.132396,2.412310,0.023230,1.540036,#TechLinearMove
0.498228,-0.232929,0.134250,2.428690,0.015096,1.551969,#TechLinearMove
0.497819,-0.228220,0.135312,2.447301,-0.005358,1.568211,#TechLinearMove
0.497261,-0.223515,0.136316,2.463027,-0.023402,1.581831,#TechLinearMove
0.496690,-0.218798,0.137256,2.472870,-0.038773,1.593540,#TechLinearMove
0.496119,-0.214078,0.138185,2.483003,-0.053031,1.604008,#TechLinearMove
0.495548,-0.209357,0.139107,2.490416,-0.067200,1.614335,#TechLinearMove
0.494996,-0.204626,0.139986,2.495533,-0.078681,1.622618,#TechLinearMove
0.494488,-0.199875,0.140783,2.500600,-0.087253,1.628542,#TechLinearMove
0.494007,-0.195106,0.141479,2.505327,-0.094169,1.633200,#TechLinearMove
0.493531,-0.190328,0.142118,2.509445,-0.099271,1.636577,#TechLinearMove
0.493102,-0.185547,0.142766,2.513656,-0.103641,1.639404,#TechLinearMove
0.492722,-0.180760,0.143402,2.516971,-0.106854,1.641557,#TechLinearMove
0.492368,-0.175970,0.144025,2.519829,-0.109016,1.643022,#TechLinearMove
0.492098,-0.171178,0.144684,2.525325,-0.112108,1.644670,#TechLinearMove
0.491835,-0.166382,0.145307,2.530582,-0.114372,1.645818,#TechLinearMove
0.491580,-0.161583,0.145917,2.541684,-0.118799,1.647735,#TechLinearMove
0.491240,-0.156826,0.146764,2.549300,-0.126071,1.652175,#TechLinearMove
0.490753,-0.149387,0.147903,2.554297,-0.118169,1.647694,#TechLinearMove
0.490622,-0.144377,0.148244,2.553529,-0.116449,1.646005,#TechLinearMove
0.490380,-0.139377,0.148653,2.556086,-0.111502,1.641890,#TechLinearMove
0.490072,-0.134382,0.149087,2.552732,-0.108949,1.640369,#TechLinearMove
0.489764,-0.129387,0.149517,2.550801,-0.104943,1.637680,#TechLinearMove
0.489446,-0.124397,0.149990,2.550747,-0.100756,1.634571,#TechLinearMove
0.489097,-0.119415,0.150527,2.549597,-0.096810,1.631786,#TechLinearMove
0.488726,-0.114437,0.151094,2.548981,-0.092865,1.628928,#TechLinearMove
0.488381,-0.109454,0.151619,2.549021,-0.089423,1.626293,#TechLinearMove
0.488069,-0.104461,0.152068,2.548991,-0.085808,1.623527,#TechLinearMove
0.487791,-0.099465,0.152513,2.550527,-0.081142,1.619710,#TechLinearMove
0.487570,-0.094461,0.152884,2.554182,-0.074347,1.614035,#TechLinearMove
0.487209,-0.086410,0.153233,2.564384,-0.075826,1.616960,#TechLinearMove
0.486948,-0.081208,0.153518,2.567170,-0.060778,1.607885,#TechLinearMove
0.486678,-0.076002,0.153665,2.564872,-0.045756,1.598977,#TechLinearMove
0.486288,-0.070801,0.153713,2.563068,-0.035330,1.592775,#TechLinearMove
0.485966,-0.065595,0.153760,2.562364,-0.025463,1.586873,#TechLinearMove
0.485728,-0.060385,0.153775,2.561856,-0.015761,1.581044,#TechLinearMove
0.485527,-0.055174,0.153665,2.560970,-0.004863,1.574510,#TechLinearMove
0.485382,-0.049966,0.153413,2.560380,0.004345,1.569036,#TechLinearMove
0.485283,-0.044764,0.153047,2.560653,0.012071,1.564469,#TechLinearMove
0.485278,-0.039558,0.152764,2.563865,0.022436,1.558413,#TechLinearMove
0.485411,-0.034357,0.152418,2.565689,0.035904,1.550618,#TechLinearMove
0.485839,-0.024133,0.151399,2.564281,0.037794,1.547775,#TechLinearMove
0.485865,-0.019271,0.151340,2.566744,0.042350,1.544779,#TechLinearMove
0.485947,-0.014414,0.151136,2.568462,0.045016,1.542949,#TechLinearMove
0.486052,-0.009560,0.150871,2.570105,0.047492,1.541336,#TechLinearMove
0.486140,-0.004705,0.150627,2.571250,0.049045,1.540308,#TechLinearMove
0.486119,0.000149,0.150358,2.573253,0.051671,1.538670,#TechLinearMove
0.486053,0.005004,0.150106,2.575581,0.054866,1.536690,#TechLinearMove
0.485977,0.009859,0.149862,2.578084,0.057213,1.535270,#TechLinearMove
0.485913,0.014712,0.149564,2.579587,0.058115,1.534697,#TechLinearMove
0.485876,0.019559,0.149191,2.580547,0.058110,1.534644,#TechLinearMove
0.485853,0.024405,0.148790,2.581684,0.058687,1.534238,#TechLinearMove
0.485828,0.029252,0.148407,2.581668,0.060822,1.532784,#TechLinearMove
0.485782,0.034102,0.148067,2.582094,0.064300,1.530521,#TechLinearMove
0.485716,0.038956,0.147803,2.582442,0.069393,1.527257,#TechLinearMove
0.485645,0.043813,0.147591,2.580950,0.073091,1.524652,#TechLinearMove
0.485743,0.048667,0.147334,2.579816,0.076357,1.522254,#TechLinearMove
0.485873,0.053517,0.147013,2.577998,0.083461,1.517379,#TechLinearMove
0.485475,0.061308,0.146967,2.580180,0.091253,1.513125,#TechLinearMove
0.485173,0.066064,0.146638,2.584129,0.097247,1.510486,#TechLinearMove
0.485094,0.070825,0.146247,2.582286,0.107806,1.504201,#TechLinearMove
0.485029,0.075583,0.145840,2.580132,0.115778,1.499254,#TechLinearMove
0.485067,0.080316,0.145191,2.578974,0.126084,1.492983,#TechLinearMove
0.485203,0.085022,0.144378,2.578439,0.137908,1.485827,#TechLinearMove
0.485638,0.089713,0.143579,2.577426,0.148581,1.479269,#TechLinearMove
0.485937,0.094380,0.142600,2.576289,0.163220,1.470419,#TechLinearMove
0.486268,0.099025,0.141532,2.571968,0.176555,1.461652,#TechLinearMove
0.486702,0.103644,0.140389,2.568774,0.188222,1.453957,#TechLinearMove
0.487159,0.108249,0.139198,2.566170,0.204442,1.443687,#TechLinearMove
0.487562,0.112868,0.138043,2.564086,0.217045,1.435941,#TechLinearMove
0.490291,0.117051,0.138279,2.569399,0.220597,1.433097,#TechLinearMove
0.493583,0.121137,0.138656,2.564403,0.211574,1.436918,#TechLinearMove
0.497023,0.125099,0.139154,2.563438,0.207039,1.439229,#TechLinearMove
0.500174,0.129316,0.139417,2.558693,0.202491,1.440463,#TechLinearMove
0.503548,0.133318,0.140037,2.556231,0.203276,1.439044,#TechLinearMove
0.506701,0.137505,0.140602,2.552312,0.205293,1.436436,#TechLinearMove
0.509866,0.141646,0.141255,2.547931,0.214935,1.428486,#TechLinearMove
0.509337,0.141901,0.142065,2.547931,0.214935,1.428486,#TechMoveTo
0.562201,0.147655,0.174562,2.515636,0.231806,1.425632,#TechMoveTo
0.562753,0.147386,0.173773,2.515636,0.231806,1.425632,#TechMoveTo
0.563861,0.144448,0.175287,2.515924,0.217265,1.425932,#TechLinearMove
0.565430,0.139985,0.178021,2.517326,0.199378,1.436431,#TechLinearMove
0.566879,0.135509,0.180815,2.519737,0.187021,1.444104,#TechLinearMove
0.568358,0.131126,0.183747,2.520708,0.179697,1.447862,#TechLinearMove
0.569792,0.126704,0.186644,2.521822,0.176559,1.448774,#TechLinearMove
0.571370,0.122345,0.189559,2.519227,0.173322,1.448044,#TechLinearMove
0.571867,0.117666,0.191116,2.523541,0.171949,1.449927,#TechLinearMove
0.572166,0.112993,0.192418,2.525556,0.160161,1.458266,#TechLinearMove
0.572463,0.108266,0.193527,2.528227,0.153514,1.463304,#TechLinearMove
0.572749,0.103515,0.194536,2.531904,0.143765,1.470602,#TechLinearMove
0.573083,0.098771,0.195561,2.535274,0.130648,1.480143,#TechLinearMove
0.573375,0.094014,0.196531,2.539090,0.117992,1.489398,#TechLinearMove
0.573652,0.089245,0.197443,2.543136,0.104471,1.499242,#TechLinearMove
0.574016,0.084496,0.198437,2.545641,0.088382,1.510570,#TechLinearMove
0.574287,0.079746,0.199455,2.547637,0.077647,1.518036,#TechLinearMove
0.574567,0.074992,0.200450,2.549641,0.067143,1.525252,#TechLinearMove
0.574912,0.070235,0.201406,2.552835,0.053287,1.534869,#TechLinearMove
0.575452,0.059646,0.201356,2.567975,0.047546,1.539662,#TechLinearMove
0.575963,0.054814,0.201080,2.582696,0.028553,1.551290,#TechLinearMove
0.576234,0.049953,0.201080,2.593683,0.008572,1.563090,#TechLinearMove
0.576431,0.045086,0.201089,2.601851,-0.000729,1.568367,#TechLinearMove
0.576647,0.040221,0.201039,2.608704,-0.013847,1.575924,#TechLinearMove
0.576881,0.035357,0.200979,2.617272,-0.025470,1.582373,#TechLinearMove
0.577183,0.030497,0.200919,2.625011,-0.035693,1.587935,#TechLinearMove
0.577459,0.025638,0.200763,2.632756,-0.041880,1.591060,#TechLinearMove
0.577684,0.020780,0.200502,2.641494,-0.045973,1.592812,#TechLinearMove
0.577923,0.015925,0.200207,2.650806,-0.050644,1.594758,#TechLinearMove
0.578214,0.011074,0.199885,2.660989,-0.054481,1.596084,#TechLinearMove
0.578605,0.006235,0.199506,2.671998,-0.056558,1.596316,#TechLinearMove
0.579132,0.001408,0.199133,2.682218,-0.059835,1.597207,#TechLinearMove
0.579651,-0.003417,0.198736,2.694314,-0.064211,1.598438,#TechLinearMove
0.580264,-0.008210,0.198126,2.710067,-0.069624,1.599921,#TechLinearMove
0.580781,-0.013026,0.197642,2.726709,-0.083782,1.605439,#TechLinearMove
0.581579,-0.020566,0.197962,2.729648,-0.082411,1.605642,#TechLinearMove
0.581548,-0.025499,0.198245,2.736554,-0.080460,1.605260,#TechLinearMove
0.581568,-0.030436,0.198412,2.740546,-0.075860,1.603908,#TechLinearMove
0.581683,-0.035374,0.198516,2.744822,-0.074374,1.603477,#TechLinearMove
0.581686,-0.040316,0.198507,2.750049,-0.072512,1.602811,#TechLinearMove
0.581711,-0.045256,0.198442,2.753181,-0.071633,1.602727,#TechLinearMove
0.581784,-0.050195,0.198316,2.755824,-0.072774,1.603499,#TechLinearMove
0.581914,-0.055131,0.198108,2.758779,-0.074576,1.604505,#TechLinearMove
0.582096,-0.060060,0.197821,2.761335,-0.078389,1.606355,#TechLinearMove
0.582460,-0.064979,0.197544,2.763520,-0.083007,1.608560,#TechLinearMove
0.582765,-0.069904,0.197295,2.767719,-0.088873,1.611426,#TechLinearMove
0.583077,-0.074830,0.197069,2.769804,-0.092981,1.613900,#TechLinearMove
0.583597,-0.082565,0.196218,2.767688,-0.088797,1.609031,#TechLinearMove
0.584331,-0.087423,0.195677,2.766277,-0.099118,1.613701,#TechLinearMove
0.584896,-0.092306,0.195145,2.765377,-0.106388,1.617023,#TechLinearMove
0.585451,-0.097190,0.194623,2.765516,-0.112079,1.619407,#TechLinearMove
0.586031,-0.102071,0.194090,2.767283,-0.118870,1.621999,#TechLinearMove
0.586600,-0.106953,0.193560,2.768929,-0.127467,1.625252,#TechLinearMove
0.586913,-0.111857,0.193016,2.769148,-0.135216,1.628444,#TechLinearMove
0.587231,-0.116764,0.192510,2.766497,-0.140499,1.631117,#TechLinearMove
0.587547,-0.121674,0.192017,2.765622,-0.145279,1.633301,#TechLinearMove
0.587845,-0.126587,0.191558,2.762628,-0.150239,1.635919,#TechLinearMove
0.588144,-0.131500,0.191094,2.756917,-0.156936,1.639818,#TechLinearMove
0.588401,-0.136417,0.190649,2.746690,-0.161770,1.643996,#TechLinearMove
0.589162,-0.148487,0.189403,2.745225,-0.141206,1.632676,#TechLinearMove
0.589677,-0.153432,0.188596,2.743591,-0.120497,1.622565,#TechLinearMove
0.590431,-0.158372,0.187978,2.747193,-0.100710,1.612260,#TechLinearMove
0.590949,-0.163360,0.187517,2.753159,-0.083157,1.603230,#TechLinearMove
0.591371,-0.168362,0.187112,2.757714,-0.070882,1.597020,#TechLinearMove
0.591748,-0.173374,0.186788,2.761688,-0.058464,1.590890,#TechLinearMove
0.592074,-0.178393,0.186547,2.766922,-0.046640,1.584904,#TechLinearMove
0.592342,-0.183420,0.186409,2.769248,-0.032012,1.578024,#TechLinearMove
0.592544,-0.188452,0.186366,2.768781,-0.014761,1.570288,#TechLinearMove
0.592696,-0.193486,0.186399,2.768492,0.001928,1.562690,#TechLinearMove
0.592845,-0.198520,0.186456,2.767667,0.019481,1.554768,#TechLinearMove
0.593015,-0.203553,0.186449,2.766450,0.036633,1.547159,#TechLinearMove
0.593149,-0.208586,0.186336,2.766236,0.052125,1.540294,#TechLinearMove
0.593148,-0.213618,0.186339,2.764224,0.071637,1.531284,#TechLinearMove
0.593137,-0.218653,0.186417,2.754483,0.099187,1.518182,#TechLinearMove
0.593341,-0.223679,0.186198,2.738815,0.133435,1.501828,#TechLinearMove
0.593834,-0.231300,0.184919,2.752017,0.116111,1.516047,#TechLinearMove
0.594942,-0.236194,0.184177,2.781523,0.126852,1.517703,#TechLinearMove
0.595418,-0.241246,0.183965,2.813257,0.127057,1.521830,#TechLinearMove
0.595754,-0.246307,0.183880,2.831893,0.131580,1.523567,#TechLinearMove
0.595732,-0.251359,0.184331,2.852283,0.137517,1.525467,#TechLinearMove
0.595332,-0.256313,0.185375,2.860823,0.148971,1.523957,#TechLinearMove
0.594678,-0.261167,0.186733,2.860259,0.165400,1.519706,#TechLinearMove
0.593957,-0.265950,0.188291,2.865173,0.180218,1.516991,#TechLinearMove
0.593351,-0.270749,0.189850,2.867280,0.204077,1.511236,#TechLinearMove
0.592770,-0.275585,0.191298,2.860214,0.234779,1.502528,#TechLinearMove
0.592012,-0.280307,0.192998,2.858547,0.267632,1.494114,#TechLinearMove
0.591680,-0.285159,0.194410,2.862155,0.302631,1.486013,#TechLinearMove
0.592092,-0.279935,0.194110,2.895611,0.248567,1.508538,#TechLinearMove
0.592652,-0.275415,0.192117,2.897179,0.205645,1.515276,#TechLinearMove
0.593286,-0.270861,0.190219,2.884227,0.189166,1.515432,#TechLinearMove
0.594002,-0.266326,0.188306,2.878145,0.171706,1.517385,#TechLinearMove
0.594921,-0.261815,0.186425,2.873132,0.155851,1.519257,#TechLinearMove
0.595874,-0.257233,0.184778,2.860694,0.150060,1.517747,#TechLinearMove
0.596238,-0.252417,0.183622,2.834276,0.157282,1.511476,#TechLinearMove
0.596195,-0.247473,0.183061,2.817259,0.151847,1.509160,#TechLinearMove
0.595828,-0.242542,0.182786,2.789478,0.140163,1.505792,#TechLinearMove
0.594262,-0.232071,0.184767,2.771998,0.137184,1.510877,#TechLinearMove
0.593704,-0.227293,0.185515,2.773875,0.103324,1.525647,#TechLinearMove
0.593436,-0.222443,0.185879,2.778827,0.072006,1.539323,#TechLinearMove
0.593187,-0.217592,0.186257,2.782281,0.046711,1.549506,#TechLinearMove
0.593032,-0.212731,0.186530,2.785507,0.026517,1.557527,#TechLinearMove
0.592860,-0.207863,0.186628,2.791312,0.004590,1.566634,#TechLinearMove
0.592810,-0.202992,0.186597,2.794134,-0.016021,1.575289,#TechLinearMove
0.592885,-0.198121,0.186502,2.793124,-0.032934,1.582436,#TechLinearMove
0.592990,-0.193251,0.186386,2.791284,-0.047766,1.588755,#TechLinearMove
0.593031,-0.188380,0.186323,2.788172,-0.060226,1.594309,#TechLinearMove
0.592991,-0.183508,0.186369,2.781729,-0.069785,1.599106,#TechLinearMove
0.592893,-0.178640,0.186541,2.773072,-0.080004,1.604428,#TechLinearMove
0.592706,-0.173782,0.186859,2.764246,-0.090412,1.609954,#TechLinearMove
0.592397,-0.168938,0.187275,2.755216,-0.097002,1.614224,#TechLinearMove
0.591937,-0.164110,0.187741,2.745262,-0.108566,1.620654,#TechLinearMove
0.591499,-0.159297,0.188355,2.734836,-0.123982,1.629373,#TechLinearMove
0.590868,-0.154535,0.189169,2.725429,-0.138859,1.638003,#TechLinearMove
0.590483,-0.146415,0.190419,2.744897,-0.138850,1.631756,#TechLinearMove
0.589706,-0.141367,0.190621,2.752749,-0.137359,1.630436,#TechLinearMove
0.589160,-0.136295,0.190977,2.760893,-0.136889,1.629323,#TechLinearMove
0.588648,-0.131222,0.191359,2.766232,-0.136322,1.628506,#TechLinearMove
0.588152,-0.126146,0.191727,2.770187,-0.133275,1.626991,#TechLinearMove
0.587642,-0.121074,0.192121,2.773351,-0.129562,1.625365,#TechLinearMove
0.587211,-0.116001,0.192589,2.774602,-0.125823,1.624025,#TechLinearMove
0.586880,-0.110926,0.193122,2.774597,-0.121236,1.622550,#TechLinearMove
0.586535,-0.105857,0.193693,2.773012,-0.115035,1.620654,#TechLinearMove
0.586157,-0.100795,0.194308,2.768934,-0.107909,1.618750,#TechLinearMove
0.585781,-0.095733,0.194928,2.767352,-0.100550,1.616535,#TechLinearMove
0.585392,-0.090673,0.195554,2.764954,-0.092846,1.614327,#TechLinearMove
0.584728,-0.082539,0.196645,2.770966,-0.085739,1.607508,#TechLinearMove
0.584421,-0.077347,0.197145,2.768374,-0.086569,1.607234,#TechLinearMove
0.583859,-0.072161,0.197425,2.766371,-0.085447,1.606395,#TechLinearMove
0.583394,-0.066967,0.197748,2.765020,-0.083210,1.605248,#TechLinearMove
0.582959,-0.061767,0.198021,2.763762,-0.081030,1.604106,#TechLinearMove
0.582543,-0.056564,0.198249,2.761605,-0.079214,1.603182,#TechLinearMove
0.582173,-0.051355,0.198404,2.758877,-0.078270,1.602657,#TechLinearMove
0.581860,-0.046140,0.198479,2.756087,-0.080153,1.603266,#TechLinearMove
0.581692,-0.040919,0.198526,2.752496,-0.083092,1.604376,#TechLinearMove
0.581596,-0.035697,0.198649,2.748014,-0.086850,1.605694,#TechLinearMove
0.581621,-0.030473,0.198622,2.742129,-0.095730,1.609052,#TechLinearMove
0.581958,-0.020219,0.198143,2.739898,-0.085257,1.605860,#TechLinearMove
0.581859,-0.015182,0.198310,2.723370,-0.070909,1.600290,#TechLinearMove
0.581277,-0.010203,0.198750,2.708160,-0.060154,1.595989,#TechLinearMove
0.580788,-0.005193,0.199023,2.696975,-0.055142,1.594159,#TechLinearMove
0.580258,-0.000192,0.199378,2.685527,-0.049993,1.592380,#TechLinearMove
0.579710,0.004805,0.199759,2.674905,-0.046796,1.591433,#TechLinearMove
0.579144,0.009799,0.200156,2.663852,-0.044737,1.591092,#TechLinearMove
0.578653,0.014808,0.200448,2.653940,-0.043264,1.590919,#TechLinearMove
0.578273,0.019828,0.200721,2.646197,-0.040726,1.589974,#TechLinearMove
0.577840,0.024847,0.200912,2.639208,-0.035313,1.587327,#TechLinearMove
0.577449,0.029873,0.201012,2.630714,-0.030637,1.585068,#TechLinearMove
0.577337,0.034910,0.201191,2.622455,-0.022495,1.580848,#TechLinearMove
0.577103,0.039945,0.201240,2.614826,-0.012928,1.575580,#TechLinearMove
0.576871,0.044981,0.201288,2.605986,-0.001845,1.569296,#TechLinearMove
0.576809,0.050022,0.201244,2.594498,0.016726,1.558613,#TechLinearMove
0.576314,0.055029,0.201487,2.582259,0.040814,1.544222,#TechLinearMove
0.575474,0.062648,0.201777,2.578056,0.036335,1.547301,#TechLinearMove
0.574858,0.067551,0.200993,2.569396,0.044311,1.541556,#TechLinearMove
0.574309,0.072453,0.200140,2.562684,0.059023,1.531433,#TechLinearMove
0.573937,0.077388,0.199400,2.556206,0.068591,1.524589,#TechLinearMove
0.573661,0.082311,0.198540,2.552410,0.080090,1.516550,#TechLinearMove
0.573302,0.087204,0.197542,2.549450,0.094592,1.506495,#TechLinearMove
0.572991,0.092105,0.196566,2.544635,0.111260,1.494592,#TechLinearMove
0.572705,0.096998,0.195545,2.538872,0.128495,1.482008,#TechLinearMove
0.572480,0.101893,0.194525,2.533590,0.142048,1.471938,#TechLinearMove
0.572311,0.106810,0.193597,2.526642,0.158573,1.459470,#TechLinearMove
0.571931,0.111689,0.192552,2.516530,0.175273,1.445963,#TechLinearMove
0.570895,0.113667,0.191150,2.513147,0.171509,1.447570,#TechLinearMove
0.569866,0.118223,0.189193,2.515345,0.176202,1.446714,#TechLinearMove
0.568958,0.122770,0.187163,2.519025,0.177988,1.447560,#TechLinearMove
0.568358,0.127388,0.185171,2.521674,0.180332,1.447697,#TechLinearMove
0.567201,0.131622,0.182645,2.524110,0.183573,1.447210,#TechLinearMove
0.565956,0.135779,0.180034,2.525386,0.188886,1.445079,#TechLinearMove
0.564740,0.140008,0.177529,2.522607,0.199600,1.438116,#TechLinearMove
0.563861,0.144448,0.175287,2.518539,0.215125,1.428137,#TechLinearMove
0.563308,0.144703,0.176080,2.518539,0.215125,1.428137,#TechMoveTo
0.512282,0.145878,0.143027,2.539599,0.230476,1.416654,#TechMoveTo
0.512812,0.145605,0.142225,2.539599,0.230476,1.416654,#TechMoveTo
0.512812,0.145605,0.142225,2.539599,0.230476,1.416654,#TechStartPoint
0.512507,0.142528,0.142827,2.548188,0.215894,1.428005,#TechLinearMove
0.511909,0.137999,0.143732,2.554820,0.203907,1.440096,#TechLinearMove
0.511806,0.133482,0.144933,2.559305,0.197520,1.446926,#TechLinearMove
0.511510,0.128962,0.146088,2.564832,0.193211,1.452687,#TechLinearMove
0.511712,0.124535,0.147518,2.571736,0.190318,1.458893,#TechLinearMove
0.510720,0.116845,0.148764,2.580256,0.192071,1.455649,#TechLinearMove
0.510648,0.111779,0.149645,2.584348,0.186509,1.459215,#TechLinearMove
0.510424,0.106753,0.150735,2.590468,0.175436,1.466747,#TechLinearMove
0.510063,0.101735,0.151829,2.595016,0.167113,1.472328,#TechLinearMove
0.509675,0.096728,0.152969,2.598891,0.155425,1.479698,#TechLinearMove
0.509273,0.091729,0.154138,2.603280,0.141136,1.488714,#TechLinearMove
0.508868,0.086733,0.155316,2.608989,0.129206,1.496585,#TechLinearMove
0.508397,0.081717,0.156373,2.613730,0.121103,1.501923,#TechLinearMove
0.507761,0.076707,0.157370,2.618516,0.112255,1.507425,#TechLinearMove
0.507332,0.071663,0.158303,2.621874,0.103921,1.512257,#TechLinearMove
0.507421,0.061406,0.158143,2.633663,0.113747,1.508413,#TechLinearMove
0.507532,0.056551,0.157893,2.628651,0.100316,1.515176,#TechLinearMove
0.507430,0.051696,0.158119,2.624292,0.085801,1.522949,#TechLinearMove
0.507329,0.046839,0.158340,2.622311,0.077949,1.527175,#TechLinearMove
0.507349,0.041983,0.158615,2.621260,0.070943,1.530978,#TechLinearMove
0.507358,0.037135,0.158998,2.618435,0.060573,1.536438,#TechLinearMove
0.507314,0.032297,0.159501,2.617695,0.053901,1.540066,#TechLinearMove
0.507226,0.027472,0.160105,2.618934,0.049321,1.542723,#TechLinearMove
0.507104,0.022659,0.160792,2.621184,0.044855,1.545384,#TechLinearMove
0.506970,0.017849,0.161504,2.624554,0.042688,1.546791,#TechLinearMove
0.506860,0.013031,0.162157,2.628554,0.043000,1.546781,#TechLinearMove
0.506811,0.008196,0.162681,2.632612,0.043702,1.546516,#TechLinearMove
0.506825,0.003347,0.163062,2.636057,0.043768,1.546580,#TechLinearMove
0.506841,-0.001508,0.163347,2.638255,0.042195,1.547534,#TechLinearMove
0.506757,-0.006367,0.163535,2.641684,0.039377,1.549230,#TechLinearMove
0.506664,-0.011225,0.163755,2.645906,0.036753,1.550830,#TechLinearMove
0.506636,-0.016088,0.163807,2.647608,0.033989,1.552397,#TechLinearMove
0.506765,-0.023903,0.163520,2.650972,0.028794,1.555331,#TechLinearMove
0.506925,-0.028690,0.163708,2.656825,0.018730,1.560830,#TechLinearMove
0.507139,-0.033476,0.163972,2.663015,0.007942,1.566548,#TechLinearMove
0.507302,-0.038271,0.164119,2.667212,-0.001135,1.571304,#TechLinearMove
0.507466,-0.043066,0.164261,2.672673,-0.006854,1.574252,#TechLinearMove
0.507634,-0.047860,0.164404,2.676339,-0.012569,1.577169,#TechLinearMove
0.507811,-0.052655,0.164527,2.680962,-0.015444,1.578638,#TechLinearMove
0.508018,-0.057450,0.164567,2.682643,-0.020961,1.581447,#TechLinearMove
0.508113,-0.062246,0.164430,2.686760,-0.025452,1.583652,#TechLinearMove
0.508313,-0.067035,0.164191,2.691530,-0.031241,1.586363,#TechLinearMove
0.508488,-0.071826,0.163953,2.697177,-0.037085,1.589133,#TechLinearMove
0.508672,-0.076615,0.163696,2.701718,-0.044241,1.592578,#TechLinearMove
0.509438,-0.084660,0.163002,2.703968,-0.056618,1.597547,#TechLinearMove
0.509655,-0.089583,0.162670,2.711177,-0.070868,1.602870,#TechLinearMove
0.510003,-0.094498,0.162340,2.719554,-0.084605,1.607719,#TechLinearMove
0.510268,-0.099412,0.161927,2.726835,-0.095114,1.611308,#TechLinearMove
0.510495,-0.104326,0.161490,2.732736,-0.104559,1.614466,#TechLinearMove
0.510797,-0.109239,0.161086,2.737277,-0.111216,1.616582,#TechLinearMove
0.511074,-0.114157,0.160719,2.739178,-0.117363,1.618742,#TechLinearMove
0.511375,-0.119071,0.160323,2.743611,-0.122707,1.620209,#TechLinearMove
0.511692,-0.123978,0.159867,2.744889,-0.129891,1.622850,#TechLinearMove
0.511967,-0.128880,0.159329,2.745405,-0.135401,1.624928,#TechLinearMove
0.512342,-0.133781,0.158856,2.745651,-0.142460,1.627584,#TechLinearMove
0.512633,-0.138694,0.158463,2.746324,-0.154071,1.632029,#TechLinearMove
0.513304,-0.148954,0.156933,2.738670,-0.150401,1.633230,#TechLinearMove
0.513605,-0.153895,0.156276,2.736675,-0.137862,1.627402,#TechLinearMove
0.513933,-0.158830,0.155584,2.735212,-0.125278,1.621441,#TechLinearMove
0.514274,-0.163758,0.154856,2.734987,-0.117610,1.617755,#TechLinearMove
0.514615,-0.168688,0.154138,2.735124,-0.109572,1.613913,#TechLinearMove
0.514930,-0.173624,0.153450,2.734976,-0.101778,1.610229,#TechLinearMove
0.515228,-0.178567,0.152805,2.732768,-0.095728,1.607552,#TechLinearMove
0.515511,-0.183513,0.152179,2.727354,-0.088102,1.604542,#TechLinearMove
0.515799,-0.188457,0.151541,2.719949,-0.078266,1.600669,#TechLinearMove
0.516101,-0.193398,0.150882,2.710021,-0.065543,1.595516,#TechLinearMove
0.516439,-0.198336,0.150220,2.696984,-0.050053,1.589076,#TechLinearMove
0.516825,-0.203272,0.149569,2.682791,-0.033943,1.581913,#TechLinearMove
0.517208,-0.208208,0.148921,2.668010,-0.017201,1.573975,#TechLinearMove
0.517582,-0.213148,0.148296,2.653880,-0.002770,1.567192,#TechLinearMove
0.517939,-0.218093,0.147698,2.639950,0.010896,1.560637,#TechLinearMove
0.518365,-0.223025,0.147042,2.617327,0.036844,1.547164,#TechLinearMove
0.518884,-0.227941,0.146335,2.600065,0.061956,1.532812,#TechLinearMove
0.519378,-0.236016,0.145705,2.602957,0.059762,1.534517,#TechLinearMove
0.519292,-0.240789,0.146463,2.596795,0.074801,1.521909,#TechLinearMove
0.518883,-0.245472,0.147633,2.579068,0.093510,1.505496,#TechLinearMove
0.518500,-0.250180,0.148720,2.568829,0.104841,1.495414,#TechLinearMove
0.518051,-0.254846,0.149953,2.561910,0.116072,1.485660,#TechLinearMove
0.517563,-0.259483,0.151278,2.552007,0.129117,1.474421,#TechLinearMove
0.517285,-0.264132,0.152621,2.540711,0.145967,1.459805,#TechLinearMove
0.517022,-0.268798,0.153908,2.531284,0.160082,1.447387,#TechLinearMove
0.516673,-0.273503,0.155017,2.525611,0.174982,1.434934,#TechLinearMove
0.516408,-0.278220,0.156100,2.524843,0.186090,1.426116,#TechLinearMove
0.516320,-0.282981,0.156982,2.523544,0.201258,1.413563,#TechLinearMove
0.516556,-0.287771,0.157680,2.518749,0.221245,1.396333,#TechLinearMove
0.516515,-0.282331,0.156485,2.517357,0.218421,1.406805,#TechLinearMove
0.516319,-0.277251,0.155964,2.533674,0.190076,1.431971,#TechLinearMove
0.516418,-0.272234,0.154988,2.532097,0.175469,1.442352,#TechLinearMove
0.516725,-0.267266,0.153829,2.535027,0.158078,1.455681,#TechLinearMove
0.517216,-0.262377,0.152425,2.546854,0.138593,1.471784,#TechLinearMove
0.517806,-0.257562,0.150812,2.559629,0.121880,1.485760,#TechLinearMove
0.518411,-0.252772,0.149130,2.569299,0.107234,1.497373,#TechLinearMove
0.519007,-0.247961,0.147505,2.583325,0.087646,1.512589,#TechLinearMove
0.519325,-0.243149,0.145837,2.615365,0.059228,1.535725,#TechLinearMove
0.519254,-0.233023,0.145893,2.614232,0.045099,1.544053,#TechLinearMove
0.518717,-0.227957,0.146519,2.626576,0.025448,1.554639,#TechLinearMove
0.518257,-0.222890,0.147201,2.638152,0.004628,1.565412,#TechLinearMove
0.517914,-0.217797,0.147741,2.648486,-0.009714,1.572509,#TechLinearMove
0.517543,-0.212714,0.148348,2.658135,-0.021923,1.578213,#TechLinearMove
0.517155,-0.207636,0.148996,2.672408,-0.037602,1.585401,#TechLinearMove
0.516753,-0.202562,0.149659,2.683707,-0.051021,1.591136,#TechLinearMove
0.516350,-0.197487,0.150316,2.696934,-0.066427,1.597657,#TechLinearMove
0.516024,-0.192410,0.150995,2.706539,-0.077084,1.601814,#TechLinearMove
0.515709,-0.187331,0.151669,2.716985,-0.088974,1.606332,#TechLinearMove
0.515414,-0.182248,0.152318,2.728077,-0.098098,1.609327,#TechLinearMove
0.515126,-0.177163,0.152961,2.736218,-0.105361,1.611620,#TechLinearMove
0.514804,-0.172086,0.153645,2.740828,-0.112566,1.614279,#TechLinearMove
0.514475,-0.167016,0.154372,2.743621,-0.120823,1.617605,#TechLinearMove
0.514130,-0.161947,0.155106,2.747793,-0.132856,1.622504,#TechLinearMove
0.513820,-0.156871,0.155799,2.751837,-0.146331,1.627958,#TechLinearMove
0.513305,-0.148940,0.156905,2.737130,-0.151910,1.634170,#TechLinearMove
0.512973,-0.143844,0.157661,2.735309,-0.139572,1.629455,#TechLinearMove
0.512716,-0.138720,0.158234,2.734150,-0.133594,1.627240,#TechLinearMove
0.512389,-0.133601,0.158830,2.734112,-0.131104,1.626286,#TechLinearMove
0.512004,-0.128483,0.159389,2.731482,-0.125971,1.624627,#TechLinearMove
0.511636,-0.123359,0.159903,2.730833,-0.118291,1.621568,#TechLinearMove
0.511299,-0.118226,0.160358,2.732292,-0.112314,1.618923,#TechLinearMove
0.510985,-0.113089,0.160768,2.731335,-0.108082,1.617370,#TechLinearMove
0.510679,-0.107951,0.161173,2.729179,-0.102865,1.615546,#TechLinearMove
0.510359,-0.102815,0.161596,2.727038,-0.095261,1.612691,#TechLinearMove
0.510095,-0.097677,0.162036,2.723999,-0.084542,1.608658,#TechLinearMove
0.509953,-0.092528,0.162380,2.720039,-0.074675,1.605080,#TechLinearMove
0.509438,-0.084660,0.163002,2.720309,-0.079426,1.606535,#TechLinearMove
0.509027,-0.079657,0.163417,2.710078,-0.058922,1.597666,#TechLinearMove
0.508745,-0.074638,0.163752,2.702732,-0.048432,1.593193,#TechLinearMove
0.508367,-0.069623,0.164038,2.696504,-0.038535,1.588882,#TechLinearMove
0.507902,-0.064610,0.164227,2.690878,-0.029437,1.584711,#TechLinearMove
0.507535,-0.059588,0.164331,2.685716,-0.023142,1.581790,#TechLinearMove
0.507283,-0.054556,0.164327,2.681678,-0.019689,1.580187,#TechLinearMove
0.507076,-0.049524,0.164222,2.676917,-0.017372,1.579140,#TechLinearMove
0.506892,-0.044491,0.164071,2.671626,-0.012249,1.576653,#TechLinearMove
0.506601,-0.039467,0.163881,2.664608,-0.002651,1.571903,#TechLinearMove
0.506706,-0.034436,0.163647,2.657936,0.004293,1.568423,#TechLinearMove
0.506749,-0.024130,0.163554,2.649420,0.015498,1.562286,#TechLinearMove
0.506670,-0.019284,0.163714,2.647992,0.022485,1.558525,#TechLinearMove
0.506582,-0.014439,0.163608,2.647703,0.030490,1.554248,#TechLinearMove
0.506447,-0.009595,0.163427,2.645319,0.034741,1.551881,#TechLinearMove
0.506354,-0.004750,0.163225,2.642056,0.038942,1.549493,#TechLinearMove
0.506282,0.000092,0.162973,2.638693,0.042674,1.547327,#TechLinearMove
0.506245,0.004931,0.162646,2.636051,0.044227,1.546399,#TechLinearMove
0.506257,0.009762,0.162220,2.633323,0.044237,1.546348,#TechLinearMove
0.506333,0.014576,0.161651,2.630156,0.045631,1.545472,#TechLinearMove
0.506462,0.019376,0.160965,2.626816,0.048189,1.543911,#TechLinearMove
0.506604,0.024170,0.160252,2.623215,0.050467,1.542485,#TechLinearMove
0.506770,0.028971,0.159590,2.620178,0.054141,1.540255,#TechLinearMove
0.506998,0.033788,0.159078,2.619875,0.059891,1.537055,#TechLinearMove
0.507184,0.038617,0.158674,2.620336,0.069959,1.531500,#TechLinearMove
0.507321,0.043455,0.158369,2.620522,0.078508,1.526684,#TechLinearMove
0.507570,0.048266,0.157816,2.620003,0.090474,1.519953,#TechLinearMove
0.507681,0.053105,0.157567,2.622317,0.105813,1.511557,#TechLinearMove
0.507404,0.061038,0.158181,2.627087,0.106410,1.511413,#TechLinearMove
0.507440,0.065933,0.158074,2.621880,0.111310,1.508815,#TechLinearMove
0.507636,0.070809,0.157644,2.618423,0.117091,1.505801,#TechLinearMove
0.507779,0.075680,0.157173,2.615879,0.123362,1.502328,#TechLinearMove
0.507911,0.080509,0.156363,2.612874,0.131719,1.497536,#TechLinearMove
0.508156,0.085291,0.155323,2.608869,0.139994,1.492506,#TechLinearMove
0.508541,0.090045,0.154204,2.602177,0.149484,1.486163,#TechLinearMove
0.508926,0.094803,0.153099,2.599028,0.159179,1.480356,#TechLinearMove
0.509298,0.099567,0.152015,2.593847,0.170569,1.473120,#TechLinearMove
0.509653,0.104338,0.150957,2.588591,0.179938,1.466978,#TechLinearMove
0.509947,0.109098,0.149844,2.581492,0.192809,1.458561,#TechLinearMove
0.510510,0.113921,0.149201,2.574233,0.204131,1.451090,#TechLinearMove
0.510632,0.115925,0.148965,2.579286,0.204222,1.448053,#TechLinearMove
0.511205,0.121296,0.148002,2.572999,0.198945,1.448598,#TechLinearMove
0.511598,0.126622,0.146802,2.567120,0.193862,1.449517,#TechLinearMove
0.511778,0.131915,0.145370,2.559311,0.195543,1.445690,#TechLinearMove
0.511977,0.137215,0.143964,2.552877,0.204403,1.437644,#TechLinearMove
0.512507,0.142528,0.142827,2.547227,0.217036,1.426984,#TechLinearMove
0.511978,0.142785,0.143636,2.547227,0.217036,1.426984,#TechMoveTo
0.562201,0.147655,0.174562,2.515636,0.231806,1.425632,#TechMoveTo
0.562753,0.147386,0.173773,2.515636,0.231806,1.425632,#TechMoveTo
0.563173,0.144436,0.174830,2.511771,0.219686,1.423029,#TechLinearMove
0.562424,0.139239,0.176152,2.520413,0.195617,1.438936,#TechLinearMove
0.561700,0.134041,0.177477,2.526200,0.178371,1.450286,#TechLinearMove
0.561025,0.128819,0.178734,2.530377,0.167820,1.456470,#TechLinearMove
0.560424,0.123571,0.179921,2.534715,0.160894,1.459131,#TechLinearMove
0.559931,0.118333,0.180718,2.531169,0.165714,1.455501,#TechLinearMove
0.559443,0.113529,0.181608,2.532613,0.159093,1.460357,#TechLinearMove
0.559021,0.108684,0.182295,2.533389,0.153979,1.464035,#TechLinearMove
0.558560,0.103832,0.182907,2.535498,0.147164,1.469159,#TechLinearMove
0.558043,0.098988,0.183528,2.537365,0.135541,1.477451,#TechLinearMove
0.557523,0.094144,0.184153,2.539730,0.121017,1.487780,#TechLinearMove
0.556969,0.089313,0.184842,2.543114,0.104598,1.499472,#TechLinearMove
0.556362,0.084508,0.185654,2.547323,0.089105,1.510529,#TechLinearMove
0.555751,0.079723,0.186580,2.552259,0.077820,1.518764,#TechLinearMove
0.555204,0.074942,0.187560,2.557761,0.069584,1.524995,#TechLinearMove
0.554640,0.070171,0.188581,2.564860,0.059451,1.532535,#TechLinearMove
0.554923,0.060068,0.188383,2.561802,0.055745,1.534610,#TechLinearMove
0.555464,0.055102,0.188027,2.573669,0.043535,1.542273,#TechLinearMove
0.555819,0.050102,0.188268,2.588463,0.025173,1.553383,#TechLinearMove
0.556049,0.045088,0.188408,2.598296,0.012220,1.561011,#TechLinearMove
0.556300,0.040074,0.188503,2.607902,0.001297,1.567185,#TechLinearMove
0.556535,0.035059,0.188618,2.618086,-0.006967,1.571816,#TechLinearMove
0.556647,0.030042,0.188788,2.626238,-0.016097,1.576915,#TechLinearMove
0.556832,0.025030,0.189025,2.636579,-0.020893,1.579294,#TechLinearMove
0.557026,0.020016,0.189216,2.646694,-0.025708,1.581689,#TechLinearMove
0.557055,0.014996,0.189177,2.654667,-0.028486,1.582920,#TechLinearMove
0.557164,0.009979,0.188986,2.661419,-0.029032,1.582854,#TechLinearMove
0.557362,0.004975,0.188630,2.668049,-0.030337,1.583229,#TechLinearMove
0.557593,-0.000025,0.188230,2.675362,-0.032746,1.584046,#TechLinearMove
0.557979,-0.005021,0.187905,2.681657,-0.034133,1.584443,#TechLinearMove
0.558341,-0.010001,0.187372,2.692200,-0.041288,1.587517,#TechLinearMove
0.558705,-0.014986,0.186901,2.702323,-0.051366,1.591900,#TechLinearMove
0.558929,-0.022624,0.186670,2.701950,-0.044635,1.590257,#TechLinearMove
0.559198,-0.027520,0.186958,2.706025,-0.051670,1.593727,#TechLinearMove
0.559334,-0.032425,0.187175,2.709504,-0.053347,1.594700,#TechLinearMove
0.559512,-0.037333,0.187299,2.711885,-0.055897,1.595965,#TechLinearMove
0.559705,-0.042241,0.187398,2.714521,-0.057244,1.596653,#TechLinearMove
0.559884,-0.047150,0.187460,2.715939,-0.059322,1.597725,#TechLinearMove
0.559917,-0.052062,0.187398,2.719986,-0.065759,1.600550,#TechLinearMove
0.559990,-0.056972,0.187265,2.722748,-0.070084,1.602466,#TechLinearMove
0.560098,-0.061880,0.187075,2.725219,-0.076309,1.605258,#TechLinearMove
0.560388,-0.066780,0.186896,2.726221,-0.083261,1.608483,#TechLinearMove
0.560622,-0.071683,0.186705,2.729521,-0.092386,1.612617,#TechLinearMove
0.560852,-0.076588,0.186536,2.734230,-0.104223,1.617776,#TechLinearMove
0.561261,-0.084522,0.185859,2.732985,-0.107065,1.618071,#TechLinearMove
0.562027,-0.089213,0.185237,2.726850,-0.107955,1.619403,#TechLinearMove
0.562663,-0.093914,0.184551,2.722572,-0.113082,1.622346,#TechLinearMove
0.563252,-0.098630,0.183927,2.720177,-0.118677,1.625207,#TechLinearMove
0.563878,-0.103333,0.183243,2.715394,-0.123160,1.627978,#TechLinearMove
0.564517,-0.108030,0.182529,2.711656,-0.126843,1.630248,#TechLinearMove
0.564938,-0.112746,0.181780,2.707772,-0.132008,1.633231,#TechLinearMove
0.565324,-0.117475,0.181102,2.703488,-0.137703,1.636587,#TechLinearMove
0.565917,-0.122204,0.180600,2.697393,-0.144859,1.640983,#TechLinearMove
0.566550,-0.126933,0.180138,2.692386,-0.150669,1.644610,#TechLinearMove
0.567132,-0.131665,0.179640,2.684494,-0.154382,1.647859,#TechLinearMove
0.567768,-0.136403,0.179286,2.676945,-0.159981,1.651990,#TechLinearMove
0.569316,-0.146043,0.178063,2.675078,-0.151831,1.647596,#TechLinearMove
0.569945,-0.150911,0.177243,2.680019,-0.134459,1.638868,#TechLinearMove
0.570511,-0.155783,0.176396,2.681519,-0.112820,1.628620,#TechLinearMove
0.571152,-0.160670,0.175715,2.682609,-0.094919,1.619947,#TechLinearMove
0.571547,-0.165561,0.174903,2.683913,-0.080014,1.612773,#TechLinearMove
0.571906,-0.170463,0.174132,2.685109,-0.066573,1.606370,#TechLinearMove
0.572250,-0.175391,0.173534,2.687638,-0.053161,1.599921,#TechLinearMove
0.572498,-0.180343,0.173113,2.690496,-0.039570,1.593446,#TechLinearMove
0.572616,-0.185312,0.172900,2.693812,-0.026616,1.587354,#TechLinearMove
0.572489,-0.190277,0.173033,2.699294,-0.014632,1.581693,#TechLinearMove
0.572139,-0.195211,0.173556,2.706762,-0.003987,1.576664,#TechLinearMove
0.571710,-0.200112,0.174311,2.713919,0.006639,1.571757,#TechLinearMove
0.571236,-0.204998,0.175131,2.719107,0.018949,1.566338,#TechLinearMove
0.570800,-0.209878,0.176000,2.724884,0.031905,1.560777,#TechLinearMove
0.570418,-0.214744,0.176960,2.728865,0.048958,1.553329,#TechLinearMove
0.569662,-0.219496,0.178222,2.736465,0.067568,1.545494,#TechLinearMove
0.568807,-0.224186,0.179651,2.739353,0.090698,1.535730,#TechLinearMove
0.568966,-0.231695,0.179653,2.729752,0.109202,1.525135,#TechLinearMove
0.569612,-0.236334,0.178451,2.733984,0.125232,1.507360,#TechLinearMove
0.570199,-0.241039,0.177515,2.737664,0.138081,1.492528,#TechLinearMove
0.570742,-0.245785,0.176766,2.743929,0.146632,1.483955,#TechLinearMove
0.571176,-0.250555,0.176124,2.752781,0.150546,1.477950,#TechLinearMove
0.571725,-0.255346,0.175807,2.765163,0.148637,1.474617,#TechLinearMove
0.571898,-0.260175,0.175786,2.777796,0.140799,1.473753,#TechLinearMove
0.571939,-0.264974,0.176364,2.792005,0.137145,1.471838,#TechLinearMove
0.571735,-0.269676,0.177479,2.799408,0.143430,1.464884,#TechLinearMove
0.571160,-0.274192,0.179108,2.815930,0.145315,1.462335,#TechLinearMove
0.570301,-0.278556,0.180999,2.823776,0.152274,1.455906,#TechLinearMove
0.569595,-0.282933,0.182899,2.831709,0.162218,1.444271,#TechLinearMove
0.568622,-0.287091,0.185143,2.830916,0.187003,1.425997,#TechLinearMove
0.570599,-0.281883,0.181791,2.827795,0.199914,1.463484,#TechLinearMove
0.571270,-0.277424,0.179943,2.813204,0.187069,1.472647,#TechLinearMove
0.571840,-0.272876,0.178231,2.798401,0.178802,1.477314,#TechLinearMove
0.572222,-0.268203,0.176848,2.781364,0.178908,1.477347,#TechLinearMove
0.572251,-0.263416,0.175860,2.759941,0.182650,1.475189,#TechLinearMove
0.571985,-0.258562,0.175339,2.739920,0.185702,1.473956,#TechLinearMove
0.571610,-0.253687,0.175360,2.728973,0.187427,1.475349,#TechLinearMove
0.571247,-0.248837,0.175899,2.728012,0.183823,1.481011,#TechLinearMove
0.570535,-0.244071,0.176778,2.725316,0.176334,1.488801,#TechLinearMove
0.569935,-0.239359,0.177963,2.727980,0.157792,1.506459,#TechLinearMove
0.568932,-0.229114,0.179710,2.733001,0.118589,1.520904,#TechLinearMove
0.569464,-0.224213,0.178790,2.731544,0.085222,1.535690,#TechLinearMove
0.570168,-0.219396,0.177559,2.727980,0.058811,1.547347,#TechLinearMove
0.570605,-0.214457,0.176793,2.723032,0.038334,1.556416,#TechLinearMove
0.571023,-0.209508,0.176054,2.719171,0.022357,1.563680,#TechLinearMove
0.571476,-0.204570,0.175255,2.712771,0.011885,1.568373,#TechLinearMove
0.571926,-0.199633,0.174457,2.706990,-0.000066,1.573848,#TechLinearMove
0.572335,-0.194682,0.173724,2.702036,-0.012477,1.579690,#TechLinearMove
0.572612,-0.189697,0.173220,2.697120,-0.023801,1.585129,#TechLinearMove
0.572682,-0.184682,0.173095,2.692480,-0.035215,1.590714,#TechLinearMove
0.572571,-0.179668,0.173298,2.687248,-0.046329,1.596318,#TechLinearMove
0.572321,-0.174673,0.173735,2.683056,-0.058309,1.602309,#TechLinearMove
0.571967,-0.169704,0.174368,2.682662,-0.073095,1.609362,#TechLinearMove
0.571566,-0.164748,0.175079,2.682634,-0.092558,1.618758,#TechLinearMove
0.571161,-0.159795,0.175796,2.681924,-0.123074,1.633589,#TechLinearMove
0.570660,-0.154884,0.176718,2.676535,-0.144155,1.644298,#TechLinearMove
0.569919,-0.147701,0.178002,2.685583,-0.152706,1.645931,#TechLinearMove
0.569455,-0.142677,0.178822,2.687709,-0.152010,1.645462,#TechLinearMove
0.568604,-0.137659,0.179272,2.691900,-0.152715,1.645191,#TechLinearMove
0.567882,-0.132632,0.179853,2.694936,-0.152274,1.644551,#TechLinearMove
0.567177,-0.127598,0.180393,2.697118,-0.148607,1.642583,#TechLinearMove
0.566492,-0.122556,0.180884,2.700326,-0.143591,1.639812,#TechLinearMove
0.565801,-0.117516,0.181388,2.704668,-0.137273,1.636206,#TechLinearMove
0.565082,-0.112484,0.181931,2.708713,-0.131275,1.632852,#TechLinearMove
0.564468,-0.107461,0.182633,2.712117,-0.126611,1.630283,#TechLinearMove
0.563989,-0.102444,0.183485,2.715318,-0.120355,1.627050,#TechLinearMove
0.563509,-0.097424,0.184326,2.719110,-0.114130,1.623812,#TechLinearMove
0.562985,-0.092422,0.185242,2.722400,-0.109132,1.621257,#TechLinearMove
0.562348,-0.084516,0.186414,2.724124,-0.103810,1.617689,#TechLinearMove
0.561883,-0.079371,0.186674,2.726286,-0.097653,1.614170,#TechLinearMove
0.561427,-0.074216,0.186858,2.727989,-0.091258,1.610813,#TechLinearMove
0.561027,-0.069056,0.187085,2.728879,-0.084056,1.607308,#TechLinearMove
0.560656,-0.063893,0.187260,2.728130,-0.075549,1.603339,#TechLinearMove
0.560310,-0.058726,0.187386,2.727089,-0.067887,1.599764,#TechLinearMove
0.560017,-0.053555,0.187429,2.725166,-0.063095,1.597528,#TechLinearMove
0.559878,-0.048379,0.187453,2.722369,-0.059567,1.595904,#TechLinearMove
0.559859,-0.043199,0.187489,2.719330,-0.056522,1.594495,#TechLinearMove
0.559820,-0.038020,0.187557,2.714479,-0.054335,1.593375,#TechLinearMove
0.559898,-0.032844,0.187428,2.712441,-0.058552,1.594877,#TechLinearMove
0.559964,-0.022439,0.187307,2.709575,-0.051262,1.593045,#TechLinearMove
0.559600,-0.017295,0.187465,2.696900,-0.036364,1.586233,#TechLinearMove
0.559060,-0.012170,0.187824,2.686961,-0.026027,1.581410,#TechLinearMove
0.558691,-0.007025,0.188109,2.679858,-0.023311,1.580215,#TechLinearMove
0.558323,-0.001881,0.188407,2.673065,-0.021730,1.579595,#TechLinearMove
0.557928,0.003260,0.188737,2.667011,-0.020061,1.578887,#TechLinearMove
0.557569,0.008406,0.189013,2.658207,-0.017444,1.577829,#TechLinearMove
0.557292,0.013563,0.189140,2.652027,-0.014345,1.576353,#TechLinearMove
0.557086,0.018725,0.189137,2.646089,-0.010768,1.574550,#TechLinearMove
0.557072,0.023890,0.189136,2.638738,-0.010049,1.574262,#TechLinearMove
0.557106,0.029056,0.189079,2.629944,-0.006630,1.572419,#TechLinearMove
0.557007,0.034218,0.188915,2.619457,-0.001079,1.569253,#TechLinearMove
0.556997,0.039384,0.188910,2.610876,0.008901,1.563439,#TechLinearMove
0.556754,0.044543,0.188820,2.601961,0.021053,1.556368,#TechLinearMove
0.556773,0.049700,0.188519,2.588116,0.037864,1.546420,#TechLinearMove
0.556450,0.054849,0.188641,2.568464,0.054855,1.535626,#TechLinearMove
0.556167,0.062259,0.189569,2.561112,0.051267,1.537384,#TechLinearMove
0.555961,0.067348,0.188747,2.557969,0.059466,1.531511,#TechLinearMove
0.556042,0.072437,0.187894,2.555283,0.071025,1.523404,#TechLinearMove
0.556129,0.077542,0.187132,2.553616,0.082822,1.515254,#TechLinearMove
0.556373,0.082612,0.186188,2.552304,0.094503,1.507274,#TechLinearMove
0.556778,0.087669,0.185241,2.549935,0.107596,1.498175,#TechLinearMove
0.557347,0.092738,0.184434,2.546824,0.121497,1.488364,#TechLinearMove
0.557906,0.097812,0.183658,2.544031,0.134710,1.478927,#TechLinearMove
0.558446,0.102895,0.182925,2.540986,0.146521,1.470300,#TechLinearMove
0.558968,0.107996,0.182319,2.538802,0.160120,1.460632,#TechLinearMove
0.559340,0.113106,0.181679,2.532949,0.168456,1.453568,#TechLinearMove
0.559752,0.116309,0.181033,2.531689,0.171530,1.451624,#TechLinearMove
0.560188,0.121063,0.180253,2.525493,0.174367,1.450524,#TechLinearMove
0.560658,0.125793,0.179355,2.524602,0.176997,1.449945,#TechLinearMove
0.561216,0.130492,0.178347,2.525737,0.180165,1.449483,#TechLinearMove
0.561836,0.135150,0.177196,2.528638,0.190230,1.444672,#TechLinearMove
0.562494,0.139794,0.176011,2.524389,0.202314,1.436494,#TechLinearMove
0.563173,0.144436,0.174830,2.517207,0.220870,1.423850,#TechLinearMove
0.562620,0.144697,0.175621,2.517207,0.220870,1.423850,#TechMoveTo
0.512282,0.145878,0.143027,2.539599,0.230476,1.416654,#TechMoveTo
0.512812,0.145605,0.142225,2.539599,0.230476,1.416654,#TechMoveTo
0.510533,0.143556,0.141146,2.545466,0.219582,1.424799,#TechLinearMove
0.507338,0.140017,0.140031,2.553773,0.208008,1.435407,#TechLinearMove
0.503981,0.136648,0.138851,2.555416,0.201593,1.440532,#TechLinearMove
0.500663,0.133153,0.137958,2.561066,0.199434,1.444090,#TechLinearMove
0.497104,0.129913,0.137023,2.560050,0.205081,1.440883,#TechLinearMove
0.493779,0.126363,0.136457,2.560554,0.212966,1.436568,#TechLinearMove
0.490426,0.122831,0.135903,2.560583,0.217415,1.434597,#TechLinearMove
0.489678,0.117730,0.137607,2.568249,0.215323,1.435944,#TechLinearMove
0.489021,0.112925,0.138793,2.571211,0.205855,1.442170,#TechLinearMove
0.488587,0.108116,0.140078,2.569746,0.197439,1.446733,#TechLinearMove
0.488196,0.103312,0.141393,2.571230,0.186075,1.453840,#TechLinearMove
0.487768,0.098486,0.142613,2.574086,0.173919,1.461789,#TechLinearMove
0.487383,0.093631,0.143722,2.576591,0.161247,1.469949,#TechLinearMove
0.487048,0.088753,0.144752,2.578166,0.147965,1.478224,#TechLinearMove
0.486651,0.083858,0.145667,2.580245,0.135848,1.485858,#TechLinearMove
0.486248,0.078931,0.146378,2.584545,0.126263,1.492427,#TechLinearMove
0.485917,0.073968,0.146848,2.581223,0.117802,1.496884,#TechLinearMove
0.485727,0.069004,0.147386,2.580514,0.107027,1.503039,#TechLinearMove
0.485862,0.058978,0.147078,2.579860,0.092782,1.512267,#TechLinearMove
0.485795,0.053964,0.147209,2.580339,0.083855,1.518230,#TechLinearMove
0.485688,0.048956,0.147486,2.581549,0.079343,1.521512,#TechLinearMove
0.485644,0.043941,0.147596,2.579823,0.074695,1.524402,#TechLinearMove
0.485724,0.038929,0.147803,2.580630,0.070318,1.527417,#TechLinearMove
0.485797,0.033920,0.148083,2.580108,0.066072,1.530225,#TechLinearMove
0.485839,0.028915,0.148436,2.581218,0.063879,1.531883,#TechLinearMove
0.485866,0.023914,0.148829,2.580419,0.062105,1.533121,#TechLinearMove
0.485902,0.018914,0.149245,2.579961,0.060592,1.534220,#TechLinearMove
0.485949,0.013911,0.149622,2.578050,0.059914,1.534700,#TechLinearMove
0.486022,0.008905,0.149937,2.575716,0.058590,1.535562,#TechLinearMove
0.486099,0.003895,0.150193,2.574281,0.055840,1.537369,#TechLinearMove
0.486185,-0.001114,0.150473,2.572382,0.051678,1.540083,#TechLinearMove
0.486097,-0.006125,0.150701,2.570973,0.050862,1.540695,#TechLinearMove
0.486003,-0.011134,0.150978,2.567799,0.046647,1.543525,#TechLinearMove
0.485930,-0.016148,0.151122,2.565013,0.044639,1.545014,#TechLinearMove
0.485871,-0.023701,0.151279,2.561205,0.042855,1.544322,#TechLinearMove
0.485642,-0.028645,0.151860,2.563774,0.028810,1.552504,#TechLinearMove
0.485480,-0.033608,0.152294,2.563412,0.019813,1.557519,#TechLinearMove
0.485332,-0.038577,0.152646,2.562030,0.012040,1.562026,#TechLinearMove
0.485210,-0.043550,0.152953,2.562200,0.004500,1.566435,#TechLinearMove
0.485194,-0.048524,0.153263,2.561559,-0.002753,1.570653,#TechLinearMove
0.485317,-0.053498,0.153546,2.558134,-0.010216,1.574994,#TechLinearMove
0.485499,-0.058476,0.153698,2.555773,-0.017853,1.579484,#TechLinearMove
0.485719,-0.063455,0.153734,2.554177,-0.026373,1.584643,#TechLinearMove
0.485979,-0.068432,0.153701,2.552166,-0.035389,1.590181,#TechLinearMove
0.486296,-0.073405,0.153722,2.551474,-0.044408,1.595439,#TechLinearMove
0.486640,-0.078369,0.153634,2.549310,-0.060657,1.605247,#TechLinearMove
0.487209,-0.086410,0.153233,2.551821,-0.063980,1.610406,#TechLinearMove
0.487295,-0.091175,0.153026,2.547682,-0.073884,1.617528,#TechLinearMove
0.487526,-0.095929,0.152670,2.544420,-0.079402,1.621627,#TechLinearMove
0.487787,-0.100681,0.152304,2.541176,-0.083452,1.624739,#TechLinearMove
0.488074,-0.105429,0.151899,2.539216,-0.089454,1.629010,#TechLinearMove
0.488363,-0.110174,0.151464,2.542412,-0.094239,1.631866,#TechLinearMove
0.488687,-0.114910,0.150968,2.545666,-0.099622,1.635046,#TechLinearMove
0.489021,-0.119644,0.150452,2.549175,-0.104547,1.637772,#TechLinearMove
0.489427,-0.124375,0.149972,2.552777,-0.110539,1.641168,#TechLinearMove
0.489761,-0.129117,0.149533,2.555465,-0.116457,1.644663,#TechLinearMove
0.490119,-0.133854,0.149071,2.557737,-0.124313,1.649475,#TechLinearMove
0.490398,-0.138604,0.148712,2.560030,-0.135259,1.656205,#TechLinearMove
0.490811,-0.149296,0.147767,2.567617,-0.125354,1.649946,#TechLinearMove
0.491148,-0.154205,0.146963,2.558818,-0.118068,1.645397,#TechLinearMove
0.491466,-0.159121,0.146199,2.551687,-0.114189,1.642680,#TechLinearMove
0.491719,-0.164063,0.145591,2.545841,-0.112024,1.641544,#TechLinearMove
0.491984,-0.169003,0.144967,2.537101,-0.108813,1.640286,#TechLinearMove
0.492261,-0.173936,0.144301,2.529700,-0.106465,1.639301,#TechLinearMove
0.492630,-0.178865,0.143648,2.522892,-0.104516,1.638438,#TechLinearMove
0.493019,-0.183791,0.142979,2.516087,-0.102948,1.637793,#TechLinearMove
0.493453,-0.188711,0.142303,2.510313,-0.099852,1.635899,#TechLinearMove
0.493930,-0.193629,0.141634,2.504181,-0.096121,1.633590,#TechLinearMove
0.494415,-0.198540,0.140929,2.498108,-0.091562,1.630681,#TechLinearMove
0.494915,-0.203439,0.140145,2.491825,-0.084733,1.626080,#TechLinearMove
0.495453,-0.208320,0.139282,2.485338,-0.075159,1.619333,#TechLinearMove
0.496018,-0.213185,0.138352,2.480395,-0.063443,1.610542,#TechLinearMove
0.496618,-0.218042,0.137397,2.472043,-0.051874,1.601755,#TechLinearMove
0.497267,-0.222872,0.136350,2.463257,-0.038186,1.591039,#TechLinearMove
0.497816,-0.227713,0.135293,2.452898,-0.023335,1.579252,#TechLinearMove
0.498116,-0.235574,0.133420,2.444325,0.003399,1.562159,#TechLinearMove
0.497974,-0.240691,0.132670,2.440080,0.016089,1.555834,#TechLinearMove
0.497393,-0.245824,0.132337,2.438124,0.029015,1.548104,#TechLinearMove
0.496649,-0.250940,0.132296,2.436433,0.038758,1.542001,#TechLinearMove
0.495670,-0.256008,0.132637,2.436725,0.052374,1.532946,#TechLinearMove
0.494562,-0.260993,0.133445,2.438587,0.067457,1.522922,#TechLinearMove
0.493378,-0.265916,0.134518,2.437433,0.084231,1.510825,#TechLinearMove
0.492192,-0.270844,0.135567,2.427735,0.105133,1.493458,#TechLinearMove
0.491164,-0.275826,0.136511,2.413421,0.127260,1.473764,#TechLinearMove
0.490296,-0.280875,0.137238,2.396066,0.146966,1.455020,#TechLinearMove
0.489479,-0.285932,0.137968,2.376215,0.171917,1.431807,#TechLinearMove
0.489017,-0.291062,0.138161,2.342039,0.192101,1.408238,#TechLinearMove
0.489343,-0.285693,0.138918,2.350814,0.217053,1.372259,#TechLinearMove
0.490352,-0.280894,0.138394,2.381788,0.183319,1.408630,#TechLinearMove
0.491207,-0.276082,0.137700,2.400856,0.153189,1.438391,#TechLinearMove
0.492465,-0.271418,0.136708,2.413663,0.127416,1.461985,#TechLinearMove
0.493892,-0.266872,0.135417,2.424384,0.095789,1.489323,#TechLinearMove
0.495200,-0.262288,0.134140,2.427945,0.068132,1.511621,#TechLinearMove
0.496304,-0.257584,0.133129,2.424546,0.051979,1.522992,#TechLinearMove
0.497260,-0.252787,0.132494,2.420636,0.042255,1.529216,#TechLinearMove
0.498053,-0.247918,0.132305,2.417656,0.029545,1.538020,#TechLinearMove
0.498465,-0.243011,0.132396,2.412310,0.023230,1.540036,#TechLinearMove
0.498228,-0.232929,0.134250,2.428690,0.015096,1.551969,#TechLinearMove
0.497819,-0.228220,0.135312,2.447301,-0.005358,1.568211,#TechLinearMove
0.497261,-0.223515,0.136316,2.463027,-0.023402,1.581831,#TechLinearMove
0.496690,-0.218798,0.137256,2.472870,-0.038773,1.593540,#TechLinearMove
0.496119,-0.214078,0.138185,2.483003,-0.053031,1.604008,#TechLinearMove
0.495548,-0.209357,0.139107,2.490416,-0.067200,1.614335,#TechLinearMove
0.494996,-0.204626,0.139986,2.495533,-0.078681,1.622618,#TechLinearMove
0.494488,-0.199875,0.140783,2.500600,-0.087253,1.628542,#TechLinearMove
0.494007,-0.195106,0.141479,2.505327,-0.094169,1.633200,#TechLinearMove
0.493531,-0.190328,0.142118,2.509445,-0.099271,1.636577,#TechLinearMove
0.493102,-0.185547,0.142766,2.513656,-0.103641,1.639404,#TechLinearMove
0.492722,-0.180760,0.143402,2.516971,-0.106854,1.641557,#TechLinearMove
0.492368,-0.175970,0.144025,2.519829,-0.109016,1.643022,#TechLinearMove
0.492098,-0.171178,0.144684,2.525325,-0.112108,1.644670,#TechLinearMove
0.491835,-0.166382,0.145307,2.530582,-0.114372,1.645818,#TechLinearMove
0.491580,-0.161583,0.145917,2.541684,-0.118799,1.647735,#TechLinearMove
0.491240,-0.156826,0.146764,2.549300,-0.126071,1.652175,#TechLinearMove
0.490753,-0.149387,0.147903,2.554297,-0.118169,1.647694,#TechLinearMove
0.490622,-0.144377,0.148244,2.553529,-0.116449,1.646005,#TechLinearMove
0.490380,-0.139377,0.148653,2.556086,-0.111502,1.641890,#TechLinearMove
0.490072,-0.134382,0.149087,2.552732,-0.108949,1.640369,#TechLinearMove
0.489764,-0.129387,0.149517,2.550801,-0.104943,1.637680,#TechLinearMove
0.489446,-0.124397,0.149990,2.550747,-0.100756,1.634571,#TechLinearMove
0.489097,-0.119415,0.150527,2.549597,-0.096810,1.631786,#TechLinearMove
0.488726,-0.114437,0.151094,2.548981,-0.092865,1.628928,#TechLinearMove
0.488381,-0.109454,0.151619,2.549021,-0.089423,1.626293,#TechLinearMove
0.488069,-0.104461,0.152068,2.548991,-0.085808,1.623527,#TechLinearMove
0.487791,-0.099465,0.152513,2.550527,-0.081142,1.619710,#TechLinearMove
0.487570,-0.094461,0.152884,2.554182,-0.074347,1.614035,#TechLinearMove
0.487209,-0.086410,0.153233,2.564384,-0.075826,1.616960,#TechLinearMove
0.486948,-0.081208,0.153518,2.567170,-0.060778,1.607885,#TechLinearMove
0.486678,-0.076002,0.153665,2.564872,-0.045756,1.598977,#TechLinearMove
0.486288,-0.070801,0.153713,2.563068,-0.035330,1.592775,#TechLinearMove
0.485966,-0.065595,0.153760,2.562364,-0.025463,1.586873,#TechLinearMove
0.485728,-0.060385,0.153775,2.561856,-0.015761,1.581044,#TechLinearMove
0.485527,-0.055174,0.153665,2.560970,-0.004863,1.574510,#TechLinearMove
0.485382,-0.049966,0.153413,2.560380,0.004345,1.569036,#TechLinearMove
0.485283,-0.044764,0.153047,2.560653,0.012071,1.564469,#TechLinearMove
0.485278,-0.039558,0.152764,2.563865,0.022436,1.558413,#TechLinearMove
0.485411,-0.034357,0.152418,2.565689,0.035904,1.550618,#TechLinearMove
0.485839,-0.024133,0.151399,2.564281,0.037794,1.547775,#TechLinearMove
0.485865,-0.019271,0.151340,2.566744,0.042350,1.544779,#TechLinearMove
0.485947,-0.014414,0.151136,2.568462,0.045016,1.542949,#TechLinearMove
0.486052,-0.009560,0.150871,2.570105,0.047492,1.541336,#TechLinearMove
0.486140,-0.004705,0.150627,2.571250,0.049045,1.540308,#TechLinearMove
0.486119,0.000149,0.150358,2.573253,0.051671,1.538670,#TechLinearMove
0.486053,0.005004,0.150106,2.575581,0.054866,1.536690,#TechLinearMove
0.485977,0.009859,0.149862,2.578084,0.057213,1.535270,#TechLinearMove
0.485913,0.014712,0.149564,2.579587,0.058115,1.534697,#TechLinearMove
0.485876,0.019559,0.149191,2.580547,0.058110,1.534644,#TechLinearMove
0.485853,0.024405,0.148790,2.581684,0.058687,1.534238,#TechLinearMove
0.485828,0.029252,0.148407,2.581668,0.060822,1.532784,#TechLinearMove
0.485782,0.034102,0.148067,2.582094,0.064300,1.530521,#TechLinearMove
0.485716,0.038956,0.147803,2.582442,0.069393,1.527257,#TechLinearMove
0.485645,0.043813,0.147591,2.580950,0.073091,1.524652,#TechLinearMove
0.485743,0.048667,0.147334,2.579816,0.076357,1.522254,#TechLinearMove
0.485873,0.053517,0.147013,2.577998,0.083461,1.517379,#TechLinearMove
0.485475,0.061308,0.146967,2.580180,0.091253,1.513125,#TechLinearMove
0.485173,0.066064,0.146638,2.584129,0.097247,1.510486,#TechLinearMove
0.485094,0.070825,0.146247,2.582286,0.107806,1.504201,#TechLinearMove
0.485029,0.075583,0.145840,2.580132,0.115778,1.499254,#TechLinearMove
0.485067,0.080316,0.145191,2.578974,0.126084,1.492983,#TechLinearMove
0.485203,0.085022,0.144378,2.578439,0.137908,1.485827,#TechLinearMove
0.485638,0.089713,0.143579,2.577426,0.148581,1.479269,#TechLinearMove
0.485937,0.094380,0.142600,2.576289,0.163220,1.470419,#TechLinearMove
0.486268,0.099025,0.141532,2.571968,0.176555,1.461652,#TechLinearMove
0.486702,0.103644,0.140389,2.568774,0.188222,1.453957,#TechLinearMove
0.487159,0.108249,0.139198,2.566170,0.204442,1.443687,#TechLinearMove
0.487562,0.112868,0.138043,2.564086,0.217045,1.435941,#TechLinearMove
0.490291,0.117051,0.138279,2.569399,0.220597,1.433097,#TechLinearMove
0.493583,0.121137,0.138656,2.564403,0.211574,1.436918,#TechLinearMove
0.497023,0.125099,0.139154,2.563438,0.207039,1.439229,#TechLinearMove
0.500174,0.129316,0.139417,2.558693,0.202491,1.440463,#TechLinearMove
0.503548,0.133318,0.140037,2.556231,0.203276,1.439044,#TechLinearMove
0.506701,0.137505,0.140602,2.552312,0.205293,1.436436,#TechLinearMove
0.509866,0.141646,0.141255,2.547931,0.214935,1.428486,#TechLinearMove
0.509337,0.141901,0.142065,2.547931,0.214935,1.428486,#TechMoveTo
0.562201,0.147655,0.174562,2.515636,0.231806,1.425632,#TechMoveTo
0.562753,0.147386,0.173773,2.515636,0.231806,1.425632,#TechMoveTo
0.563861,0.144448,0.175287,2.515924,0.217265,1.425932,#TechLinearMove
0.565430,0.139985,0.178021,2.517326,0.199378,1.436431,#TechLinearMove
0.566879,0.135509,0.180815,2.519737,0.187021,1.444104,#TechLinearMove
0.568358,0.131126,0.183747,2.520708,0.179697,1.447862,#TechLinearMove
0.569792,0.126704,0.186644,2.521822,0.176559,1.448774,#TechLinearMove
0.571370,0.122345,0.189559,2.519227,0.173322,1.448044,#TechLinearMove
0.571867,0.117666,0.191116,2.523541,0.171949,1.449927,#TechLinearMove
0.572166,0.112993,0.192418,2.525556,0.160161,1.458266,#TechLinearMove
0.572463,0.108266,0.193527,2.528227,0.153514,1.463304,#TechLinearMove
0.572749,0.103515,0.194536,2.531904,0.143765,1.470602,#TechLinearMove
0.573083,0.098771,0.195561,2.535274,0.130648,1.480143,#TechLinearMove
0.573375,0.094014,0.196531,2.539090,0.117992,1.489398,#TechLinearMove
0.573652,0.089245,0.197443,2.543136,0.104471,1.499242,#TechLinearMove
0.574016,0.084496,0.198437,2.545641,0.088382,1.510570,#TechLinearMove
0.574287,0.079746,0.199455,2.547637,0.077647,1.518036,#TechLinearMove
0.574567,0.074992,0.200450,2.549641,0.067143,1.525252,#TechLinearMove
0.574912,0.070235,0.201406,2.552835,0.053287,1.534869,#TechLinearMove
0.575452,0.059646,0.201356,2.567975,0.047546,1.539662,#TechLinearMove
0.575963,0.054814,0.201080,2.582696,0.028553,1.551290,#TechLinearMove
0.576234,0.049953,0.201080,2.593683,0.008572,1.563090,#TechLinearMove
0.576431,0.045086,0.201089,2.601851,-0.000729,1.568367,#TechLinearMove
0.576647,0.040221,0.201039,2.608704,-0.013847,1.575924,#TechLinearMove
0.576881,0.035357,0.200979,2.617272,-0.025470,1.582373,#TechLinearMove
0.577183,0.030497,0.200919,2.625011,-0.035693,1.587935,#TechLinearMove
0.577459,0.025638,0.200763,2.632756,-0.041880,1.591060,#TechLinearMove
0.577684,0.020780,0.200502,2.641494,-0.045973,1.592812,#TechLinearMove
0.577923,0.015925,0.200207,2.650806,-0.050644,1.594758,#TechLinearMove
0.578214,0.011074,0.199885,2.660989,-0.054481,1.596084,#TechLinearMove
0.578605,0.006235,0.199506,2.671998,-0.056558,1.596316,#TechLinearMove
0.579132,0.001408,0.199133,2.682218,-0.059835,1.597207,#TechLinearMove
0.579651,-0.003417,0.198736,2.694314,-0.064211,1.598438,#TechLinearMove
0.580264,-0.008210,0.198126,2.710067,-0.069624,1.599921,#TechLinearMove
0.580781,-0.013026,0.197642,2.726709,-0.083782,1.605439,#TechLinearMove
0.581579,-0.020566,0.197962,2.729648,-0.082411,1.605642,#TechLinearMove
0.581548,-0.025499,0.198245,2.736554,-0.080460,1.605260,#TechLinearMove
0.581568,-0.030436,0.198412,2.740546,-0.075860,1.603908,#TechLinearMove
0.581683,-0.035374,0.198516,2.744822,-0.074374,1.603477,#TechLinearMove
0.581686,-0.040316,0.198507,2.750049,-0.072512,1.602811,#TechLinearMove
0.581711,-0.045256,0.198442,2.753181,-0.071633,1.602727,#TechLinearMove
0.581784,-0.050195,0.198316,2.755824,-0.072774,1.603499,#TechLinearMove
0.581914,-0.055131,0.198108,2.758779,-0.074576,1.604505,#TechLinearMove
0.582096,-0.060060,0.197821,2.761335,-0.078389,1.606355,#TechLinearMove
0.582460,-0.064979,0.197544,2.763520,-0.083007,1.608560,#TechLinearMove
0.582765,-0.069904,0.197295,2.767719,-0.088873,1.611426,#TechLinearMove
0.583077,-0.074830,0.197069,2.769804,-0.092981,1.613900,#TechLinearMove
0.583597,-0.082565,0.196218,2.767688,-0.088797,1.609031,#TechLinearMove
0.584331,-0.087423,0.195677,2.766277,-0.099118,1.613701,#TechLinearMove
0.584896,-0.092306,0.195145,2.765377,-0.106388,1.617023,#TechLinearMove
0.585451,-0.097190,0.194623,2.765516,-0.112079,1.619407,#TechLinearMove
0.586031,-0.102071,0.194090,2.767283,-0.118870,1.621999,#TechLinearMove
0.586600,-0.106953,0.193560,2.768929,-0.127467,1.625252,#TechLinearMove
0.586913,-0.111857,0.193016,2.769148,-0.135216,1.628444,#TechLinearMove
0.587231,-0.116764,0.192510,2.766497,-0.140499,1.631117,#TechLinearMove
0.587547,-0.121674,0.192017,2.765622,-0.145279,1.633301,#TechLinearMove
0.587845,-0.126587,0.191558,2.762628,-0.150239,1.635919,#TechLinearMove
0.588144,-0.131500,0.191094,2.756917,-0.156936,1.639818,#TechLinearMove
0.588401,-0.136417,0.190649,2.746690,-0.161770,1.643996,#TechLinearMove
0.589162,-0.148487,0.189403,2.745225,-0.141206,1.632676,#TechLinearMove
0.589677,-0.153432,0.188596,2.743591,-0.120497,1.622565,#TechLinearMove
0.590431,-0.158372,0.187978,2.747193,-0.100710,1.612260,#TechLinearMove
0.590949,-0.163360,0.187517,2.753159,-0.083157,1.603230,#TechLinearMove
0.591371,-0.168362,0.187112,2.757714,-0.070882,1.597020,#TechLinearMove
0.591748,-0.173374,0.186788,2.761688,-0.058464,1.590890,#TechLinearMove
0.592074,-0.178393,0.186547,2.766922,-0.046640,1.584904,#TechLinearMove
0.592342,-0.183420,0.186409,2.769248,-0.032012,1.578024,#TechLinearMove
0.592544,-0.188452,0.186366,2.768781,-0.014761,1.570288,#TechLinearMove
0.592696,-0.193486,0.186399,2.768492,0.001928,1.562690,#TechLinearMove
0.592845,-0.198520,0.186456,2.767667,0.019481,1.554768,#TechLinearMove
0.593015,-0.203553,0.186449,2.766450,0.036633,1.547159,#TechLinearMove
0.593149,-0.208586,0.186336,2.766236,0.052125,1.540294,#TechLinearMove
0.593148,-0.213618,0.186339,2.764224,0.071637,1.531284,#TechLinearMove
0.593137,-0.218653,0.186417,2.754483,0.099187,1.518182,#TechLinearMove
0.593341,-0.223679,0.186198,2.738815,0.133435,1.501828,#TechLinearMove
0.593834,-0.231300,0.184919,2.752017,0.116111,1.516047,#TechLinearMove
0.594942,-0.236194,0.184177,2.781523,0.126852,1.517703,#TechLinearMove
0.595418,-0.241246,0.183965,2.813257,0.127057,1.521830,#TechLinearMove
0.595754,-0.246307,0.183880,2.831893,0.131580,1.523567,#TechLinearMove
0.595732,-0.251359,0.184331,2.852283,0.137517,1.525467,#TechLinearMove
0.595332,-0.256313,0.185375,2.860823,0.148971,1.523957,#TechLinearMove
0.594678,-0.261167,0.186733,2.860259,0.165400,1.519706,#TechLinearMove
0.593957,-0.265950,0.188291,2.865173,0.180218,1.516991,#TechLinearMove
0.593351,-0.270749,0.189850,2.867280,0.204077,1.511236,#TechLinearMove
0.592770,-0.275585,0.191298,2.860214,0.234779,1.502528,#TechLinearMove
0.592012,-0.280307,0.192998,2.858547,0.267632,1.494114,#TechLinearMove
0.591680,-0.285159,0.194410,2.862155,0.302631,1.486013,#TechLinearMove
0.592092,-0.279935,0.194110,2.895611,0.248567,1.508538,#TechLinearMove
0.592652,-0.275415,0.192117,2.897179,0.205645,1.515276,#TechLinearMove
0.593286,-0.270861,0.190219,2.884227,0.189166,1.515432,#TechLinearMove
0.594002,-0.266326,0.188306,2.878145,0.171706,1.517385,#TechLinearMove
0.594921,-0.261815,0.186425,2.873132,0.155851,1.519257,#TechLinearMove
0.595874,-0.257233,0.184778,2.860694,0.150060,1.517747,#TechLinearMove
0.596238,-0.252417,0.183622,2.834276,0.157282,1.511476,#TechLinearMove
0.596195,-0.247473,0.183061,2.817259,0.151847,1.509160,#TechLinearMove
0.595828,-0.242542,0.182786,2.789478,0.140163,1.505792,#TechLinearMove
0.594262,-0.232071,0.184767,2.771998,0.137184,1.510877,#TechLinearMove
0.593704,-0.227293,0.185515,2.773875,0.103324,1.525647,#TechLinearMove
0.593436,-0.222443,0.185879,2.778827,0.072006,1.539323,#TechLinearMove
0.593187,-0.217592,0.186257,2.782281,0.046711,1.549506,#TechLinearMove
0.593032,-0.212731,0.186530,2.785507,0.026517,1.557527,#TechLinearMove
0.592860,-0.207863,0.186628,2.791312,0.004590,1.566634,#TechLinearMove
0.592810,-0.202992,0.186597,2.794134,-0.016021,1.575289,#TechLinearMove
0.592885,-0.198121,0.186502,2.793124,-0.032934,1.582436,#TechLinearMove
0.592990,-0.193251,0.186386,2.791284,-0.047766,1.588755,#TechLinearMove
0.593031,-0.188380,0.186323,2.788172,-0.060226,1.594309,#TechLinearMove
0.592991,-0.183508,0.186369,2.781729,-0.069785,1.599106,#TechLinearMove
0.592893,-0.178640,0.186541,2.773072,-0.080004,1.604428,#TechLinearMove
0.592706,-0.173782,0.186859,2.764246,-0.090412,1.609954,#TechLinearMove
0.592397,-0.168938,0.187275,2.755216,-0.097002,1.614224,#TechLinearMove
0.591937,-0.164110,0.187741,2.745262,-0.108566,1.620654,#TechLinearMove
0.591499,-0.159297,0.188355,2.734836,-0.123982,1.629373,#TechLinearMove
0.590868,-0.154535,0.189169,2.725429,-0.138859,1.638003,#TechLinearMove
0.590483,-0.146415,0.190419,2.744897,-0.138850,1.631756,#TechLinearMove
0.589706,-0.141367,0.190621,2.752749,-0.137359,1.630436,#TechLinearMove
0.589160,-0.136295,0.190977,2.760893,-0.136889,1.629323,#TechLinearMove
0.588648,-0.131222,0.191359,2.766232,-0.136322,1.628506,#TechLinearMove
0.588152,-0.126146,0.191727,2.770187,-0.133275,1.626991,#TechLinearMove
0.587642,-0.121074,0.192121,2.773351,-0.129562,1.625365,#TechLinearMove
0.587211,-0.116001,0.192589,2.774602,-0.125823,1.624025,#TechLinearMove
0.586880,-0.110926,0.193122,2.774597,-0.121236,1.622550,#TechLinearMove
0.586535,-0.105857,0.193693,2.773012,-0.115035,1.620654,#TechLinearMove
0.586157,-0.100795,0.194308,2.768934,-0.107909,1.618750,#TechLinearMove
0.585781,-0.095733,0.194928,2.767352,-0.100550,1.616535,#TechLinearMove
0.585392,-0.090673,0.195554,2.764954,-0.092846,1.614327,#TechLinearMove
0.584728,-0.082539,0.196645,2.770966,-0.085739,1.607508,#TechLinearMove
0.584421,-0.077347,0.197145,2.768374,-0.086569,1.607234,#TechLinearMove
0.583859,-0.072161,0.197425,2.766371,-0.085447,1.606395,#TechLinearMove
0.583394,-0.066967,0.197748,2.765020,-0.083210,1.605248,#TechLinearMove
0.582959,-0.061767,0.198021,2.763762,-0.081030,1.604106,#TechLinearMove
0.582543,-0.056564,0.198249,2.761605,-0.079214,1.603182,#TechLinearMove
0.582173,-0.051355,0.198404,2.758877,-0.078270,1.602657,#TechLinearMove
0.581860,-0.046140,0.198479,2.756087,-0.080153,1.603266,#TechLinearMove
0.581692,-0.040919,0.198526,2.752496,-0.083092,1.604376,#TechLinearMove
0.581596,-0.035697,0.198649,2.748014,-0.086850,1.605694,#TechLinearMove
0.581621,-0.030473,0.198622,2.742129,-0.095730,1.609052,#TechLinearMove
0.581958,-0.020219,0.198143,2.739898,-0.085257,1.605860,#TechLinearMove
0.581859,-0.015182,0.198310,2.723370,-0.070909,1.600290,#TechLinearMove
0.581277,-0.010203,0.198750,2.708160,-0.060154,1.595989,#TechLinearMove
0.580788,-0.005193,0.199023,2.696975,-0.055142,1.594159,#TechLinearMove
0.580258,-0.000192,0.199378,2.685527,-0.049993,1.592380,#TechLinearMove
0.579710,0.004805,0.199759,2.674905,-0.046796,1.591433,#TechLinearMove
0.579144,0.009799,0.200156,2.663852,-0.044737,1.591092,#TechLinearMove
0.578653,0.014808,0.200448,2.653940,-0.043264,1.590919,#TechLinearMove
0.578273,0.019828,0.200721,2.646197,-0.040726,1.589974,#TechLinearMove
0.577840,0.024847,0.200912,2.639208,-0.035313,1.587327,#TechLinearMove
0.577449,0.029873,0.201012,2.630714,-0.030637,1.585068,#TechLinearMove
0.577337,0.034910,0.201191,2.622455,-0.022495,1.580848,#TechLinearMove
0.577103,0.039945,0.201240,2.614826,-0.012928,1.575580,#TechLinearMove
0.576871,0.044981,0.201288,2.605986,-0.001845,1.569296,#TechLinearMove
0.576809,0.050022,0.201244,2.594498,0.016726,1.558613,#TechLinearMove
0.576314,0.055029,0.201487,2.582259,0.040814,1.544222,#TechLinearMove
0.575474,0.062648,0.201777,2.578056,0.036335,1.547301,#TechLinearMove
0.574858,0.067551,0.200993,2.569396,0.044311,1.541556,#TechLinearMove
0.574309,0.072453,0.200140,2.562684,0.059023,1.531433,#TechLinearMove
0.573937,0.077388,0.199400,2.556206,0.068591,1.524589,#TechLinearMove
0.573661,0.082311,0.198540,2.552410,0.080090,1.516550,#TechLinearMove
0.573302,0.087204,0.197542,2.549450,0.094592,1.506495,#TechLinearMove
0.572991,0.092105,0.196566,2.544635,0.111260,1.494592,#TechLinearMove
0.572705,0.096998,0.195545,2.538872,0.128495,1.482008,#TechLinearMove
0.572480,0.101893,0.194525,2.533590,0.142048,1.471938,#TechLinearMove
0.572311,0.106810,0.193597,2.526642,0.158573,1.459470,#TechLinearMove
0.571931,0.111689,0.192552,2.516530,0.175273,1.445963,#TechLinearMove
0.570895,0.113667,0.191150,2.513147,0.171509,1.447570,#TechLinearMove
0.569866,0.118223,0.189193,2.515345,0.176202,1.446714,#TechLinearMove
0.568958,0.122770,0.187163,2.519025,0.177988,1.447560,#TechLinearMove
0.568358,0.127388,0.185171,2.521674,0.180332,1.447697,#TechLinearMove
0.567201,0.131622,0.182645,2.524110,0.183573,1.447210,#TechLinearMove
0.565956,0.135779,0.180034,2.525386,0.188886,1.445079,#TechLinearMove
0.564740,0.140008,0.177529,2.522607,0.199600,1.438116,#TechLinearMove
0.563861,0.144448,0.175287,2.518539,0.215125,1.428137,#TechLinearMove
0.563308,0.144703,0.176080,2.518539,0.215125,1.428137,#TechMoveTo
0.512282,0.145878,0.143027,2.539599,0.230476,1.416654,#TechMoveTo
0.512812,0.145605,0.142225,2.539599,0.230476,1.416654,#TechMoveTo
0.512812,0.145605,0.142225,2.539599,0.230476,1.416654,#TechStartPoint
0.512507,0.142528,0.142827,2.548188,0.215894,1.428005,#TechLinearMove
0.511909,0.137999,0.143732,2.554820,0.203907,1.440096,#TechLinearMove
0.511806,0.133482,0.144933,2.559305,0.197520,1.446926,#TechLinearMove
0.511510,0.128962,0.146088,2.564832,0.193211,1.452687,#TechLinearMove
0.511712,0.124535,0.147518,2.571736,0.190318,1.458893,#TechLinearMove
0.510720,0.116845,0.148764,2.580256,0.192071,1.455649,#TechLinearMove
0.510648,0.111779,0.149645,2.584348,0.186509,1.459215,#TechLinearMove
0.510424,0.106753,0.150735,2.590468,0.175436,1.466747,#TechLinearMove
0.510063,0.101735,0.151829,2.595016,0.167113,1.472328,#TechLinearMove
0.509675,0.096728,0.152969,2.598891,0.155425,1.479698,#TechLinearMove
0.509273,0.091729,0.154138,2.603280,0.141136,1.488714,#TechLinearMove
0.508868,0.086733,0.155316,2.608989,0.129206,1.496585,#TechLinearMove
0.508397,0.081717,0.156373,2.613730,0.121103,1.501923,#TechLinearMove
0.507761,0.076707,0.157370,2.618516,0.112255,1.507425,#TechLinearMove
0.507332,0.071663,0.158303,2.621874,0.103921,1.512257,#TechLinearMove
0.507421,0.061406,0.158143,2.633663,0.113747,1.508413,#TechLinearMove
0.507532,0.056551,0.157893,2.628651,0.100316,1.515176,#TechLinearMove
0.507430,0.051696,0.158119,2.624292,0.085801,1.522949,#TechLinearMove
0.507329,0.046839,0.158340,2.622311,0.077949,1.527175,#TechLinearMove
0.507349,0.041983,0.158615,2.621260,0.070943,1.530978,#TechLinearMove
0.507358,0.037135,0.158998,2.618435,0.060573,1.536438,#TechLinearMove
0.507314,0.032297,0.159501,2.617695,0.053901,1.540066,#TechLinearMove
0.507226,0.027472,0.160105,2.618934,0.049321,1.542723,#TechLinearMove
0.507104,0.022659,0.160792,2.621184,0.044855,1.545384,#TechLinearMove
0.506970,0.017849,0.161504,2.624554,0.042688,1.546791,#TechLinearMove
0.506860,0.013031,0.162157,2.628554,0.043000,1.546781,#TechLinearMove
0.506811,0.008196,0.162681,2.632612,0.043702,1.546516,#TechLinearMove
0.506825,0.003347,0.163062,2.636057,0.043768,1.546580,#TechLinearMove
0.506841,-0.001508,0.163347,2.638255,0.042195,1.547534,#TechLinearMove
0.506757,-0.006367,0.163535,2.641684,0.039377,1.549230,#TechLinearMove
0.506664,-0.011225,0.163755,2.645906,0.036753,1.550830,#TechLinearMove
0.506636,-0.016088,0.163807,2.647608,0.033989,1.552397,#TechLinearMove
0.506765,-0.023903,0.163520,2.650972,0.028794,1.555331,#TechLinearMove
0.506925,-0.028690,0.163708,2.656825,0.018730,1.560830,#TechLinearMove
0.507139,-0.033476,0.163972,2.663015,0.007942,1.566548,#TechLinearMove
0.507302,-0.038271,0.164119,2.667212,-0.001135,1.571304,#TechLinearMove
0.507466,-0.043066,0.164261,2.672673,-0.006854,1.574252,#TechLinearMove
0.507634,-0.047860,0.164404,2.676339,-0.012569,1.577169,#TechLinearMove
0.507811,-0.052655,0.164527,2.680962,-0.015444,1.578638,#TechLinearMove
0.508018,-0.057450,0.164567,2.682643,-0.020961,1.581447,#TechLinearMove
0.508113,-0.062246,0.164430,2.686760,-0.025452,1.583652,#TechLinearMove
0.508313,-0.067035,0.164191,2.691530,-0.031241,1.586363,#TechLinearMove
0.508488,-0.071826,0.163953,2.697177,-0.037085,1.589133,#TechLinearMove
0.508672,-0.076615,0.163696,2.701718,-0.044241,1.592578,#TechLinearMove
0.509438,-0.084660,0.163002,2.703968,-0.056618,1.597547,#TechLinearMove
0.509655,-0.089583,0.162670,2.711177,-0.070868,1.602870,#TechLinearMove
0.510003,-0.094498,0.162340,2.719554,-0.084605,1.607719,#TechLinearMove
0.510268,-0.099412,0.161927,2.726835,-0.095114,1.611308,#TechLinearMove
0.510495,-0.104326,0.161490,2.732736,-0.104559,1.614466,#TechLinearMove
0.510797,-0.109239,0.161086,2.737277,-0.111216,1.616582,#TechLinearMove
0.511074,-0.114157,0.160719,2.739178,-0.117363,1.618742,#TechLinearMove
0.511375,-0.119071,0.160323,2.743611,-0.122707,1.620209,#TechLinearMove
0.511692,-0.123978,0.159867,2.744889,-0.129891,1.622850,#TechLinearMove
0.511967,-0.128880,0.159329,2.745405,-0.135401,1.624928,#TechLinearMove
0.512342,-0.133781,0.158856,2.745651,-0.142460,1.627584,#TechLinearMove
0.512633,-0.138694,0.158463,2.746324,-0.154071,1.632029,#TechLinearMove
0.513304,-0.148954,0.156933,2.738670,-0.150401,1.633230,#TechLinearMove
0.513605,-0.153895,0.156276,2.736675,-0.137862,1.627402,#TechLinearMove
0.513933,-0.158830,0.155584,2.735212,-0.125278,1.621441,#TechLinearMove
0.514274,-0.163758,0.154856,2.734987,-0.117610,1.617755,#TechLinearMove
0.514615,-0.168688,0.154138,2.735124,-0.109572,1.613913,#TechLinearMove
0.514930,-0.173624,0.153450,2.734976,-0.101778,1.610229,#TechLinearMove
0.515228,-0.178567,0.152805,2.732768,-0.095728,1.607552,#TechLinearMove
0.515511,-0.183513,0.152179,2.727354,-0.088102,1.604542,#TechLinearMove
0.515799,-0.188457,0.151541,2.719949,-0.078266,1.600669,#TechLinearMove
0.516101,-0.193398,0.150882,2.710021,-0.065543,1.595516,#TechLinearMove
0.516439,-0.198336,0.150220,2.696984,-0.050053,1.589076,#TechLinearMove
0.516825,-0.203272,0.149569,2.682791,-0.033943,1.581913,#TechLinearMove
0.517208,-0.208208,0.148921,2.668010,-0.017201,1.573975,#TechLinearMove
0.517582,-0.213148,0.148296,2.653880,-0.002770,1.567192,#TechLinearMove
0.517939,-0.218093,0.147698,2.639950,0.010896,1.560637,#TechLinearMove
0.518365,-0.223025,0.147042,2.617327,0.036844,1.547164,#TechLinearMove
0.518884,-0.227941,0.146335,2.600065,0.061956,1.532812,#TechLinearMove
0.519378,-0.236016,0.145705,2.602957,0.059762,1.534517,#TechLinearMove
0.519292,-0.240789,0.146463,2.596795,0.074801,1.521909,#TechLinearMove
0.518883,-0.245472,0.147633,2.579068,0.093510,1.505496,#TechLinearMove
0.518500,-0.250180,0.148720,2.568829,0.104841,1.495414,#TechLinearMove
0.518051,-0.254846,0.149953,2.561910,0.116072,1.485660,#TechLinearMove
0.517563,-0.259483,0.151278,2.552007,0.129117,1.474421,#TechLinearMove
0.517285,-0.264132,0.152621,2.540711,0.145967,1.459805,#TechLinearMove
0.517022,-0.268798,0.153908,2.531284,0.160082,1.447387,#TechLinearMove
0.516673,-0.273503,0.155017,2.525611,0.174982,1.434934,#TechLinearMove
0.516408,-0.278220,0.156100,2.524843,0.186090,1.426116,#TechLinearMove
0.516320,-0.282981,0.156982,2.523544,0.201258,1.413563,#TechLinearMove
0.516556,-0.287771,0.157680,2.518749,0.221245,1.396333,#TechLinearMove
0.516515,-0.282331,0.156485,2.517357,0.218421,1.406805,#TechLinearMove
0.516319,-0.277251,0.155964,2.533674,0.190076,1.431971,#TechLinearMove
0.516418,-0.272234,0.154988,2.532097,0.175469,1.442352,#TechLinearMove
0.516725,-0.267266,0.153829,2.535027,0.158078,1.455681,#TechLinearMove
0.517216,-0.262377,0.152425,2.546854,0.138593,1.471784,#TechLinearMove
0.517806,-0.257562,0.150812,2.559629,0.121880,1.485760,#TechLinearMove
0.518411,-0.252772,0.149130,2.569299,0.107234,1.497373,#TechLinearMove
0.519007,-0.247961,0.147505,2.583325,0.087646,1.512589,#TechLinearMove
0.519325,-0.243149,0.145837,2.615365,0.059228,1.535725,#TechLinearMove
0.519254,-0.233023,0.145893,2.614232,0.045099,1.544053,#TechLinearMove
0.518717,-0.227957,0.146519,2.626576,0.025448,1.554639,#TechLinearMove
0.518257,-0.222890,0.147201,2.638152,0.004628,1.565412,#TechLinearMove
0.517914,-0.217797,0.147741,2.648486,-0.009714,1.572509,#TechLinearMove
0.517543,-0.212714,0.148348,2.658135,-0.021923,1.578213,#TechLinearMove
0.517155,-0.207636,0.148996,2.672408,-0.037602,1.585401,#TechLinearMove
0.516753,-0.202562,0.149659,2.683707,-0.051021,1.591136,#TechLinearMove
0.516350,-0.197487,0.150316,2.696934,-0.066427,1.597657,#TechLinearMove
0.516024,-0.192410,0.150995,2.706539,-0.077084,1.601814,#TechLinearMove
0.515709,-0.187331,0.151669,2.716985,-0.088974,1.606332,#TechLinearMove
0.515414,-0.182248,0.152318,2.728077,-0.098098,1.609327,#TechLinearMove
0.515126,-0.177163,0.152961,2.736218,-0.105361,1.611620,#TechLinearMove
0.514804,-0.172086,0.153645,2.740828,-0.112566,1.614279,#TechLinearMove
0.514475,-0.167016,0.154372,2.743621,-0.120823,1.617605,#TechLinearMove
0.514130,-0.161947,0.155106,2.747793,-0.132856,1.622504,#TechLinearMove
0.513820,-0.156871,0.155799,2.751837,-0.146331,1.627958,#TechLinearMove
0.513305,-0.148940,0.156905,2.737130,-0.151910,1.634170,#TechLinearMove
0.512973,-0.143844,0.157661,2.735309,-0.139572,1.629455,#TechLinearMove
0.512716,-0.138720,0.158234,2.734150,-0.133594,1.627240,#TechLinearMove
0.512389,-0.133601,0.158830,2.734112,-0.131104,1.626286,#TechLinearMove
0.512004,-0.128483,0.159389,2.731482,-0.125971,1.624627,#TechLinearMove
0.511636,-0.123359,0.159903,2.730833,-0.118291,1.621568,#TechLinearMove
0.511299,-0.118226,0.160358,2.732292,-0.112314,1.618923,#TechLinearMove
0.510985,-0.113089,0.160768,2.731335,-0.108082,1.617370,#TechLinearMove
0.510679,-0.107951,0.161173,2.729179,-0.102865,1.615546,#TechLinearMove
0.510359,-0.102815,0.161596,2.727038,-0.095261,1.612691,#TechLinearMove
0.510095,-0.097677,0.162036,2.723999,-0.084542,1.608658,#TechLinearMove
0.509953,-0.092528,0.162380,2.720039,-0.074675,1.605080,#TechLinearMove
0.509438,-0.084660,0.163002,2.720309,-0.079426,1.606535,#TechLinearMove
0.509027,-0.079657,0.163417,2.710078,-0.058922,1.597666,#TechLinearMove
0.508745,-0.074638,0.163752,2.702732,-0.048432,1.593193,#TechLinearMove
0.508367,-0.069623,0.164038,2.696504,-0.038535,1.588882,#TechLinearMove
0.507902,-0.064610,0.164227,2.690878,-0.029437,1.584711,#TechLinearMove
0.507535,-0.059588,0.164331,2.685716,-0.023142,1.581790,#TechLinearMove
0.507283,-0.054556,0.164327,2.681678,-0.019689,1.580187,#TechLinearMove
0.507076,-0.049524,0.164222,2.676917,-0.017372,1.579140,#TechLinearMove
0.506892,-0.044491,0.164071,2.671626,-0.012249,1.576653,#TechLinearMove
0.506601,-0.039467,0.163881,2.664608,-0.002651,1.571903,#TechLinearMove
0.506706,-0.034436,0.163647,2.657936,0.004293,1.568423,#TechLinearMove
0.506749,-0.024130,0.163554,2.649420,0.015498,1.562286,#TechLinearMove
0.506670,-0.019284,0.163714,2.647992,0.022485,1.558525,#TechLinearMove
0.506582,-0.014439,0.163608,2.647703,0.030490,1.554248,#TechLinearMove
0.506447,-0.009595,0.163427,2.645319,0.034741,1.551881,#TechLinearMove
0.506354,-0.004750,0.163225,2.642056,0.038942,1.549493,#TechLinearMove
0.506282,0.000092,0.162973,2.638693,0.042674,1.547327,#TechLinearMove
0.506245,0.004931,0.162646,2.636051,0.044227,1.546399,#TechLinearMove
0.506257,0.009762,0.162220,2.633323,0.044237,1.546348,#TechLinearMove
0.506333,0.014576,0.161651,2.630156,0.045631,1.545472,#TechLinearMove
0.506462,0.019376,0.160965,2.626816,0.048189,1.543911,#TechLinearMove
0.506604,0.024170,0.160252,2.623215,0.050467,1.542485,#TechLinearMove
0.506770,0.028971,0.159590,2.620178,0.054141,1.540255,#TechLinearMove
0.506998,0.033788,0.159078,2.619875,0.059891,1.537055,#TechLinearMove
0.507184,0.038617,0.158674,2.620336,0.069959,1.531500,#TechLinearMove
0.507321,0.043455,0.158369,2.620522,0.078508,1.526684,#TechLinearMove
0.507570,0.048266,0.157816,2.620003,0.090474,1.519953,#TechLinearMove
0.507681,0.053105,0.157567,2.622317,0.105813,1.511557,#TechLinearMove
0.507404,0.061038,0.158181,2.627087,0.106410,1.511413,#TechLinearMove
0.507440,0.065933,0.158074,2.621880,0.111310,1.508815,#TechLinearMove
0.507636,0.070809,0.157644,2.618423,0.117091,1.505801,#TechLinearMove
0.507779,0.075680,0.157173,2.615879,0.123362,1.502328,#TechLinearMove
0.507911,0.080509,0.156363,2.612874,0.131719,1.497536,#TechLinearMove
0.508156,0.085291,0.155323,2.608869,0.139994,1.492506,#TechLinearMove
0.508541,0.090045,0.154204,2.602177,0.149484,1.486163,#TechLinearMove
0.508926,0.094803,0.153099,2.599028,0.159179,1.480356,#TechLinearMove
0.509298,0.099567,0.152015,2.593847,0.170569,1.473120,#TechLinearMove
0.509653,0.104338,0.150957,2.588591,0.179938,1.466978,#TechLinearMove
0.509947,0.109098,0.149844,2.581492,0.192809,1.458561,#TechLinearMove
0.510510,0.113921,0.149201,2.574233,0.204131,1.451090,#TechLinearMove
0.510632,0.115925,0.148965,2.579286,0.204222,1.448053,#TechLinearMove
0.511205,0.121296,0.148002,2.572999,0.198945,1.448598,#TechLinearMove
0.511598,0.126622,0.146802,2.567120,0.193862,1.449517,#TechLinearMove
0.511778,0.131915,0.145370,2.559311,0.195543,1.445690,#TechLinearMove
0.511977,0.137215,0.143964,2.552877,0.204403,1.437644,#TechLinearMove
0.512507,0.142528,0.142827,2.547227,0.217036,1.426984,#TechLinearMove
0.511978,0.142785,0.143636,2.547227,0.217036,1.426984,#TechMoveTo
0.562201,0.147655,0.174562,2.515636,0.231806,1.425632,#TechMoveTo
0.562753,0.147386,0.173773,2.515636,0.231806,1.425632,#TechMoveTo
0.563173,0.144436,0.174830,2.511771,0.219686,1.423029,#TechLinearMove
0.562424,0.139239,0.176152,2.520413,0.195617,1.438936,#TechLinearMove
0.561700,0.134041,0.177477,2.526200,0.178371,1.450286,#TechLinearMove
0.561025,0.128819,0.178734,2.530377,0.167820,1.456470,#TechLinearMove
0.560424,0.123571,0.179921,2.534715,0.160894,1.459131,#TechLinearMove
0.559931,0.118333,0.180718,2.531169,0.165714,1.455501,#TechLinearMove
0.559443,0.113529,0.181608,2.532613,0.159093,1.460357,#TechLinearMove
0.559021,0.108684,0.182295,2.533389,0.153979,1.464035,#TechLinearMove
0.558560,0.103832,0.182907,2.535498,0.147164,1.469159,#TechLinearMove
0.558043,0.098988,0.183528,2.537365,0.135541,1.477451,#TechLinearMove
0.557523,0.094144,0.184153,2.539730,0.121017,1.487780,#TechLinearMove
0.556969,0.089313,0.184842,2.543114,0.104598,1.499472,#TechLinearMove
0.556362,0.084508,0.185654,2.547323,0.089105,1.510529,#TechLinearMove
0.555751,0.079723,0.186580,2.552259,0.077820,1.518764,#TechLinearMove
0.555204,0.074942,0.187560,2.557761,0.069584,1.524995,#TechLinearMove
0.554640,0.070171,0.188581,2.564860,0.059451,1.532535,#TechLinearMove
0.554923,0.060068,0.188383,2.561802,0.055745,1.534610,#TechLinearMove
0.555464,0.055102,0.188027,2.573669,0.043535,1.542273,#TechLinearMove
0.555819,0.050102,0.188268,2.588463,0.025173,1.553383,#TechLinearMove
0.556049,0.045088,0.188408,2.598296,0.012220,1.561011,#TechLinearMove
0.556300,0.040074,0.188503,2.607902,0.001297,1.567185,#TechLinearMove
0.556535,0.035059,0.188618,2.618086,-0.006967,1.571816,#TechLinearMove
0.556647,0.030042,0.188788,2.626238,-0.016097,1.576915,#TechLinearMove
0.556832,0.025030,0.189025,2.636579,-0.020893,1.579294,#TechLinearMove
0.557026,0.020016,0.189216,2.646694,-0.025708,1.581689,#TechLinearMove
0.557055,0.014996,0.189177,2.654667,-0.028486,1.582920,#TechLinearMove
0.557164,0.009979,0.188986,2.661419,-0.029032,1.582854,#TechLinearMove
0.557362,0.004975,0.188630,2.668049,-0.030337,1.583229,#TechLinearMove
0.557593,-0.000025,0.188230,2.675362,-0.032746,1.584046,#TechLinearMove
0.557979,-0.005021,0.187905,2.681657,-0.034133,1.584443,#TechLinearMove
0.558341,-0.010001,0.187372,2.692200,-0.041288,1.587517,#TechLinearMove
0.558705,-0.014986,0.186901,2.702323,-0.051366,1.591900,#TechLinearMove
0.558929,-0.022624,0.186670,2.701950,-0.044635,1.590257,#TechLinearMove
0.559198,-0.027520,0.186958,2.706025,-0.051670,1.593727,#TechLinearMove
0.559334,-0.032425,0.187175,2.709504,-0.053347,1.594700,#TechLinearMove
0.559512,-0.037333,0.187299,2.711885,-0.055897,1.595965,#TechLinearMove
0.559705,-0.042241,0.187398,2.714521,-0.057244,1.596653,#TechLinearMove
0.559884,-0.047150,0.187460,2.715939,-0.059322,1.597725,#TechLinearMove
0.559917,-0.052062,0.187398,2.719986,-0.065759,1.600550,#TechLinearMove
0.559990,-0.056972,0.187265,2.722748,-0.070084,1.602466,#TechLinearMove
0.560098,-0.061880,0.187075,2.725219,-0.076309,1.605258,#TechLinearMove
0.560388,-0.066780,0.186896,2.726221,-0.083261,1.608483,#TechLinearMove
0.560622,-0.071683,0.186705,2.729521,-0.092386,1.612617,#TechLinearMove
0.560852,-0.076588,0.186536,2.734230,-0.104223,1.617776,#TechLinearMove
0.561261,-0.084522,0.185859,2.732985,-0.107065,1.618071,#TechLinearMove
0.562027,-0.089213,0.185237,2.726850,-0.107955,1.619403,#TechLinearMove
0.562663,-0.093914,0.184551,2.722572,-0.113082,1.622346,#TechLinearMove
0.563252,-0.098630,0.183927,2.720177,-0.118677,1.625207,#TechLinearMove
0.563878,-0.103333,0.183243,2.715394,-0.123160,1.627978,#TechLinearMove
0.564517,-0.108030,0.182529,2.711656,-0.126843,1.630248,#TechLinearMove
0.564938,-0.112746,0.181780,2.707772,-0.132008,1.633231,#TechLinearMove
0.565324,-0.117475,0.181102,2.703488,-0.137703,1.636587,#TechLinearMove
0.565917,-0.122204,0.180600,2.697393,-0.144859,1.640983,#TechLinearMove
0.566550,-0.126933,0.180138,2.692386,-0.150669,1.644610,#TechLinearMove
0.567132,-0.131665,0.179640,2.684494,-0.154382,1.647859,#TechLinearMove
0.567768,-0.136403,0.179286,2.676945,-0.159981,1.651990,#TechLinearMove
0.569316,-0.146043,0.178063,2.675078,-0.151831,1.647596,#TechLinearMove
0.569945,-0.150911,0.177243,2.680019,-0.134459,1.638868,#TechLinearMove
0.570511,-0.155783,0.176396,2.681519,-0.112820,1.628620,#TechLinearMove
0.571152,-0.160670,0.175715,2.682609,-0.094919,1.619947,#TechLinearMove
0.571547,-0.165561,0.174903,2.683913,-0.080014,1.612773,#TechLinearMove
0.571906,-0.170463,0.174132,2.685109,-0.066573,1.606370,#TechLinearMove
0.572250,-0.175391,0.173534,2.687638,-0.053161,1.599921,#TechLinearMove
0.572498,-0.180343,0.173113,2.690496,-0.039570,1.593446,#TechLinearMove
0.572616,-0.185312,0.172900,2.693812,-0.026616,1.587354,#TechLinearMove
0.572489,-0.190277,0.173033,2.699294,-0.014632,1.581693,#TechLinearMove
0.572139,-0.195211,0.173556,2.706762,-0.003987,1.576664,#TechLinearMove
0.571710,-0.200112,0.174311,2.713919,0.006639,1.571757,#TechLinearMove
0.571236,-0.204998,0.175131,2.719107,0.018949,1.566338,#TechLinearMove
0.570800,-0.209878,0.176000,2.724884,0.031905,1.560777,#TechLinearMove
0.570418,-0.214744,0.176960,2.728865,0.048958,1.553329,#TechLinearMove
0.569662,-0.219496,0.178222,2.736465,0.067568,1.545494,#TechLinearMove
0.568807,-0.224186,0.179651,2.739353,0.090698,1.535730,#TechLinearMove
0.568966,-0.231695,0.179653,2.729752,0.109202,1.525135,#TechLinearMove
0.569612,-0.236334,0.178451,2.733984,0.125232,1.507360,#TechLinearMove
0.570199,-0.241039,0.177515,2.737664,0.138081,1.492528,#TechLinearMove
0.570742,-0.245785,0.176766,2.743929,0.146632,1.483955,#TechLinearMove
0.571176,-0.250555,0.176124,2.752781,0.150546,1.477950,#TechLinearMove
0.571725,-0.255346,0.175807,2.765163,0.148637,1.474617,#TechLinearMove
0.571898,-0.260175,0.175786,2.777796,0.140799,1.473753,#TechLinearMove
0.571939,-0.264974,0.176364,2.792005,0.137145,1.471838,#TechLinearMove
0.571735,-0.269676,0.177479,2.799408,0.143430,1.464884,#TechLinearMove
0.571160,-0.274192,0.179108,2.815930,0.145315,1.462335,#TechLinearMove
0.570301,-0.278556,0.180999,2.823776,0.152274,1.455906,#TechLinearMove
0.569595,-0.282933,0.182899,2.831709,0.162218,1.444271,#TechLinearMove
0.568622,-0.287091,0.185143,2.830916,0.187003,1.425997,#TechLinearMove
0.570599,-0.281883,0.181791,2.827795,0.199914,1.463484,#TechLinearMove
0.571270,-0.277424,0.179943,2.813204,0.187069,1.472647,#TechLinearMove
0.571840,-0.272876,0.178231,2.798401,0.178802,1.477314,#TechLinearMove
0.572222,-0.268203,0.176848,2.781364,0.178908,1.477347,#TechLinearMove
0.572251,-0.263416,0.175860,2.759941,0.182650,1.475189,#TechLinearMove
0.571985,-0.258562,0.175339,2.739920,0.185702,1.473956,#TechLinearMove
0.571610,-0.253687,0.175360,2.728973,0.187427,1.475349,#TechLinearMove
0.571247,-0.248837,0.175899,2.728012,0.183823,1.481011,#TechLinearMove
0.570535,-0.244071,0.176778,2.725316,0.176334,1.488801,#TechLinearMove
0.569935,-0.239359,0.177963,2.727980,0.157792,1.506459,#TechLinearMove
0.568932,-0.229114,0.179710,2.733001,0.118589,1.520904,#TechLinearMove
0.569464,-0.224213,0.178790,2.731544,0.085222,1.535690,#TechLinearMove
0.570168,-0.219396,0.177559,2.727980,0.058811,1.547347,#TechLinearMove
0.570605,-0.214457,0.176793,2.723032,0.038334,1.556416,#TechLinearMove
0.571023,-0.209508,0.176054,2.719171,0.022357,1.563680,#TechLinearMove
0.571476,-0.204570,0.175255,2.712771,0.011885,1.568373,#TechLinearMove
0.571926,-0.199633,0.174457,2.706990,-0.000066,1.573848,#TechLinearMove
0.572335,-0.194682,0.173724,2.702036,-0.012477,1.579690,#TechLinearMove
0.572612,-0.189697,0.173220,2.697120,-0.023801,1.585129,#TechLinearMove
0.572682,-0.184682,0.173095,2.692480,-0.035215,1.590714,#TechLinearMove
0.572571,-0.179668,0.173298,2.687248,-0.046329,1.596318,#TechLinearMove
0.572321,-0.174673,0.173735,2.683056,-0.058309,1.602309,#TechLinearMove
0.571967,-0.169704,0.174368,2.682662,-0.073095,1.609362,#TechLinearMove
0.571566,-0.164748,0.175079,2.682634,-0.092558,1.618758,#TechLinearMove
0.571161,-0.159795,0.175796,2.681924,-0.123074,1.633589,#TechLinearMove
0.570660,-0.154884,0.176718,2.676535,-0.144155,1.644298,#TechLinearMove
0.569919,-0.147701,0.178002,2.685583,-0.152706,1.645931,#TechLinearMove
0.569455,-0.142677,0.178822,2.687709,-0.152010,1.645462,#TechLinearMove
0.568604,-0.137659,0.179272,2.691900,-0.152715,1.645191,#TechLinearMove
0.567882,-0.132632,0.179853,2.694936,-0.152274,1.644551,#TechLinearMove
0.567177,-0.127598,0.180393,2.697118,-0.148607,1.642583,#TechLinearMove
0.566492,-0.122556,0.180884,2.700326,-0.143591,1.639812,#TechLinearMove
0.565801,-0.117516,0.181388,2.704668,-0.137273,1.636206,#TechLinearMove
0.565082,-0.112484,0.181931,2.708713,-0.131275,1.632852,#TechLinearMove
0.564468,-0.107461,0.182633,2.712117,-0.126611,1.630283,#TechLinearMove
0.563989,-0.102444,0.183485,2.715318,-0.120355,1.627050,#TechLinearMove
0.563509,-0.097424,0.184326,2.719110,-0.114130,1.623812,#TechLinearMove
0.562985,-0.092422,0.185242,2.722400,-0.109132,1.621257,#TechLinearMove
0.562348,-0.084516,0.186414,2.724124,-0.103810,1.617689,#TechLinearMove
0.561883,-0.079371,0.186674,2.726286,-0.097653,1.614170,#TechLinearMove
0.561427,-0.074216,0.186858,2.727989,-0.091258,1.610813,#TechLinearMove
0.561027,-0.069056,0.187085,2.728879,-0.084056,1.607308,#TechLinearMove
0.560656,-0.063893,0.187260,2.728130,-0.075549,1.603339,#TechLinearMove
0.560310,-0.058726,0.187386,2.727089,-0.067887,1.599764,#TechLinearMove
0.560017,-0.053555,0.187429,2.725166,-0.063095,1.597528,#TechLinearMove
0.559878,-0.048379,0.187453,2.722369,-0.059567,1.595904,#TechLinearMove
0.559859,-0.043199,0.187489,2.719330,-0.056522,1.594495,#TechLinearMove
0.559820,-0.038020,0.187557,2.714479,-0.054335,1.593375,#TechLinearMove
0.559898,-0.032844,0.187428,2.712441,-0.058552,1.594877,#TechLinearMove
0.559964,-0.022439,0.187307,2.709575,-0.051262,1.593045,#TechLinearMove
0.559600,-0.017295,0.187465,2.696900,-0.036364,1.586233,#TechLinearMove
0.559060,-0.012170,0.187824,2.686961,-0.026027,1.581410,#TechLinearMove
0.558691,-0.007025,0.188109,2.679858,-0.023311,1.580215,#TechLinearMove
0.558323,-0.001881,0.188407,2.673065,-0.021730,1.579595,#TechLinearMove
0.557928,0.003260,0.188737,2.667011,-0.020061,1.578887,#TechLinearMove
0.557569,0.008406,0.189013,2.658207,-0.017444,1.577829,#TechLinearMove
0.557292,0.013563,0.189140,2.652027,-0.014345,1.576353,#TechLinearMove
0.557086,0.018725,0.189137,2.646089,-0.010768,1.574550,#TechLinearMove
0.557072,0.023890,0.189136,2.638738,-0.010049,1.574262,#TechLinearMove
0.557106,0.029056,0.189079,2.629944,-0.006630,1.572419,#TechLinearMove
0.557007,0.034218,0.188915,2.619457,-0.001079,1.569253,#TechLinearMove
0.556997,0.039384,0.188910,2.610876,0.008901,1.563439,#TechLinearMove
0.556754,0.044543,0.188820,2.601961,0.021053,1.556368,#TechLinearMove
0.556773,0.049700,0.188519,2.588116,0.037864,1.546420,#TechLinearMove
0.556450,0.054849,0.188641,2.568464,0.054855,1.535626,#TechLinearMove
0.556167,0.062259,0.189569,2.561112,0.051267,1.537384,#TechLinearMove
0.555961,0.067348,0.188747,2.557969,0.059466,1.531511,#TechLinearMove
0.556042,0.072437,0.187894,2.555283,0.071025,1.523404,#TechLinearMove
0.556129,0.077542,0.187132,2.553616,0.082822,1.515254,#TechLinearMove
0.556373,0.082612,0.186188,2.552304,0.094503,1.507274,#TechLinearMove
0.556778,0.087669,0.185241,2.549935,0.107596,1.498175,#TechLinearMove
0.557347,0.092738,0.184434,2.546824,0.121497,1.488364,#TechLinearMove
0.557906,0.097812,0.183658,2.544031,0.134710,1.478927,#TechLinearMove
0.558446,0.102895,0.182925,2.540986,0.146521,1.470300,#TechLinearMove
0.558968,0.107996,0.182319,2.538802,0.160120,1.460632,#TechLinearMove
0.559340,0.113106,0.181679,2.532949,0.168456,1.453568,#TechLinearMove
0.559752,0.116309,0.181033,2.531689,0.171530,1.451624,#TechLinearMove
0.560188,0.121063,0.180253,2.525493,0.174367,1.450524,#TechLinearMove
0.560658,0.125793,0.179355,2.524602,0.176997,1.449945,#TechLinearMove
0.561216,0.130492,0.178347,2.525737,0.180165,1.449483,#TechLinearMove
0.561836,0.135150,0.177196,2.528638,0.190230,1.444672,#TechLinearMove
0.562494,0.139794,0.176011,2.524389,0.202314,1.436494,#TechLinearMove
0.563173,0.144436,0.174830,2.517207,0.220870,1.423850,#TechLinearMove
0.562620,0.144697,0.175621,2.517207,0.220870,1.423850,#TechMoveTo
0.512282,0.145878,0.143027,2.539599,0.230476,1.416654,#TechMoveTo
0.512812,0.145605,0.142225,2.539599,0.230476,1.416654,#TechMoveTo
0.510533,0.143556,0.141146,2.545466,0.219582,1.424799,#TechLinearMove
0.507338,0.140017,0.140031,2.553773,0.208008,1.435407,#TechLinearMove
0.503981,0.136648,0.138851,2.555416,0.201593,1.440532,#TechLinearMove
0.500663,0.133153,0.137958,2.561066,0.199434,1.444090,#TechLinearMove
0.497104,0.129913,0.137023,2.560050,0.205081,1.440883,#TechLinearMove
0.493779,0.126363,0.136457,2.560554,0.212966,1.436568,#TechLinearMove
0.490426,0.122831,0.135903,2.560583,0.217415,1.434597,#TechLinearMove
0.489678,0.117730,0.137607,2.568249,0.215323,1.435944,#TechLinearMove
0.489021,0.112925,0.138793,2.571211,0.205855,1.442170,#TechLinearMove
0.488587,0.108116,0.140078,2.569746,0.197439,1.446733,#TechLinearMove
0.488196,0.103312,0.141393,2.571230,0.186075,1.453840,#TechLinearMove
0.487768,0.098486,0.142613,2.574086,0.173919,1.461789,#TechLinearMove
0.487383,0.093631,0.143722,2.576591,0.161247,1.469949,#TechLinearMove
0.487048,0.088753,0.144752,2.578166,0.147965,1.478224,#TechLinearMove
0.486651,0.083858,0.145667,2.580245,0.135848,1.485858,#TechLinearMove
0.486248,0.078931,0.146378,2.584545,0.126263,1.492427,#TechLinearMove
0.485917,0.073968,0.146848,2.581223,0.117802,1.496884,#TechLinearMove
0.485727,0.069004,0.147386,2.580514,0.107027,1.503039,#TechLinearMove
0.485862,0.058978,0.147078,2.579860,0.092782,1.512267,#TechLinearMove
0.485795,0.053964,0.147209,2.580339,0.083855,1.518230,#TechLinearMove
0.485688,0.048956,0.147486,2.581549,0.079343,1.521512,#TechLinearMove
0.485644,0.043941,0.147596,2.579823,0.074695,1.524402,#TechLinearMove
0.485724,0.038929,0.147803,2.580630,0.070318,1.527417,#TechLinearMove
0.485797,0.033920,0.148083,2.580108,0.066072,1.530225,#TechLinearMove
0.485839,0.028915,0.148436,2.581218,0.063879,1.531883,#TechLinearMove
0.485866,0.023914,0.148829,2.580419,0.062105,1.533121,#TechLinearMove
0.485902,0.018914,0.149245,2.579961,0.060592,1.534220,#TechLinearMove
0.485949,0.013911,0.149622,2.578050,0.059914,1.534700,#TechLinearMove
0.486022,0.008905,0.149937,2.575716,0.058590,1.535562,#TechLinearMove
0.486099,0.003895,0.150193,2.574281,0.055840,1.537369,#TechLinearMove
0.486185,-0.001114,0.150473,2.572382,0.051678,1.540083,#TechLinearMove
0.486097,-0.006125,0.150701,2.570973,0.050862,1.540695,#TechLinearMove
0.486003,-0.011134,0.150978,2.567799,0.046647,1.543525,#TechLinearMove
0.485930,-0.016148,0.151122,2.565013,0.044639,1.545014,#TechLinearMove
0.485871,-0.023701,0.151279,2.561205,0.042855,1.544322,#TechLinearMove
0.485642,-0.028645,0.151860,2.563774,0.028810,1.552504,#TechLinearMove
0.485480,-0.033608,0.152294,2.563412,0.019813,1.557519,#TechLinearMove
0.485332,-0.038577,0.152646,2.562030,0.012040,1.562026,#TechLinearMove
0.485210,-0.043550,0.152953,2.562200,0.004500,1.566435,#TechLinearMove
0.485194,-0.048524,0.153263,2.561559,-0.002753,1.570653,#TechLinearMove
0.485317,-0.053498,0.153546,2.558134,-0.010216,1.574994,#TechLinearMove
0.485499,-0.058476,0.153698,2.555773,-0.017853,1.579484,#TechLinearMove
0.485719,-0.063455,0.153734,2.554177,-0.026373,1.584643,#TechLinearMove
0.485979,-0.068432,0.153701,2.552166,-0.035389,1.590181,#TechLinearMove
0.486296,-0.073405,0.153722,2.551474,-0.044408,1.595439,#TechLinearMove
0.486640,-0.078369,0.153634,2.549310,-0.060657,1.605247,#TechLinearMove
0.487209,-0.086410,0.153233,2.551821,-0.063980,1.610406,#TechLinearMove
0.487295,-0.091175,0.153026,2.547682,-0.073884,1.617528,#TechLinearMove
0.487526,-0.095929,0.152670,2.544420,-0.079402,1.621627,#TechLinearMove
0.487787,-0.100681,0.152304,2.541176,-0.083452,1.624739,#TechLinearMove
0.488074,-0.105429,0.151899,2.539216,-0.089454,1.629010,#TechLinearMove
0.488363,-0.110174,0.151464,2.542412,-0.094239,1.631866,#TechLinearMove
0.488687,-0.114910,0.150968,2.545666,-0.099622,1.635046,#TechLinearMove
0.489021,-0.119644,0.150452,2.549175,-0.104547,1.637772,#TechLinearMove
0.489427,-0.124375,0.149972,2.552777,-0.110539,1.641168,#TechLinearMove
0.489761,-0.129117,0.149533,2.555465,-0.116457,1.644663,#TechLinearMove
0.490119,-0.133854,0.149071,2.557737,-0.124313,1.649475,#TechLinearMove
0.490398,-0.138604,0.148712,2.560030,-0.135259,1.656205,#TechLinearMove
0.490811,-0.149296,0.147767,2.567617,-0.125354,1.649946,#TechLinearMove
0.491148,-0.154205,0.146963,2.558818,-0.118068,1.645397,#TechLinearMove
0.491466,-0.159121,0.146199,2.551687,-0.114189,1.642680,#TechLinearMove
0.491719,-0.164063,0.145591,2.545841,-0.112024,1.641544,#TechLinearMove
0.491984,-0.169003,0.144967,2.537101,-0.108813,1.640286,#TechLinearMove
0.492261,-0.173936,0.144301,2.529700,-0.106465,1.639301,#TechLinearMove
0.492630,-0.178865,0.143648,2.522892,-0.104516,1.638438,#TechLinearMove
0.493019,-0.183791,0.142979,2.516087,-0.102948,1.637793,#TechLinearMove
0.493453,-0.188711,0.142303,2.510313,-0.099852,1.635899,#TechLinearMove
0.493930,-0.193629,0.141634,2.504181,-0.096121,1.633590,#TechLinearMove
0.494415,-0.198540,0.140929,2.498108,-0.091562,1.630681,#TechLinearMove
0.494915,-0.203439,0.140145,2.491825,-0.084733,1.626080,#TechLinearMove
0.495453,-0.208320,0.139282,2.485338,-0.075159,1.619333,#TechLinearMove
0.496018,-0.213185,0.138352,2.480395,-0.063443,1.610542,#TechLinearMove
0.496618,-0.218042,0.137397,2.472043,-0.051874,1.601755,#TechLinearMove
0.497267,-0.222872,0.136350,2.463257,-0.038186,1.591039,#TechLinearMove
0.497816,-0.227713,0.135293,2.452898,-0.023335,1.579252,#TechLinearMove
0.498116,-0.235574,0.133420,2.444325,0.003399,1.562159,#TechLinearMove
0.497974,-0.240691,0.132670,2.440080,0.016089,1.555834,#TechLinearMove
0.497393,-0.245824,0.132337,2.438124,0.029015,1.548104,#TechLinearMove
0.496649,-0.250940,0.132296,2.436433,0.038758,1.542001,#TechLinearMove
0.495670,-0.256008,0.132637,2.436725,0.052374,1.532946,#TechLinearMove
0.494562,-0.260993,0.133445,2.438587,0.067457,1.522922,#TechLinearMove
0.493378,-0.265916,0.134518,2.437433,0.084231,1.510825,#TechLinearMove
0.492192,-0.270844,0.135567,2.427735,0.105133,1.493458,#TechLinearMove
0.491164,-0.275826,0.136511,2.413421,0.127260,1.473764,#TechLinearMove
0.490296,-0.280875,0.137238,2.396066,0.146966,1.455020,#TechLinearMove
0.489479,-0.285932,0.137968,2.376215,0.171917,1.431807,#TechLinearMove
0.489017,-0.291062,0.138161,2.342039,0.192101,1.408238,#TechLinearMove
0.489343,-0.285693,0.138918,2.350814,0.217053,1.372259,#TechLinearMove
0.490352,-0.280894,0.138394,2.381788,0.183319,1.408630,#TechLinearMove
0.491207,-0.276082,0.137700,2.400856,0.153189,1.438391,#TechLinearMove
0.492465,-0.271418,0.136708,2.413663,0.127416,1.461985,#TechLinearMove
0.493892,-0.266872,0.135417,2.424384,0.095789,1.489323,#TechLinearMove
0.495200,-0.262288,0.134140,2.427945,0.068132,1.511621,#TechLinearMove
0.496304,-0.257584,0.133129,2.424546,0.051979,1.522992,#TechLinearMove
0.497260,-0.252787,0.132494,2.420636,0.042255,1.529216,#TechLinearMove
0.498053,-0.247918,0.132305,2.417656,0.029545,1.538020,#TechLinearMove
0.498465,-0.243011,0.132396,2.412310,0.023230,1.540036,#TechLinearMove
0.498228,-0.232929,0.134250,2.428690,0.015096,1.551969,#TechLinearMove
0.497819,-0.228220,0.135312,2.447301,-0.005358,1.568211,#TechLinearMove
0.497261,-0.223515,0.136316,2.463027,-0.023402,1.581831,#TechLinearMove
0.496690,-0.218798,0.137256,2.472870,-0.038773,1.593540,#TechLinearMove
0.496119,-0.214078,0.138185,2.483003,-0.053031,1.604008,#TechLinearMove
0.495548,-0.209357,0.139107,2.490416,-0.067200,1.614335,#TechLinearMove
0.494996,-0.204626,0.139986,2.495533,-0.078681,1.622618,#TechLinearMove
0.494488,-0.199875,0.140783,2.500600,-0.087253,1.628542,#TechLinearMove
0.494007,-0.195106,0.141479,2.505327,-0.094169,1.633200,#TechLinearMove
0.493531,-0.190328,0.142118,2.509445,-0.099271,1.636577,#TechLinearMove
0.493102,-0.185547,0.142766,2.513656,-0.103641,1.639404,#TechLinearMove
0.492722,-0.180760,0.143402,2.516971,-0.106854,1.641557,#TechLinearMove
0.492368,-0.175970,0.144025,2.519829,-0.109016,1.643022,#TechLinearMove
0.492098,-0.171178,0.144684,2.525325,-0.112108,1.644670,#TechLinearMove
0.491835,-0.166382,0.145307,2.530582,-0.114372,1.645818,#TechLinearMove
0.491580,-0.161583,0.145917,2.541684,-0.118799,1.647735,#TechLinearMove
0.491240,-0.156826,0.146764,2.549300,-0.126071,1.652175,#TechLinearMove
0.490753,-0.149387,0.147903,2.554297,-0.118169,1.647694,#TechLinearMove
0.490622,-0.144377,0.148244,2.553529,-0.116449,1.646005,#TechLinearMove
0.490380,-0.139377,0.148653,2.556086,-0.111502,1.641890,#TechLinearMove
0.490072,-0.134382,0.149087,2.552732,-0.108949,1.640369,#TechLinearMove
0.489764,-0.129387,0.149517,2.550801,-0.104943,1.637680,#TechLinearMove
0.489446,-0.124397,0.149990,2.550747,-0.100756,1.634571,#TechLinearMove
0.489097,-0.119415,0.150527,2.549597,-0.096810,1.631786,#TechLinearMove
0.488726,-0.114437,0.151094,2.548981,-0.092865,1.628928,#TechLinearMove
0.488381,-0.109454,0.151619,2.549021,-0.089423,1.626293,#TechLinearMove
0.488069,-0.104461,0.152068,2.548991,-0.085808,1.623527,#TechLinearMove
0.487791,-0.099465,0.152513,2.550527,-0.081142,1.619710,#TechLinearMove
0.487570,-0.094461,0.152884,2.554182,-0.074347,1.614035,#TechLinearMove
0.487209,-0.086410,0.153233,2.564384,-0.075826,1.616960,#TechLinearMove
0.486948,-0.081208,0.153518,2.567170,-0.060778,1.607885,#TechLinearMove
0.486678,-0.076002,0.153665,2.564872,-0.045756,1.598977,#TechLinearMove
0.486288,-0.070801,0.153713,2.563068,-0.035330,1.592775,#TechLinearMove
0.485966,-0.065595,0.153760,2.562364,-0.025463,1.586873,#TechLinearMove
0.485728,-0.060385,0.153775,2.561856,-0.015761,1.581044,#TechLinearMove
0.485527,-0.055174,0.153665,2.560970,-0.004863,1.574510,#TechLinearMove
0.485382,-0.049966,0.153413,2.560380,0.004345,1.569036,#TechLinearMove
0.485283,-0.044764,0.153047,2.560653,0.012071,1.564469,#TechLinearMove
0.485278,-0.039558,0.152764,2.563865,0.022436,1.558413,#TechLinearMove
0.485411,-0.034357,0.152418,2.565689,0.035904,1.550618,#TechLinearMove
0.485839,-0.024133,0.151399,2.564281,0.037794,1.547775,#TechLinearMove
0.485865,-0.019271,0.151340,2.566744,0.042350,1.544779,#TechLinearMove
0.485947,-0.014414,0.151136,2.568462,0.045016,1.542949,#TechLinearMove
0.486052,-0.009560,0.150871,2.570105,0.047492,1.541336,#TechLinearMove
0.486140,-0.004705,0.150627,2.571250,0.049045,1.540308,#TechLinearMove
0.486119,0.000149,0.150358,2.573253,0.051671,1.538670,#TechLinearMove
0.486053,0.005004,0.150106,2.575581,0.054866,1.536690,#TechLinearMove
0.485977,0.009859,0.149862,2.578084,0.057213,1.535270,#TechLinearMove
0.485913,0.014712,0.149564,2.579587,0.058115,1.534697,#TechLinearMove
0.485876,0.019559,0.149191,2.580547,0.058110,1.534644,#TechLinearMove
0.485853,0.024405,0.148790,2.581684,0.058687,1.534238,#TechLinearMove
0.485828,0.029252,0.148407,2.581668,0.060822,1.532784,#TechLinearMove
0.485782,0.034102,0.148067,2.582094,0.064300,1.530521,#TechLinearMove
0.485716,0.038956,0.147803,2.582442,0.069393,1.527257,#TechLinearMove
0.485645,0.043813,0.147591,2.580950,0.073091,1.524652,#TechLinearMove
0.485743,0.048667,0.147334,2.579816,0.076357,1.522254,#TechLinearMove
0.485873,0.053517,0.147013,2.577998,0.083461,1.517379,#TechLinearMove
0.485475,0.061308,0.146967,2.580180,0.091253,1.513125,#TechLinearMove
0.485173,0.066064,0.146638,2.584129,0.097247,1.510486,#TechLinearMove
0.485094,0.070825,0.146247,2.582286,0.107806,1.504201,#TechLinearMove
0.485029,0.075583,0.145840,2.580132,0.115778,1.499254,#TechLinearMove
0.485067,0.080316,0.145191,2.578974,0.126084,1.492983,#TechLinearMove
0.485203,0.085022,0.144378,2.578439,0.137908,1.485827,#TechLinearMove
0.485638,0.089713,0.143579,2.577426,0.148581,1.479269,#TechLinearMove
0.485937,0.094380,0.142600,2.576289,0.163220,1.470419,#TechLinearMove
0.486268,0.099025,0.141532,2.571968,0.176555,1.461652,#TechLinearMove
0.486702,0.103644,0.140389,2.568774,0.188222,1.453957,#TechLinearMove
0.487159,0.108249,0.139198,2.566170,0.204442,1.443687,#TechLinearMove
0.487562,0.112868,0.138043,2.564086,0.217045,1.435941,#TechLinearMove
0.490291,0.117051,0.138279,2.569399,0.220597,1.433097,#TechLinearMove
0.493583,0.121137,0.138656,2.564403,0.211574,1.436918,#TechLinearMove
0.497023,0.125099,0.139154,2.563438,0.207039,1.439229,#TechLinearMove
0.500174,0.129316,0.139417,2.558693,0.202491,1.440463,#TechLinearMove
0.503548,0.133318,0.140037,2.556231,0.203276,1.439044,#TechLinearMove
0.506701,0.137505,0.140602,2.552312,0.205293,1.436436,#TechLinearMove
0.509866,0.141646,0.141255,2.547931,0.214935,1.428486,#TechLinearMove
0.509337,0.141901,0.142065,2.547931,0.214935,1.428486,#TechMoveTo
0.562201,0.147655,0.174562,2.515636,0.231806,1.425632,#TechMoveTo
0.562753,0.147386,0.173773,2.515636,0.231806,1.425632,#TechMoveTo
0.563861,0.144448,0.175287,2.515924,0.217265,1.425932,#TechLinearMove
0.565430,0.139985,0.178021,2.517326,0.199378,1.436431,#TechLinearMove
0.566879,0.135509,0.180815,2.519737,0.187021,1.444104,#TechLinearMove
0.568358,0.131126,0.183747,2.520708,0.179697,1.447862,#TechLinearMove
0.569792,0.126704,0.186644,2.521822,0.176559,1.448774,#TechLinearMove
0.571370,0.122345,0.189559,2.519227,0.173322,1.448044,#TechLinearMove
0.571867,0.117666,0.191116,2.523541,0.171949,1.449927,#TechLinearMove
0.572166,0.112993,0.192418,2.525556,0.160161,1.458266,#TechLinearMove
0.572463,0.108266,0.193527,2.528227,0.153514,1.463304,#TechLinearMove
0.572749,0.103515,0.194536,2.531904,0.143765,1.470602,#TechLinearMove
0.573083,0.098771,0.195561,2.535274,0.130648,1.480143,#TechLinearMove
0.573375,0.094014,0.196531,2.539090,0.117992,1.489398,#TechLinearMove
0.573652,0.089245,0.197443,2.543136,0.104471,1.499242,#TechLinearMove
0.574016,0.084496,0.198437,2.545641,0.088382,1.510570,#TechLinearMove
0.574287,0.079746,0.199455,2.547637,0.077647,1.518036,#TechLinearMove
0.574567,0.074992,0.200450,2.549641,0.067143,1.525252,#TechLinearMove
0.574912,0.070235,0.201406,2.552835,0.053287,1.534869,#TechLinearMove
0.575452,0.059646,0.201356,2.567975,0.047546,1.539662,#TechLinearMove
0.575963,0.054814,0.201080,2.582696,0.028553,1.551290,#TechLinearMove
0.576234,0.049953,0.201080,2.593683,0.008572,1.563090,#TechLinearMove
0.576431,0.045086,0.201089,2.601851,-0.000729,1.568367,#TechLinearMove
0.576647,0.040221,0.201039,2.608704,-0.013847,1.575924,#TechLinearMove
0.576881,0.035357,0.200979,2.617272,-0.025470,1.582373,#TechLinearMove
0.577183,0.030497,0.200919,2.625011,-0.035693,1.587935,#TechLinearMove
0.577459,0.025638,0.200763,2.632756,-0.041880,1.591060,#TechLinearMove
0.577684,0.020780,0.200502,2.641494,-0.045973,1.592812,#TechLinearMove
0.577923,0.015925,0.200207,2.650806,-0.050644,1.594758,#TechLinearMove
0.578214,0.011074,0.199885,2.660989,-0.054481,1.596084,#TechLinearMove
0.578605,0.006235,0.199506,2.671998,-0.056558,1.596316,#TechLinearMove
0.579132,0.001408,0.199133,2.682218,-0.059835,1.597207,#TechLinearMove
0.579651,-0.003417,0.198736,2.694314,-0.064211,1.598438,#TechLinearMove
0.580264,-0.008210,0.198126,2.710067,-0.069624,1.599921,#TechLinearMove
0.580781,-0.013026,0.197642,2.726709,-0.083782,1.605439,#TechLinearMove
0.581579,-0.020566,0.197962,2.729648,-0.082411,1.605642,#TechLinearMove
0.581548,-0.025499,0.198245,2.736554,-0.080460,1.605260,#TechLinearMove
0.581568,-0.030436,0.198412,2.740546,-0.075860,1.603908,#TechLinearMove
0.581683,-0.035374,0.198516,2.744822,-0.074374,1.603477,#TechLinearMove
0.581686,-0.040316,0.198507,2.750049,-0.072512,1.602811,#TechLinearMove
0.581711,-0.045256,0.198442,2.753181,-0.071633,1.602727,#TechLinearMove
0.581784,-0.050195,0.198316,2.755824,-0.072774,1.603499,#TechLinearMove
0.581914,-0.055131,0.198108,2.758779,-0.074576,1.604505,#TechLinearMove
0.582096,-0.060060,0.197821,2.761335,-0.078389,1.606355,#TechLinearMove
0.582460,-0.064979,0.197544,2.763520,-0.083007,1.608560,#TechLinearMove
0.582765,-0.069904,0.197295,2.767719,-0.088873,1.611426,#TechLinearMove
0.583077,-0.074830,0.197069,2.769804,-0.092981,1.613900,#TechLinearMove
0.583597,-0.082565,0.196218,2.767688,-0.088797,1.609031,#TechLinearMove
0.584331,-0.087423,0.195677,2.766277,-0.099118,1.613701,#TechLinearMove
0.584896,-0.092306,0.195145,2.765377,-0.106388,1.617023,#TechLinearMove
0.585451,-0.097190,0.194623,2.765516,-0.112079,1.619407,#TechLinearMove
0.586031,-0.102071,0.194090,2.767283,-0.118870,1.621999,#TechLinearMove
0.586600,-0.106953,0.193560,2.768929,-0.127467,1.625252,#TechLinearMove
0.586913,-0.111857,0.193016,2.769148,-0.135216,1.628444,#TechLinearMove
0.587231,-0.116764,0.192510,2.766497,-0.140499,1.631117,#TechLinearMove
0.587547,-0.121674,0.192017,2.765622,-0.145279,1.633301,#TechLinearMove
0.587845,-0.126587,0.191558,2.762628,-0.150239,1.635919,#TechLinearMove
0.588144,-0.131500,0.191094,2.756917,-0.156936,1.639818,#TechLinearMove
0.588401,-0.136417,0.190649,2.746690,-0.161770,1.643996,#TechLinearMove
0.589162,-0.148487,0.189403,2.745225,-0.141206,1.632676,#TechLinearMove
0.589677,-0.153432,0.188596,2.743591,-0.120497,1.622565,#TechLinearMove
0.590431,-0.158372,0.187978,2.747193,-0.100710,1.612260,#TechLinearMove
0.590949,-0.163360,0.187517,2.753159,-0.083157,1.603230,#TechLinearMove
0.591371,-0.168362,0.187112,2.757714,-0.070882,1.597020,#TechLinearMove
0.591748,-0.173374,0.186788,2.761688,-0.058464,1.590890,#TechLinearMove
0.592074,-0.178393,0.186547,2.766922,-0.046640,1.584904,#TechLinearMove
0.592342,-0.183420,0.186409,2.769248,-0.032012,1.578024,#TechLinearMove
0.592544,-0.188452,0.186366,2.768781,-0.014761,1.570288,#TechLinearMove
0.592696,-0.193486,0.186399,2.768492,0.001928,1.562690,#TechLinearMove
0.592845,-0.198520,0.186456,2.767667,0.019481,1.554768,#TechLinearMove
0.593015,-0.203553,0.186449,2.766450,0.036633,1.547159,#TechLinearMove
0.593149,-0.208586,0.186336,2.766236,0.052125,1.540294,#TechLinearMove
0.593148,-0.213618,0.186339,2.764224,0.071637,1.531284,#TechLinearMove
0.593137,-0.218653,0.186417,2.754483,0.099187,1.518182,#TechLinearMove
0.593341,-0.223679,0.186198,2.738815,0.133435,1.501828,#TechLinearMove
0.593834,-0.231300,0.184919,2.752017,0.116111,1.516047,#TechLinearMove
0.594942,-0.236194,0.184177,2.781523,0.126852,1.517703,#TechLinearMove
0.595418,-0.241246,0.183965,2.813257,0.127057,1.521830,#TechLinearMove
0.595754,-0.246307,0.183880,2.831893,0.131580,1.523567,#TechLinearMove
0.595732,-0.251359,0.184331,2.852283,0.137517,1.525467,#TechLinearMove
0.595332,-0.256313,0.185375,2.860823,0.148971,1.523957,#TechLinearMove
0.594678,-0.261167,0.186733,2.860259,0.165400,1.519706,#TechLinearMove
0.593957,-0.265950,0.188291,2.865173,0.180218,1.516991,#TechLinearMove
0.593351,-0.270749,0.189850,2.867280,0.204077,1.511236,#TechLinearMove
0.592770,-0.275585,0.191298,2.860214,0.234779,1.502528,#TechLinearMove
0.592012,-0.280307,0.192998,2.858547,0.267632,1.494114,#TechLinearMove
0.591680,-0.285159,0.194410,2.862155,0.302631,1.486013,#TechLinearMove
0.592092,-0.279935,0.194110,2.895611,0.248567,1.508538,#TechLinearMove
0.592652,-0.275415,0.192117,2.897179,0.205645,1.515276,#TechLinearMove
0.593286,-0.270861,0.190219,2.884227,0.189166,1.515432,#TechLinearMove
0.594002,-0.266326,0.188306,2.878145,0.171706,1.517385,#TechLinearMove
0.594921,-0.261815,0.186425,2.873132,0.155851,1.519257,#TechLinearMove
0.595874,-0.257233,0.184778,2.860694,0.150060,1.517747,#TechLinearMove
0.596238,-0.252417,0.183622,2.834276,0.157282,1.511476,#TechLinearMove
0.596195,-0.247473,0.183061,2.817259,0.151847,1.509160,#TechLinearMove
0.595828,-0.242542,0.182786,2.789478,0.140163,1.505792,#TechLinearMove
0.594262,-0.232071,0.184767,2.771998,0.137184,1.510877,#TechLinearMove
0.593704,-0.227293,0.185515,2.773875,0.103324,1.525647,#TechLinearMove
0.593436,-0.222443,0.185879,2.778827,0.072006,1.539323,#TechLinearMove
0.593187,-0.217592,0.186257,2.782281,0.046711,1.549506,#TechLinearMove
0.593032,-0.212731,0.186530,2.785507,0.026517,1.557527,#TechLinearMove
0.592860,-0.207863,0.186628,2.791312,0.004590,1.566634,#TechLinearMove
0.592810,-0.202992,0.186597,2.794134,-0.016021,1.575289,#TechLinearMove
0.592885,-0.198121,0.186502,2.793124,-0.032934,1.582436,#TechLinearMove
0.592990,-0.193251,0.186386,2.791284,-0.047766,1.588755,#TechLinearMove
0.593031,-0.188380,0.186323,2.788172,-0.060226,1.594309,#TechLinearMove
0.592991,-0.183508,0.186369,2.781729,-0.069785,1.599106,#TechLinearMove
0.592893,-0.178640,0.186541,2.773072,-0.080004,1.604428,#TechLinearMove
0.592706,-0.173782,0.186859,2.764246,-0.090412,1.609954,#TechLinearMove
0.592397,-0.168938,0.187275,2.755216,-0.097002,1.614224,#TechLinearMove
0.591937,-0.164110,0.187741,2.745262,-0.108566,1.620654,#TechLinearMove
0.591499,-0.159297,0.188355,2.734836,-0.123982,1.629373,#TechLinearMove
0.590868,-0.154535,0.189169,2.725429,-0.138859,1.638003,#TechLinearMove
0.590483,-0.146415,0.190419,2.744897,-0.138850,1.631756,#TechLinearMove
0.589706,-0.141367,0.190621,2.752749,-0.137359,1.630436,#TechLinearMove
0.589160,-0.136295,0.190977,2.760893,-0.136889,1.629323,#TechLinearMove
0.588648,-0.131222,0.191359,2.766232,-0.136322,1.628506,#TechLinearMove
0.588152,-0.126146,0.191727,2.770187,-0.133275,1.626991,#TechLinearMove
0.587642,-0.121074,0.192121,2.773351,-0.129562,1.625365,#TechLinearMove
0.587211,-0.116001,0.192589,2.774602,-0.125823,1.624025,#TechLinearMove
0.586880,-0.110926,0.193122,2.774597,-0.121236,1.622550,#TechLinearMove
0.586535,-0.105857,0.193693,2.773012,-0.115035,1.620654,#TechLinearMove
0.586157,-0.100795,0.194308,2.768934,-0.107909,1.618750,#TechLinearMove
0.585781,-0.095733,0.194928,2.767352,-0.100550,1.616535,#TechLinearMove
0.585392,-0.090673,0.195554,2.764954,-0.092846,1.614327,#TechLinearMove
0.584728,-0.082539,0.196645,2.770966,-0.085739,1.607508,#TechLinearMove
0.584421,-0.077347,0.197145,2.768374,-0.086569,1.607234,#TechLinearMove
0.583859,-0.072161,0.197425,2.766371,-0.085447,1.606395,#TechLinearMove
0.583394,-0.066967,0.197748,2.765020,-0.083210,1.605248,#TechLinearMove
0.582959,-0.061767,0.198021,2.763762,-0.081030,1.604106,#TechLinearMove
0.582543,-0.056564,0.198249,2.761605,-0.079214,1.603182,#TechLinearMove
0.582173,-0.051355,0.198404,2.758877,-0.078270,1.602657,#TechLinearMove
0.581860,-0.046140,0.198479,2.756087,-0.080153,1.603266,#TechLinearMove
0.581692,-0.040919,0.198526,2.752496,-0.083092,1.604376,#TechLinearMove
0.581596,-0.035697,0.198649,2.748014,-0.086850,1.605694,#TechLinearMove
0.581621,-0.030473,0.198622,2.742129,-0.095730,1.609052,#TechLinearMove
0.581958,-0.020219,0.198143,2.739898,-0.085257,1.605860,#TechLinearMove
0.581859,-0.015182,0.198310,2.723370,-0.070909,1.600290,#TechLinearMove
0.581277,-0.010203,0.198750,2.708160,-0.060154,1.595989,#TechLinearMove
0.580788,-0.005193,0.199023,2.696975,-0.055142,1.594159,#TechLinearMove
0.580258,-0.000192,0.199378,2.685527,-0.049993,1.592380,#TechLinearMove
0.579710,0.004805,0.199759,2.674905,-0.046796,1.591433,#TechLinearMove
0.579144,0.009799,0.200156,2.663852,-0.044737,1.591092,#TechLinearMove
0.578653,0.014808,0.200448,2.653940,-0.043264,1.590919,#TechLinearMove
0.578273,0.019828,0.200721,2.646197,-0.040726,1.589974,#TechLinearMove
0.577840,0.024847,0.200912,2.639208,-0.035313,1.587327,#TechLinearMove
0.577449,0.029873,0.201012,2.630714,-0.030637,1.585068,#TechLinearMove
0.577337,0.034910,0.201191,2.622455,-0.022495,1.580848,#TechLinearMove
0.577103,0.039945,0.201240,2.614826,-0.012928,1.575580,#TechLinearMove
0.576871,0.044981,0.201288,2.605986,-0.001845,1.569296,#TechLinearMove
0.576809,0.050022,0.201244,2.594498,0.016726,1.558613,#TechLinearMove
0.576314,0.055029,0.201487,2.582259,0.040814,1.544222,#TechLinearMove
0.575474,0.062648,0.201777,2.578056,0.036335,1.547301,#TechLinearMove
0.574858,0.067551,0.200993,2.569396,0.044311,1.541556,#TechLinearMove
0.574309,0.072453,0.200140,2.562684,0.059023,1.531433,#TechLinearMove
0.573937,0.077388,0.199400,2.556206,0.068591,1.524589,#TechLinearMove
0.573661,0.082311,0.198540,2.552410,0.080090,1.516550,#TechLinearMove
0.573302,0.087204,0.197542,2.549450,0.094592,1.506495,#TechLinearMove
0.572991,0.092105,0.196566,2.544635,0.111260,1.494592,#TechLinearMove
0.572705,0.096998,0.195545,2.538872,0.128495,1.482008,#TechLinearMove
0.572480,0.101893,0.194525,2.533590,0.142048,1.471938,#TechLinearMove
0.572311,0.106810,0.193597,2.526642,0.158573,1.459470,#TechLinearMove
0.571931,0.111689,0.192552,2.516530,0.175273,1.445963,#TechLinearMove
0.570895,0.113667,0.191150,2.513147,0.171509,1.447570,#TechLinearMove
0.569866,0.118223,0.189193,2.515345,0.176202,1.446714,#TechLinearMove
0.568958,0.122770,0.187163,2.519025,0.177988,1.447560,#TechLinearMove
0.568358,0.127388,0.185171,2.521674,0.180332,1.447697,#TechLinearMove
0.567201,0.131622,0.182645,2.524110,0.183573,1.447210,#TechLinearMove
0.565956,0.135779,0.180034,2.525386,0.188886,1.445079,#TechLinearMove
0.564740,0.140008,0.177529,2.522607,0.199600,1.438116,#TechLinearMove
0.563861,0.144448,0.175287,2.518539,0.215125,1.428137,#TechLinearMove
0.563308,0.144703,0.176080,2.518539,0.215125,1.428137,#TechMoveTo
0.512282,0.145878,0.143027,2.539599,0.230476,1.416654,#TechMoveTo
0.512812,0.145605,0.142225,2.539599,0.230476,1.416654,#TechMoveTo
0.512812,0.145605,0.142225,2.539599,0.230476,1.416654,#TechStartPoint
0.512507,0.142528,0.142827,2.548188,0.215894,1.428005,#TechLinearMove
0.511909,0.137999,0.143732,2.554820,0.203907,1.440096,#TechLinearMove
0.511806,0.133482,0.144933,2.559305,0.197520,1.446926,#TechLinearMove
0.511510,0.128962,0.146088,2.564832,0.193211,1.452687,#TechLinearMove
0.511712,0.124535,0.147518,2.571736,0.190318,1.458893,#TechLinearMove
0.510720,0.116845,0.148764,2.580256,0.192071,1.455649,#TechLinearMove
0.510648,0.111779,0.149645,2.584348,0.186509,1.459215,#TechLinearMove
0.510424,0.106753,0.150735,2.590468,0.175436,1.466747,#TechLinearMove
0.510063,0.101735,0.151829,2.595016,0.167113,1.472328,#TechLinearMove
0.509675,0.096728,0.152969,2.598891,0.155425,1.479698,#TechLinearMove
0.509273,0.091729,0.154138,2.603280,0.141136,1.488714,#TechLinearMove
0.508868,0.086733,0.155316,2.608989,0.129206,1.496585,#TechLinearMove
0.508397,0.081717,0.156373,2.613730,0.121103,1.501923,#TechLinearMove
0.507761,0.076707,0.157370,2.618516,0.112255,1.507425,#TechLinearMove
0.507332,0.071663,0.158303,2.621874,0.103921,1.512257,#TechLinearMove
0.507421,0.061406,0.158143,2.633663,0.113747,1.508413,#TechLinearMove
0.507532,0.056551,0.157893,2.628651,0.100316,1.515176,#TechLinearMove
0.507430,0.051696,0.158119,2.624292,0.085801,1.522949,#TechLinearMove
0.507329,0.046839,0.158340,2.622311,0.077949,1.527175,#TechLinearMove
0.507349,0.041983,0.158615,2.621260,0.070943,1.530978,#TechLinearMove
0.507358,0.037135,0.158998,2.618435,0.060573,1.536438,#TechLinearMove
0.507314,0.032297,0.159501,2.617695,0.053901,1.540066,#TechLinearMove
0.507226,0.027472,0.160105,2.618934,0.049321,1.542723,#TechLinearMove
0.507104,0.022659,0.160792,2.621184,0.044855,1.545384,#TechLinearMove
0.506970,0.017849,0.161504,2.624554,0.042688,1.546791,#TechLinearMove
0.506860,0.013031,0.162157,2.628554,0.043000,1.546781,#TechLinearMove
0.506811,0.008196,0.162681,2.632612,0.043702,1.546516,#TechLinearMove
0.506825,0.003347,0.163062,2.636057,0.043768,1.546580,#TechLinearMove
0.506841,-0.001508,0.163347,2.638255,0.042195,1.547534,#TechLinearMove
0.506757,-0.006367,0.163535,2.641684,0.039377,1.549230,#TechLinearMove
0.506664,-0.011225,0.163755,2.645906,0.036753,1.550830,#TechLinearMove
0.506636,-0.016088,0.163807,2.647608,0.033989,1.552397,#TechLinearMove
0.506765,-0.023903,0.163520,2.650972,0.028794,1.555331,#TechLinearMove
0.506925,-0.028690,0.163708,2.656825,0.018730,1.560830,#TechLinearMove
0.507139,-0.033476,0.163972,2.663015,0.007942,1.566548,#TechLinearMove
0.507302,-0.038271,0.164119,2.667212,-0.001135,1.571304,#TechLinearMove
0.507466,-0.043066,0.164261,2.672673,-0.006854,1.574252,#TechLinearMove
0.507634,-0.047860,0.164404,2.676339,-0.012569,1.577169,#TechLinearMove
0.507811,-0.052655,0.164527,2.680962,-0.015444,1.578638,#TechLinearMove
0.508018,-0.057450,0.164567,2.682643,-0.020961,1.581447,#TechLinearMove
0.508113,-0.062246,0.164430,2.686760,-0.025452,1.583652,#TechLinearMove
0.508313,-0.067035,0.164191,2.691530,-0.031241,1.586363,#TechLinearMove
0.508488,-0.071826,0.163953,2.697177,-0.037085,1.589133,#TechLinearMove
0.508672,-0.076615,0.163696,2.701718,-0.044241,1.592578,#TechLinearMove
0.509438,-0.084660,0.163002,2.703968,-0.056618,1.597547,#TechLinearMove
0.509655,-0.089583,0.162670,2.711177,-0.070868,1.602870,#TechLinearMove
0.510003,-0.094498,0.162340,2.719554,-0.084605,1.607719,#TechLinearMove
0.510268,-0.099412,0.161927,2.726835,-0.095114,1.611308,#TechLinearMove
0.510495,-0.104326,0.161490,2.732736,-0.104559,1.614466,#TechLinearMove
0.510797,-0.109239,0.161086,2.737277,-0.111216,1.616582,#TechLinearMove
0.511074,-0.114157,0.160719,2.739178,-0.117363,1.618742,#TechLinearMove
0.511375,-0.119071,0.160323,2.743611,-0.122707,1.620209,#TechLinearMove
0.511692,-0.123978,0.159867,2.744889,-0.129891,1.622850,#TechLinearMove
0.511967,-0.128880,0.159329,2.745405,-0.135401,1.624928,#TechLinearMove
0.512342,-0.133781,0.158856,2.745651,-0.142460,1.627584,#TechLinearMove
0.512633,-0.138694,0.158463,2.746324,-0.154071,1.632029,#TechLinearMove
0.513304,-0.148954,0.156933,2.738670,-0.150401,1.633230,#TechLinearMove
0.513605,-0.153895,0.156276,2.736675,-0.137862,1.627402,#TechLinearMove
0.513933,-0.158830,0.155584,2.735212,-0.125278,1.621441,#TechLinearMove
0.514274,-0.163758,0.154856,2.734987,-0.117610,1.617755,#TechLinearMove
0.514615,-0.168688,0.154138,2.735124,-0.109572,1.613913,#TechLinearMove
0.514930,-0.173624,0.153450,2.734976,-0.101778,1.610229,#TechLinearMove
0.515228,-0.178567,0.152805,2.732768,-0.095728,1.607552,#TechLinearMove
0.515511,-0.183513,0.152179,2.727354,-0.088102,1.604542,#TechLinearMove
0.515799,-0.188457,0.151541,2.719949,-0.078266,1.600669,#TechLinearMove
0.516101,-0.193398,0.150882,2.710021,-0.065543,1.595516,#TechLinearMove
0.516439,-0.198336,0.150220,2.696984,-0.050053,1.589076,#TechLinearMove
0.516825,-0.203272,0.149569,2.682791,-0.033943,1.581913,#TechLinearMove
0.517208,-0.208208,0.148921,2.668010,-0.017201,1.573975,#TechLinearMove
0.517582,-0.213148,0.148296,2.653880,-0.002770,1.567192,#TechLinearMove
0.517939,-0.218093,0.147698,2.639950,0.010896,1.560637,#TechLinearMove
0.518365,-0.223025,0.147042,2.617327,0.036844,1.547164,#TechLinearMove
0.518884,-0.227941,0.146335,2.600065,0.061956,1.532812,#TechLinearMove
0.519378,-0.236016,0.145705,2.602957,0.059762,1.534517,#TechLinearMove
0.519292,-0.240789,0.146463,2.596795,0.074801,1.521909,#TechLinearMove
0.518883,-0.245472,0.147633,2.579068,0.093510,1.505496,#TechLinearMove
0.518500,-0.250180,0.148720,2.568829,0.104841,1.495414,#TechLinearMove
0.518051,-0.254846,0.149953,2.561910,0.116072,1.485660,#TechLinearMove
0.517563,-0.259483,0.151278,2.552007,0.129117,1.474421,#TechLinearMove
0.517285,-0.264132,0.152621,2.540711,0.145967,1.459805,#TechLinearMove
0.517022,-0.268798,0.153908,2.531284,0.160082,1.447387,#TechLinearMove
0.516673,-0.273503,0.155017,2.525611,0.174982,1.434934,#TechLinearMove
0.516408,-0.278220,0.156100,2.524843,0.186090,1.426116,#TechLinearMove
0.516320,-0.282981,0.156982,2.523544,0.201258,1.413563,#TechLinearMove
0.516556,-0.287771,0.157680,2.518749,0.221245,1.396333,#TechLinearMove
0.516515,-0.282331,0.156485,2.517357,0.218421,1.406805,#TechLinearMove
0.516319,-0.277251,0.155964,2.533674,0.190076,1.431971,#TechLinearMove
0.516418,-0.272234,0.154988,2.532097,0.175469,1.442352,#TechLinearMove
0.516725,-0.267266,0.153829,2.535027,0.158078,1.455681,#TechLinearMove
0.517216,-0.262377,0.152425,2.546854,0.138593,1.471784,#TechLinearMove
0.517806,-0.257562,0.150812,2.559629,0.121880,1.485760,#TechLinearMove
0.518411,-0.252772,0.149130,2.569299,0.107234,1.497373,#TechLinearMove
0.519007,-0.247961,0.147505,2.583325,0.087646,1.512589,#TechLinearMove
0.519325,-0.243149,0.145837,2.615365,0.059228,1.535725,#TechLinearMove
0.519254,-0.233023,0.145893,2.614232,0.045099,1.544053,#TechLinearMove
0.518717,-0.227957,0.146519,2.626576,0.025448,1.554639,#TechLinearMove
0.518257,-0.222890,0.147201,2.638152,0.004628,1.565412,#TechLinearMove
0.517914,-0.217797,0.147741,2.648486,-0.009714,1.572509,#TechLinearMove
0.517543,-0.212714,0.148348,2.658135,-0.021923,1.578213,#TechLinearMove
0.517155,-0.207636,0.148996,2.672408,-0.037602,1.585401,#TechLinearMove
0.516753,-0.202562,0.149659,2.683707,-0.051021,1.591136,#TechLinearMove
0.516350,-0.197487,0.150316,2.696934,-0.066427,1.597657,#TechLinearMove
0.516024,-0.192410,0.150995,2.706539,-0.077084,1.601814,#TechLinearMove
0.515709,-0.187331,0.151669,2.716985,-0.088974,1.606332,#TechLinearMove
0.515414,-0.182248,0.152318,2.728077,-0.098098,1.609327,#TechLinearMove
0.515126,-0.177163,0.152961,2.736218,-0.105361,1.611620,#TechLinearMove
0.514804,-0.172086,0.153645,2.740828,-0.112566,1.614279,#TechLinearMove
0.514475,-0.167016,0.154372,2.743621,-0.120823,1.617605,#TechLinearMove
0.514130,-0.161947,0.155106,2.747793,-0.132856,1.622504,#TechLinearMove
0.513820,-0.156871,0.155799,2.751837,-0.146331,1.627958,#TechLinearMove
0.513305,-0.148940,0.156905,2.737130,-0.151910,1.634170,#TechLinearMove
0.512973,-0.143844,0.157661,2.735309,-0.139572,1.629455,#TechLinearMove
0.512716,-0.138720,0.158234,2.734150,-0.133594,1.627240,#TechLinearMove
0.512389,-0.133601,0.158830,2.734112,-0.131104,1.626286,#TechLinearMove
0.512004,-0.128483,0.159389,2.731482,-0.125971,1.624627,#TechLinearMove
0.511636,-0.123359,0.159903,2.730833,-0.118291,1.621568,#TechLinearMove
0.511299,-0.118226,0.160358,2.732292,-0.112314,1.618923,#TechLinearMove
0.510985,-0.113089,0.160768,2.731335,-0.108082,1.617370,#TechLinearMove
0.510679,-0.107951,0.161173,2.729179,-0.102865,1.615546,#TechLinearMove
0.510359,-0.102815,0.161596,2.727038,-0.095261,1.612691,#TechLinearMove
0.510095,-0.097677,0.162036,2.723999,-0.084542,1.608658,#TechLinearMove
0.509953,-0.092528,0.162380,2.720039,-0.074675,1.605080,#TechLinearMove
0.509438,-0.084660,0.163002,2.720309,-0.079426,1.606535,#TechLinearMove
0.509027,-0.079657,0.163417,2.710078,-0.058922,1.597666,#TechLinearMove
0.508745,-0.074638,0.163752,2.702732,-0.048432,1.593193,#TechLinearMove
0.508367,-0.069623,0.164038,2.696504,-0.038535,1.588882,#TechLinearMove
0.507902,-0.064610,0.164227,2.690878,-0.029437,1.584711,#TechLinearMove
0.507535,-0.059588,0.164331,2.685716,-0.023142,1.581790,#TechLinearMove
0.507283,-0.054556,0.164327,2.681678,-0.019689,1.580187,#TechLinearMove
0.507076,-0.049524,0.164222,2.676917,-0.017372,1.579140,#TechLinearMove
0.506892,-0.044491,0.164071,2.671626,-0.012249,1.576653,#TechLinearMove
0.506601,-0.039467,0.163881,2.664608,-0.002651,1.571903,#TechLinearMove
0.506706,-0.034436,0.163647,2.657936,0.004293,1.568423,#TechLinearMove
0.506749,-0.024130,0.163554,2.649420,0.015498,1.562286,#TechLinearMove
0.506670,-0.019284,0.163714,2.647992,0.022485,1.558525,#TechLinearMove
0.506582,-0.014439,0.163608,2.647703,0.030490,1.554248,#TechLinearMove
0.506447,-0.009595,0.163427,2.645319,0.034741,1.551881,#TechLinearMove
0.506354,-0.004750,0.163225,2.642056,0.038942,1.549493,#TechLinearMove
0.506282,0.000092,0.162973,2.638693,0.042674,1.547327,#TechLinearMove
0.506245,0.004931,0.162646,2.636051,0.044227,1.546399,#TechLinearMove
0.506257,0.009762,0.162220,2.633323,0.044237,1.546348,#TechLinearMove
0.506333,0.014576,0.161651,2.630156,0.045631,1.545472,#TechLinearMove
0.506462,0.019376,0.160965,2.626816,0.048189,1.543911,#TechLinearMove
0.506604,0.024170,0.160252,2.623215,0.050467,1.542485,#TechLinearMove
0.506770,0.028971,0.159590,2.620178,0.054141,1.540255,#TechLinearMove
0.506998,0.033788,0.159078,2.619875,0.059891,1.537055,#TechLinearMove
0.507184,0.038617,0.158674,2.620336,0.069959,1.531500,#TechLinearMove
0.507321,0.043455,0.158369,2.620522,0.078508,1.526684,#TechLinearMove
0.507570,0.048266,0.157816,2.620003,0.090474,1.519953,#TechLinearMove
0.507681,0.053105,0.157567,2.622317,0.105813,1.511557,#TechLinearMove
0.507404,0.061038,0.158181,2.627087,0.106410,1.511413,#TechLinearMove
0.507440,0.065933,0.158074,2.621880,0.111310,1.508815,#TechLinearMove
0.507636,0.070809,0.157644,2.618423,0.117091,1.505801,#TechLinearMove
0.507779,0.075680,0.157173,2.615879,0.123362,1.502328,#TechLinearMove
0.507911,0.080509,0.156363,2.612874,0.131719,1.497536,#TechLinearMove
0.508156,0.085291,0.155323,2.608869,0.139994,1.492506,#TechLinearMove
0.508541,0.090045,0.154204,2.602177,0.149484,1.486163,#TechLinearMove
0.508926,0.094803,0.153099,2.599028,0.159179,1.480356,#TechLinearMove
0.509298,0.099567,0.152015,2.593847,0.170569,1.473120,#TechLinearMove
0.509653,0.104338,0.150957,2.588591,0.179938,1.466978,#TechLinearMove
0.509947,0.109098,0.149844,2.581492,0.192809,1.458561,#TechLinearMove
0.510510,0.113921,0.149201,2.574233,0.204131,1.451090,#TechLinearMove
0.510632,0.115925,0.148965,2.579286,0.204222,1.448053,#TechLinearMove
0.511205,0.121296,0.148002,2.572999,0.198945,1.448598,#TechLinearMove
0.511598,0.126622,0.146802,2.567120,0.193862,1.449517,#TechLinearMove
0.511778,0.131915,0.145370,2.559311,0.195543,1.445690,#TechLinearMove
0.511977,0.137215,0.143964,2.552877,0.204403,1.437644,#TechLinearMove
0.512507,0.142528,0.142827,2.547227,0.217036,1.426984,#TechLinearMove
0.511978,0.142785,0.143636,2.547227,0.217036,1.426984,#TechMoveTo
0.562201,0.147655,0.174562,2.515636,0.231806,1.425632,#TechMoveTo
0.562753,0.147386,0.173773,2.515636,0.231806,1.425632,#TechMoveTo
0.563173,0.144436,0.174830,2.511771,0.219686,1.423029,#TechLinearMove
0.562424,0.139239,0.176152,2.520413,0.195617,1.438936,#TechLinearMove
0.561700,0.134041,0.177477,2.526200,0.178371,1.450286,#TechLinearMove
0.561025,0.128819,0.178734,2.530377,0.167820,1.456470,#TechLinearMove
0.560424,0.123571,0.179921,2.534715,0.160894,1.459131,#TechLinearMove
0.559931,0.118333,0.180718,2.531169,0.165714,1.455501,#TechLinearMove
0.559443,0.113529,0.181608,2.532613,0.159093,1.460357,#TechLinearMove
0.559021,0.108684,0.182295,2.533389,0.153979,1.464035,#TechLinearMove
0.558560,0.103832,0.182907,2.535498,0.147164,1.469159,#TechLinearMove
0.558043,0.098988,0.183528,2.537365,0.135541,1.477451,#TechLinearMove
0.557523,0.094144,0.184153,2.539730,0.121017,1.487780,#TechLinearMove
0.556969,0.089313,0.184842,2.543114,0.104598,1.499472,#TechLinearMove
0.556362,0.084508,0.185654,2.547323,0.089105,1.510529,#TechLinearMove
0.555751,0.079723,0.186580,2.552259,0.077820,1.518764,#TechLinearMove
0.555204,0.074942,0.187560,2.557761,0.069584,1.524995,#TechLinearMove
0.554640,0.070171,0.188581,2.564860,0.059451,1.532535,#TechLinearMove
0.554923,0.060068,0.188383,2.561802,0.055745,1.534610,#TechLinearMove
0.555464,0.055102,0.188027,2.573669,0.043535,1.542273,#TechLinearMove
0.555819,0.050102,0.188268,2.588463,0.025173,1.553383,#TechLinearMove
0.556049,0.045088,0.188408,2.598296,0.012220,1.561011,#TechLinearMove
0.556300,0.040074,0.188503,2.607902,0.001297,1.567185,#TechLinearMove
0.556535,0.035059,0.188618,2.618086,-0.006967,1.571816,#TechLinearMove
0.556647,0.030042,0.188788,2.626238,-0.016097,1.576915,#TechLinearMove
0.556832,0.025030,0.189025,2.636579,-0.020893,1.579294,#TechLinearMove
0.557026,0.020016,0.189216,2.646694,-0.025708,1.581689,#TechLinearMove
0.557055,0.014996,0.189177,2.654667,-0.028486,1.582920,#TechLinearMove
0.557164,0.009979,0.188986,2.661419,-0.029032,1.582854,#TechLinearMove
0.557362,0.004975,0.188630,2.668049,-0.030337,1.583229,#TechLinearMove
0.557593,-0.000025,0.188230,2.675362,-0.032746,1.584046,#TechLinearMove
0.557979,-0.005021,0.187905,2.681657,-0.034133,1.584443,#TechLinearMove
0.558341,-0.010001,0.187372,2.692200,-0.041288,1.587517,#TechLinearMove
0.558705,-0.014986,0.186901,2.702323,-0.051366,1.591900,#TechLinearMove
0.558929,-0.022624,0.186670,2.701950,-0.044635,1.590257,#TechLinearMove
0.559198,-0.027520,0.186958,2.706025,-0.051670,1.593727,#TechLinearMove
0.559334,-0.032425,0.187175,2.709504,-0.053347,1.594700,#TechLinearMove
0.559512,-0.037333,0.187299,2.711885,-0.055897,1.595965,#TechLinearMove
0.559705,-0.042241,0.187398,2.714521,-0.057244,1.596653,#TechLinearMove
0.559884,-0.047150,0.187460,2.715939,-0.059322,1.597725,#TechLinearMove
0.559917,-0.052062,0.187398,2.719986,-0.065759,1.600550,#TechLinearMove
0.559990,-0.056972,0.187265,2.722748,-0.070084,1.602466,#TechLinearMove
0.560098,-0.061880,0.187075,2.725219,-0.076309,1.605258,#TechLinearMove
0.560388,-0.066780,0.186896,2.726221,-0.083261,1.608483,#TechLinearMove
0.560622,-0.071683,0.186705,2.729521,-0.092386,1.612617,#TechLinearMove
0.560852,-0.076588,0.186536,2.734230,-0.104223,1.617776,#TechLinearMove
0.561261,-0.084522,0.185859,2.732985,-0.107065,1.618071,#TechLinearMove
0.562027,-0.089213,0.185237,2.726850,-0.107955,1.619403,#TechLinearMove
0.562663,-0.093914,0.184551,2.722572,-0.113082,1.622346,#TechLinearMove
0.563252,-0.098630,0.183927,2.720177,-0.118677,1.625207,#TechLinearMove
0.563878,-0.103333,0.183243,2.715394,-0.123160,1.627978,#TechLinearMove
0.564517,-0.108030,0.182529,2.711656,-0.126843,1.630248,#TechLinearMove
0.564938,-0.112746,0.181780,2.707772,-0.132008,1.633231,#TechLinearMove
0.565324,-0.117475,0.181102,2.703488,-0.137703,1.636587,#TechLinearMove
0.565917,-0.122204,0.180600,2.697393,-0.144859,1.640983,#TechLinearMove
0.566550,-0.126933,0.180138,2.692386,-0.150669,1.644610,#TechLinearMove
0.567132,-0.131665,0.179640,2.684494,-0.154382,1.647859,#TechLinearMove
0.567768,-0.136403,0.179286,2.676945,-0.159981,1.651990,#TechLinearMove
0.569316,-0.146043,0.178063,2.675078,-0.151831,1.647596,#TechLinearMove
0.569945,-0.150911,0.177243,2.680019,-0.134459,1.638868,#TechLinearMove
0.570511,-0.155783,0.176396,2.681519,-0.112820,1.628620,#TechLinearMove
0.571152,-0.160670,0.175715,2.682609,-0.094919,1.619947,#TechLinearMove
0.571547,-0.165561,0.174903,2.683913,-0.080014,1.612773,#TechLinearMove
0.571906,-0.170463,0.174132,2.685109,-0.066573,1.606370,#TechLinearMove
0.572250,-0.175391,0.173534,2.687638,-0.053161,1.599921,#TechLinearMove
0.572498,-0.180343,0.173113,2.690496,-0.039570,1.593446,#TechLinearMove
0.572616,-0.185312,0.172900,2.693812,-0.026616,1.587354,#TechLinearMove
0.572489,-0.190277,0.173033,2.699294,-0.014632,1.581693,#TechLinearMove
0.572139,-0.195211,0.173556,2.706762,-0.003987,1.576664,#TechLinearMove
0.571710,-0.200112,0.174311,2.713919,0.006639,1.571757,#TechLinearMove
0.571236,-0.204998,0.175131,2.719107,0.018949,1.566338,#TechLinearMove
0.570800,-0.209878,0.176000,2.724884,0.031905,1.560777,#TechLinearMove
0.570418,-0.214744,0.176960,2.728865,0.048958,1.553329,#TechLinearMove
0.569662,-0.219496,0.178222,2.736465,0.067568,1.545494,#TechLinearMove
0.568807,-0.224186,0.179651,2.739353,0.090698,1.535730,#TechLinearMove
0.568966,-0.231695,0.179653,2.729752,0.109202,1.525135,#TechLinearMove
0.569612,-0.236334,0.178451,2.733984,0.125232,1.507360,#TechLinearMove
0.570199,-0.241039,0.177515,2.737664,0.138081,1.492528,#TechLinearMove
0.570742,-0.245785,0.176766,2.743929,0.146632,1.483955,#TechLinearMove
0.571176,-0.250555,0.176124,2.752781,0.150546,1.477950,#TechLinearMove
0.571725,-0.255346,0.175807,2.765163,0.148637,1.474617,#TechLinearMove
0.571898,-0.260175,0.175786,2.777796,0.140799,1.473753,#TechLinearMove
0.571939,-0.264974,0.176364,2.792005,0.137145,1.471838,#TechLinearMove
0.571735,-0.269676,0.177479,2.799408,0.143430,1.464884,#TechLinearMove
0.571160,-0.274192,0.179108,2.815930,0.145315,1.462335,#TechLinearMove
0.570301,-0.278556,0.180999,2.823776,0.152274,1.455906,#TechLinearMove
0.569595,-0.282933,0.182899,2.831709,0.162218,1.444271,#TechLinearMove
0.568622,-0.287091,0.185143,2.830916,0.187003,1.425997,#TechLinearMove
0.570599,-0.281883,0.181791,2.827795,0.199914,1.463484,#TechLinearMove
0.571270,-0.277424,0.179943,2.813204,0.187069,1.472647,#TechLinearMove
0.571840,-0.272876,0.178231,2.798401,0.178802,1.477314,#TechLinearMove
0.572222,-0.268203,0.176848,2.781364,0.178908,1.477347,#TechLinearMove
0.572251,-0.263416,0.175860,2.759941,0.182650,1.475189,#TechLinearMove
0.571985,-0.258562,0.175339,2.739920,0.185702,1.473956,#TechLinearMove
0.571610,-0.253687,0.175360,2.728973,0.187427,1.475349,#TechLinearMove
0.571247,-0.248837,0.175899,2.728012,0.183823,1.481011,#TechLinearMove
0.570535,-0.244071,0.176778,2.725316,0.176334,1.488801,#TechLinearMove
0.569935,-0.239359,0.177963,2.727980,0.157792,1.506459,#TechLinearMove
0.568932,-0.229114,0.179710,2.733001,0.118589,1.520904,#TechLinearMove
0.569464,-0.224213,0.178790,2.731544,0.085222,1.535690,#TechLinearMove
0.570168,-0.219396,0.177559,2.727980,0.058811,1.547347,#TechLinearMove
0.570605,-0.214457,0.176793,2.723032,0.038334,1.556416,#TechLinearMove
0.571023,-0.209508,0.176054,2.719171,0.022357,1.563680,#TechLinearMove
0.571476,-0.204570,0.175255,2.712771,0.011885,1.568373,#TechLinearMove
0.571926,-0.199633,0.174457,2.706990,-0.000066,1.573848,#TechLinearMove
0.572335,-0.194682,0.173724,2.702036,-0.012477,1.579690,#TechLinearMove
0.572612,-0.189697,0.173220,2.697120,-0.023801,1.585129,#TechLinearMove
0.572682,-0.184682,0.173095,2.692480,-0.035215,1.590714,#TechLinearMove
0.572571,-0.179668,0.173298,2.687248,-0.046329,1.596318,#TechLinearMove
0.572321,-0.174673,0.173735,2.683056,-0.058309,1.602309,#TechLinearMove
0.571967,-0.169704,0.174368,2.682662,-0.073095,1.609362,#TechLinearMove
0.571566,-0.164748,0.175079,2.682634,-0.092558,1.618758,#TechLinearMove
0.571161,-0.159795,0.175796,2.681924,-0.123074,1.633589,#TechLinearMove
0.570660,-0.154884,0.176718,2.676535,-0.144155,1.644298,#TechLinearMove
0.569919,-0.147701,0.178002,2.685583,-0.152706,1.645931,#TechLinearMove
0.569455,-0.142677,0.178822,2.687709,-0.152010,1.645462,#TechLinearMove
0.568604,-0.137659,0.179272,2.691900,-0.152715,1.645191,#TechLinearMove
0.567882,-0.132632,0.179853,2.694936,-0.152274,1.644551,#TechLinearMove
0.567177,-0.127598,0.180393,2.697118,-0.148607,1.642583,#TechLinearMove
0.566492,-0.122556,0.180884,2.700326,-0.143591,1.639812,#TechLinearMove
0.565801,-0.117516,0.181388,2.704668,-0.137273,1.636206,#TechLinearMove
0.565082,-0.112484,0.181931,2.708713,-0.131275,1.632852,#TechLinearMove
0.564468,-0.107461,0.182633,2.712117,-0.126611,1.630283,#TechLinearMove
0.563989,-0.102444,0.183485,2.715318,-0.120355,1.627050,#TechLinearMove
0.563509,-0.097424,0.184326,2.719110,-0.114130,1.623812,#TechLinearMove
0.562985,-0.092422,0.185242,2.722400,-0.109132,1.621257,#TechLinearMove
0.562348,-0.084516,0.186414,2.724124,-0.103810,1.617689,#TechLinearMove
0.561883,-0.079371,0.186674,2.726286,-0.097653,1.614170,#TechLinearMove
0.561427,-0.074216,0.186858,2.727989,-0.091258,1.610813,#TechLinearMove
0.561027,-0.069056,0.187085,2.728879,-0.084056,1.607308,#TechLinearMove
0.560656,-0.063893,0.187260,2.728130,-0.075549,1.603339,#TechLinearMove
0.560310,-0.058726,0.187386,2.727089,-0.067887,1.599764,#TechLinearMove
0.560017,-0.053555,0.187429,2.725166,-0.063095,1.597528,#TechLinearMove
0.559878,-0.048379,0.187453,2.722369,-0.059567,1.595904,#TechLinearMove
0.559859,-0.043199,0.187489,2.719330,-0.056522,1.594495,#TechLinearMove
0.559820,-0.038020,0.187557,2.714479,-0.054335,1.593375,#TechLinearMove
0.559898,-0.032844,0.187428,2.712441,-0.058552,1.594877,#TechLinearMove
0.559964,-0.022439,0.187307,2.709575,-0.051262,1.593045,#TechLinearMove
0.559600,-0.017295,0.187465,2.696900,-0.036364,1.586233,#TechLinearMove
0.559060,-0.012170,0.187824,2.686961,-0.026027,1.581410,#TechLinearMove
0.558691,-0.007025,0.188109,2.679858,-0.023311,1.580215,#TechLinearMove
0.558323,-0.001881,0.188407,2.673065,-0.021730,1.579595,#TechLinearMove
0.557928,0.003260,0.188737,2.667011,-0.020061,1.578887,#TechLinearMove
0.557569,0.008406,0.189013,2.658207,-0.017444,1.577829,#TechLinearMove
0.557292,0.013563,0.189140,2.652027,-0.014345,1.576353,#TechLinearMove
0.557086,0.018725,0.189137,2.646089,-0.010768,1.574550,#TechLinearMove
0.557072,0.023890,0.189136,2.638738,-0.010049,1.574262,#TechLinearMove
0.557106,0.029056,0.189079,2.629944,-0.006630,1.572419,#TechLinearMove
0.557007,0.034218,0.188915,2.619457,-0.001079,1.569253,#TechLinearMove
0.556997,0.039384,0.188910,2.610876,0.008901,1.563439,#TechLinearMove
0.556754,0.044543,0.188820,2.601961,0.021053,1.556368,#TechLinearMove
0.556773,0.049700,0.188519,2.588116,0.037864,1.546420,#TechLinearMove
0.556450,0.054849,0.188641,2.568464,0.054855,1.535626,#TechLinearMove
0.556167,0.062259,0.189569,2.561112,0.051267,1.537384,#TechLinearMove
0.555961,0.067348,0.188747,2.557969,0.059466,1.531511,#TechLinearMove
0.556042,0.072437,0.187894,2.555283,0.071025,1.523404,#TechLinearMove
0.556129,0.077542,0.187132,2.553616,0.082822,1.515254,#TechLinearMove
0.556373,0.082612,0.186188,2.552304,0.094503,1.507274,#TechLinearMove
0.556778,0.087669,0.185241,2.549935,0.107596,1.498175,#TechLinearMove
0.557347,0.092738,0.184434,2.546824,0.121497,1.488364,#TechLinearMove
0.557906,0.097812,0.183658,2.544031,0.134710,1.478927,#TechLinearMove
0.558446,0.102895,0.182925,2.540986,0.146521,1.470300,#TechLinearMove
0.558968,0.107996,0.182319,2.538802,0.160120,1.460632,#TechLinearMove
0.559340,0.113106,0.181679,2.532949,0.168456,1.453568,#TechLinearMove
0.559752,0.116309,0.181033,2.531689,0.171530,1.451624,#TechLinearMove
0.560188,0.121063,0.180253,2.525493,0.174367,1.450524,#TechLinearMove
0.560658,0.125793,0.179355,2.524602,0.176997,1.449945,#TechLinearMove
0.561216,0.130492,0.178347,2.525737,0.180165,1.449483,#TechLinearMove
0.561836,0.135150,0.177196,2.528638,0.190230,1.444672,#TechLinearMove
0.562494,0.139794,0.176011,2.524389,0.202314,1.436494,#TechLinearMove
0.563173,0.144436,0.174830,2.517207,0.220870,1.423850,#TechLinearMove
0.562620,0.144697,0.175621,2.517207,0.220870,1.423850,#TechMoveTo
0.512282,0.145878,0.143027,2.539599,0.230476,1.416654,#TechMoveTo
0.512812,0.145605,0.142225,2.539599,0.230476,1.416654,#TechMoveTo
0.510533,0.143556,0.141146,2.545466,0.219582,1.424799,#TechLinearMove
0.507338,0.140017,0.140031,2.553773,0.208008,1.435407,#TechLinearMove
0.503981,0.136648,0.138851,2.555416,0.201593,1.440532,#TechLinearMove
0.500663,0.133153,0.137958,2.561066,0.199434,1.444090,#TechLinearMove
0.497104,0.129913,0.137023,2.560050,0.205081,1.440883,#TechLinearMove
0.493779,0.126363,0.136457,2.560554,0.212966,1.436568,#TechLinearMove
0.490426,0.122831,0.135903,2.560583,0.217415,1.434597,#TechLinearMove
0.489678,0.117730,0.137607,2.568249,0.215323,1.435944,#TechLinearMove
0.489021,0.112925,0.138793,2.571211,0.205855,1.442170,#TechLinearMove
0.488587,0.108116,0.140078,2.569746,0.197439,1.446733,#TechLinearMove
0.488196,0.103312,0.141393,2.571230,0.186075,1.453840,#TechLinearMove
0.487768,0.098486,0.142613,2.574086,0.173919,1.461789,#TechLinearMove
0.487383,0.093631,0.143722,2.576591,0.161247,1.469949,#TechLinearMove
0.487048,0.088753,0.144752,2.578166,0.147965,1.478224,#TechLinearMove
0.486651,0.083858,0.145667,2.580245,0.135848,1.485858,#TechLinearMove
0.486248,0.078931,0.146378,2.584545,0.126263,1.492427,#TechLinearMove
0.485917,0.073968,0.146848,2.581223,0.117802,1.496884,#TechLinearMove
0.485727,0.069004,0.147386,2.580514,0.107027,1.503039,#TechLinearMove
0.485862,0.058978,0.147078,2.579860,0.092782,1.512267,#TechLinearMove
0.485795,0.053964,0.147209,2.580339,0.083855,1.518230,#TechLinearMove
0.485688,0.048956,0.147486,2.581549,0.079343,1.521512,#TechLinearMove
0.485644,0.043941,0.147596,2.579823,0.074695,1.524402,#TechLinearMove
0.485724,0.038929,0.147803,2.580630,0.070318,1.527417,#TechLinearMove
0.485797,0.033920,0.148083,2.580108,0.066072,1.530225,#TechLinearMove
0.485839,0.028915,0.148436,2.581218,0.063879,1.531883,#TechLinearMove
0.485866,0.023914,0.148829,2.580419,0.062105,1.533121,#TechLinearMove
0.485902,0.018914,0.149245,2.579961,0.060592,1.534220,#TechLinearMove
0.485949,0.013911,0.149622,2.578050,0.059914,1.534700,#TechLinearMove
0.486022,0.008905,0.149937,2.575716,0.058590,1.535562,#TechLinearMove
0.486099,0.003895,0.150193,2.574281,0.055840,1.537369,#TechLinearMove
0.486185,-0.001114,0.150473,2.572382,0.051678,1.540083,#TechLinearMove
0.486097,-0.006125,0.150701,2.570973,0.050862,1.540695,#TechLinearMove
0.486003,-0.011134,0.150978,2.567799,0.046647,1.543525,#TechLinearMove
0.485930,-0.016148,0.151122,2.565013,0.044639,1.545014,#TechLinearMove
0.485871,-0.023701,0.151279,2.561205,0.042855,1.544322,#TechLinearMove
0.485642,-0.028645,0.151860,2.563774,0.028810,1.552504,#TechLinearMove
0.485480,-0.033608,0.152294,2.563412,0.019813,1.557519,#TechLinearMove
0.485332,-0.038577,0.152646,2.562030,0.012040,1.562026,#TechLinearMove
0.485210,-0.043550,0.152953,2.562200,0.004500,1.566435,#TechLinearMove
0.485194,-0.048524,0.153263,2.561559,-0.002753,1.570653,#TechLinearMove
0.485317,-0.053498,0.153546,2.558134,-0.010216,1.574994,#TechLinearMove
0.485499,-0.058476,0.153698,2.555773,-0.017853,1.579484,#TechLinearMove
0.485719,-0.063455,0.153734,2.554177,-0.026373,1.584643,#TechLinearMove
0.485979,-0.068432,0.153701,2.552166,-0.035389,1.590181,#TechLinearMove
0.486296,-0.073405,0.153722,2.551474,-0.044408,1.595439,#TechLinearMove
0.486640,-0.078369,0.153634,2.549310,-0.060657,1.605247,#TechLinearMove
0.487209,-0.086410,0.153233,2.551821,-0.063980,1.610406,#TechLinearMove
0.487295,-0.091175,0.153026,2.547682,-0.073884,1.617528,#TechLinearMove
0.487526,-0.095929,0.152670,2.544420,-0.079402,1.621627,#TechLinearMove
0.487787,-0.100681,0.152304,2.541176,-0.083452,1.624739,#TechLinearMove
0.488074,-0.105429,0.151899,2.539216,-0.089454,1.629010,#TechLinearMove
0.488363,-0.110174,0.151464,2.542412,-0.094239,1.631866,#TechLinearMove
0.488687,-0.114910,0.150968,2.545666,-0.099622,1.635046,#TechLinearMove
0.489021,-0.119644,0.150452,2.549175,-0.104547,1.637772,#TechLinearMove
0.489427,-0.124375,0.149972,2.552777,-0.110539,1.641168,#TechLinearMove
0.489761,-0.129117,0.149533,2.555465,-0.116457,1.644663,#TechLinearMove
0.490119,-0.133854,0.149071,2.557737,-0.124313,1.649475,#TechLinearMove
0.490398,-0.138604,0.148712,2.560030,-0.135259,1.656205,#TechLinearMove
0.490811,-0.149296,0.147767,2.567617,-0.125354,1.649946,#TechLinearMove
0.491148,-0.154205,0.146963,2.558818,-0.118068,1.645397,#TechLinearMove
0.491466,-0.159121,0.146199,2.551687,-0.114189,1.642680,#TechLinearMove
0.491719,-0.164063,0.145591,2.545841,-0.112024,1.641544,#TechLinearMove
0.491984,-0.169003,0.144967,2.537101,-0.108813,1.640286,#TechLinearMove
0.492261,-0.173936,0.144301,2.529700,-0.106465,1.639301,#TechLinearMove
0.492630,-0.178865,0.143648,2.522892,-0.104516,1.638438,#TechLinearMove
0.493019,-0.183791,0.142979,2.516087,-0.102948,1.637793,#TechLinearMove
0.493453,-0.188711,0.142303,2.510313,-0.099852,1.635899,#TechLinearMove
0.493930,-0.193629,0.141634,2.504181,-0.096121,1.633590,#TechLinearMove
0.494415,-0.198540,0.140929,2.498108,-0.091562,1.630681,#TechLinearMove
0.494915,-0.203439,0.140145,2.491825,-0.084733,1.626080,#TechLinearMove
0.495453,-0.208320,0.139282,2.485338,-0.075159,1.619333,#TechLinearMove
0.496018,-0.213185,0.138352,2.480395,-0.063443,1.610542,#TechLinearMove
0.496618,-0.218042,0.137397,2.472043,-0.051874,1.601755,#TechLinearMove
0.497267,-0.222872,0.136350,2.463257,-0.038186,1.591039,#TechLinearMove
0.497816,-0.227713,0.135293,2.452898,-0.023335,1.579252,#TechLinearMove
0.498116,-0.235574,0.133420,2.444325,0.003399,1.562159,#TechLinearMove
0.497974,-0.240691,0.132670,2.440080,0.016089,1.555834,#TechLinearMove
0.497393,-0.245824,0.132337,2.438124,0.029015,1.548104,#TechLinearMove
0.496649,-0.250940,0.132296,2.436433,0.038758,1.542001,#TechLinearMove
0.495670,-0.256008,0.132637,2.436725,0.052374,1.532946,#TechLinearMove
0.494562,-0.260993,0.133445,2.438587,0.067457,1.522922,#TechLinearMove
0.493378,-0.265916,0.134518,2.437433,0.084231,1.510825,#TechLinearMove
0.492192,-0.270844,0.135567,2.427735,0.105133,1.493458,#TechLinearMove
0.491164,-0.275826,0.136511,2.413421,0.127260,1.473764,#TechLinearMove
0.490296,-0.280875,0.137238,2.396066,0.146966,1.455020,#TechLinearMove
0.489479,-0.285932,0.137968,2.376215,0.171917,1.431807,#TechLinearMove
0.489017,-0.291062,0.138161,2.342039,0.192101,1.408238,#TechLinearMove
0.489343,-0.285693,0.138918,2.350814,0.217053,1.372259,#TechLinearMove
0.490352,-0.280894,0.138394,2.381788,0.183319,1.408630,#TechLinearMove
0.491207,-0.276082,0.137700,2.400856,0.153189,1.438391,#TechLinearMove
0.492465,-0.271418,0.136708,2.413663,0.127416,1.461985,#TechLinearMove
0.493892,-0.266872,0.135417,2.424384,0.095789,1.489323,#TechLinearMove
0.495200,-0.262288,0.134140,2.427945,0.068132,1.511621,#TechLinearMove
0.496304,-0.257584,0.133129,2.424546,0.051979,1.522992,#TechLinearMove
0.497260,-0.252787,0.132494,2.420636,0.042255,1.529216,#TechLinearMove
0.498053,-0.247918,0.132305,2.417656,0.029545,1.538020,#TechLinearMove
0.498465,-0.243011,0.132396,2.412310,0.023230,1.540036,#TechLinearMove
0.498228,-0.232929,0.134250,2.428690,0.015096,1.551969,#TechLinearMove
0.497819,-0.228220,0.135312,2.447301,-0.005358,1.568211,#TechLinearMove
0.497261,-0.223515,0.136316,2.463027,-0.023402,1.581831,#TechLinearMove
0.496690,-0.218798,0.137256,2.472870,-0.038773,1.593540,#TechLinearMove
0.496119,-0.214078,0.138185,2.483003,-0.053031,1.604008,#TechLinearMove
0.495548,-0.209357,0.139107,2.490416,-0.067200,1.614335,#TechLinearMove
0.494996,-0.204626,0.139986,2.495533,-0.078681,1.622618,#TechLinearMove
0.494488,-0.199875,0.140783,2.500600,-0.087253,1.628542,#TechLinearMove
0.494007,-0.195106,0.141479,2.505327,-0.094169,1.633200,#TechLinearMove
0.493531,-0.190328,0.142118,2.509445,-0.099271,1.636577,#TechLinearMove
0.493102,-0.185547,0.142766,2.513656,-0.103641,1.639404,#TechLinearMove
0.492722,-0.180760,0.143402,2.516971,-0.106854,1.641557,#TechLinearMove
0.492368,-0.175970,0.144025,2.519829,-0.109016,1.643022,#TechLinearMove
0.492098,-0.171178,0.144684,2.525325,-0.112108,1.644670,#TechLinearMove
0.491835,-0.166382,0.145307,2.530582,-0.114372,1.645818,#TechLinearMove
0.491580,-0.161583,0.145917,2.541684,-0.118799,1.647735,#TechLinearMove
0.491240,-0.156826,0.146764,2.549300,-0.126071,1.652175,#TechLinearMove
0.490753,-0.149387,0.147903,2.554297,-0.118169,1.647694,#TechLinearMove
0.490622,-0.144377,0.148244,2.553529,-0.116449,1.646005,#TechLinearMove
0.490380,-0.139377,0.148653,2.556086,-0.111502,1.641890,#TechLinearMove
0.490072,-0.134382,0.149087,2.552732,-0.108949,1.640369,#TechLinearMove
0.489764,-0.129387,0.149517,2.550801,-0.104943,1.637680,#TechLinearMove
0.489446,-0.124397,0.149990,2.550747,-0.100756,1.634571,#TechLinearMove
0.489097,-0.119415,0.150527,2.549597,-0.096810,1.631786,#TechLinearMove
0.488726,-0.114437,0.151094,2.548981,-0.092865,1.628928,#TechLinearMove
0.488381,-0.109454,0.151619,2.549021,-0.089423,1.626293,#TechLinearMove
0.488069,-0.104461,0.152068,2.548991,-0.085808,1.623527,#TechLinearMove
0.487791,-0.099465,0.152513,2.550527,-0.081142,1.619710,#TechLinearMove
0.487570,-0.094461,0.152884,2.554182,-0.074347,1.614035,#TechLinearMove
0.487209,-0.086410,0.153233,2.564384,-0.075826,1.616960,#TechLinearMove
0.486948,-0.081208,0.153518,2.567170,-0.060778,1.607885,#TechLinearMove
0.486678,-0.076002,0.153665,2.564872,-0.045756,1.598977,#TechLinearMove
0.486288,-0.070801,0.153713,2.563068,-0.035330,1.592775,#TechLinearMove
0.485966,-0.065595,0.153760,2.562364,-0.025463,1.586873,#TechLinearMove
0.485728,-0.060385,0.153775,2.561856,-0.015761,1.581044,#TechLinearMove
0.485527,-0.055174,0.153665,2.560970,-0.004863,1.574510,#TechLinearMove
0.485382,-0.049966,0.153413,2.560380,0.004345,1.569036,#TechLinearMove
0.485283,-0.044764,0.153047,2.560653,0.012071,1.564469,#TechLinearMove
0.485278,-0.039558,0.152764,2.563865,0.022436,1.558413,#TechLinearMove
0.485411,-0.034357,0.152418,2.565689,0.035904,1.550618,#TechLinearMove
0.485839,-0.024133,0.151399,2.564281,0.037794,1.547775,#TechLinearMove
0.485865,-0.019271,0.151340,2.566744,0.042350,1.544779,#TechLinearMove
0.485947,-0.014414,0.151136,2.568462,0.045016,1.542949,#TechLinearMove
0.486052,-0.009560,0.150871,2.570105,0.047492,1.541336,#TechLinearMove
0.486140,-0.004705,0.150627,2.571250,0.049045,1.540308,#TechLinearMove
0.486119,0.000149,0.150358,2.573253,0.051671,1.538670,#TechLinearMove
0.486053,0.005004,0.150106,2.575581,0.054866,1.536690,#TechLinearMove
0.485977,0.009859,0.149862,2.578084,0.057213,1.535270,#TechLinearMove
0.485913,0.014712,0.149564,2.579587,0.058115,1.534697,#TechLinearMove
0.485876,0.019559,0.149191,2.580547,0.058110,1.534644,#TechLinearMove
0.485853,0.024405,0.148790,2.581684,0.058687,1.534238,#TechLinearMove
0.485828,0.029252,0.148407,2.581668,0.060822,1.532784,#TechLinearMove
0.485782,0.034102,0.148067,2.582094,0.064300,1.530521,#TechLinearMove
0.485716,0.038956,0.147803,2.582442,0.069393,1.527257,#TechLinearMove
0.485645,0.043813,0.147591,2.580950,0.073091,1.524652,#TechLinearMove
0.485743,0.048667,0.147334,2.579816,0.076357,1.522254,#TechLinearMove
0.485873,0.053517,0.147013,2.577998,0.083461,1.517379,#TechLinearMove
0.485475,0.061308,0.146967,2.580180,0.091253,1.513125,#TechLinearMove
0.485173,0.066064,0.146638,2.584129,0.097247,1.510486,#TechLinearMove
0.485094,0.070825,0.146247,2.582286,0.107806,1.504201,#TechLinearMove
0.485029,0.075583,0.145840,2.580132,0.115778,1.499254,#TechLinearMove
0.485067,0.080316,0.145191,2.578974,0.126084,1.492983,#TechLinearMove
0.485203,0.085022,0.144378,2.578439,0.137908,1.485827,#TechLinearMove
0.485638,0.089713,0.143579,2.577426,0.148581,1.479269,#TechLinearMove
0.485937,0.094380,0.142600,2.576289,0.163220,1.470419,#TechLinearMove
0.486268,0.099025,0.141532,2.571968,0.176555,1.461652,#TechLinearMove
0.486702,0.103644,0.140389,2.568774,0.188222,1.453957,#TechLinearMove
0.487159,0.108249,0.139198,2.566170,0.204442,1.443687,#TechLinearMove
0.487562,0.112868,0.138043,2.564086,0.217045,1.435941,#TechLinearMove
0.490291,0.117051,0.138279,2.569399,0.220597,1.433097,#TechLinearMove
0.493583,0.121137,0.138656,2.564403,0.211574,1.436918,#TechLinearMove
0.497023,0.125099,0.139154,2.563438,0.207039,1.439229,#TechLinearMove
0.500174,0.129316,0.139417,2.558693,0.202491,1.440463,#TechLinearMove
0.503548,0.133318,0.140037,2.556231,0.203276,1.439044,#TechLinearMove
0.506701,0.137505,0.140602,2.552312,0.205293,1.436436,#TechLinearMove
0.509866,0.141646,0.141255,2.547931,0.214935,1.428486,#TechLinearMove
0.509337,0.141901,0.142065,2.547931,0.214935,1.428486,#TechMoveTo
0.562201,0.147655,0.174562,2.515636,0.231806,1.425632,#TechMoveTo
0.562753,0.147386,0.173773,2.515636,0.231806,1.425632,#TechMoveTo
0.563861,0.144448,0.175287,2.515924,0.217265,1.425932,#TechLinearMove
0.565430,0.139985,0.178021,2.517326,0.199378,1.436431,#TechLinearMove
0.566879,0.135509,0.180815,2.519737,0.187021,1.444104,#TechLinearMove
0.568358,0.131126,0.183747,2.520708,0.179697,1.447862,#TechLinearMove
0.569792,0.126704,0.186644,2.521822,0.176559,1.448774,#TechLinearMove
0.571370,0.122345,0.189559,2.519227,0.173322,1.448044,#TechLinearMove
0.571867,0.117666,0.191116,2.523541,0.171949,1.449927,#TechLinearMove
0.572166,0.112993,0.192418,2.525556,0.160161,1.458266,#TechLinearMove
0.572463,0.108266,0.193527,2.528227,0.153514,1.463304,#TechLinearMove
0.572749,0.103515,0.194536,2.531904,0.143765,1.470602,#TechLinearMove
0.573083,0.098771,0.195561,2.535274,0.130648,1.480143,#TechLinearMove
0.573375,0.094014,0.196531,2.539090,0.117992,1.489398,#TechLinearMove
0.573652,0.089245,0.197443,2.543136,0.104471,1.499242,#TechLinearMove
0.574016,0.084496,0.198437,2.545641,0.088382,1.510570,#TechLinearMove
0.574287,0.079746,0.199455,2.547637,0.077647,1.518036,#TechLinearMove
0.574567,0.074992,0.200450,2.549641,0.067143,1.525252,#TechLinearMove
0.574912,0.070235,0.201406,2.552835,0.053287,1.534869,#TechLinearMove
0.575452,0.059646,0.201356,2.567975,0.047546,1.539662,#TechLinearMove
0.575963,0.054814,0.201080,2.582696,0.028553,1.551290,#TechLinearMove
0.576234,0.049953,0.201080,2.593683,0.008572,1.563090,#TechLinearMove
0.576431,0.045086,0.201089,2.601851,-0.000729,1.568367,#TechLinearMove
0.576647,0.040221,0.201039,2.608704,-0.013847,1.575924,#TechLinearMove
0.576881,0.035357,0.200979,2.617272,-0.025470,1.582373,#TechLinearMove
0.577183,0.030497,0.200919,2.625011,-0.035693,1.587935,#TechLinearMove
0.577459,0.025638,0.200763,2.632756,-0.041880,1.591060,#TechLinearMove
0.577684,0.020780,0.200502,2.641494,-0.045973,1.592812,#TechLinearMove
0.577923,0.015925,0.200207,2.650806,-0.050644,1.594758,#TechLinearMove
0.578214,0.011074,0.199885,2.660989,-0.054481,1.596084,#TechLinearMove
0.578605,0.006235,0.199506,2.671998,-0.056558,1.596316,#TechLinearMove
0.579132,0.001408,0.199133,2.682218,-0.059835,1.597207,#TechLinearMove
0.579651,-0.003417,0.198736,2.694314,-0.064211,1.598438,#TechLinearMove
0.580264,-0.008210,0.198126,2.710067,-0.069624,1.599921,#TechLinearMove
0.580781,-0.013026,0.197642,2.726709,-0.083782,1.605439,#TechLinearMove
0.581579,-0.020566,0.197962,2.729648,-0.082411,1.605642,#TechLinearMove
0.581548,-0.025499,0.198245,2.736554,-0.080460,1.605260,#TechLinearMove
0.581568,-0.030436,0.198412,2.740546,-0.075860,1.603908,#TechLinearMove
0.581683,-0.035374,0.198516,2.744822,-0.074374,1.603477,#TechLinearMove
0.581686,-0.040316,0.198507,2.750049,-0.072512,1.602811,#TechLinearMove
0.581711,-0.045256,0.198442,2.753181,-0.071633,1.602727,#TechLinearMove
0.581784,-0.050195,0.198316,2.755824,-0.072774,1.603499,#TechLinearMove
0.581914,-0.055131,0.198108,2.758779,-0.074576,1.604505,#TechLinearMove
0.582096,-0.060060,0.197821,2.761335,-0.078389,1.606355,#TechLinearMove
0.582460,-0.064979,0.197544,2.763520,-0.083007,1.608560,#TechLinearMove
0.582765,-0.069904,0.197295,2.767719,-0.088873,1.611426,#TechLinearMove
0.583077,-0.074830,0.197069,2.769804,-0.092981,1.613900,#TechLinearMove
0.583597,-0.082565,0.196218,2.767688,-0.088797,1.609031,#TechLinearMove
0.584331,-0.087423,0.195677,2.766277,-0.099118,1.613701,#TechLinearMove
0.584896,-0.092306,0.195145,2.765377,-0.106388,1.617023,#TechLinearMove
0.585451,-0.097190,0.194623,2.765516,-0.112079,1.619407,#TechLinearMove
0.586031,-0.102071,0.194090,2.767283,-0.118870,1.621999,#TechLinearMove
0.586600,-0.106953,0.193560,2.768929,-0.127467,1.625252,#TechLinearMove
0.586913,-0.111857,0.193016,2.769148,-0.135216,1.628444,#TechLinearMove
0.587231,-0.116764,0.192510,2.766497,-0.140499,1.631117,#TechLinearMove
0.587547,-0.121674,0.192017,2.765622,-0.145279,1.633301,#TechLinearMove
0.587845,-0.126587,0.191558,2.762628,-0.150239,1.635919,#TechLinearMove
0.588144,-0.131500,0.191094,2.756917,-0.156936,1.639818,#TechLinearMove
0.588401,-0.136417,0.190649,2.746690,-0.161770,1.643996,#TechLinearMove
0.589162,-0.148487,0.189403,2.745225,-0.141206,1.632676,#TechLinearMove
0.589677,-0.153432,0.188596,2.743591,-0.120497,1.622565,#TechLinearMove
0.590431,-0.158372,0.187978,2.747193,-0.100710,1.612260,#TechLinearMove
0.590949,-0.163360,0.187517,2.753159,-0.083157,1.603230,#TechLinearMove
0.591371,-0.168362,0.187112,2.757714,-0.070882,1.597020,#TechLinearMove
0.591748,-0.173374,0.186788,2.761688,-0.058464,1.590890,#TechLinearMove
0.592074,-0.178393,0.186547,2.766922,-0.046640,1.584904,#TechLinearMove
0.592342,-0.183420,0.186409,2.769248,-0.032012,1.578024,#TechLinearMove
0.592544,-0.188452,0.186366,2.768781,-0.014761,1.570288,#TechLinearMove
0.592696,-0.193486,0.186399,2.768492,0.001928,1.562690,#TechLinearMove
0.592845,-0.198520,0.186456,2.767667,0.019481,1.554768,#TechLinearMove
0.593015,-0.203553,0.186449,2.766450,0.036633,1.547159,#TechLinearMove
0.593149,-0.208586,0.186336,2.766236,0.052125,1.540294,#TechLinearMove
0.593148,-0.213618,0.186339,2.764224,0.071637,1.531284,#TechLinearMove
0.593137,-0.218653,0.186417,2.754483,0.099187,1.518182,#TechLinearMove
0.593341,-0.223679,0.186198,2.738815,0.133435,1.501828,#TechLinearMove
0.593834,-0.231300,0.184919,2.752017,0.116111,1.516047,#TechLinearMove
0.594942,-0.236194,0.184177,2.781523,0.126852,1.517703,#TechLinearMove
0.595418,-0.241246,0.183965,2.813257,0.127057,1.521830,#TechLinearMove
0.595754,-0.246307,0.183880,2.831893,0.131580,1.523567,#TechLinearMove
0.595732,-0.251359,0.184331,2.852283,0.137517,1.525467,#TechLinearMove
0.595332,-0.256313,0.185375,2.860823,0.148971,1.523957,#TechLinearMove
0.594678,-0.261167,0.186733,2.860259,0.165400,1.519706,#TechLinearMove
0.593957,-0.265950,0.188291,2.865173,0.180218,1.516991,#TechLinearMove
0.593351,-0.270749,0.189850,2.867280,0.204077,1.511236,#TechLinearMove
0.592770,-0.275585,0.191298,2.860214,0.234779,1.502528,#TechLinearMove
0.592012,-0.280307,0.192998,2.858547,0.267632,1.494114,#TechLinearMove
0.591680,-0.285159,0.194410,2.862155,0.302631,1.486013,#TechLinearMove
0.592092,-0.279935,0.194110,2.895611,0.248567,1.508538,#TechLinearMove
0.592652,-0.275415,0.192117,2.897179,0.205645,1.515276,#TechLinearMove
0.593286,-0.270861,0.190219,2.884227,0.189166,1.515432,#TechLinearMove
0.594002,-0.266326,0.188306,2.878145,0.171706,1.517385,#TechLinearMove
0.594921,-0.261815,0.186425,2.873132,0.155851,1.519257,#TechLinearMove
0.595874,-0.257233,0.184778,2.860694,0.150060,1.517747,#TechLinearMove
0.596238,-0.252417,0.183622,2.834276,0.157282,1.511476,#TechLinearMove
0.596195,-0.247473,0.183061,2.817259,0.151847,1.509160,#TechLinearMove
0.595828,-0.242542,0.182786,2.789478,0.140163,1.505792,#TechLinearMove
0.594262,-0.232071,0.184767,2.771998,0.137184,1.510877,#TechLinearMove
0.593704,-0.227293,0.185515,2.773875,0.103324,1.525647,#TechLinearMove
0.593436,-0.222443,0.185879,2.778827,0.072006,1.539323,#TechLinearMove
0.593187,-0.217592,0.186257,2.782281,0.046711,1.549506,#TechLinearMove
0.593032,-0.212731,0.186530,2.785507,0.026517,1.557527,#TechLinearMove
0.592860,-0.207863,0.186628,2.791312,0.004590,1.566634,#TechLinearMove
0.592810,-0.202992,0.186597,2.794134,-0.016021,1.575289,#TechLinearMove
0.592885,-0.198121,0.186502,2.793124,-0.032934,1.582436,#TechLinearMove
0.592990,-0.193251,0.186386,2.791284,-0.047766,1.588755,#TechLinearMove
0.593031,-0.188380,0.186323,2.788172,-0.060226,1.594309,#TechLinearMove
0.592991,-0.183508,0.186369,2.781729,-0.069785,1.599106,#TechLinearMove
0.592893,-0.178640,0.186541,2.773072,-0.080004,1.604428,#TechLinearMove
0.592706,-0.173782,0.186859,2.764246,-0.090412,1.609954,#TechLinearMove
0.592397,-0.168938,0.187275,2.755216,-0.097002,1.614224,#TechLinearMove
0.591937,-0.164110,0.187741,2.745262,-0.108566,1.620654,#TechLinearMove
0.591499,-0.159297,0.188355,2.734836,-0.123982,1.629373,#TechLinearMove
0.590868,-0.154535,0.189169,2.725429,-0.138859,1.638003,#TechLinearMove
0.590483,-0.146415,0.190419,2.744897,-0.138850,1.631756,#TechLinearMove
0.589706,-0.141367,0.190621,2.752749,-0.137359,1.630436,#TechLinearMove
0.589160,-0.136295,0.190977,2.760893,-0.136889,1.629323,#TechLinearMove
0.588648,-0.131222,0.191359,2.766232,-0.136322,1.628506,#TechLinearMove
0.588152,-0.126146,0.191727,2.770187,-0.133275,1.626991,#TechLinearMove
0.587642,-0.121074,0.192121,2.773351,-0.129562,1.625365,#TechLinearMove
0.587211,-0.116001,0.192589,2.774602,-0.125823,1.624025,#TechLinearMove
0.586880,-0.110926,0.193122,2.774597,-0.121236,1.622550,#TechLinearMove
0.586535,-0.105857,0.193693,2.773012,-0.115035,1.620654,#TechLinearMove
0.586157,-0.100795,0.194308,2.768934,-0.107909,1.618750,#TechLinearMove
0.585781,-0.095733,0.194928,2.767352,-0.100550,1.616535,#TechLinearMove
0.585392,-0.090673,0.195554,2.764954,-0.092846,1.614327,#TechLinearMove
0.584728,-0.082539,0.196645,2.770966,-0.085739,1.607508,#TechLinearMove
0.584421,-0.077347,0.197145,2.768374,-0.086569,1.607234,#TechLinearMove
0.583859,-0.072161,0.197425,2.766371,-0.085447,1.606395,#TechLinearMove
0.583394,-0.066967,0.197748,2.765020,-0.083210,1.605248,#TechLinearMove
0.582959,-0.061767,0.198021,2.763762,-0.081030,1.604106,#TechLinearMove
0.582543,-0.056564,0.198249,2.761605,-0.079214,1.603182,#TechLinearMove
0.582173,-0.051355,0.198404,2.758877,-0.078270,1.602657,#TechLinearMove
0.581860,-0.046140,0.198479,2.756087,-0.080153,1.603266,#TechLinearMove
0.581692,-0.040919,0.198526,2.752496,-0.083092,1.604376,#TechLinearMove
0.581596,-0.035697,0.198649,2.748014,-0.086850,1.605694,#TechLinearMove
0.581621,-0.030473,0.198622,2.742129,-0.095730,1.609052,#TechLinearMove
0.581958,-0.020219,0.198143,2.739898,-0.085257,1.605860,#TechLinearMove
0.581859,-0.015182,0.198310,2.723370,-0.070909,1.600290,#TechLinearMove
0.581277,-0.010203,0.198750,2.708160,-0.060154,1.595989,#TechLinearMove
0.580788,-0.005193,0.199023,2.696975,-0.055142,1.594159,#TechLinearMove
0.580258,-0.000192,0.199378,2.685527,-0.049993,1.592380,#TechLinearMove
0.579710,0.004805,0.199759,2.674905,-0.046796,1.591433,#TechLinearMove
0.579144,0.009799,0.200156,2.663852,-0.044737,1.591092,#TechLinearMove
0.578653,0.014808,0.200448,2.653940,-0.043264,1.590919,#TechLinearMove
0.578273,0.019828,0.200721,2.646197,-0.040726,1.589974,#TechLinearMove
0.577840,0.024847,0.200912,2.639208,-0.035313,1.587327,#TechLinearMove
0.577449,0.029873,0.201012,2.630714,-0.030637,1.585068,#TechLinearMove
0.577337,0.034910,0.201191,2.622455,-0.022495,1.580848,#TechLinearMove
0.577103,0.039945,0.201240,2.614826,-0.012928,1.575580,#TechLinearMove
0.576871,0.044981,0.201288,2.605986,-0.001845,1.569296,#TechLinearMove
0.576809,0.050022,0.201244,2.594498,0.016726,1.558613,#TechLinearMove
0.576314,0.055029,0.201487,2.582259,0.040814,1.544222,#TechLinearMove
0.575474,0.062648,0.201777,2.578056,0.036335,1.547301,#TechLinearMove
0.574858,0.067551,0.200993,2.569396,0.044311,1.541556,#TechLinearMove
0.574309,0.072453,0.200140,2.562684,0.059023,1.531433,#TechLinearMove
0.573937,0.077388,0.199400,2.556206,0.068591,1.524589,#TechLinearMove
0.573661,0.082311,0.198540,2.552410,0.080090,1.516550,#TechLinearMove
0.573302,0.087204,0.197542,2.549450,0.094592,1.506495,#TechLinearMove
0.572991,0.092105,0.196566,2.544635,0.111260,1.494592,#TechLinearMove
0.572705,0.096998,0.195545,2.538872,0.128495,1.482008,#TechLinearMove
0.572480,0.101893,0.194525,2.533590,0.142048,1.471938,#TechLinearMove
0.572311,0.106810,0.193597,2.526642,0.158573,1.459470,#TechLinearMove
0.571931,0.111689,0.192552,2.516530,0.175273,1.445963,#TechLinearMove
0.570895,0.113667,0.191150,2.513147,0.171509,1.447570,#TechLinearMove
0.569866,0.118223,0.189193,2.515345,0.176202,1.446714,#TechLinearMove
0.568958,0.122770,0.187163,2.519025,0.177988,1.447560,#TechLinearMove
0.568358,0.127388,0.185171,2.521674,0.180332,1.447697,#TechLinearMove
0.567201,0.131622,0.182645,2.524110,0.183573,1.447210,#TechLinearMove
0.565956,0.135779,0.180034,2.525386,0.188886,1.445079,#TechLinearMove
0.564740,0.140008,0.177529,2.522607,0.199600,1.438116,#TechLinearMove
0.563861,0.144448,0.175287,2.518539,0.215125,1.428137,#TechLinearMove
0.563308,0.144703,0.176080,2.518539,0.215125,1.428137,#TechMoveTo
0.512282,0.145878,0.143027,2.539599,0.230476,1.416654,#TechMoveTo
0.512812,0.145605,0.142225,2.539599,0.230476,1.416654,#TechMoveTo
