ply
format ascii 1.0
comment Generated by robot_control PLYWriter
element vertex 11480
property float x
property float y
property float z
property uchar red
property uchar green
property uchar blue
end_header
0.520161 0.103306 0.256955 0 255 0
0.520636 0.10061 0.256862 0 254 0
0.520732 0.0958579 0.25692 0 254 0
0.52093 0.0911137 0.257296 0 254 0
0.521222 0.0864211 0.257989 0 254 0
0.521588 0.0810517 0.25784 0 254 0
0.522169 0.0758166 0.257204 0 254 0
0.522628 0.070555 0.256695 0 254 0
0.523065 0.0652918 0.256183 0 254 0
0.523299 0.060006 0.255784 0 254 0
0.523428 0.054705 0.255591 0 254 0
0.523509 0.0494015 0.255456 0 254 0
0.523653 0.0390816 0.255173 0 254 0
0.523886 0.0340871 0.254753 0 254 0
0.524198 0.0290869 0.254523 0 254 0
0.52449 0.024082 0.254317 0 254 0
0.52481 0.0190811 0.25406 0 254 0
0.525128 0.0140786 0.253832 0 254 0
0.525407 0.00907087 0.253683 0 254 0
0.525628 0.00405876 0.253597 0 254 0
0.525798 -0.000956067 0.253599 0 254 0
0.525928 -0.00597093 0.253707 0 254 0
0.526013 -0.0109848 0.253884 0 254 0
0.525986 -0.0160017 0.25393 0 254 0
0.525867 -0.0210133 0.254145 0 254 0
0.525661 -0.0258988 0.254496 0 254 0
0.525322 -0.0306841 0.255106 0 254 0
0.524908 -0.0354444 0.255856 0 254 0
0.524696 -0.0401818 0.256791 0 254 0
0.524584 -0.0449217 0.257747 0 254 0
0.524518 -0.0496737 0.258645 0 254 0
0.524542 -0.0544448 0.25943 0 254 0
0.524675 -0.0592442 0.26 0 254 0
0.524848 -0.0640641 0.260318 0 254 0
0.524854 -0.0689007 0.260302 0 254 0
0.524886 -0.0737368 0.260237 0 254 0
0.525068 -0.0792152 0.259909 0 254 0
0.525393 -0.084027 0.259336 0 254 0
0.525733 -0.0888361 0.258749 0 254 0
0.526182 -0.0936345 0.258152 0 254 0
0.526593 -0.098436 0.257555 0 254 0
0.526915 -0.103248 0.256985 0 254 0
0.527197 -0.108071 0.256484 0 254 0
0.52744 -0.112903 0.256063 0 254 0
0.527614 -0.117742 0.2557 0 254 0
0.527628 -0.122588 0.255404 0 254 0
0.527933 -0.130573 0.255314 1 253 0
0.527872 -0.13555 0.255277 1 253 0
0.52791 -0.140527 0.255187 1 253 0
0.527964 -0.145501 0.255282 1 253 0
0.528042 -0.15046 0.25568 1 253 0
0.527894 -0.155391 0.256332 1 253 0
0.527698 -0.160278 0.257262 1 253 0
0.527445 -0.165141 0.258298 1 253 0
0.527257 -0.170029 0.259223 1 253 0
0.527249 -0.174973 0.259789 1 253 0
0.527438 -0.17994 0.260031 1 253 0
0.527627 -0.184906 0.25983 1 253 0
0.527775 -0.18986 0.259577 1 253 0
0.52857 -0.194557 0.258175 1 253 0
0.529836 -0.199785 0.25601 1 253 0
0.530197 -0.204953 0.255356 1 253 0
0.530565 -0.210123 0.254718 1 253 0
0.530949 -0.215332 0.254676 1 253 0
0.531218 -0.220546 0.254798 1 253 0
0.531393 -0.225753 0.255139 1 253 0
0.531331 -0.230927 0.255822 1 253 0
0.53102 -0.236039 0.256843 1 253 0
0.530423 -0.241124 0.257874 1 253 0
0.529611 -0.246091 0.259256 1 253 0
0.530549 -0.240665 0.25767 1 253 0
0.530846 -0.236066 0.256724 1 253 0
0.531031 -0.231435 0.255844 1 253 0
0.531127 -0.226768 0.255188 1 253 0
0.531051 -0.22207 0.254803 1 253 0
0.530839 -0.217359 0.254645 1 253 0
0.53062 -0.212647 0.254603 1 253 0
0.530592 -0.20793 0.254646 1 253 0
0.529634 -0.200099 0.256278 1 253 0
0.528643 -0.195546 0.25805 1 253 0
0.528024 -0.190733 0.259144 1 253 0
0.527626 -0.185802 0.259756 1 253 0
0.527209 -0.180834 0.259912 1 253 0
0.526981 -0.175855 0.25973 1 253 0
0.526974 -0.170896 0.259194 1 253 0
0.527257 -0.166002 0.258289 1 253 0
0.527521 -0.161128 0.257263 1 253 0
0.527726 -0.156235 0.256316 1 253 0
0.527807 -0.151304 0.255581 1 253 0
0.527881 -0.146334 0.255234 1 253 0
0.52796 -0.141349 0.255141 1 253 0
0.527729 -0.13637 0.255238 2 252 0
0.527688 -0.131214 0.255088 2 252 0
0.527624 -0.126465 0.2553 2 252 0
0.527565 -0.121714 0.255449 2 252 0
0.527426 -0.116969 0.2557 2 252 0
0.527223 -0.112233 0.256052 2 252 0
0.526978 -0.107505 0.256472 2 252 0
0.526696 -0.102785 0.256963 2 252 0
0.526381 -0.0980752 0.257527 2 252 0
0.526036 -0.0933742 0.258144 2 252 0
0.525713 -0.0886772 0.258801 2 252 0
0.525374 -0.0839732 0.259397 2 252 0
0.525061 -0.0785078 0.259915 2 252 0
0.524983 -0.0736835 0.260066 2 252 0
0.524595 -0.0688732 0.260085 2 252 0
0.524237 -0.0640622 0.259942 2 252 0
0.524 -0.0592572 0.259572 2 252 0
0.523896 -0.0544684 0.258986 2 252 0
0.523886 -0.0496997 0.25824 2 252 0
0.524026 -0.0449495 0.25741 2 252 0
0.524484 -0.0402131 0.256599 2 252 0
0.525009 -0.0355056 0.255668 2 252 0
0.525573 -0.0271733 0.25464 2 252 0
0.525768 -0.0223216 0.254313 2 252 0
0.525927 -0.017464 0.254051 2 252 0
0.52607 -0.0126057 0.2538 2 252 0
0.526114 -0.00774228 0.253644 2 252 0
0.525946 -0.00287908 0.253544 2 252 0
0.525734 0.00198356 0.253531 2 252 0
0.525503 0.00684538 0.253541 2 252 0
0.525242 0.0117051 0.253611 2 252 0
0.524908 0.0165569 0.253808 2 252 0
0.524533 0.0214023 0.254074 2 252 0
0.524179 0.0262502 0.254327 2 252 0
0.523948 0.0311021 0.254623 2 252 0
0.523701 0.0359441 0.255049 2 252 0
0.523497 0.0414509 0.255445 2 252 0
0.5235 0.0467127 0.255434 2 252 0
0.523444 0.0519737 0.255521 2 252 0
0.523394 0.057234 0.255637 2 252 0
0.523208 0.0624837 0.255943 2 252 0
0.522933 0.0677163 0.256424 2 252 0
0.522468 0.0729309 0.256954 2 252 0
0.522 0.0781321 0.257593 2 252 0
0.521679 0.0804911 0.257921 2 252 0
0.521185 0.0855146 0.257774 3 251 0
0.52089 0.0905357 0.25736 3 251 0
0.520708 0.0955689 0.256954 3 251 0
0.520636 0.10061 0.256862 3 251 0
0.520124 0.100669 0.257719 3 251 0
0.571468 0.104526 0.288173 3 251 0
0.571861 0.104442 0.287257 3 251 0
0.572483 0.1026 0.285682 3 251 0
0.573672 0.0984407 0.283911 3 251 0
0.574736 0.0941613 0.282364 3 251 0
0.57566 0.0897674 0.281071 3 251 0
0.575849 0.0844763 0.280804 3 251 0
0.575795 0.0797164 0.28088 3 251 0
0.575657 0.0749603 0.281062 3 251 0
0.57542 0.070218 0.281397 3 251 0
0.575093 0.0654912 0.281865 3 251 0
0.574694 0.0607814 0.282434 3 251 0
0.574226 0.0560915 0.283111 3 251 0
0.573693 0.0514234 0.283884 3 251 0
0.572698 0.0414137 0.285927 3 251 0
0.572685 0.0364278 0.286853 3 251 0
0.572491 0.0313991 0.287485 3 251 0
0.572359 0.0263641 0.288088 3 251 0
0.57237 0.021308 0.288496 3 251 0
0.572488 0.0162374 0.288581 3 251 0
0.572834 0.011177 0.288516 3 251 0
0.573153 0.00612791 0.288146 3 251 0
0.573451 0.00109714 0.287566 3 251 0
0.573818 -0.0039185 0.286902 3 251 0
0.574289 -0.00892331 0.286222 3 251 0
0.574858 -0.0138687 0.285248 3 251 0
0.575465 -0.0188236 0.284359 3 251 0
0.575699 -0.0264411 0.283789 3 251 0
0.575395 -0.0314321 0.284561 3 251 0
0.575379 -0.0363903 0.285556 3 251 0
0.575217 -0.0413583 0.286497 3 251 0
0.574994 -0.0463086 0.287523 3 251 0
0.574777 -0.0512757 0.288465 3 251 0
0.574599 -0.0562698 0.289255 3 251 0
0.574534 -0.0612905 0.289877 3 251 0
0.574358 -0.066316 0.290411 3 251 0
0.574255 -0.0713704 0.290559 3 251 0
0.574491 -0.0771573 0.290248 3 251 0
0.575012 -0.0820278 0.289471 3 251 0
0.575497 -0.0869237 0.288847 3 251 0
0.57612 -0.0918243 0.288405 4 250 0
0.576734 -0.0967292 0.288 4 250 0
0.577271 -0.101651 0.287701 4 250 0
0.577758 -0.106582 0.2875 4 250 0
0.578226 -0.111517 0.287331 4 250 0
0.578603 -0.116441 0.286874 4 250 0
0.578956 -0.121368 0.286427 4 250 0
0.579658 -0.129103 0.285446 4 250 0
0.579938 -0.133993 0.285045 4 250 0
0.58017 -0.138891 0.284713 4 250 0
0.580318 -0.143797 0.284499 4 250 0
0.58023 -0.148702 0.284612 4 250 0
0.579838 -0.153569 0.285168 4 250 0
0.579417 -0.158408 0.285918 4 250 0
0.578932 -0.163223 0.286777 4 250 0
0.578467 -0.168049 0.287585 4 250 0
0.577958 -0.172881 0.288328 4 250 0
0.577524 -0.177735 0.288963 4 250 0
0.577228 -0.182622 0.289373 4 250 0
0.577122 -0.187526 0.289616 4 250 0
0.577211 -0.192422 0.289201 4 250 0
0.577361 -0.197486 0.28858 4 250 0
0.577771 -0.202207 0.28863 4 250 0
0.578335 -0.206925 0.288567 4 250 0
0.578878 -0.211646 0.288476 4 250 0
0.579455 -0.216363 0.288362 4 250 0
0.580059 -0.221075 0.288195 4 250 0
0.58055 -0.225796 0.287981 4 250 0
0.580823 -0.230536 0.287771 4 250 0
0.580883 -0.235285 0.287686 4 250 0
0.580783 -0.240035 0.287839 4 250 0
0.580696 -0.244778 0.288109 4 250 0
0.580839 -0.238887 0.287499 4 250 0
0.580776 -0.234133 0.287589 4 250 0
0.580643 -0.229383 0.287785 4 250 0
0.580437 -0.224639 0.288054 4 250 0
0.580039 -0.219908 0.288294 4 250 0
0.579493 -0.215185 0.288455 4 250 0
0.578938 -0.210463 0.288585 4 250 0
0.578304 -0.205752 0.288579 4 250 0
0.57741 -0.197926 0.288702 4 250 0
0.577269 -0.193055 0.289243 4 250 0
0.577188 -0.188161 0.289472 4 250 0
0.577178 -0.18326 0.289446 4 250 0
0.577408 -0.178375 0.289148 4 250 0
0.577833 -0.173531 0.288524 5 249 0
0.578344 -0.168711 0.287789 5 249 0
0.578808 -0.163897 0.286983 5 249 0
0.579291 -0.159093 0.286131 5 249 0
0.579716 -0.154268 0.285372 5 249 0
0.58011 -0.149416 0.284797 5 249 0
0.580286 -0.144529 0.284551 5 249 0
0.580297 -0.139627 0.284532 5 249 0
0.580069 -0.13474 0.284859 5 249 0
0.579745 -0.12987 0.285288 5 249 0
0.57928 -0.124763 0.285937 5 249 0
0.578868 -0.119643 0.286515 5 249 0
0.578462 -0.114521 0.287074 5 249 0
0.57794 -0.109383 0.287301 5 249 0
0.577436 -0.104241 0.287472 5 249 0
0.576911 -0.0991056 0.287749 5 249 0
0.576301 -0.0939867 0.288133 5 249 0
0.575647 -0.0888781 0.288573 5 249 0
0.575134 -0.0837944 0.289344 5 249 0
0.574626 -0.0790711 0.290031 5 249 0
0.574436 -0.0739865 0.290309 5 249 0
0.574266 -0.0688993 0.29055 5 249 0
0.574348 -0.0638065 0.290427 5 249 0
0.574615 -0.0587341 0.29003 5 249 0
0.574666 -0.0537124 0.289168 5 249 0
0.574875 -0.0487231 0.288154 5 249 0
0.575149 -0.0437729 0.286977 5 249 0
0.575309 -0.0388212 0.285786 5 249 0
0.575512 -0.0338813 0.284626 5 249 0
0.575697 -0.0258999 0.283788 5 249 0
0.575443 -0.0210337 0.284458 5 249 0
0.575013 -0.016181 0.285138 5 249 0
0.574628 -0.0113144 0.285742 5 249 0
0.574171 -0.00648423 0.286561 5 249 0
0.573663 -0.00167274 0.287456 5 249 0
0.573256 0.00317025 0.288225 5 249 0
0.572921 0.00805551 0.288704 5 249 0
0.572702 0.0129614 0.289003 5 249 0
0.572574 0.0178786 0.28908 5 249 0
0.57246 0.0227882 0.288832 5 249 0
0.572498 0.0276729 0.288268 5 249 0
0.572632 0.0325508 0.287637 5 249 0
0.572669 0.0374075 0.286853 5 249 0
0.57241 0.0420788 0.285655 5 249 0
0.573048 0.0471436 0.284729 5 249 0
0.573719 0.0521997 0.283781 6 248 0
0.574318 0.0572781 0.282907 6 248 0
0.574838 0.0623889 0.282185 6 248 0
0.575283 0.0675223 0.281583 6 248 0
0.575599 0.0726804 0.281128 6 248 0
0.575789 0.0778581 0.280876 6 248 0
0.575886 0.0830423 0.280738 6 248 0
0.575892 0.0857776 0.28072 6 248 0
0.575213 0.0911663 0.281743 6 248 0
0.574196 0.0963888 0.28324 6 248 0
0.572878 0.101404 0.285155 6 248 0
0.572481 0.101501 0.286067 6 248 0
0.519653 0.103379 0.257813 6 248 0
0.520161 0.103306 0.256955 6 248 0
0.518367 0.101516 0.255754 6 248 0
0.515037 0.0985328 0.253645 6 248 0
0.511687 0.0955667 0.251549 6 248 0
0.508218 0.0927596 0.249414 6 248 0
0.504705 0.089976 0.247322 6 248 0
0.501192 0.087131 0.245322 6 248 0
0.501118 0.0822186 0.245437 6 248 0
0.501158 0.0770534 0.245369 6 248 0
0.500816 0.0719048 0.245137 6 248 0
0.500485 0.0667573 0.244856 6 248 0
0.50012 0.0616094 0.244632 6 248 0
0.499685 0.056463 0.244531 6 248 0
0.4992 0.0513202 0.244496 6 248 0
0.499052 0.0461632 0.244742 6 248 0
0.499166 0.0384977 0.244905 6 248 0
0.500102 0.0334381 0.244512 6 248 0
0.500815 0.0283681 0.243862 6 248 0
0.501477 0.0232881 0.243229 6 248 0
0.502133 0.018219 0.242508 6 248 0
0.502763 0.0131423 0.241819 6 248 0
0.50338 0.00804617 0.241282 6 248 0
0.503922 0.00292684 0.240906 6 248 0
0.504358 -0.00221148 0.240738 6 248 0
0.504636 -0.00736073 0.240886 6 248 0
0.504767 -0.0125016 0.241321 6 248 0
0.504943 -0.0176289 0.241881 6 248 0
0.505018 -0.0227334 0.242551 6 248 0
0.504545 -0.0280244 0.243466 6 248 0
0.504171 -0.0327884 0.244181 6 248 0
0.503769 -0.0375399 0.244961 6 248 0
0.503405 -0.0423053 0.24567 6 248 0
0.503031 -0.0470937 0.246185 7 247 0
0.502769 -0.0519028 0.246554 7 247 0
0.502593 -0.0567262 0.246716 7 247 0
0.502512 -0.0615559 0.246693 7 247 0
0.502583 -0.0663846 0.246568 7 247 0
0.502751 -0.0712059 0.246307 7 247 0
0.502899 -0.0760268 0.246059 7 247 0
0.503359 -0.081283 0.245734 7 247 0
0.50352 -0.0861584 0.245421 7 247 0
0.503656 -0.0910387 0.245161 7 247 0
0.503779 -0.0959223 0.244967 7 247 0
0.503861 -0.100809 0.244852 7 247 0
0.503919 -0.105697 0.244762 7 247 0
0.503986 -0.110584 0.244645 7 247 0
0.504066 -0.11547 0.244486 7 247 0
0.504133 -0.120356 0.244322 7 247 0
0.504224 -0.12524 0.244101 7 247 0
0.504137 -0.133063 0.244263 7 247 0
0.504333 -0.13798 0.244138 7 247 0
0.504741 -0.142884 0.24425 7 247 0
0.504966 -0.1478 0.244441 7 247 0
0.505185 -0.152715 0.244659 7 247 0
0.505443 -0.157631 0.244798 7 247 0
0.505733 -0.162546 0.244861 7 247 0
0.506063 -0.16746 0.2449 7 247 0
0.50648 -0.172367 0.24491 7 247 0
0.506665 -0.177278 0.244584 7 247 0
0.507083 -0.182178 0.244332 7 247 0
0.507459 -0.187081 0.244064 7 247 0
0.507942 -0.191961 0.243637 7 247 0
0.508577 -0.196827 0.243222 7 247 0
0.508127 -0.201998 0.242922 7 247 0
0.507819 -0.207022 0.242897 7 247 0
0.507068 -0.21199 0.242597 7 247 0
0.506602 -0.216999 0.242414 7 247 0
0.506228 -0.222015 0.242209 7 247 0
0.505822 -0.227028 0.241993 7 247 0
0.505029 -0.231985 0.24162 7 247 0
0.504609 -0.236998 0.241435 7 247 0
0.50427 -0.242014 0.241169 7 247 0
0.503524 -0.246968 0.240704 7 247 0
0.504088 -0.24157 0.24122 7 247 0
0.504602 -0.236263 0.241432 7 247 0
0.505379 -0.230998 0.24182 7 247 0
0.506152 -0.225731 0.242192 7 247 0
0.506778 -0.220446 0.242581 8 246 0
0.507475 -0.215169 0.242963 8 246 0
0.508144 -0.209903 0.243414 8 246 0
0.508124 -0.202458 0.242923 8 246 0
0.507795 -0.197539 0.243051 8 246 0
0.507413 -0.192634 0.243459 8 246 0
0.507071 -0.187713 0.243702 8 246 0
0.506727 -0.182795 0.24399 8 246 0
0.506523 -0.177877 0.244384 8 246 0
0.506337 -0.172952 0.244711 8 246 0
0.50608 -0.168023 0.244872 8 246 0
0.505769 -0.163095 0.244866 8 246 0
0.505474 -0.158166 0.244805 8 246 0
0.505212 -0.153236 0.244676 8 246 0
0.504988 -0.148307 0.244466 8 246 0
0.504679 -0.143386 0.244203 8 246 0
0.504148 -0.13848 0.244253 8 246 0
0.504171 -0.133185 0.244199 8 246 0
0.504147 -0.127947 0.244248 8 246 0
0.504131 -0.122709 0.244274 8 246 0
0.504089 -0.117472 0.244416 8 246 0
0.504003 -0.112238 0.244613 8 246 0
0.503934 -0.107001 0.244747 8 246 0
0.503882 -0.101763 0.244828 8 246 0
0.503819 -0.0965256 0.244912 8 246 0
0.503686 -0.091292 0.245102 8 246 0
0.503573 -0.0860572 0.24526 8 246 0
0.503359 -0.081283 0.245734 8 246 0
0.503038 -0.076246 0.245989 8 246 0
0.502733 -0.0712043 0.246286 8 246 0
0.502572 -0.0661575 0.246605 8 246 0
0.502374 -0.0611023 0.246678 8 246 0
0.502537 -0.0560457 0.246715 8 246 0
0.502682 -0.0509953 0.246447 8 246 0
0.503057 -0.045965 0.246057 8 246 0
0.503388 -0.0409582 0.245408 8 246 0
0.503918 -0.0359788 0.244694 8 246 0
0.504554 -0.0283234 0.243451 8 246 0
0.504649 -0.0232126 0.242531 8 246 0
0.504533 -0.0180557 0.241826 8 246 0
0.504506 -0.0128864 0.241201 8 246 0
0.504383 -0.00770137 0.240747 8 246 0
0.504113 -0.00250699 0.240577 8 246 0
0.50368 0.00267768 0.24073 8 246 0
0.503132 0.00784136 0.241114 8 246 0
0.502509 0.0129821 0.241658 9 245 0
0.501872 0.0181038 0.24235 9 245 0
0.501212 0.0232176 0.243078 9 245 0
0.500447 0.028309 0.243854 9 245 0
0.499373 0.0333612 0.244499 9 245 0
0.49896 0.0381388 0.244933 9 245 0
0.499074 0.0433754 0.244708 9 245 0
0.499102 0.0486161 0.244563 9 245 0
0.499249 0.0538538 0.244384 9 245 0
0.499337 0.0590932 0.244218 9 245 0
0.499365 0.0643357 0.24417 9 245 0
0.499336 0.0695781 0.244221 9 245 0
0.499309 0.0748207 0.244267 9 245 0
0.499255 0.0800624 0.244356 9 245 0
0.501062 0.0813811 0.245526 9 245 0
0.503931 0.0847969 0.247135 9 245 0
0.506843 0.0881544 0.248793 9 245 0
0.50975 0.0915121 0.250459 9 245 0
0.51263 0.0948699 0.25217 9 245 0
0.515549 0.0981456 0.25397 9 245 0
0.518367 0.101516 0.255754 9 245 0
0.517854 0.101568 0.256611 9 245 0
0.571468 0.104526 0.288173 9 245 0
0.571861 0.104442 0.287257 9 245 0
0.574641 0.102422 0.286348 9 245 0
0.578434 0.0998833 0.286663 9 245 0
0.582192 0.0973271 0.287203 9 245 0
0.585676 0.0944677 0.288007 9 245 0
0.589141 0.091646 0.288997 9 245 0
0.590074 0.0867277 0.289907 9 245 0
0.590728 0.08156 0.290766 9 245 0
0.591515 0.0764023 0.291594 9 245 0
0.592393 0.0712741 0.29251 9 245 0
0.593353 0.0661538 0.293386 9 245 0
0.594398 0.0610492 0.294257 9 245 0
0.595354 0.0559194 0.295081 9 245 0
0.596081 0.0507544 0.295852 9 245 0
0.596381 0.0429606 0.296644 9 245 0
0.596002 0.0380448 0.297155 9 245 0
0.59579 0.0331387 0.29781 9 245 0
0.595462 0.0282287 0.298403 9 245 0
0.595132 0.023324 0.299038 9 245 0
0.594835 0.0184144 0.299639 9 245 0
0.594811 0.0135004 0.300288 9 245 0
0.594776 0.0085821 0.300903 9 245 0
0.59478 0.00366391 0.301519 10 244 0
0.594701 -0.00127148 0.301966 10 244 0
0.59479 -0.00621594 0.302282 10 244 0
0.59497 -0.0111652 0.302471 10 244 0
0.59525 -0.0161019 0.302765 10 244 0
0.595196 -0.0210557 0.302865 10 244 0
0.595438 -0.0260652 0.302551 10 244 0
0.595769 -0.0312356 0.301908 10 244 0
0.596363 -0.0364125 0.301575 10 244 0
0.596861 -0.041609 0.30142 10 244 0
0.59718 -0.0468216 0.301473 10 244 0
0.597299 -0.0520352 0.301758 10 244 0
0.597438 -0.0572326 0.302247 10 244 0
0.597209 -0.0624426 0.30253 10 244 0
0.596987 -0.0676528 0.302815 10 244 0
0.596857 -0.0728699 0.302994 10 244 0
0.596771 -0.0783645 0.303188 10 244 0
0.596762 -0.0832622 0.303206 10 244 0
0.597031 -0.0881456 0.303453 10 244 0
0.597311 -0.0930291 0.303703 10 244 0
0.597647 -0.0979114 0.303896 10 244 0
0.598077 -0.102789 0.303948 10 244 0
0.598603 -0.107657 0.303859 10 244 0
0.599117 -0.11251 0.303531 10 244 0
0.599483 -0.11735 0.302874 10 244 0
0.600019 -0.122148 0.302065 10 244 0
0.60082 -0.130181 0.300544 10 244 0
0.601026 -0.134995 0.300178 10 244 0
0.601264 -0.139803 0.299764 10 244 0
0.601475 -0.144612 0.299367 10 244 0
0.60157 -0.14944 0.299226 10 244 0
0.601494 -0.15427 0.299309 10 244 0
0.601358 -0.159097 0.299482 10 244 0
0.601264 -0.163927 0.299598 10 244 0
0.6012 -0.168758 0.299672 10 244 0
0.601181 -0.17359 0.299685 10 244 0
0.601269 -0.17842 0.2996 10 244 0
0.601497 -0.18324 0.299364 10 244 0
0.601784 -0.188052 0.29904 10 244 0
0.602346 -0.1928 0.298351 10 244 0
0.60294 -0.197694 0.297623 10 244 0
0.60304 -0.202938 0.297832 10 244 0
0.603312 -0.208191 0.297911 10 244 0
0.603444 -0.213443 0.298193 10 244 0
0.603535 -0.218696 0.298449 10 244 0
0.603846 -0.223946 0.298562 11 243 0
0.603942 -0.229205 0.298474 11 243 0
0.603962 -0.234465 0.298452 11 243 0
0.603947 -0.239718 0.298738 11 243 0
0.603918 -0.244973 0.298929 11 243 0
0.604103 -0.239787 0.298332 11 243 0
0.603981 -0.235046 0.298431 11 243 0
0.603947 -0.230304 0.298471 11 243 0
0.603884 -0.225562 0.298532 11 243 0
0.603713 -0.220824 0.298509 11 243 0
0.603508 -0.216089 0.298342 11 243 0
0.603441 -0.211352 0.298113 11 243 0
0.603273 -0.206625 0.297775 11 243 0
0.602721 -0.198303 0.297765 11 243 0
0.602166 -0.193522 0.298473 11 243 0
0.601788 -0.188702 0.298985 11 243 0
0.601532 -0.183857 0.299326 11 243 0
0.601283 -0.179007 0.299587 11 243 0
0.60118 -0.174145 0.299685 11 243 0
0.601193 -0.169281 0.29968 11 243 0
0.601255 -0.164417 0.299609 11 243 0
0.601349 -0.159555 0.299493 11 243 0
0.601482 -0.154696 0.299324 11 243 0
0.601564 -0.149833 0.299232 11 243 0
0.601485 -0.144973 0.299353 11 243 0
0.601314 -0.140119 0.299605 11 243 0
0.601113 -0.135266 0.299867 11 243 0
0.600755 -0.129817 0.300316 11 243 0
0.600238 -0.124698 0.301457 11 243 0
0.59965 -0.119551 0.30243 11 243 0
0.599103 -0.114384 0.303316 11 243 0
0.598458 -0.109168 0.303706 11 243 0
0.597825 -0.103936 0.303825 11 243 0
0.597352 -0.0986867 0.303765 11 243 0
0.597017 -0.0934311 0.303539 11 243 0
0.596726 -0.0881748 0.30328 11 243 0
0.596716 -0.082904 0.303313 11 243 0
0.596772 -0.0776462 0.303188 11 243 0
0.596842 -0.0728405 0.303032 11 243 0
0.596766 -0.0680417 0.302743 11 243 0
0.596651 -0.0632533 0.302319 11 243 0
0.596536 -0.0584674 0.301865 11 243 0
0.596404 -0.0536803 0.301428 11 243 0
0.59625 -0.0488867 0.301095 11 243 0
0.596117 -0.044083 0.300979 11 243 0
0.596038 -0.0392764 0.301095 12 242 0
0.595963 -0.0344862 0.301474 12 242 0
0.595497 -0.0265321 0.302472 12 242 0
0.595351 -0.0215742 0.302644 12 242 0
0.595377 -0.0166116 0.302614 12 242 0
0.595303 -0.0116497 0.302621 12 242 0
0.595117 -0.00669284 0.302446 12 242 0
0.595005 -0.00174028 0.302144 12 242 0
0.595098 0.00320439 0.301718 12 242 0
0.595352 0.00813723 0.301226 12 242 0
0.595393 0.0130628 0.300613 12 242 0
0.595417 0.0179843 0.299966 12 242 0
0.595463 0.0228972 0.299258 12 242 0
0.595712 0.0278078 0.298589 12 242 0
0.596129 0.032706 0.29791 12 242 0
0.596059 0.037595 0.297086 12 242 0
0.595831 0.0428175 0.296122 12 242 0
0.595086 0.0480167 0.295431 12 242 0
0.594561 0.0532492 0.294711 12 242 0
0.593972 0.058484 0.294062 12 242 0
0.593321 0.0637182 0.293467 12 242 0
0.592699 0.0689513 0.292835 12 242 0
0.592155 0.0741866 0.292151 12 242 0
0.591629 0.0794208 0.291446 12 242 0
0.590956 0.0846176 0.290687 12 242 0
0.588969 0.0862978 0.289124 12 242 0
0.586036 0.0906769 0.287536 12 242 0
0.582717 0.0949813 0.286756 12 242 0
0.578841 0.098856 0.286419 12 242 0
0.574641 0.102422 0.286348 12 242 0
0.574234 0.102494 0.287258 12 242 0
0.519653 0.103379 0.257813 12 242 0
0.520161 0.103306 0.256955 12 242 0
0.520161 0.103306 0.256955 12 242 0
0.520636 0.10061 0.256862 12 242 0
0.520732 0.0958579 0.25692 12 242 0
0.52093 0.0911137 0.257296 12 242 0
0.521222 0.0864211 0.257989 12 242 0
0.521588 0.0810517 0.25784 12 242 0
0.522169 0.0758166 0.257204 12 242 0
0.522628 0.070555 0.256695 12 242 0
0.523065 0.0652918 0.256183 12 242 0
0.523299 0.060006 0.255784 12 242 0
0.523428 0.054705 0.255591 12 242 0
0.523509 0.0494015 0.255456 12 242 0
0.523653 0.0390816 0.255173 13 241 0
0.523886 0.0340871 0.254753 13 241 0
0.524198 0.0290869 0.254523 13 241 0
0.52449 0.024082 0.254317 13 241 0
0.52481 0.0190811 0.25406 13 241 0
0.525128 0.0140786 0.253832 13 241 0
0.525407 0.00907087 0.253683 13 241 0
0.525628 0.00405876 0.253597 13 241 0
0.525798 -0.000956067 0.253599 13 241 0
0.525928 -0.00597093 0.253707 13 241 0
0.526013 -0.0109848 0.253884 13 241 0
0.525986 -0.0160017 0.25393 13 241 0
0.525867 -0.0210133 0.254145 13 241 0
0.525661 -0.0258988 0.254496 13 241 0
0.525322 -0.0306841 0.255106 13 241 0
0.524908 -0.0354444 0.255856 13 241 0
0.524696 -0.0401818 0.256791 13 241 0
0.524584 -0.0449217 0.257747 13 241 0
0.524518 -0.0496737 0.258645 13 241 0
0.524542 -0.0544448 0.25943 13 241 0
0.524675 -0.0592442 0.26 13 241 0
0.524848 -0.0640641 0.260318 13 241 0
0.524854 -0.0689007 0.260302 13 241 0
0.524886 -0.0737368 0.260237 13 241 0
0.525068 -0.0792152 0.259909 13 241 0
0.525393 -0.084027 0.259336 13 241 0
0.525733 -0.0888361 0.258749 13 241 0
0.526182 -0.0936345 0.258152 13 241 0
0.526593 -0.098436 0.257555 13 241 0
0.526915 -0.103248 0.256985 13 241 0
0.527197 -0.108071 0.256484 13 241 0
0.52744 -0.112903 0.256063 13 241 0
0.527614 -0.117742 0.2557 13 241 0
0.527628 -0.122588 0.255404 13 241 0
0.527933 -0.130573 0.255314 13 241 0
0.527872 -0.13555 0.255277 13 241 0
0.52791 -0.140527 0.255187 13 241 0
0.527964 -0.145501 0.255282 13 241 0
0.528042 -0.15046 0.25568 13 241 0
0.527894 -0.155391 0.256332 13 241 0
0.527698 -0.160278 0.257262 13 241 0
0.527445 -0.165141 0.258298 13 241 0
0.527257 -0.170029 0.259223 13 241 0
0.527249 -0.174973 0.259789 13 241 0
0.527438 -0.17994 0.260031 13 241 0
0.527627 -0.184906 0.25983 14 240 0
0.527775 -0.18986 0.259577 14 240 0
0.52857 -0.194557 0.258175 14 240 0
0.529836 -0.199785 0.25601 14 240 0
0.530197 -0.204953 0.255356 14 240 0
0.530565 -0.210123 0.254718 14 240 0
0.530949 -0.215332 0.254676 14 240 0
0.531218 -0.220546 0.254798 14 240 0
0.531393 -0.225753 0.255139 14 240 0
0.531331 -0.230927 0.255822 14 240 0
0.53102 -0.236039 0.256843 14 240 0
0.530423 -0.241124 0.257874 14 240 0
0.529611 -0.246091 0.259256 14 240 0
0.530549 -0.240665 0.25767 14 240 0
0.530846 -0.236066 0.256724 14 240 0
0.531031 -0.231435 0.255844 14 240 0
0.531127 -0.226768 0.255188 14 240 0
0.531051 -0.22207 0.254803 14 240 0
0.530839 -0.217359 0.254645 14 240 0
0.53062 -0.212647 0.254603 14 240 0
0.530592 -0.20793 0.254646 14 240 0
0.529634 -0.200099 0.256278 14 240 0
0.528643 -0.195546 0.25805 14 240 0
0.528024 -0.190733 0.259144 14 240 0
0.527626 -0.185802 0.259756 14 240 0
0.527209 -0.180834 0.259912 14 240 0
0.526981 -0.175855 0.25973 14 240 0
0.526974 -0.170896 0.259194 14 240 0
0.527257 -0.166002 0.258289 14 240 0
0.527521 -0.161128 0.257263 14 240 0
0.527726 -0.156235 0.256316 14 240 0
0.527807 -0.151304 0.255581 14 240 0
0.527881 -0.146334 0.255234 14 240 0
0.52796 -0.141349 0.255141 14 240 0
0.527729 -0.13637 0.255238 14 240 0
0.527688 -0.131214 0.255088 14 240 0
0.527624 -0.126465 0.2553 14 240 0
0.527565 -0.121714 0.255449 14 240 0
0.527426 -0.116969 0.2557 14 240 0
0.527223 -0.112233 0.256052 14 240 0
0.526978 -0.107505 0.256472 14 240 0
0.526696 -0.102785 0.256963 14 240 0
0.526381 -0.0980752 0.257527 14 240 0
0.526036 -0.0933742 0.258144 14 240 0
0.525713 -0.0886772 0.258801 14 240 0
0.525374 -0.0839732 0.259397 15 239 0
0.525061 -0.0785078 0.259915 15 239 0
0.524983 -0.0736835 0.260066 15 239 0
0.524595 -0.0688732 0.260085 15 239 0
0.524237 -0.0640622 0.259942 15 239 0
0.524 -0.0592572 0.259572 15 239 0
0.523896 -0.0544684 0.258986 15 239 0
0.523886 -0.0496997 0.25824 15 239 0
0.524026 -0.0449495 0.25741 15 239 0
0.524484 -0.0402131 0.256599 15 239 0
0.525009 -0.0355056 0.255668 15 239 0
0.525573 -0.0271733 0.25464 15 239 0
0.525768 -0.0223216 0.254313 15 239 0
0.525927 -0.017464 0.254051 15 239 0
0.52607 -0.0126057 0.2538 15 239 0
0.526114 -0.00774228 0.253644 15 239 0
0.525946 -0.00287908 0.253544 15 239 0
0.525734 0.00198356 0.253531 15 239 0
0.525503 0.00684538 0.253541 15 239 0
0.525242 0.0117051 0.253611 15 239 0
0.524908 0.0165569 0.253808 15 239 0
0.524533 0.0214023 0.254074 15 239 0
0.524179 0.0262502 0.254327 15 239 0
0.523948 0.0311021 0.254623 15 239 0
0.523701 0.0359441 0.255049 15 239 0
0.523497 0.0414509 0.255445 15 239 0
0.5235 0.0467127 0.255434 15 239 0
0.523444 0.0519737 0.255521 15 239 0
0.523394 0.057234 0.255637 15 239 0
0.523208 0.0624837 0.255943 15 239 0
0.522933 0.0677163 0.256424 15 239 0
0.522468 0.0729309 0.256954 15 239 0
0.522 0.0781321 0.257593 15 239 0
0.521679 0.0804911 0.257921 15 239 0
0.521185 0.0855146 0.257774 15 239 0
0.52089 0.0905357 0.25736 15 239 0
0.520708 0.0955689 0.256954 15 239 0
0.520636 0.10061 0.256862 15 239 0
0.520124 0.100669 0.257719 15 239 0
0.571468 0.104526 0.288173 15 239 0
0.571861 0.104442 0.287257 15 239 0
0.572483 0.1026 0.285682 15 239 0
0.573672 0.0984407 0.283911 15 239 0
0.574736 0.0941613 0.282364 15 239 0
0.57566 0.0897674 0.281071 15 239 0
0.575849 0.0844763 0.280804 16 238 0
0.575795 0.0797164 0.28088 16 238 0
0.575657 0.0749603 0.281062 16 238 0
0.57542 0.070218 0.281397 16 238 0
0.575093 0.0654912 0.281865 16 238 0
0.574694 0.0607814 0.282434 16 238 0
0.574226 0.0560915 0.283111 16 238 0
0.573693 0.0514234 0.283884 16 238 0
0.572698 0.0414137 0.285927 16 238 0
0.572685 0.0364278 0.286853 16 238 0
0.572491 0.0313991 0.287485 16 238 0
0.572359 0.0263641 0.288088 16 238 0
0.57237 0.021308 0.288496 16 238 0
0.572488 0.0162374 0.288581 16 238 0
0.572834 0.011177 0.288516 16 238 0
0.573153 0.00612791 0.288146 16 238 0
0.573451 0.00109714 0.287566 16 238 0
0.573818 -0.0039185 0.286902 16 238 0
0.574289 -0.00892331 0.286222 16 238 0
0.574858 -0.0138687 0.285248 16 238 0
0.575465 -0.0188236 0.284359 16 238 0
0.575699 -0.0264411 0.283789 16 238 0
0.575395 -0.0314321 0.284561 16 238 0
0.575379 -0.0363903 0.285556 16 238 0
0.575217 -0.0413583 0.286497 16 238 0
0.574994 -0.0463086 0.287523 16 238 0
0.574777 -0.0512757 0.288465 16 238 0
0.574599 -0.0562698 0.289255 16 238 0
0.574534 -0.0612905 0.289877 16 238 0
0.574358 -0.066316 0.290411 16 238 0
0.574255 -0.0713704 0.290559 16 238 0
0.574491 -0.0771573 0.290248 16 238 0
0.575012 -0.0820278 0.289471 16 238 0
0.575497 -0.0869237 0.288847 16 238 0
0.57612 -0.0918243 0.288405 16 238 0
0.576734 -0.0967292 0.288 16 238 0
0.577271 -0.101651 0.287701 16 238 0
0.577758 -0.106582 0.2875 16 238 0
0.578226 -0.111517 0.287331 16 238 0
0.578603 -0.116441 0.286874 16 238 0
0.578956 -0.121368 0.286427 16 238 0
0.579658 -0.129103 0.285446 16 238 0
0.579938 -0.133993 0.285045 16 238 0
0.58017 -0.138891 0.284713 16 238 0
0.580318 -0.143797 0.284499 16 238 0
0.58023 -0.148702 0.284612 17 237 0
0.579838 -0.153569 0.285168 17 237 0
0.579417 -0.158408 0.285918 17 237 0
0.578932 -0.163223 0.286777 17 237 0
0.578467 -0.168049 0.287585 17 237 0
0.577958 -0.172881 0.288328 17 237 0
0.577524 -0.177735 0.288963 17 237 0
0.577228 -0.182622 0.289373 17 237 0
0.577122 -0.187526 0.289616 17 237 0
0.577211 -0.192422 0.289201 17 237 0
0.577361 -0.197486 0.28858 17 237 0
0.577771 -0.202207 0.28863 17 237 0
0.578335 -0.206925 0.288567 17 237 0
0.578878 -0.211646 0.288476 17 237 0
0.579455 -0.216363 0.288362 17 237 0
0.580059 -0.221075 0.288195 17 237 0
0.58055 -0.225796 0.287981 17 237 0
0.580823 -0.230536 0.287771 17 237 0
0.580883 -0.235285 0.287686 17 237 0
0.580783 -0.240035 0.287839 17 237 0
0.580696 -0.244778 0.288109 17 237 0
0.580839 -0.238887 0.287499 17 237 0
0.580776 -0.234133 0.287589 17 237 0
0.580643 -0.229383 0.287785 17 237 0
0.580437 -0.224639 0.288054 17 237 0
0.580039 -0.219908 0.288294 17 237 0
0.579493 -0.215185 0.288455 17 237 0
0.578938 -0.210463 0.288585 17 237 0
0.578304 -0.205752 0.288579 17 237 0
0.57741 -0.197926 0.288702 17 237 0
0.577269 -0.193055 0.289243 17 237 0
0.577188 -0.188161 0.289472 17 237 0
0.577178 -0.18326 0.289446 17 237 0
0.577408 -0.178375 0.289148 17 237 0
0.577833 -0.173531 0.288524 17 237 0
0.578344 -0.168711 0.287789 17 237 0
0.578808 -0.163897 0.286983 17 237 0
0.579291 -0.159093 0.286131 17 237 0
0.579716 -0.154268 0.285372 17 237 0
0.58011 -0.149416 0.284797 17 237 0
0.580286 -0.144529 0.284551 17 237 0
0.580297 -0.139627 0.284532 17 237 0
0.580069 -0.13474 0.284859 17 237 0
0.579745 -0.12987 0.285288 17 237 0
0.57928 -0.124763 0.285937 17 237 0
0.578868 -0.119643 0.286515 18 236 0
0.578462 -0.114521 0.287074 18 236 0
0.57794 -0.109383 0.287301 18 236 0
0.577436 -0.104241 0.287472 18 236 0
0.576911 -0.0991056 0.287749 18 236 0
0.576301 -0.0939867 0.288133 18 236 0
0.575647 -0.0888781 0.288573 18 236 0
0.575134 -0.0837944 0.289344 18 236 0
0.574626 -0.0790711 0.290031 18 236 0
0.574436 -0.0739865 0.290309 18 236 0
0.574266 -0.0688993 0.29055 18 236 0
0.574348 -0.0638065 0.290427 18 236 0
0.574615 -0.0587341 0.29003 18 236 0
0.574666 -0.0537124 0.289168 18 236 0
0.574875 -0.0487231 0.288154 18 236 0
0.575149 -0.0437729 0.286977 18 236 0
0.575309 -0.0388212 0.285786 18 236 0
0.575512 -0.0338813 0.284626 18 236 0
0.575697 -0.0258999 0.283788 18 236 0
0.575443 -0.0210337 0.284458 18 236 0
0.575013 -0.016181 0.285138 18 236 0
0.574628 -0.0113144 0.285742 18 236 0
0.574171 -0.00648423 0.286561 18 236 0
0.573663 -0.00167274 0.287456 18 236 0
0.573256 0.00317025 0.288225 18 236 0
0.572921 0.00805551 0.288704 18 236 0
0.572702 0.0129614 0.289003 18 236 0
0.572574 0.0178786 0.28908 18 236 0
0.57246 0.0227882 0.288832 18 236 0
0.572498 0.0276729 0.288268 18 236 0
0.572632 0.0325508 0.287637 18 236 0
0.572669 0.0374075 0.286853 18 236 0
0.57241 0.0420788 0.285655 18 236 0
0.573048 0.0471436 0.284729 18 236 0
0.573719 0.0521997 0.283781 18 236 0
0.574318 0.0572781 0.282907 18 236 0
0.574838 0.0623889 0.282185 18 236 0
0.575283 0.0675223 0.281583 18 236 0
0.575599 0.0726804 0.281128 18 236 0
0.575789 0.0778581 0.280876 18 236 0
0.575886 0.0830423 0.280738 18 236 0
0.575892 0.0857776 0.28072 18 236 0
0.575213 0.0911663 0.281743 18 236 0
0.574196 0.0963888 0.28324 18 236 0
0.572878 0.101404 0.285155 18 236 0
0.572481 0.101501 0.286067 19 235 0
0.519653 0.103379 0.257813 19 235 0
0.520161 0.103306 0.256955 19 235 0
0.518367 0.101516 0.255754 19 235 0
0.515037 0.0985328 0.253645 19 235 0
0.511687 0.0955667 0.251549 19 235 0
0.508218 0.0927596 0.249414 19 235 0
0.504705 0.089976 0.247322 19 235 0
0.501192 0.087131 0.245322 19 235 0
0.501118 0.0822186 0.245437 19 235 0
0.501158 0.0770534 0.245369 19 235 0
0.500816 0.0719048 0.245137 19 235 0
0.500485 0.0667573 0.244856 19 235 0
0.50012 0.0616094 0.244632 19 235 0
0.499685 0.056463 0.244531 19 235 0
0.4992 0.0513202 0.244496 19 235 0
0.499052 0.0461632 0.244742 19 235 0
0.499166 0.0384977 0.244905 19 235 0
0.500102 0.0334381 0.244512 19 235 0
0.500815 0.0283681 0.243862 19 235 0
0.501477 0.0232881 0.243229 19 235 0
0.502133 0.018219 0.242508 19 235 0
0.502763 0.0131423 0.241819 19 235 0
0.50338 0.00804617 0.241282 19 235 0
0.503922 0.00292684 0.240906 19 235 0
0.504358 -0.00221148 0.240738 19 235 0
0.504636 -0.00736073 0.240886 19 235 0
0.504767 -0.0125016 0.241321 19 235 0
0.504943 -0.0176289 0.241881 19 235 0
0.505018 -0.0227334 0.242551 19 235 0
0.504545 -0.0280244 0.243466 19 235 0
0.504171 -0.0327884 0.244181 19 235 0
0.503769 -0.0375399 0.244961 19 235 0
0.503405 -0.0423053 0.24567 19 235 0
0.503031 -0.0470937 0.246185 19 235 0
0.502769 -0.0519028 0.246554 19 235 0
0.502593 -0.0567262 0.246716 19 235 0
0.502512 -0.0615559 0.246693 19 235 0
0.502583 -0.0663846 0.246568 19 235 0
0.502751 -0.0712059 0.246307 19 235 0
0.502899 -0.0760268 0.246059 19 235 0
0.503359 -0.081283 0.245734 19 235 0
0.50352 -0.0861584 0.245421 19 235 0
0.503656 -0.0910387 0.245161 19 235 0
0.503779 -0.0959223 0.244967 19 235 0
0.503861 -0.100809 0.244852 20 234 0
0.503919 -0.105697 0.244762 20 234 0
0.503986 -0.110584 0.244645 20 234 0
0.504066 -0.11547 0.244486 20 234 0
0.504133 -0.120356 0.244322 20 234 0
0.504224 -0.12524 0.244101 20 234 0
0.504137 -0.133063 0.244263 20 234 0
0.504333 -0.13798 0.244138 20 234 0
0.504741 -0.142884 0.24425 20 234 0
0.504966 -0.1478 0.244441 20 234 0
0.505185 -0.152715 0.244659 20 234 0
0.505443 -0.157631 0.244798 20 234 0
0.505733 -0.162546 0.244861 20 234 0
0.506063 -0.16746 0.2449 20 234 0
0.50648 -0.172367 0.24491 20 234 0
0.506665 -0.177278 0.244584 20 234 0
0.507083 -0.182178 0.244332 20 234 0
0.507459 -0.187081 0.244064 20 234 0
0.507942 -0.191961 0.243637 20 234 0
0.508577 -0.196827 0.243222 20 234 0
0.508127 -0.201998 0.242922 20 234 0
0.507819 -0.207022 0.242897 20 234 0
0.507068 -0.21199 0.242597 20 234 0
0.506602 -0.216999 0.242414 20 234 0
0.506228 -0.222015 0.242209 20 234 0
0.505822 -0.227028 0.241993 20 234 0
0.505029 -0.231985 0.24162 20 234 0
0.504609 -0.236998 0.241435 20 234 0
0.50427 -0.242014 0.241169 20 234 0
0.503524 -0.246968 0.240704 20 234 0
0.504088 -0.24157 0.24122 20 234 0
0.504602 -0.236263 0.241432 20 234 0
0.505379 -0.230998 0.24182 20 234 0
0.506152 -0.225731 0.242192 20 234 0
0.506778 -0.220446 0.242581 20 234 0
0.507475 -0.215169 0.242963 20 234 0
0.508144 -0.209903 0.243414 20 234 0
0.508124 -0.202458 0.242923 20 234 0
0.507795 -0.197539 0.243051 20 234 0
0.507413 -0.192634 0.243459 20 234 0
0.507071 -0.187713 0.243702 20 234 0
0.506727 -0.182795 0.24399 20 234 0
0.506523 -0.177877 0.244384 20 234 0
0.506337 -0.172952 0.244711 20 234 0
0.50608 -0.168023 0.244872 20 234 0
0.505769 -0.163095 0.244866 21 233 0
0.505474 -0.158166 0.244805 21 233 0
0.505212 -0.153236 0.244676 21 233 0
0.504988 -0.148307 0.244466 21 233 0
0.504679 -0.143386 0.244203 21 233 0
0.504148 -0.13848 0.244253 21 233 0
0.504171 -0.133185 0.244199 21 233 0
0.504147 -0.127947 0.244248 21 233 0
0.504131 -0.122709 0.244274 21 233 0
0.504089 -0.117472 0.244416 21 233 0
0.504003 -0.112238 0.244613 21 233 0
0.503934 -0.107001 0.244747 21 233 0
0.503882 -0.101763 0.244828 21 233 0
0.503819 -0.0965256 0.244912 21 233 0
0.503686 -0.091292 0.245102 21 233 0
0.503573 -0.0860572 0.24526 21 233 0
0.503359 -0.081283 0.245734 21 233 0
0.503038 -0.076246 0.245989 21 233 0
0.502733 -0.0712043 0.246286 21 233 0
0.502572 -0.0661575 0.246605 21 233 0
0.502374 -0.0611023 0.246678 21 233 0
0.502537 -0.0560457 0.246715 21 233 0
0.502682 -0.0509953 0.246447 21 233 0
0.503057 -0.045965 0.246057 21 233 0
0.503388 -0.0409582 0.245408 21 233 0
0.503918 -0.0359788 0.244694 21 233 0
0.504554 -0.0283234 0.243451 21 233 0
0.504649 -0.0232126 0.242531 21 233 0
0.504533 -0.0180557 0.241826 21 233 0
0.504506 -0.0128864 0.241201 21 233 0
0.504383 -0.00770137 0.240747 21 233 0
0.504113 -0.00250699 0.240577 21 233 0
0.50368 0.00267768 0.24073 21 233 0
0.503132 0.00784136 0.241114 21 233 0
0.502509 0.0129821 0.241658 21 233 0
0.501872 0.0181038 0.24235 21 233 0
0.501212 0.0232176 0.243078 21 233 0
0.500447 0.028309 0.243854 21 233 0
0.499373 0.0333612 0.244499 21 233 0
0.49896 0.0381388 0.244933 21 233 0
0.499074 0.0433754 0.244708 21 233 0
0.499102 0.0486161 0.244563 21 233 0
0.499249 0.0538538 0.244384 21 233 0
0.499337 0.0590932 0.244218 21 233 0
0.499365 0.0643357 0.24417 21 233 0
0.499336 0.0695781 0.244221 22 232 0
0.499309 0.0748207 0.244267 22 232 0
0.499255 0.0800624 0.244356 22 232 0
0.501062 0.0813811 0.245526 22 232 0
0.503931 0.0847969 0.247135 22 232 0
0.506843 0.0881544 0.248793 22 232 0
0.50975 0.0915121 0.250459 22 232 0
0.51263 0.0948699 0.25217 22 232 0
0.515549 0.0981456 0.25397 22 232 0
0.518367 0.101516 0.255754 22 232 0
0.517854 0.101568 0.256611 22 232 0
0.571468 0.104526 0.288173 22 232 0
0.571861 0.104442 0.287257 22 232 0
0.574641 0.102422 0.286348 22 232 0
0.578434 0.0998833 0.286663 22 232 0
0.582192 0.0973271 0.287203 22 232 0
0.585676 0.0944677 0.288007 22 232 0
0.589141 0.091646 0.288997 22 232 0
0.590074 0.0867277 0.289907 22 232 0
0.590728 0.08156 0.290766 22 232 0
0.591515 0.0764023 0.291594 22 232 0
0.592393 0.0712741 0.29251 22 232 0
0.593353 0.0661538 0.293386 22 232 0
0.594398 0.0610492 0.294257 22 232 0
0.595354 0.0559194 0.295081 22 232 0
0.596081 0.0507544 0.295852 22 232 0
0.596381 0.0429606 0.296644 22 232 0
0.596002 0.0380448 0.297155 22 232 0
0.59579 0.0331387 0.29781 22 232 0
0.595462 0.0282287 0.298403 22 232 0
0.595132 0.023324 0.299038 22 232 0
0.594835 0.0184144 0.299639 22 232 0
0.594811 0.0135004 0.300288 22 232 0
0.594776 0.0085821 0.300903 22 232 0
0.59478 0.00366391 0.301519 22 232 0
0.594701 -0.00127148 0.301966 22 232 0
0.59479 -0.00621594 0.302282 22 232 0
0.59497 -0.0111652 0.302471 22 232 0
0.59525 -0.0161019 0.302765 22 232 0
0.595196 -0.0210557 0.302865 22 232 0
0.595438 -0.0260652 0.302551 22 232 0
0.595769 -0.0312356 0.301908 22 232 0
0.596363 -0.0364125 0.301575 22 232 0
0.596861 -0.041609 0.30142 22 232 0
0.59718 -0.0468216 0.301473 22 232 0
0.597299 -0.0520352 0.301758 23 231 0
0.597438 -0.0572326 0.302247 23 231 0
0.597209 -0.0624426 0.30253 23 231 0
0.596987 -0.0676528 0.302815 23 231 0
0.596857 -0.0728699 0.302994 23 231 0
0.596771 -0.0783645 0.303188 23 231 0
0.596762 -0.0832622 0.303206 23 231 0
0.597031 -0.0881456 0.303453 23 231 0
0.597311 -0.0930291 0.303703 23 231 0
0.597647 -0.0979114 0.303896 23 231 0
0.598077 -0.102789 0.303948 23 231 0
0.598603 -0.107657 0.303859 23 231 0
0.599117 -0.11251 0.303531 23 231 0
0.599483 -0.11735 0.302874 23 231 0
0.600019 -0.122148 0.302065 23 231 0
0.60082 -0.130181 0.300544 23 231 0
0.601026 -0.134995 0.300178 23 231 0
0.601264 -0.139803 0.299764 23 231 0
0.601475 -0.144612 0.299367 23 231 0
0.60157 -0.14944 0.299226 23 231 0
0.601494 -0.15427 0.299309 23 231 0
0.601358 -0.159097 0.299482 23 231 0
0.601264 -0.163927 0.299598 23 231 0
0.6012 -0.168758 0.299672 23 231 0
0.601181 -0.17359 0.299685 23 231 0
0.601269 -0.17842 0.2996 23 231 0
0.601497 -0.18324 0.299364 23 231 0
0.601784 -0.188052 0.29904 23 231 0
0.602346 -0.1928 0.298351 23 231 0
0.60294 -0.197694 0.297623 23 231 0
0.60304 -0.202938 0.297832 23 231 0
0.603312 -0.208191 0.297911 23 231 0
0.603444 -0.213443 0.298193 23 231 0
0.603535 -0.218696 0.298449 23 231 0
0.603846 -0.223946 0.298562 23 231 0
0.603942 -0.229205 0.298474 23 231 0
0.603962 -0.234465 0.298452 23 231 0
0.603947 -0.239718 0.298738 23 231 0
0.603918 -0.244973 0.298929 23 231 0
0.604103 -0.239787 0.298332 23 231 0
0.603981 -0.235046 0.298431 23 231 0
0.603947 -0.230304 0.298471 23 231 0
0.603884 -0.225562 0.298532 23 231 0
0.603713 -0.220824 0.298509 23 231 0
0.603508 -0.216089 0.298342 23 231 0
0.603441 -0.211352 0.298113 24 230 0
0.603273 -0.206625 0.297775 24 230 0
0.602721 -0.198303 0.297765 24 230 0
0.602166 -0.193522 0.298473 24 230 0
0.601788 -0.188702 0.298985 24 230 0
0.601532 -0.183857 0.299326 24 230 0
0.601283 -0.179007 0.299587 24 230 0
0.60118 -0.174145 0.299685 24 230 0
0.601193 -0.169281 0.29968 24 230 0
0.601255 -0.164417 0.299609 24 230 0
0.601349 -0.159555 0.299493 24 230 0
0.601482 -0.154696 0.299324 24 230 0
0.601564 -0.149833 0.299232 24 230 0
0.601485 -0.144973 0.299353 24 230 0
0.601314 -0.140119 0.299605 24 230 0
0.601113 -0.135266 0.299867 24 230 0
0.600755 -0.129817 0.300316 24 230 0
0.600238 -0.124698 0.301457 24 230 0
0.59965 -0.119551 0.30243 24 230 0
0.599103 -0.114384 0.303316 24 230 0
0.598458 -0.109168 0.303706 24 230 0
0.597825 -0.103936 0.303825 24 230 0
0.597352 -0.0986867 0.303765 24 230 0
0.597017 -0.0934311 0.303539 24 230 0
0.596726 -0.0881748 0.30328 24 230 0
0.596716 -0.082904 0.303313 24 230 0
0.596772 -0.0776462 0.303188 24 230 0
0.596842 -0.0728405 0.303032 24 230 0
0.596766 -0.0680417 0.302743 24 230 0
0.596651 -0.0632533 0.302319 24 230 0
0.596536 -0.0584674 0.301865 24 230 0
0.596404 -0.0536803 0.301428 24 230 0
0.59625 -0.0488867 0.301095 24 230 0
0.596117 -0.044083 0.300979 24 230 0
0.596038 -0.0392764 0.301095 24 230 0
0.595963 -0.0344862 0.301474 24 230 0
0.595497 -0.0265321 0.302472 24 230 0
0.595351 -0.0215742 0.302644 24 230 0
0.595377 -0.0166116 0.302614 24 230 0
0.595303 -0.0116497 0.302621 24 230 0
0.595117 -0.00669284 0.302446 24 230 0
0.595005 -0.00174028 0.302144 24 230 0
0.595098 0.00320439 0.301718 24 230 0
0.595352 0.00813723 0.301226 24 230 0
0.595393 0.0130628 0.300613 24 230 0
0.595417 0.0179843 0.299966 25 229 0
0.595463 0.0228972 0.299258 25 229 0
0.595712 0.0278078 0.298589 25 229 0
0.596129 0.032706 0.29791 25 229 0
0.596059 0.037595 0.297086 25 229 0
0.595831 0.0428175 0.296122 25 229 0
0.595086 0.0480167 0.295431 25 229 0
0.594561 0.0532492 0.294711 25 229 0
0.593972 0.058484 0.294062 25 229 0
0.593321 0.0637182 0.293467 25 229 0
0.592699 0.0689513 0.292835 25 229 0
0.592155 0.0741866 0.292151 25 229 0
0.591629 0.0794208 0.291446 25 229 0
0.590956 0.0846176 0.290687 25 229 0
0.588969 0.0862978 0.289124 25 229 0
0.586036 0.0906769 0.287536 25 229 0
0.582717 0.0949813 0.286756 25 229 0
0.578841 0.098856 0.286419 25 229 0
0.574641 0.102422 0.286348 25 229 0
0.574234 0.102494 0.287258 25 229 0
0.519653 0.103379 0.257813 25 229 0
0.520161 0.103306 0.256955 25 229 0
0.520161 0.103306 0.256955 25 229 0
0.520636 0.10061 0.256862 25 229 0
0.520732 0.0958579 0.25692 25 229 0
0.52093 0.0911137 0.257296 25 229 0
0.521222 0.0864211 0.257989 25 229 0
0.521588 0.0810517 0.25784 25 229 0
0.522169 0.0758166 0.257204 25 229 0
0.522628 0.070555 0.256695 25 229 0
0.523065 0.0652918 0.256183 25 229 0
0.523299 0.060006 0.255784 25 229 0
0.523428 0.054705 0.255591 25 229 0
0.523509 0.0494015 0.255456 25 229 0
0.523653 0.0390816 0.255173 25 229 0
0.523886 0.0340871 0.254753 25 229 0
0.524198 0.0290869 0.254523 25 229 0
0.52449 0.024082 0.254317 25 229 0
0.52481 0.0190811 0.25406 25 229 0
0.525128 0.0140786 0.253832 25 229 0
0.525407 0.00907087 0.253683 25 229 0
0.525628 0.00405876 0.253597 25 229 0
0.525798 -0.000956067 0.253599 25 229 0
0.525928 -0.00597093 0.253707 25 229 0
0.526013 -0.0109848 0.253884 25 229 0
0.525986 -0.0160017 0.25393 26 228 0
0.525867 -0.0210133 0.254145 26 228 0
0.525661 -0.0258988 0.254496 26 228 0
0.525322 -0.0306841 0.255106 26 228 0
0.524908 -0.0354444 0.255856 26 228 0
0.524696 -0.0401818 0.256791 26 228 0
0.524584 -0.0449217 0.257747 26 228 0
0.524518 -0.0496737 0.258645 26 228 0
0.524542 -0.0544448 0.25943 26 228 0
0.524675 -0.0592442 0.26 26 228 0
0.524848 -0.0640641 0.260318 26 228 0
0.524854 -0.0689007 0.260302 26 228 0
0.524886 -0.0737368 0.260237 26 228 0
0.525068 -0.0792152 0.259909 26 228 0
0.525393 -0.084027 0.259336 26 228 0
0.525733 -0.0888361 0.258749 26 228 0
0.526182 -0.0936345 0.258152 26 228 0
0.526593 -0.098436 0.257555 26 228 0
0.526915 -0.103248 0.256985 26 228 0
0.527197 -0.108071 0.256484 26 228 0
0.52744 -0.112903 0.256063 26 228 0
0.527614 -0.117742 0.2557 26 228 0
0.527628 -0.122588 0.255404 26 228 0
0.527933 -0.130573 0.255314 26 228 0
0.527872 -0.13555 0.255277 26 228 0
0.52791 -0.140527 0.255187 26 228 0
0.527964 -0.145501 0.255282 26 228 0
0.528042 -0.15046 0.25568 26 228 0
0.527894 -0.155391 0.256332 26 228 0
0.527698 -0.160278 0.257262 26 228 0
0.527445 -0.165141 0.258298 26 228 0
0.527257 -0.170029 0.259223 26 228 0
0.527249 -0.174973 0.259789 26 228 0
0.527438 -0.17994 0.260031 26 228 0
0.527627 -0.184906 0.25983 26 228 0
0.527775 -0.18986 0.259577 26 228 0
0.52857 -0.194557 0.258175 26 228 0
0.529836 -0.199785 0.25601 26 228 0
0.530197 -0.204953 0.255356 26 228 0
0.530565 -0.210123 0.254718 26 228 0
0.530949 -0.215332 0.254676 26 228 0
0.531218 -0.220546 0.254798 26 228 0
0.531393 -0.225753 0.255139 26 228 0
0.531331 -0.230927 0.255822 26 228 0
0.53102 -0.236039 0.256843 26 228 0
0.530423 -0.241124 0.257874 27 227 0
0.529611 -0.246091 0.259256 27 227 0
0.530549 -0.240665 0.25767 27 227 0
0.530846 -0.236066 0.256724 27 227 0
0.531031 -0.231435 0.255844 27 227 0
0.531127 -0.226768 0.255188 27 227 0
0.531051 -0.22207 0.254803 27 227 0
0.530839 -0.217359 0.254645 27 227 0
0.53062 -0.212647 0.254603 27 227 0
0.530592 -0.20793 0.254646 27 227 0
0.529634 -0.200099 0.256278 27 227 0
0.528643 -0.195546 0.25805 27 227 0
0.528024 -0.190733 0.259144 27 227 0
0.527626 -0.185802 0.259756 27 227 0
0.527209 -0.180834 0.259912 27 227 0
0.526981 -0.175855 0.25973 27 227 0
0.526974 -0.170896 0.259194 27 227 0
0.527257 -0.166002 0.258289 27 227 0
0.527521 -0.161128 0.257263 27 227 0
0.527726 -0.156235 0.256316 27 227 0
0.527807 -0.151304 0.255581 27 227 0
0.527881 -0.146334 0.255234 27 227 0
0.52796 -0.141349 0.255141 27 227 0
0.527729 -0.13637 0.255238 27 227 0
0.527688 -0.131214 0.255088 27 227 0
0.527624 -0.126465 0.2553 27 227 0
0.527565 -0.121714 0.255449 27 227 0
0.527426 -0.116969 0.2557 27 227 0
0.527223 -0.112233 0.256052 27 227 0
0.526978 -0.107505 0.256472 27 227 0
0.526696 -0.102785 0.256963 27 227 0
0.526381 -0.0980752 0.257527 27 227 0
0.526036 -0.0933742 0.258144 27 227 0
0.525713 -0.0886772 0.258801 27 227 0
0.525374 -0.0839732 0.259397 27 227 0
0.525061 -0.0785078 0.259915 27 227 0
0.524983 -0.0736835 0.260066 27 227 0
0.524595 -0.0688732 0.260085 27 227 0
0.524237 -0.0640622 0.259942 27 227 0
0.524 -0.0592572 0.259572 27 227 0
0.523896 -0.0544684 0.258986 27 227 0
0.523886 -0.0496997 0.25824 27 227 0
0.524026 -0.0449495 0.25741 27 227 0
0.524484 -0.0402131 0.256599 27 227 0
0.525009 -0.0355056 0.255668 27 227 0
0.525573 -0.0271733 0.25464 28 226 0
0.525768 -0.0223216 0.254313 28 226 0
0.525927 -0.017464 0.254051 28 226 0
0.52607 -0.0126057 0.2538 28 226 0
0.526114 -0.00774228 0.253644 28 226 0
0.525946 -0.00287908 0.253544 28 226 0
0.525734 0.00198356 0.253531 28 226 0
0.525503 0.00684538 0.253541 28 226 0
0.525242 0.0117051 0.253611 28 226 0
0.524908 0.0165569 0.253808 28 226 0
0.524533 0.0214023 0.254074 28 226 0
0.524179 0.0262502 0.254327 28 226 0
0.523948 0.0311021 0.254623 28 226 0
0.523701 0.0359441 0.255049 28 226 0
0.523497 0.0414509 0.255445 28 226 0
0.5235 0.0467127 0.255434 28 226 0
0.523444 0.0519737 0.255521 28 226 0
0.523394 0.057234 0.255637 28 226 0
0.523208 0.0624837 0.255943 28 226 0
0.522933 0.0677163 0.256424 28 226 0
0.522468 0.0729309 0.256954 28 226 0
0.522 0.0781321 0.257593 28 226 0
0.521679 0.0804911 0.257921 28 226 0
0.521185 0.0855146 0.257774 28 226 0
0.52089 0.0905357 0.25736 28 226 0
0.520708 0.0955689 0.256954 28 226 0
0.520636 0.10061 0.256862 28 226 0
0.520124 0.100669 0.257719 28 226 0
0.571468 0.104526 0.288173 28 226 0
0.571861 0.104442 0.287257 28 226 0
0.572483 0.1026 0.285682 28 226 0
0.573672 0.0984407 0.283911 28 226 0
0.574736 0.0941613 0.282364 28 226 0
0.57566 0.0897674 0.281071 28 226 0
0.575849 0.0844763 0.280804 28 226 0
0.575795 0.0797164 0.28088 28 226 0
0.575657 0.0749603 0.281062 28 226 0
0.57542 0.070218 0.281397 28 226 0
0.575093 0.0654912 0.281865 28 226 0
0.574694 0.0607814 0.282434 28 226 0
0.574226 0.0560915 0.283111 28 226 0
0.573693 0.0514234 0.283884 28 226 0
0.572698 0.0414137 0.285927 28 226 0
0.572685 0.0364278 0.286853 28 226 0
0.572491 0.0313991 0.287485 28 226 0
0.572359 0.0263641 0.288088 29 225 0
0.57237 0.021308 0.288496 29 225 0
0.572488 0.0162374 0.288581 29 225 0
0.572834 0.011177 0.288516 29 225 0
0.573153 0.00612791 0.288146 29 225 0
0.573451 0.00109714 0.287566 29 225 0
0.573818 -0.0039185 0.286902 29 225 0
0.574289 -0.00892331 0.286222 29 225 0
0.574858 -0.0138687 0.285248 29 225 0
0.575465 -0.0188236 0.284359 29 225 0
0.575699 -0.0264411 0.283789 29 225 0
0.575395 -0.0314321 0.284561 29 225 0
0.575379 -0.0363903 0.285556 29 225 0
0.575217 -0.0413583 0.286497 29 225 0
0.574994 -0.0463086 0.287523 29 225 0
0.574777 -0.0512757 0.288465 29 225 0
0.574599 -0.0562698 0.289255 29 225 0
0.574534 -0.0612905 0.289877 29 225 0
0.574358 -0.066316 0.290411 29 225 0
0.574255 -0.0713704 0.290559 29 225 0
0.574491 -0.0771573 0.290248 29 225 0
0.575012 -0.0820278 0.289471 29 225 0
0.575497 -0.0869237 0.288847 29 225 0
0.57612 -0.0918243 0.288405 29 225 0
0.576734 -0.0967292 0.288 29 225 0
0.577271 -0.101651 0.287701 29 225 0
0.577758 -0.106582 0.2875 29 225 0
0.578226 -0.111517 0.287331 29 225 0
0.578603 -0.116441 0.286874 29 225 0
0.578956 -0.121368 0.286427 29 225 0
0.579658 -0.129103 0.285446 29 225 0
0.579938 -0.133993 0.285045 29 225 0
0.58017 -0.138891 0.284713 29 225 0
0.580318 -0.143797 0.284499 29 225 0
0.58023 -0.148702 0.284612 29 225 0
0.579838 -0.153569 0.285168 29 225 0
0.579417 -0.158408 0.285918 29 225 0
0.578932 -0.163223 0.286777 29 225 0
0.578467 -0.168049 0.287585 29 225 0
0.577958 -0.172881 0.288328 29 225 0
0.577524 -0.177735 0.288963 29 225 0
0.577228 -0.182622 0.289373 29 225 0
0.577122 -0.187526 0.289616 29 225 0
0.577211 -0.192422 0.289201 29 225 0
0.577361 -0.197486 0.28858 29 225 0
0.577771 -0.202207 0.28863 30 224 0
0.578335 -0.206925 0.288567 30 224 0
0.578878 -0.211646 0.288476 30 224 0
0.579455 -0.216363 0.288362 30 224 0
0.580059 -0.221075 0.288195 30 224 0
0.58055 -0.225796 0.287981 30 224 0
0.580823 -0.230536 0.287771 30 224 0
0.580883 -0.235285 0.287686 30 224 0
0.580783 -0.240035 0.287839 30 224 0
0.580696 -0.244778 0.288109 30 224 0
0.580839 -0.238887 0.287499 30 224 0
0.580776 -0.234133 0.287589 30 224 0
0.580643 -0.229383 0.287785 30 224 0
0.580437 -0.224639 0.288054 30 224 0
0.580039 -0.219908 0.288294 30 224 0
0.579493 -0.215185 0.288455 30 224 0
0.578938 -0.210463 0.288585 30 224 0
0.578304 -0.205752 0.288579 30 224 0
0.57741 -0.197926 0.288702 30 224 0
0.577269 -0.193055 0.289243 30 224 0
0.577188 -0.188161 0.289472 30 224 0
0.577178 -0.18326 0.289446 30 224 0
0.577408 -0.178375 0.289148 30 224 0
0.577833 -0.173531 0.288524 30 224 0
0.578344 -0.168711 0.287789 30 224 0
0.578808 -0.163897 0.286983 30 224 0
0.579291 -0.159093 0.286131 30 224 0
0.579716 -0.154268 0.285372 30 224 0
0.58011 -0.149416 0.284797 30 224 0
0.580286 -0.144529 0.284551 30 224 0
0.580297 -0.139627 0.284532 30 224 0
0.580069 -0.13474 0.284859 30 224 0
0.579745 -0.12987 0.285288 30 224 0
0.57928 -0.124763 0.285937 30 224 0
0.578868 -0.119643 0.286515 30 224 0
0.578462 -0.114521 0.287074 30 224 0
0.57794 -0.109383 0.287301 30 224 0
0.577436 -0.104241 0.287472 30 224 0
0.576911 -0.0991056 0.287749 30 224 0
0.576301 -0.0939867 0.288133 30 224 0
0.575647 -0.0888781 0.288573 30 224 0
0.575134 -0.0837944 0.289344 30 224 0
0.574626 -0.0790711 0.290031 30 224 0
0.574436 -0.0739865 0.290309 30 224 0
0.574266 -0.0688993 0.29055 30 224 0
0.574348 -0.0638065 0.290427 31 223 0
0.574615 -0.0587341 0.29003 31 223 0
0.574666 -0.0537124 0.289168 31 223 0
0.574875 -0.0487231 0.288154 31 223 0
0.575149 -0.0437729 0.286977 31 223 0
0.575309 -0.0388212 0.285786 31 223 0
0.575512 -0.0338813 0.284626 31 223 0
0.575697 -0.0258999 0.283788 31 223 0
0.575443 -0.0210337 0.284458 31 223 0
0.575013 -0.016181 0.285138 31 223 0
0.574628 -0.0113144 0.285742 31 223 0
0.574171 -0.00648423 0.286561 31 223 0
0.573663 -0.00167274 0.287456 31 223 0
0.573256 0.00317025 0.288225 31 223 0
0.572921 0.00805551 0.288704 31 223 0
0.572702 0.0129614 0.289003 31 223 0
0.572574 0.0178786 0.28908 31 223 0
0.57246 0.0227882 0.288832 31 223 0
0.572498 0.0276729 0.288268 31 223 0
0.572632 0.0325508 0.287637 31 223 0
0.572669 0.0374075 0.286853 31 223 0
0.57241 0.0420788 0.285655 31 223 0
0.573048 0.0471436 0.284729 31 223 0
0.573719 0.0521997 0.283781 31 223 0
0.574318 0.0572781 0.282907 31 223 0
0.574838 0.0623889 0.282185 31 223 0
0.575283 0.0675223 0.281583 31 223 0
0.575599 0.0726804 0.281128 31 223 0
0.575789 0.0778581 0.280876 31 223 0
0.575886 0.0830423 0.280738 31 223 0
0.575892 0.0857776 0.28072 31 223 0
0.575213 0.0911663 0.281743 31 223 0
0.574196 0.0963888 0.28324 31 223 0
0.572878 0.101404 0.285155 31 223 0
0.572481 0.101501 0.286067 31 223 0
0.519653 0.103379 0.257813 31 223 0
0.520161 0.103306 0.256955 31 223 0
0.518367 0.101516 0.255754 31 223 0
0.515037 0.0985328 0.253645 31 223 0
0.511687 0.0955667 0.251549 31 223 0
0.508218 0.0927596 0.249414 31 223 0
0.504705 0.089976 0.247322 31 223 0
0.501192 0.087131 0.245322 31 223 0
0.501118 0.0822186 0.245437 31 223 0
0.501158 0.0770534 0.245369 31 223 0
0.500816 0.0719048 0.245137 32 222 0
0.500485 0.0667573 0.244856 32 222 0
0.50012 0.0616094 0.244632 32 222 0
0.499685 0.056463 0.244531 32 222 0
0.4992 0.0513202 0.244496 32 222 0
0.499052 0.0461632 0.244742 32 222 0
0.499166 0.0384977 0.244905 32 222 0
0.500102 0.0334381 0.244512 32 222 0
0.500815 0.0283681 0.243862 32 222 0
0.501477 0.0232881 0.243229 32 222 0
0.502133 0.018219 0.242508 32 222 0
0.502763 0.0131423 0.241819 32 222 0
0.50338 0.00804617 0.241282 32 222 0
0.503922 0.00292684 0.240906 32 222 0
0.504358 -0.00221148 0.240738 32 222 0
0.504636 -0.00736073 0.240886 32 222 0
0.504767 -0.0125016 0.241321 32 222 0
0.504943 -0.0176289 0.241881 32 222 0
0.505018 -0.0227334 0.242551 32 222 0
0.504545 -0.0280244 0.243466 32 222 0
0.504171 -0.0327884 0.244181 32 222 0
0.503769 -0.0375399 0.244961 32 222 0
0.503405 -0.0423053 0.24567 32 222 0
0.503031 -0.0470937 0.246185 32 222 0
0.502769 -0.0519028 0.246554 32 222 0
0.502593 -0.0567262 0.246716 32 222 0
0.502512 -0.0615559 0.246693 32 222 0
0.502583 -0.0663846 0.246568 32 222 0
0.502751 -0.0712059 0.246307 32 222 0
0.502899 -0.0760268 0.246059 32 222 0
0.503359 -0.081283 0.245734 32 222 0
0.50352 -0.0861584 0.245421 32 222 0
0.503656 -0.0910387 0.245161 32 222 0
0.503779 -0.0959223 0.244967 32 222 0
0.503861 -0.100809 0.244852 32 222 0
0.503919 -0.105697 0.244762 32 222 0
0.503986 -0.110584 0.244645 32 222 0
0.504066 -0.11547 0.244486 32 222 0
0.504133 -0.120356 0.244322 32 222 0
0.504224 -0.12524 0.244101 32 222 0
0.504137 -0.133063 0.244263 32 222 0
0.504333 -0.13798 0.244138 32 222 0
0.504741 -0.142884 0.24425 32 222 0
0.504966 -0.1478 0.244441 32 222 0
0.505185 -0.152715 0.244659 32 222 0
0.505443 -0.157631 0.244798 33 221 0
0.505733 -0.162546 0.244861 33 221 0
0.506063 -0.16746 0.2449 33 221 0
0.50648 -0.172367 0.24491 33 221 0
0.506665 -0.177278 0.244584 33 221 0
0.507083 -0.182178 0.244332 33 221 0
0.507459 -0.187081 0.244064 33 221 0
0.507942 -0.191961 0.243637 33 221 0
0.508577 -0.196827 0.243222 33 221 0
0.508127 -0.201998 0.242922 33 221 0
0.507819 -0.207022 0.242897 33 221 0
0.507068 -0.21199 0.242597 33 221 0
0.506602 -0.216999 0.242414 33 221 0
0.506228 -0.222015 0.242209 33 221 0
0.505822 -0.227028 0.241993 33 221 0
0.505029 -0.231985 0.24162 33 221 0
0.504609 -0.236998 0.241435 33 221 0
0.50427 -0.242014 0.241169 33 221 0
0.503524 -0.246968 0.240704 33 221 0
0.504088 -0.24157 0.24122 33 221 0
0.504602 -0.236263 0.241432 33 221 0
0.505379 -0.230998 0.24182 33 221 0
0.506152 -0.225731 0.242192 33 221 0
0.506778 -0.220446 0.242581 33 221 0
0.507475 -0.215169 0.242963 33 221 0
0.508144 -0.209903 0.243414 33 221 0
0.508124 -0.202458 0.242923 33 221 0
0.507795 -0.197539 0.243051 33 221 0
0.507413 -0.192634 0.243459 33 221 0
0.507071 -0.187713 0.243702 33 221 0
0.506727 -0.182795 0.24399 33 221 0
0.506523 -0.177877 0.244384 33 221 0
0.506337 -0.172952 0.244711 33 221 0
0.50608 -0.168023 0.244872 33 221 0
0.505769 -0.163095 0.244866 33 221 0
0.505474 -0.158166 0.244805 33 221 0
0.505212 -0.153236 0.244676 33 221 0
0.504988 -0.148307 0.244466 33 221 0
0.504679 -0.143386 0.244203 33 221 0
0.504148 -0.13848 0.244253 33 221 0
0.504171 -0.133185 0.244199 33 221 0
0.504147 -0.127947 0.244248 33 221 0
0.504131 -0.122709 0.244274 33 221 0
0.504089 -0.117472 0.244416 33 221 0
0.504003 -0.112238 0.244613 33 221 0
0.503934 -0.107001 0.244747 34 220 0
0.503882 -0.101763 0.244828 34 220 0
0.503819 -0.0965256 0.244912 34 220 0
0.503686 -0.091292 0.245102 34 220 0
0.503573 -0.0860572 0.24526 34 220 0
0.503359 -0.081283 0.245734 34 220 0
0.503038 -0.076246 0.245989 34 220 0
0.502733 -0.0712043 0.246286 34 220 0
0.502572 -0.0661575 0.246605 34 220 0
0.502374 -0.0611023 0.246678 34 220 0
0.502537 -0.0560457 0.246715 34 220 0
0.502682 -0.0509953 0.246447 34 220 0
0.503057 -0.045965 0.246057 34 220 0
0.503388 -0.0409582 0.245408 34 220 0
0.503918 -0.0359788 0.244694 34 220 0
0.504554 -0.0283234 0.243451 34 220 0
0.504649 -0.0232126 0.242531 34 220 0
0.504533 -0.0180557 0.241826 34 220 0
0.504506 -0.0128864 0.241201 34 220 0
0.504383 -0.00770137 0.240747 34 220 0
0.504113 -0.00250699 0.240577 34 220 0
0.50368 0.00267768 0.24073 34 220 0
0.503132 0.00784136 0.241114 34 220 0
0.502509 0.0129821 0.241658 34 220 0
0.501872 0.0181038 0.24235 34 220 0
0.501212 0.0232176 0.243078 34 220 0
0.500447 0.028309 0.243854 34 220 0
0.499373 0.0333612 0.244499 34 220 0
0.49896 0.0381388 0.244933 34 220 0
0.499074 0.0433754 0.244708 34 220 0
0.499102 0.0486161 0.244563 34 220 0
0.499249 0.0538538 0.244384 34 220 0
0.499337 0.0590932 0.244218 34 220 0
0.499365 0.0643357 0.24417 34 220 0
0.499336 0.0695781 0.244221 34 220 0
0.499309 0.0748207 0.244267 34 220 0
0.499255 0.0800624 0.244356 34 220 0
0.501062 0.0813811 0.245526 34 220 0
0.503931 0.0847969 0.247135 34 220 0
0.506843 0.0881544 0.248793 34 220 0
0.50975 0.0915121 0.250459 34 220 0
0.51263 0.0948699 0.25217 34 220 0
0.515549 0.0981456 0.25397 34 220 0
0.518367 0.101516 0.255754 34 220 0
0.517854 0.101568 0.256611 34 220 0
0.571468 0.104526 0.288173 35 219 0
0.571861 0.104442 0.287257 35 219 0
0.574641 0.102422 0.286348 35 219 0
0.578434 0.0998833 0.286663 35 219 0
0.582192 0.0973271 0.287203 35 219 0
0.585676 0.0944677 0.288007 35 219 0
0.589141 0.091646 0.288997 35 219 0
0.590074 0.0867277 0.289907 35 219 0
0.590728 0.08156 0.290766 35 219 0
0.591515 0.0764023 0.291594 35 219 0
0.592393 0.0712741 0.29251 35 219 0
0.593353 0.0661538 0.293386 35 219 0
0.594398 0.0610492 0.294257 35 219 0
0.595354 0.0559194 0.295081 35 219 0
0.596081 0.0507544 0.295852 35 219 0
0.596381 0.0429606 0.296644 35 219 0
0.596002 0.0380448 0.297155 35 219 0
0.59579 0.0331387 0.29781 35 219 0
0.595462 0.0282287 0.298403 35 219 0
0.595132 0.023324 0.299038 35 219 0
0.594835 0.0184144 0.299639 35 219 0
0.594811 0.0135004 0.300288 35 219 0
0.594776 0.0085821 0.300903 35 219 0
0.59478 0.00366391 0.301519 35 219 0
0.594701 -0.00127148 0.301966 35 219 0
0.59479 -0.00621594 0.302282 35 219 0
0.59497 -0.0111652 0.302471 35 219 0
0.59525 -0.0161019 0.302765 35 219 0
0.595196 -0.0210557 0.302865 35 219 0
0.595438 -0.0260652 0.302551 35 219 0
0.595769 -0.0312356 0.301908 35 219 0
0.596363 -0.0364125 0.301575 35 219 0
0.596861 -0.041609 0.30142 35 219 0
0.59718 -0.0468216 0.301473 35 219 0
0.597299 -0.0520352 0.301758 35 219 0
0.597438 -0.0572326 0.302247 35 219 0
0.597209 -0.0624426 0.30253 35 219 0
0.596987 -0.0676528 0.302815 35 219 0
0.596857 -0.0728699 0.302994 35 219 0
0.596771 -0.0783645 0.303188 35 219 0
0.596762 -0.0832622 0.303206 35 219 0
0.597031 -0.0881456 0.303453 35 219 0
0.597311 -0.0930291 0.303703 35 219 0
0.597647 -0.0979114 0.303896 35 219 0
0.598077 -0.102789 0.303948 35 219 0
0.598603 -0.107657 0.303859 36 218 0
0.599117 -0.11251 0.303531 36 218 0
0.599483 -0.11735 0.302874 36 218 0
0.600019 -0.122148 0.302065 36 218 0
0.60082 -0.130181 0.300544 36 218 0
0.601026 -0.134995 0.300178 36 218 0
0.601264 -0.139803 0.299764 36 218 0
0.601475 -0.144612 0.299367 36 218 0
0.60157 -0.14944 0.299226 36 218 0
0.601494 -0.15427 0.299309 36 218 0
0.601358 -0.159097 0.299482 36 218 0
0.601264 -0.163927 0.299598 36 218 0
0.6012 -0.168758 0.299672 36 218 0
0.601181 -0.17359 0.299685 36 218 0
0.601269 -0.17842 0.2996 36 218 0
0.601497 -0.18324 0.299364 36 218 0
0.601784 -0.188052 0.29904 36 218 0
0.602346 -0.1928 0.298351 36 218 0
0.60294 -0.197694 0.297623 36 218 0
0.60304 -0.202938 0.297832 36 218 0
0.603312 -0.208191 0.297911 36 218 0
0.603444 -0.213443 0.298193 36 218 0
0.603535 -0.218696 0.298449 36 218 0
0.603846 -0.223946 0.298562 36 218 0
0.603942 -0.229205 0.298474 36 218 0
0.603962 -0.234465 0.298452 36 218 0
0.603947 -0.239718 0.298738 36 218 0
0.603918 -0.244973 0.298929 36 218 0
0.604103 -0.239787 0.298332 36 218 0
0.603981 -0.235046 0.298431 36 218 0
0.603947 -0.230304 0.298471 36 218 0
0.603884 -0.225562 0.298532 36 218 0
0.603713 -0.220824 0.298509 36 218 0
0.603508 -0.216089 0.298342 36 218 0
0.603441 -0.211352 0.298113 36 218 0
0.603273 -0.206625 0.297775 36 218 0
0.602721 -0.198303 0.297765 36 218 0
0.602166 -0.193522 0.298473 36 218 0
0.601788 -0.188702 0.298985 36 218 0
0.601532 -0.183857 0.299326 36 218 0
0.601283 -0.179007 0.299587 36 218 0
0.60118 -0.174145 0.299685 36 218 0
0.601193 -0.169281 0.29968 36 218 0
0.601255 -0.164417 0.299609 36 218 0
0.601349 -0.159555 0.299493 36 218 0
0.601482 -0.154696 0.299324 37 217 0
0.601564 -0.149833 0.299232 37 217 0
0.601485 -0.144973 0.299353 37 217 0
0.601314 -0.140119 0.299605 37 217 0
0.601113 -0.135266 0.299867 37 217 0
0.600755 -0.129817 0.300316 37 217 0
0.600238 -0.124698 0.301457 37 217 0
0.59965 -0.119551 0.30243 37 217 0
0.599103 -0.114384 0.303316 37 217 0
0.598458 -0.109168 0.303706 37 217 0
0.597825 -0.103936 0.303825 37 217 0
0.597352 -0.0986867 0.303765 37 217 0
0.597017 -0.0934311 0.303539 37 217 0
0.596726 -0.0881748 0.30328 37 217 0
0.596716 -0.082904 0.303313 37 217 0
0.596772 -0.0776462 0.303188 37 217 0
0.596842 -0.0728405 0.303032 37 217 0
0.596766 -0.0680417 0.302743 37 217 0
0.596651 -0.0632533 0.302319 37 217 0
0.596536 -0.0584674 0.301865 37 217 0
0.596404 -0.0536803 0.301428 37 217 0
0.59625 -0.0488867 0.301095 37 217 0
0.596117 -0.044083 0.300979 37 217 0
0.596038 -0.0392764 0.301095 37 217 0
0.595963 -0.0344862 0.301474 37 217 0
0.595497 -0.0265321 0.302472 37 217 0
0.595351 -0.0215742 0.302644 37 217 0
0.595377 -0.0166116 0.302614 37 217 0
0.595303 -0.0116497 0.302621 37 217 0
0.595117 -0.00669284 0.302446 37 217 0
0.595005 -0.00174028 0.302144 37 217 0
0.595098 0.00320439 0.301718 37 217 0
0.595352 0.00813723 0.301226 37 217 0
0.595393 0.0130628 0.300613 37 217 0
0.595417 0.0179843 0.299966 37 217 0
0.595463 0.0228972 0.299258 37 217 0
0.595712 0.0278078 0.298589 37 217 0
0.596129 0.032706 0.29791 37 217 0
0.596059 0.037595 0.297086 37 217 0
0.595831 0.0428175 0.296122 37 217 0
0.595086 0.0480167 0.295431 37 217 0
0.594561 0.0532492 0.294711 37 217 0
0.593972 0.058484 0.294062 37 217 0
0.593321 0.0637182 0.293467 37 217 0
0.592699 0.0689513 0.292835 37 217 0
0.592155 0.0741866 0.292151 38 216 0
0.591629 0.0794208 0.291446 38 216 0
0.590956 0.0846176 0.290687 38 216 0
0.588969 0.0862978 0.289124 38 216 0
0.586036 0.0906769 0.287536 38 216 0
0.582717 0.0949813 0.286756 38 216 0
0.578841 0.098856 0.286419 38 216 0
0.574641 0.102422 0.286348 38 216 0
0.574234 0.102494 0.287258 38 216 0
0.519653 0.103379 0.257813 38 216 0
0.520161 0.103306 0.256955 38 216 0
0.520161 0.103306 0.256955 38 216 0
0.520636 0.10061 0.256862 38 216 0
0.520732 0.0958579 0.25692 38 216 0
0.52093 0.0911137 0.257296 38 216 0
0.521222 0.0864211 0.257989 38 216 0
0.521588 0.0810517 0.25784 38 216 0
0.522169 0.0758166 0.257204 38 216 0
0.522628 0.070555 0.256695 38 216 0
0.523065 0.0652918 0.256183 38 216 0
0.523299 0.060006 0.255784 38 216 0
0.523428 0.054705 0.255591 38 216 0
0.523509 0.0494015 0.255456 38 216 0
0.523653 0.0390816 0.255173 38 216 0
0.523886 0.0340871 0.254753 38 216 0
0.524198 0.0290869 0.254523 38 216 0
0.52449 0.024082 0.254317 38 216 0
0.52481 0.0190811 0.25406 38 216 0
0.525128 0.0140786 0.253832 38 216 0
0.525407 0.00907087 0.253683 38 216 0
0.525628 0.00405876 0.253597 38 216 0
0.525798 -0.000956067 0.253599 38 216 0
0.525928 -0.00597093 0.253707 38 216 0
0.526013 -0.0109848 0.253884 38 216 0
0.525986 -0.0160017 0.25393 38 216 0
0.525867 -0.0210133 0.254145 38 216 0
0.525661 -0.0258988 0.254496 38 216 0
0.525322 -0.0306841 0.255106 38 216 0
0.524908 -0.0354444 0.255856 38 216 0
0.524696 -0.0401818 0.256791 38 216 0
0.524584 -0.0449217 0.257747 38 216 0
0.524518 -0.0496737 0.258645 38 216 0
0.524542 -0.0544448 0.25943 38 216 0
0.524675 -0.0592442 0.26 38 216 0
0.524848 -0.0640641 0.260318 38 216 0
0.524854 -0.0689007 0.260302 39 215 0
0.524886 -0.0737368 0.260237 39 215 0
0.525068 -0.0792152 0.259909 39 215 0
0.525393 -0.084027 0.259336 39 215 0
0.525733 -0.0888361 0.258749 39 215 0
0.526182 -0.0936345 0.258152 39 215 0
0.526593 -0.098436 0.257555 39 215 0
0.526915 -0.103248 0.256985 39 215 0
0.527197 -0.108071 0.256484 39 215 0
0.52744 -0.112903 0.256063 39 215 0
0.527614 -0.117742 0.2557 39 215 0
0.527628 -0.122588 0.255404 39 215 0
0.527933 -0.130573 0.255314 39 215 0
0.527872 -0.13555 0.255277 39 215 0
0.52791 -0.140527 0.255187 39 215 0
0.527964 -0.145501 0.255282 39 215 0
0.528042 -0.15046 0.25568 39 215 0
0.527894 -0.155391 0.256332 39 215 0
0.527698 -0.160278 0.257262 39 215 0
0.527445 -0.165141 0.258298 39 215 0
0.527257 -0.170029 0.259223 39 215 0
0.527249 -0.174973 0.259789 39 215 0
0.527438 -0.17994 0.260031 39 215 0
0.527627 -0.184906 0.25983 39 215 0
0.527775 -0.18986 0.259577 39 215 0
0.52857 -0.194557 0.258175 39 215 0
0.529836 -0.199785 0.25601 39 215 0
0.530197 -0.204953 0.255356 39 215 0
0.530565 -0.210123 0.254718 39 215 0
0.530949 -0.215332 0.254676 39 215 0
0.531218 -0.220546 0.254798 39 215 0
0.531393 -0.225753 0.255139 39 215 0
0.531331 -0.230927 0.255822 39 215 0
0.53102 -0.236039 0.256843 39 215 0
0.530423 -0.241124 0.257874 39 215 0
0.529611 -0.246091 0.259256 39 215 0
0.530549 -0.240665 0.25767 39 215 0
0.530846 -0.236066 0.256724 39 215 0
0.531031 -0.231435 0.255844 39 215 0
0.531127 -0.226768 0.255188 39 215 0
0.531051 -0.22207 0.254803 39 215 0
0.530839 -0.217359 0.254645 39 215 0
0.53062 -0.212647 0.254603 39 215 0
0.530592 -0.20793 0.254646 39 215 0
0.529634 -0.200099 0.256278 39 215 0
0.528643 -0.195546 0.25805 40 214 0
0.528024 -0.190733 0.259144 40 214 0
0.527626 -0.185802 0.259756 40 214 0
0.527209 -0.180834 0.259912 40 214 0
0.526981 -0.175855 0.25973 40 214 0
0.526974 -0.170896 0.259194 40 214 0
0.527257 -0.166002 0.258289 40 214 0
0.527521 -0.161128 0.257263 40 214 0
0.527726 -0.156235 0.256316 40 214 0
0.527807 -0.151304 0.255581 40 214 0
0.527881 -0.146334 0.255234 40 214 0
0.52796 -0.141349 0.255141 40 214 0
0.527729 -0.13637 0.255238 40 214 0
0.527688 -0.131214 0.255088 40 214 0
0.527624 -0.126465 0.2553 40 214 0
0.527565 -0.121714 0.255449 40 214 0
0.527426 -0.116969 0.2557 40 214 0
0.527223 -0.112233 0.256052 40 214 0
0.526978 -0.107505 0.256472 40 214 0
0.526696 -0.102785 0.256963 40 214 0
0.526381 -0.0980752 0.257527 40 214 0
0.526036 -0.0933742 0.258144 40 214 0
0.525713 -0.0886772 0.258801 40 214 0
0.525374 -0.0839732 0.259397 40 214 0
0.525061 -0.0785078 0.259915 40 214 0
0.524983 -0.0736835 0.260066 40 214 0
0.524595 -0.0688732 0.260085 40 214 0
0.524237 -0.0640622 0.259942 40 214 0
0.524 -0.0592572 0.259572 40 214 0
0.523896 -0.0544684 0.258986 40 214 0
0.523886 -0.0496997 0.25824 40 214 0
0.524026 -0.0449495 0.25741 40 214 0
0.524484 -0.0402131 0.256599 40 214 0
0.525009 -0.0355056 0.255668 40 214 0
0.525573 -0.0271733 0.25464 40 214 0
0.525768 -0.0223216 0.254313 40 214 0
0.525927 -0.017464 0.254051 40 214 0
0.52607 -0.0126057 0.2538 40 214 0
0.526114 -0.00774228 0.253644 40 214 0
0.525946 -0.00287908 0.253544 40 214 0
0.525734 0.00198356 0.253531 40 214 0
0.525503 0.00684538 0.253541 40 214 0
0.525242 0.0117051 0.253611 40 214 0
0.524908 0.0165569 0.253808 40 214 0
0.524533 0.0214023 0.254074 40 214 0
0.524179 0.0262502 0.254327 41 213 0
0.523948 0.0311021 0.254623 41 213 0
0.523701 0.0359441 0.255049 41 213 0
0.523497 0.0414509 0.255445 41 213 0
0.5235 0.0467127 0.255434 41 213 0
0.523444 0.0519737 0.255521 41 213 0
0.523394 0.057234 0.255637 41 213 0
0.523208 0.0624837 0.255943 41 213 0
0.522933 0.0677163 0.256424 41 213 0
0.522468 0.0729309 0.256954 41 213 0
0.522 0.0781321 0.257593 41 213 0
0.521679 0.0804911 0.257921 41 213 0
0.521185 0.0855146 0.257774 41 213 0
0.52089 0.0905357 0.25736 41 213 0
0.520708 0.0955689 0.256954 41 213 0
0.520636 0.10061 0.256862 41 213 0
0.520124 0.100669 0.257719 41 213 0
0.571468 0.104526 0.288173 41 213 0
0.571861 0.104442 0.287257 41 213 0
0.572483 0.1026 0.285682 41 213 0
0.573672 0.0984407 0.283911 41 213 0
0.574736 0.0941613 0.282364 41 213 0
0.57566 0.0897674 0.281071 41 213 0
0.575849 0.0844763 0.280804 41 213 0
0.575795 0.0797164 0.28088 41 213 0
0.575657 0.0749603 0.281062 41 213 0
0.57542 0.070218 0.281397 41 213 0
0.575093 0.0654912 0.281865 41 213 0
0.574694 0.0607814 0.282434 41 213 0
0.574226 0.0560915 0.283111 41 213 0
0.573693 0.0514234 0.283884 41 213 0
0.572698 0.0414137 0.285927 41 213 0
0.572685 0.0364278 0.286853 41 213 0
0.572491 0.0313991 0.287485 41 213 0
0.572359 0.0263641 0.288088 41 213 0
0.57237 0.021308 0.288496 41 213 0
0.572488 0.0162374 0.288581 41 213 0
0.572834 0.011177 0.288516 41 213 0
0.573153 0.00612791 0.288146 41 213 0
0.573451 0.00109714 0.287566 41 213 0
0.573818 -0.0039185 0.286902 41 213 0
0.574289 -0.00892331 0.286222 41 213 0
0.574858 -0.0138687 0.285248 41 213 0
0.575465 -0.0188236 0.284359 41 213 0
0.575699 -0.0264411 0.283789 41 213 0
0.575395 -0.0314321 0.284561 42 212 0
0.575379 -0.0363903 0.285556 42 212 0
0.575217 -0.0413583 0.286497 42 212 0
0.574994 -0.0463086 0.287523 42 212 0
0.574777 -0.0512757 0.288465 42 212 0
0.574599 -0.0562698 0.289255 42 212 0
0.574534 -0.0612905 0.289877 42 212 0
0.574358 -0.066316 0.290411 42 212 0
0.574255 -0.0713704 0.290559 42 212 0
0.574491 -0.0771573 0.290248 42 212 0
0.575012 -0.0820278 0.289471 42 212 0
0.575497 -0.0869237 0.288847 42 212 0
0.57612 -0.0918243 0.288405 42 212 0
0.576734 -0.0967292 0.288 42 212 0
0.577271 -0.101651 0.287701 42 212 0
0.577758 -0.106582 0.2875 42 212 0
0.578226 -0.111517 0.287331 42 212 0
0.578603 -0.116441 0.286874 42 212 0
0.578956 -0.121368 0.286427 42 212 0
0.579658 -0.129103 0.285446 42 212 0
0.579938 -0.133993 0.285045 42 212 0
0.58017 -0.138891 0.284713 42 212 0
0.580318 -0.143797 0.284499 42 212 0
0.58023 -0.148702 0.284612 42 212 0
0.579838 -0.153569 0.285168 42 212 0
0.579417 -0.158408 0.285918 42 212 0
0.578932 -0.163223 0.286777 42 212 0
0.578467 -0.168049 0.287585 42 212 0
0.577958 -0.172881 0.288328 42 212 0
0.577524 -0.177735 0.288963 42 212 0
0.577228 -0.182622 0.289373 42 212 0
0.577122 -0.187526 0.289616 42 212 0
0.577211 -0.192422 0.289201 42 212 0
0.577361 -0.197486 0.28858 42 212 0
0.577771 -0.202207 0.28863 42 212 0
0.578335 -0.206925 0.288567 42 212 0
0.578878 -0.211646 0.288476 42 212 0
0.579455 -0.216363 0.288362 42 212 0
0.580059 -0.221075 0.288195 42 212 0
0.58055 -0.225796 0.287981 42 212 0
0.580823 -0.230536 0.287771 42 212 0
0.580883 -0.235285 0.287686 42 212 0
0.580783 -0.240035 0.287839 42 212 0
0.580696 -0.244778 0.288109 42 212 0
0.580839 -0.238887 0.287499 42 212 0
0.580776 -0.234133 0.287589 43 211 0
0.580643 -0.229383 0.287785 43 211 0
0.580437 -0.224639 0.288054 43 211 0
0.580039 -0.219908 0.288294 43 211 0
0.579493 -0.215185 0.288455 43 211 0
0.578938 -0.210463 0.288585 43 211 0
0.578304 -0.205752 0.288579 43 211 0
0.57741 -0.197926 0.288702 43 211 0
0.577269 -0.193055 0.289243 43 211 0
0.577188 -0.188161 0.289472 43 211 0
0.577178 -0.18326 0.289446 43 211 0
0.577408 -0.178375 0.289148 43 211 0
0.577833 -0.173531 0.288524 43 211 0
0.578344 -0.168711 0.287789 43 211 0
0.578808 -0.163897 0.286983 43 211 0
0.579291 -0.159093 0.286131 43 211 0
0.579716 -0.154268 0.285372 43 211 0
0.58011 -0.149416 0.284797 43 211 0
0.580286 -0.144529 0.284551 43 211 0
0.580297 -0.139627 0.284532 43 211 0
0.580069 -0.13474 0.284859 43 211 0
0.579745 -0.12987 0.285288 43 211 0
0.57928 -0.124763 0.285937 43 211 0
0.578868 -0.119643 0.286515 43 211 0
0.578462 -0.114521 0.287074 43 211 0
0.57794 -0.109383 0.287301 43 211 0
0.577436 -0.104241 0.287472 43 211 0
0.576911 -0.0991056 0.287749 43 211 0
0.576301 -0.0939867 0.288133 43 211 0
0.575647 -0.0888781 0.288573 43 211 0
0.575134 -0.0837944 0.289344 43 211 0
0.574626 -0.0790711 0.290031 43 211 0
0.574436 -0.0739865 0.290309 43 211 0
0.574266 -0.0688993 0.29055 43 211 0
0.574348 -0.0638065 0.290427 43 211 0
0.574615 -0.0587341 0.29003 43 211 0
0.574666 -0.0537124 0.289168 43 211 0
0.574875 -0.0487231 0.288154 43 211 0
0.575149 -0.0437729 0.286977 43 211 0
0.575309 -0.0388212 0.285786 43 211 0
0.575512 -0.0338813 0.284626 43 211 0
0.575697 -0.0258999 0.283788 43 211 0
0.575443 -0.0210337 0.284458 43 211 0
0.575013 -0.016181 0.285138 43 211 0
0.574628 -0.0113144 0.285742 43 211 0
0.574171 -0.00648423 0.286561 44 210 0
0.573663 -0.00167274 0.287456 44 210 0
0.573256 0.00317025 0.288225 44 210 0
0.572921 0.00805551 0.288704 44 210 0
0.572702 0.0129614 0.289003 44 210 0
0.572574 0.0178786 0.28908 44 210 0
0.57246 0.0227882 0.288832 44 210 0
0.572498 0.0276729 0.288268 44 210 0
0.572632 0.0325508 0.287637 44 210 0
0.572669 0.0374075 0.286853 44 210 0
0.57241 0.0420788 0.285655 44 210 0
0.573048 0.0471436 0.284729 44 210 0
0.573719 0.0521997 0.283781 44 210 0
0.574318 0.0572781 0.282907 44 210 0
0.574838 0.0623889 0.282185 44 210 0
0.575283 0.0675223 0.281583 44 210 0
0.575599 0.0726804 0.281128 44 210 0
0.575789 0.0778581 0.280876 44 210 0
0.575886 0.0830423 0.280738 44 210 0
0.575892 0.0857776 0.28072 44 210 0
0.575213 0.0911663 0.281743 44 210 0
0.574196 0.0963888 0.28324 44 210 0
0.572878 0.101404 0.285155 44 210 0
0.572481 0.101501 0.286067 44 210 0
0.519653 0.103379 0.257813 44 210 0
0.520161 0.103306 0.256955 44 210 0
0.518367 0.101516 0.255754 44 210 0
0.515037 0.0985328 0.253645 44 210 0
0.511687 0.0955667 0.251549 44 210 0
0.508218 0.0927596 0.249414 44 210 0
0.504705 0.089976 0.247322 44 210 0
0.501192 0.087131 0.245322 44 210 0
0.501118 0.0822186 0.245437 44 210 0
0.501158 0.0770534 0.245369 44 210 0
0.500816 0.0719048 0.245137 44 210 0
0.500485 0.0667573 0.244856 44 210 0
0.50012 0.0616094 0.244632 44 210 0
0.499685 0.056463 0.244531 44 210 0
0.4992 0.0513202 0.244496 44 210 0
0.499052 0.0461632 0.244742 44 210 0
0.499166 0.0384977 0.244905 44 210 0
0.500102 0.0334381 0.244512 44 210 0
0.500815 0.0283681 0.243862 44 210 0
0.501477 0.0232881 0.243229 44 210 0
0.502133 0.018219 0.242508 44 210 0
0.502763 0.0131423 0.241819 45 209 0
0.50338 0.00804617 0.241282 45 209 0
0.503922 0.00292684 0.240906 45 209 0
0.504358 -0.00221148 0.240738 45 209 0
0.504636 -0.00736073 0.240886 45 209 0
0.504767 -0.0125016 0.241321 45 209 0
0.504943 -0.0176289 0.241881 45 209 0
0.505018 -0.0227334 0.242551 45 209 0
0.504545 -0.0280244 0.243466 45 209 0
0.504171 -0.0327884 0.244181 45 209 0
0.503769 -0.0375399 0.244961 45 209 0
0.503405 -0.0423053 0.24567 45 209 0
0.503031 -0.0470937 0.246185 45 209 0
0.502769 -0.0519028 0.246554 45 209 0
0.502593 -0.0567262 0.246716 45 209 0
0.502512 -0.0615559 0.246693 45 209 0
0.502583 -0.0663846 0.246568 45 209 0
0.502751 -0.0712059 0.246307 45 209 0
0.502899 -0.0760268 0.246059 45 209 0
0.503359 -0.081283 0.245734 45 209 0
0.50352 -0.0861584 0.245421 45 209 0
0.503656 -0.0910387 0.245161 45 209 0
0.503779 -0.0959223 0.244967 45 209 0
0.503861 -0.100809 0.244852 45 209 0
0.503919 -0.105697 0.244762 45 209 0
0.503986 -0.110584 0.244645 45 209 0
0.504066 -0.11547 0.244486 45 209 0
0.504133 -0.120356 0.244322 45 209 0
0.504224 -0.12524 0.244101 45 209 0
0.504137 -0.133063 0.244263 45 209 0
0.504333 -0.13798 0.244138 45 209 0
0.504741 -0.142884 0.24425 45 209 0
0.504966 -0.1478 0.244441 45 209 0
0.505185 -0.152715 0.244659 45 209 0
0.505443 -0.157631 0.244798 45 209 0
0.505733 -0.162546 0.244861 45 209 0
0.506063 -0.16746 0.2449 45 209 0
0.50648 -0.172367 0.24491 45 209 0
0.506665 -0.177278 0.244584 45 209 0
0.507083 -0.182178 0.244332 45 209 0
0.507459 -0.187081 0.244064 45 209 0
0.507942 -0.191961 0.243637 45 209 0
0.508577 -0.196827 0.243222 45 209 0
0.508127 -0.201998 0.242922 45 209 0
0.507819 -0.207022 0.242897 45 209 0
0.507068 -0.21199 0.242597 46 208 0
0.506602 -0.216999 0.242414 46 208 0
0.506228 -0.222015 0.242209 46 208 0
0.505822 -0.227028 0.241993 46 208 0
0.505029 -0.231985 0.24162 46 208 0
0.504609 -0.236998 0.241435 46 208 0
0.50427 -0.242014 0.241169 46 208 0
0.503524 -0.246968 0.240704 46 208 0
0.504088 -0.24157 0.24122 46 208 0
0.504602 -0.236263 0.241432 46 208 0
0.505379 -0.230998 0.24182 46 208 0
0.506152 -0.225731 0.242192 46 208 0
0.506778 -0.220446 0.242581 46 208 0
0.507475 -0.215169 0.242963 46 208 0
0.508144 -0.209903 0.243414 46 208 0
0.508124 -0.202458 0.242923 46 208 0
0.507795 -0.197539 0.243051 46 208 0
0.507413 -0.192634 0.243459 46 208 0
0.507071 -0.187713 0.243702 46 208 0
0.506727 -0.182795 0.24399 46 208 0
0.506523 -0.177877 0.244384 46 208 0
0.506337 -0.172952 0.244711 46 208 0
0.50608 -0.168023 0.244872 46 208 0
0.505769 -0.163095 0.244866 46 208 0
0.505474 -0.158166 0.244805 46 208 0
0.505212 -0.153236 0.244676 46 208 0
0.504988 -0.148307 0.244466 46 208 0
0.504679 -0.143386 0.244203 46 208 0
0.504148 -0.13848 0.244253 46 208 0
0.504171 -0.133185 0.244199 46 208 0
0.504147 -0.127947 0.244248 46 208 0
0.504131 -0.122709 0.244274 46 208 0
0.504089 -0.117472 0.244416 46 208 0
0.504003 -0.112238 0.244613 46 208 0
0.503934 -0.107001 0.244747 46 208 0
0.503882 -0.101763 0.244828 46 208 0
0.503819 -0.0965256 0.244912 46 208 0
0.503686 -0.091292 0.245102 46 208 0
0.503573 -0.0860572 0.24526 46 208 0
0.503359 -0.081283 0.245734 46 208 0
0.503038 -0.076246 0.245989 46 208 0
0.502733 -0.0712043 0.246286 46 208 0
0.502572 -0.0661575 0.246605 46 208 0
0.502374 -0.0611023 0.246678 46 208 0
0.502537 -0.0560457 0.246715 46 208 0
0.502682 -0.0509953 0.246447 47 207 0
0.503057 -0.045965 0.246057 47 207 0
0.503388 -0.0409582 0.245408 47 207 0
0.503918 -0.0359788 0.244694 47 207 0
0.504554 -0.0283234 0.243451 47 207 0
0.504649 -0.0232126 0.242531 47 207 0
0.504533 -0.0180557 0.241826 47 207 0
0.504506 -0.0128864 0.241201 47 207 0
0.504383 -0.00770137 0.240747 47 207 0
0.504113 -0.00250699 0.240577 47 207 0
0.50368 0.00267768 0.24073 47 207 0
0.503132 0.00784136 0.241114 47 207 0
0.502509 0.0129821 0.241658 47 207 0
0.501872 0.0181038 0.24235 47 207 0
0.501212 0.0232176 0.243078 47 207 0
0.500447 0.028309 0.243854 47 207 0
0.499373 0.0333612 0.244499 47 207 0
0.49896 0.0381388 0.244933 47 207 0
0.499074 0.0433754 0.244708 47 207 0
0.499102 0.0486161 0.244563 47 207 0
0.499249 0.0538538 0.244384 47 207 0
0.499337 0.0590932 0.244218 47 207 0
0.499365 0.0643357 0.24417 47 207 0
0.499336 0.0695781 0.244221 47 207 0
0.499309 0.0748207 0.244267 47 207 0
0.499255 0.0800624 0.244356 47 207 0
0.501062 0.0813811 0.245526 47 207 0
0.503931 0.0847969 0.247135 47 207 0
0.506843 0.0881544 0.248793 47 207 0
0.50975 0.0915121 0.250459 47 207 0
0.51263 0.0948699 0.25217 47 207 0
0.515549 0.0981456 0.25397 47 207 0
0.518367 0.101516 0.255754 47 207 0
0.517854 0.101568 0.256611 47 207 0
0.571468 0.104526 0.288173 47 207 0
0.571861 0.104442 0.287257 47 207 0
0.574641 0.102422 0.286348 47 207 0
0.578434 0.0998833 0.286663 47 207 0
0.582192 0.0973271 0.287203 47 207 0
0.585676 0.0944677 0.288007 47 207 0
0.589141 0.091646 0.288997 47 207 0
0.590074 0.0867277 0.289907 47 207 0
0.590728 0.08156 0.290766 47 207 0
0.591515 0.0764023 0.291594 47 207 0
0.592393 0.0712741 0.29251 47 207 0
0.593353 0.0661538 0.293386 48 206 0
0.594398 0.0610492 0.294257 48 206 0
0.595354 0.0559194 0.295081 48 206 0
0.596081 0.0507544 0.295852 48 206 0
0.596381 0.0429606 0.296644 48 206 0
0.596002 0.0380448 0.297155 48 206 0
0.59579 0.0331387 0.29781 48 206 0
0.595462 0.0282287 0.298403 48 206 0
0.595132 0.023324 0.299038 48 206 0
0.594835 0.0184144 0.299639 48 206 0
0.594811 0.0135004 0.300288 48 206 0
0.594776 0.0085821 0.300903 48 206 0
0.59478 0.00366391 0.301519 48 206 0
0.594701 -0.00127148 0.301966 48 206 0
0.59479 -0.00621594 0.302282 48 206 0
0.59497 -0.0111652 0.302471 48 206 0
0.59525 -0.0161019 0.302765 48 206 0
0.595196 -0.0210557 0.302865 48 206 0
0.595438 -0.0260652 0.302551 48 206 0
0.595769 -0.0312356 0.301908 48 206 0
0.596363 -0.0364125 0.301575 48 206 0
0.596861 -0.041609 0.30142 48 206 0
0.59718 -0.0468216 0.301473 48 206 0
0.597299 -0.0520352 0.301758 48 206 0
0.597438 -0.0572326 0.302247 48 206 0
0.597209 -0.0624426 0.30253 48 206 0
0.596987 -0.0676528 0.302815 48 206 0
0.596857 -0.0728699 0.302994 48 206 0
0.596771 -0.0783645 0.303188 48 206 0
0.596762 -0.0832622 0.303206 48 206 0
0.597031 -0.0881456 0.303453 48 206 0
0.597311 -0.0930291 0.303703 48 206 0
0.597647 -0.0979114 0.303896 48 206 0
0.598077 -0.102789 0.303948 48 206 0
0.598603 -0.107657 0.303859 48 206 0
0.599117 -0.11251 0.303531 48 206 0
0.599483 -0.11735 0.302874 48 206 0
0.600019 -0.122148 0.302065 48 206 0
0.60082 -0.130181 0.300544 48 206 0
0.601026 -0.134995 0.300178 48 206 0
0.601264 -0.139803 0.299764 48 206 0
0.601475 -0.144612 0.299367 48 206 0
0.60157 -0.14944 0.299226 48 206 0
0.601494 -0.15427 0.299309 48 206 0
0.601358 -0.159097 0.299482 48 206 0
0.601264 -0.163927 0.299598 49 205 0
0.6012 -0.168758 0.299672 49 205 0
0.601181 -0.17359 0.299685 49 205 0
0.601269 -0.17842 0.2996 49 205 0
0.601497 -0.18324 0.299364 49 205 0
0.601784 -0.188052 0.29904 49 205 0
0.602346 -0.1928 0.298351 49 205 0
0.60294 -0.197694 0.297623 49 205 0
0.60304 -0.202938 0.297832 49 205 0
0.603312 -0.208191 0.297911 49 205 0
0.603444 -0.213443 0.298193 49 205 0
0.603535 -0.218696 0.298449 49 205 0
0.603846 -0.223946 0.298562 49 205 0
0.603942 -0.229205 0.298474 49 205 0
0.603962 -0.234465 0.298452 49 205 0
0.603947 -0.239718 0.298738 49 205 0
0.603918 -0.244973 0.298929 49 205 0
0.604103 -0.239787 0.298332 49 205 0
0.603981 -0.235046 0.298431 49 205 0
0.603947 -0.230304 0.298471 49 205 0
0.603884 -0.225562 0.298532 49 205 0
0.603713 -0.220824 0.298509 49 205 0
0.603508 -0.216089 0.298342 49 205 0
0.603441 -0.211352 0.298113 49 205 0
0.603273 -0.206625 0.297775 49 205 0
0.602721 -0.198303 0.297765 49 205 0
0.602166 -0.193522 0.298473 49 205 0
0.601788 -0.188702 0.298985 49 205 0
0.601532 -0.183857 0.299326 49 205 0
0.601283 -0.179007 0.299587 49 205 0
0.60118 -0.174145 0.299685 49 205 0
0.601193 -0.169281 0.29968 49 205 0
0.601255 -0.164417 0.299609 49 205 0
0.601349 -0.159555 0.299493 49 205 0
0.601482 -0.154696 0.299324 49 205 0
0.601564 -0.149833 0.299232 49 205 0
0.601485 -0.144973 0.299353 49 205 0
0.601314 -0.140119 0.299605 49 205 0
0.601113 -0.135266 0.299867 49 205 0
0.600755 -0.129817 0.300316 49 205 0
0.600238 -0.124698 0.301457 49 205 0
0.59965 -0.119551 0.30243 49 205 0
0.599103 -0.114384 0.303316 49 205 0
0.598458 -0.109168 0.303706 49 205 0
0.597825 -0.103936 0.303825 49 205 0
0.597352 -0.0986867 0.303765 50 204 0
0.597017 -0.0934311 0.303539 50 204 0
0.596726 -0.0881748 0.30328 50 204 0
0.596716 -0.082904 0.303313 50 204 0
0.596772 -0.0776462 0.303188 50 204 0
0.596842 -0.0728405 0.303032 50 204 0
0.596766 -0.0680417 0.302743 50 204 0
0.596651 -0.0632533 0.302319 50 204 0
0.596536 -0.0584674 0.301865 50 204 0
0.596404 -0.0536803 0.301428 50 204 0
0.59625 -0.0488867 0.301095 50 204 0
0.596117 -0.044083 0.300979 50 204 0
0.596038 -0.0392764 0.301095 50 204 0
0.595963 -0.0344862 0.301474 50 204 0
0.595497 -0.0265321 0.302472 50 204 0
0.595351 -0.0215742 0.302644 50 204 0
0.595377 -0.0166116 0.302614 50 204 0
0.595303 -0.0116497 0.302621 50 204 0
0.595117 -0.00669284 0.302446 50 204 0
0.595005 -0.00174028 0.302144 50 204 0
0.595098 0.00320439 0.301718 50 204 0
0.595352 0.00813723 0.301226 50 204 0
0.595393 0.0130628 0.300613 50 204 0
0.595417 0.0179843 0.299966 50 204 0
0.595463 0.0228972 0.299258 50 204 0
0.595712 0.0278078 0.298589 50 204 0
0.596129 0.032706 0.29791 50 204 0
0.596059 0.037595 0.297086 50 204 0
0.595831 0.0428175 0.296122 50 204 0
0.595086 0.0480167 0.295431 50 204 0
0.594561 0.0532492 0.294711 50 204 0
0.593972 0.058484 0.294062 50 204 0
0.593321 0.0637182 0.293467 50 204 0
0.592699 0.0689513 0.292835 50 204 0
0.592155 0.0741866 0.292151 50 204 0
0.591629 0.0794208 0.291446 50 204 0
0.590956 0.0846176 0.290687 50 204 0
0.588969 0.0862978 0.289124 50 204 0
0.586036 0.0906769 0.287536 50 204 0
0.582717 0.0949813 0.286756 50 204 0
0.578841 0.098856 0.286419 50 204 0
0.574641 0.102422 0.286348 50 204 0
0.574234 0.102494 0.287258 50 204 0
0.519653 0.103379 0.257813 50 204 0
0.520161 0.103306 0.256955 50 204 0
0.520161 0.103306 0.256955 51 203 0
0.520636 0.10061 0.256862 51 203 0
0.520732 0.0958579 0.25692 51 203 0
0.52093 0.0911137 0.257296 51 203 0
0.521222 0.0864211 0.257989 51 203 0
0.521588 0.0810517 0.25784 51 203 0
0.522169 0.0758166 0.257204 51 203 0
0.522628 0.070555 0.256695 51 203 0
0.523065 0.0652918 0.256183 51 203 0
0.523299 0.060006 0.255784 51 203 0
0.523428 0.054705 0.255591 51 203 0
0.523509 0.0494015 0.255456 51 203 0
0.523653 0.0390816 0.255173 51 203 0
0.523886 0.0340871 0.254753 51 203 0
0.524198 0.0290869 0.254523 51 203 0
0.52449 0.024082 0.254317 51 203 0
0.52481 0.0190811 0.25406 51 203 0
0.525128 0.0140786 0.253832 51 203 0
0.525407 0.00907087 0.253683 51 203 0
0.525628 0.00405876 0.253597 51 203 0
0.525798 -0.000956067 0.253599 51 203 0
0.525928 -0.00597093 0.253707 51 203 0
0.526013 -0.0109848 0.253884 51 203 0
0.525986 -0.0160017 0.25393 51 203 0
0.525867 -0.0210133 0.254145 51 203 0
0.525661 -0.0258988 0.254496 51 203 0
0.525322 -0.0306841 0.255106 51 203 0
0.524908 -0.0354444 0.255856 51 203 0
0.524696 -0.0401818 0.256791 51 203 0
0.524584 -0.0449217 0.257747 51 203 0
0.524518 -0.0496737 0.258645 51 203 0
0.524542 -0.0544448 0.25943 51 203 0
0.524675 -0.0592442 0.26 51 203 0
0.524848 -0.0640641 0.260318 51 203 0
0.524854 -0.0689007 0.260302 51 203 0
0.524886 -0.0737368 0.260237 51 203 0
0.525068 -0.0792152 0.259909 51 203 0
0.525393 -0.084027 0.259336 51 203 0
0.525733 -0.0888361 0.258749 51 203 0
0.526182 -0.0936345 0.258152 51 203 0
0.526593 -0.098436 0.257555 51 203 0
0.526915 -0.103248 0.256985 51 203 0
0.527197 -0.108071 0.256484 51 203 0
0.52744 -0.112903 0.256063 51 203 0
0.527614 -0.117742 0.2557 51 203 0
0.527628 -0.122588 0.255404 52 202 0
0.527933 -0.130573 0.255314 52 202 0
0.527872 -0.13555 0.255277 52 202 0
0.52791 -0.140527 0.255187 52 202 0
0.527964 -0.145501 0.255282 52 202 0
0.528042 -0.15046 0.25568 52 202 0
0.527894 -0.155391 0.256332 52 202 0
0.527698 -0.160278 0.257262 52 202 0
0.527445 -0.165141 0.258298 52 202 0
0.527257 -0.170029 0.259223 52 202 0
0.527249 -0.174973 0.259789 52 202 0
0.527438 -0.17994 0.260031 52 202 0
0.527627 -0.184906 0.25983 52 202 0
0.527775 -0.18986 0.259577 52 202 0
0.52857 -0.194557 0.258175 52 202 0
0.529836 -0.199785 0.25601 52 202 0
0.530197 -0.204953 0.255356 52 202 0
0.530565 -0.210123 0.254718 52 202 0
0.530949 -0.215332 0.254676 52 202 0
0.531218 -0.220546 0.254798 52 202 0
0.531393 -0.225753 0.255139 52 202 0
0.531331 -0.230927 0.255822 52 202 0
0.53102 -0.236039 0.256843 52 202 0
0.530423 -0.241124 0.257874 52 202 0
0.529611 -0.246091 0.259256 52 202 0
0.530549 -0.240665 0.25767 52 202 0
0.530846 -0.236066 0.256724 52 202 0
0.531031 -0.231435 0.255844 52 202 0
0.531127 -0.226768 0.255188 52 202 0
0.531051 -0.22207 0.254803 52 202 0
0.530839 -0.217359 0.254645 52 202 0
0.53062 -0.212647 0.254603 52 202 0
0.530592 -0.20793 0.254646 52 202 0
0.529634 -0.200099 0.256278 52 202 0
0.528643 -0.195546 0.25805 52 202 0
0.528024 -0.190733 0.259144 52 202 0
0.527626 -0.185802 0.259756 52 202 0
0.527209 -0.180834 0.259912 52 202 0
0.526981 -0.175855 0.25973 52 202 0
0.526974 -0.170896 0.259194 52 202 0
0.527257 -0.166002 0.258289 52 202 0
0.527521 -0.161128 0.257263 52 202 0
0.527726 -0.156235 0.256316 52 202 0
0.527807 -0.151304 0.255581 52 202 0
0.527881 -0.146334 0.255234 52 202 0
0.52796 -0.141349 0.255141 53 201 0
0.527729 -0.13637 0.255238 53 201 0
0.527688 -0.131214 0.255088 53 201 0
0.527624 -0.126465 0.2553 53 201 0
0.527565 -0.121714 0.255449 53 201 0
0.527426 -0.116969 0.2557 53 201 0
0.527223 -0.112233 0.256052 53 201 0
0.526978 -0.107505 0.256472 53 201 0
0.526696 -0.102785 0.256963 53 201 0
0.526381 -0.0980752 0.257527 53 201 0
0.526036 -0.0933742 0.258144 53 201 0
0.525713 -0.0886772 0.258801 53 201 0
0.525374 -0.0839732 0.259397 53 201 0
0.525061 -0.0785078 0.259915 53 201 0
0.524983 -0.0736835 0.260066 53 201 0
0.524595 -0.0688732 0.260085 53 201 0
0.524237 -0.0640622 0.259942 53 201 0
0.524 -0.0592572 0.259572 53 201 0
0.523896 -0.0544684 0.258986 53 201 0
0.523886 -0.0496997 0.25824 53 201 0
0.524026 -0.0449495 0.25741 53 201 0
0.524484 -0.0402131 0.256599 53 201 0
0.525009 -0.0355056 0.255668 53 201 0
0.525573 -0.0271733 0.25464 53 201 0
0.525768 -0.0223216 0.254313 53 201 0
0.525927 -0.017464 0.254051 53 201 0
0.52607 -0.0126057 0.2538 53 201 0
0.526114 -0.00774228 0.253644 53 201 0
0.525946 -0.00287908 0.253544 53 201 0
0.525734 0.00198356 0.253531 53 201 0
0.525503 0.00684538 0.253541 53 201 0
0.525242 0.0117051 0.253611 53 201 0
0.524908 0.0165569 0.253808 53 201 0
0.524533 0.0214023 0.254074 53 201 0
0.524179 0.0262502 0.254327 53 201 0
0.523948 0.0311021 0.254623 53 201 0
0.523701 0.0359441 0.255049 53 201 0
0.523497 0.0414509 0.255445 53 201 0
0.5235 0.0467127 0.255434 53 201 0
0.523444 0.0519737 0.255521 53 201 0
0.523394 0.057234 0.255637 53 201 0
0.523208 0.0624837 0.255943 53 201 0
0.522933 0.0677163 0.256424 53 201 0
0.522468 0.0729309 0.256954 53 201 0
0.522 0.0781321 0.257593 53 201 0
0.521679 0.0804911 0.257921 54 200 0
0.521185 0.0855146 0.257774 54 200 0
0.52089 0.0905357 0.25736 54 200 0
0.520708 0.0955689 0.256954 54 200 0
0.520636 0.10061 0.256862 54 200 0
0.520124 0.100669 0.257719 54 200 0
0.571468 0.104526 0.288173 54 200 0
0.571861 0.104442 0.287257 54 200 0
0.572483 0.1026 0.285682 54 200 0
0.573672 0.0984407 0.283911 54 200 0
0.574736 0.0941613 0.282364 54 200 0
0.57566 0.0897674 0.281071 54 200 0
0.575849 0.0844763 0.280804 54 200 0
0.575795 0.0797164 0.28088 54 200 0
0.575657 0.0749603 0.281062 54 200 0
0.57542 0.070218 0.281397 54 200 0
0.575093 0.0654912 0.281865 54 200 0
0.574694 0.0607814 0.282434 54 200 0
0.574226 0.0560915 0.283111 54 200 0
0.573693 0.0514234 0.283884 54 200 0
0.572698 0.0414137 0.285927 54 200 0
0.572685 0.0364278 0.286853 54 200 0
0.572491 0.0313991 0.287485 54 200 0
0.572359 0.0263641 0.288088 54 200 0
0.57237 0.021308 0.288496 54 200 0
0.572488 0.0162374 0.288581 54 200 0
0.572834 0.011177 0.288516 54 200 0
0.573153 0.00612791 0.288146 54 200 0
0.573451 0.00109714 0.287566 54 200 0
0.573818 -0.0039185 0.286902 54 200 0
0.574289 -0.00892331 0.286222 54 200 0
0.574858 -0.0138687 0.285248 54 200 0
0.575465 -0.0188236 0.284359 54 200 0
0.575699 -0.0264411 0.283789 54 200 0
0.575395 -0.0314321 0.284561 54 200 0
0.575379 -0.0363903 0.285556 54 200 0
0.575217 -0.0413583 0.286497 54 200 0
0.574994 -0.0463086 0.287523 54 200 0
0.574777 -0.0512757 0.288465 54 200 0
0.574599 -0.0562698 0.289255 54 200 0
0.574534 -0.0612905 0.289877 54 200 0
0.574358 -0.066316 0.290411 54 200 0
0.574255 -0.0713704 0.290559 54 200 0
0.574491 -0.0771573 0.290248 54 200 0
0.575012 -0.0820278 0.289471 54 200 0
0.575497 -0.0869237 0.288847 55 199 0
0.57612 -0.0918243 0.288405 55 199 0
0.576734 -0.0967292 0.288 55 199 0
0.577271 -0.101651 0.287701 55 199 0
0.577758 -0.106582 0.2875 55 199 0
0.578226 -0.111517 0.287331 55 199 0
0.578603 -0.116441 0.286874 55 199 0
0.578956 -0.121368 0.286427 55 199 0
0.579658 -0.129103 0.285446 55 199 0
0.579938 -0.133993 0.285045 55 199 0
0.58017 -0.138891 0.284713 55 199 0
0.580318 -0.143797 0.284499 55 199 0
0.58023 -0.148702 0.284612 55 199 0
0.579838 -0.153569 0.285168 55 199 0
0.579417 -0.158408 0.285918 55 199 0
0.578932 -0.163223 0.286777 55 199 0
0.578467 -0.168049 0.287585 55 199 0
0.577958 -0.172881 0.288328 55 199 0
0.577524 -0.177735 0.288963 55 199 0
0.577228 -0.182622 0.289373 55 199 0
0.577122 -0.187526 0.289616 55 199 0
0.577211 -0.192422 0.289201 55 199 0
0.577361 -0.197486 0.28858 55 199 0
0.577771 -0.202207 0.28863 55 199 0
0.578335 -0.206925 0.288567 55 199 0
0.578878 -0.211646 0.288476 55 199 0
0.579455 -0.216363 0.288362 55 199 0
0.580059 -0.221075 0.288195 55 199 0
0.58055 -0.225796 0.287981 55 199 0
0.580823 -0.230536 0.287771 55 199 0
0.580883 -0.235285 0.287686 55 199 0
0.580783 -0.240035 0.287839 55 199 0
0.580696 -0.244778 0.288109 55 199 0
0.580839 -0.238887 0.287499 55 199 0
0.580776 -0.234133 0.287589 55 199 0
0.580643 -0.229383 0.287785 55 199 0
0.580437 -0.224639 0.288054 55 199 0
0.580039 -0.219908 0.288294 55 199 0
0.579493 -0.215185 0.288455 55 199 0
0.578938 -0.210463 0.288585 55 199 0
0.578304 -0.205752 0.288579 55 199 0
0.57741 -0.197926 0.288702 55 199 0
0.577269 -0.193055 0.289243 55 199 0
0.577188 -0.188161 0.289472 55 199 0
0.577178 -0.18326 0.289446 55 199 0
0.577408 -0.178375 0.289148 56 198 0
0.577833 -0.173531 0.288524 56 198 0
0.578344 -0.168711 0.287789 56 198 0
0.578808 -0.163897 0.286983 56 198 0
0.579291 -0.159093 0.286131 56 198 0
0.579716 -0.154268 0.285372 56 198 0
0.58011 -0.149416 0.284797 56 198 0
0.580286 -0.144529 0.284551 56 198 0
0.580297 -0.139627 0.284532 56 198 0
0.580069 -0.13474 0.284859 56 198 0
0.579745 -0.12987 0.285288 56 198 0
0.57928 -0.124763 0.285937 56 198 0
0.578868 -0.119643 0.286515 56 198 0
0.578462 -0.114521 0.287074 56 198 0
0.57794 -0.109383 0.287301 56 198 0
0.577436 -0.104241 0.287472 56 198 0
0.576911 -0.0991056 0.287749 56 198 0
0.576301 -0.0939867 0.288133 56 198 0
0.575647 -0.0888781 0.288573 56 198 0
0.575134 -0.0837944 0.289344 56 198 0
0.574626 -0.0790711 0.290031 56 198 0
0.574436 -0.0739865 0.290309 56 198 0
0.574266 -0.0688993 0.29055 56 198 0
0.574348 -0.0638065 0.290427 56 198 0
0.574615 -0.0587341 0.29003 56 198 0
0.574666 -0.0537124 0.289168 56 198 0
0.574875 -0.0487231 0.288154 56 198 0
0.575149 -0.0437729 0.286977 56 198 0
0.575309 -0.0388212 0.285786 56 198 0
0.575512 -0.0338813 0.284626 56 198 0
0.575697 -0.0258999 0.283788 56 198 0
0.575443 -0.0210337 0.284458 56 198 0
0.575013 -0.016181 0.285138 56 198 0
0.574628 -0.0113144 0.285742 56 198 0
0.574171 -0.00648423 0.286561 56 198 0
0.573663 -0.00167274 0.287456 56 198 0
0.573256 0.00317025 0.288225 56 198 0
0.572921 0.00805551 0.288704 56 198 0
0.572702 0.0129614 0.289003 56 198 0
0.572574 0.0178786 0.28908 56 198 0
0.57246 0.0227882 0.288832 56 198 0
0.572498 0.0276729 0.288268 56 198 0
0.572632 0.0325508 0.287637 56 198 0
0.572669 0.0374075 0.286853 56 198 0
0.57241 0.0420788 0.285655 56 198 0
0.573048 0.0471436 0.284729 57 197 0
0.573719 0.0521997 0.283781 57 197 0
0.574318 0.0572781 0.282907 57 197 0
0.574838 0.0623889 0.282185 57 197 0
0.575283 0.0675223 0.281583 57 197 0
0.575599 0.0726804 0.281128 57 197 0
0.575789 0.0778581 0.280876 57 197 0
0.575886 0.0830423 0.280738 57 197 0
0.575892 0.0857776 0.28072 57 197 0
0.575213 0.0911663 0.281743 57 197 0
0.574196 0.0963888 0.28324 57 197 0
0.572878 0.101404 0.285155 57 197 0
0.572481 0.101501 0.286067 57 197 0
0.519653 0.103379 0.257813 57 197 0
0.520161 0.103306 0.256955 57 197 0
0.518367 0.101516 0.255754 57 197 0
0.515037 0.0985328 0.253645 57 197 0
0.511687 0.0955667 0.251549 57 197 0
0.508218 0.0927596 0.249414 57 197 0
0.504705 0.089976 0.247322 57 197 0
0.501192 0.087131 0.245322 57 197 0
0.501118 0.0822186 0.245437 57 197 0
0.501158 0.0770534 0.245369 57 197 0
0.500816 0.0719048 0.245137 57 197 0
0.500485 0.0667573 0.244856 57 197 0
0.50012 0.0616094 0.244632 57 197 0
0.499685 0.056463 0.244531 57 197 0
0.4992 0.0513202 0.244496 57 197 0
0.499052 0.0461632 0.244742 57 197 0
0.499166 0.0384977 0.244905 57 197 0
0.500102 0.0334381 0.244512 57 197 0
0.500815 0.0283681 0.243862 57 197 0
0.501477 0.0232881 0.243229 57 197 0
0.502133 0.018219 0.242508 57 197 0
0.502763 0.0131423 0.241819 57 197 0
0.50338 0.00804617 0.241282 57 197 0
0.503922 0.00292684 0.240906 57 197 0
0.504358 -0.00221148 0.240738 57 197 0
0.504636 -0.00736073 0.240886 57 197 0
0.504767 -0.0125016 0.241321 57 197 0
0.504943 -0.0176289 0.241881 57 197 0
0.505018 -0.0227334 0.242551 57 197 0
0.504545 -0.0280244 0.243466 57 197 0
0.504171 -0.0327884 0.244181 57 197 0
0.503769 -0.0375399 0.244961 57 197 0
0.503405 -0.0423053 0.24567 58 196 0
0.503031 -0.0470937 0.246185 58 196 0
0.502769 -0.0519028 0.246554 58 196 0
0.502593 -0.0567262 0.246716 58 196 0
0.502512 -0.0615559 0.246693 58 196 0
0.502583 -0.0663846 0.246568 58 196 0
0.502751 -0.0712059 0.246307 58 196 0
0.502899 -0.0760268 0.246059 58 196 0
0.503359 -0.081283 0.245734 58 196 0
0.50352 -0.0861584 0.245421 58 196 0
0.503656 -0.0910387 0.245161 58 196 0
0.503779 -0.0959223 0.244967 58 196 0
0.503861 -0.100809 0.244852 58 196 0
0.503919 -0.105697 0.244762 58 196 0
0.503986 -0.110584 0.244645 58 196 0
0.504066 -0.11547 0.244486 58 196 0
0.504133 -0.120356 0.244322 58 196 0
0.504224 -0.12524 0.244101 58 196 0
0.504137 -0.133063 0.244263 58 196 0
0.504333 -0.13798 0.244138 58 196 0
0.504741 -0.142884 0.24425 58 196 0
0.504966 -0.1478 0.244441 58 196 0
0.505185 -0.152715 0.244659 58 196 0
0.505443 -0.157631 0.244798 58 196 0
0.505733 -0.162546 0.244861 58 196 0
0.506063 -0.16746 0.2449 58 196 0
0.50648 -0.172367 0.24491 58 196 0
0.506665 -0.177278 0.244584 58 196 0
0.507083 -0.182178 0.244332 58 196 0
0.507459 -0.187081 0.244064 58 196 0
0.507942 -0.191961 0.243637 58 196 0
0.508577 -0.196827 0.243222 58 196 0
0.508127 -0.201998 0.242922 58 196 0
0.507819 -0.207022 0.242897 58 196 0
0.507068 -0.21199 0.242597 58 196 0
0.506602 -0.216999 0.242414 58 196 0
0.506228 -0.222015 0.242209 58 196 0
0.505822 -0.227028 0.241993 58 196 0
0.505029 -0.231985 0.24162 58 196 0
0.504609 -0.236998 0.241435 58 196 0
0.50427 -0.242014 0.241169 58 196 0
0.503524 -0.246968 0.240704 58 196 0
0.504088 -0.24157 0.24122 58 196 0
0.504602 -0.236263 0.241432 58 196 0
0.505379 -0.230998 0.24182 58 196 0
0.506152 -0.225731 0.242192 59 195 0
0.506778 -0.220446 0.242581 59 195 0
0.507475 -0.215169 0.242963 59 195 0
0.508144 -0.209903 0.243414 59 195 0
0.508124 -0.202458 0.242923 59 195 0
0.507795 -0.197539 0.243051 59 195 0
0.507413 -0.192634 0.243459 59 195 0
0.507071 -0.187713 0.243702 59 195 0
0.506727 -0.182795 0.24399 59 195 0
0.506523 -0.177877 0.244384 59 195 0
0.506337 -0.172952 0.244711 59 195 0
0.50608 -0.168023 0.244872 59 195 0
0.505769 -0.163095 0.244866 59 195 0
0.505474 -0.158166 0.244805 59 195 0
0.505212 -0.153236 0.244676 59 195 0
0.504988 -0.148307 0.244466 59 195 0
0.504679 -0.143386 0.244203 59 195 0
0.504148 -0.13848 0.244253 59 195 0
0.504171 -0.133185 0.244199 59 195 0
0.504147 -0.127947 0.244248 59 195 0
0.504131 -0.122709 0.244274 59 195 0
0.504089 -0.117472 0.244416 59 195 0
0.504003 -0.112238 0.244613 59 195 0
0.503934 -0.107001 0.244747 59 195 0
0.503882 -0.101763 0.244828 59 195 0
0.503819 -0.0965256 0.244912 59 195 0
0.503686 -0.091292 0.245102 59 195 0
0.503573 -0.0860572 0.24526 59 195 0
0.503359 -0.081283 0.245734 59 195 0
0.503038 -0.076246 0.245989 59 195 0
0.502733 -0.0712043 0.246286 59 195 0
0.502572 -0.0661575 0.246605 59 195 0
0.502374 -0.0611023 0.246678 59 195 0
0.502537 -0.0560457 0.246715 59 195 0
0.502682 -0.0509953 0.246447 59 195 0
0.503057 -0.045965 0.246057 59 195 0
0.503388 -0.0409582 0.245408 59 195 0
0.503918 -0.0359788 0.244694 59 195 0
0.504554 -0.0283234 0.243451 59 195 0
0.504649 -0.0232126 0.242531 59 195 0
0.504533 -0.0180557 0.241826 59 195 0
0.504506 -0.0128864 0.241201 59 195 0
0.504383 -0.00770137 0.240747 59 195 0
0.504113 -0.00250699 0.240577 59 195 0
0.50368 0.00267768 0.24073 59 195 0
0.503132 0.00784136 0.241114 60 194 0
0.502509 0.0129821 0.241658 60 194 0
0.501872 0.0181038 0.24235 60 194 0
0.501212 0.0232176 0.243078 60 194 0
0.500447 0.028309 0.243854 60 194 0
0.499373 0.0333612 0.244499 60 194 0
0.49896 0.0381388 0.244933 60 194 0
0.499074 0.0433754 0.244708 60 194 0
0.499102 0.0486161 0.244563 60 194 0
0.499249 0.0538538 0.244384 60 194 0
0.499337 0.0590932 0.244218 60 194 0
0.499365 0.0643357 0.24417 60 194 0
0.499336 0.0695781 0.244221 60 194 0
0.499309 0.0748207 0.244267 60 194 0
0.499255 0.0800624 0.244356 60 194 0
0.501062 0.0813811 0.245526 60 194 0
0.503931 0.0847969 0.247135 60 194 0
0.506843 0.0881544 0.248793 60 194 0
0.50975 0.0915121 0.250459 60 194 0
0.51263 0.0948699 0.25217 60 194 0
0.515549 0.0981456 0.25397 60 194 0
0.518367 0.101516 0.255754 60 194 0
0.517854 0.101568 0.256611 60 194 0
0.571468 0.104526 0.288173 60 194 0
0.571861 0.104442 0.287257 60 194 0
0.574641 0.102422 0.286348 60 194 0
0.578434 0.0998833 0.286663 60 194 0
0.582192 0.0973271 0.287203 60 194 0
0.585676 0.0944677 0.288007 60 194 0
0.589141 0.091646 0.288997 60 194 0
0.590074 0.0867277 0.289907 60 194 0
0.590728 0.08156 0.290766 60 194 0
0.591515 0.0764023 0.291594 60 194 0
0.592393 0.0712741 0.29251 60 194 0
0.593353 0.0661538 0.293386 60 194 0
0.594398 0.0610492 0.294257 60 194 0
0.595354 0.0559194 0.295081 60 194 0
0.596081 0.0507544 0.295852 60 194 0
0.596381 0.0429606 0.296644 60 194 0
0.596002 0.0380448 0.297155 60 194 0
0.59579 0.0331387 0.29781 60 194 0
0.595462 0.0282287 0.298403 60 194 0
0.595132 0.023324 0.299038 60 194 0
0.594835 0.0184144 0.299639 60 194 0
0.594811 0.0135004 0.300288 60 194 0
0.594776 0.0085821 0.300903 61 193 0
0.59478 0.00366391 0.301519 61 193 0
0.594701 -0.00127148 0.301966 61 193 0
0.59479 -0.00621594 0.302282 61 193 0
0.59497 -0.0111652 0.302471 61 193 0
0.59525 -0.0161019 0.302765 61 193 0
0.595196 -0.0210557 0.302865 61 193 0
0.595438 -0.0260652 0.302551 61 193 0
0.595769 -0.0312356 0.301908 61 193 0
0.596363 -0.0364125 0.301575 61 193 0
0.596861 -0.041609 0.30142 61 193 0
0.59718 -0.0468216 0.301473 61 193 0
0.597299 -0.0520352 0.301758 61 193 0
0.597438 -0.0572326 0.302247 61 193 0
0.597209 -0.0624426 0.30253 61 193 0
0.596987 -0.0676528 0.302815 61 193 0
0.596857 -0.0728699 0.302994 61 193 0
0.596771 -0.0783645 0.303188 61 193 0
0.596762 -0.0832622 0.303206 61 193 0
0.597031 -0.0881456 0.303453 61 193 0
0.597311 -0.0930291 0.303703 61 193 0
0.597647 -0.0979114 0.303896 61 193 0
0.598077 -0.102789 0.303948 61 193 0
0.598603 -0.107657 0.303859 61 193 0
0.599117 -0.11251 0.303531 61 193 0
0.599483 -0.11735 0.302874 61 193 0
0.600019 -0.122148 0.302065 61 193 0
0.60082 -0.130181 0.300544 61 193 0
0.601026 -0.134995 0.300178 61 193 0
0.601264 -0.139803 0.299764 61 193 0
0.601475 -0.144612 0.299367 61 193 0
0.60157 -0.14944 0.299226 61 193 0
0.601494 -0.15427 0.299309 61 193 0
0.601358 -0.159097 0.299482 61 193 0
0.601264 -0.163927 0.299598 61 193 0
0.6012 -0.168758 0.299672 61 193 0
0.601181 -0.17359 0.299685 61 193 0
0.601269 -0.17842 0.2996 61 193 0
0.601497 -0.18324 0.299364 61 193 0
0.601784 -0.188052 0.29904 61 193 0
0.602346 -0.1928 0.298351 61 193 0
0.60294 -0.197694 0.297623 61 193 0
0.60304 -0.202938 0.297832 61 193 0
0.603312 -0.208191 0.297911 61 193 0
0.603444 -0.213443 0.298193 61 193 0
0.603535 -0.218696 0.298449 62 192 0
0.603846 -0.223946 0.298562 62 192 0
0.603942 -0.229205 0.298474 62 192 0
0.603962 -0.234465 0.298452 62 192 0
0.603947 -0.239718 0.298738 62 192 0
0.603918 -0.244973 0.298929 62 192 0
0.604103 -0.239787 0.298332 62 192 0
0.603981 -0.235046 0.298431 62 192 0
0.603947 -0.230304 0.298471 62 192 0
0.603884 -0.225562 0.298532 62 192 0
0.603713 -0.220824 0.298509 62 192 0
0.603508 -0.216089 0.298342 62 192 0
0.603441 -0.211352 0.298113 62 192 0
0.603273 -0.206625 0.297775 62 192 0
0.602721 -0.198303 0.297765 62 192 0
0.602166 -0.193522 0.298473 62 192 0
0.601788 -0.188702 0.298985 62 192 0
0.601532 -0.183857 0.299326 62 192 0
0.601283 -0.179007 0.299587 62 192 0
0.60118 -0.174145 0.299685 62 192 0
0.601193 -0.169281 0.29968 62 192 0
0.601255 -0.164417 0.299609 62 192 0
0.601349 -0.159555 0.299493 62 192 0
0.601482 -0.154696 0.299324 62 192 0
0.601564 -0.149833 0.299232 62 192 0
0.601485 -0.144973 0.299353 62 192 0
0.601314 -0.140119 0.299605 62 192 0
0.601113 -0.135266 0.299867 62 192 0
0.600755 -0.129817 0.300316 62 192 0
0.600238 -0.124698 0.301457 62 192 0
0.59965 -0.119551 0.30243 62 192 0
0.599103 -0.114384 0.303316 62 192 0
0.598458 -0.109168 0.303706 62 192 0
0.597825 -0.103936 0.303825 62 192 0
0.597352 -0.0986867 0.303765 62 192 0
0.597017 -0.0934311 0.303539 62 192 0
0.596726 -0.0881748 0.30328 62 192 0
0.596716 -0.082904 0.303313 62 192 0
0.596772 -0.0776462 0.303188 62 192 0
0.596842 -0.0728405 0.303032 62 192 0
0.596766 -0.0680417 0.302743 62 192 0
0.596651 -0.0632533 0.302319 62 192 0
0.596536 -0.0584674 0.301865 62 192 0
0.596404 -0.0536803 0.301428 62 192 0
0.59625 -0.0488867 0.301095 62 192 0
0.596117 -0.044083 0.300979 63 191 0
0.596038 -0.0392764 0.301095 63 191 0
0.595963 -0.0344862 0.301474 63 191 0
0.595497 -0.0265321 0.302472 63 191 0
0.595351 -0.0215742 0.302644 63 191 0
0.595377 -0.0166116 0.302614 63 191 0
0.595303 -0.0116497 0.302621 63 191 0
0.595117 -0.00669284 0.302446 63 191 0
0.595005 -0.00174028 0.302144 63 191 0
0.595098 0.00320439 0.301718 63 191 0
0.595352 0.00813723 0.301226 63 191 0
0.595393 0.0130628 0.300613 63 191 0
0.595417 0.0179843 0.299966 63 191 0
0.595463 0.0228972 0.299258 63 191 0
0.595712 0.0278078 0.298589 63 191 0
0.596129 0.032706 0.29791 63 191 0
0.596059 0.037595 0.297086 63 191 0
0.595831 0.0428175 0.296122 63 191 0
0.595086 0.0480167 0.295431 63 191 0
0.594561 0.0532492 0.294711 63 191 0
0.593972 0.058484 0.294062 63 191 0
0.593321 0.0637182 0.293467 63 191 0
0.592699 0.0689513 0.292835 63 191 0
0.592155 0.0741866 0.292151 63 191 0
0.591629 0.0794208 0.291446 63 191 0
0.590956 0.0846176 0.290687 63 191 0
0.588969 0.0862978 0.289124 63 191 0
0.586036 0.0906769 0.287536 63 191 0
0.582717 0.0949813 0.286756 63 191 0
0.578841 0.098856 0.286419 63 191 0
0.574641 0.102422 0.286348 63 191 0
0.574234 0.102494 0.287258 63 191 0
0.519653 0.103379 0.257813 63 191 0
0.520161 0.103306 0.256955 63 191 0
0.520161 0.103306 0.256955 63 191 0
0.520636 0.10061 0.256862 63 191 0
0.520732 0.0958579 0.25692 63 191 0
0.52093 0.0911137 0.257296 63 191 0
0.521222 0.0864211 0.257989 63 191 0
0.521588 0.0810517 0.25784 63 191 0
0.522169 0.0758166 0.257204 63 191 0
0.522628 0.070555 0.256695 63 191 0
0.523065 0.0652918 0.256183 63 191 0
0.523299 0.060006 0.255784 63 191 0
0.523428 0.054705 0.255591 63 191 0
0.523509 0.0494015 0.255456 63 191 0
0.523653 0.0390816 0.255173 64 190 0
0.523886 0.0340871 0.254753 64 190 0
0.524198 0.0290869 0.254523 64 190 0
0.52449 0.024082 0.254317 64 190 0
0.52481 0.0190811 0.25406 64 190 0
0.525128 0.0140786 0.253832 64 190 0
0.525407 0.00907087 0.253683 64 190 0
0.525628 0.00405876 0.253597 64 190 0
0.525798 -0.000956067 0.253599 64 190 0
0.525928 -0.00597093 0.253707 64 190 0
0.526013 -0.0109848 0.253884 64 190 0
0.525986 -0.0160017 0.25393 64 190 0
0.525867 -0.0210133 0.254145 64 190 0
0.525661 -0.0258988 0.254496 64 190 0
0.525322 -0.0306841 0.255106 64 190 0
0.524908 -0.0354444 0.255856 64 190 0
0.524696 -0.0401818 0.256791 64 190 0
0.524584 -0.0449217 0.257747 64 190 0
0.524518 -0.0496737 0.258645 64 190 0
0.524542 -0.0544448 0.25943 64 190 0
0.524675 -0.0592442 0.26 64 190 0
0.524848 -0.0640641 0.260318 64 190 0
0.524854 -0.0689007 0.260302 64 190 0
0.524886 -0.0737368 0.260237 64 190 0
0.525068 -0.0792152 0.259909 64 190 0
0.525393 -0.084027 0.259336 64 190 0
0.525733 -0.0888361 0.258749 64 190 0
0.526182 -0.0936345 0.258152 64 190 0
0.526593 -0.098436 0.257555 64 190 0
0.526915 -0.103248 0.256985 64 190 0
0.527197 -0.108071 0.256484 64 190 0
0.52744 -0.112903 0.256063 64 190 0
0.527614 -0.117742 0.2557 64 190 0
0.527628 -0.122588 0.255404 64 190 0
0.527933 -0.130573 0.255314 64 190 0
0.527872 -0.13555 0.255277 64 190 0
0.52791 -0.140527 0.255187 64 190 0
0.527964 -0.145501 0.255282 64 190 0
0.528042 -0.15046 0.25568 64 190 0
0.527894 -0.155391 0.256332 64 190 0
0.527698 -0.160278 0.257262 64 190 0
0.527445 -0.165141 0.258298 64 190 0
0.527257 -0.170029 0.259223 64 190 0
0.527249 -0.174973 0.259789 64 190 0
0.527438 -0.17994 0.260031 64 190 0
0.527627 -0.184906 0.25983 65 189 0
0.527775 -0.18986 0.259577 65 189 0
0.52857 -0.194557 0.258175 65 189 0
0.529836 -0.199785 0.25601 65 189 0
0.530197 -0.204953 0.255356 65 189 0
0.530565 -0.210123 0.254718 65 189 0
0.530949 -0.215332 0.254676 65 189 0
0.531218 -0.220546 0.254798 65 189 0
0.531393 -0.225753 0.255139 65 189 0
0.531331 -0.230927 0.255822 65 189 0
0.53102 -0.236039 0.256843 65 189 0
0.530423 -0.241124 0.257874 65 189 0
0.529611 -0.246091 0.259256 65 189 0
0.530549 -0.240665 0.25767 65 189 0
0.530846 -0.236066 0.256724 65 189 0
0.531031 -0.231435 0.255844 65 189 0
0.531127 -0.226768 0.255188 65 189 0
0.531051 -0.22207 0.254803 65 189 0
0.530839 -0.217359 0.254645 65 189 0
0.53062 -0.212647 0.254603 65 189 0
0.530592 -0.20793 0.254646 65 189 0
0.529634 -0.200099 0.256278 65 189 0
0.528643 -0.195546 0.25805 65 189 0
0.528024 -0.190733 0.259144 65 189 0
0.527626 -0.185802 0.259756 65 189 0
0.527209 -0.180834 0.259912 65 189 0
0.526981 -0.175855 0.25973 65 189 0
0.526974 -0.170896 0.259194 65 189 0
0.527257 -0.166002 0.258289 65 189 0
0.527521 -0.161128 0.257263 65 189 0
0.527726 -0.156235 0.256316 65 189 0
0.527807 -0.151304 0.255581 65 189 0
0.527881 -0.146334 0.255234 65 189 0
0.52796 -0.141349 0.255141 65 189 0
0.527729 -0.13637 0.255238 65 189 0
0.527688 -0.131214 0.255088 65 189 0
0.527624 -0.126465 0.2553 65 189 0
0.527565 -0.121714 0.255449 65 189 0
0.527426 -0.116969 0.2557 65 189 0
0.527223 -0.112233 0.256052 65 189 0
0.526978 -0.107505 0.256472 65 189 0
0.526696 -0.102785 0.256963 65 189 0
0.526381 -0.0980752 0.257527 65 189 0
0.526036 -0.0933742 0.258144 65 189 0
0.525713 -0.0886772 0.258801 65 189 0
0.525374 -0.0839732 0.259397 66 188 0
0.525061 -0.0785078 0.259915 66 188 0
0.524983 -0.0736835 0.260066 66 188 0
0.524595 -0.0688732 0.260085 66 188 0
0.524237 -0.0640622 0.259942 66 188 0
0.524 -0.0592572 0.259572 66 188 0
0.523896 -0.0544684 0.258986 66 188 0
0.523886 -0.0496997 0.25824 66 188 0
0.524026 -0.0449495 0.25741 66 188 0
0.524484 -0.0402131 0.256599 66 188 0
0.525009 -0.0355056 0.255668 66 188 0
0.525573 -0.0271733 0.25464 66 188 0
0.525768 -0.0223216 0.254313 66 188 0
0.525927 -0.017464 0.254051 66 188 0
0.52607 -0.0126057 0.2538 66 188 0
0.526114 -0.00774228 0.253644 66 188 0
0.525946 -0.00287908 0.253544 66 188 0
0.525734 0.00198356 0.253531 66 188 0
0.525503 0.00684538 0.253541 66 188 0
0.525242 0.0117051 0.253611 66 188 0
0.524908 0.0165569 0.253808 66 188 0
0.524533 0.0214023 0.254074 66 188 0
0.524179 0.0262502 0.254327 66 188 0
0.523948 0.0311021 0.254623 66 188 0
0.523701 0.0359441 0.255049 66 188 0
0.523497 0.0414509 0.255445 66 188 0
0.5235 0.0467127 0.255434 66 188 0
0.523444 0.0519737 0.255521 66 188 0
0.523394 0.057234 0.255637 66 188 0
0.523208 0.0624837 0.255943 66 188 0
0.522933 0.0677163 0.256424 66 188 0
0.522468 0.0729309 0.256954 66 188 0
0.522 0.0781321 0.257593 66 188 0
0.521679 0.0804911 0.257921 66 188 0
0.521185 0.0855146 0.257774 66 188 0
0.52089 0.0905357 0.25736 66 188 0
0.520708 0.0955689 0.256954 66 188 0
0.520636 0.10061 0.256862 66 188 0
0.520124 0.100669 0.257719 66 188 0
0.571468 0.104526 0.288173 66 188 0
0.571861 0.104442 0.287257 66 188 0
0.572483 0.1026 0.285682 66 188 0
0.573672 0.0984407 0.283911 66 188 0
0.574736 0.0941613 0.282364 66 188 0
0.57566 0.0897674 0.281071 66 188 0
0.575849 0.0844763 0.280804 67 187 0
0.575795 0.0797164 0.28088 67 187 0
0.575657 0.0749603 0.281062 67 187 0
0.57542 0.070218 0.281397 67 187 0
0.575093 0.0654912 0.281865 67 187 0
0.574694 0.0607814 0.282434 67 187 0
0.574226 0.0560915 0.283111 67 187 0
0.573693 0.0514234 0.283884 67 187 0
0.572698 0.0414137 0.285927 67 187 0
0.572685 0.0364278 0.286853 67 187 0
0.572491 0.0313991 0.287485 67 187 0
0.572359 0.0263641 0.288088 67 187 0
0.57237 0.021308 0.288496 67 187 0
0.572488 0.0162374 0.288581 67 187 0
0.572834 0.011177 0.288516 67 187 0
0.573153 0.00612791 0.288146 67 187 0
0.573451 0.00109714 0.287566 67 187 0
0.573818 -0.0039185 0.286902 67 187 0
0.574289 -0.00892331 0.286222 67 187 0
0.574858 -0.0138687 0.285248 67 187 0
0.575465 -0.0188236 0.284359 67 187 0
0.575699 -0.0264411 0.283789 67 187 0
0.575395 -0.0314321 0.284561 67 187 0
0.575379 -0.0363903 0.285556 67 187 0
0.575217 -0.0413583 0.286497 67 187 0
0.574994 -0.0463086 0.287523 67 187 0
0.574777 -0.0512757 0.288465 67 187 0
0.574599 -0.0562698 0.289255 67 187 0
0.574534 -0.0612905 0.289877 67 187 0
0.574358 -0.066316 0.290411 67 187 0
0.574255 -0.0713704 0.290559 67 187 0
0.574491 -0.0771573 0.290248 67 187 0
0.575012 -0.0820278 0.289471 67 187 0
0.575497 -0.0869237 0.288847 67 187 0
0.57612 -0.0918243 0.288405 67 187 0
0.576734 -0.0967292 0.288 67 187 0
0.577271 -0.101651 0.287701 67 187 0
0.577758 -0.106582 0.2875 67 187 0
0.578226 -0.111517 0.287331 67 187 0
0.578603 -0.116441 0.286874 67 187 0
0.578956 -0.121368 0.286427 67 187 0
0.579658 -0.129103 0.285446 67 187 0
0.579938 -0.133993 0.285045 67 187 0
0.58017 -0.138891 0.284713 67 187 0
0.580318 -0.143797 0.284499 67 187 0
0.58023 -0.148702 0.284612 68 186 0
0.579838 -0.153569 0.285168 68 186 0
0.579417 -0.158408 0.285918 68 186 0
0.578932 -0.163223 0.286777 68 186 0
0.578467 -0.168049 0.287585 68 186 0
0.577958 -0.172881 0.288328 68 186 0
0.577524 -0.177735 0.288963 68 186 0
0.577228 -0.182622 0.289373 68 186 0
0.577122 -0.187526 0.289616 68 186 0
0.577211 -0.192422 0.289201 68 186 0
0.577361 -0.197486 0.28858 68 186 0
0.577771 -0.202207 0.28863 68 186 0
0.578335 -0.206925 0.288567 68 186 0
0.578878 -0.211646 0.288476 68 186 0
0.579455 -0.216363 0.288362 68 186 0
0.580059 -0.221075 0.288195 68 186 0
0.58055 -0.225796 0.287981 68 186 0
0.580823 -0.230536 0.287771 68 186 0
0.580883 -0.235285 0.287686 68 186 0
0.580783 -0.240035 0.287839 68 186 0
0.580696 -0.244778 0.288109 68 186 0
0.580839 -0.238887 0.287499 68 186 0
0.580776 -0.234133 0.287589 68 186 0
0.580643 -0.229383 0.287785 68 186 0
0.580437 -0.224639 0.288054 68 186 0
0.580039 -0.219908 0.288294 68 186 0
0.579493 -0.215185 0.288455 68 186 0
0.578938 -0.210463 0.288585 68 186 0
0.578304 -0.205752 0.288579 68 186 0
0.57741 -0.197926 0.288702 68 186 0
0.577269 -0.193055 0.289243 68 186 0
0.577188 -0.188161 0.289472 68 186 0
0.577178 -0.18326 0.289446 68 186 0
0.577408 -0.178375 0.289148 68 186 0
0.577833 -0.173531 0.288524 68 186 0
0.578344 -0.168711 0.287789 68 186 0
0.578808 -0.163897 0.286983 68 186 0
0.579291 -0.159093 0.286131 68 186 0
0.579716 -0.154268 0.285372 68 186 0
0.58011 -0.149416 0.284797 68 186 0
0.580286 -0.144529 0.284551 68 186 0
0.580297 -0.139627 0.284532 68 186 0
0.580069 -0.13474 0.284859 68 186 0
0.579745 -0.12987 0.285288 68 186 0
0.57928 -0.124763 0.285937 68 186 0
0.578868 -0.119643 0.286515 69 185 0
0.578462 -0.114521 0.287074 69 185 0
0.57794 -0.109383 0.287301 69 185 0
0.577436 -0.104241 0.287472 69 185 0
0.576911 -0.0991056 0.287749 69 185 0
0.576301 -0.0939867 0.288133 69 185 0
0.575647 -0.0888781 0.288573 69 185 0
0.575134 -0.0837944 0.289344 69 185 0
0.574626 -0.0790711 0.290031 69 185 0
0.574436 -0.0739865 0.290309 69 185 0
0.574266 -0.0688993 0.29055 69 185 0
0.574348 -0.0638065 0.290427 69 185 0
0.574615 -0.0587341 0.29003 69 185 0
0.574666 -0.0537124 0.289168 69 185 0
0.574875 -0.0487231 0.288154 69 185 0
0.575149 -0.0437729 0.286977 69 185 0
0.575309 -0.0388212 0.285786 69 185 0
0.575512 -0.0338813 0.284626 69 185 0
0.575697 -0.0258999 0.283788 69 185 0
0.575443 -0.0210337 0.284458 69 185 0
0.575013 -0.016181 0.285138 69 185 0
0.574628 -0.0113144 0.285742 69 185 0
0.574171 -0.00648423 0.286561 69 185 0
0.573663 -0.00167274 0.287456 69 185 0
0.573256 0.00317025 0.288225 69 185 0
0.572921 0.00805551 0.288704 69 185 0
0.572702 0.0129614 0.289003 69 185 0
0.572574 0.0178786 0.28908 69 185 0
0.57246 0.0227882 0.288832 69 185 0
0.572498 0.0276729 0.288268 69 185 0
0.572632 0.0325508 0.287637 69 185 0
0.572669 0.0374075 0.286853 69 185 0
0.57241 0.0420788 0.285655 69 185 0
0.573048 0.0471436 0.284729 69 185 0
0.573719 0.0521997 0.283781 69 185 0
0.574318 0.0572781 0.282907 69 185 0
0.574838 0.0623889 0.282185 69 185 0
0.575283 0.0675223 0.281583 69 185 0
0.575599 0.0726804 0.281128 69 185 0
0.575789 0.0778581 0.280876 69 185 0
0.575886 0.0830423 0.280738 69 185 0
0.575892 0.0857776 0.28072 69 185 0
0.575213 0.0911663 0.281743 69 185 0
0.574196 0.0963888 0.28324 69 185 0
0.572878 0.101404 0.285155 69 185 0
0.572481 0.101501 0.286067 70 184 0
0.519653 0.103379 0.257813 70 184 0
0.520161 0.103306 0.256955 70 184 0
0.518367 0.101516 0.255754 70 184 0
0.515037 0.0985328 0.253645 70 184 0
0.511687 0.0955667 0.251549 70 184 0
0.508218 0.0927596 0.249414 70 184 0
0.504705 0.089976 0.247322 70 184 0
0.501192 0.087131 0.245322 70 184 0
0.501118 0.0822186 0.245437 70 184 0
0.501158 0.0770534 0.245369 70 184 0
0.500816 0.0719048 0.245137 70 184 0
0.500485 0.0667573 0.244856 70 184 0
0.50012 0.0616094 0.244632 70 184 0
0.499685 0.056463 0.244531 70 184 0
0.4992 0.0513202 0.244496 70 184 0
0.499052 0.0461632 0.244742 70 184 0
0.499166 0.0384977 0.244905 70 184 0
0.500102 0.0334381 0.244512 70 184 0
0.500815 0.0283681 0.243862 70 184 0
0.501477 0.0232881 0.243229 70 184 0
0.502133 0.018219 0.242508 70 184 0
0.502763 0.0131423 0.241819 70 184 0
0.50338 0.00804617 0.241282 70 184 0
0.503922 0.00292684 0.240906 70 184 0
0.504358 -0.00221148 0.240738 70 184 0
0.504636 -0.00736073 0.240886 70 184 0
0.504767 -0.0125016 0.241321 70 184 0
0.504943 -0.0176289 0.241881 70 184 0
0.505018 -0.0227334 0.242551 70 184 0
0.504545 -0.0280244 0.243466 70 184 0
0.504171 -0.0327884 0.244181 70 184 0
0.503769 -0.0375399 0.244961 70 184 0
0.503405 -0.0423053 0.24567 70 184 0
0.503031 -0.0470937 0.246185 70 184 0
0.502769 -0.0519028 0.246554 70 184 0
0.502593 -0.0567262 0.246716 70 184 0
0.502512 -0.0615559 0.246693 70 184 0
0.502583 -0.0663846 0.246568 70 184 0
0.502751 -0.0712059 0.246307 70 184 0
0.502899 -0.0760268 0.246059 70 184 0
0.503359 -0.081283 0.245734 70 184 0
0.50352 -0.0861584 0.245421 70 184 0
0.503656 -0.0910387 0.245161 70 184 0
0.503779 -0.0959223 0.244967 70 184 0
0.503861 -0.100809 0.244852 71 183 0
0.503919 -0.105697 0.244762 71 183 0
0.503986 -0.110584 0.244645 71 183 0
0.504066 -0.11547 0.244486 71 183 0
0.504133 -0.120356 0.244322 71 183 0
0.504224 -0.12524 0.244101 71 183 0
0.504137 -0.133063 0.244263 71 183 0
0.504333 -0.13798 0.244138 71 183 0
0.504741 -0.142884 0.24425 71 183 0
0.504966 -0.1478 0.244441 71 183 0
0.505185 -0.152715 0.244659 71 183 0
0.505443 -0.157631 0.244798 71 183 0
0.505733 -0.162546 0.244861 71 183 0
0.506063 -0.16746 0.2449 71 183 0
0.50648 -0.172367 0.24491 71 183 0
0.506665 -0.177278 0.244584 71 183 0
0.507083 -0.182178 0.244332 71 183 0
0.507459 -0.187081 0.244064 71 183 0
0.507942 -0.191961 0.243637 71 183 0
0.508577 -0.196827 0.243222 71 183 0
0.508127 -0.201998 0.242922 71 183 0
0.507819 -0.207022 0.242897 71 183 0
0.507068 -0.21199 0.242597 71 183 0
0.506602 -0.216999 0.242414 71 183 0
0.506228 -0.222015 0.242209 71 183 0
0.505822 -0.227028 0.241993 71 183 0
0.505029 -0.231985 0.24162 71 183 0
0.504609 -0.236998 0.241435 71 183 0
0.50427 -0.242014 0.241169 71 183 0
0.503524 -0.246968 0.240704 71 183 0
0.504088 -0.24157 0.24122 71 183 0
0.504602 -0.236263 0.241432 71 183 0
0.505379 -0.230998 0.24182 71 183 0
0.506152 -0.225731 0.242192 71 183 0
0.506778 -0.220446 0.242581 71 183 0
0.507475 -0.215169 0.242963 71 183 0
0.508144 -0.209903 0.243414 71 183 0
0.508124 -0.202458 0.242923 71 183 0
0.507795 -0.197539 0.243051 71 183 0
0.507413 -0.192634 0.243459 71 183 0
0.507071 -0.187713 0.243702 71 183 0
0.506727 -0.182795 0.24399 71 183 0
0.506523 -0.177877 0.244384 71 183 0
0.506337 -0.172952 0.244711 71 183 0
0.50608 -0.168023 0.244872 71 183 0
0.505769 -0.163095 0.244866 72 182 0
0.505474 -0.158166 0.244805 72 182 0
0.505212 -0.153236 0.244676 72 182 0
0.504988 -0.148307 0.244466 72 182 0
0.504679 -0.143386 0.244203 72 182 0
0.504148 -0.13848 0.244253 72 182 0
0.504171 -0.133185 0.244199 72 182 0
0.504147 -0.127947 0.244248 72 182 0
0.504131 -0.122709 0.244274 72 182 0
0.504089 -0.117472 0.244416 72 182 0
0.504003 -0.112238 0.244613 72 182 0
0.503934 -0.107001 0.244747 72 182 0
0.503882 -0.101763 0.244828 72 182 0
0.503819 -0.0965256 0.244912 72 182 0
0.503686 -0.091292 0.245102 72 182 0
0.503573 -0.0860572 0.24526 72 182 0
0.503359 -0.081283 0.245734 72 182 0
0.503038 -0.076246 0.245989 72 182 0
0.502733 -0.0712043 0.246286 72 182 0
0.502572 -0.0661575 0.246605 72 182 0
0.502374 -0.0611023 0.246678 72 182 0
0.502537 -0.0560457 0.246715 72 182 0
0.502682 -0.0509953 0.246447 72 182 0
0.503057 -0.045965 0.246057 72 182 0
0.503388 -0.0409582 0.245408 72 182 0
0.503918 -0.0359788 0.244694 72 182 0
0.504554 -0.0283234 0.243451 72 182 0
0.504649 -0.0232126 0.242531 72 182 0
0.504533 -0.0180557 0.241826 72 182 0
0.504506 -0.0128864 0.241201 72 182 0
0.504383 -0.00770137 0.240747 72 182 0
0.504113 -0.00250699 0.240577 72 182 0
0.50368 0.00267768 0.24073 72 182 0
0.503132 0.00784136 0.241114 72 182 0
0.502509 0.0129821 0.241658 72 182 0
0.501872 0.0181038 0.24235 72 182 0
0.501212 0.0232176 0.243078 72 182 0
0.500447 0.028309 0.243854 72 182 0
0.499373 0.0333612 0.244499 72 182 0
0.49896 0.0381388 0.244933 72 182 0
0.499074 0.0433754 0.244708 72 182 0
0.499102 0.0486161 0.244563 72 182 0
0.499249 0.0538538 0.244384 72 182 0
0.499337 0.0590932 0.244218 72 182 0
0.499365 0.0643357 0.24417 72 182 0
0.499336 0.0695781 0.244221 73 181 0
0.499309 0.0748207 0.244267 73 181 0
0.499255 0.0800624 0.244356 73 181 0
0.501062 0.0813811 0.245526 73 181 0
0.503931 0.0847969 0.247135 73 181 0
0.506843 0.0881544 0.248793 73 181 0
0.50975 0.0915121 0.250459 73 181 0
0.51263 0.0948699 0.25217 73 181 0
0.515549 0.0981456 0.25397 73 181 0
0.518367 0.101516 0.255754 73 181 0
0.517854 0.101568 0.256611 73 181 0
0.571468 0.104526 0.288173 73 181 0
0.571861 0.104442 0.287257 73 181 0
0.574641 0.102422 0.286348 73 181 0
0.578434 0.0998833 0.286663 73 181 0
0.582192 0.0973271 0.287203 73 181 0
0.585676 0.0944677 0.288007 73 181 0
0.589141 0.091646 0.288997 73 181 0
0.590074 0.0867277 0.289907 73 181 0
0.590728 0.08156 0.290766 73 181 0
0.591515 0.0764023 0.291594 73 181 0
0.592393 0.0712741 0.29251 73 181 0
0.593353 0.0661538 0.293386 73 181 0
0.594398 0.0610492 0.294257 73 181 0
0.595354 0.0559194 0.295081 73 181 0
0.596081 0.0507544 0.295852 73 181 0
0.596381 0.0429606 0.296644 73 181 0
0.596002 0.0380448 0.297155 73 181 0
0.59579 0.0331387 0.29781 73 181 0
0.595462 0.0282287 0.298403 73 181 0
0.595132 0.023324 0.299038 73 181 0
0.594835 0.0184144 0.299639 73 181 0
0.594811 0.0135004 0.300288 73 181 0
0.594776 0.0085821 0.300903 73 181 0
0.59478 0.00366391 0.301519 73 181 0
0.594701 -0.00127148 0.301966 73 181 0
0.59479 -0.00621594 0.302282 73 181 0
0.59497 -0.0111652 0.302471 73 181 0
0.59525 -0.0161019 0.302765 73 181 0
0.595196 -0.0210557 0.302865 73 181 0
0.595438 -0.0260652 0.302551 73 181 0
0.595769 -0.0312356 0.301908 73 181 0
0.596363 -0.0364125 0.301575 73 181 0
0.596861 -0.041609 0.30142 73 181 0
0.59718 -0.0468216 0.301473 73 181 0
0.597299 -0.0520352 0.301758 74 180 0
0.597438 -0.0572326 0.302247 74 180 0
0.597209 -0.0624426 0.30253 74 180 0
0.596987 -0.0676528 0.302815 74 180 0
0.596857 -0.0728699 0.302994 74 180 0
0.596771 -0.0783645 0.303188 74 180 0
0.596762 -0.0832622 0.303206 74 180 0
0.597031 -0.0881456 0.303453 74 180 0
0.597311 -0.0930291 0.303703 74 180 0
0.597647 -0.0979114 0.303896 74 180 0
0.598077 -0.102789 0.303948 74 180 0
0.598603 -0.107657 0.303859 74 180 0
0.599117 -0.11251 0.303531 74 180 0
0.599483 -0.11735 0.302874 74 180 0
0.600019 -0.122148 0.302065 74 180 0
0.60082 -0.130181 0.300544 74 180 0
0.601026 -0.134995 0.300178 74 180 0
0.601264 -0.139803 0.299764 74 180 0
0.601475 -0.144612 0.299367 74 180 0
0.60157 -0.14944 0.299226 74 180 0
0.601494 -0.15427 0.299309 74 180 0
0.601358 -0.159097 0.299482 74 180 0
0.601264 -0.163927 0.299598 74 180 0
0.6012 -0.168758 0.299672 74 180 0
0.601181 -0.17359 0.299685 74 180 0
0.601269 -0.17842 0.2996 74 180 0
0.601497 -0.18324 0.299364 74 180 0
0.601784 -0.188052 0.29904 74 180 0
0.602346 -0.1928 0.298351 74 180 0
0.60294 -0.197694 0.297623 74 180 0
0.60304 -0.202938 0.297832 74 180 0
0.603312 -0.208191 0.297911 74 180 0
0.603444 -0.213443 0.298193 74 180 0
0.603535 -0.218696 0.298449 74 180 0
0.603846 -0.223946 0.298562 74 180 0
0.603942 -0.229205 0.298474 74 180 0
0.603962 -0.234465 0.298452 74 180 0
0.603947 -0.239718 0.298738 74 180 0
0.603918 -0.244973 0.298929 74 180 0
0.604103 -0.239787 0.298332 74 180 0
0.603981 -0.235046 0.298431 74 180 0
0.603947 -0.230304 0.298471 74 180 0
0.603884 -0.225562 0.298532 74 180 0
0.603713 -0.220824 0.298509 74 180 0
0.603508 -0.216089 0.298342 74 180 0
0.603441 -0.211352 0.298113 75 179 0
0.603273 -0.206625 0.297775 75 179 0
0.602721 -0.198303 0.297765 75 179 0
0.602166 -0.193522 0.298473 75 179 0
0.601788 -0.188702 0.298985 75 179 0
0.601532 -0.183857 0.299326 75 179 0
0.601283 -0.179007 0.299587 75 179 0
0.60118 -0.174145 0.299685 75 179 0
0.601193 -0.169281 0.29968 75 179 0
0.601255 -0.164417 0.299609 75 179 0
0.601349 -0.159555 0.299493 75 179 0
0.601482 -0.154696 0.299324 75 179 0
0.601564 -0.149833 0.299232 75 179 0
0.601485 -0.144973 0.299353 75 179 0
0.601314 -0.140119 0.299605 75 179 0
0.601113 -0.135266 0.299867 75 179 0
0.600755 -0.129817 0.300316 75 179 0
0.600238 -0.124698 0.301457 75 179 0
0.59965 -0.119551 0.30243 75 179 0
0.599103 -0.114384 0.303316 75 179 0
0.598458 -0.109168 0.303706 75 179 0
0.597825 -0.103936 0.303825 75 179 0
0.597352 -0.0986867 0.303765 75 179 0
0.597017 -0.0934311 0.303539 75 179 0
0.596726 -0.0881748 0.30328 75 179 0
0.596716 -0.082904 0.303313 75 179 0
0.596772 -0.0776462 0.303188 75 179 0
0.596842 -0.0728405 0.303032 75 179 0
0.596766 -0.0680417 0.302743 75 179 0
0.596651 -0.0632533 0.302319 75 179 0
0.596536 -0.0584674 0.301865 75 179 0
0.596404 -0.0536803 0.301428 75 179 0
0.59625 -0.0488867 0.301095 75 179 0
0.596117 -0.044083 0.300979 75 179 0
0.596038 -0.0392764 0.301095 75 179 0
0.595963 -0.0344862 0.301474 75 179 0
0.595497 -0.0265321 0.302472 75 179 0
0.595351 -0.0215742 0.302644 75 179 0
0.595377 -0.0166116 0.302614 75 179 0
0.595303 -0.0116497 0.302621 75 179 0
0.595117 -0.00669284 0.302446 75 179 0
0.595005 -0.00174028 0.302144 75 179 0
0.595098 0.00320439 0.301718 75 179 0
0.595352 0.00813723 0.301226 75 179 0
0.595393 0.0130628 0.300613 75 179 0
0.595417 0.0179843 0.299966 76 178 0
0.595463 0.0228972 0.299258 76 178 0
0.595712 0.0278078 0.298589 76 178 0
0.596129 0.032706 0.29791 76 178 0
0.596059 0.037595 0.297086 76 178 0
0.595831 0.0428175 0.296122 76 178 0
0.595086 0.0480167 0.295431 76 178 0
0.594561 0.0532492 0.294711 76 178 0
0.593972 0.058484 0.294062 76 178 0
0.593321 0.0637182 0.293467 76 178 0
0.592699 0.0689513 0.292835 76 178 0
0.592155 0.0741866 0.292151 76 178 0
0.591629 0.0794208 0.291446 76 178 0
0.590956 0.0846176 0.290687 76 178 0
0.588969 0.0862978 0.289124 76 178 0
0.586036 0.0906769 0.287536 76 178 0
0.582717 0.0949813 0.286756 76 178 0
0.578841 0.098856 0.286419 76 178 0
0.574641 0.102422 0.286348 76 178 0
0.574234 0.102494 0.287258 76 178 0
0.519653 0.103379 0.257813 76 178 0
0.520161 0.103306 0.256955 76 178 0
0.520161 0.103306 0.256955 76 178 0
0.520636 0.10061 0.256862 76 178 0
0.520732 0.0958579 0.25692 76 178 0
0.52093 0.0911137 0.257296 76 178 0
0.521222 0.0864211 0.257989 76 178 0
0.521588 0.0810517 0.25784 76 178 0
0.522169 0.0758166 0.257204 76 178 0
0.522628 0.070555 0.256695 76 178 0
0.523065 0.0652918 0.256183 76 178 0
0.523299 0.060006 0.255784 76 178 0
0.523428 0.054705 0.255591 76 178 0
0.523509 0.0494015 0.255456 76 178 0
0.523653 0.0390816 0.255173 76 178 0
0.523886 0.0340871 0.254753 76 178 0
0.524198 0.0290869 0.254523 76 178 0
0.52449 0.024082 0.254317 76 178 0
0.52481 0.0190811 0.25406 76 178 0
0.525128 0.0140786 0.253832 76 178 0
0.525407 0.00907087 0.253683 76 178 0
0.525628 0.00405876 0.253597 76 178 0
0.525798 -0.000956067 0.253599 76 178 0
0.525928 -0.00597093 0.253707 76 178 0
0.526013 -0.0109848 0.253884 76 178 0
0.525986 -0.0160017 0.25393 77 177 0
0.525867 -0.0210133 0.254145 77 177 0
0.525661 -0.0258988 0.254496 77 177 0
0.525322 -0.0306841 0.255106 77 177 0
0.524908 -0.0354444 0.255856 77 177 0
0.524696 -0.0401818 0.256791 77 177 0
0.524584 -0.0449217 0.257747 77 177 0
0.524518 -0.0496737 0.258645 77 177 0
0.524542 -0.0544448 0.25943 77 177 0
0.524675 -0.0592442 0.26 77 177 0
0.524848 -0.0640641 0.260318 77 177 0
0.524854 -0.0689007 0.260302 77 177 0
0.524886 -0.0737368 0.260237 77 177 0
0.525068 -0.0792152 0.259909 77 177 0
0.525393 -0.084027 0.259336 77 177 0
0.525733 -0.0888361 0.258749 77 177 0
0.526182 -0.0936345 0.258152 77 177 0
0.526593 -0.098436 0.257555 77 177 0
0.526915 -0.103248 0.256985 77 177 0
0.527197 -0.108071 0.256484 77 177 0
0.52744 -0.112903 0.256063 77 177 0
0.527614 -0.117742 0.2557 77 177 0
0.527628 -0.122588 0.255404 77 177 0
0.527933 -0.130573 0.255314 77 177 0
0.527872 -0.13555 0.255277 77 177 0
0.52791 -0.140527 0.255187 77 177 0
0.527964 -0.145501 0.255282 77 177 0
0.528042 -0.15046 0.25568 77 177 0
0.527894 -0.155391 0.256332 77 177 0
0.527698 -0.160278 0.257262 77 177 0
0.527445 -0.165141 0.258298 77 177 0
0.527257 -0.170029 0.259223 77 177 0
0.527249 -0.174973 0.259789 77 177 0
0.527438 -0.17994 0.260031 77 177 0
0.527627 -0.184906 0.25983 77 177 0
0.527775 -0.18986 0.259577 77 177 0
0.52857 -0.194557 0.258175 77 177 0
0.529836 -0.199785 0.25601 77 177 0
0.530197 -0.204953 0.255356 77 177 0
0.530565 -0.210123 0.254718 77 177 0
0.530949 -0.215332 0.254676 77 177 0
0.531218 -0.220546 0.254798 77 177 0
0.531393 -0.225753 0.255139 77 177 0
0.531331 -0.230927 0.255822 77 177 0
0.53102 -0.236039 0.256843 77 177 0
0.530423 -0.241124 0.257874 78 176 0
0.529611 -0.246091 0.259256 78 176 0
0.530549 -0.240665 0.25767 78 176 0
0.530846 -0.236066 0.256724 78 176 0
0.531031 -0.231435 0.255844 78 176 0
0.531127 -0.226768 0.255188 78 176 0
0.531051 -0.22207 0.254803 78 176 0
0.530839 -0.217359 0.254645 78 176 0
0.53062 -0.212647 0.254603 78 176 0
0.530592 -0.20793 0.254646 78 176 0
0.529634 -0.200099 0.256278 78 176 0
0.528643 -0.195546 0.25805 78 176 0
0.528024 -0.190733 0.259144 78 176 0
0.527626 -0.185802 0.259756 78 176 0
0.527209 -0.180834 0.259912 78 176 0
0.526981 -0.175855 0.25973 78 176 0
0.526974 -0.170896 0.259194 78 176 0
0.527257 -0.166002 0.258289 78 176 0
0.527521 -0.161128 0.257263 78 176 0
0.527726 -0.156235 0.256316 78 176 0
0.527807 -0.151304 0.255581 78 176 0
0.527881 -0.146334 0.255234 78 176 0
0.52796 -0.141349 0.255141 78 176 0
0.527729 -0.13637 0.255238 78 176 0
0.527688 -0.131214 0.255088 78 176 0
0.527624 -0.126465 0.2553 78 176 0
0.527565 -0.121714 0.255449 78 176 0
0.527426 -0.116969 0.2557 78 176 0
0.527223 -0.112233 0.256052 78 176 0
0.526978 -0.107505 0.256472 78 176 0
0.526696 -0.102785 0.256963 78 176 0
0.526381 -0.0980752 0.257527 78 176 0
0.526036 -0.0933742 0.258144 78 176 0
0.525713 -0.0886772 0.258801 78 176 0
0.525374 -0.0839732 0.259397 78 176 0
0.525061 -0.0785078 0.259915 78 176 0
0.524983 -0.0736835 0.260066 78 176 0
0.524595 -0.0688732 0.260085 78 176 0
0.524237 -0.0640622 0.259942 78 176 0
0.524 -0.0592572 0.259572 78 176 0
0.523896 -0.0544684 0.258986 78 176 0
0.523886 -0.0496997 0.25824 78 176 0
0.524026 -0.0449495 0.25741 78 176 0
0.524484 -0.0402131 0.256599 78 176 0
0.525009 -0.0355056 0.255668 78 176 0
0.525573 -0.0271733 0.25464 79 175 0
0.525768 -0.0223216 0.254313 79 175 0
0.525927 -0.017464 0.254051 79 175 0
0.52607 -0.0126057 0.2538 79 175 0
0.526114 -0.00774228 0.253644 79 175 0
0.525946 -0.00287908 0.253544 79 175 0
0.525734 0.00198356 0.253531 79 175 0
0.525503 0.00684538 0.253541 79 175 0
0.525242 0.0117051 0.253611 79 175 0
0.524908 0.0165569 0.253808 79 175 0
0.524533 0.0214023 0.254074 79 175 0
0.524179 0.0262502 0.254327 79 175 0
0.523948 0.0311021 0.254623 79 175 0
0.523701 0.0359441 0.255049 79 175 0
0.523497 0.0414509 0.255445 79 175 0
0.5235 0.0467127 0.255434 79 175 0
0.523444 0.0519737 0.255521 79 175 0
0.523394 0.057234 0.255637 79 175 0
0.523208 0.0624837 0.255943 79 175 0
0.522933 0.0677163 0.256424 79 175 0
0.522468 0.0729309 0.256954 79 175 0
0.522 0.0781321 0.257593 79 175 0
0.521679 0.0804911 0.257921 79 175 0
0.521185 0.0855146 0.257774 79 175 0
0.52089 0.0905357 0.25736 79 175 0
0.520708 0.0955689 0.256954 79 175 0
0.520636 0.10061 0.256862 79 175 0
0.520124 0.100669 0.257719 79 175 0
0.571468 0.104526 0.288173 79 175 0
0.571861 0.104442 0.287257 79 175 0
0.572483 0.1026 0.285682 79 175 0
0.573672 0.0984407 0.283911 79 175 0
0.574736 0.0941613 0.282364 79 175 0
0.57566 0.0897674 0.281071 79 175 0
0.575849 0.0844763 0.280804 79 175 0
0.575795 0.0797164 0.28088 79 175 0
0.575657 0.0749603 0.281062 79 175 0
0.57542 0.070218 0.281397 79 175 0
0.575093 0.0654912 0.281865 79 175 0
0.574694 0.0607814 0.282434 79 175 0
0.574226 0.0560915 0.283111 79 175 0
0.573693 0.0514234 0.283884 79 175 0
0.572698 0.0414137 0.285927 79 175 0
0.572685 0.0364278 0.286853 79 175 0
0.572491 0.0313991 0.287485 79 175 0
0.572359 0.0263641 0.288088 80 174 0
0.57237 0.021308 0.288496 80 174 0
0.572488 0.0162374 0.288581 80 174 0
0.572834 0.011177 0.288516 80 174 0
0.573153 0.00612791 0.288146 80 174 0
0.573451 0.00109714 0.287566 80 174 0
0.573818 -0.0039185 0.286902 80 174 0
0.574289 -0.00892331 0.286222 80 174 0
0.574858 -0.0138687 0.285248 80 174 0
0.575465 -0.0188236 0.284359 80 174 0
0.575699 -0.0264411 0.283789 80 174 0
0.575395 -0.0314321 0.284561 80 174 0
0.575379 -0.0363903 0.285556 80 174 0
0.575217 -0.0413583 0.286497 80 174 0
0.574994 -0.0463086 0.287523 80 174 0
0.574777 -0.0512757 0.288465 80 174 0
0.574599 -0.0562698 0.289255 80 174 0
0.574534 -0.0612905 0.289877 80 174 0
0.574358 -0.066316 0.290411 80 174 0
0.574255 -0.0713704 0.290559 80 174 0
0.574491 -0.0771573 0.290248 80 174 0
0.575012 -0.0820278 0.289471 80 174 0
0.575497 -0.0869237 0.288847 80 174 0
0.57612 -0.0918243 0.288405 80 174 0
0.576734 -0.0967292 0.288 80 174 0
0.577271 -0.101651 0.287701 80 174 0
0.577758 -0.106582 0.2875 80 174 0
0.578226 -0.111517 0.287331 80 174 0
0.578603 -0.116441 0.286874 80 174 0
0.578956 -0.121368 0.286427 80 174 0
0.579658 -0.129103 0.285446 80 174 0
0.579938 -0.133993 0.285045 80 174 0
0.58017 -0.138891 0.284713 80 174 0
0.580318 -0.143797 0.284499 80 174 0
0.58023 -0.148702 0.284612 80 174 0
0.579838 -0.153569 0.285168 80 174 0
0.579417 -0.158408 0.285918 80 174 0
0.578932 -0.163223 0.286777 80 174 0
0.578467 -0.168049 0.287585 80 174 0
0.577958 -0.172881 0.288328 80 174 0
0.577524 -0.177735 0.288963 80 174 0
0.577228 -0.182622 0.289373 80 174 0
0.577122 -0.187526 0.289616 80 174 0
0.577211 -0.192422 0.289201 80 174 0
0.577361 -0.197486 0.28858 80 174 0
0.577771 -0.202207 0.28863 81 173 0
0.578335 -0.206925 0.288567 81 173 0
0.578878 -0.211646 0.288476 81 173 0
0.579455 -0.216363 0.288362 81 173 0
0.580059 -0.221075 0.288195 81 173 0
0.58055 -0.225796 0.287981 81 173 0
0.580823 -0.230536 0.287771 81 173 0
0.580883 -0.235285 0.287686 81 173 0
0.580783 -0.240035 0.287839 81 173 0
0.580696 -0.244778 0.288109 81 173 0
0.580839 -0.238887 0.287499 81 173 0
0.580776 -0.234133 0.287589 81 173 0
0.580643 -0.229383 0.287785 81 173 0
0.580437 -0.224639 0.288054 81 173 0
0.580039 -0.219908 0.288294 81 173 0
0.579493 -0.215185 0.288455 81 173 0
0.578938 -0.210463 0.288585 81 173 0
0.578304 -0.205752 0.288579 81 173 0
0.57741 -0.197926 0.288702 81 173 0
0.577269 -0.193055 0.289243 81 173 0
0.577188 -0.188161 0.289472 81 173 0
0.577178 -0.18326 0.289446 81 173 0
0.577408 -0.178375 0.289148 81 173 0
0.577833 -0.173531 0.288524 81 173 0
0.578344 -0.168711 0.287789 81 173 0
0.578808 -0.163897 0.286983 81 173 0
0.579291 -0.159093 0.286131 81 173 0
0.579716 -0.154268 0.285372 81 173 0
0.58011 -0.149416 0.284797 81 173 0
0.580286 -0.144529 0.284551 81 173 0
0.580297 -0.139627 0.284532 81 173 0
0.580069 -0.13474 0.284859 81 173 0
0.579745 -0.12987 0.285288 81 173 0
0.57928 -0.124763 0.285937 81 173 0
0.578868 -0.119643 0.286515 81 173 0
0.578462 -0.114521 0.287074 81 173 0
0.57794 -0.109383 0.287301 81 173 0
0.577436 -0.104241 0.287472 81 173 0
0.576911 -0.0991056 0.287749 81 173 0
0.576301 -0.0939867 0.288133 81 173 0
0.575647 -0.0888781 0.288573 81 173 0
0.575134 -0.0837944 0.289344 81 173 0
0.574626 -0.0790711 0.290031 81 173 0
0.574436 -0.0739865 0.290309 81 173 0
0.574266 -0.0688993 0.29055 81 173 0
0.574348 -0.0638065 0.290427 82 172 0
0.574615 -0.0587341 0.29003 82 172 0
0.574666 -0.0537124 0.289168 82 172 0
0.574875 -0.0487231 0.288154 82 172 0
0.575149 -0.0437729 0.286977 82 172 0
0.575309 -0.0388212 0.285786 82 172 0
0.575512 -0.0338813 0.284626 82 172 0
0.575697 -0.0258999 0.283788 82 172 0
0.575443 -0.0210337 0.284458 82 172 0
0.575013 -0.016181 0.285138 82 172 0
0.574628 -0.0113144 0.285742 82 172 0
0.574171 -0.00648423 0.286561 82 172 0
0.573663 -0.00167274 0.287456 82 172 0
0.573256 0.00317025 0.288225 82 172 0
0.572921 0.00805551 0.288704 82 172 0
0.572702 0.0129614 0.289003 82 172 0
0.572574 0.0178786 0.28908 82 172 0
0.57246 0.0227882 0.288832 82 172 0
0.572498 0.0276729 0.288268 82 172 0
0.572632 0.0325508 0.287637 82 172 0
0.572669 0.0374075 0.286853 82 172 0
0.57241 0.0420788 0.285655 82 172 0
0.573048 0.0471436 0.284729 82 172 0
0.573719 0.0521997 0.283781 82 172 0
0.574318 0.0572781 0.282907 82 172 0
0.574838 0.0623889 0.282185 82 172 0
0.575283 0.0675223 0.281583 82 172 0
0.575599 0.0726804 0.281128 82 172 0
0.575789 0.0778581 0.280876 82 172 0
0.575886 0.0830423 0.280738 82 172 0
0.575892 0.0857776 0.28072 82 172 0
0.575213 0.0911663 0.281743 82 172 0
0.574196 0.0963888 0.28324 82 172 0
0.572878 0.101404 0.285155 82 172 0
0.572481 0.101501 0.286067 82 172 0
0.519653 0.103379 0.257813 82 172 0
0.520161 0.103306 0.256955 82 172 0
0.518367 0.101516 0.255754 82 172 0
0.515037 0.0985328 0.253645 82 172 0
0.511687 0.0955667 0.251549 82 172 0
0.508218 0.0927596 0.249414 82 172 0
0.504705 0.089976 0.247322 82 172 0
0.501192 0.087131 0.245322 82 172 0
0.501118 0.0822186 0.245437 82 172 0
0.501158 0.0770534 0.245369 82 172 0
0.500816 0.0719048 0.245137 83 171 0
0.500485 0.0667573 0.244856 83 171 0
0.50012 0.0616094 0.244632 83 171 0
0.499685 0.056463 0.244531 83 171 0
0.4992 0.0513202 0.244496 83 171 0
0.499052 0.0461632 0.244742 83 171 0
0.499166 0.0384977 0.244905 83 171 0
0.500102 0.0334381 0.244512 83 171 0
0.500815 0.0283681 0.243862 83 171 0
0.501477 0.0232881 0.243229 83 171 0
0.502133 0.018219 0.242508 83 171 0
0.502763 0.0131423 0.241819 83 171 0
0.50338 0.00804617 0.241282 83 171 0
0.503922 0.00292684 0.240906 83 171 0
0.504358 -0.00221148 0.240738 83 171 0
0.504636 -0.00736073 0.240886 83 171 0
0.504767 -0.0125016 0.241321 83 171 0
0.504943 -0.0176289 0.241881 83 171 0
0.505018 -0.0227334 0.242551 83 171 0
0.504545 -0.0280244 0.243466 83 171 0
0.504171 -0.0327884 0.244181 83 171 0
0.503769 -0.0375399 0.244961 83 171 0
0.503405 -0.0423053 0.24567 83 171 0
0.503031 -0.0470937 0.246185 83 171 0
0.502769 -0.0519028 0.246554 83 171 0
0.502593 -0.0567262 0.246716 83 171 0
0.502512 -0.0615559 0.246693 83 171 0
0.502583 -0.0663846 0.246568 83 171 0
0.502751 -0.0712059 0.246307 83 171 0
0.502899 -0.0760268 0.246059 83 171 0
0.503359 -0.081283 0.245734 83 171 0
0.50352 -0.0861584 0.245421 83 171 0
0.503656 -0.0910387 0.245161 83 171 0
0.503779 -0.0959223 0.244967 83 171 0
0.503861 -0.100809 0.244852 83 171 0
0.503919 -0.105697 0.244762 83 171 0
0.503986 -0.110584 0.244645 83 171 0
0.504066 -0.11547 0.244486 83 171 0
0.504133 -0.120356 0.244322 83 171 0
0.504224 -0.12524 0.244101 83 171 0
0.504137 -0.133063 0.244263 83 171 0
0.504333 -0.13798 0.244138 83 171 0
0.504741 -0.142884 0.24425 83 171 0
0.504966 -0.1478 0.244441 83 171 0
0.505185 -0.152715 0.244659 83 171 0
0.505443 -0.157631 0.244798 84 170 0
0.505733 -0.162546 0.244861 84 170 0
0.506063 -0.16746 0.2449 84 170 0
0.50648 -0.172367 0.24491 84 170 0
0.506665 -0.177278 0.244584 84 170 0
0.507083 -0.182178 0.244332 84 170 0
0.507459 -0.187081 0.244064 84 170 0
0.507942 -0.191961 0.243637 84 170 0
0.508577 -0.196827 0.243222 84 170 0
0.508127 -0.201998 0.242922 84 170 0
0.507819 -0.207022 0.242897 84 170 0
0.507068 -0.21199 0.242597 84 170 0
0.506602 -0.216999 0.242414 84 170 0
0.506228 -0.222015 0.242209 84 170 0
0.505822 -0.227028 0.241993 84 170 0
0.505029 -0.231985 0.24162 84 170 0
0.504609 -0.236998 0.241435 84 170 0
0.50427 -0.242014 0.241169 84 170 0
0.503524 -0.246968 0.240704 84 170 0
0.504088 -0.24157 0.24122 84 170 0
0.504602 -0.236263 0.241432 84 170 0
0.505379 -0.230998 0.24182 84 170 0
0.506152 -0.225731 0.242192 84 170 0
0.506778 -0.220446 0.242581 84 170 0
0.507475 -0.215169 0.242963 84 170 0
0.508144 -0.209903 0.243414 84 170 0
0.508124 -0.202458 0.242923 84 170 0
0.507795 -0.197539 0.243051 84 170 0
0.507413 -0.192634 0.243459 84 170 0
0.507071 -0.187713 0.243702 84 170 0
0.506727 -0.182795 0.24399 84 170 0
0.506523 -0.177877 0.244384 84 170 0
0.506337 -0.172952 0.244711 84 170 0
0.50608 -0.168023 0.244872 84 170 0
0.505769 -0.163095 0.244866 84 170 0
0.505474 -0.158166 0.244805 84 170 0
0.505212 -0.153236 0.244676 84 170 0
0.504988 -0.148307 0.244466 84 170 0
0.504679 -0.143386 0.244203 84 170 0
0.504148 -0.13848 0.244253 84 170 0
0.504171 -0.133185 0.244199 84 170 0
0.504147 -0.127947 0.244248 84 170 0
0.504131 -0.122709 0.244274 84 170 0
0.504089 -0.117472 0.244416 84 170 0
0.504003 -0.112238 0.244613 84 170 0
0.503934 -0.107001 0.244747 85 169 0
0.503882 -0.101763 0.244828 85 169 0
0.503819 -0.0965256 0.244912 85 169 0
0.503686 -0.091292 0.245102 85 169 0
0.503573 -0.0860572 0.24526 85 169 0
0.503359 -0.081283 0.245734 85 169 0
0.503038 -0.076246 0.245989 85 169 0
0.502733 -0.0712043 0.246286 85 169 0
0.502572 -0.0661575 0.246605 85 169 0
0.502374 -0.0611023 0.246678 85 169 0
0.502537 -0.0560457 0.246715 85 169 0
0.502682 -0.0509953 0.246447 85 169 0
0.503057 -0.045965 0.246057 85 169 0
0.503388 -0.0409582 0.245408 85 169 0
0.503918 -0.0359788 0.244694 85 169 0
0.504554 -0.0283234 0.243451 85 169 0
0.504649 -0.0232126 0.242531 85 169 0
0.504533 -0.0180557 0.241826 85 169 0
0.504506 -0.0128864 0.241201 85 169 0
0.504383 -0.00770137 0.240747 85 169 0
0.504113 -0.00250699 0.240577 85 169 0
0.50368 0.00267768 0.24073 85 169 0
0.503132 0.00784136 0.241114 85 169 0
0.502509 0.0129821 0.241658 85 169 0
0.501872 0.0181038 0.24235 85 169 0
0.501212 0.0232176 0.243078 85 169 0
0.500447 0.028309 0.243854 85 169 0
0.499373 0.0333612 0.244499 85 169 0
0.49896 0.0381388 0.244933 85 169 0
0.499074 0.0433754 0.244708 85 169 0
0.499102 0.0486161 0.244563 85 169 0
0.499249 0.0538538 0.244384 85 169 0
0.499337 0.0590932 0.244218 85 169 0
0.499365 0.0643357 0.24417 85 169 0
0.499336 0.0695781 0.244221 85 169 0
0.499309 0.0748207 0.244267 85 169 0
0.499255 0.0800624 0.244356 85 169 0
0.501062 0.0813811 0.245526 85 169 0
0.503931 0.0847969 0.247135 85 169 0
0.506843 0.0881544 0.248793 85 169 0
0.50975 0.0915121 0.250459 85 169 0
0.51263 0.0948699 0.25217 85 169 0
0.515549 0.0981456 0.25397 85 169 0
0.518367 0.101516 0.255754 85 169 0
0.517854 0.101568 0.256611 85 169 0
0.571468 0.104526 0.288173 86 168 0
0.571861 0.104442 0.287257 86 168 0
0.574641 0.102422 0.286348 86 168 0
0.578434 0.0998833 0.286663 86 168 0
0.582192 0.0973271 0.287203 86 168 0
0.585676 0.0944677 0.288007 86 168 0
0.589141 0.091646 0.288997 86 168 0
0.590074 0.0867277 0.289907 86 168 0
0.590728 0.08156 0.290766 86 168 0
0.591515 0.0764023 0.291594 86 168 0
0.592393 0.0712741 0.29251 86 168 0
0.593353 0.0661538 0.293386 86 168 0
0.594398 0.0610492 0.294257 86 168 0
0.595354 0.0559194 0.295081 86 168 0
0.596081 0.0507544 0.295852 86 168 0
0.596381 0.0429606 0.296644 86 168 0
0.596002 0.0380448 0.297155 86 168 0
0.59579 0.0331387 0.29781 86 168 0
0.595462 0.0282287 0.298403 86 168 0
0.595132 0.023324 0.299038 86 168 0
0.594835 0.0184144 0.299639 86 168 0
0.594811 0.0135004 0.300288 86 168 0
0.594776 0.0085821 0.300903 86 168 0
0.59478 0.00366391 0.301519 86 168 0
0.594701 -0.00127148 0.301966 86 168 0
0.59479 -0.00621594 0.302282 86 168 0
0.59497 -0.0111652 0.302471 86 168 0
0.59525 -0.0161019 0.302765 86 168 0
0.595196 -0.0210557 0.302865 86 168 0
0.595438 -0.0260652 0.302551 86 168 0
0.595769 -0.0312356 0.301908 86 168 0
0.596363 -0.0364125 0.301575 86 168 0
0.596861 -0.041609 0.30142 86 168 0
0.59718 -0.0468216 0.301473 86 168 0
0.597299 -0.0520352 0.301758 86 168 0
0.597438 -0.0572326 0.302247 86 168 0
0.597209 -0.0624426 0.30253 86 168 0
0.596987 -0.0676528 0.302815 86 168 0
0.596857 -0.0728699 0.302994 86 168 0
0.596771 -0.0783645 0.303188 86 168 0
0.596762 -0.0832622 0.303206 86 168 0
0.597031 -0.0881456 0.303453 86 168 0
0.597311 -0.0930291 0.303703 86 168 0
0.597647 -0.0979114 0.303896 86 168 0
0.598077 -0.102789 0.303948 86 168 0
0.598603 -0.107657 0.303859 87 167 0
0.599117 -0.11251 0.303531 87 167 0
0.599483 -0.11735 0.302874 87 167 0
0.600019 -0.122148 0.302065 87 167 0
0.60082 -0.130181 0.300544 87 167 0
0.601026 -0.134995 0.300178 87 167 0
0.601264 -0.139803 0.299764 87 167 0
0.601475 -0.144612 0.299367 87 167 0
0.60157 -0.14944 0.299226 87 167 0
0.601494 -0.15427 0.299309 87 167 0
0.601358 -0.159097 0.299482 87 167 0
0.601264 -0.163927 0.299598 87 167 0
0.6012 -0.168758 0.299672 87 167 0
0.601181 -0.17359 0.299685 87 167 0
0.601269 -0.17842 0.2996 87 167 0
0.601497 -0.18324 0.299364 87 167 0
0.601784 -0.188052 0.29904 87 167 0
0.602346 -0.1928 0.298351 87 167 0
0.60294 -0.197694 0.297623 87 167 0
0.60304 -0.202938 0.297832 87 167 0
0.603312 -0.208191 0.297911 87 167 0
0.603444 -0.213443 0.298193 87 167 0
0.603535 -0.218696 0.298449 87 167 0
0.603846 -0.223946 0.298562 87 167 0
0.603942 -0.229205 0.298474 87 167 0
0.603962 -0.234465 0.298452 87 167 0
0.603947 -0.239718 0.298738 87 167 0
0.603918 -0.244973 0.298929 87 167 0
0.604103 -0.239787 0.298332 87 167 0
0.603981 -0.235046 0.298431 87 167 0
0.603947 -0.230304 0.298471 87 167 0
0.603884 -0.225562 0.298532 87 167 0
0.603713 -0.220824 0.298509 87 167 0
0.603508 -0.216089 0.298342 87 167 0
0.603441 -0.211352 0.298113 87 167 0
0.603273 -0.206625 0.297775 87 167 0
0.602721 -0.198303 0.297765 87 167 0
0.602166 -0.193522 0.298473 87 167 0
0.601788 -0.188702 0.298985 87 167 0
0.601532 -0.183857 0.299326 87 167 0
0.601283 -0.179007 0.299587 87 167 0
0.60118 -0.174145 0.299685 87 167 0
0.601193 -0.169281 0.29968 87 167 0
0.601255 -0.164417 0.299609 87 167 0
0.601349 -0.159555 0.299493 87 167 0
0.601482 -0.154696 0.299324 88 166 0
0.601564 -0.149833 0.299232 88 166 0
0.601485 -0.144973 0.299353 88 166 0
0.601314 -0.140119 0.299605 88 166 0
0.601113 -0.135266 0.299867 88 166 0
0.600755 -0.129817 0.300316 88 166 0
0.600238 -0.124698 0.301457 88 166 0
0.59965 -0.119551 0.30243 88 166 0
0.599103 -0.114384 0.303316 88 166 0
0.598458 -0.109168 0.303706 88 166 0
0.597825 -0.103936 0.303825 88 166 0
0.597352 -0.0986867 0.303765 88 166 0
0.597017 -0.0934311 0.303539 88 166 0
0.596726 -0.0881748 0.30328 88 166 0
0.596716 -0.082904 0.303313 88 166 0
0.596772 -0.0776462 0.303188 88 166 0
0.596842 -0.0728405 0.303032 88 166 0
0.596766 -0.0680417 0.302743 88 166 0
0.596651 -0.0632533 0.302319 88 166 0
0.596536 -0.0584674 0.301865 88 166 0
0.596404 -0.0536803 0.301428 88 166 0
0.59625 -0.0488867 0.301095 88 166 0
0.596117 -0.044083 0.300979 88 166 0
0.596038 -0.0392764 0.301095 88 166 0
0.595963 -0.0344862 0.301474 88 166 0
0.595497 -0.0265321 0.302472 88 166 0
0.595351 -0.0215742 0.302644 88 166 0
0.595377 -0.0166116 0.302614 88 166 0
0.595303 -0.0116497 0.302621 88 166 0
0.595117 -0.00669284 0.302446 88 166 0
0.595005 -0.00174028 0.302144 88 166 0
0.595098 0.00320439 0.301718 88 166 0
0.595352 0.00813723 0.301226 88 166 0
0.595393 0.0130628 0.300613 88 166 0
0.595417 0.0179843 0.299966 88 166 0
0.595463 0.0228972 0.299258 88 166 0
0.595712 0.0278078 0.298589 88 166 0
0.596129 0.032706 0.29791 88 166 0
0.596059 0.037595 0.297086 88 166 0
0.595831 0.0428175 0.296122 88 166 0
0.595086 0.0480167 0.295431 88 166 0
0.594561 0.0532492 0.294711 88 166 0
0.593972 0.058484 0.294062 88 166 0
0.593321 0.0637182 0.293467 88 166 0
0.592699 0.0689513 0.292835 88 166 0
0.592155 0.0741866 0.292151 89 165 0
0.591629 0.0794208 0.291446 89 165 0
0.590956 0.0846176 0.290687 89 165 0
0.588969 0.0862978 0.289124 89 165 0
0.586036 0.0906769 0.287536 89 165 0
0.582717 0.0949813 0.286756 89 165 0
0.578841 0.098856 0.286419 89 165 0
0.574641 0.102422 0.286348 89 165 0
0.574234 0.102494 0.287258 89 165 0
0.519653 0.103379 0.257813 89 165 0
0.520161 0.103306 0.256955 89 165 0
0.520161 0.103306 0.256955 89 165 0
0.520636 0.10061 0.256862 89 165 0
0.520732 0.0958579 0.25692 89 165 0
0.52093 0.0911137 0.257296 89 165 0
0.521222 0.0864211 0.257989 89 165 0
0.521588 0.0810517 0.25784 89 165 0
0.522169 0.0758166 0.257204 89 165 0
0.522628 0.070555 0.256695 89 165 0
0.523065 0.0652918 0.256183 89 165 0
0.523299 0.060006 0.255784 89 165 0
0.523428 0.054705 0.255591 89 165 0
0.523509 0.0494015 0.255456 89 165 0
0.523653 0.0390816 0.255173 89 165 0
0.523886 0.0340871 0.254753 89 165 0
0.524198 0.0290869 0.254523 89 165 0
0.52449 0.024082 0.254317 89 165 0
0.52481 0.0190811 0.25406 89 165 0
0.525128 0.0140786 0.253832 89 165 0
0.525407 0.00907087 0.253683 89 165 0
0.525628 0.00405876 0.253597 89 165 0
0.525798 -0.000956067 0.253599 89 165 0
0.525928 -0.00597093 0.253707 89 165 0
0.526013 -0.0109848 0.253884 89 165 0
0.525986 -0.0160017 0.25393 89 165 0
0.525867 -0.0210133 0.254145 89 165 0
0.525661 -0.0258988 0.254496 89 165 0
0.525322 -0.0306841 0.255106 89 165 0
0.524908 -0.0354444 0.255856 89 165 0
0.524696 -0.0401818 0.256791 89 165 0
0.524584 -0.0449217 0.257747 89 165 0
0.524518 -0.0496737 0.258645 89 165 0
0.524542 -0.0544448 0.25943 89 165 0
0.524675 -0.0592442 0.26 89 165 0
0.524848 -0.0640641 0.260318 89 165 0
0.524854 -0.0689007 0.260302 90 164 0
0.524886 -0.0737368 0.260237 90 164 0
0.525068 -0.0792152 0.259909 90 164 0
0.525393 -0.084027 0.259336 90 164 0
0.525733 -0.0888361 0.258749 90 164 0
0.526182 -0.0936345 0.258152 90 164 0
0.526593 -0.098436 0.257555 90 164 0
0.526915 -0.103248 0.256985 90 164 0
0.527197 -0.108071 0.256484 90 164 0
0.52744 -0.112903 0.256063 90 164 0
0.527614 -0.117742 0.2557 90 164 0
0.527628 -0.122588 0.255404 90 164 0
0.527933 -0.130573 0.255314 90 164 0
0.527872 -0.13555 0.255277 90 164 0
0.52791 -0.140527 0.255187 90 164 0
0.527964 -0.145501 0.255282 90 164 0
0.528042 -0.15046 0.25568 90 164 0
0.527894 -0.155391 0.256332 90 164 0
0.527698 -0.160278 0.257262 90 164 0
0.527445 -0.165141 0.258298 90 164 0
0.527257 -0.170029 0.259223 90 164 0
0.527249 -0.174973 0.259789 90 164 0
0.527438 -0.17994 0.260031 90 164 0
0.527627 -0.184906 0.25983 90 164 0
0.527775 -0.18986 0.259577 90 164 0
0.52857 -0.194557 0.258175 90 164 0
0.529836 -0.199785 0.25601 90 164 0
0.530197 -0.204953 0.255356 90 164 0
0.530565 -0.210123 0.254718 90 164 0
0.530949 -0.215332 0.254676 90 164 0
0.531218 -0.220546 0.254798 90 164 0
0.531393 -0.225753 0.255139 90 164 0
0.531331 -0.230927 0.255822 90 164 0
0.53102 -0.236039 0.256843 90 164 0
0.530423 -0.241124 0.257874 90 164 0
0.529611 -0.246091 0.259256 90 164 0
0.530549 -0.240665 0.25767 90 164 0
0.530846 -0.236066 0.256724 90 164 0
0.531031 -0.231435 0.255844 90 164 0
0.531127 -0.226768 0.255188 90 164 0
0.531051 -0.22207 0.254803 90 164 0
0.530839 -0.217359 0.254645 90 164 0
0.53062 -0.212647 0.254603 90 164 0
0.530592 -0.20793 0.254646 90 164 0
0.529634 -0.200099 0.256278 90 164 0
0.528643 -0.195546 0.25805 91 163 0
0.528024 -0.190733 0.259144 91 163 0
0.527626 -0.185802 0.259756 91 163 0
0.527209 -0.180834 0.259912 91 163 0
0.526981 -0.175855 0.25973 91 163 0
0.526974 -0.170896 0.259194 91 163 0
0.527257 -0.166002 0.258289 91 163 0
0.527521 -0.161128 0.257263 91 163 0
0.527726 -0.156235 0.256316 91 163 0
0.527807 -0.151304 0.255581 91 163 0
0.527881 -0.146334 0.255234 91 163 0
0.52796 -0.141349 0.255141 91 163 0
0.527729 -0.13637 0.255238 91 163 0
0.527688 -0.131214 0.255088 91 163 0
0.527624 -0.126465 0.2553 91 163 0
0.527565 -0.121714 0.255449 91 163 0
0.527426 -0.116969 0.2557 91 163 0
0.527223 -0.112233 0.256052 91 163 0
0.526978 -0.107505 0.256472 91 163 0
0.526696 -0.102785 0.256963 91 163 0
0.526381 -0.0980752 0.257527 91 163 0
0.526036 -0.0933742 0.258144 91 163 0
0.525713 -0.0886772 0.258801 91 163 0
0.525374 -0.0839732 0.259397 91 163 0
0.525061 -0.0785078 0.259915 91 163 0
0.524983 -0.0736835 0.260066 91 163 0
0.524595 -0.0688732 0.260085 91 163 0
0.524237 -0.0640622 0.259942 91 163 0
0.524 -0.0592572 0.259572 91 163 0
0.523896 -0.0544684 0.258986 91 163 0
0.523886 -0.0496997 0.25824 91 163 0
0.524026 -0.0449495 0.25741 91 163 0
0.524484 -0.0402131 0.256599 91 163 0
0.525009 -0.0355056 0.255668 91 163 0
0.525573 -0.0271733 0.25464 91 163 0
0.525768 -0.0223216 0.254313 91 163 0
0.525927 -0.017464 0.254051 91 163 0
0.52607 -0.0126057 0.2538 91 163 0
0.526114 -0.00774228 0.253644 91 163 0
0.525946 -0.00287908 0.253544 91 163 0
0.525734 0.00198356 0.253531 91 163 0
0.525503 0.00684538 0.253541 91 163 0
0.525242 0.0117051 0.253611 91 163 0
0.524908 0.0165569 0.253808 91 163 0
0.524533 0.0214023 0.254074 91 163 0
0.524179 0.0262502 0.254327 92 162 0
0.523948 0.0311021 0.254623 92 162 0
0.523701 0.0359441 0.255049 92 162 0
0.523497 0.0414509 0.255445 92 162 0
0.5235 0.0467127 0.255434 92 162 0
0.523444 0.0519737 0.255521 92 162 0
0.523394 0.057234 0.255637 92 162 0
0.523208 0.0624837 0.255943 92 162 0
0.522933 0.0677163 0.256424 92 162 0
0.522468 0.0729309 0.256954 92 162 0
0.522 0.0781321 0.257593 92 162 0
0.521679 0.0804911 0.257921 92 162 0
0.521185 0.0855146 0.257774 92 162 0
0.52089 0.0905357 0.25736 92 162 0
0.520708 0.0955689 0.256954 92 162 0
0.520636 0.10061 0.256862 92 162 0
0.520124 0.100669 0.257719 92 162 0
0.571468 0.104526 0.288173 92 162 0
0.571861 0.104442 0.287257 92 162 0
0.572483 0.1026 0.285682 92 162 0
0.573672 0.0984407 0.283911 92 162 0
0.574736 0.0941613 0.282364 92 162 0
0.57566 0.0897674 0.281071 92 162 0
0.575849 0.0844763 0.280804 92 162 0
0.575795 0.0797164 0.28088 92 162 0
0.575657 0.0749603 0.281062 92 162 0
0.57542 0.070218 0.281397 92 162 0
0.575093 0.0654912 0.281865 92 162 0
0.574694 0.0607814 0.282434 92 162 0
0.574226 0.0560915 0.283111 92 162 0
0.573693 0.0514234 0.283884 92 162 0
0.572698 0.0414137 0.285927 92 162 0
0.572685 0.0364278 0.286853 92 162 0
0.572491 0.0313991 0.287485 92 162 0
0.572359 0.0263641 0.288088 92 162 0
0.57237 0.021308 0.288496 92 162 0
0.572488 0.0162374 0.288581 92 162 0
0.572834 0.011177 0.288516 92 162 0
0.573153 0.00612791 0.288146 92 162 0
0.573451 0.00109714 0.287566 92 162 0
0.573818 -0.0039185 0.286902 92 162 0
0.574289 -0.00892331 0.286222 92 162 0
0.574858 -0.0138687 0.285248 92 162 0
0.575465 -0.0188236 0.284359 92 162 0
0.575699 -0.0264411 0.283789 92 162 0
0.575395 -0.0314321 0.284561 93 161 0
0.575379 -0.0363903 0.285556 93 161 0
0.575217 -0.0413583 0.286497 93 161 0
0.574994 -0.0463086 0.287523 93 161 0
0.574777 -0.0512757 0.288465 93 161 0
0.574599 -0.0562698 0.289255 93 161 0
0.574534 -0.0612905 0.289877 93 161 0
0.574358 -0.066316 0.290411 93 161 0
0.574255 -0.0713704 0.290559 93 161 0
0.574491 -0.0771573 0.290248 93 161 0
0.575012 -0.0820278 0.289471 93 161 0
0.575497 -0.0869237 0.288847 93 161 0
0.57612 -0.0918243 0.288405 93 161 0
0.576734 -0.0967292 0.288 93 161 0
0.577271 -0.101651 0.287701 93 161 0
0.577758 -0.106582 0.2875 93 161 0
0.578226 -0.111517 0.287331 93 161 0
0.578603 -0.116441 0.286874 93 161 0
0.578956 -0.121368 0.286427 93 161 0
0.579658 -0.129103 0.285446 93 161 0
0.579938 -0.133993 0.285045 93 161 0
0.58017 -0.138891 0.284713 93 161 0
0.580318 -0.143797 0.284499 93 161 0
0.58023 -0.148702 0.284612 93 161 0
0.579838 -0.153569 0.285168 93 161 0
0.579417 -0.158408 0.285918 93 161 0
0.578932 -0.163223 0.286777 93 161 0
0.578467 -0.168049 0.287585 93 161 0
0.577958 -0.172881 0.288328 93 161 0
0.577524 -0.177735 0.288963 93 161 0
0.577228 -0.182622 0.289373 93 161 0
0.577122 -0.187526 0.289616 93 161 0
0.577211 -0.192422 0.289201 93 161 0
0.577361 -0.197486 0.28858 93 161 0
0.577771 -0.202207 0.28863 93 161 0
0.578335 -0.206925 0.288567 93 161 0
0.578878 -0.211646 0.288476 93 161 0
0.579455 -0.216363 0.288362 93 161 0
0.580059 -0.221075 0.288195 93 161 0
0.58055 -0.225796 0.287981 93 161 0
0.580823 -0.230536 0.287771 93 161 0
0.580883 -0.235285 0.287686 93 161 0
0.580783 -0.240035 0.287839 93 161 0
0.580696 -0.244778 0.288109 93 161 0
0.580839 -0.238887 0.287499 93 161 0
0.580776 -0.234133 0.287589 94 160 0
0.580643 -0.229383 0.287785 94 160 0
0.580437 -0.224639 0.288054 94 160 0
0.580039 -0.219908 0.288294 94 160 0
0.579493 -0.215185 0.288455 94 160 0
0.578938 -0.210463 0.288585 94 160 0
0.578304 -0.205752 0.288579 94 160 0
0.57741 -0.197926 0.288702 94 160 0
0.577269 -0.193055 0.289243 94 160 0
0.577188 -0.188161 0.289472 94 160 0
0.577178 -0.18326 0.289446 94 160 0
0.577408 -0.178375 0.289148 94 160 0
0.577833 -0.173531 0.288524 94 160 0
0.578344 -0.168711 0.287789 94 160 0
0.578808 -0.163897 0.286983 94 160 0
0.579291 -0.159093 0.286131 94 160 0
0.579716 -0.154268 0.285372 94 160 0
0.58011 -0.149416 0.284797 94 160 0
0.580286 -0.144529 0.284551 94 160 0
0.580297 -0.139627 0.284532 94 160 0
0.580069 -0.13474 0.284859 94 160 0
0.579745 -0.12987 0.285288 94 160 0
0.57928 -0.124763 0.285937 94 160 0
0.578868 -0.119643 0.286515 94 160 0
0.578462 -0.114521 0.287074 94 160 0
0.57794 -0.109383 0.287301 94 160 0
0.577436 -0.104241 0.287472 94 160 0
0.576911 -0.0991056 0.287749 94 160 0
0.576301 -0.0939867 0.288133 94 160 0
0.575647 -0.0888781 0.288573 94 160 0
0.575134 -0.0837944 0.289344 94 160 0
0.574626 -0.0790711 0.290031 94 160 0
0.574436 -0.0739865 0.290309 94 160 0
0.574266 -0.0688993 0.29055 94 160 0
0.574348 -0.0638065 0.290427 94 160 0
0.574615 -0.0587341 0.29003 94 160 0
0.574666 -0.0537124 0.289168 94 160 0
0.574875 -0.0487231 0.288154 94 160 0
0.575149 -0.0437729 0.286977 94 160 0
0.575309 -0.0388212 0.285786 94 160 0
0.575512 -0.0338813 0.284626 94 160 0
0.575697 -0.0258999 0.283788 94 160 0
0.575443 -0.0210337 0.284458 94 160 0
0.575013 -0.016181 0.285138 94 160 0
0.574628 -0.0113144 0.285742 94 160 0
0.574171 -0.00648423 0.286561 95 159 0
0.573663 -0.00167274 0.287456 95 159 0
0.573256 0.00317025 0.288225 95 159 0
0.572921 0.00805551 0.288704 95 159 0
0.572702 0.0129614 0.289003 95 159 0
0.572574 0.0178786 0.28908 95 159 0
0.57246 0.0227882 0.288832 95 159 0
0.572498 0.0276729 0.288268 95 159 0
0.572632 0.0325508 0.287637 95 159 0
0.572669 0.0374075 0.286853 95 159 0
0.57241 0.0420788 0.285655 95 159 0
0.573048 0.0471436 0.284729 95 159 0
0.573719 0.0521997 0.283781 95 159 0
0.574318 0.0572781 0.282907 95 159 0
0.574838 0.0623889 0.282185 95 159 0
0.575283 0.0675223 0.281583 95 159 0
0.575599 0.0726804 0.281128 95 159 0
0.575789 0.0778581 0.280876 95 159 0
0.575886 0.0830423 0.280738 95 159 0
0.575892 0.0857776 0.28072 95 159 0
0.575213 0.0911663 0.281743 95 159 0
0.574196 0.0963888 0.28324 95 159 0
0.572878 0.101404 0.285155 95 159 0
0.572481 0.101501 0.286067 95 159 0
0.519653 0.103379 0.257813 95 159 0
0.520161 0.103306 0.256955 95 159 0
0.518367 0.101516 0.255754 95 159 0
0.515037 0.0985328 0.253645 95 159 0
0.511687 0.0955667 0.251549 95 159 0
0.508218 0.0927596 0.249414 95 159 0
0.504705 0.089976 0.247322 95 159 0
0.501192 0.087131 0.245322 95 159 0
0.501118 0.0822186 0.245437 95 159 0
0.501158 0.0770534 0.245369 95 159 0
0.500816 0.0719048 0.245137 95 159 0
0.500485 0.0667573 0.244856 95 159 0
0.50012 0.0616094 0.244632 95 159 0
0.499685 0.056463 0.244531 95 159 0
0.4992 0.0513202 0.244496 95 159 0
0.499052 0.0461632 0.244742 95 159 0
0.499166 0.0384977 0.244905 95 159 0
0.500102 0.0334381 0.244512 95 159 0
0.500815 0.0283681 0.243862 95 159 0
0.501477 0.0232881 0.243229 95 159 0
0.502133 0.018219 0.242508 95 159 0
0.502763 0.0131423 0.241819 96 158 0
0.50338 0.00804617 0.241282 96 158 0
0.503922 0.00292684 0.240906 96 158 0
0.504358 -0.00221148 0.240738 96 158 0
0.504636 -0.00736073 0.240886 96 158 0
0.504767 -0.0125016 0.241321 96 158 0
0.504943 -0.0176289 0.241881 96 158 0
0.505018 -0.0227334 0.242551 96 158 0
0.504545 -0.0280244 0.243466 96 158 0
0.504171 -0.0327884 0.244181 96 158 0
0.503769 -0.0375399 0.244961 96 158 0
0.503405 -0.0423053 0.24567 96 158 0
0.503031 -0.0470937 0.246185 96 158 0
0.502769 -0.0519028 0.246554 96 158 0
0.502593 -0.0567262 0.246716 96 158 0
0.502512 -0.0615559 0.246693 96 158 0
0.502583 -0.0663846 0.246568 96 158 0
0.502751 -0.0712059 0.246307 96 158 0
0.502899 -0.0760268 0.246059 96 158 0
0.503359 -0.081283 0.245734 96 158 0
0.50352 -0.0861584 0.245421 96 158 0
0.503656 -0.0910387 0.245161 96 158 0
0.503779 -0.0959223 0.244967 96 158 0
0.503861 -0.100809 0.244852 96 158 0
0.503919 -0.105697 0.244762 96 158 0
0.503986 -0.110584 0.244645 96 158 0
0.504066 -0.11547 0.244486 96 158 0
0.504133 -0.120356 0.244322 96 158 0
0.504224 -0.12524 0.244101 96 158 0
0.504137 -0.133063 0.244263 96 158 0
0.504333 -0.13798 0.244138 96 158 0
0.504741 -0.142884 0.24425 96 158 0
0.504966 -0.1478 0.244441 96 158 0
0.505185 -0.152715 0.244659 96 158 0
0.505443 -0.157631 0.244798 96 158 0
0.505733 -0.162546 0.244861 96 158 0
0.506063 -0.16746 0.2449 96 158 0
0.50648 -0.172367 0.24491 96 158 0
0.506665 -0.177278 0.244584 96 158 0
0.507083 -0.182178 0.244332 96 158 0
0.507459 -0.187081 0.244064 96 158 0
0.507942 -0.191961 0.243637 96 158 0
0.508577 -0.196827 0.243222 96 158 0
0.508127 -0.201998 0.242922 96 158 0
0.507819 -0.207022 0.242897 96 158 0
0.507068 -0.21199 0.242597 97 157 0
0.506602 -0.216999 0.242414 97 157 0
0.506228 -0.222015 0.242209 97 157 0
0.505822 -0.227028 0.241993 97 157 0
0.505029 -0.231985 0.24162 97 157 0
0.504609 -0.236998 0.241435 97 157 0
0.50427 -0.242014 0.241169 97 157 0
0.503524 -0.246968 0.240704 97 157 0
0.504088 -0.24157 0.24122 97 157 0
0.504602 -0.236263 0.241432 97 157 0
0.505379 -0.230998 0.24182 97 157 0
0.506152 -0.225731 0.242192 97 157 0
0.506778 -0.220446 0.242581 97 157 0
0.507475 -0.215169 0.242963 97 157 0
0.508144 -0.209903 0.243414 97 157 0
0.508124 -0.202458 0.242923 97 157 0
0.507795 -0.197539 0.243051 97 157 0
0.507413 -0.192634 0.243459 97 157 0
0.507071 -0.187713 0.243702 97 157 0
0.506727 -0.182795 0.24399 97 157 0
0.506523 -0.177877 0.244384 97 157 0
0.506337 -0.172952 0.244711 97 157 0
0.50608 -0.168023 0.244872 97 157 0
0.505769 -0.163095 0.244866 97 157 0
0.505474 -0.158166 0.244805 97 157 0
0.505212 -0.153236 0.244676 97 157 0
0.504988 -0.148307 0.244466 97 157 0
0.504679 -0.143386 0.244203 97 157 0
0.504148 -0.13848 0.244253 97 157 0
0.504171 -0.133185 0.244199 97 157 0
0.504147 -0.127947 0.244248 97 157 0
0.504131 -0.122709 0.244274 97 157 0
0.504089 -0.117472 0.244416 97 157 0
0.504003 -0.112238 0.244613 97 157 0
0.503934 -0.107001 0.244747 97 157 0
0.503882 -0.101763 0.244828 97 157 0
0.503819 -0.0965256 0.244912 97 157 0
0.503686 -0.091292 0.245102 97 157 0
0.503573 -0.0860572 0.24526 97 157 0
0.503359 -0.081283 0.245734 97 157 0
0.503038 -0.076246 0.245989 97 157 0
0.502733 -0.0712043 0.246286 97 157 0
0.502572 -0.0661575 0.246605 97 157 0
0.502374 -0.0611023 0.246678 97 157 0
0.502537 -0.0560457 0.246715 97 157 0
0.502682 -0.0509953 0.246447 98 156 0
0.503057 -0.045965 0.246057 98 156 0
0.503388 -0.0409582 0.245408 98 156 0
0.503918 -0.0359788 0.244694 98 156 0
0.504554 -0.0283234 0.243451 98 156 0
0.504649 -0.0232126 0.242531 98 156 0
0.504533 -0.0180557 0.241826 98 156 0
0.504506 -0.0128864 0.241201 98 156 0
0.504383 -0.00770137 0.240747 98 156 0
0.504113 -0.00250699 0.240577 98 156 0
0.50368 0.00267768 0.24073 98 156 0
0.503132 0.00784136 0.241114 98 156 0
0.502509 0.0129821 0.241658 98 156 0
0.501872 0.0181038 0.24235 98 156 0
0.501212 0.0232176 0.243078 98 156 0
0.500447 0.028309 0.243854 98 156 0
0.499373 0.0333612 0.244499 98 156 0
0.49896 0.0381388 0.244933 98 156 0
0.499074 0.0433754 0.244708 98 156 0
0.499102 0.0486161 0.244563 98 156 0
0.499249 0.0538538 0.244384 98 156 0
0.499337 0.0590932 0.244218 98 156 0
0.499365 0.0643357 0.24417 98 156 0
0.499336 0.0695781 0.244221 98 156 0
0.499309 0.0748207 0.244267 98 156 0
0.499255 0.0800624 0.244356 98 156 0
0.501062 0.0813811 0.245526 98 156 0
0.503931 0.0847969 0.247135 98 156 0
0.506843 0.0881544 0.248793 98 156 0
0.50975 0.0915121 0.250459 98 156 0
0.51263 0.0948699 0.25217 98 156 0
0.515549 0.0981456 0.25397 98 156 0
0.518367 0.101516 0.255754 98 156 0
0.517854 0.101568 0.256611 98 156 0
0.571468 0.104526 0.288173 98 156 0
0.571861 0.104442 0.287257 98 156 0
0.574641 0.102422 0.286348 98 156 0
0.578434 0.0998833 0.286663 98 156 0
0.582192 0.0973271 0.287203 98 156 0
0.585676 0.0944677 0.288007 98 156 0
0.589141 0.091646 0.288997 98 156 0
0.590074 0.0867277 0.289907 98 156 0
0.590728 0.08156 0.290766 98 156 0
0.591515 0.0764023 0.291594 98 156 0
0.592393 0.0712741 0.29251 98 156 0
0.593353 0.0661538 0.293386 99 155 0
0.594398 0.0610492 0.294257 99 155 0
0.595354 0.0559194 0.295081 99 155 0
0.596081 0.0507544 0.295852 99 155 0
0.596381 0.0429606 0.296644 99 155 0
0.596002 0.0380448 0.297155 99 155 0
0.59579 0.0331387 0.29781 99 155 0
0.595462 0.0282287 0.298403 99 155 0
0.595132 0.023324 0.299038 99 155 0
0.594835 0.0184144 0.299639 99 155 0
0.594811 0.0135004 0.300288 99 155 0
0.594776 0.0085821 0.300903 99 155 0
0.59478 0.00366391 0.301519 99 155 0
0.594701 -0.00127148 0.301966 99 155 0
0.59479 -0.00621594 0.302282 99 155 0
0.59497 -0.0111652 0.302471 99 155 0
0.59525 -0.0161019 0.302765 99 155 0
0.595196 -0.0210557 0.302865 99 155 0
0.595438 -0.0260652 0.302551 99 155 0
0.595769 -0.0312356 0.301908 99 155 0
0.596363 -0.0364125 0.301575 99 155 0
0.596861 -0.041609 0.30142 99 155 0
0.59718 -0.0468216 0.301473 99 155 0
0.597299 -0.0520352 0.301758 99 155 0
0.597438 -0.0572326 0.302247 99 155 0
0.597209 -0.0624426 0.30253 99 155 0
0.596987 -0.0676528 0.302815 99 155 0
0.596857 -0.0728699 0.302994 99 155 0
0.596771 -0.0783645 0.303188 99 155 0
0.596762 -0.0832622 0.303206 99 155 0
0.597031 -0.0881456 0.303453 99 155 0
0.597311 -0.0930291 0.303703 99 155 0
0.597647 -0.0979114 0.303896 99 155 0
0.598077 -0.102789 0.303948 99 155 0
0.598603 -0.107657 0.303859 99 155 0
0.599117 -0.11251 0.303531 99 155 0
0.599483 -0.11735 0.302874 99 155 0
0.600019 -0.122148 0.302065 99 155 0
0.60082 -0.130181 0.300544 99 155 0
0.601026 -0.134995 0.300178 99 155 0
0.601264 -0.139803 0.299764 99 155 0
0.601475 -0.144612 0.299367 99 155 0
0.60157 -0.14944 0.299226 99 155 0
0.601494 -0.15427 0.299309 99 155 0
0.601358 -0.159097 0.299482 99 155 0
0.601264 -0.163927 0.299598 100 154 0
0.6012 -0.168758 0.299672 100 154 0
0.601181 -0.17359 0.299685 100 154 0
0.601269 -0.17842 0.2996 100 154 0
0.601497 -0.18324 0.299364 100 154 0
0.601784 -0.188052 0.29904 100 154 0
0.602346 -0.1928 0.298351 100 154 0
0.60294 -0.197694 0.297623 100 154 0
0.60304 -0.202938 0.297832 100 154 0
0.603312 -0.208191 0.297911 100 154 0
0.603444 -0.213443 0.298193 100 154 0
0.603535 -0.218696 0.298449 100 154 0
0.603846 -0.223946 0.298562 100 154 0
0.603942 -0.229205 0.298474 100 154 0
0.603962 -0.234465 0.298452 100 154 0
0.603947 -0.239718 0.298738 100 154 0
0.603918 -0.244973 0.298929 100 154 0
0.604103 -0.239787 0.298332 100 154 0
0.603981 -0.235046 0.298431 100 154 0
0.603947 -0.230304 0.298471 100 154 0
0.603884 -0.225562 0.298532 100 154 0
0.603713 -0.220824 0.298509 100 154 0
0.603508 -0.216089 0.298342 100 154 0
0.603441 -0.211352 0.298113 100 154 0
0.603273 -0.206625 0.297775 100 154 0
0.602721 -0.198303 0.297765 100 154 0
0.602166 -0.193522 0.298473 100 154 0
0.601788 -0.188702 0.298985 100 154 0
0.601532 -0.183857 0.299326 100 154 0
0.601283 -0.179007 0.299587 100 154 0
0.60118 -0.174145 0.299685 100 154 0
0.601193 -0.169281 0.29968 100 154 0
0.601255 -0.164417 0.299609 100 154 0
0.601349 -0.159555 0.299493 100 154 0
0.601482 -0.154696 0.299324 100 154 0
0.601564 -0.149833 0.299232 100 154 0
0.601485 -0.144973 0.299353 100 154 0
0.601314 -0.140119 0.299605 100 154 0
0.601113 -0.135266 0.299867 100 154 0
0.600755 -0.129817 0.300316 100 154 0
0.600238 -0.124698 0.301457 100 154 0
0.59965 -0.119551 0.30243 100 154 0
0.599103 -0.114384 0.303316 100 154 0
0.598458 -0.109168 0.303706 100 154 0
0.597825 -0.103936 0.303825 100 154 0
0.597352 -0.0986867 0.303765 101 153 0
0.597017 -0.0934311 0.303539 101 153 0
0.596726 -0.0881748 0.30328 101 153 0
0.596716 -0.082904 0.303313 101 153 0
0.596772 -0.0776462 0.303188 101 153 0
0.596842 -0.0728405 0.303032 101 153 0
0.596766 -0.0680417 0.302743 101 153 0
0.596651 -0.0632533 0.302319 101 153 0
0.596536 -0.0584674 0.301865 101 153 0
0.596404 -0.0536803 0.301428 101 153 0
0.59625 -0.0488867 0.301095 101 153 0
0.596117 -0.044083 0.300979 101 153 0
0.596038 -0.0392764 0.301095 101 153 0
0.595963 -0.0344862 0.301474 101 153 0
0.595497 -0.0265321 0.302472 101 153 0
0.595351 -0.0215742 0.302644 101 153 0
0.595377 -0.0166116 0.302614 101 153 0
0.595303 -0.0116497 0.302621 101 153 0
0.595117 -0.00669284 0.302446 101 153 0
0.595005 -0.00174028 0.302144 101 153 0
0.595098 0.00320439 0.301718 101 153 0
0.595352 0.00813723 0.301226 101 153 0
0.595393 0.0130628 0.300613 101 153 0
0.595417 0.0179843 0.299966 101 153 0
0.595463 0.0228972 0.299258 101 153 0
0.595712 0.0278078 0.298589 101 153 0
0.596129 0.032706 0.29791 101 153 0
0.596059 0.037595 0.297086 101 153 0
0.595831 0.0428175 0.296122 101 153 0
0.595086 0.0480167 0.295431 101 153 0
0.594561 0.0532492 0.294711 101 153 0
0.593972 0.058484 0.294062 101 153 0
0.593321 0.0637182 0.293467 101 153 0
0.592699 0.0689513 0.292835 101 153 0
0.592155 0.0741866 0.292151 101 153 0
0.591629 0.0794208 0.291446 101 153 0
0.590956 0.0846176 0.290687 101 153 0
0.588969 0.0862978 0.289124 101 153 0
0.586036 0.0906769 0.287536 101 153 0
0.582717 0.0949813 0.286756 101 153 0
0.578841 0.098856 0.286419 101 153 0
0.574641 0.102422 0.286348 101 153 0
0.574234 0.102494 0.287258 101 153 0
0.519653 0.103379 0.257813 101 153 0
0.520161 0.103306 0.256955 101 153 0
0.520161 0.103306 0.256955 102 152 0
0.520636 0.10061 0.256862 102 152 0
0.520732 0.0958579 0.25692 102 152 0
0.52093 0.0911137 0.257296 102 152 0
0.521222 0.0864211 0.257989 102 152 0
0.521588 0.0810517 0.25784 102 152 0
0.522169 0.0758166 0.257204 102 152 0
0.522628 0.070555 0.256695 102 152 0
0.523065 0.0652918 0.256183 102 152 0
0.523299 0.060006 0.255784 102 152 0
0.523428 0.054705 0.255591 102 152 0
0.523509 0.0494015 0.255456 102 152 0
0.523653 0.0390816 0.255173 102 152 0
0.523886 0.0340871 0.254753 102 152 0
0.524198 0.0290869 0.254523 102 152 0
0.52449 0.024082 0.254317 102 152 0
0.52481 0.0190811 0.25406 102 152 0
0.525128 0.0140786 0.253832 102 152 0
0.525407 0.00907087 0.253683 102 152 0
0.525628 0.00405876 0.253597 102 152 0
0.525798 -0.000956067 0.253599 102 152 0
0.525928 -0.00597093 0.253707 102 152 0
0.526013 -0.0109848 0.253884 102 152 0
0.525986 -0.0160017 0.25393 102 152 0
0.525867 -0.0210133 0.254145 102 152 0
0.525661 -0.0258988 0.254496 102 152 0
0.525322 -0.0306841 0.255106 102 152 0
0.524908 -0.0354444 0.255856 102 152 0
0.524696 -0.0401818 0.256791 102 152 0
0.524584 -0.0449217 0.257747 102 152 0
0.524518 -0.0496737 0.258645 102 152 0
0.524542 -0.0544448 0.25943 102 152 0
0.524675 -0.0592442 0.26 102 152 0
0.524848 -0.0640641 0.260318 102 152 0
0.524854 -0.0689007 0.260302 102 152 0
0.524886 -0.0737368 0.260237 102 152 0
0.525068 -0.0792152 0.259909 102 152 0
0.525393 -0.084027 0.259336 102 152 0
0.525733 -0.0888361 0.258749 102 152 0
0.526182 -0.0936345 0.258152 102 152 0
0.526593 -0.098436 0.257555 102 152 0
0.526915 -0.103248 0.256985 102 152 0
0.527197 -0.108071 0.256484 102 152 0
0.52744 -0.112903 0.256063 102 152 0
0.527614 -0.117742 0.2557 102 152 0
0.527628 -0.122588 0.255404 103 151 0
0.527933 -0.130573 0.255314 103 151 0
0.527872 -0.13555 0.255277 103 151 0
0.52791 -0.140527 0.255187 103 151 0
0.527964 -0.145501 0.255282 103 151 0
0.528042 -0.15046 0.25568 103 151 0
0.527894 -0.155391 0.256332 103 151 0
0.527698 -0.160278 0.257262 103 151 0
0.527445 -0.165141 0.258298 103 151 0
0.527257 -0.170029 0.259223 103 151 0
0.527249 -0.174973 0.259789 103 151 0
0.527438 -0.17994 0.260031 103 151 0
0.527627 -0.184906 0.25983 103 151 0
0.527775 -0.18986 0.259577 103 151 0
0.52857 -0.194557 0.258175 103 151 0
0.529836 -0.199785 0.25601 103 151 0
0.530197 -0.204953 0.255356 103 151 0
0.530565 -0.210123 0.254718 103 151 0
0.530949 -0.215332 0.254676 103 151 0
0.531218 -0.220546 0.254798 103 151 0
0.531393 -0.225753 0.255139 103 151 0
0.531331 -0.230927 0.255822 103 151 0
0.53102 -0.236039 0.256843 103 151 0
0.530423 -0.241124 0.257874 103 151 0
0.529611 -0.246091 0.259256 103 151 0
0.530549 -0.240665 0.25767 103 151 0
0.530846 -0.236066 0.256724 103 151 0
0.531031 -0.231435 0.255844 103 151 0
0.531127 -0.226768 0.255188 103 151 0
0.531051 -0.22207 0.254803 103 151 0
0.530839 -0.217359 0.254645 103 151 0
0.53062 -0.212647 0.254603 103 151 0
0.530592 -0.20793 0.254646 103 151 0
0.529634 -0.200099 0.256278 103 151 0
0.528643 -0.195546 0.25805 103 151 0
0.528024 -0.190733 0.259144 103 151 0
0.527626 -0.185802 0.259756 103 151 0
0.527209 -0.180834 0.259912 103 151 0
0.526981 -0.175855 0.25973 103 151 0
0.526974 -0.170896 0.259194 103 151 0
0.527257 -0.166002 0.258289 103 151 0
0.527521 -0.161128 0.257263 103 151 0
0.527726 -0.156235 0.256316 103 151 0
0.527807 -0.151304 0.255581 103 151 0
0.527881 -0.146334 0.255234 103 151 0
0.52796 -0.141349 0.255141 104 150 0
0.527729 -0.13637 0.255238 104 150 0
0.527688 -0.131214 0.255088 104 150 0
0.527624 -0.126465 0.2553 104 150 0
0.527565 -0.121714 0.255449 104 150 0
0.527426 -0.116969 0.2557 104 150 0
0.527223 -0.112233 0.256052 104 150 0
0.526978 -0.107505 0.256472 104 150 0
0.526696 -0.102785 0.256963 104 150 0
0.526381 -0.0980752 0.257527 104 150 0
0.526036 -0.0933742 0.258144 104 150 0
0.525713 -0.0886772 0.258801 104 150 0
0.525374 -0.0839732 0.259397 104 150 0
0.525061 -0.0785078 0.259915 104 150 0
0.524983 -0.0736835 0.260066 104 150 0
0.524595 -0.0688732 0.260085 104 150 0
0.524237 -0.0640622 0.259942 104 150 0
0.524 -0.0592572 0.259572 104 150 0
0.523896 -0.0544684 0.258986 104 150 0
0.523886 -0.0496997 0.25824 104 150 0
0.524026 -0.0449495 0.25741 104 150 0
0.524484 -0.0402131 0.256599 104 150 0
0.525009 -0.0355056 0.255668 104 150 0
0.525573 -0.0271733 0.25464 104 150 0
0.525768 -0.0223216 0.254313 104 150 0
0.525927 -0.017464 0.254051 104 150 0
0.52607 -0.0126057 0.2538 104 150 0
0.526114 -0.00774228 0.253644 104 150 0
0.525946 -0.00287908 0.253544 104 150 0
0.525734 0.00198356 0.253531 104 150 0
0.525503 0.00684538 0.253541 104 150 0
0.525242 0.0117051 0.253611 104 150 0
0.524908 0.0165569 0.253808 104 150 0
0.524533 0.0214023 0.254074 104 150 0
0.524179 0.0262502 0.254327 104 150 0
0.523948 0.0311021 0.254623 104 150 0
0.523701 0.0359441 0.255049 104 150 0
0.523497 0.0414509 0.255445 104 150 0
0.5235 0.0467127 0.255434 104 150 0
0.523444 0.0519737 0.255521 104 150 0
0.523394 0.057234 0.255637 104 150 0
0.523208 0.0624837 0.255943 104 150 0
0.522933 0.0677163 0.256424 104 150 0
0.522468 0.0729309 0.256954 104 150 0
0.522 0.0781321 0.257593 104 150 0
0.521679 0.0804911 0.257921 105 149 0
0.521185 0.0855146 0.257774 105 149 0
0.52089 0.0905357 0.25736 105 149 0
0.520708 0.0955689 0.256954 105 149 0
0.520636 0.10061 0.256862 105 149 0
0.520124 0.100669 0.257719 105 149 0
0.571468 0.104526 0.288173 105 149 0
0.571861 0.104442 0.287257 105 149 0
0.572483 0.1026 0.285682 105 149 0
0.573672 0.0984407 0.283911 105 149 0
0.574736 0.0941613 0.282364 105 149 0
0.57566 0.0897674 0.281071 105 149 0
0.575849 0.0844763 0.280804 105 149 0
0.575795 0.0797164 0.28088 105 149 0
0.575657 0.0749603 0.281062 105 149 0
0.57542 0.070218 0.281397 105 149 0
0.575093 0.0654912 0.281865 105 149 0
0.574694 0.0607814 0.282434 105 149 0
0.574226 0.0560915 0.283111 105 149 0
0.573693 0.0514234 0.283884 105 149 0
0.572698 0.0414137 0.285927 105 149 0
0.572685 0.0364278 0.286853 105 149 0
0.572491 0.0313991 0.287485 105 149 0
0.572359 0.0263641 0.288088 105 149 0
0.57237 0.021308 0.288496 105 149 0
0.572488 0.0162374 0.288581 105 149 0
0.572834 0.011177 0.288516 105 149 0
0.573153 0.00612791 0.288146 105 149 0
0.573451 0.00109714 0.287566 105 149 0
0.573818 -0.0039185 0.286902 105 149 0
0.574289 -0.00892331 0.286222 105 149 0
0.574858 -0.0138687 0.285248 105 149 0
0.575465 -0.0188236 0.284359 105 149 0
0.575699 -0.0264411 0.283789 105 149 0
0.575395 -0.0314321 0.284561 105 149 0
0.575379 -0.0363903 0.285556 105 149 0
0.575217 -0.0413583 0.286497 105 149 0
0.574994 -0.0463086 0.287523 105 149 0
0.574777 -0.0512757 0.288465 105 149 0
0.574599 -0.0562698 0.289255 105 149 0
0.574534 -0.0612905 0.289877 105 149 0
0.574358 -0.066316 0.290411 105 149 0
0.574255 -0.0713704 0.290559 105 149 0
0.574491 -0.0771573 0.290248 105 149 0
0.575012 -0.0820278 0.289471 105 149 0
0.575497 -0.0869237 0.288847 106 148 0
0.57612 -0.0918243 0.288405 106 148 0
0.576734 -0.0967292 0.288 106 148 0
0.577271 -0.101651 0.287701 106 148 0
0.577758 -0.106582 0.2875 106 148 0
0.578226 -0.111517 0.287331 106 148 0
0.578603 -0.116441 0.286874 106 148 0
0.578956 -0.121368 0.286427 106 148 0
0.579658 -0.129103 0.285446 106 148 0
0.579938 -0.133993 0.285045 106 148 0
0.58017 -0.138891 0.284713 106 148 0
0.580318 -0.143797 0.284499 106 148 0
0.58023 -0.148702 0.284612 106 148 0
0.579838 -0.153569 0.285168 106 148 0
0.579417 -0.158408 0.285918 106 148 0
0.578932 -0.163223 0.286777 106 148 0
0.578467 -0.168049 0.287585 106 148 0
0.577958 -0.172881 0.288328 106 148 0
0.577524 -0.177735 0.288963 106 148 0
0.577228 -0.182622 0.289373 106 148 0
0.577122 -0.187526 0.289616 106 148 0
0.577211 -0.192422 0.289201 106 148 0
0.577361 -0.197486 0.28858 106 148 0
0.577771 -0.202207 0.28863 106 148 0
0.578335 -0.206925 0.288567 106 148 0
0.578878 -0.211646 0.288476 106 148 0
0.579455 -0.216363 0.288362 106 148 0
0.580059 -0.221075 0.288195 106 148 0
0.58055 -0.225796 0.287981 106 148 0
0.580823 -0.230536 0.287771 106 148 0
0.580883 -0.235285 0.287686 106 148 0
0.580783 -0.240035 0.287839 106 148 0
0.580696 -0.244778 0.288109 106 148 0
0.580839 -0.238887 0.287499 106 148 0
0.580776 -0.234133 0.287589 106 148 0
0.580643 -0.229383 0.287785 106 148 0
0.580437 -0.224639 0.288054 106 148 0
0.580039 -0.219908 0.288294 106 148 0
0.579493 -0.215185 0.288455 106 148 0
0.578938 -0.210463 0.288585 106 148 0
0.578304 -0.205752 0.288579 106 148 0
0.57741 -0.197926 0.288702 106 148 0
0.577269 -0.193055 0.289243 106 148 0
0.577188 -0.188161 0.289472 106 148 0
0.577178 -0.18326 0.289446 106 148 0
0.577408 -0.178375 0.289148 107 147 0
0.577833 -0.173531 0.288524 107 147 0
0.578344 -0.168711 0.287789 107 147 0
0.578808 -0.163897 0.286983 107 147 0
0.579291 -0.159093 0.286131 107 147 0
0.579716 -0.154268 0.285372 107 147 0
0.58011 -0.149416 0.284797 107 147 0
0.580286 -0.144529 0.284551 107 147 0
0.580297 -0.139627 0.284532 107 147 0
0.580069 -0.13474 0.284859 107 147 0
0.579745 -0.12987 0.285288 107 147 0
0.57928 -0.124763 0.285937 107 147 0
0.578868 -0.119643 0.286515 107 147 0
0.578462 -0.114521 0.287074 107 147 0
0.57794 -0.109383 0.287301 107 147 0
0.577436 -0.104241 0.287472 107 147 0
0.576911 -0.0991056 0.287749 107 147 0
0.576301 -0.0939867 0.288133 107 147 0
0.575647 -0.0888781 0.288573 107 147 0
0.575134 -0.0837944 0.289344 107 147 0
0.574626 -0.0790711 0.290031 107 147 0
0.574436 -0.0739865 0.290309 107 147 0
0.574266 -0.0688993 0.29055 107 147 0
0.574348 -0.0638065 0.290427 107 147 0
0.574615 -0.0587341 0.29003 107 147 0
0.574666 -0.0537124 0.289168 107 147 0
0.574875 -0.0487231 0.288154 107 147 0
0.575149 -0.0437729 0.286977 107 147 0
0.575309 -0.0388212 0.285786 107 147 0
0.575512 -0.0338813 0.284626 107 147 0
0.575697 -0.0258999 0.283788 107 147 0
0.575443 -0.0210337 0.284458 107 147 0
0.575013 -0.016181 0.285138 107 147 0
0.574628 -0.0113144 0.285742 107 147 0
0.574171 -0.00648423 0.286561 107 147 0
0.573663 -0.00167274 0.287456 107 147 0
0.573256 0.00317025 0.288225 107 147 0
0.572921 0.00805551 0.288704 107 147 0
0.572702 0.0129614 0.289003 107 147 0
0.572574 0.0178786 0.28908 107 147 0
0.57246 0.0227882 0.288832 107 147 0
0.572498 0.0276729 0.288268 107 147 0
0.572632 0.0325508 0.287637 107 147 0
0.572669 0.0374075 0.286853 107 147 0
0.57241 0.0420788 0.285655 107 147 0
0.573048 0.0471436 0.284729 108 146 0
0.573719 0.0521997 0.283781 108 146 0
0.574318 0.0572781 0.282907 108 146 0
0.574838 0.0623889 0.282185 108 146 0
0.575283 0.0675223 0.281583 108 146 0
0.575599 0.0726804 0.281128 108 146 0
0.575789 0.0778581 0.280876 108 146 0
0.575886 0.0830423 0.280738 108 146 0
0.575892 0.0857776 0.28072 108 146 0
0.575213 0.0911663 0.281743 108 146 0
0.574196 0.0963888 0.28324 108 146 0
0.572878 0.101404 0.285155 108 146 0
0.572481 0.101501 0.286067 108 146 0
0.519653 0.103379 0.257813 108 146 0
0.520161 0.103306 0.256955 108 146 0
0.518367 0.101516 0.255754 108 146 0
0.515037 0.0985328 0.253645 108 146 0
0.511687 0.0955667 0.251549 108 146 0
0.508218 0.0927596 0.249414 108 146 0
0.504705 0.089976 0.247322 108 146 0
0.501192 0.087131 0.245322 108 146 0
0.501118 0.0822186 0.245437 108 146 0
0.501158 0.0770534 0.245369 108 146 0
0.500816 0.0719048 0.245137 108 146 0
0.500485 0.0667573 0.244856 108 146 0
0.50012 0.0616094 0.244632 108 146 0
0.499685 0.056463 0.244531 108 146 0
0.4992 0.0513202 0.244496 108 146 0
0.499052 0.0461632 0.244742 108 146 0
0.499166 0.0384977 0.244905 108 146 0
0.500102 0.0334381 0.244512 108 146 0
0.500815 0.0283681 0.243862 108 146 0
0.501477 0.0232881 0.243229 108 146 0
0.502133 0.018219 0.242508 108 146 0
0.502763 0.0131423 0.241819 108 146 0
0.50338 0.00804617 0.241282 108 146 0
0.503922 0.00292684 0.240906 108 146 0
0.504358 -0.00221148 0.240738 108 146 0
0.504636 -0.00736073 0.240886 108 146 0
0.504767 -0.0125016 0.241321 108 146 0
0.504943 -0.0176289 0.241881 108 146 0
0.505018 -0.0227334 0.242551 108 146 0
0.504545 -0.0280244 0.243466 108 146 0
0.504171 -0.0327884 0.244181 108 146 0
0.503769 -0.0375399 0.244961 108 146 0
0.503405 -0.0423053 0.24567 109 145 0
0.503031 -0.0470937 0.246185 109 145 0
0.502769 -0.0519028 0.246554 109 145 0
0.502593 -0.0567262 0.246716 109 145 0
0.502512 -0.0615559 0.246693 109 145 0
0.502583 -0.0663846 0.246568 109 145 0
0.502751 -0.0712059 0.246307 109 145 0
0.502899 -0.0760268 0.246059 109 145 0
0.503359 -0.081283 0.245734 109 145 0
0.50352 -0.0861584 0.245421 109 145 0
0.503656 -0.0910387 0.245161 109 145 0
0.503779 -0.0959223 0.244967 109 145 0
0.503861 -0.100809 0.244852 109 145 0
0.503919 -0.105697 0.244762 109 145 0
0.503986 -0.110584 0.244645 109 145 0
0.504066 -0.11547 0.244486 109 145 0
0.504133 -0.120356 0.244322 109 145 0
0.504224 -0.12524 0.244101 109 145 0
0.504137 -0.133063 0.244263 109 145 0
0.504333 -0.13798 0.244138 109 145 0
0.504741 -0.142884 0.24425 109 145 0
0.504966 -0.1478 0.244441 109 145 0
0.505185 -0.152715 0.244659 109 145 0
0.505443 -0.157631 0.244798 109 145 0
0.505733 -0.162546 0.244861 109 145 0
0.506063 -0.16746 0.2449 109 145 0
0.50648 -0.172367 0.24491 109 145 0
0.506665 -0.177278 0.244584 109 145 0
0.507083 -0.182178 0.244332 109 145 0
0.507459 -0.187081 0.244064 109 145 0
0.507942 -0.191961 0.243637 109 145 0
0.508577 -0.196827 0.243222 109 145 0
0.508127 -0.201998 0.242922 109 145 0
0.507819 -0.207022 0.242897 109 145 0
0.507068 -0.21199 0.242597 109 145 0
0.506602 -0.216999 0.242414 109 145 0
0.506228 -0.222015 0.242209 109 145 0
0.505822 -0.227028 0.241993 109 145 0
0.505029 -0.231985 0.24162 109 145 0
0.504609 -0.236998 0.241435 109 145 0
0.50427 -0.242014 0.241169 109 145 0
0.503524 -0.246968 0.240704 109 145 0
0.504088 -0.24157 0.24122 109 145 0
0.504602 -0.236263 0.241432 109 145 0
0.505379 -0.230998 0.24182 109 145 0
0.506152 -0.225731 0.242192 110 144 0
0.506778 -0.220446 0.242581 110 144 0
0.507475 -0.215169 0.242963 110 144 0
0.508144 -0.209903 0.243414 110 144 0
0.508124 -0.202458 0.242923 110 144 0
0.507795 -0.197539 0.243051 110 144 0
0.507413 -0.192634 0.243459 110 144 0
0.507071 -0.187713 0.243702 110 144 0
0.506727 -0.182795 0.24399 110 144 0
0.506523 -0.177877 0.244384 110 144 0
0.506337 -0.172952 0.244711 110 144 0
0.50608 -0.168023 0.244872 110 144 0
0.505769 -0.163095 0.244866 110 144 0
0.505474 -0.158166 0.244805 110 144 0
0.505212 -0.153236 0.244676 110 144 0
0.504988 -0.148307 0.244466 110 144 0
0.504679 -0.143386 0.244203 110 144 0
0.504148 -0.13848 0.244253 110 144 0
0.504171 -0.133185 0.244199 110 144 0
0.504147 -0.127947 0.244248 110 144 0
0.504131 -0.122709 0.244274 110 144 0
0.504089 -0.117472 0.244416 110 144 0
0.504003 -0.112238 0.244613 110 144 0
0.503934 -0.107001 0.244747 110 144 0
0.503882 -0.101763 0.244828 110 144 0
0.503819 -0.0965256 0.244912 110 144 0
0.503686 -0.091292 0.245102 110 144 0
0.503573 -0.0860572 0.24526 110 144 0
0.503359 -0.081283 0.245734 110 144 0
0.503038 -0.076246 0.245989 110 144 0
0.502733 -0.0712043 0.246286 110 144 0
0.502572 -0.0661575 0.246605 110 144 0
0.502374 -0.0611023 0.246678 110 144 0
0.502537 -0.0560457 0.246715 110 144 0
0.502682 -0.0509953 0.246447 110 144 0
0.503057 -0.045965 0.246057 110 144 0
0.503388 -0.0409582 0.245408 110 144 0
0.503918 -0.0359788 0.244694 110 144 0
0.504554 -0.0283234 0.243451 110 144 0
0.504649 -0.0232126 0.242531 110 144 0
0.504533 -0.0180557 0.241826 110 144 0
0.504506 -0.0128864 0.241201 110 144 0
0.504383 -0.00770137 0.240747 110 144 0
0.504113 -0.00250699 0.240577 110 144 0
0.50368 0.00267768 0.24073 110 144 0
0.503132 0.00784136 0.241114 111 143 0
0.502509 0.0129821 0.241658 111 143 0
0.501872 0.0181038 0.24235 111 143 0
0.501212 0.0232176 0.243078 111 143 0
0.500447 0.028309 0.243854 111 143 0
0.499373 0.0333612 0.244499 111 143 0
0.49896 0.0381388 0.244933 111 143 0
0.499074 0.0433754 0.244708 111 143 0
0.499102 0.0486161 0.244563 111 143 0
0.499249 0.0538538 0.244384 111 143 0
0.499337 0.0590932 0.244218 111 143 0
0.499365 0.0643357 0.24417 111 143 0
0.499336 0.0695781 0.244221 111 143 0
0.499309 0.0748207 0.244267 111 143 0
0.499255 0.0800624 0.244356 111 143 0
0.501062 0.0813811 0.245526 111 143 0
0.503931 0.0847969 0.247135 111 143 0
0.506843 0.0881544 0.248793 111 143 0
0.50975 0.0915121 0.250459 111 143 0
0.51263 0.0948699 0.25217 111 143 0
0.515549 0.0981456 0.25397 111 143 0
0.518367 0.101516 0.255754 111 143 0
0.517854 0.101568 0.256611 111 143 0
0.571468 0.104526 0.288173 111 143 0
0.571861 0.104442 0.287257 111 143 0
0.574641 0.102422 0.286348 111 143 0
0.578434 0.0998833 0.286663 111 143 0
0.582192 0.0973271 0.287203 111 143 0
0.585676 0.0944677 0.288007 111 143 0
0.589141 0.091646 0.288997 111 143 0
0.590074 0.0867277 0.289907 111 143 0
0.590728 0.08156 0.290766 111 143 0
0.591515 0.0764023 0.291594 111 143 0
0.592393 0.0712741 0.29251 111 143 0
0.593353 0.0661538 0.293386 111 143 0
0.594398 0.0610492 0.294257 111 143 0
0.595354 0.0559194 0.295081 111 143 0
0.596081 0.0507544 0.295852 111 143 0
0.596381 0.0429606 0.296644 111 143 0
0.596002 0.0380448 0.297155 111 143 0
0.59579 0.0331387 0.29781 111 143 0
0.595462 0.0282287 0.298403 111 143 0
0.595132 0.023324 0.299038 111 143 0
0.594835 0.0184144 0.299639 111 143 0
0.594811 0.0135004 0.300288 111 143 0
0.594776 0.0085821 0.300903 112 142 0
0.59478 0.00366391 0.301519 112 142 0
0.594701 -0.00127148 0.301966 112 142 0
0.59479 -0.00621594 0.302282 112 142 0
0.59497 -0.0111652 0.302471 112 142 0
0.59525 -0.0161019 0.302765 112 142 0
0.595196 -0.0210557 0.302865 112 142 0
0.595438 -0.0260652 0.302551 112 142 0
0.595769 -0.0312356 0.301908 112 142 0
0.596363 -0.0364125 0.301575 112 142 0
0.596861 -0.041609 0.30142 112 142 0
0.59718 -0.0468216 0.301473 112 142 0
0.597299 -0.0520352 0.301758 112 142 0
0.597438 -0.0572326 0.302247 112 142 0
0.597209 -0.0624426 0.30253 112 142 0
0.596987 -0.0676528 0.302815 112 142 0
0.596857 -0.0728699 0.302994 112 142 0
0.596771 -0.0783645 0.303188 112 142 0
0.596762 -0.0832622 0.303206 112 142 0
0.597031 -0.0881456 0.303453 112 142 0
0.597311 -0.0930291 0.303703 112 142 0
0.597647 -0.0979114 0.303896 112 142 0
0.598077 -0.102789 0.303948 112 142 0
0.598603 -0.107657 0.303859 112 142 0
0.599117 -0.11251 0.303531 112 142 0
0.599483 -0.11735 0.302874 112 142 0
0.600019 -0.122148 0.302065 112 142 0
0.60082 -0.130181 0.300544 112 142 0
0.601026 -0.134995 0.300178 112 142 0
0.601264 -0.139803 0.299764 112 142 0
0.601475 -0.144612 0.299367 112 142 0
0.60157 -0.14944 0.299226 112 142 0
0.601494 -0.15427 0.299309 112 142 0
0.601358 -0.159097 0.299482 112 142 0
0.601264 -0.163927 0.299598 112 142 0
0.6012 -0.168758 0.299672 112 142 0
0.601181 -0.17359 0.299685 112 142 0
0.601269 -0.17842 0.2996 112 142 0
0.601497 -0.18324 0.299364 112 142 0
0.601784 -0.188052 0.29904 112 142 0
0.602346 -0.1928 0.298351 112 142 0
0.60294 -0.197694 0.297623 112 142 0
0.60304 -0.202938 0.297832 112 142 0
0.603312 -0.208191 0.297911 112 142 0
0.603444 -0.213443 0.298193 112 142 0
0.603535 -0.218696 0.298449 113 141 0
0.603846 -0.223946 0.298562 113 141 0
0.603942 -0.229205 0.298474 113 141 0
0.603962 -0.234465 0.298452 113 141 0
0.603947 -0.239718 0.298738 113 141 0
0.603918 -0.244973 0.298929 113 141 0
0.604103 -0.239787 0.298332 113 141 0
0.603981 -0.235046 0.298431 113 141 0
0.603947 -0.230304 0.298471 113 141 0
0.603884 -0.225562 0.298532 113 141 0
0.603713 -0.220824 0.298509 113 141 0
0.603508 -0.216089 0.298342 113 141 0
0.603441 -0.211352 0.298113 113 141 0
0.603273 -0.206625 0.297775 113 141 0
0.602721 -0.198303 0.297765 113 141 0
0.602166 -0.193522 0.298473 113 141 0
0.601788 -0.188702 0.298985 113 141 0
0.601532 -0.183857 0.299326 113 141 0
0.601283 -0.179007 0.299587 113 141 0
0.60118 -0.174145 0.299685 113 141 0
0.601193 -0.169281 0.29968 113 141 0
0.601255 -0.164417 0.299609 113 141 0
0.601349 -0.159555 0.299493 113 141 0
0.601482 -0.154696 0.299324 113 141 0
0.601564 -0.149833 0.299232 113 141 0
0.601485 -0.144973 0.299353 113 141 0
0.601314 -0.140119 0.299605 113 141 0
0.601113 -0.135266 0.299867 113 141 0
0.600755 -0.129817 0.300316 113 141 0
0.600238 -0.124698 0.301457 113 141 0
0.59965 -0.119551 0.30243 113 141 0
0.599103 -0.114384 0.303316 113 141 0
0.598458 -0.109168 0.303706 113 141 0
0.597825 -0.103936 0.303825 113 141 0
0.597352 -0.0986867 0.303765 113 141 0
0.597017 -0.0934311 0.303539 113 141 0
0.596726 -0.0881748 0.30328 113 141 0
0.596716 -0.082904 0.303313 113 141 0
0.596772 -0.0776462 0.303188 113 141 0
0.596842 -0.0728405 0.303032 113 141 0
0.596766 -0.0680417 0.302743 113 141 0
0.596651 -0.0632533 0.302319 113 141 0
0.596536 -0.0584674 0.301865 113 141 0
0.596404 -0.0536803 0.301428 113 141 0
0.59625 -0.0488867 0.301095 113 141 0
0.596117 -0.044083 0.300979 114 140 0
0.596038 -0.0392764 0.301095 114 140 0
0.595963 -0.0344862 0.301474 114 140 0
0.595497 -0.0265321 0.302472 114 140 0
0.595351 -0.0215742 0.302644 114 140 0
0.595377 -0.0166116 0.302614 114 140 0
0.595303 -0.0116497 0.302621 114 140 0
0.595117 -0.00669284 0.302446 114 140 0
0.595005 -0.00174028 0.302144 114 140 0
0.595098 0.00320439 0.301718 114 140 0
0.595352 0.00813723 0.301226 114 140 0
0.595393 0.0130628 0.300613 114 140 0
0.595417 0.0179843 0.299966 114 140 0
0.595463 0.0228972 0.299258 114 140 0
0.595712 0.0278078 0.298589 114 140 0
0.596129 0.032706 0.29791 114 140 0
0.596059 0.037595 0.297086 114 140 0
0.595831 0.0428175 0.296122 114 140 0
0.595086 0.0480167 0.295431 114 140 0
0.594561 0.0532492 0.294711 114 140 0
0.593972 0.058484 0.294062 114 140 0
0.593321 0.0637182 0.293467 114 140 0
0.592699 0.0689513 0.292835 114 140 0
0.592155 0.0741866 0.292151 114 140 0
0.591629 0.0794208 0.291446 114 140 0
0.590956 0.0846176 0.290687 114 140 0
0.588969 0.0862978 0.289124 114 140 0
0.586036 0.0906769 0.287536 114 140 0
0.582717 0.0949813 0.286756 114 140 0
0.578841 0.098856 0.286419 114 140 0
0.574641 0.102422 0.286348 114 140 0
0.574234 0.102494 0.287258 114 140 0
0.519653 0.103379 0.257813 114 140 0
0.520161 0.103306 0.256955 114 140 0
0.520161 0.103306 0.256955 114 140 0
0.520636 0.10061 0.256862 114 140 0
0.520732 0.0958579 0.25692 114 140 0
0.52093 0.0911137 0.257296 114 140 0
0.521222 0.0864211 0.257989 114 140 0
0.521588 0.0810517 0.25784 114 140 0
0.522169 0.0758166 0.257204 114 140 0
0.522628 0.070555 0.256695 114 140 0
0.523065 0.0652918 0.256183 114 140 0
0.523299 0.060006 0.255784 114 140 0
0.523428 0.054705 0.255591 114 140 0
0.523509 0.0494015 0.255456 115 139 0
0.523653 0.0390816 0.255173 115 139 0
0.523886 0.0340871 0.254753 115 139 0
0.524198 0.0290869 0.254523 115 139 0
0.52449 0.024082 0.254317 115 139 0
0.52481 0.0190811 0.25406 115 139 0
0.525128 0.0140786 0.253832 115 139 0
0.525407 0.00907087 0.253683 115 139 0
0.525628 0.00405876 0.253597 115 139 0
0.525798 -0.000956067 0.253599 115 139 0
0.525928 -0.00597093 0.253707 115 139 0
0.526013 -0.0109848 0.253884 115 139 0
0.525986 -0.0160017 0.25393 115 139 0
0.525867 -0.0210133 0.254145 115 139 0
0.525661 -0.0258988 0.254496 115 139 0
0.525322 -0.0306841 0.255106 115 139 0
0.524908 -0.0354444 0.255856 115 139 0
0.524696 -0.0401818 0.256791 115 139 0
0.524584 -0.0449217 0.257747 115 139 0
0.524518 -0.0496737 0.258645 115 139 0
0.524542 -0.0544448 0.25943 115 139 0
0.524675 -0.0592442 0.26 115 139 0
0.524848 -0.0640641 0.260318 115 139 0
0.524854 -0.0689007 0.260302 115 139 0
0.524886 -0.0737368 0.260237 115 139 0
0.525068 -0.0792152 0.259909 115 139 0
0.525393 -0.084027 0.259336 115 139 0
0.525733 -0.0888361 0.258749 115 139 0
0.526182 -0.0936345 0.258152 115 139 0
0.526593 -0.098436 0.257555 115 139 0
0.526915 -0.103248 0.256985 115 139 0
0.527197 -0.108071 0.256484 115 139 0
0.52744 -0.112903 0.256063 115 139 0
0.527614 -0.117742 0.2557 115 139 0
0.527628 -0.122588 0.255404 115 139 0
0.527933 -0.130573 0.255314 115 139 0
0.527872 -0.13555 0.255277 115 139 0
0.52791 -0.140527 0.255187 115 139 0
0.527964 -0.145501 0.255282 115 139 0
0.528042 -0.15046 0.25568 115 139 0
0.527894 -0.155391 0.256332 115 139 0
0.527698 -0.160278 0.257262 115 139 0
0.527445 -0.165141 0.258298 115 139 0
0.527257 -0.170029 0.259223 115 139 0
0.527249 -0.174973 0.259789 115 139 0
0.527438 -0.17994 0.260031 116 138 0
0.527627 -0.184906 0.25983 116 138 0
0.527775 -0.18986 0.259577 116 138 0
0.52857 -0.194557 0.258175 116 138 0
0.529836 -0.199785 0.25601 116 138 0
0.530197 -0.204953 0.255356 116 138 0
0.530565 -0.210123 0.254718 116 138 0
0.530949 -0.215332 0.254676 116 138 0
0.531218 -0.220546 0.254798 116 138 0
0.531393 -0.225753 0.255139 116 138 0
0.531331 -0.230927 0.255822 116 138 0
0.53102 -0.236039 0.256843 116 138 0
0.530423 -0.241124 0.257874 116 138 0
0.529611 -0.246091 0.259256 116 138 0
0.530549 -0.240665 0.25767 116 138 0
0.530846 -0.236066 0.256724 116 138 0
0.531031 -0.231435 0.255844 116 138 0
0.531127 -0.226768 0.255188 116 138 0
0.531051 -0.22207 0.254803 116 138 0
0.530839 -0.217359 0.254645 116 138 0
0.53062 -0.212647 0.254603 116 138 0
0.530592 -0.20793 0.254646 116 138 0
0.529634 -0.200099 0.256278 116 138 0
0.528643 -0.195546 0.25805 116 138 0
0.528024 -0.190733 0.259144 116 138 0
0.527626 -0.185802 0.259756 116 138 0
0.527209 -0.180834 0.259912 116 138 0
0.526981 -0.175855 0.25973 116 138 0
0.526974 -0.170896 0.259194 116 138 0
0.527257 -0.166002 0.258289 116 138 0
0.527521 -0.161128 0.257263 116 138 0
0.527726 -0.156235 0.256316 116 138 0
0.527807 -0.151304 0.255581 116 138 0
0.527881 -0.146334 0.255234 116 138 0
0.52796 -0.141349 0.255141 116 138 0
0.527729 -0.13637 0.255238 116 138 0
0.527688 -0.131214 0.255088 116 138 0
0.527624 -0.126465 0.2553 116 138 0
0.527565 -0.121714 0.255449 116 138 0
0.527426 -0.116969 0.2557 116 138 0
0.527223 -0.112233 0.256052 116 138 0
0.526978 -0.107505 0.256472 116 138 0
0.526696 -0.102785 0.256963 116 138 0
0.526381 -0.0980752 0.257527 116 138 0
0.526036 -0.0933742 0.258144 116 138 0
0.525713 -0.0886772 0.258801 117 137 0
0.525374 -0.0839732 0.259397 117 137 0
0.525061 -0.0785078 0.259915 117 137 0
0.524983 -0.0736835 0.260066 117 137 0
0.524595 -0.0688732 0.260085 117 137 0
0.524237 -0.0640622 0.259942 117 137 0
0.524 -0.0592572 0.259572 117 137 0
0.523896 -0.0544684 0.258986 117 137 0
0.523886 -0.0496997 0.25824 117 137 0
0.524026 -0.0449495 0.25741 117 137 0
0.524484 -0.0402131 0.256599 117 137 0
0.525009 -0.0355056 0.255668 117 137 0
0.525573 -0.0271733 0.25464 117 137 0
0.525768 -0.0223216 0.254313 117 137 0
0.525927 -0.017464 0.254051 117 137 0
0.52607 -0.0126057 0.2538 117 137 0
0.526114 -0.00774228 0.253644 117 137 0
0.525946 -0.00287908 0.253544 117 137 0
0.525734 0.00198356 0.253531 117 137 0
0.525503 0.00684538 0.253541 117 137 0
0.525242 0.0117051 0.253611 117 137 0
0.524908 0.0165569 0.253808 117 137 0
0.524533 0.0214023 0.254074 117 137 0
0.524179 0.0262502 0.254327 117 137 0
0.523948 0.0311021 0.254623 117 137 0
0.523701 0.0359441 0.255049 117 137 0
0.523497 0.0414509 0.255445 117 137 0
0.5235 0.0467127 0.255434 117 137 0
0.523444 0.0519737 0.255521 117 137 0
0.523394 0.057234 0.255637 117 137 0
0.523208 0.0624837 0.255943 117 137 0
0.522933 0.0677163 0.256424 117 137 0
0.522468 0.0729309 0.256954 117 137 0
0.522 0.0781321 0.257593 117 137 0
0.521679 0.0804911 0.257921 117 137 0
0.521185 0.0855146 0.257774 117 137 0
0.52089 0.0905357 0.25736 117 137 0
0.520708 0.0955689 0.256954 117 137 0
0.520636 0.10061 0.256862 117 137 0
0.520124 0.100669 0.257719 117 137 0
0.571468 0.104526 0.288173 117 137 0
0.571861 0.104442 0.287257 117 137 0
0.572483 0.1026 0.285682 117 137 0
0.573672 0.0984407 0.283911 117 137 0
0.574736 0.0941613 0.282364 117 137 0
0.57566 0.0897674 0.281071 118 136 0
0.575849 0.0844763 0.280804 118 136 0
0.575795 0.0797164 0.28088 118 136 0
0.575657 0.0749603 0.281062 118 136 0
0.57542 0.070218 0.281397 118 136 0
0.575093 0.0654912 0.281865 118 136 0
0.574694 0.0607814 0.282434 118 136 0
0.574226 0.0560915 0.283111 118 136 0
0.573693 0.0514234 0.283884 118 136 0
0.572698 0.0414137 0.285927 118 136 0
0.572685 0.0364278 0.286853 118 136 0
0.572491 0.0313991 0.287485 118 136 0
0.572359 0.0263641 0.288088 118 136 0
0.57237 0.021308 0.288496 118 136 0
0.572488 0.0162374 0.288581 118 136 0
0.572834 0.011177 0.288516 118 136 0
0.573153 0.00612791 0.288146 118 136 0
0.573451 0.00109714 0.287566 118 136 0
0.573818 -0.0039185 0.286902 118 136 0
0.574289 -0.00892331 0.286222 118 136 0
0.574858 -0.0138687 0.285248 118 136 0
0.575465 -0.0188236 0.284359 118 136 0
0.575699 -0.0264411 0.283789 118 136 0
0.575395 -0.0314321 0.284561 118 136 0
0.575379 -0.0363903 0.285556 118 136 0
0.575217 -0.0413583 0.286497 118 136 0
0.574994 -0.0463086 0.287523 118 136 0
0.574777 -0.0512757 0.288465 118 136 0
0.574599 -0.0562698 0.289255 118 136 0
0.574534 -0.0612905 0.289877 118 136 0
0.574358 -0.066316 0.290411 118 136 0
0.574255 -0.0713704 0.290559 118 136 0
0.574491 -0.0771573 0.290248 118 136 0
0.575012 -0.0820278 0.289471 118 136 0
0.575497 -0.0869237 0.288847 118 136 0
0.57612 -0.0918243 0.288405 118 136 0
0.576734 -0.0967292 0.288 118 136 0
0.577271 -0.101651 0.287701 118 136 0
0.577758 -0.106582 0.2875 118 136 0
0.578226 -0.111517 0.287331 118 136 0
0.578603 -0.116441 0.286874 118 136 0
0.578956 -0.121368 0.286427 118 136 0
0.579658 -0.129103 0.285446 118 136 0
0.579938 -0.133993 0.285045 118 136 0
0.58017 -0.138891 0.284713 118 136 0
0.580318 -0.143797 0.284499 119 135 0
0.58023 -0.148702 0.284612 119 135 0
0.579838 -0.153569 0.285168 119 135 0
0.579417 -0.158408 0.285918 119 135 0
0.578932 -0.163223 0.286777 119 135 0
0.578467 -0.168049 0.287585 119 135 0
0.577958 -0.172881 0.288328 119 135 0
0.577524 -0.177735 0.288963 119 135 0
0.577228 -0.182622 0.289373 119 135 0
0.577122 -0.187526 0.289616 119 135 0
0.577211 -0.192422 0.289201 119 135 0
0.577361 -0.197486 0.28858 119 135 0
0.577771 -0.202207 0.28863 119 135 0
0.578335 -0.206925 0.288567 119 135 0
0.578878 -0.211646 0.288476 119 135 0
0.579455 -0.216363 0.288362 119 135 0
0.580059 -0.221075 0.288195 119 135 0
0.58055 -0.225796 0.287981 119 135 0
0.580823 -0.230536 0.287771 119 135 0
0.580883 -0.235285 0.287686 119 135 0
0.580783 -0.240035 0.287839 119 135 0
0.580696 -0.244778 0.288109 119 135 0
0.580839 -0.238887 0.287499 119 135 0
0.580776 -0.234133 0.287589 119 135 0
0.580643 -0.229383 0.287785 119 135 0
0.580437 -0.224639 0.288054 119 135 0
0.580039 -0.219908 0.288294 119 135 0
0.579493 -0.215185 0.288455 119 135 0
0.578938 -0.210463 0.288585 119 135 0
0.578304 -0.205752 0.288579 119 135 0
0.57741 -0.197926 0.288702 119 135 0
0.577269 -0.193055 0.289243 119 135 0
0.577188 -0.188161 0.289472 119 135 0
0.577178 -0.18326 0.289446 119 135 0
0.577408 -0.178375 0.289148 119 135 0
0.577833 -0.173531 0.288524 119 135 0
0.578344 -0.168711 0.287789 119 135 0
0.578808 -0.163897 0.286983 119 135 0
0.579291 -0.159093 0.286131 119 135 0
0.579716 -0.154268 0.285372 119 135 0
0.58011 -0.149416 0.284797 119 135 0
0.580286 -0.144529 0.284551 119 135 0
0.580297 -0.139627 0.284532 119 135 0
0.580069 -0.13474 0.284859 119 135 0
0.579745 -0.12987 0.285288 119 135 0
0.57928 -0.124763 0.285937 120 134 0
0.578868 -0.119643 0.286515 120 134 0
0.578462 -0.114521 0.287074 120 134 0
0.57794 -0.109383 0.287301 120 134 0
0.577436 -0.104241 0.287472 120 134 0
0.576911 -0.0991056 0.287749 120 134 0
0.576301 -0.0939867 0.288133 120 134 0
0.575647 -0.0888781 0.288573 120 134 0
0.575134 -0.0837944 0.289344 120 134 0
0.574626 -0.0790711 0.290031 120 134 0
0.574436 -0.0739865 0.290309 120 134 0
0.574266 -0.0688993 0.29055 120 134 0
0.574348 -0.0638065 0.290427 120 134 0
0.574615 -0.0587341 0.29003 120 134 0
0.574666 -0.0537124 0.289168 120 134 0
0.574875 -0.0487231 0.288154 120 134 0
0.575149 -0.0437729 0.286977 120 134 0
0.575309 -0.0388212 0.285786 120 134 0
0.575512 -0.0338813 0.284626 120 134 0
0.575697 -0.0258999 0.283788 120 134 0
0.575443 -0.0210337 0.284458 120 134 0
0.575013 -0.016181 0.285138 120 134 0
0.574628 -0.0113144 0.285742 120 134 0
0.574171 -0.00648423 0.286561 120 134 0
0.573663 -0.00167274 0.287456 120 134 0
0.573256 0.00317025 0.288225 120 134 0
0.572921 0.00805551 0.288704 120 134 0
0.572702 0.0129614 0.289003 120 134 0
0.572574 0.0178786 0.28908 120 134 0
0.57246 0.0227882 0.288832 120 134 0
0.572498 0.0276729 0.288268 120 134 0
0.572632 0.0325508 0.287637 120 134 0
0.572669 0.0374075 0.286853 120 134 0
0.57241 0.0420788 0.285655 120 134 0
0.573048 0.0471436 0.284729 120 134 0
0.573719 0.0521997 0.283781 120 134 0
0.574318 0.0572781 0.282907 120 134 0
0.574838 0.0623889 0.282185 120 134 0
0.575283 0.0675223 0.281583 120 134 0
0.575599 0.0726804 0.281128 120 134 0
0.575789 0.0778581 0.280876 120 134 0
0.575886 0.0830423 0.280738 120 134 0
0.575892 0.0857776 0.28072 120 134 0
0.575213 0.0911663 0.281743 120 134 0
0.574196 0.0963888 0.28324 120 134 0
0.572878 0.101404 0.285155 121 133 0
0.572481 0.101501 0.286067 121 133 0
0.519653 0.103379 0.257813 121 133 0
0.520161 0.103306 0.256955 121 133 0
0.518367 0.101516 0.255754 121 133 0
0.515037 0.0985328 0.253645 121 133 0
0.511687 0.0955667 0.251549 121 133 0
0.508218 0.0927596 0.249414 121 133 0
0.504705 0.089976 0.247322 121 133 0
0.501192 0.087131 0.245322 121 133 0
0.501118 0.0822186 0.245437 121 133 0
0.501158 0.0770534 0.245369 121 133 0
0.500816 0.0719048 0.245137 121 133 0
0.500485 0.0667573 0.244856 121 133 0
0.50012 0.0616094 0.244632 121 133 0
0.499685 0.056463 0.244531 121 133 0
0.4992 0.0513202 0.244496 121 133 0
0.499052 0.0461632 0.244742 121 133 0
0.499166 0.0384977 0.244905 121 133 0
0.500102 0.0334381 0.244512 121 133 0
0.500815 0.0283681 0.243862 121 133 0
0.501477 0.0232881 0.243229 121 133 0
0.502133 0.018219 0.242508 121 133 0
0.502763 0.0131423 0.241819 121 133 0
0.50338 0.00804617 0.241282 121 133 0
0.503922 0.00292684 0.240906 121 133 0
0.504358 -0.00221148 0.240738 121 133 0
0.504636 -0.00736073 0.240886 121 133 0
0.504767 -0.0125016 0.241321 121 133 0
0.504943 -0.0176289 0.241881 121 133 0
0.505018 -0.0227334 0.242551 121 133 0
0.504545 -0.0280244 0.243466 121 133 0
0.504171 -0.0327884 0.244181 121 133 0
0.503769 -0.0375399 0.244961 121 133 0
0.503405 -0.0423053 0.24567 121 133 0
0.503031 -0.0470937 0.246185 121 133 0
0.502769 -0.0519028 0.246554 121 133 0
0.502593 -0.0567262 0.246716 121 133 0
0.502512 -0.0615559 0.246693 121 133 0
0.502583 -0.0663846 0.246568 121 133 0
0.502751 -0.0712059 0.246307 121 133 0
0.502899 -0.0760268 0.246059 121 133 0
0.503359 -0.081283 0.245734 121 133 0
0.50352 -0.0861584 0.245421 121 133 0
0.503656 -0.0910387 0.245161 121 133 0
0.503779 -0.0959223 0.244967 122 132 0
0.503861 -0.100809 0.244852 122 132 0
0.503919 -0.105697 0.244762 122 132 0
0.503986 -0.110584 0.244645 122 132 0
0.504066 -0.11547 0.244486 122 132 0
0.504133 -0.120356 0.244322 122 132 0
0.504224 -0.12524 0.244101 122 132 0
0.504137 -0.133063 0.244263 122 132 0
0.504333 -0.13798 0.244138 122 132 0
0.504741 -0.142884 0.24425 122 132 0
0.504966 -0.1478 0.244441 122 132 0
0.505185 -0.152715 0.244659 122 132 0
0.505443 -0.157631 0.244798 122 132 0
0.505733 -0.162546 0.244861 122 132 0
0.506063 -0.16746 0.2449 122 132 0
0.50648 -0.172367 0.24491 122 132 0
0.506665 -0.177278 0.244584 122 132 0
0.507083 -0.182178 0.244332 122 132 0
0.507459 -0.187081 0.244064 122 132 0
0.507942 -0.191961 0.243637 122 132 0
0.508577 -0.196827 0.243222 122 132 0
0.508127 -0.201998 0.242922 122 132 0
0.507819 -0.207022 0.242897 122 132 0
0.507068 -0.21199 0.242597 122 132 0
0.506602 -0.216999 0.242414 122 132 0
0.506228 -0.222015 0.242209 122 132 0
0.505822 -0.227028 0.241993 122 132 0
0.505029 -0.231985 0.24162 122 132 0
0.504609 -0.236998 0.241435 122 132 0
0.50427 -0.242014 0.241169 122 132 0
0.503524 -0.246968 0.240704 122 132 0
0.504088 -0.24157 0.24122 122 132 0
0.504602 -0.236263 0.241432 122 132 0
0.505379 -0.230998 0.24182 122 132 0
0.506152 -0.225731 0.242192 122 132 0
0.506778 -0.220446 0.242581 122 132 0
0.507475 -0.215169 0.242963 122 132 0
0.508144 -0.209903 0.243414 122 132 0
0.508124 -0.202458 0.242923 122 132 0
0.507795 -0.197539 0.243051 122 132 0
0.507413 -0.192634 0.243459 122 132 0
0.507071 -0.187713 0.243702 122 132 0
0.506727 -0.182795 0.24399 122 132 0
0.506523 -0.177877 0.244384 122 132 0
0.506337 -0.172952 0.244711 122 132 0
0.50608 -0.168023 0.244872 123 131 0
0.505769 -0.163095 0.244866 123 131 0
0.505474 -0.158166 0.244805 123 131 0
0.505212 -0.153236 0.244676 123 131 0
0.504988 -0.148307 0.244466 123 131 0
0.504679 -0.143386 0.244203 123 131 0
0.504148 -0.13848 0.244253 123 131 0
0.504171 -0.133185 0.244199 123 131 0
0.504147 -0.127947 0.244248 123 131 0
0.504131 -0.122709 0.244274 123 131 0
0.504089 -0.117472 0.244416 123 131 0
0.504003 -0.112238 0.244613 123 131 0
0.503934 -0.107001 0.244747 123 131 0
0.503882 -0.101763 0.244828 123 131 0
0.503819 -0.0965256 0.244912 123 131 0
0.503686 -0.091292 0.245102 123 131 0
0.503573 -0.0860572 0.24526 123 131 0
0.503359 -0.081283 0.245734 123 131 0
0.503038 -0.076246 0.245989 123 131 0
0.502733 -0.0712043 0.246286 123 131 0
0.502572 -0.0661575 0.246605 123 131 0
0.502374 -0.0611023 0.246678 123 131 0
0.502537 -0.0560457 0.246715 123 131 0
0.502682 -0.0509953 0.246447 123 131 0
0.503057 -0.045965 0.246057 123 131 0
0.503388 -0.0409582 0.245408 123 131 0
0.503918 -0.0359788 0.244694 123 131 0
0.504554 -0.0283234 0.243451 123 131 0
0.504649 -0.0232126 0.242531 123 131 0
0.504533 -0.0180557 0.241826 123 131 0
0.504506 -0.0128864 0.241201 123 131 0
0.504383 -0.00770137 0.240747 123 131 0
0.504113 -0.00250699 0.240577 123 131 0
0.50368 0.00267768 0.24073 123 131 0
0.503132 0.00784136 0.241114 123 131 0
0.502509 0.0129821 0.241658 123 131 0
0.501872 0.0181038 0.24235 123 131 0
0.501212 0.0232176 0.243078 123 131 0
0.500447 0.028309 0.243854 123 131 0
0.499373 0.0333612 0.244499 123 131 0
0.49896 0.0381388 0.244933 123 131 0
0.499074 0.0433754 0.244708 123 131 0
0.499102 0.0486161 0.244563 123 131 0
0.499249 0.0538538 0.244384 123 131 0
0.499337 0.0590932 0.244218 123 131 0
0.499365 0.0643357 0.24417 124 130 0
0.499336 0.0695781 0.244221 124 130 0
0.499309 0.0748207 0.244267 124 130 0
0.499255 0.0800624 0.244356 124 130 0
0.501062 0.0813811 0.245526 124 130 0
0.503931 0.0847969 0.247135 124 130 0
0.506843 0.0881544 0.248793 124 130 0
0.50975 0.0915121 0.250459 124 130 0
0.51263 0.0948699 0.25217 124 130 0
0.515549 0.0981456 0.25397 124 130 0
0.518367 0.101516 0.255754 124 130 0
0.517854 0.101568 0.256611 124 130 0
0.571468 0.104526 0.288173 124 130 0
0.571861 0.104442 0.287257 124 130 0
0.574641 0.102422 0.286348 124 130 0
0.578434 0.0998833 0.286663 124 130 0
0.582192 0.0973271 0.287203 124 130 0
0.585676 0.0944677 0.288007 124 130 0
0.589141 0.091646 0.288997 124 130 0
0.590074 0.0867277 0.289907 124 130 0
0.590728 0.08156 0.290766 124 130 0
0.591515 0.0764023 0.291594 124 130 0
0.592393 0.0712741 0.29251 124 130 0
0.593353 0.0661538 0.293386 124 130 0
0.594398 0.0610492 0.294257 124 130 0
0.595354 0.0559194 0.295081 124 130 0
0.596081 0.0507544 0.295852 124 130 0
0.596381 0.0429606 0.296644 124 130 0
0.596002 0.0380448 0.297155 124 130 0
0.59579 0.0331387 0.29781 124 130 0
0.595462 0.0282287 0.298403 124 130 0
0.595132 0.023324 0.299038 124 130 0
0.594835 0.0184144 0.299639 124 130 0
0.594811 0.0135004 0.300288 124 130 0
0.594776 0.0085821 0.300903 124 130 0
0.59478 0.00366391 0.301519 124 130 0
0.594701 -0.00127148 0.301966 124 130 0
0.59479 -0.00621594 0.302282 124 130 0
0.59497 -0.0111652 0.302471 124 130 0
0.59525 -0.0161019 0.302765 124 130 0
0.595196 -0.0210557 0.302865 124 130 0
0.595438 -0.0260652 0.302551 124 130 0
0.595769 -0.0312356 0.301908 124 130 0
0.596363 -0.0364125 0.301575 124 130 0
0.596861 -0.041609 0.30142 124 130 0
0.59718 -0.0468216 0.301473 125 129 0
0.597299 -0.0520352 0.301758 125 129 0
0.597438 -0.0572326 0.302247 125 129 0
0.597209 -0.0624426 0.30253 125 129 0
0.596987 -0.0676528 0.302815 125 129 0
0.596857 -0.0728699 0.302994 125 129 0
0.596771 -0.0783645 0.303188 125 129 0
0.596762 -0.0832622 0.303206 125 129 0
0.597031 -0.0881456 0.303453 125 129 0
0.597311 -0.0930291 0.303703 125 129 0
0.597647 -0.0979114 0.303896 125 129 0
0.598077 -0.102789 0.303948 125 129 0
0.598603 -0.107657 0.303859 125 129 0
0.599117 -0.11251 0.303531 125 129 0
0.599483 -0.11735 0.302874 125 129 0
0.600019 -0.122148 0.302065 125 129 0
0.60082 -0.130181 0.300544 125 129 0
0.601026 -0.134995 0.300178 125 129 0
0.601264 -0.139803 0.299764 125 129 0
0.601475 -0.144612 0.299367 125 129 0
0.60157 -0.14944 0.299226 125 129 0
0.601494 -0.15427 0.299309 125 129 0
0.601358 -0.159097 0.299482 125 129 0
0.601264 -0.163927 0.299598 125 129 0
0.6012 -0.168758 0.299672 125 129 0
0.601181 -0.17359 0.299685 125 129 0
0.601269 -0.17842 0.2996 125 129 0
0.601497 -0.18324 0.299364 125 129 0
0.601784 -0.188052 0.29904 125 129 0
0.602346 -0.1928 0.298351 125 129 0
0.60294 -0.197694 0.297623 125 129 0
0.60304 -0.202938 0.297832 125 129 0
0.603312 -0.208191 0.297911 125 129 0
0.603444 -0.213443 0.298193 125 129 0
0.603535 -0.218696 0.298449 125 129 0
0.603846 -0.223946 0.298562 125 129 0
0.603942 -0.229205 0.298474 125 129 0
0.603962 -0.234465 0.298452 125 129 0
0.603947 -0.239718 0.298738 125 129 0
0.603918 -0.244973 0.298929 125 129 0
0.604103 -0.239787 0.298332 125 129 0
0.603981 -0.235046 0.298431 125 129 0
0.603947 -0.230304 0.298471 125 129 0
0.603884 -0.225562 0.298532 125 129 0
0.603713 -0.220824 0.298509 125 129 0
0.603508 -0.216089 0.298342 126 128 0
0.603441 -0.211352 0.298113 126 128 0
0.603273 -0.206625 0.297775 126 128 0
0.602721 -0.198303 0.297765 126 128 0
0.602166 -0.193522 0.298473 126 128 0
0.601788 -0.188702 0.298985 126 128 0
0.601532 -0.183857 0.299326 126 128 0
0.601283 -0.179007 0.299587 126 128 0
0.60118 -0.174145 0.299685 126 128 0
0.601193 -0.169281 0.29968 126 128 0
0.601255 -0.164417 0.299609 126 128 0
0.601349 -0.159555 0.299493 126 128 0
0.601482 -0.154696 0.299324 126 128 0
0.601564 -0.149833 0.299232 126 128 0
0.601485 -0.144973 0.299353 126 128 0
0.601314 -0.140119 0.299605 126 128 0
0.601113 -0.135266 0.299867 126 128 0
0.600755 -0.129817 0.300316 126 128 0
0.600238 -0.124698 0.301457 126 128 0
0.59965 -0.119551 0.30243 126 128 0
0.599103 -0.114384 0.303316 126 128 0
0.598458 -0.109168 0.303706 126 128 0
0.597825 -0.103936 0.303825 126 128 0
0.597352 -0.0986867 0.303765 126 128 0
0.597017 -0.0934311 0.303539 126 128 0
0.596726 -0.0881748 0.30328 126 128 0
0.596716 -0.082904 0.303313 126 128 0
0.596772 -0.0776462 0.303188 126 128 0
0.596842 -0.0728405 0.303032 126 128 0
0.596766 -0.0680417 0.302743 126 128 0
0.596651 -0.0632533 0.302319 126 128 0
0.596536 -0.0584674 0.301865 126 128 0
0.596404 -0.0536803 0.301428 126 128 0
0.59625 -0.0488867 0.301095 126 128 0
0.596117 -0.044083 0.300979 126 128 0
0.596038 -0.0392764 0.301095 126 128 0
0.595963 -0.0344862 0.301474 126 128 0
0.595497 -0.0265321 0.302472 126 128 0
0.595351 -0.0215742 0.302644 126 128 0
0.595377 -0.0166116 0.302614 126 128 0
0.595303 -0.0116497 0.302621 126 128 0
0.595117 -0.00669284 0.302446 126 128 0
0.595005 -0.00174028 0.302144 126 128 0
0.595098 0.00320439 0.301718 126 128 0
0.595352 0.00813723 0.301226 126 128 0
0.595393 0.0130628 0.300613 127 127 0
0.595417 0.0179843 0.299966 127 127 0
0.595463 0.0228972 0.299258 127 127 0
0.595712 0.0278078 0.298589 127 127 0
0.596129 0.032706 0.29791 127 127 0
0.596059 0.037595 0.297086 127 127 0
0.595831 0.0428175 0.296122 127 127 0
0.595086 0.0480167 0.295431 127 127 0
0.594561 0.0532492 0.294711 127 127 0
0.593972 0.058484 0.294062 127 127 0
0.593321 0.0637182 0.293467 127 127 0
0.592699 0.0689513 0.292835 127 127 0
0.592155 0.0741866 0.292151 127 127 0
0.591629 0.0794208 0.291446 127 127 0
0.590956 0.0846176 0.290687 127 127 0
0.588969 0.0862978 0.289124 127 127 0
0.586036 0.0906769 0.287536 127 127 0
0.582717 0.0949813 0.286756 127 127 0
0.578841 0.098856 0.286419 127 127 0
0.574641 0.102422 0.286348 127 127 0
0.574234 0.102494 0.287258 127 127 0
0.519653 0.103379 0.257813 127 127 0
0.520161 0.103306 0.256955 127 127 0
0.520161 0.103306 0.256955 127 127 0
0.520636 0.10061 0.256862 127 127 0
0.520732 0.0958579 0.25692 127 127 0
0.52093 0.0911137 0.257296 127 127 0
0.521222 0.0864211 0.257989 127 127 0
0.521588 0.0810517 0.25784 127 127 0
0.522169 0.0758166 0.257204 127 127 0
0.522628 0.070555 0.256695 127 127 0
0.523065 0.0652918 0.256183 127 127 0
0.523299 0.060006 0.255784 127 127 0
0.523428 0.054705 0.255591 127 127 0
0.523509 0.0494015 0.255456 127 127 0
0.523653 0.0390816 0.255173 127 127 0
0.523886 0.0340871 0.254753 127 127 0
0.524198 0.0290869 0.254523 127 127 0
0.52449 0.024082 0.254317 127 127 0
0.52481 0.0190811 0.25406 127 127 0
0.525128 0.0140786 0.253832 127 127 0
0.525407 0.00907087 0.253683 127 127 0
0.525628 0.00405876 0.253597 127 127 0
0.525798 -0.000956067 0.253599 127 127 0
0.525928 -0.00597093 0.253707 127 127 0
0.526013 -0.0109848 0.253884 127 127 0
0.525986 -0.0160017 0.25393 128 126 0
0.525867 -0.0210133 0.254145 128 126 0
0.525661 -0.0258988 0.254496 128 126 0
0.525322 -0.0306841 0.255106 128 126 0
0.524908 -0.0354444 0.255856 128 126 0
0.524696 -0.0401818 0.256791 128 126 0
0.524584 -0.0449217 0.257747 128 126 0
0.524518 -0.0496737 0.258645 128 126 0
0.524542 -0.0544448 0.25943 128 126 0
0.524675 -0.0592442 0.26 128 126 0
0.524848 -0.0640641 0.260318 128 126 0
0.524854 -0.0689007 0.260302 128 126 0
0.524886 -0.0737368 0.260237 128 126 0
0.525068 -0.0792152 0.259909 128 126 0
0.525393 -0.084027 0.259336 128 126 0
0.525733 -0.0888361 0.258749 128 126 0
0.526182 -0.0936345 0.258152 128 126 0
0.526593 -0.098436 0.257555 128 126 0
0.526915 -0.103248 0.256985 128 126 0
0.527197 -0.108071 0.256484 128 126 0
0.52744 -0.112903 0.256063 128 126 0
0.527614 -0.117742 0.2557 128 126 0
0.527628 -0.122588 0.255404 128 126 0
0.527933 -0.130573 0.255314 128 126 0
0.527872 -0.13555 0.255277 128 126 0
0.52791 -0.140527 0.255187 128 126 0
0.527964 -0.145501 0.255282 128 126 0
0.528042 -0.15046 0.25568 128 126 0
0.527894 -0.155391 0.256332 128 126 0
0.527698 -0.160278 0.257262 128 126 0
0.527445 -0.165141 0.258298 128 126 0
0.527257 -0.170029 0.259223 128 126 0
0.527249 -0.174973 0.259789 128 126 0
0.527438 -0.17994 0.260031 128 126 0
0.527627 -0.184906 0.25983 128 126 0
0.527775 -0.18986 0.259577 128 126 0
0.52857 -0.194557 0.258175 128 126 0
0.529836 -0.199785 0.25601 128 126 0
0.530197 -0.204953 0.255356 128 126 0
0.530565 -0.210123 0.254718 128 126 0
0.530949 -0.215332 0.254676 128 126 0
0.531218 -0.220546 0.254798 128 126 0
0.531393 -0.225753 0.255139 128 126 0
0.531331 -0.230927 0.255822 128 126 0
0.53102 -0.236039 0.256843 128 126 0
0.530423 -0.241124 0.257874 129 125 0
0.529611 -0.246091 0.259256 129 125 0
0.530549 -0.240665 0.25767 129 125 0
0.530846 -0.236066 0.256724 129 125 0
0.531031 -0.231435 0.255844 129 125 0
0.531127 -0.226768 0.255188 129 125 0
0.531051 -0.22207 0.254803 129 125 0
0.530839 -0.217359 0.254645 129 125 0
0.53062 -0.212647 0.254603 129 125 0
0.530592 -0.20793 0.254646 129 125 0
0.529634 -0.200099 0.256278 129 125 0
0.528643 -0.195546 0.25805 129 125 0
0.528024 -0.190733 0.259144 129 125 0
0.527626 -0.185802 0.259756 129 125 0
0.527209 -0.180834 0.259912 129 125 0
0.526981 -0.175855 0.25973 129 125 0
0.526974 -0.170896 0.259194 129 125 0
0.527257 -0.166002 0.258289 129 125 0
0.527521 -0.161128 0.257263 129 125 0
0.527726 -0.156235 0.256316 129 125 0
0.527807 -0.151304 0.255581 129 125 0
0.527881 -0.146334 0.255234 129 125 0
0.52796 -0.141349 0.255141 129 125 0
0.527729 -0.13637 0.255238 129 125 0
0.527688 -0.131214 0.255088 129 125 0
0.527624 -0.126465 0.2553 129 125 0
0.527565 -0.121714 0.255449 129 125 0
0.527426 -0.116969 0.2557 129 125 0
0.527223 -0.112233 0.256052 129 125 0
0.526978 -0.107505 0.256472 129 125 0
0.526696 -0.102785 0.256963 129 125 0
0.526381 -0.0980752 0.257527 129 125 0
0.526036 -0.0933742 0.258144 129 125 0
0.525713 -0.0886772 0.258801 129 125 0
0.525374 -0.0839732 0.259397 129 125 0
0.525061 -0.0785078 0.259915 129 125 0
0.524983 -0.0736835 0.260066 129 125 0
0.524595 -0.0688732 0.260085 129 125 0
0.524237 -0.0640622 0.259942 129 125 0
0.524 -0.0592572 0.259572 129 125 0
0.523896 -0.0544684 0.258986 129 125 0
0.523886 -0.0496997 0.25824 129 125 0
0.524026 -0.0449495 0.25741 129 125 0
0.524484 -0.0402131 0.256599 129 125 0
0.525009 -0.0355056 0.255668 129 125 0
0.525573 -0.0271733 0.25464 130 124 0
0.525768 -0.0223216 0.254313 130 124 0
0.525927 -0.017464 0.254051 130 124 0
0.52607 -0.0126057 0.2538 130 124 0
0.526114 -0.00774228 0.253644 130 124 0
0.525946 -0.00287908 0.253544 130 124 0
0.525734 0.00198356 0.253531 130 124 0
0.525503 0.00684538 0.253541 130 124 0
0.525242 0.0117051 0.253611 130 124 0
0.524908 0.0165569 0.253808 130 124 0
0.524533 0.0214023 0.254074 130 124 0
0.524179 0.0262502 0.254327 130 124 0
0.523948 0.0311021 0.254623 130 124 0
0.523701 0.0359441 0.255049 130 124 0
0.523497 0.0414509 0.255445 130 124 0
0.5235 0.0467127 0.255434 130 124 0
0.523444 0.0519737 0.255521 130 124 0
0.523394 0.057234 0.255637 130 124 0
0.523208 0.0624837 0.255943 130 124 0
0.522933 0.0677163 0.256424 130 124 0
0.522468 0.0729309 0.256954 130 124 0
0.522 0.0781321 0.257593 130 124 0
0.521679 0.0804911 0.257921 130 124 0
0.521185 0.0855146 0.257774 130 124 0
0.52089 0.0905357 0.25736 130 124 0
0.520708 0.0955689 0.256954 130 124 0
0.520636 0.10061 0.256862 130 124 0
0.520124 0.100669 0.257719 130 124 0
0.571468 0.104526 0.288173 130 124 0
0.571861 0.104442 0.287257 130 124 0
0.572483 0.1026 0.285682 130 124 0
0.573672 0.0984407 0.283911 130 124 0
0.574736 0.0941613 0.282364 130 124 0
0.57566 0.0897674 0.281071 130 124 0
0.575849 0.0844763 0.280804 130 124 0
0.575795 0.0797164 0.28088 130 124 0
0.575657 0.0749603 0.281062 130 124 0
0.57542 0.070218 0.281397 130 124 0
0.575093 0.0654912 0.281865 130 124 0
0.574694 0.0607814 0.282434 130 124 0
0.574226 0.0560915 0.283111 130 124 0
0.573693 0.0514234 0.283884 130 124 0
0.572698 0.0414137 0.285927 130 124 0
0.572685 0.0364278 0.286853 130 124 0
0.572491 0.0313991 0.287485 130 124 0
0.572359 0.0263641 0.288088 131 123 0
0.57237 0.021308 0.288496 131 123 0
0.572488 0.0162374 0.288581 131 123 0
0.572834 0.011177 0.288516 131 123 0
0.573153 0.00612791 0.288146 131 123 0
0.573451 0.00109714 0.287566 131 123 0
0.573818 -0.0039185 0.286902 131 123 0
0.574289 -0.00892331 0.286222 131 123 0
0.574858 -0.0138687 0.285248 131 123 0
0.575465 -0.0188236 0.284359 131 123 0
0.575699 -0.0264411 0.283789 131 123 0
0.575395 -0.0314321 0.284561 131 123 0
0.575379 -0.0363903 0.285556 131 123 0
0.575217 -0.0413583 0.286497 131 123 0
0.574994 -0.0463086 0.287523 131 123 0
0.574777 -0.0512757 0.288465 131 123 0
0.574599 -0.0562698 0.289255 131 123 0
0.574534 -0.0612905 0.289877 131 123 0
0.574358 -0.066316 0.290411 131 123 0
0.574255 -0.0713704 0.290559 131 123 0
0.574491 -0.0771573 0.290248 131 123 0
0.575012 -0.0820278 0.289471 131 123 0
0.575497 -0.0869237 0.288847 131 123 0
0.57612 -0.0918243 0.288405 131 123 0
0.576734 -0.0967292 0.288 131 123 0
0.577271 -0.101651 0.287701 131 123 0
0.577758 -0.106582 0.2875 131 123 0
0.578226 -0.111517 0.287331 131 123 0
0.578603 -0.116441 0.286874 131 123 0
0.578956 -0.121368 0.286427 131 123 0
0.579658 -0.129103 0.285446 131 123 0
0.579938 -0.133993 0.285045 131 123 0
0.58017 -0.138891 0.284713 131 123 0
0.580318 -0.143797 0.284499 131 123 0
0.58023 -0.148702 0.284612 131 123 0
0.579838 -0.153569 0.285168 131 123 0
0.579417 -0.158408 0.285918 131 123 0
0.578932 -0.163223 0.286777 131 123 0
0.578467 -0.168049 0.287585 131 123 0
0.577958 -0.172881 0.288328 131 123 0
0.577524 -0.177735 0.288963 131 123 0
0.577228 -0.182622 0.289373 131 123 0
0.577122 -0.187526 0.289616 131 123 0
0.577211 -0.192422 0.289201 131 123 0
0.577361 -0.197486 0.28858 131 123 0
0.577771 -0.202207 0.28863 132 122 0
0.578335 -0.206925 0.288567 132 122 0
0.578878 -0.211646 0.288476 132 122 0
0.579455 -0.216363 0.288362 132 122 0
0.580059 -0.221075 0.288195 132 122 0
0.58055 -0.225796 0.287981 132 122 0
0.580823 -0.230536 0.287771 132 122 0
0.580883 -0.235285 0.287686 132 122 0
0.580783 -0.240035 0.287839 132 122 0
0.580696 -0.244778 0.288109 132 122 0
0.580839 -0.238887 0.287499 132 122 0
0.580776 -0.234133 0.287589 132 122 0
0.580643 -0.229383 0.287785 132 122 0
0.580437 -0.224639 0.288054 132 122 0
0.580039 -0.219908 0.288294 132 122 0
0.579493 -0.215185 0.288455 132 122 0
0.578938 -0.210463 0.288585 132 122 0
0.578304 -0.205752 0.288579 132 122 0
0.57741 -0.197926 0.288702 132 122 0
0.577269 -0.193055 0.289243 132 122 0
0.577188 -0.188161 0.289472 132 122 0
0.577178 -0.18326 0.289446 132 122 0
0.577408 -0.178375 0.289148 132 122 0
0.577833 -0.173531 0.288524 132 122 0
0.578344 -0.168711 0.287789 132 122 0
0.578808 -0.163897 0.286983 132 122 0
0.579291 -0.159093 0.286131 132 122 0
0.579716 -0.154268 0.285372 132 122 0
0.58011 -0.149416 0.284797 132 122 0
0.580286 -0.144529 0.284551 132 122 0
0.580297 -0.139627 0.284532 132 122 0
0.580069 -0.13474 0.284859 132 122 0
0.579745 -0.12987 0.285288 132 122 0
0.57928 -0.124763 0.285937 132 122 0
0.578868 -0.119643 0.286515 132 122 0
0.578462 -0.114521 0.287074 132 122 0
0.57794 -0.109383 0.287301 132 122 0
0.577436 -0.104241 0.287472 132 122 0
0.576911 -0.0991056 0.287749 132 122 0
0.576301 -0.0939867 0.288133 132 122 0
0.575647 -0.0888781 0.288573 132 122 0
0.575134 -0.0837944 0.289344 132 122 0
0.574626 -0.0790711 0.290031 132 122 0
0.574436 -0.0739865 0.290309 132 122 0
0.574266 -0.0688993 0.29055 132 122 0
0.574348 -0.0638065 0.290427 133 121 0
0.574615 -0.0587341 0.29003 133 121 0
0.574666 -0.0537124 0.289168 133 121 0
0.574875 -0.0487231 0.288154 133 121 0
0.575149 -0.0437729 0.286977 133 121 0
0.575309 -0.0388212 0.285786 133 121 0
0.575512 -0.0338813 0.284626 133 121 0
0.575697 -0.0258999 0.283788 133 121 0
0.575443 -0.0210337 0.284458 133 121 0
0.575013 -0.016181 0.285138 133 121 0
0.574628 -0.0113144 0.285742 133 121 0
0.574171 -0.00648423 0.286561 133 121 0
0.573663 -0.00167274 0.287456 133 121 0
0.573256 0.00317025 0.288225 133 121 0
0.572921 0.00805551 0.288704 133 121 0
0.572702 0.0129614 0.289003 133 121 0
0.572574 0.0178786 0.28908 133 121 0
0.57246 0.0227882 0.288832 133 121 0
0.572498 0.0276729 0.288268 133 121 0
0.572632 0.0325508 0.287637 133 121 0
0.572669 0.0374075 0.286853 133 121 0
0.57241 0.0420788 0.285655 133 121 0
0.573048 0.0471436 0.284729 133 121 0
0.573719 0.0521997 0.283781 133 121 0
0.574318 0.0572781 0.282907 133 121 0
0.574838 0.0623889 0.282185 133 121 0
0.575283 0.0675223 0.281583 133 121 0
0.575599 0.0726804 0.281128 133 121 0
0.575789 0.0778581 0.280876 133 121 0
0.575886 0.0830423 0.280738 133 121 0
0.575892 0.0857776 0.28072 133 121 0
0.575213 0.0911663 0.281743 133 121 0
0.574196 0.0963888 0.28324 133 121 0
0.572878 0.101404 0.285155 133 121 0
0.572481 0.101501 0.286067 133 121 0
0.519653 0.103379 0.257813 133 121 0
0.520161 0.103306 0.256955 133 121 0
0.518367 0.101516 0.255754 133 121 0
0.515037 0.0985328 0.253645 133 121 0
0.511687 0.0955667 0.251549 133 121 0
0.508218 0.0927596 0.249414 133 121 0
0.504705 0.089976 0.247322 133 121 0
0.501192 0.087131 0.245322 133 121 0
0.501118 0.0822186 0.245437 133 121 0
0.501158 0.0770534 0.245369 133 121 0
0.500816 0.0719048 0.245137 134 120 0
0.500485 0.0667573 0.244856 134 120 0
0.50012 0.0616094 0.244632 134 120 0
0.499685 0.056463 0.244531 134 120 0
0.4992 0.0513202 0.244496 134 120 0
0.499052 0.0461632 0.244742 134 120 0
0.499166 0.0384977 0.244905 134 120 0
0.500102 0.0334381 0.244512 134 120 0
0.500815 0.0283681 0.243862 134 120 0
0.501477 0.0232881 0.243229 134 120 0
0.502133 0.018219 0.242508 134 120 0
0.502763 0.0131423 0.241819 134 120 0
0.50338 0.00804617 0.241282 134 120 0
0.503922 0.00292684 0.240906 134 120 0
0.504358 -0.00221148 0.240738 134 120 0
0.504636 -0.00736073 0.240886 134 120 0
0.504767 -0.0125016 0.241321 134 120 0
0.504943 -0.0176289 0.241881 134 120 0
0.505018 -0.0227334 0.242551 134 120 0
0.504545 -0.0280244 0.243466 134 120 0
0.504171 -0.0327884 0.244181 134 120 0
0.503769 -0.0375399 0.244961 134 120 0
0.503405 -0.0423053 0.24567 134 120 0
0.503031 -0.0470937 0.246185 134 120 0
0.502769 -0.0519028 0.246554 134 120 0
0.502593 -0.0567262 0.246716 134 120 0
0.502512 -0.0615559 0.246693 134 120 0
0.502583 -0.0663846 0.246568 134 120 0
0.502751 -0.0712059 0.246307 134 120 0
0.502899 -0.0760268 0.246059 134 120 0
0.503359 -0.081283 0.245734 134 120 0
0.50352 -0.0861584 0.245421 134 120 0
0.503656 -0.0910387 0.245161 134 120 0
0.503779 -0.0959223 0.244967 134 120 0
0.503861 -0.100809 0.244852 134 120 0
0.503919 -0.105697 0.244762 134 120 0
0.503986 -0.110584 0.244645 134 120 0
0.504066 -0.11547 0.244486 134 120 0
0.504133 -0.120356 0.244322 134 120 0
0.504224 -0.12524 0.244101 134 120 0
0.504137 -0.133063 0.244263 134 120 0
0.504333 -0.13798 0.244138 134 120 0
0.504741 -0.142884 0.24425 134 120 0
0.504966 -0.1478 0.244441 134 120 0
0.505185 -0.152715 0.244659 134 120 0
0.505443 -0.157631 0.244798 135 119 0
0.505733 -0.162546 0.244861 135 119 0
0.506063 -0.16746 0.2449 135 119 0
0.50648 -0.172367 0.24491 135 119 0
0.506665 -0.177278 0.244584 135 119 0
0.507083 -0.182178 0.244332 135 119 0
0.507459 -0.187081 0.244064 135 119 0
0.507942 -0.191961 0.243637 135 119 0
0.508577 -0.196827 0.243222 135 119 0
0.508127 -0.201998 0.242922 135 119 0
0.507819 -0.207022 0.242897 135 119 0
0.507068 -0.21199 0.242597 135 119 0
0.506602 -0.216999 0.242414 135 119 0
0.506228 -0.222015 0.242209 135 119 0
0.505822 -0.227028 0.241993 135 119 0
0.505029 -0.231985 0.24162 135 119 0
0.504609 -0.236998 0.241435 135 119 0
0.50427 -0.242014 0.241169 135 119 0
0.503524 -0.246968 0.240704 135 119 0
0.504088 -0.24157 0.24122 135 119 0
0.504602 -0.236263 0.241432 135 119 0
0.505379 -0.230998 0.24182 135 119 0
0.506152 -0.225731 0.242192 135 119 0
0.506778 -0.220446 0.242581 135 119 0
0.507475 -0.215169 0.242963 135 119 0
0.508144 -0.209903 0.243414 135 119 0
0.508124 -0.202458 0.242923 135 119 0
0.507795 -0.197539 0.243051 135 119 0
0.507413 -0.192634 0.243459 135 119 0
0.507071 -0.187713 0.243702 135 119 0
0.506727 -0.182795 0.24399 135 119 0
0.506523 -0.177877 0.244384 135 119 0
0.506337 -0.172952 0.244711 135 119 0
0.50608 -0.168023 0.244872 135 119 0
0.505769 -0.163095 0.244866 135 119 0
0.505474 -0.158166 0.244805 135 119 0
0.505212 -0.153236 0.244676 135 119 0
0.504988 -0.148307 0.244466 135 119 0
0.504679 -0.143386 0.244203 135 119 0
0.504148 -0.13848 0.244253 135 119 0
0.504171 -0.133185 0.244199 135 119 0
0.504147 -0.127947 0.244248 135 119 0
0.504131 -0.122709 0.244274 135 119 0
0.504089 -0.117472 0.244416 135 119 0
0.504003 -0.112238 0.244613 135 119 0
0.503934 -0.107001 0.244747 136 118 0
0.503882 -0.101763 0.244828 136 118 0
0.503819 -0.0965256 0.244912 136 118 0
0.503686 -0.091292 0.245102 136 118 0
0.503573 -0.0860572 0.24526 136 118 0
0.503359 -0.081283 0.245734 136 118 0
0.503038 -0.076246 0.245989 136 118 0
0.502733 -0.0712043 0.246286 136 118 0
0.502572 -0.0661575 0.246605 136 118 0
0.502374 -0.0611023 0.246678 136 118 0
0.502537 -0.0560457 0.246715 136 118 0
0.502682 -0.0509953 0.246447 136 118 0
0.503057 -0.045965 0.246057 136 118 0
0.503388 -0.0409582 0.245408 136 118 0
0.503918 -0.0359788 0.244694 136 118 0
0.504554 -0.0283234 0.243451 136 118 0
0.504649 -0.0232126 0.242531 136 118 0
0.504533 -0.0180557 0.241826 136 118 0
0.504506 -0.0128864 0.241201 136 118 0
0.504383 -0.00770137 0.240747 136 118 0
0.504113 -0.00250699 0.240577 136 118 0
0.50368 0.00267768 0.24073 136 118 0
0.503132 0.00784136 0.241114 136 118 0
0.502509 0.0129821 0.241658 136 118 0
0.501872 0.0181038 0.24235 136 118 0
0.501212 0.0232176 0.243078 136 118 0
0.500447 0.028309 0.243854 136 118 0
0.499373 0.0333612 0.244499 136 118 0
0.49896 0.0381388 0.244933 136 118 0
0.499074 0.0433754 0.244708 136 118 0
0.499102 0.0486161 0.244563 136 118 0
0.499249 0.0538538 0.244384 136 118 0
0.499337 0.0590932 0.244218 136 118 0
0.499365 0.0643357 0.24417 136 118 0
0.499336 0.0695781 0.244221 136 118 0
0.499309 0.0748207 0.244267 136 118 0
0.499255 0.0800624 0.244356 136 118 0
0.501062 0.0813811 0.245526 136 118 0
0.503931 0.0847969 0.247135 136 118 0
0.506843 0.0881544 0.248793 136 118 0
0.50975 0.0915121 0.250459 136 118 0
0.51263 0.0948699 0.25217 136 118 0
0.515549 0.0981456 0.25397 136 118 0
0.518367 0.101516 0.255754 136 118 0
0.517854 0.101568 0.256611 136 118 0
0.571468 0.104526 0.288173 137 117 0
0.571861 0.104442 0.287257 137 117 0
0.574641 0.102422 0.286348 137 117 0
0.578434 0.0998833 0.286663 137 117 0
0.582192 0.0973271 0.287203 137 117 0
0.585676 0.0944677 0.288007 137 117 0
0.589141 0.091646 0.288997 137 117 0
0.590074 0.0867277 0.289907 137 117 0
0.590728 0.08156 0.290766 137 117 0
0.591515 0.0764023 0.291594 137 117 0
0.592393 0.0712741 0.29251 137 117 0
0.593353 0.0661538 0.293386 137 117 0
0.594398 0.0610492 0.294257 137 117 0
0.595354 0.0559194 0.295081 137 117 0
0.596081 0.0507544 0.295852 137 117 0
0.596381 0.0429606 0.296644 137 117 0
0.596002 0.0380448 0.297155 137 117 0
0.59579 0.0331387 0.29781 137 117 0
0.595462 0.0282287 0.298403 137 117 0
0.595132 0.023324 0.299038 137 117 0
0.594835 0.0184144 0.299639 137 117 0
0.594811 0.0135004 0.300288 137 117 0
0.594776 0.0085821 0.300903 137 117 0
0.59478 0.00366391 0.301519 137 117 0
0.594701 -0.00127148 0.301966 137 117 0
0.59479 -0.00621594 0.302282 137 117 0
0.59497 -0.0111652 0.302471 137 117 0
0.59525 -0.0161019 0.302765 137 117 0
0.595196 -0.0210557 0.302865 137 117 0
0.595438 -0.0260652 0.302551 137 117 0
0.595769 -0.0312356 0.301908 137 117 0
0.596363 -0.0364125 0.301575 137 117 0
0.596861 -0.041609 0.30142 137 117 0
0.59718 -0.0468216 0.301473 137 117 0
0.597299 -0.0520352 0.301758 137 117 0
0.597438 -0.0572326 0.302247 137 117 0
0.597209 -0.0624426 0.30253 137 117 0
0.596987 -0.0676528 0.302815 137 117 0
0.596857 -0.0728699 0.302994 137 117 0
0.596771 -0.0783645 0.303188 137 117 0
0.596762 -0.0832622 0.303206 137 117 0
0.597031 -0.0881456 0.303453 137 117 0
0.597311 -0.0930291 0.303703 137 117 0
0.597647 -0.0979114 0.303896 137 117 0
0.598077 -0.102789 0.303948 137 117 0
0.598603 -0.107657 0.303859 138 116 0
0.599117 -0.11251 0.303531 138 116 0
0.599483 -0.11735 0.302874 138 116 0
0.600019 -0.122148 0.302065 138 116 0
0.60082 -0.130181 0.300544 138 116 0
0.601026 -0.134995 0.300178 138 116 0
0.601264 -0.139803 0.299764 138 116 0
0.601475 -0.144612 0.299367 138 116 0
0.60157 -0.14944 0.299226 138 116 0
0.601494 -0.15427 0.299309 138 116 0
0.601358 -0.159097 0.299482 138 116 0
0.601264 -0.163927 0.299598 138 116 0
0.6012 -0.168758 0.299672 138 116 0
0.601181 -0.17359 0.299685 138 116 0
0.601269 -0.17842 0.2996 138 116 0
0.601497 -0.18324 0.299364 138 116 0
0.601784 -0.188052 0.29904 138 116 0
0.602346 -0.1928 0.298351 138 116 0
0.60294 -0.197694 0.297623 138 116 0
0.60304 -0.202938 0.297832 138 116 0
0.603312 -0.208191 0.297911 138 116 0
0.603444 -0.213443 0.298193 138 116 0
0.603535 -0.218696 0.298449 138 116 0
0.603846 -0.223946 0.298562 138 116 0
0.603942 -0.229205 0.298474 138 116 0
0.603962 -0.234465 0.298452 138 116 0
0.603947 -0.239718 0.298738 138 116 0
0.603918 -0.244973 0.298929 138 116 0
0.604103 -0.239787 0.298332 138 116 0
0.603981 -0.235046 0.298431 138 116 0
0.603947 -0.230304 0.298471 138 116 0
0.603884 -0.225562 0.298532 138 116 0
0.603713 -0.220824 0.298509 138 116 0
0.603508 -0.216089 0.298342 138 116 0
0.603441 -0.211352 0.298113 138 116 0
0.603273 -0.206625 0.297775 138 116 0
0.602721 -0.198303 0.297765 138 116 0
0.602166 -0.193522 0.298473 138 116 0
0.601788 -0.188702 0.298985 138 116 0
0.601532 -0.183857 0.299326 138 116 0
0.601283 -0.179007 0.299587 138 116 0
0.60118 -0.174145 0.299685 138 116 0
0.601193 -0.169281 0.29968 138 116 0
0.601255 -0.164417 0.299609 138 116 0
0.601349 -0.159555 0.299493 138 116 0
0.601482 -0.154696 0.299324 139 115 0
0.601564 -0.149833 0.299232 139 115 0
0.601485 -0.144973 0.299353 139 115 0
0.601314 -0.140119 0.299605 139 115 0
0.601113 -0.135266 0.299867 139 115 0
0.600755 -0.129817 0.300316 139 115 0
0.600238 -0.124698 0.301457 139 115 0
0.59965 -0.119551 0.30243 139 115 0
0.599103 -0.114384 0.303316 139 115 0
0.598458 -0.109168 0.303706 139 115 0
0.597825 -0.103936 0.303825 139 115 0
0.597352 -0.0986867 0.303765 139 115 0
0.597017 -0.0934311 0.303539 139 115 0
0.596726 -0.0881748 0.30328 139 115 0
0.596716 -0.082904 0.303313 139 115 0
0.596772 -0.0776462 0.303188 139 115 0
0.596842 -0.0728405 0.303032 139 115 0
0.596766 -0.0680417 0.302743 139 115 0
0.596651 -0.0632533 0.302319 139 115 0
0.596536 -0.0584674 0.301865 139 115 0
0.596404 -0.0536803 0.301428 139 115 0
0.59625 -0.0488867 0.301095 139 115 0
0.596117 -0.044083 0.300979 139 115 0
0.596038 -0.0392764 0.301095 139 115 0
0.595963 -0.0344862 0.301474 139 115 0
0.595497 -0.0265321 0.302472 139 115 0
0.595351 -0.0215742 0.302644 139 115 0
0.595377 -0.0166116 0.302614 139 115 0
0.595303 -0.0116497 0.302621 139 115 0
0.595117 -0.00669284 0.302446 139 115 0
0.595005 -0.00174028 0.302144 139 115 0
0.595098 0.00320439 0.301718 139 115 0
0.595352 0.00813723 0.301226 139 115 0
0.595393 0.0130628 0.300613 139 115 0
0.595417 0.0179843 0.299966 139 115 0
0.595463 0.0228972 0.299258 139 115 0
0.595712 0.0278078 0.298589 139 115 0
0.596129 0.032706 0.29791 139 115 0
0.596059 0.037595 0.297086 139 115 0
0.595831 0.0428175 0.296122 139 115 0
0.595086 0.0480167 0.295431 139 115 0
0.594561 0.0532492 0.294711 139 115 0
0.593972 0.058484 0.294062 139 115 0
0.593321 0.0637182 0.293467 139 115 0
0.592699 0.0689513 0.292835 139 115 0
0.592155 0.0741866 0.292151 140 114 0
0.591629 0.0794208 0.291446 140 114 0
0.590956 0.0846176 0.290687 140 114 0
0.588969 0.0862978 0.289124 140 114 0
0.586036 0.0906769 0.287536 140 114 0
0.582717 0.0949813 0.286756 140 114 0
0.578841 0.098856 0.286419 140 114 0
0.574641 0.102422 0.286348 140 114 0
0.574234 0.102494 0.287258 140 114 0
0.519653 0.103379 0.257813 140 114 0
0.520161 0.103306 0.256955 140 114 0
0.520161 0.103306 0.256955 140 114 0
0.520636 0.10061 0.256862 140 114 0
0.520732 0.0958579 0.25692 140 114 0
0.52093 0.0911137 0.257296 140 114 0
0.521222 0.0864211 0.257989 140 114 0
0.521588 0.0810517 0.25784 140 114 0
0.522169 0.0758166 0.257204 140 114 0
0.522628 0.070555 0.256695 140 114 0
0.523065 0.0652918 0.256183 140 114 0
0.523299 0.060006 0.255784 140 114 0
0.523428 0.054705 0.255591 140 114 0
0.523509 0.0494015 0.255456 140 114 0
0.523653 0.0390816 0.255173 140 114 0
0.523886 0.0340871 0.254753 140 114 0
0.524198 0.0290869 0.254523 140 114 0
0.52449 0.024082 0.254317 140 114 0
0.52481 0.0190811 0.25406 140 114 0
0.525128 0.0140786 0.253832 140 114 0
0.525407 0.00907087 0.253683 140 114 0
0.525628 0.00405876 0.253597 140 114 0
0.525798 -0.000956067 0.253599 140 114 0
0.525928 -0.00597093 0.253707 140 114 0
0.526013 -0.0109848 0.253884 140 114 0
0.525986 -0.0160017 0.25393 140 114 0
0.525867 -0.0210133 0.254145 140 114 0
0.525661 -0.0258988 0.254496 140 114 0
0.525322 -0.0306841 0.255106 140 114 0
0.524908 -0.0354444 0.255856 140 114 0
0.524696 -0.0401818 0.256791 140 114 0
0.524584 -0.0449217 0.257747 140 114 0
0.524518 -0.0496737 0.258645 140 114 0
0.524542 -0.0544448 0.25943 140 114 0
0.524675 -0.0592442 0.26 140 114 0
0.524848 -0.0640641 0.260318 140 114 0
0.524854 -0.0689007 0.260302 141 113 0
0.524886 -0.0737368 0.260237 141 113 0
0.525068 -0.0792152 0.259909 141 113 0
0.525393 -0.084027 0.259336 141 113 0
0.525733 -0.0888361 0.258749 141 113 0
0.526182 -0.0936345 0.258152 141 113 0
0.526593 -0.098436 0.257555 141 113 0
0.526915 -0.103248 0.256985 141 113 0
0.527197 -0.108071 0.256484 141 113 0
0.52744 -0.112903 0.256063 141 113 0
0.527614 -0.117742 0.2557 141 113 0
0.527628 -0.122588 0.255404 141 113 0
0.527933 -0.130573 0.255314 141 113 0
0.527872 -0.13555 0.255277 141 113 0
0.52791 -0.140527 0.255187 141 113 0
0.527964 -0.145501 0.255282 141 113 0
0.528042 -0.15046 0.25568 141 113 0
0.527894 -0.155391 0.256332 141 113 0
0.527698 -0.160278 0.257262 141 113 0
0.527445 -0.165141 0.258298 141 113 0
0.527257 -0.170029 0.259223 141 113 0
0.527249 -0.174973 0.259789 141 113 0
0.527438 -0.17994 0.260031 141 113 0
0.527627 -0.184906 0.25983 141 113 0
0.527775 -0.18986 0.259577 141 113 0
0.52857 -0.194557 0.258175 141 113 0
0.529836 -0.199785 0.25601 141 113 0
0.530197 -0.204953 0.255356 141 113 0
0.530565 -0.210123 0.254718 141 113 0
0.530949 -0.215332 0.254676 141 113 0
0.531218 -0.220546 0.254798 141 113 0
0.531393 -0.225753 0.255139 141 113 0
0.531331 -0.230927 0.255822 141 113 0
0.53102 -0.236039 0.256843 141 113 0
0.530423 -0.241124 0.257874 141 113 0
0.529611 -0.246091 0.259256 141 113 0
0.530549 -0.240665 0.25767 141 113 0
0.530846 -0.236066 0.256724 141 113 0
0.531031 -0.231435 0.255844 141 113 0
0.531127 -0.226768 0.255188 141 113 0
0.531051 -0.22207 0.254803 141 113 0
0.530839 -0.217359 0.254645 141 113 0
0.53062 -0.212647 0.254603 141 113 0
0.530592 -0.20793 0.254646 141 113 0
0.529634 -0.200099 0.256278 141 113 0
0.528643 -0.195546 0.25805 142 112 0
0.528024 -0.190733 0.259144 142 112 0
0.527626 -0.185802 0.259756 142 112 0
0.527209 -0.180834 0.259912 142 112 0
0.526981 -0.175855 0.25973 142 112 0
0.526974 -0.170896 0.259194 142 112 0
0.527257 -0.166002 0.258289 142 112 0
0.527521 -0.161128 0.257263 142 112 0
0.527726 -0.156235 0.256316 142 112 0
0.527807 -0.151304 0.255581 142 112 0
0.527881 -0.146334 0.255234 142 112 0
0.52796 -0.141349 0.255141 142 112 0
0.527729 -0.13637 0.255238 142 112 0
0.527688 -0.131214 0.255088 142 112 0
0.527624 -0.126465 0.2553 142 112 0
0.527565 -0.121714 0.255449 142 112 0
0.527426 -0.116969 0.2557 142 112 0
0.527223 -0.112233 0.256052 142 112 0
0.526978 -0.107505 0.256472 142 112 0
0.526696 -0.102785 0.256963 142 112 0
0.526381 -0.0980752 0.257527 142 112 0
0.526036 -0.0933742 0.258144 142 112 0
0.525713 -0.0886772 0.258801 142 112 0
0.525374 -0.0839732 0.259397 142 112 0
0.525061 -0.0785078 0.259915 142 112 0
0.524983 -0.0736835 0.260066 142 112 0
0.524595 -0.0688732 0.260085 142 112 0
0.524237 -0.0640622 0.259942 142 112 0
0.524 -0.0592572 0.259572 142 112 0
0.523896 -0.0544684 0.258986 142 112 0
0.523886 -0.0496997 0.25824 142 112 0
0.524026 -0.0449495 0.25741 142 112 0
0.524484 -0.0402131 0.256599 142 112 0
0.525009 -0.0355056 0.255668 142 112 0
0.525573 -0.0271733 0.25464 142 112 0
0.525768 -0.0223216 0.254313 142 112 0
0.525927 -0.017464 0.254051 142 112 0
0.52607 -0.0126057 0.2538 142 112 0
0.526114 -0.00774228 0.253644 142 112 0
0.525946 -0.00287908 0.253544 142 112 0
0.525734 0.00198356 0.253531 142 112 0
0.525503 0.00684538 0.253541 142 112 0
0.525242 0.0117051 0.253611 142 112 0
0.524908 0.0165569 0.253808 142 112 0
0.524533 0.0214023 0.254074 142 112 0
0.524179 0.0262502 0.254327 143 111 0
0.523948 0.0311021 0.254623 143 111 0
0.523701 0.0359441 0.255049 143 111 0
0.523497 0.0414509 0.255445 143 111 0
0.5235 0.0467127 0.255434 143 111 0
0.523444 0.0519737 0.255521 143 111 0
0.523394 0.057234 0.255637 143 111 0
0.523208 0.0624837 0.255943 143 111 0
0.522933 0.0677163 0.256424 143 111 0
0.522468 0.0729309 0.256954 143 111 0
0.522 0.0781321 0.257593 143 111 0
0.521679 0.0804911 0.257921 143 111 0
0.521185 0.0855146 0.257774 143 111 0
0.52089 0.0905357 0.25736 143 111 0
0.520708 0.0955689 0.256954 143 111 0
0.520636 0.10061 0.256862 143 111 0
0.520124 0.100669 0.257719 143 111 0
0.571468 0.104526 0.288173 143 111 0
0.571861 0.104442 0.287257 143 111 0
0.572483 0.1026 0.285682 143 111 0
0.573672 0.0984407 0.283911 143 111 0
0.574736 0.0941613 0.282364 143 111 0
0.57566 0.0897674 0.281071 143 111 0
0.575849 0.0844763 0.280804 143 111 0
0.575795 0.0797164 0.28088 143 111 0
0.575657 0.0749603 0.281062 143 111 0
0.57542 0.070218 0.281397 143 111 0
0.575093 0.0654912 0.281865 143 111 0
0.574694 0.0607814 0.282434 143 111 0
0.574226 0.0560915 0.283111 143 111 0
0.573693 0.0514234 0.283884 143 111 0
0.572698 0.0414137 0.285927 143 111 0
0.572685 0.0364278 0.286853 143 111 0
0.572491 0.0313991 0.287485 143 111 0
0.572359 0.0263641 0.288088 143 111 0
0.57237 0.021308 0.288496 143 111 0
0.572488 0.0162374 0.288581 143 111 0
0.572834 0.011177 0.288516 143 111 0
0.573153 0.00612791 0.288146 143 111 0
0.573451 0.00109714 0.287566 143 111 0
0.573818 -0.0039185 0.286902 143 111 0
0.574289 -0.00892331 0.286222 143 111 0
0.574858 -0.0138687 0.285248 143 111 0
0.575465 -0.0188236 0.284359 143 111 0
0.575699 -0.0264411 0.283789 143 111 0
0.575395 -0.0314321 0.284561 144 110 0
0.575379 -0.0363903 0.285556 144 110 0
0.575217 -0.0413583 0.286497 144 110 0
0.574994 -0.0463086 0.287523 144 110 0
0.574777 -0.0512757 0.288465 144 110 0
0.574599 -0.0562698 0.289255 144 110 0
0.574534 -0.0612905 0.289877 144 110 0
0.574358 -0.066316 0.290411 144 110 0
0.574255 -0.0713704 0.290559 144 110 0
0.574491 -0.0771573 0.290248 144 110 0
0.575012 -0.0820278 0.289471 144 110 0
0.575497 -0.0869237 0.288847 144 110 0
0.57612 -0.0918243 0.288405 144 110 0
0.576734 -0.0967292 0.288 144 110 0
0.577271 -0.101651 0.287701 144 110 0
0.577758 -0.106582 0.2875 144 110 0
0.578226 -0.111517 0.287331 144 110 0
0.578603 -0.116441 0.286874 144 110 0
0.578956 -0.121368 0.286427 144 110 0
0.579658 -0.129103 0.285446 144 110 0
0.579938 -0.133993 0.285045 144 110 0
0.58017 -0.138891 0.284713 144 110 0
0.580318 -0.143797 0.284499 144 110 0
0.58023 -0.148702 0.284612 144 110 0
0.579838 -0.153569 0.285168 144 110 0
0.579417 -0.158408 0.285918 144 110 0
0.578932 -0.163223 0.286777 144 110 0
0.578467 -0.168049 0.287585 144 110 0
0.577958 -0.172881 0.288328 144 110 0
0.577524 -0.177735 0.288963 144 110 0
0.577228 -0.182622 0.289373 144 110 0
0.577122 -0.187526 0.289616 144 110 0
0.577211 -0.192422 0.289201 144 110 0
0.577361 -0.197486 0.28858 144 110 0
0.577771 -0.202207 0.28863 144 110 0
0.578335 -0.206925 0.288567 144 110 0
0.578878 -0.211646 0.288476 144 110 0
0.579455 -0.216363 0.288362 144 110 0
0.580059 -0.221075 0.288195 144 110 0
0.58055 -0.225796 0.287981 144 110 0
0.580823 -0.230536 0.287771 144 110 0
0.580883 -0.235285 0.287686 144 110 0
0.580783 -0.240035 0.287839 144 110 0
0.580696 -0.244778 0.288109 144 110 0
0.580839 -0.238887 0.287499 144 110 0
0.580776 -0.234133 0.287589 145 109 0
0.580643 -0.229383 0.287785 145 109 0
0.580437 -0.224639 0.288054 145 109 0
0.580039 -0.219908 0.288294 145 109 0
0.579493 -0.215185 0.288455 145 109 0
0.578938 -0.210463 0.288585 145 109 0
0.578304 -0.205752 0.288579 145 109 0
0.57741 -0.197926 0.288702 145 109 0
0.577269 -0.193055 0.289243 145 109 0
0.577188 -0.188161 0.289472 145 109 0
0.577178 -0.18326 0.289446 145 109 0
0.577408 -0.178375 0.289148 145 109 0
0.577833 -0.173531 0.288524 145 109 0
0.578344 -0.168711 0.287789 145 109 0
0.578808 -0.163897 0.286983 145 109 0
0.579291 -0.159093 0.286131 145 109 0
0.579716 -0.154268 0.285372 145 109 0
0.58011 -0.149416 0.284797 145 109 0
0.580286 -0.144529 0.284551 145 109 0
0.580297 -0.139627 0.284532 145 109 0
0.580069 -0.13474 0.284859 145 109 0
0.579745 -0.12987 0.285288 145 109 0
0.57928 -0.124763 0.285937 145 109 0
0.578868 -0.119643 0.286515 145 109 0
0.578462 -0.114521 0.287074 145 109 0
0.57794 -0.109383 0.287301 145 109 0
0.577436 -0.104241 0.287472 145 109 0
0.576911 -0.0991056 0.287749 145 109 0
0.576301 -0.0939867 0.288133 145 109 0
0.575647 -0.0888781 0.288573 145 109 0
0.575134 -0.0837944 0.289344 145 109 0
0.574626 -0.0790711 0.290031 145 109 0
0.574436 -0.0739865 0.290309 145 109 0
0.574266 -0.0688993 0.29055 145 109 0
0.574348 -0.0638065 0.290427 145 109 0
0.574615 -0.0587341 0.29003 145 109 0
0.574666 -0.0537124 0.289168 145 109 0
0.574875 -0.0487231 0.288154 145 109 0
0.575149 -0.0437729 0.286977 145 109 0
0.575309 -0.0388212 0.285786 145 109 0
0.575512 -0.0338813 0.284626 145 109 0
0.575697 -0.0258999 0.283788 145 109 0
0.575443 -0.0210337 0.284458 145 109 0
0.575013 -0.016181 0.285138 145 109 0
0.574628 -0.0113144 0.285742 145 109 0
0.574171 -0.00648423 0.286561 146 108 0
0.573663 -0.00167274 0.287456 146 108 0
0.573256 0.00317025 0.288225 146 108 0
0.572921 0.00805551 0.288704 146 108 0
0.572702 0.0129614 0.289003 146 108 0
0.572574 0.0178786 0.28908 146 108 0
0.57246 0.0227882 0.288832 146 108 0
0.572498 0.0276729 0.288268 146 108 0
0.572632 0.0325508 0.287637 146 108 0
0.572669 0.0374075 0.286853 146 108 0
0.57241 0.0420788 0.285655 146 108 0
0.573048 0.0471436 0.284729 146 108 0
0.573719 0.0521997 0.283781 146 108 0
0.574318 0.0572781 0.282907 146 108 0
0.574838 0.0623889 0.282185 146 108 0
0.575283 0.0675223 0.281583 146 108 0
0.575599 0.0726804 0.281128 146 108 0
0.575789 0.0778581 0.280876 146 108 0
0.575886 0.0830423 0.280738 146 108 0
0.575892 0.0857776 0.28072 146 108 0
0.575213 0.0911663 0.281743 146 108 0
0.574196 0.0963888 0.28324 146 108 0
0.572878 0.101404 0.285155 146 108 0
0.572481 0.101501 0.286067 146 108 0
0.519653 0.103379 0.257813 146 108 0
0.520161 0.103306 0.256955 146 108 0
0.518367 0.101516 0.255754 146 108 0
0.515037 0.0985328 0.253645 146 108 0
0.511687 0.0955667 0.251549 146 108 0
0.508218 0.0927596 0.249414 146 108 0
0.504705 0.089976 0.247322 146 108 0
0.501192 0.087131 0.245322 146 108 0
0.501118 0.0822186 0.245437 146 108 0
0.501158 0.0770534 0.245369 146 108 0
0.500816 0.0719048 0.245137 146 108 0
0.500485 0.0667573 0.244856 146 108 0
0.50012 0.0616094 0.244632 146 108 0
0.499685 0.056463 0.244531 146 108 0
0.4992 0.0513202 0.244496 146 108 0
0.499052 0.0461632 0.244742 146 108 0
0.499166 0.0384977 0.244905 146 108 0
0.500102 0.0334381 0.244512 146 108 0
0.500815 0.0283681 0.243862 146 108 0
0.501477 0.0232881 0.243229 146 108 0
0.502133 0.018219 0.242508 146 108 0
0.502763 0.0131423 0.241819 147 107 0
0.50338 0.00804617 0.241282 147 107 0
0.503922 0.00292684 0.240906 147 107 0
0.504358 -0.00221148 0.240738 147 107 0
0.504636 -0.00736073 0.240886 147 107 0
0.504767 -0.0125016 0.241321 147 107 0
0.504943 -0.0176289 0.241881 147 107 0
0.505018 -0.0227334 0.242551 147 107 0
0.504545 -0.0280244 0.243466 147 107 0
0.504171 -0.0327884 0.244181 147 107 0
0.503769 -0.0375399 0.244961 147 107 0
0.503405 -0.0423053 0.24567 147 107 0
0.503031 -0.0470937 0.246185 147 107 0
0.502769 -0.0519028 0.246554 147 107 0
0.502593 -0.0567262 0.246716 147 107 0
0.502512 -0.0615559 0.246693 147 107 0
0.502583 -0.0663846 0.246568 147 107 0
0.502751 -0.0712059 0.246307 147 107 0
0.502899 -0.0760268 0.246059 147 107 0
0.503359 -0.081283 0.245734 147 107 0
0.50352 -0.0861584 0.245421 147 107 0
0.503656 -0.0910387 0.245161 147 107 0
0.503779 -0.0959223 0.244967 147 107 0
0.503861 -0.100809 0.244852 147 107 0
0.503919 -0.105697 0.244762 147 107 0
0.503986 -0.110584 0.244645 147 107 0
0.504066 -0.11547 0.244486 147 107 0
0.504133 -0.120356 0.244322 147 107 0
0.504224 -0.12524 0.244101 147 107 0
0.504137 -0.133063 0.244263 147 107 0
0.504333 -0.13798 0.244138 147 107 0
0.504741 -0.142884 0.24425 147 107 0
0.504966 -0.1478 0.244441 147 107 0
0.505185 -0.152715 0.244659 147 107 0
0.505443 -0.157631 0.244798 147 107 0
0.505733 -0.162546 0.244861 147 107 0
0.506063 -0.16746 0.2449 147 107 0
0.50648 -0.172367 0.24491 147 107 0
0.506665 -0.177278 0.244584 147 107 0
0.507083 -0.182178 0.244332 147 107 0
0.507459 -0.187081 0.244064 147 107 0
0.507942 -0.191961 0.243637 147 107 0
0.508577 -0.196827 0.243222 147 107 0
0.508127 -0.201998 0.242922 147 107 0
0.507819 -0.207022 0.242897 147 107 0
0.507068 -0.21199 0.242597 148 106 0
0.506602 -0.216999 0.242414 148 106 0
0.506228 -0.222015 0.242209 148 106 0
0.505822 -0.227028 0.241993 148 106 0
0.505029 -0.231985 0.24162 148 106 0
0.504609 -0.236998 0.241435 148 106 0
0.50427 -0.242014 0.241169 148 106 0
0.503524 -0.246968 0.240704 148 106 0
0.504088 -0.24157 0.24122 148 106 0
0.504602 -0.236263 0.241432 148 106 0
0.505379 -0.230998 0.24182 148 106 0
0.506152 -0.225731 0.242192 148 106 0
0.506778 -0.220446 0.242581 148 106 0
0.507475 -0.215169 0.242963 148 106 0
0.508144 -0.209903 0.243414 148 106 0
0.508124 -0.202458 0.242923 148 106 0
0.507795 -0.197539 0.243051 148 106 0
0.507413 -0.192634 0.243459 148 106 0
0.507071 -0.187713 0.243702 148 106 0
0.506727 -0.182795 0.24399 148 106 0
0.506523 -0.177877 0.244384 148 106 0
0.506337 -0.172952 0.244711 148 106 0
0.50608 -0.168023 0.244872 148 106 0
0.505769 -0.163095 0.244866 148 106 0
0.505474 -0.158166 0.244805 148 106 0
0.505212 -0.153236 0.244676 148 106 0
0.504988 -0.148307 0.244466 148 106 0
0.504679 -0.143386 0.244203 148 106 0
0.504148 -0.13848 0.244253 148 106 0
0.504171 -0.133185 0.244199 148 106 0
0.504147 -0.127947 0.244248 148 106 0
0.504131 -0.122709 0.244274 148 106 0
0.504089 -0.117472 0.244416 148 106 0
0.504003 -0.112238 0.244613 148 106 0
0.503934 -0.107001 0.244747 148 106 0
0.503882 -0.101763 0.244828 148 106 0
0.503819 -0.0965256 0.244912 148 106 0
0.503686 -0.091292 0.245102 148 106 0
0.503573 -0.0860572 0.24526 148 106 0
0.503359 -0.081283 0.245734 148 106 0
0.503038 -0.076246 0.245989 148 106 0
0.502733 -0.0712043 0.246286 148 106 0
0.502572 -0.0661575 0.246605 148 106 0
0.502374 -0.0611023 0.246678 148 106 0
0.502537 -0.0560457 0.246715 148 106 0
0.502682 -0.0509953 0.246447 149 105 0
0.503057 -0.045965 0.246057 149 105 0
0.503388 -0.0409582 0.245408 149 105 0
0.503918 -0.0359788 0.244694 149 105 0
0.504554 -0.0283234 0.243451 149 105 0
0.504649 -0.0232126 0.242531 149 105 0
0.504533 -0.0180557 0.241826 149 105 0
0.504506 -0.0128864 0.241201 149 105 0
0.504383 -0.00770137 0.240747 149 105 0
0.504113 -0.00250699 0.240577 149 105 0
0.50368 0.00267768 0.24073 149 105 0
0.503132 0.00784136 0.241114 149 105 0
0.502509 0.0129821 0.241658 149 105 0
0.501872 0.0181038 0.24235 149 105 0
0.501212 0.0232176 0.243078 149 105 0
0.500447 0.028309 0.243854 149 105 0
0.499373 0.0333612 0.244499 149 105 0
0.49896 0.0381388 0.244933 149 105 0
0.499074 0.0433754 0.244708 149 105 0
0.499102 0.0486161 0.244563 149 105 0
0.499249 0.0538538 0.244384 149 105 0
0.499337 0.0590932 0.244218 149 105 0
0.499365 0.0643357 0.24417 149 105 0
0.499336 0.0695781 0.244221 149 105 0
0.499309 0.0748207 0.244267 149 105 0
0.499255 0.0800624 0.244356 149 105 0
0.501062 0.0813811 0.245526 149 105 0
0.503931 0.0847969 0.247135 149 105 0
0.506843 0.0881544 0.248793 149 105 0
0.50975 0.0915121 0.250459 149 105 0
0.51263 0.0948699 0.25217 149 105 0
0.515549 0.0981456 0.25397 149 105 0
0.518367 0.101516 0.255754 149 105 0
0.517854 0.101568 0.256611 149 105 0
0.571468 0.104526 0.288173 149 105 0
0.571861 0.104442 0.287257 149 105 0
0.574641 0.102422 0.286348 149 105 0
0.578434 0.0998833 0.286663 149 105 0
0.582192 0.0973271 0.287203 149 105 0
0.585676 0.0944677 0.288007 149 105 0
0.589141 0.091646 0.288997 149 105 0
0.590074 0.0867277 0.289907 149 105 0
0.590728 0.08156 0.290766 149 105 0
0.591515 0.0764023 0.291594 149 105 0
0.592393 0.0712741 0.29251 149 105 0
0.593353 0.0661538 0.293386 150 104 0
0.594398 0.0610492 0.294257 150 104 0
0.595354 0.0559194 0.295081 150 104 0
0.596081 0.0507544 0.295852 150 104 0
0.596381 0.0429606 0.296644 150 104 0
0.596002 0.0380448 0.297155 150 104 0
0.59579 0.0331387 0.29781 150 104 0
0.595462 0.0282287 0.298403 150 104 0
0.595132 0.023324 0.299038 150 104 0
0.594835 0.0184144 0.299639 150 104 0
0.594811 0.0135004 0.300288 150 104 0
0.594776 0.0085821 0.300903 150 104 0
0.59478 0.00366391 0.301519 150 104 0
0.594701 -0.00127148 0.301966 150 104 0
0.59479 -0.00621594 0.302282 150 104 0
0.59497 -0.0111652 0.302471 150 104 0
0.59525 -0.0161019 0.302765 150 104 0
0.595196 -0.0210557 0.302865 150 104 0
0.595438 -0.0260652 0.302551 150 104 0
0.595769 -0.0312356 0.301908 150 104 0
0.596363 -0.0364125 0.301575 150 104 0
0.596861 -0.041609 0.30142 150 104 0
0.59718 -0.0468216 0.301473 150 104 0
0.597299 -0.0520352 0.301758 150 104 0
0.597438 -0.0572326 0.302247 150 104 0
0.597209 -0.0624426 0.30253 150 104 0
0.596987 -0.0676528 0.302815 150 104 0
0.596857 -0.0728699 0.302994 150 104 0
0.596771 -0.0783645 0.303188 150 104 0
0.596762 -0.0832622 0.303206 150 104 0
0.597031 -0.0881456 0.303453 150 104 0
0.597311 -0.0930291 0.303703 150 104 0
0.597647 -0.0979114 0.303896 150 104 0
0.598077 -0.102789 0.303948 150 104 0
0.598603 -0.107657 0.303859 150 104 0
0.599117 -0.11251 0.303531 150 104 0
0.599483 -0.11735 0.302874 150 104 0
0.600019 -0.122148 0.302065 150 104 0
0.60082 -0.130181 0.300544 150 104 0
0.601026 -0.134995 0.300178 150 104 0
0.601264 -0.139803 0.299764 150 104 0
0.601475 -0.144612 0.299367 150 104 0
0.60157 -0.14944 0.299226 150 104 0
0.601494 -0.15427 0.299309 150 104 0
0.601358 -0.159097 0.299482 150 104 0
0.601264 -0.163927 0.299598 151 103 0
0.6012 -0.168758 0.299672 151 103 0
0.601181 -0.17359 0.299685 151 103 0
0.601269 -0.17842 0.2996 151 103 0
0.601497 -0.18324 0.299364 151 103 0
0.601784 -0.188052 0.29904 151 103 0
0.602346 -0.1928 0.298351 151 103 0
0.60294 -0.197694 0.297623 151 103 0
0.60304 -0.202938 0.297832 151 103 0
0.603312 -0.208191 0.297911 151 103 0
0.603444 -0.213443 0.298193 151 103 0
0.603535 -0.218696 0.298449 151 103 0
0.603846 -0.223946 0.298562 151 103 0
0.603942 -0.229205 0.298474 151 103 0
0.603962 -0.234465 0.298452 151 103 0
0.603947 -0.239718 0.298738 151 103 0
0.603918 -0.244973 0.298929 151 103 0
0.604103 -0.239787 0.298332 151 103 0
0.603981 -0.235046 0.298431 151 103 0
0.603947 -0.230304 0.298471 151 103 0
0.603884 -0.225562 0.298532 151 103 0
0.603713 -0.220824 0.298509 151 103 0
0.603508 -0.216089 0.298342 151 103 0
0.603441 -0.211352 0.298113 151 103 0
0.603273 -0.206625 0.297775 151 103 0
0.602721 -0.198303 0.297765 151 103 0
0.602166 -0.193522 0.298473 151 103 0
0.601788 -0.188702 0.298985 151 103 0
0.601532 -0.183857 0.299326 151 103 0
0.601283 -0.179007 0.299587 151 103 0
0.60118 -0.174145 0.299685 151 103 0
0.601193 -0.169281 0.29968 151 103 0
0.601255 -0.164417 0.299609 151 103 0
0.601349 -0.159555 0.299493 151 103 0
0.601482 -0.154696 0.299324 151 103 0
0.601564 -0.149833 0.299232 151 103 0
0.601485 -0.144973 0.299353 151 103 0
0.601314 -0.140119 0.299605 151 103 0
0.601113 -0.135266 0.299867 151 103 0
0.600755 -0.129817 0.300316 151 103 0
0.600238 -0.124698 0.301457 151 103 0
0.59965 -0.119551 0.30243 151 103 0
0.599103 -0.114384 0.303316 151 103 0
0.598458 -0.109168 0.303706 151 103 0
0.597825 -0.103936 0.303825 151 103 0
0.597352 -0.0986867 0.303765 152 102 0
0.597017 -0.0934311 0.303539 152 102 0
0.596726 -0.0881748 0.30328 152 102 0
0.596716 -0.082904 0.303313 152 102 0
0.596772 -0.0776462 0.303188 152 102 0
0.596842 -0.0728405 0.303032 152 102 0
0.596766 -0.0680417 0.302743 152 102 0
0.596651 -0.0632533 0.302319 152 102 0
0.596536 -0.0584674 0.301865 152 102 0
0.596404 -0.0536803 0.301428 152 102 0
0.59625 -0.0488867 0.301095 152 102 0
0.596117 -0.044083 0.300979 152 102 0
0.596038 -0.0392764 0.301095 152 102 0
0.595963 -0.0344862 0.301474 152 102 0
0.595497 -0.0265321 0.302472 152 102 0
0.595351 -0.0215742 0.302644 152 102 0
0.595377 -0.0166116 0.302614 152 102 0
0.595303 -0.0116497 0.302621 152 102 0
0.595117 -0.00669284 0.302446 152 102 0
0.595005 -0.00174028 0.302144 152 102 0
0.595098 0.00320439 0.301718 152 102 0
0.595352 0.00813723 0.301226 152 102 0
0.595393 0.0130628 0.300613 152 102 0
0.595417 0.0179843 0.299966 152 102 0
0.595463 0.0228972 0.299258 152 102 0
0.595712 0.0278078 0.298589 152 102 0
0.596129 0.032706 0.29791 152 102 0
0.596059 0.037595 0.297086 152 102 0
0.595831 0.0428175 0.296122 152 102 0
0.595086 0.0480167 0.295431 152 102 0
0.594561 0.0532492 0.294711 152 102 0
0.593972 0.058484 0.294062 152 102 0
0.593321 0.0637182 0.293467 152 102 0
0.592699 0.0689513 0.292835 152 102 0
0.592155 0.0741866 0.292151 152 102 0
0.591629 0.0794208 0.291446 152 102 0
0.590956 0.0846176 0.290687 152 102 0
0.588969 0.0862978 0.289124 152 102 0
0.586036 0.0906769 0.287536 152 102 0
0.582717 0.0949813 0.286756 152 102 0
0.578841 0.098856 0.286419 152 102 0
0.574641 0.102422 0.286348 152 102 0
0.574234 0.102494 0.287258 152 102 0
0.519653 0.103379 0.257813 152 102 0
0.520161 0.103306 0.256955 152 102 0
0.520161 0.103306 0.256955 153 101 0
0.520636 0.10061 0.256862 153 101 0
0.520732 0.0958579 0.25692 153 101 0
0.52093 0.0911137 0.257296 153 101 0
0.521222 0.0864211 0.257989 153 101 0
0.521588 0.0810517 0.25784 153 101 0
0.522169 0.0758166 0.257204 153 101 0
0.522628 0.070555 0.256695 153 101 0
0.523065 0.0652918 0.256183 153 101 0
0.523299 0.060006 0.255784 153 101 0
0.523428 0.054705 0.255591 153 101 0
0.523509 0.0494015 0.255456 153 101 0
0.523653 0.0390816 0.255173 153 101 0
0.523886 0.0340871 0.254753 153 101 0
0.524198 0.0290869 0.254523 153 101 0
0.52449 0.024082 0.254317 153 101 0
0.52481 0.0190811 0.25406 153 101 0
0.525128 0.0140786 0.253832 153 101 0
0.525407 0.00907087 0.253683 153 101 0
0.525628 0.00405876 0.253597 153 101 0
0.525798 -0.000956067 0.253599 153 101 0
0.525928 -0.00597093 0.253707 153 101 0
0.526013 -0.0109848 0.253884 153 101 0
0.525986 -0.0160017 0.25393 153 101 0
0.525867 -0.0210133 0.254145 153 101 0
0.525661 -0.0258988 0.254496 153 101 0
0.525322 -0.0306841 0.255106 153 101 0
0.524908 -0.0354444 0.255856 153 101 0
0.524696 -0.0401818 0.256791 153 101 0
0.524584 -0.0449217 0.257747 153 101 0
0.524518 -0.0496737 0.258645 153 101 0
0.524542 -0.0544448 0.25943 153 101 0
0.524675 -0.0592442 0.26 153 101 0
0.524848 -0.0640641 0.260318 153 101 0
0.524854 -0.0689007 0.260302 153 101 0
0.524886 -0.0737368 0.260237 153 101 0
0.525068 -0.0792152 0.259909 153 101 0
0.525393 -0.084027 0.259336 153 101 0
0.525733 -0.0888361 0.258749 153 101 0
0.526182 -0.0936345 0.258152 153 101 0
0.526593 -0.098436 0.257555 153 101 0
0.526915 -0.103248 0.256985 153 101 0
0.527197 -0.108071 0.256484 153 101 0
0.52744 -0.112903 0.256063 153 101 0
0.527614 -0.117742 0.2557 153 101 0
0.527628 -0.122588 0.255404 154 100 0
0.527933 -0.130573 0.255314 154 100 0
0.527872 -0.13555 0.255277 154 100 0
0.52791 -0.140527 0.255187 154 100 0
0.527964 -0.145501 0.255282 154 100 0
0.528042 -0.15046 0.25568 154 100 0
0.527894 -0.155391 0.256332 154 100 0
0.527698 -0.160278 0.257262 154 100 0
0.527445 -0.165141 0.258298 154 100 0
0.527257 -0.170029 0.259223 154 100 0
0.527249 -0.174973 0.259789 154 100 0
0.527438 -0.17994 0.260031 154 100 0
0.527627 -0.184906 0.25983 154 100 0
0.527775 -0.18986 0.259577 154 100 0
0.52857 -0.194557 0.258175 154 100 0
0.529836 -0.199785 0.25601 154 100 0
0.530197 -0.204953 0.255356 154 100 0
0.530565 -0.210123 0.254718 154 100 0
0.530949 -0.215332 0.254676 154 100 0
0.531218 -0.220546 0.254798 154 100 0
0.531393 -0.225753 0.255139 154 100 0
0.531331 -0.230927 0.255822 154 100 0
0.53102 -0.236039 0.256843 154 100 0
0.530423 -0.241124 0.257874 154 100 0
0.529611 -0.246091 0.259256 154 100 0
0.530549 -0.240665 0.25767 154 100 0
0.530846 -0.236066 0.256724 154 100 0
0.531031 -0.231435 0.255844 154 100 0
0.531127 -0.226768 0.255188 154 100 0
0.531051 -0.22207 0.254803 154 100 0
0.530839 -0.217359 0.254645 154 100 0
0.53062 -0.212647 0.254603 154 100 0
0.530592 -0.20793 0.254646 154 100 0
0.529634 -0.200099 0.256278 154 100 0
0.528643 -0.195546 0.25805 154 100 0
0.528024 -0.190733 0.259144 154 100 0
0.527626 -0.185802 0.259756 154 100 0
0.527209 -0.180834 0.259912 154 100 0
0.526981 -0.175855 0.25973 154 100 0
0.526974 -0.170896 0.259194 154 100 0
0.527257 -0.166002 0.258289 154 100 0
0.527521 -0.161128 0.257263 154 100 0
0.527726 -0.156235 0.256316 154 100 0
0.527807 -0.151304 0.255581 154 100 0
0.527881 -0.146334 0.255234 154 100 0
0.52796 -0.141349 0.255141 155 99 0
0.527729 -0.13637 0.255238 155 99 0
0.527688 -0.131214 0.255088 155 99 0
0.527624 -0.126465 0.2553 155 99 0
0.527565 -0.121714 0.255449 155 99 0
0.527426 -0.116969 0.2557 155 99 0
0.527223 -0.112233 0.256052 155 99 0
0.526978 -0.107505 0.256472 155 99 0
0.526696 -0.102785 0.256963 155 99 0
0.526381 -0.0980752 0.257527 155 99 0
0.526036 -0.0933742 0.258144 155 99 0
0.525713 -0.0886772 0.258801 155 99 0
0.525374 -0.0839732 0.259397 155 99 0
0.525061 -0.0785078 0.259915 155 99 0
0.524983 -0.0736835 0.260066 155 99 0
0.524595 -0.0688732 0.260085 155 99 0
0.524237 -0.0640622 0.259942 155 99 0
0.524 -0.0592572 0.259572 155 99 0
0.523896 -0.0544684 0.258986 155 99 0
0.523886 -0.0496997 0.25824 155 99 0
0.524026 -0.0449495 0.25741 155 99 0
0.524484 -0.0402131 0.256599 155 99 0
0.525009 -0.0355056 0.255668 155 99 0
0.525573 -0.0271733 0.25464 155 99 0
0.525768 -0.0223216 0.254313 155 99 0
0.525927 -0.017464 0.254051 155 99 0
0.52607 -0.0126057 0.2538 155 99 0
0.526114 -0.00774228 0.253644 155 99 0
0.525946 -0.00287908 0.253544 155 99 0
0.525734 0.00198356 0.253531 155 99 0
0.525503 0.00684538 0.253541 155 99 0
0.525242 0.0117051 0.253611 155 99 0
0.524908 0.0165569 0.253808 155 99 0
0.524533 0.0214023 0.254074 155 99 0
0.524179 0.0262502 0.254327 155 99 0
0.523948 0.0311021 0.254623 155 99 0
0.523701 0.0359441 0.255049 155 99 0
0.523497 0.0414509 0.255445 155 99 0
0.5235 0.0467127 0.255434 155 99 0
0.523444 0.0519737 0.255521 155 99 0
0.523394 0.057234 0.255637 155 99 0
0.523208 0.0624837 0.255943 155 99 0
0.522933 0.0677163 0.256424 155 99 0
0.522468 0.0729309 0.256954 155 99 0
0.522 0.0781321 0.257593 155 99 0
0.521679 0.0804911 0.257921 156 98 0
0.521185 0.0855146 0.257774 156 98 0
0.52089 0.0905357 0.25736 156 98 0
0.520708 0.0955689 0.256954 156 98 0
0.520636 0.10061 0.256862 156 98 0
0.520124 0.100669 0.257719 156 98 0
0.571468 0.104526 0.288173 156 98 0
0.571861 0.104442 0.287257 156 98 0
0.572483 0.1026 0.285682 156 98 0
0.573672 0.0984407 0.283911 156 98 0
0.574736 0.0941613 0.282364 156 98 0
0.57566 0.0897674 0.281071 156 98 0
0.575849 0.0844763 0.280804 156 98 0
0.575795 0.0797164 0.28088 156 98 0
0.575657 0.0749603 0.281062 156 98 0
0.57542 0.070218 0.281397 156 98 0
0.575093 0.0654912 0.281865 156 98 0
0.574694 0.0607814 0.282434 156 98 0
0.574226 0.0560915 0.283111 156 98 0
0.573693 0.0514234 0.283884 156 98 0
0.572698 0.0414137 0.285927 156 98 0
0.572685 0.0364278 0.286853 156 98 0
0.572491 0.0313991 0.287485 156 98 0
0.572359 0.0263641 0.288088 156 98 0
0.57237 0.021308 0.288496 156 98 0
0.572488 0.0162374 0.288581 156 98 0
0.572834 0.011177 0.288516 156 98 0
0.573153 0.00612791 0.288146 156 98 0
0.573451 0.00109714 0.287566 156 98 0
0.573818 -0.0039185 0.286902 156 98 0
0.574289 -0.00892331 0.286222 156 98 0
0.574858 -0.0138687 0.285248 156 98 0
0.575465 -0.0188236 0.284359 156 98 0
0.575699 -0.0264411 0.283789 156 98 0
0.575395 -0.0314321 0.284561 156 98 0
0.575379 -0.0363903 0.285556 156 98 0
0.575217 -0.0413583 0.286497 156 98 0
0.574994 -0.0463086 0.287523 156 98 0
0.574777 -0.0512757 0.288465 156 98 0
0.574599 -0.0562698 0.289255 156 98 0
0.574534 -0.0612905 0.289877 156 98 0
0.574358 -0.066316 0.290411 156 98 0
0.574255 -0.0713704 0.290559 156 98 0
0.574491 -0.0771573 0.290248 156 98 0
0.575012 -0.0820278 0.289471 156 98 0
0.575497 -0.0869237 0.288847 157 97 0
0.57612 -0.0918243 0.288405 157 97 0
0.576734 -0.0967292 0.288 157 97 0
0.577271 -0.101651 0.287701 157 97 0
0.577758 -0.106582 0.2875 157 97 0
0.578226 -0.111517 0.287331 157 97 0
0.578603 -0.116441 0.286874 157 97 0
0.578956 -0.121368 0.286427 157 97 0
0.579658 -0.129103 0.285446 157 97 0
0.579938 -0.133993 0.285045 157 97 0
0.58017 -0.138891 0.284713 157 97 0
0.580318 -0.143797 0.284499 157 97 0
0.58023 -0.148702 0.284612 157 97 0
0.579838 -0.153569 0.285168 157 97 0
0.579417 -0.158408 0.285918 157 97 0
0.578932 -0.163223 0.286777 157 97 0
0.578467 -0.168049 0.287585 157 97 0
0.577958 -0.172881 0.288328 157 97 0
0.577524 -0.177735 0.288963 157 97 0
0.577228 -0.182622 0.289373 157 97 0
0.577122 -0.187526 0.289616 157 97 0
0.577211 -0.192422 0.289201 157 97 0
0.577361 -0.197486 0.28858 157 97 0
0.577771 -0.202207 0.28863 157 97 0
0.578335 -0.206925 0.288567 157 97 0
0.578878 -0.211646 0.288476 157 97 0
0.579455 -0.216363 0.288362 157 97 0
0.580059 -0.221075 0.288195 157 97 0
0.58055 -0.225796 0.287981 157 97 0
0.580823 -0.230536 0.287771 157 97 0
0.580883 -0.235285 0.287686 157 97 0
0.580783 -0.240035 0.287839 157 97 0
0.580696 -0.244778 0.288109 157 97 0
0.580839 -0.238887 0.287499 157 97 0
0.580776 -0.234133 0.287589 157 97 0
0.580643 -0.229383 0.287785 157 97 0
0.580437 -0.224639 0.288054 157 97 0
0.580039 -0.219908 0.288294 157 97 0
0.579493 -0.215185 0.288455 157 97 0
0.578938 -0.210463 0.288585 157 97 0
0.578304 -0.205752 0.288579 157 97 0
0.57741 -0.197926 0.288702 157 97 0
0.577269 -0.193055 0.289243 157 97 0
0.577188 -0.188161 0.289472 157 97 0
0.577178 -0.18326 0.289446 157 97 0
0.577408 -0.178375 0.289148 158 96 0
0.577833 -0.173531 0.288524 158 96 0
0.578344 -0.168711 0.287789 158 96 0
0.578808 -0.163897 0.286983 158 96 0
0.579291 -0.159093 0.286131 158 96 0
0.579716 -0.154268 0.285372 158 96 0
0.58011 -0.149416 0.284797 158 96 0
0.580286 -0.144529 0.284551 158 96 0
0.580297 -0.139627 0.284532 158 96 0
0.580069 -0.13474 0.284859 158 96 0
0.579745 -0.12987 0.285288 158 96 0
0.57928 -0.124763 0.285937 158 96 0
0.578868 -0.119643 0.286515 158 96 0
0.578462 -0.114521 0.287074 158 96 0
0.57794 -0.109383 0.287301 158 96 0
0.577436 -0.104241 0.287472 158 96 0
0.576911 -0.0991056 0.287749 158 96 0
0.576301 -0.0939867 0.288133 158 96 0
0.575647 -0.0888781 0.288573 158 96 0
0.575134 -0.0837944 0.289344 158 96 0
0.574626 -0.0790711 0.290031 158 96 0
0.574436 -0.0739865 0.290309 158 96 0
0.574266 -0.0688993 0.29055 158 96 0
0.574348 -0.0638065 0.290427 158 96 0
0.574615 -0.0587341 0.29003 158 96 0
0.574666 -0.0537124 0.289168 158 96 0
0.574875 -0.0487231 0.288154 158 96 0
0.575149 -0.0437729 0.286977 158 96 0
0.575309 -0.0388212 0.285786 158 96 0
0.575512 -0.0338813 0.284626 158 96 0
0.575697 -0.0258999 0.283788 158 96 0
0.575443 -0.0210337 0.284458 158 96 0
0.575013 -0.016181 0.285138 158 96 0
0.574628 -0.0113144 0.285742 158 96 0
0.574171 -0.00648423 0.286561 158 96 0
0.573663 -0.00167274 0.287456 158 96 0
0.573256 0.00317025 0.288225 158 96 0
0.572921 0.00805551 0.288704 158 96 0
0.572702 0.0129614 0.289003 158 96 0
0.572574 0.0178786 0.28908 158 96 0
0.57246 0.0227882 0.288832 158 96 0
0.572498 0.0276729 0.288268 158 96 0
0.572632 0.0325508 0.287637 158 96 0
0.572669 0.0374075 0.286853 158 96 0
0.57241 0.0420788 0.285655 158 96 0
0.573048 0.0471436 0.284729 159 95 0
0.573719 0.0521997 0.283781 159 95 0
0.574318 0.0572781 0.282907 159 95 0
0.574838 0.0623889 0.282185 159 95 0
0.575283 0.0675223 0.281583 159 95 0
0.575599 0.0726804 0.281128 159 95 0
0.575789 0.0778581 0.280876 159 95 0
0.575886 0.0830423 0.280738 159 95 0
0.575892 0.0857776 0.28072 159 95 0
0.575213 0.0911663 0.281743 159 95 0
0.574196 0.0963888 0.28324 159 95 0
0.572878 0.101404 0.285155 159 95 0
0.572481 0.101501 0.286067 159 95 0
0.519653 0.103379 0.257813 159 95 0
0.520161 0.103306 0.256955 159 95 0
0.518367 0.101516 0.255754 159 95 0
0.515037 0.0985328 0.253645 159 95 0
0.511687 0.0955667 0.251549 159 95 0
0.508218 0.0927596 0.249414 159 95 0
0.504705 0.089976 0.247322 159 95 0
0.501192 0.087131 0.245322 159 95 0
0.501118 0.0822186 0.245437 159 95 0
0.501158 0.0770534 0.245369 159 95 0
0.500816 0.0719048 0.245137 159 95 0
0.500485 0.0667573 0.244856 159 95 0
0.50012 0.0616094 0.244632 159 95 0
0.499685 0.056463 0.244531 159 95 0
0.4992 0.0513202 0.244496 159 95 0
0.499052 0.0461632 0.244742 159 95 0
0.499166 0.0384977 0.244905 159 95 0
0.500102 0.0334381 0.244512 159 95 0
0.500815 0.0283681 0.243862 159 95 0
0.501477 0.0232881 0.243229 159 95 0
0.502133 0.018219 0.242508 159 95 0
0.502763 0.0131423 0.241819 159 95 0
0.50338 0.00804617 0.241282 159 95 0
0.503922 0.00292684 0.240906 159 95 0
0.504358 -0.00221148 0.240738 159 95 0
0.504636 -0.00736073 0.240886 159 95 0
0.504767 -0.0125016 0.241321 159 95 0
0.504943 -0.0176289 0.241881 159 95 0
0.505018 -0.0227334 0.242551 159 95 0
0.504545 -0.0280244 0.243466 159 95 0
0.504171 -0.0327884 0.244181 159 95 0
0.503769 -0.0375399 0.244961 159 95 0
0.503405 -0.0423053 0.24567 160 94 0
0.503031 -0.0470937 0.246185 160 94 0
0.502769 -0.0519028 0.246554 160 94 0
0.502593 -0.0567262 0.246716 160 94 0
0.502512 -0.0615559 0.246693 160 94 0
0.502583 -0.0663846 0.246568 160 94 0
0.502751 -0.0712059 0.246307 160 94 0
0.502899 -0.0760268 0.246059 160 94 0
0.503359 -0.081283 0.245734 160 94 0
0.50352 -0.0861584 0.245421 160 94 0
0.503656 -0.0910387 0.245161 160 94 0
0.503779 -0.0959223 0.244967 160 94 0
0.503861 -0.100809 0.244852 160 94 0
0.503919 -0.105697 0.244762 160 94 0
0.503986 -0.110584 0.244645 160 94 0
0.504066 -0.11547 0.244486 160 94 0
0.504133 -0.120356 0.244322 160 94 0
0.504224 -0.12524 0.244101 160 94 0
0.504137 -0.133063 0.244263 160 94 0
0.504333 -0.13798 0.244138 160 94 0
0.504741 -0.142884 0.24425 160 94 0
0.504966 -0.1478 0.244441 160 94 0
0.505185 -0.152715 0.244659 160 94 0
0.505443 -0.157631 0.244798 160 94 0
0.505733 -0.162546 0.244861 160 94 0
0.506063 -0.16746 0.2449 160 94 0
0.50648 -0.172367 0.24491 160 94 0
0.506665 -0.177278 0.244584 160 94 0
0.507083 -0.182178 0.244332 160 94 0
0.507459 -0.187081 0.244064 160 94 0
0.507942 -0.191961 0.243637 160 94 0
0.508577 -0.196827 0.243222 160 94 0
0.508127 -0.201998 0.242922 160 94 0
0.507819 -0.207022 0.242897 160 94 0
0.507068 -0.21199 0.242597 160 94 0
0.506602 -0.216999 0.242414 160 94 0
0.506228 -0.222015 0.242209 160 94 0
0.505822 -0.227028 0.241993 160 94 0
0.505029 -0.231985 0.24162 160 94 0
0.504609 -0.236998 0.241435 160 94 0
0.50427 -0.242014 0.241169 160 94 0
0.503524 -0.246968 0.240704 160 94 0
0.504088 -0.24157 0.24122 160 94 0
0.504602 -0.236263 0.241432 160 94 0
0.505379 -0.230998 0.24182 160 94 0
0.506152 -0.225731 0.242192 161 93 0
0.506778 -0.220446 0.242581 161 93 0
0.507475 -0.215169 0.242963 161 93 0
0.508144 -0.209903 0.243414 161 93 0
0.508124 -0.202458 0.242923 161 93 0
0.507795 -0.197539 0.243051 161 93 0
0.507413 -0.192634 0.243459 161 93 0
0.507071 -0.187713 0.243702 161 93 0
0.506727 -0.182795 0.24399 161 93 0
0.506523 -0.177877 0.244384 161 93 0
0.506337 -0.172952 0.244711 161 93 0
0.50608 -0.168023 0.244872 161 93 0
0.505769 -0.163095 0.244866 161 93 0
0.505474 -0.158166 0.244805 161 93 0
0.505212 -0.153236 0.244676 161 93 0
0.504988 -0.148307 0.244466 161 93 0
0.504679 -0.143386 0.244203 161 93 0
0.504148 -0.13848 0.244253 161 93 0
0.504171 -0.133185 0.244199 161 93 0
0.504147 -0.127947 0.244248 161 93 0
0.504131 -0.122709 0.244274 161 93 0
0.504089 -0.117472 0.244416 161 93 0
0.504003 -0.112238 0.244613 161 93 0
0.503934 -0.107001 0.244747 161 93 0
0.503882 -0.101763 0.244828 161 93 0
0.503819 -0.0965256 0.244912 161 93 0
0.503686 -0.091292 0.245102 161 93 0
0.503573 -0.0860572 0.24526 161 93 0
0.503359 -0.081283 0.245734 161 93 0
0.503038 -0.076246 0.245989 161 93 0
0.502733 -0.0712043 0.246286 161 93 0
0.502572 -0.0661575 0.246605 161 93 0
0.502374 -0.0611023 0.246678 161 93 0
0.502537 -0.0560457 0.246715 161 93 0
0.502682 -0.0509953 0.246447 161 93 0
0.503057 -0.045965 0.246057 161 93 0
0.503388 -0.0409582 0.245408 161 93 0
0.503918 -0.0359788 0.244694 161 93 0
0.504554 -0.0283234 0.243451 161 93 0
0.504649 -0.0232126 0.242531 161 93 0
0.504533 -0.0180557 0.241826 161 93 0
0.504506 -0.0128864 0.241201 161 93 0
0.504383 -0.00770137 0.240747 161 93 0
0.504113 -0.00250699 0.240577 161 93 0
0.50368 0.00267768 0.24073 161 93 0
0.503132 0.00784136 0.241114 162 92 0
0.502509 0.0129821 0.241658 162 92 0
0.501872 0.0181038 0.24235 162 92 0
0.501212 0.0232176 0.243078 162 92 0
0.500447 0.028309 0.243854 162 92 0
0.499373 0.0333612 0.244499 162 92 0
0.49896 0.0381388 0.244933 162 92 0
0.499074 0.0433754 0.244708 162 92 0
0.499102 0.0486161 0.244563 162 92 0
0.499249 0.0538538 0.244384 162 92 0
0.499337 0.0590932 0.244218 162 92 0
0.499365 0.0643357 0.24417 162 92 0
0.499336 0.0695781 0.244221 162 92 0
0.499309 0.0748207 0.244267 162 92 0
0.499255 0.0800624 0.244356 162 92 0
0.501062 0.0813811 0.245526 162 92 0
0.503931 0.0847969 0.247135 162 92 0
0.506843 0.0881544 0.248793 162 92 0
0.50975 0.0915121 0.250459 162 92 0
0.51263 0.0948699 0.25217 162 92 0
0.515549 0.0981456 0.25397 162 92 0
0.518367 0.101516 0.255754 162 92 0
0.517854 0.101568 0.256611 162 92 0
0.571468 0.104526 0.288173 162 92 0
0.571861 0.104442 0.287257 162 92 0
0.574641 0.102422 0.286348 162 92 0
0.578434 0.0998833 0.286663 162 92 0
0.582192 0.0973271 0.287203 162 92 0
0.585676 0.0944677 0.288007 162 92 0
0.589141 0.091646 0.288997 162 92 0
0.590074 0.0867277 0.289907 162 92 0
0.590728 0.08156 0.290766 162 92 0
0.591515 0.0764023 0.291594 162 92 0
0.592393 0.0712741 0.29251 162 92 0
0.593353 0.0661538 0.293386 162 92 0
0.594398 0.0610492 0.294257 162 92 0
0.595354 0.0559194 0.295081 162 92 0
0.596081 0.0507544 0.295852 162 92 0
0.596381 0.0429606 0.296644 162 92 0
0.596002 0.0380448 0.297155 162 92 0
0.59579 0.0331387 0.29781 162 92 0
0.595462 0.0282287 0.298403 162 92 0
0.595132 0.023324 0.299038 162 92 0
0.594835 0.0184144 0.299639 162 92 0
0.594811 0.0135004 0.300288 162 92 0
0.594776 0.0085821 0.300903 163 91 0
0.59478 0.00366391 0.301519 163 91 0
0.594701 -0.00127148 0.301966 163 91 0
0.59479 -0.00621594 0.302282 163 91 0
0.59497 -0.0111652 0.302471 163 91 0
0.59525 -0.0161019 0.302765 163 91 0
0.595196 -0.0210557 0.302865 163 91 0
0.595438 -0.0260652 0.302551 163 91 0
0.595769 -0.0312356 0.301908 163 91 0
0.596363 -0.0364125 0.301575 163 91 0
0.596861 -0.041609 0.30142 163 91 0
0.59718 -0.0468216 0.301473 163 91 0
0.597299 -0.0520352 0.301758 163 91 0
0.597438 -0.0572326 0.302247 163 91 0
0.597209 -0.0624426 0.30253 163 91 0
0.596987 -0.0676528 0.302815 163 91 0
0.596857 -0.0728699 0.302994 163 91 0
0.596771 -0.0783645 0.303188 163 91 0
0.596762 -0.0832622 0.303206 163 91 0
0.597031 -0.0881456 0.303453 163 91 0
0.597311 -0.0930291 0.303703 163 91 0
0.597647 -0.0979114 0.303896 163 91 0
0.598077 -0.102789 0.303948 163 91 0
0.598603 -0.107657 0.303859 163 91 0
0.599117 -0.11251 0.303531 163 91 0
0.599483 -0.11735 0.302874 163 91 0
0.600019 -0.122148 0.302065 163 91 0
0.60082 -0.130181 0.300544 163 91 0
0.601026 -0.134995 0.300178 163 91 0
0.601264 -0.139803 0.299764 163 91 0
0.601475 -0.144612 0.299367 163 91 0
0.60157 -0.14944 0.299226 163 91 0
0.601494 -0.15427 0.299309 163 91 0
0.601358 -0.159097 0.299482 163 91 0
0.601264 -0.163927 0.299598 163 91 0
0.6012 -0.168758 0.299672 163 91 0
0.601181 -0.17359 0.299685 163 91 0
0.601269 -0.17842 0.2996 163 91 0
0.601497 -0.18324 0.299364 163 91 0
0.601784 -0.188052 0.29904 163 91 0
0.602346 -0.1928 0.298351 163 91 0
0.60294 -0.197694 0.297623 163 91 0
0.60304 -0.202938 0.297832 163 91 0
0.603312 -0.208191 0.297911 163 91 0
0.603444 -0.213443 0.298193 163 91 0
0.603535 -0.218696 0.298449 164 90 0
0.603846 -0.223946 0.298562 164 90 0
0.603942 -0.229205 0.298474 164 90 0
0.603962 -0.234465 0.298452 164 90 0
0.603947 -0.239718 0.298738 164 90 0
0.603918 -0.244973 0.298929 164 90 0
0.604103 -0.239787 0.298332 164 90 0
0.603981 -0.235046 0.298431 164 90 0
0.603947 -0.230304 0.298471 164 90 0
0.603884 -0.225562 0.298532 164 90 0
0.603713 -0.220824 0.298509 164 90 0
0.603508 -0.216089 0.298342 164 90 0
0.603441 -0.211352 0.298113 164 90 0
0.603273 -0.206625 0.297775 164 90 0
0.602721 -0.198303 0.297765 164 90 0
0.602166 -0.193522 0.298473 164 90 0
0.601788 -0.188702 0.298985 164 90 0
0.601532 -0.183857 0.299326 164 90 0
0.601283 -0.179007 0.299587 164 90 0
0.60118 -0.174145 0.299685 164 90 0
0.601193 -0.169281 0.29968 164 90 0
0.601255 -0.164417 0.299609 164 90 0
0.601349 -0.159555 0.299493 164 90 0
0.601482 -0.154696 0.299324 164 90 0
0.601564 -0.149833 0.299232 164 90 0
0.601485 -0.144973 0.299353 164 90 0
0.601314 -0.140119 0.299605 164 90 0
0.601113 -0.135266 0.299867 164 90 0
0.600755 -0.129817 0.300316 164 90 0
0.600238 -0.124698 0.301457 164 90 0
0.59965 -0.119551 0.30243 164 90 0
0.599103 -0.114384 0.303316 164 90 0
0.598458 -0.109168 0.303706 164 90 0
0.597825 -0.103936 0.303825 164 90 0
0.597352 -0.0986867 0.303765 164 90 0
0.597017 -0.0934311 0.303539 164 90 0
0.596726 -0.0881748 0.30328 164 90 0
0.596716 -0.082904 0.303313 164 90 0
0.596772 -0.0776462 0.303188 164 90 0
0.596842 -0.0728405 0.303032 164 90 0
0.596766 -0.0680417 0.302743 164 90 0
0.596651 -0.0632533 0.302319 164 90 0
0.596536 -0.0584674 0.301865 164 90 0
0.596404 -0.0536803 0.301428 164 90 0
0.59625 -0.0488867 0.301095 164 90 0
0.596117 -0.044083 0.300979 165 89 0
0.596038 -0.0392764 0.301095 165 89 0
0.595963 -0.0344862 0.301474 165 89 0
0.595497 -0.0265321 0.302472 165 89 0
0.595351 -0.0215742 0.302644 165 89 0
0.595377 -0.0166116 0.302614 165 89 0
0.595303 -0.0116497 0.302621 165 89 0
0.595117 -0.00669284 0.302446 165 89 0
0.595005 -0.00174028 0.302144 165 89 0
0.595098 0.00320439 0.301718 165 89 0
0.595352 0.00813723 0.301226 165 89 0
0.595393 0.0130628 0.300613 165 89 0
0.595417 0.0179843 0.299966 165 89 0
0.595463 0.0228972 0.299258 165 89 0
0.595712 0.0278078 0.298589 165 89 0
0.596129 0.032706 0.29791 165 89 0
0.596059 0.037595 0.297086 165 89 0
0.595831 0.0428175 0.296122 165 89 0
0.595086 0.0480167 0.295431 165 89 0
0.594561 0.0532492 0.294711 165 89 0
0.593972 0.058484 0.294062 165 89 0
0.593321 0.0637182 0.293467 165 89 0
0.592699 0.0689513 0.292835 165 89 0
0.592155 0.0741866 0.292151 165 89 0
0.591629 0.0794208 0.291446 165 89 0
0.590956 0.0846176 0.290687 165 89 0
0.588969 0.0862978 0.289124 165 89 0
0.586036 0.0906769 0.287536 165 89 0
0.582717 0.0949813 0.286756 165 89 0
0.578841 0.098856 0.286419 165 89 0
0.574641 0.102422 0.286348 165 89 0
0.574234 0.102494 0.287258 165 89 0
0.519653 0.103379 0.257813 165 89 0
0.520161 0.103306 0.256955 165 89 0
0.520161 0.103306 0.256955 165 89 0
0.520636 0.10061 0.256862 165 89 0
0.520732 0.0958579 0.25692 165 89 0
0.52093 0.0911137 0.257296 165 89 0
0.521222 0.0864211 0.257989 165 89 0
0.521588 0.0810517 0.25784 165 89 0
0.522169 0.0758166 0.257204 165 89 0
0.522628 0.070555 0.256695 165 89 0
0.523065 0.0652918 0.256183 165 89 0
0.523299 0.060006 0.255784 165 89 0
0.523428 0.054705 0.255591 165 89 0
0.523509 0.0494015 0.255456 166 88 0
0.523653 0.0390816 0.255173 166 88 0
0.523886 0.0340871 0.254753 166 88 0
0.524198 0.0290869 0.254523 166 88 0
0.52449 0.024082 0.254317 166 88 0
0.52481 0.0190811 0.25406 166 88 0
0.525128 0.0140786 0.253832 166 88 0
0.525407 0.00907087 0.253683 166 88 0
0.525628 0.00405876 0.253597 166 88 0
0.525798 -0.000956067 0.253599 166 88 0
0.525928 -0.00597093 0.253707 166 88 0
0.526013 -0.0109848 0.253884 166 88 0
0.525986 -0.0160017 0.25393 166 88 0
0.525867 -0.0210133 0.254145 166 88 0
0.525661 -0.0258988 0.254496 166 88 0
0.525322 -0.0306841 0.255106 166 88 0
0.524908 -0.0354444 0.255856 166 88 0
0.524696 -0.0401818 0.256791 166 88 0
0.524584 -0.0449217 0.257747 166 88 0
0.524518 -0.0496737 0.258645 166 88 0
0.524542 -0.0544448 0.25943 166 88 0
0.524675 -0.0592442 0.26 166 88 0
0.524848 -0.0640641 0.260318 166 88 0
0.524854 -0.0689007 0.260302 166 88 0
0.524886 -0.0737368 0.260237 166 88 0
0.525068 -0.0792152 0.259909 166 88 0
0.525393 -0.084027 0.259336 166 88 0
0.525733 -0.0888361 0.258749 166 88 0
0.526182 -0.0936345 0.258152 166 88 0
0.526593 -0.098436 0.257555 166 88 0
0.526915 -0.103248 0.256985 166 88 0
0.527197 -0.108071 0.256484 166 88 0
0.52744 -0.112903 0.256063 166 88 0
0.527614 -0.117742 0.2557 166 88 0
0.527628 -0.122588 0.255404 166 88 0
0.527933 -0.130573 0.255314 166 88 0
0.527872 -0.13555 0.255277 166 88 0
0.52791 -0.140527 0.255187 166 88 0
0.527964 -0.145501 0.255282 166 88 0
0.528042 -0.15046 0.25568 166 88 0
0.527894 -0.155391 0.256332 166 88 0
0.527698 -0.160278 0.257262 166 88 0
0.527445 -0.165141 0.258298 166 88 0
0.527257 -0.170029 0.259223 166 88 0
0.527249 -0.174973 0.259789 166 88 0
0.527438 -0.17994 0.260031 167 87 0
0.527627 -0.184906 0.25983 167 87 0
0.527775 -0.18986 0.259577 167 87 0
0.52857 -0.194557 0.258175 167 87 0
0.529836 -0.199785 0.25601 167 87 0
0.530197 -0.204953 0.255356 167 87 0
0.530565 -0.210123 0.254718 167 87 0
0.530949 -0.215332 0.254676 167 87 0
0.531218 -0.220546 0.254798 167 87 0
0.531393 -0.225753 0.255139 167 87 0
0.531331 -0.230927 0.255822 167 87 0
0.53102 -0.236039 0.256843 167 87 0
0.530423 -0.241124 0.257874 167 87 0
0.529611 -0.246091 0.259256 167 87 0
0.530549 -0.240665 0.25767 167 87 0
0.530846 -0.236066 0.256724 167 87 0
0.531031 -0.231435 0.255844 167 87 0
0.531127 -0.226768 0.255188 167 87 0
0.531051 -0.22207 0.254803 167 87 0
0.530839 -0.217359 0.254645 167 87 0
0.53062 -0.212647 0.254603 167 87 0
0.530592 -0.20793 0.254646 167 87 0
0.529634 -0.200099 0.256278 167 87 0
0.528643 -0.195546 0.25805 167 87 0
0.528024 -0.190733 0.259144 167 87 0
0.527626 -0.185802 0.259756 167 87 0
0.527209 -0.180834 0.259912 167 87 0
0.526981 -0.175855 0.25973 167 87 0
0.526974 -0.170896 0.259194 167 87 0
0.527257 -0.166002 0.258289 167 87 0
0.527521 -0.161128 0.257263 167 87 0
0.527726 -0.156235 0.256316 167 87 0
0.527807 -0.151304 0.255581 167 87 0
0.527881 -0.146334 0.255234 167 87 0
0.52796 -0.141349 0.255141 167 87 0
0.527729 -0.13637 0.255238 167 87 0
0.527688 -0.131214 0.255088 167 87 0
0.527624 -0.126465 0.2553 167 87 0
0.527565 -0.121714 0.255449 167 87 0
0.527426 -0.116969 0.2557 167 87 0
0.527223 -0.112233 0.256052 167 87 0
0.526978 -0.107505 0.256472 167 87 0
0.526696 -0.102785 0.256963 167 87 0
0.526381 -0.0980752 0.257527 167 87 0
0.526036 -0.0933742 0.258144 167 87 0
0.525713 -0.0886772 0.258801 168 86 0
0.525374 -0.0839732 0.259397 168 86 0
0.525061 -0.0785078 0.259915 168 86 0
0.524983 -0.0736835 0.260066 168 86 0
0.524595 -0.0688732 0.260085 168 86 0
0.524237 -0.0640622 0.259942 168 86 0
0.524 -0.0592572 0.259572 168 86 0
0.523896 -0.0544684 0.258986 168 86 0
0.523886 -0.0496997 0.25824 168 86 0
0.524026 -0.0449495 0.25741 168 86 0
0.524484 -0.0402131 0.256599 168 86 0
0.525009 -0.0355056 0.255668 168 86 0
0.525573 -0.0271733 0.25464 168 86 0
0.525768 -0.0223216 0.254313 168 86 0
0.525927 -0.017464 0.254051 168 86 0
0.52607 -0.0126057 0.2538 168 86 0
0.526114 -0.00774228 0.253644 168 86 0
0.525946 -0.00287908 0.253544 168 86 0
0.525734 0.00198356 0.253531 168 86 0
0.525503 0.00684538 0.253541 168 86 0
0.525242 0.0117051 0.253611 168 86 0
0.524908 0.0165569 0.253808 168 86 0
0.524533 0.0214023 0.254074 168 86 0
0.524179 0.0262502 0.254327 168 86 0
0.523948 0.0311021 0.254623 168 86 0
0.523701 0.0359441 0.255049 168 86 0
0.523497 0.0414509 0.255445 168 86 0
0.5235 0.0467127 0.255434 168 86 0
0.523444 0.0519737 0.255521 168 86 0
0.523394 0.057234 0.255637 168 86 0
0.523208 0.0624837 0.255943 168 86 0
0.522933 0.0677163 0.256424 168 86 0
0.522468 0.0729309 0.256954 168 86 0
0.522 0.0781321 0.257593 168 86 0
0.521679 0.0804911 0.257921 168 86 0
0.521185 0.0855146 0.257774 168 86 0
0.52089 0.0905357 0.25736 168 86 0
0.520708 0.0955689 0.256954 168 86 0
0.520636 0.10061 0.256862 168 86 0
0.520124 0.100669 0.257719 168 86 0
0.571468 0.104526 0.288173 168 86 0
0.571861 0.104442 0.287257 168 86 0
0.572483 0.1026 0.285682 168 86 0
0.573672 0.0984407 0.283911 168 86 0
0.574736 0.0941613 0.282364 168 86 0
0.57566 0.0897674 0.281071 169 85 0
0.575849 0.0844763 0.280804 169 85 0
0.575795 0.0797164 0.28088 169 85 0
0.575657 0.0749603 0.281062 169 85 0
0.57542 0.070218 0.281397 169 85 0
0.575093 0.0654912 0.281865 169 85 0
0.574694 0.0607814 0.282434 169 85 0
0.574226 0.0560915 0.283111 169 85 0
0.573693 0.0514234 0.283884 169 85 0
0.572698 0.0414137 0.285927 169 85 0
0.572685 0.0364278 0.286853 169 85 0
0.572491 0.0313991 0.287485 169 85 0
0.572359 0.0263641 0.288088 169 85 0
0.57237 0.021308 0.288496 169 85 0
0.572488 0.0162374 0.288581 169 85 0
0.572834 0.011177 0.288516 169 85 0
0.573153 0.00612791 0.288146 169 85 0
0.573451 0.00109714 0.287566 169 85 0
0.573818 -0.0039185 0.286902 169 85 0
0.574289 -0.00892331 0.286222 169 85 0
0.574858 -0.0138687 0.285248 169 85 0
0.575465 -0.0188236 0.284359 169 85 0
0.575699 -0.0264411 0.283789 169 85 0
0.575395 -0.0314321 0.284561 169 85 0
0.575379 -0.0363903 0.285556 169 85 0
0.575217 -0.0413583 0.286497 169 85 0
0.574994 -0.0463086 0.287523 169 85 0
0.574777 -0.0512757 0.288465 169 85 0
0.574599 -0.0562698 0.289255 169 85 0
0.574534 -0.0612905 0.289877 169 85 0
0.574358 -0.066316 0.290411 169 85 0
0.574255 -0.0713704 0.290559 169 85 0
0.574491 -0.0771573 0.290248 169 85 0
0.575012 -0.0820278 0.289471 169 85 0
0.575497 -0.0869237 0.288847 169 85 0
0.57612 -0.0918243 0.288405 169 85 0
0.576734 -0.0967292 0.288 169 85 0
0.577271 -0.101651 0.287701 169 85 0
0.577758 -0.106582 0.2875 169 85 0
0.578226 -0.111517 0.287331 169 85 0
0.578603 -0.116441 0.286874 169 85 0
0.578956 -0.121368 0.286427 169 85 0
0.579658 -0.129103 0.285446 169 85 0
0.579938 -0.133993 0.285045 169 85 0
0.58017 -0.138891 0.284713 169 85 0
0.580318 -0.143797 0.284499 170 84 0
0.58023 -0.148702 0.284612 170 84 0
0.579838 -0.153569 0.285168 170 84 0
0.579417 -0.158408 0.285918 170 84 0
0.578932 -0.163223 0.286777 170 84 0
0.578467 -0.168049 0.287585 170 84 0
0.577958 -0.172881 0.288328 170 84 0
0.577524 -0.177735 0.288963 170 84 0
0.577228 -0.182622 0.289373 170 84 0
0.577122 -0.187526 0.289616 170 84 0
0.577211 -0.192422 0.289201 170 84 0
0.577361 -0.197486 0.28858 170 84 0
0.577771 -0.202207 0.28863 170 84 0
0.578335 -0.206925 0.288567 170 84 0
0.578878 -0.211646 0.288476 170 84 0
0.579455 -0.216363 0.288362 170 84 0
0.580059 -0.221075 0.288195 170 84 0
0.58055 -0.225796 0.287981 170 84 0
0.580823 -0.230536 0.287771 170 84 0
0.580883 -0.235285 0.287686 170 84 0
0.580783 -0.240035 0.287839 170 84 0
0.580696 -0.244778 0.288109 170 84 0
0.580839 -0.238887 0.287499 170 84 0
0.580776 -0.234133 0.287589 170 84 0
0.580643 -0.229383 0.287785 170 84 0
0.580437 -0.224639 0.288054 170 84 0
0.580039 -0.219908 0.288294 170 84 0
0.579493 -0.215185 0.288455 170 84 0
0.578938 -0.210463 0.288585 170 84 0
0.578304 -0.205752 0.288579 170 84 0
0.57741 -0.197926 0.288702 170 84 0
0.577269 -0.193055 0.289243 170 84 0
0.577188 -0.188161 0.289472 170 84 0
0.577178 -0.18326 0.289446 170 84 0
0.577408 -0.178375 0.289148 170 84 0
0.577833 -0.173531 0.288524 170 84 0
0.578344 -0.168711 0.287789 170 84 0
0.578808 -0.163897 0.286983 170 84 0
0.579291 -0.159093 0.286131 170 84 0
0.579716 -0.154268 0.285372 170 84 0
0.58011 -0.149416 0.284797 170 84 0
0.580286 -0.144529 0.284551 170 84 0
0.580297 -0.139627 0.284532 170 84 0
0.580069 -0.13474 0.284859 170 84 0
0.579745 -0.12987 0.285288 170 84 0
0.57928 -0.124763 0.285937 171 83 0
0.578868 -0.119643 0.286515 171 83 0
0.578462 -0.114521 0.287074 171 83 0
0.57794 -0.109383 0.287301 171 83 0
0.577436 -0.104241 0.287472 171 83 0
0.576911 -0.0991056 0.287749 171 83 0
0.576301 -0.0939867 0.288133 171 83 0
0.575647 -0.0888781 0.288573 171 83 0
0.575134 -0.0837944 0.289344 171 83 0
0.574626 -0.0790711 0.290031 171 83 0
0.574436 -0.0739865 0.290309 171 83 0
0.574266 -0.0688993 0.29055 171 83 0
0.574348 -0.0638065 0.290427 171 83 0
0.574615 -0.0587341 0.29003 171 83 0
0.574666 -0.0537124 0.289168 171 83 0
0.574875 -0.0487231 0.288154 171 83 0
0.575149 -0.0437729 0.286977 171 83 0
0.575309 -0.0388212 0.285786 171 83 0
0.575512 -0.0338813 0.284626 171 83 0
0.575697 -0.0258999 0.283788 171 83 0
0.575443 -0.0210337 0.284458 171 83 0
0.575013 -0.016181 0.285138 171 83 0
0.574628 -0.0113144 0.285742 171 83 0
0.574171 -0.00648423 0.286561 171 83 0
0.573663 -0.00167274 0.287456 171 83 0
0.573256 0.00317025 0.288225 171 83 0
0.572921 0.00805551 0.288704 171 83 0
0.572702 0.0129614 0.289003 171 83 0
0.572574 0.0178786 0.28908 171 83 0
0.57246 0.0227882 0.288832 171 83 0
0.572498 0.0276729 0.288268 171 83 0
0.572632 0.0325508 0.287637 171 83 0
0.572669 0.0374075 0.286853 171 83 0
0.57241 0.0420788 0.285655 171 83 0
0.573048 0.0471436 0.284729 171 83 0
0.573719 0.0521997 0.283781 171 83 0
0.574318 0.0572781 0.282907 171 83 0
0.574838 0.0623889 0.282185 171 83 0
0.575283 0.0675223 0.281583 171 83 0
0.575599 0.0726804 0.281128 171 83 0
0.575789 0.0778581 0.280876 171 83 0
0.575886 0.0830423 0.280738 171 83 0
0.575892 0.0857776 0.28072 171 83 0
0.575213 0.0911663 0.281743 171 83 0
0.574196 0.0963888 0.28324 171 83 0
0.572878 0.101404 0.285155 172 82 0
0.572481 0.101501 0.286067 172 82 0
0.519653 0.103379 0.257813 172 82 0
0.520161 0.103306 0.256955 172 82 0
0.518367 0.101516 0.255754 172 82 0
0.515037 0.0985328 0.253645 172 82 0
0.511687 0.0955667 0.251549 172 82 0
0.508218 0.0927596 0.249414 172 82 0
0.504705 0.089976 0.247322 172 82 0
0.501192 0.087131 0.245322 172 82 0
0.501118 0.0822186 0.245437 172 82 0
0.501158 0.0770534 0.245369 172 82 0
0.500816 0.0719048 0.245137 172 82 0
0.500485 0.0667573 0.244856 172 82 0
0.50012 0.0616094 0.244632 172 82 0
0.499685 0.056463 0.244531 172 82 0
0.4992 0.0513202 0.244496 172 82 0
0.499052 0.0461632 0.244742 172 82 0
0.499166 0.0384977 0.244905 172 82 0
0.500102 0.0334381 0.244512 172 82 0
0.500815 0.0283681 0.243862 172 82 0
0.501477 0.0232881 0.243229 172 82 0
0.502133 0.018219 0.242508 172 82 0
0.502763 0.0131423 0.241819 172 82 0
0.50338 0.00804617 0.241282 172 82 0
0.503922 0.00292684 0.240906 172 82 0
0.504358 -0.00221148 0.240738 172 82 0
0.504636 -0.00736073 0.240886 172 82 0
0.504767 -0.0125016 0.241321 172 82 0
0.504943 -0.0176289 0.241881 172 82 0
0.505018 -0.0227334 0.242551 172 82 0
0.504545 -0.0280244 0.243466 172 82 0
0.504171 -0.0327884 0.244181 172 82 0
0.503769 -0.0375399 0.244961 172 82 0
0.503405 -0.0423053 0.24567 172 82 0
0.503031 -0.0470937 0.246185 172 82 0
0.502769 -0.0519028 0.246554 172 82 0
0.502593 -0.0567262 0.246716 172 82 0
0.502512 -0.0615559 0.246693 172 82 0
0.502583 -0.0663846 0.246568 172 82 0
0.502751 -0.0712059 0.246307 172 82 0
0.502899 -0.0760268 0.246059 172 82 0
0.503359 -0.081283 0.245734 172 82 0
0.50352 -0.0861584 0.245421 172 82 0
0.503656 -0.0910387 0.245161 172 82 0
0.503779 -0.0959223 0.244967 173 81 0
0.503861 -0.100809 0.244852 173 81 0
0.503919 -0.105697 0.244762 173 81 0
0.503986 -0.110584 0.244645 173 81 0
0.504066 -0.11547 0.244486 173 81 0
0.504133 -0.120356 0.244322 173 81 0
0.504224 -0.12524 0.244101 173 81 0
0.504137 -0.133063 0.244263 173 81 0
0.504333 -0.13798 0.244138 173 81 0
0.504741 -0.142884 0.24425 173 81 0
0.504966 -0.1478 0.244441 173 81 0
0.505185 -0.152715 0.244659 173 81 0
0.505443 -0.157631 0.244798 173 81 0
0.505733 -0.162546 0.244861 173 81 0
0.506063 -0.16746 0.2449 173 81 0
0.50648 -0.172367 0.24491 173 81 0
0.506665 -0.177278 0.244584 173 81 0
0.507083 -0.182178 0.244332 173 81 0
0.507459 -0.187081 0.244064 173 81 0
0.507942 -0.191961 0.243637 173 81 0
0.508577 -0.196827 0.243222 173 81 0
0.508127 -0.201998 0.242922 173 81 0
0.507819 -0.207022 0.242897 173 81 0
0.507068 -0.21199 0.242597 173 81 0
0.506602 -0.216999 0.242414 173 81 0
0.506228 -0.222015 0.242209 173 81 0
0.505822 -0.227028 0.241993 173 81 0
0.505029 -0.231985 0.24162 173 81 0
0.504609 -0.236998 0.241435 173 81 0
0.50427 -0.242014 0.241169 173 81 0
0.503524 -0.246968 0.240704 173 81 0
0.504088 -0.24157 0.24122 173 81 0
0.504602 -0.236263 0.241432 173 81 0
0.505379 -0.230998 0.24182 173 81 0
0.506152 -0.225731 0.242192 173 81 0
0.506778 -0.220446 0.242581 173 81 0
0.507475 -0.215169 0.242963 173 81 0
0.508144 -0.209903 0.243414 173 81 0
0.508124 -0.202458 0.242923 173 81 0
0.507795 -0.197539 0.243051 173 81 0
0.507413 -0.192634 0.243459 173 81 0
0.507071 -0.187713 0.243702 173 81 0
0.506727 -0.182795 0.24399 173 81 0
0.506523 -0.177877 0.244384 173 81 0
0.506337 -0.172952 0.244711 173 81 0
0.50608 -0.168023 0.244872 174 80 0
0.505769 -0.163095 0.244866 174 80 0
0.505474 -0.158166 0.244805 174 80 0
0.505212 -0.153236 0.244676 174 80 0
0.504988 -0.148307 0.244466 174 80 0
0.504679 -0.143386 0.244203 174 80 0
0.504148 -0.13848 0.244253 174 80 0
0.504171 -0.133185 0.244199 174 80 0
0.504147 -0.127947 0.244248 174 80 0
0.504131 -0.122709 0.244274 174 80 0
0.504089 -0.117472 0.244416 174 80 0
0.504003 -0.112238 0.244613 174 80 0
0.503934 -0.107001 0.244747 174 80 0
0.503882 -0.101763 0.244828 174 80 0
0.503819 -0.0965256 0.244912 174 80 0
0.503686 -0.091292 0.245102 174 80 0
0.503573 -0.0860572 0.24526 174 80 0
0.503359 -0.081283 0.245734 174 80 0
0.503038 -0.076246 0.245989 174 80 0
0.502733 -0.0712043 0.246286 174 80 0
0.502572 -0.0661575 0.246605 174 80 0
0.502374 -0.0611023 0.246678 174 80 0
0.502537 -0.0560457 0.246715 174 80 0
0.502682 -0.0509953 0.246447 174 80 0
0.503057 -0.045965 0.246057 174 80 0
0.503388 -0.0409582 0.245408 174 80 0
0.503918 -0.0359788 0.244694 174 80 0
0.504554 -0.0283234 0.243451 174 80 0
0.504649 -0.0232126 0.242531 174 80 0
0.504533 -0.0180557 0.241826 174 80 0
0.504506 -0.0128864 0.241201 174 80 0
0.504383 -0.00770137 0.240747 174 80 0
0.504113 -0.00250699 0.240577 174 80 0
0.50368 0.00267768 0.24073 174 80 0
0.503132 0.00784136 0.241114 174 80 0
0.502509 0.0129821 0.241658 174 80 0
0.501872 0.0181038 0.24235 174 80 0
0.501212 0.0232176 0.243078 174 80 0
0.500447 0.028309 0.243854 174 80 0
0.499373 0.0333612 0.244499 174 80 0
0.49896 0.0381388 0.244933 174 80 0
0.499074 0.0433754 0.244708 174 80 0
0.499102 0.0486161 0.244563 174 80 0
0.499249 0.0538538 0.244384 174 80 0
0.499337 0.0590932 0.244218 174 80 0
0.499365 0.0643357 0.24417 175 79 0
0.499336 0.0695781 0.244221 175 79 0
0.499309 0.0748207 0.244267 175 79 0
0.499255 0.0800624 0.244356 175 79 0
0.501062 0.0813811 0.245526 175 79 0
0.503931 0.0847969 0.247135 175 79 0
0.506843 0.0881544 0.248793 175 79 0
0.50975 0.0915121 0.250459 175 79 0
0.51263 0.0948699 0.25217 175 79 0
0.515549 0.0981456 0.25397 175 79 0
0.518367 0.101516 0.255754 175 79 0
0.517854 0.101568 0.256611 175 79 0
0.571468 0.104526 0.288173 175 79 0
0.571861 0.104442 0.287257 175 79 0
0.574641 0.102422 0.286348 175 79 0
0.578434 0.0998833 0.286663 175 79 0
0.582192 0.0973271 0.287203 175 79 0
0.585676 0.0944677 0.288007 175 79 0
0.589141 0.091646 0.288997 175 79 0
0.590074 0.0867277 0.289907 175 79 0
0.590728 0.08156 0.290766 175 79 0
0.591515 0.0764023 0.291594 175 79 0
0.592393 0.0712741 0.29251 175 79 0
0.593353 0.0661538 0.293386 175 79 0
0.594398 0.0610492 0.294257 175 79 0
0.595354 0.0559194 0.295081 175 79 0
0.596081 0.0507544 0.295852 175 79 0
0.596381 0.0429606 0.296644 175 79 0
0.596002 0.0380448 0.297155 175 79 0
0.59579 0.0331387 0.29781 175 79 0
0.595462 0.0282287 0.298403 175 79 0
0.595132 0.023324 0.299038 175 79 0
0.594835 0.0184144 0.299639 175 79 0
0.594811 0.0135004 0.300288 175 79 0
0.594776 0.0085821 0.300903 175 79 0
0.59478 0.00366391 0.301519 175 79 0
0.594701 -0.00127148 0.301966 175 79 0
0.59479 -0.00621594 0.302282 175 79 0
0.59497 -0.0111652 0.302471 175 79 0
0.59525 -0.0161019 0.302765 175 79 0
0.595196 -0.0210557 0.302865 175 79 0
0.595438 -0.0260652 0.302551 175 79 0
0.595769 -0.0312356 0.301908 175 79 0
0.596363 -0.0364125 0.301575 175 79 0
0.596861 -0.041609 0.30142 175 79 0
0.59718 -0.0468216 0.301473 176 78 0
0.597299 -0.0520352 0.301758 176 78 0
0.597438 -0.0572326 0.302247 176 78 0
0.597209 -0.0624426 0.30253 176 78 0
0.596987 -0.0676528 0.302815 176 78 0
0.596857 -0.0728699 0.302994 176 78 0
0.596771 -0.0783645 0.303188 176 78 0
0.596762 -0.0832622 0.303206 176 78 0
0.597031 -0.0881456 0.303453 176 78 0
0.597311 -0.0930291 0.303703 176 78 0
0.597647 -0.0979114 0.303896 176 78 0
0.598077 -0.102789 0.303948 176 78 0
0.598603 -0.107657 0.303859 176 78 0
0.599117 -0.11251 0.303531 176 78 0
0.599483 -0.11735 0.302874 176 78 0
0.600019 -0.122148 0.302065 176 78 0
0.60082 -0.130181 0.300544 176 78 0
0.601026 -0.134995 0.300178 176 78 0
0.601264 -0.139803 0.299764 176 78 0
0.601475 -0.144612 0.299367 176 78 0
0.60157 -0.14944 0.299226 176 78 0
0.601494 -0.15427 0.299309 176 78 0
0.601358 -0.159097 0.299482 176 78 0
0.601264 -0.163927 0.299598 176 78 0
0.6012 -0.168758 0.299672 176 78 0
0.601181 -0.17359 0.299685 176 78 0
0.601269 -0.17842 0.2996 176 78 0
0.601497 -0.18324 0.299364 176 78 0
0.601784 -0.188052 0.29904 176 78 0
0.602346 -0.1928 0.298351 176 78 0
0.60294 -0.197694 0.297623 176 78 0
0.60304 -0.202938 0.297832 176 78 0
0.603312 -0.208191 0.297911 176 78 0
0.603444 -0.213443 0.298193 176 78 0
0.603535 -0.218696 0.298449 176 78 0
0.603846 -0.223946 0.298562 176 78 0
0.603942 -0.229205 0.298474 176 78 0
0.603962 -0.234465 0.298452 176 78 0
0.603947 -0.239718 0.298738 176 78 0
0.603918 -0.244973 0.298929 176 78 0
0.604103 -0.239787 0.298332 176 78 0
0.603981 -0.235046 0.298431 176 78 0
0.603947 -0.230304 0.298471 176 78 0
0.603884 -0.225562 0.298532 176 78 0
0.603713 -0.220824 0.298509 176 78 0
0.603508 -0.216089 0.298342 177 77 0
0.603441 -0.211352 0.298113 177 77 0
0.603273 -0.206625 0.297775 177 77 0
0.602721 -0.198303 0.297765 177 77 0
0.602166 -0.193522 0.298473 177 77 0
0.601788 -0.188702 0.298985 177 77 0
0.601532 -0.183857 0.299326 177 77 0
0.601283 -0.179007 0.299587 177 77 0
0.60118 -0.174145 0.299685 177 77 0
0.601193 -0.169281 0.29968 177 77 0
0.601255 -0.164417 0.299609 177 77 0
0.601349 -0.159555 0.299493 177 77 0
0.601482 -0.154696 0.299324 177 77 0
0.601564 -0.149833 0.299232 177 77 0
0.601485 -0.144973 0.299353 177 77 0
0.601314 -0.140119 0.299605 177 77 0
0.601113 -0.135266 0.299867 177 77 0
0.600755 -0.129817 0.300316 177 77 0
0.600238 -0.124698 0.301457 177 77 0
0.59965 -0.119551 0.30243 177 77 0
0.599103 -0.114384 0.303316 177 77 0
0.598458 -0.109168 0.303706 177 77 0
0.597825 -0.103936 0.303825 177 77 0
0.597352 -0.0986867 0.303765 177 77 0
0.597017 -0.0934311 0.303539 177 77 0
0.596726 -0.0881748 0.30328 177 77 0
0.596716 -0.082904 0.303313 177 77 0
0.596772 -0.0776462 0.303188 177 77 0
0.596842 -0.0728405 0.303032 177 77 0
0.596766 -0.0680417 0.302743 177 77 0
0.596651 -0.0632533 0.302319 177 77 0
0.596536 -0.0584674 0.301865 177 77 0
0.596404 -0.0536803 0.301428 177 77 0
0.59625 -0.0488867 0.301095 177 77 0
0.596117 -0.044083 0.300979 177 77 0
0.596038 -0.0392764 0.301095 177 77 0
0.595963 -0.0344862 0.301474 177 77 0
0.595497 -0.0265321 0.302472 177 77 0
0.595351 -0.0215742 0.302644 177 77 0
0.595377 -0.0166116 0.302614 177 77 0
0.595303 -0.0116497 0.302621 177 77 0
0.595117 -0.00669284 0.302446 177 77 0
0.595005 -0.00174028 0.302144 177 77 0
0.595098 0.00320439 0.301718 177 77 0
0.595352 0.00813723 0.301226 177 77 0
0.595393 0.0130628 0.300613 178 76 0
0.595417 0.0179843 0.299966 178 76 0
0.595463 0.0228972 0.299258 178 76 0
0.595712 0.0278078 0.298589 178 76 0
0.596129 0.032706 0.29791 178 76 0
0.596059 0.037595 0.297086 178 76 0
0.595831 0.0428175 0.296122 178 76 0
0.595086 0.0480167 0.295431 178 76 0
0.594561 0.0532492 0.294711 178 76 0
0.593972 0.058484 0.294062 178 76 0
0.593321 0.0637182 0.293467 178 76 0
0.592699 0.0689513 0.292835 178 76 0
0.592155 0.0741866 0.292151 178 76 0
0.591629 0.0794208 0.291446 178 76 0
0.590956 0.0846176 0.290687 178 76 0
0.588969 0.0862978 0.289124 178 76 0
0.586036 0.0906769 0.287536 178 76 0
0.582717 0.0949813 0.286756 178 76 0
0.578841 0.098856 0.286419 178 76 0
0.574641 0.102422 0.286348 178 76 0
0.574234 0.102494 0.287258 178 76 0
0.519653 0.103379 0.257813 178 76 0
0.520161 0.103306 0.256955 178 76 0
0.520161 0.103306 0.256955 178 76 0
0.520636 0.10061 0.256862 178 76 0
0.520732 0.0958579 0.25692 178 76 0
0.52093 0.0911137 0.257296 178 76 0
0.521222 0.0864211 0.257989 178 76 0
0.521588 0.0810517 0.25784 178 76 0
0.522169 0.0758166 0.257204 178 76 0
0.522628 0.070555 0.256695 178 76 0
0.523065 0.0652918 0.256183 178 76 0
0.523299 0.060006 0.255784 178 76 0
0.523428 0.054705 0.255591 178 76 0
0.523509 0.0494015 0.255456 178 76 0
0.523653 0.0390816 0.255173 178 76 0
0.523886 0.0340871 0.254753 178 76 0
0.524198 0.0290869 0.254523 178 76 0
0.52449 0.024082 0.254317 178 76 0
0.52481 0.0190811 0.25406 178 76 0
0.525128 0.0140786 0.253832 178 76 0
0.525407 0.00907087 0.253683 178 76 0
0.525628 0.00405876 0.253597 178 76 0
0.525798 -0.000956067 0.253599 178 76 0
0.525928 -0.00597093 0.253707 178 76 0
0.526013 -0.0109848 0.253884 179 75 0
0.525986 -0.0160017 0.25393 179 75 0
0.525867 -0.0210133 0.254145 179 75 0
0.525661 -0.0258988 0.254496 179 75 0
0.525322 -0.0306841 0.255106 179 75 0
0.524908 -0.0354444 0.255856 179 75 0
0.524696 -0.0401818 0.256791 179 75 0
0.524584 -0.0449217 0.257747 179 75 0
0.524518 -0.0496737 0.258645 179 75 0
0.524542 -0.0544448 0.25943 179 75 0
0.524675 -0.0592442 0.26 179 75 0
0.524848 -0.0640641 0.260318 179 75 0
0.524854 -0.0689007 0.260302 179 75 0
0.524886 -0.0737368 0.260237 179 75 0
0.525068 -0.0792152 0.259909 179 75 0
0.525393 -0.084027 0.259336 179 75 0
0.525733 -0.0888361 0.258749 179 75 0
0.526182 -0.0936345 0.258152 179 75 0
0.526593 -0.098436 0.257555 179 75 0
0.526915 -0.103248 0.256985 179 75 0
0.527197 -0.108071 0.256484 179 75 0
0.52744 -0.112903 0.256063 179 75 0
0.527614 -0.117742 0.2557 179 75 0
0.527628 -0.122588 0.255404 179 75 0
0.527933 -0.130573 0.255314 179 75 0
0.527872 -0.13555 0.255277 179 75 0
0.52791 -0.140527 0.255187 179 75 0
0.527964 -0.145501 0.255282 179 75 0
0.528042 -0.15046 0.25568 179 75 0
0.527894 -0.155391 0.256332 179 75 0
0.527698 -0.160278 0.257262 179 75 0
0.527445 -0.165141 0.258298 179 75 0
0.527257 -0.170029 0.259223 179 75 0
0.527249 -0.174973 0.259789 179 75 0
0.527438 -0.17994 0.260031 179 75 0
0.527627 -0.184906 0.25983 179 75 0
0.527775 -0.18986 0.259577 179 75 0
0.52857 -0.194557 0.258175 179 75 0
0.529836 -0.199785 0.25601 179 75 0
0.530197 -0.204953 0.255356 179 75 0
0.530565 -0.210123 0.254718 179 75 0
0.530949 -0.215332 0.254676 179 75 0
0.531218 -0.220546 0.254798 179 75 0
0.531393 -0.225753 0.255139 179 75 0
0.531331 -0.230927 0.255822 179 75 0
0.53102 -0.236039 0.256843 180 74 0
0.530423 -0.241124 0.257874 180 74 0
0.529611 -0.246091 0.259256 180 74 0
0.530549 -0.240665 0.25767 180 74 0
0.530846 -0.236066 0.256724 180 74 0
0.531031 -0.231435 0.255844 180 74 0
0.531127 -0.226768 0.255188 180 74 0
0.531051 -0.22207 0.254803 180 74 0
0.530839 -0.217359 0.254645 180 74 0
0.53062 -0.212647 0.254603 180 74 0
0.530592 -0.20793 0.254646 180 74 0
0.529634 -0.200099 0.256278 180 74 0
0.528643 -0.195546 0.25805 180 74 0
0.528024 -0.190733 0.259144 180 74 0
0.527626 -0.185802 0.259756 180 74 0
0.527209 -0.180834 0.259912 180 74 0
0.526981 -0.175855 0.25973 180 74 0
0.526974 -0.170896 0.259194 180 74 0
0.527257 -0.166002 0.258289 180 74 0
0.527521 -0.161128 0.257263 180 74 0
0.527726 -0.156235 0.256316 180 74 0
0.527807 -0.151304 0.255581 180 74 0
0.527881 -0.146334 0.255234 180 74 0
0.52796 -0.141349 0.255141 180 74 0
0.527729 -0.13637 0.255238 180 74 0
0.527688 -0.131214 0.255088 180 74 0
0.527624 -0.126465 0.2553 180 74 0
0.527565 -0.121714 0.255449 180 74 0
0.527426 -0.116969 0.2557 180 74 0
0.527223 -0.112233 0.256052 180 74 0
0.526978 -0.107505 0.256472 180 74 0
0.526696 -0.102785 0.256963 180 74 0
0.526381 -0.0980752 0.257527 180 74 0
0.526036 -0.0933742 0.258144 180 74 0
0.525713 -0.0886772 0.258801 180 74 0
0.525374 -0.0839732 0.259397 180 74 0
0.525061 -0.0785078 0.259915 180 74 0
0.524983 -0.0736835 0.260066 180 74 0
0.524595 -0.0688732 0.260085 180 74 0
0.524237 -0.0640622 0.259942 180 74 0
0.524 -0.0592572 0.259572 180 74 0
0.523896 -0.0544684 0.258986 180 74 0
0.523886 -0.0496997 0.25824 180 74 0
0.524026 -0.0449495 0.25741 180 74 0
0.524484 -0.0402131 0.256599 180 74 0
0.525009 -0.0355056 0.255668 181 73 0
0.525573 -0.0271733 0.25464 181 73 0
0.525768 -0.0223216 0.254313 181 73 0
0.525927 -0.017464 0.254051 181 73 0
0.52607 -0.0126057 0.2538 181 73 0
0.526114 -0.00774228 0.253644 181 73 0
0.525946 -0.00287908 0.253544 181 73 0
0.525734 0.00198356 0.253531 181 73 0
0.525503 0.00684538 0.253541 181 73 0
0.525242 0.0117051 0.253611 181 73 0
0.524908 0.0165569 0.253808 181 73 0
0.524533 0.0214023 0.254074 181 73 0
0.524179 0.0262502 0.254327 181 73 0
0.523948 0.0311021 0.254623 181 73 0
0.523701 0.0359441 0.255049 181 73 0
0.523497 0.0414509 0.255445 181 73 0
0.5235 0.0467127 0.255434 181 73 0
0.523444 0.0519737 0.255521 181 73 0
0.523394 0.057234 0.255637 181 73 0
0.523208 0.0624837 0.255943 181 73 0
0.522933 0.0677163 0.256424 181 73 0
0.522468 0.0729309 0.256954 181 73 0
0.522 0.0781321 0.257593 181 73 0
0.521679 0.0804911 0.257921 181 73 0
0.521185 0.0855146 0.257774 181 73 0
0.52089 0.0905357 0.25736 181 73 0
0.520708 0.0955689 0.256954 181 73 0
0.520636 0.10061 0.256862 181 73 0
0.520124 0.100669 0.257719 181 73 0
0.571468 0.104526 0.288173 181 73 0
0.571861 0.104442 0.287257 181 73 0
0.572483 0.1026 0.285682 181 73 0
0.573672 0.0984407 0.283911 181 73 0
0.574736 0.0941613 0.282364 181 73 0
0.57566 0.0897674 0.281071 181 73 0
0.575849 0.0844763 0.280804 181 73 0
0.575795 0.0797164 0.28088 181 73 0
0.575657 0.0749603 0.281062 181 73 0
0.57542 0.070218 0.281397 181 73 0
0.575093 0.0654912 0.281865 181 73 0
0.574694 0.0607814 0.282434 181 73 0
0.574226 0.0560915 0.283111 181 73 0
0.573693 0.0514234 0.283884 181 73 0
0.572698 0.0414137 0.285927 181 73 0
0.572685 0.0364278 0.286853 181 73 0
0.572491 0.0313991 0.287485 182 72 0
0.572359 0.0263641 0.288088 182 72 0
0.57237 0.021308 0.288496 182 72 0
0.572488 0.0162374 0.288581 182 72 0
0.572834 0.011177 0.288516 182 72 0
0.573153 0.00612791 0.288146 182 72 0
0.573451 0.00109714 0.287566 182 72 0
0.573818 -0.0039185 0.286902 182 72 0
0.574289 -0.00892331 0.286222 182 72 0
0.574858 -0.0138687 0.285248 182 72 0
0.575465 -0.0188236 0.284359 182 72 0
0.575699 -0.0264411 0.283789 182 72 0
0.575395 -0.0314321 0.284561 182 72 0
0.575379 -0.0363903 0.285556 182 72 0
0.575217 -0.0413583 0.286497 182 72 0
0.574994 -0.0463086 0.287523 182 72 0
0.574777 -0.0512757 0.288465 182 72 0
0.574599 -0.0562698 0.289255 182 72 0
0.574534 -0.0612905 0.289877 182 72 0
0.574358 -0.066316 0.290411 182 72 0
0.574255 -0.0713704 0.290559 182 72 0
0.574491 -0.0771573 0.290248 182 72 0
0.575012 -0.0820278 0.289471 182 72 0
0.575497 -0.0869237 0.288847 182 72 0
0.57612 -0.0918243 0.288405 182 72 0
0.576734 -0.0967292 0.288 182 72 0
0.577271 -0.101651 0.287701 182 72 0
0.577758 -0.106582 0.2875 182 72 0
0.578226 -0.111517 0.287331 182 72 0
0.578603 -0.116441 0.286874 182 72 0
0.578956 -0.121368 0.286427 182 72 0
0.579658 -0.129103 0.285446 182 72 0
0.579938 -0.133993 0.285045 182 72 0
0.58017 -0.138891 0.284713 182 72 0
0.580318 -0.143797 0.284499 182 72 0
0.58023 -0.148702 0.284612 182 72 0
0.579838 -0.153569 0.285168 182 72 0
0.579417 -0.158408 0.285918 182 72 0
0.578932 -0.163223 0.286777 182 72 0
0.578467 -0.168049 0.287585 182 72 0
0.577958 -0.172881 0.288328 182 72 0
0.577524 -0.177735 0.288963 182 72 0
0.577228 -0.182622 0.289373 182 72 0
0.577122 -0.187526 0.289616 182 72 0
0.577211 -0.192422 0.289201 182 72 0
0.577361 -0.197486 0.28858 183 71 0
0.577771 -0.202207 0.28863 183 71 0
0.578335 -0.206925 0.288567 183 71 0
0.578878 -0.211646 0.288476 183 71 0
0.579455 -0.216363 0.288362 183 71 0
0.580059 -0.221075 0.288195 183 71 0
0.58055 -0.225796 0.287981 183 71 0
0.580823 -0.230536 0.287771 183 71 0
0.580883 -0.235285 0.287686 183 71 0
0.580783 -0.240035 0.287839 183 71 0
0.580696 -0.244778 0.288109 183 71 0
0.580839 -0.238887 0.287499 183 71 0
0.580776 -0.234133 0.287589 183 71 0
0.580643 -0.229383 0.287785 183 71 0
0.580437 -0.224639 0.288054 183 71 0
0.580039 -0.219908 0.288294 183 71 0
0.579493 -0.215185 0.288455 183 71 0
0.578938 -0.210463 0.288585 183 71 0
0.578304 -0.205752 0.288579 183 71 0
0.57741 -0.197926 0.288702 183 71 0
0.577269 -0.193055 0.289243 183 71 0
0.577188 -0.188161 0.289472 183 71 0
0.577178 -0.18326 0.289446 183 71 0
0.577408 -0.178375 0.289148 183 71 0
0.577833 -0.173531 0.288524 183 71 0
0.578344 -0.168711 0.287789 183 71 0
0.578808 -0.163897 0.286983 183 71 0
0.579291 -0.159093 0.286131 183 71 0
0.579716 -0.154268 0.285372 183 71 0
0.58011 -0.149416 0.284797 183 71 0
0.580286 -0.144529 0.284551 183 71 0
0.580297 -0.139627 0.284532 183 71 0
0.580069 -0.13474 0.284859 183 71 0
0.579745 -0.12987 0.285288 183 71 0
0.57928 -0.124763 0.285937 183 71 0
0.578868 -0.119643 0.286515 183 71 0
0.578462 -0.114521 0.287074 183 71 0
0.57794 -0.109383 0.287301 183 71 0
0.577436 -0.104241 0.287472 183 71 0
0.576911 -0.0991056 0.287749 183 71 0
0.576301 -0.0939867 0.288133 183 71 0
0.575647 -0.0888781 0.288573 183 71 0
0.575134 -0.0837944 0.289344 183 71 0
0.574626 -0.0790711 0.290031 183 71 0
0.574436 -0.0739865 0.290309 183 71 0
0.574266 -0.0688993 0.29055 184 70 0
0.574348 -0.0638065 0.290427 184 70 0
0.574615 -0.0587341 0.29003 184 70 0
0.574666 -0.0537124 0.289168 184 70 0
0.574875 -0.0487231 0.288154 184 70 0
0.575149 -0.0437729 0.286977 184 70 0
0.575309 -0.0388212 0.285786 184 70 0
0.575512 -0.0338813 0.284626 184 70 0
0.575697 -0.0258999 0.283788 184 70 0
0.575443 -0.0210337 0.284458 184 70 0
0.575013 -0.016181 0.285138 184 70 0
0.574628 -0.0113144 0.285742 184 70 0
0.574171 -0.00648423 0.286561 184 70 0
0.573663 -0.00167274 0.287456 184 70 0
0.573256 0.00317025 0.288225 184 70 0
0.572921 0.00805551 0.288704 184 70 0
0.572702 0.0129614 0.289003 184 70 0
0.572574 0.0178786 0.28908 184 70 0
0.57246 0.0227882 0.288832 184 70 0
0.572498 0.0276729 0.288268 184 70 0
0.572632 0.0325508 0.287637 184 70 0
0.572669 0.0374075 0.286853 184 70 0
0.57241 0.0420788 0.285655 184 70 0
0.573048 0.0471436 0.284729 184 70 0
0.573719 0.0521997 0.283781 184 70 0
0.574318 0.0572781 0.282907 184 70 0
0.574838 0.0623889 0.282185 184 70 0
0.575283 0.0675223 0.281583 184 70 0
0.575599 0.0726804 0.281128 184 70 0
0.575789 0.0778581 0.280876 184 70 0
0.575886 0.0830423 0.280738 184 70 0
0.575892 0.0857776 0.28072 184 70 0
0.575213 0.0911663 0.281743 184 70 0
0.574196 0.0963888 0.28324 184 70 0
0.572878 0.101404 0.285155 184 70 0
0.572481 0.101501 0.286067 184 70 0
0.519653 0.103379 0.257813 184 70 0
0.520161 0.103306 0.256955 184 70 0
0.518367 0.101516 0.255754 184 70 0
0.515037 0.0985328 0.253645 184 70 0
0.511687 0.0955667 0.251549 184 70 0
0.508218 0.0927596 0.249414 184 70 0
0.504705 0.089976 0.247322 184 70 0
0.501192 0.087131 0.245322 184 70 0
0.501118 0.0822186 0.245437 184 70 0
0.501158 0.0770534 0.245369 185 69 0
0.500816 0.0719048 0.245137 185 69 0
0.500485 0.0667573 0.244856 185 69 0
0.50012 0.0616094 0.244632 185 69 0
0.499685 0.056463 0.244531 185 69 0
0.4992 0.0513202 0.244496 185 69 0
0.499052 0.0461632 0.244742 185 69 0
0.499166 0.0384977 0.244905 185 69 0
0.500102 0.0334381 0.244512 185 69 0
0.500815 0.0283681 0.243862 185 69 0
0.501477 0.0232881 0.243229 185 69 0
0.502133 0.018219 0.242508 185 69 0
0.502763 0.0131423 0.241819 185 69 0
0.50338 0.00804617 0.241282 185 69 0
0.503922 0.00292684 0.240906 185 69 0
0.504358 -0.00221148 0.240738 185 69 0
0.504636 -0.00736073 0.240886 185 69 0
0.504767 -0.0125016 0.241321 185 69 0
0.504943 -0.0176289 0.241881 185 69 0
0.505018 -0.0227334 0.242551 185 69 0
0.504545 -0.0280244 0.243466 185 69 0
0.504171 -0.0327884 0.244181 185 69 0
0.503769 -0.0375399 0.244961 185 69 0
0.503405 -0.0423053 0.24567 185 69 0
0.503031 -0.0470937 0.246185 185 69 0
0.502769 -0.0519028 0.246554 185 69 0
0.502593 -0.0567262 0.246716 185 69 0
0.502512 -0.0615559 0.246693 185 69 0
0.502583 -0.0663846 0.246568 185 69 0
0.502751 -0.0712059 0.246307 185 69 0
0.502899 -0.0760268 0.246059 185 69 0
0.503359 -0.081283 0.245734 185 69 0
0.50352 -0.0861584 0.245421 185 69 0
0.503656 -0.0910387 0.245161 185 69 0
0.503779 -0.0959223 0.244967 185 69 0
0.503861 -0.100809 0.244852 185 69 0
0.503919 -0.105697 0.244762 185 69 0
0.503986 -0.110584 0.244645 185 69 0
0.504066 -0.11547 0.244486 185 69 0
0.504133 -0.120356 0.244322 185 69 0
0.504224 -0.12524 0.244101 185 69 0
0.504137 -0.133063 0.244263 185 69 0
0.504333 -0.13798 0.244138 185 69 0
0.504741 -0.142884 0.24425 185 69 0
0.504966 -0.1478 0.244441 185 69 0
0.505185 -0.152715 0.244659 186 68 0
0.505443 -0.157631 0.244798 186 68 0
0.505733 -0.162546 0.244861 186 68 0
0.506063 -0.16746 0.2449 186 68 0
0.50648 -0.172367 0.24491 186 68 0
0.506665 -0.177278 0.244584 186 68 0
0.507083 -0.182178 0.244332 186 68 0
0.507459 -0.187081 0.244064 186 68 0
0.507942 -0.191961 0.243637 186 68 0
0.508577 -0.196827 0.243222 186 68 0
0.508127 -0.201998 0.242922 186 68 0
0.507819 -0.207022 0.242897 186 68 0
0.507068 -0.21199 0.242597 186 68 0
0.506602 -0.216999 0.242414 186 68 0
0.506228 -0.222015 0.242209 186 68 0
0.505822 -0.227028 0.241993 186 68 0
0.505029 -0.231985 0.24162 186 68 0
0.504609 -0.236998 0.241435 186 68 0
0.50427 -0.242014 0.241169 186 68 0
0.503524 -0.246968 0.240704 186 68 0
0.504088 -0.24157 0.24122 186 68 0
0.504602 -0.236263 0.241432 186 68 0
0.505379 -0.230998 0.24182 186 68 0
0.506152 -0.225731 0.242192 186 68 0
0.506778 -0.220446 0.242581 186 68 0
0.507475 -0.215169 0.242963 186 68 0
0.508144 -0.209903 0.243414 186 68 0
0.508124 -0.202458 0.242923 186 68 0
0.507795 -0.197539 0.243051 186 68 0
0.507413 -0.192634 0.243459 186 68 0
0.507071 -0.187713 0.243702 186 68 0
0.506727 -0.182795 0.24399 186 68 0
0.506523 -0.177877 0.244384 186 68 0
0.506337 -0.172952 0.244711 186 68 0
0.50608 -0.168023 0.244872 186 68 0
0.505769 -0.163095 0.244866 186 68 0
0.505474 -0.158166 0.244805 186 68 0
0.505212 -0.153236 0.244676 186 68 0
0.504988 -0.148307 0.244466 186 68 0
0.504679 -0.143386 0.244203 186 68 0
0.504148 -0.13848 0.244253 186 68 0
0.504171 -0.133185 0.244199 186 68 0
0.504147 -0.127947 0.244248 186 68 0
0.504131 -0.122709 0.244274 186 68 0
0.504089 -0.117472 0.244416 186 68 0
0.504003 -0.112238 0.244613 187 67 0
0.503934 -0.107001 0.244747 187 67 0
0.503882 -0.101763 0.244828 187 67 0
0.503819 -0.0965256 0.244912 187 67 0
0.503686 -0.091292 0.245102 187 67 0
0.503573 -0.0860572 0.24526 187 67 0
0.503359 -0.081283 0.245734 187 67 0
0.503038 -0.076246 0.245989 187 67 0
0.502733 -0.0712043 0.246286 187 67 0
0.502572 -0.0661575 0.246605 187 67 0
0.502374 -0.0611023 0.246678 187 67 0
0.502537 -0.0560457 0.246715 187 67 0
0.502682 -0.0509953 0.246447 187 67 0
0.503057 -0.045965 0.246057 187 67 0
0.503388 -0.0409582 0.245408 187 67 0
0.503918 -0.0359788 0.244694 187 67 0
0.504554 -0.0283234 0.243451 187 67 0
0.504649 -0.0232126 0.242531 187 67 0
0.504533 -0.0180557 0.241826 187 67 0
0.504506 -0.0128864 0.241201 187 67 0
0.504383 -0.00770137 0.240747 187 67 0
0.504113 -0.00250699 0.240577 187 67 0
0.50368 0.00267768 0.24073 187 67 0
0.503132 0.00784136 0.241114 187 67 0
0.502509 0.0129821 0.241658 187 67 0
0.501872 0.0181038 0.24235 187 67 0
0.501212 0.0232176 0.243078 187 67 0
0.500447 0.028309 0.243854 187 67 0
0.499373 0.0333612 0.244499 187 67 0
0.49896 0.0381388 0.244933 187 67 0
0.499074 0.0433754 0.244708 187 67 0
0.499102 0.0486161 0.244563 187 67 0
0.499249 0.0538538 0.244384 187 67 0
0.499337 0.0590932 0.244218 187 67 0
0.499365 0.0643357 0.24417 187 67 0
0.499336 0.0695781 0.244221 187 67 0
0.499309 0.0748207 0.244267 187 67 0
0.499255 0.0800624 0.244356 187 67 0
0.501062 0.0813811 0.245526 187 67 0
0.503931 0.0847969 0.247135 187 67 0
0.506843 0.0881544 0.248793 187 67 0
0.50975 0.0915121 0.250459 187 67 0
0.51263 0.0948699 0.25217 187 67 0
0.515549 0.0981456 0.25397 187 67 0
0.518367 0.101516 0.255754 187 67 0
0.517854 0.101568 0.256611 188 66 0
0.571468 0.104526 0.288173 188 66 0
0.571861 0.104442 0.287257 188 66 0
0.574641 0.102422 0.286348 188 66 0
0.578434 0.0998833 0.286663 188 66 0
0.582192 0.0973271 0.287203 188 66 0
0.585676 0.0944677 0.288007 188 66 0
0.589141 0.091646 0.288997 188 66 0
0.590074 0.0867277 0.289907 188 66 0
0.590728 0.08156 0.290766 188 66 0
0.591515 0.0764023 0.291594 188 66 0
0.592393 0.0712741 0.29251 188 66 0
0.593353 0.0661538 0.293386 188 66 0
0.594398 0.0610492 0.294257 188 66 0
0.595354 0.0559194 0.295081 188 66 0
0.596081 0.0507544 0.295852 188 66 0
0.596381 0.0429606 0.296644 188 66 0
0.596002 0.0380448 0.297155 188 66 0
0.59579 0.0331387 0.29781 188 66 0
0.595462 0.0282287 0.298403 188 66 0
0.595132 0.023324 0.299038 188 66 0
0.594835 0.0184144 0.299639 188 66 0
0.594811 0.0135004 0.300288 188 66 0
0.594776 0.0085821 0.300903 188 66 0
0.59478 0.00366391 0.301519 188 66 0
0.594701 -0.00127148 0.301966 188 66 0
0.59479 -0.00621594 0.302282 188 66 0
0.59497 -0.0111652 0.302471 188 66 0
0.59525 -0.0161019 0.302765 188 66 0
0.595196 -0.0210557 0.302865 188 66 0
0.595438 -0.0260652 0.302551 188 66 0
0.595769 -0.0312356 0.301908 188 66 0
0.596363 -0.0364125 0.301575 188 66 0
0.596861 -0.041609 0.30142 188 66 0
0.59718 -0.0468216 0.301473 188 66 0
0.597299 -0.0520352 0.301758 188 66 0
0.597438 -0.0572326 0.302247 188 66 0
0.597209 -0.0624426 0.30253 188 66 0
0.596987 -0.0676528 0.302815 188 66 0
0.596857 -0.0728699 0.302994 188 66 0
0.596771 -0.0783645 0.303188 188 66 0
0.596762 -0.0832622 0.303206 188 66 0
0.597031 -0.0881456 0.303453 188 66 0
0.597311 -0.0930291 0.303703 188 66 0
0.597647 -0.0979114 0.303896 188 66 0
0.598077 -0.102789 0.303948 189 65 0
0.598603 -0.107657 0.303859 189 65 0
0.599117 -0.11251 0.303531 189 65 0
0.599483 -0.11735 0.302874 189 65 0
0.600019 -0.122148 0.302065 189 65 0
0.60082 -0.130181 0.300544 189 65 0
0.601026 -0.134995 0.300178 189 65 0
0.601264 -0.139803 0.299764 189 65 0
0.601475 -0.144612 0.299367 189 65 0
0.60157 -0.14944 0.299226 189 65 0
0.601494 -0.15427 0.299309 189 65 0
0.601358 -0.159097 0.299482 189 65 0
0.601264 -0.163927 0.299598 189 65 0
0.6012 -0.168758 0.299672 189 65 0
0.601181 -0.17359 0.299685 189 65 0
0.601269 -0.17842 0.2996 189 65 0
0.601497 -0.18324 0.299364 189 65 0
0.601784 -0.188052 0.29904 189 65 0
0.602346 -0.1928 0.298351 189 65 0
0.60294 -0.197694 0.297623 189 65 0
0.60304 -0.202938 0.297832 189 65 0
0.603312 -0.208191 0.297911 189 65 0
0.603444 -0.213443 0.298193 189 65 0
0.603535 -0.218696 0.298449 189 65 0
0.603846 -0.223946 0.298562 189 65 0
0.603942 -0.229205 0.298474 189 65 0
0.603962 -0.234465 0.298452 189 65 0
0.603947 -0.239718 0.298738 189 65 0
0.603918 -0.244973 0.298929 189 65 0
0.604103 -0.239787 0.298332 189 65 0
0.603981 -0.235046 0.298431 189 65 0
0.603947 -0.230304 0.298471 189 65 0
0.603884 -0.225562 0.298532 189 65 0
0.603713 -0.220824 0.298509 189 65 0
0.603508 -0.216089 0.298342 189 65 0
0.603441 -0.211352 0.298113 189 65 0
0.603273 -0.206625 0.297775 189 65 0
0.602721 -0.198303 0.297765 189 65 0
0.602166 -0.193522 0.298473 189 65 0
0.601788 -0.188702 0.298985 189 65 0
0.601532 -0.183857 0.299326 189 65 0
0.601283 -0.179007 0.299587 189 65 0
0.60118 -0.174145 0.299685 189 65 0
0.601193 -0.169281 0.29968 189 65 0
0.601255 -0.164417 0.299609 189 65 0
0.601349 -0.159555 0.299493 190 64 0
0.601482 -0.154696 0.299324 190 64 0
0.601564 -0.149833 0.299232 190 64 0
0.601485 -0.144973 0.299353 190 64 0
0.601314 -0.140119 0.299605 190 64 0
0.601113 -0.135266 0.299867 190 64 0
0.600755 -0.129817 0.300316 190 64 0
0.600238 -0.124698 0.301457 190 64 0
0.59965 -0.119551 0.30243 190 64 0
0.599103 -0.114384 0.303316 190 64 0
0.598458 -0.109168 0.303706 190 64 0
0.597825 -0.103936 0.303825 190 64 0
0.597352 -0.0986867 0.303765 190 64 0
0.597017 -0.0934311 0.303539 190 64 0
0.596726 -0.0881748 0.30328 190 64 0
0.596716 -0.082904 0.303313 190 64 0
0.596772 -0.0776462 0.303188 190 64 0
0.596842 -0.0728405 0.303032 190 64 0
0.596766 -0.0680417 0.302743 190 64 0
0.596651 -0.0632533 0.302319 190 64 0
0.596536 -0.0584674 0.301865 190 64 0
0.596404 -0.0536803 0.301428 190 64 0
0.59625 -0.0488867 0.301095 190 64 0
0.596117 -0.044083 0.300979 190 64 0
0.596038 -0.0392764 0.301095 190 64 0
0.595963 -0.0344862 0.301474 190 64 0
0.595497 -0.0265321 0.302472 190 64 0
0.595351 -0.0215742 0.302644 190 64 0
0.595377 -0.0166116 0.302614 190 64 0
0.595303 -0.0116497 0.302621 190 64 0
0.595117 -0.00669284 0.302446 190 64 0
0.595005 -0.00174028 0.302144 190 64 0
0.595098 0.00320439 0.301718 190 64 0
0.595352 0.00813723 0.301226 190 64 0
0.595393 0.0130628 0.300613 190 64 0
0.595417 0.0179843 0.299966 190 64 0
0.595463 0.0228972 0.299258 190 64 0
0.595712 0.0278078 0.298589 190 64 0
0.596129 0.032706 0.29791 190 64 0
0.596059 0.037595 0.297086 190 64 0
0.595831 0.0428175 0.296122 190 64 0
0.595086 0.0480167 0.295431 190 64 0
0.594561 0.0532492 0.294711 190 64 0
0.593972 0.058484 0.294062 190 64 0
0.593321 0.0637182 0.293467 190 64 0
0.592699 0.0689513 0.292835 191 63 0
0.592155 0.0741866 0.292151 191 63 0
0.591629 0.0794208 0.291446 191 63 0
0.590956 0.0846176 0.290687 191 63 0
0.588969 0.0862978 0.289124 191 63 0
0.586036 0.0906769 0.287536 191 63 0
0.582717 0.0949813 0.286756 191 63 0
0.578841 0.098856 0.286419 191 63 0
0.574641 0.102422 0.286348 191 63 0
0.574234 0.102494 0.287258 191 63 0
0.519653 0.103379 0.257813 191 63 0
0.520161 0.103306 0.256955 191 63 0
0.520161 0.103306 0.256955 191 63 0
0.520636 0.10061 0.256862 191 63 0
0.520732 0.0958579 0.25692 191 63 0
0.52093 0.0911137 0.257296 191 63 0
0.521222 0.0864211 0.257989 191 63 0
0.521588 0.0810517 0.25784 191 63 0
0.522169 0.0758166 0.257204 191 63 0
0.522628 0.070555 0.256695 191 63 0
0.523065 0.0652918 0.256183 191 63 0
0.523299 0.060006 0.255784 191 63 0
0.523428 0.054705 0.255591 191 63 0
0.523509 0.0494015 0.255456 191 63 0
0.523653 0.0390816 0.255173 191 63 0
0.523886 0.0340871 0.254753 191 63 0
0.524198 0.0290869 0.254523 191 63 0
0.52449 0.024082 0.254317 191 63 0
0.52481 0.0190811 0.25406 191 63 0
0.525128 0.0140786 0.253832 191 63 0
0.525407 0.00907087 0.253683 191 63 0
0.525628 0.00405876 0.253597 191 63 0
0.525798 -0.000956067 0.253599 191 63 0
0.525928 -0.00597093 0.253707 191 63 0
0.526013 -0.0109848 0.253884 191 63 0
0.525986 -0.0160017 0.25393 191 63 0
0.525867 -0.0210133 0.254145 191 63 0
0.525661 -0.0258988 0.254496 191 63 0
0.525322 -0.0306841 0.255106 191 63 0
0.524908 -0.0354444 0.255856 191 63 0
0.524696 -0.0401818 0.256791 191 63 0
0.524584 -0.0449217 0.257747 191 63 0
0.524518 -0.0496737 0.258645 191 63 0
0.524542 -0.0544448 0.25943 191 63 0
0.524675 -0.0592442 0.26 191 63 0
0.524848 -0.0640641 0.260318 191 63 0
0.524854 -0.0689007 0.260302 192 62 0
0.524886 -0.0737368 0.260237 192 62 0
0.525068 -0.0792152 0.259909 192 62 0
0.525393 -0.084027 0.259336 192 62 0
0.525733 -0.0888361 0.258749 192 62 0
0.526182 -0.0936345 0.258152 192 62 0
0.526593 -0.098436 0.257555 192 62 0
0.526915 -0.103248 0.256985 192 62 0
0.527197 -0.108071 0.256484 192 62 0
0.52744 -0.112903 0.256063 192 62 0
0.527614 -0.117742 0.2557 192 62 0
0.527628 -0.122588 0.255404 192 62 0
0.527933 -0.130573 0.255314 192 62 0
0.527872 -0.13555 0.255277 192 62 0
0.52791 -0.140527 0.255187 192 62 0
0.527964 -0.145501 0.255282 192 62 0
0.528042 -0.15046 0.25568 192 62 0
0.527894 -0.155391 0.256332 192 62 0
0.527698 -0.160278 0.257262 192 62 0
0.527445 -0.165141 0.258298 192 62 0
0.527257 -0.170029 0.259223 192 62 0
0.527249 -0.174973 0.259789 192 62 0
0.527438 -0.17994 0.260031 192 62 0
0.527627 -0.184906 0.25983 192 62 0
0.527775 -0.18986 0.259577 192 62 0
0.52857 -0.194557 0.258175 192 62 0
0.529836 -0.199785 0.25601 192 62 0
0.530197 -0.204953 0.255356 192 62 0
0.530565 -0.210123 0.254718 192 62 0
0.530949 -0.215332 0.254676 192 62 0
0.531218 -0.220546 0.254798 192 62 0
0.531393 -0.225753 0.255139 192 62 0
0.531331 -0.230927 0.255822 192 62 0
0.53102 -0.236039 0.256843 192 62 0
0.530423 -0.241124 0.257874 192 62 0
0.529611 -0.246091 0.259256 192 62 0
0.530549 -0.240665 0.25767 192 62 0
0.530846 -0.236066 0.256724 192 62 0
0.531031 -0.231435 0.255844 192 62 0
0.531127 -0.226768 0.255188 192 62 0
0.531051 -0.22207 0.254803 192 62 0
0.530839 -0.217359 0.254645 192 62 0
0.53062 -0.212647 0.254603 192 62 0
0.530592 -0.20793 0.254646 192 62 0
0.529634 -0.200099 0.256278 192 62 0
0.528643 -0.195546 0.25805 193 61 0
0.528024 -0.190733 0.259144 193 61 0
0.527626 -0.185802 0.259756 193 61 0
0.527209 -0.180834 0.259912 193 61 0
0.526981 -0.175855 0.25973 193 61 0
0.526974 -0.170896 0.259194 193 61 0
0.527257 -0.166002 0.258289 193 61 0
0.527521 -0.161128 0.257263 193 61 0
0.527726 -0.156235 0.256316 193 61 0
0.527807 -0.151304 0.255581 193 61 0
0.527881 -0.146334 0.255234 193 61 0
0.52796 -0.141349 0.255141 193 61 0
0.527729 -0.13637 0.255238 193 61 0
0.527688 -0.131214 0.255088 193 61 0
0.527624 -0.126465 0.2553 193 61 0
0.527565 -0.121714 0.255449 193 61 0
0.527426 -0.116969 0.2557 193 61 0
0.527223 -0.112233 0.256052 193 61 0
0.526978 -0.107505 0.256472 193 61 0
0.526696 -0.102785 0.256963 193 61 0
0.526381 -0.0980752 0.257527 193 61 0
0.526036 -0.0933742 0.258144 193 61 0
0.525713 -0.0886772 0.258801 193 61 0
0.525374 -0.0839732 0.259397 193 61 0
0.525061 -0.0785078 0.259915 193 61 0
0.524983 -0.0736835 0.260066 193 61 0
0.524595 -0.0688732 0.260085 193 61 0
0.524237 -0.0640622 0.259942 193 61 0
0.524 -0.0592572 0.259572 193 61 0
0.523896 -0.0544684 0.258986 193 61 0
0.523886 -0.0496997 0.25824 193 61 0
0.524026 -0.0449495 0.25741 193 61 0
0.524484 -0.0402131 0.256599 193 61 0
0.525009 -0.0355056 0.255668 193 61 0
0.525573 -0.0271733 0.25464 193 61 0
0.525768 -0.0223216 0.254313 193 61 0
0.525927 -0.017464 0.254051 193 61 0
0.52607 -0.0126057 0.2538 193 61 0
0.526114 -0.00774228 0.253644 193 61 0
0.525946 -0.00287908 0.253544 193 61 0
0.525734 0.00198356 0.253531 193 61 0
0.525503 0.00684538 0.253541 193 61 0
0.525242 0.0117051 0.253611 193 61 0
0.524908 0.0165569 0.253808 193 61 0
0.524533 0.0214023 0.254074 193 61 0
0.524179 0.0262502 0.254327 194 60 0
0.523948 0.0311021 0.254623 194 60 0
0.523701 0.0359441 0.255049 194 60 0
0.523497 0.0414509 0.255445 194 60 0
0.5235 0.0467127 0.255434 194 60 0
0.523444 0.0519737 0.255521 194 60 0
0.523394 0.057234 0.255637 194 60 0
0.523208 0.0624837 0.255943 194 60 0
0.522933 0.0677163 0.256424 194 60 0
0.522468 0.0729309 0.256954 194 60 0
0.522 0.0781321 0.257593 194 60 0
0.521679 0.0804911 0.257921 194 60 0
0.521185 0.0855146 0.257774 194 60 0
0.52089 0.0905357 0.25736 194 60 0
0.520708 0.0955689 0.256954 194 60 0
0.520636 0.10061 0.256862 194 60 0
0.520124 0.100669 0.257719 194 60 0
0.571468 0.104526 0.288173 194 60 0
0.571861 0.104442 0.287257 194 60 0
0.572483 0.1026 0.285682 194 60 0
0.573672 0.0984407 0.283911 194 60 0
0.574736 0.0941613 0.282364 194 60 0
0.57566 0.0897674 0.281071 194 60 0
0.575849 0.0844763 0.280804 194 60 0
0.575795 0.0797164 0.28088 194 60 0
0.575657 0.0749603 0.281062 194 60 0
0.57542 0.070218 0.281397 194 60 0
0.575093 0.0654912 0.281865 194 60 0
0.574694 0.0607814 0.282434 194 60 0
0.574226 0.0560915 0.283111 194 60 0
0.573693 0.0514234 0.283884 194 60 0
0.572698 0.0414137 0.285927 194 60 0
0.572685 0.0364278 0.286853 194 60 0
0.572491 0.0313991 0.287485 194 60 0
0.572359 0.0263641 0.288088 194 60 0
0.57237 0.021308 0.288496 194 60 0
0.572488 0.0162374 0.288581 194 60 0
0.572834 0.011177 0.288516 194 60 0
0.573153 0.00612791 0.288146 194 60 0
0.573451 0.00109714 0.287566 194 60 0
0.573818 -0.0039185 0.286902 194 60 0
0.574289 -0.00892331 0.286222 194 60 0
0.574858 -0.0138687 0.285248 194 60 0
0.575465 -0.0188236 0.284359 194 60 0
0.575699 -0.0264411 0.283789 194 60 0
0.575395 -0.0314321 0.284561 195 59 0
0.575379 -0.0363903 0.285556 195 59 0
0.575217 -0.0413583 0.286497 195 59 0
0.574994 -0.0463086 0.287523 195 59 0
0.574777 -0.0512757 0.288465 195 59 0
0.574599 -0.0562698 0.289255 195 59 0
0.574534 -0.0612905 0.289877 195 59 0
0.574358 -0.066316 0.290411 195 59 0
0.574255 -0.0713704 0.290559 195 59 0
0.574491 -0.0771573 0.290248 195 59 0
0.575012 -0.0820278 0.289471 195 59 0
0.575497 -0.0869237 0.288847 195 59 0
0.57612 -0.0918243 0.288405 195 59 0
0.576734 -0.0967292 0.288 195 59 0
0.577271 -0.101651 0.287701 195 59 0
0.577758 -0.106582 0.2875 195 59 0
0.578226 -0.111517 0.287331 195 59 0
0.578603 -0.116441 0.286874 195 59 0
0.578956 -0.121368 0.286427 195 59 0
0.579658 -0.129103 0.285446 195 59 0
0.579938 -0.133993 0.285045 195 59 0
0.58017 -0.138891 0.284713 195 59 0
0.580318 -0.143797 0.284499 195 59 0
0.58023 -0.148702 0.284612 195 59 0
0.579838 -0.153569 0.285168 195 59 0
0.579417 -0.158408 0.285918 195 59 0
0.578932 -0.163223 0.286777 195 59 0
0.578467 -0.168049 0.287585 195 59 0
0.577958 -0.172881 0.288328 195 59 0
0.577524 -0.177735 0.288963 195 59 0
0.577228 -0.182622 0.289373 195 59 0
0.577122 -0.187526 0.289616 195 59 0
0.577211 -0.192422 0.289201 195 59 0
0.577361 -0.197486 0.28858 195 59 0
0.577771 -0.202207 0.28863 195 59 0
0.578335 -0.206925 0.288567 195 59 0
0.578878 -0.211646 0.288476 195 59 0
0.579455 -0.216363 0.288362 195 59 0
0.580059 -0.221075 0.288195 195 59 0
0.58055 -0.225796 0.287981 195 59 0
0.580823 -0.230536 0.287771 195 59 0
0.580883 -0.235285 0.287686 195 59 0
0.580783 -0.240035 0.287839 195 59 0
0.580696 -0.244778 0.288109 195 59 0
0.580839 -0.238887 0.287499 195 59 0
0.580776 -0.234133 0.287589 196 58 0
0.580643 -0.229383 0.287785 196 58 0
0.580437 -0.224639 0.288054 196 58 0
0.580039 -0.219908 0.288294 196 58 0
0.579493 -0.215185 0.288455 196 58 0
0.578938 -0.210463 0.288585 196 58 0
0.578304 -0.205752 0.288579 196 58 0
0.57741 -0.197926 0.288702 196 58 0
0.577269 -0.193055 0.289243 196 58 0
0.577188 -0.188161 0.289472 196 58 0
0.577178 -0.18326 0.289446 196 58 0
0.577408 -0.178375 0.289148 196 58 0
0.577833 -0.173531 0.288524 196 58 0
0.578344 -0.168711 0.287789 196 58 0
0.578808 -0.163897 0.286983 196 58 0
0.579291 -0.159093 0.286131 196 58 0
0.579716 -0.154268 0.285372 196 58 0
0.58011 -0.149416 0.284797 196 58 0
0.580286 -0.144529 0.284551 196 58 0
0.580297 -0.139627 0.284532 196 58 0
0.580069 -0.13474 0.284859 196 58 0
0.579745 -0.12987 0.285288 196 58 0
0.57928 -0.124763 0.285937 196 58 0
0.578868 -0.119643 0.286515 196 58 0
0.578462 -0.114521 0.287074 196 58 0
0.57794 -0.109383 0.287301 196 58 0
0.577436 -0.104241 0.287472 196 58 0
0.576911 -0.0991056 0.287749 196 58 0
0.576301 -0.0939867 0.288133 196 58 0
0.575647 -0.0888781 0.288573 196 58 0
0.575134 -0.0837944 0.289344 196 58 0
0.574626 -0.0790711 0.290031 196 58 0
0.574436 -0.0739865 0.290309 196 58 0
0.574266 -0.0688993 0.29055 196 58 0
0.574348 -0.0638065 0.290427 196 58 0
0.574615 -0.0587341 0.29003 196 58 0
0.574666 -0.0537124 0.289168 196 58 0
0.574875 -0.0487231 0.288154 196 58 0
0.575149 -0.0437729 0.286977 196 58 0
0.575309 -0.0388212 0.285786 196 58 0
0.575512 -0.0338813 0.284626 196 58 0
0.575697 -0.0258999 0.283788 196 58 0
0.575443 -0.0210337 0.284458 196 58 0
0.575013 -0.016181 0.285138 196 58 0
0.574628 -0.0113144 0.285742 196 58 0
0.574171 -0.00648423 0.286561 197 57 0
0.573663 -0.00167274 0.287456 197 57 0
0.573256 0.00317025 0.288225 197 57 0
0.572921 0.00805551 0.288704 197 57 0
0.572702 0.0129614 0.289003 197 57 0
0.572574 0.0178786 0.28908 197 57 0
0.57246 0.0227882 0.288832 197 57 0
0.572498 0.0276729 0.288268 197 57 0
0.572632 0.0325508 0.287637 197 57 0
0.572669 0.0374075 0.286853 197 57 0
0.57241 0.0420788 0.285655 197 57 0
0.573048 0.0471436 0.284729 197 57 0
0.573719 0.0521997 0.283781 197 57 0
0.574318 0.0572781 0.282907 197 57 0
0.574838 0.0623889 0.282185 197 57 0
0.575283 0.0675223 0.281583 197 57 0
0.575599 0.0726804 0.281128 197 57 0
0.575789 0.0778581 0.280876 197 57 0
0.575886 0.0830423 0.280738 197 57 0
0.575892 0.0857776 0.28072 197 57 0
0.575213 0.0911663 0.281743 197 57 0
0.574196 0.0963888 0.28324 197 57 0
0.572878 0.101404 0.285155 197 57 0
0.572481 0.101501 0.286067 197 57 0
0.519653 0.103379 0.257813 197 57 0
0.520161 0.103306 0.256955 197 57 0
0.518367 0.101516 0.255754 197 57 0
0.515037 0.0985328 0.253645 197 57 0
0.511687 0.0955667 0.251549 197 57 0
0.508218 0.0927596 0.249414 197 57 0
0.504705 0.089976 0.247322 197 57 0
0.501192 0.087131 0.245322 197 57 0
0.501118 0.0822186 0.245437 197 57 0
0.501158 0.0770534 0.245369 197 57 0
0.500816 0.0719048 0.245137 197 57 0
0.500485 0.0667573 0.244856 197 57 0
0.50012 0.0616094 0.244632 197 57 0
0.499685 0.056463 0.244531 197 57 0
0.4992 0.0513202 0.244496 197 57 0
0.499052 0.0461632 0.244742 197 57 0
0.499166 0.0384977 0.244905 197 57 0
0.500102 0.0334381 0.244512 197 57 0
0.500815 0.0283681 0.243862 197 57 0
0.501477 0.0232881 0.243229 197 57 0
0.502133 0.018219 0.242508 197 57 0
0.502763 0.0131423 0.241819 198 56 0
0.50338 0.00804617 0.241282 198 56 0
0.503922 0.00292684 0.240906 198 56 0
0.504358 -0.00221148 0.240738 198 56 0
0.504636 -0.00736073 0.240886 198 56 0
0.504767 -0.0125016 0.241321 198 56 0
0.504943 -0.0176289 0.241881 198 56 0
0.505018 -0.0227334 0.242551 198 56 0
0.504545 -0.0280244 0.243466 198 56 0
0.504171 -0.0327884 0.244181 198 56 0
0.503769 -0.0375399 0.244961 198 56 0
0.503405 -0.0423053 0.24567 198 56 0
0.503031 -0.0470937 0.246185 198 56 0
0.502769 -0.0519028 0.246554 198 56 0
0.502593 -0.0567262 0.246716 198 56 0
0.502512 -0.0615559 0.246693 198 56 0
0.502583 -0.0663846 0.246568 198 56 0
0.502751 -0.0712059 0.246307 198 56 0
0.502899 -0.0760268 0.246059 198 56 0
0.503359 -0.081283 0.245734 198 56 0
0.50352 -0.0861584 0.245421 198 56 0
0.503656 -0.0910387 0.245161 198 56 0
0.503779 -0.0959223 0.244967 198 56 0
0.503861 -0.100809 0.244852 198 56 0
0.503919 -0.105697 0.244762 198 56 0
0.503986 -0.110584 0.244645 198 56 0
0.504066 -0.11547 0.244486 198 56 0
0.504133 -0.120356 0.244322 198 56 0
0.504224 -0.12524 0.244101 198 56 0
0.504137 -0.133063 0.244263 198 56 0
0.504333 -0.13798 0.244138 198 56 0
0.504741 -0.142884 0.24425 198 56 0
0.504966 -0.1478 0.244441 198 56 0
0.505185 -0.152715 0.244659 198 56 0
0.505443 -0.157631 0.244798 198 56 0
0.505733 -0.162546 0.244861 198 56 0
0.506063 -0.16746 0.2449 198 56 0
0.50648 -0.172367 0.24491 198 56 0
0.506665 -0.177278 0.244584 198 56 0
0.507083 -0.182178 0.244332 198 56 0
0.507459 -0.187081 0.244064 198 56 0
0.507942 -0.191961 0.243637 198 56 0
0.508577 -0.196827 0.243222 198 56 0
0.508127 -0.201998 0.242922 198 56 0
0.507819 -0.207022 0.242897 198 56 0
0.507068 -0.21199 0.242597 199 55 0
0.506602 -0.216999 0.242414 199 55 0
0.506228 -0.222015 0.242209 199 55 0
0.505822 -0.227028 0.241993 199 55 0
0.505029 -0.231985 0.24162 199 55 0
0.504609 -0.236998 0.241435 199 55 0
0.50427 -0.242014 0.241169 199 55 0
0.503524 -0.246968 0.240704 199 55 0
0.504088 -0.24157 0.24122 199 55 0
0.504602 -0.236263 0.241432 199 55 0
0.505379 -0.230998 0.24182 199 55 0
0.506152 -0.225731 0.242192 199 55 0
0.506778 -0.220446 0.242581 199 55 0
0.507475 -0.215169 0.242963 199 55 0
0.508144 -0.209903 0.243414 199 55 0
0.508124 -0.202458 0.242923 199 55 0
0.507795 -0.197539 0.243051 199 55 0
0.507413 -0.192634 0.243459 199 55 0
0.507071 -0.187713 0.243702 199 55 0
0.506727 -0.182795 0.24399 199 55 0
0.506523 -0.177877 0.244384 199 55 0
0.506337 -0.172952 0.244711 199 55 0
0.50608 -0.168023 0.244872 199 55 0
0.505769 -0.163095 0.244866 199 55 0
0.505474 -0.158166 0.244805 199 55 0
0.505212 -0.153236 0.244676 199 55 0
0.504988 -0.148307 0.244466 199 55 0
0.504679 -0.143386 0.244203 199 55 0
0.504148 -0.13848 0.244253 199 55 0
0.504171 -0.133185 0.244199 199 55 0
0.504147 -0.127947 0.244248 199 55 0
0.504131 -0.122709 0.244274 199 55 0
0.504089 -0.117472 0.244416 199 55 0
0.504003 -0.112238 0.244613 199 55 0
0.503934 -0.107001 0.244747 199 55 0
0.503882 -0.101763 0.244828 199 55 0
0.503819 -0.0965256 0.244912 199 55 0
0.503686 -0.091292 0.245102 199 55 0
0.503573 -0.0860572 0.24526 199 55 0
0.503359 -0.081283 0.245734 199 55 0
0.503038 -0.076246 0.245989 199 55 0
0.502733 -0.0712043 0.246286 199 55 0
0.502572 -0.0661575 0.246605 199 55 0
0.502374 -0.0611023 0.246678 199 55 0
0.502537 -0.0560457 0.246715 199 55 0
0.502682 -0.0509953 0.246447 200 54 0
0.503057 -0.045965 0.246057 200 54 0
0.503388 -0.0409582 0.245408 200 54 0
0.503918 -0.0359788 0.244694 200 54 0
0.504554 -0.0283234 0.243451 200 54 0
0.504649 -0.0232126 0.242531 200 54 0
0.504533 -0.0180557 0.241826 200 54 0
0.504506 -0.0128864 0.241201 200 54 0
0.504383 -0.00770137 0.240747 200 54 0
0.504113 -0.00250699 0.240577 200 54 0
0.50368 0.00267768 0.24073 200 54 0
0.503132 0.00784136 0.241114 200 54 0
0.502509 0.0129821 0.241658 200 54 0
0.501872 0.0181038 0.24235 200 54 0
0.501212 0.0232176 0.243078 200 54 0
0.500447 0.028309 0.243854 200 54 0
0.499373 0.0333612 0.244499 200 54 0
0.49896 0.0381388 0.244933 200 54 0
0.499074 0.0433754 0.244708 200 54 0
0.499102 0.0486161 0.244563 200 54 0
0.499249 0.0538538 0.244384 200 54 0
0.499337 0.0590932 0.244218 200 54 0
0.499365 0.0643357 0.24417 200 54 0
0.499336 0.0695781 0.244221 200 54 0
0.499309 0.0748207 0.244267 200 54 0
0.499255 0.0800624 0.244356 200 54 0
0.501062 0.0813811 0.245526 200 54 0
0.503931 0.0847969 0.247135 200 54 0
0.506843 0.0881544 0.248793 200 54 0
0.50975 0.0915121 0.250459 200 54 0
0.51263 0.0948699 0.25217 200 54 0
0.515549 0.0981456 0.25397 200 54 0
0.518367 0.101516 0.255754 200 54 0
0.517854 0.101568 0.256611 200 54 0
0.571468 0.104526 0.288173 200 54 0
0.571861 0.104442 0.287257 200 54 0
0.574641 0.102422 0.286348 200 54 0
0.578434 0.0998833 0.286663 200 54 0
0.582192 0.0973271 0.287203 200 54 0
0.585676 0.0944677 0.288007 200 54 0
0.589141 0.091646 0.288997 200 54 0
0.590074 0.0867277 0.289907 200 54 0
0.590728 0.08156 0.290766 200 54 0
0.591515 0.0764023 0.291594 200 54 0
0.592393 0.0712741 0.29251 200 54 0
0.593353 0.0661538 0.293386 201 53 0
0.594398 0.0610492 0.294257 201 53 0
0.595354 0.0559194 0.295081 201 53 0
0.596081 0.0507544 0.295852 201 53 0
0.596381 0.0429606 0.296644 201 53 0
0.596002 0.0380448 0.297155 201 53 0
0.59579 0.0331387 0.29781 201 53 0
0.595462 0.0282287 0.298403 201 53 0
0.595132 0.023324 0.299038 201 53 0
0.594835 0.0184144 0.299639 201 53 0
0.594811 0.0135004 0.300288 201 53 0
0.594776 0.0085821 0.300903 201 53 0
0.59478 0.00366391 0.301519 201 53 0
0.594701 -0.00127148 0.301966 201 53 0
0.59479 -0.00621594 0.302282 201 53 0
0.59497 -0.0111652 0.302471 201 53 0
0.59525 -0.0161019 0.302765 201 53 0
0.595196 -0.0210557 0.302865 201 53 0
0.595438 -0.0260652 0.302551 201 53 0
0.595769 -0.0312356 0.301908 201 53 0
0.596363 -0.0364125 0.301575 201 53 0
0.596861 -0.041609 0.30142 201 53 0
0.59718 -0.0468216 0.301473 201 53 0
0.597299 -0.0520352 0.301758 201 53 0
0.597438 -0.0572326 0.302247 201 53 0
0.597209 -0.0624426 0.30253 201 53 0
0.596987 -0.0676528 0.302815 201 53 0
0.596857 -0.0728699 0.302994 201 53 0
0.596771 -0.0783645 0.303188 201 53 0
0.596762 -0.0832622 0.303206 201 53 0
0.597031 -0.0881456 0.303453 201 53 0
0.597311 -0.0930291 0.303703 201 53 0
0.597647 -0.0979114 0.303896 201 53 0
0.598077 -0.102789 0.303948 201 53 0
0.598603 -0.107657 0.303859 201 53 0
0.599117 -0.11251 0.303531 201 53 0
0.599483 -0.11735 0.302874 201 53 0
0.600019 -0.122148 0.302065 201 53 0
0.60082 -0.130181 0.300544 201 53 0
0.601026 -0.134995 0.300178 201 53 0
0.601264 -0.139803 0.299764 201 53 0
0.601475 -0.144612 0.299367 201 53 0
0.60157 -0.14944 0.299226 201 53 0
0.601494 -0.15427 0.299309 201 53 0
0.601358 -0.159097 0.299482 201 53 0
0.601264 -0.163927 0.299598 202 52 0
0.6012 -0.168758 0.299672 202 52 0
0.601181 -0.17359 0.299685 202 52 0
0.601269 -0.17842 0.2996 202 52 0
0.601497 -0.18324 0.299364 202 52 0
0.601784 -0.188052 0.29904 202 52 0
0.602346 -0.1928 0.298351 202 52 0
0.60294 -0.197694 0.297623 202 52 0
0.60304 -0.202938 0.297832 202 52 0
0.603312 -0.208191 0.297911 202 52 0
0.603444 -0.213443 0.298193 202 52 0
0.603535 -0.218696 0.298449 202 52 0
0.603846 -0.223946 0.298562 202 52 0
0.603942 -0.229205 0.298474 202 52 0
0.603962 -0.234465 0.298452 202 52 0
0.603947 -0.239718 0.298738 202 52 0
0.603918 -0.244973 0.298929 202 52 0
0.604103 -0.239787 0.298332 202 52 0
0.603981 -0.235046 0.298431 202 52 0
0.603947 -0.230304 0.298471 202 52 0
0.603884 -0.225562 0.298532 202 52 0
0.603713 -0.220824 0.298509 202 52 0
0.603508 -0.216089 0.298342 202 52 0
0.603441 -0.211352 0.298113 202 52 0
0.603273 -0.206625 0.297775 202 52 0
0.602721 -0.198303 0.297765 202 52 0
0.602166 -0.193522 0.298473 202 52 0
0.601788 -0.188702 0.298985 202 52 0
0.601532 -0.183857 0.299326 202 52 0
0.601283 -0.179007 0.299587 202 52 0
0.60118 -0.174145 0.299685 202 52 0
0.601193 -0.169281 0.29968 202 52 0
0.601255 -0.164417 0.299609 202 52 0
0.601349 -0.159555 0.299493 202 52 0
0.601482 -0.154696 0.299324 202 52 0
0.601564 -0.149833 0.299232 202 52 0
0.601485 -0.144973 0.299353 202 52 0
0.601314 -0.140119 0.299605 202 52 0
0.601113 -0.135266 0.299867 202 52 0
0.600755 -0.129817 0.300316 202 52 0
0.600238 -0.124698 0.301457 202 52 0
0.59965 -0.119551 0.30243 202 52 0
0.599103 -0.114384 0.303316 202 52 0
0.598458 -0.109168 0.303706 202 52 0
0.597825 -0.103936 0.303825 202 52 0
0.597352 -0.0986867 0.303765 203 51 0
0.597017 -0.0934311 0.303539 203 51 0
0.596726 -0.0881748 0.30328 203 51 0
0.596716 -0.082904 0.303313 203 51 0
0.596772 -0.0776462 0.303188 203 51 0
0.596842 -0.0728405 0.303032 203 51 0
0.596766 -0.0680417 0.302743 203 51 0
0.596651 -0.0632533 0.302319 203 51 0
0.596536 -0.0584674 0.301865 203 51 0
0.596404 -0.0536803 0.301428 203 51 0
0.59625 -0.0488867 0.301095 203 51 0
0.596117 -0.044083 0.300979 203 51 0
0.596038 -0.0392764 0.301095 203 51 0
0.595963 -0.0344862 0.301474 203 51 0
0.595497 -0.0265321 0.302472 203 51 0
0.595351 -0.0215742 0.302644 203 51 0
0.595377 -0.0166116 0.302614 203 51 0
0.595303 -0.0116497 0.302621 203 51 0
0.595117 -0.00669284 0.302446 203 51 0
0.595005 -0.00174028 0.302144 203 51 0
0.595098 0.00320439 0.301718 203 51 0
0.595352 0.00813723 0.301226 203 51 0
0.595393 0.0130628 0.300613 203 51 0
0.595417 0.0179843 0.299966 203 51 0
0.595463 0.0228972 0.299258 203 51 0
0.595712 0.0278078 0.298589 203 51 0
0.596129 0.032706 0.29791 203 51 0
0.596059 0.037595 0.297086 203 51 0
0.595831 0.0428175 0.296122 203 51 0
0.595086 0.0480167 0.295431 203 51 0
0.594561 0.0532492 0.294711 203 51 0
0.593972 0.058484 0.294062 203 51 0
0.593321 0.0637182 0.293467 203 51 0
0.592699 0.0689513 0.292835 203 51 0
0.592155 0.0741866 0.292151 203 51 0
0.591629 0.0794208 0.291446 203 51 0
0.590956 0.0846176 0.290687 203 51 0
0.588969 0.0862978 0.289124 203 51 0
0.586036 0.0906769 0.287536 203 51 0
0.582717 0.0949813 0.286756 203 51 0
0.578841 0.098856 0.286419 203 51 0
0.574641 0.102422 0.286348 203 51 0
0.574234 0.102494 0.287258 203 51 0
0.519653 0.103379 0.257813 203 51 0
0.520161 0.103306 0.256955 203 51 0
0.520161 0.103306 0.256955 204 50 0
0.520636 0.10061 0.256862 204 50 0
0.520732 0.0958579 0.25692 204 50 0
0.52093 0.0911137 0.257296 204 50 0
0.521222 0.0864211 0.257989 204 50 0
0.521588 0.0810517 0.25784 204 50 0
0.522169 0.0758166 0.257204 204 50 0
0.522628 0.070555 0.256695 204 50 0
0.523065 0.0652918 0.256183 204 50 0
0.523299 0.060006 0.255784 204 50 0
0.523428 0.054705 0.255591 204 50 0
0.523509 0.0494015 0.255456 204 50 0
0.523653 0.0390816 0.255173 204 50 0
0.523886 0.0340871 0.254753 204 50 0
0.524198 0.0290869 0.254523 204 50 0
0.52449 0.024082 0.254317 204 50 0
0.52481 0.0190811 0.25406 204 50 0
0.525128 0.0140786 0.253832 204 50 0
0.525407 0.00907087 0.253683 204 50 0
0.525628 0.00405876 0.253597 204 50 0
0.525798 -0.000956067 0.253599 204 50 0
0.525928 -0.00597093 0.253707 204 50 0
0.526013 -0.0109848 0.253884 204 50 0
0.525986 -0.0160017 0.25393 204 50 0
0.525867 -0.0210133 0.254145 204 50 0
0.525661 -0.0258988 0.254496 204 50 0
0.525322 -0.0306841 0.255106 204 50 0
0.524908 -0.0354444 0.255856 204 50 0
0.524696 -0.0401818 0.256791 204 50 0
0.524584 -0.0449217 0.257747 204 50 0
0.524518 -0.0496737 0.258645 204 50 0
0.524542 -0.0544448 0.25943 204 50 0
0.524675 -0.0592442 0.26 204 50 0
0.524848 -0.0640641 0.260318 204 50 0
0.524854 -0.0689007 0.260302 204 50 0
0.524886 -0.0737368 0.260237 204 50 0
0.525068 -0.0792152 0.259909 204 50 0
0.525393 -0.084027 0.259336 204 50 0
0.525733 -0.0888361 0.258749 204 50 0
0.526182 -0.0936345 0.258152 204 50 0
0.526593 -0.098436 0.257555 204 50 0
0.526915 -0.103248 0.256985 204 50 0
0.527197 -0.108071 0.256484 204 50 0
0.52744 -0.112903 0.256063 204 50 0
0.527614 -0.117742 0.2557 204 50 0
0.527628 -0.122588 0.255404 205 49 0
0.527933 -0.130573 0.255314 205 49 0
0.527872 -0.13555 0.255277 205 49 0
0.52791 -0.140527 0.255187 205 49 0
0.527964 -0.145501 0.255282 205 49 0
0.528042 -0.15046 0.25568 205 49 0
0.527894 -0.155391 0.256332 205 49 0
0.527698 -0.160278 0.257262 205 49 0
0.527445 -0.165141 0.258298 205 49 0
0.527257 -0.170029 0.259223 205 49 0
0.527249 -0.174973 0.259789 205 49 0
0.527438 -0.17994 0.260031 205 49 0
0.527627 -0.184906 0.25983 205 49 0
0.527775 -0.18986 0.259577 205 49 0
0.52857 -0.194557 0.258175 205 49 0
0.529836 -0.199785 0.25601 205 49 0
0.530197 -0.204953 0.255356 205 49 0
0.530565 -0.210123 0.254718 205 49 0
0.530949 -0.215332 0.254676 205 49 0
0.531218 -0.220546 0.254798 205 49 0
0.531393 -0.225753 0.255139 205 49 0
0.531331 -0.230927 0.255822 205 49 0
0.53102 -0.236039 0.256843 205 49 0
0.530423 -0.241124 0.257874 205 49 0
0.529611 -0.246091 0.259256 205 49 0
0.530549 -0.240665 0.25767 205 49 0
0.530846 -0.236066 0.256724 205 49 0
0.531031 -0.231435 0.255844 205 49 0
0.531127 -0.226768 0.255188 205 49 0
0.531051 -0.22207 0.254803 205 49 0
0.530839 -0.217359 0.254645 205 49 0
0.53062 -0.212647 0.254603 205 49 0
0.530592 -0.20793 0.254646 205 49 0
0.529634 -0.200099 0.256278 205 49 0
0.528643 -0.195546 0.25805 205 49 0
0.528024 -0.190733 0.259144 205 49 0
0.527626 -0.185802 0.259756 205 49 0
0.527209 -0.180834 0.259912 205 49 0
0.526981 -0.175855 0.25973 205 49 0
0.526974 -0.170896 0.259194 205 49 0
0.527257 -0.166002 0.258289 205 49 0
0.527521 -0.161128 0.257263 205 49 0
0.527726 -0.156235 0.256316 205 49 0
0.527807 -0.151304 0.255581 205 49 0
0.527881 -0.146334 0.255234 205 49 0
0.52796 -0.141349 0.255141 206 48 0
0.527729 -0.13637 0.255238 206 48 0
0.527688 -0.131214 0.255088 206 48 0
0.527624 -0.126465 0.2553 206 48 0
0.527565 -0.121714 0.255449 206 48 0
0.527426 -0.116969 0.2557 206 48 0
0.527223 -0.112233 0.256052 206 48 0
0.526978 -0.107505 0.256472 206 48 0
0.526696 -0.102785 0.256963 206 48 0
0.526381 -0.0980752 0.257527 206 48 0
0.526036 -0.0933742 0.258144 206 48 0
0.525713 -0.0886772 0.258801 206 48 0
0.525374 -0.0839732 0.259397 206 48 0
0.525061 -0.0785078 0.259915 206 48 0
0.524983 -0.0736835 0.260066 206 48 0
0.524595 -0.0688732 0.260085 206 48 0
0.524237 -0.0640622 0.259942 206 48 0
0.524 -0.0592572 0.259572 206 48 0
0.523896 -0.0544684 0.258986 206 48 0
0.523886 -0.0496997 0.25824 206 48 0
0.524026 -0.0449495 0.25741 206 48 0
0.524484 -0.0402131 0.256599 206 48 0
0.525009 -0.0355056 0.255668 206 48 0
0.525573 -0.0271733 0.25464 206 48 0
0.525768 -0.0223216 0.254313 206 48 0
0.525927 -0.017464 0.254051 206 48 0
0.52607 -0.0126057 0.2538 206 48 0
0.526114 -0.00774228 0.253644 206 48 0
0.525946 -0.00287908 0.253544 206 48 0
0.525734 0.00198356 0.253531 206 48 0
0.525503 0.00684538 0.253541 206 48 0
0.525242 0.0117051 0.253611 206 48 0
0.524908 0.0165569 0.253808 206 48 0
0.524533 0.0214023 0.254074 206 48 0
0.524179 0.0262502 0.254327 206 48 0
0.523948 0.0311021 0.254623 206 48 0
0.523701 0.0359441 0.255049 206 48 0
0.523497 0.0414509 0.255445 206 48 0
0.5235 0.0467127 0.255434 206 48 0
0.523444 0.0519737 0.255521 206 48 0
0.523394 0.057234 0.255637 206 48 0
0.523208 0.0624837 0.255943 206 48 0
0.522933 0.0677163 0.256424 206 48 0
0.522468 0.0729309 0.256954 206 48 0
0.522 0.0781321 0.257593 206 48 0
0.521679 0.0804911 0.257921 207 47 0
0.521185 0.0855146 0.257774 207 47 0
0.52089 0.0905357 0.25736 207 47 0
0.520708 0.0955689 0.256954 207 47 0
0.520636 0.10061 0.256862 207 47 0
0.520124 0.100669 0.257719 207 47 0
0.571468 0.104526 0.288173 207 47 0
0.571861 0.104442 0.287257 207 47 0
0.572483 0.1026 0.285682 207 47 0
0.573672 0.0984407 0.283911 207 47 0
0.574736 0.0941613 0.282364 207 47 0
0.57566 0.0897674 0.281071 207 47 0
0.575849 0.0844763 0.280804 207 47 0
0.575795 0.0797164 0.28088 207 47 0
0.575657 0.0749603 0.281062 207 47 0
0.57542 0.070218 0.281397 207 47 0
0.575093 0.0654912 0.281865 207 47 0
0.574694 0.0607814 0.282434 207 47 0
0.574226 0.0560915 0.283111 207 47 0
0.573693 0.0514234 0.283884 207 47 0
0.572698 0.0414137 0.285927 207 47 0
0.572685 0.0364278 0.286853 207 47 0
0.572491 0.0313991 0.287485 207 47 0
0.572359 0.0263641 0.288088 207 47 0
0.57237 0.021308 0.288496 207 47 0
0.572488 0.0162374 0.288581 207 47 0
0.572834 0.011177 0.288516 207 47 0
0.573153 0.00612791 0.288146 207 47 0
0.573451 0.00109714 0.287566 207 47 0
0.573818 -0.0039185 0.286902 207 47 0
0.574289 -0.00892331 0.286222 207 47 0
0.574858 -0.0138687 0.285248 207 47 0
0.575465 -0.0188236 0.284359 207 47 0
0.575699 -0.0264411 0.283789 207 47 0
0.575395 -0.0314321 0.284561 207 47 0
0.575379 -0.0363903 0.285556 207 47 0
0.575217 -0.0413583 0.286497 207 47 0
0.574994 -0.0463086 0.287523 207 47 0
0.574777 -0.0512757 0.288465 207 47 0
0.574599 -0.0562698 0.289255 207 47 0
0.574534 -0.0612905 0.289877 207 47 0
0.574358 -0.066316 0.290411 207 47 0
0.574255 -0.0713704 0.290559 207 47 0
0.574491 -0.0771573 0.290248 207 47 0
0.575012 -0.0820278 0.289471 207 47 0
0.575497 -0.0869237 0.288847 208 46 0
0.57612 -0.0918243 0.288405 208 46 0
0.576734 -0.0967292 0.288 208 46 0
0.577271 -0.101651 0.287701 208 46 0
0.577758 -0.106582 0.2875 208 46 0
0.578226 -0.111517 0.287331 208 46 0
0.578603 -0.116441 0.286874 208 46 0
0.578956 -0.121368 0.286427 208 46 0
0.579658 -0.129103 0.285446 208 46 0
0.579938 -0.133993 0.285045 208 46 0
0.58017 -0.138891 0.284713 208 46 0
0.580318 -0.143797 0.284499 208 46 0
0.58023 -0.148702 0.284612 208 46 0
0.579838 -0.153569 0.285168 208 46 0
0.579417 -0.158408 0.285918 208 46 0
0.578932 -0.163223 0.286777 208 46 0
0.578467 -0.168049 0.287585 208 46 0
0.577958 -0.172881 0.288328 208 46 0
0.577524 -0.177735 0.288963 208 46 0
0.577228 -0.182622 0.289373 208 46 0
0.577122 -0.187526 0.289616 208 46 0
0.577211 -0.192422 0.289201 208 46 0
0.577361 -0.197486 0.28858 208 46 0
0.577771 -0.202207 0.28863 208 46 0
0.578335 -0.206925 0.288567 208 46 0
0.578878 -0.211646 0.288476 208 46 0
0.579455 -0.216363 0.288362 208 46 0
0.580059 -0.221075 0.288195 208 46 0
0.58055 -0.225796 0.287981 208 46 0
0.580823 -0.230536 0.287771 208 46 0
0.580883 -0.235285 0.287686 208 46 0
0.580783 -0.240035 0.287839 208 46 0
0.580696 -0.244778 0.288109 208 46 0
0.580839 -0.238887 0.287499 208 46 0
0.580776 -0.234133 0.287589 208 46 0
0.580643 -0.229383 0.287785 208 46 0
0.580437 -0.224639 0.288054 208 46 0
0.580039 -0.219908 0.288294 208 46 0
0.579493 -0.215185 0.288455 208 46 0
0.578938 -0.210463 0.288585 208 46 0
0.578304 -0.205752 0.288579 208 46 0
0.57741 -0.197926 0.288702 208 46 0
0.577269 -0.193055 0.289243 208 46 0
0.577188 -0.188161 0.289472 208 46 0
0.577178 -0.18326 0.289446 208 46 0
0.577408 -0.178375 0.289148 209 45 0
0.577833 -0.173531 0.288524 209 45 0
0.578344 -0.168711 0.287789 209 45 0
0.578808 -0.163897 0.286983 209 45 0
0.579291 -0.159093 0.286131 209 45 0
0.579716 -0.154268 0.285372 209 45 0
0.58011 -0.149416 0.284797 209 45 0
0.580286 -0.144529 0.284551 209 45 0
0.580297 -0.139627 0.284532 209 45 0
0.580069 -0.13474 0.284859 209 45 0
0.579745 -0.12987 0.285288 209 45 0
0.57928 -0.124763 0.285937 209 45 0
0.578868 -0.119643 0.286515 209 45 0
0.578462 -0.114521 0.287074 209 45 0
0.57794 -0.109383 0.287301 209 45 0
0.577436 -0.104241 0.287472 209 45 0
0.576911 -0.0991056 0.287749 209 45 0
0.576301 -0.0939867 0.288133 209 45 0
0.575647 -0.0888781 0.288573 209 45 0
0.575134 -0.0837944 0.289344 209 45 0
0.574626 -0.0790711 0.290031 209 45 0
0.574436 -0.0739865 0.290309 209 45 0
0.574266 -0.0688993 0.29055 209 45 0
0.574348 -0.0638065 0.290427 209 45 0
0.574615 -0.0587341 0.29003 209 45 0
0.574666 -0.0537124 0.289168 209 45 0
0.574875 -0.0487231 0.288154 209 45 0
0.575149 -0.0437729 0.286977 209 45 0
0.575309 -0.0388212 0.285786 209 45 0
0.575512 -0.0338813 0.284626 209 45 0
0.575697 -0.0258999 0.283788 209 45 0
0.575443 -0.0210337 0.284458 209 45 0
0.575013 -0.016181 0.285138 209 45 0
0.574628 -0.0113144 0.285742 209 45 0
0.574171 -0.00648423 0.286561 209 45 0
0.573663 -0.00167274 0.287456 209 45 0
0.573256 0.00317025 0.288225 209 45 0
0.572921 0.00805551 0.288704 209 45 0
0.572702 0.0129614 0.289003 209 45 0
0.572574 0.0178786 0.28908 209 45 0
0.57246 0.0227882 0.288832 209 45 0
0.572498 0.0276729 0.288268 209 45 0
0.572632 0.0325508 0.287637 209 45 0
0.572669 0.0374075 0.286853 209 45 0
0.57241 0.0420788 0.285655 209 45 0
0.573048 0.0471436 0.284729 210 44 0
0.573719 0.0521997 0.283781 210 44 0
0.574318 0.0572781 0.282907 210 44 0
0.574838 0.0623889 0.282185 210 44 0
0.575283 0.0675223 0.281583 210 44 0
0.575599 0.0726804 0.281128 210 44 0
0.575789 0.0778581 0.280876 210 44 0
0.575886 0.0830423 0.280738 210 44 0
0.575892 0.0857776 0.28072 210 44 0
0.575213 0.0911663 0.281743 210 44 0
0.574196 0.0963888 0.28324 210 44 0
0.572878 0.101404 0.285155 210 44 0
0.572481 0.101501 0.286067 210 44 0
0.519653 0.103379 0.257813 210 44 0
0.520161 0.103306 0.256955 210 44 0
0.518367 0.101516 0.255754 210 44 0
0.515037 0.0985328 0.253645 210 44 0
0.511687 0.0955667 0.251549 210 44 0
0.508218 0.0927596 0.249414 210 44 0
0.504705 0.089976 0.247322 210 44 0
0.501192 0.087131 0.245322 210 44 0
0.501118 0.0822186 0.245437 210 44 0
0.501158 0.0770534 0.245369 210 44 0
0.500816 0.0719048 0.245137 210 44 0
0.500485 0.0667573 0.244856 210 44 0
0.50012 0.0616094 0.244632 210 44 0
0.499685 0.056463 0.244531 210 44 0
0.4992 0.0513202 0.244496 210 44 0
0.499052 0.0461632 0.244742 210 44 0
0.499166 0.0384977 0.244905 210 44 0
0.500102 0.0334381 0.244512 210 44 0
0.500815 0.0283681 0.243862 210 44 0
0.501477 0.0232881 0.243229 210 44 0
0.502133 0.018219 0.242508 210 44 0
0.502763 0.0131423 0.241819 210 44 0
0.50338 0.00804617 0.241282 210 44 0
0.503922 0.00292684 0.240906 210 44 0
0.504358 -0.00221148 0.240738 210 44 0
0.504636 -0.00736073 0.240886 210 44 0
0.504767 -0.0125016 0.241321 210 44 0
0.504943 -0.0176289 0.241881 210 44 0
0.505018 -0.0227334 0.242551 210 44 0
0.504545 -0.0280244 0.243466 210 44 0
0.504171 -0.0327884 0.244181 210 44 0
0.503769 -0.0375399 0.244961 210 44 0
0.503405 -0.0423053 0.24567 211 43 0
0.503031 -0.0470937 0.246185 211 43 0
0.502769 -0.0519028 0.246554 211 43 0
0.502593 -0.0567262 0.246716 211 43 0
0.502512 -0.0615559 0.246693 211 43 0
0.502583 -0.0663846 0.246568 211 43 0
0.502751 -0.0712059 0.246307 211 43 0
0.502899 -0.0760268 0.246059 211 43 0
0.503359 -0.081283 0.245734 211 43 0
0.50352 -0.0861584 0.245421 211 43 0
0.503656 -0.0910387 0.245161 211 43 0
0.503779 -0.0959223 0.244967 211 43 0
0.503861 -0.100809 0.244852 211 43 0
0.503919 -0.105697 0.244762 211 43 0
0.503986 -0.110584 0.244645 211 43 0
0.504066 -0.11547 0.244486 211 43 0
0.504133 -0.120356 0.244322 211 43 0
0.504224 -0.12524 0.244101 211 43 0
0.504137 -0.133063 0.244263 211 43 0
0.504333 -0.13798 0.244138 211 43 0
0.504741 -0.142884 0.24425 211 43 0
0.504966 -0.1478 0.244441 211 43 0
0.505185 -0.152715 0.244659 211 43 0
0.505443 -0.157631 0.244798 211 43 0
0.505733 -0.162546 0.244861 211 43 0
0.506063 -0.16746 0.2449 211 43 0
0.50648 -0.172367 0.24491 211 43 0
0.506665 -0.177278 0.244584 211 43 0
0.507083 -0.182178 0.244332 211 43 0
0.507459 -0.187081 0.244064 211 43 0
0.507942 -0.191961 0.243637 211 43 0
0.508577 -0.196827 0.243222 211 43 0
0.508127 -0.201998 0.242922 211 43 0
0.507819 -0.207022 0.242897 211 43 0
0.507068 -0.21199 0.242597 211 43 0
0.506602 -0.216999 0.242414 211 43 0
0.506228 -0.222015 0.242209 211 43 0
0.505822 -0.227028 0.241993 211 43 0
0.505029 -0.231985 0.24162 211 43 0
0.504609 -0.236998 0.241435 211 43 0
0.50427 -0.242014 0.241169 211 43 0
0.503524 -0.246968 0.240704 211 43 0
0.504088 -0.24157 0.24122 211 43 0
0.504602 -0.236263 0.241432 211 43 0
0.505379 -0.230998 0.24182 211 43 0
0.506152 -0.225731 0.242192 212 42 0
0.506778 -0.220446 0.242581 212 42 0
0.507475 -0.215169 0.242963 212 42 0
0.508144 -0.209903 0.243414 212 42 0
0.508124 -0.202458 0.242923 212 42 0
0.507795 -0.197539 0.243051 212 42 0
0.507413 -0.192634 0.243459 212 42 0
0.507071 -0.187713 0.243702 212 42 0
0.506727 -0.182795 0.24399 212 42 0
0.506523 -0.177877 0.244384 212 42 0
0.506337 -0.172952 0.244711 212 42 0
0.50608 -0.168023 0.244872 212 42 0
0.505769 -0.163095 0.244866 212 42 0
0.505474 -0.158166 0.244805 212 42 0
0.505212 -0.153236 0.244676 212 42 0
0.504988 -0.148307 0.244466 212 42 0
0.504679 -0.143386 0.244203 212 42 0
0.504148 -0.13848 0.244253 212 42 0
0.504171 -0.133185 0.244199 212 42 0
0.504147 -0.127947 0.244248 212 42 0
0.504131 -0.122709 0.244274 212 42 0
0.504089 -0.117472 0.244416 212 42 0
0.504003 -0.112238 0.244613 212 42 0
0.503934 -0.107001 0.244747 212 42 0
0.503882 -0.101763 0.244828 212 42 0
0.503819 -0.0965256 0.244912 212 42 0
0.503686 -0.091292 0.245102 212 42 0
0.503573 -0.0860572 0.24526 212 42 0
0.503359 -0.081283 0.245734 212 42 0
0.503038 -0.076246 0.245989 212 42 0
0.502733 -0.0712043 0.246286 212 42 0
0.502572 -0.0661575 0.246605 212 42 0
0.502374 -0.0611023 0.246678 212 42 0
0.502537 -0.0560457 0.246715 212 42 0
0.502682 -0.0509953 0.246447 212 42 0
0.503057 -0.045965 0.246057 212 42 0
0.503388 -0.0409582 0.245408 212 42 0
0.503918 -0.0359788 0.244694 212 42 0
0.504554 -0.0283234 0.243451 212 42 0
0.504649 -0.0232126 0.242531 212 42 0
0.504533 -0.0180557 0.241826 212 42 0
0.504506 -0.0128864 0.241201 212 42 0
0.504383 -0.00770137 0.240747 212 42 0
0.504113 -0.00250699 0.240577 212 42 0
0.50368 0.00267768 0.24073 212 42 0
0.503132 0.00784136 0.241114 213 41 0
0.502509 0.0129821 0.241658 213 41 0
0.501872 0.0181038 0.24235 213 41 0
0.501212 0.0232176 0.243078 213 41 0
0.500447 0.028309 0.243854 213 41 0
0.499373 0.0333612 0.244499 213 41 0
0.49896 0.0381388 0.244933 213 41 0
0.499074 0.0433754 0.244708 213 41 0
0.499102 0.0486161 0.244563 213 41 0
0.499249 0.0538538 0.244384 213 41 0
0.499337 0.0590932 0.244218 213 41 0
0.499365 0.0643357 0.24417 213 41 0
0.499336 0.0695781 0.244221 213 41 0
0.499309 0.0748207 0.244267 213 41 0
0.499255 0.0800624 0.244356 213 41 0
0.501062 0.0813811 0.245526 213 41 0
0.503931 0.0847969 0.247135 213 41 0
0.506843 0.0881544 0.248793 213 41 0
0.50975 0.0915121 0.250459 213 41 0
0.51263 0.0948699 0.25217 213 41 0
0.515549 0.0981456 0.25397 213 41 0
0.518367 0.101516 0.255754 213 41 0
0.517854 0.101568 0.256611 213 41 0
0.571468 0.104526 0.288173 213 41 0
0.571861 0.104442 0.287257 213 41 0
0.574641 0.102422 0.286348 213 41 0
0.578434 0.0998833 0.286663 213 41 0
0.582192 0.0973271 0.287203 213 41 0
0.585676 0.0944677 0.288007 213 41 0
0.589141 0.091646 0.288997 213 41 0
0.590074 0.0867277 0.289907 213 41 0
0.590728 0.08156 0.290766 213 41 0
0.591515 0.0764023 0.291594 213 41 0
0.592393 0.0712741 0.29251 213 41 0
0.593353 0.0661538 0.293386 213 41 0
0.594398 0.0610492 0.294257 213 41 0
0.595354 0.0559194 0.295081 213 41 0
0.596081 0.0507544 0.295852 213 41 0
0.596381 0.0429606 0.296644 213 41 0
0.596002 0.0380448 0.297155 213 41 0
0.59579 0.0331387 0.29781 213 41 0
0.595462 0.0282287 0.298403 213 41 0
0.595132 0.023324 0.299038 213 41 0
0.594835 0.0184144 0.299639 213 41 0
0.594811 0.0135004 0.300288 213 41 0
0.594776 0.0085821 0.300903 214 40 0
0.59478 0.00366391 0.301519 214 40 0
0.594701 -0.00127148 0.301966 214 40 0
0.59479 -0.00621594 0.302282 214 40 0
0.59497 -0.0111652 0.302471 214 40 0
0.59525 -0.0161019 0.302765 214 40 0
0.595196 -0.0210557 0.302865 214 40 0
0.595438 -0.0260652 0.302551 214 40 0
0.595769 -0.0312356 0.301908 214 40 0
0.596363 -0.0364125 0.301575 214 40 0
0.596861 -0.041609 0.30142 214 40 0
0.59718 -0.0468216 0.301473 214 40 0
0.597299 -0.0520352 0.301758 214 40 0
0.597438 -0.0572326 0.302247 214 40 0
0.597209 -0.0624426 0.30253 214 40 0
0.596987 -0.0676528 0.302815 214 40 0
0.596857 -0.0728699 0.302994 214 40 0
0.596771 -0.0783645 0.303188 214 40 0
0.596762 -0.0832622 0.303206 214 40 0
0.597031 -0.0881456 0.303453 214 40 0
0.597311 -0.0930291 0.303703 214 40 0
0.597647 -0.0979114 0.303896 214 40 0
0.598077 -0.102789 0.303948 214 40 0
0.598603 -0.107657 0.303859 214 40 0
0.599117 -0.11251 0.303531 214 40 0
0.599483 -0.11735 0.302874 214 40 0
0.600019 -0.122148 0.302065 214 40 0
0.60082 -0.130181 0.300544 214 40 0
0.601026 -0.134995 0.300178 214 40 0
0.601264 -0.139803 0.299764 214 40 0
0.601475 -0.144612 0.299367 214 40 0
0.60157 -0.14944 0.299226 214 40 0
0.601494 -0.15427 0.299309 214 40 0
0.601358 -0.159097 0.299482 214 40 0
0.601264 -0.163927 0.299598 214 40 0
0.6012 -0.168758 0.299672 214 40 0
0.601181 -0.17359 0.299685 214 40 0
0.601269 -0.17842 0.2996 214 40 0
0.601497 -0.18324 0.299364 214 40 0
0.601784 -0.188052 0.29904 214 40 0
0.602346 -0.1928 0.298351 214 40 0
0.60294 -0.197694 0.297623 214 40 0
0.60304 -0.202938 0.297832 214 40 0
0.603312 -0.208191 0.297911 214 40 0
0.603444 -0.213443 0.298193 214 40 0
0.603535 -0.218696 0.298449 215 39 0
0.603846 -0.223946 0.298562 215 39 0
0.603942 -0.229205 0.298474 215 39 0
0.603962 -0.234465 0.298452 215 39 0
0.603947 -0.239718 0.298738 215 39 0
0.603918 -0.244973 0.298929 215 39 0
0.604103 -0.239787 0.298332 215 39 0
0.603981 -0.235046 0.298431 215 39 0
0.603947 -0.230304 0.298471 215 39 0
0.603884 -0.225562 0.298532 215 39 0
0.603713 -0.220824 0.298509 215 39 0
0.603508 -0.216089 0.298342 215 39 0
0.603441 -0.211352 0.298113 215 39 0
0.603273 -0.206625 0.297775 215 39 0
0.602721 -0.198303 0.297765 215 39 0
0.602166 -0.193522 0.298473 215 39 0
0.601788 -0.188702 0.298985 215 39 0
0.601532 -0.183857 0.299326 215 39 0
0.601283 -0.179007 0.299587 215 39 0
0.60118 -0.174145 0.299685 215 39 0
0.601193 -0.169281 0.29968 215 39 0
0.601255 -0.164417 0.299609 215 39 0
0.601349 -0.159555 0.299493 215 39 0
0.601482 -0.154696 0.299324 215 39 0
0.601564 -0.149833 0.299232 215 39 0
0.601485 -0.144973 0.299353 215 39 0
0.601314 -0.140119 0.299605 215 39 0
0.601113 -0.135266 0.299867 215 39 0
0.600755 -0.129817 0.300316 215 39 0
0.600238 -0.124698 0.301457 215 39 0
0.59965 -0.119551 0.30243 215 39 0
0.599103 -0.114384 0.303316 215 39 0
0.598458 -0.109168 0.303706 215 39 0
0.597825 -0.103936 0.303825 215 39 0
0.597352 -0.0986867 0.303765 215 39 0
0.597017 -0.0934311 0.303539 215 39 0
0.596726 -0.0881748 0.30328 215 39 0
0.596716 -0.082904 0.303313 215 39 0
0.596772 -0.0776462 0.303188 215 39 0
0.596842 -0.0728405 0.303032 215 39 0
0.596766 -0.0680417 0.302743 215 39 0
0.596651 -0.0632533 0.302319 215 39 0
0.596536 -0.0584674 0.301865 215 39 0
0.596404 -0.0536803 0.301428 215 39 0
0.59625 -0.0488867 0.301095 215 39 0
0.596117 -0.044083 0.300979 216 38 0
0.596038 -0.0392764 0.301095 216 38 0
0.595963 -0.0344862 0.301474 216 38 0
0.595497 -0.0265321 0.302472 216 38 0
0.595351 -0.0215742 0.302644 216 38 0
0.595377 -0.0166116 0.302614 216 38 0
0.595303 -0.0116497 0.302621 216 38 0
0.595117 -0.00669284 0.302446 216 38 0
0.595005 -0.00174028 0.302144 216 38 0
0.595098 0.00320439 0.301718 216 38 0
0.595352 0.00813723 0.301226 216 38 0
0.595393 0.0130628 0.300613 216 38 0
0.595417 0.0179843 0.299966 216 38 0
0.595463 0.0228972 0.299258 216 38 0
0.595712 0.0278078 0.298589 216 38 0
0.596129 0.032706 0.29791 216 38 0
0.596059 0.037595 0.297086 216 38 0
0.595831 0.0428175 0.296122 216 38 0
0.595086 0.0480167 0.295431 216 38 0
0.594561 0.0532492 0.294711 216 38 0
0.593972 0.058484 0.294062 216 38 0
0.593321 0.0637182 0.293467 216 38 0
0.592699 0.0689513 0.292835 216 38 0
0.592155 0.0741866 0.292151 216 38 0
0.591629 0.0794208 0.291446 216 38 0
0.590956 0.0846176 0.290687 216 38 0
0.588969 0.0862978 0.289124 216 38 0
0.586036 0.0906769 0.287536 216 38 0
0.582717 0.0949813 0.286756 216 38 0
0.578841 0.098856 0.286419 216 38 0
0.574641 0.102422 0.286348 216 38 0
0.574234 0.102494 0.287258 216 38 0
0.519653 0.103379 0.257813 216 38 0
0.520161 0.103306 0.256955 216 38 0
0.520161 0.103306 0.256955 216 38 0
0.520636 0.10061 0.256862 216 38 0
0.520732 0.0958579 0.25692 216 38 0
0.52093 0.0911137 0.257296 216 38 0
0.521222 0.0864211 0.257989 216 38 0
0.521588 0.0810517 0.25784 216 38 0
0.522169 0.0758166 0.257204 216 38 0
0.522628 0.070555 0.256695 216 38 0
0.523065 0.0652918 0.256183 216 38 0
0.523299 0.060006 0.255784 216 38 0
0.523428 0.054705 0.255591 216 38 0
0.523509 0.0494015 0.255456 217 37 0
0.523653 0.0390816 0.255173 217 37 0
0.523886 0.0340871 0.254753 217 37 0
0.524198 0.0290869 0.254523 217 37 0
0.52449 0.024082 0.254317 217 37 0
0.52481 0.0190811 0.25406 217 37 0
0.525128 0.0140786 0.253832 217 37 0
0.525407 0.00907087 0.253683 217 37 0
0.525628 0.00405876 0.253597 217 37 0
0.525798 -0.000956067 0.253599 217 37 0
0.525928 -0.00597093 0.253707 217 37 0
0.526013 -0.0109848 0.253884 217 37 0
0.525986 -0.0160017 0.25393 217 37 0
0.525867 -0.0210133 0.254145 217 37 0
0.525661 -0.0258988 0.254496 217 37 0
0.525322 -0.0306841 0.255106 217 37 0
0.524908 -0.0354444 0.255856 217 37 0
0.524696 -0.0401818 0.256791 217 37 0
0.524584 -0.0449217 0.257747 217 37 0
0.524518 -0.0496737 0.258645 217 37 0
0.524542 -0.0544448 0.25943 217 37 0
0.524675 -0.0592442 0.26 217 37 0
0.524848 -0.0640641 0.260318 217 37 0
0.524854 -0.0689007 0.260302 217 37 0
0.524886 -0.0737368 0.260237 217 37 0
0.525068 -0.0792152 0.259909 217 37 0
0.525393 -0.084027 0.259336 217 37 0
0.525733 -0.0888361 0.258749 217 37 0
0.526182 -0.0936345 0.258152 217 37 0
0.526593 -0.098436 0.257555 217 37 0
0.526915 -0.103248 0.256985 217 37 0
0.527197 -0.108071 0.256484 217 37 0
0.52744 -0.112903 0.256063 217 37 0
0.527614 -0.117742 0.2557 217 37 0
0.527628 -0.122588 0.255404 217 37 0
0.527933 -0.130573 0.255314 217 37 0
0.527872 -0.13555 0.255277 217 37 0
0.52791 -0.140527 0.255187 217 37 0
0.527964 -0.145501 0.255282 217 37 0
0.528042 -0.15046 0.25568 217 37 0
0.527894 -0.155391 0.256332 217 37 0
0.527698 -0.160278 0.257262 217 37 0
0.527445 -0.165141 0.258298 217 37 0
0.527257 -0.170029 0.259223 217 37 0
0.527249 -0.174973 0.259789 217 37 0
0.527438 -0.17994 0.260031 218 36 0
0.527627 -0.184906 0.25983 218 36 0
0.527775 -0.18986 0.259577 218 36 0
0.52857 -0.194557 0.258175 218 36 0
0.529836 -0.199785 0.25601 218 36 0
0.530197 -0.204953 0.255356 218 36 0
0.530565 -0.210123 0.254718 218 36 0
0.530949 -0.215332 0.254676 218 36 0
0.531218 -0.220546 0.254798 218 36 0
0.531393 -0.225753 0.255139 218 36 0
0.531331 -0.230927 0.255822 218 36 0
0.53102 -0.236039 0.256843 218 36 0
0.530423 -0.241124 0.257874 218 36 0
0.529611 -0.246091 0.259256 218 36 0
0.530549 -0.240665 0.25767 218 36 0
0.530846 -0.236066 0.256724 218 36 0
0.531031 -0.231435 0.255844 218 36 0
0.531127 -0.226768 0.255188 218 36 0
0.531051 -0.22207 0.254803 218 36 0
0.530839 -0.217359 0.254645 218 36 0
0.53062 -0.212647 0.254603 218 36 0
0.530592 -0.20793 0.254646 218 36 0
0.529634 -0.200099 0.256278 218 36 0
0.528643 -0.195546 0.25805 218 36 0
0.528024 -0.190733 0.259144 218 36 0
0.527626 -0.185802 0.259756 218 36 0
0.527209 -0.180834 0.259912 218 36 0
0.526981 -0.175855 0.25973 218 36 0
0.526974 -0.170896 0.259194 218 36 0
0.527257 -0.166002 0.258289 218 36 0
0.527521 -0.161128 0.257263 218 36 0
0.527726 -0.156235 0.256316 218 36 0
0.527807 -0.151304 0.255581 218 36 0
0.527881 -0.146334 0.255234 218 36 0
0.52796 -0.141349 0.255141 218 36 0
0.527729 -0.13637 0.255238 218 36 0
0.527688 -0.131214 0.255088 218 36 0
0.527624 -0.126465 0.2553 218 36 0
0.527565 -0.121714 0.255449 218 36 0
0.527426 -0.116969 0.2557 218 36 0
0.527223 -0.112233 0.256052 218 36 0
0.526978 -0.107505 0.256472 218 36 0
0.526696 -0.102785 0.256963 218 36 0
0.526381 -0.0980752 0.257527 218 36 0
0.526036 -0.0933742 0.258144 218 36 0
0.525713 -0.0886772 0.258801 219 35 0
0.525374 -0.0839732 0.259397 219 35 0
0.525061 -0.0785078 0.259915 219 35 0
0.524983 -0.0736835 0.260066 219 35 0
0.524595 -0.0688732 0.260085 219 35 0
0.524237 -0.0640622 0.259942 219 35 0
0.524 -0.0592572 0.259572 219 35 0
0.523896 -0.0544684 0.258986 219 35 0
0.523886 -0.0496997 0.25824 219 35 0
0.524026 -0.0449495 0.25741 219 35 0
0.524484 -0.0402131 0.256599 219 35 0
0.525009 -0.0355056 0.255668 219 35 0
0.525573 -0.0271733 0.25464 219 35 0
0.525768 -0.0223216 0.254313 219 35 0
0.525927 -0.017464 0.254051 219 35 0
0.52607 -0.0126057 0.2538 219 35 0
0.526114 -0.00774228 0.253644 219 35 0
0.525946 -0.00287908 0.253544 219 35 0
0.525734 0.00198356 0.253531 219 35 0
0.525503 0.00684538 0.253541 219 35 0
0.525242 0.0117051 0.253611 219 35 0
0.524908 0.0165569 0.253808 219 35 0
0.524533 0.0214023 0.254074 219 35 0
0.524179 0.0262502 0.254327 219 35 0
0.523948 0.0311021 0.254623 219 35 0
0.523701 0.0359441 0.255049 219 35 0
0.523497 0.0414509 0.255445 219 35 0
0.5235 0.0467127 0.255434 219 35 0
0.523444 0.0519737 0.255521 219 35 0
0.523394 0.057234 0.255637 219 35 0
0.523208 0.0624837 0.255943 219 35 0
0.522933 0.0677163 0.256424 219 35 0
0.522468 0.0729309 0.256954 219 35 0
0.522 0.0781321 0.257593 219 35 0
0.521679 0.0804911 0.257921 219 35 0
0.521185 0.0855146 0.257774 219 35 0
0.52089 0.0905357 0.25736 219 35 0
0.520708 0.0955689 0.256954 219 35 0
0.520636 0.10061 0.256862 219 35 0
0.520124 0.100669 0.257719 219 35 0
0.571468 0.104526 0.288173 219 35 0
0.571861 0.104442 0.287257 219 35 0
0.572483 0.1026 0.285682 219 35 0
0.573672 0.0984407 0.283911 219 35 0
0.574736 0.0941613 0.282364 219 35 0
0.57566 0.0897674 0.281071 220 34 0
0.575849 0.0844763 0.280804 220 34 0
0.575795 0.0797164 0.28088 220 34 0
0.575657 0.0749603 0.281062 220 34 0
0.57542 0.070218 0.281397 220 34 0
0.575093 0.0654912 0.281865 220 34 0
0.574694 0.0607814 0.282434 220 34 0
0.574226 0.0560915 0.283111 220 34 0
0.573693 0.0514234 0.283884 220 34 0
0.572698 0.0414137 0.285927 220 34 0
0.572685 0.0364278 0.286853 220 34 0
0.572491 0.0313991 0.287485 220 34 0
0.572359 0.0263641 0.288088 220 34 0
0.57237 0.021308 0.288496 220 34 0
0.572488 0.0162374 0.288581 220 34 0
0.572834 0.011177 0.288516 220 34 0
0.573153 0.00612791 0.288146 220 34 0
0.573451 0.00109714 0.287566 220 34 0
0.573818 -0.0039185 0.286902 220 34 0
0.574289 -0.00892331 0.286222 220 34 0
0.574858 -0.0138687 0.285248 220 34 0
0.575465 -0.0188236 0.284359 220 34 0
0.575699 -0.0264411 0.283789 220 34 0
0.575395 -0.0314321 0.284561 220 34 0
0.575379 -0.0363903 0.285556 220 34 0
0.575217 -0.0413583 0.286497 220 34 0
0.574994 -0.0463086 0.287523 220 34 0
0.574777 -0.0512757 0.288465 220 34 0
0.574599 -0.0562698 0.289255 220 34 0
0.574534 -0.0612905 0.289877 220 34 0
0.574358 -0.066316 0.290411 220 34 0
0.574255 -0.0713704 0.290559 220 34 0
0.574491 -0.0771573 0.290248 220 34 0
0.575012 -0.0820278 0.289471 220 34 0
0.575497 -0.0869237 0.288847 220 34 0
0.57612 -0.0918243 0.288405 220 34 0
0.576734 -0.0967292 0.288 220 34 0
0.577271 -0.101651 0.287701 220 34 0
0.577758 -0.106582 0.2875 220 34 0
0.578226 -0.111517 0.287331 220 34 0
0.578603 -0.116441 0.286874 220 34 0
0.578956 -0.121368 0.286427 220 34 0
0.579658 -0.129103 0.285446 220 34 0
0.579938 -0.133993 0.285045 220 34 0
0.58017 -0.138891 0.284713 220 34 0
0.580318 -0.143797 0.284499 221 33 0
0.58023 -0.148702 0.284612 221 33 0
0.579838 -0.153569 0.285168 221 33 0
0.579417 -0.158408 0.285918 221 33 0
0.578932 -0.163223 0.286777 221 33 0
0.578467 -0.168049 0.287585 221 33 0
0.577958 -0.172881 0.288328 221 33 0
0.577524 -0.177735 0.288963 221 33 0
0.577228 -0.182622 0.289373 221 33 0
0.577122 -0.187526 0.289616 221 33 0
0.577211 -0.192422 0.289201 221 33 0
0.577361 -0.197486 0.28858 221 33 0
0.577771 -0.202207 0.28863 221 33 0
0.578335 -0.206925 0.288567 221 33 0
0.578878 -0.211646 0.288476 221 33 0
0.579455 -0.216363 0.288362 221 33 0
0.580059 -0.221075 0.288195 221 33 0
0.58055 -0.225796 0.287981 221 33 0
0.580823 -0.230536 0.287771 221 33 0
0.580883 -0.235285 0.287686 221 33 0
0.580783 -0.240035 0.287839 221 33 0
0.580696 -0.244778 0.288109 221 33 0
0.580839 -0.238887 0.287499 221 33 0
0.580776 -0.234133 0.287589 221 33 0
0.580643 -0.229383 0.287785 221 33 0
0.580437 -0.224639 0.288054 221 33 0
0.580039 -0.219908 0.288294 221 33 0
0.579493 -0.215185 0.288455 221 33 0
0.578938 -0.210463 0.288585 221 33 0
0.578304 -0.205752 0.288579 221 33 0
0.57741 -0.197926 0.288702 221 33 0
0.577269 -0.193055 0.289243 221 33 0
0.577188 -0.188161 0.289472 221 33 0
0.577178 -0.18326 0.289446 221 33 0
0.577408 -0.178375 0.289148 221 33 0
0.577833 -0.173531 0.288524 221 33 0
0.578344 -0.168711 0.287789 221 33 0
0.578808 -0.163897 0.286983 221 33 0
0.579291 -0.159093 0.286131 221 33 0
0.579716 -0.154268 0.285372 221 33 0
0.58011 -0.149416 0.284797 221 33 0
0.580286 -0.144529 0.284551 221 33 0
0.580297 -0.139627 0.284532 221 33 0
0.580069 -0.13474 0.284859 221 33 0
0.579745 -0.12987 0.285288 221 33 0
0.57928 -0.124763 0.285937 222 32 0
0.578868 -0.119643 0.286515 222 32 0
0.578462 -0.114521 0.287074 222 32 0
0.57794 -0.109383 0.287301 222 32 0
0.577436 -0.104241 0.287472 222 32 0
0.576911 -0.0991056 0.287749 222 32 0
0.576301 -0.0939867 0.288133 222 32 0
0.575647 -0.0888781 0.288573 222 32 0
0.575134 -0.0837944 0.289344 222 32 0
0.574626 -0.0790711 0.290031 222 32 0
0.574436 -0.0739865 0.290309 222 32 0
0.574266 -0.0688993 0.29055 222 32 0
0.574348 -0.0638065 0.290427 222 32 0
0.574615 -0.0587341 0.29003 222 32 0
0.574666 -0.0537124 0.289168 222 32 0
0.574875 -0.0487231 0.288154 222 32 0
0.575149 -0.0437729 0.286977 222 32 0
0.575309 -0.0388212 0.285786 222 32 0
0.575512 -0.0338813 0.284626 222 32 0
0.575697 -0.0258999 0.283788 222 32 0
0.575443 -0.0210337 0.284458 222 32 0
0.575013 -0.016181 0.285138 222 32 0
0.574628 -0.0113144 0.285742 222 32 0
0.574171 -0.00648423 0.286561 222 32 0
0.573663 -0.00167274 0.287456 222 32 0
0.573256 0.00317025 0.288225 222 32 0
0.572921 0.00805551 0.288704 222 32 0
0.572702 0.0129614 0.289003 222 32 0
0.572574 0.0178786 0.28908 222 32 0
0.57246 0.0227882 0.288832 222 32 0
0.572498 0.0276729 0.288268 222 32 0
0.572632 0.0325508 0.287637 222 32 0
0.572669 0.0374075 0.286853 222 32 0
0.57241 0.0420788 0.285655 222 32 0
0.573048 0.0471436 0.284729 222 32 0
0.573719 0.0521997 0.283781 222 32 0
0.574318 0.0572781 0.282907 222 32 0
0.574838 0.0623889 0.282185 222 32 0
0.575283 0.0675223 0.281583 222 32 0
0.575599 0.0726804 0.281128 222 32 0
0.575789 0.0778581 0.280876 222 32 0
0.575886 0.0830423 0.280738 222 32 0
0.575892 0.0857776 0.28072 222 32 0
0.575213 0.0911663 0.281743 222 32 0
0.574196 0.0963888 0.28324 222 32 0
0.572878 0.101404 0.285155 223 31 0
0.572481 0.101501 0.286067 223 31 0
0.519653 0.103379 0.257813 223 31 0
0.520161 0.103306 0.256955 223 31 0
0.518367 0.101516 0.255754 223 31 0
0.515037 0.0985328 0.253645 223 31 0
0.511687 0.0955667 0.251549 223 31 0
0.508218 0.0927596 0.249414 223 31 0
0.504705 0.089976 0.247322 223 31 0
0.501192 0.087131 0.245322 223 31 0
0.501118 0.0822186 0.245437 223 31 0
0.501158 0.0770534 0.245369 223 31 0
0.500816 0.0719048 0.245137 223 31 0
0.500485 0.0667573 0.244856 223 31 0
0.50012 0.0616094 0.244632 223 31 0
0.499685 0.056463 0.244531 223 31 0
0.4992 0.0513202 0.244496 223 31 0
0.499052 0.0461632 0.244742 223 31 0
0.499166 0.0384977 0.244905 223 31 0
0.500102 0.0334381 0.244512 223 31 0
0.500815 0.0283681 0.243862 223 31 0
0.501477 0.0232881 0.243229 223 31 0
0.502133 0.018219 0.242508 223 31 0
0.502763 0.0131423 0.241819 223 31 0
0.50338 0.00804617 0.241282 223 31 0
0.503922 0.00292684 0.240906 223 31 0
0.504358 -0.00221148 0.240738 223 31 0
0.504636 -0.00736073 0.240886 223 31 0
0.504767 -0.0125016 0.241321 223 31 0
0.504943 -0.0176289 0.241881 223 31 0
0.505018 -0.0227334 0.242551 223 31 0
0.504545 -0.0280244 0.243466 223 31 0
0.504171 -0.0327884 0.244181 223 31 0
0.503769 -0.0375399 0.244961 223 31 0
0.503405 -0.0423053 0.24567 223 31 0
0.503031 -0.0470937 0.246185 223 31 0
0.502769 -0.0519028 0.246554 223 31 0
0.502593 -0.0567262 0.246716 223 31 0
0.502512 -0.0615559 0.246693 223 31 0
0.502583 -0.0663846 0.246568 223 31 0
0.502751 -0.0712059 0.246307 223 31 0
0.502899 -0.0760268 0.246059 223 31 0
0.503359 -0.081283 0.245734 223 31 0
0.50352 -0.0861584 0.245421 223 31 0
0.503656 -0.0910387 0.245161 223 31 0
0.503779 -0.0959223 0.244967 224 30 0
0.503861 -0.100809 0.244852 224 30 0
0.503919 -0.105697 0.244762 224 30 0
0.503986 -0.110584 0.244645 224 30 0
0.504066 -0.11547 0.244486 224 30 0
0.504133 -0.120356 0.244322 224 30 0
0.504224 -0.12524 0.244101 224 30 0
0.504137 -0.133063 0.244263 224 30 0
0.504333 -0.13798 0.244138 224 30 0
0.504741 -0.142884 0.24425 224 30 0
0.504966 -0.1478 0.244441 224 30 0
0.505185 -0.152715 0.244659 224 30 0
0.505443 -0.157631 0.244798 224 30 0
0.505733 -0.162546 0.244861 224 30 0
0.506063 -0.16746 0.2449 224 30 0
0.50648 -0.172367 0.24491 224 30 0
0.506665 -0.177278 0.244584 224 30 0
0.507083 -0.182178 0.244332 224 30 0
0.507459 -0.187081 0.244064 224 30 0
0.507942 -0.191961 0.243637 224 30 0
0.508577 -0.196827 0.243222 224 30 0
0.508127 -0.201998 0.242922 224 30 0
0.507819 -0.207022 0.242897 224 30 0
0.507068 -0.21199 0.242597 224 30 0
0.506602 -0.216999 0.242414 224 30 0
0.506228 -0.222015 0.242209 224 30 0
0.505822 -0.227028 0.241993 224 30 0
0.505029 -0.231985 0.24162 224 30 0
0.504609 -0.236998 0.241435 224 30 0
0.50427 -0.242014 0.241169 224 30 0
0.503524 -0.246968 0.240704 224 30 0
0.504088 -0.24157 0.24122 224 30 0
0.504602 -0.236263 0.241432 224 30 0
0.505379 -0.230998 0.24182 224 30 0
0.506152 -0.225731 0.242192 224 30 0
0.506778 -0.220446 0.242581 224 30 0
0.507475 -0.215169 0.242963 224 30 0
0.508144 -0.209903 0.243414 224 30 0
0.508124 -0.202458 0.242923 224 30 0
0.507795 -0.197539 0.243051 224 30 0
0.507413 -0.192634 0.243459 224 30 0
0.507071 -0.187713 0.243702 224 30 0
0.506727 -0.182795 0.24399 224 30 0
0.506523 -0.177877 0.244384 224 30 0
0.506337 -0.172952 0.244711 224 30 0
0.50608 -0.168023 0.244872 225 29 0
0.505769 -0.163095 0.244866 225 29 0
0.505474 -0.158166 0.244805 225 29 0
0.505212 -0.153236 0.244676 225 29 0
0.504988 -0.148307 0.244466 225 29 0
0.504679 -0.143386 0.244203 225 29 0
0.504148 -0.13848 0.244253 225 29 0
0.504171 -0.133185 0.244199 225 29 0
0.504147 -0.127947 0.244248 225 29 0
0.504131 -0.122709 0.244274 225 29 0
0.504089 -0.117472 0.244416 225 29 0
0.504003 -0.112238 0.244613 225 29 0
0.503934 -0.107001 0.244747 225 29 0
0.503882 -0.101763 0.244828 225 29 0
0.503819 -0.0965256 0.244912 225 29 0
0.503686 -0.091292 0.245102 225 29 0
0.503573 -0.0860572 0.24526 225 29 0
0.503359 -0.081283 0.245734 225 29 0
0.503038 -0.076246 0.245989 225 29 0
0.502733 -0.0712043 0.246286 225 29 0
0.502572 -0.0661575 0.246605 225 29 0
0.502374 -0.0611023 0.246678 225 29 0
0.502537 -0.0560457 0.246715 225 29 0
0.502682 -0.0509953 0.246447 225 29 0
0.503057 -0.045965 0.246057 225 29 0
0.503388 -0.0409582 0.245408 225 29 0
0.503918 -0.0359788 0.244694 225 29 0
0.504554 -0.0283234 0.243451 225 29 0
0.504649 -0.0232126 0.242531 225 29 0
0.504533 -0.0180557 0.241826 225 29 0
0.504506 -0.0128864 0.241201 225 29 0
0.504383 -0.00770137 0.240747 225 29 0
0.504113 -0.00250699 0.240577 225 29 0
0.50368 0.00267768 0.24073 225 29 0
0.503132 0.00784136 0.241114 225 29 0
0.502509 0.0129821 0.241658 225 29 0
0.501872 0.0181038 0.24235 225 29 0
0.501212 0.0232176 0.243078 225 29 0
0.500447 0.028309 0.243854 225 29 0
0.499373 0.0333612 0.244499 225 29 0
0.49896 0.0381388 0.244933 225 29 0
0.499074 0.0433754 0.244708 225 29 0
0.499102 0.0486161 0.244563 225 29 0
0.499249 0.0538538 0.244384 225 29 0
0.499337 0.0590932 0.244218 225 29 0
0.499365 0.0643357 0.24417 226 28 0
0.499336 0.0695781 0.244221 226 28 0
0.499309 0.0748207 0.244267 226 28 0
0.499255 0.0800624 0.244356 226 28 0
0.501062 0.0813811 0.245526 226 28 0
0.503931 0.0847969 0.247135 226 28 0
0.506843 0.0881544 0.248793 226 28 0
0.50975 0.0915121 0.250459 226 28 0
0.51263 0.0948699 0.25217 226 28 0
0.515549 0.0981456 0.25397 226 28 0
0.518367 0.101516 0.255754 226 28 0
0.517854 0.101568 0.256611 226 28 0
0.571468 0.104526 0.288173 226 28 0
0.571861 0.104442 0.287257 226 28 0
0.574641 0.102422 0.286348 226 28 0
0.578434 0.0998833 0.286663 226 28 0
0.582192 0.0973271 0.287203 226 28 0
0.585676 0.0944677 0.288007 226 28 0
0.589141 0.091646 0.288997 226 28 0
0.590074 0.0867277 0.289907 226 28 0
0.590728 0.08156 0.290766 226 28 0
0.591515 0.0764023 0.291594 226 28 0
0.592393 0.0712741 0.29251 226 28 0
0.593353 0.0661538 0.293386 226 28 0
0.594398 0.0610492 0.294257 226 28 0
0.595354 0.0559194 0.295081 226 28 0
0.596081 0.0507544 0.295852 226 28 0
0.596381 0.0429606 0.296644 226 28 0
0.596002 0.0380448 0.297155 226 28 0
0.59579 0.0331387 0.29781 226 28 0
0.595462 0.0282287 0.298403 226 28 0
0.595132 0.023324 0.299038 226 28 0
0.594835 0.0184144 0.299639 226 28 0
0.594811 0.0135004 0.300288 226 28 0
0.594776 0.0085821 0.300903 226 28 0
0.59478 0.00366391 0.301519 226 28 0
0.594701 -0.00127148 0.301966 226 28 0
0.59479 -0.00621594 0.302282 226 28 0
0.59497 -0.0111652 0.302471 226 28 0
0.59525 -0.0161019 0.302765 226 28 0
0.595196 -0.0210557 0.302865 226 28 0
0.595438 -0.0260652 0.302551 226 28 0
0.595769 -0.0312356 0.301908 226 28 0
0.596363 -0.0364125 0.301575 226 28 0
0.596861 -0.041609 0.30142 226 28 0
0.59718 -0.0468216 0.301473 227 27 0
0.597299 -0.0520352 0.301758 227 27 0
0.597438 -0.0572326 0.302247 227 27 0
0.597209 -0.0624426 0.30253 227 27 0
0.596987 -0.0676528 0.302815 227 27 0
0.596857 -0.0728699 0.302994 227 27 0
0.596771 -0.0783645 0.303188 227 27 0
0.596762 -0.0832622 0.303206 227 27 0
0.597031 -0.0881456 0.303453 227 27 0
0.597311 -0.0930291 0.303703 227 27 0
0.597647 -0.0979114 0.303896 227 27 0
0.598077 -0.102789 0.303948 227 27 0
0.598603 -0.107657 0.303859 227 27 0
0.599117 -0.11251 0.303531 227 27 0
0.599483 -0.11735 0.302874 227 27 0
0.600019 -0.122148 0.302065 227 27 0
0.60082 -0.130181 0.300544 227 27 0
0.601026 -0.134995 0.300178 227 27 0
0.601264 -0.139803 0.299764 227 27 0
0.601475 -0.144612 0.299367 227 27 0
0.60157 -0.14944 0.299226 227 27 0
0.601494 -0.15427 0.299309 227 27 0
0.601358 -0.159097 0.299482 227 27 0
0.601264 -0.163927 0.299598 227 27 0
0.6012 -0.168758 0.299672 227 27 0
0.601181 -0.17359 0.299685 227 27 0
0.601269 -0.17842 0.2996 227 27 0
0.601497 -0.18324 0.299364 227 27 0
0.601784 -0.188052 0.29904 227 27 0
0.602346 -0.1928 0.298351 227 27 0
0.60294 -0.197694 0.297623 227 27 0
0.60304 -0.202938 0.297832 227 27 0
0.603312 -0.208191 0.297911 227 27 0
0.603444 -0.213443 0.298193 227 27 0
0.603535 -0.218696 0.298449 227 27 0
0.603846 -0.223946 0.298562 227 27 0
0.603942 -0.229205 0.298474 227 27 0
0.603962 -0.234465 0.298452 227 27 0
0.603947 -0.239718 0.298738 227 27 0
0.603918 -0.244973 0.298929 227 27 0
0.604103 -0.239787 0.298332 227 27 0
0.603981 -0.235046 0.298431 227 27 0
0.603947 -0.230304 0.298471 227 27 0
0.603884 -0.225562 0.298532 227 27 0
0.603713 -0.220824 0.298509 227 27 0
0.603508 -0.216089 0.298342 228 26 0
0.603441 -0.211352 0.298113 228 26 0
0.603273 -0.206625 0.297775 228 26 0
0.602721 -0.198303 0.297765 228 26 0
0.602166 -0.193522 0.298473 228 26 0
0.601788 -0.188702 0.298985 228 26 0
0.601532 -0.183857 0.299326 228 26 0
0.601283 -0.179007 0.299587 228 26 0
0.60118 -0.174145 0.299685 228 26 0
0.601193 -0.169281 0.29968 228 26 0
0.601255 -0.164417 0.299609 228 26 0
0.601349 -0.159555 0.299493 228 26 0
0.601482 -0.154696 0.299324 228 26 0
0.601564 -0.149833 0.299232 228 26 0
0.601485 -0.144973 0.299353 228 26 0
0.601314 -0.140119 0.299605 228 26 0
0.601113 -0.135266 0.299867 228 26 0
0.600755 -0.129817 0.300316 228 26 0
0.600238 -0.124698 0.301457 228 26 0
0.59965 -0.119551 0.30243 228 26 0
0.599103 -0.114384 0.303316 228 26 0
0.598458 -0.109168 0.303706 228 26 0
0.597825 -0.103936 0.303825 228 26 0
0.597352 -0.0986867 0.303765 228 26 0
0.597017 -0.0934311 0.303539 228 26 0
0.596726 -0.0881748 0.30328 228 26 0
0.596716 -0.082904 0.303313 228 26 0
0.596772 -0.0776462 0.303188 228 26 0
0.596842 -0.0728405 0.303032 228 26 0
0.596766 -0.0680417 0.302743 228 26 0
0.596651 -0.0632533 0.302319 228 26 0
0.596536 -0.0584674 0.301865 228 26 0
0.596404 -0.0536803 0.301428 228 26 0
0.59625 -0.0488867 0.301095 228 26 0
0.596117 -0.044083 0.300979 228 26 0
0.596038 -0.0392764 0.301095 228 26 0
0.595963 -0.0344862 0.301474 228 26 0
0.595497 -0.0265321 0.302472 228 26 0
0.595351 -0.0215742 0.302644 228 26 0
0.595377 -0.0166116 0.302614 228 26 0
0.595303 -0.0116497 0.302621 228 26 0
0.595117 -0.00669284 0.302446 228 26 0
0.595005 -0.00174028 0.302144 228 26 0
0.595098 0.00320439 0.301718 228 26 0
0.595352 0.00813723 0.301226 228 26 0
0.595393 0.0130628 0.300613 229 25 0
0.595417 0.0179843 0.299966 229 25 0
0.595463 0.0228972 0.299258 229 25 0
0.595712 0.0278078 0.298589 229 25 0
0.596129 0.032706 0.29791 229 25 0
0.596059 0.037595 0.297086 229 25 0
0.595831 0.0428175 0.296122 229 25 0
0.595086 0.0480167 0.295431 229 25 0
0.594561 0.0532492 0.294711 229 25 0
0.593972 0.058484 0.294062 229 25 0
0.593321 0.0637182 0.293467 229 25 0
0.592699 0.0689513 0.292835 229 25 0
0.592155 0.0741866 0.292151 229 25 0
0.591629 0.0794208 0.291446 229 25 0
0.590956 0.0846176 0.290687 229 25 0
0.588969 0.0862978 0.289124 229 25 0
0.586036 0.0906769 0.287536 229 25 0
0.582717 0.0949813 0.286756 229 25 0
0.578841 0.098856 0.286419 229 25 0
0.574641 0.102422 0.286348 229 25 0
0.574234 0.102494 0.287258 229 25 0
0.519653 0.103379 0.257813 229 25 0
0.520161 0.103306 0.256955 229 25 0
0.520161 0.103306 0.256955 229 25 0
0.520636 0.10061 0.256862 229 25 0
0.520732 0.0958579 0.25692 229 25 0
0.52093 0.0911137 0.257296 229 25 0
0.521222 0.0864211 0.257989 229 25 0
0.521588 0.0810517 0.25784 229 25 0
0.522169 0.0758166 0.257204 229 25 0
0.522628 0.070555 0.256695 229 25 0
0.523065 0.0652918 0.256183 229 25 0
0.523299 0.060006 0.255784 229 25 0
0.523428 0.054705 0.255591 229 25 0
0.523509 0.0494015 0.255456 229 25 0
0.523653 0.0390816 0.255173 229 25 0
0.523886 0.0340871 0.254753 229 25 0
0.524198 0.0290869 0.254523 229 25 0
0.52449 0.024082 0.254317 229 25 0
0.52481 0.0190811 0.25406 229 25 0
0.525128 0.0140786 0.253832 229 25 0
0.525407 0.00907087 0.253683 229 25 0
0.525628 0.00405876 0.253597 229 25 0
0.525798 -0.000956067 0.253599 229 25 0
0.525928 -0.00597093 0.253707 229 25 0
0.526013 -0.0109848 0.253884 230 24 0
0.525986 -0.0160017 0.25393 230 24 0
0.525867 -0.0210133 0.254145 230 24 0
0.525661 -0.0258988 0.254496 230 24 0
0.525322 -0.0306841 0.255106 230 24 0
0.524908 -0.0354444 0.255856 230 24 0
0.524696 -0.0401818 0.256791 230 24 0
0.524584 -0.0449217 0.257747 230 24 0
0.524518 -0.0496737 0.258645 230 24 0
0.524542 -0.0544448 0.25943 230 24 0
0.524675 -0.0592442 0.26 230 24 0
0.524848 -0.0640641 0.260318 230 24 0
0.524854 -0.0689007 0.260302 230 24 0
0.524886 -0.0737368 0.260237 230 24 0
0.525068 -0.0792152 0.259909 230 24 0
0.525393 -0.084027 0.259336 230 24 0
0.525733 -0.0888361 0.258749 230 24 0
0.526182 -0.0936345 0.258152 230 24 0
0.526593 -0.098436 0.257555 230 24 0
0.526915 -0.103248 0.256985 230 24 0
0.527197 -0.108071 0.256484 230 24 0
0.52744 -0.112903 0.256063 230 24 0
0.527614 -0.117742 0.2557 230 24 0
0.527628 -0.122588 0.255404 230 24 0
0.527933 -0.130573 0.255314 230 24 0
0.527872 -0.13555 0.255277 230 24 0
0.52791 -0.140527 0.255187 230 24 0
0.527964 -0.145501 0.255282 230 24 0
0.528042 -0.15046 0.25568 230 24 0
0.527894 -0.155391 0.256332 230 24 0
0.527698 -0.160278 0.257262 230 24 0
0.527445 -0.165141 0.258298 230 24 0
0.527257 -0.170029 0.259223 230 24 0
0.527249 -0.174973 0.259789 230 24 0
0.527438 -0.17994 0.260031 230 24 0
0.527627 -0.184906 0.25983 230 24 0
0.527775 -0.18986 0.259577 230 24 0
0.52857 -0.194557 0.258175 230 24 0
0.529836 -0.199785 0.25601 230 24 0
0.530197 -0.204953 0.255356 230 24 0
0.530565 -0.210123 0.254718 230 24 0
0.530949 -0.215332 0.254676 230 24 0
0.531218 -0.220546 0.254798 230 24 0
0.531393 -0.225753 0.255139 230 24 0
0.531331 -0.230927 0.255822 230 24 0
0.53102 -0.236039 0.256843 231 23 0
0.530423 -0.241124 0.257874 231 23 0
0.529611 -0.246091 0.259256 231 23 0
0.530549 -0.240665 0.25767 231 23 0
0.530846 -0.236066 0.256724 231 23 0
0.531031 -0.231435 0.255844 231 23 0
0.531127 -0.226768 0.255188 231 23 0
0.531051 -0.22207 0.254803 231 23 0
0.530839 -0.217359 0.254645 231 23 0
0.53062 -0.212647 0.254603 231 23 0
0.530592 -0.20793 0.254646 231 23 0
0.529634 -0.200099 0.256278 231 23 0
0.528643 -0.195546 0.25805 231 23 0
0.528024 -0.190733 0.259144 231 23 0
0.527626 -0.185802 0.259756 231 23 0
0.527209 -0.180834 0.259912 231 23 0
0.526981 -0.175855 0.25973 231 23 0
0.526974 -0.170896 0.259194 231 23 0
0.527257 -0.166002 0.258289 231 23 0
0.527521 -0.161128 0.257263 231 23 0
0.527726 -0.156235 0.256316 231 23 0
0.527807 -0.151304 0.255581 231 23 0
0.527881 -0.146334 0.255234 231 23 0
0.52796 -0.141349 0.255141 231 23 0
0.527729 -0.13637 0.255238 231 23 0
0.527688 -0.131214 0.255088 231 23 0
0.527624 -0.126465 0.2553 231 23 0
0.527565 -0.121714 0.255449 231 23 0
0.527426 -0.116969 0.2557 231 23 0
0.527223 -0.112233 0.256052 231 23 0
0.526978 -0.107505 0.256472 231 23 0
0.526696 -0.102785 0.256963 231 23 0
0.526381 -0.0980752 0.257527 231 23 0
0.526036 -0.0933742 0.258144 231 23 0
0.525713 -0.0886772 0.258801 231 23 0
0.525374 -0.0839732 0.259397 231 23 0
0.525061 -0.0785078 0.259915 231 23 0
0.524983 -0.0736835 0.260066 231 23 0
0.524595 -0.0688732 0.260085 231 23 0
0.524237 -0.0640622 0.259942 231 23 0
0.524 -0.0592572 0.259572 231 23 0
0.523896 -0.0544684 0.258986 231 23 0
0.523886 -0.0496997 0.25824 231 23 0
0.524026 -0.0449495 0.25741 231 23 0
0.524484 -0.0402131 0.256599 231 23 0
0.525009 -0.0355056 0.255668 232 22 0
0.525573 -0.0271733 0.25464 232 22 0
0.525768 -0.0223216 0.254313 232 22 0
0.525927 -0.017464 0.254051 232 22 0
0.52607 -0.0126057 0.2538 232 22 0
0.526114 -0.00774228 0.253644 232 22 0
0.525946 -0.00287908 0.253544 232 22 0
0.525734 0.00198356 0.253531 232 22 0
0.525503 0.00684538 0.253541 232 22 0
0.525242 0.0117051 0.253611 232 22 0
0.524908 0.0165569 0.253808 232 22 0
0.524533 0.0214023 0.254074 232 22 0
0.524179 0.0262502 0.254327 232 22 0
0.523948 0.0311021 0.254623 232 22 0
0.523701 0.0359441 0.255049 232 22 0
0.523497 0.0414509 0.255445 232 22 0
0.5235 0.0467127 0.255434 232 22 0
0.523444 0.0519737 0.255521 232 22 0
0.523394 0.057234 0.255637 232 22 0
0.523208 0.0624837 0.255943 232 22 0
0.522933 0.0677163 0.256424 232 22 0
0.522468 0.0729309 0.256954 232 22 0
0.522 0.0781321 0.257593 232 22 0
0.521679 0.0804911 0.257921 232 22 0
0.521185 0.0855146 0.257774 232 22 0
0.52089 0.0905357 0.25736 232 22 0
0.520708 0.0955689 0.256954 232 22 0
0.520636 0.10061 0.256862 232 22 0
0.520124 0.100669 0.257719 232 22 0
0.571468 0.104526 0.288173 232 22 0
0.571861 0.104442 0.287257 232 22 0
0.572483 0.1026 0.285682 232 22 0
0.573672 0.0984407 0.283911 232 22 0
0.574736 0.0941613 0.282364 232 22 0
0.57566 0.0897674 0.281071 232 22 0
0.575849 0.0844763 0.280804 232 22 0
0.575795 0.0797164 0.28088 232 22 0
0.575657 0.0749603 0.281062 232 22 0
0.57542 0.070218 0.281397 232 22 0
0.575093 0.0654912 0.281865 232 22 0
0.574694 0.0607814 0.282434 232 22 0
0.574226 0.0560915 0.283111 232 22 0
0.573693 0.0514234 0.283884 232 22 0
0.572698 0.0414137 0.285927 232 22 0
0.572685 0.0364278 0.286853 232 22 0
0.572491 0.0313991 0.287485 233 21 0
0.572359 0.0263641 0.288088 233 21 0
0.57237 0.021308 0.288496 233 21 0
0.572488 0.0162374 0.288581 233 21 0
0.572834 0.011177 0.288516 233 21 0
0.573153 0.00612791 0.288146 233 21 0
0.573451 0.00109714 0.287566 233 21 0
0.573818 -0.0039185 0.286902 233 21 0
0.574289 -0.00892331 0.286222 233 21 0
0.574858 -0.0138687 0.285248 233 21 0
0.575465 -0.0188236 0.284359 233 21 0
0.575699 -0.0264411 0.283789 233 21 0
0.575395 -0.0314321 0.284561 233 21 0
0.575379 -0.0363903 0.285556 233 21 0
0.575217 -0.0413583 0.286497 233 21 0
0.574994 -0.0463086 0.287523 233 21 0
0.574777 -0.0512757 0.288465 233 21 0
0.574599 -0.0562698 0.289255 233 21 0
0.574534 -0.0612905 0.289877 233 21 0
0.574358 -0.066316 0.290411 233 21 0
0.574255 -0.0713704 0.290559 233 21 0
0.574491 -0.0771573 0.290248 233 21 0
0.575012 -0.0820278 0.289471 233 21 0
0.575497 -0.0869237 0.288847 233 21 0
0.57612 -0.0918243 0.288405 233 21 0
0.576734 -0.0967292 0.288 233 21 0
0.577271 -0.101651 0.287701 233 21 0
0.577758 -0.106582 0.2875 233 21 0
0.578226 -0.111517 0.287331 233 21 0
0.578603 -0.116441 0.286874 233 21 0
0.578956 -0.121368 0.286427 233 21 0
0.579658 -0.129103 0.285446 233 21 0
0.579938 -0.133993 0.285045 233 21 0
0.58017 -0.138891 0.284713 233 21 0
0.580318 -0.143797 0.284499 233 21 0
0.58023 -0.148702 0.284612 233 21 0
0.579838 -0.153569 0.285168 233 21 0
0.579417 -0.158408 0.285918 233 21 0
0.578932 -0.163223 0.286777 233 21 0
0.578467 -0.168049 0.287585 233 21 0
0.577958 -0.172881 0.288328 233 21 0
0.577524 -0.177735 0.288963 233 21 0
0.577228 -0.182622 0.289373 233 21 0
0.577122 -0.187526 0.289616 233 21 0
0.577211 -0.192422 0.289201 233 21 0
0.577361 -0.197486 0.28858 234 20 0
0.577771 -0.202207 0.28863 234 20 0
0.578335 -0.206925 0.288567 234 20 0
0.578878 -0.211646 0.288476 234 20 0
0.579455 -0.216363 0.288362 234 20 0
0.580059 -0.221075 0.288195 234 20 0
0.58055 -0.225796 0.287981 234 20 0
0.580823 -0.230536 0.287771 234 20 0
0.580883 -0.235285 0.287686 234 20 0
0.580783 -0.240035 0.287839 234 20 0
0.580696 -0.244778 0.288109 234 20 0
0.580839 -0.238887 0.287499 234 20 0
0.580776 -0.234133 0.287589 234 20 0
0.580643 -0.229383 0.287785 234 20 0
0.580437 -0.224639 0.288054 234 20 0
0.580039 -0.219908 0.288294 234 20 0
0.579493 -0.215185 0.288455 234 20 0
0.578938 -0.210463 0.288585 234 20 0
0.578304 -0.205752 0.288579 234 20 0
0.57741 -0.197926 0.288702 234 20 0
0.577269 -0.193055 0.289243 234 20 0
0.577188 -0.188161 0.289472 234 20 0
0.577178 -0.18326 0.289446 234 20 0
0.577408 -0.178375 0.289148 234 20 0
0.577833 -0.173531 0.288524 234 20 0
0.578344 -0.168711 0.287789 234 20 0
0.578808 -0.163897 0.286983 234 20 0
0.579291 -0.159093 0.286131 234 20 0
0.579716 -0.154268 0.285372 234 20 0
0.58011 -0.149416 0.284797 234 20 0
0.580286 -0.144529 0.284551 234 20 0
0.580297 -0.139627 0.284532 234 20 0
0.580069 -0.13474 0.284859 234 20 0
0.579745 -0.12987 0.285288 234 20 0
0.57928 -0.124763 0.285937 234 20 0
0.578868 -0.119643 0.286515 234 20 0
0.578462 -0.114521 0.287074 234 20 0
0.57794 -0.109383 0.287301 234 20 0
0.577436 -0.104241 0.287472 234 20 0
0.576911 -0.0991056 0.287749 234 20 0
0.576301 -0.0939867 0.288133 234 20 0
0.575647 -0.0888781 0.288573 234 20 0
0.575134 -0.0837944 0.289344 234 20 0
0.574626 -0.0790711 0.290031 234 20 0
0.574436 -0.0739865 0.290309 234 20 0
0.574266 -0.0688993 0.29055 235 19 0
0.574348 -0.0638065 0.290427 235 19 0
0.574615 -0.0587341 0.29003 235 19 0
0.574666 -0.0537124 0.289168 235 19 0
0.574875 -0.0487231 0.288154 235 19 0
0.575149 -0.0437729 0.286977 235 19 0
0.575309 -0.0388212 0.285786 235 19 0
0.575512 -0.0338813 0.284626 235 19 0
0.575697 -0.0258999 0.283788 235 19 0
0.575443 -0.0210337 0.284458 235 19 0
0.575013 -0.016181 0.285138 235 19 0
0.574628 -0.0113144 0.285742 235 19 0
0.574171 -0.00648423 0.286561 235 19 0
0.573663 -0.00167274 0.287456 235 19 0
0.573256 0.00317025 0.288225 235 19 0
0.572921 0.00805551 0.288704 235 19 0
0.572702 0.0129614 0.289003 235 19 0
0.572574 0.0178786 0.28908 235 19 0
0.57246 0.0227882 0.288832 235 19 0
0.572498 0.0276729 0.288268 235 19 0
0.572632 0.0325508 0.287637 235 19 0
0.572669 0.0374075 0.286853 235 19 0
0.57241 0.0420788 0.285655 235 19 0
0.573048 0.0471436 0.284729 235 19 0
0.573719 0.0521997 0.283781 235 19 0
0.574318 0.0572781 0.282907 235 19 0
0.574838 0.0623889 0.282185 235 19 0
0.575283 0.0675223 0.281583 235 19 0
0.575599 0.0726804 0.281128 235 19 0
0.575789 0.0778581 0.280876 235 19 0
0.575886 0.0830423 0.280738 235 19 0
0.575892 0.0857776 0.28072 235 19 0
0.575213 0.0911663 0.281743 235 19 0
0.574196 0.0963888 0.28324 235 19 0
0.572878 0.101404 0.285155 235 19 0
0.572481 0.101501 0.286067 235 19 0
0.519653 0.103379 0.257813 235 19 0
0.520161 0.103306 0.256955 235 19 0
0.518367 0.101516 0.255754 235 19 0
0.515037 0.0985328 0.253645 235 19 0
0.511687 0.0955667 0.251549 235 19 0
0.508218 0.0927596 0.249414 235 19 0
0.504705 0.089976 0.247322 235 19 0
0.501192 0.087131 0.245322 235 19 0
0.501118 0.0822186 0.245437 235 19 0
0.501158 0.0770534 0.245369 236 18 0
0.500816 0.0719048 0.245137 236 18 0
0.500485 0.0667573 0.244856 236 18 0
0.50012 0.0616094 0.244632 236 18 0
0.499685 0.056463 0.244531 236 18 0
0.4992 0.0513202 0.244496 236 18 0
0.499052 0.0461632 0.244742 236 18 0
0.499166 0.0384977 0.244905 236 18 0
0.500102 0.0334381 0.244512 236 18 0
0.500815 0.0283681 0.243862 236 18 0
0.501477 0.0232881 0.243229 236 18 0
0.502133 0.018219 0.242508 236 18 0
0.502763 0.0131423 0.241819 236 18 0
0.50338 0.00804617 0.241282 236 18 0
0.503922 0.00292684 0.240906 236 18 0
0.504358 -0.00221148 0.240738 236 18 0
0.504636 -0.00736073 0.240886 236 18 0
0.504767 -0.0125016 0.241321 236 18 0
0.504943 -0.0176289 0.241881 236 18 0
0.505018 -0.0227334 0.242551 236 18 0
0.504545 -0.0280244 0.243466 236 18 0
0.504171 -0.0327884 0.244181 236 18 0
0.503769 -0.0375399 0.244961 236 18 0
0.503405 -0.0423053 0.24567 236 18 0
0.503031 -0.0470937 0.246185 236 18 0
0.502769 -0.0519028 0.246554 236 18 0
0.502593 -0.0567262 0.246716 236 18 0
0.502512 -0.0615559 0.246693 236 18 0
0.502583 -0.0663846 0.246568 236 18 0
0.502751 -0.0712059 0.246307 236 18 0
0.502899 -0.0760268 0.246059 236 18 0
0.503359 -0.081283 0.245734 236 18 0
0.50352 -0.0861584 0.245421 236 18 0
0.503656 -0.0910387 0.245161 236 18 0
0.503779 -0.0959223 0.244967 236 18 0
0.503861 -0.100809 0.244852 236 18 0
0.503919 -0.105697 0.244762 236 18 0
0.503986 -0.110584 0.244645 236 18 0
0.504066 -0.11547 0.244486 236 18 0
0.504133 -0.120356 0.244322 236 18 0
0.504224 -0.12524 0.244101 236 18 0
0.504137 -0.133063 0.244263 236 18 0
0.504333 -0.13798 0.244138 236 18 0
0.504741 -0.142884 0.24425 236 18 0
0.504966 -0.1478 0.244441 236 18 0
0.505185 -0.152715 0.244659 237 17 0
0.505443 -0.157631 0.244798 237 17 0
0.505733 -0.162546 0.244861 237 17 0
0.506063 -0.16746 0.2449 237 17 0
0.50648 -0.172367 0.24491 237 17 0
0.506665 -0.177278 0.244584 237 17 0
0.507083 -0.182178 0.244332 237 17 0
0.507459 -0.187081 0.244064 237 17 0
0.507942 -0.191961 0.243637 237 17 0
0.508577 -0.196827 0.243222 237 17 0
0.508127 -0.201998 0.242922 237 17 0
0.507819 -0.207022 0.242897 237 17 0
0.507068 -0.21199 0.242597 237 17 0
0.506602 -0.216999 0.242414 237 17 0
0.506228 -0.222015 0.242209 237 17 0
0.505822 -0.227028 0.241993 237 17 0
0.505029 -0.231985 0.24162 237 17 0
0.504609 -0.236998 0.241435 237 17 0
0.50427 -0.242014 0.241169 237 17 0
0.503524 -0.246968 0.240704 237 17 0
0.504088 -0.24157 0.24122 237 17 0
0.504602 -0.236263 0.241432 237 17 0
0.505379 -0.230998 0.24182 237 17 0
0.506152 -0.225731 0.242192 237 17 0
0.506778 -0.220446 0.242581 237 17 0
0.507475 -0.215169 0.242963 237 17 0
0.508144 -0.209903 0.243414 237 17 0
0.508124 -0.202458 0.242923 237 17 0
0.507795 -0.197539 0.243051 237 17 0
0.507413 -0.192634 0.243459 237 17 0
0.507071 -0.187713 0.243702 237 17 0
0.506727 -0.182795 0.24399 237 17 0
0.506523 -0.177877 0.244384 237 17 0
0.506337 -0.172952 0.244711 237 17 0
0.50608 -0.168023 0.244872 237 17 0
0.505769 -0.163095 0.244866 237 17 0
0.505474 -0.158166 0.244805 237 17 0
0.505212 -0.153236 0.244676 237 17 0
0.504988 -0.148307 0.244466 237 17 0
0.504679 -0.143386 0.244203 237 17 0
0.504148 -0.13848 0.244253 237 17 0
0.504171 -0.133185 0.244199 237 17 0
0.504147 -0.127947 0.244248 237 17 0
0.504131 -0.122709 0.244274 237 17 0
0.504089 -0.117472 0.244416 237 17 0
0.504003 -0.112238 0.244613 238 16 0
0.503934 -0.107001 0.244747 238 16 0
0.503882 -0.101763 0.244828 238 16 0
0.503819 -0.0965256 0.244912 238 16 0
0.503686 -0.091292 0.245102 238 16 0
0.503573 -0.0860572 0.24526 238 16 0
0.503359 -0.081283 0.245734 238 16 0
0.503038 -0.076246 0.245989 238 16 0
0.502733 -0.0712043 0.246286 238 16 0
0.502572 -0.0661575 0.246605 238 16 0
0.502374 -0.0611023 0.246678 238 16 0
0.502537 -0.0560457 0.246715 238 16 0
0.502682 -0.0509953 0.246447 238 16 0
0.503057 -0.045965 0.246057 238 16 0
0.503388 -0.0409582 0.245408 238 16 0
0.503918 -0.0359788 0.244694 238 16 0
0.504554 -0.0283234 0.243451 238 16 0
0.504649 -0.0232126 0.242531 238 16 0
0.504533 -0.0180557 0.241826 238 16 0
0.504506 -0.0128864 0.241201 238 16 0
0.504383 -0.00770137 0.240747 238 16 0
0.504113 -0.00250699 0.240577 238 16 0
0.50368 0.00267768 0.24073 238 16 0
0.503132 0.00784136 0.241114 238 16 0
0.502509 0.0129821 0.241658 238 16 0
0.501872 0.0181038 0.24235 238 16 0
0.501212 0.0232176 0.243078 238 16 0
0.500447 0.028309 0.243854 238 16 0
0.499373 0.0333612 0.244499 238 16 0
0.49896 0.0381388 0.244933 238 16 0
0.499074 0.0433754 0.244708 238 16 0
0.499102 0.0486161 0.244563 238 16 0
0.499249 0.0538538 0.244384 238 16 0
0.499337 0.0590932 0.244218 238 16 0
0.499365 0.0643357 0.24417 238 16 0
0.499336 0.0695781 0.244221 238 16 0
0.499309 0.0748207 0.244267 238 16 0
0.499255 0.0800624 0.244356 238 16 0
0.501062 0.0813811 0.245526 238 16 0
0.503931 0.0847969 0.247135 238 16 0
0.506843 0.0881544 0.248793 238 16 0
0.50975 0.0915121 0.250459 238 16 0
0.51263 0.0948699 0.25217 238 16 0
0.515549 0.0981456 0.25397 238 16 0
0.518367 0.101516 0.255754 238 16 0
0.517854 0.101568 0.256611 239 15 0
0.571468 0.104526 0.288173 239 15 0
0.571861 0.104442 0.287257 239 15 0
0.574641 0.102422 0.286348 239 15 0
0.578434 0.0998833 0.286663 239 15 0
0.582192 0.0973271 0.287203 239 15 0
0.585676 0.0944677 0.288007 239 15 0
0.589141 0.091646 0.288997 239 15 0
0.590074 0.0867277 0.289907 239 15 0
0.590728 0.08156 0.290766 239 15 0
0.591515 0.0764023 0.291594 239 15 0
0.592393 0.0712741 0.29251 239 15 0
0.593353 0.0661538 0.293386 239 15 0
0.594398 0.0610492 0.294257 239 15 0
0.595354 0.0559194 0.295081 239 15 0
0.596081 0.0507544 0.295852 239 15 0
0.596381 0.0429606 0.296644 239 15 0
0.596002 0.0380448 0.297155 239 15 0
0.59579 0.0331387 0.29781 239 15 0
0.595462 0.0282287 0.298403 239 15 0
0.595132 0.023324 0.299038 239 15 0
0.594835 0.0184144 0.299639 239 15 0
0.594811 0.0135004 0.300288 239 15 0
0.594776 0.0085821 0.300903 239 15 0
0.59478 0.00366391 0.301519 239 15 0
0.594701 -0.00127148 0.301966 239 15 0
0.59479 -0.00621594 0.302282 239 15 0
0.59497 -0.0111652 0.302471 239 15 0
0.59525 -0.0161019 0.302765 239 15 0
0.595196 -0.0210557 0.302865 239 15 0
0.595438 -0.0260652 0.302551 239 15 0
0.595769 -0.0312356 0.301908 239 15 0
0.596363 -0.0364125 0.301575 239 15 0
0.596861 -0.041609 0.30142 239 15 0
0.59718 -0.0468216 0.301473 239 15 0
0.597299 -0.0520352 0.301758 239 15 0
0.597438 -0.0572326 0.302247 239 15 0
0.597209 -0.0624426 0.30253 239 15 0
0.596987 -0.0676528 0.302815 239 15 0
0.596857 -0.0728699 0.302994 239 15 0
0.596771 -0.0783645 0.303188 239 15 0
0.596762 -0.0832622 0.303206 239 15 0
0.597031 -0.0881456 0.303453 239 15 0
0.597311 -0.0930291 0.303703 239 15 0
0.597647 -0.0979114 0.303896 239 15 0
0.598077 -0.102789 0.303948 240 14 0
0.598603 -0.107657 0.303859 240 14 0
0.599117 -0.11251 0.303531 240 14 0
0.599483 -0.11735 0.302874 240 14 0
0.600019 -0.122148 0.302065 240 14 0
0.60082 -0.130181 0.300544 240 14 0
0.601026 -0.134995 0.300178 240 14 0
0.601264 -0.139803 0.299764 240 14 0
0.601475 -0.144612 0.299367 240 14 0
0.60157 -0.14944 0.299226 240 14 0
0.601494 -0.15427 0.299309 240 14 0
0.601358 -0.159097 0.299482 240 14 0
0.601264 -0.163927 0.299598 240 14 0
0.6012 -0.168758 0.299672 240 14 0
0.601181 -0.17359 0.299685 240 14 0
0.601269 -0.17842 0.2996 240 14 0
0.601497 -0.18324 0.299364 240 14 0
0.601784 -0.188052 0.29904 240 14 0
0.602346 -0.1928 0.298351 240 14 0
0.60294 -0.197694 0.297623 240 14 0
0.60304 -0.202938 0.297832 240 14 0
0.603312 -0.208191 0.297911 240 14 0
0.603444 -0.213443 0.298193 240 14 0
0.603535 -0.218696 0.298449 240 14 0
0.603846 -0.223946 0.298562 240 14 0
0.603942 -0.229205 0.298474 240 14 0
0.603962 -0.234465 0.298452 240 14 0
0.603947 -0.239718 0.298738 240 14 0
0.603918 -0.244973 0.298929 240 14 0
0.604103 -0.239787 0.298332 240 14 0
0.603981 -0.235046 0.298431 240 14 0
0.603947 -0.230304 0.298471 240 14 0
0.603884 -0.225562 0.298532 240 14 0
0.603713 -0.220824 0.298509 240 14 0
0.603508 -0.216089 0.298342 240 14 0
0.603441 -0.211352 0.298113 240 14 0
0.603273 -0.206625 0.297775 240 14 0
0.602721 -0.198303 0.297765 240 14 0
0.602166 -0.193522 0.298473 240 14 0
0.601788 -0.188702 0.298985 240 14 0
0.601532 -0.183857 0.299326 240 14 0
0.601283 -0.179007 0.299587 240 14 0
0.60118 -0.174145 0.299685 240 14 0
0.601193 -0.169281 0.29968 240 14 0
0.601255 -0.164417 0.299609 240 14 0
0.601349 -0.159555 0.299493 241 13 0
0.601482 -0.154696 0.299324 241 13 0
0.601564 -0.149833 0.299232 241 13 0
0.601485 -0.144973 0.299353 241 13 0
0.601314 -0.140119 0.299605 241 13 0
0.601113 -0.135266 0.299867 241 13 0
0.600755 -0.129817 0.300316 241 13 0
0.600238 -0.124698 0.301457 241 13 0
0.59965 -0.119551 0.30243 241 13 0
0.599103 -0.114384 0.303316 241 13 0
0.598458 -0.109168 0.303706 241 13 0
0.597825 -0.103936 0.303825 241 13 0
0.597352 -0.0986867 0.303765 241 13 0
0.597017 -0.0934311 0.303539 241 13 0
0.596726 -0.0881748 0.30328 241 13 0
0.596716 -0.082904 0.303313 241 13 0
0.596772 -0.0776462 0.303188 241 13 0
0.596842 -0.0728405 0.303032 241 13 0
0.596766 -0.0680417 0.302743 241 13 0
0.596651 -0.0632533 0.302319 241 13 0
0.596536 -0.0584674 0.301865 241 13 0
0.596404 -0.0536803 0.301428 241 13 0
0.59625 -0.0488867 0.301095 241 13 0
0.596117 -0.044083 0.300979 241 13 0
0.596038 -0.0392764 0.301095 241 13 0
0.595963 -0.0344862 0.301474 241 13 0
0.595497 -0.0265321 0.302472 241 13 0
0.595351 -0.0215742 0.302644 241 13 0
0.595377 -0.0166116 0.302614 241 13 0
0.595303 -0.0116497 0.302621 241 13 0
0.595117 -0.00669284 0.302446 241 13 0
0.595005 -0.00174028 0.302144 241 13 0
0.595098 0.00320439 0.301718 241 13 0
0.595352 0.00813723 0.301226 241 13 0
0.595393 0.0130628 0.300613 241 13 0
0.595417 0.0179843 0.299966 241 13 0
0.595463 0.0228972 0.299258 241 13 0
0.595712 0.0278078 0.298589 241 13 0
0.596129 0.032706 0.29791 241 13 0
0.596059 0.037595 0.297086 241 13 0
0.595831 0.0428175 0.296122 241 13 0
0.595086 0.0480167 0.295431 241 13 0
0.594561 0.0532492 0.294711 241 13 0
0.593972 0.058484 0.294062 241 13 0
0.593321 0.0637182 0.293467 241 13 0
0.592699 0.0689513 0.292835 242 12 0
0.592155 0.0741866 0.292151 242 12 0
0.591629 0.0794208 0.291446 242 12 0
0.590956 0.0846176 0.290687 242 12 0
0.588969 0.0862978 0.289124 242 12 0
0.586036 0.0906769 0.287536 242 12 0
0.582717 0.0949813 0.286756 242 12 0
0.578841 0.098856 0.286419 242 12 0
0.574641 0.102422 0.286348 242 12 0
0.574234 0.102494 0.287258 242 12 0
0.519653 0.103379 0.257813 242 12 0
0.520161 0.103306 0.256955 242 12 0
0.520161 0.103306 0.256955 242 12 0
0.520636 0.10061 0.256862 242 12 0
0.520732 0.0958579 0.25692 242 12 0
0.52093 0.0911137 0.257296 242 12 0
0.521222 0.0864211 0.257989 242 12 0
0.521588 0.0810517 0.25784 242 12 0
0.522169 0.0758166 0.257204 242 12 0
0.522628 0.070555 0.256695 242 12 0
0.523065 0.0652918 0.256183 242 12 0
0.523299 0.060006 0.255784 242 12 0
0.523428 0.054705 0.255591 242 12 0
0.523509 0.0494015 0.255456 242 12 0
0.523653 0.0390816 0.255173 242 12 0
0.523886 0.0340871 0.254753 242 12 0
0.524198 0.0290869 0.254523 242 12 0
0.52449 0.024082 0.254317 242 12 0
0.52481 0.0190811 0.25406 242 12 0
0.525128 0.0140786 0.253832 242 12 0
0.525407 0.00907087 0.253683 242 12 0
0.525628 0.00405876 0.253597 242 12 0
0.525798 -0.000956067 0.253599 242 12 0
0.525928 -0.00597093 0.253707 242 12 0
0.526013 -0.0109848 0.253884 242 12 0
0.525986 -0.0160017 0.25393 242 12 0
0.525867 -0.0210133 0.254145 242 12 0
0.525661 -0.0258988 0.254496 242 12 0
0.525322 -0.0306841 0.255106 242 12 0
0.524908 -0.0354444 0.255856 242 12 0
0.524696 -0.0401818 0.256791 242 12 0
0.524584 -0.0449217 0.257747 242 12 0
0.524518 -0.0496737 0.258645 242 12 0
0.524542 -0.0544448 0.25943 242 12 0
0.524675 -0.0592442 0.26 242 12 0
0.524848 -0.0640641 0.260318 243 11 0
0.524854 -0.0689007 0.260302 243 11 0
0.524886 -0.0737368 0.260237 243 11 0
0.525068 -0.0792152 0.259909 243 11 0
0.525393 -0.084027 0.259336 243 11 0
0.525733 -0.0888361 0.258749 243 11 0
0.526182 -0.0936345 0.258152 243 11 0
0.526593 -0.098436 0.257555 243 11 0
0.526915 -0.103248 0.256985 243 11 0
0.527197 -0.108071 0.256484 243 11 0
0.52744 -0.112903 0.256063 243 11 0
0.527614 -0.117742 0.2557 243 11 0
0.527628 -0.122588 0.255404 243 11 0
0.527933 -0.130573 0.255314 243 11 0
0.527872 -0.13555 0.255277 243 11 0
0.52791 -0.140527 0.255187 243 11 0
0.527964 -0.145501 0.255282 243 11 0
0.528042 -0.15046 0.25568 243 11 0
0.527894 -0.155391 0.256332 243 11 0
0.527698 -0.160278 0.257262 243 11 0
0.527445 -0.165141 0.258298 243 11 0
0.527257 -0.170029 0.259223 243 11 0
0.527249 -0.174973 0.259789 243 11 0
0.527438 -0.17994 0.260031 243 11 0
0.527627 -0.184906 0.25983 243 11 0
0.527775 -0.18986 0.259577 243 11 0
0.52857 -0.194557 0.258175 243 11 0
0.529836 -0.199785 0.25601 243 11 0
0.530197 -0.204953 0.255356 243 11 0
0.530565 -0.210123 0.254718 243 11 0
0.530949 -0.215332 0.254676 243 11 0
0.531218 -0.220546 0.254798 243 11 0
0.531393 -0.225753 0.255139 243 11 0
0.531331 -0.230927 0.255822 243 11 0
0.53102 -0.236039 0.256843 243 11 0
0.530423 -0.241124 0.257874 243 11 0
0.529611 -0.246091 0.259256 243 11 0
0.530549 -0.240665 0.25767 243 11 0
0.530846 -0.236066 0.256724 243 11 0
0.531031 -0.231435 0.255844 243 11 0
0.531127 -0.226768 0.255188 243 11 0
0.531051 -0.22207 0.254803 243 11 0
0.530839 -0.217359 0.254645 243 11 0
0.53062 -0.212647 0.254603 243 11 0
0.530592 -0.20793 0.254646 243 11 0
0.529634 -0.200099 0.256278 244 10 0
0.528643 -0.195546 0.25805 244 10 0
0.528024 -0.190733 0.259144 244 10 0
0.527626 -0.185802 0.259756 244 10 0
0.527209 -0.180834 0.259912 244 10 0
0.526981 -0.175855 0.25973 244 10 0
0.526974 -0.170896 0.259194 244 10 0
0.527257 -0.166002 0.258289 244 10 0
0.527521 -0.161128 0.257263 244 10 0
0.527726 -0.156235 0.256316 244 10 0
0.527807 -0.151304 0.255581 244 10 0
0.527881 -0.146334 0.255234 244 10 0
0.52796 -0.141349 0.255141 244 10 0
0.527729 -0.13637 0.255238 244 10 0
0.527688 -0.131214 0.255088 244 10 0
0.527624 -0.126465 0.2553 244 10 0
0.527565 -0.121714 0.255449 244 10 0
0.527426 -0.116969 0.2557 244 10 0
0.527223 -0.112233 0.256052 244 10 0
0.526978 -0.107505 0.256472 244 10 0
0.526696 -0.102785 0.256963 244 10 0
0.526381 -0.0980752 0.257527 244 10 0
0.526036 -0.0933742 0.258144 244 10 0
0.525713 -0.0886772 0.258801 244 10 0
0.525374 -0.0839732 0.259397 244 10 0
0.525061 -0.0785078 0.259915 244 10 0
0.524983 -0.0736835 0.260066 244 10 0
0.524595 -0.0688732 0.260085 244 10 0
0.524237 -0.0640622 0.259942 244 10 0
0.524 -0.0592572 0.259572 244 10 0
0.523896 -0.0544684 0.258986 244 10 0
0.523886 -0.0496997 0.25824 244 10 0
0.524026 -0.0449495 0.25741 244 10 0
0.524484 -0.0402131 0.256599 244 10 0
0.525009 -0.0355056 0.255668 244 10 0
0.525573 -0.0271733 0.25464 244 10 0
0.525768 -0.0223216 0.254313 244 10 0
0.525927 -0.017464 0.254051 244 10 0
0.52607 -0.0126057 0.2538 244 10 0
0.526114 -0.00774228 0.253644 244 10 0
0.525946 -0.00287908 0.253544 244 10 0
0.525734 0.00198356 0.253531 244 10 0
0.525503 0.00684538 0.253541 244 10 0
0.525242 0.0117051 0.253611 244 10 0
0.524908 0.0165569 0.253808 244 10 0
0.524533 0.0214023 0.254074 245 9 0
0.524179 0.0262502 0.254327 245 9 0
0.523948 0.0311021 0.254623 245 9 0
0.523701 0.0359441 0.255049 245 9 0
0.523497 0.0414509 0.255445 245 9 0
0.5235 0.0467127 0.255434 245 9 0
0.523444 0.0519737 0.255521 245 9 0
0.523394 0.057234 0.255637 245 9 0
0.523208 0.0624837 0.255943 245 9 0
0.522933 0.0677163 0.256424 245 9 0
0.522468 0.0729309 0.256954 245 9 0
0.522 0.0781321 0.257593 245 9 0
0.521679 0.0804911 0.257921 245 9 0
0.521185 0.0855146 0.257774 245 9 0
0.52089 0.0905357 0.25736 245 9 0
0.520708 0.0955689 0.256954 245 9 0
0.520636 0.10061 0.256862 245 9 0
0.520124 0.100669 0.257719 245 9 0
0.571468 0.104526 0.288173 245 9 0
0.571861 0.104442 0.287257 245 9 0
0.572483 0.1026 0.285682 245 9 0
0.573672 0.0984407 0.283911 245 9 0
0.574736 0.0941613 0.282364 245 9 0
0.57566 0.0897674 0.281071 245 9 0
0.575849 0.0844763 0.280804 245 9 0
0.575795 0.0797164 0.28088 245 9 0
0.575657 0.0749603 0.281062 245 9 0
0.57542 0.070218 0.281397 245 9 0
0.575093 0.0654912 0.281865 245 9 0
0.574694 0.0607814 0.282434 245 9 0
0.574226 0.0560915 0.283111 245 9 0
0.573693 0.0514234 0.283884 245 9 0
0.572698 0.0414137 0.285927 245 9 0
0.572685 0.0364278 0.286853 245 9 0
0.572491 0.0313991 0.287485 245 9 0
0.572359 0.0263641 0.288088 245 9 0
0.57237 0.021308 0.288496 245 9 0
0.572488 0.0162374 0.288581 245 9 0
0.572834 0.011177 0.288516 245 9 0
0.573153 0.00612791 0.288146 245 9 0
0.573451 0.00109714 0.287566 245 9 0
0.573818 -0.0039185 0.286902 245 9 0
0.574289 -0.00892331 0.286222 245 9 0
0.574858 -0.0138687 0.285248 245 9 0
0.575465 -0.0188236 0.284359 245 9 0
0.575699 -0.0264411 0.283789 246 8 0
0.575395 -0.0314321 0.284561 246 8 0
0.575379 -0.0363903 0.285556 246 8 0
0.575217 -0.0413583 0.286497 246 8 0
0.574994 -0.0463086 0.287523 246 8 0
0.574777 -0.0512757 0.288465 246 8 0
0.574599 -0.0562698 0.289255 246 8 0
0.574534 -0.0612905 0.289877 246 8 0
0.574358 -0.066316 0.290411 246 8 0
0.574255 -0.0713704 0.290559 246 8 0
0.574491 -0.0771573 0.290248 246 8 0
0.575012 -0.0820278 0.289471 246 8 0
0.575497 -0.0869237 0.288847 246 8 0
0.57612 -0.0918243 0.288405 246 8 0
0.576734 -0.0967292 0.288 246 8 0
0.577271 -0.101651 0.287701 246 8 0
0.577758 -0.106582 0.2875 246 8 0
0.578226 -0.111517 0.287331 246 8 0
0.578603 -0.116441 0.286874 246 8 0
0.578956 -0.121368 0.286427 246 8 0
0.579658 -0.129103 0.285446 246 8 0
0.579938 -0.133993 0.285045 246 8 0
0.58017 -0.138891 0.284713 246 8 0
0.580318 -0.143797 0.284499 246 8 0
0.58023 -0.148702 0.284612 246 8 0
0.579838 -0.153569 0.285168 246 8 0
0.579417 -0.158408 0.285918 246 8 0
0.578932 -0.163223 0.286777 246 8 0
0.578467 -0.168049 0.287585 246 8 0
0.577958 -0.172881 0.288328 246 8 0
0.577524 -0.177735 0.288963 246 8 0
0.577228 -0.182622 0.289373 246 8 0
0.577122 -0.187526 0.289616 246 8 0
0.577211 -0.192422 0.289201 246 8 0
0.577361 -0.197486 0.28858 246 8 0
0.577771 -0.202207 0.28863 246 8 0
0.578335 -0.206925 0.288567 246 8 0
0.578878 -0.211646 0.288476 246 8 0
0.579455 -0.216363 0.288362 246 8 0
0.580059 -0.221075 0.288195 246 8 0
0.58055 -0.225796 0.287981 246 8 0
0.580823 -0.230536 0.287771 246 8 0
0.580883 -0.235285 0.287686 246 8 0
0.580783 -0.240035 0.287839 246 8 0
0.580696 -0.244778 0.288109 246 8 0
0.580839 -0.238887 0.287499 247 7 0
0.580776 -0.234133 0.287589 247 7 0
0.580643 -0.229383 0.287785 247 7 0
0.580437 -0.224639 0.288054 247 7 0
0.580039 -0.219908 0.288294 247 7 0
0.579493 -0.215185 0.288455 247 7 0
0.578938 -0.210463 0.288585 247 7 0
0.578304 -0.205752 0.288579 247 7 0
0.57741 -0.197926 0.288702 247 7 0
0.577269 -0.193055 0.289243 247 7 0
0.577188 -0.188161 0.289472 247 7 0
0.577178 -0.18326 0.289446 247 7 0
0.577408 -0.178375 0.289148 247 7 0
0.577833 -0.173531 0.288524 247 7 0
0.578344 -0.168711 0.287789 247 7 0
0.578808 -0.163897 0.286983 247 7 0
0.579291 -0.159093 0.286131 247 7 0
0.579716 -0.154268 0.285372 247 7 0
0.58011 -0.149416 0.284797 247 7 0
0.580286 -0.144529 0.284551 247 7 0
0.580297 -0.139627 0.284532 247 7 0
0.580069 -0.13474 0.284859 247 7 0
0.579745 -0.12987 0.285288 247 7 0
0.57928 -0.124763 0.285937 247 7 0
0.578868 -0.119643 0.286515 247 7 0
0.578462 -0.114521 0.287074 247 7 0
0.57794 -0.109383 0.287301 247 7 0
0.577436 -0.104241 0.287472 247 7 0
0.576911 -0.0991056 0.287749 247 7 0
0.576301 -0.0939867 0.288133 247 7 0
0.575647 -0.0888781 0.288573 247 7 0
0.575134 -0.0837944 0.289344 247 7 0
0.574626 -0.0790711 0.290031 247 7 0
0.574436 -0.0739865 0.290309 247 7 0
0.574266 -0.0688993 0.29055 247 7 0
0.574348 -0.0638065 0.290427 247 7 0
0.574615 -0.0587341 0.29003 247 7 0
0.574666 -0.0537124 0.289168 247 7 0
0.574875 -0.0487231 0.288154 247 7 0
0.575149 -0.0437729 0.286977 247 7 0
0.575309 -0.0388212 0.285786 247 7 0
0.575512 -0.0338813 0.284626 247 7 0
0.575697 -0.0258999 0.283788 247 7 0
0.575443 -0.0210337 0.284458 247 7 0
0.575013 -0.016181 0.285138 247 7 0
0.574628 -0.0113144 0.285742 248 6 0
0.574171 -0.00648423 0.286561 248 6 0
0.573663 -0.00167274 0.287456 248 6 0
0.573256 0.00317025 0.288225 248 6 0
0.572921 0.00805551 0.288704 248 6 0
0.572702 0.0129614 0.289003 248 6 0
0.572574 0.0178786 0.28908 248 6 0
0.57246 0.0227882 0.288832 248 6 0
0.572498 0.0276729 0.288268 248 6 0
0.572632 0.0325508 0.287637 248 6 0
0.572669 0.0374075 0.286853 248 6 0
0.57241 0.0420788 0.285655 248 6 0
0.573048 0.0471436 0.284729 248 6 0
0.573719 0.0521997 0.283781 248 6 0
0.574318 0.0572781 0.282907 248 6 0
0.574838 0.0623889 0.282185 248 6 0
0.575283 0.0675223 0.281583 248 6 0
0.575599 0.0726804 0.281128 248 6 0
0.575789 0.0778581 0.280876 248 6 0
0.575886 0.0830423 0.280738 248 6 0
0.575892 0.0857776 0.28072 248 6 0
0.575213 0.0911663 0.281743 248 6 0
0.574196 0.0963888 0.28324 248 6 0
0.572878 0.101404 0.285155 248 6 0
0.572481 0.101501 0.286067 248 6 0
0.519653 0.103379 0.257813 248 6 0
0.520161 0.103306 0.256955 248 6 0
0.518367 0.101516 0.255754 248 6 0
0.515037 0.0985328 0.253645 248 6 0
0.511687 0.0955667 0.251549 248 6 0
0.508218 0.0927596 0.249414 248 6 0
0.504705 0.089976 0.247322 248 6 0
0.501192 0.087131 0.245322 248 6 0
0.501118 0.0822186 0.245437 248 6 0
0.501158 0.0770534 0.245369 248 6 0
0.500816 0.0719048 0.245137 248 6 0
0.500485 0.0667573 0.244856 248 6 0
0.50012 0.0616094 0.244632 248 6 0
0.499685 0.056463 0.244531 248 6 0
0.4992 0.0513202 0.244496 248 6 0
0.499052 0.0461632 0.244742 248 6 0
0.499166 0.0384977 0.244905 248 6 0
0.500102 0.0334381 0.244512 248 6 0
0.500815 0.0283681 0.243862 248 6 0
0.501477 0.0232881 0.243229 248 6 0
0.502133 0.018219 0.242508 249 5 0
0.502763 0.0131423 0.241819 249 5 0
0.50338 0.00804617 0.241282 249 5 0
0.503922 0.00292684 0.240906 249 5 0
0.504358 -0.00221148 0.240738 249 5 0
0.504636 -0.00736073 0.240886 249 5 0
0.504767 -0.0125016 0.241321 249 5 0
0.504943 -0.0176289 0.241881 249 5 0
0.505018 -0.0227334 0.242551 249 5 0
0.504545 -0.0280244 0.243466 249 5 0
0.504171 -0.0327884 0.244181 249 5 0
0.503769 -0.0375399 0.244961 249 5 0
0.503405 -0.0423053 0.24567 249 5 0
0.503031 -0.0470937 0.246185 249 5 0
0.502769 -0.0519028 0.246554 249 5 0
0.502593 -0.0567262 0.246716 249 5 0
0.502512 -0.0615559 0.246693 249 5 0
0.502583 -0.0663846 0.246568 249 5 0
0.502751 -0.0712059 0.246307 249 5 0
0.502899 -0.0760268 0.246059 249 5 0
0.503359 -0.081283 0.245734 249 5 0
0.50352 -0.0861584 0.245421 249 5 0
0.503656 -0.0910387 0.245161 249 5 0
0.503779 -0.0959223 0.244967 249 5 0
0.503861 -0.100809 0.244852 249 5 0
0.503919 -0.105697 0.244762 249 5 0
0.503986 -0.110584 0.244645 249 5 0
0.504066 -0.11547 0.244486 249 5 0
0.504133 -0.120356 0.244322 249 5 0
0.504224 -0.12524 0.244101 249 5 0
0.504137 -0.133063 0.244263 249 5 0
0.504333 -0.13798 0.244138 249 5 0
0.504741 -0.142884 0.24425 249 5 0
0.504966 -0.1478 0.244441 249 5 0
0.505185 -0.152715 0.244659 249 5 0
0.505443 -0.157631 0.244798 249 5 0
0.505733 -0.162546 0.244861 249 5 0
0.506063 -0.16746 0.2449 249 5 0
0.50648 -0.172367 0.24491 249 5 0
0.506665 -0.177278 0.244584 249 5 0
0.507083 -0.182178 0.244332 249 5 0
0.507459 -0.187081 0.244064 249 5 0
0.507942 -0.191961 0.243637 249 5 0
0.508577 -0.196827 0.243222 249 5 0
0.508127 -0.201998 0.242922 249 5 0
0.507819 -0.207022 0.242897 250 4 0
0.507068 -0.21199 0.242597 250 4 0
0.506602 -0.216999 0.242414 250 4 0
0.506228 -0.222015 0.242209 250 4 0
0.505822 -0.227028 0.241993 250 4 0
0.505029 -0.231985 0.24162 250 4 0
0.504609 -0.236998 0.241435 250 4 0
0.50427 -0.242014 0.241169 250 4 0
0.503524 -0.246968 0.240704 250 4 0
0.504088 -0.24157 0.24122 250 4 0
0.504602 -0.236263 0.241432 250 4 0
0.505379 -0.230998 0.24182 250 4 0
0.506152 -0.225731 0.242192 250 4 0
0.506778 -0.220446 0.242581 250 4 0
0.507475 -0.215169 0.242963 250 4 0
0.508144 -0.209903 0.243414 250 4 0
0.508124 -0.202458 0.242923 250 4 0
0.507795 -0.197539 0.243051 250 4 0
0.507413 -0.192634 0.243459 250 4 0
0.507071 -0.187713 0.243702 250 4 0
0.506727 -0.182795 0.24399 250 4 0
0.506523 -0.177877 0.244384 250 4 0
0.506337 -0.172952 0.244711 250 4 0
0.50608 -0.168023 0.244872 250 4 0
0.505769 -0.163095 0.244866 250 4 0
0.505474 -0.158166 0.244805 250 4 0
0.505212 -0.153236 0.244676 250 4 0
0.504988 -0.148307 0.244466 250 4 0
0.504679 -0.143386 0.244203 250 4 0
0.504148 -0.13848 0.244253 250 4 0
0.504171 -0.133185 0.244199 250 4 0
0.504147 -0.127947 0.244248 250 4 0
0.504131 -0.122709 0.244274 250 4 0
0.504089 -0.117472 0.244416 250 4 0
0.504003 -0.112238 0.244613 250 4 0
0.503934 -0.107001 0.244747 250 4 0
0.503882 -0.101763 0.244828 250 4 0
0.503819 -0.0965256 0.244912 250 4 0
0.503686 -0.091292 0.245102 250 4 0
0.503573 -0.0860572 0.24526 250 4 0
0.503359 -0.081283 0.245734 250 4 0
0.503038 -0.076246 0.245989 250 4 0
0.502733 -0.0712043 0.246286 250 4 0
0.502572 -0.0661575 0.246605 250 4 0
0.502374 -0.0611023 0.246678 250 4 0
0.502537 -0.0560457 0.246715 251 3 0
0.502682 -0.0509953 0.246447 251 3 0
0.503057 -0.045965 0.246057 251 3 0
0.503388 -0.0409582 0.245408 251 3 0
0.503918 -0.0359788 0.244694 251 3 0
0.504554 -0.0283234 0.243451 251 3 0
0.504649 -0.0232126 0.242531 251 3 0
0.504533 -0.0180557 0.241826 251 3 0
0.504506 -0.0128864 0.241201 251 3 0
0.504383 -0.00770137 0.240747 251 3 0
0.504113 -0.00250699 0.240577 251 3 0
0.50368 0.00267768 0.24073 251 3 0
0.503132 0.00784136 0.241114 251 3 0
0.502509 0.0129821 0.241658 251 3 0
0.501872 0.0181038 0.24235 251 3 0
0.501212 0.0232176 0.243078 251 3 0
0.500447 0.028309 0.243854 251 3 0
0.499373 0.0333612 0.244499 251 3 0
0.49896 0.0381388 0.244933 251 3 0
0.499074 0.0433754 0.244708 251 3 0
0.499102 0.0486161 0.244563 251 3 0
0.499249 0.0538538 0.244384 251 3 0
0.499337 0.0590932 0.244218 251 3 0
0.499365 0.0643357 0.24417 251 3 0
0.499336 0.0695781 0.244221 251 3 0
0.499309 0.0748207 0.244267 251 3 0
0.499255 0.0800624 0.244356 251 3 0
0.501062 0.0813811 0.245526 251 3 0
0.503931 0.0847969 0.247135 251 3 0
0.506843 0.0881544 0.248793 251 3 0
0.50975 0.0915121 0.250459 251 3 0
0.51263 0.0948699 0.25217 251 3 0
0.515549 0.0981456 0.25397 251 3 0
0.518367 0.101516 0.255754 251 3 0
0.517854 0.101568 0.256611 251 3 0
0.571468 0.104526 0.288173 251 3 0
0.571861 0.104442 0.287257 251 3 0
0.574641 0.102422 0.286348 251 3 0
0.578434 0.0998833 0.286663 251 3 0
0.582192 0.0973271 0.287203 251 3 0
0.585676 0.0944677 0.288007 251 3 0
0.589141 0.091646 0.288997 251 3 0
0.590074 0.0867277 0.289907 251 3 0
0.590728 0.08156 0.290766 251 3 0
0.591515 0.0764023 0.291594 251 3 0
0.592393 0.0712741 0.29251 252 2 0
0.593353 0.0661538 0.293386 252 2 0
0.594398 0.0610492 0.294257 252 2 0
0.595354 0.0559194 0.295081 252 2 0
0.596081 0.0507544 0.295852 252 2 0
0.596381 0.0429606 0.296644 252 2 0
0.596002 0.0380448 0.297155 252 2 0
0.59579 0.0331387 0.29781 252 2 0
0.595462 0.0282287 0.298403 252 2 0
0.595132 0.023324 0.299038 252 2 0
0.594835 0.0184144 0.299639 252 2 0
0.594811 0.0135004 0.300288 252 2 0
0.594776 0.0085821 0.300903 252 2 0
0.59478 0.00366391 0.301519 252 2 0
0.594701 -0.00127148 0.301966 252 2 0
0.59479 -0.00621594 0.302282 252 2 0
0.59497 -0.0111652 0.302471 252 2 0
0.59525 -0.0161019 0.302765 252 2 0
0.595196 -0.0210557 0.302865 252 2 0
0.595438 -0.0260652 0.302551 252 2 0
0.595769 -0.0312356 0.301908 252 2 0
0.596363 -0.0364125 0.301575 252 2 0
0.596861 -0.041609 0.30142 252 2 0
0.59718 -0.0468216 0.301473 252 2 0
0.597299 -0.0520352 0.301758 252 2 0
0.597438 -0.0572326 0.302247 252 2 0
0.597209 -0.0624426 0.30253 252 2 0
0.596987 -0.0676528 0.302815 252 2 0
0.596857 -0.0728699 0.302994 252 2 0
0.596771 -0.0783645 0.303188 252 2 0
0.596762 -0.0832622 0.303206 252 2 0
0.597031 -0.0881456 0.303453 252 2 0
0.597311 -0.0930291 0.303703 252 2 0
0.597647 -0.0979114 0.303896 252 2 0
0.598077 -0.102789 0.303948 252 2 0
0.598603 -0.107657 0.303859 252 2 0
0.599117 -0.11251 0.303531 252 2 0
0.599483 -0.11735 0.302874 252 2 0
0.600019 -0.122148 0.302065 252 2 0
0.60082 -0.130181 0.300544 252 2 0
0.601026 -0.134995 0.300178 252 2 0
0.601264 -0.139803 0.299764 252 2 0
0.601475 -0.144612 0.299367 252 2 0
0.60157 -0.14944 0.299226 252 2 0
0.601494 -0.15427 0.299309 252 2 0
0.601358 -0.159097 0.299482 253 1 0
0.601264 -0.163927 0.299598 253 1 0
0.6012 -0.168758 0.299672 253 1 0
0.601181 -0.17359 0.299685 253 1 0
0.601269 -0.17842 0.2996 253 1 0
0.601497 -0.18324 0.299364 253 1 0
0.601784 -0.188052 0.29904 253 1 0
0.602346 -0.1928 0.298351 253 1 0
0.60294 -0.197694 0.297623 253 1 0
0.60304 -0.202938 0.297832 253 1 0
0.603312 -0.208191 0.297911 253 1 0
0.603444 -0.213443 0.298193 253 1 0
0.603535 -0.218696 0.298449 253 1 0
0.603846 -0.223946 0.298562 253 1 0
0.603942 -0.229205 0.298474 253 1 0
0.603962 -0.234465 0.298452 253 1 0
0.603947 -0.239718 0.298738 253 1 0
0.603918 -0.244973 0.298929 253 1 0
0.604103 -0.239787 0.298332 253 1 0
0.603981 -0.235046 0.298431 253 1 0
0.603947 -0.230304 0.298471 253 1 0
0.603884 -0.225562 0.298532 253 1 0
0.603713 -0.220824 0.298509 253 1 0
0.603508 -0.216089 0.298342 253 1 0
0.603441 -0.211352 0.298113 253 1 0
0.603273 -0.206625 0.297775 253 1 0
0.602721 -0.198303 0.297765 253 1 0
0.602166 -0.193522 0.298473 253 1 0
0.601788 -0.188702 0.298985 253 1 0
0.601532 -0.183857 0.299326 253 1 0
0.601283 -0.179007 0.299587 253 1 0
0.60118 -0.174145 0.299685 253 1 0
0.601193 -0.169281 0.29968 253 1 0
0.601255 -0.164417 0.299609 253 1 0
0.601349 -0.159555 0.299493 253 1 0
0.601482 -0.154696 0.299324 253 1 0
0.601564 -0.149833 0.299232 253 1 0
0.601485 -0.144973 0.299353 253 1 0
0.601314 -0.140119 0.299605 253 1 0
0.601113 -0.135266 0.299867 253 1 0
0.600755 -0.129817 0.300316 253 1 0
0.600238 -0.124698 0.301457 253 1 0
0.59965 -0.119551 0.30243 253 1 0
0.599103 -0.114384 0.303316 253 1 0
0.598458 -0.109168 0.303706 253 1 0
0.597825 -0.103936 0.303825 254 0 0
0.597352 -0.0986867 0.303765 254 0 0
0.597017 -0.0934311 0.303539 254 0 0
0.596726 -0.0881748 0.30328 254 0 0
0.596716 -0.082904 0.303313 254 0 0
0.596772 -0.0776462 0.303188 254 0 0
0.596842 -0.0728405 0.303032 254 0 0
0.596766 -0.0680417 0.302743 254 0 0
0.596651 -0.0632533 0.302319 254 0 0
0.596536 -0.0584674 0.301865 254 0 0
0.596404 -0.0536803 0.301428 254 0 0
0.59625 -0.0488867 0.301095 254 0 0
0.596117 -0.044083 0.300979 254 0 0
0.596038 -0.0392764 0.301095 254 0 0
0.595963 -0.0344862 0.301474 254 0 0
0.595497 -0.0265321 0.302472 254 0 0
0.595351 -0.0215742 0.302644 254 0 0
0.595377 -0.0166116 0.302614 254 0 0
0.595303 -0.0116497 0.302621 254 0 0
0.595117 -0.00669284 0.302446 254 0 0
0.595005 -0.00174028 0.302144 254 0 0
0.595098 0.00320439 0.301718 254 0 0
0.595352 0.00813723 0.301226 254 0 0
0.595393 0.0130628 0.300613 254 0 0
0.595417 0.0179843 0.299966 254 0 0
0.595463 0.0228972 0.299258 254 0 0
0.595712 0.0278078 0.298589 254 0 0
0.596129 0.032706 0.29791 254 0 0
0.596059 0.037595 0.297086 254 0 0
0.595831 0.0428175 0.296122 254 0 0
0.595086 0.0480167 0.295431 254 0 0
0.594561 0.0532492 0.294711 254 0 0
0.593972 0.058484 0.294062 254 0 0
0.593321 0.0637182 0.293467 254 0 0
0.592699 0.0689513 0.292835 254 0 0
0.592155 0.0741866 0.292151 254 0 0
0.591629 0.0794208 0.291446 254 0 0
0.590956 0.0846176 0.290687 254 0 0
0.588969 0.0862978 0.289124 254 0 0
0.586036 0.0906769 0.287536 254 0 0
0.582717 0.0949813 0.286756 254 0 0
0.578841 0.098856 0.286419 254 0 0
0.574641 0.102422 0.286348 254 0 0
0.574234 0.102494 0.287258 254 0 0
0.519653 0.103379 0.257813 254 0 0
0.520161 0.103306 0.256955 255 0 0
