scenario,dimension,max_iterations_limit,pid_config,Kp,Ki,Kd,mode,trial_id,success,path_length,planning_time,iterations,tree_nodes,smoothness,clearance,convergence_time,first_solution_iter,avg_tracking_error,oscillation_count,oscillation_rate,failure_mode,final_ellipsoid_volume,effective_sampling_ratio,samples_in_ellipsoid,total_samples_attempted,esr_tree_A,esr_tree_B
二维高密度场景,2,650,Kp_0.10,0.1,0.04,0.1,custom_pid,1,False,inf,4.994374513626099,650,908,inf,0.0,inf,inf,753.7237058159839,133,0.20461538461538462,divergence,31031099.5962398,0.2653846153846154,345,1300,0.2723076923076923,0.25846153846153846
二维高密度场景,2,650,Kp_0.10,0.1,0.04,0.1,custom_pid,2,True,2628.602140073708,3.9489405155181885,568,838,43.50483203154617,29.11819892408117,2.3207743167877197,368.0,727.4107445437537,132,0.2323943661971831,none,31765005.139567353,0.263668430335097,299,1134,0.27336860670194,0.25396825396825395
二维高密度场景,2,650,Kp_0.10,0.1,0.04,0.1,custom_pid,3,True,2499.585895739791,2.4691834449768066,402,559,39.995076718794635,28.263862928785468,1.1536872386932373,202.0,646.6932358304194,83,0.2064676616915423,none,31301665.03075094,0.256857855361596,206,802,0.2518703241895262,0.26184538653366585
二维高密度场景,2,650,Kp_0.10,0.1,0.04,0.1,custom_pid,4,False,inf,4.353719711303711,650,855,inf,0.0,inf,inf,748.0442552822919,155,0.23846153846153847,divergence,31531286.23816388,0.2815384615384615,366,1300,0.26461538461538464,0.29846153846153844
二维高密度场景,2,650,Kp_0.10,0.1,0.04,0.1,custom_pid,5,True,2364.717503533331,1.6342918872833252,248,344,34.28719563459941,30.513520358805085,0.3161752223968506,48.0,558.0318389433406,53,0.21370967741935484,none,31211387.382832024,0.2550607287449393,126,494,0.2793522267206478,0.23076923076923078
二维高密度场景,2,650,Kp_0.10,0.1,0.04,0.1,custom_pid,6,True,2471.1135547330737,3.2363412380218506,488,650,45.291118547436724,27.413421949531575,1.6457064151763916,288.0,669.8419795442342,105,0.2151639344262295,none,32532850.876451246,0.26386036960985626,257,974,0.2402464065708419,0.2874743326488706
二维高密度场景,2,650,Kp_0.10,0.1,0.04,0.1,custom_pid,7,False,inf,5.218703031539917,650,943,inf,0.0,inf,inf,759.7762882029273,151,0.2323076923076923,divergence,31354995.67945347,0.25461538461538463,331,1300,0.26153846153846155,0.24769230769230768
二维高密度场景,2,650,Kp_0.10,0.1,0.04,0.1,custom_pid,8,True,2660.8542056885603,3.2114763259887695,467,657,40.298819802837144,32.52797628356119,1.6890687942504883,267.0,722.5624699008358,101,0.21627408993576017,none,30744149.475048874,0.26502145922746784,247,932,0.26824034334763946,0.26180257510729615
二维高密度场景,2,650,Kp_0.10,0.1,0.04,0.1,custom_pid,9,True,2312.3705706199676,1.781275987625122,263,416,40.78611209133082,30.465814604672733,0.41411304473876953,63.0,606.5171259999322,69,0.2623574144486692,none,31152847.35610227,0.24236641221374045,127,524,0.2099236641221374,0.2748091603053435
二维高密度场景,2,650,Kp_0.10,0.1,0.04,0.1,custom_pid,10,True,2543.448749754509,3.214992046356201,451,646,34.20915678338837,29.15821095716866,1.7179102897644043,251.0,672.6210435284772,99,0.21951219512195122,none,31864180.070811816,0.2677777777777778,241,900,0.26,0.27555555555555555
二维高密度场景,2,650,Kp_0.10,0.1,0.04,0.1,custom_pid,11,False,inf,4.59897780418396,650,914,inf,0.0,inf,inf,747.6884573547125,135,0.2076923076923077,divergence,30755717.192874637,0.26384615384615384,343,1300,0.2784615384615385,0.24923076923076923
二维高密度场景,2,650,Kp_0.10,0.1,0.04,0.1,custom_pid,12,False,inf,4.890557050704956,650,974,inf,0.0,inf,inf,777.4563792636837,152,0.23384615384615384,divergence,30134572.03915817,0.26076923076923075,339,1300,0.2523076923076923,0.2692307692307692
二维高密度场景,2,650,Kp_0.10,0.1,0.04,0.1,custom_pid,13,True,2458.7491540775522,1.9704632759094238,288,373,39.548539942709574,26.954410688109803,0.5690765380859375,88.0,589.4724390388336,42,0.14583333333333334,none,31377711.73302279,0.23344947735191637,134,574,0.25435540069686413,0.21254355400696864
二维高密度场景,2,650,Kp_0.10,0.1,0.04,0.1,custom_pid,14,True,2611.513785628049,1.6150639057159424,260,327,42.91882493503535,33.119470529360754,0.3792855739593506,60.0,593.8224435770913,43,0.16538461538461538,none,31287910.407167755,0.2857142857142857,148,518,0.2471042471042471,0.32432432432432434
二维高密度场景,2,650,Kp_0.10,0.1,0.04,0.1,custom_pid,15,True,2494.321451869595,5.065307378768921,650,989,38.45823483833002,32.78732418722877,3.3512110710144043,464.0,745.3823381607966,164,0.2523076923076923,none,30390624.183040187,0.2692307692307692,350,1300,0.2676923076923077,0.27076923076923076
二维高密度场景,2,650,Kp_0.10,0.1,0.04,0.1,custom_pid,16,True,2428.912006865898,4.203324556350708,637,826,45.14168395807756,26.566942729956487,2.5907320976257324,437.0,735.2706501120387,123,0.19309262166405022,none,31743033.661015064,0.26336477987421386,335,1272,0.2562893081761006,0.27044025157232704
二维高密度场景,2,650,Kp_0.10,0.1,0.04,0.1,custom_pid,17,True,2390.296042004046,1.6919331550598145,273,397,35.60570066142658,32.17796306053607,0.3998112678527832,73.0,622.4580083721032,56,0.20512820512820512,none,31363996.117401373,0.23161764705882354,126,544,0.22794117647058823,0.23529411764705882
二维高密度场景,2,650,Kp_0.10,0.1,0.04,0.1,custom_pid,18,True,2796.3187682087755,3.869083881378174,555,820,40.5504778749281,27.732477291959537,2.213592290878296,355.0,770.7256259797055,112,0.2018018018018018,none,31166787.613036398,0.26895306859205775,298,1108,0.27617328519855594,0.26173285198555957
二维高密度场景,2,650,Kp_0.10,0.1,0.04,0.1,custom_pid,19,True,2375.6094144797194,2.978334903717041,441,624,36.40014696739831,26.89834847658399,1.4238107204437256,241.0,708.2047689172447,102,0.23129251700680273,none,30859288.99345525,0.2636363636363636,232,880,0.2818181818181818,0.24545454545454545
二维高密度场景,2,650,Kp_0.10,0.1,0.04,0.1,custom_pid,20,True,3112.573563923264,5.548124551773071,650,975,38.427673457801696,29.305041291804738,4.876710414886475,588.0,744.4200855182678,161,0.24769230769230768,none,32260309.671240877,0.2815384615384615,366,1300,0.2815384615384615,0.2815384615384615
二维高密度场景,2,650,Kp_0.10,0.1,0.04,0.1,custom_pid,21,False,inf,5.226587533950806,650,947,inf,0.0,inf,inf,780.1216059984333,156,0.24,divergence,31393926.198747437,0.28307692307692306,368,1300,0.2784615384615385,0.2876923076923077
二维高密度场景,2,650,Kp_0.10,0.1,0.04,0.1,custom_pid,22,True,2466.6037617910742,5.0151262283325195,640,940,35.516475719060544,30.260471393833893,3.164301633834839,440.0,734.8238445596562,154,0.240625,none,31318556.53527303,0.24726134585289514,316,1278,0.26291079812206575,0.23161189358372458
二维高密度场景,2,650,Kp_0.10,0.1,0.04,0.1,custom_pid,23,True,2383.495378669638,3.256417751312256,477,640,33.52977764552511,32.009557593973646,1.692934513092041,277.0,659.3511659406392,88,0.18448637316561844,none,32730268.90204753,0.25630252100840334,244,952,0.24579831932773108,0.2668067226890756
二维高密度场景,2,650,Kp_0.10,0.1,0.04,0.1,custom_pid,24,False,inf,5.417060852050781,650,1005,inf,0.0,inf,inf,780.1905877918912,171,0.2630769230769231,divergence,30879556.79525639,0.27076923076923076,352,1300,0.2676923076923077,0.27384615384615385
二维高密度场景,2,650,Kp_0.10,0.1,0.04,0.1,custom_pid,25,True,3151.322256986497,5.027191638946533,650,973,38.32529384262846,32.81590294527951,3.8890204429626465,525.0,787.8829770536161,158,0.24307692307692308,none,31156440.104191296,0.25384615384615383,330,1300,0.26615384615384613,0.24153846153846154
二维高密度场景,2,650,Kp_0.10,0.1,0.04,0.1,custom_pid,26,True,3168.0815748949117,4.5549633502960205,598,863,38.77940083545014,28.392399235827,2.889968156814575,398.0,686.8034502428776,129,0.2157190635451505,none,31919128.877333466,0.26716917922948075,319,1194,0.254606365159129,0.2797319932998325
二维高密度场景,2,650,Kp_0.10,0.1,0.04,0.1,custom_pid,27,False,inf,5.006012439727783,650,955,inf,0.0,inf,inf,806.9863770869424,157,0.24153846153846154,divergence,31542936.976399567,0.28,364,1300,0.2953846153846154,0.26461538461538464
二维高密度场景,2,650,Kp_0.10,0.1,0.04,0.1,custom_pid,28,True,2717.865412966196,4.7107133865356445,648,960,42.124576009885274,26.758154002946295,2.9602320194244385,448.0,743.1527119406318,164,0.25308641975308643,none,31688702.19872748,0.2604327666151468,337,1294,0.2596599690880989,0.26120556414219476
二维高密度场景,2,650,Kp_0.10,0.1,0.04,0.1,custom_pid,29,True,2449.257255104888,2.573106527328491,358,538,40.41787540281933,35.763786162264395,1.026167631149292,158.0,640.385399689598,78,0.21787709497206703,none,31601044.858629894,0.2535014005602241,181,714,0.2661064425770308,0.24089635854341737
二维高密度场景,2,650,Kp_0.10,0.1,0.04,0.1,custom_pid,30,True,2319.5880331519134,4.802286386489868,650,950,38.45199544429756,28.956707232763357,3.763381242752075,540.0,725.8649682183847,152,0.23384615384615384,none,30844035.52485334,0.24615384615384617,320,1300,0.2353846153846154,0.2569230769230769
二维高密度场景,2,650,Kp_0.15,0.15000000000000002,0.04,0.1,custom_pid,1,False,inf,4.8095197677612305,650,962,inf,0.0,inf,inf,712.2066571436333,148,0.2276923076923077,divergence,31391590.090968236,0.25153846153846154,327,1300,0.23076923076923078,0.2723076923076923
二维高密度场景,2,650,Kp_0.15,0.15000000000000002,0.04,0.1,custom_pid,2,True,2918.6172873875216,4.544792652130127,650,915,39.077653675439876,30.495596400434863,4.131580591201782,603.0,666.7785937703852,133,0.20461538461538462,none,31274083.82252039,0.25384615384615383,330,1300,0.23692307692307693,0.27076923076923076
二维高密度场景,2,650,Kp_0.15,0.15000000000000002,0.04,0.1,custom_pid,3,True,2581.830125217427,3.733887195587158,547,805,42.7346941002972,33.273261288410254,2.1609995365142822,347.0,751.9809788885794,114,0.20840950639853748,none,29725910.763958037,0.27014652014652013,295,1092,0.2673992673992674,0.27289377289377287
二维高密度场景,2,650,Kp_0.15,0.15000000000000002,0.04,0.1,custom_pid,4,True,3175.7670986227195,4.4758710861206055,650,933,37.651150703091936,25.444315675054707,3.117281436920166,495.0,763.2746465621906,153,0.2353846153846154,none,31210052.61927007,0.24461538461538462,318,1300,0.2523076923076923,0.23692307692307693
二维高密度场景,2,650,Kp_0.15,0.15000000000000002,0.04,0.1,custom_pid,5,True,2526.4928621644963,2.2993197441101074,353,447,34.76513988368527,36.6503589383356,0.8625180721282959,153.0,628.8021860260765,72,0.20396600566572237,none,30219945.068864528,0.2471590909090909,174,704,0.2471590909090909,0.2471590909090909
二维高密度场景,2,650,Kp_0.15,0.15000000000000002,0.04,0.1,custom_pid,6,True,2309.8899320247433,1.5461978912353516,253,355,31.781775756673323,34.684636567050795,0.3745992183685303,53.0,551.1063356545883,40,0.15810276679841898,none,31325960.073892284,0.2400793650793651,121,504,0.20238095238095238,0.2777777777777778
二维高密度场景,2,650,Kp_0.15,0.15000000000000002,0.04,0.1,custom_pid,7,True,2810.9069548532593,4.672169923782349,650,965,33.654654490484155,27.21815826600981,3.7499101161956787,548.0,763.4595274387052,170,0.26153846153846155,none,31342609.20128945,0.27,351,1300,0.26461538461538464,0.2753846153846154
二维高密度场景,2,650,Kp_0.15,0.15000000000000002,0.04,0.1,custom_pid,8,True,2725.921577139102,4.566080808639526,650,957,44.355825198887956,29.70280846903596,3.022533893585205,472.0,774.738621677701,161,0.24769230769230768,none,29989922.108823273,0.27615384615384614,359,1300,0.2907692307692308,0.26153846153846155
二维高密度场景,2,650,Kp_0.15,0.15000000000000002,0.04,0.1,custom_pid,9,True,2431.311696822058,1.5499706268310547,265,373,42.72674746659619,30.429971248751812,0.3643045425415039,65.0,683.715522265009,55,0.20754716981132076,none,31363461.85142646,0.2821969696969697,149,528,0.3143939393939394,0.25
二维高密度场景,2,650,Kp_0.15,0.15000000000000002,0.04,0.1,custom_pid,10,True,2751.360546123126,3.077038049697876,488,664,34.17550507502951,31.636717665397722,1.6539247035980225,288.0,695.6186236033523,107,0.2192622950819672,none,32370907.139069125,0.27002053388090347,263,974,0.2648870636550308,0.2751540041067762
二维高密度场景,2,650,Kp_0.15,0.15000000000000002,0.04,0.1,custom_pid,11,True,2827.7762404102846,2.9646172523498535,458,675,39.035739088253095,30.863080062307837,1.5250885486602783,258.0,713.5308176950728,121,0.26419213973799127,none,32447611.732893925,0.2702407002188184,247,914,0.2713347921225383,0.26914660831509846
二维高密度场景,2,650,Kp_0.15,0.15000000000000002,0.04,0.1,custom_pid,12,True,2517.283727155015,1.6524417400360107,305,389,36.1203805227047,33.408202435046206,0.5298173427581787,105.0,588.828916325501,48,0.15737704918032788,none,31484189.85800419,0.2565789473684211,156,608,0.22697368421052633,0.28618421052631576
二维高密度场景,2,650,Kp_0.15,0.15000000000000002,0.04,0.1,custom_pid,13,False,inf,5.318847894668579,650,998,inf,0.0,inf,inf,724.0786036439592,145,0.2230769230769231,divergence,30835709.630120296,0.24076923076923076,313,1300,0.23692307692307693,0.24461538461538462
二维高密度场景,2,650,Kp_0.15,0.15000000000000002,0.04,0.1,custom_pid,14,True,2654.627057287634,2.8003711700439453,449,566,38.69803005419562,28.607854076895638,1.3721637725830078,249.0,668.0195788534866,87,0.19376391982182628,none,31361496.55397668,0.25223214285714285,226,896,0.22767857142857142,0.2767857142857143
二维高密度场景,2,650,Kp_0.15,0.15000000000000002,0.04,0.1,custom_pid,15,True,2417.2592187743894,4.20836329460144,589,869,35.55585206284866,26.088727108691547,2.574821949005127,389.0,740.0056986343263,146,0.24787775891341257,none,31328417.28115494,0.26445578231292516,311,1176,0.2602040816326531,0.2687074829931973
二维高密度场景,2,650,Kp_0.15,0.15000000000000002,0.04,0.1,custom_pid,16,True,3009.5515263207685,3.007556676864624,486,643,34.59868945204247,30.572780903846606,1.613447666168213,286.0,639.38921545435,112,0.23045267489711935,none,31270722.64128616,0.2670103092783505,259,970,0.22268041237113403,0.311340206185567
二维高密度场景,2,650,Kp_0.15,0.15000000000000002,0.04,0.1,custom_pid,17,False,inf,4.784520626068115,650,953,inf,0.0,inf,inf,797.5342416102917,145,0.2230769230769231,divergence,31463713.437979795,0.2723076923076923,354,1300,0.27076923076923076,0.27384615384615385
二维高密度场景,2,650,Kp_0.15,0.15000000000000002,0.04,0.1,custom_pid,18,True,2609.5271825260834,4.926946640014648,650,958,38.74307798616055,28.91123705180924,3.49363374710083,482.0,709.2913378753365,155,0.23846153846153847,none,31342339.491955128,0.24769230769230768,322,1300,0.23384615384615384,0.26153846153846155
二维高密度场景,2,650,Kp_0.15,0.15000000000000002,0.04,0.1,custom_pid,19,True,2605.8860018474456,3.2137365341186523,526,694,42.58737771507106,28.866016948838972,1.8357563018798828,326.0,662.7716923271705,102,0.19391634980988592,none,30642284.002234317,0.26285714285714284,276,1050,0.24,0.2857142857142857
二维高密度场景,2,650,Kp_0.15,0.15000000000000002,0.04,0.1,custom_pid,20,True,2493.886381576627,1.6663167476654053,314,377,41.77504951173202,27.058443076414314,0.5675158500671387,114.0,638.9798450236264,55,0.1751592356687898,none,31011185.879735008,0.24281150159744408,152,626,0.24920127795527156,0.2364217252396166
二维高密度场景,2,650,Kp_0.15,0.15000000000000002,0.04,0.1,custom_pid,21,False,inf,4.446455001831055,650,967,inf,0.0,inf,inf,756.5378404636004,156,0.24,divergence,31269564.155769873,0.2561538461538462,333,1300,0.26461538461538464,0.24769230769230768
二维高密度场景,2,650,Kp_0.15,0.15000000000000002,0.04,0.1,custom_pid,22,True,2428.995145984487,1.4287912845611572,267,344,41.24047980271286,31.890955743716443,0.30322766304016113,67.0,545.4641800267128,52,0.1947565543071161,none,31268280.311137963,0.2593984962406015,138,532,0.2556390977443609,0.2631578947368421
二维高密度场景,2,650,Kp_0.15,0.15000000000000002,0.04,0.1,custom_pid,23,True,2572.2862291491583,2.0700509548187256,358,466,32.061511507717626,31.51816687296742,0.8121495246887207,158.0,608.0345776077816,81,0.22625698324022347,none,31389085.566324174,0.2801120448179272,200,714,0.26330532212885155,0.2969187675070028
二维高密度场景,2,650,Kp_0.15,0.15000000000000002,0.04,0.1,custom_pid,24,True,2484.1384969391515,1.6648192405700684,268,370,36.478374341718855,28.06959445199417,0.36972951889038086,68.0,542.327084498729,58,0.21641791044776118,none,31679416.438480627,0.26217228464419473,140,534,0.24719101123595505,0.27715355805243447
二维高密度场景,2,650,Kp_0.15,0.15000000000000002,0.04,0.1,custom_pid,25,False,inf,4.7510504722595215,650,974,inf,0.0,inf,inf,714.6862973073189,131,0.20153846153846153,divergence,31465660.43553418,0.2523076923076923,328,1300,0.2523076923076923,0.2523076923076923
二维高密度场景,2,650,Kp_0.15,0.15000000000000002,0.04,0.1,custom_pid,26,False,inf,5.183203220367432,650,950,inf,0.0,inf,inf,737.7179495741126,150,0.23076923076923078,divergence,31713953.735402036,0.2692307692307692,350,1300,0.28,0.25846153846153846
二维高密度场景,2,650,Kp_0.15,0.15000000000000002,0.04,0.1,custom_pid,27,False,inf,4.968905925750732,650,947,inf,0.0,inf,inf,753.7239287007392,157,0.24153846153846154,divergence,31281071.121798225,0.2792307692307692,363,1300,0.2923076923076923,0.26615384615384613
二维高密度场景,2,650,Kp_0.15,0.15000000000000002,0.04,0.1,custom_pid,28,False,inf,4.825609445571899,650,990,inf,0.0,inf,inf,703.7562464384807,157,0.24153846153846154,divergence,31318965.1394184,0.25461538461538463,331,1300,0.24,0.2692307692307692
二维高密度场景,2,650,Kp_0.15,0.15000000000000002,0.04,0.1,custom_pid,29,True,2478.0782037865774,1.7180004119873047,302,407,33.83538997347101,31.120257574629786,0.5253784656524658,102.0,655.3975607019606,67,0.22185430463576158,none,31814691.625380944,0.260797342192691,157,602,0.23920265780730898,0.2823920265780731
二维高密度场景,2,650,Kp_0.15,0.15000000000000002,0.04,0.1,custom_pid,30,False,inf,4.5294716358184814,650,927,inf,0.0,inf,inf,712.9751968189793,152,0.23384615384615384,divergence,31374029.365187652,0.2776923076923077,361,1300,0.2815384615384615,0.27384615384615385
二维高密度场景,2,650,Kp_0.20,0.20000000000000004,0.04,0.1,custom_pid,1,True,2995.445723416736,2.236797571182251,377,494,41.477172491690666,28.352870930908082,0.9443042278289795,177.0,643.5444159772419,84,0.22281167108753316,none,31242816.972595055,0.25930851063829785,195,752,0.26595744680851063,0.2526595744680851
二维高密度场景,2,650,Kp_0.20,0.20000000000000004,0.04,0.1,custom_pid,2,True,2660.4161523084954,2.070665121078491,369,462,35.48635040334907,26.024356134498927,0.8608720302581787,169.0,667.3050557577373,71,0.19241192411924118,none,31266963.603472974,0.23641304347826086,174,736,0.24456521739130435,0.22826086956521738
二维高密度场景,2,650,Kp_0.20,0.20000000000000004,0.04,0.1,custom_pid,3,True,2537.154724853866,2.6737451553344727,416,642,34.755148290966076,29.882346555431848,1.2805864810943604,216.0,664.0787304014342,94,0.22596153846153846,none,31567070.39497902,0.25421686746987954,211,830,0.25301204819277107,0.25542168674698795
二维高密度场景,2,650,Kp_0.20,0.20000000000000004,0.04,0.1,custom_pid,4,True,2361.072942916801,2.284332275390625,369,535,37.195023685954894,28.106978983373907,0.9628212451934814,169.0,674.2882244213667,87,0.23577235772357724,none,30224368.48911388,0.2798913043478261,206,736,0.29891304347826086,0.2608695652173913
二维高密度场景,2,650,Kp_0.20,0.20000000000000004,0.04,0.1,custom_pid,5,True,2856.9196702285153,3.701953411102295,547,782,42.338756307421114,28.64633669887235,2.0775134563446045,347.0,727.7819796618821,101,0.1846435100548446,none,32029903.896968506,0.26556776556776557,290,1092,0.2838827838827839,0.24725274725274726
二维高密度场景,2,650,Kp_0.20,0.20000000000000004,0.04,0.1,custom_pid,6,True,2441.3091519975055,4.5819103717803955,642,953,38.61778338947039,33.32646273985473,2.882970094680786,442.0,717.4796262952036,134,0.2087227414330218,none,31624420.190064147,0.26053042121684866,334,1282,0.23868954758190328,0.2823712948517941
二维高密度场景,2,650,Kp_0.20,0.20000000000000004,0.04,0.1,custom_pid,7,True,2341.467319312301,2.1214051246643066,360,474,39.5938336598334,29.439263566504128,0.8526849746704102,160.0,658.8066720193608,75,0.20833333333333334,none,31411527.204438526,0.2618384401114206,188,718,0.2618384401114206,0.2618384401114206
二维高密度场景,2,650,Kp_0.20,0.20000000000000004,0.04,0.1,custom_pid,8,True,2455.783240649991,3.6590771675109863,570,802,40.38405347316356,28.95249793683801,2.127638578414917,370.0,708.4134500815379,134,0.23508771929824562,none,31272152.798514944,0.25746924428822493,293,1138,0.26362038664323373,0.2513181019332162
二维高密度场景,2,650,Kp_0.20,0.20000000000000004,0.04,0.1,custom_pid,9,True,2397.4953358051444,2.395270347595215,384,568,39.13309909468365,31.159814858357105,1.0381672382354736,184.0,685.4036156203738,90,0.234375,none,31418202.891020373,0.25326370757180156,194,766,0.25326370757180156,0.25326370757180156
二维高密度场景,2,650,Kp_0.20,0.20000000000000004,0.04,0.1,custom_pid,10,True,2582.4725467036633,4.264512062072754,650,911,29.543243229508477,27.74331683187488,4.044234037399292,624.0,741.01645969686,152,0.23384615384615384,none,28273024.58219484,0.24307692307692308,316,1300,0.2230769230769231,0.2630769230769231
二维高密度场景,2,650,Kp_0.20,0.20000000000000004,0.04,0.1,custom_pid,11,True,2932.2058942326767,4.297030687332153,629,922,41.08638348970256,30.842814065527932,2.67061185836792,429.0,808.0665058822228,146,0.23211446740858505,none,30284701.005188767,0.2730891719745223,343,1256,0.29777070063694266,0.2484076433121019
二维高密度场景,2,650,Kp_0.20,0.20000000000000004,0.04,0.1,custom_pid,12,False,inf,4.435304403305054,650,940,inf,0.0,inf,inf,726.9691260587404,169,0.26,divergence,31596118.342095755,0.2423076923076923,315,1300,0.24615384615384617,0.23846153846153847
二维高密度场景,2,650,Kp_0.20,0.20000000000000004,0.04,0.1,custom_pid,13,False,inf,4.519025564193726,650,975,inf,0.0,inf,inf,723.8845664119889,138,0.2123076923076923,divergence,31694113.86574271,0.27307692307692305,355,1300,0.26461538461538464,0.2815384615384615
二维高密度场景,2,650,Kp_0.20,0.20000000000000004,0.04,0.1,custom_pid,14,True,2465.8921539721655,2.460312843322754,381,579,43.508479538852974,32.490926105009216,1.0197231769561768,181.0,632.5515834129554,80,0.2099737532808399,none,31406032.52070154,0.25394736842105264,193,760,0.25,0.2578947368421053
二维高密度场景,2,650,Kp_0.20,0.20000000000000004,0.04,0.1,custom_pid,15,True,2672.2185177907863,4.060420751571655,586,862,39.72519094447579,29.545071277685263,2.4624955654144287,386.0,764.0866823186872,137,0.23378839590443687,none,32176824.62954988,0.26666666666666666,312,1170,0.2564102564102564,0.27692307692307694
二维高密度场景,2,650,Kp_0.20,0.20000000000000004,0.04,0.1,custom_pid,16,True,2972.025625836632,3.0213756561279297,473,686,43.942268309537546,26.916013286387276,1.582425832748413,273.0,750.4715818724408,99,0.20930232558139536,none,31531999.19235552,0.2616525423728814,247,944,0.2563559322033898,0.2669491525423729
二维高密度场景,2,650,Kp_0.20,0.20000000000000004,0.04,0.1,custom_pid,17,False,inf,4.837447166442871,650,984,inf,0.0,inf,inf,731.513146222569,155,0.23846153846153847,divergence,30309269.216064353,0.2592307692307692,337,1300,0.2523076923076923,0.26615384615384613
二维高密度场景,2,650,Kp_0.20,0.20000000000000004,0.04,0.1,custom_pid,18,True,2479.446590275774,2.6793394088745117,434,615,49.27989886635337,31.63060055447882,1.306065320968628,234.0,683.2395868437476,107,0.2465437788018433,none,31650263.275657516,0.28290993071593534,245,866,0.2840646651270208,0.2817551963048499
二维高密度场景,2,650,Kp_0.20,0.20000000000000004,0.04,0.1,custom_pid,19,True,2589.39166009608,3.1626033782958984,491,708,36.52163590123157,33.84804117113112,1.712831735610962,291.0,762.2828221178565,110,0.2240325865580448,none,32063920.963143878,0.25612244897959185,251,980,0.2795918367346939,0.23265306122448978
二维高密度场景,2,650,Kp_0.20,0.20000000000000004,0.04,0.1,custom_pid,20,True,2633.215139710073,3.4258692264556885,517,782,41.339319116057204,30.30165886527453,1.9297358989715576,317.0,704.6343057786949,137,0.26499032882011603,none,31724585.526462536,0.2374031007751938,245,1032,0.2596899224806202,0.21511627906976744
二维高密度场景,2,650,Kp_0.20,0.20000000000000004,0.04,0.1,custom_pid,21,False,inf,4.597054958343506,650,972,inf,0.0,inf,inf,744.502740494083,154,0.23692307692307693,divergence,31726260.08103264,0.2623076923076923,341,1300,0.26461538461538464,0.26
二维高密度场景,2,650,Kp_0.20,0.20000000000000004,0.04,0.1,custom_pid,22,False,inf,4.297625303268433,650,910,inf,0.0,inf,inf,764.6661349581146,136,0.20923076923076922,divergence,31067320.276528157,0.2469230769230769,321,1300,0.27076923076923076,0.2230769230769231
二维高密度场景,2,650,Kp_0.20,0.20000000000000004,0.04,0.1,custom_pid,23,True,2285.3039304847953,1.6546485424041748,281,403,35.071280845676384,31.08847544201169,0.4262077808380127,81.0,607.0737982193718,64,0.2277580071174377,none,31494963.44430411,0.30357142857142855,170,560,0.2857142857142857,0.32142857142857145
二维高密度场景,2,650,Kp_0.20,0.20000000000000004,0.04,0.1,custom_pid,24,True,3021.885695392782,3.2916321754455566,526,752,42.84108419527329,28.50797947248222,1.8217661380767822,326.0,745.5742046354384,112,0.21292775665399238,none,31412573.128641743,0.2438095238095238,256,1050,0.24952380952380954,0.23809523809523808
二维高密度场景,2,650,Kp_0.20,0.20000000000000004,0.04,0.1,custom_pid,25,True,2907.9377766586504,2.6578445434570312,431,616,40.29012971857704,32.8525704868883,1.2784624099731445,231.0,704.5710718855959,94,0.21809744779582366,none,32731244.460103944,0.25813953488372093,222,860,0.29767441860465116,0.2186046511627907
二维高密度场景,2,650,Kp_0.20,0.20000000000000004,0.04,0.1,custom_pid,26,False,inf,4.237229108810425,650,890,inf,0.0,inf,inf,757.0463423934783,136,0.20923076923076922,divergence,31665657.69194742,0.2784615384615385,362,1300,0.27692307692307694,0.28
二维高密度场景,2,650,Kp_0.20,0.20000000000000004,0.04,0.1,custom_pid,27,False,inf,4.151596307754517,650,866,inf,0.0,inf,inf,811.5632601753432,156,0.24,divergence,31484509.435438257,0.2569230769230769,334,1300,0.2723076923076923,0.24153846153846154
二维高密度场景,2,650,Kp_0.20,0.20000000000000004,0.04,0.1,custom_pid,28,True,2478.776352904556,1.9794344902038574,336,470,38.8830255886067,30.5992502310927,0.7250614166259766,136.0,586.5457833648969,52,0.15476190476190477,none,31421074.01511408,0.2537313432835821,170,670,0.2537313432835821,0.2537313432835821
二维高密度场景,2,650,Kp_0.20,0.20000000000000004,0.04,0.1,custom_pid,29,False,inf,4.50876784324646,650,957,inf,0.0,inf,inf,791.7690303029603,153,0.2353846153846154,divergence,31199416.276726976,0.2623076923076923,341,1300,0.2553846153846154,0.2692307692307692
二维高密度场景,2,650,Kp_0.20,0.20000000000000004,0.04,0.1,custom_pid,30,False,inf,4.437581539154053,650,936,inf,0.0,inf,inf,738.9888271707994,158,0.24307692307692308,divergence,31501514.272546064,0.26692307692307693,347,1300,0.2692307692307692,0.26461538461538464
二维高密度场景,2,650,Kp_0.25,0.25000000000000006,0.04,0.1,custom_pid,1,True,2688.1093679837295,4.426765441894531,650,935,40.8267150005482,30.987975524971148,4.187481641769409,623.0,721.0696555887339,150,0.23076923076923078,none,31630238.3819508,0.26692307692307693,347,1300,0.26461538461538464,0.2692307692307692
二维高密度场景,2,650,Kp_0.25,0.25000000000000006,0.04,0.1,custom_pid,2,False,inf,4.550915956497192,650,966,inf,0.0,inf,inf,787.2328985592064,154,0.23692307692307693,divergence,31529051.68746659,0.27692307692307694,360,1300,0.2846153846153846,0.2692307692307692
二维高密度场景,2,650,Kp_0.25,0.25000000000000006,0.04,0.1,custom_pid,3,True,2859.982860701396,1.540971279144287,272,361,44.21664630959358,32.43802343652267,0.4056563377380371,72.0,553.0070113358694,59,0.21691176470588236,none,31626035.462175854,0.25830258302583026,140,542,0.25461254612546125,0.26199261992619927
二维高密度场景,2,650,Kp_0.25,0.25000000000000006,0.04,0.1,custom_pid,4,True,3374.416730484198,3.5384180545806885,535,800,36.34756442173755,28.593566983923775,2.0058929920196533,335.0,823.1741559014646,120,0.22429906542056074,none,32063812.66310054,0.2631086142322097,281,1068,0.27902621722846443,0.24719101123595505
二维高密度场景,2,650,Kp_0.25,0.25000000000000006,0.04,0.1,custom_pid,5,False,inf,4.357113599777222,650,910,inf,0.0,inf,inf,738.1084970433918,146,0.2246153846153846,divergence,30617803.43905359,0.2676923076923077,348,1300,0.2676923076923077,0.2676923076923077
二维高密度场景,2,650,Kp_0.25,0.25000000000000006,0.04,0.1,custom_pid,6,True,2650.215299354289,2.3198647499084473,394,519,40.600775063725706,32.17351922674858,1.0854904651641846,194.0,636.2141584386777,73,0.18527918781725888,none,31343230.906536657,0.2582697201017812,203,786,0.24936386768447838,0.26717557251908397
二维高密度场景,2,650,Kp_0.25,0.25000000000000006,0.04,0.1,custom_pid,7,False,inf,4.446609735488892,650,958,inf,0.0,inf,inf,733.963780486347,146,0.2246153846153846,divergence,31444540.682080757,0.25153846153846154,327,1300,0.26615384615384613,0.23692307692307693
二维高密度场景,2,650,Kp_0.25,0.25000000000000006,0.04,0.1,custom_pid,8,True,2521.4486224658676,1.571882963180542,274,381,34.93040189403011,31.82141194869827,0.3763740062713623,74.0,544.0464156415562,60,0.21897810218978103,none,31612835.039396614,0.2619047619047619,143,546,0.24175824175824176,0.28205128205128205
二维高密度场景,2,650,Kp_0.25,0.25000000000000006,0.04,0.1,custom_pid,9,True,2819.0081401762,4.043560743331909,600,869,39.57948026304879,30.24860144701546,2.4861209392547607,400.0,818.8772846170458,160,0.26666666666666666,none,31936215.807123154,0.29549248747913187,354,1198,0.2854757929883139,0.3055091819699499
二维高密度场景,2,650,Kp_0.25,0.25000000000000006,0.04,0.1,custom_pid,10,True,2400.7298864079617,1.4819297790527344,252,354,33.62388447237381,27.301867457820965,0.28044581413269043,52.0,568.3110232905069,40,0.15873015873015872,none,31320063.370170992,0.2868525896414343,144,502,0.2549800796812749,0.3187250996015936
二维高密度场景,2,650,Kp_0.25,0.25000000000000006,0.04,0.1,custom_pid,11,False,inf,4.488714218139648,650,960,inf,0.0,inf,inf,814.6912803854644,145,0.2230769230769231,divergence,31910122.71428061,0.26384615384615384,343,1300,0.2723076923076923,0.2553846153846154
二维高密度场景,2,650,Kp_0.25,0.25000000000000006,0.04,0.1,custom_pid,12,True,2482.2527599619925,2.2019355297088623,360,518,26.995853916497925,28.82498849740944,0.8845610618591309,160.0,649.0957836466854,87,0.24166666666666667,none,32043121.103600714,0.2590529247910863,186,718,0.2785515320334262,0.2395543175487465
二维高密度场景,2,650,Kp_0.25,0.25000000000000006,0.04,0.1,custom_pid,13,False,inf,4.602089166641235,650,982,inf,0.0,inf,inf,730.4957810478244,136,0.20923076923076922,divergence,31626475.557793874,0.26461538461538464,344,1300,0.2553846153846154,0.27384615384615385
二维高密度场景,2,650,Kp_0.25,0.25000000000000006,0.04,0.1,custom_pid,14,True,2219.030151521927,1.4575541019439697,261,358,38.02597939258342,30.51224999371019,0.31745004653930664,61.0,580.9349654257575,46,0.17624521072796934,none,31589250.650167994,0.25961538461538464,135,520,0.2423076923076923,0.27692307692307694
二维高密度场景,2,650,Kp_0.25,0.25000000000000006,0.04,0.1,custom_pid,15,False,inf,4.431578874588013,650,935,inf,0.0,inf,inf,692.501826235525,146,0.2246153846153846,divergence,31469708.605165824,0.23923076923076922,311,1300,0.23384615384615384,0.24461538461538462
二维高密度场景,2,650,Kp_0.25,0.25000000000000006,0.04,0.1,custom_pid,16,False,inf,4.439879655838013,650,948,inf,0.0,inf,inf,789.755383709424,154,0.23692307692307693,divergence,31351727.961629264,0.2453846153846154,319,1300,0.24615384615384617,0.24461538461538462
二维高密度场景,2,650,Kp_0.25,0.25000000000000006,0.04,0.1,custom_pid,17,True,2759.861112061642,3.9996142387390137,593,877,40.273321436618275,26.559010898858872,2.369727849960327,393.0,732.3263314600915,143,0.2411467116357504,none,31498212.69702287,0.2685810810810811,318,1184,0.25675675675675674,0.28040540540540543
二维高密度场景,2,650,Kp_0.25,0.25000000000000006,0.04,0.1,custom_pid,18,True,2449.12443258297,1.643625259399414,285,409,37.89517992592229,30.409538986147776,0.4707653522491455,85.0,577.3215267254853,68,0.23859649122807017,none,31242148.36194215,0.2711267605633803,154,568,0.25,0.29225352112676056
二维高密度场景,2,650,Kp_0.25,0.25000000000000006,0.04,0.1,custom_pid,19,True,2837.358727306244,3.5352625846862793,528,769,42.22716198048969,27.462759102788,1.9616570472717285,328.0,653.3875727731001,136,0.25757575757575757,none,31616568.606140945,0.24667931688804554,260,1054,0.25996204933586337,0.2333965844402277
二维高密度场景,2,650,Kp_0.25,0.25000000000000006,0.04,0.1,custom_pid,20,True,2602.715262418989,1.5175387859344482,269,352,42.73391051988671,30.518735169062406,0.39462852478027344,69.0,598.4869585269568,60,0.22304832713754646,none,31489055.646542657,0.26119402985074625,140,536,0.27238805970149255,0.25
二维高密度场景,2,650,Kp_0.25,0.25000000000000006,0.04,0.1,custom_pid,21,True,3000.272715389621,4.403728008270264,650,935,35.85877713762994,30.73010619858038,3.53788161277771,549.0,763.0322538379153,119,0.18307692307692308,none,31741298.929145128,0.26692307692307693,347,1300,0.2692307692307692,0.26461538461538464
二维高密度场景,2,650,Kp_0.25,0.25000000000000006,0.04,0.1,custom_pid,22,True,2918.997344515574,4.463191270828247,650,953,45.10587159753809,29.744920978377014,3.1057443618774414,496.0,737.9761112222886,152,0.23384615384615384,none,30366390.524175566,0.27615384615384614,359,1300,0.26615384615384613,0.28615384615384615
二维高密度场景,2,650,Kp_0.25,0.25000000000000006,0.04,0.1,custom_pid,23,False,inf,4.41259503364563,650,943,inf,0.0,inf,inf,783.4807055482155,165,0.25384615384615383,divergence,30396000.078874625,0.2676923076923077,348,1300,0.27384615384615385,0.26153846153846155
二维高密度场景,2,650,Kp_0.25,0.25000000000000006,0.04,0.1,custom_pid,24,False,inf,4.72016978263855,650,1029,inf,0.0,inf,inf,798.0263992517466,159,0.24461538461538462,divergence,31545673.834005944,0.27307692307692305,355,1300,0.2907692307692308,0.2553846153846154
二维高密度场景,2,650,Kp_0.25,0.25000000000000006,0.04,0.1,custom_pid,25,False,inf,4.421320199966431,650,945,inf,0.0,inf,inf,767.4431752552218,172,0.26461538461538464,divergence,31600524.19236054,0.2569230769230769,334,1300,0.27692307692307694,0.23692307692307693
二维高密度场景,2,650,Kp_0.25,0.25000000000000006,0.04,0.1,custom_pid,26,True,2614.600853607671,2.452915668487549,380,587,42.4995435596831,29.03005832969435,1.0832493305206299,180.0,723.7640461970334,84,0.22105263157894736,none,31750026.8631096,0.2678100263852243,203,758,0.3087071240105541,0.22691292875989447
二维高密度场景,2,650,Kp_0.25,0.25000000000000006,0.04,0.1,custom_pid,27,False,inf,4.506345510482788,650,966,inf,0.0,inf,inf,714.3296389484079,165,0.25384615384615383,divergence,31545562.870039973,0.25461538461538463,331,1300,0.24461538461538462,0.26461538461538464
二维高密度场景,2,650,Kp_0.25,0.25000000000000006,0.04,0.1,custom_pid,28,False,inf,4.552709102630615,650,970,inf,0.0,inf,inf,714.6144268717892,161,0.24769230769230768,divergence,31570656.055408765,0.24076923076923076,313,1300,0.23076923076923078,0.25076923076923074
二维高密度场景,2,650,Kp_0.25,0.25000000000000006,0.04,0.1,custom_pid,29,True,2740.3544087202495,3.9034481048583984,572,845,39.10767881976447,28.2870502119371,2.336381196975708,372.0,809.8307242796506,109,0.19055944055944055,none,32619338.705305487,0.2775831873905429,317,1142,0.28546409807355516,0.26970227670753066
二维高密度场景,2,650,Kp_0.25,0.25000000000000006,0.04,0.1,custom_pid,30,True,2711.0929461656183,2.8714377880096436,445,644,40.880788488690875,35.340244951529726,1.454470157623291,245.0,708.9232955110524,105,0.23595505617977527,none,31748434.726826478,0.26013513513513514,231,888,0.2702702702702703,0.25
二维高密度场景,2,650,Kp_0.30,0.30000000000000004,0.04,0.1,custom_pid,1,True,2472.3145952054174,2.30985689163208,394,538,45.69673003606304,27.269792859892,1.0318408012390137,194.0,660.688251481724,87,0.22081218274111675,none,31445278.89889539,0.2480916030534351,195,786,0.2595419847328244,0.2366412213740458
二维高密度场景,2,650,Kp_0.30,0.30000000000000004,0.04,0.1,custom_pid,2,True,2591.457291113807,4.630759000778198,650,983,29.63497143662182,34.89644762321298,3.1139352321624756,474.0,785.8442354924921,182,0.28,none,31571950.669039767,0.2630769230769231,342,1300,0.2815384615384615,0.24461538461538462
二维高密度场景,2,650,Kp_0.30,0.30000000000000004,0.04,0.1,custom_pid,3,True,2655.1096254289537,2.2870962619781494,381,548,41.74482548782071,33.11786585680082,0.9713294506072998,181.0,633.0276218586166,85,0.2230971128608924,none,31862019.7229612,0.24342105263157895,185,760,0.21842105263157896,0.26842105263157895
二维高密度场景,2,650,Kp_0.30,0.30000000000000004,0.04,0.1,custom_pid,4,False,inf,4.516374111175537,650,973,inf,0.0,inf,inf,713.4128297659514,161,0.24769230769230768,divergence,30648095.10233343,0.26153846153846155,340,1300,0.2569230769230769,0.26615384615384613
二维高密度场景,2,650,Kp_0.30,0.30000000000000004,0.04,0.1,custom_pid,5,True,2473.3015867708327,1.6092467308044434,294,377,37.25261525480472,32.18708630273445,0.4877805709838867,94.0,613.308151889351,50,0.17006802721088435,none,32025706.000621863,0.2354948805460751,138,586,0.2150170648464164,0.25597269624573377
二维高密度场景,2,650,Kp_0.30,0.30000000000000004,0.04,0.1,custom_pid,6,False,inf,4.420389413833618,650,942,inf,0.0,inf,inf,796.4279602627313,154,0.23692307692307693,divergence,32181805.822701167,0.2753846153846154,358,1300,0.2692307692307692,0.2815384615384615
二维高密度场景,2,650,Kp_0.30,0.30000000000000004,0.04,0.1,custom_pid,7,True,2316.13464332247,1.3983423709869385,264,326,33.44864777800489,31.38680823340597,0.29003262519836426,64.0,607.3045126270725,51,0.19318181818181818,none,31491534.031574544,0.25475285171102663,134,526,0.24334600760456274,0.2661596958174905
二维高密度场景,2,650,Kp_0.30,0.30000000000000004,0.04,0.1,custom_pid,8,True,2269.4232953156525,1.350332260131836,236,331,37.91273570141183,30.218651104406923,0.21343255043029785,36.0,541.5749059218438,49,0.2076271186440678,none,31752314.44221157,0.251063829787234,118,470,0.2297872340425532,0.2723404255319149
二维高密度场景,2,650,Kp_0.30,0.30000000000000004,0.04,0.1,custom_pid,9,True,2769.005987808475,4.476603746414185,650,956,40.82707980369777,31.547969667529614,2.805508852005005,453.0,728.8752725638814,145,0.2230769230769231,none,32029166.9157548,0.2569230769230769,334,1300,0.24307692307692308,0.27076923076923076
二维高密度场景,2,650,Kp_0.30,0.30000000000000004,0.04,0.1,custom_pid,10,True,3091.842590447737,2.0505101680755615,406,446,32.202378644385064,55.191872837344796,0.814918041229248,206.0,719.0926662090569,74,0.18226600985221675,none,31372679.264589466,0.25925925925925924,210,810,0.2641975308641975,0.254320987654321
二维高密度场景,2,650,Kp_0.30,0.30000000000000004,0.04,0.1,custom_pid,11,True,2464.7017589057273,3.5839812755584717,560,802,37.970799984064406,33.444084895017234,2.0850820541381836,360.0,697.2024004111832,118,0.21071428571428572,none,30608211.62621197,0.25402504472271914,284,1118,0.2701252236135957,0.23792486583184258
二维高密度场景,2,650,Kp_0.30,0.30000000000000004,0.04,0.1,custom_pid,12,True,2568.779934667816,1.9172837734222412,335,456,38.788496969542045,32.13871404675429,0.6573901176452637,135.0,633.3728048807836,62,0.18507462686567164,none,31688808.94011858,0.25,167,668,0.23952095808383234,0.26047904191616766
二维高密度场景,2,650,Kp_0.30,0.30000000000000004,0.04,0.1,custom_pid,13,True,2535.4884863563493,1.6025292873382568,279,403,33.42684964082328,31.76961264329405,0.3638918399810791,79.0,612.5682659094447,57,0.20430107526881722,none,31452177.628011417,0.2787769784172662,155,556,0.2517985611510791,0.3057553956834532
二维高密度场景,2,650,Kp_0.30,0.30000000000000004,0.04,0.1,custom_pid,14,True,2388.2060645545585,2.580498456954956,429,586,40.97717978901863,36.8576535952227,1.2628254890441895,229.0,742.1723892593739,92,0.21445221445221446,none,29793309.546551015,0.26985981308411217,231,856,0.2733644859813084,0.26635514018691586
二维高密度场景,2,650,Kp_0.30,0.30000000000000004,0.04,0.1,custom_pid,15,True,2349.961787768478,1.4882125854492188,261,342,34.518003473893636,31.153144008418035,0.3388357162475586,61.0,624.7351970442326,55,0.210727969348659,none,31775582.347089466,0.25961538461538464,135,520,0.29615384615384616,0.2230769230769231
二维高密度场景,2,650,Kp_0.30,0.30000000000000004,0.04,0.1,custom_pid,16,True,2499.381984735579,3.6366496086120605,546,808,38.051713982718915,31.265834736770138,2.130671501159668,346.0,733.8334787795869,118,0.21611721611721613,none,31728324.860741492,0.26788990825688075,292,1090,0.28073394495412846,0.25504587155963304
二维高密度场景,2,650,Kp_0.30,0.30000000000000004,0.04,0.1,custom_pid,17,True,2371.093859721896,2.3799145221710205,384,565,36.06014379987657,23.7319587444249,1.0469956398010254,184.0,641.8668976332947,82,0.21354166666666666,none,31206516.54165955,0.2741514360313316,210,766,0.27676240208877284,0.27154046997389036
二维高密度场景,2,650,Kp_0.30,0.30000000000000004,0.04,0.1,custom_pid,18,False,inf,4.6097352504730225,650,995,inf,0.0,inf,inf,767.6634933148295,152,0.23384615384615384,divergence,31104425.247320514,0.2753846153846154,358,1300,0.2907692307692308,0.26
二维高密度场景,2,650,Kp_0.30,0.30000000000000004,0.04,0.1,custom_pid,19,True,2541.6866257198167,2.124028205871582,351,511,37.175010618215076,32.774731552424136,0.831897497177124,151.0,631.1908664080836,75,0.21367521367521367,none,30640443.09653329,0.24,168,700,0.27714285714285714,0.20285714285714285
二维高密度场景,2,650,Kp_0.30,0.30000000000000004,0.04,0.1,custom_pid,20,False,inf,4.734494924545288,650,1011,inf,0.0,inf,inf,773.2148700132603,169,0.26,divergence,31882760.164424386,0.27153846153846156,353,1300,0.26615384615384613,0.27692307692307694
二维高密度场景,2,650,Kp_0.30,0.30000000000000004,0.04,0.1,custom_pid,21,True,3142.5298928013995,4.510685682296753,650,960,38.354334867371726,34.887080114609724,3.1686019897460938,497.0,754.9344886099781,149,0.22923076923076924,none,30538737.311639305,0.2746153846153846,357,1300,0.26615384615384613,0.28307692307692306
二维高密度场景,2,650,Kp_0.30,0.30000000000000004,0.04,0.1,custom_pid,22,True,2893.772912374759,3.620866537094116,578,786,43.389387822578726,28.99952022279745,2.1129989624023438,378.0,707.1541059462825,133,0.2301038062283737,none,31819533.885698885,0.26256499133448874,303,1154,0.2564991334488735,0.268630849220104
二维高密度场景,2,650,Kp_0.30,0.30000000000000004,0.04,0.1,custom_pid,23,True,2824.56002661921,2.5736312866210938,408,622,41.97113847859271,31.78572544977953,1.1876566410064697,208.0,707.6333553690994,96,0.23529411764705882,none,29239333.677959315,0.269041769041769,219,814,0.2972972972972973,0.24078624078624078
二维高密度场景,2,650,Kp_0.30,0.30000000000000004,0.04,0.1,custom_pid,24,True,3320.392414753535,4.518357276916504,650,967,40.17842232844134,28.585304668776956,4.007555961608887,594.0,769.2737944402828,159,0.24461538461538462,none,31809995.94750144,0.2723076923076923,354,1300,0.25384615384615383,0.2907692307692308
二维高密度场景,2,650,Kp_0.30,0.30000000000000004,0.04,0.1,custom_pid,25,False,inf,4.607687711715698,650,974,inf,0.0,inf,inf,832.4460282673685,165,0.25384615384615383,divergence,31689989.107521527,0.27384615384615385,356,1300,0.2846153846153846,0.2630769230769231
二维高密度场景,2,650,Kp_0.30,0.30000000000000004,0.04,0.1,custom_pid,26,True,2338.1592241017192,1.589120626449585,271,375,35.15446945064339,27.650034437618565,0.4224541187286377,71.0,585.3395402304549,60,0.22140221402214022,none,31362741.252272885,0.2777777777777778,150,540,0.2740740740740741,0.2814814814814815
二维高密度场景,2,650,Kp_0.30,0.30000000000000004,0.04,0.1,custom_pid,27,True,3021.4254184777687,1.92594313621521,332,454,42.67967827741727,32.12689612263126,0.7005760669708252,132.0,653.630777079956,61,0.18373493975903615,none,31460977.684939943,0.23564954682779457,156,662,0.23564954682779457,0.23564954682779457
二维高密度场景,2,650,Kp_0.30,0.30000000000000004,0.04,0.1,custom_pid,28,True,2605.429840819905,1.7615966796875,303,416,45.14992144807495,32.5620661600359,0.5193638801574707,103.0,604.8535966596592,61,0.20132013201320131,none,31650678.435108107,0.25165562913907286,152,604,0.24834437086092714,0.25496688741721857
二维高密度场景,2,650,Kp_0.30,0.30000000000000004,0.04,0.1,custom_pid,29,True,2638.4987188136774,3.845142126083374,585,851,43.017834543409165,30.118703779570968,2.2814743518829346,385.0,737.4668587212632,134,0.22905982905982905,none,31533338.675908487,0.2782534246575342,325,1168,0.2825342465753425,0.273972602739726
二维高密度场景,2,650,Kp_0.30,0.30000000000000004,0.04,0.1,custom_pid,30,False,inf,4.500734329223633,650,954,inf,0.0,inf,inf,720.7531577675821,136,0.20923076923076922,divergence,31477174.498866234,0.26384615384615384,343,1300,0.2523076923076923,0.2753846153846154
二维高密度场景,2,650,Kp_0.35,0.3500000000000001,0.04,0.1,custom_pid,1,True,2389.5329308329533,4.503543138504028,650,976,43.049787720805064,30.777187347051353,2.8882381916046143,458.0,783.07081964696,173,0.26615384615384613,none,31690227.782881077,0.26615384615384613,346,1300,0.27692307692307694,0.2553846153846154
二维高密度场景,2,650,Kp_0.35,0.3500000000000001,0.04,0.1,custom_pid,2,True,2570.522756703559,4.380450248718262,650,948,44.2133537701168,29.83597087932356,4.225435495376587,633.0,700.6382543772798,147,0.22615384615384615,none,31850817.47090339,0.26,338,1300,0.26,0.26
二维高密度场景,2,650,Kp_0.35,0.3500000000000001,0.04,0.1,custom_pid,3,True,2320.550773456215,1.424814224243164,253,343,38.538348072943954,31.333120999453655,0.2657017707824707,53.0,583.1038464890541,51,0.2015810276679842,none,31695342.3093613,0.25992063492063494,131,504,0.24603174603174602,0.27380952380952384
二维高密度场景,2,650,Kp_0.35,0.3500000000000001,0.04,0.1,custom_pid,4,True,2407.6461130466696,1.4544451236724854,250,370,39.06629859784443,31.63510855173176,0.27162933349609375,50.0,587.3544606743345,42,0.168,none,31232346.17601639,0.2429718875502008,121,498,0.26104417670682734,0.2248995983935743
二维高密度场景,2,650,Kp_0.35,0.3500000000000001,0.04,0.1,custom_pid,5,True,2456.6692073509817,4.382802248001099,650,930,40.76160675317894,28.78224999079633,3.6930809020996094,569.0,793.2734919509421,140,0.2153846153846154,none,30781265.053077433,0.2561538461538462,333,1300,0.25384615384615383,0.25846153846153846
二维高密度场景,2,650,Kp_0.35,0.3500000000000001,0.04,0.1,custom_pid,6,False,inf,4.550994396209717,650,989,inf,0.0,inf,inf,802.9875773244374,157,0.24153846153846154,divergence,31359274.230980106,0.27153846153846156,353,1300,0.2969230769230769,0.24615384615384617
二维高密度场景,2,650,Kp_0.35,0.3500000000000001,0.04,0.1,custom_pid,7,True,2804.2597313628207,4.401535987854004,650,951,46.515598481376244,26.52484690390858,2.7886736392974854,455.0,759.1667922079904,141,0.2169230769230769,none,31218710.53062537,0.26384615384615384,343,1300,0.25846153846153846,0.2692307692307692
二维高密度场景,2,650,Kp_0.35,0.3500000000000001,0.04,0.1,custom_pid,8,True,2677.150701385945,2.0760152339935303,360,475,42.777176952136145,27.686441953965257,0.8295373916625977,160.0,730.7051425167626,68,0.18888888888888888,none,31241012.795981508,0.3050139275766017,219,718,0.31754874651810583,0.2924791086350975
二维高密度场景,2,650,Kp_0.35,0.3500000000000001,0.04,0.1,custom_pid,9,False,inf,4.372896194458008,650,937,inf,0.0,inf,inf,772.1860095420866,153,0.2353846153846154,divergence,31039308.398627747,0.27153846153846156,353,1300,0.25076923076923074,0.2923076923076923
二维高密度场景,2,650,Kp_0.35,0.3500000000000001,0.04,0.1,custom_pid,10,False,inf,4.4259727001190186,650,955,inf,0.0,inf,inf,791.2135888805194,160,0.24615384615384617,divergence,31887677.405213702,0.28615384615384615,372,1300,0.2846153846153846,0.2876923076923077
二维高密度场景,2,650,Kp_0.35,0.3500000000000001,0.04,0.1,custom_pid,11,True,2508.8915318836644,1.8070144653320312,327,428,42.68192300358026,32.85704508501176,0.672339677810669,127.0,574.2975663360114,64,0.19571865443425077,none,31649411.345507782,0.2714723926380368,177,652,0.26993865030674846,0.27300613496932513
二维高密度场景,2,650,Kp_0.35,0.3500000000000001,0.04,0.1,custom_pid,12,True,2291.2864554764255,4.259358167648315,637,927,32.35855171039001,33.641156584182866,2.64286732673645,437.0,787.3130163788637,153,0.2401883830455259,none,32772835.60691374,0.26336477987421386,335,1272,0.25157232704402516,0.2751572327044025
二维高密度场景,2,650,Kp_0.35,0.3500000000000001,0.04,0.1,custom_pid,13,True,2497.0027157822806,1.744950771331787,309,431,43.12351330169959,29.063654334401072,0.5428626537322998,109.0,644.2590296724944,58,0.18770226537216828,none,31681484.38239486,0.2694805194805195,166,616,0.275974025974026,0.262987012987013
二维高密度场景,2,650,Kp_0.35,0.3500000000000001,0.04,0.1,custom_pid,14,True,3111.305429062657,4.519682168960571,650,974,37.49446373910481,32.978907774913544,3.094789505004883,481.0,781.2904229662247,155,0.23846153846153847,none,32605815.63397079,0.2469230769230769,321,1300,0.24769230769230768,0.24615384615384617
二维高密度场景,2,650,Kp_0.35,0.3500000000000001,0.04,0.1,custom_pid,15,False,inf,4.48256516456604,650,959,inf,0.0,inf,inf,778.1064850130014,171,0.2630769230769231,divergence,30185665.803387396,0.2561538461538462,333,1300,0.2569230769230769,0.2553846153846154
二维高密度场景,2,650,Kp_0.35,0.3500000000000001,0.04,0.1,custom_pid,16,True,2504.3275265665907,1.5893118381500244,282,396,31.99943411775052,34.266458975646984,0.41510677337646484,82.0,632.1573756346,53,0.1879432624113475,none,31543212.906270757,0.26512455516014233,149,562,0.2775800711743772,0.2526690391459075
二维高密度场景,2,650,Kp_0.35,0.3500000000000001,0.04,0.1,custom_pid,17,True,2435.28645101479,1.5792450904846191,270,390,38.87505945211325,33.186518940016484,0.4016389846801758,70.0,596.8285759027966,67,0.24814814814814815,none,31563078.156930927,0.21561338289962825,116,538,0.21933085501858737,0.21189591078066913
二维高密度场景,2,650,Kp_0.35,0.3500000000000001,0.04,0.1,custom_pid,18,True,2759.145573490456,4.432453155517578,650,975,36.15109187173008,28.957147620232412,3.2579824924468994,516.0,802.7249181852924,155,0.23846153846153847,none,31525217.59938623,0.2592307692307692,337,1300,0.28,0.23846153846153847
二维高密度场景,2,650,Kp_0.35,0.3500000000000001,0.04,0.1,custom_pid,19,True,2348.9225071667747,1.5064749717712402,272,364,32.28292181175633,28.066407331205703,0.333052396774292,72.0,641.6209346595737,53,0.1948529411764706,none,31258274.32085459,0.29704797047970477,161,542,0.3025830258302583,0.2915129151291513
二维高密度场景,2,650,Kp_0.35,0.3500000000000001,0.04,0.1,custom_pid,20,True,2321.417825667888,1.392273187637329,250,348,43.36124052454487,31.528200600924933,0.2604200839996338,50.0,577.6165863289898,42,0.168,none,31608794.225427743,0.26305220883534136,131,498,0.27309236947791166,0.25301204819277107
二维高密度场景,2,650,Kp_0.35,0.3500000000000001,0.04,0.1,custom_pid,21,False,inf,4.3127665519714355,650,927,inf,0.0,inf,inf,690.7319570012331,164,0.2523076923076923,divergence,31449194.285404943,0.25384615384615383,330,1300,0.24769230769230768,0.26
二维高密度场景,2,650,Kp_0.35,0.3500000000000001,0.04,0.1,custom_pid,22,True,2413.7870089699604,1.463207483291626,253,370,38.186346165405446,33.54172012398499,0.3045685291290283,53.0,579.922216532076,59,0.233201581027668,none,31482589.877790064,0.25,126,504,0.23809523809523808,0.2619047619047619
二维高密度场景,2,650,Kp_0.35,0.3500000000000001,0.04,0.1,custom_pid,23,False,inf,4.498018980026245,650,973,inf,0.0,inf,inf,826.1035368121755,172,0.26461538461538464,divergence,31455817.03070918,0.2792307692307692,363,1300,0.28615384615384615,0.2723076923076923
二维高密度场景,2,650,Kp_0.35,0.3500000000000001,0.04,0.1,custom_pid,24,True,2453.130193676308,3.2414255142211914,524,725,38.4010693006156,35.03382797719244,1.770355224609375,324.0,706.1345540038474,92,0.17557251908396945,none,32069441.067003857,0.24760994263862332,259,1046,0.25430210325047803,0.24091778202676864
二维高密度场景,2,650,Kp_0.35,0.3500000000000001,0.04,0.1,custom_pid,25,True,2613.0341838578183,1.5813968181610107,272,394,36.702233775323286,28.237778727759203,0.3866300582885742,72.0,617.0681248280653,58,0.21323529411764705,none,31500208.49703433,0.23247232472324722,126,542,0.25461254612546125,0.21033210332103322
二维高密度场景,2,650,Kp_0.35,0.3500000000000001,0.04,0.1,custom_pid,26,True,3447.6852855647303,4.009390830993652,608,897,35.47581626182869,30.84659663110418,2.4066293239593506,408.0,741.983166120236,143,0.23519736842105263,none,30483919.720376022,0.2487644151565074,302,1214,0.257001647446458,0.24052718286655683
二维高密度场景,2,650,Kp_0.35,0.3500000000000001,0.04,0.1,custom_pid,27,True,2401.640719451525,1.4890356063842773,270,352,35.865520295990386,30.80071349197851,0.33141493797302246,70.0,620.9555380859751,52,0.1925925925925926,none,31558503.542619653,0.23048327137546468,124,538,0.241635687732342,0.21933085501858737
二维高密度场景,2,650,Kp_0.35,0.3500000000000001,0.04,0.1,custom_pid,28,True,2690.5013817938116,4.335865497589111,650,932,42.897018825340425,30.205893930313987,3.669365406036377,575.0,798.3603991560219,156,0.24,none,31182919.866785403,0.25846153846153846,336,1300,0.26153846153846155,0.2553846153846154
二维高密度场景,2,650,Kp_0.35,0.3500000000000001,0.04,0.1,custom_pid,29,True,2414.5034165253114,1.833021879196167,309,456,34.93275169254049,32.07348541664926,0.5650324821472168,109.0,661.8487181251334,69,0.22330097087378642,none,31338884.164709248,0.2727272727272727,168,616,0.29545454545454547,0.25
二维高密度场景,2,650,Kp_0.35,0.3500000000000001,0.04,0.1,custom_pid,30,False,inf,4.3483099937438965,650,967,inf,0.0,inf,inf,788.5361555996733,151,0.2323076923076923,divergence,31326995.475441616,0.26461538461538464,344,1300,0.26461538461538464,0.26461538461538464
二维高密度场景,2,650,Kp_0.40,0.40000000000000013,0.04,0.1,custom_pid,1,True,2565.8359913295862,1.9461679458618164,340,466,37.61626363645852,29.337138435721272,0.6990876197814941,140.0,638.8617835094732,60,0.17647058823529413,none,31460632.200574227,0.2551622418879056,173,678,0.25663716814159293,0.2536873156342183
二维高密度场景,2,650,Kp_0.40,0.40000000000000013,0.04,0.1,custom_pid,2,False,inf,4.4870781898498535,650,959,inf,0.0,inf,inf,774.3701524918276,152,0.23384615384615384,divergence,30244088.61717344,0.2676923076923077,348,1300,0.2846153846153846,0.25076923076923074
二维高密度场景,2,650,Kp_0.40,0.40000000000000013,0.04,0.1,custom_pid,3,False,inf,4.3997437953948975,650,963,inf,0.0,inf,inf,702.7185204946841,158,0.24307692307692308,divergence,31833068.16972761,0.2469230769230769,321,1300,0.22923076923076924,0.26461538461538464
二维高密度场景,2,650,Kp_0.40,0.40000000000000013,0.04,0.1,custom_pid,4,True,2537.2379256454956,1.5522561073303223,276,378,41.8025224149535,31.784607114005276,0.3760561943054199,76.0,604.0592586823848,60,0.21739130434782608,none,31572150.75352135,0.22545454545454546,124,550,0.21818181818181817,0.23272727272727273
二维高密度场景,2,650,Kp_0.40,0.40000000000000013,0.04,0.1,custom_pid,5,True,2674.6108915101786,3.8553106784820557,587,859,40.90081914371741,31.114358730473676,2.304868698120117,387.0,763.5835735945412,147,0.2504258943781942,none,31454508.457577176,0.28071672354948807,329,1172,0.28498293515358364,0.2764505119453925
二维高密度场景,2,650,Kp_0.40,0.40000000000000013,0.04,0.1,custom_pid,6,False,inf,4.296456813812256,650,927,inf,0.0,inf,inf,727.3842070658909,168,0.25846153846153846,divergence,31304651.78058598,0.27384615384615385,356,1300,0.26461538461538464,0.28307692307692306
二维高密度场景,2,650,Kp_0.40,0.40000000000000013,0.04,0.1,custom_pid,7,True,2692.955654425749,4.599958896636963,650,1002,36.704893042965836,28.99426872507268,4.471176385879517,638.0,754.5379071892959,154,0.23692307692307693,none,31518071.24582727,0.24923076923076923,324,1300,0.25076923076923074,0.24769230769230768
二维高密度场景,2,650,Kp_0.40,0.40000000000000013,0.04,0.1,custom_pid,8,True,3341.602321463626,4.053882122039795,619,876,41.282866627391826,27.55481483309447,2.476864814758301,419.0,648.4217820427273,140,0.22617124394184168,none,31624255.96273923,0.2613268608414239,323,1236,0.24110032362459546,0.2815533980582524
二维高密度场景,2,650,Kp_0.40,0.40000000000000013,0.04,0.1,custom_pid,9,True,2362.1236690151695,1.4659481048583984,263,354,36.4390365823561,26.6440528985775,0.3388488292694092,63.0,566.0243160490127,62,0.23574144486692014,none,31447584.547343317,0.24618320610687022,129,524,0.22900763358778625,0.2633587786259542
二维高密度场景,2,650,Kp_0.40,0.40000000000000013,0.04,0.1,custom_pid,10,True,3241.363288098015,2.357774257659912,409,550,37.72849529798611,29.250873114843074,1.1140217781066895,209.0,648.2870849865259,83,0.20293398533007334,none,31862604.99940702,0.24387254901960784,199,816,0.21568627450980393,0.27205882352941174
二维高密度场景,2,650,Kp_0.40,0.40000000000000013,0.04,0.1,custom_pid,11,True,2691.5438808551985,1.8316948413848877,331,431,38.24224999810767,30.23969363641931,0.6939196586608887,131.0,646.875478331605,61,0.18429003021148035,none,31671385.040079102,0.28939393939393937,191,660,0.2727272727272727,0.30606060606060603
二维高密度场景,2,650,Kp_0.40,0.40000000000000013,0.04,0.1,custom_pid,12,True,2632.0341548790016,1.990201473236084,344,463,44.69756974745805,32.67465681620892,0.7493209838867188,144.0,666.1523759334244,62,0.18023255813953487,none,31555581.046029467,0.2725947521865889,187,686,0.2565597667638484,0.2886297376093295
二维高密度场景,2,650,Kp_0.40,0.40000000000000013,0.04,0.1,custom_pid,13,True,2455.1639314559916,3.3704540729522705,509,781,37.52982206879478,27.94948057293944,1.8696269989013672,309.0,679.747954273602,129,0.25343811394891946,none,31607597.093216512,0.2588582677165354,263,1016,0.23228346456692914,0.2854330708661417
二维高密度场景,2,650,Kp_0.40,0.40000000000000013,0.04,0.1,custom_pid,14,False,inf,4.4284467697143555,650,979,inf,0.0,inf,inf,743.4126476248774,160,0.24615384615384617,divergence,32271894.638599556,0.25769230769230766,335,1300,0.25384615384615383,0.26153846153846155
二维高密度场景,2,650,Kp_0.40,0.40000000000000013,0.04,0.1,custom_pid,15,False,inf,4.418569087982178,650,964,inf,0.0,inf,inf,777.311712568431,167,0.2569230769230769,divergence,30846946.101919282,0.2553846153846154,332,1300,0.2784615384615385,0.2323076923076923
二维高密度场景,2,650,Kp_0.40,0.40000000000000013,0.04,0.1,custom_pid,16,True,2396.7154181683345,2.2270667552948,363,535,34.48259301987858,31.709333318483434,0.9274148941040039,163.0,632.5768908584944,83,0.22865013774104684,none,30814538.062602445,0.25828729281767954,187,724,0.23204419889502761,0.2845303867403315
二维高密度场景,2,650,Kp_0.40,0.40000000000000013,0.04,0.1,custom_pid,17,True,3212.863465513793,4.262006044387817,650,896,37.32927179550847,28.146160693329293,3.611013889312744,573.0,750.91883339348,138,0.2123076923076923,none,30500240.1116446,0.2753846153846154,358,1300,0.28,0.27076923076923076
二维高密度场景,2,650,Kp_0.40,0.40000000000000013,0.04,0.1,custom_pid,18,False,inf,4.630312204360962,650,1005,inf,0.0,inf,inf,755.1785198399422,159,0.24461538461538462,divergence,31610554.189220645,0.26076923076923075,339,1300,0.24769230769230768,0.27384615384615385
二维高密度场景,2,650,Kp_0.40,0.40000000000000013,0.04,0.1,custom_pid,19,True,2536.1910893701547,4.3953704833984375,650,954,41.37338656162648,22.670697164302734,3.7346367835998535,575.0,806.6873344375394,142,0.21846153846153846,none,31934492.630165327,0.2530769230769231,329,1300,0.2569230769230769,0.24923076923076923
二维高密度场景,2,650,Kp_0.40,0.40000000000000013,0.04,0.1,custom_pid,20,True,2183.9686095965135,1.389242172241211,238,348,27.83473490678808,28.487234427426205,0.23051238059997559,38.0,586.8431640102806,53,0.22268907563025211,none,31583569.988762874,0.2320675105485232,110,474,0.21518987341772153,0.2489451476793249
二维高密度场景,2,650,Kp_0.40,0.40000000000000013,0.04,0.1,custom_pid,21,False,inf,4.351376295089722,650,918,inf,0.0,inf,inf,742.3133265411299,116,0.17846153846153845,divergence,31818380.964989476,0.2569230769230769,334,1300,0.2630769230769231,0.25076923076923074
二维高密度场景,2,650,Kp_0.40,0.40000000000000013,0.04,0.1,custom_pid,22,True,2369.528242900723,1.9983792304992676,329,498,34.17726374233566,25.39604833760384,0.7182865142822266,129.0,615.6289646882826,64,0.1945288753799392,none,31823408.483363256,0.26371951219512196,173,656,0.2896341463414634,0.23780487804878048
二维高密度场景,2,650,Kp_0.40,0.40000000000000013,0.04,0.1,custom_pid,23,True,2314.0731751817175,2.3714540004730225,388,567,39.92834926679633,29.417596191198598,1.0882208347320557,188.0,608.0134354771307,73,0.18814432989690721,none,31462706.84526529,0.2454780361757106,190,774,0.24806201550387597,0.24289405684754523
二维高密度场景,2,650,Kp_0.40,0.40000000000000013,0.04,0.1,custom_pid,24,False,inf,4.436606407165527,650,959,inf,0.0,inf,inf,712.8092631974725,149,0.22923076923076924,divergence,31146210.259289205,0.2653846153846154,345,1300,0.2553846153846154,0.2753846153846154
二维高密度场景,2,650,Kp_0.40,0.40000000000000013,0.04,0.1,custom_pid,25,True,2526.7709160926183,3.0697171688079834,510,696,39.524852598933,30.939324165047857,1.6722745895385742,310.0,690.8404191067469,112,0.2196078431372549,none,31466941.850730993,0.2544204322200393,259,1018,0.2475442043222004,0.26129666011787817
二维高密度场景,2,650,Kp_0.40,0.40000000000000013,0.04,0.1,custom_pid,26,True,2645.183668128554,4.5816569328308105,650,1003,44.21249863265363,28.93389263909019,2.874612808227539,453.0,721.2954806482672,136,0.20923076923076922,none,31663717.906381667,0.26153846153846155,340,1300,0.24769230769230768,0.2753846153846154
二维高密度场景,2,650,Kp_0.40,0.40000000000000013,0.04,0.1,custom_pid,27,False,inf,4.3885602951049805,650,936,inf,0.0,inf,inf,789.3380003062026,155,0.23846153846153847,divergence,31589838.28387745,0.27153846153846156,353,1300,0.28307692307692306,0.26
二维高密度场景,2,650,Kp_0.40,0.40000000000000013,0.04,0.1,custom_pid,28,True,2325.0453306012605,1.9556007385253906,327,490,39.46932931380859,31.41148140532783,0.7156221866607666,127.0,635.581413337963,61,0.18654434250764526,none,31900646.48902933,0.26226993865030673,171,652,0.2392638036809816,0.2852760736196319
二维高密度场景,2,650,Kp_0.40,0.40000000000000013,0.04,0.1,custom_pid,29,True,2218.676652619689,1.6599218845367432,296,410,31.417588044191906,27.377218792088584,0.4708139896392822,96.0,620.5325340903676,50,0.16891891891891891,none,31589527.30511344,0.2423728813559322,143,590,0.2271186440677966,0.2576271186440678
二维高密度场景,2,650,Kp_0.40,0.40000000000000013,0.04,0.1,custom_pid,30,False,inf,4.417307376861572,650,943,inf,0.0,inf,inf,795.215877818802,161,0.24769230769230768,divergence,32788962.269564528,0.2753846153846154,358,1300,0.2523076923076923,0.29846153846153844
二维高密度场景,2,650,Ki_0.02,0.25,0.02,0.1,custom_pid,1,False,inf,4.449199914932251,650,947,inf,0.0,inf,inf,757.4133815607856,144,0.22153846153846155,divergence,29095302.305366576,0.2623076923076923,341,1300,0.26,0.26461538461538464
二维高密度场景,2,650,Ki_0.02,0.25,0.02,0.1,custom_pid,2,False,inf,4.498864650726318,650,969,inf,0.0,inf,inf,755.9708205389718,148,0.2276923076923077,divergence,29074992.349479996,0.27,351,1300,0.27076923076923076,0.2692307692307692
二维高密度场景,2,650,Ki_0.02,0.25,0.02,0.1,custom_pid,3,False,inf,4.361697196960449,650,947,inf,0.0,inf,inf,814.6655374151529,175,0.2692307692307692,divergence,27659198.007584326,0.27307692307692305,355,1300,0.28307692307692306,0.2630769230769231
二维高密度场景,2,650,Ki_0.02,0.25,0.02,0.1,custom_pid,4,True,2354.906553581005,4.586936712265015,650,1004,40.02716929471064,28.642963101401488,3.4271020889282227,521.0,804.4526271590196,170,0.26153846153846155,none,28893991.355420284,0.27615384615384614,359,1300,0.2907692307692308,0.26153846153846155
二维高密度场景,2,650,Ki_0.02,0.25,0.02,0.1,custom_pid,5,True,2321.891026479616,1.6444098949432373,295,395,37.65435823016378,29.96037287450979,0.4782736301422119,95.0,612.1873041454793,51,0.17288135593220338,none,28467897.5110707,0.282312925170068,166,588,0.25170068027210885,0.3129251700680272
二维高密度场景,2,650,Ki_0.02,0.25,0.02,0.1,custom_pid,6,False,inf,4.328045845031738,650,915,inf,0.0,inf,inf,800.8993159999948,146,0.2246153846153846,divergence,28507940.4761262,0.2976923076923077,387,1300,0.3261538461538461,0.2692307692307692
二维高密度场景,2,650,Ki_0.02,0.25,0.02,0.1,custom_pid,7,False,inf,4.447995185852051,650,954,inf,0.0,inf,inf,807.2926651291605,139,0.21384615384615385,divergence,28680005.496939298,0.27307692307692305,355,1300,0.2969230769230769,0.24923076923076923
二维高密度场景,2,650,Ki_0.02,0.25,0.02,0.1,custom_pid,8,False,inf,3.950439691543579,650,853,inf,0.0,inf,inf,794.3811305789978,113,0.17384615384615384,oscillation,30120399.133001532,0.2746153846153846,357,1300,0.2784615384615385,0.27076923076923076
二维高密度场景,2,650,Ki_0.02,0.25,0.02,0.1,custom_pid,9,True,2496.480201250248,1.5209250450134277,266,363,36.282740470738446,30.36243414866855,0.3696417808532715,66.0,635.369389377941,49,0.18421052631578946,none,28630102.147140846,0.269811320754717,143,530,0.24528301886792453,0.2943396226415094
二维高密度场景,2,650,Ki_0.02,0.25,0.02,0.1,custom_pid,10,True,2617.1541557307482,4.003299713134766,598,895,43.752698825098385,27.663888566388025,2.403726816177368,398.0,762.878127777115,140,0.23411371237458195,none,27689467.85115058,0.2797319932998325,334,1194,0.288107202680067,0.271356783919598
二维高密度场景,2,650,Ki_0.02,0.25,0.02,0.1,custom_pid,11,False,inf,4.16904878616333,650,891,inf,0.0,inf,inf,776.7383791314373,164,0.2523076923076923,divergence,28000791.07866462,0.27692307692307694,360,1300,0.26461538461538464,0.28923076923076924
二维高密度场景,2,650,Ki_0.02,0.25,0.02,0.1,custom_pid,12,True,2462.693897219536,2.7253665924072266,427,638,40.53922300896607,25.52724435844322,1.3020288944244385,227.0,715.3357807723497,106,0.24824355971896955,none,28276419.827597916,0.28169014084507044,240,852,0.2887323943661972,0.2746478873239437
二维高密度场景,2,650,Ki_0.02,0.25,0.02,0.1,custom_pid,13,True,2591.309806439102,2.5817031860351562,421,599,36.677987721357084,31.212074853428394,1.2254393100738525,221.0,670.2533159542388,102,0.24228028503562946,none,28498672.143820047,0.2619047619047619,220,840,0.2642857142857143,0.25952380952380955
二维高密度场景,2,650,Ki_0.02,0.25,0.02,0.1,custom_pid,14,False,inf,4.364502429962158,650,939,inf,0.0,inf,inf,777.5098401422205,163,0.25076923076923074,divergence,28419090.67555223,0.2676923076923077,348,1300,0.27692307692307694,0.25846153846153846
二维高密度场景,2,650,Ki_0.02,0.25,0.02,0.1,custom_pid,15,True,2569.5326978178236,4.537727117538452,650,979,46.139920142072356,31.027937731587095,2.8512115478515625,451.0,712.8498281157439,140,0.2153846153846154,none,27818792.99963194,0.27384615384615385,356,1300,0.2553846153846154,0.2923076923076923
二维高密度场景,2,650,Ki_0.02,0.25,0.02,0.1,custom_pid,16,False,inf,4.505108118057251,650,957,inf,0.0,inf,inf,779.4803301446839,146,0.2246153846153846,divergence,28541219.99128537,0.29846153846153844,388,1300,0.2953846153846154,0.30153846153846153
二维高密度场景,2,650,Ki_0.02,0.25,0.02,0.1,custom_pid,17,True,2332.8655264724803,1.410308837890625,251,334,37.91688433045991,33.111699320319396,0.2699317932128906,51.0,628.5860035227926,39,0.1553784860557769,none,28513910.472519193,0.256,128,500,0.268,0.244
二维高密度场景,2,650,Ki_0.02,0.25,0.02,0.1,custom_pid,18,False,inf,4.4599785804748535,650,968,inf,0.0,inf,inf,804.5344730118926,160,0.24615384615384617,divergence,28054464.705155276,0.27076923076923076,352,1300,0.27076923076923076,0.27076923076923076
二维高密度场景,2,650,Ki_0.02,0.25,0.02,0.1,custom_pid,19,False,inf,4.2909979820251465,650,918,inf,0.0,inf,inf,773.8123145895379,143,0.22,divergence,28254930.692447167,0.2746153846153846,357,1300,0.2815384615384615,0.2676923076923077
二维高密度场景,2,650,Ki_0.02,0.25,0.02,0.1,custom_pid,20,True,2324.7931632256445,2.53879714012146,421,596,34.864015016108496,30.88698517524362,1.220397710800171,221.0,656.5888914020246,90,0.21377672209026127,none,28541307.637087166,0.26666666666666666,224,840,0.24047619047619048,0.29285714285714287
二维高密度场景,2,650,Ki_0.02,0.25,0.02,0.1,custom_pid,21,False,inf,4.3536999225616455,650,936,inf,0.0,inf,inf,806.0174340617044,139,0.21384615384615385,divergence,28269281.038524114,0.2853846153846154,371,1300,0.2953846153846154,0.2753846153846154
二维高密度场景,2,650,Ki_0.02,0.25,0.02,0.1,custom_pid,22,True,2633.1795308635965,4.081754446029663,603,924,37.76644500375649,30.192926167829267,2.4614570140838623,403.0,755.0656356005904,150,0.24875621890547264,none,28935722.4138591,0.2749169435215947,331,1204,0.2757475083056478,0.27408637873754155
二维高密度场景,2,650,Ki_0.02,0.25,0.02,0.1,custom_pid,23,True,2592.4841344545944,3.280522584915161,492,764,37.82426808704805,31.290640696195123,1.7608850002288818,292.0,707.5486951498019,130,0.26422764227642276,none,27721338.050583318,0.28716904276985744,282,982,0.2790224032586558,0.2953156822810591
二维高密度场景,2,650,Ki_0.02,0.25,0.02,0.1,custom_pid,24,True,2483.0984541536513,1.7436861991882324,301,428,34.16765977157578,32.05288246089913,0.5291702747344971,101.0,612.0150113831303,58,0.19269102990033224,none,28566464.538949948,0.24666666666666667,148,600,0.24666666666666667,0.24666666666666667
二维高密度场景,2,650,Ki_0.02,0.25,0.02,0.1,custom_pid,25,True,2984.0261863461965,3.1137747764587402,500,707,39.42367485132251,30.14358654668344,1.698657512664795,300.0,645.4310494303433,110,0.22,none,28457389.72248518,0.2545090180360721,254,998,0.24649298597194388,0.2625250501002004
二维高密度场景,2,650,Ki_0.02,0.25,0.02,0.1,custom_pid,26,True,2493.3951285496737,1.5235562324523926,265,372,34.85735642795319,25.950634599329383,0.3222472667694092,65.0,620.3159640768571,57,0.21509433962264152,none,28597335.072402455,0.2784090909090909,147,528,0.2878787878787879,0.2689393939393939
二维高密度场景,2,650,Ki_0.02,0.25,0.02,0.1,custom_pid,27,True,2918.065838677625,3.1495730876922607,504,713,39.47312900781987,32.271666808509245,1.7498812675476074,304.0,720.6005852240369,113,0.22420634920634921,none,27826982.808006473,0.2544731610337972,256,1006,0.268389662027833,0.24055666003976142
二维高密度场景,2,650,Ki_0.02,0.25,0.02,0.1,custom_pid,28,True,2764.7879251329223,4.524285793304443,650,970,33.22795874794986,30.052411736112703,3.7025516033172607,557.0,838.3908943547442,158,0.24307692307692308,none,29066137.066818718,0.29,377,1300,0.28615384615384615,0.29384615384615387
二维高密度场景,2,650,Ki_0.02,0.25,0.02,0.1,custom_pid,29,False,inf,4.31007981300354,650,919,inf,0.0,inf,inf,692.4414288460698,124,0.19076923076923077,divergence,28734586.028075043,0.27153846153846156,353,1300,0.26615384615384613,0.27692307692307694
二维高密度场景,2,650,Ki_0.02,0.25,0.02,0.1,custom_pid,30,True,2317.8770922860676,3.23256516456604,511,737,40.530427594425234,27.65115501805397,1.7667696475982666,311.0,664.0588620154884,104,0.2035225048923679,none,27816919.015836805,0.2647058823529412,270,1020,0.2568627450980392,0.2725490196078431
二维高密度场景,2,650,Ki_0.03,0.25,0.03,0.1,custom_pid,1,True,2657.599862740226,3.463871955871582,546,779,41.16051454993248,33.29671462626636,1.9635469913482666,346.0,721.9127314382622,107,0.19597069597069597,none,30494910.05755087,0.24954128440366974,272,1090,0.22018348623853212,0.27889908256880735
二维高密度场景,2,650,Ki_0.03,0.25,0.03,0.1,custom_pid,2,True,2505.158900616717,4.46368670463562,650,951,43.191464893614196,30.77910497190603,3.7723090648651123,571.0,776.1151936813156,166,0.2553846153846154,none,30041165.341664672,0.2753846153846154,358,1300,0.29384615384615387,0.2569230769230769
二维高密度场景,2,650,Ki_0.03,0.25,0.03,0.1,custom_pid,3,False,inf,4.69502067565918,650,1018,inf,0.0,inf,inf,780.0413013973019,176,0.27076923076923076,divergence,30009456.042913932,0.2753846153846154,358,1300,0.2723076923076923,0.2784615384615385
二维高密度场景,2,650,Ki_0.03,0.25,0.03,0.1,custom_pid,4,False,inf,4.223674297332764,650,898,inf,0.0,inf,inf,760.6579419200706,112,0.1723076923076923,divergence,29844268.24192537,0.29846153846153844,388,1300,0.2907692307692308,0.30615384615384617
二维高密度场景,2,650,Ki_0.03,0.25,0.03,0.1,custom_pid,5,True,2531.6896495130077,2.9401044845581055,472,670,35.952992100423025,32.03389189343714,1.5254034996032715,272.0,776.4416978400759,110,0.2330508474576271,none,30698186.1369402,0.2802547770700637,264,942,0.28450106157112526,0.2760084925690021
二维高密度场景,2,650,Ki_0.03,0.25,0.03,0.1,custom_pid,6,False,inf,4.198409557342529,650,906,inf,0.0,inf,inf,788.4645705590982,133,0.20461538461538462,divergence,29702330.49062509,0.2676923076923077,348,1300,0.2846153846153846,0.25076923076923074
二维高密度场景,2,650,Ki_0.03,0.25,0.03,0.1,custom_pid,7,True,3328.8172366703216,4.430067300796509,650,961,34.5534429393343,32.25344991612416,4.208580017089844,625.0,737.1573424059533,140,0.2153846153846154,none,30576125.506193403,0.2569230769230769,334,1300,0.24461538461538462,0.2692307692307692
二维高密度场景,2,650,Ki_0.03,0.25,0.03,0.1,custom_pid,8,False,inf,4.277453184127808,650,928,inf,0.0,inf,inf,726.3789165910991,150,0.23076923076923078,divergence,29616645.64583036,0.2784615384615385,362,1300,0.27076923076923076,0.28615384615384615
二维高密度场景,2,650,Ki_0.03,0.25,0.03,0.1,custom_pid,9,True,2667.765707939814,1.8867483139038086,317,444,32.408095389232834,29.13352300851661,0.6398782730102539,117.0,640.0996972070157,67,0.2113564668769716,none,30048765.58179038,0.2737341772151899,173,632,0.2689873417721519,0.27848101265822783
二维高密度场景,2,650,Ki_0.03,0.25,0.03,0.1,custom_pid,10,False,inf,4.5446202754974365,650,975,inf,0.0,inf,inf,776.7274254623799,163,0.25076923076923074,divergence,29259163.123404637,0.2653846153846154,345,1300,0.2676923076923077,0.2630769230769231
二维高密度场景,2,650,Ki_0.03,0.25,0.03,0.1,custom_pid,11,False,inf,4.316052675247192,650,917,inf,0.0,inf,inf,776.1500700798434,143,0.22,divergence,30755095.52776177,0.26076923076923075,339,1300,0.2846153846153846,0.23692307692307693
二维高密度场景,2,650,Ki_0.03,0.25,0.03,0.1,custom_pid,12,True,2571.8349464447633,2.0437405109405518,378,466,37.98618969301319,27.445366220859313,0.8427715301513672,178.0,673.0050210743999,67,0.17724867724867724,none,30341295.881043445,0.253315649867374,191,754,0.2493368700265252,0.2572944297082228
二维高密度场景,2,650,Ki_0.03,0.25,0.03,0.1,custom_pid,13,True,2450.905481761511,1.5644588470458984,269,391,33.37457596104159,33.35511678599633,0.3981008529663086,69.0,615.5482787695355,58,0.21561338289962825,none,29812824.338836864,0.2835820895522388,152,536,0.2947761194029851,0.27238805970149255
二维高密度场景,2,650,Ki_0.03,0.25,0.03,0.1,custom_pid,14,False,inf,4.440945148468018,650,967,inf,0.0,inf,inf,713.1308818835614,158,0.24307692307692308,divergence,31051388.75034121,0.25384615384615383,330,1300,0.24,0.2676923076923077
二维高密度场景,2,650,Ki_0.03,0.25,0.03,0.1,custom_pid,15,True,2585.915079080032,3.4702022075653076,547,778,38.819504861198304,31.820565055977244,2.0064737796783447,347.0,715.2720107430875,123,0.22486288848263253,none,30529424.7063978,0.27472527472527475,300,1092,0.27289377289377287,0.2765567765567766
二维高密度场景,2,650,Ki_0.03,0.25,0.03,0.1,custom_pid,16,False,inf,4.592772483825684,650,984,inf,0.0,inf,inf,778.6168892725223,163,0.25076923076923074,divergence,29320281.098480016,0.2530769230769231,329,1300,0.2523076923076923,0.25384615384615383
二维高密度场景,2,650,Ki_0.03,0.25,0.03,0.1,custom_pid,17,False,inf,4.411701202392578,650,942,inf,0.0,inf,inf,741.1107184264922,172,0.26461538461538464,divergence,29861197.609426036,0.2453846153846154,319,1300,0.23846153846153847,0.2523076923076923
二维高密度场景,2,650,Ki_0.03,0.25,0.03,0.1,custom_pid,18,True,2707.4792774929997,3.0338079929351807,487,705,36.45383218357279,31.303728130997964,1.6306195259094238,287.0,703.3889336692574,124,0.2546201232032854,none,30048418.811707605,0.24897119341563786,242,972,0.2654320987654321,0.23251028806584362
二维高密度场景,2,650,Ki_0.03,0.25,0.03,0.1,custom_pid,19,False,inf,4.440186500549316,650,970,inf,0.0,inf,inf,796.0076885401853,166,0.2553846153846154,divergence,30107062.709187597,0.29,377,1300,0.28,0.3
二维高密度场景,2,650,Ki_0.03,0.25,0.03,0.1,custom_pid,20,True,2905.9062555305622,1.8810672760009766,336,450,43.525754785537266,30.17447996867775,0.7120354175567627,136.0,597.6002532237271,65,0.19345238095238096,none,31032957.423961136,0.2417910447761194,162,670,0.23283582089552238,0.2507462686567164
二维高密度场景,2,650,Ki_0.03,0.25,0.03,0.1,custom_pid,21,False,inf,4.410892963409424,650,949,inf,0.0,inf,inf,804.8031591434435,162,0.24923076923076923,divergence,30736401.75509975,0.27692307692307694,360,1300,0.2876923076923077,0.26615384615384613
二维高密度场景,2,650,Ki_0.03,0.25,0.03,0.1,custom_pid,22,False,inf,4.321063995361328,650,928,inf,0.0,inf,inf,760.9929950316746,156,0.24,divergence,29848577.820200585,0.2523076923076923,328,1300,0.24769230769230768,0.2569230769230769
二维高密度场景,2,650,Ki_0.03,0.25,0.03,0.1,custom_pid,23,True,2654.253239567763,2.736243486404419,460,623,41.20948158266442,27.631196959842427,1.3670027256011963,260.0,676.3084355428454,88,0.19130434782608696,none,29953778.051839292,0.25163398692810457,231,918,0.2440087145969499,0.25925925925925924
二维高密度场景,2,650,Ki_0.03,0.25,0.03,0.1,custom_pid,24,True,2310.24610131071,2.6256039142608643,427,606,43.17845376568046,32.464622502185556,1.2701301574707031,227.0,682.7980077179723,83,0.19437939110070257,none,29972858.283356488,0.3028169014084507,258,852,0.3028169014084507,0.3028169014084507
二维高密度场景,2,650,Ki_0.03,0.25,0.03,0.1,custom_pid,25,False,inf,4.48344612121582,650,962,inf,0.0,inf,inf,822.6370206770063,147,0.22615384615384615,divergence,31873756.607224677,0.27384615384615385,356,1300,0.2969230769230769,0.25076923076923074
二维高密度场景,2,650,Ki_0.03,0.25,0.03,0.1,custom_pid,26,True,2323.645240981116,3.6301541328430176,556,809,37.19486926095832,31.140661419352163,2.1444883346557617,356.0,689.1353557596221,126,0.22661870503597123,none,29467359.429324217,0.2702702702702703,300,1110,0.25405405405405407,0.2864864864864865
二维高密度场景,2,650,Ki_0.03,0.25,0.03,0.1,custom_pid,27,True,2622.65589415767,2.092498779296875,351,491,33.94231791248205,31.47341610886749,0.850909948348999,151.0,607.2110542819119,80,0.22792022792022792,none,30019126.51044495,0.26857142857142857,188,700,0.2571428571428571,0.28
二维高密度场景,2,650,Ki_0.03,0.25,0.03,0.1,custom_pid,28,True,3492.324003805232,4.454498052597046,650,973,38.19730288134195,26.58569111358351,3.8339247703552246,581.0,759.8746868570339,146,0.2246153846153846,none,29984856.58899195,0.2692307692307692,350,1300,0.27384615384615385,0.26461538461538464
二维高密度场景,2,650,Ki_0.03,0.25,0.03,0.1,custom_pid,29,False,inf,4.42139744758606,650,966,inf,0.0,inf,inf,725.3045640163572,158,0.24307692307692308,divergence,30092122.214516934,0.2553846153846154,332,1300,0.24307692307692308,0.2676923076923077
二维高密度场景,2,650,Ki_0.03,0.25,0.03,0.1,custom_pid,30,True,2516.855123552759,1.9191138744354248,336,463,32.95367114979674,29.28547631651027,0.6951808929443359,136.0,648.6167213401012,60,0.17857142857142858,none,30237889.647236243,0.3,201,670,0.29253731343283584,0.3074626865671642
二维高密度场景,2,650,Ki_0.04,0.25,0.039999999999999994,0.1,custom_pid,1,True,2959.893835201123,3.545572519302368,548,793,42.24014120744304,33.737357966455185,2.017786741256714,348.0,772.8752438935834,118,0.21532846715328466,none,31819699.533154827,0.27787934186471663,304,1094,0.2687385740402194,0.2870201096892139
二维高密度场景,2,650,Ki_0.04,0.25,0.039999999999999994,0.1,custom_pid,2,True,3060.3515466557433,4.492905855178833,650,976,39.092391221506034,31.854426646038053,4.053837537765503,600.0,706.778705800896,151,0.2323076923076923,none,31419951.35453905,0.26076923076923075,339,1300,0.25076923076923074,0.27076923076923076
二维高密度场景,2,650,Ki_0.04,0.25,0.039999999999999994,0.1,custom_pid,3,True,3057.150447213066,3.3534462451934814,533,761,43.11394116309899,26.559862239118587,1.8854620456695557,333.0,731.6530763960571,108,0.2026266416510319,none,31332801.018105436,0.2650375939849624,282,1064,0.2631578947368421,0.2669172932330827
二维高密度场景,2,650,Ki_0.04,0.25,0.039999999999999994,0.1,custom_pid,4,True,2599.599597332416,1.5766634941101074,283,381,35.405872131870126,30.552913899381604,0.44814538955688477,83.0,648.7504512430926,50,0.17667844522968199,none,31364285.44579738,0.2570921985815603,145,564,0.2624113475177305,0.25177304964539005
二维高密度场景,2,650,Ki_0.04,0.25,0.039999999999999994,0.1,custom_pid,5,True,2421.4446742247455,2.435901641845703,392,575,39.67835456885489,35.749070523381285,1.1148521900177002,192.0,667.7077618881547,85,0.21683673469387754,none,30846277.154973313,0.2647058823529412,207,782,0.26854219948849106,0.2608695652173913
二维高密度场景,2,650,Ki_0.04,0.25,0.039999999999999994,0.1,custom_pid,6,False,inf,4.506665468215942,650,979,inf,0.0,inf,inf,754.4982440598084,158,0.24307692307692308,divergence,31244359.368652508,0.2592307692307692,337,1300,0.25846153846153846,0.26
二维高密度场景,2,650,Ki_0.04,0.25,0.039999999999999994,0.1,custom_pid,7,False,inf,4.293495416641235,650,906,inf,0.0,inf,inf,724.9980511146625,148,0.2276923076923077,divergence,31230428.642431073,0.25384615384615383,330,1300,0.24307692307692308,0.26461538461538464
二维高密度场景,2,650,Ki_0.04,0.25,0.039999999999999994,0.1,custom_pid,8,True,2842.9770967694903,1.632206678390503,285,393,36.50721838664748,32.76096089180212,0.440701961517334,85.0,646.3613106563499,57,0.2,none,31222174.534264933,0.23943661971830985,136,568,0.2640845070422535,0.2147887323943662
二维高密度场景,2,650,Ki_0.04,0.25,0.039999999999999994,0.1,custom_pid,9,True,2283.197875798711,1.5324010848999023,271,376,40.93144764058225,30.79927854225641,0.36490416526794434,71.0,631.5927881331977,55,0.2029520295202952,none,30939969.71860618,0.25925925925925924,140,540,0.24814814814814815,0.27037037037037037
二维高密度场景,2,650,Ki_0.04,0.25,0.039999999999999994,0.1,custom_pid,10,False,inf,4.522188901901245,650,974,inf,0.0,inf,inf,755.25827344467,144,0.22153846153846155,divergence,32320649.56689943,0.2776923076923077,361,1300,0.2753846153846154,0.28
二维高密度场景,2,650,Ki_0.04,0.25,0.039999999999999994,0.1,custom_pid,11,False,inf,4.375100135803223,650,917,inf,0.0,inf,inf,809.4470705893467,155,0.23846153846153847,divergence,31418079.18675526,0.28615384615384615,372,1300,0.2815384615384615,0.2907692307692308
二维高密度场景,2,650,Ki_0.04,0.25,0.039999999999999994,0.1,custom_pid,12,False,inf,4.030208110809326,650,850,inf,0.0,inf,inf,758.4249502416969,127,0.19538461538461538,divergence,31904286.048989862,0.25076923076923074,326,1300,0.23846153846153847,0.2630769230769231
二维高密度场景,2,650,Ki_0.04,0.25,0.039999999999999994,0.1,custom_pid,13,False,inf,4.412578582763672,650,968,inf,0.0,inf,inf,731.8660713048534,157,0.24153846153846154,divergence,32820763.066937566,0.24461538461538462,318,1300,0.24153846153846154,0.24769230769230768
二维高密度场景,2,650,Ki_0.04,0.25,0.039999999999999994,0.1,custom_pid,14,False,inf,4.527288198471069,650,984,inf,0.0,inf,inf,798.338041272346,165,0.25384615384615383,divergence,30851098.22438202,0.27076923076923076,352,1300,0.2953846153846154,0.24615384615384617
二维高密度场景,2,650,Ki_0.04,0.25,0.039999999999999994,0.1,custom_pid,15,False,inf,4.180314302444458,650,885,inf,0.0,inf,inf,720.4140155230114,151,0.2323076923076923,divergence,31943035.24446861,0.28076923076923077,365,1300,0.27692307692307694,0.2846153846153846
二维高密度场景,2,650,Ki_0.04,0.25,0.039999999999999994,0.1,custom_pid,16,True,2413.1373707582056,1.698909044265747,311,399,31.647620734711925,35.854435153179026,0.5676758289337158,111.0,578.3198876181574,50,0.1607717041800643,none,31409158.4796629,0.27580645161290324,171,620,0.24193548387096775,0.3096774193548387
二维高密度场景,2,650,Ki_0.04,0.25,0.039999999999999994,0.1,custom_pid,17,False,inf,4.081644058227539,650,867,inf,0.0,inf,inf,784.483110709292,157,0.24153846153846154,divergence,30832444.38924792,0.2676923076923077,348,1300,0.2784615384615385,0.2569230769230769
二维高密度场景,2,650,Ki_0.04,0.25,0.039999999999999994,0.1,custom_pid,18,True,2562.246383713508,1.6229965686798096,269,415,46.21127047737838,34.35781321351991,0.3942584991455078,69.0,647.3278015087295,54,0.20074349442379183,none,31565664.06165747,0.2667910447761194,143,536,0.2947761194029851,0.23880597014925373
二维高密度场景,2,650,Ki_0.04,0.25,0.039999999999999994,0.1,custom_pid,19,False,inf,4.276576519012451,650,938,inf,0.0,inf,inf,761.640327178259,149,0.22923076923076924,divergence,31138676.89699654,0.2630769230769231,342,1300,0.26461538461538464,0.26153846153846155
二维高密度场景,2,650,Ki_0.04,0.25,0.039999999999999994,0.1,custom_pid,20,True,2281.537819760616,2.5350825786590576,428,609,32.699547459893935,29.122838288568936,1.201134204864502,228.0,648.7267823691044,87,0.20327102803738317,none,31496520.85841849,0.275175644028103,235,854,0.2810304449648712,0.2693208430913349
二维高密度场景,2,650,Ki_0.04,0.25,0.039999999999999994,0.1,custom_pid,21,True,2579.424441119531,1.9096453189849854,323,463,39.90739024219543,36.885463428462245,0.6553759574890137,123.0,606.3284561732193,64,0.19814241486068113,none,31434331.284701683,0.2779503105590062,179,644,0.2422360248447205,0.3136645962732919
二维高密度场景,2,650,Ki_0.04,0.25,0.039999999999999994,0.1,custom_pid,22,False,inf,4.272193431854248,650,923,inf,0.0,inf,inf,749.4400846675865,160,0.24615384615384617,divergence,31857688.98003325,0.26384615384615384,343,1300,0.26153846153846155,0.26615384615384613
二维高密度场景,2,650,Ki_0.04,0.25,0.039999999999999994,0.1,custom_pid,23,True,2409.7781902026527,4.566763877868652,650,995,37.96846901532418,32.77537748007972,4.33017897605896,625.0,738.86925365487,152,0.23384615384615384,none,31405230.649172377,0.25153846153846154,327,1300,0.24307692307692308,0.26
二维高密度场景,2,650,Ki_0.04,0.25,0.039999999999999994,0.1,custom_pid,24,True,2551.839004814921,2.087386131286621,351,490,36.86396665296499,30.501104605603608,0.8245291709899902,151.0,659.1041847000644,68,0.19373219373219372,none,30116649.662443154,0.2742857142857143,192,700,0.2714285714285714,0.27714285714285714
二维高密度场景,2,650,Ki_0.04,0.25,0.039999999999999994,0.1,custom_pid,25,True,2534.8275087502434,4.527178764343262,650,984,35.91883948618135,31.50640521220963,2.8899481296539307,456.0,765.4600179278857,160,0.24615384615384617,none,31694546.453166697,0.25384615384615383,330,1300,0.2553846153846154,0.2523076923076923
二维高密度场景,2,650,Ki_0.04,0.25,0.039999999999999994,0.1,custom_pid,26,True,2681.191059107924,4.061764240264893,650,870,40.98685064012497,26.532368499602004,3.396845579147339,569.0,759.4112487819743,162,0.24923076923076923,none,30796748.56072233,0.26615384615384613,346,1300,0.28,0.2523076923076923
二维高密度场景,2,650,Ki_0.04,0.25,0.039999999999999994,0.1,custom_pid,27,True,2508.159673831461,1.99947190284729,344,479,43.69707443745547,29.042006868666284,0.77923583984375,144.0,612.0782354967255,69,0.2005813953488372,none,31545673.030772824,0.24635568513119532,169,686,0.239067055393586,0.2536443148688047
二维高密度场景,2,650,Ki_0.04,0.25,0.039999999999999994,0.1,custom_pid,28,True,2398.537182324546,1.470062017440796,247,381,34.13147633731865,27.098773475566098,0.2584342956542969,47.0,626.2201228682901,50,0.20242914979757085,none,31350341.69725731,0.2926829268292683,144,492,0.2682926829268293,0.3170731707317073
二维高密度场景,2,650,Ki_0.04,0.25,0.039999999999999994,0.1,custom_pid,29,False,inf,4.465407848358154,650,960,inf,0.0,inf,inf,748.1786205346281,148,0.2276923076923077,divergence,30942131.802766282,0.2776923076923077,361,1300,0.24615384615384617,0.30923076923076925
二维高密度场景,2,650,Ki_0.04,0.25,0.039999999999999994,0.1,custom_pid,30,False,inf,4.567386150360107,650,1018,inf,0.0,inf,inf,774.1576248947155,152,0.23384615384615384,divergence,32351561.11422075,0.2815384615384615,366,1300,0.28615384615384615,0.27692307692307694
二维高密度场景,2,650,Ki_0.05,0.25,0.049999999999999996,0.1,custom_pid,1,True,2379.7206809941476,3.3411507606506348,521,747,36.79186608204692,31.488889809869438,1.8704886436462402,321.0,686.5536651233278,100,0.19193857965451055,none,32935237.748015936,0.25961538461538464,270,1040,0.26153846153846155,0.25769230769230766
二维高密度场景,2,650,Ki_0.05,0.25,0.049999999999999996,0.1,custom_pid,2,False,inf,4.443629264831543,650,957,inf,0.0,inf,inf,709.6368691209274,144,0.22153846153846155,divergence,33143455.767893873,0.2523076923076923,328,1300,0.2230769230769231,0.2815384615384615
二维高密度场景,2,650,Ki_0.05,0.25,0.049999999999999996,0.1,custom_pid,3,False,inf,4.424294471740723,650,950,inf,0.0,inf,inf,693.9102581683137,154,0.23692307692307693,divergence,32840679.997950036,0.24846153846153846,323,1300,0.23846153846153847,0.25846153846153846
二维高密度场景,2,650,Ki_0.05,0.25,0.049999999999999996,0.1,custom_pid,4,True,2841.1163068694423,2.7063074111938477,463,617,36.864243077585805,28.53458979391496,1.375272274017334,263.0,726.6514289905584,84,0.18142548596112312,none,32379917.342466,0.2662337662337662,246,924,0.27056277056277056,0.2619047619047619
二维高密度场景,2,650,Ki_0.05,0.25,0.049999999999999996,0.1,custom_pid,5,True,2439.8318383092524,3.4547882080078125,545,767,40.43184018674406,27.63406763547136,1.9824023246765137,345.0,750.206827106849,123,0.22568807339449543,none,32053238.098973274,0.24080882352941177,262,1088,0.25183823529411764,0.22977941176470587
二维高密度场景,2,650,Ki_0.05,0.25,0.049999999999999996,0.1,custom_pid,6,True,2537.4660474093807,1.7341935634613037,325,404,43.76161539093142,31.338351374960922,0.5618550777435303,125.0,616.5875447753494,54,0.16615384615384615,none,33066692.55743299,0.24691358024691357,160,648,0.2037037037037037,0.29012345679012347
二维高密度场景,2,650,Ki_0.05,0.25,0.049999999999999996,0.1,custom_pid,7,True,2408.407603572205,3.083338737487793,495,712,41.71078905542989,31.843225041740013,1.629253625869751,295.0,672.4966406301609,124,0.2505050505050505,none,32857386.550756793,0.2550607287449393,252,988,0.242914979757085,0.26720647773279355
二维高密度场景,2,650,Ki_0.05,0.25,0.049999999999999996,0.1,custom_pid,8,True,2771.073396827458,2.5774028301239014,421,601,37.3736241684171,30.5257401234361,1.256155014038086,221.0,628.1703553623101,80,0.19002375296912113,none,32687128.138013102,0.2369047619047619,199,840,0.25,0.22380952380952382
二维高密度场景,2,650,Ki_0.05,0.25,0.049999999999999996,0.1,custom_pid,9,True,3304.1253348309774,4.19870924949646,650,890,37.606176610855286,28.201937010550225,3.6681020259857178,587.0,740.7830057175177,163,0.25076923076923074,none,32433858.818974063,0.2630769230769231,342,1300,0.26,0.26615384615384613
二维高密度场景,2,650,Ki_0.05,0.25,0.049999999999999996,0.1,custom_pid,10,True,2575.348864351019,4.23534893989563,611,931,40.30239622553449,30.629327611415444,2.5890183448791504,411.0,748.7758257381215,126,0.20621931260229132,none,33130227.60687382,0.260655737704918,318,1220,0.2721311475409836,0.24918032786885247
二维高密度场景,2,650,Ki_0.05,0.25,0.049999999999999996,0.1,custom_pid,11,True,2913.0569064746664,1.8793537616729736,329,439,40.151511801378135,29.37392870261135,0.6970477104187012,129.0,655.0399692923149,63,0.19148936170212766,none,33068208.150017086,0.23932926829268292,157,656,0.22560975609756098,0.2530487804878049
二维高密度场景,2,650,Ki_0.05,0.25,0.049999999999999996,0.1,custom_pid,12,False,inf,4.5242016315460205,650,978,inf,0.0,inf,inf,722.6506022236226,168,0.25846153846153846,divergence,33364619.0398129,0.26153846153846155,340,1300,0.27076923076923076,0.2523076923076923
二维高密度场景,2,650,Ki_0.05,0.25,0.049999999999999996,0.1,custom_pid,13,True,2576.2763620283017,2.14530086517334,362,507,43.083135708003326,29.32928316316646,0.9219677448272705,162.0,627.1643713657511,84,0.23204419889502761,none,33020422.348932788,0.25761772853185594,186,722,0.2520775623268698,0.2631578947368421
二维高密度场景,2,650,Ki_0.05,0.25,0.049999999999999996,0.1,custom_pid,14,True,2562.947062438006,4.548875093460083,650,991,42.08178069432285,29.367894535622735,3.042776584625244,474.0,719.0239435295033,182,0.28,none,33393348.69040517,0.2592307692307692,337,1300,0.2630769230769231,0.2553846153846154
二维高密度场景,2,650,Ki_0.05,0.25,0.049999999999999996,0.1,custom_pid,15,True,2655.1146293802126,4.115492582321167,631,886,38.00047762146872,28.24626730531931,2.538245916366577,431.0,759.2881955948825,138,0.21870047543581617,none,32898176.78964542,0.26031746031746034,328,1260,0.2761904761904762,0.24444444444444444
二维高密度场景,2,650,Ki_0.05,0.25,0.049999999999999996,0.1,custom_pid,16,False,inf,4.485170841217041,650,960,inf,0.0,inf,inf,732.0208425630566,171,0.2630769230769231,divergence,32745896.3091864,0.25846153846153846,336,1300,0.26153846153846155,0.2553846153846154
二维高密度场景,2,650,Ki_0.05,0.25,0.049999999999999996,0.1,custom_pid,17,False,inf,4.435342311859131,650,960,inf,0.0,inf,inf,755.367526365952,174,0.2676923076923077,divergence,32249322.232177384,0.26153846153846155,340,1300,0.2523076923076923,0.27076923076923076
二维高密度场景,2,650,Ki_0.05,0.25,0.049999999999999996,0.1,custom_pid,18,False,inf,4.368536472320557,650,931,inf,0.0,inf,inf,719.7623867403815,149,0.22923076923076924,divergence,31991254.193103038,0.24,312,1300,0.22153846153846155,0.25846153846153846
二维高密度场景,2,650,Ki_0.05,0.25,0.049999999999999996,0.1,custom_pid,19,False,inf,4.604748249053955,650,993,inf,0.0,inf,inf,781.8927364139803,152,0.23384615384615384,divergence,32570449.878379155,0.25384615384615383,330,1300,0.25384615384615383,0.25384615384615383
二维高密度场景,2,650,Ki_0.05,0.25,0.049999999999999996,0.1,custom_pid,20,True,2498.981138867745,3.669504404067993,557,822,42.63719636170817,28.478594563544014,2.149087905883789,357.0,703.2445773139231,117,0.21005385996409337,none,32630333.64661803,0.2607913669064748,290,1112,0.25539568345323743,0.26618705035971224
二维高密度场景,2,650,Ki_0.05,0.25,0.049999999999999996,0.1,custom_pid,21,True,2557.161173800945,2.785515546798706,451,649,42.88222782779092,27.186727200895934,1.4248769283294678,251.0,692.0505061506474,101,0.22394678492239467,none,32673828.031497706,0.2811111111111111,253,900,0.28444444444444444,0.2777777777777778
二维高密度场景,2,650,Ki_0.05,0.25,0.049999999999999996,0.1,custom_pid,22,True,3112.2801491268146,4.576544761657715,650,991,34.69627497842778,27.31031177079045,3.210745334625244,491.0,732.0995350524377,140,0.2153846153846154,none,33049076.289225698,0.2530769230769231,329,1300,0.25846153846153846,0.24769230769230768
二维高密度场景,2,650,Ki_0.05,0.25,0.049999999999999996,0.1,custom_pid,23,False,inf,4.702499151229858,650,1031,inf,0.0,inf,inf,749.9162265123902,161,0.24769230769230768,divergence,31450789.29719464,0.26076923076923075,339,1300,0.25846153846153846,0.2630769230769231
二维高密度场景,2,650,Ki_0.05,0.25,0.049999999999999996,0.1,custom_pid,24,True,2579.738741409225,3.4344418048858643,552,758,39.56328520455847,27.329267477417346,1.9837050437927246,352.0,686.882863972936,120,0.21739130434782608,none,32401947.99906196,0.24319419237749546,268,1102,0.23411978221415608,0.25226860254083483
二维高密度场景,2,650,Ki_0.05,0.25,0.049999999999999996,0.1,custom_pid,25,True,2801.7322241768043,2.4350714683532715,413,563,37.521291643104774,28.372323756214733,1.1415112018585205,213.0,652.9849145167192,92,0.22276029055690072,none,33246332.44021584,0.24150485436893204,199,824,0.25728155339805825,0.22572815533980584
二维高密度场景,2,650,Ki_0.05,0.25,0.049999999999999996,0.1,custom_pid,26,True,2943.3079886943156,3.509606122970581,567,781,40.62764934801156,27.993962669968532,2.0137836933135986,367.0,728.9223355503617,120,0.21164021164021163,none,32147089.865134135,0.23233215547703182,263,1132,0.2314487632508834,0.2332155477031802
二维高密度场景,2,650,Ki_0.05,0.25,0.049999999999999996,0.1,custom_pid,27,True,2394.874873493051,1.518200397491455,264,373,40.756173078307285,30.485684703931447,0.3485548496246338,64.0,629.5913762269282,60,0.22727272727272727,none,32619083.761269215,0.2908745247148289,153,526,0.2737642585551331,0.30798479087452474
二维高密度场景,2,650,Ki_0.05,0.25,0.049999999999999996,0.1,custom_pid,28,False,inf,4.500492572784424,650,978,inf,0.0,inf,inf,811.2170249679338,152,0.23384615384615384,divergence,33260270.991318252,0.26,338,1300,0.28615384615384615,0.23384615384615384
二维高密度场景,2,650,Ki_0.05,0.25,0.049999999999999996,0.1,custom_pid,29,False,inf,4.10053014755249,650,890,inf,0.0,inf,inf,752.6668530961512,141,0.2169230769230769,divergence,32509705.627198845,0.26,338,1300,0.2630769230769231,0.2569230769230769
二维高密度场景,2,650,Ki_0.05,0.25,0.049999999999999996,0.1,custom_pid,30,True,2468.83581786872,1.52400541305542,258,400,34.195301323959654,33.210138658080616,0.316180944442749,58.0,631.8272788189174,73,0.28294573643410853,none,33008963.56809784,0.2723735408560311,140,514,0.23735408560311283,0.30739299610894943
二维高密度场景,2,650,Ki_0.06,0.25,0.06,0.1,custom_pid,1,False,inf,4.556973457336426,650,994,inf,0.0,inf,inf,697.1309443291702,162,0.24923076923076923,divergence,33086156.781534154,0.24923076923076923,324,1300,0.2353846153846154,0.2630769230769231
二维高密度场景,2,650,Ki_0.06,0.25,0.06,0.1,custom_pid,2,True,2484.4197877522984,4.590787172317505,650,988,36.69397256061573,30.46662527276614,3.3288254737854004,504.0,740.846089944737,149,0.22923076923076924,none,34414284.991525844,0.23615384615384616,307,1300,0.25076923076923074,0.22153846153846155
二维高密度场景,2,650,Ki_0.06,0.25,0.06,0.1,custom_pid,3,False,inf,4.49010968208313,650,976,inf,0.0,inf,inf,726.8938974402383,154,0.23692307692307693,divergence,34596194.43012308,0.25153846153846154,327,1300,0.2523076923076923,0.25076923076923074
二维高密度场景,2,650,Ki_0.06,0.25,0.06,0.1,custom_pid,4,False,inf,4.485051870346069,650,961,inf,0.0,inf,inf,704.4189977988559,140,0.2153846153846154,divergence,34496778.06050452,0.23846153846153847,310,1300,0.22615384615384615,0.25076923076923074
二维高密度场景,2,650,Ki_0.06,0.25,0.06,0.1,custom_pid,5,True,2316.3910772452896,1.4761152267456055,253,371,34.44378145058022,29.47094734282623,0.28765392303466797,53.0,627.8994157444772,47,0.1857707509881423,none,34285265.0759026,0.26587301587301587,134,504,0.27380952380952384,0.25793650793650796
二维高密度场景,2,650,Ki_0.06,0.25,0.06,0.1,custom_pid,6,True,2477.1616738649705,1.446481704711914,264,339,35.807494145475225,31.453561164276845,0.3061394691467285,64.0,526.571497626123,59,0.22348484848484848,none,34811823.6486307,0.21102661596958175,111,526,0.20152091254752852,0.22053231939163498
二维高密度场景,2,650,Ki_0.06,0.25,0.06,0.1,custom_pid,7,False,inf,4.265441417694092,650,917,inf,0.0,inf,inf,770.8889045578558,138,0.2123076923076923,divergence,33135619.294506177,0.25461538461538463,331,1300,0.24461538461538462,0.26461538461538464
二维高密度场景,2,650,Ki_0.06,0.25,0.06,0.1,custom_pid,8,True,2278.9157921778997,2.1488423347473145,357,512,35.57357102067445,27.278806422626356,0.8507394790649414,157.0,589.7882226839083,69,0.19327731092436976,none,34569235.65070038,0.2345505617977528,167,712,0.20786516853932585,0.2612359550561798
二维高密度场景,2,650,Ki_0.06,0.25,0.06,0.1,custom_pid,9,False,inf,4.439968824386597,650,953,inf,0.0,inf,inf,729.7880902548422,145,0.2230769230769231,divergence,34013093.05001717,0.2553846153846154,332,1300,0.2630769230769231,0.24769230769230768
二维高密度场景,2,650,Ki_0.06,0.25,0.06,0.1,custom_pid,10,True,2531.227239867037,1.5268542766571045,266,372,40.03994240759047,27.180107210859592,0.3337712287902832,66.0,581.9526719531524,54,0.20300751879699247,none,34665890.033097304,0.23962264150943396,127,530,0.2528301886792453,0.22641509433962265
二维高密度场景,2,650,Ki_0.06,0.25,0.06,0.1,custom_pid,11,True,2536.351597006897,1.5303876399993896,276,375,40.164706903504275,29.861447530505515,0.3609292507171631,76.0,594.1315083551684,46,0.16666666666666666,none,34616874.01609181,0.24545454545454545,135,550,0.2545454545454545,0.23636363636363636
二维高密度场景,2,650,Ki_0.06,0.25,0.06,0.1,custom_pid,12,True,2845.0279362551228,4.447974920272827,649,952,37.52857315680465,29.400818509938503,2.7935311794281006,449.0,768.8694486911219,168,0.2588597842835131,none,34558858.27803189,0.2337962962962963,303,1296,0.23765432098765432,0.22993827160493827
二维高密度场景,2,650,Ki_0.06,0.25,0.06,0.1,custom_pid,13,True,2695.2110569246056,1.8093373775482178,313,437,35.84928650629676,33.20796579254186,0.5637421607971191,113.0,611.6731333474396,68,0.21725239616613418,none,34251936.58308814,0.2419871794871795,151,624,0.2403846153846154,0.24358974358974358
二维高密度场景,2,650,Ki_0.06,0.25,0.06,0.1,custom_pid,14,True,2220.2090389546906,1.4374175071716309,259,351,35.670293491116475,32.971566238482815,0.32614731788635254,59.0,521.6299587900647,46,0.1776061776061776,none,34639008.623745315,0.25193798449612403,130,516,0.26356589147286824,0.24031007751937986
二维高密度场景,2,650,Ki_0.06,0.25,0.06,0.1,custom_pid,15,False,inf,4.170832872390747,650,873,inf,0.0,inf,inf,722.5613897659808,130,0.2,divergence,34707507.62907311,0.24,312,1300,0.24923076923076923,0.23076923076923078
二维高密度场景,2,650,Ki_0.06,0.25,0.06,0.1,custom_pid,16,False,inf,4.428766489028931,650,954,inf,0.0,inf,inf,729.5290717904256,141,0.2169230769230769,divergence,34595444.86573955,0.24769230769230768,322,1300,0.25846153846153846,0.23692307692307693
二维高密度场景,2,650,Ki_0.06,0.25,0.06,0.1,custom_pid,17,True,2396.36604385014,4.077020883560181,622,879,41.527518779523405,31.345012761806284,2.520932197570801,422.0,813.9873203421857,151,0.2427652733118971,none,33895687.05349237,0.2463768115942029,306,1242,0.2528180354267311,0.23993558776167473
二维高密度场景,2,650,Ki_0.06,0.25,0.06,0.1,custom_pid,18,True,2500.8967535384645,2.712920904159546,440,623,39.88805943149337,29.783958966603876,1.3450932502746582,240.0,719.971361170379,108,0.24545454545454545,none,34479209.804392315,0.2733485193621868,240,878,0.2619589977220957,0.2847380410022779
二维高密度场景,2,650,Ki_0.06,0.25,0.06,0.1,custom_pid,19,True,2655.8715198414466,4.5002827644348145,650,966,40.14921145651165,28.789227662440886,3.2059271335601807,498.0,742.7381161810657,159,0.24461538461538462,none,35219820.41303128,0.24,312,1300,0.24,0.24
二维高密度场景,2,650,Ki_0.06,0.25,0.06,0.1,custom_pid,20,True,2460.712038119511,3.954164505004883,614,846,34.181214772996576,36.77750256502262,2.408001661300659,414.0,686.387726104226,139,0.2263843648208469,none,34268723.53506445,0.2275693311582382,279,1226,0.2039151712887439,0.25122349102773245
二维高密度场景,2,650,Ki_0.06,0.25,0.06,0.1,custom_pid,21,True,2639.055079621422,3.118218183517456,491,708,38.76062840353495,26.374261252782556,1.6858546733856201,291.0,622.7351374832575,125,0.2545824847250509,none,34325654.14652702,0.22857142857142856,224,980,0.21836734693877552,0.23877551020408164
二维高密度场景,2,650,Ki_0.06,0.25,0.06,0.1,custom_pid,22,True,2395.4485014967836,1.8138749599456787,341,398,32.66436788133679,25.809037175409443,0.7038230895996094,141.0,626.1296108667948,66,0.1935483870967742,none,34463624.9506949,0.23088235294117648,157,680,0.23823529411764705,0.2235294117647059
二维高密度场景,2,650,Ki_0.06,0.25,0.06,0.1,custom_pid,23,False,inf,4.327499628067017,650,934,inf,0.0,inf,inf,739.7379692397168,171,0.2630769230769231,divergence,34643635.32718282,0.2276923076923077,296,1300,0.22615384615384615,0.22923076923076924
二维高密度场景,2,650,Ki_0.06,0.25,0.06,0.1,custom_pid,24,True,2662.7162208203904,2.9650540351867676,468,676,36.4456831454237,26.66761561537081,1.5324170589447021,268.0,668.9446273400554,103,0.22008547008547008,none,34313855.82660811,0.24411134903640258,228,934,0.2291220556745182,0.25910064239828695
二维高密度场景,2,650,Ki_0.06,0.25,0.06,0.1,custom_pid,25,True,2386.205482557547,4.206358909606934,620,943,38.588693986987,31.56216224411652,2.5828988552093506,420.0,705.8071274208455,167,0.2693548387096774,none,35328664.146968715,0.2455573505654281,304,1238,0.24717285945072698,0.24394184168012925
二维高密度场景,2,650,Ki_0.06,0.25,0.06,0.1,custom_pid,26,True,2684.7637468954426,3.5503482818603516,553,793,49.90589614139035,29.85886557771494,2.0447306632995605,353.0,737.8617655171412,127,0.22965641952983726,none,34599940.12265526,0.25181159420289856,278,1104,0.2463768115942029,0.2572463768115942
二维高密度场景,2,650,Ki_0.06,0.25,0.06,0.1,custom_pid,27,False,inf,4.366729974746704,650,934,inf,0.0,inf,inf,703.6884843592691,157,0.24153846153846154,divergence,34244604.3058279,0.23846153846153847,310,1300,0.24153846153846154,0.2353846153846154
二维高密度场景,2,650,Ki_0.06,0.25,0.06,0.1,custom_pid,28,False,inf,4.2402284145355225,650,904,inf,0.0,inf,inf,742.1652452239084,148,0.2276923076923077,divergence,36535786.621955596,0.24153846153846154,314,1300,0.23384615384615384,0.24923076923076923
二维高密度场景,2,650,Ki_0.06,0.25,0.06,0.1,custom_pid,29,True,2420.159290866959,3.2786624431610107,530,742,39.277323715680176,30.566522331138437,1.8423435688018799,330.0,752.8376066678742,138,0.26037735849056604,none,34244195.51314261,0.2533081285444234,268,1058,0.2589792060491493,0.24763705103969755
二维高密度场景,2,650,Ki_0.06,0.25,0.06,0.1,custom_pid,30,False,inf,4.447324991226196,650,965,inf,0.0,inf,inf,733.3666215653082,151,0.2323076923076923,divergence,34857207.634134516,0.24923076923076923,324,1300,0.25384615384615383,0.24461538461538462
二维高密度场景,2,650,Kd_0.06,0.25,0.04,0.06,custom_pid,1,False,inf,4.568997621536255,650,998,inf,0.0,inf,inf,729.2296592113881,150,0.23076923076923078,divergence,31672917.461408846,0.24615384615384617,320,1300,0.24615384615384617,0.24615384615384617
二维高密度场景,2,650,Kd_0.06,0.25,0.04,0.06,custom_pid,2,False,inf,4.091259956359863,650,858,inf,0.0,inf,inf,750.9337326834545,140,0.2153846153846154,divergence,30828455.201439098,0.27,351,1300,0.28307692307692306,0.2569230769230769
二维高密度场景,2,650,Kd_0.06,0.25,0.04,0.06,custom_pid,3,False,inf,4.1680519580841064,650,884,inf,0.0,inf,inf,733.8650733894727,130,0.2,divergence,31481725.701006413,0.26384615384615384,343,1300,0.23384615384615384,0.29384615384615387
二维高密度场景,2,650,Kd_0.06,0.25,0.04,0.06,custom_pid,4,True,2898.3351173733013,4.548494577407837,650,1000,37.318824737882785,27.175353186661237,3.8160104751586914,567.0,722.6237419225413,142,0.21846153846153846,none,32398804.183962617,0.23923076923076922,311,1300,0.22615384615384615,0.2523076923076923
二维高密度场景,2,650,Kd_0.06,0.25,0.04,0.06,custom_pid,5,True,2705.9391077753644,1.8732414245605469,361,419,39.7887091746841,30.172172517212346,0.6998257637023926,161.0,679.711288689395,73,0.20221606648199447,none,30628512.961712617,0.24722222222222223,178,720,0.24444444444444444,0.25
二维高密度场景,2,650,Kd_0.06,0.25,0.04,0.06,custom_pid,6,True,2611.6389909420186,3.668992042541504,563,814,42.35705225713097,30.219784904458727,2.145939826965332,363.0,779.6046411772558,127,0.2255772646536412,none,31807554.964077253,0.28380782918149466,319,1124,0.2846975088967972,0.28291814946619215
二维高密度场景,2,650,Kd_0.06,0.25,0.04,0.06,custom_pid,7,False,inf,4.398098468780518,650,959,inf,0.0,inf,inf,780.9788691244314,153,0.2353846153846154,divergence,30648016.601457596,0.24307692307692308,316,1300,0.24461538461538462,0.24153846153846154
二维高密度场景,2,650,Kd_0.06,0.25,0.04,0.06,custom_pid,8,False,inf,4.442418575286865,650,965,inf,0.0,inf,inf,708.1984836679956,159,0.24461538461538462,divergence,31478883.46309437,0.27307692307692305,355,1300,0.25846153846153846,0.2876923076923077
二维高密度场景,2,650,Kd_0.06,0.25,0.04,0.06,custom_pid,9,True,2796.3047775890036,2.0757009983062744,341,518,45.32453079682735,32.297503844847625,0.7810530662536621,141.0,681.3490445744648,79,0.2316715542521994,none,32100447.043260425,0.2661764705882353,181,680,0.27647058823529413,0.25588235294117645
二维高密度场景,2,650,Kd_0.06,0.25,0.04,0.06,custom_pid,10,False,inf,4.251999616622925,650,913,inf,0.0,inf,inf,796.3673739043275,153,0.2353846153846154,divergence,29819681.206341527,0.2561538461538462,333,1300,0.26461538461538464,0.24769230769230768
二维高密度场景,2,650,Kd_0.06,0.25,0.04,0.06,custom_pid,11,True,2358.127647685646,1.4567480087280273,266,345,35.933928280906976,32.52823474793421,0.34800267219543457,66.0,612.9289664034454,50,0.18796992481203006,none,31411000.930032637,0.25849056603773585,137,530,0.2490566037735849,0.2679245283018868
二维高密度场景,2,650,Kd_0.06,0.25,0.04,0.06,custom_pid,12,True,2547.7669472969833,4.447149991989136,650,954,37.71565804521648,29.265423731919256,3.191927194595337,502.0,688.0897349742726,168,0.25846153846153846,none,30362772.762233153,0.2553846153846154,332,1300,0.2353846153846154,0.2753846153846154
二维高密度场景,2,650,Kd_0.06,0.25,0.04,0.06,custom_pid,13,True,2721.0015107033714,4.397961139678955,650,943,40.72184887812112,30.843923095302802,3.2323195934295654,512.0,756.1120607755023,147,0.22615384615384615,none,30514530.231357463,0.26615384615384613,346,1300,0.23692307692307693,0.2953846153846154
二维高密度场景,2,650,Kd_0.06,0.25,0.04,0.06,custom_pid,14,True,2276.784223866301,1.9377567768096924,324,484,40.083727502985056,33.85514864858579,0.676769495010376,124.0,701.3017405359549,73,0.22530864197530864,none,31569578.692202337,0.2678018575851393,173,646,0.2755417956656347,0.26006191950464397
二维高密度场景,2,650,Kd_0.06,0.25,0.04,0.06,custom_pid,15,False,inf,4.291369915008545,650,921,inf,0.0,inf,inf,780.1564426951244,141,0.2169230769230769,divergence,31677184.442615,0.2623076923076923,341,1300,0.2692307692307692,0.2553846153846154
二维高密度场景,2,650,Kd_0.06,0.25,0.04,0.06,custom_pid,16,False,inf,4.550630331039429,650,1006,inf,0.0,inf,inf,744.9799022893955,157,0.24153846153846154,divergence,31472799.15694512,0.2630769230769231,342,1300,0.2553846153846154,0.27076923076923076
二维高密度场景,2,650,Kd_0.06,0.25,0.04,0.06,custom_pid,17,False,inf,4.355232000350952,650,940,inf,0.0,inf,inf,747.875857410377,162,0.24923076923076923,divergence,31522175.97156483,0.27615384615384614,359,1300,0.27692307692307694,0.2753846153846154
二维高密度场景,2,650,Kd_0.06,0.25,0.04,0.06,custom_pid,18,False,inf,4.473398923873901,650,973,inf,0.0,inf,inf,741.9871468953453,147,0.22615384615384615,divergence,30079947.7275235,0.2692307692307692,350,1300,0.24307692307692308,0.2953846153846154
二维高密度场景,2,650,Kd_0.06,0.25,0.04,0.06,custom_pid,19,False,inf,4.523086071014404,650,983,inf,0.0,inf,inf,784.9444086263888,155,0.23846153846153847,divergence,31754318.871806398,0.2753846153846154,358,1300,0.2815384615384615,0.2692307692307692
二维高密度场景,2,650,Kd_0.06,0.25,0.04,0.06,custom_pid,20,False,inf,4.206207513809204,650,913,inf,0.0,inf,inf,762.0282640113501,143,0.22,divergence,31621684.657630153,0.2630769230769231,342,1300,0.2723076923076923,0.25384615384615383
二维高密度场景,2,650,Kd_0.06,0.25,0.04,0.06,custom_pid,21,True,2514.5688619908633,3.901101589202881,587,867,41.40734614664712,29.432612268808786,2.3473076820373535,387.0,771.7235679105471,139,0.23679727427597955,none,31178735.612672366,0.2636518771331058,309,1172,0.27303754266211605,0.25426621160409557
二维高密度场景,2,650,Kd_0.06,0.25,0.04,0.06,custom_pid,22,False,inf,4.4419684410095215,650,964,inf,0.0,inf,inf,751.8614365000411,153,0.2353846153846154,divergence,30107227.994024105,0.2630769230769231,342,1300,0.2553846153846154,0.27076923076923076
二维高密度场景,2,650,Kd_0.06,0.25,0.04,0.06,custom_pid,23,True,2658.139709638172,2.199971914291382,379,517,38.0391517252568,31.58947516433511,0.9456086158752441,179.0,584.1820494657411,74,0.19525065963060687,none,31749732.92656957,0.24074074074074073,182,756,0.2222222222222222,0.25925925925925924
二维高密度场景,2,650,Kd_0.06,0.25,0.04,0.06,custom_pid,24,False,inf,4.451505422592163,650,964,inf,0.0,inf,inf,849.6394170407438,149,0.22923076923076924,divergence,31096954.35273371,0.2784615384615385,362,1300,0.2876923076923077,0.2692307692307692
二维高密度场景,2,650,Kd_0.06,0.25,0.04,0.06,custom_pid,25,True,2303.504296984504,3.3341386318206787,506,772,36.5015747723442,27.613356613052286,1.8225195407867432,306.0,716.1427278771587,128,0.25296442687747034,none,31320820.691965967,0.2732673267326733,276,1010,0.2594059405940594,0.2871287128712871
二维高密度场景,2,650,Kd_0.06,0.25,0.04,0.06,custom_pid,26,False,inf,4.354825019836426,650,944,inf,0.0,inf,inf,812.494695897086,130,0.2,divergence,31235175.508225977,0.25153846153846154,327,1300,0.26153846153846155,0.24153846153846154
二维高密度场景,2,650,Kd_0.06,0.25,0.04,0.06,custom_pid,27,True,2566.183656522356,1.6044204235076904,289,384,37.101722909349775,33.78285576922037,0.4440007209777832,89.0,694.0034536560414,48,0.16608996539792387,none,31508577.661008153,0.2795138888888889,161,576,0.2986111111111111,0.2604166666666667
二维高密度场景,2,650,Kd_0.06,0.25,0.04,0.06,custom_pid,28,True,2448.971448322525,1.579897403717041,277,393,41.740153042489425,33.256640187103756,0.39061760902404785,77.0,577.6892858719691,62,0.22382671480144403,none,31700242.032808222,0.2608695652173913,144,552,0.2572463768115942,0.2644927536231884
二维高密度场景,2,650,Kd_0.06,0.25,0.04,0.06,custom_pid,29,False,inf,4.536434888839722,650,987,inf,0.0,inf,inf,731.1849960569466,168,0.25846153846153846,divergence,31757722.25065603,0.2569230769230769,334,1300,0.26153846153846155,0.2523076923076923
二维高密度场景,2,650,Kd_0.06,0.25,0.04,0.06,custom_pid,30,True,3160.531125027066,4.18591046333313,618,901,40.155791077819366,32.37146642718695,2.569434881210327,418.0,761.052897726401,132,0.21359223300970873,none,28929095.98739172,0.26661264181523503,329,1234,0.25121555915721233,0.2820097244732577
二维高密度场景,2,650,Kd_0.08,0.25,0.04,0.08,custom_pid,1,True,2260.1067548099645,1.6576168537139893,293,401,39.90874101880721,30.977988711807278,0.45542073249816895,93.0,646.4788792539562,61,0.20819112627986347,none,31697664.299315944,0.2671232876712329,156,584,0.2842465753424658,0.25
二维高密度场景,2,650,Kd_0.08,0.25,0.04,0.08,custom_pid,2,True,2320.7142759852177,1.8307116031646729,323,438,35.30815667652477,31.942789553176492,0.6294128894805908,123.0,585.9472700975108,69,0.21362229102167182,none,31489175.438541435,0.2251552795031056,145,644,0.2111801242236025,0.2391304347826087
二维高密度场景,2,650,Kd_0.08,0.25,0.04,0.08,custom_pid,3,True,2498.7239608531418,2.128772020339966,355,507,37.577854387980466,31.029710273436528,0.8263185024261475,155.0,705.4565364555365,72,0.2028169014084507,none,30102163.581867997,0.23587570621468926,167,708,0.268361581920904,0.2033898305084746
二维高密度场景,2,650,Kd_0.08,0.25,0.04,0.08,custom_pid,4,True,2460.0861892260114,4.128622770309448,632,900,42.65879341632715,26.871140702963835,2.5433297157287598,432.0,702.6902707664538,147,0.23259493670886075,none,31278985.457231387,0.2480190174326466,313,1262,0.2519809825673534,0.24405705229793978
二维高密度场景,2,650,Kd_0.08,0.25,0.04,0.08,custom_pid,5,True,2605.0799037077213,4.384659051895142,650,936,38.421992553877665,29.070879292130684,4.030695199966431,609.0,740.6943367489262,171,0.2630769230769231,none,31512321.214340575,0.24384615384615385,317,1300,0.24461538461538462,0.24307692307692308
二维高密度场景,2,650,Kd_0.08,0.25,0.04,0.08,custom_pid,6,False,inf,4.282304286956787,650,941,inf,0.0,inf,inf,685.1895571412484,135,0.2076923076923077,divergence,30986428.844619762,0.25384615384615383,330,1300,0.24307692307692308,0.26461538461538464
二维高密度场景,2,650,Kd_0.08,0.25,0.04,0.08,custom_pid,7,True,2392.6503830153056,4.272308826446533,619,956,43.000810017548595,29.715413543801116,2.620298147201538,419.0,750.6237571687038,165,0.2665589660743134,none,30605583.611059852,0.2605177993527508,322,1236,0.24433656957928804,0.2766990291262136
二维高密度场景,2,650,Kd_0.08,0.25,0.04,0.08,custom_pid,8,True,2681.873804542953,4.556112766265869,650,991,33.764699766236134,29.12565584662818,4.344224452972412,627.0,786.3165451424624,136,0.20923076923076922,none,31281692.299402837,0.28615384615384615,372,1300,0.2815384615384615,0.2907692307692308
二维高密度场景,2,650,Kd_0.08,0.25,0.04,0.08,custom_pid,9,True,2989.930423724761,4.567232131958008,650,994,38.75817259147872,28.436401575547272,3.6722373962402344,550.0,755.3287374684813,178,0.27384615384615385,none,31356965.844052758,0.2561538461538462,333,1300,0.26,0.2523076923076923
二维高密度场景,2,650,Kd_0.08,0.25,0.04,0.08,custom_pid,10,True,2376.027502110655,1.6561915874481201,309,402,42.49133185979667,28.107561103435938,0.456784725189209,109.0,644.8028848216475,61,0.19741100323624594,none,31449504.325544894,0.28733766233766234,177,616,0.3051948051948052,0.2694805194805195
二维高密度场景,2,650,Kd_0.08,0.25,0.04,0.08,custom_pid,11,True,2417.299102710689,2.6377270221710205,448,591,39.82611396488651,30.822259706333533,1.3608512878417969,248.0,592.0241741318164,108,0.24107142857142858,none,31541228.187521037,0.2651006711409396,237,894,0.27069351230425054,0.2595078299776286
二维高密度场景,2,650,Kd_0.08,0.25,0.04,0.08,custom_pid,12,False,inf,4.417544603347778,650,948,inf,0.0,inf,inf,694.9020957075844,156,0.24,divergence,31479490.442114294,0.24769230769230768,322,1300,0.24307692307692308,0.2523076923076923
二维高密度场景,2,650,Kd_0.08,0.25,0.04,0.08,custom_pid,13,True,2498.1124969775137,4.59001898765564,650,1000,34.84952921370909,32.65902073273188,4.24977445602417,615.0,738.7320032458897,149,0.22923076923076924,none,32232495.01403905,0.26,338,1300,0.26615384615384613,0.25384615384615383
二维高密度场景,2,650,Kd_0.08,0.25,0.04,0.08,custom_pid,14,True,2432.874503444033,1.4365427494049072,248,352,39.22341667624776,31.266217327511637,0.27230072021484375,48.0,627.4326569966397,54,0.21774193548387097,none,31430559.051999405,0.3016194331983806,149,494,0.3157894736842105,0.2874493927125506
二维高密度场景,2,650,Kd_0.08,0.25,0.04,0.08,custom_pid,15,False,inf,4.276053428649902,650,916,inf,0.0,inf,inf,744.1792795831012,158,0.24307692307692308,divergence,31396617.218239743,0.27,351,1300,0.2630769230769231,0.27692307692307694
二维高密度场景,2,650,Kd_0.08,0.25,0.04,0.08,custom_pid,16,True,2475.992525223396,2.5070228576660156,433,573,36.7500197721113,28.157264446297212,1.214970350265503,233.0,610.6560390403939,65,0.15011547344110854,none,31642816.234678738,0.2465277777777778,213,864,0.24305555555555555,0.25
二维高密度场景,2,650,Kd_0.08,0.25,0.04,0.08,custom_pid,17,False,inf,4.339423894882202,650,941,inf,0.0,inf,inf,718.9060328951103,151,0.2323076923076923,divergence,31532230.451461606,0.2569230769230769,334,1300,0.24615384615384617,0.2676923076923077
二维高密度场景,2,650,Kd_0.08,0.25,0.04,0.08,custom_pid,18,True,2561.293085050353,1.77085280418396,298,456,42.18941689034618,28.270828118333046,0.5731499195098877,98.0,629.6392380025561,53,0.17785234899328858,none,31436184.123611957,0.28114478114478114,167,594,0.25925925925925924,0.30303030303030304
二维高密度场景,2,650,Kd_0.08,0.25,0.04,0.08,custom_pid,19,True,2694.580829371239,3.507894515991211,541,789,36.015087713393015,28.236437405855305,2.0172510147094727,341.0,766.2152771339142,138,0.25508317929759705,none,31534626.248674367,0.2824074074074074,305,1080,0.2962962962962963,0.26851851851851855
二维高密度场景,2,650,Kd_0.08,0.25,0.04,0.08,custom_pid,20,True,2423.060019040036,4.408770561218262,650,962,38.22717704444168,29.35437423073462,2.7943382263183594,456.0,762.8990034227714,146,0.2246153846153846,none,31544429.63370399,0.27384615384615385,356,1300,0.2630769230769231,0.2846153846153846
二维高密度场景,2,650,Kd_0.08,0.25,0.04,0.08,custom_pid,21,True,2297.811031140673,1.5549895763397217,288,358,35.383104837869986,31.125107438623964,0.434222936630249,88.0,644.6703848764437,67,0.2326388888888889,none,31337407.521062486,0.2735191637630662,157,574,0.2613240418118467,0.2857142857142857
二维高密度场景,2,650,Kd_0.08,0.25,0.04,0.08,custom_pid,22,True,2559.0745517553396,4.253908157348633,650,904,47.01805006043176,29.03279009841599,4.23331880569458,648.0,734.4401037594149,162,0.24923076923076923,none,31391363.212022655,0.26692307692307693,347,1300,0.25076923076923074,0.28307692307692306
二维高密度场景,2,650,Kd_0.08,0.25,0.04,0.08,custom_pid,23,True,2659.9509804314193,2.8114774227142334,464,635,40.79430883816455,31.094812127965263,1.4517300128936768,264.0,642.6700436335474,108,0.23275862068965517,none,31176198.870682787,0.2580993520518359,239,926,0.2548596112311015,0.2613390928725702
二维高密度场景,2,650,Kd_0.08,0.25,0.04,0.08,custom_pid,24,True,2442.9609603009517,3.032376289367676,481,699,40.07070392125134,28.165052314273353,1.6142632961273193,281.0,728.1934839673024,100,0.2079002079002079,none,31636142.86042349,0.253125,243,960,0.26666666666666666,0.23958333333333334
二维高密度场景,2,650,Kd_0.08,0.25,0.04,0.08,custom_pid,25,False,inf,4.39306902885437,650,964,inf,0.0,inf,inf,772.4280441485811,140,0.2153846153846154,divergence,30618249.491808865,0.26,338,1300,0.27384615384615385,0.24615384615384617
二维高密度场景,2,650,Kd_0.08,0.25,0.04,0.08,custom_pid,26,True,2389.4216963703675,2.089089870452881,357,493,39.79997191959604,31.23974850545001,0.8526246547698975,157.0,740.2421331242981,74,0.20728291316526612,none,30520964.54184025,0.2556179775280899,182,712,0.28370786516853935,0.22752808988764045
二维高密度场景,2,650,Kd_0.08,0.25,0.04,0.08,custom_pid,27,True,2575.7895179363018,1.620976209640503,288,387,34.83575094268141,31.702723119069177,0.4617300033569336,88.0,688.5788415923016,67,0.2326388888888889,none,31454246.17280593,0.2804878048780488,161,574,0.30662020905923343,0.25435540069686413
二维高密度场景,2,650,Kd_0.08,0.25,0.04,0.08,custom_pid,28,True,3011.939328290663,4.512122869491577,650,970,41.507893691262545,31.039512548550235,4.090889930725098,603.0,786.0392979679538,153,0.2353846153846154,none,31711326.88009051,0.26153846153846155,340,1300,0.2569230769230769,0.26615384615384613
二维高密度场景,2,650,Kd_0.08,0.25,0.04,0.08,custom_pid,29,False,inf,4.289581775665283,650,913,inf,0.0,inf,inf,747.8589682450191,157,0.24153846153846154,divergence,31642525.59640086,0.27,351,1300,0.27384615384615385,0.26615384615384613
二维高密度场景,2,650,Kd_0.08,0.25,0.04,0.08,custom_pid,30,True,2590.850707003373,3.9725418090820312,613,872,44.15212646625102,25.51756240704975,2.3957903385162354,413.0,746.4250618315084,136,0.22185970636215335,none,32406367.38903272,0.24918300653594772,305,1224,0.2679738562091503,0.23039215686274508
二维高密度场景,2,650,Kd_0.12,0.25,0.04,0.12000000000000001,custom_pid,1,True,2496.67847682538,4.381097793579102,650,934,39.97525757206149,30.741980453944425,3.289883852005005,520.0,734.5518881145825,163,0.25076923076923074,none,29386125.75307206,0.24846153846153846,323,1300,0.24769230769230768,0.24923076923076923
二维高密度场景,2,650,Kd_0.12,0.25,0.04,0.12000000000000001,custom_pid,2,True,2271.4980928824007,1.8564608097076416,331,433,35.3735736050638,32.27550562105362,0.6782827377319336,131.0,676.1904069625928,67,0.20241691842900303,none,31969748.44593411,0.25757575757575757,170,660,0.27575757575757576,0.23939393939393938
二维高密度场景,2,650,Kd_0.12,0.25,0.04,0.12000000000000001,custom_pid,3,True,2616.590907314571,4.396721601486206,650,942,35.13497964517105,34.213762392994404,4.104807376861572,617.0,760.2337361700814,148,0.2276923076923077,none,31063250.074606143,0.2684615384615385,349,1300,0.2753846153846154,0.26153846153846155
二维高密度场景,2,650,Kd_0.12,0.25,0.04,0.12000000000000001,custom_pid,4,True,2765.9372468119673,4.351031541824341,650,940,38.95910914511798,31.083022948314408,2.7116196155548096,450.0,794.0876028436392,140,0.2153846153846154,none,32258069.124333996,0.2827426810477658,367,1298,0.275808936825886,0.2896764252696456
二维高密度场景,2,650,Kd_0.12,0.25,0.04,0.12000000000000001,custom_pid,5,True,2414.455345596266,1.773510456085205,304,441,38.61099627567682,34.27041328653909,0.5731854438781738,104.0,604.4713494907935,76,0.25,none,31095539.744526695,0.25742574257425743,156,606,0.2508250825082508,0.264026402640264
二维高密度场景,2,650,Kd_0.12,0.25,0.04,0.12000000000000001,custom_pid,6,True,2664.6368000433717,3.9712748527526855,595,890,40.541469148602765,25.38103846085774,2.3785033226013184,395.0,741.489467182255,150,0.25210084033613445,none,31346187.86091919,0.25336700336700335,301,1188,0.26262626262626265,0.2441077441077441
二维高密度场景,2,650,Kd_0.12,0.25,0.04,0.12000000000000001,custom_pid,7,True,2530.294418972285,4.368999004364014,650,945,37.88711156026604,26.598165354423003,3.7028558254241943,577.0,778.800757867681,129,0.19846153846153847,none,32110954.438392527,0.26153846153846155,340,1300,0.27384615384615385,0.24923076923076923
二维高密度场景,2,650,Kd_0.12,0.25,0.04,0.12000000000000001,custom_pid,8,False,inf,4.304587364196777,650,917,inf,0.0,inf,inf,779.440683840325,134,0.20615384615384616,divergence,31999198.59037236,0.24384615384615385,317,1300,0.24923076923076923,0.23846153846153847
二维高密度场景,2,650,Kd_0.12,0.25,0.04,0.12000000000000001,custom_pid,9,True,2906.385934400777,4.12192964553833,608,903,39.41186189558299,34.83189025772132,2.5174014568328857,408.0,699.083199473131,129,0.21217105263157895,none,30678406.073959008,0.25205930807248766,306,1214,0.2372322899505766,0.26688632619439867
二维高密度场景,2,650,Kd_0.12,0.25,0.04,0.12000000000000001,custom_pid,10,False,inf,4.38964581489563,650,940,inf,0.0,inf,inf,729.6171110236216,125,0.19230769230769232,divergence,30619916.125812333,0.2530769230769231,329,1300,0.25076923076923074,0.2553846153846154
二维高密度场景,2,650,Kd_0.12,0.25,0.04,0.12000000000000001,custom_pid,11,False,inf,4.449622631072998,650,966,inf,0.0,inf,inf,754.988112875569,151,0.2323076923076923,divergence,30735714.079346973,0.23846153846153847,310,1300,0.24615384615384617,0.23076923076923078
二维高密度场景,2,650,Kd_0.12,0.25,0.04,0.12000000000000001,custom_pid,12,True,2506.91912013091,3.2094192504882812,495,748,41.35072920683333,24.66869799537206,1.7467460632324219,295.0,718.8410408833192,111,0.22424242424242424,none,31466436.11032468,0.25303643724696356,250,988,0.25708502024291496,0.24898785425101214
二维高密度场景,2,650,Kd_0.12,0.25,0.04,0.12000000000000001,custom_pid,13,True,2340.0931283694795,1.3851706981658936,250,337,34.41466843058486,30.680513449642085,0.2712855339050293,50.0,533.9990222857695,43,0.172,none,31485804.89871796,0.2389558232931727,119,498,0.19678714859437751,0.28112449799196787
二维高密度场景,2,650,Kd_0.12,0.25,0.04,0.12000000000000001,custom_pid,14,False,inf,4.223654270172119,650,917,inf,0.0,inf,inf,750.0480367816849,146,0.2246153846153846,divergence,31406260.323647685,0.26,338,1300,0.26461538461538464,0.2553846153846154
二维高密度场景,2,650,Kd_0.12,0.25,0.04,0.12000000000000001,custom_pid,15,True,3018.128849409112,4.213907480239868,650,902,42.23726368220083,33.118121028196214,3.6151835918426514,580.0,753.9452541393348,136,0.20923076923076922,none,31537401.193075422,0.26461538461538464,344,1300,0.28,0.24923076923076923
二维高密度场景,2,650,Kd_0.12,0.25,0.04,0.12000000000000001,custom_pid,16,True,2341.1532409105,2.161234140396118,348,527,34.08570366195985,30.941849760878217,0.8378422260284424,148.0,655.5673921581432,96,0.27586206896551724,none,31342986.749026194,0.260806916426513,181,694,0.26512968299711814,0.2564841498559078
二维高密度场景,2,650,Kd_0.12,0.25,0.04,0.12000000000000001,custom_pid,17,True,2364.987839986663,4.401574611663818,650,940,38.90956708081933,32.107209222411704,4.019312858581543,607.0,700.4553150149651,161,0.24769230769230768,none,30946237.779320657,0.24769230769230768,322,1300,0.24461538461538462,0.25076923076923074
二维高密度场景,2,650,Kd_0.12,0.25,0.04,0.12000000000000001,custom_pid,18,False,inf,4.3337647914886475,650,927,inf,0.0,inf,inf,739.7972008876468,141,0.2169230769230769,divergence,32105761.065709352,0.26615384615384613,346,1300,0.28,0.2523076923076923
二维高密度场景,2,650,Kd_0.12,0.25,0.04,0.12000000000000001,custom_pid,19,True,2878.237663244899,2.2356655597686768,373,532,41.28290525664385,29.887118242393477,0.9248960018157959,173.0,650.4124776407322,85,0.22788203753351208,none,31414886.902742125,0.27419354838709675,204,744,0.271505376344086,0.2768817204301075
二维高密度场景,2,650,Kd_0.12,0.25,0.04,0.12000000000000001,custom_pid,20,True,2700.287089626244,4.334934711456299,650,935,34.77066173991636,23.68012198687151,4.28488302230835,644.0,772.8006585764055,136,0.20923076923076922,none,30617061.1976735,0.26,338,1300,0.2523076923076923,0.2676923076923077
二维高密度场景,2,650,Kd_0.12,0.25,0.04,0.12000000000000001,custom_pid,21,False,inf,4.2582666873931885,650,925,inf,0.0,inf,inf,772.2118665902678,159,0.24461538461538462,divergence,33047160.633613084,0.2569230769230769,334,1300,0.26,0.25384615384615383
二维高密度场景,2,650,Kd_0.12,0.25,0.04,0.12000000000000001,custom_pid,22,True,2623.797422910608,4.428370714187622,650,969,41.83633097109441,31.51313661461388,3.526665687561035,547.0,720.7789638285183,131,0.20153846153846153,none,31481511.460879724,0.2630769230769231,342,1300,0.24923076923076923,0.27692307692307694
二维高密度场景,2,650,Kd_0.12,0.25,0.04,0.12000000000000001,custom_pid,23,True,2360.7243168108785,4.533607244491577,650,985,34.01285511296793,27.98895236077601,3.4948890209198,532.0,762.8103629361275,145,0.2230769230769231,none,31712408.890383083,0.2723076923076923,354,1300,0.26153846153846155,0.28307692307692306
二维高密度场景,2,650,Kd_0.12,0.25,0.04,0.12000000000000001,custom_pid,24,False,inf,4.2200775146484375,650,897,inf,0.0,inf,inf,794.6541907138261,133,0.20461538461538462,divergence,31039354.19001482,0.28923076923076924,376,1300,0.28307692307692306,0.2953846153846154
二维高密度场景,2,650,Kd_0.12,0.25,0.04,0.12000000000000001,custom_pid,25,True,2416.919571039901,3.2906723022460938,534,759,30.30470126909731,26.75554449328332,1.8275556564331055,334.0,649.5575423547142,116,0.21722846441947566,none,31495842.73383032,0.25140712945590993,268,1066,0.25140712945590993,0.25140712945590993
二维高密度场景,2,650,Kd_0.12,0.25,0.04,0.12000000000000001,custom_pid,26,False,inf,4.651038646697998,650,1019,inf,0.0,inf,inf,777.5734472805212,158,0.24307692307692308,divergence,31655802.996940505,0.27384615384615385,356,1300,0.2676923076923077,0.28
二维高密度场景,2,650,Kd_0.12,0.25,0.04,0.12000000000000001,custom_pid,27,True,3452.4301830962627,2.229696273803711,374,520,39.9392548190656,32.77188369623615,0.9645085334777832,174.0,657.5350854745388,82,0.2192513368983957,none,30965245.60285281,0.2761394101876676,206,746,0.29222520107238603,0.26005361930294907
二维高密度场景,2,650,Kd_0.12,0.25,0.04,0.12000000000000001,custom_pid,28,True,3660.188265906866,3.1582529544830322,532,705,34.91197854545363,31.63732089346942,1.7534782886505127,332.0,670.7220328070063,116,0.21804511278195488,none,31448040.211010102,0.2504708097928437,266,1062,0.24670433145009416,0.2542372881355932
二维高密度场景,2,650,Kd_0.12,0.25,0.04,0.12000000000000001,custom_pid,29,True,2275.4512366093904,1.4138224124908447,253,350,34.007781531368856,27.87679486458566,0.3006613254547119,53.0,649.3317976684286,65,0.25691699604743085,none,30712207.320068575,0.2916666666666667,147,504,0.3373015873015873,0.24603174603174602
二维高密度场景,2,650,Kd_0.12,0.25,0.04,0.12000000000000001,custom_pid,30,True,2317.2422830508713,1.491370677947998,271,355,39.65042881911148,30.172079713800958,0.36918067932128906,71.0,548.8126812870639,57,0.21033210332103322,none,31510299.916519765,0.26481481481481484,143,540,0.26296296296296295,0.26666666666666666
二维高密度场景,2,650,Kd_0.14,0.25,0.04,0.14,custom_pid,1,False,inf,4.327558517456055,650,921,inf,0.0,inf,inf,773.690631101375,126,0.19384615384615383,divergence,31510395.369102046,0.2723076923076923,354,1300,0.2553846153846154,0.28923076923076924
二维高密度场景,2,650,Kd_0.14,0.25,0.04,0.14,custom_pid,2,True,2842.9392903051394,4.104913711547852,625,901,42.579064570567624,28.91182483719378,2.5088770389556885,425.0,766.8431455247776,137,0.2192,none,31702975.16023405,0.2588141025641026,323,1248,0.2676282051282051,0.25
二维高密度场景,2,650,Kd_0.14,0.25,0.04,0.14,custom_pid,3,True,2336.2838163181127,3.389169692993164,543,760,35.51632556076187,28.851791621171472,1.8977935314178467,343.0,677.1667688900727,122,0.22467771639042358,none,31087768.135053877,0.26014760147601473,282,1084,0.26014760147601473,0.26014760147601473
二维高密度场景,2,650,Kd_0.14,0.25,0.04,0.14,custom_pid,4,True,2399.001694588359,2.1760151386260986,362,532,37.10698600777123,28.89445303148376,0.8842513561248779,162.0,731.1896926609754,78,0.2154696132596685,none,31623286.407840762,0.26038781163434904,188,722,0.28254847645429365,0.23822714681440443
二维高密度场景,2,650,Kd_0.14,0.25,0.04,0.14,custom_pid,5,False,inf,4.362119913101196,650,939,inf,0.0,inf,inf,704.5127269092736,153,0.2353846153846154,divergence,31971392.3178086,0.23615384615384616,307,1300,0.23076923076923078,0.24153846153846154
二维高密度场景,2,650,Kd_0.14,0.25,0.04,0.14,custom_pid,6,True,2755.723639737674,2.608098268508911,424,612,32.707461149677435,28.651141066058695,1.233954906463623,224.0,662.0347919648386,97,0.22877358490566038,none,31544517.888815634,0.26004728132387706,220,846,0.25295508274231676,0.26713947990543735
二维高密度场景,2,650,Kd_0.14,0.25,0.04,0.14,custom_pid,7,True,2372.0933401115876,2.4833009243011475,421,568,42.68527373691927,27.247900827287044,1.145448923110962,221.0,666.042243361708,90,0.21377672209026127,none,31494586.364300415,0.25952380952380955,218,840,0.2619047619047619,0.2571428571428571
二维高密度场景,2,650,Kd_0.14,0.25,0.04,0.14,custom_pid,8,True,2950.528890239065,3.0037167072296143,495,675,36.158221545293415,30.73708688081758,1.6526694297790527,295.0,728.8797174376281,117,0.23636363636363636,none,31226629.372383934,0.2408906882591093,238,988,0.23076923076923078,0.25101214574898784
二维高密度场景,2,650,Kd_0.14,0.25,0.04,0.14,custom_pid,9,True,2652.821021435544,1.833228588104248,327,444,39.58663616234922,28.528023027178154,0.6299002170562744,127.0,604.7808027756668,60,0.1834862385321101,none,31533249.01060269,0.2837423312883436,185,652,0.24846625766871167,0.31901840490797545
二维高密度场景,2,650,Kd_0.14,0.25,0.04,0.14,custom_pid,10,True,2662.7979262545628,4.461001396179199,650,964,34.64466480323012,27.869216512848286,3.0405638217926025,484.0,711.7548267947878,160,0.24615384615384617,none,32648026.801231068,0.2561538461538462,333,1300,0.2569230769230769,0.2553846153846154
二维高密度场景,2,650,Kd_0.14,0.25,0.04,0.14,custom_pid,11,True,2667.5257426113476,3.4913625717163086,527,801,34.80165009143473,31.65574262729289,1.9545824527740479,327.0,705.7638768241492,122,0.2314990512333966,none,30326068.950889483,0.2747148288973384,289,1052,0.26425855513307983,0.28517110266159695
二维高密度场景,2,650,Kd_0.14,0.25,0.04,0.14,custom_pid,12,True,2447.0589806265834,2.275444269180298,379,540,36.145813169723134,26.683515533583535,0.9770686626434326,179.0,644.3667891686458,70,0.18469656992084432,none,31448895.460512828,0.2552910052910053,193,756,0.25132275132275134,0.25925925925925924
二维高密度场景,2,650,Kd_0.14,0.25,0.04,0.14,custom_pid,13,False,inf,4.348623275756836,650,940,inf,0.0,inf,inf,733.4363523180552,170,0.26153846153846155,divergence,31985295.325144164,0.24769230769230768,322,1300,0.2323076923076923,0.2630769230769231
二维高密度场景,2,650,Kd_0.14,0.25,0.04,0.14,custom_pid,14,False,inf,4.463416337966919,650,954,inf,0.0,inf,inf,782.6763976286888,149,0.22923076923076924,divergence,32702345.663334846,0.27692307692307694,360,1300,0.25076923076923074,0.3030769230769231
二维高密度场景,2,650,Kd_0.14,0.25,0.04,0.14,custom_pid,15,True,2478.8920196689105,1.7175652980804443,305,407,32.84777223820853,30.155109029475653,0.5556011199951172,105.0,597.9551666376613,58,0.1901639344262295,none,31685345.473113313,0.26480263157894735,161,608,0.22697368421052633,0.3026315789473684
二维高密度场景,2,650,Kd_0.14,0.25,0.04,0.14,custom_pid,16,True,2694.4690999460545,3.04193377494812,495,695,33.940310467993875,27.038427083833216,1.610792875289917,295.0,683.0570469148287,105,0.21212121212121213,none,31455478.78542801,0.26720647773279355,264,988,0.25303643724696356,0.2813765182186235
二维高密度场景,2,650,Kd_0.14,0.25,0.04,0.14,custom_pid,17,True,2477.956742448012,2.4856295585632324,405,589,39.62284830801935,27.040320153401407,1.1386899948120117,205.0,697.9872326158045,104,0.25679012345679014,none,31448193.04020746,0.24876237623762376,201,808,0.25742574257425743,0.2400990099009901
二维高密度场景,2,650,Kd_0.14,0.25,0.04,0.14,custom_pid,18,True,2386.2612712396126,3.5315356254577637,549,787,33.87821457403306,28.272752526236836,2.0347447395324707,349.0,729.1302782006479,140,0.2550091074681239,none,30981786.944915,0.27645985401459855,303,1096,0.2737226277372263,0.2791970802919708
二维高密度场景,2,650,Kd_0.14,0.25,0.04,0.14,custom_pid,19,True,3054.2294062924266,3.886551856994629,588,864,40.16035590315483,28.495718415985554,2.33184814453125,388.0,716.6684924312294,117,0.1989795918367347,none,31298540.069115803,0.2674616695059625,314,1174,0.2555366269165247,0.27938671209540034
二维高密度场景,2,650,Kd_0.14,0.25,0.04,0.14,custom_pid,20,False,inf,4.317653179168701,650,922,inf,0.0,inf,inf,802.5372946114883,160,0.24615384615384617,divergence,30740878.381534487,0.2553846153846154,332,1300,0.26153846153846155,0.24923076923076923
二维高密度场景,2,650,Kd_0.14,0.25,0.04,0.14,custom_pid,21,True,2530.106952889521,4.461894750595093,650,962,38.3349111128063,30.09735472987825,3.1417064666748047,497.0,740.3249190559728,159,0.24461538461538462,none,31466970.471228573,0.2630769230769231,342,1300,0.24615384615384617,0.28
二维高密度场景,2,650,Kd_0.14,0.25,0.04,0.14,custom_pid,22,False,inf,4.1636505126953125,650,891,inf,0.0,inf,inf,750.8326826600846,137,0.21076923076923076,divergence,31976290.971585866,0.2623076923076923,341,1300,0.2630769230769231,0.26153846153846155
二维高密度场景,2,650,Kd_0.14,0.25,0.04,0.14,custom_pid,23,True,2413.0923164334977,1.8427817821502686,315,450,38.411797141579726,30.78844520120913,0.6012213230133057,115.0,626.7444682457517,64,0.20317460317460317,none,30990296.24304239,0.2627388535031847,165,628,0.24522292993630573,0.2802547770700637
二维高密度场景,2,650,Kd_0.14,0.25,0.04,0.14,custom_pid,24,True,2522.875171673374,4.502164602279663,650,976,40.627969038759346,25.96146728260903,3.9843010902404785,592.0,738.6653574141003,148,0.2276923076923077,none,31550538.62826849,0.2653846153846154,345,1300,0.26615384615384613,0.26461538461538464
二维高密度场景,2,650,Kd_0.14,0.25,0.04,0.14,custom_pid,25,True,2424.533677566632,2.866710662841797,452,677,44.20799528647566,26.923286865533658,1.4334220886230469,252.0,654.3211147318028,119,0.26327433628318586,none,31150925.29265886,0.26274944567627495,237,902,0.23059866962305986,0.29490022172949004
二维高密度场景,2,650,Kd_0.14,0.25,0.04,0.14,custom_pid,26,True,2698.7225581224907,1.6067304611206055,291,392,34.723005128865516,29.153467800454628,0.4106745719909668,91.0,541.6058730631521,61,0.20962199312714777,none,31343238.58083907,0.2189655172413793,127,580,0.23448275862068965,0.20344827586206896
二维高密度场景,2,650,Kd_0.14,0.25,0.04,0.14,custom_pid,27,True,2530.9499244925773,1.5743589401245117,286,367,35.826018025582194,30.68459695034055,0.42996644973754883,86.0,570.4632970945211,56,0.1958041958041958,none,31157990.475774225,0.24912280701754386,142,570,0.25263157894736843,0.24561403508771928
二维高密度场景,2,650,Kd_0.14,0.25,0.04,0.14,custom_pid,28,True,2640.479468274842,4.1368443965911865,637,891,44.66865441802933,32.01229697480669,2.5285205841064453,437.0,746.5234467793136,144,0.2260596546310832,none,31196712.114337977,0.27122641509433965,345,1272,0.2783018867924528,0.2641509433962264
二维高密度场景,2,650,Kd_0.14,0.25,0.04,0.14,custom_pid,29,True,2236.280277104248,1.4215588569641113,253,344,29.889063942988454,26.88912645688199,0.2976226806640625,53.0,618.4612044495854,60,0.23715415019762845,none,31465763.92971584,0.2757936507936508,139,504,0.2698412698412698,0.28174603174603174
二维高密度场景,2,650,Kd_0.14,0.25,0.04,0.14,custom_pid,30,True,2891.826859896568,4.509643316268921,650,975,37.24171078720055,36.096752836581636,3.2691922187805176,510.0,731.3374192375262,159,0.24461538461538462,none,31725607.287496112,0.26461538461538464,344,1300,0.24461538461538462,0.2846153846153846
二维高密度场景,2,650,All_Low,0.1,0.02,0.06,custom_pid,1,True,3104.0982409067174,3.4326937198638916,524,781,43.761049913505495,27.738715347019202,1.885913372039795,324.0,790.2068924514617,121,0.23091603053435114,none,28192718.583665248,0.30210325047801145,316,1046,0.2944550669216061,0.30975143403441685
二维高密度场景,2,650,All_Low,0.1,0.02,0.06,custom_pid,2,True,2472.702767457816,3.6061387062072754,545,817,36.697997651388725,32.804944151517944,2.055675983428955,345.0,695.4592490473923,113,0.20733944954128442,none,28249326.860061523,0.28400735294117646,309,1088,0.28860294117647056,0.27941176470588236
二维高密度场景,2,650,All_Low,0.1,0.02,0.06,custom_pid,3,False,inf,4.2826550006866455,650,936,inf,0.0,inf,inf,793.328316982461,149,0.22923076923076924,divergence,27916449.15384967,0.28,364,1300,0.2907692307692308,0.2692307692307692
二维高密度场景,2,650,All_Low,0.1,0.02,0.06,custom_pid,4,False,inf,4.563070774078369,650,995,inf,0.0,inf,inf,727.8927426764392,153,0.2353846153846154,divergence,29487820.944613717,0.2876923076923077,374,1300,0.26615384615384613,0.30923076923076925
二维高密度场景,2,650,All_Low,0.1,0.02,0.06,custom_pid,5,True,2433.2632077331837,4.311084508895874,639,952,39.558846184898144,31.7919820728531,2.681724786758423,439.0,755.3464124269856,153,0.23943661971830985,none,28496947.670289367,0.2797805642633229,357,1276,0.28213166144200624,0.2774294670846395
二维高密度场景,2,650,All_Low,0.1,0.02,0.06,custom_pid,6,True,2753.8541147347837,3.8377203941345215,569,868,39.10656852376892,30.435223882803562,2.2630810737609863,369.0,651.0488527440083,135,0.23725834797891038,none,28148730.116245113,0.2720070422535211,309,1136,0.2535211267605634,0.2904929577464789
二维高密度场景,2,650,All_Low,0.1,0.02,0.06,custom_pid,7,True,2624.466295961617,3.7122671604156494,570,818,37.36706136024116,30.847989357162923,2.1902270317077637,370.0,711.1235507376146,113,0.19824561403508772,none,28437895.819718573,0.2750439367311072,313,1138,0.2759226713532513,0.2741652021089631
二维高密度场景,2,650,All_Low,0.1,0.02,0.06,custom_pid,8,True,2489.5589628480393,1.7947423458099365,311,445,33.96705260601369,33.978163400124075,0.5830929279327393,111.0,622.3802670208322,57,0.1832797427652733,none,28417827.464375973,0.3,186,620,0.2838709677419355,0.3161290322580645
二维高密度场景,2,650,All_Low,0.1,0.02,0.06,custom_pid,9,True,2294.92565608768,1.3606221675872803,256,327,39.54420322030386,29.15825974948031,0.2863047122955322,56.0,606.7848541008,51,0.19921875,none,28594896.826239128,0.24313725490196078,124,510,0.24705882352941178,0.23921568627450981
二维高密度场景,2,650,All_Low,0.1,0.02,0.06,custom_pid,10,False,inf,4.426790952682495,650,964,inf,0.0,inf,inf,727.5586017308386,133,0.20461538461538462,divergence,28366940.62284743,0.27,351,1300,0.2553846153846154,0.2846153846153846
二维高密度场景,2,650,All_Low,0.1,0.02,0.06,custom_pid,11,True,2727.0236929495372,3.9451727867126465,590,872,32.77394722116742,32.78576588614852,2.3603312969207764,390.0,717.1764516906877,127,0.21525423728813559,none,28379183.44491561,0.25806451612903225,304,1178,0.25806451612903225,0.25806451612903225
二维高密度场景,2,650,All_Low,0.1,0.02,0.06,custom_pid,12,True,2698.3754162730174,3.1786532402038574,493,722,37.14673391425255,28.458665218570996,1.7087037563323975,293.0,749.128067811998,109,0.2210953346855984,none,28380584.38651562,0.2916666666666667,287,984,0.2845528455284553,0.29878048780487804
二维高密度场景,2,650,All_Low,0.1,0.02,0.06,custom_pid,13,True,2332.772068955437,3.1773159503936768,497,734,37.20071139763449,25.306536092950726,1.7269213199615479,297.0,768.3894156336345,125,0.2515090543259557,none,29327065.07534796,0.2973790322580645,295,992,0.3004032258064516,0.29435483870967744
二维高密度场景,2,650,All_Low,0.1,0.02,0.06,custom_pid,14,False,inf,4.4136669635772705,650,951,inf,0.0,inf,inf,818.2132736062289,151,0.2323076923076923,divergence,28317849.023179084,0.2876923076923077,374,1300,0.29846153846153844,0.27692307692307694
二维高密度场景,2,650,All_Low,0.1,0.02,0.06,custom_pid,15,True,2494.6255750918053,3.182570457458496,480,749,36.969958884960576,32.28153979566127,1.6928291320800781,280.0,686.1935001437386,110,0.22916666666666666,none,28491869.112750463,0.2828810020876827,271,958,0.2588726513569937,0.3068893528183716
二维高密度场景,2,650,All_Low,0.1,0.02,0.06,custom_pid,16,False,inf,4.491788387298584,650,985,inf,0.0,inf,inf,741.9222453671033,157,0.24153846153846154,divergence,28449484.316777043,0.2815384615384615,366,1300,0.2815384615384615,0.2815384615384615
二维高密度场景,2,650,All_Low,0.1,0.02,0.06,custom_pid,17,True,2465.4569456382087,3.3637993335723877,523,750,39.33118640087155,30.363920786860326,1.8810973167419434,323.0,743.0210946493384,132,0.25239005736137665,none,27837238.862627048,0.29693486590038315,310,1044,0.2950191570881226,0.2988505747126437
二维高密度场景,2,650,All_Low,0.1,0.02,0.06,custom_pid,18,True,2502.072621535946,2.124209403991699,387,484,37.55887853561572,26.96581349851975,0.9315948486328125,187.0,713.257718739423,62,0.16020671834625322,none,28560373.90122791,0.2538860103626943,196,772,0.23316062176165803,0.27461139896373055
二维高密度场景,2,650,All_Low,0.1,0.02,0.06,custom_pid,19,False,inf,4.440473318099976,650,951,inf,0.0,inf,inf,719.0271467668302,162,0.24923076923076923,divergence,27601827.698462326,0.27,351,1300,0.24307692307692308,0.2969230769230769
二维高密度场景,2,650,All_Low,0.1,0.02,0.06,custom_pid,20,True,2360.5907546099143,2.737589120864868,440,650,36.605200974510296,34.42625907001191,1.365684986114502,240.0,691.6619981689247,99,0.225,none,28688202.30742008,0.2824601366742597,248,878,0.26879271070615035,0.296127562642369
二维高密度场景,2,650,All_Low,0.1,0.02,0.06,custom_pid,21,False,inf,4.4896697998046875,650,972,inf,0.0,inf,inf,801.125843694136,153,0.2353846153846154,divergence,28426158.912794553,0.28923076923076924,376,1300,0.2923076923076923,0.28615384615384615
二维高密度场景,2,650,All_Low,0.1,0.02,0.06,custom_pid,22,False,inf,4.403253078460693,650,965,inf,0.0,inf,inf,709.4926285660474,167,0.2569230769230769,divergence,28648800.594207138,0.25,325,1300,0.2276923076923077,0.2723076923076923
二维高密度场景,2,650,All_Low,0.1,0.02,0.06,custom_pid,23,False,inf,4.356111288070679,650,951,inf,0.0,inf,inf,768.8212614059375,148,0.2276923076923077,divergence,28210726.229873028,0.29,377,1300,0.2907692307692308,0.28923076923076924
二维高密度场景,2,650,All_Low,0.1,0.02,0.06,custom_pid,24,True,2717.6140424081573,3.1673851013183594,510,713,43.02081843968274,32.3289279799923,1.716334581375122,310.0,698.1528547905402,105,0.20588235294117646,none,28354375.70853372,0.2642436149312377,269,1018,0.26129666011787817,0.26719056974459726
二维高密度场景,2,650,All_Low,0.1,0.02,0.06,custom_pid,25,False,inf,4.566790819168091,650,995,inf,0.0,inf,inf,776.110380034116,166,0.2553846153846154,divergence,28479456.456434183,0.2823076923076923,367,1300,0.29384615384615387,0.27076923076923076
二维高密度场景,2,650,All_Low,0.1,0.02,0.06,custom_pid,26,True,2330.903537016394,4.243300437927246,650,918,41.87358354950474,32.02278537948058,2.9879558086395264,498.0,693.1346733803775,158,0.24307692307692308,none,28852309.946386375,0.2792307692307692,363,1300,0.26153846153846155,0.2969230769230769
二维高密度场景,2,650,All_Low,0.1,0.02,0.06,custom_pid,27,True,2512.1747053233116,2.267277240753174,390,539,40.146662638876215,27.261893157922497,0.9688065052032471,190.0,668.5015198405592,102,0.26153846153846155,none,28385887.700344294,0.2660668380462725,207,778,0.2596401028277635,0.27249357326478146
二维高密度场景,2,650,All_Low,0.1,0.02,0.06,custom_pid,28,False,inf,4.573370456695557,650,1001,inf,0.0,inf,inf,775.6509537592268,160,0.24615384615384617,divergence,28710219.240241587,0.2823076923076923,367,1300,0.2953846153846154,0.2692307692307692
二维高密度场景,2,650,All_Low,0.1,0.02,0.06,custom_pid,29,True,2444.16981753457,3.57914137840271,555,784,47.074645386176414,29.878422394944565,2.086698293685913,355.0,759.4282082813207,125,0.22522522522522523,none,28186479.73702641,0.2833935018050541,314,1108,0.2545126353790614,0.31227436823104693
二维高密度场景,2,650,All_Low,0.1,0.02,0.06,custom_pid,30,True,2833.8953657688207,4.533281564712524,650,994,40.684827838148564,29.69711574702815,3.5457425117492676,540.0,811.0375031737937,163,0.25076923076923074,none,28357685.401592758,0.29615384615384616,385,1300,0.2907692307692308,0.30153846153846153
二维高密度场景,2,650,All_High,0.4,0.06,0.14,custom_pid,1,False,inf,4.183614253997803,650,886,inf,0.0,inf,inf,693.7294044471098,127,0.19538461538461538,divergence,34438097.9022929,0.23384615384615384,304,1300,0.23076923076923078,0.23692307692307693
二维高密度场景,2,650,All_High,0.4,0.06,0.14,custom_pid,2,False,inf,4.427051782608032,650,964,inf,0.0,inf,inf,744.334543264164,120,0.18461538461538463,divergence,33848657.733318076,0.25384615384615383,330,1300,0.25384615384615383,0.25384615384615383
二维高密度场景,2,650,All_High,0.4,0.06,0.14,custom_pid,3,False,inf,4.287539958953857,650,914,inf,0.0,inf,inf,774.1802795627622,151,0.2323076923076923,divergence,35106446.82943185,0.2530769230769231,329,1300,0.26615384615384613,0.24
二维高密度场景,2,650,All_High,0.4,0.06,0.14,custom_pid,4,True,2694.6642913268756,2.273524284362793,381,546,41.08406692733815,26.253920520620053,0.9790384769439697,181.0,631.7804560476336,89,0.2335958005249344,none,34538864.33190048,0.26710526315789473,203,760,0.25263157894736843,0.28157894736842104
二维高密度场景,2,650,All_High,0.4,0.06,0.14,custom_pid,5,False,inf,4.187910556793213,650,889,inf,0.0,inf,inf,728.8274846191651,136,0.20923076923076922,divergence,35034585.6579486,0.25,325,1300,0.23846153846153847,0.26153846153846155
二维高密度场景,2,650,All_High,0.4,0.06,0.14,custom_pid,6,True,2654.5514682844464,2.1799426078796387,365,522,38.98259686585144,28.87196547005287,0.8829951286315918,165.0,687.5277303408968,78,0.2136986301369863,none,34380250.49650183,0.23351648351648352,170,728,0.27197802197802196,0.19505494505494506
二维高密度场景,2,650,All_High,0.4,0.06,0.14,custom_pid,7,True,2500.2344123075927,3.057605028152466,480,700,34.92865680950923,25.48311760504582,1.625891923904419,280.0,707.9120881515217,112,0.23333333333333334,none,33965831.11498322,0.24947807933194155,239,958,0.24217118997912318,0.2567849686847599
二维高密度场景,2,650,All_High,0.4,0.06,0.14,custom_pid,8,False,inf,4.22399640083313,650,895,inf,0.0,inf,inf,745.2115508376879,136,0.20923076923076922,divergence,33442485.953257494,0.23307692307692307,303,1300,0.23076923076923078,0.2353846153846154
二维高密度场景,2,650,All_High,0.4,0.06,0.14,custom_pid,9,True,2674.8040916528357,2.409747838973999,400,554,40.01668916706339,30.80799960971806,1.1207389831542969,200.0,620.344937495576,92,0.23,none,33494988.352346998,0.2644110275689223,211,798,0.2631578947368421,0.2656641604010025
二维高密度场景,2,650,All_High,0.4,0.06,0.14,custom_pid,10,False,inf,4.569093227386475,650,994,inf,0.0,inf,inf,693.9012521925011,157,0.24153846153846154,divergence,34608352.4286654,0.24615384615384617,320,1300,0.2276923076923077,0.26461538461538464
二维高密度场景,2,650,All_High,0.4,0.06,0.14,custom_pid,11,False,inf,4.469550848007202,650,974,inf,0.0,inf,inf,724.3033352681621,145,0.2230769230769231,divergence,34966786.23384032,0.2453846153846154,319,1300,0.2523076923076923,0.23846153846153847
二维高密度场景,2,650,All_High,0.4,0.06,0.14,custom_pid,12,True,2533.6993056372967,3.25227952003479,537,720,44.76736934215576,26.43562041118712,1.805659532546997,337.0,698.5567654513109,124,0.2309124767225326,none,34539667.601556405,0.23694029850746268,254,1072,0.19962686567164178,0.27425373134328357
二维高密度场景,2,650,All_High,0.4,0.06,0.14,custom_pid,13,True,3130.4507740511485,4.398005485534668,650,936,39.99597018229857,35.985088348014166,3.981778621673584,602.0,745.6332932579273,153,0.2353846153846154,none,34927765.63661701,0.26461538461538464,344,1300,0.2723076923076923,0.2569230769230769
二维高密度场景,2,650,All_High,0.4,0.06,0.14,custom_pid,14,True,3423.9883009155296,4.184399366378784,650,891,33.605936147896955,34.268580211572406,3.1161320209503174,519.0,747.9874557603141,146,0.2246153846153846,none,34251614.39340573,0.25461538461538463,331,1300,0.2553846153846154,0.25384615384615383
二维高密度场景,2,650,All_High,0.4,0.06,0.14,custom_pid,15,False,inf,4.373646020889282,650,923,inf,0.0,inf,inf,747.6971178189302,138,0.2123076923076923,divergence,36282079.990205236,0.23923076923076922,311,1300,0.24461538461538462,0.23384615384615384
二维高密度场景,2,650,All_High,0.4,0.06,0.14,custom_pid,16,False,inf,4.401990175247192,650,947,inf,0.0,inf,inf,749.9491417779363,151,0.2323076923076923,divergence,34848951.41273792,0.25,325,1300,0.26615384615384613,0.23384615384615384
二维高密度场景,2,650,All_High,0.4,0.06,0.14,custom_pid,17,True,2572.1797246918,2.3714935779571533,405,548,40.88873079308937,29.449565674644198,1.0962159633636475,205.0,711.8839286425152,94,0.23209876543209876,none,34337940.123901196,0.2524752475247525,204,808,0.25742574257425743,0.24752475247524752
二维高密度场景,2,650,All_High,0.4,0.06,0.14,custom_pid,18,True,2342.287149035484,1.601128101348877,289,379,37.58826326816923,30.173252572410263,0.45297932624816895,89.0,645.3416255450717,55,0.1903114186851211,none,34930574.702109635,0.2569444444444444,148,576,0.2604166666666667,0.2534722222222222
二维高密度场景,2,650,All_High,0.4,0.06,0.14,custom_pid,19,True,2759.3523767127776,4.544175148010254,650,984,40.28552392216616,32.28175013137329,3.116283655166626,486.0,723.7012361596146,162,0.24923076923076923,none,34433600.82697292,0.2453846153846154,319,1300,0.24307692307692308,0.24769230769230768
二维高密度场景,2,650,All_High,0.4,0.06,0.14,custom_pid,20,False,inf,4.480266571044922,650,953,inf,0.0,inf,inf,787.7118981908803,160,0.24615384615384617,divergence,34605234.73208574,0.26076923076923075,339,1300,0.28615384615384615,0.2353846153846154
二维高密度场景,2,650,All_High,0.4,0.06,0.14,custom_pid,21,False,inf,4.481804609298706,650,974,inf,0.0,inf,inf,747.3993662476364,160,0.24615384615384617,divergence,33183262.43619812,0.2453846153846154,319,1300,0.23076923076923078,0.26
二维高密度场景,2,650,All_High,0.4,0.06,0.14,custom_pid,22,True,2568.391527072966,1.926008939743042,331,465,44.15452627330131,27.63401941044203,0.6818103790283203,131.0,653.7000731406913,59,0.1782477341389728,none,33725017.59256505,0.2818181818181818,186,660,0.2878787878787879,0.27575757575757576
二维高密度场景,2,650,All_High,0.4,0.06,0.14,custom_pid,23,True,2609.0718895096843,1.8083524703979492,306,459,38.32602551349783,35.639829087699,0.5699665546417236,106.0,548.3116418838192,70,0.22875816993464052,none,34831367.078606136,0.21967213114754097,134,610,0.20655737704918034,0.23278688524590163
二维高密度场景,2,650,All_High,0.4,0.06,0.14,custom_pid,24,False,inf,4.4309773445129395,650,954,inf,0.0,inf,inf,729.7287900310748,134,0.20615384615384616,divergence,34959219.25192472,0.2469230769230769,321,1300,0.24461538461538462,0.24923076923076923
二维高密度场景,2,650,All_High,0.4,0.06,0.14,custom_pid,25,True,2862.848918197766,4.457860708236694,649,979,45.752844943567524,31.797060126205754,2.7909345626831055,449.0,744.8923855602136,151,0.23266563944530047,none,34764083.356156625,0.25308641975308643,328,1296,0.2700617283950617,0.2361111111111111
二维高密度场景,2,650,All_High,0.4,0.06,0.14,custom_pid,26,True,2763.779047859301,3.9175314903259277,590,875,43.71022156378211,24.506151408369657,2.3427257537841797,390.0,680.2362744025959,135,0.2288135593220339,none,34980644.3653183,0.24448217317487267,288,1178,0.22071307300509338,0.26825127334465193
二维高密度场景,2,650,All_High,0.4,0.06,0.14,custom_pid,27,False,inf,4.383894681930542,650,951,inf,0.0,inf,inf,769.57637568075,160,0.24615384615384617,divergence,34636058.05788186,0.24615384615384617,320,1300,0.25076923076923074,0.24153846153846154
二维高密度场景,2,650,All_High,0.4,0.06,0.14,custom_pid,28,True,2934.7611717028844,2.6762704849243164,467,614,41.89305642161915,26.971541769228786,1.3122823238372803,267.0,653.8023659678881,79,0.16916488222698073,none,34431778.892903216,0.24356223175965666,227,932,0.23605150214592274,0.2510729613733906
二维高密度场景,2,650,All_High,0.4,0.06,0.14,custom_pid,29,True,2750.206347006068,2.385701894760132,404,556,38.20201114224591,29.68916342072524,1.1117761135101318,204.0,654.7051468439159,93,0.2301980198019802,none,34790579.44586222,0.24193548387096775,195,806,0.2655086848635236,0.21836228287841192
二维高密度场景,2,650,All_High,0.4,0.06,0.14,custom_pid,30,True,2331.1013652510246,3.1800754070281982,515,731,33.00098888961601,30.84609134048547,1.7491605281829834,315.0,770.9517430450792,106,0.2058252427184466,none,34854478.96437723,0.24027237354085604,247,1028,0.2607003891050584,0.2198443579766537
二维高密度场景,2,650,High_Kp_Kd,0.35,0.02,0.14,custom_pid,1,True,2566.317142879719,4.374043703079224,643,936,39.16924281443251,31.434401893795318,2.743349552154541,443.0,770.224255103987,144,0.223950233281493,none,29346092.576871682,0.2733644859813084,351,1284,0.26791277258566976,0.278816199376947
二维高密度场景,2,650,High_Kp_Kd,0.35,0.02,0.14,custom_pid,2,False,inf,4.093238830566406,650,887,inf,0.0,inf,inf,688.6500384170024,131,0.20153846153846153,oscillation,27902752.566598225,0.2784615384615385,362,1300,0.26461538461538464,0.2923076923076923
二维高密度场景,2,650,High_Kp_Kd,0.35,0.02,0.14,custom_pid,3,False,inf,4.4050023555755615,650,953,inf,0.0,inf,inf,778.86212924107,149,0.22923076923076924,divergence,27727024.733897395,0.29384615384615387,382,1300,0.27076923076923076,0.3169230769230769
二维高密度场景,2,650,High_Kp_Kd,0.35,0.02,0.14,custom_pid,4,True,2358.0390159539174,1.8228380680084229,326,432,29.93751996525223,27.934028640574326,0.5900838375091553,126.0,665.0121780488654,69,0.2116564417177914,none,28566485.38536139,0.3,195,650,0.27384615384615385,0.3261538461538461
二维高密度场景,2,650,High_Kp_Kd,0.35,0.02,0.14,custom_pid,5,True,2899.4066921980243,1.8122854232788086,303,445,38.85090850389333,28.905846236098924,0.5692400932312012,103.0,616.0564675730286,57,0.18811881188118812,none,29179384.025869407,0.2682119205298013,162,604,0.2847682119205298,0.25165562913907286
二维高密度场景,2,650,High_Kp_Kd,0.35,0.02,0.14,custom_pid,6,True,2869.2337985631316,3.1220667362213135,504,697,33.61972744015149,32.02962000663657,1.7331230640411377,304.0,695.1119416418808,126,0.25,none,28192916.404424287,0.2664015904572565,268,1006,0.2644135188866799,0.268389662027833
二维高密度场景,2,650,High_Kp_Kd,0.35,0.02,0.14,custom_pid,7,False,inf,4.351315021514893,650,936,inf,0.0,inf,inf,771.1859444357455,162,0.24923076923076923,divergence,28639556.420642488,0.28076923076923077,365,1300,0.27384615384615385,0.2876923076923077
二维高密度场景,2,650,High_Kp_Kd,0.35,0.02,0.14,custom_pid,8,True,2682.995795983404,2.552387237548828,470,566,42.128911954311334,29.21922868251835,1.2658255100250244,270.0,718.4207347873161,93,0.19787234042553192,none,28817499.426659208,0.2579957356076759,242,938,0.27505330490405117,0.24093816631130063
二维高密度场景,2,650,High_Kp_Kd,0.35,0.02,0.14,custom_pid,9,True,2652.8681388950226,4.432493448257446,650,968,37.150995429574145,32.41832333536789,3.8560712337493896,585.0,720.5932473896845,147,0.22615384615384615,none,28794709.431616645,0.27307692307692305,355,1300,0.27384615384615385,0.2723076923076923
二维高密度场景,2,650,High_Kp_Kd,0.35,0.02,0.14,custom_pid,10,True,2536.9576621310885,2.083587884902954,378,466,42.06590340127377,29.24500715420808,0.866187572479248,178.0,658.743603639866,80,0.21164021164021163,none,28268154.698689565,0.26657824933687,201,754,0.2493368700265252,0.2838196286472148
二维高密度场景,2,650,High_Kp_Kd,0.35,0.02,0.14,custom_pid,11,True,3122.2671031697423,3.9621427059173584,596,897,44.84587042443337,28.66249740723611,2.358315944671631,396.0,715.9346033539025,142,0.23825503355704697,none,28813088.351158373,0.25798319327731095,307,1190,0.2571428571428571,0.25882352941176473
二维高密度场景,2,650,High_Kp_Kd,0.35,0.02,0.14,custom_pid,12,True,2404.853788413287,3.0308547019958496,475,696,32.212343528257314,29.61900023604671,1.6037204265594482,275.0,647.9190592342799,112,0.23578947368421052,none,28676238.94500548,0.2510548523206751,238,948,0.24472573839662448,0.25738396624472576
二维高密度场景,2,650,High_Kp_Kd,0.35,0.02,0.14,custom_pid,13,False,inf,4.257310390472412,650,921,inf,0.0,inf,inf,804.1917489434499,142,0.21846153846153846,divergence,29768052.044777617,0.2815384615384615,366,1300,0.2969230769230769,0.26615384615384613
二维高密度场景,2,650,High_Kp_Kd,0.35,0.02,0.14,custom_pid,14,True,2439.782692873635,2.587585926055908,428,613,42.44763031133865,32.380497051565584,1.2559893131256104,228.0,717.6977403949778,96,0.22429906542056074,none,28850571.53171084,0.3091334894613583,264,854,0.3044496487119438,0.31381733021077285
二维高密度场景,2,650,High_Kp_Kd,0.35,0.02,0.14,custom_pid,15,True,2458.9073179972142,1.6437973976135254,285,394,37.41689625026663,31.693234267638648,0.46305251121520996,85.0,632.7197072436587,44,0.1543859649122807,none,28668015.628152728,0.2904929577464789,165,568,0.2992957746478873,0.28169014084507044
二维高密度场景,2,650,High_Kp_Kd,0.35,0.02,0.14,custom_pid,16,False,inf,4.360346078872681,650,948,inf,0.0,inf,inf,771.9889945031424,155,0.23846153846153847,divergence,28537242.532774303,0.29615384615384616,385,1300,0.3076923076923077,0.2846153846153846
二维高密度场景,2,650,High_Kp_Kd,0.35,0.02,0.14,custom_pid,17,True,2442.7235065917675,4.0042030811309814,602,886,50.91043448537741,29.150842951178305,2.4112308025360107,402.0,734.6597388681176,150,0.24916943521594684,none,28056574.774619993,0.2703826955074875,325,1202,0.28286189683860236,0.2579034941763727
二维高密度场景,2,650,High_Kp_Kd,0.35,0.02,0.14,custom_pid,18,False,inf,4.505218744277954,650,985,inf,0.0,inf,inf,703.8343424870874,151,0.2323076923076923,divergence,28303697.040226705,0.27076923076923076,352,1300,0.2676923076923077,0.27384615384615385
二维高密度场景,2,650,High_Kp_Kd,0.35,0.02,0.14,custom_pid,19,True,2797.5781589920075,1.824530839920044,332,417,38.84940725958114,35.024557935344674,0.6491320133209229,132.0,652.0194112228102,62,0.18674698795180722,none,28692061.9460764,0.2854984894259819,189,662,0.29003021148036257,0.2809667673716012
二维高密度场景,2,650,High_Kp_Kd,0.35,0.02,0.14,custom_pid,20,False,inf,4.358326435089111,650,955,inf,0.0,inf,inf,717.3477436699551,156,0.24,divergence,28641938.985373404,0.28846153846153844,375,1300,0.2784615384615385,0.29846153846153844
二维高密度场景,2,650,High_Kp_Kd,0.35,0.02,0.14,custom_pid,21,False,inf,4.295377731323242,650,906,inf,0.0,inf,inf,789.9284946212855,155,0.23846153846153847,divergence,28431394.56008201,0.27307692307692305,355,1300,0.2723076923076923,0.27384615384615385
二维高密度场景,2,650,High_Kp_Kd,0.35,0.02,0.14,custom_pid,22,True,2799.053768326885,4.01866602897644,602,887,33.041523263265056,31.860946857970042,2.42743182182312,402.0,740.4095523845862,154,0.2558139534883721,none,28721313.833613753,0.26455906821963393,318,1202,0.2562396006655574,0.27287853577371046
二维高密度场景,2,650,High_Kp_Kd,0.35,0.02,0.14,custom_pid,23,False,inf,4.245243310928345,650,920,inf,0.0,inf,inf,732.5284041965831,126,0.19384615384615383,divergence,28555239.963943515,0.26153846153846155,340,1300,0.2630769230769231,0.26
二维高密度场景,2,650,High_Kp_Kd,0.35,0.02,0.14,custom_pid,24,True,2837.261379310601,4.527662038803101,650,988,38.314632449689086,31.00835521505466,4.131582975387573,607.0,749.4553713162047,166,0.2553846153846154,none,28471901.328160558,0.2746153846153846,357,1300,0.27384615384615385,0.2753846153846154
二维高密度场景,2,650,High_Kp_Kd,0.35,0.02,0.14,custom_pid,25,True,2437.3922362049198,2.573462724685669,448,580,43.87254337741828,29.862203271385063,1.2696959972381592,248.0,687.9208774638523,106,0.23660714285714285,none,28120397.77432165,0.2639821029082774,236,894,0.2550335570469799,0.27293064876957496
二维高密度场景,2,650,High_Kp_Kd,0.35,0.02,0.14,custom_pid,26,True,2428.6325114082624,4.439295768737793,650,947,38.05781806929624,32.276493655239214,4.041667461395264,604.0,799.8452561563874,150,0.23076923076923078,none,28976962.828493524,0.2792307692307692,363,1300,0.28,0.2784615384615385
二维高密度场景,2,650,High_Kp_Kd,0.35,0.02,0.14,custom_pid,27,True,2363.0545693703707,2.0311994552612305,355,467,30.53797315029361,27.89500543240605,0.8450713157653809,155.0,686.6844115925285,64,0.18028169014084508,none,27492477.605328325,0.2725988700564972,193,708,0.2994350282485876,0.2457627118644068
二维高密度场景,2,650,High_Kp_Kd,0.35,0.02,0.14,custom_pid,28,True,2480.5125213972055,1.3638319969177246,259,319,36.50867593781312,33.1263069890217,0.3063971996307373,59.0,614.0262079804498,44,0.16988416988416988,none,29313483.368790083,0.2616279069767442,135,516,0.2751937984496124,0.24806201550387597
二维高密度场景,2,650,High_Kp_Kd,0.35,0.02,0.14,custom_pid,29,True,2238.461122871785,1.4019896984100342,259,327,37.40399762195211,30.629706699793992,0.329204797744751,59.0,593.1700939243119,46,0.1776061776061776,none,28073101.387677696,0.2771317829457364,143,516,0.26744186046511625,0.2868217054263566
二维高密度场景,2,650,High_Kp_Kd,0.35,0.02,0.14,custom_pid,30,False,inf,4.404248952865601,650,954,inf,0.0,inf,inf,734.2180258815026,142,0.21846153846153846,divergence,28046285.75528542,0.28,364,1300,0.26615384615384613,0.29384615384615387
二维高密度场景,2,650,High_Ki,0.15,0.06,0.08,custom_pid,1,False,inf,4.604937791824341,650,993,inf,0.0,inf,inf,740.077591280199,163,0.25076923076923074,divergence,34373237.63957099,0.2523076923076923,328,1300,0.2553846153846154,0.24923076923076923
二维高密度场景,2,650,High_Ki,0.15,0.06,0.08,custom_pid,2,True,2429.690918058794,2.9476797580718994,467,686,40.522471967522605,30.12424463686161,1.5215232372283936,267.0,653.5855662340316,119,0.25481798715203424,none,34635988.20217084,0.21888412017167383,204,932,0.22103004291845493,0.2167381974248927
二维高密度场景,2,650,High_Ki,0.15,0.06,0.08,custom_pid,3,False,inf,4.32287073135376,650,934,inf,0.0,inf,inf,733.4020330512093,152,0.23384615384615384,divergence,34320093.21341746,0.2469230769230769,321,1300,0.24153846153846154,0.2523076923076923
二维高密度场景,2,650,High_Ki,0.15,0.06,0.08,custom_pid,4,True,2651.3692140023536,4.4442384243011475,650,971,39.39120421910156,28.201556648326935,3.8575923442840576,585.0,751.5267194573437,157,0.24153846153846154,none,33481777.386838906,0.24846153846153846,323,1300,0.2353846153846154,0.26153846153846155
二维高密度场景,2,650,High_Ki,0.15,0.06,0.08,custom_pid,5,False,inf,4.309876203536987,650,932,inf,0.0,inf,inf,796.0363463404102,152,0.23384615384615384,divergence,34256246.84587695,0.25,325,1300,0.27076923076923076,0.22923076923076924
二维高密度场景,2,650,High_Ki,0.15,0.06,0.08,custom_pid,6,True,3362.5072370828375,4.226611375808716,650,911,42.484849577229085,32.96563869760806,3.265561580657959,535.0,791.5213150565673,133,0.20461538461538462,none,35309563.54167845,0.25384615384615383,330,1300,0.2553846153846154,0.2523076923076923
二维高密度场景,2,650,High_Ki,0.15,0.06,0.08,custom_pid,7,False,inf,4.379661321640015,650,951,inf,0.0,inf,inf,752.7739606366114,149,0.22923076923076924,divergence,34842494.19605569,0.2523076923076923,328,1300,0.2553846153846154,0.24923076923076923
二维高密度场景,2,650,High_Ki,0.15,0.06,0.08,custom_pid,8,True,2954.210192941342,4.3782548904418945,650,957,41.06775616573393,26.054398176024296,3.1319472789764404,503.0,741.7438259416696,156,0.24,none,35000624.8133712,0.2530769230769231,329,1300,0.25384615384615383,0.2523076923076923
二维高密度场景,2,650,High_Ki,0.15,0.06,0.08,custom_pid,9,True,2385.6524936201977,3.585658311843872,549,828,39.23707612273281,30.29003728127183,2.0808961391448975,349.0,667.6652980698856,122,0.2222222222222222,none,34259603.40386043,0.25364963503649635,278,1096,0.23357664233576642,0.2737226277372263
二维高密度场景,2,650,High_Ki,0.15,0.06,0.08,custom_pid,10,False,inf,4.376106262207031,650,941,inf,0.0,inf,inf,736.1539306587616,156,0.24,divergence,33932620.57248483,0.24923076923076923,324,1300,0.25076923076923074,0.24769230769230768
二维高密度场景,2,650,High_Ki,0.15,0.06,0.08,custom_pid,11,True,2639.1194465994454,2.097015619277954,355,491,40.523016462240626,26.66504633784888,0.8477783203125,155.0,629.6385538827265,85,0.23943661971830985,none,34390739.51724965,0.24152542372881355,171,708,0.2457627118644068,0.23728813559322035
二维高密度场景,2,650,High_Ki,0.15,0.06,0.08,custom_pid,12,True,2554.0483690519222,4.5528857707977295,650,962,41.596531686563694,33.142653335605026,2.9067373275756836,454.0,735.703253528704,147,0.22615384615384615,none,34519332.48223336,0.2561538461538462,333,1300,0.2523076923076923,0.26
二维高密度场景,2,650,High_Ki,0.15,0.06,0.08,custom_pid,13,False,inf,4.258952856063843,650,909,inf,0.0,inf,inf,768.9432158049253,139,0.21384615384615385,divergence,34265160.22384409,0.2453846153846154,319,1300,0.24153846153846154,0.24923076923076923
二维高密度场景,2,650,High_Ki,0.15,0.06,0.08,custom_pid,14,False,inf,4.552058219909668,650,996,inf,0.0,inf,inf,697.7733692114365,153,0.2353846153846154,divergence,34459805.5401506,0.2784615384615385,362,1300,0.25076923076923074,0.30615384615384617
二维高密度场景,2,650,High_Ki,0.15,0.06,0.08,custom_pid,15,True,2700.5143727987656,3.9902091026306152,604,871,36.75991328437109,29.540106198382,2.442780017852783,404.0,781.6604688930394,131,0.21688741721854304,none,34252948.48494084,0.23880597014925373,288,1206,0.23880597014925373,0.23880597014925373
二维高密度场景,2,650,High_Ki,0.15,0.06,0.08,custom_pid,16,False,inf,4.630136489868164,650,1001,inf,0.0,inf,inf,759.7015834991759,152,0.23384615384615384,divergence,34176207.14027299,0.25461538461538463,331,1300,0.27384615384615385,0.2353846153846154
二维高密度场景,2,650,High_Ki,0.15,0.06,0.08,custom_pid,17,False,inf,4.422821760177612,650,952,inf,0.0,inf,inf,714.8158904033606,148,0.2276923076923077,divergence,34465927.87658194,0.25769230769230766,335,1300,0.24923076923076923,0.26615384615384613
二维高密度场景,2,650,High_Ki,0.15,0.06,0.08,custom_pid,18,True,2517.096918723607,1.9503936767578125,344,456,30.002142092321805,32.56292543341051,0.7238454818725586,144.0,613.0199048203452,64,0.18604651162790697,none,34515486.75787112,0.2303206997084548,158,686,0.2303206997084548,0.2303206997084548
二维高密度场景,2,650,High_Ki,0.15,0.06,0.08,custom_pid,19,False,inf,4.254094839096069,650,924,inf,0.0,inf,inf,741.2677782572977,159,0.24461538461538462,divergence,34523903.076505765,0.26076923076923075,339,1300,0.2630769230769231,0.25846153846153846
二维高密度场景,2,650,High_Ki,0.15,0.06,0.08,custom_pid,20,True,2426.4595252097038,1.587897777557373,282,386,40.540315360129156,29.704849718047797,0.3909306526184082,82.0,606.3338297360415,59,0.20921985815602837,none,34594990.005882695,0.24733096085409254,139,562,0.2597864768683274,0.23487544483985764
二维高密度场景,2,650,High_Ki,0.15,0.06,0.08,custom_pid,21,True,2542.090005845875,4.535435438156128,650,980,36.6693608696226,30.50554908880558,2.9301466941833496,462.0,776.6093824987803,166,0.2553846153846154,none,31899880.099664703,0.25076923076923074,326,1300,0.27384615384615385,0.2276923076923077
二维高密度场景,2,650,High_Ki,0.15,0.06,0.08,custom_pid,22,True,2441.7946131951126,1.3738176822662354,253,336,37.88975606956055,30.424692779191645,0.26543474197387695,53.0,536.580635019508,52,0.20553359683794467,none,34512061.889557295,0.22023809523809523,111,504,0.20634920634920634,0.23412698412698413
二维高密度场景,2,650,High_Ki,0.15,0.06,0.08,custom_pid,23,True,2948.2600101385833,1.7012462615966797,293,422,40.04879257791447,29.75846813466743,0.5165045261383057,93.0,590.6495728692936,54,0.18430034129692832,none,35777784.89504014,0.2482876712328767,145,584,0.2568493150684932,0.23972602739726026
二维高密度场景,2,650,High_Ki,0.15,0.06,0.08,custom_pid,24,False,inf,4.398611545562744,650,966,inf,0.0,inf,inf,703.5648185797172,141,0.2169230769230769,divergence,34837380.442219935,0.2523076923076923,328,1300,0.25076923076923074,0.25384615384615383
二维高密度场景,2,650,High_Ki,0.15,0.06,0.08,custom_pid,25,False,inf,4.257405996322632,650,925,inf,0.0,inf,inf,714.7050545286445,142,0.21846153846153846,divergence,33379886.284758426,0.24615384615384617,320,1300,0.23846153846153847,0.25384615384615383
二维高密度场景,2,650,High_Ki,0.15,0.06,0.08,custom_pid,26,False,inf,4.50000786781311,650,982,inf,0.0,inf,inf,776.0202121643513,171,0.2630769230769231,divergence,34906371.27671561,0.2561538461538462,333,1300,0.24923076923076923,0.2630769230769231
二维高密度场景,2,650,High_Ki,0.15,0.06,0.08,custom_pid,27,True,2495.4718170533056,2.174391031265259,357,518,39.53842102514153,26.21844594678702,0.9058694839477539,157.0,569.6702005283015,71,0.19887955182072828,none,33931370.08872089,0.24719101123595505,176,712,0.23876404494382023,0.2556179775280899
二维高密度场景,2,650,High_Ki,0.15,0.06,0.08,custom_pid,28,True,2774.4717711013122,2.5809149742126465,412,601,39.71223879913234,31.003579858769356,1.2105112075805664,212.0,622.901810561148,93,0.22572815533980584,none,35580698.12038523,0.23479318734793186,193,822,0.23357664233576642,0.2360097323600973
二维高密度场景,2,650,High_Ki,0.15,0.06,0.08,custom_pid,29,False,inf,4.589205265045166,650,1007,inf,0.0,inf,inf,733.580923296067,148,0.2276923076923077,divergence,34013243.21067888,0.2353846153846154,306,1300,0.22,0.25076923076923074
二维高密度场景,2,650,High_Ki,0.15,0.06,0.08,custom_pid,30,True,3237.8288765525044,2.233945369720459,376,538,36.257087986767985,28.23147571342526,0.9649651050567627,176.0,647.2147366216153,79,0.21010638297872342,none,34369334.70391085,0.24133333333333334,181,750,0.248,0.23466666666666666
三维高密度场景,3,1200,Kp_0.10,0.1,0.04,0.1,custom_pid,1,True,3603.0364315227844,11.964229345321655,1000,1909,42.065153605312176,101.36319143893095,8.739646434783936,800.0,809.9893045157132,247,0.247,none,248857561268.81857,0.26076076076076077,521,1998,0.2552552552552553,0.26626626626626626
三维高密度场景,3,1200,Kp_0.10,0.1,0.04,0.1,custom_pid,2,True,3585.2095609356334,12.191153764724731,1000,1919,51.45995674534143,105.99670320285313,8.864713430404663,800.0,818.3455145094897,237,0.237,none,243044189080.6452,0.25925925925925924,518,1998,0.2702702702702703,0.24824824824824826
三维高密度场景,3,1200,Kp_0.10,0.1,0.04,0.1,custom_pid,3,True,2966.5036425189337,12.170012950897217,1000,1936,45.46090474150575,89.97857083826742,8.904124021530151,800.0,818.2714712020395,218,0.218,none,251855066295.2405,0.2627627627627628,525,1998,0.2672672672672673,0.25825825825825827
三维高密度场景,3,1200,Kp_0.10,0.1,0.04,0.1,custom_pid,4,True,4194.306449725531,12.162264585494995,1000,1922,47.75715268489504,90.865311329609,8.915507078170776,800.0,809.8021708814049,232,0.232,none,233577133391.9532,0.2577577577577578,515,1998,0.25925925925925924,0.25625625625625625
三维高密度场景,3,1200,Kp_0.10,0.1,0.04,0.1,custom_pid,5,True,2913.3851633171853,12.154475927352905,1000,1926,49.96083472008452,119.73445937605308,8.899492740631104,800.0,844.3760545270159,247,0.247,none,245259325710.3756,0.2847847847847848,569,1998,0.3003003003003003,0.26926926926926925
三维高密度场景,3,1200,Kp_0.10,0.1,0.04,0.1,custom_pid,6,True,3443.8522632618456,12.109119653701782,1000,1899,49.211143975623386,104.5193867031304,8.911162376403809,800.0,795.3862962630914,228,0.228,none,250288857459.18503,0.25875875875875876,517,1998,0.24824824824824826,0.26926926926926925
三维高密度场景,3,1200,Kp_0.10,0.1,0.04,0.1,custom_pid,7,True,3131.2109842024147,12.210992813110352,1000,1945,44.81027249895073,104.46250823075657,8.933736801147461,800.0,826.7299269769632,247,0.247,none,242936995532.38657,0.26226226226226224,524,1998,0.2682682682682683,0.25625625625625625
三维高密度场景,3,1200,Kp_0.10,0.1,0.04,0.1,custom_pid,8,True,3275.300199235117,12.148479700088501,1000,1931,49.354912633919966,113.41653165781663,8.905795812606812,800.0,802.8359019076242,235,0.235,none,245384447975.06738,0.26126126126126126,522,1998,0.2652652652652653,0.25725725725725723
三维高密度场景,3,1200,Kp_0.10,0.1,0.04,0.1,custom_pid,9,True,3637.6966795606486,12.203109502792358,1000,1940,48.43752663706192,94.13650736237955,8.93144154548645,800.0,828.693259198591,230,0.23,none,242577075045.9038,0.26226226226226224,524,1998,0.25825825825825827,0.26626626626626626
三维高密度场景,3,1200,Kp_0.10,0.1,0.04,0.1,custom_pid,10,True,4375.318001368021,12.264384508132935,1000,1938,45.153323163811024,94.50668262262832,9.001527309417725,800.0,805.1984912097355,257,0.257,none,247251803741.0229,0.2677677677677678,535,1998,0.26626626626626626,0.26926926926926925
三维高密度场景,3,1200,Kp_0.10,0.1,0.04,0.1,custom_pid,11,True,2774.2060588942686,12.405826330184937,1000,1944,45.50720268164694,124.28186632395109,9.113739728927612,800.0,849.7596195438239,261,0.261,none,243244584125.45868,0.27127127127127126,542,1998,0.27927927927927926,0.26326326326326327
三维高密度场景,3,1200,Kp_0.10,0.1,0.04,0.1,custom_pid,12,True,2965.6491033354996,12.084568738937378,1000,1931,48.797555366637596,103.92481396817064,8.833386182785034,800.0,804.355266541387,241,0.241,none,248000543242.70203,0.2697697697697698,539,1998,0.27127127127127126,0.2682682682682683
三维高密度场景,3,1200,Kp_0.10,0.1,0.04,0.1,custom_pid,13,True,3261.695775529444,12.085936307907104,1000,1926,48.45366805898747,88.21356669777327,8.841621398925781,800.0,820.0450823452154,241,0.241,none,248727041614.09076,0.2627627627627628,525,1998,0.2722722722722723,0.25325325325325326
三维高密度场景,3,1200,Kp_0.10,0.1,0.04,0.1,custom_pid,14,True,3464.52599806881,12.193575143814087,1000,1938,48.290487813933325,92.26438992330209,8.917098045349121,800.0,783.9696767247519,218,0.218,none,250951852170.15433,0.26426426426426425,528,1998,0.25725725725725723,0.27127127127127126
三维高密度场景,3,1200,Kp_0.10,0.1,0.04,0.1,custom_pid,15,True,3020.6049246530056,12.061246395111084,1000,1923,43.49383629828989,104.71543687192525,8.835042476654053,800.0,801.9275176453713,225,0.225,none,245120192120.74005,0.26376376376376376,527,1998,0.26126126126126126,0.26626626626626626
三维高密度场景,3,1200,Kp_0.10,0.1,0.04,0.1,custom_pid,16,True,3034.3493218355406,12.243497610092163,1000,1927,46.9621541737025,106.68306370569046,8.988880157470703,800.0,825.4074471919868,234,0.234,none,240021671061.1842,0.2722722722722723,544,1998,0.27127127127127126,0.2732732732732733
三维高密度场景,3,1200,Kp_0.10,0.1,0.04,0.1,custom_pid,17,True,3316.1717531854956,11.981219291687012,1000,1910,45.792205669501605,108.0255110678584,8.756209373474121,800.0,811.7056097439565,228,0.228,none,238095492225.98956,0.25325325325325326,506,1998,0.24524524524524524,0.26126126126126126
三维高密度场景,3,1200,Kp_0.10,0.1,0.04,0.1,custom_pid,18,True,3405.2024391922473,12.09533405303955,1000,1921,51.238582617033835,101.56709744100526,8.860970258712769,800.0,777.9739462965665,241,0.241,none,242648233893.48727,0.24474474474474475,489,1998,0.24824824824824826,0.24124124124124124
三维高密度场景,3,1200,Kp_0.10,0.1,0.04,0.1,custom_pid,19,True,3377.737592307627,12.136629343032837,1000,1908,47.229930986759555,93.53632790200734,8.912731170654297,800.0,776.5720539847923,215,0.215,none,244413640607.19904,0.26076076076076077,521,1998,0.25725725725725723,0.26426426426426425
三维高密度场景,3,1200,Kp_0.10,0.1,0.04,0.1,custom_pid,20,True,3613.3334248726205,12.32065224647522,1000,1932,46.22597968277381,100.44702172199736,9.051676988601685,800.0,789.3486112521396,224,0.224,none,241349417496.969,0.24974974974974976,499,1998,0.25225225225225223,0.24724724724724725
三维高密度场景,3,1200,Kp_0.10,0.1,0.04,0.1,custom_pid,21,True,3880.815231437078,11.933504819869995,1000,1893,50.910458685377684,82.0436799940617,8.745078086853027,800.0,839.6648710189605,235,0.235,none,245198919897.26923,0.26576576576576577,531,1998,0.28128128128128127,0.2502502502502503
三维高密度场景,3,1200,Kp_0.10,0.1,0.04,0.1,custom_pid,22,True,3494.2407894696303,10.741958618164062,927,1773,44.15617888955745,92.94796508689649,7.278162002563477,727.0,828.4915701393438,204,0.22006472491909385,none,241861750580.87418,0.2759179265658747,511,1852,0.28077753779697623,0.2710583153347732
三维高密度场景,3,1200,Kp_0.10,0.1,0.04,0.1,custom_pid,23,True,3446.845399240423,12.19792628288269,1000,1933,47.61306628913849,93.50611133951179,8.936080694198608,800.0,777.8172606745059,269,0.269,none,237999612134.503,0.24624624624624625,492,1998,0.25325325325325326,0.23923923923923923
三维高密度场景,3,1200,Kp_0.10,0.1,0.04,0.1,custom_pid,24,True,3092.6204826974713,12.131795883178711,1000,1935,49.533006448280986,107.26276841930192,8.864357471466064,800.0,858.9413480465124,225,0.225,none,255108599748.23404,0.26576576576576577,531,1998,0.27427427427427425,0.25725725725725723
三维高密度场景,3,1200,Kp_0.10,0.1,0.04,0.1,custom_pid,25,True,2778.0958156904235,12.192526578903198,1000,1921,48.213442858941505,114.76608883052373,8.959611415863037,800.0,834.7105356899588,239,0.239,none,243567136941.22305,0.2652652652652653,530,1998,0.26226226226226224,0.2682682682682683
三维高密度场景,3,1200,Kp_0.10,0.1,0.04,0.1,custom_pid,26,True,3178.5685715371264,12.231399774551392,1000,1930,45.17499018398426,106.87344701250929,8.985367774963379,800.0,798.7379777678073,225,0.225,none,241215113108.38287,0.25575575575575576,511,1998,0.25225225225225223,0.25925925925925924
三维高密度场景,3,1200,Kp_0.10,0.1,0.04,0.1,custom_pid,27,True,3229.7327648886207,12.174528121948242,1000,1932,42.99364351630353,96.5027184110747,8.935096979141235,800.0,842.5027205081595,248,0.248,none,240829159284.94763,0.2707707707707708,541,1998,0.28128128128128127,0.2602602602602603
三维高密度场景,3,1200,Kp_0.10,0.1,0.04,0.1,custom_pid,28,True,3311.8793818713407,11.970824241638184,1000,1914,47.33312932380082,90.66027191104773,8.748770952224731,800.0,817.6417806579514,256,0.256,none,254329037780.70193,0.27177177177177175,543,1998,0.27427427427427425,0.26926926926926925
三维高密度场景,3,1200,Kp_0.10,0.1,0.04,0.1,custom_pid,29,True,3454.7455980391196,12.06356692314148,1000,1931,50.12815960384042,85.42003154959559,8.79798436164856,800.0,854.2690628703194,233,0.233,none,257655903472.33188,0.2752752752752753,550,1998,0.2732732732732733,0.2772772772772773
三维高密度场景,3,1200,Kp_0.10,0.1,0.04,0.1,custom_pid,30,True,2812.9368651819264,11.996357202529907,1000,1908,42.07651597621933,108.49383570355559,8.782959938049316,800.0,800.8157363730495,231,0.231,none,237883211156.21136,0.24674674674674674,493,1998,0.23523523523523523,0.25825825825825827
三维高密度场景,3,1200,Kp_0.15,0.15000000000000002,0.04,0.1,custom_pid,1,True,4087.717412726622,11.976033210754395,1000,1920,48.56141470798225,101.6718551533153,8.74387812614441,800.0,786.3671008675395,225,0.225,none,233367810797.11334,0.25575575575575576,511,1998,0.25625625625625625,0.2552552552552553
三维高密度场景,3,1200,Kp_0.15,0.15000000000000002,0.04,0.1,custom_pid,2,True,2856.881143308535,12.179273128509521,1000,1935,58.05628257813413,102.78609672613487,8.903115272521973,800.0,838.8345225107815,229,0.229,none,242642637162.02615,0.2802802802802803,560,1998,0.28428428428428426,0.27627627627627627
三维高密度场景,3,1200,Kp_0.15,0.15000000000000002,0.04,0.1,custom_pid,3,True,3487.2744478055556,12.380412578582764,1000,1948,51.353775272691905,85.05018861356085,9.088467597961426,800.0,820.417605133413,215,0.215,none,249595422127.255,0.27877877877877877,557,1998,0.2732732732732733,0.28428428428428426
三维高密度场景,3,1200,Kp_0.15,0.15000000000000002,0.04,0.1,custom_pid,4,True,3771.3842351142193,12.089846134185791,1000,1923,52.742151192752196,93.02116403609232,8.847892045974731,800.0,808.5169014000552,267,0.267,none,245666127928.30634,0.2727727727727728,545,1998,0.2672672672672673,0.2782782782782783
三维高密度场景,3,1200,Kp_0.15,0.15000000000000002,0.04,0.1,custom_pid,5,True,4408.890293324659,12.057831048965454,1000,1919,44.09664875128919,107.9766121123134,8.805735111236572,800.0,763.2551850511632,263,0.263,none,240811065941.66043,0.26376376376376376,527,1998,0.25625625625625625,0.27127127127127126
三维高密度场景,3,1200,Kp_0.15,0.15000000000000002,0.04,0.1,custom_pid,6,True,3192.757223490423,12.33840298652649,1000,1944,50.484523613602526,105.35409355943833,9.053955078125,800.0,844.8517588841003,249,0.249,none,245936734934.7775,0.2602602602602603,520,1998,0.2672672672672673,0.25325325325325326
三维高密度场景,3,1200,Kp_0.15,0.15000000000000002,0.04,0.1,custom_pid,7,True,2771.8957063504417,12.31095838546753,1000,1924,52.393699482545834,122.43184596022283,9.076984167098999,800.0,799.2782679331194,233,0.233,none,242725496590.1645,0.26076076076076077,521,1998,0.25125125125125125,0.2702702702702703
三维高密度场景,3,1200,Kp_0.15,0.15000000000000002,0.04,0.1,custom_pid,8,True,3758.946950426706,12.22633957862854,1000,1936,50.33617330417063,82.30066672117704,8.967099905014038,800.0,810.7320777540153,225,0.225,none,244267226433.95575,0.2752752752752753,550,1998,0.26326326326326327,0.2872872872872873
三维高密度场景,3,1200,Kp_0.15,0.15000000000000002,0.04,0.1,custom_pid,9,True,4645.188720727334,12.282609462738037,1000,1947,45.91337700846785,101.63295198538435,8.976314067840576,800.0,811.3335752927063,208,0.208,none,244584911276.45187,0.27127127127127126,542,1998,0.2652652652652653,0.2772772772772773
三维高密度场景,3,1200,Kp_0.15,0.15000000000000002,0.04,0.1,custom_pid,10,True,4248.359901709083,12.26093578338623,1000,1935,51.10993228447424,95.20532136554046,8.992284536361694,800.0,813.3608009170115,257,0.257,none,247899371857.7087,0.27127127127127126,542,1998,0.2602602602602603,0.2822822822822823
三维高密度场景,3,1200,Kp_0.15,0.15000000000000002,0.04,0.1,custom_pid,11,True,3316.258596140085,9.573171615600586,846,1646,51.283883700650854,93.71545124983982,6.216445446014404,646.0,745.010559462029,190,0.22458628841607564,none,244159273986.21976,0.25976331360946747,439,1690,0.2319526627218935,0.2875739644970414
三维高密度场景,3,1200,Kp_0.15,0.15000000000000002,0.04,0.1,custom_pid,12,True,3218.6663333897454,12.169282913208008,1000,1938,45.38936422804627,111.2837517776395,8.8949134349823,800.0,807.9878755282659,234,0.234,none,244166106092.4921,0.26226226226226224,524,1998,0.2502502502502503,0.27427427427427425
三维高密度场景,3,1200,Kp_0.15,0.15000000000000002,0.04,0.1,custom_pid,13,True,3738.249432242027,12.069465160369873,1000,1928,45.648907332309214,110.68233529937514,8.81328296661377,800.0,809.2704004001083,235,0.235,none,253547197383.8279,0.25925925925925924,518,1998,0.25325325325325326,0.2652652652652653
三维高密度场景,3,1200,Kp_0.15,0.15000000000000002,0.04,0.1,custom_pid,14,True,3236.9764462362255,12.454053163528442,1000,1939,45.75200838157729,95.62551164187376,9.16952896118164,800.0,797.2585646331186,244,0.244,none,238939975263.6966,0.25325325325325326,506,1998,0.25325325325325326,0.25325325325325326
三维高密度场景,3,1200,Kp_0.15,0.15000000000000002,0.04,0.1,custom_pid,15,True,3190.6318439164465,2.366253137588501,291,564,46.77358641926547,93.53707127006635,0.6842279434204102,91.0,644.5258843974852,58,0.19931271477663232,none,242789496049.66306,0.28448275862068967,165,580,0.25517241379310346,0.3137931034482759
三维高密度场景,3,1200,Kp_0.15,0.15000000000000002,0.04,0.1,custom_pid,16,True,3696.6008711881495,12.216580629348755,1000,1928,46.68117568796867,91.06527491120826,8.947956323623657,800.0,840.6134065460794,215,0.215,none,237899511889.43246,0.2702702702702703,540,1998,0.2902902902902903,0.2502502502502503
三维高密度场景,3,1200,Kp_0.15,0.15000000000000002,0.04,0.1,custom_pid,17,True,3665.5895022674595,11.981929540634155,1000,1913,47.289087078701954,104.97491211054788,8.762993812561035,800.0,792.0833108393822,209,0.209,none,252949105456.02805,0.25625625625625625,512,1998,0.24924924924924924,0.26326326326326327
三维高密度场景,3,1200,Kp_0.15,0.15000000000000002,0.04,0.1,custom_pid,18,True,3208.4790833665793,12.270426034927368,1000,1917,48.656461350469364,93.92969811828763,9.026338577270508,800.0,752.8970095695845,243,0.243,none,244073304818.41718,0.26076076076076077,521,1998,0.24124124124124124,0.2802802802802803
三维高密度场景,3,1200,Kp_0.15,0.15000000000000002,0.04,0.1,custom_pid,19,True,4401.62570668524,12.143903017044067,1000,1925,49.03270308123984,101.40173406151354,8.899607419967651,800.0,790.0026106412424,235,0.235,none,240471127887.0925,0.2782782782782783,556,1998,0.24424424424424424,0.3123123123123123
三维高密度场景,3,1200,Kp_0.15,0.15000000000000002,0.04,0.1,custom_pid,20,True,2958.596101680097,1.9815163612365723,249,474,48.498822904136524,99.98394256854901,0.3727405071258545,49.0,592.8860344016509,42,0.1686746987951807,none,244981746101.72162,0.2600806451612903,129,496,0.24596774193548387,0.27419354838709675
三维高密度场景,3,1200,Kp_0.15,0.15000000000000002,0.04,0.1,custom_pid,21,True,3760.049546064489,12.161705017089844,1000,1936,47.80892828844952,98.155900786078,8.891772747039795,800.0,819.3940512067242,242,0.242,none,251705814737.84988,0.26426426426426425,528,1998,0.2722722722722723,0.25625625625625625
三维高密度场景,3,1200,Kp_0.15,0.15000000000000002,0.04,0.1,custom_pid,22,True,3911.033203234723,11.921734094619751,1000,1908,48.46174883841447,92.95039967425559,8.704937934875488,800.0,770.635427436788,235,0.235,none,242835337078.241,0.26626626626626626,532,1998,0.24824824824824826,0.28428428428428426
三维高密度场景,3,1200,Kp_0.15,0.15000000000000002,0.04,0.1,custom_pid,23,True,3642.1316473783963,12.334337949752808,1000,1935,47.95451350638679,109.01693930701977,9.057430028915405,800.0,827.5151490143121,213,0.213,none,245739611572.67825,0.2757757757757758,551,1998,0.25925925925925924,0.2922922922922923
三维高密度场景,3,1200,Kp_0.15,0.15000000000000002,0.04,0.1,custom_pid,24,True,3130.306689765313,2.056110382080078,258,496,49.214247211801755,88.02961991932409,0.4323239326477051,58.0,640.0426230063558,57,0.22093023255813954,none,242825716990.28784,0.2918287937743191,150,514,0.31906614785992216,0.26459143968871596
三维高密度场景,3,1200,Kp_0.15,0.15000000000000002,0.04,0.1,custom_pid,25,True,3239.6571771559584,12.1616849899292,1000,1937,39.193465957404676,92.91635596865233,8.895161628723145,800.0,787.8275270510998,258,0.258,none,249787698163.40912,0.26576576576576577,531,1998,0.2702702702702703,0.26126126126126126
三维高密度场景,3,1200,Kp_0.15,0.15000000000000002,0.04,0.1,custom_pid,26,True,3178.404361043962,2.1113057136535645,263,506,50.51917657683651,104.23056565104696,0.4695098400115967,63.0,620.6716330204825,45,0.17110266159695817,none,242792055107.94852,0.2729007633587786,143,524,0.2824427480916031,0.2633587786259542
三维高密度场景,3,1200,Kp_0.15,0.15000000000000002,0.04,0.1,custom_pid,27,True,3241.8155717280756,6.194987535476685,644,1262,41.21757651402699,101.36621379105033,3.9235804080963135,444.0,716.2232351308459,143,0.2220496894409938,none,248017546986.25317,0.24727838258164853,318,1286,0.2379471228615863,0.25660964230171074
三维高密度场景,3,1200,Kp_0.15,0.15000000000000002,0.04,0.1,custom_pid,28,True,2788.298099857997,12.134166955947876,1000,1931,51.924120084969886,88.22884943043142,8.862936973571777,800.0,833.902779370543,228,0.228,none,240652987923.16318,0.26326326326326327,526,1998,0.2672672672672673,0.25925925925925924
三维高密度场景,3,1200,Kp_0.15,0.15000000000000002,0.04,0.1,custom_pid,29,True,2877.500962557128,12.185271263122559,1000,1932,48.16678220063476,104.40500614521493,8.926000595092773,800.0,852.6076305941942,239,0.239,none,255475094335.36536,0.2807807807807808,561,1998,0.2802802802802803,0.28128128128128127
三维高密度场景,3,1200,Kp_0.15,0.15000000000000002,0.04,0.1,custom_pid,30,True,2458.899265651783,12.218628644943237,1000,1918,34.50469072454499,114.32838475920126,8.976411581039429,800.0,827.2589444141315,247,0.247,none,251448599324.2111,0.26626626626626626,532,1998,0.2672672672672673,0.2652652652652653
三维高密度场景,3,1200,Kp_0.20,0.20000000000000004,0.04,0.1,custom_pid,1,True,3637.392485337714,12.187386989593506,1000,1912,47.32607895858389,97.02522221760744,8.978305339813232,800.0,812.2565443400757,221,0.221,none,245636088917.2265,0.2707707707707708,541,1998,0.26626626626626626,0.2752752752752753
三维高密度场景,3,1200,Kp_0.20,0.20000000000000004,0.04,0.1,custom_pid,2,True,3169.411132624673,12.050048112869263,1000,1925,48.95487206962712,89.38891913687429,8.797276020050049,800.0,790.6023921801362,211,0.211,none,254424332840.2405,0.25375375375375375,507,1998,0.25125125125125125,0.25625625625625625
三维高密度场景,3,1200,Kp_0.20,0.20000000000000004,0.04,0.1,custom_pid,3,True,2841.9470854535252,12.079263687133789,1000,1932,51.88664326735781,106.72395342590765,8.816843271255493,800.0,792.4469706231177,223,0.223,none,253999240524.16217,0.25225225225225223,504,1998,0.2552552552552553,0.24924924924924924
三维高密度场景,3,1200,Kp_0.20,0.20000000000000004,0.04,0.1,custom_pid,4,True,3128.4457407437294,2.1233723163604736,265,515,47.8435194437696,90.23186438996788,0.4757513999938965,65.0,586.2994540455354,47,0.17735849056603772,none,243664239778.92175,0.25757575757575757,136,528,0.2803030303030303,0.23484848484848486
三维高密度场景,3,1200,Kp_0.20,0.20000000000000004,0.04,0.1,custom_pid,5,True,4280.560105518702,11.997240781784058,1000,1921,41.193555919589365,100.9547508133357,8.753464937210083,800.0,772.2237717995969,224,0.224,none,239098793034.09012,0.25225225225225223,504,1998,0.25925925925925924,0.24524524524524524
三维高密度场景,3,1200,Kp_0.20,0.20000000000000004,0.04,0.1,custom_pid,6,True,3078.9567532813785,11.984232902526855,1000,1906,46.09369536017458,100.75689524790923,8.766630172729492,800.0,798.480656438094,241,0.241,none,257651667540.66025,0.2682682682682683,536,1998,0.27627627627627627,0.2602602602602603
三维高密度场景,3,1200,Kp_0.20,0.20000000000000004,0.04,0.1,custom_pid,7,True,3425.8786624143695,8.331316947937012,795,1533,53.00648489756333,96.26832792458268,5.531291961669922,595.0,767.8805276631647,181,0.22767295597484277,none,241407929126.0211,0.276448362720403,439,1588,0.2695214105793451,0.28337531486146095
三维高密度场景,3,1200,Kp_0.20,0.20000000000000004,0.04,0.1,custom_pid,8,True,3476.1222325999483,4.161750316619873,475,908,50.977978611052045,94.85810261886833,2.2222447395324707,275.0,704.9724601439477,110,0.23157894736842105,none,251079037744.48563,0.2521097046413502,239,948,0.25738396624472576,0.2468354430379747
三维高密度场景,3,1200,Kp_0.20,0.20000000000000004,0.04,0.1,custom_pid,9,True,3274.6953196031445,12.467884063720703,1000,1939,49.229740669468434,93.34215262297438,9.184791088104248,800.0,813.166126175008,230,0.23,none,242596360130.67456,0.26576576576576577,531,1998,0.27127127127127126,0.2602602602602603
三维高密度场景,3,1200,Kp_0.20,0.20000000000000004,0.04,0.1,custom_pid,10,True,3833.7300752672336,12.217332363128662,1000,1928,49.642751001469,91.74053245546591,8.960865259170532,800.0,809.849876196657,239,0.239,none,240745917531.86618,0.26376376376376376,527,1998,0.2602602602602603,0.2672672672672673
三维高密度场景,3,1200,Kp_0.20,0.20000000000000004,0.04,0.1,custom_pid,11,True,3347.588078981065,5.448112726211548,590,1131,53.29979847225942,95.68645909239306,3.2906253337860107,390.0,698.9254739793225,144,0.2440677966101695,none,242784366088.41806,0.24023769100169778,283,1178,0.22750424448217318,0.2529711375212224
三维高密度场景,3,1200,Kp_0.20,0.20000000000000004,0.04,0.1,custom_pid,12,True,3192.8834069667532,12.099912881851196,1000,1927,48.76830767298891,84.54243179227359,8.849142789840698,800.0,788.5774639061901,239,0.239,none,253209301210.01596,0.25425425425425424,508,1998,0.25725725725725723,0.25125125125125125
三维高密度场景,3,1200,Kp_0.20,0.20000000000000004,0.04,0.1,custom_pid,13,True,2989.562573267098,12.208228588104248,1000,1945,49.38107125342525,104.38750718149471,8.922604322433472,800.0,780.0667115452173,246,0.246,none,246256668865.19943,0.27427427427427425,548,1998,0.24324324324324326,0.3053053053053053
三维高密度场景,3,1200,Kp_0.20,0.20000000000000004,0.04,0.1,custom_pid,14,True,2793.1528769404767,12.13888955116272,1000,1930,42.475928785149314,111.29135112915883,8.871316194534302,800.0,791.3796474382307,223,0.223,none,242288605948.42398,0.27877877877877877,557,1998,0.27627627627627627,0.28128128128128127
三维高密度场景,3,1200,Kp_0.20,0.20000000000000004,0.04,0.1,custom_pid,15,True,3353.622129986724,2.1910886764526367,272,518,46.43697644761979,90.34126425895553,0.5439116954803467,72.0,629.5249464984579,47,0.17279411764705882,none,243534918024.31854,0.2952029520295203,160,542,0.2915129151291513,0.2988929889298893
三维高密度场景,3,1200,Kp_0.20,0.20000000000000004,0.04,0.1,custom_pid,16,True,3086.8564765134875,5.294712066650391,576,1101,46.8096299321891,91.55254294409494,3.1449689865112305,376.0,714.168492294489,155,0.2690972222222222,none,243202678046.54037,0.26260869565217393,302,1150,0.2591304347826087,0.26608695652173914
三维高密度场景,3,1200,Kp_0.20,0.20000000000000004,0.04,0.1,custom_pid,17,True,2781.1800855005094,12.005756616592407,1000,1896,42.811955033753875,108.83481806875075,8.80698037147522,800.0,802.9787768587206,229,0.229,none,243737110634.9691,0.25175175175175174,503,1998,0.2552552552552553,0.24824824824824826
三维高密度场景,3,1200,Kp_0.20,0.20000000000000004,0.04,0.1,custom_pid,18,True,3154.2007204980664,12.367865800857544,1000,1943,41.538486125281906,92.01557587485406,9.089744091033936,800.0,809.4322880819423,206,0.206,none,246481655895.94794,0.25475475475475473,509,1998,0.2552552552552553,0.25425425425425424
三维高密度场景,3,1200,Kp_0.20,0.20000000000000004,0.04,0.1,custom_pid,19,True,3597.371256114046,12.169065713882446,1000,1930,42.20114725512305,76.81051444945962,8.915708303451538,800.0,788.3168996855342,244,0.244,none,239688937922.8617,0.23973973973973975,479,1998,0.23723723723723725,0.24224224224224225
三维高密度场景,3,1200,Kp_0.20,0.20000000000000004,0.04,0.1,custom_pid,20,True,3669.8658670409477,12.189613580703735,1000,1938,48.55046469450862,111.94197403810091,8.92286992073059,800.0,817.5596120502249,238,0.238,none,235130976851.16595,0.2552552552552553,510,1998,0.26926926926926925,0.24124124124124124
三维高密度场景,3,1200,Kp_0.20,0.20000000000000004,0.04,0.1,custom_pid,21,True,3306.1482068789514,12.06636381149292,1000,1923,44.77109726199532,101.55118218877693,8.831798315048218,800.0,790.6623607801645,250,0.25,none,245199051157.28278,0.25975975975975973,519,1998,0.24824824824824826,0.27127127127127126
三维高密度场景,3,1200,Kp_0.20,0.20000000000000004,0.04,0.1,custom_pid,22,True,3141.0480710566117,12.197716474533081,1000,1921,46.30800866911239,91.83852791696705,8.956787586212158,800.0,833.475987044572,229,0.229,none,236688177143.751,0.25475475475475473,509,1998,0.25325325325325326,0.25625625625625625
三维高密度场景,3,1200,Kp_0.20,0.20000000000000004,0.04,0.1,custom_pid,23,True,3067.265905319542,4.817886590957642,536,1023,44.084368924764874,89.82959196089284,2.775172710418701,336.0,700.1176975203778,123,0.2294776119402985,none,241958856168.97952,0.27289719626168224,292,1070,0.2616822429906542,0.2841121495327103
三维高密度场景,3,1200,Kp_0.20,0.20000000000000004,0.04,0.1,custom_pid,24,True,2941.0384310420313,12.16886568069458,1000,1923,45.41341578016654,129.2963988267413,8.91550087928772,800.0,826.9066286345203,223,0.223,none,240951435834.2543,0.2747747747747748,549,1998,0.28128128128128127,0.2682682682682683
三维高密度场景,3,1200,Kp_0.20,0.20000000000000004,0.04,0.1,custom_pid,25,True,2697.8952998518002,12.219857692718506,1000,1925,50.99467138820354,92.77221500557724,8.967369556427002,800.0,841.3132810391857,243,0.243,none,239159261323.0192,0.28128128128128127,562,1998,0.2752752752752753,0.2872872872872873
三维高密度场景,3,1200,Kp_0.20,0.20000000000000004,0.04,0.1,custom_pid,26,True,3079.0030124163586,2.1197292804718018,264,512,43.81828697798732,99.75186559153182,0.49251532554626465,64.0,689.8402945615154,49,0.1856060606060606,none,244108931932.81204,0.30988593155893535,163,526,0.29277566539923955,0.3269961977186312
三维高密度场景,3,1200,Kp_0.20,0.20000000000000004,0.04,0.1,custom_pid,27,True,3180.2921683514733,12.292808294296265,1000,1931,51.268107122465246,97.92583222482378,9.021182537078857,800.0,810.7348199213762,246,0.246,none,255840306435.92178,0.24974974974974976,499,1998,0.24924924924924924,0.2502502502502503
三维高密度场景,3,1200,Kp_0.20,0.20000000000000004,0.04,0.1,custom_pid,28,True,3284.7487999377327,8.242941856384277,789,1516,47.909876141300934,103.08070856544755,5.455500841140747,589.0,755.4181975492774,168,0.21292775665399238,none,245776668714.61417,0.2519035532994924,397,1576,0.24619289340101522,0.25761421319796957
三维高密度场景,3,1200,Kp_0.20,0.20000000000000004,0.04,0.1,custom_pid,29,True,3188.1279864906073,3.2241082191467285,380,736,48.6072671277252,92.39440050731565,1.3964169025421143,180.0,622.1959138326333,91,0.2394736842105263,none,245266783494.9275,0.22823218997361477,173,758,0.19525065963060687,0.2612137203166227
三维高密度场景,3,1200,Kp_0.20,0.20000000000000004,0.04,0.1,custom_pid,30,True,4111.949459126555,12.100762605667114,1000,1931,47.43963977862903,80.99063566359064,8.846081733703613,800.0,818.9941668120844,229,0.229,none,246470378801.83124,0.25875875875875876,517,1998,0.25425425425425424,0.26326326326326327
三维高密度场景,3,1200,Kp_0.25,0.25000000000000006,0.04,0.1,custom_pid,1,True,3789.70599207523,12.3955819606781,1000,1936,45.613464728236025,95.43531059377504,9.137709617614746,800.0,858.3699089817114,236,0.236,none,244327541925.3914,0.26926926926926925,538,1998,0.2862862862862863,0.25225225225225223
三维高密度场景,3,1200,Kp_0.25,0.25000000000000006,0.04,0.1,custom_pid,2,True,3618.750244988945,12.083380460739136,1000,1923,51.80448257165006,97.431524862936,8.847755908966064,800.0,805.5305564742423,212,0.212,none,237802197935.66614,0.25475475475475473,509,1998,0.24724724724724725,0.26226226226226224
三维高密度场景,3,1200,Kp_0.25,0.25000000000000006,0.04,0.1,custom_pid,3,True,3339.3522576990654,12.276813745498657,1000,1958,50.0268293767085,116.01085898278806,8.970633268356323,800.0,834.707952278279,218,0.218,none,249759957771.2705,0.26476476476476474,529,1998,0.2672672672672673,0.26226226226226224
三维高密度场景,3,1200,Kp_0.25,0.25000000000000006,0.04,0.1,custom_pid,4,True,3164.0460040983417,5.447969436645508,589,1141,45.806820518614195,83.74922132512329,3.2972395420074463,389.0,720.6033898356409,138,0.23429541595925296,none,243528383536.58536,0.23639455782312926,278,1176,0.24829931972789115,0.22448979591836735
三维高密度场景,3,1200,Kp_0.25,0.25000000000000006,0.04,0.1,custom_pid,5,True,3836.6677145182966,11.966813802719116,1000,1930,51.626547268001836,91.81831525293873,8.715052843093872,800.0,800.5097043709185,239,0.239,none,253042721825.31693,0.26376376376376376,527,1998,0.25825825825825827,0.26926926926926925
三维高密度场景,3,1200,Kp_0.25,0.25000000000000006,0.04,0.1,custom_pid,6,True,3426.0753872420587,2.0925803184509277,261,508,51.615449868883104,102.27907704644001,0.45531153678894043,61.0,589.3563230554485,52,0.19923371647509577,none,243421640036.20395,0.27307692307692305,142,520,0.25769230769230766,0.28846153846153844
三维高密度场景,3,1200,Kp_0.25,0.25000000000000006,0.04,0.1,custom_pid,7,True,2964.3475431835395,12.074954986572266,1000,1923,42.17315566849986,114.72406682721167,8.825815677642822,800.0,797.893404721226,231,0.231,none,239852653076.33954,0.25375375375375375,507,1998,0.25325325325325326,0.25425425425425424
三维高密度场景,3,1200,Kp_0.25,0.25000000000000006,0.04,0.1,custom_pid,8,True,3942.3426339871858,12.082937717437744,1000,1917,47.78701428156148,86.53695065182929,8.849056720733643,800.0,811.4502161876566,221,0.221,none,252872884112.41257,0.26226226226226224,524,1998,0.2682682682682683,0.25625625625625625
三维高密度场景,3,1200,Kp_0.25,0.25000000000000006,0.04,0.1,custom_pid,9,True,3829.8276274860077,12.16470217704773,1000,1937,46.576811370830335,93.04509715719496,8.887223482131958,800.0,822.791803038299,267,0.267,none,253030603400.8184,0.25925925925925924,518,1998,0.25925925925925924,0.25925925925925924
三维高密度场景,3,1200,Kp_0.25,0.25000000000000006,0.04,0.1,custom_pid,10,True,2922.4057114023135,12.098856687545776,1000,1905,46.86083135081745,106.15727319252981,8.870242357254028,800.0,832.8274268252766,241,0.241,none,250193399697.39166,0.2527527527527528,505,1998,0.2682682682682683,0.23723723723723725
三维高密度场景,3,1200,Kp_0.25,0.25000000000000006,0.04,0.1,custom_pid,11,True,3603.202720100962,11.927920818328857,1000,1899,47.77780650979656,99.14043676573982,8.720446586608887,800.0,808.5765443263022,249,0.249,none,249393558871.88016,0.2782782782782783,556,1998,0.26226226226226224,0.29429429429429427
三维高密度场景,3,1200,Kp_0.25,0.25000000000000006,0.04,0.1,custom_pid,12,True,3744.2409656981426,12.243707656860352,1000,1938,43.391024509559436,93.81032670881734,8.974337816238403,800.0,837.2453049304381,244,0.244,none,256719941006.8537,0.25825825825825827,516,1998,0.27427427427427425,0.24224224224224225
三维高密度场景,3,1200,Kp_0.25,0.25000000000000006,0.04,0.1,custom_pid,13,True,3115.2174933730903,12.188851118087769,1000,1943,45.150969525225044,139.27737003522896,8.907149076461792,800.0,852.202793471806,244,0.244,none,249605063780.7585,0.2697697697697698,539,1998,0.2782782782782783,0.26126126126126126
三维高密度场景,3,1200,Kp_0.25,0.25000000000000006,0.04,0.1,custom_pid,14,True,3520.8308770525405,12.181198358535767,1000,1909,47.4718681693024,82.52816491204793,8.960248947143555,800.0,843.9786176720434,221,0.221,none,242418217983.58325,0.2777777777777778,555,1998,0.2862862862862863,0.26926926926926925
三维高密度场景,3,1200,Kp_0.25,0.25000000000000006,0.04,0.1,custom_pid,15,True,2859.675353814001,12.164013147354126,1000,1926,60.97251244438605,107.24159573821649,8.90771770477295,800.0,793.1939181677424,235,0.235,none,243942003723.72455,0.26926926926926925,538,1998,0.25725725725725723,0.28128128128128127
三维高密度场景,3,1200,Kp_0.25,0.25000000000000006,0.04,0.1,custom_pid,16,True,3806.4738282794633,12.032966136932373,1000,1916,54.93074515988634,92.81338825294436,8.792529582977295,800.0,831.9700183014796,250,0.25,none,241187111001.01624,0.2727727727727728,545,1998,0.2732732732732733,0.2722722722722723
三维高密度场景,3,1200,Kp_0.25,0.25000000000000006,0.04,0.1,custom_pid,17,True,4050.4646871184823,12.25781512260437,1000,1939,51.99184731867686,91.58860804956919,8.975610256195068,800.0,782.7909271632884,225,0.225,none,245752608877.87155,0.2602602602602603,520,1998,0.25425425425425424,0.26626626626626626
三维高密度场景,3,1200,Kp_0.25,0.25000000000000006,0.04,0.1,custom_pid,18,True,3065.052104125166,12.028338193893433,1000,1909,45.95554836992179,100.71386279655864,8.801031589508057,800.0,804.060813199252,223,0.223,none,248826328252.31534,0.25575575575575576,511,1998,0.25725725725725723,0.25425425425425424
三维高密度场景,3,1200,Kp_0.25,0.25000000000000006,0.04,0.1,custom_pid,19,True,3883.817306036719,12.09770393371582,1000,1931,49.178572462878655,92.62626771224183,8.839175701141357,800.0,779.6297728828616,227,0.227,none,239019308116.9457,0.26226226226226224,524,1998,0.24924924924924924,0.2752752752752753
三维高密度场景,3,1200,Kp_0.25,0.25000000000000006,0.04,0.1,custom_pid,20,True,3252.2535637758833,2.636723518371582,325,612,47.34244593250935,99.28632640965735,0.9356446266174316,125.0,676.6989139991126,60,0.18461538461538463,none,245281228328.5026,0.2716049382716049,176,648,0.2716049382716049,0.2716049382716049
三维高密度场景,3,1200,Kp_0.25,0.25000000000000006,0.04,0.1,custom_pid,21,True,3525.368428520811,12.09880781173706,1000,1944,49.16335275480528,95.17988295341182,8.810588121414185,800.0,811.5721171019028,232,0.232,none,241700987190.098,0.24874874874874875,497,1998,0.24624624624624625,0.25125125125125125
三维高密度场景,3,1200,Kp_0.25,0.25000000000000006,0.04,0.1,custom_pid,22,True,3630.33078028457,12.007726669311523,1000,1917,51.23728352549572,80.90064423121333,8.781087875366211,800.0,813.2382037190247,229,0.229,none,246166636461.1155,0.25975975975975973,519,1998,0.25425425425425424,0.2652652652652653
三维高密度场景,3,1200,Kp_0.25,0.25000000000000006,0.04,0.1,custom_pid,23,True,3689.5467785865517,12.066949367523193,1000,1890,45.25224110160866,106.61362188754424,8.886068344116211,800.0,797.181640207886,229,0.229,none,247815362556.3738,0.26376376376376376,527,1998,0.2752752752752753,0.25225225225225223
三维高密度场景,3,1200,Kp_0.25,0.25000000000000006,0.04,0.1,custom_pid,24,True,4702.922492121705,12.1093270778656,1000,1936,51.53143273923185,94.4859026977957,8.838401794433594,800.0,791.8173002804978,223,0.223,none,241742633442.1772,0.25375375375375375,507,1998,0.24224224224224225,0.2652652652652653
三维高密度场景,3,1200,Kp_0.25,0.25000000000000006,0.04,0.1,custom_pid,25,True,2910.7143954341796,12.232902526855469,1000,1931,48.4525622846948,97.034457483901,8.984841346740723,800.0,761.3969588709044,234,0.234,none,247154683677.1598,0.25225225225225223,504,1998,0.25425425425425424,0.2502502502502503
三维高密度场景,3,1200,Kp_0.25,0.25000000000000006,0.04,0.1,custom_pid,26,True,3430.7152394649165,12.123137474060059,1000,1933,49.113221940464335,214.7725519590584,8.86258864402771,800.0,839.1080388610084,227,0.227,none,242675546943.8101,0.2577577577577578,515,1998,0.2652652652652653,0.2502502502502503
三维高密度场景,3,1200,Kp_0.25,0.25000000000000006,0.04,0.1,custom_pid,27,True,3857.969420491129,12.218514680862427,1000,1920,44.02935294763818,88.02942863576399,8.97664189338684,800.0,808.63815089314,245,0.245,none,244325574862.35287,0.2627627627627628,525,1998,0.2502502502502503,0.2752752752752753
三维高密度场景,3,1200,Kp_0.25,0.25000000000000006,0.04,0.1,custom_pid,28,True,3209.022602178975,12.237070083618164,1000,1940,44.22740970039509,91.06803506352932,8.965254545211792,800.0,783.9616640103161,216,0.216,none,244889993984.21606,0.26376376376376376,527,1998,0.2502502502502503,0.2772772772772773
三维高密度场景,3,1200,Kp_0.25,0.25000000000000006,0.04,0.1,custom_pid,29,True,3313.1334836667356,12.200711011886597,1000,1928,49.18816061597265,105.39470949599843,8.95315408706665,800.0,811.7866982732737,239,0.239,none,247754781260.23984,0.2677677677677678,535,1998,0.26226226226226224,0.2732732732732733
三维高密度场景,3,1200,Kp_0.25,0.25000000000000006,0.04,0.1,custom_pid,30,True,3529.610332903507,12.198854446411133,1000,1939,49.3921054648462,106.60773887503285,8.916016817092896,800.0,778.8257883887835,243,0.243,none,245294664897.35614,0.25925925925925924,518,1998,0.24624624624624625,0.2722722722722723
三维高密度场景,3,1200,Kp_0.30,0.30000000000000004,0.04,0.1,custom_pid,1,True,3120.3299138810894,12.231778621673584,1000,1921,44.589483167660305,93.73044471980884,8.983896732330322,800.0,814.0914270279429,220,0.22,none,247980253893.86502,0.2707707707707708,541,1998,0.27927927927927926,0.26226226226226224
三维高密度场景,3,1200,Kp_0.30,0.30000000000000004,0.04,0.1,custom_pid,2,True,3718.3741609886893,12.086145877838135,1000,1937,44.97560222671794,101.73476964885278,8.813055276870728,800.0,795.8695476308695,221,0.221,none,238455071640.3183,0.2502502502502503,500,1998,0.26326326326326327,0.23723723723723725
三维高密度场景,3,1200,Kp_0.30,0.30000000000000004,0.04,0.1,custom_pid,3,True,3022.752395477131,12.087950229644775,1000,1930,49.370695523352055,108.14553626145134,8.822042226791382,800.0,810.9188378093983,233,0.233,none,242808426453.90164,0.24824824824824826,496,1998,0.23523523523523523,0.26126126126126126
三维高密度场景,3,1200,Kp_0.30,0.30000000000000004,0.04,0.1,custom_pid,4,True,2748.867454465838,12.075926780700684,1000,1900,45.97000950724595,110.46486023192693,8.86055040359497,800.0,809.6683250783625,241,0.241,none,259414338218.76495,0.2577577577577578,515,1998,0.2552552552552553,0.2602602602602603
三维高密度场景,3,1200,Kp_0.30,0.30000000000000004,0.04,0.1,custom_pid,5,True,3920.0470224150868,12.310181140899658,1000,1939,42.91477098471969,92.40685289168384,9.024608373641968,800.0,821.756133644566,242,0.242,none,260714584245.36578,0.26176176176176175,523,1998,0.25925925925925924,0.26426426426426425
三维高密度场景,3,1200,Kp_0.30,0.30000000000000004,0.04,0.1,custom_pid,6,True,3519.662052883657,12.278784275054932,1000,1938,42.02152903349582,74.87209555503316,8.990594863891602,800.0,807.309321225838,247,0.247,none,246570115804.45587,0.26176176176176175,523,1998,0.25725725725725723,0.26626626626626626
三维高密度场景,3,1200,Kp_0.30,0.30000000000000004,0.04,0.1,custom_pid,7,True,3085.081850356159,12.175748348236084,1000,1922,44.29661273834415,110.09450861953995,8.936539649963379,800.0,789.4508546851293,223,0.223,none,238515255772.25122,0.25175175175175174,503,1998,0.23623623623623624,0.2672672672672673
三维高密度场景,3,1200,Kp_0.30,0.30000000000000004,0.04,0.1,custom_pid,8,True,3143.6456030083846,12.119710922241211,1000,1924,48.14116188684366,86.39512775921035,8.850179672241211,800.0,832.366758023574,235,0.235,none,253321824275.0485,0.2862862862862863,572,1998,0.2952952952952953,0.2772772772772773
三维高密度场景,3,1200,Kp_0.30,0.30000000000000004,0.04,0.1,custom_pid,9,True,3062.505209938329,12.205498695373535,1000,1935,44.06799022164503,92.84883276855508,8.931438446044922,800.0,825.2072576290408,252,0.252,none,251882812217.7712,0.2577577577577578,515,1998,0.26626626626626626,0.24924924924924924
三维高密度场景,3,1200,Kp_0.30,0.30000000000000004,0.04,0.1,custom_pid,10,True,3323.7883829182256,12.085676670074463,1000,1927,52.3908727432168,97.86237990501667,8.809194326400757,800.0,793.1321274618148,237,0.237,none,251331520270.8977,0.25675675675675674,513,1998,0.24624624624624625,0.2672672672672673
三维高密度场景,3,1200,Kp_0.30,0.30000000000000004,0.04,0.1,custom_pid,11,True,3000.532714379644,12.36087942123413,1000,1941,49.28902930267483,100.35278129301973,9.065701246261597,800.0,784.3727858648406,244,0.244,none,242194153847.9097,0.26676676676676675,533,1998,0.25825825825825827,0.2752752752752753
三维高密度场景,3,1200,Kp_0.30,0.30000000000000004,0.04,0.1,custom_pid,12,True,3025.593581444062,1.9655988216400146,245,466,48.55196969307188,106.06817256405687,0.3372840881347656,45.0,566.4911894913898,63,0.2571428571428571,none,244752119940.15115,0.25,122,488,0.2459016393442623,0.2540983606557377
三维高密度场景,3,1200,Kp_0.30,0.30000000000000004,0.04,0.1,custom_pid,13,True,3546.6130283288276,12.392779350280762,1000,1927,47.87649984386607,96.44795001525814,9.135116577148438,800.0,811.2503319941678,222,0.222,none,240163798928.70883,0.2782782782782783,556,1998,0.26926926926926925,0.2872872872872873
三维高密度场景,3,1200,Kp_0.30,0.30000000000000004,0.04,0.1,custom_pid,14,True,3561.914368962648,12.21003270149231,1000,1923,50.453005913654316,99.0770760042117,8.96787142753601,800.0,779.4992928353369,224,0.224,none,241633282078.6655,0.25875875875875876,517,1998,0.24924924924924924,0.2682682682682683
三维高密度场景,3,1200,Kp_0.30,0.30000000000000004,0.04,0.1,custom_pid,15,True,3483.8708825875524,12.27658224105835,1000,1935,50.67128263594747,101.26999822872828,9.008236408233643,800.0,787.8938061116768,241,0.241,none,237767293812.66885,0.25575575575575576,511,1998,0.2552552552552553,0.25625625625625625
三维高密度场景,3,1200,Kp_0.30,0.30000000000000004,0.04,0.1,custom_pid,16,True,3294.8195445172832,10.578840732574463,909,1754,43.61003983345593,97.71688770049568,7.099966764450073,709.0,808.0196613333358,197,0.21672167216721672,none,250477422826.06985,0.26762114537444937,486,1816,0.276431718061674,0.2588105726872247
三维高密度场景,3,1200,Kp_0.30,0.30000000000000004,0.04,0.1,custom_pid,17,True,2918.0044653696987,12.245600938796997,1000,1945,50.573091302468335,84.37032357190849,8.957427024841309,800.0,785.3010665354229,210,0.21,none,244547290107.32816,0.25925925925925924,518,1998,0.25925925925925924,0.25925925925925924
三维高密度场景,3,1200,Kp_0.30,0.30000000000000004,0.04,0.1,custom_pid,18,True,3042.979423794796,11.993930578231812,1000,1909,45.8913194484532,106.78347679564922,8.748361587524414,800.0,830.7128733100731,241,0.241,none,248651473650.59967,0.25875875875875876,517,1998,0.26326326326326327,0.25425425425425424
三维高密度场景,3,1200,Kp_0.30,0.30000000000000004,0.04,0.1,custom_pid,19,True,3017.8988481124347,2.221465587615967,275,534,42.56571721977751,90.34064265835801,0.5644090175628662,75.0,608.2185132111507,66,0.24,none,245093044157.8589,0.2591240875912409,142,548,0.2518248175182482,0.2664233576642336
三维高密度场景,3,1200,Kp_0.30,0.30000000000000004,0.04,0.1,custom_pid,20,True,3173.0187704647587,12.173278570175171,1000,1908,47.14786531911183,115.98420165784673,8.957311630249023,800.0,826.0652595958641,221,0.221,none,244439708505.0317,0.25675675675675674,513,1998,0.26326326326326327,0.2502502502502503
三维高密度场景,3,1200,Kp_0.30,0.30000000000000004,0.04,0.1,custom_pid,21,True,3714.097517233694,12.289911985397339,1000,1934,47.91373170606086,98.39391629104327,9.013798952102661,800.0,826.9690470151924,232,0.232,none,246265192356.2177,0.2502502502502503,500,1998,0.26226226226226224,0.23823823823823823
三维高密度场景,3,1200,Kp_0.30,0.30000000000000004,0.04,0.1,custom_pid,22,True,3192.729225224045,12.203114986419678,1000,1942,49.97412295047169,158.27166258358696,8.921348094940186,800.0,817.4243910509144,236,0.236,none,251174074496.88602,0.2677677677677678,535,1998,0.27427427427427425,0.26126126126126126
三维高密度场景,3,1200,Kp_0.30,0.30000000000000004,0.04,0.1,custom_pid,23,True,3164.883696852994,12.097604274749756,1000,1901,49.52983010863034,95.83654975127487,8.896950244903564,800.0,833.3283601195334,234,0.234,none,244066266112.0838,0.25675675675675674,513,1998,0.2652652652652653,0.24824824824824826
三维高密度场景,3,1200,Kp_0.30,0.30000000000000004,0.04,0.1,custom_pid,24,True,3348.964846632639,11.974507808685303,1000,1906,40.756737809664585,101.6222640624768,8.744722604751587,800.0,832.2032507916525,228,0.228,none,254859909067.1148,0.25925925925925924,518,1998,0.26326326326326327,0.2552552552552553
三维高密度场景,3,1200,Kp_0.30,0.30000000000000004,0.04,0.1,custom_pid,25,True,3561.621254480032,12.099181175231934,1000,1922,41.317561772383755,104.32050049975773,8.84805965423584,800.0,808.907251163,227,0.227,none,235849648767.1116,0.26326326326326327,526,1998,0.2732732732732733,0.25325325325325326
三维高密度场景,3,1200,Kp_0.30,0.30000000000000004,0.04,0.1,custom_pid,26,True,3624.457205708226,12.225141763687134,1000,1940,49.23762101959933,88.96035761226698,8.950961589813232,800.0,802.8794005458407,253,0.253,none,255913409050.39392,0.25375375375375375,507,1998,0.25625625625625625,0.25125125125125125
三维高密度场景,3,1200,Kp_0.30,0.30000000000000004,0.04,0.1,custom_pid,27,True,3573.4820537978453,12.252801179885864,1000,1943,46.03684569302232,190.80406090605612,8.958858013153076,800.0,812.6225537125217,243,0.243,none,239687500400.09958,0.2652652652652653,530,1998,0.2552552552552553,0.2752752752752753
三维高密度场景,3,1200,Kp_0.30,0.30000000000000004,0.04,0.1,custom_pid,28,True,3188.4918064508283,12.215011835098267,1000,1929,47.01502602837586,102.82354180358351,8.95292043685913,800.0,793.095789360377,225,0.225,none,244934463701.60248,0.26626626626626626,532,1998,0.25925925925925924,0.2732732732732733
三维高密度场景,3,1200,Kp_0.30,0.30000000000000004,0.04,0.1,custom_pid,29,True,3578.978910320862,11.938032865524292,1000,1921,49.04657480476742,91.29369283020894,8.690823316574097,800.0,814.1692124352156,249,0.249,none,243013515536.4006,0.25425425425425424,508,1998,0.2652652652652653,0.24324324324324326
三维高密度场景,3,1200,Kp_0.30,0.30000000000000004,0.04,0.1,custom_pid,30,True,4084.6969633401663,12.400214195251465,1000,1954,44.82335444639684,150.85289338748112,9.106399536132812,800.0,802.3014624113503,246,0.246,none,248015906272.22217,0.25575575575575576,511,1998,0.24824824824824826,0.26326326326326327
三维高密度场景,3,1200,Kp_0.35,0.3500000000000001,0.04,0.1,custom_pid,1,True,3310.583747258341,12.12206482887268,1000,1920,50.09314088653142,82.22980069554755,8.877171277999878,800.0,832.8688141256301,242,0.242,none,237368010416.34805,0.26926926926926925,538,1998,0.26426426426426425,0.27427427427427425
三维高密度场景,3,1200,Kp_0.35,0.3500000000000001,0.04,0.1,custom_pid,2,True,3136.689552850513,12.181967496871948,1000,1926,50.45736085029696,83.20935498879469,8.920223712921143,800.0,825.490087392032,241,0.241,none,247571861175.97812,0.2732732732732733,546,1998,0.27127127127127126,0.2752752752752753
三维高密度场景,3,1200,Kp_0.35,0.3500000000000001,0.04,0.1,custom_pid,3,True,3334.5543541150246,9.802197694778442,851,1632,46.04062984328591,117.92591581534673,6.269550085067749,651.0,804.7658110812824,186,0.21856639247943596,none,239756651703.74426,0.2711764705882353,461,1700,0.2647058823529412,0.2776470588235294
三维高密度场景,3,1200,Kp_0.35,0.3500000000000001,0.04,0.1,custom_pid,4,True,3461.8943679384524,12.214706182479858,1000,1936,46.32713058261234,86.904991630971,8.9439857006073,800.0,777.944688484629,241,0.241,none,252104216258.11697,0.26376376376376376,527,1998,0.25825825825825827,0.26926926926926925
三维高密度场景,3,1200,Kp_0.35,0.3500000000000001,0.04,0.1,custom_pid,5,True,3249.7861488014005,2.0231752395629883,254,489,50.94679332748399,91.45081154031381,0.3939361572265625,54.0,619.5497359361273,53,0.20866141732283464,none,245123990062.21066,0.2549407114624506,129,506,0.23715415019762845,0.2727272727272727
三维高密度场景,3,1200,Kp_0.35,0.3500000000000001,0.04,0.1,custom_pid,6,True,3059.5124707317623,3.517958164215088,411,795,40.87214276230563,104.4779257501933,1.6539177894592285,211.0,665.5771196739871,66,0.16058394160583941,none,246049555953.35956,0.27926829268292686,229,820,0.2731707317073171,0.28536585365853656
三维高密度场景,3,1200,Kp_0.35,0.3500000000000001,0.04,0.1,custom_pid,7,True,3890.4225090865075,12.194319009780884,1000,1930,45.80088071045108,91.51020514798586,8.93402910232544,800.0,794.184416476094,244,0.244,none,251486378892.74905,0.25725725725725723,514,1998,0.25625625625625625,0.25825825825825827
三维高密度场景,3,1200,Kp_0.35,0.3500000000000001,0.04,0.1,custom_pid,8,True,3408.9855138234466,11.969173669815063,1000,1905,42.590538906613816,95.87688928657103,8.747917652130127,800.0,790.0606038846711,239,0.239,none,245019317804.97003,0.25425425425425424,508,1998,0.25125125125125125,0.25725725725725723
三维高密度场景,3,1200,Kp_0.35,0.3500000000000001,0.04,0.1,custom_pid,9,True,2983.6803948792062,12.240422010421753,1000,1933,52.817750186135044,132.53498319611248,8.959927797317505,800.0,834.1359939988421,238,0.238,none,255364980274.49225,0.27677677677677676,553,1998,0.26426426426426425,0.28928928928928926
三维高密度场景,3,1200,Kp_0.35,0.3500000000000001,0.04,0.1,custom_pid,10,True,2929.695502190557,12.190033674240112,1000,1924,50.39740290540927,90.45954300283383,8.925821781158447,800.0,823.6996609287046,230,0.23,none,257357503588.98248,0.26676676676676675,533,1998,0.27127127127127126,0.26226226226226224
三维高密度场景,3,1200,Kp_0.35,0.3500000000000001,0.04,0.1,custom_pid,11,True,2922.037939670183,12.062451601028442,1000,1922,55.56945225574287,105.98079795400568,8.810042142868042,800.0,782.4751514035613,234,0.234,none,241839776806.6324,0.25575575575575576,511,1998,0.23523523523523523,0.27627627627627627
三维高密度场景,3,1200,Kp_0.35,0.3500000000000001,0.04,0.1,custom_pid,12,True,3705.5606621091442,12.266955614089966,1000,1940,46.779522304472366,114.95272174742242,8.98859190940857,800.0,822.5944737261631,232,0.232,none,249823146016.44745,0.2602602602602603,520,1998,0.24924924924924924,0.27127127127127126
三维高密度场景,3,1200,Kp_0.35,0.3500000000000001,0.04,0.1,custom_pid,13,True,3339.328301318803,2.061401605606079,258,504,44.402874375034706,104.9146856367102,0.43190646171569824,58.0,586.9288160214101,56,0.21705426356589147,none,244351989599.13736,0.22568093385214008,116,514,0.2140077821011673,0.23735408560311283
三维高密度场景,3,1200,Kp_0.35,0.3500000000000001,0.04,0.1,custom_pid,14,True,3704.6543950162704,12.194657325744629,1000,1929,53.03085827404943,256.4389879136644,8.929416418075562,800.0,790.988923395046,249,0.249,none,246517897682.0173,0.26626626626626626,532,1998,0.2782782782782783,0.25425425425425424
三维高密度场景,3,1200,Kp_0.35,0.3500000000000001,0.04,0.1,custom_pid,15,True,3438.9608284021087,6.642275094985962,682,1310,46.04043134679096,102.29200547741418,4.242998361587524,482.0,754.669338088754,161,0.23607038123167157,none,252495050613.25302,0.24816446402349487,338,1362,0.2393538913362702,0.25697503671071953
三维高密度场景,3,1200,Kp_0.35,0.3500000000000001,0.04,0.1,custom_pid,16,True,2840.845855621197,12.158758640289307,1000,1925,46.58222817274814,111.27807515337635,8.89537525177002,800.0,802.9199812824397,218,0.218,none,238980597111.78604,0.2552552552552553,510,1998,0.25725725725725723,0.25325325325325326
三维高密度场景,3,1200,Kp_0.35,0.3500000000000001,0.04,0.1,custom_pid,17,True,3798.956904149687,12.24295687675476,1000,1924,53.184405902259556,91.42146090271424,8.990291118621826,800.0,795.0482605140218,242,0.242,none,246433892658.6621,0.2707707707707708,541,1998,0.26626626626626626,0.2752752752752753
三维高密度场景,3,1200,Kp_0.35,0.3500000000000001,0.04,0.1,custom_pid,18,True,3205.703120357919,12.047896146774292,1000,1917,40.62719162344711,107.74596067671932,8.798917531967163,800.0,832.321309388126,256,0.256,none,261031776596.10986,0.2872872872872873,574,1998,0.28428428428428426,0.2902902902902903
三维高密度场景,3,1200,Kp_0.35,0.3500000000000001,0.04,0.1,custom_pid,19,True,3702.285298032655,12.146304607391357,1000,1944,49.49138618051605,94.1669215779087,8.862362623214722,800.0,804.4526538815428,234,0.234,none,246565145089.3854,0.24824824824824826,496,1998,0.24124124124124124,0.2552552552552553
三维高密度场景,3,1200,Kp_0.35,0.3500000000000001,0.04,0.1,custom_pid,20,True,2986.5226049665234,12.09422779083252,1000,1941,54.29534265797418,106.56339496987691,8.819990873336792,800.0,786.7055025079652,202,0.202,none,258033739061.48734,0.26376376376376376,527,1998,0.25625625625625625,0.27127127127127126
三维高密度场景,3,1200,Kp_0.35,0.3500000000000001,0.04,0.1,custom_pid,21,True,3507.702076134693,12.279115915298462,1000,1934,41.042339378453235,79.7377387879647,9.013729095458984,800.0,824.8574835427826,227,0.227,none,258475971940.14374,0.27177177177177175,543,1998,0.2822822822822823,0.26126126126126126
三维高密度场景,3,1200,Kp_0.35,0.3500000000000001,0.04,0.1,custom_pid,22,True,3347.9757719677523,12.350781202316284,1000,1941,43.67863275130815,94.74199068526168,9.06150221824646,800.0,820.186881720545,214,0.214,none,246092698233.87262,0.27677677677677676,553,1998,0.2722722722722723,0.28128128128128127
三维高密度场景,3,1200,Kp_0.35,0.3500000000000001,0.04,0.1,custom_pid,23,True,3034.6671100735402,12.179248809814453,1000,1913,44.68346822816593,77.06723757112768,8.941848754882812,800.0,840.7968609108666,213,0.213,none,246191473056.62518,0.2707707707707708,541,1998,0.2772772772772773,0.26426426426426425
三维高密度场景,3,1200,Kp_0.35,0.3500000000000001,0.04,0.1,custom_pid,24,True,3595.3805363155047,12.155222415924072,1000,1925,51.86457297882059,117.0066470945672,8.89945673942566,800.0,842.52362597356,227,0.227,none,231978745565.3502,0.2652652652652653,530,1998,0.27427427427427425,0.25625625625625625
三维高密度场景,3,1200,Kp_0.35,0.3500000000000001,0.04,0.1,custom_pid,25,True,4215.28859075886,12.280195236206055,1000,1938,44.384194858740976,102.70814554354045,9.006588220596313,800.0,846.9924576865965,234,0.234,none,236101686895.65906,0.2677677677677678,535,1998,0.2672672672672673,0.2682682682682683
三维高密度场景,3,1200,Kp_0.35,0.3500000000000001,0.04,0.1,custom_pid,26,True,3665.0903098802255,12.191988229751587,1000,1924,46.74689072557658,95.79648522725557,8.967341423034668,800.0,829.2534229748052,213,0.213,none,242522075836.4919,0.26176176176176175,523,1998,0.2752752752752753,0.24824824824824826
三维高密度场景,3,1200,Kp_0.35,0.3500000000000001,0.04,0.1,custom_pid,27,True,3039.478434418912,1.9718952178955078,254,467,48.001626148715,101.10726703125313,0.38887643814086914,54.0,572.4286710085933,40,0.15748031496062992,none,245145495957.13272,0.25889328063241107,131,506,0.2608695652173913,0.25691699604743085
三维高密度场景,3,1200,Kp_0.35,0.3500000000000001,0.04,0.1,custom_pid,28,True,3105.217640818948,12.101724624633789,1000,1923,49.87158838833568,101.72997392345295,8.849859476089478,800.0,798.6240446875295,233,0.233,none,249589857803.6309,0.26226226226226224,524,1998,0.24924924924924924,0.2752752752752753
三维高密度场景,3,1200,Kp_0.35,0.3500000000000001,0.04,0.1,custom_pid,29,True,3133.234232331138,1.9420526027679443,254,460,49.699921081903945,88.99669187535962,0.3978233337402344,54.0,567.3323354455824,36,0.14173228346456693,none,246064030487.46533,0.22529644268774704,114,506,0.25296442687747034,0.1976284584980237
三维高密度场景,3,1200,Kp_0.35,0.3500000000000001,0.04,0.1,custom_pid,30,True,3339.4046965724783,6.881983757019043,695,1343,47.95983396960936,94.54413881122358,4.430967807769775,495.0,725.3979203570609,152,0.218705035971223,none,246867007456.3937,0.25,347,1388,0.2507204610951009,0.24927953890489912
三维高密度场景,3,1200,Kp_0.40,0.40000000000000013,0.04,0.1,custom_pid,1,True,2944.7908710707366,12.178211450576782,1000,1928,40.75753463859082,109.89790874304174,8.927335262298584,800.0,828.7109328694438,240,0.24,none,244635442083.73325,0.2652652652652653,530,1998,0.27627627627627627,0.25425425425425424
三维高密度场景,3,1200,Kp_0.40,0.40000000000000013,0.04,0.1,custom_pid,2,True,3583.552593745432,11.991318464279175,1000,1909,47.50404586428748,101.52892673304405,8.765947103500366,800.0,801.1826711492021,237,0.237,none,253782083415.21875,0.25575575575575576,511,1998,0.24224224224224225,0.26926926926926925
三维高密度场景,3,1200,Kp_0.40,0.40000000000000013,0.04,0.1,custom_pid,3,True,3251.5854196370333,11.965490818023682,1000,1905,48.79538312742395,83.6610890556816,8.760105609893799,800.0,800.4846370625785,237,0.237,none,240313067412.13385,0.25375375375375375,507,1998,0.25425425425425424,0.25325325325325326
三维高密度场景,3,1200,Kp_0.40,0.40000000000000013,0.04,0.1,custom_pid,4,True,3194.419106166277,12.037959337234497,1000,1907,52.170794162528274,93.9070446066187,8.812325239181519,800.0,817.7485856793049,223,0.223,none,242969817162.27203,0.27677677677677676,553,1998,0.26926926926926925,0.28428428428428426
三维高密度场景,3,1200,Kp_0.40,0.40000000000000013,0.04,0.1,custom_pid,5,True,3086.489033888035,2.1082651615142822,261,515,42.04394983425956,96.46015911278842,0.46219539642333984,61.0,625.407046026517,53,0.20306513409961685,none,246077418244.07523,0.23846153846153847,124,520,0.2423076923076923,0.23461538461538461
三维高密度场景,3,1200,Kp_0.40,0.40000000000000013,0.04,0.1,custom_pid,6,True,3200.3423052637186,1.967118263244629,245,471,43.84664609708649,95.80240953208921,0.3374521732330322,45.0,592.5783785585502,41,0.1673469387755102,none,246754895755.17773,0.2725409836065574,133,488,0.24180327868852458,0.30327868852459017
三维高密度场景,3,1200,Kp_0.40,0.40000000000000013,0.04,0.1,custom_pid,7,True,4367.269014193997,12.034911394119263,1000,1906,45.621140332591544,95.79767505252602,8.82767367362976,800.0,808.6903432417654,236,0.236,none,250623252942.94366,0.26376376376376376,527,1998,0.2652652652652653,0.26226226226226224
三维高密度场景,3,1200,Kp_0.40,0.40000000000000013,0.04,0.1,custom_pid,8,True,4108.2028485961555,12.09362006187439,1000,1927,46.88144113740839,104.8081902996822,8.844921588897705,800.0,799.6035834756548,228,0.228,none,247108847010.31113,0.25725725725725723,514,1998,0.25425425425425424,0.2602602602602603
三维高密度场景,3,1200,Kp_0.40,0.40000000000000013,0.04,0.1,custom_pid,9,True,2832.020226354366,12.235631704330444,1000,1947,52.465538885423115,107.59855832442835,8.948925971984863,800.0,849.5498923626934,250,0.25,none,243169855696.06522,0.27177177177177175,543,1998,0.2932932932932933,0.2502502502502503
三维高密度场景,3,1200,Kp_0.40,0.40000000000000013,0.04,0.1,custom_pid,10,True,3502.986716230622,12.156195163726807,1000,1931,53.17524748234661,104.47930942976758,8.894505023956299,800.0,803.9944724667545,218,0.218,none,248370838445.10764,0.25625625625625625,512,1998,0.25825825825825827,0.25425425425425424
三维高密度场景,3,1200,Kp_0.40,0.40000000000000013,0.04,0.1,custom_pid,11,True,4393.803916685433,12.003129005432129,1000,1919,51.25926584291693,85.36112979747766,8.755605697631836,800.0,805.946659434635,226,0.226,none,244790418709.16516,0.2747747747747748,549,1998,0.26326326326326327,0.2862862862862863
三维高密度场景,3,1200,Kp_0.40,0.40000000000000013,0.04,0.1,custom_pid,12,True,3297.7341227761226,12.104785919189453,1000,1929,45.88327082549012,82.71652323530593,8.842883586883545,800.0,780.6658556082502,256,0.256,none,250186158656.33514,0.26176176176176175,523,1998,0.25625625625625625,0.2672672672672673
三维高密度场景,3,1200,Kp_0.40,0.40000000000000013,0.04,0.1,custom_pid,13,True,3252.8474305401483,12.026456832885742,1000,1914,47.0932582520157,103.77062007576222,8.78980803489685,800.0,823.6208145681587,215,0.215,none,235531182645.2206,0.26926926926926925,538,1998,0.2722722722722723,0.26626626626626626
三维高密度场景,3,1200,Kp_0.40,0.40000000000000013,0.04,0.1,custom_pid,14,True,3200.2226213003187,12.581054449081421,1000,1926,47.88167926631108,121.30770858792755,8.894876718521118,800.0,844.7124515130915,258,0.258,none,243364122545.91998,0.26626626626626626,532,1998,0.2552552552552553,0.2772772772772773
三维高密度场景,3,1200,Kp_0.40,0.40000000000000013,0.04,0.1,custom_pid,15,True,3198.710492348647,2.273854970932007,275,528,41.56763422170206,88.22395985829593,0.587693452835083,75.0,648.1945161910377,44,0.16,none,245811702682.93475,0.26094890510948904,143,548,0.2664233576642336,0.25547445255474455
三维高密度场景,3,1200,Kp_0.40,0.40000000000000013,0.04,0.1,custom_pid,16,True,3340.7399507817368,2.129763126373291,257,497,50.039329742875616,101.99773240624437,0.4385042190551758,57.0,610.0167145543422,59,0.22957198443579765,none,246327155213.26288,0.291015625,149,512,0.28515625,0.296875
三维高密度场景,3,1200,Kp_0.40,0.40000000000000013,0.04,0.1,custom_pid,17,True,3237.25907257362,12.321190357208252,1000,1917,45.83699090683104,101.65012176190699,9.030081987380981,800.0,817.0181838639833,233,0.233,none,249437401692.15546,0.2702702702702703,540,1998,0.2602602602602603,0.2802802802802803
三维高密度场景,3,1200,Kp_0.40,0.40000000000000013,0.04,0.1,custom_pid,18,True,4035.6596614592886,12.544922828674316,1000,1932,47.625995980088504,87.30238280622338,9.215760707855225,800.0,835.5320653415539,235,0.235,none,238176846463.4022,0.2682682682682683,536,1998,0.2772772772772773,0.25925925925925924
三维高密度场景,3,1200,Kp_0.40,0.40000000000000013,0.04,0.1,custom_pid,19,True,3525.616625061913,12.63542914390564,1000,1935,42.530036035225685,98.3668381119582,9.118127584457397,800.0,786.0617824306312,233,0.233,none,247368638927.82925,0.24974974974974976,499,1998,0.2502502502502503,0.24924924924924924
三维高密度场景,3,1200,Kp_0.40,0.40000000000000013,0.04,0.1,custom_pid,20,True,3288.425091950789,12.839538097381592,1000,1933,44.91346314394477,88.06280832124689,9.390848398208618,800.0,800.9358103492326,249,0.249,none,245214404584.50894,0.26926926926926925,538,1998,0.2772772772772773,0.26126126126126126
三维高密度场景,3,1200,Kp_0.40,0.40000000000000013,0.04,0.1,custom_pid,21,True,3518.517732965856,13.330129146575928,1000,1934,44.844465666602225,91.80139505520893,9.795521020889282,800.0,783.5922709613317,238,0.238,none,254640088505.8778,0.25225225225225223,504,1998,0.25625625625625625,0.24824824824824826
三维高密度场景,3,1200,Kp_0.40,0.40000000000000013,0.04,0.1,custom_pid,22,True,3457.701502608913,11.544032096862793,895,1725,41.480764523000076,99.79269285191555,7.896040916442871,695.0,807.9286200025869,209,0.2335195530726257,none,245496322342.9418,0.26286353467561524,470,1788,0.2662192393736018,0.2595078299776286
三维高密度场景,3,1200,Kp_0.40,0.40000000000000013,0.04,0.1,custom_pid,23,True,3546.8565317742455,12.800064325332642,1000,1942,45.934008023688484,89.41287960979383,9.335813283920288,800.0,808.1868859400996,221,0.221,none,238933312546.33215,0.26376376376376376,527,1998,0.25825825825825827,0.26926926926926925
三维高密度场景,3,1200,Kp_0.40,0.40000000000000013,0.04,0.1,custom_pid,24,True,3379.6348812259644,12.863451957702637,1000,1927,50.44700606043219,150.38413357525909,9.311479330062866,800.0,814.453964735341,216,0.216,none,250334352391.39053,0.25475475475475473,509,1998,0.2652652652652653,0.24424424424424424
三维高密度场景,3,1200,Kp_0.40,0.40000000000000013,0.04,0.1,custom_pid,25,True,3412.1577123694065,13.971035242080688,1000,1948,45.332070439474826,106.2335856684929,10.308985710144043,800.0,780.0526205040519,243,0.243,none,248110986060.54926,0.25175175175175174,503,1998,0.23523523523523523,0.2682682682682683
三维高密度场景,3,1200,Kp_0.40,0.40000000000000013,0.04,0.1,custom_pid,26,True,2872.444586986594,2.071942090988159,248,485,45.63772149087208,98.7803140176902,0.37123656272888184,48.0,599.761985288075,48,0.1935483870967742,none,245412480919.2981,0.2692307692307692,133,494,0.27125506072874495,0.26720647773279355
三维高密度场景,3,1200,Kp_0.40,0.40000000000000013,0.04,0.1,custom_pid,27,True,3036.357012056699,2.112348794937134,258,494,41.30615922088466,96.85046366416093,0.45840001106262207,58.0,594.0531627539184,55,0.2131782945736434,none,246095214418.89194,0.22178988326848248,114,514,0.20233463035019456,0.24124513618677043
三维高密度场景,3,1200,Kp_0.40,0.40000000000000013,0.04,0.1,custom_pid,28,True,3325.419980344788,12.562311887741089,1000,1959,44.29198755741365,92.21578385014305,9.218780755996704,800.0,784.0407775778224,226,0.226,none,254586880493.28107,0.25475475475475473,509,1998,0.23423423423423423,0.2752752752752753
三维高密度场景,3,1200,Kp_0.40,0.40000000000000013,0.04,0.1,custom_pid,29,True,3656.8734736987903,12.18693208694458,1000,1918,49.59055373091972,94.39135792031789,8.883484840393066,800.0,805.6060684076189,228,0.228,none,236645347038.1711,0.26626626626626626,532,1998,0.24924924924924924,0.2832832832832833
三维高密度场景,3,1200,Kp_0.40,0.40000000000000013,0.04,0.1,custom_pid,30,True,3782.0251919394154,12.873648643493652,1000,1952,47.9414759675339,93.3530212766509,9.411224842071533,800.0,822.6750599960164,262,0.262,none,249895583512.66165,0.2682682682682683,536,1998,0.2802802802802803,0.25625625625625625
三维高密度场景,3,1200,Ki_0.02,0.25,0.02,0.1,custom_pid,1,True,3751.7319904955175,13.04158067703247,1000,1930,46.19787711916062,89.52460949865207,9.46191692352295,800.0,849.1322745129789,262,0.262,none,222870590965.1965,0.2757757757757758,551,1998,0.2802802802802803,0.27127127127127126
三维高密度场景,3,1200,Ki_0.02,0.25,0.02,0.1,custom_pid,2,True,3219.3121958436122,12.773901462554932,1000,1941,49.01242277802298,87.48141054382965,9.168079614639282,800.0,830.041546401447,262,0.262,none,207294366807.7911,0.2747747747747748,549,1998,0.28428428428428426,0.2652652652652653
三维高密度场景,3,1200,Ki_0.02,0.25,0.02,0.1,custom_pid,3,True,2477.525789477516,12.47371768951416,1000,1929,42.84987611273118,182.57129663789775,9.181628942489624,800.0,825.354893923907,228,0.228,none,213326328581.24124,0.27427427427427425,548,1998,0.28428428428428426,0.26426426426426425
三维高密度场景,3,1200,Ki_0.02,0.25,0.02,0.1,custom_pid,4,True,2966.5919044386355,12.360832452774048,1000,1921,41.31887271517691,95.62949764013155,9.083717346191406,800.0,846.6390234389344,271,0.271,none,213686972418.55655,0.2807807807807808,561,1998,0.2802802802802803,0.28128128128128127
三维高密度场景,3,1200,Ki_0.02,0.25,0.02,0.1,custom_pid,5,True,3091.2663174031395,12.573288440704346,1000,1941,45.100955685753696,84.31849618697834,9.270397424697876,800.0,835.504619375774,236,0.236,none,203908302641.90005,0.2952952952952953,590,1998,0.2872872872872873,0.3033033033033033
三维高密度场景,3,1200,Ki_0.02,0.25,0.02,0.1,custom_pid,6,True,3850.8897043760658,12.129117250442505,1000,1908,45.70591445770737,99.60003418264513,8.889925241470337,800.0,827.7555082985614,215,0.215,none,219593643672.72458,0.2722722722722723,544,1998,0.2732732732732733,0.27127127127127126
三维高密度场景,3,1200,Ki_0.02,0.25,0.02,0.1,custom_pid,7,True,3533.766768719717,12.085667371749878,1000,1918,46.61906285278327,93.92141098675212,8.826755285263062,800.0,793.8294092721636,221,0.221,none,213128209478.2809,0.2772772772772773,554,1998,0.26626626626626626,0.2882882882882883
三维高密度场景,3,1200,Ki_0.02,0.25,0.02,0.1,custom_pid,8,True,3660.7774755293713,12.276687383651733,1000,1940,46.006453042906635,125.1854789989492,8.984728574752808,800.0,825.075100376183,243,0.243,none,215681567554.16025,0.27377377377377377,547,1998,0.26926926926926925,0.2782782782782783
三维高密度场景,3,1200,Ki_0.02,0.25,0.02,0.1,custom_pid,9,True,4017.652809647186,12.33241081237793,1000,1941,49.98628610922737,90.41753081546118,9.044305324554443,800.0,840.5470341721394,256,0.256,none,219686963401.69818,0.2857857857857858,571,1998,0.2952952952952953,0.27627627627627627
三维高密度场景,3,1200,Ki_0.02,0.25,0.02,0.1,custom_pid,10,True,3817.9484530028267,6.535499811172485,670,1296,53.04312211010302,95.11184821154433,4.151979207992554,470.0,745.8919385225931,135,0.20149253731343283,none,209083059060.93466,0.289237668161435,387,1338,0.273542600896861,0.30493273542600896
三维高密度场景,3,1200,Ki_0.02,0.25,0.02,0.1,custom_pid,11,True,2874.2354083977107,12.554742574691772,1000,1925,45.85128417906457,99.13594654223391,9.267746448516846,800.0,818.6979468330692,226,0.226,none,217973680182.06253,0.28928928928928926,578,1998,0.28928928928928926,0.28928928928928926
三维高密度场景,3,1200,Ki_0.02,0.25,0.02,0.1,custom_pid,12,True,3045.534279092021,2.2205653190612793,277,525,44.7507899743438,83.42740889185696,0.5562548637390137,77.0,636.885408374189,56,0.20216606498194944,none,211147076934.52365,0.2916666666666667,161,552,0.3079710144927536,0.2753623188405797
三维高密度场景,3,1200,Ki_0.02,0.25,0.02,0.1,custom_pid,13,True,3034.2549152241177,1.9675064086914062,250,463,46.96955673781671,96.33906456026097,0.3718726634979248,50.0,604.977575260231,46,0.184,none,211289319466.52536,0.2710843373493976,135,498,0.2891566265060241,0.25301204819277107
三维高密度场景,3,1200,Ki_0.02,0.25,0.02,0.1,custom_pid,14,True,2774.039239282454,12.271403074264526,1000,1934,44.96724360304036,123.0720304322818,8.980963706970215,800.0,825.8206262767947,241,0.241,none,205300837849.75433,0.27427427427427425,548,1998,0.27927927927927926,0.26926926926926925
三维高密度场景,3,1200,Ki_0.02,0.25,0.02,0.1,custom_pid,15,True,3597.6410599295655,12.081968545913696,1000,1927,51.68472273560611,91.96095160234574,8.801745653152466,800.0,842.9176632993829,249,0.249,none,212970092756.0489,0.2777777777777778,555,1998,0.27427427427427425,0.28128128128128127
三维高密度场景,3,1200,Ki_0.02,0.25,0.02,0.1,custom_pid,16,True,3298.6221920464413,12.139155864715576,1000,1921,46.944058136706516,107.98628006699859,8.875072479248047,800.0,872.4888100160655,228,0.228,none,212008960864.83755,0.3003003003003003,600,1998,0.31931931931931934,0.28128128128128127
三维高密度场景,3,1200,Ki_0.02,0.25,0.02,0.1,custom_pid,17,True,2879.928375169139,12.060522079467773,1000,1906,41.685586115473285,108.00707151787098,8.819381952285767,800.0,827.2979260074788,233,0.233,none,221424017050.56067,0.27877877877877877,557,1998,0.27627627627627627,0.28128128128128127
三维高密度场景,3,1200,Ki_0.02,0.25,0.02,0.1,custom_pid,18,True,4059.4593623058213,12.49817156791687,1000,1935,45.958297606392925,100.72337200320945,9.194268941879272,800.0,839.45689748516,236,0.236,none,227382062005.68954,0.28428428428428426,568,1998,0.2722722722722723,0.2962962962962963
三维高密度场景,3,1200,Ki_0.02,0.25,0.02,0.1,custom_pid,19,True,2741.8969613800864,12.350927114486694,1000,1947,54.19030160433805,107.71142837962707,9.037868976593018,800.0,815.3811969836648,239,0.239,none,213405841941.85867,0.27127127127127126,542,1998,0.2722722722722723,0.2702702702702703
三维高密度场景,3,1200,Ki_0.02,0.25,0.02,0.1,custom_pid,20,True,3850.658734072103,12.331620693206787,1000,1932,49.43588962199089,94.73984951743599,9.036162853240967,800.0,798.3885033034217,238,0.238,none,225433535252.96436,0.25225225225225223,504,1998,0.26626626626626626,0.23823823823823823
三维高密度场景,3,1200,Ki_0.02,0.25,0.02,0.1,custom_pid,21,True,2675.7654367948794,12.284531116485596,1000,1946,49.04854103562495,139.69047118157678,8.975053310394287,800.0,833.4607754080316,246,0.246,none,219214166315.9686,0.2952952952952953,590,1998,0.29429429429429427,0.2962962962962963
三维高密度场景,3,1200,Ki_0.02,0.25,0.02,0.1,custom_pid,22,True,2903.0884227000215,12.291340112686157,1000,1914,43.08607585665633,118.61617553048661,9.01482105255127,800.0,828.5397572451991,229,0.229,none,218006291515.2989,0.28378378378378377,567,1998,0.28128128128128127,0.2862862862862863
三维高密度场景,3,1200,Ki_0.02,0.25,0.02,0.1,custom_pid,23,True,3053.586370542981,12.30268931388855,1000,1913,49.50317342244088,94.5108078304505,9.05477523803711,800.0,811.873274718577,225,0.225,none,211894623578.33722,0.2707707707707708,541,1998,0.2732732732732733,0.2682682682682683
三维高密度场景,3,1200,Ki_0.02,0.25,0.02,0.1,custom_pid,24,True,3364.227559028431,2.17972731590271,272,520,50.0424243317738,106.77088047049627,0.5472395420074463,72.0,647.5726196181539,57,0.20955882352941177,none,211699531218.08826,0.2896678966789668,157,542,0.2952029520295203,0.28413284132841327
三维高密度场景,3,1200,Ki_0.02,0.25,0.02,0.1,custom_pid,25,True,3045.3300465506827,12.093926191329956,1000,1920,43.43172695782286,101.89307899651502,8.839509725570679,800.0,826.4542578447241,242,0.242,none,224220876515.88638,0.27377377377377377,547,1998,0.27927927927927926,0.2682682682682683
三维高密度场景,3,1200,Ki_0.02,0.25,0.02,0.1,custom_pid,26,True,3812.914438921743,12.09562063217163,1000,1904,55.23916314907739,97.71199053776323,8.851719379425049,800.0,781.586601056266,250,0.25,none,213903774600.24927,0.2527527527527528,505,1998,0.24224224224224225,0.26326326326326327
三维高密度场景,3,1200,Ki_0.02,0.25,0.02,0.1,custom_pid,27,True,4364.596572310485,12.410385370254517,1000,1944,48.356954358673114,133.46065580016963,9.104825019836426,800.0,818.5682015165596,219,0.219,none,212429597287.74695,0.2827827827827828,565,1998,0.2782782782782783,0.2872872872872873
三维高密度场景,3,1200,Ki_0.02,0.25,0.02,0.1,custom_pid,28,True,2939.731089262435,12.27481460571289,1000,1931,45.7938641254662,102.07862162304927,8.977517366409302,800.0,812.9262945553389,224,0.224,none,226399805878.0567,0.2757757757757758,551,1998,0.27627627627627627,0.2752752752752753
三维高密度场景,3,1200,Ki_0.02,0.25,0.02,0.1,custom_pid,29,True,3577.7762319733247,12.2089262008667,1000,1946,50.94318091551025,103.9230463453405,8.899568319320679,800.0,859.2809010510513,219,0.219,none,217090064858.2338,0.2802802802802803,560,1998,0.2962962962962963,0.26426426426426425
三维高密度场景,3,1200,Ki_0.02,0.25,0.02,0.1,custom_pid,30,True,3192.892695996654,12.2378408908844,1000,1941,46.175472869906095,101.12563029455005,8.935854196548462,800.0,787.9363017251129,227,0.227,none,210336352206.51215,0.25875875875875876,517,1998,0.25425425425425424,0.26326326326326327
三维高密度场景,3,1200,Ki_0.03,0.25,0.03,0.1,custom_pid,1,True,3460.3229097158105,12.302511215209961,1000,1923,50.763018498735406,111.73672348776367,9.02077841758728,800.0,837.4576353049853,240,0.24,none,222571982654.24176,0.27377377377377377,547,1998,0.2802802802802803,0.2672672672672673
三维高密度场景,3,1200,Ki_0.03,0.25,0.03,0.1,custom_pid,2,True,3080.6374487970243,12.218279600143433,1000,1928,44.0546845171443,98.09747681010045,8.905128717422485,800.0,827.3061334397773,243,0.243,none,228832016568.37952,0.2722722722722723,544,1998,0.26226226226226224,0.2822822822822823
三维高密度场景,3,1200,Ki_0.03,0.25,0.03,0.1,custom_pid,3,True,3420.243063840918,12.329099178314209,1000,1945,45.50717158501751,89.42182652674444,9.01030707359314,800.0,814.6055347562406,222,0.222,none,228088774959.30988,0.2752752752752753,550,1998,0.2602602602602603,0.2902902902902903
三维高密度场景,3,1200,Ki_0.03,0.25,0.03,0.1,custom_pid,4,True,2748.074379139667,12.33399486541748,1000,1938,57.83518246630654,108.61157992774962,9.020983695983887,800.0,809.0325244552286,237,0.237,none,229619232322.68253,0.27377377377377377,547,1998,0.2802802802802803,0.2672672672672673
三维高密度场景,3,1200,Ki_0.03,0.25,0.03,0.1,custom_pid,5,True,3330.6738762584973,12.29533076286316,1000,1917,47.338876918372634,101.090513375342,9.014658451080322,800.0,830.5182029230443,241,0.241,none,228377579403.10797,0.2782782782782783,556,1998,0.28428428428428426,0.2722722722722723
三维高密度场景,3,1200,Ki_0.03,0.25,0.03,0.1,custom_pid,6,True,3756.9356865339655,12.249892950057983,1000,1931,45.612479197373595,99.63586587727761,8.919576644897461,800.0,848.059036982573,214,0.214,none,228133623815.6158,0.2807807807807808,561,1998,0.28428428428428426,0.2772772772772773
三维高密度场景,3,1200,Ki_0.03,0.25,0.03,0.1,custom_pid,7,True,3349.115163671591,12.452101469039917,1000,1945,49.5598722397347,100.75069735466187,9.096880912780762,800.0,792.1736798716178,241,0.241,none,227723838256.72385,0.26226226226226224,524,1998,0.25225225225225223,0.2722722722722723
三维高密度场景,3,1200,Ki_0.03,0.25,0.03,0.1,custom_pid,8,True,3946.450269927429,12.44603967666626,1000,1929,46.08001412434158,88.20953430663303,9.110397815704346,800.0,822.0711405565426,224,0.224,none,231400840528.2776,0.26426426426426425,528,1998,0.2682682682682683,0.2602602602602603
三维高密度场景,3,1200,Ki_0.03,0.25,0.03,0.1,custom_pid,9,True,3193.2960397945144,12.59932541847229,1000,1934,48.65452919444197,102.27305158635507,9.308324813842773,800.0,799.4421792525444,229,0.229,none,226614863710.9931,0.25825825825825827,516,1998,0.24824824824824826,0.2682682682682683
三维高密度场景,3,1200,Ki_0.03,0.25,0.03,0.1,custom_pid,10,True,2580.076058850822,12.072480916976929,1000,1903,37.04385198301419,108.51696692917508,8.843035459518433,800.0,815.1963016212068,230,0.23,none,216796787856.39188,0.25575575575575576,511,1998,0.24924924924924924,0.26226226226226224
三维高密度场景,3,1200,Ki_0.03,0.25,0.03,0.1,custom_pid,11,True,3198.661098161867,12.242765426635742,1000,1934,53.57480031883317,101.94951684952112,8.93903398513794,800.0,826.7397509946003,241,0.241,none,227004365863.9895,0.27427427427427425,548,1998,0.2732732732732733,0.2752752752752753
三维高密度场景,3,1200,Ki_0.03,0.25,0.03,0.1,custom_pid,12,True,3193.6632204274656,12.305608034133911,1000,1951,49.128542941870165,100.92867708208088,8.982894659042358,800.0,814.9947133331743,220,0.22,none,232130777905.68723,0.2847847847847848,569,1998,0.2782782782782783,0.2912912912912913
三维高密度场景,3,1200,Ki_0.03,0.25,0.03,0.1,custom_pid,13,True,3067.2712004462855,12.332189083099365,1000,1914,46.92373644713832,93.04986937839672,9.076915264129639,800.0,848.728574643013,231,0.231,none,233747992520.17355,0.2757757757757758,551,1998,0.2772772772772773,0.27427427427427425
三维高密度场景,3,1200,Ki_0.03,0.25,0.03,0.1,custom_pid,14,True,3539.0472803120706,12.231616497039795,1000,1934,44.60934924296456,110.67229006499655,8.94591474533081,800.0,834.7205556532152,241,0.241,none,230202814868.20898,0.27177177177177175,543,1998,0.27427427427427425,0.26926926926926925
三维高密度场景,3,1200,Ki_0.03,0.25,0.03,0.1,custom_pid,15,True,3180.2639093509115,12.116858720779419,1000,1927,50.310910813206746,102.03824026600309,8.844737529754639,800.0,823.3183003508032,227,0.227,none,227743302997.2519,0.2757757757757758,551,1998,0.2862862862862863,0.2652652652652653
三维高密度场景,3,1200,Ki_0.03,0.25,0.03,0.1,custom_pid,16,True,3187.5498863689722,12.179163217544556,1000,1923,46.922988142468014,94.8748063754092,8.89680790901184,800.0,832.2119877454751,242,0.242,none,227347661571.87592,0.26626626626626626,532,1998,0.27627627627627627,0.25625625625625625
三维高密度场景,3,1200,Ki_0.03,0.25,0.03,0.1,custom_pid,17,True,3321.609272197485,12.328133821487427,1000,1938,50.1033700508593,99.13340774961738,9.026713848114014,800.0,818.6993736526395,232,0.232,none,239630375328.57224,0.2677677677677678,535,1998,0.2552552552552553,0.2802802802802803
三维高密度场景,3,1200,Ki_0.03,0.25,0.03,0.1,custom_pid,18,True,3476.1378929858174,12.48298716545105,1000,1931,51.48718965108457,286.0914361041414,9.202274799346924,800.0,813.9245296036153,231,0.231,none,237135948272.05737,0.27677677677677676,553,1998,0.27627627627627627,0.2772772772772773
三维高密度场景,3,1200,Ki_0.03,0.25,0.03,0.1,custom_pid,19,True,3598.020407792344,12.297138690948486,1000,1943,47.35251115770671,93.39878459516122,9.001181364059448,800.0,831.400146066553,250,0.25,none,220097222458.18304,0.26176176176176175,523,1998,0.25725725725725723,0.26626626626626626
三维高密度场景,3,1200,Ki_0.03,0.25,0.03,0.1,custom_pid,20,True,3110.231991011493,12.149855613708496,1000,1908,45.20269304774452,164.72836509400568,8.916063785552979,800.0,798.2413031870863,224,0.224,none,240287249117.88943,0.25425425425425424,508,1998,0.24024024024024024,0.2682682682682683
三维高密度场景,3,1200,Ki_0.03,0.25,0.03,0.1,custom_pid,21,True,3682.494112350595,12.044837236404419,1000,1927,47.72380133377984,89.14387375206248,8.77366828918457,800.0,782.706870260068,226,0.226,none,224599136982.31238,0.2627627627627628,525,1998,0.25225225225225223,0.2732732732732733
三维高密度场景,3,1200,Ki_0.03,0.25,0.03,0.1,custom_pid,22,True,3792.0535188004324,12.2837233543396,1000,1938,44.82528775488189,86.44542915109496,8.98376989364624,800.0,837.9056997117846,246,0.246,none,231145801832.84482,0.27927927927927926,558,1998,0.2862862862862863,0.2722722722722723
三维高密度场景,3,1200,Ki_0.03,0.25,0.03,0.1,custom_pid,23,True,3989.3620823181373,12.307412147521973,1000,1906,45.82504011541355,84.03082160405948,9.073470115661621,800.0,783.4248431387769,232,0.232,none,232029303041.33868,0.24924924924924924,498,1998,0.24424424424424424,0.25425425425425424
三维高密度场景,3,1200,Ki_0.03,0.25,0.03,0.1,custom_pid,24,True,3740.1889176791883,12.231216192245483,1000,1942,45.516435017323,104.58340268279798,8.942227840423584,800.0,807.2203878148165,234,0.234,none,229601967884.90076,0.2707707707707708,541,1998,0.27127127127127126,0.2702702702702703
三维高密度场景,3,1200,Ki_0.03,0.25,0.03,0.1,custom_pid,25,True,3129.877334727742,12.141240358352661,1000,1914,45.13602550968321,95.67757823443662,8.887304306030273,800.0,836.0875287327558,235,0.235,none,222695655378.21408,0.2677677677677678,535,1998,0.27627627627627627,0.25925925925925924
三维高密度场景,3,1200,Ki_0.03,0.25,0.03,0.1,custom_pid,26,True,3260.458583249223,4.442882776260376,491,967,46.3154480495553,90.89055669049637,2.396040201187134,291.0,737.7378959403122,102,0.20773930753564154,none,229516597113.5146,0.30612244897959184,300,980,0.3040816326530612,0.3081632653061224
三维高密度场景,3,1200,Ki_0.03,0.25,0.03,0.1,custom_pid,27,True,3330.0822973997188,12.315513849258423,1000,1930,47.320823428684996,100.81181050429512,9.039029359817505,800.0,877.7635782416718,227,0.227,none,222670538978.2102,0.2752752752752753,550,1998,0.2932932932932933,0.25725725725725723
三维高密度场景,3,1200,Ki_0.03,0.25,0.03,0.1,custom_pid,28,True,2627.9724446206274,12.14545464515686,1000,1933,44.85075972538914,115.44939381346143,8.848483800888062,800.0,850.9885619119516,248,0.248,none,231917657499.88953,0.2937937937937938,587,1998,0.2932932932932933,0.29429429429429427
三维高密度场景,3,1200,Ki_0.03,0.25,0.03,0.1,custom_pid,29,True,3097.9797767354503,2.124943494796753,263,506,47.97771447102666,99.96139320146888,0.47014880180358887,63.0,603.0551771613253,58,0.22053231939163498,none,227855972658.79633,0.2729007633587786,143,524,0.2748091603053435,0.27099236641221375
三维高密度场景,3,1200,Ki_0.03,0.25,0.03,0.1,custom_pid,30,True,2982.473929867112,12.03690791130066,1000,1908,46.338635209078504,104.20172634640493,8.804646492004395,800.0,809.2319002595287,223,0.223,none,225534982244.29858,0.2697697697697698,539,1998,0.2732732732732733,0.26626626626626626
三维高密度场景,3,1200,Ki_0.04,0.25,0.039999999999999994,0.1,custom_pid,1,True,2951.0962316567593,12.21064829826355,1000,1909,46.590607818041114,124.17594953114339,8.96756625175476,800.0,811.382752701572,239,0.239,none,248075928524.72437,0.24674674674674674,493,1998,0.25725725725725723,0.23623623623623624
三维高密度场景,3,1200,Ki_0.04,0.25,0.039999999999999994,0.1,custom_pid,2,True,3238.7677398444644,12.096492290496826,1000,1923,49.34576477370239,104.76459240807478,8.838543891906738,800.0,816.2807917150208,232,0.232,none,251415152942.99005,0.2672672672672673,534,1998,0.27627627627627627,0.25825825825825827
三维高密度场景,3,1200,Ki_0.04,0.25,0.039999999999999994,0.1,custom_pid,3,True,4012.3229887485068,12.185389757156372,1000,1920,47.67957190936452,117.18972006068304,8.924821615219116,800.0,825.7788631641596,230,0.23,none,254070260694.9419,0.2832832832832833,566,1998,0.2852852852852853,0.28128128128128127
三维高密度场景,3,1200,Ki_0.04,0.25,0.039999999999999994,0.1,custom_pid,4,True,3249.8280488407563,12.282497644424438,1000,1938,40.01064872624621,83.49166185817325,9.00553274154663,800.0,851.2057394398131,255,0.255,none,243065182138.96417,0.25725725725725723,514,1998,0.25925925925925924,0.2552552552552553
三维高密度场景,3,1200,Ki_0.04,0.25,0.039999999999999994,0.1,custom_pid,5,True,3921.0814237889977,12.154186248779297,1000,1925,47.83526791019258,103.82647734685067,8.873975992202759,800.0,791.7725222446553,232,0.232,none,247797995630.16965,0.2627627627627628,525,1998,0.25125125125125125,0.27427427427427425
三维高密度场景,3,1200,Ki_0.04,0.25,0.039999999999999994,0.1,custom_pid,6,True,3126.534863405631,2.021758794784546,253,488,46.68953242810749,90.58174780793308,0.39539217948913574,53.0,573.0648567359157,52,0.20553359683794467,none,246427729301.93,0.23015873015873015,116,504,0.23015873015873015,0.23015873015873015
三维高密度场景,3,1200,Ki_0.04,0.25,0.039999999999999994,0.1,custom_pid,7,True,3712.1784111592688,12.3894681930542,1000,1949,47.84776353729213,114.82955970665243,9.059849500656128,800.0,826.3036744636356,237,0.237,none,243612024230.3878,0.25925925925925924,518,1998,0.25925925925925924,0.25925925925925924
三维高密度场景,3,1200,Ki_0.04,0.25,0.039999999999999994,0.1,custom_pid,8,True,3074.074477353996,2.0703608989715576,257,501,45.61318410105009,93.00824339932949,0.43662095069885254,57.0,641.2435648205558,71,0.27626459143968873,none,244461801812.89645,0.27734375,142,512,0.2734375,0.28125
三维高密度场景,3,1200,Ki_0.04,0.25,0.039999999999999994,0.1,custom_pid,9,True,3465.6790951746943,12.201942920684814,1000,1910,48.962286943586854,99.87078243320317,8.961838722229004,800.0,844.0250826420195,234,0.234,none,245699789047.1144,0.2682682682682683,536,1998,0.2722722722722723,0.26426426426426425
三维高密度场景,3,1200,Ki_0.04,0.25,0.039999999999999994,0.1,custom_pid,10,True,3824.5250904162813,12.296274185180664,1000,1927,42.74230554248556,88.79312036062124,9.015605926513672,800.0,824.9503240056661,237,0.237,none,253710922047.3389,0.27377377377377377,547,1998,0.25725725725725723,0.2902902902902903
三维高密度场景,3,1200,Ki_0.04,0.25,0.039999999999999994,0.1,custom_pid,11,True,3742.7031909716798,6.842377424240112,689,1341,46.55010901514954,88.31215933372299,4.3971240520477295,489.0,724.2662350279421,164,0.23802612481857766,none,243185849238.39896,0.2565406976744186,353,1376,0.2543604651162791,0.25872093023255816
三维高密度场景,3,1200,Ki_0.04,0.25,0.039999999999999994,0.1,custom_pid,12,True,2769.1993759189036,12.413620948791504,1000,1935,42.86594598351185,97.85622305470517,9.123060941696167,800.0,845.401999837807,252,0.252,none,249163726259.6695,0.26876876876876876,537,1998,0.2782782782782783,0.25925925925925924
三维高密度场景,3,1200,Ki_0.04,0.25,0.039999999999999994,0.1,custom_pid,13,True,3226.5727145640726,12.387575149536133,1000,1926,45.65584544342162,95.34868983224327,9.113567352294922,800.0,807.1527917552683,224,0.224,none,238496854072.15994,0.26076076076076077,521,1998,0.2502502502502503,0.27127127127127126
三维高密度场景,3,1200,Ki_0.04,0.25,0.039999999999999994,0.1,custom_pid,14,True,3210.3467023698463,12.087539196014404,1000,1913,50.87596042451989,105.24646072650674,8.837316274642944,800.0,801.3716574295458,219,0.219,none,239982810493.9756,0.27177177177177175,543,1998,0.26626626626626626,0.2772772772772773
三维高密度场景,3,1200,Ki_0.04,0.25,0.039999999999999994,0.1,custom_pid,15,True,3532.4133633089486,4.313149929046631,484,937,46.959056427229974,86.49431443673339,2.2987780570983887,284.0,764.8326253843805,112,0.23140495867768596,none,249146463932.19446,0.2701863354037267,261,966,0.2898550724637681,0.2505175983436853
三维高密度场景,3,1200,Ki_0.04,0.25,0.039999999999999994,0.1,custom_pid,16,True,2743.254428511361,12.431016683578491,1000,1931,45.47897173832571,91.97829205782332,9.147798299789429,800.0,847.1441599902802,238,0.238,none,250412197972.8953,0.2702702702702703,540,1998,0.28428428428428426,0.25625625625625625
三维高密度场景,3,1200,Ki_0.04,0.25,0.039999999999999994,0.1,custom_pid,17,True,3090.857046010582,12.20433759689331,1000,1939,46.054921486555045,110.46108943189522,8.915550947189331,800.0,786.2485538256743,228,0.228,none,244403736040.15176,0.25175175175175174,503,1998,0.2502502502502503,0.25325325325325326
三维高密度场景,3,1200,Ki_0.04,0.25,0.039999999999999994,0.1,custom_pid,18,True,2687.8759052768273,12.459278583526611,1000,1954,46.18962223903054,104.02690719745468,9.14235782623291,800.0,806.4091171162165,243,0.243,none,245433267276.77444,0.26076076076076077,521,1998,0.2502502502502503,0.27127127127127126
三维高密度场景,3,1200,Ki_0.04,0.25,0.039999999999999994,0.1,custom_pid,19,True,4737.276398292894,12.225441694259644,1000,1923,50.75962713824415,182.70556253742507,8.97281289100647,800.0,823.0201416773454,213,0.213,none,233250317764.8932,0.2652652652652653,530,1998,0.2672672672672673,0.26326326326326327
三维高密度场景,3,1200,Ki_0.04,0.25,0.039999999999999994,0.1,custom_pid,20,True,3325.9585008718973,12.071736335754395,1000,1922,45.920981425389854,103.60466976168253,8.822019338607788,800.0,792.0388278272533,225,0.225,none,244597974424.2663,0.23073073073073072,461,1998,0.24024024024024024,0.22122122122122123
三维高密度场景,3,1200,Ki_0.04,0.25,0.039999999999999994,0.1,custom_pid,21,True,2557.1769723663456,12.327033281326294,1000,1934,45.96101148394403,107.14702099809602,9.059788703918457,800.0,826.8001413219681,265,0.265,none,241060152988.18607,0.25325325325325326,506,1998,0.2732732732732733,0.23323323323323322
三维高密度场景,3,1200,Ki_0.04,0.25,0.039999999999999994,0.1,custom_pid,22,True,3622.4933838127045,6.2141664028167725,645,1246,48.35385474859559,99.62702526069606,3.9113948345184326,445.0,742.8728684282299,137,0.2124031007751938,none,250243959191.74628,0.2686335403726708,346,1288,0.26242236024844723,0.2748447204968944
三维高密度场景,3,1200,Ki_0.04,0.25,0.039999999999999994,0.1,custom_pid,23,True,2772.452546917985,12.045422315597534,1000,1926,42.27058962126197,94.31549853389139,8.778196573257446,800.0,800.2946693499284,218,0.218,none,248615127550.61728,0.2577577577577578,515,1998,0.23923923923923923,0.27627627627627627
三维高密度场景,3,1200,Ki_0.04,0.25,0.039999999999999994,0.1,custom_pid,24,True,3314.2804630535575,12.246304035186768,1000,1930,43.0505058548277,91.55793761372408,8.96934962272644,800.0,831.7751210298966,238,0.238,none,250625826903.40314,0.25725725725725723,514,1998,0.26226226226226224,0.25225225225225223
三维高密度场景,3,1200,Ki_0.04,0.25,0.039999999999999994,0.1,custom_pid,25,True,2538.130541546956,12.176032066345215,1000,1914,72.09166267891086,184.32497172498915,8.917360782623291,800.0,805.4557290332896,247,0.247,none,242819396837.76068,0.26876876876876876,537,1998,0.2682682682682683,0.26926926926926925
三维高密度场景,3,1200,Ki_0.04,0.25,0.039999999999999994,0.1,custom_pid,26,True,3211.188726860164,12.083136320114136,1000,1917,44.90233844904055,99.88762632726569,8.831438779830933,800.0,796.6427041444298,246,0.246,none,238756318937.84775,0.23923923923923923,478,1998,0.23923923923923923,0.23923923923923923
三维高密度场景,3,1200,Ki_0.04,0.25,0.039999999999999994,0.1,custom_pid,27,True,3942.0871694549496,11.877443790435791,1000,1893,50.260754064554554,84.85692484106701,8.654044389724731,800.0,805.7853178226807,234,0.234,none,246937249628.3605,0.25825825825825827,516,1998,0.24624624624624625,0.2702702702702703
三维高密度场景,3,1200,Ki_0.04,0.25,0.039999999999999994,0.1,custom_pid,28,True,3251.6569614876944,12.3263680934906,1000,1943,48.96575265638152,142.4433217708697,9.040005445480347,800.0,795.7962559279011,222,0.222,none,246426377666.6525,0.27627627627627627,552,1998,0.2602602602602603,0.2922922922922923
三维高密度场景,3,1200,Ki_0.04,0.25,0.039999999999999994,0.1,custom_pid,29,True,3898.6623549587384,12.48771595954895,1000,1943,53.82206763711687,100.78580838276757,9.184125423431396,800.0,853.8929762183835,218,0.218,none,250823060185.91357,0.26676676676676675,533,1998,0.2822822822822823,0.25125125125125125
三维高密度场景,3,1200,Ki_0.04,0.25,0.039999999999999994,0.1,custom_pid,30,True,3071.044306354649,1.9612765312194824,244,468,49.05920113135668,96.75970988772299,0.341907262802124,44.0,557.6963570184835,57,0.2336065573770492,none,245298395893.99902,0.23045267489711935,112,486,0.20987654320987653,0.25102880658436216
三维高密度场景,3,1200,Ki_0.05,0.25,0.049999999999999996,0.1,custom_pid,1,True,3277.3994094247637,12.3602933883667,1000,1933,45.826916358195305,103.73449213922805,9.075047254562378,800.0,814.6799544487376,223,0.223,none,256425110824.67065,0.26126126126126126,522,1998,0.24724724724724725,0.2752752752752753
三维高密度场景,3,1200,Ki_0.05,0.25,0.049999999999999996,0.1,custom_pid,2,True,3219.17121953827,2.2262299060821533,274,533,45.089396714518564,101.68338866172456,0.554762601852417,74.0,631.6486959361692,64,0.23357664233576642,none,262188513158.22418,0.2802197802197802,153,546,0.26373626373626374,0.2967032967032967
三维高密度场景,3,1200,Ki_0.05,0.25,0.049999999999999996,0.1,custom_pid,3,True,4588.052576744864,12.183906316757202,1000,1919,50.747241023136894,91.37257059040938,8.932256698608398,800.0,817.3698410451628,238,0.238,none,276333282052.5558,0.26576576576576577,531,1998,0.26326326326326327,0.2682682682682683
三维高密度场景,3,1200,Ki_0.05,0.25,0.049999999999999996,0.1,custom_pid,4,True,3966.2836752126236,12.28590178489685,1000,1935,51.571450326048016,102.96036154098867,9.021774768829346,800.0,814.5608011061545,223,0.223,none,261903457514.4216,0.25575575575575576,511,1998,0.25725725725725723,0.25425425425425424
三维高密度场景,3,1200,Ki_0.05,0.25,0.049999999999999996,0.1,custom_pid,5,True,3054.5655069086083,2.054903984069824,258,491,45.77022263572741,98.47932384328467,0.4235668182373047,58.0,615.9136019774018,48,0.18604651162790697,none,264609124146.91437,0.23540856031128404,121,514,0.245136186770428,0.22568093385214008
三维高密度场景,3,1200,Ki_0.05,0.25,0.049999999999999996,0.1,custom_pid,6,True,3602.594933317516,12.114856481552124,1000,1925,45.88839666850173,101.32438103290451,8.859040021896362,800.0,800.2304723713962,235,0.235,none,265061054217.42535,0.24724724724724725,494,1998,0.24924924924924924,0.24524524524524524
三维高密度场景,3,1200,Ki_0.05,0.25,0.049999999999999996,0.1,custom_pid,7,True,2953.907697117263,12.315961837768555,1000,1937,38.117298498126715,96.56192312667004,9.04015326499939,800.0,825.077855768062,236,0.236,none,265848564668.088,0.2602602602602603,520,1998,0.25625625625625625,0.26426426426426425
三维高密度场景,3,1200,Ki_0.05,0.25,0.049999999999999996,0.1,custom_pid,8,True,2966.5400209025947,12.194350719451904,1000,1941,46.54506897185821,111.51055511641766,8.9144606590271,800.0,803.334225922262,232,0.232,none,266424947282.30167,0.25425425425425424,508,1998,0.25225225225225223,0.25625625625625625
三维高密度场景,3,1200,Ki_0.05,0.25,0.049999999999999996,0.1,custom_pid,9,True,2770.763669742635,12.028332233428955,1000,1901,56.135276547554625,109.84343599278058,8.816121101379395,800.0,810.7383140353994,241,0.241,none,267093720620.73633,0.24174174174174173,483,1998,0.25325325325325326,0.23023023023023023
三维高密度场景,3,1200,Ki_0.05,0.25,0.049999999999999996,0.1,custom_pid,10,True,3702.354575950367,12.239603757858276,1000,1924,48.7913335939937,105.46212270466351,8.981505393981934,800.0,815.3329254896643,225,0.225,none,255485685360.18695,0.25975975975975973,519,1998,0.24324324324324326,0.27627627627627627
三维高密度场景,3,1200,Ki_0.05,0.25,0.049999999999999996,0.1,custom_pid,11,True,3800.1209519968625,12.336306810379028,1000,1935,45.506917133662505,116.87111939399502,9.06902527809143,800.0,816.8213932355035,236,0.236,none,251689388746.6342,0.25625625625625625,512,1998,0.23423423423423423,0.2782782782782783
三维高密度场景,3,1200,Ki_0.05,0.25,0.049999999999999996,0.1,custom_pid,12,True,3387.3058246452224,12.264118671417236,1000,1932,47.37676079974625,114.3839038502351,8.999502182006836,800.0,812.9341489417951,240,0.24,none,255844273476.40076,0.24874874874874875,497,1998,0.24024024024024024,0.25725725725725723
三维高密度场景,3,1200,Ki_0.05,0.25,0.049999999999999996,0.1,custom_pid,13,True,3831.572581136234,12.192747831344604,1000,1941,51.94965827397551,94.06578764104457,8.918908596038818,800.0,824.1952664480963,254,0.254,none,274723245423.20755,0.24974974974974976,499,1998,0.26926926926926925,0.23023023023023023
三维高密度场景,3,1200,Ki_0.05,0.25,0.049999999999999996,0.1,custom_pid,14,True,3693.5868884470865,12.175118923187256,1000,1937,50.46502739041762,110.97930911434692,8.899637460708618,800.0,808.620289567751,225,0.225,none,260727083794.85413,0.23523523523523523,470,1998,0.24824824824824826,0.2222222222222222
三维高密度场景,3,1200,Ki_0.05,0.25,0.049999999999999996,0.1,custom_pid,15,True,3241.1178656037946,2.8344688415527344,340,663,46.7153157135039,95.96883111014144,1.0841100215911865,140.0,647.2483691760337,78,0.22941176470588234,none,262802733617.0272,0.28023598820059,190,678,0.2743362831858407,0.2861356932153392
三维高密度场景,3,1200,Ki_0.05,0.25,0.049999999999999996,0.1,custom_pid,16,True,3229.873973669046,4.4882121086120605,507,961,49.649673313442875,88.28943817141311,2.481783151626587,307.0,684.9635485950898,114,0.22485207100591717,none,263927271416.06555,0.2450592885375494,248,1012,0.2707509881422925,0.21936758893280633
三维高密度场景,3,1200,Ki_0.05,0.25,0.049999999999999996,0.1,custom_pid,17,True,3387.981377727352,12.264301538467407,1000,1943,45.278676857057576,88.09704904506017,8.986668825149536,800.0,818.9781764344912,255,0.255,none,268275017601.44397,0.27127127127127126,542,1998,0.27927927927927926,0.26326326326326327
三维高密度场景,3,1200,Ki_0.05,0.25,0.049999999999999996,0.1,custom_pid,18,True,3282.403956698552,2.376889228820801,292,557,45.23603531730482,92.27923615621474,0.6816668510437012,92.0,625.8422805274746,56,0.1917808219178082,none,267141297698.15143,0.2697594501718213,157,582,0.2852233676975945,0.2542955326460481
三维高密度场景,3,1200,Ki_0.05,0.25,0.049999999999999996,0.1,custom_pid,19,True,3264.183230272475,12.180521249771118,1000,1936,47.974631344241224,107.87470982097314,8.897595643997192,800.0,804.7732620349424,226,0.226,none,267099006936.99985,0.26426426426426425,528,1998,0.26226226226226224,0.26626626626626626
三维高密度场景,3,1200,Ki_0.05,0.25,0.049999999999999996,0.1,custom_pid,20,True,3836.874049354332,12.123587369918823,1000,1923,49.23553341147776,98.20905402823638,8.865743160247803,800.0,798.9844048873782,258,0.258,none,271884070189.05984,0.24424424424424424,488,1998,0.24224224224224225,0.24624624624624625
三维高密度场景,3,1200,Ki_0.05,0.25,0.049999999999999996,0.1,custom_pid,21,True,4211.423009779588,11.893645524978638,1000,1905,47.52137704970879,97.98403246312128,8.653015851974487,800.0,797.7395692591729,224,0.224,none,270412354215.17432,0.25925925925925924,518,1998,0.2722722722722723,0.24624624624624625
三维高密度场景,3,1200,Ki_0.05,0.25,0.049999999999999996,0.1,custom_pid,22,True,2900.0093344194793,12.207356452941895,1000,1925,50.15015729635874,97.79824895331593,8.93949031829834,800.0,771.2524808792251,222,0.222,none,267636948006.01657,0.25875875875875876,517,1998,0.24324324324324326,0.27427427427427425
三维高密度场景,3,1200,Ki_0.05,0.25,0.049999999999999996,0.1,custom_pid,23,True,3728.8745717809456,12.140238285064697,1000,1926,48.53837886896652,92.73764294644879,8.895161628723145,800.0,809.1198086723541,233,0.233,none,260843255330.50983,0.24424424424424424,488,1998,0.2502502502502503,0.23823823823823823
三维高密度场景,3,1200,Ki_0.05,0.25,0.049999999999999996,0.1,custom_pid,24,True,3244.2776686360785,12.00741457939148,1000,1906,45.989679152930954,101.90070604148615,8.784519910812378,800.0,835.0071747538834,250,0.25,none,262028522582.34103,0.25225225225225223,504,1998,0.25825825825825827,0.24624624624624625
三维高密度场景,3,1200,Ki_0.05,0.25,0.049999999999999996,0.1,custom_pid,25,True,3312.185279127847,12.261793375015259,1000,1948,52.873467157252016,103.09269327997191,8.96472978591919,800.0,814.558050041471,233,0.233,none,276717895298.2963,0.24724724724724725,494,1998,0.24824824824824826,0.24624624624624625
三维高密度场景,3,1200,Ki_0.05,0.25,0.049999999999999996,0.1,custom_pid,26,True,3489.2279530243695,12.332108736038208,1000,1908,39.999354195103066,100.03141353960227,9.094365119934082,800.0,807.0708824253946,239,0.239,none,264124285293.67993,0.24174174174174173,483,1998,0.24824824824824826,0.23523523523523523
三维高密度场景,3,1200,Ki_0.05,0.25,0.049999999999999996,0.1,custom_pid,27,True,4122.635736129402,12.180735349655151,1000,1908,45.56028511481032,97.73038000863247,8.938039302825928,800.0,832.0342415802606,249,0.249,none,267969280977.35895,0.26476476476476474,529,1998,0.27927927927927926,0.2502502502502503
三维高密度场景,3,1200,Ki_0.05,0.25,0.049999999999999996,0.1,custom_pid,28,True,3213.8422698610757,12.069730758666992,1000,1904,50.572579474819804,81.41907425420315,8.84830117225647,800.0,794.1776676359879,230,0.23,none,265193717360.3389,0.24524524524524524,490,1998,0.23623623623623624,0.25425425425425424
三维高密度场景,3,1200,Ki_0.05,0.25,0.049999999999999996,0.1,custom_pid,29,True,2613.6397582134286,12.289512157440186,1000,1934,38.977895093298386,117.61810371310088,9.003926038742065,800.0,839.9456992181366,238,0.238,none,266466891172.30795,0.25925925925925924,518,1998,0.25825825825825827,0.2602602602602603
三维高密度场景,3,1200,Ki_0.05,0.25,0.049999999999999996,0.1,custom_pid,30,True,2891.904820831758,12.228881597518921,1000,1928,41.510830668496524,84.90270680345147,8.972535371780396,800.0,815.8358052993902,226,0.226,none,275149643097.8843,0.24524524524524524,490,1998,0.23423423423423423,0.25625625625625625
三维高密度场景,3,1200,Ki_0.06,0.25,0.06,0.1,custom_pid,1,True,3352.1541150387807,12.305363893508911,1000,1940,47.207260199587665,101.46304348207472,9.030848503112793,800.0,818.272935571555,230,0.23,none,282464045395.5023,0.24374374374374375,487,1998,0.24824824824824826,0.23923923923923923
三维高密度场景,3,1200,Ki_0.06,0.25,0.06,0.1,custom_pid,2,True,3111.0929683857776,12.20496153831482,1000,1932,48.11402249690535,103.11457907794163,8.929531335830688,800.0,790.1994716153478,220,0.22,none,283967639639.56024,0.23473473473473475,469,1998,0.24424424424424424,0.22522522522522523
三维高密度场景,3,1200,Ki_0.06,0.25,0.06,0.1,custom_pid,3,True,4614.613967372465,12.386801481246948,1000,1964,49.20181019143211,201.75000095351425,9.068457841873169,800.0,799.9175056593981,224,0.224,none,279381434085.2559,0.24574574574574576,491,1998,0.24324324324324326,0.24824824824824826
三维高密度场景,3,1200,Ki_0.06,0.25,0.06,0.1,custom_pid,4,True,3164.911241659659,4.906788349151611,545,1032,50.47300806087492,95.96143469436407,2.836171865463257,345.0,749.621879684,124,0.22752293577981653,none,282557845732.49725,0.27941176470588236,304,1088,0.2922794117647059,0.2665441176470588
三维高密度场景,3,1200,Ki_0.06,0.25,0.06,0.1,custom_pid,5,True,3123.4622392942993,12.19395112991333,1000,1930,45.120778832881804,105.0241801184732,8.926249504089355,800.0,803.9190764114314,225,0.225,none,278341947833.60925,0.24524524524524524,490,1998,0.25825825825825827,0.23223223223223224
三维高密度场景,3,1200,Ki_0.06,0.25,0.06,0.1,custom_pid,6,True,4278.802759319209,12.170975685119629,1000,1911,50.77091018238041,91.85437156160575,8.94120478630066,800.0,850.7131034376602,255,0.255,none,281988506076.23395,0.24224224224224225,484,1998,0.25825825825825827,0.22622622622622623
三维高密度场景,3,1200,Ki_0.06,0.25,0.06,0.1,custom_pid,7,True,3938.581990975514,12.194272756576538,1000,1946,53.59219438768638,93.47342710803755,8.912887573242188,800.0,774.5348569793059,243,0.243,none,282425261789.7763,0.2527527527527528,505,1998,0.25825825825825827,0.24724724724724725
三维高密度场景,3,1200,Ki_0.06,0.25,0.06,0.1,custom_pid,8,True,3620.831846338026,11.969892263412476,1000,1904,43.21466802871859,94.03308594361953,8.743824005126953,800.0,758.0307161572243,211,0.211,none,294302013496.60455,0.23173173173173173,463,1998,0.23323323323323322,0.23023023023023023
三维高密度场景,3,1200,Ki_0.06,0.25,0.06,0.1,custom_pid,9,True,3193.1474525167614,12.301985263824463,1000,1942,49.98009015345739,99.4032070411332,9.013676643371582,800.0,805.8558807067227,212,0.212,none,275592523456.2734,0.24724724724724725,494,1998,0.2502502502502503,0.24424424424424424
三维高密度场景,3,1200,Ki_0.06,0.25,0.06,0.1,custom_pid,10,True,3102.908423993569,12.32533597946167,1000,1946,52.08854321098027,104.71434759908267,9.028925657272339,800.0,798.7460665220988,242,0.242,none,284527166276.4632,0.25075075075075076,501,1998,0.24924924924924924,0.25225225225225223
三维高密度场景,3,1200,Ki_0.06,0.25,0.06,0.1,custom_pid,11,True,3599.0645297746805,12.062411308288574,1000,1924,48.44403973701714,110.69354277207599,8.81452989578247,800.0,812.0370510078724,236,0.236,none,281234860276.88617,0.2577577577577578,515,1998,0.25225225225225223,0.26326326326326327
三维高密度场景,3,1200,Ki_0.06,0.25,0.06,0.1,custom_pid,12,True,3580.927198497016,11.953208684921265,1000,1908,47.10180475095233,99.65305355307517,8.713489294052124,800.0,786.0941291157457,249,0.249,none,280797662397.87854,0.24974974974974976,499,1998,0.2552552552552553,0.24424424424424424
三维高密度场景,3,1200,Ki_0.06,0.25,0.06,0.1,custom_pid,13,True,3226.826446840825,12.226964235305786,1000,1924,43.75887516693734,96.27446129044408,8.964035987854004,800.0,788.899061479627,240,0.24,none,282623986818.5958,0.23323323323323322,466,1998,0.23023023023023023,0.23623623623623624
三维高密度场景,3,1200,Ki_0.06,0.25,0.06,0.1,custom_pid,14,True,3824.1590589300354,12.193185567855835,1000,1938,44.591389344480625,83.75422119910077,8.905592441558838,800.0,811.0827632751885,237,0.237,none,292438237413.93536,0.25075075075075076,501,1998,0.24924924924924924,0.25225225225225223
三维高密度场景,3,1200,Ki_0.06,0.25,0.06,0.1,custom_pid,15,True,4530.560790309753,12.093629598617554,1000,1923,46.73266788960829,89.39818287299235,8.828949213027954,800.0,777.8118406831223,244,0.244,none,285009484265.8154,0.23423423423423423,468,1998,0.22822822822822822,0.24024024024024024
三维高密度场景,3,1200,Ki_0.06,0.25,0.06,0.1,custom_pid,16,True,3889.2648538698977,11.893633127212524,1000,1899,50.96760444351072,95.36047943752752,8.672565937042236,800.0,778.0659933780306,239,0.239,none,282529103180.6863,0.24124124124124124,482,1998,0.24924924924924924,0.23323323323323322
三维高密度场景,3,1200,Ki_0.06,0.25,0.06,0.1,custom_pid,17,True,4060.260001927746,12.238627672195435,1000,1928,51.171382768692254,117.13896253872325,8.96402883529663,800.0,769.4555930143015,233,0.233,none,277215735369.2036,0.24724724724724725,494,1998,0.22122122122122123,0.2732732732732733
三维高密度场景,3,1200,Ki_0.06,0.25,0.06,0.1,custom_pid,18,True,3926.02873427523,12.178929805755615,1000,1914,45.23246894562579,112.92990589892828,8.93196439743042,800.0,798.819625303569,250,0.25,none,271912207771.78497,0.23873873873873874,477,1998,0.24024024024024024,0.23723723723723725
三维高密度场景,3,1200,Ki_0.06,0.25,0.06,0.1,custom_pid,19,True,2714.8941295788622,12.145298480987549,1000,1927,50.28232848539421,94.27176147718714,8.880024194717407,800.0,788.5217167119852,237,0.237,none,286442028173.8607,0.23773773773773774,475,1998,0.22822822822822822,0.24724724724724725
三维高密度场景,3,1200,Ki_0.06,0.25,0.06,0.1,custom_pid,20,True,3293.2417809816097,12.198899745941162,1000,1925,59.189113358105736,99.30269016834728,8.94714903831482,800.0,787.4766339770031,215,0.215,none,274107912736.08847,0.22522522522522523,450,1998,0.23523523523523523,0.21521521521521522
三维高密度场景,3,1200,Ki_0.06,0.25,0.06,0.1,custom_pid,21,True,3437.5683791601014,12.31110167503357,1000,1938,48.04249999329934,97.20020224805897,9.039243459701538,800.0,785.8343097268526,241,0.241,none,294645142544.4306,0.24324324324324326,486,1998,0.23823823823823823,0.24824824824824826
三维高密度场景,3,1200,Ki_0.06,0.25,0.06,0.1,custom_pid,22,True,3713.4042927941023,12.28374457359314,1000,1939,46.34281872269606,100.17340945267989,9.002208948135376,800.0,780.4131896954681,224,0.224,none,291118525725.5839,0.23773773773773774,475,1998,0.23623623623623624,0.23923923923923923
三维高密度场景,3,1200,Ki_0.06,0.25,0.06,0.1,custom_pid,23,True,3787.6575903894964,12.21686577796936,1000,1920,45.52093701856827,86.88475658664623,8.96594762802124,800.0,833.0037239471723,242,0.242,none,289334217833.6062,0.25575575575575576,511,1998,0.25225225225225223,0.25925925925925924
三维高密度场景,3,1200,Ki_0.06,0.25,0.06,0.1,custom_pid,24,True,3293.3734939638925,12.211806774139404,1000,1934,47.8231311557707,125.51862106847767,8.938064336776733,800.0,795.1416601858793,241,0.241,none,284427809453.5213,0.23773773773773774,475,1998,0.23323323323323322,0.24224224224224225
三维高密度场景,3,1200,Ki_0.06,0.25,0.06,0.1,custom_pid,25,True,3973.3872487380127,12.123605966567993,1000,1914,48.902493989173,135.96156505370718,8.886178255081177,800.0,797.1957882007302,225,0.225,none,280314995275.0084,0.25625625625625625,512,1998,0.25925925925925924,0.25325325325325326
三维高密度场景,3,1200,Ki_0.06,0.25,0.06,0.1,custom_pid,26,True,3357.0320415240167,12.208664655685425,1000,1946,47.78431098929604,104.24389830950166,8.92117428779602,800.0,769.065256214249,236,0.236,none,278080986924.54315,0.23923923923923923,478,1998,0.23423423423423423,0.24424424424424424
三维高密度场景,3,1200,Ki_0.06,0.25,0.06,0.1,custom_pid,27,True,3155.388310917727,12.20227599143982,1000,1938,49.45498412760621,113.96289529501585,8.936777114868164,800.0,828.2349492900645,200,0.2,none,280117874904.4083,0.2677677677677678,535,1998,0.26426426426426425,0.27127127127127126
三维高密度场景,3,1200,Ki_0.06,0.25,0.06,0.1,custom_pid,28,True,2937.04910318958,12.03555154800415,1000,1925,49.68875011319793,100.9064141925328,8.786815643310547,800.0,773.5735652494375,247,0.247,none,283636400797.0418,0.23723723723723725,474,1998,0.21921921921921922,0.2552552552552553
三维高密度场景,3,1200,Ki_0.06,0.25,0.06,0.1,custom_pid,29,True,3387.509808791301,12.048257112503052,1000,1930,44.625001058876265,103.98392322556799,8.784591674804688,800.0,766.6991275285446,252,0.252,none,281061950548.9638,0.23573573573573572,471,1998,0.21921921921921922,0.25225225225225223
三维高密度场景,3,1200,Ki_0.06,0.25,0.06,0.1,custom_pid,30,True,2939.009400306021,12.07043170928955,1000,1921,48.718202328523525,95.4740823635757,8.802171230316162,800.0,814.2643462940309,243,0.243,none,271692849594.6479,0.24624624624624625,492,1998,0.2502502502502503,0.24224224224224225
三维高密度场景,3,1200,Kd_0.06,0.25,0.04,0.06,custom_pid,1,True,2902.3459192077553,11.79115343093872,1000,1881,48.54077122101009,117.79245668095437,8.598655700683594,800.0,792.1890648543175,207,0.207,none,244658892521.94943,0.26476476476476474,529,1998,0.25325325325325326,0.27627627627627627
三维高密度场景,3,1200,Kd_0.06,0.25,0.04,0.06,custom_pid,2,True,3745.696246612158,12.320014238357544,1000,1951,46.20509275434448,95.9387102258011,9.005921363830566,800.0,881.6689817213982,235,0.235,none,250782248817.45026,0.29179179179179177,583,1998,0.2992992992992993,0.28428428428428426
三维高密度场景,3,1200,Kd_0.06,0.25,0.04,0.06,custom_pid,3,True,3871.956324498514,12.147645473480225,1000,1908,47.097831427377926,94.15275688534287,8.899169445037842,800.0,827.0496182681135,217,0.217,none,240252548398.3482,0.27177177177177175,543,1998,0.27627627627627627,0.2672672672672673
三维高密度场景,3,1200,Kd_0.06,0.25,0.04,0.06,custom_pid,4,True,2694.1850563357825,12.20562744140625,1000,1933,61.57031442465138,129.15300016209676,8.92177939414978,800.0,811.9316881209946,210,0.21,none,253435925210.96185,0.25375375375375375,507,1998,0.24824824824824826,0.25925925925925924
三维高密度场景,3,1200,Kd_0.06,0.25,0.04,0.06,custom_pid,5,True,3664.9941483147704,12.16296124458313,1000,1944,50.405697717655336,92.12545311284464,8.865521907806396,800.0,801.2042933615875,244,0.244,none,246487576154.59912,0.24124124124124124,482,1998,0.24624624624624625,0.23623623623623624
三维高密度场景,3,1200,Kd_0.06,0.25,0.04,0.06,custom_pid,6,True,3163.609771219691,2.046443462371826,258,491,45.33224277841848,91.0548279624578,0.4287221431732178,58.0,579.745419951051,53,0.2054263565891473,none,244066815150.1191,0.24708171206225682,127,514,0.22568093385214008,0.26848249027237353
三维高密度场景,3,1200,Kd_0.06,0.25,0.04,0.06,custom_pid,7,True,3313.9545459488445,12.064154148101807,1000,1925,46.94084073630699,97.53379541509005,8.786643743515015,800.0,776.4255748139763,263,0.263,none,248560437252.8838,0.2552552552552553,510,1998,0.24724724724724725,0.26326326326326327
三维高密度场景,3,1200,Kd_0.06,0.25,0.04,0.06,custom_pid,8,True,3186.753669070875,12.212867259979248,1000,1922,46.83388893207187,95.15699906674747,8.943461894989014,800.0,848.9677299292513,230,0.23,none,244173748931.64932,0.27927927927927926,558,1998,0.28428428428428426,0.27427427427427425
三维高密度场景,3,1200,Kd_0.06,0.25,0.04,0.06,custom_pid,9,True,4251.792119427838,12.280146837234497,1000,1929,46.750059178878985,100.31349674417379,8.993368864059448,800.0,835.9675945771803,237,0.237,none,235012370742.38184,0.2672672672672673,534,1998,0.2702702702702703,0.26426426426426425
三维高密度场景,3,1200,Kd_0.06,0.25,0.04,0.06,custom_pid,10,True,3338.4140269609425,12.471490383148193,1000,1954,47.47484831729161,158.19111492703195,9.154233455657959,800.0,776.6148852143316,229,0.229,none,254642479844.20282,0.24974974974974976,499,1998,0.24724724724724725,0.25225225225225223
三维高密度场景,3,1200,Kd_0.06,0.25,0.04,0.06,custom_pid,11,True,4301.283713860335,12.415280103683472,1000,1933,46.001862220553086,185.20353190216383,9.124587535858154,800.0,797.8541558193114,212,0.212,none,248369584217.20963,0.24824824824824826,496,1998,0.24824824824824826,0.24824824824824826
三维高密度场景,3,1200,Kd_0.06,0.25,0.04,0.06,custom_pid,12,True,3191.731366293285,12.165407419204712,1000,1929,45.282366878865176,82.99142320092797,8.897953271865845,800.0,816.4232029440109,228,0.228,none,245365202904.19846,0.2702702702702703,540,1998,0.2702702702702703,0.2702702702702703
三维高密度场景,3,1200,Kd_0.06,0.25,0.04,0.06,custom_pid,13,True,3265.6910040198927,6.959836721420288,699,1351,46.55768132400458,103.13698354944034,4.484623908996582,499.0,747.7693518124937,166,0.2374821173104435,none,250373408927.8208,0.26432664756446994,369,1396,0.2664756446991404,0.2621776504297994
三维高密度场景,3,1200,Kd_0.06,0.25,0.04,0.06,custom_pid,14,True,3237.801807325338,12.1004478931427,1000,1917,44.63402180850641,104.98755501900153,8.847498416900635,800.0,816.9020351636576,240,0.24,none,246530990573.59933,0.2677677677677678,535,1998,0.27127127127127126,0.26426426426426425
三维高密度场景,3,1200,Kd_0.06,0.25,0.04,0.06,custom_pid,15,True,3371.7166299065548,12.150680303573608,1000,1930,53.65464520320438,103.9495639453373,8.871935367584229,800.0,823.6902615099254,215,0.215,none,255209210601.1383,0.25925925925925924,518,1998,0.26226226226226224,0.25625625625625625
三维高密度场景,3,1200,Kd_0.06,0.25,0.04,0.06,custom_pid,16,True,3088.9432628597865,1.9579918384552002,245,472,48.40105384456473,99.19569484579088,0.3362112045288086,45.0,580.6780408190112,53,0.2163265306122449,none,244346895291.5263,0.23770491803278687,116,488,0.2581967213114754,0.21721311475409835
三维高密度场景,3,1200,Kd_0.06,0.25,0.04,0.06,custom_pid,17,True,3130.9730343903393,2.3635811805725098,291,560,45.85685246613788,105.64922148476454,0.6764047145843506,91.0,671.0928235945457,55,0.18900343642611683,none,243056499540.9116,0.3017241379310345,175,580,0.28620689655172415,0.31724137931034485
三维高密度场景,3,1200,Kd_0.06,0.25,0.04,0.06,custom_pid,18,True,2956.0300274931624,12.232215642929077,1000,1930,46.47489227420735,103.29351665915081,8.947650909423828,800.0,850.8256214681832,220,0.22,none,260514365396.26395,0.26376376376376376,527,1998,0.2732732732732733,0.25425425425425424
三维高密度场景,3,1200,Kd_0.06,0.25,0.04,0.06,custom_pid,19,True,3208.804986119795,12.33713150024414,1000,1939,44.000543003960324,126.98699907129986,9.04114317893982,800.0,804.8617740325336,217,0.217,none,244526445068.26944,0.2797797797797798,559,1998,0.2752752752752753,0.28428428428428426
三维高密度场景,3,1200,Kd_0.06,0.25,0.04,0.06,custom_pid,20,True,2990.7589564106433,12.148517370223999,1000,1897,45.28005629149909,92.82102362236729,8.925122261047363,800.0,793.7725791337078,222,0.222,none,248339761834.8862,0.2577577577577578,515,1998,0.26226226226226224,0.25325325325325326
三维高密度场景,3,1200,Kd_0.06,0.25,0.04,0.06,custom_pid,21,True,3058.7456221918023,2.2892508506774902,284,533,46.454478679111396,104.26586108992042,0.6331801414489746,84.0,593.0094123550258,52,0.18309859154929578,none,244769971162.11752,0.2508833922261484,142,566,0.23674911660777384,0.26501766784452296
三维高密度场景,3,1200,Kd_0.06,0.25,0.04,0.06,custom_pid,22,True,2733.3164992548755,12.249757289886475,1000,1935,48.61356615246497,122.44302398738846,8.970064401626587,800.0,785.385329652099,265,0.265,none,248481013789.35086,0.26226226226226224,524,1998,0.24124124124124124,0.2832832832832833
三维高密度场景,3,1200,Kd_0.06,0.25,0.04,0.06,custom_pid,23,True,3110.5987896037173,12.096541404724121,1000,1922,56.70986303377727,107.32815881255449,8.827407360076904,800.0,749.4679482385478,236,0.236,none,236638027039.56363,0.2247247247247247,449,1998,0.2182182182182182,0.23123123123123124
三维高密度场景,3,1200,Kd_0.06,0.25,0.04,0.06,custom_pid,24,True,2783.765556547467,12.319236516952515,1000,1945,45.069884383169885,98.02683336445318,9.02163314819336,800.0,854.3017160685692,254,0.254,none,251798384149.75137,0.26676676676676675,533,1998,0.2782782782782783,0.2552552552552553
三维高密度场景,3,1200,Kd_0.06,0.25,0.04,0.06,custom_pid,25,True,4006.7823265156317,12.180457353591919,1000,1924,48.76649003655408,96.53688752019653,8.927573919296265,800.0,814.4084071097524,258,0.258,none,245312783129.79254,0.2807807807807808,561,1998,0.27927927927927926,0.2822822822822823
三维高密度场景,3,1200,Kd_0.06,0.25,0.04,0.06,custom_pid,26,True,3512.5905750693546,12.227766513824463,1000,1922,44.566289635177185,81.37340948201475,8.968433141708374,800.0,844.6606612256617,248,0.248,none,246368689352.9042,0.27677677677677676,553,1998,0.28428428428428426,0.26926926926926925
三维高密度场景,3,1200,Kd_0.06,0.25,0.04,0.06,custom_pid,27,True,4425.040110169832,12.120836734771729,1000,1913,47.289603654384855,86.85314546523463,8.86548399925232,800.0,807.5790483825612,242,0.242,none,248551994120.62668,0.26676676676676675,533,1998,0.2652652652652653,0.2682682682682683
三维高密度场景,3,1200,Kd_0.06,0.25,0.04,0.06,custom_pid,28,True,3177.4216542083063,12.216249704360962,1000,1926,45.17183687633554,95.54636793617185,8.956942081451416,800.0,790.9378391366635,228,0.228,none,250995658753.3489,0.24274274274274274,485,1998,0.25125125125125125,0.23423423423423423
三维高密度场景,3,1200,Kd_0.06,0.25,0.04,0.06,custom_pid,29,True,3276.254398309294,12.301368713378906,1000,1933,46.99094566485313,99.95356805846522,9.010887622833252,800.0,847.624644751151,230,0.23,none,247663862806.24976,0.2702702702702703,540,1998,0.27427427427427425,0.26626626626626626
三维高密度场景,3,1200,Kd_0.06,0.25,0.04,0.06,custom_pid,30,True,3348.4103223372003,12.341124057769775,1000,1950,52.10849182222507,100.46129068283206,9.027514934539795,800.0,801.3139363317383,227,0.227,none,256948445466.26578,0.25325325325325326,506,1998,0.25125125125125125,0.2552552552552553
三维高密度场景,3,1200,Kd_0.08,0.25,0.04,0.08,custom_pid,1,True,3015.674180613206,1.8704309463500977,240,445,47.62894866239004,82.03187905805274,0.29754090309143066,40.0,613.3381898926518,55,0.22916666666666666,none,244143559499.36212,0.26359832635983266,126,478,0.29707112970711297,0.2301255230125523
三维高密度场景,3,1200,Kd_0.08,0.25,0.04,0.08,custom_pid,2,True,3215.0690786603036,2.0597403049468994,258,497,44.857323296723315,75.4514811234882,0.4192802906036377,58.0,549.9672385101487,51,0.19767441860465115,none,243468942528.31116,0.26848249027237353,138,514,0.27626459143968873,0.2607003891050584
三维高密度场景,3,1200,Kd_0.08,0.25,0.04,0.08,custom_pid,3,True,3308.125852558953,4.741018056869507,524,1009,45.447634466485795,95.28894592381211,2.6809909343719482,324.0,730.0286348989288,100,0.19083969465648856,none,244441152886.3546,0.2925430210325048,306,1046,0.32122370936902483,0.2638623326959847
三维高密度场景,3,1200,Kd_0.08,0.25,0.04,0.08,custom_pid,4,True,3961.570179717857,12.313215494155884,1000,1938,44.93237409541405,95.67562784494051,9.024362802505493,800.0,810.6476221027337,227,0.227,none,252816879783.07257,0.25825825825825827,516,1998,0.26126126126126126,0.2552552552552553
三维高密度场景,3,1200,Kd_0.08,0.25,0.04,0.08,custom_pid,5,True,3490.5669694612434,3.990828275680542,452,882,43.88844204056138,97.97733829489627,2.0273101329803467,252.0,733.1130661459108,80,0.17699115044247787,none,247322856748.01434,0.2915742793791574,263,902,0.2838137472283814,0.29933481152993346
三维高密度场景,3,1200,Kd_0.08,0.25,0.04,0.08,custom_pid,6,True,3092.14613553727,12.205878734588623,1000,1906,42.841919702836265,82.85187237372406,8.971320390701294,800.0,815.3436986373637,246,0.246,none,236354564062.70337,0.24924924924924924,498,1998,0.24224224224224225,0.25625625625625625
三维高密度场景,3,1200,Kd_0.08,0.25,0.04,0.08,custom_pid,7,True,2915.089558556753,12.299091815948486,1000,1931,45.334417270639065,102.88964953658873,9.03312349319458,800.0,826.7123103251532,213,0.213,none,243473882894.03632,0.25575575575575576,511,1998,0.2722722722722723,0.23923923923923923
三维高密度场景,3,1200,Kd_0.08,0.25,0.04,0.08,custom_pid,8,True,3473.1158645294604,12.225168466567993,1000,1927,50.477247536581636,94.78249645354464,8.951578378677368,800.0,782.581183689479,229,0.229,none,250750959404.35223,0.25575575575575576,511,1998,0.24024024024024024,0.27127127127127126
三维高密度场景,3,1200,Kd_0.08,0.25,0.04,0.08,custom_pid,9,True,3803.4410036748395,12.265472650527954,1000,1928,48.56525051182139,97.36630589775353,9.006314992904663,800.0,809.2713567448303,221,0.221,none,249218966293.71405,0.24224224224224225,484,1998,0.24524524524524524,0.23923923923923923
三维高密度场景,3,1200,Kd_0.08,0.25,0.04,0.08,custom_pid,10,True,3412.1430456173603,12.15551471710205,1000,1918,45.23331396731498,103.3566011467729,8.900481462478638,800.0,820.5050727637285,238,0.238,none,238026778981.30023,0.25675675675675674,513,1998,0.26126126126126126,0.25225225225225223
三维高密度场景,3,1200,Kd_0.08,0.25,0.04,0.08,custom_pid,11,True,3247.5840885993516,12.135514974594116,1000,1912,52.42710894293197,86.42265390623429,8.889871835708618,800.0,812.0513821274377,211,0.211,none,242977466395.9314,0.2707707707707708,541,1998,0.2672672672672673,0.27427427427427425
三维高密度场景,3,1200,Kd_0.08,0.25,0.04,0.08,custom_pid,12,True,3825.632462296888,12.299388408660889,1000,1939,50.771995939335675,227.17313155723105,9.035287380218506,800.0,832.0819920875927,236,0.236,none,247571135823.83438,0.27677677677677676,553,1998,0.28128128128128127,0.2722722722722723
三维高密度场景,3,1200,Kd_0.08,0.25,0.04,0.08,custom_pid,13,True,3833.0746906482004,12.193223476409912,1000,1926,46.28161382960415,86.12236894007332,8.92221736907959,800.0,817.5952700856484,263,0.263,none,241343971479.5312,0.2697697697697698,539,1998,0.2672672672672673,0.2722722722722723
三维高密度场景,3,1200,Kd_0.08,0.25,0.04,0.08,custom_pid,14,True,3507.0028505112177,12.153123378753662,1000,1901,48.50397979004958,105.29551961713524,8.92187786102295,800.0,830.1405047741949,215,0.215,none,237595814615.45245,0.26176176176176175,523,1998,0.26926926926926925,0.25425425425425424
三维高密度场景,3,1200,Kd_0.08,0.25,0.04,0.08,custom_pid,15,True,2917.1812532859035,1.979238748550415,243,464,47.834016839756885,93.63144340146559,0.33962178230285645,43.0,586.523090374261,57,0.2345679012345679,none,243230116603.4393,0.25413223140495866,123,484,0.2396694214876033,0.26859504132231404
三维高密度场景,3,1200,Kd_0.08,0.25,0.04,0.08,custom_pid,16,True,3647.8211141768384,12.260825395584106,1000,1947,47.22846793108017,103.53114502652049,8.96398377418518,800.0,819.3012292701966,215,0.215,none,245062215616.77606,0.27677677677677676,553,1998,0.2752752752752753,0.2782782782782783
三维高密度场景,3,1200,Kd_0.08,0.25,0.04,0.08,custom_pid,17,True,2806.276628752471,12.325093984603882,1000,1943,44.68258003943993,100.21837710840684,9.02430510520935,800.0,827.2286788717681,240,0.24,none,244587161926.25253,0.2602602602602603,520,1998,0.25325325325325326,0.2672672672672673
三维高密度场景,3,1200,Kd_0.08,0.25,0.04,0.08,custom_pid,18,True,3089.470003982058,2.1633479595184326,269,515,49.5331879733281,85.4336135740663,0.5249767303466797,69.0,579.3795470982219,59,0.21933085501858737,none,245653323316.6741,0.23694029850746268,127,536,0.23507462686567165,0.23880597014925373
三维高密度场景,3,1200,Kd_0.08,0.25,0.04,0.08,custom_pid,19,True,2972.6163563053437,2.098238706588745,260,507,47.83750095211843,110.74103771313624,0.4528806209564209,60.0,587.0973899760206,52,0.2,none,244929851435.69263,0.2548262548262548,132,518,0.25868725868725867,0.25096525096525096
三维高密度场景,3,1200,Kd_0.08,0.25,0.04,0.08,custom_pid,20,True,3853.20711210043,11.881558656692505,1000,1908,43.1889676837367,100.35513123059839,8.640957117080688,800.0,830.303465812532,245,0.245,none,257211860013.23148,0.26326326326326327,526,1998,0.25225225225225223,0.27427427427427425
三维高密度场景,3,1200,Kd_0.08,0.25,0.04,0.08,custom_pid,21,True,3308.9519129700757,12.001875638961792,1000,1904,49.05114833996408,84.79017828789496,8.76326036453247,800.0,816.420533856165,216,0.216,none,249299861164.97116,0.2772772772772773,554,1998,0.2872872872872873,0.2672672672672673
三维高密度场景,3,1200,Kd_0.08,0.25,0.04,0.08,custom_pid,22,True,3474.9387656668987,12.185796022415161,1000,1923,46.854406464069754,93.49080427772546,8.925716876983643,800.0,792.877919935417,206,0.206,none,250638878882.19894,0.26176176176176175,523,1998,0.25225225225225223,0.27127127127127126
三维高密度场景,3,1200,Kd_0.08,0.25,0.04,0.08,custom_pid,23,True,3826.112693492962,12.148427963256836,1000,1934,48.666904405870035,96.89200291827638,8.878361225128174,800.0,795.9176968630409,225,0.225,none,245107006874.20688,0.26626626626626626,532,1998,0.25925925925925924,0.2732732732732733
三维高密度场景,3,1200,Kd_0.08,0.25,0.04,0.08,custom_pid,24,True,2860.381673732343,12.173285961151123,1000,1932,43.89265533041788,104.87835446212432,8.913413524627686,800.0,819.5882110677989,213,0.213,none,259627086269.51724,0.26326326326326327,526,1998,0.2672672672672673,0.25925925925925924
三维高密度场景,3,1200,Kd_0.08,0.25,0.04,0.08,custom_pid,25,True,4183.349079729684,12.216477632522583,1000,1943,49.474505734943335,90.07272019818755,8.922362089157104,800.0,828.6933390363332,247,0.247,none,250845711396.3505,0.26576576576576577,531,1998,0.2752752752752753,0.25625625625625625
三维高密度场景,3,1200,Kd_0.08,0.25,0.04,0.08,custom_pid,26,True,4448.767154049202,12.320173025131226,1000,1933,48.094205320113765,75.51600429651904,9.045114517211914,800.0,809.283686232453,244,0.244,none,250386405237.1392,0.26226226226226224,524,1998,0.27127127127127126,0.25325325325325326
三维高密度场景,3,1200,Kd_0.08,0.25,0.04,0.08,custom_pid,27,True,4013.865105045934,11.99378228187561,1000,1896,50.320013949680884,100.0829343823913,8.764033079147339,800.0,789.2218712491766,237,0.237,none,246420237452.76953,0.2527527527527528,505,1998,0.24724724724724725,0.25825825825825827
三维高密度场景,3,1200,Kd_0.08,0.25,0.04,0.08,custom_pid,28,True,3025.7544497679655,2.421325206756592,299,565,43.710910618843165,97.70611440097424,0.7402701377868652,99.0,662.0971736411192,61,0.2040133779264214,none,243370444826.4054,0.2684563758389262,160,596,0.28187919463087246,0.2550335570469799
三维高密度场景,3,1200,Kd_0.08,0.25,0.04,0.08,custom_pid,29,True,3394.1797087399386,12.16036581993103,1000,1918,48.22772005155268,100.96519722818708,8.90718674659729,800.0,852.8928467007042,224,0.224,none,237657348702.906,0.2577577577577578,515,1998,0.26426426426426425,0.25125125125125125
三维高密度场景,3,1200,Kd_0.08,0.25,0.04,0.08,custom_pid,30,True,3893.8744214438025,12.226175308227539,1000,1927,48.88549065400663,86.91304612396017,8.953856468200684,800.0,801.9717161372038,231,0.231,none,250748874508.85294,0.25675675675675674,513,1998,0.23923923923923923,0.27427427427427425
三维高密度场景,3,1200,Kd_0.12,0.25,0.04,0.12000000000000001,custom_pid,1,True,3705.1072330756497,12.01383113861084,1000,1917,45.184527868947384,93.64226168601898,8.743749618530273,800.0,817.9468823258799,256,0.256,none,253998102511.14896,0.26576576576576577,531,1998,0.26326326326326327,0.2682682682682683
三维高密度场景,3,1200,Kd_0.12,0.25,0.04,0.12000000000000001,custom_pid,2,True,3284.0116523915167,12.209792852401733,1000,1934,48.397984611384715,105.66711140016449,8.919869422912598,800.0,784.5484208825692,232,0.232,none,245206242392.7299,0.2577577577577578,515,1998,0.25725725725725723,0.25825825825825827
三维高密度场景,3,1200,Kd_0.12,0.25,0.04,0.12000000000000001,custom_pid,3,True,3282.068842660208,9.908538103103638,866,1653,50.63426444818991,78.77205444758297,6.425754547119141,666.0,765.0026507572745,215,0.24826789838337182,none,243588710669.48428,0.2630057803468208,455,1730,0.2543352601156069,0.27167630057803466
三维高密度场景,3,1200,Kd_0.12,0.25,0.04,0.12000000000000001,custom_pid,4,True,3393.040395341045,12.13685154914856,1000,1928,43.22887677626095,104.44664852558255,8.884161472320557,800.0,794.1171626010992,238,0.238,none,243650127723.86932,0.23873873873873874,477,1998,0.24424424424424424,0.23323323323323322
三维高密度场景,3,1200,Kd_0.12,0.25,0.04,0.12000000000000001,custom_pid,5,True,3142.932399244046,2.125689744949341,264,511,47.76003997006861,95.53514004571234,0.4900984764099121,64.0,620.0457253491128,49,0.1856060606060606,none,245325130606.56494,0.25285171102661597,133,526,0.23954372623574144,0.2661596958174905
三维高密度场景,3,1200,Kd_0.12,0.25,0.04,0.12000000000000001,custom_pid,6,True,3586.201036952853,12.021674156188965,1000,1915,50.867773174667946,84.49453313506068,8.784748792648315,800.0,830.2277098099287,234,0.234,none,239318750491.97278,0.24624624624624625,492,1998,0.25825825825825827,0.23423423423423423
三维高密度场景,3,1200,Kd_0.12,0.25,0.04,0.12000000000000001,custom_pid,7,True,3105.018593955094,4.068519115447998,466,893,48.11051805582749,91.24142439024763,2.1336631774902344,266.0,648.2507507246512,106,0.22746781115879827,none,240751801729.16452,0.24408602150537634,227,930,0.24086021505376345,0.24731182795698925
三维高密度场景,3,1200,Kd_0.12,0.25,0.04,0.12000000000000001,custom_pid,8,True,3706.516068847001,12.31544041633606,1000,1939,46.87757123639921,89.48351089346771,9.036404371261597,800.0,832.8073484048305,241,0.241,none,244407899553.9475,0.27877877877877877,557,1998,0.2732732732732733,0.28428428428428426
三维高密度场景,3,1200,Kd_0.12,0.25,0.04,0.12000000000000001,custom_pid,9,True,3037.176423990555,11.970924139022827,1000,1906,48.82681070343782,110.26075049259165,8.736279010772705,800.0,829.9389146217803,242,0.242,none,251514786561.90323,0.2677677677677678,535,1998,0.2752752752752753,0.2602602602602603
三维高密度场景,3,1200,Kd_0.12,0.25,0.04,0.12000000000000001,custom_pid,10,True,3136.581968751012,2.130579710006714,266,513,46.503121865490485,108.50573992048112,0.4996302127838135,66.0,605.9276960765144,50,0.18796992481203006,none,245542570167.38126,0.2490566037735849,132,530,0.22264150943396227,0.27547169811320754
三维高密度场景,3,1200,Kd_0.12,0.25,0.04,0.12000000000000001,custom_pid,11,True,3162.486983394606,12.088136434555054,1000,1933,45.98346462656102,91.90443442889433,8.818061351776123,800.0,787.2402322231385,249,0.249,none,242159257622.05392,0.24524524524524524,490,1998,0.24124124124124124,0.24924924924924924
三维高密度场景,3,1200,Kd_0.12,0.25,0.04,0.12000000000000001,custom_pid,12,True,3415.2288109816973,12.293692111968994,1000,1942,49.55039742543603,102.83963564827201,8.990726232528687,800.0,808.5641558519732,229,0.229,none,252097309201.86517,0.28178178178178176,563,1998,0.27627627627627627,0.2872872872872873
三维高密度场景,3,1200,Kd_0.12,0.25,0.04,0.12000000000000001,custom_pid,13,True,3965.3200616804247,12.114351272583008,1000,1910,47.883632467286056,77.18211053495199,8.877300262451172,800.0,796.5250902407374,230,0.23,none,247683950372.74023,0.25375375375375375,507,1998,0.24924924924924924,0.25825825825825827
三维高密度场景,3,1200,Kd_0.12,0.25,0.04,0.12000000000000001,custom_pid,14,True,2882.3086657389813,12.412389993667603,1000,1923,44.26513492910558,95.75645844570674,9.156880617141724,800.0,807.9755646462838,219,0.219,none,258626522187.93616,0.25725725725725723,514,1998,0.25225225225225223,0.26226226226226224
三维高密度场景,3,1200,Kd_0.12,0.25,0.04,0.12000000000000001,custom_pid,15,True,3957.297865109925,6.394464492797852,666,1266,51.43836371614562,91.47297601207237,4.055110454559326,466.0,771.2802879923416,130,0.19519519519519518,none,248009946564.4933,0.2736842105263158,364,1330,0.3007518796992481,0.24661654135338346
三维高密度场景,3,1200,Kd_0.12,0.25,0.04,0.12000000000000001,custom_pid,16,True,2649.591553063803,12.18702220916748,1000,1933,55.117138056846485,146.1449657739591,8.932770729064941,800.0,808.3749018539203,216,0.216,none,253330354143.99945,0.26226226226226224,524,1998,0.26926926926926925,0.2552552552552553
三维高密度场景,3,1200,Kd_0.12,0.25,0.04,0.12000000000000001,custom_pid,17,True,3066.448674740179,12.09174919128418,1000,1922,38.919542021317504,103.95635980388917,8.83923053741455,800.0,799.8975480799604,205,0.205,none,243379328310.07666,0.27377377377377377,547,1998,0.27427427427427425,0.2732732732732733
三维高密度场景,3,1200,Kd_0.12,0.25,0.04,0.12000000000000001,custom_pid,18,True,3518.0161892277283,12.367285013198853,1000,1928,53.79976839137931,126.02272901066668,9.090893983840942,800.0,818.9301073874183,247,0.247,none,248255701987.94055,0.26426426426426425,528,1998,0.2802802802802803,0.24824824824824826
三维高密度场景,3,1200,Kd_0.12,0.25,0.04,0.12000000000000001,custom_pid,19,True,2857.8485680826034,12.03724193572998,1000,1897,45.773221099217636,120.58982387834253,8.830602407455444,800.0,811.0102248199037,246,0.246,none,243246655161.73083,0.2722722722722723,544,1998,0.26426426426426425,0.2802802802802803
三维高密度场景,3,1200,Kd_0.12,0.25,0.04,0.12000000000000001,custom_pid,20,True,4210.839135239901,12.153862476348877,1000,1931,48.49268730136065,151.9363194412068,8.880553960800171,800.0,810.2042355107017,237,0.237,none,256416541839.99002,0.2772772772772773,554,1998,0.26426426426426425,0.2902902902902903
三维高密度场景,3,1200,Kd_0.12,0.25,0.04,0.12000000000000001,custom_pid,21,True,3538.8993467434484,12.227344751358032,1000,1925,47.46102176940072,99.82741508578704,8.974327564239502,800.0,804.6368041344169,238,0.238,none,246840168133.36493,0.26676676676676675,533,1998,0.26626626626626626,0.2672672672672673
三维高密度场景,3,1200,Kd_0.12,0.25,0.04,0.12000000000000001,custom_pid,22,True,3251.3996286386027,12.214364290237427,1000,1938,47.41494071895793,105.82259264102295,8.934354305267334,800.0,821.7461949982523,220,0.22,none,241400054057.09006,0.26926926926926925,538,1998,0.25925925925925924,0.27927927927927926
三维高密度场景,3,1200,Kd_0.12,0.25,0.04,0.12000000000000001,custom_pid,23,True,3919.787481871654,12.165237665176392,1000,1920,47.33122476169765,88.73823423462554,8.917706966400146,800.0,825.885289077127,213,0.213,none,249009205156.07797,0.26576576576576577,531,1998,0.2652652652652653,0.26626626626626626
三维高密度场景,3,1200,Kd_0.12,0.25,0.04,0.12000000000000001,custom_pid,24,True,3055.288665640659,11.863712310791016,1000,1879,42.81559898621341,113.74722667657356,8.662657499313354,800.0,804.2792625015468,240,0.24,none,248662830999.3714,0.25175175175175174,503,1998,0.25925925925925924,0.24424424424424424
三维高密度场景,3,1200,Kd_0.12,0.25,0.04,0.12000000000000001,custom_pid,25,True,3613.4007091744456,12.05433201789856,1000,1906,45.03521025922413,90.06316468896452,8.827849864959717,800.0,806.0758900167393,200,0.2,none,236531113182.1676,0.24274274274274274,485,1998,0.26326326326326327,0.2222222222222222
三维高密度场景,3,1200,Kd_0.12,0.25,0.04,0.12000000000000001,custom_pid,26,True,3391.561255737393,12.016858100891113,982,1896,46.21204965269007,88.25468393956774,8.20752739906311,782.0,818.8054093887687,212,0.2158859470468432,none,244726130451.26443,0.2650356778797146,520,1962,0.2742099898063201,0.2558613659531091
三维高密度场景,3,1200,Kd_0.12,0.25,0.04,0.12000000000000001,custom_pid,27,True,3684.7680986898376,12.155532598495483,1000,1914,50.53019401819067,93.49520210724218,8.909635543823242,800.0,807.9772502618737,238,0.238,none,236743246411.58163,0.26576576576576577,531,1998,0.2652652652652653,0.26626626626626626
三维高密度场景,3,1200,Kd_0.12,0.25,0.04,0.12000000000000001,custom_pid,28,True,3588.7907007286312,12.093138456344604,1000,1905,46.35646995216136,98.43232546021216,8.869248390197754,800.0,829.1072197174406,236,0.236,none,234697308166.9666,0.26376376376376376,527,1998,0.26426426426426425,0.26326326326326327
三维高密度场景,3,1200,Kd_0.12,0.25,0.04,0.12000000000000001,custom_pid,29,True,3070.8934969385186,12.16572093963623,1000,1922,43.200941175919695,103.57822150760879,8.908436298370361,800.0,838.8706802082976,212,0.212,none,245154720236.09015,0.2797797797797798,559,1998,0.2722722722722723,0.2872872872872873
三维高密度场景,3,1200,Kd_0.12,0.25,0.04,0.12000000000000001,custom_pid,30,True,3348.5011710181398,11.953981399536133,1000,1907,49.296696619435174,100.21630757022643,8.706063032150269,800.0,857.9629220793614,236,0.236,none,250619094148.71448,0.2827827827827828,565,1998,0.2802802802802803,0.2852852852852853
三维高密度场景,3,1200,Kd_0.14,0.25,0.04,0.14,custom_pid,1,True,3089.800738988273,12.181053638458252,1000,1927,48.10321464956141,102.35832150756224,8.907604694366455,800.0,825.5292698139544,226,0.226,none,263178491783.21136,0.26076076076076077,521,1998,0.26626626626626626,0.2552552552552553
三维高密度场景,3,1200,Kd_0.14,0.25,0.04,0.14,custom_pid,2,True,3858.1815625983654,12.239898204803467,1000,1924,47.992744456558505,179.68197228868772,8.965380668640137,800.0,813.1770492492049,249,0.249,none,253347099860.1253,0.2672672672672673,534,1998,0.2552552552552553,0.27927927927927926
三维高密度场景,3,1200,Kd_0.14,0.25,0.04,0.14,custom_pid,3,True,3793.6093586768975,12.08685040473938,1000,1915,53.15883054015222,116.00582383311854,8.837075471878052,800.0,821.191651556807,227,0.227,none,250715667202.50903,0.25625625625625625,512,1998,0.2602602602602603,0.25225225225225223
三维高密度场景,3,1200,Kd_0.14,0.25,0.04,0.14,custom_pid,4,True,4288.662535631812,12.034981489181519,1000,1899,49.6906845478659,96.38184766261213,8.813514471054077,800.0,831.589525362794,240,0.24,none,251123469093.45395,0.26176176176176175,523,1998,0.2882882882882883,0.23523523523523523
三维高密度场景,3,1200,Kd_0.14,0.25,0.04,0.14,custom_pid,5,True,3727.9010091733235,12.096404552459717,1000,1901,48.605128578457055,94.66665258897044,8.870691537857056,800.0,803.5044861124649,223,0.223,none,250682505763.476,0.25825825825825827,516,1998,0.25325325325325326,0.26326326326326327
三维高密度场景,3,1200,Kd_0.14,0.25,0.04,0.14,custom_pid,6,True,3595.0484796908177,12.16354489326477,1000,1925,53.329692189110965,86.8059541230397,8.894112586975098,800.0,788.4816864824317,225,0.225,none,240835347178.00797,0.25375375375375375,507,1998,0.26126126126126126,0.24624624624624625
三维高密度场景,3,1200,Kd_0.14,0.25,0.04,0.14,custom_pid,7,True,3223.4233155529137,4.047319173812866,466,879,49.476547528472494,100.68546007487623,2.104647159576416,266.0,677.8316086947527,105,0.22532188841201717,none,241564379244.58316,0.25268817204301075,235,930,0.23225806451612904,0.2731182795698925
三维高密度场景,3,1200,Kd_0.14,0.25,0.04,0.14,custom_pid,8,True,3982.4970372211155,12.024876832962036,1000,1910,51.62806732301837,143.2133184300161,8.797187805175781,800.0,823.4069185937891,234,0.234,none,248209517353.67322,0.26626626626626626,532,1998,0.25625625625625625,0.27627627627627627
三维高密度场景,3,1200,Kd_0.14,0.25,0.04,0.14,custom_pid,9,True,3204.948212204679,12.23053503036499,1000,1931,47.74511445552409,85.23555262978618,8.963988542556763,800.0,814.3041784446125,226,0.226,none,247415112030.59464,0.2697697697697698,539,1998,0.2722722722722723,0.2672672672672673
三维高密度场景,3,1200,Kd_0.14,0.25,0.04,0.14,custom_pid,10,True,4821.656557654482,12.053580284118652,1000,1922,46.5980696616841,103.58062208879329,8.793187856674194,800.0,837.8648591633913,236,0.236,none,254525366852.543,0.2722722722722723,544,1998,0.2822822822822823,0.26226226226226224
三维高密度场景,3,1200,Kd_0.14,0.25,0.04,0.14,custom_pid,11,True,3321.1290914195024,9.457699060440063,838,1585,47.58012918429912,106.45677872772995,6.003843784332275,638.0,763.7083615959391,186,0.22195704057279236,none,237671416494.1915,0.25627240143369173,429,1674,0.25925925925925924,0.2532855436081243
三维高密度场景,3,1200,Kd_0.14,0.25,0.04,0.14,custom_pid,12,True,3298.6952360848622,12.258750438690186,1000,1943,48.852674648882015,95.48817194465954,8.977070569992065,800.0,808.4748804424096,245,0.245,none,246528350807.44827,0.25475475475475473,509,1998,0.25725725725725723,0.25225225225225223
三维高密度场景,3,1200,Kd_0.14,0.25,0.04,0.14,custom_pid,13,True,2516.797738788847,12.400476932525635,1000,1950,47.21156627598854,101.96531818788569,9.092977046966553,800.0,819.1544141355038,233,0.233,none,254890417640.20715,0.27627627627627627,552,1998,0.2732732732732733,0.27927927927927926
三维高密度场景,3,1200,Kd_0.14,0.25,0.04,0.14,custom_pid,14,True,2755.334320360818,11.999781131744385,1000,1909,44.720682632910176,88.62410430061688,8.76935362815857,800.0,806.1184890178389,223,0.223,none,242361533170.08832,0.2807807807807808,561,1998,0.2862862862862863,0.2752752752752753
三维高密度场景,3,1200,Kd_0.14,0.25,0.04,0.14,custom_pid,15,True,3545.5084871520867,12.064299821853638,1000,1921,44.01791080719443,95.35533271161779,8.800131559371948,800.0,872.9709733668258,240,0.24,none,243953012602.5322,0.2782782782782783,556,1998,0.29429429429429427,0.26226226226226224
三维高密度场景,3,1200,Kd_0.14,0.25,0.04,0.14,custom_pid,16,True,4162.898384719323,12.109549760818481,1000,1930,45.028662688403415,83.02137219972776,8.846404314041138,800.0,824.0167907433498,245,0.245,none,233613924329.4043,0.27377377377377377,547,1998,0.2852852852852853,0.26226226226226224
三维高密度场景,3,1200,Kd_0.14,0.25,0.04,0.14,custom_pid,17,True,3849.6833535332325,12.103530406951904,1000,1921,45.92490922073185,93.20319604472292,8.851794242858887,800.0,797.4028255512598,224,0.224,none,256891143063.13733,0.25225225225225223,504,1998,0.24724724724724725,0.25725725725725723
三维高密度场景,3,1200,Kd_0.14,0.25,0.04,0.14,custom_pid,18,True,2993.7109599930463,11.997116804122925,1000,1924,47.13958155752698,91.7090834734025,8.731774806976318,800.0,790.1880629842182,227,0.227,none,250128438420.5901,0.26476476476476474,529,1998,0.25325325325325326,0.27627627627627627
三维高密度场景,3,1200,Kd_0.14,0.25,0.04,0.14,custom_pid,19,True,2998.0357202760533,12.217001914978027,1000,1938,56.099700078748214,95.80803347533691,8.926474332809448,800.0,812.7083608858924,238,0.238,none,250238851020.18265,0.24974974974974976,499,1998,0.24424424424424424,0.2552552552552553
三维高密度场景,3,1200,Kd_0.14,0.25,0.04,0.14,custom_pid,20,True,3910.3306249173247,12.115238904953003,1000,1924,51.74055183229695,87.89572554373203,8.84538745880127,800.0,819.3455910684208,209,0.209,none,248485850319.39035,0.25225225225225223,504,1998,0.26226226226226224,0.24224224224224225
三维高密度场景,3,1200,Kd_0.14,0.25,0.04,0.14,custom_pid,21,True,4159.253197235951,12.226149082183838,1000,1933,50.35210909950259,264.83536555249617,8.940721273422241,800.0,778.8833481263586,234,0.234,none,246932528754.50903,0.25625625625625625,512,1998,0.23423423423423423,0.2782782782782783
三维高密度场景,3,1200,Kd_0.14,0.25,0.04,0.14,custom_pid,22,True,4055.065907180341,12.404788970947266,1000,1946,57.476276149528196,161.53064043961837,9.105628728866577,800.0,796.7390812375738,221,0.221,none,253242892336.58475,0.26476476476476474,529,1998,0.26626626626626626,0.26326326326326327
三维高密度场景,3,1200,Kd_0.14,0.25,0.04,0.14,custom_pid,23,True,3636.1230031486893,12.181321620941162,1000,1934,48.57523325160044,92.38742851877694,8.905601024627686,800.0,883.3045599985455,245,0.245,none,246286373876.47644,0.2602602602602603,520,1998,0.2782782782782783,0.24224224224224225
三维高密度场景,3,1200,Kd_0.14,0.25,0.04,0.14,custom_pid,24,True,3678.4169586775724,12.107552528381348,1000,1908,51.41917124876232,105.06278291408108,8.865293264389038,800.0,797.8886887688011,227,0.227,none,244532293088.91376,0.2527527527527528,505,1998,0.24724724724724725,0.25825825825825827
三维高密度场景,3,1200,Kd_0.14,0.25,0.04,0.14,custom_pid,25,True,3257.066860513718,9.6884925365448,856,1651,53.7419623405976,97.35159426956206,6.308141231536865,656.0,781.2346280454655,192,0.22429906542056074,none,241753323729.56122,0.25146198830409355,430,1710,0.25029239766081873,0.25263157894736843
三维高密度场景,3,1200,Kd_0.14,0.25,0.04,0.14,custom_pid,26,True,3713.5528806700895,12.099977731704712,1000,1932,48.920021888289625,94.71726076305926,8.809946060180664,800.0,817.9352353184695,232,0.232,none,253675928851.16757,0.26626626626626626,532,1998,0.2652652652652653,0.2672672672672673
三维高密度场景,3,1200,Kd_0.14,0.25,0.04,0.14,custom_pid,27,True,3532.566114647085,10.642142057418823,909,1763,50.8421533949588,77.82754101663572,7.136469841003418,709.0,815.0998549825351,196,0.2156215621562156,none,239418519018.5693,0.28359030837004406,515,1816,0.28744493392070486,0.27973568281938327
三维高密度场景,3,1200,Kd_0.14,0.25,0.04,0.14,custom_pid,28,True,2880.7798926091373,12.104180812835693,1000,1911,52.31751739920261,140.71602019259643,8.867459774017334,800.0,869.0354077822244,248,0.248,none,244295081042.2404,0.28678678678678676,573,1998,0.2912912912912913,0.2822822822822823
三维高密度场景,3,1200,Kd_0.14,0.25,0.04,0.14,custom_pid,29,True,3600.2396973478026,12.309548139572144,1000,1927,53.05315689342855,96.98301931004204,9.039965391159058,800.0,779.0994405179727,214,0.214,none,247327098221.93286,0.24874874874874875,497,1998,0.24824824824824826,0.24924924924924924
三维高密度场景,3,1200,Kd_0.14,0.25,0.04,0.14,custom_pid,30,True,3241.873978728312,12.200296878814697,1000,1922,46.206954691547175,97.21665302988585,8.933301210403442,800.0,805.3813837362464,230,0.23,none,240083587710.5977,0.26576576576576577,531,1998,0.2682682682682683,0.26326326326326327
三维高密度场景,3,1200,All_Low,0.1,0.02,0.06,custom_pid,1,True,3690.1906275514903,12.279548645019531,1000,1915,43.04591745717209,83.53706625037827,9.00363540649414,800.0,844.93080312106,257,0.257,none,211689604127.72076,0.28928928928928926,578,1998,0.3053053053053053,0.2732732732732733
三维高密度场景,3,1200,All_Low,0.1,0.02,0.06,custom_pid,2,True,3533.7531500985388,12.319067239761353,1000,1927,49.0277003918903,101.61265363032072,9.044476985931396,800.0,832.1085237472738,218,0.218,none,215247611842.59183,0.2847847847847848,569,1998,0.2872872872872873,0.2822822822822823
三维高密度场景,3,1200,All_Low,0.1,0.02,0.06,custom_pid,3,True,3255.522129094692,12.303167819976807,1000,1941,54.766237554496534,114.98536802190578,8.994147777557373,800.0,828.5908588602961,232,0.232,none,209032894063.31604,0.27877877877877877,557,1998,0.2872872872872873,0.2702702702702703
三维高密度场景,3,1200,All_Low,0.1,0.02,0.06,custom_pid,4,True,3307.1948716560346,2.1541049480438232,267,510,46.050757412082895,93.75442077253904,0.5054395198822021,67.0,607.6880340525264,53,0.19850187265917604,none,210221061062.31552,0.2932330827067669,156,532,0.2744360902255639,0.31203007518796994
三维高密度场景,3,1200,All_Low,0.1,0.02,0.06,custom_pid,5,True,3789.787566644255,12.2879798412323,1000,1926,46.93624491490107,115.26624082317379,9.008300542831421,800.0,841.6100254530095,213,0.213,none,207387751542.33414,0.2732732732732733,546,1998,0.26326326326326327,0.2832832832832833
三维高密度场景,3,1200,All_Low,0.1,0.02,0.06,custom_pid,6,True,3413.3711666295717,12.104615688323975,1000,1906,46.90122612368515,99.22631625213393,8.844097375869751,800.0,797.0378106931853,235,0.235,none,215028788198.33298,0.27677677677677676,553,1998,0.2702702702702703,0.2832832832832833
三维高密度场景,3,1200,All_Low,0.1,0.02,0.06,custom_pid,7,True,3031.0273014175514,12.22465443611145,1000,1926,49.281804171760065,98.6692964452156,8.930192470550537,800.0,822.0860055500718,211,0.211,none,212036286609.0067,0.2877877877877878,575,1998,0.27927927927927926,0.2962962962962963
三维高密度场景,3,1200,All_Low,0.1,0.02,0.06,custom_pid,8,True,2823.947419616381,12.43148922920227,1000,1941,52.051276035115144,90.80421561090279,9.116024732589722,800.0,817.1913861804317,225,0.225,none,205629122767.47766,0.3008008008008008,601,1998,0.28928928928928926,0.3123123123123123
三维高密度场景,3,1200,All_Low,0.1,0.02,0.06,custom_pid,9,True,2827.476217836159,12.346551179885864,1000,1915,57.670589797937026,123.30264771281128,9.075327157974243,800.0,803.9629170129966,236,0.236,none,210418591926.67148,0.2577577577577578,515,1998,0.2652652652652653,0.2502502502502503
三维高密度场景,3,1200,All_Low,0.1,0.02,0.06,custom_pid,10,True,3789.439784135545,12.348512172698975,1000,1935,50.64036356482771,96.21517428917811,9.051002264022827,800.0,824.9134799600977,237,0.237,none,209894940080.56863,0.27627627627627627,552,1998,0.25925925925925924,0.2932932932932933
三维高密度场景,3,1200,All_Low,0.1,0.02,0.06,custom_pid,11,True,3866.695965524981,12.23498272895813,1000,1938,46.938703350185484,97.25064050950155,8.93178415298462,800.0,807.038374399159,246,0.246,none,209955568788.06668,0.2957957957957958,591,1998,0.2922922922922923,0.2992992992992993
三维高密度场景,3,1200,All_Low,0.1,0.02,0.06,custom_pid,12,True,2493.784458113234,12.2355215549469,1000,1931,57.02820536171887,134.95651514418296,8.93796181678772,800.0,801.4232887722934,237,0.237,none,212984325347.5467,0.2852852852852853,570,1998,0.26926926926926925,0.3013013013013013
三维高密度场景,3,1200,All_Low,0.1,0.02,0.06,custom_pid,13,True,2931.075811043851,12.214380264282227,1000,1931,48.13334571415715,166.01874232703042,8.92733359336853,800.0,843.3813276140806,239,0.239,none,210607503869.94806,0.2797797797797798,559,1998,0.2862862862862863,0.2732732732732733
三维高密度场景,3,1200,All_Low,0.1,0.02,0.06,custom_pid,14,True,3723.781832007391,12.435126066207886,1000,1943,50.07876451836953,98.1910051598504,9.130992650985718,800.0,826.2127145718873,265,0.265,none,211516733660.85477,0.28678678678678676,573,1998,0.2822822822822823,0.2912912912912913
三维高密度场景,3,1200,All_Low,0.1,0.02,0.06,custom_pid,15,True,3059.859576548194,12.303813219070435,1000,1928,47.505905822569474,84.79421659914935,9.003513097763062,800.0,830.4488588011326,242,0.242,none,208474258568.51257,0.2902902902902903,580,1998,0.2922922922922923,0.2882882882882883
三维高密度场景,3,1200,All_Low,0.1,0.02,0.06,custom_pid,16,True,3780.4403860747398,12.276175022125244,1000,1949,46.94750668748209,73.70757380487582,8.94553542137146,800.0,866.4227748425658,253,0.253,none,198663442932.8709,0.27377377377377377,547,1998,0.2872872872872873,0.2602602602602603
三维高密度场景,3,1200,All_Low,0.1,0.02,0.06,custom_pid,17,True,3416.208718827427,6.760008335113525,685,1316,49.233138816916956,109.66906514100425,4.326638221740723,485.0,754.275322443022,162,0.2364963503649635,none,207112999156.02917,0.2894736842105263,396,1368,0.2909356725146199,0.2880116959064328
三维高密度场景,3,1200,All_Low,0.1,0.02,0.06,custom_pid,18,True,3362.4927248645204,12.449456691741943,1000,1941,50.94197863872045,84.99896550508907,9.12373971939087,800.0,858.1401068125274,240,0.24,none,209413771300.50998,0.28128128128128127,562,1998,0.2752752752752753,0.2872872872872873
三维高密度场景,3,1200,All_Low,0.1,0.02,0.06,custom_pid,19,True,4078.452697059386,12.185717582702637,1000,1907,50.28559664443691,92.16459813753302,8.926618814468384,800.0,791.3741051253585,235,0.235,none,211494814216.08038,0.27627627627627627,552,1998,0.2702702702702703,0.2822822822822823
三维高密度场景,3,1200,All_Low,0.1,0.02,0.06,custom_pid,20,True,3311.1966150756157,12.085078716278076,1000,1911,49.118705440303735,93.00349111363573,8.82250165939331,800.0,804.3067482396425,239,0.239,none,211033684433.52075,0.2907907907907908,581,1998,0.2972972972972973,0.28428428428428426
三维高密度场景,3,1200,All_Low,0.1,0.02,0.06,custom_pid,21,True,3098.0628366833153,2.1083176136016846,261,503,44.54512103900554,84.1406497258186,0.4601011276245117,61.0,649.4412541629131,55,0.210727969348659,none,209477805311.16336,0.3096153846153846,161,520,0.3384615384615385,0.28076923076923077
三维高密度场景,3,1200,All_Low,0.1,0.02,0.06,custom_pid,22,True,3331.316819874902,7.104757785797119,714,1346,48.89831949846113,97.38093735718633,4.596777677536011,514.0,733.866182020734,159,0.22268907563025211,none,212986852773.55444,0.2594670406732118,370,1426,0.24123422159887797,0.2776998597475456
三维高密度场景,3,1200,All_Low,0.1,0.02,0.06,custom_pid,23,True,3187.1758800727075,12.3533353805542,1000,1943,53.16513673993675,107.56010213585114,9.021853685379028,800.0,822.6325361242843,232,0.232,none,219213906512.29224,0.2807807807807808,561,1998,0.2852852852852853,0.27627627627627627
三维高密度场景,3,1200,All_Low,0.1,0.02,0.06,custom_pid,24,True,3813.0911161474264,12.087661504745483,1000,1907,48.954743532353746,79.29639817306668,8.821985483169556,800.0,842.7135640000462,246,0.246,none,211210539733.1063,0.27927927927927926,558,1998,0.2982982982982983,0.2602602602602603
三维高密度场景,3,1200,All_Low,0.1,0.02,0.06,custom_pid,25,True,3576.8621533605324,4.070806264877319,457,886,50.510227084422446,92.95983382193286,2.081623077392578,257.0,715.2662432729616,107,0.23413566739606126,none,210209728330.16714,0.29605263157894735,270,912,0.3092105263157895,0.28289473684210525
三维高密度场景,3,1200,All_Low,0.1,0.02,0.06,custom_pid,26,True,3246.1828735327044,2.229403018951416,276,527,44.88187025779465,101.67202151265805,0.5686471462249756,76.0,622.7990736892126,58,0.21014492753623187,none,209705590045.32748,0.2581818181818182,142,550,0.2909090909090909,0.22545454545454546
三维高密度场景,3,1200,All_Low,0.1,0.02,0.06,custom_pid,27,True,3559.457340351007,12.246865034103394,1000,1919,45.70072060615378,90.87421058999594,8.963111877441406,800.0,793.7663512808556,261,0.261,none,217650142945.8822,0.2732732732732733,546,1998,0.26226226226226224,0.28428428428428426
三维高密度场景,3,1200,All_Low,0.1,0.02,0.06,custom_pid,28,True,3076.5064090247406,12.341372728347778,1000,1920,48.262953861436266,99.585470925829,9.068938732147217,800.0,859.6358746433008,249,0.249,none,209374976489.5096,0.27627627627627627,552,1998,0.2962962962962963,0.25625625625625625
三维高密度场景,3,1200,All_Low,0.1,0.02,0.06,custom_pid,29,True,2981.441401493942,12.29992151260376,1000,1927,41.96496070383926,100.99725850292346,9.006412267684937,800.0,813.5550103433476,202,0.202,none,219998292655.85934,0.26576576576576577,531,1998,0.2602602602602603,0.27127127127127126
三维高密度场景,3,1200,All_Low,0.1,0.02,0.06,custom_pid,30,True,3061.736604556656,12.142374515533447,1000,1905,46.053011611096,109.6802973333082,8.88526964187622,800.0,815.8157630245803,217,0.217,none,205660273009.44257,0.26926926926926925,538,1998,0.2872872872872873,0.25125125125125125
三维高密度场景,3,1200,All_High,0.4,0.06,0.14,custom_pid,1,True,3800.5642264899357,12.184471845626831,1000,1929,46.639431187536495,119.15419841494825,8.893335103988647,800.0,806.3967085650803,237,0.237,none,273123489632.72577,0.23523523523523523,470,1998,0.23323323323323322,0.23723723723723725
三维高密度场景,3,1200,All_High,0.4,0.06,0.14,custom_pid,2,True,3655.377177251506,12.03936219215393,1000,1899,47.17196348924566,107.35177260293328,8.795471668243408,800.0,785.4576474677624,225,0.225,none,284577756183.12115,0.23023023023023023,460,1998,0.23523523523523523,0.22522522522522523
三维高密度场景,3,1200,All_High,0.4,0.06,0.14,custom_pid,3,True,3195.983994190452,12.437129259109497,1000,1934,55.00786574283009,101.48129958961019,9.145026445388794,800.0,798.8451667429704,225,0.225,none,294736942685.13135,0.24424424424424424,488,1998,0.23623623623623624,0.25225225225225223
三维高密度场景,3,1200,All_High,0.4,0.06,0.14,custom_pid,4,True,3422.9451931334406,12.065448999404907,1000,1907,44.750203372162346,82.90789824246596,8.818182945251465,800.0,806.6252839500783,224,0.224,none,287767616570.50934,0.24374374374374375,487,1998,0.24024024024024024,0.24724724724724725
三维高密度场景,3,1200,All_High,0.4,0.06,0.14,custom_pid,5,True,3257.7664223124175,12.356732606887817,1000,1946,49.26338882032188,109.31935157808115,9.041622638702393,800.0,783.4690948848425,251,0.251,none,285553199979.4274,0.24524524524524524,490,1998,0.23423423423423423,0.25625625625625625
三维高密度场景,3,1200,All_High,0.4,0.06,0.14,custom_pid,6,True,3108.980811986732,2.2875258922576904,282,542,49.39013909064756,84.98554682401131,0.6094315052032471,82.0,631.5783383319774,60,0.2127659574468085,none,284036965687.5387,0.22953736654804271,129,562,0.24555160142348753,0.21352313167259787
三维高密度场景,3,1200,All_High,0.4,0.06,0.14,custom_pid,7,True,3328.1682260924154,12.248363018035889,1000,1919,46.83250291918104,77.35370784427417,8.981889009475708,800.0,781.7033292764308,253,0.253,none,280009199424.616,0.25175175175175174,503,1998,0.2502502502502503,0.25325325325325326
三维高密度场景,3,1200,All_High,0.4,0.06,0.14,custom_pid,8,True,3335.701470690072,2.1280031204223633,265,507,47.13066215143146,90.15949979061901,0.48468661308288574,65.0,661.1297088458523,47,0.17735849056603772,none,284427862462.1181,0.25946969696969696,137,528,0.2765151515151515,0.24242424242424243
三维高密度场景,3,1200,All_High,0.4,0.06,0.14,custom_pid,9,True,3480.6986899356148,4.49405312538147,495,961,46.18348242389274,98.27841824027176,2.421869993209839,295.0,670.4779589290148,89,0.1797979797979798,none,284666144742.59393,0.26214574898785425,259,988,0.2408906882591093,0.2834008097165992
三维高密度场景,3,1200,All_High,0.4,0.06,0.14,custom_pid,10,True,3473.241713973749,12.23442029953003,1000,1925,45.9366835294368,96.99965843310166,8.936020374298096,800.0,809.640391287884,240,0.24,none,285557623450.4013,0.23473473473473475,469,1998,0.24524524524524524,0.22422422422422422
三维高密度场景,3,1200,All_High,0.4,0.06,0.14,custom_pid,11,True,3066.9734509268737,12.349757432937622,1000,1948,44.09221724113851,119.12398651812242,9.0407395362854,800.0,829.8689168494521,249,0.249,none,286831555916.66034,0.2677677677677678,535,1998,0.26626626626626626,0.26926926926926925
三维高密度场景,3,1200,All_High,0.4,0.06,0.14,custom_pid,12,True,3666.146184345649,12.240626811981201,1000,1929,40.388877760035264,86.14454412749282,8.952975511550903,800.0,772.8970416368961,216,0.216,none,284931225576.0918,0.23923923923923923,478,1998,0.23923923923923923,0.23923923923923923
三维高密度场景,3,1200,All_High,0.4,0.06,0.14,custom_pid,13,True,4624.065102673126,12.363197326660156,1000,1927,49.467495981636006,95.60290657747669,9.056678771972656,800.0,786.8427072734686,219,0.219,none,287468918856.28125,0.25875875875875876,517,1998,0.24124124124124124,0.27627627627627627
三维高密度场景,3,1200,All_High,0.4,0.06,0.14,custom_pid,14,True,2909.0757860668336,12.033782958984375,1000,1888,45.1975919532667,97.87089038384971,8.818684577941895,800.0,779.130403022567,216,0.216,none,275264405453.51526,0.22772772772772773,455,1998,0.21521521521521522,0.24024024024024024
三维高密度场景,3,1200,All_High,0.4,0.06,0.14,custom_pid,15,True,3075.413800588588,12.254262924194336,1000,1925,49.27387738997055,105.68304104120004,8.975192070007324,800.0,788.1554895050468,237,0.237,none,290120840212.7262,0.22972972972972974,459,1998,0.24224224224224225,0.2172172172172172
三维高密度场景,3,1200,All_High,0.4,0.06,0.14,custom_pid,16,True,3247.5495259754025,12.193750858306885,1000,1939,48.94260434604955,95.00587332604606,8.885713338851929,800.0,775.7627778372083,256,0.256,none,282134187265.14777,0.24574574574574576,491,1998,0.23723723723723725,0.25425425425425424
三维高密度场景,3,1200,All_High,0.4,0.06,0.14,custom_pid,17,True,3148.7820735965306,12.457409620285034,1000,1952,42.10645737694783,83.60814629637449,9.142438888549805,800.0,784.375925656478,249,0.249,none,281373771104.75055,0.24874874874874875,497,1998,0.24524524524524524,0.25225225225225223
三维高密度场景,3,1200,All_High,0.4,0.06,0.14,custom_pid,18,True,3165.5500284125164,12.254562854766846,1000,1914,46.759696674820084,89.59488743495041,8.991372108459473,800.0,775.6492555261607,232,0.232,none,288200123485.7215,0.24474474474474475,489,1998,0.23723723723723725,0.25225225225225223
三维高密度场景,3,1200,All_High,0.4,0.06,0.14,custom_pid,19,True,3851.0958069533167,11.990127801895142,1000,1915,49.65617883367949,112.1526844765473,8.724643468856812,800.0,802.2192374004657,234,0.234,none,271452151178.55054,0.21771771771771772,435,1998,0.21421421421421422,0.22122122122122123
三维高密度场景,3,1200,All_High,0.4,0.06,0.14,custom_pid,20,True,3986.603400547471,12.406351089477539,1000,1939,43.64128928657886,87.32305507618865,9.100827932357788,800.0,821.861407178178,234,0.234,none,283681045149.3098,0.24924924924924924,498,1998,0.2502502502502503,0.24824824824824826
三维高密度场景,3,1200,All_High,0.4,0.06,0.14,custom_pid,21,True,3509.7475088918054,12.214102506637573,1000,1930,49.06822542020197,98.10837128418281,8.923199653625488,800.0,814.9116335004745,221,0.221,none,277939861287.41614,0.25375375375375375,507,1998,0.25225225225225223,0.2552552552552553
三维高密度场景,3,1200,All_High,0.4,0.06,0.14,custom_pid,22,True,3798.3003939205128,12.404757976531982,1000,1923,49.0764926653511,92.54995800608646,9.138591766357422,800.0,824.5616216803722,218,0.218,none,286313291138.44946,0.23973973973973975,479,1998,0.24224224224224225,0.23723723723723725
三维高密度场景,3,1200,All_High,0.4,0.06,0.14,custom_pid,23,True,3277.387784328644,2.265185594558716,278,537,45.77754457873281,88.89999011174696,0.5882101058959961,78.0,602.2793237189377,60,0.2158273381294964,none,284295545009.93665,0.26173285198555957,145,554,0.2743682310469314,0.2490974729241877
三维高密度场景,3,1200,All_High,0.4,0.06,0.14,custom_pid,24,True,4335.933681722476,12.21166443824768,1000,1948,52.89179252724645,92.50197684640823,8.89736795425415,800.0,803.4110292749008,227,0.227,none,286204249441.72394,0.23323323323323322,466,1998,0.24424424424424424,0.2222222222222222
三维高密度场景,3,1200,All_High,0.4,0.06,0.14,custom_pid,25,True,2995.2622534893794,12.344602346420288,1000,1928,47.872753233630796,95.81308644045876,9.060105323791504,800.0,803.554241743554,241,0.241,none,286569821663.00104,0.24674674674674674,493,1998,0.2602602602602603,0.23323323323323322
三维高密度场景,3,1200,All_High,0.4,0.06,0.14,custom_pid,26,True,4931.554018758521,12.14499831199646,1000,1925,49.56361388382401,82.20176614608503,8.862501621246338,800.0,799.1416117139053,212,0.212,none,289829755838.1004,0.23823823823823823,476,1998,0.23123123123123124,0.24524524524524524
三维高密度场景,3,1200,All_High,0.4,0.06,0.14,custom_pid,27,True,3435.755453716018,12.226775646209717,1000,1929,42.74508588169895,103.89693714395315,8.937832355499268,800.0,762.6319895997528,244,0.244,none,285065550848.85016,0.23673673673673673,473,1998,0.23123123123123124,0.24224224224224225
三维高密度场景,3,1200,All_High,0.4,0.06,0.14,custom_pid,28,True,3383.80153917719,8.35320782661438,795,1522,50.77621486186521,93.89980674351571,5.540481805801392,595.0,764.3005936711982,171,0.21509433962264152,none,279525908960.2235,0.24181360201511334,384,1588,0.24307304785894207,0.24055415617128464
三维高密度场景,3,1200,All_High,0.4,0.06,0.14,custom_pid,29,True,3025.3905710935937,2.070930004119873,258,494,47.062929461833775,87.08379230595266,0.42791199684143066,58.0,637.265368073836,56,0.21705426356589147,none,283768003206.61304,0.2898832684824903,149,514,0.26848249027237353,0.311284046692607
三维高密度场景,3,1200,All_High,0.4,0.06,0.14,custom_pid,30,True,3128.1355910605575,2.1342995166778564,263,515,47.31789377675001,98.1794733032544,0.46706414222717285,63.0,650.4457529404036,57,0.21673003802281368,none,284468808505.6997,0.26717557251908397,140,524,0.2900763358778626,0.24427480916030533
三维高密度场景,3,1200,High_Kp_Kd,0.35,0.02,0.14,custom_pid,1,True,3275.239134818832,7.539184808731079,738,1423,48.53854587016944,104.47189374493671,4.893988132476807,538.0,759.1614733769694,159,0.21544715447154472,none,213339233940.3583,0.2876526458616011,424,1474,0.2781546811397558,0.2971506105834464
三维高密度场景,3,1200,High_Kp_Kd,0.35,0.02,0.14,custom_pid,2,True,3493.9926472383995,12.339814186096191,1000,1930,44.41544273499756,105.04553338987328,9.04886531829834,800.0,816.7550587852957,241,0.241,none,216309955386.59274,0.29179179179179177,583,1998,0.29429429429429427,0.28928928928928926
三维高密度场景,3,1200,High_Kp_Kd,0.35,0.02,0.14,custom_pid,3,True,3300.44868355168,12.41868257522583,1000,1937,49.527977738294375,90.59943922858392,9.116538286209106,800.0,799.3087422593305,233,0.233,none,216057766546.67178,0.2707707707707708,541,1998,0.25925925925925924,0.2822822822822823
三维高密度场景,3,1200,High_Kp_Kd,0.35,0.02,0.14,custom_pid,4,True,3695.0452283768786,12.25481367111206,1000,1930,50.359411681165206,94.6498201965221,8.96028995513916,800.0,834.6481674575424,238,0.238,none,214353682794.24506,0.2877877877877878,575,1998,0.29429429429429427,0.28128128128128127
三维高密度场景,3,1200,High_Kp_Kd,0.35,0.02,0.14,custom_pid,5,True,3187.755393403898,12.25059986114502,1000,1935,48.823674987180574,83.41296586378107,8.957117795944214,800.0,817.3124436121194,236,0.236,none,222909891245.07544,0.27677677677677676,553,1998,0.25725725725725723,0.2962962962962963
三维高密度场景,3,1200,High_Kp_Kd,0.35,0.02,0.14,custom_pid,6,True,3223.1597478382882,2.064915657043457,261,494,53.69933034863807,104.02725072185306,0.46013689041137695,61.0,591.3387657395124,62,0.23754789272030652,none,212784344109.12964,0.2403846153846154,125,520,0.23076923076923078,0.25
三维高密度场景,3,1200,High_Kp_Kd,0.35,0.02,0.14,custom_pid,7,True,3749.106650051527,12.292487859725952,1000,1919,50.54220803430373,96.52870685969951,9.009235620498657,800.0,817.7525764576764,248,0.248,none,213623553314.6971,0.27377377377377377,547,1998,0.2872872872872873,0.2602602602602603
三维高密度场景,3,1200,High_Kp_Kd,0.35,0.02,0.14,custom_pid,8,True,3626.425516251691,12.410323143005371,1000,1932,52.87209469606556,100.07633068958286,9.113465309143066,800.0,825.6207679247293,235,0.235,none,215778430669.94095,0.27427427427427425,548,1998,0.27427427427427425,0.27427427427427425
三维高密度场景,3,1200,High_Kp_Kd,0.35,0.02,0.14,custom_pid,9,True,3155.1916008032067,2.0358214378356934,253,491,48.78163372505515,87.27753647398369,0.39756131172180176,53.0,603.6809532193757,45,0.17786561264822134,none,212050133867.33157,0.25,126,504,0.25,0.25
三维高密度场景,3,1200,High_Kp_Kd,0.35,0.02,0.14,custom_pid,10,True,2903.688237642543,12.214816331863403,1000,1926,45.72777481122629,97.11455360010768,8.914580345153809,800.0,853.8219754835883,227,0.227,none,220115187883.901,0.2857857857857858,571,1998,0.2962962962962963,0.2752752752752753
三维高密度场景,3,1200,High_Kp_Kd,0.35,0.02,0.14,custom_pid,11,True,3566.5388036993277,12.327442407608032,1000,1934,45.985542843778305,105.74091440185676,9.039915800094604,800.0,806.8297557445129,240,0.24,none,218374425704.18002,0.2902902902902903,580,1998,0.2822822822822823,0.2982982982982983
三维高密度场景,3,1200,High_Kp_Kd,0.35,0.02,0.14,custom_pid,12,True,3468.1758330424564,12.258446216583252,1000,1922,43.73743960542309,125.62197403384235,8.976140975952148,800.0,806.3915672203319,230,0.23,none,208994382710.62775,0.27627627627627627,552,1998,0.26626626626626626,0.2862862862862863
三维高密度场景,3,1200,High_Kp_Kd,0.35,0.02,0.14,custom_pid,13,True,3012.1966970185713,10.68886423110962,918,1779,45.671941614025904,82.12377321381345,7.286905527114868,718.0,799.7527205889825,218,0.2374727668845316,none,211071502715.42828,0.27262813522355506,500,1834,0.2802617230098146,0.2649945474372955
三维高密度场景,3,1200,High_Kp_Kd,0.35,0.02,0.14,custom_pid,14,True,4042.3692201285835,12.467169761657715,1000,1951,54.03542789883478,106.81862392342673,9.144025564193726,800.0,825.969191386655,220,0.22,none,212683445501.67535,0.2887887887887888,577,1998,0.2932932932932933,0.28428428428428426
三维高密度场景,3,1200,High_Kp_Kd,0.35,0.02,0.14,custom_pid,15,True,3157.422405445856,12.213316440582275,1000,1926,46.52867729592012,101.56678362875017,8.932342529296875,800.0,809.5009896987311,236,0.236,none,219688012303.63925,0.2782782782782783,556,1998,0.26626626626626626,0.2902902902902903
三维高密度场景,3,1200,High_Kp_Kd,0.35,0.02,0.14,custom_pid,16,True,3266.4418122458824,11.339409828186035,949,1814,44.18954761023307,87.08046489799158,7.663118362426758,749.0,803.476944955319,225,0.23709167544783982,none,209697355622.2992,0.2842827004219409,539,1896,0.2890295358649789,0.2795358649789029
三维高密度场景,3,1200,High_Kp_Kd,0.35,0.02,0.14,custom_pid,17,True,3838.979147362372,12.286707639694214,1000,1926,51.79781336521711,89.122534761596,8.998156070709229,800.0,833.6448604491814,238,0.238,none,215474358808.58356,0.27427427427427425,548,1998,0.2832832832832833,0.2652652652652653
三维高密度场景,3,1200,High_Kp_Kd,0.35,0.02,0.14,custom_pid,18,True,3679.8057536176666,12.393253564834595,1000,1931,47.74397493880275,107.54846901833676,9.100257158279419,800.0,849.9258952591739,220,0.22,none,212098761541.52435,0.2832832832832833,566,1998,0.2882882882882883,0.2782782782782783
三维高密度场景,3,1200,High_Kp_Kd,0.35,0.02,0.14,custom_pid,19,True,3257.5761078710775,12.350690841674805,1000,1927,43.327235665677875,98.84661846180984,9.06380295753479,800.0,802.7884196819998,219,0.219,none,220980257576.63663,0.2827827827827828,565,1998,0.27127127127127126,0.29429429429429427
三维高密度场景,3,1200,High_Kp_Kd,0.35,0.02,0.14,custom_pid,20,True,4142.408941842356,12.183339834213257,1000,1923,51.852775513674054,107.5916262627181,8.897644996643066,800.0,822.5767018545995,230,0.23,none,207919549418.9998,0.27177177177177175,543,1998,0.26626626626626626,0.2772772772772773
三维高密度场景,3,1200,High_Kp_Kd,0.35,0.02,0.14,custom_pid,21,True,3859.5952967136045,12.079681396484375,1000,1908,47.41210746493459,92.40086979831092,8.81216287612915,800.0,825.9390061095744,220,0.22,none,219379832916.11008,0.2957957957957958,591,1998,0.2932932932932933,0.2982982982982983
三维高密度场景,3,1200,High_Kp_Kd,0.35,0.02,0.14,custom_pid,22,True,2993.5104733620647,12.214019775390625,1000,1910,47.95009002457645,102.58137286190674,8.95418643951416,800.0,825.0322465535484,227,0.227,none,209626140677.76706,0.28378378378378377,567,1998,0.29429429429429427,0.2732732732732733
三维高密度场景,3,1200,High_Kp_Kd,0.35,0.02,0.14,custom_pid,23,True,3479.8543544863337,12.32257342338562,1000,1932,46.62360948846004,91.92854135951634,9.015773296356201,800.0,830.8385106558737,261,0.261,none,222476221445.64493,0.2857857857857858,571,1998,0.2862862862862863,0.2852852852852853
三维高密度场景,3,1200,High_Kp_Kd,0.35,0.02,0.14,custom_pid,24,True,3002.9510894319615,12.286898374557495,1000,1937,44.05499958357897,101.90379038566522,8.98909616470337,800.0,780.3321784140423,232,0.232,none,210279787302.73495,0.2552552552552553,510,1998,0.25125125125125125,0.25925925925925924
三维高密度场景,3,1200,High_Kp_Kd,0.35,0.02,0.14,custom_pid,25,True,3579.9516894949816,10.08485722541809,865,1685,50.3283395150753,105.81558718004202,6.555853366851807,665.0,791.2565991030382,194,0.22427745664739884,none,217545546907.99008,0.2980324074074074,515,1728,0.28935185185185186,0.30671296296296297
三维高密度场景,3,1200,High_Kp_Kd,0.35,0.02,0.14,custom_pid,26,True,4003.2823058489375,12.322950601577759,1000,1937,49.73362035478794,98.15854106356967,9.025071144104004,800.0,842.2088588043313,225,0.225,none,218551349903.39267,0.2947947947947948,589,1998,0.29429429429429427,0.2952952952952953
三维高密度场景,3,1200,High_Kp_Kd,0.35,0.02,0.14,custom_pid,27,True,3009.040703034108,12.251578569412231,1000,1937,53.051338518886666,91.90150403835663,8.95107388496399,800.0,854.13879590753,244,0.244,none,207553280785.87335,0.2847847847847848,569,1998,0.3033033033033033,0.26626626626626626
三维高密度场景,3,1200,High_Kp_Kd,0.35,0.02,0.14,custom_pid,28,True,3433.916129179408,12.397597074508667,1000,1939,51.576730898876264,132.64348186578576,9.090683460235596,800.0,805.2552146859058,222,0.222,none,212738643631.9691,0.2702702702702703,540,1998,0.26226226226226224,0.2782782782782783
三维高密度场景,3,1200,High_Kp_Kd,0.35,0.02,0.14,custom_pid,29,True,3611.961374186286,12.329474925994873,1000,1919,46.05549476386446,154.38374087706114,9.059908866882324,800.0,830.8922162685959,236,0.236,none,223588074561.3828,0.28178178178178176,563,1998,0.27427427427427425,0.28928928928928926
三维高密度场景,3,1200,High_Kp_Kd,0.35,0.02,0.14,custom_pid,30,True,3339.354713340962,12.270314455032349,1000,1937,50.735481799858825,90.09802540666958,8.981228828430176,800.0,830.9835944474744,227,0.227,none,216835503464.35995,0.28428428428428426,568,1998,0.2832832832832833,0.2852852852852853
三维高密度场景,3,1200,High_Ki,0.15,0.06,0.08,custom_pid,1,True,3337.974666111538,12.39299750328064,1000,1925,48.87670384715157,104.54279698917486,9.10196328163147,800.0,763.8305063962323,222,0.222,none,286588250412.46606,0.22672672672672672,453,1998,0.22922922922922923,0.22422422422422422
三维高密度场景,3,1200,High_Ki,0.15,0.06,0.08,custom_pid,2,True,2949.465799942103,11.124082088470459,937,1786,47.426233668768056,109.00095220898929,7.4377968311309814,737.0,780.9635832543523,217,0.23159018143009605,none,284100785763.3514,0.24252136752136752,454,1872,0.24786324786324787,0.23717948717948717
三维高密度场景,3,1200,High_Ki,0.15,0.06,0.08,custom_pid,3,True,2955.7507700835845,12.21726369857788,1000,1932,46.84522620791415,101.68198284405844,8.925113201141357,800.0,784.2284667038164,230,0.23,none,284088442591.9408,0.26226226226226224,524,1998,0.24824824824824826,0.27627627627627627
三维高密度场景,3,1200,High_Ki,0.15,0.06,0.08,custom_pid,4,True,3513.476895196494,12.173233032226562,1000,1938,46.960107571015776,89.33107603561918,8.877735137939453,800.0,835.0726881459489,237,0.237,none,290019990223.95984,0.24724724724724725,494,1998,0.25325325325325326,0.24124124124124124
三维高密度场景,3,1200,High_Ki,0.15,0.06,0.08,custom_pid,5,True,3268.4124211320946,4.654815196990967,512,985,45.02068957604957,108.1441132862077,2.5972659587860107,312.0,698.9533034974008,109,0.212890625,none,277563750571.7821,0.2455968688845401,251,1022,0.2563600782778865,0.23483365949119372
三维高密度场景,3,1200,High_Ki,0.15,0.06,0.08,custom_pid,6,True,2993.3102003382055,12.165245532989502,1000,1925,53.15773483803625,89.0150876627261,8.882909536361694,800.0,806.9061961335011,244,0.244,none,271375562990.50513,0.24924924924924924,498,1998,0.2722722722722723,0.22622622622622623
三维高密度场景,3,1200,High_Ki,0.15,0.06,0.08,custom_pid,7,True,3440.670551780764,12.114722967147827,1000,1923,46.66350706460975,91.73352766807511,8.838077306747437,800.0,784.333871463061,246,0.246,none,279972189579.18066,0.23873873873873874,477,1998,0.22622622622622623,0.25125125125125125
三维高密度场景,3,1200,High_Ki,0.15,0.06,0.08,custom_pid,8,True,3004.8612836273333,12.260254144668579,1000,1918,45.004870538423546,90.3487394213981,8.98878788948059,800.0,809.8041807003141,209,0.209,none,281300139506.6962,0.25375375375375375,507,1998,0.2602602602602603,0.24724724724724725
三维高密度场景,3,1200,High_Ki,0.15,0.06,0.08,custom_pid,9,True,3921.664516102811,11.999066829681396,1000,1917,47.63635816053044,89.33877058800361,8.746238231658936,800.0,800.4024106502778,235,0.235,none,289847632606.56537,0.24624624624624625,492,1998,0.22722722722722724,0.2652652652652653
三维高密度场景,3,1200,High_Ki,0.15,0.06,0.08,custom_pid,10,True,3620.961592901171,12.20837950706482,1000,1934,49.96674728715153,113.58292404279372,8.918136835098267,800.0,823.4188338601062,237,0.237,none,290128615279.88336,0.25425425425425424,508,1998,0.2602602602602603,0.24824824824824826
三维高密度场景,3,1200,High_Ki,0.15,0.06,0.08,custom_pid,11,True,3690.2842580607867,12.32077431678772,1000,1924,48.00346048284167,98.59640101177037,9.047649621963501,800.0,784.8699076814266,240,0.24,none,277876434189.0201,0.24224224224224225,484,1998,0.25125125125125125,0.23323323323323322
三维高密度场景,3,1200,High_Ki,0.15,0.06,0.08,custom_pid,12,True,2991.9762062792865,12.112850666046143,1000,1920,49.589589084455596,113.90057742201975,8.849929332733154,800.0,821.7107323544909,235,0.235,none,297079373163.6557,0.24974974974974976,499,1998,0.25625625625625625,0.24324324324324326
三维高密度场景,3,1200,High_Ki,0.15,0.06,0.08,custom_pid,13,True,3272.837821160919,12.151285171508789,1000,1918,49.59092562156199,104.44659614590945,8.886319398880005,800.0,779.2859717476747,219,0.219,none,285828919038.06903,0.25475475475475473,509,1998,0.25125125125125125,0.25825825825825827
三维高密度场景,3,1200,High_Ki,0.15,0.06,0.08,custom_pid,14,True,3305.0056901193843,12.342798948287964,1000,1932,47.05632881569458,101.07071492918547,9.051918268203735,800.0,772.9994514635086,219,0.219,none,285321628068.30927,0.24924924924924924,498,1998,0.24424424424424424,0.25425425425425424
三维高密度场景,3,1200,High_Ki,0.15,0.06,0.08,custom_pid,15,True,3534.281069157881,5.127592325210571,567,1060,48.01558408881775,92.132813082059,3.0573463439941406,367.0,711.3946029045865,118,0.20811287477954143,none,284716964616.4741,0.2588339222614841,293,1132,0.23851590106007067,0.2791519434628975
三维高密度场景,3,1200,High_Ki,0.15,0.06,0.08,custom_pid,16,True,2662.9677090413365,12.192348957061768,1000,1921,46.960818793120175,107.29347936953755,8.91303014755249,800.0,817.2607679658287,268,0.268,none,270746681382.5209,0.25325325325325326,506,1998,0.26426426426426425,0.24224224224224225
三维高密度场景,3,1200,High_Ki,0.15,0.06,0.08,custom_pid,17,True,3441.8396259073497,12.18077278137207,1000,1906,51.33011426543715,95.97519925648507,8.941513061523438,800.0,862.7530623888482,216,0.216,none,288773197632.2073,0.2727727727727728,545,1998,0.27127127127127126,0.27427427427427425
三维高密度场景,3,1200,High_Ki,0.15,0.06,0.08,custom_pid,18,True,3742.2586498857386,12.214324474334717,1000,1899,44.235095510055494,123.148606203658,8.987945556640625,800.0,828.8675705373889,252,0.252,none,286418459453.51843,0.25225225225225223,504,1998,0.26326326326326327,0.24124124124124124
三维高密度场景,3,1200,High_Ki,0.15,0.06,0.08,custom_pid,19,True,3283.8270883971363,12.017935991287231,1000,1916,44.79390559356545,73.40667464593658,8.747583866119385,800.0,806.7762063516542,207,0.207,none,289465332307.7069,0.24874874874874875,497,1998,0.2552552552552553,0.24224224224224225
三维高密度场景,3,1200,High_Ki,0.15,0.06,0.08,custom_pid,20,True,3320.7528207821124,12.19076943397522,1000,1918,51.74253944648426,101.79312465932024,8.936844825744629,800.0,790.9982367566519,226,0.226,none,276025020025.2675,0.24674674674674674,493,1998,0.24524524524524524,0.24824824824824826
三维高密度场景,3,1200,High_Ki,0.15,0.06,0.08,custom_pid,21,True,3231.002173560113,12.285745620727539,1000,1945,47.076247181686874,107.95145539449095,8.981907367706299,800.0,780.2164526591963,231,0.231,none,288637893752.5868,0.25225225225225223,504,1998,0.24224224224224225,0.26226226226226224
三维高密度场景,3,1200,High_Ki,0.15,0.06,0.08,custom_pid,22,True,3312.2398702288947,12.018463134765625,1000,1900,55.761343706481554,118.79516897382109,8.77844500541687,800.0,839.1645684742734,235,0.235,none,276812735839.98486,0.26226226226226224,524,1998,0.26626626626626626,0.25825825825825827
三维高密度场景,3,1200,High_Ki,0.15,0.06,0.08,custom_pid,23,True,3730.1064272022413,3.4554948806762695,403,780,47.10894305798323,86.58258770492913,1.5870740413665771,203.0,680.9840059671712,76,0.18858560794044665,none,288488148939.8141,0.27238805970149255,219,804,0.25870646766169153,0.2860696517412935
三维高密度场景,3,1200,High_Ki,0.15,0.06,0.08,custom_pid,24,True,3993.1053410408044,12.178890228271484,1000,1923,48.353192296659266,111.3876052064452,8.903535842895508,800.0,813.8936309392353,261,0.261,none,286387654102.6442,0.2682682682682683,536,1998,0.2882882882882883,0.24824824824824826
三维高密度场景,3,1200,High_Ki,0.15,0.06,0.08,custom_pid,25,True,3576.5927152891927,12.166908979415894,1000,1925,49.96815973394622,99.69092333362133,8.900566577911377,800.0,792.399508709041,229,0.229,none,290235535113.0638,0.23973973973973975,479,1998,0.23923923923923923,0.24024024024024024
三维高密度场景,3,1200,High_Ki,0.15,0.06,0.08,custom_pid,26,True,4186.715813123191,12.31712293624878,1000,1940,46.29621956156085,102.5852388485604,9.00826382637024,800.0,850.1407866072518,268,0.268,none,274291304795.29257,0.25825825825825827,516,1998,0.27427427427427425,0.24224224224224225
三维高密度场景,3,1200,High_Ki,0.15,0.06,0.08,custom_pid,27,True,3621.8580086779984,12.249220609664917,1000,1935,59.95049394035455,338.01774905655634,8.962694644927979,800.0,802.8169999350672,236,0.236,none,288737005238.1425,0.24474474474474475,489,1998,0.26226226226226224,0.22722722722722724
三维高密度场景,3,1200,High_Ki,0.15,0.06,0.08,custom_pid,28,True,2681.2970131645643,12.124735593795776,1000,1932,38.66577562417929,108.64220185948727,8.829739093780518,800.0,781.5625470997225,237,0.237,none,284236911187.1313,0.2552552552552553,510,1998,0.25125125125125125,0.25925925925925924
三维高密度场景,3,1200,High_Ki,0.15,0.06,0.08,custom_pid,29,True,3367.7204507358297,12.274086952209473,1000,1949,49.01609013356691,99.95717678102113,8.958624839782715,800.0,777.7376014068565,244,0.244,none,280988243799.73193,0.25625625625625625,512,1998,0.25125125125125125,0.26126126126126126
三维高密度场景,3,1200,High_Ki,0.15,0.06,0.08,custom_pid,30,True,2989.352650156561,12.376448392868042,1000,1941,48.76785584059228,88.30883847438787,9.061660051345825,800.0,813.607759878649,227,0.227,none,278667063046.36597,0.23523523523523523,470,1998,0.25625625625625625,0.21421421421421422
